geometry,bottom_mode,profile,window,stop_code,solver_status,solver_route,steps,completed,iterations,transfer_cm,bottom_cm,storage_change_cm,ledger_residual_cm,max_step_soil_residual_cm,first_transfer_cm,cpu_seconds,history,external_calls,flux_calls,head_calls,evaluations,within_solve_switches,accepted_regime_switches,h_min,h_max,theta_min,theta_max,water_l1_diff_cm,head_inf_diff_cm
3,7,1,1,0,1,legacy-reference-bound,1,1,5, -6.1577033610379062E-01, -1.3814059861117832E-02,  6.0195627624264603E-01, -2.6758109616942249E-14,  1.1275702593849246E-16, -6.1577033610379062E-01,  1.5600000000000011E-04,1,6,0,6,6,0,0, -1.2299999992435363E+02,  6.2182069883811519E-01,  3.0672347322635352E-01,  4.2299999999999999E-01, -1.0000000000000000E+00, -1.0000000000000000E+00
3,7,1,1,0,1,legacy-reference-bound,2,2,10, -9.6559134526440682E-01, -1.3814059840961321E-02,  9.5177728542342876E-01, -1.6733142649272281E-14,  1.5872719805187785E-16, -4.9025790906954170E-01,  1.2700000000000016E-04,1,12,0,12,12,0,0, -1.2299999999973332E+02,  2.6929802906344180E-01,  3.0672347317452830E-01,  4.2299999999999999E-01,  3.5104297604833995E-01,  5.4628689357404063E+01
3,7,1,1,0,1,legacy-reference-bound,4,4,70, -1.4292182482824916E+00, -1.3814059840923827E-02,  1.4154041884416415E+00,  7.3781258880245559E-14,  5.2357423951931992E-14, -4.0821115934742452E-01,  8.5800000000000004E-04,1,74,0,74,74,0,0, -1.2299999999999963E+02, -1.5918718588627367E-01,  3.0672347317434512E-01,  4.2298394169696196E-01,  4.6420909371344754E-01,  6.2857690580824780E+01
3,7,1,1,0,1,legacy-reference-bound,8,8,120, -1.8423908587268290E+00, -1.3814059840923806E-02,  1.8285767988858908E+00, -1.4391265956703592E-14,  1.5603837666411380E-14, -3.5511776396822670E-01,  1.2499999999999998E-03,1,128,0,128,128,0,0, -1.2300000000000001E+02, -2.8851001708706719E-01,  3.0672347317434490E-01,  4.2296185777961948E-01,  4.1463756924259076E-01,  5.4646391228920436E+01
3,7,1,1,0,1,legacy-reference-bound,16,16,232, -2.0774658891843809E+00, -1.3814059840923810E-02,  2.0636518293433852E+00, -7.1897349185334747E-14,  1.2792718273590964E-14, -3.1841444655005247E-01,  2.4599999999999999E-03,1,248,0,248,248,0,0, -1.2300000000000001E+02, -2.8041417304358146E-01,  3.0672347317434490E-01,  4.2296340477545835E-01,  2.3507590327386585E-01,  3.1947384776722814E+01
3,7,1,1,0,1,legacy-reference-bound,32,32,454, -2.2017247219435543E+00, -1.3814059840923815E-02,  2.1879106621025528E+00, -7.7665304742957630E-14,  1.2314368275090359E-14, -2.8426962503224157E-01,  4.8169999999999992E-03,1,486,0,486,486,0,0, -1.2300000000000001E+02, -2.6820922924627016E-01,  3.0672347317434490E-01,  4.2296569873930878E-01,  1.2425918964458688E-01,  1.6003840411468047E+01
3,7,1,1,0,1,legacy-reference-bound,64,64,856, -2.2670721918562289E+00, -1.3814059840923794E-02,  2.2532581320152261E+00, -7.9018389054219540E-14,  1.1524852253086415E-14, -2.3934760739419964E-01,  9.1109999999999993E-03,1,920,0,920,920,0,0, -1.2300000000000000E+02, -2.6011502647748458E-01,  3.0672347317434490E-01,  4.2296719424579909E-01,  6.5347614263880083E-02,  8.1179624373250476E+00
3,7,1,1,0,1,legacy-reference-bound,128,128,1600, -2.3012741500403817E+00, -1.3814059840923780E-02,  2.2874600901993674E+00, -9.0578586298128982E-14,  1.0074298166518059E-14, -1.8300877201453405E-01,  1.8565999999999999E-02,1,1728,0,1728,1728,0,0, -1.2300000000000000E+02, -2.5534760885285246E-01,  3.0672347317434490E-01,  4.2296806528075981E-01,  3.4202002742280413E-02,  3.8699802427367871E+00
3,7,1,1,0,1,legacy-reference-bound,256,256,2962, -2.3189967454637541E+00, -1.3814059840923773E-02,  2.3051826856227535E+00, -7.6818759686680949E-14,  3.5369385371908368E-15, -1.2670500569860735E-01,  3.2171999999999999E-02,1,3218,0,3218,3218,0,0, -1.2300000000000000E+02, -2.5269824572501787E-01,  3.0672347317434490E-01,  4.2296854615795254E-01,  1.7722614672716908E-02,  2.0447024710858699E+00
3,7,1,1,0,1,legacy-reference-bound,512,512,5394, -2.3280809730958940E+00, -1.3814059840923962E-02,  2.3142669132548761E+00, -9.3949154011951919E-14,  4.5015261049968780E-15, -8.0182754747878476E-02,  6.0777000000000012E-02,1,5906,0,5906,5906,0,0, -1.2300000000000000E+02, -2.5128173216072386E-01,  3.0672347317434490E-01,  4.2296880232762513E-01,  9.0842362623230755E-03,  1.0605629599031801E+00
3,7,1,1,0,1,legacy-reference-bound,1024,1024,9684, -2.3326957515014435E+00, -1.3814059840923701E-02,  2.3188816916604864E+00, -3.3370875507365838E-14,  2.5049813568919777E-15, -4.6969069427893882E-02,  1.3110300000000000E-01,1,10708,0,10708,10708,0,0, -1.2300000000000014E+02, -2.5054395538148622E-01,  3.0672347317434479E-01,  4.2296893549151982E-01,  4.6147823761941154E-03,  5.4093919740566321E-01
3,7,1,1,0,1,legacy-reference-bound,2048,2048,17082, -2.3350248042276127E+00, -1.3814059840924282E-02,  2.3212107443866259E+00, -6.2543720202867803E-14,  1.8696185550247379E-15, -2.5898454019469282E-02,  1.9616899999999998E-01,1,19130,0,19130,19130,0,0, -1.2300000000000000E+02, -2.5016631250501015E-01,  3.0672347317434490E-01,  4.2296900358469613E-01,  2.3290546050191985E-03,  2.7341293448363047E-01
3,7,1,1,0,1,legacy-reference-bound,4096,4096,29795, -2.3361953503998678E+00, -1.3814059840924689E-02,  2.3223812905589512E+00,  8.0300349702966400E-15,  2.1750823527271618E-15, -1.3695567560400945E-02,  3.4024500000000002E-01,1,33891,0,33891,33891,0,0, -1.2300000000000000E+02, -2.4997506347023596E-01,  3.0672347317434490E-01,  4.2296903805119390E-01,  1.1705470815298602E-03,  1.3749446869996973E-01
3,7,1,1,0,1,legacy-reference-bound,1,1,5, -6.3577033610379063E-01, -1.3814059861117832E-02,  6.2195627624264560E-01, -2.7202198826792312E-14,  1.1275702593849246E-16, -6.3577033610379063E-01,  6.8000000000068006E-05,2,6,0,6,6,0,0, -1.2299999992435363E+02,  6.2182069883811519E-01,  3.0672347322635352E-01,  4.2299999999999999E-01, -1.0000000000000000E+00, -1.0000000000000000E+00
3,7,1,1,0,1,legacy-reference-bound,2,2,10, -9.8559134526440684E-01, -1.3814059840961321E-02,  9.7177728542342834E-01, -1.7177231859122344E-14,  1.5872719805187785E-16, -5.1025790906954172E-01,  1.1900000000009126E-04,2,12,0,12,12,0,0, -1.2299999999973332E+02,  2.6929802906344180E-01,  3.0672347317452830E-01,  4.2299999999999999E-01,  3.5104297604833995E-01,  5.4628689357404063E+01
3,7,1,1,0,1,legacy-reference-bound,4,4,70, -1.4492182482824916E+00, -1.3814059840923827E-02,  1.4354041884416411E+00,  7.3337169670395497E-14,  5.2357423951931992E-14, -4.2821115934742454E-01,  7.2600000000000442E-04,2,74,0,74,74,0,0, -1.2299999999999963E+02, -1.5918718588627367E-01,  3.0672347317434512E-01,  4.2298394169696196E-01,  4.6420909371344754E-01,  6.2857690580824780E+01
3,7,1,1,0,1,legacy-reference-bound,8,8,120, -1.8623908587268290E+00, -1.3814059840923806E-02,  1.8485767988858903E+00, -1.4835355166553654E-14,  1.5603837666411380E-14, -3.7511776396822671E-01,  1.2460000000000804E-03,2,128,0,128,128,0,0, -1.2300000000000001E+02, -2.8851001708706719E-01,  3.0672347317434490E-01,  4.2296185777961948E-01,  4.1463756924259076E-01,  5.4646391228920436E+01
3,7,1,1,0,1,legacy-reference-bound,16,16,232, -2.0974658891843809E+00, -1.3814059840923810E-02,  2.0836518293433848E+00, -7.2341438395184809E-14,  1.2792718273590964E-14, -3.3841444655005248E-01,  2.4340000000000472E-03,2,248,0,248,248,0,0, -1.2300000000000001E+02, -2.8041417304358146E-01,  3.0672347317434490E-01,  4.2296340477545835E-01,  2.3507590327386585E-01,  3.1947384776722814E+01
3,7,1,1,0,1,legacy-reference-bound,32,32,454, -2.2217247219435543E+00, -1.3814059840923815E-02,  2.2079106621025524E+00, -7.8109393952807693E-14,  1.2314368275090359E-14, -3.0426962503224159E-01,  4.7690000000000232E-03,2,486,0,486,486,0,0, -1.2300000000000001E+02, -2.6820922924627016E-01,  3.0672347317434490E-01,  4.2296569873930878E-01,  1.2425918964458688E-01,  1.6003840411468047E+01
3,7,1,1,0,1,legacy-reference-bound,64,64,856, -2.2870721918562285E+00, -1.3814059840923794E-02,  2.2732581320152256E+00, -7.9018389054219540E-14,  1.1524852253086415E-14, -2.5934760739419965E-01,  9.0330000000000688E-03,2,920,0,920,920,0,0, -1.2300000000000000E+02, -2.6011502647748458E-01,  3.0672347317434490E-01,  4.2296719424579909E-01,  6.5347614263880083E-02,  8.1179624373250476E+00
3,7,1,1,0,1,legacy-reference-bound,128,128,1600, -2.3212741500403813E+00, -1.3814059840923780E-02,  2.3074600901993669E+00, -9.0578586298128982E-14,  1.0074298166518059E-14, -2.0300877201453404E-01,  1.7064000000000079E-02,2,1728,0,1728,1728,0,0, -1.2300000000000000E+02, -2.5534760885285246E-01,  3.0672347317434490E-01,  4.2296806528075981E-01,  3.4202002742280413E-02,  3.8699802427367871E+00
3,7,1,1,0,1,legacy-reference-bound,256,256,2962, -2.3389967454637541E+00, -1.3814059840923773E-02,  2.3251826856227531E+00, -7.7262848896531011E-14,  3.5369385371908368E-15, -1.4670500569860734E-01,  3.1696999999999975E-02,2,3218,0,3218,3218,0,0, -1.2300000000000000E+02, -2.5269824572501787E-01,  3.0672347317434490E-01,  4.2296854615795254E-01,  1.7722614672716908E-02,  2.0447024710858699E+00
3,7,1,1,0,1,legacy-reference-bound,512,512,5394, -2.3480809730958945E+00, -1.3814059840923962E-02,  2.3342669132548757E+00, -9.4837332431652044E-14,  4.5015261049968780E-15, -1.0018275474787848E-01,  5.8776999999999968E-02,2,5906,0,5906,5906,0,0, -1.2300000000000000E+02, -2.5128173216072386E-01,  3.0672347317434490E-01,  4.2296880232762513E-01,  9.0842362623230755E-03,  1.0605629599031801E+00
3,7,1,1,0,1,legacy-reference-bound,1024,1024,9684, -2.3526957515014439E+00, -1.3814059840923701E-02,  2.3388816916604860E+00, -3.4259053927065963E-14,  2.5049813568919777E-15, -6.6969069427893879E-02,  1.0576300000000016E-01,2,10708,0,10708,10708,0,0, -1.2300000000000014E+02, -2.5054395538148622E-01,  3.0672347317434479E-01,  4.2296893549151982E-01,  4.6147823761941154E-03,  5.4093919740566321E-01
3,7,1,1,0,1,legacy-reference-bound,2048,2048,17082, -2.3550248042276141E+00, -1.3814059840924282E-02,  2.3412107443866255E+00, -6.4320077042268053E-14,  1.8696185550247379E-15, -4.5898454019469279E-02,  1.8986900000000007E-01,2,19130,0,19130,19130,0,0, -1.2300000000000000E+02, -2.5016631250501015E-01,  3.0672347317434490E-01,  4.2296900358469613E-01,  2.3290546050191985E-03,  2.7341293448363047E-01
3,7,1,1,0,1,legacy-reference-bound,4096,4096,29795, -2.3561953503998674E+00, -1.3814059840924689E-02,  2.3423812905589507E+00,  8.0300349702966400E-15,  2.1750823527271618E-15, -3.3695567560400944E-02,  3.3846500000000002E-01,2,33891,0,33891,33891,0,0, -1.2300000000000000E+02, -2.4997506347023596E-01,  3.0672347317434490E-01,  4.2296903805119390E-01,  1.1705470815298602E-03,  1.3749446869996973E-01
3,7,1,1,0,1,legacy-reference-bound,1,1,5, -6.3577033610379063E-01, -1.3814059861117832E-02,  6.2195627624264560E-01, -2.7202198826792312E-14,  1.1275702593849246E-16, -6.3577033610379063E-01,  6.8000000000179028E-05,3,6,0,6,6,0,0, -1.2299999992435363E+02,  6.2182069883811519E-01,  3.0672347322635352E-01,  4.2299999999999999E-01, -1.0000000000000000E+00, -1.0000000000000000E+00
3,7,1,1,0,1,legacy-reference-bound,2,2,10, -9.8559134526440684E-01, -1.3814059840961321E-02,  9.7177728542342834E-01, -1.7177231859122344E-14,  1.5872719805187785E-16, -5.1025790906954172E-01,  1.3299999999993872E-04,3,12,0,12,12,0,0, -1.2299999999973332E+02,  2.6929802906344180E-01,  3.0672347317452830E-01,  4.2299999999999999E-01,  3.5104297604833995E-01,  5.4628689357404063E+01
3,7,1,1,0,1,legacy-reference-bound,4,4,70, -1.4492182482824916E+00, -1.3814059840923827E-02,  1.4354041884416411E+00,  7.3337169670395497E-14,  5.2357423951931992E-14, -4.2821115934742454E-01,  7.1300000000018571E-04,3,74,0,74,74,0,0, -1.2299999999999963E+02, -1.5918718588627367E-01,  3.0672347317434512E-01,  4.2298394169696196E-01,  4.6420909371344754E-01,  6.2857690580824780E+01
3,7,1,1,0,1,legacy-reference-bound,8,8,120, -1.8623908587268290E+00, -1.3814059840923806E-02,  1.8485767988858903E+00, -1.4835355166553654E-14,  1.5603837666411380E-14, -3.7511776396822671E-01,  1.2769999999999726E-03,3,128,0,128,128,0,0, -1.2300000000000001E+02, -2.8851001708706719E-01,  3.0672347317434490E-01,  4.2296185777961948E-01,  4.1463756924259076E-01,  5.4646391228920436E+01
3,7,1,1,0,1,legacy-reference-bound,16,16,232, -2.0974658891843809E+00, -1.3814059840923810E-02,  2.0836518293433848E+00, -7.2341438395184809E-14,  1.2792718273590964E-14, -3.3841444655005248E-01,  2.4109999999999410E-03,3,248,0,248,248,0,0, -1.2300000000000001E+02, -2.8041417304358146E-01,  3.0672347317434490E-01,  4.2296340477545835E-01,  2.3507590327386585E-01,  3.1947384776722814E+01
3,7,1,1,0,1,legacy-reference-bound,32,32,454, -2.2217247219435543E+00, -1.3814059840923815E-02,  2.2079106621025524E+00, -7.8109393952807693E-14,  1.2314368275090359E-14, -3.0426962503224159E-01,  4.8310000000000297E-03,3,486,0,486,486,0,0, -1.2300000000000001E+02, -2.6820922924627016E-01,  3.0672347317434490E-01,  4.2296569873930878E-01,  1.2425918964458688E-01,  1.6003840411468047E+01
3,7,1,1,0,1,legacy-reference-bound,64,64,856, -2.2870721918562285E+00, -1.3814059840923794E-02,  2.2732581320152256E+00, -7.9018389054219540E-14,  1.1524852253086415E-14, -2.5934760739419965E-01,  9.0380000000001015E-03,3,920,0,920,920,0,0, -1.2300000000000000E+02, -2.6011502647748458E-01,  3.0672347317434490E-01,  4.2296719424579909E-01,  6.5347614263880083E-02,  8.1179624373250476E+00
3,7,1,1,0,1,legacy-reference-bound,128,128,1600, -2.3212741500403813E+00, -1.3814059840923780E-02,  2.3074600901993669E+00, -9.0578586298128982E-14,  1.0074298166518059E-14, -2.0300877201453404E-01,  1.6971999999999987E-02,3,1728,0,1728,1728,0,0, -1.2300000000000000E+02, -2.5534760885285246E-01,  3.0672347317434490E-01,  4.2296806528075981E-01,  3.4202002742280413E-02,  3.8699802427367871E+00
3,7,1,1,0,1,legacy-reference-bound,256,256,2954, -2.3338084271880835E+00, -1.3814059840923773E-02,  2.3199943673470536E+00, -1.0612864753678508E-13,  3.5589478412922926E-15,  0.0000000000000000E+00,  3.2319999999999904E-02,3,3206,4,3206,3210,0,1, -1.2300000000000000E+02, -2.5487129512282936E-01,  3.0672347317434490E-01,  4.2296815190286796E-01,  1.2534704261573937E-02,  1.5085775157208730E+00
3,7,1,1,0,1,legacy-reference-bound,512,512,5378, -2.3428951709252113E+00, -1.3814059840923962E-02,  2.3290811110841894E+00, -9.7945956900602482E-14,  4.4911177641410172E-15,  0.0000000000000000E+00,  5.7912999999999881E-02,3,5882,8,5882,5890,0,1, -1.2300000000000000E+02, -2.5344345459102979E-01,  3.0672347317434490E-01,  4.2296841112805139E-01,  9.0867522197241035E-03,  1.0565802625213365E+00
3,7,1,1,0,1,legacy-reference-bound,1024,1024,9649, -2.3475112983139721E+00, -1.3814059840923701E-02,  2.3336972384730181E+00, -3.0262251038415400E-14,  2.3707571279382722E-15,  0.0000000000000000E+00,  1.0520700000000005E-01,3,10657,16,10657,10673,0,1, -1.2300000000000000E+02, -2.5269980992602892E-01,  3.0672347317434490E-01,  4.2296854587471278E-01,  4.6161313017434313E-03,  5.3926420848546286E-01
3,7,1,1,0,1,legacy-reference-bound,2048,2048,17039, -2.3498410525706599E+00, -1.3814059840924282E-02,  2.3360269927296677E+00, -6.7872790721068554E-14,  1.9751114264075775E-15,  0.0000000000000000E+00,  1.9048899999999991E-01,3,19055,32,19055,19087,0,1, -1.2300000000000000E+02, -2.5231917285575406E-01,  3.0672347317434490E-01,  4.2296861477558378E-01,  2.3297561117738286E-03,  2.7265656698628504E-01
3,7,1,1,0,1,legacy-reference-bound,4096,4096,29708, -2.3510119570487098E+00, -1.3814059840924689E-02,  2.3371978972078189E+00,  3.3787209141600272E-14,  2.1397712432220245E-15,  0.0000000000000000E+00,  3.3814400000000022E-01,3,33740,64,33740,33804,0,1, -1.2300000000000009E+02, -2.5212641004988928E-01,  3.0672347317434490E-01,  4.2296864965045644E-01,  1.1709053769165534E-03,  1.3713683656601461E-01
3,7,2,1,1,2,legacy-reference-retry,1,0,80,  0.0000000000000000E+00,  0.0000000000000000E+00,  0.0000000000000000E+00,  0.0000000000000000E+00,  0.0000000000000000E+00,  0.0000000000000000E+00,  1.0490000000000776E-03,1,106,0,106,106,0,0, -1.0000000000000000E+01, -1.0000000000000000E+01,  4.1659014796486560E-01,  4.1659014796486560E-01, -1.0000000000000000E+00, -1.0000000000000000E+00
3,7,2,1,1,2,legacy-reference-retry,2,0,80,  0.0000000000000000E+00,  0.0000000000000000E+00,  0.0000000000000000E+00,  0.0000000000000000E+00,  0.0000000000000000E+00,  0.0000000000000000E+00,  8.8200000000027146E-04,1,81,0,81,81,0,0, -1.0000000000000000E+01, -1.0000000000000000E+01,  4.1659014796486560E-01,  4.1659014796486560E-01, -1.0000000000000000E+00, -1.0000000000000000E+00
3,7,2,1,0,1,legacy-reference-bound,4,4,161, -8.5596554955312354E-01, -4.3427569327306581E-01,  4.2168985627995426E-01, -1.0347278589506459E-13,  5.7259752495042449E-14, -2.0900731254615074E-01,  1.5339999999999243E-03,1,165,0,165,165,0,0, -9.6396981302662716E+00,  5.9562466608745108E+00,  4.1691264187855792E-01,  4.2299999999999999E-01, -1.0000000000000000E+00, -1.0000000000000000E+00
3,7,2,1,0,1,legacy-reference-bound,8,8,193, -9.9566490949198894E-01, -4.3794564740562031E-01,  5.5771926208636557E-01, -3.0531133177191805E-15,  2.6686985954427200E-14, -1.2693830670392153E-01,  1.6879999999996897E-03,1,201,0,201,201,0,0, -8.6178592342082627E+00,  6.1567668795152946E+00,  4.1780314819460629E-01,  4.2299999999999999E-01,  1.3602940580640363E-01,  1.2042592061092048E+01
3,7,2,1,1,2,legacy-reference-retry,16,15,347, -1.0343268610178160E+00, -4.1687660951411565E-01,  6.1745025150369059E-01, -9.7699626167013776E-15,  1.2365108936762681E-14, -7.9826740481881348E-02,  2.8419999999997891E-03,1,391,0,391,391,0,0, -6.0978464881764882E+00,  3.3551610666078435E+00,  4.1982352177616999E-01,  4.2299999999999999E-01, -1.0000000000000000E+00, -1.0000000000000000E+00
3,7,2,1,1,2,legacy-reference-retry,32,28,461, -1.0256144413847297E+00, -3.9272734202615628E-01,  6.3288709935856247E-01, -1.0935696792557792E-14,  7.0603245472256049E-15, -5.1965877701510510E-02,  4.0390000000001258E-03,1,577,0,577,577,0,0, -3.8698876993052025E+00,  1.7763331612346531E+00,  4.2134728577618730E-01,  4.2299999999999999E-01, -1.0000000000000000E+00, -1.0000000000000000E+00
3,7,2,1,1,2,legacy-reference-retry,64,54,682, -1.0174235021551457E+00, -3.8011346831520310E-01,  6.3731003383995954E-01,  1.6986412276764895E-14,  4.1442543841085921E-15, -3.4877431262563513E-02,  8.8479999999999670E-03,1,1837,0,1837,1837,0,0, -2.5260106238562274E+00,  9.3594857540471310E-01,  4.2210788482208084E-01,  4.2299999999999999E-01, -1.0000000000000000E+00, -1.0000000000000000E+00
3,7,2,1,1,2,legacy-reference-retry,128,10,251, -1.2232507590916557E-01, -3.3699732935418683E-02,  8.8625342973770671E-02,  2.3786528302593979E-14,  2.4156024402977039E-15, -2.3757049598610601E-02,  6.9620000000001347E-03,1,1154,0,1154,1154,0,0, -9.9999999999992895E+00, -4.4094892021092284E-02,  4.1659014796486626E-01,  4.2299751949581865E-01, -1.0000000000000000E+00, -1.0000000000000000E+00
3,7,2,1,1,2,legacy-reference-retry,256,22,457, -1.3441349982610976E-01, -3.7069706228960275E-02,  9.7343793597140404E-02, -9.0760732263106547E-15,  4.5974508922075330E-15, -1.5895272550944594E-02,  1.0158999999999807E-02,1,1590,0,1590,1590,0,0, -9.9999999999999822E+00, -1.8280163218511485E-02,  4.1659014796486560E-01,  4.2299931112537370E-01, -1.0000000000000000E+00, -1.0000000000000000E+00
3,7,2,1,1,2,legacy-reference-retry,512,46,835, -1.4052463760147618E-01, -3.8754692875731217E-02,  1.0176994472575984E-01,  1.4876988529977098E-14,  1.7366750398872810E-15, -1.0030670360221662E-02,  1.4241000000000170E-02,1,2007,0,2007,2007,0,0, -1.0000000000000052E+01, -8.4697334235915751E-03,  4.1659014796486560E-01,  4.2299975743403284E-01, -1.0000000000000000E+00, -1.0000000000000000E+00
3,7,2,1,1,2,legacy-reference-retry,1024,94,1503, -1.4359797484396455E-01, -3.9597186199116674E-02,  1.0400078864483930E-01, -8.5764728652293343E-15,  4.0339910231668163E-15, -5.8632828767569770E-03,  2.0828999999999986E-02,1,2665,0,2665,2665,0,0, -1.0000000000000009E+01, -6.0533340029775007E-03,  4.1659014796486560E-01,  4.2299982663765867E-01, -1.0000000000000000E+00, -1.0000000000000000E+00
3,7,2,1,1,2,legacy-reference-retry,2048,189,2536, -1.4455554234608436E-01, -3.9807809529962941E-02,  1.0474773281614347E-01,  2.2044865932713265E-14,  2.0522320821891871E-15, -3.2140512064502101E-03,  2.7321999999999846E-02,1,2726,0,2726,2726,0,0, -1.0000000000000012E+01, -6.1372388653702968E-03,  4.1659014796486560E-01,  4.2299982423469473E-01, -1.0000000000000000E+00, -1.0000000000000000E+00
3,7,2,1,1,2,legacy-reference-retry,4096,382,4398, -1.4591009119747694E-01, -4.0229056191655919E-02,  1.0568103500582282E-01,  1.7971735211119721E-15,  2.2207442048477466E-15, -1.6895615699657467E-03,  4.7266000000000030E-02,1,4781,0,4781,4781,0,0, -1.0000000000000055E+01, -3.9749534711814539E-03,  4.1659014796486560E-01,  4.2299988616071077E-01, -1.0000000000000000E+00, -1.0000000000000000E+00
3,7,2,1,1,2,legacy-reference-retry,1,0,80,  0.0000000000000000E+00,  0.0000000000000000E+00,  0.0000000000000000E+00,  0.0000000000000000E+00,  0.0000000000000000E+00,  0.0000000000000000E+00,  9.9099999999996413E-04,2,106,0,106,106,0,0, -1.0000000000000000E+01, -1.0000000000000000E+01,  4.1659014796486560E-01,  4.1659014796486560E-01, -1.0000000000000000E+00, -1.0000000000000000E+00
3,7,2,1,1,2,legacy-reference-retry,2,0,80,  0.0000000000000000E+00,  0.0000000000000000E+00,  0.0000000000000000E+00,  0.0000000000000000E+00,  0.0000000000000000E+00,  0.0000000000000000E+00,  8.5500000000005016E-04,2,81,0,81,81,0,0, -1.0000000000000000E+01, -1.0000000000000000E+01,  4.1659014796486560E-01,  4.1659014796486560E-01, -1.0000000000000000E+00, -1.0000000000000000E+00
3,7,2,1,0,1,legacy-reference-bound,4,4,161, -8.7596554955312356E-01, -4.3427569327306581E-01,  4.4168985627995738E-01, -1.0036416142611415E-13,  5.7259752495042449E-14, -2.2900731254615073E-01,  1.4579999999999593E-03,2,165,0,165,165,0,0, -9.6396981302662716E+00,  5.9562466608745108E+00,  4.1691264187855792E-01,  4.2299999999999999E-01, -1.0000000000000000E+00, -1.0000000000000000E+00
3,7,2,1,0,1,legacy-reference-bound,8,8,193, -1.0156649094919890E+00, -4.3794564740562031E-01,  5.7771926208636870E-01,  5.5511151231257827E-17,  2.6686985954427200E-14, -1.4693830670392152E-01,  1.6579999999999373E-03,2,201,0,201,201,0,0, -8.6178592342082627E+00,  6.1567668795152946E+00,  4.1780314819460629E-01,  4.2299999999999999E-01,  1.3602940580640363E-01,  1.2042592061092048E+01
3,7,2,1,1,2,legacy-reference-retry,16,15,347, -1.0543268610178160E+00, -4.1687660951411565E-01,  6.3745025150369372E-01, -6.6613381477509392E-15,  1.2365108936762681E-14, -9.9826740481881351E-02,  2.8359999999998386E-03,2,391,0,391,391,0,0, -6.0978464881764882E+00,  3.3551610666078435E+00,  4.1982352177616999E-01,  4.2299999999999999E-01, -1.0000000000000000E+00, -1.0000000000000000E+00
3,7,2,1,1,2,legacy-reference-retry,32,28,461, -1.0456144413847297E+00, -3.9272734202615628E-01,  6.5288709935856559E-01, -7.8270723236073536E-15,  7.0603245472256049E-15, -7.1965877701510514E-02,  3.9509999999998158E-03,2,577,0,577,577,0,0, -3.8698876993052025E+00,  1.7763331612346531E+00,  4.2134728577618730E-01,  4.2299999999999999E-01, -1.0000000000000000E+00, -1.0000000000000000E+00
3,7,2,1,1,2,legacy-reference-retry,64,54,682, -1.0374235021551457E+00, -3.8011346831520310E-01,  6.5731003383996267E-01,  2.0095036745715333E-14,  4.1442543841085921E-15, -5.4877431262563517E-02,  9.0620000000001255E-03,2,1837,0,1837,1837,0,0, -2.5260106238562274E+00,  9.3594857540471310E-01,  4.2210788482208084E-01,  4.2299999999999999E-01, -1.0000000000000000E+00, -1.0000000000000000E+00
3,7,2,1,1,2,legacy-reference-retry,128,10,251, -1.4232507590916557E-01, -3.3699732935418683E-02,  1.0862534297377380E-01,  2.6909030559352232E-14,  2.4156024402977039E-15, -4.3757049598610598E-02,  6.9710000000000605E-03,2,1154,0,1154,1154,0,0, -9.9999999999992895E+00, -4.4094892021092284E-02,  4.1659014796486626E-01,  4.2299751949581865E-01, -1.0000000000000000E+00, -1.0000000000000000E+00
3,7,2,1,1,2,legacy-reference-retry,256,22,457, -1.5441349982610975E-01, -3.7069706228960275E-02,  1.1734379359714353E-01, -5.9396931817445875E-15,  4.5974508922075330E-15, -3.5895272550944594E-02,  1.0692999999999842E-02,2,1590,0,1590,1590,0,0, -9.9999999999999822E+00, -1.8280163218511485E-02,  4.1659014796486560E-01,  4.2299931112537370E-01, -1.0000000000000000E+00, -1.0000000000000000E+00
3,7,2,1,1,2,legacy-reference-retry,512,46,835, -1.6052463760147620E-01, -3.8754692875731217E-02,  1.2176994472576297E-01,  1.7985612998927536E-14,  1.7366750398872810E-15, -3.0030670360221660E-02,  1.4130000000000198E-02,2,2007,0,2007,2007,0,0, -1.0000000000000052E+01, -8.4697334235915751E-03,  4.1659014796486560E-01,  4.2299975743403284E-01, -1.0000000000000000E+00, -1.0000000000000000E+00
3,7,2,1,1,2,legacy-reference-retry,1024,94,1503, -1.6359797484396452E-01, -3.9597186199116674E-02,  1.2400078864484243E-01, -5.4123372450476381E-15,  4.0339910231668163E-15, -2.5863282876756977E-02,  2.0810999999999691E-02,2,2665,0,2665,2665,0,0, -1.0000000000000009E+01, -6.0533340029775007E-03,  4.1659014796486560E-01,  4.2299982663765867E-01, -1.0000000000000000E+00, -1.0000000000000000E+00
3,7,2,1,1,2,legacy-reference-retry,2048,189,2536, -1.6455554234608444E-01, -3.9807809529962941E-02,  1.2474773281614659E-01,  2.5097979250432445E-14,  2.0522320821891871E-15, -2.3214051206450211E-02,  2.7210000000000178E-02,2,2726,0,2726,2726,0,0, -1.0000000000000012E+01, -6.1372388653702968E-03,  4.1659014796486560E-01,  4.2299982423469473E-01, -1.0000000000000000E+00, -1.0000000000000000E+00
3,7,2,1,1,2,legacy-reference-retry,4096,382,4398, -1.6591009119747685E-01, -4.0229056191655919E-02,  1.2568103500582595E-01,  5.0168202925249261E-15,  2.2207442048477466E-15, -2.1689561569965748E-02,  4.7228000000000048E-02,2,4781,0,4781,4781,0,0, -1.0000000000000055E+01, -3.9749534711814539E-03,  4.1659014796486560E-01,  4.2299988616071077E-01, -1.0000000000000000E+00, -1.0000000000000000E+00
3,7,2,1,1,2,legacy-reference-retry,1,0,80,  0.0000000000000000E+00,  0.0000000000000000E+00,  0.0000000000000000E+00,  0.0000000000000000E+00,  0.0000000000000000E+00,  0.0000000000000000E+00,  9.7999999999975884E-04,3,106,0,106,106,0,0, -1.0000000000000000E+01, -1.0000000000000000E+01,  4.1659014796486560E-01,  4.1659014796486560E-01, -1.0000000000000000E+00, -1.0000000000000000E+00
3,7,2,1,1,2,legacy-reference-retry,2,0,80,  0.0000000000000000E+00,  0.0000000000000000E+00,  0.0000000000000000E+00,  0.0000000000000000E+00,  0.0000000000000000E+00,  0.0000000000000000E+00,  8.4799999999995990E-04,3,81,0,81,81,0,0, -1.0000000000000000E+01, -1.0000000000000000E+01,  4.1659014796486560E-01,  4.1659014796486560E-01, -1.0000000000000000E+00, -1.0000000000000000E+00
3,7,2,1,0,1,legacy-reference-bound,4,4,161, -8.7596554955312356E-01, -4.3427569327306581E-01,  4.4168985627995738E-01, -1.0036416142611415E-13,  5.7259752495042449E-14, -2.2900731254615073E-01,  1.4509999999998691E-03,3,165,0,165,165,0,0, -9.6396981302662716E+00,  5.9562466608745108E+00,  4.1691264187855792E-01,  4.2299999999999999E-01, -1.0000000000000000E+00, -1.0000000000000000E+00
3,7,2,1,0,1,legacy-reference-bound,8,8,193, -1.0156649094919890E+00, -4.3794564740562031E-01,  5.7771926208636870E-01,  5.5511151231257827E-17,  2.6686985954427200E-14, -1.4693830670392152E-01,  1.6319999999998558E-03,3,201,0,201,201,0,0, -8.6178592342082627E+00,  6.1567668795152946E+00,  4.1780314819460629E-01,  4.2299999999999999E-01,  1.3602940580640363E-01,  1.2042592061092048E+01
3,7,2,1,1,2,legacy-reference-retry,16,15,347, -1.0543268610178160E+00, -4.1687660951411565E-01,  6.3745025150369372E-01, -6.6613381477509392E-15,  1.2365108936762681E-14, -9.9826740481881351E-02,  2.8399999999999537E-03,3,391,0,391,391,0,0, -6.0978464881764882E+00,  3.3551610666078435E+00,  4.1982352177616999E-01,  4.2299999999999999E-01, -1.0000000000000000E+00, -1.0000000000000000E+00
3,7,2,1,1,2,legacy-reference-retry,32,28,461, -1.0456144413847297E+00, -3.9272734202615628E-01,  6.5288709935856559E-01, -7.8270723236073536E-15,  7.0603245472256049E-15, -7.1965877701510514E-02,  4.0200000000001346E-03,3,577,0,577,577,0,0, -3.8698876993052025E+00,  1.7763331612346531E+00,  4.2134728577618730E-01,  4.2299999999999999E-01, -1.0000000000000000E+00, -1.0000000000000000E+00
3,7,2,1,1,2,legacy-reference-retry,64,54,682, -1.0374235021551457E+00, -3.8011346831520310E-01,  6.5731003383996267E-01,  2.0095036745715333E-14,  4.1442543841085921E-15, -5.4877431262563517E-02,  8.8690000000002378E-03,3,1837,0,1837,1837,0,0, -2.5260106238562274E+00,  9.3594857540471310E-01,  4.2210788482208084E-01,  4.2299999999999999E-01, -1.0000000000000000E+00, -1.0000000000000000E+00
3,7,2,1,1,2,legacy-reference-retry,128,10,251, -1.4232507590916557E-01, -3.3699732935418683E-02,  1.0862534297377380E-01,  2.6909030559352232E-14,  2.4156024402977039E-15, -4.3757049598610598E-02,  6.9520000000000692E-03,3,1154,0,1154,1154,0,0, -9.9999999999992895E+00, -4.4094892021092284E-02,  4.1659014796486626E-01,  4.2299751949581865E-01, -1.0000000000000000E+00, -1.0000000000000000E+00
3,7,2,1,1,2,legacy-reference-retry,256,23,460, -1.5578040129589407E-01, -3.8754692875731196E-02,  1.1702570842017224E-01,  9.3605678763708511E-15,  1.7741884350552795E-15,  0.0000000000000000E+00,  1.0207000000000299E-02,3,1589,5,1589,1594,0,1, -9.9999999999999822E+00, -1.9951528723421492E-02,  4.1659014796486560E-01,  4.2299921760816683E-01, -1.0000000000000000E+00, -1.0000000000000000E+00
3,7,2,1,1,2,legacy-reference-retry,512,48,829, -1.6192673201818245E-01, -4.0439679522502145E-02,  1.2148705249568792E-01,  7.6189055064901368E-15,  4.4328690024242334E-15,  0.0000000000000000E+00,  1.3278000000000123E-02,3,1816,10,1816,1826,0,1, -1.0000000000000012E+01, -9.4313524150074542E-03,  4.1659014796486560E-01,  4.2299972989408219E-01, -1.0000000000000000E+00, -1.0000000000000000E+00
3,7,2,1,1,2,legacy-reference-retry,1024,98,1484, -1.6501798543230459E-01, -4.1282172845887588E-02,  1.2373581258643895E-01,  2.1954660311962471E-14,  1.9683690441474333E-15,  0.0000000000000000E+00,  2.0908999999999622E-02,3,2670,20,2670,2690,0,1, -1.0000000000000012E+01, -7.5799518901583599E-03,  4.1659014796486560E-01,  4.2299978291661977E-01, -1.0000000000000000E+00, -1.0000000000000000E+00
3,7,2,1,1,2,legacy-reference-retry,2048,198,2585, -1.6656777655549376E-01, -4.1703419507580219E-02,  1.2486435704794019E-01,  2.6645352591003757E-14,  2.3864916119664681E-15,  0.0000000000000000E+00,  3.1487999999999960E-02,3,3510,40,3510,3550,0,1, -1.0000000000000025E+01, -5.6764983324247313E-03,  4.1659014796486560E-01,  4.2299983742991198E-01, -1.0000000000000000E+00, -1.0000000000000000E+00
3,7,2,1,1,2,legacy-reference-retry,4096,399,4437, -1.6763526217494459E-01, -4.2019354503850075E-02,  1.2561590767107589E-01, -1.8630930131990908E-14,  2.0132821191426453E-15,  0.0000000000000000E+00,  4.7864999999999824E-02,3,4764,73,4764,4837,0,1, -1.0000000000000112E+01, -4.2459235915422201E-03,  4.1659014796486549E-01,  4.2299987840035680E-01, -1.0000000000000000E+00, -1.0000000000000000E+00
3,7,3,1,0,1,legacy-reference-bound,1,1,1, -1.1875000000000000E+00, -1.1875000000000000E+00,  0.0000000000000000E+00,  0.0000000000000000E+00,  0.0000000000000000E+00, -1.1875000000000000E+00,  2.3000000000106269E-05,1,2,0,2,2,0,0,  2.0000000000000000E-02,  2.0000000000000000E-02,  4.2299999999999999E-01,  4.2299999999999999E-01, -1.0000000000000000E+00, -1.0000000000000000E+00
3,7,3,1,0,1,legacy-reference-bound,2,2,2, -1.1875000000000000E+00, -1.1875000000000000E+00,  0.0000000000000000E+00,  0.0000000000000000E+00,  0.0000000000000000E+00, -5.9375000000000000E-01,  2.6999999999777202E-05,1,4,0,4,4,0,0,  2.0000000000000000E-02,  2.0000000000000000E-02,  4.2299999999999999E-01,  4.2299999999999999E-01,  0.0000000000000000E+00,  0.0000000000000000E+00
3,7,3,1,0,1,legacy-reference-bound,4,4,4, -1.1875000000000000E+00, -1.1875000000000000E+00,  0.0000000000000000E+00,  0.0000000000000000E+00,  0.0000000000000000E+00, -2.9687500000000000E-01,  5.0000000000327560E-05,1,8,0,8,8,0,0,  2.0000000000000000E-02,  2.0000000000000000E-02,  4.2299999999999999E-01,  4.2299999999999999E-01,  0.0000000000000000E+00,  0.0000000000000000E+00
3,7,3,1,0,1,legacy-reference-bound,8,8,8, -1.1875000000000000E+00, -1.1875000000000000E+00,  0.0000000000000000E+00,  0.0000000000000000E+00,  0.0000000000000000E+00, -1.4843750000000000E-01,  9.7000000000235787E-05,1,16,0,16,16,0,0,  2.0000000000000000E-02,  2.0000000000000000E-02,  4.2299999999999999E-01,  4.2299999999999999E-01,  0.0000000000000000E+00,  0.0000000000000000E+00
3,7,3,1,0,1,legacy-reference-bound,16,16,16, -1.1875000000000000E+00, -1.1875000000000000E+00,  0.0000000000000000E+00,  0.0000000000000000E+00,  0.0000000000000000E+00, -7.4218750000000000E-02,  1.8999999999991246E-04,1,32,0,32,32,0,0,  2.0000000000000000E-02,  2.0000000000000000E-02,  4.2299999999999999E-01,  4.2299999999999999E-01,  0.0000000000000000E+00,  0.0000000000000000E+00
3,7,3,1,0,1,legacy-reference-bound,32,32,32, -1.1875000000000000E+00, -1.1875000000000000E+00,  0.0000000000000000E+00,  0.0000000000000000E+00,  0.0000000000000000E+00, -3.7109375000000000E-02,  3.7900000000012923E-04,1,64,0,64,64,0,0,  2.0000000000000000E-02,  2.0000000000000000E-02,  4.2299999999999999E-01,  4.2299999999999999E-01,  0.0000000000000000E+00,  0.0000000000000000E+00
3,7,3,1,0,1,legacy-reference-bound,64,64,64, -1.1875000000000000E+00, -1.1875000000000000E+00,  0.0000000000000000E+00,  0.0000000000000000E+00,  0.0000000000000000E+00, -1.8554687500000000E-02,  7.7900000000008518E-04,1,128,0,128,128,0,0,  2.0000000000000000E-02,  2.0000000000000000E-02,  4.2299999999999999E-01,  4.2299999999999999E-01,  0.0000000000000000E+00,  0.0000000000000000E+00
3,7,3,1,0,1,legacy-reference-bound,128,128,128, -1.1875000000000000E+00, -1.1875000000000000E+00,  0.0000000000000000E+00,  0.0000000000000000E+00,  0.0000000000000000E+00, -9.2773437500000000E-03,  1.5610000000001456E-03,1,256,0,256,256,0,0,  2.0000000000000000E-02,  2.0000000000000000E-02,  4.2299999999999999E-01,  4.2299999999999999E-01,  0.0000000000000000E+00,  0.0000000000000000E+00
3,7,3,1,0,1,legacy-reference-bound,256,256,256, -1.1875000000000000E+00, -1.1875000000000000E+00,  0.0000000000000000E+00,  0.0000000000000000E+00,  0.0000000000000000E+00, -4.6386718750000000E-03,  3.0629999999995938E-03,1,512,0,512,512,0,0,  2.0000000000000000E-02,  2.0000000000000000E-02,  4.2299999999999999E-01,  4.2299999999999999E-01,  0.0000000000000000E+00,  0.0000000000000000E+00
3,7,3,1,0,1,legacy-reference-bound,512,512,512, -1.1875000000000000E+00, -1.1875000000000000E+00,  0.0000000000000000E+00,  0.0000000000000000E+00,  0.0000000000000000E+00, -2.3193359375000000E-03,  6.2079999999999913E-03,1,1024,0,1024,1024,0,0,  2.0000000000000000E-02,  2.0000000000000000E-02,  4.2299999999999999E-01,  4.2299999999999999E-01,  0.0000000000000000E+00,  0.0000000000000000E+00
3,7,3,1,0,1,legacy-reference-bound,1024,1024,1024, -1.1875000000000000E+00, -1.1875000000000000E+00,  0.0000000000000000E+00,  0.0000000000000000E+00,  0.0000000000000000E+00, -1.1596679687500000E-03,  1.2277000000000093E-02,1,2048,0,2048,2048,0,0,  2.0000000000000000E-02,  2.0000000000000000E-02,  4.2299999999999999E-01,  4.2299999999999999E-01,  0.0000000000000000E+00,  0.0000000000000000E+00
3,7,3,1,0,1,legacy-reference-bound,2048,2048,2048, -1.1875000000000000E+00, -1.1875000000000000E+00,  0.0000000000000000E+00,  0.0000000000000000E+00,  0.0000000000000000E+00, -5.7983398437500000E-04,  2.5063000000000279E-02,1,4096,0,4096,4096,0,0,  2.0000000000000000E-02,  2.0000000000000000E-02,  4.2299999999999999E-01,  4.2299999999999999E-01,  0.0000000000000000E+00,  0.0000000000000000E+00
3,7,3,1,0,1,legacy-reference-bound,4096,4096,4096, -1.1875000000000000E+00, -1.1875000000000000E+00,  0.0000000000000000E+00,  0.0000000000000000E+00,  0.0000000000000000E+00, -2.8991699218750000E-04,  4.8918999999999713E-02,1,8192,0,8192,8192,0,0,  2.0000000000000000E-02,  2.0000000000000000E-02,  4.2299999999999999E-01,  4.2299999999999999E-01,  0.0000000000000000E+00,  0.0000000000000000E+00
3,7,3,1,0,1,legacy-reference-bound,1,1,1, -1.2075000000000000E+00, -1.1875000000000000E+00,  2.0000000000003126E-02,  3.1086244689504383E-15,  0.0000000000000000E+00, -1.2075000000000000E+00,  3.6000000000147026E-05,2,2,0,2,2,0,0,  2.0000000000000000E-02,  2.0000000000000000E-02,  4.2299999999999999E-01,  4.2299999999999999E-01, -1.0000000000000000E+00, -1.0000000000000000E+00
3,7,3,1,0,1,legacy-reference-bound,2,2,2, -1.2075000000000000E+00, -1.1875000000000000E+00,  2.0000000000003126E-02,  3.1086244689504383E-15,  0.0000000000000000E+00, -6.1375000000000002E-01,  2.6000000000081513E-05,2,4,0,4,4,0,0,  2.0000000000000000E-02,  2.0000000000000000E-02,  4.2299999999999999E-01,  4.2299999999999999E-01,  0.0000000000000000E+00,  0.0000000000000000E+00
3,7,3,1,0,1,legacy-reference-bound,4,4,4, -1.2075000000000000E+00, -1.1875000000000000E+00,  2.0000000000003126E-02,  3.1086244689504383E-15,  0.0000000000000000E+00, -3.1687500000000002E-01,  4.9000000000187782E-05,2,8,0,8,8,0,0,  2.0000000000000000E-02,  2.0000000000000000E-02,  4.2299999999999999E-01,  4.2299999999999999E-01,  0.0000000000000000E+00,  0.0000000000000000E+00
3,7,3,1,0,1,legacy-reference-bound,8,8,8, -1.2075000000000000E+00, -1.1875000000000000E+00,  2.0000000000003126E-02,  3.1086244689504383E-15,  0.0000000000000000E+00, -1.6843749999999999E-01,  9.5999999999651919E-05,2,16,0,16,16,0,0,  2.0000000000000000E-02,  2.0000000000000000E-02,  4.2299999999999999E-01,  4.2299999999999999E-01,  0.0000000000000000E+00,  0.0000000000000000E+00
3,7,3,1,0,1,legacy-reference-bound,16,16,16, -1.2075000000000000E+00, -1.1875000000000000E+00,  2.0000000000003126E-02,  3.1086244689504383E-15,  0.0000000000000000E+00, -9.4218750000000004E-02,  1.8999999999991246E-04,2,32,0,32,32,0,0,  2.0000000000000000E-02,  2.0000000000000000E-02,  4.2299999999999999E-01,  4.2299999999999999E-01,  0.0000000000000000E+00,  0.0000000000000000E+00
3,7,3,1,0,1,legacy-reference-bound,32,32,32, -1.2075000000000000E+00, -1.1875000000000000E+00,  2.0000000000003126E-02,  3.1086244689504383E-15,  0.0000000000000000E+00, -5.7109375000000004E-02,  3.7700000000029377E-04,2,64,0,64,64,0,0,  2.0000000000000000E-02,  2.0000000000000000E-02,  4.2299999999999999E-01,  4.2299999999999999E-01,  0.0000000000000000E+00,  0.0000000000000000E+00
3,7,3,1,0,1,legacy-reference-bound,64,64,64, -1.2075000000000000E+00, -1.1875000000000000E+00,  2.0000000000003126E-02,  3.1086244689504383E-15,  0.0000000000000000E+00, -3.8554687500000004E-02,  7.7199999999999491E-04,2,128,0,128,128,0,0,  2.0000000000000000E-02,  2.0000000000000000E-02,  4.2299999999999999E-01,  4.2299999999999999E-01,  0.0000000000000000E+00,  0.0000000000000000E+00
3,7,3,1,0,1,legacy-reference-bound,128,128,128, -1.2075000000000000E+00, -1.1875000000000000E+00,  2.0000000000003126E-02,  3.1086244689504383E-15,  0.0000000000000000E+00, -2.9277343750000000E-02,  1.5330000000002286E-03,2,256,0,256,256,0,0,  2.0000000000000000E-02,  2.0000000000000000E-02,  4.2299999999999999E-01,  4.2299999999999999E-01,  0.0000000000000000E+00,  0.0000000000000000E+00
3,7,3,1,0,1,legacy-reference-bound,256,256,256, -1.2075000000000000E+00, -1.1875000000000000E+00,  2.0000000000003126E-02,  3.1086244689504383E-15,  0.0000000000000000E+00, -2.4638671875000000E-02,  3.0589999999999229E-03,2,512,0,512,512,0,0,  2.0000000000000000E-02,  2.0000000000000000E-02,  4.2299999999999999E-01,  4.2299999999999999E-01,  0.0000000000000000E+00,  0.0000000000000000E+00
3,7,3,1,0,1,legacy-reference-bound,512,512,512, -1.2075000000000000E+00, -1.1875000000000000E+00,  2.0000000000003126E-02,  3.1086244689504383E-15,  0.0000000000000000E+00, -2.2319335937500000E-02,  6.1259999999996317E-03,2,1024,0,1024,1024,0,0,  2.0000000000000000E-02,  2.0000000000000000E-02,  4.2299999999999999E-01,  4.2299999999999999E-01,  0.0000000000000000E+00,  0.0000000000000000E+00
3,7,3,1,0,1,legacy-reference-bound,1024,1024,1024, -1.2075000000000000E+00, -1.1875000000000000E+00,  2.0000000000003126E-02,  3.1086244689504383E-15,  0.0000000000000000E+00, -2.1159667968750000E-02,  1.2278999999999929E-02,2,2048,0,2048,2048,0,0,  2.0000000000000000E-02,  2.0000000000000000E-02,  4.2299999999999999E-01,  4.2299999999999999E-01,  0.0000000000000000E+00,  0.0000000000000000E+00
3,7,3,1,0,1,legacy-reference-bound,2048,2048,2048, -1.2075000000000000E+00, -1.1875000000000000E+00,  2.0000000000003126E-02,  3.1086244689504383E-15,  0.0000000000000000E+00, -2.0579833984375000E-02,  2.4756000000000000E-02,2,4096,0,4096,4096,0,0,  2.0000000000000000E-02,  2.0000000000000000E-02,  4.2299999999999999E-01,  4.2299999999999999E-01,  0.0000000000000000E+00,  0.0000000000000000E+00
3,7,3,1,0,1,legacy-reference-bound,4096,4096,4096, -1.2075000000000000E+00, -1.1875000000000000E+00,  2.0000000000003126E-02,  3.1086244689504383E-15,  0.0000000000000000E+00, -2.0289916992187500E-02,  4.9367999999999856E-02,2,8192,0,8192,8192,0,0,  2.0000000000000000E-02,  2.0000000000000000E-02,  4.2299999999999999E-01,  4.2299999999999999E-01,  0.0000000000000000E+00,  0.0000000000000000E+00
3,7,3,1,0,1,legacy-reference-bound,1,1,1, -1.2075000000000000E+00, -1.1875000000000000E+00,  2.0000000000003126E-02,  3.1086244689504383E-15,  0.0000000000000000E+00, -1.2075000000000000E+00,  2.1000000000270802E-05,3,2,0,2,2,0,0,  2.0000000000000000E-02,  2.0000000000000000E-02,  4.2299999999999999E-01,  4.2299999999999999E-01, -1.0000000000000000E+00, -1.0000000000000000E+00
3,7,3,1,0,1,legacy-reference-bound,2,2,2, -1.2075000000000000E+00, -1.1875000000000000E+00,  2.0000000000003126E-02,  3.1086244689504383E-15,  0.0000000000000000E+00, -6.1375000000000002E-01,  2.6000000000081513E-05,3,4,0,4,4,0,0,  2.0000000000000000E-02,  2.0000000000000000E-02,  4.2299999999999999E-01,  4.2299999999999999E-01,  0.0000000000000000E+00,  0.0000000000000000E+00
3,7,3,1,0,1,legacy-reference-bound,4,4,4, -1.2075000000000000E+00, -1.1875000000000000E+00,  2.0000000000003126E-02,  3.1086244689504383E-15,  0.0000000000000000E+00, -3.1687500000000002E-01,  4.9000000000187782E-05,3,8,0,8,8,0,0,  2.0000000000000000E-02,  2.0000000000000000E-02,  4.2299999999999999E-01,  4.2299999999999999E-01,  0.0000000000000000E+00,  0.0000000000000000E+00
3,7,3,1,0,1,legacy-reference-bound,8,8,8, -1.2075000000000000E+00, -1.1875000000000000E+00,  2.0000000000003126E-02,  3.1086244689504383E-15,  0.0000000000000000E+00, -1.6843749999999999E-01,  1.0900000000013677E-04,3,16,0,16,16,0,0,  2.0000000000000000E-02,  2.0000000000000000E-02,  4.2299999999999999E-01,  4.2299999999999999E-01,  0.0000000000000000E+00,  0.0000000000000000E+00
3,7,3,1,0,1,legacy-reference-bound,16,16,16, -1.2075000000000000E+00, -1.1875000000000000E+00,  2.0000000000003126E-02,  3.1086244689504383E-15,  0.0000000000000000E+00, -9.4218750000000004E-02,  1.9199999999974793E-04,3,32,0,32,32,0,0,  2.0000000000000000E-02,  2.0000000000000000E-02,  4.2299999999999999E-01,  4.2299999999999999E-01,  0.0000000000000000E+00,  0.0000000000000000E+00
3,7,3,1,0,1,legacy-reference-bound,32,32,32, -1.2075000000000000E+00, -1.1875000000000000E+00,  2.0000000000003126E-02,  3.1086244689504383E-15,  0.0000000000000000E+00, -5.7109375000000004E-02,  3.9699999999998070E-04,3,64,0,64,64,0,0,  2.0000000000000000E-02,  2.0000000000000000E-02,  4.2299999999999999E-01,  4.2299999999999999E-01,  0.0000000000000000E+00,  0.0000000000000000E+00
3,7,3,1,0,1,legacy-reference-bound,64,64,64, -1.2075000000000000E+00, -1.1875000000000000E+00,  2.0000000000003126E-02,  3.1086244689504383E-15,  0.0000000000000000E+00, -3.8554687500000004E-02,  7.6800000000032398E-04,3,128,0,128,128,0,0,  2.0000000000000000E-02,  2.0000000000000000E-02,  4.2299999999999999E-01,  4.2299999999999999E-01,  0.0000000000000000E+00,  0.0000000000000000E+00
3,7,3,1,0,1,legacy-reference-bound,128,128,128, -1.2075000000000000E+00, -1.1875000000000000E+00,  2.0000000000003126E-02,  3.1086244689504383E-15,  0.0000000000000000E+00, -2.9277343750000000E-02,  1.5260000000001384E-03,3,256,0,256,256,0,0,  2.0000000000000000E-02,  2.0000000000000000E-02,  4.2299999999999999E-01,  4.2299999999999999E-01,  0.0000000000000000E+00,  0.0000000000000000E+00
3,7,3,1,1,2,legacy-reference-retry,256,0,80,  0.0000000000000000E+00,  0.0000000000000000E+00,  0.0000000000000000E+00,  0.0000000000000000E+00,  0.0000000000000000E+00,  0.0000000000000000E+00,  3.9179999999996440E-03,3,0,911,1,912,2,0,  2.0000000000000000E-02,  2.0000000000000000E-02,  4.2299999999999999E-01,  4.2299999999999999E-01, -1.0000000000000000E+00, -1.0000000000000000E+00
3,7,3,1,1,2,legacy-reference-retry,512,0,80,  0.0000000000000000E+00,  0.0000000000000000E+00,  0.0000000000000000E+00,  0.0000000000000000E+00,  0.0000000000000000E+00,  0.0000000000000000E+00,  2.1910000000002761E-03,3,0,477,1,478,2,0,  2.0000000000000000E-02,  2.0000000000000000E-02,  4.2299999999999999E-01,  4.2299999999999999E-01, -1.0000000000000000E+00, -1.0000000000000000E+00
3,7,3,1,1,2,legacy-reference-retry,1024,0,80,  0.0000000000000000E+00,  0.0000000000000000E+00,  0.0000000000000000E+00,  0.0000000000000000E+00,  0.0000000000000000E+00,  0.0000000000000000E+00,  1.8189999999997930E-03,3,0,422,1,423,2,0,  2.0000000000000000E-02,  2.0000000000000000E-02,  4.2299999999999999E-01,  4.2299999999999999E-01, -1.0000000000000000E+00, -1.0000000000000000E+00
3,7,3,1,1,2,legacy-reference-retry,2048,1,131,  0.0000000000000000E+00, -5.7983398437500000E-04, -5.7983398436789457E-04,  7.1054273576010019E-15,  6.6890395132579439E-15,  0.0000000000000000E+00,  4.3759999999997135E-03,3,0,1025,1,1026,2,0, -8.3875057717642509E-01, -8.2480119583734349E-13,  4.2281993610173518E-01,  4.2299999999999999E-01, -1.0000000000000000E+00, -1.0000000000000000E+00
3,7,3,1,1,2,legacy-reference-retry,4096,1,109,  0.0000000000000000E+00, -2.8991699218750000E-04, -2.8991699220171085E-04, -1.4210854715202004E-14,  5.5511151231257827E-17,  0.0000000000000000E+00,  2.5409999999999044E-03,3,0,598,1,599,2,0, -5.4921977981190018E-01, -8.6422988833814518E-13,  4.2290271080247044E-01,  4.2299999999999999E-01, -1.0000000000000000E+00, -1.0000000000000000E+00
3,2,1,1,0,1,legacy-reference-bound,1,1,5, -6.1577033610379062E-01, -1.3814059840923806E-02,  6.0195627626283610E-01, -3.0711544418693393E-14,  1.3877787807814457E-17, -6.1577033610379062E-01,  6.5000000000203784E-05,1,6,0,6,6,0,0, -1.2299999991937848E+02,  6.2182069883811519E-01,  3.0672347322977411E-01,  4.2299999999999999E-01, -1.0000000000000000E+00, -1.0000000000000000E+00
3,2,1,1,0,1,legacy-reference-bound,2,2,10, -9.6559134526440682E-01, -1.3814059840923806E-02,  9.5177728542345719E-01, -2.5826563110342704E-14,  9.2287288921966137E-16, -4.9025790906954170E-01,  1.3500000000021828E-04,1,12,0,12,12,0,0, -1.2299999999972172E+02,  2.6929802906344180E-01,  3.0672347317453619E-01,  4.2299999999999999E-01,  3.5104297606849716E-01,  5.4628689357404063E+01
3,2,1,1,0,1,legacy-reference-bound,4,4,70, -1.4292182482824916E+00, -1.3814059840923806E-02,  1.4154041884416415E+00,  7.3760442198533838E-14,  5.2357423951931992E-14, -4.0821115934742452E-01,  7.0499999999995566E-04,1,74,0,74,74,0,0, -1.2299999999999962E+02, -1.5918718588627367E-01,  3.0672347317434512E-01,  4.2298394169696196E-01,  4.6420909371348446E-01,  6.2857690580824780E+01
3,2,1,1,0,1,legacy-reference-bound,8,8,120, -1.8423908587268290E+00, -1.3814059840923806E-02,  1.8285767988858908E+00, -1.4391265956703592E-14,  1.5603837666411380E-14, -3.5511776396822670E-01,  1.2490000000000556E-03,1,128,0,128,128,0,0, -1.2300000000000001E+02, -2.8851001708706719E-01,  3.0672347317434490E-01,  4.2296185777961948E-01,  4.1463756924259076E-01,  5.4646391228920436E+01
3,2,1,1,0,1,legacy-reference-bound,16,16,232, -2.0774658891843809E+00, -1.3814059840923810E-02,  2.0636518293433852E+00, -7.1897349185334747E-14,  1.2792718273590964E-14, -3.1841444655005247E-01,  2.4120000000000807E-03,1,248,0,248,248,0,0, -1.2300000000000001E+02, -2.8041417304358146E-01,  3.0672347317434490E-01,  4.2296340477545835E-01,  2.3507590327386585E-01,  3.1947384776722814E+01
3,2,1,1,0,1,legacy-reference-bound,32,32,454, -2.2017247219435543E+00, -1.3814059840923815E-02,  2.1879106621025528E+00, -7.7665304742957630E-14,  1.2314368275090359E-14, -2.8426962503224157E-01,  4.7209999999999752E-03,1,486,0,486,486,0,0, -1.2300000000000001E+02, -2.6820922924627016E-01,  3.0672347317434490E-01,  4.2296569873930878E-01,  1.2425918964458688E-01,  1.6003840411468047E+01
3,2,1,1,0,1,legacy-reference-bound,64,64,856, -2.2670721918562289E+00, -1.3814059840923794E-02,  2.2532581320152261E+00, -7.9018389054219540E-14,  1.1524852253086415E-14, -2.3934760739419964E-01,  8.9039999999998010E-03,1,920,0,920,920,0,0, -1.2300000000000000E+02, -2.6011502647748458E-01,  3.0672347317434490E-01,  4.2296719424579909E-01,  6.5347614263880083E-02,  8.1179624373250476E+00
3,2,1,1,0,1,legacy-reference-bound,128,128,1600, -2.3012741500403817E+00, -1.3814059840923780E-02,  2.2874600901993674E+00, -9.0578586298128982E-14,  1.0074298166518059E-14, -1.8300877201453405E-01,  1.6849000000000114E-02,1,1728,0,1728,1728,0,0, -1.2300000000000000E+02, -2.5534760885285246E-01,  3.0672347317434490E-01,  4.2296806528075981E-01,  3.4202002742280413E-02,  3.8699802427367871E+00
3,2,1,1,0,1,legacy-reference-bound,256,256,2962, -2.3189967454637541E+00, -1.3814059840923773E-02,  2.3051826856227535E+00, -7.6818759686680949E-14,  3.5369385371908368E-15, -1.2670500569860735E-01,  3.1379000000000268E-02,1,3218,0,3218,3218,0,0, -1.2300000000000000E+02, -2.5269824572501787E-01,  3.0672347317434490E-01,  4.2296854615795254E-01,  1.7722614672716908E-02,  2.0447024710858699E+00
3,2,1,1,0,1,legacy-reference-bound,512,512,5394, -2.3280809730958940E+00, -1.3814059840923962E-02,  2.3142669132548761E+00, -9.3949154011951919E-14,  4.5015261049968780E-15, -8.0182754747878476E-02,  5.8543999999999929E-02,1,5906,0,5906,5906,0,0, -1.2300000000000000E+02, -2.5128173216072386E-01,  3.0672347317434490E-01,  4.2296880232762513E-01,  9.0842362623230755E-03,  1.0605629599031801E+00
3,2,1,1,0,1,legacy-reference-bound,1024,1024,9684, -2.3326957515014435E+00, -1.3814059840923701E-02,  2.3188816916604864E+00, -3.3370875507365838E-14,  2.5049813568919777E-15, -4.6969069427893882E-02,  1.0489100000000029E-01,1,10708,0,10708,10708,0,0, -1.2300000000000014E+02, -2.5054395538148622E-01,  3.0672347317434479E-01,  4.2296893549151982E-01,  4.6147823761941154E-03,  5.4093919740566321E-01
3,2,1,1,0,1,legacy-reference-bound,2048,2048,17082, -2.3350248042276127E+00, -1.3814059840924282E-02,  2.3212107443866259E+00, -6.2543720202867803E-14,  1.8696185550247379E-15, -2.5898454019469282E-02,  1.8836599999999981E-01,1,19130,0,19130,19130,0,0, -1.2300000000000000E+02, -2.5016631250501015E-01,  3.0672347317434490E-01,  4.2296900358469613E-01,  2.3290546050191985E-03,  2.7341293448363047E-01
3,2,1,1,0,1,legacy-reference-bound,4096,4096,29795, -2.3361953503998678E+00, -1.3814059840924689E-02,  2.3223812905589512E+00,  8.0300349702966400E-15,  2.1750823527271618E-15, -1.3695567560400945E-02,  3.3486700000000003E-01,1,33891,0,33891,33891,0,0, -1.2300000000000000E+02, -2.4997506347023596E-01,  3.0672347317434490E-01,  4.2296903805119390E-01,  1.1705470815298602E-03,  1.3749446869996973E-01
3,2,1,1,0,1,legacy-reference-bound,1,1,5, -6.3577033610379063E-01, -1.3814059840923806E-02,  6.2195627626283567E-01, -3.1155633628543455E-14,  1.3877787807814457E-17, -6.3577033610379063E-01,  6.7999999999734939E-05,2,6,0,6,6,0,0, -1.2299999991937848E+02,  6.2182069883811519E-01,  3.0672347322977411E-01,  4.2299999999999999E-01, -1.0000000000000000E+00, -1.0000000000000000E+00
3,2,1,1,0,1,legacy-reference-bound,2,2,10, -9.8559134526440684E-01, -1.3814059840923806E-02,  9.7177728542345676E-01, -2.6270652320192767E-14,  9.2287288921966137E-16, -5.1025790906954172E-01,  1.1899999999975819E-04,2,12,0,12,12,0,0, -1.2299999999972172E+02,  2.6929802906344180E-01,  3.0672347317453619E-01,  4.2299999999999999E-01,  3.5104297606849716E-01,  5.4628689357404063E+01
3,2,1,1,0,1,legacy-reference-bound,4,4,70, -1.4492182482824916E+00, -1.3814059840923806E-02,  1.4354041884416411E+00,  7.3316352988683775E-14,  5.2357423951931992E-14, -4.2821115934742454E-01,  7.4099999999965860E-04,2,74,0,74,74,0,0, -1.2299999999999962E+02, -1.5918718588627367E-01,  3.0672347317434512E-01,  4.2298394169696196E-01,  4.6420909371348446E-01,  6.2857690580824780E+01
3,2,1,1,0,1,legacy-reference-bound,8,8,120, -1.8623908587268290E+00, -1.3814059840923806E-02,  1.8485767988858903E+00, -1.4835355166553654E-14,  1.5603837666411380E-14, -3.7511776396822671E-01,  1.2730000000003017E-03,2,128,0,128,128,0,0, -1.2300000000000001E+02, -2.8851001708706719E-01,  3.0672347317434490E-01,  4.2296185777961948E-01,  4.1463756924259076E-01,  5.4646391228920436E+01
3,2,1,1,0,1,legacy-reference-bound,16,16,232, -2.0974658891843809E+00, -1.3814059840923810E-02,  2.0836518293433848E+00, -7.2341438395184809E-14,  1.2792718273590964E-14, -3.3841444655005248E-01,  2.3949999999999250E-03,2,248,0,248,248,0,0, -1.2300000000000001E+02, -2.8041417304358146E-01,  3.0672347317434490E-01,  4.2296340477545835E-01,  2.3507590327386585E-01,  3.1947384776722814E+01
3,2,1,1,0,1,legacy-reference-bound,32,32,454, -2.2217247219435543E+00, -1.3814059840923815E-02,  2.2079106621025524E+00, -7.8109393952807693E-14,  1.2314368275090359E-14, -3.0426962503224159E-01,  4.7280000000000655E-03,2,486,0,486,486,0,0, -1.2300000000000001E+02, -2.6820922924627016E-01,  3.0672347317434490E-01,  4.2296569873930878E-01,  1.2425918964458688E-01,  1.6003840411468047E+01
3,2,1,1,0,1,legacy-reference-bound,64,64,856, -2.2870721918562285E+00, -1.3814059840923794E-02,  2.2732581320152256E+00, -7.9018389054219540E-14,  1.1524852253086415E-14, -2.5934760739419965E-01,  8.9820000000000455E-03,2,920,0,920,920,0,0, -1.2300000000000000E+02, -2.6011502647748458E-01,  3.0672347317434490E-01,  4.2296719424579909E-01,  6.5347614263880083E-02,  8.1179624373250476E+00
3,2,1,1,0,1,legacy-reference-bound,128,128,1600, -2.3212741500403813E+00, -1.3814059840923780E-02,  2.3074600901993669E+00, -9.0578586298128982E-14,  1.0074298166518059E-14, -2.0300877201453404E-01,  1.6793000000000280E-02,2,1728,0,1728,1728,0,0, -1.2300000000000000E+02, -2.5534760885285246E-01,  3.0672347317434490E-01,  4.2296806528075981E-01,  3.4202002742280413E-02,  3.8699802427367871E+00
3,2,1,1,0,1,legacy-reference-bound,256,256,2962, -2.3389967454637541E+00, -1.3814059840923773E-02,  2.3251826856227531E+00, -7.7262848896531011E-14,  3.5369385371908368E-15, -1.4670500569860734E-01,  3.1648999999999816E-02,2,3218,0,3218,3218,0,0, -1.2300000000000000E+02, -2.5269824572501787E-01,  3.0672347317434490E-01,  4.2296854615795254E-01,  1.7722614672716908E-02,  2.0447024710858699E+00
3,2,1,1,0,1,legacy-reference-bound,512,512,5394, -2.3480809730958945E+00, -1.3814059840923962E-02,  2.3342669132548757E+00, -9.4837332431652044E-14,  4.5015261049968780E-15, -1.0018275474787848E-01,  5.7640000000000136E-02,2,5906,0,5906,5906,0,0, -1.2300000000000000E+02, -2.5128173216072386E-01,  3.0672347317434490E-01,  4.2296880232762513E-01,  9.0842362623230755E-03,  1.0605629599031801E+00
3,2,1,1,0,1,legacy-reference-bound,1024,1024,9684, -2.3526957515014439E+00, -1.3814059840923701E-02,  2.3388816916604860E+00, -3.4259053927065963E-14,  2.5049813568919777E-15, -6.6969069427893879E-02,  1.0795100000000035E-01,2,10708,0,10708,10708,0,0, -1.2300000000000014E+02, -2.5054395538148622E-01,  3.0672347317434479E-01,  4.2296893549151982E-01,  4.6147823761941154E-03,  5.4093919740566321E-01
3,2,1,1,0,1,legacy-reference-bound,2048,2048,17082, -2.3550248042276141E+00, -1.3814059840924282E-02,  2.3412107443866255E+00, -6.4320077042268053E-14,  1.8696185550247379E-15, -4.5898454019469279E-02,  2.0180299999999995E-01,2,19130,0,19130,19130,0,0, -1.2300000000000000E+02, -2.5016631250501015E-01,  3.0672347317434490E-01,  4.2296900358469613E-01,  2.3290546050191985E-03,  2.7341293448363047E-01
3,2,1,1,0,1,legacy-reference-bound,4096,4096,29795, -2.3561953503998674E+00, -1.3814059840924689E-02,  2.3423812905589507E+00,  8.0300349702966400E-15,  2.1750823527271618E-15, -3.3695567560400944E-02,  3.5722300000000029E-01,2,33891,0,33891,33891,0,0, -1.2300000000000000E+02, -2.4997506347023596E-01,  3.0672347317434490E-01,  4.2296903805119390E-01,  1.1705470815298602E-03,  1.3749446869996973E-01
3,2,1,1,0,1,legacy-reference-bound,1,1,5, -6.3577033610379063E-01, -1.3814059840923806E-02,  6.2195627626283567E-01, -3.1155633628543455E-14,  1.3877787807814457E-17, -6.3577033610379063E-01,  6.8000000000623118E-05,3,6,0,6,6,0,0, -1.2299999991937848E+02,  6.2182069883811519E-01,  3.0672347322977411E-01,  4.2299999999999999E-01, -1.0000000000000000E+00, -1.0000000000000000E+00
3,2,1,1,0,1,legacy-reference-bound,2,2,10, -9.8559134526440684E-01, -1.3814059840923806E-02,  9.7177728542345676E-01, -2.6270652320192767E-14,  9.2287288921966137E-16, -5.1025790906954172E-01,  1.5499999999946112E-04,3,12,0,12,12,0,0, -1.2299999999972172E+02,  2.6929802906344180E-01,  3.0672347317453619E-01,  4.2299999999999999E-01,  3.5104297606849716E-01,  5.4628689357404063E+01
3,2,1,1,0,1,legacy-reference-bound,4,4,70, -1.4492182482824916E+00, -1.3814059840923806E-02,  1.4354041884416411E+00,  7.3316352988683775E-14,  5.2357423951931992E-14, -4.2821115934742454E-01,  7.3900000000026722E-04,3,74,0,74,74,0,0, -1.2299999999999962E+02, -1.5918718588627367E-01,  3.0672347317434512E-01,  4.2298394169696196E-01,  4.6420909371348446E-01,  6.2857690580824780E+01
3,2,1,1,0,1,legacy-reference-bound,8,8,120, -1.8623908587268290E+00, -1.3814059840923806E-02,  1.8485767988858903E+00, -1.4835355166553654E-14,  1.5603837666411380E-14, -3.7511776396822671E-01,  1.3090000000000046E-03,3,128,0,128,128,0,0, -1.2300000000000001E+02, -2.8851001708706719E-01,  3.0672347317434490E-01,  4.2296185777961948E-01,  4.1463756924259076E-01,  5.4646391228920436E+01
3,2,1,1,0,1,legacy-reference-bound,16,16,232, -2.0974658891843809E+00, -1.3814059840923810E-02,  2.0836518293433848E+00, -7.2341438395184809E-14,  1.2792718273590964E-14, -3.3841444655005248E-01,  2.7819999999998402E-03,3,248,0,248,248,0,0, -1.2300000000000001E+02, -2.8041417304358146E-01,  3.0672347317434490E-01,  4.2296340477545835E-01,  2.3507590327386585E-01,  3.1947384776722814E+01
3,2,1,1,0,1,legacy-reference-bound,32,32,454, -2.2217247219435543E+00, -1.3814059840923815E-02,  2.2079106621025524E+00, -7.8109393952807693E-14,  1.2314368275090359E-14, -3.0426962503224159E-01,  4.8080000000005896E-03,3,486,0,486,486,0,0, -1.2300000000000001E+02, -2.6820922924627016E-01,  3.0672347317434490E-01,  4.2296569873930878E-01,  1.2425918964458688E-01,  1.6003840411468047E+01
3,2,1,1,0,1,legacy-reference-bound,64,64,856, -2.2870721918562285E+00, -1.3814059840923794E-02,  2.2732581320152256E+00, -7.9018389054219540E-14,  1.1524852253086415E-14, -2.5934760739419965E-01,  9.5629999999999882E-03,3,920,0,920,920,0,0, -1.2300000000000000E+02, -2.6011502647748458E-01,  3.0672347317434490E-01,  4.2296719424579909E-01,  6.5347614263880083E-02,  8.1179624373250476E+00
3,2,1,1,0,1,legacy-reference-bound,128,128,1600, -2.3212741500403813E+00, -1.3814059840923780E-02,  2.3074600901993669E+00, -9.0578586298128982E-14,  1.0074298166518059E-14, -2.0300877201453404E-01,  1.7843000000000053E-02,3,1728,0,1728,1728,0,0, -1.2300000000000000E+02, -2.5534760885285246E-01,  3.0672347317434490E-01,  4.2296806528075981E-01,  3.4202002742280413E-02,  3.8699802427367871E+00
3,2,1,1,0,1,legacy-reference-bound,256,256,2954, -2.3338084271880835E+00, -1.3814059840923773E-02,  2.3199943673470536E+00, -1.0612864753678508E-13,  3.5589478412922926E-15,  0.0000000000000000E+00,  4.2642999999999986E-02,3,3206,4,3206,3210,0,1, -1.2300000000000000E+02, -2.5487129512282936E-01,  3.0672347317434490E-01,  4.2296815190286796E-01,  1.2534704261573937E-02,  1.5085775157208730E+00
3,2,1,1,0,1,legacy-reference-bound,512,512,5378, -2.3428951709252113E+00, -1.3814059840923962E-02,  2.3290811110841894E+00, -9.7945956900602482E-14,  4.4911177641410172E-15,  0.0000000000000000E+00,  6.4286000000000065E-02,3,5882,8,5882,5890,0,1, -1.2300000000000000E+02, -2.5344345459102979E-01,  3.0672347317434490E-01,  4.2296841112805139E-01,  9.0867522197241035E-03,  1.0565802625213365E+00
3,2,1,1,0,1,legacy-reference-bound,1024,1024,9649, -2.3475112983139721E+00, -1.3814059840923701E-02,  2.3336972384730181E+00, -3.0262251038415400E-14,  2.3707571279382722E-15,  0.0000000000000000E+00,  1.1232500000000023E-01,3,10657,16,10657,10673,0,1, -1.2300000000000000E+02, -2.5269980992602892E-01,  3.0672347317434490E-01,  4.2296854587471278E-01,  4.6161313017434313E-03,  5.3926420848546286E-01
3,2,1,1,0,1,legacy-reference-bound,2048,2048,17039, -2.3498410525706599E+00, -1.3814059840924282E-02,  2.3360269927296677E+00, -6.7872790721068554E-14,  1.9751114264075775E-15,  0.0000000000000000E+00,  2.0135199999999998E-01,3,19055,32,19055,19087,0,1, -1.2300000000000000E+02, -2.5231917285575406E-01,  3.0672347317434490E-01,  4.2296861477558378E-01,  2.3297561117738286E-03,  2.7265656698628504E-01
3,2,1,1,0,1,legacy-reference-bound,4096,4096,29708, -2.3510119570487098E+00, -1.3814059840924689E-02,  2.3371978972078189E+00,  3.3787209141600272E-14,  2.1397712432220245E-15,  0.0000000000000000E+00,  3.4774599999999989E-01,3,33740,64,33740,33804,0,1, -1.2300000000000009E+02, -2.5212641004988928E-01,  3.0672347317434490E-01,  4.2296864965045644E-01,  1.1709053769165534E-03,  1.3713683656601461E-01
3,2,2,1,0,1,legacy-reference-bound,1,1,5, -6.2868250165676909E-01, -4.3135658157335610E-01,  1.9732592008342920E-01,  1.6209256159527285E-14,  4.4408920985006262E-16, -6.2868250165676909E-01,  6.7999999999734939E-05,1,6,0,6,6,0,0, -9.7468925147468894E+00,  6.0822894562445362E-01,  4.1681714101236722E-01,  4.2299999999999999E-01, -1.0000000000000000E+00, -1.0000000000000000E+00
3,2,2,1,0,1,legacy-reference-bound,2,2,11, -7.2595223239495232E-01, -4.3135658157335610E-01,  2.9459565082162698E-01,  3.0753177782116836E-14,  7.7715611723760958E-16, -3.5669829030274819E-01,  1.2399999999956890E-04,1,13,0,13,13,0,0, -9.6569205673538345E+00,  1.4661378364134681E+00,  4.1689732391120649E-01,  4.2299999999999999E-01,  9.7269730738184235E-02,  4.5592513221830204E+00
3,2,2,1,0,1,legacy-reference-bound,4,4,22, -8.5594029300108965E-01, -4.3135658157335610E-01,  4.2458371142776485E-01,  3.1308289294429414E-14,  1.5265566588595902E-15, -2.0900730944119597E-01,  2.3299999999970566E-04,1,26,0,26,26,0,0, -9.3827680482147553E+00,  5.9587779507717835E+00,  4.1713997625140553E-01,  4.2299999999999999E-01,  1.2998806060613474E-01,  9.5474300948648345E+00
3,2,2,1,0,1,legacy-reference-bound,8,8,48, -9.9548746903988006E-01, -4.3135658157335616E-01,  5.6413088746655404E-01,  3.0142555118573000E-14,  2.1926904736346842E-15, -1.2693830670288497E-01,  4.8600000000043053E-04,1,56,0,56,56,0,0, -7.8351570181110990E+00,  6.2263248691423492E+00,  4.1845922958843429E-01,  4.2299999999999999E-01,  1.3954717603879549E-01,  1.2105005411990531E+01
3,2,2,1,0,1,legacy-reference-bound,16,16,109, -1.0723417850867949E+00, -4.3135658157335599E-01,  6.4098520351344490E-01,  5.9952043329758453E-15,  1.2975731600306517E-15, -7.9826740481881264E-02,  1.1010000000002407E-03,1,125,0,125,125,0,0,  6.1465848783012156E-01,  4.4466554580518910E+01,  4.2299999999999999E-01,  4.2299999999999999E-01,  7.6854316046911925E-02,  5.2301711598630007E+01
3,2,2,1,0,1,legacy-reference-bound,32,32,197, -1.0723417850868060E+00, -4.3135658157335588E-01,  6.4098520351344490E-01, -5.2180482157382357E-15,  4.2084391527197340E-15, -5.1965877701510503E-02,  1.8719999999996517E-03,1,229,0,229,229,0,0,  8.1594044044909886E-01,  6.2899294795478809E+01,  4.2299999999999999E-01,  4.2299999999999999E-01,  0.0000000000000000E+00,  1.8432740214959900E+01
3,2,2,1,0,1,legacy-reference-bound,64,64,383, -1.0723417850867996E+00, -4.3135658157335655E-01,  6.4098520351344490E-01,  1.8873791418627661E-15,  1.7433970933566911E-15, -3.4877431262563513E-02,  4.0489999999993032E-03,1,447,0,447,447,0,0,  8.1594044044909886E-01,  6.2899294795478809E+01,  4.2299999999999999E-01,  4.2299999999999999E-01,  0.0000000000000000E+00,  0.0000000000000000E+00
3,2,2,1,1,2,legacy-reference-retry,128,10,251, -1.2232507590916557E-01, -3.3699732935418447E-02,  8.8625342973770671E-02,  2.3550605909861133E-14,  2.7209137720696219E-15, -2.3757049598610601E-02,  6.9150000000002265E-03,1,1154,0,1154,1154,0,0, -9.9999999999993339E+00, -4.4094892021092284E-02,  4.1659014796486626E-01,  4.2299751949581865E-01, -1.0000000000000000E+00, -1.0000000000000000E+00
3,2,2,1,1,2,legacy-reference-retry,256,22,457, -1.3441349982610976E-01, -3.7069706228960275E-02,  9.7343793597140404E-02, -9.0760732263106547E-15,  4.8750066483638221E-15, -1.5895272550944594E-02,  1.0397000000000212E-02,1,1590,0,1590,1590,0,0, -1.0000000000000002E+01, -1.8280163218511485E-02,  4.1659014796486560E-01,  4.2299931112537370E-01, -1.0000000000000000E+00, -1.0000000000000000E+00
3,2,2,1,1,2,legacy-reference-retry,512,46,835, -1.4052463760147618E-01, -3.8754692875731217E-02,  1.0176994472575984E-01,  1.4876988529977098E-14,  1.7366750398872810E-15, -1.0030670360221662E-02,  1.4362000000000208E-02,1,2007,0,2007,2007,0,0, -1.0000000000000052E+01, -8.4697334235915751E-03,  4.1659014796486560E-01,  4.2299975743403284E-01, -1.0000000000000000E+00, -1.0000000000000000E+00
3,2,2,1,1,2,legacy-reference-retry,1024,94,1503, -1.4359797484396455E-01, -3.9597186199116674E-02,  1.0400078864483930E-01, -8.5764728652293343E-15,  4.0339910231668163E-15, -5.8632828767569770E-03,  2.1644000000000219E-02,1,2665,0,2665,2665,0,0, -1.0000000000000009E+01, -6.0533340029775007E-03,  4.1659014796486560E-01,  4.2299982663765867E-01, -1.0000000000000000E+00, -1.0000000000000000E+00
3,2,2,1,1,2,legacy-reference-retry,2048,189,2536, -1.4455554234608436E-01, -3.9807809529962941E-02,  1.0474773281614347E-01,  2.2044865932713265E-14,  2.0522320821891871E-15, -3.2140512064502101E-03,  2.9145999999999894E-02,1,2726,0,2726,2726,0,0, -1.0000000000000012E+01, -6.1372388653702968E-03,  4.1659014796486560E-01,  4.2299982423469473E-01, -1.0000000000000000E+00, -1.0000000000000000E+00
3,2,2,1,1,2,legacy-reference-retry,4096,382,4398, -1.4591009119747694E-01, -4.0229056191655919E-02,  1.0568103500582282E-01,  1.7971735211119721E-15,  2.2207442048477466E-15, -1.6895615699657467E-03,  5.1148000000000415E-02,1,4781,0,4781,4781,0,0, -1.0000000000000055E+01, -3.9749534711814539E-03,  4.1659014796486560E-01,  4.2299988616071077E-01, -1.0000000000000000E+00, -1.0000000000000000E+00
3,2,2,1,0,1,legacy-reference-bound,1,1,5, -6.4868250165676911E-01, -4.3135658157335610E-01,  2.1732592008343232E-01,  1.9317880628477724E-14,  4.4408920985006262E-16, -6.4868250165676911E-01,  7.3000000000433829E-05,2,6,0,6,6,0,0, -9.7468925147468894E+00,  6.0822894562445362E-01,  4.1681714101236722E-01,  4.2299999999999999E-01, -1.0000000000000000E+00, -1.0000000000000000E+00
3,2,2,1,0,1,legacy-reference-bound,2,2,11, -7.4595223239495234E-01, -4.3135658157335610E-01,  3.1459565082163010E-01,  3.3861802251067274E-14,  7.7715611723760958E-16, -3.7669829030274821E-01,  1.2400000000045708E-04,2,13,0,13,13,0,0, -9.6569205673538345E+00,  1.4661378364134681E+00,  4.1689732391120649E-01,  4.2299999999999999E-01,  9.7269730738184235E-02,  4.5592513221830204E+00
3,2,2,1,0,1,legacy-reference-bound,4,4,22, -8.7594029300108966E-01, -4.3135658157335610E-01,  4.4458371142776798E-01,  3.4416913763379853E-14,  1.5265566588595902E-15, -2.2900730944119596E-01,  2.3299999999970566E-04,2,26,0,26,26,0,0, -9.3827680482147553E+00,  5.9587779507717835E+00,  4.1713997625140553E-01,  4.2299999999999999E-01,  1.2998806060613474E-01,  9.5474300948648345E+00
3,2,2,1,0,1,legacy-reference-bound,8,8,48, -1.0154874690398799E+00, -4.3135658157335616E-01,  5.8413088746655717E-01,  3.3473224192448470E-14,  2.1926904736346842E-15, -1.4693830670288496E-01,  5.9699999999995867E-04,2,56,0,56,56,0,0, -7.8351570181110990E+00,  6.2263248691423492E+00,  4.1845922958843429E-01,  4.2299999999999999E-01,  1.3954717603879549E-01,  1.2105005411990531E+01
3,2,2,1,0,1,legacy-reference-bound,16,16,109, -1.0923417850867949E+00, -4.3135658157335599E-01,  6.6098520351344803E-01,  9.1038288019262836E-15,  1.2975731600306517E-15, -9.9826740481881268E-02,  1.0759999999994108E-03,2,125,0,125,125,0,0,  6.1465848783012156E-01,  4.4466554580518910E+01,  4.2299999999999999E-01,  4.2299999999999999E-01,  7.6854316046911925E-02,  5.2301711598630007E+01
3,2,2,1,0,1,legacy-reference-bound,32,32,197, -1.0923417850868060E+00, -4.3135658157335588E-01,  6.6098520351344803E-01, -2.1094237467877974E-15,  4.2084391527197340E-15, -7.1965877701510500E-02,  1.9280000000003739E-03,2,229,0,229,229,0,0,  8.1594044044909886E-01,  6.2899294795478809E+01,  4.2299999999999999E-01,  4.2299999999999999E-01,  0.0000000000000000E+00,  1.8432740214959900E+01
3,2,2,1,0,1,legacy-reference-bound,64,64,383, -1.0923417850867996E+00, -4.3135658157335655E-01,  6.6098520351344803E-01,  4.9960036108132044E-15,  1.7433970933566911E-15, -5.4877431262563517E-02,  3.6579999999997170E-03,2,447,0,447,447,0,0,  8.1594044044909886E-01,  6.2899294795478809E+01,  4.2299999999999999E-01,  4.2299999999999999E-01,  0.0000000000000000E+00,  0.0000000000000000E+00
3,2,2,1,1,2,legacy-reference-retry,128,10,251, -1.4232507590916557E-01, -3.3699732935418447E-02,  1.0862534297377380E-01,  2.6673108166619386E-14,  2.7209137720696219E-15, -4.3757049598610598E-02,  7.0329999999998449E-03,2,1154,0,1154,1154,0,0, -9.9999999999993339E+00, -4.4094892021092284E-02,  4.1659014796486626E-01,  4.2299751949581865E-01, -1.0000000000000000E+00, -1.0000000000000000E+00
3,2,2,1,1,2,legacy-reference-retry,256,22,457, -1.5441349982610975E-01, -3.7069706228960275E-02,  1.1734379359714353E-01, -5.9396931817445875E-15,  4.8750066483638221E-15, -3.5895272550944594E-02,  1.1394999999999378E-02,2,1590,0,1590,1590,0,0, -1.0000000000000002E+01, -1.8280163218511485E-02,  4.1659014796486560E-01,  4.2299931112537370E-01, -1.0000000000000000E+00, -1.0000000000000000E+00
3,2,2,1,1,2,legacy-reference-retry,512,46,835, -1.6052463760147620E-01, -3.8754692875731217E-02,  1.2176994472576297E-01,  1.7985612998927536E-14,  1.7366750398872810E-15, -3.0030670360221660E-02,  1.4761000000000024E-02,2,2007,0,2007,2007,0,0, -1.0000000000000052E+01, -8.4697334235915751E-03,  4.1659014796486560E-01,  4.2299975743403284E-01, -1.0000000000000000E+00, -1.0000000000000000E+00
3,2,2,1,1,2,legacy-reference-retry,1024,94,1503, -1.6359797484396452E-01, -3.9597186199116674E-02,  1.2400078864484243E-01, -5.4123372450476381E-15,  4.0339910231668163E-15, -2.5863282876756977E-02,  2.1632000000000318E-02,2,2665,0,2665,2665,0,0, -1.0000000000000009E+01, -6.0533340029775007E-03,  4.1659014796486560E-01,  4.2299982663765867E-01, -1.0000000000000000E+00, -1.0000000000000000E+00
3,2,2,1,1,2,legacy-reference-retry,2048,189,2536, -1.6455554234608444E-01, -3.9807809529962941E-02,  1.2474773281614659E-01,  2.5097979250432445E-14,  2.0522320821891871E-15, -2.3214051206450211E-02,  2.7889999999999304E-02,2,2726,0,2726,2726,0,0, -1.0000000000000012E+01, -6.1372388653702968E-03,  4.1659014796486560E-01,  4.2299982423469473E-01, -1.0000000000000000E+00, -1.0000000000000000E+00
3,2,2,1,1,2,legacy-reference-retry,4096,382,4398, -1.6591009119747685E-01, -4.0229056191655919E-02,  1.2568103500582595E-01,  5.0168202925249261E-15,  2.2207442048477466E-15, -2.1689561569965748E-02,  5.2407999999999788E-02,2,4781,0,4781,4781,0,0, -1.0000000000000055E+01, -3.9749534711814539E-03,  4.1659014796486560E-01,  4.2299988616071077E-01, -1.0000000000000000E+00, -1.0000000000000000E+00
3,2,2,1,0,1,legacy-reference-bound,1,1,5, -6.4868250165676911E-01, -4.3135658157335610E-01,  2.1732592008343232E-01,  1.9317880628477724E-14,  4.4408920985006262E-16, -6.4868250165676911E-01,  7.1999999999405873E-05,3,6,0,6,6,0,0, -9.7468925147468894E+00,  6.0822894562445362E-01,  4.1681714101236722E-01,  4.2299999999999999E-01, -1.0000000000000000E+00, -1.0000000000000000E+00
3,2,2,1,0,1,legacy-reference-bound,2,2,11, -7.4595223239495234E-01, -4.3135658157335610E-01,  3.1459565082163010E-01,  3.3861802251067274E-14,  7.7715611723760958E-16, -3.7669829030274821E-01,  1.2399999999956890E-04,3,13,0,13,13,0,0, -9.6569205673538345E+00,  1.4661378364134681E+00,  4.1689732391120649E-01,  4.2299999999999999E-01,  9.7269730738184235E-02,  4.5592513221830204E+00
3,2,2,1,0,1,legacy-reference-bound,4,4,22, -8.7594029300108966E-01, -4.3135658157335610E-01,  4.4458371142776798E-01,  3.4416913763379853E-14,  1.5265566588595902E-15, -2.2900730944119596E-01,  2.3299999999970566E-04,3,26,0,26,26,0,0, -9.3827680482147553E+00,  5.9587779507717835E+00,  4.1713997625140553E-01,  4.2299999999999999E-01,  1.2998806060613474E-01,  9.5474300948648345E+00
3,2,2,1,0,1,legacy-reference-bound,8,8,48, -1.0154874690398799E+00, -4.3135658157335616E-01,  5.8413088746655717E-01,  3.3473224192448470E-14,  2.1926904736346842E-15, -1.4693830670288496E-01,  4.6600000000029951E-04,3,56,0,56,56,0,0, -7.8351570181110990E+00,  6.2263248691423492E+00,  4.1845922958843429E-01,  4.2299999999999999E-01,  1.3954717603879549E-01,  1.2105005411990531E+01
3,2,2,1,0,1,legacy-reference-bound,16,16,109, -1.0923417850867949E+00, -4.3135658157335599E-01,  6.6098520351344803E-01,  9.1038288019262836E-15,  1.2975731600306517E-15, -9.9826740481881268E-02,  1.0439999999993788E-03,3,125,0,125,125,0,0,  6.1465848783012156E-01,  4.4466554580518910E+01,  4.2299999999999999E-01,  4.2299999999999999E-01,  7.6854316046911925E-02,  5.2301711598630007E+01
3,2,2,1,0,1,legacy-reference-bound,32,32,197, -1.0923417850868060E+00, -4.3135658157335588E-01,  6.6098520351344803E-01, -2.1094237467877974E-15,  4.2084391527197340E-15, -7.1965877701510500E-02,  2.1139999999997272E-03,3,229,0,229,229,0,0,  8.1594044044909886E-01,  6.2899294795478809E+01,  4.2299999999999999E-01,  4.2299999999999999E-01,  0.0000000000000000E+00,  1.8432740214959900E+01
3,2,2,1,0,1,legacy-reference-bound,64,64,383, -1.0923417850867996E+00, -4.3135658157335655E-01,  6.6098520351344803E-01,  4.9960036108132044E-15,  1.7433970933566911E-15, -5.4877431262563517E-02,  3.9590000000000458E-03,3,447,0,447,447,0,0,  8.1594044044909886E-01,  6.2899294795478809E+01,  4.2299999999999999E-01,  4.2299999999999999E-01,  0.0000000000000000E+00,  0.0000000000000000E+00
3,2,2,1,1,2,legacy-reference-retry,128,10,251, -1.4232507590916557E-01, -3.3699732935418447E-02,  1.0862534297377380E-01,  2.6673108166619386E-14,  2.7209137720696219E-15, -4.3757049598610598E-02,  7.2849999999995418E-03,3,1154,0,1154,1154,0,0, -9.9999999999993339E+00, -4.4094892021092284E-02,  4.1659014796486626E-01,  4.2299751949581865E-01, -1.0000000000000000E+00, -1.0000000000000000E+00
3,2,2,1,1,2,legacy-reference-retry,256,23,460, -1.5578040129589407E-01, -3.8754692875731196E-02,  1.1702570842017224E-01,  9.3605678763708511E-15,  2.0517441912115686E-15,  0.0000000000000000E+00,  1.0177999999999798E-02,3,1589,5,1589,1594,0,1, -1.0000000000000000E+01, -1.9951528723421492E-02,  4.1659014796486560E-01,  4.2299921760816683E-01, -1.0000000000000000E+00, -1.0000000000000000E+00
3,2,2,1,1,2,legacy-reference-retry,512,48,829, -1.6192673201818245E-01, -4.0439679522502145E-02,  1.2148705249568792E-01,  7.6189055064901368E-15,  4.4328690024242334E-15,  0.0000000000000000E+00,  1.4472000000000484E-02,3,1816,10,1816,1826,0,1, -1.0000000000000012E+01, -9.4313524150074542E-03,  4.1659014796486560E-01,  4.2299972989408219E-01, -1.0000000000000000E+00, -1.0000000000000000E+00
3,2,2,1,1,2,legacy-reference-retry,1024,98,1484, -1.6501798543230459E-01, -4.1282172845887588E-02,  1.2373581258643895E-01,  2.1954660311962471E-14,  1.9683690441474333E-15,  0.0000000000000000E+00,  2.2269999999999790E-02,3,2670,20,2670,2690,0,1, -1.0000000000000012E+01, -7.5799518901583599E-03,  4.1659014796486560E-01,  4.2299978291661977E-01, -1.0000000000000000E+00, -1.0000000000000000E+00
3,2,2,1,1,2,legacy-reference-retry,2048,198,2585, -1.6656777655549376E-01, -4.1703419507580219E-02,  1.2486435704794019E-01,  2.6645352591003757E-14,  2.3864916119664681E-15,  0.0000000000000000E+00,  3.1616999999999784E-02,3,3510,40,3510,3550,0,1, -1.0000000000000025E+01, -5.6764983324247313E-03,  4.1659014796486560E-01,  4.2299983742991198E-01, -1.0000000000000000E+00, -1.0000000000000000E+00
3,2,2,1,1,2,legacy-reference-retry,4096,399,4437, -1.6763526217494459E-01, -4.2019354503850075E-02,  1.2561590767107589E-01, -1.8630930131990908E-14,  2.0132821191426453E-15,  0.0000000000000000E+00,  4.9648999999999610E-02,3,4764,73,4764,4837,0,1, -1.0000000000000112E+01, -4.2459235915422201E-03,  4.1659014796486549E-01,  4.2299987840035680E-01, -1.0000000000000000E+00, -1.0000000000000000E+00
3,2,3,1,0,1,legacy-reference-bound,1,1,1, -1.1875000000000000E+00, -1.1875000000000000E+00,  0.0000000000000000E+00,  0.0000000000000000E+00,  0.0000000000000000E+00, -1.1875000000000000E+00,  2.2999999999662180E-05,1,2,0,2,2,0,0,  2.0000000000000000E-02,  2.0000000000000000E-02,  4.2299999999999999E-01,  4.2299999999999999E-01, -1.0000000000000000E+00, -1.0000000000000000E+00
3,2,3,1,0,1,legacy-reference-bound,2,2,2, -1.1875000000000000E+00, -1.1875000000000000E+00,  0.0000000000000000E+00,  0.0000000000000000E+00,  0.0000000000000000E+00, -5.9375000000000000E-01,  2.7000000000221291E-05,1,4,0,4,4,0,0,  2.0000000000000000E-02,  2.0000000000000000E-02,  4.2299999999999999E-01,  4.2299999999999999E-01,  0.0000000000000000E+00,  0.0000000000000000E+00
3,2,3,1,0,1,legacy-reference-bound,4,4,4, -1.1875000000000000E+00, -1.1875000000000000E+00,  0.0000000000000000E+00,  0.0000000000000000E+00,  0.0000000000000000E+00, -2.9687500000000000E-01,  5.0000000000771649E-05,1,8,0,8,8,0,0,  2.0000000000000000E-02,  2.0000000000000000E-02,  4.2299999999999999E-01,  4.2299999999999999E-01,  0.0000000000000000E+00,  0.0000000000000000E+00
3,2,3,1,0,1,legacy-reference-bound,8,8,8, -1.1875000000000000E+00, -1.1875000000000000E+00,  0.0000000000000000E+00,  0.0000000000000000E+00,  0.0000000000000000E+00, -1.4843750000000000E-01,  9.5999999999207830E-05,1,16,0,16,16,0,0,  2.0000000000000000E-02,  2.0000000000000000E-02,  4.2299999999999999E-01,  4.2299999999999999E-01,  0.0000000000000000E+00,  0.0000000000000000E+00
3,2,3,1,0,1,legacy-reference-bound,16,16,16, -1.1875000000000000E+00, -1.1875000000000000E+00,  0.0000000000000000E+00,  0.0000000000000000E+00,  0.0000000000000000E+00, -7.4218750000000000E-02,  2.0899999999990371E-04,1,32,0,32,32,0,0,  2.0000000000000000E-02,  2.0000000000000000E-02,  4.2299999999999999E-01,  4.2299999999999999E-01,  0.0000000000000000E+00,  0.0000000000000000E+00
3,2,3,1,0,1,legacy-reference-bound,32,32,32, -1.1875000000000000E+00, -1.1875000000000000E+00,  0.0000000000000000E+00,  0.0000000000000000E+00,  0.0000000000000000E+00, -3.7109375000000000E-02,  3.7700000000029377E-04,1,64,0,64,64,0,0,  2.0000000000000000E-02,  2.0000000000000000E-02,  4.2299999999999999E-01,  4.2299999999999999E-01,  0.0000000000000000E+00,  0.0000000000000000E+00
3,2,3,1,0,1,legacy-reference-bound,64,64,64, -1.1875000000000000E+00, -1.1875000000000000E+00,  0.0000000000000000E+00,  0.0000000000000000E+00,  0.0000000000000000E+00, -1.8554687500000000E-02,  7.6300000000006918E-04,1,128,0,128,128,0,0,  2.0000000000000000E-02,  2.0000000000000000E-02,  4.2299999999999999E-01,  4.2299999999999999E-01,  0.0000000000000000E+00,  0.0000000000000000E+00
3,2,3,1,0,1,legacy-reference-bound,128,128,128, -1.1875000000000000E+00, -1.1875000000000000E+00,  0.0000000000000000E+00,  0.0000000000000000E+00,  0.0000000000000000E+00, -9.2773437500000000E-03,  1.5330000000002286E-03,1,256,0,256,256,0,0,  2.0000000000000000E-02,  2.0000000000000000E-02,  4.2299999999999999E-01,  4.2299999999999999E-01,  0.0000000000000000E+00,  0.0000000000000000E+00
3,2,3,1,0,1,legacy-reference-bound,256,256,256, -1.1875000000000000E+00, -1.1875000000000000E+00,  0.0000000000000000E+00,  0.0000000000000000E+00,  0.0000000000000000E+00, -4.6386718750000000E-03,  3.0289999999997264E-03,1,512,0,512,512,0,0,  2.0000000000000000E-02,  2.0000000000000000E-02,  4.2299999999999999E-01,  4.2299999999999999E-01,  0.0000000000000000E+00,  0.0000000000000000E+00
3,2,3,1,0,1,legacy-reference-bound,512,512,512, -1.1875000000000000E+00, -1.1875000000000000E+00,  0.0000000000000000E+00,  0.0000000000000000E+00,  0.0000000000000000E+00, -2.3193359375000000E-03,  6.1200000000001253E-03,1,1024,0,1024,1024,0,0,  2.0000000000000000E-02,  2.0000000000000000E-02,  4.2299999999999999E-01,  4.2299999999999999E-01,  0.0000000000000000E+00,  0.0000000000000000E+00
3,2,3,1,0,1,legacy-reference-bound,1024,1024,1024, -1.1875000000000000E+00, -1.1875000000000000E+00,  0.0000000000000000E+00,  0.0000000000000000E+00,  0.0000000000000000E+00, -1.1596679687500000E-03,  1.2684000000000140E-02,1,2048,0,2048,2048,0,0,  2.0000000000000000E-02,  2.0000000000000000E-02,  4.2299999999999999E-01,  4.2299999999999999E-01,  0.0000000000000000E+00,  0.0000000000000000E+00
3,2,3,1,0,1,legacy-reference-bound,2048,2048,2048, -1.1875000000000000E+00, -1.1875000000000000E+00,  0.0000000000000000E+00,  0.0000000000000000E+00,  0.0000000000000000E+00, -5.7983398437500000E-04,  2.5377999999999901E-02,1,4096,0,4096,4096,0,0,  2.0000000000000000E-02,  2.0000000000000000E-02,  4.2299999999999999E-01,  4.2299999999999999E-01,  0.0000000000000000E+00,  0.0000000000000000E+00
3,2,3,1,0,1,legacy-reference-bound,4096,4096,4096, -1.1875000000000000E+00, -1.1875000000000000E+00,  0.0000000000000000E+00,  0.0000000000000000E+00,  0.0000000000000000E+00, -2.8991699218750000E-04,  5.1241000000000092E-02,1,8192,0,8192,8192,0,0,  2.0000000000000000E-02,  2.0000000000000000E-02,  4.2299999999999999E-01,  4.2299999999999999E-01,  0.0000000000000000E+00,  0.0000000000000000E+00
3,2,3,1,0,1,legacy-reference-bound,1,1,1, -1.2075000000000000E+00, -1.1875000000000000E+00,  2.0000000000003126E-02,  3.1086244689504383E-15,  0.0000000000000000E+00, -1.2075000000000000E+00,  2.0000000000131024E-05,2,2,0,2,2,0,0,  2.0000000000000000E-02,  2.0000000000000000E-02,  4.2299999999999999E-01,  4.2299999999999999E-01, -1.0000000000000000E+00, -1.0000000000000000E+00
3,2,3,1,0,1,legacy-reference-bound,2,2,2, -1.2075000000000000E+00, -1.1875000000000000E+00,  2.0000000000003126E-02,  3.1086244689504383E-15,  0.0000000000000000E+00, -6.1375000000000002E-01,  2.7000000000221291E-05,2,4,0,4,4,0,0,  2.0000000000000000E-02,  2.0000000000000000E-02,  4.2299999999999999E-01,  4.2299999999999999E-01,  0.0000000000000000E+00,  0.0000000000000000E+00
3,2,3,1,0,1,legacy-reference-bound,4,4,4, -1.2075000000000000E+00, -1.1875000000000000E+00,  2.0000000000003126E-02,  3.1086244689504383E-15,  0.0000000000000000E+00, -3.1687500000000002E-01,  4.9000000000631871E-05,2,8,0,8,8,0,0,  2.0000000000000000E-02,  2.0000000000000000E-02,  4.2299999999999999E-01,  4.2299999999999999E-01,  0.0000000000000000E+00,  0.0000000000000000E+00
3,2,3,1,0,1,legacy-reference-bound,8,8,8, -1.2075000000000000E+00, -1.1875000000000000E+00,  2.0000000000003126E-02,  3.1086244689504383E-15,  0.0000000000000000E+00, -1.6843749999999999E-01,  9.8000000000375564E-05,2,16,0,16,16,0,0,  2.0000000000000000E-02,  2.0000000000000000E-02,  4.2299999999999999E-01,  4.2299999999999999E-01,  0.0000000000000000E+00,  0.0000000000000000E+00
3,2,3,1,0,1,legacy-reference-bound,16,16,16, -1.2075000000000000E+00, -1.1875000000000000E+00,  2.0000000000003126E-02,  3.1086244689504383E-15,  0.0000000000000000E+00, -9.4218750000000004E-02,  1.8899999999977268E-04,2,32,0,32,32,0,0,  2.0000000000000000E-02,  2.0000000000000000E-02,  4.2299999999999999E-01,  4.2299999999999999E-01,  0.0000000000000000E+00,  0.0000000000000000E+00
3,2,3,1,0,1,legacy-reference-bound,32,32,32, -1.2075000000000000E+00, -1.1875000000000000E+00,  2.0000000000003126E-02,  3.1086244689504383E-15,  0.0000000000000000E+00, -5.7109375000000004E-02,  3.9000000000033452E-04,2,64,0,64,64,0,0,  2.0000000000000000E-02,  2.0000000000000000E-02,  4.2299999999999999E-01,  4.2299999999999999E-01,  0.0000000000000000E+00,  0.0000000000000000E+00
3,2,3,1,0,1,legacy-reference-bound,64,64,64, -1.2075000000000000E+00, -1.1875000000000000E+00,  2.0000000000003126E-02,  3.1086244689504383E-15,  0.0000000000000000E+00, -3.8554687500000004E-02,  7.7900000000052927E-04,2,128,0,128,128,0,0,  2.0000000000000000E-02,  2.0000000000000000E-02,  4.2299999999999999E-01,  4.2299999999999999E-01,  0.0000000000000000E+00,  0.0000000000000000E+00
3,2,3,1,0,1,legacy-reference-bound,128,128,128, -1.2075000000000000E+00, -1.1875000000000000E+00,  2.0000000000003126E-02,  3.1086244689504383E-15,  0.0000000000000000E+00, -2.9277343750000000E-02,  1.5080000000002869E-03,2,256,0,256,256,0,0,  2.0000000000000000E-02,  2.0000000000000000E-02,  4.2299999999999999E-01,  4.2299999999999999E-01,  0.0000000000000000E+00,  0.0000000000000000E+00
3,2,3,1,0,1,legacy-reference-bound,256,256,256, -1.2075000000000000E+00, -1.1875000000000000E+00,  2.0000000000003126E-02,  3.1086244689504383E-15,  0.0000000000000000E+00, -2.4638671875000000E-02,  3.0510000000001369E-03,2,512,0,512,512,0,0,  2.0000000000000000E-02,  2.0000000000000000E-02,  4.2299999999999999E-01,  4.2299999999999999E-01,  0.0000000000000000E+00,  0.0000000000000000E+00
3,2,3,1,0,1,legacy-reference-bound,512,512,512, -1.2075000000000000E+00, -1.1875000000000000E+00,  2.0000000000003126E-02,  3.1086244689504383E-15,  0.0000000000000000E+00, -2.2319335937500000E-02,  6.6999999999994841E-03,2,1024,0,1024,1024,0,0,  2.0000000000000000E-02,  2.0000000000000000E-02,  4.2299999999999999E-01,  4.2299999999999999E-01,  0.0000000000000000E+00,  0.0000000000000000E+00
3,2,3,1,0,1,legacy-reference-bound,1024,1024,1024, -1.2075000000000000E+00, -1.1875000000000000E+00,  2.0000000000003126E-02,  3.1086244689504383E-15,  0.0000000000000000E+00, -2.1159667968750000E-02,  1.2583000000000233E-02,2,2048,0,2048,2048,0,0,  2.0000000000000000E-02,  2.0000000000000000E-02,  4.2299999999999999E-01,  4.2299999999999999E-01,  0.0000000000000000E+00,  0.0000000000000000E+00
3,2,3,1,0,1,legacy-reference-bound,2048,2048,2048, -1.2075000000000000E+00, -1.1875000000000000E+00,  2.0000000000003126E-02,  3.1086244689504383E-15,  0.0000000000000000E+00, -2.0579833984375000E-02,  2.5838999999999501E-02,2,4096,0,4096,4096,0,0,  2.0000000000000000E-02,  2.0000000000000000E-02,  4.2299999999999999E-01,  4.2299999999999999E-01,  0.0000000000000000E+00,  0.0000000000000000E+00
3,2,3,1,0,1,legacy-reference-bound,4096,4096,4096, -1.2075000000000000E+00, -1.1875000000000000E+00,  2.0000000000003126E-02,  3.1086244689504383E-15,  0.0000000000000000E+00, -2.0289916992187500E-02,  5.1238999999999812E-02,2,8192,0,8192,8192,0,0,  2.0000000000000000E-02,  2.0000000000000000E-02,  4.2299999999999999E-01,  4.2299999999999999E-01,  0.0000000000000000E+00,  0.0000000000000000E+00
3,2,3,1,0,1,legacy-reference-bound,1,1,1, -1.2075000000000000E+00, -1.1875000000000000E+00,  2.0000000000003126E-02,  3.1086244689504383E-15,  0.0000000000000000E+00, -1.2075000000000000E+00,  2.0999999999382624E-05,3,2,0,2,2,0,0,  2.0000000000000000E-02,  2.0000000000000000E-02,  4.2299999999999999E-01,  4.2299999999999999E-01, -1.0000000000000000E+00, -1.0000000000000000E+00
3,2,3,1,0,1,legacy-reference-bound,2,2,2, -1.2075000000000000E+00, -1.1875000000000000E+00,  2.0000000000003126E-02,  3.1086244689504383E-15,  0.0000000000000000E+00, -6.1375000000000002E-01,  2.7000000000221291E-05,3,4,0,4,4,0,0,  2.0000000000000000E-02,  2.0000000000000000E-02,  4.2299999999999999E-01,  4.2299999999999999E-01,  0.0000000000000000E+00,  0.0000000000000000E+00
3,2,3,1,0,1,legacy-reference-bound,4,4,4, -1.2075000000000000E+00, -1.1875000000000000E+00,  2.0000000000003126E-02,  3.1086244689504383E-15,  0.0000000000000000E+00, -3.1687500000000002E-01,  4.9999999999883471E-05,3,8,0,8,8,0,0,  2.0000000000000000E-02,  2.0000000000000000E-02,  4.2299999999999999E-01,  4.2299999999999999E-01,  0.0000000000000000E+00,  0.0000000000000000E+00
3,2,3,1,0,1,legacy-reference-bound,8,8,8, -1.2075000000000000E+00, -1.1875000000000000E+00,  2.0000000000003126E-02,  3.1086244689504383E-15,  0.0000000000000000E+00, -1.6843749999999999E-01,  9.5999999999207830E-05,3,16,0,16,16,0,0,  2.0000000000000000E-02,  2.0000000000000000E-02,  4.2299999999999999E-01,  4.2299999999999999E-01,  0.0000000000000000E+00,  0.0000000000000000E+00
3,2,3,1,0,1,legacy-reference-bound,16,16,16, -1.2075000000000000E+00, -1.1875000000000000E+00,  2.0000000000003126E-02,  3.1086244689504383E-15,  0.0000000000000000E+00, -9.4218750000000004E-02,  1.8899999999977268E-04,3,32,0,32,32,0,0,  2.0000000000000000E-02,  2.0000000000000000E-02,  4.2299999999999999E-01,  4.2299999999999999E-01,  0.0000000000000000E+00,  0.0000000000000000E+00
3,2,3,1,0,1,legacy-reference-bound,32,32,32, -1.2075000000000000E+00, -1.1875000000000000E+00,  2.0000000000003126E-02,  3.1086244689504383E-15,  0.0000000000000000E+00, -5.7109375000000004E-02,  3.7600000000015399E-04,3,64,0,64,64,0,0,  2.0000000000000000E-02,  2.0000000000000000E-02,  4.2299999999999999E-01,  4.2299999999999999E-01,  0.0000000000000000E+00,  0.0000000000000000E+00
3,2,3,1,0,1,legacy-reference-bound,64,64,64, -1.2075000000000000E+00, -1.1875000000000000E+00,  2.0000000000003126E-02,  3.1086244689504383E-15,  0.0000000000000000E+00, -3.8554687500000004E-02,  7.6699999999974011E-04,3,128,0,128,128,0,0,  2.0000000000000000E-02,  2.0000000000000000E-02,  4.2299999999999999E-01,  4.2299999999999999E-01,  0.0000000000000000E+00,  0.0000000000000000E+00
3,2,3,1,0,1,legacy-reference-bound,128,128,128, -1.2075000000000000E+00, -1.1875000000000000E+00,  2.0000000000003126E-02,  3.1086244689504383E-15,  0.0000000000000000E+00, -2.9277343750000000E-02,  1.5399999999994307E-03,3,256,0,256,256,0,0,  2.0000000000000000E-02,  2.0000000000000000E-02,  4.2299999999999999E-01,  4.2299999999999999E-01,  0.0000000000000000E+00,  0.0000000000000000E+00
3,2,3,1,0,1,legacy-reference-bound,256,256,1122, -1.2002586034965952E+00, -1.1875000000000000E+00,  1.2758603496621390E-02,  2.6201263381153694E-14,  1.0299920638612292E-15,  0.0000000000000000E+00,  9.9020000000002995E-03,3,1368,22,1369,1391,2,1, -4.0799130840782256E+00,  4.1780586751459847E-02,  4.2121644359055554E-01,  4.2299999999999999E-01,  7.2413965033994721E-03,  4.0999130840782252E+00
3,2,3,1,0,1,legacy-reference-bound,512,512,1637, -1.2034853439625366E+00, -1.1875000000000000E+00,  1.5985343962562126E-02,  2.5535129566378600E-14,  1.5660216179380626E-15,  0.0000000000000000E+00,  1.3867000000000296E-02,3,2132,29,2133,2162,2,1, -2.8652616517075318E+00,  1.9919976290879743E-02,  4.2192938280148740E-01,  4.2299999999999999E-01,  3.2267404659457044E-03,  1.2146514323706938E+00
3,2,3,1,1,2,legacy-reference-retry,1024,8,160, -2.6207300360681772E-02, -9.2773437500000000E-03,  1.6929956610695740E-02,  1.3967993428565251E-14,  1.4891516839088403E-15,  0.0000000000000000E+00,  7.5140000000004648E-03,3,1295,43,1296,1339,2,1, -8.4304606792200187E-01, -1.9806252772112069E-02,  4.2281859410378653E-01,  4.2299922588343497E-01, -1.0000000000000000E+00, -1.0000000000000000E+00
3,2,3,1,1,2,legacy-reference-retry,2048,2,95,  0.0000000000000000E+00, -1.1596679687500000E-03, -1.1596679687286837E-03,  2.1316282072803006E-14,  5.2730172658832508E-16,  0.0000000000000000E+00,  9.8999999999982435E-04,3,0,112,1,113,2,0, -1.2255933504445014E+00, -3.7142127591787262E-04,  4.2268755326350949E-01,  4.2299998936281030E-01, -1.0000000000000000E+00, -1.0000000000000000E+00
3,2,3,1,1,2,legacy-reference-retry,4096,34,424, -2.6909755400806645E-02, -9.8571777343750000E-03,  1.7052577666440527E-02,  8.8817841970012523E-15,  1.6538148888550763E-15,  0.0000000000000000E+00,  9.5719999999994698E-03,3,1342,164,1343,1507,2,1, -7.3718269004067116E-01, -1.9048873003821968E-02,  4.2285074305374737E-01,  4.2299926857651560E-01, -1.0000000000000000E+00, -1.0000000000000000E+00
3,5,1,1,0,1,legacy-reference-bound,1,1,5, -6.1577033610379062E-01, -1.3814060080268864E-02,  6.0195627602352175E-01,  0.0000000000000000E+00,  5.6378512969246231E-16, -6.1577033610379062E-01,  7.1000000000154273E-05,1,6,0,6,6,0,0, -1.2299999997834382E+02,  6.2182069883811519E-01,  3.0672347318923410E-01,  4.2299999999999999E-01, -1.0000000000000000E+00, -1.0000000000000000E+00
3,5,1,1,0,1,legacy-reference-bound,2,2,10, -9.6559134526440682E-01, -1.3814059841525173E-02,  9.5177728542288165E-01,  0.0000000000000000E+00,  9.9139446652074525E-16, -4.9025790906954170E-01,  1.1900000000064637E-04,1,12,0,12,12,0,0, -1.2299999999990044E+02,  2.6929802906344180E-01,  3.0672347317441340E-01,  4.2299999999999999E-01,  3.5104297582974842E-01,  5.4628689357404056E+01
3,5,1,1,0,1,legacy-reference-bound,4,4,70, -1.4292182482824916E+00, -1.3814059840853488E-02,  1.4154041884416415E+00,  3.4416913763379853E-15,  5.1247200927306835E-14, -4.0821115934742452E-01,  7.2399999999994691E-04,1,74,0,74,74,0,0, -1.2299999999999989E+02, -1.5918718588627367E-01,  3.0672347317434501E-01,  4.2298394169696196E-01,  4.6420909371290603E-01,  6.2857690580824780E+01
3,5,1,1,0,1,legacy-reference-bound,8,8,120, -1.8423908587268290E+00, -1.3814059840941695E-02,  1.8285767988858908E+00,  3.4972025275692431E-15,  1.5603837666411380E-14, -3.5511776396822670E-01,  1.2569999999998416E-03,1,128,0,128,128,0,0, -1.2300000000000001E+02, -2.8851001708706719E-01,  3.0672347317434490E-01,  4.2296185777961948E-01,  4.1463756924258854E-01,  5.4646391228920436E+01
3,5,1,1,0,1,legacy-reference-bound,16,16,232, -2.0774658891843809E+00, -1.3814059840999426E-02,  2.0636518293433852E+00,  3.7192471324942744E-15,  1.2792718273590964E-14, -3.1841444655005247E-01,  2.4290000000002365E-03,1,248,0,248,248,0,0, -1.2300000000000001E+02, -2.8041417304358146E-01,  3.0672347317434490E-01,  4.2296340477545835E-01,  2.3507590327386585E-01,  3.1947384776722814E+01
3,5,1,1,0,1,legacy-reference-bound,32,32,454, -2.2017247219435543E+00, -1.3814059841005012E-02,  2.1879106621025528E+00,  3.5318969970887792E-15,  1.2314368275090359E-14, -2.8426962503224157E-01,  4.7509999999997277E-03,1,486,0,486,486,0,0, -1.2300000000000001E+02, -2.6820922924627016E-01,  3.0672347317434490E-01,  4.2296569873930878E-01,  1.2425918964458688E-01,  1.6003840411468047E+01
3,5,1,1,0,1,legacy-reference-bound,64,64,856, -2.2670721918562289E+00, -1.3814059841006355E-02,  2.2532581320152261E+00,  3.5423053379446401E-15,  1.1524852253086415E-14, -2.3934760739419964E-01,  9.2310000000006553E-03,1,920,0,920,920,0,0, -1.2300000000000000E+02, -2.6011502647748458E-01,  3.0672347317434490E-01,  4.2296719424579909E-01,  6.5347614263880083E-02,  8.1179624373250476E+00
3,5,1,1,0,1,legacy-reference-bound,128,128,1600, -2.3012741500403817E+00, -1.3814059841018373E-02,  2.2874600901993674E+00,  4.0141501234103316E-15,  1.0074298166518059E-14, -1.8300877201453405E-01,  1.7902999999999558E-02,1,1728,0,1728,1728,0,0, -1.2300000000000000E+02, -2.5534760885285246E-01,  3.0672347317434490E-01,  4.2296806528075981E-01,  3.4202002742280413E-02,  3.8699802427367871E+00
3,5,1,1,0,1,legacy-reference-bound,256,256,2962, -2.3189967454637541E+00, -1.3814059841004728E-02,  2.3051826856227535E+00,  4.1355807667287081E-15,  3.5369385371908368E-15, -1.2670500569860735E-01,  3.2957999999999821E-02,1,3218,0,3218,3218,0,0, -1.2300000000000000E+02, -2.5269824572501787E-01,  3.0672347317434490E-01,  4.2296854615795254E-01,  1.7722614672716908E-02,  2.0447024710858699E+00
3,5,1,1,0,1,legacy-reference-bound,512,512,5394, -2.3280809730958940E+00, -1.3814059841023178E-02,  2.3142669132548761E+00,  5.2666204730655863E-15,  4.5015261049968780E-15, -8.0182754747878476E-02,  6.0228999999999644E-02,1,5906,0,5906,5906,0,0, -1.2300000000000000E+02, -2.5128173216072386E-01,  3.0672347317434490E-01,  4.2296880232762513E-01,  9.0842362623230755E-03,  1.0605629599031801E+00
3,5,1,1,0,1,legacy-reference-bound,1024,1024,9684, -2.3326957515014435E+00, -1.3814059840960470E-02,  2.3188816916604864E+00,  3.3983232894385651E-15,  2.5049813568919777E-15, -4.6969069427893882E-02,  1.0965600000000020E-01,1,10708,0,10708,10708,0,0, -1.2300000000000014E+02, -2.5054395538148622E-01,  3.0672347317434479E-01,  4.2296893549151982E-01,  4.6147823761941154E-03,  5.4093919740566321E-01
3,5,1,1,0,1,legacy-reference-bound,2048,2048,17082, -2.3350248042276127E+00, -1.3814059840990534E-02,  2.3212107443866259E+00,  3.7088387916384136E-15,  1.8696185550247379E-15, -2.5898454019469282E-02,  1.9732499999999931E-01,1,19130,0,19130,19130,0,0, -1.2300000000000000E+02, -2.5016631250501015E-01,  3.0672347317434490E-01,  4.2296900358469613E-01,  2.3290546050191985E-03,  2.7341293448363047E-01
3,5,1,1,0,1,legacy-reference-bound,4096,4096,29795, -2.3361953503998678E+00, -1.3814059840927498E-02,  2.3223812905589512E+00,  1.0838552277903091E-14,  2.1750823527271618E-15, -1.3695567560400945E-02,  3.5227400000000042E-01,1,33891,0,33891,33891,0,0, -1.2300000000000000E+02, -2.4997506347023596E-01,  3.0672347317434490E-01,  4.2296903805119390E-01,  1.1705470815298602E-03,  1.3749446869996973E-01
3,5,1,1,0,1,legacy-reference-bound,1,1,5, -6.3577033610379063E-01, -1.3814060080268864E-02,  6.2195627602352133E-01, -4.4408920985006262E-16,  5.6378512969246231E-16, -6.3577033610379063E-01,  8.6999999999726185E-05,2,6,0,6,6,0,0, -1.2299999997834382E+02,  6.2182069883811519E-01,  3.0672347318923410E-01,  4.2299999999999999E-01, -1.0000000000000000E+00, -1.0000000000000000E+00
3,5,1,1,0,1,legacy-reference-bound,2,2,10, -9.8559134526440684E-01, -1.3814059841525173E-02,  9.7177728542288122E-01, -4.4408920985006262E-16,  9.9139446652074525E-16, -5.1025790906954172E-01,  1.1899999999975819E-04,2,12,0,12,12,0,0, -1.2299999999990044E+02,  2.6929802906344180E-01,  3.0672347317441340E-01,  4.2299999999999999E-01,  3.5104297582974842E-01,  5.4628689357404056E+01
3,5,1,1,0,1,legacy-reference-bound,4,4,70, -1.4492182482824916E+00, -1.3814059840853488E-02,  1.4354041884416411E+00,  2.9976021664879227E-15,  5.1247200927306835E-14, -4.2821115934742454E-01,  7.2199999999966735E-04,2,74,0,74,74,0,0, -1.2299999999999989E+02, -1.5918718588627367E-01,  3.0672347317434501E-01,  4.2298394169696196E-01,  4.6420909371290603E-01,  6.2857690580824780E+01
3,5,1,1,0,1,legacy-reference-bound,8,8,120, -1.8623908587268290E+00, -1.3814059840941695E-02,  1.8485767988858903E+00,  3.0531133177191805E-15,  1.5603837666411380E-14, -3.7511776396822671E-01,  1.2419999999995213E-03,2,128,0,128,128,0,0, -1.2300000000000001E+02, -2.8851001708706719E-01,  3.0672347317434490E-01,  4.2296185777961948E-01,  4.1463756924258854E-01,  5.4646391228920436E+01
3,5,1,1,0,1,legacy-reference-bound,16,16,232, -2.0974658891843809E+00, -1.3814059840999426E-02,  2.0836518293433848E+00,  3.2751579226442118E-15,  1.2792718273590964E-14, -3.3841444655005248E-01,  2.4920000000001608E-03,2,248,0,248,248,0,0, -1.2300000000000001E+02, -2.8041417304358146E-01,  3.0672347317434490E-01,  4.2296340477545835E-01,  2.3507590327386585E-01,  3.1947384776722814E+01
3,5,1,1,0,1,legacy-reference-bound,32,32,454, -2.2217247219435543E+00, -1.3814059841005012E-02,  2.2079106621025524E+00,  3.0878077872387166E-15,  1.2314368275090359E-14, -3.0426962503224159E-01,  4.8979999999998469E-03,2,486,0,486,486,0,0, -1.2300000000000001E+02, -2.6820922924627016E-01,  3.0672347317434490E-01,  4.2296569873930878E-01,  1.2425918964458688E-01,  1.6003840411468047E+01
3,5,1,1,0,1,legacy-reference-bound,64,64,856, -2.2870721918562285E+00, -1.3814059841006355E-02,  2.2732581320152256E+00,  3.5423053379446401E-15,  1.1524852253086415E-14, -2.5934760739419965E-01,  9.6989999999994581E-03,2,920,0,920,920,0,0, -1.2300000000000000E+02, -2.6011502647748458E-01,  3.0672347317434490E-01,  4.2296719424579909E-01,  6.5347614263880083E-02,  8.1179624373250476E+00
3,5,1,1,0,1,legacy-reference-bound,128,128,1600, -2.3212741500403813E+00, -1.3814059841018373E-02,  2.3074600901993669E+00,  4.0141501234103316E-15,  1.0074298166518059E-14, -2.0300877201453404E-01,  1.7829000000000761E-02,2,1728,0,1728,1728,0,0, -1.2300000000000000E+02, -2.5534760885285246E-01,  3.0672347317434490E-01,  4.2296806528075981E-01,  3.4202002742280413E-02,  3.8699802427367871E+00
3,5,1,1,0,1,legacy-reference-bound,256,256,2962, -2.3389967454637541E+00, -1.3814059841004728E-02,  2.3251826856227531E+00,  3.6914915568786455E-15,  3.5369385371908368E-15, -1.4670500569860734E-01,  3.3001999999999754E-02,2,3218,0,3218,3218,0,0, -1.2300000000000000E+02, -2.5269824572501787E-01,  3.0672347317434490E-01,  4.2296854615795254E-01,  1.7722614672716908E-02,  2.0447024710858699E+00
3,5,1,1,0,1,legacy-reference-bound,512,512,5394, -2.3480809730958945E+00, -1.3814059841023178E-02,  2.3342669132548757E+00,  4.3784420533654611E-15,  4.5015261049968780E-15, -1.0018275474787848E-01,  6.0604999999999798E-02,2,5906,0,5906,5906,0,0, -1.2300000000000000E+02, -2.5128173216072386E-01,  3.0672347317434490E-01,  4.2296880232762513E-01,  9.0842362623230755E-03,  1.0605629599031801E+00
3,5,1,1,0,1,legacy-reference-bound,1024,1024,9684, -2.3526957515014439E+00, -1.3814059840960470E-02,  2.3388816916604860E+00,  2.5101448697384399E-15,  2.5049813568919777E-15, -6.6969069427893879E-02,  1.0900800000000022E-01,2,10708,0,10708,10708,0,0, -1.2300000000000014E+02, -2.5054395538148622E-01,  3.0672347317434479E-01,  4.2296893549151982E-01,  4.6147823761941154E-03,  5.4093919740566321E-01
3,5,1,1,0,1,legacy-reference-bound,2048,2048,17082, -2.3550248042276141E+00, -1.3814059840990534E-02,  2.3412107443866255E+00,  1.9324819522381631E-15,  1.8696185550247379E-15, -4.5898454019469279E-02,  2.0385600000000004E-01,2,19130,0,19130,19130,0,0, -1.2300000000000000E+02, -2.5016631250501015E-01,  3.0672347317434490E-01,  4.2296900358469613E-01,  2.3290546050191985E-03,  2.7341293448363047E-01
3,5,1,1,0,1,legacy-reference-bound,4096,4096,29795, -2.3561953503998674E+00, -1.3814059840927498E-02,  2.3423812905589507E+00,  1.0838552277903091E-14,  2.1750823527271618E-15, -3.3695567560400944E-02,  3.4808299999999992E-01,2,33891,0,33891,33891,0,0, -1.2300000000000000E+02, -2.4997506347023596E-01,  3.0672347317434490E-01,  4.2296903805119390E-01,  1.1705470815298602E-03,  1.3749446869996973E-01
3,5,1,1,0,1,legacy-reference-bound,1,1,5, -6.3577033610379063E-01, -1.3814060080268864E-02,  6.2195627602352133E-01, -4.4408920985006262E-16,  5.6378512969246231E-16, -6.3577033610379063E-01,  6.8999999999874717E-05,3,6,0,6,6,0,0, -1.2299999997834382E+02,  6.2182069883811519E-01,  3.0672347318923410E-01,  4.2299999999999999E-01, -1.0000000000000000E+00, -1.0000000000000000E+00
3,5,1,1,0,1,legacy-reference-bound,2,2,10, -9.8559134526440684E-01, -1.3814059841525173E-02,  9.7177728542288122E-01, -4.4408920985006262E-16,  9.9139446652074525E-16, -5.1025790906954172E-01,  1.1999999999989797E-04,3,12,0,12,12,0,0, -1.2299999999990044E+02,  2.6929802906344180E-01,  3.0672347317441340E-01,  4.2299999999999999E-01,  3.5104297582974842E-01,  5.4628689357404056E+01
3,5,1,1,0,1,legacy-reference-bound,4,4,70, -1.4492182482824916E+00, -1.3814059840853488E-02,  1.4354041884416411E+00,  2.9976021664879227E-15,  5.1247200927306835E-14, -4.2821115934742454E-01,  8.5100000000082332E-04,3,74,0,74,74,0,0, -1.2299999999999989E+02, -1.5918718588627367E-01,  3.0672347317434501E-01,  4.2298394169696196E-01,  4.6420909371290603E-01,  6.2857690580824780E+01
3,5,1,1,0,1,legacy-reference-bound,8,8,120, -1.8623908587268290E+00, -1.3814059840941695E-02,  1.8485767988858903E+00,  3.0531133177191805E-15,  1.5603837666411380E-14, -3.7511776396822671E-01,  1.2389999999999901E-03,3,128,0,128,128,0,0, -1.2300000000000001E+02, -2.8851001708706719E-01,  3.0672347317434490E-01,  4.2296185777961948E-01,  4.1463756924258854E-01,  5.4646391228920436E+01
3,5,1,1,0,1,legacy-reference-bound,16,16,232, -2.0974658891843809E+00, -1.3814059840999426E-02,  2.0836518293433848E+00,  3.2751579226442118E-15,  1.2792718273590964E-14, -3.3841444655005248E-01,  2.5699999999995171E-03,3,248,0,248,248,0,0, -1.2300000000000001E+02, -2.8041417304358146E-01,  3.0672347317434490E-01,  4.2296340477545835E-01,  2.3507590327386585E-01,  3.1947384776722814E+01
3,5,1,1,0,1,legacy-reference-bound,32,32,454, -2.2217247219435543E+00, -1.3814059841005012E-02,  2.2079106621025524E+00,  3.0878077872387166E-15,  1.2314368275090359E-14, -3.0426962503224159E-01,  4.8249999999994131E-03,3,486,0,486,486,0,0, -1.2300000000000001E+02, -2.6820922924627016E-01,  3.0672347317434490E-01,  4.2296569873930878E-01,  1.2425918964458688E-01,  1.6003840411468047E+01
3,5,1,1,0,1,legacy-reference-bound,64,64,856, -2.2870721918562285E+00, -1.3814059841006355E-02,  2.2732581320152256E+00,  3.5423053379446401E-15,  1.1524852253086415E-14, -2.5934760739419965E-01,  9.1080000000003380E-03,3,920,0,920,920,0,0, -1.2300000000000000E+02, -2.6011502647748458E-01,  3.0672347317434490E-01,  4.2296719424579909E-01,  6.5347614263880083E-02,  8.1179624373250476E+00
3,5,1,1,0,1,legacy-reference-bound,128,128,1600, -2.3212741500403813E+00, -1.3814059841018373E-02,  2.3074600901993669E+00,  4.0141501234103316E-15,  1.0074298166518059E-14, -2.0300877201453404E-01,  1.8157000000000423E-02,3,1728,0,1728,1728,0,0, -1.2300000000000000E+02, -2.5534760885285246E-01,  3.0672347317434490E-01,  4.2296806528075981E-01,  3.4202002742280413E-02,  3.8699802427367871E+00
3,5,1,1,0,1,legacy-reference-bound,256,256,2954, -2.3338084271880835E+00, -1.3814059841032695E-02,  2.3199943673470536E+00,  2.7929047963226594E-15,  3.5589478412922926E-15,  0.0000000000000000E+00,  3.2849000000000572E-02,3,3206,4,3206,3210,0,1, -1.2300000000000000E+02, -2.5487129512282936E-01,  3.0672347317434490E-01,  4.2296815190286796E-01,  1.2534704261573937E-02,  1.5085775157208730E+00
3,5,1,1,0,1,legacy-reference-bound,512,512,5378, -2.3428951709252113E+00, -1.3814059841028129E-02,  2.3290811110841894E+00,  6.2207183848528302E-15,  4.4911177641410172E-15,  0.0000000000000000E+00,  6.1901999999999902E-02,3,5882,8,5882,5890,0,1, -1.2300000000000000E+02, -2.5344345459102979E-01,  3.0672347317434490E-01,  4.2296841112805139E-01,  9.0867522197241035E-03,  1.0565802625213365E+00
3,5,1,1,0,1,legacy-reference-bound,1024,1024,9649, -2.3475112983139721E+00, -1.3814059840959458E-02,  2.3336972384730181E+00,  5.4956039718945249E-15,  2.3707571279382722E-15,  0.0000000000000000E+00,  1.1052399999999984E-01,3,10657,16,10657,10673,0,1, -1.2300000000000000E+02, -2.5269980992602892E-01,  3.0672347317434490E-01,  4.2296854587471278E-01,  4.6161313017434313E-03,  5.3926420848546286E-01
3,5,1,1,0,1,legacy-reference-bound,2048,2048,17039, -2.3498410525706599E+00, -1.3814059841002401E-02,  2.3360269927296677E+00,  1.0247011572595000E-14,  1.9751114264075775E-15,  0.0000000000000000E+00,  1.9535700000000045E-01,3,19055,32,19055,19087,0,1, -1.2300000000000000E+02, -2.5231917285575406E-01,  3.0672347317434490E-01,  4.2296861477558378E-01,  2.3297561117738286E-03,  2.7265656698628504E-01
3,5,1,1,0,1,legacy-reference-bound,4096,4096,29708, -2.3510119570487098E+00, -1.3814059840896568E-02,  2.3371978972078189E+00,  5.6656068725402520E-15,  2.1397712432220245E-15,  0.0000000000000000E+00,  3.6641199999999863E-01,3,33740,64,33740,33804,0,1, -1.2300000000000009E+02, -2.5212641004988928E-01,  3.0672347317434490E-01,  4.2296864965045644E-01,  1.1709053769165534E-03,  1.3713683656601461E-01
3,5,2,1,0,1,legacy-reference-bound,1,1,5, -6.2881089680833868E-01, -4.3631665367375605E-01,  1.9249424313458263E-01,  0.0000000000000000E+00,  5.5511151231257827E-17, -6.2881089680833868E-01,  8.3000000000055252E-05,1,6,0,6,6,0,0, -9.9856265317596336E+00,  6.0809379283332765E-01,  4.1660309408454532E-01,  4.2299999999999999E-01, -1.0000000000000000E+00, -1.0000000000000000E+00
3,5,2,1,0,1,legacy-reference-bound,2,2,11, -7.2599723165143515E-01, -4.3616922541618114E-01,  2.8982800623525407E-01,  5.5511151231257827E-17,  3.3306690738754696E-16, -3.5670043557905617E-01,  1.2500000000059686E-04,1,13,0,13,13,0,0, -9.9754620354227335E+00,  1.4655652619814625E+00,  4.1661224518918394E-01,  4.2299999999999999E-01,  9.7333763100648507E-02,  4.5620313541469315E+00
3,5,2,1,0,1,legacy-reference-bound,4,4,22, -8.5599538176712797E-01, -4.3775312388387061E-01,  4.1824225788325720E-01, -1.6653345369377348E-16,  5.6898930012039273E-16, -2.0900731711188764E-01,  2.3399999999895726E-04,1,26,0,26,26,0,0, -9.9441272058177947E+00,  5.9532555693040115E+00,  4.1664043500268810E-01,  4.2299999999999999E-01,  1.2841425164802009E-01,  9.5462553159999857E+00
3,5,2,1,0,1,legacy-reference-bound,8,8,48, -9.9591081087787692E-01, -4.4764868372705613E-01,  5.4826212715082079E-01,  0.0000000000000000E+00,  1.1796119636642288E-15, -1.2693830670606410E-01,  4.6900000000071884E-04,1,56,0,56,56,0,0, -9.7498771145350975E+00,  6.0610998389008213E+00,  4.1681447655183934E-01,  4.2299999999999999E-01,  1.3001986926755069E-01,  1.1953320183557782E+01
3,5,2,1,0,1,legacy-reference-bound,16,16,109, -1.1082414160365932E+00, -4.9407509155008211E-01,  6.1416632448651143E-01,  3.3306690738754696E-16,  1.2385925618474403E-15, -7.9826740481881348E-02,  1.0300000000000864E-03,1,125,0,125,125,0,0, -8.6806437340523033E+00,  1.3399340853537076E+00,  4.1774950914361564E-01,  4.2299999999999999E-01,  6.5904197335709402E-02,  7.7074187573612782E+00
3,5,2,1,0,1,legacy-reference-bound,32,32,214, -1.1732306454564694E+00, -5.5522794662819897E-01,  6.1800269882827052E-01,  1.1102230246251565E-16,  5.3776427755281020E-15, -5.1965877701510503E-02,  2.2120000000001028E-03,1,246,0,246,246,0,0, -8.2078738347601288E+00,  1.0737852102012843E-01,  4.1814977018922916E-01,  4.2299999999999999E-01,  4.4076736754371237E-03,  1.2325555643335793E+00
3,5,2,1,0,1,legacy-reference-bound,64,64,416, -1.2034325935569394E+00, -5.8501918601987701E-01,  6.1841340753706220E-01, -2.2204460492503131E-16,  1.6662018986757232E-15, -3.4877431262563513E-02,  4.2770000000000863E-03,1,480,0,480,480,0,0, -8.1643273500817646E+00,  1.9728654791200433E-02,  4.1818620836735287E-01,  4.2299999999999999E-01,  4.9122587576666543E-04,  1.0555865000970549E-01
3,5,2,1,1,2,legacy-reference-retry,128,10,251, -1.2232507590916557E-01, -3.3699732935394903E-02,  8.8625342973770671E-02,  6.9388939039072284E-18,  2.6827498555981322E-15, -2.3757049598610601E-02,  7.6390000000010616E-03,1,1154,0,1154,1154,0,0, -9.9999999999996625E+00, -4.4094892021092284E-02,  4.1659014796486593E-01,  4.2299751949581865E-01, -1.0000000000000000E+00, -1.0000000000000000E+00
3,5,2,1,1,2,legacy-reference-retry,256,22,457, -1.3441349982610976E-01, -3.7069706228969344E-02,  9.7343793597140404E-02, -6.9388939039072284E-18,  7.0737686541644251E-15, -1.5895272550944594E-02,  1.0330999999998980E-02,1,1590,0,1590,1590,0,0, -9.9999999999999840E+00, -1.8280163218511485E-02,  4.1659014796486560E-01,  4.2299931112537370E-01, -1.0000000000000000E+00, -1.0000000000000000E+00
3,5,2,1,1,2,legacy-reference-retry,512,46,835, -1.4052463760147618E-01, -3.8754692875716333E-02,  1.0176994472575984E-01, -6.9388939039072284E-18,  2.2905939298101252E-15, -1.0030670360221662E-02,  1.4275999999998845E-02,1,2007,0,2007,2007,0,0, -1.0000000000000027E+01, -8.4697334235915751E-03,  4.1659014796486560E-01,  4.2299975743403284E-01, -1.0000000000000000E+00, -1.0000000000000000E+00
3,5,2,1,1,2,legacy-reference-retry,1024,94,1503, -1.4359797484396455E-01, -3.9597186199125271E-02,  1.0400078864483930E-01,  2.0816681711721685E-17,  4.0339910231668163E-15, -5.8632828767569770E-03,  2.1798999999999680E-02,1,2665,0,2665,2665,0,0, -1.0000000000000009E+01, -6.0533340029775007E-03,  4.1659014796486560E-01,  4.2299982663765867E-01, -1.0000000000000000E+00, -1.0000000000000000E+00
3,5,2,1,1,2,legacy-reference-retry,2048,189,2536, -1.4455554234608436E-01, -3.9807809529940869E-02,  1.0474773281614347E-01, -2.7755575615628914E-17,  2.0522320821891871E-15, -3.2140512064502101E-03,  2.7588000000001500E-02,1,2726,0,2726,2726,0,0, -1.0000000000000012E+01, -6.1372388653702968E-03,  4.1659014796486560E-01,  4.2299982423469473E-01, -1.0000000000000000E+00, -1.0000000000000000E+00
3,5,2,1,1,2,legacy-reference-retry,4096,382,4398, -1.4591009119747694E-01, -4.0229056191654011E-02,  1.0568103500582282E-01, -1.1102230246251565E-16,  2.2207442048477466E-15, -1.6895615699657467E-03,  4.8989999999999867E-02,1,4781,0,4781,4781,0,0, -1.0000000000000055E+01, -3.9749534711814539E-03,  4.1659014796486560E-01,  4.2299988616071077E-01, -1.0000000000000000E+00, -1.0000000000000000E+00
3,5,2,1,0,1,legacy-reference-bound,1,1,5, -6.4881089680833870E-01, -4.3631665367375605E-01,  2.1249424313458576E-01,  3.1086244689504383E-15,  5.5511151231257827E-17, -6.4881089680833870E-01,  6.9999999999126317E-05,2,6,0,6,6,0,0, -9.9856265317596336E+00,  6.0809379283332765E-01,  4.1660309408454532E-01,  4.2299999999999999E-01, -1.0000000000000000E+00, -1.0000000000000000E+00
3,5,2,1,0,1,legacy-reference-bound,2,2,11, -7.4599723165143517E-01, -4.3616922541618114E-01,  3.0982800623525719E-01,  3.1641356201816961E-15,  3.3306690738754696E-16, -3.7670043557905619E-01,  1.2599999999984846E-04,2,13,0,13,13,0,0, -9.9754620354227335E+00,  1.4655652619814625E+00,  4.1661224518918394E-01,  4.2299999999999999E-01,  9.7333763100648507E-02,  4.5620313541469315E+00
3,5,2,1,0,1,legacy-reference-bound,4,4,22, -8.7599538176712777E-01, -4.3775312388387061E-01,  4.3824225788326032E-01,  3.1641356201816961E-15,  5.6898930012039273E-16, -2.2900731711188763E-01,  2.5999999999903878E-04,2,26,0,26,26,0,0, -9.9441272058177947E+00,  5.9532555693040115E+00,  4.1664043500268810E-01,  4.2299999999999999E-01,  1.2841425164802009E-01,  9.5462553159999857E+00
3,5,2,1,0,1,legacy-reference-bound,8,8,48, -1.0159108108778769E+00, -4.4764868372705613E-01,  5.6826212715082391E-01,  3.1086244689504383E-15,  1.1796119636642288E-15, -1.4693830670606409E-01,  5.6599999999917827E-04,2,56,0,56,56,0,0, -9.7498771145350975E+00,  6.0610998389008213E+00,  4.1681447655183934E-01,  4.2299999999999999E-01,  1.3001986926755069E-01,  1.1953320183557782E+01
3,5,2,1,0,1,legacy-reference-bound,16,16,109, -1.1282414160365932E+00, -4.9407509155008211E-01,  6.3416632448651455E-01,  3.4416913763379853E-15,  1.2385925618474403E-15, -9.9826740481881351E-02,  1.0379999999994283E-03,2,125,0,125,125,0,0, -8.6806437340523033E+00,  1.3399340853537076E+00,  4.1774950914361564E-01,  4.2299999999999999E-01,  6.5904197335709402E-02,  7.7074187573612782E+00
3,5,2,1,0,1,legacy-reference-bound,32,32,214, -1.1932306454564692E+00, -5.5522794662819897E-01,  6.3800269882827365E-01,  3.4416913763379853E-15,  5.3776427755281020E-15, -7.1965877701510500E-02,  2.1740000000001203E-03,2,246,0,246,246,0,0, -8.2078738347601288E+00,  1.0737852102012843E-01,  4.1814977018922916E-01,  4.2299999999999999E-01,  4.4076736754371237E-03,  1.2325555643335793E+00
3,5,2,1,0,1,legacy-reference-bound,64,64,416, -1.2234325935569397E+00, -5.8501918601987701E-01,  6.3841340753706532E-01,  2.6645352591003757E-15,  1.6662018986757232E-15, -5.4877431262563517E-02,  4.1679999999999495E-03,2,480,0,480,480,0,0, -8.1643273500817646E+00,  1.9728654791200433E-02,  4.1818620836735287E-01,  4.2299999999999999E-01,  4.9122587576666543E-04,  1.0555865000970549E-01
3,5,2,1,1,2,legacy-reference-retry,128,10,251, -1.4232507590916557E-01, -3.3699732935394903E-02,  1.0862534297377380E-01,  3.1294411506621600E-15,  2.6827498555981322E-15, -4.3757049598610598E-02,  7.1549999999991343E-03,2,1154,0,1154,1154,0,0, -9.9999999999996625E+00, -4.4094892021092284E-02,  4.1659014796486593E-01,  4.2299751949581865E-01, -1.0000000000000000E+00, -1.0000000000000000E+00
3,5,2,1,1,2,legacy-reference-retry,256,22,457, -1.5441349982610975E-01, -3.7069706228969344E-02,  1.1734379359714353E-01,  3.1294411506621600E-15,  7.0737686541644251E-15, -3.5895272550944594E-02,  1.0498000000000118E-02,2,1590,0,1590,1590,0,0, -9.9999999999999840E+00, -1.8280163218511485E-02,  4.1659014796486560E-01,  4.2299931112537370E-01, -1.0000000000000000E+00, -1.0000000000000000E+00
3,5,2,1,1,2,legacy-reference-retry,512,46,835, -1.6052463760147620E-01, -3.8754692875716333E-02,  1.2176994472576297E-01,  3.1016855750465311E-15,  2.2905939298101252E-15, -3.0030670360221660E-02,  1.4865999999999602E-02,2,2007,0,2007,2007,0,0, -1.0000000000000027E+01, -8.4697334235915751E-03,  4.1659014796486560E-01,  4.2299975743403284E-01, -1.0000000000000000E+00, -1.0000000000000000E+00
3,5,2,1,1,2,legacy-reference-retry,1024,94,1503, -1.6359797484396452E-01, -3.9597186199125271E-02,  1.2400078864484243E-01,  3.1849523018934178E-15,  4.0339910231668163E-15, -2.5863282876756977E-02,  2.1319999999999339E-02,2,2665,0,2665,2665,0,0, -1.0000000000000009E+01, -6.0533340029775007E-03,  4.1659014796486560E-01,  4.2299982663765867E-01, -1.0000000000000000E+00, -1.0000000000000000E+00
3,5,2,1,1,2,legacy-reference-retry,2048,189,2536, -1.6455554234608444E-01, -3.9807809529940869E-02,  1.2474773281614659E-01,  3.0253577421035516E-15,  2.0522320821891871E-15, -2.3214051206450211E-02,  2.8703999999999397E-02,2,2726,0,2726,2726,0,0, -1.0000000000000012E+01, -6.1372388653702968E-03,  4.1659014796486560E-01,  4.2299982423469473E-01, -1.0000000000000000E+00, -1.0000000000000000E+00
3,5,2,1,1,2,legacy-reference-retry,4096,382,4398, -1.6591009119747685E-01, -4.0229056191654011E-02,  1.2568103500582595E-01,  3.1086244689504383E-15,  2.2207442048477466E-15, -2.1689561569965748E-02,  5.0111999999998602E-02,2,4781,0,4781,4781,0,0, -1.0000000000000055E+01, -3.9749534711814539E-03,  4.1659014796486560E-01,  4.2299988616071077E-01, -1.0000000000000000E+00, -1.0000000000000000E+00
3,5,2,1,0,1,legacy-reference-bound,1,1,5, -6.4881089680833870E-01, -4.3631665367375605E-01,  2.1249424313458576E-01,  3.1086244689504383E-15,  5.5511151231257827E-17, -6.4881089680833870E-01,  7.1000000000154273E-05,3,6,0,6,6,0,0, -9.9856265317596336E+00,  6.0809379283332765E-01,  4.1660309408454532E-01,  4.2299999999999999E-01, -1.0000000000000000E+00, -1.0000000000000000E+00
3,5,2,1,0,1,legacy-reference-bound,2,2,11, -7.4599723165143517E-01, -4.3616922541618114E-01,  3.0982800623525719E-01,  3.1641356201816961E-15,  3.3306690738754696E-16, -3.7670043557905619E-01,  1.2500000000059686E-04,3,13,0,13,13,0,0, -9.9754620354227335E+00,  1.4655652619814625E+00,  4.1661224518918394E-01,  4.2299999999999999E-01,  9.7333763100648507E-02,  4.5620313541469315E+00
3,5,2,1,0,1,legacy-reference-bound,4,4,22, -8.7599538176712777E-01, -4.3775312388387061E-01,  4.3824225788326032E-01,  3.1641356201816961E-15,  5.6898930012039273E-16, -2.2900731711188763E-01,  2.3499999999998522E-04,3,26,0,26,26,0,0, -9.9441272058177947E+00,  5.9532555693040115E+00,  4.1664043500268810E-01,  4.2299999999999999E-01,  1.2841425164802009E-01,  9.5462553159999857E+00
3,5,2,1,0,1,legacy-reference-bound,8,8,48, -1.0159108108778769E+00, -4.4764868372705613E-01,  5.6826212715082391E-01,  3.1086244689504383E-15,  1.1796119636642288E-15, -1.4693830670606409E-01,  4.9100000000024124E-04,3,56,0,56,56,0,0, -9.7498771145350975E+00,  6.0610998389008213E+00,  4.1681447655183934E-01,  4.2299999999999999E-01,  1.3001986926755069E-01,  1.1953320183557782E+01
3,5,2,1,0,1,legacy-reference-bound,16,16,109, -1.1282414160365932E+00, -4.9407509155008211E-01,  6.3416632448651455E-01,  3.4416913763379853E-15,  1.2385925618474403E-15, -9.9826740481881351E-02,  1.2730000000011898E-03,3,125,0,125,125,0,0, -8.6806437340523033E+00,  1.3399340853537076E+00,  4.1774950914361564E-01,  4.2299999999999999E-01,  6.5904197335709402E-02,  7.7074187573612782E+00
3,5,2,1,0,1,legacy-reference-bound,32,32,214, -1.1932306454564692E+00, -5.5522794662819897E-01,  6.3800269882827365E-01,  3.4416913763379853E-15,  5.3776427755281020E-15, -7.1965877701510500E-02,  2.1070000000005251E-03,3,246,0,246,246,0,0, -8.2078738347601288E+00,  1.0737852102012843E-01,  4.1814977018922916E-01,  4.2299999999999999E-01,  4.4076736754371237E-03,  1.2325555643335793E+00
3,5,2,1,0,1,legacy-reference-bound,64,64,416, -1.2234325935569397E+00, -5.8501918601987701E-01,  6.3841340753706532E-01,  2.6645352591003757E-15,  1.6662018986757232E-15, -5.4877431262563517E-02,  3.9850000000001273E-03,3,480,0,480,480,0,0, -8.1643273500817646E+00,  1.9728654791200433E-02,  4.1818620836735287E-01,  4.2299999999999999E-01,  4.9122587576666543E-04,  1.0555865000970549E-01
3,5,2,1,1,2,legacy-reference-retry,128,10,251, -1.4232507590916557E-01, -3.3699732935394903E-02,  1.0862534297377380E-01,  3.1294411506621600E-15,  2.6827498555981322E-15, -4.3757049598610598E-02,  7.3010000000000019E-03,3,1154,0,1154,1154,0,0, -9.9999999999996625E+00, -4.4094892021092284E-02,  4.1659014796486593E-01,  4.2299751949581865E-01, -1.0000000000000000E+00, -1.0000000000000000E+00
3,5,2,1,1,2,legacy-reference-retry,256,23,460, -1.5578040129589407E-01, -3.8754692875725000E-02,  1.1702570842017224E-01,  3.1641356201816961E-15,  1.5373986805844453E-15,  0.0000000000000000E+00,  1.0619999999999408E-02,3,1589,5,1589,1594,0,1, -9.9999999999999680E+00, -1.9951528723421492E-02,  4.1659014796486571E-01,  4.2299921760816683E-01, -1.0000000000000000E+00, -1.0000000000000000E+00
3,5,2,1,1,2,legacy-reference-retry,512,48,829, -1.6192673201818245E-01, -4.0439679522497607E-02,  1.2148705249568792E-01,  3.0808688933348094E-15,  4.4340616248139675E-15,  0.0000000000000000E+00,  1.3967000000000951E-02,3,1816,10,1816,1826,0,1, -1.0000000000000005E+01, -9.4313524150074542E-03,  4.1659014796486560E-01,  4.2299972989408219E-01, -1.0000000000000000E+00, -1.0000000000000000E+00
3,5,2,1,1,2,legacy-reference-retry,1024,98,1484, -1.6501798543230459E-01, -4.1282172845868735E-02,  1.2373581258643895E-01,  3.1016855750465311E-15,  1.9683690441474333E-15,  0.0000000000000000E+00,  2.1865999999999275E-02,3,2670,20,2670,2690,0,1, -1.0000000000000009E+01, -7.5799518901583599E-03,  4.1659014796486560E-01,  4.2299978291661977E-01, -1.0000000000000000E+00, -1.0000000000000000E+00
3,5,2,1,1,2,legacy-reference-retry,2048,198,2585, -1.6656777655549376E-01, -4.1703419507556738E-02,  1.2486435704794019E-01,  3.1641356201816961E-15,  2.3864916119664681E-15,  0.0000000000000000E+00,  3.3359000000000805E-02,3,3510,40,3510,3550,0,1, -1.0000000000000025E+01, -5.6764983324247313E-03,  4.1659014796486560E-01,  4.2299983742991198E-01, -1.0000000000000000E+00, -1.0000000000000000E+00
3,5,2,1,1,2,legacy-reference-retry,4096,399,4437, -1.6763526217494459E-01, -4.2019354503871821E-02,  1.2561590767107589E-01,  3.1155633628543455E-15,  2.0132821191426453E-15,  0.0000000000000000E+00,  4.9583000000000155E-02,3,4764,73,4764,4837,0,1, -1.0000000000000112E+01, -4.2459235915422201E-03,  4.1659014796486549E-01,  4.2299987840035680E-01, -1.0000000000000000E+00, -1.0000000000000000E+00
3,5,3,1,0,1,legacy-reference-bound,1,1,1, -1.1875000000000000E+00, -1.1875000000000000E+00,  0.0000000000000000E+00,  0.0000000000000000E+00,  0.0000000000000000E+00, -1.1875000000000000E+00,  2.6000000000081513E-05,1,2,0,2,2,0,0,  2.0000000000000000E-02,  2.0000000000000000E-02,  4.2299999999999999E-01,  4.2299999999999999E-01, -1.0000000000000000E+00, -1.0000000000000000E+00
3,5,3,1,0,1,legacy-reference-bound,2,2,2, -1.1875000000000000E+00, -1.1875000000000000E+00,  0.0000000000000000E+00,  0.0000000000000000E+00,  0.0000000000000000E+00, -5.9375000000000000E-01,  2.8000000000361069E-05,1,4,0,4,4,0,0,  2.0000000000000000E-02,  2.0000000000000000E-02,  4.2299999999999999E-01,  4.2299999999999999E-01,  0.0000000000000000E+00,  0.0000000000000000E+00
3,5,3,1,0,1,legacy-reference-bound,4,4,4, -1.1875000000000000E+00, -1.1875000000000000E+00,  0.0000000000000000E+00,  0.0000000000000000E+00,  0.0000000000000000E+00, -2.9687500000000000E-01,  5.0999999999135071E-05,1,8,0,8,8,0,0,  2.0000000000000000E-02,  2.0000000000000000E-02,  4.2299999999999999E-01,  4.2299999999999999E-01,  0.0000000000000000E+00,  0.0000000000000000E+00
3,5,3,1,0,1,legacy-reference-bound,8,8,8, -1.1875000000000000E+00, -1.1875000000000000E+00,  0.0000000000000000E+00,  0.0000000000000000E+00,  0.0000000000000000E+00, -1.4843750000000000E-01,  9.7999999999487386E-05,1,16,0,16,16,0,0,  2.0000000000000000E-02,  2.0000000000000000E-02,  4.2299999999999999E-01,  4.2299999999999999E-01,  0.0000000000000000E+00,  0.0000000000000000E+00
3,5,3,1,0,1,legacy-reference-bound,16,16,16, -1.1875000000000000E+00, -1.1875000000000000E+00,  0.0000000000000000E+00,  0.0000000000000000E+00,  0.0000000000000000E+00, -7.4218750000000000E-02,  1.9200000000019202E-04,1,32,0,32,32,0,0,  2.0000000000000000E-02,  2.0000000000000000E-02,  4.2299999999999999E-01,  4.2299999999999999E-01,  0.0000000000000000E+00,  0.0000000000000000E+00
3,5,3,1,0,1,legacy-reference-bound,32,32,32, -1.1875000000000000E+00, -1.1875000000000000E+00,  0.0000000000000000E+00,  0.0000000000000000E+00,  0.0000000000000000E+00, -3.7109375000000000E-02,  4.1700000000055581E-04,1,64,0,64,64,0,0,  2.0000000000000000E-02,  2.0000000000000000E-02,  4.2299999999999999E-01,  4.2299999999999999E-01,  0.0000000000000000E+00,  0.0000000000000000E+00
3,5,3,1,0,1,legacy-reference-bound,64,64,64, -1.1875000000000000E+00, -1.1875000000000000E+00,  0.0000000000000000E+00,  0.0000000000000000E+00,  0.0000000000000000E+00, -1.8554687500000000E-02,  7.7500000000085834E-04,1,128,0,128,128,0,0,  2.0000000000000000E-02,  2.0000000000000000E-02,  4.2299999999999999E-01,  4.2299999999999999E-01,  0.0000000000000000E+00,  0.0000000000000000E+00
3,5,3,1,0,1,legacy-reference-bound,128,128,128, -1.1875000000000000E+00, -1.1875000000000000E+00,  0.0000000000000000E+00,  0.0000000000000000E+00,  0.0000000000000000E+00, -9.2773437500000000E-03,  1.9489999999997565E-03,1,256,0,256,256,0,0,  2.0000000000000000E-02,  2.0000000000000000E-02,  4.2299999999999999E-01,  4.2299999999999999E-01,  0.0000000000000000E+00,  0.0000000000000000E+00
3,5,3,1,0,1,legacy-reference-bound,256,256,256, -1.1875000000000000E+00, -1.1875000000000000E+00,  0.0000000000000000E+00,  0.0000000000000000E+00,  0.0000000000000000E+00, -4.6386718750000000E-03,  3.3709999999995688E-03,1,512,0,512,512,0,0,  2.0000000000000000E-02,  2.0000000000000000E-02,  4.2299999999999999E-01,  4.2299999999999999E-01,  0.0000000000000000E+00,  0.0000000000000000E+00
3,5,3,1,0,1,legacy-reference-bound,512,512,512, -1.1875000000000000E+00, -1.1875000000000000E+00,  0.0000000000000000E+00,  0.0000000000000000E+00,  0.0000000000000000E+00, -2.3193359375000000E-03,  7.1340000000006398E-03,1,1024,0,1024,1024,0,0,  2.0000000000000000E-02,  2.0000000000000000E-02,  4.2299999999999999E-01,  4.2299999999999999E-01,  0.0000000000000000E+00,  0.0000000000000000E+00
3,5,3,1,0,1,legacy-reference-bound,1024,1024,1024, -1.1875000000000000E+00, -1.1875000000000000E+00,  0.0000000000000000E+00,  0.0000000000000000E+00,  0.0000000000000000E+00, -1.1596679687500000E-03,  1.4015999999999806E-02,1,2048,0,2048,2048,0,0,  2.0000000000000000E-02,  2.0000000000000000E-02,  4.2299999999999999E-01,  4.2299999999999999E-01,  0.0000000000000000E+00,  0.0000000000000000E+00
3,5,3,1,0,1,legacy-reference-bound,2048,2048,2048, -1.1875000000000000E+00, -1.1875000000000000E+00,  0.0000000000000000E+00,  0.0000000000000000E+00,  0.0000000000000000E+00, -5.7983398437500000E-04,  2.7151999999999177E-02,1,4096,0,4096,4096,0,0,  2.0000000000000000E-02,  2.0000000000000000E-02,  4.2299999999999999E-01,  4.2299999999999999E-01,  0.0000000000000000E+00,  0.0000000000000000E+00
3,5,3,1,0,1,legacy-reference-bound,4096,4096,4096, -1.1875000000000000E+00, -1.1875000000000000E+00,  0.0000000000000000E+00,  0.0000000000000000E+00,  0.0000000000000000E+00, -2.8991699218750000E-04,  5.6605000000001127E-02,1,8192,0,8192,8192,0,0,  2.0000000000000000E-02,  2.0000000000000000E-02,  4.2299999999999999E-01,  4.2299999999999999E-01,  0.0000000000000000E+00,  0.0000000000000000E+00
3,5,3,1,0,1,legacy-reference-bound,1,1,1, -1.2075000000000000E+00, -1.1875000000000000E+00,  2.0000000000003126E-02,  3.1086244689504383E-15,  0.0000000000000000E+00, -1.2075000000000000E+00,  2.3000000000550358E-05,2,2,0,2,2,0,0,  2.0000000000000000E-02,  2.0000000000000000E-02,  4.2299999999999999E-01,  4.2299999999999999E-01, -1.0000000000000000E+00, -1.0000000000000000E+00
3,5,3,1,0,1,legacy-reference-bound,2,2,2, -1.2075000000000000E+00, -1.1875000000000000E+00,  2.0000000000003126E-02,  3.1086244689504383E-15,  0.0000000000000000E+00, -6.1375000000000002E-01,  2.7999999998584713E-05,2,4,0,4,4,0,0,  2.0000000000000000E-02,  2.0000000000000000E-02,  4.2299999999999999E-01,  4.2299999999999999E-01,  0.0000000000000000E+00,  0.0000000000000000E+00
3,5,3,1,0,1,legacy-reference-bound,4,4,4, -1.2075000000000000E+00, -1.1875000000000000E+00,  2.0000000000003126E-02,  3.1086244689504383E-15,  0.0000000000000000E+00, -3.1687500000000002E-01,  4.9999999999883471E-05,2,8,0,8,8,0,0,  2.0000000000000000E-02,  2.0000000000000000E-02,  4.2299999999999999E-01,  4.2299999999999999E-01,  0.0000000000000000E+00,  0.0000000000000000E+00
3,5,3,1,0,1,legacy-reference-bound,8,8,8, -1.2075000000000000E+00, -1.1875000000000000E+00,  2.0000000000003126E-02,  3.1086244689504383E-15,  0.0000000000000000E+00, -1.6843749999999999E-01,  9.6999999998459430E-05,2,16,0,16,16,0,0,  2.0000000000000000E-02,  2.0000000000000000E-02,  4.2299999999999999E-01,  4.2299999999999999E-01,  0.0000000000000000E+00,  0.0000000000000000E+00
3,5,3,1,0,1,legacy-reference-bound,16,16,16, -1.2075000000000000E+00, -1.1875000000000000E+00,  2.0000000000003126E-02,  3.1086244689504383E-15,  0.0000000000000000E+00, -9.4218750000000004E-02,  2.0499999999934460E-04,2,32,0,32,32,0,0,  2.0000000000000000E-02,  2.0000000000000000E-02,  4.2299999999999999E-01,  4.2299999999999999E-01,  0.0000000000000000E+00,  0.0000000000000000E+00
3,5,3,1,0,1,legacy-reference-bound,32,32,32, -1.2075000000000000E+00, -1.1875000000000000E+00,  2.0000000000003126E-02,  3.1086244689504383E-15,  0.0000000000000000E+00, -5.7109375000000004E-02,  3.8300000000113243E-04,2,64,0,64,64,0,0,  2.0000000000000000E-02,  2.0000000000000000E-02,  4.2299999999999999E-01,  4.2299999999999999E-01,  0.0000000000000000E+00,  0.0000000000000000E+00
3,5,3,1,0,1,legacy-reference-bound,64,64,64, -1.2075000000000000E+00, -1.1875000000000000E+00,  2.0000000000003126E-02,  3.1086244689504383E-15,  0.0000000000000000E+00, -3.8554687500000004E-02,  7.7800000000038949E-04,2,128,0,128,128,0,0,  2.0000000000000000E-02,  2.0000000000000000E-02,  4.2299999999999999E-01,  4.2299999999999999E-01,  0.0000000000000000E+00,  0.0000000000000000E+00
3,5,3,1,0,1,legacy-reference-bound,128,128,128, -1.2075000000000000E+00, -1.1875000000000000E+00,  2.0000000000003126E-02,  3.1086244689504383E-15,  0.0000000000000000E+00, -2.9277343750000000E-02,  1.5520000000002199E-03,2,256,0,256,256,0,0,  2.0000000000000000E-02,  2.0000000000000000E-02,  4.2299999999999999E-01,  4.2299999999999999E-01,  0.0000000000000000E+00,  0.0000000000000000E+00
3,5,3,1,0,1,legacy-reference-bound,256,256,256, -1.2075000000000000E+00, -1.1875000000000000E+00,  2.0000000000003126E-02,  3.1086244689504383E-15,  0.0000000000000000E+00, -2.4638671875000000E-02,  3.1359999999995836E-03,2,512,0,512,512,0,0,  2.0000000000000000E-02,  2.0000000000000000E-02,  4.2299999999999999E-01,  4.2299999999999999E-01,  0.0000000000000000E+00,  0.0000000000000000E+00
3,5,3,1,0,1,legacy-reference-bound,512,512,512, -1.2075000000000000E+00, -1.1875000000000000E+00,  2.0000000000003126E-02,  3.1086244689504383E-15,  0.0000000000000000E+00, -2.2319335937500000E-02,  6.2229999999985353E-03,2,1024,0,1024,1024,0,0,  2.0000000000000000E-02,  2.0000000000000000E-02,  4.2299999999999999E-01,  4.2299999999999999E-01,  0.0000000000000000E+00,  0.0000000000000000E+00
3,5,3,1,0,1,legacy-reference-bound,1024,1024,1024, -1.2075000000000000E+00, -1.1875000000000000E+00,  2.0000000000003126E-02,  3.1086244689504383E-15,  0.0000000000000000E+00, -2.1159667968750000E-02,  1.2368999999999630E-02,2,2048,0,2048,2048,0,0,  2.0000000000000000E-02,  2.0000000000000000E-02,  4.2299999999999999E-01,  4.2299999999999999E-01,  0.0000000000000000E+00,  0.0000000000000000E+00
3,5,3,1,0,1,legacy-reference-bound,2048,2048,2048, -1.2075000000000000E+00, -1.1875000000000000E+00,  2.0000000000003126E-02,  3.1086244689504383E-15,  0.0000000000000000E+00, -2.0579833984375000E-02,  2.5114000000000303E-02,2,4096,0,4096,4096,0,0,  2.0000000000000000E-02,  2.0000000000000000E-02,  4.2299999999999999E-01,  4.2299999999999999E-01,  0.0000000000000000E+00,  0.0000000000000000E+00
3,5,3,1,0,1,legacy-reference-bound,4096,4096,4096, -1.2075000000000000E+00, -1.1875000000000000E+00,  2.0000000000003126E-02,  3.1086244689504383E-15,  0.0000000000000000E+00, -2.0289916992187500E-02,  5.0499999999999545E-02,2,8192,0,8192,8192,0,0,  2.0000000000000000E-02,  2.0000000000000000E-02,  4.2299999999999999E-01,  4.2299999999999999E-01,  0.0000000000000000E+00,  0.0000000000000000E+00
3,5,3,1,0,1,legacy-reference-bound,1,1,1, -1.2075000000000000E+00, -1.1875000000000000E+00,  2.0000000000003126E-02,  3.1086244689504383E-15,  0.0000000000000000E+00, -1.2075000000000000E+00,  2.3000000000550358E-05,3,2,0,2,2,0,0,  2.0000000000000000E-02,  2.0000000000000000E-02,  4.2299999999999999E-01,  4.2299999999999999E-01, -1.0000000000000000E+00, -1.0000000000000000E+00
3,5,3,1,0,1,legacy-reference-bound,2,2,2, -1.2075000000000000E+00, -1.1875000000000000E+00,  2.0000000000003126E-02,  3.1086244689504383E-15,  0.0000000000000000E+00, -6.1375000000000002E-01,  2.7000000001109470E-05,3,4,0,4,4,0,0,  2.0000000000000000E-02,  2.0000000000000000E-02,  4.2299999999999999E-01,  4.2299999999999999E-01,  0.0000000000000000E+00,  0.0000000000000000E+00
3,5,3,1,0,1,legacy-reference-bound,4,4,4, -1.2075000000000000E+00, -1.1875000000000000E+00,  2.0000000000003126E-02,  3.1086244689504383E-15,  0.0000000000000000E+00, -3.1687500000000002E-01,  4.9999999999883471E-05,3,8,0,8,8,0,0,  2.0000000000000000E-02,  2.0000000000000000E-02,  4.2299999999999999E-01,  4.2299999999999999E-01,  0.0000000000000000E+00,  0.0000000000000000E+00
3,5,3,1,0,1,legacy-reference-bound,8,8,8, -1.2075000000000000E+00, -1.1875000000000000E+00,  2.0000000000003126E-02,  3.1086244689504383E-15,  0.0000000000000000E+00, -1.6843749999999999E-01,  9.7000000000235787E-05,3,16,0,16,16,0,0,  2.0000000000000000E-02,  2.0000000000000000E-02,  4.2299999999999999E-01,  4.2299999999999999E-01,  0.0000000000000000E+00,  0.0000000000000000E+00
3,5,3,1,0,1,legacy-reference-bound,16,16,16, -1.2075000000000000E+00, -1.1875000000000000E+00,  2.0000000000003126E-02,  3.1086244689504383E-15,  0.0000000000000000E+00, -9.4218750000000004E-02,  1.9299999999944362E-04,3,32,0,32,32,0,0,  2.0000000000000000E-02,  2.0000000000000000E-02,  4.2299999999999999E-01,  4.2299999999999999E-01,  0.0000000000000000E+00,  0.0000000000000000E+00
3,5,3,1,0,1,legacy-reference-bound,32,32,32, -1.2075000000000000E+00, -1.1875000000000000E+00,  2.0000000000003126E-02,  3.1086244689504383E-15,  0.0000000000000000E+00, -5.7109375000000004E-02,  4.0000000000084412E-04,3,64,0,64,64,0,0,  2.0000000000000000E-02,  2.0000000000000000E-02,  4.2299999999999999E-01,  4.2299999999999999E-01,  0.0000000000000000E+00,  0.0000000000000000E+00
3,5,3,1,0,1,legacy-reference-bound,64,64,64, -1.2075000000000000E+00, -1.1875000000000000E+00,  2.0000000000003126E-02,  3.1086244689504383E-15,  0.0000000000000000E+00, -3.8554687500000004E-02,  7.8399999999945180E-04,3,128,0,128,128,0,0,  2.0000000000000000E-02,  2.0000000000000000E-02,  4.2299999999999999E-01,  4.2299999999999999E-01,  0.0000000000000000E+00,  0.0000000000000000E+00
3,5,3,1,0,1,legacy-reference-bound,128,128,128, -1.2075000000000000E+00, -1.1875000000000000E+00,  2.0000000000003126E-02,  3.1086244689504383E-15,  0.0000000000000000E+00, -2.9277343750000000E-02,  1.5549999999997510E-03,3,256,0,256,256,0,0,  2.0000000000000000E-02,  2.0000000000000000E-02,  4.2299999999999999E-01,  4.2299999999999999E-01,  0.0000000000000000E+00,  0.0000000000000000E+00
3,5,3,1,0,1,legacy-reference-bound,256,256,346, -1.2021531928723019E+00, -1.1821531928723017E+00,  2.0000000000003126E-02,  2.8865798640254070E-15,  1.0221858082193336E-15,  0.0000000000000000E+00,  4.0939999999984877E-03,3,591,15,591,606,0,1,  1.9999999999999268E-02,  2.0000000000000833E-02,  4.2299999999999999E-01,  4.2299999999999999E-01,  0.0000000000000000E+00,  8.3266726846886741E-16
3,5,3,1,0,1,legacy-reference-bound,512,512,648, -1.2033825885451239E+00, -1.1833825885451239E+00,  2.0000000000003126E-02,  3.1086244689504383E-15,  2.0391674460107367E-15,  0.0000000000000000E+00,  7.4570000000004910E-03,3,1140,25,1140,1165,0,1,  1.9999999999999938E-02,  2.0000000000001024E-02,  4.2299999999999999E-01,  4.2299999999999999E-01,  0.0000000000000000E+00,  1.0443035325380379E-15
3,5,3,1,1,2,legacy-reference-retry,1024,8,170, -2.6207300062067156E-02, -9.0159750445067948E-03,  1.7191325017563486E-02,  3.1242369802342296E-15,  1.2371830990232091E-15,  0.0000000000000000E+00,  7.2939999999999117E-03,3,1295,44,1295,1339,0,1, -8.4304546869082186E-01, -2.9965625808687772E-02,  4.2281859429121449E-01,  4.2299858601606699E-01, -1.0000000000000000E+00, -1.0000000000000000E+00
3,5,3,1,1,2,legacy-reference-retry,2048,17,267, -2.6866688190845669E-02, -9.4539543670806147E-03,  1.7412733823768178E-02,  3.1242369802342296E-15,  1.2089938425385860E-15,  0.0000000000000000E+00,  8.5609999999984865E-03,3,1372,76,1372,1448,0,1, -7.5127656798702880E-01, -1.2793027111865968E-02,  4.2284657653278324E-01,  4.2299959016785471E-01, -1.0000000000000000E+00, -1.0000000000000000E+00
3,5,3,1,1,2,legacy-reference-retry,4096,34,406, -2.6909755059785361E-02, -9.4344298066652583E-03,  1.7475325253123231E-02,  3.1277064271861832E-15,  2.3061657835124483E-15,  0.0000000000000000E+00,  9.3309999999995341E-03,3,1346,135,1346,1481,0,1, -7.3718319603706040E-01, -1.3321257510354022E-02,  4.2285074290480384E-01,  4.2299956531657446E-01, -1.0000000000000000E+00, -1.0000000000000000E+00
