geometry,bottom_mode,profile,window,stop_code,solver_status,solver_route,steps,completed,iterations,transfer_cm,bottom_cm,storage_change_cm,ledger_residual_cm,max_step_soil_residual_cm,first_transfer_cm,cpu_seconds,history,external_calls,flux_calls,head_calls,evaluations,within_solve_switches,accepted_regime_switches,h_min,h_max,theta_min,theta_max,water_l1_diff_cm,head_inf_diff_cm
2,7,1,1,0,1,legacy-reference-bound,1,1,49, -4.0023957654144998E-01, -1.1883773320554183E-01,  2.8140184333602569E-01,  1.1754486273218845E-13,  1.1771139618588222E-13, -4.0023957654144998E-01,  1.3300000000000009E-04,1,50,0,50,50,0,0, -3.9749244188228616E+01,  1.8573903651758947E-01,  3.8361539658911059E-01,  4.2299999999999999E-01, -1.0000000000000000E+00, -1.0000000000000000E+00
2,7,1,1,0,1,legacy-reference-bound,2,2,66, -6.5640097518367124E-01, -3.1137567609859901E-01,  3.4502529908495605E-01, -1.1618483952702263E-13,  6.3005156647477634E-14, -2.9679214135775361E-01,  1.3099999999999982E-04,1,68,0,68,68,0,0, -6.3650798094006333E+00,  1.3673227121893097E-01,  4.1962265821997635E-01,  4.2299999999999999E-01,  6.3623455748930163E-02,  3.3384164378827982E+01
2,7,1,1,0,1,legacy-reference-bound,4,4,148, -9.7417550038640566E-01, -6.2534627628387363E-01,  3.4882922410254924E-01,  1.7208456881689926E-14,  3.9898639947466563E-14, -2.2997737149735548E-01,  3.5999999999999986E-04,1,197,0,197,197,0,0, -1.1621317448356547E-02,  7.4517355237331967E-02,  4.2299964362558407E-01,  4.2299999999999999E-01,  3.8039250175933570E-03,  6.3534584919522770E+00
2,7,1,1,1,2,legacy-reference-retry,8,3,146, -4.7200681776747999E-01, -1.2391351150148475E-01,  3.4809330626596990E-01, -2.5340840537069198E-14,  1.8332557694122897E-14, -1.7863292045968321E-01,  4.6299999999999987E-04,1,169,0,169,169,0,0, -2.1514272903583214E+00,  8.2023458692236387E-02,  4.2229298635017820E-01,  4.2299999999999999E-01, -1.0000000000000000E+00, -1.0000000000000000E+00
2,7,1,1,1,2,legacy-reference-retry,16,5,183, -5.1015916929715055E-01, -1.6133131017529717E-01,  3.4882785912193182E-01,  7.8437256689767310E-14,  9.7186148018124641E-14, -1.3854839672071509E-01,  1.1159999999999998E-03,1,876,0,876,876,0,0, -3.4303296540637108E-02,  7.7763888730641537E-02,  4.2299827864496664E-01,  4.2299999999999999E-01, -1.0000000000000000E+00, -1.0000000000000000E+00
2,7,1,1,1,2,legacy-reference-retry,32,6,193, -4.3631270587741294E-01, -8.7485339320901329E-02,  3.4882736655651692E-01,  5.3013149425851225E-15,  4.8502868388311526E-15, -1.0934696548166700E-01,  7.4600000000000057E-04,1,502,0,502,502,0,0, -4.0780366035553600E-02,  7.3978560809692895E-02,  4.2299778607955163E-01,  4.2299999999999999E-01, -1.0000000000000000E+00, -1.0000000000000000E+00
2,7,1,1,1,2,legacy-reference-retry,64,6,170, -3.7285843990877648E-01, -2.4489391553249779E-02,  3.4836904835553129E-01,  4.5796699765787707E-15,  4.0324189300167124E-15, -8.9388801843883897E-02,  5.1400000000000057E-04,1,178,0,178,178,0,0, -1.3815486649970006E+00,  1.9421375386966717E-02,  4.2262818558800086E-01,  4.2299999999999999E-01, -1.0000000000000000E+00, -1.0000000000000000E+00
2,7,1,1,1,2,legacy-reference-retry,128,9,233, -3.6928541687864375E-01, -2.0540189495310359E-02,  3.4874522738333602E-01,  2.6333102365327932E-15,  2.8418836294646921E-15, -7.6207091768603893E-02,  6.6599999999999993E-04,1,263,0,263,263,0,0, -4.5010983795787923E-01,  3.8706245874023000E-02,  4.2292716009254883E-01,  4.2299999999999999E-01, -1.0000000000000000E+00, -1.0000000000000000E+00
2,7,1,1,1,2,legacy-reference-retry,256,14,324, -3.6416857526964619E-01, -1.5369633348006187E-02,  3.4879894192163530E-01, -4.7045700668491008E-15,  1.6250022161212740E-15, -6.7423917767295408E-02,  8.1599999999999989E-04,1,384,0,384,384,0,0, -2.3466790899465217E-01,  3.7152812340220762E-02,  4.2297175737321091E-01,  4.2299999999999999E-01, -1.0000000000000000E+00, -1.0000000000000000E+00
2,7,1,1,1,2,legacy-reference-retry,512,23,399, -3.5984396183254347E-01, -1.1050989885808941E-02,  3.4879297194672798E-01, -6.5468463983364700E-15,  1.6352885842327303E-15, -6.0711651230228494E-02,  9.4800000000000006E-04,1,442,0,442,442,0,0, -2.5290733982230329E-01,  3.1055564496226127E-02,  4.2296850828888999E-01,  4.2299999999999999E-01, -1.0000000000000000E+00, -1.0000000000000000E+00
2,7,1,1,1,2,legacy-reference-retry,1024,41,604, -3.5786522178943808E-01, -9.0615356226850068E-03,  3.4880368616675383E-01,  7.5980888247784151E-16,  5.6974722520159587E-15, -5.3390711665685958E-02,  1.6759999999999995E-03,1,663,0,663,663,0,0, -2.0016724285958809E-01,  2.7361697934681444E-02,  4.2297759033453075E-01,  4.2299999999999999E-01, -1.0000000000000000E+00, -1.0000000000000000E+00
2,7,1,1,1,2,legacy-reference-retry,2048,77,996, -3.5697659953145583E-01, -8.1568252295542865E-03,  3.4881977430189082E-01, -1.0725795251964598E-14,  1.4779564494449803E-15, -4.3545520937577020E-02,  2.3999999999999994E-03,1,1120,0,1120,1120,0,0, -1.1019455463880909E-01,  2.8463691776253852E-02,  4.2299059666590877E-01,  4.2299999999999999E-01, -1.0000000000000000E+00, -1.0000000000000000E+00
2,7,1,1,1,2,legacy-reference-retry,4096,148,1661, -3.5629877654346348E-01, -7.4781766526480281E-03,  3.4882059989080716E-01, -8.2928455769071263E-15,  1.8594533126247391E-15, -3.2145439490134348E-02,  4.7860000000000003E-03,1,1830,0,1830,1830,0,0, -1.0256837695025031E-01,  2.3427297965838197E-02,  4.2299152839570564E-01,  4.2299999999999999E-01, -1.0000000000000000E+00, -1.0000000000000000E+00
2,7,1,1,0,1,legacy-reference-bound,1,1,49, -4.2023957654145000E-01, -1.1883773320554183E-01,  3.0140184333602571E-01,  1.1754486273218845E-13,  1.1771139618588222E-13, -4.2023957654145000E-01,  1.0299999999999893E-04,2,50,0,50,50,0,0, -3.9749244188228616E+01,  1.8573903651758947E-01,  3.8361539658911059E-01,  4.2299999999999999E-01, -1.0000000000000000E+00, -1.0000000000000000E+00
2,7,1,1,0,1,legacy-reference-bound,2,2,66, -6.7640097518367126E-01, -3.1137567609859901E-01,  3.6502529908495607E-01, -1.1618483952702263E-13,  6.3005156647477634E-14, -3.1679214135775363E-01,  1.2600000000000111E-04,2,68,0,68,68,0,0, -6.3650798094006333E+00,  1.3673227121893097E-01,  4.1962265821997635E-01,  4.2299999999999999E-01,  6.3623455748930163E-02,  3.3384164378827982E+01
2,7,1,1,0,1,legacy-reference-bound,4,4,148, -9.9417550038640568E-01, -6.2534627628387363E-01,  3.6882922410254926E-01,  1.7208456881689926E-14,  3.9898639947466563E-14, -2.4997737149735547E-01,  3.4999999999999962E-04,2,197,0,197,197,0,0, -1.1621317448356547E-02,  7.4517355237331967E-02,  4.2299964362558407E-01,  4.2299999999999999E-01,  3.8039250175933570E-03,  6.3534584919522770E+00
2,7,1,1,1,2,legacy-reference-retry,8,3,146, -4.9200681776748001E-01, -1.2391351150148475E-01,  3.6809330626596992E-01, -2.5340840537069198E-14,  1.8332557694122897E-14, -1.9863292045968320E-01,  4.0100000000000205E-04,2,169,0,169,169,0,0, -2.1514272903583214E+00,  8.2023458692236387E-02,  4.2229298635017820E-01,  4.2299999999999999E-01, -1.0000000000000000E+00, -1.0000000000000000E+00
2,7,1,1,1,2,legacy-reference-retry,16,5,183, -5.3015916929715057E-01, -1.6133131017529717E-01,  3.6882785912193183E-01,  7.8437256689767310E-14,  9.7186148018124641E-14, -1.5854839672071508E-01,  1.0950000000000022E-03,2,876,0,876,876,0,0, -3.4303296540637108E-02,  7.7763888730641537E-02,  4.2299827864496664E-01,  4.2299999999999999E-01, -1.0000000000000000E+00, -1.0000000000000000E+00
2,7,1,1,1,2,legacy-reference-retry,32,6,193, -4.5631270587741296E-01, -8.7485339320901329E-02,  3.6882736655651693E-01,  5.3013149425851225E-15,  4.8502868388311526E-15, -1.2934696548166699E-01,  7.3499999999999954E-04,2,502,0,502,502,0,0, -4.0780366035553600E-02,  7.3978560809692895E-02,  4.2299778607955163E-01,  4.2299999999999999E-01, -1.0000000000000000E+00, -1.0000000000000000E+00
2,7,1,1,1,2,legacy-reference-retry,64,6,170, -3.9285843990877650E-01, -2.4489391553249779E-02,  3.6836904835553130E-01,  4.5796699765787707E-15,  4.0324189300167124E-15, -1.0938880184388390E-01,  4.0499999999999911E-04,2,178,0,178,178,0,0, -1.3815486649970006E+00,  1.9421375386966717E-02,  4.2262818558800086E-01,  4.2299999999999999E-01, -1.0000000000000000E+00, -1.0000000000000000E+00
2,7,1,1,1,2,legacy-reference-retry,128,9,233, -3.8928541687864376E-01, -2.0540189495310359E-02,  3.6874522738333604E-01,  2.6333102365327932E-15,  2.8418836294646921E-15, -9.6207091768603897E-02,  5.6700000000000153E-04,2,263,0,263,263,0,0, -4.5010983795787923E-01,  3.8706245874023000E-02,  4.2292716009254883E-01,  4.2299999999999999E-01, -1.0000000000000000E+00, -1.0000000000000000E+00
2,7,1,1,1,2,legacy-reference-retry,256,14,324, -3.8416857526964615E-01, -1.5369633348006187E-02,  3.6879894192163531E-01, -4.6490589156178430E-15,  1.6250022161212740E-15, -8.7423917767295412E-02,  7.9399999999999957E-04,2,384,0,384,384,0,0, -2.3466790899465217E-01,  3.7152812340220762E-02,  4.2297175737321091E-01,  4.2299999999999999E-01, -1.0000000000000000E+00, -1.0000000000000000E+00
2,7,1,1,1,2,legacy-reference-retry,512,23,399, -3.7984396183254360E-01, -1.1050989885808941E-02,  3.6879297194672800E-01, -6.6578687007989856E-15,  1.6352885842327303E-15, -8.0711651230228498E-02,  9.7199999999999717E-04,2,442,0,442,442,0,0, -2.5290733982230329E-01,  3.1055564496226127E-02,  4.2296850828888999E-01,  4.2299999999999999E-01, -1.0000000000000000E+00, -1.0000000000000000E+00
2,7,1,1,1,2,legacy-reference-retry,1024,41,604, -3.7786522178943810E-01, -9.0615356226850068E-03,  3.6880368616675385E-01,  7.5980888247784151E-16,  5.6974722520159587E-15, -7.3390711665685962E-02,  1.8370000000000018E-03,2,663,0,663,663,0,0, -2.0016724285958809E-01,  2.7361697934681444E-02,  4.2297759033453075E-01,  4.2299999999999999E-01, -1.0000000000000000E+00, -1.0000000000000000E+00
2,7,1,1,1,2,legacy-reference-retry,2048,77,996, -3.7697659953145585E-01, -8.1568252295542865E-03,  3.6881977430189083E-01, -1.0725795251964598E-14,  1.4779564494449803E-15, -6.3545520937577024E-02,  3.2090000000000000E-03,2,1120,0,1120,1120,0,0, -1.1019455463880909E-01,  2.8463691776253852E-02,  4.2299059666590877E-01,  4.2299999999999999E-01, -1.0000000000000000E+00, -1.0000000000000000E+00
2,7,1,1,1,2,legacy-reference-retry,4096,148,1661, -3.7629877654346350E-01, -7.4781766526480281E-03,  3.6882059989080718E-01, -8.2928455769071263E-15,  1.8594533126247391E-15, -5.2145439490134352E-02,  5.6530000000000018E-03,2,1830,0,1830,1830,0,0, -1.0256837695025031E-01,  2.3427297965838197E-02,  4.2299152839570564E-01,  4.2299999999999999E-01, -1.0000000000000000E+00, -1.0000000000000000E+00
2,7,1,1,0,1,legacy-reference-bound,1,1,49, -4.2023957654145000E-01, -1.1883773320554183E-01,  3.0140184333602571E-01,  1.1754486273218845E-13,  1.1771139618588222E-13, -4.2023957654145000E-01,  1.0500000000000093E-04,3,50,0,50,50,0,0, -3.9749244188228616E+01,  1.8573903651758947E-01,  3.8361539658911059E-01,  4.2299999999999999E-01, -1.0000000000000000E+00, -1.0000000000000000E+00
2,7,1,1,0,1,legacy-reference-bound,2,2,66, -6.7640097518367126E-01, -3.1137567609859901E-01,  3.6502529908495607E-01, -1.1618483952702263E-13,  6.3005156647477634E-14, -3.1679214135775363E-01,  1.2600000000000111E-04,3,68,0,68,68,0,0, -6.3650798094006333E+00,  1.3673227121893097E-01,  4.1962265821997635E-01,  4.2299999999999999E-01,  6.3623455748930163E-02,  3.3384164378827982E+01
2,7,1,1,0,1,legacy-reference-bound,4,4,148, -9.9417550038640568E-01, -6.2534627628387363E-01,  3.6882922410254926E-01,  1.7208456881689926E-14,  3.9898639947466563E-14, -2.4997737149735547E-01,  3.5500000000000115E-04,3,197,0,197,197,0,0, -1.1621317448356547E-02,  7.4517355237331967E-02,  4.2299964362558407E-01,  4.2299999999999999E-01,  3.8039250175933570E-03,  6.3534584919522770E+00
2,7,1,1,1,2,legacy-reference-retry,8,3,146, -4.9200681776748001E-01, -1.2391351150148475E-01,  3.6809330626596992E-01, -2.5340840537069198E-14,  1.8332557694122897E-14, -1.9863292045968320E-01,  4.0500000000000258E-04,3,169,0,169,169,0,0, -2.1514272903583214E+00,  8.2023458692236387E-02,  4.2229298635017820E-01,  4.2299999999999999E-01, -1.0000000000000000E+00, -1.0000000000000000E+00
2,7,1,1,1,2,legacy-reference-retry,16,5,183, -5.3015916929715057E-01, -1.6133131017529717E-01,  3.6882785912193183E-01,  7.8437256689767310E-14,  9.7186148018124641E-14, -1.5854839672071508E-01,  1.0950000000000057E-03,3,876,0,876,876,0,0, -3.4303296540637108E-02,  7.7763888730641537E-02,  4.2299827864496664E-01,  4.2299999999999999E-01, -1.0000000000000000E+00, -1.0000000000000000E+00
2,7,1,1,1,2,legacy-reference-retry,32,6,193, -4.5631270587741296E-01, -8.7485339320901329E-02,  3.6882736655651693E-01,  5.3013149425851225E-15,  4.8502868388311526E-15, -1.2934696548166699E-01,  7.9499999999999710E-04,3,502,0,502,502,0,0, -4.0780366035553600E-02,  7.3978560809692895E-02,  4.2299778607955163E-01,  4.2299999999999999E-01, -1.0000000000000000E+00, -1.0000000000000000E+00
2,7,1,1,1,2,legacy-reference-retry,64,6,170, -3.9285843990877650E-01, -2.4489391553249779E-02,  3.6836904835553130E-01,  4.5796699765787707E-15,  4.0324189300167124E-15, -1.0938880184388390E-01,  4.4700000000000295E-04,3,178,0,178,178,0,0, -1.3815486649970006E+00,  1.9421375386966717E-02,  4.2262818558800086E-01,  4.2299999999999999E-01, -1.0000000000000000E+00, -1.0000000000000000E+00
2,7,1,1,1,2,legacy-reference-retry,128,9,233, -3.8928541687864376E-01, -2.0540189495310359E-02,  3.6874522738333604E-01,  2.6333102365327932E-15,  2.8418836294646921E-15, -9.6207091768603897E-02,  5.5499999999999994E-04,3,263,0,263,263,0,0, -4.5010983795787923E-01,  3.8706245874023000E-02,  4.2292716009254883E-01,  4.2299999999999999E-01, -1.0000000000000000E+00, -1.0000000000000000E+00
2,7,1,1,1,2,legacy-reference-retry,256,15,325, -3.8422093971750704E-01, -1.5422033461312974E-02,  3.6879890625619050E-01, -3.5683261900842922E-15,  1.6932527428792365E-15,  0.0000000000000000E+00,  8.3400000000000141E-04,3,381,5,381,386,0,1, -2.3483051941661476E-01,  3.7150348484552079E-02,  4.2297172889810852E-01,  4.2299999999999999E-01, -1.0000000000000000E+00, -1.0000000000000000E+00
2,7,1,1,1,2,legacy-reference-retry,512,25,404, -3.7989655561827218E-01, -1.1103642208271394E-02,  3.6879291341000409E-01,  3.2994440513078871E-15,  8.0816294411797940E-15,  0.0000000000000000E+00,  9.9899999999999989E-04,3,441,8,441,449,0,1, -2.5314994776568828E-01,  3.1047051425120202E-02,  4.2296846433229274E-01,  4.2299999999999999E-01, -1.0000000000000000E+00, -1.0000000000000000E+00
2,7,1,1,1,2,legacy-reference-retry,1024,45,615, -3.7791789034534046E-01, -9.1142688316042768E-03,  3.6880362151373469E-01, -1.4883927423881005E-15,  5.7181110568087570E-15,  0.0000000000000000E+00,  1.8359999999999974E-03,3,662,16,662,678,0,1, -2.0046598889356254E-01,  2.7348073325722175E-02,  4.2297754165991353E-01,  4.2299999999999999E-01, -1.0000000000000000E+00, -1.0000000000000000E+00
2,7,1,1,1,2,legacy-reference-retry,2048,84,955, -3.7646497667784817E-01, -7.6881990242480070E-03,  3.6877677765358863E-01, -1.1538513200459732E-14,  1.3802672926051945E-15,  0.0000000000000000E+00,  3.0999999999999986E-03,3,1008,32,1008,1040,0,1, -2.9852756263557673E-01,  1.7416696619758653E-02,  4.2295991612560091E-01,  4.2299999999999999E-01, -1.0000000000000000E+00, -1.0000000000000000E+00
2,7,1,1,1,2,legacy-reference-retry,4096,164,1710, -3.7635143764543566E-01, -7.5309110086740419E-03,  3.6882052663675235E-01, -9.2634233617161499E-15,  1.7682820743140752E-15,  0.0000000000000000E+00,  4.2869999999999991E-03,3,1832,64,1832,1896,0,1, -1.0304456789154916E-01,  2.3411736316164992E-02,  4.2299147111155277E-01,  4.2299999999999999E-01, -1.0000000000000000E+00, -1.0000000000000000E+00
2,7,2,1,0,1,legacy-reference-bound,1,1,42, -8.0722400634102598E-01, -7.8879489257422075E-01,  1.8429113766672778E-02, -1.3244960683778118E-13,  1.3233858453531866E-13, -8.0722400634102598E-01,  8.8999999999998802E-05,1,43,0,43,43,0,0, -1.8165393902950415E+00,  1.0005810392820506E-01,  4.2244681408683016E-01,  4.2299999999999999E-01, -1.0000000000000000E+00, -1.0000000000000000E+00
2,7,2,1,1,2,legacy-reference-retry,2,1,121, -4.1112474755980216E-01, -3.9272481253226121E-01,  1.8399935027618053E-02,  7.7104989060217122E-14,  7.7160500211448380E-14, -4.1112474755980216E-01,  2.8500000000000053E-04,1,124,0,124,124,0,0, -1.8541756627163295E+00,  9.6894843132714889E-02,  4.2243011082472914E-01,  4.2299999999999999E-01, -1.0000000000000000E+00, -1.0000000000000000E+00
2,7,2,1,1,2,legacy-reference-retry,4,1,119, -2.1306409422568542E-01, -1.9472348057068053E-01,  1.8340613655037696E-02,  3.2807090377673376E-14,  3.2890357104520263E-14, -2.1306409422568542E-01,  2.8099999999999653E-04,1,122,0,122,122,0,0, -1.9294063425880992E+00,  9.0577604862580680E-02,  4.2239626922877938E-01,  4.2299999999999999E-01, -1.0000000000000000E+00, -1.0000000000000000E+00
2,7,2,1,1,2,legacy-reference-retry,8,1,116, -1.1400615360198486E-01, -9.5787718240812059E-02,  1.8218435361155416E-02, -1.7388868123191514E-14,  1.7250090245113370E-14, -1.1400615360198486E-01,  4.4399999999999995E-04,1,119,0,119,119,0,0, -2.0794945515672989E+00,  7.7989636038762342E-02,  4.2232699460759338E-01,  4.2299999999999999E-01, -1.0000000000000000E+00, -1.0000000000000000E+00
2,7,2,1,1,2,legacy-reference-retry,16,1,111, -6.4402595155520423E-02, -4.6440275974351103E-02,  1.7962319181178632E-02,  9.3119956190435005E-15,  9.2842400434278716E-15, -6.4402595155520423E-02,  3.0399999999999872E-04,1,113,0,113,113,0,0, -2.3767355786666471E+00,  5.3064942634036473E-02,  4.2218321817581050E-01,  4.2299999999999999E-01, -1.0000000000000000E+00, -1.0000000000000000E+00
2,7,2,1,1,2,legacy-reference-retry,32,2,164, -7.1336725804619694E-02, -5.2186860616680236E-02,  1.9149865187950699E-02,  1.1241008124329710E-14,  6.1721461275254796E-15, -3.9394137172534864E-02,  3.7100000000000327E-04,1,178,0,178,178,0,0, -4.4623451164292449E-01,  6.4811364422483947E-02,  4.2292807042834502E-01,  4.2299999999999999E-01, -1.0000000000000000E+00, -1.0000000000000000E+00
2,7,2,1,1,2,legacy-reference-retry,64,2,136, -4.3217210932546365E-02, -2.4195382699816623E-02,  1.9021828232732796E-02,  3.0531133177191805E-15,  2.3054474995731766E-15, -2.6331991953530028E-02,  3.7999999999999839E-04,1,163,0,163,163,0,0, -7.9100174275308255E-01,  4.2493891651148273E-02,  4.2283464270490589E-01,  4.2299999999999999E-01, -1.0000000000000000E+00, -1.0000000000000000E+00
2,7,2,1,1,2,legacy-reference-retry,128,3,181, -3.7660764627323019E-02, -1.8480371400489855E-02,  1.9180393226834624E-02,  1.4606371667724716E-15,  2.2317217518441623E-15, -1.8729222544816886E-02,  5.1000000000000351E-04,1,218,0,218,218,0,0, -3.2062357974908440E-01,  4.1909395347913624E-02,  4.2295552863070485E-01,  4.2299999999999999E-01, -1.0000000000000000E+00, -1.0000000000000000E+00
2,7,2,1,1,2,legacy-reference-retry,256,4,180, -3.0884359015480048E-02, -1.1704096297532034E-02,  1.9180262717946484E-02, -1.5300261058115439E-15,  1.2242810931706316E-15, -1.3486678401119417E-02,  4.9699999999999744E-04,1,207,0,207,207,0,0, -3.1189855724259385E-01,  3.5492444052575796E-02,  4.2295727809245232E-01,  4.2299999999999999E-01, -1.0000000000000000E+00, -1.0000000000000000E+00
2,7,2,1,1,2,legacy-reference-retry,512,6,204, -2.7619611297039715E-02, -8.4252498382178763E-03,  1.9194361458820808E-02, -1.0304257447302234E-15,  5.1217710628215229E-16, -9.6272225556526606E-03,  4.9800000000000538E-04,1,233,0,233,233,0,0, -2.4690519041292441E-01,  3.1274518535100222E-02,  4.2296958965382481E-01,  4.2299999999999999E-01, -1.0000000000000000E+00, -1.0000000000000000E+00
2,7,2,1,1,2,legacy-reference-retry,1024,10,280, -2.6064510216990081E-02, -6.8494959539661150E-03,  1.9215014263023411E-02, -5.5511151231257827E-16,  1.6729239521451333E-16, -6.8859346582592577E-03,  7.3300000000000448E-04,1,340,0,340,340,0,0, -1.4232271506052901E-01,  3.1138872725515503E-02,  4.2298635596028356E-01,  4.2299999999999999E-01, -1.0000000000000000E+00, -1.0000000000000000E+00
2,7,2,1,1,2,legacy-reference-retry,2048,17,303, -2.4767481324997669E-02, -5.5592165524150213E-03,  1.9208264772581085E-02, -1.5621184901171148E-15,  3.3686161499124623E-16, -4.9594325888963463E-03,  8.4999999999999659E-04,1,344,0,344,344,0,0, -1.7299899909041652E-01,  2.4130396127945840E-02,  4.2298187525261299E-01,  4.2299999999999999E-01, -1.0000000000000000E+00, -1.0000000000000000E+00
2,7,2,1,1,2,legacy-reference-retry,4096,32,495, -2.4415025763453935E-02, -5.1911061465132330E-03,  1.9223919616939700E-02, -1.0026701691145945E-15,  1.4807491170720777E-16, -3.5280925058118855E-03,  1.4979999999999993E-03,1,592,0,592,592,0,0, -7.7515576650482115E-02,  2.9878075256860662E-02,  4.2299436351153674E-01,  4.2299999999999999E-01, -1.0000000000000000E+00, -1.0000000000000000E+00
2,7,2,1,0,1,legacy-reference-bound,1,1,42, -8.2722400634102600E-01, -7.8879489257422075E-01,  3.8429113766672796E-02, -1.3244960683778118E-13,  1.3233858453531866E-13, -8.2722400634102600E-01,  1.1800000000000005E-04,2,43,0,43,43,0,0, -1.8165393902950415E+00,  1.0005810392820506E-01,  4.2244681408683016E-01,  4.2299999999999999E-01, -1.0000000000000000E+00, -1.0000000000000000E+00
2,7,2,1,1,2,legacy-reference-retry,2,1,121, -4.3112474755980218E-01, -3.9272481253226121E-01,  3.8399935027618071E-02,  7.7104989060217122E-14,  7.7160500211448380E-14, -4.3112474755980218E-01,  2.9099999999999959E-04,2,124,0,124,124,0,0, -1.8541756627163295E+00,  9.6894843132714889E-02,  4.2243011082472914E-01,  4.2299999999999999E-01, -1.0000000000000000E+00, -1.0000000000000000E+00
2,7,2,1,1,2,legacy-reference-retry,4,1,119, -2.3306409422568541E-01, -1.9472348057068053E-01,  3.8340613655037714E-02,  3.2834845953289005E-14,  3.2890357104520263E-14, -2.3306409422568541E-01,  2.7900000000000147E-04,2,122,0,122,122,0,0, -1.9294063425880992E+00,  9.0577604862580680E-02,  4.2239626922877938E-01,  4.2299999999999999E-01, -1.0000000000000000E+00, -1.0000000000000000E+00
2,7,2,1,1,2,legacy-reference-retry,8,1,116, -1.3400615360198487E-01, -9.5787718240812059E-02,  3.8218435361155434E-02, -1.7374990335383700E-14,  1.7250090245113370E-14, -1.3400615360198487E-01,  2.7400000000000341E-04,2,119,0,119,119,0,0, -2.0794945515672989E+00,  7.7989636038762342E-02,  4.2232699460759338E-01,  4.2299999999999999E-01, -1.0000000000000000E+00, -1.0000000000000000E+00
2,7,2,1,1,2,legacy-reference-retry,16,1,111, -8.4402595155520427E-02, -4.6440275974351103E-02,  3.7962319181178650E-02,  9.3258734068513149E-15,  9.2842400434278716E-15, -8.4402595155520427E-02,  2.8799999999999659E-04,2,113,0,113,113,0,0, -2.3767355786666471E+00,  5.3064942634036473E-02,  4.2218321817581050E-01,  4.2299999999999999E-01, -1.0000000000000000E+00, -1.0000000000000000E+00
2,7,2,1,1,2,legacy-reference-retry,32,2,164, -9.1336725804619684E-02, -5.2186860616680236E-02,  3.9149865187950716E-02,  1.1268763699945339E-14,  6.1721461275254796E-15, -5.9394137172534861E-02,  3.6499999999999727E-04,2,178,0,178,178,0,0, -4.4623451164292449E-01,  6.4811364422483947E-02,  4.2292807042834502E-01,  4.2299999999999999E-01, -1.0000000000000000E+00, -1.0000000000000000E+00
2,7,2,1,1,2,legacy-reference-retry,64,2,136, -6.3217210932546369E-02, -2.4195382699816623E-02,  3.9021828232732814E-02,  3.0669911055269949E-15,  2.3054474995731766E-15, -4.6331991953530029E-02,  3.4200000000000202E-04,2,163,0,163,163,0,0, -7.9100174275308255E-01,  4.2493891651148273E-02,  4.2283464270490589E-01,  4.2299999999999999E-01, -1.0000000000000000E+00, -1.0000000000000000E+00
2,7,2,1,1,2,legacy-reference-retry,128,3,181, -5.7660764627323023E-02, -1.8480371400489855E-02,  3.9180393226834642E-02,  1.4745149545802860E-15,  2.2317217518441623E-15, -3.8729222544816887E-02,  4.4799999999999701E-04,2,218,0,218,218,0,0, -3.2062357974908440E-01,  4.1909395347913624E-02,  4.2295552863070485E-01,  4.2299999999999999E-01, -1.0000000000000000E+00, -1.0000000000000000E+00
2,7,2,1,1,2,legacy-reference-retry,256,4,180, -5.0884359015480052E-02, -1.1704096297532034E-02,  3.9180262717946501E-02, -1.5161483180037294E-15,  1.2242810931706316E-15, -3.3486678401119421E-02,  4.5400000000000301E-04,2,207,0,207,207,0,0, -3.1189855724259385E-01,  3.5492444052575796E-02,  4.2295727809245232E-01,  4.2299999999999999E-01, -1.0000000000000000E+00, -1.0000000000000000E+00
2,7,2,1,1,2,legacy-reference-retry,512,6,204, -4.7619611297039711E-02, -8.4252498382178763E-03,  3.9194361458820826E-02, -1.0096090630185017E-15,  5.1217710628215229E-16, -2.9627222555652661E-02,  5.0399999999999751E-04,2,233,0,233,233,0,0, -2.4690519041292441E-01,  3.1274518535100222E-02,  4.2296958965382481E-01,  4.2299999999999999E-01, -1.0000000000000000E+00, -1.0000000000000000E+00
2,7,2,1,1,2,legacy-reference-retry,1024,10,280, -4.6064510216990089E-02, -6.8494959539661150E-03,  3.9215014263023429E-02, -5.4470317145671743E-16,  1.6729239521451333E-16, -2.6885934658259260E-02,  7.4199999999999960E-04,2,340,0,340,340,0,0, -1.4232271506052901E-01,  3.1138872725515503E-02,  4.2298635596028356E-01,  4.2299999999999999E-01, -1.0000000000000000E+00, -1.0000000000000000E+00
2,7,2,1,1,2,legacy-reference-retry,2048,17,303, -4.4767481324997672E-02, -5.5592165524150213E-03,  3.9208264772581103E-02, -1.5482407023093003E-15,  3.3686161499124623E-16, -2.4959432588896345E-02,  7.2200000000000042E-04,2,344,0,344,344,0,0, -1.7299899909041652E-01,  2.4130396127945840E-02,  4.2298187525261299E-01,  4.2299999999999999E-01, -1.0000000000000000E+00, -1.0000000000000000E+00
2,7,2,1,1,2,legacy-reference-retry,4096,32,495, -4.4415025763453943E-02, -5.1911061465132330E-03,  3.9223919616939718E-02, -9.9226182825873366E-16,  1.4807491170720777E-16, -2.3528092505811886E-02,  1.2169999999999959E-03,2,592,0,592,592,0,0, -7.7515576650482115E-02,  2.9878075256860662E-02,  4.2299436351153674E-01,  4.2299999999999999E-01, -1.0000000000000000E+00, -1.0000000000000000E+00
2,7,2,1,0,1,legacy-reference-bound,1,1,42, -8.2722400634102600E-01, -7.8879489257422075E-01,  3.8429113766672796E-02, -1.3244960683778118E-13,  1.3233858453531866E-13, -8.2722400634102600E-01,  8.4000000000000741E-05,3,43,0,43,43,0,0, -1.8165393902950415E+00,  1.0005810392820506E-01,  4.2244681408683016E-01,  4.2299999999999999E-01, -1.0000000000000000E+00, -1.0000000000000000E+00
2,7,2,1,1,2,legacy-reference-retry,2,1,121, -4.3112474755980218E-01, -3.9272481253226121E-01,  3.8399935027618071E-02,  7.7104989060217122E-14,  7.7160500211448380E-14, -4.3112474755980218E-01,  3.8200000000000039E-04,3,124,0,124,124,0,0, -1.8541756627163295E+00,  9.6894843132714889E-02,  4.2243011082472914E-01,  4.2299999999999999E-01, -1.0000000000000000E+00, -1.0000000000000000E+00
2,7,2,1,1,2,legacy-reference-retry,4,1,119, -2.3306409422568541E-01, -1.9472348057068053E-01,  3.8340613655037714E-02,  3.2834845953289005E-14,  3.2890357104520263E-14, -2.3306409422568541E-01,  2.8999999999999859E-04,3,122,0,122,122,0,0, -1.9294063425880992E+00,  9.0577604862580680E-02,  4.2239626922877938E-01,  4.2299999999999999E-01, -1.0000000000000000E+00, -1.0000000000000000E+00
2,7,2,1,1,2,legacy-reference-retry,8,1,116, -1.3400615360198487E-01, -9.5787718240812059E-02,  3.8218435361155434E-02, -1.7374990335383700E-14,  1.7250090245113370E-14, -1.3400615360198487E-01,  3.1799999999999884E-04,3,119,0,119,119,0,0, -2.0794945515672989E+00,  7.7989636038762342E-02,  4.2232699460759338E-01,  4.2299999999999999E-01, -1.0000000000000000E+00, -1.0000000000000000E+00
2,7,2,1,1,2,legacy-reference-retry,16,1,111, -8.4402595155520427E-02, -4.6440275974351103E-02,  3.7962319181178650E-02,  9.3258734068513149E-15,  9.2842400434278716E-15, -8.4402595155520427E-02,  2.7499999999999747E-04,3,113,0,113,113,0,0, -2.3767355786666471E+00,  5.3064942634036473E-02,  4.2218321817581050E-01,  4.2299999999999999E-01, -1.0000000000000000E+00, -1.0000000000000000E+00
2,7,2,1,1,2,legacy-reference-retry,32,2,164, -9.1336725804619684E-02, -5.2186860616680236E-02,  3.9149865187950716E-02,  1.1268763699945339E-14,  6.1721461275254796E-15, -5.9394137172534861E-02,  3.6600000000000521E-04,3,178,0,178,178,0,0, -4.4623451164292449E-01,  6.4811364422483947E-02,  4.2292807042834502E-01,  4.2299999999999999E-01, -1.0000000000000000E+00, -1.0000000000000000E+00
2,7,2,1,1,2,legacy-reference-retry,64,2,136, -6.3217210932546369E-02, -2.4195382699816623E-02,  3.9021828232732814E-02,  3.0669911055269949E-15,  2.3054474995731766E-15, -4.6331991953530029E-02,  3.6099999999999327E-04,3,163,0,163,163,0,0, -7.9100174275308255E-01,  4.2493891651148273E-02,  4.2283464270490589E-01,  4.2299999999999999E-01, -1.0000000000000000E+00, -1.0000000000000000E+00
2,7,2,1,1,2,legacy-reference-retry,128,3,181, -5.7660764627323023E-02, -1.8480371400489855E-02,  3.9180393226834642E-02,  1.4745149545802860E-15,  2.2317217518441623E-15, -3.8729222544816887E-02,  4.4999999999999207E-04,3,218,0,218,218,0,0, -3.2062357974908440E-01,  4.1909395347913624E-02,  4.2295552863070485E-01,  4.2299999999999999E-01, -1.0000000000000000E+00, -1.0000000000000000E+00
2,7,2,1,1,2,legacy-reference-retry,256,5,181, -5.2267616187009008E-02, -1.3103198963024712E-02,  3.9164417223983561E-02, -7.3552275381416621E-16,  9.9182814738973946E-16,  0.0000000000000000E+00,  4.5099999999999307E-04,3,197,11,197,208,0,1, -3.6992110970766534E-01,  3.3636050206714140E-02,  4.2294524397776034E-01,  4.2299999999999999E-01, -1.0000000000000000E+00, -1.0000000000000000E+00
2,7,2,1,1,2,legacy-reference-retry,512,8,205, -4.9059977947471731E-02, -9.8826136234416891E-03,  3.9177364324029185E-02, -8.5695339713254270E-16,  4.7444687067965674E-16,  0.0000000000000000E+00,  5.0100000000000144E-04,3,220,18,220,238,0,1, -3.1338541651450202E-01,  2.8694609916364168E-02,  4.2295698151360328E-01,  4.2299999999999999E-01, -1.0000000000000000E+00, -1.0000000000000000E+00
2,7,2,1,1,2,legacy-reference-retry,1024,14,270, -4.7539428408768299E-02, -8.3370162175264474E-03,  3.9202412191241542E-02, -3.0878077872387166E-16,  2.6682215464868264E-16,  0.0000000000000000E+00,  6.5099999999999880E-04,3,272,32,272,304,0,1, -2.0588372851132139E-01,  2.7099249710101744E-02,  4.2297665325127898E-01,  4.2299999999999999E-01, -1.0000000000000000E+00, -1.0000000000000000E+00
2,7,2,1,1,2,legacy-reference-retry,2048,25,336, -4.6257995287773482E-02, -7.0729918276071701E-03,  3.9185003460164847E-02, -1.4649739754624136E-15,  4.0283531718698917E-16,  0.0000000000000000E+00,  8.2299999999999041E-04,3,306,56,306,362,0,1, -2.7044438476936844E-01,  1.8512281192253177E-02,  4.2296528211220175E-01,  4.2299999999999999E-01, -1.0000000000000000E+00, -1.0000000000000000E+00
2,7,2,1,1,2,legacy-reference-retry,4096,49,616, -4.6198557618648717E-02, -6.9740661974693127E-03,  3.9224491421178120E-02, -1.2836953722228372E-15,  2.8476570060331774E-16,  0.0000000000000000E+00,  1.5169999999999906E-03,3,637,108,637,745,0,1, -7.2021037310840114E-02,  3.0864787333165524E-02,  4.2299493531577503E-01,  4.2299999999999999E-01, -1.0000000000000000E+00, -1.0000000000000000E+00
2,7,3,1,0,1,legacy-reference-bound,1,1,1, -1.1875000000000000E+00, -1.1875000000000000E+00,  0.0000000000000000E+00,  0.0000000000000000E+00,  0.0000000000000000E+00, -1.1875000000000000E+00,  7.9999999999941229E-06,1,2,0,2,2,0,0,  2.0000000000000000E-02,  2.0000000000000000E-02,  4.2299999999999999E-01,  4.2299999999999999E-01, -1.0000000000000000E+00, -1.0000000000000000E+00
2,7,3,1,0,1,legacy-reference-bound,2,2,2, -1.1875000000000000E+00, -1.1875000000000000E+00,  0.0000000000000000E+00,  0.0000000000000000E+00,  0.0000000000000000E+00, -5.9375000000000000E-01,  1.1999999999998123E-05,1,4,0,4,4,0,0,  2.0000000000000000E-02,  2.0000000000000000E-02,  4.2299999999999999E-01,  4.2299999999999999E-01,  0.0000000000000000E+00,  0.0000000000000000E+00
2,7,3,1,0,1,legacy-reference-bound,4,4,4, -1.1875000000000000E+00, -1.1875000000000000E+00,  0.0000000000000000E+00,  0.0000000000000000E+00,  0.0000000000000000E+00, -2.9687500000000000E-01,  2.0000000000006124E-05,1,8,0,8,8,0,0,  2.0000000000000000E-02,  2.0000000000000000E-02,  4.2299999999999999E-01,  4.2299999999999999E-01,  0.0000000000000000E+00,  0.0000000000000000E+00
2,7,3,1,0,1,legacy-reference-bound,8,8,8, -1.1875000000000000E+00, -1.1875000000000000E+00,  0.0000000000000000E+00,  0.0000000000000000E+00,  0.0000000000000000E+00, -1.4843750000000000E-01,  3.7000000000009248E-05,1,16,0,16,16,0,0,  2.0000000000000000E-02,  2.0000000000000000E-02,  4.2299999999999999E-01,  4.2299999999999999E-01,  0.0000000000000000E+00,  0.0000000000000000E+00
2,7,3,1,0,1,legacy-reference-bound,16,16,16, -1.1875000000000000E+00, -1.1875000000000000E+00,  0.0000000000000000E+00,  0.0000000000000000E+00,  0.0000000000000000E+00, -7.4218750000000000E-02,  7.3000000000003618E-05,1,32,0,32,32,0,0,  2.0000000000000000E-02,  2.0000000000000000E-02,  4.2299999999999999E-01,  4.2299999999999999E-01,  0.0000000000000000E+00,  0.0000000000000000E+00
2,7,3,1,0,1,legacy-reference-bound,32,32,32, -1.1875000000000000E+00, -1.1875000000000000E+00,  0.0000000000000000E+00,  0.0000000000000000E+00,  0.0000000000000000E+00, -3.7109375000000000E-02,  1.5900000000000636E-04,1,64,0,64,64,0,0,  2.0000000000000000E-02,  2.0000000000000000E-02,  4.2299999999999999E-01,  4.2299999999999999E-01,  0.0000000000000000E+00,  0.0000000000000000E+00
2,7,3,1,0,1,legacy-reference-bound,64,64,64, -1.1875000000000000E+00, -1.1875000000000000E+00,  0.0000000000000000E+00,  0.0000000000000000E+00,  0.0000000000000000E+00, -1.8554687500000000E-02,  2.8300000000000547E-04,1,128,0,128,128,0,0,  2.0000000000000000E-02,  2.0000000000000000E-02,  4.2299999999999999E-01,  4.2299999999999999E-01,  0.0000000000000000E+00,  0.0000000000000000E+00
2,7,3,1,0,1,legacy-reference-bound,128,128,128, -1.1875000000000000E+00, -1.1875000000000000E+00,  0.0000000000000000E+00,  0.0000000000000000E+00,  0.0000000000000000E+00, -9.2773437500000000E-03,  5.6400000000000894E-04,1,256,0,256,256,0,0,  2.0000000000000000E-02,  2.0000000000000000E-02,  4.2299999999999999E-01,  4.2299999999999999E-01,  0.0000000000000000E+00,  0.0000000000000000E+00
2,7,3,1,0,1,legacy-reference-bound,256,256,256, -1.1875000000000000E+00, -1.1875000000000000E+00,  0.0000000000000000E+00,  0.0000000000000000E+00,  0.0000000000000000E+00, -4.6386718750000000E-03,  1.1710000000000054E-03,1,512,0,512,512,0,0,  2.0000000000000000E-02,  2.0000000000000000E-02,  4.2299999999999999E-01,  4.2299999999999999E-01,  0.0000000000000000E+00,  0.0000000000000000E+00
2,7,3,1,0,1,legacy-reference-bound,512,512,512, -1.1875000000000000E+00, -1.1875000000000000E+00,  0.0000000000000000E+00,  0.0000000000000000E+00,  0.0000000000000000E+00, -2.3193359375000000E-03,  2.3449999999999999E-03,1,1024,0,1024,1024,0,0,  2.0000000000000000E-02,  2.0000000000000000E-02,  4.2299999999999999E-01,  4.2299999999999999E-01,  0.0000000000000000E+00,  0.0000000000000000E+00
2,7,3,1,0,1,legacy-reference-bound,1024,1024,1024, -1.1875000000000000E+00, -1.1875000000000000E+00,  0.0000000000000000E+00,  0.0000000000000000E+00,  0.0000000000000000E+00, -1.1596679687500000E-03,  5.1120000000000054E-03,1,2048,0,2048,2048,0,0,  2.0000000000000000E-02,  2.0000000000000000E-02,  4.2299999999999999E-01,  4.2299999999999999E-01,  0.0000000000000000E+00,  0.0000000000000000E+00
2,7,3,1,0,1,legacy-reference-bound,2048,2048,2048, -1.1875000000000000E+00, -1.1875000000000000E+00,  0.0000000000000000E+00,  0.0000000000000000E+00,  0.0000000000000000E+00, -5.7983398437500000E-04,  9.8439999999999916E-03,1,4096,0,4096,4096,0,0,  2.0000000000000000E-02,  2.0000000000000000E-02,  4.2299999999999999E-01,  4.2299999999999999E-01,  0.0000000000000000E+00,  0.0000000000000000E+00
2,7,3,1,0,1,legacy-reference-bound,4096,4096,4096, -1.1875000000000000E+00, -1.1875000000000000E+00,  0.0000000000000000E+00,  0.0000000000000000E+00,  0.0000000000000000E+00, -2.8991699218750000E-04,  3.1215999999999994E-02,1,8192,0,8192,8192,0,0,  2.0000000000000000E-02,  2.0000000000000000E-02,  4.2299999999999999E-01,  4.2299999999999999E-01,  0.0000000000000000E+00,  0.0000000000000000E+00
2,7,3,1,0,1,legacy-reference-bound,1,1,1, -1.2075000000000000E+00, -1.1875000000000000E+00,  2.0000000000000018E-02,  0.0000000000000000E+00,  0.0000000000000000E+00, -1.2075000000000000E+00,  2.1999999999994246E-05,2,2,0,2,2,0,0,  2.0000000000000000E-02,  2.0000000000000000E-02,  4.2299999999999999E-01,  4.2299999999999999E-01, -1.0000000000000000E+00, -1.0000000000000000E+00
2,7,3,1,0,1,legacy-reference-bound,2,2,2, -1.2075000000000000E+00, -1.1875000000000000E+00,  2.0000000000000018E-02,  0.0000000000000000E+00,  0.0000000000000000E+00, -6.1375000000000002E-01,  2.1000000000007124E-05,2,4,0,4,4,0,0,  2.0000000000000000E-02,  2.0000000000000000E-02,  4.2299999999999999E-01,  4.2299999999999999E-01,  0.0000000000000000E+00,  0.0000000000000000E+00
2,7,3,1,0,1,legacy-reference-bound,4,4,4, -1.2075000000000000E+00, -1.1875000000000000E+00,  2.0000000000000018E-02,  0.0000000000000000E+00,  0.0000000000000000E+00, -3.1687500000000002E-01,  3.2999999999991370E-05,2,8,0,8,8,0,0,  2.0000000000000000E-02,  2.0000000000000000E-02,  4.2299999999999999E-01,  4.2299999999999999E-01,  0.0000000000000000E+00,  0.0000000000000000E+00
2,7,3,1,0,1,legacy-reference-bound,8,8,8, -1.2075000000000000E+00, -1.1875000000000000E+00,  2.0000000000000018E-02,  0.0000000000000000E+00,  0.0000000000000000E+00, -1.6843749999999999E-01,  6.3000000000007494E-05,2,16,0,16,16,0,0,  2.0000000000000000E-02,  2.0000000000000000E-02,  4.2299999999999999E-01,  4.2299999999999999E-01,  0.0000000000000000E+00,  0.0000000000000000E+00
2,7,3,1,0,1,legacy-reference-bound,16,16,16, -1.2075000000000000E+00, -1.1875000000000000E+00,  2.0000000000000018E-02,  0.0000000000000000E+00,  0.0000000000000000E+00, -9.4218750000000004E-02,  1.4999999999999736E-04,2,32,0,32,32,0,0,  2.0000000000000000E-02,  2.0000000000000000E-02,  4.2299999999999999E-01,  4.2299999999999999E-01,  0.0000000000000000E+00,  0.0000000000000000E+00
2,7,3,1,0,1,legacy-reference-bound,32,32,32, -1.2075000000000000E+00, -1.1875000000000000E+00,  2.0000000000000018E-02,  0.0000000000000000E+00,  0.0000000000000000E+00, -5.7109375000000004E-02,  2.3700000000000110E-04,2,64,0,64,64,0,0,  2.0000000000000000E-02,  2.0000000000000000E-02,  4.2299999999999999E-01,  4.2299999999999999E-01,  0.0000000000000000E+00,  0.0000000000000000E+00
2,7,3,1,0,1,legacy-reference-bound,64,64,64, -1.2075000000000000E+00, -1.1875000000000000E+00,  2.0000000000000018E-02,  0.0000000000000000E+00,  0.0000000000000000E+00, -3.8554687500000004E-02,  4.8800000000000232E-04,2,128,0,128,128,0,0,  2.0000000000000000E-02,  2.0000000000000000E-02,  4.2299999999999999E-01,  4.2299999999999999E-01,  0.0000000000000000E+00,  0.0000000000000000E+00
2,7,3,1,0,1,legacy-reference-bound,128,128,128, -1.2075000000000000E+00, -1.1875000000000000E+00,  2.0000000000000018E-02,  0.0000000000000000E+00,  0.0000000000000000E+00, -2.9277343750000000E-02,  1.0109999999999980E-03,2,256,0,256,256,0,0,  2.0000000000000000E-02,  2.0000000000000000E-02,  4.2299999999999999E-01,  4.2299999999999999E-01,  0.0000000000000000E+00,  0.0000000000000000E+00
2,7,3,1,0,1,legacy-reference-bound,256,256,256, -1.2075000000000000E+00, -1.1875000000000000E+00,  2.0000000000000018E-02,  0.0000000000000000E+00,  0.0000000000000000E+00, -2.4638671875000000E-02,  1.9670000000000104E-03,2,512,0,512,512,0,0,  2.0000000000000000E-02,  2.0000000000000000E-02,  4.2299999999999999E-01,  4.2299999999999999E-01,  0.0000000000000000E+00,  0.0000000000000000E+00
2,7,3,1,0,1,legacy-reference-bound,512,512,512, -1.2075000000000000E+00, -1.1875000000000000E+00,  2.0000000000000018E-02,  0.0000000000000000E+00,  0.0000000000000000E+00, -2.2319335937500000E-02,  2.7370000000000172E-03,2,1024,0,1024,1024,0,0,  2.0000000000000000E-02,  2.0000000000000000E-02,  4.2299999999999999E-01,  4.2299999999999999E-01,  0.0000000000000000E+00,  0.0000000000000000E+00
2,7,3,1,0,1,legacy-reference-bound,1024,1024,1024, -1.2075000000000000E+00, -1.1875000000000000E+00,  2.0000000000000018E-02,  0.0000000000000000E+00,  0.0000000000000000E+00, -2.1159667968750000E-02,  4.8179999999999890E-03,2,2048,0,2048,2048,0,0,  2.0000000000000000E-02,  2.0000000000000000E-02,  4.2299999999999999E-01,  4.2299999999999999E-01,  0.0000000000000000E+00,  0.0000000000000000E+00
2,7,3,1,0,1,legacy-reference-bound,2048,2048,2048, -1.2075000000000000E+00, -1.1875000000000000E+00,  2.0000000000000018E-02,  0.0000000000000000E+00,  0.0000000000000000E+00, -2.0579833984375000E-02,  9.8100000000000132E-03,2,4096,0,4096,4096,0,0,  2.0000000000000000E-02,  2.0000000000000000E-02,  4.2299999999999999E-01,  4.2299999999999999E-01,  0.0000000000000000E+00,  0.0000000000000000E+00
2,7,3,1,0,1,legacy-reference-bound,4096,4096,4096, -1.2075000000000000E+00, -1.1875000000000000E+00,  2.0000000000000018E-02,  0.0000000000000000E+00,  0.0000000000000000E+00, -2.0289916992187500E-02,  2.0184000000000007E-02,2,8192,0,8192,8192,0,0,  2.0000000000000000E-02,  2.0000000000000000E-02,  4.2299999999999999E-01,  4.2299999999999999E-01,  0.0000000000000000E+00,  0.0000000000000000E+00
2,7,3,1,0,1,legacy-reference-bound,1,1,1, -1.2075000000000000E+00, -1.1875000000000000E+00,  2.0000000000000018E-02,  0.0000000000000000E+00,  0.0000000000000000E+00, -1.2075000000000000E+00,  1.4000000000014001E-05,3,2,0,2,2,0,0,  2.0000000000000000E-02,  2.0000000000000000E-02,  4.2299999999999999E-01,  4.2299999999999999E-01, -1.0000000000000000E+00, -1.0000000000000000E+00
2,7,3,1,0,1,legacy-reference-bound,2,2,2, -1.2075000000000000E+00, -1.1875000000000000E+00,  2.0000000000000018E-02,  0.0000000000000000E+00,  0.0000000000000000E+00, -6.1375000000000002E-01,  1.2000000000012001E-05,3,4,0,4,4,0,0,  2.0000000000000000E-02,  2.0000000000000000E-02,  4.2299999999999999E-01,  4.2299999999999999E-01,  0.0000000000000000E+00,  0.0000000000000000E+00
2,7,3,1,0,1,legacy-reference-bound,4,4,4, -1.2075000000000000E+00, -1.1875000000000000E+00,  2.0000000000000018E-02,  0.0000000000000000E+00,  0.0000000000000000E+00, -3.1687500000000002E-01,  2.1000000000021002E-05,3,8,0,8,8,0,0,  2.0000000000000000E-02,  2.0000000000000000E-02,  4.2299999999999999E-01,  4.2299999999999999E-01,  0.0000000000000000E+00,  0.0000000000000000E+00
2,7,3,1,0,1,legacy-reference-bound,8,8,8, -1.2075000000000000E+00, -1.1875000000000000E+00,  2.0000000000000018E-02,  0.0000000000000000E+00,  0.0000000000000000E+00, -1.6843749999999999E-01,  3.8000000000010248E-05,3,16,0,16,16,0,0,  2.0000000000000000E-02,  2.0000000000000000E-02,  4.2299999999999999E-01,  4.2299999999999999E-01,  0.0000000000000000E+00,  0.0000000000000000E+00
2,7,3,1,0,1,legacy-reference-bound,16,16,16, -1.2075000000000000E+00, -1.1875000000000000E+00,  2.0000000000000018E-02,  0.0000000000000000E+00,  0.0000000000000000E+00, -9.4218750000000004E-02,  7.4999999999991740E-05,3,32,0,32,32,0,0,  2.0000000000000000E-02,  2.0000000000000000E-02,  4.2299999999999999E-01,  4.2299999999999999E-01,  0.0000000000000000E+00,  0.0000000000000000E+00
2,7,3,1,0,1,legacy-reference-bound,32,32,32, -1.2075000000000000E+00, -1.1875000000000000E+00,  2.0000000000000018E-02,  0.0000000000000000E+00,  0.0000000000000000E+00, -5.7109375000000004E-02,  1.4300000000000423E-04,3,64,0,64,64,0,0,  2.0000000000000000E-02,  2.0000000000000000E-02,  4.2299999999999999E-01,  4.2299999999999999E-01,  0.0000000000000000E+00,  0.0000000000000000E+00
2,7,3,1,0,1,legacy-reference-bound,64,64,64, -1.2075000000000000E+00, -1.1875000000000000E+00,  2.0000000000000018E-02,  0.0000000000000000E+00,  0.0000000000000000E+00, -3.8554687500000004E-02,  2.9700000000001947E-04,3,128,0,128,128,0,0,  2.0000000000000000E-02,  2.0000000000000000E-02,  4.2299999999999999E-01,  4.2299999999999999E-01,  0.0000000000000000E+00,  0.0000000000000000E+00
2,7,3,1,0,1,legacy-reference-bound,128,128,128, -1.2075000000000000E+00, -1.1875000000000000E+00,  2.0000000000000018E-02,  0.0000000000000000E+00,  0.0000000000000000E+00, -2.9277343750000000E-02,  5.8500000000000218E-04,3,256,0,256,256,0,0,  2.0000000000000000E-02,  2.0000000000000000E-02,  4.2299999999999999E-01,  4.2299999999999999E-01,  0.0000000000000000E+00,  0.0000000000000000E+00
2,7,3,1,1,2,legacy-reference-retry,256,3,171, -3.0080459035912190E-02, -1.0149164988430336E-02,  1.9931294047481396E-02, -4.5796699765787707E-16,  2.7061686225238191E-16,  0.0000000000000000E+00,  5.1000000000001044E-04,3,176,34,180,214,2,1, -3.6461722229908028E-01,  3.5751813991615158E-02,  4.2294638221400527E-01,  4.2299999999999999E-01, -1.0000000000000000E+00, -1.0000000000000000E+00
2,7,3,1,1,2,legacy-reference-retry,512,5,212, -2.8414617794433720E-02, -8.4458615201150871E-03,  1.9968756274317601E-02, -1.0321604682062002E-15,  8.2789677890993119E-16,  0.0000000000000000E+00,  5.2299999999999569E-04,3,207,49,211,260,2,1, -2.2832531534774148E-01,  3.1868595179621241E-02,  4.2297286100957499E-01,  4.2299999999999999E-01, -1.0000000000000000E+00, -1.0000000000000000E+00
2,7,3,1,1,2,legacy-reference-retry,1024,8,211, -2.6521148199153136E-02, -6.5881006312608643E-03,  1.9933047567891604E-02, -6.6786853825107073E-16,  3.1376810871730498E-16,  0.0000000000000000E+00,  6.0299999999999243E-04,3,159,74,163,237,2,1, -3.5136003505239694E-01,  2.0205685428672866E-02,  4.2294919434834888E-01,  4.2299999999999999E-01, -1.0000000000000000E+00, -1.0000000000000000E+00
2,7,3,1,1,2,legacy-reference-retry,2048,15,286, -2.4902241766556865E-02, -6.1893907374291641E-03,  1.8712851029128785E-02,  1.0842021724855044E-15,  2.1000996081044221E-16,  0.0000000000000000E+00,  7.2400000000000242E-04,3,193,121,197,318,2,1, -2.4124868927155865E-01,  1.9192061260827942E-02,  4.2297059787190361E-01,  4.2299999999999999E-01, -1.0000000000000000E+00, -1.0000000000000000E+00
2,7,3,1,1,2,legacy-reference-retry,4096,26,367, -2.1338238589860777E-02, -5.2594702619018574E-03,  1.6078768327959070E-02,  1.5005358067199381E-16,  1.7737547541862853E-16,  0.0000000000000000E+00,  2.3610000000000020E-03,3,1341,204,1345,1549,2,1, -6.1312571349012102E-01, -1.7062137786213457E-02,  4.2288582286923981E-01,  4.2299937688529066E-01, -1.0000000000000000E+00, -1.0000000000000000E+00
2,2,1,1,0,1,legacy-reference-bound,1,1,5, -3.2073157165419963E-01, -1.3814059840923806E-02,  3.0691751181327587E-01,  4.1633363423443370E-17,  9.7144514654701197E-17, -3.2073157165419963E-01,  2.4999999999997247E-05,1,6,0,6,6,0,0, -2.6020663549833912E+01,  2.0247756386227375E-01,  3.9959315413326202E-01,  4.2299999999999999E-01, -1.0000000000000000E+00, -1.0000000000000000E+00
2,2,1,1,0,1,legacy-reference-bound,2,2,9, -3.6264364031788909E-01, -1.3814059840923806E-02,  3.4882958047696522E-01, -6.9388939039072284E-17,  2.0816681711721685E-17, -2.7617909431873883E-01,  2.4999999999997247E-05,1,11,0,11,11,0,0,  2.3359387536877882E-01,  1.1068132238447363E+00,  4.2299999999999999E-01,  4.2299999999999999E-01,  4.1912068663689378E-02,  2.7127476773678648E+01
2,2,1,1,0,1,legacy-reference-bound,4,4,16, -3.6264364031788898E-01, -1.3814059840923806E-02,  3.4882958047696522E-01,  4.1633363423443370E-17,  3.8163916471489756E-17, -2.2605119137687357E-01,  4.3000000000015248E-05,1,20,0,20,20,0,0,  2.6709177687559499E-01,  2.4909177687559501E+00,  4.2299999999999999E-01,  4.2299999999999999E-01,  0.0000000000000000E+00,  1.3841045449112137E+00
2,2,1,1,0,1,legacy-reference-bound,8,8,30, -3.6264364031795804E-01, -1.3814059840923806E-02,  3.4882958047696522E-01, -6.9014238768261293E-14,  6.8967401234409920E-14, -1.7806207892619549E-01,  7.7999999999994740E-05,1,38,0,38,38,0,0,  2.6709177687559499E-01,  2.4909177687559501E+00,  4.2299999999999999E-01,  4.2299999999999999E-01,  0.0000000000000000E+00,  0.0000000000000000E+00
2,2,1,1,0,1,legacy-reference-bound,16,16,47, -3.6264364031789798E-01, -1.3814059840923810E-02,  3.4882958047696522E-01, -8.9477036890883710E-15,  9.1983712313670196E-15, -1.3848480807731431E-01,  1.5100000000001224E-04,1,63,0,63,63,0,0,  2.6709177687559499E-01,  2.4909177687559501E+00,  4.2299999999999999E-01,  4.2299999999999999E-01,  0.0000000000000000E+00,  0.0000000000000000E+00
2,2,1,1,0,1,legacy-reference-bound,32,32,74, -3.6264364031788693E-01, -1.3814059840923815E-02,  3.4882958047696522E-01,  2.1042195763598670E-15,  4.5575522522600664E-15, -1.0934189864558294E-01,  2.2400000000000198E-04,1,106,0,106,106,0,0,  2.6709177687559499E-01,  2.4909177687559501E+00,  4.2299999999999999E-01,  4.2299999999999999E-01,  0.0000000000000000E+00,  0.0000000000000000E+00
2,2,1,1,0,1,legacy-reference-bound,64,64,125, -3.6264364031788771E-01, -1.3814059840923794E-02,  3.4882958047696522E-01,  1.3062467774105357E-15,  3.7892865928368380E-15, -8.9388536540381133E-02,  4.0200000000001346E-04,1,189,0,189,189,0,0,  2.6709177687559499E-01,  2.4909177687559501E+00,  4.2299999999999999E-01,  4.2299999999999999E-01,  0.0000000000000000E+00,  0.0000000000000000E+00
2,2,1,1,0,1,legacy-reference-bound,128,128,214, -3.6264364031789065E-01, -1.3814059840923780E-02,  3.4882958047696522E-01, -1.6497220256539435E-15,  2.7932300569744051E-15, -7.6207083058963052E-02,  7.3799999999998867E-04,1,342,0,342,342,0,0,  2.6709177687559499E-01,  2.4909177687559501E+00,  4.2299999999999999E-01,  4.2299999999999999E-01,  0.0000000000000000E+00,  0.0000000000000000E+00
2,2,1,1,0,1,legacy-reference-bound,256,256,393, -3.6264364031788987E-01, -1.3814059840923773E-02,  3.4882958047696522E-01, -8.7950480232024120E-16,  1.1777146098623792E-15, -6.7423917586432680E-02,  1.4139999999999986E-03,1,649,0,649,649,0,0,  2.6709177687559499E-01,  2.4909177687559501E+00,  4.2299999999999999E-01,  4.2299999999999999E-01,  0.0000000000000000E+00,  0.0000000000000000E+00
2,2,1,1,0,1,legacy-reference-bound,512,512,732, -3.6264364031788410E-01, -1.3814059840923962E-02,  3.4882958047696522E-01,  5.0827397846120448E-15,  1.7459178634077199E-15, -6.0711651227754175E-02,  2.7130000000000210E-03,1,1244,0,1244,1244,0,0,  2.6709177687559499E-01,  2.4909177687559501E+00,  4.2299999999999999E-01,  4.2299999999999999E-01,  0.0000000000000000E+00,  0.0000000000000000E+00
2,2,1,1,0,1,legacy-reference-bound,1024,1024,1415, -3.6264364031787782E-01, -1.3814059840923701E-02,  3.4882958047696522E-01,  1.1093556628871681E-14,  5.7016430422482389E-15, -5.3390711665662866E-02,  5.3839999999999999E-03,1,2439,0,2439,2439,0,0,  2.6709177687559499E-01,  2.4909177687559501E+00,  4.2299999999999999E-01,  4.2299999999999999E-01,  0.0000000000000000E+00,  0.0000000000000000E+00
2,2,1,1,0,1,legacy-reference-bound,2048,2048,2745, -3.6264364031788704E-01, -1.3814059840924282E-02,  3.4882958047696522E-01,  2.4598378889351125E-15,  1.4040214845779941E-15, -4.3545520937576868E-02,  1.0839999999999989E-02,1,4793,0,4793,4793,0,0,  2.6709177687559499E-01,  2.4909177687559501E+00,  4.2299999999999999E-01,  4.2299999999999999E-01,  0.0000000000000000E+00,  0.0000000000000000E+00
2,2,1,1,0,1,legacy-reference-bound,4096,4096,5369, -3.6264364031799456E-01, -1.3814059840924689E-02,  3.4882958047696522E-01, -1.0465760202915675E-13,  1.8900998116893469E-15, -3.2145439490134348E-02,  2.1295999999999982E-02,1,9465,0,9465,9465,0,0,  2.6709177687559499E-01,  2.4909177687559501E+00,  4.2299999999999999E-01,  4.2299999999999999E-01,  0.0000000000000000E+00,  0.0000000000000000E+00
2,2,1,1,0,1,legacy-reference-bound,1,1,5, -3.4073157165419965E-01, -1.3814059840923806E-02,  3.2691751181327589E-01,  4.1633363423443370E-17,  9.7144514654701197E-17, -3.4073157165419965E-01,  2.1999999999994246E-05,2,6,0,6,6,0,0, -2.6020663549833912E+01,  2.0247756386227375E-01,  3.9959315413326202E-01,  4.2299999999999999E-01, -1.0000000000000000E+00, -1.0000000000000000E+00
2,2,1,1,0,1,legacy-reference-bound,2,2,9, -3.8264364031788911E-01, -1.3814059840923806E-02,  3.6882958047696524E-01, -6.9388939039072284E-17,  2.0816681711721685E-17, -2.9617909431873884E-01,  2.5000000000025002E-05,2,11,0,11,11,0,0,  2.3359387536877882E-01,  1.1068132238447363E+00,  4.2299999999999999E-01,  4.2299999999999999E-01,  4.1912068663689378E-02,  2.7127476773678648E+01
2,2,1,1,0,1,legacy-reference-bound,4,4,16, -3.8264364031788900E-01, -1.3814059840923806E-02,  3.6882958047696524E-01,  4.1633363423443370E-17,  3.8163916471489756E-17, -2.4605119137687356E-01,  4.2000000000014248E-05,2,20,0,20,20,0,0,  2.6709177687559499E-01,  2.4909177687559501E+00,  4.2299999999999999E-01,  4.2299999999999999E-01,  0.0000000000000000E+00,  1.3841045449112137E+00
2,2,1,1,0,1,legacy-reference-bound,8,8,30, -3.8264364031795800E-01, -1.3814059840923806E-02,  3.6882958047696524E-01, -6.8958727617030036E-14,  6.8967401234409920E-14, -1.9806207892619548E-01,  7.9000000000023496E-05,2,38,0,38,38,0,0,  2.6709177687559499E-01,  2.4909177687559501E+00,  4.2299999999999999E-01,  4.2299999999999999E-01,  0.0000000000000000E+00,  0.0000000000000000E+00
2,2,1,1,0,1,legacy-reference-bound,16,16,47, -3.8264364031789794E-01, -1.3814059840923810E-02,  3.6882958047696524E-01, -8.8921925378571132E-15,  9.1983712313670196E-15, -1.5848480807731430E-01,  1.3199999999999323E-04,2,63,0,63,63,0,0,  2.6709177687559499E-01,  2.4909177687559501E+00,  4.2299999999999999E-01,  4.2299999999999999E-01,  0.0000000000000000E+00,  0.0000000000000000E+00
2,2,1,1,0,1,legacy-reference-bound,32,32,74, -3.8264364031788689E-01, -1.3814059840923815E-02,  3.6882958047696524E-01,  2.1597307275911248E-15,  4.5575522522600664E-15, -1.2934189864558293E-01,  2.2400000000000198E-04,2,106,0,106,106,0,0,  2.6709177687559499E-01,  2.4909177687559501E+00,  4.2299999999999999E-01,  4.2299999999999999E-01,  0.0000000000000000E+00,  0.0000000000000000E+00
2,2,1,1,0,1,legacy-reference-bound,64,64,125, -3.8264364031788772E-01, -1.3814059840923794E-02,  3.6882958047696524E-01,  1.3062467774105357E-15,  3.7892865928368380E-15, -1.0938853654038114E-01,  4.4299999999999895E-04,2,189,0,189,189,0,0,  2.6709177687559499E-01,  2.4909177687559501E+00,  4.2299999999999999E-01,  4.2299999999999999E-01,  0.0000000000000000E+00,  0.0000000000000000E+00
2,2,1,1,0,1,legacy-reference-bound,128,128,214, -3.8264364031789061E-01, -1.3814059840923780E-02,  3.6882958047696524E-01, -1.5942108744226857E-15,  2.7932300569744051E-15, -9.6207083058963055E-02,  7.5799999999998091E-04,2,342,0,342,342,0,0,  2.6709177687559499E-01,  2.4909177687559501E+00,  4.2299999999999999E-01,  4.2299999999999999E-01,  0.0000000000000000E+00,  0.0000000000000000E+00
2,2,1,1,0,1,legacy-reference-bound,256,256,393, -3.8264364031788989E-01, -1.3814059840923773E-02,  3.6882958047696524E-01, -8.7950480232024120E-16,  1.1777146098623792E-15, -8.7423917586432684E-02,  1.4180000000000026E-03,2,649,0,649,649,0,0,  2.6709177687559499E-01,  2.4909177687559501E+00,  4.2299999999999999E-01,  4.2299999999999999E-01,  0.0000000000000000E+00,  0.0000000000000000E+00
2,2,1,1,0,1,legacy-reference-bound,512,512,732, -3.8264364031788412E-01, -1.3814059840923962E-02,  3.6882958047696524E-01,  5.0827397846120448E-15,  1.7459178634077199E-15, -8.0711651227754172E-02,  2.7549999999999797E-03,2,1244,0,1244,1244,0,0,  2.6709177687559499E-01,  2.4909177687559501E+00,  4.2299999999999999E-01,  4.2299999999999999E-01,  0.0000000000000000E+00,  0.0000000000000000E+00
2,2,1,1,0,1,legacy-reference-bound,1024,1024,1415, -3.8264364031787773E-01, -1.3814059840923701E-02,  3.6882958047696524E-01,  1.1204578931334197E-14,  5.7016430422482389E-15, -7.3390711665662869E-02,  5.5639999999999856E-03,2,2439,0,2439,2439,0,0,  2.6709177687559499E-01,  2.4909177687559501E+00,  4.2299999999999999E-01,  4.2299999999999999E-01,  0.0000000000000000E+00,  0.0000000000000000E+00
2,2,1,1,0,1,legacy-reference-bound,2048,2048,2745, -3.8264364031788706E-01, -1.3814059840924282E-02,  3.6882958047696524E-01,  2.4598378889351125E-15,  1.4040214845779941E-15, -6.3545520937576871E-02,  1.0827000000000003E-02,2,4793,0,4793,4793,0,0,  2.6709177687559499E-01,  2.4909177687559501E+00,  4.2299999999999999E-01,  4.2299999999999999E-01,  0.0000000000000000E+00,  0.0000000000000000E+00
2,2,1,1,0,1,legacy-reference-bound,4096,4096,5369, -3.8264364031799458E-01, -1.3814059840924689E-02,  3.6882958047696524E-01, -1.0465760202915675E-13,  1.8900998116893469E-15, -5.2145439490134352E-02,  2.1472000000000019E-02,2,9465,0,9465,9465,0,0,  2.6709177687559499E-01,  2.4909177687559501E+00,  4.2299999999999999E-01,  4.2299999999999999E-01,  0.0000000000000000E+00,  0.0000000000000000E+00
2,2,1,1,0,1,legacy-reference-bound,1,1,5, -3.4073157165419965E-01, -1.3814059840923806E-02,  3.2691751181327589E-01,  4.1633363423443370E-17,  9.7144514654701197E-17, -3.4073157165419965E-01,  2.2000000000022002E-05,3,6,0,6,6,0,0, -2.6020663549833912E+01,  2.0247756386227375E-01,  3.9959315413326202E-01,  4.2299999999999999E-01, -1.0000000000000000E+00, -1.0000000000000000E+00
2,2,1,1,0,1,legacy-reference-bound,2,2,9, -3.8264364031788911E-01, -1.3814059840923806E-02,  3.6882958047696524E-01, -6.9388939039072284E-17,  2.0816681711721685E-17, -2.9617909431873884E-01,  2.4999999999997247E-05,3,11,0,11,11,0,0,  2.3359387536877882E-01,  1.1068132238447363E+00,  4.2299999999999999E-01,  4.2299999999999999E-01,  4.1912068663689378E-02,  2.7127476773678648E+01
2,2,1,1,0,1,legacy-reference-bound,4,4,16, -3.8264364031788900E-01, -1.3814059840923806E-02,  3.6882958047696524E-01,  4.1633363423443370E-17,  3.8163916471489756E-17, -2.4605119137687356E-01,  4.1000000000013248E-05,3,20,0,20,20,0,0,  2.6709177687559499E-01,  2.4909177687559501E+00,  4.2299999999999999E-01,  4.2299999999999999E-01,  0.0000000000000000E+00,  1.3841045449112137E+00
2,2,1,1,0,1,legacy-reference-bound,8,8,30, -3.8264364031795800E-01, -1.3814059840923806E-02,  3.6882958047696524E-01, -6.8958727617030036E-14,  6.8967401234409920E-14, -1.9806207892619548E-01,  7.8000000000022496E-05,3,38,0,38,38,0,0,  2.6709177687559499E-01,  2.4909177687559501E+00,  4.2299999999999999E-01,  4.2299999999999999E-01,  0.0000000000000000E+00,  0.0000000000000000E+00
2,2,1,1,0,1,legacy-reference-bound,16,16,47, -3.8264364031789794E-01, -1.3814059840923810E-02,  3.6882958047696524E-01, -8.8921925378571132E-15,  9.1983712313670196E-15, -1.5848480807731430E-01,  1.3200000000002099E-04,3,63,0,63,63,0,0,  2.6709177687559499E-01,  2.4909177687559501E+00,  4.2299999999999999E-01,  4.2299999999999999E-01,  0.0000000000000000E+00,  0.0000000000000000E+00
2,2,1,1,0,1,legacy-reference-bound,32,32,74, -3.8264364031788689E-01, -1.3814059840923815E-02,  3.6882958047696524E-01,  2.1597307275911248E-15,  4.5575522522600664E-15, -1.2934189864558293E-01,  2.2299999999997322E-04,3,106,0,106,106,0,0,  2.6709177687559499E-01,  2.4909177687559501E+00,  4.2299999999999999E-01,  4.2299999999999999E-01,  0.0000000000000000E+00,  0.0000000000000000E+00
2,2,1,1,0,1,legacy-reference-bound,64,64,125, -3.8264364031788772E-01, -1.3814059840923794E-02,  3.6882958047696524E-01,  1.3062467774105357E-15,  3.7892865928368380E-15, -1.0938853654038114E-01,  4.5099999999997920E-04,3,189,0,189,189,0,0,  2.6709177687559499E-01,  2.4909177687559501E+00,  4.2299999999999999E-01,  4.2299999999999999E-01,  0.0000000000000000E+00,  0.0000000000000000E+00
2,2,1,1,0,1,legacy-reference-bound,128,128,214, -3.8264364031789061E-01, -1.3814059840923780E-02,  3.6882958047696524E-01, -1.5942108744226857E-15,  2.7932300569744051E-15, -9.6207083058963055E-02,  7.4400000000002242E-04,3,342,0,342,342,0,0,  2.6709177687559499E-01,  2.4909177687559501E+00,  4.2299999999999999E-01,  4.2299999999999999E-01,  0.0000000000000000E+00,  0.0000000000000000E+00
2,2,1,1,0,1,legacy-reference-bound,256,256,395, -3.8264364031789111E-01, -1.3814059840923773E-02,  3.6882958047696524E-01, -2.1007501294079134E-15,  1.4847606651102740E-15,  0.0000000000000000E+00,  1.4189999999999481E-03,3,647,4,647,651,0,1,  2.6709177687559499E-01,  2.4909177687559501E+00,  4.2299999999999999E-01,  4.2299999999999999E-01,  0.0000000000000000E+00,  0.0000000000000000E+00
2,2,1,1,0,1,legacy-reference-bound,512,512,735, -3.8264364031787562E-01, -1.3814059840923962E-02,  3.6882958047696524E-01,  1.3575945922994492E-14,  8.1003725862366371E-15,  0.0000000000000000E+00,  2.7540000000000342E-03,3,1239,8,1239,1247,0,1,  2.6709177687559499E-01,  2.4909177687559501E+00,  4.2299999999999999E-01,  4.2299999999999999E-01,  0.0000000000000000E+00,  0.0000000000000000E+00
2,2,1,1,0,1,legacy-reference-bound,1024,1024,1424, -3.8264364031787662E-01, -1.3814059840923701E-02,  3.6882958047696524E-01,  1.2314801955959354E-14,  5.5385790355064191E-15,  0.0000000000000000E+00,  5.3960000000000119E-03,3,2432,16,2432,2448,0,1,  2.6709177687559499E-01,  2.4909177687559501E+00,  4.2299999999999999E-01,  4.2299999999999999E-01,  0.0000000000000000E+00,  0.0000000000000000E+00
2,2,1,1,0,1,legacy-reference-bound,2048,2048,2761, -3.8264364031788783E-01, -1.3814059840924282E-02,  3.6882958047696524E-01,  1.6826817716975029E-15,  1.4994312757567185E-15,  0.0000000000000000E+00,  1.0737999999999970E-02,3,4777,32,4777,4809,0,1,  2.6709177687559499E-01,  2.4909177687559501E+00,  4.2299999999999999E-01,  4.2299999999999999E-01,  0.0000000000000000E+00,  0.0000000000000000E+00
2,2,1,1,0,1,legacy-reference-bound,4096,4096,5401, -3.8264364031799508E-01, -1.3814059840924689E-02,  3.6882958047696524E-01, -1.0515720239023807E-13,  1.7770175250991088E-15,  0.0000000000000000E+00,  2.1543999999999952E-02,3,9433,64,9433,9497,0,1,  2.6709177687559499E-01,  2.4909177687559501E+00,  4.2299999999999999E-01,  4.2299999999999999E-01,  0.0000000000000000E+00,  0.0000000000000000E+00
2,2,2,1,0,1,legacy-reference-bound,1,1,4, -4.5058613767875921E-01, -4.3135658157335610E-01,  1.9229556105403001E-02, -1.1102230246251565E-16,  0.0000000000000000E+00, -4.5058613767875921E-01,  1.6999999999989246E-05,1,5,0,5,5,0,0,  1.1941568866837977E-01,  1.7513976048868227E-01,  4.2299999999999999E-01,  4.2299999999999999E-01, -1.0000000000000000E+00, -1.0000000000000000E+00
2,2,2,1,0,1,legacy-reference-bound,2,2,8, -4.5058613767875921E-01, -4.3135658157335610E-01,  1.9229556105403001E-02, -1.1102230246251565E-16,  2.7755575615628914E-17, -2.3490784689208119E-01,  2.0000000000020002E-05,1,10,0,10,10,0,0,  1.7918808808981976E-01,  1.6118808808981977E+00,  4.2299999999999999E-01,  4.2299999999999999E-01,  0.0000000000000000E+00,  1.4924651922298180E+00
2,2,2,1,0,1,legacy-reference-bound,4,4,13, -4.5058613767875932E-01, -4.3135658157335610E-01,  1.9229556105403001E-02, -2.2204460492503131E-16,  0.0000000000000000E+00, -1.2706482386075943E-01,  3.4999999999951736E-05,1,17,0,17,17,0,0,  1.7918808808981976E-01,  1.6118808808981977E+00,  4.2299999999999999E-01,  4.2299999999999999E-01,  0.0000000000000000E+00,  0.0000000000000000E+00
2,2,2,1,0,1,legacy-reference-bound,8,8,17, -4.5058613767875938E-01, -4.3135658157335616E-01,  1.9229556105403001E-02, -2.2204460492503131E-16,  1.3877787807814457E-17, -7.3090373952929860E-02,  5.3000000000025249E-05,1,25,0,25,25,0,0,  1.7918808808981976E-01,  1.6118808808981977E+00,  4.2299999999999999E-01,  4.2299999999999999E-01,  0.0000000000000000E+00,  0.0000000000000000E+00
2,2,2,1,0,1,legacy-reference-bound,16,16,25, -4.5058613767875916E-01, -4.3135658157335599E-01,  1.9229556105403001E-02, -1.6653345369377348E-16,  6.9388939039072284E-18, -4.5932676669835970E-02,  8.7000000000003741E-05,1,41,0,41,41,0,0,  1.7918808808981976E-01,  1.6118808808981977E+00,  4.2299999999999999E-01,  4.2299999999999999E-01,  0.0000000000000000E+00,  0.0000000000000000E+00
2,2,2,1,0,1,legacy-reference-bound,32,32,41, -4.5058613767875899E-01, -4.3135658157335588E-01,  1.9229556105403001E-02, -1.1102230246251565E-16,  5.8980598183211441E-17, -3.1901297016015163E-02,  1.5599999999998948E-04,1,73,0,73,73,0,0,  1.7918808808981976E-01,  1.6118808808981977E+00,  4.2299999999999999E-01,  4.2299999999999999E-01,  0.0000000000000000E+00,  0.0000000000000000E+00
2,2,2,1,0,1,legacy-reference-bound,64,64,81, -4.5058613767875982E-01, -4.3135658157335655E-01,  1.9229556105403001E-02, -2.7755575615628914E-16,  2.2551405187698492E-17, -2.3864504423703914E-02,  3.1199999999997896E-04,1,145,0,145,145,0,0,  1.7918808808981976E-01,  1.6118808808981977E+00,  4.2299999999999999E-01,  4.2299999999999999E-01,  0.0000000000000000E+00,  1.1102230246251565E-16
2,2,2,1,0,1,legacy-reference-bound,128,128,148, -4.5058613767875988E-01, -4.3135658157335555E-01,  1.9229556105403001E-02, -1.3322676295501878E-15,  1.2047654540658925E-15, -1.8143549934243941E-02,  6.1299999999997468E-04,1,276,0,276,276,0,0,  1.7918808808981976E-01,  1.6118808808981977E+00,  4.2299999999999999E-01,  4.2299999999999999E-01,  0.0000000000000000E+00,  1.1102230246251565E-16
2,2,2,1,0,1,legacy-reference-bound,256,256,285, -4.5058613767875899E-01, -4.3135658157335477E-01,  1.9229556105403001E-02, -1.2212453270876722E-15,  1.0343288725511712E-15, -1.3395328314142129E-02,  1.1779999999999569E-03,1,541,0,541,541,0,0,  1.7918808808981976E-01,  1.6118808808981977E+00,  4.2299999999999999E-01,  4.2299999999999999E-01,  0.0000000000000000E+00,  1.1102230246251565E-16
2,2,2,1,0,1,legacy-reference-bound,512,512,562, -4.5058613767876432E-01, -4.3135658157336038E-01,  1.9229556105403001E-02, -9.4368957093138306E-16,  3.6450877038962659E-16, -9.6181884327806756E-03,  2.4870000000000170E-03,1,1074,0,1074,1074,0,0,  1.7918808808981976E-01,  1.6118808808981977E+00,  4.2299999999999999E-01,  4.2299999999999999E-01,  0.0000000000000000E+00,  1.1102230246251565E-16
2,2,2,1,0,1,legacy-reference-bound,1024,1024,1105, -4.5058613767876904E-01, -4.3135658157336426E-01,  1.9229556105403001E-02, -1.7763568394002505E-15,  2.7506209115957247E-16, -6.8853935656346009E-03,  4.9269999999999592E-03,1,2129,0,2129,2129,0,0,  1.7918808808981976E-01,  1.6118808808981977E+00,  4.2299999999999999E-01,  4.2299999999999999E-01,  0.0000000000000000E+00,  1.1102230246251565E-16
2,2,2,1,0,1,legacy-reference-bound,2048,2048,2186, -4.5058613767877082E-01, -4.3135658157336620E-01,  1.9229556105403001E-02, -1.6098233857064770E-15,  1.7222551509932238E-16, -4.9594144612773996E-03,  9.7149999999999737E-03,1,4234,0,4234,4234,0,0,  1.7918808808981976E-01,  1.6118808808981977E+00,  4.2299999999999999E-01,  4.2299999999999999E-01,  0.0000000000000000E+00,  0.0000000000000000E+00
2,2,2,1,0,1,legacy-reference-bound,4096,4096,4334, -4.5058613767871919E-01, -4.3135658157331941E-01,  1.9229556105403001E-02,  3.2196467714129540E-15,  1.9756874088117105E-16, -3.5280921897805819E-03,  1.9421999999999995E-02,1,8430,0,8430,8430,0,0,  1.7918808808981976E-01,  1.6118808808981977E+00,  4.2299999999999999E-01,  4.2299999999999999E-01,  0.0000000000000000E+00,  1.1102230246251565E-16
2,2,2,1,0,1,legacy-reference-bound,1,1,4, -4.7058613767875923E-01, -4.3135658157335610E-01,  3.9229556105403018E-02, -1.1102230246251565E-16,  0.0000000000000000E+00, -4.7058613767875923E-01,  1.9999999999964491E-05,2,5,0,5,5,0,0,  1.1941568866837977E-01,  1.7513976048868227E-01,  4.2299999999999999E-01,  4.2299999999999999E-01, -1.0000000000000000E+00, -1.0000000000000000E+00
2,2,2,1,0,1,legacy-reference-bound,2,2,8, -4.7058613767875923E-01, -4.3135658157335610E-01,  3.9229556105403018E-02, -1.1102230246251565E-16,  2.7755575615628914E-17, -2.5490784689208118E-01,  2.1999999999966491E-05,2,10,0,10,10,0,0,  1.7918808808981976E-01,  1.6118808808981977E+00,  4.2299999999999999E-01,  4.2299999999999999E-01,  0.0000000000000000E+00,  1.4924651922298180E+00
2,2,2,1,0,1,legacy-reference-bound,4,4,13, -4.7058613767875934E-01, -4.3135658157335610E-01,  3.9229556105403018E-02, -2.2204460492503131E-16,  0.0000000000000000E+00, -1.4706482386075942E-01,  3.5999999999980492E-05,2,17,0,17,17,0,0,  1.7918808808981976E-01,  1.6118808808981977E+00,  4.2299999999999999E-01,  4.2299999999999999E-01,  0.0000000000000000E+00,  0.0000000000000000E+00
2,2,2,1,0,1,legacy-reference-bound,8,8,17, -4.7058613767875934E-01, -4.3135658157335616E-01,  3.9229556105403018E-02, -1.6653345369377348E-16,  1.3877787807814457E-17, -9.3090373952929864E-02,  5.1999999999996493E-05,2,25,0,25,25,0,0,  1.7918808808981976E-01,  1.6118808808981977E+00,  4.2299999999999999E-01,  4.2299999999999999E-01,  0.0000000000000000E+00,  0.0000000000000000E+00
2,2,2,1,0,1,legacy-reference-bound,16,16,25, -4.7058613767875912E-01, -4.3135658157335599E-01,  3.9229556105403018E-02, -1.1102230246251565E-16,  6.9388939039072284E-18, -6.5932676669835974E-02,  1.1899999999998023E-04,2,41,0,41,41,0,0,  1.7918808808981976E-01,  1.6118808808981977E+00,  4.2299999999999999E-01,  4.2299999999999999E-01,  0.0000000000000000E+00,  0.0000000000000000E+00
2,2,2,1,0,1,legacy-reference-bound,32,32,41, -4.7058613767875895E-01, -4.3135658157335588E-01,  3.9229556105403018E-02, -5.5511151231257827E-17,  5.8980598183211441E-17, -5.1901297016015160E-02,  1.5700000000001824E-04,2,73,0,73,73,0,0,  1.7918808808981976E-01,  1.6118808808981977E+00,  4.2299999999999999E-01,  4.2299999999999999E-01,  0.0000000000000000E+00,  0.0000000000000000E+00
2,2,2,1,0,1,legacy-reference-bound,64,64,81, -4.7058613767875990E-01, -4.3135658157335655E-01,  3.9229556105403018E-02, -3.3306690738754696E-16,  2.2551405187698492E-17, -4.3864504423703918E-02,  3.3100000000002572E-04,2,145,0,145,145,0,0,  1.7918808808981976E-01,  1.6118808808981977E+00,  4.2299999999999999E-01,  4.2299999999999999E-01,  0.0000000000000000E+00,  1.1102230246251565E-16
2,2,2,1,0,1,legacy-reference-bound,128,128,148, -4.7058613767875979E-01, -4.3135658157335555E-01,  3.9229556105403018E-02, -1.2212453270876722E-15,  1.2047654540658925E-15, -3.8143549934243945E-02,  5.9300000000001019E-04,2,276,0,276,276,0,0,  1.7918808808981976E-01,  1.6118808808981977E+00,  4.2299999999999999E-01,  4.2299999999999999E-01,  0.0000000000000000E+00,  1.1102230246251565E-16
2,2,2,1,0,1,legacy-reference-bound,256,256,285, -4.7058613767875890E-01, -4.3135658157335477E-01,  3.9229556105403018E-02, -1.1102230246251565E-15,  1.0343288725511712E-15, -3.3395328314142131E-02,  1.1830000000000451E-03,2,541,0,541,541,0,0,  1.7918808808981976E-01,  1.6118808808981977E+00,  4.2299999999999999E-01,  4.2299999999999999E-01,  0.0000000000000000E+00,  1.1102230246251565E-16
2,2,2,1,0,1,legacy-reference-bound,512,512,562, -4.7058613767876484E-01, -4.3135658157336038E-01,  3.9229556105403018E-02, -1.4432899320127035E-15,  3.6450877038962659E-16, -2.9618188432780676E-02,  2.4330000000000185E-03,2,1074,0,1074,1074,0,0,  1.7918808808981976E-01,  1.6118808808981977E+00,  4.2299999999999999E-01,  4.2299999999999999E-01,  0.0000000000000000E+00,  1.1102230246251565E-16
2,2,2,1,0,1,legacy-reference-bound,1024,1024,1105, -4.7058613767876961E-01, -4.3135658157336426E-01,  3.9229556105403018E-02, -2.3314683517128287E-15,  2.7506209115957247E-16, -2.6885393565634602E-02,  4.8710000000000142E-03,2,2129,0,2129,2129,0,0,  1.7918808808981976E-01,  1.6118808808981977E+00,  4.2299999999999999E-01,  4.2299999999999999E-01,  0.0000000000000000E+00,  1.1102230246251565E-16
2,2,2,1,0,1,legacy-reference-bound,2048,2048,2186, -4.7058613767877150E-01, -4.3135658157336620E-01,  3.9229556105403018E-02, -2.2759572004815709E-15,  1.7222551509932238E-16, -2.4959414461277401E-02,  1.1199999999999988E-02,2,4234,0,4234,4234,0,0,  1.7918808808981976E-01,  1.6118808808981977E+00,  4.2299999999999999E-01,  4.2299999999999999E-01,  0.0000000000000000E+00,  0.0000000000000000E+00
2,2,2,1,0,1,legacy-reference-bound,4096,4096,4334, -4.7058613767871427E-01, -4.3135658157331941E-01,  3.9229556105403018E-02,  8.1601392309949006E-15,  1.9756874088117105E-16, -2.3528092189780581E-02,  2.2436000000000011E-02,2,8430,0,8430,8430,0,0,  1.7918808808981976E-01,  1.6118808808981977E+00,  4.2299999999999999E-01,  4.2299999999999999E-01,  0.0000000000000000E+00,  1.1102230246251565E-16
2,2,2,1,0,1,legacy-reference-bound,1,1,4, -4.7058613767875923E-01, -4.3135658157335610E-01,  3.9229556105403018E-02, -1.1102230246251565E-16,  0.0000000000000000E+00, -4.7058613767875923E-01,  2.3999999999968491E-05,3,5,0,5,5,0,0,  1.1941568866837977E-01,  1.7513976048868227E-01,  4.2299999999999999E-01,  4.2299999999999999E-01, -1.0000000000000000E+00, -1.0000000000000000E+00
2,2,2,1,0,1,legacy-reference-bound,2,2,8, -4.7058613767875923E-01, -4.3135658157335610E-01,  3.9229556105403018E-02, -1.1102230246251565E-16,  2.7755575615628914E-17, -2.5490784689208118E-01,  3.7000000000009248E-05,3,10,0,10,10,0,0,  1.7918808808981976E-01,  1.6118808808981977E+00,  4.2299999999999999E-01,  4.2299999999999999E-01,  0.0000000000000000E+00,  1.4924651922298180E+00
2,2,2,1,0,1,legacy-reference-bound,4,4,13, -4.7058613767875934E-01, -4.3135658157335610E-01,  3.9229556105403018E-02, -2.2204460492503131E-16,  0.0000000000000000E+00, -1.4706482386075942E-01,  3.5999999999980492E-05,3,17,0,17,17,0,0,  1.7918808808981976E-01,  1.6118808808981977E+00,  4.2299999999999999E-01,  4.2299999999999999E-01,  0.0000000000000000E+00,  0.0000000000000000E+00
2,2,2,1,0,1,legacy-reference-bound,8,8,17, -4.7058613767875934E-01, -4.3135658157335616E-01,  3.9229556105403018E-02, -1.6653345369377348E-16,  1.3877787807814457E-17, -9.3090373952929864E-02,  5.3999999999998494E-05,3,25,0,25,25,0,0,  1.7918808808981976E-01,  1.6118808808981977E+00,  4.2299999999999999E-01,  4.2299999999999999E-01,  0.0000000000000000E+00,  0.0000000000000000E+00
2,2,2,1,0,1,legacy-reference-bound,16,16,25, -4.7058613767875912E-01, -4.3135658157335599E-01,  3.9229556105403018E-02, -1.1102230246251565E-16,  6.9388939039072284E-18, -6.5932676669835974E-02,  1.2100000000003774E-04,3,41,0,41,41,0,0,  1.7918808808981976E-01,  1.6118808808981977E+00,  4.2299999999999999E-01,  4.2299999999999999E-01,  0.0000000000000000E+00,  0.0000000000000000E+00
2,2,2,1,0,1,legacy-reference-bound,32,32,41, -4.7058613767875895E-01, -4.3135658157335588E-01,  3.9229556105403018E-02, -5.5511151231257827E-17,  5.8980598183211441E-17, -5.1901297016015160E-02,  1.5899999999996473E-04,3,73,0,73,73,0,0,  1.7918808808981976E-01,  1.6118808808981977E+00,  4.2299999999999999E-01,  4.2299999999999999E-01,  0.0000000000000000E+00,  0.0000000000000000E+00
2,2,2,1,0,1,legacy-reference-bound,64,64,81, -4.7058613767875990E-01, -4.3135658157335655E-01,  3.9229556105403018E-02, -3.3306690738754696E-16,  2.2551405187698492E-17, -4.3864504423703918E-02,  3.5400000000002096E-04,3,145,0,145,145,0,0,  1.7918808808981976E-01,  1.6118808808981977E+00,  4.2299999999999999E-01,  4.2299999999999999E-01,  0.0000000000000000E+00,  1.1102230246251565E-16
2,2,2,1,0,1,legacy-reference-bound,128,128,148, -4.7058613767875979E-01, -4.3135658157335555E-01,  3.9229556105403018E-02, -1.2212453270876722E-15,  1.2047654540658925E-15, -3.8143549934243945E-02,  6.3100000000004819E-04,3,276,0,276,276,0,0,  1.7918808808981976E-01,  1.6118808808981977E+00,  4.2299999999999999E-01,  4.2299999999999999E-01,  0.0000000000000000E+00,  1.1102230246251565E-16
2,2,2,1,0,1,legacy-reference-bound,256,256,291, -4.7058613767875873E-01, -4.3135658157335477E-01,  3.9229556105403018E-02, -9.4368957093138306E-16,  1.1141261524461044E-15,  0.0000000000000000E+00,  1.1970000000000036E-03,3,542,5,542,547,0,1,  1.7918808808981976E-01,  1.6118808808981977E+00,  4.2299999999999999E-01,  4.2299999999999999E-01,  0.0000000000000000E+00,  0.0000000000000000E+00
2,2,2,1,0,1,legacy-reference-bound,512,512,568, -4.7058613767876550E-01, -4.3135658157336038E-01,  3.9229556105403018E-02, -2.1094237467877974E-15,  5.6573669360293621E-16,  0.0000000000000000E+00,  2.4529999999999830E-03,3,1070,10,1070,1080,0,1,  1.7918808808981976E-01,  1.6118808808981977E+00,  4.2299999999999999E-01,  4.2299999999999999E-01,  0.0000000000000000E+00,  0.0000000000000000E+00
2,2,2,1,0,1,legacy-reference-bound,1024,1024,1116, -4.7058613767876972E-01, -4.3135658157336426E-01,  3.9229556105403018E-02, -2.4424906541753444E-15,  5.2052546301029068E-16,  0.0000000000000000E+00,  4.9310000000000187E-03,3,2120,20,2120,2140,0,1,  1.7918808808981976E-01,  1.6118808808981977E+00,  4.2299999999999999E-01,  4.2299999999999999E-01,  0.0000000000000000E+00,  0.0000000000000000E+00
2,2,2,1,0,1,legacy-reference-bound,2048,2048,2213, -4.7058613767877128E-01, -4.3135658157336620E-01,  3.9229556105403018E-02, -2.0539125955565396E-15,  2.4313233717987437E-16,  0.0000000000000000E+00,  1.4612000000000014E-02,3,4221,40,4221,4261,0,1,  1.7918808808981976E-01,  1.6118808808981977E+00,  4.2299999999999999E-01,  4.2299999999999999E-01,  0.0000000000000000E+00,  0.0000000000000000E+00
2,2,2,1,0,1,legacy-reference-bound,4096,4096,4391, -4.7058613767871416E-01, -4.3135658157331941E-01,  3.9229556105403018E-02,  8.2711615334574162E-15,  2.0971180521300870E-16,  0.0000000000000000E+00,  3.0578999999999967E-02,3,8407,80,8407,8487,0,1,  1.7918808808981976E-01,  1.6118808808981977E+00,  4.2299999999999999E-01,  4.2299999999999999E-01,  0.0000000000000000E+00,  5.5511151231257827E-17
2,2,3,1,0,1,legacy-reference-bound,1,1,1, -1.1875000000000000E+00, -1.1875000000000000E+00,  0.0000000000000000E+00,  0.0000000000000000E+00,  0.0000000000000000E+00, -1.1875000000000000E+00,  1.4000000000014001E-05,1,2,0,2,2,0,0,  2.0000000000000000E-02,  2.0000000000000000E-02,  4.2299999999999999E-01,  4.2299999999999999E-01, -1.0000000000000000E+00, -1.0000000000000000E+00
2,2,3,1,0,1,legacy-reference-bound,2,2,2, -1.1875000000000000E+00, -1.1875000000000000E+00,  0.0000000000000000E+00,  0.0000000000000000E+00,  0.0000000000000000E+00, -5.9375000000000000E-01,  1.2999999999985246E-05,1,4,0,4,4,0,0,  2.0000000000000000E-02,  2.0000000000000000E-02,  4.2299999999999999E-01,  4.2299999999999999E-01,  0.0000000000000000E+00,  0.0000000000000000E+00
2,2,3,1,0,1,legacy-reference-bound,4,4,4, -1.1875000000000000E+00, -1.1875000000000000E+00,  0.0000000000000000E+00,  0.0000000000000000E+00,  0.0000000000000000E+00, -2.9687500000000000E-01,  2.7500000000002522E-04,1,8,0,8,8,0,0,  2.0000000000000000E-02,  2.0000000000000000E-02,  4.2299999999999999E-01,  4.2299999999999999E-01,  0.0000000000000000E+00,  0.0000000000000000E+00
2,2,3,1,0,1,legacy-reference-bound,8,8,8, -1.1875000000000000E+00, -1.1875000000000000E+00,  0.0000000000000000E+00,  0.0000000000000000E+00,  0.0000000000000000E+00, -1.4843750000000000E-01,  1.1700000000003374E-04,1,16,0,16,16,0,0,  2.0000000000000000E-02,  2.0000000000000000E-02,  4.2299999999999999E-01,  4.2299999999999999E-01,  0.0000000000000000E+00,  0.0000000000000000E+00
2,2,3,1,0,1,legacy-reference-bound,16,16,16, -1.1875000000000000E+00, -1.1875000000000000E+00,  0.0000000000000000E+00,  0.0000000000000000E+00,  0.0000000000000000E+00, -7.4218750000000000E-02,  2.3200000000000998E-04,1,32,0,32,32,0,0,  2.0000000000000000E-02,  2.0000000000000000E-02,  4.2299999999999999E-01,  4.2299999999999999E-01,  0.0000000000000000E+00,  0.0000000000000000E+00
2,2,3,1,0,1,legacy-reference-bound,32,32,32, -1.1875000000000000E+00, -1.1875000000000000E+00,  0.0000000000000000E+00,  0.0000000000000000E+00,  0.0000000000000000E+00, -3.7109375000000000E-02,  6.2000000000000943E-04,1,64,0,64,64,0,0,  2.0000000000000000E-02,  2.0000000000000000E-02,  4.2299999999999999E-01,  4.2299999999999999E-01,  0.0000000000000000E+00,  0.0000000000000000E+00
2,2,3,1,0,1,legacy-reference-bound,64,64,64, -1.1875000000000000E+00, -1.1875000000000000E+00,  0.0000000000000000E+00,  0.0000000000000000E+00,  0.0000000000000000E+00, -1.8554687500000000E-02,  5.5600000000000094E-04,1,128,0,128,128,0,0,  2.0000000000000000E-02,  2.0000000000000000E-02,  4.2299999999999999E-01,  4.2299999999999999E-01,  0.0000000000000000E+00,  0.0000000000000000E+00
2,2,3,1,0,1,legacy-reference-bound,128,128,128, -1.1875000000000000E+00, -1.1875000000000000E+00,  0.0000000000000000E+00,  0.0000000000000000E+00,  0.0000000000000000E+00, -9.2773437500000000E-03,  1.3429999999999831E-03,1,256,0,256,256,0,0,  2.0000000000000000E-02,  2.0000000000000000E-02,  4.2299999999999999E-01,  4.2299999999999999E-01,  0.0000000000000000E+00,  0.0000000000000000E+00
2,2,3,1,0,1,legacy-reference-bound,256,256,256, -1.1875000000000000E+00, -1.1875000000000000E+00,  0.0000000000000000E+00,  0.0000000000000000E+00,  0.0000000000000000E+00, -4.6386718750000000E-03,  2.1170000000000355E-03,1,512,0,512,512,0,0,  2.0000000000000000E-02,  2.0000000000000000E-02,  4.2299999999999999E-01,  4.2299999999999999E-01,  0.0000000000000000E+00,  0.0000000000000000E+00
2,2,3,1,0,1,legacy-reference-bound,512,512,512, -1.1875000000000000E+00, -1.1875000000000000E+00,  0.0000000000000000E+00,  0.0000000000000000E+00,  0.0000000000000000E+00, -2.3193359375000000E-03,  2.8960000000000097E-03,1,1024,0,1024,1024,0,0,  2.0000000000000000E-02,  2.0000000000000000E-02,  4.2299999999999999E-01,  4.2299999999999999E-01,  0.0000000000000000E+00,  0.0000000000000000E+00
2,2,3,1,0,1,legacy-reference-bound,1024,1024,1024, -1.1875000000000000E+00, -1.1875000000000000E+00,  0.0000000000000000E+00,  0.0000000000000000E+00,  0.0000000000000000E+00, -1.1596679687500000E-03,  4.7110000000000207E-03,1,2048,0,2048,2048,0,0,  2.0000000000000000E-02,  2.0000000000000000E-02,  4.2299999999999999E-01,  4.2299999999999999E-01,  0.0000000000000000E+00,  0.0000000000000000E+00
2,2,3,1,0,1,legacy-reference-bound,2048,2048,2048, -1.1875000000000000E+00, -1.1875000000000000E+00,  0.0000000000000000E+00,  0.0000000000000000E+00,  0.0000000000000000E+00, -5.7983398437500000E-04,  1.0036999999999963E-02,1,4096,0,4096,4096,0,0,  2.0000000000000000E-02,  2.0000000000000000E-02,  4.2299999999999999E-01,  4.2299999999999999E-01,  0.0000000000000000E+00,  0.0000000000000000E+00
2,2,3,1,0,1,legacy-reference-bound,4096,4096,4096, -1.1875000000000000E+00, -1.1875000000000000E+00,  0.0000000000000000E+00,  0.0000000000000000E+00,  0.0000000000000000E+00, -2.8991699218750000E-04,  2.7130999999999961E-02,1,8192,0,8192,8192,0,0,  2.0000000000000000E-02,  2.0000000000000000E-02,  4.2299999999999999E-01,  4.2299999999999999E-01,  0.0000000000000000E+00,  0.0000000000000000E+00
2,2,3,1,0,1,legacy-reference-bound,1,1,1, -1.2075000000000000E+00, -1.1875000000000000E+00,  2.0000000000000018E-02,  0.0000000000000000E+00,  0.0000000000000000E+00, -1.2075000000000000E+00,  1.4000000000014001E-05,2,2,0,2,2,0,0,  2.0000000000000000E-02,  2.0000000000000000E-02,  4.2299999999999999E-01,  4.2299999999999999E-01, -1.0000000000000000E+00, -1.0000000000000000E+00
2,2,3,1,0,1,legacy-reference-bound,2,2,2, -1.2075000000000000E+00, -1.1875000000000000E+00,  2.0000000000000018E-02,  0.0000000000000000E+00,  0.0000000000000000E+00, -6.1375000000000002E-01,  1.2000000000012001E-05,2,4,0,4,4,0,0,  2.0000000000000000E-02,  2.0000000000000000E-02,  4.2299999999999999E-01,  4.2299999999999999E-01,  0.0000000000000000E+00,  0.0000000000000000E+00
2,2,3,1,0,1,legacy-reference-bound,4,4,4, -1.2075000000000000E+00, -1.1875000000000000E+00,  2.0000000000000018E-02,  0.0000000000000000E+00,  0.0000000000000000E+00, -3.1687500000000002E-01,  1.9999999999964491E-05,2,8,0,8,8,0,0,  2.0000000000000000E-02,  2.0000000000000000E-02,  4.2299999999999999E-01,  4.2299999999999999E-01,  0.0000000000000000E+00,  0.0000000000000000E+00
2,2,3,1,0,1,legacy-reference-bound,8,8,8, -1.2075000000000000E+00, -1.1875000000000000E+00,  2.0000000000000018E-02,  0.0000000000000000E+00,  0.0000000000000000E+00, -1.6843749999999999E-01,  3.7000000000009248E-05,2,16,0,16,16,0,0,  2.0000000000000000E-02,  2.0000000000000000E-02,  4.2299999999999999E-01,  4.2299999999999999E-01,  0.0000000000000000E+00,  0.0000000000000000E+00
2,2,3,1,0,1,legacy-reference-bound,16,16,16, -1.2075000000000000E+00, -1.1875000000000000E+00,  2.0000000000000018E-02,  0.0000000000000000E+00,  0.0000000000000000E+00, -9.4218750000000004E-02,  7.2000000000016495E-05,2,32,0,32,32,0,0,  2.0000000000000000E-02,  2.0000000000000000E-02,  4.2299999999999999E-01,  4.2299999999999999E-01,  0.0000000000000000E+00,  0.0000000000000000E+00
2,2,3,1,0,1,legacy-reference-bound,32,32,32, -1.2075000000000000E+00, -1.1875000000000000E+00,  2.0000000000000018E-02,  0.0000000000000000E+00,  0.0000000000000000E+00, -5.7109375000000004E-02,  1.4100000000000223E-04,2,64,0,64,64,0,0,  2.0000000000000000E-02,  2.0000000000000000E-02,  4.2299999999999999E-01,  4.2299999999999999E-01,  0.0000000000000000E+00,  0.0000000000000000E+00
2,2,3,1,0,1,legacy-reference-bound,64,64,64, -1.2075000000000000E+00, -1.1875000000000000E+00,  2.0000000000000018E-02,  0.0000000000000000E+00,  0.0000000000000000E+00, -3.8554687500000004E-02,  2.7800000000000047E-04,2,128,0,128,128,0,0,  2.0000000000000000E-02,  2.0000000000000000E-02,  4.2299999999999999E-01,  4.2299999999999999E-01,  0.0000000000000000E+00,  0.0000000000000000E+00
2,2,3,1,0,1,legacy-reference-bound,128,128,128, -1.2075000000000000E+00, -1.1875000000000000E+00,  2.0000000000000018E-02,  0.0000000000000000E+00,  0.0000000000000000E+00, -2.9277343750000000E-02,  5.7100000000004369E-04,2,256,0,256,256,0,0,  2.0000000000000000E-02,  2.0000000000000000E-02,  4.2299999999999999E-01,  4.2299999999999999E-01,  0.0000000000000000E+00,  0.0000000000000000E+00
2,2,3,1,0,1,legacy-reference-bound,256,256,256, -1.2075000000000000E+00, -1.1875000000000000E+00,  2.0000000000000018E-02,  0.0000000000000000E+00,  0.0000000000000000E+00, -2.4638671875000000E-02,  1.1430000000000051E-03,2,512,0,512,512,0,0,  2.0000000000000000E-02,  2.0000000000000000E-02,  4.2299999999999999E-01,  4.2299999999999999E-01,  0.0000000000000000E+00,  0.0000000000000000E+00
2,2,3,1,0,1,legacy-reference-bound,512,512,512, -1.2075000000000000E+00, -1.1875000000000000E+00,  2.0000000000000018E-02,  0.0000000000000000E+00,  0.0000000000000000E+00, -2.2319335937500000E-02,  2.6439999999999797E-03,2,1024,0,1024,1024,0,0,  2.0000000000000000E-02,  2.0000000000000000E-02,  4.2299999999999999E-01,  4.2299999999999999E-01,  0.0000000000000000E+00,  0.0000000000000000E+00
2,2,3,1,0,1,legacy-reference-bound,1024,1024,1024, -1.2075000000000000E+00, -1.1875000000000000E+00,  2.0000000000000018E-02,  0.0000000000000000E+00,  0.0000000000000000E+00, -2.1159667968750000E-02,  4.5379999999999865E-03,2,2048,0,2048,2048,0,0,  2.0000000000000000E-02,  2.0000000000000000E-02,  4.2299999999999999E-01,  4.2299999999999999E-01,  0.0000000000000000E+00,  0.0000000000000000E+00
2,2,3,1,0,1,legacy-reference-bound,2048,2048,2048, -1.2075000000000000E+00, -1.1875000000000000E+00,  2.0000000000000018E-02,  0.0000000000000000E+00,  0.0000000000000000E+00, -2.0579833984375000E-02,  9.0429999999999677E-03,2,4096,0,4096,4096,0,0,  2.0000000000000000E-02,  2.0000000000000000E-02,  4.2299999999999999E-01,  4.2299999999999999E-01,  0.0000000000000000E+00,  0.0000000000000000E+00
2,2,3,1,0,1,legacy-reference-bound,4096,4096,4096, -1.2075000000000000E+00, -1.1875000000000000E+00,  2.0000000000000018E-02,  0.0000000000000000E+00,  0.0000000000000000E+00, -2.0289916992187500E-02,  2.6208000000000009E-02,2,8192,0,8192,8192,0,0,  2.0000000000000000E-02,  2.0000000000000000E-02,  4.2299999999999999E-01,  4.2299999999999999E-01,  0.0000000000000000E+00,  0.0000000000000000E+00
2,2,3,1,0,1,legacy-reference-bound,1,1,1, -1.2075000000000000E+00, -1.1875000000000000E+00,  2.0000000000000018E-02,  0.0000000000000000E+00,  0.0000000000000000E+00, -1.2075000000000000E+00,  1.4999999999987246E-05,3,2,0,2,2,0,0,  2.0000000000000000E-02,  2.0000000000000000E-02,  4.2299999999999999E-01,  4.2299999999999999E-01, -1.0000000000000000E+00, -1.0000000000000000E+00
2,2,3,1,0,1,legacy-reference-bound,2,2,2, -1.2075000000000000E+00, -1.1875000000000000E+00,  2.0000000000000018E-02,  0.0000000000000000E+00,  0.0000000000000000E+00, -6.1375000000000002E-01,  1.2000000000012001E-05,3,4,0,4,4,0,0,  2.0000000000000000E-02,  2.0000000000000000E-02,  4.2299999999999999E-01,  4.2299999999999999E-01,  0.0000000000000000E+00,  0.0000000000000000E+00
2,2,3,1,0,1,legacy-reference-bound,4,4,4, -1.2075000000000000E+00, -1.1875000000000000E+00,  2.0000000000000018E-02,  0.0000000000000000E+00,  0.0000000000000000E+00, -3.1687500000000002E-01,  2.0999999999937735E-05,3,8,0,8,8,0,0,  2.0000000000000000E-02,  2.0000000000000000E-02,  4.2299999999999999E-01,  4.2299999999999999E-01,  0.0000000000000000E+00,  0.0000000000000000E+00
2,2,3,1,0,1,legacy-reference-bound,8,8,8, -1.2075000000000000E+00, -1.1875000000000000E+00,  2.0000000000000018E-02,  0.0000000000000000E+00,  0.0000000000000000E+00, -1.6843749999999999E-01,  3.7999999999982492E-05,3,16,0,16,16,0,0,  2.0000000000000000E-02,  2.0000000000000000E-02,  4.2299999999999999E-01,  4.2299999999999999E-01,  0.0000000000000000E+00,  0.0000000000000000E+00
2,2,3,1,0,1,legacy-reference-bound,16,16,16, -1.2075000000000000E+00, -1.1875000000000000E+00,  2.0000000000000018E-02,  0.0000000000000000E+00,  0.0000000000000000E+00, -9.4218750000000004E-02,  7.1999999999960984E-05,3,32,0,32,32,0,0,  2.0000000000000000E-02,  2.0000000000000000E-02,  4.2299999999999999E-01,  4.2299999999999999E-01,  0.0000000000000000E+00,  0.0000000000000000E+00
2,2,3,1,0,1,legacy-reference-bound,32,32,32, -1.2075000000000000E+00, -1.1875000000000000E+00,  2.0000000000000018E-02,  0.0000000000000000E+00,  0.0000000000000000E+00, -5.7109375000000004E-02,  1.3999999999991797E-04,3,64,0,64,64,0,0,  2.0000000000000000E-02,  2.0000000000000000E-02,  4.2299999999999999E-01,  4.2299999999999999E-01,  0.0000000000000000E+00,  0.0000000000000000E+00
2,2,3,1,0,1,legacy-reference-bound,64,64,64, -1.2075000000000000E+00, -1.1875000000000000E+00,  2.0000000000000018E-02,  0.0000000000000000E+00,  0.0000000000000000E+00, -3.8554687500000004E-02,  2.8000000000005798E-04,3,128,0,128,128,0,0,  2.0000000000000000E-02,  2.0000000000000000E-02,  4.2299999999999999E-01,  4.2299999999999999E-01,  0.0000000000000000E+00,  0.0000000000000000E+00
2,2,3,1,0,1,legacy-reference-bound,128,128,128, -1.2075000000000000E+00, -1.1875000000000000E+00,  2.0000000000000018E-02,  0.0000000000000000E+00,  0.0000000000000000E+00, -2.9277343750000000E-02,  6.4300000000006019E-04,3,256,0,256,256,0,0,  2.0000000000000000E-02,  2.0000000000000000E-02,  4.2299999999999999E-01,  4.2299999999999999E-01,  0.0000000000000000E+00,  0.0000000000000000E+00
2,2,3,1,0,1,legacy-reference-bound,256,256,326, -1.2075000000000009E+00, -1.1875000000000000E+00,  2.0000000000000018E-02, -8.8817841970012523E-16,  7.9016654330743563E-16,  0.0000000000000000E+00,  1.3339999999999463E-03,3,575,17,579,596,2,1,  1.9999999999999886E-02,  2.0000000000000000E-02,  4.2299999999999999E-01,  4.2299999999999999E-01,  0.0000000000000000E+00,  1.1449174941446927E-16
2,2,3,1,0,1,legacy-reference-bound,512,512,601, -1.2075000000000000E+00, -1.1875000000000000E+00,  2.0000000000000018E-02,  0.0000000000000000E+00,  2.2199039481640703E-16,  0.0000000000000000E+00,  2.4790000000000090E-03,3,1099,25,1103,1128,2,1,  1.9999999999999914E-02,  2.0000000000000011E-02,  4.2299999999999999E-01,  4.2299999999999999E-01,  0.0000000000000000E+00,  8.6736173798840355E-17
2,2,3,1,1,2,legacy-reference-retry,1024,11,186, -3.2531865604411445E-02, -1.2756347656250000E-02,  1.9775517948161347E-02, -9.7144514654701197E-17,  2.2199039481640703E-16,  0.0000000000000000E+00,  1.7690000000000206E-03,3,1328,36,1332,1368,2,1, -7.8167303604433047E-01, -1.4130925917714348E-02,  4.2283747007129002E-01,  4.2299952634956428E-01, -1.0000000000000000E+00, -1.0000000000000000E+00
2,2,3,1,1,2,legacy-reference-retry,2048,21,269, -3.2006966912118955E-02, -1.2176513671875000E-02,  1.9830453240242685E-02, -1.2698175844150228E-15,  2.9338510787457750E-16,  0.0000000000000000E+00,  2.2380000000000733E-03,3,1384,58,1388,1446,2,1, -6.4671212456756355E-01, -8.6028905597492662E-03,  4.2287661635492180E-01,  4.2299975362052566E-01, -1.0000000000000000E+00, -1.0000000000000000E+00
2,2,3,1,1,2,legacy-reference-retry,4096,41,429, -3.1749154794766143E-02, -1.1886596679687500E-02,  1.9862558115077755E-02, -8.8817841970012523E-16,  3.1902648925385968E-16,  0.0000000000000000E+00,  2.6460000000000372E-03,3,1537,100,1541,1641,2,1, -5.6225094264974240E-01, -4.9751619769109554E-03,  4.2289933592587092E-01,  4.2299985751558916E-01, -1.0000000000000000E+00, -1.0000000000000000E+00
2,5,1,1,0,1,legacy-reference-bound,1,1,5, -7.6148974251086710E-01, -5.8630643955043515E-01,  1.7518330296043194E-01,  0.0000000000000000E+00,  0.0000000000000000E+00, -7.6148974251086710E-01,  2.6000000000081513E-05,1,6,0,6,6,0,0, -1.0227863400397626E+02,  1.0968636999771220E-01,  3.2203876234760742E-01,  4.2299999999999999E-01, -1.0000000000000000E+00, -1.0000000000000000E+00
2,5,1,1,0,1,legacy-reference-bound,2,2,17, -1.6104352410438958E+00, -1.3460894349927837E+00,  2.6434580605111213E-01,  0.0000000000000000E+00,  2.2204460492503131E-16, -4.4201962688347096E-01,  7.5999999999964984E-05,1,19,0,19,19,0,0, -7.1111372459334049E+01, -2.6106307642314391E-01,  3.4969712895099292E-01,  4.2296702016068854E-01,  8.9195482929991604E-02,  4.5012939130623927E+01
2,5,1,1,0,1,legacy-reference-bound,4,4,43, -5.0296363092633563E+00, -4.7727764402511657E+00,  2.5685986901219060E-01,  0.0000000000000000E+00,  1.5631940186722204E-13, -2.7836823927418569E-01,  9.9000000000071253E-05,1,47,0,47,47,0,0, -6.6053699064331440E+01, -2.4259778269722747E+00,  3.5476859167502328E-01,  4.2215859195861638E-01,  1.7628862486982366E-02,  8.8200109047411992E+00
2,5,1,1,0,1,legacy-reference-bound,8,8,99, -6.0055216233196758E+00, -5.7383448187398276E+00,  2.6717680457984816E-01,  0.0000000000000000E+00,  8.6597395920762210E-14, -1.9096270219721984E-01,  2.2100000000002673E-04,1,107,0,107,107,0,0, -6.2025330360421144E+01, -1.5326090886760420E+00,  3.5892668012332518E-01,  4.2256773013503723E-01,  1.0316935567657393E-02,  4.3940361321954349E+00
2,5,1,1,0,1,legacy-reference-bound,16,16,174, -6.6249841724173963E+00, -6.3573889044214473E+00,  2.6759526799594857E-01, -8.8817841970012523E-16,  3.1474822748123188E-14, -1.4076362312060109E-01,  3.9600000000006297E-04,1,190,0,190,190,0,0, -6.1757964173050567E+01, -1.5386990088041190E+00,  3.5920633475923236E-01,  4.2256523452710038E-01,  4.2095902403727070E-04,  2.6736618737057682E-01
2,5,1,1,0,1,legacy-reference-bound,32,32,261, -6.9686013560456104E+00, -6.7010066006385705E+00,  2.6759475540704147E-01,  1.7763568394002505E-15,  1.9040324872321435E-14, -1.0960320113357093E-01,  6.2799999999996192E-04,1,293,0,293,293,0,0, -6.1758188337396149E+01, -1.5387284454010113E+00,  3.5920610010190812E-01,  4.2256522245341377E-01,  5.1258890693128834E-07,  2.2416434558181209E-04
2,5,1,1,0,1,legacy-reference-bound,64,64,265, -7.1637714512195680E+00, -6.8961766958125592E+00,  2.6759475540701505E-01,  6.2172489379008766E-15,  1.0047518372857667E-14, -8.9406409184021152E-02,  8.5199999999996390E-04,1,329,0,329,329,0,0, -6.1758188337448253E+01, -1.5387284453891237E+00,  3.5920610010185350E-01,  4.2256522245341865E-01,  8.2933659939499194E-14,  5.2104098813288147E-11
2,5,1,1,0,1,legacy-reference-bound,128,128,308, -7.2740559105168838E+00, -7.0064611551098812E+00,  2.6759475540701549E-01,  1.3322676295501878E-14,  3.2543412409324901E-15, -7.6207785989449231E-02,  1.0630000000000361E-03,1,436,0,436,436,0,0, -6.1758188337448132E+01, -1.5387284453891237E+00,  3.5920610010185372E-01,  4.2256522245341865E-01,  2.2204460492503131E-16,  1.2079226507921703E-13
2,5,1,1,0,1,legacy-reference-bound,256,256,427, -7.3328710248898048E+00, -7.0652762694827906E+00,  2.6759475540701527E-01,  8.8817841970012523E-16,  1.5230872119076366E-15, -6.7423933911716985E-02,  1.7590000000000661E-03,1,683,0,683,683,0,0, -6.1758188337448196E+01, -1.5387284453891257E+00,  3.5920610010185361E-01,  4.2256522245341865E-01,  1.1102230246251565E-16,  6.3948846218409017E-14
2,5,1,1,0,1,legacy-reference-bound,512,512,880, -7.3637020949335232E+00, -7.0961073395265082E+00,  2.6759475540701527E-01,  0.0000000000000000E+00,  1.5361518480860870E-15, -6.0711651465942498E-02,  3.6109999999999198E-03,1,1392,0,1392,1392,0,0, -6.1758188337448196E+01, -1.5387284453891257E+00,  3.5920610010185361E-01,  4.2256522245341865E-01,  0.0000000000000000E+00,  0.0000000000000000E+00
2,5,1,1,0,1,legacy-reference-bound,1024,1024,1725, -7.3798469622750247E+00, -7.1122522068680096E+00,  2.6759475540701527E-01,  0.0000000000000000E+00,  5.6785410656448251E-15, -5.3390711667965836E-02,  7.3139999999999317E-03,1,2749,0,2749,2749,0,0, -6.1758188337448203E+01, -1.5387284453891259E+00,  3.5920610010185361E-01,  4.2256522245341865E-01,  0.0000000000000000E+00,  7.1054273576010019E-15
2,5,1,1,0,1,legacy-reference-bound,2048,2048,3335, -7.3883751887758145E+00, -7.1207804333688003E+00,  2.6759475540701527E-01,  8.8817841970012523E-16,  1.4795226133644535E-15, -4.3545520937592633E-02,  1.5118000000000076E-02,1,5383,0,5383,5383,0,0, -6.1758188337448217E+01, -1.5387284453891257E+00,  3.5920610010185361E-01,  4.2256522245341865E-01,  0.0000000000000000E+00,  1.4210854715202004E-14
2,5,1,1,0,1,legacy-reference-bound,4096,4096,6430, -7.3928568162629169E+00, -7.1252620608558352E+00,  2.6759475540701527E-01, -6.6613381477509392E-14,  1.8830503799858230E-15, -3.2145439490134410E-02,  2.7723999999999971E-02,1,10526,0,10526,10526,0,0, -6.1758188337448232E+01, -1.5387284453891259E+00,  3.5920610010185361E-01,  4.2256522245341865E-01,  0.0000000000000000E+00,  1.4210854715202004E-14
2,5,1,1,0,1,legacy-reference-bound,1,1,5, -7.8148974251086711E-01, -5.8630643955043515E-01,  1.9518330296043196E-01,  0.0000000000000000E+00,  0.0000000000000000E+00, -7.8148974251086711E-01,  2.2999999999995246E-05,2,6,0,6,6,0,0, -1.0227863400397626E+02,  1.0968636999771220E-01,  3.2203876234760742E-01,  4.2299999999999999E-01, -1.0000000000000000E+00, -1.0000000000000000E+00
2,5,1,1,0,1,legacy-reference-bound,2,2,17, -1.6304352410438958E+00, -1.3460894349927837E+00,  2.8434580605111215E-01,  0.0000000000000000E+00,  2.2204460492503131E-16, -4.6201962688347098E-01,  4.1999999999986493E-05,2,19,0,19,19,0,0, -7.1111372459334049E+01, -2.6106307642314391E-01,  3.4969712895099292E-01,  4.2296702016068854E-01,  8.9195482929991604E-02,  4.5012939130623927E+01
2,5,1,1,0,1,legacy-reference-bound,4,4,43, -5.0496363092633558E+00, -4.7727764402511657E+00,  2.7685986901219062E-01,  0.0000000000000000E+00,  1.5631940186722204E-13, -2.9836823927418571E-01,  9.8999999999960231E-05,2,47,0,47,47,0,0, -6.6053699064331440E+01, -2.4259778269722747E+00,  3.5476859167502328E-01,  4.2215859195861638E-01,  1.7628862486982366E-02,  8.8200109047411992E+00
2,5,1,1,0,1,legacy-reference-bound,8,8,99, -6.0255216233196753E+00, -5.7383448187398276E+00,  2.8717680457984818E-01,  0.0000000000000000E+00,  8.6597395920762210E-14, -2.1096270219721983E-01,  6.8099999999993166E-04,2,107,0,107,107,0,0, -6.2025330360421144E+01, -1.5326090886760420E+00,  3.5892668012332518E-01,  4.2256773013503723E-01,  1.0316935567657393E-02,  4.3940361321954349E+00
2,5,1,1,0,1,legacy-reference-bound,16,16,174, -6.6449841724173959E+00, -6.3573889044214473E+00,  2.8759526799594859E-01,  0.0000000000000000E+00,  3.1474822748123188E-14, -1.6076362312060108E-01,  3.9900000000003821E-04,2,190,0,190,190,0,0, -6.1757964173050567E+01, -1.5386990088041190E+00,  3.5920633475923236E-01,  4.2256523452710038E-01,  4.2095902403727070E-04,  2.6736618737057682E-01
2,5,1,1,0,1,legacy-reference-bound,32,32,261, -6.9886013560456099E+00, -6.7010066006385705E+00,  2.8759475540704149E-01,  1.7763568394002505E-15,  1.9040324872321435E-14, -1.2960320113357093E-01,  7.4099999999999167E-04,2,293,0,293,293,0,0, -6.1758188337396149E+01, -1.5387284454010113E+00,  3.5920610010190812E-01,  4.2256522245341377E-01,  5.1258890693128834E-07,  2.2416434558181209E-04
2,5,1,1,0,1,legacy-reference-bound,64,64,265, -7.1837714512195676E+00, -6.8961766958125592E+00,  2.8759475540701507E-01,  6.2172489379008766E-15,  1.0047518372857667E-14, -1.0940640918402116E-01,  1.2229999999999741E-03,2,329,0,329,329,0,0, -6.1758188337448253E+01, -1.5387284453891237E+00,  3.5920610010185350E-01,  4.2256522245341865E-01,  8.2933659939499194E-14,  5.2104098813288147E-11
2,5,1,1,0,1,legacy-reference-bound,128,128,308, -7.2940559105168834E+00, -7.0064611551098812E+00,  2.8759475540701551E-01,  1.3322676295501878E-14,  3.2543412409324901E-15, -9.6207785989449235E-02,  1.1799999999999589E-03,2,436,0,436,436,0,0, -6.1758188337448132E+01, -1.5387284453891237E+00,  3.5920610010185372E-01,  4.2256522245341865E-01,  2.2204460492503131E-16,  1.2079226507921703E-13
2,5,1,1,0,1,legacy-reference-bound,256,256,427, -7.3528710248898053E+00, -7.0652762694827906E+00,  2.8759475540701529E-01,  8.8817841970012523E-16,  1.5230872119076366E-15, -8.7423933911716989E-02,  2.2600000000000398E-03,2,683,0,683,683,0,0, -6.1758188337448196E+01, -1.5387284453891257E+00,  3.5920610010185361E-01,  4.2256522245341865E-01,  1.1102230246251565E-16,  6.3948846218409017E-14
2,5,1,1,0,1,legacy-reference-bound,512,512,880, -7.3837020949335228E+00, -7.0961073395265082E+00,  2.8759475540701529E-01,  8.8817841970012523E-16,  1.5361518480860870E-15, -8.0711651465942502E-02,  4.9479999999999524E-03,2,1392,0,1392,1392,0,0, -6.1758188337448196E+01, -1.5387284453891257E+00,  3.5920610010185361E-01,  4.2256522245341865E-01,  0.0000000000000000E+00,  0.0000000000000000E+00
2,5,1,1,0,1,legacy-reference-bound,1024,1024,1725, -7.3998469622750251E+00, -7.1122522068680096E+00,  2.8759475540701529E-01,  0.0000000000000000E+00,  5.6785410656448251E-15, -7.3390711667965833E-02,  8.2670000000000243E-03,2,2749,0,2749,2749,0,0, -6.1758188337448203E+01, -1.5387284453891259E+00,  3.5920610010185361E-01,  4.2256522245341865E-01,  0.0000000000000000E+00,  7.1054273576010019E-15
2,5,1,1,0,1,legacy-reference-bound,2048,2048,3335, -7.4083751887758149E+00, -7.1207804333688003E+00,  2.8759475540701529E-01,  8.8817841970012523E-16,  1.4795226133644535E-15, -6.3545520937592637E-02,  1.4623999999999970E-02,2,5383,0,5383,5383,0,0, -6.1758188337448217E+01, -1.5387284453891257E+00,  3.5920610010185361E-01,  4.2256522245341865E-01,  0.0000000000000000E+00,  1.4210854715202004E-14
2,5,1,1,0,1,legacy-reference-bound,4096,4096,6430, -7.4128568162629218E+00, -7.1252620608558352E+00,  2.8759475540701529E-01, -7.1054273576010019E-14,  1.8830503799858230E-15, -5.2145439490134407E-02,  2.8646000000000060E-02,2,10526,0,10526,10526,0,0, -6.1758188337448232E+01, -1.5387284453891259E+00,  3.5920610010185361E-01,  4.2256522245341865E-01,  0.0000000000000000E+00,  1.4210854715202004E-14
2,5,1,1,0,1,legacy-reference-bound,1,1,5, -7.8148974251086711E-01, -5.8630643955043515E-01,  1.9518330296043196E-01,  0.0000000000000000E+00,  0.0000000000000000E+00, -7.8148974251086711E-01,  2.2000000000077513E-05,3,6,0,6,6,0,0, -1.0227863400397626E+02,  1.0968636999771220E-01,  3.2203876234760742E-01,  4.2299999999999999E-01, -1.0000000000000000E+00, -1.0000000000000000E+00
2,5,1,1,0,1,legacy-reference-bound,2,2,17, -1.6304352410438958E+00, -1.3460894349927837E+00,  2.8434580605111215E-01,  0.0000000000000000E+00,  2.2204460492503131E-16, -4.6201962688347098E-01,  4.4000000000044004E-05,3,19,0,19,19,0,0, -7.1111372459334049E+01, -2.6106307642314391E-01,  3.4969712895099292E-01,  4.2296702016068854E-01,  8.9195482929991604E-02,  4.5012939130623927E+01
2,5,1,1,0,1,legacy-reference-bound,4,4,43, -5.0496363092633558E+00, -4.7727764402511657E+00,  2.7685986901219062E-01,  0.0000000000000000E+00,  1.5631940186722204E-13, -2.9836823927418571E-01,  9.8999999999960231E-05,3,47,0,47,47,0,0, -6.6053699064331440E+01, -2.4259778269722747E+00,  3.5476859167502328E-01,  4.2215859195861638E-01,  1.7628862486982366E-02,  8.8200109047411992E+00
2,5,1,1,0,1,legacy-reference-bound,8,8,99, -6.0255216233196753E+00, -5.7383448187398276E+00,  2.8717680457984818E-01,  0.0000000000000000E+00,  8.6597395920762210E-14, -2.1096270219721983E-01,  2.2200000000005549E-04,3,107,0,107,107,0,0, -6.2025330360421144E+01, -1.5326090886760420E+00,  3.5892668012332518E-01,  4.2256773013503723E-01,  1.0316935567657393E-02,  4.3940361321954349E+00
2,5,1,1,0,1,legacy-reference-bound,16,16,174, -6.6449841724173959E+00, -6.3573889044214473E+00,  2.8759526799594859E-01,  0.0000000000000000E+00,  3.1474822748123188E-14, -1.6076362312060108E-01,  4.6000000000001595E-04,3,190,0,190,190,0,0, -6.1757964173050567E+01, -1.5386990088041190E+00,  3.5920633475923236E-01,  4.2256523452710038E-01,  4.2095902403727070E-04,  2.6736618737057682E-01
2,5,1,1,0,1,legacy-reference-bound,32,32,261, -6.9886013560456099E+00, -6.7010066006385705E+00,  2.8759475540704149E-01,  1.7763568394002505E-15,  1.9040324872321435E-14, -1.2960320113357093E-01,  6.3999999999997392E-04,3,293,0,293,293,0,0, -6.1758188337396149E+01, -1.5387284454010113E+00,  3.5920610010190812E-01,  4.2256522245341377E-01,  5.1258890693128834E-07,  2.2416434558181209E-04
2,5,1,1,0,1,legacy-reference-bound,64,64,265, -7.1837714512195676E+00, -6.8961766958125592E+00,  2.8759475540701507E-01,  6.2172489379008766E-15,  1.0047518372857667E-14, -1.0940640918402116E-01,  7.5199999999997491E-04,3,329,0,329,329,0,0, -6.1758188337448253E+01, -1.5387284453891237E+00,  3.5920610010185350E-01,  4.2256522245341865E-01,  8.2933659939499194E-14,  5.2104098813288147E-11
2,5,1,1,0,1,legacy-reference-bound,128,128,308, -7.2940559105168834E+00, -7.0064611551098812E+00,  2.8759475540701551E-01,  1.3322676295501878E-14,  3.2543412409324901E-15, -9.6207785989449235E-02,  1.1459999999999804E-03,3,436,0,436,436,0,0, -6.1758188337448132E+01, -1.5387284453891237E+00,  3.5920610010185372E-01,  4.2256522245341865E-01,  2.2204460492503131E-16,  1.2079226507921703E-13
2,5,1,1,0,1,legacy-reference-bound,256,256,429, -7.3246176610350666E+00, -7.0370229056280520E+00,  2.8759475540701529E-01,  8.8817841970012523E-16,  1.5508427875232655E-15,  0.0000000000000000E+00,  1.9000000000000128E-03,3,681,4,681,685,0,1, -6.1758188337448196E+01, -1.5387284453891257E+00,  3.5920610010185361E-01,  4.2256522245341865E-01,  1.1102230246251565E-16,  6.3948846218409017E-14
2,5,1,1,0,1,legacy-reference-bound,512,512,882, -7.3554503025698832E+00, -7.0678555471628686E+00,  2.8759475540701529E-01,  8.8817841970012523E-16,  8.1564156741587707E-15,  0.0000000000000000E+00,  3.6660000000000581E-03,3,1386,8,1386,1394,0,1, -6.1758188337448196E+01, -1.5387284453891259E+00,  3.5920610010185361E-01,  4.2256522245341865E-01,  0.0000000000000000E+00,  8.8817841970012523E-16
2,5,1,1,0,1,legacy-reference-bound,1024,1024,1733, -7.3715957351623640E+00, -7.0840009797553485E+00,  2.8759475540701529E-01,  0.0000000000000000E+00,  5.6703688917697156E-15,  0.0000000000000000E+00,  7.4280000000001012E-03,3,2741,16,2741,2757,0,1, -6.1758188337448203E+01, -1.5387284453891259E+00,  3.5920610010185361E-01,  4.2256522245341865E-01,  0.0000000000000000E+00,  7.1054273576010019E-15
2,5,1,1,0,1,legacy-reference-bound,2048,2048,3349, -7.3801241354535643E+00, -7.0925293800465488E+00,  2.8759475540701529E-01,  0.0000000000000000E+00,  1.5255444544876214E-15,  0.0000000000000000E+00,  1.4614999999999934E-02,3,5365,32,5365,5397,0,1, -6.1758188337448217E+01, -1.5387284453891257E+00,  3.5920610010185361E-01,  4.2256522245341865E-01,  0.0000000000000000E+00,  1.4210854715202004E-14
2,5,1,1,0,1,legacy-reference-bound,4096,4096,6463, -7.3846057945744565E+00, -7.0970110391673691E+00,  2.8759475540701529E-01, -7.1942451995710144E-14,  1.7751447352527296E-15,  0.0000000000000000E+00,  2.8405000000000014E-02,3,10495,64,10495,10559,0,1, -6.1758188337448232E+01, -1.5387284453891259E+00,  3.5920610010185361E-01,  4.2256522245341865E-01,  0.0000000000000000E+00,  1.4210854715202004E-14
2,5,2,1,0,1,legacy-reference-bound,1,1,12, -1.9807362959937218E+00, -1.9688379385831909E+00,  1.1898357410530913E-02,  0.0000000000000000E+00,  2.6134649999676185E-13, -1.9807362959937218E+00,  3.7999999999982492E-05,1,13,0,13,13,0,0, -8.2178533692453808E+00, -1.7441139152051049E-01,  4.1814140928619581E-01,  4.2298165957320344E-01, -1.0000000000000000E+00, -1.0000000000000000E+00
2,5,2,1,0,1,legacy-reference-bound,2,2,23, -2.3674801587183563E+00, -2.3543287768871890E+00,  1.3151381831167264E-02,  0.0000000000000000E+00,  2.2204460492503131E-16, -9.9429684853772293E-01,  5.6000000000056005E-05,1,25,0,25,25,0,0, -7.6376218297506240E+00, -3.6180046486706458E-01,  4.1862097646870478E-01,  4.2294698365845418E-01,  1.2877003353853889E-03,  1.0515350653924438E+00
2,5,2,1,0,1,legacy-reference-bound,4,4,42, -2.6279936373849830E+00, -2.6148829842786840E+00,  1.3110653106298997E-02,  0.0000000000000000E+00,  7.4495964952348004E-14, -5.0106844360477343E-01,  2.9100000000004123E-04,1,46,0,46,46,0,0, -7.6124997374179699E+00, -3.9438299285046891E-01,  4.1864143222704486E-01,  4.2293989901152251E-01,  8.1640241548386339E-05,  1.1990704294318588E-01
2,5,2,1,0,1,legacy-reference-bound,8,8,74, -2.7544620226598391E+00, -2.7413503984044576E+00,  1.3111624255381926E-02,  4.4408920985006262E-16,  3.7247982476174002E-14, -2.5443697439520868E-01,  1.7600000000006499E-04,1,82,0,82,82,0,0, -7.6132329523722646E+00, -3.9350783278989593E-01,  4.1864083557423770E-01,  4.2294009290127643E-01,  2.1644546973620393E-06,  2.6172159033834852E-03
2,5,2,1,0,1,legacy-reference-bound,16,16,102, -2.8177538845981398E+00, -2.8046422598409397E+00,  1.3111624757200513E-02,  4.4408920985006262E-16,  1.8762769116165146E-14, -1.3108709239033423E-01,  2.5399999999997647E-04,1,118,0,118,118,0,0, -7.6132333470552043E+00, -3.9350735105156093E-01,  4.1864083525305895E-01,  4.2294009300795055E-01,  1.1441759761865455E-09,  1.4091832385432213E-06
2,5,2,1,0,1,legacy-reference-bound,32,32,119, -2.8494259968401399E+00, -2.8363143720829398E+00,  1.3111624757200069E-02,  0.0000000000000000E+00,  9.4230179215060161E-15, -6.9345420076083256E-02,  3.8199999999999346E-04,1,151,0,151,151,0,0, -7.6132333470554192E+00, -3.9350735105143192E-01,  4.1864083525305873E-01,  4.2294009300795055E-01,  2.2204460492503131E-16,  2.6667557051496260E-13
2,5,2,1,0,1,legacy-reference-bound,64,64,149, -2.8653061893208451E+00, -2.8521945645636455E+00,  1.3111624757200069E-02,  4.4408920985006262E-16,  5.6343818499726694E-15, -3.8347426716208298E-02,  5.1499999999993218E-04,1,213,0,213,213,0,0, -7.6132333470554192E+00, -3.9350735105143175E-01,  4.1864083525305873E-01,  4.2294009300795055E-01,  0.0000000000000000E+00,  1.6653345369377348E-16
2,5,2,1,0,1,legacy-reference-bound,128,128,212, -2.8733121733951004E+00, -2.8602005486379003E+00,  1.3111624757200069E-02,  0.0000000000000000E+00,  2.3835100559921329E-15, -2.2618711120636341E-02,  9.2400000000003590E-04,1,340,0,340,340,0,0, -7.6132333470554192E+00, -3.9350735105143192E-01,  4.1864083525305873E-01,  4.2294009300795055E-01,  0.0000000000000000E+00,  1.6653345369377348E-16
2,5,2,1,0,1,legacy-reference-bound,256,256,337, -2.8773981435708431E+00, -2.8642865188136426E+00,  1.3111624757200069E-02, -4.4408920985006262E-16,  1.1293049828609014E-15, -1.4381201718673403E-02,  1.5890000000000626E-03,1,593,0,593,593,0,0, -7.6132333470554192E+00, -3.9350735105143192E-01,  4.1864083525305873E-01,  4.2294009300795055E-01,  0.0000000000000000E+00,  0.0000000000000000E+00
2,5,2,1,0,1,legacy-reference-bound,512,512,637, -2.8795264637794493E+00, -2.8664148390222493E+00,  1.3111624757200069E-02,  0.0000000000000000E+00,  7.8236028766554000E-16, -9.7564683317290166E-03,  3.1170000000000364E-03,1,1149,0,1149,1149,0,0, -7.6132333470554201E+00, -3.9350735105143175E-01,  4.1864083525305873E-01,  4.2294009300795055E-01,  0.0000000000000000E+00,  8.8817841970012523E-16
2,5,2,1,0,1,legacy-reference-bound,1024,1024,1230, -2.8806602717603824E+00, -2.8675486470031828E+00,  1.3111624757200069E-02,  4.4408920985006262E-16,  4.4322184811207421E-16, -6.8964489748742502E-03,  6.0990000000000766E-03,1,2254,0,2254,2254,0,0, -7.6132333470554201E+00, -3.9350735105143175E-01,  4.1864083525305873E-01,  4.2294009300795055E-01,  0.0000000000000000E+00,  2.2204460492503131E-16
2,5,2,1,0,1,legacy-reference-bound,2048,2048,2391, -2.8812709290718392E+00, -2.8681593043146383E+00,  1.3111624757200069E-02, -8.8817841970012523E-16,  2.6454533008646308E-16, -4.9598711058119202E-03,  1.2841999999999909E-02,1,4439,0,4439,4439,0,0, -7.6132333470554201E+00, -3.9350735105143175E-01,  4.1864083525305873E-01,  4.2294009300795055E-01,  0.0000000000000000E+00,  0.0000000000000000E+00
2,5,2,1,0,1,legacy-reference-bound,4096,4096,4684, -2.8815972437161399E+00, -2.8684856189589429E+00,  1.3111624757200069E-02,  3.1086244689504383E-15,  2.4188550468151604E-16, -3.5281013359896637E-03,  2.5146999999999919E-02,1,8780,0,8780,8780,0,0, -7.6132333470554210E+00, -3.9350735105143186E-01,  4.1864083525305873E-01,  4.2294009300795055E-01,  0.0000000000000000E+00,  8.8817841970012523E-16
2,5,2,1,0,1,legacy-reference-bound,1,1,12, -2.0007362959937218E+00, -1.9688379385831909E+00,  3.1898357410530931E-02,  0.0000000000000000E+00,  2.6134649999676185E-13, -2.0007362959937218E+00,  3.6999999999953737E-05,2,13,0,13,13,0,0, -8.2178533692453808E+00, -1.7441139152051049E-01,  4.1814140928619581E-01,  4.2298165957320344E-01, -1.0000000000000000E+00, -1.0000000000000000E+00
2,5,2,1,0,1,legacy-reference-bound,2,2,23, -2.3874801587183563E+00, -2.3543287768871890E+00,  3.3151381831167281E-02,  0.0000000000000000E+00,  2.2204460492503131E-16, -1.0142968485377228E+00,  5.3999999999998494E-05,2,25,0,25,25,0,0, -7.6376218297506240E+00, -3.6180046486706458E-01,  4.1862097646870478E-01,  4.2294698365845418E-01,  1.2877003353853889E-03,  1.0515350653924438E+00
2,5,2,1,0,1,legacy-reference-bound,4,4,42, -2.6479936373849831E+00, -2.6148829842786840E+00,  3.3110653106299015E-02,  0.0000000000000000E+00,  7.4495964952348004E-14, -5.2106844360477345E-01,  9.8000000000042498E-05,2,46,0,46,46,0,0, -7.6124997374179699E+00, -3.9438299285046891E-01,  4.1864143222704486E-01,  4.2293989901152251E-01,  8.1640241548386339E-05,  1.1990704294318588E-01
2,5,2,1,0,1,legacy-reference-bound,8,8,74, -2.7744620226598391E+00, -2.7413503984044576E+00,  3.3111624255381944E-02,  4.4408920985006262E-16,  3.7247982476174002E-14, -2.7443697439520870E-01,  1.7199999999994997E-04,2,82,0,82,82,0,0, -7.6132329523722646E+00, -3.9350783278989593E-01,  4.1864083557423770E-01,  4.2294009290127643E-01,  2.1644546973620393E-06,  2.6172159033834852E-03
2,5,2,1,0,1,legacy-reference-bound,16,16,102, -2.8377538845981403E+00, -2.8046422598409397E+00,  3.3111624757200531E-02,  0.0000000000000000E+00,  1.8762769116165146E-14, -1.5108709239033422E-01,  2.7600000000005398E-04,2,118,0,118,118,0,0, -7.6132333470552043E+00, -3.9350735105156093E-01,  4.1864083525305895E-01,  4.2294009300795055E-01,  1.1441759761865455E-09,  1.4091832385432213E-06
2,5,2,1,0,1,legacy-reference-bound,32,32,119, -2.8694259968401399E+00, -2.8363143720829398E+00,  3.3111624757200087E-02,  0.0000000000000000E+00,  9.4230179215060161E-15, -8.9345420076083260E-02,  3.4400000000001096E-04,2,151,0,151,151,0,0, -7.6132333470554192E+00, -3.9350735105143192E-01,  4.1864083525305873E-01,  4.2294009300795055E-01,  2.2204460492503131E-16,  2.6667557051496260E-13
2,5,2,1,0,1,legacy-reference-bound,64,64,149, -2.8853061893208451E+00, -2.8521945645636455E+00,  3.3111624757200087E-02,  4.4408920985006262E-16,  5.6343818499726694E-15, -5.8347426716208295E-02,  5.2700000000005520E-04,2,213,0,213,213,0,0, -7.6132333470554192E+00, -3.9350735105143175E-01,  4.1864083525305873E-01,  4.2294009300795055E-01,  0.0000000000000000E+00,  1.6653345369377348E-16
2,5,2,1,0,1,legacy-reference-bound,128,128,212, -2.8933121733950999E+00, -2.8602005486379003E+00,  3.3111624757200087E-02,  4.4408920985006262E-16,  2.3835100559921329E-15, -4.2618711120636338E-02,  8.6200000000002941E-04,2,340,0,340,340,0,0, -7.6132333470554192E+00, -3.9350735105143192E-01,  4.1864083525305873E-01,  4.2294009300795055E-01,  0.0000000000000000E+00,  1.6653345369377348E-16
2,5,2,1,0,1,legacy-reference-bound,256,256,337, -2.8973981435708431E+00, -2.8642865188136426E+00,  3.3111624757200087E-02, -4.4408920985006262E-16,  1.1293049828609014E-15, -3.4381201718673406E-02,  2.1379999999999733E-03,2,593,0,593,593,0,0, -7.6132333470554192E+00, -3.9350735105143192E-01,  4.1864083525305873E-01,  4.2294009300795055E-01,  0.0000000000000000E+00,  0.0000000000000000E+00
2,5,2,1,0,1,legacy-reference-bound,512,512,637, -2.8995264637794498E+00, -2.8664148390222493E+00,  3.3111624757200087E-02, -4.4408920985006262E-16,  7.8236028766554000E-16, -2.9756468331729017E-02,  3.2900000000000151E-03,2,1149,0,1149,1149,0,0, -7.6132333470554201E+00, -3.9350735105143175E-01,  4.1864083525305873E-01,  4.2294009300795055E-01,  0.0000000000000000E+00,  8.8817841970012523E-16
2,5,2,1,0,1,legacy-reference-bound,1024,1024,1230, -2.9006602717603811E+00, -2.8675486470031828E+00,  3.3111624757200087E-02,  1.7763568394002505E-15,  4.4322184811207421E-16, -2.6896448974874251E-02,  6.4569999999999350E-03,2,2254,0,2254,2254,0,0, -7.6132333470554201E+00, -3.9350735105143175E-01,  4.1864083525305873E-01,  4.2294009300795055E-01,  0.0000000000000000E+00,  2.2204460492503131E-16
2,5,2,1,0,1,legacy-reference-bound,2048,2048,2391, -2.9012709290718415E+00, -2.8681593043146383E+00,  3.3111624757200087E-02, -3.1086244689504383E-15,  2.6454533008646308E-16, -2.4959871105811920E-02,  1.2479999999999936E-02,2,4439,0,4439,4439,0,0, -7.6132333470554201E+00, -3.9350735105143175E-01,  4.1864083525305873E-01,  4.2294009300795055E-01,  0.0000000000000000E+00,  0.0000000000000000E+00
2,5,2,1,0,1,legacy-reference-bound,4096,4096,4684, -2.9015972437161355E+00, -2.8684856189589429E+00,  3.3111624757200087E-02,  7.5495165674510645E-15,  2.4188550468151604E-16, -2.3528101335989662E-02,  2.4437999999999960E-02,2,8780,0,8780,8780,0,0, -7.6132333470554210E+00, -3.9350735105143186E-01,  4.1864083525305873E-01,  4.2294009300795055E-01,  0.0000000000000000E+00,  8.8817841970012523E-16
2,5,2,1,0,1,legacy-reference-bound,1,1,12, -2.0007362959937218E+00, -1.9688379385831909E+00,  3.1898357410530931E-02,  0.0000000000000000E+00,  2.6134649999676185E-13, -2.0007362959937218E+00,  3.7999999999982492E-05,3,13,0,13,13,0,0, -8.2178533692453808E+00, -1.7441139152051049E-01,  4.1814140928619581E-01,  4.2298165957320344E-01, -1.0000000000000000E+00, -1.0000000000000000E+00
2,5,2,1,0,1,legacy-reference-bound,2,2,23, -2.3874801587183563E+00, -2.3543287768871890E+00,  3.3151381831167281E-02,  0.0000000000000000E+00,  2.2204460492503131E-16, -1.0142968485377228E+00,  6.8000000000068006E-05,3,25,0,25,25,0,0, -7.6376218297506240E+00, -3.6180046486706458E-01,  4.1862097646870478E-01,  4.2294698365845418E-01,  1.2877003353853889E-03,  1.0515350653924438E+00
2,5,2,1,0,1,legacy-reference-bound,4,4,42, -2.6479936373849831E+00, -2.6148829842786840E+00,  3.3110653106299015E-02,  0.0000000000000000E+00,  7.4495964952348004E-14, -5.2106844360477345E-01,  9.7999999999931475E-05,3,46,0,46,46,0,0, -7.6124997374179699E+00, -3.9438299285046891E-01,  4.1864143222704486E-01,  4.2293989901152251E-01,  8.1640241548386339E-05,  1.1990704294318588E-01
2,5,2,1,0,1,legacy-reference-bound,8,8,74, -2.7744620226598391E+00, -2.7413503984044576E+00,  3.3111624255381944E-02,  4.4408920985006262E-16,  3.7247982476174002E-14, -2.7443697439520870E-01,  1.7200000000006099E-04,3,82,0,82,82,0,0, -7.6132329523722646E+00, -3.9350783278989593E-01,  4.1864083557423770E-01,  4.2294009290127643E-01,  2.1644546973620393E-06,  2.6172159033834852E-03
2,5,2,1,0,1,legacy-reference-bound,16,16,102, -2.8377538845981403E+00, -2.8046422598409397E+00,  3.3111624757200531E-02,  0.0000000000000000E+00,  1.8762769116165146E-14, -1.5108709239033422E-01,  2.5300000000005873E-04,3,118,0,118,118,0,0, -7.6132333470552043E+00, -3.9350735105156093E-01,  4.1864083525305895E-01,  4.2294009300795055E-01,  1.1441759761865455E-09,  1.4091832385432213E-06
2,5,2,1,0,1,legacy-reference-bound,32,32,119, -2.8694259968401399E+00, -2.8363143720829398E+00,  3.3111624757200087E-02,  0.0000000000000000E+00,  9.4230179215060161E-15, -8.9345420076083260E-02,  3.4299999999998221E-04,3,151,0,151,151,0,0, -7.6132333470554192E+00, -3.9350735105143192E-01,  4.1864083525305873E-01,  4.2294009300795055E-01,  2.2204460492503131E-16,  2.6667557051496260E-13
2,5,2,1,0,1,legacy-reference-bound,64,64,149, -2.8853061893208451E+00, -2.8521945645636455E+00,  3.3111624757200087E-02,  4.4408920985006262E-16,  5.6343818499726694E-15, -5.8347426716208295E-02,  5.3100000000005920E-04,3,213,0,213,213,0,0, -7.6132333470554192E+00, -3.9350735105143175E-01,  4.1864083525305873E-01,  4.2294009300795055E-01,  0.0000000000000000E+00,  1.6653345369377348E-16
2,5,2,1,0,1,legacy-reference-bound,128,128,212, -2.8933121733950999E+00, -2.8602005486379003E+00,  3.3111624757200087E-02,  4.4408920985006262E-16,  2.3835100559921329E-15, -4.2618711120636338E-02,  8.7799999999993439E-04,3,340,0,340,340,0,0, -7.6132333470554192E+00, -3.9350735105143192E-01,  4.1864083525305873E-01,  4.2294009300795055E-01,  0.0000000000000000E+00,  1.6653345369377348E-16
2,5,2,1,0,1,legacy-reference-bound,256,256,340, -2.8867727134161343E+00, -2.8536610886589342E+00,  3.3111624757200087E-02,  0.0000000000000000E+00,  1.1284376211229130E-15,  0.0000000000000000E+00,  1.6239999999999588E-03,3,591,5,591,596,0,1, -7.6132333470554192E+00, -3.9350735105143175E-01,  4.1864083525305873E-01,  4.2294009300795055E-01,  0.0000000000000000E+00,  1.6653345369377348E-16
2,5,2,1,0,1,legacy-reference-bound,512,512,644, -2.8890915122425884E+00, -2.8559798874853879E+00,  3.3111624757200087E-02, -4.4408920985006262E-16,  5.7245874707234634E-16,  0.0000000000000000E+00,  3.1200000000000117E-03,3,1146,10,1146,1156,0,1, -7.6132333470554201E+00, -3.9350735105143186E-01,  4.1864083525305873E-01,  4.2294009300795055E-01,  0.0000000000000000E+00,  8.8817841970012523E-16
2,5,2,1,0,1,legacy-reference-bound,1024,1024,1244, -2.8903443708271421E+00, -2.8572327460699438E+00,  3.3111624757200087E-02,  1.7763568394002505E-15,  3.4174052476743100E-16,  0.0000000000000000E+00,  6.1570000000000791E-03,3,2248,20,2248,2268,0,1, -7.6132333470554201E+00, -3.9350735105143186E-01,  4.1864083525305873E-01,  4.2294009300795055E-01,  0.0000000000000000E+00,  0.0000000000000000E+00
2,5,2,1,0,1,legacy-reference-bound,2048,2048,2417, -2.8910253076993637E+00, -2.8579136829421605E+00,  3.3111624757200087E-02, -3.1086244689504383E-15,  2.1011838102769076E-16,  0.0000000000000000E+00,  1.2610000000000010E-02,3,4425,40,4425,4465,0,1, -7.6132333470554201E+00, -3.9350735105143186E-01,  4.1864083525305873E-01,  4.2294009300795055E-01,  0.0000000000000000E+00,  2.2204460492503131E-16
2,5,2,1,0,1,legacy-reference-bound,4096,4096,4739, -2.8913908566047097E+00, -2.8582792318475172E+00,  3.3111624757200087E-02,  7.5495165674510645E-15,  1.9157852387818863E-16,  0.0000000000000000E+00,  2.4637999999999938E-02,3,8755,80,8755,8835,0,1, -7.6132333470554210E+00, -3.9350735105143186E-01,  4.1864083525305873E-01,  4.2294009300795055E-01,  0.0000000000000000E+00,  8.8817841970012523E-16
2,5,3,1,0,1,legacy-reference-bound,1,1,1, -1.1875000000000000E+00, -1.1875000000000000E+00,  0.0000000000000000E+00,  0.0000000000000000E+00,  0.0000000000000000E+00, -1.1875000000000000E+00,  1.3000000000040757E-05,1,2,0,2,2,0,0,  2.0000000000000000E-02,  2.0000000000000000E-02,  4.2299999999999999E-01,  4.2299999999999999E-01, -1.0000000000000000E+00, -1.0000000000000000E+00
2,5,3,1,0,1,legacy-reference-bound,2,2,2, -1.1875000000000000E+00, -1.1875000000000000E+00,  0.0000000000000000E+00,  0.0000000000000000E+00,  0.0000000000000000E+00, -5.9375000000000000E-01,  1.2000000000012001E-05,1,4,0,4,4,0,0,  2.0000000000000000E-02,  2.0000000000000000E-02,  4.2299999999999999E-01,  4.2299999999999999E-01,  0.0000000000000000E+00,  0.0000000000000000E+00
2,5,3,1,0,1,legacy-reference-bound,4,4,4, -1.1875000000000000E+00, -1.1875000000000000E+00,  0.0000000000000000E+00,  0.0000000000000000E+00,  0.0000000000000000E+00, -2.9687500000000000E-01,  2.0000000000020002E-05,1,8,0,8,8,0,0,  2.0000000000000000E-02,  2.0000000000000000E-02,  4.2299999999999999E-01,  4.2299999999999999E-01,  0.0000000000000000E+00,  0.0000000000000000E+00
2,5,3,1,0,1,legacy-reference-bound,8,8,8, -1.1875000000000000E+00, -1.1875000000000000E+00,  0.0000000000000000E+00,  0.0000000000000000E+00,  0.0000000000000000E+00, -1.4843750000000000E-01,  3.7999999999982492E-05,1,16,0,16,16,0,0,  2.0000000000000000E-02,  2.0000000000000000E-02,  4.2299999999999999E-01,  4.2299999999999999E-01,  0.0000000000000000E+00,  0.0000000000000000E+00
2,5,3,1,0,1,legacy-reference-bound,16,16,16, -1.1875000000000000E+00, -1.1875000000000000E+00,  0.0000000000000000E+00,  0.0000000000000000E+00,  0.0000000000000000E+00, -7.4218750000000000E-02,  7.4000000000018495E-05,1,32,0,32,32,0,0,  2.0000000000000000E-02,  2.0000000000000000E-02,  4.2299999999999999E-01,  4.2299999999999999E-01,  0.0000000000000000E+00,  0.0000000000000000E+00
2,5,3,1,0,1,legacy-reference-bound,32,32,32, -1.1875000000000000E+00, -1.1875000000000000E+00,  0.0000000000000000E+00,  0.0000000000000000E+00,  0.0000000000000000E+00, -3.7109375000000000E-02,  1.4400000000003299E-04,1,64,0,64,64,0,0,  2.0000000000000000E-02,  2.0000000000000000E-02,  4.2299999999999999E-01,  4.2299999999999999E-01,  0.0000000000000000E+00,  0.0000000000000000E+00
2,5,3,1,0,1,legacy-reference-bound,64,64,64, -1.1875000000000000E+00, -1.1875000000000000E+00,  0.0000000000000000E+00,  0.0000000000000000E+00,  0.0000000000000000E+00, -1.8554687500000000E-02,  3.1599999999998296E-04,1,128,0,128,128,0,0,  2.0000000000000000E-02,  2.0000000000000000E-02,  4.2299999999999999E-01,  4.2299999999999999E-01,  0.0000000000000000E+00,  0.0000000000000000E+00
2,5,3,1,0,1,legacy-reference-bound,128,128,128, -1.1875000000000000E+00, -1.1875000000000000E+00,  0.0000000000000000E+00,  0.0000000000000000E+00,  0.0000000000000000E+00, -9.2773437500000000E-03,  8.3100000000002616E-04,1,256,0,256,256,0,0,  2.0000000000000000E-02,  2.0000000000000000E-02,  4.2299999999999999E-01,  4.2299999999999999E-01,  0.0000000000000000E+00,  0.0000000000000000E+00
2,5,3,1,0,1,legacy-reference-bound,256,256,256, -1.1875000000000000E+00, -1.1875000000000000E+00,  0.0000000000000000E+00,  0.0000000000000000E+00,  0.0000000000000000E+00, -4.6386718750000000E-03,  1.1550000000000171E-03,1,512,0,512,512,0,0,  2.0000000000000000E-02,  2.0000000000000000E-02,  4.2299999999999999E-01,  4.2299999999999999E-01,  0.0000000000000000E+00,  0.0000000000000000E+00
2,5,3,1,0,1,legacy-reference-bound,512,512,512, -1.1875000000000000E+00, -1.1875000000000000E+00,  0.0000000000000000E+00,  0.0000000000000000E+00,  0.0000000000000000E+00, -2.3193359375000000E-03,  2.3930000000000895E-03,1,1024,0,1024,1024,0,0,  2.0000000000000000E-02,  2.0000000000000000E-02,  4.2299999999999999E-01,  4.2299999999999999E-01,  0.0000000000000000E+00,  0.0000000000000000E+00
2,5,3,1,0,1,legacy-reference-bound,1024,1024,1024, -1.1875000000000000E+00, -1.1875000000000000E+00,  0.0000000000000000E+00,  0.0000000000000000E+00,  0.0000000000000000E+00, -1.1596679687500000E-03,  4.6070000000000277E-03,1,2048,0,2048,2048,0,0,  2.0000000000000000E-02,  2.0000000000000000E-02,  4.2299999999999999E-01,  4.2299999999999999E-01,  0.0000000000000000E+00,  0.0000000000000000E+00
2,5,3,1,0,1,legacy-reference-bound,2048,2048,2048, -1.1875000000000000E+00, -1.1875000000000000E+00,  0.0000000000000000E+00,  0.0000000000000000E+00,  0.0000000000000000E+00, -5.7983398437500000E-04,  9.7150000000000292E-03,1,4096,0,4096,4096,0,0,  2.0000000000000000E-02,  2.0000000000000000E-02,  4.2299999999999999E-01,  4.2299999999999999E-01,  0.0000000000000000E+00,  0.0000000000000000E+00
2,5,3,1,0,1,legacy-reference-bound,4096,4096,4096, -1.1875000000000000E+00, -1.1875000000000000E+00,  0.0000000000000000E+00,  0.0000000000000000E+00,  0.0000000000000000E+00, -2.8991699218750000E-04,  1.8809999999999993E-02,1,8192,0,8192,8192,0,0,  2.0000000000000000E-02,  2.0000000000000000E-02,  4.2299999999999999E-01,  4.2299999999999999E-01,  0.0000000000000000E+00,  0.0000000000000000E+00
2,5,3,1,0,1,legacy-reference-bound,1,1,1, -1.2075000000000000E+00, -1.1875000000000000E+00,  2.0000000000000018E-02,  0.0000000000000000E+00,  0.0000000000000000E+00, -1.2075000000000000E+00,  1.4300000000000423E-04,2,2,0,2,2,0,0,  2.0000000000000000E-02,  2.0000000000000000E-02,  4.2299999999999999E-01,  4.2299999999999999E-01, -1.0000000000000000E+00, -1.0000000000000000E+00
2,5,3,1,0,1,legacy-reference-bound,2,2,2, -1.2075000000000000E+00, -1.1875000000000000E+00,  2.0000000000000018E-02,  0.0000000000000000E+00,  0.0000000000000000E+00, -6.1375000000000002E-01,  1.4999999999987246E-05,2,4,0,4,4,0,0,  2.0000000000000000E-02,  2.0000000000000000E-02,  4.2299999999999999E-01,  4.2299999999999999E-01,  0.0000000000000000E+00,  0.0000000000000000E+00
2,5,3,1,0,1,legacy-reference-bound,4,4,4, -1.2075000000000000E+00, -1.1875000000000000E+00,  2.0000000000000018E-02,  0.0000000000000000E+00,  0.0000000000000000E+00, -3.1687500000000002E-01,  2.2000000000077513E-05,2,8,0,8,8,0,0,  2.0000000000000000E-02,  2.0000000000000000E-02,  4.2299999999999999E-01,  4.2299999999999999E-01,  0.0000000000000000E+00,  0.0000000000000000E+00
2,5,3,1,0,1,legacy-reference-bound,8,8,8, -1.2075000000000000E+00, -1.1875000000000000E+00,  2.0000000000000018E-02,  0.0000000000000000E+00,  0.0000000000000000E+00, -1.6843749999999999E-01,  3.7999999999982492E-05,2,16,0,16,16,0,0,  2.0000000000000000E-02,  2.0000000000000000E-02,  4.2299999999999999E-01,  4.2299999999999999E-01,  0.0000000000000000E+00,  0.0000000000000000E+00
2,5,3,1,0,1,legacy-reference-bound,16,16,16, -1.2075000000000000E+00, -1.1875000000000000E+00,  2.0000000000000018E-02,  0.0000000000000000E+00,  0.0000000000000000E+00, -9.4218750000000004E-02,  7.4000000000018495E-05,2,32,0,32,32,0,0,  2.0000000000000000E-02,  2.0000000000000000E-02,  4.2299999999999999E-01,  4.2299999999999999E-01,  0.0000000000000000E+00,  0.0000000000000000E+00
2,5,3,1,0,1,legacy-reference-bound,32,32,32, -1.2075000000000000E+00, -1.1875000000000000E+00,  2.0000000000000018E-02,  0.0000000000000000E+00,  0.0000000000000000E+00, -5.7109375000000004E-02,  1.4300000000000423E-04,2,64,0,64,64,0,0,  2.0000000000000000E-02,  2.0000000000000000E-02,  4.2299999999999999E-01,  4.2299999999999999E-01,  0.0000000000000000E+00,  0.0000000000000000E+00
2,5,3,1,0,1,legacy-reference-bound,64,64,64, -1.2075000000000000E+00, -1.1875000000000000E+00,  2.0000000000000018E-02,  0.0000000000000000E+00,  0.0000000000000000E+00, -3.8554687500000004E-02,  2.8500000000009074E-04,2,128,0,128,128,0,0,  2.0000000000000000E-02,  2.0000000000000000E-02,  4.2299999999999999E-01,  4.2299999999999999E-01,  0.0000000000000000E+00,  0.0000000000000000E+00
2,5,3,1,0,1,legacy-reference-bound,128,128,128, -1.2075000000000000E+00, -1.1875000000000000E+00,  2.0000000000000018E-02,  0.0000000000000000E+00,  0.0000000000000000E+00, -2.9277343750000000E-02,  5.8899999999995067E-04,2,256,0,256,256,0,0,  2.0000000000000000E-02,  2.0000000000000000E-02,  4.2299999999999999E-01,  4.2299999999999999E-01,  0.0000000000000000E+00,  0.0000000000000000E+00
2,5,3,1,0,1,legacy-reference-bound,256,256,256, -1.2075000000000000E+00, -1.1875000000000000E+00,  2.0000000000000018E-02,  0.0000000000000000E+00,  0.0000000000000000E+00, -2.4638671875000000E-02,  1.1490000000000666E-03,2,512,0,512,512,0,0,  2.0000000000000000E-02,  2.0000000000000000E-02,  4.2299999999999999E-01,  4.2299999999999999E-01,  0.0000000000000000E+00,  0.0000000000000000E+00
2,5,3,1,0,1,legacy-reference-bound,512,512,512, -1.2075000000000000E+00, -1.1875000000000000E+00,  2.0000000000000018E-02,  0.0000000000000000E+00,  0.0000000000000000E+00, -2.2319335937500000E-02,  2.3159999999999847E-03,2,1024,0,1024,1024,0,0,  2.0000000000000000E-02,  2.0000000000000000E-02,  4.2299999999999999E-01,  4.2299999999999999E-01,  0.0000000000000000E+00,  0.0000000000000000E+00
2,5,3,1,0,1,legacy-reference-bound,1024,1024,1024, -1.2075000000000000E+00, -1.1875000000000000E+00,  2.0000000000000018E-02,  0.0000000000000000E+00,  0.0000000000000000E+00, -2.1159667968750000E-02,  4.6110000000000317E-03,2,2048,0,2048,2048,0,0,  2.0000000000000000E-02,  2.0000000000000000E-02,  4.2299999999999999E-01,  4.2299999999999999E-01,  0.0000000000000000E+00,  0.0000000000000000E+00
2,5,3,1,0,1,legacy-reference-bound,2048,2048,2048, -1.2075000000000000E+00, -1.1875000000000000E+00,  2.0000000000000018E-02,  0.0000000000000000E+00,  0.0000000000000000E+00, -2.0579833984375000E-02,  9.3229999999999702E-03,2,4096,0,4096,4096,0,0,  2.0000000000000000E-02,  2.0000000000000000E-02,  4.2299999999999999E-01,  4.2299999999999999E-01,  0.0000000000000000E+00,  0.0000000000000000E+00
2,5,3,1,0,1,legacy-reference-bound,4096,4096,4096, -1.2075000000000000E+00, -1.1875000000000000E+00,  2.0000000000000018E-02,  0.0000000000000000E+00,  0.0000000000000000E+00, -2.0289916992187500E-02,  1.9077999999999928E-02,2,8192,0,8192,8192,0,0,  2.0000000000000000E-02,  2.0000000000000000E-02,  4.2299999999999999E-01,  4.2299999999999999E-01,  0.0000000000000000E+00,  0.0000000000000000E+00
2,5,3,1,0,1,legacy-reference-bound,1,1,1, -1.2075000000000000E+00, -1.1875000000000000E+00,  2.0000000000000018E-02,  0.0000000000000000E+00,  0.0000000000000000E+00, -1.2075000000000000E+00,  1.4999999999987246E-05,3,2,0,2,2,0,0,  2.0000000000000000E-02,  2.0000000000000000E-02,  4.2299999999999999E-01,  4.2299999999999999E-01, -1.0000000000000000E+00, -1.0000000000000000E+00
2,5,3,1,0,1,legacy-reference-bound,2,2,2, -1.2075000000000000E+00, -1.1875000000000000E+00,  2.0000000000000018E-02,  0.0000000000000000E+00,  0.0000000000000000E+00, -6.1375000000000002E-01,  1.2000000000012001E-05,3,4,0,4,4,0,0,  2.0000000000000000E-02,  2.0000000000000000E-02,  4.2299999999999999E-01,  4.2299999999999999E-01,  0.0000000000000000E+00,  0.0000000000000000E+00
2,5,3,1,0,1,legacy-reference-bound,4,4,4, -1.2075000000000000E+00, -1.1875000000000000E+00,  2.0000000000000018E-02,  0.0000000000000000E+00,  0.0000000000000000E+00, -3.1687500000000002E-01,  2.0000000000020002E-05,3,8,0,8,8,0,0,  2.0000000000000000E-02,  2.0000000000000000E-02,  4.2299999999999999E-01,  4.2299999999999999E-01,  0.0000000000000000E+00,  0.0000000000000000E+00
2,5,3,1,0,1,legacy-reference-bound,8,8,8, -1.2075000000000000E+00, -1.1875000000000000E+00,  2.0000000000000018E-02,  0.0000000000000000E+00,  0.0000000000000000E+00, -1.6843749999999999E-01,  3.8000000000093515E-05,3,16,0,16,16,0,0,  2.0000000000000000E-02,  2.0000000000000000E-02,  4.2299999999999999E-01,  4.2299999999999999E-01,  0.0000000000000000E+00,  0.0000000000000000E+00
2,5,3,1,0,1,legacy-reference-bound,16,16,16, -1.2075000000000000E+00, -1.1875000000000000E+00,  2.0000000000000018E-02,  0.0000000000000000E+00,  0.0000000000000000E+00, -9.4218750000000004E-02,  7.2999999999989740E-05,3,32,0,32,32,0,0,  2.0000000000000000E-02,  2.0000000000000000E-02,  4.2299999999999999E-01,  4.2299999999999999E-01,  0.0000000000000000E+00,  0.0000000000000000E+00
2,5,3,1,0,1,legacy-reference-bound,32,32,32, -1.2075000000000000E+00, -1.1875000000000000E+00,  2.0000000000000018E-02,  0.0000000000000000E+00,  0.0000000000000000E+00, -5.7109375000000004E-02,  1.4400000000003299E-04,3,64,0,64,64,0,0,  2.0000000000000000E-02,  2.0000000000000000E-02,  4.2299999999999999E-01,  4.2299999999999999E-01,  0.0000000000000000E+00,  0.0000000000000000E+00
2,5,3,1,0,1,legacy-reference-bound,64,64,64, -1.2075000000000000E+00, -1.1875000000000000E+00,  2.0000000000000018E-02,  0.0000000000000000E+00,  0.0000000000000000E+00, -3.8554687500000004E-02,  3.6700000000000621E-04,3,128,0,128,128,0,0,  2.0000000000000000E-02,  2.0000000000000000E-02,  4.2299999999999999E-01,  4.2299999999999999E-01,  0.0000000000000000E+00,  0.0000000000000000E+00
2,5,3,1,0,1,legacy-reference-bound,128,128,128, -1.2075000000000000E+00, -1.1875000000000000E+00,  2.0000000000000018E-02,  0.0000000000000000E+00,  0.0000000000000000E+00, -2.9277343750000000E-02,  5.9900000000001619E-04,3,256,0,256,256,0,0,  2.0000000000000000E-02,  2.0000000000000000E-02,  4.2299999999999999E-01,  4.2299999999999999E-01,  0.0000000000000000E+00,  0.0000000000000000E+00
2,5,3,1,0,1,legacy-reference-bound,256,256,269, -1.2020380418673038E+00, -1.1820380418673038E+00,  2.0000000000000018E-02,  0.0000000000000000E+00,  5.1608023410310011E-17,  0.0000000000000000E+00,  1.5499999999999403E-03,3,519,6,519,525,0,1,  1.9999999999999948E-02,  1.9999999999999997E-02,  4.2299999999999999E-01,  4.2299999999999999E-01,  0.0000000000000000E+00,  5.2041704279304213E-17
2,5,3,1,0,1,legacy-reference-bound,512,512,544, -1.2027837348862351E+00, -1.1827837348862351E+00,  2.0000000000000018E-02,  0.0000000000000000E+00,  9.9963440303163509E-17,  0.0000000000000000E+00,  2.4220000000000352E-03,3,1044,12,1044,1056,0,1,  1.9999999999999945E-02,  2.0000000000000004E-02,  4.2299999999999999E-01,  4.2299999999999999E-01,  0.0000000000000000E+00,  1.7347234759768071E-17
2,5,3,1,0,1,legacy-reference-bound,1024,1024,1059, -1.2031531356033360E+00, -1.1831531356033360E+00,  2.0000000000000018E-02,  0.0000000000000000E+00,  1.9631513211923468E-16,  0.0000000000000000E+00,  4.7580000000000400E-03,3,2060,23,2060,2083,0,1,  1.9999999999999997E-02,  2.0000000000000014E-02,  4.2299999999999999E-01,  4.2299999999999999E-01,  0.0000000000000000E+00,  6.9388939039072284E-17
2,5,3,1,1,2,legacy-reference-retry,2048,9,128, -1.2362180654190874E-02, -1.3864904451778455E-03,  1.0975690209013012E-02, -1.6696713456276768E-17,  9.7801812221770534E-17,  0.0000000000000000E+00,  1.6049999999999676E-03,3,1236,45,1236,1281,0,1, -7.5688739271967320E-01, -2.5603775125591294E-01,  4.2284490791717699E-01,  4.2296793964158008E-01, -1.0000000000000000E+00, -1.0000000000000000E+00
2,5,3,1,0,1,legacy-reference-bound,4096,4096,4213, -1.2034775653236169E+00, -1.1834775653236169E+00,  2.0000000000000018E-02,  0.0000000000000000E+00,  1.9118550059066264E-16,  0.0000000000000000E+00,  1.9188000000000094E-02,3,8224,86,8224,8310,0,1,  1.9999999999999987E-02,  2.0000000000000021E-02,  4.2299999999999999E-01,  4.2299999999999999E-01, -1.0000000000000000E+00, -1.0000000000000000E+00
