soil,wet,reverse_on,dt_day,time_day,exchange_cm,bottom_cm,storage_cm,storage_change_cm,max_abs_head_change_cm,mass_residual_cm,newton,backtracks,cpu_seconds,macro_storage_cm,macro_water_level_cm
1,0,0,  2.0000000000000000E-03,  1.0000000000000001E-01,  0.0000000000000000E+00,  0.0000000000000000E+00,  1.8574038640269027E+01,  0.0000000000000000E+00,  0.0000000000000000E+00,  0.0000000000000000E+00,50,50,  2.0899999999999998E-04,  0.0000000000000000E+00, -1.0000000000000000E+02
1,0,0,  2.0000000000000000E-03,  2.0000000000000001E-01,  0.0000000000000000E+00,  0.0000000000000000E+00,  1.8574038640269027E+01,  0.0000000000000000E+00,  0.0000000000000000E+00,  0.0000000000000000E+00,100,100,  4.1400000000000009E-04,  0.0000000000000000E+00, -1.0000000000000000E+02
1,0,0,  2.0000000000000000E-03,  2.9999999999999999E-01,  0.0000000000000000E+00,  0.0000000000000000E+00,  1.8574038640269027E+01,  0.0000000000000000E+00,  0.0000000000000000E+00,  0.0000000000000000E+00,150,150,  5.7000000000000019E-04,  0.0000000000000000E+00, -1.0000000000000000E+02
1,0,0,  2.0000000000000000E-03,  4.0000000000000002E-01,  0.0000000000000000E+00,  0.0000000000000000E+00,  1.8574038640269027E+01,  0.0000000000000000E+00,  0.0000000000000000E+00,  0.0000000000000000E+00,200,200,  7.2699999999999978E-04,  0.0000000000000000E+00, -1.0000000000000000E+02
1,0,0,  2.0000000000000000E-03,  5.0000000000000000E-01,  0.0000000000000000E+00,  0.0000000000000000E+00,  1.8574038640269027E+01,  0.0000000000000000E+00,  0.0000000000000000E+00,  0.0000000000000000E+00,250,250,  8.8000000000000014E-04,  0.0000000000000000E+00, -1.0000000000000000E+02
1,0,0,  2.0000000000000000E-03,  5.9999999999999998E-01,  0.0000000000000000E+00,  0.0000000000000000E+00,  1.8574038640269027E+01,  0.0000000000000000E+00,  0.0000000000000000E+00,  0.0000000000000000E+00,300,300,  1.0339999999999998E-03,  0.0000000000000000E+00, -1.0000000000000000E+02
1,0,0,  2.0000000000000000E-03,  7.0000000000000007E-01,  0.0000000000000000E+00,  0.0000000000000000E+00,  1.8574038640269027E+01,  0.0000000000000000E+00,  0.0000000000000000E+00,  0.0000000000000000E+00,350,350,  1.2070000000000002E-03,  0.0000000000000000E+00, -1.0000000000000000E+02
1,0,0,  2.0000000000000000E-03,  8.0000000000000004E-01,  0.0000000000000000E+00,  0.0000000000000000E+00,  1.8574038640269027E+01,  0.0000000000000000E+00,  0.0000000000000000E+00,  0.0000000000000000E+00,400,400,  1.3639999999999998E-03,  0.0000000000000000E+00, -1.0000000000000000E+02
1,0,0,  2.0000000000000000E-03,  9.0000000000000002E-01,  0.0000000000000000E+00,  0.0000000000000000E+00,  1.8574038640269027E+01,  0.0000000000000000E+00,  0.0000000000000000E+00,  0.0000000000000000E+00,450,450,  1.5170000000000001E-03,  0.0000000000000000E+00, -1.0000000000000000E+02
1,0,0,  2.0000000000000000E-03,  1.0000000000000000E+00,  0.0000000000000000E+00,  0.0000000000000000E+00,  1.8574038640269027E+01,  0.0000000000000000E+00,  0.0000000000000000E+00,  0.0000000000000000E+00,500,500,  1.6709999999999997E-03,  0.0000000000000000E+00, -1.0000000000000000E+02
1,0,0,  1.0000000000000000E-03,  1.0000000000000001E-01,  0.0000000000000000E+00,  0.0000000000000000E+00,  1.8574038640269027E+01,  0.0000000000000000E+00,  0.0000000000000000E+00,  0.0000000000000000E+00,100,100,  3.6199999999999991E-04,  0.0000000000000000E+00, -1.0000000000000000E+02
1,0,0,  1.0000000000000000E-03,  2.0000000000000001E-01,  0.0000000000000000E+00,  0.0000000000000000E+00,  1.8574038640269027E+01,  0.0000000000000000E+00,  0.0000000000000000E+00,  0.0000000000000000E+00,200,200,  7.1199999999999996E-04,  0.0000000000000000E+00, -1.0000000000000000E+02
1,0,0,  1.0000000000000000E-03,  2.9999999999999999E-01,  0.0000000000000000E+00,  0.0000000000000000E+00,  1.8574038640269027E+01,  0.0000000000000000E+00,  0.0000000000000000E+00,  0.0000000000000000E+00,300,300,  1.0139999999999997E-03,  0.0000000000000000E+00, -1.0000000000000000E+02
1,0,0,  1.0000000000000000E-03,  4.0000000000000002E-01,  0.0000000000000000E+00,  0.0000000000000000E+00,  1.8574038640269027E+01,  0.0000000000000000E+00,  0.0000000000000000E+00,  0.0000000000000000E+00,400,400,  1.3170000000000000E-03,  0.0000000000000000E+00, -1.0000000000000000E+02
1,0,0,  1.0000000000000000E-03,  5.0000000000000000E-01,  0.0000000000000000E+00,  0.0000000000000000E+00,  1.8574038640269027E+01,  0.0000000000000000E+00,  0.0000000000000000E+00,  0.0000000000000000E+00,500,500,  1.6679999999999998E-03,  0.0000000000000000E+00, -1.0000000000000000E+02
1,0,0,  1.0000000000000000E-03,  5.9999999999999998E-01,  0.0000000000000000E+00,  0.0000000000000000E+00,  1.8574038640269027E+01,  0.0000000000000000E+00,  0.0000000000000000E+00,  0.0000000000000000E+00,600,600,  1.9879999999999997E-03,  0.0000000000000000E+00, -1.0000000000000000E+02
1,0,0,  1.0000000000000000E-03,  7.0000000000000007E-01,  0.0000000000000000E+00,  0.0000000000000000E+00,  1.8574038640269027E+01,  0.0000000000000000E+00,  0.0000000000000000E+00,  0.0000000000000000E+00,700,700,  2.2920000000000002E-03,  0.0000000000000000E+00, -1.0000000000000000E+02
1,0,0,  1.0000000000000000E-03,  8.0000000000000004E-01,  0.0000000000000000E+00,  0.0000000000000000E+00,  1.8574038640269027E+01,  0.0000000000000000E+00,  0.0000000000000000E+00,  0.0000000000000000E+00,800,800,  2.6069999999999995E-03,  0.0000000000000000E+00, -1.0000000000000000E+02
1,0,0,  1.0000000000000000E-03,  9.0000000000000002E-01,  0.0000000000000000E+00,  0.0000000000000000E+00,  1.8574038640269027E+01,  0.0000000000000000E+00,  0.0000000000000000E+00,  0.0000000000000000E+00,900,900,  2.9099999999999998E-03,  0.0000000000000000E+00, -1.0000000000000000E+02
1,0,0,  1.0000000000000000E-03,  1.0000000000000000E+00,  0.0000000000000000E+00,  0.0000000000000000E+00,  1.8574038640269027E+01,  0.0000000000000000E+00,  0.0000000000000000E+00,  0.0000000000000000E+00,1000,1000,  3.2120000000000000E-03,  0.0000000000000000E+00, -1.0000000000000000E+02
1,0,0,  5.0000000000000001E-04,  1.0000000000000001E-01,  0.0000000000000000E+00,  0.0000000000000000E+00,  1.8574038640269027E+01,  0.0000000000000000E+00,  0.0000000000000000E+00,  0.0000000000000000E+00,200,200,  9.2099999999999994E-04,  0.0000000000000000E+00, -1.0000000000000000E+02
1,0,0,  5.0000000000000001E-04,  2.0000000000000001E-01,  0.0000000000000000E+00,  0.0000000000000000E+00,  1.8574038640269027E+01,  0.0000000000000000E+00,  0.0000000000000000E+00,  0.0000000000000000E+00,400,400,  1.5599999999999998E-03,  0.0000000000000000E+00, -1.0000000000000000E+02
1,0,0,  5.0000000000000001E-04,  2.9999999999999999E-01,  0.0000000000000000E+00,  0.0000000000000000E+00,  1.8574038640269027E+01,  0.0000000000000000E+00,  0.0000000000000000E+00,  0.0000000000000000E+00,600,600,  2.3299999999999996E-03,  0.0000000000000000E+00, -1.0000000000000000E+02
1,0,0,  5.0000000000000001E-04,  4.0000000000000002E-01,  0.0000000000000000E+00,  0.0000000000000000E+00,  1.8574038640269027E+01,  0.0000000000000000E+00,  0.0000000000000000E+00,  0.0000000000000000E+00,800,800,  3.4390000000000002E-03,  0.0000000000000000E+00, -1.0000000000000000E+02
1,0,0,  5.0000000000000001E-04,  5.0000000000000000E-01,  0.0000000000000000E+00,  0.0000000000000000E+00,  1.8574038640269027E+01,  0.0000000000000000E+00,  0.0000000000000000E+00,  0.0000000000000000E+00,1000,1000,  4.1719999999999995E-03,  0.0000000000000000E+00, -1.0000000000000000E+02
1,0,0,  5.0000000000000001E-04,  5.9999999999999998E-01,  0.0000000000000000E+00,  0.0000000000000000E+00,  1.8574038640269027E+01,  0.0000000000000000E+00,  0.0000000000000000E+00,  0.0000000000000000E+00,1200,1200,  4.8049999999999994E-03,  0.0000000000000000E+00, -1.0000000000000000E+02
1,0,0,  5.0000000000000001E-04,  7.0000000000000007E-01,  0.0000000000000000E+00,  0.0000000000000000E+00,  1.8574038640269027E+01,  0.0000000000000000E+00,  0.0000000000000000E+00,  0.0000000000000000E+00,1400,1400,  5.5030000000000001E-03,  0.0000000000000000E+00, -1.0000000000000000E+02
1,0,0,  5.0000000000000001E-04,  8.0000000000000004E-01,  0.0000000000000000E+00,  0.0000000000000000E+00,  1.8574038640269027E+01,  0.0000000000000000E+00,  0.0000000000000000E+00,  0.0000000000000000E+00,1600,1600,  6.1059999999999994E-03,  0.0000000000000000E+00, -1.0000000000000000E+02
1,0,0,  5.0000000000000001E-04,  9.0000000000000002E-01,  0.0000000000000000E+00,  0.0000000000000000E+00,  1.8574038640269027E+01,  0.0000000000000000E+00,  0.0000000000000000E+00,  0.0000000000000000E+00,1800,1800,  6.7179999999999991E-03,  0.0000000000000000E+00, -1.0000000000000000E+02
1,0,0,  5.0000000000000001E-04,  1.0000000000000000E+00,  0.0000000000000000E+00,  0.0000000000000000E+00,  1.8574038640269027E+01,  0.0000000000000000E+00,  0.0000000000000000E+00,  0.0000000000000000E+00,2000,2000,  7.3680000000000004E-03,  0.0000000000000000E+00, -1.0000000000000000E+02
1,0,1,  2.0000000000000000E-03,  1.0000000000000001E-01,  0.0000000000000000E+00,  0.0000000000000000E+00,  1.8574038640269027E+01,  0.0000000000000000E+00,  0.0000000000000000E+00,  0.0000000000000000E+00,50,50,  1.7599999999999907E-04,  0.0000000000000000E+00, -1.0000000000000000E+02
1,0,1,  2.0000000000000000E-03,  2.0000000000000001E-01,  0.0000000000000000E+00,  0.0000000000000000E+00,  1.8574038640269027E+01,  0.0000000000000000E+00,  0.0000000000000000E+00,  0.0000000000000000E+00,100,100,  3.4899999999999862E-04,  0.0000000000000000E+00, -1.0000000000000000E+02
1,0,1,  2.0000000000000000E-03,  2.9999999999999999E-01,  0.0000000000000000E+00,  0.0000000000000000E+00,  1.8574038640269027E+01,  0.0000000000000000E+00,  0.0000000000000000E+00,  0.0000000000000000E+00,150,150,  5.2199999999999989E-04,  0.0000000000000000E+00, -1.0000000000000000E+02
1,0,1,  2.0000000000000000E-03,  4.0000000000000002E-01,  0.0000000000000000E+00,  0.0000000000000000E+00,  1.8574038640269027E+01,  0.0000000000000000E+00,  0.0000000000000000E+00,  0.0000000000000000E+00,200,200,  6.9399999999999844E-04,  0.0000000000000000E+00, -1.0000000000000000E+02
1,0,1,  2.0000000000000000E-03,  5.0000000000000000E-01,  0.0000000000000000E+00,  0.0000000000000000E+00,  1.8574038640269027E+01,  0.0000000000000000E+00,  0.0000000000000000E+00,  0.0000000000000000E+00,250,250,  8.7899999999999957E-04,  0.0000000000000000E+00, -1.0000000000000000E+02
1,0,1,  2.0000000000000000E-03,  5.9999999999999998E-01,  0.0000000000000000E+00,  0.0000000000000000E+00,  1.8574038640269027E+01,  0.0000000000000000E+00,  0.0000000000000000E+00,  0.0000000000000000E+00,300,300,  1.0519999999999991E-03,  0.0000000000000000E+00, -1.0000000000000000E+02
1,0,1,  2.0000000000000000E-03,  7.0000000000000007E-01,  0.0000000000000000E+00,  0.0000000000000000E+00,  1.8574038640269027E+01,  0.0000000000000000E+00,  0.0000000000000000E+00,  0.0000000000000000E+00,350,350,  1.2249999999999987E-03,  0.0000000000000000E+00, -1.0000000000000000E+02
1,0,1,  2.0000000000000000E-03,  8.0000000000000004E-01,  0.0000000000000000E+00,  0.0000000000000000E+00,  1.8574038640269027E+01,  0.0000000000000000E+00,  0.0000000000000000E+00,  0.0000000000000000E+00,400,400,  1.3969999999999989E-03,  0.0000000000000000E+00, -1.0000000000000000E+02
1,0,1,  2.0000000000000000E-03,  9.0000000000000002E-01,  0.0000000000000000E+00,  0.0000000000000000E+00,  1.8574038640269027E+01,  0.0000000000000000E+00,  0.0000000000000000E+00,  0.0000000000000000E+00,450,450,  1.5699999999999985E-03,  0.0000000000000000E+00, -1.0000000000000000E+02
1,0,1,  2.0000000000000000E-03,  1.0000000000000000E+00,  0.0000000000000000E+00,  0.0000000000000000E+00,  1.8574038640269027E+01,  0.0000000000000000E+00,  0.0000000000000000E+00,  0.0000000000000000E+00,500,500,  1.7429999999999998E-03,  0.0000000000000000E+00, -1.0000000000000000E+02
1,0,1,  1.0000000000000000E-03,  1.0000000000000001E-01,  0.0000000000000000E+00,  0.0000000000000000E+00,  1.8574038640269027E+01,  0.0000000000000000E+00,  0.0000000000000000E+00,  0.0000000000000000E+00,100,100,  3.5000000000000135E-04,  0.0000000000000000E+00, -1.0000000000000000E+02
1,0,1,  1.0000000000000000E-03,  2.0000000000000001E-01,  0.0000000000000000E+00,  0.0000000000000000E+00,  1.8574038640269027E+01,  0.0000000000000000E+00,  0.0000000000000000E+00,  0.0000000000000000E+00,200,200,  6.9099999999999891E-04,  0.0000000000000000E+00, -1.0000000000000000E+02
1,0,1,  1.0000000000000000E-03,  2.9999999999999999E-01,  0.0000000000000000E+00,  0.0000000000000000E+00,  1.8574038640269027E+01,  0.0000000000000000E+00,  0.0000000000000000E+00,  0.0000000000000000E+00,300,300,  1.0319999999999999E-03,  0.0000000000000000E+00, -1.0000000000000000E+02
1,0,1,  1.0000000000000000E-03,  4.0000000000000002E-01,  0.0000000000000000E+00,  0.0000000000000000E+00,  1.8574038640269027E+01,  0.0000000000000000E+00,  0.0000000000000000E+00,  0.0000000000000000E+00,400,400,  1.3840000000000015E-03,  0.0000000000000000E+00, -1.0000000000000000E+02
1,0,1,  1.0000000000000000E-03,  5.0000000000000000E-01,  0.0000000000000000E+00,  0.0000000000000000E+00,  1.8574038640269027E+01,  0.0000000000000000E+00,  0.0000000000000000E+00,  0.0000000000000000E+00,500,500,  1.7429999999999998E-03,  0.0000000000000000E+00, -1.0000000000000000E+02
1,0,1,  1.0000000000000000E-03,  5.9999999999999998E-01,  0.0000000000000000E+00,  0.0000000000000000E+00,  1.8574038640269027E+01,  0.0000000000000000E+00,  0.0000000000000000E+00,  0.0000000000000000E+00,600,600,  2.2020000000000008E-03,  0.0000000000000000E+00, -1.0000000000000000E+02
1,0,1,  1.0000000000000000E-03,  7.0000000000000007E-01,  0.0000000000000000E+00,  0.0000000000000000E+00,  1.8574038640269027E+01,  0.0000000000000000E+00,  0.0000000000000000E+00,  0.0000000000000000E+00,700,700,  2.5970000000000003E-03,  0.0000000000000000E+00, -1.0000000000000000E+02
1,0,1,  1.0000000000000000E-03,  8.0000000000000004E-01,  0.0000000000000000E+00,  0.0000000000000000E+00,  1.8574038640269027E+01,  0.0000000000000000E+00,  0.0000000000000000E+00,  0.0000000000000000E+00,800,800,  2.9389999999999989E-03,  0.0000000000000000E+00, -1.0000000000000000E+02
1,0,1,  1.0000000000000000E-03,  9.0000000000000002E-01,  0.0000000000000000E+00,  0.0000000000000000E+00,  1.8574038640269027E+01,  0.0000000000000000E+00,  0.0000000000000000E+00,  0.0000000000000000E+00,900,900,  3.3059999999999982E-03,  0.0000000000000000E+00, -1.0000000000000000E+02
1,0,1,  1.0000000000000000E-03,  1.0000000000000000E+00,  0.0000000000000000E+00,  0.0000000000000000E+00,  1.8574038640269027E+01,  0.0000000000000000E+00,  0.0000000000000000E+00,  0.0000000000000000E+00,1000,1000,  3.6480000000000002E-03,  0.0000000000000000E+00, -1.0000000000000000E+02
1,0,1,  5.0000000000000001E-04,  1.0000000000000001E-01,  0.0000000000000000E+00,  0.0000000000000000E+00,  1.8574038640269027E+01,  0.0000000000000000E+00,  0.0000000000000000E+00,  0.0000000000000000E+00,200,200,  6.9999999999999923E-04,  0.0000000000000000E+00, -1.0000000000000000E+02
1,0,1,  5.0000000000000001E-04,  2.0000000000000001E-01,  0.0000000000000000E+00,  0.0000000000000000E+00,  1.8574038640269027E+01,  0.0000000000000000E+00,  0.0000000000000000E+00,  0.0000000000000000E+00,400,400,  1.5699999999999985E-03,  0.0000000000000000E+00, -1.0000000000000000E+02
1,0,1,  5.0000000000000001E-04,  2.9999999999999999E-01,  0.0000000000000000E+00,  0.0000000000000000E+00,  1.8574038640269027E+01,  0.0000000000000000E+00,  0.0000000000000000E+00,  0.0000000000000000E+00,600,600,  2.5719999999999979E-03,  0.0000000000000000E+00, -1.0000000000000000E+02
1,0,1,  5.0000000000000001E-04,  4.0000000000000002E-01,  0.0000000000000000E+00,  0.0000000000000000E+00,  1.8574038640269027E+01,  0.0000000000000000E+00,  0.0000000000000000E+00,  0.0000000000000000E+00,800,800,  4.9759999999999978E-03,  0.0000000000000000E+00, -1.0000000000000000E+02
1,0,1,  5.0000000000000001E-04,  5.0000000000000000E-01,  0.0000000000000000E+00,  0.0000000000000000E+00,  1.8574038640269027E+01,  0.0000000000000000E+00,  0.0000000000000000E+00,  0.0000000000000000E+00,1000,1000,  5.7350000000000005E-03,  0.0000000000000000E+00, -1.0000000000000000E+02
1,0,1,  5.0000000000000001E-04,  5.9999999999999998E-01,  0.0000000000000000E+00,  0.0000000000000000E+00,  1.8574038640269027E+01,  0.0000000000000000E+00,  0.0000000000000000E+00,  0.0000000000000000E+00,1200,1200,  9.4999999999999980E-03,  0.0000000000000000E+00, -1.0000000000000000E+02
1,0,1,  5.0000000000000001E-04,  7.0000000000000007E-01,  0.0000000000000000E+00,  0.0000000000000000E+00,  1.8574038640269027E+01,  0.0000000000000000E+00,  0.0000000000000000E+00,  0.0000000000000000E+00,1400,1400,  1.0220000000000000E-02,  0.0000000000000000E+00, -1.0000000000000000E+02
1,0,1,  5.0000000000000001E-04,  8.0000000000000004E-01,  0.0000000000000000E+00,  0.0000000000000000E+00,  1.8574038640269027E+01,  0.0000000000000000E+00,  0.0000000000000000E+00,  0.0000000000000000E+00,1600,1600,  1.0931000000000000E-02,  0.0000000000000000E+00, -1.0000000000000000E+02
1,0,1,  5.0000000000000001E-04,  9.0000000000000002E-01,  0.0000000000000000E+00,  0.0000000000000000E+00,  1.8574038640269027E+01,  0.0000000000000000E+00,  0.0000000000000000E+00,  0.0000000000000000E+00,1800,1800,  1.1893999999999998E-02,  0.0000000000000000E+00, -1.0000000000000000E+02
1,0,1,  5.0000000000000001E-04,  1.0000000000000000E+00,  0.0000000000000000E+00,  0.0000000000000000E+00,  1.8574038640269027E+01,  0.0000000000000000E+00,  0.0000000000000000E+00,  0.0000000000000000E+00,2000,2000,  1.2665999999999997E-02,  0.0000000000000000E+00, -1.0000000000000000E+02
1,0,2,  2.0000000000000000E-03,  1.0000000000000001E-01,  0.0000000000000000E+00,  0.0000000000000000E+00,  1.8574038640269027E+01,  0.0000000000000000E+00,  0.0000000000000000E+00,  0.0000000000000000E+00,50,50,  1.6799999999999454E-04,  0.0000000000000000E+00, -1.0000000000000000E+02
1,0,2,  2.0000000000000000E-03,  2.0000000000000001E-01,  0.0000000000000000E+00,  0.0000000000000000E+00,  1.8574038640269027E+01,  0.0000000000000000E+00,  0.0000000000000000E+00,  0.0000000000000000E+00,100,100,  3.4099999999999409E-04,  0.0000000000000000E+00, -1.0000000000000000E+02
1,0,2,  2.0000000000000000E-03,  2.9999999999999999E-01,  0.0000000000000000E+00,  0.0000000000000000E+00,  1.8574038640269027E+01,  0.0000000000000000E+00,  0.0000000000000000E+00,  0.0000000000000000E+00,150,150,  5.1400000000000057E-04,  0.0000000000000000E+00, -1.0000000000000000E+02
1,0,2,  2.0000000000000000E-03,  4.0000000000000002E-01,  0.0000000000000000E+00,  0.0000000000000000E+00,  1.8574038640269027E+01,  0.0000000000000000E+00,  0.0000000000000000E+00,  0.0000000000000000E+00,200,200,  6.8599999999999911E-04,  0.0000000000000000E+00, -1.0000000000000000E+02
1,0,2,  2.0000000000000000E-03,  5.0000000000000000E-01,  0.0000000000000000E+00,  0.0000000000000000E+00,  1.8574038640269027E+01,  0.0000000000000000E+00,  0.0000000000000000E+00,  0.0000000000000000E+00,250,250,  8.7399999999999978E-04,  0.0000000000000000E+00, -1.0000000000000000E+02
1,0,2,  2.0000000000000000E-03,  5.9999999999999998E-01,  0.0000000000000000E+00,  0.0000000000000000E+00,  1.8574038640269027E+01,  0.0000000000000000E+00,  0.0000000000000000E+00,  0.0000000000000000E+00,300,300,  1.0459999999999983E-03,  0.0000000000000000E+00, -1.0000000000000000E+02
1,0,2,  2.0000000000000000E-03,  7.0000000000000007E-01,  0.0000000000000000E+00,  0.0000000000000000E+00,  1.8574038640269027E+01,  0.0000000000000000E+00,  0.0000000000000000E+00,  0.0000000000000000E+00,350,350,  1.2179999999999969E-03,  0.0000000000000000E+00, -1.0000000000000000E+02
1,0,2,  2.0000000000000000E-03,  8.0000000000000004E-01,  0.0000000000000000E+00,  0.0000000000000000E+00,  1.8574038640269027E+01,  0.0000000000000000E+00,  0.0000000000000000E+00,  0.0000000000000000E+00,400,400,  1.4059999999999975E-03,  0.0000000000000000E+00, -1.0000000000000000E+02
1,0,2,  2.0000000000000000E-03,  9.0000000000000002E-01,  0.0000000000000000E+00,  0.0000000000000000E+00,  1.8574038640269027E+01,  0.0000000000000000E+00,  0.0000000000000000E+00,  0.0000000000000000E+00,450,450,  1.5809999999999991E-03,  0.0000000000000000E+00, -1.0000000000000000E+02
1,0,2,  2.0000000000000000E-03,  1.0000000000000000E+00,  0.0000000000000000E+00,  0.0000000000000000E+00,  1.8574038640269027E+01,  0.0000000000000000E+00,  0.0000000000000000E+00,  0.0000000000000000E+00,500,500,  1.7539999999999986E-03,  0.0000000000000000E+00, -1.0000000000000000E+02
1,0,2,  1.0000000000000000E-03,  1.0000000000000001E-01,  0.0000000000000000E+00,  0.0000000000000000E+00,  1.8574038640269027E+01,  0.0000000000000000E+00,  0.0000000000000000E+00,  0.0000000000000000E+00,100,100,  3.3500000000000196E-04,  0.0000000000000000E+00, -1.0000000000000000E+02
1,0,2,  1.0000000000000000E-03,  2.0000000000000001E-01,  0.0000000000000000E+00,  0.0000000000000000E+00,  1.8574038640269027E+01,  0.0000000000000000E+00,  0.0000000000000000E+00,  0.0000000000000000E+00,200,200,  6.7799999999999805E-04,  0.0000000000000000E+00, -1.0000000000000000E+02
1,0,2,  1.0000000000000000E-03,  2.9999999999999999E-01,  0.0000000000000000E+00,  0.0000000000000000E+00,  1.8574038640269027E+01,  0.0000000000000000E+00,  0.0000000000000000E+00,  0.0000000000000000E+00,300,300,  1.0319999999999982E-03,  0.0000000000000000E+00, -1.0000000000000000E+02
1,0,2,  1.0000000000000000E-03,  4.0000000000000002E-01,  0.0000000000000000E+00,  0.0000000000000000E+00,  1.8574038640269027E+01,  0.0000000000000000E+00,  0.0000000000000000E+00,  0.0000000000000000E+00,400,400,  1.3740000000000002E-03,  0.0000000000000000E+00, -1.0000000000000000E+02
1,0,2,  1.0000000000000000E-03,  5.0000000000000000E-01,  0.0000000000000000E+00,  0.0000000000000000E+00,  1.8574038640269027E+01,  0.0000000000000000E+00,  0.0000000000000000E+00,  0.0000000000000000E+00,500,500,  1.7399999999999985E-03,  0.0000000000000000E+00, -1.0000000000000000E+02
1,0,2,  1.0000000000000000E-03,  5.9999999999999998E-01,  0.0000000000000000E+00,  0.0000000000000000E+00,  1.8574038640269027E+01,  0.0000000000000000E+00,  0.0000000000000000E+00,  0.0000000000000000E+00,600,600,  2.0939999999999986E-03,  0.0000000000000000E+00, -1.0000000000000000E+02
1,0,2,  1.0000000000000000E-03,  7.0000000000000007E-01,  0.0000000000000000E+00,  0.0000000000000000E+00,  1.8574038640269027E+01,  0.0000000000000000E+00,  0.0000000000000000E+00,  0.0000000000000000E+00,700,700,  2.5500000000000037E-03,  0.0000000000000000E+00, -1.0000000000000000E+02
1,0,2,  1.0000000000000000E-03,  8.0000000000000004E-01,  0.0000000000000000E+00,  0.0000000000000000E+00,  1.8574038640269027E+01,  0.0000000000000000E+00,  0.0000000000000000E+00,  0.0000000000000000E+00,800,800,  2.9860000000000025E-03,  0.0000000000000000E+00, -1.0000000000000000E+02
1,0,2,  1.0000000000000000E-03,  9.0000000000000002E-01,  0.0000000000000000E+00,  0.0000000000000000E+00,  1.8574038640269027E+01,  0.0000000000000000E+00,  0.0000000000000000E+00,  0.0000000000000000E+00,900,900,  3.9480000000000001E-03,  0.0000000000000000E+00, -1.0000000000000000E+02
1,0,2,  1.0000000000000000E-03,  1.0000000000000000E+00,  0.0000000000000000E+00,  0.0000000000000000E+00,  1.8574038640269027E+01,  0.0000000000000000E+00,  0.0000000000000000E+00,  0.0000000000000000E+00,1000,1000,  4.3209999999999985E-03,  0.0000000000000000E+00, -1.0000000000000000E+02
1,0,2,  5.0000000000000001E-04,  1.0000000000000001E-01,  0.0000000000000000E+00,  0.0000000000000000E+00,  1.8574038640269027E+01,  0.0000000000000000E+00,  0.0000000000000000E+00,  0.0000000000000000E+00,200,200,  6.8599999999999911E-04,  0.0000000000000000E+00, -1.0000000000000000E+02
1,0,2,  5.0000000000000001E-04,  2.0000000000000001E-01,  0.0000000000000000E+00,  0.0000000000000000E+00,  1.8574038640269027E+01,  0.0000000000000000E+00,  0.0000000000000000E+00,  0.0000000000000000E+00,400,400,  1.4209999999999987E-03,  0.0000000000000000E+00, -1.0000000000000000E+02
1,0,2,  5.0000000000000001E-04,  2.9999999999999999E-01,  0.0000000000000000E+00,  0.0000000000000000E+00,  1.8574038640269027E+01,  0.0000000000000000E+00,  0.0000000000000000E+00,  0.0000000000000000E+00,600,600,  2.1839999999999984E-03,  0.0000000000000000E+00, -1.0000000000000000E+02
1,0,2,  5.0000000000000001E-04,  4.0000000000000002E-01,  0.0000000000000000E+00,  0.0000000000000000E+00,  1.8574038640269027E+01,  0.0000000000000000E+00,  0.0000000000000000E+00,  0.0000000000000000E+00,800,800,  2.8670000000000015E-03,  0.0000000000000000E+00, -1.0000000000000000E+02
1,0,2,  5.0000000000000001E-04,  5.0000000000000000E-01,  0.0000000000000000E+00,  0.0000000000000000E+00,  1.8574038640269027E+01,  0.0000000000000000E+00,  0.0000000000000000E+00,  0.0000000000000000E+00,1000,1000,  3.5499999999999976E-03,  0.0000000000000000E+00, -1.0000000000000000E+02
1,0,2,  5.0000000000000001E-04,  5.9999999999999998E-01,  0.0000000000000000E+00,  0.0000000000000000E+00,  1.8574038640269027E+01,  0.0000000000000000E+00,  0.0000000000000000E+00,  0.0000000000000000E+00,1200,1200,  4.4669999999999987E-03,  0.0000000000000000E+00, -1.0000000000000000E+02
1,0,2,  5.0000000000000001E-04,  7.0000000000000007E-01,  0.0000000000000000E+00,  0.0000000000000000E+00,  1.8574038640269027E+01,  0.0000000000000000E+00,  0.0000000000000000E+00,  0.0000000000000000E+00,1400,1400,  5.1639999999999950E-03,  0.0000000000000000E+00, -1.0000000000000000E+02
1,0,2,  5.0000000000000001E-04,  8.0000000000000004E-01,  0.0000000000000000E+00,  0.0000000000000000E+00,  1.8574038640269027E+01,  0.0000000000000000E+00,  0.0000000000000000E+00,  0.0000000000000000E+00,1600,1600,  5.8579999999999952E-03,  0.0000000000000000E+00, -1.0000000000000000E+02
1,0,2,  5.0000000000000001E-04,  9.0000000000000002E-01,  0.0000000000000000E+00,  0.0000000000000000E+00,  1.8574038640269027E+01,  0.0000000000000000E+00,  0.0000000000000000E+00,  0.0000000000000000E+00,1800,1800,  6.5839999999999996E-03,  0.0000000000000000E+00, -1.0000000000000000E+02
1,0,2,  5.0000000000000001E-04,  1.0000000000000000E+00,  0.0000000000000000E+00,  0.0000000000000000E+00,  1.8574038640269027E+01,  0.0000000000000000E+00,  0.0000000000000000E+00,  0.0000000000000000E+00,2000,2000,  7.3249999999999982E-03,  0.0000000000000000E+00, -1.0000000000000000E+02
1,1,0,  2.0000000000000000E-03,  1.0000000000000001E-01,  0.0000000000000000E+00,  0.0000000000000000E+00,  4.2490271057335654E+01,  0.0000000000000000E+00,  0.0000000000000000E+00,  0.0000000000000000E+00,50,50,  9.3999999999996864E-05,  0.0000000000000000E+00, -1.0000000000000000E+02
1,1,0,  2.0000000000000000E-03,  2.0000000000000001E-01,  0.0000000000000000E+00,  0.0000000000000000E+00,  4.2490271057335654E+01,  0.0000000000000000E+00,  0.0000000000000000E+00,  0.0000000000000000E+00,100,100,  1.9199999999999773E-04,  0.0000000000000000E+00, -1.0000000000000000E+02
1,1,0,  2.0000000000000000E-03,  2.9999999999999999E-01,  0.0000000000000000E+00,  0.0000000000000000E+00,  4.2490271057335654E+01,  0.0000000000000000E+00,  0.0000000000000000E+00,  0.0000000000000000E+00,150,150,  2.8899999999999759E-04,  0.0000000000000000E+00, -1.0000000000000000E+02
1,1,0,  2.0000000000000000E-03,  4.0000000000000002E-01,  0.0000000000000000E+00,  0.0000000000000000E+00,  4.2490271057335654E+01,  0.0000000000000000E+00,  0.0000000000000000E+00,  0.0000000000000000E+00,200,200,  4.0599999999999664E-04,  0.0000000000000000E+00, -1.0000000000000000E+02
1,1,0,  2.0000000000000000E-03,  5.0000000000000000E-01,  0.0000000000000000E+00,  0.0000000000000000E+00,  4.2490271057335654E+01,  0.0000000000000000E+00,  0.0000000000000000E+00,  0.0000000000000000E+00,250,250,  5.0399999999999751E-04,  0.0000000000000000E+00, -1.0000000000000000E+02
1,1,0,  2.0000000000000000E-03,  5.9999999999999998E-01,  0.0000000000000000E+00, -4.4582107289564021E-02,  4.2445688950046090E+01, -4.4582107289564021E-02,  3.7838468350868126E+01, -1.2523315717771767E-16,437,437,  7.0899999999999436E-04,  0.0000000000000000E+00, -1.0000000000000000E+02
1,1,0,  2.0000000000000000E-03,  7.0000000000000007E-01,  0.0000000000000000E+00, -8.6744293113817150E-02,  4.2403526764221837E+01, -8.6744293113817150E-02,  3.7938485386929131E+01,  9.3286489644128784E-17,587,587,  8.8599999999999790E-04,  0.0000000000000000E+00, -1.0000000000000000E+02
1,1,0,  2.0000000000000000E-03,  8.0000000000000004E-01,  0.0000000000000000E+00, -1.2714780015193128E-01,  4.2363123257183723E+01, -1.2714780015193128E-01,  3.8016969200083125E+01,  6.5325522768944215E-16,737,737,  1.0629999999999945E-03,  0.0000000000000000E+00, -1.0000000000000000E+02
1,1,0,  2.0000000000000000E-03,  9.0000000000000002E-01,  0.0000000000000000E+00, -1.6612010837788915E-01,  4.2324150948957765E+01, -1.6612010837788915E-01,  3.8083749602609025E+01,  6.4920291364956030E-16,893,893,  1.2599999999999972E-03,  0.0000000000000000E+00, -1.0000000000000000E+02
1,1,0,  2.0000000000000000E-03,  1.0000000000000000E+00,  0.0000000000000000E+00, -2.0376123625647580E-01,  4.2286509821079179E+01, -2.0376123625647580E-01,  3.8147519789788888E+01, -6.7890137955828327E-17,1074,1074,  1.5539999999999998E-03,  0.0000000000000000E+00, -1.0000000000000000E+02
1,1,0,  1.0000000000000000E-03,  1.0000000000000001E-01,  0.0000000000000000E+00,  0.0000000000000000E+00,  4.2490271057335654E+01,  0.0000000000000000E+00,  0.0000000000000000E+00,  0.0000000000000000E+00,100,100,  1.9000000000000267E-04,  0.0000000000000000E+00, -1.0000000000000000E+02
1,1,0,  1.0000000000000000E-03,  2.0000000000000001E-01,  0.0000000000000000E+00,  0.0000000000000000E+00,  4.2490271057335654E+01,  0.0000000000000000E+00,  0.0000000000000000E+00,  0.0000000000000000E+00,200,200,  3.8099999999999939E-04,  0.0000000000000000E+00, -1.0000000000000000E+02
1,1,0,  1.0000000000000000E-03,  2.9999999999999999E-01,  0.0000000000000000E+00,  0.0000000000000000E+00,  4.2490271057335654E+01,  0.0000000000000000E+00,  0.0000000000000000E+00,  0.0000000000000000E+00,300,300,  5.7200000000000306E-04,  0.0000000000000000E+00, -1.0000000000000000E+02
1,1,0,  1.0000000000000000E-03,  4.0000000000000002E-01,  0.0000000000000000E+00,  0.0000000000000000E+00,  4.2490271057335654E+01,  0.0000000000000000E+00,  0.0000000000000000E+00,  0.0000000000000000E+00,400,400,  7.8399999999999997E-04,  0.0000000000000000E+00, -1.0000000000000000E+02
1,1,0,  1.0000000000000000E-03,  5.0000000000000000E-01,  0.0000000000000000E+00,  0.0000000000000000E+00,  4.2490271057335654E+01,  0.0000000000000000E+00,  0.0000000000000000E+00,  0.0000000000000000E+00,500,500,  9.8700000000000176E-04,  0.0000000000000000E+00, -1.0000000000000000E+02
1,1,0,  1.0000000000000000E-03,  5.9999999999999998E-01,  0.0000000000000000E+00, -4.4585888830027898E-02,  4.2445685168505626E+01, -4.4585888830027898E-02,  3.7838905124774790E+01, -4.8647197381512800E-16,836,836,  1.5939999999999982E-03,  0.0000000000000000E+00, -1.0000000000000000E+02
1,1,0,  1.0000000000000000E-03,  7.0000000000000007E-01,  0.0000000000000000E+00, -8.6749959659812248E-02,  4.2403521097675842E+01, -8.6749959659812248E-02,  3.7938864564334772E+01,  4.2398029531653950E-16,1136,1136,  1.9749999999999976E-03,  0.0000000000000000E+00, -1.0000000000000000E+02
1,1,0,  1.0000000000000000E-03,  8.0000000000000004E-01,  0.0000000000000000E+00, -1.2715417308259447E-01,  4.2363116884253060E+01, -1.2715417308259447E-01,  3.8017304992515982E+01, -8.0524475976062605E-16,1436,1436,  2.3410000000000028E-03,  0.0000000000000000E+00, -1.0000000000000000E+02
1,1,0,  1.0000000000000000E-03,  9.0000000000000002E-01,  0.0000000000000000E+00, -1.6612617624048909E-01,  4.2324144881095165E+01, -1.6612617624048909E-01,  3.8084550401522577E+01, -5.6010751592339147E-16,1745,1745,  2.6979999999999990E-03,  0.0000000000000000E+00, -1.0000000000000000E+02
1,1,0,  1.0000000000000000E-03,  1.0000000000000000E+00,  0.0000000000000000E+00, -2.0376370289707779E-01,  4.2286507354438577E+01, -2.0376370289707779E-01,  3.8147918887820140E+01, -1.1922962617205713E-15,2065,2065,  3.1009999999999996E-03,  0.0000000000000000E+00, -1.0000000000000000E+02
1,1,0,  5.0000000000000001E-04,  1.0000000000000001E-01,  0.0000000000000000E+00,  0.0000000000000000E+00,  4.2490271057335654E+01,  0.0000000000000000E+00,  0.0000000000000000E+00,  0.0000000000000000E+00,200,200,  4.2999999999999983E-04,  0.0000000000000000E+00, -1.0000000000000000E+02
1,1,0,  5.0000000000000001E-04,  2.0000000000000001E-01,  0.0000000000000000E+00,  0.0000000000000000E+00,  4.2490271057335654E+01,  0.0000000000000000E+00,  0.0000000000000000E+00,  0.0000000000000000E+00,400,400,  8.3500000000000241E-04,  0.0000000000000000E+00, -1.0000000000000000E+02
1,1,0,  5.0000000000000001E-04,  2.9999999999999999E-01,  0.0000000000000000E+00,  0.0000000000000000E+00,  4.2490271057335654E+01,  0.0000000000000000E+00,  0.0000000000000000E+00,  0.0000000000000000E+00,600,600,  1.2139999999999998E-03,  0.0000000000000000E+00, -1.0000000000000000E+02
1,1,0,  5.0000000000000001E-04,  4.0000000000000002E-01,  0.0000000000000000E+00,  0.0000000000000000E+00,  4.2490271057335654E+01,  0.0000000000000000E+00,  0.0000000000000000E+00,  0.0000000000000000E+00,800,800,  1.5929999999999972E-03,  0.0000000000000000E+00, -1.0000000000000000E+02
1,1,0,  5.0000000000000001E-04,  5.0000000000000000E-01,  0.0000000000000000E+00,  0.0000000000000000E+00,  4.2490271057335654E+01,  0.0000000000000000E+00,  0.0000000000000000E+00,  0.0000000000000000E+00,1000,1000,  1.9839999999999997E-03,  0.0000000000000000E+00, -1.0000000000000000E+02
1,1,0,  5.0000000000000001E-04,  5.9999999999999998E-01,  0.0000000000000000E+00, -4.4587822067441607E-02,  4.2445683235268213E+01, -4.4587822067441607E-02,  3.7839123283880326E+01, -3.2984032172223013E-16,1630,1630,  2.7130000000000001E-03,  0.0000000000000000E+00, -1.0000000000000000E+02
1,1,0,  5.0000000000000001E-04,  7.0000000000000007E-01,  0.0000000000000000E+00, -8.6752835484084301E-02,  4.2403518221851570E+01, -8.6752835484084301E-02,  3.7939054219097052E+01, -9.9226876715263760E-16,2230,2230,  3.4210000000000004E-03,  0.0000000000000000E+00, -1.0000000000000000E+02
1,1,0,  5.0000000000000001E-04,  8.0000000000000004E-01,  0.0000000000000000E+00, -1.2715739902910883E-01,  4.2363113658306546E+01, -1.2715739902910883E-01,  3.8017472986897481E+01, -8.7822804584192228E-16,2830,2830,  4.1269999999999987E-03,  0.0000000000000000E+00, -1.0000000000000000E+02
1,1,0,  5.0000000000000001E-04,  9.0000000000000002E-01,  0.0000000000000000E+00, -1.6612947217071650E-01,  4.2324141585164938E+01, -1.6612947217071650E-01,  3.8084871922549112E+01,  5.4606319466188323E-16,3449,3449,  4.8559999999999992E-03,  0.0000000000000000E+00, -1.0000000000000000E+02
1,1,0,  5.0000000000000001E-04,  1.0000000000000000E+00,  0.0000000000000000E+00, -2.0376528787966208E-01,  4.2286505769455992E+01, -2.0376528787966208E-01,  3.8148119124176645E+01,  1.5011880627469054E-15,4055,4055,  5.7880000000000015E-03,  0.0000000000000000E+00, -1.0000000000000000E+02
1,1,1,  2.0000000000000000E-03,  1.0000000000000001E-01,  1.0216930335825498E-01,  7.5492078758368497E-02,  4.2463593832735768E+01, -2.6677224599886529E-02,  1.1720010385686635E+01, -8.4757201257446011E-16,151,151,  1.8200000000000160E-04,  1.0216930335825498E-01, -9.7956613932834898E+01
1,1,1,  2.0000000000000000E-03,  2.0000000000000001E-01,  2.0249373224842732E-01,  1.5175627994017266E-01,  4.2439533605027400E+01, -5.0737452308254660E-02,  1.2020312789732927E+01, -4.3579029274098959E-16,337,337,  4.0499999999999564E-04,  2.0249373224842732E-01, -9.5950125355031460E+01
1,1,1,  2.0000000000000000E-03,  2.9999999999999999E-01,  3.0193210978708390E-01,  2.2860423417548742E-01,  4.2416943181724058E+01, -7.3327875611596482E-02,  1.2233602482259762E+01,  2.0200507933054725E-16,487,487,  6.0299999999999937E-04,  3.0193210978708390E-01, -9.3961357804258327E+01
1,1,1,  2.0000000000000000E-03,  4.0000000000000002E-01,  4.0011702123863763E-01,  3.0535309616500178E-01,  4.2395507132262019E+01, -9.4763925073635846E-02,  1.2395021087871285E+01,  8.4549034440328796E-16,637,637,  7.9999999999999516E-04,  4.0011702123863763E-01, -9.1997659575227246E+01
1,1,1,  2.0000000000000000E-03,  5.0000000000000000E-01,  4.9707497732333156E-01,  3.8183771615224277E-01,  4.2375033796164566E+01, -1.1523726117108879E-01,  1.2529665848054712E+01, -5.2546855755508665E-16,787,787,  1.0089999999999960E-03,  4.9707497732333156E-01, -9.0058500453533370E+01
1,1,1,  2.0000000000000000E-03,  5.9999999999999998E-01,  5.4129843057999327E-01,  3.7299442648913667E-01,  4.2321967053244798E+01, -1.6830400409085655E-01,  3.9582588296282644E+01,  1.1957101975212935E-16,992,992,  1.2570000000000012E-03,  5.4129843057999327E-01, -8.9174031388400138E+01
1,1,1,  2.0000000000000000E-03,  7.0000000000000007E-01,  5.8245396155399287E-01,  3.6537493554471256E-01,  4.2273192031326374E+01, -2.1707902600928008E-01,  3.9649226963438245E+01, -8.9842022710229230E-16,1155,1155,  1.4949999999999963E-03,  5.8245396155399287E-01, -8.8350920768920147E+01
1,1,1,  2.0000000000000000E-03,  8.0000000000000004E-01,  6.2217678611139771E-01,  3.5885635807999799E-01,  4.2226950629304255E+01, -2.6332042803139899E-01,  3.9695751509464735E+01,  1.2943812688348543E-15,1305,1305,  1.7049999999999982E-03,  6.2217678611139771E-01, -8.7556464277772051E+01
1,1,1,  2.0000000000000000E-03,  9.0000000000000002E-01,  6.6071775325153337E-01,  3.5315380376669503E-01,  4.2182707107850817E+01, -3.0756394948483745E-01,  3.9731960278830613E+01,  9.6259111792562628E-16,1455,1455,  1.9290000000000002E-03,  6.6071775325153337E-01, -8.6785644934969326E+01
1,1,1,  2.0000000000000000E-03,  1.0000000000000000E+00,  6.9822368803893398E-01,  3.4810536624221883E-01,  4.2140152735538940E+01, -3.5011832179671387E-01,  3.9761724553087049E+01, -7.5262018839339361E-16,1605,1605,  2.1389999999999951E-03,  6.9822368803893398E-01, -8.6035526239221326E+01
1,1,1,  1.0000000000000000E-03,  1.0000000000000001E-01,  1.0197330174407507E-01,  7.5368520600982744E-02,  4.2463666276192562E+01, -2.6604781143092282E-02,  1.1718520008670517E+01,  1.3841289225879906E-15,301,301,  3.6000000000000615E-04,  1.0197330174407507E-01, -9.7960533965118501E+01
1,1,1,  1.0000000000000000E-03,  2.0000000000000001E-01,  2.0229414775408797E-01,  1.5162652914487010E-01,  4.2439603438726436E+01, -5.0667618609217868E-02,  1.2019813487713634E+01, -2.4952262478450394E-16,631,631,  7.8100000000000391E-04,  2.0229414775408797E-01, -9.5954117044918235E+01
1,1,1,  1.0000000000000000E-03,  2.9999999999999999E-01,  3.0172903201534623E-01,  2.2846902052968845E-01,  4.2417011045849996E+01, -7.3260011485658083E-02,  1.2233117458540988E+01, -7.6443018581784370E-16,931,931,  1.1720000000000064E-03,  3.0172903201534623E-01, -9.3965419359693072E+01
1,1,1,  1.0000000000000000E-03,  4.0000000000000002E-01,  3.9991024219394838E-01,  3.0521244940058695E-01,  4.2395573264542293E+01, -9.4697792793361657E-02,  1.2394566583020840E+01, -1.9669821327283897E-15,1231,1231,  1.5730000000000049E-03,  3.9991024219394838E-01, -9.2001795156121034E+01
1,1,1,  1.0000000000000000E-03,  5.0000000000000000E-01,  4.9686499864567607E-01,  3.8169214344579622E-01,  4.2375098202135774E+01, -1.1517285519988008E-01,  1.2529215073087926E+01,  6.6734118231437383E-16,1531,1531,  1.9890000000000047E-03,  4.9686499864567607E-01, -9.0062700027086478E+01
1,1,1,  1.0000000000000000E-03,  5.9999999999999998E-01,  5.4065179240311434E-01,  3.7252049237401902E-01,  4.2322139757306559E+01, -1.6813130002909560E-01,  3.9582619091631464E+01, -8.7979623586420531E-16,1888,1888,  2.4390000000000037E-03,  5.4065179240311434E-01, -8.9186964151937715E+01
1,1,1,  1.0000000000000000E-03,  7.0000000000000007E-01,  5.8180343089530584E-01,  3.6489531496906885E-01,  4.2273362941409417E+01, -2.1690811592623760E-01,  3.9649284793900726E+01,  9.5300156655042665E-16,2188,2188,  2.8670000000000015E-03,  5.8180343089530584E-01, -8.8363931382093881E+01
1,1,1,  1.0000000000000000E-03,  8.0000000000000004E-01,  6.2152439296161854E-01,  3.5837328830695808E-01,  4.2227119952680994E+01, -2.6315110465466063E-01,  3.9695811906175180E+01,  6.9817762682333747E-16,2488,2488,  3.2960000000000003E-03,  6.2152439296161854E-01, -8.7569512140767628E+01
1,1,1,  1.0000000000000000E-03,  9.0000000000000002E-01,  6.6006468352694481E-01,  3.5266831815314015E-01,  4.2182874691961850E+01, -3.0739636537380477E-01,  3.9732019976508845E+01,  7.6201545073928399E-16,2788,2788,  3.7230000000000041E-03,  6.6006468352694481E-01, -8.6798706329461112E+01
1,1,1,  1.0000000000000000E-03,  1.0000000000000000E+00,  6.9757072306000423E-01,  3.4761809737288801E-01,  4.2140318431648538E+01, -3.4995262568711638E-01,  3.9761784040924383E+01,  1.5592943602982247E-15,3088,3088,  4.1390000000000038E-03,  6.9757072306000423E-01, -8.6048585538799912E+01
1,1,1,  5.0000000000000001E-04,  1.0000000000000001E-01,  1.0187534041659708E-01,  7.5306743003032126E-02,  4.2463702459922089E+01, -2.6568597413564987E-02,  1.1717776579457372E+01, -5.3655691001353039E-16,601,601,  7.2300000000000142E-04,  1.0187534041659708E-01, -9.7962493191668059E+01
1,1,1,  5.0000000000000001E-04,  2.0000000000000001E-01,  2.0219438168847281E-01,  1.5156164533411370E-01,  4.2439638320981295E+01, -5.0632736354359054E-02,  1.2019565258102126E+01,  4.5963927108871871E-16,1226,1226,  1.5099999999999975E-03,  2.0219438168847281E-01, -9.5956112366230542E+01
1,1,1,  5.0000000000000001E-04,  2.9999999999999999E-01,  3.0162751739629162E-01,  2.2840140866227981E-01,  4.2417044948601642E+01, -7.3226108734012030E-02,  1.2232876359657737E+01,  2.7986640782629023E-16,1826,1826,  2.2969999999999935E-03,  3.0162751739629162E-01, -9.3967449652074166E+01
1,1,1,  5.0000000000000001E-04,  4.0000000000000002E-01,  3.9980687412865057E-01,  3.0514212317849920E-01,  4.2395606306385503E+01, -9.4664750950151699E-02,  1.2394340326099240E+01,  5.6017690486243057E-17,2426,2426,  3.0990000000000045E-03,  3.9980687412865057E-01, -9.2003862517426995E+01
1,1,1,  5.0000000000000001E-04,  5.0000000000000000E-01,  4.9676002898046945E-01,  3.8161935600333596E-01,  4.2375130384358521E+01, -1.1514067297713382E-01,  1.2528990371258587E+01,  7.2691158647941734E-16,3026,3026,  3.8880000000000026E-03,  4.9676002898046945E-01, -9.0064799420390614E+01
1,1,1,  5.0000000000000001E-04,  5.9999999999999998E-01,  5.4032889125196337E-01,  3.7228318459124393E-01,  4.2322225350674934E+01, -1.6804570666072038E-01,  3.9582635772527048E+01,  7.4269063121690238E-16,3665,3665,  4.9659999999999982E-03,  5.4032889125196337E-01, -8.9193422174960730E+01
1,1,1,  5.0000000000000001E-04,  7.0000000000000007E-01,  5.8147855137815230E-01,  3.6465519967987203E-01,  4.2273447705637373E+01, -2.1682335169828093E-01,  3.9649315675753584E+01, -5.9246357819731085E-16,4265,4265,  5.8470000000000050E-03,  5.8147855137815230E-01, -8.8370428972436954E+01
1,1,1,  5.0000000000000001E-04,  8.0000000000000004E-01,  6.2119855447071415E-01,  3.5813147967128478E-01,  4.2227203982536224E+01, -2.6306707479943015E-01,  3.9695843493685963E+01,  5.1408183265877485E-16,4865,4865,  6.7549999999999971E-03,  6.2119855447071415E-01, -8.7576028910585720E+01
1,1,1,  5.0000000000000001E-04,  9.0000000000000002E-01,  6.5973848544981639E-01,  3.5242532458229509E-01,  4.2182957896468132E+01, -3.0731316086752258E-01,  3.9732050860132397E+01,  3.9731412604382399E-16,5465,5465,  7.7279999999999988E-03,  6.5973848544981639E-01, -8.6805230291003667E+01
1,1,1,  5.0000000000000001E-04,  1.0000000000000000E+00,  6.9724456001531510E-01,  3.4737422986626404E-01,  4.2140400727186602E+01, -3.4987033014905222E-01,  3.9761814600913631E+01, -1.5401707686990563E-15,6065,6065,  8.6600000000000010E-03,  6.9724456001531510E-01, -8.6055108799693699E+01
1,1,2,  2.0000000000000000E-03,  1.0000000000000001E-01,  1.0216930335825498E-01,  7.5492078758368497E-02,  4.2463593832735768E+01, -2.6677224599886529E-02,  1.1720010385686635E+01, -8.4757201257446011E-16,151,151,  1.7999999999999960E-04,  1.0216930335825498E-01, -9.7956613932834898E+01
1,1,2,  2.0000000000000000E-03,  2.0000000000000001E-01,  2.0249373224842732E-01,  1.5175627994017266E-01,  4.2439533605027400E+01, -5.0737452308254660E-02,  1.2020312789732927E+01, -4.3579029274098959E-16,337,337,  4.0400000000000158E-04,  2.0249373224842732E-01, -9.5950125355031460E+01
1,1,2,  2.0000000000000000E-03,  2.9999999999999999E-01,  3.0193210978708390E-01,  2.2860423417548742E-01,  4.2416943181724058E+01, -7.3327875611596482E-02,  1.2233602482259762E+01,  2.0200507933054725E-16,487,487,  6.0300000000000631E-04,  3.0193210978708390E-01, -9.3961357804258327E+01
1,1,2,  2.0000000000000000E-03,  4.0000000000000002E-01,  4.0011702123863763E-01,  3.0535309616500178E-01,  4.2395507132262019E+01, -9.4763925073635846E-02,  1.2395021087871285E+01,  8.4549034440328796E-16,637,637,  8.4299999999999653E-04,  4.0011702123863763E-01, -9.1997659575227246E+01
1,1,2,  2.0000000000000000E-03,  5.0000000000000000E-01,  4.9707497732333156E-01,  3.8183771615224277E-01,  4.2375033796164566E+01, -1.1523726117108879E-01,  1.2529665848054712E+01, -5.2546855755508665E-16,787,787,  1.0759999999999936E-03,  4.9707497732333156E-01, -9.0058500453533370E+01
1,1,2,  2.0000000000000000E-03,  5.9999999999999998E-01,  5.4129843057999327E-01,  3.7299442648913667E-01,  4.2321967053244798E+01, -1.6830400409085655E-01,  3.9582588296282644E+01,  1.1957101975212935E-16,992,992,  1.3340000000000019E-03,  5.4129843057999327E-01, -8.9174031388400138E+01
1,1,2,  2.0000000000000000E-03,  7.0000000000000007E-01,  5.8245396155399287E-01,  3.6537493554471256E-01,  4.2273192031326374E+01, -2.1707902600928008E-01,  3.9649226963438245E+01, -8.9842022710229230E-16,1155,1155,  1.5560000000000018E-03,  5.8245396155399287E-01, -8.8350920768920147E+01
1,1,2,  2.0000000000000000E-03,  8.0000000000000004E-01,  6.2217678611139771E-01,  3.5885635807999799E-01,  4.2226950629304255E+01, -2.6332042803139899E-01,  3.9695751509464735E+01,  1.2943812688348543E-15,1305,1305,  1.7749999999999988E-03,  6.2217678611139771E-01, -8.7556464277772051E+01
1,1,2,  2.0000000000000000E-03,  9.0000000000000002E-01,  6.6071775325153337E-01,  3.5315380376669503E-01,  4.2182707107850817E+01, -3.0756394948483745E-01,  3.9731960278830613E+01,  9.6259111792562628E-16,1455,1455,  2.1189999999999959E-03,  6.6071775325153337E-01, -8.6785644934969326E+01
1,1,2,  2.0000000000000000E-03,  1.0000000000000000E+00,  6.9822368803893398E-01,  3.4810536624221883E-01,  4.2140152735538940E+01, -3.5011832179671387E-01,  3.9761724553087049E+01, -7.5262018839339361E-16,1605,1605,  2.9990000000000017E-03,  6.9822368803893398E-01, -8.6035526239221326E+01
1,1,2,  1.0000000000000000E-03,  1.0000000000000001E-01,  1.0197330174407507E-01,  7.5368520600982744E-02,  4.2463666276192562E+01, -2.6604781143092282E-02,  1.1718520008670517E+01,  1.3841289225879906E-15,301,301,  3.6200000000000121E-04,  1.0197330174407507E-01, -9.7960533965118501E+01
1,1,2,  1.0000000000000000E-03,  2.0000000000000001E-01,  2.0229414775408797E-01,  1.5162652914487010E-01,  4.2439603438726436E+01, -5.0667618609217868E-02,  1.2019813487713634E+01, -2.4952262478450394E-16,631,631,  7.7299999999999591E-04,  2.0229414775408797E-01, -9.5954117044918235E+01
1,1,2,  1.0000000000000000E-03,  2.9999999999999999E-01,  3.0172903201534623E-01,  2.2846902052968845E-01,  4.2417011045849996E+01, -7.3260011485658083E-02,  1.2233117458540988E+01, -7.6443018581784370E-16,931,931,  1.2859999999999955E-03,  3.0172903201534623E-01, -9.3965419359693072E+01
1,1,2,  1.0000000000000000E-03,  4.0000000000000002E-01,  3.9991024219394838E-01,  3.0521244940058695E-01,  4.2395573264542293E+01, -9.4697792793361657E-02,  1.2394566583020840E+01, -1.9669821327283897E-15,1231,1231,  1.7490000000000006E-03,  3.9991024219394838E-01, -9.2001795156121034E+01
1,1,2,  1.0000000000000000E-03,  5.0000000000000000E-01,  4.9686499864567607E-01,  3.8169214344579622E-01,  4.2375098202135774E+01, -1.1517285519988008E-01,  1.2529215073087926E+01,  6.6734118231437383E-16,1531,1531,  2.1849999999999925E-03,  4.9686499864567607E-01, -9.0062700027086478E+01
1,1,2,  1.0000000000000000E-03,  5.9999999999999998E-01,  5.4065179240311434E-01,  3.7252049237401902E-01,  4.2322139757306559E+01, -1.6813130002909560E-01,  3.9582619091631464E+01, -8.7979623586420531E-16,1888,1888,  2.6370000000000005E-03,  5.4065179240311434E-01, -8.9186964151937715E+01
1,1,2,  1.0000000000000000E-03,  7.0000000000000007E-01,  5.8180343089530584E-01,  3.6489531496906885E-01,  4.2273362941409417E+01, -2.1690811592623760E-01,  3.9649284793900726E+01,  9.5300156655042665E-16,2188,2188,  3.0680000000000013E-03,  5.8180343089530584E-01, -8.8363931382093881E+01
1,1,2,  1.0000000000000000E-03,  8.0000000000000004E-01,  6.2152439296161854E-01,  3.5837328830695808E-01,  4.2227119952680994E+01, -2.6315110465466063E-01,  3.9695811906175180E+01,  6.9817762682333747E-16,2488,2488,  3.5869999999999930E-03,  6.2152439296161854E-01, -8.7569512140767628E+01
1,1,2,  1.0000000000000000E-03,  9.0000000000000002E-01,  6.6006468352694481E-01,  3.5266831815314015E-01,  4.2182874691961850E+01, -3.0739636537380477E-01,  3.9732019976508845E+01,  7.6201545073928399E-16,2788,2788,  4.0319999999999939E-03,  6.6006468352694481E-01, -8.6798706329461112E+01
1,1,2,  1.0000000000000000E-03,  1.0000000000000000E+00,  6.9757072306000423E-01,  3.4761809737288801E-01,  4.2140318431648538E+01, -3.4995262568711638E-01,  3.9761784040924383E+01,  1.5592943602982247E-15,3088,3088,  4.4499999999999956E-03,  6.9757072306000423E-01, -8.6048585538799912E+01
1,1,2,  5.0000000000000001E-04,  1.0000000000000001E-01,  1.0187534041659708E-01,  7.5306743003032126E-02,  4.2463702459922089E+01, -2.6568597413564987E-02,  1.1717776579457372E+01, -5.3655691001353039E-16,601,601,  8.1400000000000916E-04,  1.0187534041659708E-01, -9.7962493191668059E+01
1,1,2,  5.0000000000000001E-04,  2.0000000000000001E-01,  2.0219438168847281E-01,  1.5156164533411370E-01,  4.2439638320981295E+01, -5.0632736354359054E-02,  1.2019565258102126E+01,  4.5963927108871871E-16,1226,1226,  1.6170000000000073E-03,  2.0219438168847281E-01, -9.5956112366230542E+01
1,1,2,  5.0000000000000001E-04,  2.9999999999999999E-01,  3.0162751739629162E-01,  2.2840140866227981E-01,  4.2417044948601642E+01, -7.3226108734012030E-02,  1.2232876359657737E+01,  2.7986640782629023E-16,1826,1826,  2.9640000000000083E-03,  3.0162751739629162E-01, -9.3967449652074166E+01
1,1,2,  5.0000000000000001E-04,  4.0000000000000002E-01,  3.9980687412865057E-01,  3.0514212317849920E-01,  4.2395606306385503E+01, -9.4664750950151699E-02,  1.2394340326099240E+01,  5.6017690486243057E-17,2426,2426,  3.8410000000000111E-03,  3.9980687412865057E-01, -9.2003862517426995E+01
1,1,2,  5.0000000000000001E-04,  5.0000000000000000E-01,  4.9676002898046945E-01,  3.8161935600333596E-01,  4.2375130384358521E+01, -1.1514067297713382E-01,  1.2528990371258587E+01,  7.2691158647941734E-16,3026,3026,  4.6360000000000012E-03,  4.9676002898046945E-01, -9.0064799420390614E+01
1,1,2,  5.0000000000000001E-04,  5.9999999999999998E-01,  5.4032889125196337E-01,  3.7228318459124393E-01,  4.2322225350674934E+01, -1.6804570666072038E-01,  3.9582635772527048E+01,  7.4269063121690238E-16,3665,3665,  5.4930000000000118E-03,  5.4032889125196337E-01, -8.9193422174960730E+01
1,1,2,  5.0000000000000001E-04,  7.0000000000000007E-01,  5.8147855137815230E-01,  3.6465519967987203E-01,  4.2273447705637373E+01, -2.1682335169828093E-01,  3.9649315675753584E+01, -5.9246357819731085E-16,4265,4265,  6.3230000000000092E-03,  5.8147855137815230E-01, -8.8370428972436954E+01
1,1,2,  5.0000000000000001E-04,  8.0000000000000004E-01,  6.2119855447071415E-01,  3.5813147967128478E-01,  4.2227203982536224E+01, -2.6306707479943015E-01,  3.9695843493685963E+01,  5.1408183265877485E-16,4865,4865,  7.1920000000000039E-03,  6.2119855447071415E-01, -8.7576028910585720E+01
1,1,2,  5.0000000000000001E-04,  9.0000000000000002E-01,  6.5973848544981639E-01,  3.5242532458229509E-01,  4.2182957896468132E+01, -3.0731316086752258E-01,  3.9732050860132397E+01,  3.9731412604382399E-16,5465,5465,  8.0380000000000035E-03,  6.5973848544981639E-01, -8.6805230291003667E+01
1,1,2,  5.0000000000000001E-04,  1.0000000000000000E+00,  6.9724456001531510E-01,  3.4737422986626404E-01,  4.2140400727186602E+01, -3.4987033014905222E-01,  3.9761814600913631E+01, -1.5401707686990563E-15,6065,6065,  9.1060000000000030E-03,  6.9724456001531510E-01, -8.6055108799693699E+01
1,2,0,  2.0000000000000000E-03,  1.0000000000000001E-01,  0.0000000000000000E+00,  0.0000000000000000E+00,  4.2490271057335654E+01,  0.0000000000000000E+00,  0.0000000000000000E+00,  0.0000000000000000E+00,50,50,  9.3999999999996864E-05,  4.0000000000000000E+00, -2.0000000000000000E+01
1,2,0,  2.0000000000000000E-03,  2.0000000000000001E-01,  0.0000000000000000E+00,  0.0000000000000000E+00,  4.2490271057335654E+01,  0.0000000000000000E+00,  0.0000000000000000E+00,  0.0000000000000000E+00,100,100,  2.4400000000000810E-04,  4.0000000000000000E+00, -2.0000000000000000E+01
1,2,0,  2.0000000000000000E-03,  2.9999999999999999E-01,  0.0000000000000000E+00,  0.0000000000000000E+00,  4.2490271057335654E+01,  0.0000000000000000E+00,  0.0000000000000000E+00,  0.0000000000000000E+00,150,150,  3.9699999999999458E-04,  4.0000000000000000E+00, -2.0000000000000000E+01
1,2,0,  2.0000000000000000E-03,  4.0000000000000002E-01,  0.0000000000000000E+00,  0.0000000000000000E+00,  4.2490271057335654E+01,  0.0000000000000000E+00,  0.0000000000000000E+00,  0.0000000000000000E+00,200,200,  4.9599999999999644E-04,  4.0000000000000000E+00, -2.0000000000000000E+01
1,2,0,  2.0000000000000000E-03,  5.0000000000000000E-01,  0.0000000000000000E+00,  0.0000000000000000E+00,  4.2490271057335654E+01,  0.0000000000000000E+00,  0.0000000000000000E+00,  0.0000000000000000E+00,250,250,  5.9399999999999731E-04,  4.0000000000000000E+00, -2.0000000000000000E+01
1,2,0,  2.0000000000000000E-03,  5.9999999999999998E-01,  0.0000000000000000E+00, -4.4582107289564021E-02,  4.2445688950046090E+01, -4.4582107289564021E-02,  3.7838468350868126E+01, -1.2523315717771767E-16,437,437,  7.9800000000000704E-04,  4.0000000000000000E+00, -2.0000000000000000E+01
1,2,0,  2.0000000000000000E-03,  7.0000000000000007E-01,  0.0000000000000000E+00, -8.6744293113817150E-02,  4.2403526764221837E+01, -8.6744293113817150E-02,  3.7938485386929131E+01,  9.3286489644128784E-17,587,587,  9.7400000000000264E-04,  4.0000000000000000E+00, -2.0000000000000000E+01
1,2,0,  2.0000000000000000E-03,  8.0000000000000004E-01,  0.0000000000000000E+00, -1.2714780015193128E-01,  4.2363123257183723E+01, -1.2714780015193128E-01,  3.8016969200083125E+01,  6.5325522768944215E-16,737,737,  1.1499999999999982E-03,  4.0000000000000000E+00, -2.0000000000000000E+01
1,2,0,  2.0000000000000000E-03,  9.0000000000000002E-01,  0.0000000000000000E+00, -1.6612010837788915E-01,  4.2324150948957765E+01, -1.6612010837788915E-01,  3.8083749602609025E+01,  6.4920291364956030E-16,893,893,  1.5109999999999985E-03,  4.0000000000000000E+00, -2.0000000000000000E+01
1,2,0,  2.0000000000000000E-03,  1.0000000000000000E+00,  0.0000000000000000E+00, -2.0376123625647580E-01,  4.2286509821079179E+01, -2.0376123625647580E-01,  3.8147519789788888E+01, -6.7890137955828327E-17,1074,1074,  1.7830000000000068E-03,  4.0000000000000000E+00, -2.0000000000000000E+01
1,2,0,  1.0000000000000000E-03,  1.0000000000000001E-01,  0.0000000000000000E+00,  0.0000000000000000E+00,  4.2490271057335654E+01,  0.0000000000000000E+00,  0.0000000000000000E+00,  0.0000000000000000E+00,100,100,  2.9300000000000159E-04,  4.0000000000000000E+00, -2.0000000000000000E+01
1,2,0,  1.0000000000000000E-03,  2.0000000000000001E-01,  0.0000000000000000E+00,  0.0000000000000000E+00,  4.2490271057335654E+01,  0.0000000000000000E+00,  0.0000000000000000E+00,  0.0000000000000000E+00,200,200,  5.0999999999999657E-04,  4.0000000000000000E+00, -2.0000000000000000E+01
1,2,0,  1.0000000000000000E-03,  2.9999999999999999E-01,  0.0000000000000000E+00,  0.0000000000000000E+00,  4.2490271057335654E+01,  0.0000000000000000E+00,  0.0000000000000000E+00,  0.0000000000000000E+00,300,300,  7.0599999999999830E-04,  4.0000000000000000E+00, -2.0000000000000000E+01
1,2,0,  1.0000000000000000E-03,  4.0000000000000002E-01,  0.0000000000000000E+00,  0.0000000000000000E+00,  4.2490271057335654E+01,  0.0000000000000000E+00,  0.0000000000000000E+00,  0.0000000000000000E+00,400,400,  8.9699999999999502E-04,  4.0000000000000000E+00, -2.0000000000000000E+01
1,2,0,  1.0000000000000000E-03,  5.0000000000000000E-01,  0.0000000000000000E+00,  0.0000000000000000E+00,  4.2490271057335654E+01,  0.0000000000000000E+00,  0.0000000000000000E+00,  0.0000000000000000E+00,500,500,  1.1009999999999909E-03,  4.0000000000000000E+00, -2.0000000000000000E+01
1,2,0,  1.0000000000000000E-03,  5.9999999999999998E-01,  0.0000000000000000E+00, -4.4585888830027898E-02,  4.2445685168505626E+01, -4.4585888830027898E-02,  3.7838905124774790E+01, -4.8647197381512800E-16,836,836,  1.4769999999999922E-03,  4.0000000000000000E+00, -2.0000000000000000E+01
1,2,0,  1.0000000000000000E-03,  7.0000000000000007E-01,  0.0000000000000000E+00, -8.6749959659812248E-02,  4.2403521097675842E+01, -8.6749959659812248E-02,  3.7938864564334772E+01,  4.2398029531653950E-16,1136,1136,  1.8379999999999924E-03,  4.0000000000000000E+00, -2.0000000000000000E+01
1,2,0,  1.0000000000000000E-03,  8.0000000000000004E-01,  0.0000000000000000E+00, -1.2715417308259447E-01,  4.2363116884253060E+01, -1.2715417308259447E-01,  3.8017304992515982E+01, -8.0524475976062605E-16,1436,1436,  2.2389999999999910E-03,  4.0000000000000000E+00, -2.0000000000000000E+01
1,2,0,  1.0000000000000000E-03,  9.0000000000000002E-01,  0.0000000000000000E+00, -1.6612617624048909E-01,  4.2324144881095165E+01, -1.6612617624048909E-01,  3.8084550401522577E+01, -5.6010751592339147E-16,1745,1745,  2.6259999999999895E-03,  4.0000000000000000E+00, -2.0000000000000000E+01
1,2,0,  1.0000000000000000E-03,  1.0000000000000000E+00,  0.0000000000000000E+00, -2.0376370289707779E-01,  4.2286507354438577E+01, -2.0376370289707779E-01,  3.8147918887820140E+01, -1.1922962617205713E-15,2065,2065,  3.0159999999999909E-03,  4.0000000000000000E+00, -2.0000000000000000E+01
1,2,0,  5.0000000000000001E-04,  1.0000000000000001E-01,  0.0000000000000000E+00,  0.0000000000000000E+00,  4.2490271057335654E+01,  0.0000000000000000E+00,  0.0000000000000000E+00,  0.0000000000000000E+00,200,200,  3.7099999999999633E-04,  4.0000000000000000E+00, -2.0000000000000000E+01
1,2,0,  5.0000000000000001E-04,  2.0000000000000001E-01,  0.0000000000000000E+00,  0.0000000000000000E+00,  4.2490271057335654E+01,  0.0000000000000000E+00,  0.0000000000000000E+00,  0.0000000000000000E+00,400,400,  7.6199999999999879E-04,  4.0000000000000000E+00, -2.0000000000000000E+01
1,2,0,  5.0000000000000001E-04,  2.9999999999999999E-01,  0.0000000000000000E+00,  0.0000000000000000E+00,  4.2490271057335654E+01,  0.0000000000000000E+00,  0.0000000000000000E+00,  0.0000000000000000E+00,600,600,  1.1569999999999914E-03,  4.0000000000000000E+00, -2.0000000000000000E+01
1,2,0,  5.0000000000000001E-04,  4.0000000000000002E-01,  0.0000000000000000E+00,  0.0000000000000000E+00,  4.2490271057335654E+01,  0.0000000000000000E+00,  0.0000000000000000E+00,  0.0000000000000000E+00,800,800,  1.5529999999999988E-03,  4.0000000000000000E+00, -2.0000000000000000E+01
1,2,0,  5.0000000000000001E-04,  5.0000000000000000E-01,  0.0000000000000000E+00,  0.0000000000000000E+00,  4.2490271057335654E+01,  0.0000000000000000E+00,  0.0000000000000000E+00,  0.0000000000000000E+00,1000,1000,  1.9290000000000002E-03,  4.0000000000000000E+00, -2.0000000000000000E+01
1,2,0,  5.0000000000000001E-04,  5.9999999999999998E-01,  0.0000000000000000E+00, -4.4587822067441607E-02,  4.2445683235268213E+01, -4.4587822067441607E-02,  3.7839123283880326E+01, -3.2984032172223013E-16,1630,1630,  2.6530000000000026E-03,  4.0000000000000000E+00, -2.0000000000000000E+01
1,2,0,  5.0000000000000001E-04,  7.0000000000000007E-01,  0.0000000000000000E+00, -8.6752835484084301E-02,  4.2403518221851570E+01, -8.6752835484084301E-02,  3.7939054219097052E+01, -9.9226876715263760E-16,2230,2230,  3.3419999999999978E-03,  4.0000000000000000E+00, -2.0000000000000000E+01
1,2,0,  5.0000000000000001E-04,  8.0000000000000004E-01,  0.0000000000000000E+00, -1.2715739902910883E-01,  4.2363113658306546E+01, -1.2715739902910883E-01,  3.8017472986897481E+01, -8.7822804584192228E-16,2830,2830,  4.4259999999999994E-03,  4.0000000000000000E+00, -2.0000000000000000E+01
1,2,0,  5.0000000000000001E-04,  9.0000000000000002E-01,  0.0000000000000000E+00, -1.6612947217071650E-01,  4.2324141585164938E+01, -1.6612947217071650E-01,  3.8084871922549112E+01,  5.4606319466188323E-16,3449,3449,  5.2499999999999908E-03,  4.0000000000000000E+00, -2.0000000000000000E+01
1,2,0,  5.0000000000000001E-04,  1.0000000000000000E+00,  0.0000000000000000E+00, -2.0376528787966208E-01,  4.2286505769455992E+01, -2.0376528787966208E-01,  3.8148119124176645E+01,  1.5011880627469054E-15,4055,4055,  6.0539999999999899E-03,  4.0000000000000000E+00, -2.0000000000000000E+01
1,2,1,  2.0000000000000000E-03,  1.0000000000000001E-01,  0.0000000000000000E+00,  0.0000000000000000E+00,  4.2490271057335654E+01,  0.0000000000000000E+00,  0.0000000000000000E+00,  0.0000000000000000E+00,50,50,  1.7699999999999660E-04,  4.0000000000000000E+00, -2.0000000000000000E+01
1,2,1,  2.0000000000000000E-03,  2.0000000000000001E-01,  0.0000000000000000E+00,  0.0000000000000000E+00,  4.2490271057335654E+01,  0.0000000000000000E+00,  0.0000000000000000E+00,  0.0000000000000000E+00,100,100,  2.9799999999999272E-04,  4.0000000000000000E+00, -2.0000000000000000E+01
1,2,1,  2.0000000000000000E-03,  2.9999999999999999E-01,  0.0000000000000000E+00,  0.0000000000000000E+00,  4.2490271057335654E+01,  0.0000000000000000E+00,  0.0000000000000000E+00,  0.0000000000000000E+00,150,150,  5.1899999999999169E-04,  4.0000000000000000E+00, -2.0000000000000000E+01
1,2,1,  2.0000000000000000E-03,  4.0000000000000002E-01,  0.0000000000000000E+00,  0.0000000000000000E+00,  4.2490271057335654E+01,  0.0000000000000000E+00,  0.0000000000000000E+00,  0.0000000000000000E+00,200,200,  6.3900000000000068E-04,  4.0000000000000000E+00, -2.0000000000000000E+01
1,2,1,  2.0000000000000000E-03,  5.0000000000000000E-01,  0.0000000000000000E+00,  0.0000000000000000E+00,  4.2490271057335654E+01,  0.0000000000000000E+00,  0.0000000000000000E+00,  0.0000000000000000E+00,250,250,  7.5699999999999379E-04,  4.0000000000000000E+00, -2.0000000000000000E+01
1,2,1,  2.0000000000000000E-03,  5.9999999999999998E-01,  0.0000000000000000E+00, -4.4582107289564021E-02,  4.2445688950046090E+01, -4.4582107289564021E-02,  3.7838468350868126E+01, -1.2523315717771767E-16,437,437,  9.8199999999999676E-04,  4.0000000000000000E+00, -2.0000000000000000E+01
1,2,1,  2.0000000000000000E-03,  7.0000000000000007E-01,  0.0000000000000000E+00, -8.6744293113817150E-02,  4.2403526764221837E+01, -8.6744293113817150E-02,  3.7938485386929131E+01,  9.3286489644128784E-17,587,587,  1.1810000000000015E-03,  4.0000000000000000E+00, -2.0000000000000000E+01
1,2,1,  2.0000000000000000E-03,  8.0000000000000004E-01,  0.0000000000000000E+00, -1.2714780015193128E-01,  4.2363123257183723E+01, -1.2714780015193128E-01,  3.8016969200083125E+01,  6.5325522768944215E-16,737,737,  1.4669999999999961E-03,  4.0000000000000000E+00, -2.0000000000000000E+01
1,2,1,  2.0000000000000000E-03,  9.0000000000000002E-01,  0.0000000000000000E+00, -1.6612010837788915E-01,  4.2324150948957765E+01, -1.6612010837788915E-01,  3.8083749602609025E+01,  6.4920291364956030E-16,893,893,  1.6739999999999949E-03,  4.0000000000000000E+00, -2.0000000000000000E+01
1,2,1,  2.0000000000000000E-03,  1.0000000000000000E+00,  0.0000000000000000E+00, -2.0376123625647580E-01,  4.2286509821079179E+01, -2.0376123625647580E-01,  3.8147519789788888E+01, -6.7890137955828327E-17,1074,1074,  1.9089999999999940E-03,  4.0000000000000000E+00, -2.0000000000000000E+01
1,2,1,  1.0000000000000000E-03,  1.0000000000000001E-01,  0.0000000000000000E+00,  0.0000000000000000E+00,  4.2490271057335654E+01,  0.0000000000000000E+00,  0.0000000000000000E+00,  0.0000000000000000E+00,100,100,  3.3699999999999009E-04,  4.0000000000000000E+00, -2.0000000000000000E+01
1,2,1,  1.0000000000000000E-03,  2.0000000000000001E-01,  0.0000000000000000E+00,  0.0000000000000000E+00,  4.2490271057335654E+01,  0.0000000000000000E+00,  0.0000000000000000E+00,  0.0000000000000000E+00,200,200,  6.2399999999999956E-04,  4.0000000000000000E+00, -2.0000000000000000E+01
1,2,1,  1.0000000000000000E-03,  2.9999999999999999E-01,  0.0000000000000000E+00,  0.0000000000000000E+00,  4.2490271057335654E+01,  0.0000000000000000E+00,  0.0000000000000000E+00,  0.0000000000000000E+00,300,300,  8.5599999999999565E-04,  4.0000000000000000E+00, -2.0000000000000000E+01
1,2,1,  1.0000000000000000E-03,  4.0000000000000002E-01,  0.0000000000000000E+00,  0.0000000000000000E+00,  4.2490271057335654E+01,  0.0000000000000000E+00,  0.0000000000000000E+00,  0.0000000000000000E+00,400,400,  1.1049999999999949E-03,  4.0000000000000000E+00, -2.0000000000000000E+01
1,2,1,  1.0000000000000000E-03,  5.0000000000000000E-01,  0.0000000000000000E+00,  0.0000000000000000E+00,  4.2490271057335654E+01,  0.0000000000000000E+00,  0.0000000000000000E+00,  0.0000000000000000E+00,500,500,  1.3529999999999931E-03,  4.0000000000000000E+00, -2.0000000000000000E+01
1,2,1,  1.0000000000000000E-03,  5.9999999999999998E-01,  0.0000000000000000E+00, -4.4585888830027898E-02,  4.2445685168505626E+01, -4.4585888830027898E-02,  3.7838905124774790E+01, -4.8647197381512800E-16,836,836,  1.7910000000000009E-03,  4.0000000000000000E+00, -2.0000000000000000E+01
1,2,1,  1.0000000000000000E-03,  7.0000000000000007E-01,  0.0000000000000000E+00, -8.6749959659812248E-02,  4.2403521097675842E+01, -8.6749959659812248E-02,  3.7938864564334772E+01,  4.2398029531653950E-16,1136,1136,  2.1819999999999895E-03,  4.0000000000000000E+00, -2.0000000000000000E+01
1,2,1,  1.0000000000000000E-03,  8.0000000000000004E-01,  0.0000000000000000E+00, -1.2715417308259447E-01,  4.2363116884253060E+01, -1.2715417308259447E-01,  3.8017304992515982E+01, -8.0524475976062605E-16,1436,1436,  2.5969999999999882E-03,  4.0000000000000000E+00, -2.0000000000000000E+01
1,2,1,  1.0000000000000000E-03,  9.0000000000000002E-01,  0.0000000000000000E+00, -1.6612617624048909E-01,  4.2324144881095165E+01, -1.6612617624048909E-01,  3.8084550401522577E+01, -5.6010751592339147E-16,1745,1745,  2.9989999999999878E-03,  4.0000000000000000E+00, -2.0000000000000000E+01
1,2,1,  1.0000000000000000E-03,  1.0000000000000000E+00,  0.0000000000000000E+00, -2.0376370289707779E-01,  4.2286507354438577E+01, -2.0376370289707779E-01,  3.8147918887820140E+01, -1.1922962617205713E-15,2065,2065,  3.5599999999999937E-03,  4.0000000000000000E+00, -2.0000000000000000E+01
1,2,1,  5.0000000000000001E-04,  1.0000000000000001E-01,  0.0000000000000000E+00,  0.0000000000000000E+00,  4.2490271057335654E+01,  0.0000000000000000E+00,  0.0000000000000000E+00,  0.0000000000000000E+00,200,200,  4.5699999999999907E-04,  4.0000000000000000E+00, -2.0000000000000000E+01
1,2,1,  5.0000000000000001E-04,  2.0000000000000001E-01,  0.0000000000000000E+00,  0.0000000000000000E+00,  4.2490271057335654E+01,  0.0000000000000000E+00,  0.0000000000000000E+00,  0.0000000000000000E+00,400,400,  1.1440000000000061E-03,  4.0000000000000000E+00, -2.0000000000000000E+01
1,2,1,  5.0000000000000001E-04,  2.9999999999999999E-01,  0.0000000000000000E+00,  0.0000000000000000E+00,  4.2490271057335654E+01,  0.0000000000000000E+00,  0.0000000000000000E+00,  0.0000000000000000E+00,600,600,  1.6639999999999988E-03,  4.0000000000000000E+00, -2.0000000000000000E+01
1,2,1,  5.0000000000000001E-04,  4.0000000000000002E-01,  0.0000000000000000E+00,  0.0000000000000000E+00,  4.2490271057335654E+01,  0.0000000000000000E+00,  0.0000000000000000E+00,  0.0000000000000000E+00,800,800,  2.1560000000000051E-03,  4.0000000000000000E+00, -2.0000000000000000E+01
1,2,1,  5.0000000000000001E-04,  5.0000000000000000E-01,  0.0000000000000000E+00,  0.0000000000000000E+00,  4.2490271057335654E+01,  0.0000000000000000E+00,  0.0000000000000000E+00,  0.0000000000000000E+00,1000,1000,  2.6059999999999972E-03,  4.0000000000000000E+00, -2.0000000000000000E+01
1,2,1,  5.0000000000000001E-04,  5.9999999999999998E-01,  0.0000000000000000E+00, -4.4587822067441607E-02,  4.2445683235268213E+01, -4.4587822067441607E-02,  3.7839123283880326E+01, -3.2984032172223013E-16,1630,1630,  3.6370000000000013E-03,  4.0000000000000000E+00, -2.0000000000000000E+01
1,2,1,  5.0000000000000001E-04,  7.0000000000000007E-01,  0.0000000000000000E+00, -8.6752835484084301E-02,  4.2403518221851570E+01, -8.6752835484084301E-02,  3.7939054219097052E+01, -9.9226876715263760E-16,2230,2230,  4.4460000000000055E-03,  4.0000000000000000E+00, -2.0000000000000000E+01
1,2,1,  5.0000000000000001E-04,  8.0000000000000004E-01,  0.0000000000000000E+00, -1.2715739902910883E-01,  4.2363113658306546E+01, -1.2715739902910883E-01,  3.8017472986897481E+01, -8.7822804584192228E-16,2830,2830,  5.2350000000000035E-03,  4.0000000000000000E+00, -2.0000000000000000E+01
1,2,1,  5.0000000000000001E-04,  9.0000000000000002E-01,  0.0000000000000000E+00, -1.6612947217071650E-01,  4.2324141585164938E+01, -1.6612947217071650E-01,  3.8084871922549112E+01,  5.4606319466188323E-16,3449,3449,  6.0619999999999979E-03,  4.0000000000000000E+00, -2.0000000000000000E+01
1,2,1,  5.0000000000000001E-04,  1.0000000000000000E+00,  0.0000000000000000E+00, -2.0376528787966208E-01,  4.2286505769455992E+01, -2.0376528787966208E-01,  3.8148119124176645E+01,  1.5011880627469054E-15,4055,4055,  7.0660000000000028E-03,  4.0000000000000000E+00, -2.0000000000000000E+01
1,2,2,  2.0000000000000000E-03,  1.0000000000000001E-01,  0.0000000000000000E+00,  0.0000000000000000E+00,  4.2490271057335654E+01,  0.0000000000000000E+00,  0.0000000000000000E+00,  0.0000000000000000E+00,50,50,  1.1600000000000499E-04,  4.0000000000000000E+00, -2.0000000000000000E+01
1,2,2,  2.0000000000000000E-03,  2.0000000000000001E-01,  0.0000000000000000E+00,  0.0000000000000000E+00,  4.2490271057335654E+01,  0.0000000000000000E+00,  0.0000000000000000E+00,  0.0000000000000000E+00,100,100,  2.3399999999999810E-04,  4.0000000000000000E+00, -2.0000000000000000E+01
1,2,2,  2.0000000000000000E-03,  2.9999999999999999E-01,  0.0000000000000000E+00,  0.0000000000000000E+00,  4.2490271057335654E+01,  0.0000000000000000E+00,  0.0000000000000000E+00,  0.0000000000000000E+00,150,150,  3.5200000000000509E-04,  4.0000000000000000E+00, -2.0000000000000000E+01
1,2,2,  2.0000000000000000E-03,  4.0000000000000002E-01,  0.0000000000000000E+00,  0.0000000000000000E+00,  4.2490271057335654E+01,  0.0000000000000000E+00,  0.0000000000000000E+00,  0.0000000000000000E+00,200,200,  4.7099999999999920E-04,  4.0000000000000000E+00, -2.0000000000000000E+01
1,2,2,  2.0000000000000000E-03,  5.0000000000000000E-01,  0.0000000000000000E+00,  0.0000000000000000E+00,  4.2490271057335654E+01,  0.0000000000000000E+00,  0.0000000000000000E+00,  0.0000000000000000E+00,250,250,  5.8800000000000519E-04,  4.0000000000000000E+00, -2.0000000000000000E+01
1,2,2,  2.0000000000000000E-03,  5.9999999999999998E-01, -4.1385547460237322E-02, -6.9956824479440821E-02,  4.2461699780316451E+01, -2.8571277019203478E-02,  3.6538853431055152E+01, -1.8068879725774422E-16,417,417,  7.8799999999999704E-04,  3.9586144525397615E+00, -2.0827710949204771E+01
1,2,2,  2.0000000000000000E-03,  7.0000000000000007E-01, -8.1921164508033315E-02, -1.3825428090923178E-01,  4.2433937940934456E+01, -5.6333116401198424E-02,  3.6626427582501570E+01,  1.8576806759540433E-16,593,593,  1.0190000000000060E-03,  3.9180788354919667E+00, -2.1638423290160674E+01
1,2,2,  2.0000000000000000E-03,  8.0000000000000004E-01, -1.2183322290050581E-01, -2.0494172718771625E-01,  4.2407162553048444E+01, -8.3108504287210394E-02,  3.6701985760619230E+01, -9.3558494285161937E-16,743,743,  1.2189999999999979E-03,  3.8781667770994939E+00, -2.2436664458010128E+01
1,2,2,  2.0000000000000000E-03,  9.0000000000000002E-01, -1.6097431393052158E-01, -2.7018788220992962E-01,  4.2381057489056246E+01, -1.0921356827940798E-01,  3.6771174276263601E+01,  5.7023830102309608E-16,893,893,  1.4170000000000016E-03,  3.8390256860694776E+00, -2.3219486278610447E+01
1,2,2,  2.0000000000000000E-03,  1.0000000000000000E+00, -1.9927738152582158E-01, -3.3409605537397330E-01,  4.2355452383487503E+01, -1.3481867384815160E-01,  3.6836114521795878E+01,  6.3182792331417657E-16,1043,1043,  1.6150000000000053E-03,  3.8007226184741789E+00, -2.3985547630516422E+01
1,2,2,  1.0000000000000000E-03,  1.0000000000000001E-01,  0.0000000000000000E+00,  0.0000000000000000E+00,  4.2490271057335654E+01,  0.0000000000000000E+00,  0.0000000000000000E+00,  0.0000000000000000E+00,100,100,  2.3800000000000210E-04,  4.0000000000000000E+00, -2.0000000000000000E+01
1,2,2,  1.0000000000000000E-03,  2.0000000000000001E-01,  0.0000000000000000E+00,  0.0000000000000000E+00,  4.2490271057335654E+01,  0.0000000000000000E+00,  0.0000000000000000E+00,  0.0000000000000000E+00,200,200,  4.6799999999999620E-04,  4.0000000000000000E+00, -2.0000000000000000E+01
1,2,2,  1.0000000000000000E-03,  2.9999999999999999E-01,  0.0000000000000000E+00,  0.0000000000000000E+00,  4.2490271057335654E+01,  0.0000000000000000E+00,  0.0000000000000000E+00,  0.0000000000000000E+00,300,300,  6.9900000000000517E-04,  4.0000000000000000E+00, -2.0000000000000000E+01
1,2,2,  1.0000000000000000E-03,  4.0000000000000002E-01,  0.0000000000000000E+00,  0.0000000000000000E+00,  4.2490271057335654E+01,  0.0000000000000000E+00,  0.0000000000000000E+00,  0.0000000000000000E+00,400,400,  9.4700000000000339E-04,  4.0000000000000000E+00, -2.0000000000000000E+01
1,2,2,  1.0000000000000000E-03,  5.0000000000000000E-01,  0.0000000000000000E+00,  0.0000000000000000E+00,  4.2490271057335654E+01,  0.0000000000000000E+00,  0.0000000000000000E+00,  0.0000000000000000E+00,500,500,  1.1889999999999956E-03,  4.0000000000000000E+00, -2.0000000000000000E+01
1,2,2,  1.0000000000000000E-03,  5.9999999999999998E-01, -4.1697485607803481E-02, -7.0172392487881305E-02,  4.2461796150455577E+01, -2.8474906880077810E-02,  3.6539610510857237E+01,  1.2723433417960451E-15,824,824,  1.5909999999999952E-03,  3.9583025143921957E+00, -2.0833949712156084E+01
1,2,2,  1.0000000000000000E-03,  7.0000000000000007E-01, -8.2222059290358779E-02, -1.3846763264792339E-01,  4.2434025483978090E+01, -5.6245573357564638E-02,  3.6626955245149603E+01, -4.3441639174801595E-16,1134,1134,  2.0900000000000085E-03,  3.9177779407096414E+00, -2.1644441185807182E+01
1,2,2,  1.0000000000000000E-03,  8.0000000000000004E-01, -1.2212200279179816E-01, -2.0515190712589526E-01,  4.2407241153001557E+01, -8.3029904334097182E-02,  3.6702527370529239E+01, -1.6222995169457022E-15,1434,1434,  2.5950000000000001E-03,  3.8778779972082025E+00, -2.2442440055835959E+01
1,2,2,  1.0000000000000000E-03,  9.0000000000000002E-01, -1.6125125134721877E-01, -2.7039413850603655E-01,  4.2381128170176837E+01, -1.0914288715881781E-01,  3.6771714869728378E+01, -5.9660609785794352E-16,1734,1734,  2.9860000000000025E-03,  3.8387487486527809E+00, -2.3225025026944380E+01
1,2,2,  1.0000000000000000E-03,  1.0000000000000000E+00, -1.9954281415391650E-01, -3.3429806978880949E-01,  4.2355515801700761E+01, -1.3475525563489299E-01,  3.6836646641034299E+01, -2.9730384820680913E-16,2034,2034,  3.3900000000000041E-03,  3.8004571858460814E+00, -2.3990856283078372E+01
1,2,2,  5.0000000000000001E-04,  1.0000000000000001E-01,  0.0000000000000000E+00,  0.0000000000000000E+00,  4.2490271057335654E+01,  0.0000000000000000E+00,  0.0000000000000000E+00,  0.0000000000000000E+00,200,200,  4.4600000000000195E-04,  4.0000000000000000E+00, -2.0000000000000000E+01
1,2,2,  5.0000000000000001E-04,  2.0000000000000001E-01,  0.0000000000000000E+00,  0.0000000000000000E+00,  4.2490271057335654E+01,  0.0000000000000000E+00,  0.0000000000000000E+00,  0.0000000000000000E+00,400,400,  9.1100000000000902E-04,  4.0000000000000000E+00, -2.0000000000000000E+01
1,2,2,  5.0000000000000001E-04,  2.9999999999999999E-01,  0.0000000000000000E+00,  0.0000000000000000E+00,  4.2490271057335654E+01,  0.0000000000000000E+00,  0.0000000000000000E+00,  0.0000000000000000E+00,600,600,  1.3790000000000052E-03,  4.0000000000000000E+00, -2.0000000000000000E+01
1,2,2,  5.0000000000000001E-04,  4.0000000000000002E-01,  0.0000000000000000E+00,  0.0000000000000000E+00,  4.2490271057335654E+01,  0.0000000000000000E+00,  0.0000000000000000E+00,  0.0000000000000000E+00,800,800,  1.9050000000000039E-03,  4.0000000000000000E+00, -2.0000000000000000E+01
1,2,2,  5.0000000000000001E-04,  5.0000000000000000E-01,  0.0000000000000000E+00,  0.0000000000000000E+00,  4.2490271057335654E+01,  0.0000000000000000E+00,  0.0000000000000000E+00,  0.0000000000000000E+00,1000,1000,  2.3590000000000000E-03,  4.0000000000000000E+00, -2.0000000000000000E+01
1,2,2,  5.0000000000000001E-04,  5.9999999999999998E-01, -4.1853494711980979E-02, -7.0280036270703797E-02,  4.2461844515776932E+01, -2.8426541558722818E-02,  3.6539974169207312E+01, -9.5915636544319236E-16,1627,1627,  3.1170000000000087E-03,  3.9581465052880205E+00, -2.0837069894239590E+01
1,2,2,  5.0000000000000001E-04,  7.0000000000000007E-01, -8.2372445653778617E-02, -1.3857421805549253E-01,  4.2434069284933940E+01, -5.6201772401713868E-02,  3.6627218747983264E+01, -1.5435083766668357E-15,2227,2227,  3.9080000000000087E-03,  3.9176275543462218E+00, -2.1647448913075564E+01
1,2,2,  5.0000000000000001E-04,  8.0000000000000004E-01, -1.2226633672291555E-01, -2.0525691025767362E-01,  4.2407280483800896E+01, -8.2990573534758028E-02,  3.6702798189924238E+01, -2.7951946313109489E-16,2827,2827,  4.6780000000000016E-03,  3.8777336632770867E+00, -2.2445326734458277E+01
1,2,2,  5.0000000000000001E-04,  9.0000000000000002E-01, -1.6138967033691556E-01, -2.7049718013311908E-01,  4.2381163547539451E+01, -1.0910750979620332E-01,  3.6771985164777945E+01, -2.5839747008760131E-16,3427,3427,  5.5280000000000051E-03,  3.8386103296630854E+00, -2.3227793406738300E+01
1,2,2,  5.0000000000000001E-04,  1.0000000000000000E+00, -1.9967548570709717E-01, -3.3439899070973661E-01,  4.2355547552333014E+01, -1.3472350500263985E-01,  3.6836912660876990E+01, -3.3333058535589546E-16,4027,4027,  6.3460000000000044E-03,  3.8003245142929019E+00, -2.3993509714141965E+01
2,0,0,  2.0000000000000000E-03,  1.0000000000000001E-01,  0.0000000000000000E+00,  0.0000000000000000E+00,  1.8574038640269027E+01,  0.0000000000000000E+00,  0.0000000000000000E+00,  0.0000000000000000E+00,50,50,  1.5800000000000536E-04,  0.0000000000000000E+00, -1.0000000000000000E+02
2,0,0,  2.0000000000000000E-03,  2.0000000000000001E-01,  0.0000000000000000E+00,  0.0000000000000000E+00,  1.8574038640269027E+01,  0.0000000000000000E+00,  0.0000000000000000E+00,  0.0000000000000000E+00,100,100,  3.1300000000000772E-04,  0.0000000000000000E+00, -1.0000000000000000E+02
2,0,0,  2.0000000000000000E-03,  2.9999999999999999E-01,  0.0000000000000000E+00,  0.0000000000000000E+00,  1.8574038640269027E+01,  0.0000000000000000E+00,  0.0000000000000000E+00,  0.0000000000000000E+00,150,150,  5.6300000000000794E-04,  0.0000000000000000E+00, -1.0000000000000000E+02
2,0,0,  2.0000000000000000E-03,  4.0000000000000002E-01,  0.0000000000000000E+00,  0.0000000000000000E+00,  1.8574038640269027E+01,  0.0000000000000000E+00,  0.0000000000000000E+00,  0.0000000000000000E+00,200,200,  7.1899999999999742E-04,  0.0000000000000000E+00, -1.0000000000000000E+02
2,0,0,  2.0000000000000000E-03,  5.0000000000000000E-01,  0.0000000000000000E+00,  0.0000000000000000E+00,  1.8574038640269027E+01,  0.0000000000000000E+00,  0.0000000000000000E+00,  0.0000000000000000E+00,250,250,  8.7199999999999778E-04,  0.0000000000000000E+00, -1.0000000000000000E+02
2,0,0,  2.0000000000000000E-03,  5.9999999999999998E-01,  0.0000000000000000E+00,  0.0000000000000000E+00,  1.8574038640269027E+01,  0.0000000000000000E+00,  0.0000000000000000E+00,  0.0000000000000000E+00,300,300,  1.0270000000000001E-03,  0.0000000000000000E+00, -1.0000000000000000E+02
2,0,0,  2.0000000000000000E-03,  7.0000000000000007E-01,  0.0000000000000000E+00,  0.0000000000000000E+00,  1.8574038640269027E+01,  0.0000000000000000E+00,  0.0000000000000000E+00,  0.0000000000000000E+00,350,350,  1.1840000000000045E-03,  0.0000000000000000E+00, -1.0000000000000000E+02
2,0,0,  2.0000000000000000E-03,  8.0000000000000004E-01,  0.0000000000000000E+00,  0.0000000000000000E+00,  1.8574038640269027E+01,  0.0000000000000000E+00,  0.0000000000000000E+00,  0.0000000000000000E+00,400,400,  1.3380000000000059E-03,  0.0000000000000000E+00, -1.0000000000000000E+02
2,0,0,  2.0000000000000000E-03,  9.0000000000000002E-01,  0.0000000000000000E+00,  0.0000000000000000E+00,  1.8574038640269027E+01,  0.0000000000000000E+00,  0.0000000000000000E+00,  0.0000000000000000E+00,450,450,  1.5249999999999986E-03,  0.0000000000000000E+00, -1.0000000000000000E+02
2,0,0,  2.0000000000000000E-03,  1.0000000000000000E+00,  0.0000000000000000E+00,  0.0000000000000000E+00,  1.8574038640269027E+01,  0.0000000000000000E+00,  0.0000000000000000E+00,  0.0000000000000000E+00,500,500,  1.6800000000000009E-03,  0.0000000000000000E+00, -1.0000000000000000E+02
2,0,0,  1.0000000000000000E-03,  1.0000000000000001E-01,  0.0000000000000000E+00,  0.0000000000000000E+00,  1.8574038640269027E+01,  0.0000000000000000E+00,  0.0000000000000000E+00,  0.0000000000000000E+00,100,100,  2.9799999999999272E-04,  0.0000000000000000E+00, -1.0000000000000000E+02
2,0,0,  1.0000000000000000E-03,  2.0000000000000001E-01,  0.0000000000000000E+00,  0.0000000000000000E+00,  1.8574038640269027E+01,  0.0000000000000000E+00,  0.0000000000000000E+00,  0.0000000000000000E+00,200,200,  5.9999999999998943E-04,  0.0000000000000000E+00, -1.0000000000000000E+02
2,0,0,  1.0000000000000000E-03,  2.9999999999999999E-01,  0.0000000000000000E+00,  0.0000000000000000E+00,  1.8574038640269027E+01,  0.0000000000000000E+00,  0.0000000000000000E+00,  0.0000000000000000E+00,300,300,  9.1899999999998927E-04,  0.0000000000000000E+00, -1.0000000000000000E+02
2,0,0,  1.0000000000000000E-03,  4.0000000000000002E-01,  0.0000000000000000E+00,  0.0000000000000000E+00,  1.8574038640269027E+01,  0.0000000000000000E+00,  0.0000000000000000E+00,  0.0000000000000000E+00,400,400,  1.2219999999999870E-03,  0.0000000000000000E+00, -1.0000000000000000E+02
2,0,0,  1.0000000000000000E-03,  5.0000000000000000E-01,  0.0000000000000000E+00,  0.0000000000000000E+00,  1.8574038640269027E+01,  0.0000000000000000E+00,  0.0000000000000000E+00,  0.0000000000000000E+00,500,500,  1.5899999999999942E-03,  0.0000000000000000E+00, -1.0000000000000000E+02
2,0,0,  1.0000000000000000E-03,  5.9999999999999998E-01,  0.0000000000000000E+00,  0.0000000000000000E+00,  1.8574038640269027E+01,  0.0000000000000000E+00,  0.0000000000000000E+00,  0.0000000000000000E+00,600,600,  2.0219999999999821E-03,  0.0000000000000000E+00, -1.0000000000000000E+02
2,0,0,  1.0000000000000000E-03,  7.0000000000000007E-01,  0.0000000000000000E+00,  0.0000000000000000E+00,  1.8574038640269027E+01,  0.0000000000000000E+00,  0.0000000000000000E+00,  0.0000000000000000E+00,700,700,  2.3289999999999839E-03,  0.0000000000000000E+00, -1.0000000000000000E+02
2,0,0,  1.0000000000000000E-03,  8.0000000000000004E-01,  0.0000000000000000E+00,  0.0000000000000000E+00,  1.8574038640269027E+01,  0.0000000000000000E+00,  0.0000000000000000E+00,  0.0000000000000000E+00,800,800,  3.0299999999999910E-03,  0.0000000000000000E+00, -1.0000000000000000E+02
2,0,0,  1.0000000000000000E-03,  9.0000000000000002E-01,  0.0000000000000000E+00,  0.0000000000000000E+00,  1.8574038640269027E+01,  0.0000000000000000E+00,  0.0000000000000000E+00,  0.0000000000000000E+00,900,900,  3.5589999999999927E-03,  0.0000000000000000E+00, -1.0000000000000000E+02
2,0,0,  1.0000000000000000E-03,  1.0000000000000000E+00,  0.0000000000000000E+00,  0.0000000000000000E+00,  1.8574038640269027E+01,  0.0000000000000000E+00,  0.0000000000000000E+00,  0.0000000000000000E+00,1000,1000,  4.1119999999999907E-03,  0.0000000000000000E+00, -1.0000000000000000E+02
2,0,0,  5.0000000000000001E-04,  1.0000000000000001E-01,  0.0000000000000000E+00,  0.0000000000000000E+00,  1.8574038640269027E+01,  0.0000000000000000E+00,  0.0000000000000000E+00,  0.0000000000000000E+00,200,200,  7.9299999999998816E-04,  0.0000000000000000E+00, -1.0000000000000000E+02
2,0,0,  5.0000000000000001E-04,  2.0000000000000001E-01,  0.0000000000000000E+00,  0.0000000000000000E+00,  1.8574038640269027E+01,  0.0000000000000000E+00,  0.0000000000000000E+00,  0.0000000000000000E+00,400,400,  1.6009999999999913E-03,  0.0000000000000000E+00, -1.0000000000000000E+02
2,0,0,  5.0000000000000001E-04,  2.9999999999999999E-01,  0.0000000000000000E+00,  0.0000000000000000E+00,  1.8574038640269027E+01,  0.0000000000000000E+00,  0.0000000000000000E+00,  0.0000000000000000E+00,600,600,  2.2289999999999810E-03,  0.0000000000000000E+00, -1.0000000000000000E+02
2,0,0,  5.0000000000000001E-04,  4.0000000000000002E-01,  0.0000000000000000E+00,  0.0000000000000000E+00,  1.8574038640269027E+01,  0.0000000000000000E+00,  0.0000000000000000E+00,  0.0000000000000000E+00,800,800,  2.8429999999999844E-03,  0.0000000000000000E+00, -1.0000000000000000E+02
2,0,0,  5.0000000000000001E-04,  5.0000000000000000E-01,  0.0000000000000000E+00,  0.0000000000000000E+00,  1.8574038640269027E+01,  0.0000000000000000E+00,  0.0000000000000000E+00,  0.0000000000000000E+00,1000,1000,  3.5019999999999774E-03,  0.0000000000000000E+00, -1.0000000000000000E+02
2,0,0,  5.0000000000000001E-04,  5.9999999999999998E-01,  0.0000000000000000E+00,  0.0000000000000000E+00,  1.8574038640269027E+01,  0.0000000000000000E+00,  0.0000000000000000E+00,  0.0000000000000000E+00,1200,1200,  4.1289999999999938E-03,  0.0000000000000000E+00, -1.0000000000000000E+02
2,0,0,  5.0000000000000001E-04,  7.0000000000000007E-01,  0.0000000000000000E+00,  0.0000000000000000E+00,  1.8574038640269027E+01,  0.0000000000000000E+00,  0.0000000000000000E+00,  0.0000000000000000E+00,1400,1400,  4.8609999999999765E-03,  0.0000000000000000E+00, -1.0000000000000000E+02
2,0,0,  5.0000000000000001E-04,  8.0000000000000004E-01,  0.0000000000000000E+00,  0.0000000000000000E+00,  1.8574038640269027E+01,  0.0000000000000000E+00,  0.0000000000000000E+00,  0.0000000000000000E+00,1600,1600,  5.4960000000000009E-03,  0.0000000000000000E+00, -1.0000000000000000E+02
2,0,0,  5.0000000000000001E-04,  9.0000000000000002E-01,  0.0000000000000000E+00,  0.0000000000000000E+00,  1.8574038640269027E+01,  0.0000000000000000E+00,  0.0000000000000000E+00,  0.0000000000000000E+00,1800,1800,  6.1149999999999816E-03,  0.0000000000000000E+00, -1.0000000000000000E+02
2,0,0,  5.0000000000000001E-04,  1.0000000000000000E+00,  0.0000000000000000E+00,  0.0000000000000000E+00,  1.8574038640269027E+01,  0.0000000000000000E+00,  0.0000000000000000E+00,  0.0000000000000000E+00,2000,2000,  6.8089999999999817E-03,  0.0000000000000000E+00, -1.0000000000000000E+02
2,0,1,  2.0000000000000000E-03,  1.0000000000000001E-01,  0.0000000000000000E+00,  0.0000000000000000E+00,  1.8574038640269027E+01,  0.0000000000000000E+00,  0.0000000000000000E+00,  0.0000000000000000E+00,50,50,  1.7000000000000348E-04,  0.0000000000000000E+00, -1.0000000000000000E+02
2,0,1,  2.0000000000000000E-03,  2.0000000000000001E-01,  0.0000000000000000E+00,  0.0000000000000000E+00,  1.8574038640269027E+01,  0.0000000000000000E+00,  0.0000000000000000E+00,  0.0000000000000000E+00,100,100,  3.4299999999998221E-04,  0.0000000000000000E+00, -1.0000000000000000E+02
2,0,1,  2.0000000000000000E-03,  2.9999999999999999E-01,  0.0000000000000000E+00,  0.0000000000000000E+00,  1.8574038640269027E+01,  0.0000000000000000E+00,  0.0000000000000000E+00,  0.0000000000000000E+00,150,150,  5.1499999999998769E-04,  0.0000000000000000E+00, -1.0000000000000000E+02
2,0,1,  2.0000000000000000E-03,  4.0000000000000002E-01,  0.0000000000000000E+00,  0.0000000000000000E+00,  1.8574038640269027E+01,  0.0000000000000000E+00,  0.0000000000000000E+00,  0.0000000000000000E+00,200,200,  6.8799999999999417E-04,  0.0000000000000000E+00, -1.0000000000000000E+02
2,0,1,  2.0000000000000000E-03,  5.0000000000000000E-01,  0.0000000000000000E+00,  0.0000000000000000E+00,  1.8574038640269027E+01,  0.0000000000000000E+00,  0.0000000000000000E+00,  0.0000000000000000E+00,250,250,  8.7599999999998790E-04,  0.0000000000000000E+00, -1.0000000000000000E+02
2,0,1,  2.0000000000000000E-03,  5.9999999999999998E-01,  0.0000000000000000E+00,  0.0000000000000000E+00,  1.8574038640269027E+01,  0.0000000000000000E+00,  0.0000000000000000E+00,  0.0000000000000000E+00,300,300,  1.0489999999999944E-03,  0.0000000000000000E+00, -1.0000000000000000E+02
2,0,1,  2.0000000000000000E-03,  7.0000000000000007E-01,  0.0000000000000000E+00,  0.0000000000000000E+00,  1.8574038640269027E+01,  0.0000000000000000E+00,  0.0000000000000000E+00,  0.0000000000000000E+00,350,350,  1.2209999999999999E-03,  0.0000000000000000E+00, -1.0000000000000000E+02
2,0,1,  2.0000000000000000E-03,  8.0000000000000004E-01,  0.0000000000000000E+00,  0.0000000000000000E+00,  1.8574038640269027E+01,  0.0000000000000000E+00,  0.0000000000000000E+00,  0.0000000000000000E+00,400,400,  1.3930000000000053E-03,  0.0000000000000000E+00, -1.0000000000000000E+02
2,0,1,  2.0000000000000000E-03,  9.0000000000000002E-01,  0.0000000000000000E+00,  0.0000000000000000E+00,  1.8574038640269027E+01,  0.0000000000000000E+00,  0.0000000000000000E+00,  0.0000000000000000E+00,450,450,  1.5649999999999831E-03,  0.0000000000000000E+00, -1.0000000000000000E+02
2,0,1,  2.0000000000000000E-03,  1.0000000000000000E+00,  0.0000000000000000E+00,  0.0000000000000000E+00,  1.8574038640269027E+01,  0.0000000000000000E+00,  0.0000000000000000E+00,  0.0000000000000000E+00,500,500,  1.7369999999999886E-03,  0.0000000000000000E+00, -1.0000000000000000E+02
2,0,1,  1.0000000000000000E-03,  1.0000000000000001E-01,  0.0000000000000000E+00,  0.0000000000000000E+00,  1.8574038640269027E+01,  0.0000000000000000E+00,  0.0000000000000000E+00,  0.0000000000000000E+00,100,100,  3.4699999999998621E-04,  0.0000000000000000E+00, -1.0000000000000000E+02
2,0,1,  1.0000000000000000E-03,  2.0000000000000001E-01,  0.0000000000000000E+00,  0.0000000000000000E+00,  1.8574038640269027E+01,  0.0000000000000000E+00,  0.0000000000000000E+00,  0.0000000000000000E+00,200,200,  7.0200000000000817E-04,  0.0000000000000000E+00, -1.0000000000000000E+02
2,0,1,  1.0000000000000000E-03,  2.9999999999999999E-01,  0.0000000000000000E+00,  0.0000000000000000E+00,  1.8574038640269027E+01,  0.0000000000000000E+00,  0.0000000000000000E+00,  0.0000000000000000E+00,300,300,  1.0539999999999994E-03,  0.0000000000000000E+00, -1.0000000000000000E+02
2,0,1,  1.0000000000000000E-03,  4.0000000000000002E-01,  0.0000000000000000E+00,  0.0000000000000000E+00,  1.8574038640269027E+01,  0.0000000000000000E+00,  0.0000000000000000E+00,  0.0000000000000000E+00,400,400,  1.3940000000000063E-03,  0.0000000000000000E+00, -1.0000000000000000E+02
2,0,1,  1.0000000000000000E-03,  5.0000000000000000E-01,  0.0000000000000000E+00,  0.0000000000000000E+00,  1.8574038640269027E+01,  0.0000000000000000E+00,  0.0000000000000000E+00,  0.0000000000000000E+00,500,500,  1.7439999999999956E-03,  0.0000000000000000E+00, -1.0000000000000000E+02
2,0,1,  1.0000000000000000E-03,  5.9999999999999998E-01,  0.0000000000000000E+00,  0.0000000000000000E+00,  1.8574038640269027E+01,  0.0000000000000000E+00,  0.0000000000000000E+00,  0.0000000000000000E+00,600,600,  2.0999999999999908E-03,  0.0000000000000000E+00, -1.0000000000000000E+02
2,0,1,  1.0000000000000000E-03,  7.0000000000000007E-01,  0.0000000000000000E+00,  0.0000000000000000E+00,  1.8574038640269027E+01,  0.0000000000000000E+00,  0.0000000000000000E+00,  0.0000000000000000E+00,700,700,  2.4389999999999967E-03,  0.0000000000000000E+00, -1.0000000000000000E+02
2,0,1,  1.0000000000000000E-03,  8.0000000000000004E-01,  0.0000000000000000E+00,  0.0000000000000000E+00,  1.8574038640269027E+01,  0.0000000000000000E+00,  0.0000000000000000E+00,  0.0000000000000000E+00,800,800,  2.7790000000000037E-03,  0.0000000000000000E+00, -1.0000000000000000E+02
2,0,1,  1.0000000000000000E-03,  9.0000000000000002E-01,  0.0000000000000000E+00,  0.0000000000000000E+00,  1.8574038640269027E+01,  0.0000000000000000E+00,  0.0000000000000000E+00,  0.0000000000000000E+00,900,900,  3.1309999999999949E-03,  0.0000000000000000E+00, -1.0000000000000000E+02
2,0,1,  1.0000000000000000E-03,  1.0000000000000000E+00,  0.0000000000000000E+00,  0.0000000000000000E+00,  1.8574038640269027E+01,  0.0000000000000000E+00,  0.0000000000000000E+00,  0.0000000000000000E+00,1000,1000,  3.4700000000000009E-03,  0.0000000000000000E+00, -1.0000000000000000E+02
2,0,1,  5.0000000000000001E-04,  1.0000000000000001E-01,  0.0000000000000000E+00,  0.0000000000000000E+00,  1.8574038640269027E+01,  0.0000000000000000E+00,  0.0000000000000000E+00,  0.0000000000000000E+00,200,200,  7.8999999999998516E-04,  0.0000000000000000E+00, -1.0000000000000000E+02
2,0,1,  5.0000000000000001E-04,  2.0000000000000001E-01,  0.0000000000000000E+00,  0.0000000000000000E+00,  1.8574038640269027E+01,  0.0000000000000000E+00,  0.0000000000000000E+00,  0.0000000000000000E+00,400,400,  1.5249999999999986E-03,  0.0000000000000000E+00, -1.0000000000000000E+02
2,0,1,  5.0000000000000001E-04,  2.9999999999999999E-01,  0.0000000000000000E+00,  0.0000000000000000E+00,  1.8574038640269027E+01,  0.0000000000000000E+00,  0.0000000000000000E+00,  0.0000000000000000E+00,600,600,  2.4059999999999915E-03,  0.0000000000000000E+00, -1.0000000000000000E+02
2,0,1,  5.0000000000000001E-04,  4.0000000000000002E-01,  0.0000000000000000E+00,  0.0000000000000000E+00,  1.8574038640269027E+01,  0.0000000000000000E+00,  0.0000000000000000E+00,  0.0000000000000000E+00,800,800,  3.1039999999999957E-03,  0.0000000000000000E+00, -1.0000000000000000E+02
2,0,1,  5.0000000000000001E-04,  5.0000000000000000E-01,  0.0000000000000000E+00,  0.0000000000000000E+00,  1.8574038640269027E+01,  0.0000000000000000E+00,  0.0000000000000000E+00,  0.0000000000000000E+00,1000,1000,  3.8549999999999973E-03,  0.0000000000000000E+00, -1.0000000000000000E+02
2,0,1,  5.0000000000000001E-04,  5.9999999999999998E-01,  0.0000000000000000E+00,  0.0000000000000000E+00,  1.8574038640269027E+01,  0.0000000000000000E+00,  0.0000000000000000E+00,  0.0000000000000000E+00,1200,1200,  4.5279999999999765E-03,  0.0000000000000000E+00, -1.0000000000000000E+02
2,0,1,  5.0000000000000001E-04,  7.0000000000000007E-01,  0.0000000000000000E+00,  0.0000000000000000E+00,  1.8574038640269027E+01,  0.0000000000000000E+00,  0.0000000000000000E+00,  0.0000000000000000E+00,1400,1400,  5.3290000000000004E-03,  0.0000000000000000E+00, -1.0000000000000000E+02
2,0,1,  5.0000000000000001E-04,  8.0000000000000004E-01,  0.0000000000000000E+00,  0.0000000000000000E+00,  1.8574038640269027E+01,  0.0000000000000000E+00,  0.0000000000000000E+00,  0.0000000000000000E+00,1600,1600,  6.0289999999999788E-03,  0.0000000000000000E+00, -1.0000000000000000E+02
2,0,1,  5.0000000000000001E-04,  9.0000000000000002E-01,  0.0000000000000000E+00,  0.0000000000000000E+00,  1.8574038640269027E+01,  0.0000000000000000E+00,  0.0000000000000000E+00,  0.0000000000000000E+00,1800,1800,  6.7149999999999987E-03,  0.0000000000000000E+00, -1.0000000000000000E+02
2,0,1,  5.0000000000000001E-04,  1.0000000000000000E+00,  0.0000000000000000E+00,  0.0000000000000000E+00,  1.8574038640269027E+01,  0.0000000000000000E+00,  0.0000000000000000E+00,  0.0000000000000000E+00,2000,2000,  7.4879999999999947E-03,  0.0000000000000000E+00, -1.0000000000000000E+02
2,0,2,  2.0000000000000000E-03,  1.0000000000000001E-01,  0.0000000000000000E+00,  0.0000000000000000E+00,  1.8574038640269027E+01,  0.0000000000000000E+00,  0.0000000000000000E+00,  0.0000000000000000E+00,50,50,  1.9199999999999773E-04,  0.0000000000000000E+00, -1.0000000000000000E+02
2,0,2,  2.0000000000000000E-03,  2.0000000000000001E-01,  0.0000000000000000E+00,  0.0000000000000000E+00,  1.8574038640269027E+01,  0.0000000000000000E+00,  0.0000000000000000E+00,  0.0000000000000000E+00,100,100,  3.6500000000000421E-04,  0.0000000000000000E+00, -1.0000000000000000E+02
2,0,2,  2.0000000000000000E-03,  2.9999999999999999E-01,  0.0000000000000000E+00,  0.0000000000000000E+00,  1.8574038640269027E+01,  0.0000000000000000E+00,  0.0000000000000000E+00,  0.0000000000000000E+00,150,150,  5.3800000000001069E-04,  0.0000000000000000E+00, -1.0000000000000000E+02
2,0,2,  2.0000000000000000E-03,  4.0000000000000002E-01,  0.0000000000000000E+00,  0.0000000000000000E+00,  1.8574038640269027E+01,  0.0000000000000000E+00,  0.0000000000000000E+00,  0.0000000000000000E+00,200,200,  7.0900000000001517E-04,  0.0000000000000000E+00, -1.0000000000000000E+02
2,0,2,  2.0000000000000000E-03,  5.0000000000000000E-01,  0.0000000000000000E+00,  0.0000000000000000E+00,  1.8574038640269027E+01,  0.0000000000000000E+00,  0.0000000000000000E+00,  0.0000000000000000E+00,250,250,  8.8100000000002066E-04,  0.0000000000000000E+00, -1.0000000000000000E+02
2,0,2,  2.0000000000000000E-03,  5.9999999999999998E-01,  0.0000000000000000E+00,  0.0000000000000000E+00,  1.8574038640269027E+01,  0.0000000000000000E+00,  0.0000000000000000E+00,  0.0000000000000000E+00,300,300,  1.2469999999999981E-03,  0.0000000000000000E+00, -1.0000000000000000E+02
2,0,2,  2.0000000000000000E-03,  7.0000000000000007E-01,  0.0000000000000000E+00,  0.0000000000000000E+00,  1.8574038640269027E+01,  0.0000000000000000E+00,  0.0000000000000000E+00,  0.0000000000000000E+00,350,350,  1.4240000000000086E-03,  0.0000000000000000E+00, -1.0000000000000000E+02
2,0,2,  2.0000000000000000E-03,  8.0000000000000004E-01,  0.0000000000000000E+00,  0.0000000000000000E+00,  1.8574038640269027E+01,  0.0000000000000000E+00,  0.0000000000000000E+00,  0.0000000000000000E+00,400,400,  1.7370000000000163E-03,  0.0000000000000000E+00, -1.0000000000000000E+02
2,0,2,  2.0000000000000000E-03,  9.0000000000000002E-01,  0.0000000000000000E+00,  0.0000000000000000E+00,  1.8574038640269027E+01,  0.0000000000000000E+00,  0.0000000000000000E+00,  0.0000000000000000E+00,450,450,  1.9129999999999980E-03,  0.0000000000000000E+00, -1.0000000000000000E+02
2,0,2,  2.0000000000000000E-03,  1.0000000000000000E+00,  0.0000000000000000E+00,  0.0000000000000000E+00,  1.8574038640269027E+01,  0.0000000000000000E+00,  0.0000000000000000E+00,  0.0000000000000000E+00,500,500,  2.1140000000000048E-03,  0.0000000000000000E+00, -1.0000000000000000E+02
2,0,2,  1.0000000000000000E-03,  1.0000000000000001E-01,  0.0000000000000000E+00,  0.0000000000000000E+00,  1.8574038640269027E+01,  0.0000000000000000E+00,  0.0000000000000000E+00,  0.0000000000000000E+00,100,100,  4.4099999999999695E-04,  0.0000000000000000E+00, -1.0000000000000000E+02
2,0,2,  1.0000000000000000E-03,  2.0000000000000001E-01,  0.0000000000000000E+00,  0.0000000000000000E+00,  1.8574038640269027E+01,  0.0000000000000000E+00,  0.0000000000000000E+00,  0.0000000000000000E+00,200,200,  7.8500000000000791E-04,  0.0000000000000000E+00, -1.0000000000000000E+02
2,0,2,  1.0000000000000000E-03,  2.9999999999999999E-01,  0.0000000000000000E+00,  0.0000000000000000E+00,  1.8574038640269027E+01,  0.0000000000000000E+00,  0.0000000000000000E+00,  0.0000000000000000E+00,300,300,  1.2250000000000039E-03,  0.0000000000000000E+00, -1.0000000000000000E+02
2,0,2,  1.0000000000000000E-03,  4.0000000000000002E-01,  0.0000000000000000E+00,  0.0000000000000000E+00,  1.8574038640269027E+01,  0.0000000000000000E+00,  0.0000000000000000E+00,  0.0000000000000000E+00,400,400,  1.5669999999999851E-03,  0.0000000000000000E+00, -1.0000000000000000E+02
2,0,2,  1.0000000000000000E-03,  5.0000000000000000E-01,  0.0000000000000000E+00,  0.0000000000000000E+00,  1.8574038640269027E+01,  0.0000000000000000E+00,  0.0000000000000000E+00,  0.0000000000000000E+00,500,500,  2.0169999999999910E-03,  0.0000000000000000E+00, -1.0000000000000000E+02
2,0,2,  1.0000000000000000E-03,  5.9999999999999998E-01,  0.0000000000000000E+00,  0.0000000000000000E+00,  1.8574038640269027E+01,  0.0000000000000000E+00,  0.0000000000000000E+00,  0.0000000000000000E+00,600,600,  2.4559999999999860E-03,  0.0000000000000000E+00, -1.0000000000000000E+02
2,0,2,  1.0000000000000000E-03,  7.0000000000000007E-01,  0.0000000000000000E+00,  0.0000000000000000E+00,  1.8574038640269027E+01,  0.0000000000000000E+00,  0.0000000000000000E+00,  0.0000000000000000E+00,700,700,  2.7999999999999969E-03,  0.0000000000000000E+00, -1.0000000000000000E+02
2,0,2,  1.0000000000000000E-03,  8.0000000000000004E-01,  0.0000000000000000E+00,  0.0000000000000000E+00,  1.8574038640269027E+01,  0.0000000000000000E+00,  0.0000000000000000E+00,  0.0000000000000000E+00,800,800,  3.1730000000000091E-03,  0.0000000000000000E+00, -1.0000000000000000E+02
2,0,2,  1.0000000000000000E-03,  9.0000000000000002E-01,  0.0000000000000000E+00,  0.0000000000000000E+00,  1.8574038640269027E+01,  0.0000000000000000E+00,  0.0000000000000000E+00,  0.0000000000000000E+00,900,900,  3.5280000000000034E-03,  0.0000000000000000E+00, -1.0000000000000000E+02
2,0,2,  1.0000000000000000E-03,  1.0000000000000000E+00,  0.0000000000000000E+00,  0.0000000000000000E+00,  1.8574038640269027E+01,  0.0000000000000000E+00,  0.0000000000000000E+00,  0.0000000000000000E+00,1000,1000,  3.9240000000000108E-03,  0.0000000000000000E+00, -1.0000000000000000E+02
2,0,2,  5.0000000000000001E-04,  1.0000000000000001E-01,  0.0000000000000000E+00,  0.0000000000000000E+00,  1.8574038640269027E+01,  0.0000000000000000E+00,  0.0000000000000000E+00,  0.0000000000000000E+00,200,200,  6.9099999999999717E-04,  0.0000000000000000E+00, -1.0000000000000000E+02
2,0,2,  5.0000000000000001E-04,  2.0000000000000001E-01,  0.0000000000000000E+00,  0.0000000000000000E+00,  1.8574038640269027E+01,  0.0000000000000000E+00,  0.0000000000000000E+00,  0.0000000000000000E+00,400,400,  1.3789999999999913E-03,  0.0000000000000000E+00, -1.0000000000000000E+02
2,0,2,  5.0000000000000001E-04,  2.9999999999999999E-01,  0.0000000000000000E+00,  0.0000000000000000E+00,  1.8574038640269027E+01,  0.0000000000000000E+00,  0.0000000000000000E+00,  0.0000000000000000E+00,600,600,  2.0690000000000153E-03,  0.0000000000000000E+00, -1.0000000000000000E+02
2,0,2,  5.0000000000000001E-04,  4.0000000000000002E-01,  0.0000000000000000E+00,  0.0000000000000000E+00,  1.8574038640269027E+01,  0.0000000000000000E+00,  0.0000000000000000E+00,  0.0000000000000000E+00,800,800,  2.9310000000000169E-03,  0.0000000000000000E+00, -1.0000000000000000E+02
2,0,2,  5.0000000000000001E-04,  5.0000000000000000E-01,  0.0000000000000000E+00,  0.0000000000000000E+00,  1.8574038640269027E+01,  0.0000000000000000E+00,  0.0000000000000000E+00,  0.0000000000000000E+00,1000,1000,  3.7159999999999971E-03,  0.0000000000000000E+00, -1.0000000000000000E+02
2,0,2,  5.0000000000000001E-04,  5.9999999999999998E-01,  0.0000000000000000E+00,  0.0000000000000000E+00,  1.8574038640269027E+01,  0.0000000000000000E+00,  0.0000000000000000E+00,  0.0000000000000000E+00,1200,1200,  4.4949999999999990E-03,  0.0000000000000000E+00, -1.0000000000000000E+02
2,0,2,  5.0000000000000001E-04,  7.0000000000000007E-01,  0.0000000000000000E+00,  0.0000000000000000E+00,  1.8574038640269027E+01,  0.0000000000000000E+00,  0.0000000000000000E+00,  0.0000000000000000E+00,1400,1400,  5.2480000000000027E-03,  0.0000000000000000E+00, -1.0000000000000000E+02
2,0,2,  5.0000000000000001E-04,  8.0000000000000004E-01,  0.0000000000000000E+00,  0.0000000000000000E+00,  1.8574038640269027E+01,  0.0000000000000000E+00,  0.0000000000000000E+00,  0.0000000000000000E+00,1600,1600,  5.9800000000000131E-03,  0.0000000000000000E+00, -1.0000000000000000E+02
2,0,2,  5.0000000000000001E-04,  9.0000000000000002E-01,  0.0000000000000000E+00,  0.0000000000000000E+00,  1.8574038640269027E+01,  0.0000000000000000E+00,  0.0000000000000000E+00,  0.0000000000000000E+00,1800,1800,  6.6960000000000075E-03,  0.0000000000000000E+00, -1.0000000000000000E+02
2,0,2,  5.0000000000000001E-04,  1.0000000000000000E+00,  0.0000000000000000E+00,  0.0000000000000000E+00,  1.8574038640269027E+01,  0.0000000000000000E+00,  0.0000000000000000E+00,  0.0000000000000000E+00,2000,2000,  7.4390000000000012E-03,  0.0000000000000000E+00, -1.0000000000000000E+02
2,1,0,  2.0000000000000000E-03,  1.0000000000000001E-01,  0.0000000000000000E+00,  0.0000000000000000E+00,  4.2490271057335654E+01,  0.0000000000000000E+00,  0.0000000000000000E+00,  0.0000000000000000E+00,50,50,  1.1800000000000699E-04,  0.0000000000000000E+00, -1.0000000000000000E+02
2,1,0,  2.0000000000000000E-03,  2.0000000000000001E-01,  0.0000000000000000E+00,  0.0000000000000000E+00,  4.2490271057335654E+01,  0.0000000000000000E+00,  0.0000000000000000E+00,  0.0000000000000000E+00,100,100,  2.6099999999998347E-04,  0.0000000000000000E+00, -1.0000000000000000E+02
2,1,0,  2.0000000000000000E-03,  2.9999999999999999E-01,  0.0000000000000000E+00,  0.0000000000000000E+00,  4.2490271057335654E+01,  0.0000000000000000E+00,  0.0000000000000000E+00,  0.0000000000000000E+00,150,150,  3.6100000000000021E-04,  0.0000000000000000E+00, -1.0000000000000000E+02
2,1,0,  2.0000000000000000E-03,  4.0000000000000002E-01,  0.0000000000000000E+00,  0.0000000000000000E+00,  4.2490271057335654E+01,  0.0000000000000000E+00,  0.0000000000000000E+00,  0.0000000000000000E+00,200,200,  4.5799999999998620E-04,  0.0000000000000000E+00, -1.0000000000000000E+02
2,1,0,  2.0000000000000000E-03,  5.0000000000000000E-01,  0.0000000000000000E+00,  0.0000000000000000E+00,  4.2490271057335654E+01,  0.0000000000000000E+00,  0.0000000000000000E+00,  0.0000000000000000E+00,250,250,  6.1600000000000543E-04,  0.0000000000000000E+00, -1.0000000000000000E+02
2,1,0,  2.0000000000000000E-03,  5.9999999999999998E-01,  0.0000000000000000E+00, -2.0373801047929874E-01,  4.2286533046856356E+01, -2.0373801047929874E-01,  3.8144259895559280E+01, -7.9403150721191197E-16,455,455,  8.3700000000000441E-04,  0.0000000000000000E+00, -1.0000000000000000E+02
2,1,0,  2.0000000000000000E-03,  7.0000000000000007E-01,  0.0000000000000000E+00, -3.7733209633216802E-01,  4.2112938961003486E+01, -3.7733209633216802E-01,  3.8363123112019295E+01,  1.1235457009206585E-15,631,631,  1.0479999999999934E-03,  0.0000000000000000E+00, -1.0000000000000000E+02
2,1,0,  2.0000000000000000E-03,  8.0000000000000004E-01,  0.0000000000000000E+00, -5.3263985260850433E-01,  4.1957631204727150E+01, -5.3263985260850433E-01,  3.8521244959439358E+01,  1.6219248166748912E-15,781,781,  1.4460000000000028E-03,  0.0000000000000000E+00, -1.0000000000000000E+02
2,1,0,  2.0000000000000000E-03,  9.0000000000000002E-01,  0.0000000000000000E+00, -6.7374934507913053E-01,  4.1816521712256524E+01, -6.7374934507913053E-01,  3.8653674693901067E+01, -3.8857805861880479E-16,937,937,  1.8139999999999823E-03,  0.0000000000000000E+00, -1.0000000000000000E+02
2,1,0,  2.0000000000000000E-03,  1.0000000000000000E+00,  0.0000000000000000E+00, -8.0209330785029920E-01,  4.1688177749485355E+01, -8.0209330785029920E-01,  3.8770452218114848E+01,  1.5286660826063781E-15,1116,1116,  2.0459999999999923E-03,  0.0000000000000000E+00, -1.0000000000000000E+02
2,1,0,  1.0000000000000000E-03,  1.0000000000000001E-01,  0.0000000000000000E+00,  0.0000000000000000E+00,  4.2490271057335654E+01,  0.0000000000000000E+00,  0.0000000000000000E+00,  0.0000000000000000E+00,100,100,  1.8899999999999473E-04,  0.0000000000000000E+00, -1.0000000000000000E+02
2,1,0,  1.0000000000000000E-03,  2.0000000000000001E-01,  0.0000000000000000E+00,  0.0000000000000000E+00,  4.2490271057335654E+01,  0.0000000000000000E+00,  0.0000000000000000E+00,  0.0000000000000000E+00,200,200,  3.7999999999999146E-04,  0.0000000000000000E+00, -1.0000000000000000E+02
2,1,0,  1.0000000000000000E-03,  2.9999999999999999E-01,  0.0000000000000000E+00,  0.0000000000000000E+00,  4.2490271057335654E+01,  0.0000000000000000E+00,  0.0000000000000000E+00,  0.0000000000000000E+00,300,300,  5.9999999999998943E-04,  0.0000000000000000E+00, -1.0000000000000000E+02
2,1,0,  1.0000000000000000E-03,  4.0000000000000002E-01,  0.0000000000000000E+00,  0.0000000000000000E+00,  4.2490271057335654E+01,  0.0000000000000000E+00,  0.0000000000000000E+00,  0.0000000000000000E+00,400,400,  7.9199999999998716E-04,  0.0000000000000000E+00, -1.0000000000000000E+02
2,1,0,  1.0000000000000000E-03,  5.0000000000000000E-01,  0.0000000000000000E+00,  0.0000000000000000E+00,  4.2490271057335654E+01,  0.0000000000000000E+00,  0.0000000000000000E+00,  0.0000000000000000E+00,500,500,  9.9399999999999489E-04,  0.0000000000000000E+00, -1.0000000000000000E+02
2,1,0,  1.0000000000000000E-03,  5.9999999999999998E-01,  0.0000000000000000E+00, -2.0375441497177604E-01,  4.2286516642363878E+01, -2.0375441497177604E-01,  3.8146314198150932E+01,  1.5408785358772547E-15,861,861,  1.3940000000000063E-03,  0.0000000000000000E+00, -1.0000000000000000E+02
2,1,0,  1.0000000000000000E-03,  7.0000000000000007E-01,  0.0000000000000000E+00, -3.7732143977472532E-01,  4.2112949617560929E+01, -3.7732143977472532E-01,  3.8364123181999744E+01,  1.6621148901663219E-15,1178,1178,  1.7969999999999930E-03,  0.0000000000000000E+00, -1.0000000000000000E+02
2,1,0,  1.0000000000000000E-03,  8.0000000000000004E-01,  0.0000000000000000E+00, -5.3262523197459899E-01,  4.1957645825361055E+01, -5.3262523197459899E-01,  3.8521945452198054E+01, -1.3074541449498156E-15,1478,1478,  2.2309999999999830E-03,  0.0000000000000000E+00, -1.0000000000000000E+02
2,1,0,  1.0000000000000000E-03,  9.0000000000000002E-01,  0.0000000000000000E+00, -6.7373052278637857E-01,  4.1816540534549276E+01, -6.7373052278637857E-01,  3.8654893358070609E+01, -7.1387340483397562E-16,1789,1789,  2.6549999999999907E-03,  0.0000000000000000E+00, -1.0000000000000000E+02
2,1,0,  1.0000000000000000E-03,  1.0000000000000000E+00,  0.0000000000000000E+00, -8.0205977111839388E-01,  4.1688211286217260E+01, -8.0205977111839388E-01,  3.8771000780297292E+01,  3.8746783559417966E-16,2107,2107,  3.2259999999999789E-03,  0.0000000000000000E+00, -1.0000000000000000E+02
2,1,0,  5.0000000000000001E-04,  1.0000000000000001E-01,  0.0000000000000000E+00,  0.0000000000000000E+00,  4.2490271057335654E+01,  0.0000000000000000E+00,  0.0000000000000000E+00,  0.0000000000000000E+00,200,200,  4.8899999999998944E-04,  0.0000000000000000E+00, -1.0000000000000000E+02
2,1,0,  5.0000000000000001E-04,  2.0000000000000001E-01,  0.0000000000000000E+00,  0.0000000000000000E+00,  4.2490271057335654E+01,  0.0000000000000000E+00,  0.0000000000000000E+00,  0.0000000000000000E+00,400,400,  8.6700000000000665E-04,  0.0000000000000000E+00, -1.0000000000000000E+02
2,1,0,  5.0000000000000001E-04,  2.9999999999999999E-01,  0.0000000000000000E+00,  0.0000000000000000E+00,  4.2490271057335654E+01,  0.0000000000000000E+00,  0.0000000000000000E+00,  0.0000000000000000E+00,600,600,  1.2449999999999961E-03,  0.0000000000000000E+00, -1.0000000000000000E+02
2,1,0,  5.0000000000000001E-04,  4.0000000000000002E-01,  0.0000000000000000E+00,  0.0000000000000000E+00,  4.2490271057335654E+01,  0.0000000000000000E+00,  0.0000000000000000E+00,  0.0000000000000000E+00,800,800,  1.6390000000000016E-03,  0.0000000000000000E+00, -1.0000000000000000E+02
2,1,0,  5.0000000000000001E-04,  5.0000000000000000E-01,  0.0000000000000000E+00,  0.0000000000000000E+00,  4.2490271057335654E+01,  0.0000000000000000E+00,  0.0000000000000000E+00,  0.0000000000000000E+00,1000,1000,  2.0179999999999920E-03,  0.0000000000000000E+00, -1.0000000000000000E+02
2,1,0,  5.0000000000000001E-04,  5.9999999999999998E-01,  0.0000000000000000E+00, -2.0376072245201726E-01,  4.2286510334883637E+01, -2.0376072245201726E-01,  3.8147322075667986E+01,  4.6629367034256577E-16,1675,1675,  3.0509999999999982E-03,  0.0000000000000000E+00, -1.0000000000000000E+02
2,1,0,  5.0000000000000001E-04,  7.0000000000000007E-01,  0.0000000000000000E+00, -3.7731472222898788E-01,  4.2112956335106666E+01, -3.7731472222898788E-01,  3.8364619168825136E+01, -2.2554180745260054E-16,2275,2275,  3.9430000000000021E-03,  0.0000000000000000E+00, -1.0000000000000000E+02
2,1,0,  5.0000000000000001E-04,  8.0000000000000004E-01,  0.0000000000000000E+00, -5.3261674242553880E-01,  4.1957654314910116E+01, -5.3261674242553880E-01,  3.8522293422311087E+01,  3.0203617384927383E-16,2875,2875,  4.8120000000000107E-03,  0.0000000000000000E+00, -1.0000000000000000E+02
2,1,0,  5.0000000000000001E-04,  9.0000000000000002E-01,  0.0000000000000000E+00, -6.7371970694460970E-01,  4.1816551350391045E+01, -6.7371970694460970E-01,  3.8655472381084266E+01, -7.5056627579783712E-16,3498,3498,  5.6140000000000079E-03,  0.0000000000000000E+00, -1.0000000000000000E+02
2,1,0,  5.0000000000000001E-04,  1.0000000000000000E+00,  0.0000000000000000E+00, -8.0204197371207187E-01,  4.1688229083623582E+01, -8.0204197371207187E-01,  3.8771272812523364E+01, -2.4952262478450394E-17,4099,4099,  6.4450000000000063E-03,  0.0000000000000000E+00, -1.0000000000000000E+02
2,1,1,  2.0000000000000000E-03,  1.0000000000000001E-01,  4.9875236569306614E-01,  3.8300690419501526E-01,  4.2374525595837603E+01, -1.1574546149805087E-01,  1.2533267005228744E+01,  4.0467629247586956E-16,196,196,  2.2899999999997922E-04,  4.9875236569306614E-01, -9.0024952686138676E+01
2,1,1,  2.0000000000000000E-03,  2.0000000000000001E-01,  9.6567949986285639E-01,  7.5894523723080942E-01,  4.2283536794703608E+01, -2.0673426263204675E-01,  1.2897499415765708E+01,  3.0919711235810611E-16,346,346,  4.4599999999997419E-04,  9.6567949986285639E-01, -8.0686410002742875E+01
2,1,1,  2.0000000000000000E-03,  2.9999999999999999E-01,  1.3953224636721915E+00,  1.1133985423523396E+00,  4.2208347136015803E+01, -2.8192392131985144E-01,  1.3027945387312219E+01,  1.1072254224586687E-15,496,496,  6.4999999999998392E-04,  1.3953224636721915E+00, -7.2093550726556174E+01
2,1,1,  2.0000000000000000E-03,  4.0000000000000002E-01,  1.7813853515410609E+00,  1.4385891123894143E+00,  4.2147474818184008E+01, -3.4279623915164592E-01,  1.2882882119564069E+01, -1.0214051826551441E-15,646,646,  8.6499999999997690E-04,  1.7813853515410609E+00, -6.4372292969178787E+01
2,1,1,  2.0000000000000000E-03,  5.0000000000000000E-01,  2.1211498488933485E+00,  1.7313916786913968E+00,  4.2100512887133704E+01, -3.8975817020195080E-01,  1.2346419369252576E+01,  1.0006995232458849E-15,796,796,  1.0649999999999826E-03,  2.1211498488933485E+00, -5.7577003022133034E+01
2,1,1,  2.0000000000000000E-03,  5.9999999999999998E-01,  2.1728759240904338E+00,  1.5923129883997900E+00,  4.1909708121645011E+01, -5.8056293569064366E-01,  3.8682256356497845E+01,  1.1701750679549150E-16,978,978,  1.3039999999999996E-03,  2.1728759240904338E+00, -5.6542481518191323E+01
2,1,1,  2.0000000000000000E-03,  7.0000000000000007E-01,  2.2018956428308667E+00,  1.4676530678258255E+00,  4.1756028482330613E+01, -7.3424257500504098E-01,  3.8818597858023942E+01,  5.1170179204973465E-16,1160,1160,  1.5529999999999988E-03,  2.2018956428308667E+00, -5.5962087143382668E+01
2,1,1,  2.0000000000000000E-03,  8.0000000000000004E-01,  2.2230449737144355E+00,  1.3546800118748326E+00,  4.1621906095496051E+01, -8.6836496183960321E-01,  3.8914819621634230E+01,  5.2713389209202435E-16,1314,1314,  1.7809999999999770E-03,  2.2230449737144355E+00, -5.5539100525711291E+01
2,1,1,  2.0000000000000000E-03,  9.0000000000000002E-01,  2.2389244471493623E+00,  1.2500529703166279E+00,  4.1501399580502920E+01, -9.8887147683273469E-01,  3.8988463034034091E+01, -2.4644730700629225E-15,1464,1464,  2.0169999999999910E-03,  2.2389244471493623E+00, -5.5221511057012755E+01
2,1,1,  2.0000000000000000E-03,  1.0000000000000000E+00,  2.2508075335260314E+00,  1.1521536020788952E+00,  4.1391617125888516E+01, -1.0986539314471386E+00,  3.9052018417647908E+01,  7.9358741800206196E-16,1614,1614,  2.2409999999999930E-03,  2.2508075335260314E+00, -5.4983849329479376E+01
2,1,1,  1.0000000000000000E-03,  1.0000000000000001E-01,  4.9770389920996139E-01,  3.8227545297984222E-01,  4.2374842611105535E+01, -1.1542844623011916E-01,  1.2531009552547708E+01, -7.0543570984682448E-16,346,346,  4.1299999999999670E-04,  4.9770389920996139E-01, -9.0045922015800770E+01
2,1,1,  1.0000000000000000E-03,  2.0000000000000001E-01,  9.6456534713785014E-01,  7.5810153680812020E-01,  4.2283807247005925E+01, -2.0646381032972982E-01,  1.2894085442915866E+01, -5.1847415249994813E-17,646,646,  8.1499999999998241E-04,  9.6456534713785014E-01, -8.0708693057242996E+01
2,1,1,  1.0000000000000000E-03,  2.9999999999999999E-01,  1.3941605317762711E+00,  1.1124594997429236E+00,  4.2208570025302308E+01, -2.8170103203334662E-01,  1.3023904109475470E+01, -1.9617640845126517E-16,946,946,  1.2049999999999839E-03,  1.3941605317762711E+00, -7.2116789364474585E+01
2,1,1,  1.0000000000000000E-03,  4.0000000000000002E-01,  1.7802008234693043E+00,  1.4375825577127828E+00,  4.2147652791579134E+01, -3.4261826575652066E-01,  1.2877986365641675E+01, -1.2690404282977852E-15,1246,1246,  1.6079999999999983E-03,  1.7802008234693043E+00, -6.4395983530613918E+01
2,1,1,  1.0000000000000000E-03,  5.0000000000000000E-01,  2.1199751805517262E+00,  1.7303515746157154E+00,  4.2100647451399645E+01, -3.8962360593600920E-01,  1.2342590527890160E+01, -4.7334358654893555E-16,1546,1546,  2.0029999999999770E-03,  2.1199751805517262E+00, -5.7600496388965482E+01
2,1,1,  1.0000000000000000E-03,  5.9999999999999998E-01,  2.1697132006547584E+00,  1.5896934856165590E+00,  4.1910251342297457E+01, -5.8001971503819760E-01,  3.8683976347867279E+01, -8.3272277962009863E-16,1875,1875,  2.4609999999999910E-03,  2.1697132006547584E+00, -5.6605735986904833E+01
2,1,1,  1.0000000000000000E-03,  7.0000000000000007E-01,  2.1989248505899779E+00,  1.4651386939377453E+00,  4.1756484900683425E+01, -7.3378615665222924E-01,  3.8819973451079413E+01,  2.7899904608830183E-16,2208,2208,  2.9379999999999962E-03,  2.1989248505899779E+00, -5.6021502988200446E+01
2,1,1,  1.0000000000000000E-03,  8.0000000000000004E-01,  2.2202333679134414E+00,  1.3522488439783651E+00,  4.1622286533400583E+01, -8.6798452393507119E-01,  3.8916092701259458E+01, -2.8110846983508964E-16,2508,2508,  3.3939999999999804E-03,  2.2202333679134414E+00, -5.5595332641731176E+01
2,1,1,  1.0000000000000000E-03,  9.0000000000000002E-01,  2.2362692230272097E+00,  1.2477097282973404E+00,  4.1501711562605792E+01, -9.8855949472986282E-01,  3.8989686456776184E+01,  1.0196843369669750E-15,2808,2808,  3.8509999999999933E-03,  2.2362692230272097E+00, -5.5274615539455809E+01
2,1,1,  1.0000000000000000E-03,  1.0000000000000000E+00,  2.2482672137639823E+00,  1.1498771011203279E+00,  4.1391880944692005E+01, -1.0983901126436493E+00,  3.9052755943713755E+01, -2.0458634786280074E-15,3108,3108,  4.2959999999999943E-03,  2.2482672137639823E+00, -5.5034655724720359E+01
2,1,1,  5.0000000000000001E-04,  1.0000000000000001E-01,  4.9717945933410401E-01,  3.8191104654074165E-01,  4.2375002644542292E+01, -1.1526841279336253E-01,  1.2529883040217378E+01,  1.4408474413585281E-15,639,639,  8.0800000000000316E-04,  4.9717945933410401E-01, -9.0056410813317925E+01
2,1,1,  5.0000000000000001E-04,  2.0000000000000001E-01,  9.6400811722831736E-01,  7.5768088108331766E-01,  4.2283943821190654E+01, -2.0632723614500037E-01,  1.2892373117600251E+01, -1.6260881530172355E-15,1239,1239,  1.6000000000000181E-03,  9.6400811722831736E-01, -8.0719837655433651E+01
2,1,1,  5.0000000000000001E-04,  2.9999999999999999E-01,  1.3935796344216207E+00,  1.1119911572642212E+00,  4.2208682580178255E+01, -2.8158847715739910E-01,  1.3021877491545045E+01,  8.5401130611728609E-16,1839,1839,  2.4070000000000202E-03,  1.3935796344216207E+00, -7.2128407311567585E+01
2,1,1,  5.0000000000000001E-04,  4.0000000000000002E-01,  1.7796087827077007E+00,  1.4370804176516174E+00,  4.2147742692279571E+01, -3.4252836505608286E-01,  1.2875528797100770E+01, -2.1382895454280514E-16,2439,2439,  3.1860000000000221E-03,  1.7796087827077007E+00, -6.4407824345845995E+01
2,1,1,  5.0000000000000001E-04,  5.0000000000000000E-01,  2.1193880679657928E+00,  1.7298325536113284E+00,  4.2100715542981192E+01, -3.8955551435446267E-01,  1.2340671618673603E+01,  4.3812176109270240E-17,3039,3039,  3.9860000000000173E-03,  2.1193880679657928E+00, -5.7612238640684147E+01
2,1,1,  5.0000000000000001E-04,  5.9999999999999998E-01,  2.1681355488324168E+00,  1.5883839184699624E+00,  4.1910519426973202E+01, -5.7975163036245192E-01,  3.8684845278476594E+01, -8.5934037663548685E-16,3669,3669,  4.8540000000000250E-03,  2.1681355488324168E+00, -5.6637289023351670E+01
2,1,1,  5.0000000000000001E-04,  7.0000000000000007E-01,  2.1974434151419953E+00,  1.4638846862181292E+00,  4.1756712328411794E+01, -7.3355872892386031E-01,  3.8820659786793847E+01, -6.6954775057581631E-16,4297,4297,  5.7550000000000101E-03,  2.1974434151419953E+00, -5.6051131697160095E+01
2,1,1,  5.0000000000000001E-04,  8.0000000000000004E-01,  2.2188312151234415E+00,  1.3510363655254152E+00,  4.1622476207737634E+01, -8.6779484959802033E-01,  3.8916728387979973E+01,  2.4409085863652535E-15,4897,4897,  6.6670000000000063E-03,  2.2188312151234415E+00, -5.5623375697531174E+01
2,1,1,  5.0000000000000001E-04,  9.0000000000000002E-01,  2.2349449634260448E+00,  1.2465411228661052E+00,  4.1501867216775722E+01, -9.8840384055993269E-01,  3.8990297058598664E+01,  7.9389272933383386E-16,5497,5497,  7.5680000000000192E-03,  2.2349449634260448E+00, -5.5301100731479110E+01
2,1,1,  5.0000000000000001E-04,  1.0000000000000000E+00,  2.2470021136414018E+00,  1.1487433092343844E+00,  4.1392012252928645E+01, -1.0982588044070098E+00,  3.9053100399488770E+01, -2.0830559499529499E-16,6097,6097,  8.4760000000000113E-03,  2.2470021136414018E+00, -5.5059957727171970E+01
2,1,2,  2.0000000000000000E-03,  1.0000000000000001E-01,  4.9875236569306614E-01,  3.8300690419501526E-01,  4.2374525595837603E+01, -1.1574546149805087E-01,  1.2533267005228744E+01,  4.0467629247586956E-16,196,196,  2.2600000000000398E-04,  4.9875236569306614E-01, -9.0024952686138676E+01
2,1,2,  2.0000000000000000E-03,  2.0000000000000001E-01,  9.6567949986285639E-01,  7.5894523723080942E-01,  4.2283536794703608E+01, -2.0673426263204675E-01,  1.2897499415765708E+01,  3.0919711235810611E-16,346,346,  4.2499999999998095E-04,  9.6567949986285639E-01, -8.0686410002742875E+01
2,1,2,  2.0000000000000000E-03,  2.9999999999999999E-01,  1.3953224636721915E+00,  1.1133985423523396E+00,  4.2208347136015803E+01, -2.8192392131985144E-01,  1.3027945387312219E+01,  1.1072254224586687E-15,496,496,  6.2399999999998568E-04,  1.3953224636721915E+00, -7.2093550726556174E+01
2,1,2,  2.0000000000000000E-03,  4.0000000000000002E-01,  1.7813853515410609E+00,  1.4385891123894143E+00,  4.2147474818184008E+01, -3.4279623915164592E-01,  1.2882882119564069E+01, -1.0214051826551441E-15,646,646,  8.3700000000000441E-04,  1.7813853515410609E+00, -6.4372292969178787E+01
2,1,2,  2.0000000000000000E-03,  5.0000000000000000E-01,  2.1211498488933485E+00,  1.7313916786913968E+00,  4.2100512887133704E+01, -3.8975817020195080E-01,  1.2346419369252576E+01,  1.0006995232458849E-15,796,796,  1.0369999999999824E-03,  2.1211498488933485E+00, -5.7577003022133034E+01
2,1,2,  2.0000000000000000E-03,  5.9999999999999998E-01,  2.1728379845982038E+00,  1.5922788441306326E+00,  4.1909711916868083E+01, -5.8055914046757096E-01,  3.8682277189740397E+01, -1.1630696405973141E-15,978,978,  1.5539999999999998E-03,  2.1728379845982038E+00, -5.6543240308035926E+01
2,1,2,  2.0000000000000000E-03,  7.0000000000000007E-01,  2.2016315640461430E+00,  1.4674343546154298E+00,  4.1756073847904943E+01, -7.3419720943071098E-01,  3.8811870879356562E+01,  1.2246870184640102E-15,1160,1160,  1.8419999999999825E-03,  2.2016315640461430E+00, -5.5967368719077143E+01
2,1,2,  2.0000000000000000E-03,  8.0000000000000004E-01,  2.2213624441304600E+00,  1.3532632314420363E+00,  4.1622171844647234E+01, -8.6809921268842061E-01,  3.8898393533481325E+01, -1.9650947535865271E-16,1313,1313,  2.0709999999999895E-03,  2.2213624441304600E+00, -5.5572751117390801E+01
2,1,2,  2.0000000000000000E-03,  9.0000000000000002E-01,  2.2349445659862908E+00,  1.2466335440021281E+00,  4.1501960035351495E+01, -9.8831102198415977E-01,  3.8965391020758055E+01, -1.2337908472659364E-15,1463,1463,  2.2959999999999925E-03,  2.2349445659862908E+00, -5.5301108680274190E+01
2,1,2,  2.0000000000000000E-03,  1.0000000000000000E+00,  2.2438569866776787E+00,  1.1461084988478474E+00,  4.1392522569505829E+01, -1.0977484878298256E+00,  3.9021574859244211E+01, -4.5918824298496476E-16,1613,1613,  2.5219999999999965E-03,  2.2438569866776787E+00, -5.5122860266446430E+01
2,1,2,  1.0000000000000000E-03,  1.0000000000000001E-01,  4.9770389920996139E-01,  3.8227545297984222E-01,  4.2374842611105535E+01, -1.1542844623011916E-01,  1.2531009552547708E+01, -7.0543570984682448E-16,346,346,  5.0000000000000044E-04,  4.9770389920996139E-01, -9.0045922015800770E+01
2,1,2,  1.0000000000000000E-03,  2.0000000000000001E-01,  9.6456534713785014E-01,  7.5810153680812020E-01,  4.2283807247005925E+01, -2.0646381032972982E-01,  1.2894085442915866E+01, -5.1847415249994813E-17,646,646,  8.9199999999997615E-04,  9.6456534713785014E-01, -8.0708693057242996E+01
2,1,2,  1.0000000000000000E-03,  2.9999999999999999E-01,  1.3941605317762711E+00,  1.1124594997429236E+00,  4.2208570025302308E+01, -2.8170103203334662E-01,  1.3023904109475470E+01, -1.9617640845126517E-16,946,946,  1.3289999999999969E-03,  1.3941605317762711E+00, -7.2116789364474585E+01
2,1,2,  1.0000000000000000E-03,  4.0000000000000002E-01,  1.7802008234693043E+00,  1.4375825577127828E+00,  4.2147652791579134E+01, -3.4261826575652066E-01,  1.2877986365641675E+01, -1.2690404282977852E-15,1246,1246,  1.7199999999999993E-03,  1.7802008234693043E+00, -6.4395983530613918E+01
2,1,2,  1.0000000000000000E-03,  5.0000000000000000E-01,  2.1199751805517262E+00,  1.7303515746157154E+00,  4.2100647451399645E+01, -3.8962360593600920E-01,  1.2342590527890160E+01, -4.7334358654893555E-16,1546,1546,  2.3719999999999852E-03,  2.1199751805517262E+00, -5.7600496388965482E+01
2,1,2,  1.0000000000000000E-03,  5.9999999999999998E-01,  2.1696965598052276E+00,  1.5896784786423852E+00,  4.1910252976172814E+01, -5.8001808116284082E-01,  3.8683985596004554E+01, -6.4226401974565307E-16,1875,1875,  2.8889999999999749E-03,  2.1696965598052276E+00, -5.6606068803895454E+01
2,1,2,  1.0000000000000000E-03,  7.0000000000000007E-01,  2.1987245819005197E+00,  1.4649746708872624E+00,  4.1756521146322399E+01, -7.3374991101325548E-01,  3.8813911694839561E+01,  1.1912693054227929E-16,2208,2208,  3.3999999999999864E-03,  2.1987245819005197E+00, -5.6025508361989608E+01
2,1,2,  1.0000000000000000E-03,  8.0000000000000004E-01,  2.2186934095447262E+00,  1.3509560977793764E+00,  4.1622533745570308E+01, -8.6773731176534596E-01,  3.8900285923704480E+01, -1.5037970868547745E-15,2508,2508,  3.8959999999999828E-03,  2.2186934095447262E+00, -5.5626131809105480E+01
2,1,2,  1.0000000000000000E-03,  9.0000000000000002E-01,  2.2324991520929571E+00,  1.2444764513411670E+00,  4.1502248356583870E+01, -9.8802270075178455E-01,  3.8967170784826173E+01, -2.3508972546437692E-16,2808,2808,  4.3819999999999970E-03,  2.2324991520929571E+00, -5.5350016958140863E+01
2,1,2,  1.0000000000000000E-03,  1.0000000000000000E+00,  2.2416186092086230E+00,  1.1440957633016677E+00,  4.1392748211428703E+01, -1.0975228459069513E+00,  3.9023245137275552E+01, -7.4212858081068588E-16,3108,3108,  4.8279999999999990E-03,  2.2416186092086230E+00, -5.5167627815827544E+01
2,1,2,  5.0000000000000001E-04,  1.0000000000000001E-01,  4.9717945933410401E-01,  3.8191104654074165E-01,  4.2375002644542292E+01, -1.1526841279336253E-01,  1.2529883040217378E+01,  1.4408474413585281E-15,639,639,  1.3009999999999966E-03,  4.9717945933410401E-01, -9.0056410813317925E+01
2,1,2,  5.0000000000000001E-04,  2.0000000000000001E-01,  9.6400811722831736E-01,  7.5768088108331766E-01,  4.2283943821190654E+01, -2.0632723614500037E-01,  1.2892373117600251E+01, -1.6260881530172355E-15,1239,1239,  2.1349999999999980E-03,  9.6400811722831736E-01, -8.0719837655433651E+01
2,1,2,  5.0000000000000001E-04,  2.9999999999999999E-01,  1.3935796344216207E+00,  1.1119911572642212E+00,  4.2208682580178255E+01, -2.8158847715739910E-01,  1.3021877491545045E+01,  8.5401130611728609E-16,1839,1839,  2.9220000000000079E-03,  1.3935796344216207E+00, -7.2128407311567585E+01
2,1,2,  5.0000000000000001E-04,  4.0000000000000002E-01,  1.7796087827077007E+00,  1.4370804176516174E+00,  4.2147742692279571E+01, -3.4252836505608286E-01,  1.2875528797100770E+01, -2.1382895454280514E-16,2439,2439,  3.8330000000000031E-03,  1.7796087827077007E+00, -6.4407824345845995E+01
2,1,2,  5.0000000000000001E-04,  5.0000000000000000E-01,  2.1193880679657928E+00,  1.7298325536113284E+00,  4.2100715542981192E+01, -3.8955551435446267E-01,  1.2340671618673603E+01,  4.3812176109270240E-17,3039,3039,  4.7949999999999937E-03,  2.1193880679657928E+00, -5.7612238640684147E+01
2,1,2,  5.0000000000000001E-04,  5.9999999999999998E-01,  2.1681279195304897E+00,  1.5883770286120402E+00,  4.1910520166417207E+01, -5.7975089091844723E-01,  3.8684849550548236E+01, -9.6259111792562628E-16,3669,3669,  5.7169999999999999E-03,  2.1681279195304897E+00, -5.6637441609390208E+01
2,1,2,  5.0000000000000001E-04,  7.0000000000000007E-01,  2.1972718973120733E+00,  1.4637452042664023E+00,  4.1756744364289986E+01, -7.3352669304566831E-01,  3.8814930507392837E+01,  2.1004309402883337E-15,4297,4297,  6.6360000000000030E-03,  2.1972718973120733E+00, -5.6054562053758538E+01
2,1,2,  5.0000000000000001E-04,  8.0000000000000004E-01,  2.2173595515115090E+00,  1.3498028645429450E+00,  4.1622714370367092E+01, -8.6755668696856247E-01,  3.8901231563111750E+01,  4.1591730060019925E-16,4897,4897,  7.5340000000000129E-03,  2.2173595515115090E+00, -5.5652808969769822E+01
2,1,2,  5.0000000000000001E-04,  9.0000000000000002E-01,  2.2312769560505457E+00,  1.2433982137652502E+00,  4.1502392315050365E+01, -9.8787874228528949E-01,  3.8968060038502948E+01,  5.6185611718717615E-16,5497,5497,  8.4309999999999941E-03,  2.2312769560505457E+00, -5.5374460878989090E+01
2,1,2,  5.0000000000000001E-04,  1.0000000000000000E+00,  2.2404998099089810E+00,  1.1430896733286449E+00,  4.1392860920755325E+01, -1.0974101365803293E+00,  3.9024079579452440E+01,  7.2256090000166754E-16,6097,6097,  9.4710000000000072E-03,  2.2404998099089810E+00, -5.5190003801820382E+01
2,2,0,  2.0000000000000000E-03,  1.0000000000000001E-01,  0.0000000000000000E+00,  0.0000000000000000E+00,  4.2490271057335654E+01,  0.0000000000000000E+00,  0.0000000000000000E+00,  0.0000000000000000E+00,50,50,  9.3000000000009742E-05,  4.0000000000000000E+00, -2.0000000000000000E+01
2,2,0,  2.0000000000000000E-03,  2.0000000000000001E-01,  0.0000000000000000E+00,  0.0000000000000000E+00,  4.2490271057335654E+01,  0.0000000000000000E+00,  0.0000000000000000E+00,  0.0000000000000000E+00,100,100,  1.9299999999999873E-04,  4.0000000000000000E+00, -2.0000000000000000E+01
2,2,0,  2.0000000000000000E-03,  2.9999999999999999E-01,  0.0000000000000000E+00,  0.0000000000000000E+00,  4.2490271057335654E+01,  0.0000000000000000E+00,  0.0000000000000000E+00,  0.0000000000000000E+00,150,150,  2.9100000000001347E-04,  4.0000000000000000E+00, -2.0000000000000000E+01
2,2,0,  2.0000000000000000E-03,  4.0000000000000002E-01,  0.0000000000000000E+00,  0.0000000000000000E+00,  4.2490271057335654E+01,  0.0000000000000000E+00,  0.0000000000000000E+00,  0.0000000000000000E+00,200,200,  3.9000000000000146E-04,  4.0000000000000000E+00, -2.0000000000000000E+01
2,2,0,  2.0000000000000000E-03,  5.0000000000000000E-01,  0.0000000000000000E+00,  0.0000000000000000E+00,  4.2490271057335654E+01,  0.0000000000000000E+00,  0.0000000000000000E+00,  0.0000000000000000E+00,250,250,  5.1400000000001445E-04,  4.0000000000000000E+00, -2.0000000000000000E+01
2,2,0,  2.0000000000000000E-03,  5.9999999999999998E-01,  0.0000000000000000E+00, -2.0373801047929874E-01,  4.2286533046856356E+01, -2.0373801047929874E-01,  3.8144259895559280E+01, -7.9403150721191197E-16,455,455,  7.3600000000001442E-04,  4.0000000000000000E+00, -2.0000000000000000E+01
2,2,0,  2.0000000000000000E-03,  7.0000000000000007E-01,  0.0000000000000000E+00, -3.7733209633216802E-01,  4.2112938961003486E+01, -3.7733209633216802E-01,  3.8363123112019295E+01,  1.1235457009206585E-15,631,631,  9.6200000000001840E-04,  4.0000000000000000E+00, -2.0000000000000000E+01
2,2,0,  2.0000000000000000E-03,  8.0000000000000004E-01,  0.0000000000000000E+00, -5.3263985260850433E-01,  4.1957631204727150E+01, -5.3263985260850433E-01,  3.8521244959439358E+01,  1.6219248166748912E-15,781,781,  1.1530000000000151E-03,  4.0000000000000000E+00, -2.0000000000000000E+01
2,2,0,  2.0000000000000000E-03,  9.0000000000000002E-01,  0.0000000000000000E+00, -6.7374934507913053E-01,  4.1816521712256524E+01, -6.7374934507913053E-01,  3.8653674693901067E+01, -3.8857805861880479E-16,937,937,  1.3500000000000179E-03,  4.0000000000000000E+00, -2.0000000000000000E+01
2,2,0,  2.0000000000000000E-03,  1.0000000000000000E+00,  0.0000000000000000E+00, -8.0209330785029920E-01,  4.1688177749485355E+01, -8.0209330785029920E-01,  3.8770452218114848E+01,  1.5286660826063781E-15,1116,1116,  1.5770000000000228E-03,  4.0000000000000000E+00, -2.0000000000000000E+01
2,2,0,  1.0000000000000000E-03,  1.0000000000000001E-01,  0.0000000000000000E+00,  0.0000000000000000E+00,  4.2490271057335654E+01,  0.0000000000000000E+00,  0.0000000000000000E+00,  0.0000000000000000E+00,100,100,  2.4899999999999922E-04,  4.0000000000000000E+00, -2.0000000000000000E+01
2,2,0,  1.0000000000000000E-03,  2.0000000000000001E-01,  0.0000000000000000E+00,  0.0000000000000000E+00,  4.2490271057335654E+01,  0.0000000000000000E+00,  0.0000000000000000E+00,  0.0000000000000000E+00,200,200,  5.2000000000002045E-04,  4.0000000000000000E+00, -2.0000000000000000E+01
2,2,0,  1.0000000000000000E-03,  2.9999999999999999E-01,  0.0000000000000000E+00,  0.0000000000000000E+00,  4.2490271057335654E+01,  0.0000000000000000E+00,  0.0000000000000000E+00,  0.0000000000000000E+00,300,300,  7.1200000000001817E-04,  4.0000000000000000E+00, -2.0000000000000000E+01
2,2,0,  1.0000000000000000E-03,  4.0000000000000002E-01,  0.0000000000000000E+00,  0.0000000000000000E+00,  4.2490271057335654E+01,  0.0000000000000000E+00,  0.0000000000000000E+00,  0.0000000000000000E+00,400,400,  9.0300000000001490E-04,  4.0000000000000000E+00, -2.0000000000000000E+01
2,2,0,  1.0000000000000000E-03,  5.0000000000000000E-01,  0.0000000000000000E+00,  0.0000000000000000E+00,  4.2490271057335654E+01,  0.0000000000000000E+00,  0.0000000000000000E+00,  0.0000000000000000E+00,500,500,  1.2810000000000044E-03,  4.0000000000000000E+00, -2.0000000000000000E+01
2,2,0,  1.0000000000000000E-03,  5.9999999999999998E-01,  0.0000000000000000E+00, -2.0375441497177604E-01,  4.2286516642363878E+01, -2.0375441497177604E-01,  3.8146314198150932E+01,  1.5408785358772547E-15,861,861,  1.7189999999999983E-03,  4.0000000000000000E+00, -2.0000000000000000E+01
2,2,0,  1.0000000000000000E-03,  7.0000000000000007E-01,  0.0000000000000000E+00, -3.7732143977472532E-01,  4.2112949617560929E+01, -3.7732143977472532E-01,  3.8364123181999744E+01,  1.6621148901663219E-15,1178,1178,  2.1059999999999968E-03,  4.0000000000000000E+00, -2.0000000000000000E+01
2,2,0,  1.0000000000000000E-03,  8.0000000000000004E-01,  0.0000000000000000E+00, -5.3262523197459899E-01,  4.1957645825361055E+01, -5.3262523197459899E-01,  3.8521945452198054E+01, -1.3074541449498156E-15,1478,1478,  2.4959999999999982E-03,  4.0000000000000000E+00, -2.0000000000000000E+01
2,2,0,  1.0000000000000000E-03,  9.0000000000000002E-01,  0.0000000000000000E+00, -6.7373052278637857E-01,  4.1816540534549276E+01, -6.7373052278637857E-01,  3.8654893358070609E+01, -7.1387340483397562E-16,1789,1789,  2.8990000000000127E-03,  4.0000000000000000E+00, -2.0000000000000000E+01
2,2,0,  1.0000000000000000E-03,  1.0000000000000000E+00,  0.0000000000000000E+00, -8.0205977111839388E-01,  4.1688211286217260E+01, -8.0205977111839388E-01,  3.8771000780297292E+01,  3.8746783559417966E-16,2107,2107,  3.3170000000000144E-03,  4.0000000000000000E+00, -2.0000000000000000E+01
2,2,0,  5.0000000000000001E-04,  1.0000000000000001E-01,  0.0000000000000000E+00,  0.0000000000000000E+00,  4.2490271057335654E+01,  0.0000000000000000E+00,  0.0000000000000000E+00,  0.0000000000000000E+00,200,200,  3.8300000000002221E-04,  4.0000000000000000E+00, -2.0000000000000000E+01
2,2,0,  5.0000000000000001E-04,  2.0000000000000001E-01,  0.0000000000000000E+00,  0.0000000000000000E+00,  4.2490271057335654E+01,  0.0000000000000000E+00,  0.0000000000000000E+00,  0.0000000000000000E+00,400,400,  8.1900000000001416E-04,  4.0000000000000000E+00, -2.0000000000000000E+01
2,2,0,  5.0000000000000001E-04,  2.9999999999999999E-01,  0.0000000000000000E+00,  0.0000000000000000E+00,  4.2490271057335654E+01,  0.0000000000000000E+00,  0.0000000000000000E+00,  0.0000000000000000E+00,600,600,  1.2470000000000259E-03,  4.0000000000000000E+00, -2.0000000000000000E+01
2,2,0,  5.0000000000000001E-04,  4.0000000000000002E-01,  0.0000000000000000E+00,  0.0000000000000000E+00,  4.2490271057335654E+01,  0.0000000000000000E+00,  0.0000000000000000E+00,  0.0000000000000000E+00,800,800,  1.6240000000000143E-03,  4.0000000000000000E+00, -2.0000000000000000E+01
2,2,0,  5.0000000000000001E-04,  5.0000000000000000E-01,  0.0000000000000000E+00,  0.0000000000000000E+00,  4.2490271057335654E+01,  0.0000000000000000E+00,  0.0000000000000000E+00,  0.0000000000000000E+00,1000,1000,  2.0010000000000028E-03,  4.0000000000000000E+00, -2.0000000000000000E+01
2,2,0,  5.0000000000000001E-04,  5.9999999999999998E-01,  0.0000000000000000E+00, -2.0376072245201726E-01,  4.2286510334883637E+01, -2.0376072245201726E-01,  3.8147322075667986E+01,  4.6629367034256577E-16,1675,1675,  2.7760000000000007E-03,  4.0000000000000000E+00, -2.0000000000000000E+01
2,2,0,  5.0000000000000001E-04,  7.0000000000000007E-01,  0.0000000000000000E+00, -3.7731472222898788E-01,  4.2112956335106666E+01, -3.7731472222898788E-01,  3.8364619168825136E+01, -2.2554180745260054E-16,2275,2275,  3.5440000000000194E-03,  4.0000000000000000E+00, -2.0000000000000000E+01
2,2,0,  5.0000000000000001E-04,  8.0000000000000004E-01,  0.0000000000000000E+00, -5.3261674242553880E-01,  4.1957654314910116E+01, -5.3261674242553880E-01,  3.8522293422311087E+01,  3.0203617384927383E-16,2875,2875,  4.3170000000000153E-03,  4.0000000000000000E+00, -2.0000000000000000E+01
2,2,0,  5.0000000000000001E-04,  9.0000000000000002E-01,  0.0000000000000000E+00, -6.7371970694460970E-01,  4.1816551350391045E+01, -6.7371970694460970E-01,  3.8655472381084266E+01, -7.5056627579783712E-16,3498,3498,  5.1000000000000212E-03,  4.0000000000000000E+00, -2.0000000000000000E+01
2,2,0,  5.0000000000000001E-04,  1.0000000000000000E+00,  0.0000000000000000E+00, -8.0204197371207187E-01,  4.1688229083623582E+01, -8.0204197371207187E-01,  3.8771272812523364E+01, -2.4952262478450394E-17,4099,4099,  5.9120000000000006E-03,  4.0000000000000000E+00, -2.0000000000000000E+01
2,2,1,  2.0000000000000000E-03,  1.0000000000000001E-01,  0.0000000000000000E+00,  0.0000000000000000E+00,  4.2490271057335654E+01,  0.0000000000000000E+00,  0.0000000000000000E+00,  0.0000000000000000E+00,50,50,  1.2800000000001699E-04,  4.0000000000000000E+00, -2.0000000000000000E+01
2,2,1,  2.0000000000000000E-03,  2.0000000000000001E-01,  0.0000000000000000E+00,  0.0000000000000000E+00,  4.2490271057335654E+01,  0.0000000000000000E+00,  0.0000000000000000E+00,  0.0000000000000000E+00,100,100,  2.4699999999999722E-04,  4.0000000000000000E+00, -2.0000000000000000E+01
2,2,1,  2.0000000000000000E-03,  2.9999999999999999E-01,  0.0000000000000000E+00,  0.0000000000000000E+00,  4.2490271057335654E+01,  0.0000000000000000E+00,  0.0000000000000000E+00,  0.0000000000000000E+00,150,150,  3.6500000000000421E-04,  4.0000000000000000E+00, -2.0000000000000000E+01
2,2,1,  2.0000000000000000E-03,  4.0000000000000002E-01,  0.0000000000000000E+00,  0.0000000000000000E+00,  4.2490271057335654E+01,  0.0000000000000000E+00,  0.0000000000000000E+00,  0.0000000000000000E+00,200,200,  4.8300000000001120E-04,  4.0000000000000000E+00, -2.0000000000000000E+01
2,2,1,  2.0000000000000000E-03,  5.0000000000000000E-01,  0.0000000000000000E+00,  0.0000000000000000E+00,  4.2490271057335654E+01,  0.0000000000000000E+00,  0.0000000000000000E+00,  0.0000000000000000E+00,250,250,  6.0099999999999043E-04,  4.0000000000000000E+00, -2.0000000000000000E+01
2,2,1,  2.0000000000000000E-03,  5.9999999999999998E-01,  0.0000000000000000E+00, -2.0373801047929874E-01,  4.2286533046856356E+01, -2.0373801047929874E-01,  3.8144259895559280E+01, -7.9403150721191197E-16,455,455,  8.4300000000001041E-04,  4.0000000000000000E+00, -2.0000000000000000E+01
2,2,1,  2.0000000000000000E-03,  7.0000000000000007E-01,  0.0000000000000000E+00, -3.7733209633216802E-01,  4.2112938961003486E+01, -3.7733209633216802E-01,  3.8363123112019295E+01,  1.1235457009206585E-15,631,631,  1.0749999999999926E-03,  4.0000000000000000E+00, -2.0000000000000000E+01
2,2,1,  2.0000000000000000E-03,  8.0000000000000004E-01,  0.0000000000000000E+00, -5.3263985260850433E-01,  4.1957631204727150E+01, -5.3263985260850433E-01,  3.8521244959439358E+01,  1.6219248166748912E-15,781,781,  1.2979999999999936E-03,  4.0000000000000000E+00, -2.0000000000000000E+01
2,2,1,  2.0000000000000000E-03,  9.0000000000000002E-01,  0.0000000000000000E+00, -6.7374934507913053E-01,  4.1816521712256524E+01, -6.7374934507913053E-01,  3.8653674693901067E+01, -3.8857805861880479E-16,937,937,  1.5779999999999961E-03,  4.0000000000000000E+00, -2.0000000000000000E+01
2,2,1,  2.0000000000000000E-03,  1.0000000000000000E+00,  0.0000000000000000E+00, -8.0209330785029920E-01,  4.1688177749485355E+01, -8.0209330785029920E-01,  3.8770452218114848E+01,  1.5286660826063781E-15,1116,1116,  1.8450000000000133E-03,  4.0000000000000000E+00, -2.0000000000000000E+01
2,2,1,  1.0000000000000000E-03,  1.0000000000000001E-01,  0.0000000000000000E+00,  0.0000000000000000E+00,  4.2490271057335654E+01,  0.0000000000000000E+00,  0.0000000000000000E+00,  0.0000000000000000E+00,100,100,  2.2500000000000298E-04,  4.0000000000000000E+00, -2.0000000000000000E+01
2,2,1,  1.0000000000000000E-03,  2.0000000000000001E-01,  0.0000000000000000E+00,  0.0000000000000000E+00,  4.2490271057335654E+01,  0.0000000000000000E+00,  0.0000000000000000E+00,  0.0000000000000000E+00,200,200,  4.9600000000002420E-04,  4.0000000000000000E+00, -2.0000000000000000E+01
2,2,1,  1.0000000000000000E-03,  2.9999999999999999E-01,  0.0000000000000000E+00,  0.0000000000000000E+00,  4.2490271057335654E+01,  0.0000000000000000E+00,  0.0000000000000000E+00,  0.0000000000000000E+00,300,300,  7.2800000000000642E-04,  4.0000000000000000E+00, -2.0000000000000000E+01
2,2,1,  1.0000000000000000E-03,  4.0000000000000002E-01,  0.0000000000000000E+00,  0.0000000000000000E+00,  4.2490271057335654E+01,  0.0000000000000000E+00,  0.0000000000000000E+00,  0.0000000000000000E+00,400,400,  9.5800000000001440E-04,  4.0000000000000000E+00, -2.0000000000000000E+01
2,2,1,  1.0000000000000000E-03,  5.0000000000000000E-01,  0.0000000000000000E+00,  0.0000000000000000E+00,  4.2490271057335654E+01,  0.0000000000000000E+00,  0.0000000000000000E+00,  0.0000000000000000E+00,500,500,  1.1970000000000036E-03,  4.0000000000000000E+00, -2.0000000000000000E+01
2,2,1,  1.0000000000000000E-03,  5.9999999999999998E-01,  0.0000000000000000E+00, -2.0375441497177604E-01,  4.2286516642363878E+01, -2.0375441497177604E-01,  3.8146314198150932E+01,  1.5408785358772547E-15,861,861,  1.6560000000000186E-03,  4.0000000000000000E+00, -2.0000000000000000E+01
2,2,1,  1.0000000000000000E-03,  7.0000000000000007E-01,  0.0000000000000000E+00, -3.7732143977472532E-01,  4.2112949617560929E+01, -3.7732143977472532E-01,  3.8364123181999744E+01,  1.6621148901663219E-15,1178,1178,  2.0850000000000035E-03,  4.0000000000000000E+00, -2.0000000000000000E+01
2,2,1,  1.0000000000000000E-03,  8.0000000000000004E-01,  0.0000000000000000E+00, -5.3262523197459899E-01,  4.1957645825361055E+01, -5.3262523197459899E-01,  3.8521945452198054E+01, -1.3074541449498156E-15,1478,1478,  2.5140000000000162E-03,  4.0000000000000000E+00, -2.0000000000000000E+01
2,2,1,  1.0000000000000000E-03,  9.0000000000000002E-01,  0.0000000000000000E+00, -6.7373052278637857E-01,  4.1816540534549276E+01, -6.7373052278637857E-01,  3.8654893358070609E+01, -7.1387340483397562E-16,1789,1789,  2.9430000000000012E-03,  4.0000000000000000E+00, -2.0000000000000000E+01
2,2,1,  1.0000000000000000E-03,  1.0000000000000000E+00,  0.0000000000000000E+00, -8.0205977111839388E-01,  4.1688211286217260E+01, -8.0205977111839388E-01,  3.8771000780297292E+01,  3.8746783559417966E-16,2107,2107,  3.4160000000000024E-03,  4.0000000000000000E+00, -2.0000000000000000E+01
2,2,1,  5.0000000000000001E-04,  1.0000000000000001E-01,  0.0000000000000000E+00,  0.0000000000000000E+00,  4.2490271057335654E+01,  0.0000000000000000E+00,  0.0000000000000000E+00,  0.0000000000000000E+00,200,200,  4.6599999999999420E-04,  4.0000000000000000E+00, -2.0000000000000000E+01
2,2,1,  5.0000000000000001E-04,  2.0000000000000001E-01,  0.0000000000000000E+00,  0.0000000000000000E+00,  4.2490271057335654E+01,  0.0000000000000000E+00,  0.0000000000000000E+00,  0.0000000000000000E+00,400,400,  9.3899999999999539E-04,  4.0000000000000000E+00, -2.0000000000000000E+01
2,2,1,  5.0000000000000001E-04,  2.9999999999999999E-01,  0.0000000000000000E+00,  0.0000000000000000E+00,  4.2490271057335654E+01,  0.0000000000000000E+00,  0.0000000000000000E+00,  0.0000000000000000E+00,600,600,  1.4000000000000123E-03,  4.0000000000000000E+00, -2.0000000000000000E+01
2,2,1,  5.0000000000000001E-04,  4.0000000000000002E-01,  0.0000000000000000E+00,  0.0000000000000000E+00,  4.2490271057335654E+01,  0.0000000000000000E+00,  0.0000000000000000E+00,  0.0000000000000000E+00,800,800,  1.9859999999999878E-03,  4.0000000000000000E+00, -2.0000000000000000E+01
2,2,1,  5.0000000000000001E-04,  5.0000000000000000E-01,  0.0000000000000000E+00,  0.0000000000000000E+00,  4.2490271057335654E+01,  0.0000000000000000E+00,  0.0000000000000000E+00,  0.0000000000000000E+00,1000,1000,  2.6450000000000085E-03,  4.0000000000000000E+00, -2.0000000000000000E+01
2,2,1,  5.0000000000000001E-04,  5.9999999999999998E-01,  0.0000000000000000E+00, -2.0376072245201726E-01,  4.2286510334883637E+01, -2.0376072245201726E-01,  3.8147322075667986E+01,  4.6629367034256577E-16,1675,1675,  3.5310000000000064E-03,  4.0000000000000000E+00, -2.0000000000000000E+01
2,2,1,  5.0000000000000001E-04,  7.0000000000000007E-01,  0.0000000000000000E+00, -3.7731472222898788E-01,  4.2112956335106666E+01, -3.7731472222898788E-01,  3.8364619168825136E+01, -2.2554180745260054E-16,2275,2275,  4.4639999999999957E-03,  4.0000000000000000E+00, -2.0000000000000000E+01
2,2,1,  5.0000000000000001E-04,  8.0000000000000004E-01,  0.0000000000000000E+00, -5.3261674242553880E-01,  4.1957654314910116E+01, -5.3261674242553880E-01,  3.8522293422311087E+01,  3.0203617384927383E-16,2875,2875,  5.3759999999999919E-03,  4.0000000000000000E+00, -2.0000000000000000E+01
2,2,1,  5.0000000000000001E-04,  9.0000000000000002E-01,  0.0000000000000000E+00, -6.7371970694460970E-01,  4.1816551350391045E+01, -6.7371970694460970E-01,  3.8655472381084266E+01, -7.5056627579783712E-16,3498,3498,  6.3219999999999943E-03,  4.0000000000000000E+00, -2.0000000000000000E+01
2,2,1,  5.0000000000000001E-04,  1.0000000000000000E+00,  0.0000000000000000E+00, -8.0204197371207187E-01,  4.1688229083623582E+01, -8.0204197371207187E-01,  3.8771272812523364E+01, -2.4952262478450394E-17,4099,4099,  7.3209999999999942E-03,  4.0000000000000000E+00, -2.0000000000000000E+01
2,2,2,  2.0000000000000000E-03,  1.0000000000000001E-01,  0.0000000000000000E+00,  0.0000000000000000E+00,  4.2490271057335654E+01,  0.0000000000000000E+00,  0.0000000000000000E+00,  0.0000000000000000E+00,50,50,  1.1400000000000299E-04,  4.0000000000000000E+00, -2.0000000000000000E+01
2,2,2,  2.0000000000000000E-03,  2.0000000000000001E-01,  0.0000000000000000E+00,  0.0000000000000000E+00,  4.2490271057335654E+01,  0.0000000000000000E+00,  0.0000000000000000E+00,  0.0000000000000000E+00,100,100,  3.4699999999998621E-04,  4.0000000000000000E+00, -2.0000000000000000E+01
2,2,2,  2.0000000000000000E-03,  2.9999999999999999E-01,  0.0000000000000000E+00,  0.0000000000000000E+00,  4.2490271057335654E+01,  0.0000000000000000E+00,  0.0000000000000000E+00,  0.0000000000000000E+00,150,150,  4.6999999999999820E-04,  4.0000000000000000E+00, -2.0000000000000000E+01
2,2,2,  2.0000000000000000E-03,  4.0000000000000002E-01,  0.0000000000000000E+00,  0.0000000000000000E+00,  4.2490271057335654E+01,  0.0000000000000000E+00,  0.0000000000000000E+00,  0.0000000000000000E+00,200,200,  6.6700000000000093E-04,  4.0000000000000000E+00, -2.0000000000000000E+01
2,2,2,  2.0000000000000000E-03,  5.0000000000000000E-01,  0.0000000000000000E+00,  0.0000000000000000E+00,  4.2490271057335654E+01,  0.0000000000000000E+00,  0.0000000000000000E+00,  0.0000000000000000E+00,250,250,  7.8599999999998116E-04,  4.0000000000000000E+00, -2.0000000000000000E+01
2,2,2,  2.0000000000000000E-03,  5.9999999999999998E-01, -1.9710891676954179E-01, -3.3245883735145804E-01,  4.2354921136753738E+01, -1.3534992058191619E-01,  3.6831842994873647E+01,  7.8803630287893610E-16,446,446,  1.0759999999999936E-03,  3.8028910832304574E+00, -2.3942178335390849E+01
2,2,2,  2.0000000000000000E-03,  7.0000000000000007E-01, -3.7599270663924428E-01, -6.3416634400896021E-01,  4.2232097419965939E+01, -2.5817363736971544E-01,  3.7119963644549635E+01, -2.4458213232492197E-16,596,596,  1.2739999999999974E-03,  3.6240072933607537E+00, -2.7519854132784928E+01
2,2,2,  2.0000000000000000E-03,  8.0000000000000004E-01, -5.3174343832119930E-01, -9.0879438092662901E-01,  4.2113220114730225E+01, -3.7705094260542893E-01,  3.7387194021001307E+01, -2.5790480862042386E-16,761,761,  1.5119999999999856E-03,  3.4682565616787997E+00, -3.0634868766424006E+01
2,2,2,  2.0000000000000000E-03,  9.0000000000000002E-01, -6.6501695364676106E-01, -1.1587244731015922E+00,  4.1996563537880824E+01, -4.9370751945482994E-01,  3.7603359240013852E+01,  1.8463008899516354E-16,930,930,  1.7429999999999946E-03,  3.3349830463532384E+00, -3.3300339072935230E+01
2,2,2,  2.0000000000000000E-03,  1.0000000000000000E+00, -7.8434137202066045E-01, -1.3886452529776450E+00,  4.1885967176378671E+01, -6.0430388095698362E-01,  3.7790739438361847E+01, -4.5052850339288851E-16,1080,1080,  1.9509999999999805E-03,  3.2156586279793387E+00, -3.5686827440413225E+01
2,2,2,  1.0000000000000000E-03,  1.0000000000000001E-01,  0.0000000000000000E+00,  0.0000000000000000E+00,  4.2490271057335654E+01,  0.0000000000000000E+00,  0.0000000000000000E+00,  0.0000000000000000E+00,100,100,  2.2300000000000098E-04,  4.0000000000000000E+00, -2.0000000000000000E+01
2,2,2,  1.0000000000000000E-03,  2.0000000000000001E-01,  0.0000000000000000E+00,  0.0000000000000000E+00,  4.2490271057335654E+01,  0.0000000000000000E+00,  0.0000000000000000E+00,  0.0000000000000000E+00,200,200,  4.5200000000000795E-04,  4.0000000000000000E+00, -2.0000000000000000E+01
2,2,2,  1.0000000000000000E-03,  2.9999999999999999E-01,  0.0000000000000000E+00,  0.0000000000000000E+00,  4.2490271057335654E+01,  0.0000000000000000E+00,  0.0000000000000000E+00,  0.0000000000000000E+00,300,300,  7.8200000000000491E-04,  4.0000000000000000E+00, -2.0000000000000000E+01
2,2,2,  1.0000000000000000E-03,  4.0000000000000002E-01,  0.0000000000000000E+00,  0.0000000000000000E+00,  4.2490271057335654E+01,  0.0000000000000000E+00,  0.0000000000000000E+00,  0.0000000000000000E+00,400,400,  1.0130000000000139E-03,  4.0000000000000000E+00, -2.0000000000000000E+01
2,2,2,  1.0000000000000000E-03,  5.0000000000000000E-01,  0.0000000000000000E+00,  0.0000000000000000E+00,  4.2490271057335654E+01,  0.0000000000000000E+00,  0.0000000000000000E+00,  0.0000000000000000E+00,500,500,  1.3100000000000056E-03,  4.0000000000000000E+00, -2.0000000000000000E+01
2,2,2,  1.0000000000000000E-03,  5.9999999999999998E-01, -1.9843667174333815E-01, -3.3347716246484616E-01,  4.2355230566614146E+01, -1.3504049072150792E-01,  3.6834507936305421E+01, -5.9519056350154640E-16,850,850,  1.7810000000000048E-03,  3.8015633282566608E+00, -2.3968733434866792E+01
2,2,2,  1.0000000000000000E-03,  7.0000000000000007E-01, -3.7706271924756130E-01, -6.3507756561126205E-01,  4.2232256210971954E+01, -2.5801484636370020E-01,  3.7122314686798930E+01, -1.7130741269966165E-16,1150,1150,  2.1690000000000043E-03,  3.6229372807524354E+00, -2.7541254384951301E+01
2,2,2,  1.0000000000000000E-03,  8.0000000000000004E-01, -5.3255138698889382E-01, -9.0958803061703875E-01,  4.2113234413707509E+01, -3.7703664362814493E-01,  3.7389429318702234E+01, -6.7101879608344467E-16,1479,1479,  2.6009999999999922E-03,  3.4674486130111029E+00, -3.0651027739777945E+01
2,2,2,  1.0000000000000000E-03,  9.0000000000000002E-01, -6.6570189096944354E-01, -1.1594291961372039E+00,  4.1996543752167895E+01, -4.9372730516775931E-01,  3.7605152475749378E+01, -3.2829294838165877E-16,1780,1780,  3.0410000000000159E-03,  3.3342981090305530E+00, -3.3314037819388943E+01
2,2,2,  1.0000000000000000E-03,  1.0000000000000000E+00, -7.8491518624754142E-01, -1.3892767905076060E+00,  4.1885909453075591E+01, -6.0436160426006325E-01,  3.7792296941445663E+01,  8.7607698873171103E-16,2080,2080,  3.4600000000000186E-03,  3.2150848137524544E+00, -3.5698303724950918E+01
2,2,2,  5.0000000000000001E-04,  1.0000000000000001E-01,  0.0000000000000000E+00,  0.0000000000000000E+00,  4.2490271057335654E+01,  0.0000000000000000E+00,  0.0000000000000000E+00,  0.0000000000000000E+00,200,200,  5.1800000000001845E-04,  4.0000000000000000E+00, -2.0000000000000000E+01
2,2,2,  5.0000000000000001E-04,  2.0000000000000001E-01,  0.0000000000000000E+00,  0.0000000000000000E+00,  4.2490271057335654E+01,  0.0000000000000000E+00,  0.0000000000000000E+00,  0.0000000000000000E+00,400,400,  9.7900000000000764E-04,  4.0000000000000000E+00, -2.0000000000000000E+01
2,2,2,  5.0000000000000001E-04,  2.9999999999999999E-01,  0.0000000000000000E+00,  0.0000000000000000E+00,  4.2490271057335654E+01,  0.0000000000000000E+00,  0.0000000000000000E+00,  0.0000000000000000E+00,600,600,  1.4820000000000111E-03,  4.0000000000000000E+00, -2.0000000000000000E+01
2,2,2,  5.0000000000000001E-04,  4.0000000000000002E-01,  0.0000000000000000E+00,  0.0000000000000000E+00,  4.2490271057335654E+01,  0.0000000000000000E+00,  0.0000000000000000E+00,  0.0000000000000000E+00,800,800,  1.9399999999999973E-03,  4.0000000000000000E+00, -2.0000000000000000E+01
2,2,2,  5.0000000000000001E-04,  5.0000000000000000E-01,  0.0000000000000000E+00,  0.0000000000000000E+00,  4.2490271057335654E+01,  0.0000000000000000E+00,  0.0000000000000000E+00,  0.0000000000000000E+00,1000,1000,  2.4089999999999945E-03,  4.0000000000000000E+00, -2.0000000000000000E+01
2,2,2,  5.0000000000000001E-04,  5.9999999999999998E-01, -1.9912827845377656E-01, -3.3399059222062194E-01,  4.2355408743568809E+01, -1.3486231376684543E-01,  3.6835844703537347E+01,  1.9484414082171499E-16,1644,1644,  3.2220000000000026E-03,  3.8008717215462258E+00, -2.3982565569075490E+01
2,2,2,  5.0000000000000001E-04,  7.0000000000000007E-01, -3.7761921125962961E-01, -6.3553664777344410E-01,  4.2232353620821840E+01, -2.5791743651381438E-01,  3.7123498454095319E+01,  9.6533891991157367E-17,2244,2244,  4.0120000000000156E-03,  3.6223807887403736E+00, -2.7552384225192526E+01
2,2,2,  5.0000000000000001E-04,  8.0000000000000004E-01, -5.3297277196666104E-01, -9.0998749378088173E-01,  4.2113256335521434E+01, -3.7701472181421991E-01,  3.7390547930669292E+01,  1.6623646903468625E-15,2864,2864,  4.8890000000000045E-03,  3.4670272280333436E+00, -3.0659455439333129E+01
2,2,2,  5.0000000000000001E-04,  9.0000000000000002E-01, -6.6605856453642198E-01, -1.1597834540645324E+00,  4.1996546167807544E+01, -4.9372488952811011E-01,  3.7606055413169365E+01, -4.4889092443156647E-16,3464,3464,  5.7460000000000011E-03,  3.3339414354635801E+00, -3.3321171290728401E+01
2,2,2,  5.0000000000000001E-04,  1.0000000000000000E+00, -7.8521382007587370E-01, -1.3895937830832281E+00,  4.1885891094328301E+01, -6.0437996300735364E-01,  3.7793081311513077E+01, -8.5881302069878985E-16,4064,4064,  6.5979999999999928E-03,  3.2147861799241260E+00, -3.5704276401517490E+01
