geometry,bottom_mode,profile,window,stop_code,solver_status,solver_route,steps,completed,iterations,transfer_cm,bottom_cm,storage_change_cm,ledger_residual_cm,max_step_soil_residual_cm,first_transfer_cm,cpu_seconds,history,external_calls,flux_calls,head_calls,evaluations,within_solve_switches,accepted_regime_switches,h_min,h_max,theta_min,theta_max,water_l1_diff_cm,head_inf_diff_cm
2,7,1,1,0,1,legacy-reference-bound,1,1,49, -4.0023957654144998E-01, -1.1883773320554183E-01,  2.8140184333602569E-01,  1.1754486273218845E-13,  1.1771139618588222E-13, -4.0023957654144998E-01,  1.5999999999999999E-04,1,50,0,50,50,0,0, -3.9749244188228616E+01,  1.8573903651758947E-01,  3.8361539658911059E-01,  4.2299999999999999E-01, -1.0000000000000000E+00, -1.0000000000000000E+00
2,7,1,1,0,1,legacy-reference-bound,2,2,66, -6.5640097518367124E-01, -3.1137567609859901E-01,  3.4502529908495605E-01, -1.1618483952702263E-13,  6.3005156647477634E-14, -2.9679214135775361E-01,  1.2799999999999986E-04,1,68,0,68,68,0,0, -6.3650798094006333E+00,  1.3673227121893097E-01,  4.1962265821997635E-01,  4.2299999999999999E-01,  6.3623455748930163E-02,  3.3384164378827982E+01
2,7,1,1,1,2,legacy-reference-retry,4,3,178, -6.8809039361046098E-01, -3.3939943784488324E-01,  3.4869095576559506E-01,  1.7319479184152442E-14,  3.9898639947466563E-14, -2.2997737149735548E-01,  9.8399999999999963E-04,1,739,0,739,739,0,0, -7.0064886602495746E-01,  1.5220724721104290E-01,  4.2286137528862977E-01,  4.2299999999999999E-01, -1.0000000000000000E+00, -1.0000000000000000E+00
2,7,1,1,1,2,legacy-reference-retry,8,3,146, -4.7200681776747999E-01, -1.2391351150148475E-01,  3.4809330626596990E-01, -2.5340840537069198E-14,  1.8332557694122897E-14, -1.7863292045968321E-01,  3.8399999999999979E-04,1,169,0,169,169,0,0, -2.1514272903583214E+00,  8.2023458692236387E-02,  4.2229298635017820E-01,  4.2299999999999999E-01, -1.0000000000000000E+00, -1.0000000000000000E+00
2,7,1,1,0,1,legacy-reference-bound,16,16,122, -1.3265671406521840E+00, -9.7773756017529712E-01,  3.4882958047696522E-01,  7.8381745538536052E-14,  9.7172270230316826E-14, -1.3854839672071509E-01,  2.7699999999999990E-04,1,147,0,147,147,0,0,  1.9999999999999993E-02,  2.0000000000000025E-02,  4.2299999999999999E-01,  4.2299999999999999E-01, -1.0000000000000000E+00, -1.0000000000000000E+00
2,7,1,1,1,2,legacy-reference-retry,32,6,194, -4.3631270587741722E-01, -8.7485339320898581E-02,  3.4882736655651692E-01, -1.7208456881689926E-15,  4.8502868388311526E-15, -1.0934696548166700E-01,  9.1999999999999981E-04,1,670,0,670,670,0,0, -4.0780366035610680E-02,  7.3978560809688426E-02,  4.2299778607955163E-01,  4.2299999999999999E-01, -1.0000000000000000E+00, -1.0000000000000000E+00
2,7,1,1,1,2,legacy-reference-retry,64,6,170, -3.7285843990877648E-01, -2.4489391553249779E-02,  3.4836904835553129E-01,  4.5796699765787707E-15,  4.0324189300167124E-15, -8.9388801843883897E-02,  4.0199999999999958E-04,1,178,0,178,178,0,0, -1.3815486649970006E+00,  1.9421375386966717E-02,  4.2262818558800086E-01,  4.2299999999999999E-01, -1.0000000000000000E+00, -1.0000000000000000E+00
2,7,1,1,1,2,legacy-reference-retry,128,9,233, -3.6928541687864375E-01, -2.0540189495310359E-02,  3.4874522738333602E-01,  2.6333102365327932E-15,  2.8418836294646921E-15, -7.6207091768603893E-02,  5.7000000000000019E-04,1,263,0,263,263,0,0, -4.5010983795787923E-01,  3.8706245874023000E-02,  4.2292716009254883E-01,  4.2299999999999999E-01, -1.0000000000000000E+00, -1.0000000000000000E+00
2,7,1,1,1,2,legacy-reference-retry,256,14,324, -3.6417723968165278E-01, -1.5376912570141926E-02,  3.4880032711150566E-01, -5.1902926401226068E-15,  1.6250022161212740E-15, -6.7423917767295408E-02,  7.8900000000000064E-04,1,388,0,388,388,0,0, -2.2957052089752647E-01,  4.1696380534363926E-02,  4.2297264542491553E-01,  4.2299999999999999E-01, -1.0000000000000000E+00, -1.0000000000000000E+00
2,7,1,1,1,2,legacy-reference-retry,512,23,402, -3.5984933477275927E-01, -1.1054700268450297E-02,  3.4879463450430137E-01, -7.5980888247784151E-15,  1.6352885842327303E-15, -6.0711651230228494E-02,  9.3900000000000060E-04,1,449,0,449,449,0,0, -2.4748777377234582E-01,  3.0698756388986788E-02,  4.2296948521209954E-01,  4.2299999999999999E-01, -1.0000000000000000E+00, -1.0000000000000000E+00
2,7,1,1,1,2,legacy-reference-retry,1024,41,604, -3.5786522178943808E-01, -9.0615356226850068E-03,  3.4880368616675383E-01,  7.5980888247784151E-16,  5.6974722520159587E-15, -5.3390711665685958E-02,  1.3990000000000009E-03,1,663,0,663,663,0,0, -2.0016724285958809E-01,  2.7361697934681444E-02,  4.2297759033453075E-01,  4.2299999999999999E-01, -1.0000000000000000E+00, -1.0000000000000000E+00
2,7,1,1,1,2,legacy-reference-retry,2048,77,999, -3.5697869807732185E-01, -8.1582669313530649E-03,  3.4882043114595795E-01, -1.0835082830951137E-14,  1.4779564494449803E-15, -4.3545520937577020E-02,  2.8960000000000010E-03,1,1675,0,1675,1675,0,0, -1.0616726882195474E-01,  2.9766219020821848E-02,  4.2299109248799893E-01,  4.2299999999999999E-01, -1.0000000000000000E+00, -1.0000000000000000E+00
2,7,1,1,1,2,legacy-reference-retry,4096,148,1665, -3.5630170508723857E-01, -7.4796739182632086E-03,  3.4882203116896804E-01, -7.3266046007880448E-15,  1.8594533126247391E-15, -3.2145439490134348E-02,  4.9340000000000009E-03,1,2508,0,2508,2508,0,0, -9.4158141579183133E-02,  2.6552562398871382E-02,  4.2299251991439735E-01,  4.2299999999999999E-01, -1.0000000000000000E+00, -1.0000000000000000E+00
2,7,1,1,0,1,legacy-reference-bound,1,1,49, -4.2023957654145000E-01, -1.1883773320554183E-01,  3.0140184333602571E-01,  1.1754486273218845E-13,  1.1771139618588222E-13, -4.2023957654145000E-01,  9.9999999999999395E-05,2,50,0,50,50,0,0, -3.9749244188228616E+01,  1.8573903651758947E-01,  3.8361539658911059E-01,  4.2299999999999999E-01, -1.0000000000000000E+00, -1.0000000000000000E+00
2,7,1,1,0,1,legacy-reference-bound,2,2,66, -6.7640097518367126E-01, -3.1137567609859901E-01,  3.6502529908495607E-01, -1.1618483952702263E-13,  6.3005156647477634E-14, -3.1679214135775363E-01,  1.2600000000000111E-04,2,68,0,68,68,0,0, -6.3650798094006333E+00,  1.3673227121893097E-01,  4.1962265821997635E-01,  4.2299999999999999E-01,  6.3623455748930163E-02,  3.3384164378827982E+01
2,7,1,1,1,2,legacy-reference-retry,4,3,178, -7.0809039361046100E-01, -3.3939943784488324E-01,  3.6869095576559507E-01,  1.7319479184152442E-14,  3.9898639947466563E-14, -2.4997737149735547E-01,  9.7399999999999917E-04,2,739,0,739,739,0,0, -7.0064886602495746E-01,  1.5220724721104290E-01,  4.2286137528862977E-01,  4.2299999999999999E-01, -1.0000000000000000E+00, -1.0000000000000000E+00
2,7,1,1,1,2,legacy-reference-retry,8,3,146, -4.9200681776748001E-01, -1.2391351150148475E-01,  3.6809330626596992E-01, -2.5340840537069198E-14,  1.8332557694122897E-14, -1.9863292045968320E-01,  3.7600000000000133E-04,2,169,0,169,169,0,0, -2.1514272903583214E+00,  8.2023458692236387E-02,  4.2229298635017820E-01,  4.2299999999999999E-01, -1.0000000000000000E+00, -1.0000000000000000E+00
2,7,1,1,0,1,legacy-reference-bound,16,16,122, -1.3465671406521840E+00, -9.7773756017529712E-01,  3.6882958047696524E-01,  7.8381745538536052E-14,  9.7172270230316826E-14, -1.5854839672071508E-01,  2.7800000000000047E-04,2,147,0,147,147,0,0,  1.9999999999999993E-02,  2.0000000000000025E-02,  4.2299999999999999E-01,  4.2299999999999999E-01, -1.0000000000000000E+00, -1.0000000000000000E+00
2,7,1,1,1,2,legacy-reference-retry,32,6,194, -4.5631270587741724E-01, -8.7485339320898581E-02,  3.6882736655651693E-01, -1.7208456881689926E-15,  4.8502868388311526E-15, -1.2934696548166699E-01,  9.1500000000000262E-04,2,670,0,670,670,0,0, -4.0780366035610680E-02,  7.3978560809688426E-02,  4.2299778607955163E-01,  4.2299999999999999E-01, -1.0000000000000000E+00, -1.0000000000000000E+00
2,7,1,1,1,2,legacy-reference-retry,64,6,170, -3.9285843990877650E-01, -2.4489391553249779E-02,  3.6836904835553130E-01,  4.5796699765787707E-15,  4.0324189300167124E-15, -1.0938880184388390E-01,  4.0100000000000205E-04,2,178,0,178,178,0,0, -1.3815486649970006E+00,  1.9421375386966717E-02,  4.2262818558800086E-01,  4.2299999999999999E-01, -1.0000000000000000E+00, -1.0000000000000000E+00
2,7,1,1,1,2,legacy-reference-retry,128,9,233, -3.8928541687864376E-01, -2.0540189495310359E-02,  3.6874522738333604E-01,  2.6333102365327932E-15,  2.8418836294646921E-15, -9.6207091768603897E-02,  5.6200000000000000E-04,2,263,0,263,263,0,0, -4.5010983795787923E-01,  3.8706245874023000E-02,  4.2292716009254883E-01,  4.2299999999999999E-01, -1.0000000000000000E+00, -1.0000000000000000E+00
2,7,1,1,1,2,legacy-reference-retry,256,14,324, -3.8417723968165274E-01, -1.5376912570141926E-02,  3.6880032711150568E-01, -5.1347814888913490E-15,  1.6250022161212740E-15, -8.7423917767295412E-02,  7.9000000000000251E-04,2,388,0,388,388,0,0, -2.2957052089752647E-01,  4.1696380534363926E-02,  4.2297264542491553E-01,  4.2299999999999999E-01, -1.0000000000000000E+00, -1.0000000000000000E+00
2,7,1,1,1,2,legacy-reference-retry,512,23,402, -3.7984933477275939E-01, -1.1054700268450297E-02,  3.6879463450430139E-01, -7.7091111272409307E-15,  1.6352885842327303E-15, -8.0711651230228498E-02,  9.7099999999999964E-04,2,449,0,449,449,0,0, -2.4748777377234582E-01,  3.0698756388986788E-02,  4.2296948521209954E-01,  4.2299999999999999E-01, -1.0000000000000000E+00, -1.0000000000000000E+00
2,7,1,1,1,2,legacy-reference-retry,1024,41,604, -3.7786522178943810E-01, -9.0615356226850068E-03,  3.6880368616675385E-01,  7.5980888247784151E-16,  5.6974722520159587E-15, -7.3390711665685962E-02,  1.3979999999999999E-03,2,663,0,663,663,0,0, -2.0016724285958809E-01,  2.7361697934681444E-02,  4.2297759033453075E-01,  4.2299999999999999E-01, -1.0000000000000000E+00, -1.0000000000000000E+00
2,7,1,1,1,2,legacy-reference-retry,2048,77,999, -3.7697869807732187E-01, -8.1582669313530649E-03,  3.6882043114595797E-01, -1.0835082830951137E-14,  1.4779564494449803E-15, -6.3545520937577024E-02,  2.8950000000000017E-03,2,1675,0,1675,1675,0,0, -1.0616726882195474E-01,  2.9766219020821848E-02,  4.2299109248799893E-01,  4.2299999999999999E-01, -1.0000000000000000E+00, -1.0000000000000000E+00
2,7,1,1,1,2,legacy-reference-retry,4096,148,1665, -3.7630170508723859E-01, -7.4796739182632086E-03,  3.6882203116896806E-01, -7.3266046007880448E-15,  1.8594533126247391E-15, -5.2145439490134352E-02,  4.5659999999999971E-03,2,2508,0,2508,2508,0,0, -9.4158141579183133E-02,  2.6552562398871382E-02,  4.2299251991439735E-01,  4.2299999999999999E-01, -1.0000000000000000E+00, -1.0000000000000000E+00
2,7,1,1,0,1,legacy-reference-bound,1,1,49, -4.2023957654145000E-01, -1.1883773320554183E-01,  3.0140184333602571E-01,  1.1754486273218845E-13,  1.1771139618588222E-13, -4.2023957654145000E-01,  9.8000000000000864E-05,3,50,0,50,50,0,0, -3.9749244188228616E+01,  1.8573903651758947E-01,  3.8361539658911059E-01,  4.2299999999999999E-01, -1.0000000000000000E+00, -1.0000000000000000E+00
2,7,1,1,0,1,legacy-reference-bound,2,2,66, -6.7640097518367126E-01, -3.1137567609859901E-01,  3.6502529908495607E-01, -1.1618483952702263E-13,  6.3005156647477634E-14, -3.1679214135775363E-01,  1.2200000000000058E-04,3,68,0,68,68,0,0, -6.3650798094006333E+00,  1.3673227121893097E-01,  4.1962265821997635E-01,  4.2299999999999999E-01,  6.3623455748930163E-02,  3.3384164378827982E+01
2,7,1,1,1,2,legacy-reference-retry,4,3,178, -7.0809039361046100E-01, -3.3939943784488324E-01,  3.6869095576559507E-01,  1.7319479184152442E-14,  3.9898639947466563E-14, -2.4997737149735547E-01,  9.3899999999999886E-04,3,739,0,739,739,0,0, -7.0064886602495746E-01,  1.5220724721104290E-01,  4.2286137528862977E-01,  4.2299999999999999E-01, -1.0000000000000000E+00, -1.0000000000000000E+00
2,7,1,1,1,2,legacy-reference-retry,8,3,146, -4.9200681776748001E-01, -1.2391351150148475E-01,  3.6809330626596992E-01, -2.5340840537069198E-14,  1.8332557694122897E-14, -1.9863292045968320E-01,  3.5700000000000315E-04,3,169,0,169,169,0,0, -2.1514272903583214E+00,  8.2023458692236387E-02,  4.2229298635017820E-01,  4.2299999999999999E-01, -1.0000000000000000E+00, -1.0000000000000000E+00
2,7,1,1,0,1,legacy-reference-bound,16,16,122, -1.3465671406521840E+00, -9.7773756017529712E-01,  3.6882958047696524E-01,  7.8381745538536052E-14,  9.7172270230316826E-14, -1.5854839672071508E-01,  2.7700000000000641E-04,3,147,0,147,147,0,0,  1.9999999999999993E-02,  2.0000000000000025E-02,  4.2299999999999999E-01,  4.2299999999999999E-01, -1.0000000000000000E+00, -1.0000000000000000E+00
2,7,1,1,1,2,legacy-reference-retry,32,6,194, -4.5631270587741724E-01, -8.7485339320898581E-02,  3.6882736655651693E-01, -1.7208456881689926E-15,  4.8502868388311526E-15, -1.2934696548166699E-01,  9.3700000000000033E-04,3,670,0,670,670,0,0, -4.0780366035610680E-02,  7.3978560809688426E-02,  4.2299778607955163E-01,  4.2299999999999999E-01, -1.0000000000000000E+00, -1.0000000000000000E+00
2,7,1,1,1,2,legacy-reference-retry,64,6,170, -3.9285843990877650E-01, -2.4489391553249779E-02,  3.6836904835553130E-01,  4.5796699765787707E-15,  4.0324189300167124E-15, -1.0938880184388390E-01,  4.1499999999999870E-04,3,178,0,178,178,0,0, -1.3815486649970006E+00,  1.9421375386966717E-02,  4.2262818558800086E-01,  4.2299999999999999E-01, -1.0000000000000000E+00, -1.0000000000000000E+00
2,7,1,1,1,2,legacy-reference-retry,128,9,233, -3.8928541687864376E-01, -2.0540189495310359E-02,  3.6874522738333604E-01,  2.6333102365327932E-15,  2.8418836294646921E-15, -9.6207091768603897E-02,  5.4799999999999988E-04,3,263,0,263,263,0,0, -4.5010983795787923E-01,  3.8706245874023000E-02,  4.2292716009254883E-01,  4.2299999999999999E-01, -1.0000000000000000E+00, -1.0000000000000000E+00
2,7,1,1,1,2,legacy-reference-retry,256,14,255, -3.7990328775738746E-01, -1.1436516283287930E-02,  3.6846677147409546E-01, -4.0783348920214735E-15,  1.6932527428792365E-15,  0.0000000000000000E+00,  6.1900000000000149E-04,3,266,5,266,271,0,1, -1.0982543149312498E+00, -1.4769855038783248E-03,  4.2273358286697016E-01,  4.2299995770039039E-01, -1.0000000000000000E+00, -1.0000000000000000E+00
2,7,1,1,1,2,legacy-reference-retry,512,25,406, -3.7990193991939053E-01, -1.1107359129912706E-02,  3.6879458078948146E-01,  3.6394498525993413E-15,  8.0816294411797940E-15,  0.0000000000000000E+00,  9.5399999999999652E-04,3,447,8,447,455,0,1, -2.4771787164695161E-01,  3.0689542989328182E-02,  4.2296944393085290E-01,  4.2299999999999999E-01, -1.0000000000000000E+00, -1.0000000000000000E+00
2,7,1,1,1,2,legacy-reference-retry,1024,45,615, -3.7791789034534046E-01, -9.1142688316042768E-03,  3.6880362151373469E-01, -1.4883927423881005E-15,  5.7181110568087570E-15,  0.0000000000000000E+00,  1.4510000000000009E-03,3,662,16,662,678,0,1, -2.0046598889356254E-01,  2.7348073325722175E-02,  4.2297754165991353E-01,  4.2299999999999999E-01, -1.0000000000000000E+00, -1.0000000000000000E+00
2,7,1,1,1,2,legacy-reference-retry,2048,84,951, -3.7646683729691383E-01, -7.6886879427470085E-03,  3.6877814935415509E-01, -1.1723261250651262E-14,  1.3802672926051945E-15,  0.0000000000000000E+00,  2.4930000000000022E-03,3,1004,32,1004,1036,0,1, -2.9538397958767570E-01,  1.6936367145734967E-02,  4.2296052866989775E-01,  4.2299999999999999E-01, -1.0000000000000000E+00, -1.0000000000000000E+00
2,7,1,1,1,2,legacy-reference-retry,4096,164,1713, -3.7635438648475711E-01, -7.5324119348776850E-03,  3.6882197454987020E-01, -9.2217899982927065E-15,  1.7682820743140752E-15,  0.0000000000000000E+00,  4.8979999999999996E-03,3,2388,64,2388,2452,0,1, -9.4587913342290220E-02,  2.6466476062627767E-02,  4.2299247018852981E-01,  4.2299999999999999E-01, -1.0000000000000000E+00, -1.0000000000000000E+00
2,7,2,1,0,1,legacy-reference-bound,1,1,42, -8.0722400634102598E-01, -7.8879489257422075E-01,  1.8429113766672778E-02, -1.3244960683778118E-13,  1.3233858453531866E-13, -8.0722400634102598E-01,  8.8999999999998802E-05,1,43,0,43,43,0,0, -1.8165393902950415E+00,  1.0005810392820506E-01,  4.2244681408683016E-01,  4.2299999999999999E-01, -1.0000000000000000E+00, -1.0000000000000000E+00
2,7,2,1,1,2,legacy-reference-retry,2,1,121, -4.1112474755980216E-01, -3.9272481253226121E-01,  1.8399935027618053E-02,  7.7104989060217122E-14,  7.7160500211448380E-14, -4.1112474755980216E-01,  3.0700000000000172E-04,1,124,0,124,124,0,0, -1.8541756627163295E+00,  9.6894843132714889E-02,  4.2243011082472914E-01,  4.2299999999999999E-01, -1.0000000000000000E+00, -1.0000000000000000E+00
2,7,2,1,1,2,legacy-reference-retry,4,1,119, -2.1306409422568542E-01, -1.9472348057068053E-01,  1.8340613655037696E-02,  3.2807090377673376E-14,  3.2890357104520263E-14, -2.1306409422568542E-01,  3.0000000000000165E-04,1,122,0,122,122,0,0, -1.9294063425880992E+00,  9.0577604862580680E-02,  4.2239626922877938E-01,  4.2299999999999999E-01, -1.0000000000000000E+00, -1.0000000000000000E+00
2,7,2,1,1,2,legacy-reference-retry,8,1,116, -1.1400615360198486E-01, -9.5787718240812059E-02,  1.8218435361155416E-02, -1.7388868123191514E-14,  1.7250090245113370E-14, -1.1400615360198486E-01,  2.7300000000000241E-04,1,119,0,119,119,0,0, -2.0794945515672989E+00,  7.7989636038762342E-02,  4.2232699460759338E-01,  4.2299999999999999E-01, -1.0000000000000000E+00, -1.0000000000000000E+00
2,7,2,1,1,2,legacy-reference-retry,16,1,111, -6.4402595155520423E-02, -4.6440275974351103E-02,  1.7962319181178632E-02,  9.3119956190435005E-15,  9.2842400434278716E-15, -6.4402595155520423E-02,  2.6799999999999741E-04,1,113,0,113,113,0,0, -2.3767355786666471E+00,  5.3064942634036473E-02,  4.2218321817581050E-01,  4.2299999999999999E-01, -1.0000000000000000E+00, -1.0000000000000000E+00
2,7,2,1,1,2,legacy-reference-retry,32,2,164, -7.1336725804619694E-02, -5.2186860616680236E-02,  1.9149865187950699E-02,  1.1241008124329710E-14,  6.1721461275254796E-15, -3.9394137172534864E-02,  3.7699999999999539E-04,1,178,0,178,178,0,0, -4.4623451164292449E-01,  6.4811364422483947E-02,  4.2292807042834502E-01,  4.2299999999999999E-01, -1.0000000000000000E+00, -1.0000000000000000E+00
2,7,2,1,1,2,legacy-reference-retry,64,2,136, -4.3217210932546365E-02, -2.4195382699816623E-02,  1.9021828232732796E-02,  3.0531133177191805E-15,  2.3054474995731766E-15, -2.6331991953530028E-02,  5.4799999999999988E-04,1,163,0,163,163,0,0, -7.9100174275308255E-01,  4.2493891651148273E-02,  4.2283464270490589E-01,  4.2299999999999999E-01, -1.0000000000000000E+00, -1.0000000000000000E+00
2,7,2,1,1,2,legacy-reference-retry,128,3,181, -3.7660764627323019E-02, -1.8480371400489855E-02,  1.9180393226834624E-02,  1.4606371667724716E-15,  2.2317217518441623E-15, -1.8729222544816886E-02,  4.8499999999999932E-04,1,218,0,218,218,0,0, -3.2062357974908440E-01,  4.1909395347913624E-02,  4.2295552863070485E-01,  4.2299999999999999E-01, -1.0000000000000000E+00, -1.0000000000000000E+00
2,7,2,1,1,2,legacy-reference-retry,256,4,180, -3.0884359015480048E-02, -1.1704096297532034E-02,  1.9180262717946484E-02, -1.5300261058115439E-15,  1.2242810931706316E-15, -1.3486678401119417E-02,  4.2500000000000177E-04,1,207,0,207,207,0,0, -3.1189855724259385E-01,  3.5492444052575796E-02,  4.2295727809245232E-01,  4.2299999999999999E-01, -1.0000000000000000E+00, -1.0000000000000000E+00
2,7,2,1,1,2,legacy-reference-retry,512,6,203, -2.7624671474574966E-02, -8.4287740861391514E-03,  1.9195897388434524E-02, -1.2906342661267445E-15,  5.1217710628215229E-16, -9.6272225556526606E-03,  4.8699999999999438E-04,1,234,0,234,234,0,0, -2.4182775459887046E-01,  3.0937266878865260E-02,  4.2297049514775364E-01,  4.2299999999999999E-01, -1.0000000000000000E+00, -1.0000000000000000E+00
2,7,2,1,1,2,legacy-reference-retry,1024,10,280, -2.6064510216990081E-02, -6.8494959539661150E-03,  1.9215014263023411E-02, -5.5511151231257827E-16,  1.6729239521451333E-16, -6.8859346582592577E-03,  8.2100000000000228E-04,1,340,0,340,340,0,0, -1.4232271506052901E-01,  3.1138872725515503E-02,  4.2298635596028356E-01,  4.2299999999999999E-01, -1.0000000000000000E+00, -1.0000000000000000E+00
2,7,2,1,1,2,legacy-reference-retry,2048,17,303, -2.4767481324997669E-02, -5.5592165524150213E-03,  1.9208264772581085E-02, -1.5621184901171148E-15,  3.3686161499124623E-16, -4.9594325888963463E-03,  7.5099999999999473E-04,1,344,0,344,344,0,0, -1.7299899909041652E-01,  2.4130396127945840E-02,  4.2298187525261299E-01,  4.2299999999999999E-01, -1.0000000000000000E+00, -1.0000000000000000E+00
2,7,2,1,1,2,legacy-reference-retry,4096,31,427, -2.4130098492316190E-02, -4.9265599410432924E-03,  1.9203538551272104E-02, -7.9450335199737765E-16,  1.4807491170720777E-16, -3.5280925058118855E-03,  9.9799999999999889E-04,1,459,0,459,459,0,0, -1.9103486938577013E-01,  1.9182342596729955E-02,  4.2297906220808867E-01,  4.2299999999999999E-01, -1.0000000000000000E+00, -1.0000000000000000E+00
2,7,2,1,0,1,legacy-reference-bound,1,1,42, -8.2722400634102600E-01, -7.8879489257422075E-01,  3.8429113766672796E-02, -1.3244960683778118E-13,  1.3233858453531866E-13, -8.2722400634102600E-01,  8.1000000000004679E-05,2,43,0,43,43,0,0, -1.8165393902950415E+00,  1.0005810392820506E-01,  4.2244681408683016E-01,  4.2299999999999999E-01, -1.0000000000000000E+00, -1.0000000000000000E+00
2,7,2,1,1,2,legacy-reference-retry,2,1,121, -4.3112474755980218E-01, -3.9272481253226121E-01,  3.8399935027618071E-02,  7.7104989060217122E-14,  7.7160500211448380E-14, -4.3112474755980218E-01,  2.7799999999999353E-04,2,124,0,124,124,0,0, -1.8541756627163295E+00,  9.6894843132714889E-02,  4.2243011082472914E-01,  4.2299999999999999E-01, -1.0000000000000000E+00, -1.0000000000000000E+00
2,7,2,1,1,2,legacy-reference-retry,4,1,119, -2.3306409422568541E-01, -1.9472348057068053E-01,  3.8340613655037714E-02,  3.2834845953289005E-14,  3.2890357104520263E-14, -2.3306409422568541E-01,  2.8299999999999853E-04,2,122,0,122,122,0,0, -1.9294063425880992E+00,  9.0577604862580680E-02,  4.2239626922877938E-01,  4.2299999999999999E-01, -1.0000000000000000E+00, -1.0000000000000000E+00
2,7,2,1,1,2,legacy-reference-retry,8,1,116, -1.3400615360198487E-01, -9.5787718240812059E-02,  3.8218435361155434E-02, -1.7374990335383700E-14,  1.7250090245113370E-14, -1.3400615360198487E-01,  2.7400000000000341E-04,2,119,0,119,119,0,0, -2.0794945515672989E+00,  7.7989636038762342E-02,  4.2232699460759338E-01,  4.2299999999999999E-01, -1.0000000000000000E+00, -1.0000000000000000E+00
2,7,2,1,1,2,legacy-reference-retry,16,1,111, -8.4402595155520427E-02, -4.6440275974351103E-02,  3.7962319181178650E-02,  9.3258734068513149E-15,  9.2842400434278716E-15, -8.4402595155520427E-02,  2.6999999999999941E-04,2,113,0,113,113,0,0, -2.3767355786666471E+00,  5.3064942634036473E-02,  4.2218321817581050E-01,  4.2299999999999999E-01, -1.0000000000000000E+00, -1.0000000000000000E+00
2,7,2,1,1,2,legacy-reference-retry,32,2,164, -9.1336725804619684E-02, -5.2186860616680236E-02,  3.9149865187950716E-02,  1.1268763699945339E-14,  6.1721461275254796E-15, -5.9394137172534861E-02,  3.7699999999999539E-04,2,178,0,178,178,0,0, -4.4623451164292449E-01,  6.4811364422483947E-02,  4.2292807042834502E-01,  4.2299999999999999E-01, -1.0000000000000000E+00, -1.0000000000000000E+00
2,7,2,1,1,2,legacy-reference-retry,64,2,136, -6.3217210932546369E-02, -2.4195382699816623E-02,  3.9021828232732814E-02,  3.0669911055269949E-15,  2.3054474995731766E-15, -4.6331991953530029E-02,  4.2999999999999983E-04,2,163,0,163,163,0,0, -7.9100174275308255E-01,  4.2493891651148273E-02,  4.2283464270490589E-01,  4.2299999999999999E-01, -1.0000000000000000E+00, -1.0000000000000000E+00
2,7,2,1,1,2,legacy-reference-retry,128,3,181, -5.7660764627323023E-02, -1.8480371400489855E-02,  3.9180393226834642E-02,  1.4745149545802860E-15,  2.2317217518441623E-15, -3.8729222544816887E-02,  4.7900000000000026E-04,2,218,0,218,218,0,0, -3.2062357974908440E-01,  4.1909395347913624E-02,  4.2295552863070485E-01,  4.2299999999999999E-01, -1.0000000000000000E+00, -1.0000000000000000E+00
2,7,2,1,1,2,legacy-reference-retry,256,4,180, -5.0884359015480052E-02, -1.1704096297532034E-02,  3.9180262717946501E-02, -1.5161483180037294E-15,  1.2242810931706316E-15, -3.3486678401119421E-02,  6.3499999999999668E-04,2,207,0,207,207,0,0, -3.1189855724259385E-01,  3.5492444052575796E-02,  4.2295727809245232E-01,  4.2299999999999999E-01, -1.0000000000000000E+00, -1.0000000000000000E+00
2,7,2,1,1,2,legacy-reference-retry,512,6,203, -4.7624671474574970E-02, -8.4287740861391514E-03,  3.9195897388434542E-02, -1.2767564783189300E-15,  5.1217710628215229E-16, -2.9627222555652661E-02,  5.0499999999999851E-04,2,234,0,234,234,0,0, -2.4182775459887046E-01,  3.0937266878865260E-02,  4.2297049514775364E-01,  4.2299999999999999E-01, -1.0000000000000000E+00, -1.0000000000000000E+00
2,7,2,1,1,2,legacy-reference-retry,1024,10,280, -4.6064510216990089E-02, -6.8494959539661150E-03,  3.9215014263023429E-02, -5.4470317145671743E-16,  1.6729239521451333E-16, -2.6885934658259260E-02,  8.1499999999999628E-04,2,340,0,340,340,0,0, -1.4232271506052901E-01,  3.1138872725515503E-02,  4.2298635596028356E-01,  4.2299999999999999E-01, -1.0000000000000000E+00, -1.0000000000000000E+00
2,7,2,1,1,2,legacy-reference-retry,2048,17,303, -4.4767481324997672E-02, -5.5592165524150213E-03,  3.9208264772581103E-02, -1.5482407023093003E-15,  3.3686161499124623E-16, -2.4959432588896345E-02,  7.1299999999999836E-04,2,344,0,344,344,0,0, -1.7299899909041652E-01,  2.4130396127945840E-02,  4.2298187525261299E-01,  4.2299999999999999E-01, -1.0000000000000000E+00, -1.0000000000000000E+00
2,7,2,1,1,2,legacy-reference-retry,4096,31,427, -4.4130098492316194E-02, -4.9265599410432924E-03,  3.9203538551272121E-02, -7.8062556418956319E-16,  1.4807491170720777E-16, -2.3528092505811886E-02,  1.0239999999999971E-03,2,459,0,459,459,0,0, -1.9103486938577013E-01,  1.9182342596729955E-02,  4.2297906220808867E-01,  4.2299999999999999E-01, -1.0000000000000000E+00, -1.0000000000000000E+00
2,7,2,1,0,1,legacy-reference-bound,1,1,42, -8.2722400634102600E-01, -7.8879489257422075E-01,  3.8429113766672796E-02, -1.3244960683778118E-13,  1.3233858453531866E-13, -8.2722400634102600E-01,  8.1999999999998741E-05,3,43,0,43,43,0,0, -1.8165393902950415E+00,  1.0005810392820506E-01,  4.2244681408683016E-01,  4.2299999999999999E-01, -1.0000000000000000E+00, -1.0000000000000000E+00
2,7,2,1,1,2,legacy-reference-retry,2,1,121, -4.3112474755980218E-01, -3.9272481253226121E-01,  3.8399935027618071E-02,  7.7104989060217122E-14,  7.7160500211448380E-14, -4.3112474755980218E-01,  2.8399999999999953E-04,3,124,0,124,124,0,0, -1.8541756627163295E+00,  9.6894843132714889E-02,  4.2243011082472914E-01,  4.2299999999999999E-01, -1.0000000000000000E+00, -1.0000000000000000E+00
2,7,2,1,1,2,legacy-reference-retry,4,1,119, -2.3306409422568541E-01, -1.9472348057068053E-01,  3.8340613655037714E-02,  3.2834845953289005E-14,  3.2890357104520263E-14, -2.3306409422568541E-01,  2.7699999999999947E-04,3,122,0,122,122,0,0, -1.9294063425880992E+00,  9.0577604862580680E-02,  4.2239626922877938E-01,  4.2299999999999999E-01, -1.0000000000000000E+00, -1.0000000000000000E+00
2,7,2,1,1,2,legacy-reference-retry,8,1,116, -1.3400615360198487E-01, -9.5787718240812059E-02,  3.8218435361155434E-02, -1.7374990335383700E-14,  1.7250090245113370E-14, -1.3400615360198487E-01,  2.7100000000000041E-04,3,119,0,119,119,0,0, -2.0794945515672989E+00,  7.7989636038762342E-02,  4.2232699460759338E-01,  4.2299999999999999E-01, -1.0000000000000000E+00, -1.0000000000000000E+00
2,7,2,1,1,2,legacy-reference-retry,16,1,111, -8.4402595155520427E-02, -4.6440275974351103E-02,  3.7962319181178650E-02,  9.3258734068513149E-15,  9.2842400434278716E-15, -8.4402595155520427E-02,  2.8299999999999853E-04,3,113,0,113,113,0,0, -2.3767355786666471E+00,  5.3064942634036473E-02,  4.2218321817581050E-01,  4.2299999999999999E-01, -1.0000000000000000E+00, -1.0000000000000000E+00
2,7,2,1,1,2,legacy-reference-retry,32,2,164, -9.1336725804619684E-02, -5.2186860616680236E-02,  3.9149865187950716E-02,  1.1268763699945339E-14,  6.1721461275254796E-15, -5.9394137172534861E-02,  3.6200000000000121E-04,3,178,0,178,178,0,0, -4.4623451164292449E-01,  6.4811364422483947E-02,  4.2292807042834502E-01,  4.2299999999999999E-01, -1.0000000000000000E+00, -1.0000000000000000E+00
2,7,2,1,1,2,legacy-reference-retry,64,2,136, -6.3217210932546369E-02, -2.4195382699816623E-02,  3.9021828232732814E-02,  3.0669911055269949E-15,  2.3054474995731766E-15, -4.6331991953530029E-02,  3.3699999999999702E-04,3,163,0,163,163,0,0, -7.9100174275308255E-01,  4.2493891651148273E-02,  4.2283464270490589E-01,  4.2299999999999999E-01, -1.0000000000000000E+00, -1.0000000000000000E+00
2,7,2,1,1,2,legacy-reference-retry,128,3,181, -5.7660764627323023E-02, -1.8480371400489855E-02,  3.9180393226834642E-02,  1.4745149545802860E-15,  2.2317217518441623E-15, -3.8729222544816887E-02,  4.7799999999999926E-04,3,218,0,218,218,0,0, -3.2062357974908440E-01,  4.1909395347913624E-02,  4.2295552863070485E-01,  4.2299999999999999E-01, -1.0000000000000000E+00, -1.0000000000000000E+00
2,7,2,1,1,2,legacy-reference-retry,256,5,181, -5.2267616187009008E-02, -1.3103198963024712E-02,  3.9164417223983561E-02, -7.3552275381416621E-16,  9.9182814738973946E-16,  0.0000000000000000E+00,  4.2999999999999983E-04,3,197,11,197,208,0,1, -3.6992110970766534E-01,  3.3636050206714140E-02,  4.2294524397776034E-01,  4.2299999999999999E-01, -1.0000000000000000E+00, -1.0000000000000000E+00
2,7,2,1,1,2,legacy-reference-retry,512,8,205, -4.9059977947471731E-02, -9.8826136234416891E-03,  3.9177364324029185E-02, -8.5695339713254270E-16,  4.7444687067965674E-16,  0.0000000000000000E+00,  5.0700000000000051E-04,3,220,18,220,238,0,1, -3.1338541651450202E-01,  2.8694609916364168E-02,  4.2295698151360328E-01,  4.2299999999999999E-01, -1.0000000000000000E+00, -1.0000000000000000E+00
2,7,2,1,1,2,legacy-reference-retry,1024,14,270, -4.7539428408768299E-02, -8.3370162175264474E-03,  3.9202412191241542E-02, -3.0878077872387166E-16,  2.6660531421418554E-16,  0.0000000000000000E+00,  6.5300000000000080E-04,3,273,32,273,305,0,1, -2.0588372851132131E-01,  2.7099249710101761E-02,  4.2297665325127898E-01,  4.2299999999999999E-01, -1.0000000000000000E+00, -1.0000000000000000E+00
2,7,2,1,1,2,legacy-reference-retry,2048,25,336, -4.6257995287773482E-02, -7.0729918276071701E-03,  3.9185003460164847E-02, -1.4649739754624136E-15,  4.0283531718698917E-16,  0.0000000000000000E+00,  8.0600000000000116E-04,3,307,56,307,363,0,1, -2.7044438476936850E-01,  1.8512281192253167E-02,  4.2296528211220175E-01,  4.2299999999999999E-01, -1.0000000000000000E+00, -1.0000000000000000E+00
2,7,2,1,1,2,legacy-reference-retry,4096,49,606, -4.6199438921883135E-02, -6.9747327017216417E-03,  3.9224706220160499E-02, -9.9399655173471047E-16,  2.8476570060331774E-16,  0.0000000000000000E+00,  2.1400000000000030E-03,3,1296,108,1296,1404,0,1, -6.9907487602458365E-02,  3.1220497346746427E-02,  4.2299515011475741E-01,  4.2299999999999999E-01, -1.0000000000000000E+00, -1.0000000000000000E+00
2,7,3,1,0,1,legacy-reference-bound,1,1,1, -1.1875000000000000E+00, -1.1875000000000000E+00,  0.0000000000000000E+00,  0.0000000000000000E+00,  0.0000000000000000E+00, -1.1875000000000000E+00,  9.0000000000090008E-06,1,2,0,2,2,0,0,  2.0000000000000000E-02,  2.0000000000000000E-02,  4.2299999999999999E-01,  4.2299999999999999E-01, -1.0000000000000000E+00, -1.0000000000000000E+00
2,7,3,1,0,1,legacy-reference-bound,2,2,2, -1.1875000000000000E+00, -1.1875000000000000E+00,  0.0000000000000000E+00,  0.0000000000000000E+00,  0.0000000000000000E+00, -5.9375000000000000E-01,  1.0999999999997123E-05,1,4,0,4,4,0,0,  2.0000000000000000E-02,  2.0000000000000000E-02,  4.2299999999999999E-01,  4.2299999999999999E-01,  0.0000000000000000E+00,  0.0000000000000000E+00
2,7,3,1,0,1,legacy-reference-bound,4,4,4, -1.1875000000000000E+00, -1.1875000000000000E+00,  0.0000000000000000E+00,  0.0000000000000000E+00,  0.0000000000000000E+00, -2.9687500000000000E-01,  1.9999999999992246E-05,1,8,0,8,8,0,0,  2.0000000000000000E-02,  2.0000000000000000E-02,  4.2299999999999999E-01,  4.2299999999999999E-01,  0.0000000000000000E+00,  0.0000000000000000E+00
2,7,3,1,0,1,legacy-reference-bound,8,8,8, -1.1875000000000000E+00, -1.1875000000000000E+00,  0.0000000000000000E+00,  0.0000000000000000E+00,  0.0000000000000000E+00, -1.4843750000000000E-01,  5.0999999999995493E-05,1,16,0,16,16,0,0,  2.0000000000000000E-02,  2.0000000000000000E-02,  4.2299999999999999E-01,  4.2299999999999999E-01,  0.0000000000000000E+00,  0.0000000000000000E+00
2,7,3,1,0,1,legacy-reference-bound,16,16,16, -1.1875000000000000E+00, -1.1875000000000000E+00,  0.0000000000000000E+00,  0.0000000000000000E+00,  0.0000000000000000E+00, -7.4218750000000000E-02,  7.3000000000003618E-05,1,32,0,32,32,0,0,  2.0000000000000000E-02,  2.0000000000000000E-02,  4.2299999999999999E-01,  4.2299999999999999E-01,  0.0000000000000000E+00,  0.0000000000000000E+00
2,7,3,1,0,1,legacy-reference-bound,32,32,32, -1.1875000000000000E+00, -1.1875000000000000E+00,  0.0000000000000000E+00,  0.0000000000000000E+00,  0.0000000000000000E+00, -3.7109375000000000E-02,  1.4500000000000624E-04,1,64,0,64,64,0,0,  2.0000000000000000E-02,  2.0000000000000000E-02,  4.2299999999999999E-01,  4.2299999999999999E-01,  0.0000000000000000E+00,  0.0000000000000000E+00
2,7,3,1,0,1,legacy-reference-bound,64,64,64, -1.1875000000000000E+00, -1.1875000000000000E+00,  0.0000000000000000E+00,  0.0000000000000000E+00,  0.0000000000000000E+00, -1.8554687500000000E-02,  3.7099999999999633E-04,1,128,0,128,128,0,0,  2.0000000000000000E-02,  2.0000000000000000E-02,  4.2299999999999999E-01,  4.2299999999999999E-01,  0.0000000000000000E+00,  0.0000000000000000E+00
2,7,3,1,0,1,legacy-reference-bound,128,128,128, -1.1875000000000000E+00, -1.1875000000000000E+00,  0.0000000000000000E+00,  0.0000000000000000E+00,  0.0000000000000000E+00, -9.2773437500000000E-03,  6.1399999999998955E-04,1,256,0,256,256,0,0,  2.0000000000000000E-02,  2.0000000000000000E-02,  4.2299999999999999E-01,  4.2299999999999999E-01,  0.0000000000000000E+00,  0.0000000000000000E+00
2,7,3,1,0,1,legacy-reference-bound,256,256,256, -1.1875000000000000E+00, -1.1875000000000000E+00,  0.0000000000000000E+00,  0.0000000000000000E+00,  0.0000000000000000E+00, -4.6386718750000000E-03,  1.1670000000000014E-03,1,512,0,512,512,0,0,  2.0000000000000000E-02,  2.0000000000000000E-02,  4.2299999999999999E-01,  4.2299999999999999E-01,  0.0000000000000000E+00,  0.0000000000000000E+00
2,7,3,1,0,1,legacy-reference-bound,512,512,512, -1.1875000000000000E+00, -1.1875000000000000E+00,  0.0000000000000000E+00,  0.0000000000000000E+00,  0.0000000000000000E+00, -2.3193359375000000E-03,  2.3390000000000077E-03,1,1024,0,1024,1024,0,0,  2.0000000000000000E-02,  2.0000000000000000E-02,  4.2299999999999999E-01,  4.2299999999999999E-01,  0.0000000000000000E+00,  0.0000000000000000E+00
2,7,3,1,0,1,legacy-reference-bound,1024,1024,1024, -1.1875000000000000E+00, -1.1875000000000000E+00,  0.0000000000000000E+00,  0.0000000000000000E+00,  0.0000000000000000E+00, -1.1596679687500000E-03,  5.0390000000000018E-03,1,2048,0,2048,2048,0,0,  2.0000000000000000E-02,  2.0000000000000000E-02,  4.2299999999999999E-01,  4.2299999999999999E-01,  0.0000000000000000E+00,  0.0000000000000000E+00
2,7,3,1,0,1,legacy-reference-bound,2048,2048,2048, -1.1875000000000000E+00, -1.1875000000000000E+00,  0.0000000000000000E+00,  0.0000000000000000E+00,  0.0000000000000000E+00, -5.7983398437500000E-04,  9.7840000000000010E-03,1,4096,0,4096,4096,0,0,  2.0000000000000000E-02,  2.0000000000000000E-02,  4.2299999999999999E-01,  4.2299999999999999E-01,  0.0000000000000000E+00,  0.0000000000000000E+00
2,7,3,1,0,1,legacy-reference-bound,4096,4096,4096, -1.1875000000000000E+00, -1.1875000000000000E+00,  0.0000000000000000E+00,  0.0000000000000000E+00,  0.0000000000000000E+00, -2.8991699218750000E-04,  1.9973999999999992E-02,1,8192,0,8192,8192,0,0,  2.0000000000000000E-02,  2.0000000000000000E-02,  4.2299999999999999E-01,  4.2299999999999999E-01,  0.0000000000000000E+00,  0.0000000000000000E+00
2,7,3,1,0,1,legacy-reference-bound,1,1,1, -1.2075000000000000E+00, -1.1875000000000000E+00,  2.0000000000000018E-02,  0.0000000000000000E+00,  0.0000000000000000E+00, -1.2075000000000000E+00,  1.2999999999999123E-05,2,2,0,2,2,0,0,  2.0000000000000000E-02,  2.0000000000000000E-02,  4.2299999999999999E-01,  4.2299999999999999E-01, -1.0000000000000000E+00, -1.0000000000000000E+00
2,7,3,1,0,1,legacy-reference-bound,2,2,2, -1.2075000000000000E+00, -1.1875000000000000E+00,  2.0000000000000018E-02,  0.0000000000000000E+00,  0.0000000000000000E+00, -6.1375000000000002E-01,  1.1999999999998123E-05,2,4,0,4,4,0,0,  2.0000000000000000E-02,  2.0000000000000000E-02,  4.2299999999999999E-01,  4.2299999999999999E-01,  0.0000000000000000E+00,  0.0000000000000000E+00
2,7,3,1,0,1,legacy-reference-bound,4,4,4, -1.2075000000000000E+00, -1.1875000000000000E+00,  2.0000000000000018E-02,  0.0000000000000000E+00,  0.0000000000000000E+00, -3.1687500000000002E-01,  2.0999999999993246E-05,2,8,0,8,8,0,0,  2.0000000000000000E-02,  2.0000000000000000E-02,  4.2299999999999999E-01,  4.2299999999999999E-01,  0.0000000000000000E+00,  0.0000000000000000E+00
2,7,3,1,0,1,legacy-reference-bound,8,8,8, -1.2075000000000000E+00, -1.1875000000000000E+00,  2.0000000000000018E-02,  0.0000000000000000E+00,  0.0000000000000000E+00, -1.6843749999999999E-01,  5.1999999999996493E-05,2,16,0,16,16,0,0,  2.0000000000000000E-02,  2.0000000000000000E-02,  4.2299999999999999E-01,  4.2299999999999999E-01,  0.0000000000000000E+00,  0.0000000000000000E+00
2,7,3,1,0,1,legacy-reference-bound,16,16,16, -1.2075000000000000E+00, -1.1875000000000000E+00,  2.0000000000000018E-02,  0.0000000000000000E+00,  0.0000000000000000E+00, -9.4218750000000004E-02,  7.4000000000004618E-05,2,32,0,32,32,0,0,  2.0000000000000000E-02,  2.0000000000000000E-02,  4.2299999999999999E-01,  4.2299999999999999E-01,  0.0000000000000000E+00,  0.0000000000000000E+00
2,7,3,1,0,1,legacy-reference-bound,32,32,32, -1.2075000000000000E+00, -1.1875000000000000E+00,  2.0000000000000018E-02,  0.0000000000000000E+00,  0.0000000000000000E+00, -5.7109375000000004E-02,  1.4599999999999336E-04,2,64,0,64,64,0,0,  2.0000000000000000E-02,  2.0000000000000000E-02,  4.2299999999999999E-01,  4.2299999999999999E-01,  0.0000000000000000E+00,  0.0000000000000000E+00
2,7,3,1,0,1,legacy-reference-bound,64,64,64, -1.2075000000000000E+00, -1.1875000000000000E+00,  2.0000000000000018E-02,  0.0000000000000000E+00,  0.0000000000000000E+00, -3.8554687500000004E-02,  3.1800000000001272E-04,2,128,0,128,128,0,0,  2.0000000000000000E-02,  2.0000000000000000E-02,  4.2299999999999999E-01,  4.2299999999999999E-01,  0.0000000000000000E+00,  0.0000000000000000E+00
2,7,3,1,0,1,legacy-reference-bound,128,128,128, -1.2075000000000000E+00, -1.1875000000000000E+00,  2.0000000000000018E-02,  0.0000000000000000E+00,  0.0000000000000000E+00, -2.9277343750000000E-02,  5.8800000000000519E-04,2,256,0,256,256,0,0,  2.0000000000000000E-02,  2.0000000000000000E-02,  4.2299999999999999E-01,  4.2299999999999999E-01,  0.0000000000000000E+00,  0.0000000000000000E+00
2,7,3,1,0,1,legacy-reference-bound,256,256,256, -1.2075000000000000E+00, -1.1875000000000000E+00,  2.0000000000000018E-02,  0.0000000000000000E+00,  0.0000000000000000E+00, -2.4638671875000000E-02,  1.1619999999999964E-03,2,512,0,512,512,0,0,  2.0000000000000000E-02,  2.0000000000000000E-02,  4.2299999999999999E-01,  4.2299999999999999E-01,  0.0000000000000000E+00,  0.0000000000000000E+00
2,7,3,1,0,1,legacy-reference-bound,512,512,512, -1.2075000000000000E+00, -1.1875000000000000E+00,  2.0000000000000018E-02,  0.0000000000000000E+00,  0.0000000000000000E+00, -2.2319335937500000E-02,  2.3669999999999941E-03,2,1024,0,1024,1024,0,0,  2.0000000000000000E-02,  2.0000000000000000E-02,  4.2299999999999999E-01,  4.2299999999999999E-01,  0.0000000000000000E+00,  0.0000000000000000E+00
2,7,3,1,0,1,legacy-reference-bound,1024,1024,1024, -1.2075000000000000E+00, -1.1875000000000000E+00,  2.0000000000000018E-02,  0.0000000000000000E+00,  0.0000000000000000E+00, -2.1159667968750000E-02,  4.6700000000000075E-03,2,2048,0,2048,2048,0,0,  2.0000000000000000E-02,  2.0000000000000000E-02,  4.2299999999999999E-01,  4.2299999999999999E-01,  0.0000000000000000E+00,  0.0000000000000000E+00
2,7,3,1,0,1,legacy-reference-bound,2048,2048,2048, -1.2075000000000000E+00, -1.1875000000000000E+00,  2.0000000000000018E-02,  0.0000000000000000E+00,  0.0000000000000000E+00, -2.0579833984375000E-02,  9.3390000000000001E-03,2,4096,0,4096,4096,0,0,  2.0000000000000000E-02,  2.0000000000000000E-02,  4.2299999999999999E-01,  4.2299999999999999E-01,  0.0000000000000000E+00,  0.0000000000000000E+00
2,7,3,1,0,1,legacy-reference-bound,4096,4096,4096, -1.2075000000000000E+00, -1.1875000000000000E+00,  2.0000000000000018E-02,  0.0000000000000000E+00,  0.0000000000000000E+00, -2.0289916992187500E-02,  2.0514000000000004E-02,2,8192,0,8192,8192,0,0,  2.0000000000000000E-02,  2.0000000000000000E-02,  4.2299999999999999E-01,  4.2299999999999999E-01,  0.0000000000000000E+00,  0.0000000000000000E+00
2,7,3,1,0,1,legacy-reference-bound,1,1,1, -1.2075000000000000E+00, -1.1875000000000000E+00,  2.0000000000000018E-02,  0.0000000000000000E+00,  0.0000000000000000E+00, -1.2075000000000000E+00,  1.3000000000013001E-05,3,2,0,2,2,0,0,  2.0000000000000000E-02,  2.0000000000000000E-02,  4.2299999999999999E-01,  4.2299999999999999E-01, -1.0000000000000000E+00, -1.0000000000000000E+00
2,7,3,1,0,1,legacy-reference-bound,2,2,2, -1.2075000000000000E+00, -1.1875000000000000E+00,  2.0000000000000018E-02,  0.0000000000000000E+00,  0.0000000000000000E+00, -6.1375000000000002E-01,  1.1000000000011001E-05,3,4,0,4,4,0,0,  2.0000000000000000E-02,  2.0000000000000000E-02,  4.2299999999999999E-01,  4.2299999999999999E-01,  0.0000000000000000E+00,  0.0000000000000000E+00
2,7,3,1,0,1,legacy-reference-bound,4,4,4, -1.2075000000000000E+00, -1.1875000000000000E+00,  2.0000000000000018E-02,  0.0000000000000000E+00,  0.0000000000000000E+00, -3.1687500000000002E-01,  2.0999999999993246E-05,3,8,0,8,8,0,0,  2.0000000000000000E-02,  2.0000000000000000E-02,  4.2299999999999999E-01,  4.2299999999999999E-01,  0.0000000000000000E+00,  0.0000000000000000E+00
2,7,3,1,0,1,legacy-reference-bound,8,8,8, -1.2075000000000000E+00, -1.1875000000000000E+00,  2.0000000000000018E-02,  0.0000000000000000E+00,  0.0000000000000000E+00, -1.6843749999999999E-01,  3.7999999999982492E-05,3,16,0,16,16,0,0,  2.0000000000000000E-02,  2.0000000000000000E-02,  4.2299999999999999E-01,  4.2299999999999999E-01,  0.0000000000000000E+00,  0.0000000000000000E+00
2,7,3,1,0,1,legacy-reference-bound,16,16,16, -1.2075000000000000E+00, -1.1875000000000000E+00,  2.0000000000000018E-02,  0.0000000000000000E+00,  0.0000000000000000E+00, -9.4218750000000004E-02,  7.3999999999990740E-05,3,32,0,32,32,0,0,  2.0000000000000000E-02,  2.0000000000000000E-02,  4.2299999999999999E-01,  4.2299999999999999E-01,  0.0000000000000000E+00,  0.0000000000000000E+00
2,7,3,1,0,1,legacy-reference-bound,32,32,32, -1.2075000000000000E+00, -1.1875000000000000E+00,  2.0000000000000018E-02,  0.0000000000000000E+00,  0.0000000000000000E+00, -5.7109375000000004E-02,  1.4500000000000624E-04,3,64,0,64,64,0,0,  2.0000000000000000E-02,  2.0000000000000000E-02,  4.2299999999999999E-01,  4.2299999999999999E-01,  0.0000000000000000E+00,  0.0000000000000000E+00
2,7,3,1,0,1,legacy-reference-bound,64,64,64, -1.2075000000000000E+00, -1.1875000000000000E+00,  2.0000000000000018E-02,  0.0000000000000000E+00,  0.0000000000000000E+00, -3.8554687500000004E-02,  2.8800000000001047E-04,3,128,0,128,128,0,0,  2.0000000000000000E-02,  2.0000000000000000E-02,  4.2299999999999999E-01,  4.2299999999999999E-01,  0.0000000000000000E+00,  0.0000000000000000E+00
2,7,3,1,0,1,legacy-reference-bound,128,128,128, -1.2075000000000000E+00, -1.1875000000000000E+00,  2.0000000000000018E-02,  0.0000000000000000E+00,  0.0000000000000000E+00, -2.9277343750000000E-02,  6.0999999999999943E-04,3,256,0,256,256,0,0,  2.0000000000000000E-02,  2.0000000000000000E-02,  4.2299999999999999E-01,  4.2299999999999999E-01,  0.0000000000000000E+00,  0.0000000000000000E+00
2,7,3,1,1,2,legacy-reference-retry,256,3,171, -3.0080459035912190E-02, -1.0149164988430336E-02,  1.9931294047481396E-02, -4.5796699765787707E-16,  2.7061686225238191E-16,  0.0000000000000000E+00,  4.7800000000000620E-04,3,175,34,179,213,2,1, -3.6461722229908028E-01,  3.5751813991615158E-02,  4.2294638221400527E-01,  4.2299999999999999E-01, -1.0000000000000000E+00, -1.0000000000000000E+00
2,7,3,1,1,2,legacy-reference-retry,512,5,211, -2.8414617794433852E-02, -8.4458615201150871E-03,  1.9968756274317601E-02, -1.1639994523804376E-15,  8.2789677890993119E-16,  0.0000000000000000E+00,  5.1499999999998769E-04,3,206,49,210,259,2,1, -2.2832531534774148E-01,  3.1868595179621255E-02,  4.2297286100957499E-01,  4.2299999999999999E-01, -1.0000000000000000E+00, -1.0000000000000000E+00
2,7,3,1,1,2,legacy-reference-retry,1024,8,211, -2.6521148199153136E-02, -6.5881006312608643E-03,  1.9933047567891604E-02, -6.6786853825107073E-16,  3.1376810871730498E-16,  0.0000000000000000E+00,  5.2800000000000069E-04,3,159,74,163,237,2,1, -3.5136003505239694E-01,  2.0205685428672866E-02,  4.2294919434834888E-01,  4.2299999999999999E-01, -1.0000000000000000E+00, -1.0000000000000000E+00
2,7,3,1,1,2,legacy-reference-retry,2048,15,287, -2.4902241766556914E-02, -6.1893907374291641E-03,  1.8712851029128785E-02,  1.0356299151581538E-15,  2.1000996081044221E-16,  0.0000000000000000E+00,  9.9100000000001964E-04,3,195,121,199,320,2,1, -2.4124868927155865E-01,  1.9192061260827922E-02,  4.2297059787190361E-01,  4.2299999999999999E-01, -1.0000000000000000E+00, -1.0000000000000000E+00
2,7,3,1,1,2,legacy-reference-retry,4096,29,424, -2.4105927413301285E-02, -5.9984682835051688E-03,  1.8107459129796055E-02, -6.0715321659188248E-17,  1.7737547541862853E-16,  0.0000000000000000E+00,  1.0880000000000056E-03,3,262,204,266,470,2,1, -1.5034187006874766E-01,  1.9804448952074546E-02,  4.2298522329278399E-01,  4.2299999999999999E-01, -1.0000000000000000E+00, -1.0000000000000000E+00
2,2,1,1,0,1,legacy-reference-bound,1,1,5, -3.2073157165419963E-01, -1.3814059840923806E-02,  3.0691751181327587E-01,  4.1633363423443370E-17,  9.7144514654701197E-17, -3.2073157165419963E-01,  1.7999999999990246E-05,1,6,0,6,6,0,0, -2.6020663549833912E+01,  2.0247756386227375E-01,  3.9959315413326202E-01,  4.2299999999999999E-01, -1.0000000000000000E+00, -1.0000000000000000E+00
2,2,1,1,0,1,legacy-reference-bound,2,2,9, -3.6264364031788909E-01, -1.3814059840923806E-02,  3.4882958047696522E-01, -6.9388939039072284E-17,  2.0816681711721685E-17, -2.7617909431873883E-01,  2.3999999999996247E-05,1,11,0,11,11,0,0,  2.3359387536877882E-01,  1.1068132238447363E+00,  4.2299999999999999E-01,  4.2299999999999999E-01,  4.1912068663689378E-02,  2.7127476773678648E+01
2,2,1,1,0,1,legacy-reference-bound,4,4,16, -3.6264364031788898E-01, -1.3814059840923806E-02,  3.4882958047696522E-01,  4.1633363423443370E-17,  3.8163916471489756E-17, -2.2605119137687357E-01,  4.1000000000013248E-05,1,20,0,20,20,0,0,  2.6709177687559499E-01,  2.4909177687559501E+00,  4.2299999999999999E-01,  4.2299999999999999E-01,  0.0000000000000000E+00,  1.3841045449112137E+00
2,2,1,1,0,1,legacy-reference-bound,8,8,30, -3.6264364031795804E-01, -1.3814059840923806E-02,  3.4882958047696522E-01, -6.9014238768261293E-14,  6.8967401234409920E-14, -1.7806207892619549E-01,  9.0999999999979986E-05,1,38,0,38,38,0,0,  2.6709177687559499E-01,  2.4909177687559501E+00,  4.2299999999999999E-01,  4.2299999999999999E-01,  0.0000000000000000E+00,  0.0000000000000000E+00
2,2,1,1,0,1,legacy-reference-bound,16,16,47, -3.6264364031789798E-01, -1.3814059840923810E-02,  3.4882958047696522E-01, -8.9477036890883710E-15,  9.1983712313670196E-15, -1.3848480807731431E-01,  1.6499999999999848E-04,1,63,0,63,63,0,0,  2.6709177687559499E-01,  2.4909177687559501E+00,  4.2299999999999999E-01,  4.2299999999999999E-01,  0.0000000000000000E+00,  0.0000000000000000E+00
2,2,1,1,0,1,legacy-reference-bound,32,32,74, -3.6264364031788693E-01, -1.3814059840923815E-02,  3.4882958047696522E-01,  2.1042195763598670E-15,  4.5575522522600664E-15, -1.0934189864558294E-01,  2.2500000000000298E-04,1,106,0,106,106,0,0,  2.6709177687559499E-01,  2.4909177687559501E+00,  4.2299999999999999E-01,  4.2299999999999999E-01,  0.0000000000000000E+00,  0.0000000000000000E+00
2,2,1,1,0,1,legacy-reference-bound,64,64,125, -3.6264364031788771E-01, -1.3814059840923794E-02,  3.4882958047696522E-01,  1.3062467774105357E-15,  3.7892865928368380E-15, -8.9388536540381133E-02,  4.2200000000000570E-04,1,189,0,189,189,0,0,  2.6709177687559499E-01,  2.4909177687559501E+00,  4.2299999999999999E-01,  4.2299999999999999E-01,  0.0000000000000000E+00,  0.0000000000000000E+00
2,2,1,1,0,1,legacy-reference-bound,128,128,214, -3.6264364031789065E-01, -1.3814059840923780E-02,  3.4882958047696522E-01, -1.6497220256539435E-15,  2.7932300569744051E-15, -7.6207083058963052E-02,  8.4899999999998865E-04,1,342,0,342,342,0,0,  2.6709177687559499E-01,  2.4909177687559501E+00,  4.2299999999999999E-01,  4.2299999999999999E-01,  0.0000000000000000E+00,  0.0000000000000000E+00
2,2,1,1,0,1,legacy-reference-bound,256,256,393, -3.6264364031788987E-01, -1.3814059840923773E-02,  3.4882958047696522E-01, -8.7950480232024120E-16,  1.1777146098623792E-15, -6.7423917586432680E-02,  1.4480000000000048E-03,1,649,0,649,649,0,0,  2.6709177687559499E-01,  2.4909177687559501E+00,  4.2299999999999999E-01,  4.2299999999999999E-01,  0.0000000000000000E+00,  0.0000000000000000E+00
2,2,1,1,0,1,legacy-reference-bound,512,512,732, -3.6264364031788410E-01, -1.3814059840923962E-02,  3.4882958047696522E-01,  5.0827397846120448E-15,  1.7459178634077199E-15, -6.0711651227754175E-02,  3.1150000000000067E-03,1,1244,0,1244,1244,0,0,  2.6709177687559499E-01,  2.4909177687559501E+00,  4.2299999999999999E-01,  4.2299999999999999E-01,  0.0000000000000000E+00,  0.0000000000000000E+00
2,2,1,1,0,1,legacy-reference-bound,1024,1024,1415, -3.6264364031787782E-01, -1.3814059840923701E-02,  3.4882958047696522E-01,  1.1093556628871681E-14,  5.7016430422482389E-15, -5.3390711665662866E-02,  6.0679999999999901E-03,1,2439,0,2439,2439,0,0,  2.6709177687559499E-01,  2.4909177687559501E+00,  4.2299999999999999E-01,  4.2299999999999999E-01,  0.0000000000000000E+00,  0.0000000000000000E+00
2,2,1,1,0,1,legacy-reference-bound,2048,2048,2744, -3.6264364031788704E-01, -1.3814059840924282E-02,  3.4882958047696522E-01,  2.4598378889351125E-15,  1.4040214845779941E-15, -4.3545520937576868E-02,  1.1273000000000005E-02,1,4792,0,4792,4792,0,0,  2.6709177687559499E-01,  2.4909177687559501E+00,  4.2299999999999999E-01,  4.2299999999999999E-01,  0.0000000000000000E+00,  0.0000000000000000E+00
2,2,1,1,0,1,legacy-reference-bound,4096,4096,5369, -3.6264364031799456E-01, -1.3814059840924689E-02,  3.4882958047696522E-01, -1.0465760202915675E-13,  1.8900998116893469E-15, -3.2145439490134348E-02,  2.1893999999999997E-02,1,9465,0,9465,9465,0,0,  2.6709177687559499E-01,  2.4909177687559501E+00,  4.2299999999999999E-01,  4.2299999999999999E-01,  0.0000000000000000E+00,  0.0000000000000000E+00
2,2,1,1,0,1,legacy-reference-bound,1,1,5, -3.4073157165419965E-01, -1.3814059840923806E-02,  3.2691751181327589E-01,  4.1633363423443370E-17,  9.7144514654701197E-17, -3.4073157165419965E-01,  2.1999999999994246E-05,2,6,0,6,6,0,0, -2.6020663549833912E+01,  2.0247756386227375E-01,  3.9959315413326202E-01,  4.2299999999999999E-01, -1.0000000000000000E+00, -1.0000000000000000E+00
2,2,1,1,0,1,legacy-reference-bound,2,2,9, -3.8264364031788911E-01, -1.3814059840923806E-02,  3.6882958047696524E-01, -6.9388939039072284E-17,  2.0816681711721685E-17, -2.9617909431873884E-01,  2.3999999999996247E-05,2,11,0,11,11,0,0,  2.3359387536877882E-01,  1.1068132238447363E+00,  4.2299999999999999E-01,  4.2299999999999999E-01,  4.1912068663689378E-02,  2.7127476773678648E+01
2,2,1,1,0,1,legacy-reference-bound,4,4,16, -3.8264364031788900E-01, -1.3814059840923806E-02,  3.6882958047696524E-01,  4.1633363423443370E-17,  3.8163916471489756E-17, -2.4605119137687356E-01,  4.0999999999985492E-05,2,20,0,20,20,0,0,  2.6709177687559499E-01,  2.4909177687559501E+00,  4.2299999999999999E-01,  4.2299999999999999E-01,  0.0000000000000000E+00,  1.3841045449112137E+00
2,2,1,1,0,1,legacy-reference-bound,8,8,30, -3.8264364031795800E-01, -1.3814059840923806E-02,  3.6882958047696524E-01, -6.8958727617030036E-14,  6.8967401234409920E-14, -1.9806207892619548E-01,  7.8999999999995740E-05,2,38,0,38,38,0,0,  2.6709177687559499E-01,  2.4909177687559501E+00,  4.2299999999999999E-01,  4.2299999999999999E-01,  0.0000000000000000E+00,  0.0000000000000000E+00
2,2,1,1,0,1,legacy-reference-bound,16,16,47, -3.8264364031789794E-01, -1.3814059840923810E-02,  3.6882958047696524E-01, -8.8921925378571132E-15,  9.1983712313670196E-15, -1.5848480807731430E-01,  1.3099999999999223E-04,2,63,0,63,63,0,0,  2.6709177687559499E-01,  2.4909177687559501E+00,  4.2299999999999999E-01,  4.2299999999999999E-01,  0.0000000000000000E+00,  0.0000000000000000E+00
2,2,1,1,0,1,legacy-reference-bound,32,32,74, -3.8264364031788689E-01, -1.3814059840923815E-02,  3.6882958047696524E-01,  2.1597307275911248E-15,  4.5575522522600664E-15, -1.2934189864558293E-01,  2.2400000000000198E-04,2,106,0,106,106,0,0,  2.6709177687559499E-01,  2.4909177687559501E+00,  4.2299999999999999E-01,  4.2299999999999999E-01,  0.0000000000000000E+00,  0.0000000000000000E+00
2,2,1,1,0,1,legacy-reference-bound,64,64,125, -3.8264364031788772E-01, -1.3814059840923794E-02,  3.6882958047696524E-01,  1.3062467774105357E-15,  3.7892865928368380E-15, -1.0938853654038114E-01,  4.1900000000000270E-04,2,189,0,189,189,0,0,  2.6709177687559499E-01,  2.4909177687559501E+00,  4.2299999999999999E-01,  4.2299999999999999E-01,  0.0000000000000000E+00,  0.0000000000000000E+00
2,2,1,1,0,1,legacy-reference-bound,128,128,214, -3.8264364031789061E-01, -1.3814059840923780E-02,  3.6882958047696524E-01, -1.5942108744226857E-15,  2.7932300569744051E-15, -9.6207083058963055E-02,  7.3500000000001342E-04,2,342,0,342,342,0,0,  2.6709177687559499E-01,  2.4909177687559501E+00,  4.2299999999999999E-01,  4.2299999999999999E-01,  0.0000000000000000E+00,  0.0000000000000000E+00
2,2,1,1,0,1,legacy-reference-bound,256,256,393, -3.8264364031788989E-01, -1.3814059840923773E-02,  3.6882958047696524E-01, -8.7950480232024120E-16,  1.1777146098623792E-15, -8.7423917586432684E-02,  1.6870000000000218E-03,2,649,0,649,649,0,0,  2.6709177687559499E-01,  2.4909177687559501E+00,  4.2299999999999999E-01,  4.2299999999999999E-01,  0.0000000000000000E+00,  0.0000000000000000E+00
2,2,1,1,0,1,legacy-reference-bound,512,512,732, -3.8264364031788412E-01, -1.3814059840923962E-02,  3.6882958047696524E-01,  5.0827397846120448E-15,  1.7459178634077199E-15, -8.0711651227754172E-02,  3.0249999999999999E-03,2,1244,0,1244,1244,0,0,  2.6709177687559499E-01,  2.4909177687559501E+00,  4.2299999999999999E-01,  4.2299999999999999E-01,  0.0000000000000000E+00,  0.0000000000000000E+00
2,2,1,1,0,1,legacy-reference-bound,1024,1024,1415, -3.8264364031787773E-01, -1.3814059840923701E-02,  3.6882958047696524E-01,  1.1204578931334197E-14,  5.7016430422482389E-15, -7.3390711665662869E-02,  5.3829999999999989E-03,2,2439,0,2439,2439,0,0,  2.6709177687559499E-01,  2.4909177687559501E+00,  4.2299999999999999E-01,  4.2299999999999999E-01,  0.0000000000000000E+00,  0.0000000000000000E+00
2,2,1,1,0,1,legacy-reference-bound,2048,2048,2744, -3.8264364031788706E-01, -1.3814059840924282E-02,  3.6882958047696524E-01,  2.4598378889351125E-15,  1.4040214845779941E-15, -6.3545520937576871E-02,  1.0618999999999990E-02,2,4792,0,4792,4792,0,0,  2.6709177687559499E-01,  2.4909177687559501E+00,  4.2299999999999999E-01,  4.2299999999999999E-01,  0.0000000000000000E+00,  0.0000000000000000E+00
2,2,1,1,0,1,legacy-reference-bound,4096,4096,5369, -3.8264364031799458E-01, -1.3814059840924689E-02,  3.6882958047696524E-01, -1.0465760202915675E-13,  1.8900998116893469E-15, -5.2145439490134352E-02,  2.1974999999999995E-02,2,9465,0,9465,9465,0,0,  2.6709177687559499E-01,  2.4909177687559501E+00,  4.2299999999999999E-01,  4.2299999999999999E-01,  0.0000000000000000E+00,  0.0000000000000000E+00
2,2,1,1,0,1,legacy-reference-bound,1,1,5, -3.4073157165419965E-01, -1.3814059840923806E-02,  3.2691751181327589E-01,  4.1633363423443370E-17,  9.7144514654701197E-17, -3.4073157165419965E-01,  2.3999999999996247E-05,3,6,0,6,6,0,0, -2.6020663549833912E+01,  2.0247756386227375E-01,  3.9959315413326202E-01,  4.2299999999999999E-01, -1.0000000000000000E+00, -1.0000000000000000E+00
2,2,1,1,0,1,legacy-reference-bound,2,2,9, -3.8264364031788911E-01, -1.3814059840923806E-02,  3.6882958047696524E-01, -6.9388939039072284E-17,  2.0816681711721685E-17, -2.9617909431873884E-01,  2.4999999999997247E-05,3,11,0,11,11,0,0,  2.3359387536877882E-01,  1.1068132238447363E+00,  4.2299999999999999E-01,  4.2299999999999999E-01,  4.1912068663689378E-02,  2.7127476773678648E+01
2,2,1,1,0,1,legacy-reference-bound,4,4,16, -3.8264364031788900E-01, -1.3814059840923806E-02,  3.6882958047696524E-01,  4.1633363423443370E-17,  3.8163916471489756E-17, -2.4605119137687356E-01,  3.9999999999984492E-05,3,20,0,20,20,0,0,  2.6709177687559499E-01,  2.4909177687559501E+00,  4.2299999999999999E-01,  4.2299999999999999E-01,  0.0000000000000000E+00,  1.3841045449112137E+00
2,2,1,1,0,1,legacy-reference-bound,8,8,30, -3.8264364031795800E-01, -1.3814059840923806E-02,  3.6882958047696524E-01, -6.8958727617030036E-14,  6.8967401234409920E-14, -1.9806207892619548E-01,  7.8999999999995740E-05,3,38,0,38,38,0,0,  2.6709177687559499E-01,  2.4909177687559501E+00,  4.2299999999999999E-01,  4.2299999999999999E-01,  0.0000000000000000E+00,  0.0000000000000000E+00
2,2,1,1,0,1,legacy-reference-bound,16,16,47, -3.8264364031789794E-01, -1.3814059840923810E-02,  3.6882958047696524E-01, -8.8921925378571132E-15,  9.1983712313670196E-15, -1.5848480807731430E-01,  1.3299999999999423E-04,3,63,0,63,63,0,0,  2.6709177687559499E-01,  2.4909177687559501E+00,  4.2299999999999999E-01,  4.2299999999999999E-01,  0.0000000000000000E+00,  0.0000000000000000E+00
2,2,1,1,0,1,legacy-reference-bound,32,32,74, -3.8264364031788689E-01, -1.3814059840923815E-02,  3.6882958047696524E-01,  2.1597307275911248E-15,  4.5575522522600664E-15, -1.2934189864558293E-01,  2.3600000000001398E-04,3,106,0,106,106,0,0,  2.6709177687559499E-01,  2.4909177687559501E+00,  4.2299999999999999E-01,  4.2299999999999999E-01,  0.0000000000000000E+00,  0.0000000000000000E+00
2,2,1,1,0,1,legacy-reference-bound,64,64,125, -3.8264364031788772E-01, -1.3814059840923794E-02,  3.6882958047696524E-01,  1.3062467774105357E-15,  3.7892865928368380E-15, -1.0938853654038114E-01,  4.0400000000001546E-04,3,189,0,189,189,0,0,  2.6709177687559499E-01,  2.4909177687559501E+00,  4.2299999999999999E-01,  4.2299999999999999E-01,  0.0000000000000000E+00,  0.0000000000000000E+00
2,2,1,1,0,1,legacy-reference-bound,128,128,214, -3.8264364031789061E-01, -1.3814059840923780E-02,  3.6882958047696524E-01, -1.5942108744226857E-15,  2.7932300569744051E-15, -9.6207083058963055E-02,  7.5000000000000067E-04,3,342,0,342,342,0,0,  2.6709177687559499E-01,  2.4909177687559501E+00,  4.2299999999999999E-01,  4.2299999999999999E-01,  0.0000000000000000E+00,  0.0000000000000000E+00
2,2,1,1,0,1,legacy-reference-bound,256,256,395, -3.8264364031789111E-01, -1.3814059840923773E-02,  3.6882958047696524E-01, -2.1007501294079134E-15,  1.4847606651102740E-15,  0.0000000000000000E+00,  1.4550000000000118E-03,3,647,4,647,651,0,1,  2.6709177687559499E-01,  2.4909177687559501E+00,  4.2299999999999999E-01,  4.2299999999999999E-01,  0.0000000000000000E+00,  0.0000000000000000E+00
2,2,1,1,0,1,legacy-reference-bound,512,512,735, -3.8264364031787562E-01, -1.3814059840923962E-02,  3.6882958047696524E-01,  1.3575945922994492E-14,  8.1003725862366371E-15,  0.0000000000000000E+00,  2.7699999999999947E-03,3,1239,8,1239,1247,0,1,  2.6709177687559499E-01,  2.4909177687559501E+00,  4.2299999999999999E-01,  4.2299999999999999E-01,  0.0000000000000000E+00,  0.0000000000000000E+00
2,2,1,1,0,1,legacy-reference-bound,1024,1024,1424, -3.8264364031787662E-01, -1.3814059840923701E-02,  3.6882958047696524E-01,  1.2314801955959354E-14,  5.5385790355064191E-15,  0.0000000000000000E+00,  5.4530000000000134E-03,3,2432,16,2432,2448,0,1,  2.6709177687559499E-01,  2.4909177687559501E+00,  4.2299999999999999E-01,  4.2299999999999999E-01,  0.0000000000000000E+00,  0.0000000000000000E+00
2,2,1,1,0,1,legacy-reference-bound,2048,2048,2761, -3.8264364031788783E-01, -1.3814059840924282E-02,  3.6882958047696524E-01,  1.6826817716975029E-15,  1.4994312757567185E-15,  0.0000000000000000E+00,  1.0960999999999999E-02,3,4777,32,4777,4809,0,1,  2.6709177687559499E-01,  2.4909177687559501E+00,  4.2299999999999999E-01,  4.2299999999999999E-01,  0.0000000000000000E+00,  0.0000000000000000E+00
2,2,1,1,0,1,legacy-reference-bound,4096,4096,5401, -3.8264364031799508E-01, -1.3814059840924689E-02,  3.6882958047696524E-01, -1.0515720239023807E-13,  1.7770175250991088E-15,  0.0000000000000000E+00,  2.2301000000000015E-02,3,9433,64,9433,9497,0,1,  2.6709177687559499E-01,  2.4909177687559501E+00,  4.2299999999999999E-01,  4.2299999999999999E-01,  0.0000000000000000E+00,  0.0000000000000000E+00
2,2,2,1,0,1,legacy-reference-bound,1,1,4, -4.5058613767875921E-01, -4.3135658157335610E-01,  1.9229556105403001E-02, -1.1102230246251565E-16,  0.0000000000000000E+00, -4.5058613767875921E-01,  1.9999999999964491E-05,1,5,0,5,5,0,0,  1.1941568866837977E-01,  1.7513976048868227E-01,  4.2299999999999999E-01,  4.2299999999999999E-01, -1.0000000000000000E+00, -1.0000000000000000E+00
2,2,2,1,0,1,legacy-reference-bound,2,2,8, -4.5058613767875921E-01, -4.3135658157335610E-01,  1.9229556105403001E-02, -1.1102230246251565E-16,  2.7755575615628914E-17, -2.3490784689208119E-01,  2.0999999999993246E-05,1,10,0,10,10,0,0,  1.7918808808981976E-01,  1.6118808808981977E+00,  4.2299999999999999E-01,  4.2299999999999999E-01,  0.0000000000000000E+00,  1.4924651922298180E+00
2,2,2,1,0,1,legacy-reference-bound,4,4,13, -4.5058613767875932E-01, -4.3135658157335610E-01,  1.9229556105403001E-02, -2.2204460492503131E-16,  0.0000000000000000E+00, -1.2706482386075943E-01,  3.4000000000034003E-05,1,17,0,17,17,0,0,  1.7918808808981976E-01,  1.6118808808981977E+00,  4.2299999999999999E-01,  4.2299999999999999E-01,  0.0000000000000000E+00,  1.1102230246251565E-16
2,2,2,1,0,1,legacy-reference-bound,8,8,17, -4.5058613767875938E-01, -4.3135658157335616E-01,  1.9229556105403001E-02, -2.2204460492503131E-16,  1.3877787807814457E-17, -7.3090373952929860E-02,  5.1999999999996493E-05,1,25,0,25,25,0,0,  1.7918808808981976E-01,  1.6118808808981977E+00,  4.2299999999999999E-01,  4.2299999999999999E-01,  0.0000000000000000E+00,  1.1102230246251565E-16
2,2,2,1,0,1,legacy-reference-bound,16,16,25, -4.5058613767875916E-01, -4.3135658157335599E-01,  1.9229556105403001E-02, -1.6653345369377348E-16,  6.9388939039072284E-18, -4.5932676669835970E-02,  8.7999999999976986E-05,1,41,0,41,41,0,0,  1.7918808808981976E-01,  1.6118808808981977E+00,  4.2299999999999999E-01,  4.2299999999999999E-01,  0.0000000000000000E+00,  5.5511151231257827E-17
2,2,2,1,0,1,legacy-reference-bound,32,32,41, -4.5058613767875899E-01, -4.3135658157335588E-01,  1.9229556105403001E-02, -1.1102230246251565E-16,  5.8980598183211441E-17, -3.1901297016015163E-02,  1.5899999999996473E-04,1,73,0,73,73,0,0,  1.7918808808981976E-01,  1.6118808808981977E+00,  4.2299999999999999E-01,  4.2299999999999999E-01,  0.0000000000000000E+00,  0.0000000000000000E+00
2,2,2,1,0,1,legacy-reference-bound,64,64,81, -4.5058613767875982E-01, -4.3135658157335655E-01,  1.9229556105403001E-02, -2.7755575615628914E-16,  2.2551405187698492E-17, -2.3864504423703914E-02,  3.3299999999997221E-04,1,145,0,145,145,0,0,  1.7918808808981976E-01,  1.6118808808981977E+00,  4.2299999999999999E-01,  4.2299999999999999E-01,  0.0000000000000000E+00,  1.1102230246251565E-16
2,2,2,1,0,1,legacy-reference-bound,128,128,148, -4.5058613767875988E-01, -4.3135658157335555E-01,  1.9229556105403001E-02, -1.3322676295501878E-15,  1.2047654540658925E-15, -1.8143549934243941E-02,  6.2200000000001143E-04,1,276,0,276,276,0,0,  1.7918808808981976E-01,  1.6118808808981977E+00,  4.2299999999999999E-01,  4.2299999999999999E-01,  0.0000000000000000E+00,  1.1102230246251565E-16
2,2,2,1,0,1,legacy-reference-bound,256,256,285, -4.5058613767875899E-01, -4.3135658157335477E-01,  1.9229556105403001E-02, -1.2212453270876722E-15,  1.0343288725511712E-15, -1.3395328314142129E-02,  1.2249999999999761E-03,1,541,0,541,541,0,0,  1.7918808808981976E-01,  1.6118808808981977E+00,  4.2299999999999999E-01,  4.2299999999999999E-01,  0.0000000000000000E+00,  1.1102230246251565E-16
2,2,2,1,0,1,legacy-reference-bound,512,512,562, -4.5058613767876432E-01, -4.3135658157336038E-01,  1.9229556105403001E-02, -9.4368957093138306E-16,  3.6450877038962659E-16, -9.6181884327806756E-03,  2.4939999999999962E-03,1,1074,0,1074,1074,0,0,  1.7918808808981976E-01,  1.6118808808981977E+00,  4.2299999999999999E-01,  4.2299999999999999E-01,  0.0000000000000000E+00,  1.1102230246251565E-16
2,2,2,1,0,1,legacy-reference-bound,1024,1024,1105, -4.5058613767876904E-01, -4.3135658157336426E-01,  1.9229556105403001E-02, -1.7763568394002505E-15,  2.7506209115957247E-16, -6.8853935656346009E-03,  5.0310000000000077E-03,1,2129,0,2129,2129,0,0,  1.7918808808981976E-01,  1.6118808808981977E+00,  4.2299999999999999E-01,  4.2299999999999999E-01,  0.0000000000000000E+00,  1.1102230246251565E-16
2,2,2,1,0,1,legacy-reference-bound,2048,2048,2177, -4.5058613767877082E-01, -4.3135658157336620E-01,  1.9229556105403001E-02, -1.6098233857064770E-15,  1.7222551509932238E-16, -4.9594144612773996E-03,  1.1579999999999979E-02,1,4225,0,4225,4225,0,0,  1.7918808808981976E-01,  1.6118808808981977E+00,  4.2299999999999999E-01,  4.2299999999999999E-01,  0.0000000000000000E+00,  1.1102230246251565E-16
2,2,2,1,0,1,legacy-reference-bound,4096,4096,4334, -4.5058613767871919E-01, -4.3135658157331941E-01,  1.9229556105403001E-02,  3.2196467714129540E-15,  1.9756874088117105E-16, -3.5280921897805819E-03,  1.9411000000000012E-02,1,8430,0,8430,8430,0,0,  1.7918808808981976E-01,  1.6118808808981977E+00,  4.2299999999999999E-01,  4.2299999999999999E-01,  0.0000000000000000E+00,  5.5511151231257827E-17
2,2,2,1,0,1,legacy-reference-bound,1,1,4, -4.7058613767875923E-01, -4.3135658157335610E-01,  3.9229556105403018E-02, -1.1102230246251565E-16,  0.0000000000000000E+00, -4.7058613767875923E-01,  1.8999999999991246E-05,2,5,0,5,5,0,0,  1.1941568866837977E-01,  1.7513976048868227E-01,  4.2299999999999999E-01,  4.2299999999999999E-01, -1.0000000000000000E+00, -1.0000000000000000E+00
2,2,2,1,0,1,legacy-reference-bound,2,2,8, -4.7058613767875923E-01, -4.3135658157335610E-01,  3.9229556105403018E-02, -1.1102230246251565E-16,  2.7755575615628914E-17, -2.5490784689208118E-01,  1.9999999999964491E-05,2,10,0,10,10,0,0,  1.7918808808981976E-01,  1.6118808808981977E+00,  4.2299999999999999E-01,  4.2299999999999999E-01,  0.0000000000000000E+00,  1.4924651922298180E+00
2,2,2,1,0,1,legacy-reference-bound,4,4,13, -4.7058613767875934E-01, -4.3135658157335610E-01,  3.9229556105403018E-02, -2.2204460492503131E-16,  0.0000000000000000E+00, -1.4706482386075942E-01,  3.6000000000036003E-05,2,17,0,17,17,0,0,  1.7918808808981976E-01,  1.6118808808981977E+00,  4.2299999999999999E-01,  4.2299999999999999E-01,  0.0000000000000000E+00,  1.1102230246251565E-16
2,2,2,1,0,1,legacy-reference-bound,8,8,17, -4.7058613767875934E-01, -4.3135658157335616E-01,  3.9229556105403018E-02, -1.6653345369377348E-16,  1.3877787807814457E-17, -9.3090373952929864E-02,  5.3999999999998494E-05,2,25,0,25,25,0,0,  1.7918808808981976E-01,  1.6118808808981977E+00,  4.2299999999999999E-01,  4.2299999999999999E-01,  0.0000000000000000E+00,  1.1102230246251565E-16
2,2,2,1,0,1,legacy-reference-bound,16,16,25, -4.7058613767875912E-01, -4.3135658157335599E-01,  3.9229556105403018E-02, -1.1102230246251565E-16,  6.9388939039072284E-18, -6.5932676669835974E-02,  1.0499999999996623E-04,2,41,0,41,41,0,0,  1.7918808808981976E-01,  1.6118808808981977E+00,  4.2299999999999999E-01,  4.2299999999999999E-01,  0.0000000000000000E+00,  5.5511151231257827E-17
2,2,2,1,0,1,legacy-reference-bound,32,32,41, -4.7058613767875895E-01, -4.3135658157335588E-01,  3.9229556105403018E-02, -5.5511151231257827E-17,  5.8980598183211441E-17, -5.1901297016015160E-02,  1.5799999999999148E-04,2,73,0,73,73,0,0,  1.7918808808981976E-01,  1.6118808808981977E+00,  4.2299999999999999E-01,  4.2299999999999999E-01,  0.0000000000000000E+00,  0.0000000000000000E+00
2,2,2,1,0,1,legacy-reference-bound,64,64,81, -4.7058613767875990E-01, -4.3135658157335655E-01,  3.9229556105403018E-02, -3.3306690738754696E-16,  2.2551405187698492E-17, -4.3864504423703918E-02,  3.9599999999995195E-04,2,145,0,145,145,0,0,  1.7918808808981976E-01,  1.6118808808981977E+00,  4.2299999999999999E-01,  4.2299999999999999E-01,  0.0000000000000000E+00,  1.1102230246251565E-16
2,2,2,1,0,1,legacy-reference-bound,128,128,148, -4.7058613767875979E-01, -4.3135658157335555E-01,  3.9229556105403018E-02, -1.2212453270876722E-15,  1.2047654540658925E-15, -3.8143549934243945E-02,  6.3900000000000068E-04,2,276,0,276,276,0,0,  1.7918808808981976E-01,  1.6118808808981977E+00,  4.2299999999999999E-01,  4.2299999999999999E-01,  0.0000000000000000E+00,  1.1102230246251565E-16
2,2,2,1,0,1,legacy-reference-bound,256,256,285, -4.7058613767875890E-01, -4.3135658157335477E-01,  3.9229556105403018E-02, -1.1102230246251565E-15,  1.0343288725511712E-15, -3.3395328314142131E-02,  1.2099999999999889E-03,2,541,0,541,541,0,0,  1.7918808808981976E-01,  1.6118808808981977E+00,  4.2299999999999999E-01,  4.2299999999999999E-01,  0.0000000000000000E+00,  1.1102230246251565E-16
2,2,2,1,0,1,legacy-reference-bound,512,512,562, -4.7058613767876484E-01, -4.3135658157336038E-01,  3.9229556105403018E-02, -1.4432899320127035E-15,  3.6450877038962659E-16, -2.9618188432780676E-02,  2.4079999999999657E-03,2,1074,0,1074,1074,0,0,  1.7918808808981976E-01,  1.6118808808981977E+00,  4.2299999999999999E-01,  4.2299999999999999E-01,  0.0000000000000000E+00,  1.1102230246251565E-16
2,2,2,1,0,1,legacy-reference-bound,1024,1024,1105, -4.7058613767876961E-01, -4.3135658157336426E-01,  3.9229556105403018E-02, -2.3314683517128287E-15,  2.7506209115957247E-16, -2.6885393565634602E-02,  4.7749999999999737E-03,2,2129,0,2129,2129,0,0,  1.7918808808981976E-01,  1.6118808808981977E+00,  4.2299999999999999E-01,  4.2299999999999999E-01,  0.0000000000000000E+00,  1.1102230246251565E-16
2,2,2,1,0,1,legacy-reference-bound,2048,2048,2177, -4.7058613767877150E-01, -4.3135658157336620E-01,  3.9229556105403018E-02, -2.2759572004815709E-15,  1.7222551509932238E-16, -2.4959414461277401E-02,  1.0139999999999982E-02,2,4225,0,4225,4225,0,0,  1.7918808808981976E-01,  1.6118808808981977E+00,  4.2299999999999999E-01,  4.2299999999999999E-01,  0.0000000000000000E+00,  1.1102230246251565E-16
2,2,2,1,0,1,legacy-reference-bound,4096,4096,4334, -4.7058613767871427E-01, -4.3135658157331941E-01,  3.9229556105403018E-02,  8.1601392309949006E-15,  1.9756874088117105E-16, -2.3528092189780581E-02,  1.9869999999999999E-02,2,8430,0,8430,8430,0,0,  1.7918808808981976E-01,  1.6118808808981977E+00,  4.2299999999999999E-01,  4.2299999999999999E-01,  0.0000000000000000E+00,  5.5511151231257827E-17
2,2,2,1,0,1,legacy-reference-bound,1,1,4, -4.7058613767875923E-01, -4.3135658157335610E-01,  3.9229556105403018E-02, -1.1102230246251565E-16,  0.0000000000000000E+00, -4.7058613767875923E-01,  2.2999999999995246E-05,3,5,0,5,5,0,0,  1.1941568866837977E-01,  1.7513976048868227E-01,  4.2299999999999999E-01,  4.2299999999999999E-01, -1.0000000000000000E+00, -1.0000000000000000E+00
2,2,2,1,0,1,legacy-reference-bound,2,2,8, -4.7058613767875923E-01, -4.3135658157335610E-01,  3.9229556105403018E-02, -1.1102230246251565E-16,  2.7755575615628914E-17, -2.5490784689208118E-01,  2.0999999999993246E-05,3,10,0,10,10,0,0,  1.7918808808981976E-01,  1.6118808808981977E+00,  4.2299999999999999E-01,  4.2299999999999999E-01,  0.0000000000000000E+00,  1.4924651922298180E+00
2,2,2,1,0,1,legacy-reference-bound,4,4,13, -4.7058613767875934E-01, -4.3135658157335610E-01,  3.9229556105403018E-02, -2.2204460492503131E-16,  0.0000000000000000E+00, -1.4706482386075942E-01,  3.5999999999980492E-05,3,17,0,17,17,0,0,  1.7918808808981976E-01,  1.6118808808981977E+00,  4.2299999999999999E-01,  4.2299999999999999E-01,  0.0000000000000000E+00,  1.1102230246251565E-16
2,2,2,1,0,1,legacy-reference-bound,8,8,17, -4.7058613767875934E-01, -4.3135658157335616E-01,  3.9229556105403018E-02, -1.6653345369377348E-16,  1.3877787807814457E-17, -9.3090373952929864E-02,  5.1999999999996493E-05,3,25,0,25,25,0,0,  1.7918808808981976E-01,  1.6118808808981977E+00,  4.2299999999999999E-01,  4.2299999999999999E-01,  0.0000000000000000E+00,  1.1102230246251565E-16
2,2,2,1,0,1,legacy-reference-bound,16,16,25, -4.7058613767875912E-01, -4.3135658157335599E-01,  3.9229556105403018E-02, -1.1102230246251565E-16,  6.9388939039072284E-18, -6.5932676669835974E-02,  1.0499999999996623E-04,3,41,0,41,41,0,0,  1.7918808808981976E-01,  1.6118808808981977E+00,  4.2299999999999999E-01,  4.2299999999999999E-01,  0.0000000000000000E+00,  5.5511151231257827E-17
2,2,2,1,0,1,legacy-reference-bound,32,32,41, -4.7058613767875895E-01, -4.3135658157335588E-01,  3.9229556105403018E-02, -5.5511151231257827E-17,  5.8980598183211441E-17, -5.1901297016015160E-02,  1.5899999999996473E-04,3,73,0,73,73,0,0,  1.7918808808981976E-01,  1.6118808808981977E+00,  4.2299999999999999E-01,  4.2299999999999999E-01,  0.0000000000000000E+00,  0.0000000000000000E+00
2,2,2,1,0,1,legacy-reference-bound,64,64,81, -4.7058613767875990E-01, -4.3135658157335655E-01,  3.9229556105403018E-02, -3.3306690738754696E-16,  2.2551405187698492E-17, -4.3864504423703918E-02,  3.1799999999998496E-04,3,145,0,145,145,0,0,  1.7918808808981976E-01,  1.6118808808981977E+00,  4.2299999999999999E-01,  4.2299999999999999E-01,  0.0000000000000000E+00,  1.1102230246251565E-16
2,2,2,1,0,1,legacy-reference-bound,128,128,148, -4.7058613767875979E-01, -4.3135658157335555E-01,  3.9229556105403018E-02, -1.2212453270876722E-15,  1.2047654540658925E-15, -3.8143549934243945E-02,  6.2299999999998468E-04,3,276,0,276,276,0,0,  1.7918808808981976E-01,  1.6118808808981977E+00,  4.2299999999999999E-01,  4.2299999999999999E-01,  0.0000000000000000E+00,  1.1102230246251565E-16
2,2,2,1,0,1,legacy-reference-bound,256,256,291, -4.7058613767875873E-01, -4.3135658157335477E-01,  3.9229556105403018E-02, -9.4368957093138306E-16,  1.1141261524461044E-15,  0.0000000000000000E+00,  1.2189999999999701E-03,3,542,5,542,547,0,1,  1.7918808808981976E-01,  1.6118808808981977E+00,  4.2299999999999999E-01,  4.2299999999999999E-01,  0.0000000000000000E+00,  0.0000000000000000E+00
2,2,2,1,0,1,legacy-reference-bound,512,512,568, -4.7058613767876550E-01, -4.3135658157336038E-01,  3.9229556105403018E-02, -2.1094237467877974E-15,  5.6573669360293621E-16,  0.0000000000000000E+00,  2.5400000000000422E-03,3,1070,10,1070,1080,0,1,  1.7918808808981976E-01,  1.6118808808981977E+00,  4.2299999999999999E-01,  4.2299999999999999E-01,  0.0000000000000000E+00,  0.0000000000000000E+00
2,2,2,1,0,1,legacy-reference-bound,1024,1024,1116, -4.7058613767876972E-01, -4.3135658157336426E-01,  3.9229556105403018E-02, -2.4424906541753444E-15,  5.2052546301029068E-16,  0.0000000000000000E+00,  4.9150000000000027E-03,3,2120,20,2120,2140,0,1,  1.7918808808981976E-01,  1.6118808808981977E+00,  4.2299999999999999E-01,  4.2299999999999999E-01,  0.0000000000000000E+00,  0.0000000000000000E+00
2,2,2,1,0,1,legacy-reference-bound,2048,2048,2213, -4.7058613767877128E-01, -4.3135658157336620E-01,  3.9229556105403018E-02, -2.0539125955565396E-15,  2.4313233717987437E-16,  0.0000000000000000E+00,  9.9139999999999784E-03,3,4221,40,4221,4261,0,1,  1.7918808808981976E-01,  1.6118808808981977E+00,  4.2299999999999999E-01,  4.2299999999999999E-01,  0.0000000000000000E+00,  1.1102230246251565E-16
2,2,2,1,0,1,legacy-reference-bound,4096,4096,4391, -4.7058613767871416E-01, -4.3135658157331941E-01,  3.9229556105403018E-02,  8.2711615334574162E-15,  2.0971180521300870E-16,  0.0000000000000000E+00,  1.9527000000000017E-02,3,8407,80,8407,8487,0,1,  1.7918808808981976E-01,  1.6118808808981977E+00,  4.2299999999999999E-01,  4.2299999999999999E-01,  0.0000000000000000E+00,  0.0000000000000000E+00
2,2,3,1,0,1,legacy-reference-bound,1,1,1, -1.1875000000000000E+00, -1.1875000000000000E+00,  0.0000000000000000E+00,  0.0000000000000000E+00,  0.0000000000000000E+00, -1.1875000000000000E+00,  1.2999999999985246E-05,1,2,0,2,2,0,0,  2.0000000000000000E-02,  2.0000000000000000E-02,  4.2299999999999999E-01,  4.2299999999999999E-01, -1.0000000000000000E+00, -1.0000000000000000E+00
2,2,3,1,0,1,legacy-reference-bound,2,2,2, -1.1875000000000000E+00, -1.1875000000000000E+00,  0.0000000000000000E+00,  0.0000000000000000E+00,  0.0000000000000000E+00, -5.9375000000000000E-01,  1.0999999999983245E-05,1,4,0,4,4,0,0,  2.0000000000000000E-02,  2.0000000000000000E-02,  4.2299999999999999E-01,  4.2299999999999999E-01,  0.0000000000000000E+00,  0.0000000000000000E+00
2,2,3,1,0,1,legacy-reference-bound,4,4,4, -1.1875000000000000E+00, -1.1875000000000000E+00,  0.0000000000000000E+00,  0.0000000000000000E+00,  0.0000000000000000E+00, -2.9687500000000000E-01,  1.9999999999964491E-05,1,8,0,8,8,0,0,  2.0000000000000000E-02,  2.0000000000000000E-02,  4.2299999999999999E-01,  4.2299999999999999E-01,  0.0000000000000000E+00,  0.0000000000000000E+00
2,2,3,1,0,1,legacy-reference-bound,8,8,8, -1.1875000000000000E+00, -1.1875000000000000E+00,  0.0000000000000000E+00,  0.0000000000000000E+00,  0.0000000000000000E+00, -1.4843750000000000E-01,  3.7000000000009248E-05,1,16,0,16,16,0,0,  2.0000000000000000E-02,  2.0000000000000000E-02,  4.2299999999999999E-01,  4.2299999999999999E-01,  0.0000000000000000E+00,  0.0000000000000000E+00
2,2,3,1,0,1,legacy-reference-bound,16,16,16, -1.1875000000000000E+00, -1.1875000000000000E+00,  0.0000000000000000E+00,  0.0000000000000000E+00,  0.0000000000000000E+00, -7.4218750000000000E-02,  9.1000000000007741E-05,1,32,0,32,32,0,0,  2.0000000000000000E-02,  2.0000000000000000E-02,  4.2299999999999999E-01,  4.2299999999999999E-01,  0.0000000000000000E+00,  0.0000000000000000E+00
2,2,3,1,0,1,legacy-reference-bound,32,32,32, -1.1875000000000000E+00, -1.1875000000000000E+00,  0.0000000000000000E+00,  0.0000000000000000E+00,  0.0000000000000000E+00, -3.7109375000000000E-02,  1.4400000000003299E-04,1,64,0,64,64,0,0,  2.0000000000000000E-02,  2.0000000000000000E-02,  4.2299999999999999E-01,  4.2299999999999999E-01,  0.0000000000000000E+00,  0.0000000000000000E+00
2,2,3,1,0,1,legacy-reference-bound,64,64,64, -1.1875000000000000E+00, -1.1875000000000000E+00,  0.0000000000000000E+00,  0.0000000000000000E+00,  0.0000000000000000E+00, -1.8554687500000000E-02,  2.9899999999999372E-04,1,128,0,128,128,0,0,  2.0000000000000000E-02,  2.0000000000000000E-02,  4.2299999999999999E-01,  4.2299999999999999E-01,  0.0000000000000000E+00,  0.0000000000000000E+00
2,2,3,1,0,1,legacy-reference-bound,128,128,128, -1.1875000000000000E+00, -1.1875000000000000E+00,  0.0000000000000000E+00,  0.0000000000000000E+00,  0.0000000000000000E+00, -9.2773437500000000E-03,  6.4000000000002943E-04,1,256,0,256,256,0,0,  2.0000000000000000E-02,  2.0000000000000000E-02,  4.2299999999999999E-01,  4.2299999999999999E-01,  0.0000000000000000E+00,  0.0000000000000000E+00
2,2,3,1,0,1,legacy-reference-bound,256,256,256, -1.1875000000000000E+00, -1.1875000000000000E+00,  0.0000000000000000E+00,  0.0000000000000000E+00,  0.0000000000000000E+00, -4.6386718750000000E-03,  1.1660000000000004E-03,1,512,0,512,512,0,0,  2.0000000000000000E-02,  2.0000000000000000E-02,  4.2299999999999999E-01,  4.2299999999999999E-01,  0.0000000000000000E+00,  0.0000000000000000E+00
2,2,3,1,0,1,legacy-reference-bound,512,512,512, -1.1875000000000000E+00, -1.1875000000000000E+00,  0.0000000000000000E+00,  0.0000000000000000E+00,  0.0000000000000000E+00, -2.3193359375000000E-03,  2.4049999999999905E-03,1,1024,0,1024,1024,0,0,  2.0000000000000000E-02,  2.0000000000000000E-02,  4.2299999999999999E-01,  4.2299999999999999E-01,  0.0000000000000000E+00,  0.0000000000000000E+00
2,2,3,1,0,1,legacy-reference-bound,1024,1024,1024, -1.1875000000000000E+00, -1.1875000000000000E+00,  0.0000000000000000E+00,  0.0000000000000000E+00,  0.0000000000000000E+00, -1.1596679687500000E-03,  4.6130000000000337E-03,1,2048,0,2048,2048,0,0,  2.0000000000000000E-02,  2.0000000000000000E-02,  4.2299999999999999E-01,  4.2299999999999999E-01,  0.0000000000000000E+00,  0.0000000000000000E+00
2,2,3,1,0,1,legacy-reference-bound,2048,2048,2048, -1.1875000000000000E+00, -1.1875000000000000E+00,  0.0000000000000000E+00,  0.0000000000000000E+00,  0.0000000000000000E+00, -5.7983398437500000E-04,  9.3540000000000290E-03,1,4096,0,4096,4096,0,0,  2.0000000000000000E-02,  2.0000000000000000E-02,  4.2299999999999999E-01,  4.2299999999999999E-01,  0.0000000000000000E+00,  0.0000000000000000E+00
2,2,3,1,0,1,legacy-reference-bound,4096,4096,4096, -1.1875000000000000E+00, -1.1875000000000000E+00,  0.0000000000000000E+00,  0.0000000000000000E+00,  0.0000000000000000E+00, -2.8991699218750000E-04,  1.9718999999999987E-02,1,8192,0,8192,8192,0,0,  2.0000000000000000E-02,  2.0000000000000000E-02,  4.2299999999999999E-01,  4.2299999999999999E-01,  0.0000000000000000E+00,  0.0000000000000000E+00
2,2,3,1,0,1,legacy-reference-bound,1,1,1, -1.2075000000000000E+00, -1.1875000000000000E+00,  2.0000000000000018E-02,  0.0000000000000000E+00,  0.0000000000000000E+00, -1.2075000000000000E+00,  1.8999999999991246E-05,2,2,0,2,2,0,0,  2.0000000000000000E-02,  2.0000000000000000E-02,  4.2299999999999999E-01,  4.2299999999999999E-01, -1.0000000000000000E+00, -1.0000000000000000E+00
2,2,3,1,0,1,legacy-reference-bound,2,2,2, -1.2075000000000000E+00, -1.1875000000000000E+00,  2.0000000000000018E-02,  0.0000000000000000E+00,  0.0000000000000000E+00, -6.1375000000000002E-01,  1.1000000000038757E-05,2,4,0,4,4,0,0,  2.0000000000000000E-02,  2.0000000000000000E-02,  4.2299999999999999E-01,  4.2299999999999999E-01,  0.0000000000000000E+00,  0.0000000000000000E+00
2,2,3,1,0,1,legacy-reference-bound,4,4,4, -1.2075000000000000E+00, -1.1875000000000000E+00,  2.0000000000000018E-02,  0.0000000000000000E+00,  0.0000000000000000E+00, -3.1687500000000002E-01,  2.0000000000020002E-05,2,8,0,8,8,0,0,  2.0000000000000000E-02,  2.0000000000000000E-02,  4.2299999999999999E-01,  4.2299999999999999E-01,  0.0000000000000000E+00,  0.0000000000000000E+00
2,2,3,1,0,1,legacy-reference-bound,8,8,8, -1.2075000000000000E+00, -1.1875000000000000E+00,  2.0000000000000018E-02,  0.0000000000000000E+00,  0.0000000000000000E+00, -1.6843749999999999E-01,  3.7000000000009248E-05,2,16,0,16,16,0,0,  2.0000000000000000E-02,  2.0000000000000000E-02,  4.2299999999999999E-01,  4.2299999999999999E-01,  0.0000000000000000E+00,  0.0000000000000000E+00
2,2,3,1,0,1,legacy-reference-bound,16,16,16, -1.2075000000000000E+00, -1.1875000000000000E+00,  2.0000000000000018E-02,  0.0000000000000000E+00,  0.0000000000000000E+00, -9.4218750000000004E-02,  7.1999999999960984E-05,2,32,0,32,32,0,0,  2.0000000000000000E-02,  2.0000000000000000E-02,  4.2299999999999999E-01,  4.2299999999999999E-01,  0.0000000000000000E+00,  0.0000000000000000E+00
2,2,3,1,0,1,legacy-reference-bound,32,32,32, -1.2075000000000000E+00, -1.1875000000000000E+00,  2.0000000000000018E-02,  0.0000000000000000E+00,  0.0000000000000000E+00, -5.7109375000000004E-02,  1.4399999999997748E-04,2,64,0,64,64,0,0,  2.0000000000000000E-02,  2.0000000000000000E-02,  4.2299999999999999E-01,  4.2299999999999999E-01,  0.0000000000000000E+00,  0.0000000000000000E+00
2,2,3,1,0,1,legacy-reference-bound,64,64,64, -1.2075000000000000E+00, -1.1875000000000000E+00,  2.0000000000000018E-02,  0.0000000000000000E+00,  0.0000000000000000E+00, -3.8554687500000004E-02,  2.8399999999995096E-04,2,128,0,128,128,0,0,  2.0000000000000000E-02,  2.0000000000000000E-02,  4.2299999999999999E-01,  4.2299999999999999E-01,  0.0000000000000000E+00,  0.0000000000000000E+00
2,2,3,1,0,1,legacy-reference-bound,128,128,128, -1.2075000000000000E+00, -1.1875000000000000E+00,  2.0000000000000018E-02,  0.0000000000000000E+00,  0.0000000000000000E+00, -2.9277343750000000E-02,  8.6900000000000865E-04,2,256,0,256,256,0,0,  2.0000000000000000E-02,  2.0000000000000000E-02,  4.2299999999999999E-01,  4.2299999999999999E-01,  0.0000000000000000E+00,  0.0000000000000000E+00
2,2,3,1,0,1,legacy-reference-bound,256,256,256, -1.2075000000000000E+00, -1.1875000000000000E+00,  2.0000000000000018E-02,  0.0000000000000000E+00,  0.0000000000000000E+00, -2.4638671875000000E-02,  1.1709999999999776E-03,2,512,0,512,512,0,0,  2.0000000000000000E-02,  2.0000000000000000E-02,  4.2299999999999999E-01,  4.2299999999999999E-01,  0.0000000000000000E+00,  0.0000000000000000E+00
2,2,3,1,0,1,legacy-reference-bound,512,512,512, -1.2075000000000000E+00, -1.1875000000000000E+00,  2.0000000000000018E-02,  0.0000000000000000E+00,  0.0000000000000000E+00, -2.2319335937500000E-02,  2.6579999999999937E-03,2,1024,0,1024,1024,0,0,  2.0000000000000000E-02,  2.0000000000000000E-02,  4.2299999999999999E-01,  4.2299999999999999E-01,  0.0000000000000000E+00,  0.0000000000000000E+00
2,2,3,1,0,1,legacy-reference-bound,1024,1024,1024, -1.2075000000000000E+00, -1.1875000000000000E+00,  2.0000000000000018E-02,  0.0000000000000000E+00,  0.0000000000000000E+00, -2.1159667968750000E-02,  4.9850000000000172E-03,2,2048,0,2048,2048,0,0,  2.0000000000000000E-02,  2.0000000000000000E-02,  4.2299999999999999E-01,  4.2299999999999999E-01,  0.0000000000000000E+00,  0.0000000000000000E+00
2,2,3,1,0,1,legacy-reference-bound,2048,2048,2048, -1.2075000000000000E+00, -1.1875000000000000E+00,  2.0000000000000018E-02,  0.0000000000000000E+00,  0.0000000000000000E+00, -2.0579833984375000E-02,  9.8900000000000099E-03,2,4096,0,4096,4096,0,0,  2.0000000000000000E-02,  2.0000000000000000E-02,  4.2299999999999999E-01,  4.2299999999999999E-01,  0.0000000000000000E+00,  0.0000000000000000E+00
2,2,3,1,0,1,legacy-reference-bound,4096,4096,4096, -1.2075000000000000E+00, -1.1875000000000000E+00,  2.0000000000000018E-02,  0.0000000000000000E+00,  0.0000000000000000E+00, -2.0289916992187500E-02,  2.0506000000000024E-02,2,8192,0,8192,8192,0,0,  2.0000000000000000E-02,  2.0000000000000000E-02,  4.2299999999999999E-01,  4.2299999999999999E-01,  0.0000000000000000E+00,  0.0000000000000000E+00
2,2,3,1,0,1,legacy-reference-bound,1,1,1, -1.2075000000000000E+00, -1.1875000000000000E+00,  2.0000000000000018E-02,  0.0000000000000000E+00,  0.0000000000000000E+00, -1.2075000000000000E+00,  1.4999999999987246E-05,3,2,0,2,2,0,0,  2.0000000000000000E-02,  2.0000000000000000E-02,  4.2299999999999999E-01,  4.2299999999999999E-01, -1.0000000000000000E+00, -1.0000000000000000E+00
2,2,3,1,0,1,legacy-reference-bound,2,2,2, -1.2075000000000000E+00, -1.1875000000000000E+00,  2.0000000000000018E-02,  0.0000000000000000E+00,  0.0000000000000000E+00, -6.1375000000000002E-01,  1.2000000000012001E-05,3,4,0,4,4,0,0,  2.0000000000000000E-02,  2.0000000000000000E-02,  4.2299999999999999E-01,  4.2299999999999999E-01,  0.0000000000000000E+00,  0.0000000000000000E+00
2,2,3,1,0,1,legacy-reference-bound,4,4,4, -1.2075000000000000E+00, -1.1875000000000000E+00,  2.0000000000000018E-02,  0.0000000000000000E+00,  0.0000000000000000E+00, -3.1687500000000002E-01,  2.0999999999993246E-05,3,8,0,8,8,0,0,  2.0000000000000000E-02,  2.0000000000000000E-02,  4.2299999999999999E-01,  4.2299999999999999E-01,  0.0000000000000000E+00,  0.0000000000000000E+00
2,2,3,1,0,1,legacy-reference-bound,8,8,8, -1.2075000000000000E+00, -1.1875000000000000E+00,  2.0000000000000018E-02,  0.0000000000000000E+00,  0.0000000000000000E+00, -1.6843749999999999E-01,  4.9999999999994493E-05,3,16,0,16,16,0,0,  2.0000000000000000E-02,  2.0000000000000000E-02,  4.2299999999999999E-01,  4.2299999999999999E-01,  0.0000000000000000E+00,  0.0000000000000000E+00
2,2,3,1,0,1,legacy-reference-bound,16,16,16, -1.2075000000000000E+00, -1.1875000000000000E+00,  2.0000000000000018E-02,  0.0000000000000000E+00,  0.0000000000000000E+00, -9.4218750000000004E-02,  7.2999999999989740E-05,3,32,0,32,32,0,0,  2.0000000000000000E-02,  2.0000000000000000E-02,  4.2299999999999999E-01,  4.2299999999999999E-01,  0.0000000000000000E+00,  0.0000000000000000E+00
2,2,3,1,0,1,legacy-reference-bound,32,32,32, -1.2075000000000000E+00, -1.1875000000000000E+00,  2.0000000000000018E-02,  0.0000000000000000E+00,  0.0000000000000000E+00, -5.7109375000000004E-02,  1.4299999999994872E-04,3,64,0,64,64,0,0,  2.0000000000000000E-02,  2.0000000000000000E-02,  4.2299999999999999E-01,  4.2299999999999999E-01,  0.0000000000000000E+00,  0.0000000000000000E+00
2,2,3,1,0,1,legacy-reference-bound,64,64,64, -1.2075000000000000E+00, -1.1875000000000000E+00,  2.0000000000000018E-02,  0.0000000000000000E+00,  0.0000000000000000E+00, -3.8554687500000004E-02,  3.2999999999999696E-04,3,128,0,128,128,0,0,  2.0000000000000000E-02,  2.0000000000000000E-02,  4.2299999999999999E-01,  4.2299999999999999E-01,  0.0000000000000000E+00,  0.0000000000000000E+00
2,2,3,1,0,1,legacy-reference-bound,128,128,128, -1.2075000000000000E+00, -1.1875000000000000E+00,  2.0000000000000018E-02,  0.0000000000000000E+00,  0.0000000000000000E+00, -2.9277343750000000E-02,  6.0300000000002019E-04,3,256,0,256,256,0,0,  2.0000000000000000E-02,  2.0000000000000000E-02,  4.2299999999999999E-01,  4.2299999999999999E-01,  0.0000000000000000E+00,  0.0000000000000000E+00
2,2,3,1,0,1,legacy-reference-bound,256,256,329, -1.2075000000000005E+00, -1.1875000000000000E+00,  2.0000000000000018E-02, -4.4408920985006262E-16,  7.9016654330743563E-16,  0.0000000000000000E+00,  1.4929999999999666E-03,3,728,17,732,749,2,1,  1.9999999999999903E-02,  2.0000000000000011E-02,  4.2299999999999999E-01,  4.2299999999999999E-01,  0.0000000000000000E+00,  9.7144514654701197E-17
2,2,3,1,0,1,legacy-reference-bound,512,512,599, -1.2075000000000000E+00, -1.1875000000000000E+00,  2.0000000000000018E-02,  0.0000000000000000E+00,  2.2199039481640703E-16,  0.0000000000000000E+00,  2.5450000000000195E-03,3,1097,25,1101,1126,2,1,  1.9999999999999914E-02,  1.9999999999999973E-02,  4.2299999999999999E-01,  4.2299999999999999E-01,  0.0000000000000000E+00,  4.1633363423443370E-17
2,2,3,1,0,1,legacy-reference-bound,1024,1024,1159, -1.2074999999999996E+00, -1.1875000000000000E+00,  2.0000000000000018E-02,  4.4408920985006262E-16,  2.2199039481640703E-16,  0.0000000000000000E+00,  5.0720000000000209E-03,3,2158,36,2162,2198,2,1,  1.9999999999999910E-02,  1.9999999999999983E-02,  4.2299999999999999E-01,  4.2299999999999999E-01,  0.0000000000000000E+00,  5.5511151231257827E-17
2,2,3,1,0,1,legacy-reference-bound,2048,2048,2255, -1.2075000000000014E+00, -1.1875000000000000E+00,  2.0000000000000018E-02, -1.3322676295501878E-15,  2.9338510787457750E-16,  0.0000000000000000E+00,  1.0052999999999979E-02,3,4256,58,4260,4318,2,1,  1.9999999999999955E-02,  2.0000000000000000E-02,  4.2299999999999999E-01,  4.2299999999999999E-01,  0.0000000000000000E+00,  9.0205620750793969E-17
2,2,3,1,0,1,legacy-reference-bound,4096,4096,4445, -1.2075000000000005E+00, -1.1875000000000000E+00,  2.0000000000000018E-02, -4.4408920985006262E-16,  3.1902648925385968E-16,  0.0000000000000000E+00,  1.9764999999999922E-02,3,8452,100,8456,8556,2,1,  1.9999999999999938E-02,  2.0000000000000000E-02,  4.2299999999999999E-01,  4.2299999999999999E-01,  0.0000000000000000E+00,  6.2450045135165055E-17
2,5,1,1,0,1,legacy-reference-bound,1,1,5, -7.6148974251086710E-01, -5.8630643955043515E-01,  1.7518330296043194E-01,  0.0000000000000000E+00,  0.0000000000000000E+00, -7.6148974251086710E-01,  2.5000000000052758E-05,1,6,0,6,6,0,0, -1.0227863400397626E+02,  1.0968636999771220E-01,  3.2203876234760742E-01,  4.2299999999999999E-01, -1.0000000000000000E+00, -1.0000000000000000E+00
2,5,1,1,0,1,legacy-reference-bound,2,2,17, -1.6104352410438958E+00, -1.3460894349927837E+00,  2.6434580605111213E-01,  0.0000000000000000E+00,  2.2204460492503131E-16, -4.4201962688347096E-01,  4.1999999999986493E-05,1,19,0,19,19,0,0, -7.1111372459334049E+01, -2.6106307642314391E-01,  3.4969712895099292E-01,  4.2296702016068854E-01,  8.9195482929991604E-02,  4.5012939130623927E+01
2,5,1,1,0,1,legacy-reference-bound,4,4,43, -5.0296363092633563E+00, -4.7727764402511657E+00,  2.5685986901219060E-01,  0.0000000000000000E+00,  1.5631940186722204E-13, -2.7836823927418569E-01,  1.6499999999997073E-04,1,47,0,47,47,0,0, -6.6053699064331440E+01, -2.4259778269722747E+00,  3.5476859167502328E-01,  4.2215859195861638E-01,  1.7628862486982366E-02,  8.8200109047411992E+00
2,5,1,1,0,1,legacy-reference-bound,8,8,99, -6.0055216233196758E+00, -5.7383448187398276E+00,  2.6717680457984816E-01,  0.0000000000000000E+00,  8.6597395920762210E-14, -1.9096270219721984E-01,  2.5900000000000922E-04,1,107,0,107,107,0,0, -6.2025330360421144E+01, -1.5326090886760420E+00,  3.5892668012332518E-01,  4.2256773013503723E-01,  1.0316935567657393E-02,  4.3940361321954349E+00
2,5,1,1,0,1,legacy-reference-bound,16,16,174, -6.6249841724173963E+00, -6.3573889044214473E+00,  2.6759526799594857E-01, -8.8817841970012523E-16,  3.1474822748123188E-14, -1.4076362312060109E-01,  4.5700000000004071E-04,1,190,0,190,190,0,0, -6.1757964173050567E+01, -1.5386990088041190E+00,  3.5920633475923236E-01,  4.2256523452710038E-01,  4.2095902403727070E-04,  2.6736618737057682E-01
2,5,1,1,0,1,legacy-reference-bound,32,32,261, -6.9686013560456104E+00, -6.7010066006385705E+00,  2.6759475540704147E-01,  1.7763568394002505E-15,  1.9040324872321435E-14, -1.0960320113357093E-01,  6.3899999999994517E-04,1,293,0,293,293,0,0, -6.1758188337396149E+01, -1.5387284454010113E+00,  3.5920610010190812E-01,  4.2256522245341377E-01,  5.1258890693128834E-07,  2.2416434558181209E-04
2,5,1,1,0,1,legacy-reference-bound,64,64,265, -7.1637714512195680E+00, -6.8961766958125592E+00,  2.6759475540701505E-01,  6.2172489379008766E-15,  1.0047518372857667E-14, -8.9406409184021152E-02,  7.3499999999993015E-04,1,329,0,329,329,0,0, -6.1758188337448253E+01, -1.5387284453891237E+00,  3.5920610010185350E-01,  4.2256522245341865E-01,  8.2933659939499194E-14,  5.2104098813288147E-11
2,5,1,1,0,1,legacy-reference-bound,128,128,308, -7.2740559105168838E+00, -7.0064611551098812E+00,  2.6759475540701549E-01,  1.3322676295501878E-14,  3.2543412409324901E-15, -7.6207785989449231E-02,  1.0959999999999859E-03,1,436,0,436,436,0,0, -6.1758188337448132E+01, -1.5387284453891237E+00,  3.5920610010185372E-01,  4.2256522245341865E-01,  2.2204460492503131E-16,  1.2079226507921703E-13
2,5,1,1,0,1,legacy-reference-bound,256,256,427, -7.3328710248898048E+00, -7.0652762694827906E+00,  2.6759475540701527E-01,  8.8817841970012523E-16,  1.5230872119076366E-15, -6.7423933911716985E-02,  1.8399999999999528E-03,1,683,0,683,683,0,0, -6.1758188337448196E+01, -1.5387284453891257E+00,  3.5920610010185361E-01,  4.2256522245341865E-01,  1.1102230246251565E-16,  6.3948846218409017E-14
2,5,1,1,0,1,legacy-reference-bound,512,512,880, -7.3637020949335232E+00, -7.0961073395265082E+00,  2.6759475540701527E-01,  0.0000000000000000E+00,  1.5361518480860870E-15, -6.0711651465942498E-02,  3.6599999999999966E-03,1,1392,0,1392,1392,0,0, -6.1758188337448196E+01, -1.5387284453891257E+00,  3.5920610010185361E-01,  4.2256522245341865E-01,  0.0000000000000000E+00,  0.0000000000000000E+00
2,5,1,1,0,1,legacy-reference-bound,1024,1024,1725, -7.3798469622750247E+00, -7.1122522068680096E+00,  2.6759475540701527E-01,  0.0000000000000000E+00,  5.6785410656448251E-15, -5.3390711667965836E-02,  7.1689999999999809E-03,1,2749,0,2749,2749,0,0, -6.1758188337448203E+01, -1.5387284453891259E+00,  3.5920610010185361E-01,  4.2256522245341865E-01,  0.0000000000000000E+00,  7.1054273576010019E-15
2,5,1,1,0,1,legacy-reference-bound,2048,2048,3335, -7.3883751887758145E+00, -7.1207804333688003E+00,  2.6759475540701527E-01,  8.8817841970012523E-16,  1.4795226133644535E-15, -4.3545520937592633E-02,  1.4525000000000010E-02,1,5383,0,5383,5383,0,0, -6.1758188337448217E+01, -1.5387284453891257E+00,  3.5920610010185361E-01,  4.2256522245341865E-01,  0.0000000000000000E+00,  1.4210854715202004E-14
2,5,1,1,0,1,legacy-reference-bound,4096,4096,6430, -7.3928568162629169E+00, -7.1252620608558352E+00,  2.6759475540701527E-01, -6.6613381477509392E-14,  1.8830503799858230E-15, -3.2145439490134410E-02,  2.7926000000000006E-02,1,10526,0,10526,10526,0,0, -6.1758188337448232E+01, -1.5387284453891259E+00,  3.5920610010185361E-01,  4.2256522245341865E-01,  0.0000000000000000E+00,  1.4210854715202004E-14
2,5,1,1,0,1,legacy-reference-bound,1,1,5, -7.8148974251086711E-01, -5.8630643955043515E-01,  1.9518330296043196E-01,  0.0000000000000000E+00,  0.0000000000000000E+00, -7.8148974251086711E-01,  2.5999999999970491E-05,2,6,0,6,6,0,0, -1.0227863400397626E+02,  1.0968636999771220E-01,  3.2203876234760742E-01,  4.2299999999999999E-01, -1.0000000000000000E+00, -1.0000000000000000E+00
2,5,1,1,0,1,legacy-reference-bound,2,2,17, -1.6304352410438958E+00, -1.3460894349927837E+00,  2.8434580605111215E-01,  0.0000000000000000E+00,  2.2204460492503131E-16, -4.6201962688347098E-01,  4.1999999999986493E-05,2,19,0,19,19,0,0, -7.1111372459334049E+01, -2.6106307642314391E-01,  3.4969712895099292E-01,  4.2296702016068854E-01,  8.9195482929991604E-02,  4.5012939130623927E+01
2,5,1,1,0,1,legacy-reference-bound,4,4,43, -5.0496363092633558E+00, -4.7727764402511657E+00,  2.7685986901219062E-01,  0.0000000000000000E+00,  1.5631940186722204E-13, -2.9836823927418571E-01,  9.7999999999931475E-05,2,47,0,47,47,0,0, -6.6053699064331440E+01, -2.4259778269722747E+00,  3.5476859167502328E-01,  4.2215859195861638E-01,  1.7628862486982366E-02,  8.8200109047411992E+00
2,5,1,1,0,1,legacy-reference-bound,8,8,99, -6.0255216233196753E+00, -5.7383448187398276E+00,  2.8717680457984818E-01,  0.0000000000000000E+00,  8.6597395920762210E-14, -2.1096270219721983E-01,  2.2100000000002673E-04,2,107,0,107,107,0,0, -6.2025330360421144E+01, -1.5326090886760420E+00,  3.5892668012332518E-01,  4.2256773013503723E-01,  1.0316935567657393E-02,  4.3940361321954349E+00
2,5,1,1,0,1,legacy-reference-bound,16,16,174, -6.6449841724173959E+00, -6.3573889044214473E+00,  2.8759526799594859E-01,  0.0000000000000000E+00,  3.1474822748123188E-14, -1.6076362312060108E-01,  4.1800000000002946E-04,2,190,0,190,190,0,0, -6.1757964173050567E+01, -1.5386990088041190E+00,  3.5920633475923236E-01,  4.2256523452710038E-01,  4.2095902403727070E-04,  2.6736618737057682E-01
2,5,1,1,0,1,legacy-reference-bound,32,32,261, -6.9886013560456099E+00, -6.7010066006385705E+00,  2.8759475540704149E-01,  1.7763568394002505E-15,  1.9040324872321435E-14, -1.2960320113357093E-01,  6.6100000000002268E-04,2,293,0,293,293,0,0, -6.1758188337396149E+01, -1.5387284454010113E+00,  3.5920610010190812E-01,  4.2256522245341377E-01,  5.1258890693128834E-07,  2.2416434558181209E-04
2,5,1,1,0,1,legacy-reference-bound,64,64,265, -7.1837714512195676E+00, -6.8961766958125592E+00,  2.8759475540701507E-01,  6.2172489379008766E-15,  1.0047518372857667E-14, -1.0940640918402116E-01,  7.6699999999996216E-04,2,329,0,329,329,0,0, -6.1758188337448253E+01, -1.5387284453891237E+00,  3.5920610010185350E-01,  4.2256522245341865E-01,  8.2933659939499194E-14,  5.2104098813288147E-11
2,5,1,1,0,1,legacy-reference-bound,128,128,308, -7.2940559105168834E+00, -7.0064611551098812E+00,  2.8759475540701551E-01,  1.3322676295501878E-14,  3.2543412409324901E-15, -9.6207785989449235E-02,  1.0599999999999499E-03,2,436,0,436,436,0,0, -6.1758188337448132E+01, -1.5387284453891237E+00,  3.5920610010185372E-01,  4.2256522245341865E-01,  2.2204460492503131E-16,  1.2079226507921703E-13
2,5,1,1,0,1,legacy-reference-bound,256,256,427, -7.3528710248898053E+00, -7.0652762694827906E+00,  2.8759475540701529E-01,  8.8817841970012523E-16,  1.5230872119076366E-15, -8.7423933911716989E-02,  1.7679999999999918E-03,2,683,0,683,683,0,0, -6.1758188337448196E+01, -1.5387284453891257E+00,  3.5920610010185361E-01,  4.2256522245341865E-01,  1.1102230246251565E-16,  6.3948846218409017E-14
2,5,1,1,0,1,legacy-reference-bound,512,512,880, -7.3837020949335228E+00, -7.0961073395265082E+00,  2.8759475540701529E-01,  8.8817841970012523E-16,  1.5361518480860870E-15, -8.0711651465942502E-02,  3.6420000000000341E-03,2,1392,0,1392,1392,0,0, -6.1758188337448196E+01, -1.5387284453891257E+00,  3.5920610010185361E-01,  4.2256522245341865E-01,  0.0000000000000000E+00,  0.0000000000000000E+00
2,5,1,1,0,1,legacy-reference-bound,1024,1024,1725, -7.3998469622750251E+00, -7.1122522068680096E+00,  2.8759475540701529E-01,  0.0000000000000000E+00,  5.6785410656448251E-15, -7.3390711667965833E-02,  7.1629999999999194E-03,2,2749,0,2749,2749,0,0, -6.1758188337448203E+01, -1.5387284453891259E+00,  3.5920610010185361E-01,  4.2256522245341865E-01,  0.0000000000000000E+00,  7.1054273576010019E-15
2,5,1,1,0,1,legacy-reference-bound,2048,2048,3335, -7.4083751887758149E+00, -7.1207804333688003E+00,  2.8759475540701529E-01,  8.8817841970012523E-16,  1.4795226133644535E-15, -6.3545520937592637E-02,  1.5302000000000038E-02,2,5383,0,5383,5383,0,0, -6.1758188337448217E+01, -1.5387284453891257E+00,  3.5920610010185361E-01,  4.2256522245341865E-01,  0.0000000000000000E+00,  1.4210854715202004E-14
2,5,1,1,0,1,legacy-reference-bound,4096,4096,6430, -7.4128568162629218E+00, -7.1252620608558352E+00,  2.8759475540701529E-01, -7.1054273576010019E-14,  1.8830503799858230E-15, -5.2145439490134407E-02,  2.8267999999999960E-02,2,10526,0,10526,10526,0,0, -6.1758188337448232E+01, -1.5387284453891259E+00,  3.5920610010185361E-01,  4.2256522245341865E-01,  0.0000000000000000E+00,  1.4210854715202004E-14
2,5,1,1,0,1,legacy-reference-bound,1,1,5, -7.8148974251086711E-01, -5.8630643955043515E-01,  1.9518330296043196E-01,  0.0000000000000000E+00,  0.0000000000000000E+00, -7.8148974251086711E-01,  2.2999999999995246E-05,3,6,0,6,6,0,0, -1.0227863400397626E+02,  1.0968636999771220E-01,  3.2203876234760742E-01,  4.2299999999999999E-01, -1.0000000000000000E+00, -1.0000000000000000E+00
2,5,1,1,0,1,legacy-reference-bound,2,2,17, -1.6304352410438958E+00, -1.3460894349927837E+00,  2.8434580605111215E-01,  0.0000000000000000E+00,  2.2204460492503131E-16, -4.6201962688347098E-01,  5.6000000000056005E-05,3,19,0,19,19,0,0, -7.1111372459334049E+01, -2.6106307642314391E-01,  3.4969712895099292E-01,  4.2296702016068854E-01,  8.9195482929991604E-02,  4.5012939130623927E+01
2,5,1,1,0,1,legacy-reference-bound,4,4,43, -5.0496363092633558E+00, -4.7727764402511657E+00,  2.7685986901219062E-01,  0.0000000000000000E+00,  1.5631940186722204E-13, -2.9836823927418571E-01,  9.9000000000071253E-05,3,47,0,47,47,0,0, -6.6053699064331440E+01, -2.4259778269722747E+00,  3.5476859167502328E-01,  4.2215859195861638E-01,  1.7628862486982366E-02,  8.8200109047411992E+00
2,5,1,1,0,1,legacy-reference-bound,8,8,99, -6.0255216233196753E+00, -5.7383448187398276E+00,  2.8717680457984818E-01,  0.0000000000000000E+00,  8.6597395920762210E-14, -2.1096270219721983E-01,  2.1899999999996922E-04,3,107,0,107,107,0,0, -6.2025330360421144E+01, -1.5326090886760420E+00,  3.5892668012332518E-01,  4.2256773013503723E-01,  1.0316935567657393E-02,  4.3940361321954349E+00
2,5,1,1,0,1,legacy-reference-bound,16,16,174, -6.6449841724173959E+00, -6.3573889044214473E+00,  2.8759526799594859E-01,  0.0000000000000000E+00,  3.1474822748123188E-14, -1.6076362312060108E-01,  3.8899999999997270E-04,3,190,0,190,190,0,0, -6.1757964173050567E+01, -1.5386990088041190E+00,  3.5920633475923236E-01,  4.2256523452710038E-01,  4.2095902403727070E-04,  2.6736618737057682E-01
2,5,1,1,0,1,legacy-reference-bound,32,32,261, -6.9886013560456099E+00, -6.7010066006385705E+00,  2.8759475540704149E-01,  1.7763568394002505E-15,  1.9040324872321435E-14, -1.2960320113357093E-01,  6.2300000000004019E-04,3,293,0,293,293,0,0, -6.1758188337396149E+01, -1.5387284454010113E+00,  3.5920610010190812E-01,  4.2256522245341377E-01,  5.1258890693128834E-07,  2.2416434558181209E-04
2,5,1,1,0,1,legacy-reference-bound,64,64,265, -7.1837714512195676E+00, -6.8961766958125592E+00,  2.8759475540701507E-01,  6.2172489379008766E-15,  1.0047518372857667E-14, -1.0940640918402116E-01,  7.6299999999995816E-04,3,329,0,329,329,0,0, -6.1758188337448253E+01, -1.5387284453891237E+00,  3.5920610010185350E-01,  4.2256522245341865E-01,  8.2933659939499194E-14,  5.2104098813288147E-11
2,5,1,1,0,1,legacy-reference-bound,128,128,308, -7.2940559105168834E+00, -7.0064611551098812E+00,  2.8759475540701551E-01,  1.3322676295501878E-14,  3.2543412409324901E-15, -9.6207785989449235E-02,  1.0639999999999539E-03,3,436,0,436,436,0,0, -6.1758188337448132E+01, -1.5387284453891237E+00,  3.5920610010185372E-01,  4.2256522245341865E-01,  2.2204460492503131E-16,  1.2079226507921703E-13
2,5,1,1,0,1,legacy-reference-bound,256,256,429, -7.3246176610350666E+00, -7.0370229056280520E+00,  2.8759475540701529E-01,  8.8817841970012523E-16,  1.5508427875232655E-15,  0.0000000000000000E+00,  1.7700000000000493E-03,3,681,4,681,685,0,1, -6.1758188337448196E+01, -1.5387284453891257E+00,  3.5920610010185361E-01,  4.2256522245341865E-01,  1.1102230246251565E-16,  6.3948846218409017E-14
2,5,1,1,0,1,legacy-reference-bound,512,512,882, -7.3554503025698832E+00, -7.0678555471628686E+00,  2.8759475540701529E-01,  8.8817841970012523E-16,  8.1564156741587707E-15,  0.0000000000000000E+00,  3.6589999999999678E-03,3,1386,8,1386,1394,0,1, -6.1758188337448196E+01, -1.5387284453891259E+00,  3.5920610010185361E-01,  4.2256522245341865E-01,  0.0000000000000000E+00,  8.8817841970012523E-16
2,5,1,1,0,1,legacy-reference-bound,1024,1024,1733, -7.3715957351623640E+00, -7.0840009797553485E+00,  2.8759475540701529E-01,  0.0000000000000000E+00,  5.6703688917697156E-15,  0.0000000000000000E+00,  7.4660000000000837E-03,3,2741,16,2741,2757,0,1, -6.1758188337448203E+01, -1.5387284453891259E+00,  3.5920610010185361E-01,  4.2256522245341865E-01,  0.0000000000000000E+00,  7.1054273576010019E-15
2,5,1,1,0,1,legacy-reference-bound,2048,2048,3349, -7.3801241354535643E+00, -7.0925293800465488E+00,  2.8759475540701529E-01,  0.0000000000000000E+00,  1.5255444544876214E-15,  0.0000000000000000E+00,  1.4859000000000067E-02,3,5365,32,5365,5397,0,1, -6.1758188337448217E+01, -1.5387284453891257E+00,  3.5920610010185361E-01,  4.2256522245341865E-01,  0.0000000000000000E+00,  1.4210854715202004E-14
2,5,1,1,0,1,legacy-reference-bound,4096,4096,6463, -7.3846057945744565E+00, -7.0970110391673691E+00,  2.8759475540701529E-01, -7.1942451995710144E-14,  1.7751447352527296E-15,  0.0000000000000000E+00,  2.8457000000000066E-02,3,10495,64,10495,10559,0,1, -6.1758188337448232E+01, -1.5387284453891259E+00,  3.5920610010185361E-01,  4.2256522245341865E-01,  0.0000000000000000E+00,  1.4210854715202004E-14
2,5,2,1,0,1,legacy-reference-bound,1,1,12, -1.9807362959937218E+00, -1.9688379385831909E+00,  1.1898357410530913E-02,  0.0000000000000000E+00,  2.6134649999676185E-13, -1.9807362959937218E+00,  3.6000000000036003E-05,1,13,0,13,13,0,0, -8.2178533692453808E+00, -1.7441139152051049E-01,  4.1814140928619581E-01,  4.2298165957320344E-01, -1.0000000000000000E+00, -1.0000000000000000E+00
2,5,2,1,0,1,legacy-reference-bound,2,2,23, -2.3674801587183563E+00, -2.3543287768871890E+00,  1.3151381831167264E-02,  0.0000000000000000E+00,  2.2204460492503131E-16, -9.9429684853772293E-01,  5.3000000000080760E-05,1,25,0,25,25,0,0, -7.6376218297506240E+00, -3.6180046486706458E-01,  4.1862097646870478E-01,  4.2294698365845418E-01,  1.2877003353853889E-03,  1.0515350653924438E+00
2,5,2,1,0,1,legacy-reference-bound,4,4,42, -2.6279936373849830E+00, -2.6148829842786840E+00,  1.3110653106298997E-02,  0.0000000000000000E+00,  7.4495964952348004E-14, -5.0106844360477343E-01,  9.4999999999956231E-05,1,46,0,46,46,0,0, -7.6124997374179699E+00, -3.9438299285046891E-01,  4.1864143222704486E-01,  4.2293989901152251E-01,  8.1640241548386339E-05,  1.1990704294318588E-01
2,5,2,1,0,1,legacy-reference-bound,8,8,74, -2.7544620226598391E+00, -2.7413503984044576E+00,  1.3111624255381926E-02,  4.4408920985006262E-16,  3.7247982476174002E-14, -2.5443697439520868E-01,  1.6899999999997473E-04,1,82,0,82,82,0,0, -7.6132329523722646E+00, -3.9350783278989593E-01,  4.1864083557423770E-01,  4.2294009290127643E-01,  2.1644546973620393E-06,  2.6172159033834852E-03
2,5,2,1,0,1,legacy-reference-bound,16,16,102, -2.8177538845981398E+00, -2.8046422598409397E+00,  1.3111624757200513E-02,  4.4408920985006262E-16,  1.8762769116165146E-14, -1.3108709239033423E-01,  2.6499999999995971E-04,1,118,0,118,118,0,0, -7.6132333470552043E+00, -3.9350735105156093E-01,  4.1864083525305895E-01,  4.2294009300795055E-01,  1.1441759761865455E-09,  1.4091832385432213E-06
2,5,2,1,0,1,legacy-reference-bound,32,32,119, -2.8494259968401399E+00, -2.8363143720829398E+00,  1.3111624757200069E-02,  0.0000000000000000E+00,  9.4230179215060161E-15, -6.9345420076083256E-02,  3.4299999999998221E-04,1,151,0,151,151,0,0, -7.6132333470554192E+00, -3.9350735105143192E-01,  4.1864083525305873E-01,  4.2294009300795055E-01,  2.2204460492503131E-16,  2.6667557051496260E-13
2,5,2,1,0,1,legacy-reference-bound,64,64,149, -2.8653061893208451E+00, -2.8521945645636455E+00,  1.3111624757200069E-02,  4.4408920985006262E-16,  5.6343818499726694E-15, -3.8347426716208298E-02,  6.0099999999996268E-04,1,213,0,213,213,0,0, -7.6132333470554192E+00, -3.9350735105143175E-01,  4.1864083525305873E-01,  4.2294009300795055E-01,  0.0000000000000000E+00,  1.6653345369377348E-16
2,5,2,1,0,1,legacy-reference-bound,128,128,212, -2.8733121733951004E+00, -2.8602005486379003E+00,  1.3111624757200069E-02,  0.0000000000000000E+00,  2.3835100559921329E-15, -2.2618711120636341E-02,  9.0699999999999115E-04,1,340,0,340,340,0,0, -7.6132333470554192E+00, -3.9350735105143192E-01,  4.1864083525305873E-01,  4.2294009300795055E-01,  0.0000000000000000E+00,  1.6653345369377348E-16
2,5,2,1,0,1,legacy-reference-bound,256,256,337, -2.8773981435708431E+00, -2.8642865188136426E+00,  1.3111624757200069E-02, -4.4408920985006262E-16,  1.1293049828609014E-15, -1.4381201718673403E-02,  1.5789999999999971E-03,1,593,0,593,593,0,0, -7.6132333470554192E+00, -3.9350735105143192E-01,  4.1864083525305873E-01,  4.2294009300795055E-01,  0.0000000000000000E+00,  0.0000000000000000E+00
2,5,2,1,0,1,legacy-reference-bound,512,512,637, -2.8795264637794493E+00, -2.8664148390222493E+00,  1.3111624757200069E-02,  0.0000000000000000E+00,  7.8236028766554000E-16, -9.7564683317290166E-03,  3.1360000000000277E-03,1,1149,0,1149,1149,0,0, -7.6132333470554201E+00, -3.9350735105143175E-01,  4.1864083525305873E-01,  4.2294009300795055E-01,  0.0000000000000000E+00,  8.8817841970012523E-16
2,5,2,1,0,1,legacy-reference-bound,1024,1024,1230, -2.8806602717603824E+00, -2.8675486470031828E+00,  1.3111624757200069E-02,  4.4408920985006262E-16,  4.4322184811207421E-16, -6.8964489748742502E-03,  6.4760000000000373E-03,1,2254,0,2254,2254,0,0, -7.6132333470554201E+00, -3.9350735105143175E-01,  4.1864083525305873E-01,  4.2294009300795055E-01,  0.0000000000000000E+00,  2.2204460492503131E-16
2,5,2,1,0,1,legacy-reference-bound,2048,2048,2391, -2.8812709290718392E+00, -2.8681593043146383E+00,  1.3111624757200069E-02, -8.8817841970012523E-16,  2.6454533008646308E-16, -4.9598711058119202E-03,  1.2835999999999959E-02,1,4439,0,4439,4439,0,0, -7.6132333470554201E+00, -3.9350735105143175E-01,  4.1864083525305873E-01,  4.2294009300795055E-01,  0.0000000000000000E+00,  0.0000000000000000E+00
2,5,2,1,0,1,legacy-reference-bound,4096,4096,4684, -2.8815972437161399E+00, -2.8684856189589429E+00,  1.3111624757200069E-02,  3.1086244689504383E-15,  2.4188550468151604E-16, -3.5281013359896637E-03,  2.4202999999999975E-02,1,8780,0,8780,8780,0,0, -7.6132333470554210E+00, -3.9350735105143186E-01,  4.1864083525305873E-01,  4.2294009300795055E-01,  0.0000000000000000E+00,  8.8817841970012523E-16
2,5,2,1,0,1,legacy-reference-bound,1,1,12, -2.0007362959937218E+00, -1.9688379385831909E+00,  3.1898357410530931E-02,  0.0000000000000000E+00,  2.6134649999676185E-13, -2.0007362959937218E+00,  3.6000000000036003E-05,2,13,0,13,13,0,0, -8.2178533692453808E+00, -1.7441139152051049E-01,  4.1814140928619581E-01,  4.2298165957320344E-01, -1.0000000000000000E+00, -1.0000000000000000E+00
2,5,2,1,0,1,legacy-reference-bound,2,2,23, -2.3874801587183563E+00, -2.3543287768871890E+00,  3.3151381831167281E-02,  0.0000000000000000E+00,  2.2204460492503131E-16, -1.0142968485377228E+00,  5.4999999999916227E-05,2,25,0,25,25,0,0, -7.6376218297506240E+00, -3.6180046486706458E-01,  4.1862097646870478E-01,  4.2294698365845418E-01,  1.2877003353853889E-03,  1.0515350653924438E+00
2,5,2,1,0,1,legacy-reference-bound,4,4,42, -2.6479936373849831E+00, -2.6148829842786840E+00,  3.3110653106299015E-02,  0.0000000000000000E+00,  7.4495964952348004E-14, -5.2106844360477345E-01,  9.5999999999984986E-05,2,46,0,46,46,0,0, -7.6124997374179699E+00, -3.9438299285046891E-01,  4.1864143222704486E-01,  4.2293989901152251E-01,  8.1640241548386339E-05,  1.1990704294318588E-01
2,5,2,1,0,1,legacy-reference-bound,8,8,74, -2.7744620226598391E+00, -2.7413503984044576E+00,  3.3111624255381944E-02,  4.4408920985006262E-16,  3.7247982476174002E-14, -2.7443697439520870E-01,  1.7000000000000348E-04,2,82,0,82,82,0,0, -7.6132329523722646E+00, -3.9350783278989593E-01,  4.1864083557423770E-01,  4.2294009290127643E-01,  2.1644546973620393E-06,  2.6172159033834852E-03
2,5,2,1,0,1,legacy-reference-bound,16,16,102, -2.8377538845981403E+00, -2.8046422598409397E+00,  3.3111624757200531E-02,  0.0000000000000000E+00,  1.8762769116165146E-14, -1.5108709239033422E-01,  2.6499999999995971E-04,2,118,0,118,118,0,0, -7.6132333470552043E+00, -3.9350735105156093E-01,  4.1864083525305895E-01,  4.2294009300795055E-01,  1.1441759761865455E-09,  1.4091832385432213E-06
2,5,2,1,0,1,legacy-reference-bound,32,32,119, -2.8694259968401399E+00, -2.8363143720829398E+00,  3.3111624757200087E-02,  0.0000000000000000E+00,  9.4230179215060161E-15, -8.9345420076083260E-02,  6.8900000000005068E-04,2,151,0,151,151,0,0, -7.6132333470554192E+00, -3.9350735105143192E-01,  4.1864083525305873E-01,  4.2294009300795055E-01,  2.2204460492503131E-16,  2.6667557051496260E-13
2,5,2,1,0,1,legacy-reference-bound,64,64,149, -2.8853061893208451E+00, -2.8521945645636455E+00,  3.3111624757200087E-02,  4.4408920985006262E-16,  5.6343818499726694E-15, -5.8347426716208295E-02,  5.4799999999999294E-04,2,213,0,213,213,0,0, -7.6132333470554192E+00, -3.9350735105143175E-01,  4.1864083525305873E-01,  4.2294009300795055E-01,  0.0000000000000000E+00,  1.6653345369377348E-16
2,5,2,1,0,1,legacy-reference-bound,128,128,212, -2.8933121733950999E+00, -2.8602005486379003E+00,  3.3111624757200087E-02,  4.4408920985006262E-16,  2.3835100559921329E-15, -4.2618711120636338E-02,  8.8100000000002066E-04,2,340,0,340,340,0,0, -7.6132333470554192E+00, -3.9350735105143192E-01,  4.1864083525305873E-01,  4.2294009300795055E-01,  0.0000000000000000E+00,  1.6653345369377348E-16
2,5,2,1,0,1,legacy-reference-bound,256,256,337, -2.8973981435708431E+00, -2.8642865188136426E+00,  3.3111624757200087E-02, -4.4408920985006262E-16,  1.1293049828609014E-15, -3.4381201718673406E-02,  1.6049999999999676E-03,2,593,0,593,593,0,0, -7.6132333470554192E+00, -3.9350735105143192E-01,  4.1864083525305873E-01,  4.2294009300795055E-01,  0.0000000000000000E+00,  0.0000000000000000E+00
2,5,2,1,0,1,legacy-reference-bound,512,512,637, -2.8995264637794498E+00, -2.8664148390222493E+00,  3.3111624757200087E-02, -4.4408920985006262E-16,  7.8236028766554000E-16, -2.9756468331729017E-02,  3.1470000000000109E-03,2,1149,0,1149,1149,0,0, -7.6132333470554201E+00, -3.9350735105143175E-01,  4.1864083525305873E-01,  4.2294009300795055E-01,  0.0000000000000000E+00,  8.8817841970012523E-16
2,5,2,1,0,1,legacy-reference-bound,1024,1024,1230, -2.9006602717603811E+00, -2.8675486470031828E+00,  3.3111624757200087E-02,  1.7763568394002505E-15,  4.4322184811207421E-16, -2.6896448974874251E-02,  6.3199999999999923E-03,2,2254,0,2254,2254,0,0, -7.6132333470554201E+00, -3.9350735105143175E-01,  4.1864083525305873E-01,  4.2294009300795055E-01,  0.0000000000000000E+00,  2.2204460492503131E-16
2,5,2,1,0,1,legacy-reference-bound,2048,2048,2391, -2.9012709290718415E+00, -2.8681593043146383E+00,  3.3111624757200087E-02, -3.1086244689504383E-15,  2.6454533008646308E-16, -2.4959871105811920E-02,  1.2893000000000043E-02,2,4439,0,4439,4439,0,0, -7.6132333470554201E+00, -3.9350735105143175E-01,  4.1864083525305873E-01,  4.2294009300795055E-01,  0.0000000000000000E+00,  0.0000000000000000E+00
2,5,2,1,0,1,legacy-reference-bound,4096,4096,4684, -2.9015972437161355E+00, -2.8684856189589429E+00,  3.3111624757200087E-02,  7.5495165674510645E-15,  2.4188550468151604E-16, -2.3528101335989662E-02,  2.4610999999999938E-02,2,8780,0,8780,8780,0,0, -7.6132333470554210E+00, -3.9350735105143186E-01,  4.1864083525305873E-01,  4.2294009300795055E-01,  0.0000000000000000E+00,  8.8817841970012523E-16
2,5,2,1,0,1,legacy-reference-bound,1,1,12, -2.0007362959937218E+00, -1.9688379385831909E+00,  3.1898357410530931E-02,  0.0000000000000000E+00,  2.6134649999676185E-13, -2.0007362959937218E+00,  3.9000000000011248E-05,3,13,0,13,13,0,0, -8.2178533692453808E+00, -1.7441139152051049E-01,  4.1814140928619581E-01,  4.2298165957320344E-01, -1.0000000000000000E+00, -1.0000000000000000E+00
2,5,2,1,0,1,legacy-reference-bound,2,2,23, -2.3874801587183563E+00, -2.3543287768871890E+00,  3.3151381831167281E-02,  0.0000000000000000E+00,  2.2204460492503131E-16, -1.0142968485377228E+00,  5.4999999999916227E-05,3,25,0,25,25,0,0, -7.6376218297506240E+00, -3.6180046486706458E-01,  4.1862097646870478E-01,  4.2294698365845418E-01,  1.2877003353853889E-03,  1.0515350653924438E+00
2,5,2,1,0,1,legacy-reference-bound,4,4,42, -2.6479936373849831E+00, -2.6148829842786840E+00,  3.3110653106299015E-02,  0.0000000000000000E+00,  7.4495964952348004E-14, -5.2106844360477345E-01,  9.5999999999984986E-05,3,46,0,46,46,0,0, -7.6124997374179699E+00, -3.9438299285046891E-01,  4.1864143222704486E-01,  4.2293989901152251E-01,  8.1640241548386339E-05,  1.1990704294318588E-01
2,5,2,1,0,1,legacy-reference-bound,8,8,74, -2.7744620226598391E+00, -2.7413503984044576E+00,  3.3111624255381944E-02,  4.4408920985006262E-16,  3.7247982476174002E-14, -2.7443697439520870E-01,  1.8499999999999073E-04,3,82,0,82,82,0,0, -7.6132329523722646E+00, -3.9350783278989593E-01,  4.1864083557423770E-01,  4.2294009290127643E-01,  2.1644546973620393E-06,  2.6172159033834852E-03
2,5,2,1,0,1,legacy-reference-bound,16,16,102, -2.8377538845981403E+00, -2.8046422598409397E+00,  3.3111624757200531E-02,  0.0000000000000000E+00,  1.8762769116165146E-14, -1.5108709239033422E-01,  2.5100000000000122E-04,3,118,0,118,118,0,0, -7.6132333470552043E+00, -3.9350735105156093E-01,  4.1864083525305895E-01,  4.2294009300795055E-01,  1.1441759761865455E-09,  1.4091832385432213E-06
2,5,2,1,0,1,legacy-reference-bound,32,32,119, -2.8694259968401399E+00, -2.8363143720829398E+00,  3.3111624757200087E-02,  0.0000000000000000E+00,  9.4230179215060161E-15, -8.9345420076083260E-02,  3.6599999999997745E-04,3,151,0,151,151,0,0, -7.6132333470554192E+00, -3.9350735105143192E-01,  4.1864083525305873E-01,  4.2294009300795055E-01,  2.2204460492503131E-16,  2.6667557051496260E-13
2,5,2,1,0,1,legacy-reference-bound,64,64,149, -2.8853061893208451E+00, -2.8521945645636455E+00,  3.3111624757200087E-02,  4.4408920985006262E-16,  5.6343818499726694E-15, -5.8347426716208295E-02,  5.1800000000001845E-04,3,213,0,213,213,0,0, -7.6132333470554192E+00, -3.9350735105143175E-01,  4.1864083525305873E-01,  4.2294009300795055E-01,  0.0000000000000000E+00,  1.6653345369377348E-16
2,5,2,1,0,1,legacy-reference-bound,128,128,212, -2.8933121733950999E+00, -2.8602005486379003E+00,  3.3111624757200087E-02,  4.4408920985006262E-16,  2.3835100559921329E-15, -4.2618711120636338E-02,  8.7999999999999190E-04,3,340,0,340,340,0,0, -7.6132333470554192E+00, -3.9350735105143192E-01,  4.1864083525305873E-01,  4.2294009300795055E-01,  0.0000000000000000E+00,  1.6653345369377348E-16
2,5,2,1,0,1,legacy-reference-bound,256,256,340, -2.8867727134161343E+00, -2.8536610886589342E+00,  3.3111624757200087E-02,  0.0000000000000000E+00,  1.1284376211229130E-15,  0.0000000000000000E+00,  1.6199999999999548E-03,3,591,5,591,596,0,1, -7.6132333470554192E+00, -3.9350735105143175E-01,  4.1864083525305873E-01,  4.2294009300795055E-01,  0.0000000000000000E+00,  1.6653345369377348E-16
2,5,2,1,0,1,legacy-reference-bound,512,512,644, -2.8890915122425884E+00, -2.8559798874853879E+00,  3.3111624757200087E-02, -4.4408920985006262E-16,  5.7245874707234634E-16,  0.0000000000000000E+00,  3.1349999999999989E-03,3,1146,10,1146,1156,0,1, -7.6132333470554201E+00, -3.9350735105143186E-01,  4.1864083525305873E-01,  4.2294009300795055E-01,  0.0000000000000000E+00,  8.8817841970012523E-16
2,5,2,1,0,1,legacy-reference-bound,1024,1024,1244, -2.8903443708271421E+00, -2.8572327460699438E+00,  3.3111624757200087E-02,  1.7763568394002505E-15,  3.4174052476743100E-16,  0.0000000000000000E+00,  6.4670000000000005E-03,3,2248,20,2248,2268,0,1, -7.6132333470554201E+00, -3.9350735105143186E-01,  4.1864083525305873E-01,  4.2294009300795055E-01,  0.0000000000000000E+00,  0.0000000000000000E+00
2,5,2,1,0,1,legacy-reference-bound,2048,2048,2417, -2.8910253076993637E+00, -2.8579136829421605E+00,  3.3111624757200087E-02, -3.1086244689504383E-15,  2.1011838102769076E-16,  0.0000000000000000E+00,  1.2229000000000045E-02,3,4425,40,4425,4465,0,1, -7.6132333470554201E+00, -3.9350735105143186E-01,  4.1864083525305873E-01,  4.2294009300795055E-01,  0.0000000000000000E+00,  2.2204460492503131E-16
2,5,2,1,0,1,legacy-reference-bound,4096,4096,4739, -2.8913908566047097E+00, -2.8582792318475172E+00,  3.3111624757200087E-02,  7.5495165674510645E-15,  1.9157852387818863E-16,  0.0000000000000000E+00,  2.4793999999999983E-02,3,8755,80,8755,8835,0,1, -7.6132333470554210E+00, -3.9350735105143186E-01,  4.1864083525305873E-01,  4.2294009300795055E-01,  0.0000000000000000E+00,  8.8817841970012523E-16
2,5,3,1,0,1,legacy-reference-bound,1,1,1, -1.1875000000000000E+00, -1.1875000000000000E+00,  0.0000000000000000E+00,  0.0000000000000000E+00,  0.0000000000000000E+00, -1.1875000000000000E+00,  1.3000000000040757E-05,1,2,0,2,2,0,0,  2.0000000000000000E-02,  2.0000000000000000E-02,  4.2299999999999999E-01,  4.2299999999999999E-01, -1.0000000000000000E+00, -1.0000000000000000E+00
2,5,3,1,0,1,legacy-reference-bound,2,2,2, -1.1875000000000000E+00, -1.1875000000000000E+00,  0.0000000000000000E+00,  0.0000000000000000E+00,  0.0000000000000000E+00, -5.9375000000000000E-01,  1.3000000000040757E-05,1,4,0,4,4,0,0,  2.0000000000000000E-02,  2.0000000000000000E-02,  4.2299999999999999E-01,  4.2299999999999999E-01,  0.0000000000000000E+00,  0.0000000000000000E+00
2,5,3,1,0,1,legacy-reference-bound,4,4,4, -1.1875000000000000E+00, -1.1875000000000000E+00,  0.0000000000000000E+00,  0.0000000000000000E+00,  0.0000000000000000E+00, -2.9687500000000000E-01,  2.0000000000020002E-05,1,8,0,8,8,0,0,  2.0000000000000000E-02,  2.0000000000000000E-02,  4.2299999999999999E-01,  4.2299999999999999E-01,  0.0000000000000000E+00,  0.0000000000000000E+00
2,5,3,1,0,1,legacy-reference-bound,8,8,8, -1.1875000000000000E+00, -1.1875000000000000E+00,  0.0000000000000000E+00,  0.0000000000000000E+00,  0.0000000000000000E+00, -1.4843750000000000E-01,  5.8000000000002494E-05,1,16,0,16,16,0,0,  2.0000000000000000E-02,  2.0000000000000000E-02,  4.2299999999999999E-01,  4.2299999999999999E-01,  0.0000000000000000E+00,  0.0000000000000000E+00
2,5,3,1,0,1,legacy-reference-bound,16,16,16, -1.1875000000000000E+00, -1.1875000000000000E+00,  0.0000000000000000E+00,  0.0000000000000000E+00,  0.0000000000000000E+00, -7.4218750000000000E-02,  7.4000000000018495E-05,1,32,0,32,32,0,0,  2.0000000000000000E-02,  2.0000000000000000E-02,  4.2299999999999999E-01,  4.2299999999999999E-01,  0.0000000000000000E+00,  0.0000000000000000E+00
2,5,3,1,0,1,legacy-reference-bound,32,32,32, -1.1875000000000000E+00, -1.1875000000000000E+00,  0.0000000000000000E+00,  0.0000000000000000E+00,  0.0000000000000000E+00, -3.7109375000000000E-02,  1.4599999999997948E-04,1,64,0,64,64,0,0,  2.0000000000000000E-02,  2.0000000000000000E-02,  4.2299999999999999E-01,  4.2299999999999999E-01,  0.0000000000000000E+00,  0.0000000000000000E+00
2,5,3,1,0,1,legacy-reference-bound,64,64,64, -1.1875000000000000E+00, -1.1875000000000000E+00,  0.0000000000000000E+00,  0.0000000000000000E+00,  0.0000000000000000E+00, -1.8554687500000000E-02,  3.0699999999994620E-04,1,128,0,128,128,0,0,  2.0000000000000000E-02,  2.0000000000000000E-02,  4.2299999999999999E-01,  4.2299999999999999E-01,  0.0000000000000000E+00,  0.0000000000000000E+00
2,5,3,1,0,1,legacy-reference-bound,128,128,128, -1.1875000000000000E+00, -1.1875000000000000E+00,  0.0000000000000000E+00,  0.0000000000000000E+00,  0.0000000000000000E+00, -9.2773437500000000E-03,  5.9100000000000819E-04,1,256,0,256,256,0,0,  2.0000000000000000E-02,  2.0000000000000000E-02,  4.2299999999999999E-01,  4.2299999999999999E-01,  0.0000000000000000E+00,  0.0000000000000000E+00
2,5,3,1,0,1,legacy-reference-bound,256,256,256, -1.1875000000000000E+00, -1.1875000000000000E+00,  0.0000000000000000E+00,  0.0000000000000000E+00,  0.0000000000000000E+00, -4.6386718750000000E-03,  1.2310000000000931E-03,1,512,0,512,512,0,0,  2.0000000000000000E-02,  2.0000000000000000E-02,  4.2299999999999999E-01,  4.2299999999999999E-01,  0.0000000000000000E+00,  0.0000000000000000E+00
2,5,3,1,0,1,legacy-reference-bound,512,512,512, -1.1875000000000000E+00, -1.1875000000000000E+00,  0.0000000000000000E+00,  0.0000000000000000E+00,  0.0000000000000000E+00, -2.3193359375000000E-03,  3.1160000000000077E-03,1,1024,0,1024,1024,0,0,  2.0000000000000000E-02,  2.0000000000000000E-02,  4.2299999999999999E-01,  4.2299999999999999E-01,  0.0000000000000000E+00,  0.0000000000000000E+00
2,5,3,1,0,1,legacy-reference-bound,1024,1024,1024, -1.1875000000000000E+00, -1.1875000000000000E+00,  0.0000000000000000E+00,  0.0000000000000000E+00,  0.0000000000000000E+00, -1.1596679687500000E-03,  5.0789999999999447E-03,1,2048,0,2048,2048,0,0,  2.0000000000000000E-02,  2.0000000000000000E-02,  4.2299999999999999E-01,  4.2299999999999999E-01,  0.0000000000000000E+00,  0.0000000000000000E+00
2,5,3,1,0,1,legacy-reference-bound,2048,2048,2048, -1.1875000000000000E+00, -1.1875000000000000E+00,  0.0000000000000000E+00,  0.0000000000000000E+00,  0.0000000000000000E+00, -5.7983398437500000E-04,  1.8507000000000051E-02,1,4096,0,4096,4096,0,0,  2.0000000000000000E-02,  2.0000000000000000E-02,  4.2299999999999999E-01,  4.2299999999999999E-01,  0.0000000000000000E+00,  0.0000000000000000E+00
2,5,3,1,0,1,legacy-reference-bound,4096,4096,4096, -1.1875000000000000E+00, -1.1875000000000000E+00,  0.0000000000000000E+00,  0.0000000000000000E+00,  0.0000000000000000E+00, -2.8991699218750000E-04,  2.9637000000000024E-02,1,8192,0,8192,8192,0,0,  2.0000000000000000E-02,  2.0000000000000000E-02,  4.2299999999999999E-01,  4.2299999999999999E-01,  0.0000000000000000E+00,  0.0000000000000000E+00
2,5,3,1,0,1,legacy-reference-bound,1,1,1, -1.2075000000000000E+00, -1.1875000000000000E+00,  2.0000000000000018E-02,  0.0000000000000000E+00,  0.0000000000000000E+00, -1.2075000000000000E+00,  1.3999999999958490E-05,2,2,0,2,2,0,0,  2.0000000000000000E-02,  2.0000000000000000E-02,  4.2299999999999999E-01,  4.2299999999999999E-01, -1.0000000000000000E+00, -1.0000000000000000E+00
2,5,3,1,0,1,legacy-reference-bound,2,2,2, -1.2075000000000000E+00, -1.1875000000000000E+00,  2.0000000000000018E-02,  0.0000000000000000E+00,  0.0000000000000000E+00, -6.1375000000000002E-01,  1.3000000000040757E-05,2,4,0,4,4,0,0,  2.0000000000000000E-02,  2.0000000000000000E-02,  4.2299999999999999E-01,  4.2299999999999999E-01,  0.0000000000000000E+00,  0.0000000000000000E+00
2,5,3,1,0,1,legacy-reference-bound,4,4,4, -1.2075000000000000E+00, -1.1875000000000000E+00,  2.0000000000000018E-02,  0.0000000000000000E+00,  0.0000000000000000E+00, -3.1687500000000002E-01,  2.1999999999966491E-05,2,8,0,8,8,0,0,  2.0000000000000000E-02,  2.0000000000000000E-02,  4.2299999999999999E-01,  4.2299999999999999E-01,  0.0000000000000000E+00,  0.0000000000000000E+00
2,5,3,1,0,1,legacy-reference-bound,8,8,8, -1.2075000000000000E+00, -1.1875000000000000E+00,  2.0000000000000018E-02,  0.0000000000000000E+00,  0.0000000000000000E+00, -1.6843749999999999E-01,  3.7999999999982492E-05,2,16,0,16,16,0,0,  2.0000000000000000E-02,  2.0000000000000000E-02,  4.2299999999999999E-01,  4.2299999999999999E-01,  0.0000000000000000E+00,  0.0000000000000000E+00
2,5,3,1,0,1,legacy-reference-bound,16,16,16, -1.2075000000000000E+00, -1.1875000000000000E+00,  2.0000000000000018E-02,  0.0000000000000000E+00,  0.0000000000000000E+00, -9.4218750000000004E-02,  7.6000000000076007E-05,2,32,0,32,32,0,0,  2.0000000000000000E-02,  2.0000000000000000E-02,  4.2299999999999999E-01,  4.2299999999999999E-01,  0.0000000000000000E+00,  0.0000000000000000E+00
2,5,3,1,0,1,legacy-reference-bound,32,32,32, -1.2075000000000000E+00, -1.1875000000000000E+00,  2.0000000000000018E-02,  0.0000000000000000E+00,  0.0000000000000000E+00, -5.7109375000000004E-02,  1.4599999999997948E-04,2,64,0,64,64,0,0,  2.0000000000000000E-02,  2.0000000000000000E-02,  4.2299999999999999E-01,  4.2299999999999999E-01,  0.0000000000000000E+00,  0.0000000000000000E+00
2,5,3,1,0,1,legacy-reference-bound,64,64,64, -1.2075000000000000E+00, -1.1875000000000000E+00,  2.0000000000000018E-02,  0.0000000000000000E+00,  0.0000000000000000E+00, -3.8554687500000004E-02,  2.8899999999998371E-04,2,128,0,128,128,0,0,  2.0000000000000000E-02,  2.0000000000000000E-02,  4.2299999999999999E-01,  4.2299999999999999E-01,  0.0000000000000000E+00,  0.0000000000000000E+00
2,5,3,1,0,1,legacy-reference-bound,128,128,128, -1.2075000000000000E+00, -1.1875000000000000E+00,  2.0000000000000018E-02,  0.0000000000000000E+00,  0.0000000000000000E+00, -2.9277343750000000E-02,  5.8799999999992192E-04,2,256,0,256,256,0,0,  2.0000000000000000E-02,  2.0000000000000000E-02,  4.2299999999999999E-01,  4.2299999999999999E-01,  0.0000000000000000E+00,  0.0000000000000000E+00
2,5,3,1,0,1,legacy-reference-bound,256,256,256, -1.2075000000000000E+00, -1.1875000000000000E+00,  2.0000000000000018E-02,  0.0000000000000000E+00,  0.0000000000000000E+00, -2.4638671875000000E-02,  1.1909999999999421E-03,2,512,0,512,512,0,0,  2.0000000000000000E-02,  2.0000000000000000E-02,  4.2299999999999999E-01,  4.2299999999999999E-01,  0.0000000000000000E+00,  0.0000000000000000E+00
2,5,3,1,0,1,legacy-reference-bound,512,512,512, -1.2075000000000000E+00, -1.1875000000000000E+00,  2.0000000000000018E-02,  0.0000000000000000E+00,  0.0000000000000000E+00, -2.2319335937500000E-02,  2.3469999999999880E-03,2,1024,0,1024,1024,0,0,  2.0000000000000000E-02,  2.0000000000000000E-02,  4.2299999999999999E-01,  4.2299999999999999E-01,  0.0000000000000000E+00,  0.0000000000000000E+00
2,5,3,1,0,1,legacy-reference-bound,1024,1024,1024, -1.2075000000000000E+00, -1.1875000000000000E+00,  2.0000000000000018E-02,  0.0000000000000000E+00,  0.0000000000000000E+00, -2.1159667968750000E-02,  6.7879999999999052E-03,2,2048,0,2048,2048,0,0,  2.0000000000000000E-02,  2.0000000000000000E-02,  4.2299999999999999E-01,  4.2299999999999999E-01,  0.0000000000000000E+00,  0.0000000000000000E+00
2,5,3,1,0,1,legacy-reference-bound,2048,2048,2048, -1.2075000000000000E+00, -1.1875000000000000E+00,  2.0000000000000018E-02,  0.0000000000000000E+00,  0.0000000000000000E+00, -2.0579833984375000E-02,  1.5708999999999973E-02,2,4096,0,4096,4096,0,0,  2.0000000000000000E-02,  2.0000000000000000E-02,  4.2299999999999999E-01,  4.2299999999999999E-01,  0.0000000000000000E+00,  0.0000000000000000E+00
2,5,3,1,0,1,legacy-reference-bound,4096,4096,4096, -1.2075000000000000E+00, -1.1875000000000000E+00,  2.0000000000000018E-02,  0.0000000000000000E+00,  0.0000000000000000E+00, -2.0289916992187500E-02,  3.1692000000000053E-02,2,8192,0,8192,8192,0,0,  2.0000000000000000E-02,  2.0000000000000000E-02,  4.2299999999999999E-01,  4.2299999999999999E-01,  0.0000000000000000E+00,  0.0000000000000000E+00
2,5,3,1,0,1,legacy-reference-bound,1,1,1, -1.2075000000000000E+00, -1.1875000000000000E+00,  2.0000000000000018E-02,  0.0000000000000000E+00,  0.0000000000000000E+00, -1.2075000000000000E+00,  4.8000000000048004E-05,3,2,0,2,2,0,0,  2.0000000000000000E-02,  2.0000000000000000E-02,  4.2299999999999999E-01,  4.2299999999999999E-01, -1.0000000000000000E+00, -1.0000000000000000E+00
2,5,3,1,0,1,legacy-reference-bound,2,2,2, -1.2075000000000000E+00, -1.1875000000000000E+00,  2.0000000000000018E-02,  0.0000000000000000E+00,  0.0000000000000000E+00, -6.1375000000000002E-01,  1.8999999999991246E-05,3,4,0,4,4,0,0,  2.0000000000000000E-02,  2.0000000000000000E-02,  4.2299999999999999E-01,  4.2299999999999999E-01,  0.0000000000000000E+00,  0.0000000000000000E+00
2,5,3,1,0,1,legacy-reference-bound,4,4,4, -1.2075000000000000E+00, -1.1875000000000000E+00,  2.0000000000000018E-02,  0.0000000000000000E+00,  0.0000000000000000E+00, -3.1687500000000002E-01,  3.3000000000060759E-05,3,8,0,8,8,0,0,  2.0000000000000000E-02,  2.0000000000000000E-02,  4.2299999999999999E-01,  4.2299999999999999E-01,  0.0000000000000000E+00,  0.0000000000000000E+00
2,5,3,1,0,1,legacy-reference-bound,8,8,8, -1.2075000000000000E+00, -1.1875000000000000E+00,  2.0000000000000018E-02,  0.0000000000000000E+00,  0.0000000000000000E+00, -1.6843749999999999E-01,  6.2000000000006494E-05,3,16,0,16,16,0,0,  2.0000000000000000E-02,  2.0000000000000000E-02,  4.2299999999999999E-01,  4.2299999999999999E-01,  0.0000000000000000E+00,  0.0000000000000000E+00
2,5,3,1,0,1,legacy-reference-bound,16,16,16, -1.2075000000000000E+00, -1.1875000000000000E+00,  2.0000000000000018E-02,  0.0000000000000000E+00,  0.0000000000000000E+00, -9.4218750000000004E-02,  1.1699999999992272E-04,3,32,0,32,32,0,0,  2.0000000000000000E-02,  2.0000000000000000E-02,  4.2299999999999999E-01,  4.2299999999999999E-01,  0.0000000000000000E+00,  0.0000000000000000E+00
2,5,3,1,0,1,legacy-reference-bound,32,32,32, -1.2075000000000000E+00, -1.1875000000000000E+00,  2.0000000000000018E-02,  0.0000000000000000E+00,  0.0000000000000000E+00, -5.7109375000000004E-02,  2.3600000000001398E-04,3,64,0,64,64,0,0,  2.0000000000000000E-02,  2.0000000000000000E-02,  4.2299999999999999E-01,  4.2299999999999999E-01,  0.0000000000000000E+00,  0.0000000000000000E+00
2,5,3,1,0,1,legacy-reference-bound,64,64,64, -1.2075000000000000E+00, -1.1875000000000000E+00,  2.0000000000000018E-02,  0.0000000000000000E+00,  0.0000000000000000E+00, -3.8554687500000004E-02,  4.8399999999992893E-04,3,128,0,128,128,0,0,  2.0000000000000000E-02,  2.0000000000000000E-02,  4.2299999999999999E-01,  4.2299999999999999E-01,  0.0000000000000000E+00,  0.0000000000000000E+00
2,5,3,1,0,1,legacy-reference-bound,128,128,128, -1.2075000000000000E+00, -1.1875000000000000E+00,  2.0000000000000018E-02,  0.0000000000000000E+00,  0.0000000000000000E+00, -2.9277343750000000E-02,  9.7799999999992338E-04,3,256,0,256,256,0,0,  2.0000000000000000E-02,  2.0000000000000000E-02,  4.2299999999999999E-01,  4.2299999999999999E-01,  0.0000000000000000E+00,  0.0000000000000000E+00
2,5,3,1,0,1,legacy-reference-bound,256,256,269, -1.2020380418673038E+00, -1.1820380418673038E+00,  2.0000000000000018E-02,  0.0000000000000000E+00,  5.1608023410310011E-17,  0.0000000000000000E+00,  2.0480000000000498E-03,3,519,6,519,525,0,1,  1.9999999999999948E-02,  1.9999999999999997E-02,  4.2299999999999999E-01,  4.2299999999999999E-01,  0.0000000000000000E+00,  5.2041704279304213E-17
2,5,3,1,0,1,legacy-reference-bound,512,512,530, -1.2027912477909306E+00, -1.1827912477909306E+00,  2.0000000000000018E-02,  0.0000000000000000E+00,  2.5500435096859064E-16,  0.0000000000000000E+00,  3.9400000000000546E-03,3,1030,12,1030,1042,0,1,  2.0000000000000000E-02,  2.0000000000000032E-02,  4.2299999999999999E-01,  4.2299999999999999E-01,  0.0000000000000000E+00,  5.5511151231257827E-17
2,5,3,1,0,1,legacy-reference-bound,1024,1024,1059, -1.2031531356033360E+00, -1.1831531356033360E+00,  2.0000000000000018E-02,  0.0000000000000000E+00,  1.9631513211923468E-16,  0.0000000000000000E+00,  9.1059999999999475E-03,3,2060,23,2060,2083,0,1,  1.9999999999999997E-02,  2.0000000000000014E-02,  4.2299999999999999E-01,  4.2299999999999999E-01,  0.0000000000000000E+00,  3.4694469519536142E-17
2,5,3,1,0,1,legacy-reference-bound,2048,2048,2107, -1.2033777366573126E+00, -1.1833777366573126E+00,  2.0000000000000018E-02,  0.0000000000000000E+00,  9.7801812221770534E-17,  0.0000000000000000E+00,  1.6683000000000114E-02,3,4111,45,4111,4156,0,1,  1.9999999999999990E-02,  2.0000000000000025E-02,  4.2299999999999999E-01,  4.2299999999999999E-01,  0.0000000000000000E+00,  1.7347234759768071E-17
2,5,3,1,0,1,legacy-reference-bound,4096,4096,4221, -1.2034802938076983E+00, -1.1834802938076983E+00,  2.0000000000000018E-02,  0.0000000000000000E+00,  1.9118550059066264E-16,  0.0000000000000000E+00,  3.5924999999999985E-02,3,8395,86,8395,8481,0,1,  1.9999999999999990E-02,  2.0000000000000011E-02,  4.2299999999999999E-01,  4.2299999999999999E-01,  0.0000000000000000E+00,  1.3877787807814457E-17
