geometry,bottom_mode,profile,history,steps,step,iteration,backtrack,dt,factor,old_norm,new_norm,Fmax,head_change,delta_max,old_top,new_top,old_bottom,new_bottom,qtop,qbot,Kbottom_frozen,Cbottom,jacdiag,bottom_residual,hmin,hmax,Kface,cp_tol,total_tol,head_metric,residual_sum
2.0,7.0,1.0,1.0,4.0,4.0,73.0,3.0,0.0625,0.1111111111111111,9.360401631211711e-05,2.2902836786825624e-05,0.006767988886933196,0.0008404679996082375,0.007564211996474138,0.028930167836349004,0.029010148326545467,-0.013261239652483109,-0.012420771652874871,-4.578807181795637,-4.5698274789417255,3.6786874660243893,4.7380272038316126e-05,4.215101817364808,-0.006767988886933196,-0.012420771652874871,0.07406088996497329,4.75,1.6e-11,1.6e-11,0.0008404679996082375,-0.006767989010715958
2.0,7.0,1.0,1.0,4.0,4.0,74.0,6.0,0.0625,0.004115226337448559,2.2902836786825624e-05,2.204118567240407e-05,0.00663945565124191,1.539785270544998e-05,0.0037416782074242197,0.029010148326545467,0.029011613614713928,-0.012420771652874871,-0.012405373800169421,-4.578779341320436,-4.569928160374495,3.6786874660243893,4.5989592297139364e-05,4.215079566488948,-0.00663945565124191,-0.012405373800169421,0.07406968169401457,4.75,1.6e-11,1.6e-11,1.539785270544998e-05,-0.006639455775687253
2.0,7.0,1.0,1.0,4.0,4.0,75.0,6.0,0.0625,0.004115226337448559,2.204118567240407e-05,2.121151310822183e-05,0.006513296109992517,1.5105430188930985e-05,0.0036706195359100437,0.029011613614713928,0.029013051075414707,-0.012405373800169421,-0.01239026836998049,-4.578752029567121,-4.570026997056058,3.6786874660243893,4.596364312706423e-05,4.215079151302228,-0.006513296109992517,-0.01239026836998049,0.07407830645824862,4.75,1.6e-11,1.6e-11,1.5105430188930985e-05,-0.00651329623507646
2.0,7.0,1.0,1.0,4.0,4.0,76.0,8.0,0.0625,0.0004572473708276177,2.121151310822183e-05,2.1122014732181707e-05,0.006499540711801366,1.6464897634287101e-06,0.003600873112618028,0.029013051075414707,0.029013207758428704,-0.01239026836998049,-0.012388621880217061,-4.578749052589854,-4.5700377742667655,3.6786874660243893,4.593816969761733e-05,4.215078743727356,-0.006499540711801366,-0.012388621880217061,0.07407924655633574,4.75,1.6e-11,1.6e-11,1.6464897634287101e-06,-0.0064995408369519225
2.0,7.0,1.0,1.0,4.0,4.0,77.0,8.0,0.0625,0.0004572473708276177,2.1122014732181707e-05,2.1032888780509104e-05,0.0064858135619996204,1.6430125901606418e-06,0.003593268534682301,0.029013207758428704,0.02901336411054846,-0.012388621880217061,-0.0123869788676269,-4.578746081899579,-4.570048529518701,3.6786874660243893,4.5935392074606925e-05,4.215078699285388,-0.0064858135619996204,-0.0123869788676269,0.0740801846690574,4.75,1.6e-11,1.6e-11,1.6430125901606418e-06,-0.006485813687218567
2.0,7.0,1.0,1.0,4.0,4.0,78.0,9.0,0.0625,0.00015241579027587258,2.1032888780509104e-05,2.1003283512656845e-05,0.0064812473356070655,5.46514185842048e-07,0.003585679573304537,0.02901336411054846,0.029013416117850136,-0.0123869788676269,-0.012386432353441059,-4.578745093760848,-4.570052107204698,3.6786874660243893,4.593262011700727e-05,4.215078654934066,-0.0064812473356070655,-0.012386432353441059,0.0740804967128685,4.75,1.6e-11,1.6e-11,5.46514185842048e-07,-0.006481247460848216
2.0,7.0,1.0,1.0,4.0,4.0,79.0,10.0,0.0625,5.0805263425290864e-05,2.1003283512656845e-05,2.0993426605572357e-05,0.006479726322241142,1.8204314210408523e-07,0.003583155166026588,0.029013416117850136,0.02901343344141255,-0.012386432353441059,-0.012386250310298955,-4.578744764613162,-4.570053298936587,3.6786874660243893,4.593169803817981e-05,4.215078640180805,-0.006479726322241142,-0.012386250310298955,0.07408060065424334,4.75,1.6e-11,1.6e-11,1.8204314210408523e-07,-0.006479726447490286
2.0,7.0,1.0,1.0,4.0,4.0,80.0,10.0,0.0625,5.0805263425290864e-05,2.0993426605572357e-05,2.0983574215572246e-05,0.006478205649031565,1.8200042087648804e-07,0.003582314284098959,0.02901343344141255,0.029013450760909536,-0.012386250310298955,-0.012386068309878078,-4.578744435542719,-4.570054490405594,3.6786874660243893,4.593139089003627e-05,4.215078635266435,-0.006478205649031565,-0.012386068309878078,0.07408070457122559,4.75,1.6e-11,1.6e-11,1.8200042087648804e-07,-0.006478205774287815
2.0,7.0,1.0,1.0,8.0,4.0,73.0,1.0,0.03125,1.0,1.0364216289279223e-22,1.0364216289279223e-22,1.439737218333903e-11,8.745601465243169e-12,8.745599008175455e-12,0.04322943585567075,0.043229435854914774,-0.10313883046369192,-0.10313883047243752,-4.308640718756619,-4.285353231741324,3.041918227724344,0.0001204733727756752,3.562458518576477,-1.439737218333903e-11,-0.10313883047243752,0.10736538484141371,4.75,3.2e-11,3.2e-11,8.745601465243169e-12,-1.439737218333903e-11
2.0,7.0,1.0,1.0,8.0,4.0,74.0,1.0,0.03125,1.0,1.0364216289279223e-22,1.0364216289279223e-22,1.439737218333903e-11,8.745601465243169e-12,8.745599008174669e-12,0.043229435854914774,0.04322943585567075,-0.10313883047243752,-0.10313883046369192,-4.3086407187422555,-4.285353231755726,3.041918227724344,0.00012047337278032193,3.5624585185766255,1.439737218333903e-11,-0.10313883046369192,0.10736538484612299,4.75,3.2e-11,3.2e-11,8.745601465243169e-12,1.439737218333903e-11
2.0,7.0,1.0,1.0,8.0,4.0,75.0,1.0,0.03125,1.0,1.0364216289279223e-22,1.0364216289279223e-22,1.439737218333903e-11,8.745601465243169e-12,8.745599008175455e-12,0.04322943585567075,0.043229435854914774,-0.10313883046369192,-0.10313883047243752,-4.308640718756619,-4.285353231741324,3.041918227724344,0.0001204733727756752,3.562458518576477,-1.439737218333903e-11,-0.10313883047243752,0.10736538484141371,4.75,3.2e-11,3.2e-11,8.745601465243169e-12,-1.439737218333903e-11
2.0,7.0,1.0,1.0,8.0,4.0,76.0,1.0,0.03125,1.0,1.0364216289279223e-22,1.0364216289279223e-22,1.439737218333903e-11,8.745601465243169e-12,8.745599008174669e-12,0.043229435854914774,0.04322943585567075,-0.10313883047243752,-0.10313883046369192,-4.3086407187422555,-4.285353231755726,3.041918227724344,0.00012047337278032193,3.5624585185766255,1.439737218333903e-11,-0.10313883046369192,0.10736538484612299,4.75,3.2e-11,3.2e-11,8.745601465243169e-12,1.439737218333903e-11
2.0,7.0,1.0,1.0,8.0,4.0,77.0,1.0,0.03125,1.0,1.0364216289279223e-22,1.0364216289279223e-22,1.439737218333903e-11,8.745601465243169e-12,8.745599008175455e-12,0.04322943585567075,0.043229435854914774,-0.10313883046369192,-0.10313883047243752,-4.308640718756619,-4.285353231741324,3.041918227724344,0.0001204733727756752,3.562458518576477,-1.439737218333903e-11,-0.10313883047243752,0.10736538484141371,4.75,3.2e-11,3.2e-11,8.745601465243169e-12,-1.439737218333903e-11
2.0,7.0,1.0,1.0,8.0,4.0,78.0,1.0,0.03125,1.0,1.0364216289279223e-22,1.0364216289279223e-22,1.439737218333903e-11,8.745601465243169e-12,8.745599008174669e-12,0.043229435854914774,0.04322943585567075,-0.10313883047243752,-0.10313883046369192,-4.3086407187422555,-4.285353231755726,3.041918227724344,0.00012047337278032193,3.5624585185766255,1.439737218333903e-11,-0.10313883046369192,0.10736538484612299,4.75,3.2e-11,3.2e-11,8.745601465243169e-12,1.439737218333903e-11
2.0,7.0,1.0,1.0,8.0,4.0,79.0,1.0,0.03125,1.0,1.0364216289279223e-22,1.0364216289279223e-22,1.439737218333903e-11,8.745601465243169e-12,8.745599008175455e-12,0.04322943585567075,0.043229435854914774,-0.10313883046369192,-0.10313883047243752,-4.308640718756619,-4.285353231741324,3.041918227724344,0.0001204733727756752,3.562458518576477,-1.439737218333903e-11,-0.10313883047243752,0.10736538484141371,4.75,3.2e-11,3.2e-11,8.745601465243169e-12,-1.439737218333903e-11
2.0,7.0,1.0,1.0,8.0,4.0,80.0,1.0,0.03125,1.0,1.0364216289279223e-22,1.0364216289279223e-22,1.439737218333903e-11,8.745601465243169e-12,8.745599008174669e-12,0.043229435854914774,0.04322943585567075,-0.10313883047243752,-0.10313883046369192,-4.3086407187422555,-4.285353231755726,3.041918227724344,0.00012047337278032193,3.5624585185766255,1.439737218333903e-11,-0.10313883046369192,0.10736538484612299,4.75,3.2e-11,3.2e-11,8.745601465243169e-12,1.439737218333903e-11
2.0,7.0,1.0,1.0,32.0,7.0,73.0,12.0,0.0078125,5.645029269476763e-06,2.4032367835907126e-06,2.403209650959621e-06,0.002192354739069202,6.5801420891936635e-09,0.001165652430749595,0.02010310702663899,0.02010310637730784,-0.012386027618345447,-0.012386034198487536,-4.748040978831151,-4.75,4.442680547844744,4.593101515476611e-05,4.602219443862182,0.002192354739069202,-0.012386034198487536,0.02061863825026065,4.75,1.28e-10,1.28e-10,6.5801420891936635e-09,0.0021923550340883224
2.0,7.0,1.0,1.0,32.0,7.0,74.0,12.0,0.0078125,5.645029269476763e-06,2.403209650959621e-06,2.403182518666678e-06,0.002192342363166233,6.5801049400904255e-09,0.0011656458497212325,0.02010310637730784,0.020103105727980353,-0.012386034198487536,-0.012386040778592476,-4.748040991168373,-4.75,4.442680547844744,4.593102625711256e-05,4.602219445283283,0.002192342363166233,-0.012386040778592476,0.02061863435429578,4.75,1.28e-10,1.28e-10,6.5801049400904255e-09,0.002192342658184465
2.0,7.0,1.0,1.0,32.0,7.0,75.0,14.0,0.0078125,6.27225474386307e-07,2.403182518666678e-06,2.4031795040067736e-06,0.002192340988079522,7.311186430575267e-10,0.0011656392687377011,0.020103105727980353,0.020103105655833262,-0.012386040778592476,-0.01238604150971112,-4.748040992539168,-4.75,4.442680547844744,4.5931037359393124e-05,4.602219446704375,0.002192340988079522,-0.01238604150971112,0.020618633921413238,4.75,1.28e-10,1.28e-10,7.311186430575267e-10,0.002192341283097754
2.0,7.0,1.0,1.0,32.0,7.0,76.0,14.0,0.0078125,6.27225474386307e-07,2.4031795040067736e-06,2.4031764893214993e-06,0.0021923396129803763,7.311181850905291e-10,0.0011656385375247214,0.020103105655833262,0.020103105583686217,-0.01238604150971112,-0.012386042240829304,-4.748040993909962,-4.75,4.442680547844744,4.593103859297269e-05,4.602219446862273,0.0021923396129803763,-0.012386042240829304,0.02061863348853097,4.75,1.28e-10,1.28e-10,7.311181850905291e-10,0.00219233990799772
2.0,7.0,1.0,1.0,32.0,7.0,77.0,16.0,0.0078125,6.969171937625634e-08,2.4031764893214993e-06,2.4031761543466332e-06,0.0021923394601870427,8.123530320647276e-11,0.0011656378063047115,0.020103105583686217,0.020103105575669883,-0.012386042240829304,-0.012386042322064608,-4.748040994062272,-4.75,4.442680547844744,4.5931039826551444e-05,4.602219447020171,0.0021923394601870427,-0.012386042322064608,0.02061863344043297,4.75,1.28e-10,1.28e-10,8.123530320647276e-11,0.0021923397552043866
2.0,7.0,1.0,1.0,32.0,7.0,78.0,17.0,0.0078125,2.323057312541878e-08,2.4031761543466332e-06,0.015798064625996304,0.17775300068351196,8.123529800230234e-11,0.0011656377250556613,0.020103105575669883,0.02010310556765355,-0.012386042322064608,-0.012386042403299906,-4.748040994214582,-4.57005466000908,4.442680547844744,4.593103996361566e-05,4.602219447037715,-0.17775300068351196,-0.012386042403299906,0.02061863339233497,4.75,1.28e-10,1.28e-10,8.123529800230234e-11,-0.17775300038849462
2.0,7.0,1.0,1.0,32.0,7.0,79.0,2.0,0.0078125,0.3333333333333333,0.015798064625996304,0.0018793462309265288,0.061308176141955606,0.03150296640104254,0.09450889920312763,0.02010310556765355,0.0232118311596981,-0.012386042403299906,0.019116923997742633,-4.688975207965736,-4.75,4.442680547844744,4.5931040100679875e-05,4.602219447055259,0.061308176141955606,0.019116923997742633,0.039270987063663054,4.75,1.28e-10,1.28e-10,0.03150296640104254,0.061308173851653436
2.0,7.0,1.0,1.0,32.0,7.0,80.0,2.0,0.0078125,0.3333333333333333,0.0018793462309265288,0.0008352650360720735,0.04087211851793526,0.010899649996814443,0.03269894999044333,0.0232118311596981,0.02213624926495491,0.019116923997742633,0.00821727400092819,-4.7094112639658565,-4.75,4.442680547844744,7.8125e-10,4.596340373922373,0.04087211851793526,0.00821727400092819,0.03281749562041904,4.75,1.28e-10,1.28e-10,0.010899649996814443,0.04087211785153322
2.0,7.0,1.0,1.0,64.0,7.0,73.0,1.0,0.00390625,1.0,1.4021906203372216e-07,1.2073631734432531e-07,0.0004913986514925028,0.00032493804850652896,0.00032493804850651633,0.044360922469758576,0.04433370839978085,-0.16757233431992444,-0.16789727236843097,-4.287659540404164,-4.173714125785045,3.3248528753429256,0.00015022947899761839,3.613658890409411,-0.0004913986514925028,-0.16789727236843097,0.06907779219133302,4.75,2.56e-10,2.56e-10,0.00032493804850652896,-0.0004913986278740623
2.0,7.0,1.0,1.0,64.0,7.0,74.0,1.0,0.00390625,1.0,1.2073631734432531e-07,1.0394343294166052e-07,0.0004559461216890881,0.0003015136441349153,0.0003015136441349217,0.04433370839978085,0.04435896063924141,-0.16789727236843097,-0.16759575872429605,-4.287179747854413,-4.174170076647109,3.3248528753429256,0.00015036187563420396,3.6136927839483772,0.0004559461216890881,-0.16759575872429605,0.06915622595020286,4.75,2.56e-10,2.56e-10,0.0003015136441349153,0.0004559460997741738
2.0,7.0,1.0,1.0,64.0,7.0,75.0,1.0,0.00390625,1.0,1.0394343294166052e-07,8.949993912483788e-08,0.0004230837721417302,0.00027976598854584367,0.0002797659885458474,0.04435896063924141,0.044335529799963976,-0.16759575872429605,-0.1678755247128419,-4.287624933800684,-4.173746996957629,3.3248528753429256,0.00015023902800339947,3.6136613349548914,-0.0004230837721417302,-0.1678755247128419,0.06908344948216431,4.75,2.56e-10,2.56e-10,0.00027976598854584367,-0.0004230837518068853
2.0,7.0,1.0,1.0,64.0,7.0,76.0,1.0,0.00390625,1.0,8.949993912483788e-08,7.705248680171341e-08,0.0003925620633777882,0.0002595971865084479,0.0002595971865084509,0.044335529799963976,0.04435727147051359,-0.1678755247128419,-0.16761592752633345,-4.287211842060242,-4.174139562535063,3.3248528753429256,0.00015035301888170307,3.613690516619737,0.0003925620633777882,-0.16761592752633345,0.06915097937185902,4.75,2.56e-10,2.56e-10,0.0002595971865084479,0.0003925620445084377
2.0,7.0,1.0,1.0,64.0,7.0,77.0,1.0,0.00390625,1.0,7.705248680171341e-08,6.634495089135947e-08,0.00036426625122665257,0.00024087357403401732,0.00024087357403402838,0.04435727147051359,0.044337097931804716,-0.16761592752633345,-0.16785680110036746,-4.287595139295711,-4.173775299310164,3.3248528753429256,0.00015024724927234924,3.6136634395997422,-0.00036426625122665257,-0.16785680110036746,0.06908832011848398,4.75,2.56e-10,2.56e-10,0.00024087357403401732,-0.0003642662337179914
2.0,7.0,1.0,1.0,64.0,7.0,78.0,1.0,0.00390625,1.0,6.634495089135947e-08,5.711838492105387e-08,0.00033798930433093233,0.00022350799878037564,0.00022350799878036705,0.044337097931804716,0.04435581707641504,-0.16785680110036746,-0.1676332931015871,-4.287239475548114,-4.174113291219486,3.3248528753429256,0.00015034539317151886,3.61368856443793,0.00033798930433093233,-0.1676332931015871,0.06914646200633158,4.75,2.56e-10,2.56e-10,0.00022350799878037564,0.0003379892880843727
2.0,7.0,1.0,1.0,64.0,7.0,79.0,1.0,0.00390625,1.0,5.711838492105387e-08,4.9180540369625115e-08,0.00031362570165605064,0.00020738784716226033,0.0002073878471622568,0.04435581707641504,0.04433844801972518,-0.1676332931015871,-0.16784068094874935,-4.2875694876252215,-4.1737996677611875,3.3248528753429256,0.00015025432744856482,3.613665251612854,-0.00031362570165605064,-0.16784068094874935,0.06909251350777021,4.75,2.56e-10,2.56e-10,0.00020738784716226033,-0.0003136256865818865
2.0,7.0,1.0,1.0,64.0,7.0,80.0,1.0,0.00390625,1.0,4.9180540369625115e-08,4.23413684625568e-08,0.00029100298439210803,0.00019243595859205764,0.00019243595859204805,0.04433844801972518,0.044354564832352776,-0.16784068094874935,-0.1676482449901573,-4.287263268185297,-4.174090672676666,3.3248528753429256,0.00015033882742077583,3.6136868836057396,0.00029100298439210803,-0.1676482449901573,0.06914257252124338,4.75,2.56e-10,2.56e-10,0.00019243595859205764,0.0002910029704050743
2.0,7.0,1.0,1.0,128.0,10.0,73.0,1.0,0.001953125,1.0,9.065350817434252e-22,2.841518446685137e-21,7.538591972888753e-11,2.378280211656758e-11,2.3782804477739944e-11,0.034005863002549694,0.03400586300473999,-0.04102907124714529,-0.04102907122336249,-4.48388860290994,-4.441843418531045,3.8638634295530507,7.920819013718448e-05,4.093055061098053,7.538591972888753e-11,-0.04102907122336249,0.06396619952990214,4.75,5.12e-10,5.12e-10,2.378280211656758e-11,7.538591972888753e-11
2.0,7.0,1.0,1.0,128.0,10.0,74.0,1.0,0.001953125,1.0,2.841518446685137e-21,1.003466097062534e-20,1.4166623429900937e-10,4.2106193531843417e-11,4.210619502449244e-11,0.03400586300473999,0.03400586300086218,-0.04102907122336249,-0.04102907126546868,-4.483888602983619,-4.441843418389376,3.8638634295530507,7.92081901162954e-05,4.093055061087358,-1.4166623429900937e-10,-0.04102907126546868,0.0639661995059769,4.75,5.12e-10,5.12e-10,4.2106193531843417e-11,-1.4166712247742907e-10
2.0,7.0,1.0,1.0,128.0,10.0,75.0,1.0,0.001953125,1.0,1.003466097062534e-20,3.6172837063102637e-20,2.689715117298874e-10,7.912657334907536e-11,7.912657370703158e-11,0.03400586300086218,0.03400586300814946,-0.04102907126546868,-0.04102907118634211,-4.48388860284516,-4.4418434186583164,3.8638634295530507,7.920819015327842e-05,4.093055061106293,2.689715117298874e-10,-0.04102907118634211,0.06396619955093759,4.75,5.12e-10,5.12e-10,7.912657334907536e-11,2.689723999083071e-10
2.0,7.0,1.0,1.0,128.0,10.0,76.0,1.0,0.001953125,1.0,3.6172837063102637e-20,1.272442170996954e-19,5.044684669996968e-10,1.5023181310080957e-10,1.502318141846974e-10,0.03400586300814946,0.03400586299431368,-0.04102907118634211,-0.04102907133657392,-4.48388860310804,-4.441843418153837,3.8638634295530507,7.920819008377936e-05,4.09305506107071,-5.044684669996968e-10,-0.04102907133657392,0.0639661994655741,4.75,5.12e-10,5.12e-10,1.5023181310080957e-10,-5.044693551781165e-10
2.0,7.0,1.0,1.0,128.0,10.0,77.0,2.0,0.001953125,0.3333333333333333,1.272442170996954e-19,2.2687020023358294e-22,2.1301183039668103e-11,9.392232130922551e-11,2.8176696779051993e-10,0.03400586299431368,0.03400586300296354,-0.04102907133657392,-0.0410290712426516,-4.483888602943693,-4.441843418468849,3.8638634295530507,7.920819021573211e-05,4.09305506113827,-2.1301183039668103e-11,-0.0410290712426516,0.0639661995189419,4.75,5.12e-10,5.12e-10,9.392232130922551e-11,-2.1301183039668103e-11
2.0,7.0,1.0,1.0,128.0,10.0,78.0,1.0,0.001953125,1.0,2.2687020023358294e-22,8.849196914339293e-22,4.206945902751613e-11,1.189751075436618e-11,1.1897511924964111e-11,0.03400586300296354,0.034005863004059264,-0.0410290712426516,-0.04102907123075409,-4.483888602922874,-4.4418434185108895,3.8638634295530507,7.920819013323756e-05,4.093055061096033,4.206945902751613e-11,-0.04102907123075409,0.06396619952570218,4.75,5.12e-10,5.12e-10,1.189751075436618e-11,4.206945902751613e-11
2.0,7.0,1.0,1.0,128.0,10.0,79.0,1.0,0.001953125,1.0,8.849196914339293e-22,3.5893231290868406e-21,8.472689216887375e-11,2.3497558065965762e-11,2.349755568088417e-11,0.034005863004059264,0.03400586300189524,-0.04102907123075409,-0.04102907125425165,-4.48388860296399,-4.441843418426233,3.8638634295530507,7.920819012278765e-05,4.093055061090682,-8.472689216887375e-11,-0.04102907125425165,0.06396619951235058,4.75,5.12e-10,5.12e-10,2.3497558065965762e-11,-8.472689216887375e-11
2.0,7.0,1.0,1.0,128.0,10.0,80.0,1.0,0.001953125,1.0,3.5893231290868406e-21,1.2817771850993174e-20,1.6011103554092188e-10,4.73236103082364e-11,4.732361091635658e-11,0.03400586300189524,0.03400586300625354,-0.04102907125425165,-0.04102907120692804,-4.483888602881183,-4.4418434185863305,3.8638634295530507,7.920819014342621e-05,4.093055061101249,1.6011103554092188e-10,-0.04102907120692804,0.06396619953924046,4.75,5.12e-10,5.12e-10,4.73236103082364e-11,1.6011103554092188e-10
2.0,7.0,1.0,1.0,256.0,14.0,73.0,1.0,0.0009765625,1.0,1.2316489257520183e-24,2.12467063046796e-25,6.474820679613913e-13,8.901768211444505e-13,8.901834167473186e-13,0.03683641770627485,0.0368364177061997,-0.2295705208966363,-0.22957052089752647,-4.430108063582206,-4.08882819959899,3.454978969059196,0.000173345700117632,3.8102710872306242,-6.474820679613913e-13,-0.22957052089752647,0.041696380534363926,4.75,1.024e-09,1.024e-09,8.901768211444505e-13,-7.229772336359019e-13
2.0,7.0,1.0,1.0,256.0,15.0,73.0,1.0,0.0009765625,1.0,3.4834501078254325e-20,3.135119163052085e-19,7.91848364656289e-10,1.4218930893816761e-10,1.4218931046284067e-10,0.02932316770786598,0.029323167721353623,-0.016809514287438303,-0.016809514145248994,-4.572859813294281,-4.5435287379425375,4.08882819959899,5.2777467156354697e-05,4.32688798301801,7.91848364656289e-10,-0.016809514145248994,0.05295001962202935,4.75,1.024e-09,1.024e-09,1.4218930893816761e-10,7.91848364656289e-10
2.0,7.0,1.0,1.0,256.0,15.0,74.0,2.0,0.0009765625,0.3333333333333333,3.135119163052085e-19,3.483473551233257e-20,2.639497509449029e-10,1.4218939914378836e-10,4.2656819890879895e-10,0.029323167721353623,0.029323167707865996,-0.016809514145248994,-0.016809514287438394,-4.572859813550545,-4.543528737150735,4.08882819959899,5.277746695323004e-05,4.32688798281001,-2.639497509449029e-10,-0.016809514287438394,0.05295001953981522,4.75,1.024e-09,1.024e-09,1.4218939914378836e-10,-2.639488627664832e-10
2.0,7.0,1.0,1.0,256.0,15.0,75.0,1.0,0.0009765625,1.0,3.483473551233257e-20,3.1351191630560295e-19,7.91848364656289e-10,1.421893748576597e-10,1.4218937612115614e-10,0.029323167707865996,0.029323167721353592,-0.016809514287438394,-0.01680951414524902,-4.572859813294282,-4.5435287379425375,4.08882819959899,5.2777467156354825e-05,4.32688798301801,7.91848364656289e-10,-0.01680951414524902,0.05295001962202926,4.75,1.024e-09,1.024e-09,1.421893748576597e-10,7.918474764778693e-10
2.0,7.0,1.0,1.0,256.0,15.0,76.0,2.0,0.0009765625,0.3333333333333333,3.1351191630560295e-19,3.483473551193814e-20,2.639497509449029e-10,1.4218938526600056e-10,4.265681535235159e-10,0.029323167721353592,0.02932316770786598,-0.01680951414524902,-0.016809514287438404,-4.572859813550546,-4.543528737150735,4.08882819959899,5.277746695323008e-05,4.32688798281001,-2.639497509449029e-10,-0.016809514287438404,0.052950019539815145,4.75,1.024e-09,1.024e-09,1.4218938526600056e-10,-2.639497509449029e-10
2.0,7.0,1.0,1.0,256.0,15.0,77.0,1.0,0.0009765625,1.0,3.483473551193814e-20,3.135119163052085e-19,7.91848364656289e-10,1.4218951363553778e-10,1.4218951227700542e-10,0.02932316770786598,0.029323167721353623,-0.016809514287438404,-0.01680951414524889,-4.572859813294281,-4.5435287379425375,4.08882819959899,5.277746715635484e-05,4.32688798301801,7.91848364656289e-10,-0.01680951414524889,0.052950019622029325,4.75,1.024e-09,1.024e-09,1.4218951363553778e-10,7.91848364656289e-10
2.0,7.0,1.0,1.0,256.0,15.0,78.0,2.0,0.0009765625,0.3333333333333333,3.135119163052085e-19,3.4834501078648756e-20,2.639488627664832e-10,1.4218939914378836e-10,4.2656819890879895e-10,0.029323167721353623,0.029323167707865996,-0.01680951414524889,-0.01680951428743829,-4.572859813550545,-4.543528737150735,4.08882819959899,5.2777466953229894e-05,4.32688798281001,-2.639488627664832e-10,-0.01680951428743829,0.052950019539815193,4.75,1.024e-09,1.024e-09,1.4218939914378836e-10,-2.639488627664832e-10
2.0,7.0,1.0,1.0,256.0,15.0,79.0,1.0,0.0009765625,1.0,3.4834501078648756e-20,3.1351191630560295e-19,7.91848364656289e-10,1.4218926383535724e-10,1.4218926507755765e-10,0.029323167707865996,0.029323167721353592,-0.01680951428743829,-0.016809514145249026,-4.572859813294282,-4.5435287379425375,4.08882819959899,5.2777467156354676e-05,4.32688798301801,7.91848364656289e-10,-0.016809514145249026,0.052950019622029325,4.75,1.024e-09,1.024e-09,1.4218926383535724e-10,7.918474764778693e-10
2.0,7.0,1.0,1.0,256.0,15.0,80.0,2.0,0.0009765625,0.3333333333333333,3.1351191630560295e-19,3.4834735512727e-20,2.639497509449029e-10,1.4218938526600056e-10,4.265681535235159e-10,0.029323167721353592,0.02932316770786598,-0.016809514145249026,-0.01680951428743841,-4.572859813550546,-4.543528737150735,4.08882819959899,5.2777466953230084e-05,4.32688798281001,-2.639497509449029e-10,-0.01680951428743841,0.05295001953981521,4.75,1.024e-09,1.024e-09,1.4218938526600056e-10,-2.639497509449029e-10
2.0,7.0,1.0,1.0,512.0,24.0,73.0,1.0,0.00048828125,1.0,3.6475430134041063e-20,1.68088260264017e-19,5.798073132723403e-10,1.4036991360932838e-10,1.4036991478994944e-10,0.03007044697438362,0.03007044696117773,-0.028142126518241876,-0.02814212665861179,-4.558661507737623,-4.489735184860601,4.066717920783551,6.672293849386964e-05,4.354881011049282,-5.798073132723403e-10,-0.02814212665861179,0.05041068274439561,4.75,2.048e-09,2.048e-09,1.4036991360932838e-10,-5.798064250939206e-10
2.0,7.0,1.0,1.0,512.0,24.0,74.0,1.0,0.00048828125,1.0,1.68088260264017e-19,7.802856432532875e-19,1.2492282763787443e-09,3.0133074854776787e-10,3.013307474985644e-10,0.03007044696117773,0.030070446989526677,-0.02814212665861179,-0.02814212635728104,-4.558661507198994,-4.489735186109851,4.066717920783551,6.672293864529005e-05,4.3548810113593905,1.2492282763787443e-09,-0.02814212635728104,0.05041068291803522,4.75,2.048e-09,2.048e-09,3.0133074854776787e-10,1.2492273882003246e-09
2.0,7.0,1.0,1.0,512.0,24.0,75.0,2.0,0.00048828125,0.3333333333333333,7.802856432532875e-19,1.968378924011678e-21,6.274358810287595e-11,2.1641171840669493e-10,6.492351506837234e-10,0.030070446989526677,0.030070446969166848,-0.02814212635728104,-0.02814212657369276,-4.55866150758583,-4.489735185214275,4.066717920783551,6.67229383202373e-05,4.354881010693683,-6.274358810287595e-11,-0.02814212657369276,0.05041068279332947,4.75,2.048e-09,2.048e-09,2.1641171840669493e-10,-6.274358810287595e-11
2.0,7.0,1.0,1.0,512.0,24.0,76.0,1.0,0.00048828125,1.0,1.968378924011678e-21,9.477414397813542e-21,1.376765368377164e-10,3.2608415967416704e-11,3.2608415032132904e-11,0.030070446969166848,0.03007044697223462,-0.02814212657369276,-0.028142126541084344,-4.5586615075275425,-4.48973518535186,4.066717920783551,6.672293855368584e-05,4.354881011171785,1.376765368377164e-10,-0.028142126541084344,0.05041068281211985,4.75,2.048e-09,2.048e-09,3.2608415967416704e-11,1.376765368377164e-10
2.0,7.0,1.0,1.0,512.0,24.0,77.0,1.0,0.00048828125,1.0,9.477414397813542e-21,4.413951904683046e-20,2.971178858501844e-10,7.155175063555674e-11,7.155175196863333e-11,0.03007044697223462,0.030070446965503088,-0.028142126541084344,-0.028142126612636095,-4.558661507655442,-4.489735185054742,4.066717920783551,6.672293851851037e-05,4.354881011099746,-2.971178858501844e-10,-0.028142126612636095,0.050410682770888636,4.75,2.048e-09,2.048e-09,7.155175063555674e-11,-2.971178858501844e-10
2.0,7.0,1.0,1.0,512.0,24.0,78.0,1.0,0.00048828125,1.0,4.413951904683046e-20,2.0080598515921514e-19,6.337286251323349e-10,1.5441473794064464e-10,1.5441473962146202e-10,0.030070446965503088,0.030070446980030315,-0.028142126612636095,-0.028142126458221357,-4.558661507379424,-4.489735185688652,4.066717920783551,6.672293859569497e-05,4.35488101125782,6.337286251323349e-10,-0.028142126458221357,0.050410682859869015,4.75,2.048e-09,2.048e-09,1.5441473794064464e-10,6.337286251323349e-10
2.0,7.0,1.0,1.0,512.0,24.0,79.0,1.0,0.00048828125,1.0,2.0080598515921514e-19,9.326343505029268e-19,1.3657484032592038e-09,3.2935427649039006e-10,3.2935427545010586e-10,0.030070446980030315,0.030070446949044902,-0.028142126458221357,-0.028142126787575633,-4.5586615079681465,-4.489735184322918,4.066717920783551,6.672293842912404e-05,4.3548810109166824,-1.3657484032592038e-09,-0.028142126787575633,0.050410682670080975,4.75,2.048e-09,2.048e-09,3.2935427649039006e-10,-1.365747515080784e-09
2.0,7.0,1.0,1.0,512.0,24.0,80.0,2.0,0.00048828125,0.3333333333333333,9.326343505029268e-19,3.050583155408728e-21,7.810996294210781e-11,2.365972105733416e-10,7.097916362351524e-10,0.030070446949044902,0.03007044697130377,-0.028142126787575633,-0.028142126550978423,-4.558661507545228,-4.489735185311343,4.066717920783551,6.672293878440647e-05,4.354881011644301,7.810996294210781e-11,-0.028142126550978423,0.05041068280641847,4.75,2.048e-09,2.048e-09,2.365972105733416e-10,7.810996294210781e-11
2.0,7.0,1.0,1.0,1024.0,42.0,73.0,1.0,0.000244140625,1.0,1.47470971824841e-21,4.920648578856795e-21,9.920331223156609e-11,2.618191427550265e-11,2.6181914659390383e-11,0.028608719325012365,0.02860871932253628,-0.029071759616662862,-0.029071759642844777,-4.586434332871811,-4.485913261571834,4.12739822057271,6.77168782107168e-05,4.53943931379707,-9.920331223156609e-11,-0.029071759642844777,0.04582615796760883,4.75,4.096e-09,4.096e-09,2.618191427550265e-11,-9.920331223156609e-11
2.0,7.0,1.0,1.0,1024.0,42.0,74.0,1.0,0.000244140625,1.0,4.920648578856795e-21,1.8719813373044266e-20,1.9349322144535108e-10,4.7825781529509115e-11,4.782578108372511e-11,0.02860871932253628,0.02860871932705933,-0.029071759642844777,-0.029071759595018995,-4.586434332785872,-4.485913261765405,4.12739822057271,6.771687823846394e-05,4.539439313910722,1.9349322144535108e-10,-0.029071759595018995,0.045826157981177985,4.75,4.096e-09,4.096e-09,4.7825781529509115e-11,1.9349410962377078e-10
2.0,7.0,1.0,1.0,1024.0,42.0,75.0,1.0,0.000244140625,1.0,1.8719813373044266e-20,7.276000657112774e-20,3.814708549043644e-10,9.32830652999872e-11,9.328306496925696e-11,0.02860871932705933,0.028608719318237205,-0.029071759595018995,-0.02907175968830206,-4.586434332953493,-4.48591326138398,4.12739822057271,6.7716878187779e-05,4.539439313703117,-3.814708549043644e-10,-0.02907175968830206,0.045826157954711615,4.75,4.096e-09,4.096e-09,9.32830652999872e-11,-3.814717430827841e-10
2.0,7.0,1.0,1.0,1024.0,42.0,76.0,1.0,0.000244140625,1.0,7.276000657112774e-20,2.7919081309020044e-19,7.47249373489467e-10,1.8390682379743062e-10,1.8390682481711712e-10,0.028608719318237205,0.02860871933562993,-0.02907175968830206,-0.029071759504395236,-4.586434332623031,-4.485913262131308,4.12739822057271,6.771687828663878e-05,4.539439314108046,7.47249373489467e-10,-0.029071759504395236,0.04582615800688979,4.75,4.096e-09,4.096e-09,1.8390682379743062e-10,7.47249373489467e-10
2.0,7.0,1.0,1.0,1024.0,42.0,77.0,1.0,0.000244140625,1.0,2.7919081309020044e-19,1.0772524678299677e-18,1.4678231963216604e-09,3.6024790095456893e-10,3.602479005780709e-10,0.02860871933562993,0.02860871930156004,-0.029071759504395236,-0.029071759864643137,-4.586434333270359,-4.485913260663608,4.12739822057271,6.771687809173752e-05,4.539439313309731,-1.4678231963216604e-09,-0.029071759864643137,0.04582615790468011,4.75,4.096e-09,4.096e-09,3.6024790095456893e-10,-1.4678231963216604e-09
2.0,7.0,1.0,1.0,1024.0,42.0,78.0,1.0,0.000244140625,1.0,1.0772524678299677e-18,4.163782538628312e-18,2.8857520817382465e-09,7.076355543200741e-10,7.076355541480793e-10,0.02860871930156004,0.02860871936848359,-0.029071759864643137,-0.029071759157007583,-4.586434331998812,-4.485913263549185,4.12739822057271,6.771687847352201e-05,4.53943931487352,2.8857520817382465e-09,-0.029071759157007583,0.04582615810545076,4.75,4.096e-09,4.096e-09,7.076355543200741e-10,2.8857520817382465e-09
2.0,7.0,1.0,1.0,1024.0,42.0,79.0,2.0,0.000244140625,0.3333333333333333,4.163782538628312e-18,5.442451247021752e-22,3.299227557818085e-11,4.637390436934563e-10,1.39121713135223e-09,0.02860871936848359,0.028608719324626178,-0.029071759157007583,-0.029071759620746627,-4.586434332832103,-4.48591326165841,4.12739822057271,6.771687772358209e-05,4.539439311801766,3.299227557818085e-11,-0.029071759620746627,0.045826157973878526,4.75,4.096e-09,4.096e-09,4.637390436934563e-10,3.299227557818085e-11
2.0,7.0,1.0,1.0,1024.0,42.0,80.0,1.0,0.000244140625,1.0,5.442451247021752e-22,1.8072551297554162e-21,6.012079722950148e-11,1.5905658734549633e-11,1.5905657090619216e-11,0.028608719324626178,0.02860871932312194,-0.029071759620746627,-0.029071759636652286,-4.586434332860684,-4.48591326159797,4.12739822057271,6.77168782150447e-05,4.539439313814797,-6.012079722950148e-11,-0.029071759636652286,0.04582615796936581,4.75,4.096e-09,4.096e-09,1.5905658734549633e-11,-6.012079722950148e-11
2.0,7.0,1.0,1.0,2048.0,77.0,73.0,1.0,0.0001220703125,1.0,5.645881442971308e-25,1.6532867965531443e-25,4.2099657093785936e-13,4.200945147303514e-13,4.200973956166472e-13,0.026604735997452056,0.026604735997495695,-0.10616726882237483,-0.10616726882195474,-4.624510016047582,-4.279354466082722,4.012416390617704,0.00012206973394041005,5.125712500106818,-4.2099657093785936e-13,-0.10616726882195474,0.029766219020821848,4.75,8.192e-09,8.192e-09,4.200945147303514e-13,-3.019806626980426e-14
2.0,7.0,1.0,1.0,2048.0,78.0,73.0,9.0,0.0001220703125,0.00015241579027587258,0.002471438775465152,0.0024684214789578605,0.07016703202432861,4.929150385234518e-06,0.03234015567752687,0.02181000041023146,0.021810495379545613,-0.012395901569003729,-0.012390972418618494,-4.715600587788633,-4.570022388899205,4.279354466082722,4.59476713652579e-05,4.891080556865554,-0.07016703202432861,-0.012390972418618494,0.030862972198102297,4.75,8.192e-09,8.192e-09,4.929150385234518e-06,-0.07383180647149246
2.0,7.0,1.0,1.0,2048.0,78.0,74.0,9.0,0.0001220703125,0.00015241579027587258,0.0024684214789578605,0.0024654072751351787,0.07012409050538171,4.926351761852868e-06,0.0323217939095147,0.021810495379545613,0.02181099007286577,-0.012390972418618494,-0.012386046066856641,-4.71559118861555,-4.570054636022948,4.279354466082722,4.593935736403402e-05,4.891012448567528,-0.07012409050538171,-0.012386046066856641,0.03086594035805355,4.75,8.192e-09,8.192e-09,4.926351761852868e-06,-0.07378830638344791
2.0,7.0,1.0,1.0,2048.0,78.0,75.0,16.0,0.0001220703125,6.969171937625634e-08,0.0024654072751351787,0.002465405897182018,0.0701240708685118,2.251282181509051e-09,0.032303438645676204,0.02181099007286577,0.02181099029893684,-0.012386046066856641,-0.01238604381557446,-4.7155911843202,-4.5700546507721835,4.279354466082722,4.5931046282013295e-05,4.890944364183614,-0.0701240708685118,-0.01238604381557446,0.030865941714479966,4.75,8.192e-09,8.192e-09,2.251282181509051e-09,-0.07378828649121338
2.0,7.0,1.0,1.0,2048.0,78.0,76.0,17.0,0.0001220703125,2.323057312541878e-08,0.002465405897182018,0.006037070365562389,0.10982128324602769,2.2512815951725162e-09,0.032303430251446524,0.02181099029893684,0.02181099052500785,-0.01238604381557446,-0.012386041564292865,-4.715591180024851,-4.75,4.279354466082722,4.593104248353921e-05,4.890944333066514,0.10982128324602769,-0.012386041564292865,0.030865943070906034,4.75,8.192e-09,8.192e-09,2.2512815951725162e-09,0.10615706787869161
2.0,7.0,1.0,1.0,2048.0,78.0,77.0,4.0,0.0001220703125,0.037037037037037035,0.006037070365562389,0.003656833745624691,0.08544715999298536,0.0017822385345687333,0.04812044043335582,0.02181099052500785,0.02163935129090481,-0.012386041564292865,-0.014168280098861598,-4.718852325472809,-4.558820419421268,4.279354466082722,4.593103868506571e-05,4.890944301949419,-0.08544715999298536,-0.014168280098861598,0.029836107662895378,4.75,8.192e-09,8.192e-09,0.0017822385345687333,-0.08897566354273767
2.0,7.0,1.0,1.0,2048.0,78.0,78.0,4.0,0.0001220703125,0.037037037037037035,0.003656833745624691,0.002694188036123917,0.07332687706469354,0.0014335421820890829,0.038705638916405265,0.02163935129090481,0.02178261323184268,-0.014168280098861598,-0.012734737916772515,-4.716130348594989,-4.567789444281031,4.279354466082722,4.8828217030095766e-05,4.914677986951905,-0.07332687706469354,-0.012734737916772515,0.030695679316857478,4.75,8.192e-09,8.192e-09,0.0014335421820890829,-0.07672469541239835
2.0,7.0,1.0,1.0,2048.0,78.0,79.0,6.0,0.0001220703125,0.004115226337448559,0.002694188036123917,0.0026071909329123512,0.07213134907969021,0.00013824314256423963,0.03359308364311018,0.02178261323184268,0.021796458594353176,-0.012734737916772515,-0.012596494774208275,-4.715867286707289,-4.568683345920984,4.279354466082722,4.651492705443111e-05,4.895727515471261,-0.07213134907969021,-0.012596494774208275,0.03077875149273589,4.75,8.192e-09,8.192e-09,0.00013824314256423963,-0.07551518464691664
2.0,7.0,1.0,1.0,2048.0,78.0,80.0,6.0,0.0001220703125,0.004115226337448559,0.0026071909329123512,0.002522555252367289,0.0709489549361173,0.00013614850903896462,0.0330840876964685,0.021796458594353176,0.021810097523013376,-0.012596494774208275,-0.01246034626516931,-4.7156081470627464,-4.56956903042122,4.279354466082722,4.6284495822247144e-05,4.89383982281721,-0.0709489549361173,-0.01246034626516931,0.03086058506550157,4.75,8.192e-09,8.192e-09,0.00013614850903896462,-0.07431886526500797
2.0,7.0,1.0,1.0,4096.0,149.0,73.0,3.0,6.103515625e-05,0.1111111111111111,0.001579147722112704,0.0006356450925878689,0.0356298251316165,0.0023563671093530126,0.02120730398417712,0.021317569595321637,0.021552289283412355,-0.015268408236091359,-0.012912041126738346,-4.720506503615165,-4.566650806851842,4.3037553151448895,5.0518154611405235e-05,5.354567102725708,-0.0356298251316165,-0.012912041126738346,0.029313735705392863,4.75,1.6384e-08,1.6384e-08,0.0023563671093530126,-0.03697360574538067
2.0,7.0,1.0,1.0,4096.0,149.0,74.0,4.0,6.103515625e-05,0.037037037037037035,0.0006356450925878689,0.00048121098805859315,0.03099592734111578,0.0005128584450302068,0.013847178015815595,0.021552289283412355,0.02160366172719733,-0.012912041126738346,-0.01239918268170814,-4.71953042718325,-4.569968661555904,4.3037553151448895,4.6808479093268566e-05,5.293787779036557,-0.03099592734111578,-0.01239918268170814,0.029621970369813202,4.75,1.6384e-08,1.6384e-08,0.0005128584450302068,-0.0322899383436166
2.0,7.0,1.0,1.0,4096.0,149.0,75.0,8.0,6.103515625e-05,0.0004572473708276177,0.00048121098805859315,0.0004796464468161142,0.030945435207614835,5.55047810681282e-06,0.01213889561959872,0.02160366172719733,0.021604218861353157,-0.01239918268170814,-0.012393632203601327,-4.71951984163429,-4.570004981307972,4.3037553151448895,4.5953204621365315e-05,5.2797749620888945,-0.030945435207614835,-0.012393632203601327,0.029625313174765654,4.75,1.6384e-08,1.6384e-08,5.55047810681282e-06,-0.03223885452743325
2.0,7.0,1.0,1.0,4096.0,149.0,76.0,8.0,6.103515625e-05,0.0004572473708276177,0.0004796464468161142,0.00047808662241815165,0.0308950132049004,5.541917232648741e-06,0.012120172987801702,0.021604218861353157,0.021604775150112443,-0.012393632203601327,-0.012388090286368678,-4.719509272147864,-4.57004125401721,4.3037553151448895,4.594384384899072e-05,5.2796215951943095,-0.0308950132049004,-0.012388090286368678,0.029628650907338832,4.75,1.6384e-08,1.6384e-08,5.541917232648741e-06,-0.032187841112579996
2.0,7.0,1.0,1.0,4096.0,149.0,77.0,9.0,6.103515625e-05,0.00015241579027587258,0.00047808662241815165,0.00047756799464852633,0.030878230111994753,1.8444557399518308e-06,0.012101474109822312,0.021604775150112443,0.021604960298255965,-0.012388090286368678,-0.012386245830628726,-4.719505754333136,-4.570053328268176,4.3037553151448895,4.5934495234503896e-05,5.279468427494557,-0.030878230111994753,-0.012386245830628726,0.02962976179620577,4.75,1.6384e-08,1.6384e-08,1.8444557399518308e-06,-0.03217086097243449
2.0,7.0,1.0,1.0,4096.0,149.0,78.0,12.0,6.103515625e-05,5.645029269476763e-06,0.00047756799464852633,0.00047754880123482144,0.030877608827212022,6.82780381573711e-08,0.012095249625482397,0.021604960298255965,0.02160496715212471,-0.012386245830628726,-0.012386177552590569,-4.7195056241096305,-4.570053775245392,4.3037553151448895,4.5931383331783726e-05,5.27941744208039,-0.030877608827212022,-0.012386177552590569,0.029629802919418472,4.75,1.6384e-08,1.6384e-08,6.82780381573711e-08,-0.03217023239071892
2.0,7.0,1.0,1.0,4096.0,149.0,79.0,12.0,6.103515625e-05,5.645029269476763e-06,0.00047754880123482144,0.0004775296082642885,0.03087698754427759,6.827673739578932e-08,0.012095019199480549,0.02160496715212471,0.021604974005865005,-0.012386177552590569,-0.012386109275853173,-4.7195054938885646,-4.570054222223159,4.3037553151448895,4.593126813056243e-05,5.27941555462358,-0.03087698754427759,-0.012386109275853173,0.02962984404186045,4.75,1.6384e-08,1.6384e-08,6.827673739578932e-08,-0.03216960381089251
2.0,7.0,1.0,1.0,4096.0,149.0,80.0,13.0,6.103515625e-05,1.881676423158921e-06,0.0004775296082642885,0.00047752321109682187,0.030876780463036546,2.2758478879225663e-08,0.012094788773722075,0.021604974005865005,0.021604976290402287,-0.012386109275853173,-0.012386086517374294,-4.719505450482356,-4.570054371204691,4.3037553151448895,4.5931152931189743e-05,5.279413667197058,-0.030876780463036546,-0.012386086517374294,0.029629857749084203,4.75,1.6384e-08,1.6384e-08,2.2758478879225663e-08,-0.03216939429736687
2.0,7.0,1.0,2.0,4.0,4.0,73.0,3.0,0.0625,0.1111111111111111,9.360401631211711e-05,2.2902836786825624e-05,0.006767988886933196,0.0008404679996082375,0.007564211996474138,0.028930167836349004,0.029010148326545467,-0.013261239652483109,-0.012420771652874871,-4.578807181795637,-4.5698274789417255,3.6786874660243893,4.7380272038316126e-05,4.215101817364808,-0.006767988886933196,-0.012420771652874871,0.07406088996497329,4.75,1.6e-11,1.6e-11,0.0008404679996082375,-0.006767989010715958
2.0,7.0,1.0,2.0,4.0,4.0,74.0,6.0,0.0625,0.004115226337448559,2.2902836786825624e-05,2.204118567240407e-05,0.00663945565124191,1.539785270544998e-05,0.0037416782074242197,0.029010148326545467,0.029011613614713928,-0.012420771652874871,-0.012405373800169421,-4.578779341320436,-4.569928160374495,3.6786874660243893,4.5989592297139364e-05,4.215079566488948,-0.00663945565124191,-0.012405373800169421,0.07406968169401457,4.75,1.6e-11,1.6e-11,1.539785270544998e-05,-0.006639455775687253
2.0,7.0,1.0,2.0,4.0,4.0,75.0,6.0,0.0625,0.004115226337448559,2.204118567240407e-05,2.121151310822183e-05,0.006513296109992517,1.5105430188930985e-05,0.0036706195359100437,0.029011613614713928,0.029013051075414707,-0.012405373800169421,-0.01239026836998049,-4.578752029567121,-4.570026997056058,3.6786874660243893,4.596364312706423e-05,4.215079151302228,-0.006513296109992517,-0.01239026836998049,0.07407830645824862,4.75,1.6e-11,1.6e-11,1.5105430188930985e-05,-0.00651329623507646
2.0,7.0,1.0,2.0,4.0,4.0,76.0,8.0,0.0625,0.0004572473708276177,2.121151310822183e-05,2.1122014732181707e-05,0.006499540711801366,1.6464897634287101e-06,0.003600873112618028,0.029013051075414707,0.029013207758428704,-0.01239026836998049,-0.012388621880217061,-4.578749052589854,-4.5700377742667655,3.6786874660243893,4.593816969761733e-05,4.215078743727356,-0.006499540711801366,-0.012388621880217061,0.07407924655633574,4.75,1.6e-11,1.6e-11,1.6464897634287101e-06,-0.0064995408369519225
2.0,7.0,1.0,2.0,4.0,4.0,77.0,8.0,0.0625,0.0004572473708276177,2.1122014732181707e-05,2.1032888780509104e-05,0.0064858135619996204,1.6430125901606418e-06,0.003593268534682301,0.029013207758428704,0.02901336411054846,-0.012388621880217061,-0.0123869788676269,-4.578746081899579,-4.570048529518701,3.6786874660243893,4.5935392074606925e-05,4.215078699285388,-0.0064858135619996204,-0.0123869788676269,0.0740801846690574,4.75,1.6e-11,1.6e-11,1.6430125901606418e-06,-0.006485813687218567
2.0,7.0,1.0,2.0,4.0,4.0,78.0,9.0,0.0625,0.00015241579027587258,2.1032888780509104e-05,2.1003283512656845e-05,0.0064812473356070655,5.46514185842048e-07,0.003585679573304537,0.02901336411054846,0.029013416117850136,-0.0123869788676269,-0.012386432353441059,-4.578745093760848,-4.570052107204698,3.6786874660243893,4.593262011700727e-05,4.215078654934066,-0.0064812473356070655,-0.012386432353441059,0.0740804967128685,4.75,1.6e-11,1.6e-11,5.46514185842048e-07,-0.006481247460848216
2.0,7.0,1.0,2.0,4.0,4.0,79.0,10.0,0.0625,5.0805263425290864e-05,2.1003283512656845e-05,2.0993426605572357e-05,0.006479726322241142,1.8204314210408523e-07,0.003583155166026588,0.029013416117850136,0.02901343344141255,-0.012386432353441059,-0.012386250310298955,-4.578744764613162,-4.570053298936587,3.6786874660243893,4.593169803817981e-05,4.215078640180805,-0.006479726322241142,-0.012386250310298955,0.07408060065424334,4.75,1.6e-11,1.6e-11,1.8204314210408523e-07,-0.006479726447490286
2.0,7.0,1.0,2.0,4.0,4.0,80.0,10.0,0.0625,5.0805263425290864e-05,2.0993426605572357e-05,2.0983574215572246e-05,0.006478205649031565,1.8200042087648804e-07,0.003582314284098959,0.02901343344141255,0.029013450760909536,-0.012386250310298955,-0.012386068309878078,-4.578744435542719,-4.570054490405594,3.6786874660243893,4.593139089003627e-05,4.215078635266435,-0.006478205649031565,-0.012386068309878078,0.07408070457122559,4.75,1.6e-11,1.6e-11,1.8200042087648804e-07,-0.006478205774287815
2.0,7.0,1.0,2.0,8.0,4.0,73.0,1.0,0.03125,1.0,1.0364216289279223e-22,1.0364216289279223e-22,1.439737218333903e-11,8.745601465243169e-12,8.745599008175455e-12,0.04322943585567075,0.043229435854914774,-0.10313883046369192,-0.10313883047243752,-4.308640718756619,-4.285353231741324,3.041918227724344,0.0001204733727756752,3.562458518576477,-1.439737218333903e-11,-0.10313883047243752,0.10736538484141371,4.75,3.2e-11,3.2e-11,8.745601465243169e-12,-1.439737218333903e-11
2.0,7.0,1.0,2.0,8.0,4.0,74.0,1.0,0.03125,1.0,1.0364216289279223e-22,1.0364216289279223e-22,1.439737218333903e-11,8.745601465243169e-12,8.745599008174669e-12,0.043229435854914774,0.04322943585567075,-0.10313883047243752,-0.10313883046369192,-4.3086407187422555,-4.285353231755726,3.041918227724344,0.00012047337278032193,3.5624585185766255,1.439737218333903e-11,-0.10313883046369192,0.10736538484612299,4.75,3.2e-11,3.2e-11,8.745601465243169e-12,1.439737218333903e-11
2.0,7.0,1.0,2.0,8.0,4.0,75.0,1.0,0.03125,1.0,1.0364216289279223e-22,1.0364216289279223e-22,1.439737218333903e-11,8.745601465243169e-12,8.745599008175455e-12,0.04322943585567075,0.043229435854914774,-0.10313883046369192,-0.10313883047243752,-4.308640718756619,-4.285353231741324,3.041918227724344,0.0001204733727756752,3.562458518576477,-1.439737218333903e-11,-0.10313883047243752,0.10736538484141371,4.75,3.2e-11,3.2e-11,8.745601465243169e-12,-1.439737218333903e-11
2.0,7.0,1.0,2.0,8.0,4.0,76.0,1.0,0.03125,1.0,1.0364216289279223e-22,1.0364216289279223e-22,1.439737218333903e-11,8.745601465243169e-12,8.745599008174669e-12,0.043229435854914774,0.04322943585567075,-0.10313883047243752,-0.10313883046369192,-4.3086407187422555,-4.285353231755726,3.041918227724344,0.00012047337278032193,3.5624585185766255,1.439737218333903e-11,-0.10313883046369192,0.10736538484612299,4.75,3.2e-11,3.2e-11,8.745601465243169e-12,1.439737218333903e-11
2.0,7.0,1.0,2.0,8.0,4.0,77.0,1.0,0.03125,1.0,1.0364216289279223e-22,1.0364216289279223e-22,1.439737218333903e-11,8.745601465243169e-12,8.745599008175455e-12,0.04322943585567075,0.043229435854914774,-0.10313883046369192,-0.10313883047243752,-4.308640718756619,-4.285353231741324,3.041918227724344,0.0001204733727756752,3.562458518576477,-1.439737218333903e-11,-0.10313883047243752,0.10736538484141371,4.75,3.2e-11,3.2e-11,8.745601465243169e-12,-1.439737218333903e-11
2.0,7.0,1.0,2.0,8.0,4.0,78.0,1.0,0.03125,1.0,1.0364216289279223e-22,1.0364216289279223e-22,1.439737218333903e-11,8.745601465243169e-12,8.745599008174669e-12,0.043229435854914774,0.04322943585567075,-0.10313883047243752,-0.10313883046369192,-4.3086407187422555,-4.285353231755726,3.041918227724344,0.00012047337278032193,3.5624585185766255,1.439737218333903e-11,-0.10313883046369192,0.10736538484612299,4.75,3.2e-11,3.2e-11,8.745601465243169e-12,1.439737218333903e-11
2.0,7.0,1.0,2.0,8.0,4.0,79.0,1.0,0.03125,1.0,1.0364216289279223e-22,1.0364216289279223e-22,1.439737218333903e-11,8.745601465243169e-12,8.745599008175455e-12,0.04322943585567075,0.043229435854914774,-0.10313883046369192,-0.10313883047243752,-4.308640718756619,-4.285353231741324,3.041918227724344,0.0001204733727756752,3.562458518576477,-1.439737218333903e-11,-0.10313883047243752,0.10736538484141371,4.75,3.2e-11,3.2e-11,8.745601465243169e-12,-1.439737218333903e-11
2.0,7.0,1.0,2.0,8.0,4.0,80.0,1.0,0.03125,1.0,1.0364216289279223e-22,1.0364216289279223e-22,1.439737218333903e-11,8.745601465243169e-12,8.745599008174669e-12,0.043229435854914774,0.04322943585567075,-0.10313883047243752,-0.10313883046369192,-4.3086407187422555,-4.285353231755726,3.041918227724344,0.00012047337278032193,3.5624585185766255,1.439737218333903e-11,-0.10313883046369192,0.10736538484612299,4.75,3.2e-11,3.2e-11,8.745601465243169e-12,1.439737218333903e-11
2.0,7.0,1.0,2.0,32.0,7.0,73.0,12.0,0.0078125,5.645029269476763e-06,2.4032367835907126e-06,2.403209650959621e-06,0.002192354739069202,6.5801420891936635e-09,0.001165652430749595,0.02010310702663899,0.02010310637730784,-0.012386027618345447,-0.012386034198487536,-4.748040978831151,-4.75,4.442680547844744,4.593101515476611e-05,4.602219443862182,0.002192354739069202,-0.012386034198487536,0.02061863825026065,4.75,1.28e-10,1.28e-10,6.5801420891936635e-09,0.0021923550340883224
2.0,7.0,1.0,2.0,32.0,7.0,74.0,12.0,0.0078125,5.645029269476763e-06,2.403209650959621e-06,2.403182518666678e-06,0.002192342363166233,6.5801049400904255e-09,0.0011656458497212325,0.02010310637730784,0.020103105727980353,-0.012386034198487536,-0.012386040778592476,-4.748040991168373,-4.75,4.442680547844744,4.593102625711256e-05,4.602219445283283,0.002192342363166233,-0.012386040778592476,0.02061863435429578,4.75,1.28e-10,1.28e-10,6.5801049400904255e-09,0.002192342658184465
2.0,7.0,1.0,2.0,32.0,7.0,75.0,14.0,0.0078125,6.27225474386307e-07,2.403182518666678e-06,2.4031795040067736e-06,0.002192340988079522,7.311186430575267e-10,0.0011656392687377011,0.020103105727980353,0.020103105655833262,-0.012386040778592476,-0.01238604150971112,-4.748040992539168,-4.75,4.442680547844744,4.5931037359393124e-05,4.602219446704375,0.002192340988079522,-0.01238604150971112,0.020618633921413238,4.75,1.28e-10,1.28e-10,7.311186430575267e-10,0.002192341283097754
2.0,7.0,1.0,2.0,32.0,7.0,76.0,14.0,0.0078125,6.27225474386307e-07,2.4031795040067736e-06,2.4031764893214993e-06,0.0021923396129803763,7.311181850905291e-10,0.0011656385375247214,0.020103105655833262,0.020103105583686217,-0.01238604150971112,-0.012386042240829304,-4.748040993909962,-4.75,4.442680547844744,4.593103859297269e-05,4.602219446862273,0.0021923396129803763,-0.012386042240829304,0.02061863348853097,4.75,1.28e-10,1.28e-10,7.311181850905291e-10,0.00219233990799772
2.0,7.0,1.0,2.0,32.0,7.0,77.0,16.0,0.0078125,6.969171937625634e-08,2.4031764893214993e-06,2.4031761543466332e-06,0.0021923394601870427,8.123530320647276e-11,0.0011656378063047115,0.020103105583686217,0.020103105575669883,-0.012386042240829304,-0.012386042322064608,-4.748040994062272,-4.75,4.442680547844744,4.5931039826551444e-05,4.602219447020171,0.0021923394601870427,-0.012386042322064608,0.02061863344043297,4.75,1.28e-10,1.28e-10,8.123530320647276e-11,0.0021923397552043866
2.0,7.0,1.0,2.0,32.0,7.0,78.0,17.0,0.0078125,2.323057312541878e-08,2.4031761543466332e-06,0.015798064625996304,0.17775300068351196,8.123529800230234e-11,0.0011656377250556613,0.020103105575669883,0.02010310556765355,-0.012386042322064608,-0.012386042403299906,-4.748040994214582,-4.57005466000908,4.442680547844744,4.593103996361566e-05,4.602219447037715,-0.17775300068351196,-0.012386042403299906,0.02061863339233497,4.75,1.28e-10,1.28e-10,8.123529800230234e-11,-0.17775300038849462
2.0,7.0,1.0,2.0,32.0,7.0,79.0,2.0,0.0078125,0.3333333333333333,0.015798064625996304,0.0018793462309265288,0.061308176141955606,0.03150296640104254,0.09450889920312763,0.02010310556765355,0.0232118311596981,-0.012386042403299906,0.019116923997742633,-4.688975207965736,-4.75,4.442680547844744,4.5931040100679875e-05,4.602219447055259,0.061308176141955606,0.019116923997742633,0.039270987063663054,4.75,1.28e-10,1.28e-10,0.03150296640104254,0.061308173851653436
2.0,7.0,1.0,2.0,32.0,7.0,80.0,2.0,0.0078125,0.3333333333333333,0.0018793462309265288,0.0008352650360720735,0.04087211851793526,0.010899649996814443,0.03269894999044333,0.0232118311596981,0.02213624926495491,0.019116923997742633,0.00821727400092819,-4.7094112639658565,-4.75,4.442680547844744,7.8125e-10,4.596340373922373,0.04087211851793526,0.00821727400092819,0.03281749562041904,4.75,1.28e-10,1.28e-10,0.010899649996814443,0.04087211785153322
2.0,7.0,1.0,2.0,64.0,7.0,73.0,1.0,0.00390625,1.0,1.4021906203372216e-07,1.2073631734432531e-07,0.0004913986514925028,0.00032493804850652896,0.00032493804850651633,0.044360922469758576,0.04433370839978085,-0.16757233431992444,-0.16789727236843097,-4.287659540404164,-4.173714125785045,3.3248528753429256,0.00015022947899761839,3.613658890409411,-0.0004913986514925028,-0.16789727236843097,0.06907779219133302,4.75,2.56e-10,2.56e-10,0.00032493804850652896,-0.0004913986278740623
2.0,7.0,1.0,2.0,64.0,7.0,74.0,1.0,0.00390625,1.0,1.2073631734432531e-07,1.0394343294166052e-07,0.0004559461216890881,0.0003015136441349153,0.0003015136441349217,0.04433370839978085,0.04435896063924141,-0.16789727236843097,-0.16759575872429605,-4.287179747854413,-4.174170076647109,3.3248528753429256,0.00015036187563420396,3.6136927839483772,0.0004559461216890881,-0.16759575872429605,0.06915622595020286,4.75,2.56e-10,2.56e-10,0.0003015136441349153,0.0004559460997741738
2.0,7.0,1.0,2.0,64.0,7.0,75.0,1.0,0.00390625,1.0,1.0394343294166052e-07,8.949993912483788e-08,0.0004230837721417302,0.00027976598854584367,0.0002797659885458474,0.04435896063924141,0.044335529799963976,-0.16759575872429605,-0.1678755247128419,-4.287624933800684,-4.173746996957629,3.3248528753429256,0.00015023902800339947,3.6136613349548914,-0.0004230837721417302,-0.1678755247128419,0.06908344948216431,4.75,2.56e-10,2.56e-10,0.00027976598854584367,-0.0004230837518068853
2.0,7.0,1.0,2.0,64.0,7.0,76.0,1.0,0.00390625,1.0,8.949993912483788e-08,7.705248680171341e-08,0.0003925620633777882,0.0002595971865084479,0.0002595971865084509,0.044335529799963976,0.04435727147051359,-0.1678755247128419,-0.16761592752633345,-4.287211842060242,-4.174139562535063,3.3248528753429256,0.00015035301888170307,3.613690516619737,0.0003925620633777882,-0.16761592752633345,0.06915097937185902,4.75,2.56e-10,2.56e-10,0.0002595971865084479,0.0003925620445084377
2.0,7.0,1.0,2.0,64.0,7.0,77.0,1.0,0.00390625,1.0,7.705248680171341e-08,6.634495089135947e-08,0.00036426625122665257,0.00024087357403401732,0.00024087357403402838,0.04435727147051359,0.044337097931804716,-0.16761592752633345,-0.16785680110036746,-4.287595139295711,-4.173775299310164,3.3248528753429256,0.00015024724927234924,3.6136634395997422,-0.00036426625122665257,-0.16785680110036746,0.06908832011848398,4.75,2.56e-10,2.56e-10,0.00024087357403401732,-0.0003642662337179914
2.0,7.0,1.0,2.0,64.0,7.0,78.0,1.0,0.00390625,1.0,6.634495089135947e-08,5.711838492105387e-08,0.00033798930433093233,0.00022350799878037564,0.00022350799878036705,0.044337097931804716,0.04435581707641504,-0.16785680110036746,-0.1676332931015871,-4.287239475548114,-4.174113291219486,3.3248528753429256,0.00015034539317151886,3.61368856443793,0.00033798930433093233,-0.1676332931015871,0.06914646200633158,4.75,2.56e-10,2.56e-10,0.00022350799878037564,0.0003379892880843727
2.0,7.0,1.0,2.0,64.0,7.0,79.0,1.0,0.00390625,1.0,5.711838492105387e-08,4.9180540369625115e-08,0.00031362570165605064,0.00020738784716226033,0.0002073878471622568,0.04435581707641504,0.04433844801972518,-0.1676332931015871,-0.16784068094874935,-4.2875694876252215,-4.1737996677611875,3.3248528753429256,0.00015025432744856482,3.613665251612854,-0.00031362570165605064,-0.16784068094874935,0.06909251350777021,4.75,2.56e-10,2.56e-10,0.00020738784716226033,-0.0003136256865818865
2.0,7.0,1.0,2.0,64.0,7.0,80.0,1.0,0.00390625,1.0,4.9180540369625115e-08,4.23413684625568e-08,0.00029100298439210803,0.00019243595859205764,0.00019243595859204805,0.04433844801972518,0.044354564832352776,-0.16784068094874935,-0.1676482449901573,-4.287263268185297,-4.174090672676666,3.3248528753429256,0.00015033882742077583,3.6136868836057396,0.00029100298439210803,-0.1676482449901573,0.06914257252124338,4.75,2.56e-10,2.56e-10,0.00019243595859205764,0.0002910029704050743
2.0,7.0,1.0,2.0,128.0,10.0,73.0,1.0,0.001953125,1.0,9.065350817434252e-22,2.841518446685137e-21,7.538591972888753e-11,2.378280211656758e-11,2.3782804477739944e-11,0.034005863002549694,0.03400586300473999,-0.04102907124714529,-0.04102907122336249,-4.48388860290994,-4.441843418531045,3.8638634295530507,7.920819013718448e-05,4.093055061098053,7.538591972888753e-11,-0.04102907122336249,0.06396619952990214,4.75,5.12e-10,5.12e-10,2.378280211656758e-11,7.538591972888753e-11
2.0,7.0,1.0,2.0,128.0,10.0,74.0,1.0,0.001953125,1.0,2.841518446685137e-21,1.003466097062534e-20,1.4166623429900937e-10,4.2106193531843417e-11,4.210619502449244e-11,0.03400586300473999,0.03400586300086218,-0.04102907122336249,-0.04102907126546868,-4.483888602983619,-4.441843418389376,3.8638634295530507,7.92081901162954e-05,4.093055061087358,-1.4166623429900937e-10,-0.04102907126546868,0.0639661995059769,4.75,5.12e-10,5.12e-10,4.2106193531843417e-11,-1.4166712247742907e-10
2.0,7.0,1.0,2.0,128.0,10.0,75.0,1.0,0.001953125,1.0,1.003466097062534e-20,3.6172837063102637e-20,2.689715117298874e-10,7.912657334907536e-11,7.912657370703158e-11,0.03400586300086218,0.03400586300814946,-0.04102907126546868,-0.04102907118634211,-4.48388860284516,-4.4418434186583164,3.8638634295530507,7.920819015327842e-05,4.093055061106293,2.689715117298874e-10,-0.04102907118634211,0.06396619955093759,4.75,5.12e-10,5.12e-10,7.912657334907536e-11,2.689723999083071e-10
2.0,7.0,1.0,2.0,128.0,10.0,76.0,1.0,0.001953125,1.0,3.6172837063102637e-20,1.272442170996954e-19,5.044684669996968e-10,1.5023181310080957e-10,1.502318141846974e-10,0.03400586300814946,0.03400586299431368,-0.04102907118634211,-0.04102907133657392,-4.48388860310804,-4.441843418153837,3.8638634295530507,7.920819008377936e-05,4.09305506107071,-5.044684669996968e-10,-0.04102907133657392,0.0639661994655741,4.75,5.12e-10,5.12e-10,1.5023181310080957e-10,-5.044693551781165e-10
2.0,7.0,1.0,2.0,128.0,10.0,77.0,2.0,0.001953125,0.3333333333333333,1.272442170996954e-19,2.2687020023358294e-22,2.1301183039668103e-11,9.392232130922551e-11,2.8176696779051993e-10,0.03400586299431368,0.03400586300296354,-0.04102907133657392,-0.0410290712426516,-4.483888602943693,-4.441843418468849,3.8638634295530507,7.920819021573211e-05,4.09305506113827,-2.1301183039668103e-11,-0.0410290712426516,0.0639661995189419,4.75,5.12e-10,5.12e-10,9.392232130922551e-11,-2.1301183039668103e-11
2.0,7.0,1.0,2.0,128.0,10.0,78.0,1.0,0.001953125,1.0,2.2687020023358294e-22,8.849196914339293e-22,4.206945902751613e-11,1.189751075436618e-11,1.1897511924964111e-11,0.03400586300296354,0.034005863004059264,-0.0410290712426516,-0.04102907123075409,-4.483888602922874,-4.4418434185108895,3.8638634295530507,7.920819013323756e-05,4.093055061096033,4.206945902751613e-11,-0.04102907123075409,0.06396619952570218,4.75,5.12e-10,5.12e-10,1.189751075436618e-11,4.206945902751613e-11
2.0,7.0,1.0,2.0,128.0,10.0,79.0,1.0,0.001953125,1.0,8.849196914339293e-22,3.5893231290868406e-21,8.472689216887375e-11,2.3497558065965762e-11,2.349755568088417e-11,0.034005863004059264,0.03400586300189524,-0.04102907123075409,-0.04102907125425165,-4.48388860296399,-4.441843418426233,3.8638634295530507,7.920819012278765e-05,4.093055061090682,-8.472689216887375e-11,-0.04102907125425165,0.06396619951235058,4.75,5.12e-10,5.12e-10,2.3497558065965762e-11,-8.472689216887375e-11
2.0,7.0,1.0,2.0,128.0,10.0,80.0,1.0,0.001953125,1.0,3.5893231290868406e-21,1.2817771850993174e-20,1.6011103554092188e-10,4.73236103082364e-11,4.732361091635658e-11,0.03400586300189524,0.03400586300625354,-0.04102907125425165,-0.04102907120692804,-4.483888602881183,-4.4418434185863305,3.8638634295530507,7.920819014342621e-05,4.093055061101249,1.6011103554092188e-10,-0.04102907120692804,0.06396619953924046,4.75,5.12e-10,5.12e-10,4.73236103082364e-11,1.6011103554092188e-10
2.0,7.0,1.0,2.0,256.0,14.0,73.0,1.0,0.0009765625,1.0,1.2316489257520183e-24,2.12467063046796e-25,6.474820679613913e-13,8.901768211444505e-13,8.901834167473186e-13,0.03683641770627485,0.0368364177061997,-0.2295705208966363,-0.22957052089752647,-4.430108063582206,-4.08882819959899,3.454978969059196,0.000173345700117632,3.8102710872306242,-6.474820679613913e-13,-0.22957052089752647,0.041696380534363926,4.75,1.024e-09,1.024e-09,8.901768211444505e-13,-7.229772336359019e-13
2.0,7.0,1.0,2.0,256.0,15.0,73.0,1.0,0.0009765625,1.0,3.4834501078254325e-20,3.135119163052085e-19,7.91848364656289e-10,1.4218930893816761e-10,1.4218931046284067e-10,0.02932316770786598,0.029323167721353623,-0.016809514287438303,-0.016809514145248994,-4.572859813294281,-4.5435287379425375,4.08882819959899,5.2777467156354697e-05,4.32688798301801,7.91848364656289e-10,-0.016809514145248994,0.05295001962202935,4.75,1.024e-09,1.024e-09,1.4218930893816761e-10,7.91848364656289e-10
2.0,7.0,1.0,2.0,256.0,15.0,74.0,2.0,0.0009765625,0.3333333333333333,3.135119163052085e-19,3.483473551233257e-20,2.639497509449029e-10,1.4218939914378836e-10,4.2656819890879895e-10,0.029323167721353623,0.029323167707865996,-0.016809514145248994,-0.016809514287438394,-4.572859813550545,-4.543528737150735,4.08882819959899,5.277746695323004e-05,4.32688798281001,-2.639497509449029e-10,-0.016809514287438394,0.05295001953981522,4.75,1.024e-09,1.024e-09,1.4218939914378836e-10,-2.639488627664832e-10
2.0,7.0,1.0,2.0,256.0,15.0,75.0,1.0,0.0009765625,1.0,3.483473551233257e-20,3.1351191630560295e-19,7.91848364656289e-10,1.421893748576597e-10,1.4218937612115614e-10,0.029323167707865996,0.029323167721353592,-0.016809514287438394,-0.01680951414524902,-4.572859813294282,-4.5435287379425375,4.08882819959899,5.2777467156354825e-05,4.32688798301801,7.91848364656289e-10,-0.01680951414524902,0.05295001962202926,4.75,1.024e-09,1.024e-09,1.421893748576597e-10,7.918474764778693e-10
2.0,7.0,1.0,2.0,256.0,15.0,76.0,2.0,0.0009765625,0.3333333333333333,3.1351191630560295e-19,3.483473551193814e-20,2.639497509449029e-10,1.4218938526600056e-10,4.265681535235159e-10,0.029323167721353592,0.02932316770786598,-0.01680951414524902,-0.016809514287438404,-4.572859813550546,-4.543528737150735,4.08882819959899,5.277746695323008e-05,4.32688798281001,-2.639497509449029e-10,-0.016809514287438404,0.052950019539815145,4.75,1.024e-09,1.024e-09,1.4218938526600056e-10,-2.639497509449029e-10
2.0,7.0,1.0,2.0,256.0,15.0,77.0,1.0,0.0009765625,1.0,3.483473551193814e-20,3.135119163052085e-19,7.91848364656289e-10,1.4218951363553778e-10,1.4218951227700542e-10,0.02932316770786598,0.029323167721353623,-0.016809514287438404,-0.01680951414524889,-4.572859813294281,-4.5435287379425375,4.08882819959899,5.277746715635484e-05,4.32688798301801,7.91848364656289e-10,-0.01680951414524889,0.052950019622029325,4.75,1.024e-09,1.024e-09,1.4218951363553778e-10,7.91848364656289e-10
2.0,7.0,1.0,2.0,256.0,15.0,78.0,2.0,0.0009765625,0.3333333333333333,3.135119163052085e-19,3.4834501078648756e-20,2.639488627664832e-10,1.4218939914378836e-10,4.2656819890879895e-10,0.029323167721353623,0.029323167707865996,-0.01680951414524889,-0.01680951428743829,-4.572859813550545,-4.543528737150735,4.08882819959899,5.2777466953229894e-05,4.32688798281001,-2.639488627664832e-10,-0.01680951428743829,0.052950019539815193,4.75,1.024e-09,1.024e-09,1.4218939914378836e-10,-2.639488627664832e-10
2.0,7.0,1.0,2.0,256.0,15.0,79.0,1.0,0.0009765625,1.0,3.4834501078648756e-20,3.1351191630560295e-19,7.91848364656289e-10,1.4218926383535724e-10,1.4218926507755765e-10,0.029323167707865996,0.029323167721353592,-0.01680951428743829,-0.016809514145249026,-4.572859813294282,-4.5435287379425375,4.08882819959899,5.2777467156354676e-05,4.32688798301801,7.91848364656289e-10,-0.016809514145249026,0.052950019622029325,4.75,1.024e-09,1.024e-09,1.4218926383535724e-10,7.918474764778693e-10
2.0,7.0,1.0,2.0,256.0,15.0,80.0,2.0,0.0009765625,0.3333333333333333,3.1351191630560295e-19,3.4834735512727e-20,2.639497509449029e-10,1.4218938526600056e-10,4.265681535235159e-10,0.029323167721353592,0.02932316770786598,-0.016809514145249026,-0.01680951428743841,-4.572859813550546,-4.543528737150735,4.08882819959899,5.2777466953230084e-05,4.32688798281001,-2.639497509449029e-10,-0.01680951428743841,0.05295001953981521,4.75,1.024e-09,1.024e-09,1.4218938526600056e-10,-2.639497509449029e-10
2.0,7.0,1.0,2.0,512.0,24.0,73.0,1.0,0.00048828125,1.0,3.6475430134041063e-20,1.68088260264017e-19,5.798073132723403e-10,1.4036991360932838e-10,1.4036991478994944e-10,0.03007044697438362,0.03007044696117773,-0.028142126518241876,-0.02814212665861179,-4.558661507737623,-4.489735184860601,4.066717920783551,6.672293849386964e-05,4.354881011049282,-5.798073132723403e-10,-0.02814212665861179,0.05041068274439561,4.75,2.048e-09,2.048e-09,1.4036991360932838e-10,-5.798064250939206e-10
2.0,7.0,1.0,2.0,512.0,24.0,74.0,1.0,0.00048828125,1.0,1.68088260264017e-19,7.802856432532875e-19,1.2492282763787443e-09,3.0133074854776787e-10,3.013307474985644e-10,0.03007044696117773,0.030070446989526677,-0.02814212665861179,-0.02814212635728104,-4.558661507198994,-4.489735186109851,4.066717920783551,6.672293864529005e-05,4.3548810113593905,1.2492282763787443e-09,-0.02814212635728104,0.05041068291803522,4.75,2.048e-09,2.048e-09,3.0133074854776787e-10,1.2492273882003246e-09
2.0,7.0,1.0,2.0,512.0,24.0,75.0,2.0,0.00048828125,0.3333333333333333,7.802856432532875e-19,1.968378924011678e-21,6.274358810287595e-11,2.1641171840669493e-10,6.492351506837234e-10,0.030070446989526677,0.030070446969166848,-0.02814212635728104,-0.02814212657369276,-4.55866150758583,-4.489735185214275,4.066717920783551,6.67229383202373e-05,4.354881010693683,-6.274358810287595e-11,-0.02814212657369276,0.05041068279332947,4.75,2.048e-09,2.048e-09,2.1641171840669493e-10,-6.274358810287595e-11
2.0,7.0,1.0,2.0,512.0,24.0,76.0,1.0,0.00048828125,1.0,1.968378924011678e-21,9.477414397813542e-21,1.376765368377164e-10,3.2608415967416704e-11,3.2608415032132904e-11,0.030070446969166848,0.03007044697223462,-0.02814212657369276,-0.028142126541084344,-4.5586615075275425,-4.48973518535186,4.066717920783551,6.672293855368584e-05,4.354881011171785,1.376765368377164e-10,-0.028142126541084344,0.05041068281211985,4.75,2.048e-09,2.048e-09,3.2608415967416704e-11,1.376765368377164e-10
2.0,7.0,1.0,2.0,512.0,24.0,77.0,1.0,0.00048828125,1.0,9.477414397813542e-21,4.413951904683046e-20,2.971178858501844e-10,7.155175063555674e-11,7.155175196863333e-11,0.03007044697223462,0.030070446965503088,-0.028142126541084344,-0.028142126612636095,-4.558661507655442,-4.489735185054742,4.066717920783551,6.672293851851037e-05,4.354881011099746,-2.971178858501844e-10,-0.028142126612636095,0.050410682770888636,4.75,2.048e-09,2.048e-09,7.155175063555674e-11,-2.971178858501844e-10
2.0,7.0,1.0,2.0,512.0,24.0,78.0,1.0,0.00048828125,1.0,4.413951904683046e-20,2.0080598515921514e-19,6.337286251323349e-10,1.5441473794064464e-10,1.5441473962146202e-10,0.030070446965503088,0.030070446980030315,-0.028142126612636095,-0.028142126458221357,-4.558661507379424,-4.489735185688652,4.066717920783551,6.672293859569497e-05,4.35488101125782,6.337286251323349e-10,-0.028142126458221357,0.050410682859869015,4.75,2.048e-09,2.048e-09,1.5441473794064464e-10,6.337286251323349e-10
2.0,7.0,1.0,2.0,512.0,24.0,79.0,1.0,0.00048828125,1.0,2.0080598515921514e-19,9.326343505029268e-19,1.3657484032592038e-09,3.2935427649039006e-10,3.2935427545010586e-10,0.030070446980030315,0.030070446949044902,-0.028142126458221357,-0.028142126787575633,-4.5586615079681465,-4.489735184322918,4.066717920783551,6.672293842912404e-05,4.3548810109166824,-1.3657484032592038e-09,-0.028142126787575633,0.050410682670080975,4.75,2.048e-09,2.048e-09,3.2935427649039006e-10,-1.365747515080784e-09
2.0,7.0,1.0,2.0,512.0,24.0,80.0,2.0,0.00048828125,0.3333333333333333,9.326343505029268e-19,3.050583155408728e-21,7.810996294210781e-11,2.365972105733416e-10,7.097916362351524e-10,0.030070446949044902,0.03007044697130377,-0.028142126787575633,-0.028142126550978423,-4.558661507545228,-4.489735185311343,4.066717920783551,6.672293878440647e-05,4.354881011644301,7.810996294210781e-11,-0.028142126550978423,0.05041068280641847,4.75,2.048e-09,2.048e-09,2.365972105733416e-10,7.810996294210781e-11
2.0,7.0,1.0,2.0,1024.0,42.0,73.0,1.0,0.000244140625,1.0,1.47470971824841e-21,4.920648578856795e-21,9.920331223156609e-11,2.618191427550265e-11,2.6181914659390383e-11,0.028608719325012365,0.02860871932253628,-0.029071759616662862,-0.029071759642844777,-4.586434332871811,-4.485913261571834,4.12739822057271,6.77168782107168e-05,4.53943931379707,-9.920331223156609e-11,-0.029071759642844777,0.04582615796760883,4.75,4.096e-09,4.096e-09,2.618191427550265e-11,-9.920331223156609e-11
2.0,7.0,1.0,2.0,1024.0,42.0,74.0,1.0,0.000244140625,1.0,4.920648578856795e-21,1.8719813373044266e-20,1.9349322144535108e-10,4.7825781529509115e-11,4.782578108372511e-11,0.02860871932253628,0.02860871932705933,-0.029071759642844777,-0.029071759595018995,-4.586434332785872,-4.485913261765405,4.12739822057271,6.771687823846394e-05,4.539439313910722,1.9349322144535108e-10,-0.029071759595018995,0.045826157981177985,4.75,4.096e-09,4.096e-09,4.7825781529509115e-11,1.9349410962377078e-10
2.0,7.0,1.0,2.0,1024.0,42.0,75.0,1.0,0.000244140625,1.0,1.8719813373044266e-20,7.276000657112774e-20,3.814708549043644e-10,9.32830652999872e-11,9.328306496925696e-11,0.02860871932705933,0.028608719318237205,-0.029071759595018995,-0.02907175968830206,-4.586434332953493,-4.48591326138398,4.12739822057271,6.7716878187779e-05,4.539439313703117,-3.814708549043644e-10,-0.02907175968830206,0.045826157954711615,4.75,4.096e-09,4.096e-09,9.32830652999872e-11,-3.814717430827841e-10
2.0,7.0,1.0,2.0,1024.0,42.0,76.0,1.0,0.000244140625,1.0,7.276000657112774e-20,2.7919081309020044e-19,7.47249373489467e-10,1.8390682379743062e-10,1.8390682481711712e-10,0.028608719318237205,0.02860871933562993,-0.02907175968830206,-0.029071759504395236,-4.586434332623031,-4.485913262131308,4.12739822057271,6.771687828663878e-05,4.539439314108046,7.47249373489467e-10,-0.029071759504395236,0.04582615800688979,4.75,4.096e-09,4.096e-09,1.8390682379743062e-10,7.47249373489467e-10
2.0,7.0,1.0,2.0,1024.0,42.0,77.0,1.0,0.000244140625,1.0,2.7919081309020044e-19,1.0772524678299677e-18,1.4678231963216604e-09,3.6024790095456893e-10,3.602479005780709e-10,0.02860871933562993,0.02860871930156004,-0.029071759504395236,-0.029071759864643137,-4.586434333270359,-4.485913260663608,4.12739822057271,6.771687809173752e-05,4.539439313309731,-1.4678231963216604e-09,-0.029071759864643137,0.04582615790468011,4.75,4.096e-09,4.096e-09,3.6024790095456893e-10,-1.4678231963216604e-09
2.0,7.0,1.0,2.0,1024.0,42.0,78.0,1.0,0.000244140625,1.0,1.0772524678299677e-18,4.163782538628312e-18,2.8857520817382465e-09,7.076355543200741e-10,7.076355541480793e-10,0.02860871930156004,0.02860871936848359,-0.029071759864643137,-0.029071759157007583,-4.586434331998812,-4.485913263549185,4.12739822057271,6.771687847352201e-05,4.53943931487352,2.8857520817382465e-09,-0.029071759157007583,0.04582615810545076,4.75,4.096e-09,4.096e-09,7.076355543200741e-10,2.8857520817382465e-09
2.0,7.0,1.0,2.0,1024.0,42.0,79.0,2.0,0.000244140625,0.3333333333333333,4.163782538628312e-18,5.442451247021752e-22,3.299227557818085e-11,4.637390436934563e-10,1.39121713135223e-09,0.02860871936848359,0.028608719324626178,-0.029071759157007583,-0.029071759620746627,-4.586434332832103,-4.48591326165841,4.12739822057271,6.771687772358209e-05,4.539439311801766,3.299227557818085e-11,-0.029071759620746627,0.045826157973878526,4.75,4.096e-09,4.096e-09,4.637390436934563e-10,3.299227557818085e-11
2.0,7.0,1.0,2.0,1024.0,42.0,80.0,1.0,0.000244140625,1.0,5.442451247021752e-22,1.8072551297554162e-21,6.012079722950148e-11,1.5905658734549633e-11,1.5905657090619216e-11,0.028608719324626178,0.02860871932312194,-0.029071759620746627,-0.029071759636652286,-4.586434332860684,-4.48591326159797,4.12739822057271,6.77168782150447e-05,4.539439313814797,-6.012079722950148e-11,-0.029071759636652286,0.04582615796936581,4.75,4.096e-09,4.096e-09,1.5905658734549633e-11,-6.012079722950148e-11
2.0,7.0,1.0,2.0,2048.0,77.0,73.0,1.0,0.0001220703125,1.0,5.645881442971308e-25,1.6532867965531443e-25,4.2099657093785936e-13,4.200945147303514e-13,4.200973956166472e-13,0.026604735997452056,0.026604735997495695,-0.10616726882237483,-0.10616726882195474,-4.624510016047582,-4.279354466082722,4.012416390617704,0.00012206973394041005,5.125712500106818,-4.2099657093785936e-13,-0.10616726882195474,0.029766219020821848,4.75,8.192e-09,8.192e-09,4.200945147303514e-13,-3.019806626980426e-14
2.0,7.0,1.0,2.0,2048.0,78.0,73.0,9.0,0.0001220703125,0.00015241579027587258,0.002471438775465152,0.0024684214789578605,0.07016703202432861,4.929150385234518e-06,0.03234015567752687,0.02181000041023146,0.021810495379545613,-0.012395901569003729,-0.012390972418618494,-4.715600587788633,-4.570022388899205,4.279354466082722,4.59476713652579e-05,4.891080556865554,-0.07016703202432861,-0.012390972418618494,0.030862972198102297,4.75,8.192e-09,8.192e-09,4.929150385234518e-06,-0.07383180647149246
2.0,7.0,1.0,2.0,2048.0,78.0,74.0,9.0,0.0001220703125,0.00015241579027587258,0.0024684214789578605,0.0024654072751351787,0.07012409050538171,4.926351761852868e-06,0.0323217939095147,0.021810495379545613,0.02181099007286577,-0.012390972418618494,-0.012386046066856641,-4.71559118861555,-4.570054636022948,4.279354466082722,4.593935736403402e-05,4.891012448567528,-0.07012409050538171,-0.012386046066856641,0.03086594035805355,4.75,8.192e-09,8.192e-09,4.926351761852868e-06,-0.07378830638344791
2.0,7.0,1.0,2.0,2048.0,78.0,75.0,16.0,0.0001220703125,6.969171937625634e-08,0.0024654072751351787,0.002465405897182018,0.0701240708685118,2.251282181509051e-09,0.032303438645676204,0.02181099007286577,0.02181099029893684,-0.012386046066856641,-0.01238604381557446,-4.7155911843202,-4.5700546507721835,4.279354466082722,4.5931046282013295e-05,4.890944364183614,-0.0701240708685118,-0.01238604381557446,0.030865941714479966,4.75,8.192e-09,8.192e-09,2.251282181509051e-09,-0.07378828649121338
2.0,7.0,1.0,2.0,2048.0,78.0,76.0,17.0,0.0001220703125,2.323057312541878e-08,0.002465405897182018,0.006037070365562389,0.10982128324602769,2.2512815951725162e-09,0.032303430251446524,0.02181099029893684,0.02181099052500785,-0.01238604381557446,-0.012386041564292865,-4.715591180024851,-4.75,4.279354466082722,4.593104248353921e-05,4.890944333066514,0.10982128324602769,-0.012386041564292865,0.030865943070906034,4.75,8.192e-09,8.192e-09,2.2512815951725162e-09,0.10615706787869161
2.0,7.0,1.0,2.0,2048.0,78.0,77.0,4.0,0.0001220703125,0.037037037037037035,0.006037070365562389,0.003656833745624691,0.08544715999298536,0.0017822385345687333,0.04812044043335582,0.02181099052500785,0.02163935129090481,-0.012386041564292865,-0.014168280098861598,-4.718852325472809,-4.558820419421268,4.279354466082722,4.593103868506571e-05,4.890944301949419,-0.08544715999298536,-0.014168280098861598,0.029836107662895378,4.75,8.192e-09,8.192e-09,0.0017822385345687333,-0.08897566354273767
2.0,7.0,1.0,2.0,2048.0,78.0,78.0,4.0,0.0001220703125,0.037037037037037035,0.003656833745624691,0.002694188036123917,0.07332687706469354,0.0014335421820890829,0.038705638916405265,0.02163935129090481,0.02178261323184268,-0.014168280098861598,-0.012734737916772515,-4.716130348594989,-4.567789444281031,4.279354466082722,4.8828217030095766e-05,4.914677986951905,-0.07332687706469354,-0.012734737916772515,0.030695679316857478,4.75,8.192e-09,8.192e-09,0.0014335421820890829,-0.07672469541239835
2.0,7.0,1.0,2.0,2048.0,78.0,79.0,6.0,0.0001220703125,0.004115226337448559,0.002694188036123917,0.0026071909329123512,0.07213134907969021,0.00013824314256423963,0.03359308364311018,0.02178261323184268,0.021796458594353176,-0.012734737916772515,-0.012596494774208275,-4.715867286707289,-4.568683345920984,4.279354466082722,4.651492705443111e-05,4.895727515471261,-0.07213134907969021,-0.012596494774208275,0.03077875149273589,4.75,8.192e-09,8.192e-09,0.00013824314256423963,-0.07551518464691664
2.0,7.0,1.0,2.0,2048.0,78.0,80.0,6.0,0.0001220703125,0.004115226337448559,0.0026071909329123512,0.002522555252367289,0.0709489549361173,0.00013614850903896462,0.0330840876964685,0.021796458594353176,0.021810097523013376,-0.012596494774208275,-0.01246034626516931,-4.7156081470627464,-4.56956903042122,4.279354466082722,4.6284495822247144e-05,4.89383982281721,-0.0709489549361173,-0.01246034626516931,0.03086058506550157,4.75,8.192e-09,8.192e-09,0.00013614850903896462,-0.07431886526500797
2.0,7.0,1.0,2.0,4096.0,149.0,73.0,3.0,6.103515625e-05,0.1111111111111111,0.001579147722112704,0.0006356450925878689,0.0356298251316165,0.0023563671093530126,0.02120730398417712,0.021317569595321637,0.021552289283412355,-0.015268408236091359,-0.012912041126738346,-4.720506503615165,-4.566650806851842,4.3037553151448895,5.0518154611405235e-05,5.354567102725708,-0.0356298251316165,-0.012912041126738346,0.029313735705392863,4.75,1.6384e-08,1.6384e-08,0.0023563671093530126,-0.03697360574538067
2.0,7.0,1.0,2.0,4096.0,149.0,74.0,4.0,6.103515625e-05,0.037037037037037035,0.0006356450925878689,0.00048121098805859315,0.03099592734111578,0.0005128584450302068,0.013847178015815595,0.021552289283412355,0.02160366172719733,-0.012912041126738346,-0.01239918268170814,-4.71953042718325,-4.569968661555904,4.3037553151448895,4.6808479093268566e-05,5.293787779036557,-0.03099592734111578,-0.01239918268170814,0.029621970369813202,4.75,1.6384e-08,1.6384e-08,0.0005128584450302068,-0.0322899383436166
2.0,7.0,1.0,2.0,4096.0,149.0,75.0,8.0,6.103515625e-05,0.0004572473708276177,0.00048121098805859315,0.0004796464468161142,0.030945435207614835,5.55047810681282e-06,0.01213889561959872,0.02160366172719733,0.021604218861353157,-0.01239918268170814,-0.012393632203601327,-4.71951984163429,-4.570004981307972,4.3037553151448895,4.5953204621365315e-05,5.2797749620888945,-0.030945435207614835,-0.012393632203601327,0.029625313174765654,4.75,1.6384e-08,1.6384e-08,5.55047810681282e-06,-0.03223885452743325
2.0,7.0,1.0,2.0,4096.0,149.0,76.0,8.0,6.103515625e-05,0.0004572473708276177,0.0004796464468161142,0.00047808662241815165,0.0308950132049004,5.541917232648741e-06,0.012120172987801702,0.021604218861353157,0.021604775150112443,-0.012393632203601327,-0.012388090286368678,-4.719509272147864,-4.57004125401721,4.3037553151448895,4.594384384899072e-05,5.2796215951943095,-0.0308950132049004,-0.012388090286368678,0.029628650907338832,4.75,1.6384e-08,1.6384e-08,5.541917232648741e-06,-0.032187841112579996
2.0,7.0,1.0,2.0,4096.0,149.0,77.0,9.0,6.103515625e-05,0.00015241579027587258,0.00047808662241815165,0.00047756799464852633,0.030878230111994753,1.8444557399518308e-06,0.012101474109822312,0.021604775150112443,0.021604960298255965,-0.012388090286368678,-0.012386245830628726,-4.719505754333136,-4.570053328268176,4.3037553151448895,4.5934495234503896e-05,5.279468427494557,-0.030878230111994753,-0.012386245830628726,0.02962976179620577,4.75,1.6384e-08,1.6384e-08,1.8444557399518308e-06,-0.03217086097243449
2.0,7.0,1.0,2.0,4096.0,149.0,78.0,12.0,6.103515625e-05,5.645029269476763e-06,0.00047756799464852633,0.00047754880123482144,0.030877608827212022,6.82780381573711e-08,0.012095249625482397,0.021604960298255965,0.02160496715212471,-0.012386245830628726,-0.012386177552590569,-4.7195056241096305,-4.570053775245392,4.3037553151448895,4.5931383331783726e-05,5.27941744208039,-0.030877608827212022,-0.012386177552590569,0.029629802919418472,4.75,1.6384e-08,1.6384e-08,6.82780381573711e-08,-0.03217023239071892
2.0,7.0,1.0,2.0,4096.0,149.0,79.0,12.0,6.103515625e-05,5.645029269476763e-06,0.00047754880123482144,0.0004775296082642885,0.03087698754427759,6.827673739578932e-08,0.012095019199480549,0.02160496715212471,0.021604974005865005,-0.012386177552590569,-0.012386109275853173,-4.7195054938885646,-4.570054222223159,4.3037553151448895,4.593126813056243e-05,5.27941555462358,-0.03087698754427759,-0.012386109275853173,0.02962984404186045,4.75,1.6384e-08,1.6384e-08,6.827673739578932e-08,-0.03216960381089251
2.0,7.0,1.0,2.0,4096.0,149.0,80.0,13.0,6.103515625e-05,1.881676423158921e-06,0.0004775296082642885,0.00047752321109682187,0.030876780463036546,2.2758478879225663e-08,0.012094788773722075,0.021604974005865005,0.021604976290402287,-0.012386109275853173,-0.012386086517374294,-4.719505450482356,-4.570054371204691,4.3037553151448895,4.5931152931189743e-05,5.279413667197058,-0.030876780463036546,-0.012386086517374294,0.029629857749084203,4.75,1.6384e-08,1.6384e-08,2.2758478879225663e-08,-0.03216939429736687
2.0,7.0,1.0,3.0,4.0,4.0,73.0,3.0,0.0625,0.1111111111111111,9.360401631211711e-05,2.2902836786825624e-05,0.006767988886933196,0.0008404679996082375,0.007564211996474138,0.028930167836349004,0.029010148326545467,-0.013261239652483109,-0.012420771652874871,-4.578807181795637,-4.5698274789417255,3.6786874660243893,4.7380272038316126e-05,4.215101817364808,-0.006767988886933196,-0.012420771652874871,0.07406088996497329,4.75,1.6e-11,1.6e-11,0.0008404679996082375,-0.006767989010715958
2.0,7.0,1.0,3.0,4.0,4.0,74.0,6.0,0.0625,0.004115226337448559,2.2902836786825624e-05,2.204118567240407e-05,0.00663945565124191,1.539785270544998e-05,0.0037416782074242197,0.029010148326545467,0.029011613614713928,-0.012420771652874871,-0.012405373800169421,-4.578779341320436,-4.569928160374495,3.6786874660243893,4.5989592297139364e-05,4.215079566488948,-0.00663945565124191,-0.012405373800169421,0.07406968169401457,4.75,1.6e-11,1.6e-11,1.539785270544998e-05,-0.006639455775687253
2.0,7.0,1.0,3.0,4.0,4.0,75.0,6.0,0.0625,0.004115226337448559,2.204118567240407e-05,2.121151310822183e-05,0.006513296109992517,1.5105430188930985e-05,0.0036706195359100437,0.029011613614713928,0.029013051075414707,-0.012405373800169421,-0.01239026836998049,-4.578752029567121,-4.570026997056058,3.6786874660243893,4.596364312706423e-05,4.215079151302228,-0.006513296109992517,-0.01239026836998049,0.07407830645824862,4.75,1.6e-11,1.6e-11,1.5105430188930985e-05,-0.00651329623507646
2.0,7.0,1.0,3.0,4.0,4.0,76.0,8.0,0.0625,0.0004572473708276177,2.121151310822183e-05,2.1122014732181707e-05,0.006499540711801366,1.6464897634287101e-06,0.003600873112618028,0.029013051075414707,0.029013207758428704,-0.01239026836998049,-0.012388621880217061,-4.578749052589854,-4.5700377742667655,3.6786874660243893,4.593816969761733e-05,4.215078743727356,-0.006499540711801366,-0.012388621880217061,0.07407924655633574,4.75,1.6e-11,1.6e-11,1.6464897634287101e-06,-0.0064995408369519225
2.0,7.0,1.0,3.0,4.0,4.0,77.0,8.0,0.0625,0.0004572473708276177,2.1122014732181707e-05,2.1032888780509104e-05,0.0064858135619996204,1.6430125901606418e-06,0.003593268534682301,0.029013207758428704,0.02901336411054846,-0.012388621880217061,-0.0123869788676269,-4.578746081899579,-4.570048529518701,3.6786874660243893,4.5935392074606925e-05,4.215078699285388,-0.0064858135619996204,-0.0123869788676269,0.0740801846690574,4.75,1.6e-11,1.6e-11,1.6430125901606418e-06,-0.006485813687218567
2.0,7.0,1.0,3.0,4.0,4.0,78.0,9.0,0.0625,0.00015241579027587258,2.1032888780509104e-05,2.1003283512656845e-05,0.0064812473356070655,5.46514185842048e-07,0.003585679573304537,0.02901336411054846,0.029013416117850136,-0.0123869788676269,-0.012386432353441059,-4.578745093760848,-4.570052107204698,3.6786874660243893,4.593262011700727e-05,4.215078654934066,-0.0064812473356070655,-0.012386432353441059,0.0740804967128685,4.75,1.6e-11,1.6e-11,5.46514185842048e-07,-0.006481247460848216
2.0,7.0,1.0,3.0,4.0,4.0,79.0,10.0,0.0625,5.0805263425290864e-05,2.1003283512656845e-05,2.0993426605572357e-05,0.006479726322241142,1.8204314210408523e-07,0.003583155166026588,0.029013416117850136,0.02901343344141255,-0.012386432353441059,-0.012386250310298955,-4.578744764613162,-4.570053298936587,3.6786874660243893,4.593169803817981e-05,4.215078640180805,-0.006479726322241142,-0.012386250310298955,0.07408060065424334,4.75,1.6e-11,1.6e-11,1.8204314210408523e-07,-0.006479726447490286
2.0,7.0,1.0,3.0,4.0,4.0,80.0,10.0,0.0625,5.0805263425290864e-05,2.0993426605572357e-05,2.0983574215572246e-05,0.006478205649031565,1.8200042087648804e-07,0.003582314284098959,0.02901343344141255,0.029013450760909536,-0.012386250310298955,-0.012386068309878078,-4.578744435542719,-4.570054490405594,3.6786874660243893,4.593139089003627e-05,4.215078635266435,-0.006478205649031565,-0.012386068309878078,0.07408070457122559,4.75,1.6e-11,1.6e-11,1.8200042087648804e-07,-0.006478205774287815
2.0,7.0,1.0,3.0,8.0,4.0,73.0,1.0,0.03125,1.0,1.0364216289279223e-22,1.0364216289279223e-22,1.439737218333903e-11,8.745601465243169e-12,8.745599008175455e-12,0.04322943585567075,0.043229435854914774,-0.10313883046369192,-0.10313883047243752,-4.308640718756619,-4.285353231741324,3.041918227724344,0.0001204733727756752,3.562458518576477,-1.439737218333903e-11,-0.10313883047243752,0.10736538484141371,4.75,3.2e-11,3.2e-11,8.745601465243169e-12,-1.439737218333903e-11
2.0,7.0,1.0,3.0,8.0,4.0,74.0,1.0,0.03125,1.0,1.0364216289279223e-22,1.0364216289279223e-22,1.439737218333903e-11,8.745601465243169e-12,8.745599008174669e-12,0.043229435854914774,0.04322943585567075,-0.10313883047243752,-0.10313883046369192,-4.3086407187422555,-4.285353231755726,3.041918227724344,0.00012047337278032193,3.5624585185766255,1.439737218333903e-11,-0.10313883046369192,0.10736538484612299,4.75,3.2e-11,3.2e-11,8.745601465243169e-12,1.439737218333903e-11
2.0,7.0,1.0,3.0,8.0,4.0,75.0,1.0,0.03125,1.0,1.0364216289279223e-22,1.0364216289279223e-22,1.439737218333903e-11,8.745601465243169e-12,8.745599008175455e-12,0.04322943585567075,0.043229435854914774,-0.10313883046369192,-0.10313883047243752,-4.308640718756619,-4.285353231741324,3.041918227724344,0.0001204733727756752,3.562458518576477,-1.439737218333903e-11,-0.10313883047243752,0.10736538484141371,4.75,3.2e-11,3.2e-11,8.745601465243169e-12,-1.439737218333903e-11
2.0,7.0,1.0,3.0,8.0,4.0,76.0,1.0,0.03125,1.0,1.0364216289279223e-22,1.0364216289279223e-22,1.439737218333903e-11,8.745601465243169e-12,8.745599008174669e-12,0.043229435854914774,0.04322943585567075,-0.10313883047243752,-0.10313883046369192,-4.3086407187422555,-4.285353231755726,3.041918227724344,0.00012047337278032193,3.5624585185766255,1.439737218333903e-11,-0.10313883046369192,0.10736538484612299,4.75,3.2e-11,3.2e-11,8.745601465243169e-12,1.439737218333903e-11
2.0,7.0,1.0,3.0,8.0,4.0,77.0,1.0,0.03125,1.0,1.0364216289279223e-22,1.0364216289279223e-22,1.439737218333903e-11,8.745601465243169e-12,8.745599008175455e-12,0.04322943585567075,0.043229435854914774,-0.10313883046369192,-0.10313883047243752,-4.308640718756619,-4.285353231741324,3.041918227724344,0.0001204733727756752,3.562458518576477,-1.439737218333903e-11,-0.10313883047243752,0.10736538484141371,4.75,3.2e-11,3.2e-11,8.745601465243169e-12,-1.439737218333903e-11
2.0,7.0,1.0,3.0,8.0,4.0,78.0,1.0,0.03125,1.0,1.0364216289279223e-22,1.0364216289279223e-22,1.439737218333903e-11,8.745601465243169e-12,8.745599008174669e-12,0.043229435854914774,0.04322943585567075,-0.10313883047243752,-0.10313883046369192,-4.3086407187422555,-4.285353231755726,3.041918227724344,0.00012047337278032193,3.5624585185766255,1.439737218333903e-11,-0.10313883046369192,0.10736538484612299,4.75,3.2e-11,3.2e-11,8.745601465243169e-12,1.439737218333903e-11
2.0,7.0,1.0,3.0,8.0,4.0,79.0,1.0,0.03125,1.0,1.0364216289279223e-22,1.0364216289279223e-22,1.439737218333903e-11,8.745601465243169e-12,8.745599008175455e-12,0.04322943585567075,0.043229435854914774,-0.10313883046369192,-0.10313883047243752,-4.308640718756619,-4.285353231741324,3.041918227724344,0.0001204733727756752,3.562458518576477,-1.439737218333903e-11,-0.10313883047243752,0.10736538484141371,4.75,3.2e-11,3.2e-11,8.745601465243169e-12,-1.439737218333903e-11
2.0,7.0,1.0,3.0,8.0,4.0,80.0,1.0,0.03125,1.0,1.0364216289279223e-22,1.0364216289279223e-22,1.439737218333903e-11,8.745601465243169e-12,8.745599008174669e-12,0.043229435854914774,0.04322943585567075,-0.10313883047243752,-0.10313883046369192,-4.3086407187422555,-4.285353231755726,3.041918227724344,0.00012047337278032193,3.5624585185766255,1.439737218333903e-11,-0.10313883046369192,0.10736538484612299,4.75,3.2e-11,3.2e-11,8.745601465243169e-12,1.439737218333903e-11
2.0,7.0,1.0,3.0,32.0,7.0,73.0,12.0,0.0078125,5.645029269476763e-06,2.4032367835907126e-06,2.403209650959621e-06,0.002192354739069202,6.5801420891936635e-09,0.001165652430749595,0.02010310702663899,0.02010310637730784,-0.012386027618345447,-0.012386034198487536,-4.748040978831151,-4.75,4.442680547844744,4.593101515476611e-05,4.602219443862182,0.002192354739069202,-0.012386034198487536,0.02061863825026065,4.75,1.28e-10,1.28e-10,6.5801420891936635e-09,0.0021923550340883224
2.0,7.0,1.0,3.0,32.0,7.0,74.0,12.0,0.0078125,5.645029269476763e-06,2.403209650959621e-06,2.403182518666678e-06,0.002192342363166233,6.5801049400904255e-09,0.0011656458497212325,0.02010310637730784,0.020103105727980353,-0.012386034198487536,-0.012386040778592476,-4.748040991168373,-4.75,4.442680547844744,4.593102625711256e-05,4.602219445283283,0.002192342363166233,-0.012386040778592476,0.02061863435429578,4.75,1.28e-10,1.28e-10,6.5801049400904255e-09,0.002192342658184465
2.0,7.0,1.0,3.0,32.0,7.0,75.0,14.0,0.0078125,6.27225474386307e-07,2.403182518666678e-06,2.4031795040067736e-06,0.002192340988079522,7.311186430575267e-10,0.0011656392687377011,0.020103105727980353,0.020103105655833262,-0.012386040778592476,-0.01238604150971112,-4.748040992539168,-4.75,4.442680547844744,4.5931037359393124e-05,4.602219446704375,0.002192340988079522,-0.01238604150971112,0.020618633921413238,4.75,1.28e-10,1.28e-10,7.311186430575267e-10,0.002192341283097754
2.0,7.0,1.0,3.0,32.0,7.0,76.0,14.0,0.0078125,6.27225474386307e-07,2.4031795040067736e-06,2.4031764893214993e-06,0.0021923396129803763,7.311181850905291e-10,0.0011656385375247214,0.020103105655833262,0.020103105583686217,-0.01238604150971112,-0.012386042240829304,-4.748040993909962,-4.75,4.442680547844744,4.593103859297269e-05,4.602219446862273,0.0021923396129803763,-0.012386042240829304,0.02061863348853097,4.75,1.28e-10,1.28e-10,7.311181850905291e-10,0.00219233990799772
2.0,7.0,1.0,3.0,32.0,7.0,77.0,16.0,0.0078125,6.969171937625634e-08,2.4031764893214993e-06,2.4031761543466332e-06,0.0021923394601870427,8.123530320647276e-11,0.0011656378063047115,0.020103105583686217,0.020103105575669883,-0.012386042240829304,-0.012386042322064608,-4.748040994062272,-4.75,4.442680547844744,4.5931039826551444e-05,4.602219447020171,0.0021923394601870427,-0.012386042322064608,0.02061863344043297,4.75,1.28e-10,1.28e-10,8.123530320647276e-11,0.0021923397552043866
2.0,7.0,1.0,3.0,32.0,7.0,78.0,17.0,0.0078125,2.323057312541878e-08,2.4031761543466332e-06,0.015798064625996304,0.17775300068351196,8.123529800230234e-11,0.0011656377250556613,0.020103105575669883,0.02010310556765355,-0.012386042322064608,-0.012386042403299906,-4.748040994214582,-4.57005466000908,4.442680547844744,4.593103996361566e-05,4.602219447037715,-0.17775300068351196,-0.012386042403299906,0.02061863339233497,4.75,1.28e-10,1.28e-10,8.123529800230234e-11,-0.17775300038849462
2.0,7.0,1.0,3.0,32.0,7.0,79.0,2.0,0.0078125,0.3333333333333333,0.015798064625996304,0.0018793462309265288,0.061308176141955606,0.03150296640104254,0.09450889920312763,0.02010310556765355,0.0232118311596981,-0.012386042403299906,0.019116923997742633,-4.688975207965736,-4.75,4.442680547844744,4.5931040100679875e-05,4.602219447055259,0.061308176141955606,0.019116923997742633,0.039270987063663054,4.75,1.28e-10,1.28e-10,0.03150296640104254,0.061308173851653436
2.0,7.0,1.0,3.0,32.0,7.0,80.0,2.0,0.0078125,0.3333333333333333,0.0018793462309265288,0.0008352650360720735,0.04087211851793526,0.010899649996814443,0.03269894999044333,0.0232118311596981,0.02213624926495491,0.019116923997742633,0.00821727400092819,-4.7094112639658565,-4.75,4.442680547844744,7.8125e-10,4.596340373922373,0.04087211851793526,0.00821727400092819,0.03281749562041904,4.75,1.28e-10,1.28e-10,0.010899649996814443,0.04087211785153322
2.0,7.0,1.0,3.0,64.0,7.0,73.0,1.0,0.00390625,1.0,1.4021906203372216e-07,1.2073631734432531e-07,0.0004913986514925028,0.00032493804850652896,0.00032493804850651633,0.044360922469758576,0.04433370839978085,-0.16757233431992444,-0.16789727236843097,-4.287659540404164,-4.173714125785045,3.3248528753429256,0.00015022947899761839,3.613658890409411,-0.0004913986514925028,-0.16789727236843097,0.06907779219133302,4.75,2.56e-10,2.56e-10,0.00032493804850652896,-0.0004913986278740623
2.0,7.0,1.0,3.0,64.0,7.0,74.0,1.0,0.00390625,1.0,1.2073631734432531e-07,1.0394343294166052e-07,0.0004559461216890881,0.0003015136441349153,0.0003015136441349217,0.04433370839978085,0.04435896063924141,-0.16789727236843097,-0.16759575872429605,-4.287179747854413,-4.174170076647109,3.3248528753429256,0.00015036187563420396,3.6136927839483772,0.0004559461216890881,-0.16759575872429605,0.06915622595020286,4.75,2.56e-10,2.56e-10,0.0003015136441349153,0.0004559460997741738
2.0,7.0,1.0,3.0,64.0,7.0,75.0,1.0,0.00390625,1.0,1.0394343294166052e-07,8.949993912483788e-08,0.0004230837721417302,0.00027976598854584367,0.0002797659885458474,0.04435896063924141,0.044335529799963976,-0.16759575872429605,-0.1678755247128419,-4.287624933800684,-4.173746996957629,3.3248528753429256,0.00015023902800339947,3.6136613349548914,-0.0004230837721417302,-0.1678755247128419,0.06908344948216431,4.75,2.56e-10,2.56e-10,0.00027976598854584367,-0.0004230837518068853
2.0,7.0,1.0,3.0,64.0,7.0,76.0,1.0,0.00390625,1.0,8.949993912483788e-08,7.705248680171341e-08,0.0003925620633777882,0.0002595971865084479,0.0002595971865084509,0.044335529799963976,0.04435727147051359,-0.1678755247128419,-0.16761592752633345,-4.287211842060242,-4.174139562535063,3.3248528753429256,0.00015035301888170307,3.613690516619737,0.0003925620633777882,-0.16761592752633345,0.06915097937185902,4.75,2.56e-10,2.56e-10,0.0002595971865084479,0.0003925620445084377
2.0,7.0,1.0,3.0,64.0,7.0,77.0,1.0,0.00390625,1.0,7.705248680171341e-08,6.634495089135947e-08,0.00036426625122665257,0.00024087357403401732,0.00024087357403402838,0.04435727147051359,0.044337097931804716,-0.16761592752633345,-0.16785680110036746,-4.287595139295711,-4.173775299310164,3.3248528753429256,0.00015024724927234924,3.6136634395997422,-0.00036426625122665257,-0.16785680110036746,0.06908832011848398,4.75,2.56e-10,2.56e-10,0.00024087357403401732,-0.0003642662337179914
2.0,7.0,1.0,3.0,64.0,7.0,78.0,1.0,0.00390625,1.0,6.634495089135947e-08,5.711838492105387e-08,0.00033798930433093233,0.00022350799878037564,0.00022350799878036705,0.044337097931804716,0.04435581707641504,-0.16785680110036746,-0.1676332931015871,-4.287239475548114,-4.174113291219486,3.3248528753429256,0.00015034539317151886,3.61368856443793,0.00033798930433093233,-0.1676332931015871,0.06914646200633158,4.75,2.56e-10,2.56e-10,0.00022350799878037564,0.0003379892880843727
2.0,7.0,1.0,3.0,64.0,7.0,79.0,1.0,0.00390625,1.0,5.711838492105387e-08,4.9180540369625115e-08,0.00031362570165605064,0.00020738784716226033,0.0002073878471622568,0.04435581707641504,0.04433844801972518,-0.1676332931015871,-0.16784068094874935,-4.2875694876252215,-4.1737996677611875,3.3248528753429256,0.00015025432744856482,3.613665251612854,-0.00031362570165605064,-0.16784068094874935,0.06909251350777021,4.75,2.56e-10,2.56e-10,0.00020738784716226033,-0.0003136256865818865
2.0,7.0,1.0,3.0,64.0,7.0,80.0,1.0,0.00390625,1.0,4.9180540369625115e-08,4.23413684625568e-08,0.00029100298439210803,0.00019243595859205764,0.00019243595859204805,0.04433844801972518,0.044354564832352776,-0.16784068094874935,-0.1676482449901573,-4.287263268185297,-4.174090672676666,3.3248528753429256,0.00015033882742077583,3.6136868836057396,0.00029100298439210803,-0.1676482449901573,0.06914257252124338,4.75,2.56e-10,2.56e-10,0.00019243595859205764,0.0002910029704050743
2.0,7.0,1.0,3.0,128.0,10.0,73.0,1.0,0.001953125,1.0,9.065350817434252e-22,2.841518446685137e-21,7.538591972888753e-11,2.378280211656758e-11,2.3782804477739944e-11,0.034005863002549694,0.03400586300473999,-0.04102907124714529,-0.04102907122336249,-4.48388860290994,-4.441843418531045,3.8638634295530507,7.920819013718448e-05,4.093055061098053,7.538591972888753e-11,-0.04102907122336249,0.06396619952990214,4.75,5.12e-10,5.12e-10,2.378280211656758e-11,7.538591972888753e-11
2.0,7.0,1.0,3.0,128.0,10.0,74.0,1.0,0.001953125,1.0,2.841518446685137e-21,1.003466097062534e-20,1.4166623429900937e-10,4.2106193531843417e-11,4.210619502449244e-11,0.03400586300473999,0.03400586300086218,-0.04102907122336249,-0.04102907126546868,-4.483888602983619,-4.441843418389376,3.8638634295530507,7.92081901162954e-05,4.093055061087358,-1.4166623429900937e-10,-0.04102907126546868,0.0639661995059769,4.75,5.12e-10,5.12e-10,4.2106193531843417e-11,-1.4166712247742907e-10
2.0,7.0,1.0,3.0,128.0,10.0,75.0,1.0,0.001953125,1.0,1.003466097062534e-20,3.6172837063102637e-20,2.689715117298874e-10,7.912657334907536e-11,7.912657370703158e-11,0.03400586300086218,0.03400586300814946,-0.04102907126546868,-0.04102907118634211,-4.48388860284516,-4.4418434186583164,3.8638634295530507,7.920819015327842e-05,4.093055061106293,2.689715117298874e-10,-0.04102907118634211,0.06396619955093759,4.75,5.12e-10,5.12e-10,7.912657334907536e-11,2.689723999083071e-10
2.0,7.0,1.0,3.0,128.0,10.0,76.0,1.0,0.001953125,1.0,3.6172837063102637e-20,1.272442170996954e-19,5.044684669996968e-10,1.5023181310080957e-10,1.502318141846974e-10,0.03400586300814946,0.03400586299431368,-0.04102907118634211,-0.04102907133657392,-4.48388860310804,-4.441843418153837,3.8638634295530507,7.920819008377936e-05,4.09305506107071,-5.044684669996968e-10,-0.04102907133657392,0.0639661994655741,4.75,5.12e-10,5.12e-10,1.5023181310080957e-10,-5.044693551781165e-10
2.0,7.0,1.0,3.0,128.0,10.0,77.0,2.0,0.001953125,0.3333333333333333,1.272442170996954e-19,2.2687020023358294e-22,2.1301183039668103e-11,9.392232130922551e-11,2.8176696779051993e-10,0.03400586299431368,0.03400586300296354,-0.04102907133657392,-0.0410290712426516,-4.483888602943693,-4.441843418468849,3.8638634295530507,7.920819021573211e-05,4.09305506113827,-2.1301183039668103e-11,-0.0410290712426516,0.0639661995189419,4.75,5.12e-10,5.12e-10,9.392232130922551e-11,-2.1301183039668103e-11
2.0,7.0,1.0,3.0,128.0,10.0,78.0,1.0,0.001953125,1.0,2.2687020023358294e-22,8.849196914339293e-22,4.206945902751613e-11,1.189751075436618e-11,1.1897511924964111e-11,0.03400586300296354,0.034005863004059264,-0.0410290712426516,-0.04102907123075409,-4.483888602922874,-4.4418434185108895,3.8638634295530507,7.920819013323756e-05,4.093055061096033,4.206945902751613e-11,-0.04102907123075409,0.06396619952570218,4.75,5.12e-10,5.12e-10,1.189751075436618e-11,4.206945902751613e-11
2.0,7.0,1.0,3.0,128.0,10.0,79.0,1.0,0.001953125,1.0,8.849196914339293e-22,3.5893231290868406e-21,8.472689216887375e-11,2.3497558065965762e-11,2.349755568088417e-11,0.034005863004059264,0.03400586300189524,-0.04102907123075409,-0.04102907125425165,-4.48388860296399,-4.441843418426233,3.8638634295530507,7.920819012278765e-05,4.093055061090682,-8.472689216887375e-11,-0.04102907125425165,0.06396619951235058,4.75,5.12e-10,5.12e-10,2.3497558065965762e-11,-8.472689216887375e-11
2.0,7.0,1.0,3.0,128.0,10.0,80.0,1.0,0.001953125,1.0,3.5893231290868406e-21,1.2817771850993174e-20,1.6011103554092188e-10,4.73236103082364e-11,4.732361091635658e-11,0.03400586300189524,0.03400586300625354,-0.04102907125425165,-0.04102907120692804,-4.483888602881183,-4.4418434185863305,3.8638634295530507,7.920819014342621e-05,4.093055061101249,1.6011103554092188e-10,-0.04102907120692804,0.06396619953924046,4.75,5.12e-10,5.12e-10,4.73236103082364e-11,1.6011103554092188e-10
2.0,7.0,1.0,3.0,256.0,15.0,73.0,1.0,0.0009765625,1.0,5.4201970154575335e-24,5.426046024639295e-24,3.2933655802480644e-12,1.808775351719305e-12,1.8087620499391806e-12,0.03683329766495267,0.03683329766480438,-0.229720747293158,-0.22972074729496678,-4.430167344368717,-4.088638725964799,3.454711594999576,0.00017339725489330426,3.810073472175326,-3.2933655802480644e-12,-0.22972074729496678,0.04167605708059393,4.75,1.024e-09,1.024e-09,1.808775351719305e-12,-3.2160940577341535e-12
2.0,7.0,1.0,3.0,256.0,15.0,74.0,1.0,0.0009765625,1.0,5.426046024639295e-24,5.426113866677144e-24,3.2933655802480644e-12,1.8096357745633895e-12,1.809622788534504e-12,0.03683329766480438,0.03683329766495271,-0.22972074729496678,-0.22972074729315714,-4.430167344365898,-4.088638725967958,3.454711594999576,0.0001733972548939249,3.8100734721759615,3.2933655802480644e-12,-0.22972074729315714,0.04167605708105726,4.75,1.024e-09,1.024e-09,1.8096357745633895e-12,3.2160940577341535e-12
2.0,7.0,1.0,3.0,256.0,15.0,75.0,1.0,0.0009765625,1.0,5.426113866677144e-24,5.423120928402735e-24,3.2924774018283642e-12,1.8094692411096958e-12,1.809476813611987e-12,0.03683329766495271,0.03683329766480438,-0.22972074729315714,-0.2297207472949666,-4.430167344368717,-4.088638725964799,3.454711594999576,0.00017339725489330397,3.8100734721753255,-3.2924774018283642e-12,-0.2297207472949666,0.04167605708059392,4.75,1.024e-09,1.024e-09,1.8094692411096958e-12,-3.2160940577341535e-12
2.0,7.0,1.0,3.0,256.0,15.0,76.0,1.0,0.0009765625,1.0,5.423120928402735e-24,5.423120928402735e-24,3.2924774018283642e-12,1.8092471965047707e-12,1.809256473360458e-12,0.03683329766480438,0.03683329766495271,-0.2297207472949666,-0.22972074729315736,-4.430167344365898,-4.088638725967958,3.454711594999576,0.00017339725489392486,3.8100734721759615,3.2924774018283642e-12,-0.22972074729315736,0.04167605708105727,4.75,1.024e-09,1.024e-09,1.8092471965047707e-12,3.2160940577341535e-12
2.0,7.0,1.0,3.0,256.0,15.0,77.0,1.0,0.0009765625,1.0,5.423120928402735e-24,5.423120928402735e-24,3.2924774018283642e-12,1.8092471965047707e-12,1.8092564733613876e-12,0.03683329766495271,0.03683329766480438,-0.22972074729315736,-0.2297207472949666,-4.430167344368717,-4.088638725964799,3.454711594999576,0.00017339725489330408,3.8100734721753255,-3.2924774018283642e-12,-0.2297207472949666,0.04167605708059392,4.75,1.024e-09,1.024e-09,1.8092471965047707e-12,-3.2160940577341535e-12
2.0,7.0,1.0,3.0,256.0,15.0,78.0,1.0,0.0009765625,1.0,5.423120928402735e-24,5.423120928402735e-24,3.2924774018283642e-12,1.8092471965047707e-12,1.809256473360458e-12,0.03683329766480438,0.03683329766495271,-0.2297207472949666,-0.22972074729315736,-4.430167344365898,-4.088638725967958,3.454711594999576,0.00017339725489392486,3.8100734721759615,3.2924774018283642e-12,-0.22972074729315736,0.04167605708105727,4.75,1.024e-09,1.024e-09,1.8092471965047707e-12,3.2160940577341535e-12
2.0,7.0,1.0,3.0,256.0,15.0,79.0,1.0,0.0009765625,1.0,5.423120928402735e-24,5.423120928402735e-24,3.2924774018283642e-12,1.8092471965047707e-12,1.8092564733613876e-12,0.03683329766495271,0.03683329766480438,-0.22972074729315736,-0.2297207472949666,-4.430167344368717,-4.088638725964799,3.454711594999576,0.00017339725489330408,3.8100734721753255,-3.2924774018283642e-12,-0.2297207472949666,0.04167605708059392,4.75,1.024e-09,1.024e-09,1.8092471965047707e-12,-3.2160940577341535e-12
2.0,7.0,1.0,3.0,256.0,15.0,80.0,1.0,0.0009765625,1.0,5.423120928402735e-24,5.423120928402735e-24,3.2924774018283642e-12,1.8092471965047707e-12,1.809256473360458e-12,0.03683329766480438,0.03683329766495271,-0.2297207472949666,-0.22972074729315736,-4.430167344365898,-4.088638725967958,3.454711594999576,0.00017339725489392486,3.8100734721759615,3.2924774018283642e-12,-0.22972074729315736,0.04167605708105727,4.75,1.024e-09,1.024e-09,1.8092471965047707e-12,3.2160940577341535e-12
2.0,7.0,1.0,3.0,512.0,26.0,73.0,1.0,0.00048828125,1.0,2.0963280620634395e-20,9.637178468538975e-20,4.390257046793522e-10,1.0641368342056978e-10,1.0641368379122114e-10,0.030075250532061372,0.030075250522050453,-0.028189114195204756,-0.02818911430161844,-4.558570240081042,-4.489540332626255,4.066440130526073,6.677360219115319e-05,4.354682672571669,-4.390257046793522e-10,-0.02818911430161844,0.0504132684048206,4.75,2.048e-09,2.048e-09,1.0641368342056978e-10,-4.390257046793522e-10
2.0,7.0,1.0,3.0,512.0,26.0,74.0,1.0,0.00048828125,1.0,9.637178468538975e-20,4.519135212323964e-19,9.506981868412367e-10,2.281617984822848e-10,2.2816180017497165e-10,0.030075250522050453,0.030075250543514877,-0.02818911430161844,-0.02818911407345664,-4.558570239673218,-4.489540333576778,4.066440130526073,6.677360230583987e-05,4.354682672806547,9.506981868412367e-10,-0.02818911407345664,0.05041326853629421,4.75,2.048e-09,2.048e-09,2.281617984822848e-10,9.506981868412367e-10
2.0,7.0,1.0,3.0,512.0,26.0,75.0,2.0,0.00048828125,0.3333333333333333,4.519135212323964e-19,1.5520552119375602e-21,5.5714544089369156e-11,1.6469284963571695e-10,4.94078549235509e-10,0.030075250543514877,0.030075250528021336,-0.02818911407345664,-0.02818911423814949,-4.558570239967595,-4.48954033288748,4.066440130526073,6.677360205993993e-05,4.354682672302944,-5.5714544089369156e-11,-0.02818911423814949,0.05041326844139323,4.75,2.048e-09,2.048e-09,1.6469284963571695e-10,-5.5713655910949456e-11
2.0,7.0,1.0,3.0,512.0,26.0,76.0,1.0,0.00048828125,1.0,1.5520552119375602e-21,6.6527544667920686e-21,1.1534950772329466e-10,2.8954852404616815e-11,2.8954851336011408e-11,0.030075250528021336,0.03007525053074523,-0.02818911423814949,-0.02818911420919464,-4.5585702399158405,-4.489540333002924,4.066440130526073,6.67736022374366e-05,4.354682672666457,1.1534950772329466e-10,-0.02818911420919464,0.05041326845807787,4.75,2.048e-09,2.048e-09,2.8954852404616815e-11,1.1534950772329466e-10
2.0,7.0,1.0,3.0,512.0,26.0,77.0,1.0,0.00048828125,1.0,6.6527544667920686e-21,3.0684375900975334e-20,2.4772717210908013e-10,5.994732141245684e-11,5.994732165785463e-11,0.03007525053074523,0.030075250525105676,-0.02818911420919464,-0.02818911426914196,-4.558570240022992,-4.489540332755183,4.066440130526073,6.677360220623069e-05,4.354682672602547,-2.4772717210908013e-10,-0.02818911426914196,0.05041326842353438,4.75,2.048e-09,2.048e-09,5.994732141245684e-11,-2.4772806028749983e-10
2.0,7.0,1.0,3.0,512.0,26.0,78.0,1.0,0.00048828125,1.0,3.0684375900975334e-20,1.4549323120053283e-19,5.394316104911923e-10,1.287442825959051e-10,1.287442827283951e-10,0.030075250525105676,0.03007525053721736,-0.02818911426914196,-0.028189114140397677,-4.5585702397928705,-4.489540333294487,4.066440130526073,6.677360227083855e-05,4.354682672734865,5.394316104911923e-10,-0.028189114140397677,0.05041326849772084,4.75,2.048e-09,2.048e-09,1.287442825959051e-10,5.39432498669612e-10
2.0,7.0,1.0,3.0,512.0,26.0,79.0,1.0,0.00048828125,1.0,1.4549323120053283e-19,6.710857768444542e-19,1.1585212789100297e-09,2.8034345678218386e-10,2.8034345697213896e-10,0.03007525053721736,0.030075250510843945,-0.028189114140397677,-0.028189114420741134,-4.558570240293965,-4.489540332135826,4.066440130526073,6.677360213208519e-05,4.354682672450697,-1.1585212789100297e-09,-0.028189114420741134,0.0504132683361783,4.75,2.048e-09,2.048e-09,2.8034345678218386e-10,-1.1585212789100297e-09
2.0,7.0,1.0,3.0,512.0,26.0,80.0,2.0,0.00048828125,0.3333333333333333,6.710857768444542e-19,1.4657996151821815e-21,5.4144244643339334e-11,2.0069489820029318e-10,6.020846916888651e-10,0.030075250510843945,0.03007525052972438,-0.028189114420741134,-0.028189114220046236,-4.558570239935237,-4.489540332962478,4.066440130526073,6.67736024342236e-05,4.354682673069477,5.4144244643339334e-11,-0.028189114220046236,0.05041326845182478,4.75,2.048e-09,2.048e-09,2.0069489820029318e-10,5.4143356464919634e-11
2.0,7.0,1.0,3.0,1024.0,46.0,73.0,1.0,0.000244140625,1.0,1.860604589052658e-20,6.912039874885453e-20,3.71807473698027e-10,9.29872776000984e-11,9.29872758990174e-11,0.02861395831925888,0.028613958310465305,-0.029155548854186298,-0.029155548947173576,-4.58633479210116,-4.4855721574920535,4.126990394902454,6.780560694730855e-05,4.539350834482461,-3.71807473698027e-10,-0.029155548947173576,0.04584187493139592,4.75,4.096e-09,4.096e-09,9.29872776000984e-11,-3.71807473698027e-10
2.0,7.0,1.0,3.0,1024.0,46.0,74.0,1.0,0.000244140625,1.0,6.912039874885453e-20,2.6368998452792764e-19,7.262093149051907e-10,1.7922589454211213e-10,1.7922589386886908e-10,0.028613958310465305,0.028613958327414292,-0.029155548947173576,-0.02915554876794768,-4.586334791779128,-4.485572158218472,4.126990394902454,6.780560704570039e-05,4.539350834885473,7.262093149051907e-10,-0.02915554876794768,0.04584187498224288,4.75,4.096e-09,4.096e-09,1.7922589454211213e-10,7.262102030836104e-10
2.0,7.0,1.0,3.0,1024.0,46.0,75.0,1.0,0.000244140625,1.0,2.6368998452792764e-19,1.0191417116178558e-18,1.4276846371785723e-09,3.5006170531759473e-10,3.5006170670844883e-10,0.028613958327414292,0.028613958294309717,-0.02915554876794768,-0.029155549118009386,-4.586334792408115,-4.48557215679088,4.126990394902454,6.780560685605761e-05,4.5393508341086966,-1.4276846371785723e-09,-0.029155549118009386,0.04584187488292916,4.75,4.096e-09,4.096e-09,3.5006170531759473e-10,-1.4276846371785723e-09
2.0,7.0,1.0,3.0,1024.0,46.0,76.0,1.0,0.000244140625,1.0,1.0191417116178558e-18,3.934034327427556e-18,2.805007781603308e-09,6.882004098540673e-10,6.882004081974813e-10,0.028613958294309717,0.02861395835939127,-0.029155549118009386,-0.029155548429808976,-4.5863347911715655,-4.485572159595574,4.126990394902454,6.780560722646543e-05,4.539350835625887,2.805007781603308e-09,-0.029155548429808976,0.04584187507817381,4.75,4.096e-09,4.096e-09,6.882004098540673e-10,2.805007781603308e-09
2.0,7.0,1.0,3.0,1024.0,46.0,77.0,2.0,0.000244140625,0.3333333333333333,3.934034327427556e-18,7.769340872182609e-22,3.941913462313096e-11,4.5070819645887106e-10,1.352124588863641e-09,0.02861395835939127,0.028613958316768818,-0.029155548429808976,-0.029155548880517173,-4.586334791981392,-4.485572157764868,4.126990394902454,6.780560649826577e-05,4.539350832643182,3.941913462313096e-11,-0.029155548880517173,0.045841874950306456,4.75,4.096e-09,4.096e-09,4.5070819645887106e-10,3.941913462313096e-11
2.0,7.0,1.0,3.0,1024.0,46.0,78.0,1.0,0.000244140625,1.0,7.769340872182609e-22,3.2644841660272545e-21,8.080203173221889e-11,1.900158155820897e-11,1.9001580492945507e-11,0.028613958316768818,0.02861395831497188,-0.029155548880517173,-0.029155548899518755,-4.586334792015534,-4.4855721576842456,4.126990394902454,6.780560697516981e-05,4.53935083459658,-8.080203173221889e-11,-0.029155548899518755,0.04584187494491565,4.75,4.096e-09,4.096e-09,1.900158155820897e-11,-8.080203173221889e-11
2.0,7.0,1.0,3.0,1024.0,46.0,79.0,1.0,0.000244140625,1.0,3.2644841660272545e-21,1.1789901766550813e-20,1.5355716698195465e-10,3.8949770492235913e-11,3.894977209853302e-11,0.02861395831497188,0.02861395831865527,-0.029155548899518755,-0.029155548860568984,-4.58633479194555,-4.4855721578381615,4.126990394902454,6.780560699527578e-05,4.539350834678935,1.5355716698195465e-10,-0.029155548860568984,0.045841874955965825,4.75,4.096e-09,4.096e-09,3.8949770492235913e-11,1.5355716698195465e-10
2.0,7.0,1.0,3.0,1024.0,46.0,80.0,1.0,0.000244140625,1.0,1.1789901766550813e-20,4.329282555510115e-20,2.942543986250712e-10,7.402074786444501e-11,7.402074829600653e-11,0.02861395831865527,0.02861395831165531,-0.029155548860568984,-0.029155548934589732,-4.586334792078549,-4.485572157543358,4.126990394902454,6.780560695406221e-05,4.539350834510124,-2.942543986250712e-10,-0.029155548934589732,0.04584187493496594,4.75,4.096e-09,4.096e-09,7.402074786444501e-11,-2.942543986250712e-10
2.0,7.0,1.0,3.0,2048.0,85.0,73.0,1.0,0.0001220703125,1.0,8.169729890977393e-24,7.314437825636362e-24,3.816502669451438e-12,1.4846734952556062e-12,1.4846717541354798e-12,0.026595338114998996,0.026595338115137125,-0.1065004432695298,-0.10650044326804513,-4.624688575812394,-4.278700488334635,4.011844045541074,0.00012224383293265694,5.126564721200951,3.816502669451438e-12,-0.10650044326804513,0.02969622524255676,4.75,8.192e-09,8.192e-09,1.4846734952556062e-12,4.068745340646274e-12
2.0,7.0,1.0,3.0,2048.0,85.0,74.0,1.0,0.0001220703125,1.0,7.314437825636362e-24,7.639292324128186e-24,3.89999144090325e-12,1.4020729022234946e-12,1.4020698161194526e-12,0.026595338115137125,0.02659533811500697,-0.10650044326804513,-0.1065004432694472,-4.624688575814868,-4.27870048833115,4.011844045541074,0.0001222438329318818,5.126564721194601,-3.89999144090325e-12,-0.1065004432694472,0.02969622524216109,4.75,8.192e-09,8.192e-09,1.4020729022234946e-12,-4.162892253134487e-12
2.0,7.0,1.0,3.0,2048.0,85.0,75.0,1.0,0.0001220703125,1.0,7.639292324128186e-24,7.51417859012968e-24,3.868017017794045e-12,1.433825280727774e-12,1.4338202014995005e-12,0.02659533811500697,0.026595338115140168,-0.1065004432694472,-0.10650044326801338,-4.624688575812336,-4.278700488334635,4.011844045541074,0.00012224383293261385,5.126564721200598,3.868017017794045e-12,-0.10650044326801338,0.029696225242566113,4.75,8.192e-09,8.192e-09,1.433825280727774e-12,4.126476937926782e-12
2.0,7.0,1.0,3.0,2048.0,85.0,76.0,1.0,0.0001220703125,1.0,7.51417859012968e-24,7.559599623330496e-24,3.879563337250147e-12,1.4217654831227833e-12,1.4217591118795843e-12,0.026595338115140168,0.02659533811500816,-0.10650044326801338,-0.10650044326943514,-4.6246885758148455,-4.27870048833115,4.011844045541074,0.00012224383293186523,5.126564721194465,-3.879563337250147e-12,-0.10650044326943514,0.029696225242164618,4.75,8.192e-09,8.192e-09,1.4217654831227833e-12,-4.140687792641984e-12
2.0,7.0,1.0,3.0,2048.0,85.0,77.0,1.0,0.0001220703125,1.0,7.559599623330496e-24,7.54214883681565e-24,3.875122445151646e-12,1.4263173975237464e-12,1.426320746883416e-12,0.02659533811500816,0.02659533811514064,-0.10650044326943514,-0.10650044326800882,-4.624688575812328,-4.278700488334635,4.011844045541074,0.00012224383293260753,5.126564721200546,3.875122445151646e-12,-0.10650044326800882,0.029696225242567455,4.75,8.192e-09,8.192e-09,1.4263173975237464e-12,4.134470543704083e-12
2.0,7.0,1.0,3.0,2048.0,85.0,78.0,1.0,0.0001220703125,1.0,7.54214883681565e-24,7.548802878551189e-24,3.876898801991047e-12,1.4245410406843462e-12,1.4245433568822754e-12,0.02659533811514064,0.02659533811500838,-0.10650044326800882,-0.10650044326943336,-4.624688575814841,-4.27870048833115,4.011844045541074,0.00012224383293186285,5.126564721194446,-3.876898801991047e-12,-0.10650044326943336,0.02969622524216519,4.75,8.192e-09,8.192e-09,1.4245410406843462e-12,-4.136246900543483e-12
2.0,7.0,1.0,3.0,2048.0,85.0,79.0,1.0,0.0001220703125,1.0,7.548802878551189e-24,7.545360289560804e-24,3.8760106235713465e-12,1.425082274408851e-12,1.4250821056542868e-12,0.02659533811500838,0.026595338115140702,-0.10650044326943336,-0.10650044326800828,-4.624688575812327,-4.278700488334635,4.011844045541074,0.0001222438329326066,5.1265647212005385,3.8760106235713465e-12,-0.10650044326800828,0.029696225242567643,4.75,8.192e-09,8.192e-09,1.425082274408851e-12,4.136246900543483e-12
2.0,7.0,1.0,3.0,2048.0,85.0,80.0,1.0,0.0001220703125,1.0,7.545360289560804e-24,7.548802878551189e-24,3.876898801991047e-12,1.4247908408648868e-12,1.4247953750258226e-12,0.026595338115140702,0.026595338115008364,-0.10650044326800828,-0.10650044326943307,-4.624688575814841,-4.27870048833115,4.011844045541074,0.00012224383293186255,5.126564721194443,-3.876898801991047e-12,-0.10650044326943307,0.029696225242165235,4.75,8.192e-09,8.192e-09,1.4247908408648868e-12,-4.136246900543483e-12
2.0,7.0,1.0,3.0,4096.0,165.0,73.0,4.0,6.103515625e-05,0.037037037037037035,0.000628909060685694,0.000476701415015192,0.030852252172127947,0.0005092849875932854,0.013750694665018685,0.02155191413544611,0.021602890415740563,-0.013006896600415572,-0.012497611612822286,-4.719545082100929,-4.569326078232227,4.302852504321355,4.696462485404805e-05,5.2958946657694,-0.030852252172127947,-0.012497611612822286,0.029617342501117163,4.75,1.6384e-08,1.6384e-08,0.0005092849875932854,-0.032093769803000605
2.0,7.0,1.0,3.0,4096.0,165.0,74.0,6.0,6.103515625e-05,0.004115226337448559,0.000476701415015192,0.0004628951745308206,0.03040167171641528,4.962964333588005e-05,0.012060003330618746,0.021602890415740563,0.021607867911880508,-0.012497611612822286,-0.012447981969486406,-4.719450509674271,-4.569649728590861,4.302852504321355,4.611882522915069e-05,5.282037084715082,-0.03040167171641528,-0.012447981969486406,0.02964720747811274,4.75,1.6384e-08,1.6384e-08,4.962964333588005e-05,-0.031638080225217635
2.0,7.0,1.0,3.0,4096.0,165.0,75.0,6.0,6.103515625e-05,0.004115226337448559,0.0004628951745308206,0.0004494607792337699,0.029956725598839995,4.8942412670237995e-05,0.011893006278867684,0.021607867911880508,0.02161277756092513,-0.012447981969486406,-0.012399039556816168,-4.719357226342423,-4.569969597989981,4.302852504321355,4.603540554298179e-05,5.2806703365768906,-0.029956725598839995,-0.012399039556816168,0.02967666537253325,4.75,1.6384e-08,1.6384e-08,4.8942412670237995e-05,-0.031188046010711012
2.0,7.0,1.0,3.0,4096.0,165.0,76.0,8.0,6.103515625e-05,0.0004572473708276177,0.0004494607792337699,0.0004479997648974677,0.029907938179100313,5.362561232733973e-06,0.011727921415987353,0.02161277756092513,0.021613315624868113,-0.012399039556816168,-0.012393676995583434,-4.719347003127506,-4.570004688172778,4.302852504321355,4.595296327273409e-05,5.279319602421152,-0.029907938179100313,-0.012393676995583434,0.029679893756207786,4.75,1.6384e-08,1.6384e-08,5.362561232733973e-06,-0.03113869557338056
2.0,7.0,1.0,3.0,4096.0,165.0,77.0,8.0,6.103515625e-05,0.0004572473708276177,0.0004479997648974677,0.0004465431652105973,0.029859218872520188,5.354279374474025e-06,0.011709808991974262,0.021613315624868113,0.021613852871093645,-0.012393676995583434,-0.01238832271620896,-4.7193367954492205,-4.570039732550185,4.302852504321355,4.5943919398933244e-05,5.279171427592799,-0.029859218872520188,-0.01238832271620896,0.029683117233577562,4.75,1.6384e-08,1.6384e-08,5.354279374474025e-06,-0.0310894135066464
2.0,7.0,1.0,3.0,4096.0,165.0,78.0,9.0,6.103515625e-05,0.00015241579027587258,0.0004465431652105973,0.0004460588616140397,0.02984300262664874,1.7820027047917714e-06,0.01169171974613962,0.021613852871093645,0.021614031680943613,-0.01238832271620896,-0.012386540713504169,-4.719333398062071,-4.5700513978235335,4.302852504321355,4.593488736427429e-05,5.279023446736947,-0.02984300262664874,-0.012386540713504169,0.0296841900926829,4.75,1.6384e-08,1.6384e-08,1.7820027047917714e-06,-0.031073009759831294
2.0,7.0,1.0,3.0,4096.0,165.0,79.0,11.0,6.103515625e-05,1.693508780843029e-05,0.0004460588616140397,0.00044600509251438935,0.02984120169861093,1.9789832594874213e-07,0.011685698248983667,0.021614031680943613,0.02161405153863604,-0.012386540713504169,-0.01238634281517822,-4.719333020765916,-4.57005269335774,4.302852504321355,4.5931880865059115e-05,5.278974188253805,-0.02984120169861093,-0.01238634281517822,0.029684309238838077,4.75,1.6384e-08,1.6384e-08,1.9789832594874213e-07,-0.031071188001531524
2.0,7.0,1.0,3.0,4096.0,165.0,80.0,11.0,6.103515625e-05,1.693508780843029e-05,0.00044600509251438935,0.0004459513298138853,0.029839400876303657,1.9788700069897636e-07,0.011685029504232952,0.02161405153863604,0.02161407139521024,-0.01238634281517822,-0.012386144928177521,-4.719332643491005,-4.570053988818023,4.302852504321355,4.5931546967093476e-05,5.278968717669537,-0.029839400876303657,-0.012386144928177521,0.0296844283782839,4.75,1.6384e-08,1.6384e-08,1.9788700069897636e-07,-0.03106936634931312
