geometry,bottom_mode,profile,history,steps,step,iteration,backtrack,dt,factor,old_norm,new_norm,Fmax,head_change,delta_max,old_top,new_top,old_bottom,new_bottom,qtop,qbot,Kbottom_frozen,Cbottom,jacdiag,bottom_residual,hmin,hmax,Kface,cp_tol,total_tol,head_metric,residual_sum
2.0,7.0,2.0,1.0,2.0,2.0,73.0,1.0,0.125,1.0,1.2958776274451537e-12,9.430563209839621e-13,1.3733581623043278e-06,1.0771166177314662e-06,1.0771166177391795e-06,0.05418111343086956,0.05418102877763268,-0.22538489354459845,-0.22538597066121618,-4.100560453224979,-4.094135168976701,3.1417985002580897,0.0001719017879950695,3.3229704292434805,-1.3733581623043278e-06,-0.22538597066121618,0.08320472736714547,4.75,8e-12,8e-12,1.0771166177314662e-06,-1.3733580859209837e-06
2.0,7.0,2.0,1.0,2.0,2.0,74.0,1.0,0.125,1.0,9.430563209839621e-13,6.86295194916631e-13,1.1715760281916232e-06,9.188604195020655e-07,9.188604194894809e-07,0.05418102877763268,0.05418110099312676,-0.22538597066121618,-0.22538505180079668,-4.100559081130592,-4.09413634055273,3.1417985002580897,0.00017190216144459045,3.3229704322310765,1.1715760281916232e-06,-0.22538505180079668,0.08320495717669299,4.75,8e-12,8e-12,9.188604195020655e-07,1.1715759615782417e-06
2.0,7.0,2.0,1.0,2.0,2.0,75.0,1.0,0.125,1.0,6.86295194916631e-13,4.994406726362093e-13,9.994405161251052e-07,7.838558587491828e-07,7.838558587518901e-07,0.05418110099312676,0.05418103938797226,-0.22538505180079668,-0.22538583565665543,-4.100560251628527,-4.094135341112214,3.1417985002580897,0.00017190184286449244,3.3229704296824356,-9.994405161251052e-07,-0.22538583565665543,0.08320476113216177,4.75,8e-12,8e-12,7.838558587491828e-07,-9.994404592816863e-07
2.0,7.0,2.0,1.0,2.0,2.0,76.0,1.0,0.125,1.0,4.994406726362093e-13,3.634598477089652e-13,8.525958570260173e-07,6.68686695542986e-07,6.686866955326832e-07,0.05418103938797226,0.05418109194169975,-0.22538583565665543,-0.2253851669699599,-4.100559253107705,-4.0941361937080725,3.1417985002580897,0.00017190211463690948,3.322970431856615,8.525958570260173e-07,-0.2253851669699599,0.08320492837256489,4.75,8e-12,8e-12,6.68686695542986e-07,8.525958081762042e-07
2.0,7.0,2.0,1.0,2.0,2.0,77.0,1.0,0.125,1.0,3.634598477089652e-13,2.64502532113565e-13,7.273273432417682e-07,5.704386583094134e-07,5.704386583145579e-07,0.05418109194169975,0.05418104710952651,-0.2253851669699599,-0.2253857374086182,-4.100560104918996,-4.09413546638073,3.1417985002580897,0.00017190188279508288,3.3229704300018805,-7.273273432417682e-07,-0.2253857374086182,0.08320478570426927,4.75,8e-12,8e-12,5.704386583094134e-07,-7.27327300609204e-07
2.0,7.0,2.0,1.0,2.0,2.0,78.0,1.0,0.125,1.0,2.64502532113565e-13,1.9248785939941907e-13,6.204641156415391e-07,4.866263771108326e-07,4.866263771106827e-07,0.05418104710952651,0.05418108535468699,-0.2253857374086182,-0.2253852507822411,-4.100559378260947,-4.094136086844846,3.1417985002580897,0.00017190208057314127,3.322970431584105,6.204641156415391e-07,-0.2253852507822411,0.08320490741088006,4.75,8e-12,8e-12,4.866263771108326e-07,6.204640801144023e-07
2.0,7.0,2.0,1.0,2.0,2.0,79.0,1.0,0.125,1.0,1.9248785939941907e-13,1.4008006173207792e-13,5.293015430396508e-07,4.1512835688428673e-07,4.1512835689492716e-07,0.05418108535468699,0.05418105272873122,-0.2253852507822411,-0.22538566591059797,-4.1005599981541065,-4.094135557543302,3.1417985002580897,0.00017190191185384278,3.3229704302343506,-5.293015430396508e-07,-0.22538566591059797,0.08320480358612303,4.75,8e-12,8e-12,4.1512835688428673e-07,-5.293015146179414e-07
2.0,7.0,2.0,1.0,2.0,2.0,80.0,1.0,0.125,1.0,1.4008006173207792e-13,1.0194118279984534e-13,4.515333493770868e-07,3.541350331315307e-07,3.541350331390297e-07,0.05418105272873122,0.05418108056107212,-0.22538566591059797,-0.22538531177556484,-4.10055946933963,-4.094136009076652,3.1417985002580897,0.00017190205578391835,3.3229704313857913,4.515333493770868e-07,-0.22538531177556484,0.08320489215628024,4.75,8e-12,8e-12,3.541350331315307e-07,4.5153332450809103e-07
2.0,7.0,2.0,1.0,4.0,2.0,73.0,1.0,0.0625,1.0,2.6583888395742407e-14,1.8348017964701998e-14,1.9156209418724757e-07,1.552454022279992e-07,1.5524540223771084e-07,0.05465872698747628,0.0546587148746723,-0.23847119153081228,-0.2384713467762145,-4.091484417381226,-4.077723722564061,3.1155756891308886,0.0001763690298026336,3.2950260918474084,-1.9156209418724757e-07,-0.2384713467762145,0.08297145703142296,4.75,1.6e-11,1.6e-11,1.552454022279992e-07,-1.915620817527497e-07
2.0,7.0,2.0,1.0,4.0,2.0,74.0,1.0,0.0625,1.0,1.8348017964701998e-14,1.2663644007415946e-14,1.591454932281522e-07,1.2897456513893957e-07,1.2897456512644882e-07,0.0546587148746723,0.05465872493773117,-0.2384713467762145,-0.23847121780164937,-4.091484226183108,-4.077723881709555,3.1155756891308886,0.00017636908199238462,3.2950260926824444,1.591454932281522e-07,-0.23847121780164937,0.08297148913677936,4.75,1.6e-11,1.6e-11,1.2897456513893957e-07,1.5914548257001115e-07
2.0,7.0,2.0,1.0,4.0,2.0,75.0,1.0,0.0625,1.0,1.2663644007415946e-14,8.74038171864735e-15,1.3221483818881552e-07,1.0714917739185204e-07,1.0714917740160164e-07,0.05465872493773117,0.054658716577567476,-0.23847121780164937,-0.23847132495082676,-4.091484385026218,-4.077723749494716,3.1155756891308886,0.00017636903863425517,3.295026091988714,-1.3221483818881552e-07,-0.23847132495082676,0.08297146246436896,4.75,1.6e-11,1.6e-11,1.0714917739185204e-07,-1.3221483108338816e-07
2.0,7.0,2.0,1.0,4.0,2.0,76.0,1.0,0.0625,1.0,8.74038171864735e-15,6.0326489141760104e-15,1.0984214959819383e-07,8.901735709665459e-08,8.901735709727519e-08,0.054658716577567476,0.05465872352302149,-0.23847132495082676,-0.23847123593346967,-4.091484253062592,-4.077723859336864,3.1155756891308886,0.00017636907465521802,3.2950260925650494,1.0984214959819383e-07,-0.23847123593346967,0.08297148462326513,4.75,1.6e-11,1.6e-11,8.901735709665459e-08,1.0984214338094489e-07
2.0,7.0,2.0,1.0,4.0,2.0,77.0,1.0,0.0625,1.0,6.0326489141760104e-15,4.1637016071949454e-15,9.125460653791606e-08,7.395431519952034e-08,7.395431518791755e-08,0.05465872352302149,0.05465871775284011,-0.23847123593346967,-0.23847130988778487,-4.091484362696038,-4.077723768082257,3.1155756891308886,0.00017636904472973538,3.2950260920862418,-9.125460653791606e-08,-0.23847130988778487,0.08297146621397912,4.75,1.6e-11,1.6e-11,7.395431519952034e-08,-9.125460032066712e-08
2.0,7.0,2.0,1.0,4.0,2.0,78.0,1.0,0.0625,1.0,4.1637016071949454e-15,2.8737274002964105e-15,7.581197003503348e-08,6.143972924865793e-08,6.143972925893855e-08,0.05465871775284011,0.054658722546588476,-0.23847130988778487,-0.23847124844805562,-4.091484271614819,-4.077723843894229,3.1155756891308886,0.00017636906959138808,3.2950260924840284,7.581197003503348e-08,-0.23847124844805562,0.08297148150803643,4.75,1.6e-11,1.6e-11,6.143972924865793e-08,7.58119664823198e-08
2.0,7.0,2.0,1.0,4.0,2.0,79.0,1.0,0.0625,1.0,2.8737274002964105e-15,1.983451585920705e-15,6.29833563081661e-08,5.104254061083502e-08,5.1042540619768947e-08,0.054658722546588476,0.054658718564066074,-0.23847124844805562,-0.23847129949059623,-4.091484347282744,-4.077723780910873,3.1155756891308886,0.0001763690489368369,3.2950260921535555,-6.29833563081661e-08,-0.23847129949059623,0.08297146880212838,4.75,1.6e-11,1.6e-11,5.104254061083502e-08,-6.298335364363083e-08
2.0,7.0,2.0,1.0,4.0,2.0,80.0,1.0,0.0625,1.0,1.983451585920705e-15,1.3689857336470966e-15,5.232562916290817e-08,4.2405315786586684e-08,4.2405315775711925e-08,0.054658718564066074,0.05465872187268117,-0.23847129949059623,-0.23847125708528044,-4.091484284419058,-4.077723833236502,3.1155756891308886,0.00017636906609610486,3.295026092428104,5.232562916290817e-08,-0.23847125708528044,0.08297147935799107,4.75,1.6e-11,1.6e-11,4.2405315786586684e-08,5.232562649837291e-08
2.0,7.0,2.0,1.0,8.0,2.0,73.0,1.0,0.03125,1.0,1.479720348165681e-17,9.238063404696138e-18,4.298386535595e-09,3.705208528881343e-09,3.7052085543063195e-09,0.05541398657456245,0.0554139862894956,-0.26510744781800344,-0.26510745152321197,-4.077134260499584,-4.0458655405412305,3.065206983705986,0.00018506466612775032,3.242256128447512,-4.298386535595e-09,-0.26510745152321197,0.08212112537971417,4.75,3.2e-11,3.2e-11,3.705208528881343e-09,-4.298384759238161e-09
2.0,7.0,2.0,1.0,8.0,2.0,74.0,1.0,0.03125,1.0,9.238063404696138e-18,5.767442369202681e-18,3.396304570912889e-09,2.927609876746118e-09,2.927609854268155e-09,0.0554139862894956,0.05541398651473647,-0.26510745152321197,-0.2651074485956021,-4.077134256220007,-4.045865543937535,3.065206983705986,0.00018506466730325,3.242256128485128,3.396304570912889e-09,-0.2651074485956021,0.08212112610174833,4.75,3.2e-11,3.2e-11,2.927609876746118e-09,3.396304570912889e-09
2.0,7.0,2.0,1.0,8.0,2.0,75.0,1.0,0.03125,1.0,5.767442369202681e-18,3.600880722548211e-18,2.6836097788418556e-09,2.3132067927811306e-09,2.313206766226336e-09,0.05541398651473647,0.05541398633676576,-0.2651074485956021,-0.2651074509088089,-4.077134259601451,-4.045865541253926,3.065206983705986,0.00018506466637444814,3.2422561284554066,-2.6836097788418556e-09,-0.2651074509088089,0.0821211255312438,4.75,3.2e-11,3.2e-11,2.3132067927811306e-09,-2.6836106670202753e-09
2.0,7.0,2.0,1.0,8.0,2.0,76.0,1.0,0.03125,1.0,3.600880722548211e-18,2.248369828727534e-18,2.1205517342082203e-09,1.8277942492872512e-09,1.8277942346874704e-09,0.05541398633676576,0.055413986477390396,-0.2651074509088089,-0.26510744908101463,-4.0771342569295825,-4.045865543374477,3.065206983705986,0.0001850646671083269,3.2422561284788904,2.1205517342082203e-09,-0.26510744908101463,0.08212112598203142,4.75,3.2e-11,3.2e-11,1.8277942492872512e-09,2.1205517342082203e-09
2.0,7.0,2.0,1.0,8.0,2.0,77.0,1.0,0.03125,1.0,2.248369828727534e-18,1.4043105007330057e-18,1.6758940901695496e-09,1.4442979034967607e-09,1.4442979195712778e-09,0.055413986477390396,0.05541398636627077,-0.26510744908101463,-0.26510745052531254,-4.0771342590408555,-4.045865541698585,3.065206983705986,0.00018506466652844819,3.242256128460334,-1.6758940901695496e-09,-0.26510745052531254,0.08212112562582533,4.75,3.2e-11,3.2e-11,1.4442979034967607e-09,-1.67589320199113e-09
2.0,7.0,2.0,1.0,8.0,2.0,78.0,1.0,0.03125,1.0,1.4043105007330057e-18,8.77184915250938e-19,1.3245262664440816e-09,1.1414433842560356e-09,1.141443373775548e-09,0.05541398636627077,0.05541398645408972,-0.26510745052531254,-0.26510744938386915,-4.077134257372295,-4.045865543023109,3.065206983705986,0.00018506466698666038,3.242256128474997,1.3245262664440816e-09,-0.26510744938386915,0.08212112590733855,4.75,3.2e-11,3.2e-11,1.1414433842560356e-09,1.3245262664440816e-09
2.0,7.0,2.0,1.0,8.0,2.0,79.0,1.0,0.03125,1.0,8.77184915250938e-19,5.480578165784934e-19,1.0469554112546575e-09,9.021284830268428e-10,9.021284606714303e-10,0.05541398645408972,0.055413986384682846,-0.26510744938386915,-0.26510745028599764,-4.077134258691026,-4.045865541976155,3.065206983705986,0.00018506466662453062,3.242256128463409,-1.0469554112546575e-09,-0.26510745028599764,0.08212112568484735,4.75,3.2e-11,3.2e-11,9.021284830268428e-10,-1.0469554112546575e-09
2.0,7.0,2.0,1.0,8.0,2.0,80.0,1.0,0.03125,1.0,5.480578165784934e-19,3.4246546463421333e-19,8.276055396549964e-10,7.130762647022948e-10,7.130762665682135e-10,0.055413986384682846,0.05541398643954465,-0.26510745028599764,-0.26510744957292137,-4.077134257648652,-4.045865542803759,3.065206983705986,0.00018506466691073633,3.2422561284725675,8.276055396549964e-10,-0.26510744957292137,0.08212112586071274,4.75,3.2e-11,3.2e-11,7.130762647022948e-10,8.276046514765767e-10
2.0,7.0,2.0,1.0,16.0,2.0,73.0,1.0,0.015625,1.0,1.2520243789785223e-20,6.5279961951937855e-21,1.1426282142679156e-10,1.099317858965776e-10,1.099317753206118e-10,0.05616439819722547,0.05616439820546485,-0.32089365518693275,-0.32089365507700096,-4.062876434096168,-3.9847316900211287,2.9721776623584706,0.00020184150819157757,3.1477249680804364,1.1426282142679156e-10,-0.32089365507700096,0.07876207070142513,4.75,6.4e-11,6.4e-11,1.099317858965776e-10,1.1426815049730976e-10
2.0,7.0,2.0,1.0,16.0,2.0,74.0,1.0,0.015625,1.0,6.5279961951937855e-21,3.4267793149925604e-21,8.278622232182897e-11,7.93797250153716e-11,7.937974321265241e-11,0.05616439820546485,0.056164398199515304,-0.32089365507700096,-0.3208936551563807,-4.062876434209209,-3.9847316899383465,2.9721776623584706,0.00020184150816016384,3.1477249680784256,-8.278622232182897e-11,-0.3208936551563807,0.07876207068219271,4.75,6.4e-11,6.4e-11,7.93797250153716e-11,-8.279155139234717e-11
2.0,7.0,2.0,1.0,16.0,2.0,75.0,1.0,0.015625,1.0,3.4267793149925604e-21,1.801892619475552e-21,6.003153529832161e-11,5.751299436695945e-11,5.7512972281483475e-11,0.056164398199515304,0.056164398203825974,-0.3208936551563807,-0.3208936550988677,-4.062876434127307,-3.9847316899983745,2.9721776623584706,0.00020184150818284712,3.1477249680798773,6.003153529832161e-11,-0.3208936550988677,0.07876207069612734,4.75,6.4e-11,6.4e-11,5.751299436695945e-11,6.003419983358071e-11
2.0,7.0,2.0,1.0,16.0,2.0,76.0,1.0,0.015625,1.0,1.801892619475552e-21,9.485743175473647e-22,4.355626970209414e-11,4.1704639741624305e-11,4.170462050196687e-11,0.056164398203825974,0.056164398200700204,-0.3208936550988677,-0.32089365514057233,-4.062876434186696,-3.9847316899548195,2.9721776623584706,0.00020184150816641235,3.1477249680788257,-4.355626970209414e-11,-0.32089365514057233,0.07876207068602296,4.75,6.4e-11,6.4e-11,4.1704639741624305e-11,-4.355626970209414e-11
2.0,7.0,2.0,1.0,16.0,2.0,77.0,1.0,0.015625,1.0,9.485743175473647e-22,5.1787741620743535e-22,3.218314503783404e-11,3.025862893579756e-11,3.025864429615113e-11,0.056164398200700204,0.05616439820296803,-0.32089365514057233,-0.3208936551103137,-4.062876434143607,-3.9847316899869965,2.9721776623584706,0.0002018415081783298,3.1477249680795882,3.218314503783404e-11,-0.3208936551103137,0.07876207069335407,4.75,6.4e-11,6.4e-11,3.025862893579756e-11,3.218492139467344e-11
2.0,7.0,2.0,1.0,16.0,2.0,78.0,1.0,0.015625,1.0,5.1787741620743535e-22,2.7506888170701074e-22,2.3455015707440907e-11,2.235839291486741e-11,2.2358379390893225e-11,0.05616439820296803,0.05616439820129227,-0.3208936551103137,-0.3208936551326721,-4.062876434175447,-3.984731689963544,2.9721776623584706,0.00020184150816968317,3.147724968079035,-2.3455015707440907e-11,-0.3208936551326721,0.07876207068793697,4.75,6.4e-11,6.4e-11,2.235839291486741e-11,-2.3455015707440907e-11
2.0,7.0,2.0,1.0,16.0,2.0,79.0,1.0,0.015625,1.0,2.7506888170701074e-22,1.4388465448772816e-22,1.6963763727062542e-11,1.629424373206234e-11,1.6294230259278256e-11,0.05616439820129227,0.056164398202513496,-0.3208936551326721,-0.32089365511637785,-4.062876434152244,-3.984731689980505,2.9721776623584706,0.0002018415081760722,3.147724968079444,1.6963763727062542e-11,-0.32089365511637785,0.07876207069188465,4.75,6.4e-11,6.4e-11,1.629424373206234e-11,1.695754647812464e-11
2.0,7.0,2.0,1.0,16.0,2.0,80.0,1.0,0.015625,1.0,1.4388465448772816e-22,7.810561757488538e-23,1.2498446722020162e-11,1.1782574915741861e-11,1.1782550311526318e-11,0.056164398202513496,0.05616439820163058,-0.32089365511637785,-0.3208936551281604,-4.062876434169019,-3.9847316899680107,2.9721776623584706,0.00020184150817141602,3.147724968079146,-1.2498446722020162e-11,-0.3208936551281604,0.07876207068903045,4.75,6.4e-11,6.4e-11,1.1782574915741861e-11,-1.2489564937823161e-11
2.0,7.0,2.0,1.0,32.0,3.0,73.0,1.0,0.0078125,1.0,1.4081413677227942e-23,1.4081413677227942e-23,5.306866057708248e-12,3.002129794760222e-12,3.002129234195891e-12,0.03382266531215727,0.03382266531243516,-0.031213295062125463,-0.031213295059123333,-4.487369359063732,-4.477360979196174,3.867164432366947,6.994252669619374e-05,4.091886436142051,5.306866057708248e-12,-0.031213295059123333,0.06759852373539109,4.75,1.28e-10,1.28e-10,3.002129794760222e-12,5.306866057708248e-12
2.0,7.0,2.0,1.0,32.0,3.0,74.0,1.0,0.0078125,1.0,1.4081413677227942e-23,1.4081413677227942e-23,5.306866057708248e-12,3.002129794760222e-12,3.0021292341965575e-12,0.03382266531243516,0.03382266531215727,-0.031213295059123333,-0.031213295062125463,-4.487369359069012,-4.477360979190855,3.867164432366947,6.994252669313304e-05,4.0918864361416585,-5.306866057708248e-12,-0.031213295062125463,0.06759852373368215,4.75,1.28e-10,1.28e-10,3.002129794760222e-12,-5.306866057708248e-12
2.0,7.0,2.0,1.0,32.0,3.0,75.0,1.0,0.0078125,1.0,1.4081413677227942e-23,1.4081413677227942e-23,5.306866057708248e-12,3.002129794760222e-12,3.002129234195891e-12,0.03382266531215727,0.03382266531243516,-0.031213295062125463,-0.031213295059123333,-4.487369359063732,-4.477360979196174,3.867164432366947,6.994252669619374e-05,4.091886436142051,5.306866057708248e-12,-0.031213295059123333,0.06759852373539109,4.75,1.28e-10,1.28e-10,3.002129794760222e-12,5.306866057708248e-12
2.0,7.0,2.0,1.0,32.0,3.0,76.0,1.0,0.0078125,1.0,1.4081413677227942e-23,1.4081413677227942e-23,5.306866057708248e-12,3.002129794760222e-12,3.0021292341965575e-12,0.03382266531243516,0.03382266531215727,-0.031213295059123333,-0.031213295062125463,-4.487369359069012,-4.477360979190855,3.867164432366947,6.994252669313304e-05,4.0918864361416585,-5.306866057708248e-12,-0.031213295062125463,0.06759852373368215,4.75,1.28e-10,1.28e-10,3.002129794760222e-12,-5.306866057708248e-12
2.0,7.0,2.0,1.0,32.0,3.0,77.0,1.0,0.0078125,1.0,1.4081413677227942e-23,1.4081413677227942e-23,5.306866057708248e-12,3.002129794760222e-12,3.002129234195891e-12,0.03382266531215727,0.03382266531243516,-0.031213295062125463,-0.031213295059123333,-4.487369359063732,-4.477360979196174,3.867164432366947,6.994252669619374e-05,4.091886436142051,5.306866057708248e-12,-0.031213295059123333,0.06759852373539109,4.75,1.28e-10,1.28e-10,3.002129794760222e-12,5.306866057708248e-12
2.0,7.0,2.0,1.0,32.0,3.0,78.0,1.0,0.0078125,1.0,1.4081413677227942e-23,1.4081413677227942e-23,5.306866057708248e-12,3.002129794760222e-12,3.0021292341965575e-12,0.03382266531243516,0.03382266531215727,-0.031213295059123333,-0.031213295062125463,-4.487369359069012,-4.477360979190855,3.867164432366947,6.994252669313304e-05,4.0918864361416585,-5.306866057708248e-12,-0.031213295062125463,0.06759852373368215,4.75,1.28e-10,1.28e-10,3.002129794760222e-12,-5.306866057708248e-12
2.0,7.0,2.0,1.0,32.0,3.0,79.0,1.0,0.0078125,1.0,1.4081413677227942e-23,1.4081413677227942e-23,5.306866057708248e-12,3.002129794760222e-12,3.002129234195891e-12,0.03382266531215727,0.03382266531243516,-0.031213295062125463,-0.031213295059123333,-4.487369359063732,-4.477360979196174,3.867164432366947,6.994252669619374e-05,4.091886436142051,5.306866057708248e-12,-0.031213295059123333,0.06759852373539109,4.75,1.28e-10,1.28e-10,3.002129794760222e-12,5.306866057708248e-12
2.0,7.0,2.0,1.0,32.0,3.0,80.0,1.0,0.0078125,1.0,1.4081413677227942e-23,1.4081413677227942e-23,5.306866057708248e-12,3.002129794760222e-12,3.0021292341965575e-12,0.03382266531243516,0.03382266531215727,-0.031213295059123333,-0.031213295062125463,-4.487369359069012,-4.477360979190855,3.867164432366947,6.994252669313304e-05,4.0918864361416585,-5.306866057708248e-12,-0.031213295062125463,0.06759852373368215,4.75,1.28e-10,1.28e-10,3.002129794760222e-12,-5.306866057708248e-12
2.0,7.0,2.0,1.0,64.0,3.0,73.0,1.0,0.00390625,1.0,1.968858626857155e-20,3.145506561375905e-20,2.5081892118805627e-10,1.1688759682382255e-10,1.1688760311319443e-10,0.040446700604346915,0.04044670059408223,-0.09114083408774813,-0.09114083420463573,-4.361512688712438,-4.3101606296040655,3.6220122453660264,0.0001138832726065284,3.8394782954446214,-2.5081892118805627e-10,-0.09114083420463573,0.06947824060242795,4.75,2.56e-10,2.56e-10,1.1688759682382255e-10,-2.5081892118805627e-10
2.0,7.0,2.0,1.0,64.0,3.0,74.0,2.0,0.00390625,0.3333333333333333,3.145506561375905e-20,1.9696051199364227e-21,6.276312802810935e-11,4.924768925995693e-11,1.4774307344646485e-10,0.04044670059408223,0.04044670059840699,-0.09114083420463573,-0.09114083415538804,-4.361512688630267,-4.3101606297085295,3.6220122453660264,0.000113883272672967,3.8394782954616296,-6.276312802810935e-11,-0.09114083415538804,0.06947824061562569,4.75,2.56e-10,2.56e-10,4.924768925995693e-11,-6.276312802810935e-11
2.0,7.0,2.0,1.0,64.0,3.0,75.0,1.0,0.00390625,1.0,1.9696051199364227e-21,3.2802199732728856e-21,8.099654280613322e-11,3.697019079762498e-11,3.697019071056206e-11,0.04044670059840699,0.04044670060165359,-0.09114083415538804,-0.09114083411841785,-4.361512688568582,-4.310160629789496,3.6220122453660264,0.00011388327264497476,3.8394782954544637,8.099654280613322e-11,-0.09114083411841785,0.06947824062553323,4.75,2.56e-10,2.56e-10,3.697019079762498e-11,8.099654280613322e-11
2.0,7.0,2.0,1.0,64.0,3.0,76.0,1.0,0.00390625,1.0,3.2802199732728856e-21,5.218973919792155e-21,1.021662754396857e-10,4.771046058227313e-11,4.7710458808033406e-11,0.04044670060165359,0.040446700597463824,-0.09114083411841785,-0.09114083416612831,-4.361512688648188,-4.3101606296873305,3.6220122453660264,0.00011388327262396102,3.839478295449084,-1.021662754396857e-10,-0.09114083416612831,0.06947824061274743,4.75,2.56e-10,2.56e-10,4.771046058227313e-11,-1.021671636181054e-10
2.0,7.0,2.0,1.0,64.0,3.0,77.0,1.0,0.00390625,1.0,5.218973919792155e-21,8.119267514760727e-21,1.2743051058805577e-10,6.018054110601412e-11,6.018054464715681e-11,0.040446700597463824,0.0404467006027487,-0.09114083416612831,-0.09114083410594777,-4.361512688547775,-4.310160629814782,3.6220122453660264,0.00011388327265107951,3.8394782954560265,1.2743051058805577e-10,-0.09114083410594777,0.06947824062887506,4.75,2.56e-10,2.56e-10,6.018054110601412e-11,1.2743139876647547e-10
2.0,7.0,2.0,1.0,64.0,3.0,78.0,1.0,0.00390625,1.0,8.119267514760727e-21,1.2533950854943297e-20,1.5832846145258372e-10,7.50621093059678e-11,7.506211545494904e-11,0.0404467006027487,0.04044670059615696,-0.09114083410594777,-0.09114083418100988,-4.361512688673018,-4.310160629656426,3.6220122453660264,0.00011388327261687305,3.83947829544727,-1.5832846145258372e-10,-0.09114083418100988,0.06947824060875932,4.75,2.56e-10,2.56e-10,7.50621093059678e-11,-1.5832757327416402e-10
2.0,7.0,2.0,1.0,64.0,3.0,79.0,1.0,0.00390625,1.0,1.2533950854943297e-20,1.968858626857155e-20,1.9843682252940198e-10,9.32618426929821e-11,9.326184789604409e-11,0.04044670059615696,0.04044670060434689,-0.09114083418100988,-0.09114083408774803,-4.361512688517409,-4.310160629854882,3.6220122453660264,0.00011388327265953812,3.839478295458192,1.9843682252940198e-10,-0.09114083408774803,0.0694782406337523,4.75,2.56e-10,2.56e-10,9.32618426929821e-11,1.9843682252940198e-10
2.0,7.0,2.0,1.0,64.0,3.0,80.0,1.0,0.00390625,1.0,1.968858626857155e-20,3.145484284259486e-20,2.5081803300963657e-10,1.1688759682382255e-10,1.1688760311319443e-10,0.04044670060434689,0.0404467005940822,-0.09114083408774803,-0.09114083420463563,-4.361512688712438,-4.3101606296040655,3.6220122453660264,0.00011388327260652834,3.8394782954446214,-2.5081803300963657e-10,-0.09114083420463563,0.06947824060242792,4.75,2.56e-10,2.56e-10,1.1688759682382255e-10,-2.5081892118805627e-10
2.0,7.0,2.0,1.0,128.0,4.0,73.0,2.0,0.001953125,0.3333333333333333,8.933505805196725e-20,2.517984924178099e-21,7.09645675556203e-11,7.778384533696503e-11,2.333515383735099e-10,0.03165216958104493,0.03165216957376136,-0.02482314873754887,-0.024823148815332714,-4.528608778098534,-4.503987868574251,3.9850119833386137,6.302003641166091e-05,4.206293492192816,-7.09645675556203e-11,-0.024823148815332714,0.05955087945399083,4.75,5.12e-10,5.12e-10,7.778384533696503e-11,-7.09645675556203e-11
2.0,7.0,2.0,1.0,128.0,4.0,74.0,1.0,0.001953125,1.0,2.517984924178099e-21,1.6415100502262683e-20,1.8119106215408465e-10,3.917660293395464e-11,3.9176604537441654e-11,0.03165216957376136,0.031652169577429806,-0.024823148815332714,-0.02482314877615611,-4.5286087780288335,-4.503987868755399,3.9850119833386137,6.302003650150851e-05,4.206293492238818,1.8119106215408465e-10,-0.02482314877615611,0.05955087947646882,4.75,5.12e-10,5.12e-10,3.917660293395464e-11,1.8119106215408465e-10
2.0,7.0,2.0,1.0,128.0,4.0,75.0,1.0,0.001953125,1.0,1.6415100502262683e-20,1.001773332692278e-19,4.476099491057539e-10,1.0002809691656012e-10,1.000280961658336e-10,0.031652169577429806,0.031652169568063306,-0.02482314877615611,-0.024823148876184208,-4.528608778206797,-4.503987868307801,3.9850119833386137,6.302003645625589e-05,4.206293492215648,-4.476099491057539e-10,-0.024823148876184208,0.05955087941907665,4.75,5.12e-10,5.12e-10,1.0002809691656012e-10,-4.476099491057539e-10
2.0,7.0,2.0,1.0,128.0,4.0,76.0,2.0,0.001953125,0.3333333333333333,1.001773332692278e-19,2.4258131266189265e-21,6.965361620814292e-11,8.236898316194008e-11,2.47106951635377e-10,0.031652169568063306,0.03165216957577623,-0.024823148876184208,-0.024823148793815225,-4.528608778060252,-4.503987868675847,3.9850119833386137,6.302003657179769e-05,4.206293492274806,6.965361620814292e-11,-0.024823148793815225,0.05955087946633671,4.75,5.12e-10,5.12e-10,8.236898316194008e-11,6.965272802972322e-11
2.0,7.0,2.0,1.0,128.0,4.0,77.0,1.0,0.001953125,1.0,2.4258131266189265e-21,1.4718948177944856e-20,1.715747544039914e-10,3.845269241908866e-11,3.8452692981982524e-11,0.03165216957577623,0.0316521695721756,-0.024823148793815225,-0.024823148832267918,-4.528608778128664,-4.503987868504283,3.9850119833386137,6.302003647665381e-05,4.206293492226092,-1.715747544039914e-10,-0.024823148832267918,0.05955087944427416,4.75,5.12e-10,5.12e-10,3.845269241908866e-11,-1.715738662255717e-10
2.0,7.0,2.0,1.0,128.0,4.0,78.0,1.0,0.001953125,1.0,1.4718948177944856e-20,8.933505805354497e-20,4.226938798979063e-10,9.471899653501481e-11,9.471899703802943e-11,0.0316521695721756,0.03165216958104495,-0.024823148832267918,-0.02482314873754892,-4.528608777960146,-4.503987868926963,3.9850119833386137,6.302003652107028e-05,4.206293492248833,4.226938798979063e-10,-0.02482314873754892,0.05955087949862003,4.75,5.12e-10,5.12e-10,9.471899653501481e-11,4.226929917194866e-10
2.0,7.0,2.0,1.0,128.0,4.0,79.0,2.0,0.001953125,0.3333333333333333,8.933505805354497e-20,2.5179849245725295e-21,7.09645675556203e-11,7.77837967647077e-11,2.333513947841343e-10,0.03165216958104495,0.03165216957376138,-0.02482314873754892,-0.024823148815332718,-4.528608778098533,-4.503987868574251,3.9850119833386137,6.302003641166098e-05,4.206293492192816,-7.09645675556203e-11,-0.024823148815332718,0.05955087945399082,4.75,5.12e-10,5.12e-10,7.77837967647077e-11,-7.09636793772006e-11
2.0,7.0,2.0,1.0,128.0,4.0,80.0,1.0,0.001953125,1.0,2.5179849245725295e-21,1.6415100502657113e-20,1.8119106215408465e-10,3.9176467625523514e-11,3.9176466796802834e-11,0.03165216957376138,0.03165216957742978,-0.024823148815332718,-0.02482314877615625,-4.528608778028834,-4.503987868755399,3.9850119833386137,6.302003650150852e-05,4.206293492238818,1.8119106215408465e-10,-0.02482314877615625,0.059550879476468664,4.75,5.12e-10,5.12e-10,3.9176467625523514e-11,1.8119017397566495e-10
2.0,7.0,2.0,1.0,256.0,5.0,73.0,2.0,0.0009765625,0.3333333333333333,2.9345670167041656e-19,6.697495554746264e-22,3.659916814058306e-11,1.384073064492064e-10,4.152219200805559e-10,0.03170924916337783,0.031709249176298825,-0.030907309021845696,-0.03090730888343839,-4.527524265650323,-4.478562431298499,3.9941426945663454,6.962973369694328e-05,4.228896709585072,3.659916814058306e-11,-0.03090730888343839,0.05645067875539329,4.75,1.024e-09,1.024e-09,1.384073064492064e-10,3.659827996216336e-11
2.0,7.0,2.0,1.0,256.0,5.0,74.0,1.0,0.0009765625,1.0,6.697495554746264e-22,3.5056837339089335e-21,8.3733908695649e-11,1.9836292330932537e-11,1.983629196364312e-11,0.031709249176298825,0.03170924917444704,-0.03090730888343839,-0.030907308903274682,-4.527524265685506,-4.478562431214829,3.9941426945663454,6.962973355507612e-05,4.2288967094398,-8.3733908695649e-11,-0.030907308903274682,0.056450678744019774,4.75,1.024e-09,1.024e-09,1.9836292330932537e-11,-8.37330205172293e-11
2.0,7.0,2.0,1.0,256.0,5.0,75.0,1.0,0.0009765625,1.0,3.5056837339089335e-21,1.6559772066704006e-20,1.8198775819655566e-10,4.538297168621419e-11,4.538297228879673e-11,0.03170924917444704,0.031709249178683736,-0.030907308903274682,-0.03090730885789171,-4.527524265605009,-4.478562431396756,3.9941426945663454,6.962973357540827e-05,4.228896709460621,1.8198775819655566e-10,-0.03090730885789171,0.05645067877004106,4.75,1.024e-09,1.024e-09,4.538297168621419e-11,1.8198775819655566e-10
2.0,7.0,2.0,1.0,256.0,5.0,76.0,1.0,0.0009765625,1.0,1.6559772066704006e-20,7.51413918258316e-20,3.8766323484651366e-10,9.863601602155825e-11,9.863601723802942e-11,0.031709249178683736,0.03170924916947558,-0.03090730885789171,-0.030907308956527726,-4.527524265779964,-4.478562431009109,3.9941426945663454,6.962973352889085e-05,4.228896709412987,-3.8766323484651366e-10,-0.030907308956527726,0.05645067871348584,4.75,1.024e-09,1.024e-09,9.863601602155825e-11,-3.8766323484651366e-10
2.0,7.0,2.0,1.0,256.0,5.0,77.0,1.0,0.0009765625,1.0,7.51413918258316e-20,3.4430042405961116e-19,8.298197684553088e-10,2.1011060252762448e-10,2.101106024473744e-10,0.03170924916947558,0.03170924918909043,-0.030907308956527726,-0.030907308746417124,-4.527524265407282,-4.478562431838903,3.9941426945663454,6.962973362999254e-05,4.228896709516515,8.298197684553088e-10,-0.030907308746417124,0.056450678833957574,4.75,1.024e-09,1.024e-09,2.1011060252762448e-10,8.298197684553088e-10
2.0,7.0,2.0,1.0,256.0,5.0,78.0,2.0,0.0009765625,0.3333333333333333,3.4430042405961116e-19,7.456405738535705e-22,3.8617109510141745e-11,1.4991872326897138e-10,4.4975616932763054e-10,0.03170924918909043,0.03170924917509479,-0.030907308746417124,-0.030907308896335847,-4.5275242656731995,-4.478562431247069,3.9941426945663454,6.962973341462965e-05,4.228896709295983,-3.8617109510141745e-11,-0.030907308896335847,0.05645067874799823,4.75,1.024e-09,1.024e-09,1.4991872326897138e-10,-3.8617997688561445e-11
2.0,7.0,2.0,1.0,256.0,5.0,79.0,1.0,0.0009765625,1.0,7.456405738535705e-22,3.3092033469196816e-21,8.135359053085267e-11,2.0930233241012175e-11,2.0930232316018192e-11,0.03170924917509479,0.031709249177048766,-0.030907308896335847,-0.030907308875405614,-4.527524265636074,-4.478562431328437,3.9941426945663454,6.9629733568296e-05,4.228896709453338,8.135359053085267e-11,-0.030907308875405614,0.05645067875999908,4.75,1.024e-09,1.024e-09,2.0930233241012175e-11,8.135359053085267e-11
2.0,7.0,2.0,1.0,256.0,5.0,80.0,1.0,0.0009765625,1.0,3.3092033469196816e-21,1.437686485551995e-20,1.695692475323085e-10,4.4092902939940615e-11,4.4092902411323716e-11,0.031709249177048766,0.03170924917293246,-0.030907308875405614,-0.030907308919498517,-4.527524265714283,-4.478562431158794,3.9941426945663454,6.962973354684257e-05,4.228896709431369,-1.695692475323085e-10,-0.030907308919498517,0.056450678734717465,4.75,1.024e-09,1.024e-09,4.4092902939940615e-11,-1.695683593538888e-10
2.0,7.0,2.0,1.0,512.0,7.0,73.0,1.0,0.00048828125,1.0,3.0395624096310785e-21,1.46944237703562e-20,1.7143175767841967e-10,4.053666430303693e-11,4.05366651354033e-11,0.029957262406007833,0.029957262402190536,-0.027036791125962644,-0.02703679116649931,-4.56081201435838,-4.494372308390806,4.073598949202926,6.551755803445114e-05,4.359579393108963,-1.7143175767841967e-10,-0.02703679116649931,0.050329969122035134,4.75,2.048e-09,2.048e-09,4.053666430303693e-11,-1.7143175767841967e-10
2.0,7.0,2.0,1.0,512.0,7.0,74.0,1.0,0.00048828125,1.0,1.46944237703562e-20,7.31443893639196e-20,3.8247716105388463e-10,8.912953014528213e-11,8.912953020331848e-11,0.029957262402190536,0.02995726241058382,-0.02703679116649931,-0.027036791077369778,-4.560812014198907,-4.494372308773191,4.073598949202926,6.551755807914459e-05,4.359579393200495,3.8247716105388463e-10,-0.027036791077369778,0.05032996917342329,4.75,2.048e-09,2.048e-09,8.912953014528213e-11,3.8247716105388463e-10
2.0,7.0,2.0,1.0,512.0,7.0,75.0,1.0,0.00048828125,1.0,7.31443893639196e-20,3.56003460827652e-19,8.43805025851907e-10,1.9885469312863613e-10,1.9885469380618789e-10,0.02995726241058382,0.029957262391857774,-0.027036791077369778,-0.02703679127622447,-4.560812014554703,-4.494372307929306,4.073598949202926,6.551755798087536e-05,4.3595793929992395,-8.43805025851907e-10,-0.02703679127622447,0.050329969058772434,4.75,2.048e-09,2.048e-09,1.9885469312863613e-10,-8.438059140303267e-10
2.0,7.0,2.0,1.0,512.0,7.0,76.0,1.0,0.00048828125,1.0,3.56003460827652e-19,1.7213721003142603e-18,1.8554633385292618e-09,4.387050410448179e-10,4.387050408779128e-10,0.029957262391857774,0.02995726243317043,-0.02703679127622447,-0.02703679083751943,-4.560812013769762,-4.494372309784973,4.073598949202926,6.551755820012137e-05,4.359579393448255,1.8554633385292618e-09,-0.02703679083751943,0.050329969311710514,4.75,2.048e-09,2.048e-09,4.387050410448179e-10,1.8554642267076815e-09
2.0,7.0,2.0,1.0,512.0,7.0,77.0,2.0,0.00048828125,0.3333333333333333,1.7213721003142603e-18,8.335620685303637e-21,1.291171614070663e-10,3.2155964696523043e-10,9.646789411042382e-10,0.02995726243317043,0.029957262402889314,-0.02703679083751943,-0.027036791159079077,-4.560812014345103,-4.494372308418935,4.073598949202926,6.551755771642989e-05,4.359579392457656,-1.291171614070663e-10,-0.027036791159079077,0.05032996912631336,4.75,2.048e-09,2.048e-09,3.2155964696523043e-10,-1.291162732286466e-10
2.0,7.0,2.0,1.0,512.0,7.0,78.0,1.0,0.00048828125,1.0,8.335620685303637e-21,4.184548669755659e-20,2.89293922151046e-10,6.712937150599174e-11,6.71293723606927e-11,0.029957262402889314,0.029957262409210834,-0.027036791159079077,-0.027036791091949706,-4.560812014224994,-4.494372308708141,4.073598949202926,6.551755807096347e-05,4.35957939318374,2.89293922151046e-10,-0.027036791091949706,0.05032996916501708,4.75,2.048e-09,2.048e-09,6.712937150599174e-11,2.89293922151046e-10
2.0,7.0,2.0,1.0,512.0,7.0,79.0,1.0,0.00048828125,1.0,4.184548669755659e-20,2.0536260115100345e-19,6.408784614109209e-10,1.5040746773054003e-10,1.5040746716929354e-10,0.029957262409210834,0.02995726239504703,-0.027036791091949706,-0.027036791242357174,-4.560812014494107,-4.494372308067318,4.073598949202926,6.551755799695038e-05,4.359579393032162,-6.408784614109209e-10,-0.027036791242357174,0.0503299690782988,4.75,2.048e-09,2.048e-09,1.5040746773054003e-10,-6.408784614109209e-10
2.0,7.0,2.0,1.0,512.0,7.0,80.0,1.0,0.00048828125,1.0,2.0536260115100345e-19,9.913557227462705e-19,1.4080878685263087e-09,3.3320056089247707e-10,3.3320056192809453e-10,0.02995726239504703,0.02995726242642438,-0.027036791242357174,-0.027036790909156613,-4.5608120138979364,-4.4943723094755486,4.073598949202926,6.551755816278119e-05,4.359579393371783,1.4080878685263087e-09,-0.027036790909156613,0.05032996927040746,4.75,2.048e-09,2.048e-09,3.3320056089247707e-10,1.4080878685263087e-09
2.0,7.0,2.0,1.0,1024.0,10.0,73.0,1.0,0.000244140625,1.0,1.063568158889573e-22,6.008205848384997e-23,1.0955680807001045e-11,6.161071652854844e-12,6.161071297540217e-12,0.029628207767320967,0.029628207767848014,-0.14232271506398317,-0.1423227150578221,-4.567064052410888,-4.214209586860137,3.8587826835145385,0.00013947614628710017,4.554257347165462,1.0955680807001045e-11,-0.1423227150578221,0.031138872726197794,4.75,4.096e-09,4.096e-09,6.161071652854844e-12,1.0584422227566392e-11
2.0,7.0,2.0,1.0,1024.0,10.0,74.0,1.0,0.000244140625,1.0,6.008205848384997e-23,3.4959873794893584e-23,8.360423464637279e-12,4.580641421725318e-12,4.580652865423546e-12,0.029628207767848014,0.02962820776746061,-0.1423227150578221,-0.14232271506240274,-4.567064052418249,-4.214209586851887,3.8587826835145385,0.00013947614628435424,4.5542573471542145,-8.360423464637279e-12,-0.14232271506240274,0.031138872725006973,4.75,4.096e-09,4.096e-09,4.580641421725318e-12,-8.208544954868557e-12
2.0,7.0,2.0,1.0,1024.0,10.0,75.0,1.0,0.000244140625,1.0,3.4959873794893584e-23,1.4933032411763812e-23,5.4649618164148706e-12,3.5265124154193472e-12,3.526510592212882e-12,0.02962820776746061,0.029628207767761778,-0.14232271506240274,-0.14232271505887623,-4.567064052412526,-4.214209586857549,3.8587826835145385,0.00013947614628639576,4.554257347162577,5.4649618164148706e-12,-0.14232271505887623,0.031138872725932708,4.75,4.096e-09,4.096e-09,3.5265124154193472e-12,5.448974604860268e-12
2.0,7.0,2.0,1.0,1024.0,10.0,76.0,1.0,0.000244140625,1.0,1.4933032411763812e-23,3.536094645632605e-24,2.6556534749033744e-12,2.324779257989462e-12,2.324777102568552e-12,0.029628207767761778,0.029628207767561407,-0.14232271505887623,-0.142322715061201,-4.567064052416334,-4.214209586854475,3.8587826835145385,0.00013947614628482402,4.554257347156139,-2.6556534749033744e-12,-0.142322715061201,0.0311388727253169,4.75,4.096e-09,4.096e-09,2.324779257989462e-12,-2.7968738436356944e-12
2.0,7.0,2.0,1.0,1024.0,10.0,77.0,1.0,0.000244140625,1.0,3.536094645632605e-24,7.908614564766523e-25,1.2470025012589758e-12,1.1647349751342517e-12,1.1647457859718073e-12,0.029628207767561407,0.02962820776766505,-0.142322715061201,-0.14232271506003627,-4.567064052414365,-4.214209586855931,3.8587826835145385,0.00013947614628586022,4.554257347160384,1.2470025012589758e-12,-0.14232271506003627,0.03113887272563538,4.75,4.096e-09,4.096e-09,1.1647349751342517e-12,1.0835776720341528e-12
2.0,7.0,2.0,1.0,1024.0,10.0,78.0,1.0,0.000244140625,1.0,7.908614564766523e-25,4.1264525091205907e-26,2.8066438062523957e-13,4.927447339042601e-13,4.927553033558674e-13,0.02962820776766505,0.02962820776762605,-0.14232271506003627,-0.14232271506052901,-4.567064052415105,-4.214209586855931,3.8587826835145385,0.00013947614628534105,4.554257347158257,2.8066438062523957e-13,-0.14232271506052901,0.031138872725515503,4.75,4.096e-09,4.096e-09,4.927447339042601e-13,3.4283687000424834e-13
2.0,7.0,2.0,1.0,1024.0,11.0,73.0,2.0,0.000244140625,0.3333333333333333,7.846032226474949e-18,9.683428769757185e-19,1.3916485741560791e-09,6.53682252424459e-10,1.9610467564025373e-09,0.02692050616260733,0.026920506099918296,-0.013839840329162944,-0.013839840982845197,-4.618510384101553,-4.560829194815572,4.214209586855931,4.830991639456689e-05,4.5636343726288535,-1.3916485741560791e-09,-0.013839840982845197,0.043212356809901334,4.75,4.096e-09,4.096e-09,6.53682252424459e-10,-1.3916494623344988e-09
2.0,7.0,2.0,1.0,1024.0,11.0,74.0,2.0,0.000244140625,0.3333333333333333,9.683428769757185e-19,1.1956612256935113e-19,4.890114979616556e-10,2.296446661304019e-10,6.889339999672911e-10,0.026920506099918296,0.02692050612194154,-0.013839840982845197,-0.01383984075320053,-4.618510383683111,-4.560829196232316,4.214209586855931,4.8309917432755946e-05,4.563634376881276,4.890114979616556e-10,-0.01383984075320053,0.043212356943699765,4.75,4.096e-09,4.096e-09,2.296446661304019e-10,4.890114979616556e-10
2.0,7.0,2.0,1.0,1024.0,11.0,75.0,1.0,0.000244140625,1.0,1.1956612256935113e-19,1.1089242678912556e-18,1.489244283447988e-09,2.4208448093365753e-10,2.4208448063115226e-10,0.02692050612194154,0.026920506098725306,-0.01383984075320053,-0.013839840995285011,-4.618510384124219,-4.560829194742917,4.214209586855931,4.8309917068030443e-05,4.563634375387361,-1.489244283447988e-09,-0.013839840995285011,0.043212356802653534,4.75,4.096e-09,4.096e-09,2.4208448093365753e-10,-1.489244283447988e-09
2.0,7.0,2.0,1.0,1024.0,11.0,76.0,2.0,0.000244140625,0.3333333333333333,1.1089242678912556e-18,1.3743345390136181e-19,5.242775102942687e-10,2.457494555074824e-10,7.372483676009929e-10,0.026920506098725306,0.026920506122293016,-0.013839840995285011,-0.013839840749535556,-4.618510383676433,-4.560829196259994,4.214209586855931,4.830991745251306e-05,4.563634376962201,5.242775102942687e-10,-0.013839840749535556,0.0432123569458351,4.75,4.096e-09,4.096e-09,2.457494555074824e-10,5.24276622115849e-10
2.0,7.0,2.0,1.0,1024.0,11.0,77.0,1.0,0.000244140625,1.0,1.3743345390136181e-19,1.3059903143574693e-18,1.6161623150878768e-09,2.5954269983197165e-10,2.595427004943928e-10,0.026920506122293016,0.026920506097402545,-0.013839840749535556,-0.013839841009078256,-4.618510384149351,-4.560829194644316,4.214209586855931,4.830991706220968e-05,4.5636343753635185,-1.6161623150878768e-09,-0.013839841009078256,0.04321235679461723,4.75,4.096e-09,4.096e-09,2.5954269983197165e-10,-1.6161605387310374e-09
2.0,7.0,2.0,1.0,1024.0,11.0,78.0,2.0,0.000244140625,0.3333333333333333,1.3059903143574693e-18,1.6630708000023337e-19,5.767271105128202e-10,2.6669291774972237e-10,8.000787533995827e-10,0.026920506097402545,0.026920506122978735,-0.013839841009078256,-0.013839840742385338,-4.618510383663404,-4.560829196298051,4.214209586855931,4.830991747441971e-05,4.5636343770519305,5.767271105128202e-10,-0.013839840742385338,0.04321235695000109,4.75,4.096e-09,4.096e-09,2.6669291774972237e-10,5.767271105128202e-10
2.0,7.0,2.0,1.0,1024.0,11.0,79.0,1.0,0.000244140625,1.0,1.6630708000023337e-19,1.538187216724735e-18,1.7539596441906724e-09,2.855079766356239e-10,2.8550797599080537e-10,0.026920506122978735,0.02692050609559813,-0.013839840742385338,-0.013839841027893315,-4.618510384183636,-4.5608291945439845,4.214209586855931,4.8309917050853584e-05,4.563634375317004,-1.7539596441906724e-09,-0.013839841027893315,0.04321235678365493,4.75,4.096e-09,4.096e-09,2.855079766356239e-10,-1.7539596441906724e-09
2.0,7.0,2.0,1.0,1024.0,11.0,80.0,2.0,0.000244140625,0.3333333333333333,1.538187216724735e-18,1.8097924244479923e-19,6.016298570443723e-10,2.8943178236040534e-10,8.682953486904955e-10,0.02692050609559813,0.026920506123355035,-0.013839841027893315,-0.013839840738461532,-4.618510383656254,-4.56082919631535,4.214209586855931,4.8309917504302115e-05,4.5636343771743295,6.016298570443723e-10,-0.013839840738461532,0.04321235695228723,4.75,4.096e-09,4.096e-09,2.8943178236040534e-10,6.01630745222792e-10
2.0,7.0,2.0,1.0,2048.0,18.0,73.0,1.0,0.0001220703125,1.0,8.700304862021392e-19,1.9244473450679426e-18,1.9618600077819792e-09,5.459557528286751e-10,5.459557510571249e-10,0.026997595486615473,0.026997595434841013,-0.03638123635449851,-0.036381236900454264,-4.61704568673802,-4.457988212976391,4.166069609194876,7.49918876614807e-05,4.9008512211808775,-1.9618600077819792e-09,-0.036381236900454264,0.04099278630452306,4.75,8.192e-09,8.192e-09,5.459557528286751e-10,-1.9618600077819792e-09
2.0,7.0,2.0,1.0,2048.0,18.0,74.0,1.0,0.0001220703125,1.0,1.9244473450679426e-18,4.2666325714891225e-18,2.9211753016511466e-09,8.119762709424272e-10,8.119762733528071e-10,0.026997595434841013,0.02699759551184289,-0.036381236900454264,-0.03638123608847799,-4.617045685274985,-4.457988215897078,4.166069609194876,7.499188817348983e-05,4.900851225375256,2.9211753016511466e-09,-0.03638123608847799,0.040992786535528694,4.75,8.192e-09,8.192e-09,8.119762709424272e-10,2.9211753016511466e-09
2.0,7.0,2.0,1.0,2048.0,18.0,75.0,1.0,0.0001220703125,1.0,4.2666325714891225e-18,9.454688487837392e-18,4.348491344785543e-09,1.2090184478563692e-09,1.2090184456971032e-09,0.02699759551184289,0.026997595397188438,-0.03638123608847799,-0.03638123729749644,-4.61704568745342,-4.457988211548903,4.166069609194876,7.499188741200087e-05,4.900851219137138,-4.348491344785543e-09,-0.03638123729749644,0.04099278619156533,4.75,8.192e-09,8.192e-09,1.2090184478563692e-09,-4.348491344785543e-09
2.0,7.0,2.0,1.0,2048.0,18.0,76.0,1.0,0.0001220703125,1.0,9.454688487837392e-18,2.090469402151542e-17,6.466017943296265e-09,1.7997570170291688e-09,1.7997570196519962e-09,0.026997595397188438,0.02699759556786423,-0.03638123729749644,-0.036381235497739424,-4.61704568421058,-4.457988218015537,4.166069609194876,7.499188854584458e-05,4.900851228425586,6.466017943296265e-09,-0.036381235497739424,0.040992786703592715,4.75,8.192e-09,8.192e-09,1.7997570170291688e-09,6.466017943296265e-09
2.0,7.0,2.0,1.0,2048.0,18.0,77.0,2.0,0.0001220703125,0.3333333333333333,2.090469402151542e-17,6.125227642689589e-19,1.1068177485640263e-09,8.920535629619586e-10,2.67616067958267e-09,0.02699759556786423,0.026997595483268397,-0.036381235497739424,-0.03638123638979299,-4.6170456858179,-4.457988214811173,4.166069609194876,7.499188685799343e-05,4.90085121459871,1.1068177485640263e-09,-0.03638123638979299,0.04099278644980518,4.75,8.192e-09,8.192e-09,8.920535629619586e-10,1.1068177485640263e-09
2.0,7.0,2.0,1.0,2048.0,18.0,78.0,1.0,0.0001220703125,1.0,6.125227642689589e-19,1.3499061176123072e-18,1.6431105365199983e-09,4.580904960915788e-10,4.5809049356472614e-10,0.026997595483268397,0.02699759543982643,-0.03638123638979299,-0.03638123684788348,-4.617045686643298,-4.457988213167676,4.166069609194876,7.49918876945806e-05,4.900851221452031,-1.6431105365199983e-09,-0.03638123684788348,0.04099278631947929,4.75,8.192e-09,8.192e-09,4.580904960915788e-10,-1.6431105365199983e-09
2.0,7.0,2.0,1.0,2048.0,18.0,79.0,1.0,0.0001220703125,1.0,1.3499061176123072e-18,2.9820538261094245e-18,2.4421522581974386e-09,6.800517718397181e-10,6.800517743082778e-10,0.02699759543982643,0.026997595504317583,-0.03638123684788348,-0.03638123616783171,-4.617045685417966,-4.457988215610149,4.166069609194876,7.49918881241878e-05,4.900851224971374,2.4421522581974386e-09,-0.03638123616783171,0.04099278651295274,4.75,8.192e-09,8.192e-09,6.800517718397181e-10,2.4421522581974386e-09
2.0,7.0,2.0,1.0,2048.0,18.0,80.0,1.0,0.0001220703125,1.0,2.9820538261094245e-18,6.587941694215613e-18,3.629859968157234e-09,1.0107598993891465e-09,1.0107599020078954e-09,0.026997595504317583,0.026997595408464505,-0.03638123616783171,-0.03638123717859161,-4.617045687239174,-4.457988211979621,4.166069609194876,7.499188748642051e-05,4.900851219746784,-3.629859968157234e-09,-0.03638123717859161,0.040992786225393506,4.75,8.192e-09,8.192e-09,1.0107598993891465e-09,-3.6298590799788144e-09
2.0,7.0,2.0,1.0,4096.0,32.0,73.0,1.0,6.103515625e-05,1.0,1.6772543235629765e-23,1.67828303762643e-23,5.793587831703917e-12,1.6546763959013333e-12,1.6546754809994485e-12,0.02344107173703652,0.02344107173719258,-0.07507172417374158,-0.0750717241720869,-4.684619636993341,-4.34649072796795,4.140038880191743,0.00010426545931335751,5.955060603518987,5.793587831703917e-12,-0.0750717241720869,0.03032321521157773,4.75,1.6384e-08,1.6384e-08,1.6546763959013333e-12,5.792699653284217e-12
2.0,7.0,2.0,1.0,4096.0,32.0,74.0,1.0,6.103515625e-05,1.0,1.67828303762643e-23,1.6777685031009995e-23,5.792699653284217e-12,1.6551898740502224e-12,1.655186144979844e-12,0.02344107173719258,0.023441071737036516,-0.0750717241720869,-0.0750717241737421,-4.684619636996306,-4.346490727962968,4.140038880191743,0.00010426545931231207,5.955060603501859,-5.792699653284217e-12,-0.0750717241737421,0.030323215211109547,4.75,1.6384e-08,1.6384e-08,1.6551898740502224e-12,-5.791811474864517e-12
2.0,7.0,2.0,1.0,4096.0,32.0,75.0,1.0,6.103515625e-05,1.0,1.6777685031009995e-23,1.6777684636579543e-23,5.792699653284217e-12,1.6550094628087209e-12,1.6550072928862248e-12,0.023441071737036516,0.023441071737192547,-0.0750717241737421,-0.07507172417208709,-4.684619636993341,-4.34649072796795,4.140038880191743,0.00010426545931335782,5.955060603518993,5.792699653284217e-12,-0.07507172417208709,0.03032321521157764,4.75,1.6384e-08,1.6384e-08,1.6550094628087209e-12,5.792699653284217e-12
2.0,7.0,2.0,1.0,4096.0,32.0,76.0,1.0,6.103515625e-05,1.0,1.6777684636579543e-23,1.6777684636579543e-23,5.792699653284217e-12,1.65507885174776e-12,1.6550790827623446e-12,0.023441071737192547,0.023441071737036478,-0.07507172417208709,-0.07507172417374217,-4.684619636996307,-4.346490727962968,4.140038880191743,0.00010426545931231218,5.9550606035018605,-5.792699653284217e-12,-0.07507172417374217,0.03032321521110943,4.75,1.6384e-08,1.6384e-08,1.65507885174776e-12,-5.792699653284217e-12
2.0,7.0,2.0,1.0,4096.0,32.0,77.0,1.0,6.103515625e-05,1.0,1.6777684636579543e-23,1.6777684636579543e-23,5.792699653284217e-12,1.65507885174776e-12,1.6550790827542428e-12,0.023441071737036478,0.023441071737192547,-0.07507172417374217,-0.07507172417208709,-4.684619636993341,-4.34649072796795,4.140038880191743,0.00010426545931335787,5.9550606035189935,5.792699653284217e-12,-0.07507172417208709,0.03032321521157764,4.75,1.6384e-08,1.6384e-08,1.65507885174776e-12,5.792699653284217e-12
2.0,7.0,2.0,1.0,4096.0,32.0,78.0,1.0,6.103515625e-05,1.0,1.6777684636579543e-23,1.6777684636579543e-23,5.792699653284217e-12,1.65507885174776e-12,1.6550790827623446e-12,0.023441071737192547,0.023441071737036478,-0.07507172417208709,-0.07507172417374217,-4.684619636996307,-4.346490727962968,4.140038880191743,0.00010426545931231218,5.9550606035018605,-5.792699653284217e-12,-0.07507172417374217,0.03032321521110943,4.75,1.6384e-08,1.6384e-08,1.65507885174776e-12,-5.792699653284217e-12
2.0,7.0,2.0,1.0,4096.0,32.0,79.0,1.0,6.103515625e-05,1.0,1.6777684636579543e-23,1.6777684636579543e-23,5.792699653284217e-12,1.65507885174776e-12,1.6550790827542428e-12,0.023441071737036478,0.023441071737192547,-0.07507172417374217,-0.07507172417208709,-4.684619636993341,-4.34649072796795,4.140038880191743,0.00010426545931335787,5.9550606035189935,5.792699653284217e-12,-0.07507172417208709,0.03032321521157764,4.75,1.6384e-08,1.6384e-08,1.65507885174776e-12,5.792699653284217e-12
2.0,7.0,2.0,1.0,4096.0,32.0,80.0,1.0,6.103515625e-05,1.0,1.6777684636579543e-23,1.6777684636579543e-23,5.792699653284217e-12,1.65507885174776e-12,1.6550790827623446e-12,0.023441071737192547,0.023441071737036478,-0.07507172417208709,-0.07507172417374217,-4.684619636996307,-4.346490727962968,4.140038880191743,0.00010426545931231218,5.9550606035018605,-5.792699653284217e-12,-0.07507172417374217,0.03032321521110943,4.75,1.6384e-08,1.6384e-08,1.65507885174776e-12,-5.792699653284217e-12
2.0,7.0,2.0,2.0,2.0,2.0,73.0,1.0,0.125,1.0,1.2958776274451537e-12,9.430563209839621e-13,1.3733581623043278e-06,1.0771166177314662e-06,1.0771166177391795e-06,0.05418111343086956,0.05418102877763268,-0.22538489354459845,-0.22538597066121618,-4.100560453224979,-4.094135168976701,3.1417985002580897,0.0001719017879950695,3.3229704292434805,-1.3733581623043278e-06,-0.22538597066121618,0.08320472736714547,4.75,8e-12,8e-12,1.0771166177314662e-06,-1.3733580859209837e-06
2.0,7.0,2.0,2.0,2.0,2.0,74.0,1.0,0.125,1.0,9.430563209839621e-13,6.86295194916631e-13,1.1715760281916232e-06,9.188604195020655e-07,9.188604194894809e-07,0.05418102877763268,0.05418110099312676,-0.22538597066121618,-0.22538505180079668,-4.100559081130592,-4.09413634055273,3.1417985002580897,0.00017190216144459045,3.3229704322310765,1.1715760281916232e-06,-0.22538505180079668,0.08320495717669299,4.75,8e-12,8e-12,9.188604195020655e-07,1.1715759615782417e-06
2.0,7.0,2.0,2.0,2.0,2.0,75.0,1.0,0.125,1.0,6.86295194916631e-13,4.994406726362093e-13,9.994405161251052e-07,7.838558587491828e-07,7.838558587518901e-07,0.05418110099312676,0.05418103938797226,-0.22538505180079668,-0.22538583565665543,-4.100560251628527,-4.094135341112214,3.1417985002580897,0.00017190184286449244,3.3229704296824356,-9.994405161251052e-07,-0.22538583565665543,0.08320476113216177,4.75,8e-12,8e-12,7.838558587491828e-07,-9.994404592816863e-07
2.0,7.0,2.0,2.0,2.0,2.0,76.0,1.0,0.125,1.0,4.994406726362093e-13,3.634598477089652e-13,8.525958570260173e-07,6.68686695542986e-07,6.686866955326832e-07,0.05418103938797226,0.05418109194169975,-0.22538583565665543,-0.2253851669699599,-4.100559253107705,-4.0941361937080725,3.1417985002580897,0.00017190211463690948,3.322970431856615,8.525958570260173e-07,-0.2253851669699599,0.08320492837256489,4.75,8e-12,8e-12,6.68686695542986e-07,8.525958081762042e-07
2.0,7.0,2.0,2.0,2.0,2.0,77.0,1.0,0.125,1.0,3.634598477089652e-13,2.64502532113565e-13,7.273273432417682e-07,5.704386583094134e-07,5.704386583145579e-07,0.05418109194169975,0.05418104710952651,-0.2253851669699599,-0.2253857374086182,-4.100560104918996,-4.09413546638073,3.1417985002580897,0.00017190188279508288,3.3229704300018805,-7.273273432417682e-07,-0.2253857374086182,0.08320478570426927,4.75,8e-12,8e-12,5.704386583094134e-07,-7.27327300609204e-07
2.0,7.0,2.0,2.0,2.0,2.0,78.0,1.0,0.125,1.0,2.64502532113565e-13,1.9248785939941907e-13,6.204641156415391e-07,4.866263771108326e-07,4.866263771106827e-07,0.05418104710952651,0.05418108535468699,-0.2253857374086182,-0.2253852507822411,-4.100559378260947,-4.094136086844846,3.1417985002580897,0.00017190208057314127,3.322970431584105,6.204641156415391e-07,-0.2253852507822411,0.08320490741088006,4.75,8e-12,8e-12,4.866263771108326e-07,6.204640801144023e-07
2.0,7.0,2.0,2.0,2.0,2.0,79.0,1.0,0.125,1.0,1.9248785939941907e-13,1.4008006173207792e-13,5.293015430396508e-07,4.1512835688428673e-07,4.1512835689492716e-07,0.05418108535468699,0.05418105272873122,-0.2253852507822411,-0.22538566591059797,-4.1005599981541065,-4.094135557543302,3.1417985002580897,0.00017190191185384278,3.3229704302343506,-5.293015430396508e-07,-0.22538566591059797,0.08320480358612303,4.75,8e-12,8e-12,4.1512835688428673e-07,-5.293015146179414e-07
2.0,7.0,2.0,2.0,2.0,2.0,80.0,1.0,0.125,1.0,1.4008006173207792e-13,1.0194118279984534e-13,4.515333493770868e-07,3.541350331315307e-07,3.541350331390297e-07,0.05418105272873122,0.05418108056107212,-0.22538566591059797,-0.22538531177556484,-4.10055946933963,-4.094136009076652,3.1417985002580897,0.00017190205578391835,3.3229704313857913,4.515333493770868e-07,-0.22538531177556484,0.08320489215628024,4.75,8e-12,8e-12,3.541350331315307e-07,4.5153332450809103e-07
2.0,7.0,2.0,2.0,4.0,2.0,73.0,1.0,0.0625,1.0,2.6583888395742407e-14,1.8348017964701998e-14,1.9156209418724757e-07,1.552454022279992e-07,1.5524540223771084e-07,0.05465872698747628,0.0546587148746723,-0.23847119153081228,-0.2384713467762145,-4.091484417381226,-4.077723722564061,3.1155756891308886,0.0001763690298026336,3.2950260918474084,-1.9156209418724757e-07,-0.2384713467762145,0.08297145703142296,4.75,1.6e-11,1.6e-11,1.552454022279992e-07,-1.915620817527497e-07
2.0,7.0,2.0,2.0,4.0,2.0,74.0,1.0,0.0625,1.0,1.8348017964701998e-14,1.2663644007415946e-14,1.591454932281522e-07,1.2897456513893957e-07,1.2897456512644882e-07,0.0546587148746723,0.05465872493773117,-0.2384713467762145,-0.23847121780164937,-4.091484226183108,-4.077723881709555,3.1155756891308886,0.00017636908199238462,3.2950260926824444,1.591454932281522e-07,-0.23847121780164937,0.08297148913677936,4.75,1.6e-11,1.6e-11,1.2897456513893957e-07,1.5914548257001115e-07
2.0,7.0,2.0,2.0,4.0,2.0,75.0,1.0,0.0625,1.0,1.2663644007415946e-14,8.74038171864735e-15,1.3221483818881552e-07,1.0714917739185204e-07,1.0714917740160164e-07,0.05465872493773117,0.054658716577567476,-0.23847121780164937,-0.23847132495082676,-4.091484385026218,-4.077723749494716,3.1155756891308886,0.00017636903863425517,3.295026091988714,-1.3221483818881552e-07,-0.23847132495082676,0.08297146246436896,4.75,1.6e-11,1.6e-11,1.0714917739185204e-07,-1.3221483108338816e-07
2.0,7.0,2.0,2.0,4.0,2.0,76.0,1.0,0.0625,1.0,8.74038171864735e-15,6.0326489141760104e-15,1.0984214959819383e-07,8.901735709665459e-08,8.901735709727519e-08,0.054658716577567476,0.05465872352302149,-0.23847132495082676,-0.23847123593346967,-4.091484253062592,-4.077723859336864,3.1155756891308886,0.00017636907465521802,3.2950260925650494,1.0984214959819383e-07,-0.23847123593346967,0.08297148462326513,4.75,1.6e-11,1.6e-11,8.901735709665459e-08,1.0984214338094489e-07
2.0,7.0,2.0,2.0,4.0,2.0,77.0,1.0,0.0625,1.0,6.0326489141760104e-15,4.1637016071949454e-15,9.125460653791606e-08,7.395431519952034e-08,7.395431518791755e-08,0.05465872352302149,0.05465871775284011,-0.23847123593346967,-0.23847130988778487,-4.091484362696038,-4.077723768082257,3.1155756891308886,0.00017636904472973538,3.2950260920862418,-9.125460653791606e-08,-0.23847130988778487,0.08297146621397912,4.75,1.6e-11,1.6e-11,7.395431519952034e-08,-9.125460032066712e-08
2.0,7.0,2.0,2.0,4.0,2.0,78.0,1.0,0.0625,1.0,4.1637016071949454e-15,2.8737274002964105e-15,7.581197003503348e-08,6.143972924865793e-08,6.143972925893855e-08,0.05465871775284011,0.054658722546588476,-0.23847130988778487,-0.23847124844805562,-4.091484271614819,-4.077723843894229,3.1155756891308886,0.00017636906959138808,3.2950260924840284,7.581197003503348e-08,-0.23847124844805562,0.08297148150803643,4.75,1.6e-11,1.6e-11,6.143972924865793e-08,7.58119664823198e-08
2.0,7.0,2.0,2.0,4.0,2.0,79.0,1.0,0.0625,1.0,2.8737274002964105e-15,1.983451585920705e-15,6.29833563081661e-08,5.104254061083502e-08,5.1042540619768947e-08,0.054658722546588476,0.054658718564066074,-0.23847124844805562,-0.23847129949059623,-4.091484347282744,-4.077723780910873,3.1155756891308886,0.0001763690489368369,3.2950260921535555,-6.29833563081661e-08,-0.23847129949059623,0.08297146880212838,4.75,1.6e-11,1.6e-11,5.104254061083502e-08,-6.298335364363083e-08
2.0,7.0,2.0,2.0,4.0,2.0,80.0,1.0,0.0625,1.0,1.983451585920705e-15,1.3689857336470966e-15,5.232562916290817e-08,4.2405315786586684e-08,4.2405315775711925e-08,0.054658718564066074,0.05465872187268117,-0.23847129949059623,-0.23847125708528044,-4.091484284419058,-4.077723833236502,3.1155756891308886,0.00017636906609610486,3.295026092428104,5.232562916290817e-08,-0.23847125708528044,0.08297147935799107,4.75,1.6e-11,1.6e-11,4.2405315786586684e-08,5.232562649837291e-08
2.0,7.0,2.0,2.0,8.0,2.0,73.0,1.0,0.03125,1.0,1.479720348165681e-17,9.238063404696138e-18,4.298386535595e-09,3.705208528881343e-09,3.7052085543063195e-09,0.05541398657456245,0.0554139862894956,-0.26510744781800344,-0.26510745152321197,-4.077134260499584,-4.0458655405412305,3.065206983705986,0.00018506466612775032,3.242256128447512,-4.298386535595e-09,-0.26510745152321197,0.08212112537971417,4.75,3.2e-11,3.2e-11,3.705208528881343e-09,-4.298384759238161e-09
2.0,7.0,2.0,2.0,8.0,2.0,74.0,1.0,0.03125,1.0,9.238063404696138e-18,5.767442369202681e-18,3.396304570912889e-09,2.927609876746118e-09,2.927609854268155e-09,0.0554139862894956,0.05541398651473647,-0.26510745152321197,-0.2651074485956021,-4.077134256220007,-4.045865543937535,3.065206983705986,0.00018506466730325,3.242256128485128,3.396304570912889e-09,-0.2651074485956021,0.08212112610174833,4.75,3.2e-11,3.2e-11,2.927609876746118e-09,3.396304570912889e-09
2.0,7.0,2.0,2.0,8.0,2.0,75.0,1.0,0.03125,1.0,5.767442369202681e-18,3.600880722548211e-18,2.6836097788418556e-09,2.3132067927811306e-09,2.313206766226336e-09,0.05541398651473647,0.05541398633676576,-0.2651074485956021,-0.2651074509088089,-4.077134259601451,-4.045865541253926,3.065206983705986,0.00018506466637444814,3.2422561284554066,-2.6836097788418556e-09,-0.2651074509088089,0.0821211255312438,4.75,3.2e-11,3.2e-11,2.3132067927811306e-09,-2.6836106670202753e-09
2.0,7.0,2.0,2.0,8.0,2.0,76.0,1.0,0.03125,1.0,3.600880722548211e-18,2.248369828727534e-18,2.1205517342082203e-09,1.8277942492872512e-09,1.8277942346874704e-09,0.05541398633676576,0.055413986477390396,-0.2651074509088089,-0.26510744908101463,-4.0771342569295825,-4.045865543374477,3.065206983705986,0.0001850646671083269,3.2422561284788904,2.1205517342082203e-09,-0.26510744908101463,0.08212112598203142,4.75,3.2e-11,3.2e-11,1.8277942492872512e-09,2.1205517342082203e-09
2.0,7.0,2.0,2.0,8.0,2.0,77.0,1.0,0.03125,1.0,2.248369828727534e-18,1.4043105007330057e-18,1.6758940901695496e-09,1.4442979034967607e-09,1.4442979195712778e-09,0.055413986477390396,0.05541398636627077,-0.26510744908101463,-0.26510745052531254,-4.0771342590408555,-4.045865541698585,3.065206983705986,0.00018506466652844819,3.242256128460334,-1.6758940901695496e-09,-0.26510745052531254,0.08212112562582533,4.75,3.2e-11,3.2e-11,1.4442979034967607e-09,-1.67589320199113e-09
2.0,7.0,2.0,2.0,8.0,2.0,78.0,1.0,0.03125,1.0,1.4043105007330057e-18,8.77184915250938e-19,1.3245262664440816e-09,1.1414433842560356e-09,1.141443373775548e-09,0.05541398636627077,0.05541398645408972,-0.26510745052531254,-0.26510744938386915,-4.077134257372295,-4.045865543023109,3.065206983705986,0.00018506466698666038,3.242256128474997,1.3245262664440816e-09,-0.26510744938386915,0.08212112590733855,4.75,3.2e-11,3.2e-11,1.1414433842560356e-09,1.3245262664440816e-09
2.0,7.0,2.0,2.0,8.0,2.0,79.0,1.0,0.03125,1.0,8.77184915250938e-19,5.480578165784934e-19,1.0469554112546575e-09,9.021284830268428e-10,9.021284606714303e-10,0.05541398645408972,0.055413986384682846,-0.26510744938386915,-0.26510745028599764,-4.077134258691026,-4.045865541976155,3.065206983705986,0.00018506466662453062,3.242256128463409,-1.0469554112546575e-09,-0.26510745028599764,0.08212112568484735,4.75,3.2e-11,3.2e-11,9.021284830268428e-10,-1.0469554112546575e-09
2.0,7.0,2.0,2.0,8.0,2.0,80.0,1.0,0.03125,1.0,5.480578165784934e-19,3.4246546463421333e-19,8.276055396549964e-10,7.130762647022948e-10,7.130762665682135e-10,0.055413986384682846,0.05541398643954465,-0.26510745028599764,-0.26510744957292137,-4.077134257648652,-4.045865542803759,3.065206983705986,0.00018506466691073633,3.2422561284725675,8.276055396549964e-10,-0.26510744957292137,0.08212112586071274,4.75,3.2e-11,3.2e-11,7.130762647022948e-10,8.276046514765767e-10
2.0,7.0,2.0,2.0,16.0,2.0,73.0,1.0,0.015625,1.0,1.2520243789785223e-20,6.5279961951937855e-21,1.1426282142679156e-10,1.099317858965776e-10,1.099317753206118e-10,0.05616439819722547,0.05616439820546485,-0.32089365518693275,-0.32089365507700096,-4.062876434096168,-3.9847316900211287,2.9721776623584706,0.00020184150819157757,3.1477249680804364,1.1426282142679156e-10,-0.32089365507700096,0.07876207070142513,4.75,6.4e-11,6.4e-11,1.099317858965776e-10,1.1426815049730976e-10
2.0,7.0,2.0,2.0,16.0,2.0,74.0,1.0,0.015625,1.0,6.5279961951937855e-21,3.4267793149925604e-21,8.278622232182897e-11,7.93797250153716e-11,7.937974321265241e-11,0.05616439820546485,0.056164398199515304,-0.32089365507700096,-0.3208936551563807,-4.062876434209209,-3.9847316899383465,2.9721776623584706,0.00020184150816016384,3.1477249680784256,-8.278622232182897e-11,-0.3208936551563807,0.07876207068219271,4.75,6.4e-11,6.4e-11,7.93797250153716e-11,-8.279155139234717e-11
2.0,7.0,2.0,2.0,16.0,2.0,75.0,1.0,0.015625,1.0,3.4267793149925604e-21,1.801892619475552e-21,6.003153529832161e-11,5.751299436695945e-11,5.7512972281483475e-11,0.056164398199515304,0.056164398203825974,-0.3208936551563807,-0.3208936550988677,-4.062876434127307,-3.9847316899983745,2.9721776623584706,0.00020184150818284712,3.1477249680798773,6.003153529832161e-11,-0.3208936550988677,0.07876207069612734,4.75,6.4e-11,6.4e-11,5.751299436695945e-11,6.003419983358071e-11
2.0,7.0,2.0,2.0,16.0,2.0,76.0,1.0,0.015625,1.0,1.801892619475552e-21,9.485743175473647e-22,4.355626970209414e-11,4.1704639741624305e-11,4.170462050196687e-11,0.056164398203825974,0.056164398200700204,-0.3208936550988677,-0.32089365514057233,-4.062876434186696,-3.9847316899548195,2.9721776623584706,0.00020184150816641235,3.1477249680788257,-4.355626970209414e-11,-0.32089365514057233,0.07876207068602296,4.75,6.4e-11,6.4e-11,4.1704639741624305e-11,-4.355626970209414e-11
2.0,7.0,2.0,2.0,16.0,2.0,77.0,1.0,0.015625,1.0,9.485743175473647e-22,5.1787741620743535e-22,3.218314503783404e-11,3.025862893579756e-11,3.025864429615113e-11,0.056164398200700204,0.05616439820296803,-0.32089365514057233,-0.3208936551103137,-4.062876434143607,-3.9847316899869965,2.9721776623584706,0.0002018415081783298,3.1477249680795882,3.218314503783404e-11,-0.3208936551103137,0.07876207069335407,4.75,6.4e-11,6.4e-11,3.025862893579756e-11,3.218492139467344e-11
2.0,7.0,2.0,2.0,16.0,2.0,78.0,1.0,0.015625,1.0,5.1787741620743535e-22,2.7506888170701074e-22,2.3455015707440907e-11,2.235839291486741e-11,2.2358379390893225e-11,0.05616439820296803,0.05616439820129227,-0.3208936551103137,-0.3208936551326721,-4.062876434175447,-3.984731689963544,2.9721776623584706,0.00020184150816968317,3.147724968079035,-2.3455015707440907e-11,-0.3208936551326721,0.07876207068793697,4.75,6.4e-11,6.4e-11,2.235839291486741e-11,-2.3455015707440907e-11
2.0,7.0,2.0,2.0,16.0,2.0,79.0,1.0,0.015625,1.0,2.7506888170701074e-22,1.4388465448772816e-22,1.6963763727062542e-11,1.629424373206234e-11,1.6294230259278256e-11,0.05616439820129227,0.056164398202513496,-0.3208936551326721,-0.32089365511637785,-4.062876434152244,-3.984731689980505,2.9721776623584706,0.0002018415081760722,3.147724968079444,1.6963763727062542e-11,-0.32089365511637785,0.07876207069188465,4.75,6.4e-11,6.4e-11,1.629424373206234e-11,1.695754647812464e-11
2.0,7.0,2.0,2.0,16.0,2.0,80.0,1.0,0.015625,1.0,1.4388465448772816e-22,7.810561757488538e-23,1.2498446722020162e-11,1.1782574915741861e-11,1.1782550311526318e-11,0.056164398202513496,0.05616439820163058,-0.32089365511637785,-0.3208936551281604,-4.062876434169019,-3.9847316899680107,2.9721776623584706,0.00020184150817141602,3.147724968079146,-1.2498446722020162e-11,-0.3208936551281604,0.07876207068903045,4.75,6.4e-11,6.4e-11,1.1782574915741861e-11,-1.2489564937823161e-11
2.0,7.0,2.0,2.0,32.0,3.0,73.0,1.0,0.0078125,1.0,1.4081413677227942e-23,1.4081413677227942e-23,5.306866057708248e-12,3.002129794760222e-12,3.002129234195891e-12,0.03382266531215727,0.03382266531243516,-0.031213295062125463,-0.031213295059123333,-4.487369359063732,-4.477360979196174,3.867164432366947,6.994252669619374e-05,4.091886436142051,5.306866057708248e-12,-0.031213295059123333,0.06759852373539109,4.75,1.28e-10,1.28e-10,3.002129794760222e-12,5.306866057708248e-12
2.0,7.0,2.0,2.0,32.0,3.0,74.0,1.0,0.0078125,1.0,1.4081413677227942e-23,1.4081413677227942e-23,5.306866057708248e-12,3.002129794760222e-12,3.0021292341965575e-12,0.03382266531243516,0.03382266531215727,-0.031213295059123333,-0.031213295062125463,-4.487369359069012,-4.477360979190855,3.867164432366947,6.994252669313304e-05,4.0918864361416585,-5.306866057708248e-12,-0.031213295062125463,0.06759852373368215,4.75,1.28e-10,1.28e-10,3.002129794760222e-12,-5.306866057708248e-12
2.0,7.0,2.0,2.0,32.0,3.0,75.0,1.0,0.0078125,1.0,1.4081413677227942e-23,1.4081413677227942e-23,5.306866057708248e-12,3.002129794760222e-12,3.002129234195891e-12,0.03382266531215727,0.03382266531243516,-0.031213295062125463,-0.031213295059123333,-4.487369359063732,-4.477360979196174,3.867164432366947,6.994252669619374e-05,4.091886436142051,5.306866057708248e-12,-0.031213295059123333,0.06759852373539109,4.75,1.28e-10,1.28e-10,3.002129794760222e-12,5.306866057708248e-12
2.0,7.0,2.0,2.0,32.0,3.0,76.0,1.0,0.0078125,1.0,1.4081413677227942e-23,1.4081413677227942e-23,5.306866057708248e-12,3.002129794760222e-12,3.0021292341965575e-12,0.03382266531243516,0.03382266531215727,-0.031213295059123333,-0.031213295062125463,-4.487369359069012,-4.477360979190855,3.867164432366947,6.994252669313304e-05,4.0918864361416585,-5.306866057708248e-12,-0.031213295062125463,0.06759852373368215,4.75,1.28e-10,1.28e-10,3.002129794760222e-12,-5.306866057708248e-12
2.0,7.0,2.0,2.0,32.0,3.0,77.0,1.0,0.0078125,1.0,1.4081413677227942e-23,1.4081413677227942e-23,5.306866057708248e-12,3.002129794760222e-12,3.002129234195891e-12,0.03382266531215727,0.03382266531243516,-0.031213295062125463,-0.031213295059123333,-4.487369359063732,-4.477360979196174,3.867164432366947,6.994252669619374e-05,4.091886436142051,5.306866057708248e-12,-0.031213295059123333,0.06759852373539109,4.75,1.28e-10,1.28e-10,3.002129794760222e-12,5.306866057708248e-12
2.0,7.0,2.0,2.0,32.0,3.0,78.0,1.0,0.0078125,1.0,1.4081413677227942e-23,1.4081413677227942e-23,5.306866057708248e-12,3.002129794760222e-12,3.0021292341965575e-12,0.03382266531243516,0.03382266531215727,-0.031213295059123333,-0.031213295062125463,-4.487369359069012,-4.477360979190855,3.867164432366947,6.994252669313304e-05,4.0918864361416585,-5.306866057708248e-12,-0.031213295062125463,0.06759852373368215,4.75,1.28e-10,1.28e-10,3.002129794760222e-12,-5.306866057708248e-12
2.0,7.0,2.0,2.0,32.0,3.0,79.0,1.0,0.0078125,1.0,1.4081413677227942e-23,1.4081413677227942e-23,5.306866057708248e-12,3.002129794760222e-12,3.002129234195891e-12,0.03382266531215727,0.03382266531243516,-0.031213295062125463,-0.031213295059123333,-4.487369359063732,-4.477360979196174,3.867164432366947,6.994252669619374e-05,4.091886436142051,5.306866057708248e-12,-0.031213295059123333,0.06759852373539109,4.75,1.28e-10,1.28e-10,3.002129794760222e-12,5.306866057708248e-12
2.0,7.0,2.0,2.0,32.0,3.0,80.0,1.0,0.0078125,1.0,1.4081413677227942e-23,1.4081413677227942e-23,5.306866057708248e-12,3.002129794760222e-12,3.0021292341965575e-12,0.03382266531243516,0.03382266531215727,-0.031213295059123333,-0.031213295062125463,-4.487369359069012,-4.477360979190855,3.867164432366947,6.994252669313304e-05,4.0918864361416585,-5.306866057708248e-12,-0.031213295062125463,0.06759852373368215,4.75,1.28e-10,1.28e-10,3.002129794760222e-12,-5.306866057708248e-12
2.0,7.0,2.0,2.0,64.0,3.0,73.0,1.0,0.00390625,1.0,1.968858626857155e-20,3.145506561375905e-20,2.5081892118805627e-10,1.1688759682382255e-10,1.1688760311319443e-10,0.040446700604346915,0.04044670059408223,-0.09114083408774813,-0.09114083420463573,-4.361512688712438,-4.3101606296040655,3.6220122453660264,0.0001138832726065284,3.8394782954446214,-2.5081892118805627e-10,-0.09114083420463573,0.06947824060242795,4.75,2.56e-10,2.56e-10,1.1688759682382255e-10,-2.5081892118805627e-10
2.0,7.0,2.0,2.0,64.0,3.0,74.0,2.0,0.00390625,0.3333333333333333,3.145506561375905e-20,1.9696051199364227e-21,6.276312802810935e-11,4.924768925995693e-11,1.4774307344646485e-10,0.04044670059408223,0.04044670059840699,-0.09114083420463573,-0.09114083415538804,-4.361512688630267,-4.3101606297085295,3.6220122453660264,0.000113883272672967,3.8394782954616296,-6.276312802810935e-11,-0.09114083415538804,0.06947824061562569,4.75,2.56e-10,2.56e-10,4.924768925995693e-11,-6.276312802810935e-11
2.0,7.0,2.0,2.0,64.0,3.0,75.0,1.0,0.00390625,1.0,1.9696051199364227e-21,3.2802199732728856e-21,8.099654280613322e-11,3.697019079762498e-11,3.697019071056206e-11,0.04044670059840699,0.04044670060165359,-0.09114083415538804,-0.09114083411841785,-4.361512688568582,-4.310160629789496,3.6220122453660264,0.00011388327264497476,3.8394782954544637,8.099654280613322e-11,-0.09114083411841785,0.06947824062553323,4.75,2.56e-10,2.56e-10,3.697019079762498e-11,8.099654280613322e-11
2.0,7.0,2.0,2.0,64.0,3.0,76.0,1.0,0.00390625,1.0,3.2802199732728856e-21,5.218973919792155e-21,1.021662754396857e-10,4.771046058227313e-11,4.7710458808033406e-11,0.04044670060165359,0.040446700597463824,-0.09114083411841785,-0.09114083416612831,-4.361512688648188,-4.3101606296873305,3.6220122453660264,0.00011388327262396102,3.839478295449084,-1.021662754396857e-10,-0.09114083416612831,0.06947824061274743,4.75,2.56e-10,2.56e-10,4.771046058227313e-11,-1.021671636181054e-10
2.0,7.0,2.0,2.0,64.0,3.0,77.0,1.0,0.00390625,1.0,5.218973919792155e-21,8.119267514760727e-21,1.2743051058805577e-10,6.018054110601412e-11,6.018054464715681e-11,0.040446700597463824,0.0404467006027487,-0.09114083416612831,-0.09114083410594777,-4.361512688547775,-4.310160629814782,3.6220122453660264,0.00011388327265107951,3.8394782954560265,1.2743051058805577e-10,-0.09114083410594777,0.06947824062887506,4.75,2.56e-10,2.56e-10,6.018054110601412e-11,1.2743139876647547e-10
2.0,7.0,2.0,2.0,64.0,3.0,78.0,1.0,0.00390625,1.0,8.119267514760727e-21,1.2533950854943297e-20,1.5832846145258372e-10,7.50621093059678e-11,7.506211545494904e-11,0.0404467006027487,0.04044670059615696,-0.09114083410594777,-0.09114083418100988,-4.361512688673018,-4.310160629656426,3.6220122453660264,0.00011388327261687305,3.83947829544727,-1.5832846145258372e-10,-0.09114083418100988,0.06947824060875932,4.75,2.56e-10,2.56e-10,7.50621093059678e-11,-1.5832757327416402e-10
2.0,7.0,2.0,2.0,64.0,3.0,79.0,1.0,0.00390625,1.0,1.2533950854943297e-20,1.968858626857155e-20,1.9843682252940198e-10,9.32618426929821e-11,9.326184789604409e-11,0.04044670059615696,0.04044670060434689,-0.09114083418100988,-0.09114083408774803,-4.361512688517409,-4.310160629854882,3.6220122453660264,0.00011388327265953812,3.839478295458192,1.9843682252940198e-10,-0.09114083408774803,0.0694782406337523,4.75,2.56e-10,2.56e-10,9.32618426929821e-11,1.9843682252940198e-10
2.0,7.0,2.0,2.0,64.0,3.0,80.0,1.0,0.00390625,1.0,1.968858626857155e-20,3.145484284259486e-20,2.5081803300963657e-10,1.1688759682382255e-10,1.1688760311319443e-10,0.04044670060434689,0.0404467005940822,-0.09114083408774803,-0.09114083420463563,-4.361512688712438,-4.3101606296040655,3.6220122453660264,0.00011388327260652834,3.8394782954446214,-2.5081803300963657e-10,-0.09114083420463563,0.06947824060242792,4.75,2.56e-10,2.56e-10,1.1688759682382255e-10,-2.5081892118805627e-10
2.0,7.0,2.0,2.0,128.0,4.0,73.0,2.0,0.001953125,0.3333333333333333,8.933505805196725e-20,2.517984924178099e-21,7.09645675556203e-11,7.778384533696503e-11,2.333515383735099e-10,0.03165216958104493,0.03165216957376136,-0.02482314873754887,-0.024823148815332714,-4.528608778098534,-4.503987868574251,3.9850119833386137,6.302003641166091e-05,4.206293492192816,-7.09645675556203e-11,-0.024823148815332714,0.05955087945399083,4.75,5.12e-10,5.12e-10,7.778384533696503e-11,-7.09645675556203e-11
2.0,7.0,2.0,2.0,128.0,4.0,74.0,1.0,0.001953125,1.0,2.517984924178099e-21,1.6415100502262683e-20,1.8119106215408465e-10,3.917660293395464e-11,3.9176604537441654e-11,0.03165216957376136,0.031652169577429806,-0.024823148815332714,-0.02482314877615611,-4.5286087780288335,-4.503987868755399,3.9850119833386137,6.302003650150851e-05,4.206293492238818,1.8119106215408465e-10,-0.02482314877615611,0.05955087947646882,4.75,5.12e-10,5.12e-10,3.917660293395464e-11,1.8119106215408465e-10
2.0,7.0,2.0,2.0,128.0,4.0,75.0,1.0,0.001953125,1.0,1.6415100502262683e-20,1.001773332692278e-19,4.476099491057539e-10,1.0002809691656012e-10,1.000280961658336e-10,0.031652169577429806,0.031652169568063306,-0.02482314877615611,-0.024823148876184208,-4.528608778206797,-4.503987868307801,3.9850119833386137,6.302003645625589e-05,4.206293492215648,-4.476099491057539e-10,-0.024823148876184208,0.05955087941907665,4.75,5.12e-10,5.12e-10,1.0002809691656012e-10,-4.476099491057539e-10
2.0,7.0,2.0,2.0,128.0,4.0,76.0,2.0,0.001953125,0.3333333333333333,1.001773332692278e-19,2.4258131266189265e-21,6.965361620814292e-11,8.236898316194008e-11,2.47106951635377e-10,0.031652169568063306,0.03165216957577623,-0.024823148876184208,-0.024823148793815225,-4.528608778060252,-4.503987868675847,3.9850119833386137,6.302003657179769e-05,4.206293492274806,6.965361620814292e-11,-0.024823148793815225,0.05955087946633671,4.75,5.12e-10,5.12e-10,8.236898316194008e-11,6.965272802972322e-11
2.0,7.0,2.0,2.0,128.0,4.0,77.0,1.0,0.001953125,1.0,2.4258131266189265e-21,1.4718948177944856e-20,1.715747544039914e-10,3.845269241908866e-11,3.8452692981982524e-11,0.03165216957577623,0.0316521695721756,-0.024823148793815225,-0.024823148832267918,-4.528608778128664,-4.503987868504283,3.9850119833386137,6.302003647665381e-05,4.206293492226092,-1.715747544039914e-10,-0.024823148832267918,0.05955087944427416,4.75,5.12e-10,5.12e-10,3.845269241908866e-11,-1.715738662255717e-10
2.0,7.0,2.0,2.0,128.0,4.0,78.0,1.0,0.001953125,1.0,1.4718948177944856e-20,8.933505805354497e-20,4.226938798979063e-10,9.471899653501481e-11,9.471899703802943e-11,0.0316521695721756,0.03165216958104495,-0.024823148832267918,-0.02482314873754892,-4.528608777960146,-4.503987868926963,3.9850119833386137,6.302003652107028e-05,4.206293492248833,4.226938798979063e-10,-0.02482314873754892,0.05955087949862003,4.75,5.12e-10,5.12e-10,9.471899653501481e-11,4.226929917194866e-10
2.0,7.0,2.0,2.0,128.0,4.0,79.0,2.0,0.001953125,0.3333333333333333,8.933505805354497e-20,2.5179849245725295e-21,7.09645675556203e-11,7.77837967647077e-11,2.333513947841343e-10,0.03165216958104495,0.03165216957376138,-0.02482314873754892,-0.024823148815332718,-4.528608778098533,-4.503987868574251,3.9850119833386137,6.302003641166098e-05,4.206293492192816,-7.09645675556203e-11,-0.024823148815332718,0.05955087945399082,4.75,5.12e-10,5.12e-10,7.77837967647077e-11,-7.09636793772006e-11
2.0,7.0,2.0,2.0,128.0,4.0,80.0,1.0,0.001953125,1.0,2.5179849245725295e-21,1.6415100502657113e-20,1.8119106215408465e-10,3.9176467625523514e-11,3.9176466796802834e-11,0.03165216957376138,0.03165216957742978,-0.024823148815332718,-0.02482314877615625,-4.528608778028834,-4.503987868755399,3.9850119833386137,6.302003650150852e-05,4.206293492238818,1.8119106215408465e-10,-0.02482314877615625,0.059550879476468664,4.75,5.12e-10,5.12e-10,3.9176467625523514e-11,1.8119017397566495e-10
2.0,7.0,2.0,2.0,256.0,5.0,73.0,2.0,0.0009765625,0.3333333333333333,2.9345670167041656e-19,6.697495554746264e-22,3.659916814058306e-11,1.384073064492064e-10,4.152219200805559e-10,0.03170924916337783,0.031709249176298825,-0.030907309021845696,-0.03090730888343839,-4.527524265650323,-4.478562431298499,3.9941426945663454,6.962973369694328e-05,4.228896709585072,3.659916814058306e-11,-0.03090730888343839,0.05645067875539329,4.75,1.024e-09,1.024e-09,1.384073064492064e-10,3.659827996216336e-11
2.0,7.0,2.0,2.0,256.0,5.0,74.0,1.0,0.0009765625,1.0,6.697495554746264e-22,3.5056837339089335e-21,8.3733908695649e-11,1.9836292330932537e-11,1.983629196364312e-11,0.031709249176298825,0.03170924917444704,-0.03090730888343839,-0.030907308903274682,-4.527524265685506,-4.478562431214829,3.9941426945663454,6.962973355507612e-05,4.2288967094398,-8.3733908695649e-11,-0.030907308903274682,0.056450678744019774,4.75,1.024e-09,1.024e-09,1.9836292330932537e-11,-8.37330205172293e-11
2.0,7.0,2.0,2.0,256.0,5.0,75.0,1.0,0.0009765625,1.0,3.5056837339089335e-21,1.6559772066704006e-20,1.8198775819655566e-10,4.538297168621419e-11,4.538297228879673e-11,0.03170924917444704,0.031709249178683736,-0.030907308903274682,-0.03090730885789171,-4.527524265605009,-4.478562431396756,3.9941426945663454,6.962973357540827e-05,4.228896709460621,1.8198775819655566e-10,-0.03090730885789171,0.05645067877004106,4.75,1.024e-09,1.024e-09,4.538297168621419e-11,1.8198775819655566e-10
2.0,7.0,2.0,2.0,256.0,5.0,76.0,1.0,0.0009765625,1.0,1.6559772066704006e-20,7.51413918258316e-20,3.8766323484651366e-10,9.863601602155825e-11,9.863601723802942e-11,0.031709249178683736,0.03170924916947558,-0.03090730885789171,-0.030907308956527726,-4.527524265779964,-4.478562431009109,3.9941426945663454,6.962973352889085e-05,4.228896709412987,-3.8766323484651366e-10,-0.030907308956527726,0.05645067871348584,4.75,1.024e-09,1.024e-09,9.863601602155825e-11,-3.8766323484651366e-10
2.0,7.0,2.0,2.0,256.0,5.0,77.0,1.0,0.0009765625,1.0,7.51413918258316e-20,3.4430042405961116e-19,8.298197684553088e-10,2.1011060252762448e-10,2.101106024473744e-10,0.03170924916947558,0.03170924918909043,-0.030907308956527726,-0.030907308746417124,-4.527524265407282,-4.478562431838903,3.9941426945663454,6.962973362999254e-05,4.228896709516515,8.298197684553088e-10,-0.030907308746417124,0.056450678833957574,4.75,1.024e-09,1.024e-09,2.1011060252762448e-10,8.298197684553088e-10
2.0,7.0,2.0,2.0,256.0,5.0,78.0,2.0,0.0009765625,0.3333333333333333,3.4430042405961116e-19,7.456405738535705e-22,3.8617109510141745e-11,1.4991872326897138e-10,4.4975616932763054e-10,0.03170924918909043,0.03170924917509479,-0.030907308746417124,-0.030907308896335847,-4.5275242656731995,-4.478562431247069,3.9941426945663454,6.962973341462965e-05,4.228896709295983,-3.8617109510141745e-11,-0.030907308896335847,0.05645067874799823,4.75,1.024e-09,1.024e-09,1.4991872326897138e-10,-3.8617997688561445e-11
2.0,7.0,2.0,2.0,256.0,5.0,79.0,1.0,0.0009765625,1.0,7.456405738535705e-22,3.3092033469196816e-21,8.135359053085267e-11,2.0930233241012175e-11,2.0930232316018192e-11,0.03170924917509479,0.031709249177048766,-0.030907308896335847,-0.030907308875405614,-4.527524265636074,-4.478562431328437,3.9941426945663454,6.9629733568296e-05,4.228896709453338,8.135359053085267e-11,-0.030907308875405614,0.05645067875999908,4.75,1.024e-09,1.024e-09,2.0930233241012175e-11,8.135359053085267e-11
2.0,7.0,2.0,2.0,256.0,5.0,80.0,1.0,0.0009765625,1.0,3.3092033469196816e-21,1.437686485551995e-20,1.695692475323085e-10,4.4092902939940615e-11,4.4092902411323716e-11,0.031709249177048766,0.03170924917293246,-0.030907308875405614,-0.030907308919498517,-4.527524265714283,-4.478562431158794,3.9941426945663454,6.962973354684257e-05,4.228896709431369,-1.695692475323085e-10,-0.030907308919498517,0.056450678734717465,4.75,1.024e-09,1.024e-09,4.4092902939940615e-11,-1.695683593538888e-10
2.0,7.0,2.0,2.0,512.0,7.0,73.0,1.0,0.00048828125,1.0,3.0395624096310785e-21,1.46944237703562e-20,1.7143175767841967e-10,4.053666430303693e-11,4.05366651354033e-11,0.029957262406007833,0.029957262402190536,-0.027036791125962644,-0.02703679116649931,-4.56081201435838,-4.494372308390806,4.073598949202926,6.551755803445114e-05,4.359579393108963,-1.7143175767841967e-10,-0.02703679116649931,0.050329969122035134,4.75,2.048e-09,2.048e-09,4.053666430303693e-11,-1.7143175767841967e-10
2.0,7.0,2.0,2.0,512.0,7.0,74.0,1.0,0.00048828125,1.0,1.46944237703562e-20,7.31443893639196e-20,3.8247716105388463e-10,8.912953014528213e-11,8.912953020331848e-11,0.029957262402190536,0.02995726241058382,-0.02703679116649931,-0.027036791077369778,-4.560812014198907,-4.494372308773191,4.073598949202926,6.551755807914459e-05,4.359579393200495,3.8247716105388463e-10,-0.027036791077369778,0.05032996917342329,4.75,2.048e-09,2.048e-09,8.912953014528213e-11,3.8247716105388463e-10
2.0,7.0,2.0,2.0,512.0,7.0,75.0,1.0,0.00048828125,1.0,7.31443893639196e-20,3.56003460827652e-19,8.43805025851907e-10,1.9885469312863613e-10,1.9885469380618789e-10,0.02995726241058382,0.029957262391857774,-0.027036791077369778,-0.02703679127622447,-4.560812014554703,-4.494372307929306,4.073598949202926,6.551755798087536e-05,4.3595793929992395,-8.43805025851907e-10,-0.02703679127622447,0.050329969058772434,4.75,2.048e-09,2.048e-09,1.9885469312863613e-10,-8.438059140303267e-10
2.0,7.0,2.0,2.0,512.0,7.0,76.0,1.0,0.00048828125,1.0,3.56003460827652e-19,1.7213721003142603e-18,1.8554633385292618e-09,4.387050410448179e-10,4.387050408779128e-10,0.029957262391857774,0.02995726243317043,-0.02703679127622447,-0.02703679083751943,-4.560812013769762,-4.494372309784973,4.073598949202926,6.551755820012137e-05,4.359579393448255,1.8554633385292618e-09,-0.02703679083751943,0.050329969311710514,4.75,2.048e-09,2.048e-09,4.387050410448179e-10,1.8554642267076815e-09
2.0,7.0,2.0,2.0,512.0,7.0,77.0,2.0,0.00048828125,0.3333333333333333,1.7213721003142603e-18,8.335620685303637e-21,1.291171614070663e-10,3.2155964696523043e-10,9.646789411042382e-10,0.02995726243317043,0.029957262402889314,-0.02703679083751943,-0.027036791159079077,-4.560812014345103,-4.494372308418935,4.073598949202926,6.551755771642989e-05,4.359579392457656,-1.291171614070663e-10,-0.027036791159079077,0.05032996912631336,4.75,2.048e-09,2.048e-09,3.2155964696523043e-10,-1.291162732286466e-10
2.0,7.0,2.0,2.0,512.0,7.0,78.0,1.0,0.00048828125,1.0,8.335620685303637e-21,4.184548669755659e-20,2.89293922151046e-10,6.712937150599174e-11,6.71293723606927e-11,0.029957262402889314,0.029957262409210834,-0.027036791159079077,-0.027036791091949706,-4.560812014224994,-4.494372308708141,4.073598949202926,6.551755807096347e-05,4.35957939318374,2.89293922151046e-10,-0.027036791091949706,0.05032996916501708,4.75,2.048e-09,2.048e-09,6.712937150599174e-11,2.89293922151046e-10
2.0,7.0,2.0,2.0,512.0,7.0,79.0,1.0,0.00048828125,1.0,4.184548669755659e-20,2.0536260115100345e-19,6.408784614109209e-10,1.5040746773054003e-10,1.5040746716929354e-10,0.029957262409210834,0.02995726239504703,-0.027036791091949706,-0.027036791242357174,-4.560812014494107,-4.494372308067318,4.073598949202926,6.551755799695038e-05,4.359579393032162,-6.408784614109209e-10,-0.027036791242357174,0.0503299690782988,4.75,2.048e-09,2.048e-09,1.5040746773054003e-10,-6.408784614109209e-10
2.0,7.0,2.0,2.0,512.0,7.0,80.0,1.0,0.00048828125,1.0,2.0536260115100345e-19,9.913557227462705e-19,1.4080878685263087e-09,3.3320056089247707e-10,3.3320056192809453e-10,0.02995726239504703,0.02995726242642438,-0.027036791242357174,-0.027036790909156613,-4.5608120138979364,-4.4943723094755486,4.073598949202926,6.551755816278119e-05,4.359579393371783,1.4080878685263087e-09,-0.027036790909156613,0.05032996927040746,4.75,2.048e-09,2.048e-09,3.3320056089247707e-10,1.4080878685263087e-09
2.0,7.0,2.0,2.0,1024.0,10.0,73.0,1.0,0.000244140625,1.0,1.063568158889573e-22,6.008205848384997e-23,1.0955680807001045e-11,6.161071652854844e-12,6.161071297540217e-12,0.029628207767320967,0.029628207767848014,-0.14232271506398317,-0.1423227150578221,-4.567064052410888,-4.214209586860137,3.8587826835145385,0.00013947614628710017,4.554257347165462,1.0955680807001045e-11,-0.1423227150578221,0.031138872726197794,4.75,4.096e-09,4.096e-09,6.161071652854844e-12,1.0584422227566392e-11
2.0,7.0,2.0,2.0,1024.0,10.0,74.0,1.0,0.000244140625,1.0,6.008205848384997e-23,3.4959873794893584e-23,8.360423464637279e-12,4.580641421725318e-12,4.580652865423546e-12,0.029628207767848014,0.02962820776746061,-0.1423227150578221,-0.14232271506240274,-4.567064052418249,-4.214209586851887,3.8587826835145385,0.00013947614628435424,4.5542573471542145,-8.360423464637279e-12,-0.14232271506240274,0.031138872725006973,4.75,4.096e-09,4.096e-09,4.580641421725318e-12,-8.208544954868557e-12
2.0,7.0,2.0,2.0,1024.0,10.0,75.0,1.0,0.000244140625,1.0,3.4959873794893584e-23,1.4933032411763812e-23,5.4649618164148706e-12,3.5265124154193472e-12,3.526510592212882e-12,0.02962820776746061,0.029628207767761778,-0.14232271506240274,-0.14232271505887623,-4.567064052412526,-4.214209586857549,3.8587826835145385,0.00013947614628639576,4.554257347162577,5.4649618164148706e-12,-0.14232271505887623,0.031138872725932708,4.75,4.096e-09,4.096e-09,3.5265124154193472e-12,5.448974604860268e-12
2.0,7.0,2.0,2.0,1024.0,10.0,76.0,1.0,0.000244140625,1.0,1.4933032411763812e-23,3.536094645632605e-24,2.6556534749033744e-12,2.324779257989462e-12,2.324777102568552e-12,0.029628207767761778,0.029628207767561407,-0.14232271505887623,-0.142322715061201,-4.567064052416334,-4.214209586854475,3.8587826835145385,0.00013947614628482402,4.554257347156139,-2.6556534749033744e-12,-0.142322715061201,0.0311388727253169,4.75,4.096e-09,4.096e-09,2.324779257989462e-12,-2.7968738436356944e-12
2.0,7.0,2.0,2.0,1024.0,10.0,77.0,1.0,0.000244140625,1.0,3.536094645632605e-24,7.908614564766523e-25,1.2470025012589758e-12,1.1647349751342517e-12,1.1647457859718073e-12,0.029628207767561407,0.02962820776766505,-0.142322715061201,-0.14232271506003627,-4.567064052414365,-4.214209586855931,3.8587826835145385,0.00013947614628586022,4.554257347160384,1.2470025012589758e-12,-0.14232271506003627,0.03113887272563538,4.75,4.096e-09,4.096e-09,1.1647349751342517e-12,1.0835776720341528e-12
2.0,7.0,2.0,2.0,1024.0,10.0,78.0,1.0,0.000244140625,1.0,7.908614564766523e-25,4.1264525091205907e-26,2.8066438062523957e-13,4.927447339042601e-13,4.927553033558674e-13,0.02962820776766505,0.02962820776762605,-0.14232271506003627,-0.14232271506052901,-4.567064052415105,-4.214209586855931,3.8587826835145385,0.00013947614628534105,4.554257347158257,2.8066438062523957e-13,-0.14232271506052901,0.031138872725515503,4.75,4.096e-09,4.096e-09,4.927447339042601e-13,3.4283687000424834e-13
2.0,7.0,2.0,2.0,1024.0,11.0,73.0,2.0,0.000244140625,0.3333333333333333,7.846032226474949e-18,9.683428769757185e-19,1.3916485741560791e-09,6.53682252424459e-10,1.9610467564025373e-09,0.02692050616260733,0.026920506099918296,-0.013839840329162944,-0.013839840982845197,-4.618510384101553,-4.560829194815572,4.214209586855931,4.830991639456689e-05,4.5636343726288535,-1.3916485741560791e-09,-0.013839840982845197,0.043212356809901334,4.75,4.096e-09,4.096e-09,6.53682252424459e-10,-1.3916494623344988e-09
2.0,7.0,2.0,2.0,1024.0,11.0,74.0,2.0,0.000244140625,0.3333333333333333,9.683428769757185e-19,1.1956612256935113e-19,4.890114979616556e-10,2.296446661304019e-10,6.889339999672911e-10,0.026920506099918296,0.02692050612194154,-0.013839840982845197,-0.01383984075320053,-4.618510383683111,-4.560829196232316,4.214209586855931,4.8309917432755946e-05,4.563634376881276,4.890114979616556e-10,-0.01383984075320053,0.043212356943699765,4.75,4.096e-09,4.096e-09,2.296446661304019e-10,4.890114979616556e-10
2.0,7.0,2.0,2.0,1024.0,11.0,75.0,1.0,0.000244140625,1.0,1.1956612256935113e-19,1.1089242678912556e-18,1.489244283447988e-09,2.4208448093365753e-10,2.4208448063115226e-10,0.02692050612194154,0.026920506098725306,-0.01383984075320053,-0.013839840995285011,-4.618510384124219,-4.560829194742917,4.214209586855931,4.8309917068030443e-05,4.563634375387361,-1.489244283447988e-09,-0.013839840995285011,0.043212356802653534,4.75,4.096e-09,4.096e-09,2.4208448093365753e-10,-1.489244283447988e-09
2.0,7.0,2.0,2.0,1024.0,11.0,76.0,2.0,0.000244140625,0.3333333333333333,1.1089242678912556e-18,1.3743345390136181e-19,5.242775102942687e-10,2.457494555074824e-10,7.372483676009929e-10,0.026920506098725306,0.026920506122293016,-0.013839840995285011,-0.013839840749535556,-4.618510383676433,-4.560829196259994,4.214209586855931,4.830991745251306e-05,4.563634376962201,5.242775102942687e-10,-0.013839840749535556,0.0432123569458351,4.75,4.096e-09,4.096e-09,2.457494555074824e-10,5.24276622115849e-10
2.0,7.0,2.0,2.0,1024.0,11.0,77.0,1.0,0.000244140625,1.0,1.3743345390136181e-19,1.3059903143574693e-18,1.6161623150878768e-09,2.5954269983197165e-10,2.595427004943928e-10,0.026920506122293016,0.026920506097402545,-0.013839840749535556,-0.013839841009078256,-4.618510384149351,-4.560829194644316,4.214209586855931,4.830991706220968e-05,4.5636343753635185,-1.6161623150878768e-09,-0.013839841009078256,0.04321235679461723,4.75,4.096e-09,4.096e-09,2.5954269983197165e-10,-1.6161605387310374e-09
2.0,7.0,2.0,2.0,1024.0,11.0,78.0,2.0,0.000244140625,0.3333333333333333,1.3059903143574693e-18,1.6630708000023337e-19,5.767271105128202e-10,2.6669291774972237e-10,8.000787533995827e-10,0.026920506097402545,0.026920506122978735,-0.013839841009078256,-0.013839840742385338,-4.618510383663404,-4.560829196298051,4.214209586855931,4.830991747441971e-05,4.5636343770519305,5.767271105128202e-10,-0.013839840742385338,0.04321235695000109,4.75,4.096e-09,4.096e-09,2.6669291774972237e-10,5.767271105128202e-10
2.0,7.0,2.0,2.0,1024.0,11.0,79.0,1.0,0.000244140625,1.0,1.6630708000023337e-19,1.538187216724735e-18,1.7539596441906724e-09,2.855079766356239e-10,2.8550797599080537e-10,0.026920506122978735,0.02692050609559813,-0.013839840742385338,-0.013839841027893315,-4.618510384183636,-4.5608291945439845,4.214209586855931,4.8309917050853584e-05,4.563634375317004,-1.7539596441906724e-09,-0.013839841027893315,0.04321235678365493,4.75,4.096e-09,4.096e-09,2.855079766356239e-10,-1.7539596441906724e-09
2.0,7.0,2.0,2.0,1024.0,11.0,80.0,2.0,0.000244140625,0.3333333333333333,1.538187216724735e-18,1.8097924244479923e-19,6.016298570443723e-10,2.8943178236040534e-10,8.682953486904955e-10,0.02692050609559813,0.026920506123355035,-0.013839841027893315,-0.013839840738461532,-4.618510383656254,-4.56082919631535,4.214209586855931,4.8309917504302115e-05,4.5636343771743295,6.016298570443723e-10,-0.013839840738461532,0.04321235695228723,4.75,4.096e-09,4.096e-09,2.8943178236040534e-10,6.01630745222792e-10
2.0,7.0,2.0,2.0,2048.0,18.0,73.0,1.0,0.0001220703125,1.0,8.700304862021392e-19,1.9244473450679426e-18,1.9618600077819792e-09,5.459557528286751e-10,5.459557510571249e-10,0.026997595486615473,0.026997595434841013,-0.03638123635449851,-0.036381236900454264,-4.61704568673802,-4.457988212976391,4.166069609194876,7.49918876614807e-05,4.9008512211808775,-1.9618600077819792e-09,-0.036381236900454264,0.04099278630452306,4.75,8.192e-09,8.192e-09,5.459557528286751e-10,-1.9618600077819792e-09
2.0,7.0,2.0,2.0,2048.0,18.0,74.0,1.0,0.0001220703125,1.0,1.9244473450679426e-18,4.2666325714891225e-18,2.9211753016511466e-09,8.119762709424272e-10,8.119762733528071e-10,0.026997595434841013,0.02699759551184289,-0.036381236900454264,-0.03638123608847799,-4.617045685274985,-4.457988215897078,4.166069609194876,7.499188817348983e-05,4.900851225375256,2.9211753016511466e-09,-0.03638123608847799,0.040992786535528694,4.75,8.192e-09,8.192e-09,8.119762709424272e-10,2.9211753016511466e-09
2.0,7.0,2.0,2.0,2048.0,18.0,75.0,1.0,0.0001220703125,1.0,4.2666325714891225e-18,9.454688487837392e-18,4.348491344785543e-09,1.2090184478563692e-09,1.2090184456971032e-09,0.02699759551184289,0.026997595397188438,-0.03638123608847799,-0.03638123729749644,-4.61704568745342,-4.457988211548903,4.166069609194876,7.499188741200087e-05,4.900851219137138,-4.348491344785543e-09,-0.03638123729749644,0.04099278619156533,4.75,8.192e-09,8.192e-09,1.2090184478563692e-09,-4.348491344785543e-09
2.0,7.0,2.0,2.0,2048.0,18.0,76.0,1.0,0.0001220703125,1.0,9.454688487837392e-18,2.090469402151542e-17,6.466017943296265e-09,1.7997570170291688e-09,1.7997570196519962e-09,0.026997595397188438,0.02699759556786423,-0.03638123729749644,-0.036381235497739424,-4.61704568421058,-4.457988218015537,4.166069609194876,7.499188854584458e-05,4.900851228425586,6.466017943296265e-09,-0.036381235497739424,0.040992786703592715,4.75,8.192e-09,8.192e-09,1.7997570170291688e-09,6.466017943296265e-09
2.0,7.0,2.0,2.0,2048.0,18.0,77.0,2.0,0.0001220703125,0.3333333333333333,2.090469402151542e-17,6.125227642689589e-19,1.1068177485640263e-09,8.920535629619586e-10,2.67616067958267e-09,0.02699759556786423,0.026997595483268397,-0.036381235497739424,-0.03638123638979299,-4.6170456858179,-4.457988214811173,4.166069609194876,7.499188685799343e-05,4.90085121459871,1.1068177485640263e-09,-0.03638123638979299,0.04099278644980518,4.75,8.192e-09,8.192e-09,8.920535629619586e-10,1.1068177485640263e-09
2.0,7.0,2.0,2.0,2048.0,18.0,78.0,1.0,0.0001220703125,1.0,6.125227642689589e-19,1.3499061176123072e-18,1.6431105365199983e-09,4.580904960915788e-10,4.5809049356472614e-10,0.026997595483268397,0.02699759543982643,-0.03638123638979299,-0.03638123684788348,-4.617045686643298,-4.457988213167676,4.166069609194876,7.49918876945806e-05,4.900851221452031,-1.6431105365199983e-09,-0.03638123684788348,0.04099278631947929,4.75,8.192e-09,8.192e-09,4.580904960915788e-10,-1.6431105365199983e-09
2.0,7.0,2.0,2.0,2048.0,18.0,79.0,1.0,0.0001220703125,1.0,1.3499061176123072e-18,2.9820538261094245e-18,2.4421522581974386e-09,6.800517718397181e-10,6.800517743082778e-10,0.02699759543982643,0.026997595504317583,-0.03638123684788348,-0.03638123616783171,-4.617045685417966,-4.457988215610149,4.166069609194876,7.49918881241878e-05,4.900851224971374,2.4421522581974386e-09,-0.03638123616783171,0.04099278651295274,4.75,8.192e-09,8.192e-09,6.800517718397181e-10,2.4421522581974386e-09
2.0,7.0,2.0,2.0,2048.0,18.0,80.0,1.0,0.0001220703125,1.0,2.9820538261094245e-18,6.587941694215613e-18,3.629859968157234e-09,1.0107598993891465e-09,1.0107599020078954e-09,0.026997595504317583,0.026997595408464505,-0.03638123616783171,-0.03638123717859161,-4.617045687239174,-4.457988211979621,4.166069609194876,7.499188748642051e-05,4.900851219746784,-3.629859968157234e-09,-0.03638123717859161,0.040992786225393506,4.75,8.192e-09,8.192e-09,1.0107598993891465e-09,-3.6298590799788144e-09
2.0,7.0,2.0,2.0,4096.0,32.0,73.0,1.0,6.103515625e-05,1.0,1.6772543235629765e-23,1.67828303762643e-23,5.793587831703917e-12,1.6546763959013333e-12,1.6546754809994485e-12,0.02344107173703652,0.02344107173719258,-0.07507172417374158,-0.0750717241720869,-4.684619636993341,-4.34649072796795,4.140038880191743,0.00010426545931335751,5.955060603518987,5.793587831703917e-12,-0.0750717241720869,0.03032321521157773,4.75,1.6384e-08,1.6384e-08,1.6546763959013333e-12,5.792699653284217e-12
2.0,7.0,2.0,2.0,4096.0,32.0,74.0,1.0,6.103515625e-05,1.0,1.67828303762643e-23,1.6777685031009995e-23,5.792699653284217e-12,1.6551898740502224e-12,1.655186144979844e-12,0.02344107173719258,0.023441071737036516,-0.0750717241720869,-0.0750717241737421,-4.684619636996306,-4.346490727962968,4.140038880191743,0.00010426545931231207,5.955060603501859,-5.792699653284217e-12,-0.0750717241737421,0.030323215211109547,4.75,1.6384e-08,1.6384e-08,1.6551898740502224e-12,-5.791811474864517e-12
2.0,7.0,2.0,2.0,4096.0,32.0,75.0,1.0,6.103515625e-05,1.0,1.6777685031009995e-23,1.6777684636579543e-23,5.792699653284217e-12,1.6550094628087209e-12,1.6550072928862248e-12,0.023441071737036516,0.023441071737192547,-0.0750717241737421,-0.07507172417208709,-4.684619636993341,-4.34649072796795,4.140038880191743,0.00010426545931335782,5.955060603518993,5.792699653284217e-12,-0.07507172417208709,0.03032321521157764,4.75,1.6384e-08,1.6384e-08,1.6550094628087209e-12,5.792699653284217e-12
2.0,7.0,2.0,2.0,4096.0,32.0,76.0,1.0,6.103515625e-05,1.0,1.6777684636579543e-23,1.6777684636579543e-23,5.792699653284217e-12,1.65507885174776e-12,1.6550790827623446e-12,0.023441071737192547,0.023441071737036478,-0.07507172417208709,-0.07507172417374217,-4.684619636996307,-4.346490727962968,4.140038880191743,0.00010426545931231218,5.9550606035018605,-5.792699653284217e-12,-0.07507172417374217,0.03032321521110943,4.75,1.6384e-08,1.6384e-08,1.65507885174776e-12,-5.792699653284217e-12
2.0,7.0,2.0,2.0,4096.0,32.0,77.0,1.0,6.103515625e-05,1.0,1.6777684636579543e-23,1.6777684636579543e-23,5.792699653284217e-12,1.65507885174776e-12,1.6550790827542428e-12,0.023441071737036478,0.023441071737192547,-0.07507172417374217,-0.07507172417208709,-4.684619636993341,-4.34649072796795,4.140038880191743,0.00010426545931335787,5.9550606035189935,5.792699653284217e-12,-0.07507172417208709,0.03032321521157764,4.75,1.6384e-08,1.6384e-08,1.65507885174776e-12,5.792699653284217e-12
2.0,7.0,2.0,2.0,4096.0,32.0,78.0,1.0,6.103515625e-05,1.0,1.6777684636579543e-23,1.6777684636579543e-23,5.792699653284217e-12,1.65507885174776e-12,1.6550790827623446e-12,0.023441071737192547,0.023441071737036478,-0.07507172417208709,-0.07507172417374217,-4.684619636996307,-4.346490727962968,4.140038880191743,0.00010426545931231218,5.9550606035018605,-5.792699653284217e-12,-0.07507172417374217,0.03032321521110943,4.75,1.6384e-08,1.6384e-08,1.65507885174776e-12,-5.792699653284217e-12
2.0,7.0,2.0,2.0,4096.0,32.0,79.0,1.0,6.103515625e-05,1.0,1.6777684636579543e-23,1.6777684636579543e-23,5.792699653284217e-12,1.65507885174776e-12,1.6550790827542428e-12,0.023441071737036478,0.023441071737192547,-0.07507172417374217,-0.07507172417208709,-4.684619636993341,-4.34649072796795,4.140038880191743,0.00010426545931335787,5.9550606035189935,5.792699653284217e-12,-0.07507172417208709,0.03032321521157764,4.75,1.6384e-08,1.6384e-08,1.65507885174776e-12,5.792699653284217e-12
2.0,7.0,2.0,2.0,4096.0,32.0,80.0,1.0,6.103515625e-05,1.0,1.6777684636579543e-23,1.6777684636579543e-23,5.792699653284217e-12,1.65507885174776e-12,1.6550790827623446e-12,0.023441071737192547,0.023441071737036478,-0.07507172417208709,-0.07507172417374217,-4.684619636996307,-4.346490727962968,4.140038880191743,0.00010426545931231218,5.9550606035018605,-5.792699653284217e-12,-0.07507172417374217,0.03032321521110943,4.75,1.6384e-08,1.6384e-08,1.65507885174776e-12,-5.792699653284217e-12
2.0,7.0,2.0,3.0,2.0,2.0,73.0,1.0,0.125,1.0,1.2958776274451537e-12,9.430563209839621e-13,1.3733581623043278e-06,1.0771166177314662e-06,1.0771166177391795e-06,0.05418111343086956,0.05418102877763268,-0.22538489354459845,-0.22538597066121618,-4.100560453224979,-4.094135168976701,3.1417985002580897,0.0001719017879950695,3.3229704292434805,-1.3733581623043278e-06,-0.22538597066121618,0.08320472736714547,4.75,8e-12,8e-12,1.0771166177314662e-06,-1.3733580859209837e-06
2.0,7.0,2.0,3.0,2.0,2.0,74.0,1.0,0.125,1.0,9.430563209839621e-13,6.86295194916631e-13,1.1715760281916232e-06,9.188604195020655e-07,9.188604194894809e-07,0.05418102877763268,0.05418110099312676,-0.22538597066121618,-0.22538505180079668,-4.100559081130592,-4.09413634055273,3.1417985002580897,0.00017190216144459045,3.3229704322310765,1.1715760281916232e-06,-0.22538505180079668,0.08320495717669299,4.75,8e-12,8e-12,9.188604195020655e-07,1.1715759615782417e-06
2.0,7.0,2.0,3.0,2.0,2.0,75.0,1.0,0.125,1.0,6.86295194916631e-13,4.994406726362093e-13,9.994405161251052e-07,7.838558587491828e-07,7.838558587518901e-07,0.05418110099312676,0.05418103938797226,-0.22538505180079668,-0.22538583565665543,-4.100560251628527,-4.094135341112214,3.1417985002580897,0.00017190184286449244,3.3229704296824356,-9.994405161251052e-07,-0.22538583565665543,0.08320476113216177,4.75,8e-12,8e-12,7.838558587491828e-07,-9.994404592816863e-07
2.0,7.0,2.0,3.0,2.0,2.0,76.0,1.0,0.125,1.0,4.994406726362093e-13,3.634598477089652e-13,8.525958570260173e-07,6.68686695542986e-07,6.686866955326832e-07,0.05418103938797226,0.05418109194169975,-0.22538583565665543,-0.2253851669699599,-4.100559253107705,-4.0941361937080725,3.1417985002580897,0.00017190211463690948,3.322970431856615,8.525958570260173e-07,-0.2253851669699599,0.08320492837256489,4.75,8e-12,8e-12,6.68686695542986e-07,8.525958081762042e-07
2.0,7.0,2.0,3.0,2.0,2.0,77.0,1.0,0.125,1.0,3.634598477089652e-13,2.64502532113565e-13,7.273273432417682e-07,5.704386583094134e-07,5.704386583145579e-07,0.05418109194169975,0.05418104710952651,-0.2253851669699599,-0.2253857374086182,-4.100560104918996,-4.09413546638073,3.1417985002580897,0.00017190188279508288,3.3229704300018805,-7.273273432417682e-07,-0.2253857374086182,0.08320478570426927,4.75,8e-12,8e-12,5.704386583094134e-07,-7.27327300609204e-07
2.0,7.0,2.0,3.0,2.0,2.0,78.0,1.0,0.125,1.0,2.64502532113565e-13,1.9248785939941907e-13,6.204641156415391e-07,4.866263771108326e-07,4.866263771106827e-07,0.05418104710952651,0.05418108535468699,-0.2253857374086182,-0.2253852507822411,-4.100559378260947,-4.094136086844846,3.1417985002580897,0.00017190208057314127,3.322970431584105,6.204641156415391e-07,-0.2253852507822411,0.08320490741088006,4.75,8e-12,8e-12,4.866263771108326e-07,6.204640801144023e-07
2.0,7.0,2.0,3.0,2.0,2.0,79.0,1.0,0.125,1.0,1.9248785939941907e-13,1.4008006173207792e-13,5.293015430396508e-07,4.1512835688428673e-07,4.1512835689492716e-07,0.05418108535468699,0.05418105272873122,-0.2253852507822411,-0.22538566591059797,-4.1005599981541065,-4.094135557543302,3.1417985002580897,0.00017190191185384278,3.3229704302343506,-5.293015430396508e-07,-0.22538566591059797,0.08320480358612303,4.75,8e-12,8e-12,4.1512835688428673e-07,-5.293015146179414e-07
2.0,7.0,2.0,3.0,2.0,2.0,80.0,1.0,0.125,1.0,1.4008006173207792e-13,1.0194118279984534e-13,4.515333493770868e-07,3.541350331315307e-07,3.541350331390297e-07,0.05418105272873122,0.05418108056107212,-0.22538566591059797,-0.22538531177556484,-4.10055946933963,-4.094136009076652,3.1417985002580897,0.00017190205578391835,3.3229704313857913,4.515333493770868e-07,-0.22538531177556484,0.08320489215628024,4.75,8e-12,8e-12,3.541350331315307e-07,4.5153332450809103e-07
2.0,7.0,2.0,3.0,4.0,2.0,73.0,1.0,0.0625,1.0,2.6583888395742407e-14,1.8348017964701998e-14,1.9156209418724757e-07,1.552454022279992e-07,1.5524540223771084e-07,0.05465872698747628,0.0546587148746723,-0.23847119153081228,-0.2384713467762145,-4.091484417381226,-4.077723722564061,3.1155756891308886,0.0001763690298026336,3.2950260918474084,-1.9156209418724757e-07,-0.2384713467762145,0.08297145703142296,4.75,1.6e-11,1.6e-11,1.552454022279992e-07,-1.915620817527497e-07
2.0,7.0,2.0,3.0,4.0,2.0,74.0,1.0,0.0625,1.0,1.8348017964701998e-14,1.2663644007415946e-14,1.591454932281522e-07,1.2897456513893957e-07,1.2897456512644882e-07,0.0546587148746723,0.05465872493773117,-0.2384713467762145,-0.23847121780164937,-4.091484226183108,-4.077723881709555,3.1155756891308886,0.00017636908199238462,3.2950260926824444,1.591454932281522e-07,-0.23847121780164937,0.08297148913677936,4.75,1.6e-11,1.6e-11,1.2897456513893957e-07,1.5914548257001115e-07
2.0,7.0,2.0,3.0,4.0,2.0,75.0,1.0,0.0625,1.0,1.2663644007415946e-14,8.74038171864735e-15,1.3221483818881552e-07,1.0714917739185204e-07,1.0714917740160164e-07,0.05465872493773117,0.054658716577567476,-0.23847121780164937,-0.23847132495082676,-4.091484385026218,-4.077723749494716,3.1155756891308886,0.00017636903863425517,3.295026091988714,-1.3221483818881552e-07,-0.23847132495082676,0.08297146246436896,4.75,1.6e-11,1.6e-11,1.0714917739185204e-07,-1.3221483108338816e-07
2.0,7.0,2.0,3.0,4.0,2.0,76.0,1.0,0.0625,1.0,8.74038171864735e-15,6.0326489141760104e-15,1.0984214959819383e-07,8.901735709665459e-08,8.901735709727519e-08,0.054658716577567476,0.05465872352302149,-0.23847132495082676,-0.23847123593346967,-4.091484253062592,-4.077723859336864,3.1155756891308886,0.00017636907465521802,3.2950260925650494,1.0984214959819383e-07,-0.23847123593346967,0.08297148462326513,4.75,1.6e-11,1.6e-11,8.901735709665459e-08,1.0984214338094489e-07
2.0,7.0,2.0,3.0,4.0,2.0,77.0,1.0,0.0625,1.0,6.0326489141760104e-15,4.1637016071949454e-15,9.125460653791606e-08,7.395431519952034e-08,7.395431518791755e-08,0.05465872352302149,0.05465871775284011,-0.23847123593346967,-0.23847130988778487,-4.091484362696038,-4.077723768082257,3.1155756891308886,0.00017636904472973538,3.2950260920862418,-9.125460653791606e-08,-0.23847130988778487,0.08297146621397912,4.75,1.6e-11,1.6e-11,7.395431519952034e-08,-9.125460032066712e-08
2.0,7.0,2.0,3.0,4.0,2.0,78.0,1.0,0.0625,1.0,4.1637016071949454e-15,2.8737274002964105e-15,7.581197003503348e-08,6.143972924865793e-08,6.143972925893855e-08,0.05465871775284011,0.054658722546588476,-0.23847130988778487,-0.23847124844805562,-4.091484271614819,-4.077723843894229,3.1155756891308886,0.00017636906959138808,3.2950260924840284,7.581197003503348e-08,-0.23847124844805562,0.08297148150803643,4.75,1.6e-11,1.6e-11,6.143972924865793e-08,7.58119664823198e-08
2.0,7.0,2.0,3.0,4.0,2.0,79.0,1.0,0.0625,1.0,2.8737274002964105e-15,1.983451585920705e-15,6.29833563081661e-08,5.104254061083502e-08,5.1042540619768947e-08,0.054658722546588476,0.054658718564066074,-0.23847124844805562,-0.23847129949059623,-4.091484347282744,-4.077723780910873,3.1155756891308886,0.0001763690489368369,3.2950260921535555,-6.29833563081661e-08,-0.23847129949059623,0.08297146880212838,4.75,1.6e-11,1.6e-11,5.104254061083502e-08,-6.298335364363083e-08
2.0,7.0,2.0,3.0,4.0,2.0,80.0,1.0,0.0625,1.0,1.983451585920705e-15,1.3689857336470966e-15,5.232562916290817e-08,4.2405315786586684e-08,4.2405315775711925e-08,0.054658718564066074,0.05465872187268117,-0.23847129949059623,-0.23847125708528044,-4.091484284419058,-4.077723833236502,3.1155756891308886,0.00017636906609610486,3.295026092428104,5.232562916290817e-08,-0.23847125708528044,0.08297147935799107,4.75,1.6e-11,1.6e-11,4.2405315786586684e-08,5.232562649837291e-08
2.0,7.0,2.0,3.0,8.0,2.0,73.0,1.0,0.03125,1.0,1.479720348165681e-17,9.238063404696138e-18,4.298386535595e-09,3.705208528881343e-09,3.7052085543063195e-09,0.05541398657456245,0.0554139862894956,-0.26510744781800344,-0.26510745152321197,-4.077134260499584,-4.0458655405412305,3.065206983705986,0.00018506466612775032,3.242256128447512,-4.298386535595e-09,-0.26510745152321197,0.08212112537971417,4.75,3.2e-11,3.2e-11,3.705208528881343e-09,-4.298384759238161e-09
2.0,7.0,2.0,3.0,8.0,2.0,74.0,1.0,0.03125,1.0,9.238063404696138e-18,5.767442369202681e-18,3.396304570912889e-09,2.927609876746118e-09,2.927609854268155e-09,0.0554139862894956,0.05541398651473647,-0.26510745152321197,-0.2651074485956021,-4.077134256220007,-4.045865543937535,3.065206983705986,0.00018506466730325,3.242256128485128,3.396304570912889e-09,-0.2651074485956021,0.08212112610174833,4.75,3.2e-11,3.2e-11,2.927609876746118e-09,3.396304570912889e-09
2.0,7.0,2.0,3.0,8.0,2.0,75.0,1.0,0.03125,1.0,5.767442369202681e-18,3.600880722548211e-18,2.6836097788418556e-09,2.3132067927811306e-09,2.313206766226336e-09,0.05541398651473647,0.05541398633676576,-0.2651074485956021,-0.2651074509088089,-4.077134259601451,-4.045865541253926,3.065206983705986,0.00018506466637444814,3.2422561284554066,-2.6836097788418556e-09,-0.2651074509088089,0.0821211255312438,4.75,3.2e-11,3.2e-11,2.3132067927811306e-09,-2.6836106670202753e-09
2.0,7.0,2.0,3.0,8.0,2.0,76.0,1.0,0.03125,1.0,3.600880722548211e-18,2.248369828727534e-18,2.1205517342082203e-09,1.8277942492872512e-09,1.8277942346874704e-09,0.05541398633676576,0.055413986477390396,-0.2651074509088089,-0.26510744908101463,-4.0771342569295825,-4.045865543374477,3.065206983705986,0.0001850646671083269,3.2422561284788904,2.1205517342082203e-09,-0.26510744908101463,0.08212112598203142,4.75,3.2e-11,3.2e-11,1.8277942492872512e-09,2.1205517342082203e-09
2.0,7.0,2.0,3.0,8.0,2.0,77.0,1.0,0.03125,1.0,2.248369828727534e-18,1.4043105007330057e-18,1.6758940901695496e-09,1.4442979034967607e-09,1.4442979195712778e-09,0.055413986477390396,0.05541398636627077,-0.26510744908101463,-0.26510745052531254,-4.0771342590408555,-4.045865541698585,3.065206983705986,0.00018506466652844819,3.242256128460334,-1.6758940901695496e-09,-0.26510745052531254,0.08212112562582533,4.75,3.2e-11,3.2e-11,1.4442979034967607e-09,-1.67589320199113e-09
2.0,7.0,2.0,3.0,8.0,2.0,78.0,1.0,0.03125,1.0,1.4043105007330057e-18,8.77184915250938e-19,1.3245262664440816e-09,1.1414433842560356e-09,1.141443373775548e-09,0.05541398636627077,0.05541398645408972,-0.26510745052531254,-0.26510744938386915,-4.077134257372295,-4.045865543023109,3.065206983705986,0.00018506466698666038,3.242256128474997,1.3245262664440816e-09,-0.26510744938386915,0.08212112590733855,4.75,3.2e-11,3.2e-11,1.1414433842560356e-09,1.3245262664440816e-09
2.0,7.0,2.0,3.0,8.0,2.0,79.0,1.0,0.03125,1.0,8.77184915250938e-19,5.480578165784934e-19,1.0469554112546575e-09,9.021284830268428e-10,9.021284606714303e-10,0.05541398645408972,0.055413986384682846,-0.26510744938386915,-0.26510745028599764,-4.077134258691026,-4.045865541976155,3.065206983705986,0.00018506466662453062,3.242256128463409,-1.0469554112546575e-09,-0.26510745028599764,0.08212112568484735,4.75,3.2e-11,3.2e-11,9.021284830268428e-10,-1.0469554112546575e-09
2.0,7.0,2.0,3.0,8.0,2.0,80.0,1.0,0.03125,1.0,5.480578165784934e-19,3.4246546463421333e-19,8.276055396549964e-10,7.130762647022948e-10,7.130762665682135e-10,0.055413986384682846,0.05541398643954465,-0.26510745028599764,-0.26510744957292137,-4.077134257648652,-4.045865542803759,3.065206983705986,0.00018506466691073633,3.2422561284725675,8.276055396549964e-10,-0.26510744957292137,0.08212112586071274,4.75,3.2e-11,3.2e-11,7.130762647022948e-10,8.276046514765767e-10
2.0,7.0,2.0,3.0,16.0,2.0,73.0,1.0,0.015625,1.0,1.2520243789785223e-20,6.5279961951937855e-21,1.1426282142679156e-10,1.099317858965776e-10,1.099317753206118e-10,0.05616439819722547,0.05616439820546485,-0.32089365518693275,-0.32089365507700096,-4.062876434096168,-3.9847316900211287,2.9721776623584706,0.00020184150819157757,3.1477249680804364,1.1426282142679156e-10,-0.32089365507700096,0.07876207070142513,4.75,6.4e-11,6.4e-11,1.099317858965776e-10,1.1426815049730976e-10
2.0,7.0,2.0,3.0,16.0,2.0,74.0,1.0,0.015625,1.0,6.5279961951937855e-21,3.4267793149925604e-21,8.278622232182897e-11,7.93797250153716e-11,7.937974321265241e-11,0.05616439820546485,0.056164398199515304,-0.32089365507700096,-0.3208936551563807,-4.062876434209209,-3.9847316899383465,2.9721776623584706,0.00020184150816016384,3.1477249680784256,-8.278622232182897e-11,-0.3208936551563807,0.07876207068219271,4.75,6.4e-11,6.4e-11,7.93797250153716e-11,-8.279155139234717e-11
2.0,7.0,2.0,3.0,16.0,2.0,75.0,1.0,0.015625,1.0,3.4267793149925604e-21,1.801892619475552e-21,6.003153529832161e-11,5.751299436695945e-11,5.7512972281483475e-11,0.056164398199515304,0.056164398203825974,-0.3208936551563807,-0.3208936550988677,-4.062876434127307,-3.9847316899983745,2.9721776623584706,0.00020184150818284712,3.1477249680798773,6.003153529832161e-11,-0.3208936550988677,0.07876207069612734,4.75,6.4e-11,6.4e-11,5.751299436695945e-11,6.003419983358071e-11
2.0,7.0,2.0,3.0,16.0,2.0,76.0,1.0,0.015625,1.0,1.801892619475552e-21,9.485743175473647e-22,4.355626970209414e-11,4.1704639741624305e-11,4.170462050196687e-11,0.056164398203825974,0.056164398200700204,-0.3208936550988677,-0.32089365514057233,-4.062876434186696,-3.9847316899548195,2.9721776623584706,0.00020184150816641235,3.1477249680788257,-4.355626970209414e-11,-0.32089365514057233,0.07876207068602296,4.75,6.4e-11,6.4e-11,4.1704639741624305e-11,-4.355626970209414e-11
2.0,7.0,2.0,3.0,16.0,2.0,77.0,1.0,0.015625,1.0,9.485743175473647e-22,5.1787741620743535e-22,3.218314503783404e-11,3.025862893579756e-11,3.025864429615113e-11,0.056164398200700204,0.05616439820296803,-0.32089365514057233,-0.3208936551103137,-4.062876434143607,-3.9847316899869965,2.9721776623584706,0.0002018415081783298,3.1477249680795882,3.218314503783404e-11,-0.3208936551103137,0.07876207069335407,4.75,6.4e-11,6.4e-11,3.025862893579756e-11,3.218492139467344e-11
2.0,7.0,2.0,3.0,16.0,2.0,78.0,1.0,0.015625,1.0,5.1787741620743535e-22,2.7506888170701074e-22,2.3455015707440907e-11,2.235839291486741e-11,2.2358379390893225e-11,0.05616439820296803,0.05616439820129227,-0.3208936551103137,-0.3208936551326721,-4.062876434175447,-3.984731689963544,2.9721776623584706,0.00020184150816968317,3.147724968079035,-2.3455015707440907e-11,-0.3208936551326721,0.07876207068793697,4.75,6.4e-11,6.4e-11,2.235839291486741e-11,-2.3455015707440907e-11
2.0,7.0,2.0,3.0,16.0,2.0,79.0,1.0,0.015625,1.0,2.7506888170701074e-22,1.4388465448772816e-22,1.6963763727062542e-11,1.629424373206234e-11,1.6294230259278256e-11,0.05616439820129227,0.056164398202513496,-0.3208936551326721,-0.32089365511637785,-4.062876434152244,-3.984731689980505,2.9721776623584706,0.0002018415081760722,3.147724968079444,1.6963763727062542e-11,-0.32089365511637785,0.07876207069188465,4.75,6.4e-11,6.4e-11,1.629424373206234e-11,1.695754647812464e-11
2.0,7.0,2.0,3.0,16.0,2.0,80.0,1.0,0.015625,1.0,1.4388465448772816e-22,7.810561757488538e-23,1.2498446722020162e-11,1.1782574915741861e-11,1.1782550311526318e-11,0.056164398202513496,0.05616439820163058,-0.32089365511637785,-0.3208936551281604,-4.062876434169019,-3.9847316899680107,2.9721776623584706,0.00020184150817141602,3.147724968079146,-1.2498446722020162e-11,-0.3208936551281604,0.07876207068903045,4.75,6.4e-11,6.4e-11,1.1782574915741861e-11,-1.2489564937823161e-11
2.0,7.0,2.0,3.0,32.0,3.0,73.0,1.0,0.0078125,1.0,1.4081413677227942e-23,1.4081413677227942e-23,5.306866057708248e-12,3.002129794760222e-12,3.002129234195891e-12,0.03382266531215727,0.03382266531243516,-0.031213295062125463,-0.031213295059123333,-4.487369359063732,-4.477360979196174,3.867164432366947,6.994252669619374e-05,4.091886436142051,5.306866057708248e-12,-0.031213295059123333,0.06759852373539109,4.75,1.28e-10,1.28e-10,3.002129794760222e-12,5.306866057708248e-12
2.0,7.0,2.0,3.0,32.0,3.0,74.0,1.0,0.0078125,1.0,1.4081413677227942e-23,1.4081413677227942e-23,5.306866057708248e-12,3.002129794760222e-12,3.0021292341965575e-12,0.03382266531243516,0.03382266531215727,-0.031213295059123333,-0.031213295062125463,-4.487369359069012,-4.477360979190855,3.867164432366947,6.994252669313304e-05,4.0918864361416585,-5.306866057708248e-12,-0.031213295062125463,0.06759852373368215,4.75,1.28e-10,1.28e-10,3.002129794760222e-12,-5.306866057708248e-12
2.0,7.0,2.0,3.0,32.0,3.0,75.0,1.0,0.0078125,1.0,1.4081413677227942e-23,1.4081413677227942e-23,5.306866057708248e-12,3.002129794760222e-12,3.002129234195891e-12,0.03382266531215727,0.03382266531243516,-0.031213295062125463,-0.031213295059123333,-4.487369359063732,-4.477360979196174,3.867164432366947,6.994252669619374e-05,4.091886436142051,5.306866057708248e-12,-0.031213295059123333,0.06759852373539109,4.75,1.28e-10,1.28e-10,3.002129794760222e-12,5.306866057708248e-12
2.0,7.0,2.0,3.0,32.0,3.0,76.0,1.0,0.0078125,1.0,1.4081413677227942e-23,1.4081413677227942e-23,5.306866057708248e-12,3.002129794760222e-12,3.0021292341965575e-12,0.03382266531243516,0.03382266531215727,-0.031213295059123333,-0.031213295062125463,-4.487369359069012,-4.477360979190855,3.867164432366947,6.994252669313304e-05,4.0918864361416585,-5.306866057708248e-12,-0.031213295062125463,0.06759852373368215,4.75,1.28e-10,1.28e-10,3.002129794760222e-12,-5.306866057708248e-12
2.0,7.0,2.0,3.0,32.0,3.0,77.0,1.0,0.0078125,1.0,1.4081413677227942e-23,1.4081413677227942e-23,5.306866057708248e-12,3.002129794760222e-12,3.002129234195891e-12,0.03382266531215727,0.03382266531243516,-0.031213295062125463,-0.031213295059123333,-4.487369359063732,-4.477360979196174,3.867164432366947,6.994252669619374e-05,4.091886436142051,5.306866057708248e-12,-0.031213295059123333,0.06759852373539109,4.75,1.28e-10,1.28e-10,3.002129794760222e-12,5.306866057708248e-12
2.0,7.0,2.0,3.0,32.0,3.0,78.0,1.0,0.0078125,1.0,1.4081413677227942e-23,1.4081413677227942e-23,5.306866057708248e-12,3.002129794760222e-12,3.0021292341965575e-12,0.03382266531243516,0.03382266531215727,-0.031213295059123333,-0.031213295062125463,-4.487369359069012,-4.477360979190855,3.867164432366947,6.994252669313304e-05,4.0918864361416585,-5.306866057708248e-12,-0.031213295062125463,0.06759852373368215,4.75,1.28e-10,1.28e-10,3.002129794760222e-12,-5.306866057708248e-12
2.0,7.0,2.0,3.0,32.0,3.0,79.0,1.0,0.0078125,1.0,1.4081413677227942e-23,1.4081413677227942e-23,5.306866057708248e-12,3.002129794760222e-12,3.002129234195891e-12,0.03382266531215727,0.03382266531243516,-0.031213295062125463,-0.031213295059123333,-4.487369359063732,-4.477360979196174,3.867164432366947,6.994252669619374e-05,4.091886436142051,5.306866057708248e-12,-0.031213295059123333,0.06759852373539109,4.75,1.28e-10,1.28e-10,3.002129794760222e-12,5.306866057708248e-12
2.0,7.0,2.0,3.0,32.0,3.0,80.0,1.0,0.0078125,1.0,1.4081413677227942e-23,1.4081413677227942e-23,5.306866057708248e-12,3.002129794760222e-12,3.0021292341965575e-12,0.03382266531243516,0.03382266531215727,-0.031213295059123333,-0.031213295062125463,-4.487369359069012,-4.477360979190855,3.867164432366947,6.994252669313304e-05,4.0918864361416585,-5.306866057708248e-12,-0.031213295062125463,0.06759852373368215,4.75,1.28e-10,1.28e-10,3.002129794760222e-12,-5.306866057708248e-12
2.0,7.0,2.0,3.0,64.0,3.0,73.0,1.0,0.00390625,1.0,1.968858626857155e-20,3.145506561375905e-20,2.5081892118805627e-10,1.1688759682382255e-10,1.1688760311319443e-10,0.040446700604346915,0.04044670059408223,-0.09114083408774813,-0.09114083420463573,-4.361512688712438,-4.3101606296040655,3.6220122453660264,0.0001138832726065284,3.8394782954446214,-2.5081892118805627e-10,-0.09114083420463573,0.06947824060242795,4.75,2.56e-10,2.56e-10,1.1688759682382255e-10,-2.5081892118805627e-10
2.0,7.0,2.0,3.0,64.0,3.0,74.0,2.0,0.00390625,0.3333333333333333,3.145506561375905e-20,1.9696051199364227e-21,6.276312802810935e-11,4.924768925995693e-11,1.4774307344646485e-10,0.04044670059408223,0.04044670059840699,-0.09114083420463573,-0.09114083415538804,-4.361512688630267,-4.3101606297085295,3.6220122453660264,0.000113883272672967,3.8394782954616296,-6.276312802810935e-11,-0.09114083415538804,0.06947824061562569,4.75,2.56e-10,2.56e-10,4.924768925995693e-11,-6.276312802810935e-11
2.0,7.0,2.0,3.0,64.0,3.0,75.0,1.0,0.00390625,1.0,1.9696051199364227e-21,3.2802199732728856e-21,8.099654280613322e-11,3.697019079762498e-11,3.697019071056206e-11,0.04044670059840699,0.04044670060165359,-0.09114083415538804,-0.09114083411841785,-4.361512688568582,-4.310160629789496,3.6220122453660264,0.00011388327264497476,3.8394782954544637,8.099654280613322e-11,-0.09114083411841785,0.06947824062553323,4.75,2.56e-10,2.56e-10,3.697019079762498e-11,8.099654280613322e-11
2.0,7.0,2.0,3.0,64.0,3.0,76.0,1.0,0.00390625,1.0,3.2802199732728856e-21,5.218973919792155e-21,1.021662754396857e-10,4.771046058227313e-11,4.7710458808033406e-11,0.04044670060165359,0.040446700597463824,-0.09114083411841785,-0.09114083416612831,-4.361512688648188,-4.3101606296873305,3.6220122453660264,0.00011388327262396102,3.839478295449084,-1.021662754396857e-10,-0.09114083416612831,0.06947824061274743,4.75,2.56e-10,2.56e-10,4.771046058227313e-11,-1.021671636181054e-10
2.0,7.0,2.0,3.0,64.0,3.0,77.0,1.0,0.00390625,1.0,5.218973919792155e-21,8.119267514760727e-21,1.2743051058805577e-10,6.018054110601412e-11,6.018054464715681e-11,0.040446700597463824,0.0404467006027487,-0.09114083416612831,-0.09114083410594777,-4.361512688547775,-4.310160629814782,3.6220122453660264,0.00011388327265107951,3.8394782954560265,1.2743051058805577e-10,-0.09114083410594777,0.06947824062887506,4.75,2.56e-10,2.56e-10,6.018054110601412e-11,1.2743139876647547e-10
2.0,7.0,2.0,3.0,64.0,3.0,78.0,1.0,0.00390625,1.0,8.119267514760727e-21,1.2533950854943297e-20,1.5832846145258372e-10,7.50621093059678e-11,7.506211545494904e-11,0.0404467006027487,0.04044670059615696,-0.09114083410594777,-0.09114083418100988,-4.361512688673018,-4.310160629656426,3.6220122453660264,0.00011388327261687305,3.83947829544727,-1.5832846145258372e-10,-0.09114083418100988,0.06947824060875932,4.75,2.56e-10,2.56e-10,7.50621093059678e-11,-1.5832757327416402e-10
2.0,7.0,2.0,3.0,64.0,3.0,79.0,1.0,0.00390625,1.0,1.2533950854943297e-20,1.968858626857155e-20,1.9843682252940198e-10,9.32618426929821e-11,9.326184789604409e-11,0.04044670059615696,0.04044670060434689,-0.09114083418100988,-0.09114083408774803,-4.361512688517409,-4.310160629854882,3.6220122453660264,0.00011388327265953812,3.839478295458192,1.9843682252940198e-10,-0.09114083408774803,0.0694782406337523,4.75,2.56e-10,2.56e-10,9.32618426929821e-11,1.9843682252940198e-10
2.0,7.0,2.0,3.0,64.0,3.0,80.0,1.0,0.00390625,1.0,1.968858626857155e-20,3.145484284259486e-20,2.5081803300963657e-10,1.1688759682382255e-10,1.1688760311319443e-10,0.04044670060434689,0.0404467005940822,-0.09114083408774803,-0.09114083420463563,-4.361512688712438,-4.3101606296040655,3.6220122453660264,0.00011388327260652834,3.8394782954446214,-2.5081803300963657e-10,-0.09114083420463563,0.06947824060242792,4.75,2.56e-10,2.56e-10,1.1688759682382255e-10,-2.5081892118805627e-10
2.0,7.0,2.0,3.0,128.0,4.0,73.0,2.0,0.001953125,0.3333333333333333,8.933505805196725e-20,2.517984924178099e-21,7.09645675556203e-11,7.778384533696503e-11,2.333515383735099e-10,0.03165216958104493,0.03165216957376136,-0.02482314873754887,-0.024823148815332714,-4.528608778098534,-4.503987868574251,3.9850119833386137,6.302003641166091e-05,4.206293492192816,-7.09645675556203e-11,-0.024823148815332714,0.05955087945399083,4.75,5.12e-10,5.12e-10,7.778384533696503e-11,-7.09645675556203e-11
2.0,7.0,2.0,3.0,128.0,4.0,74.0,1.0,0.001953125,1.0,2.517984924178099e-21,1.6415100502262683e-20,1.8119106215408465e-10,3.917660293395464e-11,3.9176604537441654e-11,0.03165216957376136,0.031652169577429806,-0.024823148815332714,-0.02482314877615611,-4.5286087780288335,-4.503987868755399,3.9850119833386137,6.302003650150851e-05,4.206293492238818,1.8119106215408465e-10,-0.02482314877615611,0.05955087947646882,4.75,5.12e-10,5.12e-10,3.917660293395464e-11,1.8119106215408465e-10
2.0,7.0,2.0,3.0,128.0,4.0,75.0,1.0,0.001953125,1.0,1.6415100502262683e-20,1.001773332692278e-19,4.476099491057539e-10,1.0002809691656012e-10,1.000280961658336e-10,0.031652169577429806,0.031652169568063306,-0.02482314877615611,-0.024823148876184208,-4.528608778206797,-4.503987868307801,3.9850119833386137,6.302003645625589e-05,4.206293492215648,-4.476099491057539e-10,-0.024823148876184208,0.05955087941907665,4.75,5.12e-10,5.12e-10,1.0002809691656012e-10,-4.476099491057539e-10
2.0,7.0,2.0,3.0,128.0,4.0,76.0,2.0,0.001953125,0.3333333333333333,1.001773332692278e-19,2.4258131266189265e-21,6.965361620814292e-11,8.236898316194008e-11,2.47106951635377e-10,0.031652169568063306,0.03165216957577623,-0.024823148876184208,-0.024823148793815225,-4.528608778060252,-4.503987868675847,3.9850119833386137,6.302003657179769e-05,4.206293492274806,6.965361620814292e-11,-0.024823148793815225,0.05955087946633671,4.75,5.12e-10,5.12e-10,8.236898316194008e-11,6.965272802972322e-11
2.0,7.0,2.0,3.0,128.0,4.0,77.0,1.0,0.001953125,1.0,2.4258131266189265e-21,1.4718948177944856e-20,1.715747544039914e-10,3.845269241908866e-11,3.8452692981982524e-11,0.03165216957577623,0.0316521695721756,-0.024823148793815225,-0.024823148832267918,-4.528608778128664,-4.503987868504283,3.9850119833386137,6.302003647665381e-05,4.206293492226092,-1.715747544039914e-10,-0.024823148832267918,0.05955087944427416,4.75,5.12e-10,5.12e-10,3.845269241908866e-11,-1.715738662255717e-10
2.0,7.0,2.0,3.0,128.0,4.0,78.0,1.0,0.001953125,1.0,1.4718948177944856e-20,8.933505805354497e-20,4.226938798979063e-10,9.471899653501481e-11,9.471899703802943e-11,0.0316521695721756,0.03165216958104495,-0.024823148832267918,-0.02482314873754892,-4.528608777960146,-4.503987868926963,3.9850119833386137,6.302003652107028e-05,4.206293492248833,4.226938798979063e-10,-0.02482314873754892,0.05955087949862003,4.75,5.12e-10,5.12e-10,9.471899653501481e-11,4.226929917194866e-10
2.0,7.0,2.0,3.0,128.0,4.0,79.0,2.0,0.001953125,0.3333333333333333,8.933505805354497e-20,2.5179849245725295e-21,7.09645675556203e-11,7.77837967647077e-11,2.333513947841343e-10,0.03165216958104495,0.03165216957376138,-0.02482314873754892,-0.024823148815332718,-4.528608778098533,-4.503987868574251,3.9850119833386137,6.302003641166098e-05,4.206293492192816,-7.09645675556203e-11,-0.024823148815332718,0.05955087945399082,4.75,5.12e-10,5.12e-10,7.77837967647077e-11,-7.09636793772006e-11
2.0,7.0,2.0,3.0,128.0,4.0,80.0,1.0,0.001953125,1.0,2.5179849245725295e-21,1.6415100502657113e-20,1.8119106215408465e-10,3.9176467625523514e-11,3.9176466796802834e-11,0.03165216957376138,0.03165216957742978,-0.024823148815332718,-0.02482314877615625,-4.528608778028834,-4.503987868755399,3.9850119833386137,6.302003650150852e-05,4.206293492238818,1.8119106215408465e-10,-0.02482314877615625,0.059550879476468664,4.75,5.12e-10,5.12e-10,3.9176467625523514e-11,1.8119017397566495e-10
2.0,7.0,2.0,3.0,256.0,6.0,73.0,2.0,0.0009765625,0.3333333333333333,1.8960035555320025e-19,3.7948797713927614e-22,2.7549518222258484e-11,1.11587829254578e-10,3.3476348188498263e-10,0.032730704318707636,0.03273070432903751,-0.0404910169938,-0.04049101688221217,-4.508116617748287,-4.443658091466979,3.9359780157607136,7.873390149547333e-05,4.1770511712718745,-2.7549518222258484e-11,-0.04049101688221217,0.058192112987112535,4.75,1.024e-09,1.024e-09,1.11587829254578e-10,-2.7549518222258484e-11
2.0,7.0,2.0,3.0,256.0,6.0,74.0,1.0,0.0009765625,1.0,3.7948797713927614e-22,1.1699668546151275e-21,4.837286127212792e-11,1.4976749007633572e-11,1.4976747684952592e-11,0.03273070432903751,0.03273070433042394,-0.04049101688221217,-0.04049101686723542,-4.508116617721945,-4.443658091515422,3.9359780157607136,7.87339013967548e-05,4.177051171170787,4.837286127212792e-11,-0.04049101686723542,0.058192112991271805,4.75,1.024e-09,1.024e-09,1.4976749007633572e-11,4.837286127212792e-11
2.0,7.0,2.0,3.0,256.0,6.0,75.0,1.0,0.0009765625,1.0,1.1699668546151275e-21,4.2021630755674654e-21,9.167511194618783e-11,2.6296805011316593e-11,2.6296802572183643e-11,0.03273070433042394,0.032730704327989586,-0.04049101686723542,-0.040491016893532225,-4.508116617768198,-4.443658091423788,3.9359780157607136,7.87339013835053e-05,4.17705117115722,-9.167511194618783e-11,-0.040491016893532225,0.058192112983968744,4.75,1.024e-09,1.024e-09,2.6296805011316593e-11,-9.167422376776813e-11
2.0,7.0,2.0,3.0,256.0,6.0,76.0,1.0,0.0009765625,1.0,4.2021630755674654e-21,1.473556326178279e-20,1.716715658517387e-10,4.983707890815481e-11,4.9837075876336516e-11,0.032730704327989586,0.03273070433260307,-0.040491016893532225,-0.040491016843695146,-4.508116617680542,-4.443658091595385,3.9359780157607136,7.873390140676934e-05,4.177051171181042,1.716715658517387e-10,-0.040491016843695146,0.058192112997809194,4.75,1.024e-09,1.024e-09,4.983707890815481e-11,1.716715658517387e-10
2.0,7.0,2.0,3.0,256.0,6.0,77.0,1.0,0.0009765625,1.0,1.473556326178279e-20,4.96613411721383e-20,3.1515501319745454e-10,9.332597195044201e-11,9.332597405792023e-11,0.03273070433260307,0.03273070432396374,-0.040491016843695146,-0.04049101693702112,-4.508116617844689,-4.443658091280208,3.9359780157607136,7.873390136267994e-05,4.177051171135894,-3.1515501319745454e-10,-0.04049101693702112,0.058192112971891204,4.75,1.024e-09,1.024e-09,9.332597195044201e-11,-3.1515590137587424e-10
2.0,7.0,2.0,3.0,256.0,6.0,78.0,1.0,0.0009765625,1.0,4.96613411721383e-20,1.6724476648007726e-19,5.78350700664032e-10,1.7132802815345016e-10,1.7132803073725805e-10,0.03273070432396374,0.032730704339823884,-0.04049101693702112,-0.04049101676569309,-4.5081166175433465,-4.443658091858616,3.9359780157607136,7.873390144524269e-05,4.177051171220438,5.78350700664032e-10,-0.04049101676569309,0.05819211301947165,4.75,1.024e-09,1.024e-09,1.7132802815345016e-10,5.78350700664032e-10
2.0,7.0,2.0,3.0,256.0,6.0,79.0,2.0,0.0009765625,0.3333333333333333,1.6724476648007726e-19,4.724147429837378e-22,3.0738078748981934e-11,1.0480290246750457e-10,3.1440871493468883e-10,0.032730704339823884,0.032730704330122096,-0.04049101676569309,-0.04049101687049599,-4.50811661772768,-4.4436580915037505,3.9359780157607136,7.873390129367376e-05,4.177051171065232,3.0738078748981934e-11,-0.04049101687049599,0.058192112990366286,4.75,1.024e-09,1.024e-09,1.0480290246750457e-10,3.0738966927401634e-11
2.0,7.0,2.0,3.0,256.0,6.0,80.0,1.0,0.0009765625,1.0,4.724147429837378e-22,1.5382304880768649e-21,5.546585413185312e-11,1.6710417771736985e-11,1.671042072798884e-11,0.032730704330122096,0.032730704328575166,-0.04049101687049599,-0.04049101688720641,-4.5081166177570715,-4.4436580914483015,3.9359780157607136,7.873390138638985e-05,4.177051171160174,-5.546585413185312e-11,-0.04049101688720641,0.05819211298572549,4.75,1.024e-09,1.024e-09,1.6710417771736985e-11,-5.546585413185312e-11
2.0,7.0,2.0,3.0,512.0,9.0,73.0,1.0,0.00048828125,1.0,1.6664840451222595e-19,4.758595985533355e-19,9.755609653439024e-10,2.9868911510799734e-10,2.9868911323917144e-10,0.0312303673023115,0.031230367274536947,-0.04319676526721166,-0.043196765565900776,-4.536623021783798,-4.434664476796175,3.992576207689415,8.108543870102081e-05,4.299911615631138,-9.755609653439024e-10,-0.043196765565900776,0.053691101823610844,4.75,2.048e-09,2.048e-09,2.9868911510799734e-10,-9.755600771654827e-10
2.0,7.0,2.0,3.0,512.0,9.0,74.0,1.0,0.00048828125,1.0,4.758595985533355e-19,1.3614510054125142e-18,1.650121816965111e-09,5.047292445103935e-10,5.047292417877938e-10,0.031230367274536947,0.0312303673214708,-0.043196765565900776,-0.04319676506117153,-4.536623020892055,-4.434664478446213,3.992576207689415,8.108543895610676e-05,4.299911616153555,1.650121816965111e-09,-0.04319676506117153,0.0536911019644124,4.75,2.048e-09,2.048e-09,5.047292445103935e-10,1.6501227051435308e-09
2.0,7.0,2.0,3.0,512.0,9.0,75.0,2.0,0.00048828125,0.3333333333333333,1.3614510054125142e-18,1.4511520798544997e-20,1.7036150268268102e-10,2.845766192138832e-10,8.537298491898751e-10,0.0312303673214708,0.031230367295008523,-0.04319676506117153,-0.04319676534574815,-4.5366230213948375,-4.434664477516529,3.992576207689415,8.108543852505877e-05,4.2999116152707675,1.7036150268268102e-10,-0.04319676534574815,0.05369110188502557,4.75,2.048e-09,2.048e-09,2.845766192138832e-10,1.7036239086110072e-10
2.0,7.0,2.0,3.0,512.0,9.0,76.0,1.0,0.00048828125,1.0,1.4511520798544997e-20,4.215438821933988e-20,2.9035973625468614e-10,8.814069613061193e-11,8.814069855360865e-11,0.031230367295008523,0.031230367286812444,-0.04319676534574815,-0.04319676543388885,-4.536623021550564,-4.4346644772263115,3.992576207689415,8.10854387680924e-05,4.299911615768501,-2.9035973625468614e-10,-0.04319676543388885,0.05369110186043734,4.75,2.048e-09,2.048e-09,8.814069613061193e-11,-2.9036062443310584e-10
2.0,7.0,2.0,3.0,512.0,9.0,77.0,1.0,0.00048828125,1.0,4.215438821933988e-20,1.2047472209692807e-19,4.908660145019894e-10,1.502247701234971e-10,1.5022477018244262e-10,0.031230367286812444,0.031230367300781593,-0.04319676543388885,-0.043196765283664076,-4.53662302128515,-4.434664477717113,3.992576207689415,8.108543884336615e-05,4.299911615922661,4.908660145019894e-10,-0.043196765283664076,0.05369110190234479,4.75,2.048e-09,2.048e-09,1.502247701234971e-10,4.908651263235697e-10
2.0,7.0,2.0,3.0,512.0,9.0,78.0,1.0,0.00048828125,1.0,1.2047472209692807e-19,3.4136522778996864e-19,8.262750483822856e-10,2.539610674534565e-10,2.5396106498771477e-10,0.031230367300781593,0.031230367277166247,-0.043196765283664076,-0.043196765537625144,-4.536623021733841,-4.434664476890728,3.992576207689415,8.108543871507149e-05,4.299911615659914,-8.262750483822856e-10,-0.043196765537625144,0.05369110183149875,4.75,2.048e-09,2.048e-09,2.539610674534565e-10,-8.262741602038659e-10
2.0,7.0,2.0,3.0,512.0,9.0,79.0,1.0,0.00048828125,1.0,3.4136522778996864e-19,9.726614336651677e-19,1.3947483168408326e-09,4.274927634106973e-10,4.2749276131023484e-10,0.031230367277166247,0.031230367316918004,-0.043196765537625144,-0.04319676511013238,-4.536623020978558,-4.434664478285527,3.992576207689415,8.108543893195884e-05,4.299911616104099,1.3947483168408326e-09,-0.04319676511013238,0.05369110195075402,4.75,2.048e-09,2.048e-09,4.274927634106973e-10,1.3947483168408326e-09
2.0,7.0,2.0,3.0,512.0,9.0,80.0,2.0,0.00048828125,0.3333333333333333,9.726614336651677e-19,1.026318721393548e-20,1.432702845249878e-10,2.40535390216845e-10,7.2160617422719e-10,0.031230367316918004,0.031230367294551052,-0.04319676511013238,-0.04319676535066777,-4.53662302140353,-4.434664477499039,3.992576207689415,8.108543856687224e-05,4.299911615356402,1.432702845249878e-10,-0.04319676535066777,0.05369110188365317,4.75,2.048e-09,2.048e-09,2.40535390216845e-10,1.432702845249878e-10
2.0,7.0,2.0,3.0,1024.0,15.0,73.0,1.0,0.000244140625,1.0,2.1247269662634758e-18,7.688184334142492e-18,3.921271307660845e-09,9.914891026252537e-10,9.914891041038965e-10,0.028705185959310434,0.02870518586565,-0.0306907638624107,-0.030690764853899804,-4.58460146855265,-4.479416709162551,4.119654643769437,6.940735003437087e-05,4.537778440718346,-3.921271307660845e-09,-0.030690764853899804,0.04611555759695006,4.75,4.096e-09,4.096e-09,9.914891026252537e-10,-3.921272195839265e-09
2.0,7.0,2.0,3.0,1024.0,15.0,74.0,2.0,0.000244140625,0.3333333333333333,7.688184334142492e-18,7.443648360834713e-21,1.220135104063047e-10,6.286761874974012e-10,1.8860285625196155e-09,0.02870518586565,0.028705185925037513,-0.030690764853899804,-0.030690764225223616,-4.584601467424287,-4.4794167116542765,4.119654643769437,6.940735105454727e-05,4.537778444896988,-1.220135104063047e-10,-0.030690764225223616,0.046115557775112566,4.75,4.096e-09,4.096e-09,6.286761874974012e-10,-1.220135104063047e-10
2.0,7.0,2.0,3.0,1024.0,15.0,75.0,1.0,0.000244140625,1.0,7.443648360834713e-21,2.5760411611149568e-20,2.269819887601443e-10,5.868529273644896e-11,5.868529437366089e-11,0.028705185925037513,0.028705185930581183,-0.030690764225223616,-0.030690764166538324,-4.584601467318958,-4.479416711881571,4.119654643769437,6.940735040768126e-05,4.537778442247425,2.269819887601443e-10,-0.030690764166538324,0.046115557791743575,4.75,4.096e-09,4.096e-09,5.868529273644896e-11,2.269811005817246e-10
2.0,7.0,2.0,3.0,1024.0,15.0,76.0,1.0,0.000244140625,1.0,2.5760411611149568e-20,9.233585745269733e-20,4.297344702308692e-10,1.091723343671358e-10,1.0917233559929548e-10,0.028705185930581183,0.028705185920268328,-0.030690764166538324,-0.030690764275710658,-4.584601467514902,-4.479416711451723,4.119654643769437,6.940735034729799e-05,4.537778442000095,-4.297344702308692e-10,-0.030690764275710658,0.04611555776080492,4.75,4.096e-09,4.096e-09,1.091723343671358e-10,-4.297335820524495e-10
2.0,7.0,2.0,3.0,1024.0,15.0,77.0,1.0,0.000244140625,1.0,9.233585745269733e-20,3.3254520539224563e-19,8.155307540391732e-10,2.066909560172192e-10,2.066909547777119e-10,0.028705185920268328,0.028705185939793217,-0.030690764275710658,-0.030690764069019702,-4.584601467143929,-4.479416712267351,4.119654643769437,6.940735045962907e-05,4.537778442460203,8.155307540391732e-10,-0.030690764069019702,0.04611555781937968,4.75,4.096e-09,4.096e-09,2.066909560172192e-10,8.155298658607535e-10
2.0,7.0,2.0,3.0,1024.0,15.0,78.0,1.0,0.000244140625,1.0,3.3254520539224563e-19,1.1976267689915237e-18,1.547660666290085e-09,3.922487543106534e-10,3.9224875553569266e-10,0.028705185939793217,0.028705185902739717,-0.030690764069019702,-0.030690764461268456,-4.584601467847945,-4.47941671071959,4.119654643769437,6.940735024695781e-05,4.537778441589102,-1.547660666290085e-09,-0.030690764461268456,0.046115557708219186,4.75,4.096e-09,4.096e-09,3.922487543106534e-10,-1.547660666290085e-09
2.0,7.0,2.0,3.0,1024.0,15.0,79.0,1.0,0.000244140625,1.0,1.1976267689915237e-18,4.321685821170411e-18,2.939961163406224e-09,7.443840127629997e-10,7.443840119692743e-10,0.028705185902739717,0.028705185973057497,-0.030690764461268456,-0.030690763716884444,-4.5846014665119075,-4.479416713659718,4.119654643769437,6.94073506505557e-05,4.537778443242239,2.939961163406224e-09,-0.030690763716884444,0.046115557919172524,4.75,4.096e-09,4.096e-09,7.443840127629997e-10,2.9399620515846436e-09
2.0,7.0,2.0,3.0,1024.0,15.0,80.0,2.0,0.000244140625,0.3333333333333333,4.321685821170411e-18,4.303158338360659e-21,9.277023593767808e-11,4.713481063789438e-10,1.4140443180735754e-09,0.028705185973057497,0.028705185928531888,-0.030690763716884444,-0.03069076418823255,-4.584601467357894,-4.4794167117926635,4.119654643769437,6.940734988463401e-05,4.537778440105023,9.277023593767808e-11,-0.03069076418823255,0.046115557785595666,4.75,4.096e-09,4.096e-09,4.713481063789438e-10,9.277112411609778e-11
2.0,7.0,2.0,3.0,2048.0,26.0,73.0,1.0,0.0001220703125,1.0,1.4688180382834975e-13,1.0545121814897973e-13,4.592411526616047e-07,2.0341928451406144e-07,2.0341928451363543e-07,0.025701291342315382,0.025701272394093738,-0.08311536301538065,-0.08311556643466517,-4.641675824512219,-4.327806348434447,4.039709653931463,0.00010920680297908912,5.0478536664949045,-4.592411526616047e-07,-0.08311556643466517,0.037103817182281194,4.75,8.192e-09,8.192e-09,2.0341928451406144e-07,-4.5924113756257157e-07
2.0,7.0,2.0,3.0,2048.0,26.0,74.0,1.0,0.0001220703125,1.0,1.0545121814897973e-13,7.570712334872997e-14,3.891198359085024e-07,1.7235891905387213e-07,1.7235891905792288e-07,0.025701272394093738,0.025701288449085816,-0.08311556643466517,-0.08311539407574611,-4.64167551946737,-4.327806737554827,4.039709653931463,0.00010920692456369488,5.047854662515995,3.891198359085024e-07,-0.08311539407574611,0.037103865347257514,4.75,8.192e-09,8.192e-09,1.7235891905387213e-07,3.891198225858261e-07
2.0,7.0,2.0,3.0,2048.0,26.0,75.0,1.0,0.0001220703125,1.0,7.570712334872997e-14,5.435289885413659e-14,3.2970562280354443e-07,1.460415626902689e-07,1.4604156269011277e-07,0.025701288449085816,0.02570127484551869,-0.08311539407574611,-0.0831155401173088,-4.641675777935145,-4.32780640784881,4.039709653931463,0.0001092068215440174,5.047853818578798,-3.2970562280354443e-07,-0.0831155401173088,0.037103824536555974,4.75,8.192e-09,8.192e-09,1.460415626902689e-07,-3.297056121454034e-07
2.0,7.0,2.0,3.0,2048.0,26.0,76.0,1.0,0.0001220703125,1.0,5.435289885413659e-14,3.9022102007154206e-14,2.7936392754668304e-07,1.237426290184862e-07,1.2374262902484038e-07,0.02570127484551869,0.025701286371971378,-0.0831155401173088,-0.08311541637467978,-4.641675558932544,-4.327806687212954,4.039709653931463,0.00010920690883370375,5.047854533655908,2.7936392754668304e-07,-0.08311541637467978,0.03710385911591419,4.75,8.192e-09,8.192e-09,1.237426290184862e-07,2.7936391866489885e-07
2.0,7.0,2.0,3.0,2048.0,26.0,77.0,1.0,0.0001220703125,1.0,3.9022102007154206e-14,2.8016293934569688e-14,2.3671203575048594e-07,1.0484878736061187e-07,1.0484878736651437e-07,0.025701286371971378,0.0257012766054536,-0.08311541637467978,-0.08311552122346715,-4.641675744496381,-4.327806450501582,4.039709653931463,0.00010920683487219384,5.047853927763219,-2.3671203575048594e-07,-0.08311552122346715,0.037103829816360706,4.75,8.192e-09,8.192e-09,1.0484878736061187e-07,-2.3671202686870174e-07
2.0,7.0,2.0,3.0,2048.0,26.0,78.0,1.0,0.0001220703125,1.0,2.8016293934569688e-14,2.0114688984846658e-14,2.0057262517525487e-07,8.884097983663519e-08,8.88409798394195e-08,0.0257012766054536,0.02570128488086648,-0.08311552122346715,-0.08311543238248731,-4.641675587263538,-4.32780665107355,4.039709653931463,0.0001092068975407759,5.047854441144243,2.0057262517525487e-07,-0.08311543238248731,0.03710385464259948,4.75,8.192e-09,8.192e-09,8.884097983663519e-08,2.005726171816491e-07
2.0,7.0,2.0,3.0,2048.0,26.0,79.0,1.0,0.0001220703125,1.0,2.0114688984846658e-14,1.4441539263053062e-14,1.699502236718331e-07,7.527742047763741e-08,7.52774204794218e-08,0.02570128488086648,0.02570127786888018,-0.08311543238248731,-0.08311550765990779,-4.641675720491277,-4.327806481123809,4.039709653931463,0.0001092068444401337,5.047854006143782,-1.699502236718331e-07,-0.08311550765990779,0.037103833606640456,4.75,8.192e-09,8.192e-09,7.527742047763741e-08,-1.6995021656640574e-07
2.0,7.0,2.0,3.0,2048.0,26.0,80.0,1.0,0.0001220703125,1.0,1.4441539263053062e-14,1.0368006447919965e-14,1.4400004477721495e-07,6.378444049326415e-08,6.3784440491406e-08,0.02570127786888018,0.025701283810311473,-0.08311550765990779,-0.0831154438754673,-4.641675607604082,-4.327806625124263,4.039709653931463,0.0001092068894337792,5.047854374731726,1.4400004477721495e-07,-0.0831154438754673,0.037103851430934455,4.75,8.192e-09,8.192e-09,6.378444049326415e-08,1.4400003944814443e-07
2.0,7.0,2.0,3.0,4096.0,49.0,73.0,1.0,6.103515625e-05,1.0,4.2563205105796365e-23,1.0445041005475905e-23,4.5705661477768444e-12,2.6756236115588194e-12,2.675629310714568e-12,0.023740165782076494,0.023740165782329157,-0.06990748760428284,-0.06990748760160721,-4.678936850135746,-4.359090317840936,4.150542227573007,0.00010093910621285617,5.911694369410579,4.5705661477768444e-12,-0.06990748760160721,0.031220497346987515,4.75,1.6384e-08,1.6384e-08,2.6756236115588194e-12,4.569677969357144e-12
2.0,7.0,2.0,3.0,4096.0,49.0,74.0,1.0,6.103515625e-05,1.0,1.0445041005475905e-23,1.3368380054369037e-24,1.6351364706679306e-12,1.3253426134340884e-12,1.3253487195837414e-12,0.023740165782329157,0.023740165782204007,-0.06990748760160721,-0.06990748760293256,-4.678936850138124,-4.359090317838928,4.150542227573007,0.00010093910621109865,5.911694369381784,-1.6351364706679306e-12,-0.06990748760293256,0.031220497346611975,4.75,1.6384e-08,1.6384e-08,1.3253426134340884e-12,-1.6351364706679306e-12
2.0,7.0,2.0,3.0,4096.0,49.0,75.0,1.0,6.103515625e-05,1.0,1.3368380054369037e-24,3.0753308516543274e-25,7.842615445952106e-13,4.741901316052122e-13,4.741839855090885e-13,0.023740165782204007,0.023740165782248794,-0.06990748760293256,-0.06990748760245837,-4.678936850137273,-4.359090317838928,4.150542227573007,0.00010093910621196921,5.911694369396047,-7.842615445952106e-13,-0.06990748760245837,0.031220497346746427,4.75,1.6384e-08,1.6384e-08,4.741901316052122e-13,-7.842615445952106e-13
2.0,7.0,2.0,3.0,4096.0,50.0,73.0,13.0,6.103515625e-05,1.881676423158921e-06,0.003804152724181407,0.003804102642858711,0.08722502671663346,6.263389769507743e-08,0.033286221224529774,0.021035045590075387,0.021035051747763937,-0.012386111100945734,-0.01238604846704804,-4.730334016792485,-4.5700546203062995,4.359090317838928,4.593115601056691e-05,5.307081218996592,-0.08722502671663346,-0.01238604846704804,0.026210310372602522,4.75,1.6384e-08,1.6384e-08,6.263389769507743e-08,-0.08722502528460652
2.0,7.0,2.0,3.0,4096.0,50.0,74.0,16.0,6.103515625e-05,6.969171937625634e-08,0.003804102642858711,0.003804100787096797,0.08722500544106371,2.3197602519453575e-09,0.033286024112079364,0.021035051747763937,0.021035051975825125,-0.01238604846704804,-0.012386046147287787,-4.7303340124593225,-4.570054635502478,4.359090317838928,4.593105033173395e-05,5.307079487554592,-0.08722500544106371,-0.012386046147287787,0.026210311740969668,4.75,1.6384e-08,1.6384e-08,2.3197602519453575e-09,-0.08722500400903588
2.0,7.0,2.0,3.0,4096.0,50.0,75.0,16.0,6.103515625e-05,6.969171937625634e-08,0.003804100787096797,0.0038040989320100344,0.0872249841732291,2.3197597419366556e-09,0.03328601680765238,0.021035051975825125,0.021035052203886264,-0.012386046147287787,-0.012386043827528045,-4.730334008126161,-4.5700546506909205,4.359090317838928,4.5931046417720685e-05,5.307079423427399,-0.0872249841732291,-0.012386043827528045,0.026210313109336515,4.75,1.6384e-08,1.6384e-08,2.3197597419366556e-09,-0.08722498274120216
2.0,7.0,2.0,3.0,4096.0,50.0,76.0,17.0,6.103515625e-05,2.323057312541878e-08,0.0038040989320100344,0.004298533618977442,0.09272037121342258,2.319759233662677e-09,0.03328600950617706,0.021035052203886264,0.02103505243194735,-0.012386043827528045,-0.012386041507768812,-4.730334003793001,-4.75,4.359090317838928,4.5931042503707874e-05,5.3070793593002135,0.09272037121342258,-0.012386041507768812,0.02621031447770306,4.75,1.6384e-08,1.6384e-08,2.319759233662677e-09,0.09272037264544863
2.0,7.0,2.0,3.0,4096.0,50.0,77.0,5.0,6.103515625e-05,0.012345679012345678,0.004298533618977442,0.004159137165467073,0.0912045740680485,0.00043682852797169783,0.03538311076570747,0.02103505243194735,0.0209921067716715,-0.012386041507768812,-0.01282287003574051,-4.731149971338241,-4.567222371478397,4.359090317838928,4.593103858969553e-05,5.307079295173035,-0.0912045740680485,-0.01282287003574051,0.02595264051587292,4.75,1.6384e-08,1.6384e-08,0.00043682852797169783,-0.09120457261934511
2.0,7.0,2.0,3.0,4096.0,50.0,78.0,5.0,6.103515625e-05,0.012345679012345678,0.004159137165467073,0.003811370928942432,0.087308314941275,0.00042773474921310034,0.03464651468626107,0.0209921067716715,0.02103415839971329,-0.01282287003574051,-0.01239513528652741,-4.730350990405447,-4.569995144943513,4.359090317838928,4.66611195058436e-05,5.319040940903205,-0.087308314941275,-0.01239513528652741,0.026204950287082265,4.75,1.6384e-08,1.6384e-08,0.00042773474921310034,-0.08730831354409752
2.0,7.0,2.0,3.0,4096.0,50.0,79.0,9.0,6.103515625e-05,0.00015241579027587258,0.003811370928942432,0.0038073088229172037,0.08726177654525724,5.077673366250812e-06,0.033314614955970885,0.02103415839971329,0.02103465759794793,-0.01239513528652741,-0.012390057613161158,-4.7303415056389895,-4.570028376530115,4.359090317838928,4.5946378994396694e-05,5.307330632363659,-0.08726177654525724,-0.012390057613161158,0.02620794547652543,4.75,1.6384e-08,1.6384e-08,5.077673366250812e-06,-0.0872617751486926
2.0,7.0,2.0,3.0,4096.0,50.0,80.0,10.0,6.103515625e-05,5.0805263425290864e-05,0.0038073088229172037,0.0038059557850463866,0.0872462696629075,1.6917461803950956e-06,0.03329864006873132,0.02103465759794793,0.021034823917568314,-0.012390057613161158,-0.012388365866980763,-4.730338345566202,-4.570039450094185,4.359090317838928,4.593781416275914e-05,5.307190306162109,-0.0872462696629075,-0.012388365866980763,0.02620894339425951,4.75,1.6384e-08,1.6384e-08,1.6917461803950956e-06,-0.08724626826654625
