geometry,bottom_mode,profile,history,steps,step,iteration,backtrack,dt,factor,old_norm,new_norm,Fmax,head_change,delta_max,old_top,new_top,old_bottom,new_bottom,qtop,qbot,Kbottom_frozen,Cbottom,jacdiag,bottom_residual,hmin,hmax,Kface,cp_tol,total_tol,head_metric,residual_sum
3.0,7.0,2.0,1.0,1.0,1.0,73.0,1.0,0.25,1.0,1.7436062672569695e-24,2.531714648478207e-24,2.2502000263102673e-12,2.248157215944957e-11,2.2480971869953787e-11,0.6081508176466158,0.6081508176466291,-9.884809799567703,-9.884809799545222,-2.5150268929428097,-1.7368802218363901,1.7254263262934244,0.0008972033323717082,0.6991425638410869,2.2502000263102673e-12,-9.884809799545222,0.6081508176466291,4.75,4e-12,4e-12,2.2743555632636217e-12,2.2499779817053422e-12
3.0,7.0,2.0,1.0,1.0,1.0,74.0,1.0,0.25,1.0,2.531714648478207e-24,3.668601559382938e-24,2.708722135480457e-12,2.7073454589299217e-11,2.707398219771267e-11,0.6081508176466291,0.6081508176466136,-9.884809799545222,-9.884809799572295,-2.5150268929428687,-1.7368802218336812,1.7254263262934244,0.0008972033323709776,0.6991425638410795,-2.708722135480457e-12,-9.884809799572295,0.6081508176466136,4.75,4e-12,4e-12,2.738894843535058e-12,-2.7056135110115065e-12
3.0,7.0,2.0,1.0,1.0,1.0,75.0,1.0,0.25,1.0,3.668601559382938e-24,5.3335655434413264e-24,3.2660540938422855e-12,3.2578384434600594e-11,3.2578621927891575e-11,0.6081508176466136,0.6081508176466324,-9.884809799572295,-9.884809799539717,-2.515026892942797,-1.7368802218369463,1.7254263262934244,0.0008972033323718579,0.6991425638410883,3.2660540938422855e-12,-9.884809799539717,0.6081508176466324,4.75,4e-12,4e-12,3.295802862692434e-12,3.2653879600275104e-12
3.0,7.0,2.0,1.0,1.0,1.0,76.0,1.0,0.25,1.0,5.3335655434413264e-24,7.736307473632204e-24,3.93352017624693e-12,3.927169700546074e-11,3.927132312554187e-11,0.6081508176466324,0.6081508176466095,-9.884809799539717,-9.884809799578989,-2.515026892942884,-1.736880221833014,1.7254263262934244,0.0008972033323707988,0.6991425638410778,-3.93352017624693e-12,-9.884809799578989,0.6081508176466095,4.75,4e-12,4e-12,3.9729340070144205e-12,-3.9328540424321545e-12
3.0,7.0,2.0,1.0,1.0,1.0,77.0,2.0,0.25,0.3333333333333333,7.736307473632204e-24,5.415717468807236e-25,1.0407230632836217e-12,1.5770496020195424e-11,4.7312810632779264e-11,0.6081508176466095,0.6081508176466185,-9.884809799578989,-9.884809799563218,-2.5150268929428496,-1.7368802218345953,1.7254263262934244,0.0008972033323720755,0.6991425638410905,-1.0407230632836217e-12,-9.884809799563218,0.6081508176466185,4.75,4e-12,4e-12,1.5954273617755514e-12,-1.0391687510491465e-12
3.0,7.0,2.0,1.0,1.0,1.0,78.0,1.0,0.25,1.0,5.415717468807236e-25,7.662116486002752e-25,1.2378986724570495e-12,1.2494894008341362e-11,1.2494545775012519e-11,0.6081508176466185,0.6081508176466258,-9.884809799563218,-9.884809799550723,-2.515026892942822,-1.7368802218358335,1.7254263262934244,0.0008972033323715626,0.6991425638410854,1.2378986724570495e-12,-9.884809799550723,0.6081508176466258,4.75,4e-12,4e-12,1.2640500183315087e-12,1.2347900479880991e-12
3.0,7.0,2.0,1.0,1.0,1.0,79.0,1.0,0.25,1.0,7.662116486002752e-25,1.0793906112643747e-24,1.4692691507889322e-12,1.4871659459458897e-11,1.4871124683238722e-11,0.6081508176466258,0.6081508176466173,-9.884809799550723,-9.884809799565595,-2.5150268929428545,-1.7368802218343629,1.7254263262934244,0.0008972033323711564,0.6991425638410813,-1.4692691507889322e-12,-9.884809799565595,0.6081508176466173,4.75,4e-12,4e-12,1.5044962686216616e-12,-1.4741541320972829e-12
3.0,7.0,2.0,1.0,1.0,1.0,80.0,1.0,0.25,1.0,1.0793906112643747e-24,1.5612149453040805e-24,1.7670309659933991e-12,1.7681855979390093e-11,1.7680991303089446e-11,0.6081508176466173,0.6081508176466278,-9.884809799565595,-9.884809799547913,-2.515026892942814,-1.7368802218361288,1.7254263262934244,0.0008972033323716399,0.6991425638410862,1.7670309659933991e-12,-9.884809799547913,0.6081508176466278,4.75,4e-12,4e-12,1.7887907140274113e-12,1.7723600365116e-12
3.0,7.0,2.0,1.0,2.0,1.0,73.0,1.0,0.125,1.0,2.6441629517184875e-18,1.7796104863880645e-18,1.8865897732922576e-09,1.903701907224331e-08,1.903701993233938e-08,0.519054018253724,0.5190540182561311,-9.978651466991522,-9.978651447954503,-2.853594730626702,-1.7275398996502564,1.7254263262934244,0.0009002399102541748,0.7081753287224533,1.8865897732922576e-09,-9.978651447954503,0.5190540182561311,4.75,8e-12,8e-12,1.907774726396252e-09,1.886588441024628e-09
3.0,7.0,2.0,1.0,2.0,1.0,74.0,1.0,0.125,1.0,1.7796104863880645e-18,1.1977446437713314e-18,1.5477368275895742e-09,1.561773110836384e-08,1.5617731404906e-08,0.5190540182561311,0.5190540182541572,-9.978651447954503,-9.978651463572234,-2.8535947306342027,-1.727539898102521,1.7254263262934244,0.0009002399096411233,0.7081753287101922,-1.5477368275895742e-09,-9.978651463572234,0.5190540182541572,4.75,8e-12,8e-12,1.56511440346634e-09,-1.5477379378125988e-09
3.0,7.0,2.0,1.0,2.0,1.0,75.0,1.0,0.125,1.0,1.1977446437713314e-18,8.061222047098047e-19,1.2697418672047434e-09,1.2812609639922812e-08,1.2812609698786736e-08,0.5190540182541572,0.5190540182557762,-9.978651463572234,-9.978651450759624,-2.8535947306280502,-1.7275398993722626,1.7254263262934244,0.000900239910144063,0.708175328720251,1.2697418672047434e-09,-9.978651450759624,0.5190540182557762,4.75,8e-12,8e-12,1.2840021205967701e-09,1.2697447537846074e-09
3.0,7.0,2.0,1.0,2.0,1.0,76.0,1.0,0.125,1.0,8.061222047098047e-19,5.425551663228795e-19,1.0416862927797865e-09,1.051130205098616e-08,1.0511302303478878e-08,0.5190540182557762,0.5190540182544476,-9.978651450759624,-9.978651461270927,-2.853594730633099,-1.7275398983305772,1.7254263262934244,0.0009002399097314571,0.708175328711999,-1.0416862927797865e-09,-9.978651461270927,0.5190540182544476,4.75,8e-12,8e-12,1.0533790164788236e-09,-1.0416951745639835e-09
3.0,7.0,2.0,1.0,2.0,1.0,77.0,1.0,0.125,1.0,5.425551663228795e-19,3.6516939564081783e-19,8.545986140973127e-10,8.623404212926289e-09,8.623404135325711e-09,0.5190540182544476,0.5190540182555387,-9.978651461270927,-9.978651452647522,-2.853594730628953,-1.7275398991851745,1.7254263262934244,0.0009002399100699537,0.7081753287187689,8.545986140973127e-10,-9.978651452647522,0.5190540182555387,4.75,8e-12,8e-12,8.641853306927681e-10,8.545981700081029e-10
3.0,7.0,2.0,1.0,2.0,1.0,78.0,1.0,0.125,1.0,3.6516939564081783e-19,2.4577578924510566e-19,7.011073943630208e-10,7.074627106362641e-09,7.074627549275003e-09,0.5190540182555387,0.5190540182546436,-9.978651452647522,-9.97865145972215,-2.853594730632355,-1.7275398984840677,1.7254263262934244,0.0009002399097922529,0.7081753287132149,-7.011073943630208e-10,-9.97865145972215,0.5190540182546436,4.75,8e-12,8e-12,7.089762719876954e-10,-7.011076164076258e-10
3.0,7.0,2.0,1.0,2.0,1.0,79.0,1.0,0.125,1.0,2.4577578924510566e-19,1.6542221898141395e-19,5.751907838913439e-10,5.8039759665007296e-09,5.80397614901978e-09,0.5190540182546436,0.5190540182553773,-9.97865145972215,-9.978651453918173,-2.853594730629566,-1.727539899059257,1.7254263262934244,0.0009002399100200782,0.7081753287177713,5.751907838913439e-10,-9.978651453918173,0.5190540182553773,4.75,8e-12,8e-12,5.816393116773254e-10,5.752056608798739e-10
3.0,7.0,2.0,1.0,2.0,1.0,80.0,1.0,0.125,1.0,1.6542221898141395e-19,1.1133404787375188e-19,4.718772039780106e-10,4.761604444070144e-09,4.761604734827436e-09,0.5190540182553773,0.5190540182547747,-9.978651453918173,-9.978651458679778,-2.853594730631856,-1.7275398985873793,1.7254263262934244,0.0009002399098331723,0.7081753287140332,-4.718772039780106e-10,-9.978651458679778,0.5190540182547747,4.75,8e-12,8e-12,4.771791525196998e-10,-4.718905266543061e-10
3.0,7.0,2.0,1.0,16.0,16.0,73.0,1.0,0.015625,1.0,3.5860562843038583e-22,1.9125789277530364e-21,6.184786016660837e-11,1.7837220589456138e-10,1.7837209749799948e-10,0.07999126103501136,0.07999126103302547,-1.905866924128005,-1.9058669243063773,-4.522033208074504,-3.1237073966995377,2.1999912273703583,0.0004513344841633836,0.9744862533548968,-6.184786016660837e-11,-1.9058669243063773,4.159397011278748,4.75,6.4e-11,6.4e-11,1.6296664018256024e-10,-6.185363332633642e-11
3.0,7.0,2.0,1.0,16.0,16.0,74.0,2.0,0.015625,0.3333333333333333,1.9125789277530364e-21,2.1062465177859677e-23,6.490363801958665e-12,1.37322375692861e-10,4.11967058114961e-10,0.07999126103302547,0.0799912610345544,-1.9058669243063773,-1.905866924169055,-4.522033208068693,-3.1237073967472466,2.1999912273703583,0.00045133448418221257,0.9744862533579095,6.490363801958665e-12,-1.905866924169055,4.159397011384247,4.75,6.4e-11,6.4e-11,1.2546402805568846e-10,6.480593839341964e-12
3.0,7.0,2.0,1.0,16.0,16.0,75.0,1.0,0.015625,1.0,2.1062465177859677e-23,1.1278001384944738e-22,1.5018652987919268e-11,4.3167691643475337e-11,4.316766341778191e-11,0.0799912610345544,0.07999126103407385,-1.905866924169055,-1.9058669242122226,-4.5220332080705194,-3.123707396732237,2.1999912273703583,0.00045133448416771694,0.9744862533555901,-1.5018652987919268e-11,-1.9058669242122226,4.159397011351091,4.75,6.4e-11,6.4e-11,3.942923765265505e-11,-1.5009327114512416e-11
3.0,7.0,2.0,1.0,16.0,16.0,76.0,1.0,0.015625,1.0,1.1278001384944738e-22,5.991906322517002e-22,3.461764208623208e-11,9.997402905526087e-11,9.997407511147401e-11,0.07999126103407385,0.07999126103518679,-1.9058669242122226,-1.9058669241122486,-4.522033208066291,-3.123707396766862,2.1999912273703583,0.0004513344841722736,0.9744862533563192,3.461764208623208e-11,-1.9058669241122486,4.159397011427889,4.75,6.4e-11,6.4e-11,9.133016565243679e-11,3.462696795963893e-11
3.0,7.0,2.0,1.0,16.0,16.0,77.0,2.0,0.015625,0.3333333333333333,5.991906322517002e-22,6.230741833418421e-24,3.5300651290981477e-12,7.687561698332956e-11,2.3062693282402528e-10,0.07999126103518679,0.07999126103433088,-1.9058669241122486,-1.9058669241891242,-4.5220332080695425,-3.1237073967402442,2.1999912273703583,0.0004513344841617204,0.9744862533546307,-3.5300651290981477e-12,-1.9058669241891242,4.159397011368827,4.75,6.4e-11,6.4e-11,7.023936987593515e-11,-3.5202951664814464e-12
3.0,7.0,2.0,1.0,16.0,16.0,78.0,1.0,0.015625,1.0,6.230741833418421e-24,3.3766870967673117e-23,8.217870828275409e-12,2.3454571618231057e-11,2.3454471382227407e-11,0.07999126103433088,0.0799912610345918,-1.9058669241891242,-1.9058669241656696,-4.522033208068551,-3.1237073967484505,2.1999912273703583,0.0004513344841698354,0.9744862533559291,8.217870828275409e-12,-1.9058669241656696,4.159397011386838,4.75,6.4e-11,6.4e-11,2.141925525833699e-11,8.199663170671556e-12
3.0,7.0,2.0,1.0,16.0,16.0,79.0,1.0,0.015625,1.0,3.3766870967673117e-23,1.8174931332302408e-22,1.9065637957282888e-11,5.46247491683971e-11,5.4624671554115674e-11,0.0799912610345918,0.0799912610339839,-1.9058669241656696,-1.9058669242202944,-4.522033208070861,-3.1237073967294013,2.1999912273703583,0.0004513344841673595,0.974486253355533,-1.9065637957282888e-11,-1.9058669242202944,4.159397011344888,4.75,6.4e-11,6.4e-11,4.9888593256497415e-11,-1.9057200262295737e-11
3.0,7.0,2.0,1.0,16.0,16.0,80.0,1.0,0.015625,1.0,1.8174931332302408e-22,9.695014643851636e-22,4.403410969189281e-11,1.2693335271762862e-10,1.2693324173065117e-10,0.0799912610339839,0.07999126103539704,-1.9058669242202944,-1.905866924093361,-4.5220332080654915,-3.123707396773436,2.1999912273703583,0.0004513344841731256,0.9744862533564556,4.403410969189281e-11,-1.905866924093361,4.1593970114423975,4.75,6.4e-11,6.4e-11,1.1596168469907298e-10,4.402522790769581e-11
3.0,7.0,2.0,1.0,32.0,29.0,73.0,2.0,0.0078125,0.3333333333333333,1.8327649623169712e-14,1.1876372949363812e-14,1.5411925868846765e-07,4.5187269726021384e-07,1.3556180918685856e-06,0.05401749688179696,0.054017491393492816,-0.7524455576921559,-0.7524460095648532,-4.620733532704728,-3.645686637668115,2.601867551486802,0.00029710012563325246,1.181145961609789,-1.5411925868846765e-07,-0.7524460095648532,2.4352418889321026,4.75,1.28e-10,1.28e-10,4.5187269726021384e-07,-1.541181156028415e-07
3.0,7.0,2.0,1.0,32.0,29.0,74.0,2.0,0.0078125,0.3333333333333333,1.1876372949363812e-14,7.695897823678285e-15,1.2406367577710853e-07,3.637512943077681e-07,1.0912538828000273e-06,0.054017491393492816,0.05401749581150208,-0.7524460095648532,-0.7524456458135589,-4.620733515916292,-3.645686864477973,2.601867551486802,0.0002971002063860102,1.1811459874506713,1.2406367577710853e-07,-0.7524456458135589,2.435242202621387,4.75,1.28e-10,1.28e-10,3.637512943077681e-07,1.240627547360873e-07
3.0,7.0,2.0,1.0,32.0,29.0,75.0,2.0,0.0078125,0.3333333333333333,7.695897823678285e-15,4.986960267315398e-15,9.986951754470397e-08,2.928143413294393e-07,8.784430238594132e-07,0.05401749581150208,0.05401749225507088,-0.7524456458135589,-0.7524459386279002,-4.620733529430731,-3.6456866818993414,2.601867551486802,0.0002971001413811552,1.181145966649118,-9.986951754470397e-08,-0.7524459386279002,2.4352419501062132,4.75,1.28e-10,1.28e-10,2.928143413294393e-07,-9.986877591572352e-08
3.0,7.0,2.0,1.0,32.0,29.0,76.0,2.0,0.0078125,0.3333333333333333,4.986960267315398e-15,3.231557623864113e-15,8.039350252175836e-08,2.35711405949246e-07,7.07134217736837e-07,0.05401749225507088,0.054017495117947734,-0.7524459386279002,-0.7524457029164943,-4.620733518551798,-3.645686828872532,2.601867551486802,0.0002971001937090908,1.1811459833940572,8.039350252175836e-08,-0.7524457029164943,2.4352421533773585,4.75,1.28e-10,1.28e-10,2.35711405949246e-07,8.039290566586033e-08
3.0,7.0,2.0,1.0,32.0,29.0,77.0,2.0,0.0078125,0.3333333333333333,3.231557623864113e-15,2.0940517107849074e-15,6.471555780152016e-08,1.8974425552986673e-07,5.69232766698867e-07,0.054017495117947734,0.054017492813373445,-0.7524457029164943,-0.7524458926607498,-4.620733527309181,-3.645686710561297,2.601867551486802,0.0002971001515858431,1.181145969914618,-6.471555780152016e-08,-0.7524458926607498,2.435241989747041,4.75,1.28e-10,1.28e-10,1.8974425552986673e-07,-6.47150772969951e-08
3.0,7.0,2.0,1.0,32.0,29.0,78.0,2.0,0.0078125,0.3333333333333333,2.0940517107849074e-15,1.3569511454060562e-15,5.2095127323070756e-08,1.5274125497732882e-07,4.582237648368645e-07,0.054017492813373445,0.05401749466852084,-0.7524458926607498,-0.7524457399194948,-4.620733520259621,-3.6456868058001213,2.601867551486802,0.00029710018549444577,1.1811459807653708,5.2095127323070756e-08,-0.7524457399194948,2.4352421214669713,4.75,1.28e-10,1.28e-10,1.5274125497732882e-07,5.2094740077279766e-08
3.0,7.0,2.0,1.0,32.0,29.0,79.0,2.0,0.0078125,0.3333333333333333,1.3569511454060562e-15,8.793114782322762e-16,4.19359387215934e-08,1.2295459994593472e-07,3.6886379995953364e-07,0.05401749466852084,0.0540174931751528,-0.7524457399194948,-0.7524458628740948,-4.62073352593442,-3.6456867291341166,2.601867551486802,0.00029710015819853404,1.1811459720306792,-4.19359387215934e-08,-0.7524458628740948,2.4352420154342482,4.75,1.28e-10,1.28e-10,1.2295459994593472e-07,-4.193562874732493e-08
3.0,7.0,2.0,1.0,32.0,29.0,80.0,2.0,0.0078125,0.3333333333333333,8.793114782322762e-16,5.698010704643461e-16,3.375799373372956e-08,9.897694297489323e-08,2.96930828797952e-07,0.0540174931751528,0.05401749437729579,-0.7524458628740948,-0.7524457638971518,-4.620733521366276,-3.6456867908493784,2.601867551486802,0.0002971001801713661,1.1811459790619854,3.375799373372956e-08,-0.7524457638971518,2.4352421007892886,4.75,1.28e-10,1.28e-10,9.897694297489323e-08,3.375774326741521e-08
3.0,7.0,2.0,1.0,64.0,55.0,73.0,17.0,0.00390625,2.323057312541878e-08,0.0004511747486677019,0.00045117480767253523,0.0243643393331876,2.2185122183771e-08,0.31833225466808207,0.033375612018719865,0.033375612617499884,-0.57755331003756,-0.5775532971135522,-4.699172672053501,-3.7635682117403153,2.929175052344434,0.0002635482087427967,1.3981807145048566,0.012886421015140037,-0.5775532971135522,1.3765401813690132,4.75,2.56e-10,2.56e-10,2.2185122183771e-08,-0.06393038859528044
3.0,7.0,2.0,1.0,64.0,55.0,74.0,17.0,0.00390625,2.323057312541878e-08,0.00045117480767253523,0.0004511748666856617,0.024364337635200073,2.218511863105732e-08,0.3183322037001749,0.033375612617499884,0.033375613216279826,-0.5775532971135522,-0.5775532841895481,-4.699172669778136,-3.7635682211997645,2.929175052344434,0.00026354820606909116,1.3981807127936852,0.012886429576555614,-0.5775532841895481,1.3765401985897747,4.75,2.56e-10,2.56e-10,2.218511863105732e-08,-0.06393037468052132
3.0,7.0,2.0,1.0,64.0,55.0,75.0,17.0,0.00390625,2.323057312541878e-08,0.0004511748666856617,0.00045117492570025965,0.024364335937210768,2.2185115078343642e-08,0.318332152730273,0.033375613216279826,0.03337561381505969,-0.5775532841895481,-0.5775532712655479,-4.699172667502773,-3.763568230659327,2.929175052344434,0.0002635482033953864,1.3981807110825142,0.012886438138082656,-0.5775532712655479,1.3765402158105324,4.75,2.56e-10,2.56e-10,2.2185115078343642e-08,-0.06393036076565073
3.0,7.0,2.0,1.0,64.0,55.0,76.0,17.0,0.00390625,2.323057312541878e-08,0.00045117492570025965,0.00045117498470970737,0.02436433423922235,2.2185111525629964e-08,0.31833210176001475,0.03337561381505969,0.03337561441383948,-0.5775532712655479,-0.5775532583415516,-4.69917266522741,-3.7635682401185515,2.929175052344434,0.00026354820072168244,1.3981807093713436,0.01288644669920247,-0.5775532583415516,1.3765402330312861,4.75,2.56e-10,2.56e-10,2.2185111525629964e-08,-0.06393034685118915
3.0,7.0,2.0,1.0,64.0,55.0,77.0,17.0,0.00390625,2.323057312541878e-08,0.00045117498470970737,0.0004511750437230442,0.024364332541233935,2.2185107972916285e-08,0.31833205079104665,0.03337561441383948,0.03337561501261919,-0.5775532583415516,-0.5775532454175591,-4.699172662952047,-3.7635682495780016,2.929175052344434,0.00026354819804797917,1.3981807076601735,0.012886455260618046,-0.5775532454175591,1.376540250252036,4.75,2.56e-10,2.56e-10,2.2185107972916285e-08,-0.06393033293643091
3.0,7.0,2.0,1.0,64.0,55.0,78.0,17.0,0.00390625,2.323057312541878e-08,0.0004511750437230442,0.00045117510272686353,0.02436433084324552,2.2185104420202606e-08,0.3183319998211435,0.03337561501261919,0.03337561561139882,-0.5775532454175591,-0.5775532324935705,-4.699172660676684,-3.763568259036848,2.929175052344434,0.00026354819537427677,1.398180705949004,0.012886463821288885,-0.5775532324935705,1.3765402674727822,4.75,2.56e-10,2.56e-10,2.2185104420202606e-08,-0.0639303190224183
3.0,7.0,2.0,1.0,64.0,55.0,79.0,17.0,0.00390625,2.323057312541878e-08,0.00045117510272686353,0.00045117516174182176,0.024364329145257102,2.2185100867488927e-08,0.3183319488535903,0.03337561561139882,0.03337561621017837,-0.5775532324935705,-0.5775532195695857,-4.699172658401322,-3.763568268496412,2.929175052344434,0.000263548192700575,1.3981807042378347,0.012886472382818148,-0.5775532195695857,1.3765402846935244,4.75,2.56e-10,2.56e-10,2.2185100867488927e-08,-0.06393030510754727
3.0,7.0,2.0,1.0,64.0,55.0,80.0,17.0,0.00390625,2.323057312541878e-08,0.00045117516174182176,0.00045117522075111184,0.024364327447269574,2.218509731477525e-08,0.31833189788333005,0.03337561621017837,0.03337561680895784,-0.5775532195695857,-0.5775532066456048,-4.699172656125961,-3.7635682779555983,2.929175052344434,0.0002635481900268741,1.3981807025266662,0.01288648094389977,-0.5775532066456048,1.3765403019142628,4.75,2.56e-10,2.56e-10,2.218509731477525e-08,-0.06393029119312565
3.0,7.0,2.0,1.0,128.0,108.0,73.0,17.0,0.001953125,2.323057312541878e-08,0.03269147195605919,0.03269147195940103,0.24670657067886026,5.756344512164446e-08,0.8259725207138277,0.02673953902829466,0.02673953977399653,-0.18740684448475664,-0.18740679666840201,-4.724389748858814,-4.145157448823171,3.4429039131223655,0.00015806882479877356,1.6755279121095965,0.06722210873413026,-0.18740679666840201,0.5254611213717023,4.75,5.12e-10,5.12e-10,5.756344512164446e-08,-0.1794838351644481
3.0,7.0,2.0,1.0,128.0,108.0,74.0,17.0,0.001953125,2.323057312541878e-08,0.03269147195940103,0.0326914719628742,0.24670655348546955,5.7563427136031464e-08,0.8259722628967193,0.02673953977399653,0.026739540519698166,-0.18740679666840201,-0.18740674885206512,-4.724389746025147,-4.145157516659578,3.4429039131223655,0.00015806880646106853,1.6755278886373342,0.06722217188587543,-0.18740674885206512,0.5254611773013533,4.75,5.12e-10,5.12e-10,5.7563427136031464e-08,-0.17948375481962398
3.0,7.0,2.0,1.0,128.0,108.0,75.0,17.0,0.001953125,2.323057312541878e-08,0.0326914719628742,0.03269147196622761,0.24670653629207973,5.7563409205929617e-08,0.8259720050722476,0.026739540519698166,0.02673954126539957,-0.18740674885206512,-0.187406701035746,-4.724389743191481,-4.14515758449442,3.4429039131223655,0.00015806878812336784,1.6755278651650773,0.0672222350357723,-0.187406701035746,0.5254612332309869,4.75,5.12e-10,5.12e-10,5.7563409205929617e-08,-0.1794836744766508
3.0,7.0,2.0,1.0,128.0,108.0,76.0,17.0,0.001953125,2.323057312541878e-08,0.03269147196622761,0.032691471969653635,0.24670651909869168,5.756339122031662e-08,0.8259717472548813,0.02673954126539957,0.02673954201110074,-0.187406701035746,-0.18740665321944464,-4.724389740357817,-4.145157652330131,3.4429039131223655,0.00015806876978567136,1.6755278416928259,0.06722229818667902,-0.18740665321944464,0.5254612891606031,4.75,5.12e-10,5.12e-10,5.756339122031662e-08,-0.17948359413266868
3.0,7.0,2.0,1.0,128.0,108.0,77.0,17.0,0.001953125,2.323057312541878e-08,0.032691471969653635,0.0326914719730856,0.24670650190530452,5.756337323470362e-08,0.825971489433546,0.02673954201110074,0.02673954275680168,-0.18740665321944464,-0.187406605403161,-4.724389737524154,-4.145157720165861,3.4429039131223655,0.00015806875144797912,1.6755278182205797,0.06722236133760706,-0.187406605403161,0.5254613450902018,4.75,5.12e-10,5.12e-10,5.756337323470362e-08,-0.179483513788667
3.0,7.0,2.0,1.0,128.0,108.0,78.0,17.0,0.001953125,2.323057312541878e-08,0.0326914719730856,0.03269147197651529,0.24670648471191914,5.756335530460177e-08,0.8259712316120743,0.02673954275680168,0.02673954350250238,-0.187406605403161,-0.18740655758689514,-4.724389734690491,-4.145157788001487,3.4429039131223655,0.00015806873311029115,1.6755277947483391,0.06722242448843119,-0.18740655758689514,0.525461401019783,4.75,5.12e-10,5.12e-10,5.756335530460177e-08,-0.17948343344477014
3.0,7.0,2.0,1.0,128.0,108.0,79.0,17.0,0.001953125,2.323057312541878e-08,0.03269147197651529,0.032691471979891876,0.24670646751853464,5.756333731898877e-08,0.8259709737909517,0.02673954350250238,0.02673954424820285,-0.18740655758689514,-0.18740650977064705,-4.72438973185683,-4.145157855836399,3.4429039131223655,0.00015806871477260743,1.675527771276104,0.06722248763839822,-0.18740650977064705,0.5254614569493468,4.75,5.12e-10,5.12e-10,5.756333731898877e-08,-0.17948335310173125
3.0,7.0,2.0,1.0,128.0,108.0,80.0,17.0,0.001953125,2.323057312541878e-08,0.032691471979891876,0.03269147198334115,0.24670645032515104,5.756331933337577e-08,0.8259707159730874,0.02673954424820285,0.02673954499390309,-0.18740650977064705,-0.18740646195441668,-4.7243897290231684,-4.1451579236721825,3.4429039131223655,0.000158068696434928,1.6755277478038744,0.06722255078937955,-0.18740646195441668,0.5254615128788931,4.75,5.12e-10,5.12e-10,5.756331933337577e-08,-0.17948327275767895
3.0,7.0,2.0,1.0,256.0,213.0,73.0,1.0,0.0009765625,1.0,2.515308370649162e-20,4.4701543114323295e-20,2.9900348863520776e-10,3.4788100178317904e-10,3.478810264970642e-10,0.025643335768903278,0.02564333577325751,-0.44130783561004283,-0.44130783526216183,-4.728555324061621,-3.8713856749315836,3.418389254211453,0.0002332658671948138,2.0294188529172326,2.9900348863520776e-10,-0.44130783526216183,0.4432501829943163,4.75,1.024e-09,1.024e-09,3.4788100178317904e-10,2.9900171227836836e-10
3.0,7.0,2.0,1.0,256.0,213.0,74.0,1.0,0.0009765625,1.0,4.4701543114323295e-20,7.9365341236289e-20,3.984101937248852e-10,4.6376352758059625e-10,4.637635462430916e-10,0.02564333577325751,0.025643335767452726,-0.44130783526216183,-0.44130783572592536,-4.728555324083679,-3.8713856745330597,3.418389254211453,0.00023326586711135055,2.029418852703567,-3.984101937248852e-10,-0.44130783572592536,0.44325018255894505,4.75,1.024e-09,1.024e-09,4.6376352758059625e-10,-3.984075291896261e-10
3.0,7.0,2.0,1.0,256.0,213.0,75.0,1.0,0.0009765625,1.0,7.9365341236289e-20,1.4100627511393378e-19,5.310485384768526e-10,6.179473044376493e-10,6.179473172978561e-10,0.025643335767452726,0.025643335775187143,-0.44130783572592536,-0.44130783510797805,-4.728555324054289,-3.8713856750642086,3.418389254211453,0.00023326586722261617,2.0294188529884067,5.310485384768526e-10,-0.44130783510797805,0.4432501831390615,4.75,1.024e-09,1.024e-09,6.179473044376493e-10,5.310449857631738e-10
3.0,7.0,2.0,1.0,256.0,213.0,76.0,1.0,0.0009765625,1.0,1.4100627511393378e-19,2.5034399421209925e-19,7.075930952282761e-10,8.236745174805549e-10,8.23674500143856e-10,0.025643335775187143,0.02564333576487791,-0.44130783510797805,-0.44130783593165257,-4.728555324093464,-3.8713856743564445,3.418389254211453,0.00023326586707435895,2.0294188526088686,-7.075930952282761e-10,-0.44130783593165257,0.44325018236581193,4.75,1.024e-09,1.024e-09,8.236745174805549e-10,-7.075895425145973e-10
3.0,7.0,2.0,1.0,256.0,213.0,77.0,1.0,0.0009765625,1.0,2.5034399421209925e-19,4.444548179321355e-19,9.428200442584966e-10,1.0975018116532453e-09,1.0975017927734077e-09,0.02564333576487791,0.025643335778614613,-0.44130783593165257,-0.44130783483415076,-4.728555324041264,-3.8713856752995293,3.418389254211453,0.00023326586727197404,2.029418853114763,9.428200442584966e-10,-0.44130783483415076,0.44325018339612576,4.75,1.024e-09,1.024e-09,1.0975018116532453e-09,9.428156033663981e-10
3.0,7.0,2.0,1.0,256.0,213.0,78.0,2.0,0.0009765625,0.3333333333333333,4.444548179321355e-19,2.1965778334335e-20,2.0959856072977345e-10,4.874487480321932e-10,1.4623462187767404e-09,0.025643335778614613,0.025643335772513466,-0.44130783483415076,-0.4413078353215995,-4.728555324064449,-3.8713856748805346,3.418389254211453,0.00023326586700866253,2.0294188524406858,2.0959856072977345e-10,-0.4413078353215995,0.4432501829385182,4.75,1.024e-09,1.024e-09,4.874487480321932e-10,2.0959767255135375e-10
3.0,7.0,2.0,1.0,256.0,213.0,79.0,1.0,0.0009765625,1.0,2.1965778334335e-20,3.904522572551832e-20,2.794466880118307e-10,3.250953950484359e-10,3.250953783954278e-10,0.025643335772513466,0.025643335768444527,-0.4413078353215995,-0.4413078356466949,-4.728555324079911,-3.8713856746010737,3.418389254211453,0.00023326586712561073,2.029418852740073,-2.794466880118307e-10,-0.4413078356466949,0.44325018263332483,4.75,1.024e-09,1.024e-09,3.250953950484359e-10,-2.79445799833411e-10
3.0,7.0,2.0,1.0,256.0,213.0,80.0,1.0,0.0009765625,1.0,3.904522572551832e-20,6.921355536549538e-20,3.7205794001238246e-10,4.334319014809296e-10,4.334319228032492e-10,0.025643335768444527,0.025643335773869597,-0.4413078356466949,-0.441307835213263,-4.728555324059296,-3.8713856749733226,3.418389254211453,0.00023326586720360726,2.029418852939744,3.7205794001238246e-10,-0.441307835213263,0.4432501830402222,4.75,1.024e-09,1.024e-09,4.334319014809296e-10,3.7205616365554306e-10
3.0,7.0,2.0,1.0,512.0,425.0,73.0,1.0,0.00048828125,1.0,1.7576420986183846e-20,1.0353818042201025e-19,4.5505643697651976e-10,2.575751278932614e-10,2.575751180210448e-10,0.024950313763318955,0.02495031376007725,-0.12783099362367015,-0.12783099388124528,-4.731188807711706,-4.239034628237313,3.776674930529869,0.00013282775312769017,2.2951424758063723,-4.5505643697651976e-10,-0.12783099388124528,0.39127353200578885,4.75,2.048e-09,2.048e-09,2.575751278932614e-10,-4.5505554879810006e-10
3.0,7.0,2.0,1.0,512.0,425.0,74.0,1.0,0.00048828125,1.0,1.0353818042201025e-19,6.083313457033515e-19,1.103024338533487e-09,6.251558437586624e-10,6.251558519051316e-10,0.02495031376007725,0.02495031376794508,-0.12783099388124528,-0.12783099325608943,-4.731188807681809,-4.239034629340872,3.776674930529869,0.00013282775324941913,2.295142476429625,1.103024338533487e-09,-0.12783099325608943,0.39127353259590786,4.75,2.048e-09,2.048e-09,6.251558437586624e-10,1.1030207858198082e-09
3.0,7.0,2.0,1.0,512.0,425.0,75.0,2.0,0.00048828125,0.3333333333333333,6.083313457033515e-19,1.227890426880845e-20,1.567093121934704e-10,5.051104257081107e-10,1.5153313039877165e-09,0.02495031376794508,0.024950313761588072,-0.12783099325608943,-0.12783099376119986,-4.731188807705966,-4.239034628448633,3.776674930529869,0.000132827752953973,2.2951424749169407,-1.567093121934704e-10,-0.12783099376119986,0.39127353211910704,4.75,2.048e-09,2.048e-09,5.051104257081107e-10,-1.567093121934704e-10
3.0,7.0,2.0,1.0,512.0,425.0,76.0,1.0,0.00048828125,1.0,1.227890426880845e-20,7.277965912364933e-20,3.81522369252707e-10,2.1528676064086483e-10,2.1528677063606337e-10,0.024950313761588072,0.02495031376429767,-0.12783099376119986,-0.1278309935459131,-4.731188807695669,-4.239034628829911,3.776674930529869,0.0001328277531926861,2.2951424761391515,3.81522369252707e-10,-0.1278309935459131,0.39127353232232787,4.75,2.048e-09,2.048e-09,2.1528676064086483e-10,3.815214810742873e-10
3.0,7.0,2.0,1.0,512.0,425.0,77.0,1.0,0.00048828125,1.0,7.277965912364933e-20,4.2904374905559908e-19,9.263301237183441e-10,5.241342915240921e-10,5.241342959980032e-10,0.02495031376429767,0.024950313757701164,-0.1278309935459131,-0.1278309940700474,-4.731188807720736,-4.2390346279035365,3.776674930529869,0.0001328277530909425,2.295142475618224,-9.263301237183441e-10,-0.1278309940700474,0.39127353182756913,4.75,2.048e-09,2.048e-09,5.241342915240921e-10,-9.263283473615047e-10
3.0,7.0,2.0,1.0,512.0,425.0,78.0,2.0,0.00048828125,0.3333333333333333,4.2904374905559908e-19,8.602401078449124e-21,1.311670771997342e-10,4.241966222728877e-10,1.2725898707596592e-09,0.024950313757701164,0.024950313763039914,-0.1278309940700474,-0.12783099364585077,-4.731188807700448,-4.239034628652548,3.776674930529869,0.00013282775333864626,2.2951424768864674,1.311670771997342e-10,-0.12783099364585077,0.3912735322279914,4.75,2.048e-09,2.048e-09,4.241966222728877e-10,1.311670771997342e-10
3.0,7.0,2.0,1.0,512.0,425.0,79.0,1.0,0.00048828125,1.0,8.602401078449124e-21,5.0361617888246176e-20,3.1736924199776695e-10,1.8019669090207913e-10,1.8019668754962488e-10,0.024950313763039914,0.024950313760771916,-0.12783099364585077,-0.12783099382604746,-4.731188807709067,-4.239034628334845,3.776674930529869,0.00013282775313817264,2.2951424758600427,-3.1736924199776695e-10,-0.12783099382604746,0.39127353205789417,4.75,2.048e-09,2.048e-09,1.8019669090207913e-10,-3.1736835381934725e-10
3.0,7.0,2.0,1.0,512.0,425.0,80.0,1.0,0.00048828125,1.0,5.0361617888246176e-20,2.9558896448598526e-19,7.688809589012635e-10,4.3600001387034126e-10,4.360000206378194e-10,0.024950313760771916,0.02495031376625934,-0.12783099382604746,-0.12783099339004744,-4.7311888076882145,-4.2390346291040855,3.776674930529869,0.00013282775322333285,2.295142476296063,7.688809589012635e-10,-0.12783099339004744,0.3912735324694574,4.75,2.048e-09,2.048e-09,4.3600001387034126e-10,7.688791825444241e-10
3.0,7.0,2.0,1.0,1024.0,848.0,73.0,1.0,0.000244140625,1.0,2.980552717964832e-19,1.648337347484631e-18,1.8156747216835356e-09,7.202765467395622e-10,7.202765420481053e-10,0.021595672232576874,0.021595672223479516,-0.06847443773469661,-0.06847443845497315,-4.743936445550778,-4.36267925419163,3.998320657947117,9.999247112223014e-05,2.77358703588106,-1.8156747216835356e-09,-0.06847443845497315,0.14286676120790828,4.75,4.096e-09,4.096e-09,7.202765467395622e-10,-1.8156720571482765e-09
3.0,7.0,2.0,1.0,1024.0,848.0,74.0,2.0,0.000244140625,0.3333333333333333,1.648337347484631e-18,2.2648063027249816e-20,2.128288656422228e-10,5.646153267147014e-10,1.693845998650032e-09,0.021595672223479516,0.021595672230610763,-0.06847443845497315,-0.06847443789035783,-4.743936445523679,-4.362679255614365,3.998320657947117,9.999247160072723e-05,2.7735870407808703,2.128288656422228e-10,-0.06847443789035783,0.14286676175703358,4.75,4.096e-09,4.096e-09,5.646153267147014e-10,2.128279774638031e-10
3.0,7.0,2.0,1.0,1024.0,848.0,75.0,1.0,0.000244140625,1.0,2.2648063027249816e-20,1.2493474809106407e-19,4.998694791424896e-10,1.9854796973195477e-10,1.9854796472462248e-10,0.021595672230610763,0.021595672228103074,-0.06847443789035783,-0.0684744380889058,-4.743936445533208,-4.362679255114697,3.998320657947117,9.999247122563966e-05,2.7735870369399738,-4.998694791424896e-10,-0.0684744380889058,0.142866761563933,4.75,4.096e-09,4.096e-09,1.9854796973195477e-10,-4.998685909640699e-10
3.0,7.0,2.0,1.0,1024.0,848.0,76.0,1.0,0.000244140625,1.0,1.2493474809106407e-19,6.896558182141043e-19,1.1744409889047347e-09,4.663289893125366e-10,4.66328984829916e-10,0.021595672228103074,0.021595672233992922,-0.0684744380889058,-0.06847443762257681,-4.743936445510827,-4.362679256289138,3.998320657947117,9.999247135753986e-05,2.7735870382906316,1.1744409889047347e-09,-0.06847443762257681,0.14286676201746834,4.75,4.096e-09,4.096e-09,4.663289893125366e-10,1.1744383243694756e-09
3.0,7.0,2.0,1.0,1024.0,848.0,77.0,1.0,0.000244140625,1.0,6.896558182141043e-19,3.810320632944419e-18,2.760550898983638e-09,1.0956375945392338e-09,1.0956375955114459e-09,0.021595672233992922,0.02159567222015486,-0.06847443762257681,-0.0684744387182144,-4.743936445563412,-4.362679253528828,3.998320657947117,9.999247104774623e-05,2.7735870351183447,-2.760550898983638e-09,-0.0684744387182144,0.1428667609518894,4.75,4.096e-09,4.096e-09,1.0956375945392338e-09,-2.76054556991312e-09
3.0,7.0,2.0,1.0,1024.0,848.0,78.0,2.0,0.000244140625,0.3333333333333333,3.810320632944419e-18,5.171316287721359e-20,3.2159963581079865e-10,8.584408600631477e-10,2.575322597133384e-09,0.02159567222015486,0.021595672230997086,-0.0684744387182144,-0.06847443785977354,-4.743936445522211,-4.362679255690974,3.998320657947117,9.999247177560478e-05,2.7735870425716165,3.2159963581079865e-10,-0.06847443785977354,0.14286676178677926,4.75,4.096e-09,4.096e-09,8.584408600631477e-10,3.2160052398921835e-10
3.0,7.0,2.0,1.0,1024.0,848.0,79.0,1.0,0.000244140625,1.0,5.171316287721359e-20,2.8519396650142425e-19,7.55240314731509e-10,3.000220349935745e-10,3.0002203873160937e-10,0.021595672230997086,0.021595672227207704,-0.06847443785977354,-0.06847443815979558,-4.743936445536611,-4.362679254935489,3.998320657947117,9.999247120532178e-05,2.7735870367319184,-7.55240314731509e-10,-0.06847443815979558,0.14286676149498748,4.75,4.096e-09,4.096e-09,3.000220349935745e-10,-7.552394265530893e-10
3.0,7.0,2.0,1.0,1024.0,848.0,80.0,1.0,0.000244140625,1.0,2.8519396650142425e-19,1.578001079568261e-18,1.7765140469805374e-09,7.045651562176403e-10,7.045651563280887e-10,0.021595672227207704,0.021595672236106558,-0.06847443815979558,-0.06847443745523042,-4.743936445502795,-4.362679256711512,3.998320657947117,9.999247140463366e-05,2.773587038772872,1.7765140469805374e-09,-0.06847443745523042,0.14286676218022326,4.75,4.096e-09,4.096e-09,7.045651562176403e-10,1.7765104942668586e-09
3.0,7.0,2.0,1.0,2048.0,1694.0,73.0,1.0,0.0001220703125,1.0,7.469560409615415e-19,3.809097252154223e-18,2.7601076979522077e-09,7.703673879366768e-10,7.703673878415631e-10,0.021270742432262152,0.02127074242252664,-0.0365233914084923,-0.036523392178859686,-4.745171178794399,-4.457477826967736,4.1884113367623605,7.512506205674829e-05,3.326243538274677,-2.7601076979522077e-09,-0.036523392178859686,0.11784716653453058,4.75,8.192e-09,8.192e-09,7.703673879366768e-10,-2.7601050334169486e-09
3.0,7.0,2.0,1.0,2048.0,1694.0,74.0,1.0,0.0001220703125,1.0,3.809097252154223e-18,1.9455631560564207e-17,6.237889316196288e-09,1.7396474122355343e-09,1.7396474102521757e-09,0.02127074242252664,0.021270742444511513,-0.036523392178859686,-0.036523390439212274,-4.745171178710857,-4.457477833205991,4.1884113367623605,7.51250627776813e-05,3.326243553039385,6.237889316196288e-09,-0.036523390439212274,0.11784716822743951,4.75,8.192e-09,8.192e-09,1.7396474122355343e-09,6.237880434412091e-09
3.0,7.0,2.0,1.0,2048.0,1694.0,75.0,2.0,0.0001220703125,0.3333333333333333,1.9455631560564207e-17,1.4370020509492394e-19,5.36097388703638e-10,1.3105436805216364e-09,3.931631048578164e-09,0.021270742444511513,0.021270742427949553,-0.036523390439212274,-0.036523391749755954,-4.745171178773791,-4.45747782850948,4.1884113367623605,7.512506114966684e-05,3.326243519697649,-5.36097388703638e-10,-0.036523391749755954,0.11784716695210606,4.75,8.192e-09,8.192e-09,1.3105436805216364e-09,-5.360965005252183e-10
3.0,7.0,2.0,1.0,2048.0,1694.0,76.0,1.0,0.0001220703125,1.0,1.4370020509492394e-19,7.286397931422925e-19,1.2071783572764616e-09,3.3789292891439615e-10,3.3789292912595886e-10,0.021270742427949553,0.021270742432219526,-0.036523391749755954,-0.036523391411863025,-4.745171178757566,-4.4574778297181155,4.1884113367623605,7.512506237611311e-05,3.3262435448152687,1.2071783572764616e-09,-0.036523391411863025,0.11784716728092108,4.75,8.192e-09,8.192e-09,3.3789292891439615e-10,1.2071765809196222e-09
3.0,7.0,2.0,1.0,2048.0,1694.0,77.0,1.0,0.0001220703125,1.0,7.286397931422925e-19,3.7264021222768525e-18,2.729982462312819e-09,7.60863337612161e-10,7.608633401679491e-10,0.021270742432219526,0.02127074242260425,-0.036523391411863025,-0.03652339217272636,-4.745171178794104,-4.457477826988473,4.1884113367623605,7.512506205990273e-05,3.32624353833928,-2.729982462312819e-09,-0.03652339217272636,0.11784716654049956,4.75,8.192e-09,8.192e-09,7.60863337612161e-10,-2.7299780214207203e-09
3.0,7.0,2.0,1.0,2048.0,1694.0,78.0,1.0,0.0001220703125,1.0,3.7264021222768525e-18,1.9081407836379016e-17,6.177605982315981e-09,1.7206590596785531e-09,1.7206590578615771e-09,0.02127074242260425,0.021270742444349077,-0.03652339217272636,-0.0365233904520673,-4.745171178711473,-4.457477833164515,4.1884113367623605,7.512506277194156e-05,3.3262435529218353,6.177605982315981e-09,-0.0365233904520673,0.11784716821492947,4.75,8.192e-09,8.192e-09,1.7206590596785531e-09,6.177597988710204e-09
3.0,7.0,2.0,1.0,2048.0,1694.0,79.0,2.0,0.0001220703125,0.3333333333333333,1.9081407836379016e-17,1.4370496663370987e-19,5.36106270487835e-10,1.2978784991179992e-09,3.893635504242161e-09,0.021270742444349077,0.021270742427947097,-0.0365233904520673,-0.0365233917499458,-4.745171178773801,-4.45747782850948,4.1884113367623605,7.512506116169697e-05,3.3262435199440263,-5.36106270487835e-10,-0.0365233917499458,0.11784716695192093,4.75,8.192e-09,8.192e-09,1.2978784991179992e-09,-5.36106270487835e-10
3.0,7.0,2.0,1.0,2048.0,1694.0,80.0,1.0,0.0001220703125,1.0,1.4370496663370987e-19,7.286290712828956e-19,1.2071694754922646e-09,3.378986881963364e-10,3.3789868988098727e-10,0.021270742427947097,0.02127074243221731,-0.0365233917499458,-0.036523391412047114,-4.745171178757574,-4.4574778297181155,4.1884113367623605,7.512506237629077e-05,3.326243544818907,1.2071694754922646e-09,-0.036523391412047114,0.11784716728074171,4.75,8.192e-09,8.192e-09,3.378986881963364e-10,1.207168587313845e-09
3.0,7.0,2.0,1.0,4096.0,3385.0,73.0,1.0,6.103515625e-05,1.0,7.502827078918776e-23,7.470223812693399e-23,1.2223111411913123e-11,3.2041799769011448e-12,3.2041827858741827e-12,0.020849435537818893,0.0208494355377784,-0.05723066849638026,-0.05723066849958444,-4.746772144956442,-4.392441441190743,4.231127140985612,9.215692982212614e-05,5.5709732737114095,-1.2223111411913123e-11,-0.05723066849958444,0.08540653640892962,4.75,1.6384e-08,1.6384e-08,3.2041799769011448e-12,-1.2223111411913123e-11
3.0,7.0,2.0,1.0,4096.0,3385.0,74.0,1.0,6.103515625e-05,1.0,7.470223812693399e-23,7.500651716086539e-23,1.2247980407664727e-11,3.1974839442838743e-12,3.1974857517861248e-12,0.0208494355377784,0.020849435537818768,-0.05723066849958444,-0.05723066849638696,-4.746772144956289,-4.392441441201419,4.231127140985612,9.215692982447344e-05,5.570973273807555,1.2247980407664727e-11,-0.05723066849638696,0.0854065364120417,4.75,1.6384e-08,1.6384e-08,3.1974839442838743e-12,1.2248868586084427e-11
3.0,7.0,2.0,1.0,4096.0,3385.0,75.0,1.0,6.103515625e-05,1.0,7.500651716086539e-23,7.470223063275539e-23,1.2223111411913123e-11,3.2041314046438174e-12,3.2041292463850858e-12,0.020849435537818768,0.020849435537778224,-0.05723066849638696,-0.05723066849959109,-4.746772144956443,-4.392441441190743,4.231127140985612,9.215692982213105e-05,5.57097327371161,-1.2223111411913123e-11,-0.05723066849959109,0.08540653640892286,4.75,1.6384e-08,1.6384e-08,3.2041314046438174e-12,-1.2223999590332824e-11
3.0,7.0,2.0,1.0,4096.0,3385.0,76.0,1.0,6.103515625e-05,1.0,7.470223063275539e-23,7.499564271328692e-23,1.2247092229245027e-11,3.197581088798529e-12,3.19758266136957e-12,0.020849435537778224,0.02084943553781873,-0.05723066849959109,-0.05723066849639351,-4.746772144956289,-4.392441441201419,4.231127140985612,9.215692982447832e-05,5.570973273807755,1.2247092229245027e-11,-0.05723066849639351,0.08540653641203524,4.75,1.6384e-08,1.6384e-08,3.197581088798529e-12,1.2248868586084427e-11
3.0,7.0,2.0,1.0,4096.0,3385.0,77.0,1.0,6.103515625e-05,1.0,7.499564271328692e-23,7.470222668845087e-23,1.2223111411913123e-11,3.2040273212352588e-12,3.204029058415269e-12,0.02084943553781873,0.020849435537778085,-0.05723066849639351,-0.057230668499597535,-4.746772144956443,-4.392441441190743,4.231127140985612,9.215692982213585e-05,5.570973273711807,-1.2223111411913123e-11,-0.057230668499597535,0.08540653640891623,4.75,1.6384e-08,1.6384e-08,3.2040273212352588e-12,-1.2223999590332824e-11
3.0,7.0,2.0,1.0,4096.0,3385.0,78.0,1.0,6.103515625e-05,1.0,7.470222668845087e-23,7.499563600796922e-23,1.2247092229245027e-11,3.197664355525376e-12,3.1976648890145543e-12,0.020849435537778085,0.020849435537818508,-0.057230668499597535,-0.05723066849639987,-4.74677214495629,-4.392441441201419,4.231127140985612,9.215692982448304e-05,5.570973273807948,1.2247092229245027e-11,-0.05723066849639987,0.08540653641202886,4.75,1.6384e-08,1.6384e-08,3.197664355525376e-12,1.2247980407664727e-11
3.0,7.0,2.0,1.0,4096.0,3385.0,79.0,1.0,6.103515625e-05,1.0,7.499563600796922e-23,7.47022314216163e-23,1.2223111411913123e-11,3.203950993402316e-12,3.2039497682239636e-12,0.020849435537818508,0.02084943553777802,-0.05723066849639987,-0.05723066849960382,-4.746772144956443,-4.392441441190743,4.231127140985612,9.215692982214046e-05,5.570973273711996,-1.2223111411913123e-11,-0.05723066849960382,0.08540653640891008,4.75,1.6384e-08,1.6384e-08,3.203950993402316e-12,-1.2223999590332824e-11
3.0,7.0,2.0,1.0,4096.0,3385.0,80.0,1.0,6.103515625e-05,1.0,7.47022314216163e-23,7.499563521910832e-23,1.2247092229245027e-11,3.1977059888887993e-12,3.1977060032707035e-12,0.02084943553777802,0.0208494355378184,-0.05723066849960382,-0.057230668496406116,-4.74677214495629,-4.392441441201419,4.231127140985612,9.215692982448763e-05,5.570973273808136,1.2247092229245027e-11,-0.057230668496406116,0.08540653641202284,4.75,1.6384e-08,1.6384e-08,3.1977059888887993e-12,1.2247980407664727e-11
3.0,7.0,2.0,2.0,1.0,1.0,73.0,1.0,0.25,1.0,1.7436062672569695e-24,2.531714648478207e-24,2.2502000263102673e-12,2.248157215944957e-11,2.2480971869953787e-11,0.6081508176466158,0.6081508176466291,-9.884809799567703,-9.884809799545222,-2.5150268929428097,-1.7368802218363901,1.7254263262934244,0.0008972033323717082,0.6991425638410869,2.2502000263102673e-12,-9.884809799545222,0.6081508176466291,4.75,4e-12,4e-12,2.2743555632636217e-12,2.2499779817053422e-12
3.0,7.0,2.0,2.0,1.0,1.0,74.0,1.0,0.25,1.0,2.531714648478207e-24,3.668601559382938e-24,2.708722135480457e-12,2.7073454589299217e-11,2.707398219771267e-11,0.6081508176466291,0.6081508176466136,-9.884809799545222,-9.884809799572295,-2.5150268929428687,-1.7368802218336812,1.7254263262934244,0.0008972033323709776,0.6991425638410795,-2.708722135480457e-12,-9.884809799572295,0.6081508176466136,4.75,4e-12,4e-12,2.738894843535058e-12,-2.7056135110115065e-12
3.0,7.0,2.0,2.0,1.0,1.0,75.0,1.0,0.25,1.0,3.668601559382938e-24,5.3335655434413264e-24,3.2660540938422855e-12,3.2578384434600594e-11,3.2578621927891575e-11,0.6081508176466136,0.6081508176466324,-9.884809799572295,-9.884809799539717,-2.515026892942797,-1.7368802218369463,1.7254263262934244,0.0008972033323718579,0.6991425638410883,3.2660540938422855e-12,-9.884809799539717,0.6081508176466324,4.75,4e-12,4e-12,3.295802862692434e-12,3.2653879600275104e-12
3.0,7.0,2.0,2.0,1.0,1.0,76.0,1.0,0.25,1.0,5.3335655434413264e-24,7.736307473632204e-24,3.93352017624693e-12,3.927169700546074e-11,3.927132312554187e-11,0.6081508176466324,0.6081508176466095,-9.884809799539717,-9.884809799578989,-2.515026892942884,-1.736880221833014,1.7254263262934244,0.0008972033323707988,0.6991425638410778,-3.93352017624693e-12,-9.884809799578989,0.6081508176466095,4.75,4e-12,4e-12,3.9729340070144205e-12,-3.9328540424321545e-12
3.0,7.0,2.0,2.0,1.0,1.0,77.0,2.0,0.25,0.3333333333333333,7.736307473632204e-24,5.415717468807236e-25,1.0407230632836217e-12,1.5770496020195424e-11,4.7312810632779264e-11,0.6081508176466095,0.6081508176466185,-9.884809799578989,-9.884809799563218,-2.5150268929428496,-1.7368802218345953,1.7254263262934244,0.0008972033323720755,0.6991425638410905,-1.0407230632836217e-12,-9.884809799563218,0.6081508176466185,4.75,4e-12,4e-12,1.5954273617755514e-12,-1.0391687510491465e-12
3.0,7.0,2.0,2.0,1.0,1.0,78.0,1.0,0.25,1.0,5.415717468807236e-25,7.662116486002752e-25,1.2378986724570495e-12,1.2494894008341362e-11,1.2494545775012519e-11,0.6081508176466185,0.6081508176466258,-9.884809799563218,-9.884809799550723,-2.515026892942822,-1.7368802218358335,1.7254263262934244,0.0008972033323715626,0.6991425638410854,1.2378986724570495e-12,-9.884809799550723,0.6081508176466258,4.75,4e-12,4e-12,1.2640500183315087e-12,1.2347900479880991e-12
3.0,7.0,2.0,2.0,1.0,1.0,79.0,1.0,0.25,1.0,7.662116486002752e-25,1.0793906112643747e-24,1.4692691507889322e-12,1.4871659459458897e-11,1.4871124683238722e-11,0.6081508176466258,0.6081508176466173,-9.884809799550723,-9.884809799565595,-2.5150268929428545,-1.7368802218343629,1.7254263262934244,0.0008972033323711564,0.6991425638410813,-1.4692691507889322e-12,-9.884809799565595,0.6081508176466173,4.75,4e-12,4e-12,1.5044962686216616e-12,-1.4741541320972829e-12
3.0,7.0,2.0,2.0,1.0,1.0,80.0,1.0,0.25,1.0,1.0793906112643747e-24,1.5612149453040805e-24,1.7670309659933991e-12,1.7681855979390093e-11,1.7680991303089446e-11,0.6081508176466173,0.6081508176466278,-9.884809799565595,-9.884809799547913,-2.515026892942814,-1.7368802218361288,1.7254263262934244,0.0008972033323716399,0.6991425638410862,1.7670309659933991e-12,-9.884809799547913,0.6081508176466278,4.75,4e-12,4e-12,1.7887907140274113e-12,1.7723600365116e-12
3.0,7.0,2.0,2.0,2.0,1.0,73.0,1.0,0.125,1.0,2.6441629517184875e-18,1.7796104863880645e-18,1.8865897732922576e-09,1.903701907224331e-08,1.903701993233938e-08,0.519054018253724,0.5190540182561311,-9.978651466991522,-9.978651447954503,-2.853594730626702,-1.7275398996502564,1.7254263262934244,0.0009002399102541748,0.7081753287224533,1.8865897732922576e-09,-9.978651447954503,0.5190540182561311,4.75,8e-12,8e-12,1.907774726396252e-09,1.886588441024628e-09
3.0,7.0,2.0,2.0,2.0,1.0,74.0,1.0,0.125,1.0,1.7796104863880645e-18,1.1977446437713314e-18,1.5477368275895742e-09,1.561773110836384e-08,1.5617731404906e-08,0.5190540182561311,0.5190540182541572,-9.978651447954503,-9.978651463572234,-2.8535947306342027,-1.727539898102521,1.7254263262934244,0.0009002399096411233,0.7081753287101922,-1.5477368275895742e-09,-9.978651463572234,0.5190540182541572,4.75,8e-12,8e-12,1.56511440346634e-09,-1.5477379378125988e-09
3.0,7.0,2.0,2.0,2.0,1.0,75.0,1.0,0.125,1.0,1.1977446437713314e-18,8.061222047098047e-19,1.2697418672047434e-09,1.2812609639922812e-08,1.2812609698786736e-08,0.5190540182541572,0.5190540182557762,-9.978651463572234,-9.978651450759624,-2.8535947306280502,-1.7275398993722626,1.7254263262934244,0.000900239910144063,0.708175328720251,1.2697418672047434e-09,-9.978651450759624,0.5190540182557762,4.75,8e-12,8e-12,1.2840021205967701e-09,1.2697447537846074e-09
3.0,7.0,2.0,2.0,2.0,1.0,76.0,1.0,0.125,1.0,8.061222047098047e-19,5.425551663228795e-19,1.0416862927797865e-09,1.051130205098616e-08,1.0511302303478878e-08,0.5190540182557762,0.5190540182544476,-9.978651450759624,-9.978651461270927,-2.853594730633099,-1.7275398983305772,1.7254263262934244,0.0009002399097314571,0.708175328711999,-1.0416862927797865e-09,-9.978651461270927,0.5190540182544476,4.75,8e-12,8e-12,1.0533790164788236e-09,-1.0416951745639835e-09
3.0,7.0,2.0,2.0,2.0,1.0,77.0,1.0,0.125,1.0,5.425551663228795e-19,3.6516939564081783e-19,8.545986140973127e-10,8.623404212926289e-09,8.623404135325711e-09,0.5190540182544476,0.5190540182555387,-9.978651461270927,-9.978651452647522,-2.853594730628953,-1.7275398991851745,1.7254263262934244,0.0009002399100699537,0.7081753287187689,8.545986140973127e-10,-9.978651452647522,0.5190540182555387,4.75,8e-12,8e-12,8.641853306927681e-10,8.545981700081029e-10
3.0,7.0,2.0,2.0,2.0,1.0,78.0,1.0,0.125,1.0,3.6516939564081783e-19,2.4577578924510566e-19,7.011073943630208e-10,7.074627106362641e-09,7.074627549275003e-09,0.5190540182555387,0.5190540182546436,-9.978651452647522,-9.97865145972215,-2.853594730632355,-1.7275398984840677,1.7254263262934244,0.0009002399097922529,0.7081753287132149,-7.011073943630208e-10,-9.97865145972215,0.5190540182546436,4.75,8e-12,8e-12,7.089762719876954e-10,-7.011076164076258e-10
3.0,7.0,2.0,2.0,2.0,1.0,79.0,1.0,0.125,1.0,2.4577578924510566e-19,1.6542221898141395e-19,5.751907838913439e-10,5.8039759665007296e-09,5.80397614901978e-09,0.5190540182546436,0.5190540182553773,-9.97865145972215,-9.978651453918173,-2.853594730629566,-1.727539899059257,1.7254263262934244,0.0009002399100200782,0.7081753287177713,5.751907838913439e-10,-9.978651453918173,0.5190540182553773,4.75,8e-12,8e-12,5.816393116773254e-10,5.752056608798739e-10
3.0,7.0,2.0,2.0,2.0,1.0,80.0,1.0,0.125,1.0,1.6542221898141395e-19,1.1133404787375188e-19,4.718772039780106e-10,4.761604444070144e-09,4.761604734827436e-09,0.5190540182553773,0.5190540182547747,-9.978651453918173,-9.978651458679778,-2.853594730631856,-1.7275398985873793,1.7254263262934244,0.0009002399098331723,0.7081753287140332,-4.718772039780106e-10,-9.978651458679778,0.5190540182547747,4.75,8e-12,8e-12,4.771791525196998e-10,-4.718905266543061e-10
3.0,7.0,2.0,2.0,16.0,16.0,73.0,1.0,0.015625,1.0,3.5860562843038583e-22,1.9125789277530364e-21,6.184786016660837e-11,1.7837220589456138e-10,1.7837209749799948e-10,0.07999126103501136,0.07999126103302547,-1.905866924128005,-1.9058669243063773,-4.522033208074504,-3.1237073966995377,2.1999912273703583,0.0004513344841633836,0.9744862533548968,-6.184786016660837e-11,-1.9058669243063773,4.159397011278748,4.75,6.4e-11,6.4e-11,1.6296664018256024e-10,-6.185363332633642e-11
3.0,7.0,2.0,2.0,16.0,16.0,74.0,2.0,0.015625,0.3333333333333333,1.9125789277530364e-21,2.1062465177859677e-23,6.490363801958665e-12,1.37322375692861e-10,4.11967058114961e-10,0.07999126103302547,0.0799912610345544,-1.9058669243063773,-1.905866924169055,-4.522033208068693,-3.1237073967472466,2.1999912273703583,0.00045133448418221257,0.9744862533579095,6.490363801958665e-12,-1.905866924169055,4.159397011384247,4.75,6.4e-11,6.4e-11,1.2546402805568846e-10,6.480593839341964e-12
3.0,7.0,2.0,2.0,16.0,16.0,75.0,1.0,0.015625,1.0,2.1062465177859677e-23,1.1278001384944738e-22,1.5018652987919268e-11,4.3167691643475337e-11,4.316766341778191e-11,0.0799912610345544,0.07999126103407385,-1.905866924169055,-1.9058669242122226,-4.5220332080705194,-3.123707396732237,2.1999912273703583,0.00045133448416771694,0.9744862533555901,-1.5018652987919268e-11,-1.9058669242122226,4.159397011351091,4.75,6.4e-11,6.4e-11,3.942923765265505e-11,-1.5009327114512416e-11
3.0,7.0,2.0,2.0,16.0,16.0,76.0,1.0,0.015625,1.0,1.1278001384944738e-22,5.991906322517002e-22,3.461764208623208e-11,9.997402905526087e-11,9.997407511147401e-11,0.07999126103407385,0.07999126103518679,-1.9058669242122226,-1.9058669241122486,-4.522033208066291,-3.123707396766862,2.1999912273703583,0.0004513344841722736,0.9744862533563192,3.461764208623208e-11,-1.9058669241122486,4.159397011427889,4.75,6.4e-11,6.4e-11,9.133016565243679e-11,3.462696795963893e-11
3.0,7.0,2.0,2.0,16.0,16.0,77.0,2.0,0.015625,0.3333333333333333,5.991906322517002e-22,6.230741833418421e-24,3.5300651290981477e-12,7.687561698332956e-11,2.3062693282402528e-10,0.07999126103518679,0.07999126103433088,-1.9058669241122486,-1.9058669241891242,-4.5220332080695425,-3.1237073967402442,2.1999912273703583,0.0004513344841617204,0.9744862533546307,-3.5300651290981477e-12,-1.9058669241891242,4.159397011368827,4.75,6.4e-11,6.4e-11,7.023936987593515e-11,-3.5202951664814464e-12
3.0,7.0,2.0,2.0,16.0,16.0,78.0,1.0,0.015625,1.0,6.230741833418421e-24,3.3766870967673117e-23,8.217870828275409e-12,2.3454571618231057e-11,2.3454471382227407e-11,0.07999126103433088,0.0799912610345918,-1.9058669241891242,-1.9058669241656696,-4.522033208068551,-3.1237073967484505,2.1999912273703583,0.0004513344841698354,0.9744862533559291,8.217870828275409e-12,-1.9058669241656696,4.159397011386838,4.75,6.4e-11,6.4e-11,2.141925525833699e-11,8.199663170671556e-12
3.0,7.0,2.0,2.0,16.0,16.0,79.0,1.0,0.015625,1.0,3.3766870967673117e-23,1.8174931332302408e-22,1.9065637957282888e-11,5.46247491683971e-11,5.4624671554115674e-11,0.0799912610345918,0.0799912610339839,-1.9058669241656696,-1.9058669242202944,-4.522033208070861,-3.1237073967294013,2.1999912273703583,0.0004513344841673595,0.974486253355533,-1.9065637957282888e-11,-1.9058669242202944,4.159397011344888,4.75,6.4e-11,6.4e-11,4.9888593256497415e-11,-1.9057200262295737e-11
3.0,7.0,2.0,2.0,16.0,16.0,80.0,1.0,0.015625,1.0,1.8174931332302408e-22,9.695014643851636e-22,4.403410969189281e-11,1.2693335271762862e-10,1.2693324173065117e-10,0.0799912610339839,0.07999126103539704,-1.9058669242202944,-1.905866924093361,-4.5220332080654915,-3.123707396773436,2.1999912273703583,0.0004513344841731256,0.9744862533564556,4.403410969189281e-11,-1.905866924093361,4.1593970114423975,4.75,6.4e-11,6.4e-11,1.1596168469907298e-10,4.402522790769581e-11
3.0,7.0,2.0,2.0,32.0,29.0,73.0,2.0,0.0078125,0.3333333333333333,1.8327649623169712e-14,1.1876372949363812e-14,1.5411925868846765e-07,4.5187269726021384e-07,1.3556180918685856e-06,0.05401749688179696,0.054017491393492816,-0.7524455576921559,-0.7524460095648532,-4.620733532704728,-3.645686637668115,2.601867551486802,0.00029710012563325246,1.181145961609789,-1.5411925868846765e-07,-0.7524460095648532,2.4352418889321026,4.75,1.28e-10,1.28e-10,4.5187269726021384e-07,-1.541181156028415e-07
3.0,7.0,2.0,2.0,32.0,29.0,74.0,2.0,0.0078125,0.3333333333333333,1.1876372949363812e-14,7.695897823678285e-15,1.2406367577710853e-07,3.637512943077681e-07,1.0912538828000273e-06,0.054017491393492816,0.05401749581150208,-0.7524460095648532,-0.7524456458135589,-4.620733515916292,-3.645686864477973,2.601867551486802,0.0002971002063860102,1.1811459874506713,1.2406367577710853e-07,-0.7524456458135589,2.435242202621387,4.75,1.28e-10,1.28e-10,3.637512943077681e-07,1.240627547360873e-07
3.0,7.0,2.0,2.0,32.0,29.0,75.0,2.0,0.0078125,0.3333333333333333,7.695897823678285e-15,4.986960267315398e-15,9.986951754470397e-08,2.928143413294393e-07,8.784430238594132e-07,0.05401749581150208,0.05401749225507088,-0.7524456458135589,-0.7524459386279002,-4.620733529430731,-3.6456866818993414,2.601867551486802,0.0002971001413811552,1.181145966649118,-9.986951754470397e-08,-0.7524459386279002,2.4352419501062132,4.75,1.28e-10,1.28e-10,2.928143413294393e-07,-9.986877591572352e-08
3.0,7.0,2.0,2.0,32.0,29.0,76.0,2.0,0.0078125,0.3333333333333333,4.986960267315398e-15,3.231557623864113e-15,8.039350252175836e-08,2.35711405949246e-07,7.07134217736837e-07,0.05401749225507088,0.054017495117947734,-0.7524459386279002,-0.7524457029164943,-4.620733518551798,-3.645686828872532,2.601867551486802,0.0002971001937090908,1.1811459833940572,8.039350252175836e-08,-0.7524457029164943,2.4352421533773585,4.75,1.28e-10,1.28e-10,2.35711405949246e-07,8.039290566586033e-08
3.0,7.0,2.0,2.0,32.0,29.0,77.0,2.0,0.0078125,0.3333333333333333,3.231557623864113e-15,2.0940517107849074e-15,6.471555780152016e-08,1.8974425552986673e-07,5.69232766698867e-07,0.054017495117947734,0.054017492813373445,-0.7524457029164943,-0.7524458926607498,-4.620733527309181,-3.645686710561297,2.601867551486802,0.0002971001515858431,1.181145969914618,-6.471555780152016e-08,-0.7524458926607498,2.435241989747041,4.75,1.28e-10,1.28e-10,1.8974425552986673e-07,-6.47150772969951e-08
3.0,7.0,2.0,2.0,32.0,29.0,78.0,2.0,0.0078125,0.3333333333333333,2.0940517107849074e-15,1.3569511454060562e-15,5.2095127323070756e-08,1.5274125497732882e-07,4.582237648368645e-07,0.054017492813373445,0.05401749466852084,-0.7524458926607498,-0.7524457399194948,-4.620733520259621,-3.6456868058001213,2.601867551486802,0.00029710018549444577,1.1811459807653708,5.2095127323070756e-08,-0.7524457399194948,2.4352421214669713,4.75,1.28e-10,1.28e-10,1.5274125497732882e-07,5.2094740077279766e-08
3.0,7.0,2.0,2.0,32.0,29.0,79.0,2.0,0.0078125,0.3333333333333333,1.3569511454060562e-15,8.793114782322762e-16,4.19359387215934e-08,1.2295459994593472e-07,3.6886379995953364e-07,0.05401749466852084,0.0540174931751528,-0.7524457399194948,-0.7524458628740948,-4.62073352593442,-3.6456867291341166,2.601867551486802,0.00029710015819853404,1.1811459720306792,-4.19359387215934e-08,-0.7524458628740948,2.4352420154342482,4.75,1.28e-10,1.28e-10,1.2295459994593472e-07,-4.193562874732493e-08
3.0,7.0,2.0,2.0,32.0,29.0,80.0,2.0,0.0078125,0.3333333333333333,8.793114782322762e-16,5.698010704643461e-16,3.375799373372956e-08,9.897694297489323e-08,2.96930828797952e-07,0.0540174931751528,0.05401749437729579,-0.7524458628740948,-0.7524457638971518,-4.620733521366276,-3.6456867908493784,2.601867551486802,0.0002971001801713661,1.1811459790619854,3.375799373372956e-08,-0.7524457638971518,2.4352421007892886,4.75,1.28e-10,1.28e-10,9.897694297489323e-08,3.375774326741521e-08
3.0,7.0,2.0,2.0,64.0,55.0,73.0,17.0,0.00390625,2.323057312541878e-08,0.0004511747486677019,0.00045117480767253523,0.0243643393331876,2.2185122183771e-08,0.31833225466808207,0.033375612018719865,0.033375612617499884,-0.57755331003756,-0.5775532971135522,-4.699172672053501,-3.7635682117403153,2.929175052344434,0.0002635482087427967,1.3981807145048566,0.012886421015140037,-0.5775532971135522,1.3765401813690132,4.75,2.56e-10,2.56e-10,2.2185122183771e-08,-0.06393038859528044
3.0,7.0,2.0,2.0,64.0,55.0,74.0,17.0,0.00390625,2.323057312541878e-08,0.00045117480767253523,0.0004511748666856617,0.024364337635200073,2.218511863105732e-08,0.3183322037001749,0.033375612617499884,0.033375613216279826,-0.5775532971135522,-0.5775532841895481,-4.699172669778136,-3.7635682211997645,2.929175052344434,0.00026354820606909116,1.3981807127936852,0.012886429576555614,-0.5775532841895481,1.3765401985897747,4.75,2.56e-10,2.56e-10,2.218511863105732e-08,-0.06393037468052132
3.0,7.0,2.0,2.0,64.0,55.0,75.0,17.0,0.00390625,2.323057312541878e-08,0.0004511748666856617,0.00045117492570025965,0.024364335937210768,2.2185115078343642e-08,0.318332152730273,0.033375613216279826,0.03337561381505969,-0.5775532841895481,-0.5775532712655479,-4.699172667502773,-3.763568230659327,2.929175052344434,0.0002635482033953864,1.3981807110825142,0.012886438138082656,-0.5775532712655479,1.3765402158105324,4.75,2.56e-10,2.56e-10,2.2185115078343642e-08,-0.06393036076565073
3.0,7.0,2.0,2.0,64.0,55.0,76.0,17.0,0.00390625,2.323057312541878e-08,0.00045117492570025965,0.00045117498470970737,0.02436433423922235,2.2185111525629964e-08,0.31833210176001475,0.03337561381505969,0.03337561441383948,-0.5775532712655479,-0.5775532583415516,-4.69917266522741,-3.7635682401185515,2.929175052344434,0.00026354820072168244,1.3981807093713436,0.01288644669920247,-0.5775532583415516,1.3765402330312861,4.75,2.56e-10,2.56e-10,2.2185111525629964e-08,-0.06393034685118915
3.0,7.0,2.0,2.0,64.0,55.0,77.0,17.0,0.00390625,2.323057312541878e-08,0.00045117498470970737,0.0004511750437230442,0.024364332541233935,2.2185107972916285e-08,0.31833205079104665,0.03337561441383948,0.03337561501261919,-0.5775532583415516,-0.5775532454175591,-4.699172662952047,-3.7635682495780016,2.929175052344434,0.00026354819804797917,1.3981807076601735,0.012886455260618046,-0.5775532454175591,1.376540250252036,4.75,2.56e-10,2.56e-10,2.2185107972916285e-08,-0.06393033293643091
3.0,7.0,2.0,2.0,64.0,55.0,78.0,17.0,0.00390625,2.323057312541878e-08,0.0004511750437230442,0.00045117510272686353,0.02436433084324552,2.2185104420202606e-08,0.3183319998211435,0.03337561501261919,0.03337561561139882,-0.5775532454175591,-0.5775532324935705,-4.699172660676684,-3.763568259036848,2.929175052344434,0.00026354819537427677,1.398180705949004,0.012886463821288885,-0.5775532324935705,1.3765402674727822,4.75,2.56e-10,2.56e-10,2.2185104420202606e-08,-0.0639303190224183
3.0,7.0,2.0,2.0,64.0,55.0,79.0,17.0,0.00390625,2.323057312541878e-08,0.00045117510272686353,0.00045117516174182176,0.024364329145257102,2.2185100867488927e-08,0.3183319488535903,0.03337561561139882,0.03337561621017837,-0.5775532324935705,-0.5775532195695857,-4.699172658401322,-3.763568268496412,2.929175052344434,0.000263548192700575,1.3981807042378347,0.012886472382818148,-0.5775532195695857,1.3765402846935244,4.75,2.56e-10,2.56e-10,2.2185100867488927e-08,-0.06393030510754727
3.0,7.0,2.0,2.0,64.0,55.0,80.0,17.0,0.00390625,2.323057312541878e-08,0.00045117516174182176,0.00045117522075111184,0.024364327447269574,2.218509731477525e-08,0.31833189788333005,0.03337561621017837,0.03337561680895784,-0.5775532195695857,-0.5775532066456048,-4.699172656125961,-3.7635682779555983,2.929175052344434,0.0002635481900268741,1.3981807025266662,0.01288648094389977,-0.5775532066456048,1.3765403019142628,4.75,2.56e-10,2.56e-10,2.218509731477525e-08,-0.06393029119312565
3.0,7.0,2.0,2.0,128.0,108.0,73.0,17.0,0.001953125,2.323057312541878e-08,0.03269147195605919,0.03269147195940103,0.24670657067886026,5.756344512164446e-08,0.8259725207138277,0.02673953902829466,0.02673953977399653,-0.18740684448475664,-0.18740679666840201,-4.724389748858814,-4.145157448823171,3.4429039131223655,0.00015806882479877356,1.6755279121095965,0.06722210873413026,-0.18740679666840201,0.5254611213717023,4.75,5.12e-10,5.12e-10,5.756344512164446e-08,-0.1794838351644481
3.0,7.0,2.0,2.0,128.0,108.0,74.0,17.0,0.001953125,2.323057312541878e-08,0.03269147195940103,0.0326914719628742,0.24670655348546955,5.7563427136031464e-08,0.8259722628967193,0.02673953977399653,0.026739540519698166,-0.18740679666840201,-0.18740674885206512,-4.724389746025147,-4.145157516659578,3.4429039131223655,0.00015806880646106853,1.6755278886373342,0.06722217188587543,-0.18740674885206512,0.5254611773013533,4.75,5.12e-10,5.12e-10,5.7563427136031464e-08,-0.17948375481962398
3.0,7.0,2.0,2.0,128.0,108.0,75.0,17.0,0.001953125,2.323057312541878e-08,0.0326914719628742,0.03269147196622761,0.24670653629207973,5.7563409205929617e-08,0.8259720050722476,0.026739540519698166,0.02673954126539957,-0.18740674885206512,-0.187406701035746,-4.724389743191481,-4.14515758449442,3.4429039131223655,0.00015806878812336784,1.6755278651650773,0.0672222350357723,-0.187406701035746,0.5254612332309869,4.75,5.12e-10,5.12e-10,5.7563409205929617e-08,-0.1794836744766508
3.0,7.0,2.0,2.0,128.0,108.0,76.0,17.0,0.001953125,2.323057312541878e-08,0.03269147196622761,0.032691471969653635,0.24670651909869168,5.756339122031662e-08,0.8259717472548813,0.02673954126539957,0.02673954201110074,-0.187406701035746,-0.18740665321944464,-4.724389740357817,-4.145157652330131,3.4429039131223655,0.00015806876978567136,1.6755278416928259,0.06722229818667902,-0.18740665321944464,0.5254612891606031,4.75,5.12e-10,5.12e-10,5.756339122031662e-08,-0.17948359413266868
3.0,7.0,2.0,2.0,128.0,108.0,77.0,17.0,0.001953125,2.323057312541878e-08,0.032691471969653635,0.0326914719730856,0.24670650190530452,5.756337323470362e-08,0.825971489433546,0.02673954201110074,0.02673954275680168,-0.18740665321944464,-0.187406605403161,-4.724389737524154,-4.145157720165861,3.4429039131223655,0.00015806875144797912,1.6755278182205797,0.06722236133760706,-0.187406605403161,0.5254613450902018,4.75,5.12e-10,5.12e-10,5.756337323470362e-08,-0.179483513788667
3.0,7.0,2.0,2.0,128.0,108.0,78.0,17.0,0.001953125,2.323057312541878e-08,0.0326914719730856,0.03269147197651529,0.24670648471191914,5.756335530460177e-08,0.8259712316120743,0.02673954275680168,0.02673954350250238,-0.187406605403161,-0.18740655758689514,-4.724389734690491,-4.145157788001487,3.4429039131223655,0.00015806873311029115,1.6755277947483391,0.06722242448843119,-0.18740655758689514,0.525461401019783,4.75,5.12e-10,5.12e-10,5.756335530460177e-08,-0.17948343344477014
3.0,7.0,2.0,2.0,128.0,108.0,79.0,17.0,0.001953125,2.323057312541878e-08,0.03269147197651529,0.032691471979891876,0.24670646751853464,5.756333731898877e-08,0.8259709737909517,0.02673954350250238,0.02673954424820285,-0.18740655758689514,-0.18740650977064705,-4.72438973185683,-4.145157855836399,3.4429039131223655,0.00015806871477260743,1.675527771276104,0.06722248763839822,-0.18740650977064705,0.5254614569493468,4.75,5.12e-10,5.12e-10,5.756333731898877e-08,-0.17948335310173125
3.0,7.0,2.0,2.0,128.0,108.0,80.0,17.0,0.001953125,2.323057312541878e-08,0.032691471979891876,0.03269147198334115,0.24670645032515104,5.756331933337577e-08,0.8259707159730874,0.02673954424820285,0.02673954499390309,-0.18740650977064705,-0.18740646195441668,-4.7243897290231684,-4.1451579236721825,3.4429039131223655,0.000158068696434928,1.6755277478038744,0.06722255078937955,-0.18740646195441668,0.5254615128788931,4.75,5.12e-10,5.12e-10,5.756331933337577e-08,-0.17948327275767895
3.0,7.0,2.0,2.0,256.0,213.0,73.0,1.0,0.0009765625,1.0,2.515308370649162e-20,4.4701543114323295e-20,2.9900348863520776e-10,3.4788100178317904e-10,3.478810264970642e-10,0.025643335768903278,0.02564333577325751,-0.44130783561004283,-0.44130783526216183,-4.728555324061621,-3.8713856749315836,3.418389254211453,0.0002332658671948138,2.0294188529172326,2.9900348863520776e-10,-0.44130783526216183,0.4432501829943163,4.75,1.024e-09,1.024e-09,3.4788100178317904e-10,2.9900171227836836e-10
3.0,7.0,2.0,2.0,256.0,213.0,74.0,1.0,0.0009765625,1.0,4.4701543114323295e-20,7.9365341236289e-20,3.984101937248852e-10,4.6376352758059625e-10,4.637635462430916e-10,0.02564333577325751,0.025643335767452726,-0.44130783526216183,-0.44130783572592536,-4.728555324083679,-3.8713856745330597,3.418389254211453,0.00023326586711135055,2.029418852703567,-3.984101937248852e-10,-0.44130783572592536,0.44325018255894505,4.75,1.024e-09,1.024e-09,4.6376352758059625e-10,-3.984075291896261e-10
3.0,7.0,2.0,2.0,256.0,213.0,75.0,1.0,0.0009765625,1.0,7.9365341236289e-20,1.4100627511393378e-19,5.310485384768526e-10,6.179473044376493e-10,6.179473172978561e-10,0.025643335767452726,0.025643335775187143,-0.44130783572592536,-0.44130783510797805,-4.728555324054289,-3.8713856750642086,3.418389254211453,0.00023326586722261617,2.0294188529884067,5.310485384768526e-10,-0.44130783510797805,0.4432501831390615,4.75,1.024e-09,1.024e-09,6.179473044376493e-10,5.310449857631738e-10
3.0,7.0,2.0,2.0,256.0,213.0,76.0,1.0,0.0009765625,1.0,1.4100627511393378e-19,2.5034399421209925e-19,7.075930952282761e-10,8.236745174805549e-10,8.23674500143856e-10,0.025643335775187143,0.02564333576487791,-0.44130783510797805,-0.44130783593165257,-4.728555324093464,-3.8713856743564445,3.418389254211453,0.00023326586707435895,2.0294188526088686,-7.075930952282761e-10,-0.44130783593165257,0.44325018236581193,4.75,1.024e-09,1.024e-09,8.236745174805549e-10,-7.075895425145973e-10
3.0,7.0,2.0,2.0,256.0,213.0,77.0,1.0,0.0009765625,1.0,2.5034399421209925e-19,4.444548179321355e-19,9.428200442584966e-10,1.0975018116532453e-09,1.0975017927734077e-09,0.02564333576487791,0.025643335778614613,-0.44130783593165257,-0.44130783483415076,-4.728555324041264,-3.8713856752995293,3.418389254211453,0.00023326586727197404,2.029418853114763,9.428200442584966e-10,-0.44130783483415076,0.44325018339612576,4.75,1.024e-09,1.024e-09,1.0975018116532453e-09,9.428156033663981e-10
3.0,7.0,2.0,2.0,256.0,213.0,78.0,2.0,0.0009765625,0.3333333333333333,4.444548179321355e-19,2.1965778334335e-20,2.0959856072977345e-10,4.874487480321932e-10,1.4623462187767404e-09,0.025643335778614613,0.025643335772513466,-0.44130783483415076,-0.4413078353215995,-4.728555324064449,-3.8713856748805346,3.418389254211453,0.00023326586700866253,2.0294188524406858,2.0959856072977345e-10,-0.4413078353215995,0.4432501829385182,4.75,1.024e-09,1.024e-09,4.874487480321932e-10,2.0959767255135375e-10
3.0,7.0,2.0,2.0,256.0,213.0,79.0,1.0,0.0009765625,1.0,2.1965778334335e-20,3.904522572551832e-20,2.794466880118307e-10,3.250953950484359e-10,3.250953783954278e-10,0.025643335772513466,0.025643335768444527,-0.4413078353215995,-0.4413078356466949,-4.728555324079911,-3.8713856746010737,3.418389254211453,0.00023326586712561073,2.029418852740073,-2.794466880118307e-10,-0.4413078356466949,0.44325018263332483,4.75,1.024e-09,1.024e-09,3.250953950484359e-10,-2.79445799833411e-10
3.0,7.0,2.0,2.0,256.0,213.0,80.0,1.0,0.0009765625,1.0,3.904522572551832e-20,6.921355536549538e-20,3.7205794001238246e-10,4.334319014809296e-10,4.334319228032492e-10,0.025643335768444527,0.025643335773869597,-0.4413078356466949,-0.441307835213263,-4.728555324059296,-3.8713856749733226,3.418389254211453,0.00023326586720360726,2.029418852939744,3.7205794001238246e-10,-0.441307835213263,0.4432501830402222,4.75,1.024e-09,1.024e-09,4.334319014809296e-10,3.7205616365554306e-10
3.0,7.0,2.0,2.0,512.0,425.0,73.0,1.0,0.00048828125,1.0,1.7576420986183846e-20,1.0353818042201025e-19,4.5505643697651976e-10,2.575751278932614e-10,2.575751180210448e-10,0.024950313763318955,0.02495031376007725,-0.12783099362367015,-0.12783099388124528,-4.731188807711706,-4.239034628237313,3.776674930529869,0.00013282775312769017,2.2951424758063723,-4.5505643697651976e-10,-0.12783099388124528,0.39127353200578885,4.75,2.048e-09,2.048e-09,2.575751278932614e-10,-4.5505554879810006e-10
3.0,7.0,2.0,2.0,512.0,425.0,74.0,1.0,0.00048828125,1.0,1.0353818042201025e-19,6.083313457033515e-19,1.103024338533487e-09,6.251558437586624e-10,6.251558519051316e-10,0.02495031376007725,0.02495031376794508,-0.12783099388124528,-0.12783099325608943,-4.731188807681809,-4.239034629340872,3.776674930529869,0.00013282775324941913,2.295142476429625,1.103024338533487e-09,-0.12783099325608943,0.39127353259590786,4.75,2.048e-09,2.048e-09,6.251558437586624e-10,1.1030207858198082e-09
3.0,7.0,2.0,2.0,512.0,425.0,75.0,2.0,0.00048828125,0.3333333333333333,6.083313457033515e-19,1.227890426880845e-20,1.567093121934704e-10,5.051104257081107e-10,1.5153313039877165e-09,0.02495031376794508,0.024950313761588072,-0.12783099325608943,-0.12783099376119986,-4.731188807705966,-4.239034628448633,3.776674930529869,0.000132827752953973,2.2951424749169407,-1.567093121934704e-10,-0.12783099376119986,0.39127353211910704,4.75,2.048e-09,2.048e-09,5.051104257081107e-10,-1.567093121934704e-10
3.0,7.0,2.0,2.0,512.0,425.0,76.0,1.0,0.00048828125,1.0,1.227890426880845e-20,7.277965912364933e-20,3.81522369252707e-10,2.1528676064086483e-10,2.1528677063606337e-10,0.024950313761588072,0.02495031376429767,-0.12783099376119986,-0.1278309935459131,-4.731188807695669,-4.239034628829911,3.776674930529869,0.0001328277531926861,2.2951424761391515,3.81522369252707e-10,-0.1278309935459131,0.39127353232232787,4.75,2.048e-09,2.048e-09,2.1528676064086483e-10,3.815214810742873e-10
3.0,7.0,2.0,2.0,512.0,425.0,77.0,1.0,0.00048828125,1.0,7.277965912364933e-20,4.2904374905559908e-19,9.263301237183441e-10,5.241342915240921e-10,5.241342959980032e-10,0.02495031376429767,0.024950313757701164,-0.1278309935459131,-0.1278309940700474,-4.731188807720736,-4.2390346279035365,3.776674930529869,0.0001328277530909425,2.295142475618224,-9.263301237183441e-10,-0.1278309940700474,0.39127353182756913,4.75,2.048e-09,2.048e-09,5.241342915240921e-10,-9.263283473615047e-10
3.0,7.0,2.0,2.0,512.0,425.0,78.0,2.0,0.00048828125,0.3333333333333333,4.2904374905559908e-19,8.602401078449124e-21,1.311670771997342e-10,4.241966222728877e-10,1.2725898707596592e-09,0.024950313757701164,0.024950313763039914,-0.1278309940700474,-0.12783099364585077,-4.731188807700448,-4.239034628652548,3.776674930529869,0.00013282775333864626,2.2951424768864674,1.311670771997342e-10,-0.12783099364585077,0.3912735322279914,4.75,2.048e-09,2.048e-09,4.241966222728877e-10,1.311670771997342e-10
3.0,7.0,2.0,2.0,512.0,425.0,79.0,1.0,0.00048828125,1.0,8.602401078449124e-21,5.0361617888246176e-20,3.1736924199776695e-10,1.8019669090207913e-10,1.8019668754962488e-10,0.024950313763039914,0.024950313760771916,-0.12783099364585077,-0.12783099382604746,-4.731188807709067,-4.239034628334845,3.776674930529869,0.00013282775313817264,2.2951424758600427,-3.1736924199776695e-10,-0.12783099382604746,0.39127353205789417,4.75,2.048e-09,2.048e-09,1.8019669090207913e-10,-3.1736835381934725e-10
3.0,7.0,2.0,2.0,512.0,425.0,80.0,1.0,0.00048828125,1.0,5.0361617888246176e-20,2.9558896448598526e-19,7.688809589012635e-10,4.3600001387034126e-10,4.360000206378194e-10,0.024950313760771916,0.02495031376625934,-0.12783099382604746,-0.12783099339004744,-4.7311888076882145,-4.2390346291040855,3.776674930529869,0.00013282775322333285,2.295142476296063,7.688809589012635e-10,-0.12783099339004744,0.3912735324694574,4.75,2.048e-09,2.048e-09,4.3600001387034126e-10,7.688791825444241e-10
3.0,7.0,2.0,2.0,1024.0,848.0,73.0,1.0,0.000244140625,1.0,2.980552717964832e-19,1.648337347484631e-18,1.8156747216835356e-09,7.202765467395622e-10,7.202765420481053e-10,0.021595672232576874,0.021595672223479516,-0.06847443773469661,-0.06847443845497315,-4.743936445550778,-4.36267925419163,3.998320657947117,9.999247112223014e-05,2.77358703588106,-1.8156747216835356e-09,-0.06847443845497315,0.14286676120790828,4.75,4.096e-09,4.096e-09,7.202765467395622e-10,-1.8156720571482765e-09
3.0,7.0,2.0,2.0,1024.0,848.0,74.0,2.0,0.000244140625,0.3333333333333333,1.648337347484631e-18,2.2648063027249816e-20,2.128288656422228e-10,5.646153267147014e-10,1.693845998650032e-09,0.021595672223479516,0.021595672230610763,-0.06847443845497315,-0.06847443789035783,-4.743936445523679,-4.362679255614365,3.998320657947117,9.999247160072723e-05,2.7735870407808703,2.128288656422228e-10,-0.06847443789035783,0.14286676175703358,4.75,4.096e-09,4.096e-09,5.646153267147014e-10,2.128279774638031e-10
3.0,7.0,2.0,2.0,1024.0,848.0,75.0,1.0,0.000244140625,1.0,2.2648063027249816e-20,1.2493474809106407e-19,4.998694791424896e-10,1.9854796973195477e-10,1.9854796472462248e-10,0.021595672230610763,0.021595672228103074,-0.06847443789035783,-0.0684744380889058,-4.743936445533208,-4.362679255114697,3.998320657947117,9.999247122563966e-05,2.7735870369399738,-4.998694791424896e-10,-0.0684744380889058,0.142866761563933,4.75,4.096e-09,4.096e-09,1.9854796973195477e-10,-4.998685909640699e-10
3.0,7.0,2.0,2.0,1024.0,848.0,76.0,1.0,0.000244140625,1.0,1.2493474809106407e-19,6.896558182141043e-19,1.1744409889047347e-09,4.663289893125366e-10,4.66328984829916e-10,0.021595672228103074,0.021595672233992922,-0.0684744380889058,-0.06847443762257681,-4.743936445510827,-4.362679256289138,3.998320657947117,9.999247135753986e-05,2.7735870382906316,1.1744409889047347e-09,-0.06847443762257681,0.14286676201746834,4.75,4.096e-09,4.096e-09,4.663289893125366e-10,1.1744383243694756e-09
3.0,7.0,2.0,2.0,1024.0,848.0,77.0,1.0,0.000244140625,1.0,6.896558182141043e-19,3.810320632944419e-18,2.760550898983638e-09,1.0956375945392338e-09,1.0956375955114459e-09,0.021595672233992922,0.02159567222015486,-0.06847443762257681,-0.0684744387182144,-4.743936445563412,-4.362679253528828,3.998320657947117,9.999247104774623e-05,2.7735870351183447,-2.760550898983638e-09,-0.0684744387182144,0.1428667609518894,4.75,4.096e-09,4.096e-09,1.0956375945392338e-09,-2.76054556991312e-09
3.0,7.0,2.0,2.0,1024.0,848.0,78.0,2.0,0.000244140625,0.3333333333333333,3.810320632944419e-18,5.171316287721359e-20,3.2159963581079865e-10,8.584408600631477e-10,2.575322597133384e-09,0.02159567222015486,0.021595672230997086,-0.0684744387182144,-0.06847443785977354,-4.743936445522211,-4.362679255690974,3.998320657947117,9.999247177560478e-05,2.7735870425716165,3.2159963581079865e-10,-0.06847443785977354,0.14286676178677926,4.75,4.096e-09,4.096e-09,8.584408600631477e-10,3.2160052398921835e-10
3.0,7.0,2.0,2.0,1024.0,848.0,79.0,1.0,0.000244140625,1.0,5.171316287721359e-20,2.8519396650142425e-19,7.55240314731509e-10,3.000220349935745e-10,3.0002203873160937e-10,0.021595672230997086,0.021595672227207704,-0.06847443785977354,-0.06847443815979558,-4.743936445536611,-4.362679254935489,3.998320657947117,9.999247120532178e-05,2.7735870367319184,-7.55240314731509e-10,-0.06847443815979558,0.14286676149498748,4.75,4.096e-09,4.096e-09,3.000220349935745e-10,-7.552394265530893e-10
3.0,7.0,2.0,2.0,1024.0,848.0,80.0,1.0,0.000244140625,1.0,2.8519396650142425e-19,1.578001079568261e-18,1.7765140469805374e-09,7.045651562176403e-10,7.045651563280887e-10,0.021595672227207704,0.021595672236106558,-0.06847443815979558,-0.06847443745523042,-4.743936445502795,-4.362679256711512,3.998320657947117,9.999247140463366e-05,2.773587038772872,1.7765140469805374e-09,-0.06847443745523042,0.14286676218022326,4.75,4.096e-09,4.096e-09,7.045651562176403e-10,1.7765104942668586e-09
3.0,7.0,2.0,2.0,2048.0,1694.0,73.0,1.0,0.0001220703125,1.0,7.469560409615415e-19,3.809097252154223e-18,2.7601076979522077e-09,7.703673879366768e-10,7.703673878415631e-10,0.021270742432262152,0.02127074242252664,-0.0365233914084923,-0.036523392178859686,-4.745171178794399,-4.457477826967736,4.1884113367623605,7.512506205674829e-05,3.326243538274677,-2.7601076979522077e-09,-0.036523392178859686,0.11784716653453058,4.75,8.192e-09,8.192e-09,7.703673879366768e-10,-2.7601050334169486e-09
3.0,7.0,2.0,2.0,2048.0,1694.0,74.0,1.0,0.0001220703125,1.0,3.809097252154223e-18,1.9455631560564207e-17,6.237889316196288e-09,1.7396474122355343e-09,1.7396474102521757e-09,0.02127074242252664,0.021270742444511513,-0.036523392178859686,-0.036523390439212274,-4.745171178710857,-4.457477833205991,4.1884113367623605,7.51250627776813e-05,3.326243553039385,6.237889316196288e-09,-0.036523390439212274,0.11784716822743951,4.75,8.192e-09,8.192e-09,1.7396474122355343e-09,6.237880434412091e-09
3.0,7.0,2.0,2.0,2048.0,1694.0,75.0,2.0,0.0001220703125,0.3333333333333333,1.9455631560564207e-17,1.4370020509492394e-19,5.36097388703638e-10,1.3105436805216364e-09,3.931631048578164e-09,0.021270742444511513,0.021270742427949553,-0.036523390439212274,-0.036523391749755954,-4.745171178773791,-4.45747782850948,4.1884113367623605,7.512506114966684e-05,3.326243519697649,-5.36097388703638e-10,-0.036523391749755954,0.11784716695210606,4.75,8.192e-09,8.192e-09,1.3105436805216364e-09,-5.360965005252183e-10
3.0,7.0,2.0,2.0,2048.0,1694.0,76.0,1.0,0.0001220703125,1.0,1.4370020509492394e-19,7.286397931422925e-19,1.2071783572764616e-09,3.3789292891439615e-10,3.3789292912595886e-10,0.021270742427949553,0.021270742432219526,-0.036523391749755954,-0.036523391411863025,-4.745171178757566,-4.4574778297181155,4.1884113367623605,7.512506237611311e-05,3.3262435448152687,1.2071783572764616e-09,-0.036523391411863025,0.11784716728092108,4.75,8.192e-09,8.192e-09,3.3789292891439615e-10,1.2071765809196222e-09
3.0,7.0,2.0,2.0,2048.0,1694.0,77.0,1.0,0.0001220703125,1.0,7.286397931422925e-19,3.7264021222768525e-18,2.729982462312819e-09,7.60863337612161e-10,7.608633401679491e-10,0.021270742432219526,0.02127074242260425,-0.036523391411863025,-0.03652339217272636,-4.745171178794104,-4.457477826988473,4.1884113367623605,7.512506205990273e-05,3.32624353833928,-2.729982462312819e-09,-0.03652339217272636,0.11784716654049956,4.75,8.192e-09,8.192e-09,7.60863337612161e-10,-2.7299780214207203e-09
3.0,7.0,2.0,2.0,2048.0,1694.0,78.0,1.0,0.0001220703125,1.0,3.7264021222768525e-18,1.9081407836379016e-17,6.177605982315981e-09,1.7206590596785531e-09,1.7206590578615771e-09,0.02127074242260425,0.021270742444349077,-0.03652339217272636,-0.0365233904520673,-4.745171178711473,-4.457477833164515,4.1884113367623605,7.512506277194156e-05,3.3262435529218353,6.177605982315981e-09,-0.0365233904520673,0.11784716821492947,4.75,8.192e-09,8.192e-09,1.7206590596785531e-09,6.177597988710204e-09
3.0,7.0,2.0,2.0,2048.0,1694.0,79.0,2.0,0.0001220703125,0.3333333333333333,1.9081407836379016e-17,1.4370496663370987e-19,5.36106270487835e-10,1.2978784991179992e-09,3.893635504242161e-09,0.021270742444349077,0.021270742427947097,-0.0365233904520673,-0.0365233917499458,-4.745171178773801,-4.45747782850948,4.1884113367623605,7.512506116169697e-05,3.3262435199440263,-5.36106270487835e-10,-0.0365233917499458,0.11784716695192093,4.75,8.192e-09,8.192e-09,1.2978784991179992e-09,-5.36106270487835e-10
3.0,7.0,2.0,2.0,2048.0,1694.0,80.0,1.0,0.0001220703125,1.0,1.4370496663370987e-19,7.286290712828956e-19,1.2071694754922646e-09,3.378986881963364e-10,3.3789868988098727e-10,0.021270742427947097,0.02127074243221731,-0.0365233917499458,-0.036523391412047114,-4.745171178757574,-4.4574778297181155,4.1884113367623605,7.512506237629077e-05,3.326243544818907,1.2071694754922646e-09,-0.036523391412047114,0.11784716728074171,4.75,8.192e-09,8.192e-09,3.378986881963364e-10,1.207168587313845e-09
3.0,7.0,2.0,2.0,4096.0,3385.0,73.0,1.0,6.103515625e-05,1.0,7.502827078918776e-23,7.470223812693399e-23,1.2223111411913123e-11,3.2041799769011448e-12,3.2041827858741827e-12,0.020849435537818893,0.0208494355377784,-0.05723066849638026,-0.05723066849958444,-4.746772144956442,-4.392441441190743,4.231127140985612,9.215692982212614e-05,5.5709732737114095,-1.2223111411913123e-11,-0.05723066849958444,0.08540653640892962,4.75,1.6384e-08,1.6384e-08,3.2041799769011448e-12,-1.2223111411913123e-11
3.0,7.0,2.0,2.0,4096.0,3385.0,74.0,1.0,6.103515625e-05,1.0,7.470223812693399e-23,7.500651716086539e-23,1.2247980407664727e-11,3.1974839442838743e-12,3.1974857517861248e-12,0.0208494355377784,0.020849435537818768,-0.05723066849958444,-0.05723066849638696,-4.746772144956289,-4.392441441201419,4.231127140985612,9.215692982447344e-05,5.570973273807555,1.2247980407664727e-11,-0.05723066849638696,0.0854065364120417,4.75,1.6384e-08,1.6384e-08,3.1974839442838743e-12,1.2248868586084427e-11
3.0,7.0,2.0,2.0,4096.0,3385.0,75.0,1.0,6.103515625e-05,1.0,7.500651716086539e-23,7.470223063275539e-23,1.2223111411913123e-11,3.2041314046438174e-12,3.2041292463850858e-12,0.020849435537818768,0.020849435537778224,-0.05723066849638696,-0.05723066849959109,-4.746772144956443,-4.392441441190743,4.231127140985612,9.215692982213105e-05,5.57097327371161,-1.2223111411913123e-11,-0.05723066849959109,0.08540653640892286,4.75,1.6384e-08,1.6384e-08,3.2041314046438174e-12,-1.2223999590332824e-11
3.0,7.0,2.0,2.0,4096.0,3385.0,76.0,1.0,6.103515625e-05,1.0,7.470223063275539e-23,7.499564271328692e-23,1.2247092229245027e-11,3.197581088798529e-12,3.19758266136957e-12,0.020849435537778224,0.02084943553781873,-0.05723066849959109,-0.05723066849639351,-4.746772144956289,-4.392441441201419,4.231127140985612,9.215692982447832e-05,5.570973273807755,1.2247092229245027e-11,-0.05723066849639351,0.08540653641203524,4.75,1.6384e-08,1.6384e-08,3.197581088798529e-12,1.2248868586084427e-11
3.0,7.0,2.0,2.0,4096.0,3385.0,77.0,1.0,6.103515625e-05,1.0,7.499564271328692e-23,7.470222668845087e-23,1.2223111411913123e-11,3.2040273212352588e-12,3.204029058415269e-12,0.02084943553781873,0.020849435537778085,-0.05723066849639351,-0.057230668499597535,-4.746772144956443,-4.392441441190743,4.231127140985612,9.215692982213585e-05,5.570973273711807,-1.2223111411913123e-11,-0.057230668499597535,0.08540653640891623,4.75,1.6384e-08,1.6384e-08,3.2040273212352588e-12,-1.2223999590332824e-11
3.0,7.0,2.0,2.0,4096.0,3385.0,78.0,1.0,6.103515625e-05,1.0,7.470222668845087e-23,7.499563600796922e-23,1.2247092229245027e-11,3.197664355525376e-12,3.1976648890145543e-12,0.020849435537778085,0.020849435537818508,-0.057230668499597535,-0.05723066849639987,-4.74677214495629,-4.392441441201419,4.231127140985612,9.215692982448304e-05,5.570973273807948,1.2247092229245027e-11,-0.05723066849639987,0.08540653641202886,4.75,1.6384e-08,1.6384e-08,3.197664355525376e-12,1.2247980407664727e-11
3.0,7.0,2.0,2.0,4096.0,3385.0,79.0,1.0,6.103515625e-05,1.0,7.499563600796922e-23,7.47022314216163e-23,1.2223111411913123e-11,3.203950993402316e-12,3.2039497682239636e-12,0.020849435537818508,0.02084943553777802,-0.05723066849639987,-0.05723066849960382,-4.746772144956443,-4.392441441190743,4.231127140985612,9.215692982214046e-05,5.570973273711996,-1.2223111411913123e-11,-0.05723066849960382,0.08540653640891008,4.75,1.6384e-08,1.6384e-08,3.203950993402316e-12,-1.2223999590332824e-11
3.0,7.0,2.0,2.0,4096.0,3385.0,80.0,1.0,6.103515625e-05,1.0,7.47022314216163e-23,7.499563521910832e-23,1.2247092229245027e-11,3.1977059888887993e-12,3.1977060032707035e-12,0.02084943553777802,0.0208494355378184,-0.05723066849960382,-0.057230668496406116,-4.74677214495629,-4.392441441201419,4.231127140985612,9.215692982448763e-05,5.570973273808136,1.2247092229245027e-11,-0.057230668496406116,0.08540653641202284,4.75,1.6384e-08,1.6384e-08,3.1977059888887993e-12,1.2247980407664727e-11
3.0,7.0,2.0,3.0,1.0,1.0,73.0,1.0,0.25,1.0,1.7436062672569695e-24,2.531714648478207e-24,2.2502000263102673e-12,2.248157215944957e-11,2.2480971869953787e-11,0.6081508176466158,0.6081508176466291,-9.884809799567703,-9.884809799545222,-2.5150268929428097,-1.7368802218363901,1.7254263262934244,0.0008972033323717082,0.6991425638410869,2.2502000263102673e-12,-9.884809799545222,0.6081508176466291,4.75,4e-12,4e-12,2.2743555632636217e-12,2.2499779817053422e-12
3.0,7.0,2.0,3.0,1.0,1.0,74.0,1.0,0.25,1.0,2.531714648478207e-24,3.668601559382938e-24,2.708722135480457e-12,2.7073454589299217e-11,2.707398219771267e-11,0.6081508176466291,0.6081508176466136,-9.884809799545222,-9.884809799572295,-2.5150268929428687,-1.7368802218336812,1.7254263262934244,0.0008972033323709776,0.6991425638410795,-2.708722135480457e-12,-9.884809799572295,0.6081508176466136,4.75,4e-12,4e-12,2.738894843535058e-12,-2.7056135110115065e-12
3.0,7.0,2.0,3.0,1.0,1.0,75.0,1.0,0.25,1.0,3.668601559382938e-24,5.3335655434413264e-24,3.2660540938422855e-12,3.2578384434600594e-11,3.2578621927891575e-11,0.6081508176466136,0.6081508176466324,-9.884809799572295,-9.884809799539717,-2.515026892942797,-1.7368802218369463,1.7254263262934244,0.0008972033323718579,0.6991425638410883,3.2660540938422855e-12,-9.884809799539717,0.6081508176466324,4.75,4e-12,4e-12,3.295802862692434e-12,3.2653879600275104e-12
3.0,7.0,2.0,3.0,1.0,1.0,76.0,1.0,0.25,1.0,5.3335655434413264e-24,7.736307473632204e-24,3.93352017624693e-12,3.927169700546074e-11,3.927132312554187e-11,0.6081508176466324,0.6081508176466095,-9.884809799539717,-9.884809799578989,-2.515026892942884,-1.736880221833014,1.7254263262934244,0.0008972033323707988,0.6991425638410778,-3.93352017624693e-12,-9.884809799578989,0.6081508176466095,4.75,4e-12,4e-12,3.9729340070144205e-12,-3.9328540424321545e-12
3.0,7.0,2.0,3.0,1.0,1.0,77.0,2.0,0.25,0.3333333333333333,7.736307473632204e-24,5.415717468807236e-25,1.0407230632836217e-12,1.5770496020195424e-11,4.7312810632779264e-11,0.6081508176466095,0.6081508176466185,-9.884809799578989,-9.884809799563218,-2.5150268929428496,-1.7368802218345953,1.7254263262934244,0.0008972033323720755,0.6991425638410905,-1.0407230632836217e-12,-9.884809799563218,0.6081508176466185,4.75,4e-12,4e-12,1.5954273617755514e-12,-1.0391687510491465e-12
3.0,7.0,2.0,3.0,1.0,1.0,78.0,1.0,0.25,1.0,5.415717468807236e-25,7.662116486002752e-25,1.2378986724570495e-12,1.2494894008341362e-11,1.2494545775012519e-11,0.6081508176466185,0.6081508176466258,-9.884809799563218,-9.884809799550723,-2.515026892942822,-1.7368802218358335,1.7254263262934244,0.0008972033323715626,0.6991425638410854,1.2378986724570495e-12,-9.884809799550723,0.6081508176466258,4.75,4e-12,4e-12,1.2640500183315087e-12,1.2347900479880991e-12
3.0,7.0,2.0,3.0,1.0,1.0,79.0,1.0,0.25,1.0,7.662116486002752e-25,1.0793906112643747e-24,1.4692691507889322e-12,1.4871659459458897e-11,1.4871124683238722e-11,0.6081508176466258,0.6081508176466173,-9.884809799550723,-9.884809799565595,-2.5150268929428545,-1.7368802218343629,1.7254263262934244,0.0008972033323711564,0.6991425638410813,-1.4692691507889322e-12,-9.884809799565595,0.6081508176466173,4.75,4e-12,4e-12,1.5044962686216616e-12,-1.4741541320972829e-12
3.0,7.0,2.0,3.0,1.0,1.0,80.0,1.0,0.25,1.0,1.0793906112643747e-24,1.5612149453040805e-24,1.7670309659933991e-12,1.7681855979390093e-11,1.7680991303089446e-11,0.6081508176466173,0.6081508176466278,-9.884809799565595,-9.884809799547913,-2.515026892942814,-1.7368802218361288,1.7254263262934244,0.0008972033323716399,0.6991425638410862,1.7670309659933991e-12,-9.884809799547913,0.6081508176466278,4.75,4e-12,4e-12,1.7887907140274113e-12,1.7723600365116e-12
3.0,7.0,2.0,3.0,2.0,1.0,73.0,1.0,0.125,1.0,2.6441629517184875e-18,1.7796104863880645e-18,1.8865897732922576e-09,1.903701907224331e-08,1.903701993233938e-08,0.519054018253724,0.5190540182561311,-9.978651466991522,-9.978651447954503,-2.853594730626702,-1.7275398996502564,1.7254263262934244,0.0009002399102541748,0.7081753287224533,1.8865897732922576e-09,-9.978651447954503,0.5190540182561311,4.75,8e-12,8e-12,1.907774726396252e-09,1.886588441024628e-09
3.0,7.0,2.0,3.0,2.0,1.0,74.0,1.0,0.125,1.0,1.7796104863880645e-18,1.1977446437713314e-18,1.5477368275895742e-09,1.561773110836384e-08,1.5617731404906e-08,0.5190540182561311,0.5190540182541572,-9.978651447954503,-9.978651463572234,-2.8535947306342027,-1.727539898102521,1.7254263262934244,0.0009002399096411233,0.7081753287101922,-1.5477368275895742e-09,-9.978651463572234,0.5190540182541572,4.75,8e-12,8e-12,1.56511440346634e-09,-1.5477379378125988e-09
3.0,7.0,2.0,3.0,2.0,1.0,75.0,1.0,0.125,1.0,1.1977446437713314e-18,8.061222047098047e-19,1.2697418672047434e-09,1.2812609639922812e-08,1.2812609698786736e-08,0.5190540182541572,0.5190540182557762,-9.978651463572234,-9.978651450759624,-2.8535947306280502,-1.7275398993722626,1.7254263262934244,0.000900239910144063,0.708175328720251,1.2697418672047434e-09,-9.978651450759624,0.5190540182557762,4.75,8e-12,8e-12,1.2840021205967701e-09,1.2697447537846074e-09
3.0,7.0,2.0,3.0,2.0,1.0,76.0,1.0,0.125,1.0,8.061222047098047e-19,5.425551663228795e-19,1.0416862927797865e-09,1.051130205098616e-08,1.0511302303478878e-08,0.5190540182557762,0.5190540182544476,-9.978651450759624,-9.978651461270927,-2.853594730633099,-1.7275398983305772,1.7254263262934244,0.0009002399097314571,0.708175328711999,-1.0416862927797865e-09,-9.978651461270927,0.5190540182544476,4.75,8e-12,8e-12,1.0533790164788236e-09,-1.0416951745639835e-09
3.0,7.0,2.0,3.0,2.0,1.0,77.0,1.0,0.125,1.0,5.425551663228795e-19,3.6516939564081783e-19,8.545986140973127e-10,8.623404212926289e-09,8.623404135325711e-09,0.5190540182544476,0.5190540182555387,-9.978651461270927,-9.978651452647522,-2.853594730628953,-1.7275398991851745,1.7254263262934244,0.0009002399100699537,0.7081753287187689,8.545986140973127e-10,-9.978651452647522,0.5190540182555387,4.75,8e-12,8e-12,8.641853306927681e-10,8.545981700081029e-10
3.0,7.0,2.0,3.0,2.0,1.0,78.0,1.0,0.125,1.0,3.6516939564081783e-19,2.4577578924510566e-19,7.011073943630208e-10,7.074627106362641e-09,7.074627549275003e-09,0.5190540182555387,0.5190540182546436,-9.978651452647522,-9.97865145972215,-2.853594730632355,-1.7275398984840677,1.7254263262934244,0.0009002399097922529,0.7081753287132149,-7.011073943630208e-10,-9.97865145972215,0.5190540182546436,4.75,8e-12,8e-12,7.089762719876954e-10,-7.011076164076258e-10
3.0,7.0,2.0,3.0,2.0,1.0,79.0,1.0,0.125,1.0,2.4577578924510566e-19,1.6542221898141395e-19,5.751907838913439e-10,5.8039759665007296e-09,5.80397614901978e-09,0.5190540182546436,0.5190540182553773,-9.97865145972215,-9.978651453918173,-2.853594730629566,-1.727539899059257,1.7254263262934244,0.0009002399100200782,0.7081753287177713,5.751907838913439e-10,-9.978651453918173,0.5190540182553773,4.75,8e-12,8e-12,5.816393116773254e-10,5.752056608798739e-10
3.0,7.0,2.0,3.0,2.0,1.0,80.0,1.0,0.125,1.0,1.6542221898141395e-19,1.1133404787375188e-19,4.718772039780106e-10,4.761604444070144e-09,4.761604734827436e-09,0.5190540182553773,0.5190540182547747,-9.978651453918173,-9.978651458679778,-2.853594730631856,-1.7275398985873793,1.7254263262934244,0.0009002399098331723,0.7081753287140332,-4.718772039780106e-10,-9.978651458679778,0.5190540182547747,4.75,8e-12,8e-12,4.771791525196998e-10,-4.718905266543061e-10
3.0,7.0,2.0,3.0,16.0,16.0,73.0,1.0,0.015625,1.0,3.5860562843038583e-22,1.9125789277530364e-21,6.184786016660837e-11,1.7837220589456138e-10,1.7837209749799948e-10,0.07999126103501136,0.07999126103302547,-1.905866924128005,-1.9058669243063773,-4.522033208074504,-3.1237073966995377,2.1999912273703583,0.0004513344841633836,0.9744862533548968,-6.184786016660837e-11,-1.9058669243063773,4.159397011278748,4.75,6.4e-11,6.4e-11,1.6296664018256024e-10,-6.185363332633642e-11
3.0,7.0,2.0,3.0,16.0,16.0,74.0,2.0,0.015625,0.3333333333333333,1.9125789277530364e-21,2.1062465177859677e-23,6.490363801958665e-12,1.37322375692861e-10,4.11967058114961e-10,0.07999126103302547,0.0799912610345544,-1.9058669243063773,-1.905866924169055,-4.522033208068693,-3.1237073967472466,2.1999912273703583,0.00045133448418221257,0.9744862533579095,6.490363801958665e-12,-1.905866924169055,4.159397011384247,4.75,6.4e-11,6.4e-11,1.2546402805568846e-10,6.480593839341964e-12
3.0,7.0,2.0,3.0,16.0,16.0,75.0,1.0,0.015625,1.0,2.1062465177859677e-23,1.1278001384944738e-22,1.5018652987919268e-11,4.3167691643475337e-11,4.316766341778191e-11,0.0799912610345544,0.07999126103407385,-1.905866924169055,-1.9058669242122226,-4.5220332080705194,-3.123707396732237,2.1999912273703583,0.00045133448416771694,0.9744862533555901,-1.5018652987919268e-11,-1.9058669242122226,4.159397011351091,4.75,6.4e-11,6.4e-11,3.942923765265505e-11,-1.5009327114512416e-11
3.0,7.0,2.0,3.0,16.0,16.0,76.0,1.0,0.015625,1.0,1.1278001384944738e-22,5.991906322517002e-22,3.461764208623208e-11,9.997402905526087e-11,9.997407511147401e-11,0.07999126103407385,0.07999126103518679,-1.9058669242122226,-1.9058669241122486,-4.522033208066291,-3.123707396766862,2.1999912273703583,0.0004513344841722736,0.9744862533563192,3.461764208623208e-11,-1.9058669241122486,4.159397011427889,4.75,6.4e-11,6.4e-11,9.133016565243679e-11,3.462696795963893e-11
3.0,7.0,2.0,3.0,16.0,16.0,77.0,2.0,0.015625,0.3333333333333333,5.991906322517002e-22,6.230741833418421e-24,3.5300651290981477e-12,7.687561698332956e-11,2.3062693282402528e-10,0.07999126103518679,0.07999126103433088,-1.9058669241122486,-1.9058669241891242,-4.5220332080695425,-3.1237073967402442,2.1999912273703583,0.0004513344841617204,0.9744862533546307,-3.5300651290981477e-12,-1.9058669241891242,4.159397011368827,4.75,6.4e-11,6.4e-11,7.023936987593515e-11,-3.5202951664814464e-12
3.0,7.0,2.0,3.0,16.0,16.0,78.0,1.0,0.015625,1.0,6.230741833418421e-24,3.3766870967673117e-23,8.217870828275409e-12,2.3454571618231057e-11,2.3454471382227407e-11,0.07999126103433088,0.0799912610345918,-1.9058669241891242,-1.9058669241656696,-4.522033208068551,-3.1237073967484505,2.1999912273703583,0.0004513344841698354,0.9744862533559291,8.217870828275409e-12,-1.9058669241656696,4.159397011386838,4.75,6.4e-11,6.4e-11,2.141925525833699e-11,8.199663170671556e-12
3.0,7.0,2.0,3.0,16.0,16.0,79.0,1.0,0.015625,1.0,3.3766870967673117e-23,1.8174931332302408e-22,1.9065637957282888e-11,5.46247491683971e-11,5.4624671554115674e-11,0.0799912610345918,0.0799912610339839,-1.9058669241656696,-1.9058669242202944,-4.522033208070861,-3.1237073967294013,2.1999912273703583,0.0004513344841673595,0.974486253355533,-1.9065637957282888e-11,-1.9058669242202944,4.159397011344888,4.75,6.4e-11,6.4e-11,4.9888593256497415e-11,-1.9057200262295737e-11
3.0,7.0,2.0,3.0,16.0,16.0,80.0,1.0,0.015625,1.0,1.8174931332302408e-22,9.695014643851636e-22,4.403410969189281e-11,1.2693335271762862e-10,1.2693324173065117e-10,0.0799912610339839,0.07999126103539704,-1.9058669242202944,-1.905866924093361,-4.5220332080654915,-3.123707396773436,2.1999912273703583,0.0004513344841731256,0.9744862533564556,4.403410969189281e-11,-1.905866924093361,4.1593970114423975,4.75,6.4e-11,6.4e-11,1.1596168469907298e-10,4.402522790769581e-11
3.0,7.0,2.0,3.0,32.0,29.0,73.0,2.0,0.0078125,0.3333333333333333,1.8327649623169712e-14,1.1876372949363812e-14,1.5411925868846765e-07,4.5187269726021384e-07,1.3556180918685856e-06,0.05401749688179696,0.054017491393492816,-0.7524455576921559,-0.7524460095648532,-4.620733532704728,-3.645686637668115,2.601867551486802,0.00029710012563325246,1.181145961609789,-1.5411925868846765e-07,-0.7524460095648532,2.4352418889321026,4.75,1.28e-10,1.28e-10,4.5187269726021384e-07,-1.541181156028415e-07
3.0,7.0,2.0,3.0,32.0,29.0,74.0,2.0,0.0078125,0.3333333333333333,1.1876372949363812e-14,7.695897823678285e-15,1.2406367577710853e-07,3.637512943077681e-07,1.0912538828000273e-06,0.054017491393492816,0.05401749581150208,-0.7524460095648532,-0.7524456458135589,-4.620733515916292,-3.645686864477973,2.601867551486802,0.0002971002063860102,1.1811459874506713,1.2406367577710853e-07,-0.7524456458135589,2.435242202621387,4.75,1.28e-10,1.28e-10,3.637512943077681e-07,1.240627547360873e-07
3.0,7.0,2.0,3.0,32.0,29.0,75.0,2.0,0.0078125,0.3333333333333333,7.695897823678285e-15,4.986960267315398e-15,9.986951754470397e-08,2.928143413294393e-07,8.784430238594132e-07,0.05401749581150208,0.05401749225507088,-0.7524456458135589,-0.7524459386279002,-4.620733529430731,-3.6456866818993414,2.601867551486802,0.0002971001413811552,1.181145966649118,-9.986951754470397e-08,-0.7524459386279002,2.4352419501062132,4.75,1.28e-10,1.28e-10,2.928143413294393e-07,-9.986877591572352e-08
3.0,7.0,2.0,3.0,32.0,29.0,76.0,2.0,0.0078125,0.3333333333333333,4.986960267315398e-15,3.231557623864113e-15,8.039350252175836e-08,2.35711405949246e-07,7.07134217736837e-07,0.05401749225507088,0.054017495117947734,-0.7524459386279002,-0.7524457029164943,-4.620733518551798,-3.645686828872532,2.601867551486802,0.0002971001937090908,1.1811459833940572,8.039350252175836e-08,-0.7524457029164943,2.4352421533773585,4.75,1.28e-10,1.28e-10,2.35711405949246e-07,8.039290566586033e-08
3.0,7.0,2.0,3.0,32.0,29.0,77.0,2.0,0.0078125,0.3333333333333333,3.231557623864113e-15,2.0940517107849074e-15,6.471555780152016e-08,1.8974425552986673e-07,5.69232766698867e-07,0.054017495117947734,0.054017492813373445,-0.7524457029164943,-0.7524458926607498,-4.620733527309181,-3.645686710561297,2.601867551486802,0.0002971001515858431,1.181145969914618,-6.471555780152016e-08,-0.7524458926607498,2.435241989747041,4.75,1.28e-10,1.28e-10,1.8974425552986673e-07,-6.47150772969951e-08
3.0,7.0,2.0,3.0,32.0,29.0,78.0,2.0,0.0078125,0.3333333333333333,2.0940517107849074e-15,1.3569511454060562e-15,5.2095127323070756e-08,1.5274125497732882e-07,4.582237648368645e-07,0.054017492813373445,0.05401749466852084,-0.7524458926607498,-0.7524457399194948,-4.620733520259621,-3.6456868058001213,2.601867551486802,0.00029710018549444577,1.1811459807653708,5.2095127323070756e-08,-0.7524457399194948,2.4352421214669713,4.75,1.28e-10,1.28e-10,1.5274125497732882e-07,5.2094740077279766e-08
3.0,7.0,2.0,3.0,32.0,29.0,79.0,2.0,0.0078125,0.3333333333333333,1.3569511454060562e-15,8.793114782322762e-16,4.19359387215934e-08,1.2295459994593472e-07,3.6886379995953364e-07,0.05401749466852084,0.0540174931751528,-0.7524457399194948,-0.7524458628740948,-4.62073352593442,-3.6456867291341166,2.601867551486802,0.00029710015819853404,1.1811459720306792,-4.19359387215934e-08,-0.7524458628740948,2.4352420154342482,4.75,1.28e-10,1.28e-10,1.2295459994593472e-07,-4.193562874732493e-08
3.0,7.0,2.0,3.0,32.0,29.0,80.0,2.0,0.0078125,0.3333333333333333,8.793114782322762e-16,5.698010704643461e-16,3.375799373372956e-08,9.897694297489323e-08,2.96930828797952e-07,0.0540174931751528,0.05401749437729579,-0.7524458628740948,-0.7524457638971518,-4.620733521366276,-3.6456867908493784,2.601867551486802,0.0002971001801713661,1.1811459790619854,3.375799373372956e-08,-0.7524457638971518,2.4352421007892886,4.75,1.28e-10,1.28e-10,9.897694297489323e-08,3.375774326741521e-08
3.0,7.0,2.0,3.0,64.0,55.0,73.0,17.0,0.00390625,2.323057312541878e-08,0.0004511747486677019,0.00045117480767253523,0.0243643393331876,2.2185122183771e-08,0.31833225466808207,0.033375612018719865,0.033375612617499884,-0.57755331003756,-0.5775532971135522,-4.699172672053501,-3.7635682117403153,2.929175052344434,0.0002635482087427967,1.3981807145048566,0.012886421015140037,-0.5775532971135522,1.3765401813690132,4.75,2.56e-10,2.56e-10,2.2185122183771e-08,-0.06393038859528044
3.0,7.0,2.0,3.0,64.0,55.0,74.0,17.0,0.00390625,2.323057312541878e-08,0.00045117480767253523,0.0004511748666856617,0.024364337635200073,2.218511863105732e-08,0.3183322037001749,0.033375612617499884,0.033375613216279826,-0.5775532971135522,-0.5775532841895481,-4.699172669778136,-3.7635682211997645,2.929175052344434,0.00026354820606909116,1.3981807127936852,0.012886429576555614,-0.5775532841895481,1.3765401985897747,4.75,2.56e-10,2.56e-10,2.218511863105732e-08,-0.06393037468052132
3.0,7.0,2.0,3.0,64.0,55.0,75.0,17.0,0.00390625,2.323057312541878e-08,0.0004511748666856617,0.00045117492570025965,0.024364335937210768,2.2185115078343642e-08,0.318332152730273,0.033375613216279826,0.03337561381505969,-0.5775532841895481,-0.5775532712655479,-4.699172667502773,-3.763568230659327,2.929175052344434,0.0002635482033953864,1.3981807110825142,0.012886438138082656,-0.5775532712655479,1.3765402158105324,4.75,2.56e-10,2.56e-10,2.2185115078343642e-08,-0.06393036076565073
3.0,7.0,2.0,3.0,64.0,55.0,76.0,17.0,0.00390625,2.323057312541878e-08,0.00045117492570025965,0.00045117498470970737,0.02436433423922235,2.2185111525629964e-08,0.31833210176001475,0.03337561381505969,0.03337561441383948,-0.5775532712655479,-0.5775532583415516,-4.69917266522741,-3.7635682401185515,2.929175052344434,0.00026354820072168244,1.3981807093713436,0.01288644669920247,-0.5775532583415516,1.3765402330312861,4.75,2.56e-10,2.56e-10,2.2185111525629964e-08,-0.06393034685118915
3.0,7.0,2.0,3.0,64.0,55.0,77.0,17.0,0.00390625,2.323057312541878e-08,0.00045117498470970737,0.0004511750437230442,0.024364332541233935,2.2185107972916285e-08,0.31833205079104665,0.03337561441383948,0.03337561501261919,-0.5775532583415516,-0.5775532454175591,-4.699172662952047,-3.7635682495780016,2.929175052344434,0.00026354819804797917,1.3981807076601735,0.012886455260618046,-0.5775532454175591,1.376540250252036,4.75,2.56e-10,2.56e-10,2.2185107972916285e-08,-0.06393033293643091
3.0,7.0,2.0,3.0,64.0,55.0,78.0,17.0,0.00390625,2.323057312541878e-08,0.0004511750437230442,0.00045117510272686353,0.02436433084324552,2.2185104420202606e-08,0.3183319998211435,0.03337561501261919,0.03337561561139882,-0.5775532454175591,-0.5775532324935705,-4.699172660676684,-3.763568259036848,2.929175052344434,0.00026354819537427677,1.398180705949004,0.012886463821288885,-0.5775532324935705,1.3765402674727822,4.75,2.56e-10,2.56e-10,2.2185104420202606e-08,-0.0639303190224183
3.0,7.0,2.0,3.0,64.0,55.0,79.0,17.0,0.00390625,2.323057312541878e-08,0.00045117510272686353,0.00045117516174182176,0.024364329145257102,2.2185100867488927e-08,0.3183319488535903,0.03337561561139882,0.03337561621017837,-0.5775532324935705,-0.5775532195695857,-4.699172658401322,-3.763568268496412,2.929175052344434,0.000263548192700575,1.3981807042378347,0.012886472382818148,-0.5775532195695857,1.3765402846935244,4.75,2.56e-10,2.56e-10,2.2185100867488927e-08,-0.06393030510754727
3.0,7.0,2.0,3.0,64.0,55.0,80.0,17.0,0.00390625,2.323057312541878e-08,0.00045117516174182176,0.00045117522075111184,0.024364327447269574,2.218509731477525e-08,0.31833189788333005,0.03337561621017837,0.03337561680895784,-0.5775532195695857,-0.5775532066456048,-4.699172656125961,-3.7635682779555983,2.929175052344434,0.0002635481900268741,1.3981807025266662,0.01288648094389977,-0.5775532066456048,1.3765403019142628,4.75,2.56e-10,2.56e-10,2.218509731477525e-08,-0.06393029119312565
3.0,7.0,2.0,3.0,128.0,108.0,73.0,17.0,0.001953125,2.323057312541878e-08,0.03269147195605919,0.03269147195940103,0.24670657067886026,5.756344512164446e-08,0.8259725207138277,0.02673953902829466,0.02673953977399653,-0.18740684448475664,-0.18740679666840201,-4.724389748858814,-4.145157448823171,3.4429039131223655,0.00015806882479877356,1.6755279121095965,0.06722210873413026,-0.18740679666840201,0.5254611213717023,4.75,5.12e-10,5.12e-10,5.756344512164446e-08,-0.1794838351644481
3.0,7.0,2.0,3.0,128.0,108.0,74.0,17.0,0.001953125,2.323057312541878e-08,0.03269147195940103,0.0326914719628742,0.24670655348546955,5.7563427136031464e-08,0.8259722628967193,0.02673953977399653,0.026739540519698166,-0.18740679666840201,-0.18740674885206512,-4.724389746025147,-4.145157516659578,3.4429039131223655,0.00015806880646106853,1.6755278886373342,0.06722217188587543,-0.18740674885206512,0.5254611773013533,4.75,5.12e-10,5.12e-10,5.7563427136031464e-08,-0.17948375481962398
3.0,7.0,2.0,3.0,128.0,108.0,75.0,17.0,0.001953125,2.323057312541878e-08,0.0326914719628742,0.03269147196622761,0.24670653629207973,5.7563409205929617e-08,0.8259720050722476,0.026739540519698166,0.02673954126539957,-0.18740674885206512,-0.187406701035746,-4.724389743191481,-4.14515758449442,3.4429039131223655,0.00015806878812336784,1.6755278651650773,0.0672222350357723,-0.187406701035746,0.5254612332309869,4.75,5.12e-10,5.12e-10,5.7563409205929617e-08,-0.1794836744766508
3.0,7.0,2.0,3.0,128.0,108.0,76.0,17.0,0.001953125,2.323057312541878e-08,0.03269147196622761,0.032691471969653635,0.24670651909869168,5.756339122031662e-08,0.8259717472548813,0.02673954126539957,0.02673954201110074,-0.187406701035746,-0.18740665321944464,-4.724389740357817,-4.145157652330131,3.4429039131223655,0.00015806876978567136,1.6755278416928259,0.06722229818667902,-0.18740665321944464,0.5254612891606031,4.75,5.12e-10,5.12e-10,5.756339122031662e-08,-0.17948359413266868
3.0,7.0,2.0,3.0,128.0,108.0,77.0,17.0,0.001953125,2.323057312541878e-08,0.032691471969653635,0.0326914719730856,0.24670650190530452,5.756337323470362e-08,0.825971489433546,0.02673954201110074,0.02673954275680168,-0.18740665321944464,-0.187406605403161,-4.724389737524154,-4.145157720165861,3.4429039131223655,0.00015806875144797912,1.6755278182205797,0.06722236133760706,-0.187406605403161,0.5254613450902018,4.75,5.12e-10,5.12e-10,5.756337323470362e-08,-0.179483513788667
3.0,7.0,2.0,3.0,128.0,108.0,78.0,17.0,0.001953125,2.323057312541878e-08,0.0326914719730856,0.03269147197651529,0.24670648471191914,5.756335530460177e-08,0.8259712316120743,0.02673954275680168,0.02673954350250238,-0.187406605403161,-0.18740655758689514,-4.724389734690491,-4.145157788001487,3.4429039131223655,0.00015806873311029115,1.6755277947483391,0.06722242448843119,-0.18740655758689514,0.525461401019783,4.75,5.12e-10,5.12e-10,5.756335530460177e-08,-0.17948343344477014
3.0,7.0,2.0,3.0,128.0,108.0,79.0,17.0,0.001953125,2.323057312541878e-08,0.03269147197651529,0.032691471979891876,0.24670646751853464,5.756333731898877e-08,0.8259709737909517,0.02673954350250238,0.02673954424820285,-0.18740655758689514,-0.18740650977064705,-4.72438973185683,-4.145157855836399,3.4429039131223655,0.00015806871477260743,1.675527771276104,0.06722248763839822,-0.18740650977064705,0.5254614569493468,4.75,5.12e-10,5.12e-10,5.756333731898877e-08,-0.17948335310173125
3.0,7.0,2.0,3.0,128.0,108.0,80.0,17.0,0.001953125,2.323057312541878e-08,0.032691471979891876,0.03269147198334115,0.24670645032515104,5.756331933337577e-08,0.8259707159730874,0.02673954424820285,0.02673954499390309,-0.18740650977064705,-0.18740646195441668,-4.7243897290231684,-4.1451579236721825,3.4429039131223655,0.000158068696434928,1.6755277478038744,0.06722255078937955,-0.18740646195441668,0.5254615128788931,4.75,5.12e-10,5.12e-10,5.756331933337577e-08,-0.17948327275767895
3.0,7.0,2.0,3.0,256.0,214.0,73.0,1.0,0.0009765625,1.0,4.2998054529881167e-19,4.935188683027993e-19,9.934977285297464e-10,1.3137971821564065e-09,1.313797202185147e-09,0.027008169946125232,0.027008169962524465,-0.5472692976267157,-0.5472692963129185,-4.723368954142407,-3.7860930947834692,3.379733143616604,0.00025718992014503054,2.071318653811482,9.934977285297464e-10,-0.5472692963129185,0.5315964072643251,4.75,1.024e-09,1.024e-09,1.3137971821564065e-09,9.934915112808085e-10
3.0,7.0,2.0,3.0,256.0,214.0,74.0,2.0,0.0009765625,0.3333333333333333,4.935188683027993e-19,4.729896013091461e-20,3.075677490471662e-10,4.691743660245606e-10,1.4075230880811631e-09,0.027008169962524465,0.02700816995666807,-0.5472692963129185,-0.5472692967820929,-4.723368954164662,-3.7860930944287428,3.379733143616604,0.0002571899198650373,2.0713186530946994,3.075677490471662e-10,-0.5472692967820929,0.5315964068367847,4.75,1.024e-09,1.024e-09,4.691743660245606e-10,3.075659726903268e-10
3.0,7.0,2.0,3.0,256.0,214.0,75.0,1.0,0.0009765625,1.0,4.729896013091461e-20,5.4190486816128307e-20,3.2921265713525827e-10,4.35743108262443e-10,4.3574312057535776e-10,0.02700816995666807,0.02700816995122914,-0.5472692967820929,-0.547269297217836,-4.72336895418533,-3.786093094099409,3.379733143616604,0.0002571899199650266,2.071318653350672,-3.2921265713525827e-10,-0.547269297217836,0.5315964064397087,4.75,1.024e-09,1.024e-09,4.35743108262443e-10,-3.2921088077841887e-10
3.0,7.0,2.0,3.0,256.0,214.0,76.0,1.0,0.0009765625,1.0,5.4190486816128307e-20,6.210645618986058e-20,3.5243852281041654e-10,4.664075792248923e-10,4.664075569193391e-10,0.02700816995122914,0.027008169957050993,-0.547269297217836,-0.5472692967514284,-4.723368954163206,-3.7860930944519784,3.379733143616604,0.00025718992005789105,2.071318653588405,3.5243852281041654e-10,-0.5472692967514284,0.5315964068647281,4.75,1.024e-09,1.024e-09,4.664075792248923e-10,3.5243674645357714e-10
3.0,7.0,2.0,3.0,256.0,214.0,77.0,1.0,0.0009765625,1.0,6.210645618986058e-20,7.132566114065373e-20,3.776920998177502e-10,4.993120361618253e-10,4.99312022050203e-10,0.027008169957050993,0.027008169950818298,-0.5472692967514284,-0.5472692972507405,-4.72336895418689,-3.7860930940743756,3.379733143616604,0.00025718991995849145,2.0713186533339423,-3.776920998177502e-10,-0.5472692972507405,0.5315964064097242,4.75,1.024e-09,1.024e-09,4.993120361618253e-10,-3.776894352824911e-10
3.0,7.0,2.0,3.0,256.0,214.0,78.0,1.0,0.0009765625,1.0,7.132566114065373e-20,8.191290353897996e-20,4.047540080875933e-10,5.350895282418833e-10,5.350894998813558e-10,0.027008169950818298,0.027008169957497417,-0.5472692972507405,-0.5472692967156509,-4.72336895416151,-3.7860930944790065,3.379733143616604,0.0002571899200649036,2.0713186536063573,4.047540080875933e-10,-0.5472692967156509,0.5315964068973309,4.75,1.024e-09,1.024e-09,5.350895282418833e-10,4.047513435523342e-10
3.0,7.0,2.0,3.0,256.0,214.0,79.0,1.0,0.0009765625,1.0,8.191290353897996e-20,9.38944852348869e-20,4.3334624777457975e-10,5.734290819958687e-10,5.734291259405352e-10,0.027008169957497417,0.027008169950339698,-0.5472692967156509,-0.54726929728908,-4.723368954188709,-3.7860930940455506,3.379733143616604,0.00025718991995086663,2.0713186533144228,-4.3334624777457975e-10,-0.54726929728908,0.5315964063747872,4.75,1.024e-09,1.024e-09,5.734290819958687e-10,-4.3334447141774035e-10
3.0,7.0,2.0,3.0,256.0,214.0,80.0,1.0,0.0009765625,1.0,9.38944852348869e-20,1.0765436447979444e-19,4.640137163391955e-10,6.139380115399717e-10,6.139379837023511e-10,0.027008169950339698,0.027008169958003116,-0.54726929728908,-0.547269296675142,-4.7233689541595885,-3.7860930945096287,3.379733143616604,0.00025718992007307443,2.0713186536272747,4.640137163391955e-10,-0.547269296675142,0.5315964069342451,4.75,1.024e-09,1.024e-09,6.139380115399717e-10,4.640110518039364e-10
3.0,7.0,2.0,3.0,512.0,427.0,73.0,17.0,0.00048828125,2.323057312541878e-08,1.4855392874353992e-17,1.485881362217261e-17,2.0567743064248134e-09,6.050715484207103e-15,8.694495349967351e-08,0.025045099951259118,0.02504509995125931,-0.18744062039123868,-0.1874406203912374,-4.730828620185215,-4.145109466686842,3.7280917726786447,0.00015808177731427964,2.390982485328747,2.0567743064248134e-09,-0.1874406203912374,0.3983826623911332,4.75,2.048e-09,2.048e-09,6.050715484207103e-15,-2.5248495738594556e-08
3.0,7.0,2.0,3.0,512.0,427.0,74.0,10.0,0.00048828125,5.0805263425290864e-05,1.485881362217261e-17,1.4858667670000168e-17,2.0573329706508048e-09,4.417188836924879e-12,8.694380013455352e-08,0.02504509995125931,0.02504509995139745,-0.1874406203912374,-0.18744062039030115,-4.730828620184689,-4.145109466687694,3.7280917726786447,0.00015808177731427918,2.3909824853287445,2.0573329706508048e-09,-0.18744062039030115,0.39838266239305803,4.75,2.048e-09,2.048e-09,4.417188836924879e-12,-2.5246548851498574e-08
3.0,7.0,2.0,3.0,512.0,427.0,75.0,11.0,0.00048828125,1.693508780843029e-05,1.4858667670000168e-17,1.4857646812908895e-17,2.0570460890212416e-09,1.4723222641066513e-12,8.693892594113307e-08,0.02504509995139745,0.025045099951443498,-0.18744062039030115,-0.1874406203899891,-4.730828620184514,-4.145109466687694,3.7280917726786447,0.00015808177731392017,2.3909824853269064,2.0570460890212416e-09,-0.1874406203899891,0.3983826623936996,4.75,2.048e-09,2.048e-09,1.4723222641066513e-12,-2.5246373880349893e-08
3.0,7.0,2.0,3.0,512.0,427.0,76.0,12.0,0.00048828125,5.645029269476763e-06,1.4857646812908895e-17,1.4857302293185225e-17,2.0569492775734943e-09,4.907740880355504e-13,8.693762771604168e-08,0.025045099951443498,0.025045099951458847,-0.1874406203899891,-0.18744062038988507,-4.7308286201844565,-4.145109466687694,3.7280917726786447,0.00015808177731380048,2.3909824853262935,2.0569492775734943e-09,-0.18744062038988507,0.3983826623939135,4.75,2.048e-09,2.048e-09,4.907740880355504e-13,-2.5246316148752612e-08
3.0,7.0,2.0,3.0,512.0,427.0,77.0,12.0,0.00048828125,5.645029269476763e-06,1.4857302293185225e-17,1.4856960949582404e-17,2.0568533543041667e-09,4.907740880355504e-13,8.693719492731311e-08,0.025045099951458847,0.025045099951474196,-0.18744062038988507,-0.18744062038978104,-4.730828620184398,-4.145109466687694,3.7280917726786447,0.00015808177731376055,2.3909824853260893,2.0568533543041667e-09,-0.18744062038978104,0.3983826623941274,4.75,2.048e-09,2.048e-09,4.907740880355504e-13,-2.5246257528976912e-08
3.0,7.0,2.0,3.0,512.0,427.0,78.0,13.0,0.00048828125,1.881676423158921e-06,1.4856960949582404e-17,1.485685034184635e-17,2.0568222680594772e-09,1.6359136267851682e-13,8.693676132189677e-08,0.025045099951474196,0.025045099951479313,-0.18744062038978104,-0.18744062038974638,-4.730828620184378,-4.145109466687694,3.7280917726786447,0.0001580817773137207,2.3909824853258854,2.0568222680594772e-09,-0.18744062038974638,0.39838266239419867,4.75,2.048e-09,2.048e-09,1.6359136267851682e-13,-2.524623798905168e-08
3.0,7.0,2.0,3.0,512.0,427.0,79.0,13.0,0.00048828125,1.881676423158921e-06,1.485685034184635e-17,1.4856736523479542e-17,2.056790293636368e-09,1.6359136267851682e-13,8.69366188092143e-08,0.025045099951479313,0.02504509995148443,-0.18744062038974638,-0.1874406203897117,-4.730828620184359,-4.145109466687694,3.7280917726786447,0.0001580817773137074,2.390982485325817,2.056790293636368e-09,-0.1874406203897117,0.39838266239426995,4.75,2.048e-09,2.048e-09,1.6359136267851682e-13,-2.5246218449126445e-08
3.0,7.0,2.0,3.0,512.0,427.0,80.0,14.0,0.00048828125,6.27225474386307e-07,1.4856736523479542e-17,1.4856695585747575e-17,2.056778747316912e-09,5.4511950509095186e-14,8.693647351449027e-08,0.02504509995148443,0.025045099951486138,-0.1874406203897117,-0.18744062038970016,-4.730828620184353,-4.145109466687694,3.7280917726786447,0.00015808177731369412,2.390982485325749,2.056778747316912e-09,-0.18744062038970016,0.3983826623942937,4.75,2.048e-09,2.048e-09,5.4511950509095186e-14,-2.5246212231877507e-08
3.0,7.0,2.0,3.0,1024.0,852.0,73.0,1.0,0.000244140625,1.0,1.305724771369962e-18,1.6572996661641272e-18,1.8206041119128713e-09,1.0946882011975134e-09,1.0946881886102603e-09,0.02320513434519572,0.0232051343313999,-0.142340831954979,-0.14234083304966721,-4.73782048954068,-4.214179478649807,3.9031747204293916,0.00013948422053769896,3.0970980280851492,-1.8206041119128713e-09,-0.14234083304966721,0.26038507485495976,4.75,4.096e-09,4.096e-09,1.0946882011975134e-09,-1.820598782842353e-09
3.0,7.0,2.0,3.0,1024.0,852.0,74.0,1.0,0.000244140625,1.0,1.6572996661641272e-18,2.0971628971964876e-18,2.048005320887114e-09,1.2332905807710404e-09,1.2332905679703486e-09,0.0232051343313999,0.023205134346942328,-0.14234083304966721,-0.14234083181637663,-4.737820489481619,-4.214179480698335,3.9031747204293916,0.0001394842210255575,3.0970980330808207,2.048005320887114e-09,-0.14234083181637663,0.2603850760207144,4.75,4.096e-09,4.096e-09,1.2332905807710404e-09,2.047999991816596e-09
3.0,7.0,2.0,3.0,1024.0,852.0,75.0,1.0,0.000244140625,1.0,2.0971628971964876e-18,2.6577383608775367e-18,2.3055317655007457e-09,1.3873341087045077e-09,1.3873340952583117e-09,0.023205134346942328,0.02320513432945851,-0.14234083181637663,-0.14234083320371074,-4.737820489548057,-4.21417947839281,3.9031747204293916,0.00013948422047592947,3.0970980274526294,-2.3055317655007457e-09,-0.14234083320371074,0.2603850747093513,4.75,4.096e-09,4.096e-09,1.3873341087045077e-09,-2.305524660073388e-09
3.0,7.0,2.0,3.0,1024.0,852.0,76.0,1.0,0.000244140625,1.0,2.6577383608775367e-18,3.3737545789159174e-18,2.597596804321256e-09,1.5617837301196147e-09,1.5617837164604524e-09,0.02320513432945851,0.023205134349140805,-0.14234083320371074,-0.142340831641927,-4.737820489473265,-4.214179480989459,3.9031747204293916,0.00013948422109420853,3.097098033783807,2.597596804321256e-09,-0.142340831641927,0.26038507618561096,4.75,4.096e-09,4.096e-09,1.5617837301196147e-09,2.5975888107154788e-09
3.0,7.0,2.0,3.0,1024.0,852.0,77.0,1.0,0.000244140625,1.0,3.3737545789159174e-18,4.2771910281845954e-18,2.924787523284067e-09,1.7596306911560333e-09,1.759630690996473e-09,0.023205134349140805,0.02320513432696516,-0.142340831641927,-0.1423408334015577,-4.737820489557532,-4.214179478064975,3.9031747204293916,0.00013948422039818432,3.0970980266565196,-2.924787523284067e-09,-0.1423408334015577,0.26038507452233856,4.75,4.096e-09,4.096e-09,1.7596306911560333e-09,-2.92477864149987e-09
3.0,7.0,2.0,3.0,1024.0,852.0,78.0,1.0,0.000244140625,1.0,4.2771910281845954e-18,5.418250459459725e-18,3.2918840986440046e-09,1.981271896545067e-09,1.981271901189435e-09,0.02320513432696516,0.023205134351934102,-0.1423408334015577,-0.1423408314202858,-4.737820489462651,-4.21417948135708,3.9031747204293916,0.00013948422118238094,3.0970980346866925,3.2918840986440046e-09,-0.1423408314202858,0.2603850763951147,4.75,4.096e-09,4.096e-09,1.981271896545067e-09,3.291873440502968e-09
3.0,7.0,2.0,3.0,1024.0,852.0,79.0,1.0,0.000244140625,1.0,5.418250459459725e-18,6.860353281055336e-18,3.7041472111809526e-09,2.229945755827245e-09,2.229945755256574e-09,0.023205134351934102,0.023205134323831426,-0.1423408314202858,-0.14234083365023156,-4.737820489569441,-4.214179477652229,3.9031747204293916,0.00013948422029940767,3.0970980256450464,-3.7041472111809526e-09,-0.14234083365023156,0.2603850742872818,4.75,4.096e-09,4.096e-09,2.229945755827245e-09,-3.704136553039916e-09
3.0,7.0,2.0,3.0,1024.0,852.0,80.0,2.0,0.000244140625,0.3333333333333333,6.860353281055336e-18,5.822594687480219e-19,1.0791287863298749e-09,8.364054171483559e-10,2.5092162190849917e-09,0.023205134323831426,0.023205134334372195,-0.14234083365023156,-0.14234083281382615,-4.737820489529385,-4.214179479042336,3.9031747204293916,0.00013948422129320487,3.0970980358215296,-1.0791287863298749e-09,-0.14234083281382615,0.2603850750778854,4.75,4.096e-09,4.096e-09,8.364054171483559e-10,-1.0791243454377764e-09
3.0,7.0,2.0,3.0,2048.0,1703.0,73.0,2.0,0.0001220703125,0.3333333333333333,1.509223923563896e-07,1.5005874877872307e-07,0.0005478298071093235,0.0001637753025506318,0.0004913259076518918,0.02126852376767148,0.021266453615737205,-0.016445476158869158,-0.01660925146141979,-4.745187476260199,-4.544639232872164,4.257137772235199,5.225431623910167e-05,2.871595951023842,-0.0005478298071093235,-0.01660925146141979,0.1175169253126826,4.75,8.192e-09,8.192e-09,0.0001637753025506318,-0.0005478293362060072
3.0,7.0,2.0,3.0,2048.0,1703.0,74.0,2.0,0.0001220703125,0.3333333333333333,1.5005874877872307e-07,1.4662938289371536e-07,0.0005415337162055778,0.00016260281816740316,0.0004878084545022044,0.021266453615737205,0.021268508947242987,-0.01660925146141979,-0.016446648643252387,-4.745179666000477,-4.545546376459613,4.257137772235199,5.2490446959228906e-05,2.876431908172048,0.0005415337162055778,-0.016446648643252387,0.11767519201518112,4.75,8.192e-09,8.192e-09,0.00016260281816740316,0.0005415332485849689
3.0,7.0,2.0,3.0,2048.0,1703.0,75.0,2.0,0.0001220703125,0.3333333333333333,1.4662938289371536e-07,1.4577216955898822e-07,0.0005399484596866344,0.00016142418080849,0.0004842725424254671,0.021268508947242987,0.021266468513948502,-0.016446648643252387,-0.016608072824060877,-4.745187419646996,-4.544645790580281,4.257137772235199,5.225601126733418e-05,2.871630665202044,-0.0005399484596866344,-0.016608072824060877,0.11751807251943405,4.75,8.192e-09,8.192e-09,0.00016142418080849,-0.000539947995543244
3.0,7.0,2.0,3.0,2048.0,1703.0,76.0,2.0,0.0001220703125,0.3333333333333333,1.4577216955898822e-07,1.424585870618456e-07,0.0005337763334241075,0.0001602684879294415,0.00048080546378831944,0.021266468513948502,0.021268494339062298,-0.016608072824060877,-0.016447804336131435,-4.745179721511564,-4.545539911441488,4.257137772235199,5.248875214822675e-05,2.8763971984427235,0.0005337763334241075,-0.016447804336131435,0.11767406714108267,4.75,8.192e-09,8.192e-09,0.0001602684879294415,0.0005337758725181274
3.0,7.0,2.0,3.0,2048.0,1703.0,77.0,2.0,0.0001220703125,0.3333333333333333,1.424585870618456e-07,1.4160838346185056e-07,0.0005321811410823329,0.0001591069372436811,0.00047732081173103866,0.021268494339062298,0.02126648319618074,-0.016447804336131435,-0.016606911273375116,-4.745187363854513,-4.544652253486297,4.257137772235199,5.2257681956101146e-05,2.871664880907991,-0.0005321811410823329,-0.016606911273375116,0.1175192030951608,4.75,8.192e-09,8.192e-09,0.0001591069372436811,-0.0005321806836011689
3.0,7.0,2.0,3.0,2048.0,1703.0,78.0,2.0,0.0001220703125,0.3333333333333333,1.4160838346185056e-07,1.384065134510768e-07,0.0005261302375858534,0.00015796779007902495,0.00047390337023707995,0.02126648319618074,0.02126847994002255,-0.016606911273375116,-0.01644894348329609,-4.745179776227914,-4.545533539243992,4.257137772235199,5.248708184271454e-05,2.8763629905858332,0.0005261302375858534,-0.01644894348329609,0.1176729583714749,4.75,8.192e-09,8.192e-09,0.00015796779007902495,0.0005261297832976908
3.0,7.0,2.0,3.0,2048.0,1703.0,79.0,2.0,0.0001220703125,0.3333333333333333,1.384065134510768e-07,1.3756387793429955e-07,0.0005245262203823486,0.00015682307551371719,0.00047046922654115194,0.02126847994002255,0.021266497665600955,-0.01644894348329609,-0.01660576655880981,-4.745187308870716,-4.5446586229430626,4.257137772235199,5.225932866349606e-05,2.871698605475439,-0.0005245262203823486,-0.01660576655880981,0.11752031728373404,4.75,8.192e-09,8.192e-09,0.00015682307551371719,-0.0005245257694665995
3.0,7.0,2.0,3.0,2048.0,1703.0,80.0,2.0,0.0001220703125,0.3333333333333333,1.3756387793429955e-07,1.3446980168057142e-07,0.0005185938713108129,0.0001557002476694526,0.00046710074300835663,0.021266497665600955,0.02126846574726205,-0.01660576655880981,-0.016450066311140356,-4.745179830160404,-4.5455272585661834,4.257137772235199,5.248543568518113e-05,2.8763292772795492,0.0005185938713108129,-0.016450066311140356,0.11767186548600095,4.75,8.192e-09,8.192e-09,0.0001557002476694526,0.0005185934235436562
3.0,7.0,2.0,3.0,4096.0,3403.0,73.0,1.0,6.103515625e-05,1.0,3.2823257764457152e-18,1.6955768698709404e-17,5.8233613486891045e-09,1.1120241914797102e-09,1.1120241925372147e-09,0.020955311327546907,0.020955311341606334,-0.018462150356638528,-0.018462149244614336,-4.746369816901896,-4.5346323378057845,4.335626789019299,5.5078102209972694e-05,4.073124424324341,5.8233613486891045e-09,-0.018462149244614336,0.09355897330372512,4.75,1.6384e-08,1.6384e-08,1.1120241914797102e-09,5.823356019618586e-09
3.0,7.0,2.0,3.0,4096.0,3403.0,74.0,1.0,6.103515625e-05,1.0,1.6955768698709404e-17,8.776024748431629e-17,1.3248414809652331e-08,2.5274465263736e-09,2.5274465258567835e-09,0.020955311341606334,0.020955311309651854,-0.018462149244614336,-0.018462151772060863,-4.746369817023323,-4.534632324553438,4.335626789019299,5.5078100700546436e-05,4.073124362498241,-1.3248414809652331e-08,-0.018462151772060863,0.0935589708431119,4.75,1.6384e-08,1.6384e-08,2.5274465263736e-09,-1.3248402375154456e-08
3.0,7.0,2.0,3.0,4096.0,3403.0,75.0,2.0,6.103515625e-05,0.3333333333333333,8.776024748431629e-17,7.541958781555188e-19,1.2281660133339756e-09,1.9166854214880402e-09,5.750056261517167e-09,0.020955311309651854,0.02095531133388455,-0.018462151772060863,-0.01846214985537544,-4.746369816931239,-4.534632334613273,4.335626789019299,5.507810413122189e-05,4.073124503018708,1.2281660133339756e-09,-0.01846214985537544,0.0935589727091142,4.75,1.6384e-08,1.6384e-08,1.9166854214880402e-09,1.2281651251555559e-09
3.0,7.0,2.0,3.0,4096.0,3403.0,76.0,1.0,6.103515625e-05,1.0,7.541958781555188e-19,3.936354113718408e-18,2.805834675712049e-09,5.330467664488303e-10,5.330467653372495e-10,0.02095531133388455,0.020955311327145187,-0.01846214985537544,-0.018462150388422208,-4.7463698169568485,-4.534632331809966,4.335626789019299,5.5078101529574126e-05,4.073124396455215,-2.805834675712049e-09,-0.018462150388422208,0.09355897219016279,4.75,1.6384e-08,1.6384e-08,5.330467664488303e-10,-2.80583201117679e-09
3.0,7.0,2.0,3.0,4096.0,3403.0,77.0,1.0,6.103515625e-05,1.0,3.936354113718408e-18,2.0404902621432516e-17,6.38825525811626e-09,1.21778400558048e-09,1.2177840039496813e-09,0.020955311327145187,0.020955311342541656,-0.018462150388422208,-0.018462149170638202,-4.746369816898342,-4.534632338198867,4.335626789019299,5.507810225311486e-05,4.073124426091445,6.38825525811626e-09,-0.018462149170638202,0.09355897337574479,4.75,1.6384e-08,1.6384e-08,1.21778400558048e-09,6.388249040867322e-09
3.0,7.0,2.0,3.0,4096.0,3403.0,78.0,1.0,6.103515625e-05,1.0,2.0404902621432516e-17,1.0571369524937867e-16,1.4540542991881011e-08,2.7726209141099023e-09,2.772620915014549e-09,0.020955311342541656,0.020955311307487526,-0.018462149170638202,-0.018462151943259116,-4.746369817031547,-4.53463232365607,4.335626789019299,5.5078100600133574e-05,4.07312435838533,-1.4540542991881011e-08,-0.018462151943259116,0.09355897067644035,4.75,1.6384e-08,1.6384e-08,2.7726209141099023e-09,-1.4540528781026296e-08
3.0,7.0,2.0,3.0,4096.0,3403.0,79.0,2.0,6.103515625e-05,0.3333333333333333,1.0571369524937867e-16,8.921154542461409e-19,1.3357510653122517e-09,2.1036213396219416e-09,6.310864022709843e-09,0.020955311307487526,0.02095531133408354,-0.018462151943259116,-0.018462149839637777,-4.746369816930483,-4.534632334688269,4.335626789019299,5.507810436360094e-05,4.073124512536954,1.3357510653122517e-09,-0.018462149839637777,0.09355897272443554,4.75,1.6384e-08,1.6384e-08,2.1036213396219416e-09,1.3357492889554123e-09
3.0,7.0,2.0,3.0,4096.0,3403.0,80.0,1.0,6.103515625e-05,1.0,8.921154542461409e-19,4.596486369701909e-18,3.031991546720292e-09,5.797404258045535e-10,5.797404259330598e-10,0.02095531133408354,0.020955311326753892,-0.018462149839637777,-0.018462150419378202,-4.746369816958335,-4.534632331653509,4.335626789019299,5.507810150821233e-05,4.073124395580237,-3.031991546720292e-09,-0.018462150419378202,0.0935589721600255,4.75,1.6384e-08,1.6384e-08,5.797404258045535e-10,-3.031987994006613e-09
