geometry,bottom_mode,profile,window,stop_code,solver_status,solver_route,steps,completed,iterations,transfer_cm,bottom_cm,storage_change_cm,ledger_residual_cm,max_step_soil_residual_cm,first_transfer_cm,cpu_seconds,history,external_calls,flux_calls,head_calls,evaluations,within_solve_switches,accepted_regime_switches,h_min,h_max,theta_min,theta_max,water_l1_diff_cm,head_inf_diff_cm
3,7,1,1,0,1,legacy-reference-bound,1,1,5, -6.1577033610379062E-01, -1.3814059861117832E-02,  6.0195627624264603E-01, -2.6758109616942249E-14,  1.1275702593849246E-16, -6.1577033610379062E-01,  1.0899999999999994E-04,1,6,0,6,6,0,0, -1.2299999992435363E+02,  6.2182069883811519E-01,  3.0672347322635352E-01,  4.2299999999999999E-01, -1.0000000000000000E+00, -1.0000000000000000E+00
3,7,1,1,0,1,legacy-reference-bound,2,2,10, -9.6559134526440682E-01, -1.3814059840961321E-02,  9.5177728542342876E-01, -1.6733142649272281E-14,  1.5872719805187785E-16, -4.9025790906954170E-01,  1.2499999999999989E-04,1,12,0,12,12,0,0, -1.2299999999973332E+02,  2.6929802906344180E-01,  3.0672347317452830E-01,  4.2299999999999999E-01,  3.5104297604833995E-01,  5.4628689357404063E+01
3,7,1,1,0,1,legacy-reference-bound,4,4,70, -1.4292182482824916E+00, -1.3814059840923827E-02,  1.4154041884416415E+00,  7.3781258880245559E-14,  5.2357423951931992E-14, -4.0821115934742452E-01,  7.3799999999999994E-04,1,74,0,74,74,0,0, -1.2299999999999963E+02, -1.5918718588627367E-01,  3.0672347317434512E-01,  4.2298394169696196E-01,  4.6420909371344754E-01,  6.2857690580824780E+01
3,7,1,1,0,1,legacy-reference-bound,8,8,120, -1.8423908587268290E+00, -1.3814059840923806E-02,  1.8285767988858908E+00, -1.4391265956703592E-14,  1.5603837666411380E-14, -3.5511776396822670E-01,  1.2959999999999998E-03,1,128,0,128,128,0,0, -1.2300000000000001E+02, -2.8851001708706719E-01,  3.0672347317434490E-01,  4.2296185777961948E-01,  4.1463756924259076E-01,  5.4646391228920436E+01
3,7,1,1,0,1,legacy-reference-bound,16,16,232, -2.0774658891843809E+00, -1.3814059840923810E-02,  2.0636518293433852E+00, -7.1897349185334747E-14,  1.2792718273590964E-14, -3.1841444655005247E-01,  2.4570000000000000E-03,1,248,0,248,248,0,0, -1.2300000000000001E+02, -2.8041417304358146E-01,  3.0672347317434490E-01,  4.2296340477545835E-01,  2.3507590327386585E-01,  3.1947384776722814E+01
3,7,1,1,0,1,legacy-reference-bound,32,32,454, -2.2017247219435543E+00, -1.3814059840923815E-02,  2.1879106621025528E+00, -7.7665304742957630E-14,  1.2314368275090359E-14, -2.8426962503224157E-01,  4.7780000000000001E-03,1,486,0,486,486,0,0, -1.2300000000000001E+02, -2.6820922924627016E-01,  3.0672347317434490E-01,  4.2296569873930878E-01,  1.2425918964458688E-01,  1.6003840411468047E+01
3,7,1,1,0,1,legacy-reference-bound,64,64,856, -2.2670721918562289E+00, -1.3814059840923794E-02,  2.2532581320152261E+00, -7.9018389054219540E-14,  1.1524852253086415E-14, -2.3934760739419964E-01,  9.0419999999999997E-03,1,920,0,920,920,0,0, -1.2300000000000000E+02, -2.6011502647748458E-01,  3.0672347317434490E-01,  4.2296719424579909E-01,  6.5347614263880083E-02,  8.1179624373250476E+00
3,7,1,1,0,1,legacy-reference-bound,128,128,1600, -2.3012741500403817E+00, -1.3814059840923780E-02,  2.2874600901993674E+00, -9.0578586298128982E-14,  1.0074298166518059E-14, -1.8300877201453405E-01,  1.7448000000000002E-02,1,1728,0,1728,1728,0,0, -1.2300000000000000E+02, -2.5534760885285246E-01,  3.0672347317434490E-01,  4.2296806528075981E-01,  3.4202002742280413E-02,  3.8699802427367871E+00
3,7,1,1,0,1,legacy-reference-bound,256,256,2962, -2.3189967454637541E+00, -1.3814059840923773E-02,  2.3051826856227535E+00, -7.6818759686680949E-14,  3.5369385371908368E-15, -1.2670500569860735E-01,  3.2218999999999998E-02,1,3218,0,3218,3218,0,0, -1.2300000000000000E+02, -2.5269824572501787E-01,  3.0672347317434490E-01,  4.2296854615795254E-01,  1.7722614672716908E-02,  2.0447024710858699E+00
3,7,1,1,0,1,legacy-reference-bound,512,512,5394, -2.3280809730958940E+00, -1.3814059840923962E-02,  2.3142669132548761E+00, -9.3949154011951919E-14,  4.5015261049968780E-15, -8.0182754747878476E-02,  5.8975000000000014E-02,1,5906,0,5906,5906,0,0, -1.2300000000000000E+02, -2.5128173216072386E-01,  3.0672347317434490E-01,  4.2296880232762513E-01,  9.0842362623230755E-03,  1.0605629599031801E+00
3,7,1,1,0,1,legacy-reference-bound,1024,1024,9684, -2.3326957515014435E+00, -1.3814059840923701E-02,  2.3188816916604864E+00, -3.3370875507365838E-14,  2.5049813568919777E-15, -4.6969069427893882E-02,  1.0673600000000000E-01,1,10708,0,10708,10708,0,0, -1.2300000000000014E+02, -2.5054395538148622E-01,  3.0672347317434479E-01,  4.2296893549151982E-01,  4.6147823761941154E-03,  5.4093919740566321E-01
3,7,1,1,0,1,legacy-reference-bound,2048,2048,17082, -2.3350248042276127E+00, -1.3814059840924282E-02,  2.3212107443866259E+00, -6.2543720202867803E-14,  1.8696185550247379E-15, -2.5898454019469282E-02,  1.9373599999999999E-01,1,19130,0,19130,19130,0,0, -1.2300000000000000E+02, -2.5016631250501015E-01,  3.0672347317434490E-01,  4.2296900358469613E-01,  2.3290546050191985E-03,  2.7341293448363047E-01
3,7,1,1,0,1,legacy-reference-bound,4096,4096,29795, -2.3361953503998678E+00, -1.3814059840924689E-02,  2.3223812905589512E+00,  8.0300349702966400E-15,  2.1750823527271618E-15, -1.3695567560400945E-02,  3.4512199999999998E-01,1,33891,0,33891,33891,0,0, -1.2300000000000000E+02, -2.4997506347023596E-01,  3.0672347317434490E-01,  4.2296903805119390E-01,  1.1705470815298602E-03,  1.3749446869996973E-01
3,7,1,1,0,1,legacy-reference-bound,1,1,5, -6.3577033610379063E-01, -1.3814059861117832E-02,  6.2195627624264560E-01, -2.7202198826792312E-14,  1.1275702593849246E-16, -6.3577033610379063E-01,  6.8000000000068006E-05,2,6,0,6,6,0,0, -1.2299999992435363E+02,  6.2182069883811519E-01,  3.0672347322635352E-01,  4.2299999999999999E-01, -1.0000000000000000E+00, -1.0000000000000000E+00
3,7,1,1,0,1,legacy-reference-bound,2,2,10, -9.8559134526440684E-01, -1.3814059840961321E-02,  9.7177728542342834E-01, -1.7177231859122344E-14,  1.5872719805187785E-16, -5.1025790906954172E-01,  1.3599999999991397E-04,2,12,0,12,12,0,0, -1.2299999999973332E+02,  2.6929802906344180E-01,  3.0672347317452830E-01,  4.2299999999999999E-01,  3.5104297604833995E-01,  5.4628689357404063E+01
3,7,1,1,0,1,legacy-reference-bound,4,4,70, -1.4492182482824916E+00, -1.3814059840923827E-02,  1.4354041884416411E+00,  7.3337169670395497E-14,  5.2357423951931992E-14, -4.2821115934742454E-01,  7.2099999999997166E-04,2,74,0,74,74,0,0, -1.2299999999999963E+02, -1.5918718588627367E-01,  3.0672347317434512E-01,  4.2298394169696196E-01,  4.6420909371344754E-01,  6.2857690580824780E+01
3,7,1,1,0,1,legacy-reference-bound,8,8,120, -1.8623908587268290E+00, -1.3814059840923806E-02,  1.8485767988858903E+00, -1.4835355166553654E-14,  1.5603837666411380E-14, -3.7511776396822671E-01,  1.2729999999999686E-03,2,128,0,128,128,0,0, -1.2300000000000001E+02, -2.8851001708706719E-01,  3.0672347317434490E-01,  4.2296185777961948E-01,  4.1463756924259076E-01,  5.4646391228920436E+01
3,7,1,1,0,1,legacy-reference-bound,16,16,232, -2.0974658891843809E+00, -1.3814059840923810E-02,  2.0836518293433848E+00, -7.2341438395184809E-14,  1.2792718273590964E-14, -3.3841444655005248E-01,  2.4380000000000512E-03,2,248,0,248,248,0,0, -1.2300000000000001E+02, -2.8041417304358146E-01,  3.0672347317434490E-01,  4.2296340477545835E-01,  2.3507590327386585E-01,  3.1947384776722814E+01
3,7,1,1,0,1,legacy-reference-bound,32,32,454, -2.2217247219435543E+00, -1.3814059840923815E-02,  2.2079106621025524E+00, -7.8109393952807693E-14,  1.2314368275090359E-14, -3.0426962503224159E-01,  4.8179999999999890E-03,2,486,0,486,486,0,0, -1.2300000000000001E+02, -2.6820922924627016E-01,  3.0672347317434490E-01,  4.2296569873930878E-01,  1.2425918964458688E-01,  1.6003840411468047E+01
3,7,1,1,0,1,legacy-reference-bound,64,64,856, -2.2870721918562285E+00, -1.3814059840923794E-02,  2.2732581320152256E+00, -7.9018389054219540E-14,  1.1524852253086415E-14, -2.5934760739419965E-01,  9.1029999999999722E-03,2,920,0,920,920,0,0, -1.2300000000000000E+02, -2.6011502647748458E-01,  3.0672347317434490E-01,  4.2296719424579909E-01,  6.5347614263880083E-02,  8.1179624373250476E+00
3,7,1,1,0,1,legacy-reference-bound,128,128,1600, -2.3212741500403813E+00, -1.3814059840923780E-02,  2.3074600901993669E+00, -9.0578586298128982E-14,  1.0074298166518059E-14, -2.0300877201453404E-01,  1.7295999999999978E-02,2,1728,0,1728,1728,0,0, -1.2300000000000000E+02, -2.5534760885285246E-01,  3.0672347317434490E-01,  4.2296806528075981E-01,  3.4202002742280413E-02,  3.8699802427367871E+00
3,7,1,1,0,1,legacy-reference-bound,256,256,2962, -2.3389967454637541E+00, -1.3814059840923773E-02,  2.3251826856227531E+00, -7.7262848896531011E-14,  3.5369385371908368E-15, -1.4670500569860734E-01,  3.1965000000000021E-02,2,3218,0,3218,3218,0,0, -1.2300000000000000E+02, -2.5269824572501787E-01,  3.0672347317434490E-01,  4.2296854615795254E-01,  1.7722614672716908E-02,  2.0447024710858699E+00
3,7,1,1,0,1,legacy-reference-bound,512,512,5394, -2.3480809730958945E+00, -1.3814059840923962E-02,  2.3342669132548757E+00, -9.4837332431652044E-14,  4.5015261049968780E-15, -1.0018275474787848E-01,  5.9705000000000008E-02,2,5906,0,5906,5906,0,0, -1.2300000000000000E+02, -2.5128173216072386E-01,  3.0672347317434490E-01,  4.2296880232762513E-01,  9.0842362623230755E-03,  1.0605629599031801E+00
3,7,1,1,0,1,legacy-reference-bound,1024,1024,9684, -2.3526957515014439E+00, -1.3814059840923701E-02,  2.3388816916604860E+00, -3.4259053927065963E-14,  2.5049813568919777E-15, -6.6969069427893879E-02,  1.1049200000000003E-01,2,10708,0,10708,10708,0,0, -1.2300000000000014E+02, -2.5054395538148622E-01,  3.0672347317434479E-01,  4.2296893549151982E-01,  4.6147823761941154E-03,  5.4093919740566321E-01
3,7,1,1,0,1,legacy-reference-bound,2048,2048,17082, -2.3550248042276141E+00, -1.3814059840924282E-02,  2.3412107443866255E+00, -6.4320077042268053E-14,  1.8696185550247379E-15, -4.5898454019469279E-02,  2.0003400000000005E-01,2,19130,0,19130,19130,0,0, -1.2300000000000000E+02, -2.5016631250501015E-01,  3.0672347317434490E-01,  4.2296900358469613E-01,  2.3290546050191985E-03,  2.7341293448363047E-01
3,7,1,1,0,1,legacy-reference-bound,4096,4096,29795, -2.3561953503998674E+00, -1.3814059840924689E-02,  2.3423812905589507E+00,  8.0300349702966400E-15,  2.1750823527271618E-15, -3.3695567560400944E-02,  3.4848399999999979E-01,2,33891,0,33891,33891,0,0, -1.2300000000000000E+02, -2.4997506347023596E-01,  3.0672347317434490E-01,  4.2296903805119390E-01,  1.1705470815298602E-03,  1.3749446869996973E-01
3,7,1,1,0,1,legacy-reference-bound,1,1,5, -6.3577033610379063E-01, -1.3814059861117832E-02,  6.2195627624264560E-01, -2.7202198826792312E-14,  1.1275702593849246E-16, -6.3577033610379063E-01,  1.1399999999994748E-04,3,6,0,6,6,0,0, -1.2299999992435363E+02,  6.2182069883811519E-01,  3.0672347322635352E-01,  4.2299999999999999E-01, -1.0000000000000000E+00, -1.0000000000000000E+00
3,7,1,1,0,1,legacy-reference-bound,2,2,10, -9.8559134526440684E-01, -1.3814059840961321E-02,  9.7177728542342834E-01, -1.7177231859122344E-14,  1.5872719805187785E-16, -5.1025790906954172E-01,  1.2100000000003774E-04,3,12,0,12,12,0,0, -1.2299999999973332E+02,  2.6929802906344180E-01,  3.0672347317452830E-01,  4.2299999999999999E-01,  3.5104297604833995E-01,  5.4628689357404063E+01
3,7,1,1,0,1,legacy-reference-bound,4,4,70, -1.4492182482824916E+00, -1.3814059840923827E-02,  1.4354041884416411E+00,  7.3337169670395497E-14,  5.2357423951931992E-14, -4.2821115934742454E-01,  8.2599999999999341E-04,3,74,0,74,74,0,0, -1.2299999999999963E+02, -1.5918718588627367E-01,  3.0672347317434512E-01,  4.2298394169696196E-01,  4.6420909371344754E-01,  6.2857690580824780E+01
3,7,1,1,0,1,legacy-reference-bound,8,8,120, -1.8623908587268290E+00, -1.3814059840923806E-02,  1.8485767988858903E+00, -1.4835355166553654E-14,  1.5603837666411380E-14, -3.7511776396822671E-01,  1.2579999999999814E-03,3,128,0,128,128,0,0, -1.2300000000000001E+02, -2.8851001708706719E-01,  3.0672347317434490E-01,  4.2296185777961948E-01,  4.1463756924259076E-01,  5.4646391228920436E+01
3,7,1,1,0,1,legacy-reference-bound,16,16,232, -2.0974658891843809E+00, -1.3814059840923810E-02,  2.0836518293433848E+00, -7.2341438395184809E-14,  1.2792718273590964E-14, -3.3841444655005248E-01,  2.5390000000000690E-03,3,248,0,248,248,0,0, -1.2300000000000001E+02, -2.8041417304358146E-01,  3.0672347317434490E-01,  4.2296340477545835E-01,  2.3507590327386585E-01,  3.1947384776722814E+01
3,7,1,1,0,1,legacy-reference-bound,32,32,454, -2.2217247219435543E+00, -1.3814059840923815E-02,  2.2079106621025524E+00, -7.8109393952807693E-14,  1.2314368275090359E-14, -3.0426962503224159E-01,  4.8610000000000042E-03,3,486,0,486,486,0,0, -1.2300000000000001E+02, -2.6820922924627016E-01,  3.0672347317434490E-01,  4.2296569873930878E-01,  1.2425918964458688E-01,  1.6003840411468047E+01
3,7,1,1,0,1,legacy-reference-bound,64,64,856, -2.2870721918562285E+00, -1.3814059840923794E-02,  2.2732581320152256E+00, -7.9018389054219540E-14,  1.1524852253086415E-14, -2.5934760739419965E-01,  9.2069999999999652E-03,3,920,0,920,920,0,0, -1.2300000000000000E+02, -2.6011502647748458E-01,  3.0672347317434490E-01,  4.2296719424579909E-01,  6.5347614263880083E-02,  8.1179624373250476E+00
3,7,1,1,0,1,legacy-reference-bound,128,128,1600, -2.3212741500403813E+00, -1.3814059840923780E-02,  2.3074600901993669E+00, -9.0578586298128982E-14,  1.0074298166518059E-14, -2.0300877201453404E-01,  1.7989999999999950E-02,3,1728,0,1728,1728,0,0, -1.2300000000000000E+02, -2.5534760885285246E-01,  3.0672347317434490E-01,  4.2296806528075981E-01,  3.4202002742280413E-02,  3.8699802427367871E+00
3,7,1,1,0,1,legacy-reference-bound,256,256,2954, -2.3338084271880835E+00, -1.3814059840923773E-02,  2.3199943673470536E+00, -1.0612864753678508E-13,  3.5589478412922926E-15,  0.0000000000000000E+00,  3.2748999999999917E-02,3,3206,4,3206,3210,0,1, -1.2300000000000000E+02, -2.5487129512282936E-01,  3.0672347317434490E-01,  4.2296815190286796E-01,  1.2534704261573937E-02,  1.5085775157208730E+00
3,7,1,1,0,1,legacy-reference-bound,512,512,5378, -2.3428951709252113E+00, -1.3814059840923962E-02,  2.3290811110841894E+00, -9.7945956900602482E-14,  4.4911177641410172E-15,  0.0000000000000000E+00,  6.0690000000000133E-02,3,5882,8,5882,5890,0,1, -1.2300000000000000E+02, -2.5344345459102979E-01,  3.0672347317434490E-01,  4.2296841112805139E-01,  9.0867522197241035E-03,  1.0565802625213365E+00
3,7,1,1,0,1,legacy-reference-bound,1024,1024,9649, -2.3475112983139721E+00, -1.3814059840923701E-02,  2.3336972384730181E+00, -3.0262251038415400E-14,  2.3707571279382722E-15,  0.0000000000000000E+00,  1.1232400000000009E-01,3,10657,16,10657,10673,0,1, -1.2300000000000000E+02, -2.5269980992602892E-01,  3.0672347317434490E-01,  4.2296854587471278E-01,  4.6161313017434313E-03,  5.3926420848546286E-01
3,7,1,1,0,1,legacy-reference-bound,2048,2048,17039, -2.3498410525706599E+00, -1.3814059840924282E-02,  2.3360269927296677E+00, -6.7872790721068554E-14,  1.9751114264075775E-15,  0.0000000000000000E+00,  2.2286499999999987E-01,3,19055,32,19055,19087,0,1, -1.2300000000000000E+02, -2.5231917285575406E-01,  3.0672347317434490E-01,  4.2296861477558378E-01,  2.3297561117738286E-03,  2.7265656698628504E-01
3,7,1,1,0,1,legacy-reference-bound,4096,4096,29708, -2.3510119570487098E+00, -1.3814059840924689E-02,  2.3371978972078189E+00,  3.3787209141600272E-14,  2.1397712432220245E-15,  0.0000000000000000E+00,  3.5838899999999985E-01,3,33740,64,33740,33804,0,1, -1.2300000000000009E+02, -2.5212641004988928E-01,  3.0672347317434490E-01,  4.2296864965045644E-01,  1.1709053769165534E-03,  1.3713683656601461E-01
3,7,2,1,0,1,legacy-reference-bound,1,1,23, -6.2875672323571030E-01, -4.3422005545873571E-01,  1.9453666777689449E-01, -8.0102591226705044E-14,  1.0080825063596421E-13, -6.2875672323571030E-01,  3.5899999999999821E-04,1,43,0,43,43,0,0, -9.8848097995597897E+00,  6.0815081764662082E-01,  4.1669371186344173E-01,  4.2299999999999999E-01, -1.0000000000000000E+00, -1.0000000000000000E+00
3,7,2,1,1,2,legacy-reference-retry,2,0,80,  0.0000000000000000E+00,  0.0000000000000000E+00,  0.0000000000000000E+00,  0.0000000000000000E+00,  0.0000000000000000E+00,  0.0000000000000000E+00,  9.8100000000034271E-04,1,81,0,81,81,0,0, -1.0000000000000000E+01, -1.0000000000000000E+01,  4.1659014796486560E-01,  4.1659014796486560E-01, -1.0000000000000000E+00, -1.0000000000000000E+00
3,7,2,1,0,1,legacy-reference-bound,4,4,161, -8.5596554955312354E-01, -4.3427569327306581E-01,  4.2168985627995426E-01, -1.0347278589506459E-13,  5.7259752495042449E-14, -2.0900731254615074E-01,  1.4690000000001646E-03,1,165,0,165,165,0,0, -9.6396981302662716E+00,  5.9562466608745108E+00,  4.1691264187855792E-01,  4.2299999999999999E-01, -1.0000000000000000E+00, -1.0000000000000000E+00
3,7,2,1,0,1,legacy-reference-bound,8,8,193, -9.9566490949198894E-01, -4.3794564740562031E-01,  5.5771926208636557E-01, -3.0531133177191805E-15,  2.6686985954427200E-14, -1.2693830670392153E-01,  1.6530000000001266E-03,1,201,0,201,201,0,0, -8.6178592342082627E+00,  6.1567668795152946E+00,  4.1780314819460629E-01,  4.2299999999999999E-01,  1.3602940580640363E-01,  1.2042592061092048E+01
3,7,2,1,0,1,legacy-reference-bound,16,16,285, -1.1049836298939868E+00, -4.6568453758814482E-01,  6.3929909230564164E-01, -2.0033974479360950E-13,  1.9314411181525770E-13, -7.9826740481881348E-02,  2.4289999999997924E-03,1,322,0,322,322,0,0, -1.9058669241958723E+00,  4.1593970113330609E+00,  4.2240692255555112E-01,  4.2299999999999999E-01,  8.1579830219282584E-02,  1.0921995640059960E+01
3,7,2,1,1,2,legacy-reference-retry,32,28,462, -1.0257792894388231E+00, -3.9279606555458368E-01,  6.3298322388423856E-01, -8.8817841970012523E-16,  7.6189055064901368E-15, -5.1965877701510510E-02,  4.4610000000000483E-03,1,574,0,574,574,0,0, -3.8496083201880245E+00,  1.7749863128132022E+00,  4.2135976160901911E-01,  4.2299999999999999E-01, -1.0000000000000000E+00, -1.0000000000000000E+00
3,7,2,1,1,2,legacy-reference-retry,64,54,681, -1.0174400818993730E+00, -3.8012153683188449E-01,  6.3731854506750096E-01,  1.2490009027033011E-14,  5.3039170277990877E-15, -3.4877431262563513E-02,  9.0669999999999362E-03,1,1836,0,1836,1836,0,0, -2.5232833208177685E+00,  9.3344479312951645E-01,  4.2210927925425301E-01,  4.2299999999999999E-01, -1.0000000000000000E+00, -1.0000000000000000E+00
3,7,2,1,1,2,legacy-reference-retry,128,107,1119, -1.0192900723465672E+00, -3.7913653203260889E-01,  6.4015354031396754E-01,  9.2148511043887993E-15,  2.6732088764802597E-15, -2.3757049598610601E-02,  1.4118999999999993E-02,1,2469,0,2469,2469,0,0, -1.1223368688664639E+00,  6.7936475531888807E-01,  4.2272505311771513E-01,  4.2299999999999999E-01, -1.0000000000000000E+00, -1.0000000000000000E+00
3,7,2,1,1,2,legacy-reference-retry,256,212,1804, -1.0145029811474200E+00, -3.7453180097092514E-01,  6.3997118017649512E-01,  2.7755575615628914E-16,  4.5974508922075330E-15, -1.5895272550944594E-02,  1.9460000000000033E-02,1,2647,0,2647,2647,0,0, -1.1733870664878399E+00,  2.8117873304465285E-01,  4.2270669885712719E-01,  4.2299999999999999E-01, -1.0000000000000000E+00, -1.0000000000000000E+00
3,7,2,1,1,2,legacy-reference-retry,512,425,3158, -1.0186759715845561E+00, -3.7771994430382955E-01,  6.4095602728072265E-01, -3.9412917374193057E-15,  1.9743321560961036E-15, -1.0030670360221662E-02,  3.2726999999999951E-02,1,4294,0,4294,4294,0,0, -1.2783099369833295E-01,  3.9127353217845046E-01,  4.2298832950691001E-01,  4.2299999999999999E-01, -1.0000000000000000E+00, -1.0000000000000000E+00
3,7,2,1,1,2,legacy-reference-retry,1024,848,5548, -1.0175313552219774E+00, -3.7655791648727560E-01,  6.4097343873469015E-01, -1.1601830607332886E-14,  2.3025201537074658E-15, -5.8632828767569770E-03,  5.9101000000000070E-02,1,7127,0,7127,7127,0,0, -6.8474437949641004E-02,  1.4286676169938781E-01,  4.2299529408849790E-01,  4.2299999999999999E-01, -1.0000000000000000E+00, -1.0000000000000000E+00
3,7,2,1,1,2,legacy-reference-retry,2048,1694,10021, -1.0169410475974794E+00, -3.7596055860266631E-01,  6.4098048899480631E-01, -6.7723604502134549E-15,  2.6865716682561436E-15, -3.2140512064502101E-03,  1.0542300000000004E-01,1,12450,0,12450,12450,0,0, -3.6523391646700154E-02,  1.1784716705374193E-01,  4.2299811419254418E-01,  4.2299999999999999E-01, -1.0000000000000000E+00, -1.0000000000000000E+00
3,7,2,1,1,2,legacy-reference-retry,4096,3385,18418, -1.0163975331506638E+00, -3.7542139201742747E-01,  6.4097614113315160E-01, -8.4765527930130702E-14,  2.3688597741364226E-15, -1.6895615699657467E-03,  1.9893099999999997E-01,1,22492,0,22492,22492,0,0, -5.7230668515238718E-02,  8.5406536403575997E-02,  4.2299637504788035E-01,  4.2299999999999999E-01, -1.0000000000000000E+00, -1.0000000000000000E+00
3,7,2,1,0,1,legacy-reference-bound,1,1,23, -6.4875672323571032E-01, -4.3422005545873571E-01,  2.1453666777689762E-01, -7.6993966757754606E-14,  1.0080825063596421E-13, -6.4875672323571032E-01,  3.5600000000002296E-04,2,43,0,43,43,0,0, -9.8848097995597897E+00,  6.0815081764662082E-01,  4.1669371186344173E-01,  4.2299999999999999E-01, -1.0000000000000000E+00, -1.0000000000000000E+00
3,7,2,1,1,2,legacy-reference-retry,2,0,80,  0.0000000000000000E+00,  0.0000000000000000E+00,  0.0000000000000000E+00,  0.0000000000000000E+00,  0.0000000000000000E+00,  0.0000000000000000E+00,  8.7400000000048550E-04,2,81,0,81,81,0,0, -1.0000000000000000E+01, -1.0000000000000000E+01,  4.1659014796486560E-01,  4.1659014796486560E-01, -1.0000000000000000E+00, -1.0000000000000000E+00
3,7,2,1,0,1,legacy-reference-bound,4,4,161, -8.7596554955312356E-01, -4.3427569327306581E-01,  4.4168985627995738E-01, -1.0036416142611415E-13,  5.7259752495042449E-14, -2.2900731254615073E-01,  1.5070000000001471E-03,2,165,0,165,165,0,0, -9.6396981302662716E+00,  5.9562466608745108E+00,  4.1691264187855792E-01,  4.2299999999999999E-01, -1.0000000000000000E+00, -1.0000000000000000E+00
3,7,2,1,0,1,legacy-reference-bound,8,8,193, -1.0156649094919890E+00, -4.3794564740562031E-01,  5.7771926208636870E-01,  5.5511151231257827E-17,  2.6686985954427200E-14, -1.4693830670392152E-01,  1.6739999999999533E-03,2,201,0,201,201,0,0, -8.6178592342082627E+00,  6.1567668795152946E+00,  4.1780314819460629E-01,  4.2299999999999999E-01,  1.3602940580640363E-01,  1.2042592061092048E+01
3,7,2,1,0,1,legacy-reference-bound,16,16,285, -1.1249836298939868E+00, -4.6568453758814482E-01,  6.5929909230564476E-01, -1.9723112032465906E-13,  1.9314411181525770E-13, -9.9826740481881351E-02,  2.4480000000002278E-03,2,322,0,322,322,0,0, -1.9058669241958723E+00,  4.1593970113330609E+00,  4.2240692255555112E-01,  4.2299999999999999E-01,  8.1579830219282584E-02,  1.0921995640059960E+01
3,7,2,1,1,2,legacy-reference-retry,32,28,462, -1.0457792894388231E+00, -3.9279606555458368E-01,  6.5298322388424168E-01,  2.2204460492503131E-15,  7.6189055064901368E-15, -7.1965877701510514E-02,  4.2810000000002013E-03,2,574,0,574,574,0,0, -3.8496083201880245E+00,  1.7749863128132022E+00,  4.2135976160901911E-01,  4.2299999999999999E-01, -1.0000000000000000E+00, -1.0000000000000000E+00
3,7,2,1,1,2,legacy-reference-retry,64,54,681, -1.0374400818993730E+00, -3.8012153683188449E-01,  6.5731854506750409E-01,  1.5598633495983449E-14,  5.3039170277990877E-15, -5.4877431262563517E-02,  9.5719999999999139E-03,2,1836,0,1836,1836,0,0, -2.5232833208177685E+00,  9.3344479312951645E-01,  4.2210927925425301E-01,  4.2299999999999999E-01, -1.0000000000000000E+00, -1.0000000000000000E+00
3,7,2,1,1,2,legacy-reference-retry,128,107,1119, -1.0392900723465675E+00, -3.7913653203260889E-01,  6.6015354031397067E-01,  1.2101430968414206E-14,  2.6732088764802597E-15, -4.3757049598610598E-02,  1.4139000000000124E-02,2,2469,0,2469,2469,0,0, -1.1223368688664639E+00,  6.7936475531888807E-01,  4.2272505311771513E-01,  4.2299999999999999E-01, -1.0000000000000000E+00, -1.0000000000000000E+00
3,7,2,1,1,2,legacy-reference-retry,256,212,1804, -1.0345029811474198E+00, -3.7453180097092514E-01,  6.5997118017649825E-01,  3.6082248300317588E-15,  4.5974508922075330E-15, -3.5895272550944594E-02,  1.9331000000000209E-02,2,2647,0,2647,2647,0,0, -1.1733870664878399E+00,  2.8117873304465285E-01,  4.2270669885712719E-01,  4.2299999999999999E-01, -1.0000000000000000E+00, -1.0000000000000000E+00
3,7,2,1,1,2,legacy-reference-retry,512,425,3158, -1.0386759715845559E+00, -3.7771994430382955E-01,  6.6095602728072578E-01, -6.1062266354383610E-16,  1.9743321560961036E-15, -3.0030670360221660E-02,  3.3537999999999624E-02,2,4294,0,4294,4294,0,0, -1.2783099369833295E-01,  3.9127353217845046E-01,  4.2298832950691001E-01,  4.2299999999999999E-01, -1.0000000000000000E+00, -1.0000000000000000E+00
3,7,2,1,1,2,legacy-reference-retry,1024,848,5548, -1.0375313552219774E+00, -3.7655791648727560E-01,  6.6097343873469327E-01, -8.4932061383824475E-15,  2.3025201537074658E-15, -2.5863282876756977E-02,  5.7904000000000178E-02,2,7127,0,7127,7127,0,0, -6.8474437949641004E-02,  1.4286676169938781E-01,  4.2299529408849790E-01,  4.2299999999999999E-01, -1.0000000000000000E+00, -1.0000000000000000E+00
3,7,2,1,1,2,legacy-reference-retry,2048,1694,10021, -1.0369410475974796E+00, -3.7596055860266631E-01,  6.6098048899480943E-01, -3.8857805861880479E-15,  2.6865716682561436E-15, -2.3214051206450211E-02,  1.0655499999999973E-01,2,12450,0,12450,12450,0,0, -3.6523391646700154E-02,  1.1784716705374193E-01,  4.2299811419254418E-01,  4.2299999999999999E-01, -1.0000000000000000E+00, -1.0000000000000000E+00
3,7,2,1,1,2,legacy-reference-retry,4096,3385,18418, -1.0363975331506641E+00, -3.7542139201742747E-01,  6.6097614113315473E-01, -8.1878948066105295E-14,  2.3688597741364226E-15, -2.1689561569965748E-02,  2.0226599999999983E-01,2,22492,0,22492,22492,0,0, -5.7230668515238718E-02,  8.5406536403575997E-02,  4.2299637504788035E-01,  4.2299999999999999E-01, -1.0000000000000000E+00, -1.0000000000000000E+00
3,7,2,1,0,1,legacy-reference-bound,1,1,23, -6.4875672323571032E-01, -4.3422005545873571E-01,  2.1453666777689762E-01, -7.6993966757754606E-14,  1.0080825063596421E-13, -6.4875672323571032E-01,  3.3199999999977692E-04,3,43,0,43,43,0,0, -9.8848097995597897E+00,  6.0815081764662082E-01,  4.1669371186344173E-01,  4.2299999999999999E-01, -1.0000000000000000E+00, -1.0000000000000000E+00
3,7,2,1,1,2,legacy-reference-retry,2,0,80,  0.0000000000000000E+00,  0.0000000000000000E+00,  0.0000000000000000E+00,  0.0000000000000000E+00,  0.0000000000000000E+00,  0.0000000000000000E+00,  8.5300000000021470E-04,3,81,0,81,81,0,0, -1.0000000000000000E+01, -1.0000000000000000E+01,  4.1659014796486560E-01,  4.1659014796486560E-01, -1.0000000000000000E+00, -1.0000000000000000E+00
3,7,2,1,0,1,legacy-reference-bound,4,4,161, -8.7596554955312356E-01, -4.3427569327306581E-01,  4.4168985627995738E-01, -1.0036416142611415E-13,  5.7259752495042449E-14, -2.2900731254615073E-01,  1.4569999999998196E-03,3,165,0,165,165,0,0, -9.6396981302662716E+00,  5.9562466608745108E+00,  4.1691264187855792E-01,  4.2299999999999999E-01, -1.0000000000000000E+00, -1.0000000000000000E+00
3,7,2,1,0,1,legacy-reference-bound,8,8,193, -1.0156649094919890E+00, -4.3794564740562031E-01,  5.7771926208636870E-01,  5.5511151231257827E-17,  2.6686985954427200E-14, -1.4693830670392152E-01,  1.6490000000000116E-03,3,201,0,201,201,0,0, -8.6178592342082627E+00,  6.1567668795152946E+00,  4.1780314819460629E-01,  4.2299999999999999E-01,  1.3602940580640363E-01,  1.2042592061092048E+01
3,7,2,1,0,1,legacy-reference-bound,16,16,285, -1.1249836298939868E+00, -4.6568453758814482E-01,  6.5929909230564476E-01, -1.9723112032465906E-13,  1.9314411181525770E-13, -9.9826740481881351E-02,  2.4130000000002205E-03,3,322,0,322,322,0,0, -1.9058669241958723E+00,  4.1593970113330609E+00,  4.2240692255555112E-01,  4.2299999999999999E-01,  8.1579830219282584E-02,  1.0921995640059960E+01
3,7,2,1,1,2,legacy-reference-retry,32,28,462, -1.0457792894388231E+00, -3.9279606555458368E-01,  6.5298322388424168E-01,  2.2204460492503131E-15,  7.6189055064901368E-15, -7.1965877701510514E-02,  4.2450000000000543E-03,3,574,0,574,574,0,0, -3.8496083201880245E+00,  1.7749863128132022E+00,  4.2135976160901911E-01,  4.2299999999999999E-01, -1.0000000000000000E+00, -1.0000000000000000E+00
3,7,2,1,1,2,legacy-reference-retry,64,54,681, -1.0374400818993730E+00, -3.8012153683188449E-01,  6.5731854506750409E-01,  1.5598633495983449E-14,  5.3039170277990877E-15, -5.4877431262563517E-02,  9.1480000000001560E-03,3,1836,0,1836,1836,0,0, -2.5232833208177685E+00,  9.3344479312951645E-01,  4.2210927925425301E-01,  4.2299999999999999E-01, -1.0000000000000000E+00, -1.0000000000000000E+00
3,7,2,1,1,2,legacy-reference-retry,128,107,1119, -1.0392900723465675E+00, -3.7913653203260889E-01,  6.6015354031397067E-01,  1.2101430968414206E-14,  2.6732088764802597E-15, -4.3757049598610598E-02,  1.4226000000000294E-02,3,2469,0,2469,2469,0,0, -1.1223368688664639E+00,  6.7936475531888807E-01,  4.2272505311771513E-01,  4.2299999999999999E-01, -1.0000000000000000E+00, -1.0000000000000000E+00
3,7,2,1,1,2,legacy-reference-retry,256,214,1830, -1.0404312880814002E+00, -3.7968805243765225E-01,  6.6074323564373572E-01, -1.2212453270876722E-14,  8.5578245878625836E-15,  0.0000000000000000E+00,  2.0523999999999987E-02,3,3135,5,3135,3140,0,1, -5.4726929700031124E-01,  5.3159640663808694E-01,  4.2290321285211396E-01,  4.2299999999999999E-01, -1.0000000000000000E+00, -1.0000000000000000E+00
3,7,2,1,1,2,legacy-reference-retry,512,426,3124, -1.0378057685742448E+00, -3.7715747857465964E-01,  6.6064828999959246E-01,  7.3274719625260332E-15,  4.4328690024242334E-15,  0.0000000000000000E+00,  3.3713000000000104E-02,3,4360,10,4360,4370,0,1, -6.2725621519450647E-01,  2.8293828344899674E-01,  4.2288197662639693E-01,  4.2299999999999999E-01, -1.0000000000000000E+00, -1.0000000000000000E+00
3,7,2,1,1,2,legacy-reference-retry,1024,852,5543, -1.0389481247442585E+00, -3.7799703764765452E-01,  6.6095108709661332E-01,  9.3813845580825728E-15,  2.0746750671596370E-15,  0.0000000000000000E+00,  5.6673999999999669E-02,3,7039,20,7039,7059,0,1, -1.4234083246591470E-01,  2.6038507540166939E-01,  4.2298635343326452E-01,  4.2299999999999999E-01, -1.0000000000000000E+00, -1.0000000000000000E+00
3,7,2,1,1,2,legacy-reference-retry,2048,1702,10089, -1.0383638102050996E+00, -3.7740451879408088E-01,  6.6095929141099674E-01, -2.1982415887578100E-14,  2.3992851976017970E-15,  0.0000000000000000E+00,  1.0336000000000034E-01,3,11844,40,11844,11884,0,1, -1.1782043665731320E-01,  8.1646154405653634E-02,  4.2298963515901833E-01,  4.2299999999999999E-01, -1.0000000000000000E+00, -1.0000000000000000E+00
3,7,2,1,1,2,legacy-reference-retry,4096,3403,18436, -1.0384186375998663E+00, -3.7743518127506437E-01,  6.6098345632440214E-01, -3.9979131116751887E-13,  3.7289230947826213E-13,  0.0000000000000000E+00,  1.9364600000000021E-01,3,22375,73,22375,22448,0,1, -1.8462150458112180E-02,  9.3558969168309872E-02,  4.2299930112437989E-01,  4.2299999999999999E-01, -1.0000000000000000E+00, -1.0000000000000000E+00
3,7,3,1,0,1,legacy-reference-bound,1,1,1, -1.1875000000000000E+00, -1.1875000000000000E+00,  0.0000000000000000E+00,  0.0000000000000000E+00,  0.0000000000000000E+00, -1.1875000000000000E+00,  2.6999999999777202E-05,1,2,0,2,2,0,0,  2.0000000000000000E-02,  2.0000000000000000E-02,  4.2299999999999999E-01,  4.2299999999999999E-01, -1.0000000000000000E+00, -1.0000000000000000E+00
3,7,3,1,0,1,legacy-reference-bound,2,2,2, -1.1875000000000000E+00, -1.1875000000000000E+00,  0.0000000000000000E+00,  0.0000000000000000E+00,  0.0000000000000000E+00, -5.9375000000000000E-01,  2.8000000000361069E-05,1,4,0,4,4,0,0,  2.0000000000000000E-02,  2.0000000000000000E-02,  4.2299999999999999E-01,  4.2299999999999999E-01,  0.0000000000000000E+00,  0.0000000000000000E+00
3,7,3,1,0,1,legacy-reference-bound,4,4,4, -1.1875000000000000E+00, -1.1875000000000000E+00,  0.0000000000000000E+00,  0.0000000000000000E+00,  0.0000000000000000E+00, -2.9687500000000000E-01,  1.0500000000002174E-04,1,8,0,8,8,0,0,  2.0000000000000000E-02,  2.0000000000000000E-02,  4.2299999999999999E-01,  4.2299999999999999E-01,  0.0000000000000000E+00,  0.0000000000000000E+00
3,7,3,1,0,1,legacy-reference-bound,8,8,8, -1.1875000000000000E+00, -1.1875000000000000E+00,  0.0000000000000000E+00,  0.0000000000000000E+00,  0.0000000000000000E+00, -1.4843750000000000E-01,  1.0000000000021103E-04,1,16,0,16,16,0,0,  2.0000000000000000E-02,  2.0000000000000000E-02,  4.2299999999999999E-01,  4.2299999999999999E-01,  0.0000000000000000E+00,  0.0000000000000000E+00
3,7,3,1,0,1,legacy-reference-bound,16,16,16, -1.1875000000000000E+00, -1.1875000000000000E+00,  0.0000000000000000E+00,  0.0000000000000000E+00,  0.0000000000000000E+00, -7.4218750000000000E-02,  1.9200000000019202E-04,1,32,0,32,32,0,0,  2.0000000000000000E-02,  2.0000000000000000E-02,  4.2299999999999999E-01,  4.2299999999999999E-01,  0.0000000000000000E+00,  0.0000000000000000E+00
3,7,3,1,0,1,legacy-reference-bound,32,32,32, -1.1875000000000000E+00, -1.1875000000000000E+00,  0.0000000000000000E+00,  0.0000000000000000E+00,  0.0000000000000000E+00, -3.7109375000000000E-02,  4.1500000000027626E-04,1,64,0,64,64,0,0,  2.0000000000000000E-02,  2.0000000000000000E-02,  4.2299999999999999E-01,  4.2299999999999999E-01,  0.0000000000000000E+00,  0.0000000000000000E+00
3,7,3,1,0,1,legacy-reference-bound,64,64,64, -1.1875000000000000E+00, -1.1875000000000000E+00,  0.0000000000000000E+00,  0.0000000000000000E+00,  0.0000000000000000E+00, -1.8554687500000000E-02,  7.9099999999998616E-04,1,128,0,128,128,0,0,  2.0000000000000000E-02,  2.0000000000000000E-02,  4.2299999999999999E-01,  4.2299999999999999E-01,  0.0000000000000000E+00,  0.0000000000000000E+00
3,7,3,1,0,1,legacy-reference-bound,128,128,128, -1.1875000000000000E+00, -1.1875000000000000E+00,  0.0000000000000000E+00,  0.0000000000000000E+00,  0.0000000000000000E+00, -9.2773437500000000E-03,  1.7949999999999910E-03,1,256,0,256,256,0,0,  2.0000000000000000E-02,  2.0000000000000000E-02,  4.2299999999999999E-01,  4.2299999999999999E-01,  0.0000000000000000E+00,  0.0000000000000000E+00
3,7,3,1,0,1,legacy-reference-bound,256,256,256, -1.1875000000000000E+00, -1.1875000000000000E+00,  0.0000000000000000E+00,  0.0000000000000000E+00,  0.0000000000000000E+00, -4.6386718750000000E-03,  3.1919999999998616E-03,1,512,0,512,512,0,0,  2.0000000000000000E-02,  2.0000000000000000E-02,  4.2299999999999999E-01,  4.2299999999999999E-01,  0.0000000000000000E+00,  0.0000000000000000E+00
3,7,3,1,0,1,legacy-reference-bound,512,512,512, -1.1875000000000000E+00, -1.1875000000000000E+00,  0.0000000000000000E+00,  0.0000000000000000E+00,  0.0000000000000000E+00, -2.3193359375000000E-03,  6.8539999999996937E-03,1,1024,0,1024,1024,0,0,  2.0000000000000000E-02,  2.0000000000000000E-02,  4.2299999999999999E-01,  4.2299999999999999E-01,  0.0000000000000000E+00,  0.0000000000000000E+00
3,7,3,1,0,1,legacy-reference-bound,1024,1024,1024, -1.1875000000000000E+00, -1.1875000000000000E+00,  0.0000000000000000E+00,  0.0000000000000000E+00,  0.0000000000000000E+00, -1.1596679687500000E-03,  1.3298999999999950E-02,1,2048,0,2048,2048,0,0,  2.0000000000000000E-02,  2.0000000000000000E-02,  4.2299999999999999E-01,  4.2299999999999999E-01,  0.0000000000000000E+00,  0.0000000000000000E+00
3,7,3,1,0,1,legacy-reference-bound,2048,2048,2048, -1.1875000000000000E+00, -1.1875000000000000E+00,  0.0000000000000000E+00,  0.0000000000000000E+00,  0.0000000000000000E+00, -5.7983398437500000E-04,  2.6432000000000233E-02,1,4096,0,4096,4096,0,0,  2.0000000000000000E-02,  2.0000000000000000E-02,  4.2299999999999999E-01,  4.2299999999999999E-01,  0.0000000000000000E+00,  0.0000000000000000E+00
3,7,3,1,0,1,legacy-reference-bound,4096,4096,4096, -1.1875000000000000E+00, -1.1875000000000000E+00,  0.0000000000000000E+00,  0.0000000000000000E+00,  0.0000000000000000E+00, -2.8991699218750000E-04,  5.1928999999999892E-02,1,8192,0,8192,8192,0,0,  2.0000000000000000E-02,  2.0000000000000000E-02,  4.2299999999999999E-01,  4.2299999999999999E-01,  0.0000000000000000E+00,  0.0000000000000000E+00
3,7,3,1,0,1,legacy-reference-bound,1,1,1, -1.2075000000000000E+00, -1.1875000000000000E+00,  2.0000000000003126E-02,  3.1086244689504383E-15,  0.0000000000000000E+00, -1.2075000000000000E+00,  2.0000000000131024E-05,2,2,0,2,2,0,0,  2.0000000000000000E-02,  2.0000000000000000E-02,  4.2299999999999999E-01,  4.2299999999999999E-01, -1.0000000000000000E+00, -1.0000000000000000E+00
3,7,3,1,0,1,legacy-reference-bound,2,2,2, -1.2075000000000000E+00, -1.1875000000000000E+00,  2.0000000000003126E-02,  3.1086244689504383E-15,  0.0000000000000000E+00, -6.1375000000000002E-01,  2.6999999999777202E-05,2,4,0,4,4,0,0,  2.0000000000000000E-02,  2.0000000000000000E-02,  4.2299999999999999E-01,  4.2299999999999999E-01,  0.0000000000000000E+00,  0.0000000000000000E+00
3,7,3,1,0,1,legacy-reference-bound,4,4,4, -1.2075000000000000E+00, -1.1875000000000000E+00,  2.0000000000003126E-02,  3.1086244689504383E-15,  0.0000000000000000E+00, -3.1687500000000002E-01,  4.9999999999883471E-05,2,8,0,8,8,0,0,  2.0000000000000000E-02,  2.0000000000000000E-02,  4.2299999999999999E-01,  4.2299999999999999E-01,  0.0000000000000000E+00,  0.0000000000000000E+00
3,7,3,1,0,1,legacy-reference-bound,8,8,8, -1.2075000000000000E+00, -1.1875000000000000E+00,  2.0000000000003126E-02,  3.1086244689504383E-15,  0.0000000000000000E+00, -1.6843749999999999E-01,  1.1099999999952814E-04,2,16,0,16,16,0,0,  2.0000000000000000E-02,  2.0000000000000000E-02,  4.2299999999999999E-01,  4.2299999999999999E-01,  0.0000000000000000E+00,  0.0000000000000000E+00
3,7,3,1,0,1,legacy-reference-bound,16,16,16, -1.2075000000000000E+00, -1.1875000000000000E+00,  2.0000000000003126E-02,  3.1086244689504383E-15,  0.0000000000000000E+00, -9.4218750000000004E-02,  1.9299999999988771E-04,2,32,0,32,32,0,0,  2.0000000000000000E-02,  2.0000000000000000E-02,  4.2299999999999999E-01,  4.2299999999999999E-01,  0.0000000000000000E+00,  0.0000000000000000E+00
3,7,3,1,0,1,legacy-reference-bound,32,32,32, -1.2075000000000000E+00, -1.1875000000000000E+00,  2.0000000000003126E-02,  3.1086244689504383E-15,  0.0000000000000000E+00, -5.7109375000000004E-02,  3.9999999999995595E-04,2,64,0,64,64,0,0,  2.0000000000000000E-02,  2.0000000000000000E-02,  4.2299999999999999E-01,  4.2299999999999999E-01,  0.0000000000000000E+00,  0.0000000000000000E+00
3,7,3,1,0,1,legacy-reference-bound,64,64,64, -1.2075000000000000E+00, -1.1875000000000000E+00,  2.0000000000003126E-02,  3.1086244689504383E-15,  0.0000000000000000E+00, -3.8554687500000004E-02,  7.7499999999997016E-04,2,128,0,128,128,0,0,  2.0000000000000000E-02,  2.0000000000000000E-02,  4.2299999999999999E-01,  4.2299999999999999E-01,  0.0000000000000000E+00,  0.0000000000000000E+00
3,7,3,1,0,1,legacy-reference-bound,128,128,128, -1.2075000000000000E+00, -1.1875000000000000E+00,  2.0000000000003126E-02,  3.1086244689504383E-15,  0.0000000000000000E+00, -2.9277343750000000E-02,  1.5350000000000641E-03,2,256,0,256,256,0,0,  2.0000000000000000E-02,  2.0000000000000000E-02,  4.2299999999999999E-01,  4.2299999999999999E-01,  0.0000000000000000E+00,  0.0000000000000000E+00
3,7,3,1,0,1,legacy-reference-bound,256,256,256, -1.2075000000000000E+00, -1.1875000000000000E+00,  2.0000000000003126E-02,  3.1086244689504383E-15,  0.0000000000000000E+00, -2.4638671875000000E-02,  3.1270000000001019E-03,2,512,0,512,512,0,0,  2.0000000000000000E-02,  2.0000000000000000E-02,  4.2299999999999999E-01,  4.2299999999999999E-01,  0.0000000000000000E+00,  0.0000000000000000E+00
3,7,3,1,0,1,legacy-reference-bound,512,512,512, -1.2075000000000000E+00, -1.1875000000000000E+00,  2.0000000000003126E-02,  3.1086244689504383E-15,  0.0000000000000000E+00, -2.2319335937500000E-02,  6.6359999999998642E-03,2,1024,0,1024,1024,0,0,  2.0000000000000000E-02,  2.0000000000000000E-02,  4.2299999999999999E-01,  4.2299999999999999E-01,  0.0000000000000000E+00,  0.0000000000000000E+00
3,7,3,1,0,1,legacy-reference-bound,1024,1024,1024, -1.2075000000000000E+00, -1.1875000000000000E+00,  2.0000000000003126E-02,  3.1086244689504383E-15,  0.0000000000000000E+00, -2.1159667968750000E-02,  1.2675000000000214E-02,2,2048,0,2048,2048,0,0,  2.0000000000000000E-02,  2.0000000000000000E-02,  4.2299999999999999E-01,  4.2299999999999999E-01,  0.0000000000000000E+00,  0.0000000000000000E+00
3,7,3,1,0,1,legacy-reference-bound,2048,2048,2048, -1.2075000000000000E+00, -1.1875000000000000E+00,  2.0000000000003126E-02,  3.1086244689504383E-15,  0.0000000000000000E+00, -2.0579833984375000E-02,  2.5940999999999992E-02,2,4096,0,4096,4096,0,0,  2.0000000000000000E-02,  2.0000000000000000E-02,  4.2299999999999999E-01,  4.2299999999999999E-01,  0.0000000000000000E+00,  0.0000000000000000E+00
3,7,3,1,0,1,legacy-reference-bound,4096,4096,4096, -1.2075000000000000E+00, -1.1875000000000000E+00,  2.0000000000003126E-02,  3.1086244689504383E-15,  0.0000000000000000E+00, -2.0289916992187500E-02,  5.1029000000000213E-02,2,8192,0,8192,8192,0,0,  2.0000000000000000E-02,  2.0000000000000000E-02,  4.2299999999999999E-01,  4.2299999999999999E-01,  0.0000000000000000E+00,  0.0000000000000000E+00
3,7,3,1,0,1,legacy-reference-bound,1,1,1, -1.2075000000000000E+00, -1.1875000000000000E+00,  2.0000000000003126E-02,  3.1086244689504383E-15,  0.0000000000000000E+00, -1.2075000000000000E+00,  1.9999999999686935E-05,3,2,0,2,2,0,0,  2.0000000000000000E-02,  2.0000000000000000E-02,  4.2299999999999999E-01,  4.2299999999999999E-01, -1.0000000000000000E+00, -1.0000000000000000E+00
3,7,3,1,0,1,legacy-reference-bound,2,2,2, -1.2075000000000000E+00, -1.1875000000000000E+00,  2.0000000000003126E-02,  3.1086244689504383E-15,  0.0000000000000000E+00, -6.1375000000000002E-01,  2.6999999999777202E-05,3,4,0,4,4,0,0,  2.0000000000000000E-02,  2.0000000000000000E-02,  4.2299999999999999E-01,  4.2299999999999999E-01,  0.0000000000000000E+00,  0.0000000000000000E+00
3,7,3,1,0,1,legacy-reference-bound,4,4,4, -1.2075000000000000E+00, -1.1875000000000000E+00,  2.0000000000003126E-02,  3.1086244689504383E-15,  0.0000000000000000E+00, -3.1687500000000002E-01,  4.8999999999743693E-05,3,8,0,8,8,0,0,  2.0000000000000000E-02,  2.0000000000000000E-02,  4.2299999999999999E-01,  4.2299999999999999E-01,  0.0000000000000000E+00,  0.0000000000000000E+00
3,7,3,1,0,1,legacy-reference-bound,8,8,8, -1.2075000000000000E+00, -1.1875000000000000E+00,  2.0000000000003126E-02,  3.1086244689504383E-15,  0.0000000000000000E+00, -1.6843749999999999E-01,  9.6999999999791697E-05,3,16,0,16,16,0,0,  2.0000000000000000E-02,  2.0000000000000000E-02,  4.2299999999999999E-01,  4.2299999999999999E-01,  0.0000000000000000E+00,  0.0000000000000000E+00
3,7,3,1,0,1,legacy-reference-bound,16,16,16, -1.2075000000000000E+00, -1.1875000000000000E+00,  2.0000000000003126E-02,  3.1086244689504383E-15,  0.0000000000000000E+00, -9.4218750000000004E-02,  1.9400000000002748E-04,3,32,0,32,32,0,0,  2.0000000000000000E-02,  2.0000000000000000E-02,  4.2299999999999999E-01,  4.2299999999999999E-01,  0.0000000000000000E+00,  0.0000000000000000E+00
3,7,3,1,0,1,legacy-reference-bound,32,32,32, -1.2075000000000000E+00, -1.1875000000000000E+00,  2.0000000000003126E-02,  3.1086244689504383E-15,  0.0000000000000000E+00, -5.7109375000000004E-02,  3.9699999999953661E-04,3,64,0,64,64,0,0,  2.0000000000000000E-02,  2.0000000000000000E-02,  4.2299999999999999E-01,  4.2299999999999999E-01,  0.0000000000000000E+00,  0.0000000000000000E+00
3,7,3,1,0,1,legacy-reference-bound,64,64,64, -1.2075000000000000E+00, -1.1875000000000000E+00,  2.0000000000003126E-02,  3.1086244689504383E-15,  0.0000000000000000E+00, -3.8554687500000004E-02,  7.8099999999992065E-04,3,128,0,128,128,0,0,  2.0000000000000000E-02,  2.0000000000000000E-02,  4.2299999999999999E-01,  4.2299999999999999E-01,  0.0000000000000000E+00,  0.0000000000000000E+00
3,7,3,1,0,1,legacy-reference-bound,128,128,128, -1.2075000000000000E+00, -1.1875000000000000E+00,  2.0000000000003126E-02,  3.1086244689504383E-15,  0.0000000000000000E+00, -2.9277343750000000E-02,  1.5549999999997510E-03,3,256,0,256,256,0,0,  2.0000000000000000E-02,  2.0000000000000000E-02,  4.2299999999999999E-01,  4.2299999999999999E-01,  0.0000000000000000E+00,  0.0000000000000000E+00
3,7,3,1,1,2,legacy-reference-retry,256,2,103, -2.5919542239355411E-02, -9.2773437500000000E-03,  1.6642198489378757E-02,  2.3345908539695870E-14,  6.8955258170078082E-17,  0.0000000000000000E+00,  3.5700000000002952E-03,3,534,24,535,559,2,1, -1.0612244884673001E+00, -2.8236755014104486E-03,  4.2274653430220022E-01,  4.2299991913233337E-01, -1.0000000000000000E+00, -1.0000000000000000E+00
3,7,3,1,1,2,legacy-reference-retry,512,4,127, -2.6087740846004143E-02, -9.2773437500000000E-03,  1.6810397096030272E-02,  2.6128404995162668E-14,  1.2765396378844329E-15,  0.0000000000000000E+00,  4.8310000000002518E-03,3,640,30,641,671,2,1, -9.1476135054498398E-01, -5.7843617966186513E-03,  4.2279573813828841E-01,  4.2299983434079408E-01, -1.0000000000000000E+00, -1.0000000000000000E+00
3,7,3,1,1,2,legacy-reference-retry,1024,7,147, -2.2504806388130801E-02, -8.1176757812500000E-03,  1.4387130606891674E-02,  1.0873246747422627E-14,  1.4288700431186463E-15,  0.0000000000000000E+00,  4.6539999999999360E-03,3,737,44,738,782,2,1, -9.4497194306744403E-01, -1.1186075216000884E-02,  4.2278586093445647E-01,  4.2299966287876234E-01, -1.0000000000000000E+00, -1.0000000000000000E+00
3,7,3,1,1,2,legacy-reference-retry,2048,11,160, -1.6787188619026498E-02, -6.3781738281250000E-03,  1.0409014790916160E-02,  1.4661882818955974E-14,  9.4217168788990335E-16,  0.0000000000000000E+00,  4.5609999999998152E-03,3,670,72,671,743,2,1, -1.2551705263569088E+00, -4.5934640583971528E-03,  4.2267654135566868E-01,  4.2299986844709320E-01, -1.0000000000000000E+00, -1.0000000000000000E+00
3,7,3,1,1,2,legacy-reference-retry,4096,18,196, -1.2481243820647019E-02, -5.2185058593750000E-03,  7.2627379612768550E-03,  4.8364090510233382E-15,  1.3608634618494930E-15,  0.0000000000000000E+00,  5.0020000000001730E-03,3,624,134,625,759,2,1, -1.7649822973462983E+00, -8.2713837652572172E-03,  4.2246944553301635E-01,  4.2299976311459853E-01, -1.0000000000000000E+00, -1.0000000000000000E+00
3,2,1,1,0,1,legacy-reference-bound,1,1,5, -6.1577033610379062E-01, -1.3814059840923806E-02,  6.0195627626283610E-01, -3.0711544418693393E-14,  1.3877787807814457E-17, -6.1577033610379062E-01,  7.2000000000294051E-05,1,6,0,6,6,0,0, -1.2299999991937848E+02,  6.2182069883811519E-01,  3.0672347322977411E-01,  4.2299999999999999E-01, -1.0000000000000000E+00, -1.0000000000000000E+00
3,2,1,1,0,1,legacy-reference-bound,2,2,10, -9.6559134526440682E-01, -1.3814059840923806E-02,  9.5177728542345719E-01, -2.5826563110342704E-14,  9.2287288921966137E-16, -4.9025790906954170E-01,  1.1999999999989797E-04,1,12,0,12,12,0,0, -1.2299999999972172E+02,  2.6929802906344180E-01,  3.0672347317453619E-01,  4.2299999999999999E-01,  3.5104297606849716E-01,  5.4628689357404063E+01
3,2,1,1,0,1,legacy-reference-bound,4,4,70, -1.4292182482824916E+00, -1.3814059840923806E-02,  1.4154041884416415E+00,  7.3760442198533838E-14,  5.2357423951931992E-14, -4.0821115934742452E-01,  8.1700000000006767E-04,1,74,0,74,74,0,0, -1.2299999999999962E+02, -1.5918718588627367E-01,  3.0672347317434512E-01,  4.2298394169696196E-01,  4.6420909371348446E-01,  6.2857690580824780E+01
3,2,1,1,0,1,legacy-reference-bound,8,8,120, -1.8423908587268290E+00, -1.3814059840923806E-02,  1.8285767988858908E+00, -1.4391265956703592E-14,  1.5603837666411380E-14, -3.5511776396822670E-01,  1.2480000000003599E-03,1,128,0,128,128,0,0, -1.2300000000000001E+02, -2.8851001708706719E-01,  3.0672347317434490E-01,  4.2296185777961948E-01,  4.1463756924259076E-01,  5.4646391228920436E+01
3,2,1,1,0,1,legacy-reference-bound,16,16,232, -2.0774658891843809E+00, -1.3814059840923810E-02,  2.0636518293433852E+00, -7.1897349185334747E-14,  1.2792718273590964E-14, -3.1841444655005247E-01,  2.6460000000003703E-03,1,248,0,248,248,0,0, -1.2300000000000001E+02, -2.8041417304358146E-01,  3.0672347317434490E-01,  4.2296340477545835E-01,  2.3507590327386585E-01,  3.1947384776722814E+01
3,2,1,1,0,1,legacy-reference-bound,32,32,454, -2.2017247219435543E+00, -1.3814059840923815E-02,  2.1879106621025528E+00, -7.7665304742957630E-14,  1.2314368275090359E-14, -2.8426962503224157E-01,  5.5040000000001754E-03,1,486,0,486,486,0,0, -1.2300000000000001E+02, -2.6820922924627016E-01,  3.0672347317434490E-01,  4.2296569873930878E-01,  1.2425918964458688E-01,  1.6003840411468047E+01
3,2,1,1,0,1,legacy-reference-bound,64,64,856, -2.2670721918562289E+00, -1.3814059840923794E-02,  2.2532581320152261E+00, -7.9018389054219540E-14,  1.1524852253086415E-14, -2.3934760739419964E-01,  9.4479999999999009E-03,1,920,0,920,920,0,0, -1.2300000000000000E+02, -2.6011502647748458E-01,  3.0672347317434490E-01,  4.2296719424579909E-01,  6.5347614263880083E-02,  8.1179624373250476E+00
3,2,1,1,0,1,legacy-reference-bound,128,128,1600, -2.3012741500403817E+00, -1.3814059840923780E-02,  2.2874600901993674E+00, -9.0578586298128982E-14,  1.0074298166518059E-14, -1.8300877201453405E-01,  1.7358999999999902E-02,1,1728,0,1728,1728,0,0, -1.2300000000000000E+02, -2.5534760885285246E-01,  3.0672347317434490E-01,  4.2296806528075981E-01,  3.4202002742280413E-02,  3.8699802427367871E+00
3,2,1,1,0,1,legacy-reference-bound,256,256,2962, -2.3189967454637541E+00, -1.3814059840923773E-02,  2.3051826856227535E+00, -7.6818759686680949E-14,  3.5369385371908368E-15, -1.2670500569860735E-01,  3.2439000000000107E-02,1,3218,0,3218,3218,0,0, -1.2300000000000000E+02, -2.5269824572501787E-01,  3.0672347317434490E-01,  4.2296854615795254E-01,  1.7722614672716908E-02,  2.0447024710858699E+00
3,2,1,1,0,1,legacy-reference-bound,512,512,5394, -2.3280809730958940E+00, -1.3814059840923962E-02,  2.3142669132548761E+00, -9.3949154011951919E-14,  4.5015261049968780E-15, -8.0182754747878476E-02,  6.0639000000000109E-02,1,5906,0,5906,5906,0,0, -1.2300000000000000E+02, -2.5128173216072386E-01,  3.0672347317434490E-01,  4.2296880232762513E-01,  9.0842362623230755E-03,  1.0605629599031801E+00
3,2,1,1,0,1,legacy-reference-bound,1024,1024,9684, -2.3326957515014435E+00, -1.3814059840923701E-02,  2.3188816916604864E+00, -3.3370875507365838E-14,  2.5049813568919777E-15, -4.6969069427893882E-02,  1.1019699999999943E-01,1,10708,0,10708,10708,0,0, -1.2300000000000014E+02, -2.5054395538148622E-01,  3.0672347317434479E-01,  4.2296893549151982E-01,  4.6147823761941154E-03,  5.4093919740566321E-01
3,2,1,1,0,1,legacy-reference-bound,2048,2048,17082, -2.3350248042276127E+00, -1.3814059840924282E-02,  2.3212107443866259E+00, -6.2543720202867803E-14,  1.8696185550247379E-15, -2.5898454019469282E-02,  1.9572900000000004E-01,1,19130,0,19130,19130,0,0, -1.2300000000000000E+02, -2.5016631250501015E-01,  3.0672347317434490E-01,  4.2296900358469613E-01,  2.3290546050191985E-03,  2.7341293448363047E-01
3,2,1,1,0,1,legacy-reference-bound,4096,4096,29795, -2.3361953503998678E+00, -1.3814059840924689E-02,  2.3223812905589512E+00,  8.0300349702966400E-15,  2.1750823527271618E-15, -1.3695567560400945E-02,  3.5059000000000040E-01,1,33891,0,33891,33891,0,0, -1.2300000000000000E+02, -2.4997506347023596E-01,  3.0672347317434490E-01,  4.2296903805119390E-01,  1.1705470815298602E-03,  1.3749446869996973E-01
3,2,1,1,0,1,legacy-reference-bound,1,1,5, -6.3577033610379063E-01, -1.3814059840923806E-02,  6.2195627626283567E-01, -3.1155633628543455E-14,  1.3877787807814457E-17, -6.3577033610379063E-01,  8.7999999999865963E-05,2,6,0,6,6,0,0, -1.2299999991937848E+02,  6.2182069883811519E-01,  3.0672347322977411E-01,  4.2299999999999999E-01, -1.0000000000000000E+00, -1.0000000000000000E+00
3,2,1,1,0,1,legacy-reference-bound,2,2,10, -9.8559134526440684E-01, -1.3814059840923806E-02,  9.7177728542345676E-01, -2.6270652320192767E-14,  9.2287288921966137E-16, -5.1025790906954172E-01,  1.1899999999975819E-04,2,12,0,12,12,0,0, -1.2299999999972172E+02,  2.6929802906344180E-01,  3.0672347317453619E-01,  4.2299999999999999E-01,  3.5104297606849716E-01,  5.4628689357404063E+01
3,2,1,1,0,1,legacy-reference-bound,4,4,70, -1.4492182482824916E+00, -1.3814059840923806E-02,  1.4354041884416411E+00,  7.3316352988683775E-14,  5.2357423951931992E-14, -4.2821115934742454E-01,  7.2200000000055553E-04,2,74,0,74,74,0,0, -1.2299999999999962E+02, -1.5918718588627367E-01,  3.0672347317434512E-01,  4.2298394169696196E-01,  4.6420909371348446E-01,  6.2857690580824780E+01
3,2,1,1,0,1,legacy-reference-bound,8,8,120, -1.8623908587268290E+00, -1.3814059840923806E-02,  1.8485767988858903E+00, -1.4835355166553654E-14,  1.5603837666411380E-14, -3.7511776396822671E-01,  1.2980000000002434E-03,2,128,0,128,128,0,0, -1.2300000000000001E+02, -2.8851001708706719E-01,  3.0672347317434490E-01,  4.2296185777961948E-01,  4.1463756924259076E-01,  5.4646391228920436E+01
3,2,1,1,0,1,legacy-reference-bound,16,16,232, -2.0974658891843809E+00, -1.3814059840923810E-02,  2.0836518293433848E+00, -7.2341438395184809E-14,  1.2792718273590964E-14, -3.3841444655005248E-01,  2.4769999999998404E-03,2,248,0,248,248,0,0, -1.2300000000000001E+02, -2.8041417304358146E-01,  3.0672347317434490E-01,  4.2296340477545835E-01,  2.3507590327386585E-01,  3.1947384776722814E+01
3,2,1,1,0,1,legacy-reference-bound,32,32,454, -2.2217247219435543E+00, -1.3814059840923815E-02,  2.2079106621025524E+00, -7.8109393952807693E-14,  1.2314368275090359E-14, -3.0426962503224159E-01,  4.8059999999994218E-03,2,486,0,486,486,0,0, -1.2300000000000001E+02, -2.6820922924627016E-01,  3.0672347317434490E-01,  4.2296569873930878E-01,  1.2425918964458688E-01,  1.6003840411468047E+01
3,2,1,1,0,1,legacy-reference-bound,64,64,856, -2.2870721918562285E+00, -1.3814059840923794E-02,  2.2732581320152256E+00, -7.9018389054219540E-14,  1.1524852253086415E-14, -2.5934760739419965E-01,  9.3839999999998369E-03,2,920,0,920,920,0,0, -1.2300000000000000E+02, -2.6011502647748458E-01,  3.0672347317434490E-01,  4.2296719424579909E-01,  6.5347614263880083E-02,  8.1179624373250476E+00
3,2,1,1,0,1,legacy-reference-bound,128,128,1600, -2.3212741500403813E+00, -1.3814059840923780E-02,  2.3074600901993669E+00, -9.0578586298128982E-14,  1.0074298166518059E-14, -2.0300877201453404E-01,  1.7724000000000295E-02,2,1728,0,1728,1728,0,0, -1.2300000000000000E+02, -2.5534760885285246E-01,  3.0672347317434490E-01,  4.2296806528075981E-01,  3.4202002742280413E-02,  3.8699802427367871E+00
3,2,1,1,0,1,legacy-reference-bound,256,256,2962, -2.3389967454637541E+00, -1.3814059840923773E-02,  2.3251826856227531E+00, -7.7262848896531011E-14,  3.5369385371908368E-15, -1.4670500569860734E-01,  3.2756999999999259E-02,2,3218,0,3218,3218,0,0, -1.2300000000000000E+02, -2.5269824572501787E-01,  3.0672347317434490E-01,  4.2296854615795254E-01,  1.7722614672716908E-02,  2.0447024710858699E+00
3,2,1,1,0,1,legacy-reference-bound,512,512,5394, -2.3480809730958945E+00, -1.3814059840923962E-02,  2.3342669132548757E+00, -9.4837332431652044E-14,  4.5015261049968780E-15, -1.0018275474787848E-01,  5.8408999999999267E-02,2,5906,0,5906,5906,0,0, -1.2300000000000000E+02, -2.5128173216072386E-01,  3.0672347317434490E-01,  4.2296880232762513E-01,  9.0842362623230755E-03,  1.0605629599031801E+00
3,2,1,1,0,1,legacy-reference-bound,1024,1024,9684, -2.3526957515014439E+00, -1.3814059840923701E-02,  2.3388816916604860E+00, -3.4259053927065963E-14,  2.5049813568919777E-15, -6.6969069427893879E-02,  1.0710800000000020E-01,2,10708,0,10708,10708,0,0, -1.2300000000000014E+02, -2.5054395538148622E-01,  3.0672347317434479E-01,  4.2296893549151982E-01,  4.6147823761941154E-03,  5.4093919740566321E-01
3,2,1,1,0,1,legacy-reference-bound,2048,2048,17082, -2.3550248042276141E+00, -1.3814059840924282E-02,  2.3412107443866255E+00, -6.4320077042268053E-14,  1.8696185550247379E-15, -4.5898454019469279E-02,  1.9221299999999975E-01,2,19130,0,19130,19130,0,0, -1.2300000000000000E+02, -2.5016631250501015E-01,  3.0672347317434490E-01,  4.2296900358469613E-01,  2.3290546050191985E-03,  2.7341293448363047E-01
3,2,1,1,0,1,legacy-reference-bound,4096,4096,29795, -2.3561953503998674E+00, -1.3814059840924689E-02,  2.3423812905589507E+00,  8.0300349702966400E-15,  2.1750823527271618E-15, -3.3695567560400944E-02,  3.4439200000000003E-01,2,33891,0,33891,33891,0,0, -1.2300000000000000E+02, -2.4997506347023596E-01,  3.0672347317434490E-01,  4.2296903805119390E-01,  1.1705470815298602E-03,  1.3749446869996973E-01
3,2,1,1,0,1,legacy-reference-bound,1,1,5, -6.3577033610379063E-01, -1.3814059840923806E-02,  6.2195627626283567E-01, -3.1155633628543455E-14,  1.3877787807814457E-17, -6.3577033610379063E-01,  1.1699999999947863E-04,3,6,0,6,6,0,0, -1.2299999991937848E+02,  6.2182069883811519E-01,  3.0672347322977411E-01,  4.2299999999999999E-01, -1.0000000000000000E+00, -1.0000000000000000E+00
3,2,1,1,0,1,legacy-reference-bound,2,2,10, -9.8559134526440684E-01, -1.3814059840923806E-02,  9.7177728542345676E-01, -2.6270652320192767E-14,  9.2287288921966137E-16, -5.1025790906954172E-01,  1.2200000000017752E-04,3,12,0,12,12,0,0, -1.2299999999972172E+02,  2.6929802906344180E-01,  3.0672347317453619E-01,  4.2299999999999999E-01,  3.5104297606849716E-01,  5.4628689357404063E+01
3,2,1,1,0,1,legacy-reference-bound,4,4,70, -1.4492182482824916E+00, -1.3814059840923806E-02,  1.4354041884416411E+00,  7.3316352988683775E-14,  5.2357423951931992E-14, -4.2821115934742454E-01,  7.8500000000047976E-04,3,74,0,74,74,0,0, -1.2299999999999962E+02, -1.5918718588627367E-01,  3.0672347317434512E-01,  4.2298394169696196E-01,  4.6420909371348446E-01,  6.2857690580824780E+01
3,2,1,1,0,1,legacy-reference-bound,8,8,120, -1.8623908587268290E+00, -1.3814059840923806E-02,  1.8485767988858903E+00, -1.4835355166553654E-14,  1.5603837666411380E-14, -3.7511776396822671E-01,  1.6140000000000043E-03,3,128,0,128,128,0,0, -1.2300000000000001E+02, -2.8851001708706719E-01,  3.0672347317434490E-01,  4.2296185777961948E-01,  4.1463756924259076E-01,  5.4646391228920436E+01
3,2,1,1,0,1,legacy-reference-bound,16,16,232, -2.0974658891843809E+00, -1.3814059840923810E-02,  2.0836518293433848E+00, -7.2341438395184809E-14,  1.2792718273590964E-14, -3.3841444655005248E-01,  2.4300000000003763E-03,3,248,0,248,248,0,0, -1.2300000000000001E+02, -2.8041417304358146E-01,  3.0672347317434490E-01,  4.2296340477545835E-01,  2.3507590327386585E-01,  3.1947384776722814E+01
3,2,1,1,0,1,legacy-reference-bound,32,32,454, -2.2217247219435543E+00, -1.3814059840923815E-02,  2.2079106621025524E+00, -7.8109393952807693E-14,  1.2314368275090359E-14, -3.0426962503224159E-01,  5.1939999999994768E-03,3,486,0,486,486,0,0, -1.2300000000000001E+02, -2.6820922924627016E-01,  3.0672347317434490E-01,  4.2296569873930878E-01,  1.2425918964458688E-01,  1.6003840411468047E+01
3,2,1,1,0,1,legacy-reference-bound,64,64,856, -2.2870721918562285E+00, -1.3814059840923794E-02,  2.2732581320152256E+00, -7.9018389054219540E-14,  1.1524852253086415E-14, -2.5934760739419965E-01,  9.1000000000001080E-03,3,920,0,920,920,0,0, -1.2300000000000000E+02, -2.6011502647748458E-01,  3.0672347317434490E-01,  4.2296719424579909E-01,  6.5347614263880083E-02,  8.1179624373250476E+00
3,2,1,1,0,1,legacy-reference-bound,128,128,1600, -2.3212741500403813E+00, -1.3814059840923780E-02,  2.3074600901993669E+00, -9.0578586298128982E-14,  1.0074298166518059E-14, -2.0300877201453404E-01,  1.8639000000000294E-02,3,1728,0,1728,1728,0,0, -1.2300000000000000E+02, -2.5534760885285246E-01,  3.0672347317434490E-01,  4.2296806528075981E-01,  3.4202002742280413E-02,  3.8699802427367871E+00
3,2,1,1,0,1,legacy-reference-bound,256,256,2954, -2.3338084271880835E+00, -1.3814059840923773E-02,  2.3199943673470536E+00, -1.0612864753678508E-13,  3.5589478412922926E-15,  0.0000000000000000E+00,  3.3131000000000022E-02,3,3206,4,3206,3210,0,1, -1.2300000000000000E+02, -2.5487129512282936E-01,  3.0672347317434490E-01,  4.2296815190286796E-01,  1.2534704261573937E-02,  1.5085775157208730E+00
3,2,1,1,0,1,legacy-reference-bound,512,512,5378, -2.3428951709252113E+00, -1.3814059840923962E-02,  2.3290811110841894E+00, -9.7945956900602482E-14,  4.4911177641410172E-15,  0.0000000000000000E+00,  5.8428000000000146E-02,3,5882,8,5882,5890,0,1, -1.2300000000000000E+02, -2.5344345459102979E-01,  3.0672347317434490E-01,  4.2296841112805139E-01,  9.0867522197241035E-03,  1.0565802625213365E+00
3,2,1,1,0,1,legacy-reference-bound,1024,1024,9649, -2.3475112983139721E+00, -1.3814059840923701E-02,  2.3336972384730181E+00, -3.0262251038415400E-14,  2.3707571279382722E-15,  0.0000000000000000E+00,  1.0922799999999988E-01,3,10657,16,10657,10673,0,1, -1.2300000000000000E+02, -2.5269980992602892E-01,  3.0672347317434490E-01,  4.2296854587471278E-01,  4.6161313017434313E-03,  5.3926420848546286E-01
3,2,1,1,0,1,legacy-reference-bound,2048,2048,17039, -2.3498410525706599E+00, -1.3814059840924282E-02,  2.3360269927296677E+00, -6.7872790721068554E-14,  1.9751114264075775E-15,  0.0000000000000000E+00,  1.9419300000000028E-01,3,19055,32,19055,19087,0,1, -1.2300000000000000E+02, -2.5231917285575406E-01,  3.0672347317434490E-01,  4.2296861477558378E-01,  2.3297561117738286E-03,  2.7265656698628504E-01
3,2,1,1,0,1,legacy-reference-bound,4096,4096,29708, -2.3510119570487098E+00, -1.3814059840924689E-02,  2.3371978972078189E+00,  3.3787209141600272E-14,  2.1397712432220245E-15,  0.0000000000000000E+00,  3.4712699999999952E-01,3,33740,64,33740,33804,0,1, -1.2300000000000009E+02, -2.5212641004988928E-01,  3.0672347317434490E-01,  4.2296864965045644E-01,  1.1709053769165534E-03,  1.3713683656601461E-01
3,2,2,1,0,1,legacy-reference-bound,1,1,5, -6.2868250165676909E-01, -4.3135658157335610E-01,  1.9732592008342920E-01,  1.6209256159527285E-14,  4.4408920985006262E-16, -6.2868250165676909E-01,  6.7000000000483340E-05,1,6,0,6,6,0,0, -9.7468925147468894E+00,  6.0822894562445362E-01,  4.1681714101236722E-01,  4.2299999999999999E-01, -1.0000000000000000E+00, -1.0000000000000000E+00
3,2,2,1,0,1,legacy-reference-bound,2,2,11, -7.2595223239495232E-01, -4.3135658157335610E-01,  2.9459565082162698E-01,  3.0753177782116836E-14,  7.7715611723760958E-16, -3.5669829030274819E-01,  1.2400000000045708E-04,1,13,0,13,13,0,0, -9.6569205673538345E+00,  1.4661378364134681E+00,  4.1689732391120649E-01,  4.2299999999999999E-01,  9.7269730738184235E-02,  4.5592513221830204E+00
3,2,2,1,0,1,legacy-reference-bound,4,4,22, -8.5594029300108965E-01, -4.3135658157335610E-01,  4.2458371142776485E-01,  3.1308289294429414E-14,  1.5265566588595902E-15, -2.0900730944119597E-01,  2.3300000000059384E-04,1,26,0,26,26,0,0, -9.3827680482147553E+00,  5.9587779507717835E+00,  4.1713997625140553E-01,  4.2299999999999999E-01,  1.2998806060613474E-01,  9.5474300948648345E+00
3,2,2,1,0,1,legacy-reference-bound,8,8,48, -9.9548746903988006E-01, -4.3135658157335616E-01,  5.6413088746655404E-01,  3.0142555118573000E-14,  2.1926904736346842E-15, -1.2693830670288497E-01,  4.8300000000001120E-04,1,56,0,56,56,0,0, -7.8351570181110990E+00,  6.2263248691423492E+00,  4.1845922958843429E-01,  4.2299999999999999E-01,  1.3954717603879549E-01,  1.2105005411990531E+01
3,2,2,1,0,1,legacy-reference-bound,16,16,109, -1.0723417850867949E+00, -4.3135658157335599E-01,  6.4098520351344490E-01,  5.9952043329758453E-15,  1.2975731600306517E-15, -7.9826740481881264E-02,  1.0289999999999466E-03,1,125,0,125,125,0,0,  6.1465848783012156E-01,  4.4466554580518910E+01,  4.2299999999999999E-01,  4.2299999999999999E-01,  7.6854316046911925E-02,  5.2301711598630007E+01
3,2,2,1,0,1,legacy-reference-bound,32,32,197, -1.0723417850868031E+00, -4.3135658157335588E-01,  6.4098520351344490E-01, -2.3314683517128287E-15,  4.2084391527197340E-15, -5.1965877701510503E-02,  1.8760000000002108E-03,1,229,0,229,229,0,0,  8.1594044044909886E-01,  6.2899294795478809E+01,  4.2299999999999999E-01,  4.2299999999999999E-01,  0.0000000000000000E+00,  1.8432740214959900E+01
3,2,2,1,0,1,legacy-reference-bound,64,64,382, -1.0723417850867987E+00, -4.3135658157335655E-01,  6.4098520351344490E-01,  2.7755575615628914E-15,  1.8925833122906965E-15, -3.4877431262563513E-02,  3.6640000000005557E-03,1,446,0,446,446,0,0,  8.1594044044909886E-01,  6.2899294795478809E+01,  4.2299999999999999E-01,  4.2299999999999999E-01,  0.0000000000000000E+00,  0.0000000000000000E+00
3,2,2,1,0,1,legacy-reference-bound,128,128,704, -1.0723417850867962E+00, -4.3135658157335555E-01,  6.4098520351344490E-01,  4.2188474935755949E-15,  2.7209137720696219E-15, -2.3757049598610601E-02,  7.8170000000001849E-03,1,953,0,953,953,0,0,  8.1594044044909886E-01,  6.2899294795478809E+01,  4.2299999999999999E-01,  4.2299999999999999E-01,  0.0000000000000000E+00,  1.7763568394002505E-15
3,2,2,1,0,1,legacy-reference-bound,256,256,1382, -1.0723417850868056E+00, -4.3135658157335477E-01,  6.4098520351344490E-01, -5.8841820305133297E-15,  4.8750066483638221E-15, -1.5895272550944594E-02,  1.6423999999999772E-02,1,1772,0,1772,1772,0,0,  8.1594044044909886E-01,  6.2899294795478809E+01,  4.2299999999999999E-01,  4.2299999999999999E-01,  0.0000000000000000E+00,  1.7763568394002505E-15
3,2,2,1,0,1,legacy-reference-bound,512,512,2681, -1.0723417850868144E+00, -4.3135658157336038E-01,  6.4098520351344490E-01, -9.1593399531575415E-15,  2.1677538236675176E-15, -1.0030670360221662E-02,  2.8139000000000358E-02,1,3302,0,3302,3302,0,0,  8.1594044044909886E-01,  6.2899294795478809E+01,  4.2299999999999999E-01,  4.2299999999999999E-01,  0.0000000000000000E+00,  1.7763568394002505E-15
3,2,2,1,0,1,legacy-reference-bound,1024,1024,4914, -1.0723417850868213E+00, -4.3135658157336426E-01,  6.4098520351344490E-01, -1.2156942119645464E-14,  2.6945676592782242E-15, -5.8632828767569770E-03,  5.1855000000000651E-02,1,6093,0,6093,6093,0,0,  8.1594044044909886E-01,  6.2899294795478809E+01,  4.2299999999999999E-01,  4.2299999999999999E-01,  0.0000000000000000E+00,  1.7763568394002505E-15
3,2,2,1,0,1,legacy-reference-bound,2048,2048,9157, -1.0723417850868120E+00, -4.3135658157336620E-01,  6.4098520351344490E-01, -8.8817841970012523E-16,  2.6152582703609095E-15, -3.2140512064502101E-03,  9.7552999999999557E-02,1,11326,0,11326,11326,0,0,  8.1594044044909886E-01,  6.2899294795478809E+01,  4.2299999999999999E-01,  4.2299999999999999E-01,  0.0000000000000000E+00,  1.7763568394002505E-15
3,2,2,1,0,1,legacy-reference-bound,4096,4096,17523, -1.0723417850869259E+00, -4.3135658157331941E-01,  6.4098520351344490E-01, -1.6159296123419153E-13,  2.6032507313006326E-15, -1.6895615699657467E-03,  1.9049799999999983E-01,1,21682,0,21682,21682,0,0,  8.1594044044909886E-01,  6.2899294795478809E+01,  4.2299999999999999E-01,  4.2299999999999999E-01,  0.0000000000000000E+00,  1.7763568394002505E-15
3,2,2,1,0,1,legacy-reference-bound,1,1,5, -6.4868250165676911E-01, -4.3135658157335610E-01,  2.1732592008343232E-01,  1.9317880628477724E-14,  4.4408920985006262E-16, -6.4868250165676911E-01,  6.8999999999874717E-05,2,6,0,6,6,0,0, -9.7468925147468894E+00,  6.0822894562445362E-01,  4.1681714101236722E-01,  4.2299999999999999E-01, -1.0000000000000000E+00, -1.0000000000000000E+00
3,2,2,1,0,1,legacy-reference-bound,2,2,11, -7.4595223239495234E-01, -4.3135658157335610E-01,  3.1459565082163010E-01,  3.3861802251067274E-14,  7.7715611723760958E-16, -3.7669829030274821E-01,  1.2500000000059686E-04,2,13,0,13,13,0,0, -9.6569205673538345E+00,  1.4661378364134681E+00,  4.1689732391120649E-01,  4.2299999999999999E-01,  9.7269730738184235E-02,  4.5592513221830204E+00
3,2,2,1,0,1,legacy-reference-bound,4,4,22, -8.7594029300108966E-01, -4.3135658157335610E-01,  4.4458371142776798E-01,  3.4416913763379853E-14,  1.5265566588595902E-15, -2.2900730944119596E-01,  2.4800000000002598E-04,2,26,0,26,26,0,0, -9.3827680482147553E+00,  5.9587779507717835E+00,  4.1713997625140553E-01,  4.2299999999999999E-01,  1.2998806060613474E-01,  9.5474300948648345E+00
3,2,2,1,0,1,legacy-reference-bound,8,8,48, -1.0154874690398799E+00, -4.3135658157335616E-01,  5.8413088746655717E-01,  3.3473224192448470E-14,  2.1926904736346842E-15, -1.4693830670288496E-01,  5.4100000000012471E-04,2,56,0,56,56,0,0, -7.8351570181110990E+00,  6.2263248691423492E+00,  4.1845922958843429E-01,  4.2299999999999999E-01,  1.3954717603879549E-01,  1.2105005411990531E+01
3,2,2,1,0,1,legacy-reference-bound,16,16,109, -1.0923417850867949E+00, -4.3135658157335599E-01,  6.6098520351344803E-01,  9.1038288019262836E-15,  1.2975731600306517E-15, -9.9826740481881268E-02,  1.1479999999997048E-03,2,125,0,125,125,0,0,  6.1465848783012156E-01,  4.4466554580518910E+01,  4.2299999999999999E-01,  4.2299999999999999E-01,  7.6854316046911925E-02,  5.2301711598630007E+01
3,2,2,1,0,1,legacy-reference-bound,32,32,197, -1.0923417850868031E+00, -4.3135658157335588E-01,  6.6098520351344803E-01,  7.7715611723760958E-16,  4.2084391527197340E-15, -7.1965877701510500E-02,  1.8620000000000303E-03,2,229,0,229,229,0,0,  8.1594044044909886E-01,  6.2899294795478809E+01,  4.2299999999999999E-01,  4.2299999999999999E-01,  0.0000000000000000E+00,  1.8432740214959900E+01
3,2,2,1,0,1,legacy-reference-bound,64,64,382, -1.0923417850867987E+00, -4.3135658157335655E-01,  6.6098520351344803E-01,  5.8841820305133297E-15,  1.8925833122906965E-15, -5.4877431262563517E-02,  3.6730000000000373E-03,2,446,0,446,446,0,0,  8.1594044044909886E-01,  6.2899294795478809E+01,  4.2299999999999999E-01,  4.2299999999999999E-01,  0.0000000000000000E+00,  0.0000000000000000E+00
3,2,2,1,0,1,legacy-reference-bound,128,128,704, -1.0923417850867965E+00, -4.3135658157335555E-01,  6.6098520351344803E-01,  7.1054273576010019E-15,  2.7209137720696219E-15, -4.3757049598610598E-02,  7.6679999999997861E-03,2,953,0,953,953,0,0,  8.1594044044909886E-01,  6.2899294795478809E+01,  4.2299999999999999E-01,  4.2299999999999999E-01,  0.0000000000000000E+00,  1.7763568394002505E-15
3,2,2,1,0,1,legacy-reference-bound,256,256,1382, -1.0923417850868054E+00, -4.3135658157335477E-01,  6.6098520351344803E-01, -2.5535129566378600E-15,  4.8750066483638221E-15, -3.5895272550944594E-02,  1.4857999999999372E-02,2,1772,0,1772,1772,0,0,  8.1594044044909886E-01,  6.2899294795478809E+01,  4.2299999999999999E-01,  4.2299999999999999E-01,  0.0000000000000000E+00,  1.7763568394002505E-15
3,2,2,1,0,1,legacy-reference-bound,512,512,2681, -1.0923417850868142E+00, -4.3135658157336038E-01,  6.6098520351344803E-01, -5.8286708792820718E-15,  2.1677538236675176E-15, -3.0030670360221660E-02,  2.7778000000000524E-02,2,3302,0,3302,3302,0,0,  8.1594044044909886E-01,  6.2899294795478809E+01,  4.2299999999999999E-01,  4.2299999999999999E-01,  0.0000000000000000E+00,  1.7763568394002505E-15
3,2,2,1,0,1,legacy-reference-bound,1024,1024,4914, -1.0923417850868182E+00, -4.3135658157336426E-01,  6.6098520351344803E-01, -5.9396931817445875E-15,  2.6945676592782242E-15, -2.5863282876756977E-02,  5.2685000000000315E-02,2,6093,0,6093,6093,0,0,  8.1594044044909886E-01,  6.2899294795478809E+01,  4.2299999999999999E-01,  4.2299999999999999E-01,  0.0000000000000000E+00,  1.7763568394002505E-15
3,2,2,1,0,1,legacy-reference-bound,2048,2048,9157, -1.0923417850868120E+00, -4.3135658157336620E-01,  6.6098520351344803E-01,  2.2204460492503131E-15,  2.6152582703609095E-15, -2.3214051206450211E-02,  1.0014999999999930E-01,2,11326,0,11326,11326,0,0,  8.1594044044909886E-01,  6.2899294795478809E+01,  4.2299999999999999E-01,  4.2299999999999999E-01,  0.0000000000000000E+00,  1.7763568394002505E-15
3,2,2,1,0,1,legacy-reference-bound,4096,4096,17523, -1.0923417850869397E+00, -4.3135658157331941E-01,  6.6098520351344803E-01, -1.7225110227059304E-13,  2.6032507313006326E-15, -2.1689561569965748E-02,  2.3070900000000005E-01,2,21682,0,21682,21682,0,0,  8.1594044044909886E-01,  6.2899294795478809E+01,  4.2299999999999999E-01,  4.2299999999999999E-01,  0.0000000000000000E+00,  1.7763568394002505E-15
3,2,2,1,0,1,legacy-reference-bound,1,1,5, -6.4868250165676911E-01, -4.3135658157335610E-01,  2.1732592008343232E-01,  1.9317880628477724E-14,  4.4408920985006262E-16, -6.4868250165676911E-01,  6.8999999999874717E-05,3,6,0,6,6,0,0, -9.7468925147468894E+00,  6.0822894562445362E-01,  4.1681714101236722E-01,  4.2299999999999999E-01, -1.0000000000000000E+00, -1.0000000000000000E+00
3,2,2,1,0,1,legacy-reference-bound,2,2,11, -7.4595223239495234E-01, -4.3135658157335610E-01,  3.1459565082163010E-01,  3.3861802251067274E-14,  7.7715611723760958E-16, -3.7669829030274821E-01,  1.2400000000045708E-04,3,13,0,13,13,0,0, -9.6569205673538345E+00,  1.4661378364134681E+00,  4.1689732391120649E-01,  4.2299999999999999E-01,  9.7269730738184235E-02,  4.5592513221830204E+00
3,2,2,1,0,1,legacy-reference-bound,4,4,22, -8.7594029300108966E-01, -4.3135658157335610E-01,  4.4458371142776798E-01,  3.4416913763379853E-14,  1.5265566588595902E-15, -2.2900730944119596E-01,  2.3600000000012500E-04,3,26,0,26,26,0,0, -9.3827680482147553E+00,  5.9587779507717835E+00,  4.1713997625140553E-01,  4.2299999999999999E-01,  1.2998806060613474E-01,  9.5474300948648345E+00
3,2,2,1,0,1,legacy-reference-bound,8,8,48, -1.0154874690398799E+00, -4.3135658157335616E-01,  5.8413088746655717E-01,  3.3473224192448470E-14,  2.1926904736346842E-15, -1.4693830670288496E-01,  5.6000000000011596E-04,3,56,0,56,56,0,0, -7.8351570181110990E+00,  6.2263248691423492E+00,  4.1845922958843429E-01,  4.2299999999999999E-01,  1.3954717603879549E-01,  1.2105005411990531E+01
3,2,2,1,0,1,legacy-reference-bound,16,16,109, -1.0923417850867949E+00, -4.3135658157335599E-01,  6.6098520351344803E-01,  9.1038288019262836E-15,  1.2975731600306517E-15, -9.9826740481881268E-02,  1.0620000000001184E-03,3,125,0,125,125,0,0,  6.1465848783012156E-01,  4.4466554580518910E+01,  4.2299999999999999E-01,  4.2299999999999999E-01,  7.6854316046911925E-02,  5.2301711598630007E+01
3,2,2,1,0,1,legacy-reference-bound,32,32,197, -1.0923417850868031E+00, -4.3135658157335588E-01,  6.6098520351344803E-01,  7.7715611723760958E-16,  4.2084391527197340E-15, -7.1965877701510500E-02,  1.8779999999996022E-03,3,229,0,229,229,0,0,  8.1594044044909886E-01,  6.2899294795478809E+01,  4.2299999999999999E-01,  4.2299999999999999E-01,  0.0000000000000000E+00,  1.8432740214959900E+01
3,2,2,1,0,1,legacy-reference-bound,64,64,382, -1.0923417850867987E+00, -4.3135658157335655E-01,  6.6098520351344803E-01,  5.8841820305133297E-15,  1.8925833122906965E-15, -5.4877431262563517E-02,  3.6810000000002674E-03,3,446,0,446,446,0,0,  8.1594044044909886E-01,  6.2899294795478809E+01,  4.2299999999999999E-01,  4.2299999999999999E-01,  0.0000000000000000E+00,  0.0000000000000000E+00
3,2,2,1,0,1,legacy-reference-bound,128,128,704, -1.0923417850867965E+00, -4.3135658157335555E-01,  6.6098520351344803E-01,  7.1054273576010019E-15,  2.7209137720696219E-15, -4.3757049598610598E-02,  8.7739999999998375E-03,3,953,0,953,953,0,0,  8.1594044044909886E-01,  6.2899294795478809E+01,  4.2299999999999999E-01,  4.2299999999999999E-01,  0.0000000000000000E+00,  1.7763568394002505E-15
3,2,2,1,0,1,legacy-reference-bound,256,256,1387, -1.0923417850868111E+00, -4.3135658157335477E-01,  6.6098520351344803E-01, -8.3266726846886741E-15,  9.1268138879829763E-15,  0.0000000000000000E+00,  1.3970999999999734E-02,3,1698,5,1698,1703,0,1,  8.1594044044909886E-01,  6.2899294795478809E+01,  4.2299999999999999E-01,  4.2299999999999999E-01,  0.0000000000000000E+00,  0.0000000000000000E+00
3,2,2,1,0,1,legacy-reference-bound,512,512,2668, -1.0923417850868105E+00, -4.3135658157336038E-01,  6.6098520351344803E-01, -2.0539125955565396E-15,  4.4328690024242334E-15,  0.0000000000000000E+00,  2.7156000000000624E-02,3,3300,10,3300,3310,0,1,  8.1594044044909886E-01,  6.2899294795478809E+01,  4.2299999999999999E-01,  4.2299999999999999E-01,  0.0000000000000000E+00,  1.7763568394002505E-15
3,2,2,1,0,1,legacy-reference-bound,1024,1024,4932, -1.0923417850867987E+00, -4.3135658157336426E-01,  6.6098520351344803E-01,  1.3600232051658168E-14,  2.4857503208575160E-15,  0.0000000000000000E+00,  4.9637999999999849E-02,3,5958,20,5958,5978,0,1,  8.1594044044909886E-01,  6.2899294795478809E+01,  4.2299999999999999E-01,  4.2299999999999999E-01,  0.0000000000000000E+00,  1.7763568394002505E-15
3,2,2,1,0,1,legacy-reference-bound,2048,2048,9209, -1.0923417850868045E+00, -4.3135658157336620E-01,  6.6098520351344803E-01,  9.7699626167013776E-15,  2.3864916119664681E-15,  0.0000000000000000E+00,  9.6468999999999916E-02,3,11237,40,11237,11277,0,1,  8.1594044044909886E-01,  6.2899294795478809E+01,  4.2299999999999999E-01,  4.2299999999999999E-01,  0.0000000000000000E+00,  1.7763568394002505E-15
3,2,2,1,0,1,legacy-reference-bound,4096,4096,17525, -1.0923417850869408E+00, -4.3135658157331941E-01,  6.6098520351344803E-01, -1.7336132529521819E-13,  2.2141305715955850E-15,  0.0000000000000000E+00,  1.8096699999999988E-01,3,21590,73,21590,21663,0,1,  8.1594044044909886E-01,  6.2899294795478809E+01,  4.2299999999999999E-01,  4.2299999999999999E-01,  0.0000000000000000E+00,  1.7763568394002505E-15
3,2,3,1,0,1,legacy-reference-bound,1,1,1, -1.1875000000000000E+00, -1.1875000000000000E+00,  0.0000000000000000E+00,  0.0000000000000000E+00,  0.0000000000000000E+00, -1.1875000000000000E+00,  2.2000000000410580E-05,1,2,0,2,2,0,0,  2.0000000000000000E-02,  2.0000000000000000E-02,  4.2299999999999999E-01,  4.2299999999999999E-01, -1.0000000000000000E+00, -1.0000000000000000E+00
3,2,3,1,0,1,legacy-reference-bound,2,2,2, -1.1875000000000000E+00, -1.1875000000000000E+00,  0.0000000000000000E+00,  0.0000000000000000E+00,  0.0000000000000000E+00, -5.9375000000000000E-01,  2.7000000000221291E-05,1,4,0,4,4,0,0,  2.0000000000000000E-02,  2.0000000000000000E-02,  4.2299999999999999E-01,  4.2299999999999999E-01,  0.0000000000000000E+00,  0.0000000000000000E+00
3,2,3,1,0,1,legacy-reference-bound,4,4,4, -1.1875000000000000E+00, -1.1875000000000000E+00,  0.0000000000000000E+00,  0.0000000000000000E+00,  0.0000000000000000E+00, -2.9687500000000000E-01,  4.9999999999883471E-05,1,8,0,8,8,0,0,  2.0000000000000000E-02,  2.0000000000000000E-02,  4.2299999999999999E-01,  4.2299999999999999E-01,  0.0000000000000000E+00,  0.0000000000000000E+00
3,2,3,1,0,1,legacy-reference-bound,8,8,8, -1.1875000000000000E+00, -1.1875000000000000E+00,  0.0000000000000000E+00,  0.0000000000000000E+00,  0.0000000000000000E+00, -1.4843750000000000E-01,  9.6999999999347608E-05,1,16,0,16,16,0,0,  2.0000000000000000E-02,  2.0000000000000000E-02,  4.2299999999999999E-01,  4.2299999999999999E-01,  0.0000000000000000E+00,  0.0000000000000000E+00
3,2,3,1,0,1,legacy-reference-bound,16,16,16, -1.1875000000000000E+00, -1.1875000000000000E+00,  0.0000000000000000E+00,  0.0000000000000000E+00,  0.0000000000000000E+00, -7.4218750000000000E-02,  2.2300000000008424E-04,1,32,0,32,32,0,0,  2.0000000000000000E-02,  2.0000000000000000E-02,  4.2299999999999999E-01,  4.2299999999999999E-01,  0.0000000000000000E+00,  0.0000000000000000E+00
3,2,3,1,0,1,legacy-reference-bound,32,32,32, -1.1875000000000000E+00, -1.1875000000000000E+00,  0.0000000000000000E+00,  0.0000000000000000E+00,  0.0000000000000000E+00, -3.7109375000000000E-02,  3.8200000000010448E-04,1,64,0,64,64,0,0,  2.0000000000000000E-02,  2.0000000000000000E-02,  4.2299999999999999E-01,  4.2299999999999999E-01,  0.0000000000000000E+00,  0.0000000000000000E+00
3,2,3,1,0,1,legacy-reference-bound,64,64,64, -1.1875000000000000E+00, -1.1875000000000000E+00,  0.0000000000000000E+00,  0.0000000000000000E+00,  0.0000000000000000E+00, -1.8554687500000000E-02,  7.7299999999969060E-04,1,128,0,128,128,0,0,  2.0000000000000000E-02,  2.0000000000000000E-02,  4.2299999999999999E-01,  4.2299999999999999E-01,  0.0000000000000000E+00,  0.0000000000000000E+00
3,2,3,1,0,1,legacy-reference-bound,128,128,128, -1.1875000000000000E+00, -1.1875000000000000E+00,  0.0000000000000000E+00,  0.0000000000000000E+00,  0.0000000000000000E+00, -9.2773437500000000E-03,  1.5559999999998908E-03,1,256,0,256,256,0,0,  2.0000000000000000E-02,  2.0000000000000000E-02,  4.2299999999999999E-01,  4.2299999999999999E-01,  0.0000000000000000E+00,  0.0000000000000000E+00
3,2,3,1,0,1,legacy-reference-bound,256,256,256, -1.1875000000000000E+00, -1.1875000000000000E+00,  0.0000000000000000E+00,  0.0000000000000000E+00,  0.0000000000000000E+00, -4.6386718750000000E-03,  3.1119999999997816E-03,1,512,0,512,512,0,0,  2.0000000000000000E-02,  2.0000000000000000E-02,  4.2299999999999999E-01,  4.2299999999999999E-01,  0.0000000000000000E+00,  0.0000000000000000E+00
3,2,3,1,0,1,legacy-reference-bound,512,512,512, -1.1875000000000000E+00, -1.1875000000000000E+00,  0.0000000000000000E+00,  0.0000000000000000E+00,  0.0000000000000000E+00, -2.3193359375000000E-03,  6.1529999999994089E-03,1,1024,0,1024,1024,0,0,  2.0000000000000000E-02,  2.0000000000000000E-02,  4.2299999999999999E-01,  4.2299999999999999E-01,  0.0000000000000000E+00,  0.0000000000000000E+00
3,2,3,1,0,1,legacy-reference-bound,1024,1024,1024, -1.1875000000000000E+00, -1.1875000000000000E+00,  0.0000000000000000E+00,  0.0000000000000000E+00,  0.0000000000000000E+00, -1.1596679687500000E-03,  1.2465999999999866E-02,1,2048,0,2048,2048,0,0,  2.0000000000000000E-02,  2.0000000000000000E-02,  4.2299999999999999E-01,  4.2299999999999999E-01,  0.0000000000000000E+00,  0.0000000000000000E+00
3,2,3,1,0,1,legacy-reference-bound,2048,2048,2048, -1.1875000000000000E+00, -1.1875000000000000E+00,  0.0000000000000000E+00,  0.0000000000000000E+00,  0.0000000000000000E+00, -5.7983398437500000E-04,  2.4859999999999438E-02,1,4096,0,4096,4096,0,0,  2.0000000000000000E-02,  2.0000000000000000E-02,  4.2299999999999999E-01,  4.2299999999999999E-01,  0.0000000000000000E+00,  0.0000000000000000E+00
3,2,3,1,0,1,legacy-reference-bound,4096,4096,4096, -1.1875000000000000E+00, -1.1875000000000000E+00,  0.0000000000000000E+00,  0.0000000000000000E+00,  0.0000000000000000E+00, -2.8991699218750000E-04,  5.0364000000000075E-02,1,8192,0,8192,8192,0,0,  2.0000000000000000E-02,  2.0000000000000000E-02,  4.2299999999999999E-01,  4.2299999999999999E-01,  0.0000000000000000E+00,  0.0000000000000000E+00
3,2,3,1,0,1,legacy-reference-bound,1,1,1, -1.2075000000000000E+00, -1.1875000000000000E+00,  2.0000000000003126E-02,  3.1086244689504383E-15,  0.0000000000000000E+00, -1.2075000000000000E+00,  2.2999999999662180E-05,2,2,0,2,2,0,0,  2.0000000000000000E-02,  2.0000000000000000E-02,  4.2299999999999999E-01,  4.2299999999999999E-01, -1.0000000000000000E+00, -1.0000000000000000E+00
3,2,3,1,0,1,legacy-reference-bound,2,2,2, -1.2075000000000000E+00, -1.1875000000000000E+00,  2.0000000000003126E-02,  3.1086244689504383E-15,  0.0000000000000000E+00, -6.1375000000000002E-01,  2.6000000000081513E-05,2,4,0,4,4,0,0,  2.0000000000000000E-02,  2.0000000000000000E-02,  4.2299999999999999E-01,  4.2299999999999999E-01,  0.0000000000000000E+00,  0.0000000000000000E+00
3,2,3,1,0,1,legacy-reference-bound,4,4,4, -1.2075000000000000E+00, -1.1875000000000000E+00,  2.0000000000003126E-02,  3.1086244689504383E-15,  0.0000000000000000E+00, -3.1687500000000002E-01,  6.5999999999455383E-05,2,8,0,8,8,0,0,  2.0000000000000000E-02,  2.0000000000000000E-02,  4.2299999999999999E-01,  4.2299999999999999E-01,  0.0000000000000000E+00,  0.0000000000000000E+00
3,2,3,1,0,1,legacy-reference-bound,8,8,8, -1.2075000000000000E+00, -1.1875000000000000E+00,  2.0000000000003126E-02,  3.1086244689504383E-15,  0.0000000000000000E+00, -1.6843749999999999E-01,  9.7000000000235787E-05,2,16,0,16,16,0,0,  2.0000000000000000E-02,  2.0000000000000000E-02,  4.2299999999999999E-01,  4.2299999999999999E-01,  0.0000000000000000E+00,  0.0000000000000000E+00
3,2,3,1,0,1,legacy-reference-bound,16,16,16, -1.2075000000000000E+00, -1.1875000000000000E+00,  2.0000000000003126E-02,  3.1086244689504383E-15,  0.0000000000000000E+00, -9.4218750000000004E-02,  1.9299999999944362E-04,2,32,0,32,32,0,0,  2.0000000000000000E-02,  2.0000000000000000E-02,  4.2299999999999999E-01,  4.2299999999999999E-01,  0.0000000000000000E+00,  0.0000000000000000E+00
3,2,3,1,0,1,legacy-reference-bound,32,32,32, -1.2075000000000000E+00, -1.1875000000000000E+00,  2.0000000000003126E-02,  3.1086244689504383E-15,  0.0000000000000000E+00, -5.7109375000000004E-02,  3.8099999999996470E-04,2,64,0,64,64,0,0,  2.0000000000000000E-02,  2.0000000000000000E-02,  4.2299999999999999E-01,  4.2299999999999999E-01,  0.0000000000000000E+00,  0.0000000000000000E+00
3,2,3,1,0,1,legacy-reference-bound,64,64,64, -1.2075000000000000E+00, -1.1875000000000000E+00,  2.0000000000003126E-02,  3.1086244689504383E-15,  0.0000000000000000E+00, -3.8554687500000004E-02,  7.8900000000015069E-04,2,128,0,128,128,0,0,  2.0000000000000000E-02,  2.0000000000000000E-02,  4.2299999999999999E-01,  4.2299999999999999E-01,  0.0000000000000000E+00,  0.0000000000000000E+00
3,2,3,1,0,1,legacy-reference-bound,128,128,128, -1.2075000000000000E+00, -1.1875000000000000E+00,  2.0000000000003126E-02,  3.1086244689504383E-15,  0.0000000000000000E+00, -2.9277343750000000E-02,  1.5450000000001296E-03,2,256,0,256,256,0,0,  2.0000000000000000E-02,  2.0000000000000000E-02,  4.2299999999999999E-01,  4.2299999999999999E-01,  0.0000000000000000E+00,  0.0000000000000000E+00
3,2,3,1,0,1,legacy-reference-bound,256,256,256, -1.2075000000000000E+00, -1.1875000000000000E+00,  2.0000000000003126E-02,  3.1086244689504383E-15,  0.0000000000000000E+00, -2.4638671875000000E-02,  3.2160000000001077E-03,2,512,0,512,512,0,0,  2.0000000000000000E-02,  2.0000000000000000E-02,  4.2299999999999999E-01,  4.2299999999999999E-01,  0.0000000000000000E+00,  0.0000000000000000E+00
3,2,3,1,0,1,legacy-reference-bound,512,512,512, -1.2075000000000000E+00, -1.1875000000000000E+00,  2.0000000000003126E-02,  3.1086244689504383E-15,  0.0000000000000000E+00, -2.2319335937500000E-02,  6.2620000000004339E-03,2,1024,0,1024,1024,0,0,  2.0000000000000000E-02,  2.0000000000000000E-02,  4.2299999999999999E-01,  4.2299999999999999E-01,  0.0000000000000000E+00,  0.0000000000000000E+00
3,2,3,1,0,1,legacy-reference-bound,1024,1024,1024, -1.2075000000000000E+00, -1.1875000000000000E+00,  2.0000000000003126E-02,  3.1086244689504383E-15,  0.0000000000000000E+00, -2.1159667968750000E-02,  1.2855000000000061E-02,2,2048,0,2048,2048,0,0,  2.0000000000000000E-02,  2.0000000000000000E-02,  4.2299999999999999E-01,  4.2299999999999999E-01,  0.0000000000000000E+00,  0.0000000000000000E+00
3,2,3,1,0,1,legacy-reference-bound,2048,2048,2048, -1.2075000000000000E+00, -1.1875000000000000E+00,  2.0000000000003126E-02,  3.1086244689504383E-15,  0.0000000000000000E+00, -2.0579833984375000E-02,  2.5072999999999901E-02,2,4096,0,4096,4096,0,0,  2.0000000000000000E-02,  2.0000000000000000E-02,  4.2299999999999999E-01,  4.2299999999999999E-01,  0.0000000000000000E+00,  0.0000000000000000E+00
3,2,3,1,0,1,legacy-reference-bound,4096,4096,4096, -1.2075000000000000E+00, -1.1875000000000000E+00,  2.0000000000003126E-02,  3.1086244689504383E-15,  0.0000000000000000E+00, -2.0289916992187500E-02,  5.0099000000000338E-02,2,8192,0,8192,8192,0,0,  2.0000000000000000E-02,  2.0000000000000000E-02,  4.2299999999999999E-01,  4.2299999999999999E-01,  0.0000000000000000E+00,  0.0000000000000000E+00
3,2,3,1,0,1,legacy-reference-bound,1,1,1, -1.2075000000000000E+00, -1.1875000000000000E+00,  2.0000000000003126E-02,  3.1086244689504383E-15,  0.0000000000000000E+00, -1.2075000000000000E+00,  2.2000000000410580E-05,3,2,0,2,2,0,0,  2.0000000000000000E-02,  2.0000000000000000E-02,  4.2299999999999999E-01,  4.2299999999999999E-01, -1.0000000000000000E+00, -1.0000000000000000E+00
3,2,3,1,0,1,legacy-reference-bound,2,2,2, -1.2075000000000000E+00, -1.1875000000000000E+00,  2.0000000000003126E-02,  3.1086244689504383E-15,  0.0000000000000000E+00, -6.1375000000000002E-01,  2.7000000000221291E-05,3,4,0,4,4,0,0,  2.0000000000000000E-02,  2.0000000000000000E-02,  4.2299999999999999E-01,  4.2299999999999999E-01,  0.0000000000000000E+00,  0.0000000000000000E+00
3,2,3,1,0,1,legacy-reference-bound,4,4,4, -1.2075000000000000E+00, -1.1875000000000000E+00,  2.0000000000003126E-02,  3.1086244689504383E-15,  0.0000000000000000E+00, -3.1687500000000002E-01,  5.0000000000771649E-05,3,8,0,8,8,0,0,  2.0000000000000000E-02,  2.0000000000000000E-02,  4.2299999999999999E-01,  4.2299999999999999E-01,  0.0000000000000000E+00,  0.0000000000000000E+00
3,2,3,1,0,1,legacy-reference-bound,8,8,8, -1.2075000000000000E+00, -1.1875000000000000E+00,  2.0000000000003126E-02,  3.1086244689504383E-15,  0.0000000000000000E+00, -1.6843749999999999E-01,  1.1600000000022703E-04,3,16,0,16,16,0,0,  2.0000000000000000E-02,  2.0000000000000000E-02,  4.2299999999999999E-01,  4.2299999999999999E-01,  0.0000000000000000E+00,  0.0000000000000000E+00
3,2,3,1,0,1,legacy-reference-bound,16,16,16, -1.2075000000000000E+00, -1.1875000000000000E+00,  2.0000000000003126E-02,  3.1086244689504383E-15,  0.0000000000000000E+00, -9.4218750000000004E-02,  1.9199999999930384E-04,3,32,0,32,32,0,0,  2.0000000000000000E-02,  2.0000000000000000E-02,  4.2299999999999999E-01,  4.2299999999999999E-01,  0.0000000000000000E+00,  0.0000000000000000E+00
3,2,3,1,0,1,legacy-reference-bound,32,32,32, -1.2075000000000000E+00, -1.1875000000000000E+00,  2.0000000000003126E-02,  3.1086244689504383E-15,  0.0000000000000000E+00, -5.7109375000000004E-02,  3.9800000000056457E-04,3,64,0,64,64,0,0,  2.0000000000000000E-02,  2.0000000000000000E-02,  4.2299999999999999E-01,  4.2299999999999999E-01,  0.0000000000000000E+00,  0.0000000000000000E+00
3,2,3,1,0,1,legacy-reference-bound,64,64,64, -1.2075000000000000E+00, -1.1875000000000000E+00,  2.0000000000003126E-02,  3.1086244689504383E-15,  0.0000000000000000E+00, -3.8554687500000004E-02,  7.6199999999992940E-04,3,128,0,128,128,0,0,  2.0000000000000000E-02,  2.0000000000000000E-02,  4.2299999999999999E-01,  4.2299999999999999E-01,  0.0000000000000000E+00,  0.0000000000000000E+00
3,2,3,1,0,1,legacy-reference-bound,128,128,128, -1.2075000000000000E+00, -1.1875000000000000E+00,  2.0000000000003126E-02,  3.1086244689504383E-15,  0.0000000000000000E+00, -2.9277343750000000E-02,  1.6200000000008430E-03,3,256,0,256,256,0,0,  2.0000000000000000E-02,  2.0000000000000000E-02,  4.2299999999999999E-01,  4.2299999999999999E-01,  0.0000000000000000E+00,  0.0000000000000000E+00
3,2,3,1,0,1,legacy-reference-bound,256,256,1374, -1.2002746048011981E+00, -1.1875000000000000E+00,  1.2774604801208511E-02,  1.0436096431476471E-14,  1.1960918366860085E-15,  0.0000000000000000E+00,  1.1971000000000842E-02,3,1628,22,1629,1651,2,1, -4.0744880133582484E+00,  4.1822427897045419E-02,  4.2121986036938741E-01,  4.2299999999999999E-01,  7.2253951988042464E-03,  4.0944880133582480E+00
3,2,3,1,0,1,legacy-reference-bound,512,512,1638, -1.2034844837166589E+00, -1.1875000000000000E+00,  1.5984483716664499E-02,  5.5511151231257827E-15,  1.4560835176480325E-15,  0.0000000000000000E+00,  1.3935000000000031E-02,3,2135,29,2136,2165,2,1, -2.8656296446152059E+00,  1.9919559590297467E-02,  4.2192918387780598E-01,  4.2299999999999999E-01,  3.2098789154576257E-03,  1.2088583687430425E+00
3,2,3,1,0,1,legacy-reference-bound,1024,1024,3249, -1.2039348361476765E+00, -1.1875000000000000E+00,  1.6434836147695364E-02,  1.8873791418627661E-14,  1.8531183532122242E-15,  0.0000000000000000E+00,  2.8499000000000052E-02,3,4372,44,4373,4417,2,1, -2.6685313260931451E+00,  2.8180696617245229E-02,  4.2203410173657097E-01,  4.2299999999999999E-01,  4.5035243103036526E-04,  1.9709831852206072E-01
3,2,3,1,0,1,legacy-reference-bound,2048,2048,6429, -1.2041491985471924E+00, -1.1875000000000000E+00,  1.6649198547206367E-02,  1.3988810110276972E-14,  1.7205746376258713E-15,  0.0000000000000000E+00,  5.4319999999999702E-02,3,8428,72,8429,8501,2,1, -2.5712942842628941E+00,  3.3477715865790313E-02,  4.2208463516476091E-01,  4.2299999999999999E-01,  2.1436239950323177E-04,  9.7237041830251059E-02
3,2,3,1,0,1,legacy-reference-bound,4096,4096,12842, -1.2042519771023168E+00, -1.1875000000000000E+00,  1.6751977102330784E-02,  1.3988810110276972E-14,  1.5912564235026627E-15,  0.0000000000000000E+00,  1.0999899999999929E-01,3,16831,134,16832,16966,2,1, -2.5238014775675972E+00,  3.5654210100617111E-02,  4.2210901437903425E-01,  4.2299999999999999E-01,  1.0277855512552669E-04,  4.7492806695296874E-02
3,5,1,1,0,1,legacy-reference-bound,1,1,5, -6.1577033610379062E-01, -1.3814060080268864E-02,  6.0195627602352175E-01,  0.0000000000000000E+00,  5.6378512969246231E-16, -6.1577033610379062E-01,  6.8999999999874717E-05,1,6,0,6,6,0,0, -1.2299999997834382E+02,  6.2182069883811519E-01,  3.0672347318923410E-01,  4.2299999999999999E-01, -1.0000000000000000E+00, -1.0000000000000000E+00
3,5,1,1,0,1,legacy-reference-bound,2,2,10, -9.6559134526440682E-01, -1.3814059841525173E-02,  9.5177728542288165E-01,  0.0000000000000000E+00,  9.9139446652074525E-16, -4.9025790906954170E-01,  1.1999999999989797E-04,1,12,0,12,12,0,0, -1.2299999999990044E+02,  2.6929802906344180E-01,  3.0672347317441340E-01,  4.2299999999999999E-01,  3.5104297582974842E-01,  5.4628689357404056E+01
3,5,1,1,0,1,legacy-reference-bound,4,4,70, -1.4292182482824916E+00, -1.3814059840853488E-02,  1.4154041884416415E+00,  3.4416913763379853E-15,  5.1247200927306835E-14, -4.0821115934742452E-01,  7.2600000000022646E-04,1,74,0,74,74,0,0, -1.2299999999999989E+02, -1.5918718588627367E-01,  3.0672347317434501E-01,  4.2298394169696196E-01,  4.6420909371290603E-01,  6.2857690580824780E+01
3,5,1,1,0,1,legacy-reference-bound,8,8,120, -1.8423908587268290E+00, -1.3814059840941695E-02,  1.8285767988858908E+00,  3.4972025275692431E-15,  1.5603837666411380E-14, -3.5511776396822670E-01,  1.2610000000004007E-03,1,128,0,128,128,0,0, -1.2300000000000001E+02, -2.8851001708706719E-01,  3.0672347317434490E-01,  4.2296185777961948E-01,  4.1463756924258854E-01,  5.4646391228920436E+01
3,5,1,1,0,1,legacy-reference-bound,16,16,232, -2.0774658891843809E+00, -1.3814059840999426E-02,  2.0636518293433852E+00,  3.7192471324942744E-15,  1.2792718273590964E-14, -3.1841444655005247E-01,  2.4079999999999657E-03,1,248,0,248,248,0,0, -1.2300000000000001E+02, -2.8041417304358146E-01,  3.0672347317434490E-01,  4.2296340477545835E-01,  2.3507590327386585E-01,  3.1947384776722814E+01
3,5,1,1,0,1,legacy-reference-bound,32,32,454, -2.2017247219435543E+00, -1.3814059841005012E-02,  2.1879106621025528E+00,  3.5318969970887792E-15,  1.2314368275090359E-14, -2.8426962503224157E-01,  4.8610000000000042E-03,1,486,0,486,486,0,0, -1.2300000000000001E+02, -2.6820922924627016E-01,  3.0672347317434490E-01,  4.2296569873930878E-01,  1.2425918964458688E-01,  1.6003840411468047E+01
3,5,1,1,0,1,legacy-reference-bound,64,64,856, -2.2670721918562289E+00, -1.3814059841006355E-02,  2.2532581320152261E+00,  3.5423053379446401E-15,  1.1524852253086415E-14, -2.3934760739419964E-01,  1.0521999999999920E-02,1,920,0,920,920,0,0, -1.2300000000000000E+02, -2.6011502647748458E-01,  3.0672347317434490E-01,  4.2296719424579909E-01,  6.5347614263880083E-02,  8.1179624373250476E+00
3,5,1,1,0,1,legacy-reference-bound,128,128,1600, -2.3012741500403817E+00, -1.3814059841018373E-02,  2.2874600901993674E+00,  4.0141501234103316E-15,  1.0074298166518059E-14, -1.8300877201453405E-01,  2.5262000000000562E-02,1,1728,0,1728,1728,0,0, -1.2300000000000000E+02, -2.5534760885285246E-01,  3.0672347317434490E-01,  4.2296806528075981E-01,  3.4202002742280413E-02,  3.8699802427367871E+00
3,5,1,1,0,1,legacy-reference-bound,256,256,2962, -2.3189967454637541E+00, -1.3814059841004728E-02,  2.3051826856227535E+00,  4.1355807667287081E-15,  3.5369385371908368E-15, -1.2670500569860735E-01,  4.7462000000001225E-02,1,3218,0,3218,3218,0,0, -1.2300000000000000E+02, -2.5269824572501787E-01,  3.0672347317434490E-01,  4.2296854615795254E-01,  1.7722614672716908E-02,  2.0447024710858699E+00
3,5,1,1,0,1,legacy-reference-bound,512,512,5394, -2.3280809730958940E+00, -1.3814059841023178E-02,  2.3142669132548761E+00,  5.2666204730655863E-15,  4.5015261049968780E-15, -8.0182754747878476E-02,  8.6641999999999442E-02,1,5906,0,5906,5906,0,0, -1.2300000000000000E+02, -2.5128173216072386E-01,  3.0672347317434490E-01,  4.2296880232762513E-01,  9.0842362623230755E-03,  1.0605629599031801E+00
3,5,1,1,0,1,legacy-reference-bound,1024,1024,9684, -2.3326957515014435E+00, -1.3814059840960470E-02,  2.3188816916604864E+00,  3.3983232894385651E-15,  2.5049813568919777E-15, -4.6969069427893882E-02,  1.3550100000000143E-01,1,10708,0,10708,10708,0,0, -1.2300000000000014E+02, -2.5054395538148622E-01,  3.0672347317434479E-01,  4.2296893549151982E-01,  4.6147823761941154E-03,  5.4093919740566321E-01
3,5,1,1,0,1,legacy-reference-bound,2048,2048,17082, -2.3350248042276127E+00, -1.3814059840990534E-02,  2.3212107443866259E+00,  3.7088387916384136E-15,  1.8696185550247379E-15, -2.5898454019469282E-02,  1.9313300000000133E-01,1,19130,0,19130,19130,0,0, -1.2300000000000000E+02, -2.5016631250501015E-01,  3.0672347317434490E-01,  4.2296900358469613E-01,  2.3290546050191985E-03,  2.7341293448363047E-01
3,5,1,1,0,1,legacy-reference-bound,4096,4096,29795, -2.3361953503998678E+00, -1.3814059840927498E-02,  2.3223812905589512E+00,  1.0838552277903091E-14,  2.1750823527271618E-15, -1.3695567560400945E-02,  3.4400699999999951E-01,1,33891,0,33891,33891,0,0, -1.2300000000000000E+02, -2.4997506347023596E-01,  3.0672347317434490E-01,  4.2296903805119390E-01,  1.1705470815298602E-03,  1.3749446869996973E-01
3,5,1,1,0,1,legacy-reference-bound,1,1,5, -6.3577033610379063E-01, -1.3814060080268864E-02,  6.2195627602352133E-01, -4.4408920985006262E-16,  5.6378512969246231E-16, -6.3577033610379063E-01,  6.8999999999874717E-05,2,6,0,6,6,0,0, -1.2299999997834382E+02,  6.2182069883811519E-01,  3.0672347318923410E-01,  4.2299999999999999E-01, -1.0000000000000000E+00, -1.0000000000000000E+00
3,5,1,1,0,1,legacy-reference-bound,2,2,10, -9.8559134526440684E-01, -1.3814059841525173E-02,  9.7177728542288122E-01, -4.4408920985006262E-16,  9.9139446652074525E-16, -5.1025790906954172E-01,  1.1799999999873023E-04,2,12,0,12,12,0,0, -1.2299999999990044E+02,  2.6929802906344180E-01,  3.0672347317441340E-01,  4.2299999999999999E-01,  3.5104297582974842E-01,  5.4628689357404056E+01
3,5,1,1,0,1,legacy-reference-bound,4,4,70, -1.4492182482824916E+00, -1.3814059840853488E-02,  1.4354041884416411E+00,  2.9976021664879227E-15,  5.1247200927306835E-14, -4.2821115934742454E-01,  8.1400000000009243E-04,2,74,0,74,74,0,0, -1.2299999999999989E+02, -1.5918718588627367E-01,  3.0672347317434501E-01,  4.2298394169696196E-01,  4.6420909371290603E-01,  6.2857690580824780E+01
3,5,1,1,0,1,legacy-reference-bound,8,8,120, -1.8623908587268290E+00, -1.3814059840941695E-02,  1.8485767988858903E+00,  3.0531133177191805E-15,  1.5603837666411380E-14, -3.7511776396822671E-01,  1.2469999999993320E-03,2,128,0,128,128,0,0, -1.2300000000000001E+02, -2.8851001708706719E-01,  3.0672347317434490E-01,  4.2296185777961948E-01,  4.1463756924258854E-01,  5.4646391228920436E+01
3,5,1,1,0,1,legacy-reference-bound,16,16,232, -2.0974658891843809E+00, -1.3814059840999426E-02,  2.0836518293433848E+00,  3.2751579226442118E-15,  1.2792718273590964E-14, -3.3841444655005248E-01,  2.4230000000002860E-03,2,248,0,248,248,0,0, -1.2300000000000001E+02, -2.8041417304358146E-01,  3.0672347317434490E-01,  4.2296340477545835E-01,  2.3507590327386585E-01,  3.1947384776722814E+01
3,5,1,1,0,1,legacy-reference-bound,32,32,454, -2.2217247219435543E+00, -1.3814059841005012E-02,  2.2079106621025524E+00,  3.0878077872387166E-15,  1.2314368275090359E-14, -3.0426962503224159E-01,  5.7010000000001781E-03,2,486,0,486,486,0,0, -1.2300000000000001E+02, -2.6820922924627016E-01,  3.0672347317434490E-01,  4.2296569873930878E-01,  1.2425918964458688E-01,  1.6003840411468047E+01
3,5,1,1,0,1,legacy-reference-bound,64,64,856, -2.2870721918562285E+00, -1.3814059841006355E-02,  2.2732581320152256E+00,  3.5423053379446401E-15,  1.1524852253086415E-14, -2.5934760739419965E-01,  9.7059999999995483E-03,2,920,0,920,920,0,0, -1.2300000000000000E+02, -2.6011502647748458E-01,  3.0672347317434490E-01,  4.2296719424579909E-01,  6.5347614263880083E-02,  8.1179624373250476E+00
3,5,1,1,0,1,legacy-reference-bound,128,128,1600, -2.3212741500403813E+00, -1.3814059841018373E-02,  2.3074600901993669E+00,  4.0141501234103316E-15,  1.0074298166518059E-14, -2.0300877201453404E-01,  1.6935999999999396E-02,2,1728,0,1728,1728,0,0, -1.2300000000000000E+02, -2.5534760885285246E-01,  3.0672347317434490E-01,  4.2296806528075981E-01,  3.4202002742280413E-02,  3.8699802427367871E+00
3,5,1,1,0,1,legacy-reference-bound,256,256,2962, -2.3389967454637541E+00, -1.3814059841004728E-02,  2.3251826856227531E+00,  3.6914915568786455E-15,  3.5369385371908368E-15, -1.4670500569860734E-01,  3.2057999999999254E-02,2,3218,0,3218,3218,0,0, -1.2300000000000000E+02, -2.5269824572501787E-01,  3.0672347317434490E-01,  4.2296854615795254E-01,  1.7722614672716908E-02,  2.0447024710858699E+00
3,5,1,1,0,1,legacy-reference-bound,512,512,5394, -2.3480809730958945E+00, -1.3814059841023178E-02,  2.3342669132548757E+00,  4.3784420533654611E-15,  4.5015261049968780E-15, -1.0018275474787848E-01,  5.8353999999999573E-02,2,5906,0,5906,5906,0,0, -1.2300000000000000E+02, -2.5128173216072386E-01,  3.0672347317434490E-01,  4.2296880232762513E-01,  9.0842362623230755E-03,  1.0605629599031801E+00
3,5,1,1,0,1,legacy-reference-bound,1024,1024,9684, -2.3526957515014439E+00, -1.3814059840960470E-02,  2.3388816916604860E+00,  2.5101448697384399E-15,  2.5049813568919777E-15, -6.6969069427893879E-02,  1.0770800000000058E-01,2,10708,0,10708,10708,0,0, -1.2300000000000014E+02, -2.5054395538148622E-01,  3.0672347317434479E-01,  4.2296893549151982E-01,  4.6147823761941154E-03,  5.4093919740566321E-01
3,5,1,1,0,1,legacy-reference-bound,2048,2048,17082, -2.3550248042276141E+00, -1.3814059840990534E-02,  2.3412107443866255E+00,  1.9324819522381631E-15,  1.8696185550247379E-15, -4.5898454019469279E-02,  1.9375699999999973E-01,2,19130,0,19130,19130,0,0, -1.2300000000000000E+02, -2.5016631250501015E-01,  3.0672347317434490E-01,  4.2296900358469613E-01,  2.3290546050191985E-03,  2.7341293448363047E-01
3,5,1,1,0,1,legacy-reference-bound,4096,4096,29795, -2.3561953503998674E+00, -1.3814059840927498E-02,  2.3423812905589507E+00,  1.0838552277903091E-14,  2.1750823527271618E-15, -3.3695567560400944E-02,  3.4542300000000026E-01,2,33891,0,33891,33891,0,0, -1.2300000000000000E+02, -2.4997506347023596E-01,  3.0672347317434490E-01,  4.2296903805119390E-01,  1.1705470815298602E-03,  1.3749446869996973E-01
3,5,1,1,0,1,legacy-reference-bound,1,1,5, -6.3577033610379063E-01, -1.3814060080268864E-02,  6.2195627602352133E-01, -4.4408920985006262E-16,  5.6378512969246231E-16, -6.3577033610379063E-01,  6.9000000001651074E-05,3,6,0,6,6,0,0, -1.2299999997834382E+02,  6.2182069883811519E-01,  3.0672347318923410E-01,  4.2299999999999999E-01, -1.0000000000000000E+00, -1.0000000000000000E+00
3,5,1,1,0,1,legacy-reference-bound,2,2,10, -9.8559134526440684E-01, -1.3814059841525173E-02,  9.7177728542288122E-01, -4.4408920985006262E-16,  9.9139446652074525E-16, -5.1025790906954172E-01,  1.1999999999900979E-04,3,12,0,12,12,0,0, -1.2299999999990044E+02,  2.6929802906344180E-01,  3.0672347317441340E-01,  4.2299999999999999E-01,  3.5104297582974842E-01,  5.4628689357404056E+01
3,5,1,1,0,1,legacy-reference-bound,4,4,70, -1.4492182482824916E+00, -1.3814059840853488E-02,  1.4354041884416411E+00,  2.9976021664879227E-15,  5.1247200927306835E-14, -4.2821115934742454E-01,  8.2100000000018269E-04,3,74,0,74,74,0,0, -1.2299999999999989E+02, -1.5918718588627367E-01,  3.0672347317434501E-01,  4.2298394169696196E-01,  4.6420909371290603E-01,  6.2857690580824780E+01
3,5,1,1,0,1,legacy-reference-bound,8,8,120, -1.8623908587268290E+00, -1.3814059840941695E-02,  1.8485767988858903E+00,  3.0531133177191805E-15,  1.5603837666411380E-14, -3.7511776396822671E-01,  1.2640000000008200E-03,3,128,0,128,128,0,0, -1.2300000000000001E+02, -2.8851001708706719E-01,  3.0672347317434490E-01,  4.2296185777961948E-01,  4.1463756924258854E-01,  5.4646391228920436E+01
3,5,1,1,0,1,legacy-reference-bound,16,16,232, -2.0974658891843809E+00, -1.3814059840999426E-02,  2.0836518293433848E+00,  3.2751579226442118E-15,  1.2792718273590964E-14, -3.3841444655005248E-01,  2.4260000000015935E-03,3,248,0,248,248,0,0, -1.2300000000000001E+02, -2.8041417304358146E-01,  3.0672347317434490E-01,  4.2296340477545835E-01,  2.3507590327386585E-01,  3.1947384776722814E+01
3,5,1,1,0,1,legacy-reference-bound,32,32,454, -2.2217247219435543E+00, -1.3814059841005012E-02,  2.2079106621025524E+00,  3.0878077872387166E-15,  1.2314368275090359E-14, -3.0426962503224159E-01,  4.8230000000000217E-03,3,486,0,486,486,0,0, -1.2300000000000001E+02, -2.6820922924627016E-01,  3.0672347317434490E-01,  4.2296569873930878E-01,  1.2425918964458688E-01,  1.6003840411468047E+01
3,5,1,1,0,1,legacy-reference-bound,64,64,856, -2.2870721918562285E+00, -1.3814059841006355E-02,  2.2732581320152256E+00,  3.5423053379446401E-15,  1.1524852253086415E-14, -2.5934760739419965E-01,  9.0859999999999275E-03,3,920,0,920,920,0,0, -1.2300000000000000E+02, -2.6011502647748458E-01,  3.0672347317434490E-01,  4.2296719424579909E-01,  6.5347614263880083E-02,  8.1179624373250476E+00
3,5,1,1,0,1,legacy-reference-bound,128,128,1600, -2.3212741500403813E+00, -1.3814059841018373E-02,  2.3074600901993669E+00,  4.0141501234103316E-15,  1.0074298166518059E-14, -2.0300877201453404E-01,  1.7905000000000726E-02,3,1728,0,1728,1728,0,0, -1.2300000000000000E+02, -2.5534760885285246E-01,  3.0672347317434490E-01,  4.2296806528075981E-01,  3.4202002742280413E-02,  3.8699802427367871E+00
3,5,1,1,0,1,legacy-reference-bound,256,256,2954, -2.3338084271880835E+00, -1.3814059841032695E-02,  2.3199943673470536E+00,  2.7929047963226594E-15,  3.5589478412922926E-15,  0.0000000000000000E+00,  3.3547999999999689E-02,3,3206,4,3206,3210,0,1, -1.2300000000000000E+02, -2.5487129512282936E-01,  3.0672347317434490E-01,  4.2296815190286796E-01,  1.2534704261573937E-02,  1.5085775157208730E+00
3,5,1,1,0,1,legacy-reference-bound,512,512,5378, -2.3428951709252113E+00, -1.3814059841028129E-02,  2.3290811110841894E+00,  6.2207183848528302E-15,  4.4911177641410172E-15,  0.0000000000000000E+00,  5.9619999999998896E-02,3,5882,8,5882,5890,0,1, -1.2300000000000000E+02, -2.5344345459102979E-01,  3.0672347317434490E-01,  4.2296841112805139E-01,  9.0867522197241035E-03,  1.0565802625213365E+00
3,5,1,1,0,1,legacy-reference-bound,1024,1024,9649, -2.3475112983139721E+00, -1.3814059840959458E-02,  2.3336972384730181E+00,  5.4956039718945249E-15,  2.3707571279382722E-15,  0.0000000000000000E+00,  1.0594600000000121E-01,3,10657,16,10657,10673,0,1, -1.2300000000000000E+02, -2.5269980992602892E-01,  3.0672347317434490E-01,  4.2296854587471278E-01,  4.6161313017434313E-03,  5.3926420848546286E-01
3,5,1,1,0,1,legacy-reference-bound,2048,2048,17039, -2.3498410525706599E+00, -1.3814059841002401E-02,  2.3360269927296677E+00,  1.0247011572595000E-14,  1.9751114264075775E-15,  0.0000000000000000E+00,  1.8989400000000067E-01,3,19055,32,19055,19087,0,1, -1.2300000000000000E+02, -2.5231917285575406E-01,  3.0672347317434490E-01,  4.2296861477558378E-01,  2.3297561117738286E-03,  2.7265656698628504E-01
3,5,1,1,0,1,legacy-reference-bound,4096,4096,29708, -2.3510119570487098E+00, -1.3814059840896568E-02,  2.3371978972078189E+00,  5.6656068725402520E-15,  2.1397712432220245E-15,  0.0000000000000000E+00,  3.3891599999999933E-01,3,33740,64,33740,33804,0,1, -1.2300000000000009E+02, -2.5212641004988928E-01,  3.0672347317434490E-01,  4.2296864965045644E-01,  1.1709053769165534E-03,  1.3713683656601461E-01
3,5,2,1,0,1,legacy-reference-bound,1,1,5, -6.2881089680833868E-01, -4.3631665367375605E-01,  1.9249424313458263E-01,  0.0000000000000000E+00,  5.5511151231257827E-17, -6.2881089680833868E-01,  6.9999999999126317E-05,1,6,0,6,6,0,0, -9.9856265317596336E+00,  6.0809379283332765E-01,  4.1660309408454532E-01,  4.2299999999999999E-01, -1.0000000000000000E+00, -1.0000000000000000E+00
3,5,2,1,0,1,legacy-reference-bound,2,2,11, -7.2599723165143515E-01, -4.3616922541618114E-01,  2.8982800623525407E-01,  5.5511151231257827E-17,  3.3306690738754696E-16, -3.5670043557905617E-01,  1.4099999999928059E-04,1,13,0,13,13,0,0, -9.9754620354227335E+00,  1.4655652619814625E+00,  4.1661224518918394E-01,  4.2299999999999999E-01,  9.7333763100648507E-02,  4.5620313541469315E+00
3,5,2,1,0,1,legacy-reference-bound,4,4,22, -8.5599538176712797E-01, -4.3775312388387061E-01,  4.1824225788325720E-01, -1.6653345369377348E-16,  5.6898930012039273E-16, -2.0900731711188764E-01,  2.3499999999998522E-04,1,26,0,26,26,0,0, -9.9441272058177947E+00,  5.9532555693040115E+00,  4.1664043500268810E-01,  4.2299999999999999E-01,  1.2841425164802009E-01,  9.5462553159999857E+00
3,5,2,1,0,1,legacy-reference-bound,8,8,48, -9.9591081087787692E-01, -4.4764868372705613E-01,  5.4826212715082079E-01,  0.0000000000000000E+00,  1.1796119636642288E-15, -1.2693830670606410E-01,  4.8899999999996169E-04,1,56,0,56,56,0,0, -9.7498771145350975E+00,  6.0610998389008213E+00,  4.1681447655183934E-01,  4.2299999999999999E-01,  1.3001986926755069E-01,  1.1953320183557782E+01
3,5,2,1,0,1,legacy-reference-bound,16,16,109, -1.1082414160365932E+00, -4.9407509155008211E-01,  6.1416632448651143E-01,  3.3306690738754696E-16,  1.2385925618474403E-15, -7.9826740481881348E-02,  1.0419999999999874E-03,1,125,0,125,125,0,0, -8.6806437340523033E+00,  1.3399340853537076E+00,  4.1774950914361564E-01,  4.2299999999999999E-01,  6.5904197335709402E-02,  7.7074187573612782E+00
3,5,2,1,0,1,legacy-reference-bound,32,32,215, -1.1736028469582676E+00, -5.5554055786055978E-01,  6.1806228909770766E-01, -1.1102230246251565E-16,  5.3776427755281020E-15, -5.1965877701510503E-02,  2.1459999999997592E-03,1,247,0,247,247,0,0, -8.2029292472961988E+00,  8.3566407360132489E-02,  4.1815391135736135E-01,  4.2299999999999999E-01,  4.4717611141066593E-03,  1.2563676779935751E+00
3,5,2,1,0,1,legacy-reference-bound,64,64,415, -1.2034683180129215E+00, -5.8505489337552563E-01,  6.1841342463739579E-01, -1.1102230246251565E-16,  1.7008963681952594E-15, -3.4877431262563513E-02,  4.0019999999998390E-03,1,479,0,479,479,0,0, -8.1643251410434488E+00,  1.9728654816331962E-02,  4.1818621021392655E-01,  4.2299999999999999E-01,  4.2715462776121704E-04,  8.2980365768988040E-02
3,5,2,1,0,1,legacy-reference-bound,128,128,770, -1.2142762321730840E+00, -5.9586283119126926E-01,  6.1841340098181519E-01,  4.4408920985006262E-16,  2.6827498555981322E-15, -2.3757049598610601E-02,  8.0390000000001294E-03,1,1019,0,1019,1019,0,0, -8.1641583755102509E+00,  1.9727912745918719E-02,  4.1818634961559487E-01,  4.2299999999999999E-01,  1.1671923896838798E-06,  2.3880056600056321E-04
3,5,2,1,0,1,legacy-reference-bound,256,256,1548, -1.2185763784240258E+00, -6.0016260738446947E-01,  6.1841377103955608E-01, -2.2204460492503131E-16,  7.0737686541644251E-15, -1.5895272550944594E-02,  1.5502999999998934E-02,1,1938,0,1938,1938,0,0, -8.1640728326769363E+00,  1.9727372130585518E-02,  4.1818642112163862E-01,  4.2299999999999999E-01,  5.4437338498081189E-07,  1.2265324362825680E-04
3,5,2,1,0,1,legacy-reference-bound,512,512,2992, -1.2205056888945038E+00, -6.0209157223564258E-01,  6.1841411665886170E-01,  4.4408920985006262E-16,  2.5950378998440549E-15, -1.0030670360221662E-02,  3.0205999999999733E-02,1,3615,0,3615,3615,0,0, -8.1640218148772838E+00,  1.9727129225003730E-02,  4.1818646376775226E-01,  4.2299999999999999E-01,  3.6973050565602961E-07,  8.6708092760012789E-05
3,5,2,1,0,1,legacy-reference-bound,1024,1024,5472, -1.2216600054353965E+00, -6.0324564317443807E-01,  6.1841436226095681E-01, -1.6653345369377348E-15,  3.1172980863303223E-15, -5.8632828767569770E-03,  5.5706999999999951E-02,1,6641,0,6641,6641,0,0, -8.1639914921465717E+00,  1.9727036166676020E-02,  4.1818648911467382E-01,  4.2299999999999999E-01,  2.4864616476882873E-07,  5.5393307245132917E-05
3,5,2,1,0,1,legacy-reference-bound,2048,2048,10329, -1.2222359133455825E+00, -6.0382140021368835E-01,  6.1841451313189566E-01,  1.5543122344752192E-15,  2.5397435890472941E-15, -3.2140512064502101E-03,  1.0379599999999911E-01,1,12500,0,12500,12500,0,0, -8.1639743242136369E+00,  1.9727002474570356E-02,  4.1818650346541852E-01,  4.2299999999999999E-01,  1.5117801593911295E-07,  3.2436039214545076E-05
3,5,2,1,0,1,legacy-reference-bound,4096,4096,19821, -1.2225652244772716E+00, -6.0415060386641262E-01,  6.1841462061085650E-01, -2.4424906541753444E-15,  2.5081797533008099E-15, -1.6895615699657467E-03,  1.9875200000000071E-01,1,23986,0,23986,23986,0,0, -8.1639630749346352E+00,  1.9726997822754413E-02,  4.1818651286873021E-01,  4.2299999999999999E-01,  1.0747896683760416E-07,  2.1990422206741300E-05
3,5,2,1,0,1,legacy-reference-bound,1,1,5, -6.4881089680833870E-01, -4.3631665367375605E-01,  2.1249424313458576E-01,  3.1086244689504383E-15,  5.5511151231257827E-17, -6.4881089680833870E-01,  6.7999999998846761E-05,2,6,0,6,6,0,0, -9.9856265317596336E+00,  6.0809379283332765E-01,  4.1660309408454532E-01,  4.2299999999999999E-01, -1.0000000000000000E+00, -1.0000000000000000E+00
3,5,2,1,0,1,legacy-reference-bound,2,2,11, -7.4599723165143517E-01, -4.3616922541618114E-01,  3.0982800623525719E-01,  3.1641356201816961E-15,  3.3306690738754696E-16, -3.7670043557905619E-01,  1.2500000000059686E-04,2,13,0,13,13,0,0, -9.9754620354227335E+00,  1.4655652619814625E+00,  4.1661224518918394E-01,  4.2299999999999999E-01,  9.7333763100648507E-02,  4.5620313541469315E+00
3,5,2,1,0,1,legacy-reference-bound,4,4,22, -8.7599538176712777E-01, -4.3775312388387061E-01,  4.3824225788326032E-01,  3.1641356201816961E-15,  5.6898930012039273E-16, -2.2900731711188763E-01,  2.5200000000147327E-04,2,26,0,26,26,0,0, -9.9441272058177947E+00,  5.9532555693040115E+00,  4.1664043500268810E-01,  4.2299999999999999E-01,  1.2841425164802009E-01,  9.5462553159999857E+00
3,5,2,1,0,1,legacy-reference-bound,8,8,48, -1.0159108108778769E+00, -4.4764868372705613E-01,  5.6826212715082391E-01,  3.1086244689504383E-15,  1.1796119636642288E-15, -1.4693830670606409E-01,  4.7300000000127795E-04,2,56,0,56,56,0,0, -9.7498771145350975E+00,  6.0610998389008213E+00,  4.1681447655183934E-01,  4.2299999999999999E-01,  1.3001986926755069E-01,  1.1953320183557782E+01
3,5,2,1,0,1,legacy-reference-bound,16,16,109, -1.1282414160365932E+00, -4.9407509155008211E-01,  6.3416632448651455E-01,  3.4416913763379853E-15,  1.2385925618474403E-15, -9.9826740481881351E-02,  1.3829999999988019E-03,2,125,0,125,125,0,0, -8.6806437340523033E+00,  1.3399340853537076E+00,  4.1774950914361564E-01,  4.2299999999999999E-01,  6.5904197335709402E-02,  7.7074187573612782E+00
3,5,2,1,0,1,legacy-reference-bound,32,32,215, -1.1936028469582676E+00, -5.5554055786055978E-01,  6.3806228909771079E-01,  2.9976021664879227E-15,  5.3776427755281020E-15, -7.1965877701510500E-02,  2.0240000000004699E-03,2,247,0,247,247,0,0, -8.2029292472961988E+00,  8.3566407360132489E-02,  4.1815391135736135E-01,  4.2299999999999999E-01,  4.4717611141066593E-03,  1.2563676779935751E+00
3,5,2,1,0,1,legacy-reference-bound,64,64,415, -1.2234683180129216E+00, -5.8505489337552563E-01,  6.3841342463739892E-01,  2.9976021664879227E-15,  1.7008963681952594E-15, -5.4877431262563517E-02,  3.9059999999988548E-03,2,479,0,479,479,0,0, -8.1643251410434488E+00,  1.9728654816331962E-02,  4.1818621021392655E-01,  4.2299999999999999E-01,  4.2715462776121704E-04,  8.2980365768988040E-02
3,5,2,1,0,1,legacy-reference-bound,128,128,770, -1.2342762321730840E+00, -5.9586283119126926E-01,  6.3841340098181831E-01,  3.5527136788005009E-15,  2.6827498555981322E-15, -4.3757049598610598E-02,  1.0023999999999589E-02,2,1019,0,1019,1019,0,0, -8.1641583755102509E+00,  1.9727912745918719E-02,  4.1818634961559487E-01,  4.2299999999999999E-01,  1.1671923896838798E-06,  2.3880056600056321E-04
3,5,2,1,0,1,legacy-reference-bound,256,256,1548, -1.2385763784240256E+00, -6.0016260738446947E-01,  6.3841377103955921E-01,  3.1086244689504383E-15,  7.0737686541644251E-15, -3.5895272550944594E-02,  1.5916000000000707E-02,2,1938,0,1938,1938,0,0, -8.1640728326769363E+00,  1.9727372130585518E-02,  4.1818642112163862E-01,  4.2299999999999999E-01,  5.4437338498081189E-07,  1.2265324362825680E-04
3,5,2,1,0,1,legacy-reference-bound,512,512,2992, -1.2405056888945041E+00, -6.0209157223564258E-01,  6.3841411665886483E-01,  3.3306690738754696E-15,  2.5950378998440549E-15, -3.0030670360221660E-02,  2.9553999999999192E-02,2,3615,0,3615,3615,0,0, -8.1640218148772838E+00,  1.9727129225003730E-02,  4.1818646376775226E-01,  4.2299999999999999E-01,  3.6973050565602961E-07,  8.6708092760012789E-05
3,5,2,1,0,1,legacy-reference-bound,1024,1024,5472, -1.2416600054353968E+00, -6.0324564317443807E-01,  6.3841436226095993E-01,  1.2212453270876722E-15,  3.1172980863303223E-15, -2.5863282876756977E-02,  5.4557000000000855E-02,2,6641,0,6641,6641,0,0, -8.1639914921465717E+00,  1.9727036166676020E-02,  4.1818648911467382E-01,  4.2299999999999999E-01,  2.4864616476882873E-07,  5.5393307245132917E-05
3,5,2,1,0,1,legacy-reference-bound,2048,2048,10329, -1.2422359133455816E+00, -6.0382140021368835E-01,  6.3841451313189879E-01,  5.5511151231257827E-15,  2.5397435890472941E-15, -2.3214051206450211E-02,  1.0278199999999948E-01,2,12500,0,12500,12500,0,0, -8.1639743242136369E+00,  1.9727002474570356E-02,  4.1818650346541852E-01,  4.2299999999999999E-01,  1.5117801593911295E-07,  3.2436039214545076E-05
3,5,2,1,0,1,legacy-reference-bound,4096,4096,19821, -1.2425652244772716E+00, -6.0415060386641262E-01,  6.3841462061085963E-01,  6.6613381477509392E-16,  2.5081797533008099E-15, -2.1689561569965748E-02,  2.0050800000000102E-01,2,23986,0,23986,23986,0,0, -8.1639630749346352E+00,  1.9726997822754413E-02,  4.1818651286873021E-01,  4.2299999999999999E-01,  1.0747896683760416E-07,  2.1990422206741300E-05
3,5,2,1,0,1,legacy-reference-bound,1,1,5, -6.4881089680833870E-01, -4.3631665367375605E-01,  2.1249424313458576E-01,  3.1086244689504383E-15,  5.5511151231257827E-17, -6.4881089680833870E-01,  6.8999999999874717E-05,3,6,0,6,6,0,0, -9.9856265317596336E+00,  6.0809379283332765E-01,  4.1660309408454532E-01,  4.2299999999999999E-01, -1.0000000000000000E+00, -1.0000000000000000E+00
3,5,2,1,0,1,legacy-reference-bound,2,2,11, -7.4599723165143517E-01, -4.3616922541618114E-01,  3.0982800623525719E-01,  3.1641356201816961E-15,  3.3306690738754696E-16, -3.7670043557905619E-01,  1.2500000000059686E-04,3,13,0,13,13,0,0, -9.9754620354227335E+00,  1.4655652619814625E+00,  4.1661224518918394E-01,  4.2299999999999999E-01,  9.7333763100648507E-02,  4.5620313541469315E+00
3,5,2,1,0,1,legacy-reference-bound,4,4,22, -8.7599538176712777E-01, -4.3775312388387061E-01,  4.3824225788326032E-01,  3.1641356201816961E-15,  5.6898930012039273E-16, -2.2900731711188763E-01,  2.3499999999998522E-04,3,26,0,26,26,0,0, -9.9441272058177947E+00,  5.9532555693040115E+00,  4.1664043500268810E-01,  4.2299999999999999E-01,  1.2841425164802009E-01,  9.5462553159999857E+00
3,5,2,1,0,1,legacy-reference-bound,8,8,48, -1.0159108108778769E+00, -4.4764868372705613E-01,  5.6826212715082391E-01,  3.1086244689504383E-15,  1.1796119636642288E-15, -1.4693830670606409E-01,  4.9199999999949284E-04,3,56,0,56,56,0,0, -9.7498771145350975E+00,  6.0610998389008213E+00,  4.1681447655183934E-01,  4.2299999999999999E-01,  1.3001986926755069E-01,  1.1953320183557782E+01
3,5,2,1,0,1,legacy-reference-bound,16,16,109, -1.1282414160365932E+00, -4.9407509155008211E-01,  6.3416632448651455E-01,  3.4416913763379853E-15,  1.2385925618474403E-15, -9.9826740481881351E-02,  1.0370000000001767E-03,3,125,0,125,125,0,0, -8.6806437340523033E+00,  1.3399340853537076E+00,  4.1774950914361564E-01,  4.2299999999999999E-01,  6.5904197335709402E-02,  7.7074187573612782E+00
3,5,2,1,0,1,legacy-reference-bound,32,32,215, -1.1936028469582676E+00, -5.5554055786055978E-01,  6.3806228909771079E-01,  2.9976021664879227E-15,  5.3776427755281020E-15, -7.1965877701510500E-02,  2.0290000000002806E-03,3,247,0,247,247,0,0, -8.2029292472961988E+00,  8.3566407360132489E-02,  4.1815391135736135E-01,  4.2299999999999999E-01,  4.4717611141066593E-03,  1.2563676779935751E+00
3,5,2,1,0,1,legacy-reference-bound,64,64,415, -1.2234683180129216E+00, -5.8505489337552563E-01,  6.3841342463739892E-01,  2.9976021664879227E-15,  1.7008963681952594E-15, -5.4877431262563517E-02,  4.2159999999995534E-03,3,479,0,479,479,0,0, -8.1643251410434488E+00,  1.9728654816331962E-02,  4.1818621021392655E-01,  4.2299999999999999E-01,  4.2715462776121704E-04,  8.2980365768988040E-02
3,5,2,1,0,1,legacy-reference-bound,128,128,770, -1.2342762321730840E+00, -5.9586283119126926E-01,  6.3841340098181831E-01,  3.5527136788005009E-15,  2.6827498555981322E-15, -4.3757049598610598E-02,  8.5920000000001551E-03,3,1019,0,1019,1019,0,0, -8.1641583755102509E+00,  1.9727912745918719E-02,  4.1818634961559487E-01,  4.2299999999999999E-01,  1.1671923896838798E-06,  2.3880056600056321E-04
3,5,2,1,0,1,legacy-reference-bound,256,256,1545, -1.2352901316471014E+00, -5.9687739485326474E-01,  6.3841273679383903E-01,  2.3314683517128287E-15,  9.3874560902484916E-15,  0.0000000000000000E+00,  1.5353999999998535E-02,3,1854,5,1854,1859,0,1, -8.1641692417853360E+00,  1.9727139404417834E-02,  4.1818634053235482E-01,  4.2299999999999999E-01,  6.6418797906031557E-07,  1.7073629380792710E-04
3,5,2,1,0,1,legacy-reference-bound,512,512,2975, -1.2373085274921121E+00, -5.9889540803730501E-01,  6.3841311945481038E-01,  3.3306690738754696E-15,  4.4340616248139675E-15,  0.0000000000000000E+00,  2.9420000000000002E-02,3,3617,10,3617,3627,0,1, -8.1641113071013791E+00,  1.9726845613765708E-02,  4.1818638896054749E-01,  4.2299999999999999E-01,  4.1503499553785517E-07,  9.7598577339041981E-05
3,5,2,1,0,1,legacy-reference-bound,1024,1024,5471, -1.2384440776787542E+00, -6.0003067071551908E-01,  6.3841340696323812E-01,  2.9976021664879227E-15,  2.3331488650801813E-15,  0.0000000000000000E+00,  5.6376000000000204E-02,3,6509,20,6509,6529,0,1, -8.1640756923754871E+00,  1.9726734293023709E-02,  4.1818641873119478E-01,  4.2299999999999999E-01,  2.9122062872311005E-07,  6.4980184372842587E-05
3,5,2,1,0,1,legacy-reference-bound,2048,2048,10354, -1.2390199512754312E+00, -6.0060636850864946E-01,  6.3841358276678761E-01,  5.8841820305133297E-15,  2.3870066079983987E-15,  0.0000000000000000E+00,  1.0322700000000040E-01,3,12377,40,12377,12417,0,1, -8.1640556091067626E+00,  1.9726693360132788E-02,  4.1818643551894530E-01,  4.2299999999999999E-01,  1.7626367809775445E-07,  3.7886977730217097E-05
3,5,2,1,0,1,legacy-reference-bound,4096,4096,19799, -1.2393675828239386E+00, -6.0095386473087031E-01,  6.3841371809306935E-01,  1.1102230246251565E-15,  2.7459723947811931E-15,  0.0000000000000000E+00,  1.9723999999999897E-01,3,23877,73,23877,23950,0,1, -8.1640415852790529E+00,  1.9726690529211124E-02,  4.1818644724155563E-01,  4.2299999999999999E-01,  1.3532628739820751E-07,  2.7525234211900340E-05
3,5,3,1,0,1,legacy-reference-bound,1,1,1, -1.1875000000000000E+00, -1.1875000000000000E+00,  0.0000000000000000E+00,  0.0000000000000000E+00,  0.0000000000000000E+00, -1.1875000000000000E+00,  2.1999999999522402E-05,1,2,0,2,2,0,0,  2.0000000000000000E-02,  2.0000000000000000E-02,  4.2299999999999999E-01,  4.2299999999999999E-01, -1.0000000000000000E+00, -1.0000000000000000E+00
3,5,3,1,0,1,legacy-reference-bound,2,2,2, -1.1875000000000000E+00, -1.1875000000000000E+00,  0.0000000000000000E+00,  0.0000000000000000E+00,  0.0000000000000000E+00, -5.9375000000000000E-01,  2.8999999999612669E-05,1,4,0,4,4,0,0,  2.0000000000000000E-02,  2.0000000000000000E-02,  4.2299999999999999E-01,  4.2299999999999999E-01,  0.0000000000000000E+00,  0.0000000000000000E+00
3,5,3,1,0,1,legacy-reference-bound,4,4,4, -1.1875000000000000E+00, -1.1875000000000000E+00,  0.0000000000000000E+00,  0.0000000000000000E+00,  0.0000000000000000E+00, -2.9687500000000000E-01,  4.9999999999883471E-05,1,8,0,8,8,0,0,  2.0000000000000000E-02,  2.0000000000000000E-02,  4.2299999999999999E-01,  4.2299999999999999E-01,  0.0000000000000000E+00,  0.0000000000000000E+00
3,5,3,1,0,1,legacy-reference-bound,8,8,8, -1.1875000000000000E+00, -1.1875000000000000E+00,  0.0000000000000000E+00,  0.0000000000000000E+00,  0.0000000000000000E+00, -1.4843750000000000E-01,  9.9000000000515342E-05,1,16,0,16,16,0,0,  2.0000000000000000E-02,  2.0000000000000000E-02,  4.2299999999999999E-01,  4.2299999999999999E-01,  0.0000000000000000E+00,  0.0000000000000000E+00
3,5,3,1,0,1,legacy-reference-bound,16,16,16, -1.1875000000000000E+00, -1.1875000000000000E+00,  0.0000000000000000E+00,  0.0000000000000000E+00,  0.0000000000000000E+00, -7.4218750000000000E-02,  1.9499999999972317E-04,1,32,0,32,32,0,0,  2.0000000000000000E-02,  2.0000000000000000E-02,  4.2299999999999999E-01,  4.2299999999999999E-01,  0.0000000000000000E+00,  0.0000000000000000E+00
3,5,3,1,0,1,legacy-reference-bound,32,32,32, -1.1875000000000000E+00, -1.1875000000000000E+00,  0.0000000000000000E+00,  0.0000000000000000E+00,  0.0000000000000000E+00, -3.7109375000000000E-02,  4.0400000000140324E-04,1,64,0,64,64,0,0,  2.0000000000000000E-02,  2.0000000000000000E-02,  4.2299999999999999E-01,  4.2299999999999999E-01,  0.0000000000000000E+00,  0.0000000000000000E+00
3,5,3,1,0,1,legacy-reference-bound,64,64,64, -1.1875000000000000E+00, -1.1875000000000000E+00,  0.0000000000000000E+00,  0.0000000000000000E+00,  0.0000000000000000E+00, -1.8554687500000000E-02,  7.7300000000057878E-04,1,128,0,128,128,0,0,  2.0000000000000000E-02,  2.0000000000000000E-02,  4.2299999999999999E-01,  4.2299999999999999E-01,  0.0000000000000000E+00,  0.0000000000000000E+00
3,5,3,1,0,1,legacy-reference-bound,128,128,128, -1.1875000000000000E+00, -1.1875000000000000E+00,  0.0000000000000000E+00,  0.0000000000000000E+00,  0.0000000000000000E+00, -9.2773437500000000E-03,  1.5719999999994627E-03,1,256,0,256,256,0,0,  2.0000000000000000E-02,  2.0000000000000000E-02,  4.2299999999999999E-01,  4.2299999999999999E-01,  0.0000000000000000E+00,  0.0000000000000000E+00
3,5,3,1,0,1,legacy-reference-bound,256,256,256, -1.1875000000000000E+00, -1.1875000000000000E+00,  0.0000000000000000E+00,  0.0000000000000000E+00,  0.0000000000000000E+00, -4.6386718750000000E-03,  3.2249999999987011E-03,1,512,0,512,512,0,0,  2.0000000000000000E-02,  2.0000000000000000E-02,  4.2299999999999999E-01,  4.2299999999999999E-01,  0.0000000000000000E+00,  0.0000000000000000E+00
3,5,3,1,0,1,legacy-reference-bound,512,512,512, -1.1875000000000000E+00, -1.1875000000000000E+00,  0.0000000000000000E+00,  0.0000000000000000E+00,  0.0000000000000000E+00, -2.3193359375000000E-03,  6.2619999999995457E-03,1,1024,0,1024,1024,0,0,  2.0000000000000000E-02,  2.0000000000000000E-02,  4.2299999999999999E-01,  4.2299999999999999E-01,  0.0000000000000000E+00,  0.0000000000000000E+00
3,5,3,1,0,1,legacy-reference-bound,1024,1024,1024, -1.1875000000000000E+00, -1.1875000000000000E+00,  0.0000000000000000E+00,  0.0000000000000000E+00,  0.0000000000000000E+00, -1.1596679687500000E-03,  1.2876999999999583E-02,1,2048,0,2048,2048,0,0,  2.0000000000000000E-02,  2.0000000000000000E-02,  4.2299999999999999E-01,  4.2299999999999999E-01,  0.0000000000000000E+00,  0.0000000000000000E+00
3,5,3,1,0,1,legacy-reference-bound,2048,2048,2048, -1.1875000000000000E+00, -1.1875000000000000E+00,  0.0000000000000000E+00,  0.0000000000000000E+00,  0.0000000000000000E+00, -5.7983398437500000E-04,  2.5072999999999013E-02,1,4096,0,4096,4096,0,0,  2.0000000000000000E-02,  2.0000000000000000E-02,  4.2299999999999999E-01,  4.2299999999999999E-01,  0.0000000000000000E+00,  0.0000000000000000E+00
3,5,3,1,0,1,legacy-reference-bound,4096,4096,4096, -1.1875000000000000E+00, -1.1875000000000000E+00,  0.0000000000000000E+00,  0.0000000000000000E+00,  0.0000000000000000E+00, -2.8991699218750000E-04,  5.0548000000000926E-02,1,8192,0,8192,8192,0,0,  2.0000000000000000E-02,  2.0000000000000000E-02,  4.2299999999999999E-01,  4.2299999999999999E-01,  0.0000000000000000E+00,  0.0000000000000000E+00
3,5,3,1,0,1,legacy-reference-bound,1,1,1, -1.2075000000000000E+00, -1.1875000000000000E+00,  2.0000000000003126E-02,  3.1086244689504383E-15,  0.0000000000000000E+00, -1.2075000000000000E+00,  2.0000000001019203E-05,2,2,0,2,2,0,0,  2.0000000000000000E-02,  2.0000000000000000E-02,  4.2299999999999999E-01,  4.2299999999999999E-01, -1.0000000000000000E+00, -1.0000000000000000E+00
3,5,3,1,0,1,legacy-reference-bound,2,2,2, -1.2075000000000000E+00, -1.1875000000000000E+00,  2.0000000000003126E-02,  3.1086244689504383E-15,  0.0000000000000000E+00, -6.1375000000000002E-01,  2.6999999999333113E-05,2,4,0,4,4,0,0,  2.0000000000000000E-02,  2.0000000000000000E-02,  4.2299999999999999E-01,  4.2299999999999999E-01,  0.0000000000000000E+00,  0.0000000000000000E+00
3,5,3,1,0,1,legacy-reference-bound,4,4,4, -1.2075000000000000E+00, -1.1875000000000000E+00,  2.0000000000003126E-02,  3.1086244689504383E-15,  0.0000000000000000E+00, -3.1687500000000002E-01,  4.9999999999883471E-05,2,8,0,8,8,0,0,  2.0000000000000000E-02,  2.0000000000000000E-02,  4.2299999999999999E-01,  4.2299999999999999E-01,  0.0000000000000000E+00,  0.0000000000000000E+00
3,5,3,1,0,1,legacy-reference-bound,8,8,8, -1.2075000000000000E+00, -1.1875000000000000E+00,  2.0000000000003126E-02,  3.1086244689504383E-15,  0.0000000000000000E+00, -1.6843749999999999E-01,  9.7999999999487386E-05,2,16,0,16,16,0,0,  2.0000000000000000E-02,  2.0000000000000000E-02,  4.2299999999999999E-01,  4.2299999999999999E-01,  0.0000000000000000E+00,  0.0000000000000000E+00
3,5,3,1,0,1,legacy-reference-bound,16,16,16, -1.2075000000000000E+00, -1.1875000000000000E+00,  2.0000000000003126E-02,  3.1086244689504383E-15,  0.0000000000000000E+00, -9.4218750000000004E-02,  2.0999999999915531E-04,2,32,0,32,32,0,0,  2.0000000000000000E-02,  2.0000000000000000E-02,  4.2299999999999999E-01,  4.2299999999999999E-01,  0.0000000000000000E+00,  0.0000000000000000E+00
3,5,3,1,0,1,legacy-reference-bound,32,32,32, -1.2075000000000000E+00, -1.1875000000000000E+00,  2.0000000000003126E-02,  3.1086244689504383E-15,  0.0000000000000000E+00, -5.7109375000000004E-02,  3.8699999999991519E-04,2,64,0,64,64,0,0,  2.0000000000000000E-02,  2.0000000000000000E-02,  4.2299999999999999E-01,  4.2299999999999999E-01,  0.0000000000000000E+00,  0.0000000000000000E+00
3,5,3,1,0,1,legacy-reference-bound,64,64,64, -1.2075000000000000E+00, -1.1875000000000000E+00,  2.0000000000003126E-02,  3.1086244689504383E-15,  0.0000000000000000E+00, -3.8554687500000004E-02,  7.8199999999917225E-04,2,128,0,128,128,0,0,  2.0000000000000000E-02,  2.0000000000000000E-02,  4.2299999999999999E-01,  4.2299999999999999E-01,  0.0000000000000000E+00,  0.0000000000000000E+00
3,5,3,1,0,1,legacy-reference-bound,128,128,128, -1.2075000000000000E+00, -1.1875000000000000E+00,  2.0000000000003126E-02,  3.1086244689504383E-15,  0.0000000000000000E+00, -2.9277343750000000E-02,  1.5729999999987143E-03,2,256,0,256,256,0,0,  2.0000000000000000E-02,  2.0000000000000000E-02,  4.2299999999999999E-01,  4.2299999999999999E-01,  0.0000000000000000E+00,  0.0000000000000000E+00
3,5,3,1,0,1,legacy-reference-bound,256,256,256, -1.2075000000000000E+00, -1.1875000000000000E+00,  2.0000000000003126E-02,  3.1086244689504383E-15,  0.0000000000000000E+00, -2.4638671875000000E-02,  4.1839999999986333E-03,2,512,0,512,512,0,0,  2.0000000000000000E-02,  2.0000000000000000E-02,  4.2299999999999999E-01,  4.2299999999999999E-01,  0.0000000000000000E+00,  0.0000000000000000E+00
3,5,3,1,0,1,legacy-reference-bound,512,512,512, -1.2075000000000000E+00, -1.1875000000000000E+00,  2.0000000000003126E-02,  3.1086244689504383E-15,  0.0000000000000000E+00, -2.2319335937500000E-02,  6.3890000000004221E-03,2,1024,0,1024,1024,0,0,  2.0000000000000000E-02,  2.0000000000000000E-02,  4.2299999999999999E-01,  4.2299999999999999E-01,  0.0000000000000000E+00,  0.0000000000000000E+00
3,5,3,1,0,1,legacy-reference-bound,1024,1024,1024, -1.2075000000000000E+00, -1.1875000000000000E+00,  2.0000000000003126E-02,  3.1086244689504383E-15,  0.0000000000000000E+00, -2.1159667968750000E-02,  1.2680999999998832E-02,2,2048,0,2048,2048,0,0,  2.0000000000000000E-02,  2.0000000000000000E-02,  4.2299999999999999E-01,  4.2299999999999999E-01,  0.0000000000000000E+00,  0.0000000000000000E+00
3,5,3,1,0,1,legacy-reference-bound,2048,2048,2048, -1.2075000000000000E+00, -1.1875000000000000E+00,  2.0000000000003126E-02,  3.1086244689504383E-15,  0.0000000000000000E+00, -2.0579833984375000E-02,  2.5104000000000681E-02,2,4096,0,4096,4096,0,0,  2.0000000000000000E-02,  2.0000000000000000E-02,  4.2299999999999999E-01,  4.2299999999999999E-01,  0.0000000000000000E+00,  0.0000000000000000E+00
3,5,3,1,0,1,legacy-reference-bound,4096,4096,4096, -1.2075000000000000E+00, -1.1875000000000000E+00,  2.0000000000003126E-02,  3.1086244689504383E-15,  0.0000000000000000E+00, -2.0289916992187500E-02,  5.1332999999999629E-02,2,8192,0,8192,8192,0,0,  2.0000000000000000E-02,  2.0000000000000000E-02,  4.2299999999999999E-01,  4.2299999999999999E-01,  0.0000000000000000E+00,  0.0000000000000000E+00
3,5,3,1,0,1,legacy-reference-bound,1,1,1, -1.2075000000000000E+00, -1.1875000000000000E+00,  2.0000000000003126E-02,  3.1086244689504383E-15,  0.0000000000000000E+00, -1.2075000000000000E+00,  2.1000000000270802E-05,3,2,0,2,2,0,0,  2.0000000000000000E-02,  2.0000000000000000E-02,  4.2299999999999999E-01,  4.2299999999999999E-01, -1.0000000000000000E+00, -1.0000000000000000E+00
3,5,3,1,0,1,legacy-reference-bound,2,2,2, -1.2075000000000000E+00, -1.1875000000000000E+00,  2.0000000000003126E-02,  3.1086244689504383E-15,  0.0000000000000000E+00, -6.1375000000000002E-01,  2.7000000001109470E-05,3,4,0,4,4,0,0,  2.0000000000000000E-02,  2.0000000000000000E-02,  4.2299999999999999E-01,  4.2299999999999999E-01,  0.0000000000000000E+00,  0.0000000000000000E+00
3,5,3,1,0,1,legacy-reference-bound,4,4,4, -1.2075000000000000E+00, -1.1875000000000000E+00,  2.0000000000003126E-02,  3.1086244689504383E-15,  0.0000000000000000E+00, -3.1687500000000002E-01,  5.1000000000911427E-05,3,8,0,8,8,0,0,  2.0000000000000000E-02,  2.0000000000000000E-02,  4.2299999999999999E-01,  4.2299999999999999E-01,  0.0000000000000000E+00,  0.0000000000000000E+00
3,5,3,1,0,1,legacy-reference-bound,8,8,8, -1.2075000000000000E+00, -1.1875000000000000E+00,  2.0000000000003126E-02,  3.1086244689504383E-15,  0.0000000000000000E+00, -1.6843749999999999E-01,  9.7999999999487386E-05,3,16,0,16,16,0,0,  2.0000000000000000E-02,  2.0000000000000000E-02,  4.2299999999999999E-01,  4.2299999999999999E-01,  0.0000000000000000E+00,  0.0000000000000000E+00
3,5,3,1,0,1,legacy-reference-bound,16,16,16, -1.2075000000000000E+00, -1.1875000000000000E+00,  2.0000000000003126E-02,  3.1086244689504383E-15,  0.0000000000000000E+00, -9.4218750000000004E-02,  1.9400000000047157E-04,3,32,0,32,32,0,0,  2.0000000000000000E-02,  2.0000000000000000E-02,  4.2299999999999999E-01,  4.2299999999999999E-01,  0.0000000000000000E+00,  0.0000000000000000E+00
3,5,3,1,0,1,legacy-reference-bound,32,32,32, -1.2075000000000000E+00, -1.1875000000000000E+00,  2.0000000000003126E-02,  3.1086244689504383E-15,  0.0000000000000000E+00, -5.7109375000000004E-02,  3.8500000000141199E-04,3,64,0,64,64,0,0,  2.0000000000000000E-02,  2.0000000000000000E-02,  4.2299999999999999E-01,  4.2299999999999999E-01,  0.0000000000000000E+00,  0.0000000000000000E+00
3,5,3,1,0,1,legacy-reference-bound,64,64,64, -1.2075000000000000E+00, -1.1875000000000000E+00,  2.0000000000003126E-02,  3.1086244689504383E-15,  0.0000000000000000E+00, -3.8554687500000004E-02,  7.8599999999973136E-04,3,128,0,128,128,0,0,  2.0000000000000000E-02,  2.0000000000000000E-02,  4.2299999999999999E-01,  4.2299999999999999E-01,  0.0000000000000000E+00,  0.0000000000000000E+00
3,5,3,1,0,1,legacy-reference-bound,128,128,128, -1.2075000000000000E+00, -1.1875000000000000E+00,  2.0000000000003126E-02,  3.1086244689504383E-15,  0.0000000000000000E+00, -2.9277343750000000E-02,  1.5810000000016089E-03,3,256,0,256,256,0,0,  2.0000000000000000E-02,  2.0000000000000000E-02,  4.2299999999999999E-01,  4.2299999999999999E-01,  0.0000000000000000E+00,  0.0000000000000000E+00
3,5,3,1,0,1,legacy-reference-bound,256,256,344, -1.2021645499555533E+00, -1.1821645499555533E+00,  2.0000000000003126E-02,  3.1086244689504383E-15,  1.6132928326584306E-15,  0.0000000000000000E+00,  3.9529999999992071E-03,3,589,15,589,604,0,1,  1.9999999999999629E-02,  2.0000000000000653E-02,  4.2299999999999999E-01,  4.2299999999999999E-01,  0.0000000000000000E+00,  6.5225602696727947E-16
3,5,3,1,0,1,legacy-reference-bound,512,512,650, -1.2033797985339163E+00, -1.1833797985339163E+00,  2.0000000000003126E-02,  3.1086244689504383E-15,  1.6865848995184507E-15,  0.0000000000000000E+00,  7.6320000000009713E-03,3,1142,25,1142,1167,0,1,  1.9999999999999522E-02,  2.0000000000000538E-02,  4.2299999999999999E-01,  4.2299999999999999E-01,  0.0000000000000000E+00,  7.2511441295830537E-16
3,5,3,1,0,1,legacy-reference-bound,1024,1024,1264, -1.2040528420392937E+00, -1.1840528420392937E+00,  2.0000000000003126E-02,  3.1086244689504383E-15,  1.6121002102686965E-15,  0.0000000000000000E+00,  1.5311000000000519E-02,3,2361,43,2361,2404,0,1,  1.9999999999999938E-02,  2.0000000000001121E-02,  4.2299999999999999E-01,  4.2299999999999999E-01,  0.0000000000000000E+00,  1.1622647289044608E-15
3,5,3,1,0,1,legacy-reference-bound,2048,2048,2444, -1.2043449228260563E+00, -1.1843449228260563E+00,  2.0000000000003126E-02,  3.1086244689504383E-15,  2.0219828415768415E-15,  0.0000000000000000E+00,  2.8995000000000104E-02,3,4430,69,4430,4499,0,1,  1.9999999999999810E-02,  2.0000000000000722E-02,  4.2299999999999999E-01,  4.2299999999999999E-01,  0.0000000000000000E+00,  9.7144514654701197E-16
3,5,3,1,0,1,legacy-reference-bound,4096,4096,4790, -1.2044781153711785E+00, -1.1844781153711785E+00,  2.0000000000003126E-02,  3.1086244689504383E-15,  1.6618921950400933E-15,  0.0000000000000000E+00,  5.8256000000000085E-02,3,8769,128,8769,8897,0,1,  1.9999999999999418E-02,  2.0000000000000979E-02,  4.2299999999999999E-01,  4.2299999999999999E-01,  0.0000000000000000E+00,  6.8348104953486200E-16
