geometry,bottom_mode,profile,history,steps,step,iteration,backtrack,dt,factor,old_norm,new_norm,Fmax,head_change,delta_max,old_top,new_top,old_bottom,new_bottom,qtop,qbot,Kbottom_frozen,Cbottom,jacdiag,bottom_residual,hmin,hmax,Kface,cp_tol,total_tol,head_metric,residual_sum
3.0,7.0,2.0,1.0,2.0,1.0,73.0,1.0,0.125,1.0,2.6441629517184875e-18,1.7796104863880645e-18,1.8865897732922576e-09,1.903701907224331e-08,1.903701993233938e-08,0.519054018253724,0.5190540182561311,-9.978651466991522,-9.978651447954503,-2.853594730626702,-1.7275398996502564,1.7254263262934244,0.0009002399102541748,0.7081753287224533,1.8865897732922576e-09,-9.978651447954503,0.5190540182561311,4.75,8e-12,8e-12,1.907774726396252e-09,1.886588441024628e-09
3.0,7.0,2.0,1.0,2.0,1.0,74.0,1.0,0.125,1.0,1.7796104863880645e-18,1.1977446437713314e-18,1.5477368275895742e-09,1.561773110836384e-08,1.5617731404906e-08,0.5190540182561311,0.5190540182541572,-9.978651447954503,-9.978651463572234,-2.8535947306342027,-1.727539898102521,1.7254263262934244,0.0009002399096411233,0.7081753287101922,-1.5477368275895742e-09,-9.978651463572234,0.5190540182541572,4.75,8e-12,8e-12,1.56511440346634e-09,-1.5477379378125988e-09
3.0,7.0,2.0,1.0,2.0,1.0,75.0,1.0,0.125,1.0,1.1977446437713314e-18,8.061222047098047e-19,1.2697418672047434e-09,1.2812609639922812e-08,1.2812609698786736e-08,0.5190540182541572,0.5190540182557762,-9.978651463572234,-9.978651450759624,-2.8535947306280502,-1.7275398993722626,1.7254263262934244,0.000900239910144063,0.708175328720251,1.2697418672047434e-09,-9.978651450759624,0.5190540182557762,4.75,8e-12,8e-12,1.2840021205967701e-09,1.2697447537846074e-09
3.0,7.0,2.0,1.0,2.0,1.0,76.0,1.0,0.125,1.0,8.061222047098047e-19,5.425551663228795e-19,1.0416862927797865e-09,1.051130205098616e-08,1.0511302303478878e-08,0.5190540182557762,0.5190540182544476,-9.978651450759624,-9.978651461270927,-2.853594730633099,-1.7275398983305772,1.7254263262934244,0.0009002399097314571,0.708175328711999,-1.0416862927797865e-09,-9.978651461270927,0.5190540182544476,4.75,8e-12,8e-12,1.0533790164788236e-09,-1.0416951745639835e-09
3.0,7.0,2.0,1.0,2.0,1.0,77.0,1.0,0.125,1.0,5.425551663228795e-19,3.6516939564081783e-19,8.545986140973127e-10,8.623404212926289e-09,8.623404135325711e-09,0.5190540182544476,0.5190540182555387,-9.978651461270927,-9.978651452647522,-2.853594730628953,-1.7275398991851745,1.7254263262934244,0.0009002399100699537,0.7081753287187689,8.545986140973127e-10,-9.978651452647522,0.5190540182555387,4.75,8e-12,8e-12,8.641853306927681e-10,8.545981700081029e-10
3.0,7.0,2.0,1.0,2.0,1.0,78.0,1.0,0.125,1.0,3.6516939564081783e-19,2.4577578924510566e-19,7.011073943630208e-10,7.074627106362641e-09,7.074627549275003e-09,0.5190540182555387,0.5190540182546436,-9.978651452647522,-9.97865145972215,-2.853594730632355,-1.7275398984840677,1.7254263262934244,0.0009002399097922529,0.7081753287132149,-7.011073943630208e-10,-9.97865145972215,0.5190540182546436,4.75,8e-12,8e-12,7.089762719876954e-10,-7.011076164076258e-10
3.0,7.0,2.0,1.0,2.0,1.0,79.0,1.0,0.125,1.0,2.4577578924510566e-19,1.6542221898141395e-19,5.751907838913439e-10,5.8039759665007296e-09,5.80397614901978e-09,0.5190540182546436,0.5190540182553773,-9.97865145972215,-9.978651453918173,-2.853594730629566,-1.727539899059257,1.7254263262934244,0.0009002399100200782,0.7081753287177713,5.751907838913439e-10,-9.978651453918173,0.5190540182553773,4.75,8e-12,8e-12,5.816393116773254e-10,5.752056608798739e-10
3.0,7.0,2.0,1.0,2.0,1.0,80.0,1.0,0.125,1.0,1.6542221898141395e-19,1.1133404787375188e-19,4.718772039780106e-10,4.761604444070144e-09,4.761604734827436e-09,0.5190540182553773,0.5190540182547747,-9.978651453918173,-9.978651458679778,-2.853594730631856,-1.7275398985873793,1.7254263262934244,0.0009002399098331723,0.7081753287140332,-4.718772039780106e-10,-9.978651458679778,0.5190540182547747,4.75,8e-12,8e-12,4.771791525196998e-10,-4.718905266543061e-10
3.0,7.0,2.0,1.0,32.0,29.0,73.0,2.0,0.0078125,0.3333333333333333,1.8327649623169712e-14,1.1876372949363812e-14,1.5411925868846765e-07,4.5187269726021384e-07,1.3556180918685856e-06,0.05401749688179696,0.054017491393492816,-0.7524455576921559,-0.7524460095648532,-4.620733532704728,-3.645686637668115,2.601867551486802,0.00029710012563325246,1.181145961609789,-1.5411925868846765e-07,-0.7524460095648532,2.4352418889321026,4.75,1.28e-10,1.28e-10,4.5187269726021384e-07,-1.541181156028415e-07
3.0,7.0,2.0,1.0,32.0,29.0,74.0,2.0,0.0078125,0.3333333333333333,1.1876372949363812e-14,7.695897823678285e-15,1.2406367577710853e-07,3.637512943077681e-07,1.0912538828000273e-06,0.054017491393492816,0.05401749581150208,-0.7524460095648532,-0.7524456458135589,-4.620733515916292,-3.645686864477973,2.601867551486802,0.0002971002063860102,1.1811459874506713,1.2406367577710853e-07,-0.7524456458135589,2.435242202621387,4.75,1.28e-10,1.28e-10,3.637512943077681e-07,1.240627547360873e-07
3.0,7.0,2.0,1.0,32.0,29.0,75.0,2.0,0.0078125,0.3333333333333333,7.695897823678285e-15,4.986960267315398e-15,9.986951754470397e-08,2.928143413294393e-07,8.784430238594132e-07,0.05401749581150208,0.05401749225507088,-0.7524456458135589,-0.7524459386279002,-4.620733529430731,-3.6456866818993414,2.601867551486802,0.0002971001413811552,1.181145966649118,-9.986951754470397e-08,-0.7524459386279002,2.4352419501062132,4.75,1.28e-10,1.28e-10,2.928143413294393e-07,-9.986877591572352e-08
3.0,7.0,2.0,1.0,32.0,29.0,76.0,2.0,0.0078125,0.3333333333333333,4.986960267315398e-15,3.231557623864113e-15,8.039350252175836e-08,2.35711405949246e-07,7.07134217736837e-07,0.05401749225507088,0.054017495117947734,-0.7524459386279002,-0.7524457029164943,-4.620733518551798,-3.645686828872532,2.601867551486802,0.0002971001937090908,1.1811459833940572,8.039350252175836e-08,-0.7524457029164943,2.4352421533773585,4.75,1.28e-10,1.28e-10,2.35711405949246e-07,8.039290566586033e-08
3.0,7.0,2.0,1.0,32.0,29.0,77.0,2.0,0.0078125,0.3333333333333333,3.231557623864113e-15,2.0940517107849074e-15,6.471555780152016e-08,1.8974425552986673e-07,5.69232766698867e-07,0.054017495117947734,0.054017492813373445,-0.7524457029164943,-0.7524458926607498,-4.620733527309181,-3.645686710561297,2.601867551486802,0.0002971001515858431,1.181145969914618,-6.471555780152016e-08,-0.7524458926607498,2.435241989747041,4.75,1.28e-10,1.28e-10,1.8974425552986673e-07,-6.47150772969951e-08
3.0,7.0,2.0,1.0,32.0,29.0,78.0,2.0,0.0078125,0.3333333333333333,2.0940517107849074e-15,1.3569511454060562e-15,5.2095127323070756e-08,1.5274125497732882e-07,4.582237648368645e-07,0.054017492813373445,0.05401749466852084,-0.7524458926607498,-0.7524457399194948,-4.620733520259621,-3.6456868058001213,2.601867551486802,0.00029710018549444577,1.1811459807653708,5.2095127323070756e-08,-0.7524457399194948,2.4352421214669713,4.75,1.28e-10,1.28e-10,1.5274125497732882e-07,5.2094740077279766e-08
3.0,7.0,2.0,1.0,32.0,29.0,79.0,2.0,0.0078125,0.3333333333333333,1.3569511454060562e-15,8.793114782322762e-16,4.19359387215934e-08,1.2295459994593472e-07,3.6886379995953364e-07,0.05401749466852084,0.0540174931751528,-0.7524457399194948,-0.7524458628740948,-4.62073352593442,-3.6456867291341166,2.601867551486802,0.00029710015819853404,1.1811459720306792,-4.19359387215934e-08,-0.7524458628740948,2.4352420154342482,4.75,1.28e-10,1.28e-10,1.2295459994593472e-07,-4.193562874732493e-08
3.0,7.0,2.0,1.0,32.0,29.0,80.0,2.0,0.0078125,0.3333333333333333,8.793114782322762e-16,5.698010704643461e-16,3.375799373372956e-08,9.897694297489323e-08,2.96930828797952e-07,0.0540174931751528,0.05401749437729579,-0.7524458628740948,-0.7524457638971518,-4.620733521366276,-3.6456867908493784,2.601867551486802,0.0002971001801713661,1.1811459790619854,3.375799373372956e-08,-0.7524457638971518,2.4352421007892886,4.75,1.28e-10,1.28e-10,9.897694297489323e-08,3.375774326741521e-08
3.0,7.0,2.0,1.0,64.0,55.0,73.0,17.0,0.00390625,2.323057312541878e-08,0.0004511747486677019,0.00045117480767253523,0.0243643393331876,2.2185122183771e-08,0.31833225466808207,0.033375612018719865,0.033375612617499884,-0.57755331003756,-0.5775532971135522,-4.699172672053501,-3.7635682117403153,2.929175052344434,0.0002635482087427967,1.3981807145048566,0.012886421015140037,-0.5775532971135522,1.3765401813690132,4.75,2.56e-10,2.56e-10,2.2185122183771e-08,-0.06393038859528044
3.0,7.0,2.0,1.0,64.0,55.0,74.0,17.0,0.00390625,2.323057312541878e-08,0.00045117480767253523,0.0004511748666856617,0.024364337635200073,2.218511863105732e-08,0.3183322037001749,0.033375612617499884,0.033375613216279826,-0.5775532971135522,-0.5775532841895481,-4.699172669778136,-3.7635682211997645,2.929175052344434,0.00026354820606909116,1.3981807127936852,0.012886429576555614,-0.5775532841895481,1.3765401985897747,4.75,2.56e-10,2.56e-10,2.218511863105732e-08,-0.06393037468052132
3.0,7.0,2.0,1.0,64.0,55.0,75.0,17.0,0.00390625,2.323057312541878e-08,0.0004511748666856617,0.00045117492570025965,0.024364335937210768,2.2185115078343642e-08,0.318332152730273,0.033375613216279826,0.03337561381505969,-0.5775532841895481,-0.5775532712655479,-4.699172667502773,-3.763568230659327,2.929175052344434,0.0002635482033953864,1.3981807110825142,0.012886438138082656,-0.5775532712655479,1.3765402158105324,4.75,2.56e-10,2.56e-10,2.2185115078343642e-08,-0.06393036076565073
3.0,7.0,2.0,1.0,64.0,55.0,76.0,17.0,0.00390625,2.323057312541878e-08,0.00045117492570025965,0.00045117498470970737,0.02436433423922235,2.2185111525629964e-08,0.31833210176001475,0.03337561381505969,0.03337561441383948,-0.5775532712655479,-0.5775532583415516,-4.69917266522741,-3.7635682401185515,2.929175052344434,0.00026354820072168244,1.3981807093713436,0.01288644669920247,-0.5775532583415516,1.3765402330312861,4.75,2.56e-10,2.56e-10,2.2185111525629964e-08,-0.06393034685118915
3.0,7.0,2.0,1.0,64.0,55.0,77.0,17.0,0.00390625,2.323057312541878e-08,0.00045117498470970737,0.0004511750437230442,0.024364332541233935,2.2185107972916285e-08,0.31833205079104665,0.03337561441383948,0.03337561501261919,-0.5775532583415516,-0.5775532454175591,-4.699172662952047,-3.7635682495780016,2.929175052344434,0.00026354819804797917,1.3981807076601735,0.012886455260618046,-0.5775532454175591,1.376540250252036,4.75,2.56e-10,2.56e-10,2.2185107972916285e-08,-0.06393033293643091
3.0,7.0,2.0,1.0,64.0,55.0,78.0,17.0,0.00390625,2.323057312541878e-08,0.0004511750437230442,0.00045117510272686353,0.02436433084324552,2.2185104420202606e-08,0.3183319998211435,0.03337561501261919,0.03337561561139882,-0.5775532454175591,-0.5775532324935705,-4.699172660676684,-3.763568259036848,2.929175052344434,0.00026354819537427677,1.398180705949004,0.012886463821288885,-0.5775532324935705,1.3765402674727822,4.75,2.56e-10,2.56e-10,2.2185104420202606e-08,-0.0639303190224183
3.0,7.0,2.0,1.0,64.0,55.0,79.0,17.0,0.00390625,2.323057312541878e-08,0.00045117510272686353,0.00045117516174182176,0.024364329145257102,2.2185100867488927e-08,0.3183319488535903,0.03337561561139882,0.03337561621017837,-0.5775532324935705,-0.5775532195695857,-4.699172658401322,-3.763568268496412,2.929175052344434,0.000263548192700575,1.3981807042378347,0.012886472382818148,-0.5775532195695857,1.3765402846935244,4.75,2.56e-10,2.56e-10,2.2185100867488927e-08,-0.06393030510754727
3.0,7.0,2.0,1.0,64.0,55.0,80.0,17.0,0.00390625,2.323057312541878e-08,0.00045117516174182176,0.00045117522075111184,0.024364327447269574,2.218509731477525e-08,0.31833189788333005,0.03337561621017837,0.03337561680895784,-0.5775532195695857,-0.5775532066456048,-4.699172656125961,-3.7635682779555983,2.929175052344434,0.0002635481900268741,1.3981807025266662,0.01288648094389977,-0.5775532066456048,1.3765403019142628,4.75,2.56e-10,2.56e-10,2.218509731477525e-08,-0.06393029119312565
3.0,7.0,2.0,1.0,128.0,108.0,73.0,17.0,0.001953125,2.323057312541878e-08,0.03269147195605919,0.03269147195940103,0.24670657067886026,5.756344512164446e-08,0.8259725207138277,0.02673953902829466,0.02673953977399653,-0.18740684448475664,-0.18740679666840201,-4.724389748858814,-4.145157448823171,3.4429039131223655,0.00015806882479877356,1.6755279121095965,0.06722210873413026,-0.18740679666840201,0.5254611213717023,4.75,5.12e-10,5.12e-10,5.756344512164446e-08,-0.1794838351644481
3.0,7.0,2.0,1.0,128.0,108.0,74.0,17.0,0.001953125,2.323057312541878e-08,0.03269147195940103,0.0326914719628742,0.24670655348546955,5.7563427136031464e-08,0.8259722628967193,0.02673953977399653,0.026739540519698166,-0.18740679666840201,-0.18740674885206512,-4.724389746025147,-4.145157516659578,3.4429039131223655,0.00015806880646106853,1.6755278886373342,0.06722217188587543,-0.18740674885206512,0.5254611773013533,4.75,5.12e-10,5.12e-10,5.7563427136031464e-08,-0.17948375481962398
3.0,7.0,2.0,1.0,128.0,108.0,75.0,17.0,0.001953125,2.323057312541878e-08,0.0326914719628742,0.03269147196622761,0.24670653629207973,5.7563409205929617e-08,0.8259720050722476,0.026739540519698166,0.02673954126539957,-0.18740674885206512,-0.187406701035746,-4.724389743191481,-4.14515758449442,3.4429039131223655,0.00015806878812336784,1.6755278651650773,0.0672222350357723,-0.187406701035746,0.5254612332309869,4.75,5.12e-10,5.12e-10,5.7563409205929617e-08,-0.1794836744766508
3.0,7.0,2.0,1.0,128.0,108.0,76.0,17.0,0.001953125,2.323057312541878e-08,0.03269147196622761,0.032691471969653635,0.24670651909869168,5.756339122031662e-08,0.8259717472548813,0.02673954126539957,0.02673954201110074,-0.187406701035746,-0.18740665321944464,-4.724389740357817,-4.145157652330131,3.4429039131223655,0.00015806876978567136,1.6755278416928259,0.06722229818667902,-0.18740665321944464,0.5254612891606031,4.75,5.12e-10,5.12e-10,5.756339122031662e-08,-0.17948359413266868
3.0,7.0,2.0,1.0,128.0,108.0,77.0,17.0,0.001953125,2.323057312541878e-08,0.032691471969653635,0.0326914719730856,0.24670650190530452,5.756337323470362e-08,0.825971489433546,0.02673954201110074,0.02673954275680168,-0.18740665321944464,-0.187406605403161,-4.724389737524154,-4.145157720165861,3.4429039131223655,0.00015806875144797912,1.6755278182205797,0.06722236133760706,-0.187406605403161,0.5254613450902018,4.75,5.12e-10,5.12e-10,5.756337323470362e-08,-0.179483513788667
3.0,7.0,2.0,1.0,128.0,108.0,78.0,17.0,0.001953125,2.323057312541878e-08,0.0326914719730856,0.03269147197651529,0.24670648471191914,5.756335530460177e-08,0.8259712316120743,0.02673954275680168,0.02673954350250238,-0.187406605403161,-0.18740655758689514,-4.724389734690491,-4.145157788001487,3.4429039131223655,0.00015806873311029115,1.6755277947483391,0.06722242448843119,-0.18740655758689514,0.525461401019783,4.75,5.12e-10,5.12e-10,5.756335530460177e-08,-0.17948343344477014
3.0,7.0,2.0,1.0,128.0,108.0,79.0,17.0,0.001953125,2.323057312541878e-08,0.03269147197651529,0.032691471979891876,0.24670646751853464,5.756333731898877e-08,0.8259709737909517,0.02673954350250238,0.02673954424820285,-0.18740655758689514,-0.18740650977064705,-4.72438973185683,-4.145157855836399,3.4429039131223655,0.00015806871477260743,1.675527771276104,0.06722248763839822,-0.18740650977064705,0.5254614569493468,4.75,5.12e-10,5.12e-10,5.756333731898877e-08,-0.17948335310173125
3.0,7.0,2.0,1.0,128.0,108.0,80.0,17.0,0.001953125,2.323057312541878e-08,0.032691471979891876,0.03269147198334115,0.24670645032515104,5.756331933337577e-08,0.8259707159730874,0.02673954424820285,0.02673954499390309,-0.18740650977064705,-0.18740646195441668,-4.7243897290231684,-4.1451579236721825,3.4429039131223655,0.000158068696434928,1.6755277478038744,0.06722255078937955,-0.18740646195441668,0.5254615128788931,4.75,5.12e-10,5.12e-10,5.756331933337577e-08,-0.17948327275767895
3.0,7.0,2.0,1.0,256.0,213.0,73.0,8.0,0.0009765625,0.0004572473708276177,3.468069750851287e-20,3.4678478638522596e-20,1.0852074794343025e-10,1.98596694644948e-12,4.34326297409608e-09,0.025643335645376786,0.02564333564543786,-0.44130783595091044,-0.4413078359503878,-4.728555324547336,-3.871385674339978,3.418389254211453,0.00023326586727659437,2.029418853126591,1.0852074794343025e-10,-0.4413078359503878,0.4432501812997662,4.75,1.024e-09,1.024e-09,1.98596694644948e-12,-1.1892962170634291e-09
3.0,7.0,2.0,1.0,256.0,213.0,74.0,9.0,0.0009765625,0.00015241579027587258,3.4678478638522596e-20,3.4742108124329235e-20,1.091855494905758e-10,6.61637411525362e-13,4.341018324532251e-09,0.02564333564543786,0.025643335645458207,-0.4413078359503878,-0.4413078359502137,-4.7285553245472585,-3.8713856743404786,3.418389254211453,0.00023326586727646898,2.02941885312627,1.091855494905758e-10,-0.4413078359502137,0.44325018130008936,4.75,1.024e-09,1.024e-09,6.61637411525362e-13,-1.1884342399071102e-09
3.0,7.0,2.0,1.0,256.0,213.0,75.0,8.0,0.0009765625,0.0004572473708276177,3.4742108124329235e-20,3.467623442341751e-20,1.0882317269533814e-10,1.9843016119125423e-12,4.339709135128102e-09,0.025643335645458207,0.02564333564551923,-0.4413078359502137,-0.4413078359496921,-4.728555324547027,-3.8713856743404786,3.418389254211453,0.00023326586727642718,2.029418853126163,1.0882317269533814e-10,-0.4413078359496921,0.44325018130105837,4.75,1.024e-09,1.024e-09,1.9843016119125423e-12,-1.1882024253395684e-09
3.0,7.0,2.0,1.0,256.0,213.0,76.0,9.0,0.0009765625,0.00015241579027587258,3.467623442341751e-20,3.4718205628350024e-20,1.0928813409805116e-10,6.61193322315512e-13,4.33802081005572e-09,0.02564333564551923,0.025643335645539566,-0.4413078359496921,-0.4413078359495182,-4.728555324546949,-3.8713856743407793,3.418389254211453,0.00023326586727630207,2.0294188531258426,1.0928813409805116e-10,-0.4413078359495182,0.4432501813013813,4.75,1.024e-09,1.024e-09,6.61193322315512e-13,-1.187540288327682e-09
3.0,7.0,2.0,1.0,256.0,213.0,77.0,9.0,0.0009765625,0.00015241579027587258,3.4718205628350024e-20,3.469623051312901e-20,1.0916734183297194e-10,6.610267888618182e-13,4.336902056833516e-09,0.025643335645539566,0.025643335645559893,-0.4413078359495182,-0.4413078359493445,-4.728555324546873,-3.8713856743407793,3.418389254211453,0.00023326586727626038,2.029418853125736,1.0916734183297194e-10,-0.4413078359493445,0.44325018130170407,4.75,1.024e-09,1.024e-09,6.610267888618182e-13,-1.1874639049835878e-09
3.0,7.0,2.0,1.0,256.0,213.0,78.0,9.0,0.0009765625,0.00015241579027587258,3.469623051312901e-20,3.4760240742355734e-20,1.0983169929090764e-10,6.609157665593557e-13,4.336340377875528e-09,0.025643335645559893,0.02564333564558022,-0.4413078359493445,-0.4413078359491707,-4.728555324546795,-3.8713856743412793,3.418389254211453,0.0002332658672762187,2.0294188531256294,1.0983169929090764e-10,-0.4413078359491707,0.4432501813020268,4.75,1.024e-09,1.024e-09,6.609157665593557e-13,-1.186601483738059e-09
3.0,7.0,2.0,1.0,256.0,213.0,79.0,8.0,0.0009765625,0.0004572473708276177,3.4760240742355734e-20,3.475866146323526e-20,1.1005596434188192e-10,1.9821921881657545e-12,4.33503237030406e-09,0.02564333564558022,0.025643335645641183,-0.4413078359491707,-0.4413078359486501,-4.728555324546564,-3.87138567434158,3.418389254211453,0.00023326586727617698,2.0294188531255224,1.1005596434188192e-10,-0.4413078359486501,0.44325018130299443,4.75,1.024e-09,1.024e-09,1.9821921881657545e-12,-1.1857856918595644e-09
3.0,7.0,2.0,1.0,256.0,213.0,80.0,8.0,0.0009765625,0.0004572473708276177,3.475866146323526e-20,3.469267021021574e-20,1.0969447572506397e-10,1.9811374762923606e-12,4.332789735084581e-09,0.025643335645641183,0.025643335645702117,-0.4413078359486501,-0.4413078359481299,-4.728555324546332,-3.87138567434158,3.418389254211453,0.00023326586727605208,2.0294188531252026,1.0969447572506397e-10,-0.4413078359481299,0.44325018130396143,4.75,1.024e-09,1.024e-09,1.9811374762923606e-12,-1.1855538772920227e-09
3.0,7.0,2.0,1.0,512.0,426.0,73.0,6.0,0.00048828125,0.004115226337448559,0.002004580051986634,0.0019878600959451487,0.06305331229909505,0.000951792471088243,0.2312855704744429,0.02140039210693635,0.02138836171636116,-0.011319904762975902,-0.012271697234064145,-4.744724225477828,-4.75,4.239034628560614,4.408802554436599e-05,2.0235376164992767,0.06305331229909505,-0.012271697234064145,0.12690187478814785,4.75,2.048e-09,2.048e-09,0.000951792471088243,0.06305361275920163
3.0,7.0,2.0,1.0,512.0,426.0,74.0,8.0,0.00048828125,0.0004572473708276177,0.0019878600959451487,0.001986039772713249,0.06302443609762332,0.00010216099289202078,0.22342609145485065,0.02138836171636116,0.021387070429435308,-0.012271697234064145,-0.012373858226956165,-4.744729132368146,-4.75,4.239034628560614,4.573762359448406e-05,2.031983558515881,0.06302443609762332,-0.012373858226956165,0.12680244336753704,4.75,2.048e-09,2.048e-09,0.00010216099289202078,0.06302473691136257
3.0,7.0,2.0,1.0,512.0,426.0,75.0,10.0,0.00048828125,5.0805263425290864e-05,0.001986039772713249,0.0019858379404536016,0.06302123357174239,1.1310553454988923e-05,0.22262562365454827,0.021387070429435308,0.021386927467135736,-0.012373858226956165,-0.012385168780411154,-4.7447296756248845,-4.75,4.239034628560614,4.591047684262315e-05,2.032868567146353,0.06302123357174239,-0.012385168780411154,0.1267914350132836,4.75,2.048e-09,2.048e-09,1.1310553454988923e-05,0.06302153442456149
3.0,7.0,2.0,1.0,512.0,426.0,76.0,13.0,0.00048828125,1.881676423158921e-06,0.0019858379404536016,0.001985830467010263,0.06302111498551444,4.1874353342435944e-07,0.22253748214634633,0.021386927467135736,0.021386922174332072,-0.012385168780411154,-0.012385587523944579,-4.744729695737538,-4.75,4.239034628560614,4.592956605264496e-05,2.0329663039016648,0.06302111498551444,-0.012385587523944579,0.12679102745788176,4.75,2.048e-09,2.048e-09,4.1874353342435944e-07,0.0630214158397795
3.0,7.0,2.0,1.0,512.0,426.0,77.0,13.0,0.00048828125,1.881676423158921e-06,0.001985830467010263,0.0019858229935636354,0.06302099639901115,4.187373965607727e-07,0.22253422076578872,0.021386922174332072,0.021386916881605975,-0.012385587523944579,-0.01238600626134114,-4.744729715849897,-4.75,4.239034628560614,4.5930272598075734e-05,2.0329699214142707,0.06302099639901115,-0.01238600626134114,0.1267906199084528,4.75,2.048e-09,2.048e-09,4.187373965607727e-07,0.06302129725472394
3.0,7.0,2.0,1.0,512.0,426.0,78.0,16.0,0.00048828125,6.969171937625634e-08,0.0019858229935636354,0.0019858227167742753,0.06302099200699285,1.5508565185534673e-08,0.22253095956161897,0.021386916881605975,0.021386916685581955,-0.01238600626134114,-0.012386021769906325,-4.744729716594788,-4.75,4.239034628560614,4.5930979120132854e-05,2.032973538807203,0.06302099200699285,-0.012386021769906325,0.12679060481425072,4.75,2.048e-09,2.048e-09,1.5508565185534673e-08,0.06302129286275893
3.0,7.0,2.0,1.0,512.0,426.0,79.0,16.0,0.00048828125,6.969171937625634e-08,0.0019858227167742753,0.0019858224400207576,0.06302098761554298,1.5508556768656367e-08,0.2225308387806898,0.021386916685581955,0.021386916489558042,-0.012386021769906325,-0.012386037278463094,-4.74472971733968,-4.75,4.239034628560614,4.593100528698297e-05,2.0329736727814756,0.06302098761554298,-0.012386037278463094,0.12679058972005683,4.75,2.048e-09,2.048e-09,1.5508556768656367e-08,0.06302128847136235
3.0,7.0,2.0,1.0,512.0,426.0,80.0,17.0,0.00048828125,2.323057312541878e-08,0.0019858224400207576,0.006835660551138252,0.11692442474638653,1.5508548351778062e-08,0.2225307180020123,0.021386916489558042,0.021386916293534234,-0.012386037278463094,-0.012386052787011445,-4.74472971808457,-4.570054592030656,4.239034628560614,4.593103145380102e-05,2.032973806755584,-0.11692442474638653,-0.012386052787011445,0.12679057462587112,4.75,2.048e-09,2.048e-09,1.5508548351778062e-08,-0.11692412389051388
3.0,7.0,2.0,1.0,1024.0,849.0,73.0,13.0,0.000244140625,1.881676423158921e-06,0.0011392810962398696,0.0011392768086365295,0.04773419756602504,1.7327121984087035e-07,0.09208343034313704,0.020934109137274486,0.02093410694637545,-0.012385772562730423,-0.012385945833950264,-4.746450393603773,-4.75,4.362679255463541,4.593058480963579e-05,2.2928650395433787,0.04773419756602504,-0.012385945833950264,0.09192526086087159,4.75,4.096e-09,4.096e-09,1.7327121984087035e-07,0.04773434556607725
3.0,7.0,2.0,1.0,1024.0,849.0,74.0,14.0,0.000244140625,6.27225474386307e-07,0.0011392768086365295,0.0011392753794925365,0.04773416762639027,5.775663104896911e-08,0.09208272528257833,0.02093410694637545,0.020934106216081366,-0.012385945833950264,-0.012386003590581313,-4.746450396378891,-4.75,4.362679255463541,4.593087716375569e-05,2.292868033249566,0.04773416762639027,-0.012386003590581313,0.09192520462701026,4.75,4.096e-09,4.096e-09,5.775663104896911e-08,0.047734315626626334
3.0,7.0,2.0,1.0,1024.0,849.0,75.0,15.0,0.000244140625,2.0907515812876902e-07,0.0011392753794925365,0.0011392749031476962,0.04773415764727229,1.9252161214192154e-08,0.09208249026869413,0.020934106216081366,0.020934105972650625,-0.012386003590581313,-0.012386022842742527,-4.746450397303928,-4.75,4.362679255463541,4.593097461388748e-05,2.292869031138916,0.04773415764727229,-0.012386022842742527,0.09192518588243766,4.75,4.096e-09,4.096e-09,1.9252161214192154e-08,0.04773430564756964
3.0,7.0,2.0,1.0,1024.0,849.0,76.0,15.0,0.000244140625,2.0907515812876902e-07,0.0011392749031476962,0.0011392744267486878,0.047734147667017446,1.9252144834933094e-08,0.09208241193265157,0.020934105972650625,0.020934105729220092,-0.012386022842742527,-0.012386042094887362,-4.746450398228964,-4.75,4.362679255463541,4.593100709712682e-05,2.2928693637672866,0.047734147667017446,-0.012386042094887362,0.091925167137881,4.75,4.096e-09,4.096e-09,1.9252144834933094e-08,0.04773429566737697
3.0,7.0,2.0,1.0,1024.0,849.0,77.0,17.0,0.000244140625,2.323057312541878e-08,0.0011392744267486878,0.008739905416129646,0.13221123565060022,6.417376153047827e-09,0.09208233359461777,0.020934105729220092,0.02093410564807665,-0.012386042094887362,-0.012386048512263515,-4.746450398537309,-4.5700546200102705,4.362679255463541,4.593103958031099e-05,2.2928696963950927,-0.13221123565060022,-0.012386048512263515,0.09192516088970076,4.75,4.096e-09,4.096e-09,6.417376153047827e-09,-0.13221108765022027
3.0,7.0,2.0,1.0,1024.0,849.0,78.0,1.0,0.000244140625,1.0,0.008739905416129646,0.002047591570152877,0.06399361796503111,0.25504347146018114,0.25504347146018114,0.02093410564807665,0.02415890998128402,-0.012386048512263515,0.24265742294791762,-4.734196142071121,-4.75,4.362679255463541,4.5931050408023714e-05,2.292869807270871,0.06399361796503111,0.02415890998128402,0.34024413871977144,4.75,4.096e-09,4.096e-09,0.25504347146018114,0.06399239171027826
3.0,7.0,2.0,1.0,1024.0,849.0,79.0,3.0,0.000244140625,0.1111111111111111,0.002047591570152877,0.0016178522337132227,0.05688325296096863,0.1479682088389409,1.3317138795504682,0.02415890998128402,0.022287984370772892,0.24265742294791762,0.09468921410897671,-4.741305659391063,-4.75,4.362679255463541,2.44140625e-11,1.8225361010927081,0.05688325296096863,0.022287984370772892,0.19617728798020584,4.75,4.096e-09,4.096e-09,0.1479682088389409,0.05688287439033601
3.0,7.0,2.0,1.0,1024.0,849.0,80.0,4.0,0.000244140625,0.037037037037037035,0.0016178522337132227,0.001500231203939921,0.05477647677497188,0.043842821242419255,1.18375617354532,0.022287984370772892,0.021733628747775548,0.09468921410897671,0.050846392866557455,-4.743412210758453,-4.75,4.362679255463541,2.44140625e-11,1.8225361010927081,0.05477647677497188,0.021733628747775548,0.15349042544484526,4.75,4.096e-09,4.096e-09,0.043842821242419255,0.05477632302294655
3.0,7.0,2.0,1.0,2048.0,1695.0,73.0,14.0,0.0001220703125,6.27225474386307e-07,0.0005403652077837671,0.0005403645299070348,0.03287444387079219,2.085471971849384e-08,0.033249159306646264,0.020594960791148694,0.02059496052738173,-0.012386006262320224,-0.012386027117039943,-4.74773914999595,-4.75,4.457477828876282,4.5930979121784825e-05,2.7821620181894096,0.03287444387079219,-0.012386027117039943,0.06581145289875329,4.75,8.192e-09,8.192e-09,2.085471971849384e-08,0.03287452101686572
3.0,7.0,2.0,1.0,2048.0,1695.0,74.0,15.0,0.0001220703125,2.0907515812876902e-07,0.0005403645299070348,0.0005403643039482477,0.03287443699740411,6.9515638124323376e-09,0.03324911421805959,0.02059496052738173,0.02059496043945953,-0.012386027117039943,-0.012386034068603755,-4.7477391503300534,-4.75,4.457477828876282,4.5931014308938126e-05,2.7821627388223096,0.03287443699740411,-0.012386034068603755,0.06581144612862987,4.75,8.192e-09,8.192e-09,6.9515638124323376e-09,0.032874514143495404
3.0,7.0,2.0,1.0,2048.0,1695.0,75.0,15.0,0.0001220703125,2.0907515812876902e-07,0.0005403643039482477,0.0005403640779894788,0.03287443012401514,6.9515606708481226e-09,0.0332490991885617,0.02059496043945953,0.020594960351537368,-0.012386034068603755,-0.012386041020164426,-4.747739150664158,-4.75,4.457477828876282,4.593102603796614e-05,2.782162979032803,0.03287443012401514,-0.012386041020164426,0.0658114393585095,4.75,8.192e-09,8.192e-09,6.9515606708481226e-09,0.0328745072701242
3.0,7.0,2.0,1.0,2048.0,1695.0,76.0,17.0,0.0001220703125,2.323057312541878e-08,0.0005403640779894788,0.010814927502235018,0.14707091828254093,2.317185842509728e-09,0.03324908415907724,0.020594960351537368,0.020594960322229995,-0.012386041020164426,-0.012386043337350269,-4.747739150775526,-4.570054653885331,4.457477828876282,4.593103776698527e-05,2.782163219243115,-0.14707091828254093,-0.012386043337350269,0.06581143710180373,4.75,8.192e-09,8.192e-09,2.317185842509728e-09,-0.14707084113642743
3.0,7.0,2.0,1.0,2048.0,1695.0,77.0,1.0,0.0001220703125,1.0,0.010814927502235018,0.00115352620564278,0.048031785426611684,0.14874672175997325,0.14874672175997325,0.020594960322229995,0.022476245621002422,-0.012386043337350269,0.13636067842262298,-4.740590266640191,-4.75,4.457477828876282,4.593104167665576e-05,2.7821632993131664,0.048031785426611684,0.022476245621002422,0.21067562078442745,4.75,8.192e-09,8.192e-09,0.14874672175997325,0.04803107005466867
3.0,7.0,2.0,1.0,2048.0,1695.0,78.0,3.0,0.0001220703125,0.1111111111111111,0.00115352620564278,0.0009114292982077809,0.042694948136930755,0.11103088261390917,0.9992779435251826,0.022476245621002422,0.021071976194624812,0.13636067842262298,0.025329795808713806,-4.745926490460426,-4.75,4.457477828876282,1.220703125e-11,1.8414958157752566,0.042694948136930755,0.021071976194624812,0.10254283762232654,4.75,8.192e-09,8.192e-09,0.11103088261390917,0.04269484623443365
3.0,7.0,2.0,1.0,2048.0,1695.0,79.0,4.0,0.0001220703125,0.037037037037037035,0.0009114292982077809,0.0006725091247703188,0.03667449044691029,0.03289833125006881,0.8882549437518579,0.021071976194624812,0.02065589089000497,0.025329795808713806,-0.007568535441355002,-4.747507614617981,-4.75,4.457477828876282,1.220703125e-11,1.8414958157752566,0.03667449044691029,-0.007568535441355002,0.07050320306436372,4.75,8.192e-09,8.192e-09,0.03289833125006881,0.03667455053771729
3.0,7.0,2.0,1.0,2048.0,1695.0,80.0,4.0,0.0001220703125,0.037037037037037035,0.0006725091247703188,0.0006236161431567103,0.03531617598655412,0.0021404434524258317,0.057791973215497464,0.02065589089000497,0.020628819170641553,-0.007568535441355002,-0.009708978893780834,-4.747610487151562,-4.75,4.457477828876282,2.8639150134734948e-05,2.4280253605346283,0.03531617598655412,-0.009708978893780834,0.06841862757277548,4.75,8.192e-09,8.192e-09,0.0021404434524258317,0.03531624414593182
3.0,7.0,2.0,1.0,4096.0,3386.0,73.0,15.0,6.103515625e-05,2.0907515812876902e-07,0.0009830435044239356,0.0009830416985305904,0.04434053898027379,4.804887005632752e-09,0.02298162560017592,0.0208268808717523,0.020826880932511532,-0.01238605096689759,-0.012386046162010585,-4.746857852456456,-4.570054635403802,4.392441441147634,4.5931054549602267e-05,3.709824282581236,-0.04434053898027379,-0.012386046162010585,0.0836698742219131,4.75,1.6384e-08,1.6384e-08,4.804887005632752e-09,-0.04434054542579968
3.0,7.0,2.0,1.0,4096.0,3386.0,74.0,16.0,6.103515625e-05,6.969171937625634e-08,0.0009830416985305904,0.0009830410971584003,0.04434052541768985,1.6016278060748679e-09,0.022981608446380454,0.020826880932511532,0.020826880952764595,-0.012386046162010585,-0.012386044560382779,-4.746857852379494,-4.570054645878989,4.392441441147634,4.593104644256171e-05,3.7098239505168547,-0.04434052541768985,-0.012386044560382779,0.08366987578144663,4.75,1.6384e-08,1.6384e-08,1.6016278060748679e-09,-0.04434053186322373
3.0,7.0,2.0,1.0,4096.0,3386.0,75.0,16.0,6.103515625e-05,6.969171937625634e-08,0.0009830410971584003,0.000983040494812549,0.044340511833143026,1.6016274088231919e-09,0.02298160273536551,0.020826880952764595,0.02082688097301765,-0.012386044560382779,-0.01238604295875537,-4.746857852302533,-4.5700546563715925,4.392441441147634,4.5931043740216504e-05,3.709823839828795,-0.044340511833143026,-0.01238604295875537,0.08366987734097978,4.75,1.6384e-08,1.6384e-08,1.6016274088231919e-09,-0.044340518278684016
3.0,7.0,2.0,1.0,4096.0,3386.0,76.0,17.0,6.103515625e-05,2.323057312541878e-08,0.000983040494812549,0.009194335622393484,0.1356048348872081,1.6016270098367924e-09,0.022981597012965833,0.02082688097301765,0.020826880993270704,-0.01238604295875537,-0.01238604135712836,-4.746857852225571,-4.75,4.392441441147634,4.593104103787176e-05,3.709823729140754,0.1356048348872081,-0.01238604135712836,0.08366987890051253,4.75,1.6384e-08,1.6384e-08,1.6016270098367924e-09,0.13560482844166
3.0,7.0,2.0,1.0,4096.0,3386.0,77.0,3.0,6.103515625e-05,0.1111111111111111,0.009194335622393484,0.0055764661879591435,0.10560744469931205,0.007809300552329772,0.07028370497096796,0.020826880993270704,0.020728130315330773,-0.01238604135712836,-0.020195341909458132,-4.747233104801743,-4.525765808406377,4.392441441147634,4.593103833552751e-05,3.7098236184527336,-0.10560744469931205,-0.020195341909458132,0.07606582485992838,4.75,1.6384e-08,1.6384e-08,0.007809300552329772,-0.10560741287810593
3.0,7.0,2.0,1.0,4096.0,3386.0,78.0,3.0,6.103515625e-05,0.1111111111111111,0.0055764661879591435,0.0023274409797324107,0.06822669535793757,0.004893178214261291,0.04403860392835161,0.020728130315330773,0.020790005574167072,-0.020195341909458132,-0.015302163695196842,-4.7469979788181655,-4.552077112006677,4.392441441147634,5.7373239819628146e-05,4.1784961912414955,-0.06822669535793757,-0.015302163695196842,0.0808303979038424,4.75,1.6384e-08,1.6384e-08,0.004893178214261291,-0.06822669060093922
3.0,7.0,2.0,1.0,4096.0,3386.0,79.0,4.0,6.103515625e-05,0.037037037037037035,0.0023274409797324107,0.0017196476864367969,0.05864550599043028,0.0011923003969527505,0.03219211071772425,0.020790005574167072,0.02080508252307753,-0.015302163695196842,-0.014109863298244091,-4.746940686412305,-4.559175801817282,4.392441441147634,5.056894011811102e-05,3.899792075467354,-0.05864550599043028,-0.014109863298244091,0.08199136185991006,4.75,1.6384e-08,1.6384e-08,0.0011923003969527505,-0.05864550714272543
3.0,7.0,2.0,1.0,4096.0,3386.0,80.0,4.0,6.103515625e-05,0.037037037037037035,0.0017196476864367969,0.0012449334598992827,0.04989856631005107,0.0010624913529318197,0.028687266529159126,0.02080508252307753,0.02081851802083185,-0.014109863298244091,-0.013047371945312271,-4.746889631520839,-4.565787532125682,4.392441441147634,4.87365138187321e-05,3.8247358942447933,-0.04989856631005107,-0.013047371945312271,0.08302592852880099,4.75,1.6384e-08,1.6384e-08,0.0010624913529318197,-0.049898572528600305
3.0,7.0,2.0,2.0,2.0,1.0,73.0,1.0,0.125,1.0,2.6441629517184875e-18,1.7796104863880645e-18,1.8865897732922576e-09,1.903701907224331e-08,1.903701993233938e-08,0.519054018253724,0.5190540182561311,-9.978651466991522,-9.978651447954503,-2.853594730626702,-1.7275398996502564,1.7254263262934244,0.0009002399102541748,0.7081753287224533,1.8865897732922576e-09,-9.978651447954503,0.5190540182561311,4.75,8e-12,8e-12,1.907774726396252e-09,1.886588441024628e-09
3.0,7.0,2.0,2.0,2.0,1.0,74.0,1.0,0.125,1.0,1.7796104863880645e-18,1.1977446437713314e-18,1.5477368275895742e-09,1.561773110836384e-08,1.5617731404906e-08,0.5190540182561311,0.5190540182541572,-9.978651447954503,-9.978651463572234,-2.8535947306342027,-1.727539898102521,1.7254263262934244,0.0009002399096411233,0.7081753287101922,-1.5477368275895742e-09,-9.978651463572234,0.5190540182541572,4.75,8e-12,8e-12,1.56511440346634e-09,-1.5477379378125988e-09
3.0,7.0,2.0,2.0,2.0,1.0,75.0,1.0,0.125,1.0,1.1977446437713314e-18,8.061222047098047e-19,1.2697418672047434e-09,1.2812609639922812e-08,1.2812609698786736e-08,0.5190540182541572,0.5190540182557762,-9.978651463572234,-9.978651450759624,-2.8535947306280502,-1.7275398993722626,1.7254263262934244,0.000900239910144063,0.708175328720251,1.2697418672047434e-09,-9.978651450759624,0.5190540182557762,4.75,8e-12,8e-12,1.2840021205967701e-09,1.2697447537846074e-09
3.0,7.0,2.0,2.0,2.0,1.0,76.0,1.0,0.125,1.0,8.061222047098047e-19,5.425551663228795e-19,1.0416862927797865e-09,1.051130205098616e-08,1.0511302303478878e-08,0.5190540182557762,0.5190540182544476,-9.978651450759624,-9.978651461270927,-2.853594730633099,-1.7275398983305772,1.7254263262934244,0.0009002399097314571,0.708175328711999,-1.0416862927797865e-09,-9.978651461270927,0.5190540182544476,4.75,8e-12,8e-12,1.0533790164788236e-09,-1.0416951745639835e-09
3.0,7.0,2.0,2.0,2.0,1.0,77.0,1.0,0.125,1.0,5.425551663228795e-19,3.6516939564081783e-19,8.545986140973127e-10,8.623404212926289e-09,8.623404135325711e-09,0.5190540182544476,0.5190540182555387,-9.978651461270927,-9.978651452647522,-2.853594730628953,-1.7275398991851745,1.7254263262934244,0.0009002399100699537,0.7081753287187689,8.545986140973127e-10,-9.978651452647522,0.5190540182555387,4.75,8e-12,8e-12,8.641853306927681e-10,8.545981700081029e-10
3.0,7.0,2.0,2.0,2.0,1.0,78.0,1.0,0.125,1.0,3.6516939564081783e-19,2.4577578924510566e-19,7.011073943630208e-10,7.074627106362641e-09,7.074627549275003e-09,0.5190540182555387,0.5190540182546436,-9.978651452647522,-9.97865145972215,-2.853594730632355,-1.7275398984840677,1.7254263262934244,0.0009002399097922529,0.7081753287132149,-7.011073943630208e-10,-9.97865145972215,0.5190540182546436,4.75,8e-12,8e-12,7.089762719876954e-10,-7.011076164076258e-10
3.0,7.0,2.0,2.0,2.0,1.0,79.0,1.0,0.125,1.0,2.4577578924510566e-19,1.6542221898141395e-19,5.751907838913439e-10,5.8039759665007296e-09,5.80397614901978e-09,0.5190540182546436,0.5190540182553773,-9.97865145972215,-9.978651453918173,-2.853594730629566,-1.727539899059257,1.7254263262934244,0.0009002399100200782,0.7081753287177713,5.751907838913439e-10,-9.978651453918173,0.5190540182553773,4.75,8e-12,8e-12,5.816393116773254e-10,5.752056608798739e-10
3.0,7.0,2.0,2.0,2.0,1.0,80.0,1.0,0.125,1.0,1.6542221898141395e-19,1.1133404787375188e-19,4.718772039780106e-10,4.761604444070144e-09,4.761604734827436e-09,0.5190540182553773,0.5190540182547747,-9.978651453918173,-9.978651458679778,-2.853594730631856,-1.7275398985873793,1.7254263262934244,0.0009002399098331723,0.7081753287140332,-4.718772039780106e-10,-9.978651458679778,0.5190540182547747,4.75,8e-12,8e-12,4.771791525196998e-10,-4.718905266543061e-10
3.0,7.0,2.0,2.0,32.0,29.0,73.0,2.0,0.0078125,0.3333333333333333,1.8327649623169712e-14,1.1876372949363812e-14,1.5411925868846765e-07,4.5187269726021384e-07,1.3556180918685856e-06,0.05401749688179696,0.054017491393492816,-0.7524455576921559,-0.7524460095648532,-4.620733532704728,-3.645686637668115,2.601867551486802,0.00029710012563325246,1.181145961609789,-1.5411925868846765e-07,-0.7524460095648532,2.4352418889321026,4.75,1.28e-10,1.28e-10,4.5187269726021384e-07,-1.541181156028415e-07
3.0,7.0,2.0,2.0,32.0,29.0,74.0,2.0,0.0078125,0.3333333333333333,1.1876372949363812e-14,7.695897823678285e-15,1.2406367577710853e-07,3.637512943077681e-07,1.0912538828000273e-06,0.054017491393492816,0.05401749581150208,-0.7524460095648532,-0.7524456458135589,-4.620733515916292,-3.645686864477973,2.601867551486802,0.0002971002063860102,1.1811459874506713,1.2406367577710853e-07,-0.7524456458135589,2.435242202621387,4.75,1.28e-10,1.28e-10,3.637512943077681e-07,1.240627547360873e-07
3.0,7.0,2.0,2.0,32.0,29.0,75.0,2.0,0.0078125,0.3333333333333333,7.695897823678285e-15,4.986960267315398e-15,9.986951754470397e-08,2.928143413294393e-07,8.784430238594132e-07,0.05401749581150208,0.05401749225507088,-0.7524456458135589,-0.7524459386279002,-4.620733529430731,-3.6456866818993414,2.601867551486802,0.0002971001413811552,1.181145966649118,-9.986951754470397e-08,-0.7524459386279002,2.4352419501062132,4.75,1.28e-10,1.28e-10,2.928143413294393e-07,-9.986877591572352e-08
3.0,7.0,2.0,2.0,32.0,29.0,76.0,2.0,0.0078125,0.3333333333333333,4.986960267315398e-15,3.231557623864113e-15,8.039350252175836e-08,2.35711405949246e-07,7.07134217736837e-07,0.05401749225507088,0.054017495117947734,-0.7524459386279002,-0.7524457029164943,-4.620733518551798,-3.645686828872532,2.601867551486802,0.0002971001937090908,1.1811459833940572,8.039350252175836e-08,-0.7524457029164943,2.4352421533773585,4.75,1.28e-10,1.28e-10,2.35711405949246e-07,8.039290566586033e-08
3.0,7.0,2.0,2.0,32.0,29.0,77.0,2.0,0.0078125,0.3333333333333333,3.231557623864113e-15,2.0940517107849074e-15,6.471555780152016e-08,1.8974425552986673e-07,5.69232766698867e-07,0.054017495117947734,0.054017492813373445,-0.7524457029164943,-0.7524458926607498,-4.620733527309181,-3.645686710561297,2.601867551486802,0.0002971001515858431,1.181145969914618,-6.471555780152016e-08,-0.7524458926607498,2.435241989747041,4.75,1.28e-10,1.28e-10,1.8974425552986673e-07,-6.47150772969951e-08
3.0,7.0,2.0,2.0,32.0,29.0,78.0,2.0,0.0078125,0.3333333333333333,2.0940517107849074e-15,1.3569511454060562e-15,5.2095127323070756e-08,1.5274125497732882e-07,4.582237648368645e-07,0.054017492813373445,0.05401749466852084,-0.7524458926607498,-0.7524457399194948,-4.620733520259621,-3.6456868058001213,2.601867551486802,0.00029710018549444577,1.1811459807653708,5.2095127323070756e-08,-0.7524457399194948,2.4352421214669713,4.75,1.28e-10,1.28e-10,1.5274125497732882e-07,5.2094740077279766e-08
3.0,7.0,2.0,2.0,32.0,29.0,79.0,2.0,0.0078125,0.3333333333333333,1.3569511454060562e-15,8.793114782322762e-16,4.19359387215934e-08,1.2295459994593472e-07,3.6886379995953364e-07,0.05401749466852084,0.0540174931751528,-0.7524457399194948,-0.7524458628740948,-4.62073352593442,-3.6456867291341166,2.601867551486802,0.00029710015819853404,1.1811459720306792,-4.19359387215934e-08,-0.7524458628740948,2.4352420154342482,4.75,1.28e-10,1.28e-10,1.2295459994593472e-07,-4.193562874732493e-08
3.0,7.0,2.0,2.0,32.0,29.0,80.0,2.0,0.0078125,0.3333333333333333,8.793114782322762e-16,5.698010704643461e-16,3.375799373372956e-08,9.897694297489323e-08,2.96930828797952e-07,0.0540174931751528,0.05401749437729579,-0.7524458628740948,-0.7524457638971518,-4.620733521366276,-3.6456867908493784,2.601867551486802,0.0002971001801713661,1.1811459790619854,3.375799373372956e-08,-0.7524457638971518,2.4352421007892886,4.75,1.28e-10,1.28e-10,9.897694297489323e-08,3.375774326741521e-08
3.0,7.0,2.0,2.0,64.0,55.0,73.0,17.0,0.00390625,2.323057312541878e-08,0.0004511747486677019,0.00045117480767253523,0.0243643393331876,2.2185122183771e-08,0.31833225466808207,0.033375612018719865,0.033375612617499884,-0.57755331003756,-0.5775532971135522,-4.699172672053501,-3.7635682117403153,2.929175052344434,0.0002635482087427967,1.3981807145048566,0.012886421015140037,-0.5775532971135522,1.3765401813690132,4.75,2.56e-10,2.56e-10,2.2185122183771e-08,-0.06393038859528044
3.0,7.0,2.0,2.0,64.0,55.0,74.0,17.0,0.00390625,2.323057312541878e-08,0.00045117480767253523,0.0004511748666856617,0.024364337635200073,2.218511863105732e-08,0.3183322037001749,0.033375612617499884,0.033375613216279826,-0.5775532971135522,-0.5775532841895481,-4.699172669778136,-3.7635682211997645,2.929175052344434,0.00026354820606909116,1.3981807127936852,0.012886429576555614,-0.5775532841895481,1.3765401985897747,4.75,2.56e-10,2.56e-10,2.218511863105732e-08,-0.06393037468052132
3.0,7.0,2.0,2.0,64.0,55.0,75.0,17.0,0.00390625,2.323057312541878e-08,0.0004511748666856617,0.00045117492570025965,0.024364335937210768,2.2185115078343642e-08,0.318332152730273,0.033375613216279826,0.03337561381505969,-0.5775532841895481,-0.5775532712655479,-4.699172667502773,-3.763568230659327,2.929175052344434,0.0002635482033953864,1.3981807110825142,0.012886438138082656,-0.5775532712655479,1.3765402158105324,4.75,2.56e-10,2.56e-10,2.2185115078343642e-08,-0.06393036076565073
3.0,7.0,2.0,2.0,64.0,55.0,76.0,17.0,0.00390625,2.323057312541878e-08,0.00045117492570025965,0.00045117498470970737,0.02436433423922235,2.2185111525629964e-08,0.31833210176001475,0.03337561381505969,0.03337561441383948,-0.5775532712655479,-0.5775532583415516,-4.69917266522741,-3.7635682401185515,2.929175052344434,0.00026354820072168244,1.3981807093713436,0.01288644669920247,-0.5775532583415516,1.3765402330312861,4.75,2.56e-10,2.56e-10,2.2185111525629964e-08,-0.06393034685118915
3.0,7.0,2.0,2.0,64.0,55.0,77.0,17.0,0.00390625,2.323057312541878e-08,0.00045117498470970737,0.0004511750437230442,0.024364332541233935,2.2185107972916285e-08,0.31833205079104665,0.03337561441383948,0.03337561501261919,-0.5775532583415516,-0.5775532454175591,-4.699172662952047,-3.7635682495780016,2.929175052344434,0.00026354819804797917,1.3981807076601735,0.012886455260618046,-0.5775532454175591,1.376540250252036,4.75,2.56e-10,2.56e-10,2.2185107972916285e-08,-0.06393033293643091
3.0,7.0,2.0,2.0,64.0,55.0,78.0,17.0,0.00390625,2.323057312541878e-08,0.0004511750437230442,0.00045117510272686353,0.02436433084324552,2.2185104420202606e-08,0.3183319998211435,0.03337561501261919,0.03337561561139882,-0.5775532454175591,-0.5775532324935705,-4.699172660676684,-3.763568259036848,2.929175052344434,0.00026354819537427677,1.398180705949004,0.012886463821288885,-0.5775532324935705,1.3765402674727822,4.75,2.56e-10,2.56e-10,2.2185104420202606e-08,-0.0639303190224183
3.0,7.0,2.0,2.0,64.0,55.0,79.0,17.0,0.00390625,2.323057312541878e-08,0.00045117510272686353,0.00045117516174182176,0.024364329145257102,2.2185100867488927e-08,0.3183319488535903,0.03337561561139882,0.03337561621017837,-0.5775532324935705,-0.5775532195695857,-4.699172658401322,-3.763568268496412,2.929175052344434,0.000263548192700575,1.3981807042378347,0.012886472382818148,-0.5775532195695857,1.3765402846935244,4.75,2.56e-10,2.56e-10,2.2185100867488927e-08,-0.06393030510754727
3.0,7.0,2.0,2.0,64.0,55.0,80.0,17.0,0.00390625,2.323057312541878e-08,0.00045117516174182176,0.00045117522075111184,0.024364327447269574,2.218509731477525e-08,0.31833189788333005,0.03337561621017837,0.03337561680895784,-0.5775532195695857,-0.5775532066456048,-4.699172656125961,-3.7635682779555983,2.929175052344434,0.0002635481900268741,1.3981807025266662,0.01288648094389977,-0.5775532066456048,1.3765403019142628,4.75,2.56e-10,2.56e-10,2.218509731477525e-08,-0.06393029119312565
3.0,7.0,2.0,2.0,128.0,108.0,73.0,17.0,0.001953125,2.323057312541878e-08,0.03269147195605919,0.03269147195940103,0.24670657067886026,5.756344512164446e-08,0.8259725207138277,0.02673953902829466,0.02673953977399653,-0.18740684448475664,-0.18740679666840201,-4.724389748858814,-4.145157448823171,3.4429039131223655,0.00015806882479877356,1.6755279121095965,0.06722210873413026,-0.18740679666840201,0.5254611213717023,4.75,5.12e-10,5.12e-10,5.756344512164446e-08,-0.1794838351644481
3.0,7.0,2.0,2.0,128.0,108.0,74.0,17.0,0.001953125,2.323057312541878e-08,0.03269147195940103,0.0326914719628742,0.24670655348546955,5.7563427136031464e-08,0.8259722628967193,0.02673953977399653,0.026739540519698166,-0.18740679666840201,-0.18740674885206512,-4.724389746025147,-4.145157516659578,3.4429039131223655,0.00015806880646106853,1.6755278886373342,0.06722217188587543,-0.18740674885206512,0.5254611773013533,4.75,5.12e-10,5.12e-10,5.7563427136031464e-08,-0.17948375481962398
3.0,7.0,2.0,2.0,128.0,108.0,75.0,17.0,0.001953125,2.323057312541878e-08,0.0326914719628742,0.03269147196622761,0.24670653629207973,5.7563409205929617e-08,0.8259720050722476,0.026739540519698166,0.02673954126539957,-0.18740674885206512,-0.187406701035746,-4.724389743191481,-4.14515758449442,3.4429039131223655,0.00015806878812336784,1.6755278651650773,0.0672222350357723,-0.187406701035746,0.5254612332309869,4.75,5.12e-10,5.12e-10,5.7563409205929617e-08,-0.1794836744766508
3.0,7.0,2.0,2.0,128.0,108.0,76.0,17.0,0.001953125,2.323057312541878e-08,0.03269147196622761,0.032691471969653635,0.24670651909869168,5.756339122031662e-08,0.8259717472548813,0.02673954126539957,0.02673954201110074,-0.187406701035746,-0.18740665321944464,-4.724389740357817,-4.145157652330131,3.4429039131223655,0.00015806876978567136,1.6755278416928259,0.06722229818667902,-0.18740665321944464,0.5254612891606031,4.75,5.12e-10,5.12e-10,5.756339122031662e-08,-0.17948359413266868
3.0,7.0,2.0,2.0,128.0,108.0,77.0,17.0,0.001953125,2.323057312541878e-08,0.032691471969653635,0.0326914719730856,0.24670650190530452,5.756337323470362e-08,0.825971489433546,0.02673954201110074,0.02673954275680168,-0.18740665321944464,-0.187406605403161,-4.724389737524154,-4.145157720165861,3.4429039131223655,0.00015806875144797912,1.6755278182205797,0.06722236133760706,-0.187406605403161,0.5254613450902018,4.75,5.12e-10,5.12e-10,5.756337323470362e-08,-0.179483513788667
3.0,7.0,2.0,2.0,128.0,108.0,78.0,17.0,0.001953125,2.323057312541878e-08,0.0326914719730856,0.03269147197651529,0.24670648471191914,5.756335530460177e-08,0.8259712316120743,0.02673954275680168,0.02673954350250238,-0.187406605403161,-0.18740655758689514,-4.724389734690491,-4.145157788001487,3.4429039131223655,0.00015806873311029115,1.6755277947483391,0.06722242448843119,-0.18740655758689514,0.525461401019783,4.75,5.12e-10,5.12e-10,5.756335530460177e-08,-0.17948343344477014
3.0,7.0,2.0,2.0,128.0,108.0,79.0,17.0,0.001953125,2.323057312541878e-08,0.03269147197651529,0.032691471979891876,0.24670646751853464,5.756333731898877e-08,0.8259709737909517,0.02673954350250238,0.02673954424820285,-0.18740655758689514,-0.18740650977064705,-4.72438973185683,-4.145157855836399,3.4429039131223655,0.00015806871477260743,1.675527771276104,0.06722248763839822,-0.18740650977064705,0.5254614569493468,4.75,5.12e-10,5.12e-10,5.756333731898877e-08,-0.17948335310173125
3.0,7.0,2.0,2.0,128.0,108.0,80.0,17.0,0.001953125,2.323057312541878e-08,0.032691471979891876,0.03269147198334115,0.24670645032515104,5.756331933337577e-08,0.8259707159730874,0.02673954424820285,0.02673954499390309,-0.18740650977064705,-0.18740646195441668,-4.7243897290231684,-4.1451579236721825,3.4429039131223655,0.000158068696434928,1.6755277478038744,0.06722255078937955,-0.18740646195441668,0.5254615128788931,4.75,5.12e-10,5.12e-10,5.756331933337577e-08,-0.17948327275767895
3.0,7.0,2.0,2.0,256.0,213.0,73.0,8.0,0.0009765625,0.0004572473708276177,3.468069750851287e-20,3.4678478638522596e-20,1.0852074794343025e-10,1.98596694644948e-12,4.34326297409608e-09,0.025643335645376786,0.02564333564543786,-0.44130783595091044,-0.4413078359503878,-4.728555324547336,-3.871385674339978,3.418389254211453,0.00023326586727659437,2.029418853126591,1.0852074794343025e-10,-0.4413078359503878,0.4432501812997662,4.75,1.024e-09,1.024e-09,1.98596694644948e-12,-1.1892962170634291e-09
3.0,7.0,2.0,2.0,256.0,213.0,74.0,9.0,0.0009765625,0.00015241579027587258,3.4678478638522596e-20,3.4742108124329235e-20,1.091855494905758e-10,6.61637411525362e-13,4.341018324532251e-09,0.02564333564543786,0.025643335645458207,-0.4413078359503878,-0.4413078359502137,-4.7285553245472585,-3.8713856743404786,3.418389254211453,0.00023326586727646898,2.02941885312627,1.091855494905758e-10,-0.4413078359502137,0.44325018130008936,4.75,1.024e-09,1.024e-09,6.61637411525362e-13,-1.1884342399071102e-09
3.0,7.0,2.0,2.0,256.0,213.0,75.0,8.0,0.0009765625,0.0004572473708276177,3.4742108124329235e-20,3.467623442341751e-20,1.0882317269533814e-10,1.9843016119125423e-12,4.339709135128102e-09,0.025643335645458207,0.02564333564551923,-0.4413078359502137,-0.4413078359496921,-4.728555324547027,-3.8713856743404786,3.418389254211453,0.00023326586727642718,2.029418853126163,1.0882317269533814e-10,-0.4413078359496921,0.44325018130105837,4.75,1.024e-09,1.024e-09,1.9843016119125423e-12,-1.1882024253395684e-09
3.0,7.0,2.0,2.0,256.0,213.0,76.0,9.0,0.0009765625,0.00015241579027587258,3.467623442341751e-20,3.4718205628350024e-20,1.0928813409805116e-10,6.61193322315512e-13,4.33802081005572e-09,0.02564333564551923,0.025643335645539566,-0.4413078359496921,-0.4413078359495182,-4.728555324546949,-3.8713856743407793,3.418389254211453,0.00023326586727630207,2.0294188531258426,1.0928813409805116e-10,-0.4413078359495182,0.4432501813013813,4.75,1.024e-09,1.024e-09,6.61193322315512e-13,-1.187540288327682e-09
3.0,7.0,2.0,2.0,256.0,213.0,77.0,9.0,0.0009765625,0.00015241579027587258,3.4718205628350024e-20,3.469623051312901e-20,1.0916734183297194e-10,6.610267888618182e-13,4.336902056833516e-09,0.025643335645539566,0.025643335645559893,-0.4413078359495182,-0.4413078359493445,-4.728555324546873,-3.8713856743407793,3.418389254211453,0.00023326586727626038,2.029418853125736,1.0916734183297194e-10,-0.4413078359493445,0.44325018130170407,4.75,1.024e-09,1.024e-09,6.610267888618182e-13,-1.1874639049835878e-09
3.0,7.0,2.0,2.0,256.0,213.0,78.0,9.0,0.0009765625,0.00015241579027587258,3.469623051312901e-20,3.4760240742355734e-20,1.0983169929090764e-10,6.609157665593557e-13,4.336340377875528e-09,0.025643335645559893,0.02564333564558022,-0.4413078359493445,-0.4413078359491707,-4.728555324546795,-3.8713856743412793,3.418389254211453,0.0002332658672762187,2.0294188531256294,1.0983169929090764e-10,-0.4413078359491707,0.4432501813020268,4.75,1.024e-09,1.024e-09,6.609157665593557e-13,-1.186601483738059e-09
3.0,7.0,2.0,2.0,256.0,213.0,79.0,8.0,0.0009765625,0.0004572473708276177,3.4760240742355734e-20,3.475866146323526e-20,1.1005596434188192e-10,1.9821921881657545e-12,4.33503237030406e-09,0.02564333564558022,0.025643335645641183,-0.4413078359491707,-0.4413078359486501,-4.728555324546564,-3.87138567434158,3.418389254211453,0.00023326586727617698,2.0294188531255224,1.1005596434188192e-10,-0.4413078359486501,0.44325018130299443,4.75,1.024e-09,1.024e-09,1.9821921881657545e-12,-1.1857856918595644e-09
3.0,7.0,2.0,2.0,256.0,213.0,80.0,8.0,0.0009765625,0.0004572473708276177,3.475866146323526e-20,3.469267021021574e-20,1.0969447572506397e-10,1.9811374762923606e-12,4.332789735084581e-09,0.025643335645641183,0.025643335645702117,-0.4413078359486501,-0.4413078359481299,-4.728555324546332,-3.87138567434158,3.418389254211453,0.00023326586727605208,2.0294188531252026,1.0969447572506397e-10,-0.4413078359481299,0.44325018130396143,4.75,1.024e-09,1.024e-09,1.9811374762923606e-12,-1.1855538772920227e-09
3.0,7.0,2.0,2.0,512.0,426.0,73.0,6.0,0.00048828125,0.004115226337448559,0.002004580051986634,0.0019878600959451487,0.06305331229909505,0.000951792471088243,0.2312855704744429,0.02140039210693635,0.02138836171636116,-0.011319904762975902,-0.012271697234064145,-4.744724225477828,-4.75,4.239034628560614,4.408802554436599e-05,2.0235376164992767,0.06305331229909505,-0.012271697234064145,0.12690187478814785,4.75,2.048e-09,2.048e-09,0.000951792471088243,0.06305361275920163
3.0,7.0,2.0,2.0,512.0,426.0,74.0,8.0,0.00048828125,0.0004572473708276177,0.0019878600959451487,0.001986039772713249,0.06302443609762332,0.00010216099289202078,0.22342609145485065,0.02138836171636116,0.021387070429435308,-0.012271697234064145,-0.012373858226956165,-4.744729132368146,-4.75,4.239034628560614,4.573762359448406e-05,2.031983558515881,0.06302443609762332,-0.012373858226956165,0.12680244336753704,4.75,2.048e-09,2.048e-09,0.00010216099289202078,0.06302473691136257
3.0,7.0,2.0,2.0,512.0,426.0,75.0,10.0,0.00048828125,5.0805263425290864e-05,0.001986039772713249,0.0019858379404536016,0.06302123357174239,1.1310553454988923e-05,0.22262562365454827,0.021387070429435308,0.021386927467135736,-0.012373858226956165,-0.012385168780411154,-4.7447296756248845,-4.75,4.239034628560614,4.591047684262315e-05,2.032868567146353,0.06302123357174239,-0.012385168780411154,0.1267914350132836,4.75,2.048e-09,2.048e-09,1.1310553454988923e-05,0.06302153442456149
3.0,7.0,2.0,2.0,512.0,426.0,76.0,13.0,0.00048828125,1.881676423158921e-06,0.0019858379404536016,0.001985830467010263,0.06302111498551444,4.1874353342435944e-07,0.22253748214634633,0.021386927467135736,0.021386922174332072,-0.012385168780411154,-0.012385587523944579,-4.744729695737538,-4.75,4.239034628560614,4.592956605264496e-05,2.0329663039016648,0.06302111498551444,-0.012385587523944579,0.12679102745788176,4.75,2.048e-09,2.048e-09,4.1874353342435944e-07,0.0630214158397795
3.0,7.0,2.0,2.0,512.0,426.0,77.0,13.0,0.00048828125,1.881676423158921e-06,0.001985830467010263,0.0019858229935636354,0.06302099639901115,4.187373965607727e-07,0.22253422076578872,0.021386922174332072,0.021386916881605975,-0.012385587523944579,-0.01238600626134114,-4.744729715849897,-4.75,4.239034628560614,4.5930272598075734e-05,2.0329699214142707,0.06302099639901115,-0.01238600626134114,0.1267906199084528,4.75,2.048e-09,2.048e-09,4.187373965607727e-07,0.06302129725472394
3.0,7.0,2.0,2.0,512.0,426.0,78.0,16.0,0.00048828125,6.969171937625634e-08,0.0019858229935636354,0.0019858227167742753,0.06302099200699285,1.5508565185534673e-08,0.22253095956161897,0.021386916881605975,0.021386916685581955,-0.01238600626134114,-0.012386021769906325,-4.744729716594788,-4.75,4.239034628560614,4.5930979120132854e-05,2.032973538807203,0.06302099200699285,-0.012386021769906325,0.12679060481425072,4.75,2.048e-09,2.048e-09,1.5508565185534673e-08,0.06302129286275893
3.0,7.0,2.0,2.0,512.0,426.0,79.0,16.0,0.00048828125,6.969171937625634e-08,0.0019858227167742753,0.0019858224400207576,0.06302098761554298,1.5508556768656367e-08,0.2225308387806898,0.021386916685581955,0.021386916489558042,-0.012386021769906325,-0.012386037278463094,-4.74472971733968,-4.75,4.239034628560614,4.593100528698297e-05,2.0329736727814756,0.06302098761554298,-0.012386037278463094,0.12679058972005683,4.75,2.048e-09,2.048e-09,1.5508556768656367e-08,0.06302128847136235
3.0,7.0,2.0,2.0,512.0,426.0,80.0,17.0,0.00048828125,2.323057312541878e-08,0.0019858224400207576,0.006835660551138252,0.11692442474638653,1.5508548351778062e-08,0.2225307180020123,0.021386916489558042,0.021386916293534234,-0.012386037278463094,-0.012386052787011445,-4.74472971808457,-4.570054592030656,4.239034628560614,4.593103145380102e-05,2.032973806755584,-0.11692442474638653,-0.012386052787011445,0.12679057462587112,4.75,2.048e-09,2.048e-09,1.5508548351778062e-08,-0.11692412389051388
3.0,7.0,2.0,2.0,1024.0,849.0,73.0,13.0,0.000244140625,1.881676423158921e-06,0.0011392810962398696,0.0011392768086365295,0.04773419756602504,1.7327121984087035e-07,0.09208343034313704,0.020934109137274486,0.02093410694637545,-0.012385772562730423,-0.012385945833950264,-4.746450393603773,-4.75,4.362679255463541,4.593058480963579e-05,2.2928650395433787,0.04773419756602504,-0.012385945833950264,0.09192526086087159,4.75,4.096e-09,4.096e-09,1.7327121984087035e-07,0.04773434556607725
3.0,7.0,2.0,2.0,1024.0,849.0,74.0,14.0,0.000244140625,6.27225474386307e-07,0.0011392768086365295,0.0011392753794925365,0.04773416762639027,5.775663104896911e-08,0.09208272528257833,0.02093410694637545,0.020934106216081366,-0.012385945833950264,-0.012386003590581313,-4.746450396378891,-4.75,4.362679255463541,4.593087716375569e-05,2.292868033249566,0.04773416762639027,-0.012386003590581313,0.09192520462701026,4.75,4.096e-09,4.096e-09,5.775663104896911e-08,0.047734315626626334
3.0,7.0,2.0,2.0,1024.0,849.0,75.0,15.0,0.000244140625,2.0907515812876902e-07,0.0011392753794925365,0.0011392749031476962,0.04773415764727229,1.9252161214192154e-08,0.09208249026869413,0.020934106216081366,0.020934105972650625,-0.012386003590581313,-0.012386022842742527,-4.746450397303928,-4.75,4.362679255463541,4.593097461388748e-05,2.292869031138916,0.04773415764727229,-0.012386022842742527,0.09192518588243766,4.75,4.096e-09,4.096e-09,1.9252161214192154e-08,0.04773430564756964
3.0,7.0,2.0,2.0,1024.0,849.0,76.0,15.0,0.000244140625,2.0907515812876902e-07,0.0011392749031476962,0.0011392744267486878,0.047734147667017446,1.9252144834933094e-08,0.09208241193265157,0.020934105972650625,0.020934105729220092,-0.012386022842742527,-0.012386042094887362,-4.746450398228964,-4.75,4.362679255463541,4.593100709712682e-05,2.2928693637672866,0.047734147667017446,-0.012386042094887362,0.091925167137881,4.75,4.096e-09,4.096e-09,1.9252144834933094e-08,0.04773429566737697
3.0,7.0,2.0,2.0,1024.0,849.0,77.0,17.0,0.000244140625,2.323057312541878e-08,0.0011392744267486878,0.008739905416129646,0.13221123565060022,6.417376153047827e-09,0.09208233359461777,0.020934105729220092,0.02093410564807665,-0.012386042094887362,-0.012386048512263515,-4.746450398537309,-4.5700546200102705,4.362679255463541,4.593103958031099e-05,2.2928696963950927,-0.13221123565060022,-0.012386048512263515,0.09192516088970076,4.75,4.096e-09,4.096e-09,6.417376153047827e-09,-0.13221108765022027
3.0,7.0,2.0,2.0,1024.0,849.0,78.0,1.0,0.000244140625,1.0,0.008739905416129646,0.002047591570152877,0.06399361796503111,0.25504347146018114,0.25504347146018114,0.02093410564807665,0.02415890998128402,-0.012386048512263515,0.24265742294791762,-4.734196142071121,-4.75,4.362679255463541,4.5931050408023714e-05,2.292869807270871,0.06399361796503111,0.02415890998128402,0.34024413871977144,4.75,4.096e-09,4.096e-09,0.25504347146018114,0.06399239171027826
3.0,7.0,2.0,2.0,1024.0,849.0,79.0,3.0,0.000244140625,0.1111111111111111,0.002047591570152877,0.0016178522337132227,0.05688325296096863,0.1479682088389409,1.3317138795504682,0.02415890998128402,0.022287984370772892,0.24265742294791762,0.09468921410897671,-4.741305659391063,-4.75,4.362679255463541,2.44140625e-11,1.8225361010927081,0.05688325296096863,0.022287984370772892,0.19617728798020584,4.75,4.096e-09,4.096e-09,0.1479682088389409,0.05688287439033601
3.0,7.0,2.0,2.0,1024.0,849.0,80.0,4.0,0.000244140625,0.037037037037037035,0.0016178522337132227,0.001500231203939921,0.05477647677497188,0.043842821242419255,1.18375617354532,0.022287984370772892,0.021733628747775548,0.09468921410897671,0.050846392866557455,-4.743412210758453,-4.75,4.362679255463541,2.44140625e-11,1.8225361010927081,0.05477647677497188,0.021733628747775548,0.15349042544484526,4.75,4.096e-09,4.096e-09,0.043842821242419255,0.05477632302294655
3.0,7.0,2.0,2.0,2048.0,1695.0,73.0,14.0,0.0001220703125,6.27225474386307e-07,0.0005403652077837671,0.0005403645299070348,0.03287444387079219,2.085471971849384e-08,0.033249159306646264,0.020594960791148694,0.02059496052738173,-0.012386006262320224,-0.012386027117039943,-4.74773914999595,-4.75,4.457477828876282,4.5930979121784825e-05,2.7821620181894096,0.03287444387079219,-0.012386027117039943,0.06581145289875329,4.75,8.192e-09,8.192e-09,2.085471971849384e-08,0.03287452101686572
3.0,7.0,2.0,2.0,2048.0,1695.0,74.0,15.0,0.0001220703125,2.0907515812876902e-07,0.0005403645299070348,0.0005403643039482477,0.03287443699740411,6.9515638124323376e-09,0.03324911421805959,0.02059496052738173,0.02059496043945953,-0.012386027117039943,-0.012386034068603755,-4.7477391503300534,-4.75,4.457477828876282,4.5931014308938126e-05,2.7821627388223096,0.03287443699740411,-0.012386034068603755,0.06581144612862987,4.75,8.192e-09,8.192e-09,6.9515638124323376e-09,0.032874514143495404
3.0,7.0,2.0,2.0,2048.0,1695.0,75.0,15.0,0.0001220703125,2.0907515812876902e-07,0.0005403643039482477,0.0005403640779894788,0.03287443012401514,6.9515606708481226e-09,0.0332490991885617,0.02059496043945953,0.020594960351537368,-0.012386034068603755,-0.012386041020164426,-4.747739150664158,-4.75,4.457477828876282,4.593102603796614e-05,2.782162979032803,0.03287443012401514,-0.012386041020164426,0.0658114393585095,4.75,8.192e-09,8.192e-09,6.9515606708481226e-09,0.0328745072701242
3.0,7.0,2.0,2.0,2048.0,1695.0,76.0,17.0,0.0001220703125,2.323057312541878e-08,0.0005403640779894788,0.010814927502235018,0.14707091828254093,2.317185842509728e-09,0.03324908415907724,0.020594960351537368,0.020594960322229995,-0.012386041020164426,-0.012386043337350269,-4.747739150775526,-4.570054653885331,4.457477828876282,4.593103776698527e-05,2.782163219243115,-0.14707091828254093,-0.012386043337350269,0.06581143710180373,4.75,8.192e-09,8.192e-09,2.317185842509728e-09,-0.14707084113642743
3.0,7.0,2.0,2.0,2048.0,1695.0,77.0,1.0,0.0001220703125,1.0,0.010814927502235018,0.00115352620564278,0.048031785426611684,0.14874672175997325,0.14874672175997325,0.020594960322229995,0.022476245621002422,-0.012386043337350269,0.13636067842262298,-4.740590266640191,-4.75,4.457477828876282,4.593104167665576e-05,2.7821632993131664,0.048031785426611684,0.022476245621002422,0.21067562078442745,4.75,8.192e-09,8.192e-09,0.14874672175997325,0.04803107005466867
3.0,7.0,2.0,2.0,2048.0,1695.0,78.0,3.0,0.0001220703125,0.1111111111111111,0.00115352620564278,0.0009114292982077809,0.042694948136930755,0.11103088261390917,0.9992779435251826,0.022476245621002422,0.021071976194624812,0.13636067842262298,0.025329795808713806,-4.745926490460426,-4.75,4.457477828876282,1.220703125e-11,1.8414958157752566,0.042694948136930755,0.021071976194624812,0.10254283762232654,4.75,8.192e-09,8.192e-09,0.11103088261390917,0.04269484623443365
3.0,7.0,2.0,2.0,2048.0,1695.0,79.0,4.0,0.0001220703125,0.037037037037037035,0.0009114292982077809,0.0006725091247703188,0.03667449044691029,0.03289833125006881,0.8882549437518579,0.021071976194624812,0.02065589089000497,0.025329795808713806,-0.007568535441355002,-4.747507614617981,-4.75,4.457477828876282,1.220703125e-11,1.8414958157752566,0.03667449044691029,-0.007568535441355002,0.07050320306436372,4.75,8.192e-09,8.192e-09,0.03289833125006881,0.03667455053771729
3.0,7.0,2.0,2.0,2048.0,1695.0,80.0,4.0,0.0001220703125,0.037037037037037035,0.0006725091247703188,0.0006236161431567103,0.03531617598655412,0.0021404434524258317,0.057791973215497464,0.02065589089000497,0.020628819170641553,-0.007568535441355002,-0.009708978893780834,-4.747610487151562,-4.75,4.457477828876282,2.8639150134734948e-05,2.4280253605346283,0.03531617598655412,-0.009708978893780834,0.06841862757277548,4.75,8.192e-09,8.192e-09,0.0021404434524258317,0.03531624414593182
3.0,7.0,2.0,2.0,4096.0,3386.0,73.0,15.0,6.103515625e-05,2.0907515812876902e-07,0.0009830435044239356,0.0009830416985305904,0.04434053898027379,4.804887005632752e-09,0.02298162560017592,0.0208268808717523,0.020826880932511532,-0.01238605096689759,-0.012386046162010585,-4.746857852456456,-4.570054635403802,4.392441441147634,4.5931054549602267e-05,3.709824282581236,-0.04434053898027379,-0.012386046162010585,0.0836698742219131,4.75,1.6384e-08,1.6384e-08,4.804887005632752e-09,-0.04434054542579968
3.0,7.0,2.0,2.0,4096.0,3386.0,74.0,16.0,6.103515625e-05,6.969171937625634e-08,0.0009830416985305904,0.0009830410971584003,0.04434052541768985,1.6016278060748679e-09,0.022981608446380454,0.020826880932511532,0.020826880952764595,-0.012386046162010585,-0.012386044560382779,-4.746857852379494,-4.570054645878989,4.392441441147634,4.593104644256171e-05,3.7098239505168547,-0.04434052541768985,-0.012386044560382779,0.08366987578144663,4.75,1.6384e-08,1.6384e-08,1.6016278060748679e-09,-0.04434053186322373
3.0,7.0,2.0,2.0,4096.0,3386.0,75.0,16.0,6.103515625e-05,6.969171937625634e-08,0.0009830410971584003,0.000983040494812549,0.044340511833143026,1.6016274088231919e-09,0.02298160273536551,0.020826880952764595,0.02082688097301765,-0.012386044560382779,-0.01238604295875537,-4.746857852302533,-4.5700546563715925,4.392441441147634,4.5931043740216504e-05,3.709823839828795,-0.044340511833143026,-0.01238604295875537,0.08366987734097978,4.75,1.6384e-08,1.6384e-08,1.6016274088231919e-09,-0.044340518278684016
3.0,7.0,2.0,2.0,4096.0,3386.0,76.0,17.0,6.103515625e-05,2.323057312541878e-08,0.000983040494812549,0.009194335622393484,0.1356048348872081,1.6016270098367924e-09,0.022981597012965833,0.02082688097301765,0.020826880993270704,-0.01238604295875537,-0.01238604135712836,-4.746857852225571,-4.75,4.392441441147634,4.593104103787176e-05,3.709823729140754,0.1356048348872081,-0.01238604135712836,0.08366987890051253,4.75,1.6384e-08,1.6384e-08,1.6016270098367924e-09,0.13560482844166
3.0,7.0,2.0,2.0,4096.0,3386.0,77.0,3.0,6.103515625e-05,0.1111111111111111,0.009194335622393484,0.0055764661879591435,0.10560744469931205,0.007809300552329772,0.07028370497096796,0.020826880993270704,0.020728130315330773,-0.01238604135712836,-0.020195341909458132,-4.747233104801743,-4.525765808406377,4.392441441147634,4.593103833552751e-05,3.7098236184527336,-0.10560744469931205,-0.020195341909458132,0.07606582485992838,4.75,1.6384e-08,1.6384e-08,0.007809300552329772,-0.10560741287810593
3.0,7.0,2.0,2.0,4096.0,3386.0,78.0,3.0,6.103515625e-05,0.1111111111111111,0.0055764661879591435,0.0023274409797324107,0.06822669535793757,0.004893178214261291,0.04403860392835161,0.020728130315330773,0.020790005574167072,-0.020195341909458132,-0.015302163695196842,-4.7469979788181655,-4.552077112006677,4.392441441147634,5.7373239819628146e-05,4.1784961912414955,-0.06822669535793757,-0.015302163695196842,0.0808303979038424,4.75,1.6384e-08,1.6384e-08,0.004893178214261291,-0.06822669060093922
3.0,7.0,2.0,2.0,4096.0,3386.0,79.0,4.0,6.103515625e-05,0.037037037037037035,0.0023274409797324107,0.0017196476864367969,0.05864550599043028,0.0011923003969527505,0.03219211071772425,0.020790005574167072,0.02080508252307753,-0.015302163695196842,-0.014109863298244091,-4.746940686412305,-4.559175801817282,4.392441441147634,5.056894011811102e-05,3.899792075467354,-0.05864550599043028,-0.014109863298244091,0.08199136185991006,4.75,1.6384e-08,1.6384e-08,0.0011923003969527505,-0.05864550714272543
3.0,7.0,2.0,2.0,4096.0,3386.0,80.0,4.0,6.103515625e-05,0.037037037037037035,0.0017196476864367969,0.0012449334598992827,0.04989856631005107,0.0010624913529318197,0.028687266529159126,0.02080508252307753,0.02081851802083185,-0.014109863298244091,-0.013047371945312271,-4.746889631520839,-4.565787532125682,4.392441441147634,4.87365138187321e-05,3.8247358942447933,-0.04989856631005107,-0.013047371945312271,0.08302592852880099,4.75,1.6384e-08,1.6384e-08,0.0010624913529318197,-0.049898572528600305
3.0,7.0,2.0,3.0,2.0,1.0,73.0,1.0,0.125,1.0,2.6441629517184875e-18,1.7796104863880645e-18,1.8865897732922576e-09,1.903701907224331e-08,1.903701993233938e-08,0.519054018253724,0.5190540182561311,-9.978651466991522,-9.978651447954503,-2.853594730626702,-1.7275398996502564,1.7254263262934244,0.0009002399102541748,0.7081753287224533,1.8865897732922576e-09,-9.978651447954503,0.5190540182561311,4.75,8e-12,8e-12,1.907774726396252e-09,1.886588441024628e-09
3.0,7.0,2.0,3.0,2.0,1.0,74.0,1.0,0.125,1.0,1.7796104863880645e-18,1.1977446437713314e-18,1.5477368275895742e-09,1.561773110836384e-08,1.5617731404906e-08,0.5190540182561311,0.5190540182541572,-9.978651447954503,-9.978651463572234,-2.8535947306342027,-1.727539898102521,1.7254263262934244,0.0009002399096411233,0.7081753287101922,-1.5477368275895742e-09,-9.978651463572234,0.5190540182541572,4.75,8e-12,8e-12,1.56511440346634e-09,-1.5477379378125988e-09
3.0,7.0,2.0,3.0,2.0,1.0,75.0,1.0,0.125,1.0,1.1977446437713314e-18,8.061222047098047e-19,1.2697418672047434e-09,1.2812609639922812e-08,1.2812609698786736e-08,0.5190540182541572,0.5190540182557762,-9.978651463572234,-9.978651450759624,-2.8535947306280502,-1.7275398993722626,1.7254263262934244,0.000900239910144063,0.708175328720251,1.2697418672047434e-09,-9.978651450759624,0.5190540182557762,4.75,8e-12,8e-12,1.2840021205967701e-09,1.2697447537846074e-09
3.0,7.0,2.0,3.0,2.0,1.0,76.0,1.0,0.125,1.0,8.061222047098047e-19,5.425551663228795e-19,1.0416862927797865e-09,1.051130205098616e-08,1.0511302303478878e-08,0.5190540182557762,0.5190540182544476,-9.978651450759624,-9.978651461270927,-2.853594730633099,-1.7275398983305772,1.7254263262934244,0.0009002399097314571,0.708175328711999,-1.0416862927797865e-09,-9.978651461270927,0.5190540182544476,4.75,8e-12,8e-12,1.0533790164788236e-09,-1.0416951745639835e-09
3.0,7.0,2.0,3.0,2.0,1.0,77.0,1.0,0.125,1.0,5.425551663228795e-19,3.6516939564081783e-19,8.545986140973127e-10,8.623404212926289e-09,8.623404135325711e-09,0.5190540182544476,0.5190540182555387,-9.978651461270927,-9.978651452647522,-2.853594730628953,-1.7275398991851745,1.7254263262934244,0.0009002399100699537,0.7081753287187689,8.545986140973127e-10,-9.978651452647522,0.5190540182555387,4.75,8e-12,8e-12,8.641853306927681e-10,8.545981700081029e-10
3.0,7.0,2.0,3.0,2.0,1.0,78.0,1.0,0.125,1.0,3.6516939564081783e-19,2.4577578924510566e-19,7.011073943630208e-10,7.074627106362641e-09,7.074627549275003e-09,0.5190540182555387,0.5190540182546436,-9.978651452647522,-9.97865145972215,-2.853594730632355,-1.7275398984840677,1.7254263262934244,0.0009002399097922529,0.7081753287132149,-7.011073943630208e-10,-9.97865145972215,0.5190540182546436,4.75,8e-12,8e-12,7.089762719876954e-10,-7.011076164076258e-10
3.0,7.0,2.0,3.0,2.0,1.0,79.0,1.0,0.125,1.0,2.4577578924510566e-19,1.6542221898141395e-19,5.751907838913439e-10,5.8039759665007296e-09,5.80397614901978e-09,0.5190540182546436,0.5190540182553773,-9.97865145972215,-9.978651453918173,-2.853594730629566,-1.727539899059257,1.7254263262934244,0.0009002399100200782,0.7081753287177713,5.751907838913439e-10,-9.978651453918173,0.5190540182553773,4.75,8e-12,8e-12,5.816393116773254e-10,5.752056608798739e-10
3.0,7.0,2.0,3.0,2.0,1.0,80.0,1.0,0.125,1.0,1.6542221898141395e-19,1.1133404787375188e-19,4.718772039780106e-10,4.761604444070144e-09,4.761604734827436e-09,0.5190540182553773,0.5190540182547747,-9.978651453918173,-9.978651458679778,-2.853594730631856,-1.7275398985873793,1.7254263262934244,0.0009002399098331723,0.7081753287140332,-4.718772039780106e-10,-9.978651458679778,0.5190540182547747,4.75,8e-12,8e-12,4.771791525196998e-10,-4.718905266543061e-10
3.0,7.0,2.0,3.0,32.0,29.0,73.0,2.0,0.0078125,0.3333333333333333,1.8327649623169712e-14,1.1876372949363812e-14,1.5411925868846765e-07,4.5187269726021384e-07,1.3556180918685856e-06,0.05401749688179696,0.054017491393492816,-0.7524455576921559,-0.7524460095648532,-4.620733532704728,-3.645686637668115,2.601867551486802,0.00029710012563325246,1.181145961609789,-1.5411925868846765e-07,-0.7524460095648532,2.4352418889321026,4.75,1.28e-10,1.28e-10,4.5187269726021384e-07,-1.541181156028415e-07
3.0,7.0,2.0,3.0,32.0,29.0,74.0,2.0,0.0078125,0.3333333333333333,1.1876372949363812e-14,7.695897823678285e-15,1.2406367577710853e-07,3.637512943077681e-07,1.0912538828000273e-06,0.054017491393492816,0.05401749581150208,-0.7524460095648532,-0.7524456458135589,-4.620733515916292,-3.645686864477973,2.601867551486802,0.0002971002063860102,1.1811459874506713,1.2406367577710853e-07,-0.7524456458135589,2.435242202621387,4.75,1.28e-10,1.28e-10,3.637512943077681e-07,1.240627547360873e-07
3.0,7.0,2.0,3.0,32.0,29.0,75.0,2.0,0.0078125,0.3333333333333333,7.695897823678285e-15,4.986960267315398e-15,9.986951754470397e-08,2.928143413294393e-07,8.784430238594132e-07,0.05401749581150208,0.05401749225507088,-0.7524456458135589,-0.7524459386279002,-4.620733529430731,-3.6456866818993414,2.601867551486802,0.0002971001413811552,1.181145966649118,-9.986951754470397e-08,-0.7524459386279002,2.4352419501062132,4.75,1.28e-10,1.28e-10,2.928143413294393e-07,-9.986877591572352e-08
3.0,7.0,2.0,3.0,32.0,29.0,76.0,2.0,0.0078125,0.3333333333333333,4.986960267315398e-15,3.231557623864113e-15,8.039350252175836e-08,2.35711405949246e-07,7.07134217736837e-07,0.05401749225507088,0.054017495117947734,-0.7524459386279002,-0.7524457029164943,-4.620733518551798,-3.645686828872532,2.601867551486802,0.0002971001937090908,1.1811459833940572,8.039350252175836e-08,-0.7524457029164943,2.4352421533773585,4.75,1.28e-10,1.28e-10,2.35711405949246e-07,8.039290566586033e-08
3.0,7.0,2.0,3.0,32.0,29.0,77.0,2.0,0.0078125,0.3333333333333333,3.231557623864113e-15,2.0940517107849074e-15,6.471555780152016e-08,1.8974425552986673e-07,5.69232766698867e-07,0.054017495117947734,0.054017492813373445,-0.7524457029164943,-0.7524458926607498,-4.620733527309181,-3.645686710561297,2.601867551486802,0.0002971001515858431,1.181145969914618,-6.471555780152016e-08,-0.7524458926607498,2.435241989747041,4.75,1.28e-10,1.28e-10,1.8974425552986673e-07,-6.47150772969951e-08
3.0,7.0,2.0,3.0,32.0,29.0,78.0,2.0,0.0078125,0.3333333333333333,2.0940517107849074e-15,1.3569511454060562e-15,5.2095127323070756e-08,1.5274125497732882e-07,4.582237648368645e-07,0.054017492813373445,0.05401749466852084,-0.7524458926607498,-0.7524457399194948,-4.620733520259621,-3.6456868058001213,2.601867551486802,0.00029710018549444577,1.1811459807653708,5.2095127323070756e-08,-0.7524457399194948,2.4352421214669713,4.75,1.28e-10,1.28e-10,1.5274125497732882e-07,5.2094740077279766e-08
3.0,7.0,2.0,3.0,32.0,29.0,79.0,2.0,0.0078125,0.3333333333333333,1.3569511454060562e-15,8.793114782322762e-16,4.19359387215934e-08,1.2295459994593472e-07,3.6886379995953364e-07,0.05401749466852084,0.0540174931751528,-0.7524457399194948,-0.7524458628740948,-4.62073352593442,-3.6456867291341166,2.601867551486802,0.00029710015819853404,1.1811459720306792,-4.19359387215934e-08,-0.7524458628740948,2.4352420154342482,4.75,1.28e-10,1.28e-10,1.2295459994593472e-07,-4.193562874732493e-08
3.0,7.0,2.0,3.0,32.0,29.0,80.0,2.0,0.0078125,0.3333333333333333,8.793114782322762e-16,5.698010704643461e-16,3.375799373372956e-08,9.897694297489323e-08,2.96930828797952e-07,0.0540174931751528,0.05401749437729579,-0.7524458628740948,-0.7524457638971518,-4.620733521366276,-3.6456867908493784,2.601867551486802,0.0002971001801713661,1.1811459790619854,3.375799373372956e-08,-0.7524457638971518,2.4352421007892886,4.75,1.28e-10,1.28e-10,9.897694297489323e-08,3.375774326741521e-08
3.0,7.0,2.0,3.0,64.0,55.0,73.0,17.0,0.00390625,2.323057312541878e-08,0.0004511747486677019,0.00045117480767253523,0.0243643393331876,2.2185122183771e-08,0.31833225466808207,0.033375612018719865,0.033375612617499884,-0.57755331003756,-0.5775532971135522,-4.699172672053501,-3.7635682117403153,2.929175052344434,0.0002635482087427967,1.3981807145048566,0.012886421015140037,-0.5775532971135522,1.3765401813690132,4.75,2.56e-10,2.56e-10,2.2185122183771e-08,-0.06393038859528044
3.0,7.0,2.0,3.0,64.0,55.0,74.0,17.0,0.00390625,2.323057312541878e-08,0.00045117480767253523,0.0004511748666856617,0.024364337635200073,2.218511863105732e-08,0.3183322037001749,0.033375612617499884,0.033375613216279826,-0.5775532971135522,-0.5775532841895481,-4.699172669778136,-3.7635682211997645,2.929175052344434,0.00026354820606909116,1.3981807127936852,0.012886429576555614,-0.5775532841895481,1.3765401985897747,4.75,2.56e-10,2.56e-10,2.218511863105732e-08,-0.06393037468052132
3.0,7.0,2.0,3.0,64.0,55.0,75.0,17.0,0.00390625,2.323057312541878e-08,0.0004511748666856617,0.00045117492570025965,0.024364335937210768,2.2185115078343642e-08,0.318332152730273,0.033375613216279826,0.03337561381505969,-0.5775532841895481,-0.5775532712655479,-4.699172667502773,-3.763568230659327,2.929175052344434,0.0002635482033953864,1.3981807110825142,0.012886438138082656,-0.5775532712655479,1.3765402158105324,4.75,2.56e-10,2.56e-10,2.2185115078343642e-08,-0.06393036076565073
3.0,7.0,2.0,3.0,64.0,55.0,76.0,17.0,0.00390625,2.323057312541878e-08,0.00045117492570025965,0.00045117498470970737,0.02436433423922235,2.2185111525629964e-08,0.31833210176001475,0.03337561381505969,0.03337561441383948,-0.5775532712655479,-0.5775532583415516,-4.69917266522741,-3.7635682401185515,2.929175052344434,0.00026354820072168244,1.3981807093713436,0.01288644669920247,-0.5775532583415516,1.3765402330312861,4.75,2.56e-10,2.56e-10,2.2185111525629964e-08,-0.06393034685118915
3.0,7.0,2.0,3.0,64.0,55.0,77.0,17.0,0.00390625,2.323057312541878e-08,0.00045117498470970737,0.0004511750437230442,0.024364332541233935,2.2185107972916285e-08,0.31833205079104665,0.03337561441383948,0.03337561501261919,-0.5775532583415516,-0.5775532454175591,-4.699172662952047,-3.7635682495780016,2.929175052344434,0.00026354819804797917,1.3981807076601735,0.012886455260618046,-0.5775532454175591,1.376540250252036,4.75,2.56e-10,2.56e-10,2.2185107972916285e-08,-0.06393033293643091
3.0,7.0,2.0,3.0,64.0,55.0,78.0,17.0,0.00390625,2.323057312541878e-08,0.0004511750437230442,0.00045117510272686353,0.02436433084324552,2.2185104420202606e-08,0.3183319998211435,0.03337561501261919,0.03337561561139882,-0.5775532454175591,-0.5775532324935705,-4.699172660676684,-3.763568259036848,2.929175052344434,0.00026354819537427677,1.398180705949004,0.012886463821288885,-0.5775532324935705,1.3765402674727822,4.75,2.56e-10,2.56e-10,2.2185104420202606e-08,-0.0639303190224183
3.0,7.0,2.0,3.0,64.0,55.0,79.0,17.0,0.00390625,2.323057312541878e-08,0.00045117510272686353,0.00045117516174182176,0.024364329145257102,2.2185100867488927e-08,0.3183319488535903,0.03337561561139882,0.03337561621017837,-0.5775532324935705,-0.5775532195695857,-4.699172658401322,-3.763568268496412,2.929175052344434,0.000263548192700575,1.3981807042378347,0.012886472382818148,-0.5775532195695857,1.3765402846935244,4.75,2.56e-10,2.56e-10,2.2185100867488927e-08,-0.06393030510754727
3.0,7.0,2.0,3.0,64.0,55.0,80.0,17.0,0.00390625,2.323057312541878e-08,0.00045117516174182176,0.00045117522075111184,0.024364327447269574,2.218509731477525e-08,0.31833189788333005,0.03337561621017837,0.03337561680895784,-0.5775532195695857,-0.5775532066456048,-4.699172656125961,-3.7635682779555983,2.929175052344434,0.0002635481900268741,1.3981807025266662,0.01288648094389977,-0.5775532066456048,1.3765403019142628,4.75,2.56e-10,2.56e-10,2.218509731477525e-08,-0.06393029119312565
3.0,7.0,2.0,3.0,128.0,108.0,73.0,17.0,0.001953125,2.323057312541878e-08,0.03269147195605919,0.03269147195940103,0.24670657067886026,5.756344512164446e-08,0.8259725207138277,0.02673953902829466,0.02673953977399653,-0.18740684448475664,-0.18740679666840201,-4.724389748858814,-4.145157448823171,3.4429039131223655,0.00015806882479877356,1.6755279121095965,0.06722210873413026,-0.18740679666840201,0.5254611213717023,4.75,5.12e-10,5.12e-10,5.756344512164446e-08,-0.1794838351644481
3.0,7.0,2.0,3.0,128.0,108.0,74.0,17.0,0.001953125,2.323057312541878e-08,0.03269147195940103,0.0326914719628742,0.24670655348546955,5.7563427136031464e-08,0.8259722628967193,0.02673953977399653,0.026739540519698166,-0.18740679666840201,-0.18740674885206512,-4.724389746025147,-4.145157516659578,3.4429039131223655,0.00015806880646106853,1.6755278886373342,0.06722217188587543,-0.18740674885206512,0.5254611773013533,4.75,5.12e-10,5.12e-10,5.7563427136031464e-08,-0.17948375481962398
3.0,7.0,2.0,3.0,128.0,108.0,75.0,17.0,0.001953125,2.323057312541878e-08,0.0326914719628742,0.03269147196622761,0.24670653629207973,5.7563409205929617e-08,0.8259720050722476,0.026739540519698166,0.02673954126539957,-0.18740674885206512,-0.187406701035746,-4.724389743191481,-4.14515758449442,3.4429039131223655,0.00015806878812336784,1.6755278651650773,0.0672222350357723,-0.187406701035746,0.5254612332309869,4.75,5.12e-10,5.12e-10,5.7563409205929617e-08,-0.1794836744766508
3.0,7.0,2.0,3.0,128.0,108.0,76.0,17.0,0.001953125,2.323057312541878e-08,0.03269147196622761,0.032691471969653635,0.24670651909869168,5.756339122031662e-08,0.8259717472548813,0.02673954126539957,0.02673954201110074,-0.187406701035746,-0.18740665321944464,-4.724389740357817,-4.145157652330131,3.4429039131223655,0.00015806876978567136,1.6755278416928259,0.06722229818667902,-0.18740665321944464,0.5254612891606031,4.75,5.12e-10,5.12e-10,5.756339122031662e-08,-0.17948359413266868
3.0,7.0,2.0,3.0,128.0,108.0,77.0,17.0,0.001953125,2.323057312541878e-08,0.032691471969653635,0.0326914719730856,0.24670650190530452,5.756337323470362e-08,0.825971489433546,0.02673954201110074,0.02673954275680168,-0.18740665321944464,-0.187406605403161,-4.724389737524154,-4.145157720165861,3.4429039131223655,0.00015806875144797912,1.6755278182205797,0.06722236133760706,-0.187406605403161,0.5254613450902018,4.75,5.12e-10,5.12e-10,5.756337323470362e-08,-0.179483513788667
3.0,7.0,2.0,3.0,128.0,108.0,78.0,17.0,0.001953125,2.323057312541878e-08,0.0326914719730856,0.03269147197651529,0.24670648471191914,5.756335530460177e-08,0.8259712316120743,0.02673954275680168,0.02673954350250238,-0.187406605403161,-0.18740655758689514,-4.724389734690491,-4.145157788001487,3.4429039131223655,0.00015806873311029115,1.6755277947483391,0.06722242448843119,-0.18740655758689514,0.525461401019783,4.75,5.12e-10,5.12e-10,5.756335530460177e-08,-0.17948343344477014
3.0,7.0,2.0,3.0,128.0,108.0,79.0,17.0,0.001953125,2.323057312541878e-08,0.03269147197651529,0.032691471979891876,0.24670646751853464,5.756333731898877e-08,0.8259709737909517,0.02673954350250238,0.02673954424820285,-0.18740655758689514,-0.18740650977064705,-4.72438973185683,-4.145157855836399,3.4429039131223655,0.00015806871477260743,1.675527771276104,0.06722248763839822,-0.18740650977064705,0.5254614569493468,4.75,5.12e-10,5.12e-10,5.756333731898877e-08,-0.17948335310173125
3.0,7.0,2.0,3.0,128.0,108.0,80.0,17.0,0.001953125,2.323057312541878e-08,0.032691471979891876,0.03269147198334115,0.24670645032515104,5.756331933337577e-08,0.8259707159730874,0.02673954424820285,0.02673954499390309,-0.18740650977064705,-0.18740646195441668,-4.7243897290231684,-4.1451579236721825,3.4429039131223655,0.000158068696434928,1.6755277478038744,0.06722255078937955,-0.18740646195441668,0.5254615128788931,4.75,5.12e-10,5.12e-10,5.756331933337577e-08,-0.17948327275767895
3.0,7.0,2.0,3.0,256.0,215.0,73.0,17.0,0.0009765625,2.323057312541878e-08,1.8558246970942837e-14,1.8558509078492675e-14,5.1458010297267265e-08,3.2202018829252665e-13,4.620587090648387e-06,0.022968773134358276,0.022968773134349176,-0.027107380283244623,-0.027107380283433787,-4.7387186620894735,-4.494073045327067,3.7860930942638955,6.559533035809166e-05,1.8751426645694937,-4.142153642305857e-08,-0.027107380283433787,0.2485884815286013,4.75,1.024e-09,1.024e-09,3.2202018829252665e-13,9.520471078161563e-07
3.0,7.0,2.0,3.0,256.0,215.0,74.0,15.0,0.0009765625,2.0907515812876902e-07,1.8558509078492675e-14,1.8558497335424008e-14,5.145799875094781e-08,9.660328093019643e-13,4.620566970155547e-06,0.022968773134349176,0.022968773134321874,-0.027107380283433787,-0.027107380284001274,-4.738718662089577,-4.494073045327067,3.7860930942638955,6.559533035829992e-05,1.8751426645700269,-4.1421431618005045e-08,-0.027107380284001274,0.24858848152797292,4.75,1.024e-09,1.024e-09,9.660328093019643e-13,9.520470038992812e-07
3.0,7.0,2.0,3.0,256.0,215.0,75.0,16.0,0.0009765625,6.969171937625634e-08,1.8558497335424008e-14,1.8558493432721832e-14,5.145799431005571e-08,3.2202018829252665e-13,4.620566298350969e-06,0.022968773134321874,0.022968773134312774,-0.027107380284001274,-0.027107380284190435,-4.738718662089611,-4.494073045327067,3.7860930942638955,6.55953303589247e-05,1.8751426645716265,-4.1421396979046676e-08,-0.027107380284190435,0.24858848152776344,4.75,1.024e-09,1.024e-09,3.2202018829252665e-13,9.520469701485013e-07
3.0,7.0,2.0,3.0,256.0,215.0,76.0,16.0,0.0009765625,6.969171937625634e-08,1.8558493432721832e-14,1.8558489528142965e-14,5.145799075734203e-08,3.2202018829252665e-13,4.620566075845954e-06,0.022968773134312774,0.022968773134303674,-0.027107380284190435,-0.027107380284379597,-4.738718662089646,-4.494073045327067,3.7860930942638955,6.559533035913296e-05,1.8751426645721596,-4.142136234008831e-08,-0.027107380284379597,0.24858848152755397,4.75,1.024e-09,1.024e-09,3.2202018829252665e-13,9.520469355095429e-07
3.0,7.0,2.0,3.0,256.0,215.0,77.0,17.0,0.0009765625,2.323057312541878e-08,1.8558489528142965e-14,1.855882432006217e-14,5.145798809280677e-08,3.2202018829252665e-13,4.620565851602272e-06,0.022968773134303674,0.022968773134294573,-0.027107380284379597,-0.027107380284568758,-4.73871866208968,-4.494073045319175,3.7860930942638955,6.559533035934123e-05,1.8751426645726927,-4.142950338348328e-08,-0.027107380284568758,0.2485884815273445,4.75,1.024e-09,1.024e-09,3.2202018829252665e-13,9.520387251882312e-07
3.0,7.0,2.0,3.0,256.0,215.0,78.0,14.0,0.0009765625,6.27225474386307e-07,1.855882432006217e-14,1.8558789199779844e-14,5.145795611838366e-08,2.8981261834815086e-12,4.620540294150883e-06,0.022968773134294573,0.022968773134212667,-0.027107380284568758,-0.027107380286271195,-4.738718662089992,-4.494073045319175,3.7860930942638955,6.559533035954949e-05,1.8751426645732259,-4.1429191632857965e-08,-0.027107380286271195,0.2485884815254594,4.75,1.024e-09,1.024e-09,2.8981261834815086e-12,9.520384134376059e-07
3.0,7.0,2.0,3.0,256.0,215.0,79.0,15.0,0.0009765625,2.0907515812876902e-07,1.8558789199779844e-14,1.855877746949608e-14,5.145794546024263e-08,9.660328093019643e-13,4.620538282483047e-06,0.022968773134212667,0.022968773134185366,-0.027107380286271195,-0.02710738028683867,-4.738718662090095,-4.494073045319175,3.7860930942638955,6.559533036142382e-05,1.875142664578024,-4.142908682780444e-08,-0.02710738028683867,0.24858848152483104,4.75,1.024e-09,1.024e-09,9.660328093019643e-13,9.520383104089092e-07
3.0,7.0,2.0,3.0,256.0,215.0,80.0,16.0,0.0009765625,6.969171937625634e-08,1.855877746949608e-14,1.8558773586466544e-14,5.145794101935053e-08,3.2202018829252665e-13,4.6205376121738956e-06,0.022968773134185366,0.022968773134176265,-0.02710738028683867,-0.02710738028702783,-4.73871866209013,-4.494073045319175,3.7860930942638955,6.559533036204861e-05,1.8751426645796236,-4.142905307702449e-08,-0.02710738028702783,0.2485884815246216,4.75,1.024e-09,1.024e-09,3.2202018829252665e-13,9.520382757699508e-07
3.0,7.0,2.0,3.0,512.0,427.0,73.0,12.0,0.00048828125,5.645029269476763e-06,1.4318841169283176e-17,1.4320497612936594e-17,1.432898244502212e-09,5.119238366546597e-13,9.068320932892875e-08,0.025045099855759596,0.025045099855775563,-0.18744062106130804,-0.18744062106119397,-4.730828620548053,-4.145109465736358,3.7280917726786447,0.00015808177757122775,2.3909824866443214,1.1568612734436101e-09,-0.18744062106119397,0.39838266104151243,4.75,2.048e-09,2.048e-09,5.119238366546597e-13,-2.710410385020623e-08
3.0,7.0,2.0,3.0,512.0,427.0,74.0,9.0,0.00048828125,0.00015241579027587258,1.4320497612936594e-17,1.432039548407437e-17,1.4326806407893855e-09,1.3821277455861036e-11,9.068156795327182e-08,0.025045099855775563,0.02504509985620667,-0.18744062106119397,-0.18744062105811407,-4.730828620546415,-4.145109465740256,3.7280917726786447,0.00015808177757118406,2.3909824866440976,1.1603642491309074e-09,-0.18744062105811407,0.39838266104765213,4.75,2.048e-09,2.048e-09,1.3821277455861036e-11,-2.7096294097361806e-08
3.0,7.0,2.0,3.0,512.0,427.0,75.0,10.0,0.00048828125,5.0805263425290864e-05,1.432039548407437e-17,1.432004969313606e-17,1.4326069219805504e-09,4.606259818018543e-12,9.06651021602367e-08,0.02504509985620667,0.025045099856350346,-0.18744062105811407,-0.1874406210570878,-4.730828620545869,-4.145109465741474,3.7280917726786447,0.00015808177757000298,2.3909824866380505,1.1612613093348045e-09,-0.1874406210570878,0.39838266104969816,4.75,2.048e-09,2.048e-09,4.606259818018543e-12,-2.7093960852653254e-08
3.0,7.0,2.0,3.0,512.0,427.0,76.0,12.0,0.00048828125,5.645029269476763e-06,1.432004969313606e-17,1.4319781448911715e-17,1.432598928374773e-09,5.117573032009659e-13,9.065980855707405e-08,0.025045099856350346,0.02504509985636631,-0.1874406210570878,-0.1874406210569738,-4.730828620545808,-4.145109465741474,3.7280917726786447,0.00015808177756960947,2.3909824866360356,1.1611627215302178e-09,-0.1874406210569738,0.3983826610499255,4.75,2.048e-09,2.048e-09,5.117573032009659e-13,-2.7093900456520714e-08
3.0,7.0,2.0,3.0,512.0,427.0,77.0,12.0,0.00048828125,5.645029269476763e-06,1.4319781448911715e-17,1.4319513431829217e-17,1.4325918229474155e-09,5.117573032009659e-13,9.06593636362663e-08,0.02504509985636631,0.025045099856382272,-0.1874406210569738,-0.18744062105685977,-4.730828620545747,-4.145109465741474,3.7280917726786447,0.0001580817775695657,2.390982486635812,1.1610641337256311e-09,-0.18744062105685977,0.3983826610501528,4.75,2.048e-09,2.048e-09,5.117573032009659e-13,-2.7093839172209755e-08
3.0,7.0,2.0,3.0,512.0,427.0,78.0,12.0,0.00048828125,5.645029269476763e-06,1.4319513431829217e-17,1.432075211269855e-17,1.4325820529847988e-09,5.117573032009659e-13,9.065891856649849e-08,0.025045099856382272,0.025045099856398235,-0.18744062105685977,-0.18744062105674575,-4.730828620545687,-4.145109465742205,3.7280917726786447,0.00015808177756952197,2.390982486635588,1.162264062770646e-09,-0.18744062105674575,0.3983826610503801,4.75,2.048e-09,2.048e-09,5.117573032009659e-13,-2.7092479371049194e-08
3.0,7.0,2.0,3.0,512.0,427.0,79.0,9.0,0.00048828125,0.00015241579027587258,1.432075211269855e-17,1.4320671059155103e-17,1.4323644492719723e-09,1.3817613719879773e-11,9.06575386551125e-08,0.025045099856398235,0.025045099856829234,-0.18744062105674575,-0.18744062105366754,-4.730828620544049,-4.1451094657461045,3.7280917726786447,0.0001580817775694783,2.390982486635364,1.165767926636363e-09,-0.18744062105366754,0.39838266105651754,4.75,2.048e-09,2.048e-09,1.3817613719879773e-11,-2.708466873002635e-08
3.0,7.0,2.0,3.0,512.0,427.0,80.0,12.0,0.00048828125,5.645029269476763e-06,1.4320671059155103e-17,1.4320402460549984e-17,1.4323555674877753e-09,5.116462808985034e-13,9.06410747990428e-08,0.025045099856829234,0.025045099856845193,-0.18744062105366754,-0.18744062105355358,-4.7308286205439884,-4.1451094657461045,3.7280917726786447,0.00015808177756829794,2.3909824866293206,1.1656693388317763e-09,-0.18744062105355358,0.3983826610567448,4.75,2.048e-09,2.048e-09,5.116462808985034e-13,-2.708460833389381e-08
3.0,7.0,2.0,3.0,1024.0,853.0,73.0,12.0,0.000244140625,5.645029269476763e-06,0.0007446673594584928,0.0007445527836937531,0.038588930632807106,4.2025560258868166e-07,0.07444701923163627,0.02147940088814942,0.02147940619944303,-0.01238674751581072,-0.012386327260208132,-4.744378256442117,-4.570052795183684,4.214179479620537,4.593222978289007e-05,2.2631819289009014,-0.038588930632807106,-0.012386327260208132,0.13391197921856912,4.75,4.096e-09,4.096e-09,4.2025560258868166e-07,-0.03858859189659736
3.0,7.0,2.0,3.0,1024.0,853.0,74.0,13.0,0.000244140625,1.881676423158921e-06,0.0007445527836937531,0.000744514595340632,0.038587941000749915,1.4007638553768798e-07,0.07444233440637378,0.02147940619944303,0.02147940796976282,-0.012386327260208132,-0.012386187183822594,-4.744378249714901,-4.5700537122034195,4.214179479620537,4.593152072231735e-05,2.263174668120637,-0.038587941000749915,-0.012386187183822594,0.1339121155419476,4.75,4.096e-09,4.096e-09,1.4007638553768798e-07,-0.03858760226585023
3.0,7.0,2.0,3.0,1024.0,853.0,75.0,13.0,0.000244140625,1.881676423158921e-06,0.000744514595340632,0.0007444764087761495,0.03858695138966528,1.4007344715898096e-07,0.07444077283166636,0.02147940796976282,0.021479409740045474,-0.012386187183822594,-0.012386047110375435,-4.744378242987827,-4.570054629204597,4.214179479620537,4.593128438075289e-05,2.2631722479830167,-0.03858695138966528,-0.012386047110375435,0.1339122518624664,4.75,4.096e-09,4.096e-09,1.4007344715898096e-07,-0.03858661265607655
3.0,7.0,2.0,3.0,1024.0,853.0,76.0,17.0,0.000244140625,2.323057312541878e-08,0.0007444764087761495,0.009991101748546852,0.141358422094652,5.187796622840857e-09,0.07443921127769013,0.021479409740045474,0.02147940980561012,-0.012386047110375435,-0.012386041922578812,-4.744378242738682,-4.75,4.214179479620537,4.593104804268945e-05,2.263169827881247,0.141358422094652,-0.012386041922578812,0.1339122569112686,4.75,4.096e-09,4.096e-09,5.187796622840857e-09,0.14135876082819188
3.0,7.0,2.0,3.0,1024.0,853.0,77.0,4.0,0.000244140625,0.037037037037037035,0.009991101748546852,0.0049983630742462485,0.09998362940245631,0.01010002471061133,0.27270066718650593,0.02147940980561012,0.02135175778184559,-0.012386041922578812,-0.02248606663319014,-4.744863320428987,-4.51467360799229,4.214179479620537,4.593103928958348e-05,2.263169738249442,-0.09998362940245631,-0.02248606663319014,0.1240828167455099,4.75,4.096e-09,4.096e-09,0.01010002471061133,-0.09998325467432778
3.0,7.0,2.0,3.0,1024.0,853.0,78.0,4.0,0.000244140625,0.037037037037037035,0.0049983630742462485,0.0023271863774155114,0.06822296354474222,0.005568824921681863,0.1503582728854103,0.02135175778184559,0.021422139028138963,-0.02248606663319014,-0.01691724171150828,-4.744595871693072,-4.542934404939726,4.214179479620537,6.024764635090719e-05,2.409771794557397,-0.06822296354474222,-0.01691724171150828,0.12950244263648572,4.75,4.096e-09,4.096e-09,0.005568824921681863,-0.06822262945858437
3.0,7.0,2.0,3.0,1024.0,853.0,79.0,4.0,0.000244140625,0.037037037037037035,0.0023271863774155114,0.0008135264717502137,0.0403367443343825,0.004282323426630954,0.11562273251903576,0.021422139028138963,0.021476260746062008,-0.01691724171150828,-0.012634918284877325,-4.744390209164965,-4.56843435051121,4.214179479620537,5.29310933596846e-05,2.3348502919272773,-0.0403367443343825,-0.012634918284877325,0.1336700341557095,4.75,4.096e-09,4.096e-09,0.004282323426630954,-0.040336443202125594
3.0,7.0,2.0,3.0,1024.0,853.0,80.0,7.0,0.000244140625,0.0013717421124828531,0.0008135264717502137,0.0007838594806029235,0.0395944309367211,0.00010586849016084796,0.07717812932725787,0.021476260746062008,0.02147759874442866,-0.012634918284877325,-0.012529049794716477,-4.7443851247711715,-4.569121428224307,4.214179479620537,4.6348679958018104e-05,2.2674463786942125,-0.0395944309367211,-0.012529049794716477,0.13377306618121113,4.75,4.096e-09,4.096e-09,0.00010586849016084796,-0.039594130726329446
3.0,7.0,2.0,3.0,2048.0,1703.0,73.0,2.0,0.0001220703125,0.3333333333333333,1.5092247858976031e-07,1.500588340288259e-07,0.0005478299627235117,0.00016377534944281985,0.0004913260483284616,0.02126852376797326,0.021266453615446265,-0.016445476134994433,-0.016609251484437253,-4.745187476261305,-4.544639232742666,4.257137772235199,5.225431620458596e-05,2.8715959503169604,-0.0005478299627235117,-0.016609251484437253,0.11751692529027892,4.75,8.192e-09,8.192e-09,0.00016377534944281985,-0.0005478294918210835
3.0,7.0,2.0,3.0,2048.0,1703.0,74.0,2.0,0.0001220703125,0.3333333333333333,1.500588340288259e-07,1.46629467865805e-07,0.0005415338731156183,0.00016260286425774997,0.00048780859277324824,0.021266453615446265,0.02126850894753466,-0.016609251484437253,-0.016446648620179503,-4.745179665999369,-4.545546376590403,4.257137772235199,5.249044699232603e-05,2.876431908849877,0.0005415338731156183,-0.016446648620179503,0.11767519203763885,4.75,8.192e-09,8.192e-09,0.00016260286425774997,0.0005415334054950094
3.0,7.0,2.0,3.0,2048.0,1703.0,75.0,2.0,0.0001220703125,0.3333333333333333,1.46629467865805e-07,1.4577225360757923e-07,0.0005399486153470079,0.00016142422767994116,0.00048427268303982723,0.02126850894753466,0.021266468513647697,-0.016446648620179503,-0.016608072847859444,-4.745187419648139,-4.544645790450775,4.257137772235199,5.225601123397901e-05,2.87163066451893,-0.0005399486153470079,-0.016608072847859444,0.11751807249627025,4.75,8.192e-09,8.192e-09,0.00016142422767994116,-0.0005399481512036175
3.0,7.0,2.0,3.0,2048.0,1703.0,76.0,2.0,0.0001220703125,0.3333333333333333,1.4577225360757923e-07,1.4245867234328982e-07,0.0005337764931940825,0.00016026853403281263,0.00048080560209844066,0.021266468513647697,0.021268494339344263,-0.016608072847859444,-0.01644780431382663,-4.745179721510492,-4.545539911575176,4.257137772235199,5.248875218244833e-05,2.8763971991435815,0.0005337764931940825,-0.01644780431382663,0.1176740671627928,4.75,8.192e-09,8.192e-09,0.00016026853403281263,0.0005337760322889906
3.0,7.0,2.0,3.0,2048.0,1703.0,77.0,2.0,0.0001220703125,0.3333333333333333,1.4245867234328982e-07,1.4160848025654463e-07,0.0005321813229652861,0.00015910698496163223,0.00047732095488489516,0.021268494339344263,0.02126648319585948,-0.01644780431382663,-0.016606911298788263,-4.745187363855734,-4.544652253335194,4.257137772235199,5.225768192385757e-05,2.8716648802476428,-0.0005321813229652861,-0.016606911298788263,0.1175192030704254,4.75,8.192e-09,8.192e-09,0.00015910698496163223,-0.0005321808654832338
3.0,7.0,2.0,3.0,2048.0,1703.0,78.0,2.0,0.0001220703125,0.3333333333333333,1.4160848025654463e-07,1.3840661228779164e-07,0.0005261304254418064,0.0001579678439620931,0.0004739035318862803,0.02126648319585948,0.02126847994038235,-0.016606911298788263,-0.01644894345482617,-4.745179776226547,-4.545533539400921,4.257137772235199,5.2487081879259246e-05,2.876362991334269,0.0005261304254418064,-0.01644894345482617,0.1176729583991856,4.75,8.192e-09,8.192e-09,0.0001579678439620931,0.0005261299711518674
3.0,7.0,2.0,3.0,2048.0,1703.0,79.0,2.0,0.0001220703125,0.3333333333333333,1.3840661228779164e-07,1.3756397415243773e-07,0.0005245264038205022,0.00015682313162565173,0.00047046939487695074,0.02126847994038235,0.02126649766525155,-0.01644894345482617,-0.016605766586451822,-4.745187308872044,-4.544658622790511,4.257137772235199,5.22593286223418e-05,2.8716986046326,-0.0005245264038205022,-0.016605766586451822,0.11752031725682931,4.75,8.192e-09,8.192e-09,0.00015682313162565173,-0.000524525952904753
3.0,7.0,2.0,3.0,2048.0,1703.0,80.0,2.0,0.0001220703125,0.3333333333333333,1.3756397415243773e-07,1.3446989679114506e-07,0.000518594054711663,0.00015570030200835056,0.0004671009060250535,0.02126649766525155,0.021268465747599503,-0.016605766586451822,-0.01645006628444347,-4.745179830159122,-4.545527258718742,4.257137772235199,5.24854357249325e-05,2.8763292780936576,0.000518594054711663,-0.01645006628444347,0.11767186551198609,4.75,8.192e-09,8.192e-09,0.00015570030200835056,0.0005185936069427299
3.0,7.0,2.0,3.0,4096.0,3404.0,73.0,14.0,6.103515625e-05,6.27225474386307e-07,9.579281813045537e-05,9.579269793542756e-05,0.013841437637427845,4.499675002392345e-09,0.007173935349002651,0.020323918608610138,0.020323918551685423,-0.012386037639020322,-0.012386042138695324,-4.748769109503596,-4.75,4.534632331450503,4.5931032062151116e-05,3.7382615395558103,0.013841437637427845,-0.012386042138695324,0.044941474239787525,4.75,1.6384e-08,1.6384e-08,4.499675002392345e-09,0.01384147626896759
3.0,7.0,2.0,3.0,4096.0,3404.0,74.0,17.0,6.103515625e-05,2.323057312541878e-08,9.579269793542756e-05,0.013795253602981155,0.16610390484862858,4.999634942159936e-10,0.007173929692046224,0.020323918551685423,0.020323918545360458,-0.012386042138695324,-0.012386042638658818,-4.74876910952763,-4.570054658474757,4.534632331450503,4.593103965422593e-05,3.738261850527195,-0.16610390484862858,-0.012386042638658818,0.04494147375276723,4.75,1.6384e-08,1.6384e-08,4.999634942159936e-10,-0.16610386621708884
3.0,7.0,2.0,3.0,4096.0,3404.0,75.0,1.0,6.103515625e-05,1.0,0.013795253602981155,0.000577854604691707,0.033995723398356326,0.08609043186701883,0.08609043186701883,0.020323918545360458,0.021412990492632313,-0.012386042638658818,0.07370438922836,-4.744630636127997,-4.75,4.534632331450503,4.593104049778905e-05,3.73826188507954,0.033995723398356326,0.021412990492632313,0.12880299336425877,4.75,1.6384e-08,1.6384e-08,0.08609043186701883,0.033995309271201535
3.0,7.0,2.0,3.0,4096.0,3404.0,76.0,3.0,6.103515625e-05,0.1111111111111111,0.000577854604691707,0.0003004457759578828,0.024513089399660792,0.07856803903085344,0.707112351277681,0.021412990492632313,0.020419080228886177,0.07370438922836,-0.0048636498024934305,-4.748407495130232,-4.75,4.534632331450503,6.103515625e-12,1.8569267162901006,0.024513089399660792,-0.0048636498024934305,0.05226911294247191,4.75,1.6384e-08,1.6384e-08,0.07856803903085344,0.024513099228078872
3.0,7.0,2.0,3.0,4096.0,3404.0,77.0,2.0,6.103515625e-05,0.3333333333333333,0.0003004457759578828,0.0001188992603611293,0.015420717257060623,0.006691337712287136,0.02007401313686141,0.020419080228886177,0.02033443206626151,-0.0048636498024934305,-0.011554987514780566,-4.7487291581482065,-4.75,4.534632331450503,2.8639150134734948e-05,3.029986055808844,0.015420717257060623,-0.011554987514780566,0.04575101414708319,4.75,1.6384e-08,1.6384e-08,0.006691337712287136,0.015420755997284985
3.0,7.0,2.0,3.0,4096.0,3404.0,78.0,4.0,6.103515625e-05,0.037037037037037035,0.0001188992603611293,0.00011020558346311873,0.01484625093840819,0.00030527650320680104,0.008242465586583628,0.02033443206626151,0.020330570077695377,-0.011554987514780566,-0.011860264017987367,-4.748743833704758,-4.75,4.534632331450503,4.450227908879128e-05,3.6797398177669915,0.01484625093840819,-0.011860264017987367,0.04545364080564198,4.75,1.6384e-08,1.6384e-08,0.00030527650320680104,0.014846289712330929
3.0,7.0,2.0,3.0,4096.0,3404.0,79.0,4.0,6.103515625e-05,0.037037037037037035,0.00011020558346311873,0.00010215087867060321,0.01429341657341432,0.0002905256772178528,0.007844193284882013,0.020330570077695377,0.020326894692356563,-0.011860264017987367,-0.01215078969520522,-4.748757800169045,-4.75,4.534632331450503,4.503342807730674e-05,3.701495680336585,0.01429341657341432,-0.01215078969520522,0.04517063638790018,4.75,1.6384e-08,1.6384e-08,0.0002905256772178528,0.014293455308830971
3.0,7.0,2.0,3.0,4096.0,3404.0,80.0,5.0,6.103515625e-05,0.012345679012345678,0.00010215087867060321,9.964001593013787e-05,0.014116657956479095,9.224042947507394e-05,0.007471474787480948,0.020326894692356563,0.020325727774140875,-0.01215078969520522,-0.012243030124680294,-4.7487622344582645,-4.75,4.534632331450503,4.553203528181453e-05,3.7219186314332235,0.014116657956479095,-0.012243030124680294,0.045080783912286045,4.75,1.6384e-08,1.6384e-08,9.224042947507394e-05,0.014116696657400674
