geometry,bottom_mode,profile,window,stop_code,solver_status,solver_route,steps,completed,iterations,transfer_cm,bottom_cm,storage_change_cm,ledger_residual_cm,max_step_soil_residual_cm,first_transfer_cm,cpu_seconds,history,external_calls,flux_calls,head_calls,evaluations,within_solve_switches,accepted_regime_switches,h_min,h_max,theta_min,theta_max,water_l1_diff_cm,head_inf_diff_cm
3,7,1,1,0,1,legacy-reference-bound,1,1,64, -6.1577033610379073E-01, -1.3814059861117776E-02,  6.0195627624264247E-01, -3.0477356749436524E-14,  1.1119577481011333E-15, -6.1577033610379073E-01,  9.9199999999999983E-04,1,65,0,65,65,0,0, -1.2299999992435387E+02,  6.2182069883811508E-01,  3.0672347322635340E-01,  4.2299999999999999E-01, -1.0000000000000000E+00, -1.0000000000000000E+00
3,7,1,1,0,1,legacy-reference-bound,2,2,103, -9.6559134526440704E-01, -1.3814059840961294E-02,  9.5177728542342521E-01, -2.0535656508613442E-14,  1.8630930131990908E-15, -4.9025790906954175E-01,  1.5079999999999994E-03,1,105,0,105,105,0,0, -1.2299999999973340E+02,  2.6929802906344152E-01,  3.0672347317452819E-01,  4.2299999999999999E-01,  3.5104297604833995E-01,  5.4628689357404063E+01
3,7,1,1,0,1,legacy-reference-bound,4,4,164, -1.4292182482826732E+00, -1.3814059840923834E-02,  1.4154041884416344E+00, -1.1494971641212715E-13,  5.1539068152139933E-14, -4.0821115934742458E-01,  2.3490000000000004E-03,1,168,0,168,168,0,0, -1.2299999999999962E+02, -1.5918718588661770E-01,  3.0672347317434512E-01,  4.2298394169696196E-01,  4.6420909371343844E-01,  6.2857690580823707E+01
3,7,1,1,0,1,legacy-reference-bound,8,8,199, -1.8423908587268962E+00, -1.3814059840923806E-02,  1.8285767988858836E+00, -8.8776208606589080E-14,  1.7591830769880801E-14, -3.5511776396822592E-01,  2.9199999999999999E-03,1,207,0,207,207,0,0, -1.2300000000000000E+02, -2.8851001708707347E-01,  3.0672347317434490E-01,  4.2296185777961948E-01,  4.1463756924259076E-01,  5.4646391228920095E+01
3,7,1,1,0,1,legacy-reference-bound,16,16,294, -2.0774658891844138E+00, -1.3814059840923810E-02,  2.0636518293433852E+00, -1.0475995071423938E-13,  2.3173303553836178E-14, -3.1841444655005102E-01,  4.4079999999999987E-03,1,310,0,310,310,0,0, -1.2300000000000001E+02, -2.8041417304358923E-01,  3.0672347317434490E-01,  4.2296340477545835E-01,  2.3507590327387001E-01,  3.1947384776723375E+01
3,7,1,1,0,1,legacy-reference-bound,32,32,494, -2.2017247219435885E+00, -1.3814059840923815E-02,  2.1879106621025599E+00, -1.0475474654381145E-13,  1.9330457373678556E-14, -2.8426962503226882E-01,  7.3959999999999998E-03,1,526,0,526,526,0,0, -1.2300000000000000E+02, -2.6820922924627383E-01,  3.0672347317434490E-01,  4.2296569873930878E-01,  1.2425918964459298E-01,  1.6003840411468133E+01
3,7,1,1,0,1,legacy-reference-bound,64,64,890, -2.2670721918562600E+00, -1.3814059840923794E-02,  2.2532581320152261E+00, -1.1010463374372392E-13,  2.1841252764720487E-14, -2.3934760739421895E-01,  1.3855999999999997E-02,1,954,0,954,954,0,0, -1.2300000000000000E+02, -2.6011502647747842E-01,  3.0672347317434490E-01,  4.2296719424579909E-01,  6.5347614263870091E-02,  8.1179624373247492E+00
3,7,1,1,0,1,legacy-reference-bound,128,128,1623, -2.3012741500404021E+00, -1.3814059840923780E-02,  2.2874600901993674E+00, -1.1100668995123186E-13,  7.7955220403880254E-15, -1.8300877201454202E-01,  2.5381999999999995E-02,1,1751,0,1751,1751,0,0, -1.2300000000000000E+02, -2.5534760885285374E-01,  3.0672347317434490E-01,  4.2296806528075981E-01,  3.4202002742286797E-02,  3.8699802427374124E+00
3,7,1,1,0,1,legacy-reference-bound,256,256,2980, -2.3189967454637652E+00, -1.3814059840923773E-02,  2.3051826856227535E+00, -8.7920989932932514E-14,  4.4147086160351012E-15, -1.2670500569860865E-01,  3.4114999999999999E-02,1,3236,0,3236,3236,0,0, -1.2300000000000000E+02, -2.5269824572503985E-01,  3.0672347317434490E-01,  4.2296854615795254E-01,  1.7722614672713022E-02,  2.0447024710853015E+00
3,7,1,1,0,1,legacy-reference-bound,512,512,5406, -2.3280809730958913E+00, -1.3814059840923962E-02,  2.3142669132548690E+00, -9.8390046110452545E-14,  4.8814305462357988E-15, -8.0182754747878338E-02,  6.1273000000000008E-02,1,5918,0,5918,5918,0,0, -1.2300000000000004E+02, -2.5128173216073613E-01,  3.0672347317434490E-01,  4.2296880232762513E-01,  9.0842362623264061E-03,  1.0605629599041606E+00
3,7,1,1,0,1,legacy-reference-bound,1024,1024,9685, -2.3326957515014555E+00, -1.3814059840923701E-02,  2.3188816916604722E+00, -5.9572138888519532E-14,  2.5053337225980354E-15, -4.6969069427894306E-02,  1.2181200000000000E-01,1,10709,0,10709,10709,0,0, -1.2300000000000023E+02, -2.5054395538146712E-01,  3.0672347317434479E-01,  4.2296893549151982E-01,  4.6147823761807927E-03,  5.4093919740397212E-01
3,7,1,1,0,1,legacy-reference-bound,2048,2048,17086, -2.3350248042275950E+00, -1.3814059840924282E-02,  2.3212107443866188E+00, -5.1885579166466300E-14,  2.2243288482805268E-15, -2.5898454019469257E-02,  2.0730799999999999E-01,1,19134,0,19134,19134,0,0, -1.2300000000000000E+02, -2.5016631250503907E-01,  3.0672347317434490E-01,  4.2296900358469613E-01,  2.3290546050158678E-03,  2.7341293448603210E-01
3,7,1,1,0,1,legacy-reference-bound,4096,4096,29795, -2.3361953503998678E+00, -1.3814059840924689E-02,  2.3223812905589512E+00,  8.0300349702966400E-15,  2.1750823527271618E-15, -1.3695567560400945E-02,  3.6302400000000001E-01,1,33891,0,33891,33891,0,0, -1.2300000000000000E+02, -2.4997506347023596E-01,  3.0672347317434490E-01,  4.2296903805119390E-01,  1.1705470815476238E-03,  1.3749446869842075E-01
3,7,1,1,0,1,legacy-reference-bound,1,1,64, -6.3577033610379075E-01, -1.3814059861117776E-02,  6.2195627624264205E-01, -3.0921445959286586E-14,  1.1119577481011333E-15, -6.3577033610379075E-01,  6.4500000000000668E-04,2,65,0,65,65,0,0, -1.2299999992435387E+02,  6.2182069883811508E-01,  3.0672347322635340E-01,  4.2299999999999999E-01, -1.0000000000000000E+00, -1.0000000000000000E+00
3,7,1,1,0,1,legacy-reference-bound,2,2,103, -9.8559134526440695E-01, -1.3814059840961294E-02,  9.7177728542342479E-01, -2.0868723416000989E-14,  1.8630930131990908E-15, -5.1025790906954172E-01,  1.0109999999999841E-03,2,105,0,105,105,0,0, -1.2299999999973340E+02,  2.6929802906344152E-01,  3.0672347317452819E-01,  4.2299999999999999E-01,  3.5104297604833995E-01,  5.4628689357404063E+01
3,7,1,1,0,1,legacy-reference-bound,4,4,164, -1.4492182482826732E+00, -1.3814059840923834E-02,  1.4354041884416340E+00, -1.1539380562197721E-13,  5.1539068152139933E-14, -4.2821115934742460E-01,  1.7539999999999223E-03,2,168,0,168,168,0,0, -1.2299999999999962E+02, -1.5918718588661770E-01,  3.0672347317434512E-01,  4.2298394169696196E-01,  4.6420909371343844E-01,  6.2857690580823707E+01
3,7,1,1,0,1,legacy-reference-bound,8,8,199, -1.8623908587268962E+00, -1.3814059840923806E-02,  1.8485767988858832E+00, -8.9220297816439142E-14,  1.7591830769880801E-14, -3.7511776396822594E-01,  2.0379999999999843E-03,2,207,0,207,207,0,0, -1.2300000000000000E+02, -2.8851001708707347E-01,  3.0672347317434490E-01,  4.2296185777961948E-01,  4.1463756924259076E-01,  5.4646391228920095E+01
3,7,1,1,0,1,legacy-reference-bound,16,16,294, -2.0974658891844133E+00, -1.3814059840923810E-02,  2.0836518293433848E+00, -1.0475995071423938E-13,  2.3173303553836178E-14, -3.3841444655005104E-01,  3.1180000000000652E-03,2,310,0,310,310,0,0, -1.2300000000000001E+02, -2.8041417304358923E-01,  3.0672347317434490E-01,  4.2296340477545835E-01,  2.3507590327387001E-01,  3.1947384776723375E+01
3,7,1,1,0,1,legacy-reference-bound,32,32,494, -2.2217247219435885E+00, -1.3814059840923815E-02,  2.2079106621025595E+00, -1.0519883575366151E-13,  1.9330457373678556E-14, -3.0426962503226884E-01,  5.4379999999999429E-03,2,526,0,526,526,0,0, -1.2300000000000000E+02, -2.6820922924627383E-01,  3.0672347317434490E-01,  4.2296569873930878E-01,  1.2425918964459298E-01,  1.6003840411468133E+01
3,7,1,1,0,1,legacy-reference-bound,64,64,890, -2.2870721918562595E+00, -1.3814059840923794E-02,  2.2732581320152256E+00, -1.1010463374372392E-13,  2.1841252764720487E-14, -2.5934760739421897E-01,  9.7340000000000204E-03,2,954,0,954,954,0,0, -1.2300000000000000E+02, -2.6011502647747842E-01,  3.0672347317434490E-01,  4.2296719424579909E-01,  6.5347614263870091E-02,  8.1179624373247492E+00
3,7,1,1,0,1,legacy-reference-bound,128,128,1623, -2.3212741500404022E+00, -1.3814059840923780E-02,  2.3074600901993669E+00, -1.1145077916108193E-13,  7.7955220403880254E-15, -2.0300877201454201E-01,  1.7866999999999966E-02,2,1751,0,1751,1751,0,0, -1.2300000000000000E+02, -2.5534760885285374E-01,  3.0672347317434490E-01,  4.2296806528075981E-01,  3.4202002742286797E-02,  3.8699802427374124E+00
3,7,1,1,0,1,legacy-reference-bound,256,256,2980, -2.3389967454637652E+00, -1.3814059840923773E-02,  2.3251826856227531E+00, -8.8365079142782577E-14,  4.4147086160351012E-15, -1.4670500569860864E-01,  3.1978999999999980E-02,2,3236,0,3236,3236,0,0, -1.2300000000000000E+02, -2.5269824572503985E-01,  3.0672347317434490E-01,  4.2296854615795254E-01,  1.7722614672713022E-02,  2.0447024710853015E+00
3,7,1,1,0,1,legacy-reference-bound,512,512,5406, -2.3480809730958914E+00, -1.3814059840923962E-02,  2.3342669132548686E+00, -9.8834135320302607E-14,  4.8814305462357988E-15, -1.0018275474787834E-01,  5.9348999999999985E-02,2,5918,0,5918,5918,0,0, -1.2300000000000004E+02, -2.5128173216073613E-01,  3.0672347317434490E-01,  4.2296880232762513E-01,  9.0842362623264061E-03,  1.0605629599041606E+00
3,7,1,1,0,1,legacy-reference-bound,1024,1024,9685, -2.3526957515014555E+00, -1.3814059840923701E-02,  2.3388816916604718E+00, -6.0016228098369595E-14,  2.5053337225980354E-15, -6.6969069427894309E-02,  1.0999600000000009E-01,2,10709,0,10709,10709,0,0, -1.2300000000000023E+02, -2.5054395538146712E-01,  3.0672347317434479E-01,  4.2296893549151982E-01,  4.6147823761807927E-03,  5.4093919740397212E-01
3,7,1,1,0,1,legacy-reference-bound,2048,2048,17086, -2.3550248042275945E+00, -1.3814059840924282E-02,  2.3412107443866184E+00, -5.1885579166466300E-14,  2.2243288482805268E-15, -4.5898454019469258E-02,  2.0532599999999990E-01,2,19134,0,19134,19134,0,0, -1.2300000000000000E+02, -2.5016631250503907E-01,  3.0672347317434490E-01,  4.2296900358469613E-01,  2.3290546050158678E-03,  2.7341293448603210E-01
3,7,1,1,0,1,legacy-reference-bound,4096,4096,29795, -2.3561953503998674E+00, -1.3814059840924689E-02,  2.3423812905589507E+00,  8.0300349702966400E-15,  2.1750823527271618E-15, -3.3695567560400944E-02,  3.6259899999999989E-01,2,33891,0,33891,33891,0,0, -1.2300000000000000E+02, -2.4997506347023596E-01,  3.0672347317434490E-01,  4.2296903805119390E-01,  1.1705470815476238E-03,  1.3749446869842075E-01
3,7,1,1,0,1,legacy-reference-bound,1,1,64, -6.3577033610379075E-01, -1.3814059861117776E-02,  6.2195627624264205E-01, -3.0921445959286586E-14,  1.1119577481011333E-15, -6.3577033610379075E-01,  6.2700000000015521E-04,3,65,0,65,65,0,0, -1.2299999992435387E+02,  6.2182069883811508E-01,  3.0672347322635340E-01,  4.2299999999999999E-01, -1.0000000000000000E+00, -1.0000000000000000E+00
3,7,1,1,0,1,legacy-reference-bound,2,2,103, -9.8559134526440695E-01, -1.3814059840961294E-02,  9.7177728542342479E-01, -2.0868723416000989E-14,  1.8630930131990908E-15, -5.1025790906954172E-01,  1.0049999999999226E-03,3,105,0,105,105,0,0, -1.2299999999973340E+02,  2.6929802906344152E-01,  3.0672347317452819E-01,  4.2299999999999999E-01,  3.5104297604833995E-01,  5.4628689357404063E+01
3,7,1,1,0,1,legacy-reference-bound,4,4,164, -1.4492182482826732E+00, -1.3814059840923834E-02,  1.4354041884416340E+00, -1.1539380562197721E-13,  5.1539068152139933E-14, -4.2821115934742460E-01,  1.6340000000001353E-03,3,168,0,168,168,0,0, -1.2299999999999962E+02, -1.5918718588661770E-01,  3.0672347317434512E-01,  4.2298394169696196E-01,  4.6420909371343844E-01,  6.2857690580823707E+01
3,7,1,1,0,1,legacy-reference-bound,8,8,199, -1.8623908587268962E+00, -1.3814059840923806E-02,  1.8485767988858832E+00, -8.9220297816439142E-14,  1.7591830769880801E-14, -3.7511776396822594E-01,  2.0250000000001656E-03,3,207,0,207,207,0,0, -1.2300000000000000E+02, -2.8851001708707347E-01,  3.0672347317434490E-01,  4.2296185777961948E-01,  4.1463756924259076E-01,  5.4646391228920095E+01
3,7,1,1,0,1,legacy-reference-bound,16,16,294, -2.0974658891844133E+00, -1.3814059840923810E-02,  2.0836518293433848E+00, -1.0475995071423938E-13,  2.3173303553836178E-14, -3.3841444655005104E-01,  3.0250000000000554E-03,3,310,0,310,310,0,0, -1.2300000000000001E+02, -2.8041417304358923E-01,  3.0672347317434490E-01,  4.2296340477545835E-01,  2.3507590327387001E-01,  3.1947384776723375E+01
3,7,1,1,0,1,legacy-reference-bound,32,32,494, -2.2217247219435885E+00, -1.3814059840923815E-02,  2.2079106621025595E+00, -1.0519883575366151E-13,  1.9330457373678556E-14, -3.0426962503226884E-01,  5.1140000000000629E-03,3,526,0,526,526,0,0, -1.2300000000000000E+02, -2.6820922924627383E-01,  3.0672347317434490E-01,  4.2296569873930878E-01,  1.2425918964459298E-01,  1.6003840411468133E+01
3,7,1,1,0,1,legacy-reference-bound,64,64,890, -2.2870721918562595E+00, -1.3814059840923794E-02,  2.2732581320152256E+00, -1.1010463374372392E-13,  2.1841252764720487E-14, -2.5934760739421897E-01,  9.5040000000001790E-03,3,954,0,954,954,0,0, -1.2300000000000000E+02, -2.6011502647747842E-01,  3.0672347317434490E-01,  4.2296719424579909E-01,  6.5347614263870091E-02,  8.1179624373247492E+00
3,7,1,1,0,1,legacy-reference-bound,128,128,1623, -2.3212741500404022E+00, -1.3814059840923780E-02,  2.3074600901993669E+00, -1.1145077916108193E-13,  7.7955220403880254E-15, -2.0300877201454201E-01,  1.7262999999999806E-02,3,1751,0,1751,1751,0,0, -1.2300000000000000E+02, -2.5534760885285374E-01,  3.0672347317434490E-01,  4.2296806528075981E-01,  3.4202002742286797E-02,  3.8699802427374124E+00
3,7,1,1,0,1,legacy-reference-bound,256,256,2970, -2.3338084271880941E+00, -1.3814059840923773E-02,  2.3199943673470749E+00, -9.5470506500383578E-14,  4.3626669117557970E-15,  0.0000000000000000E+00,  3.1736999999999904E-02,3,3222,4,3222,3226,0,1, -1.2300000000000000E+02, -2.5487129512282408E-01,  3.0672347317434490E-01,  4.2296815190286796E-01,  1.2534704261579488E-02,  1.5085775157225214E+00
3,7,1,1,0,1,legacy-reference-bound,512,512,5386, -2.3428951709252095E+00, -1.3814059840923962E-02,  2.3290811110842107E+00, -7.4853317988399226E-14,  4.2300418810065077E-15,  0.0000000000000000E+00,  5.8883999999999936E-02,3,5890,8,5890,5898,0,1, -1.2300000000000000E+02, -2.5344345459103185E-01,  3.0672347317434490E-01,  4.2296841112805139E-01,  9.0867522197143891E-03,  1.0565802625188496E+00
3,7,1,1,0,1,legacy-reference-bound,1024,1024,9659, -2.3475112983139912E+00, -1.3814059840923701E-02,  2.3336972384730181E+00, -4.9358087061968092E-14,  2.1538353782782349E-15,  0.0000000000000000E+00,  1.1273200000000005E-01,3,10667,16,10667,10683,0,1, -1.2300000000000000E+02, -2.5269980992601992E-01,  3.0672347317434490E-01,  4.2296854587471278E-01,  4.6161313017176187E-03,  5.3926420848469547E-01
3,7,1,1,0,1,legacy-reference-bound,2048,2048,17033, -2.3498410525706857E+00, -1.3814059840924282E-02,  2.3360269927297033E+00, -5.8102828104367177E-14,  2.1597103988003907E-15,  0.0000000000000000E+00,  1.9787700000000008E-01,3,19049,32,19049,19081,0,1, -1.2300000000000000E+02, -2.5231917285562228E-01,  3.0672347317434490E-01,  4.2296861477558378E-01,  2.3297561118312826E-03,  2.7265656698818930E-01
3,7,1,1,0,1,legacy-reference-bound,4096,4096,29708, -2.3510119570487098E+00, -1.3814059840924689E-02,  2.3371978972078189E+00,  3.3787209141600272E-14,  2.1397712432220245E-15,  0.0000000000000000E+00,  3.5616799999999982E-01,3,33740,64,33740,33804,0,1, -1.2300000000000009E+02, -2.5212641004988928E-01,  3.0672347317434490E-01,  4.2296864965045644E-01,  1.1709053768874100E-03,  1.3713683656528985E-01
3,7,2,1,1,2,legacy-reference-retry,1,0,80,  0.0000000000000000E+00,  0.0000000000000000E+00,  0.0000000000000000E+00,  0.0000000000000000E+00,  0.0000000000000000E+00,  0.0000000000000000E+00,  8.4499999999998465E-04,1,95,0,95,95,0,0, -1.0000000000000000E+01, -1.0000000000000000E+01,  4.1659014796486560E-01,  4.1659014796486560E-01, -1.0000000000000000E+00, -1.0000000000000000E+00
3,7,2,1,1,2,legacy-reference-retry,2,0,80,  0.0000000000000000E+00,  0.0000000000000000E+00,  0.0000000000000000E+00,  0.0000000000000000E+00,  0.0000000000000000E+00,  0.0000000000000000E+00,  8.9400000000017243E-04,1,81,0,81,81,0,0, -1.0000000000000000E+01, -1.0000000000000000E+01,  4.1659014796486560E-01,  4.1659014796486560E-01, -1.0000000000000000E+00, -1.0000000000000000E+00
3,7,2,1,1,2,legacy-reference-retry,4,3,274, -6.2751329210551254E-01, -3.2417154910706242E-01,  3.0334174299861871E-01,  1.6858736628933002E-13,  5.8661409063631709E-14, -2.0900731254615068E-01,  2.4700000000001943E-03,1,278,0,278,278,0,0, -9.9129989998734516E+00,  2.9294415653878705E+00,  4.1666840751290313E-01,  4.2299999999999999E-01, -1.0000000000000000E+00, -1.0000000000000000E+00
3,7,2,1,1,2,legacy-reference-retry,8,6,407, -7.3169391533689287E-01, -3.2415510868493286E-01,  4.0753880665204889E-01,  8.8873353121243781E-14,  2.9906632725840154E-14, -1.2693830670392153E-01,  3.5569999999998103E-03,1,414,0,414,414,0,0, -9.8571843909465997E+00,  4.7671486279800845E+00,  4.1671848505341480E-01,  4.2299999999999999E-01, -1.0000000000000000E+00, -1.0000000000000000E+00
3,7,2,1,1,2,legacy-reference-retry,16,15,761, -1.0343268610178160E+00, -4.1687660951412020E-01,  6.1745025150369059E-01, -5.2180482157382357E-15,  1.5289852717259578E-14, -7.9826740481881361E-02,  5.9000000000000163E-03,1,790,0,790,790,0,0, -6.0978464881772405E+00,  3.3551610666076637E+00,  4.1982352177616955E-01,  4.2299999999999999E-01, -1.0000000000000000E+00, -1.0000000000000000E+00
3,7,2,1,1,2,legacy-reference-retry,32,28,817, -1.0257792894388233E+00, -3.9279606555457230E-01,  6.3298322388423145E-01, -1.9595436384634013E-14,  7.5720679726387630E-15, -5.1965877701510503E-02,  6.4920000000001643E-03,1,902,0,902,902,0,0, -3.8496083201906952E+00,  1.7749863128127576E+00,  4.2135976160901745E-01,  4.2299999999999999E-01, -1.0000000000000000E+00, -1.0000000000000000E+00
3,7,2,1,1,2,legacy-reference-retry,64,54,942, -1.0174400818993783E+00, -3.8012153683186811E-01,  6.3731854506749386E-01, -1.6320278461989801E-14,  6.1782176596913985E-15, -3.4877431262564165E-02,  7.7409999999997758E-03,1,1046,0,1046,1046,0,0, -2.5232833208204788E+00,  9.3344479313309048E-01,  4.2210927925425168E-01,  4.2299999999999999E-01, -1.0000000000000000E+00, -1.0000000000000000E+00
3,7,2,1,1,2,legacy-reference-retry,128,107,1293, -1.0192900723465723E+00, -3.7913653203260178E-01,  6.4015354031396754E-01, -2.9976021664879227E-15,  2.8596916501477665E-15, -2.3757049598610847E-02,  1.1534999999999851E-02,1,1581,0,1581,1581,0,0, -1.1223368688671633E+00,  6.7936475531853713E-01,  4.2272505311771491E-01,  4.2299999999999999E-01, -1.0000000000000000E+00, -1.0000000000000000E+00
3,7,2,1,1,2,legacy-reference-retry,256,212,1921, -1.0145029811474191E+00, -3.7453180097090527E-01,  6.3997118017648802E-01, -2.5812685322534890E-14,  5.9609435443253034E-15, -1.5895272550944646E-02,  1.7893000000000381E-02,1,2290,0,2290,2290,0,0, -1.1733870664925026E+00,  2.8117873304132418E-01,  4.2270669885712553E-01,  4.2299999999999999E-01, -1.0000000000000000E+00, -1.0000000000000000E+00
3,7,2,1,1,2,legacy-reference-retry,512,424,3206, -1.0163658207995443E+00, -3.7565010317662401E-01,  6.4071571762293900E-01,  1.8707257964933888E-14,  1.9574186022053297E-15, -1.0030670360221762E-02,  3.2599999999999962E-02,1,3766,0,3766,3766,0,0, -5.5981255018106368E-01,  1.6576264290896772E-01,  4.2289997015860814E-01,  4.2299999999999999E-01, -1.0000000000000000E+00, -1.0000000000000000E+00
3,7,2,1,1,2,legacy-reference-retry,1024,847,5581, -1.0163731676132053E+00, -3.7549280924717093E-01,  6.4088035836602586E-01, -8.4932061383824475E-15,  2.2052672188355160E-15, -5.8632828767570463E-03,  5.4868999999999613E-02,1,6576,0,6576,6576,0,0, -3.0795321965527073E-01,  2.1442829264283361E-01,  4.2295806194103058E-01,  4.2299999999999999E-01, -1.0000000000000000E+00, -1.0000000000000000E+00
3,7,2,1,1,2,legacy-reference-retry,2048,1693,10055, -1.0163618030688195E+00, -3.7541643289112986E-01,  6.4094537017768261E-01, -7.0499162063697440E-15,  3.4175949830544949E-15, -3.2140512064501637E-03,  9.9638999999999811E-02,1,11880,0,11880,11880,0,0, -1.5833464748007076E-01,  1.5869530136687232E-01,  4.2298406666569421E-01,  4.2299999999999999E-01, -1.0000000000000000E+00, -1.0000000000000000E+00
3,7,2,1,1,2,legacy-reference-retry,4096,3384,18353, -1.0161078131711085E+00, -3.7515329866779301E-01,  6.4095451450328511E-01, -3.0420110874729289E-14,  2.5777177701385989E-15, -1.6895615699657467E-03,  1.8520099999999973E-01,1,21739,0,21739,21739,0,0, -1.3235049353868195E-01,  4.8289793193863971E-02,  4.2298772439593468E-01,  4.2299999999999999E-01, -1.0000000000000000E+00, -1.0000000000000000E+00
3,7,2,1,1,2,legacy-reference-retry,1,0,80,  0.0000000000000000E+00,  0.0000000000000000E+00,  0.0000000000000000E+00,  0.0000000000000000E+00,  0.0000000000000000E+00,  0.0000000000000000E+00,  8.4499999999998465E-04,2,95,0,95,95,0,0, -1.0000000000000000E+01, -1.0000000000000000E+01,  4.1659014796486560E-01,  4.1659014796486560E-01, -1.0000000000000000E+00, -1.0000000000000000E+00
3,7,2,1,1,2,legacy-reference-retry,2,0,80,  0.0000000000000000E+00,  0.0000000000000000E+00,  0.0000000000000000E+00,  0.0000000000000000E+00,  0.0000000000000000E+00,  0.0000000000000000E+00,  7.8399999999989589E-04,2,81,0,81,81,0,0, -1.0000000000000000E+01, -1.0000000000000000E+01,  4.1659014796486560E-01,  4.1659014796486560E-01, -1.0000000000000000E+00, -1.0000000000000000E+00
3,7,2,1,1,2,legacy-reference-retry,4,3,274, -6.4751329210551245E-01, -3.2417154910706242E-01,  3.2334174299862184E-01,  1.7180701306074297E-13,  5.8661409063631709E-14, -2.2900731254615067E-01,  2.4929999999998564E-03,2,278,0,278,278,0,0, -9.9129989998734516E+00,  2.9294415653878705E+00,  4.1666840751290313E-01,  4.2299999999999999E-01, -1.0000000000000000E+00, -1.0000000000000000E+00
3,7,2,1,1,2,legacy-reference-retry,8,6,407, -7.5169391533689289E-01, -3.2415510868493286E-01,  4.2753880665205202E-01,  9.1981977590194219E-14,  2.9906632725840154E-14, -1.4693830670392152E-01,  3.4849999999999604E-03,2,414,0,414,414,0,0, -9.8571843909465997E+00,  4.7671486279800845E+00,  4.1671848505341480E-01,  4.2299999999999999E-01, -1.0000000000000000E+00, -1.0000000000000000E+00
3,7,2,1,1,2,legacy-reference-retry,16,15,761, -1.0543268610178160E+00, -4.1687660951412020E-01,  6.3745025150369372E-01, -2.1094237467877974E-15,  1.5289852717259578E-14, -9.9826740481881365E-02,  5.9269999999997935E-03,2,790,0,790,790,0,0, -6.0978464881772405E+00,  3.3551610666076637E+00,  4.1982352177616955E-01,  4.2299999999999999E-01, -1.0000000000000000E+00, -1.0000000000000000E+00
3,7,2,1,1,2,legacy-reference-retry,32,28,817, -1.0457792894388231E+00, -3.9279606555457230E-01,  6.5298322388423458E-01, -1.6264767310758543E-14,  7.5720679726387630E-15, -7.1965877701510500E-02,  6.5569999999999240E-03,2,902,0,902,902,0,0, -3.8496083201906952E+00,  1.7749863128127576E+00,  4.2135976160901745E-01,  4.2299999999999999E-01, -1.0000000000000000E+00, -1.0000000000000000E+00
3,7,2,1,1,2,legacy-reference-retry,64,54,942, -1.0374400818993783E+00, -3.8012153683186811E-01,  6.5731854506749698E-01, -1.3211653993039363E-14,  6.1782176596913985E-15, -5.4877431262564169E-02,  7.8139999999997656E-03,2,1046,0,1046,1046,0,0, -2.5232833208204788E+00,  9.3344479313309048E-01,  4.2210927925425168E-01,  4.2299999999999999E-01, -1.0000000000000000E+00, -1.0000000000000000E+00
3,7,2,1,1,2,legacy-reference-retry,128,107,1293, -1.0392900723465728E+00, -3.7913653203260178E-01,  6.6015354031397067E-01, -3.3306690738754696E-16,  2.8596916501477665E-15, -4.3757049598610848E-02,  1.1614000000000235E-02,2,1581,0,1581,1581,0,0, -1.1223368688671633E+00,  6.7936475531853713E-01,  4.2272505311771491E-01,  4.2299999999999999E-01, -1.0000000000000000E+00, -1.0000000000000000E+00
3,7,2,1,1,2,legacy-reference-retry,256,212,1921, -1.0345029811474191E+00, -3.7453180097090527E-01,  6.5997118017649115E-01, -2.2704060853584451E-14,  5.9609435443253034E-15, -3.5895272550944643E-02,  1.9242000000000203E-02,2,2290,0,2290,2290,0,0, -1.1733870664925026E+00,  2.8117873304132418E-01,  4.2270669885712553E-01,  4.2299999999999999E-01, -1.0000000000000000E+00, -1.0000000000000000E+00
3,7,2,1,1,2,legacy-reference-retry,512,424,3206, -1.0363658207995443E+00, -3.7565010317662401E-01,  6.6071571762294212E-01,  2.1815882433884326E-14,  1.9574186022053297E-15, -3.0030670360221765E-02,  3.1366999999999923E-02,2,3766,0,3766,3766,0,0, -5.5981255018106368E-01,  1.6576264290896772E-01,  4.2289997015860814E-01,  4.2299999999999999E-01, -1.0000000000000000E+00, -1.0000000000000000E+00
3,7,2,1,1,2,legacy-reference-retry,1024,847,5581, -1.0363731676132053E+00, -3.7549280924717093E-01,  6.6088035836602899E-01, -5.3845816694320092E-15,  2.2052672188355160E-15, -2.5863282876757047E-02,  5.5393000000000470E-02,2,6576,0,6576,6576,0,0, -3.0795321965527073E-01,  2.1442829264283361E-01,  4.2295806194103058E-01,  4.2299999999999999E-01, -1.0000000000000000E+00, -1.0000000000000000E+00
3,7,2,1,1,2,legacy-reference-retry,2048,1693,10055, -1.0363618030688193E+00, -3.7541643289112986E-01,  6.6094537017768573E-01, -3.7192471324942744E-15,  3.4175949830544949E-15, -2.3214051206450165E-02,  1.0008900000000009E-01,2,11880,0,11880,11880,0,0, -1.5833464748007076E-01,  1.5869530136687232E-01,  4.2298406666569421E-01,  4.2299999999999999E-01, -1.0000000000000000E+00, -1.0000000000000000E+00
3,7,2,1,1,2,legacy-reference-retry,4096,3384,18353, -1.0361078131711090E+00, -3.7515329866779301E-01,  6.6095451450328824E-01, -2.7755575615628914E-14,  2.5777177701385989E-15, -2.1689561569965748E-02,  1.9177899999999992E-01,2,21739,0,21739,21739,0,0, -1.3235049353868195E-01,  4.8289793193863971E-02,  4.2298772439593468E-01,  4.2299999999999999E-01, -1.0000000000000000E+00, -1.0000000000000000E+00
3,7,2,1,1,2,legacy-reference-retry,1,0,80,  0.0000000000000000E+00,  0.0000000000000000E+00,  0.0000000000000000E+00,  0.0000000000000000E+00,  0.0000000000000000E+00,  0.0000000000000000E+00,  8.5700000000032972E-04,3,95,0,95,95,0,0, -1.0000000000000000E+01, -1.0000000000000000E+01,  4.1659014796486560E-01,  4.1659014796486560E-01, -1.0000000000000000E+00, -1.0000000000000000E+00
3,7,2,1,1,2,legacy-reference-retry,2,0,80,  0.0000000000000000E+00,  0.0000000000000000E+00,  0.0000000000000000E+00,  0.0000000000000000E+00,  0.0000000000000000E+00,  0.0000000000000000E+00,  7.8699999999987114E-04,3,81,0,81,81,0,0, -1.0000000000000000E+01, -1.0000000000000000E+01,  4.1659014796486560E-01,  4.1659014796486560E-01, -1.0000000000000000E+00, -1.0000000000000000E+00
3,7,2,1,1,2,legacy-reference-retry,4,3,274, -6.4751329210551245E-01, -3.2417154910706242E-01,  3.2334174299862184E-01,  1.7180701306074297E-13,  5.8661409063631709E-14, -2.2900731254615067E-01,  2.4729999999997254E-03,3,278,0,278,278,0,0, -9.9129989998734516E+00,  2.9294415653878705E+00,  4.1666840751290313E-01,  4.2299999999999999E-01, -1.0000000000000000E+00, -1.0000000000000000E+00
3,7,2,1,1,2,legacy-reference-retry,8,6,407, -7.5169391533689289E-01, -3.2415510868493286E-01,  4.2753880665205202E-01,  9.1981977590194219E-14,  2.9906632725840154E-14, -1.4693830670392152E-01,  3.4959999999997216E-03,3,414,0,414,414,0,0, -9.8571843909465997E+00,  4.7671486279800845E+00,  4.1671848505341480E-01,  4.2299999999999999E-01, -1.0000000000000000E+00, -1.0000000000000000E+00
3,7,2,1,1,2,legacy-reference-retry,16,15,761, -1.0543268610178160E+00, -4.1687660951412020E-01,  6.3745025150369372E-01, -2.1094237467877974E-15,  1.5289852717259578E-14, -9.9826740481881365E-02,  5.9300000000002129E-03,3,790,0,790,790,0,0, -6.0978464881772405E+00,  3.3551610666076637E+00,  4.1982352177616955E-01,  4.2299999999999999E-01, -1.0000000000000000E+00, -1.0000000000000000E+00
3,7,2,1,1,2,legacy-reference-retry,32,28,817, -1.0457792894388231E+00, -3.9279606555457230E-01,  6.5298322388423458E-01, -1.6264767310758543E-14,  7.5720679726387630E-15, -7.1965877701510500E-02,  6.9179999999997577E-03,3,902,0,902,902,0,0, -3.8496083201906952E+00,  1.7749863128127576E+00,  4.2135976160901745E-01,  4.2299999999999999E-01, -1.0000000000000000E+00, -1.0000000000000000E+00
3,7,2,1,1,2,legacy-reference-retry,64,54,942, -1.0374400818993783E+00, -3.8012153683186811E-01,  6.5731854506749698E-01, -1.3211653993039363E-14,  6.1782176596913985E-15, -5.4877431262564169E-02,  7.8859999999996155E-03,3,1046,0,1046,1046,0,0, -2.5232833208204788E+00,  9.3344479313309048E-01,  4.2210927925425168E-01,  4.2299999999999999E-01, -1.0000000000000000E+00, -1.0000000000000000E+00
3,7,2,1,1,2,legacy-reference-retry,128,107,1293, -1.0392900723465728E+00, -3.7913653203260178E-01,  6.6015354031397067E-01, -3.3306690738754696E-16,  2.8596916501477665E-15, -4.3757049598610848E-02,  1.2452000000000130E-02,3,1581,0,1581,1581,0,0, -1.1223368688671633E+00,  6.7936475531853713E-01,  4.2272505311771491E-01,  4.2299999999999999E-01, -1.0000000000000000E+00, -1.0000000000000000E+00
3,7,2,1,1,2,legacy-reference-retry,256,213,1916, -1.0358186230870865E+00, -3.7599069590028689E-01,  6.5982792718680372E-01,  4.1078251911130792E-15,  4.2435673031082644E-15,  0.0000000000000000E+00,  1.7532000000000103E-02,3,2200,5,2200,2205,0,1, -1.2568117076107206E+00,  2.2808684586296563E-01,  4.2267592687391065E-01,  4.2299999999999999E-01, -1.0000000000000000E+00, -1.0000000000000000E+00
3,7,2,1,1,2,legacy-reference-retry,512,426,3191, -1.0378057685742439E+00, -3.7715747857464504E-01,  6.6064828999959246E-01, -6.3837823915946501E-15,  3.0507280729397124E-15,  0.0000000000000000E+00,  3.0978999999999868E-02,3,3757,10,3757,3767,0,1, -6.2725621519770070E-01,  2.8293828344964578E-01,  4.2288197662639604E-01,  4.2299999999999999E-01, -1.0000000000000000E+00, -1.0000000000000000E+00
3,7,2,1,1,2,legacy-reference-retry,1024,851,5573, -1.0377914302888138E+00, -3.7696818523564052E-01,  6.6082324505318724E-01,  1.3933298959045715E-14,  2.1879199840757479E-15,  0.0000000000000000E+00,  5.6321000000000065E-02,3,6425,20,6425,6445,0,1, -4.0524341460407132E-01,  1.4533191914757521E-01,  4.2293747672080428E-01,  4.2299999999999999E-01, -1.0000000000000000E+00, -1.0000000000000000E+00
3,7,2,1,1,2,legacy-reference-retry,2048,1702,10144, -1.0383638102051012E+00, -3.7740451879407239E-01,  6.6095929141099674E-01, -3.2029934260435766E-14,  2.6971426394378772E-15,  0.0000000000000000E+00,  1.0264700000000015E-01,3,11888,40,11888,11928,0,1, -1.1782043665829409E-01,  8.1646154405327367E-02,  4.2298963515901822E-01,  4.2299999999999999E-01, -1.0000000000000000E+00, -1.0000000000000000E+00
3,7,2,1,1,2,legacy-reference-retry,4096,3402,18442, -1.0381289421762969E+00, -3.7715840928219269E-01,  6.6097053289409047E-01, -1.3766765505351941E-14,  2.8430898043815822E-15,  0.0000000000000000E+00,  1.8923699999999988E-01,3,21797,73,21797,21870,0,1, -7.9692365817674027E-02,  7.5789198101131883E-02,  4.2299413175225620E-01,  4.2299999999999999E-01, -1.0000000000000000E+00, -1.0000000000000000E+00
3,7,3,1,0,1,legacy-reference-bound,1,1,1, -1.1875000000000000E+00, -1.1875000000000000E+00,  0.0000000000000000E+00,  0.0000000000000000E+00,  0.0000000000000000E+00, -1.1875000000000000E+00,  2.3000000000106269E-05,1,2,0,2,2,0,0,  2.0000000000000000E-02,  2.0000000000000000E-02,  4.2299999999999999E-01,  4.2299999999999999E-01, -1.0000000000000000E+00, -1.0000000000000000E+00
3,7,3,1,0,1,legacy-reference-bound,2,2,2, -1.1875000000000000E+00, -1.1875000000000000E+00,  0.0000000000000000E+00,  0.0000000000000000E+00,  0.0000000000000000E+00, -5.9375000000000000E-01,  2.6999999999777202E-05,1,4,0,4,4,0,0,  2.0000000000000000E-02,  2.0000000000000000E-02,  4.2299999999999999E-01,  4.2299999999999999E-01,  0.0000000000000000E+00,  0.0000000000000000E+00
3,7,3,1,0,1,legacy-reference-bound,4,4,4, -1.1875000000000000E+00, -1.1875000000000000E+00,  0.0000000000000000E+00,  0.0000000000000000E+00,  0.0000000000000000E+00, -2.9687500000000000E-01,  4.9999999999883471E-05,1,8,0,8,8,0,0,  2.0000000000000000E-02,  2.0000000000000000E-02,  4.2299999999999999E-01,  4.2299999999999999E-01,  0.0000000000000000E+00,  0.0000000000000000E+00
3,7,3,1,0,1,legacy-reference-bound,8,8,8, -1.1875000000000000E+00, -1.1875000000000000E+00,  0.0000000000000000E+00,  0.0000000000000000E+00,  0.0000000000000000E+00, -1.4843750000000000E-01,  9.6999999999791697E-05,1,16,0,16,16,0,0,  2.0000000000000000E-02,  2.0000000000000000E-02,  4.2299999999999999E-01,  4.2299999999999999E-01,  0.0000000000000000E+00,  0.0000000000000000E+00
3,7,3,1,0,1,legacy-reference-bound,16,16,16, -1.1875000000000000E+00, -1.1875000000000000E+00,  0.0000000000000000E+00,  0.0000000000000000E+00,  0.0000000000000000E+00, -7.4218750000000000E-02,  2.0800000000020802E-04,1,32,0,32,32,0,0,  2.0000000000000000E-02,  2.0000000000000000E-02,  4.2299999999999999E-01,  4.2299999999999999E-01,  0.0000000000000000E+00,  0.0000000000000000E+00
3,7,3,1,0,1,legacy-reference-bound,32,32,32, -1.1875000000000000E+00, -1.1875000000000000E+00,  0.0000000000000000E+00,  0.0000000000000000E+00,  0.0000000000000000E+00, -3.7109375000000000E-02,  3.8200000000010448E-04,1,64,0,64,64,0,0,  2.0000000000000000E-02,  2.0000000000000000E-02,  4.2299999999999999E-01,  4.2299999999999999E-01,  0.0000000000000000E+00,  0.0000000000000000E+00
3,7,3,1,0,1,legacy-reference-bound,64,64,64, -1.1875000000000000E+00, -1.1875000000000000E+00,  0.0000000000000000E+00,  0.0000000000000000E+00,  0.0000000000000000E+00, -1.8554687500000000E-02,  7.7900000000008518E-04,1,128,0,128,128,0,0,  2.0000000000000000E-02,  2.0000000000000000E-02,  4.2299999999999999E-01,  4.2299999999999999E-01,  0.0000000000000000E+00,  0.0000000000000000E+00
3,7,3,1,0,1,legacy-reference-bound,128,128,128, -1.1875000000000000E+00, -1.1875000000000000E+00,  0.0000000000000000E+00,  0.0000000000000000E+00,  0.0000000000000000E+00, -9.2773437500000000E-03,  1.5860000000000873E-03,1,256,0,256,256,0,0,  2.0000000000000000E-02,  2.0000000000000000E-02,  4.2299999999999999E-01,  4.2299999999999999E-01,  0.0000000000000000E+00,  0.0000000000000000E+00
3,7,3,1,0,1,legacy-reference-bound,256,256,256, -1.1875000000000000E+00, -1.1875000000000000E+00,  0.0000000000000000E+00,  0.0000000000000000E+00,  0.0000000000000000E+00, -4.6386718750000000E-03,  3.1479999999999286E-03,1,512,0,512,512,0,0,  2.0000000000000000E-02,  2.0000000000000000E-02,  4.2299999999999999E-01,  4.2299999999999999E-01,  0.0000000000000000E+00,  0.0000000000000000E+00
3,7,3,1,0,1,legacy-reference-bound,512,512,512, -1.1875000000000000E+00, -1.1875000000000000E+00,  0.0000000000000000E+00,  0.0000000000000000E+00,  0.0000000000000000E+00, -2.3193359375000000E-03,  6.3349999999999795E-03,1,1024,0,1024,1024,0,0,  2.0000000000000000E-02,  2.0000000000000000E-02,  4.2299999999999999E-01,  4.2299999999999999E-01,  0.0000000000000000E+00,  0.0000000000000000E+00
3,7,3,1,0,1,legacy-reference-bound,1024,1024,1024, -1.1875000000000000E+00, -1.1875000000000000E+00,  0.0000000000000000E+00,  0.0000000000000000E+00,  0.0000000000000000E+00, -1.1596679687500000E-03,  1.2942999999999927E-02,1,2048,0,2048,2048,0,0,  2.0000000000000000E-02,  2.0000000000000000E-02,  4.2299999999999999E-01,  4.2299999999999999E-01,  0.0000000000000000E+00,  0.0000000000000000E+00
3,7,3,1,0,1,legacy-reference-bound,2048,2048,2048, -1.1875000000000000E+00, -1.1875000000000000E+00,  0.0000000000000000E+00,  0.0000000000000000E+00,  0.0000000000000000E+00, -5.7983398437500000E-04,  2.5838999999999945E-02,1,4096,0,4096,4096,0,0,  2.0000000000000000E-02,  2.0000000000000000E-02,  4.2299999999999999E-01,  4.2299999999999999E-01,  0.0000000000000000E+00,  0.0000000000000000E+00
3,7,3,1,0,1,legacy-reference-bound,4096,4096,4096, -1.1875000000000000E+00, -1.1875000000000000E+00,  0.0000000000000000E+00,  0.0000000000000000E+00,  0.0000000000000000E+00, -2.8991699218750000E-04,  5.2766000000000091E-02,1,8192,0,8192,8192,0,0,  2.0000000000000000E-02,  2.0000000000000000E-02,  4.2299999999999999E-01,  4.2299999999999999E-01,  0.0000000000000000E+00,  0.0000000000000000E+00
3,7,3,1,0,1,legacy-reference-bound,1,1,1, -1.2075000000000000E+00, -1.1875000000000000E+00,  2.0000000000003126E-02,  3.1086244689504383E-15,  0.0000000000000000E+00, -1.2075000000000000E+00,  2.0999999999826713E-05,2,2,0,2,2,0,0,  2.0000000000000000E-02,  2.0000000000000000E-02,  4.2299999999999999E-01,  4.2299999999999999E-01, -1.0000000000000000E+00, -1.0000000000000000E+00
3,7,3,1,0,1,legacy-reference-bound,2,2,2, -1.2075000000000000E+00, -1.1875000000000000E+00,  2.0000000000003126E-02,  3.1086244689504383E-15,  0.0000000000000000E+00, -6.1375000000000002E-01,  2.7999999999916980E-05,2,4,0,4,4,0,0,  2.0000000000000000E-02,  2.0000000000000000E-02,  4.2299999999999999E-01,  4.2299999999999999E-01,  0.0000000000000000E+00,  0.0000000000000000E+00
3,7,3,1,0,1,legacy-reference-bound,4,4,4, -1.2075000000000000E+00, -1.1875000000000000E+00,  2.0000000000003126E-02,  3.1086244689504383E-15,  0.0000000000000000E+00, -3.1687500000000002E-01,  5.1000000000023249E-05,2,8,0,8,8,0,0,  2.0000000000000000E-02,  2.0000000000000000E-02,  4.2299999999999999E-01,  4.2299999999999999E-01,  0.0000000000000000E+00,  0.0000000000000000E+00
3,7,3,1,0,1,legacy-reference-bound,8,8,8, -1.2075000000000000E+00, -1.1875000000000000E+00,  2.0000000000003126E-02,  3.1086244689504383E-15,  0.0000000000000000E+00, -1.6843749999999999E-01,  9.7000000000235787E-05,2,16,0,16,16,0,0,  2.0000000000000000E-02,  2.0000000000000000E-02,  4.2299999999999999E-01,  4.2299999999999999E-01,  0.0000000000000000E+00,  0.0000000000000000E+00
3,7,3,1,0,1,legacy-reference-bound,16,16,16, -1.2075000000000000E+00, -1.1875000000000000E+00,  2.0000000000003126E-02,  3.1086244689504383E-15,  0.0000000000000000E+00, -9.4218750000000004E-02,  1.9299999999988771E-04,2,32,0,32,32,0,0,  2.0000000000000000E-02,  2.0000000000000000E-02,  4.2299999999999999E-01,  4.2299999999999999E-01,  0.0000000000000000E+00,  0.0000000000000000E+00
3,7,3,1,0,1,legacy-reference-bound,32,32,32, -1.2075000000000000E+00, -1.1875000000000000E+00,  2.0000000000003126E-02,  3.1086244689504383E-15,  0.0000000000000000E+00, -5.7109375000000004E-02,  3.9699999999998070E-04,2,64,0,64,64,0,0,  2.0000000000000000E-02,  2.0000000000000000E-02,  4.2299999999999999E-01,  4.2299999999999999E-01,  0.0000000000000000E+00,  0.0000000000000000E+00
3,7,3,1,0,1,legacy-reference-bound,64,64,64, -1.2075000000000000E+00, -1.1875000000000000E+00,  2.0000000000003126E-02,  3.1086244689504383E-15,  0.0000000000000000E+00, -3.8554687500000004E-02,  7.6300000000006918E-04,2,128,0,128,128,0,0,  2.0000000000000000E-02,  2.0000000000000000E-02,  4.2299999999999999E-01,  4.2299999999999999E-01,  0.0000000000000000E+00,  0.0000000000000000E+00
3,7,3,1,0,1,legacy-reference-bound,128,128,128, -1.2075000000000000E+00, -1.1875000000000000E+00,  2.0000000000003126E-02,  3.1086244689504383E-15,  0.0000000000000000E+00, -2.9277343750000000E-02,  1.5999999999998238E-03,2,256,0,256,256,0,0,  2.0000000000000000E-02,  2.0000000000000000E-02,  4.2299999999999999E-01,  4.2299999999999999E-01,  0.0000000000000000E+00,  0.0000000000000000E+00
3,7,3,1,0,1,legacy-reference-bound,256,256,256, -1.2075000000000000E+00, -1.1875000000000000E+00,  2.0000000000003126E-02,  3.1086244689504383E-15,  0.0000000000000000E+00, -2.4638671875000000E-02,  3.1210000000001514E-03,2,512,0,512,512,0,0,  2.0000000000000000E-02,  2.0000000000000000E-02,  4.2299999999999999E-01,  4.2299999999999999E-01,  0.0000000000000000E+00,  0.0000000000000000E+00
3,7,3,1,0,1,legacy-reference-bound,512,512,512, -1.2075000000000000E+00, -1.1875000000000000E+00,  2.0000000000003126E-02,  3.1086244689504383E-15,  0.0000000000000000E+00, -2.2319335937500000E-02,  6.5240000000001963E-03,2,1024,0,1024,1024,0,0,  2.0000000000000000E-02,  2.0000000000000000E-02,  4.2299999999999999E-01,  4.2299999999999999E-01,  0.0000000000000000E+00,  0.0000000000000000E+00
3,7,3,1,0,1,legacy-reference-bound,1024,1024,1024, -1.2075000000000000E+00, -1.1875000000000000E+00,  2.0000000000003126E-02,  3.1086244689504383E-15,  0.0000000000000000E+00, -2.1159667968750000E-02,  1.2847999999999971E-02,2,2048,0,2048,2048,0,0,  2.0000000000000000E-02,  2.0000000000000000E-02,  4.2299999999999999E-01,  4.2299999999999999E-01,  0.0000000000000000E+00,  0.0000000000000000E+00
3,7,3,1,0,1,legacy-reference-bound,2048,2048,2048, -1.2075000000000000E+00, -1.1875000000000000E+00,  2.0000000000003126E-02,  3.1086244689504383E-15,  0.0000000000000000E+00, -2.0579833984375000E-02,  2.5789000000000062E-02,2,4096,0,4096,4096,0,0,  2.0000000000000000E-02,  2.0000000000000000E-02,  4.2299999999999999E-01,  4.2299999999999999E-01,  0.0000000000000000E+00,  0.0000000000000000E+00
3,7,3,1,0,1,legacy-reference-bound,4096,4096,4096, -1.2075000000000000E+00, -1.1875000000000000E+00,  2.0000000000003126E-02,  3.1086244689504383E-15,  0.0000000000000000E+00, -2.0289916992187500E-02,  5.1463000000000036E-02,2,8192,0,8192,8192,0,0,  2.0000000000000000E-02,  2.0000000000000000E-02,  4.2299999999999999E-01,  4.2299999999999999E-01,  0.0000000000000000E+00,  0.0000000000000000E+00
3,7,3,1,0,1,legacy-reference-bound,1,1,1, -1.2075000000000000E+00, -1.1875000000000000E+00,  2.0000000000003126E-02,  3.1086244689504383E-15,  0.0000000000000000E+00, -1.2075000000000000E+00,  2.0000000000131024E-05,3,2,0,2,2,0,0,  2.0000000000000000E-02,  2.0000000000000000E-02,  4.2299999999999999E-01,  4.2299999999999999E-01, -1.0000000000000000E+00, -1.0000000000000000E+00
3,7,3,1,0,1,legacy-reference-bound,2,2,2, -1.2075000000000000E+00, -1.1875000000000000E+00,  2.0000000000003126E-02,  3.1086244689504383E-15,  0.0000000000000000E+00, -6.1375000000000002E-01,  2.7000000000221291E-05,3,4,0,4,4,0,0,  2.0000000000000000E-02,  2.0000000000000000E-02,  4.2299999999999999E-01,  4.2299999999999999E-01,  0.0000000000000000E+00,  0.0000000000000000E+00
3,7,3,1,0,1,legacy-reference-bound,4,4,4, -1.2075000000000000E+00, -1.1875000000000000E+00,  2.0000000000003126E-02,  3.1086244689504383E-15,  0.0000000000000000E+00, -3.1687500000000002E-01,  5.1000000000023249E-05,3,8,0,8,8,0,0,  2.0000000000000000E-02,  2.0000000000000000E-02,  4.2299999999999999E-01,  4.2299999999999999E-01,  0.0000000000000000E+00,  0.0000000000000000E+00
3,7,3,1,0,1,legacy-reference-bound,8,8,8, -1.2075000000000000E+00, -1.1875000000000000E+00,  2.0000000000003126E-02,  3.1086244689504383E-15,  0.0000000000000000E+00, -1.6843749999999999E-01,  1.1500000000008725E-04,3,16,0,16,16,0,0,  2.0000000000000000E-02,  2.0000000000000000E-02,  4.2299999999999999E-01,  4.2299999999999999E-01,  0.0000000000000000E+00,  0.0000000000000000E+00
3,7,3,1,0,1,legacy-reference-bound,16,16,16, -1.2075000000000000E+00, -1.1875000000000000E+00,  2.0000000000003126E-02,  3.1086244689504383E-15,  0.0000000000000000E+00, -9.4218750000000004E-02,  1.9299999999988771E-04,3,32,0,32,32,0,0,  2.0000000000000000E-02,  2.0000000000000000E-02,  4.2299999999999999E-01,  4.2299999999999999E-01,  0.0000000000000000E+00,  0.0000000000000000E+00
3,7,3,1,0,1,legacy-reference-bound,32,32,32, -1.2075000000000000E+00, -1.1875000000000000E+00,  2.0000000000003126E-02,  3.1086244689504383E-15,  0.0000000000000000E+00, -5.7109375000000004E-02,  3.9600000000028501E-04,3,64,0,64,64,0,0,  2.0000000000000000E-02,  2.0000000000000000E-02,  4.2299999999999999E-01,  4.2299999999999999E-01,  0.0000000000000000E+00,  0.0000000000000000E+00
3,7,3,1,0,1,legacy-reference-bound,64,64,64, -1.2075000000000000E+00, -1.1875000000000000E+00,  2.0000000000003126E-02,  3.1086244689504383E-15,  0.0000000000000000E+00, -3.8554687500000004E-02,  7.6300000000006918E-04,3,128,0,128,128,0,0,  2.0000000000000000E-02,  2.0000000000000000E-02,  4.2299999999999999E-01,  4.2299999999999999E-01,  0.0000000000000000E+00,  0.0000000000000000E+00
3,7,3,1,0,1,legacy-reference-bound,128,128,128, -1.2075000000000000E+00, -1.1875000000000000E+00,  2.0000000000003126E-02,  3.1086244689504383E-15,  0.0000000000000000E+00, -2.9277343750000000E-02,  1.5429999999998500E-03,3,256,0,256,256,0,0,  2.0000000000000000E-02,  2.0000000000000000E-02,  4.2299999999999999E-01,  4.2299999999999999E-01,  0.0000000000000000E+00,  0.0000000000000000E+00
3,7,3,1,1,2,legacy-reference-retry,256,2,133, -2.5919542239355477E-02, -9.2773437500000000E-03,  1.6642198489385862E-02,  3.0385416405209753E-14,  4.7184478546569153E-16,  0.0000000000000000E+00,  3.2209999999999184E-03,3,530,31,530,561,0,1, -1.0612244884673390E+00, -2.8236755015620600E-03,  4.2274653430220022E-01,  4.2299991913233337E-01, -1.0000000000000000E+00, -1.0000000000000000E+00
3,7,3,1,1,2,legacy-reference-retry,512,4,152, -2.6087740846004424E-02, -9.2773437500000000E-03,  1.6810397096023166E-02,  1.8741952434453424E-14,  8.0686325676371240E-16,  0.0000000000000000E+00,  3.8559999999998595E-03,3,636,32,636,668,0,1, -9.1476135054525320E-01, -5.7843617971546383E-03,  4.2279573813828830E-01,  4.2299983434079402E-01, -1.0000000000000000E+00, -1.0000000000000000E+00
3,7,3,1,1,2,legacy-reference-retry,1024,7,166, -2.2504806388130880E-02, -8.1176757812500000E-03,  1.4387130606898779E-02,  1.7898876825128696E-14,  1.0870210981339667E-15,  0.0000000000000000E+00,  4.2020000000002611E-03,3,668,42,668,710,0,1, -9.4497194306756171E-01, -1.1186075216183179E-02,  4.2278586093445647E-01,  4.2299966287876234E-01, -1.0000000000000000E+00, -1.0000000000000000E+00
3,7,3,1,1,2,legacy-reference-retry,2048,11,170, -1.6787188619026800E-02, -6.3781738281250000E-03,  1.0409014790916160E-02,  1.4360040934136009E-14,  1.4559208873221596E-15,  0.0000000000000000E+00,  4.3370000000000353E-03,3,650,62,650,712,0,1, -1.2551705263572359E+00, -4.5934640582127439E-03,  4.2267654135566868E-01,  4.2299986844709320E-01, -1.0000000000000000E+00, -1.0000000000000000E+00
3,7,3,1,1,2,legacy-reference-retry,4096,18,205, -1.2481243820646883E-02, -5.2185058593750000E-03,  7.2627379612768550E-03,  4.9717174821495291E-15,  1.2994976188868135E-15,  0.0000000000000000E+00,  4.9510000000001497E-03,3,673,123,673,796,0,1, -1.7649822973459550E+00, -8.2713837672865366E-03,  4.2246944553301646E-01,  4.2299976311459847E-01, -1.0000000000000000E+00, -1.0000000000000000E+00
3,2,1,1,0,1,legacy-reference-bound,1,1,64, -6.1577033610379073E-01, -1.3814059840923806E-02,  6.0195627626283610E-01, -3.0822566721155908E-14,  6.8001160258290838E-16, -6.1577033610379073E-01,  6.4099999999989166E-04,1,65,0,65,65,0,0, -1.2299999991937855E+02,  6.2182069883811497E-01,  3.0672347322977400E-01,  4.2299999999999999E-01, -1.0000000000000000E+00, -1.0000000000000000E+00
3,2,1,1,0,1,legacy-reference-bound,2,2,103, -9.6559134526440704E-01, -1.3814059840923806E-02,  9.5177728542345719E-01, -2.6048607715267735E-14,  1.9220736113823023E-15, -4.9025790906954175E-01,  9.9800000000005440E-04,1,105,0,105,105,0,0, -1.2299999999972177E+02,  2.6929802906344152E-01,  3.0672347317453619E-01,  4.2299999999999999E-01,  3.5104297606849660E-01,  5.4628689357404063E+01
3,2,1,1,0,1,legacy-reference-bound,4,4,164, -1.4292182482826732E+00, -1.3814059840923806E-02,  1.4154041884416344E+00, -1.1497747198774277E-13,  5.1281895396826371E-14, -4.0821115934742458E-01,  1.7360000000001818E-03,1,168,0,168,168,0,0, -1.2299999999999960E+02, -1.5918718588661770E-01,  3.0672347317434523E-01,  4.2298394169696196E-01,  4.6420909371347535E-01,  6.2857690580823707E+01
3,2,1,1,0,1,legacy-reference-bound,8,8,199, -1.8423908587268962E+00, -1.3814059840923806E-02,  1.8285767988858836E+00, -8.8776208606589080E-14,  1.7591830769880801E-14, -3.5511776396822592E-01,  2.0090000000001496E-03,1,207,0,207,207,0,0, -1.2300000000000000E+02, -2.8851001708707347E-01,  3.0672347317434490E-01,  4.2296185777961948E-01,  4.1463756924259104E-01,  5.4646391228920095E+01
3,2,1,1,0,1,legacy-reference-bound,16,16,294, -2.0774658891844138E+00, -1.3814059840923810E-02,  2.0636518293433852E+00, -1.0475995071423938E-13,  2.3173303553836178E-14, -3.1841444655005102E-01,  3.2870000000002619E-03,1,310,0,310,310,0,0, -1.2300000000000001E+02, -2.8041417304358923E-01,  3.0672347317434490E-01,  4.2296340477545835E-01,  2.3507590327387001E-01,  3.1947384776723375E+01
3,2,1,1,0,1,legacy-reference-bound,32,32,494, -2.2017247219435885E+00, -1.3814059840923815E-02,  2.1879106621025599E+00, -1.0475474654381145E-13,  1.9330457373678556E-14, -2.8426962503226882E-01,  5.0930000000004583E-03,1,526,0,526,526,0,0, -1.2300000000000000E+02, -2.6820922924627383E-01,  3.0672347317434490E-01,  4.2296569873930878E-01,  1.2425918964459298E-01,  1.6003840411468133E+01
3,2,1,1,0,1,legacy-reference-bound,64,64,890, -2.2670721918562600E+00, -1.3814059840923794E-02,  2.2532581320152261E+00, -1.1010463374372392E-13,  2.1841252764720487E-14, -2.3934760739421895E-01,  9.3100000000001515E-03,1,954,0,954,954,0,0, -1.2300000000000000E+02, -2.6011502647747842E-01,  3.0672347317434490E-01,  4.2296719424579909E-01,  6.5347614263870091E-02,  8.1179624373247492E+00
3,2,1,1,0,1,legacy-reference-bound,128,128,1623, -2.3012741500404021E+00, -1.3814059840923780E-02,  2.2874600901993674E+00, -1.1100668995123186E-13,  7.7955220403880254E-15, -1.8300877201454202E-01,  1.7294000000000587E-02,1,1751,0,1751,1751,0,0, -1.2300000000000000E+02, -2.5534760885285374E-01,  3.0672347317434490E-01,  4.2296806528075981E-01,  3.4202002742286797E-02,  3.8699802427374124E+00
3,2,1,1,0,1,legacy-reference-bound,256,256,2980, -2.3189967454637652E+00, -1.3814059840923773E-02,  2.3051826856227535E+00, -8.7920989932932514E-14,  4.4147086160351012E-15, -1.2670500569860865E-01,  3.3807000000000365E-02,1,3236,0,3236,3236,0,0, -1.2300000000000000E+02, -2.5269824572503985E-01,  3.0672347317434490E-01,  4.2296854615795254E-01,  1.7722614672713022E-02,  2.0447024710853015E+00
3,2,1,1,0,1,legacy-reference-bound,512,512,5406, -2.3280809730958913E+00, -1.3814059840923962E-02,  2.3142669132548690E+00, -9.8390046110452545E-14,  4.8814305462357988E-15, -8.0182754747878338E-02,  6.4011999999999958E-02,1,5918,0,5918,5918,0,0, -1.2300000000000004E+02, -2.5128173216073613E-01,  3.0672347317434490E-01,  4.2296880232762513E-01,  9.0842362623264061E-03,  1.0605629599041606E+00
3,2,1,1,0,1,legacy-reference-bound,1024,1024,9685, -2.3326957515014555E+00, -1.3814059840923701E-02,  2.3188816916604722E+00, -5.9572138888519532E-14,  2.5053337225980354E-15, -4.6969069427894306E-02,  1.0846499999999981E-01,1,10709,0,10709,10709,0,0, -1.2300000000000023E+02, -2.5054395538146712E-01,  3.0672347317434479E-01,  4.2296893549151982E-01,  4.6147823761807927E-03,  5.4093919740397212E-01
3,2,1,1,0,1,legacy-reference-bound,2048,2048,17086, -2.3350248042275950E+00, -1.3814059840924282E-02,  2.3212107443866188E+00, -5.1885579166466300E-14,  2.2243288482805268E-15, -2.5898454019469257E-02,  1.9072099999999992E-01,1,19134,0,19134,19134,0,0, -1.2300000000000000E+02, -2.5016631250503907E-01,  3.0672347317434490E-01,  4.2296900358469613E-01,  2.3290546050158678E-03,  2.7341293448603210E-01
3,2,1,1,0,1,legacy-reference-bound,4096,4096,29795, -2.3361953503998678E+00, -1.3814059840924689E-02,  2.3223812905589512E+00,  8.0300349702966400E-15,  2.1750823527271618E-15, -1.3695567560400945E-02,  3.4411300000000011E-01,1,33891,0,33891,33891,0,0, -1.2300000000000000E+02, -2.4997506347023596E-01,  3.0672347317434490E-01,  4.2296903805119390E-01,  1.1705470815476238E-03,  1.3749446869842075E-01
3,2,1,1,0,1,legacy-reference-bound,1,1,64, -6.3577033610379075E-01, -1.3814059840923806E-02,  6.2195627626283567E-01, -3.1266655931005971E-14,  6.8001160258290838E-16, -6.3577033610379075E-01,  6.4799999999998192E-04,2,65,0,65,65,0,0, -1.2299999991937855E+02,  6.2182069883811497E-01,  3.0672347322977400E-01,  4.2299999999999999E-01, -1.0000000000000000E+00, -1.0000000000000000E+00
3,2,1,1,0,1,legacy-reference-bound,2,2,103, -9.8559134526440695E-01, -1.3814059840923806E-02,  9.7177728542345676E-01, -2.6381674622655282E-14,  1.9220736113823023E-15, -5.1025790906954172E-01,  1.0550000000000281E-03,2,105,0,105,105,0,0, -1.2299999999972177E+02,  2.6929802906344152E-01,  3.0672347317453619E-01,  4.2299999999999999E-01,  3.5104297606849660E-01,  5.4628689357404063E+01
3,2,1,1,0,1,legacy-reference-bound,4,4,164, -1.4492182482826732E+00, -1.3814059840923806E-02,  1.4354041884416340E+00, -1.1542156119759284E-13,  5.1281895396826371E-14, -4.2821115934742460E-01,  1.6709999999999781E-03,2,168,0,168,168,0,0, -1.2299999999999960E+02, -1.5918718588661770E-01,  3.0672347317434523E-01,  4.2298394169696196E-01,  4.6420909371347535E-01,  6.2857690580823707E+01
3,2,1,1,0,1,legacy-reference-bound,8,8,199, -1.8623908587268962E+00, -1.3814059840923806E-02,  1.8485767988858832E+00, -8.9220297816439142E-14,  1.7591830769880801E-14, -3.7511776396822594E-01,  1.9890000000000185E-03,2,207,0,207,207,0,0, -1.2300000000000000E+02, -2.8851001708707347E-01,  3.0672347317434490E-01,  4.2296185777961948E-01,  4.1463756924259104E-01,  5.4646391228920095E+01
3,2,1,1,0,1,legacy-reference-bound,16,16,294, -2.0974658891844133E+00, -1.3814059840923810E-02,  2.0836518293433848E+00, -1.0475995071423938E-13,  2.3173303553836178E-14, -3.3841444655005104E-01,  2.9950000000003030E-03,2,310,0,310,310,0,0, -1.2300000000000001E+02, -2.8041417304358923E-01,  3.0672347317434490E-01,  4.2296340477545835E-01,  2.3507590327387001E-01,  3.1947384776723375E+01
3,2,1,1,0,1,legacy-reference-bound,32,32,494, -2.2217247219435885E+00, -1.3814059840923815E-02,  2.2079106621025595E+00, -1.0519883575366151E-13,  1.9330457373678556E-14, -3.0426962503226884E-01,  5.3079999999994243E-03,2,526,0,526,526,0,0, -1.2300000000000000E+02, -2.6820922924627383E-01,  3.0672347317434490E-01,  4.2296569873930878E-01,  1.2425918964459298E-01,  1.6003840411468133E+01
3,2,1,1,0,1,legacy-reference-bound,64,64,890, -2.2870721918562595E+00, -1.3814059840923794E-02,  2.2732581320152256E+00, -1.1010463374372392E-13,  2.1841252764720487E-14, -2.5934760739421897E-01,  1.0059000000000040E-02,2,954,0,954,954,0,0, -1.2300000000000000E+02, -2.6011502647747842E-01,  3.0672347317434490E-01,  4.2296719424579909E-01,  6.5347614263870091E-02,  8.1179624373247492E+00
3,2,1,1,0,1,legacy-reference-bound,128,128,1623, -2.3212741500404022E+00, -1.3814059840923780E-02,  2.3074600901993669E+00, -1.1145077916108193E-13,  7.7955220403880254E-15, -2.0300877201454201E-01,  1.7369000000000412E-02,2,1751,0,1751,1751,0,0, -1.2300000000000000E+02, -2.5534760885285374E-01,  3.0672347317434490E-01,  4.2296806528075981E-01,  3.4202002742286797E-02,  3.8699802427374124E+00
3,2,1,1,0,1,legacy-reference-bound,256,256,2980, -2.3389967454637652E+00, -1.3814059840923773E-02,  2.3251826856227531E+00, -8.8365079142782577E-14,  4.4147086160351012E-15, -1.4670500569860864E-01,  3.2308999999999699E-02,2,3236,0,3236,3236,0,0, -1.2300000000000000E+02, -2.5269824572503985E-01,  3.0672347317434490E-01,  4.2296854615795254E-01,  1.7722614672713022E-02,  2.0447024710853015E+00
3,2,1,1,0,1,legacy-reference-bound,512,512,5406, -2.3480809730958914E+00, -1.3814059840923962E-02,  2.3342669132548686E+00, -9.8834135320302607E-14,  4.8814305462357988E-15, -1.0018275474787834E-01,  5.9254000000000140E-02,2,5918,0,5918,5918,0,0, -1.2300000000000004E+02, -2.5128173216073613E-01,  3.0672347317434490E-01,  4.2296880232762513E-01,  9.0842362623264061E-03,  1.0605629599041606E+00
3,2,1,1,0,1,legacy-reference-bound,1024,1024,9685, -2.3526957515014555E+00, -1.3814059840923701E-02,  2.3388816916604718E+00, -6.0016228098369595E-14,  2.5053337225980354E-15, -6.6969069427894309E-02,  1.0939900000000069E-01,2,10709,0,10709,10709,0,0, -1.2300000000000023E+02, -2.5054395538146712E-01,  3.0672347317434479E-01,  4.2296893549151982E-01,  4.6147823761807927E-03,  5.4093919740397212E-01
3,2,1,1,0,1,legacy-reference-bound,2048,2048,17086, -2.3550248042275945E+00, -1.3814059840924282E-02,  2.3412107443866184E+00, -5.1885579166466300E-14,  2.2243288482805268E-15, -4.5898454019469258E-02,  1.9311999999999951E-01,2,19134,0,19134,19134,0,0, -1.2300000000000000E+02, -2.5016631250503907E-01,  3.0672347317434490E-01,  4.2296900358469613E-01,  2.3290546050158678E-03,  2.7341293448603210E-01
3,2,1,1,0,1,legacy-reference-bound,4096,4096,29795, -2.3561953503998674E+00, -1.3814059840924689E-02,  2.3423812905589507E+00,  8.0300349702966400E-15,  2.1750823527271618E-15, -3.3695567560400944E-02,  3.4403800000000029E-01,2,33891,0,33891,33891,0,0, -1.2300000000000000E+02, -2.4997506347023596E-01,  3.0672347317434490E-01,  4.2296903805119390E-01,  1.1705470815476238E-03,  1.3749446869842075E-01
3,2,1,1,0,1,legacy-reference-bound,1,1,64, -6.3577033610379075E-01, -1.3814059840923806E-02,  6.2195627626283567E-01, -3.1266655931005971E-14,  6.8001160258290838E-16, -6.3577033610379075E-01,  6.3499999999994117E-04,3,65,0,65,65,0,0, -1.2299999991937855E+02,  6.2182069883811497E-01,  3.0672347322977400E-01,  4.2299999999999999E-01, -1.0000000000000000E+00, -1.0000000000000000E+00
3,2,1,1,0,1,legacy-reference-bound,2,2,103, -9.8559134526440695E-01, -1.3814059840923806E-02,  9.7177728542345676E-01, -2.6381674622655282E-14,  1.9220736113823023E-15, -5.1025790906954172E-01,  9.9699999999991462E-04,3,105,0,105,105,0,0, -1.2299999999972177E+02,  2.6929802906344152E-01,  3.0672347317453619E-01,  4.2299999999999999E-01,  3.5104297606849660E-01,  5.4628689357404063E+01
3,2,1,1,0,1,legacy-reference-bound,4,4,164, -1.4492182482826732E+00, -1.3814059840923806E-02,  1.4354041884416340E+00, -1.1542156119759284E-13,  5.1281895396826371E-14, -4.2821115934742460E-01,  1.7119999999994917E-03,3,168,0,168,168,0,0, -1.2299999999999960E+02, -1.5918718588661770E-01,  3.0672347317434523E-01,  4.2298394169696196E-01,  4.6420909371347535E-01,  6.2857690580823707E+01
3,2,1,1,0,1,legacy-reference-bound,8,8,199, -1.8623908587268962E+00, -1.3814059840923806E-02,  1.8485767988858832E+00, -8.9220297816439142E-14,  1.7591830769880801E-14, -3.7511776396822594E-01,  2.0150000000001000E-03,3,207,0,207,207,0,0, -1.2300000000000000E+02, -2.8851001708707347E-01,  3.0672347317434490E-01,  4.2296185777961948E-01,  4.1463756924259104E-01,  5.4646391228920095E+01
3,2,1,1,0,1,legacy-reference-bound,16,16,294, -2.0974658891844133E+00, -1.3814059840923810E-02,  2.0836518293433848E+00, -1.0475995071423938E-13,  2.3173303553836178E-14, -3.3841444655005104E-01,  3.1559999999997146E-03,3,310,0,310,310,0,0, -1.2300000000000001E+02, -2.8041417304358923E-01,  3.0672347317434490E-01,  4.2296340477545835E-01,  2.3507590327387001E-01,  3.1947384776723375E+01
3,2,1,1,0,1,legacy-reference-bound,32,32,494, -2.2217247219435885E+00, -1.3814059840923815E-02,  2.2079106621025595E+00, -1.0519883575366151E-13,  1.9330457373678556E-14, -3.0426962503226884E-01,  5.0909999999992905E-03,3,526,0,526,526,0,0, -1.2300000000000000E+02, -2.6820922924627383E-01,  3.0672347317434490E-01,  4.2296569873930878E-01,  1.2425918964459298E-01,  1.6003840411468133E+01
3,2,1,1,0,1,legacy-reference-bound,64,64,890, -2.2870721918562595E+00, -1.3814059840923794E-02,  2.2732581320152256E+00, -1.1010463374372392E-13,  2.1841252764720487E-14, -2.5934760739421897E-01,  9.6489999999995746E-03,3,954,0,954,954,0,0, -1.2300000000000000E+02, -2.6011502647747842E-01,  3.0672347317434490E-01,  4.2296719424579909E-01,  6.5347614263870091E-02,  8.1179624373247492E+00
3,2,1,1,0,1,legacy-reference-bound,128,128,1623, -2.3212741500404022E+00, -1.3814059840923780E-02,  2.3074600901993669E+00, -1.1145077916108193E-13,  7.7955220403880254E-15, -2.0300877201454201E-01,  1.7365999999999993E-02,3,1751,0,1751,1751,0,0, -1.2300000000000000E+02, -2.5534760885285374E-01,  3.0672347317434490E-01,  4.2296806528075981E-01,  3.4202002742286797E-02,  3.8699802427374124E+00
3,2,1,1,0,1,legacy-reference-bound,256,256,2970, -2.3338084271880941E+00, -1.3814059840923773E-02,  2.3199943673470749E+00, -9.5470506500383578E-14,  4.3626669117557970E-15,  0.0000000000000000E+00,  3.2631000000000299E-02,3,3222,4,3222,3226,0,1, -1.2300000000000000E+02, -2.5487129512282408E-01,  3.0672347317434490E-01,  4.2296815190286796E-01,  1.2534704261579488E-02,  1.5085775157225214E+00
3,2,1,1,0,1,legacy-reference-bound,512,512,5386, -2.3428951709252095E+00, -1.3814059840923962E-02,  2.3290811110842107E+00, -7.4853317988399226E-14,  4.2300418810065077E-15,  0.0000000000000000E+00,  6.2775999999999499E-02,3,5890,8,5890,5898,0,1, -1.2300000000000000E+02, -2.5344345459103185E-01,  3.0672347317434490E-01,  4.2296841112805139E-01,  9.0867522197143891E-03,  1.0565802625188496E+00
3,2,1,1,0,1,legacy-reference-bound,1024,1024,9659, -2.3475112983139912E+00, -1.3814059840923701E-02,  2.3336972384730181E+00, -4.9358087061968092E-14,  2.1538353782782349E-15,  0.0000000000000000E+00,  1.1226500000000073E-01,3,10667,16,10667,10683,0,1, -1.2300000000000000E+02, -2.5269980992601992E-01,  3.0672347317434490E-01,  4.2296854587471278E-01,  4.6161313017176187E-03,  5.3926420848469547E-01
3,2,1,1,0,1,legacy-reference-bound,2048,2048,17033, -2.3498410525706857E+00, -1.3814059840924282E-02,  2.3360269927297033E+00, -5.8102828104367177E-14,  2.1597103988003907E-15,  0.0000000000000000E+00,  2.0104400000000044E-01,3,19049,32,19049,19081,0,1, -1.2300000000000000E+02, -2.5231917285562228E-01,  3.0672347317434490E-01,  4.2296861477558378E-01,  2.3297561118312826E-03,  2.7265656698818930E-01
3,2,1,1,0,1,legacy-reference-bound,4096,4096,29708, -2.3510119570487098E+00, -1.3814059840924689E-02,  2.3371978972078189E+00,  3.3787209141600272E-14,  2.1397712432220245E-15,  0.0000000000000000E+00,  3.5715299999999939E-01,3,33740,64,33740,33804,0,1, -1.2300000000000009E+02, -2.5212641004988928E-01,  3.0672347317434490E-01,  4.2296864965045644E-01,  1.1709053768874100E-03,  1.3713683656528985E-01
3,2,2,1,0,1,legacy-reference-bound,1,1,41, -6.2868250165676909E-01, -4.3135658157335610E-01,  1.9732592008342920E-01,  1.6209256159527285E-14,  3.8857805861880479E-16, -6.2868250165676909E-01,  4.2200000000036653E-04,1,42,0,42,42,0,0, -9.7468925147468681E+00,  6.0822894562445362E-01,  4.1681714101236733E-01,  4.2299999999999999E-01, -1.0000000000000000E+00, -1.0000000000000000E+00
3,2,2,1,0,1,legacy-reference-bound,2,2,86, -7.2595223239495221E-01, -4.3135658157335610E-01,  2.9459565082162698E-01,  3.0864200084579352E-14,  3.3306690738754696E-16, -3.5669829030274819E-01,  8.2499999999985363E-04,1,88,0,88,88,0,0, -9.6569205673538470E+00,  1.4661378364134694E+00,  4.1689732391120649E-01,  4.2299999999999999E-01,  9.7269730738182292E-02,  4.5592513221830231E+00
3,2,2,1,1,2,legacy-reference-retry,4,3,211, -6.2751193169161557E-01, -3.2351743618001705E-01,  3.0399449551161695E-01,  1.8429702208777599E-14,  1.1934897514720433E-15, -2.0900730944119614E-01,  1.8739999999999313E-03,1,215,0,215,215,0,0, -9.8553846378675054E+00,  2.9295089407310009E+00,  4.1672009812617949E-01,  4.2299999999999999E-01, -1.0000000000000000E+00, -1.0000000000000000E+00
3,2,2,1,0,1,legacy-reference-bound,8,8,415, -9.9548746903988006E-01, -4.3135658157335616E-01,  5.6413088746655404E-01,  3.0142555118573000E-14,  1.0408340855860843E-15, -1.2693830670288497E-01,  3.3820000000002182E-03,1,423,0,423,423,0,0, -7.8351570181111168E+00,  6.2263248691423305E+00,  4.1845922958843429E-01,  4.2299999999999999E-01, -1.0000000000000000E+00, -1.0000000000000000E+00
3,2,2,1,1,2,legacy-reference-retry,16,15,642, -1.0334308828017091E+00, -4.0439679522502125E-01,  6.2903408757670576E-01,  1.7874590696465020E-14,  9.5062846483529029E-16, -7.9826740481881334E-02,  4.9540000000005691E-03,1,658,0,658,658,0,0, -3.7653954734640238E+00,  4.1919010127709058E+00,  4.2141126642995741E-01,  4.2299999999999999E-01, -1.0000000000000000E+00, -1.0000000000000000E+00
3,2,2,1,1,2,legacy-reference-retry,32,27,633, -9.8917256120242714E-01, -3.6395711570251904E-01,  6.2521544549991148E-01,  3.3861802251067274E-15,  7.2546135765350073E-15, -5.1965877701510503E-02,  5.1129999999997011E-03,1,661,0,661,661,0,0, -4.4068658452508203E+00,  1.7330681781975510E+00,  4.2100700063372820E-01,  4.2299999999999999E-01, -1.0000000000000000E+00, -1.0000000000000000E+00
3,2,2,1,0,1,legacy-reference-bound,64,64,731, -1.0723417850868040E+00, -4.3135658157335655E-01,  6.4098520351344490E-01, -2.5535129566378600E-15,  6.9406286273832052E-15, -3.4877431262564165E-02,  6.1549999999996885E-03,1,795,0,795,795,0,0,  8.1594044044909886E-01,  6.2899294795478809E+01,  4.2299999999999999E-01,  4.2299999999999999E-01, -1.0000000000000000E+00, -1.0000000000000000E+00
3,2,2,1,0,1,legacy-reference-bound,128,128,963, -1.0723417850868031E+00, -4.3135658157335555E-01,  6.4098520351344490E-01, -2.6645352591003757E-15,  2.3878468646820750E-15, -2.3757049598610847E-02,  9.0490000000000848E-03,1,1167,0,1167,1167,0,0,  8.1594044044909886E-01,  6.2899294795478809E+01,  4.2299999999999999E-01,  4.2299999999999999E-01,  0.0000000000000000E+00,  1.7763568394002505E-15
3,2,2,1,0,1,legacy-reference-bound,256,256,1544, -1.0723417850867969E+00, -4.3135658157335477E-01,  6.4098520351344490E-01,  2.7755575615628914E-15,  5.9609435443253034E-15, -1.5895272550944646E-02,  1.5494999999999592E-02,1,1934,0,1934,1934,0,0,  8.1594044044909886E-01,  6.2899294795478809E+01,  4.2299999999999999E-01,  4.2299999999999999E-01,  0.0000000000000000E+00,  0.0000000000000000E+00
3,2,2,1,0,1,legacy-reference-bound,512,512,2800, -1.0723417850868122E+00, -4.3135658157336038E-01,  6.4098520351344490E-01, -6.9388939039072284E-15,  2.1859684201652740E-15, -1.0030670360221762E-02,  2.7668999999999500E-02,1,3418,0,3418,3418,0,0,  8.1594044044909886E-01,  6.2899294795478809E+01,  4.2299999999999999E-01,  4.2299999999999999E-01,  0.0000000000000000E+00,  1.7763568394002505E-15
3,2,2,1,0,1,legacy-reference-bound,1024,1024,5047, -1.0723417850867725E+00, -4.3135658157336426E-01,  6.4098520351344490E-01,  3.6692870963861424E-14,  2.1637422756293212E-15, -5.8632828767570463E-03,  5.1643000000000328E-02,1,6189,0,6189,6189,0,0,  8.1594044044909886E-01,  6.2899294795478809E+01,  4.2299999999999999E-01,  4.2299999999999999E-01,  0.0000000000000000E+00,  1.7763568394002505E-15
3,2,2,1,0,1,legacy-reference-bound,2048,2048,9283, -1.0723417850868391E+00, -4.3135658157336620E-01,  6.4098520351344490E-01, -2.7977620220553945E-14,  2.4457974708014252E-15, -3.2140512064501637E-03,  9.6563000000000621E-02,1,11437,0,11437,11437,0,0,  8.1594044044909886E-01,  6.2899294795478809E+01,  4.2299999999999999E-01,  4.2299999999999999E-01,  0.0000000000000000E+00,  1.7763568394002505E-15
3,2,2,1,0,1,legacy-reference-bound,4096,4096,17616, -1.0723417850869441E+00, -4.3135658157331941E-01,  6.4098520351344490E-01, -1.7980061883804410E-13,  2.5777177701385989E-15, -1.6895615699657467E-03,  1.8338700000000063E-01,1,21712,0,21712,21712,0,0,  8.1594044044909886E-01,  6.2899294795478809E+01,  4.2299999999999999E-01,  4.2299999999999999E-01,  0.0000000000000000E+00,  1.7763568394002505E-15
3,2,2,1,0,1,legacy-reference-bound,1,1,41, -6.4868250165676911E-01, -4.3135658157335610E-01,  2.1732592008343232E-01,  1.9317880628477724E-14,  3.8857805861880479E-16, -6.4868250165676911E-01,  4.5599999999978991E-04,2,42,0,42,42,0,0, -9.7468925147468681E+00,  6.0822894562445362E-01,  4.1681714101236733E-01,  4.2299999999999999E-01, -1.0000000000000000E+00, -1.0000000000000000E+00
3,2,2,1,0,1,legacy-reference-bound,2,2,86, -7.4595223239495223E-01, -4.3135658157335610E-01,  3.1459565082163010E-01,  3.3972824553529790E-14,  3.3306690738754696E-16, -3.7669829030274821E-01,  9.2900000000017968E-04,2,88,0,88,88,0,0, -9.6569205673538470E+00,  1.4661378364134694E+00,  4.1689732391120649E-01,  4.2299999999999999E-01,  9.7269730738182292E-02,  4.5592513221830231E+00
3,2,2,1,1,2,legacy-reference-retry,4,3,211, -6.4751193169161558E-01, -3.2351743618001705E-01,  3.2399449551162007E-01,  2.1538326677728037E-14,  1.1934897514720433E-15, -2.2900730944119613E-01,  1.9569999999999865E-03,2,215,0,215,215,0,0, -9.8553846378675054E+00,  2.9295089407310009E+00,  4.1672009812617949E-01,  4.2299999999999999E-01, -1.0000000000000000E+00, -1.0000000000000000E+00
3,2,2,1,0,1,legacy-reference-bound,8,8,415, -1.0154874690398801E+00, -4.3135658157335616E-01,  5.8413088746655717E-01,  3.3251179587523438E-14,  1.0408340855860843E-15, -1.4693830670288496E-01,  3.5449999999999093E-03,2,423,0,423,423,0,0, -7.8351570181111168E+00,  6.2263248691423305E+00,  4.1845922958843429E-01,  4.2299999999999999E-01, -1.0000000000000000E+00, -1.0000000000000000E+00
3,2,2,1,1,2,legacy-reference-retry,16,15,642, -1.0534308828017092E+00, -4.0439679522502125E-01,  6.4903408757670888E-01,  2.0983215165415459E-14,  9.5062846483529029E-16, -9.9826740481881338E-02,  4.8989999999999867E-03,2,658,0,658,658,0,0, -3.7653954734640238E+00,  4.1919010127709058E+00,  4.2141126642995741E-01,  4.2299999999999999E-01, -1.0000000000000000E+00, -1.0000000000000000E+00
3,2,2,1,1,2,legacy-reference-retry,32,27,633, -1.0091725612024272E+00, -3.6395711570251904E-01,  6.4521544549991461E-01,  6.4948046940571658E-15,  7.2546135765350073E-15, -7.1965877701510500E-02,  5.0340000000002050E-03,2,661,0,661,661,0,0, -4.4068658452508203E+00,  1.7330681781975510E+00,  4.2100700063372820E-01,  4.2299999999999999E-01, -1.0000000000000000E+00, -1.0000000000000000E+00
3,2,2,1,0,1,legacy-reference-bound,64,64,731, -1.0923417850868042E+00, -4.3135658157335655E-01,  6.6098520351344803E-01,  3.3306690738754696E-16,  6.9406286273832052E-15, -5.4877431262564169E-02,  6.1650000000001981E-03,2,795,0,795,795,0,0,  8.1594044044909886E-01,  6.2899294795478809E+01,  4.2299999999999999E-01,  4.2299999999999999E-01, -1.0000000000000000E+00, -1.0000000000000000E+00
3,2,2,1,0,1,legacy-reference-bound,128,128,963, -1.0923417850868034E+00, -4.3135658157335555E-01,  6.6098520351344803E-01,  2.2204460492503131E-16,  2.3878468646820750E-15, -4.3757049598610848E-02,  9.0420000000008827E-03,2,1167,0,1167,1167,0,0,  8.1594044044909886E-01,  6.2899294795478809E+01,  4.2299999999999999E-01,  4.2299999999999999E-01,  0.0000000000000000E+00,  1.7763568394002505E-15
3,2,2,1,0,1,legacy-reference-bound,256,256,1544, -1.0923417850867969E+00, -4.3135658157335477E-01,  6.6098520351344803E-01,  5.8841820305133297E-15,  5.9609435443253034E-15, -3.5895272550944643E-02,  1.5894000000000297E-02,2,1934,0,1934,1934,0,0,  8.1594044044909886E-01,  6.2899294795478809E+01,  4.2299999999999999E-01,  4.2299999999999999E-01,  0.0000000000000000E+00,  0.0000000000000000E+00
3,2,2,1,0,1,legacy-reference-bound,512,512,2800, -1.0923417850868125E+00, -4.3135658157336038E-01,  6.6098520351344803E-01, -4.0523140398818214E-15,  2.1859684201652740E-15, -3.0030670360221765E-02,  2.8058999999999834E-02,2,3418,0,3418,3418,0,0,  8.1594044044909886E-01,  6.2899294795478809E+01,  4.2299999999999999E-01,  4.2299999999999999E-01,  0.0000000000000000E+00,  1.7763568394002505E-15
3,2,2,1,0,1,legacy-reference-bound,1024,1024,5047, -1.0923417850867694E+00, -4.3135658157336426E-01,  6.6098520351344803E-01,  4.2910119901762300E-14,  2.1637422756293212E-15, -2.5863282876757047E-02,  5.1427999999999585E-02,2,6189,0,6189,6189,0,0,  8.1594044044909886E-01,  6.2899294795478809E+01,  4.2299999999999999E-01,  4.2299999999999999E-01,  0.0000000000000000E+00,  1.7763568394002505E-15
3,2,2,1,0,1,legacy-reference-bound,2048,2048,9283, -1.0923417850868391E+00, -4.3135658157336620E-01,  6.6098520351344803E-01, -2.4868995751603507E-14,  2.4457974708014252E-15, -2.3214051206450165E-02,  9.6640999999999977E-02,2,11437,0,11437,11437,0,0,  8.1594044044909886E-01,  6.2899294795478809E+01,  4.2299999999999999E-01,  4.2299999999999999E-01,  0.0000000000000000E+00,  1.7763568394002505E-15
3,2,2,1,0,1,legacy-reference-bound,4096,4096,17616, -1.0923417850869579E+00, -4.3135658157331941E-01,  6.6098520351344803E-01, -1.9045875987444560E-13,  2.5777177701385989E-15, -2.1689561569965748E-02,  1.8365600000000004E-01,2,21712,0,21712,21712,0,0,  8.1594044044909886E-01,  6.2899294795478809E+01,  4.2299999999999999E-01,  4.2299999999999999E-01,  0.0000000000000000E+00,  1.7763568394002505E-15
3,2,2,1,0,1,legacy-reference-bound,1,1,41, -6.4868250165676911E-01, -4.3135658157335610E-01,  2.1732592008343232E-01,  1.9317880628477724E-14,  3.8857805861880479E-16, -6.4868250165676911E-01,  4.0799999999929781E-04,3,42,0,42,42,0,0, -9.7468925147468681E+00,  6.0822894562445362E-01,  4.1681714101236733E-01,  4.2299999999999999E-01, -1.0000000000000000E+00, -1.0000000000000000E+00
3,2,2,1,0,1,legacy-reference-bound,2,2,86, -7.4595223239495223E-01, -4.3135658157335610E-01,  3.1459565082163010E-01,  3.3972824553529790E-14,  3.3306690738754696E-16, -3.7669829030274821E-01,  8.3799999999989438E-04,3,88,0,88,88,0,0, -9.6569205673538470E+00,  1.4661378364134694E+00,  4.1689732391120649E-01,  4.2299999999999999E-01,  9.7269730738182292E-02,  4.5592513221830231E+00
3,2,2,1,1,2,legacy-reference-retry,4,3,211, -6.4751193169161558E-01, -3.2351743618001705E-01,  3.2399449551162007E-01,  2.1538326677728037E-14,  1.1934897514720433E-15, -2.2900730944119613E-01,  1.8709999999995119E-03,3,215,0,215,215,0,0, -9.8553846378675054E+00,  2.9295089407310009E+00,  4.1672009812617949E-01,  4.2299999999999999E-01, -1.0000000000000000E+00, -1.0000000000000000E+00
3,2,2,1,0,1,legacy-reference-bound,8,8,415, -1.0154874690398801E+00, -4.3135658157335616E-01,  5.8413088746655717E-01,  3.3251179587523438E-14,  1.0408340855860843E-15, -1.4693830670288496E-01,  3.9639999999998565E-03,3,423,0,423,423,0,0, -7.8351570181111168E+00,  6.2263248691423305E+00,  4.1845922958843429E-01,  4.2299999999999999E-01, -1.0000000000000000E+00, -1.0000000000000000E+00
3,2,2,1,1,2,legacy-reference-retry,16,15,642, -1.0534308828017092E+00, -4.0439679522502125E-01,  6.4903408757670888E-01,  2.0983215165415459E-14,  9.5062846483529029E-16, -9.9826740481881338E-02,  5.2190000000003067E-03,3,658,0,658,658,0,0, -3.7653954734640238E+00,  4.1919010127709058E+00,  4.2141126642995741E-01,  4.2299999999999999E-01, -1.0000000000000000E+00, -1.0000000000000000E+00
3,2,2,1,1,2,legacy-reference-retry,32,27,633, -1.0091725612024272E+00, -3.6395711570251904E-01,  6.4521544549991461E-01,  6.4948046940571658E-15,  7.2546135765350073E-15, -7.1965877701510500E-02,  5.1649999999998641E-03,3,661,0,661,661,0,0, -4.4068658452508203E+00,  1.7330681781975510E+00,  4.2100700063372820E-01,  4.2299999999999999E-01, -1.0000000000000000E+00, -1.0000000000000000E+00
3,2,2,1,0,1,legacy-reference-bound,64,64,731, -1.0923417850868042E+00, -4.3135658157335655E-01,  6.6098520351344803E-01,  3.3306690738754696E-16,  6.9406286273832052E-15, -5.4877431262564169E-02,  6.2969999999999970E-03,3,795,0,795,795,0,0,  8.1594044044909886E-01,  6.2899294795478809E+01,  4.2299999999999999E-01,  4.2299999999999999E-01, -1.0000000000000000E+00, -1.0000000000000000E+00
3,2,2,1,0,1,legacy-reference-bound,128,128,963, -1.0923417850868034E+00, -4.3135658157335555E-01,  6.6098520351344803E-01,  2.2204460492503131E-16,  2.3878468646820750E-15, -4.3757049598610848E-02,  9.0919999999998780E-03,3,1167,0,1167,1167,0,0,  8.1594044044909886E-01,  6.2899294795478809E+01,  4.2299999999999999E-01,  4.2299999999999999E-01,  0.0000000000000000E+00,  1.7763568394002505E-15
3,2,2,1,0,1,legacy-reference-bound,256,256,1542, -1.0923417850868098E+00, -4.3135658157335477E-01,  6.6098520351344803E-01, -6.9944050551384862E-15,  4.2435673031082644E-15,  0.0000000000000000E+00,  1.5204999999999913E-02,3,1850,5,1850,1855,0,1,  8.1594044044909886E-01,  6.2899294795478809E+01,  4.2299999999999999E-01,  4.2299999999999999E-01,  0.0000000000000000E+00,  0.0000000000000000E+00
3,2,2,1,0,1,legacy-reference-bound,512,512,2785, -1.0923417850868207E+00, -4.3135658157336038E-01,  6.6098520351344803E-01, -1.2267964422107980E-14,  3.0507280729397124E-15,  0.0000000000000000E+00,  2.8215000000000323E-02,3,3415,10,3415,3425,0,1,  8.1594044044909886E-01,  6.2899294795478809E+01,  4.2299999999999999E-01,  4.2299999999999999E-01,  0.0000000000000000E+00,  0.0000000000000000E+00
3,2,2,1,0,1,legacy-reference-bound,1024,1024,5070, -1.0923417850868291E+00, -4.3135658157336426E-01,  6.6098520351344803E-01, -1.6819878823071122E-14,  2.1064964009220866E-15,  0.0000000000000000E+00,  5.2560000000000606E-02,3,6074,20,6074,6094,0,1,  8.1594044044909886E-01,  6.2899294795478809E+01,  4.2299999999999999E-01,  4.2299999999999999E-01,  0.0000000000000000E+00,  1.7763568394002505E-15
3,2,2,1,0,1,legacy-reference-bound,2048,2048,9348, -1.0923417850868333E+00, -4.3135658157336620E-01,  6.6098520351344803E-01, -1.9095836023552692E-14,  2.4532784657915752E-15,  0.0000000000000000E+00,  9.5907000000000409E-02,3,11356,40,11356,11396,0,1,  8.1594044044909886E-01,  6.2899294795478809E+01,  4.2299999999999999E-01,  4.2299999999999999E-01,  0.0000000000000000E+00,  1.7763568394002505E-15
3,2,2,1,0,1,legacy-reference-bound,4096,4096,17657, -1.0923417850869355E+00, -4.3135658157331941E-01,  6.6098520351344803E-01, -1.6803225477701744E-13,  3.1305524578889576E-15,  0.0000000000000000E+00,  1.8134099999999975E-01,3,21680,73,21680,21753,0,1,  8.1594044044909886E-01,  6.2899294795478809E+01,  4.2299999999999999E-01,  4.2299999999999999E-01,  0.0000000000000000E+00,  1.7763568394002505E-15
3,2,3,1,0,1,legacy-reference-bound,1,1,1, -1.1875000000000000E+00, -1.1875000000000000E+00,  0.0000000000000000E+00,  0.0000000000000000E+00,  0.0000000000000000E+00, -1.1875000000000000E+00,  2.1000000000270802E-05,1,2,0,2,2,0,0,  2.0000000000000000E-02,  2.0000000000000000E-02,  4.2299999999999999E-01,  4.2299999999999999E-01, -1.0000000000000000E+00, -1.0000000000000000E+00
3,2,3,1,0,1,legacy-reference-bound,2,2,2, -1.1875000000000000E+00, -1.1875000000000000E+00,  0.0000000000000000E+00,  0.0000000000000000E+00,  0.0000000000000000E+00, -5.9375000000000000E-01,  2.7000000000221291E-05,1,4,0,4,4,0,0,  2.0000000000000000E-02,  2.0000000000000000E-02,  4.2299999999999999E-01,  4.2299999999999999E-01,  0.0000000000000000E+00,  0.0000000000000000E+00
3,2,3,1,0,1,legacy-reference-bound,4,4,4, -1.1875000000000000E+00, -1.1875000000000000E+00,  0.0000000000000000E+00,  0.0000000000000000E+00,  0.0000000000000000E+00, -2.9687500000000000E-01,  4.9999999999883471E-05,1,8,0,8,8,0,0,  2.0000000000000000E-02,  2.0000000000000000E-02,  4.2299999999999999E-01,  4.2299999999999999E-01,  0.0000000000000000E+00,  0.0000000000000000E+00
3,2,3,1,0,1,legacy-reference-bound,8,8,8, -1.1875000000000000E+00, -1.1875000000000000E+00,  0.0000000000000000E+00,  0.0000000000000000E+00,  0.0000000000000000E+00, -1.4843750000000000E-01,  9.6000000000096009E-05,1,16,0,16,16,0,0,  2.0000000000000000E-02,  2.0000000000000000E-02,  4.2299999999999999E-01,  4.2299999999999999E-01,  0.0000000000000000E+00,  0.0000000000000000E+00
3,2,3,1,0,1,legacy-reference-bound,16,16,16, -1.1875000000000000E+00, -1.1875000000000000E+00,  0.0000000000000000E+00,  0.0000000000000000E+00,  0.0000000000000000E+00, -7.4218750000000000E-02,  2.0500000000023277E-04,1,32,0,32,32,0,0,  2.0000000000000000E-02,  2.0000000000000000E-02,  4.2299999999999999E-01,  4.2299999999999999E-01,  0.0000000000000000E+00,  0.0000000000000000E+00
3,2,3,1,0,1,legacy-reference-bound,32,32,32, -1.1875000000000000E+00, -1.1875000000000000E+00,  0.0000000000000000E+00,  0.0000000000000000E+00,  0.0000000000000000E+00, -3.7109375000000000E-02,  3.7999999999982492E-04,1,64,0,64,64,0,0,  2.0000000000000000E-02,  2.0000000000000000E-02,  4.2299999999999999E-01,  4.2299999999999999E-01,  0.0000000000000000E+00,  0.0000000000000000E+00
3,2,3,1,0,1,legacy-reference-bound,64,64,64, -1.1875000000000000E+00, -1.1875000000000000E+00,  0.0000000000000000E+00,  0.0000000000000000E+00,  0.0000000000000000E+00, -1.8554687500000000E-02,  7.7499999999997016E-04,1,128,0,128,128,0,0,  2.0000000000000000E-02,  2.0000000000000000E-02,  4.2299999999999999E-01,  4.2299999999999999E-01,  0.0000000000000000E+00,  0.0000000000000000E+00
3,2,3,1,0,1,legacy-reference-bound,128,128,128, -1.1875000000000000E+00, -1.1875000000000000E+00,  0.0000000000000000E+00,  0.0000000000000000E+00,  0.0000000000000000E+00, -9.2773437500000000E-03,  1.5410000000004587E-03,1,256,0,256,256,0,0,  2.0000000000000000E-02,  2.0000000000000000E-02,  4.2299999999999999E-01,  4.2299999999999999E-01,  0.0000000000000000E+00,  0.0000000000000000E+00
3,2,3,1,0,1,legacy-reference-bound,256,256,256, -1.1875000000000000E+00, -1.1875000000000000E+00,  0.0000000000000000E+00,  0.0000000000000000E+00,  0.0000000000000000E+00, -4.6386718750000000E-03,  3.0600000000005068E-03,1,512,0,512,512,0,0,  2.0000000000000000E-02,  2.0000000000000000E-02,  4.2299999999999999E-01,  4.2299999999999999E-01,  0.0000000000000000E+00,  0.0000000000000000E+00
3,2,3,1,0,1,legacy-reference-bound,512,512,512, -1.1875000000000000E+00, -1.1875000000000000E+00,  0.0000000000000000E+00,  0.0000000000000000E+00,  0.0000000000000000E+00, -2.3193359375000000E-03,  6.1810000000006582E-03,1,1024,0,1024,1024,0,0,  2.0000000000000000E-02,  2.0000000000000000E-02,  4.2299999999999999E-01,  4.2299999999999999E-01,  0.0000000000000000E+00,  0.0000000000000000E+00
3,2,3,1,0,1,legacy-reference-bound,1024,1024,1024, -1.1875000000000000E+00, -1.1875000000000000E+00,  0.0000000000000000E+00,  0.0000000000000000E+00,  0.0000000000000000E+00, -1.1596679687500000E-03,  1.2900999999999385E-02,1,2048,0,2048,2048,0,0,  2.0000000000000000E-02,  2.0000000000000000E-02,  4.2299999999999999E-01,  4.2299999999999999E-01,  0.0000000000000000E+00,  0.0000000000000000E+00
3,2,3,1,0,1,legacy-reference-bound,2048,2048,2048, -1.1875000000000000E+00, -1.1875000000000000E+00,  0.0000000000000000E+00,  0.0000000000000000E+00,  0.0000000000000000E+00, -5.7983398437500000E-04,  2.5069999999999482E-02,1,4096,0,4096,4096,0,0,  2.0000000000000000E-02,  2.0000000000000000E-02,  4.2299999999999999E-01,  4.2299999999999999E-01,  0.0000000000000000E+00,  0.0000000000000000E+00
3,2,3,1,0,1,legacy-reference-bound,4096,4096,4096, -1.1875000000000000E+00, -1.1875000000000000E+00,  0.0000000000000000E+00,  0.0000000000000000E+00,  0.0000000000000000E+00, -2.8991699218750000E-04,  5.0106999999999680E-02,1,8192,0,8192,8192,0,0,  2.0000000000000000E-02,  2.0000000000000000E-02,  4.2299999999999999E-01,  4.2299999999999999E-01,  0.0000000000000000E+00,  0.0000000000000000E+00
3,2,3,1,0,1,legacy-reference-bound,1,1,1, -1.2075000000000000E+00, -1.1875000000000000E+00,  2.0000000000003126E-02,  3.1086244689504383E-15,  0.0000000000000000E+00, -1.2075000000000000E+00,  2.0000000000131024E-05,2,2,0,2,2,0,0,  2.0000000000000000E-02,  2.0000000000000000E-02,  4.2299999999999999E-01,  4.2299999999999999E-01, -1.0000000000000000E+00, -1.0000000000000000E+00
3,2,3,1,0,1,legacy-reference-bound,2,2,2, -1.2075000000000000E+00, -1.1875000000000000E+00,  2.0000000000003126E-02,  3.1086244689504383E-15,  0.0000000000000000E+00, -6.1375000000000002E-01,  2.6999999999333113E-05,2,4,0,4,4,0,0,  2.0000000000000000E-02,  2.0000000000000000E-02,  4.2299999999999999E-01,  4.2299999999999999E-01,  0.0000000000000000E+00,  0.0000000000000000E+00
3,2,3,1,0,1,legacy-reference-bound,4,4,4, -1.2075000000000000E+00, -1.1875000000000000E+00,  2.0000000000003126E-02,  3.1086244689504383E-15,  0.0000000000000000E+00, -3.1687500000000002E-01,  4.8999999999743693E-05,2,8,0,8,8,0,0,  2.0000000000000000E-02,  2.0000000000000000E-02,  4.2299999999999999E-01,  4.2299999999999999E-01,  0.0000000000000000E+00,  0.0000000000000000E+00
3,2,3,1,0,1,legacy-reference-bound,8,8,8, -1.2075000000000000E+00, -1.1875000000000000E+00,  2.0000000000003126E-02,  3.1086244689504383E-15,  0.0000000000000000E+00, -1.6843749999999999E-01,  9.7000000000235787E-05,2,16,0,16,16,0,0,  2.0000000000000000E-02,  2.0000000000000000E-02,  4.2299999999999999E-01,  4.2299999999999999E-01,  0.0000000000000000E+00,  0.0000000000000000E+00
3,2,3,1,0,1,legacy-reference-bound,16,16,16, -1.2075000000000000E+00, -1.1875000000000000E+00,  2.0000000000003126E-02,  3.1086244689504383E-15,  0.0000000000000000E+00, -9.4218750000000004E-02,  1.9200000000019202E-04,2,32,0,32,32,0,0,  2.0000000000000000E-02,  2.0000000000000000E-02,  4.2299999999999999E-01,  4.2299999999999999E-01,  0.0000000000000000E+00,  0.0000000000000000E+00
3,2,3,1,0,1,legacy-reference-bound,32,32,32, -1.2075000000000000E+00, -1.1875000000000000E+00,  2.0000000000003126E-02,  3.1086244689504383E-15,  0.0000000000000000E+00, -5.7109375000000004E-02,  4.8300000000001120E-04,2,64,0,64,64,0,0,  2.0000000000000000E-02,  2.0000000000000000E-02,  4.2299999999999999E-01,  4.2299999999999999E-01,  0.0000000000000000E+00,  0.0000000000000000E+00
3,2,3,1,0,1,legacy-reference-bound,64,64,64, -1.2075000000000000E+00, -1.1875000000000000E+00,  2.0000000000003126E-02,  3.1086244689504383E-15,  0.0000000000000000E+00, -3.8554687500000004E-02,  7.5999999999964984E-04,2,128,0,128,128,0,0,  2.0000000000000000E-02,  2.0000000000000000E-02,  4.2299999999999999E-01,  4.2299999999999999E-01,  0.0000000000000000E+00,  0.0000000000000000E+00
3,2,3,1,0,1,legacy-reference-bound,128,128,128, -1.2075000000000000E+00, -1.1875000000000000E+00,  2.0000000000003126E-02,  3.1086244689504383E-15,  0.0000000000000000E+00, -2.9277343750000000E-02,  1.7249999999995325E-03,2,256,0,256,256,0,0,  2.0000000000000000E-02,  2.0000000000000000E-02,  4.2299999999999999E-01,  4.2299999999999999E-01,  0.0000000000000000E+00,  0.0000000000000000E+00
3,2,3,1,0,1,legacy-reference-bound,256,256,256, -1.2075000000000000E+00, -1.1875000000000000E+00,  2.0000000000003126E-02,  3.1086244689504383E-15,  0.0000000000000000E+00, -2.4638671875000000E-02,  3.3120000000002037E-03,2,512,0,512,512,0,0,  2.0000000000000000E-02,  2.0000000000000000E-02,  4.2299999999999999E-01,  4.2299999999999999E-01,  0.0000000000000000E+00,  0.0000000000000000E+00
3,2,3,1,0,1,legacy-reference-bound,512,512,512, -1.2075000000000000E+00, -1.1875000000000000E+00,  2.0000000000003126E-02,  3.1086244689504383E-15,  0.0000000000000000E+00, -2.2319335937500000E-02,  6.2320000000006814E-03,2,1024,0,1024,1024,0,0,  2.0000000000000000E-02,  2.0000000000000000E-02,  4.2299999999999999E-01,  4.2299999999999999E-01,  0.0000000000000000E+00,  0.0000000000000000E+00
3,2,3,1,0,1,legacy-reference-bound,1024,1024,1024, -1.2075000000000000E+00, -1.1875000000000000E+00,  2.0000000000003126E-02,  3.1086244689504383E-15,  0.0000000000000000E+00, -2.1159667968750000E-02,  1.2857999999999592E-02,2,2048,0,2048,2048,0,0,  2.0000000000000000E-02,  2.0000000000000000E-02,  4.2299999999999999E-01,  4.2299999999999999E-01,  0.0000000000000000E+00,  0.0000000000000000E+00
3,2,3,1,0,1,legacy-reference-bound,2048,2048,2048, -1.2075000000000000E+00, -1.1875000000000000E+00,  2.0000000000003126E-02,  3.1086244689504383E-15,  0.0000000000000000E+00, -2.0579833984375000E-02,  2.5446999999999775E-02,2,4096,0,4096,4096,0,0,  2.0000000000000000E-02,  2.0000000000000000E-02,  4.2299999999999999E-01,  4.2299999999999999E-01,  0.0000000000000000E+00,  0.0000000000000000E+00
3,2,3,1,0,1,legacy-reference-bound,4096,4096,4096, -1.2075000000000000E+00, -1.1875000000000000E+00,  2.0000000000003126E-02,  3.1086244689504383E-15,  0.0000000000000000E+00, -2.0289916992187500E-02,  5.0021000000000093E-02,2,8192,0,8192,8192,0,0,  2.0000000000000000E-02,  2.0000000000000000E-02,  4.2299999999999999E-01,  4.2299999999999999E-01,  0.0000000000000000E+00,  0.0000000000000000E+00
3,2,3,1,0,1,legacy-reference-bound,1,1,1, -1.2075000000000000E+00, -1.1875000000000000E+00,  2.0000000000003126E-02,  3.1086244689504383E-15,  0.0000000000000000E+00, -1.2075000000000000E+00,  2.0000000000131024E-05,3,2,0,2,2,0,0,  2.0000000000000000E-02,  2.0000000000000000E-02,  4.2299999999999999E-01,  4.2299999999999999E-01, -1.0000000000000000E+00, -1.0000000000000000E+00
3,2,3,1,0,1,legacy-reference-bound,2,2,2, -1.2075000000000000E+00, -1.1875000000000000E+00,  2.0000000000003126E-02,  3.1086244689504383E-15,  0.0000000000000000E+00, -6.1375000000000002E-01,  2.7000000000221291E-05,3,4,0,4,4,0,0,  2.0000000000000000E-02,  2.0000000000000000E-02,  4.2299999999999999E-01,  4.2299999999999999E-01,  0.0000000000000000E+00,  0.0000000000000000E+00
3,2,3,1,0,1,legacy-reference-bound,4,4,4, -1.2075000000000000E+00, -1.1875000000000000E+00,  2.0000000000003126E-02,  3.1086244689504383E-15,  0.0000000000000000E+00, -3.1687500000000002E-01,  5.1000000000023249E-05,3,8,0,8,8,0,0,  2.0000000000000000E-02,  2.0000000000000000E-02,  4.2299999999999999E-01,  4.2299999999999999E-01,  0.0000000000000000E+00,  0.0000000000000000E+00
3,2,3,1,0,1,legacy-reference-bound,8,8,8, -1.2075000000000000E+00, -1.1875000000000000E+00,  2.0000000000003126E-02,  3.1086244689504383E-15,  0.0000000000000000E+00, -1.6843749999999999E-01,  9.7000000000235787E-05,3,16,0,16,16,0,0,  2.0000000000000000E-02,  2.0000000000000000E-02,  4.2299999999999999E-01,  4.2299999999999999E-01,  0.0000000000000000E+00,  0.0000000000000000E+00
3,2,3,1,0,1,legacy-reference-bound,16,16,16, -1.2075000000000000E+00, -1.1875000000000000E+00,  2.0000000000003126E-02,  3.1086244689504383E-15,  0.0000000000000000E+00, -9.4218750000000004E-02,  2.1100000000018326E-04,3,32,0,32,32,0,0,  2.0000000000000000E-02,  2.0000000000000000E-02,  4.2299999999999999E-01,  4.2299999999999999E-01,  0.0000000000000000E+00,  0.0000000000000000E+00
3,2,3,1,0,1,legacy-reference-bound,32,32,32, -1.2075000000000000E+00, -1.1875000000000000E+00,  2.0000000000003126E-02,  3.1086244689504383E-15,  0.0000000000000000E+00, -5.7109375000000004E-02,  3.9700000000042479E-04,3,64,0,64,64,0,0,  2.0000000000000000E-02,  2.0000000000000000E-02,  4.2299999999999999E-01,  4.2299999999999999E-01,  0.0000000000000000E+00,  0.0000000000000000E+00
3,2,3,1,0,1,legacy-reference-bound,64,64,64, -1.2075000000000000E+00, -1.1875000000000000E+00,  2.0000000000003126E-02,  3.1086244689504383E-15,  0.0000000000000000E+00, -3.8554687500000004E-02,  7.7400000000071856E-04,3,128,0,128,128,0,0,  2.0000000000000000E-02,  2.0000000000000000E-02,  4.2299999999999999E-01,  4.2299999999999999E-01,  0.0000000000000000E+00,  0.0000000000000000E+00
3,2,3,1,0,1,legacy-reference-bound,128,128,128, -1.2075000000000000E+00, -1.1875000000000000E+00,  2.0000000000003126E-02,  3.1086244689504383E-15,  0.0000000000000000E+00, -2.9277343750000000E-02,  1.5240000000007470E-03,3,256,0,256,256,0,0,  2.0000000000000000E-02,  2.0000000000000000E-02,  4.2299999999999999E-01,  4.2299999999999999E-01,  0.0000000000000000E+00,  0.0000000000000000E+00
3,2,3,1,0,1,legacy-reference-bound,256,256,1757, -1.2002746048012005E+00, -1.1875000000000000E+00,  1.2774604801215617E-02,  1.5099033134902129E-14,  1.7433970933566911E-15,  0.0000000000000000E+00,  1.3772999999999591E-02,3,1987,26,1987,2013,0,1, -4.0744880133555306E+00,  4.1822427895840258E-02,  4.2121986036938919E-01,  4.2299999999999999E-01,  7.2253951987961973E-03,  4.0944880133555301E+00
3,2,3,1,0,1,legacy-reference-bound,512,512,1722, -1.2034844837166587E+00, -1.1875000000000000E+00,  1.5984483716671605E-02,  1.2878587085651816E-14,  1.0443035325380379E-15,  0.0000000000000000E+00,  1.4864999999999462E-02,3,2202,32,2202,2234,0,1, -2.8656296446130956E+00,  1.9919559590294147E-02,  4.2192918387780709E-01,  4.2299999999999999E-01,  3.2098789154545726E-03,  1.2088583687424350E+00
3,2,3,1,0,1,legacy-reference-bound,1024,1024,3309, -1.2039348361476800E+00, -1.1875000000000000E+00,  1.6434836147688259E-02,  8.2156503822261584E-15,  1.4633476722036853E-15,  0.0000000000000000E+00,  2.7794000000000096E-02,3,4401,41,4401,4442,0,1, -2.6685313260976704E+00,  2.8180696617154798E-02,  4.2203410173656863E-01,  4.2299999999999999E-01,  4.5035243101565481E-04,  1.9709831851542514E-01
3,2,3,1,0,1,legacy-reference-bound,2048,2048,6463, -1.2041491985471893E+00, -1.1875000000000000E+00,  1.6649198547199262E-02,  9.9920072216264089E-15,  1.8414089697493807E-15,  0.0000000000000000E+00,  5.5018000000000455E-02,3,8450,61,8450,8511,0,1, -2.5712942842637130E+00,  3.3477715865820677E-02,  4.2208463516476058E-01,  4.2299999999999999E-01,  2.1436239951155844E-04,  9.7237041833957427E-02
3,2,3,1,0,1,legacy-reference-bound,4096,4096,12855, -1.2042519771023166E+00, -1.1875000000000000E+00,  1.6751977102352100E-02,  3.5527136788005009E-14,  1.8485375990334729E-15,  0.0000000000000000E+00,  1.0813200000000034E-01,3,16828,124,16828,16952,0,1, -2.5238014775579050E+00,  3.5654210100979022E-02,  4.2210901437903925E-01,  4.2299999999999999E-01,  1.0277855514773115E-04,  4.7492806705808022E-02
3,5,1,1,0,1,legacy-reference-bound,1,1,64, -6.1577033610379073E-01, -1.3814060080261870E-02,  6.0195627602352886E-01,  0.0000000000000000E+00,  3.4174052476743100E-16, -6.1577033610379073E-01,  6.3899999999961210E-04,1,65,0,65,65,0,0, -1.2299999997834382E+02,  6.2182069883811508E-01,  3.0672347318923410E-01,  4.2299999999999999E-01, -1.0000000000000000E+00, -1.0000000000000000E+00
3,5,1,1,0,1,legacy-reference-bound,2,2,103, -9.6559134526440704E-01, -1.3814059841525395E-02,  9.5177728542288165E-01,  0.0000000000000000E+00,  1.7130394325270970E-15, -4.9025790906954175E-01,  1.0069999999995360E-03,1,105,0,105,105,0,0, -1.2299999999990044E+02,  2.6929802906344152E-01,  3.0672347317441340E-01,  4.2299999999999999E-01,  3.5104297582974953E-01,  5.4628689357404070E+01
3,5,1,1,0,1,legacy-reference-bound,4,4,164, -1.4292182482826732E+00, -1.3814059841042392E-02,  1.4154041884416344E+00,  3.6082248300317588E-15,  5.1683050200646008E-14, -4.0821115934742458E-01,  1.6379999999998063E-03,1,168,0,168,168,0,0, -1.2299999999999984E+02, -1.5918718588661770E-01,  3.0672347317434501E-01,  4.2298394169696196E-01,  4.6420909371289582E-01,  6.2857690580823707E+01
3,5,1,1,0,1,legacy-reference-bound,8,8,199, -1.8423908587268962E+00, -1.3814059841016357E-02,  1.8285767988858836E+00,  3.7747582837255322E-15,  1.7591830769880801E-14, -3.5511776396822592E-01,  2.0769999999998845E-03,1,207,0,207,207,0,0, -1.2300000000000000E+02, -2.8851001708707347E-01,  3.0672347317434490E-01,  4.2296185777961948E-01,  4.1463756924258965E-01,  5.4646391228920095E+01
3,5,1,1,0,1,legacy-reference-bound,16,16,294, -2.0774658891844138E+00, -1.3814059841031734E-02,  2.0636518293433852E+00,  3.1641356201816961E-15,  2.3173303553836178E-14, -3.1841444655005102E-01,  3.6880000000003577E-03,1,310,0,310,310,0,0, -1.2300000000000001E+02, -2.8041417304358923E-01,  3.0672347317434490E-01,  4.2296340477545835E-01,  2.3507590327387001E-01,  3.1947384776723375E+01
3,5,1,1,0,1,legacy-reference-bound,32,32,494, -2.2017247219435885E+00, -1.3814059841032421E-02,  2.1879106621025599E+00,  3.8510861166685117E-15,  1.9330457373678556E-14, -2.8426962503226882E-01,  5.2769999999995321E-03,1,526,0,526,526,0,0, -1.2300000000000000E+02, -2.6820922924627383E-01,  3.0672347317434490E-01,  4.2296569873930878E-01,  1.2425918964459298E-01,  1.6003840411468133E+01
3,5,1,1,0,1,legacy-reference-bound,64,64,890, -2.2670721918562600E+00, -1.3814059841037306E-02,  2.2532581320152261E+00,  3.4069969068184491E-15,  2.1841252764720487E-14, -2.3934760739421895E-01,  9.2560000000005971E-03,1,954,0,954,954,0,0, -1.2300000000000000E+02, -2.6011502647747842E-01,  3.0672347317434490E-01,  4.2296719424579909E-01,  6.5347614263870091E-02,  8.1179624373247492E+00
3,5,1,1,0,1,legacy-reference-bound,128,128,1623, -2.3012741500404021E+00, -1.3814059841039270E-02,  2.2874600901993674E+00,  4.4825254619240695E-15,  7.7955220403880254E-15, -1.8300877201454202E-01,  1.7345000000000610E-02,1,1751,0,1751,1751,0,0, -1.2300000000000000E+02, -2.5534760885285374E-01,  3.0672347317434490E-01,  4.2296806528075981E-01,  3.4202002742286797E-02,  3.8699802427374124E+00
3,5,1,1,0,1,legacy-reference-bound,256,256,2980, -2.3189967454637652E+00, -1.3814059841015230E-02,  2.3051826856227535E+00,  3.5353664440407329E-15,  4.4147086160351012E-15, -1.2670500569860865E-01,  3.1913999999998666E-02,1,3236,0,3236,3236,0,0, -1.2300000000000000E+02, -2.5269824572503985E-01,  3.0672347317434490E-01,  4.2296854615795254E-01,  1.7722614672713022E-02,  2.0447024710853015E+00
3,5,1,1,0,1,legacy-reference-bound,512,512,5406, -2.3280809730958913E+00, -1.3814059841025848E-02,  2.3142669132548690E+00,  3.4954678040932663E-15,  4.8814305462357988E-15, -8.0182754747878338E-02,  5.9565000000000978E-02,1,5918,0,5918,5918,0,0, -1.2300000000000004E+02, -2.5128173216073613E-01,  3.0672347317434490E-01,  4.2296880232762513E-01,  9.0842362623264061E-03,  1.0605629599041606E+00
3,5,1,1,0,1,legacy-reference-bound,1024,1024,9685, -2.3326957515014555E+00, -1.3814059840990392E-02,  2.3188816916604722E+00,  7.1193051454088163E-15,  2.5053337225980354E-15, -4.6969069427894306E-02,  1.0776800000000009E-01,1,10709,0,10709,10709,0,0, -1.2300000000000023E+02, -2.5054395538146712E-01,  3.0672347317434479E-01,  4.2296893549151982E-01,  4.6147823761807927E-03,  5.4093919740397212E-01
3,5,1,1,0,1,legacy-reference-bound,2048,2048,17086, -2.3350248042275950E+00, -1.3814059840977914E-02,  2.3212107443866188E+00,  1.7468665403086447E-15,  2.2243288482805268E-15, -2.5898454019469257E-02,  1.9253199999999993E-01,1,19134,0,19134,19134,0,0, -1.2300000000000000E+02, -2.5016631250503907E-01,  3.0672347317434490E-01,  4.2296900358469613E-01,  2.3290546050158678E-03,  2.7341293448603210E-01
3,5,1,1,0,1,legacy-reference-bound,4096,4096,29795, -2.3361953503998678E+00, -1.3814059840927498E-02,  2.3223812905589512E+00,  1.0838552277903091E-14,  2.1750823527271618E-15, -1.3695567560400945E-02,  3.4109200000000151E-01,1,33891,0,33891,33891,0,0, -1.2300000000000000E+02, -2.4997506347023596E-01,  3.0672347317434490E-01,  4.2296903805119390E-01,  1.1705470815476238E-03,  1.3749446869842075E-01
3,5,1,1,0,1,legacy-reference-bound,1,1,64, -6.3577033610379075E-01, -1.3814060080261870E-02,  6.2195627602352843E-01, -4.4408920985006262E-16,  3.4174052476743100E-16, -6.3577033610379075E-01,  6.3600000000008095E-04,2,65,0,65,65,0,0, -1.2299999997834382E+02,  6.2182069883811508E-01,  3.0672347318923410E-01,  4.2299999999999999E-01, -1.0000000000000000E+00, -1.0000000000000000E+00
3,5,1,1,0,1,legacy-reference-bound,2,2,103, -9.8559134526440695E-01, -1.3814059841525395E-02,  9.7177728542288122E-01, -3.3306690738754696E-16,  1.7130394325270970E-15, -5.1025790906954172E-01,  9.9900000000019418E-04,2,105,0,105,105,0,0, -1.2299999999990044E+02,  2.6929802906344152E-01,  3.0672347317441340E-01,  4.2299999999999999E-01,  3.5104297582974953E-01,  5.4628689357404070E+01
3,5,1,1,0,1,legacy-reference-bound,4,4,164, -1.4492182482826732E+00, -1.3814059841042392E-02,  1.4354041884416340E+00,  3.1641356201816961E-15,  5.1683050200646008E-14, -4.2821115934742460E-01,  1.6220000000011225E-03,2,168,0,168,168,0,0, -1.2299999999999984E+02, -1.5918718588661770E-01,  3.0672347317434501E-01,  4.2298394169696196E-01,  4.6420909371289582E-01,  6.2857690580823707E+01
3,5,1,1,0,1,legacy-reference-bound,8,8,199, -1.8623908587268962E+00, -1.3814059841016357E-02,  1.8485767988858832E+00,  3.3306690738754696E-15,  1.7591830769880801E-14, -3.7511776396822594E-01,  2.0080000000000098E-03,2,207,0,207,207,0,0, -1.2300000000000000E+02, -2.8851001708707347E-01,  3.0672347317434490E-01,  4.2296185777961948E-01,  4.1463756924258965E-01,  5.4646391228920095E+01
3,5,1,1,0,1,legacy-reference-bound,16,16,294, -2.0974658891844133E+00, -1.3814059841031734E-02,  2.0836518293433848E+00,  3.1641356201816961E-15,  2.3173303553836178E-14, -3.3841444655005104E-01,  3.0110000000007631E-03,2,310,0,310,310,0,0, -1.2300000000000001E+02, -2.8041417304358923E-01,  3.0672347317434490E-01,  4.2296340477545835E-01,  2.3507590327387001E-01,  3.1947384776723375E+01
3,5,1,1,0,1,legacy-reference-bound,32,32,494, -2.2217247219435885E+00, -1.3814059841032421E-02,  2.2079106621025595E+00,  3.4069969068184491E-15,  1.9330457373678556E-14, -3.0426962503226884E-01,  5.1509999999996836E-03,2,526,0,526,526,0,0, -1.2300000000000000E+02, -2.6820922924627383E-01,  3.0672347317434490E-01,  4.2296569873930878E-01,  1.2425918964459298E-01,  1.6003840411468133E+01
3,5,1,1,0,1,legacy-reference-bound,64,64,890, -2.2870721918562595E+00, -1.3814059841037306E-02,  2.2732581320152256E+00,  3.4069969068184491E-15,  2.1841252764720487E-14, -2.5934760739421897E-01,  9.2559999999988207E-03,2,954,0,954,954,0,0, -1.2300000000000000E+02, -2.6011502647747842E-01,  3.0672347317434490E-01,  4.2296719424579909E-01,  6.5347614263870091E-02,  8.1179624373247492E+00
3,5,1,1,0,1,legacy-reference-bound,128,128,1623, -2.3212741500404022E+00, -1.3814059841039270E-02,  2.3074600901993669E+00,  4.0384362520740069E-15,  7.7955220403880254E-15, -2.0300877201454201E-01,  1.7749999999999488E-02,2,1751,0,1751,1751,0,0, -1.2300000000000000E+02, -2.5534760885285374E-01,  3.0672347317434490E-01,  4.2296806528075981E-01,  3.4202002742286797E-02,  3.8699802427374124E+00
3,5,1,1,0,1,legacy-reference-bound,256,256,2980, -2.3389967454637652E+00, -1.3814059841015230E-02,  2.3251826856227531E+00,  3.0912772341906702E-15,  4.4147086160351012E-15, -1.4670500569860864E-01,  3.2909000000000077E-02,2,3236,0,3236,3236,0,0, -1.2300000000000000E+02, -2.5269824572503985E-01,  3.0672347317434490E-01,  4.2296854615795254E-01,  1.7722614672713022E-02,  2.0447024710853015E+00
3,5,1,1,0,1,legacy-reference-bound,512,512,5406, -2.3480809730958914E+00, -1.3814059841025848E-02,  2.3342669132548686E+00,  3.0513785942432037E-15,  4.8814305462357988E-15, -1.0018275474787834E-01,  5.9817999999999927E-02,2,5918,0,5918,5918,0,0, -1.2300000000000004E+02, -2.5128173216073613E-01,  3.0672347317434490E-01,  4.2296880232762513E-01,  9.0842362623264061E-03,  1.0605629599041606E+00
3,5,1,1,0,1,legacy-reference-bound,1024,1024,9685, -2.3526957515014555E+00, -1.3814059840990392E-02,  2.3388816916604718E+00,  6.6752159355587537E-15,  2.5053337225980354E-15, -6.6969069427894309E-02,  1.0859099999999877E-01,2,10709,0,10709,10709,0,0, -1.2300000000000023E+02, -2.5054395538146712E-01,  3.0672347317434479E-01,  4.2296893549151982E-01,  4.6147823761807927E-03,  5.4093919740397212E-01
3,5,1,1,0,1,legacy-reference-bound,2048,2048,17086, -2.3550248042275945E+00, -1.3814059840977914E-02,  2.3412107443866184E+00,  1.7468665403086447E-15,  2.2243288482805268E-15, -4.5898454019469258E-02,  2.0898400000000095E-01,2,19134,0,19134,19134,0,0, -1.2300000000000000E+02, -2.5016631250503907E-01,  3.0672347317434490E-01,  4.2296900358469613E-01,  2.3290546050158678E-03,  2.7341293448603210E-01
3,5,1,1,0,1,legacy-reference-bound,4096,4096,29795, -2.3561953503998674E+00, -1.3814059840927498E-02,  2.3423812905589507E+00,  1.0838552277903091E-14,  2.1750823527271618E-15, -3.3695567560400944E-02,  3.4219900000000081E-01,2,33891,0,33891,33891,0,0, -1.2300000000000000E+02, -2.4997506347023596E-01,  3.0672347317434490E-01,  4.2296903805119390E-01,  1.1705470815476238E-03,  1.3749446869842075E-01
3,5,1,1,0,1,legacy-reference-bound,1,1,64, -6.3577033610379075E-01, -1.3814060080261870E-02,  6.2195627602352843E-01, -4.4408920985006262E-16,  3.4174052476743100E-16, -6.3577033610379075E-01,  6.2100000000064881E-04,3,65,0,65,65,0,0, -1.2299999997834382E+02,  6.2182069883811508E-01,  3.0672347318923410E-01,  4.2299999999999999E-01, -1.0000000000000000E+00, -1.0000000000000000E+00
3,5,1,1,0,1,legacy-reference-bound,2,2,103, -9.8559134526440695E-01, -1.3814059841525395E-02,  9.7177728542288122E-01, -3.3306690738754696E-16,  1.7130394325270970E-15, -5.1025790906954172E-01,  1.1190000000009803E-03,3,105,0,105,105,0,0, -1.2299999999990044E+02,  2.6929802906344152E-01,  3.0672347317441340E-01,  4.2299999999999999E-01,  3.5104297582974953E-01,  5.4628689357404070E+01
3,5,1,1,0,1,legacy-reference-bound,4,4,164, -1.4492182482826732E+00, -1.3814059841042392E-02,  1.4354041884416340E+00,  3.1641356201816961E-15,  5.1683050200646008E-14, -4.2821115934742460E-01,  1.6809999999995995E-03,3,168,0,168,168,0,0, -1.2299999999999984E+02, -1.5918718588661770E-01,  3.0672347317434501E-01,  4.2298394169696196E-01,  4.6420909371289582E-01,  6.2857690580823707E+01
3,5,1,1,0,1,legacy-reference-bound,8,8,199, -1.8623908587268962E+00, -1.3814059841016357E-02,  1.8485767988858832E+00,  3.3306690738754696E-15,  1.7591830769880801E-14, -3.7511776396822594E-01,  2.0140000000008484E-03,3,207,0,207,207,0,0, -1.2300000000000000E+02, -2.8851001708707347E-01,  3.0672347317434490E-01,  4.2296185777961948E-01,  4.1463756924258965E-01,  5.4646391228920095E+01
3,5,1,1,0,1,legacy-reference-bound,16,16,294, -2.0974658891844133E+00, -1.3814059841031734E-02,  2.0836518293433848E+00,  3.1641356201816961E-15,  2.3173303553836178E-14, -3.3841444655005104E-01,  3.0459999999994380E-03,3,310,0,310,310,0,0, -1.2300000000000001E+02, -2.8041417304358923E-01,  3.0672347317434490E-01,  4.2296340477545835E-01,  2.3507590327387001E-01,  3.1947384776723375E+01
3,5,1,1,0,1,legacy-reference-bound,32,32,494, -2.2217247219435885E+00, -1.3814059841032421E-02,  2.2079106621025595E+00,  3.4069969068184491E-15,  1.9330457373678556E-14, -3.0426962503226884E-01,  5.2070000000004057E-03,3,526,0,526,526,0,0, -1.2300000000000000E+02, -2.6820922924627383E-01,  3.0672347317434490E-01,  4.2296569873930878E-01,  1.2425918964459298E-01,  1.6003840411468133E+01
3,5,1,1,0,1,legacy-reference-bound,64,64,890, -2.2870721918562595E+00, -1.3814059841037306E-02,  2.2732581320152256E+00,  3.4069969068184491E-15,  2.1841252764720487E-14, -2.5934760739421897E-01,  9.5609999999997086E-03,3,954,0,954,954,0,0, -1.2300000000000000E+02, -2.6011502647747842E-01,  3.0672347317434490E-01,  4.2296719424579909E-01,  6.5347614263870091E-02,  8.1179624373247492E+00
3,5,1,1,0,1,legacy-reference-bound,128,128,1623, -2.3212741500404022E+00, -1.3814059841039270E-02,  2.3074600901993669E+00,  4.0384362520740069E-15,  7.7955220403880254E-15, -2.0300877201454201E-01,  1.7421999999999827E-02,3,1751,0,1751,1751,0,0, -1.2300000000000000E+02, -2.5534760885285374E-01,  3.0672347317434490E-01,  4.2296806528075981E-01,  3.4202002742286797E-02,  3.8699802427374124E+00
3,5,1,1,0,1,legacy-reference-bound,256,256,2970, -2.3338084271880941E+00, -1.3814059841022571E-02,  2.3199943673470749E+00,  3.3271996269235160E-15,  4.3626669117557970E-15,  0.0000000000000000E+00,  3.2274999999998499E-02,3,3222,4,3222,3226,0,1, -1.2300000000000000E+02, -2.5487129512282408E-01,  3.0672347317434490E-01,  4.2296815190286796E-01,  1.2534704261579488E-02,  1.5085775157225214E+00
3,5,1,1,0,1,legacy-reference-bound,512,512,5386, -2.3428951709252095E+00, -1.3814059841004043E-02,  2.3290811110842107E+00,  5.2267218331181198E-15,  4.2300418810065077E-15,  0.0000000000000000E+00,  5.8976999999998725E-02,3,5890,8,5890,5898,0,1, -1.2300000000000000E+02, -2.5344345459103185E-01,  3.0672347317434490E-01,  4.2296841112805139E-01,  9.0867522197143891E-03,  1.0565802625188496E+00
3,5,1,1,0,1,legacy-reference-bound,1024,1024,9659, -2.3475112983139912E+00, -1.3814059840974875E-02,  2.3336972384730181E+00,  1.8162554793477170E-15,  2.1538353782782349E-15,  0.0000000000000000E+00,  1.0709500000000105E-01,3,10667,16,10667,10683,0,1, -1.2300000000000000E+02, -2.5269980992601992E-01,  3.0672347317434490E-01,  4.2296854587471278E-01,  4.6161313017176187E-03,  5.3926420848469547E-01
3,5,1,1,0,1,legacy-reference-bound,2048,2048,17033, -2.3498410525706857E+00, -1.3814059840987524E-02,  2.3360269927297033E+00,  5.1399856593192794E-15,  2.1597103988003907E-15,  0.0000000000000000E+00,  1.9791199999999876E-01,3,19049,32,19049,19081,0,1, -1.2300000000000000E+02, -2.5231917285562228E-01,  3.0672347317434490E-01,  4.2296861477558378E-01,  2.3297561118312826E-03,  2.7265656698818930E-01
3,5,1,1,0,1,legacy-reference-bound,4096,4096,29708, -2.3510119570487098E+00, -1.3814059840896568E-02,  2.3371978972078189E+00,  5.6656068725402520E-15,  2.1397712432220245E-15,  0.0000000000000000E+00,  3.4090100000000056E-01,3,33740,64,33740,33804,0,1, -1.2300000000000009E+02, -2.5212641004988928E-01,  3.0672347317434490E-01,  4.2296864965045644E-01,  1.1709053768874100E-03,  1.3713683656528985E-01
3,5,2,1,0,1,legacy-reference-bound,1,1,41, -6.2881089680833857E-01, -4.3631665367375594E-01,  1.9249424313458263E-01,  0.0000000000000000E+00,  4.9960036108132044E-16, -6.2881089680833857E-01,  4.2299999999961813E-04,1,42,0,42,42,0,0, -9.9856265317596336E+00,  6.0809379283332787E-01,  4.1660309408454532E-01,  4.2299999999999999E-01, -1.0000000000000000E+00, -1.0000000000000000E+00
3,5,2,1,0,1,legacy-reference-bound,2,2,86, -7.2599723165143515E-01, -4.3616922541618114E-01,  2.8982800623525407E-01,  5.5511151231257827E-17,  3.3306690738754696E-16, -3.5670043557905623E-01,  8.3699999999886643E-04,1,88,0,88,88,0,0, -9.9754620354227335E+00,  1.4655652619814636E+00,  4.1661224518918394E-01,  4.2299999999999999E-01,  9.7333763100647952E-02,  4.5620313541469244E+00
3,5,2,1,1,2,legacy-reference-retry,4,3,211, -6.2751503215019544E-01, -3.2500395189388626E-01,  3.0251108025630913E-01, -5.5511151231257827E-17,  7.0776717819853729E-16, -2.0900731711188789E-01,  1.8840000000004409E-03,1,215,0,215,215,0,0, -9.9861023812193377E+00,  2.9293555088599881E+00,  4.1660266559538051E-01,  4.2299999999999999E-01, -1.0000000000000000E+00, -1.0000000000000000E+00
3,5,2,1,0,1,legacy-reference-bound,8,8,414, -9.9591081087787714E-01, -4.4764868372706351E-01,  5.4826212715081368E-01,  5.5511151231257827E-17,  1.7416623698807143E-15, -1.2693830670606412E-01,  3.3989999999999299E-03,1,422,0,422,422,0,0, -9.7498771145351082E+00,  6.0610998389007937E+00,  4.1681447655183934E-01,  4.2299999999999999E-01, -1.0000000000000000E+00, -1.0000000000000000E+00
3,5,2,1,0,1,legacy-reference-bound,16,16,567, -1.1082414160365934E+00, -4.9407509155008200E-01,  6.1416632448651143E-01,  0.0000000000000000E+00,  9.6103680569115113E-16, -7.9826740481881361E-02,  4.6309999999998297E-03,1,583,0,583,583,0,0, -8.6806437340522784E+00,  1.3399340853536568E+00,  4.1774950914361564E-01,  4.2299999999999999E-01,  6.5904197335711068E-02,  7.7074187573612978E+00
3,5,2,1,0,1,legacy-reference-bound,32,32,604, -1.1736028469582689E+00, -5.5554055786056111E-01,  6.1806228909770766E-01, -1.1102230246251565E-16,  7.0360384185619296E-15, -5.1965877701510503E-02,  5.1419999999993138E-03,1,636,0,636,636,0,0, -8.2029292472961899E+00,  8.3566407360132447E-02,  4.1815391135736135E-01,  4.2299999999999999E-01,  4.4717611141066593E-03,  1.2563676779935242E+00
3,5,2,1,0,1,legacy-reference-bound,64,64,671, -1.2034683180129278E+00, -5.8505489337553218E-01,  6.1841342463739579E-01,  2.2204460492503131E-16,  7.0264974394440571E-15, -3.4877431262564165E-02,  6.1289999999996070E-03,1,735,0,735,735,0,0, -8.1643251410435340E+00,  1.9728654816331275E-02,  4.1818621021392643E-01,  4.2299999999999999E-01,  4.2715462776010682E-04,  8.2980365768777542E-02
3,5,2,1,0,1,legacy-reference-bound,128,128,958, -1.2142762321730929E+00, -5.9586283119127836E-01,  6.1841340098181519E-01,  6.6613381477509392E-16,  3.3285006695304986E-15, -2.3757049598610847E-02,  9.3230000000001922E-03,1,1162,0,1162,1162,0,0, -8.1641583755102562E+00,  1.9727912745918466E-02,  4.1818634961559487E-01,  4.2299999999999999E-01,  1.1671923899614356E-06,  2.3880056592262555E-04
3,5,2,1,0,1,legacy-reference-bound,256,256,1634, -1.2185763784240238E+00, -6.0016260738446758E-01,  6.1841377103955608E-01, -1.1102230246251565E-16,  5.9587751399803324E-15, -1.5895272550944646E-02,  1.6431000000000751E-02,1,2024,0,2024,2024,0,0, -8.1640728326770464E+00,  1.9727372130584824E-02,  4.1818642112163851E-01,  4.2299999999999999E-01,  5.4437338470325614E-07,  1.2265324335736238E-04
3,5,2,1,0,1,legacy-reference-bound,512,512,3045, -1.2205056888945052E+00, -6.0209157223564369E-01,  6.1841411665886170E-01,  2.2204460492503131E-16,  2.3094590476113730E-15, -1.0030670360221762E-02,  3.0428999999999817E-02,1,3663,0,3663,3663,0,0, -8.1640218148772838E+00,  1.9727129225002360E-02,  4.1818646376775226E-01,  4.2299999999999999E-01,  3.6973050565602961E-07,  8.6708092954523863E-05
3,5,2,1,0,1,legacy-reference-bound,1024,1024,5559, -1.2216600054353943E+00, -6.0324564317444285E-01,  6.1841436226094970E-01, -1.7763568394002505E-15,  2.7024281250287441E-15, -5.8632828767570463E-03,  5.4983999999999256E-02,1,6701,0,6701,6701,0,0, -8.1639914921466570E+00,  1.9727036166671420E-02,  4.1818648911467382E-01,  4.2299999999999999E-01,  2.4864616365860570E-07,  5.5393307201612174E-05
3,5,2,1,0,1,legacy-reference-bound,2048,2048,10372, -1.2222359133455840E+00, -6.0382140021369102E-01,  6.1841451313189566E-01,  2.6645352591003757E-15,  2.4457974708014252E-15, -3.2140512064501637E-03,  1.0454600000000092E-01,1,12525,0,12525,12525,0,0, -8.1639743242134930E+00,  1.9727002474568833E-02,  4.1818650346541875E-01,  4.2299999999999999E-01,  1.5117801815955900E-07,  3.2436039260730354E-05
3,5,2,1,0,1,legacy-reference-bound,4096,4096,19900, -1.2225652244772627E+00, -6.0415060386640573E-01,  6.1841462061085650E-01, -4.4408920985006262E-16,  2.5777177701385989E-15, -1.6895615699657467E-03,  1.9821500000000114E-01,1,24002,0,24002,24002,0,0, -8.1639630749347578E+00,  1.9726997822755204E-02,  4.1818651286873010E-01,  4.2299999999999999E-01,  1.0747896572738114E-07,  2.1990422225393047E-05
3,5,2,1,0,1,legacy-reference-bound,1,1,41, -6.4881089680833859E-01, -4.3631665367375594E-01,  2.1249424313458576E-01,  3.1086244689504383E-15,  4.9960036108132044E-16, -6.4881089680833859E-01,  4.2099999999933857E-04,2,42,0,42,42,0,0, -9.9856265317596336E+00,  6.0809379283332787E-01,  4.1660309408454532E-01,  4.2299999999999999E-01, -1.0000000000000000E+00, -1.0000000000000000E+00
3,5,2,1,0,1,legacy-reference-bound,2,2,86, -7.4599723165143517E-01, -4.3616922541618114E-01,  3.0982800623525719E-01,  3.1641356201816961E-15,  3.3306690738754696E-16, -3.7670043557905625E-01,  8.2699999999924501E-04,2,88,0,88,88,0,0, -9.9754620354227335E+00,  1.4655652619814636E+00,  4.1661224518918394E-01,  4.2299999999999999E-01,  9.7333763100647952E-02,  4.5620313541469244E+00
3,5,2,1,1,2,legacy-reference-retry,4,3,211, -6.4751503215019535E-01, -3.2500395189388626E-01,  3.2251108025631225E-01,  3.1641356201816961E-15,  7.0776717819853729E-16, -2.2900731711188788E-01,  1.8750000000000711E-03,2,215,0,215,215,0,0, -9.9861023812193377E+00,  2.9293555088599881E+00,  4.1660266559538051E-01,  4.2299999999999999E-01, -1.0000000000000000E+00, -1.0000000000000000E+00
3,5,2,1,0,1,legacy-reference-bound,8,8,414, -1.0159108108778772E+00, -4.4764868372706351E-01,  5.6826212715081681E-01,  3.1641356201816961E-15,  1.7416623698807143E-15, -1.4693830670606411E-01,  3.3930000000008675E-03,2,422,0,422,422,0,0, -9.7498771145351082E+00,  6.0610998389007937E+00,  4.1681447655183934E-01,  4.2299999999999999E-01, -1.0000000000000000E+00, -1.0000000000000000E+00
3,5,2,1,0,1,legacy-reference-bound,16,16,567, -1.1282414160365934E+00, -4.9407509155008200E-01,  6.3416632448651455E-01,  3.1086244689504383E-15,  9.6103680569115113E-16, -9.9826740481881365E-02,  4.5140000000003511E-03,2,583,0,583,583,0,0, -8.6806437340522784E+00,  1.3399340853536568E+00,  4.1774950914361564E-01,  4.2299999999999999E-01,  6.5904197335711068E-02,  7.7074187573612978E+00
3,5,2,1,0,1,legacy-reference-bound,32,32,604, -1.1936028469582685E+00, -5.5554055786056111E-01,  6.3806228909771079E-01,  3.4416913763379853E-15,  7.0360384185619296E-15, -7.1965877701510500E-02,  4.9890000000001322E-03,2,636,0,636,636,0,0, -8.2029292472961899E+00,  8.3566407360132447E-02,  4.1815391135736135E-01,  4.2299999999999999E-01,  4.4717611141066593E-03,  1.2563676779935242E+00
3,5,2,1,0,1,legacy-reference-bound,64,64,671, -1.2234683180129278E+00, -5.8505489337553218E-01,  6.3841342463739892E-01,  3.3306690738754696E-15,  7.0264974394440571E-15, -5.4877431262564169E-02,  5.8910000000000906E-03,2,735,0,735,735,0,0, -8.1643251410435340E+00,  1.9728654816331275E-02,  4.1818621021392643E-01,  4.2299999999999999E-01,  4.2715462776010682E-04,  8.2980365768777542E-02
3,5,2,1,0,1,legacy-reference-bound,128,128,958, -1.2342762321730929E+00, -5.9586283119127836E-01,  6.3841340098181831E-01,  3.7747582837255322E-15,  3.3285006695304986E-15, -4.3757049598610848E-02,  9.1999999999998749E-03,2,1162,0,1162,1162,0,0, -8.1641583755102562E+00,  1.9727912745918466E-02,  4.1818634961559487E-01,  4.2299999999999999E-01,  1.1671923899614356E-06,  2.3880056592262555E-04
3,5,2,1,0,1,legacy-reference-bound,256,256,1634, -1.2385763784240236E+00, -6.0016260738446758E-01,  6.3841377103955921E-01,  3.2196467714129540E-15,  5.9587751399803324E-15, -3.5895272550944643E-02,  1.6306000000000154E-02,2,2024,0,2024,2024,0,0, -8.1640728326770464E+00,  1.9727372130584824E-02,  4.1818642112163851E-01,  4.2299999999999999E-01,  5.4437338470325614E-07,  1.2265324335736238E-04
3,5,2,1,0,1,legacy-reference-bound,512,512,3045, -1.2405056888945052E+00, -6.0209157223564369E-01,  6.3841411665886483E-01,  3.3306690738754696E-15,  2.3094590476113730E-15, -3.0030670360221765E-02,  2.9913000000000523E-02,2,3663,0,3663,3663,0,0, -8.1640218148772838E+00,  1.9727129225002360E-02,  4.1818646376775226E-01,  4.2299999999999999E-01,  3.6973050565602961E-07,  8.6708092954523863E-05
3,5,2,1,0,1,legacy-reference-bound,1024,1024,5559, -1.2416600054353946E+00, -6.0324564317444285E-01,  6.3841436226095283E-01,  1.1102230246251565E-15,  2.7024281250287441E-15, -2.5863282876757047E-02,  5.4478000000001359E-02,2,6701,0,6701,6701,0,0, -8.1639914921466570E+00,  1.9727036166671420E-02,  4.1818648911467382E-01,  4.2299999999999999E-01,  2.4864616365860570E-07,  5.5393307201612174E-05
3,5,2,1,0,1,legacy-reference-bound,2048,2048,10372, -1.2422359133455834E+00, -6.0382140021369102E-01,  6.3841451313189879E-01,  6.4392935428259079E-15,  2.4457974708014252E-15, -2.3214051206450165E-02,  1.0403200000000012E-01,2,12525,0,12525,12525,0,0, -8.1639743242134930E+00,  1.9727002474568833E-02,  4.1818650346541875E-01,  4.2299999999999999E-01,  1.5117801815955900E-07,  3.2436039260730354E-05
3,5,2,1,0,1,legacy-reference-bound,4096,4096,19900, -1.2425652244772631E+00, -6.0415060386640573E-01,  6.3841462061085963E-01,  2.2204460492503131E-15,  2.5777177701385989E-15, -2.1689561569965748E-02,  1.9623600000000074E-01,2,24002,0,24002,24002,0,0, -8.1639630749347578E+00,  1.9726997822755204E-02,  4.1818651286873010E-01,  4.2299999999999999E-01,  1.0747896572738114E-07,  2.1990422225393047E-05
3,5,2,1,0,1,legacy-reference-bound,1,1,41, -6.4881089680833859E-01, -4.3631665367375594E-01,  2.1249424313458576E-01,  3.1086244689504383E-15,  4.9960036108132044E-16, -6.4881089680833859E-01,  4.0500000000065484E-04,3,42,0,42,42,0,0, -9.9856265317596336E+00,  6.0809379283332787E-01,  4.1660309408454532E-01,  4.2299999999999999E-01, -1.0000000000000000E+00, -1.0000000000000000E+00
3,5,2,1,0,1,legacy-reference-bound,2,2,86, -7.4599723165143517E-01, -4.3616922541618114E-01,  3.0982800623525719E-01,  3.1641356201816961E-15,  3.3306690738754696E-16, -3.7670043557905625E-01,  8.3399999999933527E-04,3,88,0,88,88,0,0, -9.9754620354227335E+00,  1.4655652619814636E+00,  4.1661224518918394E-01,  4.2299999999999999E-01,  9.7333763100647952E-02,  4.5620313541469244E+00
3,5,2,1,1,2,legacy-reference-retry,4,3,211, -6.4751503215019535E-01, -3.2500395189388626E-01,  3.2251108025631225E-01,  3.1641356201816961E-15,  7.0776717819853729E-16, -2.2900731711188788E-01,  1.8820000000001613E-03,3,215,0,215,215,0,0, -9.9861023812193377E+00,  2.9293555088599881E+00,  4.1660266559538051E-01,  4.2299999999999999E-01, -1.0000000000000000E+00, -1.0000000000000000E+00
3,5,2,1,0,1,legacy-reference-bound,8,8,414, -1.0159108108778772E+00, -4.4764868372706351E-01,  5.6826212715081681E-01,  3.1641356201816961E-15,  1.7416623698807143E-15, -1.4693830670606411E-01,  3.3979999999989019E-03,3,422,0,422,422,0,0, -9.7498771145351082E+00,  6.0610998389007937E+00,  4.1681447655183934E-01,  4.2299999999999999E-01, -1.0000000000000000E+00, -1.0000000000000000E+00
3,5,2,1,0,1,legacy-reference-bound,16,16,567, -1.1282414160365934E+00, -4.9407509155008200E-01,  6.3416632448651455E-01,  3.1086244689504383E-15,  9.6103680569115113E-16, -9.9826740481881365E-02,  4.6629999999989735E-03,3,583,0,583,583,0,0, -8.6806437340522784E+00,  1.3399340853536568E+00,  4.1774950914361564E-01,  4.2299999999999999E-01,  6.5904197335711068E-02,  7.7074187573612978E+00
3,5,2,1,0,1,legacy-reference-bound,32,32,604, -1.1936028469582685E+00, -5.5554055786056111E-01,  6.3806228909771079E-01,  3.4416913763379853E-15,  7.0360384185619296E-15, -7.1965877701510500E-02,  5.0810000000005573E-03,3,636,0,636,636,0,0, -8.2029292472961899E+00,  8.3566407360132447E-02,  4.1815391135736135E-01,  4.2299999999999999E-01,  4.4717611141066593E-03,  1.2563676779935242E+00
3,5,2,1,0,1,legacy-reference-bound,64,64,671, -1.2234683180129278E+00, -5.8505489337553218E-01,  6.3841342463739892E-01,  3.3306690738754696E-15,  7.0264974394440571E-15, -5.4877431262564169E-02,  5.9079999999998023E-03,3,735,0,735,735,0,0, -8.1643251410435340E+00,  1.9728654816331275E-02,  4.1818621021392643E-01,  4.2299999999999999E-01,  4.2715462776010682E-04,  8.2980365768777542E-02
3,5,2,1,0,1,legacy-reference-bound,128,128,958, -1.2342762321730929E+00, -5.9586283119127836E-01,  6.3841340098181831E-01,  3.7747582837255322E-15,  3.3285006695304986E-15, -4.3757049598610848E-02,  9.2099999999994964E-03,3,1162,0,1162,1162,0,0, -8.1641583755102562E+00,  1.9727912745918466E-02,  4.1818634961559487E-01,  4.2299999999999999E-01,  1.1671923899614356E-06,  2.3880056592262555E-04
3,5,2,1,0,1,legacy-reference-bound,256,256,1629, -1.2352901316470988E+00, -5.9687739485326874E-01,  6.3841273679383193E-01,  1.8873791418627661E-15,  4.2819480600142512E-15,  0.0000000000000000E+00,  1.5755999999999659E-02,3,1937,5,1937,1942,0,1, -8.1641692417853271E+00,  1.9727139404417685E-02,  4.1818634053235482E-01,  4.2299999999999999E-01,  6.6418797961542708E-07,  1.7073629399799728E-04
3,5,2,1,0,1,legacy-reference-bound,512,512,3025, -1.2373085274921110E+00, -5.9889540803730512E-01,  6.3841311945481038E-01,  4.5519144009631418E-15,  3.0519206953294464E-15,  0.0000000000000000E+00,  2.9761000000000593E-02,3,3655,10,3655,3665,0,1, -8.1641113071011411E+00,  1.9726845613766742E-02,  4.1818638896054761E-01,  4.2299999999999999E-01,  4.1503499664807819E-07,  9.7598577676549780E-05
3,5,2,1,0,1,legacy-reference-bound,1024,1024,5558, -1.2384440776787569E+00, -6.0003067071551475E-01,  6.3841340696324522E-01,  3.1086244689504383E-15,  2.0588457154413486E-15,  0.0000000000000000E+00,  5.4209000000000174E-02,3,6562,20,6562,6582,0,1, -8.1640756923751834E+00,  1.9726734293021433E-02,  4.1818641873119500E-01,  4.2299999999999999E-01,  2.9122063038844459E-07,  6.4980184559360055E-05
3,5,2,1,0,1,legacy-reference-bound,2048,2048,10399, -1.2390199512754327E+00, -6.0060636850866522E-01,  6.3841358276677340E-01,  5.8841820305133297E-15,  2.4517876878044076E-15,  0.0000000000000000E+00,  1.0225999999999935E-01,3,12407,40,12407,12447,0,1, -8.1640556091068870E+00,  1.9726693360134617E-02,  4.1818643551894519E-01,  4.2299999999999999E-01,  1.7626367310175084E-07,  3.7886976922862914E-05
3,5,2,1,0,1,legacy-reference-bound,4096,4096,19857, -1.2393675828239350E+00, -6.0095386473086798E-01,  6.3841371809306935E-01,  2.3314683517128287E-15,  2.8164319834655949E-15,  0.0000000000000000E+00,  1.9805899999999887E-01,3,23886,73,23886,23959,0,1, -8.1640415852786941E+00,  1.9726690529214521E-02,  4.1818644724155596E-01,  4.2299999999999999E-01,  1.3532629211665537E-07,  2.7525234459702119E-05
3,5,3,1,0,1,legacy-reference-bound,1,1,1, -1.1875000000000000E+00, -1.1875000000000000E+00,  0.0000000000000000E+00,  0.0000000000000000E+00,  0.0000000000000000E+00, -1.1875000000000000E+00,  2.1000000000270802E-05,1,2,0,2,2,0,0,  2.0000000000000000E-02,  2.0000000000000000E-02,  4.2299999999999999E-01,  4.2299999999999999E-01, -1.0000000000000000E+00, -1.0000000000000000E+00
3,5,3,1,0,1,legacy-reference-bound,2,2,2, -1.1875000000000000E+00, -1.1875000000000000E+00,  0.0000000000000000E+00,  0.0000000000000000E+00,  0.0000000000000000E+00, -5.9375000000000000E-01,  4.2000000000541604E-05,1,4,0,4,4,0,0,  2.0000000000000000E-02,  2.0000000000000000E-02,  4.2299999999999999E-01,  4.2299999999999999E-01,  0.0000000000000000E+00,  0.0000000000000000E+00
3,5,3,1,0,1,legacy-reference-bound,4,4,4, -1.1875000000000000E+00, -1.1875000000000000E+00,  0.0000000000000000E+00,  0.0000000000000000E+00,  0.0000000000000000E+00, -2.9687500000000000E-01,  4.9999999999883471E-05,1,8,0,8,8,0,0,  2.0000000000000000E-02,  2.0000000000000000E-02,  4.2299999999999999E-01,  4.2299999999999999E-01,  0.0000000000000000E+00,  0.0000000000000000E+00
3,5,3,1,0,1,legacy-reference-bound,8,8,8, -1.1875000000000000E+00, -1.1875000000000000E+00,  0.0000000000000000E+00,  0.0000000000000000E+00,  0.0000000000000000E+00, -1.4843750000000000E-01,  9.7999999999487386E-05,1,16,0,16,16,0,0,  2.0000000000000000E-02,  2.0000000000000000E-02,  4.2299999999999999E-01,  4.2299999999999999E-01,  0.0000000000000000E+00,  0.0000000000000000E+00
3,5,3,1,0,1,legacy-reference-bound,16,16,16, -1.1875000000000000E+00, -1.1875000000000000E+00,  0.0000000000000000E+00,  0.0000000000000000E+00,  0.0000000000000000E+00, -7.4218750000000000E-02,  1.9499999999972317E-04,1,32,0,32,32,0,0,  2.0000000000000000E-02,  2.0000000000000000E-02,  4.2299999999999999E-01,  4.2299999999999999E-01,  0.0000000000000000E+00,  0.0000000000000000E+00
3,5,3,1,0,1,legacy-reference-bound,32,32,32, -1.1875000000000000E+00, -1.1875000000000000E+00,  0.0000000000000000E+00,  0.0000000000000000E+00,  0.0000000000000000E+00, -3.7109375000000000E-02,  3.8699999999991519E-04,1,64,0,64,64,0,0,  2.0000000000000000E-02,  2.0000000000000000E-02,  4.2299999999999999E-01,  4.2299999999999999E-01,  0.0000000000000000E+00,  0.0000000000000000E+00
3,5,3,1,0,1,legacy-reference-bound,64,64,64, -1.1875000000000000E+00, -1.1875000000000000E+00,  0.0000000000000000E+00,  0.0000000000000000E+00,  0.0000000000000000E+00, -1.8554687500000000E-02,  7.8800000000001091E-04,1,128,0,128,128,0,0,  2.0000000000000000E-02,  2.0000000000000000E-02,  4.2299999999999999E-01,  4.2299999999999999E-01,  0.0000000000000000E+00,  0.0000000000000000E+00
3,5,3,1,0,1,legacy-reference-bound,128,128,128, -1.1875000000000000E+00, -1.1875000000000000E+00,  0.0000000000000000E+00,  0.0000000000000000E+00,  0.0000000000000000E+00, -9.2773437500000000E-03,  1.5710000000002111E-03,1,256,0,256,256,0,0,  2.0000000000000000E-02,  2.0000000000000000E-02,  4.2299999999999999E-01,  4.2299999999999999E-01,  0.0000000000000000E+00,  0.0000000000000000E+00
3,5,3,1,0,1,legacy-reference-bound,256,256,256, -1.1875000000000000E+00, -1.1875000000000000E+00,  0.0000000000000000E+00,  0.0000000000000000E+00,  0.0000000000000000E+00, -4.6386718750000000E-03,  3.1370000000006115E-03,1,512,0,512,512,0,0,  2.0000000000000000E-02,  2.0000000000000000E-02,  4.2299999999999999E-01,  4.2299999999999999E-01,  0.0000000000000000E+00,  0.0000000000000000E+00
3,5,3,1,0,1,legacy-reference-bound,512,512,512, -1.1875000000000000E+00, -1.1875000000000000E+00,  0.0000000000000000E+00,  0.0000000000000000E+00,  0.0000000000000000E+00, -2.3193359375000000E-03,  6.2780000000000058E-03,1,1024,0,1024,1024,0,0,  2.0000000000000000E-02,  2.0000000000000000E-02,  4.2299999999999999E-01,  4.2299999999999999E-01,  0.0000000000000000E+00,  0.0000000000000000E+00
3,5,3,1,0,1,legacy-reference-bound,1024,1024,1024, -1.1875000000000000E+00, -1.1875000000000000E+00,  0.0000000000000000E+00,  0.0000000000000000E+00,  0.0000000000000000E+00, -1.1596679687500000E-03,  1.2824000000000169E-02,1,2048,0,2048,2048,0,0,  2.0000000000000000E-02,  2.0000000000000000E-02,  4.2299999999999999E-01,  4.2299999999999999E-01,  0.0000000000000000E+00,  0.0000000000000000E+00
3,5,3,1,0,1,legacy-reference-bound,2048,2048,2048, -1.1875000000000000E+00, -1.1875000000000000E+00,  0.0000000000000000E+00,  0.0000000000000000E+00,  0.0000000000000000E+00, -5.7983398437500000E-04,  2.5269999999999015E-02,1,4096,0,4096,4096,0,0,  2.0000000000000000E-02,  2.0000000000000000E-02,  4.2299999999999999E-01,  4.2299999999999999E-01,  0.0000000000000000E+00,  0.0000000000000000E+00
3,5,3,1,0,1,legacy-reference-bound,4096,4096,4096, -1.1875000000000000E+00, -1.1875000000000000E+00,  0.0000000000000000E+00,  0.0000000000000000E+00,  0.0000000000000000E+00, -2.8991699218750000E-04,  5.1207999999999032E-02,1,8192,0,8192,8192,0,0,  2.0000000000000000E-02,  2.0000000000000000E-02,  4.2299999999999999E-01,  4.2299999999999999E-01,  0.0000000000000000E+00,  0.0000000000000000E+00
3,5,3,1,0,1,legacy-reference-bound,1,1,1, -1.2075000000000000E+00, -1.1875000000000000E+00,  2.0000000000003126E-02,  3.1086244689504383E-15,  0.0000000000000000E+00, -1.2075000000000000E+00,  2.3000000000550358E-05,2,2,0,2,2,0,0,  2.0000000000000000E-02,  2.0000000000000000E-02,  4.2299999999999999E-01,  4.2299999999999999E-01, -1.0000000000000000E+00, -1.0000000000000000E+00
3,5,3,1,0,1,legacy-reference-bound,2,2,2, -1.2075000000000000E+00, -1.1875000000000000E+00,  2.0000000000003126E-02,  3.1086244689504383E-15,  0.0000000000000000E+00, -6.1375000000000002E-01,  2.7000000001109470E-05,2,4,0,4,4,0,0,  2.0000000000000000E-02,  2.0000000000000000E-02,  4.2299999999999999E-01,  4.2299999999999999E-01,  0.0000000000000000E+00,  0.0000000000000000E+00
3,5,3,1,0,1,legacy-reference-bound,4,4,4, -1.2075000000000000E+00, -1.1875000000000000E+00,  2.0000000000003126E-02,  3.1086244689504383E-15,  0.0000000000000000E+00, -3.1687500000000002E-01,  4.9999999999883471E-05,2,8,0,8,8,0,0,  2.0000000000000000E-02,  2.0000000000000000E-02,  4.2299999999999999E-01,  4.2299999999999999E-01,  0.0000000000000000E+00,  0.0000000000000000E+00
3,5,3,1,0,1,legacy-reference-bound,8,8,8, -1.2075000000000000E+00, -1.1875000000000000E+00,  2.0000000000003126E-02,  3.1086244689504383E-15,  0.0000000000000000E+00, -1.6843749999999999E-01,  9.8999999998738986E-05,2,16,0,16,16,0,0,  2.0000000000000000E-02,  2.0000000000000000E-02,  4.2299999999999999E-01,  4.2299999999999999E-01,  0.0000000000000000E+00,  0.0000000000000000E+00
3,5,3,1,0,1,legacy-reference-bound,16,16,16, -1.2075000000000000E+00, -1.1875000000000000E+00,  2.0000000000003126E-02,  3.1086244689504383E-15,  0.0000000000000000E+00, -9.4218750000000004E-02,  1.9499999999972317E-04,2,32,0,32,32,0,0,  2.0000000000000000E-02,  2.0000000000000000E-02,  4.2299999999999999E-01,  4.2299999999999999E-01,  0.0000000000000000E+00,  0.0000000000000000E+00
3,5,3,1,0,1,legacy-reference-bound,32,32,32, -1.2075000000000000E+00, -1.1875000000000000E+00,  2.0000000000003126E-02,  3.1086244689504383E-15,  0.0000000000000000E+00, -5.7109375000000004E-02,  3.8499999999963563E-04,2,64,0,64,64,0,0,  2.0000000000000000E-02,  2.0000000000000000E-02,  4.2299999999999999E-01,  4.2299999999999999E-01,  0.0000000000000000E+00,  0.0000000000000000E+00
3,5,3,1,0,1,legacy-reference-bound,64,64,64, -1.2075000000000000E+00, -1.1875000000000000E+00,  2.0000000000003126E-02,  3.1086244689504383E-15,  0.0000000000000000E+00, -3.8554687500000004E-02,  7.9800000000140869E-04,2,128,0,128,128,0,0,  2.0000000000000000E-02,  2.0000000000000000E-02,  4.2299999999999999E-01,  4.2299999999999999E-01,  0.0000000000000000E+00,  0.0000000000000000E+00
3,5,3,1,0,1,legacy-reference-bound,128,128,128, -1.2075000000000000E+00, -1.1875000000000000E+00,  2.0000000000003126E-02,  3.1086244689504383E-15,  0.0000000000000000E+00, -2.9277343750000000E-02,  1.5689999999999316E-03,2,256,0,256,256,0,0,  2.0000000000000000E-02,  2.0000000000000000E-02,  4.2299999999999999E-01,  4.2299999999999999E-01,  0.0000000000000000E+00,  0.0000000000000000E+00
3,5,3,1,0,1,legacy-reference-bound,256,256,256, -1.2075000000000000E+00, -1.1875000000000000E+00,  2.0000000000003126E-02,  3.1086244689504383E-15,  0.0000000000000000E+00, -2.4638671875000000E-02,  3.1440000000007018E-03,2,512,0,512,512,0,0,  2.0000000000000000E-02,  2.0000000000000000E-02,  4.2299999999999999E-01,  4.2299999999999999E-01,  0.0000000000000000E+00,  0.0000000000000000E+00
3,5,3,1,0,1,legacy-reference-bound,512,512,512, -1.2075000000000000E+00, -1.1875000000000000E+00,  2.0000000000003126E-02,  3.1086244689504383E-15,  0.0000000000000000E+00, -2.2319335937500000E-02,  6.2419999999985265E-03,2,1024,0,1024,1024,0,0,  2.0000000000000000E-02,  2.0000000000000000E-02,  4.2299999999999999E-01,  4.2299999999999999E-01,  0.0000000000000000E+00,  0.0000000000000000E+00
3,5,3,1,0,1,legacy-reference-bound,1024,1024,1024, -1.2075000000000000E+00, -1.1875000000000000E+00,  2.0000000000003126E-02,  3.1086244689504383E-15,  0.0000000000000000E+00, -2.1159667968750000E-02,  1.3047999999999504E-02,2,2048,0,2048,2048,0,0,  2.0000000000000000E-02,  2.0000000000000000E-02,  4.2299999999999999E-01,  4.2299999999999999E-01,  0.0000000000000000E+00,  0.0000000000000000E+00
3,5,3,1,0,1,legacy-reference-bound,2048,2048,2048, -1.2075000000000000E+00, -1.1875000000000000E+00,  2.0000000000003126E-02,  3.1086244689504383E-15,  0.0000000000000000E+00, -2.0579833984375000E-02,  2.5046000000001456E-02,2,4096,0,4096,4096,0,0,  2.0000000000000000E-02,  2.0000000000000000E-02,  4.2299999999999999E-01,  4.2299999999999999E-01,  0.0000000000000000E+00,  0.0000000000000000E+00
3,5,3,1,0,1,legacy-reference-bound,4096,4096,4096, -1.2075000000000000E+00, -1.1875000000000000E+00,  2.0000000000003126E-02,  3.1086244689504383E-15,  0.0000000000000000E+00, -2.0289916992187500E-02,  5.0419999999999021E-02,2,8192,0,8192,8192,0,0,  2.0000000000000000E-02,  2.0000000000000000E-02,  4.2299999999999999E-01,  4.2299999999999999E-01,  0.0000000000000000E+00,  0.0000000000000000E+00
3,5,3,1,0,1,legacy-reference-bound,1,1,1, -1.2075000000000000E+00, -1.1875000000000000E+00,  2.0000000000003126E-02,  3.1086244689504383E-15,  0.0000000000000000E+00, -1.2075000000000000E+00,  1.8999999999991246E-05,3,2,0,2,2,0,0,  2.0000000000000000E-02,  2.0000000000000000E-02,  4.2299999999999999E-01,  4.2299999999999999E-01, -1.0000000000000000E+00, -1.0000000000000000E+00
3,5,3,1,0,1,legacy-reference-bound,2,2,2, -1.2075000000000000E+00, -1.1875000000000000E+00,  2.0000000000003126E-02,  3.1086244689504383E-15,  0.0000000000000000E+00, -6.1375000000000002E-01,  2.6999999999333113E-05,3,4,0,4,4,0,0,  2.0000000000000000E-02,  2.0000000000000000E-02,  4.2299999999999999E-01,  4.2299999999999999E-01,  0.0000000000000000E+00,  0.0000000000000000E+00
3,5,3,1,0,1,legacy-reference-bound,4,4,4, -1.2075000000000000E+00, -1.1875000000000000E+00,  2.0000000000003126E-02,  3.1086244689504383E-15,  0.0000000000000000E+00, -3.1687500000000002E-01,  5.0999999999135071E-05,3,8,0,8,8,0,0,  2.0000000000000000E-02,  2.0000000000000000E-02,  4.2299999999999999E-01,  4.2299999999999999E-01,  0.0000000000000000E+00,  0.0000000000000000E+00
3,5,3,1,0,1,legacy-reference-bound,8,8,8, -1.2075000000000000E+00, -1.1875000000000000E+00,  2.0000000000003126E-02,  3.1086244689504383E-15,  0.0000000000000000E+00, -1.6843749999999999E-01,  1.1800000000050659E-04,3,16,0,16,16,0,0,  2.0000000000000000E-02,  2.0000000000000000E-02,  4.2299999999999999E-01,  4.2299999999999999E-01,  0.0000000000000000E+00,  0.0000000000000000E+00
3,5,3,1,0,1,legacy-reference-bound,16,16,16, -1.2075000000000000E+00, -1.1875000000000000E+00,  2.0000000000003126E-02,  3.1086244689504383E-15,  0.0000000000000000E+00, -9.4218750000000004E-02,  1.9499999999972317E-04,3,32,0,32,32,0,0,  2.0000000000000000E-02,  2.0000000000000000E-02,  4.2299999999999999E-01,  4.2299999999999999E-01,  0.0000000000000000E+00,  0.0000000000000000E+00
3,5,3,1,0,1,legacy-reference-bound,32,32,32, -1.2075000000000000E+00, -1.1875000000000000E+00,  2.0000000000003126E-02,  3.1086244689504383E-15,  0.0000000000000000E+00, -5.7109375000000004E-02,  4.0299999999859892E-04,3,64,0,64,64,0,0,  2.0000000000000000E-02,  2.0000000000000000E-02,  4.2299999999999999E-01,  4.2299999999999999E-01,  0.0000000000000000E+00,  0.0000000000000000E+00
3,5,3,1,0,1,legacy-reference-bound,64,64,64, -1.2075000000000000E+00, -1.1875000000000000E+00,  2.0000000000003126E-02,  3.1086244689504383E-15,  0.0000000000000000E+00, -3.8554687500000004E-02,  8.7399999999959732E-04,3,128,0,128,128,0,0,  2.0000000000000000E-02,  2.0000000000000000E-02,  4.2299999999999999E-01,  4.2299999999999999E-01,  0.0000000000000000E+00,  0.0000000000000000E+00
3,5,3,1,0,1,legacy-reference-bound,128,128,128, -1.2075000000000000E+00, -1.1875000000000000E+00,  2.0000000000003126E-02,  3.1086244689504383E-15,  0.0000000000000000E+00, -2.9277343750000000E-02,  1.7840000000006739E-03,3,256,0,256,256,0,0,  2.0000000000000000E-02,  2.0000000000000000E-02,  4.2299999999999999E-01,  4.2299999999999999E-01,  0.0000000000000000E+00,  0.0000000000000000E+00
3,5,3,1,0,1,legacy-reference-bound,256,256,453, -1.2021645499555536E+00, -1.1821645499555535E+00,  2.0000000000003126E-02,  3.1086244689504383E-15,  1.2633123713801098E-15,  0.0000000000000000E+00,  4.8319999999986152E-03,3,683,26,683,709,0,1,  1.9999999999999948E-02,  2.0000000000000420E-02,  4.2299999999999999E-01,  4.2299999999999999E-01,  0.0000000000000000E+00,  4.1980308118638732E-16
3,5,3,1,0,1,legacy-reference-bound,512,512,742, -1.2033797985339170E+00, -1.1833797985339169E+00,  2.0000000000003126E-02,  3.1086244689504383E-15,  1.3767199186220935E-15,  0.0000000000000000E+00,  8.2170000000001409E-03,3,1221,33,1221,1254,0,1,  1.9999999999999594E-02,  2.0000000000000285E-02,  4.2299999999999999E-01,  4.2299999999999999E-01,  0.0000000000000000E+00,  6.8001160258290838E-16
3,5,3,1,0,1,legacy-reference-bound,1024,1024,1329, -1.2040528420392940E+00, -1.1840528420392940E+00,  2.0000000000003126E-02,  3.1086244689504383E-15,  2.6997718297061546E-15,  0.0000000000000000E+00,  1.6436000000000561E-02,3,2439,44,2439,2483,0,1,  1.9999999999999990E-02,  2.0000000000000826E-02,  4.2299999999999999E-01,  4.2299999999999999E-01,  0.0000000000000000E+00,  1.0269562977782698E-15
3,5,3,1,0,1,legacy-reference-bound,2048,2048,2473, -1.2043449228260559E+00, -1.1843449228260559E+00,  2.0000000000003126E-02,  3.1086244689504383E-15,  2.3892563275063061E-15,  0.0000000000000000E+00,  2.9493000000000436E-02,3,4453,68,4453,4521,0,1,  1.9999999999999064E-02,  2.0000000000000195E-02,  4.2299999999999999E-01,  4.2299999999999999E-01,  0.0000000000000000E+00,  1.7555401576885288E-15
3,5,3,1,0,1,legacy-reference-bound,4096,4096,4795, -1.2044781153711790E+00, -1.1844781153711790E+00,  2.0000000000003126E-02,  3.1086244689504383E-15,  1.9339456251710185E-15,  0.0000000000000000E+00,  5.7817000000000007E-02,3,8769,122,8769,8891,0,1,  1.9999999999999431E-02,  2.0000000000000264E-02,  4.2299999999999999E-01,  4.2299999999999999E-01,  0.0000000000000000E+00,  8.8470897274817162E-16
