geometry,bottom_mode,profile,window,stop_code,solver_status,solver_route,steps,completed,iterations,transfer_cm,bottom_cm,storage_change_cm,ledger_residual_cm,max_step_soil_residual_cm,first_transfer_cm,cpu_seconds,history,external_calls,flux_calls,head_calls,evaluations,within_solve_switches,accepted_regime_switches,h_min,h_max,theta_min,theta_max,water_l1_diff_cm,head_inf_diff_cm
2,7,1,1,1,2,legacy-reference-retry,1,0,80,  0.0000000000000000E+00,  0.0000000000000000E+00,  0.0000000000000000E+00,  0.0000000000000000E+00,  0.0000000000000000E+00,  0.0000000000000000E+00,  2.7000000000000006E-04,1,81,0,81,81,0,0, -1.2300000000000000E+02, -1.2300000000000000E+02,  3.0672347317434490E-01,  3.0672347317434490E-01, -1.0000000000000000E+00, -1.0000000000000000E+00
2,7,1,1,0,1,legacy-reference-bound,2,2,143, -6.5640097518357599E-01, -3.1137567609869088E-01,  3.4502529908495938E-01,  7.4273920347422973E-14,  4.7795101210112989E-14, -2.9679214135771198E-01,  3.0400000000000002E-04,1,145,0,145,145,0,0, -6.3650798093968062E+00,  1.3673227121903994E-01,  4.1962265821997935E-01,  4.2299999999999999E-01, -1.0000000000000000E+00, -1.0000000000000000E+00
2,7,1,1,1,2,legacy-reference-retry,4,3,281, -6.8809039361046354E-01, -3.3939943784487592E-01,  3.4869095576559506E-01,  7.4384942649885488E-15,  5.7967519673240986E-14, -2.2997737149736608E-01,  1.1010000000000000E-03,1,806,0,806,806,0,0, -7.0064886602499699E-01,  1.5220724721104090E-01,  4.2286137528862977E-01,  4.2299999999999999E-01, -1.0000000000000000E+00, -1.0000000000000000E+00
2,7,1,1,1,2,legacy-reference-retry,8,3,254, -4.7200681776750797E-01, -1.2391351150150112E-01,  3.4809330626597079E-01, -3.6054492724701959E-14,  6.7339796933074680E-14, -1.7863292045975032E-01,  5.8099999999999992E-04,1,281,0,281,281,0,0, -2.1514272903570033E+00,  8.2023458692402865E-02,  4.2229298635017887E-01,  4.2299999999999999E-01, -1.0000000000000000E+00, -1.0000000000000000E+00
2,7,1,1,0,1,legacy-reference-bound,16,16,239, -1.3265671406521578E+00, -9.7773756017529612E-01,  3.4882958047696522E-01,  1.0358380819752711E-13,  9.7200025805932455E-14, -1.3854839672069064E-01,  5.4500000000000035E-04,1,264,0,264,264,0,0,  1.9999999999999976E-02,  1.9999999999999997E-02,  4.2299999999999999E-01,  4.2299999999999999E-01, -1.0000000000000000E+00, -1.0000000000000000E+00
2,7,1,1,1,2,legacy-reference-retry,32,6,314, -4.3631270587742088E-01, -8.7485339320901301E-02,  3.4882736655651692E-01, -2.6645352591003757E-15,  8.0931355367352964E-15, -1.0934696548167507E-01,  1.0540000000000002E-03,1,760,0,760,760,0,0, -4.0780366035552192E-02,  7.3978560809693630E-02,  4.2299778607955163E-01,  4.2299999999999999E-01, -1.0000000000000000E+00, -1.0000000000000000E+00
2,7,1,1,1,2,legacy-reference-retry,64,6,276, -3.7285843990878514E-01, -2.4489391553249501E-02,  3.4836904835553106E-01, -4.5796699765787707E-15,  3.2899572822986389E-15, -8.9388801843883106E-02,  5.4499999999999948E-04,1,283,0,283,283,0,0, -1.3815486649974413E+00,  1.9421375386937879E-02,  4.2262818558800075E-01,  4.2299999999999999E-01, -1.0000000000000000E+00, -1.0000000000000000E+00
2,7,1,1,1,2,legacy-reference-retry,128,9,325, -3.6928541687865524E-01, -2.0540189495310206E-02,  3.4874522738333602E-01, -9.0101537342235360E-15,  6.2648589658001463E-15, -7.6207091768607946E-02,  7.2900000000000048E-04,1,353,0,353,353,0,0, -4.5010983795792942E-01,  3.8706245874020016E-02,  4.2292716009254883E-01,  4.2299999999999999E-01, -1.0000000000000000E+00, -1.0000000000000000E+00
2,7,1,1,1,2,legacy-reference-retry,256,14,411, -3.6417723968165883E-01, -1.5376912570142107E-02,  3.4880032711150566E-01, -1.1060596882828122E-14,  3.3494596527773590E-15, -6.7423917767297462E-02,  9.1500000000000001E-04,1,473,0,473,473,0,0, -2.2957052089752655E-01,  4.1696380534363857E-02,  4.2297264542491553E-01,  4.2299999999999999E-01, -1.0000000000000000E+00, -1.0000000000000000E+00
2,7,1,1,1,2,legacy-reference-retry,512,23,474, -3.5984933477276626E-01, -1.1054700268451054E-02,  3.4879463450430159E-01, -1.3614109839465982E-14,  5.3608139249320536E-15, -6.0711651230231978E-02,  1.1610000000000006E-03,1,520,0,520,520,0,0, -2.4748777377147602E-01,  3.0698756389062179E-02,  4.2296948521209976E-01,  4.2299999999999999E-01, -1.0000000000000000E+00, -1.0000000000000000E+00
2,7,1,1,1,2,legacy-reference-retry,1024,41,653, -3.5786522178945585E-01, -9.0615356226847812E-03,  3.4880368616675383E-01, -1.7229273563401648E-14,  6.0544119359889209E-15, -5.3390711665695492E-02,  1.8859999999999988E-03,1,710,0,710,710,0,0, -2.0016724285958526E-01,  2.7361697934681791E-02,  4.2297759033453075E-01,  4.2299999999999999E-01, -1.0000000000000000E+00, -1.0000000000000000E+00
2,7,1,1,1,2,legacy-reference-retry,2048,77,1038, -3.5697869807732746E-01, -8.1582669313528360E-03,  3.4882043114595795E-01, -1.6670692604137116E-14,  2.5500672266084295E-15, -4.3545520937579102E-02,  3.1980000000000012E-03,1,1705,0,1705,1705,0,0, -1.0616726882194585E-01,  2.9766219020824429E-02,  4.2299109248799893E-01,  4.2299999999999999E-01, -1.0000000000000000E+00, -1.0000000000000000E+00
2,7,1,1,1,2,legacy-reference-retry,4096,147,1653, -3.5601432102729524E-01, -7.2169935401415163E-03,  3.4879732748714432E-01, -9.4126095806501553E-15,  6.2261707359343062E-16, -3.2145439490135402E-02,  4.2259999999999989E-03,1,1801,0,1801,1801,0,0, -2.1756049105860170E-01,  1.7591751555123814E-02,  4.2297470231626522E-01,  4.2299999999999999E-01, -1.0000000000000000E+00, -1.0000000000000000E+00
2,7,1,1,1,2,legacy-reference-retry,1,0,80,  0.0000000000000000E+00,  0.0000000000000000E+00,  0.0000000000000000E+00,  0.0000000000000000E+00,  0.0000000000000000E+00,  0.0000000000000000E+00,  1.6900000000000248E-04,2,81,0,81,81,0,0, -1.2300000000000000E+02, -1.2300000000000000E+02,  3.0672347317434490E-01,  3.0672347317434490E-01, -1.0000000000000000E+00, -1.0000000000000000E+00
2,7,1,1,0,1,legacy-reference-bound,2,2,143, -6.7640097518357600E-01, -3.1137567609869088E-01,  3.6502529908495940E-01,  7.4273920347422973E-14,  4.7795101210112989E-14, -3.1679214135771200E-01,  3.1899999999999984E-04,2,145,0,145,145,0,0, -6.3650798093968062E+00,  1.3673227121903994E-01,  4.1962265821997935E-01,  4.2299999999999999E-01, -1.0000000000000000E+00, -1.0000000000000000E+00
2,7,1,1,1,2,legacy-reference-retry,4,3,281, -7.0809039361046344E-01, -3.3939943784487592E-01,  3.6869095576559507E-01,  7.5495165674510645E-15,  5.7967519673240986E-14, -2.4997737149736607E-01,  1.1020000000000023E-03,2,806,0,806,806,0,0, -7.0064886602499699E-01,  1.5220724721104090E-01,  4.2286137528862977E-01,  4.2299999999999999E-01, -1.0000000000000000E+00, -1.0000000000000000E+00
2,7,1,1,1,2,legacy-reference-retry,8,3,254, -4.9200681776750799E-01, -1.2391351150150112E-01,  3.6809330626597081E-01, -3.6054492724701959E-14,  6.7339796933074680E-14, -1.9863292045975031E-01,  5.4799999999999988E-04,2,281,0,281,281,0,0, -2.1514272903570033E+00,  8.2023458692402865E-02,  4.2229298635017887E-01,  4.2299999999999999E-01, -1.0000000000000000E+00, -1.0000000000000000E+00
2,7,1,1,0,1,legacy-reference-bound,16,16,239, -1.3465671406521578E+00, -9.7773756017529612E-01,  3.6882958047696524E-01,  1.0358380819752711E-13,  9.7200025805932455E-14, -1.5854839672069063E-01,  5.6799999999999906E-04,2,264,0,264,264,0,0,  1.9999999999999976E-02,  1.9999999999999997E-02,  4.2299999999999999E-01,  4.2299999999999999E-01, -1.0000000000000000E+00, -1.0000000000000000E+00
2,7,1,1,1,2,legacy-reference-retry,32,6,314, -4.5631270587742084E-01, -8.7485339320901301E-02,  3.6882736655651693E-01, -2.6090241078691179E-15,  8.0931355367352964E-15, -1.2934696548167507E-01,  1.0869999999999977E-03,2,760,0,760,760,0,0, -4.0780366035552192E-02,  7.3978560809693630E-02,  4.2299778607955163E-01,  4.2299999999999999E-01, -1.0000000000000000E+00, -1.0000000000000000E+00
2,7,1,1,1,2,legacy-reference-retry,64,6,276, -3.9285843990878516E-01, -2.4489391553249501E-02,  3.6836904835553108E-01, -4.5796699765787707E-15,  3.2899572822986389E-15, -1.0938880184388311E-01,  6.0299999999999937E-04,2,283,0,283,283,0,0, -1.3815486649974413E+00,  1.9421375386937879E-02,  4.2262818558800075E-01,  4.2299999999999999E-01, -1.0000000000000000E+00, -1.0000000000000000E+00
2,7,1,1,1,2,legacy-reference-retry,128,9,325, -3.8928541687865525E-01, -2.0540189495310206E-02,  3.6874522738333604E-01, -9.0101537342235360E-15,  6.2648589658001463E-15, -9.6207091768607950E-02,  8.3799999999999847E-04,2,353,0,353,353,0,0, -4.5010983795792942E-01,  3.8706245874020016E-02,  4.2292716009254883E-01,  4.2299999999999999E-01, -1.0000000000000000E+00, -1.0000000000000000E+00
2,7,1,1,1,2,legacy-reference-retry,256,14,411, -3.8417723968165884E-01, -1.5376912570142107E-02,  3.6880032711150568E-01, -1.1060596882828122E-14,  3.3494596527773590E-15, -8.7423917767297465E-02,  9.0900000000000009E-04,2,473,0,473,473,0,0, -2.2957052089752655E-01,  4.1696380534363857E-02,  4.2297264542491553E-01,  4.2299999999999999E-01, -1.0000000000000000E+00, -1.0000000000000000E+00
2,7,1,1,1,2,legacy-reference-retry,512,23,474, -3.7984933477276622E-01, -1.1054700268451054E-02,  3.6879463450430161E-01, -1.3558598688234724E-14,  5.3608139249320536E-15, -8.0711651230231982E-02,  1.0280000000000011E-03,2,520,0,520,520,0,0, -2.4748777377147602E-01,  3.0698756389062179E-02,  4.2296948521209976E-01,  4.2299999999999999E-01, -1.0000000000000000E+00, -1.0000000000000000E+00
2,7,1,1,1,2,legacy-reference-retry,1024,41,653, -3.7786522178945586E-01, -9.0615356226847812E-03,  3.6880368616675385E-01, -1.7229273563401648E-14,  6.0544119359889209E-15, -7.3390711665695496E-02,  1.4909999999999993E-03,2,710,0,710,710,0,0, -2.0016724285958526E-01,  2.7361697934681791E-02,  4.2297759033453075E-01,  4.2299999999999999E-01, -1.0000000000000000E+00, -1.0000000000000000E+00
2,7,1,1,1,2,legacy-reference-retry,2048,77,1038, -3.7697869807732748E-01, -8.1582669313528360E-03,  3.6882043114595797E-01, -1.6670692604137116E-14,  2.5500672266084295E-15, -6.3545520937579106E-02,  3.2610000000000000E-03,2,1705,0,1705,1705,0,0, -1.0616726882194585E-01,  2.9766219020824429E-02,  4.2299109248799893E-01,  4.2299999999999999E-01, -1.0000000000000000E+00, -1.0000000000000000E+00
2,7,1,1,1,2,legacy-reference-retry,4096,147,1653, -3.7601432102729521E-01, -7.2169935401415163E-03,  3.6879732748714433E-01, -9.3570984294188975E-15,  6.2261707359343062E-16, -5.2145439490135406E-02,  3.9769999999999979E-03,2,1801,0,1801,1801,0,0, -2.1756049105860170E-01,  1.7591751555123814E-02,  4.2297470231626522E-01,  4.2299999999999999E-01, -1.0000000000000000E+00, -1.0000000000000000E+00
2,7,1,1,1,2,legacy-reference-retry,1,0,80,  0.0000000000000000E+00,  0.0000000000000000E+00,  0.0000000000000000E+00,  0.0000000000000000E+00,  0.0000000000000000E+00,  0.0000000000000000E+00,  1.6700000000000048E-04,3,81,0,81,81,0,0, -1.2300000000000000E+02, -1.2300000000000000E+02,  3.0672347317434490E-01,  3.0672347317434490E-01, -1.0000000000000000E+00, -1.0000000000000000E+00
2,7,1,1,0,1,legacy-reference-bound,2,2,143, -6.7640097518357600E-01, -3.1137567609869088E-01,  3.6502529908495940E-01,  7.4273920347422973E-14,  4.7795101210112989E-14, -3.1679214135771200E-01,  3.1500000000000278E-04,3,145,0,145,145,0,0, -6.3650798093968062E+00,  1.3673227121903994E-01,  4.1962265821997935E-01,  4.2299999999999999E-01, -1.0000000000000000E+00, -1.0000000000000000E+00
2,7,1,1,1,2,legacy-reference-retry,4,3,281, -7.0809039361046344E-01, -3.3939943784487592E-01,  3.6869095576559507E-01,  7.5495165674510645E-15,  5.7967519673240986E-14, -2.4997737149736607E-01,  1.0250000000000051E-03,3,806,0,806,806,0,0, -7.0064886602499699E-01,  1.5220724721104090E-01,  4.2286137528862977E-01,  4.2299999999999999E-01, -1.0000000000000000E+00, -1.0000000000000000E+00
2,7,1,1,1,2,legacy-reference-retry,8,3,254, -4.9200681776750799E-01, -1.2391351150150112E-01,  3.6809330626597081E-01, -3.6054492724701959E-14,  6.7339796933074680E-14, -1.9863292045975031E-01,  5.2100000000000063E-04,3,281,0,281,281,0,0, -2.1514272903570033E+00,  8.2023458692402865E-02,  4.2229298635017887E-01,  4.2299999999999999E-01, -1.0000000000000000E+00, -1.0000000000000000E+00
2,7,1,1,0,1,legacy-reference-bound,16,16,239, -1.3465671406521578E+00, -9.7773756017529612E-01,  3.6882958047696524E-01,  1.0358380819752711E-13,  9.7200025805932455E-14, -1.5854839672069063E-01,  5.2399999999999669E-04,3,264,0,264,264,0,0,  1.9999999999999976E-02,  1.9999999999999997E-02,  4.2299999999999999E-01,  4.2299999999999999E-01, -1.0000000000000000E+00, -1.0000000000000000E+00
2,7,1,1,1,2,legacy-reference-retry,32,6,314, -4.5631270587742084E-01, -8.7485339320901301E-02,  3.6882736655651693E-01, -2.6090241078691179E-15,  8.0931355367352964E-15, -1.2934696548167507E-01,  1.0530000000000053E-03,3,760,0,760,760,0,0, -4.0780366035552192E-02,  7.3978560809693630E-02,  4.2299778607955163E-01,  4.2299999999999999E-01, -1.0000000000000000E+00, -1.0000000000000000E+00
2,7,1,1,1,2,legacy-reference-retry,64,6,276, -3.9285843990878516E-01, -2.4489391553249501E-02,  3.6836904835553108E-01, -4.5796699765787707E-15,  3.2899572822986389E-15, -1.0938880184388311E-01,  5.6200000000000000E-04,3,283,0,283,283,0,0, -1.3815486649974413E+00,  1.9421375386937879E-02,  4.2262818558800075E-01,  4.2299999999999999E-01, -1.0000000000000000E+00, -1.0000000000000000E+00
2,7,1,1,1,2,legacy-reference-retry,128,9,325, -3.8928541687865525E-01, -2.0540189495310206E-02,  3.6874522738333604E-01, -9.0101537342235360E-15,  6.2648589658001463E-15, -9.6207091768607950E-02,  7.2999999999999454E-04,3,353,0,353,353,0,0, -4.5010983795792942E-01,  3.8706245874020016E-02,  4.2292716009254883E-01,  4.2299999999999999E-01, -1.0000000000000000E+00, -1.0000000000000000E+00
2,7,1,1,1,2,legacy-reference-retry,256,14,334, -3.7990328775739657E-01, -1.1436516283287930E-02,  3.6846677147409546E-01, -1.3182163693947757E-14,  3.5601201348912925E-15,  0.0000000000000000E+00,  7.1199999999999736E-04,3,344,5,344,349,0,1, -1.0982543149313713E+00, -1.4769855038920209E-03,  4.2273358286697016E-01,  4.2299995770039039E-01, -1.0000000000000000E+00, -1.0000000000000000E+00
2,7,1,1,1,2,legacy-reference-retry,512,25,480, -3.7990193991940802E-01, -1.1107359129912812E-02,  3.6879458078948146E-01, -1.3740744653212289E-14,  5.3641613991396025E-15,  0.0000000000000000E+00,  1.0570000000000024E-03,3,520,8,520,528,0,1, -2.4771787164678374E-01,  3.0689542989339475E-02,  4.2296944393085290E-01,  4.2299999999999999E-01, -1.0000000000000000E+00, -1.0000000000000000E+00
2,7,1,1,1,2,legacy-reference-retry,1024,45,665, -3.7791789034535650E-01, -9.1142688316041536E-03,  3.6880362151373469E-01, -1.7654280815015966E-14,  5.9912724060346909E-15,  0.0000000000000000E+00,  1.4860000000000012E-03,3,710,16,710,726,0,1, -2.0046598889356251E-01,  2.7348073325722207E-02,  4.2297754165991353E-01,  4.2299999999999999E-01, -1.0000000000000000E+00, -1.0000000000000000E+00
2,7,1,1,1,2,legacy-reference-retry,2048,84,996, -3.7646683729691888E-01, -7.6886879427468750E-03,  3.6877814935415509E-01, -1.6908349720345939E-14,  2.4395412854530049E-15,  0.0000000000000000E+00,  2.8940000000000007E-03,3,1049,32,1049,1081,0,1, -2.9538397958810403E-01,  1.6936367145707176E-02,  4.2296052866989775E-01,  4.2299999999999999E-01, -1.0000000000000000E+00, -1.0000000000000000E+00
2,7,1,1,1,2,legacy-reference-retry,4096,163,1700, -3.7606696914762427E-01, -7.2697866599557752E-03,  3.6879718248765858E-01, -9.9182814738973946E-15,  5.7192765741441789E-16,  0.0000000000000000E+00,  4.3170000000000014E-03,3,1800,64,1800,1864,0,1, -2.1815426535198018E-01,  1.7555369840779204E-02,  4.2297460180949009E-01,  4.2299999999999999E-01, -1.0000000000000000E+00, -1.0000000000000000E+00
2,7,2,1,0,1,legacy-reference-bound,1,1,65, -8.0722400634089408E-01, -7.8879489257430901E-01,  1.8429113766673222E-02,  8.8151708155237429E-14,  8.8262730457699945E-14, -8.0722400634089408E-01,  1.3300000000000117E-04,1,66,0,66,66,0,0, -1.8165393902943257E+00,  1.0005810392823281E-01,  4.2244681408683060E-01,  4.2299999999999999E-01, -1.0000000000000000E+00, -1.0000000000000000E+00
2,7,2,1,1,2,legacy-reference-retry,2,1,144, -4.1112474755989198E-01, -3.9272481253221803E-01,  1.8399935027617387E-02, -5.6565863104651726E-14,  5.6454840802189210E-14, -4.1112474755989198E-01,  2.7499999999999747E-04,1,146,0,146,146,0,0, -1.8541756627173054E+00,  9.6894843132677058E-02,  4.2243011082472870E-01,  4.2299999999999999E-01, -1.0000000000000000E+00, -1.0000000000000000E+00
2,7,2,1,1,2,legacy-reference-retry,4,1,143, -2.1306409422569120E-01, -1.9472348057067410E-01,  1.8340613655037696E-02,  2.0594637106796654E-14,  2.0566881531181025E-14, -2.1306409422569120E-01,  2.6100000000000428E-04,1,145,0,145,145,0,0, -1.9294063425882242E+00,  9.0577604862575836E-02,  4.2239626922877926E-01,  4.2299999999999999E-01, -1.0000000000000000E+00, -1.0000000000000000E+00
2,7,2,1,1,2,legacy-reference-retry,8,1,140, -1.1400615360198744E-01, -9.5787718240812059E-02,  1.8218435361155194E-02, -2.0192181260370035E-14,  1.9942381079829374E-14, -1.1400615360198744E-01,  3.7800000000000333E-04,1,142,0,142,142,0,0, -2.0794945515674113E+00,  7.7989636038757984E-02,  4.2232699460759338E-01,  4.2299999999999999E-01, -1.0000000000000000E+00, -1.0000000000000000E+00
2,7,2,1,1,2,legacy-reference-retry,16,1,136, -6.4402595155534162E-02, -4.6440275974345704E-02,  1.7962319181177744E-02, -1.0713652187632761E-14,  1.0678957718113224E-14, -6.4402595155534162E-02,  2.8899999999999759E-04,1,138,0,138,138,0,0, -2.3767355786678523E+00,  5.3064942633990211E-02,  4.2218321817580995E-01,  4.2299999999999999E-01, -1.0000000000000000E+00, -1.0000000000000000E+00
2,7,2,1,1,2,legacy-reference-retry,32,2,201, -7.1336725804625689E-02, -5.2186860616678120E-02,  1.9149865187950699E-02,  3.1294411506621600E-15,  6.1652072336215724E-15, -3.9394137172540068E-02,  3.7199999999999733E-04,1,214,0,214,214,0,0, -4.4623451164312078E-01,  6.4811364422466683E-02,  4.2292807042834502E-01,  4.2299999999999999E-01, -1.0000000000000000E+00, -1.0000000000000000E+00
2,7,2,1,1,2,legacy-reference-retry,64,2,171, -4.3217210932548225E-02, -2.4195382699816158E-02,  1.9021828232732796E-02,  7.2858385991025898E-16,  1.6740081543176188E-15, -2.6331991953532117E-02,  3.3700000000000396E-04,1,194,0,194,194,0,0, -7.9100174275309254E-01,  4.2493891651151444E-02,  4.2283464270490589E-01,  4.2299999999999999E-01, -1.0000000000000000E+00, -1.0000000000000000E+00
2,7,2,1,1,2,legacy-reference-retry,128,3,218, -3.7660764627322298E-02, -1.8480371400489953E-02,  1.9180393226834624E-02,  2.2794266474335245E-15,  2.2386606457480696E-15, -1.8729222544817188E-02,  4.5100000000000001E-04,1,254,0,254,254,0,0, -3.2062357974894129E-01,  4.1909395347919792E-02,  4.2295552863070485E-01,  4.2299999999999999E-01, -1.0000000000000000E+00, -1.0000000000000000E+00
2,7,2,1,1,2,legacy-reference-retry,256,4,229, -3.0884359015479527E-02, -1.1704096297532539E-02,  1.9180262717946706E-02, -2.8275992658421956E-16,  3.5214886562329184E-16, -1.3486678401118515E-02,  4.5600000000000501E-04,1,255,0,255,255,0,0, -3.1189855724242471E-01,  3.5492444052591055E-02,  4.2295727809245243E-01,  4.2299999999999999E-01, -1.0000000000000000E+00, -1.0000000000000000E+00
2,7,2,1,1,2,legacy-reference-retry,512,6,250, -2.7624671474574199E-02, -8.4287740861391514E-03,  1.9195897388434524E-02, -5.2388648974499574E-16,  2.7300210703185002E-16, -9.6272225556527820E-03,  5.1599999999999563E-04,1,280,0,280,280,0,0, -2.4182775459888642E-01,  3.0937266878863726E-02,  4.2297049514775364E-01,  4.2299999999999999E-01, -1.0000000000000000E+00, -1.0000000000000000E+00
2,7,2,1,1,2,legacy-reference-retry,1024,10,313, -2.6064510216990654E-02, -6.8494959539661410E-03,  1.9215014263023411E-02, -1.1015494072452725E-15,  5.3803532809593158E-16, -6.8859346582596150E-03,  6.6599999999999993E-04,1,371,0,371,371,0,0, -1.4232271506052890E-01,  3.1138872725515420E-02,  4.2298635596028356E-01,  4.2299999999999999E-01, -1.0000000000000000E+00, -1.0000000000000000E+00
2,7,2,1,1,2,legacy-reference-retry,2048,17,339, -2.4767481324997273E-02, -5.5592165524151003E-03,  1.9208264772581085E-02, -1.0876716194374580E-15,  4.2199859058567046E-16, -4.9594325888965892E-03,  7.8199999999999797E-04,1,380,0,380,380,0,0, -1.7299899909005748E-01,  2.4130396127985381E-02,  4.2298187525261299E-01,  4.2299999999999999E-01, -1.0000000000000000E+00, -1.0000000000000000E+00
2,7,2,1,1,2,legacy-reference-retry,4096,32,517, -2.4416024983832909E-02, -5.1918486817636592E-03,  1.9224176302067519E-02, -1.7303866672868651E-15,  2.9089144287786084E-16, -3.5280925058119861E-03,  1.9660000000000025E-03,1,1323,0,1323,1323,0,0, -7.5071724173141341E-02,  3.0323215211314043E-02,  4.2299462019666434E-01,  4.2299999999999999E-01, -1.0000000000000000E+00, -1.0000000000000000E+00
2,7,2,1,0,1,legacy-reference-bound,1,1,65, -8.2722400634089410E-01, -7.8879489257430901E-01,  3.8429113766673240E-02,  8.8151708155237429E-14,  8.8262730457699945E-14, -8.2722400634089410E-01,  1.7600000000000254E-04,2,66,0,66,66,0,0, -1.8165393902943257E+00,  1.0005810392823281E-01,  4.2244681408683060E-01,  4.2299999999999999E-01, -1.0000000000000000E+00, -1.0000000000000000E+00
2,7,2,1,1,2,legacy-reference-retry,2,1,144, -4.3112474755989200E-01, -3.9272481253221803E-01,  3.8399935027617405E-02, -5.6565863104651726E-14,  5.6454840802189210E-14, -4.3112474755989200E-01,  2.8799999999999659E-04,2,146,0,146,146,0,0, -1.8541756627173054E+00,  9.6894843132677058E-02,  4.2243011082472870E-01,  4.2299999999999999E-01, -1.0000000000000000E+00, -1.0000000000000000E+00
2,7,2,1,1,2,legacy-reference-retry,4,1,143, -2.3306409422569119E-01, -1.9472348057067410E-01,  3.8340613655037714E-02,  2.0622392682412283E-14,  2.0566881531181025E-14, -2.3306409422569119E-01,  2.6199999999999835E-04,2,145,0,145,145,0,0, -1.9294063425882242E+00,  9.0577604862575836E-02,  4.2239626922877926E-01,  4.2299999999999999E-01, -1.0000000000000000E+00, -1.0000000000000000E+00
2,7,2,1,1,2,legacy-reference-retry,8,1,140, -1.3400615360198745E-01, -9.5787718240812059E-02,  3.8218435361155212E-02, -2.0178303472562220E-14,  1.9942381079829374E-14, -1.3400615360198745E-01,  2.5400000000000422E-04,2,142,0,142,142,0,0, -2.0794945515674113E+00,  7.7989636038757984E-02,  4.2232699460759338E-01,  4.2299999999999999E-01, -1.0000000000000000E+00, -1.0000000000000000E+00
2,7,2,1,1,2,legacy-reference-retry,16,1,136, -8.4402595155534166E-02, -4.6440275974345704E-02,  3.7962319181177762E-02, -1.0699774399824946E-14,  1.0678957718113224E-14, -8.4402595155534166E-02,  2.5499999999999828E-04,2,138,0,138,138,0,0, -2.3767355786678523E+00,  5.3064942633990211E-02,  4.2218321817580995E-01,  4.2299999999999999E-01, -1.0000000000000000E+00, -1.0000000000000000E+00
2,7,2,1,1,2,legacy-reference-retry,32,2,201, -9.1336725804625679E-02, -5.2186860616678120E-02,  3.9149865187950716E-02,  3.1571967262777889E-15,  6.1652072336215724E-15, -5.9394137172540065E-02,  3.9099999999999552E-04,2,214,0,214,214,0,0, -4.4623451164312078E-01,  6.4811364422466683E-02,  4.2292807042834502E-01,  4.2299999999999999E-01, -1.0000000000000000E+00, -1.0000000000000000E+00
2,7,2,1,1,2,legacy-reference-retry,64,2,171, -6.3217210932548229E-02, -2.4195382699816158E-02,  3.9021828232732814E-02,  7.4246164771807344E-16,  1.6740081543176188E-15, -4.6331991953532117E-02,  3.8400000000000239E-04,2,194,0,194,194,0,0, -7.9100174275309254E-01,  4.2493891651151444E-02,  4.2283464270490589E-01,  4.2299999999999999E-01, -1.0000000000000000E+00, -1.0000000000000000E+00
2,7,2,1,1,2,legacy-reference-retry,128,3,218, -5.7660764627322295E-02, -1.8480371400489953E-02,  3.9180393226834642E-02,  2.3002433291452462E-15,  2.2386606457480696E-15, -3.8729222544817185E-02,  4.7599999999999726E-04,2,254,0,254,254,0,0, -3.2062357974894129E-01,  4.1909395347919792E-02,  4.2295552863070485E-01,  4.2299999999999999E-01, -1.0000000000000000E+00, -1.0000000000000000E+00
2,7,2,1,1,2,legacy-reference-retry,256,4,229, -5.0884359015479531E-02, -1.1704096297532539E-02,  3.9180262717946723E-02, -2.6888213877640510E-16,  3.5214886562329184E-16, -3.3486678401118519E-02,  4.5800000000000007E-04,2,255,0,255,255,0,0, -3.1189855724242471E-01,  3.5492444052591055E-02,  4.2295727809245243E-01,  4.2299999999999999E-01, -1.0000000000000000E+00, -1.0000000000000000E+00
2,7,2,1,1,2,legacy-reference-retry,512,6,250, -4.7624671474574200E-02, -8.4287740861391514E-03,  3.9195897388434542E-02, -5.0653925498522767E-16,  2.7300210703185002E-16, -2.9627222555652782E-02,  5.2100000000000063E-04,2,280,0,280,280,0,0, -2.4182775459888642E-01,  3.0937266878863726E-02,  4.2297049514775364E-01,  4.2299999999999999E-01, -1.0000000000000000E+00, -1.0000000000000000E+00
2,7,2,1,1,2,legacy-reference-retry,1024,10,313, -4.6064510216990658E-02, -6.8494959539661410E-03,  3.9215014263023429E-02, -1.0876716194374580E-15,  5.3803532809593158E-16, -2.6885934658259614E-02,  6.6199999999999593E-04,2,371,0,371,371,0,0, -1.4232271506052890E-01,  3.1138872725515420E-02,  4.2298635596028356E-01,  4.2299999999999999E-01, -1.0000000000000000E+00, -1.0000000000000000E+00
2,7,2,1,1,2,legacy-reference-retry,2048,17,339, -4.4767481324997270E-02, -5.5592165524151003E-03,  3.9208264772581103E-02, -1.0668549377257364E-15,  4.2199859058567046E-16, -2.4959432588896588E-02,  7.4500000000000260E-04,2,380,0,380,380,0,0, -1.7299899909005748E-01,  2.4130396127985381E-02,  4.2298187525261299E-01,  4.2299999999999999E-01, -1.0000000000000000E+00, -1.0000000000000000E+00
2,7,2,1,1,2,legacy-reference-retry,4096,32,517, -4.4416024983832909E-02, -5.1918486817636592E-03,  3.9224176302067537E-02, -1.7130394325270970E-15,  2.9089144287786084E-16, -2.3528092505811986E-02,  1.8929999999999919E-03,2,1323,0,1323,1323,0,0, -7.5071724173141341E-02,  3.0323215211314043E-02,  4.2299462019666434E-01,  4.2299999999999999E-01, -1.0000000000000000E+00, -1.0000000000000000E+00
2,7,2,1,0,1,legacy-reference-bound,1,1,65, -8.2722400634089410E-01, -7.8879489257430901E-01,  3.8429113766673240E-02,  8.8151708155237429E-14,  8.8262730457699945E-14, -8.2722400634089410E-01,  1.3299999999999423E-04,3,66,0,66,66,0,0, -1.8165393902943257E+00,  1.0005810392823281E-01,  4.2244681408683060E-01,  4.2299999999999999E-01, -1.0000000000000000E+00, -1.0000000000000000E+00
2,7,2,1,1,2,legacy-reference-retry,2,1,144, -4.3112474755989200E-01, -3.9272481253221803E-01,  3.8399935027617405E-02, -5.6565863104651726E-14,  5.6454840802189210E-14, -4.3112474755989200E-01,  2.6099999999999735E-04,3,146,0,146,146,0,0, -1.8541756627173054E+00,  9.6894843132677058E-02,  4.2243011082472870E-01,  4.2299999999999999E-01, -1.0000000000000000E+00, -1.0000000000000000E+00
2,7,2,1,1,2,legacy-reference-retry,4,1,143, -2.3306409422569119E-01, -1.9472348057067410E-01,  3.8340613655037714E-02,  2.0622392682412283E-14,  2.0566881531181025E-14, -2.3306409422569119E-01,  3.8000000000000533E-04,3,145,0,145,145,0,0, -1.9294063425882242E+00,  9.0577604862575836E-02,  4.2239626922877926E-01,  4.2299999999999999E-01, -1.0000000000000000E+00, -1.0000000000000000E+00
2,7,2,1,1,2,legacy-reference-retry,8,1,140, -1.3400615360198745E-01, -9.5787718240812059E-02,  3.8218435361155212E-02, -2.0178303472562220E-14,  1.9942381079829374E-14, -1.3400615360198745E-01,  2.5900000000000922E-04,3,142,0,142,142,0,0, -2.0794945515674113E+00,  7.7989636038757984E-02,  4.2232699460759338E-01,  4.2299999999999999E-01, -1.0000000000000000E+00, -1.0000000000000000E+00
2,7,2,1,1,2,legacy-reference-retry,16,1,136, -8.4402595155534166E-02, -4.6440275974345704E-02,  3.7962319181177762E-02, -1.0699774399824946E-14,  1.0678957718113224E-14, -8.4402595155534166E-02,  2.5599999999999234E-04,3,138,0,138,138,0,0, -2.3767355786678523E+00,  5.3064942633990211E-02,  4.2218321817580995E-01,  4.2299999999999999E-01, -1.0000000000000000E+00, -1.0000000000000000E+00
2,7,2,1,1,2,legacy-reference-retry,32,2,201, -9.1336725804625679E-02, -5.2186860616678120E-02,  3.9149865187950716E-02,  3.1571967262777889E-15,  6.1652072336215724E-15, -5.9394137172540065E-02,  3.9699999999999458E-04,3,214,0,214,214,0,0, -4.4623451164312078E-01,  6.4811364422466683E-02,  4.2292807042834502E-01,  4.2299999999999999E-01, -1.0000000000000000E+00, -1.0000000000000000E+00
2,7,2,1,1,2,legacy-reference-retry,64,2,171, -6.3217210932548229E-02, -2.4195382699816158E-02,  3.9021828232732814E-02,  7.4246164771807344E-16,  1.6740081543176188E-15, -4.6331991953532117E-02,  3.3800000000000496E-04,3,194,0,194,194,0,0, -7.9100174275309254E-01,  4.2493891651151444E-02,  4.2283464270490589E-01,  4.2299999999999999E-01, -1.0000000000000000E+00, -1.0000000000000000E+00
2,7,2,1,1,2,legacy-reference-retry,128,3,218, -5.7660764627322295E-02, -1.8480371400489953E-02,  3.9180393226834642E-02,  2.3002433291452462E-15,  2.2386606457480696E-15, -3.8729222544817185E-02,  4.5299999999999507E-04,3,254,0,254,254,0,0, -3.2062357974894129E-01,  4.1909395347919792E-02,  4.2295552863070485E-01,  4.2299999999999999E-01, -1.0000000000000000E+00, -1.0000000000000000E+00
2,7,2,1,1,2,legacy-reference-retry,256,5,229, -5.2267616187008904E-02, -1.3103198963024566E-02,  3.9164417223983561E-02, -7.7715611723760958E-16,  7.6067624421582991E-16,  0.0000000000000000E+00,  5.1500000000000157E-04,3,243,11,243,254,0,1, -3.6992110970773229E-01,  3.3636050206710365E-02,  4.2294524397776034E-01,  4.2299999999999999E-01, -1.0000000000000000E+00, -1.0000000000000000E+00
2,7,2,1,1,2,legacy-reference-retry,512,8,250, -4.9059977947471065E-02, -9.8826136234420620E-03,  3.9177364324029185E-02,  1.8214596497756474E-16,  3.1517757154153614E-16,  0.0000000000000000E+00,  5.4699999999999194E-04,3,262,18,262,280,0,1, -3.1338541651419410E-01,  2.8694609916386601E-02,  4.2295698151360339E-01,  4.2299999999999999E-01, -1.0000000000000000E+00, -1.0000000000000000E+00
2,7,2,1,1,2,legacy-reference-retry,1024,14,309, -4.7539428408768694E-02, -8.3370162175264578E-03,  3.9202412191241542E-02, -6.9388939039072284E-16,  2.9804717721626517E-16,  0.0000000000000000E+00,  7.3399999999999854E-04,3,310,32,310,342,0,1, -2.0588372851134448E-01,  2.7099249710099475E-02,  4.2297665325127898E-01,  4.2299999999999999E-01, -1.0000000000000000E+00, -1.0000000000000000E+00
2,7,2,1,1,2,legacy-reference-retry,2048,25,372, -4.6257995287772476E-02, -7.0729918276073540E-03,  3.9185003460164847E-02, -2.7495367094232392E-16,  4.1909834977427174E-16,  0.0000000000000000E+00,  8.3400000000000141E-04,3,342,56,342,398,0,1, -2.7044438476942306E-01,  1.8512281192258884E-02,  4.2296528211220175E-01,  4.2299999999999999E-01, -1.0000000000000000E+00, -1.0000000000000000E+00
2,7,2,1,1,2,legacy-reference-retry,4096,49,630, -4.6199438921883218E-02, -6.9747327017216339E-03,  3.9224706220160499E-02, -1.0850695342234928E-15,  3.1051550219984847E-16,  0.0000000000000000E+00,  2.1189999999999959E-03,3,1270,108,1270,1378,0,1, -6.9907487602443794E-02,  3.1220497346750482E-02,  4.2299515011475741E-01,  4.2299999999999999E-01, -1.0000000000000000E+00, -1.0000000000000000E+00
2,7,3,1,0,1,legacy-reference-bound,1,1,1, -1.1875000000000000E+00, -1.1875000000000000E+00,  0.0000000000000000E+00,  0.0000000000000000E+00,  0.0000000000000000E+00, -1.1875000000000000E+00,  1.0999999999997123E-05,1,2,0,2,2,0,0,  2.0000000000000000E-02,  2.0000000000000000E-02,  4.2299999999999999E-01,  4.2299999999999999E-01, -1.0000000000000000E+00, -1.0000000000000000E+00
2,7,3,1,0,1,legacy-reference-bound,2,2,2, -1.1875000000000000E+00, -1.1875000000000000E+00,  0.0000000000000000E+00,  0.0000000000000000E+00,  0.0000000000000000E+00, -5.9375000000000000E-01,  1.1999999999998123E-05,1,4,0,4,4,0,0,  2.0000000000000000E-02,  2.0000000000000000E-02,  4.2299999999999999E-01,  4.2299999999999999E-01,  0.0000000000000000E+00,  0.0000000000000000E+00
2,7,3,1,0,1,legacy-reference-bound,4,4,4, -1.1875000000000000E+00, -1.1875000000000000E+00,  0.0000000000000000E+00,  0.0000000000000000E+00,  0.0000000000000000E+00, -2.9687500000000000E-01,  2.0999999999993246E-05,1,8,0,8,8,0,0,  2.0000000000000000E-02,  2.0000000000000000E-02,  4.2299999999999999E-01,  4.2299999999999999E-01,  0.0000000000000000E+00,  0.0000000000000000E+00
2,7,3,1,0,1,legacy-reference-bound,8,8,8, -1.1875000000000000E+00, -1.1875000000000000E+00,  0.0000000000000000E+00,  0.0000000000000000E+00,  0.0000000000000000E+00, -1.4843750000000000E-01,  7.1000000000001617E-05,1,16,0,16,16,0,0,  2.0000000000000000E-02,  2.0000000000000000E-02,  4.2299999999999999E-01,  4.2299999999999999E-01,  0.0000000000000000E+00,  0.0000000000000000E+00
2,7,3,1,0,1,legacy-reference-bound,16,16,16, -1.1875000000000000E+00, -1.1875000000000000E+00,  0.0000000000000000E+00,  0.0000000000000000E+00,  0.0000000000000000E+00, -7.4218750000000000E-02,  7.4000000000004618E-05,1,32,0,32,32,0,0,  2.0000000000000000E-02,  2.0000000000000000E-02,  4.2299999999999999E-01,  4.2299999999999999E-01,  0.0000000000000000E+00,  0.0000000000000000E+00
2,7,3,1,0,1,legacy-reference-bound,32,32,32, -1.1875000000000000E+00, -1.1875000000000000E+00,  0.0000000000000000E+00,  0.0000000000000000E+00,  0.0000000000000000E+00, -3.7109375000000000E-02,  1.4399999999999136E-04,1,64,0,64,64,0,0,  2.0000000000000000E-02,  2.0000000000000000E-02,  4.2299999999999999E-01,  4.2299999999999999E-01,  0.0000000000000000E+00,  0.0000000000000000E+00
2,7,3,1,0,1,legacy-reference-bound,64,64,64, -1.1875000000000000E+00, -1.1875000000000000E+00,  0.0000000000000000E+00,  0.0000000000000000E+00,  0.0000000000000000E+00, -1.8554687500000000E-02,  2.8599999999999459E-04,1,128,0,128,128,0,0,  2.0000000000000000E-02,  2.0000000000000000E-02,  4.2299999999999999E-01,  4.2299999999999999E-01,  0.0000000000000000E+00,  0.0000000000000000E+00
2,7,3,1,0,1,legacy-reference-bound,128,128,128, -1.1875000000000000E+00, -1.1875000000000000E+00,  0.0000000000000000E+00,  0.0000000000000000E+00,  0.0000000000000000E+00, -9.2773437500000000E-03,  5.8899999999999231E-04,1,256,0,256,256,0,0,  2.0000000000000000E-02,  2.0000000000000000E-02,  4.2299999999999999E-01,  4.2299999999999999E-01,  0.0000000000000000E+00,  0.0000000000000000E+00
2,7,3,1,0,1,legacy-reference-bound,256,256,256, -1.1875000000000000E+00, -1.1875000000000000E+00,  0.0000000000000000E+00,  0.0000000000000000E+00,  0.0000000000000000E+00, -4.6386718750000000E-03,  1.1560000000000042E-03,1,512,0,512,512,0,0,  2.0000000000000000E-02,  2.0000000000000000E-02,  4.2299999999999999E-01,  4.2299999999999999E-01,  0.0000000000000000E+00,  0.0000000000000000E+00
2,7,3,1,0,1,legacy-reference-bound,512,512,512, -1.1875000000000000E+00, -1.1875000000000000E+00,  0.0000000000000000E+00,  0.0000000000000000E+00,  0.0000000000000000E+00, -2.3193359375000000E-03,  2.3659999999999931E-03,1,1024,0,1024,1024,0,0,  2.0000000000000000E-02,  2.0000000000000000E-02,  4.2299999999999999E-01,  4.2299999999999999E-01,  0.0000000000000000E+00,  0.0000000000000000E+00
2,7,3,1,0,1,legacy-reference-bound,1024,1024,1024, -1.1875000000000000E+00, -1.1875000000000000E+00,  0.0000000000000000E+00,  0.0000000000000000E+00,  0.0000000000000000E+00, -1.1596679687500000E-03,  4.7659999999999925E-03,1,2048,0,2048,2048,0,0,  2.0000000000000000E-02,  2.0000000000000000E-02,  4.2299999999999999E-01,  4.2299999999999999E-01,  0.0000000000000000E+00,  0.0000000000000000E+00
2,7,3,1,0,1,legacy-reference-bound,2048,2048,2048, -1.1875000000000000E+00, -1.1875000000000000E+00,  0.0000000000000000E+00,  0.0000000000000000E+00,  0.0000000000000000E+00, -5.7983398437500000E-04,  9.9619999999999986E-03,1,4096,0,4096,4096,0,0,  2.0000000000000000E-02,  2.0000000000000000E-02,  4.2299999999999999E-01,  4.2299999999999999E-01,  0.0000000000000000E+00,  0.0000000000000000E+00
2,7,3,1,0,1,legacy-reference-bound,4096,4096,4096, -1.1875000000000000E+00, -1.1875000000000000E+00,  0.0000000000000000E+00,  0.0000000000000000E+00,  0.0000000000000000E+00, -2.8991699218750000E-04,  2.6602000000000001E-02,1,8192,0,8192,8192,0,0,  2.0000000000000000E-02,  2.0000000000000000E-02,  4.2299999999999999E-01,  4.2299999999999999E-01,  0.0000000000000000E+00,  0.0000000000000000E+00
2,7,3,1,0,1,legacy-reference-bound,1,1,1, -1.2075000000000000E+00, -1.1875000000000000E+00,  2.0000000000000018E-02,  0.0000000000000000E+00,  0.0000000000000000E+00, -1.2075000000000000E+00,  2.2999999999995246E-05,2,2,0,2,2,0,0,  2.0000000000000000E-02,  2.0000000000000000E-02,  4.2299999999999999E-01,  4.2299999999999999E-01, -1.0000000000000000E+00, -1.0000000000000000E+00
2,7,3,1,0,1,legacy-reference-bound,2,2,2, -1.2075000000000000E+00, -1.1875000000000000E+00,  2.0000000000000018E-02,  0.0000000000000000E+00,  0.0000000000000000E+00, -6.1375000000000002E-01,  2.3999999999996247E-05,2,4,0,4,4,0,0,  2.0000000000000000E-02,  2.0000000000000000E-02,  4.2299999999999999E-01,  4.2299999999999999E-01,  0.0000000000000000E+00,  0.0000000000000000E+00
2,7,3,1,0,1,legacy-reference-bound,4,4,4, -1.2075000000000000E+00, -1.1875000000000000E+00,  2.0000000000000018E-02,  0.0000000000000000E+00,  0.0000000000000000E+00, -3.1687500000000002E-01,  3.9999999999998370E-05,2,8,0,8,8,0,0,  2.0000000000000000E-02,  2.0000000000000000E-02,  4.2299999999999999E-01,  4.2299999999999999E-01,  0.0000000000000000E+00,  0.0000000000000000E+00
2,7,3,1,0,1,legacy-reference-bound,8,8,8, -1.2075000000000000E+00, -1.1875000000000000E+00,  2.0000000000000018E-02,  0.0000000000000000E+00,  0.0000000000000000E+00, -1.6843749999999999E-01,  7.3000000000003618E-05,2,16,0,16,16,0,0,  2.0000000000000000E-02,  2.0000000000000000E-02,  4.2299999999999999E-01,  4.2299999999999999E-01,  0.0000000000000000E+00,  0.0000000000000000E+00
2,7,3,1,0,1,legacy-reference-bound,16,16,16, -1.2075000000000000E+00, -1.1875000000000000E+00,  2.0000000000000018E-02,  0.0000000000000000E+00,  0.0000000000000000E+00, -9.4218750000000004E-02,  1.2000000000000899E-04,2,32,0,32,32,0,0,  2.0000000000000000E-02,  2.0000000000000000E-02,  4.2299999999999999E-01,  4.2299999999999999E-01,  0.0000000000000000E+00,  0.0000000000000000E+00
2,7,3,1,0,1,legacy-reference-bound,32,32,32, -1.2075000000000000E+00, -1.1875000000000000E+00,  2.0000000000000018E-02,  0.0000000000000000E+00,  0.0000000000000000E+00, -5.7109375000000004E-02,  2.1999999999999797E-04,2,64,0,64,64,0,0,  2.0000000000000000E-02,  2.0000000000000000E-02,  4.2299999999999999E-01,  4.2299999999999999E-01,  0.0000000000000000E+00,  0.0000000000000000E+00
2,7,3,1,0,1,legacy-reference-bound,64,64,64, -1.2075000000000000E+00, -1.1875000000000000E+00,  2.0000000000000018E-02,  0.0000000000000000E+00,  0.0000000000000000E+00, -3.8554687500000004E-02,  5.2299999999999569E-04,2,128,0,128,128,0,0,  2.0000000000000000E-02,  2.0000000000000000E-02,  4.2299999999999999E-01,  4.2299999999999999E-01,  0.0000000000000000E+00,  0.0000000000000000E+00
2,7,3,1,0,1,legacy-reference-bound,128,128,128, -1.2075000000000000E+00, -1.1875000000000000E+00,  2.0000000000000018E-02,  0.0000000000000000E+00,  0.0000000000000000E+00, -2.9277343750000000E-02,  1.0499999999999954E-03,2,256,0,256,256,0,0,  2.0000000000000000E-02,  2.0000000000000000E-02,  4.2299999999999999E-01,  4.2299999999999999E-01,  0.0000000000000000E+00,  0.0000000000000000E+00
2,7,3,1,0,1,legacy-reference-bound,256,256,256, -1.2075000000000000E+00, -1.1875000000000000E+00,  2.0000000000000018E-02,  0.0000000000000000E+00,  0.0000000000000000E+00, -2.4638671875000000E-02,  2.0400000000000001E-03,2,512,0,512,512,0,0,  2.0000000000000000E-02,  2.0000000000000000E-02,  4.2299999999999999E-01,  4.2299999999999999E-01,  0.0000000000000000E+00,  0.0000000000000000E+00
2,7,3,1,0,1,legacy-reference-bound,512,512,512, -1.2075000000000000E+00, -1.1875000000000000E+00,  2.0000000000000018E-02,  0.0000000000000000E+00,  0.0000000000000000E+00, -2.2319335937500000E-02,  4.0789999999999993E-03,2,1024,0,1024,1024,0,0,  2.0000000000000000E-02,  2.0000000000000000E-02,  4.2299999999999999E-01,  4.2299999999999999E-01,  0.0000000000000000E+00,  0.0000000000000000E+00
2,7,3,1,0,1,legacy-reference-bound,1024,1024,1024, -1.2075000000000000E+00, -1.1875000000000000E+00,  2.0000000000000018E-02,  0.0000000000000000E+00,  0.0000000000000000E+00, -2.1159667968750000E-02,  7.6819999999999944E-03,2,2048,0,2048,2048,0,0,  2.0000000000000000E-02,  2.0000000000000000E-02,  4.2299999999999999E-01,  4.2299999999999999E-01,  0.0000000000000000E+00,  0.0000000000000000E+00
2,7,3,1,0,1,legacy-reference-bound,2048,2048,2048, -1.2075000000000000E+00, -1.1875000000000000E+00,  2.0000000000000018E-02,  0.0000000000000000E+00,  0.0000000000000000E+00, -2.0579833984375000E-02,  1.5904999999999975E-02,2,4096,0,4096,4096,0,0,  2.0000000000000000E-02,  2.0000000000000000E-02,  4.2299999999999999E-01,  4.2299999999999999E-01,  0.0000000000000000E+00,  0.0000000000000000E+00
2,7,3,1,0,1,legacy-reference-bound,4096,4096,4096, -1.2075000000000000E+00, -1.1875000000000000E+00,  2.0000000000000018E-02,  0.0000000000000000E+00,  0.0000000000000000E+00, -2.0289916992187500E-02,  2.5258000000000003E-02,2,8192,0,8192,8192,0,0,  2.0000000000000000E-02,  2.0000000000000000E-02,  4.2299999999999999E-01,  4.2299999999999999E-01,  0.0000000000000000E+00,  0.0000000000000000E+00
2,7,3,1,0,1,legacy-reference-bound,1,1,1, -1.2075000000000000E+00, -1.1875000000000000E+00,  2.0000000000000018E-02,  0.0000000000000000E+00,  0.0000000000000000E+00, -1.2075000000000000E+00,  1.5000000000015001E-05,3,2,0,2,2,0,0,  2.0000000000000000E-02,  2.0000000000000000E-02,  4.2299999999999999E-01,  4.2299999999999999E-01, -1.0000000000000000E+00, -1.0000000000000000E+00
2,7,3,1,0,1,legacy-reference-bound,2,2,2, -1.2075000000000000E+00, -1.1875000000000000E+00,  2.0000000000000018E-02,  0.0000000000000000E+00,  0.0000000000000000E+00, -6.1375000000000002E-01,  1.1999999999984245E-05,3,4,0,4,4,0,0,  2.0000000000000000E-02,  2.0000000000000000E-02,  4.2299999999999999E-01,  4.2299999999999999E-01,  0.0000000000000000E+00,  0.0000000000000000E+00
2,7,3,1,0,1,legacy-reference-bound,4,4,4, -1.2075000000000000E+00, -1.1875000000000000E+00,  2.0000000000000018E-02,  0.0000000000000000E+00,  0.0000000000000000E+00, -3.1687500000000002E-01,  2.2999999999995246E-05,3,8,0,8,8,0,0,  2.0000000000000000E-02,  2.0000000000000000E-02,  4.2299999999999999E-01,  4.2299999999999999E-01,  0.0000000000000000E+00,  0.0000000000000000E+00
2,7,3,1,0,1,legacy-reference-bound,8,8,8, -1.2075000000000000E+00, -1.1875000000000000E+00,  2.0000000000000018E-02,  0.0000000000000000E+00,  0.0000000000000000E+00, -1.6843749999999999E-01,  3.8000000000010248E-05,3,16,0,16,16,0,0,  2.0000000000000000E-02,  2.0000000000000000E-02,  4.2299999999999999E-01,  4.2299999999999999E-01,  0.0000000000000000E+00,  0.0000000000000000E+00
2,7,3,1,0,1,legacy-reference-bound,16,16,16, -1.2075000000000000E+00, -1.1875000000000000E+00,  2.0000000000000018E-02,  0.0000000000000000E+00,  0.0000000000000000E+00, -9.4218750000000004E-02,  7.3999999999990740E-05,3,32,0,32,32,0,0,  2.0000000000000000E-02,  2.0000000000000000E-02,  4.2299999999999999E-01,  4.2299999999999999E-01,  0.0000000000000000E+00,  0.0000000000000000E+00
2,7,3,1,0,1,legacy-reference-bound,32,32,32, -1.2075000000000000E+00, -1.1875000000000000E+00,  2.0000000000000018E-02,  0.0000000000000000E+00,  0.0000000000000000E+00, -5.7109375000000004E-02,  1.4500000000000624E-04,3,64,0,64,64,0,0,  2.0000000000000000E-02,  2.0000000000000000E-02,  4.2299999999999999E-01,  4.2299999999999999E-01,  0.0000000000000000E+00,  0.0000000000000000E+00
2,7,3,1,0,1,legacy-reference-bound,64,64,64, -1.2075000000000000E+00, -1.1875000000000000E+00,  2.0000000000000018E-02,  0.0000000000000000E+00,  0.0000000000000000E+00, -3.8554687500000004E-02,  2.8800000000001047E-04,3,128,0,128,128,0,0,  2.0000000000000000E-02,  2.0000000000000000E-02,  4.2299999999999999E-01,  4.2299999999999999E-01,  0.0000000000000000E+00,  0.0000000000000000E+00
2,7,3,1,0,1,legacy-reference-bound,128,128,128, -1.2075000000000000E+00, -1.1875000000000000E+00,  2.0000000000000018E-02,  0.0000000000000000E+00,  0.0000000000000000E+00, -2.9277343750000000E-02,  5.8700000000000419E-04,3,256,0,256,256,0,0,  2.0000000000000000E-02,  2.0000000000000000E-02,  4.2299999999999999E-01,  4.2299999999999999E-01,  0.0000000000000000E+00,  0.0000000000000000E+00
2,7,3,1,1,2,legacy-reference-retry,256,0,80,  0.0000000000000000E+00,  0.0000000000000000E+00,  0.0000000000000000E+00,  0.0000000000000000E+00,  0.0000000000000000E+00,  0.0000000000000000E+00,  1.4649999999999941E-03,3,0,1150,0,1150,0,0,  2.0000000000000000E-02,  2.0000000000000000E-02,  4.2299999999999999E-01,  4.2299999999999999E-01, -1.0000000000000000E+00, -1.0000000000000000E+00
2,7,3,1,1,2,legacy-reference-retry,512,5,261, -2.8414617794433866E-02, -8.4458615201150871E-03,  1.9968756274317601E-02, -1.1778772401882520E-15,  8.2789677890993119E-16,  0.0000000000000000E+00,  5.5199999999999694E-04,3,229,78,229,307,0,1, -2.2832531534774173E-01,  3.1868595179621255E-02,  4.2297286100957499E-01,  4.2299999999999999E-01, -1.0000000000000000E+00, -1.0000000000000000E+00
2,7,3,1,1,2,legacy-reference-retry,1024,8,263, -2.6521148199152755E-02, -6.5881006312609701E-03,  1.9933047567891604E-02, -1.8041124150158794E-16,  2.8495543598350270E-16,  0.0000000000000000E+00,  8.5099999999999065E-04,3,187,90,187,277,0,1, -3.5136003505196312E-01,  2.0205685428700621E-02,  4.2294919434834899E-01,  4.2299999999999999E-01, -1.0000000000000000E+00, -1.0000000000000000E+00
2,7,3,1,1,2,legacy-reference-retry,2048,15,331, -2.4902241766557840E-02, -6.1893907374287512E-03,  1.8712851029128563E-02, -5.2562121322097255E-16,  2.0807194942712437E-16,  0.0000000000000000E+00,  1.1779999999999846E-03,3,224,125,224,349,0,1, -2.4124868927236393E-01,  1.9192061260756000E-02,  4.2297059787190339E-01,  4.2299999999999999E-01, -1.0000000000000000E+00, -1.0000000000000000E+00
2,7,3,1,1,2,legacy-reference-retry,4096,29,458, -2.4105927413301999E-02, -5.9984682835047811E-03,  1.8107459129796055E-02, -1.1631320906424492E-15,  1.8241023925710809E-16,  0.0000000000000000E+00,  1.2199999999999989E-03,3,287,201,287,488,0,1, -1.5034187006857030E-01,  1.9804448952093448E-02,  4.2298522329278399E-01,  4.2299999999999999E-01, -1.0000000000000000E+00, -1.0000000000000000E+00
2,2,1,1,0,1,legacy-reference-bound,1,1,60, -3.2073157165419963E-01, -1.3814059840923806E-02,  3.0691751181327587E-01,  4.1633363423443370E-17,  9.7144514654701197E-17, -3.2073157165419963E-01,  1.2300000000001199E-04,1,61,0,61,61,0,0, -2.6020663549833912E+01,  2.0247756386227375E-01,  3.9959315413326202E-01,  4.2299999999999999E-01, -1.0000000000000000E+00, -1.0000000000000000E+00
2,2,1,1,0,1,legacy-reference-bound,2,2,122, -3.6264364031788915E-01, -1.3814059840923806E-02,  3.4882958047696522E-01, -1.2490009027033011E-16,  6.2450045135165055E-17, -2.7617909431873888E-01,  2.8300000000000547E-04,1,124,0,124,124,0,0,  2.3359387536877882E-01,  1.1068132238447363E+00,  4.2299999999999999E-01,  4.2299999999999999E-01,  4.1912068663689378E-02,  2.7127476773678648E+01
2,2,1,1,0,1,legacy-reference-bound,4,4,156, -3.6264364031788909E-01, -1.3814059840923806E-02,  3.4882958047696522E-01, -6.9388939039072284E-17,  1.7347234759768071E-17, -2.2605119137687363E-01,  4.6399999999999220E-04,1,160,0,160,160,0,0,  2.6709177687559499E-01,  2.4909177687559501E+00,  4.2299999999999999E-01,  4.2299999999999999E-01,  0.0000000000000000E+00,  1.3841045449112137E+00
2,2,1,1,0,1,legacy-reference-bound,8,8,181, -3.6264364031788887E-01, -1.3814059840923806E-02,  3.4882958047696522E-01,  1.5265566588595902E-16,  1.0234868508263162E-16, -1.7806207892612669E-01,  4.0600000000001746E-04,1,189,0,189,189,0,0,  2.6709177687559499E-01,  2.4909177687559501E+00,  4.2299999999999999E-01,  4.2299999999999999E-01,  0.0000000000000000E+00,  0.0000000000000000E+00
2,2,1,1,0,1,legacy-reference-bound,16,16,199, -3.6264364031788854E-01, -1.3814059840923810E-02,  3.4882958047696522E-01,  4.8919202022545960E-16,  1.8301332671555315E-16, -1.3848480807730509E-01,  4.3899999999999495E-04,1,215,0,215,215,0,0,  2.6709177687559499E-01,  2.4909177687559501E+00,  4.2299999999999999E-01,  4.2299999999999999E-01,  0.0000000000000000E+00,  0.0000000000000000E+00
2,2,1,1,0,1,legacy-reference-bound,32,32,220, -3.6264364031789692E-01, -1.3814059840923815E-02,  3.4882958047696522E-01, -7.8877876452665419E-15,  8.1102659310605674E-15, -1.0934189864558642E-01,  4.8500000000001320E-04,1,252,0,252,252,0,0,  2.6709177687559499E-01,  2.4909177687559501E+00,  4.2299999999999999E-01,  4.2299999999999999E-01,  0.0000000000000000E+00,  0.0000000000000000E+00
2,2,1,1,0,1,legacy-reference-bound,64,64,265, -3.6264364031790075E-01, -1.3814059840923794E-02,  3.4882958047696522E-01, -1.1738873761935054E-14,  5.3006644212816312E-15, -8.9388536540383159E-02,  7.0300000000000917E-04,1,329,0,329,329,0,0,  2.6709177687559499E-01,  2.4909177687559501E+00,  4.2299999999999999E-01,  4.2299999999999999E-01,  0.0000000000000000E+00,  0.0000000000000000E+00
2,2,1,1,0,1,legacy-reference-bound,128,128,339, -3.6264364031789881E-01, -1.3814059840923780E-02,  3.4882958047696522E-01, -9.8098612566488441E-15,  6.1232486095463834E-15, -7.6207083058967062E-02,  1.0459999999999914E-03,1,467,0,467,467,0,0,  2.6709177687559499E-01,  2.4909177687559501E+00,  4.2299999999999999E-01,  4.2299999999999999E-01,  0.0000000000000000E+00,  0.0000000000000000E+00
2,2,1,1,0,1,legacy-reference-bound,256,256,499, -3.6264364031790175E-01, -1.3814059840923773E-02,  3.4882958047696522E-01, -1.2758891165809416E-14,  3.3860175947808546E-15, -6.7423917586434734E-02,  1.7840000000000078E-03,1,755,0,755,755,0,0,  2.6709177687559499E-01,  2.4909177687559501E+00,  4.2299999999999999E-01,  4.2299999999999999E-01,  0.0000000000000000E+00,  0.0000000000000000E+00
2,2,1,1,0,1,legacy-reference-bound,512,512,834, -3.6264364031789209E-01, -1.3814059840923962E-02,  3.4882958047696522E-01, -2.9108659926890823E-15,  5.2517940083568471E-15, -6.0711651227757402E-02,  2.9470000000000052E-03,1,1346,0,1346,1346,0,0,  2.6709177687559499E-01,  2.4909177687559501E+00,  4.2299999999999999E-01,  4.2299999999999999E-01,  0.0000000000000000E+00,  0.0000000000000000E+00
2,2,1,1,0,1,legacy-reference-bound,1024,1024,1493, -3.6264364031789359E-01, -1.3814059840923701E-02,  3.4882958047696522E-01, -4.6716103208055415E-15,  6.2540711541839156E-15, -5.3390711665672434E-02,  5.8249999999999968E-03,1,2517,0,2517,2517,0,0,  2.6709177687559499E-01,  2.4909177687559501E+00,  4.2299999999999999E-01,  4.2299999999999999E-01,  0.0000000000000000E+00,  0.0000000000000000E+00
2,2,1,1,0,1,legacy-reference-bound,2048,2048,2812, -3.6264364031789315E-01, -1.3814059840924282E-02,  3.4882958047696522E-01, -3.6463887465032485E-15,  2.4619859644893494E-15, -4.3545520937578935E-02,  1.1106000000000005E-02,1,4860,0,4860,4860,0,0,  2.6709177687559499E-01,  2.4909177687559501E+00,  4.2299999999999999E-01,  4.2299999999999999E-01,  0.0000000000000000E+00,  0.0000000000000000E+00
2,2,1,1,0,1,legacy-reference-bound,4096,4096,5423, -3.6264364031799623E-01, -1.3814059840924689E-02,  3.4882958047696522E-01, -1.0632293656609448E-13,  6.4389750584377403E-16, -3.2145439490135402E-02,  2.1934000000000009E-02,1,9519,0,9519,9519,0,0,  2.6709177687559499E-01,  2.4909177687559501E+00,  4.2299999999999999E-01,  4.2299999999999999E-01,  0.0000000000000000E+00,  0.0000000000000000E+00
2,2,1,1,0,1,legacy-reference-bound,1,1,60, -3.4073157165419965E-01, -1.3814059840923806E-02,  3.2691751181327589E-01,  4.1633363423443370E-17,  9.7144514654701197E-17, -3.4073157165419965E-01,  1.2800000000001699E-04,2,61,0,61,61,0,0, -2.6020663549833912E+01,  2.0247756386227375E-01,  3.9959315413326202E-01,  4.2299999999999999E-01, -1.0000000000000000E+00, -1.0000000000000000E+00
2,2,1,1,0,1,legacy-reference-bound,2,2,122, -3.8264364031788917E-01, -1.3814059840923806E-02,  3.6882958047696524E-01, -1.2490009027033011E-16,  6.2450045135165055E-17, -2.9617909431873890E-01,  2.1999999999999797E-04,2,124,0,124,124,0,0,  2.3359387536877882E-01,  1.1068132238447363E+00,  4.2299999999999999E-01,  4.2299999999999999E-01,  4.1912068663689378E-02,  2.7127476773678648E+01
2,2,1,1,0,1,legacy-reference-bound,4,4,156, -3.8264364031788906E-01, -1.3814059840923806E-02,  3.6882958047696524E-01, -1.3877787807814457E-17,  1.7347234759768071E-17, -2.4605119137687362E-01,  3.1400000000000872E-04,2,160,0,160,160,0,0,  2.6709177687559499E-01,  2.4909177687559501E+00,  4.2299999999999999E-01,  4.2299999999999999E-01,  0.0000000000000000E+00,  1.3841045449112137E+00
2,2,1,1,0,1,legacy-reference-bound,8,8,181, -3.8264364031788889E-01, -1.3814059840923806E-02,  3.6882958047696524E-01,  1.5265566588595902E-16,  1.0234868508263162E-16, -1.9806207892612668E-01,  3.5600000000002296E-04,2,189,0,189,189,0,0,  2.6709177687559499E-01,  2.4909177687559501E+00,  4.2299999999999999E-01,  4.2299999999999999E-01,  0.0000000000000000E+00,  0.0000000000000000E+00
2,2,1,1,0,1,legacy-reference-bound,16,16,199, -3.8264364031788850E-01, -1.3814059840923810E-02,  3.6882958047696524E-01,  5.4470317145671743E-16,  1.8301332671555315E-16, -1.5848480807730508E-01,  4.2400000000000770E-04,2,215,0,215,215,0,0,  2.6709177687559499E-01,  2.4909177687559501E+00,  4.2299999999999999E-01,  4.2299999999999999E-01,  0.0000000000000000E+00,  0.0000000000000000E+00
2,2,1,1,0,1,legacy-reference-bound,32,32,220, -3.8264364031789694E-01, -1.3814059840923815E-02,  3.6882958047696524E-01, -7.8877876452665419E-15,  8.1102659310605674E-15, -1.2934189864558643E-01,  7.4299999999999367E-04,2,252,0,252,252,0,0,  2.6709177687559499E-01,  2.4909177687559501E+00,  4.2299999999999999E-01,  4.2299999999999999E-01,  0.0000000000000000E+00,  0.0000000000000000E+00
2,2,1,1,0,1,legacy-reference-bound,64,64,265, -3.8264364031790077E-01, -1.3814059840923794E-02,  3.6882958047696524E-01, -1.1738873761935054E-14,  5.3006644212816312E-15, -1.0938853654038316E-01,  6.8999999999999617E-04,2,329,0,329,329,0,0,  2.6709177687559499E-01,  2.4909177687559501E+00,  4.2299999999999999E-01,  4.2299999999999999E-01,  0.0000000000000000E+00,  0.0000000000000000E+00
2,2,1,1,0,1,legacy-reference-bound,128,128,339, -3.8264364031789883E-01, -1.3814059840923780E-02,  3.6882958047696524E-01, -9.8098612566488441E-15,  6.1232486095463834E-15, -9.6207083058967066E-02,  1.0960000000000136E-03,2,467,0,467,467,0,0,  2.6709177687559499E-01,  2.4909177687559501E+00,  4.2299999999999999E-01,  4.2299999999999999E-01,  0.0000000000000000E+00,  0.0000000000000000E+00
2,2,1,1,0,1,legacy-reference-bound,256,256,499, -3.8264364031790177E-01, -1.3814059840923773E-02,  3.6882958047696524E-01, -1.2758891165809416E-14,  3.3860175947808546E-15, -8.7423917586434738E-02,  1.6459999999999808E-03,2,755,0,755,755,0,0,  2.6709177687559499E-01,  2.4909177687559501E+00,  4.2299999999999999E-01,  4.2299999999999999E-01,  0.0000000000000000E+00,  0.0000000000000000E+00
2,2,1,1,0,1,legacy-reference-bound,512,512,834, -3.8264364031789211E-01, -1.3814059840923962E-02,  3.6882958047696524E-01, -2.9108659926890823E-15,  5.2517940083568471E-15, -8.0711651227757406E-02,  3.2379999999999909E-03,2,1346,0,1346,1346,0,0,  2.6709177687559499E-01,  2.4909177687559501E+00,  4.2299999999999999E-01,  4.2299999999999999E-01,  0.0000000000000000E+00,  0.0000000000000000E+00
2,2,1,1,0,1,legacy-reference-bound,1024,1024,1493, -3.8264364031789355E-01, -1.3814059840923701E-02,  3.6882958047696524E-01, -4.6160991695742837E-15,  6.2540711541839156E-15, -7.3390711665672431E-02,  5.7779999999999776E-03,2,2517,0,2517,2517,0,0,  2.6709177687559499E-01,  2.4909177687559501E+00,  4.2299999999999999E-01,  4.2299999999999999E-01,  0.0000000000000000E+00,  0.0000000000000000E+00
2,2,1,1,0,1,legacy-reference-bound,2048,2048,2812, -3.8264364031789311E-01, -1.3814059840924282E-02,  3.6882958047696524E-01, -3.5908775952719907E-15,  2.4619859644893494E-15, -6.3545520937578939E-02,  1.1920999999999959E-02,2,4860,0,4860,4860,0,0,  2.6709177687559499E-01,  2.4909177687559501E+00,  4.2299999999999999E-01,  4.2299999999999999E-01,  0.0000000000000000E+00,  0.0000000000000000E+00
2,2,1,1,0,1,legacy-reference-bound,4096,4096,5423, -3.8264364031799619E-01, -1.3814059840924689E-02,  3.6882958047696524E-01, -1.0626742541486323E-13,  6.4389750584377403E-16, -5.2145439490135406E-02,  2.2576999999999958E-02,2,9519,0,9519,9519,0,0,  2.6709177687559499E-01,  2.4909177687559501E+00,  4.2299999999999999E-01,  4.2299999999999999E-01,  0.0000000000000000E+00,  0.0000000000000000E+00
2,2,1,1,0,1,legacy-reference-bound,1,1,60, -3.4073157165419965E-01, -1.3814059840923806E-02,  3.2691751181327589E-01,  4.1633363423443370E-17,  9.7144514654701197E-17, -3.4073157165419965E-01,  1.2899999999999023E-04,3,61,0,61,61,0,0, -2.6020663549833912E+01,  2.0247756386227375E-01,  3.9959315413326202E-01,  4.2299999999999999E-01, -1.0000000000000000E+00, -1.0000000000000000E+00
2,2,1,1,0,1,legacy-reference-bound,2,2,122, -3.8264364031788917E-01, -1.3814059840923806E-02,  3.6882958047696524E-01, -1.2490009027033011E-16,  6.2450045135165055E-17, -2.9617909431873890E-01,  2.5499999999994971E-04,3,124,0,124,124,0,0,  2.3359387536877882E-01,  1.1068132238447363E+00,  4.2299999999999999E-01,  4.2299999999999999E-01,  4.1912068663689378E-02,  2.7127476773678648E+01
2,2,1,1,0,1,legacy-reference-bound,4,4,156, -3.8264364031788906E-01, -1.3814059840923806E-02,  3.6882958047696524E-01, -1.3877787807814457E-17,  1.7347234759768071E-17, -2.4605119137687362E-01,  2.8099999999997571E-04,3,160,0,160,160,0,0,  2.6709177687559499E-01,  2.4909177687559501E+00,  4.2299999999999999E-01,  4.2299999999999999E-01,  0.0000000000000000E+00,  1.3841045449112137E+00
2,2,1,1,0,1,legacy-reference-bound,8,8,181, -3.8264364031788889E-01, -1.3814059840923806E-02,  3.6882958047696524E-01,  1.5265566588595902E-16,  1.0234868508263162E-16, -1.9806207892612668E-01,  3.3600000000000296E-04,3,189,0,189,189,0,0,  2.6709177687559499E-01,  2.4909177687559501E+00,  4.2299999999999999E-01,  4.2299999999999999E-01,  0.0000000000000000E+00,  0.0000000000000000E+00
2,2,1,1,0,1,legacy-reference-bound,16,16,199, -3.8264364031788850E-01, -1.3814059840923810E-02,  3.6882958047696524E-01,  5.4470317145671743E-16,  1.8301332671555315E-16, -1.5848480807730508E-01,  4.1299999999999670E-04,3,215,0,215,215,0,0,  2.6709177687559499E-01,  2.4909177687559501E+00,  4.2299999999999999E-01,  4.2299999999999999E-01,  0.0000000000000000E+00,  0.0000000000000000E+00
2,2,1,1,0,1,legacy-reference-bound,32,32,220, -3.8264364031789694E-01, -1.3814059840923815E-02,  3.6882958047696524E-01, -7.8877876452665419E-15,  8.1102659310605674E-15, -1.2934189864558643E-01,  5.6099999999997818E-04,3,252,0,252,252,0,0,  2.6709177687559499E-01,  2.4909177687559501E+00,  4.2299999999999999E-01,  4.2299999999999999E-01,  0.0000000000000000E+00,  0.0000000000000000E+00
2,2,1,1,0,1,legacy-reference-bound,64,64,265, -3.8264364031790077E-01, -1.3814059840923794E-02,  3.6882958047696524E-01, -1.1738873761935054E-14,  5.3006644212816312E-15, -1.0938853654038316E-01,  6.9700000000000317E-04,3,329,0,329,329,0,0,  2.6709177687559499E-01,  2.4909177687559501E+00,  4.2299999999999999E-01,  4.2299999999999999E-01,  0.0000000000000000E+00,  0.0000000000000000E+00
2,2,1,1,0,1,legacy-reference-bound,128,128,339, -3.8264364031789883E-01, -1.3814059840923780E-02,  3.6882958047696524E-01, -9.8098612566488441E-15,  6.1232486095463834E-15, -9.6207083058967066E-02,  1.0680000000000134E-03,3,467,0,467,467,0,0,  2.6709177687559499E-01,  2.4909177687559501E+00,  4.2299999999999999E-01,  4.2299999999999999E-01,  0.0000000000000000E+00,  0.0000000000000000E+00
2,2,1,1,0,1,legacy-reference-bound,256,256,501, -3.8264364031790127E-01, -1.3814059840923773E-02,  3.6882958047696524E-01, -1.2259290804728096E-14,  3.1136660090524959E-15,  0.0000000000000000E+00,  1.7129999999999646E-03,3,753,4,753,757,0,1,  2.6709177687559499E-01,  2.4909177687559501E+00,  4.2299999999999999E-01,  4.2299999999999999E-01,  0.0000000000000000E+00,  0.0000000000000000E+00
2,2,1,1,0,1,legacy-reference-bound,512,512,838, -3.8264364031789316E-01, -1.3814059840923962E-02,  3.6882958047696524E-01, -3.9655778660829810E-15,  5.2032217510294965E-15,  0.0000000000000000E+00,  3.0789999999999984E-03,3,1342,8,1342,1350,0,1,  2.6709177687559499E-01,  2.4909177687559501E+00,  4.2299999999999999E-01,  4.2299999999999999E-01,  0.0000000000000000E+00,  0.0000000000000000E+00
2,2,1,1,0,1,legacy-reference-bound,1024,1024,1501, -3.8264364031789461E-01, -1.3814059840923701E-02,  3.6882958047696524E-01, -5.6708110429681824E-15,  6.1924884707867389E-15,  0.0000000000000000E+00,  6.9770000000000110E-03,3,2509,16,2509,2525,0,1,  2.6709177687559499E-01,  2.4909177687559501E+00,  4.2299999999999999E-01,  4.2299999999999999E-01,  0.0000000000000000E+00,  0.0000000000000000E+00
2,2,1,1,0,1,legacy-reference-bound,2048,2048,2828, -3.8264364031789239E-01, -1.3814059840924282E-02,  3.6882958047696524E-01, -2.8692326292656389E-15,  2.4233883671488654E-15,  0.0000000000000000E+00,  1.1634999999999951E-02,3,4844,32,4844,4876,0,1,  2.6709177687559499E-01,  2.4909177687559501E+00,  4.2299999999999999E-01,  4.2299999999999999E-01,  0.0000000000000000E+00,  0.0000000000000000E+00
2,2,1,1,0,1,legacy-reference-bound,4096,4096,5455, -3.8264364031799664E-01, -1.3814059840924689E-02,  3.6882958047696524E-01, -1.0671151462471329E-13,  5.7364120506671334E-16,  0.0000000000000000E+00,  2.2014000000000034E-02,3,9487,64,9487,9551,0,1,  2.6709177687559499E-01,  2.4909177687559501E+00,  4.2299999999999999E-01,  4.2299999999999999E-01,  0.0000000000000000E+00,  0.0000000000000000E+00
2,2,2,1,0,1,legacy-reference-bound,1,1,36, -4.5058613767875921E-01, -4.3135658157335610E-01,  1.9229556105403001E-02, -1.1102230246251565E-16,  0.0000000000000000E+00, -4.5058613767875921E-01,  7.8999999999995740E-05,1,37,0,37,37,0,0,  1.1941568866837943E-01,  1.7513976048868227E-01,  4.2299999999999999E-01,  4.2299999999999999E-01, -1.0000000000000000E+00, -1.0000000000000000E+00
2,2,2,1,0,1,legacy-reference-bound,2,2,53, -4.5058613767875921E-01, -4.3135658157335610E-01,  1.9229556105403001E-02, -1.1102230246251565E-16,  2.7755575615628914E-17, -2.3490784689208119E-01,  1.0199999999999099E-04,1,55,0,55,55,0,0,  1.7918808808981976E-01,  1.6118808808981977E+00,  4.2299999999999999E-01,  4.2299999999999999E-01,  0.0000000000000000E+00,  1.4924651922298182E+00
2,2,2,1,0,1,legacy-reference-bound,4,4,59, -4.5058613767875932E-01, -4.3135658157335610E-01,  1.9229556105403001E-02, -2.2204460492503131E-16,  0.0000000000000000E+00, -1.2706482386075943E-01,  1.1500000000003174E-04,1,63,0,63,63,0,0,  1.7918808808981976E-01,  1.6118808808981977E+00,  4.2299999999999999E-01,  4.2299999999999999E-01,  0.0000000000000000E+00,  1.1102230246251565E-16
2,2,2,1,0,1,legacy-reference-bound,8,8,65, -4.5058613767875932E-01, -4.3135658157335616E-01,  1.9229556105403001E-02, -1.6653345369377348E-16,  0.0000000000000000E+00, -7.3090373952929846E-02,  1.3500000000005175E-04,1,73,0,73,73,0,0,  1.7918808808981976E-01,  1.6118808808981977E+00,  4.2299999999999999E-01,  4.2299999999999999E-01,  0.0000000000000000E+00,  1.1102230246251565E-16
2,2,2,1,0,1,legacy-reference-bound,16,16,77, -4.5058613767875916E-01, -4.3135658157335599E-01,  1.9229556105403001E-02, -1.6653345369377348E-16,  6.9388939039072284E-18, -4.5932676669835970E-02,  1.7800000000001148E-04,1,93,0,93,93,0,0,  1.7918808808981976E-01,  1.6118808808981977E+00,  4.2299999999999999E-01,  4.2299999999999999E-01,  0.0000000000000000E+00,  1.1102230246251565E-16
2,2,2,1,0,1,legacy-reference-bound,32,32,100, -4.5058613767875905E-01, -4.3135658157335588E-01,  1.9229556105403001E-02, -1.6653345369377348E-16,  1.0408340855860843E-17, -3.1901297016015212E-02,  2.6199999999998447E-04,1,132,0,132,132,0,0,  1.7918808808981976E-01,  1.6118808808981977E+00,  4.2299999999999999E-01,  4.2299999999999999E-01,  0.0000000000000000E+00,  0.0000000000000000E+00
2,2,2,1,0,1,legacy-reference-bound,64,64,144, -4.5058613767875977E-01, -4.3135658157335655E-01,  1.9229556105403001E-02, -2.2204460492503131E-16,  4.3368086899420177E-17, -2.3864504423703848E-02,  4.4600000000000195E-04,1,208,0,208,208,0,0,  1.7918808808981976E-01,  1.6118808808981977E+00,  4.2299999999999999E-01,  4.2299999999999999E-01,  0.0000000000000000E+00,  0.0000000000000000E+00
2,2,2,1,0,1,legacy-reference-bound,128,128,213, -4.5058613767876149E-01, -4.3135658157335555E-01,  1.9229556105403001E-02, -2.9420910152566648E-15,  2.8753041614315578E-15, -1.8143549934245554E-02,  7.3800000000001642E-04,1,341,0,341,341,0,0,  1.7918808808981976E-01,  1.6118808808981977E+00,  4.2299999999999999E-01,  4.2299999999999999E-01,  0.0000000000000000E+00,  1.1102230246251565E-16
2,2,2,1,0,1,legacy-reference-bound,256,256,354, -4.5058613767875827E-01, -4.3135658157335477E-01,  1.9229556105403001E-02, -4.9960036108132044E-16,  3.1788807697274990E-16, -1.3395328314141523E-02,  1.3630000000000031E-03,1,610,0,610,610,0,0,  1.7918808808981976E-01,  1.6118808808981977E+00,  4.2299999999999999E-01,  4.2299999999999999E-01,  0.0000000000000000E+00,  1.1102230246251565E-16
2,2,2,1,0,1,legacy-reference-bound,512,512,627, -4.5058613767876410E-01, -4.3135658157336038E-01,  1.9229556105403001E-02, -7.2164496600635175E-16,  2.0491421059976034E-16, -9.6181884327807415E-03,  2.5899999999999812E-03,1,1139,0,1139,1139,0,0,  1.7918808808981976E-01,  1.6118808808981977E+00,  4.2299999999999999E-01,  4.2299999999999999E-01,  0.0000000000000000E+00,  1.1102230246251565E-16
2,2,2,1,0,1,legacy-reference-bound,1024,1024,1163, -4.5058613767876937E-01, -4.3135658157336426E-01,  1.9229556105403001E-02, -2.1094237467877974E-15,  4.5287124744719520E-16, -6.8853935656348307E-03,  5.1550000000000207E-03,1,2187,0,2187,2187,0,0,  1.7918808808981976E-01,  1.6118808808981977E+00,  4.2299999999999999E-01,  4.2299999999999999E-01,  0.0000000000000000E+00,  1.1102230246251565E-16
2,2,2,1,0,1,legacy-reference-bound,2048,2048,2231, -4.5058613767877098E-01, -4.3135658157336620E-01,  1.9229556105403001E-02, -1.7763568394002505E-15,  3.8321125786500154E-16, -4.9594144612776113E-03,  9.6640000000000059E-03,1,4279,0,4279,4279,0,0,  1.7918808808981976E-01,  1.6118808808981977E+00,  4.2299999999999999E-01,  4.2299999999999999E-01,  0.0000000000000000E+00,  1.1102230246251565E-16
2,2,2,1,0,1,legacy-reference-bound,4096,4096,4377, -4.5058613767871958E-01, -4.3135658157331941E-01,  1.9229556105403001E-02,  2.8310687127941492E-15,  1.6525951614110301E-16, -3.5280921897806825E-03,  2.1143999999999996E-02,1,8473,0,8473,8473,0,0,  1.7918808808981976E-01,  1.6118808808981977E+00,  4.2299999999999999E-01,  4.2299999999999999E-01,  0.0000000000000000E+00,  5.5511151231257827E-17
2,2,2,1,0,1,legacy-reference-bound,1,1,36, -4.7058613767875923E-01, -4.3135658157335610E-01,  3.9229556105403018E-02, -1.1102230246251565E-16,  0.0000000000000000E+00, -4.7058613767875923E-01,  8.0999999999997740E-05,2,37,0,37,37,0,0,  1.1941568866837943E-01,  1.7513976048868227E-01,  4.2299999999999999E-01,  4.2299999999999999E-01, -1.0000000000000000E+00, -1.0000000000000000E+00
2,2,2,1,0,1,legacy-reference-bound,2,2,53, -4.7058613767875923E-01, -4.3135658157335610E-01,  3.9229556105403018E-02, -1.1102230246251565E-16,  2.7755575615628914E-17, -2.5490784689208118E-01,  9.9000000000015742E-05,2,55,0,55,55,0,0,  1.7918808808981976E-01,  1.6118808808981977E+00,  4.2299999999999999E-01,  4.2299999999999999E-01,  0.0000000000000000E+00,  1.4924651922298182E+00
2,2,2,1,0,1,legacy-reference-bound,4,4,59, -4.7058613767875934E-01, -4.3135658157335610E-01,  3.9229556105403018E-02, -2.2204460492503131E-16,  0.0000000000000000E+00, -1.4706482386075942E-01,  1.1500000000003174E-04,2,63,0,63,63,0,0,  1.7918808808981976E-01,  1.6118808808981977E+00,  4.2299999999999999E-01,  4.2299999999999999E-01,  0.0000000000000000E+00,  1.1102230246251565E-16
2,2,2,1,0,1,legacy-reference-bound,8,8,65, -4.7058613767875934E-01, -4.3135658157335616E-01,  3.9229556105403018E-02, -1.6653345369377348E-16,  0.0000000000000000E+00, -9.3090373952929850E-02,  1.5199999999998548E-04,2,73,0,73,73,0,0,  1.7918808808981976E-01,  1.6118808808981977E+00,  4.2299999999999999E-01,  4.2299999999999999E-01,  0.0000000000000000E+00,  1.1102230246251565E-16
2,2,2,1,0,1,legacy-reference-bound,16,16,77, -4.7058613767875912E-01, -4.3135658157335599E-01,  3.9229556105403018E-02, -1.1102230246251565E-16,  6.9388939039072284E-18, -6.5932676669835974E-02,  1.7899999999998473E-04,2,93,0,93,93,0,0,  1.7918808808981976E-01,  1.6118808808981977E+00,  4.2299999999999999E-01,  4.2299999999999999E-01,  0.0000000000000000E+00,  1.1102230246251565E-16
2,2,2,1,0,1,legacy-reference-bound,32,32,100, -4.7058613767875901E-01, -4.3135658157335588E-01,  3.9229556105403018E-02, -1.1102230246251565E-16,  1.0408340855860843E-17, -5.1901297016015216E-02,  2.6300000000001322E-04,2,132,0,132,132,0,0,  1.7918808808981976E-01,  1.6118808808981977E+00,  4.2299999999999999E-01,  4.2299999999999999E-01,  0.0000000000000000E+00,  0.0000000000000000E+00
2,2,2,1,0,1,legacy-reference-bound,64,64,144, -4.7058613767875984E-01, -4.3135658157335655E-01,  3.9229556105403018E-02, -2.7755575615628914E-16,  4.3368086899420177E-17, -4.3864504423703848E-02,  4.4699999999997519E-04,2,208,0,208,208,0,0,  1.7918808808981976E-01,  1.6118808808981977E+00,  4.2299999999999999E-01,  4.2299999999999999E-01,  0.0000000000000000E+00,  0.0000000000000000E+00
2,2,2,1,0,1,legacy-reference-bound,128,128,213, -4.7058613767876140E-01, -4.3135658157335555E-01,  3.9229556105403018E-02, -2.8310687127941492E-15,  2.8753041614315578E-15, -3.8143549934245555E-02,  7.2200000000000042E-04,2,341,0,341,341,0,0,  1.7918808808981976E-01,  1.6118808808981977E+00,  4.2299999999999999E-01,  4.2299999999999999E-01,  0.0000000000000000E+00,  1.1102230246251565E-16
2,2,2,1,0,1,legacy-reference-bound,256,256,354, -4.7058613767875818E-01, -4.3135658157335477E-01,  3.9229556105403018E-02, -3.8857805861880479E-16,  3.1788807697274990E-16, -3.3395328314141520E-02,  1.3429999999999831E-03,2,610,0,610,610,0,0,  1.7918808808981976E-01,  1.6118808808981977E+00,  4.2299999999999999E-01,  4.2299999999999999E-01,  0.0000000000000000E+00,  1.1102230246251565E-16
2,2,2,1,0,1,legacy-reference-bound,512,512,627, -4.7058613767876462E-01, -4.3135658157336038E-01,  3.9229556105403018E-02, -1.2212453270876722E-15,  2.0491421059976034E-16, -2.9618188432780742E-02,  3.0499999999999972E-03,2,1139,0,1139,1139,0,0,  1.7918808808981976E-01,  1.6118808808981977E+00,  4.2299999999999999E-01,  4.2299999999999999E-01,  0.0000000000000000E+00,  1.1102230246251565E-16
2,2,2,1,0,1,legacy-reference-bound,1024,1024,1163, -4.7058613767876994E-01, -4.3135658157336426E-01,  3.9229556105403018E-02, -2.6645352591003757E-15,  4.5287124744719520E-16, -2.6885393565634831E-02,  4.9029999999999907E-03,2,2187,0,2187,2187,0,0,  1.7918808808981976E-01,  1.6118808808981977E+00,  4.2299999999999999E-01,  4.2299999999999999E-01,  0.0000000000000000E+00,  1.1102230246251565E-16
2,2,2,1,0,1,legacy-reference-bound,2048,2048,2231, -4.7058613767877161E-01, -4.3135658157336620E-01,  3.9229556105403018E-02, -2.3869795029440866E-15,  3.8321125786500154E-16, -2.4959414461277613E-02,  9.6890000000000032E-03,2,4279,0,4279,4279,0,0,  1.7918808808981976E-01,  1.6118808808981977E+00,  4.2299999999999999E-01,  4.2299999999999999E-01,  0.0000000000000000E+00,  1.1102230246251565E-16
2,2,2,1,0,1,legacy-reference-bound,4096,4096,4377, -4.7058613767871460E-01, -4.3135658157331941E-01,  3.9229556105403018E-02,  7.8270723236073536E-15,  1.6525951614110301E-16, -2.3528092189780685E-02,  1.9606000000000012E-02,2,8473,0,8473,8473,0,0,  1.7918808808981976E-01,  1.6118808808981977E+00,  4.2299999999999999E-01,  4.2299999999999999E-01,  0.0000000000000000E+00,  5.5511151231257827E-17
2,2,2,1,0,1,legacy-reference-bound,1,1,36, -4.7058613767875923E-01, -4.3135658157335610E-01,  3.9229556105403018E-02, -1.1102230246251565E-16,  0.0000000000000000E+00, -4.7058613767875923E-01,  7.8000000000022496E-05,3,37,0,37,37,0,0,  1.1941568866837943E-01,  1.7513976048868227E-01,  4.2299999999999999E-01,  4.2299999999999999E-01, -1.0000000000000000E+00, -1.0000000000000000E+00
2,2,2,1,0,1,legacy-reference-bound,2,2,53, -4.7058613767875923E-01, -4.3135658157335610E-01,  3.9229556105403018E-02, -1.1102230246251565E-16,  2.7755575615628914E-17, -2.5490784689208118E-01,  9.9999999999988987E-05,3,55,0,55,55,0,0,  1.7918808808981976E-01,  1.6118808808981977E+00,  4.2299999999999999E-01,  4.2299999999999999E-01,  0.0000000000000000E+00,  1.4924651922298182E+00
2,2,2,1,0,1,legacy-reference-bound,4,4,59, -4.7058613767875934E-01, -4.3135658157335610E-01,  3.9229556105403018E-02, -2.2204460492503131E-16,  0.0000000000000000E+00, -1.4706482386075942E-01,  1.1500000000003174E-04,3,63,0,63,63,0,0,  1.7918808808981976E-01,  1.6118808808981977E+00,  4.2299999999999999E-01,  4.2299999999999999E-01,  0.0000000000000000E+00,  1.1102230246251565E-16
2,2,2,1,0,1,legacy-reference-bound,8,8,65, -4.7058613767875934E-01, -4.3135658157335616E-01,  3.9229556105403018E-02, -1.6653345369377348E-16,  0.0000000000000000E+00, -9.3090373952929850E-02,  1.3800000000002699E-04,3,73,0,73,73,0,0,  1.7918808808981976E-01,  1.6118808808981977E+00,  4.2299999999999999E-01,  4.2299999999999999E-01,  0.0000000000000000E+00,  1.1102230246251565E-16
2,2,2,1,0,1,legacy-reference-bound,16,16,77, -4.7058613767875912E-01, -4.3135658157335599E-01,  3.9229556105403018E-02, -1.1102230246251565E-16,  6.9388939039072284E-18, -6.5932676669835974E-02,  1.9399999999997197E-04,3,93,0,93,93,0,0,  1.7918808808981976E-01,  1.6118808808981977E+00,  4.2299999999999999E-01,  4.2299999999999999E-01,  0.0000000000000000E+00,  1.1102230246251565E-16
2,2,2,1,0,1,legacy-reference-bound,32,32,100, -4.7058613767875901E-01, -4.3135658157335588E-01,  3.9229556105403018E-02, -1.1102230246251565E-16,  1.0408340855860843E-17, -5.1901297016015216E-02,  2.5999999999998247E-04,3,132,0,132,132,0,0,  1.7918808808981976E-01,  1.6118808808981977E+00,  4.2299999999999999E-01,  4.2299999999999999E-01,  0.0000000000000000E+00,  0.0000000000000000E+00
2,2,2,1,0,1,legacy-reference-bound,64,64,144, -4.7058613767875984E-01, -4.3135658157335655E-01,  3.9229556105403018E-02, -2.7755575615628914E-16,  4.3368086899420177E-17, -4.3864504423703848E-02,  4.2700000000001070E-04,3,208,0,208,208,0,0,  1.7918808808981976E-01,  1.6118808808981977E+00,  4.2299999999999999E-01,  4.2299999999999999E-01,  0.0000000000000000E+00,  0.0000000000000000E+00
2,2,2,1,0,1,legacy-reference-bound,128,128,213, -4.7058613767876140E-01, -4.3135658157335555E-01,  3.9229556105403018E-02, -2.8310687127941492E-15,  2.8753041614315578E-15, -3.8143549934245555E-02,  7.3800000000001642E-04,3,341,0,341,341,0,0,  1.7918808808981976E-01,  1.6118808808981977E+00,  4.2299999999999999E-01,  4.2299999999999999E-01,  0.0000000000000000E+00,  1.1102230246251565E-16
2,2,2,1,0,1,legacy-reference-bound,256,256,360, -4.7058613767875823E-01, -4.3135658157335477E-01,  3.9229556105403018E-02, -4.4408920985006262E-16,  6.9432307125971704E-16,  0.0000000000000000E+00,  1.3620000000000299E-03,3,610,6,610,616,0,1,  1.7918808808981976E-01,  1.6118808808981977E+00,  4.2299999999999999E-01,  4.2299999999999999E-01,  0.0000000000000000E+00,  0.0000000000000000E+00
2,2,2,1,0,1,legacy-reference-bound,512,512,634, -4.7058613767876623E-01, -4.3135658157336038E-01,  3.9229556105403018E-02, -2.8310687127941492E-15,  5.8221656662471588E-16,  0.0000000000000000E+00,  2.5899999999999812E-03,3,1136,10,1136,1146,0,1,  1.7918808808981976E-01,  1.6118808808981977E+00,  4.2299999999999999E-01,  4.2299999999999999E-01,  0.0000000000000000E+00,  1.1102230246251565E-16
2,2,2,1,0,1,legacy-reference-bound,1024,1024,1177, -4.7058613767876911E-01, -4.3135658157336426E-01,  3.9229556105403018E-02, -1.8318679906315083E-15,  2.3472977034311171E-16,  0.0000000000000000E+00,  5.2709999999999702E-03,3,2181,20,2181,2201,0,1,  1.7918808808981976E-01,  1.6118808808981977E+00,  4.2299999999999999E-01,  4.2299999999999999E-01,  0.0000000000000000E+00,  1.1102230246251565E-16
2,2,2,1,0,1,legacy-reference-bound,2048,2048,2265, -4.7058613767877100E-01, -4.3135658157336620E-01,  3.9229556105403018E-02, -1.7763568394002505E-15,  2.1656938395397951E-16,  0.0000000000000000E+00,  1.9587000000000021E-02,3,4273,40,4273,4313,0,1,  1.7918808808981976E-01,  1.6118808808981977E+00,  4.2299999999999999E-01,  4.2299999999999999E-01,  0.0000000000000000E+00,  1.1102230246251565E-16
2,2,2,1,0,1,legacy-reference-bound,4096,4096,4436, -4.7058613767871404E-01, -4.3135658157331941E-01,  3.9229556105403018E-02,  8.3821838359199319E-15,  3.3753924134904967E-16,  0.0000000000000000E+00,  2.0023000000000013E-02,3,8452,80,8452,8532,0,1,  1.7918808808981976E-01,  1.6118808808981977E+00,  4.2299999999999999E-01,  4.2299999999999999E-01,  0.0000000000000000E+00,  0.0000000000000000E+00
2,2,3,1,0,1,legacy-reference-bound,1,1,1, -1.1875000000000000E+00, -1.1875000000000000E+00,  0.0000000000000000E+00,  0.0000000000000000E+00,  0.0000000000000000E+00, -1.1875000000000000E+00,  1.2999999999985246E-05,1,2,0,2,2,0,0,  2.0000000000000000E-02,  2.0000000000000000E-02,  4.2299999999999999E-01,  4.2299999999999999E-01, -1.0000000000000000E+00, -1.0000000000000000E+00
2,2,3,1,0,1,legacy-reference-bound,2,2,2, -1.1875000000000000E+00, -1.1875000000000000E+00,  0.0000000000000000E+00,  0.0000000000000000E+00,  0.0000000000000000E+00, -5.9375000000000000E-01,  1.4000000000014001E-05,1,4,0,4,4,0,0,  2.0000000000000000E-02,  2.0000000000000000E-02,  4.2299999999999999E-01,  4.2299999999999999E-01,  0.0000000000000000E+00,  0.0000000000000000E+00
2,2,3,1,0,1,legacy-reference-bound,4,4,4, -1.1875000000000000E+00, -1.1875000000000000E+00,  0.0000000000000000E+00,  0.0000000000000000E+00,  0.0000000000000000E+00, -2.9687500000000000E-01,  2.0999999999993246E-05,1,8,0,8,8,0,0,  2.0000000000000000E-02,  2.0000000000000000E-02,  4.2299999999999999E-01,  4.2299999999999999E-01,  0.0000000000000000E+00,  0.0000000000000000E+00
2,2,3,1,0,1,legacy-reference-bound,8,8,8, -1.1875000000000000E+00, -1.1875000000000000E+00,  0.0000000000000000E+00,  0.0000000000000000E+00,  0.0000000000000000E+00, -1.4843750000000000E-01,  3.7999999999982492E-05,1,16,0,16,16,0,0,  2.0000000000000000E-02,  2.0000000000000000E-02,  4.2299999999999999E-01,  4.2299999999999999E-01,  0.0000000000000000E+00,  0.0000000000000000E+00
2,2,3,1,0,1,legacy-reference-bound,16,16,16, -1.1875000000000000E+00, -1.1875000000000000E+00,  0.0000000000000000E+00,  0.0000000000000000E+00,  0.0000000000000000E+00, -7.4218750000000000E-02,  7.2999999999989740E-05,1,32,0,32,32,0,0,  2.0000000000000000E-02,  2.0000000000000000E-02,  4.2299999999999999E-01,  4.2299999999999999E-01,  0.0000000000000000E+00,  0.0000000000000000E+00
2,2,3,1,0,1,legacy-reference-bound,32,32,32, -1.1875000000000000E+00, -1.1875000000000000E+00,  0.0000000000000000E+00,  0.0000000000000000E+00,  0.0000000000000000E+00, -3.7109375000000000E-02,  1.4399999999997748E-04,1,64,0,64,64,0,0,  2.0000000000000000E-02,  2.0000000000000000E-02,  4.2299999999999999E-01,  4.2299999999999999E-01,  0.0000000000000000E+00,  0.0000000000000000E+00
2,2,3,1,0,1,legacy-reference-bound,64,64,64, -1.1875000000000000E+00, -1.1875000000000000E+00,  0.0000000000000000E+00,  0.0000000000000000E+00,  0.0000000000000000E+00, -1.8554687500000000E-02,  3.2299999999996221E-04,1,128,0,128,128,0,0,  2.0000000000000000E-02,  2.0000000000000000E-02,  4.2299999999999999E-01,  4.2299999999999999E-01,  0.0000000000000000E+00,  0.0000000000000000E+00
2,2,3,1,0,1,legacy-reference-bound,128,128,128, -1.1875000000000000E+00, -1.1875000000000000E+00,  0.0000000000000000E+00,  0.0000000000000000E+00,  0.0000000000000000E+00, -9.2773437500000000E-03,  5.7000000000001494E-04,1,256,0,256,256,0,0,  2.0000000000000000E-02,  2.0000000000000000E-02,  4.2299999999999999E-01,  4.2299999999999999E-01,  0.0000000000000000E+00,  0.0000000000000000E+00
2,2,3,1,0,1,legacy-reference-bound,256,256,256, -1.1875000000000000E+00, -1.1875000000000000E+00,  0.0000000000000000E+00,  0.0000000000000000E+00,  0.0000000000000000E+00, -4.6386718750000000E-03,  1.3120000000000354E-03,1,512,0,512,512,0,0,  2.0000000000000000E-02,  2.0000000000000000E-02,  4.2299999999999999E-01,  4.2299999999999999E-01,  0.0000000000000000E+00,  0.0000000000000000E+00
2,2,3,1,0,1,legacy-reference-bound,512,512,512, -1.1875000000000000E+00, -1.1875000000000000E+00,  0.0000000000000000E+00,  0.0000000000000000E+00,  0.0000000000000000E+00, -2.3193359375000000E-03,  2.3540000000000227E-03,1,1024,0,1024,1024,0,0,  2.0000000000000000E-02,  2.0000000000000000E-02,  4.2299999999999999E-01,  4.2299999999999999E-01,  0.0000000000000000E+00,  0.0000000000000000E+00
2,2,3,1,0,1,legacy-reference-bound,1024,1024,1024, -1.1875000000000000E+00, -1.1875000000000000E+00,  0.0000000000000000E+00,  0.0000000000000000E+00,  0.0000000000000000E+00, -1.1596679687500000E-03,  4.6660000000000035E-03,1,2048,0,2048,2048,0,0,  2.0000000000000000E-02,  2.0000000000000000E-02,  4.2299999999999999E-01,  4.2299999999999999E-01,  0.0000000000000000E+00,  0.0000000000000000E+00
2,2,3,1,0,1,legacy-reference-bound,2048,2048,2048, -1.1875000000000000E+00, -1.1875000000000000E+00,  0.0000000000000000E+00,  0.0000000000000000E+00,  0.0000000000000000E+00, -5.7983398437500000E-04,  1.0516999999999999E-02,1,4096,0,4096,4096,0,0,  2.0000000000000000E-02,  2.0000000000000000E-02,  4.2299999999999999E-01,  4.2299999999999999E-01,  0.0000000000000000E+00,  0.0000000000000000E+00
2,2,3,1,0,1,legacy-reference-bound,4096,4096,4096, -1.1875000000000000E+00, -1.1875000000000000E+00,  0.0000000000000000E+00,  0.0000000000000000E+00,  0.0000000000000000E+00, -2.8991699218750000E-04,  1.9235000000000002E-02,1,8192,0,8192,8192,0,0,  2.0000000000000000E-02,  2.0000000000000000E-02,  4.2299999999999999E-01,  4.2299999999999999E-01,  0.0000000000000000E+00,  0.0000000000000000E+00
2,2,3,1,0,1,legacy-reference-bound,1,1,1, -1.2075000000000000E+00, -1.1875000000000000E+00,  2.0000000000000018E-02,  0.0000000000000000E+00,  0.0000000000000000E+00, -1.2075000000000000E+00,  1.2000000000012001E-05,2,2,0,2,2,0,0,  2.0000000000000000E-02,  2.0000000000000000E-02,  4.2299999999999999E-01,  4.2299999999999999E-01, -1.0000000000000000E+00, -1.0000000000000000E+00
2,2,3,1,0,1,legacy-reference-bound,2,2,2, -1.2075000000000000E+00, -1.1875000000000000E+00,  2.0000000000000018E-02,  0.0000000000000000E+00,  0.0000000000000000E+00, -6.1375000000000002E-01,  1.0999999999983245E-05,2,4,0,4,4,0,0,  2.0000000000000000E-02,  2.0000000000000000E-02,  4.2299999999999999E-01,  4.2299999999999999E-01,  0.0000000000000000E+00,  0.0000000000000000E+00
2,2,3,1,0,1,legacy-reference-bound,4,4,4, -1.2075000000000000E+00, -1.1875000000000000E+00,  2.0000000000000018E-02,  0.0000000000000000E+00,  0.0000000000000000E+00, -3.1687500000000002E-01,  2.1000000000048757E-05,2,8,0,8,8,0,0,  2.0000000000000000E-02,  2.0000000000000000E-02,  4.2299999999999999E-01,  4.2299999999999999E-01,  0.0000000000000000E+00,  0.0000000000000000E+00
2,2,3,1,0,1,legacy-reference-bound,8,8,8, -1.2075000000000000E+00, -1.1875000000000000E+00,  2.0000000000000018E-02,  0.0000000000000000E+00,  0.0000000000000000E+00, -1.6843749999999999E-01,  3.7999999999982492E-05,2,16,0,16,16,0,0,  2.0000000000000000E-02,  2.0000000000000000E-02,  4.2299999999999999E-01,  4.2299999999999999E-01,  0.0000000000000000E+00,  0.0000000000000000E+00
2,2,3,1,0,1,legacy-reference-bound,16,16,16, -1.2075000000000000E+00, -1.1875000000000000E+00,  2.0000000000000018E-02,  0.0000000000000000E+00,  0.0000000000000000E+00, -9.4218750000000004E-02,  2.9199999999995896E-04,2,32,0,32,32,0,0,  2.0000000000000000E-02,  2.0000000000000000E-02,  4.2299999999999999E-01,  4.2299999999999999E-01,  0.0000000000000000E+00,  0.0000000000000000E+00
2,2,3,1,0,1,legacy-reference-bound,32,32,32, -1.2075000000000000E+00, -1.1875000000000000E+00,  2.0000000000000018E-02,  0.0000000000000000E+00,  0.0000000000000000E+00, -5.7109375000000004E-02,  1.4799999999992597E-04,2,64,0,64,64,0,0,  2.0000000000000000E-02,  2.0000000000000000E-02,  4.2299999999999999E-01,  4.2299999999999999E-01,  0.0000000000000000E+00,  0.0000000000000000E+00
2,2,3,1,0,1,legacy-reference-bound,64,64,64, -1.2075000000000000E+00, -1.1875000000000000E+00,  2.0000000000000018E-02,  0.0000000000000000E+00,  0.0000000000000000E+00, -3.8554687500000004E-02,  3.1300000000000772E-04,2,128,0,128,128,0,0,  2.0000000000000000E-02,  2.0000000000000000E-02,  4.2299999999999999E-01,  4.2299999999999999E-01,  0.0000000000000000E+00,  0.0000000000000000E+00
2,2,3,1,0,1,legacy-reference-bound,128,128,128, -1.2075000000000000E+00, -1.1875000000000000E+00,  2.0000000000000018E-02,  0.0000000000000000E+00,  0.0000000000000000E+00, -2.9277343750000000E-02,  6.2800000000007294E-04,2,256,0,256,256,0,0,  2.0000000000000000E-02,  2.0000000000000000E-02,  4.2299999999999999E-01,  4.2299999999999999E-01,  0.0000000000000000E+00,  0.0000000000000000E+00
2,2,3,1,0,1,legacy-reference-bound,256,256,256, -1.2075000000000000E+00, -1.1875000000000000E+00,  2.0000000000000018E-02,  0.0000000000000000E+00,  0.0000000000000000E+00, -2.4638671875000000E-02,  1.1780000000000124E-03,2,512,0,512,512,0,0,  2.0000000000000000E-02,  2.0000000000000000E-02,  4.2299999999999999E-01,  4.2299999999999999E-01,  0.0000000000000000E+00,  0.0000000000000000E+00
2,2,3,1,0,1,legacy-reference-bound,512,512,512, -1.2075000000000000E+00, -1.1875000000000000E+00,  2.0000000000000018E-02,  0.0000000000000000E+00,  0.0000000000000000E+00, -2.2319335937500000E-02,  2.6730000000000365E-03,2,1024,0,1024,1024,0,0,  2.0000000000000000E-02,  2.0000000000000000E-02,  4.2299999999999999E-01,  4.2299999999999999E-01,  0.0000000000000000E+00,  0.0000000000000000E+00
2,2,3,1,0,1,legacy-reference-bound,1024,1024,1024, -1.2075000000000000E+00, -1.1875000000000000E+00,  2.0000000000000018E-02,  0.0000000000000000E+00,  0.0000000000000000E+00, -2.1159667968750000E-02,  4.9519999999999564E-03,2,2048,0,2048,2048,0,0,  2.0000000000000000E-02,  2.0000000000000000E-02,  4.2299999999999999E-01,  4.2299999999999999E-01,  0.0000000000000000E+00,  0.0000000000000000E+00
2,2,3,1,0,1,legacy-reference-bound,2048,2048,2048, -1.2075000000000000E+00, -1.1875000000000000E+00,  2.0000000000000018E-02,  0.0000000000000000E+00,  0.0000000000000000E+00, -2.0579833984375000E-02,  9.3060000000000365E-03,2,4096,0,4096,4096,0,0,  2.0000000000000000E-02,  2.0000000000000000E-02,  4.2299999999999999E-01,  4.2299999999999999E-01,  0.0000000000000000E+00,  0.0000000000000000E+00
2,2,3,1,0,1,legacy-reference-bound,4096,4096,4096, -1.2075000000000000E+00, -1.1875000000000000E+00,  2.0000000000000018E-02,  0.0000000000000000E+00,  0.0000000000000000E+00, -2.0289916992187500E-02,  2.1020000000000039E-02,2,8192,0,8192,8192,0,0,  2.0000000000000000E-02,  2.0000000000000000E-02,  4.2299999999999999E-01,  4.2299999999999999E-01,  0.0000000000000000E+00,  0.0000000000000000E+00
2,2,3,1,0,1,legacy-reference-bound,1,1,1, -1.2075000000000000E+00, -1.1875000000000000E+00,  2.0000000000000018E-02,  0.0000000000000000E+00,  0.0000000000000000E+00, -1.2075000000000000E+00,  1.2000000000012001E-05,3,2,0,2,2,0,0,  2.0000000000000000E-02,  2.0000000000000000E-02,  4.2299999999999999E-01,  4.2299999999999999E-01, -1.0000000000000000E+00, -1.0000000000000000E+00
2,2,3,1,0,1,legacy-reference-bound,2,2,2, -1.2075000000000000E+00, -1.1875000000000000E+00,  2.0000000000000018E-02,  0.0000000000000000E+00,  0.0000000000000000E+00, -6.1375000000000002E-01,  1.2000000000012001E-05,3,4,0,4,4,0,0,  2.0000000000000000E-02,  2.0000000000000000E-02,  4.2299999999999999E-01,  4.2299999999999999E-01,  0.0000000000000000E+00,  0.0000000000000000E+00
2,2,3,1,0,1,legacy-reference-bound,4,4,4, -1.2075000000000000E+00, -1.1875000000000000E+00,  2.0000000000000018E-02,  0.0000000000000000E+00,  0.0000000000000000E+00, -3.1687500000000002E-01,  2.0000000000020002E-05,3,8,0,8,8,0,0,  2.0000000000000000E-02,  2.0000000000000000E-02,  4.2299999999999999E-01,  4.2299999999999999E-01,  0.0000000000000000E+00,  0.0000000000000000E+00
2,2,3,1,0,1,legacy-reference-bound,8,8,8, -1.2075000000000000E+00, -1.1875000000000000E+00,  2.0000000000000018E-02,  0.0000000000000000E+00,  0.0000000000000000E+00, -1.6843749999999999E-01,  3.8000000000093515E-05,3,16,0,16,16,0,0,  2.0000000000000000E-02,  2.0000000000000000E-02,  4.2299999999999999E-01,  4.2299999999999999E-01,  0.0000000000000000E+00,  0.0000000000000000E+00
2,2,3,1,0,1,legacy-reference-bound,16,16,16, -1.2075000000000000E+00, -1.1875000000000000E+00,  2.0000000000000018E-02,  0.0000000000000000E+00,  0.0000000000000000E+00, -9.4218750000000004E-02,  7.2999999999989740E-05,3,32,0,32,32,0,0,  2.0000000000000000E-02,  2.0000000000000000E-02,  4.2299999999999999E-01,  4.2299999999999999E-01,  0.0000000000000000E+00,  0.0000000000000000E+00
2,2,3,1,0,1,legacy-reference-bound,32,32,32, -1.2075000000000000E+00, -1.1875000000000000E+00,  2.0000000000000018E-02,  0.0000000000000000E+00,  0.0000000000000000E+00, -5.7109375000000004E-02,  1.4300000000000423E-04,3,64,0,64,64,0,0,  2.0000000000000000E-02,  2.0000000000000000E-02,  4.2299999999999999E-01,  4.2299999999999999E-01,  0.0000000000000000E+00,  0.0000000000000000E+00
2,2,3,1,0,1,legacy-reference-bound,64,64,64, -1.2075000000000000E+00, -1.1875000000000000E+00,  2.0000000000000018E-02,  0.0000000000000000E+00,  0.0000000000000000E+00, -3.8554687500000004E-02,  2.8400000000006198E-04,3,128,0,128,128,0,0,  2.0000000000000000E-02,  2.0000000000000000E-02,  4.2299999999999999E-01,  4.2299999999999999E-01,  0.0000000000000000E+00,  0.0000000000000000E+00
2,2,3,1,0,1,legacy-reference-bound,128,128,128, -1.2075000000000000E+00, -1.1875000000000000E+00,  2.0000000000000018E-02,  0.0000000000000000E+00,  0.0000000000000000E+00, -2.9277343750000000E-02,  6.3899999999994517E-04,3,256,0,256,256,0,0,  2.0000000000000000E-02,  2.0000000000000000E-02,  4.2299999999999999E-01,  4.2299999999999999E-01,  0.0000000000000000E+00,  0.0000000000000000E+00
2,2,3,1,0,1,legacy-reference-bound,256,256,370, -1.2075000000000000E+00, -1.1875000000000000E+00,  2.0000000000000018E-02,  0.0000000000000000E+00,  7.5460471204991109E-17,  0.0000000000000000E+00,  1.4409999999999146E-03,3,596,30,596,626,0,1,  2.0000000000000004E-02,  2.0000000000000025E-02,  4.2299999999999999E-01,  4.2299999999999999E-01,  0.0000000000000000E+00,  2.4286128663675299E-17
2,2,3,1,0,1,legacy-reference-bound,512,512,656, -1.2075000000000014E+00, -1.1875000000000000E+00,  2.0000000000000018E-02, -1.3322676295501878E-15,  1.2364241575024693E-15,  0.0000000000000000E+00,  2.6279999999999637E-03,3,1131,37,1131,1168,0,1,  1.9999999999999882E-02,  1.9999999999999997E-02,  4.2299999999999999E-01,  4.2299999999999999E-01,  0.0000000000000000E+00,  1.3183898417423734E-16
2,2,3,1,0,1,legacy-reference-bound,1024,1024,1212, -1.2075000000000000E+00, -1.1875000000000000E+00,  2.0000000000000018E-02,  0.0000000000000000E+00,  1.7368918803217781E-16,  0.0000000000000000E+00,  5.3889999999999771E-03,3,2188,48,2188,2236,0,1,  1.9999999999999931E-02,  1.9999999999999993E-02,  4.2299999999999999E-01,  4.2299999999999999E-01,  0.0000000000000000E+00,  6.9388939039072284E-17
2,2,3,1,0,1,legacy-reference-bound,2048,2048,2299, -1.2075000000000005E+00, -1.1875000000000000E+00,  2.0000000000000018E-02, -4.4408920985006262E-16,  1.3758525568841051E-16,  0.0000000000000000E+00,  9.9900000000000544E-03,3,4280,67,4280,4347,0,1,  1.9999999999999907E-02,  1.9999999999999990E-02,  4.2299999999999999E-01,  4.2299999999999999E-01,  0.0000000000000000E+00,  4.5102810375396984E-17
2,2,3,1,0,1,legacy-reference-bound,4096,4096,4475, -1.2075000000000009E+00, -1.1875000000000000E+00,  2.0000000000000018E-02, -8.8817841970012523E-16,  2.4963755021478740E-16,  0.0000000000000000E+00,  2.0564000000000027E-02,3,8470,101,8470,8571,0,1,  1.9999999999999948E-02,  2.0000000000000007E-02,  4.2299999999999999E-01,  4.2299999999999999E-01,  0.0000000000000000E+00,  5.8980598183211441E-17
2,5,1,1,0,1,legacy-reference-bound,1,1,59, -7.6148974251086698E-01, -5.8630643955043504E-01,  1.7518330296043194E-01,  0.0000000000000000E+00,  1.1102230246251565E-16, -7.6148974251086698E-01,  1.2999999999996348E-04,1,60,0,60,60,0,0, -1.0227863400397626E+02,  1.0968636999771221E-01,  3.2203876234760742E-01,  4.2299999999999999E-01, -1.0000000000000000E+00, -1.0000000000000000E+00
2,5,1,1,0,1,legacy-reference-bound,2,2,96, -1.6104352410438960E+00, -1.3460894349927839E+00,  2.6434580605111213E-01,  0.0000000000000000E+00,  2.2204460492503131E-16, -4.4201962688347107E-01,  5.6800000000001294E-04,1,98,0,98,98,0,0, -7.1111372459334049E+01, -2.6106307642314386E-01,  3.4969712895099292E-01,  4.2296702016068854E-01,  8.9195482929991604E-02,  4.5012939130623927E+01
2,5,1,1,0,1,legacy-reference-bound,4,4,139, -5.0296363092632426E+00, -4.7727764402510511E+00,  2.5685986901219082E-01, -8.8817841970012523E-16,  2.2382096176443156E-13, -2.7836823927418575E-01,  2.8700000000003723E-04,1,143,0,143,143,0,0, -6.6053699064331397E+01, -2.4259778269721872E+00,  3.5476859167502328E-01,  4.2215859195861649E-01,  1.7628862486982144E-02,  8.8200109047411246E+00
2,5,1,1,0,1,legacy-reference-bound,8,8,197, -6.0055216233197486E+00, -5.7383448187399004E+00,  2.6717680457984816E-01,  0.0000000000000000E+00,  5.2902127123388709E-14, -1.9096270219721981E-01,  4.0899999999999270E-04,1,205,0,205,205,0,0, -6.2025330360421101E+01, -1.5326090886760466E+00,  3.5892668012332529E-01,  4.2256773013503723E-01,  1.0316935567657282E-02,  4.3940361321953283E+00
2,5,1,1,0,1,legacy-reference-bound,16,16,272, -6.6249841724173724E+00, -6.3573889044214242E+00,  2.6759526799594857E-01,  8.8817841970012523E-16,  3.1474822748123188E-14, -1.4076362312059210E-01,  6.3900000000005619E-04,1,288,0,288,288,0,0, -6.1757964173050567E+01, -1.5386990088041190E+00,  3.5920633475923236E-01,  4.2256523452710038E-01,  4.2095902403715968E-04,  2.6736618737053419E-01
2,5,1,1,0,1,legacy-reference-bound,32,32,353, -6.9686013560456033E+00, -6.7010066006385633E+00,  2.6759475540704147E-01,  1.7763568394002505E-15,  1.9040324872321435E-14, -1.0960320113357448E-01,  8.0900000000005967E-04,1,385,0,385,385,0,0, -6.1758188337396149E+01, -1.5387284454010113E+00,  3.5920610010190812E-01,  4.2256522245341377E-01,  5.1258890693128834E-07,  2.2416434558181209E-04
2,5,1,1,0,1,legacy-reference-bound,64,64,345, -7.1637714512195814E+00, -6.8961766958125734E+00,  2.6759475540701505E-01,  7.1054273576010019E-15,  9.4368957093138306E-15, -8.9406409184024316E-02,  1.0009999999999186E-03,1,409,0,409,409,0,0, -6.1758188337448253E+01, -1.5387284453891237E+00,  3.5920610010185350E-01,  4.2256522245341865E-01,  8.2933659939499194E-14,  5.2104098813288147E-11
2,5,1,1,0,1,legacy-reference-bound,128,128,371, -7.2740559105168874E+00, -7.0064611551098848E+00,  2.6759475540701549E-01,  1.3322676295501878E-14,  6.3470550430017036E-15, -7.6207785989453491E-02,  1.2630000000000141E-03,1,499,0,499,499,0,0, -6.1758188337448132E+01, -1.5387284453891237E+00,  3.5920610010185372E-01,  4.2256522245341865E-01,  2.2204460492503131E-16,  1.2079226507921703E-13
2,5,1,1,0,1,legacy-reference-bound,256,256,478, -7.3328710248898128E+00, -7.0652762694827986E+00,  2.6759475540701527E-01,  8.8817841970012523E-16,  3.4298735726578933E-15, -6.7423933911718859E-02,  2.0080000000000098E-03,1,734,0,734,734,0,0, -6.1758188337448196E+01, -1.5387284453891257E+00,  3.5920610010185361E-01,  4.2256522245341865E-01,  1.1102230246251565E-16,  6.3948846218409017E-14
2,5,1,1,0,1,legacy-reference-bound,512,512,926, -7.3637020949335312E+00, -7.0961073395265153E+00,  2.6759475540701527E-01, -8.8817841970012523E-16,  5.2789871540954991E-15, -6.0711651465945850E-02,  3.8979999999999571E-03,1,1438,0,1438,1438,0,0, -6.1758188337448196E+01, -1.5387284453891257E+00,  3.5920610010185361E-01,  4.2256522245341865E-01,  0.0000000000000000E+00,  0.0000000000000000E+00
2,5,1,1,0,1,legacy-reference-bound,1024,1024,1758, -7.3798469622750398E+00, -7.1122522068680238E+00,  2.6759475540701527E-01, -8.8817841970012523E-16,  6.1731710373916573E-15, -5.3390711667975412E-02,  7.4729999999999519E-03,1,2782,0,2782,2782,0,0, -6.1758188337448203E+01, -1.5387284453891259E+00,  3.5920610010185361E-01,  4.2256522245341865E-01,  0.0000000000000000E+00,  7.1054273576010019E-15
2,5,1,1,0,1,legacy-reference-bound,2048,2048,3360, -7.3883751887758189E+00, -7.1207804333688047E+00,  2.6759475540701527E-01,  8.8817841970012523E-16,  2.4912594231464580E-15, -4.3545520937594721E-02,  1.5266999999999920E-02,1,5408,0,5408,5408,0,0, -6.1758188337448217E+01, -1.5387284453891257E+00,  3.5920610010185361E-01,  4.2256522245341865E-01,  0.0000000000000000E+00,  1.4210854715202004E-14
2,5,1,1,0,1,legacy-reference-bound,4096,4096,6453, -7.3928568162629178E+00, -7.1252620608558361E+00,  2.6759475540701527E-01, -6.6613381477509392E-14,  5.9634761728375937E-16, -3.2145439490135479E-02,  2.8669000000000056E-02,1,10549,0,10549,10549,0,0, -6.1758188337448232E+01, -1.5387284453891259E+00,  3.5920610010185361E-01,  4.2256522245341865E-01,  0.0000000000000000E+00,  1.4210854715202004E-14
2,5,1,1,0,1,legacy-reference-bound,1,1,59, -7.8148974251086700E-01, -5.8630643955043504E-01,  1.9518330296043196E-01,  0.0000000000000000E+00,  1.1102230246251565E-16, -7.8148974251086700E-01,  1.2600000000007050E-04,2,60,0,60,60,0,0, -1.0227863400397626E+02,  1.0968636999771221E-01,  3.2203876234760742E-01,  4.2299999999999999E-01, -1.0000000000000000E+00, -1.0000000000000000E+00
2,5,1,1,0,1,legacy-reference-bound,2,2,96, -1.6304352410438960E+00, -1.3460894349927839E+00,  2.8434580605111215E-01,  0.0000000000000000E+00,  2.2204460492503131E-16, -4.6201962688347109E-01,  1.9200000000008099E-04,2,98,0,98,98,0,0, -7.1111372459334049E+01, -2.6106307642314386E-01,  3.4969712895099292E-01,  4.2296702016068854E-01,  8.9195482929991604E-02,  4.5012939130623927E+01
2,5,1,1,0,1,legacy-reference-bound,4,4,139, -5.0496363092632421E+00, -4.7727764402510511E+00,  2.7685986901219084E-01,  0.0000000000000000E+00,  2.2382096176443156E-13, -2.9836823927418576E-01,  2.8400000000006198E-04,2,143,0,143,143,0,0, -6.6053699064331397E+01, -2.4259778269721872E+00,  3.5476859167502328E-01,  4.2215859195861649E-01,  1.7628862486982144E-02,  8.8200109047411246E+00
2,5,1,1,0,1,legacy-reference-bound,8,8,197, -6.0255216233197491E+00, -5.7383448187399004E+00,  2.8717680457984818E-01,  0.0000000000000000E+00,  5.2902127123388709E-14, -2.1096270219721980E-01,  4.2799999999998395E-04,2,205,0,205,205,0,0, -6.2025330360421101E+01, -1.5326090886760466E+00,  3.5892668012332529E-01,  4.2256773013503723E-01,  1.0316935567657282E-02,  4.3940361321953283E+00
2,5,1,1,0,1,legacy-reference-bound,16,16,272, -6.6449841724173728E+00, -6.3573889044214242E+00,  2.8759526799594859E-01,  0.0000000000000000E+00,  3.1474822748123188E-14, -1.6076362312059209E-01,  5.8499999999994667E-04,2,288,0,288,288,0,0, -6.1757964173050567E+01, -1.5386990088041190E+00,  3.5920633475923236E-01,  4.2256523452710038E-01,  4.2095902403715968E-04,  2.6736618737053419E-01
2,5,1,1,0,1,legacy-reference-bound,32,32,353, -6.9886013560456028E+00, -6.7010066006385633E+00,  2.8759475540704149E-01,  1.7763568394002505E-15,  1.9040324872321435E-14, -1.2960320113357449E-01,  8.1200000000003492E-04,2,385,0,385,385,0,0, -6.1758188337396149E+01, -1.5387284454010113E+00,  3.5920610010190812E-01,  4.2256522245341377E-01,  5.1258890693128834E-07,  2.2416434558181209E-04
2,5,1,1,0,1,legacy-reference-bound,64,64,345, -7.1837714512195809E+00, -6.8961766958125734E+00,  2.8759475540701507E-01,  7.9936057773011271E-15,  9.4368957093138306E-15, -1.0940640918402432E-01,  9.2700000000001115E-04,2,409,0,409,409,0,0, -6.1758188337448253E+01, -1.5387284453891237E+00,  3.5920610010185350E-01,  4.2256522245341865E-01,  8.2933659939499194E-14,  5.2104098813288147E-11
2,5,1,1,0,1,legacy-reference-bound,128,128,371, -7.2940559105168878E+00, -7.0064611551098848E+00,  2.8759475540701551E-01,  1.2434497875801753E-14,  6.3470550430017036E-15, -9.6207785989453495E-02,  1.4810000000000656E-03,2,499,0,499,499,0,0, -6.1758188337448132E+01, -1.5387284453891237E+00,  3.5920610010185372E-01,  4.2256522245341865E-01,  2.2204460492503131E-16,  1.2079226507921703E-13
2,5,1,1,0,1,legacy-reference-bound,256,256,478, -7.3528710248898124E+00, -7.0652762694827986E+00,  2.8759475540701529E-01,  1.7763568394002505E-15,  3.4298735726578933E-15, -8.7423933911718862E-02,  1.9370000000000775E-03,2,734,0,734,734,0,0, -6.1758188337448196E+01, -1.5387284453891257E+00,  3.5920610010185361E-01,  4.2256522245341865E-01,  1.1102230246251565E-16,  6.3948846218409017E-14
2,5,1,1,0,1,legacy-reference-bound,512,512,926, -7.3837020949335308E+00, -7.0961073395265153E+00,  2.8759475540701529E-01,  0.0000000000000000E+00,  5.2789871540954991E-15, -8.0711651465945847E-02,  3.8000000000000256E-03,2,1438,0,1438,1438,0,0, -6.1758188337448196E+01, -1.5387284453891257E+00,  3.5920610010185361E-01,  4.2256522245341865E-01,  0.0000000000000000E+00,  0.0000000000000000E+00
2,5,1,1,0,1,legacy-reference-bound,1024,1024,1758, -7.3998469622750394E+00, -7.1122522068680238E+00,  2.8759475540701529E-01,  0.0000000000000000E+00,  6.1731710373916573E-15, -7.3390711667975408E-02,  7.4049999999999949E-03,2,2782,0,2782,2782,0,0, -6.1758188337448203E+01, -1.5387284453891259E+00,  3.5920610010185361E-01,  4.2256522245341865E-01,  0.0000000000000000E+00,  7.1054273576010019E-15
2,5,1,1,0,1,legacy-reference-bound,2048,2048,3360, -7.4083751887758194E+00, -7.1207804333688047E+00,  2.8759475540701529E-01,  8.8817841970012523E-16,  2.4912594231464580E-15, -6.3545520937594718E-02,  1.6359000000000012E-02,2,5408,0,5408,5408,0,0, -6.1758188337448217E+01, -1.5387284453891257E+00,  3.5920610010185361E-01,  4.2256522245341865E-01,  0.0000000000000000E+00,  1.4210854715202004E-14
2,5,1,1,0,1,legacy-reference-bound,4096,4096,6453, -7.4128568162629227E+00, -7.1252620608558361E+00,  2.8759475540701529E-01, -7.1054273576010019E-14,  5.9634761728375937E-16, -5.2145439490135476E-02,  3.0665999999999971E-02,2,10549,0,10549,10549,0,0, -6.1758188337448232E+01, -1.5387284453891259E+00,  3.5920610010185361E-01,  4.2256522245341865E-01,  0.0000000000000000E+00,  1.4210854715202004E-14
2,5,1,1,0,1,legacy-reference-bound,1,1,59, -7.8148974251086700E-01, -5.8630643955043504E-01,  1.9518330296043196E-01,  0.0000000000000000E+00,  1.1102230246251565E-16, -7.8148974251086700E-01,  1.2599999999995948E-04,3,60,0,60,60,0,0, -1.0227863400397626E+02,  1.0968636999771221E-01,  3.2203876234760742E-01,  4.2299999999999999E-01, -1.0000000000000000E+00, -1.0000000000000000E+00
2,5,1,1,0,1,legacy-reference-bound,2,2,96, -1.6304352410438960E+00, -1.3460894349927839E+00,  2.8434580605111215E-01,  0.0000000000000000E+00,  2.2204460492503131E-16, -4.6201962688347109E-01,  1.9199999999996997E-04,3,98,0,98,98,0,0, -7.1111372459334049E+01, -2.6106307642314386E-01,  3.4969712895099292E-01,  4.2296702016068854E-01,  8.9195482929991604E-02,  4.5012939130623927E+01
2,5,1,1,0,1,legacy-reference-bound,4,4,139, -5.0496363092632421E+00, -4.7727764402510511E+00,  2.7685986901219084E-01,  0.0000000000000000E+00,  2.2382096176443156E-13, -2.9836823927418576E-01,  2.8600000000000847E-04,3,143,0,143,143,0,0, -6.6053699064331397E+01, -2.4259778269721872E+00,  3.5476859167502328E-01,  4.2215859195861649E-01,  1.7628862486982144E-02,  8.8200109047411246E+00
2,5,1,1,0,1,legacy-reference-bound,8,8,197, -6.0255216233197491E+00, -5.7383448187399004E+00,  2.8717680457984818E-01,  0.0000000000000000E+00,  5.2902127123388709E-14, -2.1096270219721980E-01,  4.3699999999990968E-04,3,205,0,205,205,0,0, -6.2025330360421101E+01, -1.5326090886760466E+00,  3.5892668012332529E-01,  4.2256773013503723E-01,  1.0316935567657282E-02,  4.3940361321953283E+00
2,5,1,1,0,1,legacy-reference-bound,16,16,272, -6.6449841724173728E+00, -6.3573889044214242E+00,  2.8759526799594859E-01,  0.0000000000000000E+00,  3.1474822748123188E-14, -1.6076362312059209E-01,  5.8199999999997143E-04,3,288,0,288,288,0,0, -6.1757964173050567E+01, -1.5386990088041190E+00,  3.5920633475923236E-01,  4.2256523452710038E-01,  4.2095902403715968E-04,  2.6736618737053419E-01
2,5,1,1,0,1,legacy-reference-bound,32,32,353, -6.9886013560456028E+00, -6.7010066006385633E+00,  2.8759475540704149E-01,  1.7763568394002505E-15,  1.9040324872321435E-14, -1.2960320113357449E-01,  8.9499999999997915E-04,3,385,0,385,385,0,0, -6.1758188337396149E+01, -1.5387284454010113E+00,  3.5920610010190812E-01,  4.2256522245341377E-01,  5.1258890693128834E-07,  2.2416434558181209E-04
2,5,1,1,0,1,legacy-reference-bound,64,64,345, -7.1837714512195809E+00, -6.8961766958125734E+00,  2.8759475540701507E-01,  7.9936057773011271E-15,  9.4368957093138306E-15, -1.0940640918402432E-01,  9.2100000000006066E-04,3,409,0,409,409,0,0, -6.1758188337448253E+01, -1.5387284453891237E+00,  3.5920610010185350E-01,  4.2256522245341865E-01,  8.2933659939499194E-14,  5.2104098813288147E-11
2,5,1,1,0,1,legacy-reference-bound,128,128,371, -7.2940559105168878E+00, -7.0064611551098848E+00,  2.8759475540701551E-01,  1.2434497875801753E-14,  6.3470550430017036E-15, -9.6207785989453495E-02,  1.2010000000000076E-03,3,499,0,499,499,0,0, -6.1758188337448132E+01, -1.5387284453891237E+00,  3.5920610010185372E-01,  4.2256522245341865E-01,  2.2204460492503131E-16,  1.2079226507921703E-13
2,5,1,1,0,1,legacy-reference-bound,256,256,480, -7.3246176610350764E+00, -7.0370229056280618E+00,  2.8759475540701529E-01,  8.8817841970012523E-16,  3.1788943222546551E-15,  0.0000000000000000E+00,  1.9339999999999913E-03,3,732,4,732,736,0,1, -6.1758188337448196E+01, -1.5387284453891257E+00,  3.5920610010185361E-01,  4.2256522245341865E-01,  1.1102230246251565E-16,  6.3948846218409017E-14
2,5,1,1,0,1,legacy-reference-bound,512,512,929, -7.3554503025699010E+00, -7.0678555471628854E+00,  2.8759475540701529E-01,  0.0000000000000000E+00,  5.3305545199243409E-15,  0.0000000000000000E+00,  3.7189999999999168E-03,3,1433,8,1433,1441,0,1, -6.1758188337448196E+01, -1.5387284453891259E+00,  3.5920610010185361E-01,  4.2256522245341865E-01,  0.0000000000000000E+00,  8.8817841970012523E-16
2,5,1,1,0,1,legacy-reference-bound,1024,1024,1766, -7.3715957351623782E+00, -7.0840009797553636E+00,  2.8759475540701529E-01,  8.8817841970012523E-16,  5.8995692310331513E-15,  0.0000000000000000E+00,  7.4049999999999949E-03,3,2774,16,2774,2790,0,1, -6.1758188337448203E+01, -1.5387284453891259E+00,  3.5920610010185361E-01,  4.2256522245341865E-01,  0.0000000000000000E+00,  7.1054273576010019E-15
2,5,1,1,0,1,legacy-reference-bound,2048,2048,3374, -7.3801241354535696E+00, -7.0925293800465541E+00,  2.8759475540701529E-01,  0.0000000000000000E+00,  2.5053930149043432E-15,  0.0000000000000000E+00,  1.4944999999999986E-02,3,5390,32,5390,5422,0,1, -6.1758188337448217E+01, -1.5387284453891257E+00,  3.5920610010185361E-01,  4.2256522245341865E-01,  0.0000000000000000E+00,  1.4210854715202004E-14
2,5,1,1,0,1,legacy-reference-bound,4096,4096,6485, -7.3846057945744574E+00, -7.0970110391673700E+00,  2.8759475540701529E-01, -7.1942451995710144E-14,  6.6408230097684401E-16,  0.0000000000000000E+00,  2.9308999999999918E-02,3,10517,64,10517,10581,0,1, -6.1758188337448232E+01, -1.5387284453891259E+00,  3.5920610010185361E-01,  4.2256522245341865E-01,  0.0000000000000000E+00,  1.4210854715202004E-14
2,5,2,1,0,1,legacy-reference-bound,1,1,40, -1.9807362959937218E+00, -1.9688379385831909E+00,  1.1898357410530913E-02,  0.0000000000000000E+00,  2.6134649999676185E-13, -1.9807362959937218E+00,  9.4000000000038497E-05,1,41,0,41,41,0,0, -8.2178533692453808E+00, -1.7441139152051049E-01,  4.1814140928619581E-01,  4.2298165957320344E-01, -1.0000000000000000E+00, -1.0000000000000000E+00
2,5,2,1,0,1,legacy-reference-bound,2,2,53, -2.3674801587183008E+00, -2.3543287768871335E+00,  1.3151381831167264E-02,  0.0000000000000000E+00,  5.8397731095283234E-14, -9.9429684853772293E-01,  1.1500000000008725E-04,1,55,0,55,55,0,0, -7.6376218297506178E+00, -3.6180046486703904E-01,  4.1862097646870478E-01,  4.2294698365845418E-01,  1.2877003353853889E-03,  1.0515350653924611E+00
2,5,2,1,0,1,legacy-reference-bound,4,4,72, -2.6279936373849822E+00, -2.6148829842786832E+00,  1.3110653106298997E-02,  0.0000000000000000E+00,  7.4495964952348004E-14, -5.0106844360477343E-01,  1.5700000000007375E-04,1,76,0,76,76,0,0, -7.6124997374179699E+00, -3.9438299285046885E-01,  4.1864143222704486E-01,  4.2293989901152251E-01,  8.1640241548275316E-05,  1.1990704294320853E-01
2,5,2,1,0,1,legacy-reference-bound,8,8,104, -2.7544620226598231E+00, -2.7413503984044412E+00,  1.3111624255381926E-02,  0.0000000000000000E+00,  3.7247982476174002E-14, -2.5443697439520863E-01,  2.2999999999995246E-04,1,112,0,112,112,0,0, -7.6132329523722646E+00, -3.9350783278989593E-01,  4.1864083557423770E-01,  4.2294009290127643E-01,  2.1644546972510170E-06,  2.6172159033834852E-03
2,5,2,1,0,1,legacy-reference-bound,16,16,132, -2.8177538845981371E+00, -2.8046422598409362E+00,  1.3111624757200513E-02, -4.4408920985006262E-16,  1.9595436384634013E-14, -1.3108709239033420E-01,  3.1199999999997896E-04,1,148,0,148,148,0,0, -7.6132333470552043E+00, -3.9350735105156093E-01,  4.1864083525305895E-01,  4.2294009300795055E-01,  1.1441759761865455E-09,  1.4091832385432213E-06
2,5,2,1,0,1,legacy-reference-bound,32,32,150, -2.8494259968401408E+00, -2.8363143720829407E+00,  1.3111624757200069E-02,  0.0000000000000000E+00,  9.3813845580825728E-15, -6.9345420076083131E-02,  4.2399999999997995E-04,1,182,0,182,182,0,0, -7.6132333470554192E+00, -3.9350735105143192E-01,  4.1864083525305873E-01,  4.2294009300795055E-01,  2.2204460492503131E-16,  2.6667557051496260E-13
2,5,2,1,0,1,legacy-reference-bound,64,64,179, -2.8653061893208451E+00, -2.8521945645636451E+00,  1.3111624757200069E-02,  0.0000000000000000E+00,  5.6343818499726694E-15, -3.8347426716208270E-02,  8.4700000000004216E-04,1,243,0,243,243,0,0, -7.6132333470554192E+00, -3.9350735105143175E-01,  4.1864083525305873E-01,  4.2294009300795055E-01,  0.0000000000000000E+00,  1.6653345369377348E-16
2,5,2,1,0,1,legacy-reference-bound,128,128,242, -2.8733121733950986E+00, -2.8602005486378990E+00,  1.3111624757200069E-02,  4.4408920985006262E-16,  2.3835100559921329E-15, -2.2618711120634974E-02,  1.2020000000000364E-03,1,370,0,370,370,0,0, -7.6132333470554192E+00, -3.9350735105143192E-01,  4.1864083525305873E-01,  4.2294009300795055E-01,  0.0000000000000000E+00,  1.6653345369377348E-16
2,5,2,1,0,1,legacy-reference-bound,256,256,366, -2.8773981435708431E+00, -2.8642865188136426E+00,  1.3111624757200069E-02, -4.4408920985006262E-16,  1.1952244749480201E-15, -1.4381201718672514E-02,  1.7629999999999590E-03,1,622,0,622,622,0,0, -7.6132333470554192E+00, -3.9350735105143192E-01,  4.1864083525305873E-01,  4.2294009300795055E-01,  0.0000000000000000E+00,  0.0000000000000000E+00
2,5,2,1,0,1,legacy-reference-bound,512,512,663, -2.8795264637794498E+00, -2.8664148390222493E+00,  1.3111624757200069E-02, -4.4408920985006262E-16,  7.8236028766554000E-16, -9.7564683317290408E-03,  3.3069999999999489E-03,1,1175,0,1175,1175,0,0, -7.6132333470554201E+00, -3.9350735105143175E-01,  4.1864083525305873E-01,  4.2294009300795055E-01,  0.0000000000000000E+00,  8.8817841970012523E-16
2,5,2,1,0,1,legacy-reference-bound,1024,1024,1252, -2.8806602717603829E+00, -2.8675486470031832E+00,  1.3111624757200069E-02,  4.4408920985006262E-16,  4.4322184811207421E-16, -6.8964489748745660E-03,  6.4640000000000253E-03,1,2276,0,2276,2276,0,0, -7.6132333470554201E+00, -3.9350735105143175E-01,  4.1864083525305873E-01,  4.2294009300795055E-01,  0.0000000000000000E+00,  2.2204460492503131E-16
2,5,2,1,0,1,legacy-reference-bound,2048,2048,2412, -2.8812709290718397E+00, -2.8681593043146383E+00,  1.3111624757200069E-02, -1.3322676295501878E-15,  4.1942361042601739E-16, -4.9598711058121718E-03,  1.2774999999999981E-02,1,4460,0,4460,4460,0,0, -7.6132333470554201E+00, -3.9350735105143175E-01,  4.1864083525305873E-01,  4.2294009300795055E-01,  0.0000000000000000E+00,  0.0000000000000000E+00
2,5,2,1,0,1,legacy-reference-bound,4096,4096,4700, -2.8815972437161403E+00, -2.8684856189589429E+00,  1.3111624757200069E-02,  2.6645352591003757E-15,  2.7401854656855518E-16, -3.5281013359897986E-03,  2.9700999999999977E-02,1,8796,0,8796,8796,0,0, -7.6132333470554210E+00, -3.9350735105143186E-01,  4.1864083525305873E-01,  4.2294009300795055E-01,  0.0000000000000000E+00,  8.8817841970012523E-16
2,5,2,1,0,1,legacy-reference-bound,1,1,40, -2.0007362959937218E+00, -1.9688379385831909E+00,  3.1898357410530931E-02,  0.0000000000000000E+00,  2.6134649999676185E-13, -2.0007362959937218E+00,  1.3800000000008250E-04,2,41,0,41,41,0,0, -8.2178533692453808E+00, -1.7441139152051049E-01,  4.1814140928619581E-01,  4.2298165957320344E-01, -1.0000000000000000E+00, -1.0000000000000000E+00
2,5,2,1,0,1,legacy-reference-bound,2,2,53, -2.3874801587183008E+00, -2.3543287768871335E+00,  3.3151381831167281E-02,  0.0000000000000000E+00,  5.8397731095283234E-14, -1.0142968485377228E+00,  1.6899999999997473E-04,2,55,0,55,55,0,0, -7.6376218297506178E+00, -3.6180046486703904E-01,  4.1862097646870478E-01,  4.2294698365845418E-01,  1.2877003353853889E-03,  1.0515350653924611E+00
2,5,2,1,0,1,legacy-reference-bound,4,4,72, -2.6479936373849826E+00, -2.6148829842786832E+00,  3.3110653106299015E-02, -4.4408920985006262E-16,  7.4495964952348004E-14, -5.2106844360477345E-01,  2.2999999999995246E-04,2,76,0,76,76,0,0, -7.6124997374179699E+00, -3.9438299285046885E-01,  4.1864143222704486E-01,  4.2293989901152251E-01,  8.1640241548275316E-05,  1.1990704294320853E-01
2,5,2,1,0,1,legacy-reference-bound,8,8,104, -2.7744620226598231E+00, -2.7413503984044412E+00,  3.3111624255381944E-02,  0.0000000000000000E+00,  3.7247982476174002E-14, -2.7443697439520864E-01,  3.7199999999992794E-04,2,112,0,112,112,0,0, -7.6132329523722646E+00, -3.9350783278989593E-01,  4.1864083557423770E-01,  4.2294009290127643E-01,  2.1644546972510170E-06,  2.6172159033834852E-03
2,5,2,1,0,1,legacy-reference-bound,16,16,132, -2.8377538845981367E+00, -2.8046422598409362E+00,  3.3111624757200531E-02,  0.0000000000000000E+00,  1.9595436384634013E-14, -1.5108709239033419E-01,  5.0899999999998169E-04,2,148,0,148,148,0,0, -7.6132333470552043E+00, -3.9350735105156093E-01,  4.1864083525305895E-01,  4.2294009300795055E-01,  1.1441759761865455E-09,  1.4091832385432213E-06
2,5,2,1,0,1,legacy-reference-bound,32,32,150, -2.8694259968401408E+00, -2.8363143720829407E+00,  3.3111624757200087E-02,  0.0000000000000000E+00,  9.3813845580825728E-15, -8.9345420076083135E-02,  6.3899999999994517E-04,2,182,0,182,182,0,0, -7.6132333470554192E+00, -3.9350735105143192E-01,  4.1864083525305873E-01,  4.2294009300795055E-01,  2.2204460492503131E-16,  2.6667557051496260E-13
2,5,2,1,0,1,legacy-reference-bound,64,64,179, -2.8853061893208451E+00, -2.8521945645636451E+00,  3.3111624757200087E-02,  0.0000000000000000E+00,  5.6343818499726694E-15, -5.8347426716208267E-02,  8.9799999999995439E-04,2,243,0,243,243,0,0, -7.6132333470554192E+00, -3.9350735105143175E-01,  4.1864083525305873E-01,  4.2294009300795055E-01,  0.0000000000000000E+00,  1.6653345369377348E-16
2,5,2,1,0,1,legacy-reference-bound,128,128,242, -2.8933121733950986E+00, -2.8602005486378990E+00,  3.3111624757200087E-02,  4.4408920985006262E-16,  2.3835100559921329E-15, -4.2618711120634978E-02,  1.4309999999999601E-03,2,370,0,370,370,0,0, -7.6132333470554192E+00, -3.9350735105143192E-01,  4.1864083525305873E-01,  4.2294009300795055E-01,  0.0000000000000000E+00,  1.6653345369377348E-16
2,5,2,1,0,1,legacy-reference-bound,256,256,366, -2.8973981435708431E+00, -2.8642865188136426E+00,  3.3111624757200087E-02, -4.4408920985006262E-16,  1.1952244749480201E-15, -3.4381201718672511E-02,  2.6709999999999789E-03,2,622,0,622,622,0,0, -7.6132333470554192E+00, -3.9350735105143192E-01,  4.1864083525305873E-01,  4.2294009300795055E-01,  0.0000000000000000E+00,  0.0000000000000000E+00
2,5,2,1,0,1,legacy-reference-bound,512,512,663, -2.8995264637794498E+00, -2.8664148390222493E+00,  3.3111624757200087E-02, -4.4408920985006262E-16,  7.8236028766554000E-16, -2.9756468331729041E-02,  5.1889999999999992E-03,2,1175,0,1175,1175,0,0, -7.6132333470554201E+00, -3.9350735105143175E-01,  4.1864083525305873E-01,  4.2294009300795055E-01,  0.0000000000000000E+00,  8.8817841970012523E-16
2,5,2,1,0,1,legacy-reference-bound,1024,1024,1252, -2.9006602717603815E+00, -2.8675486470031832E+00,  3.3111624757200087E-02,  1.7763568394002505E-15,  4.4322184811207421E-16, -2.6896448974874566E-02,  1.0128000000000026E-02,2,2276,0,2276,2276,0,0, -7.6132333470554201E+00, -3.9350735105143175E-01,  4.1864083525305873E-01,  4.2294009300795055E-01,  0.0000000000000000E+00,  2.2204460492503131E-16
2,5,2,1,0,1,legacy-reference-bound,2048,2048,2412, -2.9012709290718419E+00, -2.8681593043146383E+00,  3.3111624757200087E-02, -3.5527136788005009E-15,  4.1942361042601739E-16, -2.4959871105812173E-02,  2.0844000000000085E-02,2,4460,0,4460,4460,0,0, -7.6132333470554201E+00, -3.9350735105143175E-01,  4.1864083525305873E-01,  4.2294009300795055E-01,  0.0000000000000000E+00,  0.0000000000000000E+00
2,5,2,1,0,1,legacy-reference-bound,4096,4096,4700, -2.9015972437161359E+00, -2.8684856189589429E+00,  3.3111624757200087E-02,  7.1054273576010019E-15,  2.7401854656855518E-16, -2.3528101335989798E-02,  3.2023000000000024E-02,2,8796,0,8796,8796,0,0, -7.6132333470554210E+00, -3.9350735105143186E-01,  4.1864083525305873E-01,  4.2294009300795055E-01,  0.0000000000000000E+00,  8.8817841970012523E-16
2,5,2,1,0,1,legacy-reference-bound,1,1,40, -2.0007362959937218E+00, -1.9688379385831909E+00,  3.1898357410530931E-02,  0.0000000000000000E+00,  2.6134649999676185E-13, -2.0007362959937218E+00,  9.3000000000009742E-05,3,41,0,41,41,0,0, -8.2178533692453808E+00, -1.7441139152051049E-01,  4.1814140928619581E-01,  4.2298165957320344E-01, -1.0000000000000000E+00, -1.0000000000000000E+00
2,5,2,1,0,1,legacy-reference-bound,2,2,53, -2.3874801587183008E+00, -2.3543287768871335E+00,  3.3151381831167281E-02,  0.0000000000000000E+00,  5.8397731095283234E-14, -1.0142968485377228E+00,  1.1399999999994748E-04,3,55,0,55,55,0,0, -7.6376218297506178E+00, -3.6180046486703904E-01,  4.1862097646870478E-01,  4.2294698365845418E-01,  1.2877003353853889E-03,  1.0515350653924611E+00
2,5,2,1,0,1,legacy-reference-bound,4,4,72, -2.6479936373849826E+00, -2.6148829842786832E+00,  3.3110653106299015E-02, -4.4408920985006262E-16,  7.4495964952348004E-14, -5.2106844360477345E-01,  1.5599999999993397E-04,3,76,0,76,76,0,0, -7.6124997374179699E+00, -3.9438299285046885E-01,  4.1864143222704486E-01,  4.2293989901152251E-01,  8.1640241548275316E-05,  1.1990704294320853E-01
2,5,2,1,0,1,legacy-reference-bound,8,8,104, -2.7744620226598231E+00, -2.7413503984044412E+00,  3.3111624255381944E-02,  0.0000000000000000E+00,  3.7247982476174002E-14, -2.7443697439520864E-01,  2.4699999999999722E-04,3,112,0,112,112,0,0, -7.6132329523722646E+00, -3.9350783278989593E-01,  4.1864083557423770E-01,  4.2294009290127643E-01,  2.1644546972510170E-06,  2.6172159033834852E-03
2,5,2,1,0,1,legacy-reference-bound,16,16,132, -2.8377538845981367E+00, -2.8046422598409362E+00,  3.3111624757200531E-02,  0.0000000000000000E+00,  1.9595436384634013E-14, -1.5108709239033419E-01,  3.1300000000000772E-04,3,148,0,148,148,0,0, -7.6132333470552043E+00, -3.9350735105156093E-01,  4.1864083525305895E-01,  4.2294009300795055E-01,  1.1441759761865455E-09,  1.4091832385432213E-06
2,5,2,1,0,1,legacy-reference-bound,32,32,150, -2.8694259968401408E+00, -2.8363143720829407E+00,  3.3111624757200087E-02,  0.0000000000000000E+00,  9.3813845580825728E-15, -8.9345420076083135E-02,  4.0600000000001746E-04,3,182,0,182,182,0,0, -7.6132333470554192E+00, -3.9350735105143192E-01,  4.1864083525305873E-01,  4.2294009300795055E-01,  2.2204460492503131E-16,  2.6667557051496260E-13
2,5,2,1,0,1,legacy-reference-bound,64,64,179, -2.8853061893208451E+00, -2.8521945645636451E+00,  3.3111624757200087E-02,  0.0000000000000000E+00,  5.6343818499726694E-15, -5.8347426716208267E-02,  6.1500000000003219E-04,3,243,0,243,243,0,0, -7.6132333470554192E+00, -3.9350735105143175E-01,  4.1864083525305873E-01,  4.2294009300795055E-01,  0.0000000000000000E+00,  1.6653345369377348E-16
2,5,2,1,0,1,legacy-reference-bound,128,128,242, -2.8933121733950986E+00, -2.8602005486378990E+00,  3.3111624757200087E-02,  4.4408920985006262E-16,  2.3835100559921329E-15, -4.2618711120634978E-02,  1.0250000000000536E-03,3,370,0,370,370,0,0, -7.6132333470554192E+00, -3.9350735105143192E-01,  4.1864083525305873E-01,  4.2294009300795055E-01,  0.0000000000000000E+00,  1.6653345369377348E-16
2,5,2,1,0,1,legacy-reference-bound,256,256,373, -2.8867727134161330E+00, -2.8536610886589324E+00,  3.3111624757200087E-02, -4.4408920985006262E-16,  7.5286998857393428E-16,  0.0000000000000000E+00,  1.6800000000000148E-03,3,623,6,623,629,0,1, -7.6132333470554192E+00, -3.9350735105143175E-01,  4.1864083525305873E-01,  4.2294009300795055E-01,  0.0000000000000000E+00,  1.6653345369377348E-16
2,5,2,1,0,1,legacy-reference-bound,512,512,671, -2.8890915122425880E+00, -2.8559798874853874E+00,  3.3111624757200087E-02, -4.4408920985006262E-16,  4.3454823073219018E-16,  0.0000000000000000E+00,  3.2109999999999639E-03,3,1173,10,1173,1183,0,1, -7.6132333470554201E+00, -3.9350735105143186E-01,  4.1864083525305873E-01,  4.2294009300795055E-01,  0.0000000000000000E+00,  8.8817841970012523E-16
2,5,2,1,0,1,legacy-reference-bound,1024,1024,1268, -2.8903443708271421E+00, -2.8572327460699443E+00,  3.3111624757200087E-02,  2.2204460492503131E-15,  3.4174052476743100E-16,  0.0000000000000000E+00,  6.5760000000000263E-03,3,2272,20,2272,2292,0,1, -7.6132333470554201E+00, -3.9350735105143186E-01,  4.1864083525305873E-01,  4.2294009300795055E-01,  0.0000000000000000E+00,  0.0000000000000000E+00
2,5,2,1,0,1,legacy-reference-bound,2048,2048,2439, -2.8910253076993633E+00, -2.8579136829421601E+00,  3.3111624757200087E-02, -3.1086244689504383E-15,  2.1011838102769076E-16,  0.0000000000000000E+00,  1.3171000000000044E-02,3,4447,40,4447,4487,0,1, -7.6132333470554201E+00, -3.9350735105143186E-01,  4.1864083525305873E-01,  4.2294009300795055E-01,  0.0000000000000000E+00,  2.2204460492503131E-16
2,5,2,1,0,1,legacy-reference-bound,4096,4096,4757, -2.8913908566047097E+00, -2.8582792318475172E+00,  3.3111624757200087E-02,  7.5495165674510645E-15,  2.1674556680700841E-16,  0.0000000000000000E+00,  2.5178000000000034E-02,3,8773,80,8773,8853,0,1, -7.6132333470554210E+00, -3.9350735105143186E-01,  4.1864083525305873E-01,  4.2294009300795055E-01,  0.0000000000000000E+00,  8.8817841970012523E-16
2,5,3,1,0,1,legacy-reference-bound,1,1,1, -1.1875000000000000E+00, -1.1875000000000000E+00,  0.0000000000000000E+00,  0.0000000000000000E+00,  0.0000000000000000E+00, -1.1875000000000000E+00,  1.4000000000069512E-05,1,2,0,2,2,0,0,  2.0000000000000000E-02,  2.0000000000000000E-02,  4.2299999999999999E-01,  4.2299999999999999E-01, -1.0000000000000000E+00, -1.0000000000000000E+00
2,5,3,1,0,1,legacy-reference-bound,2,2,2, -1.1875000000000000E+00, -1.1875000000000000E+00,  0.0000000000000000E+00,  0.0000000000000000E+00,  0.0000000000000000E+00, -5.9375000000000000E-01,  1.2000000000012001E-05,1,4,0,4,4,0,0,  2.0000000000000000E-02,  2.0000000000000000E-02,  4.2299999999999999E-01,  4.2299999999999999E-01,  0.0000000000000000E+00,  0.0000000000000000E+00
2,5,3,1,0,1,legacy-reference-bound,4,4,4, -1.1875000000000000E+00, -1.1875000000000000E+00,  0.0000000000000000E+00,  0.0000000000000000E+00,  0.0000000000000000E+00, -2.9687500000000000E-01,  2.0999999999937735E-05,1,8,0,8,8,0,0,  2.0000000000000000E-02,  2.0000000000000000E-02,  4.2299999999999999E-01,  4.2299999999999999E-01,  0.0000000000000000E+00,  0.0000000000000000E+00
2,5,3,1,0,1,legacy-reference-bound,8,8,8, -1.1875000000000000E+00, -1.1875000000000000E+00,  0.0000000000000000E+00,  0.0000000000000000E+00,  0.0000000000000000E+00, -1.4843750000000000E-01,  3.7999999999982492E-05,1,16,0,16,16,0,0,  2.0000000000000000E-02,  2.0000000000000000E-02,  4.2299999999999999E-01,  4.2299999999999999E-01,  0.0000000000000000E+00,  0.0000000000000000E+00
2,5,3,1,0,1,legacy-reference-bound,16,16,16, -1.1875000000000000E+00, -1.1875000000000000E+00,  0.0000000000000000E+00,  0.0000000000000000E+00,  0.0000000000000000E+00, -7.4218750000000000E-02,  7.4000000000018495E-05,1,32,0,32,32,0,0,  2.0000000000000000E-02,  2.0000000000000000E-02,  4.2299999999999999E-01,  4.2299999999999999E-01,  0.0000000000000000E+00,  0.0000000000000000E+00
2,5,3,1,0,1,legacy-reference-bound,32,32,32, -1.1875000000000000E+00, -1.1875000000000000E+00,  0.0000000000000000E+00,  0.0000000000000000E+00,  0.0000000000000000E+00, -3.7109375000000000E-02,  1.4799999999992597E-04,1,64,0,64,64,0,0,  2.0000000000000000E-02,  2.0000000000000000E-02,  4.2299999999999999E-01,  4.2299999999999999E-01,  0.0000000000000000E+00,  0.0000000000000000E+00
2,5,3,1,0,1,legacy-reference-bound,64,64,64, -1.1875000000000000E+00, -1.1875000000000000E+00,  0.0000000000000000E+00,  0.0000000000000000E+00,  0.0000000000000000E+00, -1.8554687500000000E-02,  8.0700000000000216E-04,1,128,0,128,128,0,0,  2.0000000000000000E-02,  2.0000000000000000E-02,  4.2299999999999999E-01,  4.2299999999999999E-01,  0.0000000000000000E+00,  0.0000000000000000E+00
2,5,3,1,0,1,legacy-reference-bound,128,128,128, -1.1875000000000000E+00, -1.1875000000000000E+00,  0.0000000000000000E+00,  0.0000000000000000E+00,  0.0000000000000000E+00, -9.2773437500000000E-03,  6.1400000000000343E-04,1,256,0,256,256,0,0,  2.0000000000000000E-02,  2.0000000000000000E-02,  4.2299999999999999E-01,  4.2299999999999999E-01,  0.0000000000000000E+00,  0.0000000000000000E+00
2,5,3,1,0,1,legacy-reference-bound,256,256,256, -1.1875000000000000E+00, -1.1875000000000000E+00,  0.0000000000000000E+00,  0.0000000000000000E+00,  0.0000000000000000E+00, -4.6386718750000000E-03,  1.2469999999999981E-03,1,512,0,512,512,0,0,  2.0000000000000000E-02,  2.0000000000000000E-02,  4.2299999999999999E-01,  4.2299999999999999E-01,  0.0000000000000000E+00,  0.0000000000000000E+00
2,5,3,1,0,1,legacy-reference-bound,512,512,512, -1.1875000000000000E+00, -1.1875000000000000E+00,  0.0000000000000000E+00,  0.0000000000000000E+00,  0.0000000000000000E+00, -2.3193359375000000E-03,  2.4650000000000505E-03,1,1024,0,1024,1024,0,0,  2.0000000000000000E-02,  2.0000000000000000E-02,  4.2299999999999999E-01,  4.2299999999999999E-01,  0.0000000000000000E+00,  0.0000000000000000E+00
2,5,3,1,0,1,legacy-reference-bound,1024,1024,1024, -1.1875000000000000E+00, -1.1875000000000000E+00,  0.0000000000000000E+00,  0.0000000000000000E+00,  0.0000000000000000E+00, -1.1596679687500000E-03,  4.7060000000000990E-03,1,2048,0,2048,2048,0,0,  2.0000000000000000E-02,  2.0000000000000000E-02,  4.2299999999999999E-01,  4.2299999999999999E-01,  0.0000000000000000E+00,  0.0000000000000000E+00
2,5,3,1,0,1,legacy-reference-bound,2048,2048,2048, -1.1875000000000000E+00, -1.1875000000000000E+00,  0.0000000000000000E+00,  0.0000000000000000E+00,  0.0000000000000000E+00, -5.7983398437500000E-04,  9.4159999999999799E-03,1,4096,0,4096,4096,0,0,  2.0000000000000000E-02,  2.0000000000000000E-02,  4.2299999999999999E-01,  4.2299999999999999E-01,  0.0000000000000000E+00,  0.0000000000000000E+00
2,5,3,1,0,1,legacy-reference-bound,4096,4096,4096, -1.1875000000000000E+00, -1.1875000000000000E+00,  0.0000000000000000E+00,  0.0000000000000000E+00,  0.0000000000000000E+00, -2.8991699218750000E-04,  1.9475000000000020E-02,1,8192,0,8192,8192,0,0,  2.0000000000000000E-02,  2.0000000000000000E-02,  4.2299999999999999E-01,  4.2299999999999999E-01,  0.0000000000000000E+00,  0.0000000000000000E+00
2,5,3,1,0,1,legacy-reference-bound,1,1,1, -1.2075000000000000E+00, -1.1875000000000000E+00,  2.0000000000000018E-02,  0.0000000000000000E+00,  0.0000000000000000E+00, -1.2075000000000000E+00,  1.2000000000012001E-05,2,2,0,2,2,0,0,  2.0000000000000000E-02,  2.0000000000000000E-02,  4.2299999999999999E-01,  4.2299999999999999E-01, -1.0000000000000000E+00, -1.0000000000000000E+00
2,5,3,1,0,1,legacy-reference-bound,2,2,2, -1.2075000000000000E+00, -1.1875000000000000E+00,  2.0000000000000018E-02,  0.0000000000000000E+00,  0.0000000000000000E+00, -6.1375000000000002E-01,  1.2000000000012001E-05,2,4,0,4,4,0,0,  2.0000000000000000E-02,  2.0000000000000000E-02,  4.2299999999999999E-01,  4.2299999999999999E-01,  0.0000000000000000E+00,  0.0000000000000000E+00
2,5,3,1,0,1,legacy-reference-bound,4,4,4, -1.2075000000000000E+00, -1.1875000000000000E+00,  2.0000000000000018E-02,  0.0000000000000000E+00,  0.0000000000000000E+00, -3.1687500000000002E-01,  2.0000000000020002E-05,2,8,0,8,8,0,0,  2.0000000000000000E-02,  2.0000000000000000E-02,  4.2299999999999999E-01,  4.2299999999999999E-01,  0.0000000000000000E+00,  0.0000000000000000E+00
2,5,3,1,0,1,legacy-reference-bound,8,8,8, -1.2075000000000000E+00, -1.1875000000000000E+00,  2.0000000000000018E-02,  0.0000000000000000E+00,  0.0000000000000000E+00, -1.6843749999999999E-01,  4.0000000000040004E-05,2,16,0,16,16,0,0,  2.0000000000000000E-02,  2.0000000000000000E-02,  4.2299999999999999E-01,  4.2299999999999999E-01,  0.0000000000000000E+00,  0.0000000000000000E+00
2,5,3,1,0,1,legacy-reference-bound,16,16,16, -1.2075000000000000E+00, -1.1875000000000000E+00,  2.0000000000000018E-02,  0.0000000000000000E+00,  0.0000000000000000E+00, -9.4218750000000004E-02,  8.5000000000001741E-05,2,32,0,32,32,0,0,  2.0000000000000000E-02,  2.0000000000000000E-02,  4.2299999999999999E-01,  4.2299999999999999E-01,  0.0000000000000000E+00,  0.0000000000000000E+00
2,5,3,1,0,1,legacy-reference-bound,32,32,32, -1.2075000000000000E+00, -1.1875000000000000E+00,  2.0000000000000018E-02,  0.0000000000000000E+00,  0.0000000000000000E+00, -5.7109375000000004E-02,  1.5599999999993397E-04,2,64,0,64,64,0,0,  2.0000000000000000E-02,  2.0000000000000000E-02,  4.2299999999999999E-01,  4.2299999999999999E-01,  0.0000000000000000E+00,  0.0000000000000000E+00
2,5,3,1,0,1,legacy-reference-bound,64,64,64, -1.2075000000000000E+00, -1.1875000000000000E+00,  2.0000000000000018E-02,  0.0000000000000000E+00,  0.0000000000000000E+00, -3.8554687500000004E-02,  2.9000000000001247E-04,2,128,0,128,128,0,0,  2.0000000000000000E-02,  2.0000000000000000E-02,  4.2299999999999999E-01,  4.2299999999999999E-01,  0.0000000000000000E+00,  0.0000000000000000E+00
2,5,3,1,0,1,legacy-reference-bound,128,128,128, -1.2075000000000000E+00, -1.1875000000000000E+00,  2.0000000000000018E-02,  0.0000000000000000E+00,  0.0000000000000000E+00, -2.9277343750000000E-02,  6.0599999999999543E-04,2,256,0,256,256,0,0,  2.0000000000000000E-02,  2.0000000000000000E-02,  4.2299999999999999E-01,  4.2299999999999999E-01,  0.0000000000000000E+00,  0.0000000000000000E+00
2,5,3,1,0,1,legacy-reference-bound,256,256,256, -1.2075000000000000E+00, -1.1875000000000000E+00,  2.0000000000000018E-02,  0.0000000000000000E+00,  0.0000000000000000E+00, -2.4638671875000000E-02,  1.1880000000000779E-03,2,512,0,512,512,0,0,  2.0000000000000000E-02,  2.0000000000000000E-02,  4.2299999999999999E-01,  4.2299999999999999E-01,  0.0000000000000000E+00,  0.0000000000000000E+00
2,5,3,1,0,1,legacy-reference-bound,512,512,512, -1.2075000000000000E+00, -1.1875000000000000E+00,  2.0000000000000018E-02,  0.0000000000000000E+00,  0.0000000000000000E+00, -2.2319335937500000E-02,  2.3389999999998690E-03,2,1024,0,1024,1024,0,0,  2.0000000000000000E-02,  2.0000000000000000E-02,  4.2299999999999999E-01,  4.2299999999999999E-01,  0.0000000000000000E+00,  0.0000000000000000E+00
2,5,3,1,0,1,legacy-reference-bound,1024,1024,1024, -1.2075000000000000E+00, -1.1875000000000000E+00,  2.0000000000000018E-02,  0.0000000000000000E+00,  0.0000000000000000E+00, -2.1159667968750000E-02,  5.1030000000000797E-03,2,2048,0,2048,2048,0,0,  2.0000000000000000E-02,  2.0000000000000000E-02,  4.2299999999999999E-01,  4.2299999999999999E-01,  0.0000000000000000E+00,  0.0000000000000000E+00
2,5,3,1,0,1,legacy-reference-bound,2048,2048,2048, -1.2075000000000000E+00, -1.1875000000000000E+00,  2.0000000000000018E-02,  0.0000000000000000E+00,  0.0000000000000000E+00, -2.0579833984375000E-02,  9.8259999999998904E-03,2,4096,0,4096,4096,0,0,  2.0000000000000000E-02,  2.0000000000000000E-02,  4.2299999999999999E-01,  4.2299999999999999E-01,  0.0000000000000000E+00,  0.0000000000000000E+00
2,5,3,1,0,1,legacy-reference-bound,4096,4096,4096, -1.2075000000000000E+00, -1.1875000000000000E+00,  2.0000000000000018E-02,  0.0000000000000000E+00,  0.0000000000000000E+00, -2.0289916992187500E-02,  1.9268999999999981E-02,2,8192,0,8192,8192,0,0,  2.0000000000000000E-02,  2.0000000000000000E-02,  4.2299999999999999E-01,  4.2299999999999999E-01,  0.0000000000000000E+00,  0.0000000000000000E+00
2,5,3,1,0,1,legacy-reference-bound,1,1,1, -1.2075000000000000E+00, -1.1875000000000000E+00,  2.0000000000000018E-02,  0.0000000000000000E+00,  0.0000000000000000E+00, -1.2075000000000000E+00,  1.2999999999818712E-05,3,2,0,2,2,0,0,  2.0000000000000000E-02,  2.0000000000000000E-02,  4.2299999999999999E-01,  4.2299999999999999E-01, -1.0000000000000000E+00, -1.0000000000000000E+00
2,5,3,1,0,1,legacy-reference-bound,2,2,2, -1.2075000000000000E+00, -1.1875000000000000E+00,  2.0000000000000018E-02,  0.0000000000000000E+00,  0.0000000000000000E+00, -6.1375000000000002E-01,  1.2000000000123023E-05,3,4,0,4,4,0,0,  2.0000000000000000E-02,  2.0000000000000000E-02,  4.2299999999999999E-01,  4.2299999999999999E-01,  0.0000000000000000E+00,  0.0000000000000000E+00
2,5,3,1,0,1,legacy-reference-bound,4,4,4, -1.2075000000000000E+00, -1.1875000000000000E+00,  2.0000000000000018E-02,  0.0000000000000000E+00,  0.0000000000000000E+00, -3.1687500000000002E-01,  2.1000000000048757E-05,3,8,0,8,8,0,0,  2.0000000000000000E-02,  2.0000000000000000E-02,  4.2299999999999999E-01,  4.2299999999999999E-01,  0.0000000000000000E+00,  0.0000000000000000E+00
2,5,3,1,0,1,legacy-reference-bound,8,8,8, -1.2075000000000000E+00, -1.1875000000000000E+00,  2.0000000000000018E-02,  0.0000000000000000E+00,  0.0000000000000000E+00, -1.6843749999999999E-01,  7.2000000000072006E-05,3,16,0,16,16,0,0,  2.0000000000000000E-02,  2.0000000000000000E-02,  4.2299999999999999E-01,  4.2299999999999999E-01,  0.0000000000000000E+00,  0.0000000000000000E+00
2,5,3,1,0,1,legacy-reference-bound,16,16,16, -1.2075000000000000E+00, -1.1875000000000000E+00,  2.0000000000000018E-02,  0.0000000000000000E+00,  0.0000000000000000E+00, -9.4218750000000004E-02,  7.5000000000047251E-05,3,32,0,32,32,0,0,  2.0000000000000000E-02,  2.0000000000000000E-02,  4.2299999999999999E-01,  4.2299999999999999E-01,  0.0000000000000000E+00,  0.0000000000000000E+00
2,5,3,1,0,1,legacy-reference-bound,32,32,32, -1.2075000000000000E+00, -1.1875000000000000E+00,  2.0000000000000018E-02,  0.0000000000000000E+00,  0.0000000000000000E+00, -5.7109375000000004E-02,  1.4699999999989721E-04,3,64,0,64,64,0,0,  2.0000000000000000E-02,  2.0000000000000000E-02,  4.2299999999999999E-01,  4.2299999999999999E-01,  0.0000000000000000E+00,  0.0000000000000000E+00
2,5,3,1,0,1,legacy-reference-bound,64,64,64, -1.2075000000000000E+00, -1.1875000000000000E+00,  2.0000000000000018E-02,  0.0000000000000000E+00,  0.0000000000000000E+00, -3.8554687500000004E-02,  2.9100000000004123E-04,3,128,0,128,128,0,0,  2.0000000000000000E-02,  2.0000000000000000E-02,  4.2299999999999999E-01,  4.2299999999999999E-01,  0.0000000000000000E+00,  0.0000000000000000E+00
2,5,3,1,0,1,legacy-reference-bound,128,128,128, -1.2075000000000000E+00, -1.1875000000000000E+00,  2.0000000000000018E-02,  0.0000000000000000E+00,  0.0000000000000000E+00, -2.9277343750000000E-02,  7.1799999999999642E-04,3,256,0,256,256,0,0,  2.0000000000000000E-02,  2.0000000000000000E-02,  4.2299999999999999E-01,  4.2299999999999999E-01,  0.0000000000000000E+00,  0.0000000000000000E+00
2,5,3,1,0,1,legacy-reference-bound,256,256,304, -1.2020380418673038E+00, -1.1820380418673038E+00,  2.0000000000000018E-02,  0.0000000000000000E+00,  5.5077470362263625E-17,  0.0000000000000000E+00,  1.3369999999999216E-03,3,537,23,537,560,0,1,  2.0000000000000007E-02,  2.0000000000000039E-02,  4.2299999999999999E-01,  4.2299999999999999E-01,  0.0000000000000000E+00,  3.8163916471489756E-17
2,5,3,1,0,1,legacy-reference-bound,512,512,565, -1.2027912477909304E+00, -1.1827912477909306E+00,  2.0000000000000018E-02,  2.2204460492503131E-16,  1.8453120975703285E-16,  0.0000000000000000E+00,  2.6329999999998854E-03,3,1048,29,1048,1077,0,1,  1.9999999999999976E-02,  1.9999999999999993E-02,  4.2299999999999999E-01,  4.2299999999999999E-01,  0.0000000000000000E+00,  5.5511151231257827E-17
2,5,3,1,0,1,legacy-reference-bound,1024,1024,1093, -1.2031531356033360E+00, -1.1831531356033360E+00,  2.0000000000000018E-02,  0.0000000000000000E+00,  1.2212182220333601E-16,  0.0000000000000000E+00,  5.0429999999999087E-03,3,2079,38,2079,2117,0,1,  1.9999999999999941E-02,  1.9999999999999997E-02,  4.2299999999999999E-01,  4.2299999999999999E-01,  0.0000000000000000E+00,  4.1633363423443370E-17
2,5,3,1,0,1,legacy-reference-bound,2048,2048,2139, -1.2033777366573126E+00, -1.1833777366573126E+00,  2.0000000000000018E-02,  0.0000000000000000E+00,  1.6457511351972154E-16,  0.0000000000000000E+00,  9.8430000000000462E-03,3,4130,57,4130,4187,0,1,  1.9999999999999983E-02,  2.0000000000000021E-02,  4.2299999999999999E-01,  4.2299999999999999E-01,  0.0000000000000000E+00,  7.9797279894933126E-17
2,5,3,1,0,1,legacy-reference-bound,4096,4096,4253, -1.2034802938076983E+00, -1.1834802938076983E+00,  2.0000000000000018E-02,  0.0000000000000000E+00,  1.5762944335223628E-16,  0.0000000000000000E+00,  2.0615999999999968E-02,3,8432,95,8432,8527,0,1,  1.9999999999999941E-02,  1.9999999999999997E-02,  4.2299999999999999E-01,  4.2299999999999999E-01,  0.0000000000000000E+00,  7.9797279894933126E-17
