geometry,bottom_mode,profile,window,stop_code,solver_status,solver_route,steps,completed,iterations,transfer_cm,bottom_cm,storage_change_cm,ledger_residual_cm,max_step_soil_residual_cm,first_transfer_cm,cpu_seconds,history,external_calls,flux_calls,head_calls,evaluations,within_solve_switches,accepted_regime_switches,h_min,h_max,theta_min,theta_max,water_l1_diff_cm,head_inf_diff_cm
3,7,1,1,0,1,legacy-reference-bound,1,1,5, -6.1577033610379051E-01, -1.3814059861117832E-02,  6.0195627624264603E-01, -2.6647087314479734E-14,  8.8644369622414843E-16, -6.1577033610379051E-01,  1.3100000000000004E-04,1,6,0,6,6,0,0, -1.2299999992435363E+02,  6.2182069883811530E-01,  3.0672347322635352E-01,  4.2299999999999999E-01, -1.0000000000000000E+00, -1.0000000000000000E+00
3,7,1,1,0,1,legacy-reference-bound,2,2,10, -9.6559134526440682E-01, -1.3814059840961321E-02,  9.5177728542342876E-01, -1.6733142649272281E-14,  1.5872719805187785E-16, -4.9025790906954170E-01,  1.2700000000000016E-04,1,12,0,12,12,0,0, -1.2299999999973332E+02,  2.6929802906344180E-01,  3.0672347317452830E-01,  4.2299999999999999E-01,  3.5104297604833801E-01,  5.4628689357404035E+01
3,7,1,1,0,1,legacy-reference-bound,4,4,70, -1.4292182482824916E+00, -1.3814059840923827E-02,  1.4154041884416415E+00,  7.3781258880245559E-14,  5.2357423951931992E-14, -4.0821115934742452E-01,  7.1100000000000004E-04,1,74,0,74,74,0,0, -1.2299999999999963E+02, -1.5918718588627367E-01,  3.0672347317434512E-01,  4.2298394169696196E-01,  4.6420909371344754E-01,  6.2857690580824780E+01
3,7,1,1,0,1,legacy-reference-bound,8,8,120, -1.8423908587268290E+00, -1.3814059840923806E-02,  1.8285767988858908E+00, -1.4391265956703592E-14,  1.5603837666411380E-14, -3.5511776396822670E-01,  1.2650000000000001E-03,1,128,0,128,128,0,0, -1.2300000000000001E+02, -2.8851001708706719E-01,  3.0672347317434490E-01,  4.2296185777961948E-01,  4.1463756924259076E-01,  5.4646391228920436E+01
3,7,1,1,0,1,legacy-reference-bound,16,16,232, -2.0774658891843809E+00, -1.3814059840923810E-02,  2.0636518293433852E+00, -7.1897349185334747E-14,  1.2792718273590964E-14, -3.1841444655005247E-01,  2.4429999999999999E-03,1,248,0,248,248,0,0, -1.2300000000000001E+02, -2.8041417304358146E-01,  3.0672347317434490E-01,  4.2296340477545835E-01,  2.3507590327386585E-01,  3.1947384776722814E+01
3,7,1,1,0,1,legacy-reference-bound,32,32,454, -2.2017247219435543E+00, -1.3814059840923815E-02,  2.1879106621025528E+00, -7.7665304742957630E-14,  1.2314368275090359E-14, -2.8426962503224157E-01,  4.7959999999999990E-03,1,486,0,486,486,0,0, -1.2300000000000001E+02, -2.6820922924627016E-01,  3.0672347317434490E-01,  4.2296569873930878E-01,  1.2425918964458688E-01,  1.6003840411468047E+01
3,7,1,1,0,1,legacy-reference-bound,64,64,856, -2.2670721918562289E+00, -1.3814059840923794E-02,  2.2532581320152261E+00, -7.9018389054219540E-14,  1.1524852253086415E-14, -2.3934760739419964E-01,  9.0419999999999997E-03,1,920,0,920,920,0,0, -1.2300000000000000E+02, -2.6011502647748458E-01,  3.0672347317434490E-01,  4.2296719424579909E-01,  6.5347614263880083E-02,  8.1179624373250476E+00
3,7,1,1,0,1,legacy-reference-bound,128,128,1600, -2.3012741500403817E+00, -1.3814059840923780E-02,  2.2874600901993674E+00, -9.0578586298128982E-14,  1.0074298166518059E-14, -1.8300877201453405E-01,  1.6905000000000000E-02,1,1728,0,1728,1728,0,0, -1.2300000000000000E+02, -2.5534760885285246E-01,  3.0672347317434490E-01,  4.2296806528075981E-01,  3.4202002742280413E-02,  3.8699802427367871E+00
3,7,1,1,0,1,legacy-reference-bound,256,256,2962, -2.3189967454637541E+00, -1.3814059840923773E-02,  2.3051826856227535E+00, -7.6818759686680949E-14,  3.5369385371908368E-15, -1.2670500569860735E-01,  3.1560999999999992E-02,1,3218,0,3218,3218,0,0, -1.2300000000000000E+02, -2.5269824572501787E-01,  3.0672347317434490E-01,  4.2296854615795254E-01,  1.7722614672716908E-02,  2.0447024710858699E+00
3,7,1,1,0,1,legacy-reference-bound,512,512,5394, -2.3280809730958940E+00, -1.3814059840923962E-02,  2.3142669132548761E+00, -9.3949154011951919E-14,  4.5015261049968780E-15, -8.0182754747878476E-02,  5.8104000000000003E-02,1,5906,0,5906,5906,0,0, -1.2300000000000000E+02, -2.5128173216072386E-01,  3.0672347317434490E-01,  4.2296880232762513E-01,  9.0842362623230755E-03,  1.0605629599031801E+00
3,7,1,1,0,1,legacy-reference-bound,1024,1024,9684, -2.3326957515014435E+00, -1.3814059840923701E-02,  2.3188816916604864E+00, -3.3370875507365838E-14,  2.5049813568919777E-15, -4.6969069427893882E-02,  1.0500999999999999E-01,1,10708,0,10708,10708,0,0, -1.2300000000000014E+02, -2.5054395538148622E-01,  3.0672347317434479E-01,  4.2296893549151982E-01,  4.6147823761941154E-03,  5.4093919740566321E-01
3,7,1,1,0,1,legacy-reference-bound,2048,2048,17082, -2.3350248042276127E+00, -1.3814059840924282E-02,  2.3212107443866259E+00, -6.2543720202867803E-14,  1.8696185550247379E-15, -2.5898454019469282E-02,  1.9311300000000001E-01,1,19130,0,19130,19130,0,0, -1.2300000000000000E+02, -2.5016631250501015E-01,  3.0672347317434490E-01,  4.2296900358469613E-01,  2.3290546050191985E-03,  2.7341293448363047E-01
3,7,1,1,0,1,legacy-reference-bound,4096,4096,29795, -2.3361953503998678E+00, -1.3814059840924689E-02,  2.3223812905589512E+00,  8.0300349702966400E-15,  2.1750823527271618E-15, -1.3695567560400945E-02,  3.7427600000000005E-01,1,33891,0,33891,33891,0,0, -1.2300000000000000E+02, -2.4997506347023596E-01,  3.0672347317434490E-01,  4.2296903805119390E-01,  1.1705470815298602E-03,  1.3749446869996973E-01
3,7,1,1,0,1,legacy-reference-bound,1,1,5, -6.3577033610379052E-01, -1.3814059861117832E-02,  6.2195627624264560E-01, -2.7091176524329796E-14,  8.8644369622414843E-16, -6.3577033610379052E-01,  6.8999999999985739E-05,2,6,0,6,6,0,0, -1.2299999992435363E+02,  6.2182069883811530E-01,  3.0672347322635352E-01,  4.2299999999999999E-01, -1.0000000000000000E+00, -1.0000000000000000E+00
3,7,1,1,0,1,legacy-reference-bound,2,2,10, -9.8559134526440684E-01, -1.3814059840961321E-02,  9.7177728542342834E-01, -1.7177231859122344E-14,  1.5872719805187785E-16, -5.1025790906954172E-01,  1.3600000000002499E-04,2,12,0,12,12,0,0, -1.2299999999973332E+02,  2.6929802906344180E-01,  3.0672347317452830E-01,  4.2299999999999999E-01,  3.5104297604833801E-01,  5.4628689357404035E+01
3,7,1,1,0,1,legacy-reference-bound,4,4,70, -1.4492182482824916E+00, -1.3814059840923827E-02,  1.4354041884416411E+00,  7.3337169670395497E-14,  5.2357423951931992E-14, -4.2821115934742454E-01,  7.2600000000000442E-04,2,74,0,74,74,0,0, -1.2299999999999963E+02, -1.5918718588627367E-01,  3.0672347317434512E-01,  4.2298394169696196E-01,  4.6420909371344754E-01,  6.2857690580824780E+01
3,7,1,1,0,1,legacy-reference-bound,8,8,120, -1.8623908587268290E+00, -1.3814059840923806E-02,  1.8485767988858903E+00, -1.4835355166553654E-14,  1.5603837666411380E-14, -3.7511776396822671E-01,  1.2420000000000764E-03,2,128,0,128,128,0,0, -1.2300000000000001E+02, -2.8851001708706719E-01,  3.0672347317434490E-01,  4.2296185777961948E-01,  4.1463756924259076E-01,  5.4646391228920436E+01
3,7,1,1,0,1,legacy-reference-bound,16,16,232, -2.0974658891843809E+00, -1.3814059840923810E-02,  2.0836518293433848E+00, -7.2341438395184809E-14,  1.2792718273590964E-14, -3.3841444655005248E-01,  2.4309999999999610E-03,2,248,0,248,248,0,0, -1.2300000000000001E+02, -2.8041417304358146E-01,  3.0672347317434490E-01,  4.2296340477545835E-01,  2.3507590327386585E-01,  3.1947384776722814E+01
3,7,1,1,0,1,legacy-reference-bound,32,32,454, -2.2217247219435543E+00, -1.3814059840923815E-02,  2.2079106621025524E+00, -7.8109393952807693E-14,  1.2314368275090359E-14, -3.0426962503224159E-01,  5.0899999999999279E-03,2,486,0,486,486,0,0, -1.2300000000000001E+02, -2.6820922924627016E-01,  3.0672347317434490E-01,  4.2296569873930878E-01,  1.2425918964458688E-01,  1.6003840411468047E+01
3,7,1,1,0,1,legacy-reference-bound,64,64,856, -2.2870721918562285E+00, -1.3814059840923794E-02,  2.2732581320152256E+00, -7.9018389054219540E-14,  1.1524852253086415E-14, -2.5934760739419965E-01,  9.1769999999999907E-03,2,920,0,920,920,0,0, -1.2300000000000000E+02, -2.6011502647748458E-01,  3.0672347317434490E-01,  4.2296719424579909E-01,  6.5347614263880083E-02,  8.1179624373250476E+00
3,7,1,1,0,1,legacy-reference-bound,128,128,1600, -2.3212741500403813E+00, -1.3814059840923780E-02,  2.3074600901993669E+00, -9.0578586298128982E-14,  1.0074298166518059E-14, -2.0300877201453404E-01,  2.3495000000000044E-02,2,1728,0,1728,1728,0,0, -1.2300000000000000E+02, -2.5534760885285246E-01,  3.0672347317434490E-01,  4.2296806528075981E-01,  3.4202002742280413E-02,  3.8699802427367871E+00
3,7,1,1,0,1,legacy-reference-bound,256,256,2962, -2.3389967454637541E+00, -1.3814059840923773E-02,  2.3251826856227531E+00, -7.7262848896531011E-14,  3.5369385371908368E-15, -1.4670500569860734E-01,  4.2721000000000009E-02,2,3218,0,3218,3218,0,0, -1.2300000000000000E+02, -2.5269824572501787E-01,  3.0672347317434490E-01,  4.2296854615795254E-01,  1.7722614672716908E-02,  2.0447024710858699E+00
3,7,1,1,0,1,legacy-reference-bound,512,512,5394, -2.3480809730958945E+00, -1.3814059840923962E-02,  2.3342669132548757E+00, -9.4837332431652044E-14,  4.5015261049968780E-15, -1.0018275474787848E-01,  7.9522999999999899E-02,2,5906,0,5906,5906,0,0, -1.2300000000000000E+02, -2.5128173216072386E-01,  3.0672347317434490E-01,  4.2296880232762513E-01,  9.0842362623230755E-03,  1.0605629599031801E+00
3,7,1,1,0,1,legacy-reference-bound,1024,1024,9684, -2.3526957515014439E+00, -1.3814059840923701E-02,  2.3388816916604860E+00, -3.4259053927065963E-14,  2.5049813568919777E-15, -6.6969069427893879E-02,  1.1289600000000011E-01,2,10708,0,10708,10708,0,0, -1.2300000000000014E+02, -2.5054395538148622E-01,  3.0672347317434479E-01,  4.2296893549151982E-01,  4.6147823761941154E-03,  5.4093919740566321E-01
3,7,1,1,0,1,legacy-reference-bound,2048,2048,17082, -2.3550248042276141E+00, -1.3814059840924282E-02,  2.3412107443866255E+00, -6.4320077042268053E-14,  1.8696185550247379E-15, -4.5898454019469279E-02,  2.1484700000000001E-01,2,19130,0,19130,19130,0,0, -1.2300000000000000E+02, -2.5016631250501015E-01,  3.0672347317434490E-01,  4.2296900358469613E-01,  2.3290546050191985E-03,  2.7341293448363047E-01
3,7,1,1,0,1,legacy-reference-bound,4096,4096,29795, -2.3561953503998674E+00, -1.3814059840924689E-02,  2.3423812905589507E+00,  8.0300349702966400E-15,  2.1750823527271618E-15, -3.3695567560400944E-02,  3.6393999999999993E-01,2,33891,0,33891,33891,0,0, -1.2300000000000000E+02, -2.4997506347023596E-01,  3.0672347317434490E-01,  4.2296903805119390E-01,  1.1705470815298602E-03,  1.3749446869996973E-01
3,7,1,1,0,1,legacy-reference-bound,1,1,5, -6.3577033610379052E-01, -1.3814059861117832E-02,  6.2195627624264560E-01, -2.7091176524329796E-14,  8.8644369622414843E-16, -6.3577033610379052E-01,  6.7999999999956984E-05,3,6,0,6,6,0,0, -1.2299999992435363E+02,  6.2182069883811530E-01,  3.0672347322635352E-01,  4.2299999999999999E-01, -1.0000000000000000E+00, -1.0000000000000000E+00
3,7,1,1,0,1,legacy-reference-bound,2,2,10, -9.8559134526440684E-01, -1.3814059840961321E-02,  9.7177728542342834E-01, -1.7177231859122344E-14,  1.5872719805187785E-16, -5.1025790906954172E-01,  1.1900000000020228E-04,3,12,0,12,12,0,0, -1.2299999999973332E+02,  2.6929802906344180E-01,  3.0672347317452830E-01,  4.2299999999999999E-01,  3.5104297604833801E-01,  5.4628689357404035E+01
3,7,1,1,0,1,legacy-reference-bound,4,4,70, -1.4492182482824916E+00, -1.3814059840923827E-02,  1.4354041884416411E+00,  7.3337169670395497E-14,  5.2357423951931992E-14, -4.2821115934742454E-01,  8.0400000000002692E-04,3,74,0,74,74,0,0, -1.2299999999999963E+02, -1.5918718588627367E-01,  3.0672347317434512E-01,  4.2298394169696196E-01,  4.6420909371344754E-01,  6.2857690580824780E+01
3,7,1,1,0,1,legacy-reference-bound,8,8,120, -1.8623908587268290E+00, -1.3814059840923806E-02,  1.8485767988858903E+00, -1.4835355166553654E-14,  1.5603837666411380E-14, -3.7511776396822671E-01,  1.2430000000001051E-03,3,128,0,128,128,0,0, -1.2300000000000001E+02, -2.8851001708706719E-01,  3.0672347317434490E-01,  4.2296185777961948E-01,  4.1463756924259076E-01,  5.4646391228920436E+01
3,7,1,1,0,1,legacy-reference-bound,16,16,232, -2.0974658891843809E+00, -1.3814059840923810E-02,  2.0836518293433848E+00, -7.2341438395184809E-14,  1.2792718273590964E-14, -3.3841444655005248E-01,  2.4310000000000720E-03,3,248,0,248,248,0,0, -1.2300000000000001E+02, -2.8041417304358146E-01,  3.0672347317434490E-01,  4.2296340477545835E-01,  2.3507590327386585E-01,  3.1947384776722814E+01
3,7,1,1,0,1,legacy-reference-bound,32,32,454, -2.2217247219435543E+00, -1.3814059840923815E-02,  2.2079106621025524E+00, -7.8109393952807693E-14,  1.2314368275090359E-14, -3.0426962503224159E-01,  5.0870000000000637E-03,3,486,0,486,486,0,0, -1.2300000000000001E+02, -2.6820922924627016E-01,  3.0672347317434490E-01,  4.2296569873930878E-01,  1.2425918964458688E-01,  1.6003840411468047E+01
3,7,1,1,0,1,legacy-reference-bound,64,64,856, -2.2870721918562285E+00, -1.3814059840923794E-02,  2.2732581320152256E+00, -7.9018389054219540E-14,  1.1524852253086415E-14, -2.5934760739419965E-01,  9.6680000000000099E-03,3,920,0,920,920,0,0, -1.2300000000000000E+02, -2.6011502647748458E-01,  3.0672347317434490E-01,  4.2296719424579909E-01,  6.5347614263880083E-02,  8.1179624373250476E+00
3,7,1,1,0,1,legacy-reference-bound,128,128,1600, -2.3212741500403813E+00, -1.3814059840923780E-02,  2.3074600901993669E+00, -9.0578586298128982E-14,  1.0074298166518059E-14, -2.0300877201453404E-01,  1.7562999999999995E-02,3,1728,0,1728,1728,0,0, -1.2300000000000000E+02, -2.5534760885285246E-01,  3.0672347317434490E-01,  4.2296806528075981E-01,  3.4202002742280413E-02,  3.8699802427367871E+00
3,7,1,1,0,1,legacy-reference-bound,256,256,2954, -2.3338084271880835E+00, -1.3814059840923773E-02,  2.3199943673470536E+00, -1.0612864753678508E-13,  3.5589478412922926E-15,  0.0000000000000000E+00,  3.4489000000000214E-02,3,3206,4,3206,3210,0,1, -1.2300000000000000E+02, -2.5487129512282936E-01,  3.0672347317434490E-01,  4.2296815190286796E-01,  1.2534704261573937E-02,  1.5085775157208730E+00
3,7,1,1,0,1,legacy-reference-bound,512,512,5378, -2.3428951709252113E+00, -1.3814059840923962E-02,  2.3290811110841894E+00, -9.7945956900602482E-14,  4.4911177641410172E-15,  0.0000000000000000E+00,  5.9486000000000150E-02,3,5882,8,5882,5890,0,1, -1.2300000000000000E+02, -2.5344345459102979E-01,  3.0672347317434490E-01,  4.2296841112805139E-01,  9.0867522197241035E-03,  1.0565802625213365E+00
3,7,1,1,0,1,legacy-reference-bound,1024,1024,9649, -2.3475112983139721E+00, -1.3814059840923701E-02,  2.3336972384730181E+00, -3.0262251038415400E-14,  2.3707571279382722E-15,  0.0000000000000000E+00,  1.1172099999999996E-01,3,10657,16,10657,10673,0,1, -1.2300000000000000E+02, -2.5269980992602892E-01,  3.0672347317434490E-01,  4.2296854587471278E-01,  4.6161313017434313E-03,  5.3926420848546286E-01
3,7,1,1,0,1,legacy-reference-bound,2048,2048,17039, -2.3498410525706599E+00, -1.3814059840924282E-02,  2.3360269927296677E+00, -6.7872790721068554E-14,  1.9751114264075775E-15,  0.0000000000000000E+00,  1.9618200000000030E-01,3,19055,32,19055,19087,0,1, -1.2300000000000000E+02, -2.5231917285575406E-01,  3.0672347317434490E-01,  4.2296861477558378E-01,  2.3297561117738286E-03,  2.7265656698628504E-01
3,7,1,1,0,1,legacy-reference-bound,4096,4096,29708, -2.3510119570487098E+00, -1.3814059840924689E-02,  2.3371978972078189E+00,  3.3787209141600272E-14,  2.1397712432220245E-15,  0.0000000000000000E+00,  3.6227499999999990E-01,3,33740,64,33740,33804,0,1, -1.2300000000000009E+02, -2.5212641004988928E-01,  3.0672347317434490E-01,  4.2296864965045644E-01,  1.1709053769165534E-03,  1.3713683656601461E-01
3,7,2,1,1,2,legacy-reference-retry,1,0,80,  0.0000000000000000E+00,  0.0000000000000000E+00,  0.0000000000000000E+00,  0.0000000000000000E+00,  0.0000000000000000E+00,  0.0000000000000000E+00,  9.0799999999990888E-04,1,106,0,106,106,0,0, -1.0000000000000000E+01, -1.0000000000000000E+01,  4.1659014796486560E-01,  4.1659014796486560E-01, -1.0000000000000000E+00, -1.0000000000000000E+00
3,7,2,1,1,2,legacy-reference-retry,2,0,80,  0.0000000000000000E+00,  0.0000000000000000E+00,  0.0000000000000000E+00,  0.0000000000000000E+00,  0.0000000000000000E+00,  0.0000000000000000E+00,  8.4299999999970510E-04,1,81,0,81,81,0,0, -1.0000000000000000E+01, -1.0000000000000000E+01,  4.1659014796486560E-01,  4.1659014796486560E-01, -1.0000000000000000E+00, -1.0000000000000000E+00
3,7,2,1,0,1,legacy-reference-bound,4,4,150, -8.5596554955312243E-01, -4.3427569327315729E-01,  4.2168985628005373E-01,  8.8595797365087492E-14,  6.1506355564233672E-14, -2.0900731254615074E-01,  1.4430000000000831E-03,1,154,0,154,154,0,0, -9.6396981302568125E+00,  5.9562466608746165E+00,  4.1691264187856636E-01,  4.2299999999999999E-01, -1.0000000000000000E+00, -1.0000000000000000E+00
3,7,2,1,0,1,legacy-reference-bound,8,8,190, -9.9566490949198827E-01, -4.3794564740561603E-01,  5.5771926208636557E-01, -6.6613381477509392E-15,  2.7235158572835871E-14, -1.2693830670392153E-01,  1.6460000000000363E-03,1,198,0,198,198,0,0, -8.6178592342088454E+00,  6.1567668795152555E+00,  4.1780314819460573E-01,  4.2299999999999999E-01,  1.3602940580628733E-01,  1.2042592061091469E+01
3,7,2,1,1,2,legacy-reference-retry,16,15,350, -1.0343268610178158E+00, -4.1687660951411626E-01,  6.1745025150369059E-01, -8.9372953482325102E-15,  1.1393663790215669E-14, -7.9826740481881348E-02,  2.9010000000000424E-03,1,394,0,394,394,0,0, -6.0978464881760219E+00,  3.3551610666079781E+00,  4.1982352177617033E-01,  4.2299999999999999E-01, -1.0000000000000000E+00, -1.0000000000000000E+00
3,7,2,1,1,2,legacy-reference-retry,32,28,454, -1.0257792894388227E+00, -3.9279606555459923E-01,  6.3298322388423856E-01,  1.5099033134902129E-14,  7.6778861046733482E-15, -5.1965877701510510E-02,  3.9949999999997488E-03,1,558,0,558,558,0,0, -3.8496083201881492E+00,  1.7749863128128627E+00,  4.2135976160901900E-01,  4.2299999999999999E-01, -1.0000000000000000E+00, -1.0000000000000000E+00
3,7,2,1,1,2,legacy-reference-retry,64,54,678, -1.0174400818993730E+00, -3.8012153683188449E-01,  6.3731854506750096E-01,  1.2490009027033011E-14,  5.3039170277990877E-15, -3.4877431262563513E-02,  5.9899999999997178E-03,1,794,0,794,794,0,0, -2.5232833208177361E+00,  9.3344479312950146E-01,  4.2210927925425301E-01,  4.2299999999999999E-01, -1.0000000000000000E+00, -1.0000000000000000E+00
3,7,2,1,1,2,legacy-reference-retry,128,107,1119, -1.0192900723465672E+00, -3.7913653203260889E-01,  6.4015354031396754E-01,  9.2148511043887993E-15,  2.6732088764802597E-15, -2.3757049598610601E-02,  1.3077000000000005E-02,1,2169,0,2169,2169,0,0, -1.1223368688664639E+00,  6.7936475531888807E-01,  4.2272505311771513E-01,  4.2299999999999999E-01, -1.0000000000000000E+00, -1.0000000000000000E+00
3,7,2,1,1,2,legacy-reference-retry,256,212,1804, -1.0145029811474200E+00, -3.7453180097092514E-01,  6.3997118017649512E-01,  2.7755575615628914E-16,  4.5974508922075330E-15, -1.5895272550944594E-02,  1.7418000000000156E-02,1,2174,0,2174,2174,0,0, -1.1733870664878399E+00,  2.8117873304465285E-01,  4.2270669885712719E-01,  4.2299999999999999E-01, -1.0000000000000000E+00, -1.0000000000000000E+00
3,7,2,1,1,2,legacy-reference-retry,512,424,3139, -1.0163658207995450E+00, -3.7565010317660269E-01,  6.4071571762293900E-01, -3.2751579226442118E-15,  1.9743321560961036E-15, -1.0030670360221662E-02,  3.0278000000000027E-02,1,3703,0,3703,3703,0,0, -5.5981255018525000E-01,  1.6576264290645915E-01,  4.2289997015860703E-01,  4.2299999999999999E-01, -1.0000000000000000E+00, -1.0000000000000000E+00
3,7,2,1,1,2,legacy-reference-retry,1024,847,5532, -1.0163731676132062E+00, -3.7549280924717221E-01,  6.4088035836602586E-01, -8.1046280797636427E-15,  2.3025201537074658E-15, -5.8632828767569770E-03,  5.4717000000000127E-02,1,6528,0,6528,6528,0,0, -3.0795321965327649E-01,  2.1442829264419763E-01,  4.2295806194103103E-01,  4.2299999999999999E-01, -1.0000000000000000E+00, -1.0000000000000000E+00
3,7,2,1,1,2,legacy-reference-retry,2048,1693,10007, -1.0163618030688204E+00, -3.7541643289114668E-01,  6.4094537017768261E-01,  8.8817841970012523E-15,  2.4394277830380728E-15, -3.2140512064502101E-03,  1.0064800000000007E-01,1,11834,0,11834,11834,0,0, -1.5833464747840006E-01,  1.5869530136787810E-01,  4.2298406666569432E-01,  4.2299999999999999E-01, -1.0000000000000000E+00, -1.0000000000000000E+00
3,7,2,1,1,2,legacy-reference-retry,4096,3384,18353, -1.0161078131711085E+00, -3.7515329866779301E-01,  6.4095451450328511E-01, -3.0420110874729289E-14,  2.5777177701385989E-15, -1.6895615699657467E-03,  2.1173599999999970E-01,1,21739,0,21739,21739,0,0, -1.3235049353868195E-01,  4.8289793193863971E-02,  4.2298772439593468E-01,  4.2299999999999999E-01, -1.0000000000000000E+00, -1.0000000000000000E+00
3,7,2,1,1,2,legacy-reference-retry,1,0,80,  0.0000000000000000E+00,  0.0000000000000000E+00,  0.0000000000000000E+00,  0.0000000000000000E+00,  0.0000000000000000E+00,  0.0000000000000000E+00,  1.0170000000000456E-03,2,106,0,106,106,0,0, -1.0000000000000000E+01, -1.0000000000000000E+01,  4.1659014796486560E-01,  4.1659014796486560E-01, -1.0000000000000000E+00, -1.0000000000000000E+00
3,7,2,1,1,2,legacy-reference-retry,2,0,80,  0.0000000000000000E+00,  0.0000000000000000E+00,  0.0000000000000000E+00,  0.0000000000000000E+00,  0.0000000000000000E+00,  0.0000000000000000E+00,  7.7499999999997016E-04,2,81,0,81,81,0,0, -1.0000000000000000E+01, -1.0000000000000000E+01,  4.1659014796486560E-01,  4.1659014796486560E-01, -1.0000000000000000E+00, -1.0000000000000000E+00
3,7,2,1,0,1,legacy-reference-bound,4,4,150, -8.7596554955312245E-01, -4.3427569327315729E-01,  4.4168985628005686E-01,  9.1704421834037930E-14,  6.1506355564233672E-14, -2.2900731254615073E-01,  1.7519999999997538E-03,2,154,0,154,154,0,0, -9.6396981302568125E+00,  5.9562466608746165E+00,  4.1691264187856636E-01,  4.2299999999999999E-01, -1.0000000000000000E+00, -1.0000000000000000E+00
3,7,2,1,0,1,legacy-reference-bound,8,8,190, -1.0156649094919881E+00, -4.3794564740561603E-01,  5.7771926208636870E-01, -3.3306690738754696E-15,  2.7235158572835871E-14, -1.4693830670392152E-01,  2.4310000000000720E-03,2,198,0,198,198,0,0, -8.6178592342088454E+00,  6.1567668795152555E+00,  4.1780314819460573E-01,  4.2299999999999999E-01,  1.3602940580628733E-01,  1.2042592061091469E+01
3,7,2,1,1,2,legacy-reference-retry,16,15,350, -1.0543268610178158E+00, -4.1687660951411626E-01,  6.3745025150369372E-01, -5.8286708792820718E-15,  1.1393663790215669E-14, -9.9826740481881351E-02,  4.2749999999998067E-03,2,394,0,394,394,0,0, -6.0978464881760219E+00,  3.3551610666079781E+00,  4.1982352177617033E-01,  4.2299999999999999E-01, -1.0000000000000000E+00, -1.0000000000000000E+00
3,7,2,1,1,2,legacy-reference-retry,32,28,454, -1.0457792894388225E+00, -3.9279606555459923E-01,  6.5298322388424168E-01,  1.8429702208777599E-14,  7.6778861046733482E-15, -7.1965877701510514E-02,  5.9809999999997920E-03,2,558,0,558,558,0,0, -3.8496083201881492E+00,  1.7749863128128627E+00,  4.2135976160901900E-01,  4.2299999999999999E-01, -1.0000000000000000E+00, -1.0000000000000000E+00
3,7,2,1,1,2,legacy-reference-retry,64,54,678, -1.0374400818993730E+00, -3.8012153683188449E-01,  6.5731854506750409E-01,  1.5598633495983449E-14,  5.3039170277990877E-15, -5.4877431262563517E-02,  8.9600000000000790E-03,2,794,0,794,794,0,0, -2.5232833208177361E+00,  9.3344479312950146E-01,  4.2210927925425301E-01,  4.2299999999999999E-01, -1.0000000000000000E+00, -1.0000000000000000E+00
3,7,2,1,1,2,legacy-reference-retry,128,107,1119, -1.0392900723465675E+00, -3.7913653203260889E-01,  6.6015354031397067E-01,  1.2101430968414206E-14,  2.6732088764802597E-15, -4.3757049598610598E-02,  1.9522000000000261E-02,2,2169,0,2169,2169,0,0, -1.1223368688664639E+00,  6.7936475531888807E-01,  4.2272505311771513E-01,  4.2299999999999999E-01, -1.0000000000000000E+00, -1.0000000000000000E+00
3,7,2,1,1,2,legacy-reference-retry,256,212,1804, -1.0345029811474198E+00, -3.7453180097092514E-01,  6.5997118017649825E-01,  3.6082248300317588E-15,  4.5974508922075330E-15, -3.5895272550944594E-02,  1.9150999999999918E-02,2,2174,0,2174,2174,0,0, -1.1733870664878399E+00,  2.8117873304465285E-01,  4.2270669885712719E-01,  4.2299999999999999E-01, -1.0000000000000000E+00, -1.0000000000000000E+00
3,7,2,1,1,2,legacy-reference-retry,512,424,3139, -1.0363658207995448E+00, -3.7565010317660269E-01,  6.6071571762294212E-01,  5.5511151231257827E-17,  1.9743321560961036E-15, -3.0030670360221660E-02,  3.0321999999999960E-02,2,3703,0,3703,3703,0,0, -5.5981255018525000E-01,  1.6576264290645915E-01,  4.2289997015860703E-01,  4.2299999999999999E-01, -1.0000000000000000E+00, -1.0000000000000000E+00
3,7,2,1,1,2,legacy-reference-retry,1024,847,5532, -1.0363731676132062E+00, -3.7549280924717221E-01,  6.6088035836602899E-01, -4.9960036108132044E-15,  2.3025201537074658E-15, -2.5863282876756977E-02,  5.3676999999999975E-02,2,6528,0,6528,6528,0,0, -3.0795321965327649E-01,  2.1442829264419763E-01,  4.2295806194103103E-01,  4.2299999999999999E-01, -1.0000000000000000E+00, -1.0000000000000000E+00
3,7,2,1,1,2,legacy-reference-retry,2048,1693,10007, -1.0363618030688206E+00, -3.7541643289114668E-01,  6.6094537017768573E-01,  1.1768364061026659E-14,  2.4394277830380728E-15, -2.3214051206450211E-02,  9.9283000000000232E-02,2,11834,0,11834,11834,0,0, -1.5833464747840006E-01,  1.5869530136787810E-01,  4.2298406666569432E-01,  4.2299999999999999E-01, -1.0000000000000000E+00, -1.0000000000000000E+00
3,7,2,1,1,2,legacy-reference-retry,4096,3384,18353, -1.0361078131711090E+00, -3.7515329866779301E-01,  6.6095451450328824E-01, -2.7755575615628914E-14,  2.5777177701385989E-15, -2.1689561569965748E-02,  1.8613199999999974E-01,2,21739,0,21739,21739,0,0, -1.3235049353868195E-01,  4.8289793193863971E-02,  4.2298772439593468E-01,  4.2299999999999999E-01, -1.0000000000000000E+00, -1.0000000000000000E+00
3,7,2,1,1,2,legacy-reference-retry,1,0,80,  0.0000000000000000E+00,  0.0000000000000000E+00,  0.0000000000000000E+00,  0.0000000000000000E+00,  0.0000000000000000E+00,  0.0000000000000000E+00,  9.3199999999971084E-04,3,106,0,106,106,0,0, -1.0000000000000000E+01, -1.0000000000000000E+01,  4.1659014796486560E-01,  4.1659014796486560E-01, -1.0000000000000000E+00, -1.0000000000000000E+00
3,7,2,1,1,2,legacy-reference-retry,2,0,80,  0.0000000000000000E+00,  0.0000000000000000E+00,  0.0000000000000000E+00,  0.0000000000000000E+00,  0.0000000000000000E+00,  0.0000000000000000E+00,  8.0299999999988714E-04,3,81,0,81,81,0,0, -1.0000000000000000E+01, -1.0000000000000000E+01,  4.1659014796486560E-01,  4.1659014796486560E-01, -1.0000000000000000E+00, -1.0000000000000000E+00
3,7,2,1,0,1,legacy-reference-bound,4,4,150, -8.7596554955312245E-01, -4.3427569327315729E-01,  4.4168985628005686E-01,  9.1704421834037930E-14,  6.1506355564233672E-14, -2.2900731254615073E-01,  1.5249999999999986E-03,3,154,0,154,154,0,0, -9.6396981302568125E+00,  5.9562466608746165E+00,  4.1691264187856636E-01,  4.2299999999999999E-01, -1.0000000000000000E+00, -1.0000000000000000E+00
3,7,2,1,0,1,legacy-reference-bound,8,8,190, -1.0156649094919881E+00, -4.3794564740561603E-01,  5.7771926208636870E-01, -3.3306690738754696E-15,  2.7235158572835871E-14, -1.4693830670392152E-01,  1.6940000000000843E-03,3,198,0,198,198,0,0, -8.6178592342088454E+00,  6.1567668795152555E+00,  4.1780314819460573E-01,  4.2299999999999999E-01,  1.3602940580628733E-01,  1.2042592061091469E+01
3,7,2,1,1,2,legacy-reference-retry,16,15,350, -1.0543268610178158E+00, -4.1687660951411626E-01,  6.3745025150369372E-01, -5.8286708792820718E-15,  1.1393663790215669E-14, -9.9826740481881351E-02,  2.7960000000000207E-03,3,394,0,394,394,0,0, -6.0978464881760219E+00,  3.3551610666079781E+00,  4.1982352177617033E-01,  4.2299999999999999E-01, -1.0000000000000000E+00, -1.0000000000000000E+00
3,7,2,1,1,2,legacy-reference-retry,32,28,454, -1.0457792894388225E+00, -3.9279606555459923E-01,  6.5298322388424168E-01,  1.8429702208777599E-14,  7.6778861046733482E-15, -7.1965877701510514E-02,  4.0249999999999453E-03,3,558,0,558,558,0,0, -3.8496083201881492E+00,  1.7749863128128627E+00,  4.2135976160901900E-01,  4.2299999999999999E-01, -1.0000000000000000E+00, -1.0000000000000000E+00
3,7,2,1,1,2,legacy-reference-retry,64,54,678, -1.0374400818993730E+00, -3.8012153683188449E-01,  6.5731854506750409E-01,  1.5598633495983449E-14,  5.3039170277990877E-15, -5.4877431262563517E-02,  5.8699999999998198E-03,3,794,0,794,794,0,0, -2.5232833208177361E+00,  9.3344479312950146E-01,  4.2210927925425301E-01,  4.2299999999999999E-01, -1.0000000000000000E+00, -1.0000000000000000E+00
3,7,2,1,1,2,legacy-reference-retry,128,107,1119, -1.0392900723465675E+00, -3.7913653203260889E-01,  6.6015354031397067E-01,  1.2101430968414206E-14,  2.6732088764802597E-15, -4.3757049598610598E-02,  1.2732999999999883E-02,3,2169,0,2169,2169,0,0, -1.1223368688664639E+00,  6.7936475531888807E-01,  4.2272505311771513E-01,  4.2299999999999999E-01, -1.0000000000000000E+00, -1.0000000000000000E+00
3,7,2,1,1,2,legacy-reference-retry,256,213,1799, -1.0358186230870845E+00, -3.7599069590030010E-01,  6.5982792718681083E-01,  2.6423307986078726E-14,  2.6435017369541569E-15,  0.0000000000000000E+00,  1.7229000000000383E-02,3,2084,5,2084,2089,0,1, -1.2568117076072283E+00,  2.2808684586488578E-01,  4.2267592687391187E-01,  4.2299999999999999E-01, -1.0000000000000000E+00, -1.0000000000000000E+00
3,7,2,1,1,2,legacy-reference-retry,512,426,3124, -1.0378057685742448E+00, -3.7715747857465964E-01,  6.6064828999959246E-01,  7.3274719625260332E-15,  4.4328690024242334E-15,  0.0000000000000000E+00,  3.2548000000000243E-02,3,4513,10,4513,4523,0,1, -6.2725621519450647E-01,  2.8293828344899674E-01,  4.2288197662639693E-01,  4.2299999999999999E-01, -1.0000000000000000E+00, -1.0000000000000000E+00
3,7,2,1,1,2,legacy-reference-retry,1024,851,5521, -1.0377914302888112E+00, -3.7696818523562753E-01,  6.6082324505318013E-01, -3.4972025275692431E-15,  2.4189092569237847E-15,  0.0000000000000000E+00,  5.4281999999999719E-02,3,6373,20,6373,6393,0,1, -4.0524341460890584E-01,  1.4533191914489757E-01,  4.2293747672080317E-01,  4.2299999999999999E-01, -1.0000000000000000E+00, -1.0000000000000000E+00
3,7,2,1,1,2,legacy-reference-retry,2048,1702,10091, -1.0383638102050985E+00, -3.7740451879408526E-01,  6.6095929141099674E-01, -1.6486811915683575E-14,  2.3864916119664681E-15,  0.0000000000000000E+00,  1.0305600000000004E-01,3,11837,40,11837,11877,0,1, -1.1782043665746599E-01,  8.1646154405730628E-02,  4.2298963515901833E-01,  4.2299999999999999E-01, -1.0000000000000000E+00, -1.0000000000000000E+00
3,7,2,1,1,2,legacy-reference-retry,4096,3402,18442, -1.0381289421762969E+00, -3.7715840928219269E-01,  6.6097053289409047E-01, -1.3766765505351941E-14,  2.8430898043815822E-15,  0.0000000000000000E+00,  1.8900900000000043E-01,3,21800,73,21800,21873,0,1, -7.9692365817674027E-02,  7.5789198101131883E-02,  4.2299413175225620E-01,  4.2299999999999999E-01, -1.0000000000000000E+00, -1.0000000000000000E+00
3,7,3,1,0,1,legacy-reference-bound,1,1,1, -1.1875000000000000E+00, -1.1875000000000000E+00,  0.0000000000000000E+00,  0.0000000000000000E+00,  0.0000000000000000E+00, -1.1875000000000000E+00,  2.1999999999522402E-05,1,2,0,2,2,0,0,  2.0000000000000000E-02,  2.0000000000000000E-02,  4.2299999999999999E-01,  4.2299999999999999E-01, -1.0000000000000000E+00, -1.0000000000000000E+00
3,7,3,1,0,1,legacy-reference-bound,2,2,2, -1.1875000000000000E+00, -1.1875000000000000E+00,  0.0000000000000000E+00,  0.0000000000000000E+00,  0.0000000000000000E+00, -5.9375000000000000E-01,  2.6999999999777202E-05,1,4,0,4,4,0,0,  2.0000000000000000E-02,  2.0000000000000000E-02,  4.2299999999999999E-01,  4.2299999999999999E-01,  0.0000000000000000E+00,  0.0000000000000000E+00
3,7,3,1,0,1,legacy-reference-bound,4,4,4, -1.1875000000000000E+00, -1.1875000000000000E+00,  0.0000000000000000E+00,  0.0000000000000000E+00,  0.0000000000000000E+00, -2.9687500000000000E-01,  5.0000000000327560E-05,1,8,0,8,8,0,0,  2.0000000000000000E-02,  2.0000000000000000E-02,  4.2299999999999999E-01,  4.2299999999999999E-01,  0.0000000000000000E+00,  0.0000000000000000E+00
3,7,3,1,0,1,legacy-reference-bound,8,8,8, -1.1875000000000000E+00, -1.1875000000000000E+00,  0.0000000000000000E+00,  0.0000000000000000E+00,  0.0000000000000000E+00, -1.4843750000000000E-01,  9.7999999999931475E-05,1,16,0,16,16,0,0,  2.0000000000000000E-02,  2.0000000000000000E-02,  4.2299999999999999E-01,  4.2299999999999999E-01,  0.0000000000000000E+00,  0.0000000000000000E+00
3,7,3,1,0,1,legacy-reference-bound,16,16,16, -1.1875000000000000E+00, -1.1875000000000000E+00,  0.0000000000000000E+00,  0.0000000000000000E+00,  0.0000000000000000E+00, -7.4218750000000000E-02,  1.9200000000019202E-04,1,32,0,32,32,0,0,  2.0000000000000000E-02,  2.0000000000000000E-02,  4.2299999999999999E-01,  4.2299999999999999E-01,  0.0000000000000000E+00,  0.0000000000000000E+00
3,7,3,1,0,1,legacy-reference-bound,32,32,32, -1.1875000000000000E+00, -1.1875000000000000E+00,  0.0000000000000000E+00,  0.0000000000000000E+00,  0.0000000000000000E+00, -3.7109375000000000E-02,  3.8399999999993994E-04,1,64,0,64,64,0,0,  2.0000000000000000E-02,  2.0000000000000000E-02,  4.2299999999999999E-01,  4.2299999999999999E-01,  0.0000000000000000E+00,  0.0000000000000000E+00
3,7,3,1,0,1,legacy-reference-bound,64,64,64, -1.1875000000000000E+00, -1.1875000000000000E+00,  0.0000000000000000E+00,  0.0000000000000000E+00,  0.0000000000000000E+00, -1.8554687500000000E-02,  7.9000000000029047E-04,1,128,0,128,128,0,0,  2.0000000000000000E-02,  2.0000000000000000E-02,  4.2299999999999999E-01,  4.2299999999999999E-01,  0.0000000000000000E+00,  0.0000000000000000E+00
3,7,3,1,0,1,legacy-reference-bound,128,128,128, -1.1875000000000000E+00, -1.1875000000000000E+00,  0.0000000000000000E+00,  0.0000000000000000E+00,  0.0000000000000000E+00, -9.2773437500000000E-03,  1.5709999999997670E-03,1,256,0,256,256,0,0,  2.0000000000000000E-02,  2.0000000000000000E-02,  4.2299999999999999E-01,  4.2299999999999999E-01,  0.0000000000000000E+00,  0.0000000000000000E+00
3,7,3,1,0,1,legacy-reference-bound,256,256,256, -1.1875000000000000E+00, -1.1875000000000000E+00,  0.0000000000000000E+00,  0.0000000000000000E+00,  0.0000000000000000E+00, -4.6386718750000000E-03,  3.0829999999997248E-03,1,512,0,512,512,0,0,  2.0000000000000000E-02,  2.0000000000000000E-02,  4.2299999999999999E-01,  4.2299999999999999E-01,  0.0000000000000000E+00,  0.0000000000000000E+00
3,7,3,1,0,1,legacy-reference-bound,512,512,512, -1.1875000000000000E+00, -1.1875000000000000E+00,  0.0000000000000000E+00,  0.0000000000000000E+00,  0.0000000000000000E+00, -2.3193359375000000E-03,  6.2369999999996040E-03,1,1024,0,1024,1024,0,0,  2.0000000000000000E-02,  2.0000000000000000E-02,  4.2299999999999999E-01,  4.2299999999999999E-01,  0.0000000000000000E+00,  0.0000000000000000E+00
3,7,3,1,0,1,legacy-reference-bound,1024,1024,1024, -1.1875000000000000E+00, -1.1875000000000000E+00,  0.0000000000000000E+00,  0.0000000000000000E+00,  0.0000000000000000E+00, -1.1596679687500000E-03,  1.2883000000000422E-02,1,2048,0,2048,2048,0,0,  2.0000000000000000E-02,  2.0000000000000000E-02,  4.2299999999999999E-01,  4.2299999999999999E-01,  0.0000000000000000E+00,  0.0000000000000000E+00
3,7,3,1,0,1,legacy-reference-bound,2048,2048,2048, -1.1875000000000000E+00, -1.1875000000000000E+00,  0.0000000000000000E+00,  0.0000000000000000E+00,  0.0000000000000000E+00, -5.7983398437500000E-04,  2.5371999999999950E-02,1,4096,0,4096,4096,0,0,  2.0000000000000000E-02,  2.0000000000000000E-02,  4.2299999999999999E-01,  4.2299999999999999E-01,  0.0000000000000000E+00,  0.0000000000000000E+00
3,7,3,1,0,1,legacy-reference-bound,4096,4096,4096, -1.1875000000000000E+00, -1.1875000000000000E+00,  0.0000000000000000E+00,  0.0000000000000000E+00,  0.0000000000000000E+00, -2.8991699218750000E-04,  5.1247000000000043E-02,1,8192,0,8192,8192,0,0,  2.0000000000000000E-02,  2.0000000000000000E-02,  4.2299999999999999E-01,  4.2299999999999999E-01,  0.0000000000000000E+00,  0.0000000000000000E+00
3,7,3,1,0,1,legacy-reference-bound,1,1,1, -1.2075000000000000E+00, -1.1875000000000000E+00,  2.0000000000003126E-02,  3.1086244689504383E-15,  0.0000000000000000E+00, -1.2075000000000000E+00,  2.0999999999826713E-05,2,2,0,2,2,0,0,  2.0000000000000000E-02,  2.0000000000000000E-02,  4.2299999999999999E-01,  4.2299999999999999E-01, -1.0000000000000000E+00, -1.0000000000000000E+00
3,7,3,1,0,1,legacy-reference-bound,2,2,2, -1.2075000000000000E+00, -1.1875000000000000E+00,  2.0000000000003126E-02,  3.1086244689504383E-15,  0.0000000000000000E+00, -6.1375000000000002E-01,  2.6000000000081513E-05,2,4,0,4,4,0,0,  2.0000000000000000E-02,  2.0000000000000000E-02,  4.2299999999999999E-01,  4.2299999999999999E-01,  0.0000000000000000E+00,  0.0000000000000000E+00
3,7,3,1,0,1,legacy-reference-bound,4,4,4, -1.2075000000000000E+00, -1.1875000000000000E+00,  2.0000000000003126E-02,  3.1086244689504383E-15,  0.0000000000000000E+00, -3.1687500000000002E-01,  1.0899999999969268E-04,2,8,0,8,8,0,0,  2.0000000000000000E-02,  2.0000000000000000E-02,  4.2299999999999999E-01,  4.2299999999999999E-01,  0.0000000000000000E+00,  0.0000000000000000E+00
3,7,3,1,0,1,legacy-reference-bound,8,8,8, -1.2075000000000000E+00, -1.1875000000000000E+00,  2.0000000000003126E-02,  3.1086244689504383E-15,  0.0000000000000000E+00, -1.6843749999999999E-01,  1.1899999999975819E-04,2,16,0,16,16,0,0,  2.0000000000000000E-02,  2.0000000000000000E-02,  4.2299999999999999E-01,  4.2299999999999999E-01,  0.0000000000000000E+00,  0.0000000000000000E+00
3,7,3,1,0,1,legacy-reference-bound,16,16,16, -1.2075000000000000E+00, -1.1875000000000000E+00,  2.0000000000003126E-02,  3.1086244689504383E-15,  0.0000000000000000E+00, -9.4218750000000004E-02,  1.9299999999988771E-04,2,32,0,32,32,0,0,  2.0000000000000000E-02,  2.0000000000000000E-02,  4.2299999999999999E-01,  4.2299999999999999E-01,  0.0000000000000000E+00,  0.0000000000000000E+00
3,7,3,1,0,1,legacy-reference-bound,32,32,32, -1.2075000000000000E+00, -1.1875000000000000E+00,  2.0000000000003126E-02,  3.1086244689504383E-15,  0.0000000000000000E+00, -5.7109375000000004E-02,  4.1000000000002146E-04,2,64,0,64,64,0,0,  2.0000000000000000E-02,  2.0000000000000000E-02,  4.2299999999999999E-01,  4.2299999999999999E-01,  0.0000000000000000E+00,  0.0000000000000000E+00
3,7,3,1,0,1,legacy-reference-bound,64,64,64, -1.2075000000000000E+00, -1.1875000000000000E+00,  2.0000000000003126E-02,  3.1086244689504383E-15,  0.0000000000000000E+00, -3.8554687500000004E-02,  9.1199999999957981E-04,2,128,0,128,128,0,0,  2.0000000000000000E-02,  2.0000000000000000E-02,  4.2299999999999999E-01,  4.2299999999999999E-01,  0.0000000000000000E+00,  0.0000000000000000E+00
3,7,3,1,0,1,legacy-reference-bound,128,128,128, -1.2075000000000000E+00, -1.1875000000000000E+00,  2.0000000000003126E-02,  3.1086244689504383E-15,  0.0000000000000000E+00, -2.9277343750000000E-02,  1.8700000000002603E-03,2,256,0,256,256,0,0,  2.0000000000000000E-02,  2.0000000000000000E-02,  4.2299999999999999E-01,  4.2299999999999999E-01,  0.0000000000000000E+00,  0.0000000000000000E+00
3,7,3,1,0,1,legacy-reference-bound,256,256,256, -1.2075000000000000E+00, -1.1875000000000000E+00,  2.0000000000003126E-02,  3.1086244689504383E-15,  0.0000000000000000E+00, -2.4638671875000000E-02,  3.2879999999999576E-03,2,512,0,512,512,0,0,  2.0000000000000000E-02,  2.0000000000000000E-02,  4.2299999999999999E-01,  4.2299999999999999E-01,  0.0000000000000000E+00,  0.0000000000000000E+00
3,7,3,1,0,1,legacy-reference-bound,512,512,512, -1.2075000000000000E+00, -1.1875000000000000E+00,  2.0000000000003126E-02,  3.1086244689504383E-15,  0.0000000000000000E+00, -2.2319335937500000E-02,  7.3809999999996379E-03,2,1024,0,1024,1024,0,0,  2.0000000000000000E-02,  2.0000000000000000E-02,  4.2299999999999999E-01,  4.2299999999999999E-01,  0.0000000000000000E+00,  0.0000000000000000E+00
3,7,3,1,0,1,legacy-reference-bound,1024,1024,1024, -1.2075000000000000E+00, -1.1875000000000000E+00,  2.0000000000003126E-02,  3.1086244689504383E-15,  0.0000000000000000E+00, -2.1159667968750000E-02,  1.3527999999999984E-02,2,2048,0,2048,2048,0,0,  2.0000000000000000E-02,  2.0000000000000000E-02,  4.2299999999999999E-01,  4.2299999999999999E-01,  0.0000000000000000E+00,  0.0000000000000000E+00
3,7,3,1,0,1,legacy-reference-bound,2048,2048,2048, -1.2075000000000000E+00, -1.1875000000000000E+00,  2.0000000000003126E-02,  3.1086244689504383E-15,  0.0000000000000000E+00, -2.0579833984375000E-02,  2.6123000000000118E-02,2,4096,0,4096,4096,0,0,  2.0000000000000000E-02,  2.0000000000000000E-02,  4.2299999999999999E-01,  4.2299999999999999E-01,  0.0000000000000000E+00,  0.0000000000000000E+00
3,7,3,1,0,1,legacy-reference-bound,4096,4096,4096, -1.2075000000000000E+00, -1.1875000000000000E+00,  2.0000000000003126E-02,  3.1086244689504383E-15,  0.0000000000000000E+00, -2.0289916992187500E-02,  5.1139000000000046E-02,2,8192,0,8192,8192,0,0,  2.0000000000000000E-02,  2.0000000000000000E-02,  4.2299999999999999E-01,  4.2299999999999999E-01,  0.0000000000000000E+00,  0.0000000000000000E+00
3,7,3,1,0,1,legacy-reference-bound,1,1,1, -1.2075000000000000E+00, -1.1875000000000000E+00,  2.0000000000003126E-02,  3.1086244689504383E-15,  0.0000000000000000E+00, -1.2075000000000000E+00,  2.0999999999826713E-05,3,2,0,2,2,0,0,  2.0000000000000000E-02,  2.0000000000000000E-02,  4.2299999999999999E-01,  4.2299999999999999E-01, -1.0000000000000000E+00, -1.0000000000000000E+00
3,7,3,1,0,1,legacy-reference-bound,2,2,2, -1.2075000000000000E+00, -1.1875000000000000E+00,  2.0000000000003126E-02,  3.1086244689504383E-15,  0.0000000000000000E+00, -6.1375000000000002E-01,  2.7000000000221291E-05,3,4,0,4,4,0,0,  2.0000000000000000E-02,  2.0000000000000000E-02,  4.2299999999999999E-01,  4.2299999999999999E-01,  0.0000000000000000E+00,  0.0000000000000000E+00
3,7,3,1,0,1,legacy-reference-bound,4,4,4, -1.2075000000000000E+00, -1.1875000000000000E+00,  2.0000000000003126E-02,  3.1086244689504383E-15,  0.0000000000000000E+00, -3.1687500000000002E-01,  4.9999999999883471E-05,3,8,0,8,8,0,0,  2.0000000000000000E-02,  2.0000000000000000E-02,  4.2299999999999999E-01,  4.2299999999999999E-01,  0.0000000000000000E+00,  0.0000000000000000E+00
3,7,3,1,0,1,legacy-reference-bound,8,8,8, -1.2075000000000000E+00, -1.1875000000000000E+00,  2.0000000000003126E-02,  3.1086244689504383E-15,  0.0000000000000000E+00, -1.6843749999999999E-01,  9.7000000000235787E-05,3,16,0,16,16,0,0,  2.0000000000000000E-02,  2.0000000000000000E-02,  4.2299999999999999E-01,  4.2299999999999999E-01,  0.0000000000000000E+00,  0.0000000000000000E+00
3,7,3,1,0,1,legacy-reference-bound,16,16,16, -1.2075000000000000E+00, -1.1875000000000000E+00,  2.0000000000003126E-02,  3.1086244689504383E-15,  0.0000000000000000E+00, -9.4218750000000004E-02,  2.1200000000032304E-04,3,32,0,32,32,0,0,  2.0000000000000000E-02,  2.0000000000000000E-02,  4.2299999999999999E-01,  4.2299999999999999E-01,  0.0000000000000000E+00,  0.0000000000000000E+00
3,7,3,1,0,1,legacy-reference-bound,32,32,32, -1.2075000000000000E+00, -1.1875000000000000E+00,  2.0000000000003126E-02,  3.1086244689504383E-15,  0.0000000000000000E+00, -5.7109375000000004E-02,  3.8299999999980017E-04,3,64,0,64,64,0,0,  2.0000000000000000E-02,  2.0000000000000000E-02,  4.2299999999999999E-01,  4.2299999999999999E-01,  0.0000000000000000E+00,  0.0000000000000000E+00
3,7,3,1,0,1,legacy-reference-bound,64,64,64, -1.2075000000000000E+00, -1.1875000000000000E+00,  2.0000000000003126E-02,  3.1086244689504383E-15,  0.0000000000000000E+00, -3.8554687500000004E-02,  7.7700000000024971E-04,3,128,0,128,128,0,0,  2.0000000000000000E-02,  2.0000000000000000E-02,  4.2299999999999999E-01,  4.2299999999999999E-01,  0.0000000000000000E+00,  0.0000000000000000E+00
3,7,3,1,0,1,legacy-reference-bound,128,128,128, -1.2075000000000000E+00, -1.1875000000000000E+00,  2.0000000000003126E-02,  3.1086244689504383E-15,  0.0000000000000000E+00, -2.9277343750000000E-02,  1.5719999999999068E-03,3,256,0,256,256,0,0,  2.0000000000000000E-02,  2.0000000000000000E-02,  4.2299999999999999E-01,  4.2299999999999999E-01,  0.0000000000000000E+00,  0.0000000000000000E+00
3,7,3,1,1,2,legacy-reference-retry,256,2,104, -2.5919542239355456E-02, -9.2773437500000000E-03,  1.6642198489378757E-02,  2.3300805729320473E-14,  6.7047062346503594E-16,  0.0000000000000000E+00,  3.1550000000000189E-03,3,534,18,534,552,0,1, -1.0612244884673516E+00, -2.8236755016190608E-03,  4.2274653430220022E-01,  4.2299991913233337E-01, -1.0000000000000000E+00, -1.0000000000000000E+00
3,7,3,1,1,2,legacy-reference-retry,512,4,127, -2.6087740846004463E-02, -9.2773437500000000E-03,  1.6810397096030272E-02,  2.5809215875582936E-14,  7.6024256334683571E-16,  0.0000000000000000E+00,  3.7249999999997563E-03,3,640,18,640,658,0,1, -9.1476135054503827E-01, -5.7843617962477110E-03,  4.2279573813828841E-01,  4.2299983434079408E-01, -1.0000000000000000E+00, -1.0000000000000000E+00
3,7,3,1,1,2,legacy-reference-retry,1024,7,147, -2.2504806388130801E-02, -8.1176757812500000E-03,  1.4387130606884568E-02,  3.7678193898216250E-15,  1.0147048132291836E-15,  0.0000000000000000E+00,  4.4519999999996784E-03,3,737,32,737,769,0,1, -9.4497194306744448E-01, -1.1186075216164043E-02,  4.2278586093445647E-01,  4.2299966287876234E-01, -1.0000000000000000E+00, -1.0000000000000000E+00
3,7,3,1,1,2,legacy-reference-retry,2048,11,160, -1.6787188619026602E-02, -6.3781738281250000E-03,  1.0409014790916160E-02,  1.4557799410397365E-14,  1.1669810083547727E-15,  0.0000000000000000E+00,  4.6140000000001180E-03,3,670,60,670,730,0,1, -1.2551705263570887E+00, -4.5934640569762191E-03,  4.2267654135566868E-01,  4.2299986844709320E-01, -1.0000000000000000E+00, -1.0000000000000000E+00
3,7,3,1,1,2,legacy-reference-retry,4096,18,199, -1.2481243820646987E-02, -5.2185058593750000E-03,  7.2627379612697496E-03, -2.2377932840100812E-15,  1.3045391589888711E-15,  0.0000000000000000E+00,  4.7450000000002213E-03,3,623,123,623,746,0,1, -1.7649822973462299E+00, -8.2713837675038072E-03,  4.2246944553301635E-01,  4.2299976311459847E-01, -1.0000000000000000E+00, -1.0000000000000000E+00
3,2,1,1,0,1,legacy-reference-bound,1,1,5, -6.1577033610379051E-01, -1.3814059840923806E-02,  6.0195627626283610E-01, -3.0600522116230877E-14,  7.0776717819853729E-16, -6.1577033610379051E-01,  6.9000000000318806E-05,1,6,0,6,6,0,0, -1.2299999991937847E+02,  6.2182069883811530E-01,  3.0672347322977411E-01,  4.2299999999999999E-01, -1.0000000000000000E+00, -1.0000000000000000E+00
3,2,1,1,0,1,legacy-reference-bound,2,2,10, -9.6559134526440682E-01, -1.3814059840923806E-02,  9.5177728542345719E-01, -2.5826563110342704E-14,  9.2287288921966137E-16, -4.9025790906954170E-01,  1.1800000000006250E-04,1,12,0,12,12,0,0, -1.2299999999972172E+02,  2.6929802906344180E-01,  3.0672347317453619E-01,  4.2299999999999999E-01,  3.5104297606849494E-01,  5.4628689357404035E+01
3,2,1,1,0,1,legacy-reference-bound,4,4,70, -1.4292182482824916E+00, -1.3814059840923806E-02,  1.4154041884416415E+00,  7.3760442198533838E-14,  5.2357423951931992E-14, -4.0821115934742452E-01,  7.3200000000017695E-04,1,74,0,74,74,0,0, -1.2299999999999962E+02, -1.5918718588627367E-01,  3.0672347317434512E-01,  4.2298394169696196E-01,  4.6420909371348446E-01,  6.2857690580824780E+01
3,2,1,1,0,1,legacy-reference-bound,8,8,120, -1.8423908587268290E+00, -1.3814059840923806E-02,  1.8285767988858908E+00, -1.4391265956703592E-14,  1.5603837666411380E-14, -3.5511776396822670E-01,  1.2330000000000396E-03,1,128,0,128,128,0,0, -1.2300000000000001E+02, -2.8851001708706719E-01,  3.0672347317434490E-01,  4.2296185777961948E-01,  4.1463756924259076E-01,  5.4646391228920436E+01
3,2,1,1,0,1,legacy-reference-bound,16,16,232, -2.0774658891843809E+00, -1.3814059840923810E-02,  2.0636518293433852E+00, -7.1897349185334747E-14,  1.2792718273590964E-14, -3.1841444655005247E-01,  2.6810000000003775E-03,1,248,0,248,248,0,0, -1.2300000000000001E+02, -2.8041417304358146E-01,  3.0672347317434490E-01,  4.2296340477545835E-01,  2.3507590327386585E-01,  3.1947384776722814E+01
3,2,1,1,0,1,legacy-reference-bound,32,32,454, -2.2017247219435543E+00, -1.3814059840923815E-02,  2.1879106621025528E+00, -7.7665304742957630E-14,  1.2314368275090359E-14, -2.8426962503224157E-01,  4.7709999999998587E-03,1,486,0,486,486,0,0, -1.2300000000000001E+02, -2.6820922924627016E-01,  3.0672347317434490E-01,  4.2296569873930878E-01,  1.2425918964458688E-01,  1.6003840411468047E+01
3,2,1,1,0,1,legacy-reference-bound,64,64,856, -2.2670721918562289E+00, -1.3814059840923794E-02,  2.2532581320152261E+00, -7.9018389054219540E-14,  1.1524852253086415E-14, -2.3934760739419964E-01,  8.9579999999997995E-03,1,920,0,920,920,0,0, -1.2300000000000000E+02, -2.6011502647748458E-01,  3.0672347317434490E-01,  4.2296719424579909E-01,  6.5347614263880083E-02,  8.1179624373250476E+00
3,2,1,1,0,1,legacy-reference-bound,128,128,1600, -2.3012741500403817E+00, -1.3814059840923780E-02,  2.2874600901993674E+00, -9.0578586298128982E-14,  1.0074298166518059E-14, -1.8300877201453405E-01,  1.6695999999999600E-02,1,1728,0,1728,1728,0,0, -1.2300000000000000E+02, -2.5534760885285246E-01,  3.0672347317434490E-01,  4.2296806528075981E-01,  3.4202002742280413E-02,  3.8699802427367871E+00
3,2,1,1,0,1,legacy-reference-bound,256,256,2962, -2.3189967454637541E+00, -1.3814059840923773E-02,  2.3051826856227535E+00, -7.6818759686680949E-14,  3.5369385371908368E-15, -1.2670500569860735E-01,  3.1232000000000149E-02,1,3218,0,3218,3218,0,0, -1.2300000000000000E+02, -2.5269824572501787E-01,  3.0672347317434490E-01,  4.2296854615795254E-01,  1.7722614672716908E-02,  2.0447024710858699E+00
3,2,1,1,0,1,legacy-reference-bound,512,512,5394, -2.3280809730958940E+00, -1.3814059840923962E-02,  2.3142669132548761E+00, -9.3949154011951919E-14,  4.5015261049968780E-15, -8.0182754747878476E-02,  5.9242000000000239E-02,1,5906,0,5906,5906,0,0, -1.2300000000000000E+02, -2.5128173216072386E-01,  3.0672347317434490E-01,  4.2296880232762513E-01,  9.0842362623230755E-03,  1.0605629599031801E+00
3,2,1,1,0,1,legacy-reference-bound,1024,1024,9684, -2.3326957515014435E+00, -1.3814059840923701E-02,  2.3188816916604864E+00, -3.3370875507365838E-14,  2.5049813568919777E-15, -4.6969069427893882E-02,  1.1560300000000012E-01,1,10708,0,10708,10708,0,0, -1.2300000000000014E+02, -2.5054395538148622E-01,  3.0672347317434479E-01,  4.2296893549151982E-01,  4.6147823761941154E-03,  5.4093919740566321E-01
3,2,1,1,0,1,legacy-reference-bound,2048,2048,17082, -2.3350248042276127E+00, -1.3814059840924282E-02,  2.3212107443866259E+00, -6.2543720202867803E-14,  1.8696185550247379E-15, -2.5898454019469282E-02,  1.9110699999999969E-01,1,19130,0,19130,19130,0,0, -1.2300000000000000E+02, -2.5016631250501015E-01,  3.0672347317434490E-01,  4.2296900358469613E-01,  2.3290546050191985E-03,  2.7341293448363047E-01
3,2,1,1,0,1,legacy-reference-bound,4096,4096,29795, -2.3361953503998678E+00, -1.3814059840924689E-02,  2.3223812905589512E+00,  8.0300349702966400E-15,  2.1750823527271618E-15, -1.3695567560400945E-02,  3.4035199999999932E-01,1,33891,0,33891,33891,0,0, -1.2300000000000000E+02, -2.4997506347023596E-01,  3.0672347317434490E-01,  4.2296903805119390E-01,  1.1705470815298602E-03,  1.3749446869996973E-01
3,2,1,1,0,1,legacy-reference-bound,1,1,5, -6.3577033610379052E-01, -1.3814059840923806E-02,  6.2195627626283567E-01, -3.1044611326080940E-14,  7.0776717819853729E-16, -6.3577033610379052E-01,  6.8000000000623118E-05,2,6,0,6,6,0,0, -1.2299999991937847E+02,  6.2182069883811530E-01,  3.0672347322977411E-01,  4.2299999999999999E-01, -1.0000000000000000E+00, -1.0000000000000000E+00
3,2,1,1,0,1,legacy-reference-bound,2,2,10, -9.8559134526440684E-01, -1.3814059840923806E-02,  9.7177728542345676E-01, -2.6270652320192767E-14,  9.2287288921966137E-16, -5.1025790906954172E-01,  1.3500000000021828E-04,2,12,0,12,12,0,0, -1.2299999999972172E+02,  2.6929802906344180E-01,  3.0672347317453619E-01,  4.2299999999999999E-01,  3.5104297606849494E-01,  5.4628689357404035E+01
3,2,1,1,0,1,legacy-reference-bound,4,4,70, -1.4492182482824916E+00, -1.3814059840923806E-02,  1.4354041884416411E+00,  7.3316352988683775E-14,  5.2357423951931992E-14, -4.2821115934742454E-01,  7.0300000000056428E-04,2,74,0,74,74,0,0, -1.2299999999999962E+02, -1.5918718588627367E-01,  3.0672347317434512E-01,  4.2298394169696196E-01,  4.6420909371348446E-01,  6.2857690580824780E+01
3,2,1,1,0,1,legacy-reference-bound,8,8,120, -1.8623908587268290E+00, -1.3814059840923806E-02,  1.8485767988858903E+00, -1.4835355166553654E-14,  1.5603837666411380E-14, -3.7511776396822671E-01,  1.2670000000003512E-03,2,128,0,128,128,0,0, -1.2300000000000001E+02, -2.8851001708706719E-01,  3.0672347317434490E-01,  4.2296185777961948E-01,  4.1463756924259076E-01,  5.4646391228920436E+01
3,2,1,1,0,1,legacy-reference-bound,16,16,232, -2.0974658891843809E+00, -1.3814059840923810E-02,  2.0836518293433848E+00, -7.2341438395184809E-14,  1.2792718273590964E-14, -3.3841444655005248E-01,  2.4509999999997589E-03,2,248,0,248,248,0,0, -1.2300000000000001E+02, -2.8041417304358146E-01,  3.0672347317434490E-01,  4.2296340477545835E-01,  2.3507590327386585E-01,  3.1947384776722814E+01
3,2,1,1,0,1,legacy-reference-bound,32,32,454, -2.2217247219435543E+00, -1.3814059840923815E-02,  2.2079106621025524E+00, -7.8109393952807693E-14,  1.2314368275090359E-14, -3.0426962503224159E-01,  4.6949999999998937E-03,2,486,0,486,486,0,0, -1.2300000000000001E+02, -2.6820922924627016E-01,  3.0672347317434490E-01,  4.2296569873930878E-01,  1.2425918964458688E-01,  1.6003840411468047E+01
3,2,1,1,0,1,legacy-reference-bound,64,64,856, -2.2870721918562285E+00, -1.3814059840923794E-02,  2.2732581320152256E+00, -7.9018389054219540E-14,  1.1524852253086415E-14, -2.5934760739419965E-01,  9.1320000000001400E-03,2,920,0,920,920,0,0, -1.2300000000000000E+02, -2.6011502647748458E-01,  3.0672347317434490E-01,  4.2296719424579909E-01,  6.5347614263880083E-02,  8.1179624373250476E+00
3,2,1,1,0,1,legacy-reference-bound,128,128,1600, -2.3212741500403813E+00, -1.3814059840923780E-02,  2.3074600901993669E+00, -9.0578586298128982E-14,  1.0074298166518059E-14, -2.0300877201453404E-01,  1.6696999999999740E-02,2,1728,0,1728,1728,0,0, -1.2300000000000000E+02, -2.5534760885285246E-01,  3.0672347317434490E-01,  4.2296806528075981E-01,  3.4202002742280413E-02,  3.8699802427367871E+00
3,2,1,1,0,1,legacy-reference-bound,256,256,2962, -2.3389967454637541E+00, -1.3814059840923773E-02,  2.3251826856227531E+00, -7.7262848896531011E-14,  3.5369385371908368E-15, -1.4670500569860734E-01,  3.1181000000000125E-02,2,3218,0,3218,3218,0,0, -1.2300000000000000E+02, -2.5269824572501787E-01,  3.0672347317434490E-01,  4.2296854615795254E-01,  1.7722614672716908E-02,  2.0447024710858699E+00
3,2,1,1,0,1,legacy-reference-bound,512,512,5394, -2.3480809730958945E+00, -1.3814059840923962E-02,  2.3342669132548757E+00, -9.4837332431652044E-14,  4.5015261049968780E-15, -1.0018275474787848E-01,  5.7743999999999573E-02,2,5906,0,5906,5906,0,0, -1.2300000000000000E+02, -2.5128173216072386E-01,  3.0672347317434490E-01,  4.2296880232762513E-01,  9.0842362623230755E-03,  1.0605629599031801E+00
3,2,1,1,0,1,legacy-reference-bound,1024,1024,9684, -2.3526957515014439E+00, -1.3814059840923701E-02,  2.3388816916604860E+00, -3.4259053927065963E-14,  2.5049813568919777E-15, -6.6969069427893879E-02,  1.0833700000000057E-01,2,10708,0,10708,10708,0,0, -1.2300000000000014E+02, -2.5054395538148622E-01,  3.0672347317434479E-01,  4.2296893549151982E-01,  4.6147823761941154E-03,  5.4093919740566321E-01
3,2,1,1,0,1,legacy-reference-bound,2048,2048,17082, -2.3550248042276141E+00, -1.3814059840924282E-02,  2.3412107443866255E+00, -6.4320077042268053E-14,  1.8696185550247379E-15, -4.5898454019469279E-02,  1.9088400000000050E-01,2,19130,0,19130,19130,0,0, -1.2300000000000000E+02, -2.5016631250501015E-01,  3.0672347317434490E-01,  4.2296900358469613E-01,  2.3290546050191985E-03,  2.7341293448363047E-01
3,2,1,1,0,1,legacy-reference-bound,4096,4096,29795, -2.3561953503998674E+00, -1.3814059840924689E-02,  2.3423812905589507E+00,  8.0300349702966400E-15,  2.1750823527271618E-15, -3.3695567560400944E-02,  3.4215800000000041E-01,2,33891,0,33891,33891,0,0, -1.2300000000000000E+02, -2.4997506347023596E-01,  3.0672347317434490E-01,  4.2296903805119390E-01,  1.1705470815298602E-03,  1.3749446869996973E-01
3,2,1,1,0,1,legacy-reference-bound,1,1,5, -6.3577033610379052E-01, -1.3814059840923806E-02,  6.2195627626283567E-01, -3.1044611326080940E-14,  7.0776717819853729E-16, -6.3577033610379052E-01,  6.7999999999734939E-05,3,6,0,6,6,0,0, -1.2299999991937847E+02,  6.2182069883811530E-01,  3.0672347322977411E-01,  4.2299999999999999E-01, -1.0000000000000000E+00, -1.0000000000000000E+00
3,2,1,1,0,1,legacy-reference-bound,2,2,10, -9.8559134526440684E-01, -1.3814059840923806E-02,  9.7177728542345676E-01, -2.6270652320192767E-14,  9.2287288921966137E-16, -5.1025790906954172E-01,  1.1799999999961841E-04,3,12,0,12,12,0,0, -1.2299999999972172E+02,  2.6929802906344180E-01,  3.0672347317453619E-01,  4.2299999999999999E-01,  3.5104297606849494E-01,  5.4628689357404035E+01
3,2,1,1,0,1,legacy-reference-bound,4,4,70, -1.4492182482824916E+00, -1.3814059840923806E-02,  1.4354041884416411E+00,  7.3316352988683775E-14,  5.2357423951931992E-14, -4.2821115934742454E-01,  7.2000000000027597E-04,3,74,0,74,74,0,0, -1.2299999999999962E+02, -1.5918718588627367E-01,  3.0672347317434512E-01,  4.2298394169696196E-01,  4.6420909371348446E-01,  6.2857690580824780E+01
3,2,1,1,0,1,legacy-reference-bound,8,8,120, -1.8623908587268290E+00, -1.3814059840923806E-02,  1.8485767988858903E+00, -1.4835355166553654E-14,  1.5603837666411380E-14, -3.7511776396822671E-01,  1.2299999999996203E-03,3,128,0,128,128,0,0, -1.2300000000000001E+02, -2.8851001708706719E-01,  3.0672347317434490E-01,  4.2296185777961948E-01,  4.1463756924259076E-01,  5.4646391228920436E+01
3,2,1,1,0,1,legacy-reference-bound,16,16,232, -2.0974658891843809E+00, -1.3814059840923810E-02,  2.0836518293433848E+00, -7.2341438395184809E-14,  1.2792718273590964E-14, -3.3841444655005248E-01,  2.5149999999998229E-03,3,248,0,248,248,0,0, -1.2300000000000001E+02, -2.8041417304358146E-01,  3.0672347317434490E-01,  4.2296340477545835E-01,  2.3507590327386585E-01,  3.1947384776722814E+01
3,2,1,1,0,1,legacy-reference-bound,32,32,454, -2.2217247219435543E+00, -1.3814059840923815E-02,  2.2079106621025524E+00, -7.8109393952807693E-14,  1.2314368275090359E-14, -3.0426962503224159E-01,  5.0319999999999254E-03,3,486,0,486,486,0,0, -1.2300000000000001E+02, -2.6820922924627016E-01,  3.0672347317434490E-01,  4.2296569873930878E-01,  1.2425918964458688E-01,  1.6003840411468047E+01
3,2,1,1,0,1,legacy-reference-bound,64,64,856, -2.2870721918562285E+00, -1.3814059840923794E-02,  2.2732581320152256E+00, -7.9018389054219540E-14,  1.1524852253086415E-14, -2.5934760739419965E-01,  9.0669999999999362E-03,3,920,0,920,920,0,0, -1.2300000000000000E+02, -2.6011502647748458E-01,  3.0672347317434490E-01,  4.2296719424579909E-01,  6.5347614263880083E-02,  8.1179624373250476E+00
3,2,1,1,0,1,legacy-reference-bound,128,128,1600, -2.3212741500403813E+00, -1.3814059840923780E-02,  2.3074600901993669E+00, -9.0578586298128982E-14,  1.0074298166518059E-14, -2.0300877201453404E-01,  1.6898000000000302E-02,3,1728,0,1728,1728,0,0, -1.2300000000000000E+02, -2.5534760885285246E-01,  3.0672347317434490E-01,  4.2296806528075981E-01,  3.4202002742280413E-02,  3.8699802427367871E+00
3,2,1,1,0,1,legacy-reference-bound,256,256,2954, -2.3338084271880835E+00, -1.3814059840923773E-02,  2.3199943673470536E+00, -1.0612864753678508E-13,  3.5589478412922926E-15,  0.0000000000000000E+00,  3.2160999999999440E-02,3,3206,4,3206,3210,0,1, -1.2300000000000000E+02, -2.5487129512282936E-01,  3.0672347317434490E-01,  4.2296815190286796E-01,  1.2534704261573937E-02,  1.5085775157208730E+00
3,2,1,1,0,1,legacy-reference-bound,512,512,5378, -2.3428951709252113E+00, -1.3814059840923962E-02,  2.3290811110841894E+00, -9.7945956900602482E-14,  4.4911177641410172E-15,  0.0000000000000000E+00,  5.7489000000000345E-02,3,5882,8,5882,5890,0,1, -1.2300000000000000E+02, -2.5344345459102979E-01,  3.0672347317434490E-01,  4.2296841112805139E-01,  9.0867522197241035E-03,  1.0565802625213365E+00
3,2,1,1,0,1,legacy-reference-bound,1024,1024,9649, -2.3475112983139721E+00, -1.3814059840923701E-02,  2.3336972384730181E+00, -3.0262251038415400E-14,  2.3707571279382722E-15,  0.0000000000000000E+00,  1.0586999999999946E-01,3,10657,16,10657,10673,0,1, -1.2300000000000000E+02, -2.5269980992602892E-01,  3.0672347317434490E-01,  4.2296854587471278E-01,  4.6161313017434313E-03,  5.3926420848546286E-01
3,2,1,1,0,1,legacy-reference-bound,2048,2048,17039, -2.3498410525706599E+00, -1.3814059840924282E-02,  2.3360269927296677E+00, -6.7872790721068554E-14,  1.9751114264075775E-15,  0.0000000000000000E+00,  1.8917900000000021E-01,3,19055,32,19055,19087,0,1, -1.2300000000000000E+02, -2.5231917285575406E-01,  3.0672347317434490E-01,  4.2296861477558378E-01,  2.3297561117738286E-03,  2.7265656698628504E-01
3,2,1,1,0,1,legacy-reference-bound,4096,4096,29708, -2.3510119570487098E+00, -1.3814059840924689E-02,  2.3371978972078189E+00,  3.3787209141600272E-14,  2.1397712432220245E-15,  0.0000000000000000E+00,  3.3665699999999976E-01,3,33740,64,33740,33804,0,1, -1.2300000000000009E+02, -2.5212641004988928E-01,  3.0672347317434490E-01,  4.2296864965045644E-01,  1.1709053769165534E-03,  1.3713683656601461E-01
3,2,2,1,0,1,legacy-reference-bound,1,1,5, -6.2868250165676909E-01, -4.3135658157335610E-01,  1.9732592008342920E-01,  1.6209256159527285E-14,  3.3306690738754696E-16, -6.2868250165676909E-01,  6.7999999999734939E-05,1,6,0,6,6,0,0, -9.7468925147468717E+00,  6.0822894562445362E-01,  4.1681714101236722E-01,  4.2299999999999999E-01, -1.0000000000000000E+00, -1.0000000000000000E+00
3,2,2,1,0,1,legacy-reference-bound,2,2,13, -7.2595223239495210E-01, -4.3135658157335610E-01,  2.9459565082162698E-01,  3.0975222387041867E-14,  8.3266726846886741E-16, -3.5669829030274813E-01,  1.4199999999942037E-04,1,15,0,15,15,0,0, -9.6569205673538043E+00,  1.4661378364134687E+00,  4.1689732391120649E-01,  4.2299999999999999E-01,  9.7269730738184512E-02,  4.5592513221830195E+00
3,2,2,1,0,1,legacy-reference-bound,4,4,32, -8.5594029300108954E-01, -4.3135658157335610E-01,  4.2458371142776485E-01,  3.1419311596891930E-14,  1.3600232051658168E-15, -2.0900730944119597E-01,  3.4099999999970265E-04,1,36,0,36,36,0,0, -9.3827680482147038E+00,  5.9587779507717977E+00,  4.1713997625140564E-01,  4.2299999999999999E-01,  1.2998806060613724E-01,  9.5474300948648576E+00
3,2,2,1,0,1,legacy-reference-bound,8,8,69, -9.9548746903988017E-01, -4.3135658157335616E-01,  5.6413088746655404E-01,  3.0031532816110484E-14,  1.3461454173580023E-15, -1.2693830670288497E-01,  6.2999999999924228E-04,1,77,0,77,77,0,0, -7.8351570181112598E+00,  6.2263248691422959E+00,  4.1845922958843407E-01,  4.2299999999999999E-01,  1.3954717603878855E-01,  1.2105005411990426E+01
3,2,2,1,0,1,legacy-reference-bound,16,16,135, -1.0723417850867938E+00, -4.3135658157335599E-01,  6.4098520351344490E-01,  7.1054273576010019E-15,  1.1726730697603216E-15, -7.9826740481881264E-02,  1.2259999999999494E-03,1,151,0,151,151,0,0,  6.1465848783014498E-01,  4.4466554580521098E+01,  4.2299999999999999E-01,  4.2299999999999999E-01,  7.6854316046916088E-02,  5.2301711598632359E+01
3,2,2,1,0,1,legacy-reference-bound,32,32,206, -1.0723417850867996E+00, -4.3135658157335588E-01,  6.4098520351344490E-01,  1.2212453270876722E-15,  4.2084391527197340E-15, -5.1965877701510503E-02,  1.8940000000000623E-03,1,238,0,238,238,0,0,  8.1594044044909886E-01,  6.2899294795478809E+01,  4.2299999999999999E-01,  4.2299999999999999E-01,  0.0000000000000000E+00,  1.8432740214957711E+01
3,2,2,1,0,1,legacy-reference-bound,64,64,389, -1.0723417850867987E+00, -4.3135658157335655E-01,  6.4098520351344490E-01,  2.7755575615628914E-15,  1.8925833122906965E-15, -3.4877431262563513E-02,  3.6840000000006867E-03,1,453,0,453,453,0,0,  8.1594044044909886E-01,  6.2899294795478809E+01,  4.2299999999999999E-01,  4.2299999999999999E-01,  0.0000000000000000E+00,  0.0000000000000000E+00
3,2,2,1,0,1,legacy-reference-bound,128,128,710, -1.0723417850867962E+00, -4.3135658157335555E-01,  6.4098520351344490E-01,  4.2188474935755949E-15,  2.7209137720696219E-15, -2.3757049598610601E-02,  7.4709999999997834E-03,1,959,0,959,959,0,0,  8.1594044044909886E-01,  6.2899294795478809E+01,  4.2299999999999999E-01,  4.2299999999999999E-01,  0.0000000000000000E+00,  1.7763568394002505E-15
3,2,2,1,0,1,legacy-reference-bound,256,256,1388, -1.0723417850868056E+00, -4.3135658157335477E-01,  6.4098520351344490E-01, -5.8841820305133297E-15,  4.8750066483638221E-15, -1.5895272550944594E-02,  1.4540000000000219E-02,1,1778,0,1778,1778,0,0,  8.1594044044909886E-01,  6.2899294795478809E+01,  4.2299999999999999E-01,  4.2299999999999999E-01,  0.0000000000000000E+00,  1.7763568394002505E-15
3,2,2,1,0,1,legacy-reference-bound,512,512,2687, -1.0723417850868109E+00, -4.3135658157336038E-01,  6.4098520351344490E-01, -5.6066262743570405E-15,  2.1677538236675176E-15, -1.0030670360221662E-02,  2.6961999999999264E-02,1,3305,0,3305,3305,0,0,  8.1594044044909886E-01,  6.2899294795478809E+01,  4.2299999999999999E-01,  4.2299999999999999E-01,  0.0000000000000000E+00,  1.7763568394002505E-15
3,2,2,1,0,1,legacy-reference-bound,1024,1024,4937, -1.0723417850868324E+00, -4.3135658157336426E-01,  6.4098520351344490E-01, -2.3259172365897030E-14,  2.7212390327213676E-15, -5.8632828767569770E-03,  5.1694999999999602E-02,1,6079,0,6079,6079,0,0,  8.1594044044909886E-01,  6.2899294795478809E+01,  4.2299999999999999E-01,  4.2299999999999999E-01,  0.0000000000000000E+00,  0.0000000000000000E+00
3,2,2,1,0,1,legacy-reference-bound,2048,2048,9173, -1.0723417850868422E+00, -4.3135658157336620E-01,  6.4098520351344490E-01, -3.1086244689504383E-14,  2.6152582703609095E-15, -3.2140512064502101E-03,  9.6020000000000216E-02,1,11326,0,11326,11326,0,0,  8.1594044044909886E-01,  6.2899294795478809E+01,  4.2299999999999999E-01,  4.2299999999999999E-01,  0.0000000000000000E+00,  0.0000000000000000E+00
3,2,2,1,0,1,legacy-reference-bound,4096,4096,17552, -1.0723417850869428E+00, -4.3135658157331941E-01,  6.4098520351344490E-01, -1.7846835120849391E-13,  2.5777177701385989E-15, -1.6895615699657467E-03,  1.8597600000000014E-01,1,21648,0,21648,21648,0,0,  8.1594044044909886E-01,  6.2899294795478809E+01,  4.2299999999999999E-01,  4.2299999999999999E-01,  0.0000000000000000E+00,  0.0000000000000000E+00
3,2,2,1,0,1,legacy-reference-bound,1,1,5, -6.4868250165676911E-01, -4.3135658157335610E-01,  2.1732592008343232E-01,  1.9317880628477724E-14,  3.3306690738754696E-16, -6.4868250165676911E-01,  6.8999999999874717E-05,2,6,0,6,6,0,0, -9.7468925147468717E+00,  6.0822894562445362E-01,  4.1681714101236722E-01,  4.2299999999999999E-01, -1.0000000000000000E+00, -1.0000000000000000E+00
3,2,2,1,0,1,legacy-reference-bound,2,2,13, -7.4595223239495212E-01, -4.3135658157335610E-01,  3.1459565082163010E-01,  3.4083846855992306E-14,  8.3266726846886741E-16, -3.7669829030274815E-01,  1.4200000000030855E-04,2,15,0,15,15,0,0, -9.6569205673538043E+00,  1.4661378364134687E+00,  4.1689732391120649E-01,  4.2299999999999999E-01,  9.7269730738184512E-02,  4.5592513221830195E+00
3,2,2,1,0,1,legacy-reference-bound,4,4,32, -8.7594029300108944E-01, -4.3135658157335610E-01,  4.4458371142776798E-01,  3.4638958368304884E-14,  1.3600232051658168E-15, -2.2900730944119596E-01,  3.3200000000022101E-04,2,36,0,36,36,0,0, -9.3827680482147038E+00,  5.9587779507717977E+00,  4.1713997625140564E-01,  4.2299999999999999E-01,  1.2998806060613724E-01,  9.5474300948648576E+00
3,2,2,1,0,1,legacy-reference-bound,8,8,69, -1.0154874690398801E+00, -4.3135658157335616E-01,  5.8413088746655717E-01,  3.3251179587523438E-14,  1.3461454173580023E-15, -1.4693830670288496E-01,  6.3300000000054979E-04,2,77,0,77,77,0,0, -7.8351570181112598E+00,  6.2263248691422959E+00,  4.1845922958843407E-01,  4.2299999999999999E-01,  1.3954717603878855E-01,  1.2105005411990426E+01
3,2,2,1,0,1,legacy-reference-bound,16,16,135, -1.0923417850867938E+00, -4.3135658157335599E-01,  6.6098520351344803E-01,  1.0214051826551440E-14,  1.1726730697603216E-15, -9.9826740481881268E-02,  1.1969999999994485E-03,2,151,0,151,151,0,0,  6.1465848783014498E-01,  4.4466554580521098E+01,  4.2299999999999999E-01,  4.2299999999999999E-01,  7.6854316046916088E-02,  5.2301711598632359E+01
3,2,2,1,0,1,legacy-reference-bound,32,32,206, -1.0923417850867996E+00, -4.3135658157335588E-01,  6.6098520351344803E-01,  4.3298697960381105E-15,  4.2084391527197340E-15, -7.1965877701510500E-02,  1.9119999999999138E-03,2,238,0,238,238,0,0,  8.1594044044909886E-01,  6.2899294795478809E+01,  4.2299999999999999E-01,  4.2299999999999999E-01,  0.0000000000000000E+00,  1.8432740214957711E+01
3,2,2,1,0,1,legacy-reference-bound,64,64,389, -1.0923417850867987E+00, -4.3135658157335655E-01,  6.6098520351344803E-01,  5.8841820305133297E-15,  1.8925833122906965E-15, -5.4877431262563517E-02,  3.7020000000005382E-03,2,453,0,453,453,0,0,  8.1594044044909886E-01,  6.2899294795478809E+01,  4.2299999999999999E-01,  4.2299999999999999E-01,  0.0000000000000000E+00,  0.0000000000000000E+00
3,2,2,1,0,1,legacy-reference-bound,128,128,710, -1.0923417850867965E+00, -4.3135658157335555E-01,  6.6098520351344803E-01,  7.1054273576010019E-15,  2.7209137720696219E-15, -4.3757049598610598E-02,  7.6239999999998531E-03,2,959,0,959,959,0,0,  8.1594044044909886E-01,  6.2899294795478809E+01,  4.2299999999999999E-01,  4.2299999999999999E-01,  0.0000000000000000E+00,  1.7763568394002505E-15
3,2,2,1,0,1,legacy-reference-bound,256,256,1388, -1.0923417850868054E+00, -4.3135658157335477E-01,  6.6098520351344803E-01, -2.5535129566378600E-15,  4.8750066483638221E-15, -3.5895272550944594E-02,  1.4396999999999771E-02,2,1778,0,1778,1778,0,0,  8.1594044044909886E-01,  6.2899294795478809E+01,  4.2299999999999999E-01,  4.2299999999999999E-01,  0.0000000000000000E+00,  1.7763568394002505E-15
3,2,2,1,0,1,legacy-reference-bound,512,512,2687, -1.0923417850868107E+00, -4.3135658157336038E-01,  6.6098520351344803E-01, -2.2759572004815709E-15,  2.1677538236675176E-15, -3.0030670360221660E-02,  2.7482000000000006E-02,2,3305,0,3305,3305,0,0,  8.1594044044909886E-01,  6.2899294795478809E+01,  4.2299999999999999E-01,  4.2299999999999999E-01,  0.0000000000000000E+00,  1.7763568394002505E-15
3,2,2,1,0,1,legacy-reference-bound,1024,1024,4937, -1.0923417850868293E+00, -4.3135658157336426E-01,  6.6098520351344803E-01, -1.7041923427996153E-14,  2.7212390327213676E-15, -2.5863282876756977E-02,  5.0562000000000218E-02,2,6079,0,6079,6079,0,0,  8.1594044044909886E-01,  6.2899294795478809E+01,  4.2299999999999999E-01,  4.2299999999999999E-01,  0.0000000000000000E+00,  0.0000000000000000E+00
3,2,2,1,0,1,legacy-reference-bound,2048,2048,9173, -1.0923417850868413E+00, -4.3135658157336620E-01,  6.6098520351344803E-01, -2.7089441800853820E-14,  2.6152582703609095E-15, -2.3214051206450211E-02,  1.1770499999999995E-01,2,11326,0,11326,11326,0,0,  8.1594044044909886E-01,  6.2899294795478809E+01,  4.2299999999999999E-01,  4.2299999999999999E-01,  0.0000000000000000E+00,  0.0000000000000000E+00
3,2,2,1,0,1,legacy-reference-bound,4096,4096,17552, -1.0923417850869566E+00, -4.3135658157331941E-01,  6.6098520351344803E-01, -1.8912649224489542E-13,  2.5777177701385989E-15, -2.1689561569965748E-02,  1.9690100000000044E-01,2,21648,0,21648,21648,0,0,  8.1594044044909886E-01,  6.2899294795478809E+01,  4.2299999999999999E-01,  4.2299999999999999E-01,  0.0000000000000000E+00,  0.0000000000000000E+00
3,2,2,1,0,1,legacy-reference-bound,1,1,5, -6.4868250165676911E-01, -4.3135658157335610E-01,  2.1732592008343232E-01,  1.9317880628477724E-14,  3.3306690738754696E-16, -6.4868250165676911E-01,  8.5999999999586407E-05,3,6,0,6,6,0,0, -9.7468925147468717E+00,  6.0822894562445362E-01,  4.1681714101236722E-01,  4.2299999999999999E-01, -1.0000000000000000E+00, -1.0000000000000000E+00
3,2,2,1,0,1,legacy-reference-bound,2,2,13, -7.4595223239495212E-01, -4.3135658157335610E-01,  3.1459565082163010E-01,  3.4083846855992306E-14,  8.3266726846886741E-16, -3.7669829030274815E-01,  1.4399999999969992E-04,3,15,0,15,15,0,0, -9.6569205673538043E+00,  1.4661378364134687E+00,  4.1689732391120649E-01,  4.2299999999999999E-01,  9.7269730738184512E-02,  4.5592513221830195E+00
3,2,2,1,0,1,legacy-reference-bound,4,4,32, -8.7594029300108944E-01, -4.3135658157335610E-01,  4.4458371142776798E-01,  3.4638958368304884E-14,  1.3600232051658168E-15, -2.2900730944119596E-01,  3.3200000000022101E-04,3,36,0,36,36,0,0, -9.3827680482147038E+00,  5.9587779507717977E+00,  4.1713997625140564E-01,  4.2299999999999999E-01,  1.2998806060613724E-01,  9.5474300948648576E+00
3,2,2,1,0,1,legacy-reference-bound,8,8,69, -1.0154874690398801E+00, -4.3135658157335616E-01,  5.8413088746655717E-01,  3.3251179587523438E-14,  1.3461454173580023E-15, -1.4693830670288496E-01,  1.1630000000000251E-03,3,77,0,77,77,0,0, -7.8351570181112598E+00,  6.2263248691422959E+00,  4.1845922958843407E-01,  4.2299999999999999E-01,  1.3954717603878855E-01,  1.2105005411990426E+01
3,2,2,1,0,1,legacy-reference-bound,16,16,135, -1.0923417850867938E+00, -4.3135658157335599E-01,  6.6098520351344803E-01,  1.0214051826551440E-14,  1.1726730697603216E-15, -9.9826740481881268E-02,  1.3120000000004239E-03,3,151,0,151,151,0,0,  6.1465848783014498E-01,  4.4466554580521098E+01,  4.2299999999999999E-01,  4.2299999999999999E-01,  7.6854316046916088E-02,  5.2301711598632359E+01
3,2,2,1,0,1,legacy-reference-bound,32,32,206, -1.0923417850867996E+00, -4.3135658157335588E-01,  6.6098520351344803E-01,  4.3298697960381105E-15,  4.2084391527197340E-15, -7.1965877701510500E-02,  2.1959999999996427E-03,3,238,0,238,238,0,0,  8.1594044044909886E-01,  6.2899294795478809E+01,  4.2299999999999999E-01,  4.2299999999999999E-01,  0.0000000000000000E+00,  1.8432740214957711E+01
3,2,2,1,0,1,legacy-reference-bound,64,64,389, -1.0923417850867987E+00, -4.3135658157335655E-01,  6.6098520351344803E-01,  5.8841820305133297E-15,  1.8925833122906965E-15, -5.4877431262563517E-02,  4.7100000000002140E-03,3,453,0,453,453,0,0,  8.1594044044909886E-01,  6.2899294795478809E+01,  4.2299999999999999E-01,  4.2299999999999999E-01,  0.0000000000000000E+00,  0.0000000000000000E+00
3,2,2,1,0,1,legacy-reference-bound,128,128,710, -1.0923417850867965E+00, -4.3135658157335555E-01,  6.6098520351344803E-01,  7.1054273576010019E-15,  2.7209137720696219E-15, -4.3757049598610598E-02,  7.6859999999996376E-03,3,959,0,959,959,0,0,  8.1594044044909886E-01,  6.2899294795478809E+01,  4.2299999999999999E-01,  4.2299999999999999E-01,  0.0000000000000000E+00,  1.7763568394002505E-15
3,2,2,1,0,1,legacy-reference-bound,256,256,1396, -1.0923417850868073E+00, -4.3135658157335477E-01,  6.6098520351344803E-01, -4.5519144009631418E-15,  2.0517441912115686E-15,  0.0000000000000000E+00,  1.4683999999999919E-02,3,1704,5,1704,1709,0,1,  8.1594044044909886E-01,  6.2899294795478809E+01,  4.2299999999999999E-01,  4.2299999999999999E-01,  0.0000000000000000E+00,  1.7763568394002505E-15
3,2,2,1,0,1,legacy-reference-bound,512,512,2677, -1.0923417850868162E+00, -4.3135658157336038E-01,  6.6098520351344803E-01, -7.8270723236073536E-15,  4.4328690024242334E-15,  0.0000000000000000E+00,  2.9030999999999807E-02,3,3307,10,3307,3317,0,1,  8.1594044044909886E-01,  6.2899294795478809E+01,  4.2299999999999999E-01,  4.2299999999999999E-01,  0.0000000000000000E+00,  1.7763568394002505E-15
3,2,2,1,0,1,legacy-reference-bound,1024,1024,4955, -1.0923417850868198E+00, -4.3135658157336426E-01,  6.6098520351344803E-01, -7.4940054162198066E-15,  1.9683690441474333E-15,  0.0000000000000000E+00,  5.3516000000000119E-02,3,5959,20,5959,5979,0,1,  8.1594044044909886E-01,  6.2899294795478809E+01,  4.2299999999999999E-01,  4.2299999999999999E-01,  0.0000000000000000E+00,  1.7763568394002505E-15
3,2,2,1,0,1,legacy-reference-bound,2048,2048,9233, -1.0923417850867969E+00, -4.3135658157336620E-01,  6.6098520351344803E-01,  1.7319479184152442E-14,  2.3864916119664681E-15,  0.0000000000000000E+00,  1.0070300000000021E-01,3,11241,40,11241,11281,0,1,  8.1594044044909886E-01,  6.2899294795478809E+01,  4.2299999999999999E-01,  4.2299999999999999E-01,  0.0000000000000000E+00,  1.7763568394002505E-15
3,2,2,1,0,1,legacy-reference-bound,4096,4096,17589, -1.0923417850869359E+00, -4.3135658157331941E-01,  6.6098520351344803E-01, -1.6847634398686751E-13,  3.1305524578889576E-15,  0.0000000000000000E+00,  1.9113299999999978E-01,3,21613,73,21613,21686,0,1,  8.1594044044909886E-01,  6.2899294795478809E+01,  4.2299999999999999E-01,  4.2299999999999999E-01,  0.0000000000000000E+00,  0.0000000000000000E+00
3,2,3,1,0,1,legacy-reference-bound,1,1,1, -1.1875000000000000E+00, -1.1875000000000000E+00,  0.0000000000000000E+00,  0.0000000000000000E+00,  0.0000000000000000E+00, -1.1875000000000000E+00,  2.3000000000550358E-05,1,2,0,2,2,0,0,  2.0000000000000000E-02,  2.0000000000000000E-02,  4.2299999999999999E-01,  4.2299999999999999E-01, -1.0000000000000000E+00, -1.0000000000000000E+00
3,2,3,1,0,1,legacy-reference-bound,2,2,2, -1.1875000000000000E+00, -1.1875000000000000E+00,  0.0000000000000000E+00,  0.0000000000000000E+00,  0.0000000000000000E+00, -5.9375000000000000E-01,  2.7000000000221291E-05,1,4,0,4,4,0,0,  2.0000000000000000E-02,  2.0000000000000000E-02,  4.2299999999999999E-01,  4.2299999999999999E-01,  0.0000000000000000E+00,  0.0000000000000000E+00
3,2,3,1,0,1,legacy-reference-bound,4,4,4, -1.1875000000000000E+00, -1.1875000000000000E+00,  0.0000000000000000E+00,  0.0000000000000000E+00,  0.0000000000000000E+00, -2.9687500000000000E-01,  4.9999999999883471E-05,1,8,0,8,8,0,0,  2.0000000000000000E-02,  2.0000000000000000E-02,  4.2299999999999999E-01,  4.2299999999999999E-01,  0.0000000000000000E+00,  0.0000000000000000E+00
3,2,3,1,0,1,legacy-reference-bound,8,8,8, -1.1875000000000000E+00, -1.1875000000000000E+00,  0.0000000000000000E+00,  0.0000000000000000E+00,  0.0000000000000000E+00, -1.4843750000000000E-01,  9.6999999999347608E-05,1,16,0,16,16,0,0,  2.0000000000000000E-02,  2.0000000000000000E-02,  4.2299999999999999E-01,  4.2299999999999999E-01,  0.0000000000000000E+00,  0.0000000000000000E+00
3,2,3,1,0,1,legacy-reference-bound,16,16,16, -1.1875000000000000E+00, -1.1875000000000000E+00,  0.0000000000000000E+00,  0.0000000000000000E+00,  0.0000000000000000E+00, -7.4218750000000000E-02,  1.9100000000005224E-04,1,32,0,32,32,0,0,  2.0000000000000000E-02,  2.0000000000000000E-02,  4.2299999999999999E-01,  4.2299999999999999E-01,  0.0000000000000000E+00,  0.0000000000000000E+00
3,2,3,1,0,1,legacy-reference-bound,32,32,32, -1.1875000000000000E+00, -1.1875000000000000E+00,  0.0000000000000000E+00,  0.0000000000000000E+00,  0.0000000000000000E+00, -3.7109375000000000E-02,  3.9299999999986568E-04,1,64,0,64,64,0,0,  2.0000000000000000E-02,  2.0000000000000000E-02,  4.2299999999999999E-01,  4.2299999999999999E-01,  0.0000000000000000E+00,  0.0000000000000000E+00
3,2,3,1,0,1,legacy-reference-bound,64,64,64, -1.1875000000000000E+00, -1.1875000000000000E+00,  0.0000000000000000E+00,  0.0000000000000000E+00,  0.0000000000000000E+00, -1.8554687500000000E-02,  7.8699999999987114E-04,1,128,0,128,128,0,0,  2.0000000000000000E-02,  2.0000000000000000E-02,  4.2299999999999999E-01,  4.2299999999999999E-01,  0.0000000000000000E+00,  0.0000000000000000E+00
3,2,3,1,0,1,legacy-reference-bound,128,128,128, -1.1875000000000000E+00, -1.1875000000000000E+00,  0.0000000000000000E+00,  0.0000000000000000E+00,  0.0000000000000000E+00, -9.2773437500000000E-03,  2.3999999999997357E-03,1,256,0,256,256,0,0,  2.0000000000000000E-02,  2.0000000000000000E-02,  4.2299999999999999E-01,  4.2299999999999999E-01,  0.0000000000000000E+00,  0.0000000000000000E+00
3,2,3,1,0,1,legacy-reference-bound,256,256,256, -1.1875000000000000E+00, -1.1875000000000000E+00,  0.0000000000000000E+00,  0.0000000000000000E+00,  0.0000000000000000E+00, -4.6386718750000000E-03,  3.3520000000004657E-03,1,512,0,512,512,0,0,  2.0000000000000000E-02,  2.0000000000000000E-02,  4.2299999999999999E-01,  4.2299999999999999E-01,  0.0000000000000000E+00,  0.0000000000000000E+00
3,2,3,1,0,1,legacy-reference-bound,512,512,512, -1.1875000000000000E+00, -1.1875000000000000E+00,  0.0000000000000000E+00,  0.0000000000000000E+00,  0.0000000000000000E+00, -2.3193359375000000E-03,  6.3400000000006784E-03,1,1024,0,1024,1024,0,0,  2.0000000000000000E-02,  2.0000000000000000E-02,  4.2299999999999999E-01,  4.2299999999999999E-01,  0.0000000000000000E+00,  0.0000000000000000E+00
3,2,3,1,0,1,legacy-reference-bound,1024,1024,1024, -1.1875000000000000E+00, -1.1875000000000000E+00,  0.0000000000000000E+00,  0.0000000000000000E+00,  0.0000000000000000E+00, -1.1596679687500000E-03,  1.3055000000000483E-02,1,2048,0,2048,2048,0,0,  2.0000000000000000E-02,  2.0000000000000000E-02,  4.2299999999999999E-01,  4.2299999999999999E-01,  0.0000000000000000E+00,  0.0000000000000000E+00
3,2,3,1,0,1,legacy-reference-bound,2048,2048,2048, -1.1875000000000000E+00, -1.1875000000000000E+00,  0.0000000000000000E+00,  0.0000000000000000E+00,  0.0000000000000000E+00, -5.7983398437500000E-04,  2.6066999999999396E-02,1,4096,0,4096,4096,0,0,  2.0000000000000000E-02,  2.0000000000000000E-02,  4.2299999999999999E-01,  4.2299999999999999E-01,  0.0000000000000000E+00,  0.0000000000000000E+00
3,2,3,1,0,1,legacy-reference-bound,4096,4096,4096, -1.1875000000000000E+00, -1.1875000000000000E+00,  0.0000000000000000E+00,  0.0000000000000000E+00,  0.0000000000000000E+00, -2.8991699218750000E-04,  5.8459999999999290E-02,1,8192,0,8192,8192,0,0,  2.0000000000000000E-02,  2.0000000000000000E-02,  4.2299999999999999E-01,  4.2299999999999999E-01,  0.0000000000000000E+00,  0.0000000000000000E+00
3,2,3,1,0,1,legacy-reference-bound,1,1,1, -1.2075000000000000E+00, -1.1875000000000000E+00,  2.0000000000003126E-02,  3.1086244689504383E-15,  0.0000000000000000E+00, -1.2075000000000000E+00,  2.2999999999662180E-05,2,2,0,2,2,0,0,  2.0000000000000000E-02,  2.0000000000000000E-02,  4.2299999999999999E-01,  4.2299999999999999E-01, -1.0000000000000000E+00, -1.0000000000000000E+00
3,2,3,1,0,1,legacy-reference-bound,2,2,2, -1.2075000000000000E+00, -1.1875000000000000E+00,  2.0000000000003126E-02,  3.1086244689504383E-15,  0.0000000000000000E+00, -6.1375000000000002E-01,  2.6999999999333113E-05,2,4,0,4,4,0,0,  2.0000000000000000E-02,  2.0000000000000000E-02,  4.2299999999999999E-01,  4.2299999999999999E-01,  0.0000000000000000E+00,  0.0000000000000000E+00
3,2,3,1,0,1,legacy-reference-bound,4,4,4, -1.2075000000000000E+00, -1.1875000000000000E+00,  2.0000000000003126E-02,  3.1086244689504383E-15,  0.0000000000000000E+00, -3.1687500000000002E-01,  4.9999999999883471E-05,2,8,0,8,8,0,0,  2.0000000000000000E-02,  2.0000000000000000E-02,  4.2299999999999999E-01,  4.2299999999999999E-01,  0.0000000000000000E+00,  0.0000000000000000E+00
3,2,3,1,0,1,legacy-reference-bound,8,8,8, -1.2075000000000000E+00, -1.1875000000000000E+00,  2.0000000000003126E-02,  3.1086244689504383E-15,  0.0000000000000000E+00, -1.6843749999999999E-01,  9.7000000000235787E-05,2,16,0,16,16,0,0,  2.0000000000000000E-02,  2.0000000000000000E-02,  4.2299999999999999E-01,  4.2299999999999999E-01,  0.0000000000000000E+00,  0.0000000000000000E+00
3,2,3,1,0,1,legacy-reference-bound,16,16,16, -1.2075000000000000E+00, -1.1875000000000000E+00,  2.0000000000003126E-02,  3.1086244689504383E-15,  0.0000000000000000E+00, -9.4218750000000004E-02,  1.8999999999991246E-04,2,32,0,32,32,0,0,  2.0000000000000000E-02,  2.0000000000000000E-02,  4.2299999999999999E-01,  4.2299999999999999E-01,  0.0000000000000000E+00,  0.0000000000000000E+00
3,2,3,1,0,1,legacy-reference-bound,32,32,32, -1.2075000000000000E+00, -1.1875000000000000E+00,  2.0000000000003126E-02,  3.1086244689504383E-15,  0.0000000000000000E+00, -5.7109375000000004E-02,  4.6999999999997044E-04,2,64,0,64,64,0,0,  2.0000000000000000E-02,  2.0000000000000000E-02,  4.2299999999999999E-01,  4.2299999999999999E-01,  0.0000000000000000E+00,  0.0000000000000000E+00
3,2,3,1,0,1,legacy-reference-bound,64,64,64, -1.2075000000000000E+00, -1.1875000000000000E+00,  2.0000000000003126E-02,  3.1086244689504383E-15,  0.0000000000000000E+00, -3.8554687500000004E-02,  8.0099999999916349E-04,2,128,0,128,128,0,0,  2.0000000000000000E-02,  2.0000000000000000E-02,  4.2299999999999999E-01,  4.2299999999999999E-01,  0.0000000000000000E+00,  0.0000000000000000E+00
3,2,3,1,0,1,legacy-reference-bound,128,128,128, -1.2075000000000000E+00, -1.1875000000000000E+00,  2.0000000000003126E-02,  3.1086244689504383E-15,  0.0000000000000000E+00, -2.9277343750000000E-02,  1.6560000000005459E-03,2,256,0,256,256,0,0,  2.0000000000000000E-02,  2.0000000000000000E-02,  4.2299999999999999E-01,  4.2299999999999999E-01,  0.0000000000000000E+00,  0.0000000000000000E+00
3,2,3,1,0,1,legacy-reference-bound,256,256,256, -1.2075000000000000E+00, -1.1875000000000000E+00,  2.0000000000003126E-02,  3.1086244689504383E-15,  0.0000000000000000E+00, -2.4638671875000000E-02,  3.0850000000004485E-03,2,512,0,512,512,0,0,  2.0000000000000000E-02,  2.0000000000000000E-02,  4.2299999999999999E-01,  4.2299999999999999E-01,  0.0000000000000000E+00,  0.0000000000000000E+00
3,2,3,1,0,1,legacy-reference-bound,512,512,512, -1.2075000000000000E+00, -1.1875000000000000E+00,  2.0000000000003126E-02,  3.1086244689504383E-15,  0.0000000000000000E+00, -2.2319335937500000E-02,  7.0230000000002235E-03,2,1024,0,1024,1024,0,0,  2.0000000000000000E-02,  2.0000000000000000E-02,  4.2299999999999999E-01,  4.2299999999999999E-01,  0.0000000000000000E+00,  0.0000000000000000E+00
3,2,3,1,0,1,legacy-reference-bound,1024,1024,1024, -1.2075000000000000E+00, -1.1875000000000000E+00,  2.0000000000003126E-02,  3.1086244689504383E-15,  0.0000000000000000E+00, -2.1159667968750000E-02,  1.3942999999999373E-02,2,2048,0,2048,2048,0,0,  2.0000000000000000E-02,  2.0000000000000000E-02,  4.2299999999999999E-01,  4.2299999999999999E-01,  0.0000000000000000E+00,  0.0000000000000000E+00
3,2,3,1,0,1,legacy-reference-bound,2048,2048,2048, -1.2075000000000000E+00, -1.1875000000000000E+00,  2.0000000000003126E-02,  3.1086244689504383E-15,  0.0000000000000000E+00, -2.0579833984375000E-02,  2.6627999999999652E-02,2,4096,0,4096,4096,0,0,  2.0000000000000000E-02,  2.0000000000000000E-02,  4.2299999999999999E-01,  4.2299999999999999E-01,  0.0000000000000000E+00,  0.0000000000000000E+00
3,2,3,1,0,1,legacy-reference-bound,4096,4096,4096, -1.2075000000000000E+00, -1.1875000000000000E+00,  2.0000000000003126E-02,  3.1086244689504383E-15,  0.0000000000000000E+00, -2.0289916992187500E-02,  6.9030999999999842E-02,2,8192,0,8192,8192,0,0,  2.0000000000000000E-02,  2.0000000000000000E-02,  4.2299999999999999E-01,  4.2299999999999999E-01,  0.0000000000000000E+00,  0.0000000000000000E+00
3,2,3,1,0,1,legacy-reference-bound,1,1,1, -1.2075000000000000E+00, -1.1875000000000000E+00,  2.0000000000003126E-02,  3.1086244689504383E-15,  0.0000000000000000E+00, -1.2075000000000000E+00,  2.3999999999801958E-05,3,2,0,2,2,0,0,  2.0000000000000000E-02,  2.0000000000000000E-02,  4.2299999999999999E-01,  4.2299999999999999E-01, -1.0000000000000000E+00, -1.0000000000000000E+00
3,2,3,1,0,1,legacy-reference-bound,2,2,2, -1.2075000000000000E+00, -1.1875000000000000E+00,  2.0000000000003126E-02,  3.1086244689504383E-15,  0.0000000000000000E+00, -6.1375000000000002E-01,  2.6999999999333113E-05,3,4,0,4,4,0,0,  2.0000000000000000E-02,  2.0000000000000000E-02,  4.2299999999999999E-01,  4.2299999999999999E-01,  0.0000000000000000E+00,  0.0000000000000000E+00
3,2,3,1,0,1,legacy-reference-bound,4,4,4, -1.2075000000000000E+00, -1.1875000000000000E+00,  2.0000000000003126E-02,  3.1086244689504383E-15,  0.0000000000000000E+00, -3.1687500000000002E-01,  4.9999999999883471E-05,3,8,0,8,8,0,0,  2.0000000000000000E-02,  2.0000000000000000E-02,  4.2299999999999999E-01,  4.2299999999999999E-01,  0.0000000000000000E+00,  0.0000000000000000E+00
3,2,3,1,0,1,legacy-reference-bound,8,8,8, -1.2075000000000000E+00, -1.1875000000000000E+00,  2.0000000000003126E-02,  3.1086244689504383E-15,  0.0000000000000000E+00, -1.6843749999999999E-01,  9.7000000000235787E-05,3,16,0,16,16,0,0,  2.0000000000000000E-02,  2.0000000000000000E-02,  4.2299999999999999E-01,  4.2299999999999999E-01,  0.0000000000000000E+00,  0.0000000000000000E+00
3,2,3,1,0,1,legacy-reference-bound,16,16,16, -1.2075000000000000E+00, -1.1875000000000000E+00,  2.0000000000003126E-02,  3.1086244689504383E-15,  0.0000000000000000E+00, -9.4218750000000004E-02,  3.3500000000064034E-04,3,32,0,32,32,0,0,  2.0000000000000000E-02,  2.0000000000000000E-02,  4.2299999999999999E-01,  4.2299999999999999E-01,  0.0000000000000000E+00,  0.0000000000000000E+00
3,2,3,1,0,1,legacy-reference-bound,32,32,32, -1.2075000000000000E+00, -1.1875000000000000E+00,  2.0000000000003126E-02,  3.1086244689504383E-15,  0.0000000000000000E+00, -5.7109375000000004E-02,  4.3000000000059657E-04,3,64,0,64,64,0,0,  2.0000000000000000E-02,  2.0000000000000000E-02,  4.2299999999999999E-01,  4.2299999999999999E-01,  0.0000000000000000E+00,  0.0000000000000000E+00
3,2,3,1,0,1,legacy-reference-bound,64,64,64, -1.2075000000000000E+00, -1.1875000000000000E+00,  2.0000000000003126E-02,  3.1086244689504383E-15,  0.0000000000000000E+00, -3.8554687500000004E-02,  7.7799999999950131E-04,3,128,0,128,128,0,0,  2.0000000000000000E-02,  2.0000000000000000E-02,  4.2299999999999999E-01,  4.2299999999999999E-01,  0.0000000000000000E+00,  0.0000000000000000E+00
3,2,3,1,0,1,legacy-reference-bound,128,128,128, -1.2075000000000000E+00, -1.1875000000000000E+00,  2.0000000000003126E-02,  3.1086244689504383E-15,  0.0000000000000000E+00, -2.9277343750000000E-02,  1.6889999999998295E-03,3,256,0,256,256,0,0,  2.0000000000000000E-02,  2.0000000000000000E-02,  4.2299999999999999E-01,  4.2299999999999999E-01,  0.0000000000000000E+00,  0.0000000000000000E+00
3,2,3,1,0,1,legacy-reference-bound,256,256,1377, -1.2002746048011974E+00, -1.1875000000000000E+00,  1.2774604801215617E-02,  1.8207657603852567E-14,  2.1250362580715887E-15,  0.0000000000000000E+00,  1.0787999999999798E-02,3,1622,12,1622,1634,0,1, -4.0744880133573034E+00,  4.1822427897192302E-02,  4.2121986036938808E-01,  4.2299999999999999E-01,  7.2253951988014709E-03,  4.0944880133573029E+00
3,2,3,1,0,1,legacy-reference-bound,512,512,1638, -1.2034844837166596E+00, -1.1875000000000000E+00,  1.5984483716671605E-02,  1.1990408665951691E-14,  1.1887192619131071E-15,  0.0000000000000000E+00,  1.4135999999999704E-02,3,2133,18,2133,2151,0,1, -2.8656296446146006E+00,  1.9919559590299705E-02,  4.2192918387780620E-01,  4.2299999999999999E-01,  3.2098789154556828E-03,  1.2088583687427028E+00
3,2,3,1,0,1,legacy-reference-bound,1024,1024,3250, -1.2039348361476798E+00, -1.1875000000000000E+00,  1.6434836147688259E-02,  8.4376949871511897E-15,  1.5424944307951272E-15,  0.0000000000000000E+00,  2.7823999999999849E-02,3,4367,32,4367,4399,0,1, -2.6685313260972712E+00,  2.8180696617197874E-02,  4.2203410173656886E-01,  4.2299999999999999E-01,  4.5035243102065081E-04,  1.9709831851732940E-01
3,2,3,1,0,1,legacy-reference-bound,2048,2048,6438, -1.2041491985471917E+00, -1.1875000000000000E+00,  1.6649198547199262E-02,  7.5495165674510645E-15,  1.7913188293805504E-15,  0.0000000000000000E+00,  5.4311999999999472E-02,3,8428,60,8428,8488,0,1, -2.5712942842649955E+00,  3.3477715865547861E-02,  4.2208463516475991E-01,  4.2299999999999999E-01,  2.1436239950656244E-04,  9.7237041832275661E-02
3,2,3,1,0,1,legacy-reference-bound,4096,4096,12844, -1.2042519771023190E+00, -1.1875000000000000E+00,  1.6751977102344995E-02,  2.5979218776228663E-14,  1.8810094540994138E-15,  0.0000000000000000E+00,  1.0730700000000049E-01,3,16819,125,16819,16944,0,1, -2.5238014775634952E+00,  3.5654210101341476E-02,  4.2210901437903636E-01,  4.2299999999999999E-01,  1.0277855514051470E-04,  4.7492806701500356E-02
3,5,1,1,0,1,legacy-reference-bound,1,1,5, -6.1577033610379051E-01, -1.3814060080261648E-02,  6.0195627602352886E-01,  0.0000000000000000E+00,  2.1337098754514727E-16, -6.1577033610379051E-01,  6.9000000000762896E-05,1,6,0,6,6,0,0, -1.2299999997834382E+02,  6.2182069883811530E-01,  3.0672347318923410E-01,  4.2299999999999999E-01, -1.0000000000000000E+00, -1.0000000000000000E+00
3,5,1,1,0,1,legacy-reference-bound,2,2,10, -9.6559134526440682E-01, -1.3814059841525173E-02,  9.5177728542288165E-01,  0.0000000000000000E+00,  9.9139446652074525E-16, -4.9025790906954170E-01,  1.3599999999946988E-04,1,12,0,12,12,0,0, -1.2299999999990044E+02,  2.6929802906344180E-01,  3.0672347317441340E-01,  4.2299999999999999E-01,  3.5104297582974897E-01,  5.4628689357404035E+01
3,5,1,1,0,1,legacy-reference-bound,4,4,70, -1.4292182482824916E+00, -1.3814059840853488E-02,  1.4154041884416415E+00,  3.4416913763379853E-15,  5.1247200927306835E-14, -4.0821115934742452E-01,  7.2399999999994691E-04,1,74,0,74,74,0,0, -1.2299999999999989E+02, -1.5918718588627367E-01,  3.0672347317434501E-01,  4.2298394169696196E-01,  4.6420909371290603E-01,  6.2857690580824780E+01
3,5,1,1,0,1,legacy-reference-bound,8,8,120, -1.8423908587268290E+00, -1.3814059840941695E-02,  1.8285767988858908E+00,  3.4972025275692431E-15,  1.5603837666411380E-14, -3.5511776396822670E-01,  1.3030000000000541E-03,1,128,0,128,128,0,0, -1.2300000000000001E+02, -2.8851001708706719E-01,  3.0672347317434490E-01,  4.2296185777961948E-01,  4.1463756924258854E-01,  5.4646391228920436E+01
3,5,1,1,0,1,legacy-reference-bound,16,16,232, -2.0774658891843809E+00, -1.3814059840999426E-02,  2.0636518293433852E+00,  3.7192471324942744E-15,  1.2792718273590964E-14, -3.1841444655005247E-01,  2.5069999999995929E-03,1,248,0,248,248,0,0, -1.2300000000000001E+02, -2.8041417304358146E-01,  3.0672347317434490E-01,  4.2296340477545835E-01,  2.3507590327386585E-01,  3.1947384776722814E+01
3,5,1,1,0,1,legacy-reference-bound,32,32,454, -2.2017247219435543E+00, -1.3814059841005012E-02,  2.1879106621025528E+00,  3.5318969970887792E-15,  1.2314368275090359E-14, -2.8426962503224157E-01,  4.7670000000001878E-03,1,486,0,486,486,0,0, -1.2300000000000001E+02, -2.6820922924627016E-01,  3.0672347317434490E-01,  4.2296569873930878E-01,  1.2425918964458688E-01,  1.6003840411468047E+01
3,5,1,1,0,1,legacy-reference-bound,64,64,856, -2.2670721918562289E+00, -1.3814059841006355E-02,  2.2532581320152261E+00,  3.5423053379446401E-15,  1.1524852253086415E-14, -2.3934760739419964E-01,  9.6660000000001745E-03,1,920,0,920,920,0,0, -1.2300000000000000E+02, -2.6011502647748458E-01,  3.0672347317434490E-01,  4.2296719424579909E-01,  6.5347614263880083E-02,  8.1179624373250476E+00
3,5,1,1,0,1,legacy-reference-bound,128,128,1600, -2.3012741500403817E+00, -1.3814059841018373E-02,  2.2874600901993674E+00,  4.0141501234103316E-15,  1.0074298166518059E-14, -1.8300877201453405E-01,  1.7178000000000360E-02,1,1728,0,1728,1728,0,0, -1.2300000000000000E+02, -2.5534760885285246E-01,  3.0672347317434490E-01,  4.2296806528075981E-01,  3.4202002742280413E-02,  3.8699802427367871E+00
3,5,1,1,0,1,legacy-reference-bound,256,256,2962, -2.3189967454637541E+00, -1.3814059841004728E-02,  2.3051826856227535E+00,  4.1355807667287081E-15,  3.5369385371908368E-15, -1.2670500569860735E-01,  3.2064000000000092E-02,1,3218,0,3218,3218,0,0, -1.2300000000000000E+02, -2.5269824572501787E-01,  3.0672347317434490E-01,  4.2296854615795254E-01,  1.7722614672716908E-02,  2.0447024710858699E+00
3,5,1,1,0,1,legacy-reference-bound,512,512,5394, -2.3280809730958940E+00, -1.3814059841023178E-02,  2.3142669132548761E+00,  5.2666204730655863E-15,  4.5015261049968780E-15, -8.0182754747878476E-02,  6.0033000000000669E-02,1,5906,0,5906,5906,0,0, -1.2300000000000000E+02, -2.5128173216072386E-01,  3.0672347317434490E-01,  4.2296880232762513E-01,  9.0842362623230755E-03,  1.0605629599031801E+00
3,5,1,1,0,1,legacy-reference-bound,1024,1024,9684, -2.3326957515014435E+00, -1.3814059840960470E-02,  2.3188816916604864E+00,  3.3983232894385651E-15,  2.5049813568919777E-15, -4.6969069427893882E-02,  1.0770100000000049E-01,1,10708,0,10708,10708,0,0, -1.2300000000000014E+02, -2.5054395538148622E-01,  3.0672347317434479E-01,  4.2296893549151982E-01,  4.6147823761941154E-03,  5.4093919740566321E-01
3,5,1,1,0,1,legacy-reference-bound,2048,2048,17082, -2.3350248042276127E+00, -1.3814059840990534E-02,  2.3212107443866259E+00,  3.7088387916384136E-15,  1.8696185550247379E-15, -2.5898454019469282E-02,  1.9398100000000085E-01,1,19130,0,19130,19130,0,0, -1.2300000000000000E+02, -2.5016631250501015E-01,  3.0672347317434490E-01,  4.2296900358469613E-01,  2.3290546050191985E-03,  2.7341293448363047E-01
3,5,1,1,0,1,legacy-reference-bound,4096,4096,29795, -2.3361953503998678E+00, -1.3814059840927498E-02,  2.3223812905589512E+00,  1.0838552277903091E-14,  2.1750823527271618E-15, -1.3695567560400945E-02,  3.3879499999999929E-01,1,33891,0,33891,33891,0,0, -1.2300000000000000E+02, -2.4997506347023596E-01,  3.0672347317434490E-01,  4.2296903805119390E-01,  1.1705470815298602E-03,  1.3749446869996973E-01
3,5,1,1,0,1,legacy-reference-bound,1,1,5, -6.3577033610379052E-01, -1.3814060080261648E-02,  6.2195627602352843E-01, -4.4408920985006262E-16,  2.1337098754514727E-16, -6.3577033610379052E-01,  8.5000000000334808E-05,2,6,0,6,6,0,0, -1.2299999997834382E+02,  6.2182069883811530E-01,  3.0672347318923410E-01,  4.2299999999999999E-01, -1.0000000000000000E+00, -1.0000000000000000E+00
3,5,1,1,0,1,legacy-reference-bound,2,2,10, -9.8559134526440684E-01, -1.3814059841525173E-02,  9.7177728542288122E-01, -4.4408920985006262E-16,  9.9139446652074525E-16, -5.1025790906954172E-01,  1.1899999999975819E-04,2,12,0,12,12,0,0, -1.2299999999990044E+02,  2.6929802906344180E-01,  3.0672347317441340E-01,  4.2299999999999999E-01,  3.5104297582974897E-01,  5.4628689357404035E+01
3,5,1,1,0,1,legacy-reference-bound,4,4,70, -1.4492182482824916E+00, -1.3814059840853488E-02,  1.4354041884416411E+00,  2.9976021664879227E-15,  5.1247200927306835E-14, -4.2821115934742454E-01,  7.0599999999920726E-04,2,74,0,74,74,0,0, -1.2299999999999989E+02, -1.5918718588627367E-01,  3.0672347317434501E-01,  4.2298394169696196E-01,  4.6420909371290603E-01,  6.2857690580824780E+01
3,5,1,1,0,1,legacy-reference-bound,8,8,120, -1.8623908587268290E+00, -1.3814059840941695E-02,  1.8485767988858903E+00,  3.0531133177191805E-15,  1.5603837666411380E-14, -3.7511776396822671E-01,  1.2919999999994047E-03,2,128,0,128,128,0,0, -1.2300000000000001E+02, -2.8851001708706719E-01,  3.0672347317434490E-01,  4.2296185777961948E-01,  4.1463756924258854E-01,  5.4646391228920436E+01
3,5,1,1,0,1,legacy-reference-bound,16,16,232, -2.0974658891843809E+00, -1.3814059840999426E-02,  2.0836518293433848E+00,  3.2751579226442118E-15,  1.2792718273590964E-14, -3.3841444655005248E-01,  2.4150000000009442E-03,2,248,0,248,248,0,0, -1.2300000000000001E+02, -2.8041417304358146E-01,  3.0672347317434490E-01,  4.2296340477545835E-01,  2.3507590327386585E-01,  3.1947384776722814E+01
3,5,1,1,0,1,legacy-reference-bound,32,32,454, -2.2217247219435543E+00, -1.3814059841005012E-02,  2.2079106621025524E+00,  3.0878077872387166E-15,  1.2314368275090359E-14, -3.0426962503224159E-01,  4.7940000000004090E-03,2,486,0,486,486,0,0, -1.2300000000000001E+02, -2.6820922924627016E-01,  3.0672347317434490E-01,  4.2296569873930878E-01,  1.2425918964458688E-01,  1.6003840411468047E+01
3,5,1,1,0,1,legacy-reference-bound,64,64,856, -2.2870721918562285E+00, -1.3814059841006355E-02,  2.2732581320152256E+00,  3.5423053379446401E-15,  1.1524852253086415E-14, -2.5934760739419965E-01,  9.0819999999993684E-03,2,920,0,920,920,0,0, -1.2300000000000000E+02, -2.6011502647748458E-01,  3.0672347317434490E-01,  4.2296719424579909E-01,  6.5347614263880083E-02,  8.1179624373250476E+00
3,5,1,1,0,1,legacy-reference-bound,128,128,1600, -2.3212741500403813E+00, -1.3814059841018373E-02,  2.3074600901993669E+00,  4.0141501234103316E-15,  1.0074298166518059E-14, -2.0300877201453404E-01,  1.7000999999998712E-02,2,1728,0,1728,1728,0,0, -1.2300000000000000E+02, -2.5534760885285246E-01,  3.0672347317434490E-01,  4.2296806528075981E-01,  3.4202002742280413E-02,  3.8699802427367871E+00
3,5,1,1,0,1,legacy-reference-bound,256,256,2962, -2.3389967454637541E+00, -1.3814059841004728E-02,  2.3251826856227531E+00,  3.6914915568786455E-15,  3.5369385371908368E-15, -1.4670500569860734E-01,  3.1976000000000226E-02,2,3218,0,3218,3218,0,0, -1.2300000000000000E+02, -2.5269824572501787E-01,  3.0672347317434490E-01,  4.2296854615795254E-01,  1.7722614672716908E-02,  2.0447024710858699E+00
3,5,1,1,0,1,legacy-reference-bound,512,512,5394, -2.3480809730958945E+00, -1.3814059841023178E-02,  2.3342669132548757E+00,  4.3784420533654611E-15,  4.5015261049968780E-15, -1.0018275474787848E-01,  5.9143999999999863E-02,2,5906,0,5906,5906,0,0, -1.2300000000000000E+02, -2.5128173216072386E-01,  3.0672347317434490E-01,  4.2296880232762513E-01,  9.0842362623230755E-03,  1.0605629599031801E+00
3,5,1,1,0,1,legacy-reference-bound,1024,1024,9684, -2.3526957515014439E+00, -1.3814059840960470E-02,  2.3388816916604860E+00,  2.5101448697384399E-15,  2.5049813568919777E-15, -6.6969069427893879E-02,  1.0926499999999884E-01,2,10708,0,10708,10708,0,0, -1.2300000000000014E+02, -2.5054395538148622E-01,  3.0672347317434479E-01,  4.2296893549151982E-01,  4.6147823761941154E-03,  5.4093919740566321E-01
3,5,1,1,0,1,legacy-reference-bound,2048,2048,17082, -2.3550248042276141E+00, -1.3814059840990534E-02,  2.3412107443866255E+00,  1.9324819522381631E-15,  1.8696185550247379E-15, -4.5898454019469279E-02,  1.8928400000000067E-01,2,19130,0,19130,19130,0,0, -1.2300000000000000E+02, -2.5016631250501015E-01,  3.0672347317434490E-01,  4.2296900358469613E-01,  2.3290546050191985E-03,  2.7341293448363047E-01
3,5,1,1,0,1,legacy-reference-bound,4096,4096,29795, -2.3561953503998674E+00, -1.3814059840927498E-02,  2.3423812905589507E+00,  1.0838552277903091E-14,  2.1750823527271618E-15, -3.3695567560400944E-02,  3.4439599999999970E-01,2,33891,0,33891,33891,0,0, -1.2300000000000000E+02, -2.4997506347023596E-01,  3.0672347317434490E-01,  4.2296903805119390E-01,  1.1705470815298602E-03,  1.3749446869996973E-01
3,5,1,1,0,1,legacy-reference-bound,1,1,5, -6.3577033610379052E-01, -1.3814060080261648E-02,  6.2195627602352843E-01, -4.4408920985006262E-16,  2.1337098754514727E-16, -6.3577033610379052E-01,  6.9999999999126317E-05,3,6,0,6,6,0,0, -1.2299999997834382E+02,  6.2182069883811530E-01,  3.0672347318923410E-01,  4.2299999999999999E-01, -1.0000000000000000E+00, -1.0000000000000000E+00
3,5,1,1,0,1,legacy-reference-bound,2,2,10, -9.8559134526440684E-01, -1.3814059841525173E-02,  9.7177728542288122E-01, -4.4408920985006262E-16,  9.9139446652074525E-16, -5.1025790906954172E-01,  1.6399999999983095E-04,3,12,0,12,12,0,0, -1.2299999999990044E+02,  2.6929802906344180E-01,  3.0672347317441340E-01,  4.2299999999999999E-01,  3.5104297582974897E-01,  5.4628689357404035E+01
3,5,1,1,0,1,legacy-reference-bound,4,4,70, -1.4492182482824916E+00, -1.3814059840853488E-02,  1.4354041884416411E+00,  2.9976021664879227E-15,  5.1247200927306835E-14, -4.2821115934742454E-01,  7.4199999999891020E-04,3,74,0,74,74,0,0, -1.2299999999999989E+02, -1.5918718588627367E-01,  3.0672347317434501E-01,  4.2298394169696196E-01,  4.6420909371290603E-01,  6.2857690580824780E+01
3,5,1,1,0,1,legacy-reference-bound,8,8,120, -1.8623908587268290E+00, -1.3814059840941695E-02,  1.8485767988858903E+00,  3.0531133177191805E-15,  1.5603837666411380E-14, -3.7511776396822671E-01,  1.2629999999997921E-03,3,128,0,128,128,0,0, -1.2300000000000001E+02, -2.8851001708706719E-01,  3.0672347317434490E-01,  4.2296185777961948E-01,  4.1463756924258854E-01,  5.4646391228920436E+01
3,5,1,1,0,1,legacy-reference-bound,16,16,232, -2.0974658891843809E+00, -1.3814059840999426E-02,  2.0836518293433848E+00,  3.2751579226442118E-15,  1.2792718273590964E-14, -3.3841444655005248E-01,  2.6890000000001635E-03,3,248,0,248,248,0,0, -1.2300000000000001E+02, -2.8041417304358146E-01,  3.0672347317434490E-01,  4.2296340477545835E-01,  2.3507590327386585E-01,  3.1947384776722814E+01
3,5,1,1,0,1,legacy-reference-bound,32,32,454, -2.2217247219435543E+00, -1.3814059841005012E-02,  2.2079106621025524E+00,  3.0878077872387166E-15,  1.2314368275090359E-14, -3.0426962503224159E-01,  4.9069999999993286E-03,3,486,0,486,486,0,0, -1.2300000000000001E+02, -2.6820922924627016E-01,  3.0672347317434490E-01,  4.2296569873930878E-01,  1.2425918964458688E-01,  1.6003840411468047E+01
3,5,1,1,0,1,legacy-reference-bound,64,64,856, -2.2870721918562285E+00, -1.3814059841006355E-02,  2.2732581320152256E+00,  3.5423053379446401E-15,  1.1524852253086415E-14, -2.5934760739419965E-01,  8.9799999999993219E-03,3,920,0,920,920,0,0, -1.2300000000000000E+02, -2.6011502647748458E-01,  3.0672347317434490E-01,  4.2296719424579909E-01,  6.5347614263880083E-02,  8.1179624373250476E+00
3,5,1,1,0,1,legacy-reference-bound,128,128,1600, -2.3212741500403813E+00, -1.3814059841018373E-02,  2.3074600901993669E+00,  4.0141501234103316E-15,  1.0074298166518059E-14, -2.0300877201453404E-01,  1.6987999999999559E-02,3,1728,0,1728,1728,0,0, -1.2300000000000000E+02, -2.5534760885285246E-01,  3.0672347317434490E-01,  4.2296806528075981E-01,  3.4202002742280413E-02,  3.8699802427367871E+00
3,5,1,1,0,1,legacy-reference-bound,256,256,2954, -2.3338084271880835E+00, -1.3814059841032695E-02,  2.3199943673470536E+00,  2.7929047963226594E-15,  3.5589478412922926E-15,  0.0000000000000000E+00,  3.1527999999999778E-02,3,3206,4,3206,3210,0,1, -1.2300000000000000E+02, -2.5487129512282936E-01,  3.0672347317434490E-01,  4.2296815190286796E-01,  1.2534704261573937E-02,  1.5085775157208730E+00
3,5,1,1,0,1,legacy-reference-bound,512,512,5378, -2.3428951709252113E+00, -1.3814059841028129E-02,  2.3290811110841894E+00,  6.2207183848528302E-15,  4.4911177641410172E-15,  0.0000000000000000E+00,  5.7995000000000019E-02,3,5882,8,5882,5890,0,1, -1.2300000000000000E+02, -2.5344345459102979E-01,  3.0672347317434490E-01,  4.2296841112805139E-01,  9.0867522197241035E-03,  1.0565802625213365E+00
3,5,1,1,0,1,legacy-reference-bound,1024,1024,9649, -2.3475112983139721E+00, -1.3814059840959458E-02,  2.3336972384730181E+00,  5.4956039718945249E-15,  2.3707571279382722E-15,  0.0000000000000000E+00,  1.0650500000000029E-01,3,10657,16,10657,10673,0,1, -1.2300000000000000E+02, -2.5269980992602892E-01,  3.0672347317434490E-01,  4.2296854587471278E-01,  4.6161313017434313E-03,  5.3926420848546286E-01
3,5,1,1,0,1,legacy-reference-bound,2048,2048,17039, -2.3498410525706599E+00, -1.3814059841002401E-02,  2.3360269927296677E+00,  1.0247011572595000E-14,  1.9751114264075775E-15,  0.0000000000000000E+00,  1.8976600000000055E-01,3,19055,32,19055,19087,0,1, -1.2300000000000000E+02, -2.5231917285575406E-01,  3.0672347317434490E-01,  4.2296861477558378E-01,  2.3297561117738286E-03,  2.7265656698628504E-01
3,5,1,1,0,1,legacy-reference-bound,4096,4096,29708, -2.3510119570487098E+00, -1.3814059840896568E-02,  2.3371978972078189E+00,  5.6656068725402520E-15,  2.1397712432220245E-15,  0.0000000000000000E+00,  3.3731200000000072E-01,3,33740,64,33740,33804,0,1, -1.2300000000000009E+02, -2.5212641004988928E-01,  3.0672347317434490E-01,  4.2296864965045644E-01,  1.1709053769165534E-03,  1.3713683656601461E-01
3,5,2,1,0,1,legacy-reference-bound,1,1,5, -6.2881089680833868E-01, -4.3631665367375605E-01,  1.9249424313458263E-01,  0.0000000000000000E+00,  1.6653345369377348E-16, -6.2881089680833868E-01,  6.8999999999874717E-05,1,6,0,6,6,0,0, -9.9856265317596336E+00,  6.0809379283332765E-01,  4.1660309408454532E-01,  4.2299999999999999E-01, -1.0000000000000000E+00, -1.0000000000000000E+00
3,5,2,1,0,1,legacy-reference-bound,2,2,13, -7.2599723165143537E-01, -4.3616922541618125E-01,  2.8982800623525407E-01, -5.5511151231257827E-17,  8.8817841970012523E-16, -3.5670043557905623E-01,  1.4299999999956015E-04,1,15,0,15,15,0,0, -9.9754620354227335E+00,  1.4655652619814621E+00,  4.1661224518918394E-01,  4.2299999999999999E-01,  9.7333763100647397E-02,  4.5620313541469235E+00
3,5,2,1,0,1,legacy-reference-bound,4,4,33, -8.5599538176712775E-01, -4.3775312388387050E-01,  4.1824225788325720E-01, -5.5511151231257827E-17,  1.0408340855860843E-15, -2.0900731711188764E-01,  3.2500000000013074E-04,1,37,0,37,37,0,0, -9.9441272058177947E+00,  5.9532555693040248E+00,  4.1664043500268810E-01,  4.2299999999999999E-01,  1.2841425164802175E-01,  9.5462553160000088E+00
3,5,2,1,0,1,legacy-reference-bound,8,8,69, -9.9591081087787714E-01, -4.4764868372706346E-01,  5.4826212715081368E-01,  0.0000000000000000E+00,  1.4085954624931674E-15, -1.2693830670606410E-01,  6.4500000000045077E-04,1,77,0,77,77,0,0, -9.7498771145351064E+00,  6.0610998389008222E+00,  4.1681447655183934E-01,  4.2299999999999999E-01,  1.3001986926754819E-01,  1.1953320183557617E+01
3,5,2,1,0,1,legacy-reference-bound,16,16,126, -1.1082414160365937E+00, -4.9407509155008211E-01,  6.1416632448651143E-01, -1.1102230246251565E-16,  1.3461454173580023E-15, -7.9826740481881348E-02,  1.1759999999991777E-03,1,142,0,142,142,0,0, -8.6806437340522926E+00,  1.3399340853536799E+00,  4.1774950914361564E-01,  4.2299999999999999E-01,  6.5904197335711068E-02,  7.7074187573612951E+00
3,5,2,1,0,1,legacy-reference-bound,32,32,215, -1.1736028469582678E+00, -5.5554055786055989E-01,  6.1806228909770766E-01, -2.2204460492503131E-16,  5.3776427755281020E-15, -5.1965877701510503E-02,  2.0049999999987023E-03,1,247,0,247,247,0,0, -8.2029292472961988E+00,  8.3566407360132641E-02,  4.1815391135736135E-01,  4.2299999999999999E-01,  4.4717611141066593E-03,  1.2563676779935473E+00
3,5,2,1,0,1,legacy-reference-bound,64,64,415, -1.2034683180129215E+00, -5.8505489337552563E-01,  6.1841342463739579E-01, -1.1102230246251565E-16,  1.7008963681952594E-15, -3.4877431262563513E-02,  4.6579999999991628E-03,1,479,0,479,479,0,0, -8.1643251410434488E+00,  1.9728654816331962E-02,  4.1818621021392655E-01,  4.2299999999999999E-01,  4.2715462776121704E-04,  8.2980365768988484E-02
3,5,2,1,0,1,legacy-reference-bound,128,128,770, -1.2142762321730840E+00, -5.9586283119126926E-01,  6.1841340098181519E-01,  4.4408920985006262E-16,  2.6827498555981322E-15, -2.3757049598610601E-02,  9.7129999999996386E-03,1,1019,0,1019,1019,0,0, -8.1641583755102509E+00,  1.9727912745918719E-02,  4.1818634961559487E-01,  4.2299999999999999E-01,  1.1671923896838798E-06,  2.3880056600056321E-04
3,5,2,1,0,1,legacy-reference-bound,256,256,1548, -1.2185763784240258E+00, -6.0016260738446947E-01,  6.1841377103955608E-01, -2.2204460492503131E-16,  7.0737686541644251E-15, -1.5895272550944594E-02,  1.6087999999999880E-02,1,1938,0,1938,1938,0,0, -8.1640728326769363E+00,  1.9727372130585518E-02,  4.1818642112163862E-01,  4.2299999999999999E-01,  5.4437338498081189E-07,  1.2265324362825680E-04
3,5,2,1,0,1,legacy-reference-bound,512,512,2996, -1.2205056888945047E+00, -6.0209157223564247E-01,  6.1841411665886170E-01, -5.5511151231257827E-16,  2.5950378998440549E-15, -1.0030670360221662E-02,  2.9726000000000141E-02,1,3614,0,3614,3614,0,0, -8.1640218148772963E+00,  1.9727129225003401E-02,  4.1818646376775226E-01,  4.2299999999999999E-01,  3.6973050510091809E-07,  8.6708092689846694E-05
3,5,2,1,0,1,legacy-reference-bound,1024,1024,5495, -1.2216600054353950E+00, -6.0324564317444418E-01,  6.1841436226094970E-01, -1.1102230246251565E-15,  3.1172980863303223E-15, -5.8632828767569770E-03,  5.4918999999999940E-02,1,6637,0,6637,6637,0,0, -8.1639914921465220E+00,  1.9727036166674556E-02,  4.1818648911467393E-01,  4.2299999999999999E-01,  2.4864616504638448E-07,  5.5393307592410679E-05
3,5,2,1,0,1,legacy-reference-bound,2048,2048,10328, -1.2222359133455820E+00, -6.0382140021369579E-01,  6.1841451313188855E-01,  2.3314683517128287E-15,  2.5397435890472941E-15, -3.2140512064502101E-03,  1.0601199999999977E-01,1,12481,0,12481,12481,0,0, -8.1639743242141076E+00,  1.9727002474567445E-02,  4.1818650346541819E-01,  4.2299999999999999E-01,  1.5117800872266329E-07,  3.2436037717964439E-05
3,5,2,1,0,1,legacy-reference-bound,4096,4096,19900, -1.2225652244772627E+00, -6.0415060386640573E-01,  6.1841462061085650E-01, -4.4408920985006262E-16,  2.5777177701385989E-15, -1.6895615699657467E-03,  2.0189500000000038E-01,1,24002,0,24002,24002,0,0, -8.1639630749347578E+00,  1.9726997822755204E-02,  4.1818651286873010E-01,  4.2299999999999999E-01,  1.0747897405405382E-07,  2.1990423356044175E-05
3,5,2,1,0,1,legacy-reference-bound,1,1,5, -6.4881089680833870E-01, -4.3631665367375605E-01,  2.1249424313458576E-01,  3.1086244689504383E-15,  1.6653345369377348E-16, -6.4881089680833870E-01,  6.8000000000623118E-05,2,6,0,6,6,0,0, -9.9856265317596336E+00,  6.0809379283332765E-01,  4.1660309408454532E-01,  4.2299999999999999E-01, -1.0000000000000000E+00, -1.0000000000000000E+00
3,5,2,1,0,1,legacy-reference-bound,2,2,13, -7.4599723165143539E-01, -4.3616922541618125E-01,  3.0982800623525719E-01,  3.0531133177191805E-15,  8.8817841970012523E-16, -3.7670043557905625E-01,  1.4300000000133650E-04,2,15,0,15,15,0,0, -9.9754620354227335E+00,  1.4655652619814621E+00,  4.1661224518918394E-01,  4.2299999999999999E-01,  9.7333763100647397E-02,  4.5620313541469235E+00
3,5,2,1,0,1,legacy-reference-bound,4,4,33, -8.7599538176712766E-01, -4.3775312388387050E-01,  4.3824225788326032E-01,  3.1641356201816961E-15,  1.0408340855860843E-15, -2.2900731711188763E-01,  3.2700000000041030E-04,2,37,0,37,37,0,0, -9.9441272058177947E+00,  5.9532555693040248E+00,  4.1664043500268810E-01,  4.2299999999999999E-01,  1.2841425164802175E-01,  9.5462553160000088E+00
3,5,2,1,0,1,legacy-reference-bound,8,8,69, -1.0159108108778772E+00, -4.4764868372706346E-01,  5.6826212715081681E-01,  3.1086244689504383E-15,  1.4085954624931674E-15, -1.4693830670606409E-01,  2.0790000000001641E-03,2,77,0,77,77,0,0, -9.7498771145351064E+00,  6.0610998389008222E+00,  4.1681447655183934E-01,  4.2299999999999999E-01,  1.3001986926754819E-01,  1.1953320183557617E+01
3,5,2,1,0,1,legacy-reference-bound,16,16,126, -1.1282414160365937E+00, -4.9407509155008211E-01,  6.3416632448651455E-01,  2.9976021664879227E-15,  1.3461454173580023E-15, -9.9826740481881351E-02,  1.4590000000005432E-03,2,142,0,142,142,0,0, -8.6806437340522926E+00,  1.3399340853536799E+00,  4.1774950914361564E-01,  4.2299999999999999E-01,  6.5904197335711068E-02,  7.7074187573612951E+00
3,5,2,1,0,1,legacy-reference-bound,32,32,215, -1.1936028469582676E+00, -5.5554055786055989E-01,  6.3806228909771079E-01,  3.1086244689504383E-15,  5.3776427755281020E-15, -7.1965877701510500E-02,  2.1380000000004173E-03,2,247,0,247,247,0,0, -8.2029292472961988E+00,  8.3566407360132641E-02,  4.1815391135736135E-01,  4.2299999999999999E-01,  4.4717611141066593E-03,  1.2563676779935473E+00
3,5,2,1,0,1,legacy-reference-bound,64,64,415, -1.2234683180129216E+00, -5.8505489337552563E-01,  6.3841342463739892E-01,  2.9976021664879227E-15,  1.7008963681952594E-15, -5.4877431262563517E-02,  4.5670000000015420E-03,2,479,0,479,479,0,0, -8.1643251410434488E+00,  1.9728654816331962E-02,  4.1818621021392655E-01,  4.2299999999999999E-01,  4.2715462776121704E-04,  8.2980365768988484E-02
3,5,2,1,0,1,legacy-reference-bound,128,128,770, -1.2342762321730840E+00, -5.9586283119126926E-01,  6.3841340098181831E-01,  3.5527136788005009E-15,  2.6827498555981322E-15, -4.3757049598610598E-02,  9.0370000000010720E-03,2,1019,0,1019,1019,0,0, -8.1641583755102509E+00,  1.9727912745918719E-02,  4.1818634961559487E-01,  4.2299999999999999E-01,  1.1671923896838798E-06,  2.3880056600056321E-04
3,5,2,1,0,1,legacy-reference-bound,256,256,1548, -1.2385763784240256E+00, -6.0016260738446947E-01,  6.3841377103955921E-01,  3.1086244689504383E-15,  7.0737686541644251E-15, -3.5895272550944594E-02,  1.7357000000000511E-02,2,1938,0,1938,1938,0,0, -8.1640728326769363E+00,  1.9727372130585518E-02,  4.1818642112163862E-01,  4.2299999999999999E-01,  5.4437338498081189E-07,  1.2265324362825680E-04
3,5,2,1,0,1,legacy-reference-bound,512,512,2996, -1.2405056888945047E+00, -6.0209157223564247E-01,  6.3841411665886483E-01,  2.5535129566378600E-15,  2.5950378998440549E-15, -3.0030670360221660E-02,  3.2621000000000677E-02,2,3614,0,3614,3614,0,0, -8.1640218148772963E+00,  1.9727129225003401E-02,  4.1818646376775226E-01,  4.2299999999999999E-01,  3.6973050510091809E-07,  8.6708092689846694E-05
3,5,2,1,0,1,legacy-reference-bound,1024,1024,5495, -1.2416600054353948E+00, -6.0324564317444418E-01,  6.3841436226095283E-01,  2.2204460492503131E-15,  3.1172980863303223E-15, -2.5863282876756977E-02,  5.7104000000000710E-02,2,6637,0,6637,6637,0,0, -8.1639914921465220E+00,  1.9727036166674556E-02,  4.1818648911467393E-01,  4.2299999999999999E-01,  2.4864616504638448E-07,  5.5393307592410679E-05
3,5,2,1,0,1,legacy-reference-bound,2048,2048,10328, -1.2422359133455811E+00, -6.0382140021369579E-01,  6.3841451313189168E-01,  6.3282712403633923E-15,  2.5397435890472941E-15, -2.3214051206450211E-02,  1.0817199999999971E-01,2,12481,0,12481,12481,0,0, -8.1639743242141076E+00,  1.9727002474567445E-02,  4.1818650346541819E-01,  4.2299999999999999E-01,  1.5117800872266329E-07,  3.2436037717964439E-05
3,5,2,1,0,1,legacy-reference-bound,4096,4096,19900, -1.2425652244772631E+00, -6.0415060386640573E-01,  6.3841462061085963E-01,  2.2204460492503131E-15,  2.5777177701385989E-15, -2.1689561569965748E-02,  2.0790200000000070E-01,2,24002,0,24002,24002,0,0, -8.1639630749347578E+00,  1.9726997822755204E-02,  4.1818651286873010E-01,  4.2299999999999999E-01,  1.0747897405405382E-07,  2.1990423356044175E-05
3,5,2,1,0,1,legacy-reference-bound,1,1,5, -6.4881089680833870E-01, -4.3631665367375605E-01,  2.1249424313458576E-01,  3.1086244689504383E-15,  1.6653345369377348E-16, -6.4881089680833870E-01,  6.6999999999595161E-05,3,6,0,6,6,0,0, -9.9856265317596336E+00,  6.0809379283332765E-01,  4.1660309408454532E-01,  4.2299999999999999E-01, -1.0000000000000000E+00, -1.0000000000000000E+00
3,5,2,1,0,1,legacy-reference-bound,2,2,13, -7.4599723165143539E-01, -4.3616922541618125E-01,  3.0982800623525719E-01,  3.0531133177191805E-15,  8.8817841970012523E-16, -3.7670043557905625E-01,  1.4200000000030855E-04,3,15,0,15,15,0,0, -9.9754620354227335E+00,  1.4655652619814621E+00,  4.1661224518918394E-01,  4.2299999999999999E-01,  9.7333763100647397E-02,  4.5620313541469235E+00
3,5,2,1,0,1,legacy-reference-bound,4,4,33, -8.7599538176712766E-01, -4.3775312388387050E-01,  4.3824225788326032E-01,  3.1641356201816961E-15,  1.0408340855860843E-15, -2.2900731711188763E-01,  3.5199999999946385E-04,3,37,0,37,37,0,0, -9.9441272058177947E+00,  5.9532555693040248E+00,  4.1664043500268810E-01,  4.2299999999999999E-01,  1.2841425164802175E-01,  9.5462553160000088E+00
3,5,2,1,0,1,legacy-reference-bound,8,8,69, -1.0159108108778772E+00, -4.4764868372706346E-01,  5.6826212715081681E-01,  3.1086244689504383E-15,  1.4085954624931674E-15, -1.4693830670606409E-01,  7.1299999999929753E-04,3,77,0,77,77,0,0, -9.7498771145351064E+00,  6.0610998389008222E+00,  4.1681447655183934E-01,  4.2299999999999999E-01,  1.3001986926754819E-01,  1.1953320183557617E+01
3,5,2,1,0,1,legacy-reference-bound,16,16,126, -1.1282414160365937E+00, -4.9407509155008211E-01,  6.3416632448651455E-01,  2.9976021664879227E-15,  1.3461454173580023E-15, -9.9826740481881351E-02,  1.1810000000007648E-03,3,142,0,142,142,0,0, -8.6806437340522926E+00,  1.3399340853536799E+00,  4.1774950914361564E-01,  4.2299999999999999E-01,  6.5904197335711068E-02,  7.7074187573612951E+00
3,5,2,1,0,1,legacy-reference-bound,32,32,215, -1.1936028469582676E+00, -5.5554055786055989E-01,  6.3806228909771079E-01,  3.1086244689504383E-15,  5.3776427755281020E-15, -7.1965877701510500E-02,  2.2149999999996339E-03,3,247,0,247,247,0,0, -8.2029292472961988E+00,  8.3566407360132641E-02,  4.1815391135736135E-01,  4.2299999999999999E-01,  4.4717611141066593E-03,  1.2563676779935473E+00
3,5,2,1,0,1,legacy-reference-bound,64,64,415, -1.2234683180129216E+00, -5.8505489337552563E-01,  6.3841342463739892E-01,  2.9976021664879227E-15,  1.7008963681952594E-15, -5.4877431262563517E-02,  5.2550000000000097E-03,3,479,0,479,479,0,0, -8.1643251410434488E+00,  1.9728654816331962E-02,  4.1818621021392655E-01,  4.2299999999999999E-01,  4.2715462776121704E-04,  8.2980365768988484E-02
3,5,2,1,0,1,legacy-reference-bound,128,128,770, -1.2342762321730840E+00, -5.9586283119126926E-01,  6.3841340098181831E-01,  3.5527136788005009E-15,  2.6827498555981322E-15, -4.3757049598610598E-02,  8.3439999999992409E-03,3,1019,0,1019,1019,0,0, -8.1641583755102509E+00,  1.9727912745918719E-02,  4.1818634961559487E-01,  4.2299999999999999E-01,  1.1671923896838798E-06,  2.3880056600056321E-04
3,5,2,1,0,1,legacy-reference-bound,256,256,1547, -1.2352901316471017E+00, -5.9687739485327207E-01,  6.3841273679383193E-01,  2.3314683517128287E-15,  2.1272046624165597E-15,  0.0000000000000000E+00,  1.6268999999999423E-02,3,1855,5,1855,1860,0,1, -8.1641692417853253E+00,  1.9727139404417369E-02,  4.1818634053235482E-01,  4.2299999999999999E-01,  6.6418797989298284E-07,  1.7073629407771129E-04
3,5,2,1,0,1,legacy-reference-bound,512,512,2979, -1.2373085274921110E+00, -5.9889540803730379E-01,  6.3841311945481038E-01,  3.2196467714129540E-15,  4.4340616248139675E-15,  0.0000000000000000E+00,  3.1003999999999365E-02,3,3609,10,3609,3619,0,1, -8.1641113071013276E+00,  1.9726845613766562E-02,  4.1818638896054761E-01,  4.2299999999999999E-01,  4.1503499637052244E-07,  9.7598577569080192E-05
3,5,2,1,0,1,legacy-reference-bound,1024,1024,5511, -1.2384440776787533E+00, -6.0003067071551830E-01,  6.3841340696323812E-01,  3.1086244689504383E-15,  2.4237881666999694E-15,  0.0000000000000000E+00,  5.7330999999999577E-02,3,6515,20,6515,6535,0,1, -8.1640756923754765E+00,  1.9726734293023126E-02,  4.1818641873119478E-01,  4.2299999999999999E-01,  2.9122062761288703E-07,  6.4980184286689280E-05
3,5,2,1,0,1,legacy-reference-bound,2048,2048,10349, -1.2390199512754303E+00, -6.0060636850866356E-01,  6.3841358276677340E-01,  6.6613381477509392E-15,  2.3870066079983987E-15,  0.0000000000000000E+00,  1.0362800000000050E-01,3,12357,40,12357,12397,0,1, -8.1640556091069172E+00,  1.9726693360136428E-02,  4.1818643551894519E-01,  4.2299999999999999E-01,  1.7626367615486416E-07,  3.7886977320766846E-05
3,5,2,1,0,1,legacy-reference-bound,4096,4096,19857, -1.2393675828239350E+00, -6.0095386473086798E-01,  6.3841371809306935E-01,  2.3314683517128287E-15,  2.8164319834655949E-15,  0.0000000000000000E+00,  1.9946799999999953E-01,3,23886,73,23886,23959,0,1, -8.1640415852786941E+00,  1.9726690529214521E-02,  4.1818644724155596E-01,  4.2299999999999999E-01,  1.3532629239421112E-07,  2.7525234539638177E-05
3,5,3,1,0,1,legacy-reference-bound,1,1,1, -1.1875000000000000E+00, -1.1875000000000000E+00,  0.0000000000000000E+00,  0.0000000000000000E+00,  0.0000000000000000E+00, -1.1875000000000000E+00,  3.3999999999423380E-05,1,2,0,2,2,0,0,  2.0000000000000000E-02,  2.0000000000000000E-02,  4.2299999999999999E-01,  4.2299999999999999E-01, -1.0000000000000000E+00, -1.0000000000000000E+00
3,5,3,1,0,1,legacy-reference-bound,2,2,2, -1.1875000000000000E+00, -1.1875000000000000E+00,  0.0000000000000000E+00,  0.0000000000000000E+00,  0.0000000000000000E+00, -5.9375000000000000E-01,  2.8000000000361069E-05,1,4,0,4,4,0,0,  2.0000000000000000E-02,  2.0000000000000000E-02,  4.2299999999999999E-01,  4.2299999999999999E-01,  0.0000000000000000E+00,  0.0000000000000000E+00
3,5,3,1,0,1,legacy-reference-bound,4,4,4, -1.1875000000000000E+00, -1.1875000000000000E+00,  0.0000000000000000E+00,  0.0000000000000000E+00,  0.0000000000000000E+00, -2.9687500000000000E-01,  4.9999999999883471E-05,1,8,0,8,8,0,0,  2.0000000000000000E-02,  2.0000000000000000E-02,  4.2299999999999999E-01,  4.2299999999999999E-01,  0.0000000000000000E+00,  0.0000000000000000E+00
3,5,3,1,0,1,legacy-reference-bound,8,8,8, -1.1875000000000000E+00, -1.1875000000000000E+00,  0.0000000000000000E+00,  0.0000000000000000E+00,  0.0000000000000000E+00, -1.4843750000000000E-01,  9.9999999999766942E-05,1,16,0,16,16,0,0,  2.0000000000000000E-02,  2.0000000000000000E-02,  4.2299999999999999E-01,  4.2299999999999999E-01,  0.0000000000000000E+00,  0.0000000000000000E+00
3,5,3,1,0,1,legacy-reference-bound,16,16,16, -1.1875000000000000E+00, -1.1875000000000000E+00,  0.0000000000000000E+00,  0.0000000000000000E+00,  0.0000000000000000E+00, -7.4218750000000000E-02,  1.9299999999944362E-04,1,32,0,32,32,0,0,  2.0000000000000000E-02,  2.0000000000000000E-02,  4.2299999999999999E-01,  4.2299999999999999E-01,  0.0000000000000000E+00,  0.0000000000000000E+00
3,5,3,1,0,1,legacy-reference-bound,32,32,32, -1.1875000000000000E+00, -1.1875000000000000E+00,  0.0000000000000000E+00,  0.0000000000000000E+00,  0.0000000000000000E+00, -3.7109375000000000E-02,  4.8400000000015098E-04,1,64,0,64,64,0,0,  2.0000000000000000E-02,  2.0000000000000000E-02,  4.2299999999999999E-01,  4.2299999999999999E-01,  0.0000000000000000E+00,  0.0000000000000000E+00
3,5,3,1,0,1,legacy-reference-bound,64,64,64, -1.1875000000000000E+00, -1.1875000000000000E+00,  0.0000000000000000E+00,  0.0000000000000000E+00,  0.0000000000000000E+00, -1.8554687500000000E-02,  8.9499999999986812E-04,1,128,0,128,128,0,0,  2.0000000000000000E-02,  2.0000000000000000E-02,  4.2299999999999999E-01,  4.2299999999999999E-01,  0.0000000000000000E+00,  0.0000000000000000E+00
3,5,3,1,0,1,legacy-reference-bound,128,128,128, -1.1875000000000000E+00, -1.1875000000000000E+00,  0.0000000000000000E+00,  0.0000000000000000E+00,  0.0000000000000000E+00, -9.2773437500000000E-03,  2.6719999999986754E-03,1,256,0,256,256,0,0,  2.0000000000000000E-02,  2.0000000000000000E-02,  4.2299999999999999E-01,  4.2299999999999999E-01,  0.0000000000000000E+00,  0.0000000000000000E+00
3,5,3,1,0,1,legacy-reference-bound,256,256,256, -1.1875000000000000E+00, -1.1875000000000000E+00,  0.0000000000000000E+00,  0.0000000000000000E+00,  0.0000000000000000E+00, -4.6386718750000000E-03,  3.6599999999999966E-03,1,512,0,512,512,0,0,  2.0000000000000000E-02,  2.0000000000000000E-02,  4.2299999999999999E-01,  4.2299999999999999E-01,  0.0000000000000000E+00,  0.0000000000000000E+00
3,5,3,1,0,1,legacy-reference-bound,512,512,512, -1.1875000000000000E+00, -1.1875000000000000E+00,  0.0000000000000000E+00,  0.0000000000000000E+00,  0.0000000000000000E+00, -2.3193359375000000E-03,  7.1560000000001622E-03,1,1024,0,1024,1024,0,0,  2.0000000000000000E-02,  2.0000000000000000E-02,  4.2299999999999999E-01,  4.2299999999999999E-01,  0.0000000000000000E+00,  0.0000000000000000E+00
3,5,3,1,0,1,legacy-reference-bound,1024,1024,1024, -1.1875000000000000E+00, -1.1875000000000000E+00,  0.0000000000000000E+00,  0.0000000000000000E+00,  0.0000000000000000E+00, -1.1596679687500000E-03,  1.2707000000000690E-02,1,2048,0,2048,2048,0,0,  2.0000000000000000E-02,  2.0000000000000000E-02,  4.2299999999999999E-01,  4.2299999999999999E-01,  0.0000000000000000E+00,  0.0000000000000000E+00
3,5,3,1,0,1,legacy-reference-bound,2048,2048,2048, -1.1875000000000000E+00, -1.1875000000000000E+00,  0.0000000000000000E+00,  0.0000000000000000E+00,  0.0000000000000000E+00, -5.7983398437500000E-04,  2.5434000000000623E-02,1,4096,0,4096,4096,0,0,  2.0000000000000000E-02,  2.0000000000000000E-02,  4.2299999999999999E-01,  4.2299999999999999E-01,  0.0000000000000000E+00,  0.0000000000000000E+00
3,5,3,1,0,1,legacy-reference-bound,4096,4096,4096, -1.1875000000000000E+00, -1.1875000000000000E+00,  0.0000000000000000E+00,  0.0000000000000000E+00,  0.0000000000000000E+00, -2.8991699218750000E-04,  5.2071999999999008E-02,1,8192,0,8192,8192,0,0,  2.0000000000000000E-02,  2.0000000000000000E-02,  4.2299999999999999E-01,  4.2299999999999999E-01,  0.0000000000000000E+00,  0.0000000000000000E+00
3,5,3,1,0,1,legacy-reference-bound,1,1,1, -1.2075000000000000E+00, -1.1875000000000000E+00,  2.0000000000003126E-02,  3.1086244689504383E-15,  0.0000000000000000E+00, -1.2075000000000000E+00,  2.1000000000270802E-05,2,2,0,2,2,0,0,  2.0000000000000000E-02,  2.0000000000000000E-02,  4.2299999999999999E-01,  4.2299999999999999E-01, -1.0000000000000000E+00, -1.0000000000000000E+00
3,5,3,1,0,1,legacy-reference-bound,2,2,2, -1.2075000000000000E+00, -1.1875000000000000E+00,  2.0000000000003126E-02,  3.1086244689504383E-15,  0.0000000000000000E+00, -6.1375000000000002E-01,  5.9000000000253294E-05,2,4,0,4,4,0,0,  2.0000000000000000E-02,  2.0000000000000000E-02,  4.2299999999999999E-01,  4.2299999999999999E-01,  0.0000000000000000E+00,  0.0000000000000000E+00
3,5,3,1,0,1,legacy-reference-bound,4,4,4, -1.2075000000000000E+00, -1.1875000000000000E+00,  2.0000000000003126E-02,  3.1086244689504383E-15,  0.0000000000000000E+00, -3.1687500000000002E-01,  5.1000000000911427E-05,2,8,0,8,8,0,0,  2.0000000000000000E-02,  2.0000000000000000E-02,  4.2299999999999999E-01,  4.2299999999999999E-01,  0.0000000000000000E+00,  0.0000000000000000E+00
3,5,3,1,0,1,legacy-reference-bound,8,8,8, -1.2075000000000000E+00, -1.1875000000000000E+00,  2.0000000000003126E-02,  3.1086244689504383E-15,  0.0000000000000000E+00, -1.6843749999999999E-01,  9.9000000000515342E-05,2,16,0,16,16,0,0,  2.0000000000000000E-02,  2.0000000000000000E-02,  4.2299999999999999E-01,  4.2299999999999999E-01,  0.0000000000000000E+00,  0.0000000000000000E+00
3,5,3,1,0,1,legacy-reference-bound,16,16,16, -1.2075000000000000E+00, -1.1875000000000000E+00,  2.0000000000003126E-02,  3.1086244689504383E-15,  0.0000000000000000E+00, -9.4218750000000004E-02,  1.9499999999972317E-04,2,32,0,32,32,0,0,  2.0000000000000000E-02,  2.0000000000000000E-02,  4.2299999999999999E-01,  4.2299999999999999E-01,  0.0000000000000000E+00,  0.0000000000000000E+00
3,5,3,1,0,1,legacy-reference-bound,32,32,32, -1.2075000000000000E+00, -1.1875000000000000E+00,  2.0000000000003126E-02,  3.1086244689504383E-15,  0.0000000000000000E+00, -5.7109375000000004E-02,  4.6400000000090813E-04,2,64,0,64,64,0,0,  2.0000000000000000E-02,  2.0000000000000000E-02,  4.2299999999999999E-01,  4.2299999999999999E-01,  0.0000000000000000E+00,  0.0000000000000000E+00
3,5,3,1,0,1,legacy-reference-bound,64,64,64, -1.2075000000000000E+00, -1.1875000000000000E+00,  2.0000000000003126E-02,  3.1086244689504383E-15,  0.0000000000000000E+00, -3.8554687500000004E-02,  7.9999999999991189E-04,2,128,0,128,128,0,0,  2.0000000000000000E-02,  2.0000000000000000E-02,  4.2299999999999999E-01,  4.2299999999999999E-01,  0.0000000000000000E+00,  0.0000000000000000E+00
3,5,3,1,0,1,legacy-reference-bound,128,128,128, -1.2075000000000000E+00, -1.1875000000000000E+00,  2.0000000000003126E-02,  3.1086244689504383E-15,  0.0000000000000000E+00, -2.9277343750000000E-02,  1.6200000000008430E-03,2,256,0,256,256,0,0,  2.0000000000000000E-02,  2.0000000000000000E-02,  4.2299999999999999E-01,  4.2299999999999999E-01,  0.0000000000000000E+00,  0.0000000000000000E+00
3,5,3,1,0,1,legacy-reference-bound,256,256,256, -1.2075000000000000E+00, -1.1875000000000000E+00,  2.0000000000003126E-02,  3.1086244689504383E-15,  0.0000000000000000E+00, -2.4638671875000000E-02,  3.1480000000012609E-03,2,512,0,512,512,0,0,  2.0000000000000000E-02,  2.0000000000000000E-02,  4.2299999999999999E-01,  4.2299999999999999E-01,  0.0000000000000000E+00,  0.0000000000000000E+00
3,5,3,1,0,1,legacy-reference-bound,512,512,512, -1.2075000000000000E+00, -1.1875000000000000E+00,  2.0000000000003126E-02,  3.1086244689504383E-15,  0.0000000000000000E+00, -2.2319335937500000E-02,  6.4469999999996475E-03,2,1024,0,1024,1024,0,0,  2.0000000000000000E-02,  2.0000000000000000E-02,  4.2299999999999999E-01,  4.2299999999999999E-01,  0.0000000000000000E+00,  0.0000000000000000E+00
3,5,3,1,0,1,legacy-reference-bound,1024,1024,1024, -1.2075000000000000E+00, -1.1875000000000000E+00,  2.0000000000003126E-02,  3.1086244689504383E-15,  0.0000000000000000E+00, -2.1159667968750000E-02,  1.3061000000000433E-02,2,2048,0,2048,2048,0,0,  2.0000000000000000E-02,  2.0000000000000000E-02,  4.2299999999999999E-01,  4.2299999999999999E-01,  0.0000000000000000E+00,  0.0000000000000000E+00
3,5,3,1,0,1,legacy-reference-bound,2048,2048,2048, -1.2075000000000000E+00, -1.1875000000000000E+00,  2.0000000000003126E-02,  3.1086244689504383E-15,  0.0000000000000000E+00, -2.0579833984375000E-02,  2.5292000000000314E-02,2,4096,0,4096,4096,0,0,  2.0000000000000000E-02,  2.0000000000000000E-02,  4.2299999999999999E-01,  4.2299999999999999E-01,  0.0000000000000000E+00,  0.0000000000000000E+00
3,5,3,1,0,1,legacy-reference-bound,4096,4096,4096, -1.2075000000000000E+00, -1.1875000000000000E+00,  2.0000000000003126E-02,  3.1086244689504383E-15,  0.0000000000000000E+00, -2.0289916992187500E-02,  5.0943000000000183E-02,2,8192,0,8192,8192,0,0,  2.0000000000000000E-02,  2.0000000000000000E-02,  4.2299999999999999E-01,  4.2299999999999999E-01,  0.0000000000000000E+00,  0.0000000000000000E+00
3,5,3,1,0,1,legacy-reference-bound,1,1,1, -1.2075000000000000E+00, -1.1875000000000000E+00,  2.0000000000003126E-02,  3.1086244689504383E-15,  0.0000000000000000E+00, -1.2075000000000000E+00,  2.1000000000270802E-05,3,2,0,2,2,0,0,  2.0000000000000000E-02,  2.0000000000000000E-02,  4.2299999999999999E-01,  4.2299999999999999E-01, -1.0000000000000000E+00, -1.0000000000000000E+00
3,5,3,1,0,1,legacy-reference-bound,2,2,2, -1.2075000000000000E+00, -1.1875000000000000E+00,  2.0000000000003126E-02,  3.1086244689504383E-15,  0.0000000000000000E+00, -6.1375000000000002E-01,  2.8000000000361069E-05,3,4,0,4,4,0,0,  2.0000000000000000E-02,  2.0000000000000000E-02,  4.2299999999999999E-01,  4.2299999999999999E-01,  0.0000000000000000E+00,  0.0000000000000000E+00
3,5,3,1,0,1,legacy-reference-bound,4,4,4, -1.2075000000000000E+00, -1.1875000000000000E+00,  2.0000000000003126E-02,  3.1086244689504383E-15,  0.0000000000000000E+00, -3.1687500000000002E-01,  5.1000000000911427E-05,3,8,0,8,8,0,0,  2.0000000000000000E-02,  2.0000000000000000E-02,  4.2299999999999999E-01,  4.2299999999999999E-01,  0.0000000000000000E+00,  0.0000000000000000E+00
3,5,3,1,0,1,legacy-reference-bound,8,8,8, -1.2075000000000000E+00, -1.1875000000000000E+00,  2.0000000000003126E-02,  3.1086244689504383E-15,  0.0000000000000000E+00, -1.6843749999999999E-01,  9.7999999999487386E-05,3,16,0,16,16,0,0,  2.0000000000000000E-02,  2.0000000000000000E-02,  4.2299999999999999E-01,  4.2299999999999999E-01,  0.0000000000000000E+00,  0.0000000000000000E+00
3,5,3,1,0,1,legacy-reference-bound,16,16,16, -1.2075000000000000E+00, -1.1875000000000000E+00,  2.0000000000003126E-02,  3.1086244689504383E-15,  0.0000000000000000E+00, -9.4218750000000004E-02,  1.9300000000121997E-04,3,32,0,32,32,0,0,  2.0000000000000000E-02,  2.0000000000000000E-02,  4.2299999999999999E-01,  4.2299999999999999E-01,  0.0000000000000000E+00,  0.0000000000000000E+00
3,5,3,1,0,1,legacy-reference-bound,32,32,32, -1.2075000000000000E+00, -1.1875000000000000E+00,  2.0000000000003126E-02,  3.1086244689504383E-15,  0.0000000000000000E+00, -5.7109375000000004E-02,  4.0199999999934732E-04,3,64,0,64,64,0,0,  2.0000000000000000E-02,  2.0000000000000000E-02,  4.2299999999999999E-01,  4.2299999999999999E-01,  0.0000000000000000E+00,  0.0000000000000000E+00
3,5,3,1,0,1,legacy-reference-bound,64,64,64, -1.2075000000000000E+00, -1.1875000000000000E+00,  2.0000000000003126E-02,  3.1086244689504383E-15,  0.0000000000000000E+00, -3.8554687500000004E-02,  7.6600000000048851E-04,3,128,0,128,128,0,0,  2.0000000000000000E-02,  2.0000000000000000E-02,  4.2299999999999999E-01,  4.2299999999999999E-01,  0.0000000000000000E+00,  0.0000000000000000E+00
3,5,3,1,0,1,legacy-reference-bound,128,128,128, -1.2075000000000000E+00, -1.1875000000000000E+00,  2.0000000000003126E-02,  3.1086244689504383E-15,  0.0000000000000000E+00, -2.9277343750000000E-02,  1.5800000000005809E-03,3,256,0,256,256,0,0,  2.0000000000000000E-02,  2.0000000000000000E-02,  4.2299999999999999E-01,  4.2299999999999999E-01,  0.0000000000000000E+00,  0.0000000000000000E+00
3,5,3,1,0,1,legacy-reference-bound,256,256,344, -1.2021645499555536E+00, -1.1821645499555535E+00,  2.0000000000003126E-02,  3.1086244689504383E-15,  1.0594823629528349E-15,  0.0000000000000000E+00,  4.0849999999998943E-03,3,589,11,589,600,0,1,  1.9999999999999334E-02,  2.0000000000000188E-02,  4.2299999999999999E-01,  4.2299999999999999E-01,  0.0000000000000000E+00,  6.6613381477509392E-16
3,5,3,1,0,1,legacy-reference-bound,512,512,649, -1.2033797985339163E+00, -1.1833797985339165E+00,  2.0000000000003126E-02,  3.3306690738754696E-15,  1.4749486354492802E-15,  0.0000000000000000E+00,  7.5780000000005288E-03,3,1141,21,1141,1162,0,1,  1.9999999999999706E-02,  2.0000000000000542E-02,  4.2299999999999999E-01,  4.2299999999999999E-01,  0.0000000000000000E+00,  1.0338951916821770E-15
3,5,3,1,0,1,legacy-reference-bound,1024,1024,1266, -1.2040528420392955E+00, -1.1840528420392955E+00,  2.0000000000003126E-02,  3.1086244689504383E-15,  1.9537323148188790E-15,  0.0000000000000000E+00,  1.5616999999998882E-02,3,2361,39,2361,2400,0,1,  1.9999999999999785E-02,  2.0000000000000330E-02,  4.2299999999999999E-01,  4.2299999999999999E-01,  0.0000000000000000E+00,  6.3490879220751140E-16
3,5,3,1,0,1,legacy-reference-bound,2048,2048,2448, -1.2043449228260545E+00, -1.1843449228260545E+00,  2.0000000000003126E-02,  3.1086244689504383E-15,  2.2712951311398832E-15,  0.0000000000000000E+00,  3.0013999999999541E-02,3,4432,65,4432,4497,0,1,  1.9999999999999431E-02,  2.0000000000000125E-02,  4.2299999999999999E-01,  4.2299999999999999E-01,  0.0000000000000000E+00,  6.1409211049578971E-16
3,5,3,1,0,1,legacy-reference-bound,4096,4096,4789, -1.2044781153711810E+00, -1.1844781153711810E+00,  2.0000000000003126E-02,  3.1086244689504383E-15,  1.6123170507031936E-15,  0.0000000000000000E+00,  5.7495999999998659E-02,3,8765,122,8765,8887,0,1,  1.9999999999999862E-02,  2.0000000000000594E-02,  4.2299999999999999E-01,  4.2299999999999999E-01,  0.0000000000000000E+00,  9.5062846483529029E-16
