geometry,bottom_mode,profile,window,stop_code,solver_status,solver_route,steps,completed,iterations,transfer_cm,bottom_cm,storage_change_cm,ledger_residual_cm,max_step_soil_residual_cm,first_transfer_cm,cpu_seconds,history,external_calls,flux_calls,head_calls,evaluations,within_solve_switches,accepted_regime_switches,h_min,h_max,theta_min,theta_max,water_l1_diff_cm,head_inf_diff_cm
2,7,1,1,0,1,legacy-reference-bound,1,1,42, -4.0023957654144682E-01, -1.1883773320554421E-01,  2.8140184333602680E-01,  1.2419232309213157E-13,  1.2424783424336283E-13, -4.0023957654144682E-01,  1.2699999999999994E-04,1,43,0,43,43,0,0, -3.9749244188228083E+01,  1.8573903651759013E-01,  3.8361539658911126E-01,  4.2299999999999999E-01, -1.0000000000000000E+00, -1.0000000000000000E+00
2,7,1,1,0,1,legacy-reference-bound,2,2,65, -6.5640097518368101E-01, -3.1137567609859557E-01,  3.4502529908495583E-01, -1.2961853812498703E-13,  6.7112981838590713E-14, -2.9679214135775328E-01,  1.3300000000000009E-04,1,67,0,67,67,0,0, -6.3650798094008829E+00,  1.3673227121891326E-01,  4.1962265821997624E-01,  4.2299999999999999E-01,  6.3623455748929053E-02,  3.3384164378827201E+01
2,7,1,1,1,2,legacy-reference-retry,4,3,175, -6.8809039361049307E-01, -3.3939943784486326E-01,  3.4869095576559506E-01, -3.4749980670767400E-14,  3.1419311596891930E-14, -2.2997737149735548E-01,  1.2180000000000001E-03,1,732,0,732,732,0,0, -7.0064886602502086E-01,  1.5220724721108161E-01,  4.2286137528862977E-01,  4.2299999999999999E-01, -1.0000000000000000E+00, -1.0000000000000000E+00
2,7,1,1,1,2,legacy-reference-retry,8,3,145, -4.7200681776745951E-01, -1.2391351150149221E-01,  3.4809330626597035E-01,  3.0531133177191805E-15,  9.9226182825873366E-15, -1.7863292045968321E-01,  3.3099999999999970E-04,1,175,0,175,175,0,0, -2.1514272903575238E+00,  8.2023458692350171E-02,  4.2229298635017853E-01,  4.2299999999999999E-01, -1.0000000000000000E+00, -1.0000000000000000E+00
2,7,1,1,0,1,legacy-reference-bound,16,16,122, -1.3265671406521764E+00, -9.7773756017529712E-01,  3.4882958047696522E-01,  8.5931262105987116E-14,  9.7172270230316826E-14, -1.3854839672071509E-01,  2.8800000000000006E-04,1,147,0,147,147,0,0,  1.9999999999999962E-02,  2.0000000000000007E-02,  4.2299999999999999E-01,  4.2299999999999999E-01, -1.0000000000000000E+00, -1.0000000000000000E+00
2,7,1,1,1,2,legacy-reference-retry,32,6,188, -4.3631270587741294E-01, -8.7485339320901329E-02,  3.4882736655651692E-01,  5.3013149425851225E-15,  4.8502868388311526E-15, -1.0934696548166700E-01,  1.0310000000000002E-03,1,664,0,664,664,0,0, -4.0780366035553628E-02,  7.3978560809692867E-02,  4.2299778607955163E-01,  4.2299999999999999E-01, -1.0000000000000000E+00, -1.0000000000000000E+00
2,7,1,1,1,2,legacy-reference-retry,64,6,170, -3.7285843990877687E-01, -2.4489391553249779E-02,  3.4836904835553129E-01,  4.1910919179599659E-15,  4.0324189300167124E-15, -8.9388801843883897E-02,  3.4300000000000042E-04,1,178,0,178,178,0,0, -1.3815486649970858E+00,  1.9421375386961735E-02,  4.2262818558800086E-01,  4.2299999999999999E-01, -1.0000000000000000E+00, -1.0000000000000000E+00
2,7,1,1,1,2,legacy-reference-retry,128,9,231, -3.6928541687864375E-01, -2.0540189495310359E-02,  3.4874522738333602E-01,  2.6333102365327932E-15,  2.8418836294646921E-15, -7.6207091768603893E-02,  5.0499999999999937E-04,1,261,0,261,261,0,0, -4.5010983795787768E-01,  3.8706245874023118E-02,  4.2292716009254883E-01,  4.2299999999999999E-01, -1.0000000000000000E+00, -1.0000000000000000E+00
2,7,1,1,1,2,legacy-reference-retry,256,13,251, -3.5985096227581076E-01, -1.1383916281471038E-02,  3.4846704599433531E-01, -4.4096670759330436E-15,  1.6250022161212740E-15, -6.7423917767295408E-02,  5.7900000000000052E-04,1,266,0,266,266,0,0, -1.0977127703490481E+00, -1.4483419594000116E-03,  4.2273377371466825E-01,  4.2299995852071715E-01, -1.0000000000000000E+00, -1.0000000000000000E+00
2,7,1,1,1,2,legacy-reference-retry,512,23,402, -3.5984933477275927E-01, -1.1054700268450297E-02,  3.4879463450430137E-01, -7.5980888247784151E-15,  1.6352885842327303E-15, -6.0711651230228494E-02,  9.0000000000000063E-04,1,449,0,449,449,0,0, -2.4748777377234582E-01,  3.0698756388986788E-02,  4.2296948521209954E-01,  4.2299999999999999E-01, -1.0000000000000000E+00, -1.0000000000000000E+00
2,7,1,1,1,2,legacy-reference-retry,1024,41,604, -3.5786522178943808E-01, -9.0615356226850068E-03,  3.4880368616675383E-01,  7.5980888247784151E-16,  5.6974722520159587E-15, -5.3390711665685958E-02,  1.3749999999999995E-03,1,663,0,663,663,0,0, -2.0016724285958809E-01,  2.7361697934681444E-02,  4.2297759033453075E-01,  4.2299999999999999E-01, -1.0000000000000000E+00, -1.0000000000000000E+00
2,7,1,1,1,2,legacy-reference-retry,2048,77,999, -3.5697869807732185E-01, -8.1582669313530649E-03,  3.4882043114595795E-01, -1.0835082830951137E-14,  1.4779564494449803E-15, -4.3545520937577020E-02,  2.8380000000000002E-03,1,1675,0,1675,1675,0,0, -1.0616726882195474E-01,  2.9766219020821848E-02,  4.2299109248799893E-01,  4.2299999999999999E-01, -1.0000000000000000E+00, -1.0000000000000000E+00
2,7,1,1,1,2,legacy-reference-retry,4096,148,1665, -3.5630170508723857E-01, -7.4796739182632086E-03,  3.4882203116896804E-01, -7.3266046007880448E-15,  1.8594533126247391E-15, -3.2145439490134348E-02,  4.8859999999999997E-03,1,2508,0,2508,2508,0,0, -9.4158141579183133E-02,  2.6552562398871382E-02,  4.2299251991439735E-01,  4.2299999999999999E-01, -1.0000000000000000E+00, -1.0000000000000000E+00
2,7,1,1,0,1,legacy-reference-bound,1,1,42, -4.2023957654144684E-01, -1.1883773320554421E-01,  3.0140184333602682E-01,  1.2419232309213157E-13,  1.2424783424336283E-13, -4.2023957654144684E-01,  8.5999999999999271E-05,2,43,0,43,43,0,0, -3.9749244188228083E+01,  1.8573903651759013E-01,  3.8361539658911126E-01,  4.2299999999999999E-01, -1.0000000000000000E+00, -1.0000000000000000E+00
2,7,1,1,0,1,legacy-reference-bound,2,2,65, -6.7640097518368103E-01, -3.1137567609859557E-01,  3.6502529908495585E-01, -1.2961853812498703E-13,  6.7112981838590713E-14, -3.1679214135775330E-01,  1.4300000000000077E-04,2,67,0,67,67,0,0, -6.3650798094008829E+00,  1.3673227121891326E-01,  4.1962265821997624E-01,  4.2299999999999999E-01,  6.3623455748929053E-02,  3.3384164378827201E+01
2,7,1,1,1,2,legacy-reference-retry,4,3,175, -7.0809039361049309E-01, -3.3939943784486326E-01,  3.6869095576559507E-01, -3.4749980670767400E-14,  3.1419311596891930E-14, -2.4997737149735547E-01,  8.4400000000000100E-04,2,732,0,732,732,0,0, -7.0064886602502086E-01,  1.5220724721108161E-01,  4.2286137528862977E-01,  4.2299999999999999E-01, -1.0000000000000000E+00, -1.0000000000000000E+00
2,7,1,1,1,2,legacy-reference-retry,8,3,145, -4.9200681776745953E-01, -1.2391351150149221E-01,  3.6809330626597037E-01,  3.0531133177191805E-15,  9.9226182825873366E-15, -1.9863292045968320E-01,  3.1700000000000131E-04,2,175,0,175,175,0,0, -2.1514272903575238E+00,  8.2023458692350171E-02,  4.2229298635017853E-01,  4.2299999999999999E-01, -1.0000000000000000E+00, -1.0000000000000000E+00
2,7,1,1,0,1,legacy-reference-bound,16,16,122, -1.3465671406521764E+00, -9.7773756017529712E-01,  3.6882958047696524E-01,  8.5931262105987116E-14,  9.7172270230316826E-14, -1.5854839672071508E-01,  3.0600000000000072E-04,2,147,0,147,147,0,0,  1.9999999999999962E-02,  2.0000000000000007E-02,  4.2299999999999999E-01,  4.2299999999999999E-01, -1.0000000000000000E+00, -1.0000000000000000E+00
2,7,1,1,1,2,legacy-reference-retry,32,6,188, -4.5631270587741296E-01, -8.7485339320901329E-02,  3.6882736655651693E-01,  5.3013149425851225E-15,  4.8502868388311526E-15, -1.2934696548166699E-01,  1.0089999999999995E-03,2,664,0,664,664,0,0, -4.0780366035553628E-02,  7.3978560809692867E-02,  4.2299778607955163E-01,  4.2299999999999999E-01, -1.0000000000000000E+00, -1.0000000000000000E+00
2,7,1,1,1,2,legacy-reference-retry,64,6,170, -3.9285843990877689E-01, -2.4489391553249779E-02,  3.6836904835553130E-01,  4.1910919179599659E-15,  4.0324189300167124E-15, -1.0938880184388390E-01,  3.4299999999999956E-04,2,178,0,178,178,0,0, -1.3815486649970858E+00,  1.9421375386961735E-02,  4.2262818558800086E-01,  4.2299999999999999E-01, -1.0000000000000000E+00, -1.0000000000000000E+00
2,7,1,1,1,2,legacy-reference-retry,128,9,231, -3.8928541687864376E-01, -2.0540189495310359E-02,  3.6874522738333604E-01,  2.6333102365327932E-15,  2.8418836294646921E-15, -9.6207091768603897E-02,  5.0000000000000044E-04,2,261,0,261,261,0,0, -4.5010983795787768E-01,  3.8706245874023118E-02,  4.2292716009254883E-01,  4.2299999999999999E-01, -1.0000000000000000E+00, -1.0000000000000000E+00
2,7,1,1,1,2,legacy-reference-retry,256,13,251, -3.7985096227581072E-01, -1.1383916281471038E-02,  3.6846704599433533E-01, -4.3541559247017858E-15,  1.6250022161212740E-15, -8.7423917767295412E-02,  6.1100000000000043E-04,2,266,0,266,266,0,0, -1.0977127703490481E+00, -1.4483419594000116E-03,  4.2273377371466825E-01,  4.2299995852071715E-01, -1.0000000000000000E+00, -1.0000000000000000E+00
2,7,1,1,1,2,legacy-reference-retry,512,23,402, -3.7984933477275939E-01, -1.1054700268450297E-02,  3.6879463450430139E-01, -7.7091111272409307E-15,  1.6352885842327303E-15, -8.0711651230228498E-02,  1.0009999999999984E-03,2,449,0,449,449,0,0, -2.4748777377234582E-01,  3.0698756388986788E-02,  4.2296948521209954E-01,  4.2299999999999999E-01, -1.0000000000000000E+00, -1.0000000000000000E+00
2,7,1,1,1,2,legacy-reference-retry,1024,41,604, -3.7786522178943810E-01, -9.0615356226850068E-03,  3.6880368616675385E-01,  7.5980888247784151E-16,  5.6974722520159587E-15, -7.3390711665685962E-02,  1.4529999999999994E-03,2,663,0,663,663,0,0, -2.0016724285958809E-01,  2.7361697934681444E-02,  4.2297759033453075E-01,  4.2299999999999999E-01, -1.0000000000000000E+00, -1.0000000000000000E+00
2,7,1,1,1,2,legacy-reference-retry,2048,77,999, -3.7697869807732187E-01, -8.1582669313530649E-03,  3.6882043114595797E-01, -1.0835082830951137E-14,  1.4779564494449803E-15, -6.3545520937577024E-02,  2.8569999999999984E-03,2,1675,0,1675,1675,0,0, -1.0616726882195474E-01,  2.9766219020821848E-02,  4.2299109248799893E-01,  4.2299999999999999E-01, -1.0000000000000000E+00, -1.0000000000000000E+00
2,7,1,1,1,2,legacy-reference-retry,4096,148,1665, -3.7630170508723859E-01, -7.4796739182632086E-03,  3.6882203116896806E-01, -7.3266046007880448E-15,  1.8594533126247391E-15, -5.2145439490134352E-02,  4.6629999999999970E-03,2,2508,0,2508,2508,0,0, -9.4158141579183133E-02,  2.6552562398871382E-02,  4.2299251991439735E-01,  4.2299999999999999E-01, -1.0000000000000000E+00, -1.0000000000000000E+00
2,7,1,1,0,1,legacy-reference-bound,1,1,42, -4.2023957654144684E-01, -1.1883773320554421E-01,  3.0140184333602682E-01,  1.2419232309213157E-13,  1.2424783424336283E-13, -4.2023957654144684E-01,  9.1000000000000802E-05,3,43,0,43,43,0,0, -3.9749244188228083E+01,  1.8573903651759013E-01,  3.8361539658911126E-01,  4.2299999999999999E-01, -1.0000000000000000E+00, -1.0000000000000000E+00
2,7,1,1,0,1,legacy-reference-bound,2,2,65, -6.7640097518368103E-01, -3.1137567609859557E-01,  3.6502529908495585E-01, -1.2961853812498703E-13,  6.7112981838590713E-14, -3.1679214135775330E-01,  1.2300000000000158E-04,3,67,0,67,67,0,0, -6.3650798094008829E+00,  1.3673227121891326E-01,  4.1962265821997624E-01,  4.2299999999999999E-01,  6.3623455748929053E-02,  3.3384164378827201E+01
2,7,1,1,1,2,legacy-reference-retry,4,3,175, -7.0809039361049309E-01, -3.3939943784486326E-01,  3.6869095576559507E-01, -3.4749980670767400E-14,  3.1419311596891930E-14, -2.4997737149735547E-01,  8.5899999999999865E-04,3,732,0,732,732,0,0, -7.0064886602502086E-01,  1.5220724721108161E-01,  4.2286137528862977E-01,  4.2299999999999999E-01, -1.0000000000000000E+00, -1.0000000000000000E+00
2,7,1,1,1,2,legacy-reference-retry,8,3,145, -4.9200681776745953E-01, -1.2391351150149221E-01,  3.6809330626597037E-01,  3.0531133177191805E-15,  9.9226182825873366E-15, -1.9863292045968320E-01,  3.0199999999999672E-04,3,175,0,175,175,0,0, -2.1514272903575238E+00,  8.2023458692350171E-02,  4.2229298635017853E-01,  4.2299999999999999E-01, -1.0000000000000000E+00, -1.0000000000000000E+00
2,7,1,1,0,1,legacy-reference-bound,16,16,122, -1.3465671406521764E+00, -9.7773756017529712E-01,  3.6882958047696524E-01,  8.5931262105987116E-14,  9.7172270230316826E-14, -1.5854839672071508E-01,  2.8700000000000253E-04,3,147,0,147,147,0,0,  1.9999999999999962E-02,  2.0000000000000007E-02,  4.2299999999999999E-01,  4.2299999999999999E-01, -1.0000000000000000E+00, -1.0000000000000000E+00
2,7,1,1,1,2,legacy-reference-retry,32,6,188, -4.5631270587741296E-01, -8.7485339320901329E-02,  3.6882736655651693E-01,  5.3013149425851225E-15,  4.8502868388311526E-15, -1.2934696548166699E-01,  8.4399999999999753E-04,3,664,0,664,664,0,0, -4.0780366035553628E-02,  7.3978560809692867E-02,  4.2299778607955163E-01,  4.2299999999999999E-01, -1.0000000000000000E+00, -1.0000000000000000E+00
2,7,1,1,1,2,legacy-reference-retry,64,6,170, -3.9285843990877689E-01, -2.4489391553249779E-02,  3.6836904835553130E-01,  4.1910919179599659E-15,  4.0324189300167124E-15, -1.0938880184388390E-01,  3.5699999999999621E-04,3,178,0,178,178,0,0, -1.3815486649970858E+00,  1.9421375386961735E-02,  4.2262818558800086E-01,  4.2299999999999999E-01, -1.0000000000000000E+00, -1.0000000000000000E+00
2,7,1,1,1,2,legacy-reference-retry,128,9,231, -3.8928541687864376E-01, -2.0540189495310359E-02,  3.6874522738333604E-01,  2.6333102365327932E-15,  2.8418836294646921E-15, -9.6207091768603897E-02,  5.0300000000000344E-04,3,261,0,261,261,0,0, -4.5010983795787768E-01,  3.8706245874023118E-02,  4.2292716009254883E-01,  4.2299999999999999E-01, -1.0000000000000000E+00, -1.0000000000000000E+00
2,7,1,1,1,2,legacy-reference-retry,256,14,255, -3.7990328775738746E-01, -1.1436516283287930E-02,  3.6846677147409546E-01, -4.0783348920214735E-15,  1.6932527428792365E-15,  0.0000000000000000E+00,  7.0100000000000023E-04,3,266,5,266,271,0,1, -1.0982543149312498E+00, -1.4769855038783248E-03,  4.2273358286697016E-01,  4.2299995770039039E-01, -1.0000000000000000E+00, -1.0000000000000000E+00
2,7,1,1,1,2,legacy-reference-retry,512,25,406, -3.7990193991939053E-01, -1.1107359129912706E-02,  3.6879458078948146E-01,  3.6394498525993413E-15,  8.0816294411797940E-15,  0.0000000000000000E+00,  1.0760000000000006E-03,3,447,8,447,455,0,1, -2.4771787164695161E-01,  3.0689542989328182E-02,  4.2296944393085290E-01,  4.2299999999999999E-01, -1.0000000000000000E+00, -1.0000000000000000E+00
2,7,1,1,1,2,legacy-reference-retry,1024,45,615, -3.7791789034534046E-01, -9.1142688316042768E-03,  3.6880362151373469E-01, -1.4883927423881005E-15,  5.7181110568087570E-15,  0.0000000000000000E+00,  1.5669999999999989E-03,3,662,16,662,678,0,1, -2.0046598889356254E-01,  2.7348073325722175E-02,  4.2297754165991353E-01,  4.2299999999999999E-01, -1.0000000000000000E+00, -1.0000000000000000E+00
2,7,1,1,1,2,legacy-reference-retry,2048,84,951, -3.7646683729691383E-01, -7.6886879427470085E-03,  3.6877814935415509E-01, -1.1723261250651262E-14,  1.3802672926051945E-15,  0.0000000000000000E+00,  2.2519999999999971E-03,3,1004,32,1004,1036,0,1, -2.9538397958767570E-01,  1.6936367145734967E-02,  4.2296052866989775E-01,  4.2299999999999999E-01, -1.0000000000000000E+00, -1.0000000000000000E+00
2,7,1,1,1,2,legacy-reference-retry,4096,164,1713, -3.7635438648475711E-01, -7.5324119348776850E-03,  3.6882197454987020E-01, -9.2217899982927065E-15,  1.7682820743140752E-15,  0.0000000000000000E+00,  4.7369999999999982E-03,3,2388,64,2388,2452,0,1, -9.4587913342290220E-02,  2.6466476062627767E-02,  4.2299247018852981E-01,  4.2299999999999999E-01, -1.0000000000000000E+00, -1.0000000000000000E+00
2,7,2,1,0,1,legacy-reference-bound,1,1,41, -8.0722400634099856E-01, -7.8879489257423718E-01,  1.8429113766672778E-02, -8.8595797365087492E-14,  8.8484775062624976E-14, -8.0722400634099856E-01,  1.0700000000000293E-04,1,42,0,42,42,0,0, -1.8165393902948928E+00,  1.0005810392821084E-01,  4.2244681408683027E-01,  4.2299999999999999E-01, -1.0000000000000000E+00, -1.0000000000000000E+00
2,7,2,1,1,2,legacy-reference-retry,2,1,120, -4.1112474755980222E-01, -3.9272481253226121E-01,  1.8399935027618053E-02,  7.7049477908985864E-14,  7.7160500211448380E-14, -4.1112474755980222E-01,  2.1399999999999891E-04,1,122,0,122,122,0,0, -1.8541756627163295E+00,  9.6894843132714861E-02,  4.2243011082472914E-01,  4.2299999999999999E-01, -1.0000000000000000E+00, -1.0000000000000000E+00
2,7,2,1,1,2,legacy-reference-retry,4,1,118, -2.1306409422568096E-01, -1.9472348057068053E-01,  1.8340613655037696E-02,  3.7275738051789631E-14,  3.7359004778636518E-14, -2.1306409422568096E-01,  2.0799999999999985E-04,1,120,0,120,120,0,0, -1.9294063425880013E+00,  9.0577604862584468E-02,  4.2239626922877938E-01,  4.2299999999999999E-01, -1.0000000000000000E+00, -1.0000000000000000E+00
2,7,2,1,1,2,legacy-reference-retry,8,1,115, -1.1400615360198744E-01, -9.5787718240812059E-02,  1.8218435361155194E-02, -2.0192181260370035E-14,  1.9942381079829374E-14, -1.1400615360198744E-01,  2.1199999999999691E-04,1,117,0,117,117,0,0, -2.0794945515674113E+00,  7.7989636038757984E-02,  4.2232699460759338E-01,  4.2299999999999999E-01, -1.0000000000000000E+00, -1.0000000000000000E+00
2,7,2,1,1,2,legacy-reference-retry,16,1,110, -6.4402595155523448E-02, -4.6440275974350208E-02,  1.7962319181178410E-02,  5.1694759584108851E-15,  5.2596815791616791E-15, -6.4402595155523448E-02,  1.9899999999999779E-04,1,112,0,112,112,0,0, -2.3767355786669109E+00,  5.3064942634026294E-02,  4.2218321817581039E-01,  4.2299999999999999E-01, -1.0000000000000000E+00, -1.0000000000000000E+00
2,7,2,1,1,2,legacy-reference-retry,32,2,162, -7.1336725804619694E-02, -5.2186860616680236E-02,  1.9149865187950699E-02,  1.1241008124329710E-14,  6.1721461275254796E-15, -3.9394137172534864E-02,  3.1400000000000178E-04,1,176,0,176,176,0,0, -4.4623451164292444E-01,  6.4811364422483989E-02,  4.2292807042834502E-01,  4.2299999999999999E-01, -1.0000000000000000E+00, -1.0000000000000000E+00
2,7,2,1,1,2,legacy-reference-retry,64,2,135, -4.3217210932548863E-02, -2.4195382699815672E-02,  1.9021828232732574E-02, -6.1756155744774333E-16,  2.7790270085148450E-15, -2.6331991953530028E-02,  3.0700000000000172E-04,1,163,0,163,163,0,0, -7.9100174275358703E-01,  4.2493891651114682E-02,  4.2283464270490578E-01,  4.2299999999999999E-01, -1.0000000000000000E+00, -1.0000000000000000E+00
2,7,2,1,1,2,legacy-reference-retry,128,3,181, -3.7660764627323012E-02, -1.8480371400489855E-02,  1.9180393226834624E-02,  1.4675760606763788E-15,  2.2334564753201391E-15, -1.8729222544816886E-02,  4.0599999999999664E-04,1,218,0,218,218,0,0, -3.2062357974908434E-01,  4.1909395347913631E-02,  4.2295552863070485E-01,  4.2299999999999999E-01, -1.0000000000000000E+00, -1.0000000000000000E+00
2,7,2,1,1,2,legacy-reference-retry,256,4,180, -3.0884359015480048E-02, -1.1704096297532034E-02,  1.9180262717946484E-02, -1.5300261058115439E-15,  1.2242810931706316E-15, -1.3486678401119417E-02,  3.9000000000000146E-04,1,207,0,207,207,0,0, -3.1189855724259385E-01,  3.5492444052575796E-02,  4.2295727809245232E-01,  4.2299999999999999E-01, -1.0000000000000000E+00, -1.0000000000000000E+00
2,7,2,1,1,2,legacy-reference-retry,512,6,203, -2.7624671474574966E-02, -8.4287740861391514E-03,  1.9195897388434524E-02, -1.2906342661267445E-15,  5.1217710628215229E-16, -9.6272225556526606E-03,  4.1299999999999670E-04,1,234,0,234,234,0,0, -2.4182775459887046E-01,  3.0937266878865260E-02,  4.2297049514775364E-01,  4.2299999999999999E-01, -1.0000000000000000E+00, -1.0000000000000000E+00
2,7,2,1,1,2,legacy-reference-retry,1024,10,280, -2.6064510216990081E-02, -6.8494959539661150E-03,  1.9215014263023411E-02, -5.5511151231257827E-16,  1.6729239521451333E-16, -6.8859346582592577E-03,  6.1100000000000043E-04,1,340,0,340,340,0,0, -1.4232271506052901E-01,  3.1138872725515503E-02,  4.2298635596028356E-01,  4.2299999999999999E-01, -1.0000000000000000E+00, -1.0000000000000000E+00
2,7,2,1,1,2,legacy-reference-retry,2048,17,303, -2.4767481324997669E-02, -5.5592165524150213E-03,  1.9208264772581085E-02, -1.5621184901171148E-15,  3.3686161499124623E-16, -4.9594325888963463E-03,  6.6900000000000293E-04,1,344,0,344,344,0,0, -1.7299899909041652E-01,  2.4130396127945840E-02,  4.2298187525261299E-01,  4.2299999999999999E-01, -1.0000000000000000E+00, -1.0000000000000000E+00
2,7,2,1,1,2,legacy-reference-retry,4096,31,427, -2.4130098492316190E-02, -4.9265599410432924E-03,  1.9203538551272104E-02, -7.9450335199737765E-16,  1.4807491170720777E-16, -3.5280925058118855E-03,  9.4499999999999446E-04,1,459,0,459,459,0,0, -1.9103486938577013E-01,  1.9182342596729955E-02,  4.2297906220808867E-01,  4.2299999999999999E-01, -1.0000000000000000E+00, -1.0000000000000000E+00
2,7,2,1,0,1,legacy-reference-bound,1,1,41, -8.2722400634099857E-01, -7.8879489257423718E-01,  3.8429113766672796E-02, -8.8595797365087492E-14,  8.8484775062624976E-14, -8.2722400634099857E-01,  8.1999999999998741E-05,2,42,0,42,42,0,0, -1.8165393902948928E+00,  1.0005810392821084E-01,  4.2244681408683027E-01,  4.2299999999999999E-01, -1.0000000000000000E+00, -1.0000000000000000E+00
2,7,2,1,1,2,legacy-reference-retry,2,1,120, -4.3112474755980223E-01, -3.9272481253226121E-01,  3.8399935027618071E-02,  7.7049477908985864E-14,  7.7160500211448380E-14, -4.3112474755980223E-01,  2.1300000000000485E-04,2,122,0,122,122,0,0, -1.8541756627163295E+00,  9.6894843132714861E-02,  4.2243011082472914E-01,  4.2299999999999999E-01, -1.0000000000000000E+00, -1.0000000000000000E+00
2,7,2,1,1,2,legacy-reference-retry,4,1,118, -2.3306409422568095E-01, -1.9472348057068053E-01,  3.8340613655037714E-02,  3.7303493627405260E-14,  3.7359004778636518E-14, -2.3306409422568095E-01,  2.2799999999999904E-04,2,120,0,120,120,0,0, -1.9294063425880013E+00,  9.0577604862584468E-02,  4.2239626922877938E-01,  4.2299999999999999E-01, -1.0000000000000000E+00, -1.0000000000000000E+00
2,7,2,1,1,2,legacy-reference-retry,8,1,115, -1.3400615360198745E-01, -9.5787718240812059E-02,  3.8218435361155212E-02, -2.0178303472562220E-14,  1.9942381079829374E-14, -1.3400615360198745E-01,  2.0299999999999485E-04,2,117,0,117,117,0,0, -2.0794945515674113E+00,  7.7989636038757984E-02,  4.2232699460759338E-01,  4.2299999999999999E-01, -1.0000000000000000E+00, -1.0000000000000000E+00
2,7,2,1,1,2,legacy-reference-retry,16,1,110, -8.4402595155523452E-02, -4.6440275974350208E-02,  3.7962319181178428E-02,  5.1833537462186996E-15,  5.2596815791616791E-15, -8.4402595155523452E-02,  2.0000000000000573E-04,2,112,0,112,112,0,0, -2.3767355786669109E+00,  5.3064942634026294E-02,  4.2218321817581039E-01,  4.2299999999999999E-01, -1.0000000000000000E+00, -1.0000000000000000E+00
2,7,2,1,1,2,legacy-reference-retry,32,2,162, -9.1336725804619684E-02, -5.2186860616680236E-02,  3.9149865187950716E-02,  1.1268763699945339E-14,  6.1721461275254796E-15, -5.9394137172534861E-02,  3.1099999999999878E-04,2,176,0,176,176,0,0, -4.4623451164292444E-01,  6.4811364422483989E-02,  4.2292807042834502E-01,  4.2299999999999999E-01, -1.0000000000000000E+00, -1.0000000000000000E+00
2,7,2,1,1,2,legacy-reference-retry,64,2,135, -6.3217210932548867E-02, -2.4195382699815672E-02,  3.9021828232732592E-02, -6.0368376963992887E-16,  2.7790270085148450E-15, -4.6331991953530029E-02,  2.7299999999999547E-04,2,163,0,163,163,0,0, -7.9100174275358703E-01,  4.2493891651114682E-02,  4.2283464270490578E-01,  4.2299999999999999E-01, -1.0000000000000000E+00, -1.0000000000000000E+00
2,7,2,1,1,2,legacy-reference-retry,128,3,181, -5.7660764627323016E-02, -1.8480371400489855E-02,  3.9180393226834642E-02,  1.4814538484841933E-15,  2.2334564753201391E-15, -3.8729222544816887E-02,  3.6400000000000321E-04,2,218,0,218,218,0,0, -3.2062357974908434E-01,  4.1909395347913631E-02,  4.2295552863070485E-01,  4.2299999999999999E-01, -1.0000000000000000E+00, -1.0000000000000000E+00
2,7,2,1,1,2,legacy-reference-retry,256,4,180, -5.0884359015480052E-02, -1.1704096297532034E-02,  3.9180262717946501E-02, -1.5161483180037294E-15,  1.2242810931706316E-15, -3.3486678401119421E-02,  3.7899999999999739E-04,2,207,0,207,207,0,0, -3.1189855724259385E-01,  3.5492444052575796E-02,  4.2295727809245232E-01,  4.2299999999999999E-01, -1.0000000000000000E+00, -1.0000000000000000E+00
2,7,2,1,1,2,legacy-reference-retry,512,6,203, -4.7624671474574970E-02, -8.4287740861391514E-03,  3.9195897388434542E-02, -1.2767564783189300E-15,  5.1217710628215229E-16, -2.9627222555652661E-02,  4.1200000000000264E-04,2,234,0,234,234,0,0, -2.4182775459887046E-01,  3.0937266878865260E-02,  4.2297049514775364E-01,  4.2299999999999999E-01, -1.0000000000000000E+00, -1.0000000000000000E+00
2,7,2,1,1,2,legacy-reference-retry,1024,10,280, -4.6064510216990089E-02, -6.8494959539661150E-03,  3.9215014263023429E-02, -5.4470317145671743E-16,  1.6729239521451333E-16, -2.6885934658259260E-02,  6.0699999999999643E-04,2,340,0,340,340,0,0, -1.4232271506052901E-01,  3.1138872725515503E-02,  4.2298635596028356E-01,  4.2299999999999999E-01, -1.0000000000000000E+00, -1.0000000000000000E+00
2,7,2,1,1,2,legacy-reference-retry,2048,17,303, -4.4767481324997672E-02, -5.5592165524150213E-03,  3.9208264772581103E-02, -1.5482407023093003E-15,  3.3686161499124623E-16, -2.4959432588896345E-02,  6.6500000000000586E-04,2,344,0,344,344,0,0, -1.7299899909041652E-01,  2.4130396127945840E-02,  4.2298187525261299E-01,  4.2299999999999999E-01, -1.0000000000000000E+00, -1.0000000000000000E+00
2,7,2,1,1,2,legacy-reference-retry,4096,31,427, -4.4130098492316194E-02, -4.9265599410432924E-03,  3.9203538551272121E-02, -7.8062556418956319E-16,  1.4807491170720777E-16, -2.3528092505811886E-02,  9.4400000000000039E-04,2,459,0,459,459,0,0, -1.9103486938577013E-01,  1.9182342596729955E-02,  4.2297906220808867E-01,  4.2299999999999999E-01, -1.0000000000000000E+00, -1.0000000000000000E+00
2,7,2,1,0,1,legacy-reference-bound,1,1,41, -8.2722400634099857E-01, -7.8879489257423718E-01,  3.8429113766672796E-02, -8.8595797365087492E-14,  8.8484775062624976E-14, -8.2722400634099857E-01,  8.1999999999998741E-05,3,42,0,42,42,0,0, -1.8165393902948928E+00,  1.0005810392821084E-01,  4.2244681408683027E-01,  4.2299999999999999E-01, -1.0000000000000000E+00, -1.0000000000000000E+00
2,7,2,1,1,2,legacy-reference-retry,2,1,120, -4.3112474755980223E-01, -3.9272481253226121E-01,  3.8399935027618071E-02,  7.7049477908985864E-14,  7.7160500211448380E-14, -4.3112474755980223E-01,  2.1100000000000285E-04,3,122,0,122,122,0,0, -1.8541756627163295E+00,  9.6894843132714861E-02,  4.2243011082472914E-01,  4.2299999999999999E-01, -1.0000000000000000E+00, -1.0000000000000000E+00
2,7,2,1,1,2,legacy-reference-retry,4,1,118, -2.3306409422568095E-01, -1.9472348057068053E-01,  3.8340613655037714E-02,  3.7303493627405260E-14,  3.7359004778636518E-14, -2.3306409422568095E-01,  2.1000000000000185E-04,3,120,0,120,120,0,0, -1.9294063425880013E+00,  9.0577604862584468E-02,  4.2239626922877938E-01,  4.2299999999999999E-01, -1.0000000000000000E+00, -1.0000000000000000E+00
2,7,2,1,1,2,legacy-reference-retry,8,1,115, -1.3400615360198745E-01, -9.5787718240812059E-02,  3.8218435361155212E-02, -2.0178303472562220E-14,  1.9942381079829374E-14, -1.3400615360198745E-01,  2.0299999999999485E-04,3,117,0,117,117,0,0, -2.0794945515674113E+00,  7.7989636038757984E-02,  4.2232699460759338E-01,  4.2299999999999999E-01, -1.0000000000000000E+00, -1.0000000000000000E+00
2,7,2,1,1,2,legacy-reference-retry,16,1,110, -8.4402595155523452E-02, -4.6440275974350208E-02,  3.7962319181178428E-02,  5.1833537462186996E-15,  5.2596815791616791E-15, -8.4402595155523452E-02,  2.0200000000000079E-04,3,112,0,112,112,0,0, -2.3767355786669109E+00,  5.3064942634026294E-02,  4.2218321817581039E-01,  4.2299999999999999E-01, -1.0000000000000000E+00, -1.0000000000000000E+00
2,7,2,1,1,2,legacy-reference-retry,32,2,162, -9.1336725804619684E-02, -5.2186860616680236E-02,  3.9149865187950716E-02,  1.1268763699945339E-14,  6.1721461275254796E-15, -5.9394137172534861E-02,  3.1399999999999484E-04,3,176,0,176,176,0,0, -4.4623451164292444E-01,  6.4811364422483989E-02,  4.2292807042834502E-01,  4.2299999999999999E-01, -1.0000000000000000E+00, -1.0000000000000000E+00
2,7,2,1,1,2,legacy-reference-retry,64,2,135, -6.3217210932548867E-02, -2.4195382699815672E-02,  3.9021828232732592E-02, -6.0368376963992887E-16,  2.7790270085148450E-15, -4.6331991953530029E-02,  2.7200000000000141E-04,3,163,0,163,163,0,0, -7.9100174275358703E-01,  4.2493891651114682E-02,  4.2283464270490578E-01,  4.2299999999999999E-01, -1.0000000000000000E+00, -1.0000000000000000E+00
2,7,2,1,1,2,legacy-reference-retry,128,3,181, -5.7660764627323016E-02, -1.8480371400489855E-02,  3.9180393226834642E-02,  1.4814538484841933E-15,  2.2334564753201391E-15, -3.8729222544816887E-02,  3.6400000000000321E-04,3,218,0,218,218,0,0, -3.2062357974908434E-01,  4.1909395347913631E-02,  4.2295552863070485E-01,  4.2299999999999999E-01, -1.0000000000000000E+00, -1.0000000000000000E+00
2,7,2,1,1,2,legacy-reference-retry,256,5,181, -5.2267616187009008E-02, -1.3103198963024712E-02,  3.9164417223983561E-02, -7.3552275381416621E-16,  9.9182814738973946E-16,  0.0000000000000000E+00,  3.7600000000000133E-04,3,197,11,197,208,0,1, -3.6992110970766534E-01,  3.3636050206714140E-02,  4.2294524397776034E-01,  4.2299999999999999E-01, -1.0000000000000000E+00, -1.0000000000000000E+00
2,7,2,1,1,2,legacy-reference-retry,512,8,205, -4.9059977947471731E-02, -9.8826136234416891E-03,  3.9177364324029185E-02, -8.5695339713254270E-16,  4.7444687067965674E-16,  0.0000000000000000E+00,  4.2700000000000377E-04,3,220,18,220,238,0,1, -3.1338541651450202E-01,  2.8694609916364168E-02,  4.2295698151360328E-01,  4.2299999999999999E-01, -1.0000000000000000E+00, -1.0000000000000000E+00
2,7,2,1,1,2,legacy-reference-retry,1024,14,270, -4.7539428408768299E-02, -8.3370162175264474E-03,  3.9202412191241542E-02, -3.0878077872387166E-16,  2.6660531421418554E-16,  0.0000000000000000E+00,  5.8599999999999625E-04,3,273,32,273,305,0,1, -2.0588372851132131E-01,  2.7099249710101761E-02,  4.2297665325127898E-01,  4.2299999999999999E-01, -1.0000000000000000E+00, -1.0000000000000000E+00
2,7,2,1,1,2,legacy-reference-retry,2048,25,336, -4.6257995287773482E-02, -7.0729918276071701E-03,  3.9185003460164847E-02, -1.4649739754624136E-15,  4.0283531718698917E-16,  0.0000000000000000E+00,  7.6299999999999979E-04,3,307,56,307,363,0,1, -2.7044438476936850E-01,  1.8512281192253167E-02,  4.2296528211220175E-01,  4.2299999999999999E-01, -1.0000000000000000E+00, -1.0000000000000000E+00
2,7,2,1,1,2,legacy-reference-retry,4096,49,606, -4.6199438921883135E-02, -6.9747327017216417E-03,  3.9224706220160499E-02, -9.9399655173471047E-16,  2.8476570060331774E-16,  0.0000000000000000E+00,  2.0529999999999993E-03,3,1296,108,1296,1404,0,1, -6.9907487602458365E-02,  3.1220497346746427E-02,  4.2299515011475741E-01,  4.2299999999999999E-01, -1.0000000000000000E+00, -1.0000000000000000E+00
2,7,3,1,0,1,legacy-reference-bound,1,1,1, -1.1875000000000000E+00, -1.1875000000000000E+00,  0.0000000000000000E+00,  0.0000000000000000E+00,  0.0000000000000000E+00, -1.1875000000000000E+00,  9.0000000000020619E-06,1,2,0,2,2,0,0,  2.0000000000000000E-02,  2.0000000000000000E-02,  4.2299999999999999E-01,  4.2299999999999999E-01, -1.0000000000000000E+00, -1.0000000000000000E+00
2,7,3,1,0,1,legacy-reference-bound,2,2,2, -1.1875000000000000E+00, -1.1875000000000000E+00,  0.0000000000000000E+00,  0.0000000000000000E+00,  0.0000000000000000E+00, -5.9375000000000000E-01,  1.1000000000004062E-05,1,4,0,4,4,0,0,  2.0000000000000000E-02,  2.0000000000000000E-02,  4.2299999999999999E-01,  4.2299999999999999E-01,  0.0000000000000000E+00,  0.0000000000000000E+00
2,7,3,1,0,1,legacy-reference-bound,4,4,4, -1.1875000000000000E+00, -1.1875000000000000E+00,  0.0000000000000000E+00,  0.0000000000000000E+00,  0.0000000000000000E+00, -2.9687500000000000E-01,  2.0000000000006124E-05,1,8,0,8,8,0,0,  2.0000000000000000E-02,  2.0000000000000000E-02,  4.2299999999999999E-01,  4.2299999999999999E-01,  0.0000000000000000E+00,  0.0000000000000000E+00
2,7,3,1,0,1,legacy-reference-bound,8,8,8, -1.1875000000000000E+00, -1.1875000000000000E+00,  0.0000000000000000E+00,  0.0000000000000000E+00,  0.0000000000000000E+00, -1.4843750000000000E-01,  3.7999999999996370E-05,1,16,0,16,16,0,0,  2.0000000000000000E-02,  2.0000000000000000E-02,  4.2299999999999999E-01,  4.2299999999999999E-01,  0.0000000000000000E+00,  0.0000000000000000E+00
2,7,3,1,0,1,legacy-reference-bound,16,16,16, -1.1875000000000000E+00, -1.1875000000000000E+00,  0.0000000000000000E+00,  0.0000000000000000E+00,  0.0000000000000000E+00, -7.4218750000000000E-02,  7.4000000000004618E-05,1,32,0,32,32,0,0,  2.0000000000000000E-02,  2.0000000000000000E-02,  4.2299999999999999E-01,  4.2299999999999999E-01,  0.0000000000000000E+00,  0.0000000000000000E+00
2,7,3,1,0,1,legacy-reference-bound,32,32,32, -1.1875000000000000E+00, -1.1875000000000000E+00,  0.0000000000000000E+00,  0.0000000000000000E+00,  0.0000000000000000E+00, -3.7109375000000000E-02,  3.6800000000000027E-04,1,64,0,64,64,0,0,  2.0000000000000000E-02,  2.0000000000000000E-02,  4.2299999999999999E-01,  4.2299999999999999E-01,  0.0000000000000000E+00,  0.0000000000000000E+00
2,7,3,1,0,1,legacy-reference-bound,64,64,64, -1.1875000000000000E+00, -1.1875000000000000E+00,  0.0000000000000000E+00,  0.0000000000000000E+00,  0.0000000000000000E+00, -1.8554687500000000E-02,  3.3899999999999902E-04,1,128,0,128,128,0,0,  2.0000000000000000E-02,  2.0000000000000000E-02,  4.2299999999999999E-01,  4.2299999999999999E-01,  0.0000000000000000E+00,  0.0000000000000000E+00
2,7,3,1,0,1,legacy-reference-bound,128,128,128, -1.1875000000000000E+00, -1.1875000000000000E+00,  0.0000000000000000E+00,  0.0000000000000000E+00,  0.0000000000000000E+00, -9.2773437500000000E-03,  5.9999999999999637E-04,1,256,0,256,256,0,0,  2.0000000000000000E-02,  2.0000000000000000E-02,  4.2299999999999999E-01,  4.2299999999999999E-01,  0.0000000000000000E+00,  0.0000000000000000E+00
2,7,3,1,0,1,legacy-reference-bound,256,256,256, -1.1875000000000000E+00, -1.1875000000000000E+00,  0.0000000000000000E+00,  0.0000000000000000E+00,  0.0000000000000000E+00, -4.6386718750000000E-03,  1.3330000000000009E-03,1,512,0,512,512,0,0,  2.0000000000000000E-02,  2.0000000000000000E-02,  4.2299999999999999E-01,  4.2299999999999999E-01,  0.0000000000000000E+00,  0.0000000000000000E+00
2,7,3,1,0,1,legacy-reference-bound,512,512,512, -1.1875000000000000E+00, -1.1875000000000000E+00,  0.0000000000000000E+00,  0.0000000000000000E+00,  0.0000000000000000E+00, -2.3193359375000000E-03,  2.7289999999999953E-03,1,1024,0,1024,1024,0,0,  2.0000000000000000E-02,  2.0000000000000000E-02,  4.2299999999999999E-01,  4.2299999999999999E-01,  0.0000000000000000E+00,  0.0000000000000000E+00
2,7,3,1,0,1,legacy-reference-bound,1024,1024,1024, -1.1875000000000000E+00, -1.1875000000000000E+00,  0.0000000000000000E+00,  0.0000000000000000E+00,  0.0000000000000000E+00, -1.1596679687500000E-03,  5.7579999999999992E-03,1,2048,0,2048,2048,0,0,  2.0000000000000000E-02,  2.0000000000000000E-02,  4.2299999999999999E-01,  4.2299999999999999E-01,  0.0000000000000000E+00,  0.0000000000000000E+00
2,7,3,1,0,1,legacy-reference-bound,2048,2048,2048, -1.1875000000000000E+00, -1.1875000000000000E+00,  0.0000000000000000E+00,  0.0000000000000000E+00,  0.0000000000000000E+00, -5.7983398437500000E-04,  9.6460000000000018E-03,1,4096,0,4096,4096,0,0,  2.0000000000000000E-02,  2.0000000000000000E-02,  4.2299999999999999E-01,  4.2299999999999999E-01,  0.0000000000000000E+00,  0.0000000000000000E+00
2,7,3,1,0,1,legacy-reference-bound,4096,4096,4096, -1.1875000000000000E+00, -1.1875000000000000E+00,  0.0000000000000000E+00,  0.0000000000000000E+00,  0.0000000000000000E+00, -2.8991699218750000E-04,  2.0747000000000002E-02,1,8192,0,8192,8192,0,0,  2.0000000000000000E-02,  2.0000000000000000E-02,  4.2299999999999999E-01,  4.2299999999999999E-01,  0.0000000000000000E+00,  0.0000000000000000E+00
2,7,3,1,0,1,legacy-reference-bound,1,1,1, -1.2075000000000000E+00, -1.1875000000000000E+00,  2.0000000000000018E-02,  0.0000000000000000E+00,  0.0000000000000000E+00, -1.2075000000000000E+00,  4.4000000000002371E-05,2,2,0,2,2,0,0,  2.0000000000000000E-02,  2.0000000000000000E-02,  4.2299999999999999E-01,  4.2299999999999999E-01, -1.0000000000000000E+00, -1.0000000000000000E+00
2,7,3,1,0,1,legacy-reference-bound,2,2,2, -1.2075000000000000E+00, -1.1875000000000000E+00,  2.0000000000000018E-02,  0.0000000000000000E+00,  0.0000000000000000E+00, -6.1375000000000002E-01,  1.2999999999999123E-05,2,4,0,4,4,0,0,  2.0000000000000000E-02,  2.0000000000000000E-02,  4.2299999999999999E-01,  4.2299999999999999E-01,  0.0000000000000000E+00,  0.0000000000000000E+00
2,7,3,1,0,1,legacy-reference-bound,4,4,4, -1.2075000000000000E+00, -1.1875000000000000E+00,  2.0000000000000018E-02,  0.0000000000000000E+00,  0.0000000000000000E+00, -3.1687500000000002E-01,  2.0999999999993246E-05,2,8,0,8,8,0,0,  2.0000000000000000E-02,  2.0000000000000000E-02,  4.2299999999999999E-01,  4.2299999999999999E-01,  0.0000000000000000E+00,  0.0000000000000000E+00
2,7,3,1,0,1,legacy-reference-bound,8,8,8, -1.2075000000000000E+00, -1.1875000000000000E+00,  2.0000000000000018E-02,  0.0000000000000000E+00,  0.0000000000000000E+00, -1.6843749999999999E-01,  3.8999999999997370E-05,2,16,0,16,16,0,0,  2.0000000000000000E-02,  2.0000000000000000E-02,  4.2299999999999999E-01,  4.2299999999999999E-01,  0.0000000000000000E+00,  0.0000000000000000E+00
2,7,3,1,0,1,legacy-reference-bound,16,16,16, -1.2075000000000000E+00, -1.1875000000000000E+00,  2.0000000000000018E-02,  0.0000000000000000E+00,  0.0000000000000000E+00, -9.4218750000000004E-02,  7.4999999999991740E-05,2,32,0,32,32,0,0,  2.0000000000000000E-02,  2.0000000000000000E-02,  4.2299999999999999E-01,  4.2299999999999999E-01,  0.0000000000000000E+00,  0.0000000000000000E+00
2,7,3,1,0,1,legacy-reference-bound,32,32,32, -1.2075000000000000E+00, -1.1875000000000000E+00,  2.0000000000000018E-02,  0.0000000000000000E+00,  0.0000000000000000E+00, -5.7109375000000004E-02,  1.4599999999999336E-04,2,64,0,64,64,0,0,  2.0000000000000000E-02,  2.0000000000000000E-02,  4.2299999999999999E-01,  4.2299999999999999E-01,  0.0000000000000000E+00,  0.0000000000000000E+00
2,7,3,1,0,1,legacy-reference-bound,64,64,64, -1.2075000000000000E+00, -1.1875000000000000E+00,  2.0000000000000018E-02,  0.0000000000000000E+00,  0.0000000000000000E+00, -3.8554687500000004E-02,  2.9099999999999959E-04,2,128,0,128,128,0,0,  2.0000000000000000E-02,  2.0000000000000000E-02,  4.2299999999999999E-01,  4.2299999999999999E-01,  0.0000000000000000E+00,  0.0000000000000000E+00
2,7,3,1,0,1,legacy-reference-bound,128,128,128, -1.2075000000000000E+00, -1.1875000000000000E+00,  2.0000000000000018E-02,  0.0000000000000000E+00,  0.0000000000000000E+00, -2.9277343750000000E-02,  7.1100000000000330E-04,2,256,0,256,256,0,0,  2.0000000000000000E-02,  2.0000000000000000E-02,  4.2299999999999999E-01,  4.2299999999999999E-01,  0.0000000000000000E+00,  0.0000000000000000E+00
2,7,3,1,0,1,legacy-reference-bound,256,256,256, -1.2075000000000000E+00, -1.1875000000000000E+00,  2.0000000000000018E-02,  0.0000000000000000E+00,  0.0000000000000000E+00, -2.4638671875000000E-02,  1.1950000000000016E-03,2,512,0,512,512,0,0,  2.0000000000000000E-02,  2.0000000000000000E-02,  4.2299999999999999E-01,  4.2299999999999999E-01,  0.0000000000000000E+00,  0.0000000000000000E+00
2,7,3,1,0,1,legacy-reference-bound,512,512,512, -1.2075000000000000E+00, -1.1875000000000000E+00,  2.0000000000000018E-02,  0.0000000000000000E+00,  0.0000000000000000E+00, -2.2319335937500000E-02,  2.9909999999999937E-03,2,1024,0,1024,1024,0,0,  2.0000000000000000E-02,  2.0000000000000000E-02,  4.2299999999999999E-01,  4.2299999999999999E-01,  0.0000000000000000E+00,  0.0000000000000000E+00
2,7,3,1,0,1,legacy-reference-bound,1024,1024,1024, -1.2075000000000000E+00, -1.1875000000000000E+00,  2.0000000000000018E-02,  0.0000000000000000E+00,  0.0000000000000000E+00, -2.1159667968750000E-02,  4.9669999999999992E-03,2,2048,0,2048,2048,0,0,  2.0000000000000000E-02,  2.0000000000000000E-02,  4.2299999999999999E-01,  4.2299999999999999E-01,  0.0000000000000000E+00,  0.0000000000000000E+00
2,7,3,1,0,1,legacy-reference-bound,2048,2048,2048, -1.2075000000000000E+00, -1.1875000000000000E+00,  2.0000000000000018E-02,  0.0000000000000000E+00,  0.0000000000000000E+00, -2.0579833984375000E-02,  1.0327000000000003E-02,2,4096,0,4096,4096,0,0,  2.0000000000000000E-02,  2.0000000000000000E-02,  4.2299999999999999E-01,  4.2299999999999999E-01,  0.0000000000000000E+00,  0.0000000000000000E+00
2,7,3,1,0,1,legacy-reference-bound,4096,4096,4096, -1.2075000000000000E+00, -1.1875000000000000E+00,  2.0000000000000018E-02,  0.0000000000000000E+00,  0.0000000000000000E+00, -2.0289916992187500E-02,  1.9663000000000000E-02,2,8192,0,8192,8192,0,0,  2.0000000000000000E-02,  2.0000000000000000E-02,  4.2299999999999999E-01,  4.2299999999999999E-01,  0.0000000000000000E+00,  0.0000000000000000E+00
2,7,3,1,0,1,legacy-reference-bound,1,1,1, -1.2075000000000000E+00, -1.1875000000000000E+00,  2.0000000000000018E-02,  0.0000000000000000E+00,  0.0000000000000000E+00, -1.2075000000000000E+00,  1.2000000000012001E-05,3,2,0,2,2,0,0,  2.0000000000000000E-02,  2.0000000000000000E-02,  4.2299999999999999E-01,  4.2299999999999999E-01, -1.0000000000000000E+00, -1.0000000000000000E+00
2,7,3,1,0,1,legacy-reference-bound,2,2,2, -1.2075000000000000E+00, -1.1875000000000000E+00,  2.0000000000000018E-02,  0.0000000000000000E+00,  0.0000000000000000E+00, -6.1375000000000002E-01,  1.2000000000012001E-05,3,4,0,4,4,0,0,  2.0000000000000000E-02,  2.0000000000000000E-02,  4.2299999999999999E-01,  4.2299999999999999E-01,  0.0000000000000000E+00,  0.0000000000000000E+00
2,7,3,1,0,1,legacy-reference-bound,4,4,4, -1.2075000000000000E+00, -1.1875000000000000E+00,  2.0000000000000018E-02,  0.0000000000000000E+00,  0.0000000000000000E+00, -3.1687500000000002E-01,  2.0999999999993246E-05,3,8,0,8,8,0,0,  2.0000000000000000E-02,  2.0000000000000000E-02,  4.2299999999999999E-01,  4.2299999999999999E-01,  0.0000000000000000E+00,  0.0000000000000000E+00
2,7,3,1,0,1,legacy-reference-bound,8,8,8, -1.2075000000000000E+00, -1.1875000000000000E+00,  2.0000000000000018E-02,  0.0000000000000000E+00,  0.0000000000000000E+00, -1.6843749999999999E-01,  3.8999999999983492E-05,3,16,0,16,16,0,0,  2.0000000000000000E-02,  2.0000000000000000E-02,  4.2299999999999999E-01,  4.2299999999999999E-01,  0.0000000000000000E+00,  0.0000000000000000E+00
2,7,3,1,0,1,legacy-reference-bound,16,16,16, -1.2075000000000000E+00, -1.1875000000000000E+00,  2.0000000000000018E-02,  0.0000000000000000E+00,  0.0000000000000000E+00, -9.4218750000000004E-02,  7.3999999999990740E-05,3,32,0,32,32,0,0,  2.0000000000000000E-02,  2.0000000000000000E-02,  4.2299999999999999E-01,  4.2299999999999999E-01,  0.0000000000000000E+00,  0.0000000000000000E+00
2,7,3,1,0,1,legacy-reference-bound,32,32,32, -1.2075000000000000E+00, -1.1875000000000000E+00,  2.0000000000000018E-02,  0.0000000000000000E+00,  0.0000000000000000E+00, -5.7109375000000004E-02,  1.4700000000000824E-04,3,64,0,64,64,0,0,  2.0000000000000000E-02,  2.0000000000000000E-02,  4.2299999999999999E-01,  4.2299999999999999E-01,  0.0000000000000000E+00,  0.0000000000000000E+00
2,7,3,1,0,1,legacy-reference-bound,64,64,64, -1.2075000000000000E+00, -1.1875000000000000E+00,  2.0000000000000018E-02,  0.0000000000000000E+00,  0.0000000000000000E+00, -3.8554687500000004E-02,  3.8399999999999546E-04,3,128,0,128,128,0,0,  2.0000000000000000E-02,  2.0000000000000000E-02,  4.2299999999999999E-01,  4.2299999999999999E-01,  0.0000000000000000E+00,  0.0000000000000000E+00
2,7,3,1,0,1,legacy-reference-bound,128,128,128, -1.2075000000000000E+00, -1.1875000000000000E+00,  2.0000000000000018E-02,  0.0000000000000000E+00,  0.0000000000000000E+00, -2.9277343750000000E-02,  6.5799999999999192E-04,3,256,0,256,256,0,0,  2.0000000000000000E-02,  2.0000000000000000E-02,  4.2299999999999999E-01,  4.2299999999999999E-01,  0.0000000000000000E+00,  0.0000000000000000E+00
2,7,3,1,1,2,legacy-reference-retry,256,3,175, -3.0080459035911129E-02, -1.0149164988430583E-02,  1.9931294047481396E-02,  8.5001450322863548E-16,  5.9761223747401004E-16,  0.0000000000000000E+00,  3.7799999999998946E-04,3,175,46,175,221,0,1, -3.6461722229860277E-01,  3.5751813991652462E-02,  4.2294638221400527E-01,  4.2299999999999999E-01, -1.0000000000000000E+00, -1.0000000000000000E+00
2,7,3,1,1,2,legacy-reference-retry,512,5,212, -2.8414617794433852E-02, -8.4458615201150871E-03,  1.9968756274317601E-02, -1.1639994523804376E-15,  8.2789677890993119E-16,  0.0000000000000000E+00,  4.3399999999998995E-04,3,206,47,206,253,0,1, -2.2832531534774148E-01,  3.1868595179621241E-02,  4.2297286100957499E-01,  4.2299999999999999E-01, -1.0000000000000000E+00, -1.0000000000000000E+00
2,7,3,1,1,2,legacy-reference-retry,1024,8,213, -2.6521148199153223E-02, -6.5881006312608643E-03,  1.9933047567891604E-02, -7.5460471204991109E-16,  3.1376810871730498E-16,  0.0000000000000000E+00,  4.5699999999998520E-04,3,159,73,159,232,0,1, -3.5136003505239694E-01,  2.0205685428672855E-02,  4.2294919434834888E-01,  4.2299999999999999E-01, -1.0000000000000000E+00, -1.0000000000000000E+00
2,7,3,1,1,2,legacy-reference-retry,2048,15,288, -2.4902241766557583E-02, -6.1893907374288414E-03,  1.8712851029128563E-02, -1.7867651802561113E-16,  1.6024508109335756E-16,  0.0000000000000000E+00,  1.9059999999999910E-03,3,195,112,195,307,0,1, -2.4124868927216911E-01,  1.9192061260775266E-02,  4.2297059787190339E-01,  4.2299999999999999E-01, -1.0000000000000000E+00, -1.0000000000000000E+00
2,7,3,1,1,2,legacy-reference-retry,4096,29,423, -2.4105927413302333E-02, -5.9984682835045487E-03,  1.8107459129795833E-02, -1.9506965487359196E-15,  2.7660707925536432E-16,  0.0000000000000000E+00,  9.2300000000000715E-04,3,263,192,263,455,0,1, -1.5034187006974950E-01,  1.9804448951999683E-02,  4.2298522329278376E-01,  4.2299999999999999E-01, -1.0000000000000000E+00, -1.0000000000000000E+00
2,2,1,1,0,1,legacy-reference-bound,1,1,5, -3.2073157165419963E-01, -1.3814059840923806E-02,  3.0691751181327587E-01,  4.1633363423443370E-17,  9.7144514654701197E-17, -3.2073157165419963E-01,  1.7000000000017002E-05,1,6,0,6,6,0,0, -2.6020663549833912E+01,  2.0247756386227375E-01,  3.9959315413326202E-01,  4.2299999999999999E-01, -1.0000000000000000E+00, -1.0000000000000000E+00
2,2,1,1,0,1,legacy-reference-bound,2,2,10, -3.6264364031788909E-01, -1.3814059840923806E-02,  3.4882958047696522E-01, -6.9388939039072284E-17,  2.0816681711721685E-17, -2.7617909431873883E-01,  2.5999999999998247E-05,1,12,0,12,12,0,0,  2.3359387536877882E-01,  1.1068132238447363E+00,  4.2299999999999999E-01,  4.2299999999999999E-01,  4.1912068663689378E-02,  2.7127476773678648E+01
2,2,1,1,0,1,legacy-reference-bound,4,4,20, -3.6264364031788904E-01, -1.3814059840923806E-02,  3.4882958047696522E-01, -1.3877787807814457E-17,  3.8163916471489756E-17, -2.2605119137687357E-01,  4.7999999999992493E-05,1,24,0,24,24,0,0,  2.6709177687559499E-01,  2.4909177687559501E+00,  4.2299999999999999E-01,  4.2299999999999999E-01,  0.0000000000000000E+00,  1.3841045449112137E+00
2,2,1,1,0,1,legacy-reference-bound,8,8,32, -3.6264364031795804E-01, -1.3814059840923806E-02,  3.4882958047696522E-01, -6.9014238768261293E-14,  6.8967401234409920E-14, -1.7806207892619549E-01,  1.0129999999999861E-03,1,40,0,40,40,0,0,  2.6709177687559499E-01,  2.4909177687559501E+00,  4.2299999999999999E-01,  4.2299999999999999E-01,  0.0000000000000000E+00,  0.0000000000000000E+00
2,2,1,1,0,1,legacy-reference-bound,16,16,50, -3.6264364031789798E-01, -1.3814059840923810E-02,  3.4882958047696522E-01, -8.9477036890883710E-15,  9.1983712313670196E-15, -1.3848480807731431E-01,  1.7100000000000448E-04,1,66,0,66,66,0,0,  2.6709177687559499E-01,  2.4909177687559501E+00,  4.2299999999999999E-01,  4.2299999999999999E-01,  0.0000000000000000E+00,  0.0000000000000000E+00
2,2,1,1,0,1,legacy-reference-bound,32,32,76, -3.6264364031788693E-01, -1.3814059840923815E-02,  3.4882958047696522E-01,  2.1042195763598670E-15,  4.5575522522600664E-15, -1.0934189864558294E-01,  2.3899999999998922E-04,1,108,0,108,108,0,0,  2.6709177687559499E-01,  2.4909177687559501E+00,  4.2299999999999999E-01,  4.2299999999999999E-01,  0.0000000000000000E+00,  0.0000000000000000E+00
2,2,1,1,0,1,legacy-reference-bound,64,64,127, -3.6264364031788771E-01, -1.3814059840923794E-02,  3.4882958047696522E-01,  1.3062467774105357E-15,  3.7892865928368380E-15, -8.9388536540381133E-02,  4.9500000000002320E-04,1,191,0,191,191,0,0,  2.6709177687559499E-01,  2.4909177687559501E+00,  4.2299999999999999E-01,  4.2299999999999999E-01,  0.0000000000000000E+00,  0.0000000000000000E+00
2,2,1,1,0,1,legacy-reference-bound,128,128,215, -3.6264364031789065E-01, -1.3814059840923780E-02,  3.4882958047696522E-01, -1.6497220256539435E-15,  2.7932300569744051E-15, -7.6207083058963052E-02,  7.7099999999999391E-04,1,343,0,343,343,0,0,  2.6709177687559499E-01,  2.4909177687559501E+00,  4.2299999999999999E-01,  4.2299999999999999E-01,  0.0000000000000000E+00,  0.0000000000000000E+00
2,2,1,1,0,1,legacy-reference-bound,256,256,394, -3.6264364031788987E-01, -1.3814059840923773E-02,  3.4882958047696522E-01, -8.7950480232024120E-16,  1.1777146098623792E-15, -6.7423917586432680E-02,  1.5040000000000053E-03,1,650,0,650,650,0,0,  2.6709177687559499E-01,  2.4909177687559501E+00,  4.2299999999999999E-01,  4.2299999999999999E-01,  0.0000000000000000E+00,  0.0000000000000000E+00
2,2,1,1,0,1,legacy-reference-bound,512,512,733, -3.6264364031788410E-01, -1.3814059840923962E-02,  3.4882958047696522E-01,  5.0827397846120448E-15,  1.7459178634077199E-15, -6.0711651227754175E-02,  2.9059999999999919E-03,1,1245,0,1245,1245,0,0,  2.6709177687559499E-01,  2.4909177687559501E+00,  4.2299999999999999E-01,  4.2299999999999999E-01,  0.0000000000000000E+00,  0.0000000000000000E+00
2,2,1,1,0,1,legacy-reference-bound,1024,1024,1416, -3.6264364031787782E-01, -1.3814059840923701E-02,  3.4882958047696522E-01,  1.1093556628871681E-14,  5.7016430422482389E-15, -5.3390711665662866E-02,  5.8630000000000071E-03,1,2440,0,2440,2440,0,0,  2.6709177687559499E-01,  2.4909177687559501E+00,  4.2299999999999999E-01,  4.2299999999999999E-01,  0.0000000000000000E+00,  0.0000000000000000E+00
2,2,1,1,0,1,legacy-reference-bound,2048,2048,2744, -3.6264364031788704E-01, -1.3814059840924282E-02,  3.4882958047696522E-01,  2.4598378889351125E-15,  1.4040214845779941E-15, -4.3545520937576868E-02,  1.1826000000000003E-02,1,4792,0,4792,4792,0,0,  2.6709177687559499E-01,  2.4909177687559501E+00,  4.2299999999999999E-01,  4.2299999999999999E-01,  0.0000000000000000E+00,  0.0000000000000000E+00
2,2,1,1,0,1,legacy-reference-bound,4096,4096,5369, -3.6264364031799456E-01, -1.3814059840924689E-02,  3.4882958047696522E-01, -1.0465760202915675E-13,  1.8900998116893469E-15, -3.2145439490134348E-02,  2.3880999999999986E-02,1,9465,0,9465,9465,0,0,  2.6709177687559499E-01,  2.4909177687559501E+00,  4.2299999999999999E-01,  4.2299999999999999E-01,  0.0000000000000000E+00,  0.0000000000000000E+00
2,2,1,1,0,1,legacy-reference-bound,1,1,5, -3.4073157165419965E-01, -1.3814059840923806E-02,  3.2691751181327589E-01,  4.1633363423443370E-17,  9.7144514654701197E-17, -3.4073157165419965E-01,  2.6999999999999247E-05,2,6,0,6,6,0,0, -2.6020663549833912E+01,  2.0247756386227375E-01,  3.9959315413326202E-01,  4.2299999999999999E-01, -1.0000000000000000E+00, -1.0000000000000000E+00
2,2,1,1,0,1,legacy-reference-bound,2,2,10, -3.8264364031788911E-01, -1.3814059840923806E-02,  3.6882958047696524E-01, -6.9388939039072284E-17,  2.0816681711721685E-17, -2.9617909431873884E-01,  2.6999999999999247E-05,2,12,0,12,12,0,0,  2.3359387536877882E-01,  1.1068132238447363E+00,  4.2299999999999999E-01,  4.2299999999999999E-01,  4.1912068663689378E-02,  2.7127476773678648E+01
2,2,1,1,0,1,legacy-reference-bound,4,4,20, -3.8264364031788900E-01, -1.3814059840923806E-02,  3.6882958047696524E-01,  4.1633363423443370E-17,  3.8163916471489756E-17, -2.4605119137687356E-01,  4.8999999999993493E-05,2,24,0,24,24,0,0,  2.6709177687559499E-01,  2.4909177687559501E+00,  4.2299999999999999E-01,  4.2299999999999999E-01,  0.0000000000000000E+00,  1.3841045449112137E+00
2,2,1,1,0,1,legacy-reference-bound,8,8,32, -3.8264364031795800E-01, -1.3814059840923806E-02,  3.6882958047696524E-01, -6.8958727617030036E-14,  6.8967401234409920E-14, -1.9806207892619548E-01,  8.2999999999999741E-05,2,40,0,40,40,0,0,  2.6709177687559499E-01,  2.4909177687559501E+00,  4.2299999999999999E-01,  4.2299999999999999E-01,  0.0000000000000000E+00,  0.0000000000000000E+00
2,2,1,1,0,1,legacy-reference-bound,16,16,50, -3.8264364031789794E-01, -1.3814059840923810E-02,  3.6882958047696524E-01, -8.8921925378571132E-15,  9.1983712313670196E-15, -1.5848480807731430E-01,  1.5899999999999248E-04,2,66,0,66,66,0,0,  2.6709177687559499E-01,  2.4909177687559501E+00,  4.2299999999999999E-01,  4.2299999999999999E-01,  0.0000000000000000E+00,  0.0000000000000000E+00
2,2,1,1,0,1,legacy-reference-bound,32,32,76, -3.8264364031788689E-01, -1.3814059840923815E-02,  3.6882958047696524E-01,  2.1597307275911248E-15,  4.5575522522600664E-15, -1.2934189864558293E-01,  2.3399999999998422E-04,2,108,0,108,108,0,0,  2.6709177687559499E-01,  2.4909177687559501E+00,  4.2299999999999999E-01,  4.2299999999999999E-01,  0.0000000000000000E+00,  0.0000000000000000E+00
2,2,1,1,0,1,legacy-reference-bound,64,64,127, -3.8264364031788772E-01, -1.3814059840923794E-02,  3.6882958047696524E-01,  1.3062467774105357E-15,  3.7892865928368380E-15, -1.0938853654038114E-01,  4.3300000000001670E-04,2,191,0,191,191,0,0,  2.6709177687559499E-01,  2.4909177687559501E+00,  4.2299999999999999E-01,  4.2299999999999999E-01,  0.0000000000000000E+00,  0.0000000000000000E+00
2,2,1,1,0,1,legacy-reference-bound,128,128,215, -3.8264364031789061E-01, -1.3814059840923780E-02,  3.6882958047696524E-01, -1.5942108744226857E-15,  2.7932300569744051E-15, -9.6207083058963055E-02,  7.5100000000000167E-04,2,343,0,343,343,0,0,  2.6709177687559499E-01,  2.4909177687559501E+00,  4.2299999999999999E-01,  4.2299999999999999E-01,  0.0000000000000000E+00,  0.0000000000000000E+00
2,2,1,1,0,1,legacy-reference-bound,256,256,394, -3.8264364031788989E-01, -1.3814059840923773E-02,  3.6882958047696524E-01, -8.7950480232024120E-16,  1.1777146098623792E-15, -8.7423917586432684E-02,  1.4750000000000041E-03,2,650,0,650,650,0,0,  2.6709177687559499E-01,  2.4909177687559501E+00,  4.2299999999999999E-01,  4.2299999999999999E-01,  0.0000000000000000E+00,  0.0000000000000000E+00
2,2,1,1,0,1,legacy-reference-bound,512,512,733, -3.8264364031788412E-01, -1.3814059840923962E-02,  3.6882958047696524E-01,  5.0827397846120448E-15,  1.7459178634077199E-15, -8.0711651227754172E-02,  2.8070000000000039E-03,2,1245,0,1245,1245,0,0,  2.6709177687559499E-01,  2.4909177687559501E+00,  4.2299999999999999E-01,  4.2299999999999999E-01,  0.0000000000000000E+00,  0.0000000000000000E+00
2,2,1,1,0,1,legacy-reference-bound,1024,1024,1416, -3.8264364031787773E-01, -1.3814059840923701E-02,  3.6882958047696524E-01,  1.1204578931334197E-14,  5.7016430422482389E-15, -7.3390711665662869E-02,  5.4970000000000019E-03,2,2440,0,2440,2440,0,0,  2.6709177687559499E-01,  2.4909177687559501E+00,  4.2299999999999999E-01,  4.2299999999999999E-01,  0.0000000000000000E+00,  0.0000000000000000E+00
2,2,1,1,0,1,legacy-reference-bound,2048,2048,2744, -3.8264364031788706E-01, -1.3814059840924282E-02,  3.6882958047696524E-01,  2.4598378889351125E-15,  1.4040214845779941E-15, -6.3545520937576871E-02,  1.0853000000000002E-02,2,4792,0,4792,4792,0,0,  2.6709177687559499E-01,  2.4909177687559501E+00,  4.2299999999999999E-01,  4.2299999999999999E-01,  0.0000000000000000E+00,  0.0000000000000000E+00
2,2,1,1,0,1,legacy-reference-bound,4096,4096,5369, -3.8264364031799458E-01, -1.3814059840924689E-02,  3.6882958047696524E-01, -1.0465760202915675E-13,  1.8900998116893469E-15, -5.2145439490134352E-02,  2.1453000000000000E-02,2,9465,0,9465,9465,0,0,  2.6709177687559499E-01,  2.4909177687559501E+00,  4.2299999999999999E-01,  4.2299999999999999E-01,  0.0000000000000000E+00,  0.0000000000000000E+00
2,2,1,1,0,1,legacy-reference-bound,1,1,5, -3.4073157165419965E-01, -1.3814059840923806E-02,  3.2691751181327589E-01,  4.1633363423443370E-17,  9.7144514654701197E-17, -3.4073157165419965E-01,  2.2999999999995246E-05,3,6,0,6,6,0,0, -2.6020663549833912E+01,  2.0247756386227375E-01,  3.9959315413326202E-01,  4.2299999999999999E-01, -1.0000000000000000E+00, -1.0000000000000000E+00
2,2,1,1,0,1,legacy-reference-bound,2,2,10, -3.8264364031788911E-01, -1.3814059840923806E-02,  3.6882958047696524E-01, -6.9388939039072284E-17,  2.0816681711721685E-17, -2.9617909431873884E-01,  2.5999999999998247E-05,3,12,0,12,12,0,0,  2.3359387536877882E-01,  1.1068132238447363E+00,  4.2299999999999999E-01,  4.2299999999999999E-01,  4.1912068663689378E-02,  2.7127476773678648E+01
2,2,1,1,0,1,legacy-reference-bound,4,4,20, -3.8264364031788900E-01, -1.3814059840923806E-02,  3.6882958047696524E-01,  4.1633363423443370E-17,  3.8163916471489756E-17, -2.4605119137687356E-01,  4.7999999999992493E-05,3,24,0,24,24,0,0,  2.6709177687559499E-01,  2.4909177687559501E+00,  4.2299999999999999E-01,  4.2299999999999999E-01,  0.0000000000000000E+00,  1.3841045449112137E+00
2,2,1,1,0,1,legacy-reference-bound,8,8,32, -3.8264364031795800E-01, -1.3814059840923806E-02,  3.6882958047696524E-01, -6.8958727617030036E-14,  6.8967401234409920E-14, -1.9806207892619548E-01,  8.4000000000000741E-05,3,40,0,40,40,0,0,  2.6709177687559499E-01,  2.4909177687559501E+00,  4.2299999999999999E-01,  4.2299999999999999E-01,  0.0000000000000000E+00,  0.0000000000000000E+00
2,2,1,1,0,1,legacy-reference-bound,16,16,50, -3.8264364031789794E-01, -1.3814059840923810E-02,  3.6882958047696524E-01, -8.8921925378571132E-15,  9.1983712313670196E-15, -1.5848480807731430E-01,  1.5500000000001624E-04,3,66,0,66,66,0,0,  2.6709177687559499E-01,  2.4909177687559501E+00,  4.2299999999999999E-01,  4.2299999999999999E-01,  0.0000000000000000E+00,  0.0000000000000000E+00
2,2,1,1,0,1,legacy-reference-bound,32,32,76, -3.8264364031788689E-01, -1.3814059840923815E-02,  3.6882958047696524E-01,  2.1597307275911248E-15,  4.5575522522600664E-15, -1.2934189864558293E-01,  2.3299999999998322E-04,3,108,0,108,108,0,0,  2.6709177687559499E-01,  2.4909177687559501E+00,  4.2299999999999999E-01,  4.2299999999999999E-01,  0.0000000000000000E+00,  0.0000000000000000E+00
2,2,1,1,0,1,legacy-reference-bound,64,64,127, -3.8264364031788772E-01, -1.3814059840923794E-02,  3.6882958047696524E-01,  1.3062467774105357E-15,  3.7892865928368380E-15, -1.0938853654038114E-01,  4.3199999999998795E-04,3,191,0,191,191,0,0,  2.6709177687559499E-01,  2.4909177687559501E+00,  4.2299999999999999E-01,  4.2299999999999999E-01,  0.0000000000000000E+00,  0.0000000000000000E+00
2,2,1,1,0,1,legacy-reference-bound,128,128,215, -3.8264364031789061E-01, -1.3814059840923780E-02,  3.6882958047696524E-01, -1.5942108744226857E-15,  2.7932300569744051E-15, -9.6207083058963055E-02,  7.5200000000000267E-04,3,343,0,343,343,0,0,  2.6709177687559499E-01,  2.4909177687559501E+00,  4.2299999999999999E-01,  4.2299999999999999E-01,  0.0000000000000000E+00,  0.0000000000000000E+00
2,2,1,1,0,1,legacy-reference-bound,256,256,396, -3.8264364031789111E-01, -1.3814059840923773E-02,  3.6882958047696524E-01, -2.1007501294079134E-15,  1.4847606651102740E-15,  0.0000000000000000E+00,  1.4599999999999891E-03,3,648,4,648,652,0,1,  2.6709177687559499E-01,  2.4909177687559501E+00,  4.2299999999999999E-01,  4.2299999999999999E-01,  0.0000000000000000E+00,  0.0000000000000000E+00
2,2,1,1,0,1,legacy-reference-bound,512,512,736, -3.8264364031787562E-01, -1.3814059840923962E-02,  3.6882958047696524E-01,  1.3575945922994492E-14,  8.1003725862366371E-15,  0.0000000000000000E+00,  2.8299999999999992E-03,3,1240,8,1240,1248,0,1,  2.6709177687559499E-01,  2.4909177687559501E+00,  4.2299999999999999E-01,  4.2299999999999999E-01,  0.0000000000000000E+00,  0.0000000000000000E+00
2,2,1,1,0,1,legacy-reference-bound,1024,1024,1425, -3.8264364031787662E-01, -1.3814059840923701E-02,  3.6882958047696524E-01,  1.2314801955959354E-14,  5.5385790355064191E-15,  0.0000000000000000E+00,  5.5280000000000051E-03,3,2433,16,2433,2449,0,1,  2.6709177687559499E-01,  2.4909177687559501E+00,  4.2299999999999999E-01,  4.2299999999999999E-01,  0.0000000000000000E+00,  0.0000000000000000E+00
2,2,1,1,0,1,legacy-reference-bound,2048,2048,2761, -3.8264364031788783E-01, -1.3814059840924282E-02,  3.6882958047696524E-01,  1.6826817716975029E-15,  1.4994312757567185E-15,  0.0000000000000000E+00,  1.0813000000000017E-02,3,4777,32,4777,4809,0,1,  2.6709177687559499E-01,  2.4909177687559501E+00,  4.2299999999999999E-01,  4.2299999999999999E-01,  0.0000000000000000E+00,  0.0000000000000000E+00
2,2,1,1,0,1,legacy-reference-bound,4096,4096,5401, -3.8264364031799508E-01, -1.3814059840924689E-02,  3.6882958047696524E-01, -1.0515720239023807E-13,  1.7770175250991088E-15,  0.0000000000000000E+00,  2.1374000000000004E-02,3,9433,64,9433,9497,0,1,  2.6709177687559499E-01,  2.4909177687559501E+00,  4.2299999999999999E-01,  4.2299999999999999E-01,  0.0000000000000000E+00,  0.0000000000000000E+00
2,2,2,1,0,1,legacy-reference-bound,1,1,5, -4.5058613767875921E-01, -4.3135658157335610E-01,  1.9229556105403001E-02, -1.1102230246251565E-16,  0.0000000000000000E+00, -4.5058613767875921E-01,  2.2999999999995246E-05,1,6,0,6,6,0,0,  1.1941568866837957E-01,  1.7513976048868227E-01,  4.2299999999999999E-01,  4.2299999999999999E-01, -1.0000000000000000E+00, -1.0000000000000000E+00
2,2,2,1,0,1,legacy-reference-bound,2,2,9, -4.5058613767875921E-01, -4.3135658157335610E-01,  1.9229556105403001E-02, -1.1102230246251565E-16,  2.7755575615628914E-17, -2.3490784689208119E-01,  2.2999999999995246E-05,1,11,0,11,11,0,0,  1.7918808808981976E-01,  1.6118808808981977E+00,  4.2299999999999999E-01,  4.2299999999999999E-01,  0.0000000000000000E+00,  1.4924651922298182E+00
2,2,2,1,0,1,legacy-reference-bound,4,4,13, -4.5058613767875932E-01, -4.3135658157335610E-01,  1.9229556105403001E-02, -2.2204460492503131E-16,  0.0000000000000000E+00, -1.2706482386075943E-01,  3.5000000000007248E-05,1,17,0,17,17,0,0,  1.7918808808981976E-01,  1.6118808808981977E+00,  4.2299999999999999E-01,  4.2299999999999999E-01,  0.0000000000000000E+00,  5.5511151231257827E-17
2,2,2,1,0,1,legacy-reference-bound,8,8,17, -4.5058613767875932E-01, -4.3135658157335616E-01,  1.9229556105403001E-02, -1.6653345369377348E-16,  0.0000000000000000E+00, -7.3090373952929846E-02,  5.3000000000025249E-05,1,25,0,25,25,0,0,  1.7918808808981976E-01,  1.6118808808981977E+00,  4.2299999999999999E-01,  4.2299999999999999E-01,  0.0000000000000000E+00,  0.0000000000000000E+00
2,2,2,1,0,1,legacy-reference-bound,16,16,26, -4.5058613767875916E-01, -4.3135658157335599E-01,  1.9229556105403001E-02, -1.6653345369377348E-16,  1.3877787807814457E-17, -4.5932676669835977E-02,  9.0000000000034497E-05,1,42,0,42,42,0,0,  1.7918808808981976E-01,  1.6118808808981977E+00,  4.2299999999999999E-01,  4.2299999999999999E-01,  0.0000000000000000E+00,  5.5511151231257827E-17
2,2,2,1,0,1,legacy-reference-bound,32,32,42, -4.5058613767875899E-01, -4.3135658157335588E-01,  1.9229556105403001E-02, -1.1102230246251565E-16,  5.8980598183211441E-17, -3.1901297016015163E-02,  1.6199999999999548E-04,1,74,0,74,74,0,0,  1.7918808808981976E-01,  1.6118808808981977E+00,  4.2299999999999999E-01,  4.2299999999999999E-01,  0.0000000000000000E+00,  0.0000000000000000E+00
2,2,2,1,0,1,legacy-reference-bound,64,64,82, -4.5058613767875982E-01, -4.3135658157335655E-01,  1.9229556105403001E-02, -2.7755575615628914E-16,  2.2551405187698492E-17, -2.3864504423703914E-02,  3.4499999999998421E-04,1,146,0,146,146,0,0,  1.7918808808981976E-01,  1.6118808808981977E+00,  4.2299999999999999E-01,  4.2299999999999999E-01,  0.0000000000000000E+00,  0.0000000000000000E+00
2,2,2,1,0,1,legacy-reference-bound,128,128,148, -4.5058613767875988E-01, -4.3135658157335555E-01,  1.9229556105403001E-02, -1.3322676295501878E-15,  1.2047654540658925E-15, -1.8143549934243941E-02,  6.4000000000002943E-04,1,276,0,276,276,0,0,  1.7918808808981976E-01,  1.6118808808981977E+00,  4.2299999999999999E-01,  4.2299999999999999E-01,  0.0000000000000000E+00,  5.5511151231257827E-17
2,2,2,1,0,1,legacy-reference-bound,256,256,286, -4.5058613767875899E-01, -4.3135658157335477E-01,  1.9229556105403001E-02, -1.2212453270876722E-15,  1.0343288725511712E-15, -1.3395328314142129E-02,  1.2240000000000029E-03,1,542,0,542,542,0,0,  1.7918808808981976E-01,  1.6118808808981977E+00,  4.2299999999999999E-01,  4.2299999999999999E-01,  0.0000000000000000E+00,  1.1102230246251565E-16
2,2,2,1,0,1,legacy-reference-bound,512,512,563, -4.5058613767876432E-01, -4.3135658157336038E-01,  1.9229556105403001E-02, -9.4368957093138306E-16,  3.6450877038962659E-16, -9.6181884327806756E-03,  2.4540000000000117E-03,1,1075,0,1075,1075,0,0,  1.7918808808981976E-01,  1.6118808808981977E+00,  4.2299999999999999E-01,  4.2299999999999999E-01,  0.0000000000000000E+00,  1.1102230246251565E-16
2,2,2,1,0,1,legacy-reference-bound,1024,1024,1105, -4.5058613767876904E-01, -4.3135658157336426E-01,  1.9229556105403001E-02, -1.7763568394002505E-15,  2.7506209115957247E-16, -6.8853935656346009E-03,  4.8469999999999902E-03,1,2129,0,2129,2129,0,0,  1.7918808808981976E-01,  1.6118808808981977E+00,  4.2299999999999999E-01,  4.2299999999999999E-01,  0.0000000000000000E+00,  1.1102230246251565E-16
2,2,2,1,0,1,legacy-reference-bound,2048,2048,2177, -4.5058613767877082E-01, -4.3135658157336620E-01,  1.9229556105403001E-02, -1.6098233857064770E-15,  1.7222551509932238E-16, -4.9594144612773996E-03,  9.6089999999999787E-03,1,4225,0,4225,4225,0,0,  1.7918808808981976E-01,  1.6118808808981977E+00,  4.2299999999999999E-01,  4.2299999999999999E-01,  0.0000000000000000E+00,  1.1102230246251565E-16
2,2,2,1,0,1,legacy-reference-bound,4096,4096,4334, -4.5058613767871919E-01, -4.3135658157331941E-01,  1.9229556105403001E-02,  3.2196467714129540E-15,  1.9756874088117105E-16, -3.5280921897805819E-03,  1.9218000000000013E-02,1,8430,0,8430,8430,0,0,  1.7918808808981976E-01,  1.6118808808981977E+00,  4.2299999999999999E-01,  4.2299999999999999E-01,  0.0000000000000000E+00,  5.5511151231257827E-17
2,2,2,1,0,1,legacy-reference-bound,1,1,5, -4.7058613767875923E-01, -4.3135658157335610E-01,  3.9229556105403018E-02, -1.1102230246251565E-16,  0.0000000000000000E+00, -4.7058613767875923E-01,  2.0000000000020002E-05,2,6,0,6,6,0,0,  1.1941568866837957E-01,  1.7513976048868227E-01,  4.2299999999999999E-01,  4.2299999999999999E-01, -1.0000000000000000E+00, -1.0000000000000000E+00
2,2,2,1,0,1,legacy-reference-bound,2,2,9, -4.7058613767875923E-01, -4.3135658157335610E-01,  3.9229556105403018E-02, -1.1102230246251565E-16,  2.7755575615628914E-17, -2.5490784689208118E-01,  2.1999999999966491E-05,2,11,0,11,11,0,0,  1.7918808808981976E-01,  1.6118808808981977E+00,  4.2299999999999999E-01,  4.2299999999999999E-01,  0.0000000000000000E+00,  1.4924651922298182E+00
2,2,2,1,0,1,legacy-reference-bound,4,4,13, -4.7058613767875934E-01, -4.3135658157335610E-01,  3.9229556105403018E-02, -2.2204460492503131E-16,  0.0000000000000000E+00, -1.4706482386075942E-01,  3.5000000000007248E-05,2,17,0,17,17,0,0,  1.7918808808981976E-01,  1.6118808808981977E+00,  4.2299999999999999E-01,  4.2299999999999999E-01,  0.0000000000000000E+00,  5.5511151231257827E-17
2,2,2,1,0,1,legacy-reference-bound,8,8,17, -4.7058613767875934E-01, -4.3135658157335616E-01,  3.9229556105403018E-02, -1.6653345369377348E-16,  0.0000000000000000E+00, -9.3090373952929850E-02,  6.8999999999985739E-05,2,25,0,25,25,0,0,  1.7918808808981976E-01,  1.6118808808981977E+00,  4.2299999999999999E-01,  4.2299999999999999E-01,  0.0000000000000000E+00,  0.0000000000000000E+00
2,2,2,1,0,1,legacy-reference-bound,16,16,26, -4.7058613767875912E-01, -4.3135658157335599E-01,  3.9229556105403018E-02, -1.1102230246251565E-16,  1.3877787807814457E-17, -6.5932676669835974E-02,  8.9999999999978986E-05,2,42,0,42,42,0,0,  1.7918808808981976E-01,  1.6118808808981977E+00,  4.2299999999999999E-01,  4.2299999999999999E-01,  0.0000000000000000E+00,  5.5511151231257827E-17
2,2,2,1,0,1,legacy-reference-bound,32,32,42, -4.7058613767875895E-01, -4.3135658157335588E-01,  3.9229556105403018E-02, -5.5511151231257827E-17,  5.8980598183211441E-17, -5.1901297016015160E-02,  1.6399999999999748E-04,2,74,0,74,74,0,0,  1.7918808808981976E-01,  1.6118808808981977E+00,  4.2299999999999999E-01,  4.2299999999999999E-01,  0.0000000000000000E+00,  0.0000000000000000E+00
2,2,2,1,0,1,legacy-reference-bound,64,64,82, -4.7058613767875990E-01, -4.3135658157335655E-01,  3.9229556105403018E-02, -3.3306690738754696E-16,  2.2551405187698492E-17, -4.3864504423703918E-02,  3.2300000000001772E-04,2,146,0,146,146,0,0,  1.7918808808981976E-01,  1.6118808808981977E+00,  4.2299999999999999E-01,  4.2299999999999999E-01,  0.0000000000000000E+00,  0.0000000000000000E+00
2,2,2,1,0,1,legacy-reference-bound,128,128,148, -4.7058613767875979E-01, -4.3135658157335555E-01,  3.9229556105403018E-02, -1.2212453270876722E-15,  1.2047654540658925E-15, -3.8143549934243945E-02,  6.2600000000001543E-04,2,276,0,276,276,0,0,  1.7918808808981976E-01,  1.6118808808981977E+00,  4.2299999999999999E-01,  4.2299999999999999E-01,  0.0000000000000000E+00,  5.5511151231257827E-17
2,2,2,1,0,1,legacy-reference-bound,256,256,286, -4.7058613767875890E-01, -4.3135658157335477E-01,  3.9229556105403018E-02, -1.1102230246251565E-15,  1.0343288725511712E-15, -3.3395328314142131E-02,  1.3420000000000099E-03,2,542,0,542,542,0,0,  1.7918808808981976E-01,  1.6118808808981977E+00,  4.2299999999999999E-01,  4.2299999999999999E-01,  0.0000000000000000E+00,  1.1102230246251565E-16
2,2,2,1,0,1,legacy-reference-bound,512,512,563, -4.7058613767876484E-01, -4.3135658157336038E-01,  3.9229556105403018E-02, -1.4432899320127035E-15,  3.6450877038962659E-16, -2.9618188432780676E-02,  2.4799999999999822E-03,2,1075,0,1075,1075,0,0,  1.7918808808981976E-01,  1.6118808808981977E+00,  4.2299999999999999E-01,  4.2299999999999999E-01,  0.0000000000000000E+00,  1.1102230246251565E-16
2,2,2,1,0,1,legacy-reference-bound,1024,1024,1105, -4.7058613767876961E-01, -4.3135658157336426E-01,  3.9229556105403018E-02, -2.3314683517128287E-15,  2.7506209115957247E-16, -2.6885393565634602E-02,  4.8990000000000422E-03,2,2129,0,2129,2129,0,0,  1.7918808808981976E-01,  1.6118808808981977E+00,  4.2299999999999999E-01,  4.2299999999999999E-01,  0.0000000000000000E+00,  1.1102230246251565E-16
2,2,2,1,0,1,legacy-reference-bound,2048,2048,2177, -4.7058613767877150E-01, -4.3135658157336620E-01,  3.9229556105403018E-02, -2.2759572004815709E-15,  1.7222551509932238E-16, -2.4959414461277401E-02,  9.6340000000000314E-03,2,4225,0,4225,4225,0,0,  1.7918808808981976E-01,  1.6118808808981977E+00,  4.2299999999999999E-01,  4.2299999999999999E-01,  0.0000000000000000E+00,  1.1102230246251565E-16
2,2,2,1,0,1,legacy-reference-bound,4096,4096,4334, -4.7058613767871427E-01, -4.3135658157331941E-01,  3.9229556105403018E-02,  8.1601392309949006E-15,  1.9756874088117105E-16, -2.3528092189780581E-02,  1.9515999999999978E-02,2,8430,0,8430,8430,0,0,  1.7918808808981976E-01,  1.6118808808981977E+00,  4.2299999999999999E-01,  4.2299999999999999E-01,  0.0000000000000000E+00,  5.5511151231257827E-17
2,2,2,1,0,1,legacy-reference-bound,1,1,5, -4.7058613767875923E-01, -4.3135658157335610E-01,  3.9229556105403018E-02, -1.1102230246251565E-16,  0.0000000000000000E+00, -4.7058613767875923E-01,  2.4000000000024002E-05,3,6,0,6,6,0,0,  1.1941568866837957E-01,  1.7513976048868227E-01,  4.2299999999999999E-01,  4.2299999999999999E-01, -1.0000000000000000E+00, -1.0000000000000000E+00
2,2,2,1,0,1,legacy-reference-bound,2,2,9, -4.7058613767875923E-01, -4.3135658157335610E-01,  3.9229556105403018E-02, -1.1102230246251565E-16,  2.7755575615628914E-17, -2.5490784689208118E-01,  2.4000000000024002E-05,3,11,0,11,11,0,0,  1.7918808808981976E-01,  1.6118808808981977E+00,  4.2299999999999999E-01,  4.2299999999999999E-01,  0.0000000000000000E+00,  1.4924651922298182E+00
2,2,2,1,0,1,legacy-reference-bound,4,4,13, -4.7058613767875934E-01, -4.3135658157335610E-01,  3.9229556105403018E-02, -2.2204460492503131E-16,  0.0000000000000000E+00, -1.4706482386075942E-01,  3.7000000000009248E-05,3,17,0,17,17,0,0,  1.7918808808981976E-01,  1.6118808808981977E+00,  4.2299999999999999E-01,  4.2299999999999999E-01,  0.0000000000000000E+00,  5.5511151231257827E-17
2,2,2,1,0,1,legacy-reference-bound,8,8,17, -4.7058613767875934E-01, -4.3135658157335616E-01,  3.9229556105403018E-02, -1.6653345369377348E-16,  0.0000000000000000E+00, -9.3090373952929850E-02,  6.8999999999985739E-05,3,25,0,25,25,0,0,  1.7918808808981976E-01,  1.6118808808981977E+00,  4.2299999999999999E-01,  4.2299999999999999E-01,  0.0000000000000000E+00,  0.0000000000000000E+00
2,2,2,1,0,1,legacy-reference-bound,16,16,26, -4.7058613767875912E-01, -4.3135658157335599E-01,  3.9229556105403018E-02, -1.1102230246251565E-16,  1.3877787807814457E-17, -6.5932676669835974E-02,  9.1000000000007741E-05,3,42,0,42,42,0,0,  1.7918808808981976E-01,  1.6118808808981977E+00,  4.2299999999999999E-01,  4.2299999999999999E-01,  0.0000000000000000E+00,  5.5511151231257827E-17
2,2,2,1,0,1,legacy-reference-bound,32,32,42, -4.7058613767875895E-01, -4.3135658157335588E-01,  3.9229556105403018E-02, -5.5511151231257827E-17,  5.8980598183211441E-17, -5.1901297016015160E-02,  1.6399999999999748E-04,3,74,0,74,74,0,0,  1.7918808808981976E-01,  1.6118808808981977E+00,  4.2299999999999999E-01,  4.2299999999999999E-01,  0.0000000000000000E+00,  0.0000000000000000E+00
2,2,2,1,0,1,legacy-reference-bound,64,64,82, -4.7058613767875990E-01, -4.3135658157335655E-01,  3.9229556105403018E-02, -3.3306690738754696E-16,  2.2551405187698492E-17, -4.3864504423703918E-02,  3.4400000000001096E-04,3,146,0,146,146,0,0,  1.7918808808981976E-01,  1.6118808808981977E+00,  4.2299999999999999E-01,  4.2299999999999999E-01,  0.0000000000000000E+00,  0.0000000000000000E+00
2,2,2,1,0,1,legacy-reference-bound,128,128,148, -4.7058613767875979E-01, -4.3135658157335555E-01,  3.9229556105403018E-02, -1.2212453270876722E-15,  1.2047654540658925E-15, -3.8143549934243945E-02,  6.3000000000001943E-04,3,276,0,276,276,0,0,  1.7918808808981976E-01,  1.6118808808981977E+00,  4.2299999999999999E-01,  4.2299999999999999E-01,  0.0000000000000000E+00,  5.5511151231257827E-17
2,2,2,1,0,1,legacy-reference-bound,256,256,291, -4.7058613767875873E-01, -4.3135658157335477E-01,  3.9229556105403018E-02, -9.4368957093138306E-16,  1.1141261524461044E-15,  0.0000000000000000E+00,  1.2619999999999854E-03,3,542,5,542,547,0,1,  1.7918808808981976E-01,  1.6118808808981977E+00,  4.2299999999999999E-01,  4.2299999999999999E-01,  0.0000000000000000E+00,  0.0000000000000000E+00
2,2,2,1,0,1,legacy-reference-bound,512,512,570, -4.7058613767876550E-01, -4.3135658157336038E-01,  3.9229556105403018E-02, -2.1094237467877974E-15,  5.6573669360293621E-16,  0.0000000000000000E+00,  2.4629999999999930E-03,3,1072,10,1072,1082,0,1,  1.7918808808981976E-01,  1.6118808808981977E+00,  4.2299999999999999E-01,  4.2299999999999999E-01,  0.0000000000000000E+00,  1.1102230246251565E-16
2,2,2,1,0,1,legacy-reference-bound,1024,1024,1117, -4.7058613767876972E-01, -4.3135658157336426E-01,  3.9229556105403018E-02, -2.4424906541753444E-15,  5.2052546301029068E-16,  0.0000000000000000E+00,  4.8709999999999587E-03,3,2121,20,2121,2141,0,1,  1.7918808808981976E-01,  1.6118808808981977E+00,  4.2299999999999999E-01,  4.2299999999999999E-01,  0.0000000000000000E+00,  1.1102230246251565E-16
2,2,2,1,0,1,legacy-reference-bound,2048,2048,2213, -4.7058613767877128E-01, -4.3135658157336620E-01,  3.9229556105403018E-02, -2.0539125955565396E-15,  2.4313233717987437E-16,  0.0000000000000000E+00,  9.7320000000000184E-03,3,4221,40,4221,4261,0,1,  1.7918808808981976E-01,  1.6118808808981977E+00,  4.2299999999999999E-01,  4.2299999999999999E-01,  0.0000000000000000E+00,  1.1102230246251565E-16
2,2,2,1,0,1,legacy-reference-bound,4096,4096,4391, -4.7058613767871416E-01, -4.3135658157331941E-01,  3.9229556105403018E-02,  8.2711615334574162E-15,  2.0971180521300870E-16,  0.0000000000000000E+00,  1.9334999999999991E-02,3,8407,80,8407,8487,0,1,  1.7918808808981976E-01,  1.6118808808981977E+00,  4.2299999999999999E-01,  4.2299999999999999E-01,  0.0000000000000000E+00,  0.0000000000000000E+00
2,2,3,1,0,1,legacy-reference-bound,1,1,1, -1.1875000000000000E+00, -1.1875000000000000E+00,  0.0000000000000000E+00,  0.0000000000000000E+00,  0.0000000000000000E+00, -1.1875000000000000E+00,  1.2000000000012001E-05,1,2,0,2,2,0,0,  2.0000000000000000E-02,  2.0000000000000000E-02,  4.2299999999999999E-01,  4.2299999999999999E-01, -1.0000000000000000E+00, -1.0000000000000000E+00
2,2,3,1,0,1,legacy-reference-bound,2,2,2, -1.1875000000000000E+00, -1.1875000000000000E+00,  0.0000000000000000E+00,  0.0000000000000000E+00,  0.0000000000000000E+00, -5.9375000000000000E-01,  1.2000000000012001E-05,1,4,0,4,4,0,0,  2.0000000000000000E-02,  2.0000000000000000E-02,  4.2299999999999999E-01,  4.2299999999999999E-01,  0.0000000000000000E+00,  0.0000000000000000E+00
2,2,3,1,0,1,legacy-reference-bound,4,4,4, -1.1875000000000000E+00, -1.1875000000000000E+00,  0.0000000000000000E+00,  0.0000000000000000E+00,  0.0000000000000000E+00, -2.9687500000000000E-01,  2.0000000000020002E-05,1,8,0,8,8,0,0,  2.0000000000000000E-02,  2.0000000000000000E-02,  4.2299999999999999E-01,  4.2299999999999999E-01,  0.0000000000000000E+00,  0.0000000000000000E+00
2,2,3,1,0,1,legacy-reference-bound,8,8,8, -1.1875000000000000E+00, -1.1875000000000000E+00,  0.0000000000000000E+00,  0.0000000000000000E+00,  0.0000000000000000E+00, -1.4843750000000000E-01,  3.7999999999982492E-05,1,16,0,16,16,0,0,  2.0000000000000000E-02,  2.0000000000000000E-02,  4.2299999999999999E-01,  4.2299999999999999E-01,  0.0000000000000000E+00,  0.0000000000000000E+00
2,2,3,1,0,1,legacy-reference-bound,16,16,16, -1.1875000000000000E+00, -1.1875000000000000E+00,  0.0000000000000000E+00,  0.0000000000000000E+00,  0.0000000000000000E+00, -7.4218750000000000E-02,  7.4000000000018495E-05,1,32,0,32,32,0,0,  2.0000000000000000E-02,  2.0000000000000000E-02,  4.2299999999999999E-01,  4.2299999999999999E-01,  0.0000000000000000E+00,  0.0000000000000000E+00
2,2,3,1,0,1,legacy-reference-bound,32,32,32, -1.1875000000000000E+00, -1.1875000000000000E+00,  0.0000000000000000E+00,  0.0000000000000000E+00,  0.0000000000000000E+00, -3.7109375000000000E-02,  1.4400000000003299E-04,1,64,0,64,64,0,0,  2.0000000000000000E-02,  2.0000000000000000E-02,  4.2299999999999999E-01,  4.2299999999999999E-01,  0.0000000000000000E+00,  0.0000000000000000E+00
2,2,3,1,0,1,legacy-reference-bound,64,64,64, -1.1875000000000000E+00, -1.1875000000000000E+00,  0.0000000000000000E+00,  0.0000000000000000E+00,  0.0000000000000000E+00, -1.8554687500000000E-02,  3.0200000000002447E-04,1,128,0,128,128,0,0,  2.0000000000000000E-02,  2.0000000000000000E-02,  4.2299999999999999E-01,  4.2299999999999999E-01,  0.0000000000000000E+00,  0.0000000000000000E+00
2,2,3,1,0,1,legacy-reference-bound,128,128,128, -1.1875000000000000E+00, -1.1875000000000000E+00,  0.0000000000000000E+00,  0.0000000000000000E+00,  0.0000000000000000E+00, -9.2773437500000000E-03,  5.7400000000001894E-04,1,256,0,256,256,0,0,  2.0000000000000000E-02,  2.0000000000000000E-02,  4.2299999999999999E-01,  4.2299999999999999E-01,  0.0000000000000000E+00,  0.0000000000000000E+00
2,2,3,1,0,1,legacy-reference-bound,256,256,256, -1.1875000000000000E+00, -1.1875000000000000E+00,  0.0000000000000000E+00,  0.0000000000000000E+00,  0.0000000000000000E+00, -4.6386718750000000E-03,  1.1550000000000171E-03,1,512,0,512,512,0,0,  2.0000000000000000E-02,  2.0000000000000000E-02,  4.2299999999999999E-01,  4.2299999999999999E-01,  0.0000000000000000E+00,  0.0000000000000000E+00
2,2,3,1,0,1,legacy-reference-bound,512,512,512, -1.1875000000000000E+00, -1.1875000000000000E+00,  0.0000000000000000E+00,  0.0000000000000000E+00,  0.0000000000000000E+00, -2.3193359375000000E-03,  2.3460000000000147E-03,1,1024,0,1024,1024,0,0,  2.0000000000000000E-02,  2.0000000000000000E-02,  4.2299999999999999E-01,  4.2299999999999999E-01,  0.0000000000000000E+00,  0.0000000000000000E+00
2,2,3,1,0,1,legacy-reference-bound,1024,1024,1024, -1.1875000000000000E+00, -1.1875000000000000E+00,  0.0000000000000000E+00,  0.0000000000000000E+00,  0.0000000000000000E+00, -1.1596679687500000E-03,  4.6530000000000182E-03,1,2048,0,2048,2048,0,0,  2.0000000000000000E-02,  2.0000000000000000E-02,  4.2299999999999999E-01,  4.2299999999999999E-01,  0.0000000000000000E+00,  0.0000000000000000E+00
2,2,3,1,0,1,legacy-reference-bound,2048,2048,2048, -1.1875000000000000E+00, -1.1875000000000000E+00,  0.0000000000000000E+00,  0.0000000000000000E+00,  0.0000000000000000E+00, -5.7983398437500000E-04,  9.4130000000000047E-03,1,4096,0,4096,4096,0,0,  2.0000000000000000E-02,  2.0000000000000000E-02,  4.2299999999999999E-01,  4.2299999999999999E-01,  0.0000000000000000E+00,  0.0000000000000000E+00
2,2,3,1,0,1,legacy-reference-bound,4096,4096,4096, -1.1875000000000000E+00, -1.1875000000000000E+00,  0.0000000000000000E+00,  0.0000000000000000E+00,  0.0000000000000000E+00, -2.8991699218750000E-04,  1.8959000000000004E-02,1,8192,0,8192,8192,0,0,  2.0000000000000000E-02,  2.0000000000000000E-02,  4.2299999999999999E-01,  4.2299999999999999E-01,  0.0000000000000000E+00,  0.0000000000000000E+00
2,2,3,1,0,1,legacy-reference-bound,1,1,1, -1.2075000000000000E+00, -1.1875000000000000E+00,  2.0000000000000018E-02,  0.0000000000000000E+00,  0.0000000000000000E+00, -1.2075000000000000E+00,  1.2999999999985246E-05,2,2,0,2,2,0,0,  2.0000000000000000E-02,  2.0000000000000000E-02,  4.2299999999999999E-01,  4.2299999999999999E-01, -1.0000000000000000E+00, -1.0000000000000000E+00
2,2,3,1,0,1,legacy-reference-bound,2,2,2, -1.2075000000000000E+00, -1.1875000000000000E+00,  2.0000000000000018E-02,  0.0000000000000000E+00,  0.0000000000000000E+00, -6.1375000000000002E-01,  1.1000000000038757E-05,2,4,0,4,4,0,0,  2.0000000000000000E-02,  2.0000000000000000E-02,  4.2299999999999999E-01,  4.2299999999999999E-01,  0.0000000000000000E+00,  0.0000000000000000E+00
2,2,3,1,0,1,legacy-reference-bound,4,4,4, -1.2075000000000000E+00, -1.1875000000000000E+00,  2.0000000000000018E-02,  0.0000000000000000E+00,  0.0000000000000000E+00, -3.1687500000000002E-01,  2.0000000000020002E-05,2,8,0,8,8,0,0,  2.0000000000000000E-02,  2.0000000000000000E-02,  4.2299999999999999E-01,  4.2299999999999999E-01,  0.0000000000000000E+00,  0.0000000000000000E+00
2,2,3,1,0,1,legacy-reference-bound,8,8,8, -1.2075000000000000E+00, -1.1875000000000000E+00,  2.0000000000000018E-02,  0.0000000000000000E+00,  0.0000000000000000E+00, -1.6843749999999999E-01,  3.7000000000009248E-05,2,16,0,16,16,0,0,  2.0000000000000000E-02,  2.0000000000000000E-02,  4.2299999999999999E-01,  4.2299999999999999E-01,  0.0000000000000000E+00,  0.0000000000000000E+00
2,2,3,1,0,1,legacy-reference-bound,16,16,16, -1.2075000000000000E+00, -1.1875000000000000E+00,  2.0000000000000018E-02,  0.0000000000000000E+00,  0.0000000000000000E+00, -9.4218750000000004E-02,  7.2999999999989740E-05,2,32,0,32,32,0,0,  2.0000000000000000E-02,  2.0000000000000000E-02,  4.2299999999999999E-01,  4.2299999999999999E-01,  0.0000000000000000E+00,  0.0000000000000000E+00
2,2,3,1,0,1,legacy-reference-bound,32,32,32, -1.2075000000000000E+00, -1.1875000000000000E+00,  2.0000000000000018E-02,  0.0000000000000000E+00,  0.0000000000000000E+00, -5.7109375000000004E-02,  1.4800000000003699E-04,2,64,0,64,64,0,0,  2.0000000000000000E-02,  2.0000000000000000E-02,  4.2299999999999999E-01,  4.2299999999999999E-01,  0.0000000000000000E+00,  0.0000000000000000E+00
2,2,3,1,0,1,legacy-reference-bound,64,64,64, -1.2075000000000000E+00, -1.1875000000000000E+00,  2.0000000000000018E-02,  0.0000000000000000E+00,  0.0000000000000000E+00, -3.8554687500000004E-02,  2.8800000000001047E-04,2,128,0,128,128,0,0,  2.0000000000000000E-02,  2.0000000000000000E-02,  4.2299999999999999E-01,  4.2299999999999999E-01,  0.0000000000000000E+00,  0.0000000000000000E+00
2,2,3,1,0,1,legacy-reference-bound,128,128,128, -1.2075000000000000E+00, -1.1875000000000000E+00,  2.0000000000000018E-02,  0.0000000000000000E+00,  0.0000000000000000E+00, -2.9277343750000000E-02,  6.7799999999995642E-04,2,256,0,256,256,0,0,  2.0000000000000000E-02,  2.0000000000000000E-02,  4.2299999999999999E-01,  4.2299999999999999E-01,  0.0000000000000000E+00,  0.0000000000000000E+00
2,2,3,1,0,1,legacy-reference-bound,256,256,256, -1.2075000000000000E+00, -1.1875000000000000E+00,  2.0000000000000018E-02,  0.0000000000000000E+00,  0.0000000000000000E+00, -2.4638671875000000E-02,  1.1749999999999816E-03,2,512,0,512,512,0,0,  2.0000000000000000E-02,  2.0000000000000000E-02,  4.2299999999999999E-01,  4.2299999999999999E-01,  0.0000000000000000E+00,  0.0000000000000000E+00
2,2,3,1,0,1,legacy-reference-bound,512,512,512, -1.2075000000000000E+00, -1.1875000000000000E+00,  2.0000000000000018E-02,  0.0000000000000000E+00,  0.0000000000000000E+00, -2.2319335937500000E-02,  2.3949999999999805E-03,2,1024,0,1024,1024,0,0,  2.0000000000000000E-02,  2.0000000000000000E-02,  4.2299999999999999E-01,  4.2299999999999999E-01,  0.0000000000000000E+00,  0.0000000000000000E+00
2,2,3,1,0,1,legacy-reference-bound,1024,1024,1024, -1.2075000000000000E+00, -1.1875000000000000E+00,  2.0000000000000018E-02,  0.0000000000000000E+00,  0.0000000000000000E+00, -2.1159667968750000E-02,  4.8129999999999562E-03,2,2048,0,2048,2048,0,0,  2.0000000000000000E-02,  2.0000000000000000E-02,  4.2299999999999999E-01,  4.2299999999999999E-01,  0.0000000000000000E+00,  0.0000000000000000E+00
2,2,3,1,0,1,legacy-reference-bound,2048,2048,2048, -1.2075000000000000E+00, -1.1875000000000000E+00,  2.0000000000000018E-02,  0.0000000000000000E+00,  0.0000000000000000E+00, -2.0579833984375000E-02,  9.4049999999999967E-03,2,4096,0,4096,4096,0,0,  2.0000000000000000E-02,  2.0000000000000000E-02,  4.2299999999999999E-01,  4.2299999999999999E-01,  0.0000000000000000E+00,  0.0000000000000000E+00
2,2,3,1,0,1,legacy-reference-bound,4096,4096,4096, -1.2075000000000000E+00, -1.1875000000000000E+00,  2.0000000000000018E-02,  0.0000000000000000E+00,  0.0000000000000000E+00, -2.0289916992187500E-02,  1.8870999999999971E-02,2,8192,0,8192,8192,0,0,  2.0000000000000000E-02,  2.0000000000000000E-02,  4.2299999999999999E-01,  4.2299999999999999E-01,  0.0000000000000000E+00,  0.0000000000000000E+00
2,2,3,1,0,1,legacy-reference-bound,1,1,1, -1.2075000000000000E+00, -1.1875000000000000E+00,  2.0000000000000018E-02,  0.0000000000000000E+00,  0.0000000000000000E+00, -1.2075000000000000E+00,  1.3999999999958490E-05,3,2,0,2,2,0,0,  2.0000000000000000E-02,  2.0000000000000000E-02,  4.2299999999999999E-01,  4.2299999999999999E-01, -1.0000000000000000E+00, -1.0000000000000000E+00
2,2,3,1,0,1,legacy-reference-bound,2,2,2, -1.2075000000000000E+00, -1.1875000000000000E+00,  2.0000000000000018E-02,  0.0000000000000000E+00,  0.0000000000000000E+00, -6.1375000000000002E-01,  1.1999999999956490E-05,3,4,0,4,4,0,0,  2.0000000000000000E-02,  2.0000000000000000E-02,  4.2299999999999999E-01,  4.2299999999999999E-01,  0.0000000000000000E+00,  0.0000000000000000E+00
2,2,3,1,0,1,legacy-reference-bound,4,4,4, -1.2075000000000000E+00, -1.1875000000000000E+00,  2.0000000000000018E-02,  0.0000000000000000E+00,  0.0000000000000000E+00, -3.1687500000000002E-01,  1.9999999999964491E-05,3,8,0,8,8,0,0,  2.0000000000000000E-02,  2.0000000000000000E-02,  4.2299999999999999E-01,  4.2299999999999999E-01,  0.0000000000000000E+00,  0.0000000000000000E+00
2,2,3,1,0,1,legacy-reference-bound,8,8,8, -1.2075000000000000E+00, -1.1875000000000000E+00,  2.0000000000000018E-02,  0.0000000000000000E+00,  0.0000000000000000E+00, -1.6843749999999999E-01,  3.7000000000009248E-05,3,16,0,16,16,0,0,  2.0000000000000000E-02,  2.0000000000000000E-02,  4.2299999999999999E-01,  4.2299999999999999E-01,  0.0000000000000000E+00,  0.0000000000000000E+00
2,2,3,1,0,1,legacy-reference-bound,16,16,16, -1.2075000000000000E+00, -1.1875000000000000E+00,  2.0000000000000018E-02,  0.0000000000000000E+00,  0.0000000000000000E+00, -9.4218750000000004E-02,  7.4000000000018495E-05,3,32,0,32,32,0,0,  2.0000000000000000E-02,  2.0000000000000000E-02,  4.2299999999999999E-01,  4.2299999999999999E-01,  0.0000000000000000E+00,  0.0000000000000000E+00
2,2,3,1,0,1,legacy-reference-bound,32,32,32, -1.2075000000000000E+00, -1.1875000000000000E+00,  2.0000000000000018E-02,  0.0000000000000000E+00,  0.0000000000000000E+00, -5.7109375000000004E-02,  1.4399999999997748E-04,3,64,0,64,64,0,0,  2.0000000000000000E-02,  2.0000000000000000E-02,  4.2299999999999999E-01,  4.2299999999999999E-01,  0.0000000000000000E+00,  0.0000000000000000E+00
2,2,3,1,0,1,legacy-reference-bound,64,64,64, -1.2075000000000000E+00, -1.1875000000000000E+00,  2.0000000000000018E-02,  0.0000000000000000E+00,  0.0000000000000000E+00, -3.8554687500000004E-02,  3.0700000000000172E-04,3,128,0,128,128,0,0,  2.0000000000000000E-02,  2.0000000000000000E-02,  4.2299999999999999E-01,  4.2299999999999999E-01,  0.0000000000000000E+00,  0.0000000000000000E+00
2,2,3,1,0,1,legacy-reference-bound,128,128,128, -1.2075000000000000E+00, -1.1875000000000000E+00,  2.0000000000000018E-02,  0.0000000000000000E+00,  0.0000000000000000E+00, -2.9277343750000000E-02,  5.7399999999996343E-04,3,256,0,256,256,0,0,  2.0000000000000000E-02,  2.0000000000000000E-02,  4.2299999999999999E-01,  4.2299999999999999E-01,  0.0000000000000000E+00,  0.0000000000000000E+00
2,2,3,1,0,1,legacy-reference-bound,256,256,330, -1.2075000000000007E+00, -1.1875000000000000E+00,  2.0000000000000018E-02, -6.6613381477509392E-16,  8.4481033280070505E-16,  0.0000000000000000E+00,  1.4839999999999853E-03,3,728,8,728,736,0,1,  1.9999999999999823E-02,  1.9999999999999997E-02,  4.2299999999999999E-01,  4.2299999999999999E-01,  0.0000000000000000E+00,  1.7694179454963432E-16
2,2,3,1,0,1,legacy-reference-bound,512,512,599, -1.2075000000000002E+00, -1.1875000000000000E+00,  2.0000000000000018E-02, -2.2204460492503131E-16,  1.5742615544489524E-16,  0.0000000000000000E+00,  2.5439999999999907E-03,3,1097,14,1097,1111,0,1,  1.9999999999999882E-02,  1.9999999999999990E-02,  4.2299999999999999E-01,  4.2299999999999999E-01,  0.0000000000000000E+00,  5.8980598183211441E-17
2,2,3,1,0,1,legacy-reference-bound,1024,1024,1159, -1.2074999999999996E+00, -1.1875000000000000E+00,  2.0000000000000018E-02,  4.4408920985006262E-16,  1.1709383462843448E-16,  0.0000000000000000E+00,  4.9350000000000227E-03,3,2158,25,2158,2183,0,1,  1.9999999999999997E-02,  2.0000000000000011E-02,  4.2299999999999999E-01,  4.2299999999999999E-01,  0.0000000000000000E+00,  1.1796119636642288E-16
2,2,3,1,0,1,legacy-reference-bound,2048,2048,2255, -1.2075000000000005E+00, -1.1875000000000000E+00,  2.0000000000000018E-02, -4.4408920985006262E-16,  3.3165744456331581E-16,  0.0000000000000000E+00,  9.7530000000000117E-03,3,4256,47,4256,4303,0,1,  1.9999999999999903E-02,  1.9999999999999983E-02,  4.2299999999999999E-01,  4.2299999999999999E-01,  0.0000000000000000E+00,  9.7144514654701197E-17
2,2,3,1,0,1,legacy-reference-bound,4096,4096,4444, -1.2075000000000000E+00, -1.1875000000000000E+00,  2.0000000000000018E-02,  0.0000000000000000E+00,  3.1918911957973251E-16,  0.0000000000000000E+00,  1.9633999999999985E-02,3,8452,89,8452,8541,0,1,  1.9999999999999966E-02,  2.0000000000000004E-02,  4.2299999999999999E-01,  4.2299999999999999E-01,  0.0000000000000000E+00,  6.2450045135165055E-17
2,5,1,1,0,1,legacy-reference-bound,1,1,5, -7.6148974251086710E-01, -5.8630643955043515E-01,  1.7518330296043194E-01,  0.0000000000000000E+00,  0.0000000000000000E+00, -7.6148974251086710E-01,  2.3000000000106269E-05,1,6,0,6,6,0,0, -1.0227863400397626E+02,  1.0968636999771220E-01,  3.2203876234760742E-01,  4.2299999999999999E-01, -1.0000000000000000E+00, -1.0000000000000000E+00
2,5,1,1,0,1,legacy-reference-bound,2,2,17, -1.6104352410438958E+00, -1.3460894349927837E+00,  2.6434580605111213E-01,  0.0000000000000000E+00,  2.2204460492503131E-16, -4.4201962688347096E-01,  4.3000000000015248E-05,1,19,0,19,19,0,0, -7.1111372459334049E+01, -2.6106307642314391E-01,  3.4969712895099292E-01,  4.2296702016068854E-01,  8.9195482929991604E-02,  4.5012939130623927E+01
2,5,1,1,0,1,legacy-reference-bound,4,4,43, -5.0296363092632150E+00, -4.7727764402510244E+00,  2.5685986901219082E-01,  0.0000000000000000E+00,  2.2337687255458150E-13, -2.7836823927418569E-01,  9.8999999999960231E-05,1,47,0,47,47,0,0, -6.6053699064331397E+01, -2.4259778269721877E+00,  3.5476859167502328E-01,  4.2215859195861649E-01,  1.7628862486982144E-02,  8.8200109047411246E+00
2,5,1,1,0,1,legacy-reference-bound,8,8,101, -6.0055216233197370E+00, -5.7383448187398889E+00,  2.6717680457984816E-01,  0.0000000000000000E+00,  5.2929882699004338E-14, -1.9096270219721984E-01,  2.2699999999997722E-04,1,109,0,109,109,0,0, -6.2025330360421215E+01, -1.5326090886760397E+00,  3.5892668012332518E-01,  4.2256773013503723E-01,  1.0316935567657171E-02,  4.3940361321953674E+00
2,5,1,1,0,1,legacy-reference-bound,16,16,175, -6.6249841724174106E+00, -6.3573889044214615E+00,  2.6759526799594857E-01, -8.8817841970012523E-16,  3.1474822748123188E-14, -1.4076362312060109E-01,  3.9800000000000946E-04,1,191,0,191,191,0,0, -6.1757964173050567E+01, -1.5386990088041190E+00,  3.5920633475923236E-01,  4.2256523452710038E-01,  4.2095902403727070E-04,  2.6736618737064788E-01
2,5,1,1,0,1,legacy-reference-bound,32,32,261, -6.9686013560456104E+00, -6.7010066006385705E+00,  2.6759475540704147E-01,  1.7763568394002505E-15,  1.9040324872321435E-14, -1.0960320113357093E-01,  6.3699999999999868E-04,1,293,0,293,293,0,0, -6.1758188337396149E+01, -1.5387284454010113E+00,  3.5920610010190812E-01,  4.2256522245341377E-01,  5.1258890693128834E-07,  2.2416434558181209E-04
2,5,1,1,0,1,legacy-reference-bound,64,64,265, -7.1637714512195680E+00, -6.8961766958125592E+00,  2.6759475540701505E-01,  6.2172489379008766E-15,  1.0047518372857667E-14, -8.9406409184021152E-02,  7.7400000000005242E-04,1,329,0,329,329,0,0, -6.1758188337448253E+01, -1.5387284453891237E+00,  3.5920610010185350E-01,  4.2256522245341865E-01,  8.2933659939499194E-14,  5.2104098813288147E-11
2,5,1,1,0,1,legacy-reference-bound,128,128,308, -7.2740559105168838E+00, -7.0064611551098812E+00,  2.6759475540701549E-01,  1.3322676295501878E-14,  3.2543412409324901E-15, -7.6207785989449231E-02,  1.0859999999999204E-03,1,436,0,436,436,0,0, -6.1758188337448132E+01, -1.5387284453891237E+00,  3.5920610010185372E-01,  4.2256522245341865E-01,  2.2204460492503131E-16,  1.2079226507921703E-13
2,5,1,1,0,1,legacy-reference-bound,256,256,427, -7.3328710248898048E+00, -7.0652762694827906E+00,  2.6759475540701527E-01,  8.8817841970012523E-16,  1.5230872119076366E-15, -6.7423933911716985E-02,  1.8299999999999983E-03,1,683,0,683,683,0,0, -6.1758188337448196E+01, -1.5387284453891257E+00,  3.5920610010185361E-01,  4.2256522245341865E-01,  1.1102230246251565E-16,  6.3948846218409017E-14
2,5,1,1,0,1,legacy-reference-bound,512,512,880, -7.3637020949335232E+00, -7.0961073395265082E+00,  2.6759475540701527E-01,  0.0000000000000000E+00,  1.5361518480860870E-15, -6.0711651465942498E-02,  3.6700000000000621E-03,1,1392,0,1392,1392,0,0, -6.1758188337448196E+01, -1.5387284453891257E+00,  3.5920610010185361E-01,  4.2256522245341865E-01,  0.0000000000000000E+00,  0.0000000000000000E+00
2,5,1,1,0,1,legacy-reference-bound,1024,1024,1725, -7.3798469622750247E+00, -7.1122522068680096E+00,  2.6759475540701527E-01,  0.0000000000000000E+00,  5.6785410656448251E-15, -5.3390711667965836E-02,  7.6660000000000617E-03,1,2749,0,2749,2749,0,0, -6.1758188337448203E+01, -1.5387284453891259E+00,  3.5920610010185361E-01,  4.2256522245341865E-01,  0.0000000000000000E+00,  7.1054273576010019E-15
2,5,1,1,0,1,legacy-reference-bound,2048,2048,3335, -7.3883751887758145E+00, -7.1207804333688003E+00,  2.6759475540701527E-01,  8.8817841970012523E-16,  1.4795226133644535E-15, -4.3545520937592633E-02,  1.4812000000000047E-02,1,5383,0,5383,5383,0,0, -6.1758188337448217E+01, -1.5387284453891257E+00,  3.5920610010185361E-01,  4.2256522245341865E-01,  0.0000000000000000E+00,  1.4210854715202004E-14
2,5,1,1,0,1,legacy-reference-bound,4096,4096,6430, -7.3928568162629169E+00, -7.1252620608558352E+00,  2.6759475540701527E-01, -6.6613381477509392E-14,  1.8830503799858230E-15, -3.2145439490134410E-02,  2.8164999999999996E-02,1,10526,0,10526,10526,0,0, -6.1758188337448232E+01, -1.5387284453891259E+00,  3.5920610010185361E-01,  4.2256522245341865E-01,  0.0000000000000000E+00,  1.4210854715202004E-14
2,5,1,1,0,1,legacy-reference-bound,1,1,5, -7.8148974251086711E-01, -5.8630643955043515E-01,  1.9518330296043196E-01,  0.0000000000000000E+00,  0.0000000000000000E+00, -7.8148974251086711E-01,  2.4999999999941735E-05,2,6,0,6,6,0,0, -1.0227863400397626E+02,  1.0968636999771220E-01,  3.2203876234760742E-01,  4.2299999999999999E-01, -1.0000000000000000E+00, -1.0000000000000000E+00
2,5,1,1,0,1,legacy-reference-bound,2,2,17, -1.6304352410438958E+00, -1.3460894349927837E+00,  2.8434580605111215E-01,  0.0000000000000000E+00,  2.2204460492503131E-16, -4.6201962688347098E-01,  4.1999999999986493E-05,2,19,0,19,19,0,0, -7.1111372459334049E+01, -2.6106307642314391E-01,  3.4969712895099292E-01,  4.2296702016068854E-01,  8.9195482929991604E-02,  4.5012939130623927E+01
2,5,1,1,0,1,legacy-reference-bound,4,4,43, -5.0496363092632155E+00, -4.7727764402510244E+00,  2.7685986901219084E-01,  0.0000000000000000E+00,  2.2337687255458150E-13, -2.9836823927418571E-01,  1.0100000000001774E-04,2,47,0,47,47,0,0, -6.6053699064331397E+01, -2.4259778269721877E+00,  3.5476859167502328E-01,  4.2215859195861649E-01,  1.7628862486982144E-02,  8.8200109047411246E+00
2,5,1,1,0,1,legacy-reference-bound,8,8,101, -6.0255216233197366E+00, -5.7383448187398889E+00,  2.8717680457984818E-01,  8.8817841970012523E-16,  5.2929882699004338E-14, -2.1096270219721983E-01,  2.6700000000001722E-04,2,109,0,109,109,0,0, -6.2025330360421215E+01, -1.5326090886760397E+00,  3.5892668012332518E-01,  4.2256773013503723E-01,  1.0316935567657171E-02,  4.3940361321953674E+00
2,5,1,1,0,1,legacy-reference-bound,16,16,175, -6.6449841724174110E+00, -6.3573889044214615E+00,  2.8759526799594859E-01, -8.8817841970012523E-16,  3.1474822748123188E-14, -1.6076362312060108E-01,  4.0299999999993119E-04,2,191,0,191,191,0,0, -6.1757964173050567E+01, -1.5386990088041190E+00,  3.5920633475923236E-01,  4.2256523452710038E-01,  4.2095902403727070E-04,  2.6736618737064788E-01
2,5,1,1,0,1,legacy-reference-bound,32,32,261, -6.9886013560456099E+00, -6.7010066006385705E+00,  2.8759475540704149E-01,  1.7763568394002505E-15,  1.9040324872321435E-14, -1.2960320113357093E-01,  6.3900000000005619E-04,2,293,0,293,293,0,0, -6.1758188337396149E+01, -1.5387284454010113E+00,  3.5920610010190812E-01,  4.2256522245341377E-01,  5.1258890693128834E-07,  2.2416434558181209E-04
2,5,1,1,0,1,legacy-reference-bound,64,64,265, -7.1837714512195676E+00, -6.8961766958125592E+00,  2.8759475540701507E-01,  6.2172489379008766E-15,  1.0047518372857667E-14, -1.0940640918402116E-01,  7.5099999999994616E-04,2,329,0,329,329,0,0, -6.1758188337448253E+01, -1.5387284453891237E+00,  3.5920610010185350E-01,  4.2256522245341865E-01,  8.2933659939499194E-14,  5.2104098813288147E-11
2,5,1,1,0,1,legacy-reference-bound,128,128,308, -7.2940559105168834E+00, -7.0064611551098812E+00,  2.8759475540701551E-01,  1.3322676295501878E-14,  3.2543412409324901E-15, -9.6207785989449235E-02,  1.1109999999999731E-03,2,436,0,436,436,0,0, -6.1758188337448132E+01, -1.5387284453891237E+00,  3.5920610010185372E-01,  4.2256522245341865E-01,  2.2204460492503131E-16,  1.2079226507921703E-13
2,5,1,1,0,1,legacy-reference-bound,256,256,427, -7.3528710248898053E+00, -7.0652762694827906E+00,  2.8759475540701529E-01,  8.8817841970012523E-16,  1.5230872119076366E-15, -8.7423933911716989E-02,  1.8019999999999703E-03,2,683,0,683,683,0,0, -6.1758188337448196E+01, -1.5387284453891257E+00,  3.5920610010185361E-01,  4.2256522245341865E-01,  1.1102230246251565E-16,  6.3948846218409017E-14
2,5,1,1,0,1,legacy-reference-bound,512,512,880, -7.3837020949335228E+00, -7.0961073395265082E+00,  2.8759475540701529E-01,  8.8817841970012523E-16,  1.5361518480860870E-15, -8.0711651465942502E-02,  3.6660000000000581E-03,2,1392,0,1392,1392,0,0, -6.1758188337448196E+01, -1.5387284453891257E+00,  3.5920610010185361E-01,  4.2256522245341865E-01,  0.0000000000000000E+00,  0.0000000000000000E+00
2,5,1,1,0,1,legacy-reference-bound,1024,1024,1725, -7.3998469622750251E+00, -7.1122522068680096E+00,  2.8759475540701529E-01,  0.0000000000000000E+00,  5.6785410656448251E-15, -7.3390711667965833E-02,  7.5380000000000447E-03,2,2749,0,2749,2749,0,0, -6.1758188337448203E+01, -1.5387284453891259E+00,  3.5920610010185361E-01,  4.2256522245341865E-01,  0.0000000000000000E+00,  7.1054273576010019E-15
2,5,1,1,0,1,legacy-reference-bound,2048,2048,3335, -7.4083751887758149E+00, -7.1207804333688003E+00,  2.8759475540701529E-01,  8.8817841970012523E-16,  1.4795226133644535E-15, -6.3545520937592637E-02,  1.4248999999999956E-02,2,5383,0,5383,5383,0,0, -6.1758188337448217E+01, -1.5387284453891257E+00,  3.5920610010185361E-01,  4.2256522245341865E-01,  0.0000000000000000E+00,  1.4210854715202004E-14
2,5,1,1,0,1,legacy-reference-bound,4096,4096,6430, -7.4128568162629218E+00, -7.1252620608558352E+00,  2.8759475540701529E-01, -7.1054273576010019E-14,  1.8830503799858230E-15, -5.2145439490134407E-02,  2.8369000000000089E-02,2,10526,0,10526,10526,0,0, -6.1758188337448232E+01, -1.5387284453891259E+00,  3.5920610010185361E-01,  4.2256522245341865E-01,  0.0000000000000000E+00,  1.4210854715202004E-14
2,5,1,1,0,1,legacy-reference-bound,1,1,5, -7.8148974251086711E-01, -5.8630643955043515E-01,  1.9518330296043196E-01,  0.0000000000000000E+00,  0.0000000000000000E+00, -7.8148974251086711E-01,  2.3999999999912980E-05,3,6,0,6,6,0,0, -1.0227863400397626E+02,  1.0968636999771220E-01,  3.2203876234760742E-01,  4.2299999999999999E-01, -1.0000000000000000E+00, -1.0000000000000000E+00
2,5,1,1,0,1,legacy-reference-bound,2,2,17, -1.6304352410438958E+00, -1.3460894349927837E+00,  2.8434580605111215E-01,  0.0000000000000000E+00,  2.2204460492503131E-16, -4.6201962688347098E-01,  4.3000000000015248E-05,3,19,0,19,19,0,0, -7.1111372459334049E+01, -2.6106307642314391E-01,  3.4969712895099292E-01,  4.2296702016068854E-01,  8.9195482929991604E-02,  4.5012939130623927E+01
2,5,1,1,0,1,legacy-reference-bound,4,4,43, -5.0496363092632155E+00, -4.7727764402510244E+00,  2.7685986901219084E-01,  0.0000000000000000E+00,  2.2337687255458150E-13, -2.9836823927418571E-01,  1.0100000000001774E-04,3,47,0,47,47,0,0, -6.6053699064331397E+01, -2.4259778269721877E+00,  3.5476859167502328E-01,  4.2215859195861649E-01,  1.7628862486982144E-02,  8.8200109047411246E+00
2,5,1,1,0,1,legacy-reference-bound,8,8,101, -6.0255216233197366E+00, -5.7383448187398889E+00,  2.8717680457984818E-01,  8.8817841970012523E-16,  5.2929882699004338E-14, -2.1096270219721983E-01,  2.4199999999996447E-04,3,109,0,109,109,0,0, -6.2025330360421215E+01, -1.5326090886760397E+00,  3.5892668012332518E-01,  4.2256773013503723E-01,  1.0316935567657171E-02,  4.3940361321953674E+00
2,5,1,1,0,1,legacy-reference-bound,16,16,175, -6.6449841724174110E+00, -6.3573889044214615E+00,  2.8759526799594859E-01, -8.8817841970012523E-16,  3.1474822748123188E-14, -1.6076362312060108E-01,  4.1400000000002546E-04,3,191,0,191,191,0,0, -6.1757964173050567E+01, -1.5386990088041190E+00,  3.5920633475923236E-01,  4.2256523452710038E-01,  4.2095902403727070E-04,  2.6736618737064788E-01
2,5,1,1,0,1,legacy-reference-bound,32,32,261, -6.9886013560456099E+00, -6.7010066006385705E+00,  2.8759475540704149E-01,  1.7763568394002505E-15,  1.9040324872321435E-14, -1.2960320113357093E-01,  6.3499999999994117E-04,3,293,0,293,293,0,0, -6.1758188337396149E+01, -1.5387284454010113E+00,  3.5920610010190812E-01,  4.2256522245341377E-01,  5.1258890693128834E-07,  2.2416434558181209E-04
2,5,1,1,0,1,legacy-reference-bound,64,64,265, -7.1837714512195676E+00, -6.8961766958125592E+00,  2.8759475540701507E-01,  6.2172489379008766E-15,  1.0047518372857667E-14, -1.0940640918402116E-01,  7.6500000000001567E-04,3,329,0,329,329,0,0, -6.1758188337448253E+01, -1.5387284453891237E+00,  3.5920610010185350E-01,  4.2256522245341865E-01,  8.2933659939499194E-14,  5.2104098813288147E-11
2,5,1,1,0,1,legacy-reference-bound,128,128,308, -7.2940559105168834E+00, -7.0064611551098812E+00,  2.8759475540701551E-01,  1.3322676295501878E-14,  3.2543412409324901E-15, -9.6207785989449235E-02,  1.0860000000000314E-03,3,436,0,436,436,0,0, -6.1758188337448132E+01, -1.5387284453891237E+00,  3.5920610010185372E-01,  4.2256522245341865E-01,  2.2204460492503131E-16,  1.2079226507921703E-13
2,5,1,1,0,1,legacy-reference-bound,256,256,429, -7.3246176610350666E+00, -7.0370229056280520E+00,  2.8759475540701529E-01,  8.8817841970012523E-16,  1.5508427875232655E-15,  0.0000000000000000E+00,  1.8089999999999495E-03,3,681,4,681,685,0,1, -6.1758188337448196E+01, -1.5387284453891257E+00,  3.5920610010185361E-01,  4.2256522245341865E-01,  1.1102230246251565E-16,  6.3948846218409017E-14
2,5,1,1,0,1,legacy-reference-bound,512,512,882, -7.3554503025698832E+00, -7.0678555471628686E+00,  2.8759475540701529E-01,  8.8817841970012523E-16,  8.1564156741587707E-15,  0.0000000000000000E+00,  3.7589999999999568E-03,3,1386,8,1386,1394,0,1, -6.1758188337448196E+01, -1.5387284453891259E+00,  3.5920610010185361E-01,  4.2256522245341865E-01,  0.0000000000000000E+00,  8.8817841970012523E-16
2,5,1,1,0,1,legacy-reference-bound,1024,1024,1733, -7.3715957351623640E+00, -7.0840009797553485E+00,  2.8759475540701529E-01,  0.0000000000000000E+00,  5.6703688917697156E-15,  0.0000000000000000E+00,  7.2369999999999379E-03,3,2741,16,2741,2757,0,1, -6.1758188337448203E+01, -1.5387284453891259E+00,  3.5920610010185361E-01,  4.2256522245341865E-01,  0.0000000000000000E+00,  7.1054273576010019E-15
2,5,1,1,0,1,legacy-reference-bound,2048,2048,3349, -7.3801241354535643E+00, -7.0925293800465488E+00,  2.8759475540701529E-01,  0.0000000000000000E+00,  1.5255444544876214E-15,  0.0000000000000000E+00,  1.4506000000000019E-02,3,5365,32,5365,5397,0,1, -6.1758188337448217E+01, -1.5387284453891257E+00,  3.5920610010185361E-01,  4.2256522245341865E-01,  0.0000000000000000E+00,  1.4210854715202004E-14
2,5,1,1,0,1,legacy-reference-bound,4096,4096,6463, -7.3846057945744565E+00, -7.0970110391673691E+00,  2.8759475540701529E-01, -7.1942451995710144E-14,  1.7751447352527296E-15,  0.0000000000000000E+00,  2.9055999999999971E-02,3,10495,64,10495,10559,0,1, -6.1758188337448232E+01, -1.5387284453891259E+00,  3.5920610010185361E-01,  4.2256522245341865E-01,  0.0000000000000000E+00,  1.4210854715202004E-14
2,5,2,1,0,1,legacy-reference-bound,1,1,12, -1.9807362959937218E+00, -1.9688379385831909E+00,  1.1898357410530913E-02,  0.0000000000000000E+00,  2.6134649999676185E-13, -1.9807362959937218E+00,  3.7999999999982492E-05,1,13,0,13,13,0,0, -8.2178533692453808E+00, -1.7441139152051049E-01,  4.1814140928619581E-01,  4.2298165957320344E-01, -1.0000000000000000E+00, -1.0000000000000000E+00
2,5,2,1,0,1,legacy-reference-bound,2,2,23, -2.3674801587183563E+00, -2.3543287768871890E+00,  1.3151381831167264E-02,  0.0000000000000000E+00,  2.2204460492503131E-16, -9.9429684853772293E-01,  5.6999999999973738E-05,1,25,0,25,25,0,0, -7.6376218297506240E+00, -3.6180046486706458E-01,  4.1862097646870478E-01,  4.2294698365845418E-01,  1.2877003353853889E-03,  1.0515350653924438E+00
2,5,2,1,0,1,legacy-reference-bound,4,4,42, -2.6279936373849830E+00, -2.6148829842786840E+00,  1.3110653106298997E-02,  0.0000000000000000E+00,  7.4495964952348004E-14, -5.0106844360477343E-01,  9.7000000000013742E-05,1,46,0,46,46,0,0, -7.6124997374179699E+00, -3.9438299285046891E-01,  4.1864143222704486E-01,  4.2293989901152251E-01,  8.1640241548386339E-05,  1.1990704294318588E-01
2,5,2,1,0,1,legacy-reference-bound,8,8,74, -2.7544620226598391E+00, -2.7413503984044576E+00,  1.3111624255381926E-02,  4.4408920985006262E-16,  3.7247982476174002E-14, -2.5443697439520868E-01,  1.9099999999994122E-04,1,82,0,82,82,0,0, -7.6132329523722646E+00, -3.9350783278989593E-01,  4.1864083557423770E-01,  4.2294009290127643E-01,  2.1644546973620393E-06,  2.6172159033834852E-03
2,5,2,1,0,1,legacy-reference-bound,16,16,102, -2.8177538845981398E+00, -2.8046422598409397E+00,  1.3111624757200513E-02,  4.4408920985006262E-16,  1.8762769116165146E-14, -1.3108709239033423E-01,  2.5700000000006273E-04,1,118,0,118,118,0,0, -7.6132333470552043E+00, -3.9350735105156093E-01,  4.1864083525305895E-01,  4.2294009300795055E-01,  1.1441759761865455E-09,  1.4091832385432213E-06
2,5,2,1,0,1,legacy-reference-bound,32,32,119, -2.8494259968401399E+00, -2.8363143720829398E+00,  1.3111624757200069E-02,  0.0000000000000000E+00,  9.4230179215060161E-15, -6.9345420076083256E-02,  3.6700000000000621E-04,1,151,0,151,151,0,0, -7.6132333470554192E+00, -3.9350735105143192E-01,  4.1864083525305873E-01,  4.2294009300795055E-01,  2.2204460492503131E-16,  2.6667557051496260E-13
2,5,2,1,0,1,legacy-reference-bound,64,64,149, -2.8653061893208451E+00, -2.8521945645636455E+00,  1.3111624757200069E-02,  4.4408920985006262E-16,  5.6343818499726694E-15, -3.8347426716208298E-02,  5.4100000000001369E-04,1,213,0,213,213,0,0, -7.6132333470554192E+00, -3.9350735105143175E-01,  4.1864083525305873E-01,  4.2294009300795055E-01,  0.0000000000000000E+00,  1.6653345369377348E-16
2,5,2,1,0,1,legacy-reference-bound,128,128,212, -2.8733121733951004E+00, -2.8602005486379003E+00,  1.3111624757200069E-02,  0.0000000000000000E+00,  2.3835100559921329E-15, -2.2618711120636341E-02,  8.9800000000006541E-04,1,340,0,340,340,0,0, -7.6132333470554192E+00, -3.9350735105143192E-01,  4.1864083525305873E-01,  4.2294009300795055E-01,  0.0000000000000000E+00,  1.6653345369377348E-16
2,5,2,1,0,1,legacy-reference-bound,256,256,337, -2.8773981435708431E+00, -2.8642865188136426E+00,  1.3111624757200069E-02, -4.4408920985006262E-16,  1.1293049828609014E-15, -1.4381201718673403E-02,  1.6100000000000003E-03,1,593,0,593,593,0,0, -7.6132333470554192E+00, -3.9350735105143192E-01,  4.1864083525305873E-01,  4.2294009300795055E-01,  0.0000000000000000E+00,  0.0000000000000000E+00
2,5,2,1,0,1,legacy-reference-bound,512,512,637, -2.8795264637794493E+00, -2.8664148390222493E+00,  1.3111624757200069E-02,  0.0000000000000000E+00,  7.8236028766554000E-16, -9.7564683317290166E-03,  3.1839999999999646E-03,1,1149,0,1149,1149,0,0, -7.6132333470554201E+00, -3.9350735105143175E-01,  4.1864083525305873E-01,  4.2294009300795055E-01,  0.0000000000000000E+00,  8.8817841970012523E-16
2,5,2,1,0,1,legacy-reference-bound,1024,1024,1230, -2.8806602717603824E+00, -2.8675486470031828E+00,  1.3111624757200069E-02,  4.4408920985006262E-16,  4.4322184811207421E-16, -6.8964489748742502E-03,  6.4250000000000140E-03,1,2254,0,2254,2254,0,0, -7.6132333470554201E+00, -3.9350735105143175E-01,  4.1864083525305873E-01,  4.2294009300795055E-01,  0.0000000000000000E+00,  2.2204460492503131E-16
2,5,2,1,0,1,legacy-reference-bound,2048,2048,2391, -2.8812709290718392E+00, -2.8681593043146383E+00,  1.3111624757200069E-02, -8.8817841970012523E-16,  2.6454533008646308E-16, -4.9598711058119202E-03,  1.2413000000000007E-02,1,4439,0,4439,4439,0,0, -7.6132333470554201E+00, -3.9350735105143175E-01,  4.1864083525305873E-01,  4.2294009300795055E-01,  0.0000000000000000E+00,  0.0000000000000000E+00
2,5,2,1,0,1,legacy-reference-bound,4096,4096,4684, -2.8815972437161399E+00, -2.8684856189589429E+00,  1.3111624757200069E-02,  3.1086244689504383E-15,  2.4188550468151604E-16, -3.5281013359896637E-03,  2.4529000000000023E-02,1,8780,0,8780,8780,0,0, -7.6132333470554210E+00, -3.9350735105143186E-01,  4.1864083525305873E-01,  4.2294009300795055E-01,  0.0000000000000000E+00,  8.8817841970012523E-16
2,5,2,1,0,1,legacy-reference-bound,1,1,12, -2.0007362959937218E+00, -1.9688379385831909E+00,  3.1898357410530931E-02,  0.0000000000000000E+00,  2.6134649999676185E-13, -2.0007362959937218E+00,  3.5000000000007248E-05,2,13,0,13,13,0,0, -8.2178533692453808E+00, -1.7441139152051049E-01,  4.1814140928619581E-01,  4.2298165957320344E-01, -1.0000000000000000E+00, -1.0000000000000000E+00
2,5,2,1,0,1,legacy-reference-bound,2,2,23, -2.3874801587183563E+00, -2.3543287768871890E+00,  3.3151381831167281E-02,  0.0000000000000000E+00,  2.2204460492503131E-16, -1.0142968485377228E+00,  5.3999999999998494E-05,2,25,0,25,25,0,0, -7.6376218297506240E+00, -3.6180046486706458E-01,  4.1862097646870478E-01,  4.2294698365845418E-01,  1.2877003353853889E-03,  1.0515350653924438E+00
2,5,2,1,0,1,legacy-reference-bound,4,4,42, -2.6479936373849831E+00, -2.6148829842786840E+00,  3.3110653106299015E-02,  0.0000000000000000E+00,  7.4495964952348004E-14, -5.2106844360477345E-01,  9.7000000000013742E-05,2,46,0,46,46,0,0, -7.6124997374179699E+00, -3.9438299285046891E-01,  4.1864143222704486E-01,  4.2293989901152251E-01,  8.1640241548386339E-05,  1.1990704294318588E-01
2,5,2,1,0,1,legacy-reference-bound,8,8,74, -2.7744620226598391E+00, -2.7413503984044576E+00,  3.3111624255381944E-02,  4.4408920985006262E-16,  3.7247982476174002E-14, -2.7443697439520870E-01,  1.7299999999997873E-04,2,82,0,82,82,0,0, -7.6132329523722646E+00, -3.9350783278989593E-01,  4.1864083557423770E-01,  4.2294009290127643E-01,  2.1644546973620393E-06,  2.6172159033834852E-03
2,5,2,1,0,1,legacy-reference-bound,16,16,102, -2.8377538845981403E+00, -2.8046422598409397E+00,  3.3111624757200531E-02,  0.0000000000000000E+00,  1.8762769116165146E-14, -1.5108709239033422E-01,  2.7300000000007874E-04,2,118,0,118,118,0,0, -7.6132333470552043E+00, -3.9350735105156093E-01,  4.1864083525305895E-01,  4.2294009300795055E-01,  1.1441759761865455E-09,  1.4091832385432213E-06
2,5,2,1,0,1,legacy-reference-bound,32,32,119, -2.8694259968401399E+00, -2.8363143720829398E+00,  3.3111624757200087E-02,  0.0000000000000000E+00,  9.4230179215060161E-15, -8.9345420076083260E-02,  3.4899999999993270E-04,2,151,0,151,151,0,0, -7.6132333470554192E+00, -3.9350735105143192E-01,  4.1864083525305873E-01,  4.2294009300795055E-01,  2.2204460492503131E-16,  2.6667557051496260E-13
2,5,2,1,0,1,legacy-reference-bound,64,64,149, -2.8853061893208451E+00, -2.8521945645636455E+00,  3.3111624757200087E-02,  4.4408920985006262E-16,  5.6343818499726694E-15, -5.8347426716208295E-02,  5.2699999999994418E-04,2,213,0,213,213,0,0, -7.6132333470554192E+00, -3.9350735105143175E-01,  4.1864083525305873E-01,  4.2294009300795055E-01,  0.0000000000000000E+00,  1.6653345369377348E-16
2,5,2,1,0,1,legacy-reference-bound,128,128,212, -2.8933121733950999E+00, -2.8602005486379003E+00,  3.3111624757200087E-02,  4.4408920985006262E-16,  2.3835100559921329E-15, -4.2618711120636338E-02,  9.0900000000004866E-04,2,340,0,340,340,0,0, -7.6132333470554192E+00, -3.9350735105143192E-01,  4.1864083525305873E-01,  4.2294009300795055E-01,  0.0000000000000000E+00,  1.6653345369377348E-16
2,5,2,1,0,1,legacy-reference-bound,256,256,337, -2.8973981435708431E+00, -2.8642865188136426E+00,  3.3111624757200087E-02, -4.4408920985006262E-16,  1.1293049828609014E-15, -3.4381201718673406E-02,  1.6199999999999548E-03,2,593,0,593,593,0,0, -7.6132333470554192E+00, -3.9350735105143192E-01,  4.1864083525305873E-01,  4.2294009300795055E-01,  0.0000000000000000E+00,  0.0000000000000000E+00
2,5,2,1,0,1,legacy-reference-bound,512,512,637, -2.8995264637794498E+00, -2.8664148390222493E+00,  3.3111624757200087E-02, -4.4408920985006262E-16,  7.8236028766554000E-16, -2.9756468331729017E-02,  3.1919999999999726E-03,2,1149,0,1149,1149,0,0, -7.6132333470554201E+00, -3.9350735105143175E-01,  4.1864083525305873E-01,  4.2294009300795055E-01,  0.0000000000000000E+00,  8.8817841970012523E-16
2,5,2,1,0,1,legacy-reference-bound,1024,1024,1230, -2.9006602717603811E+00, -2.8675486470031828E+00,  3.3111624757200087E-02,  1.7763568394002505E-15,  4.4322184811207421E-16, -2.6896448974874251E-02,  6.3819999999999988E-03,2,2254,0,2254,2254,0,0, -7.6132333470554201E+00, -3.9350735105143175E-01,  4.1864083525305873E-01,  4.2294009300795055E-01,  0.0000000000000000E+00,  2.2204460492503131E-16
2,5,2,1,0,1,legacy-reference-bound,2048,2048,2391, -2.9012709290718415E+00, -2.8681593043146383E+00,  3.3111624757200087E-02, -3.1086244689504383E-15,  2.6454533008646308E-16, -2.4959871105811920E-02,  1.2425000000000019E-02,2,4439,0,4439,4439,0,0, -7.6132333470554201E+00, -3.9350735105143175E-01,  4.1864083525305873E-01,  4.2294009300795055E-01,  0.0000000000000000E+00,  0.0000000000000000E+00
2,5,2,1,0,1,legacy-reference-bound,4096,4096,4684, -2.9015972437161355E+00, -2.8684856189589429E+00,  3.3111624757200087E-02,  7.5495165674510645E-15,  2.4188550468151604E-16, -2.3528101335989662E-02,  3.0749999999999944E-02,2,8780,0,8780,8780,0,0, -7.6132333470554210E+00, -3.9350735105143186E-01,  4.1864083525305873E-01,  4.2294009300795055E-01,  0.0000000000000000E+00,  8.8817841970012523E-16
2,5,2,1,0,1,legacy-reference-bound,1,1,12, -2.0007362959937218E+00, -1.9688379385831909E+00,  3.1898357410530931E-02,  0.0000000000000000E+00,  2.6134649999676185E-13, -2.0007362959937218E+00,  2.7500000000002522E-04,3,13,0,13,13,0,0, -8.2178533692453808E+00, -1.7441139152051049E-01,  4.1814140928619581E-01,  4.2298165957320344E-01, -1.0000000000000000E+00, -1.0000000000000000E+00
2,5,2,1,0,1,legacy-reference-bound,2,2,23, -2.3874801587183563E+00, -2.3543287768871890E+00,  3.3151381831167281E-02,  0.0000000000000000E+00,  2.2204460492503131E-16, -1.0142968485377228E+00,  6.3999999999952983E-05,3,25,0,25,25,0,0, -7.6376218297506240E+00, -3.6180046486706458E-01,  4.1862097646870478E-01,  4.2294698365845418E-01,  1.2877003353853889E-03,  1.0515350653924438E+00
2,5,2,1,0,1,legacy-reference-bound,4,4,42, -2.6479936373849831E+00, -2.6148829842786840E+00,  3.3110653106299015E-02,  0.0000000000000000E+00,  7.4495964952348004E-14, -5.2106844360477345E-01,  9.8999999999960231E-05,3,46,0,46,46,0,0, -7.6124997374179699E+00, -3.9438299285046891E-01,  4.1864143222704486E-01,  4.2293989901152251E-01,  8.1640241548386339E-05,  1.1990704294318588E-01
2,5,2,1,0,1,legacy-reference-bound,8,8,74, -2.7744620226598391E+00, -2.7413503984044576E+00,  3.3111624255381944E-02,  4.4408920985006262E-16,  3.7247982476174002E-14, -2.7443697439520870E-01,  1.7499999999992522E-04,3,82,0,82,82,0,0, -7.6132329523722646E+00, -3.9350783278989593E-01,  4.1864083557423770E-01,  4.2294009290127643E-01,  2.1644546973620393E-06,  2.6172159033834852E-03
2,5,2,1,0,1,legacy-reference-bound,16,16,102, -2.8377538845981403E+00, -2.8046422598409397E+00,  3.3111624757200531E-02,  0.0000000000000000E+00,  1.8762769116165146E-14, -1.5108709239033422E-01,  2.8499999999997971E-04,3,118,0,118,118,0,0, -7.6132333470552043E+00, -3.9350735105156093E-01,  4.1864083525305895E-01,  4.2294009300795055E-01,  1.1441759761865455E-09,  1.4091832385432213E-06
2,5,2,1,0,1,legacy-reference-bound,32,32,119, -2.8694259968401399E+00, -2.8363143720829398E+00,  3.3111624757200087E-02,  0.0000000000000000E+00,  9.4230179215060161E-15, -8.9345420076083260E-02,  4.5299999999992568E-04,3,151,0,151,151,0,0, -7.6132333470554192E+00, -3.9350735105143192E-01,  4.1864083525305873E-01,  4.2294009300795055E-01,  2.2204460492503131E-16,  2.6667557051496260E-13
2,5,2,1,0,1,legacy-reference-bound,64,64,149, -2.8853061893208451E+00, -2.8521945645636455E+00,  3.3111624757200087E-02,  4.4408920985006262E-16,  5.6343818499726694E-15, -5.8347426716208295E-02,  7.6799999999999091E-04,3,213,0,213,213,0,0, -7.6132333470554192E+00, -3.9350735105143175E-01,  4.1864083525305873E-01,  4.2294009300795055E-01,  0.0000000000000000E+00,  1.6653345369377348E-16
2,5,2,1,0,1,legacy-reference-bound,128,128,212, -2.8933121733950999E+00, -2.8602005486379003E+00,  3.3111624757200087E-02,  4.4408920985006262E-16,  2.3835100559921329E-15, -4.2618711120636338E-02,  9.1800000000008541E-04,3,340,0,340,340,0,0, -7.6132333470554192E+00, -3.9350735105143192E-01,  4.1864083525305873E-01,  4.2294009300795055E-01,  0.0000000000000000E+00,  1.6653345369377348E-16
2,5,2,1,0,1,legacy-reference-bound,256,256,340, -2.8867727134161343E+00, -2.8536610886589342E+00,  3.3111624757200087E-02,  0.0000000000000000E+00,  1.1284376211229130E-15,  0.0000000000000000E+00,  2.0260000000000833E-03,3,591,5,591,596,0,1, -7.6132333470554192E+00, -3.9350735105143175E-01,  4.1864083525305873E-01,  4.2294009300795055E-01,  0.0000000000000000E+00,  1.6653345369377348E-16
2,5,2,1,0,1,legacy-reference-bound,512,512,644, -2.8890915122425884E+00, -2.8559798874853879E+00,  3.3111624757200087E-02, -4.4408920985006262E-16,  5.7245874707234634E-16,  0.0000000000000000E+00,  3.2940000000000191E-03,3,1146,10,1146,1156,0,1, -7.6132333470554201E+00, -3.9350735105143186E-01,  4.1864083525305873E-01,  4.2294009300795055E-01,  0.0000000000000000E+00,  8.8817841970012523E-16
2,5,2,1,0,1,legacy-reference-bound,1024,1024,1244, -2.8903443708271421E+00, -2.8572327460699438E+00,  3.3111624757200087E-02,  1.7763568394002505E-15,  3.4174052476743100E-16,  0.0000000000000000E+00,  6.9150000000000045E-03,3,2248,20,2248,2268,0,1, -7.6132333470554201E+00, -3.9350735105143186E-01,  4.1864083525305873E-01,  4.2294009300795055E-01,  0.0000000000000000E+00,  0.0000000000000000E+00
2,5,2,1,0,1,legacy-reference-bound,2048,2048,2417, -2.8910253076993637E+00, -2.8579136829421605E+00,  3.3111624757200087E-02, -3.1086244689504383E-15,  2.1011838102769076E-16,  0.0000000000000000E+00,  1.3500999999999985E-02,3,4425,40,4425,4465,0,1, -7.6132333470554201E+00, -3.9350735105143186E-01,  4.1864083525305873E-01,  4.2294009300795055E-01,  0.0000000000000000E+00,  2.2204460492503131E-16
2,5,2,1,0,1,legacy-reference-bound,4096,4096,4739, -2.8913908566047097E+00, -2.8582792318475172E+00,  3.3111624757200087E-02,  7.5495165674510645E-15,  1.9157852387818863E-16,  0.0000000000000000E+00,  2.8009999999999979E-02,3,8755,80,8755,8835,0,1, -7.6132333470554210E+00, -3.9350735105143186E-01,  4.1864083525305873E-01,  4.2294009300795055E-01,  0.0000000000000000E+00,  8.8817841970012523E-16
2,5,3,1,0,1,legacy-reference-bound,1,1,1, -1.1875000000000000E+00, -1.1875000000000000E+00,  0.0000000000000000E+00,  0.0000000000000000E+00,  0.0000000000000000E+00, -1.1875000000000000E+00,  1.4000000000069512E-05,1,2,0,2,2,0,0,  2.0000000000000000E-02,  2.0000000000000000E-02,  4.2299999999999999E-01,  4.2299999999999999E-01, -1.0000000000000000E+00, -1.0000000000000000E+00
2,5,3,1,0,1,legacy-reference-bound,2,2,2, -1.1875000000000000E+00, -1.1875000000000000E+00,  0.0000000000000000E+00,  0.0000000000000000E+00,  0.0000000000000000E+00, -5.9375000000000000E-01,  1.3000000000040757E-05,1,4,0,4,4,0,0,  2.0000000000000000E-02,  2.0000000000000000E-02,  4.2299999999999999E-01,  4.2299999999999999E-01,  0.0000000000000000E+00,  0.0000000000000000E+00
2,5,3,1,0,1,legacy-reference-bound,4,4,4, -1.1875000000000000E+00, -1.1875000000000000E+00,  0.0000000000000000E+00,  0.0000000000000000E+00,  0.0000000000000000E+00, -2.9687500000000000E-01,  2.0999999999937735E-05,1,8,0,8,8,0,0,  2.0000000000000000E-02,  2.0000000000000000E-02,  4.2299999999999999E-01,  4.2299999999999999E-01,  0.0000000000000000E+00,  0.0000000000000000E+00
2,5,3,1,0,1,legacy-reference-bound,8,8,8, -1.1875000000000000E+00, -1.1875000000000000E+00,  0.0000000000000000E+00,  0.0000000000000000E+00,  0.0000000000000000E+00, -1.4843750000000000E-01,  3.8999999999900226E-05,1,16,0,16,16,0,0,  2.0000000000000000E-02,  2.0000000000000000E-02,  4.2299999999999999E-01,  4.2299999999999999E-01,  0.0000000000000000E+00,  0.0000000000000000E+00
2,5,3,1,0,1,legacy-reference-bound,16,16,16, -1.1875000000000000E+00, -1.1875000000000000E+00,  0.0000000000000000E+00,  0.0000000000000000E+00,  0.0000000000000000E+00, -7.4218750000000000E-02,  7.4999999999936229E-05,1,32,0,32,32,0,0,  2.0000000000000000E-02,  2.0000000000000000E-02,  4.2299999999999999E-01,  4.2299999999999999E-01,  0.0000000000000000E+00,  0.0000000000000000E+00
2,5,3,1,0,1,legacy-reference-bound,32,32,32, -1.1875000000000000E+00, -1.1875000000000000E+00,  0.0000000000000000E+00,  0.0000000000000000E+00,  0.0000000000000000E+00, -3.7109375000000000E-02,  1.7000000000000348E-04,1,64,0,64,64,0,0,  2.0000000000000000E-02,  2.0000000000000000E-02,  4.2299999999999999E-01,  4.2299999999999999E-01,  0.0000000000000000E+00,  0.0000000000000000E+00
2,5,3,1,0,1,legacy-reference-bound,64,64,64, -1.1875000000000000E+00, -1.1875000000000000E+00,  0.0000000000000000E+00,  0.0000000000000000E+00,  0.0000000000000000E+00, -1.8554687500000000E-02,  2.9699999999999172E-04,1,128,0,128,128,0,0,  2.0000000000000000E-02,  2.0000000000000000E-02,  4.2299999999999999E-01,  4.2299999999999999E-01,  0.0000000000000000E+00,  0.0000000000000000E+00
2,5,3,1,0,1,legacy-reference-bound,128,128,128, -1.1875000000000000E+00, -1.1875000000000000E+00,  0.0000000000000000E+00,  0.0000000000000000E+00,  0.0000000000000000E+00, -9.2773437500000000E-03,  7.7300000000002367E-04,1,256,0,256,256,0,0,  2.0000000000000000E-02,  2.0000000000000000E-02,  4.2299999999999999E-01,  4.2299999999999999E-01,  0.0000000000000000E+00,  0.0000000000000000E+00
2,5,3,1,0,1,legacy-reference-bound,256,256,256, -1.1875000000000000E+00, -1.1875000000000000E+00,  0.0000000000000000E+00,  0.0000000000000000E+00,  0.0000000000000000E+00, -4.6386718750000000E-03,  1.4959999999999418E-03,1,512,0,512,512,0,0,  2.0000000000000000E-02,  2.0000000000000000E-02,  4.2299999999999999E-01,  4.2299999999999999E-01,  0.0000000000000000E+00,  0.0000000000000000E+00
2,5,3,1,0,1,legacy-reference-bound,512,512,512, -1.1875000000000000E+00, -1.1875000000000000E+00,  0.0000000000000000E+00,  0.0000000000000000E+00,  0.0000000000000000E+00, -2.3193359375000000E-03,  2.4600000000000177E-03,1,1024,0,1024,1024,0,0,  2.0000000000000000E-02,  2.0000000000000000E-02,  4.2299999999999999E-01,  4.2299999999999999E-01,  0.0000000000000000E+00,  0.0000000000000000E+00
2,5,3,1,0,1,legacy-reference-bound,1024,1024,1024, -1.1875000000000000E+00, -1.1875000000000000E+00,  0.0000000000000000E+00,  0.0000000000000000E+00,  0.0000000000000000E+00, -1.1596679687500000E-03,  5.4109999999999436E-03,1,2048,0,2048,2048,0,0,  2.0000000000000000E-02,  2.0000000000000000E-02,  4.2299999999999999E-01,  4.2299999999999999E-01,  0.0000000000000000E+00,  0.0000000000000000E+00
2,5,3,1,0,1,legacy-reference-bound,2048,2048,2048, -1.1875000000000000E+00, -1.1875000000000000E+00,  0.0000000000000000E+00,  0.0000000000000000E+00,  0.0000000000000000E+00, -5.7983398437500000E-04,  1.0098000000000051E-02,1,4096,0,4096,4096,0,0,  2.0000000000000000E-02,  2.0000000000000000E-02,  4.2299999999999999E-01,  4.2299999999999999E-01,  0.0000000000000000E+00,  0.0000000000000000E+00
2,5,3,1,0,1,legacy-reference-bound,4096,4096,4096, -1.1875000000000000E+00, -1.1875000000000000E+00,  0.0000000000000000E+00,  0.0000000000000000E+00,  0.0000000000000000E+00, -2.8991699218750000E-04,  2.1144999999999969E-02,1,8192,0,8192,8192,0,0,  2.0000000000000000E-02,  2.0000000000000000E-02,  4.2299999999999999E-01,  4.2299999999999999E-01,  0.0000000000000000E+00,  0.0000000000000000E+00
2,5,3,1,0,1,legacy-reference-bound,1,1,1, -1.2075000000000000E+00, -1.1875000000000000E+00,  2.0000000000000018E-02,  0.0000000000000000E+00,  0.0000000000000000E+00, -1.2075000000000000E+00,  1.2999999999929734E-05,2,2,0,2,2,0,0,  2.0000000000000000E-02,  2.0000000000000000E-02,  4.2299999999999999E-01,  4.2299999999999999E-01, -1.0000000000000000E+00, -1.0000000000000000E+00
2,5,3,1,0,1,legacy-reference-bound,2,2,2, -1.2075000000000000E+00, -1.1875000000000000E+00,  2.0000000000000018E-02,  0.0000000000000000E+00,  0.0000000000000000E+00, -6.1375000000000002E-01,  1.3000000000040757E-05,2,4,0,4,4,0,0,  2.0000000000000000E-02,  2.0000000000000000E-02,  4.2299999999999999E-01,  4.2299999999999999E-01,  0.0000000000000000E+00,  0.0000000000000000E+00
2,5,3,1,0,1,legacy-reference-bound,4,4,4, -1.2075000000000000E+00, -1.1875000000000000E+00,  2.0000000000000018E-02,  0.0000000000000000E+00,  0.0000000000000000E+00, -3.1687500000000002E-01,  2.1000000000048757E-05,2,8,0,8,8,0,0,  2.0000000000000000E-02,  2.0000000000000000E-02,  4.2299999999999999E-01,  4.2299999999999999E-01,  0.0000000000000000E+00,  0.0000000000000000E+00
2,5,3,1,0,1,legacy-reference-bound,8,8,8, -1.2075000000000000E+00, -1.1875000000000000E+00,  2.0000000000000018E-02,  0.0000000000000000E+00,  0.0000000000000000E+00, -1.6843749999999999E-01,  4.0000000000040004E-05,2,16,0,16,16,0,0,  2.0000000000000000E-02,  2.0000000000000000E-02,  4.2299999999999999E-01,  4.2299999999999999E-01,  0.0000000000000000E+00,  0.0000000000000000E+00
2,5,3,1,0,1,legacy-reference-bound,16,16,16, -1.2075000000000000E+00, -1.1875000000000000E+00,  2.0000000000000018E-02,  0.0000000000000000E+00,  0.0000000000000000E+00, -9.4218750000000004E-02,  7.5000000000047251E-05,2,32,0,32,32,0,0,  2.0000000000000000E-02,  2.0000000000000000E-02,  4.2299999999999999E-01,  4.2299999999999999E-01,  0.0000000000000000E+00,  0.0000000000000000E+00
2,5,3,1,0,1,legacy-reference-bound,32,32,32, -1.2075000000000000E+00, -1.1875000000000000E+00,  2.0000000000000018E-02,  0.0000000000000000E+00,  0.0000000000000000E+00, -5.7109375000000004E-02,  1.4999999999998348E-04,2,64,0,64,64,0,0,  2.0000000000000000E-02,  2.0000000000000000E-02,  4.2299999999999999E-01,  4.2299999999999999E-01,  0.0000000000000000E+00,  0.0000000000000000E+00
2,5,3,1,0,1,legacy-reference-bound,64,64,64, -1.2075000000000000E+00, -1.1875000000000000E+00,  2.0000000000000018E-02,  0.0000000000000000E+00,  0.0000000000000000E+00, -3.8554687500000004E-02,  3.8500000000007972E-04,2,128,0,128,128,0,0,  2.0000000000000000E-02,  2.0000000000000000E-02,  4.2299999999999999E-01,  4.2299999999999999E-01,  0.0000000000000000E+00,  0.0000000000000000E+00
2,5,3,1,0,1,legacy-reference-bound,128,128,128, -1.2075000000000000E+00, -1.1875000000000000E+00,  2.0000000000000018E-02,  0.0000000000000000E+00,  0.0000000000000000E+00, -2.9277343750000000E-02,  1.0850000000000026E-03,2,256,0,256,256,0,0,  2.0000000000000000E-02,  2.0000000000000000E-02,  4.2299999999999999E-01,  4.2299999999999999E-01,  0.0000000000000000E+00,  0.0000000000000000E+00
2,5,3,1,0,1,legacy-reference-bound,256,256,256, -1.2075000000000000E+00, -1.1875000000000000E+00,  2.0000000000000018E-02,  0.0000000000000000E+00,  0.0000000000000000E+00, -2.4638671875000000E-02,  1.4589999999999881E-03,2,512,0,512,512,0,0,  2.0000000000000000E-02,  2.0000000000000000E-02,  4.2299999999999999E-01,  4.2299999999999999E-01,  0.0000000000000000E+00,  0.0000000000000000E+00
2,5,3,1,0,1,legacy-reference-bound,512,512,512, -1.2075000000000000E+00, -1.1875000000000000E+00,  2.0000000000000018E-02,  0.0000000000000000E+00,  0.0000000000000000E+00, -2.2319335937500000E-02,  2.6990000000000069E-03,2,1024,0,1024,1024,0,0,  2.0000000000000000E-02,  2.0000000000000000E-02,  4.2299999999999999E-01,  4.2299999999999999E-01,  0.0000000000000000E+00,  0.0000000000000000E+00
2,5,3,1,0,1,legacy-reference-bound,1024,1024,1024, -1.2075000000000000E+00, -1.1875000000000000E+00,  2.0000000000000018E-02,  0.0000000000000000E+00,  0.0000000000000000E+00, -2.1159667968750000E-02,  6.0689999999999911E-03,2,2048,0,2048,2048,0,0,  2.0000000000000000E-02,  2.0000000000000000E-02,  4.2299999999999999E-01,  4.2299999999999999E-01,  0.0000000000000000E+00,  0.0000000000000000E+00
2,5,3,1,0,1,legacy-reference-bound,2048,2048,2048, -1.2075000000000000E+00, -1.1875000000000000E+00,  2.0000000000000018E-02,  0.0000000000000000E+00,  0.0000000000000000E+00, -2.0579833984375000E-02,  9.6870000000000012E-03,2,4096,0,4096,4096,0,0,  2.0000000000000000E-02,  2.0000000000000000E-02,  4.2299999999999999E-01,  4.2299999999999999E-01,  0.0000000000000000E+00,  0.0000000000000000E+00
2,5,3,1,0,1,legacy-reference-bound,4096,4096,4096, -1.2075000000000000E+00, -1.1875000000000000E+00,  2.0000000000000018E-02,  0.0000000000000000E+00,  0.0000000000000000E+00, -2.0289916992187500E-02,  2.1117999999999970E-02,2,8192,0,8192,8192,0,0,  2.0000000000000000E-02,  2.0000000000000000E-02,  4.2299999999999999E-01,  4.2299999999999999E-01,  0.0000000000000000E+00,  0.0000000000000000E+00
2,5,3,1,0,1,legacy-reference-bound,1,1,1, -1.2075000000000000E+00, -1.1875000000000000E+00,  2.0000000000000018E-02,  0.0000000000000000E+00,  0.0000000000000000E+00, -1.2075000000000000E+00,  1.4000000000069512E-05,3,2,0,2,2,0,0,  2.0000000000000000E-02,  2.0000000000000000E-02,  4.2299999999999999E-01,  4.2299999999999999E-01, -1.0000000000000000E+00, -1.0000000000000000E+00
2,5,3,1,0,1,legacy-reference-bound,2,2,2, -1.2075000000000000E+00, -1.1875000000000000E+00,  2.0000000000000018E-02,  0.0000000000000000E+00,  0.0000000000000000E+00, -6.1375000000000002E-01,  1.2999999999929734E-05,3,4,0,4,4,0,0,  2.0000000000000000E-02,  2.0000000000000000E-02,  4.2299999999999999E-01,  4.2299999999999999E-01,  0.0000000000000000E+00,  0.0000000000000000E+00
2,5,3,1,0,1,legacy-reference-bound,4,4,4, -1.2075000000000000E+00, -1.1875000000000000E+00,  2.0000000000000018E-02,  0.0000000000000000E+00,  0.0000000000000000E+00, -3.1687500000000002E-01,  2.0999999999937735E-05,3,8,0,8,8,0,0,  2.0000000000000000E-02,  2.0000000000000000E-02,  4.2299999999999999E-01,  4.2299999999999999E-01,  0.0000000000000000E+00,  0.0000000000000000E+00
2,5,3,1,0,1,legacy-reference-bound,8,8,8, -1.2075000000000000E+00, -1.1875000000000000E+00,  2.0000000000000018E-02,  0.0000000000000000E+00,  0.0000000000000000E+00, -1.6843749999999999E-01,  3.9000000000011248E-05,3,16,0,16,16,0,0,  2.0000000000000000E-02,  2.0000000000000000E-02,  4.2299999999999999E-01,  4.2299999999999999E-01,  0.0000000000000000E+00,  0.0000000000000000E+00
2,5,3,1,0,1,legacy-reference-bound,16,16,16, -1.2075000000000000E+00, -1.1875000000000000E+00,  2.0000000000000018E-02,  0.0000000000000000E+00,  0.0000000000000000E+00, -9.4218750000000004E-02,  7.5000000000047251E-05,3,32,0,32,32,0,0,  2.0000000000000000E-02,  2.0000000000000000E-02,  4.2299999999999999E-01,  4.2299999999999999E-01,  0.0000000000000000E+00,  0.0000000000000000E+00
2,5,3,1,0,1,legacy-reference-bound,32,32,32, -1.2075000000000000E+00, -1.1875000000000000E+00,  2.0000000000000018E-02,  0.0000000000000000E+00,  0.0000000000000000E+00, -5.7109375000000004E-02,  1.4700000000000824E-04,3,64,0,64,64,0,0,  2.0000000000000000E-02,  2.0000000000000000E-02,  4.2299999999999999E-01,  4.2299999999999999E-01,  0.0000000000000000E+00,  0.0000000000000000E+00
2,5,3,1,0,1,legacy-reference-bound,64,64,64, -1.2075000000000000E+00, -1.1875000000000000E+00,  2.0000000000000018E-02,  0.0000000000000000E+00,  0.0000000000000000E+00, -3.8554687500000004E-02,  3.2399999999999096E-04,3,128,0,128,128,0,0,  2.0000000000000000E-02,  2.0000000000000000E-02,  4.2299999999999999E-01,  4.2299999999999999E-01,  0.0000000000000000E+00,  0.0000000000000000E+00
2,5,3,1,0,1,legacy-reference-bound,128,128,128, -1.2075000000000000E+00, -1.1875000000000000E+00,  2.0000000000000018E-02,  0.0000000000000000E+00,  0.0000000000000000E+00, -2.9277343750000000E-02,  6.5300000000001468E-04,3,256,0,256,256,0,0,  2.0000000000000000E-02,  2.0000000000000000E-02,  4.2299999999999999E-01,  4.2299999999999999E-01,  0.0000000000000000E+00,  0.0000000000000000E+00
2,5,3,1,0,1,legacy-reference-bound,256,256,270, -1.2020380418673038E+00, -1.1820380418673038E+00,  2.0000000000000018E-02,  0.0000000000000000E+00,  5.1608023410310011E-17,  0.0000000000000000E+00,  1.3189999999999591E-03,3,519,7,519,526,0,1,  1.9999999999999973E-02,  2.0000000000000004E-02,  4.2299999999999999E-01,  4.2299999999999999E-01,  0.0000000000000000E+00,  2.7755575615628914E-17
2,5,3,1,0,1,legacy-reference-bound,512,512,529, -1.2027912477909306E+00, -1.1827912477909306E+00,  2.0000000000000018E-02,  0.0000000000000000E+00,  2.5522119140308774E-16,  0.0000000000000000E+00,  2.4150000000000560E-03,3,1030,11,1030,1041,0,1,  1.9999999999999934E-02,  2.0000000000000011E-02,  4.2299999999999999E-01,  4.2299999999999999E-01,  0.0000000000000000E+00,  6.9388939039072284E-17
2,5,3,1,0,1,legacy-reference-bound,1024,1024,1059, -1.2031531356033360E+00, -1.1831531356033360E+00,  2.0000000000000018E-02,  0.0000000000000000E+00,  1.9653197255373178E-16,  0.0000000000000000E+00,  5.3539999999999699E-03,3,2060,23,2060,2083,0,1,  1.9999999999999980E-02,  2.0000000000000018E-02,  4.2299999999999999E-01,  4.2299999999999999E-01,  0.0000000000000000E+00,  8.3266726846886741E-17
2,5,3,1,0,1,legacy-reference-bound,2048,2048,2107, -1.2033777366573126E+00, -1.1833777366573126E+00,  2.0000000000000018E-02,  0.0000000000000000E+00,  1.6994869053710282E-16,  0.0000000000000000E+00,  1.0091999999999990E-02,3,4111,44,4111,4155,0,1,  1.9999999999999997E-02,  2.0000000000000021E-02,  4.2299999999999999E-01,  4.2299999999999999E-01,  0.0000000000000000E+00,  3.1225022567582528E-17
2,5,3,1,0,1,legacy-reference-bound,4096,4096,4221, -1.2034802938076983E+00, -1.1834802938076983E+00,  2.0000000000000018E-02,  0.0000000000000000E+00,  1.9118550059066264E-16,  0.0000000000000000E+00,  2.0569999999999977E-02,3,8395,85,8395,8480,0,1,  1.9999999999999990E-02,  2.0000000000000011E-02,  4.2299999999999999E-01,  4.2299999999999999E-01,  0.0000000000000000E+00,  1.7347234759768071E-17
