ROSSFAST_D3R_TABLE_V1 B01 241 58081
3F81E22A
3F819C9B
3F8154DF
3F810AE4
3F80BE99
3F806FEB
3F801EC6
3F7F962E
3F7EE994
3F7E3792
3F7D7FFE
3F7CC2AA
3F7BFF68
3F7B3608
3F7A6658
3F799025
3F78B339
3F77CF5F
3F76E45C
3F75F1F8
3F74F7F4
3F73F613
3F72EC14
3F71D9B3
3F70BEAC
3F6F9AB7
3F6E6D8A
3F6D36D9
3F6BF654
3F6AABAA
3F695686
3F67F690
3F668B6F
3F6514C5
3F639231
3F62034F
3F6067B9
3F5EBF03
3F5D08C1
3F5B447F
3F5971C9
3F579025
3F559F17
3F539E1D
3F518CB3
3F4F6A50
3F4D3665
3F4AF062
3F4897B2
3F462BB9
3F43ABDA
3F411773
3F3E6DDD
3F3BAE6C
3F38D872
3F35EB3C
3F32E613
3F2FC83B
3F2C90F7
3F293F86
3F25D322
3F224B04
3F1EA662
3F1AE472
3F170465
3F13056F
3F0EE6C2
3F0AA78F
3F06470C
3F01C46D
3EFA3DD8
3EF0AB8C
3EE6D079
3EDCAB2F
3ED23A4F
3EC77C89
3EBC70A1
3EB11573
3EA569F3
3E996D34
3E8D1E66
3E807CDC
3E67101C
3E4C7F39
3E3146A2
3E156646
3DF1BCE1
3DB75F9E
3D776DD2
3CFB16CF
398FC29F
BCFB9950
BD7F2E51
BDC17C85
BE0247B4
BE246409
BE470F04
BE6A440F
BE86FF23
BE991C3F
BEAB76A2
BEBE0B7C
BED0D7E1
BEE3D8D6
BEF70B52
BF053622
BF0EFC4B
BF18D69C
BF22C38E
BF2CC1A1
BF36CF5B
BF40EB4F
BF4B1416
BF55485A
BF5F86D1
BF69CE40
BF741D7C
BF7E736B
BF846781
BF8997A6
BF8EC9AF
BF93FD31
BF9931CB
BF9E6721
BFA39CE0
BFA8D2BF
BFAE0879
BFB33DD3
BFB87295
BFBDA690
BFC2D99C
BFC80B92
BFCD3C54
BFD26BC7
BFD799D5
BFDCC66B
BFE1F179
BFE71AF5
BFEC42D6
BFF16914
BFF68DAD
BFFBB09E
C00068F4
C002F8C5
C00587C5
C00815F6
C00AA359
C00D2FF3
C00FBBC7
C01246D8
C014D12A
C0175AC2
C019E3A4
C01C6BD5
C01EF359
C0217A36
C024006F
C0268609
C0290B09
C02B8F75
C02E134F
C030969E
C0331966
C0359BAA
C0381D70
C03A9EBB
C03D1F90
C03F9FF4
C0421FE8
C0449F73
C0471E97
C0499D58
C04C1BBA
C04E99C0
C051176D
C05394C4
C05611CA
C0588E80
C05B0AE9
C05D8709
C06002E3
C0627E77
C064F9CB
C06774DE
C069EFB5
C06C6A52
C06EE4B6
C0715EE3
C073D8DC
C07652A3
C078CC3A
C07B45A1
C07DBEDC
C0801BF6
C0815869
C08294C8
C083D114
C0850D4D
C0864975
C087858B
C088C191
C089FD87
C08B396D
C08C7545
C08DB10F
C08EECCB
C090287A
C091641D
C0929FB3
C093DB3E
C09516BD
C0965232
C0978D9C
C098C8FD
C09A0453
C09B3FA1
C09C7AE5
C09DB621
C09EF155
C0A02C80
C0A167A4
C0A2A2C1
C0A3DDD7
C0A518E5
C0A653EE
C0A78EF0
C0A8C9EC
C0AA04E2
C0AB3FD2
C0AC7ABD
C0ADB5A3
C0AEF084
C0B02B60
C0B16637
C0B2A10A
C0B3DBD9
C0B516A3
C0B6516A
C0B78C2D
C0B8C6EC
C0BA01A7
3F81AF30
3F8169BE
3F81221F
3F80D842
3F808C14
3F803D82
3F7FD8F4
3F7F31D0
3F7E856F
3F7DD3A7
3F7D1C4B
3F7C5F30
3F7B9C26
3F7AD2FD
3F7A0384
3F792D87
3F7850D2
3F776D2D
3F76825F
3F75902E
3F74965E
3F7394AF
3F728AE1
3F7178B1
3F705DDA
3F6F3A13
3F6E0D14
3F6CD68F
3F6B9635
3F6A4BB5
3F68F6B9
3F6796EA
3F662BEE
3F64B568
3F6332F6
3F61A435
3F6008BE
3F5E6025
3F5CA9FD
3F5AE5D4
3F591335
3F5731A6
3F5540AA
3F533FC0
3F512E64
3F4F0C0B
3F4CD828
3F4A922B
3F48397D
3F45CD83
3F434DA1
3F40B933
3F3E0F93
3F3B5015
3F387A0A
3F358CBF
3F32877D
3F2F6989
3F2C3224
3F28E08E
3F257401
3F21EBB5
3F1E46E2
3F1A84BA
3F16A473
3F12A53C
3F0E8649
3F0A46CC
3F05E5F8
3F016304
3EF97A51
3EEFE743
3EE60B63
3EDBE541
3ED1737C
3EC6B4C5
3EBBA7E0
3EB04BA9
3EA49F13
3E98A132
3E8C5135
3E7F5CDF
3E6570B4
3E4ADD27
3E2FA1CE
3E13BE98
3DEE679F
3DB40447
3D70AA9D
3CED76A3
BAB7B928
BD04B783
BD831384
BDC4FFF5
BE040D08
BE262D0A
BE48DBC1
BE6C1496
BE87E952
BE9A085E
BEAC64B8
BEBEFB8B
BED1C9EC
BEE4CCE0
BEF8015C
BF05B227
BF0F7951
BF1954A1
BF234292
BF2D41A2
BF375058
BF416D45
BF4B9703
BF55CC3C
BF600BA3
BF6A5400
BF74A426
BF7EFAFB
BF84ABBA
BF89DC4D
BF8F0EC3
BF9442B0
BF9977B1
BF9EAD6C
BFA3E38F
BFA919CE
BFAE4FE6
BFB3859B
BFB8BAB6
BFBDEF08
BFC32267
BFC854AE
BFCD85BF
BFD2B57E
BFD7E3D6
BFDD10B3
BFE23C07
BFE765C6
BFEC8DE7
BFF1B464
BFF6D939
BFFBFC64
C0008EF3
C0031EDF
C005ADF9
C0083C43
C00AC9BF
C00D5670
C00FE25A
C0126D81
C014F7E8
C0178194
C01A0A8A
C01C92CD
C01F1A63
C021A151
C024279A
C026AD44
C0293254
C02BB6CE
C02E3AB7
C030BE14
C03340E8
C035C33A
C038450C
C03AC663
C03D4743
C03FC7B1
C04247B1
C044C745
C0474673
C049C53D
C04C43A8
C04EC1B6
C0513F6C
C053BCCB
C05639D8
C058B696
C05B3306
C05DAF2D
C0602B0D
C062A6A8
C0652201
C0679D1B
C06A17F7
C06C9299
C06F0D02
C0718735
C0740133
C0767AFE
C078F499
C07B6E05
C07DE744
C080302C
C0816CA1
C082A902
C083E54F
C085218A
C0865DB3
C08799CB
C088D5D3
C08A11CA
C08B4DB2
C08C898B
C08DC556
C08F0114
C0903CC4
C0917868
C092B3FF
C093EF8B
C0952B0B
C0966681
C097A1EC
C098DD4D
C09A18A5
C09B53F3
C09C8F38
C09DCA75
C09F05A9
C0A040D6
C0A17BFB
C0A2B718
C0A3F22E
C0A52D3E
C0A66846
C0A7A349
C0A8DE45
C0AA193C
C0AB542D
C0AC8F19
C0ADC9FF
C0AF04E0
C0B03FBD
C0B17A95
C0B2B568
C0B3F037
C0B52B02
C0B665C9
C0B7A08C
C0B8DB4B
C0BA1607
3F817A74
3F813520
3F80ED9F
3F80A3DF
3F8057CE
3F80095A
3F7F70DE
3F7EC9F4
3F7E1DCD
3F7D6C3F
3F7CB51D
3F7BF83B
3F7B3569
3F7A6C79
3F799D38
3F78C772
3F77EAF4
3F770784
3F761CEC
3F752AF0
3F743153
3F732FD8
3F72263C
3F71143D
3F6FF996
3F6ED5FE
3F6DA92D
3F6C72D4
3F6B32A6
3F69E850
3F68937C
3F6733D5
3F65C8FF
3F64529D
3F62D04D
3F6141AD
3F5FA654
3F5DFDD9
3F5C47CC
3F5A83BC
3F58B133
3F56CFB8
3F54DECE
3F52DDF4
3F50CCA4
3F4EAA56
3F4C767B
3F4A3082
3F47D7D5
3F456BDB
3F42EBF4
3F40577E
3F3DADD2
3F3AEE45
3F381827
3F352AC6
3F322569
3F2F0757
3F2BCFD0
3F287E13
3F25115A
3F2188DF
3F1DE3D7
3F1A2176
3F1640F0
3F124176
3F0E223A
3F09E26E
3F058147
3F00FDF9
3EF8AF7D
3EEF1BA5
3EE53EEF
3EDB17EB
3ED0A538
3EC5E586
3EBAD799
3EAF7A4D
3EA3CC97
3E97CD87
3E8B7C4E
3E7DB081
3E63C1AA
3E492B58
3E2DED20
3E1206F1
3DEAF22F
3DB08883
3D69A60C
3CDF52B3
BB4DD821
BD0BE554
BD86B1A2
BDC8A570
BE05E387
BE28075B
BE4AB9F4
BE6DF6BA
BE88DC63
BE9AFD74
BEAD5BD7
BEBFF4B7
BED2C52A
BEE5CA31
BEF900C1
BF0632E4
BF0FFB18
BF19D772
BF23C66C
BF2DC683
BF37D63F
BF41F42F
BF4C1EEE
BF565524
BF609587
BF6ADEDA
BF752FF3
BF7F87B7
BF84F28E
BF8A2394
BF8F567B
BF948AD6
BF99C043
BF9EF668
BFA42CF1
BFA96395
BFAE9A0E
BFB3D022
BFB90599
BFBE3A45
BFC36DFB
BFC8A097
BFCDD1F9
BFD30208
BFD830AC
BFDD5DD4
BFE2896F
BFE7B374
BFECDBD8
BFF20295
BFF727A9
BFFC4B11
C000B666
C003466F
C005D5A4
C0086408
C00AF19D
C00D7E66
C0100A68
C01295A5
C0152022
C017A9E3
C01A32EC
C01CBB43
C01F42EC
C021C9EB
C0245046
C026D601
C0295B21
C02BDFAA
C02E63A2
C030E70D
C03369EF
C035EC4E
C0386E2C
C03AEF90
C03D707C
C03FF0F5
C04270FF
C044F09E
C0476FD6
C049EEAA
C04C6D1E
C04EEB35
C05168F3
C053E65B
C0566370
C058E035
C05B5CAD
C05DD8DB
C06054C1
C062D063
C0654BC3
C067C6E2
C06A41C5
C06CBC6C
C06F36DA
C071B112
C0742B15
C076A4E5
C0791E85
C07B97F5
C07E1139
C0804528
C081819F
C082BE02
C083FA51
C085368E
C08672B9
C087AED2
C088EADB
C08A26D4
C08B62BE
C08C9E98
C08DDA65
C08F1623
C09051D5
C0918D7A
C092C912
C094049F
C0954021
C0967B97
C097B704
C098F266
C09A2DBE
C09B690D
C09CA453
C09DDF91
C09F1AC6
C0A055F3
C0A19118
C0A2CC37
C0A4074E
C0A5425E
C0A67D67
C0A7B86A
C0A8F367
C0AA2E5E
C0AB6950
C0ACA43C
C0ADDF23
C0AF1A05
C0B054E1
C0B18FBA
C0B2CA8E
C0B4055D
C0B54028
C0B67AF0
C0B7B5B3
C0B8F073
C0BA2B2F
3F8143E8
3F80FEB2
3F80B74E
3F806DAC
3F8021B9
3F7FA6C5
3F7F052B
3F7E5E7D
3F7DB291
3F7D013D
3F7C4A55
3F7B8DAD
3F7ACB15
3F7A025E
3F793355
3F785DC8
3F778180
3F769E48
3F75B3E5
3F74C21F
3F73C8B6
3F72C76E
3F71BE05
3F70AC38
3F6F91C1
3F6E6E59
3F6D41B6
3F6C0B8B
3F6ACB89
3F69815D
3F682CB3
3F66CD33
3F656283
3F63EC45
3F626A18
3F60DB98
3F5F405F
3F5D9800
3F5BE20E
3F5A1E16
3F584BA4
3F566A3D
3F547965
3F52789A
3F506756
3F4E4511
3F4C113D
3F49CB48
3F47729C
3F4506A0
3F4286B3
3F3FF234
3F3D487B
3F3A88DD
3F37B2AC
3F34C532
3F31BFBA
3F2EA187
3F2B69DB
3F2817F4
3F24AB0E
3F212260
3F1D7D21
3F19BA83
3F15D9BB
3F11D9FA
3F0DBA72
3F097A55
3F0518D6
3F00952B
3EF7DD19
3EEE486E
3EE46AD8
3EDA42E8
3ECFCF3C
3EC50E85
3EB9FF85
3EAEA119
3EA2F235
3E96F1EA
3E8A9F69
3E7BF409
3E62026B
3E476937
3E2C2802
3E103EBC
3DE75B60
3DACEB1E
3D625DB2
3CD0A61E
BBA210E0
BD135897
BD8A72C4
BDCC6E3A
BE07CBD4
BE29F3A2
BE4CAA45
BE6FEB24
BE89D8AB
BE9BFBD5
BEAE5C56
BEC0F759
BED3C9F2
BEE6D121
BEFA09DB
BF06B886
BF1081CF
BF1A5F3D
BF244F4A
BF2E5073
BF38613F
BF42803D
BF4CAC07
BF56E344
BF6124AB
BF6B6F00
BF75C116
BF800CE9
BF853C15
BF8A6D93
BF8FA0EF
BF94D5BD
BF9A0B9B
BF9F422D
BFA47921
BFA9B02D
BFAEE70C
BFB41D82
BFB95359
BFBE8862
BFC3BC72
BFC8EF66
BFCE211E
BFD3517F
BFD88073
BFDDADE8
BFE2D9CE
BFE8041A
BFED2CC4
BFF253C5
BFF7791A
BFFC9CC0
C000DF5C
C0036F82
C005FED4
C0088D52
C00B1B02
C00DA7E4
C01033FE
C012BF53
C01549E6
C017D3BD
C01A5CDB
C01CE546
C01F6D03
C021F415
C0247A81
C027004D
C029857E
C02C0A17
C02E8E1E
C0311198
C0339489
C03616F4
C03898E0
C03B1A50
C03D9B49
C0401BCE
C0429BE3
C0451B8D
C0479ACF
C04A19AD
C04C982B
C04F164B
C0519412
C0541183
C0568EA0
C0590B6D
C05B87EC
C05E0422
C060800F
C062FBB8
C065771E
C067F244
C06A6D2C
C06CE7D9
C06F624D
C071DC8B
C0745693
C076D068
C0794A0C
C07BC381
C07E3CC9
C0805AF2
C081976B
C082D3D0
C0841021
C0854C60
C086888D
C087C4A8
C08900B2
C08A3CAD
C08B7898
C08CB474
C08DF042
C08F2C02
C09067B5
C091A35B
C092DEF4
C0941A82
C0955605
C096917D
C097CCEA
C099084D
C09A43A6
C09B7EF6
C09CBA3D
C09DF57C
C09F30B2
C0A06BE0
C0A1A706
C0A2E225
C0A41D3C
C0A5584D
C0A69357
C0A7CE5B
C0A90959
C0AA4450
C0AB7F42
C0ACBA2F
C0ADF516
C0AF2FF8
C0B06AD6
C0B1A5AF
C0B2E083
C0B41B53
C0B5561E
C0B690E6
C0B7CBAA
C0B9066A
C0BA4127
3F810B7C
3F80C664
3F807F1F
3F80359B
3F7FD38B
3F7F371B
3F7E95BD
3F7DEF4B
3F7D439A
3F7C9282
3F7BDBD5
3F7B1F68
3F7A5D0A
3F79948C
3F78C5BD
3F77F068
3F771459
3F763158
3F75472C
3F74559B
3F735C68
3F725B54
3F71521E
3F704083
3F6F263E
3F6E0306
3F6CD692
3F6BA094
3F6A60BE
3F6916BD
3F67C23C
3F6662E4
3F64F85A
3F638241
3F620037
3F6071D8
3F5ED6BD
3F5D2E7B
3F5B78A3
3F59B4C4
3F57E268
3F560115
3F54104E
3F520F92
3F4FFE5A
3F4DDC1E
3F4BA850
3F49625E
3F4709B2
3F449DB1
3F421DBE
3F3F8934
3F3CDF6D
3F3A1FBE
3F374976
3F345BE2
3F31564C
3F2E37F6
3F2B0024
3F27AE11
3F2440FB
3F20B817
3F1D129D
3F194FC1
3F156EB4
3F116EA8
3F0D4ED0
3F090E5D
3F04AC83
3F002876
3EF702DE
3EED6D57
3EE38ED8
3ED965F2
3ECEF142
3EC42F79
3EB91F5B
3EADBFC3
3EA20FA4
3E960E11
3E89BA3A
3E7A26E2
3E60325F
3E45962A
3E2A51D9
3E0E655A
3DE3A1F8
3DA92ADB
3D5ACF0E
3CC16BD3
BBDF7125
BD1B13E1
BD8E5836
BDD05BA4
BE09C698
BE2BF288
BE4EAD5F
BE71F281
BE8ADE82
BE9D03DB
BEAF6690
BEC203CB
BED4D89F
BEE7E20C
BEFB1D06
BF07433C
BF110DA4
BF1AEC32
BF24DD5D
BF2EDFA3
BF38F189
BF43119F
BF4D3E7E
BF5776CF
BF61B944
BF6C04A4
BF7657C0
BF8058C0
BF85886B
BF8ABA65
BF8FEE3B
BF952380
BF9A59D2
BF9F90D7
BFA4C83A
BFA9FFB2
BFAF36FA
BFB46DD7
BFB9A412
BFBED97C
BFC40DEA
BFC94139
BFCE7349
BFD3A400
BFD8D347
BFDE010C
BFE32D40
BFE857D7
BFED80C9
BFF2A811
BFF7CDA9
BFFCF190
C00109E4
C0039A28
C0062997
C008B832
C00B45FC
C00DD2F9
C0105F2C
C012EA99
C0157544
C017FF31
C01A8866
C01D10E5
C01F98B6
C0221FDB
C024A65A
C0272C39
C029B17A
C02C3624
C02EBA3B
C0313DC4
C033C0C4
C036433E
C038C537
C03B46B5
C03DC7BA
C040484B
C042C86C
C0454821
C047C76E
C04A4657
C04CC4DE
C04F4308
C051C0D8
C0543E52
C056BB78
C059384D
C05BB4D4
C05E3111
C060AD06
C06328B6
C065A423
C0681F4F
C06A9A3E
C06D14F1
C06F8F6B
C07209AE
C07483BB
C076FD95
C079773F
C07BF0B9
C07E6A05
C0807193
C081AE0E
C082EA75
C08426C8
C0856308
C0869F37
C087DB54
C0891760
C08A535C
C08B8F48
C08CCB26
C08E06F5
C08F42B7
C0907E6B
C091BA12
C092F5AD
C094313C
C0956CC0
C096A839
C097E3A7
C0991F0B
C09A5A66
C09B95B7
C09CD0FF
C09E0C3E
C09F4775
C0A082A3
C0A1BDCA
C0A2F8EA
C0A43402
C0A56F14
C0A6AA1F
C0A7E523
C0A92021
C0AA5B19
C0AB960C
C0ACD0F9
C0AE0BE1
C0AF46C4
C0B081A2
C0B1BC7B
C0B2F750
C0B43220
C0B56CEC
C0B6A7B4
C0B7E278
C0B91D39
C0BA57F6
3F80D120
3F808C27
3F804500
3F7FF735
3F7F5FC9
3F7EC396
3F7E2275
3F7D7C3F
3F7CD0CB
3F7C1FEE
3F7B697D
3F7AAD4B
3F79EB28
3F7922E5
3F785450
3F777F34
3F76A35D
3F75C094
3F74D6A0
3F73E546
3F72EC48
3F71EB69
3F70E267
3F6FD0FF
3F6EB6EB
3F6D93E4
3F6C679F
3F6B31CF
3F69F225
3F68A84F
3F6753F8
3F65F4C8
3F648A65
3F631470
3F619289
3F60044B
3F5E694F
3F5CC129
3F5B0B6C
3F5947A5
3F57755F
3F55941F
3F53A369
3F51A2BA
3F4F918E
3F4D6F5A
3F4B3B91
3F48F5A1
3F469CF4
3F4430EE
3F41B0F3
3F3F1C5D
3F3C7286
3F39B2C3
3F36DC64
3F33EEB4
3F30E8FD
3F2DCA83
3F2A9287
3F274047
3F23D2FD
3F2049E1
3F1CA42A
3F18E10B
3F14FFB5
3F10FF5C
3F0CDF30
3F089E63
3F043C28
3EFF6F6B
3EF62085
3EEC8A17
3EE2AAA5
3ED880BD
3ECE0AFF
3EC34819
3EB836D0
3EACD5FE
3EA12498
3E9521AF
3E88CC72
3E78486D
3E5E50E7
3E43B192
3E286A03
3E0C7A2B
3DDFC4AE
3DA5466F
3D52F787
3CB19E94
BC0F9103
BD2319DB
BD926350
BDD46F08
BE0BD484
BE2E04C0
BE50C3F5
BE740D86
BE8BEE43
BE9E15E1
BEB07AE0
BEC31A6A
BED5F190
BEE8FD52
BEFC3AA3
BF07D336
BF119ECA
BF1B7E82
BF2570D6
BF2F7444
BF398750
BF43A889
BF4DD689
BF580FF7
BF625386
BF6C9FFB
BF76F429
BF80A77A
BF85D7A9
BF8B0A25
BF903E79
BF95743B
BF9AAB06
BF9FE281
BFA51A58
BFAA5240
BFAF89F6
BFB4C13E
BFB9F7E0
BFBF2DAE
BFC4627F
BFC9962C
BFCEC898
BFD3F9A8
BFD92945
BFDE575D
BFE383E2
BFE8AEC7
BFEDD805
BFF2FF95
BFF82573
BFFD499F
C001360C
C003C670
C00655FD
C008E4B5
C00B729C
C00DFFB4
C0108C01
C0131787
C015A24B
C0182C4F
C01AB59A
C01D3E30
C01FC615
C0224D4F
C024D3E1
C02759D2
C029DF26
C02C63E1
C02EE809
C0316BA2
C033EEB0
C0367139
C038F341
C03B74CC
C03DF5DE
C040767C
C042F6A9
C045766A
C047F5C3
C04A74B6
C04CF348
C04F717C
C051EF56
C0546CD8
C056EA07
C05966E5
C05BE375
C05E5FBA
C060DBB6
C063576D
C065D2E1
C0684E14
C06AC909
C06D43C3
C06FBE43
C072388B
C074B29E
C0772C7E
C079A62D
C07C1FAB
C07E98FC
C0808911
C081C58E
C08301F7
C0843E4C
C0857A8F
C086B6BF
C087F2DE
C0892EEC
C08A6AE9
C08BA6D8
C08CE2B7
C08E1E88
C08F5A4B
C0909600
C091D1A9
C0930D45
C09448D5
C095845A
C096BFD4
C097FB44
C09936A9
C09A7204
C09BAD56
C09CE89F
C09E23DF
C09F5F17
C0A09A46
C0A1D56E
C0A3108F
C0A44BA8
C0A586BA
C0A6C1C5
C0A7FCCA
C0A937C9
C0AA72C2
C0ABADB5
C0ACE8A3
C0AE238C
C0AF5E6F
C0B0994D
C0B1D427
C0B30EFC
C0B449CD
C0B5849A
C0B6BF62
C0B7FA27
C0B934E8
C0BA6FA5
3F8094C4
3F804FEA
3F8008E2
3F7F7F38
3F7EE80A
3F7E4C14
3F7DAB31
3F7D0538
3F7C5A01
3F7BA961
3F7AF32D
3F7A3736
3F79754F
3F78AD47
3F77DEEC
3F770A0B
3F762E6E
3F754BDD
3F746221
3F7370FD
3F727836
3F71778C
3F706EBE
3F6F5D89
3F6E43A8
3F6D20D1
3F6BF4BC
3F6ABF1A
3F697F9E
3F6835F3
3F66E1C6
3F6582BE
3F641881
3F62A2B1
3F6120EC
3F5F92CF
3F5DF7F2
3F5C4FE9
3F5A9A46
3F58D697
3F570466
3F552339
3F533293
3F5131F2
3F4F20D0
3F4CFEA3
3F4ACADF
3F4884EF
3F462C40
3F43C035
3F41402F
3F3EAB8C
3F3C01A4
3F3941CC
3F366B53
3F337D85
3F3077AC
3F2D590A
3F2A20E2
3F26CE71
3F2360F1
3F1FD79B
3F1C31A3
3F186E3D
3F148C9C
3F108BF1
3F0C6B6D
3F082A42
3F03C7A3
3EFE8589
3EF535C0
3EEB9E62
3EE1BDF1
3ED792FD
3ECD1C24
3EC25815
3EB74594
3EABE37C
3EA030C0
3E942C73
3E87D5C3
3E765809
3E5C5D5F
3E41BAC9
3E266FDB
3E0A7C86
3DDBC231
3DA13C86
3D4AD46C
3CA138F4
BC309CB8
BD2B6D4A
BD969579
BDD8A9CF
BE0DF64C
BE302B02
BE52EEC1
BE763CEE
BE8D084D
BE9F3247
BEB199A7
BEC43B98
BED71528
BEEA2357
BEFD6315
BF0868A6
BF123572
BF1C1660
BF2609EA
BF300E8B
BF3A22C9
BF444531
BF4E745D
BF58AEF2
BF62F3A6
BF6D413C
BF779686
BF80F934
BF8629ED
BF8B5CEF
BF9091C7
BF95C809
BF9AFF53
BFA03748
BFA56F97
BFAAA7F5
BFAFE01D
BFB517D3
BFBA4EE1
BFBF8518
BFC4BA4E
BFC9EE5E
BFCF212A
BFD45296
BFD9828D
BFDEB0FC
BFE3DDD4
BFE9090B
BFEE3297
BFF35A72
BFF8809A
BFFDA50B
C00163E4
C003F469
C0068415
C00912EC
C00BA0F1
C00E2E25
C010BA8D
C013462E
C015D10A
C0185B28
C01AE48A
C01D6D36
C01FF531
C0227C80
C0250327
C027892B
C02A0E91
C02C935E
C02F1797
C0319B41
C0341E5F
C036A0F8
C039230E
C03BA4A7
C03E25C7
C040A672
C04326AC
C045A679
C04825DD
C04AA4DC
C04D2379
C04FA1B7
C0521F9B
C0549D27
C0571A5F
C0599746
C05C13DE
C05E902B
C0610C30
C06387EE
C066036A
C0687EA4
C06AF9A0
C06D7460
C06FEEE6
C0726935
C074E34E
C0775D33
C079D6E7
C07C506B
C07EC9C1
C080A175
C081DDF5
C0831A60
C08456B7
C08592FC
C086CF2E
C0880B4F
C089475F
C08A835E
C08BBF4E
C08CFB2F
C08E3701
C08F72C6
C090AE7D
C091EA27
C09325C4
C0946156
C0959CDC
C096D857
C09813C8
C0994F2E
C09A8A8B
C09BC5DE
C09D0127
C09E3C68
C09F77A1
C0A0B2D1
C0A1EDFA
C0A3291B
C0A46435
C0A59F48
C0A6DA54
C0A8155A
C0A9505A
C0AA8B53
C0ABC647
C0AD0135
C0AE3C1E
C0AF7702
C0B0B1E1
C0B1ECBB
C0B32791
C0B46262
C0B59D2F
C0B6D7F8
C0B812BD
C0B94D7E
C0BA883C
3F805658
3F80119D
3F7F956A
3F7F031C
3F7E6C2C
3F7DD075
3F7D2FD0
3F7C8A15
3F7BDF1C
3F7B2EB9
3F7A78C2
3F79BD08
3F78FB5D
3F783391
3F776571
3F7690CA
3F75B567
3F74D310
3F73E98C
3F72F8A0
3F72000F
3F70FF9B
3F6FF702
3F6EE601
3F6DCC51
3F6CA9AC
3F6B7DC7
3F6A4854
3F690905
3F67BF86
3F666B83
3F650CA3
3F63A28D
3F622CE1
3F60AB3F
3F5F1D43
3F5D8284
3F5BDA97
3F5A250E
3F586177
3F568F5B
3F54AE40
3F52BDAA
3F50BD15
3F4EABFC
3F4C89D6
3F4A5615
3F481026
3F45B772
3F434B60
3F40CB4F
3F3E369D
3F3B8CA2
3F38CCB2
3F35F61E
3F330830
3F300232
3F2CE367
3F29AB10
3F26586B
3F22EAB3
3F1F611D
3F1BBAE1
3F17F732
3F141541
3F101440
3F0BF360
3F07B1D2
3F034ECA
3EFD92F9
3EF44243
3EEAA9E9
3EE0C86F
3ED69C63
3ECC2463
3EC15F1E
3EB64B58
3EAAE7EB
3E9F33CC
3E932E0A
3E86D5D8
3E74550D
3E5A571F
3E3FB124
3E2462B4
3E086BBE
3DD79922
3D9D0BBC
3D4262F2
3C903552
BC52E70B
BD34110B
BD9AF022
BDDD0D6F
BE102CAE
BE32660A
BE552E84
BE78817C
BE8E2D01
BEA0596F
BEB2C349
BEC567B8
BED843CB
BEEB547F
BEFE96C5
BF0903C2
BF12D1D1
BF1CB402
BF26A8CD
BF30AEAF
BF3AC42A
BF44E7CD
BF4F1830
BF5953FA
BF6399DE
BF6DE89F
BF783F11
BF814E0B
BF867F52
BF8BB2E0
BF90E841
BF961F09
BF9B56D6
BFA08F4B
BFA5C817
BFAB00EE
BFB0398D
BFB571B6
BFBAA934
BFBFDFD8
BFC51577
BFCA49EE
BFCF7D1D
BFD4AEE9
BFD9DF3D
BFDF0E06
BFE43B36
BFE966C0
BFEE909E
BFF3B8C8
BFF8DF3B
BFFE03F7
C001937D
C0042424
C006B3F1
C00942E8
C00BD10B
C00E5E5D
C010EAE1
C013769D
C0160194
C0188BCB
C01B1545
C01D9E09
C020261B
C022AD7F
C025343B
C027BA53
C02A3FCD
C02CC4AC
C02F48F7
C031CCB2
C0344FE1
C036D28A
C03954B0
C03BD657
C03E5786
C040D83E
C0435885
C045D85F
C04857CF
C04AD6D9
C04D5582
C04FD3CB
C05251B9
C054CF4F
C0574C91
C059C981
C05C4622
C05EC278
C0613E85
C063BA4B
C06635CE
C068B110
C06B2C13
C06DA6D9
C0702166
C0729BBB
C07515DA
C0778FC5
C07A097E
C07C8308
C07EFC63
C080BAC9
C081F74B
C08333B8
C0847012
C085AC59
C086E88D
C08824B0
C08960C1
C08A9CC3
C08BD8B4
C08D1497
C08E506B
C08F8C31
C090C7E9
C0920395
C0933F34
C0947AC7
C095B64E
C096F1CB
C0982D3C
C09968A4
C09AA401
C09BDF55
C09D1AA0
C09E55E2
C09F911C
C0A0CC4D
C0A20777
C0A34298
C0A47DB3
C0A5B8C7
C0A6F3D4
C0A82EDA
C0A969DB
C0AAA4D5
C0ABDFC9
C0AD1AB8
C0AE55A2
C0AF9086
C0B0CB66
C0B20640
C0B34117
C0B47BE8
C0B5B6B6
C0B6F17F
C0B82C45
C0B96706
C0BAA1C5
3F8015CA
3F7FA25E
3F7F14CD
3F7E82BE
3F7DEC0D
3F7D5095
3F7CB02F
3F7C0AB3
3F7B5FF8
3F7AAFD3
3F79FA1A
3F793E9D
3F787D2F
3F77B59F
3F76E7BB
3F761350
3F753827
3F745609
3F736CBE
3F727C0A
3F7183B1
3F708373
3F6F7B0F
3F6E6A42
3F6D50C5
3F6C2E52
3F6B029D
3F69CD59
3F688E37
3F6744E3
3F65F10A
3F649254
3F632864
3F61B2DD
3F60315D
3F5EA381
3F5D08E1
3F5B6110
3F59ABA1
3F57E820
3F561619
3F543510
3F524488
3F5043FF
3F4E32EF
3F4C10CF
3F49DD0F
3F47971F
3F453E66
3F42D24B
3F40522D
3F3DBD6B
3F3B135B
3F385352
3F357C9F
3F328E8F
3F2F886A
3F2C6973
3F2930EB
3F25DE0F
3F22701A
3F1EE643
3F1B3FBF
3F177BC2
3F13997E
3F0F9823
3F0B76E2
3F0734EE
3F02D178
3EFC976A
3EF345BB
3EE9AC5B
3EDFC9CC
3ED59C9B
3ECB2367
3EC05CDF
3EB547C6
3EA9E2F7
3E9E2D64
3E922620
3E85CC5A
3E723ECB
3E583D75
3E3D93F3
3E2241DB
3E06471E
3DD34815
3D98B2A5
3D39A037
3C7D1BB7
BC767BBF
BD3D0816
BD9F74C9
BDE19B6A
BE12786C
BE34B69F
BE578403
BE7ADBF7
BE8F5CC5
BEA18BBF
BEB3F82E
BEC69F35
BED97DE4
BEEC9137
BEFFD61D
BF09A4BF
BF13741E
BF1D579F
BF274DB9
BF3154E6
BF3B6BAC
BF459096
BF4FC23D
BF59FF48
BF644668
BF6E9661
BF78EE05
BF81A61C
BF86D7F7
BF8C0C17
BF914206
BF96795A
BF9BB1AE
BFA0EAA9
BFA623F6
BFAB5D4C
BFB09665
BFB5CF07
BFBB06F9
BFC03E0E
BFC5741B
BFCAA8FC
BFCFDC92
BFD50EC3
BFDA3F77
BFDF6E9E
BFE49C28
BFE9C80B
BFEEF23D
BFF41AB9
BFF9417B
BFFE6682
C001C4E8
C00455B2
C006E5A2
C00974B9
C00C02FC
C00E906C
C0111D0E
C013A8E7
C01633F9
C018BE4A
C01B47DE
C01DD0BA
C02058E3
C022E05E
C025672F
C027ED5C
C02A72EA
C02CF7DE
C02F7C3B
C0320008
C0348348
C0370601
C0398837
C03C09EE
C03E8B2B
C0410BF2
C0438C47
C0460C2E
C0488BAA
C04B0AC1
C04D8975
C05007C9
C05285C2
C0550363
C05780AF
C059FDA8
C05C7A53
C05EF6B1
C06172C6
C063EE95
C0666A20
C068E569
C06B6074
C06DDB42
C07055D5
C072D030
C0754A56
C077C447
C07A3E06
C07CB795
C07F30F5
C080D515
C0821199
C0834E09
C0848A65
C085C6AE
C08702E4
C0883F09
C0897B1C
C08AB720
C08BF313
C08D2EF7
C08E6ACD
C08FA695
C090E24F
C0921DFC
C093599C
C0949531
C095D0B9
C0970C37
C09847AA
C0998313
C09ABE71
C09BF9C7
C09D3512
C09E7055
C09FAB90
C0A0E6C2
C0A221ED
C0A35D10
C0A4982B
C0A5D340
C0A70E4D
C0A84955
C0A98456
C0AABF51
C0ABFA46
C0AD3535
C0AE701F
C0AFAB04
C0B0E5E5
C0B220C0
C0B35B96
C0B49669
C0B5D137
C0B70C01
C0B846C7
C0B98189
C0BABC47
3F7FA612
3F7F1D1B
3F7E8FCA
3F7DFDFB
3F7D678A
3F7CCC51
3F7C2C2A
3F7B86EE
3F7ADC72
3F7A2C8C
3F797711
3F78BBD2
3F77FAA1
3F77334E
3F7665A7
3F759176
3F74B688
3F73D4A5
3F72EB93
3F71FB18
3F7102F7
3F7002EF
3F6EFAC1
3F6DEA28
3F6CD0DF
3F6BAE9D
3F6A8318
3F694E04
3F680F0F
3F66C5E8
3F657239
3F6413AA
3F62A9E1
3F61347E
3F5FB322
3F5E2566
3F5C8AE3
3F5AE32E
3F592DD8
3F576A6E
3F55987A
3F53B782
3F51C708
3F4FC68A
3F4DB582
3F4B9366
3F495FA8
3F4719B4
3F44C0F5
3F4254D0
3F3FD4A4
3F3D3FCF
3F3A95A8
3F37D583
3F34FEB1
3F32107C
3F2F0A2C
3F2BEB06
3F28B24A
3F255F35
3F21F100
3F1E66E4
3F1AC015
3F16FBC6
3F13192A
3F0F1770
3F0AF5CB
3F06B36A
3F024F81
3EFB9288
3EF23FD7
3EE8A564
3EDEC1B3
3ED49351
3ECA18DC
3EBF5103
3EB43A89
3EA8D447
3E9D1D32
3E91145B
3E84B8F1
3E70148E
3E560FAD
3E3B627E
3E200C98
3E040DEC
3DCECD92
3D942FC4
3D30893E
3C58790C
BC8DB381
BD46557C
BDA424FD
BDE65552
BE14DA52
BE371D8C
BE59F00C
BE7D4D30
BE909801
BEA2C9A3
BEB538BF
BEC7E279
BEDAC3DE
BEEDD9EB
BF0090C6
BF0A4BD4
BF141C91
BF1E0170
BF27F8E5
BF32016C
BF3C1989
BF463FC7
BF5072C0
BF5AB117
BF64F980
BF6F4ABD
BF79A3A1
BF820187
BF8733FC
BF8C68B2
BF919F36
BF96D71A
BF9C0FFD
BFA14981
BFA68356
BFABBD2F
BFB0F6C8
BFB62FE6
BFBB6852
BFC09FDC
BFC5D65B
BFCB0BAB
BFD03FAC
BFD57244
BFDAA35E
BFDFD2E6
BFE500CE
BFEA2D0C
BFEF5796
BFF48066
BFF9A77B
BFFECCD1
C001F835
C0048924
C0071938
C009A871
C00C36D5
C00EC465
C0115126
C013DD1C
C016684A
C018F2B7
C01B7C65
C01E055B
C0208D9C
C023152E
C0259C17
C028225A
C02AA7FC
C02D2D04
C02FB175
C0323554
C034B8A6
C0373B71
C039BDB7
C03C3F7E
C03EC0CA
C04141A0
C043C203
C04641F8
C048C182
C04B40A5
C04DBF65
C0503DC5
C052BBC9
C0553975
C057B6CB
C05A33CE
C05CB082
C05F2CEA
C061A908
C06424DF
C066A072
C0691BC4
C06B96D6
C06E11AB
C0708C45
C07306A7
C07580D3
C077FACB
C07A7490
C07CEE25
C07F678B
C080F062
C0822CE9
C083695B
C084A5BA
C085E205
C0871E3E
C0885A64
C089967A
C08AD27F
C08C0E75
C08D4A5B
C08E8632
C08FC1FB
C090FDB7
C0923966
C0937508
C094B09D
C095EC28
C09727A7
C098631B
C0999E85
C09AD9E5
C09C153B
C09D5088
C09E8BCC
C09FC708
C0A1023B
C0A23D66
C0A3788A
C0A4B3A6
C0A5EEBC
C0A729CA
C0A864D2
C0A99FD4
C0AADAD0
C0AC15C5
C0AD50B6
C0AE8BA1
C0AFC686
C0B10167
C0B23C43
C0B3771A
C0B4B1ED
C0B5ECBB
C0B72786
C0B8624C
C0B99D0F
C0BAD7CE
3F7F1C03
3F7E934D
3F7E063D
3F7D74AE
3F7CDE7D
3F7C4385
3F7BA39E
3F7AFEA1
3F7A5464
3F79A4BE
3F78EF81
3F783481
3F77738E
3F76AC79
3F75DF0E
3F750B1A
3F743067
3F734EBE
3F7265E7
3F7175A4
3F707DBB
3F6F7DEA
3F6E75F2
3F6D658E
3F6C4C78
3F6B2A68
3F69FF14
3F68CA2F
3F678B68
3F66426C
3F64EEE8
3F639082
3F6226DF
3F60B1A0
3F5F3066
3F5DA2CA
3F5C0865
3F5A60CB
3F58AB8E
3F56E83A
3F551659
3F533571
3F514504
3F4F4490
3F4D338F
3F4B1176
3F48DDB7
3F4697BF
3F443EF8
3F41D2C7
3F3F528B
3F3CBDA1
3F3A1361
3F37531F
3F347C2A
3F318DCE
3F2E8751
3F2B67F9
3F282F06
3F24DBB3
3F216D3C
3F1DE2D6
3F1A3BB8
3F167714
3F12941B
3F0E91FF
3F0A6FEF
3F062D1E
3F01C8BC
3EFA83FF
3EF1303E
3EE794AD
3EDDAFCD
3ED3802D
3EC90469
3EBE3B30
3EB32345
3EA7BB82
3E9C02DA
3E8FF85E
3E839B3F
3E6DD59C
3E53CD0A
3E391C07
3E1DC22B
3E01BF67
3DCA2814
3D8F8191
3D271AEC
3C327624
BCA0DAB8
BD4FFC6E
BDA90259
BDEB3CC4
BE175330
BE399BA6
BE5C7377
BE7FD5FE
BE91DF23
BEA41387
BEB6856C
BEC931F4
BEDC162C
BEEF2F0E
BF013CC4
BF0AF93E
BF14CB66
BF1EB1AF
BF28AA8E
BF32B47C
BF3CCDFE
BF46F59E
BF5129F5
BF5B69A7
BF65B366
BF7005F4
BF7A6023
BF82606B
BF879380
BF8CC8D4
BF91FFF1
BF97386C
BF9C71E2
BFA1ABF6
BFA6E657
BFAC20B8
BFB15AD7
BFB69476
BFBBCD60
BFC10564
BFC63C5A
BFCB721D
BFD0A68D
BFD5D992
BFDB0B14
BFE03B01
BFE5694B
BFEA95E7
BFEFC0CD
BFF4E9F6
BFFA115F
BFFF3708
C0022D78
C004BE8E
C0074EC6
C009DE23
C00C6CA9
C00EFA5B
C011873B
C0141350
C0169E9C
C0192925
C01BB2EE
C01E3BFE
C020C459
C0234C04
C025D303
C028595D
C02ADF15
C02D6432
C02FE8B7
C0326CAA
C034F00F
C03772EB
C039F543
C03C771A
C03EF877
C041795B
C043F9CD
C04679D0
C048F968
C04B7898
C04DF764
C05075D1
C052F3E1
C0557197
C057EEF8
C05A6C06
C05CE8C4
C05F6536
C061E15D
C0645D3D
C066D8D9
C0695432
C06BCF4C
C06E4A29
C070C4CB
C0733F34
C075B966
C0783364
C07AAD30
C07D26CB
C07FA037
C0810CBB
C0824945
C08385B9
C084C21A
C085FE68
C0873AA3
C08876CC
C089B2E3
C08AEEEB
C08C2AE2
C08D66CA
C08EA2A3
C08FDE6E
C0911A2C
C09255DC
C093917F
C094CD17
C09608A2
C0974423
C0987F98
C099BB04
C09AF665
C09C31BC
C09D6D0A
C09EA84F
C09FE38C
C0A11EC0
C0A259ED
C0A39511
C0A4D02F
C0A60B45
C0A74654
C0A8815D
C0A9BC60
C0AAF75C
C0AC3253
C0AD6D44
C0AEA82F
C0AFE315
C0B11DF7
C0B258D3
C0B393AB
C0B4CE7E
C0B6094D
C0B74418
C0B87EDF
C0B9B9A2
C0BAF461
3F7E8D43
3F7E04CE
3F7D77FE
3F7CE6B1
3F7C50C1
3F7BB609
3F7B1663
3F7A71A6
3F79C7A9
3F791843
3F786345
3F77A884
3F76E7D0
3F7620F8
3F7553CA
3F748013
3F73A59C
3F72C42E
3F71DB91
3F70EB88
3F6FF3D7
3F6EF43E
3F6DEC7B
3F6CDC4C
3F6BC36A
3F6AA18D
3F697669
3F6841B3
3F67031A
3F65BA4A
3F6466F0
3F6308B2
3F619F35
3F602A1B
3F5EA903
3F5D1B86
3F5B813F
3F59D9BF
3F58249A
3F56615B
3F548F8D
3F52AEB4
3F50BE53
3F4EBDE8
3F4CACEC
3F4A8AD5
3F485714
3F461117
3F43B847
3F414C07
3F3ECBB9
3F3C36B9
3F398C5E
3F36CBFB
3F33F4E1
3F31065B
3F2DFFAF
3F2AE022
3F27A6F4
3F245360
3F20E4A2
3F1D59F0
3F19B27E
3F15ED80
3F120A27
3F0E07A2
3F09E524
3F05A1DC
3F013CFC
3EF96B74
3EF01698
3EE679DC
3EDC93C0
3ED262D3
3EC7E5B2
3EBD1B0A
3EB2019F
3EA69849
3E9ADDFE
3E8ED1CC
3E8272E4
3E6B8133
3E5174C9
3E36BFCA
3E1B61CE
3DFEB58D
3DC55608
3D8AA675
3D1D520E
3C0B060E
BCB4BA0D
BD5A0037
BDAE0E86
BDF05371
BE19E3DF
BE3C31C6
BE5F0F1F
BE813BA1
BE93329B
BEA569DE
BEB7DEA8
BECA8E1B
BEDD7542
BEF09117
BF01EF42
BF0BAD36
BF1580D9
BF1F689B
BF2962F2
BF336E56
BF3D894A
BF47B25B
BF51E81E
BF5C2937
BF66745A
BF70C846
BF7B23CE
BF82C2EA
BF87F6A6
BF8D2C9D
BF92645A
BF979D72
BF9CD780
BFA2122A
BFA74D1C
BFAC880C
BFB1C2B5
BFB6FCDA
BFBC3647
BFC16ECA
BFC6A63B
BFCBDC76
BFD1115A
BFD644CF
BFDB76BE
BFE0A714
BFE5D5C4
BFEB02C3
BFF02E07
BFF5578C
BFFA7F4E
BFFFA54D
C00264C4
C004F601
C0078660
C00A15E2
C00CA48B
C00F325F
C011BF61
C0144B95
C016D700
C01961A6
C01BEB8D
C01E74B8
C020FD2D
C02384F1
C0260C09
C028927A
C02B184A
C02D9D7C
C0302216
C032A61D
C0352995
C037AC84
C03A2EED
C03CB0D6
C03F3243
C041B338
C04433B9
C046B3CB
C0493370
C04BB2AE
C04E3188
C050B001
C0532E1D
C055ABE0
C058294C
C05AA664
C05D232D
C05F9FA8
C0621BD9
C06497C3
C0671367
C0698EC9
C06C09EB
C06E84D0
C070FF79
C07379EA
C075F423
C0786E28
C07AE7FA
C07D619B
C07FDB0D
C0812A29
C08266B5
C083A32D
C084DF90
C0861BE0
C087581E
C0889449
C089D063
C08B0C6C
C08C4866
C08D8450
C08EC02B
C08FFBF8
C09137B7
C0927369
C093AF0E
C094EAA7
C0962634
C09761B6
C0989D2D
C099D899
C09B13FC
C09C4F54
C09D8AA4
C09EC5EA
C0A00128
C0A13C5D
C0A2778A
C0A3B2B0
C0A4EDCE
C0A628E6
C0A763F6
C0A89EFF
C0A9DA03
C0AB1500
C0AC4FF7
C0AD8AE9
C0AEC5D5
C0B000BC
C0B13B9E
C0B2767B
C0B3B153
C0B4EC27
C0B626F7
C0B761C2
C0B89C8A
C0B9D74D
C0BB120D
3F7DF9AA
3F7D7177
3F7CE4E9
3F7C53DC
3F7BBE2E
3F7B23B7
3F7A8452
3F79DFD6
3F79361A
3F7886F3
3F77D236
3F7717B4
3F76573E
3F7590A5
3F74C3B5
3F73F03A
3F731600
3F7234CE
3F714C6B
3F705C9B
3F6F6523
3F6E65C1
3F6D5E35
3F6C4E3B
3F6B358C
3F6A13E2
3F68E8EF
3F67B468
3F6675FD
3F652D59
3F63DA29
3F627C13
3F6112BC
3F5F9DC6
3F5E1CCF
3F5C8F72
3F5AF547
3F594DE2
3F5798D4
3F55D5A9
3F5403EC
3F522322
3F5032CC
3F4E3269
3F4C2171
3F49FF5A
3F47CB96
3F458592
3F432CB6
3F40C067
3F3E4004
3F3BAAEB
3F390072
3F363FED
3F3368AC
3F3079F8
3F2D731A
3F2A5354
3F2719E8
3F23C610
3F205708
3F1CCC04
3F19243B
3F155EDE
3F117B1F
3F0D782E
3F09553B
3F051177
3F00AC14
3EF8488C
3EEEF288
3EE55493
3EDB6D2E
3ED13AE6
3EC6BC57
3EBBF031
3EB0D535
3EA56A3C
3E99AE3B
3E8DA041
3E813F7E
3E69168B
3E4F0620
3E344CFB
3E18EAB4
3DF9BE79
3DC055CC
3D859CCB
3D132B52
3BC436C3
BCC95844
BD646440
BDB34B3D
BDF59B13
BE1C8D41
BE3EE0D1
BE61C3EA
BE8298F1
BE9492DF
BEA6CD1E
BEB944EA
BECBF766
BEDEE19A
BEF2007F
BF02A87F
BF0C67FD
BF163D29
BF202673
BF2A2250
BF342F39
BF3E4BAF
BF48763E
BF52AD7C
BF5CF00C
BF673C9F
BF7191F8
BF7BEEE7
BF832927
BF885D8F
BF8D9430
BF92CC94
BF98064E
BF9D40FB
BFA27C41
BFA7B7CA
BFACF34E
BFB22E86
BFB76938
BFBCA32C
BFC1DC34
BFC71425
BFCC4ADC
BFD18039
BFD6B422
BFDBE682
BFE11746
BFE64660
BFEB73C4
BFF09F6C
BFF5C950
BFFAF16E
C0000BE3
C0029E2B
C0052F92
C007C018
C00A4FC1
C00CDE90
C00F6C87
C011F9AB
C0148601
C017118C
C0199C51
C01C2654
C01EAF9C
C021382D
C023C00B
C026473D
C028CDC6
C02B53AD
C02DD8F6
C0305DA5
C032E1C1
C035654E
C037E850
C03A6ACC
C03CECC7
C03F6E45
C041EF4B
C0446FDC
C046EFFC
C0496FB1
C04BEEFD
C04E6DE4
C050EC6A
C0536A93
C055E862
C05865D9
C05AE2FD
C05D5FD1
C05FDC56
C0625891
C064D484
C0675032
C069CB9D
C06C46C8
C06EC1B5
C0713C66
C073B6DE
C076311F
C078AB2B
C07B2503
C07D9EAB
C0800C12
C08148B7
C0828546
C083C1C1
C084FE27
C0863A79
C08776B9
C088B2E7
C089EF03
C08B2B0F
C08C670A
C08DA2F6
C08EDED3
C0901AA2
C0915663
C0929217
C093CDBD
C0950958
C09644E7
C097806A
C098BBE3
C099F750
C09B32B4
C09C6E0E
C09DA95F
C09EE4A6
C0A01FE5
C0A15B1C
C0A2964A
C0A3D171
C0A50C90
C0A647A8
C0A782B9
C0A8BDC4
C0A9F8C8
C0AB33C6
C0AC6EBE
C0ADA9B0
C0AEE49D
C0B01F85
C0B15A68
C0B29545
C0B3D01E
C0B50AF3
C0B645C3
C0B7808F
C0B8BB57
C0B9F61B
C0BB30DB
3F7D6110
3F7CD91F
3F7C4CD3
3F7BBC08
3F7B269B
3F7A8C66
3F79ED43
3F794908
3F789F8D
3F77F0A7
3F773C29
3F7681E7
3F75C1B1
3F74FB56
3F742EA4
3F735B67
3F728169
3F71A073
3F70B84A
3F6FC8B5
3F6ED175
3F6DD24B
3F6CCAF6
3F6BBB31
3F6AA2B7
3F69813E
3F68567D
3F672225
3F65E3E7
3F649B6F
3F634869
3F61EA7B
3F60814A
3F5F0C77
3F5D8BA1
3F5BFE63
3F5A6453
3F58BD08
3F570810
3F5544F9
3F53734D
3F519290
3F4FA244
3F4DA1E7
3F4B90F2
3F496EDB
3F473B12
3F44F504
3F429C1A
3F402FB9
3F3DAF41
3F3B1A0C
3F386F73
3F35AEC9
3F32D75D
3F2FE879
3F2CE165
3F29C164
3F2687B5
3F233396
3F1FC43F
3F1C38E6
3F1890C1
3F14CB00
3F10E6D7
3F0CE373
3F08C007
3F047BC1
3F0015D4
3EF71AE7
3EEDC3AE
3EE42472
3EDA3BB4
3ED00802
3EC587F7
3EBABA42
3EAF9DA3
3EA430F6
3E98732C
3E8C6357
3E8000A5
3E6694D5
3E4C803E
3E31C2C7
3E165C08
3DF497E4
3DBB25B0
3D8062DE
3D08A346
3B5EA0F7
BCDEBC5E
BD6F2C13
BDB8BA47
BDFB1579
BE1F503E
BE41A9B1
BE6492C5
BE840366
BE960067
BEA83DC0
BEBAB8AE
BECD6E51
BEE05BB2
BEF37DC6
BF0368BB
BF0D29D2
BF170097
BF20EB79
BF2AE8EC
BF34F769
BF3F1570
BF49418D
BF537A54
BF5DBE69
BF680C7D
BF726350
BF7CC1B4
BF839344
BF88C861
BF8DFFB2
BF9338C3
BF987326
BF9DAE79
BFA2EA60
BFA82687
BFAD62A4
BFB29E72
BFB7D9B5
BFBD1437
BFC24DC8
BFC7863E
BFCCBD76
BFD1F350
BFD727B3
BFDC5A88
BFE18BBE
BFE6BB46
BFEBE914
BFF11522
BFF63F6A
BFFB67E8
C000474E
C002D9C3
C0056B55
C007FC04
C00A8BD5
C00D1ACA
C00FA8E7
C012362F
C014C2A7
C0174E53
C019D938
C01C635A
C01EECC0
C021756D
C023FD67
C02684B3
C0290B55
C02B9154
C02E16B5
C0309B7B
C0331FAD
C035A34E
C0382664
C03AA8F4
C03D2B02
C03FAC92
C0422DA8
C044AE4A
C0472E7B
C049AE3E
C04C2D99
C04EAC8F
C0512B23
C053A958
C0562733
C058A4B7
C05B21E7
C05D9EC5
C0601B56
C062979B
C0651398
C0678F50
C06A0AC4
C06C85F7
C06F00ED
C0717BA6
C073F626
C076706F
C078EA82
C07B6462
C07DDE10
C0802BC7
C0816870
C082A502
C083E180
C0851DE8
C0865A3E
C0879680
C088D2B0
C08A0ECF
C08B4ADD
C08C86DA
C08DC2C9
C08EFEA8
C0903A78
C091763B
C092B1F1
C093ED99
C0952936
C09664C6
C097A04B
C098DBC5
C09A1734
C09B5299
C09C8DF4
C09DC946
C09F048F
C0A03FCF
C0A17B07
C0A2B636
C0A3F15E
C0A52C7E
C0A66797
C0A7A2A9
C0A8DDB5
C0AA18BA
C0AB53B9
C0AC8EB2
C0ADC9A5
C0AF0493
C0B03F7B
C0B17A5E
C0B2B53D
C0B3F016
C0B52AEB
C0B665BC
C0B7A089
C0B8DB51
C0BA1616
C0BB50D7
3F7CC34C
3F7C3B9D
3F7BAF93
3F7B1F0B
3F7A89E0
3F79EFED
3F79510B
3F78AD12
3F7803D8
3F775533
3F76A0F6
3F75E6F4
3F7526FE
3F7460E2
3F73946E
3F72C16F
3F71E7AE
3F7106F3
3F701F06
3F6F2FAB
3F6E38A4
3F6D39B2
3F6C3293
3F6B2304
3F6A0ABD
3F68E977
3F67BEE7
3F668ABE
3F654CAD
3F640461
3F62B184
3F6153BE
3F5FEAB2
3F5E7602
3F5CF54D
3F5B682D
3F59CE39
3F582706
3F567224
3F54AF20
3F52DD83
3F50FCD2
3F4F0C8F
3F4D0C37
3F4AFB43
3F48D929
3F46A559
3F445F40
3F420648
3F3F99D3
3F3D1941
3F3A83EF
3F37D933
3F351861
3F3240C7
3F2F51B0
3F2C4A62
3F292A22
3F25F02E
3F229BC2
3F1F2C18
3F1BA066
3F17F7DF
3F1431B7
3F104D1D
3F0C4942
3F082556
3F03E088
3EFEF415
3EF5E223
3EEC89A6
3EE2E915
3ED8FEF0
3ECEC9C4
3EC4482C
3EB978D6
3EAE5A84
3EA2EC0F
3E972C6A
3E8B1AA5
3E7D6BDF
3E63FB3A
3E49E24C
3E2F2055
3E13B4EE
3DEF4013
3DB5C3F4
3D75EDD5
3CFB6CB7
3A39E43F
BCF4ED9C
BD7A5B59
BDBE5D7E
BE006240
BE222DC6
BE448D5A
BE677CA6
BE857B7E
BE977BB0
BEA9BC43
BEBC3A73
BECEF35E
BEE1E40B
BEF5096F
BF043039
BF0DF2F9
BF17CB67
BF21B7F1
BF2BB70B
BF35C72B
BF3FE6D4
BF4A148D
BF544EEE
BF5E9497
BF68E43B
BF733C98
BF7D9C7F
BF840168
BF893740
BF8E6F49
BF93A90D
BF98E421
BF9E201F
BFA35CAE
BFA89979
BFADD635
BFB3129F
BFB84E79
BFBD898D
BFC2C3AD
BFC7FCAE
BFCD346C
BFD26AC9
BFD79FAA
BFDCD2F9
BFE204A5
BFE7349F
BFEC62DC
BFF18F55
BFF6BA04
BFFBE2E6
C00084FD
C00317A0
C005A95E
C0083A39
C00ACA34
C00D5951
C00FE794
C0127501
C015019D
C0178D6B
C01A1871
C01CA2B4
C01F2C38
C021B503
C0243D19
C026C481
C0294B3E
C02BD156
C02E56CF
C030DBAD
C0335FF5
C035E3AC
C03866D7
C03AE97B
C03D6B9C
C03FED3F
C0426E67
C044EF1A
C0476F5B
C049EF2F
C04C6E99
C04EED9D
C0516C3F
C053EA83
C056686B
C058E5FC
C05B6337
C05DE022
C0605CBD
C062D90D
C0655515
C067D0D6
C06A4C54
C06CC791
C06F428F
C071BD51
C07437D9
C076B22A
C0792C44
C07BA62B
C07E1FE1
C0804CB3
C081895F
C082C5F4
C0840275
C0853EE0
C0867B38
C087B77E
C088F3B0
C08A2FD1
C08B6BE2
C08CA7E2
C08DE3D2
C08F1FB3
C0905B86
C091974B
C092D302
C0940EAD
C0954A4B
C09685DD
C097C163
C098FCDF
C09A384F
C09B73B6
C09CAF13
C09DEA66
C09F25B0
C0A060F1
C0A19C2A
C0A2D75B
C0A41284
C0A54DA5
C0A688BF
C0A7C3D2
C0A8FEDE
C0AA39E4
C0AB74E4
C0ACAFDE
C0ADEAD2
C0AF25C0
C0B060A9
C0B19B8D
C0B2D66C
C0B41147
C0B54C1D
C0B686EE
C0B7C1BB
C0B8FC84
C0BA3749
C0BB720B
3F7C2033
3F7B98C6
3F7B0CFF
3F7A7CB9
3F79E7D1
3F794E21
3F78AF81
3F780BCA
3F7762D2
3F76B46E
3F760072
3F7546B0
3F7486F9
3F73C11D
3F72F4E8
3F722226
3F7148A2
3F706824
3F6F8072
3F6E9151
3F6D9A83
3F6C9BC9
3F6B94E1
3F6A8587
3F696D74
3F684C61
3F672201
3F65EE07
3F64B024
3F636803
3F62154F
3F60B7B0
3F5F4EC9
3F5DDA3B
3F5C59A6
3F5ACCA3
3F5932CA
3F578BAF
3F55D6E1
3F5413EF
3F524260
3F5061BA
3F4E717E
3F4C712A
3F4A6036
3F483E17
3F460A3F
3F43C419
3F416B0F
3F3EFE83
3F3C7DD7
3F39E864
3F373D83
3F347C85
3F31A4BA
3F2EB56C
3F2BADE2
3F288D5F
3F255321
3F21FE65
3F1E8E63
3F1B0252
3F175966
3F1392D0
3F0FADC1
3F0BA968
3F0784F6
3F033F9A
3EFDB10C
3EF49DDA
3EEB440B
3EE1A216
3ED7B679
3ECD7FC2
3EC2FC8C
3EB82B83
3EAD0B6B
3EA19B1B
3E95D986
3E89C5BD
3E7ABDDE
3E6148DD
3E472B69
3E2C64C3
3E10F484
3DE9B53C
3DB02EC9
3D6AAE3B
3CE4C1C7
BB0845B4
BD05F9C0
BD82FAEE
BDC436CB
BE03550C
BE2526D5
BE478CC7
BE6A828B
BE8701B9
BE99053C
BEAB492B
BEBDCABD
BED08711
BEE37B2D
BEF6A403
BF04FF3D
BF0EC3B7
BF189DDF
BF228C22
BF2C8CF2
BF369EC8
BF40C022
BF4AEF89
BF552B93
BF5F72E2
BF69C424
BF741E1A
BF7E7F94
BF8473B9
BF89AA54
BF8EE31B
BF941D9A
BF995964
BF9E9616
BFA3D353
BFA910C8
BFAE4E2A
BFB38B35
BFB8C7AD
BFBE035A
BFC33E0E
BFC8779F
BFCDAFE9
BFD2E6CD
BFD81C31
BFDD5000
BFE28226
BFE7B297
BFECE147
BFF20E2F
BFF73949
BFFC6292
C000C505
C00357D8
C005E9C5
C0087ACD
C00B0AF3
C00D9A39
C01028A5
C012B638
C01542F9
C017CEEC
C01A5A14
C01CE478
C01F6E1C
C021F706
C0247F3A
C02706BD
C0298D96
C02C13C9
C02E995B
C0311E51
C033A2B1
C036267F
C038A9C0
C03B2C78
C03DAEAD
C0403063
C042B19F
C0453263
C047B2B6
C04A329A
C04CB214
C04F3128
C051AFD8
C0542E2A
C056AC20
C05929BD
C05BA706
C05E23FC
C060A0A4
C0631CFF
C0659911
C06814DD
C06A9064
C06D0BAB
C06F86B2
C072017D
C0747C0E
C076F667
C0797089
C07BEA78
C07E6434
C0806EE1
C081AB90
C082E828
C08424AC
C085611B
C0869D76
C087D9BD
C08915F3
C08A5217
C08B8E29
C08CCA2C
C08E061E
C08F4202
C0907DD7
C091B99D
C092F557
C0943103
C0956CA3
C096A837
C097E3BF
C0991F3C
C09A5AAE
C09B9616
C09CD174
C09E0CC9
C09F4814
C0A08357
C0A1BE91
C0A2F9C3
C0A434ED
C0A5700F
C0A6AB2B
C0A7E63F
C0A9214C
C0AA5C53
C0AB9754
C0ACD24E
C0AE0D43
C0AF4832
C0B0831C
C0B1BE01
C0B2F8E1
C0B433BC
C0B56E92
C0B6A964
C0B7E432
C0B91EFB
C0BA59C1
C0BB9483
3F7B7798
3F7AF06E
3F7A64EA
3F79D4E8
3F794042
3F78A6D4
3F780877
3F776502
3F76BC4C
3F760E29
3F755A6F
3F74A0EE
3F73E177
3F731BDA
3F724FE3
3F717D60
3F70A419
3F6FC3D7
3F6EDC61
3F6DED7A
3F6CF6E6
3F6BF863
3F6AF1B2
3F69E28D
3F68CAAE
3F67A9CD
3F667F9E
3F654BD3
3F640E1C
3F62C626
3F61739B
3F601622
3F5EAD60
3F5D38F4
3F5BB87E
3F5A2B97
3F5891D8
3F56EAD3
3F55361A
3F537338
3F51A1B6
3F4FC11A
3F4DD0E4
3F4BD091
3F49BF9B
3F479D76
3F456993
3F43235E
3F40CA40
3F3E5D9B
3F3BDCD1
3F39473B
3F369C31
3F33DB05
3F310306
3F2E137E
3F2B0BB3
3F27EAE8
3F24B05D
3F215B4B
3F1DEAEE
3F1A5E79
3F16B522
3F12EE19
3F0F088E
3F0B03B2
3F06DEB4
3F0298C3
3EFC6223
3EF34DA2
3EE9F273
3EE04F09
3ED661E4
3ECC2991
3EC1A4AA
3EB6D1DD
3EABAFEA
3EA03DAB
3E947A12
3E88642F
3E77F663
3E5E7CD8
3E445AAE
3E298F27
3E0E19DC
3DE3F581
3DAA6450
3D5F0326
3CCD3E1B
BBA2EC78
BD11EAE7
BD88FFC4
BDCA4828
BE06641F
BE283C6C
BE4AA8FE
BE6DA57C
BE88969B
BE9A9D92
BEACE4FE
BEBF6A16
BED229F6
BEE521A3
BEF84E0E
BF05D60E
BF0F9C54
BF197848
BF236855
BF2D6AEE
BF377E89
BF41A1A6
BF4BD2CD
BF561091
BF605994
BF6AAC87
BF750826
BF7F6B43
BF84EA5F
BF8A21C3
BF8F5B51
BF949692
BF99D31B
BF9F1086
BFA44E78
BFA98C9F
BFAECAAD
BFB40860
BFB9457B
BFBE81C7
BFC3BD16
BFC8F73C
BFCE3018
BFD36788
BFD89D75
BFDDD1C7
BFE3046D
BFE8355A
BFED6481
BFF291DC
BFF7BD66
BFFCE71A
C001077D
C0039A83
C0062CA0
C008BDD6
C00B4E29
C00DDD9B
C0106C30
C012F9EC
C01586D3
C01812EB
C01A9E37
C01D28BE
C01FB283
C0223B8C
C024C3DF
C0274B81
C029D276
C02C58C4
C02EDE71
C0316380
C033E7F8
C0366BDE
C038EF35
C03B7204
C03DF44D
C0407618
C042F766
C045783D
C047F8A2
C04A7897
C04CF822
C04F7745
C051F605
C0547466
C056F26A
C0597015
C05BED6A
C05E6A6D
C060E721
C0636388
C065DFA5
C0685B7C
C06AD70E
C06D525E
C06FCD6F
C0724843
C074C2DD
C0773D3E
C079B769
C07C315F
C07EAB24
C080925C
C081CF0E
C0830BAB
C0844831
C08584A3
C086C101
C087FD4C
C0893984
C08A75AA
C08BB1C0
C08CEDC5
C08E29BA
C08F659F
C090A176
C091DD3F
C09318FB
C09454A9
C095904B
C096CBE0
C098076A
C09942E9
C09A7E5D
C09BB9C7
C09CF526
C09E307C
C09F6BC9
C0A0A70D
C0A1E248
C0A31D7B
C0A458A7
C0A593CA
C0A6CEE6
C0A809FC
C0A9450A
C0AA8012
C0ABBB13
C0ACF60F
C0AE3105
C0AF6BF5
C0B0A6DF
C0B1E1C5
C0B31CA5
C0B45781
C0B59258
C0B6CD2B
C0B807F9
C0B942C4
C0BA7D8A
C0BBB84C
3F7AC94E
3F7A4268
3F79B727
3F792767
3F789305
3F77F9DA
3F775BC0
3F76B88D
3F761019
3F756238
3F74AEBF
3F73F57F
3F733648
3F7270EB
3F71A533
3F70D2EE
3F6FF9E4
3F6F19DF
3F6E32A4
3F6D43F8
3F6C4D9C
3F6B4F52
3F6A48D7
3F6939E7
3F68223C
3F67018D
3F65D78E
3F64A3F1
3F636667
3F621E9C
3F60CC39
3F5F6EE6
3F5E0647
3F5C91FD
3F5B11A5
3F5984DA
3F57EB33
3F564444
3F548F9D
3F52CCCA
3F50FB54
3F4F1AC0
3F4D2A8E
3F4B2A3B
3F491941
3F46F714
3F44C324
3F427CDE
3F4023A9
3F3DB6E9
3F3B35FE
3F38A042
3F35F50C
3F3333AF
3F305B78
3F2D6BB1
3F2A63A2
3F27428C
3F2407AE
3F20B243
3F1D4184
3F19B4A7
3F160ADF
3F12435D
3F0E5D51
3F0A57EB
3F06325A
3F01EBCE
3EFB06ED
3EF1F10F
3EE8946F
3EDEEF80
3ED500C2
3ECAC6C1
3EC04017
3EB56B71
3EAA4790
3E9ED34D
3E930D99
3E86F586
3E751482
3E5B963C
3E416F2B
3E269E90
3E0B2404
3DDDFEF8
3DA46298
3D52E8AE
3CB4D9CC
BC02A01A
BD1E4E4B
BD8F3E37
BDD093A4
BE099084
BE2B6F96
BE4DE30D
BE70E68B
BE8A3AAE
BE9C453D
BEAE904A
BEC1190C
BED3DC9C
BEE6D7FE
BEFA0823
BF06B4F6
BF107D1B
BF1A5AEC
BF244CD6
BF2E514A
BF3866BD
BF428BAE
BF4CBEA5
BF56FE36
BF614900
BF6B9DB3
BF75FB0D
BF802FEF
BF856582
BF8A9DB9
BF8FD815
BF951420
BF9A516E
BF9F8F9B
BFA4CE4A
BFAA0D28
BFAF4BEA
BFB48A4C
BFB9C810
BFBF0502
BFC440F0
BFC97BB3
BFCEB525
BFD3ED28
BFD923A2
BFDE587D
BFE38BA9
BFE8BD15
BFEDECB9
BFF31A8C
BFF84689
BFFD70AE
C0014C7D
C003DFB6
C0067206
C009036C
C00B93EE
C00E238D
C010B24D
C0134033
C015CD42
C0185981
C01AE4F2
C01D6F9D
C01FF985
C02282AF
C0250B22
C02792E2
C02A19F5
C02CA060
C02F2628
C031AB52
C0342FE4
C036B3E1
C0393750
C03BBA35
C03E3C95
C040BE74
C0433FD6
C045C0C1
C0484138
C04AC140
C04D40DB
C04FC00F
C0523EDF
C054BD4F
C0573B62
C059B91B
C05C367E
C05EB38E
C061304E
C063ACC1
C06628EA
C068A4CC
C06B2069
C06D9BC3
C07016DE
C07291BC
C0750C5F
C07786C9
C07A00FC
C07C7AFB
C07EF4C7
C080B731
C081F3E8
C0833087
C0846D11
C085A986
C086E5E8
C0882235
C0895E70
C08A9A9A
C08BD6B2
C08D12B9
C08E4EB0
C08F8A99
C090C672
C092023D
C0933DFB
C09479AB
C095B54F
C096F0E6
C0982C72
C09967F2
C09AA368
C09BDED3
C09D1A34
C09E558C
C09F90DA
C0A0CC1F
C0A2075C
C0A34291
C0A47DBD
C0A5B8E2
C0A6F3FF
C0A82F15
C0A96A25
C0AAA52E
C0ABE030
C0AD1B2D
C0AE5623
C0AF9114
C0B0CC00
C0B206E6
C0B341C8
C0B47CA4
C0B5B77C
C0B6F24F
C0B82D1E
C0B967E9
C0BAA2B0
C0BBDD73
3F7A1526
3F798E84
3F790386
3F78740A
3F77DFEB
3F774703
3F76A92B
3F76063C
3F755E0A
3F74B06B
3F73FD33
3F734434
3F72853E
3F71C020
3F70F4A7
3F7022A0
3F6F49D4
3F6E6A0B
3F6D830C
3F6C9499
3F6B9E77
3F6AA065
3F699A20
3F688B65
3F6773ED
3F665370
3F6529A1
3F63F632
3F62B8D4
3F617132
3F601EF7
3F5EC1CA
3F5D594D
3F5BE523
3F5A64E9
3F58D839
3F573EAA
3F5597CF
3F53E339
3F522074
3F504F08
3F4E6E7A
3F4C7E4B
3F4A7DF6
3F486CF6
3F464ABE
3F4416BF
3F41D065
3F3F7717
3F3D0A39
3F3A892B
3F37F345
3F3547E0
3F32864D
3F2FADDB
3F2CBDD2
3F29B57A
3F269414
3F2358DF
3F200315
3F1C91F0
3F1904A5
3F155A66
3F119265
3F0DABD2
3F09A5DC
3F057FB1
3F013882
3EF99EFB
3EF087B0
3EE7298E
3EDD8309
3ED3929F
3EC956DD
3EBECE5D
3EB3F7CA
3EA8D1E6
3E9D5B88
3E9193A4
3E857948
3E721748
3E589415
3E3E67E8
3E239203
3E0811FF
3DD7CFA4
3D9E279F
3D465AC4
3C9B8CAE
BC359F87
BD2B2815
BD95B861
BDD71B5D
BE0CDB4B
BE2EC16A
BE513C0B
BE7446D1
BE8BEE82
BE9DFCCD
BEB04BA0
BEC2D830
BED59F97
BEE89ED5
BEFBD2D8
BF079C42
BF116658
BF1B461A
BF2539F3
BF2F4055
BF3957B3
BF437E8C
BF4DB366
BF57F4D4
BF624177
BF6C97FD
BF76F723
BF80AEDC
BF85E54E
BF8B1E60
BF905992
BF95966F
BF9AD48B
BFA01380
BFA552F3
BFAA9291
BFAFD20D
BFB51124
BFBA4F9A
BFBF8D37
BFC4C9CC
BFCA0530
BFCF3F3F
BFD477DB
BFD9AEE8
BFDEE452
BFE41807
BFE949F9
BFEE7A1E
BFF3A86E
BFF8D4E3
BFFDFF7C
C001941C
C004278C
C006BA0F
C0094BA8
C00BDC5A
C00E6C28
C010FB15
C0138926
C0161660
C018A2C7
C01B2E5F
C01DB92F
C020433A
C022CC88
C025551C
C027DCFC
C02A642E
C02CEAB6
C02F709B
C031F5E0
C0347A8C
C036FEA3
C039822A
C03C0527
C03E879D
C0410992
C0438B09
C0460C08
C0488C92
C04B0CAC
C04D8C5A
C0500B9F
C0528A80
C05508FF
C0578721
C05A04E9
C05C825A
C05EFF78
C0617C45
C063F8C5
C06674FA
C068F0E7
C06B6C8F
C06DE7F5
C070631A
C072DE02
C07558AE
C077D322
C07A4D5E
C07CC765
C07F4139
C080DD6E
C0821A28
C08356CC
C0849359
C085CFD2
C0870C36
C0884887
C08984C5
C08AC0F1
C08BFD0C
C08D3916
C08E7510
C08FB0FB
C090ECD6
C09228A4
C0936464
C094A016
C095DBBC
C0971755
C09852E3
C0998E65
C09AC9DD
C09C054A
C09D40AC
C09E7C05
C09FB755
C0A0F29C
C0A22DDA
C0A36910
C0A4A43D
C0A5DF63
C0A71A82
C0A85599
C0A990AA
C0AACBB4
C0AC06B7
C0AD41B5
C0AE7CAC
C0AFB79E
C0B0F28B
C0B22D72
C0B36854
C0B4A331
C0B5DE0A
C0B718DE
C0B853AE
C0B98E79
C0BAC941
C0BC0405
3F795AF0
3F78D491
3F7849D7
3F77BA9F
3F7726C3
3F768E1E
3F75F08A
3F754DDD
3F74A5ED
3F73F891
3F73459A
3F728CDC
3F71CE26
3F710948
3F703E0F
3F6F6C46
3F6E93B7
3F6DB42A
3F6CCD66
3F6BDF2E
3F6AE944
3F69EB69
3F68E55B
3F67D6D5
3F66BF90
3F659F43
3F6475A4
3F634263
3F620530
3F60BDB8
3F5F6BA4
3F5E0E9B
3F5CA640
3F5B3236
3F59B218
3F582581
3F568C09
3F54E541
3F5330BB
3F516E02
3F4F9C9F
3F4DBC15
3F4BCBE6
3F49CB8E
3F47BA86
3F459841
3F436430
3F411DBF
3F3EC456
3F3C5757
3F39D621
3F37400F
3F349477
3F31D2AB
3F2EF9F9
3F2C09AA
3F290105
3F25DF4A
3F22A3B9
3F1F4D8C
3F1BDBFB
3F184E3C
3F14A380
3F10DAFA
3F0CF3D9
3F08ED4B
3F04C680
3F007EA5
3EF829D9
3EEF1110
3EE5B15A
3EDC092D
3ED21706
3EC7D96F
3EBD4F03
3EB2766E
3EA74E71
3E9BD5E2
3E900BB5
3E83EEF9
3E6EFDB8
3E557563
3E3B43E4
3E20687E
3E04E2C9
3DD16576
3D97B153
3D395538
3C814E4C
BC6A8597
BD387C93
BD9C706E
BDDDE186
BE104592
BE323305
BE54B51B
BE77C772
BE8DB2A9
BE9FC4D7
BEB21797
BEC4A81D
BED77381
BEEA76C1
BEFDAECC
BF088C40
BF12585C
BF1C3A22
BF262FFF
BF303861
BF3A51BE
BF447A91
BF4EB162
BF58F4C2
BF634350
BF6D9BBB
BF77FCC0
BF813296
BF8669EF
BF8BA3E4
BF90DFF5
BF961DAD
BF9B5C9E
BFA09C64
BFA5DCA3
BFAB1D08
BFB05D46
BFB59D1A
BFBADC47
BFC01A96
BFC557D9
BFCA93E5
BFCFCE97
BFD507D1
BFDA3F78
BFDF7576
BFE4A9BB
BFE9DC38
BFEF0CE3
BFF43BB4
BFF968A7
BFFE93B8
C001DE74
C004721C
C00704D6
C00996A4
C00C2788
C00EB786
C01146A2
C013D4E1
C0166246
C018EED6
C01B7A97
C01E058D
C0208FBE
C0231930
C025A1E6
C02829E8
C02AB139
C02D37E1
C02FBDE3
C0324345
C034C80C
C0374C3E
C039CFDE
C03C52F3
C03ED581
C041578C
C043D919
C0465A2D
C048DACB
C04B5AF9
C04DDAB9
C0505A10
C052D902
C0555792
C057D5C4
C05A539B
C05CD11B
C05F4E47
C061CB21
C06447AE
C066C3F0
C0693FE9
C06BBB9D
C06E370D
C070B23E
C0732D30
C075A7E6
C0782263
C07A9CA8
C07D16B8
C07F9095
C0810520
C08241DE
C0837E86
C084BB17
C085F793
C08733FA
C088704F
C089AC90
C08AE8BF
C08C24DD
C08D60E9
C08E9CE6
C08FD8D3
C09114B1
C0925081
C0938C43
C094C7F8
C09603A0
C0973F3B
C0987ACB
C099B64F
C09AF1C8
C09C2D37
C09D689C
C09EA3F6
C09FDF48
C0A11A90
C0A255CF
C0A39106
C0A4CC35
C0A6075D
C0A7427C
C0A87D95
C0A9B8A7
C0AAF3B2
C0AC2EB6
C0AD69B5
C0AEA4AD
C0AFDFA0
C0B11A8E
C0B25576
C0B39059
C0B4CB37
C0B60610
C0B740E5
C0B87BB5
C0B9B682
C0BAF14A
C0BC2C0E
3F789A7A
3F78145F
3F7789E8
3F76FAF3
3F76675B
3F75CEFA
3F7531A8
3F748F3E
3F73E791
3F733A76
3F7287C2
3F71CF44
3F7110CF
3F704C31
3F6F8136
3F6EAFAB
3F6DD75A
3F6CF809
3F6C1180
3F6B2382
3F6A2DD1
3F69302D
3F682A55
3F671C02
3F6604F0
3F64E4D5
3F63BB64
3F628850
3F614B48
3F6003F8
3F5EB20A
3F5D5525
3F5BECEB
3F5A78FF
3F58F8FD
3F576C7E
3F55D31B
3F542C65
3F5277ED
3F50B53F
3F4EE3E2
3F4D035B
3F4B132A
3F4912CC
3F4701B9
3F44DF65
3F42AB41
3F4064B6
3F3E0B2E
3F3B9E0A
3F391CAA
3F368668
3F33DA9A
3F311891
3F2E3F9B
3F2B4F01
3F28460A
3F2523F6
3F21E803
3F1E916D
3F1B1F6B
3F179131
3F13E5F3
3F101CE1
3F0C352B
3F082DFF
3F04068A
3EFF7BFA
3EF6A70E
3EED8CB6
3EE42B5C
3EDA8173
3ED08D7A
3EC64DFA
3EBBC18E
3EB0E6E1
3EA5BCB3
3E9A41DC
3E8E754D
3E825617
3E6BC6CD
3E523921
3E380218
3E1D20F5
3E019553
3DCABE4D
3D90FD8D
3D2BD3B5
3C4C2BC9
BC90B1FB
BD46503D
BDA368A0
BDE4E865
BE13D07E
BE35C591
BE584F68
BE7B699F
BE8F87BD
BEA19DF5
BEB3F4CA
BEC6896F
BED958F8
BEEC6065
BEFF9CA0
BF098544
BF135378
BF1D3758
BF272F4D
BF3139C5
BF3B5534
BF458016
BF4FB8F1
BF59FE56
BF644EE4
BF6EA947
BF790C3D
BF81BB49
BF86F393
BF8C2E74
BF916B6D
BF96AA08
BF9BE9D7
BFA12A76
BFA66B8A
BFABACBD
BFB0EDC5
BFB62E5D
BFBB6E48
BFC0AD51
BFC5EB48
BFCB2804
BFD06360
BFD59D3D
BFDAD583
BFE00C1C
BFE540F6
BFEA7403
BFEFA53A
BFF4D492
BFFA0207
BFFF2D96
C0022BA0
C004BF82
C0075274
C009E478
C00C7591
C00F05C2
C011950F
C014237C
C016B10E
C0193DCA
C01BC9B5
C01E54D3
C020DF2B
C02368C2
C025F19C
C02879C1
C02B0134
C02D87FB
C0300E1C
C032939B
C035187F
C0379CCC
C03A2087
C03CA3B5
C03F265B
C041A87E
C0442A22
C046AB4B
C0492BFF
C04BAC40
C04E2C13
C050AB7D
C0532A81
C055A922
C0582764
C05AA54B
C05D22DB
C05FA015
C0621CFE
C0649998
C06715E7
C06991ED
C06C0DAD
C06E8929
C0710464
C0737F61
C075FA22
C07874A9
C07AEEF8
C07D6911
C07FE2F7
C0812E55
C0826B17
C083A7C3
C084E458
C08620D7
C0875D42
C088999A
C089D5DE
C08B1211
C08C4E31
C08D8A41
C08EC641
C0900230
C0913E11
C09279E3
C093B5A8
C094F15F
C0962D09
C09768A6
C098A438
C099DFBE
C09B1B39
C09C56AA
C09D9210
C09ECD6C
C0A008BF
C0A14409
C0A27F4A
C0A3BA83
C0A4F5B3
C0A630DC
C0A76BFD
C0A8A717
C0A9E22A
C0AB1D36
C0AC583B
C0AD933B
C0AECE35
C0B00928
C0B14417
C0B27F00
C0B3B9E3
C0B4F4C2
C0B62F9D
C0B76A72
C0B8A543
C0B9E010
C0BB1AD9
C0BC559E
3F77D390
3F774DB8
3F76C386
3F7634D4
3F75A180
3F750962
3F746C53
3F73CA2C
3F7322C1
3F7275E8
3F71C375
3F710B39
3F704D04
3F6F88A5
3F6EBDE9
3F6DEC9C
3F6D1488
3F6C3573
3F6B4F25
3F6A6160
3F696BE7
3F686E7B
3F6768D7
3F665AB9
3F6543D9
3F6423ED
3F62FAAB
3F61C7C3
3F608AE5
3F5F43BD
3F5DF1F4
3F5C9532
3F5B2D18
3F59B949
3F583961
3F56ACF9
3F5513A9
3F536D04
3F51B899
3F4FF5F3
3F4E249B
3F4C4414
3F4A53E0
3F48537A
3F46425A
3F441FF4
3F41EBB8
3F3FA511
3F3D4B67
3F3ADE1C
3F385C8E
3F35C617
3F331A0F
3F3057C4
3F2D7E86
3F2A8D9D
3F27844F
3F2461DC
3F212583
3F1DCE7E
3F1A5C04
3F16CD4A
3F132183
3F0F57DE
3F0B6F8C
3F0767B9
3F033F94
3EFDEC98
3EF51620
3EEBFA26
3EE29714
3ED8EB5D
3ECEF57D
3EC4B3FF
3EBA257C
3EAF48A0
3EA41C2A
3E989EF1
3E8CCFE7
3E80AE1C
3E68717A
3E4EDE3C
3E34A16E
3E19BA53
3DFC510B
3DC3D7F5
3D8A0A14
3D1DD1BD
3C13B4D4
BCAD2677
BD54A7B0
BDAAA34B
BDEC3254
BE177D3F
BE397A40
BE5C0C28
BE7F2E90
BE916E5C
BEA388C8
BEB5E3DC
BEC87CC9
BEDB50A3
BEEE5C66
BF00CE7E
BF0A87A0
BF145804
BF1E3E12
BF283834
BF3244D7
BF3C626E
BF468F74
BF50CA6E
BF5B11ED
BF65648E
BF6FC0FE
BF7A25F9
BF824926
BF87826A
BF8CBE41
BF91FC2A
BF973BB1
BF9C7C68
BFA1BDE9
BFA6FFD8
BFAC41E2
BFB183BC
BFB6C520
BFBC05D2
BFC1459C
BFC6844E
BFCBC1BF
BFD0FDCC
BFD63854
BFDB7140
BFE0A879
BFE5DDEE
BFEB1191
BFF04359
BFF5733D
BFFAA139
BFFFCD4B
C0027BB9
C0050FD9
C007A305
C00A3542
C00CC691
C00F56F6
C011E676
C0147514
C01702D5
C0198FBE
C01C1BD4
C01EA71D
C021319D
C023BB5B
C026445B
C028CCA3
C02B5438
C02DDB21
C0306161
C032E700
C0356C01
C037F06B
C03A7441
C03CF78A
C03F7A49
C041FC85
C0447E40
C046FF80
C0498049
C04C009F
C04E8086
C0510003
C0537F1A
C055FDCD
C0587C20
C05AFA18
C05D77B7
C05FF501
C06271F8
C064EEA1
C0676AFD
C069E710
C06C62DC
C06EDE65
C07159AC
C073D4B4
C0764F7F
C078CA10
C07B4469
C07DBE8C
C0801C3D
C081591C
C08295E2
C083D291
C0850F2A
C0864BAE
C087881D
C088C478
C08A00C0
C08B3CF5
C08C7919
C08DB52C
C08EF12E
C0902D21
C0916904
C092A4D9
C093E0A0
C0951C59
C0965805
C09793A5
C098CF39
C09A0AC1
C09B463E
C09C81B1
C09DBD19
C09EF877
C0A033CB
C0A16F17
C0A2AA59
C0A3E593
C0A520C5
C0A65BEF
C0A79712
C0A8D22D
C0AA0D41
C0AB484E
C0AC8355
C0ADBE56
C0AEF950
C0B03445
C0B16F35
C0B2AA1E
C0B3E503
C0B51FE3
C0B65ABE
C0B79594
C0B8D066
C0BA0B34
C0BB45FE
C0BC80C4
3F7705FD
3F768069
3F75F67A
3F75680C
3F74D4FB
3F743D20
3F73A055
3F72FE70
3F725748
3F71AAB1
3F70F87F
3F704083
3F6F828F
3F6EBE6F
3F6DF3F2
3F6D22E3
3F6C4B0B
3F6B6C32
3F6A861E
3F699893
3F68A352
3F67A61B
3F66A0AD
3F6592C2
3F647C13
3F635C57
3F623342
3F610086
3F5FC3D1
3F5E7CCF
3F5D2B2B
3F5BCE8A
3F5A668F
3F58F2DC
3F57730C
3F55E6BA
3F544D7C
3F52A6E6
3F50F285
3F4F2FE6
3F4D5E90
3F4B7E08
3F498DCE
3F478D5D
3F457C2D
3F4359B3
3F41255D
3F3EDE96
3F3C84C6
3F3A1750
3F379590
3F34FEE2
3F32529B
3F2F900B
3F2CB680
3F29C542
3F26BB98
3F2398C1
3F205BFC
3F1D0481
3F19918A
3F160249
3F1255F2
3F0E8BB3
3F0AA2BC
3F069A3B
3F02715E
3EFC4EA3
3EF3768F
3EEA58E0
3EE0F402
3ED74667
3ECD4E8C
3EC30AF9
3EB87A49
3EAD9B25
3EA26C4E
3E96EC99
3E8B1AFA
3E7DECFB
3E64FCA8
3E4B639D
3E3120CD
3E16337A
3DF5367F
3DBCB028
3D82D49D
3D0F4AAE
3BB249F9
BCCAA9B3
BD6387B2
BDB222D8
BDF3C1C3
BE1B4D10
BE3D5252
BE5FEC9D
BE818BC5
BE93672B
BEA585F5
BEB7E573
BECA82D4
BEDD5B2B
BEF06B70
BF01D847
BF0B93AE
BF156657
BF1F4EAA
BF294B10
BF3359F4
BF3D79C8
BF47A908
BF51E637
BF5C2FE5
BF6684AE
BF70E33F
BF7B4A54
BF82DC5C
BF8816A4
BF8D537A
BF92925F
BF97D2DB
BF9D1482
BFA256ED
BFA799C2
BFACDCAC
BFB21F5F
BFB76197
BFBCA318
BFC1E3AA
BFC7231F
BFCC614E
BFD19E11
BFD6D94C
BFDC12E4
BFE14AC3
BFE680D9
BFEBB519
BFF0E777
BFF617ED
BFFB4675
C0003988
C002CEDD
C005633C
C007F6A5
C00A891C
C00D1AA4
C00FAB40
C0123AF4
C014C9C5
C01757B7
C019E4CF
C01C7113
C01EFC87
C0218731
C0241117
C0269A3E
C02922AB
C02BAA64
C02E3170
C030B7D2
C0333D90
C035C2B0
C0384737
C03ACB2B
C03D4E8F
C03FD168
C04253BD
C044D590
C04756E8
C049D7C7
C04C5833
C04ED830
C05157C1
C053D6EA
C05655B0
C058D415
C05B521E
C05DCFCD
C0604D27
C062CA2E
C06546E5
C067C350
C06A3F70
C06CBB49
C06F36DE
C071B231
C0742D45
C076A81C
C07922B8
C07B9D1B
C07E1748
C08048A0
C0818583
C082C24E
C083FF01
C0853B9E
C0867826
C087B498
C088F0F7
C08A2D42
C08B697B
C08CA5A2
C08DE1B8
C08F1DBD
C09059B3
C0919599
C092D171
C0940D3A
C09548F6
C09684A5
C097C047
C098FBDD
C09A3767
C09B72E6
C09CAE5B
C09DE9C5
C09F2524
C0A0607B
C0A19BC8
C0A2D70C
C0A41248
C0A54D7B
C0A688A6
C0A7C3CA
C0A8FEE7
C0AA39FC
C0AB750B
C0ACB013
C0ADEB15
C0AF2610
C0B06106
C0B19BF6
C0B2D6E1
C0B411C7
C0B54CA8
C0B68784
C0B7C25B
C0B8FD2E
C0BA37FC
C0BB72C7
C0BCAD8D
3F76318A
3F75AC3A
3F75228E
3F749464
3F740196
3F7369FF
3F72CD76
3F722BD4
3F7184EE
3F70D899
3F7026A8
3F6F6EED
3F6EB138
3F6DED57
3F6D2319
3F6C5247
3F6B7AAB
3F6A9C0D
3F69B633
3F68C8E1
3F67D3D7
3F66D6D7
3F65D19D
3F64C3E4
3F63AD66
3F628DD9
3F6164F0
3F60325F
3F5EF5D2
3F5DAEF6
3F5C5D75
3F5B00F4
3F599917
3F58257E
3F56A5C5
3F551987
3F53805A
3F51D9CF
3F502577
3F4E62DD
3F4C9188
3F4AB0FC
3F48C0B9
3F46C03A
3F44AEF8
3F428C66
3F4057F3
3F3E1109
3F3BB711
3F39496B
3F36C776
3F34308C
3F318401
3F2EC127
3F2BE74A
3F28F5B3
3F25EBA7
3F22C866
3F1F8B2E
3F1C3339
3F18BFBD
3F152FEF
3F118300
3F0DB81F
3F09CE7D
3F05C545
3F019BA6
3EFAA19A
3EF1C7D5
3EE8A85E
3EDF41A0
3ED5920C
3ECB981E
3EC15260
3EB6BF6A
3EABDDE6
3EA0AC93
3E952A48
3E8955F7
3E7A5D5B
3E616735
3E47C820
3E2D7F0E
3E128B42
3DEDD8AF
3DB54489
3D76B58A
3D0039BA
3AE346F7
BCE9457A
BD72F534
BDB9E9C5
BDFB9936
BE1F4137
BE414F0E
BE63F213
BE8392EE
BE9572D1
BEA79627
BEB9FA3C
BECC9C40
BEDF7940
BEF28E37
BF02EC05
BF0CA9C8
BF167ECE
BF20697D
BF2A683D
BF347979
BF3E9BA2
BF48CD32
BF530CAC
BF5D589F
BF67AFA7
BF721070
BF7C79B3
BF83751F
BF88B076
BF8DEE55
BF932E3E
BF986FBA
BF9DB25A
BFA2F5BA
BFA8397D
BFAD7D4F
BFB2C0E5
BFB803FA
BFBD4651
BFC287B4
BFC7C7F3
BFCD06E6
BFD24468
BFD7805C
BFDCBAA7
BFE1F333
BFE729F1
BFEC5ED3
BFF191CE
BFF6C2DB
BFFBF1F6
C0008F8E
C0032528
C005B9C8
C0084D71
C00AE026
C00D71E8
C01002BD
C01292A8
C01521AD
C017AFD2
C01A3D1B
C01CC98D
C01F552F
C021E005
C0246A14
C026F364
C0297BF8
C02C03D7
C02E8B06
C031118B
C033976A
C0361CAB
C038A150
C03B2561
C03DA8E2
C0402BD7
C042AE46
C0453033
C047B1A2
C04A3299
C04CB31C
C04F332E
C051B2D4
C0543211
C056B0EA
C0592F62
C05BAD7D
C05E2B3D
C060A8A7
C06325BE
C065A285
C0681EFE
C06A9B2C
C06D1713
C06F92B5
C0720E15
C0748935
C0770417
C0797EBE
C07BF92C
C07E7363
C08076B3
C081B39B
C082F06A
C0842D22
C08569C3
C086A64F
C087E2C5
C0891F28
C08A5B77
C08B97B3
C08CD3DD
C08E0FF6
C08F4BFF
C09087F7
C091C3E1
C092FFBB
C0943B87
C0957745
C096B2F6
C097EE9B
C0992A33
C09A65C0
C09BA141
C09CDCB7
C09E1823
C09F5385
C0A08EDD
C0A1CA2C
C0A30572
C0A440AF
C0A57BE4
C0A6B711
C0A7F236
C0A92D54
C0AA686B
C0ABA37B
C0ACDE84
C0AE1987
C0AF5484
C0B08F7B
C0B1CA6C
C0B30558
C0B4403F
C0B57B20
C0B6B5FD
C0B7F0D5
C0B92BA9
C0BA6678
C0BBA144
C0BCDC0B
3F755600
3F74D0F3
3F74478B
3F73B9A4
3F732719
3F728FC4
3F71F37E
3F71521E
3F70AB7A
3F6FFF66
3F6F4DB6
3F6E963C
3F6DD8C6
3F6D1525
3F6C4B24
3F6B7A8F
3F6AA32F
3F69C4CC
3F68DF2B
3F67F211
3F66FD3E
3F660073
3F64FB6C
3F63EDE5
3F62D797
3F61B838
3F608F7B
3F5F5D13
3F5E20AD
3F5CD9F6
3F5B8896
3F5A2C34
3F58C473
3F5750F3
3F55D150
3F544524
3F52AC05
3F510585
3F4F5134
3F4D8E9C
3F4BBD45
3F49DCB2
3F47EC64
3F45EBD5
3F43DA7D
3F41B7D0
3F3F833C
3F3D3C2C
3F3AE207
3F38742E
3F35F200
3F335AD4
3F30AE02
3F2DEAD9
3F2B10A5
3F281EAF
3F25143C
3F21F08B
3F1EB2DB
3F1B5A64
3F17E65C
3F1455F9
3F10A86B
3F0CDCE1
3F08F28A
3F04E893
3F00BE29
3EF8E4F4
3EF0096A
3EE6E817
3EDD7F63
3ED3CDBF
3EC9D1A8
3EBF89A6
3EB4F451
3EAA1052
3E9EDC69
3E93576C
3E87804C
3E76AC2D
3E5DAFF7
3E440A98
3E29BB02
3E0EC078
3DE6352E
3DAD92AA
3D673431
3CE133D5
BB0A4E41
BD0481F5
BD817AA9
BDC1FAA8
BE01DDA5
BE235B04
BE4571C8
BE681DE2
BE85AD71
BE979200
BEA9BA0F
BEBC22EB
BECEC9C0
BEE1AB9B
BEF4C572
BF040A15
BF0DCA4D
BF17A1C8
BF218EEB
BF2B901D
BF35A3C9
BF3FC85E
BF49FC56
BF543E33
BF5E8C82
BF68E5E0
BF7348F6
BF7DB47F
BF8413A3
BF895013
BF8E8F07
BF93CFFF
BF991283
BF9E5627
BFA39A85
BFA8DF40
BFAE2404
BFB36885
BFB8AC7F
BFBDEFB5
BFC331F1
BFC87303
BFCDB2C2
BFD2F10B
BFD82DBE
BFDD68C3
BFE2A204
BFE7D970
BFED0EFA
BFF24298
BFF77443
BFFCA3F6
C000E8D8
C0037EB8
C006139D
C008A788
C00B3A7C
C00DCC7C
C0105D8B
C012EDAF
C0157CEB
C0180B45
C01A98C0
C01D2564
C01FB134
C0223C38
C024C673
C0274FEC
C029D8A9
C02C60AE
C02EE803
C0316EAC
C033F4AE
C0367A0F
C038FED5
C03B8305
C03E06A3
C04089B5
C0430C3F
C0458E46
C0480FCF
C04A90DE
C04D1178
C04F91A1
C052115C
C05490AF
C0570F9C
C0598E27
C05C0C54
C05E8A27
C06107A2
C06384C9
C066019F
C0687E28
C06AFA65
C06D765A
C06FF20A
C0726D76
C074E8A3
C0776391
C079DE43
C07C58BD
C07ED2FF
C080A686
C081E372
C0832047
C0845D03
C08599A9
C086D638
C08812B3
C0894F19
C08A8B6C
C08BC7AC
C08D03DA
C08E3FF7
C08F7C02
C090B7FE
C091F3EA
C0932FC7
C0946B96
C095A757
C096E30B
C0981EB2
C0995A4D
C09A95DB
C09BD15F
C09D0CD7
C09E4845
C09F83A9
C0A0BF03
C0A1FA54
C0A3359B
C0A470DA
C0A5AC11
C0A6E73F
C0A82266
C0A95D85
C0AA989E
C0ABD3AF
C0AD0EB9
C0AE49BE
C0AF84BC
C0B0BFB4
C0B1FAA6
C0B33593
C0B4707B
C0B5AB5D
C0B6E63B
C0B82114
C0B95BE9
C0BA96B9
C0BBD185
C0BD0C4D
3F747322
3F73EE59
3F736534
3F72D790
3F724548
3F71AE36
3F711233
3F707114
3F6FCAB2
3F6F1EDF
3F6E6D70
3F6DB635
3F6CF8FE
3F6C359B
3F6B6BD8
3F6A9B7F
3F69C45B
3F68E632
3F6800CA
3F6713E7
3F661F4B
3F6522B4
3F641DE0
3F63108A
3F61FA6A
3F60DB38
3F5FB2A6
3F5E8065
3F5D4426
3F5BFD92
3F5AAC52
3F59500E
3F57E867
3F5674FE
3F54F56F
3F536953
3F51D041
3F5029C9
3F4E757C
3F4CB2E4
3F4AE189
3F4900ED
3F471090
3F450FEE
3F42FE7E
3F40DBB2
3F3EA6FA
3F3C5FC0
3F3A0569
3F379759
3F3514ED
3F327D7C
3F2FD05D
3F2D0CDF
3F2A324F
3F273FF5
3F243514
3F2110EE
3F1DD2BE
3F1A79BE
3F170524
3F137424
3F0FC5EE
3F0BF9B3
3F080E9F
3F0403DF
3EFFB142
3EF71824
3EEE3AC1
3EE5177C
3EDBACBC
3ED1F8F2
3EC7FA99
3EBDB039
3EB3186B
3EA831D7
3E9CFB3B
3E91736E
3E859961
3E72D842
3E59D5B9
3E4029CD
3E25D36E
3E0AD1E0
3DDE497E
3DA59806
3D572018
3CC0CC3B
BBC7CA19
BD14F7BE
BD89C6AB
BDCA582B
BE061557
BE279BD5
BE49BBE2
BE6C716D
BE87DC01
BE99C56C
BEABF265
BEBE6039
BED10C10
BEE3F2F7
BEF711E1
BF0532D8
BF0EF59E
BF18CFA6
BF22BF56
BF2CC313
BF36D948
BF410063
BF4B36DB
BF557B33
BF5FCBF7
BF6A27C1
BF748D3D
BF7EFB22
BF84B81E
BF89F5B3
BF8F35C6
BF9477D7
BF99BB70
BF9F0022
BFA44587
BFA98B44
BFAED103
BFB41679
BFB95B62
BFBE9F80
BFC3E29D
BFC9248A
BFCE651E
BFD3A435
BFD8E1B0
BFDE1D76
BFE35773
BFE88F94
BFEDC5CD
BFF2FA15
BFF82C63
BFFD5CB4
C0014583
C003DBAD
C00670D9
C0090508
C00B983E
C00E2A7E
C010BBCB
C0134C2A
C015DB9F
C0186A2F
C01AF7E0
C01D84B6
C02010B7
C0229BEA
C0252652
C027AFF7
C02A38DE
C02CC10C
C02F4887
C031CF55
C034557C
C036DB00
C0395FE7
C03BE436
C03E67F3
C040EB23
C0436DC9
C045EFEC
C048718F
C04AF2B8
C04D736A
C04FF3AA
C052737C
C054F2E4
C05771E6
C059F085
C05C6EC6
C05EECAB
C0616A38
C063E770
C0666457
C068E0EF
C06B5D3C
C06DD93F
C07054FD
C072D077
C0754BB0
C077C6AB
C07A416A
C07CBBEF
C07F363C
C080D82A
C082151C
C08351F5
C0848EB6
C085CB60
C08707F4
C0884473
C08980DE
C08ABD34
C08BF978
C08D35AA
C08E71CA
C08FADD9
C090E9D8
C09225C7
C09361A7
C0949D79
C095D93D
C09714F3
C098509D
C0998C3A
C09AC7CB
C09C0351
C09D3ECB
C09E7A3C
C09FB5A1
C0A0F0FD
C0A22C50
C0A36799
C0A4A2DA
C0A5DE12
C0A71942
C0A8546B
C0A98F8B
C0AACAA5
C0AC05B8
C0AD40C3
C0AE7BC9
C0AFB6C8
C0B0F1C2
C0B22CB5
C0B367A3
C0B4A28C
C0B5DD70
C0B7184E
C0B85328
C0B98DFE
C0BAC8CF
C0BC039C
C0BD3E64
3F7388B7
3F730430
3F727B4E
3F71EDED
3F715BE8
3F70C518
3F702956
3F6F887A
3F6EE259
3F6E36C7
3F6D8597
3F6CCE9B
3F6C11A4
3F6B4E7E
3F6A84F8
3F69B4DB
3F68DDF1
3F680002
3F671AD2
3F662E26
3F6539BE
3F643D5B
3F6338B9
3F622B93
3F6115A1
3F5FF69A
3F5ECE32
3F5D9C18
3F5C5FFD
3F5B198B
3F59C86A
3F586C42
3F5704B4
3F559160
3F5411E3
3F5285D5
3F50ECCC
3F4F465B
3F4D9210
3F4BCF75
3F49FE13
3F481D6B
3F462CFD
3F442C44
3F421AB7
3F3FF7CA
3F3DC2E9
3F3B7B81
3F3920F6
3F36B2AA
3F342FFA
3F319840
3F2EEACF
3F2C26F7
3F294C05
3F265940
3F234DEC
3F202948
3F1CEA92
3F199102
3F161BCE
3F128A2A
3F0EDB45
3F0B0E4E
3F072274
3F0316E3
3EFDD58E
3EF53A9A
3EEC5B49
3EE335FB
3ED9C917
3ED0130E
3EC6125A
3EBBC583
3EB12B20
3EA641DA
3E9B086E
3E8F7DB3
3E83A099
3E6EE05B
3E55D73E
3E3C247F
3E21C70F
3E06BE33
3DD6130B
3D9D5201
3D4673FB
3C9F3206
BC27A106
BD260981
BD92615A
BDD30512
BE0A7517
BE2C0512
BE4E2EC8
BE70EE24
BE8A1F59
BE9C0DD1
BEAE3FE7
BEC0B2E5
BED363F2
BEE65018
BEF97449
BF0666B2
BF102C1F
BF1A08CF
BF23FB26
BF2E0189
BF381A60
BF42441A
BF4C7D2C
BF56C418
BF611769
BF6B75BA
BF75DDB3
BF802707
BF8562C9
BF8AA18D
BF8FE2CB
BF952602
BF9A6AB9
BF9FB084
BFA4F6FC
BFAA3DC4
BFAF8489
BFB4CAFD
BFBA10DE
BFBF55ED
BFC499F5
BFC9DCC6
BFCF1E37
BFD45E24
BFD99C6F
BFDED8FE
BFE413BD
BFE94C9B
BFEE838B
BFF3B882
BFF8EB7B
BFFE1C70
C001A5B1
C0043C27
C006D19D
C0096613
C00BF98E
C00E8C10
C0111D9D
C013AE39
C0163DE9
C018CCB2
C01B5A9A
C01DE7A5
C02073D9
C022FF3D
C02589D4
C02813A7
C02A9CB9
C02D2511
C02FACB5
C03233AA
C034B9F5
C0373F9D
C039C4A7
C03C4918
C03ECCF5
C0415043
C043D307
C0465546
C048D705
C04B5848
C04DD913
C050596C
C052D955
C05558D4
C057D7EB
C05A569F
C05CD4F4
C05F52EC
C061D08C
C0644DD6
C066CACE
C0694776
C06BC3D3
C06E3FE6
C070BBB2
C073373A
C075B281
C0782D89
C07AA854
C07D22E5
C07F9D3E
C0810BB0
C08248A7
C0838586
C084C24C
C085FEFB
C0873B94
C0887817
C089B486
C08AF0E1
C08C2D28
C08D695E
C08EA581
C08FE194
C0911D96
C0925989
C093956C
C094D141
C0960D07
C09748C0
C098846D
C099C00C
C09AFBA0
C09C3728
C09D72A5
C09EAE17
C09FE97F
C0A124DD
C0A26032
C0A39B7D
C0A4D6C0
C0A611FA
C0A74D2B
C0A88855
C0A9C378
C0AAFE93
C0AC39A7
C0AD74B4
C0AEAFBB
C0AFEABB
C0B125B6
C0B260AB
C0B39B9A
C0B4D684
C0B61169
C0B74C48
C0B88723
C0B9C1FA
C0BAFCCC
C0BC3799
C0BD7263
3F72967F
3F72123B
3F71899B
3F70FC7D
3F706AB9
3F6FD42C
3F6F38AB
3F6E9810
3F6DF22F
3F6D46DE
3F6C95EE
3F6BDF31
3F6B2277
3F6A5F8F
3F699644
3F68C662
3F67EFB3
3F6711FC
3F662D04
3F65408D
3F644C5A
3F635029
3F624BB8
3F613EC0
3F6028FB
3F5F0A1F
3F5DE1DE
3F5CAFEB
3F5B73F2
3F5A2DA0
3F58DC9D
3F57808E
3F561917
3F54A5D7
3F532669
3F519A67
3F500167
3F4E5AF9
3F4CA6AD
3F4AE40D
3F4912A0
3F4731E9
3F454166
3F434094
3F412EE7
3F3F0BD4
3F3CD6C7
3F3A8F2C
3F383468
3F35C5DB
3F3342E4
3F30AADA
3F2DFD11
3F2B38DA
3F285D80
3F256A4A
3F225E7C
3F1F3955
3F1BFA11
3F189FEA
3F152A13
3F1197C2
3F0DE824
3F0A1A6A
3F062DC1
3F022154
3EFBE89E
3EF34BC1
3EEA6A6A
3EE142FC
3ED7D3DC
3ECE1B7A
3EC41851
3EB9C8E7
3EAF2BD3
3EA43FBD
3E990363
3E8D759A
3E819553
3E6AC333
3E51B33B
3E37F961
3E1D9496
3E02841D
3DCD8F2A
3D94BDEB
3D352A6E
3C78B47E
BC6DDDA7
BD37BCD5
BD9B4D8C
BDDC0436
BE0EFE56
BE30982F
BE52CBF1
BE759584
BE8C7838
BE9E6BF1
BEB0A359
BEC31BB6
BED5D22E
BEE8C3C9
BEFBED76
BF07A60A
BF116E39
BF1B4DAC
BF2542C5
BF2F4BE9
BF39677D
BF4393F1
BF4DCFB8
BF581952
BF626F4B
BF6CD03B
BF773ACB
BF80D6D9
BF8613DD
BF8B53DE
BF909653
BF95DABA
BF9B209C
BFA0678A
BFA5AF1F
BFAAF6FE
BFB03ED3
BFB58650
BFBACD32
BFC0133C
BFC55838
BFCA9BF6
BFCFDE4C
BFD51F18
BFDA5E3B
BFDF9B9C
BFE4D725
BFEA10C7
BFEF4874
BFF47E23
BFF9B1CC
BFFEE36D
C0020981
C004A047
C007360A
C009CACB
C00C5E8D
C00EF153
C0118322
C01413FF
C016A3EC
C01932F1
C01BC112
C01E4E54
C020DABD
C0236653
C025F11C
C0287B1D
C02B045D
C02D8CE0
C03014AE
C0329BCC
C035223E
C037A80B
C03A2D39
C03CB1CC
C03F35CB
C041B939
C0443C1C
C046BE78
C0494054
C04BC1B2
C04E4298
C050C309
C053430B
C055C2A1
C05841CF
C05AC099
C05D3F02
C05FBD0E
C0623AC1
C064B81E
C0673527
C069B1E1
C06C2E4E
C06EAA71
C071264C
C073A1E3
C0761D38
C078984E
C07B1326
C07D8DC3
C0800414
C081412B
C0827E28
C083BB0C
C084F7D7
C086348B
C0877129
C088ADB0
C089EA24
C08B2683
C08C62CE
C08D9F08
C08EDB2F
C0901745
C091534B
C0928F41
C093CB27
C09506FF
C09642C9
C0977E85
C098BA34
C099F5D6
C09B316D
C09C6CF7
C09DA877
C09EE3EB
C0A01F55
C0A15AB5
C0A2960C
C0A3D159
C0A50C9E
C0A647D9
C0A7830D
C0A8BE39
C0A9F95D
C0AB3479
C0AC6F8F
C0ADAA9D
C0AEE5A6
C0B020A8
C0B15BA3
C0B29699
C0B3D18A
C0B50C75
C0B6475B
C0B7823B
C0B8BD17
C0B9F7EF
C0BB32C2
C0BC6D90
C0BDA85B
3F719C3C
3F711839
3F708FDC
3F7002FF
3F6F717D
3F6EDB31
3F6E3FF2
3F6D9F97
3F6CF9F6
3F6C4EE4
3F6B9E33
3F6AE7B4
3F6A2B38
3F69688C
3F689F7C
3F67CFD5
3F66F95E
3F661BDF
3F65371D
3F644ADC
3F6356DC
3F625ADC
3F61569A
3F6049D0
3F5F3437
3F5E1583
3F5CED6A
3F5BBB9A
3F5A7FC3
3F59398F
3F57E8A7
3F568CB1
3F55254E
3F53B21F
3F5232BF
3F50A6C7
3F4F0DCB
3F4D675F
3F4BB30F
3F49F067
3F481EEC
3F463E23
3F444D88
3F424C98
3F403AC7
3F3E178A
3F3BE24D
3F399A7B
3F373F79
3F34D0A7
3F324D62
3F2FB503
3F2D06DE
3F2A4241
3F276678
3F2472CA
3F21667B
3F1E40C9
3F1B00F1
3F17A62A
3F142FA9
3F109CA1
3F0CEC43
3F091DBC
3F053038
3F0122E5
3EF9E9DB
3EF14AFC
3EE86789
3EDF3DE2
3ED5CC6D
3ECC1198
3EC20BDE
3EB7B9C5
3EAD19E2
3EA22ADD
3E96EB75
3E8B5A7D
3E7EEDCC
3E667F78
3E4D685C
3E33A71B
3E193AA6
3DFC4484
3DC4BB18
3D8BD8FB
3D233DCF
3C307318
BC9B58EC
BD4A1786
BDA48E2A
BDE5588B
BE13B292
BE3556AE
BE5794E3
BE7A6917
BE8EE766
BEA0E096
BEB31D85
BEC59B79
BED85793
BEEB4EDB
BEFE7E3D
BF08F14A
BF12BC58
BF1C9EAA
BF2696A2
BF30A2A2
BF3AC110
BF44F059
BF4F2EF0
BF597B54
BF63D40F
BF6E37BB
BF78A4FC
BF818D46
BF86CB98
BF8C0CE2
BF915099
BF96963D
BF9BDD55
BFA12573
BFA66E31
BFABB732
BFB10021
BFB648B2
BFBB90A0
BFC0D7AF
BFC61DA8
BFCB625C
BFD0A5A1
BFD5E755
BFDB2758
BFE06593
BFE5A1EF
BFEADC5C
BFF014CE
BFF54B3B
BFFA7F9D
BFFFB1EF
C0027118
C0050831
C0079E43
C00A3351
C00CC75D
C00F5A6C
C011EC80
C0147D9E
C0170DCC
C0199D0E
C01C2B6A
C01EB8E5
C0214586
C023D151
C0265C4C
C028E67F
C02B6FED
C02DF89F
C0308098
C03307DF
C0358E7A
C038146E
C03A99C2
C03D1E79
C03FA299
C0422629
C044A92C
C0472BA7
C049ADA0
C04C2F1B
C04EB01C
C05130A8
C053B0C3
C0563071
C058AFB6
C05B2E97
C05DAD15
C0602B37
C062A8FD
C065266D
C067A389
C06A2055
C06C9CD3
C06F1906
C07194F2
C0741098
C0768BFB
C079071F
C07B8205
C07DFCAF
C0803B90
C08178AD
C082B5B0
C083F299
C0852F6A
C0866C23
C087A8C6
C088E552
C08A21CA
C08B5E2D
C08C9A7D
C08DD6BB
C08F12E6
C0904F00
C0918B0A
C092C703
C09402ED
C0953EC8
C0967A95
C097B654
C098F206
C09A2DAB
C09B6944
C09CA4D1
C09DE053
C09F1BCA
C0A05736
C0A19298
C0A2CDF1
C0A40940
C0A54487
C0A67FC4
C0A7BAFA
C0A8F627
C0AA314D
C0AB6C6B
C0ACA782
C0ADE292
C0AF1D9C
C0B0589F
C0B1939C
C0B2CE94
C0B40985
C0B54471
C0B67F58
C0B7BA3A
C0B8F517
C0BA2FF0
C0BB6AC4
C0BCA593
C0BDE05E
3F7099AA
3F7015E9
3F6F8DCD
3F6F0131
3F6E6FF1
3F6DD9E5
3F6D3EE6
3F6C9ECC
3F6BF96A
3F6B4E97
3F6A9E24
3F69E7E2
3F692BA2
3F686932
3F67A05D
3F66D0EF
3F65FAB1
3F651D68
3F6438DC
3F634CCE
3F625900
3F615D31
3F60591D
3F5F4C7F
3F5E370F
3F5D1883
3F5BF08F
3F5ABEE1
3F59832A
3F583D12
3F56EC44
3F559064
3F542914
3F52B5F4
3F51369E
3F4FAAAD
3F4E11B4
3F4C6B46
3F4AB6F0
3F48F43C
3F4722B1
3F4541D1
3F43511B
3F415008
3F3F3E10
3F3D1AA5
3F3AE533
3F389D25
3F3641E0
3F33D2C3
3F314F2C
3F2EB673
3F2C07EA
3F2942E1
3F2666A3
3F237277
3F20659F
3F1D3F5B
3F19FEE5
3F16A376
3F132C42
3F0F987C
3F0BE753
3F0817F4
3F04298D
3F001B49
3EF7D8A5
3EEF37AE
3EE65206
3EDD260C
3ED3B227
3EC9F4C4
3EBFEC5C
3EB59775
3EAAF4A5
3EA00292
3E94BFFA
3E892BB1
3E7A894C
3E6213CD
3E48F541
3E2F2C4A
3E14B7DB
3DF32E70
3DBB93FC
3D82A051
3D10A853
3BCB10D1
BCC11AA4
BD5D1F8B
BDAE263B
BDEF051E
BE189354
BE3A421D
BE5C8B32
BE7F6A72
BE916DAF
BEA36C8E
BEB5AF3E
BEC83301
BEDAF4F8
BEEDF226
BF0093BC
BF0A48E2
BF1416EC
BF1DFC3A
BF27F72E
BF320628
BF3C278C
BF4659C7
BF509B4B
BF5AEA96
BF654630
BF6FACB2
BF7A1CC0
BF824A89
BF878A37
BF8CCCD7
BF9211DE
BF9758CB
BF9CA126
BFA1EA80
BFA73472
BFAC7EA0
BFB1C8B5
BFB71264
BFBC5B69
BFC1A387
BFC6EA88
BFCC303C
BFD1747A
BFD6B71E
BFDBF80C
BFE13728
BFE6745F
BFEBAFA1
BFF0E8E0
BFF62013
BFFB5533
C000441F
C002DC99
C0057408
C0080A6D
C00A9FCB
C00D3424
C00FC77D
C01259D9
C014EB3D
C0177BAD
C01A0B2F
C01C99C9
C01F277F
C021B459
C024405B
C026CB8B
C02955F1
C02BDF91
C02E6871
C030F098
C033780B
C035FECF
C03884EC
C03B0A66
C03D8F43
C0401387
C0429739
C0451A5D
C0479CF9
C04A1F10
C04CA0A8
C04F21C6
C051A26D
C05422A3
C056A26A
C05921C8
C05BA0BF
C05E1F55
C0609D8B
C0631B67
C06598EB
C068161A
C06A92F8
C06D0F88
C06F8BCD
C07207C8
C074837E
C076FEF1
C0797A23
C07BF517
C07E6FCF
C0807527
C081B24A
C082EF53
C0842C42
C0856918
C086A5D7
C087E27E
C0891F10
C08A5B8C
C08B97F4
C08CD449
C08E108A
C08F4CBA
C09088D8
C091C4E5
C09300E2
C0943CCF
C09578AE
C096B47E
C097F040
C0992BF5
C09A679D
C09BA339
C09CDEC8
C09E1A4D
C09F55C6
C0A09135
C0A1CC9A
C0A307F5
C0A44346
C0A57E8E
C0A6B9CE
C0A7F505
C0A93034
C0AA6B5C
C0ABA67C
C0ACE194
C0AE1CA6
C0AF57B1
C0B092B6
C0B1CDB5
C0B308AD
C0B443A0
C0B57E8D
C0B6B976
C0B7F459
C0B92F37
C0BA6A10
C0BBA4E5
C0BCDFB6
C0BE1A82
3F6F8E87
3F6F0B07
3F6E832C
3F6DF6D1
3F6D65D0
3F6CD005
3F6C3546
3F6B956A
3F6AF047
3F6A45B2
3F69957C
3F68DF77
3F682373
3F67613D
3F6698A2
3F65C96C
3F64F365
3F641652
3F6331F9
3F62461E
3F615281
3F6056E0
3F5F52F9
3F5E4686
3F5D313F
3F5C12D9
3F5AEB07
3F59B97A
3F587DE0
3F5737E4
3F55E72C
3F548B60
3F532420
3F51B10C
3F5031BF
3F4EA5D2
3F4D0CD9
3F4B6666
3F49B206
3F47EF43
3F461DA4
3F443CAA
3F424BD4
3F404A9C
3F3E3878
3F3C14DA
3F39DF2E
3F3796E0
3F353B52
3F32CBE5
3F3047F6
3F2DAEDB
3F2AFFE9
3F283A6E
3F255DB4
3F226902
3F1F5B9A
3F1C34BB
3F18F3A0
3F159780
3F121F90
3F0E8B01
3F0AD903
3F0708C3
3F03196D
3EFE1459
3EF5B459
3EED1130
3EE42939
3EDAFAD3
3ED18462
3EC7C454
3EBDB920
3EB3614D
3EA8BB6E
3E9DC62C
3E928042
3E86E883
3E75FBC0
3E5D7ECA
3E44587E
3E2A8781
3E100AC3
3DE9C314
3DB216E6
3D7221E9
3CFAC7F0
3ABEE1A5
BCE84037
BD70DB14
BDB818DD
BDF90D15
BE1DA234
BE3F5C19
BE61B07C
BE824D9E
BE940BE9
BEA610B1
BEB8595D
BECAE32A
BEDDAB3A
BEF0AE8B
BF01F504
BF0BAD43
BF157E67
BF1F66D1
BF2964DF
BF3376F1
BF3D9B6A
BF47D0B6
BF521544
BF5C6793
BF66C629
BF712F9E
BF7BA297
BF830EE4
BF884FFC
BF8D93FF
BF92DA64
BF9822A7
BF9D6C51
BFA2B6F3
BFA80226
BFAD4D8E
BFB298D4
BFB7E3AD
BFBD2DD4
BFC2770C
BFC7BF1F
BFCD05DD
BFD24B1D
BFD78EBD
BFDCD09D
BFE210A4
BFE74EBF
BFEC8ADD
BFF1C4F1
BFF6FCF2
BFFC32D9
C000B352
C0034C29
C005E3F1
C0087AAD
C00B105E
C00DA508
C01038AE
C012CB54
C0155CFF
C017EDB5
C01A7D7A
C01D0C53
C01F9A48
C022275D
C024B398
C0273F00
C029C99A
C02C536D
C02EDC7E
C03164D4
C033EC74
C0367365
C038F9AB
C03B7F4E
C03E0451
C04088BB
C0430C91
C0458FD8
C0481294
C04A94CC
C04D1683
C04F97BE
C0521882
C05498D2
C05718B4
C059982B
C05C173B
C05E95E7
C0611435
C0639226
C0660FBF
C0688D02
C06B09F3
C06D8695
C07002EC
C0727EF8
C074FABF
C0777641
C079F183
C07C6C85
C07EE74B
C080B0EC
C081EE15
C0832B24
C0846819
C085A4F6
C086E1BA
C0881E67
C0895AFD
C08A977F
C08BD3EC
C08D1045
C08E4C8B
C08F88BE
C090C4E0
C09200F1
C0933CF2
C09478E3
C095B4C5
C096F099
C0982C5E
C0996816
C09AA3C1
C09BDF60
C09D1AF2
C09E5679
C09F91F5
C0A0CD67
C0A208CE
C0A3442B
C0A47F7E
C0A5BAC9
C0A6F60B
C0A83144
C0A96C75
C0AAA79E
C0ABE2C0
C0AD1DDA
C0AE58ED
C0AF93FA
C0B0CF00
C0B20A00
C0B344FA
C0B47FEF
C0B5BADD
C0B6F5C7
C0B830AB
C0B96B8A
C0BAA665
C0BBE13B
C0BD1C0C
C0BE56D9
3F6E7A8C
3F6DF74D
3F6D6FB1
3F6CE396
3F6C52D6
3F6BBD49
3F6B22C9
3F6A832C
3F69DE47
3F6933EE
3F6883F5
3F67CE2B
3F671262
3F665065
3F658803
3F64B904
3F63E332
3F630654
3F62222E
3F613684
3F604316
3F5F47A3
3F5E43E7
3F5D379D
3F5C227C
3F5B043A
3F59DC8A
3F58AB1C
3F576F9D
3F5629B9
3F54D917
3F537D5B
3F521629
3F50A31F
3F4F23D8
3F4D97EB
3F4BFEEF
3F4A5873
3F48A406
3F46E131
3F450F7A
3F432E62
3F413D69
3F3F3C07
3F3D29B2
3F3B05DC
3F38CFF2
3F36875D
3F342B81
3F31BBBF
3F2F3771
3F2C9DF0
3F29EE8D
3F272898
3F244B5B
3F21561B
3F1E481B
3F1B209A
3F17DED0
3F1481F7
3F110941
3F0D73E0
3F09C102
3F05EFD6
3F01FF86
3EFBDE7B
3EF37C4D
3EEAD6D9
3EE1EC79
3ED8BB8A
3ECF4270
3EC57F99
3EBB717B
3EB1169B
3EA66D8D
3E9B74F8
3E902B97
3E84903E
3E7143B8
3E58BEFA
3E3F909C
3E25B743
3E0B31DF
3DDFFF6C
3DA840CB
3D5E4FA8
3CD2D519
BB62AA30
BD086B24
BD82A841
BDC26949
BE01B9DA
BE22E0D8
BE44A64A
BE670671
BE84FE92
BE96C2EF
BEA8CDDD
BEBB1CC1
BECDACD8
BEE07B3D
BEF384F1
BF03636C
BF0D1EE4
BF16F342
BF20DEE7
BF2AE02F
BF34F578
BF3F1D26
BF4955A1
BF539D5A
BF5DF2CB
BF68547C
BF72C103
BF7D3702
BF83DA98
BF891D28
BF8E629E
BF93AA6D
BF98F415
BF9E3F1C
BFA38B13
BFA8D794
BFAE2441
BFB370C5
BFB8BCD4
BFBE0828
BFC35286
BFC89BB5
BFCDE388
BFD329D5
BFD86E79
BFDDB156
BFE2F252
BFE8315A
BFED6E5C
BFF2A94E
BFF7E225
BFFD18DC
C00126B7
C003BFEE
C0065814
C008EF29
C00B8531
C00E1A2E
C010AE24
C0134118
C015D30E
C018640B
C01AF416
C01D8332
C0201167
C0229EB9
C0252B30
C027B6D1
C02A41A2
C02CCBAA
C02F54EE
C031DD75
C0346545
C036EC63
C03972D5
C03BF8A1
C03E7DCD
C041025E
C0438659
C04609C3
C0488CA3
C04B0EFB
C04D90D2
C050122C
C052930D
C055137A
C0579377
C05A1309
C05C9232
C05F10F7
C0618F5B
C0640D63
C0668B11
C0690869
C06B856F
C06E0224
C0707E8D
C072FAAB
C0757683
C077F216
C07A6D67
C07CE879
C07F634D
C080EEF4
C0822C24
C083693A
C084A635
C085E317
C0871FE1
C0885C94
C0899930
C08AD5B6
C08C1228
C08D4E86
C08E8AD0
C08FC709
C091032F
C0923F44
C0937B49
C094B73E
C095F323
C0972EFA
C0986AC3
C099A67E
C09AE22C
C09C1DCE
C09D5963
C09E94ED
C09FD06C
C0A10BE0
C0A24749
C0A382A9
C0A4BDFE
C0A5F94B
C0A7348F
C0A86FCA
C0A9AAFD
C0AAE628
C0AC214C
C0AD5C68
C0AE977D
C0AFD28B
C0B10D93
C0B24894
C0B38390
C0B4BE86
C0B5F976
C0B73460
C0B86F46
C0B9AA26
C0BAE502
C0BC1FD9
C0BD5AAB
C0BE957A
3F6D5D72
3F6CDA72
3F6C5316
3F6BC73A
3F6B36B8
3F6AA16A
3F6A0727
3F6967C8
3F68C320
3F681903
3F676945
3F66B3B6
3F65F826
3F653662
3F646E36
3F639F6E
3F62C9D1
3F61ED25
3F610931
3F601DB6
3F5F2A76
3F5E2F2E
3F5D2B9C
3F5C1F79
3F5B0A7D
3F59EC5D
3F58C4CC
3F57937A
3F565815
3F551246
3F53C1B7
3F52660A
3F50FEE3
3F4F8BE0
3F4E0C9B
3F4C80AD
3F4AE7AA
3F494122
3F478CA4
3F45C9B9
3F43F7E6
3F4216AC
3F40258A
3F3E23F9
3F3C116F
3F39ED5D
3F37B72F
3F356E4E
3F33121E
3F30A200
3F2E1D4E
3F2B835E
3F28D385
3F260D0F
3F232F46
3F203971
3F1D2AD1
3F1A02A4
3F16C023
3F136286
3F0FE900
3F0C52C2
3F089EFB
3F04CCD7
3F00DB81
3EF99447
3EF12FD2
3EE887F9
3EDF9B14
3ED6677F
3ECCEB9F
3EC325DF
3EB914B6
3EAEB6A7
3EA40A47
3E990E3B
3E8DC13F
3E822225
3E6C5FB7
3E53D2DD
3E3A9C18
3E20BA0B
3E062BA6
3DD5E05D
3D9E0E86
3D49C387
3CA96B53
BC0C25B4
BD1D74F4
BD8D4337
BDCD1AD4
BE071E2B
BE2850F3
BE4A226A
BE6C8ECC
BE87C8F7
BE9993A4
BEABA4F7
BEBDFA53
BED090F3
BEE365F0
BEF67647
BF04DF6D
BF0E9E3F
BF1875F8
BF2264F9
BF2C699B
BF36823E
BF40AD41
BF4AE90C
BF55340F
BF5F8CC3
BF69F1AF
BF746166
BF7EDA8C
BF84ADEA
BF89F201
BF8F38F8
BF948241
BF99CD5B
BF9F19CD
BFA46727
BFA9B503
BFAF0302
BFB450D1
BFB99E22
BFBEEAB0
BFC4363E
BFC98097
BFCEC989
BFD410EE
BFD956A1
BFDE9A84
BFE3DC7E
BFE91C7C
BFEE5A6D
BFF39645
BFF8CFFB
BFFE0789
C0019E76
C0043811
C006D097
C009680A
C00BFE6B
C00E93BF
C0112809
C013BB4E
C0164D91
C018DEDA
C01B6F2C
C01DFE8D
C0208D05
C0231A98
C025A74C
C0283329
C02ABE33
C02D4872
C02FD1EB
C0325AA5
C034E2A6
C03769F3
C039F093
C03C768A
C03EFBE0
C0418099
C04404BB
C046884B
C0490B4E
C04B8DC9
C04E0FC2
C050913B
C053123B
C05592C6
C05812DF
C05A928C
C05D11CF
C05F90AD
C0620F2A
C0648D49
C0670B0E
C069887C
C06C0596
C06E825F
C070FEDB
C0737B0C
C075F6F5
C0787299
C07AEDFB
C07D691C
C07FE400
C0812F54
C0826C8C
C083A9A8
C084E6AA
C0862392
C0876062
C0889D1B
C089D9BC
C08B1648
C08C52BF
C08D8F22
C08ECB71
C09007AE
C09143D9
C0927FF2
C093BBFB
C094F7F4
C09633DD
C0976FB8
C098AB84
C099E742
C09B22F4
C09C5E99
C09D9A31
C09ED5BE
C0A0113F
C0A14CB6
C0A28822
C0A3C384
C0A4FEDC
C0A63A2B
C0A77571
C0A8B0AE
C0A9EBE3
C0AB2710
C0AC6236
C0AD9D54
C0AED86A
C0B0137A
C0B14E84
C0B28987
C0B3C484
C0B4FF7B
C0B63A6C
C0B77558
C0B8B03F
C0B9EB21
C0BB25FE
C0BC60D6
C0BD9BA9
C0BED679
3F6C36EE
3F6BB42D
3F6B2D0F
3F6AA171
3F6A112D
3F697C1C
3F68E217
3F6842F3
3F679E87
3F66F4A6
3F664522
3F658FCC
3F64D474
3F6412E7
3F634AF1
3F627C5D
3F61A6F3
3F60CA79
3F5FE6B5
3F5EFB68
3F5E0854
3F5D0D36
3F5C09CB
3F5AFDCD
3F59E8F4
3F58CAF4
3F57A381
3F567249
3F5536FA
3F53F13F
3F52A0BF
3F51451F
3F4FDE00
3F4E6B00
3F4CEBBA
3F4B5FC7
3F49C6B9
3F482023
3F466B90
3F44A88A
3F42D697
3F40F537
3F3F03E8
3F3D0224
3F3AEF5F
3F38CB0A
3F369493
3F344B60
3F31EED7
3F2F7E56
3F2CF938
3F2A5ED4
3F27AE7C
3F24E77D
3F220922
3F1F12AF
3F1C0365
3F18DA83
3F159742
3F1238D7
3F0EBE77
3F0B2751
3F077295
3F039F6D
3EFF5A09
3EF7350C
3EEECE36
3EE623DB
3EDD3454
3ED3FDFC
3ECA7F35
3EC0B66C
3EB6A216
3EAC40B6
3EA190DF
3E969137
3E8B4077
3E7F3AE7
3E674E32
3E4EB8E8
3E357962
3E1B8E44
3E00F67F
3DCB62AF
3D937CDB
3D3476FB
3C7CFACC
BC62AFF6
BD334448
BD9841D4
BDD830EF
BE0CB53B
BE2DF446
BE4FD23D
BE724B58
BE8AADB5
BE9C7EF2
BEAE96EC
BEC0F302
BED3906E
BEE66C47
BEF98384
BF066985
BF102BD1
BF1A0709
BF23F987
BF2E01A7
BF381DC4
BF424C3F
BF4C8B7C
BF56D9EA
BF613603
BF6B9E4A
BF761153
BF8046E0
BF858921
BF8ACECF
BF901756
BF956228
BF9AAEC3
BF9FFCAE
BFA54B79
BFAA9ABE
BFAFEA1E
BFB53944
BFBA87E4
BFBFD5B8
BFC52284
BFCA6E10
BFCFB82F
BFD500B6
BFDA4782
BFDF8C76
BFE4CF7A
BFEA1078
BFEF4F60
BFF48C28
BFF9C6C5
BFFEFF32
C0021AB6
C004B4BA
C0074DA5
C009E578
C00C7C38
C00F11E6
C011A687
C0143A1F
C016CCB3
C0195E49
C01BEEE6
C01E7E90
C0210D4D
C0239B23
C0262817
C028B432
C02B3F78
C02DC9F0
C03053A0
C032DC8F
C03564C3
C037EC41
C03A7310
C03CF935
C03F7EB6
C0420399
C04487E4
C0470B9A
C0498EC3
C04C1162
C04E937D
C0511518
C0539637
C05616E1
C0589718
C05B16E0
C05D963F
C0601538
C06293CE
C0651205
C0678FE1
C06A0D65
C06C8A95
C06F0773
C0718403
C0740047
C0767C43
C078F7F9
C07B736B
C07DEE9D
C08034C8
C0817224
C082AF63
C083EC86
C085298F
C086667E
C087A354
C088E012
C08A1CBA
C08B594B
C08C95C8
C08DD230
C08F0E84
C0904AC5
C09186F5
C092C312
C093FF1F
C0953B1C
C096770A
C097B2E8
C098EEB8
C09A2A7A
C09B662F
C09CA1D6
C09DDD72
C09F1902
C0A05486
C0A18FFF
C0A2CB6E
C0A406D3
C0A5422D
C0A67D7F
C0A7B8C7
C0A8F406
C0AA2F3E
C0AB6A6D
C0ACA594
C0ADE0B4
C0AF1BCC
C0B056DE
C0B191E9
C0B2CCEE
C0B407EC
C0B542E5
C0B67DD8
C0B7B8C5
C0B8F3AD
C0BA2E90
C0BB696E
C0BCA448
C0BDDF1D
C0BF19ED
3F6B06B4
3F6A8430
3F69FD50
3F6971EF
3F68E1E8
3F684D14
3F67B34A
3F671462
3F667030
3F65C688
3F65173D
3F64621F
3F63A6FE
3F62E5A7
3F621DE6
3F614F85
3F607A4C
3F5F9E02
3F5EBA6C
3F5DCF4B
3F5CDC61
3F5BE16B
3F5ADE26
3F59D24B
3F58BD92
3F579FB0
3F567857
3F554737
3F540BFC
3F52C652
3F5175DF
3F501A48
3F4EB32D
3F4D402E
3F4BC0E4
3F4A34E8
3F489BCD
3F46F523
3F454077
3F437D53
3F41AB3A
3F3FC9AF
3F3DD82F
3F3BD632
3F39C32D
3F379E91
3F3567CA
3F331E40
3F30C156
3F2E506C
3F2BCADB
3F292FFB
3F267F1D
3F23B78D
3F20D896
3F1DE17D
3F1AD181
3F17A7E0
3F1463D4
3F110491
3F0D894C
3F09F133
3F063B75
3F02673D
3EFCE76C
3EF4C012
3EEC56BE
3EE3A9C5
3EDAB77D
3ED17E41
3EC7FC74
3EBE3080
3EB418DA
3EA9B404
3E9F0090
3E93FD24
3E88A879
3E7A02C3
3E620D95
3E496F80
3E3026DD
3E16324F
3DF7218D
3DC08314
3D888870
3D1E6342
3C23FB5B
BC9E3272
BD49E017
BDA3A79B
BDE3AF27
BE1280D5
BE33CCA2
BE55B799
BE783DF1
BE8DADBB
BE9F85CB
BEB1A4B0
BEC407C6
BED6AC44
BEE98F3D
BEFCADA9
BF080233
BF11C81F
BF1BA6F8
BF259D18
BF2FA8D8
BF39C894
BF43FAA9
BF4E3D7C
BF588F79
BF62EF19
BF6D5ADE
BF77D15A
BF812897
BF866C87
BF8BB3DC
BF90FE02
BF964A6D
BF9B9898
BFA0E80C
BFA63857
BFAB8913
BFB0D9E2
BFB62A6E
BFBB7A6A
BFC0C991
BFC617A6
BFCB6473
BFD0AFC9
BFD5F97E
BFDB4170
BFE08780
BFE5CB96
BFEB0D9F
BFF04D89
BFF58B4A
BFFAC6D8
C0000017
C0029BA4
C0053614
C007CF68
C00A67A0
C00CFEC1
C00F94CD
C01229C8
C014BDB8
C01750A0
C019E287
C01C7372
C01F0366
C021926B
C0242086
C026ADBE
C0293A19
C02BC59D
C02E5050
C030DA3A
C0336360
C035EBC8
C038737A
C03AFA79
C03D80CE
C040067D
C0428B8B
C0451000
C04793DF
C04A172E
C04C99F2
C04F1C31
C0519DEE
C0541F2F
C0569FF8
C059204E
C05BA034
C05E1FAF
C0609EC3
C0631D73
C0659BC4
C06819B8
C06A9754
C06D149A
C06F918D
C0720E32
C0748A8A
C0770699
C0798261
C07BFDE6
C07E7929
C0807A16
C081B77A
C082F4C1
C08431EB
C0856EFB
C086ABF0
C087E8CD
C0892592
C08A623F
C08B9ED6
C08CDB58
C08E17C6
C08F541F
C0909065
C091CC99
C09308BC
C09444CD
C09580CE
C096BCC0
C097F8A2
C0993476
C09A703B
C09BABF4
C09CE79F
C09E233E
C09F5ED0
C0A09A58
C0A1D5D4
C0A31145
C0A44CAD
C0A5880A
C0A6C35E
C0A7FEA8
C0A939EA
C0AA7524
C0ABB055
C0ACEB7E
C0AE26A0
C0AF61BA
C0B09CCE
C0B1D7DB
C0B312E1
C0B44DE1
C0B588DB
C0B6C3D0
C0B7FEBE
C0B939A8
C0BA748C
C0BBAF6C
C0BCEA46
C0BE251C
C0BF5FEE
3F69CC76
3F694A2E
3F68C38A
3F683865
3F67A89A
3F671400
3F667A71
3F65DBC3
3F6537CA
3F648E5B
3F63DF48
3F632A60
3F626F74
3F61AE51
3F60E6C3
3F601893
3F5F438A
3F5E676E
3F5D8404
3F5C990E
3F5BA64C
3F5AAB7C
3F59A85A
3F589CA1
3F578806
3F566A3F
3F5542FE
3F5411F3
3F52D6C9
3F51912D
3F5040C4
3F4EE532
3F4D7E19
3F4C0B17
3F4A8BC6
3F48FFBD
3F47668F
3F45BFCE
3F440B05
3F4247BE
3F40757C
3F3E93C1
3F3CA209
3F3A9FCE
3F388C83
3F36679A
3F34307D
3F31E695
3F2F8944
3F2D17E9
3F2A91DF
3F27F67B
3F25450E
3F227CE5
3F1F9D4A
3F1CA580
3F1994C9
3F166A5F
3F13257D
3F0FC558
3F0C4922
3F08B00B
3F04F93F
3F0123EA
3EFA5E6D
3EF23499
3EE9C8AA
3EE118F4
3ED823CC
3ECEE78D
3EC56297
3EBB9355
3EB1783A
3EA70FC7
3E9C5890
3E915137
3E85F876
3E749A3E
3E5C9C3D
3E43F4FF
3E2AA2DF
3E10A47D
3DEBF196
3DB53E1E
3D7A5BA4
3D078164
3B8F784C
BCCCB077
BD614F8F
BDAF782D
BDEF9926
BE1882D4
BE39DBE5
BE5BD463
BE7E687E
BE90CA01
BEA2A92B
BEB4CF41
BEC7399E
BED9E576
BEECCFD9
BEFFF5BD
BF09A9FD
BF1373AE
BF1D564D
BF275034
BF315FBB
BF3B833A
BF45B90E
BF4FFF9B
BF5A554C
BF64B896
BF6F27FD
BF79A210
BF8212B8
BF875866
BF8CA174
BF91ED4A
BF973B5E
BF9C8B2A
BFA1DC36
BFA72E10
BFAC8053
BFB1D29E
BFB7249E
BFBC7604
BFC1C68C
BFC715F9
BFCC6413
BFD1B0AD
BFD6FB9C
BFDC44BE
BFE18BF6
BFE6D12A
BFEC1448
BFF1553E
BFF69402
BFFBD08A
C0008569
C003216B
C005BC4C
C008560C
C00AEEAE
C00D8634
C0101CA1
C012B1FA
C0154644
C017D984
C01A6BBF
C01CFCFB
C01F8D3D
C0221C8D
C024AAF1
C027386E
C029C50B
C02C50D0
C02EDBC1
C03165E6
C033EF46
C03677E5
C038FFCB
C03B86FE
C03E0D84
C0409362
C043189E
C0459D3D
C0482146
C04AA4BE
C04D27A9
C04FAA0D
C0522BEE
C054AD52
C0572E3C
C059AEB1
C05C2EB6
C05EAE4F
C0612D7F
C063AC4B
C0662AB5
C068A8C3
C06B2676
C06DA3D4
C07020DE
C0729D98
C0751A05
C0779628
C07A1203
C07C8D9A
C07F08EF
C080C202
C081FF6E
C0833CBC
C08479EF
C085B705
C086F402
C08830E5
C0896DB1
C08AAA64
C08BE702
C08D2389
C08E5FFC
C08F9C5B
C090D8A6
C09214DF
C0935107
C0948D1D
C095C922
C0970518
C09840FE
C0997CD6
C09AB89F
C09BF45B
C09D300A
C09E6BAC
C09FA742
C0A0E2CC
C0A21E4B
C0A359C0
C0A4952A
C0A5D08A
C0A70BE0
C0A8472D
C0A98271
C0AABDAD
C0ABF8E0
C0AD340C
C0AE6F30
C0AFAA4C
C0B0E562
C0B22070
C0B35B78
C0B4967A
C0B5D176
C0B70C6C
C0B8475C
C0B98247
C0BABD2D
C0BBF80D
C0BD32E9
C0BE6DC1
C0BFA893
3F6887E1
3F6805D5
3F677F6C
3F66F482
3F6664F1
3F65D091
3F65373B
3F6498C6
3F63F505
3F634BCC
3F629CEF
3F61E83D
3F612D84
3F606C94
3F5FA537
3F5ED736
3F5E025B
3F5D266C
3F5C432C
3F5B585E
3F5A65C1
3F596B15
3F586815
3F575C79
3F5647FA
3F552A4C
3F540320
3F52D227
3F51970C
3F50517A
3F4F0118
3F4DA589
3F4C3E6E
3F4ACB65
3F494C08
3F47BFEE
3F4626AB
3F447FCE
3F42CAE3
3F410773
3F3F3503
3F3D5313
3F3B611F
3F395EA0
3F374B09
3F3525CC
3F32EE53
3F30A406
3F2E4647
3F2BD474
3F294DE8
3F26B1F8
3F23FFF4
3F213729
3F1E56E1
3F1B5E5D
3F184CDF
3F1521A3
3F11DBE1
3F0E7ACD
3F0AFD9B
3F076378
3F03AB92
3EFFAA25
3EF7BE48
3EEF91DE
3EE72336
3EDE70A3
3ED5787B
3ECC3916
3EC2B0D4
3EB8DE1E
3EAEBF68
3EA45332
3E99980D
3E8E8C9D
3E832F9B
3E6EFFAD
3E56F87A
3E3E47B3
3E24EBAF
3E0AE312
3DE05998
3DA99046
3D62D2E0
3CDF945B
BABEFF19
BCFCE0BA
BD799A1B
BDBBB74A
BDFBF2B6
BE1EBD21
BE4023FF
BE622A8E
BE82667D
BE940386
BEA5EA12
BEB817A3
BECA8992
BEDD3D0F
BEF02F29
BF01AE68
BF0B616E
BF152F09
BF1F1596
BF29136A
BF3326DD
BF3D4E47
BF478801
BF51D26E
BF5C2BF8
BF669313
BF710640
BF7B840F
BF83058F
BF884D0E
BF8D97E5
BF92E57E
BF98354B
BF9D86C9
BFA2D97D
BFA82CF7
BFAD80CF
BFB2D4A7
BFB82829
BFBD7B08
BFC2CCFF
BFC81DD0
BFCD6D46
BFD2BB30
BFD80766
BFDD51C6
BFE29A31
BFE7E08F
BFED24CC
BFF266D9
BFF7A6AA
BFFCE437
C0010FBD
C003AC39
C006478F
C008E1C0
C00B7ACF
C00E12BE
C010A991
C0133F4C
C015D3F4
C018678F
C01AFA21
C01D8BB1
C0201C44
C022ABE2
C0253A91
C027C856
C02A5539
C02CE140
C02F6C72
C031F6D5
C0348070
C0370949
C0399167
C03C18CE
C03E9F87
C0412596
C043AB01
C0462FCE
C048B403
C04B37A4
C04DBAB7
C0503D42
C052BF49
C05540D0
C057C1DD
C05A4273
C05CC298
C05F424F
C061C19D
C0644085
C066BF0B
C0693D32
C06BBAFF
C06E3875
C070B596
C0733267
C075AEE9
C0782B21
C07AA710
C07D22BA
C07F9E21
C0810CA4
C0824A19
C083876F
C084C4A9
C08601C8
C0873ECC
C0887BB6
C089B888
C08AF542
C08C31E6
C08D6E73
C08EAAEC
C08FE750
C09123A1
C0925FDF
C0939C0B
C094D826
C0961430
C097502A
C0988C15
C099C7F1
C09B03BE
C09C3F7E
C09D7B30
C09EB6D6
C09FF26F
C0A12DFD
C0A2697F
C0A3A4F6
C0A4E063
C0A61BC6
C0A7571F
C0A8926F
C0A9CDB5
C0AB08F3
C0AC4429
C0AD7F57
C0AEBA7D
C0AFF59B
C0B130B2
C0B26BC3
C0B3A6CD
C0B4E1D0
C0B61CCE
C0B757C5
C0B892B7
C0B9CDA4
C0BB088B
C0BC436D
C0BD7E4A
C0BEB923
C0BFF3F7
3F6738A3
3F66B6D1
3F6630A2
3F65A5F1
3F651699
3F648272
3F63E954
3F634B15
3F62A78B
3F61FE88
3F614FDE
3F609B5F
3F5FE0D9
3F5F2019
3F5E58EB
3F5D8B19
3F5CB66A
3F5BDAA4
3F5AF78C
3F5A0CE4
3F591A6B
3F581FE0
3F571CFF
3F56117F
3F54FD19
3F53DF80
3F52B867
3F51877D
3F504C6D
3F4F06E3
3F4DB683
3F4C5AF3
3F4AF3D3
3F4980BF
3F480152
3F467524
3F44DBC6
3F4334C8
3F417FB7
3F3FBC1A
3F3DE976
3F3C074B
3F3A1514
3F38124B
3F35FE63
3F33D8CB
3F31A0EF
3F2F5636
3F2CF801
3F2A85AF
3F27FE99
3F256214
3F22AF70
3F1FE5FB
3F1D04FB
3F1A0BB3
3F16F965
3F13CD4B
3F10869D
3F0D248F
3F09A653
3F060B18
3F02520A
3EFCF4A5
3EF50636
3EECD716
3EE46595
3EDBB006
3ED2B4BA
3EC9720B
3EBFE658
3EB61009
3EABED90
3EA17D6D
3E96BE31
3E8BAE7E
3E804D0B
3E693155
3E51208F
3E3865D9
3E1EFF8B
3E04EC46
3DD455FA
3D9D75E9
3D4A6F3B
3CAE6C65
BBF5ED78
BD17692F
BD8963B0
BDC868CE
BE045FDF
BE2531B5
BE46A6EE
BE68BC1E
BE85B6B8
BE975B52
BEA9498B
BEBB7EE5
BECDF8B3
BEE0B423
BEF3AE42
BF0371FE
BF0D2913
BF16FAC1
BF20E563
BF2AE74D
BF34FED5
BF3F2A50
BF496818
BF53B68D
BF5E1418
BF687F2A
BF72F645
BF7D77F6
BF84016D
BF894ACF
BF8E9783
BF93E6EF
BF993888
BF9E8BC8
BFA3E036
BFA93560
BFAE8ADE
BFB3E053
BFB93567
BFBE89CE
BFC3DD42
BFC92F86
BFCE8064
BFD3CFAD
BFD91D37
BFDE68E0
BFE3B28B
BFE8FA1E
BFEE3F87
BFF382B6
BFF8C39F
BFFE023B
C0019F42
C0043C3C
C006D80C
C00972B3
C00C0C33
C00EA490
C0113BCC
C013D1ED
C01666F7
C018FAF0
C01B8DDD
C01E1FC4
C020B0AC
C023409B
C025CF98
C0285DA8
C02AEAD4
C02D7720
C0300295
C0328D39
C0351712
C037A026
C03A287D
C03CB01C
C03F3709
C041BD4B
C04442E7
C046C7E3
C0494C45
C04BD012
C04E5350
C050D602
C0535830
C055D9DC
C0585B0D
C05ADBC6
C05D5C0C
C05FDBE3
C0625B4F
C064DA54
C06758F7
C069D73A
C06C5521
C06ED2AF
C0714FE9
C073CCD1
C076496A
C078C5B7
C07B41BB
C07DBD79
C0801C7A
C0815A16
C0829794
C083D4F3
C0851235
C0864F5B
C0878C67
C088C959
C08A0631
C08B42F2
C08C7F9C
C08DBC30
C08EF8AF
C0903519
C091716F
C092ADB3
C093E9E4
C0952604
C0966213
C0979E11
C098DA00
C09A15E0
C09B51B2
C09C8D75
C09DC92B
C09F04D5
C0A04072
C0A17C03
C0A2B788
C0A3F303
C0A52E72
C0A669D8
C0A7A534
C0A8E086
C0AA1BCF
C0AB5710
C0AC9248
C0ADCD78
C0AF08A0
C0B043C1
C0B17EDA
C0B2B9ED
C0B3F4F8
C0B52FFE
C0B66AFD
C0B7A5F6
C0B8E0E9
C0BA1BD7
C0BB56C0
C0BC91A4
C0BDCC82
C0BF075C
C0C04231
3F65DE66
3F655CCD
3F64D6D6
3F644C5D
3F63BD3C
3F63294C
3F629064
3F61F25B
3F614F05
3F60A636
3F5FF7BF
3F5F4372
3F5E891C
3F5DC88B
3F5D018A
3F5C33E3
3F5B5F5D
3F5A83C0
3F59A0CD
3F58B649
3F57C3F1
3F56C985
3F55C6BF
3F54BB59
3F53A709
3F528983
3F516279
3F50319A
3F4EF693
3F4DB10C
3F4C60AC
3F4B0517
3F499DEC
3F482ACA
3F46AB49
3F451F01
3F438584
3F41DE61
3F402924
3F3E6555
3F3C9277
3F3AB00B
3F38BD8D
3F36BA73
3F34A632
3F328039
3F3047F3
3F2DFCC6
3F2B9E13
3F292B39
3F26A391
3F24066E
3F215322
3F1E88F7
3F1BA736
3F18AD20
3F1599F6
3F126CF3
3F0F254D
3F0BC239
3F0842E7
3F04A686
3F00EC42
3EFA2686
3EF23566
3EEA0371
3EE18EF7
3ED8D647
3ECFD7B5
3EC69198
3EBD024E
3EB3283D
3EA901D8
3E9E8D9D
3E93CA1D
3E88B5F8
3E7A9FCD
3E632D70
3E4B12B0
3E324DA2
3E18DC9D
3DFD7C83
3DC7E303
3D90EB46
3D312922
3C76F734
BC61A750
BD314A80
BD966FA1
BDD590B6
BE0B0223
BE2BE299
BE4D66C0
BE6F8B28
BE8925FB
BE9AD274
BEACC8AA
BEBF061B
BED18819
BEE44BCE
BEF74E44
BF054632
BF0F017F
BF18D76A
BF22C64B
BF2CCC75
BF36E83B
BF4117F2
BF4B59F1
BF55AC97
BF600E4B
BF6A7D7E
BF74F8AE
BF7F7E69
BF8506A4
BF8A51FE
BF8FA0A0
BF94F1F3
BF9A456A
BF9F9A7F
BFA4F0B8
BFAA47A3
BFAF9ED9
BFB4F5FA
BFBA4CB0
BFBFA2AF
BFC4F7B0
BFCA4B76
BFCF9DCC
BFD4EE81
BFDA3D6C
BFDF8A6C
BFE4D563
BFEA1E38
BFEF64D9
BFF4A935
BFF9EB42
BFFF2AF7
C0023428
C004D1A6
C0076DF4
C00A0916
C00CA30C
C00F3BDA
C011D384
C0146A0F
C016FF7F
C01993DA
C01C2725
C01EB968
C0214AA8
C023DAEB
C0266A38
C028F897
C02B860E
C02E12A3
C0309E5D
C0332944
C035B35D
C0383CAF
C03AC541
C03D4D1A
C03FD43E
C0425AB5
C044E084
C04765B1
C049EA42
C04C6E3D
C04EF1A6
C0517482
C053F6D8
C05678AB
C058FA01
C05B7ADE
C05DFB46
C0607B3E
C062FACA
C06579EE
C067F8AE
C06A770D
C06CF510
C06F72B8
C071F00B
C0746D0B
C076E9BB
C079661F
C07BE239
C07E5E0B
C0806CCD
C081AA73
C082E7F9
C0842561
C08562AC
C0869FDB
C087DCEE
C08919E7
C08A56C8
C08B9390
C08CD040
C08E0CDB
C08F4960
C09085D0
C091C22C
C092FE75
C0943AAC
C09576D0
C096B2E4
C097EEE8
C0992ADB
C09A66BF
C09BA295
C09CDE5D
C09E1A17
C09F55C4
C0A09165
C0A1CCF9
C0A30882
C0A44400
C0A57F73
C0A6BADB
C0A7F63A
C0A9318F
C0AA6CDB
C0ABA81E
C0ACE358
C0AE1E8B
C0AF59B5
C0B094D8
C0B1CFF3
C0B30B08
C0B44616
C0B5811D
C0B6BC1E
C0B7F719
C0B9320E
C0BA6CFD
C0BBA7E8
C0BCE2CD
C0BE1DAD
C0BF5888
C0C0935F
3F6478D0
3F63F76F
3F6371AF
3F62E76C
3F625881
3F61C4C7
3F612C13
3F608E3E
3F5FEB1B
3F5F427D
3F5E9438
3F5DE019
3F5D25F2
3F5C658D
3F5B9EB7
3F5AD13A
3F59FCDC
3F592163
3F583E95
3F575431
3F5661F8
3F5567A8
3F5464FB
3F5359AB
3F52456D
3F5127F7
3F5000F9
3F4ED023
3F4D9520
3F4C4F99
3F4AFF35
3F49A396
3F483C5E
3F46C928
3F45498F
3F43BD28
3F422387
3F407C39
3F3EC6CB
3F3D02C4
3F3B2FA7
3F394CF4
3F375A27
3F3556B7
3F334216
3F311BB5
3F2EE2FD
3F2C9754
3F2A381B
3F27C4B1
3F253C6D
3F229EA4
3F1FEAA5
3F1D1FBB
3F1A3D2D
3F17423F
3F142E2D
3F110034
3F0DB78A
3F0A5362
3F06D2ED
3F033559
3EFEF39E
3EF73EF5
3EEF4B03
3EE71619
3EDE9E83
3ED5E290
3ECCE092
3EC396E0
3EBA03D6
3EB025DA
3EA5FB5E
3E9B82DF
3E90BAEC
3E85A226
3E746E88
3E5CF229
3E44CD06
3E2BFD32
3E128104
3DF0AE3C
3DBAFCDF
3D83EC7F
3D16F8C3
3C0D6464
BCA608BE
BD4C1C5D
BDA3F4F2
BDE3331E
BE11E239
BE32D1E7
BE546595
BE7699D1
BE8CB55D
BE9E6A05
BEB0688A
BEC2AE65
BED538E6
BEE80535
BEFB1057
BF072B99
BF10EB4A
BF1AC59D
BF24B8E8
BF2EC37D
BF38E3AD
BF4317CB
BF4D5E2D
BF57B52F
BF621B37
BF6C8EB4
BF770E24
BF80CC09
BF86158B
BF8B62F0
BF90B395
BF9606E3
BF9B5C4A
BFA0B347
BFA60B5E
BFAB641C
BFB0BD1A
BFB615F9
BFBB6E63
BFC0C609
BFC61CA7
BFCB71FF
BFD0C5DA
BFD6180A
BFDB6866
BFE0B6CB
BFE6031B
BFEB4D3F
BFF09524
BFF5DAB9
BFFB1DF5
C0002F68
C002CEA2
C0056CA8
C008097B
C00AA51B
C00D3F8C
C00FD8D1
C01270ED
C01507E6
C0179DBF
C01A3280
C01CC62E
C01F58CF
C021EA6A
C0247B05
C0270AA7
C0299957
C02C271C
C02EB3FC
C0313FFF
C033CB2B
C0365587
C038DF1A
C03B67EA
C03DEFFE
C040775C
C042FE09
C045840E
C048096E
C04A8E30
C04D1259
C04F95EF
C05218F8
C0549B77
C0571D73
C0599EEF
C05C1FF1
C05EA07D
C0612098
C063A045
C0661F89
C0689E67
C06B1CE4
C06D9B02
C07018C6
C0729633
C075134D
C0779015
C07A0C90
C07C88C0
C07F04A8
C080C025
C081FDD6
C0833B66
C08478D7
C085B62B
C086F362
C088307D
C0896D7E
C08AAA66
C08BE735
C08D23ED
C08E608E
C08F9D1A
C090D990
C09215F2
C0935241
C0948E7D
C095CAA7
C09706C0
C09842C9
C0997EC1
C09ABAAA
C09BF684
C09D3250
C09E6E0E
C09FA9BF
C0A0E563
C0A220FB
C0A35C88
C0A49809
C0A5D37F
C0A70EEB
C0A84A4C
C0A985A4
C0AAC0F3
C0ABFC39
C0AD3776
C0AE72AB
C0AFADD7
C0B0E8FC
C0B2241A
C0B35F31
C0B49A41
C0B5D54A
C0B7104D
C0B84B49
C0B98640
C0BAC131
C0BBFC1D
C0BD3704
C0BE71E5
C0BFACC2
C0C0E79A
3F630788
3F62865C
3F6200D2
3F6176C4
3F60E80D
3F605486
3F5FBC06
3F5F1E62
3F5E7B70
3F5DD302
3F5D24EB
3F5C70FA
3F5BB6FE
3F5AF6C4
3F5A3017
3F5962C1
3F588E88
3F57B332
3F56D084
3F55E63F
3F54F422
3F53F9EA
3F52F754
3F51EC16
3F50D7E9
3F4FBA7F
3F4E9389
3F4D62B7
3F4C27B4
3F4AE22A
3F4991BD
3F483611
3F46CEC7
3F455B79
3F43DBC3
3F424F38
3F40B56D
3F3F0DF0
3F3D584B
3F3B9406
3F39C0A3
3F37DDA3
3F35EA81
3F33E6B2
3F31D1AB
3F2FAAD9
3F2D71A7
3F2B257A
3F28C5B4
3F2651B0
3F23C8C7
3F212A4D
3F1E7591
3F1BA9DD
3F18C679
3F15CAA5
3F12B5A1
3F0F86A6
3F0C3CEB
3F08D7A2
3F0555FB
3F01B724
3EFBF48C
3EF43D16
3EEC4633
3EE40E30
3EDB935A
3ED2D3FF
3EC9CE6F
3EC080FF
3EB6EA0C
3EAD07FB
3EA2D93B
3E985C49
3E8D8FB4
3E82721A
3E6E0467
3E567D9C
3E3E4DA8
3E25729D
3E0BEAD2
3DE369CE
3DAD9F9B
3D6CEB2F
3CF7AC29
3AFFFEAB
BCDD2B0E
BD67E711
BDB1F7D3
BDF15441
BE190246
BE3A01C7
BE5BA59C
BE7DEA4D
BE9065FC
BEA22327
BEB42A4F
BEC678EB
BED90C46
BEEBE187
BEFEF5AD
BF0922CE
BF12E711
BF1CC5F8
BF26BDDB
BF30CD08
BF3AF1CF
BF452A81
BF4F7572
BF59D0FD
BF643B85
BF6EB379
BF793754
BF81E2D0
BF872E7A
BF8C7DFF
BF91D0BB
BF972618
BF9C7D84
BFA1D67C
BFA73083
BFAC8B28
BFB1E601
BFB740B0
BFBC9ADE
BFC1F43E
BFC74C89
BFCCA382
BFD1F8F4
BFD74CAE
BFDC9E88
BFE1EE60
BFE73C18
BFEC8798
BFF1D0CD
BFF717A9
BFFC5C20
C000CF16
C0036EE3
C0060D77
C008AAD3
C00B46F8
C00DE1E9
C0107BA8
C013143B
C015ABA6
C01841EE
C01AD719
C01D6B2D
C01FFE31
C022902A
C0252121
C027B11A
C02A401F
C02CCE35
C02F5B63
C031E7B1
C0347326
C036FDC8
C039879D
C03C10AE
C03E98FF
C0412099
C043A780
C0462DBB
C048B350
C04B3845
C04DBC9F
C0504065
C052C39A
C0554645
C057C86B
C05A4A0F
C05CCB38
C05F4BEA
C061CC28
C0644BF7
C066CB5C
C0694A5A
C06BC8F6
C06E4732
C070C512
C073429A
C075BFCD
C0783CAF
C07AB942
C07D3589
C07FB188
C08116A0
C082545B
C08391F5
C084CF6F
C0860CCC
C0874A0C
C0888730
C089C43A
C08B0129
C08C3E00
C08D7ABF
C08EB767
C08FF3F9
C0913076
C0926CDF
C093A933
C094E575
C09621A5
C0975DC3
C09899D1
C099D5CE
C09B11BC
C09C4D9A
C09D896B
C09EC52D
C0A000E2
C0A13C8A
C0A27826
C0A3B3B6
C0A4EF3B
C0A62AB4
C0A76623
C0A8A188
C0A9DCE3
C0AB1835
C0AC537D
C0AD8EBD
C0AEC9F4
C0B00523
C0B1404B
C0B27B6B
C0B3B684
C0B4F196
C0B62CA1
C0B767A6
C0B8A2A4
C0B9DD9D
C0BB1890
C0BC537D
C0BD8E66
C0BEC949
C0C00427
C0C13F00
3F618A2F
3F610937
3F6083E0
3F5FFA06
3F5F6B82
3F5ED82C
3F5E3FDC
3F5DA269
3F5CFFA5
3F5C5766
3F5BA97B
3F5AF5B5
3F5A3BE3
3F597BD1
3F58B54A
3F57E818
3F571402
3F5638CD
3F55563C
3F546C12
3F537A0E
3F527FEC
3F517D68
3F50723B
3F4F5E19
3F4E40B8
3F4D19C7
3F4BE8F6
3F4AADEF
3F49685C
3F4817E3
3F46BC25
3F4554C3
3F43E159
3F426180
3F40D4CD
3F3F3AD3
3F3D9320
3F3BDD3E
3F3A18B4
3F384506
3F3661B2
3F346E33
3F3269FF
3F305489
3F2E2D40
3F2BF38B
3F29A6D2
3F274674
3F24D1CD
3F224836
3F1FA901
3F1CF37D
3F1A26F5
3F1742AE
3F1445E9
3F112FE5
3F0DFFDB
3F0AB501
3F074E89
3F03CBA2
3F002B79
3EF8DA6E
3EF1200A
3EE92613
3EE0EAD4
3ED86C99
3ECFA9AE
3EC6A064
3EBD4F0D
3EB3B406
3EA9CDB2
3E9F9A7F
3E9518EA
3E8A4780
3E7E49C0
3E675F7F
3E4FCDD9
3E3792A1
3E1EABE9
3E051806
3DD5AB33
3D9FC726
3D5104E9
3CBF7194
BBA2AFE9
BD0B25C0
BD825994
BDC07C96
BDFFF87C
BE20647F
BE417475
BE632916
BE82BF73
BE9438FF
BEA5FF04
BEB80F27
BECA66DD
BEDD036D
BEEFE1FA
BF017FC1
BF0B2C71
BF14F573
BF1ED91F
BF28D5C7
BF32E9BC
BF3D1349
BF4750BE
BF51A06D
BF5C00AF
BF666FE6
BF70EC7E
BF7B74F1
BF8303E4
BF8851CC
BF8DA386
BF92F870
BF984FF0
BF9DA976
BFA3047E
BFA8608A
BFADBD28
BFB319F0
BFB87681
BFBDD286
BFC32DB0
BFC887B9
BFCDE065
BFD3377D
BFD88CD1
BFDDE039
BFE33193
BFE880C1
BFEDCDAB
BFF3183F
BFF8606E
BFFDA62D
C00174BB
C0041521
C006B449
C0095234
C00BEEE2
C00E8A58
C0112497
C013BDA6
C0165587
C018EC42
C01B81DC
C01E165A
C020A9C4
C0233C20
C025CD75
C0285DCA
C02AED26
C02D7B91
C0300911
C03295AD
C035216D
C037AC57
C03A3672
C03CBFC5
C03F4858
C041D02F
C0445751
C046DDC6
C0496392
C04BE8BC
C04E6D49
C050F13F
C05374A4
C055F77C
C05879CD
C05AFB9C
C05D7CED
C05FFDC5
C0627E28
C064FE1C
C0677DA3
C069FCC2
C06C7B7D
C06EF9D8
C07177D5
C073F57A
C07672C8
C078EFC4
C07B6C70
C07DE8D0
C0803273
C081705A
C082AE1F
C083EBC4
C0852948
C08666AF
C087A3F8
C088E125
C08A1E37
C08B5B2F
C08C980D
C08DD4D4
C08F1183
C0904E1C
C0918AA0
C092C70F
C094036A
C0953FB2
C0967BE7
C097B80B
C098F41E
C09A3020
C09B6C13
C09CA7F6
C09DE3CB
C09F1F92
C0A05B4B
C0A196F8
C0A2D297
C0A40E2B
C0A549B3
C0A68530
C0A7C0A3
C0A8FC0B
C0AA3769
C0AB72BD
C0ACAE09
C0ADE94B
C0AF2485
C0B05FB7
C0B19AE1
C0B2D603
C0B4111E
C0B54C33
C0B68740
C0B7C247
C0B8FD47
C0BA3842
C0BB7337
C0BCAE26
C0BDE910
C0BF23F4
C0C05ED4
C0C199AF
3F600066
3F5F7FA0
3F5EFA7B
3F5E70D1
3F5DE27D
3F5D4F57
3F5CB737
3F5C19F1
3F5B775A
3F5ACF46
3F5A2186
3F596DE9
3F58B43E
3F57F451
3F572DEE
3F5660DE
3F558CE7
3F54B1CF
3F53CF5A
3F52E548
3F51F359
3F50F94A
3F4FF6D5
3F4EEBB4
3F4DD79B
3F4CBA3E
3F4B934E
3F4A627A
3F49276B
3F47E1CC
3F469141
3F45356C
3F43CDEE
3F425A62
3F40DA61
3F3F4D80
3F3DB351
3F3C0B62
3F3A553D
3F389068
3F36BC67
3F34D8B8
3F32E4D5
3F30E034
3F2ECA48
3F2CA27E
3F2A683F
3F281AEF
3F25B9F0
3F23449D
3F20BA4D
3F1E1A53
3F1B63FC
3F189693
3F15B15E
3F12B39C
3F0F9C8B
3F0C6B64
3F091F5D
3F05B7A7
3F023370
3EFD23CA
3EF5A45D
3EEDE6E9
3EE5E9BA
3EDDAB1A
3ED52953
3ECC62B1
3EC35582
3EBA0019
3EB060D1
3EA6760A
3E9C3E35
3E91B7CB
3E86E158
3E7772F8
3E607DD4
3E48E0DF
3E3099ED
3E17A70D
3DFC0D28
3DC76E45
3D916F51
3D341DB8
3C8530B7
BC46C575
BD28BDC0
BD9144B8
BDCF87AC
BE079227
BE280B28
BE492C3C
BE6AF255
BE86ACF9
BE982F94
BEA9FECE
BEBC1849
BECE7975
BEE11F99
BEF407D1
BF03978D
BF0D4926
BF171718
BF20FFB8
BF2B0158
BF351A44
BF3F48C9
BF498B31
BF53DFCE
BF5E44F8
BF68B90D
BF733A79
BF7DC7B4
BF842FA2
BF897FDF
BF8ED3E6
BF942B13
BF9984CD
BF9EE083
BFA43DAE
BFA99BD4
BFAEFA80
BFB4594A
BFB9B7D1
BFBF15BF
BFC472C7
BFC9CEA1
BFCF2910
BFD481DF
BFD9D8DE
BFDF2DE4
BFE480CF
BFE9D182
BFEF1FE5
BFF46BE6
BFF9B576
BFFEFC8A
C002208E
C004C193
C0076155
C009FFD4
C00C9D12
C00F3911
C011D3D6
C0146D65
C01705C3
C0199CF4
C01C3301
C01EC7EE
C0215BC2
C023EE85
C026803C
C02910F0
C02BA0A8
C02E2F6A
C030BD3F
C0334A2C
C035D63A
C038616F
C03AEBD3
C03D756C
C03FFE41
C0428659
C0450DB9
C0479469
C04A1A6F
C04C9FD0
C04F2492
C051A8BB
C0542C51
C056AF58
C05931D6
C05BB3D0
C05E354B
C060B64B
C06336D5
C065B6EE
C0683699
C06AB5DA
C06D34B6
C06FB331
C072314D
C074AF0F
C0772C7A
C079A990
C07C2657
C07EA2CF
C0808F7F
C081CD72
C0830B42
C08448F1
C0858680
C086C3F1
C0880143
C0893E79
C08A7B94
C08BB894
C08CF57B
C08E324A
C08F6F01
C090ABA1
C091E82C
C09324A1
C0946103
C0959D51
C096D98D
C09815B6
C09951CF
C09A8DD6
C09BC9CE
C09D05B6
C09E4190
C09F7D5B
C0A0B919
C0A1F4CA
C0A3306D
C0A46C05
C0A5A791
C0A6E312
C0A81E88
C0A959F3
C0AA9554
C0ABD0AC
C0AD0BFA
C0AE4740
C0AF827C
C0B0BDB1
C0B1F8DD
C0B33402
C0B46F20
C0B5AA36
C0B6E546
C0B8204E
C0B95B51
C0BA964E
C0BBD144
C0BD0C35
C0BE4721
C0BF8207
C0C0BCE9
C0C1F7C5
3F5E69C8
3F5DE933
3F5D643D
3F5CDAC3
3F5C4C9D
3F5BB9A5
3F5B21B1
3F5A8497
3F59E22B
3F593A3F
3F588CA7
3F57D930
3F571FAA
3F565FE0
3F55999E
3F54CCAC
3F53F8D2
3F531DD5
3F523B77
3F51517A
3F505F9E
3F4F659D
3F4E6335
3F4D581B
3F4C4407
3F4B26AB
3F49FFB8
3F48CEDB
3F4793C0
3F464E10
3F44FD6E
3F43A17E
3F4239DF
3F40C62B
3F3F45FD
3F3DB8E8
3F3C1E7D
3F3A764C
3F38BFDD
3F36FAB7
3F35265C
3F33424A
3F314DFB
3F2F48E6
3F2D327A
3F2B0A27
3F28CF54
3F268165
3F241FBB
3F21A9B1
3F1F1E9D
3F1C7DD2
3F19C69E
3F16F848
3F141217
3F11134B
3F0DFB20
3F0AC8CE
3F077B8B
3F041288
3F008CF1
3EF9D3E7
3EF2516F
3EEA90C7
3EE2903A
3EDA4E11
3ED1C896
3EC8FE13
3EBFECD4
3EB6932C
3EACEF73
3EA3000B
3E98C360
3E8E37ED
3E835C3C
3E705DD6
3E595D5B
3E41B4A1
3E296178
3E1061F0
3DED68BB
3DB8AEC0
3D8293CE
3D162CEB
3C11B001
BCA03615
BD47667D
BDA0B97A
BDDF1DA8
BE0F6E2C
BE2FF898
BE512B79
BE7303BD
BE8ABEEF
BE9C4AF6
BEAE23C2
BEC046F3
BED2B1F7
BEE5620F
BEF85456
BF05C2E1
BF0F7996
BF194CAA
BF233A71
BF2D413B
BF375F53
BF419301
BF4BDA8F
BF56344E
BF609E91
BF6B17B7
BF759E28
BF80182E
BF85666A
BF8AB915
BF900F80
BF956907
BF9AC512
BFA0230D
BFA58274
BFAAE2C8
BFB04398
BFB5A478
BFBB050A
BFC064F5
BFC5C3ED
BFCB21AA
BFD07DF0
BFD5D888
BFDB3142
BFE087F7
BFE5DC83
BFEB2ECB
BFF07EB6
BFF5CC32
BFFB1731
C0002FD4
C002D2C8
C0057474
C00814D5
C00AB3EF
C00D51C1
C00FEE50
C01289A0
C01523B4
C017BC92
C01A5440
C01CEAC4
C01F8024
C0221467
C024A794
C02739B2
C029CAC9
C02C5ADF
C02EE9FD
C0317829
C034056C
C03691CB
C0391D4F
C03BA7FE
C03E31DF
C040BAFA
C0434354
C045CAF5
C04851E3
C04AD824
C04D5DBE
C04FE2B7
C0526715
C054EADE
C0576E16
C059F0C3
C05C72EA
C05EF490
C06175BB
C063F66D
C06676AC
C068F67C
C06B75E1
C06DF4E0
C070737B
C072F1B7
C0756F98
C077ED20
C07A6A53
C07CE734
C07F63C7
C080F007
C0822E06
C0836BE2
C084A99C
C085E736
C08724B1
C088620D
C0899F4D
C08ADC71
C08C197A
C08D566A
C08E9340
C08FCFFF
C0910CA7
C0924939
C09385B6
C094C21E
C095FE73
C0973AB4
C09876E4
C099B302
C09AEF0F
C09C2B0C
C09D66FA
C09EA2D8
C09FDEA9
C0A11A6B
C0A25620
C0A391C8
C0A4CD64
C0A608F3
C0A74478
C0A87FF1
C0A9BB60
C0AAF6C5
C0AC3220
C0AD6D71
C0AEA8BA
C0AFE3F9
C0B11F30
C0B25A60
C0B39587
C0B4D0A7
C0B60BC0
C0B746D1
C0B881DD
C0B9BCE1
C0BAF7E0
C0BC32D9
C0BD6DCB
C0BEA8B9
C0BFE3A1
C0C11E84
C0C25962
3F5CC5F1
3F5C4589
3F5BC0C2
3F5B3775
3F5AA97B
3F5A16AE
3F597EE4
3F58E1F3
3F583FAF
3F5797EB
3F56EA77
3F563724
3F557DC0
3F54BE16
3F53F7F2
3F532B1C
3F52575C
3F517C75
3F509A2C
3F4FB041
3F4EBE72
3F4DC47E
3F4CC21D
3F4BB708
3F4AA2F4
3F498594
3F485E99
3F472DB0
3F45F284
3F44ACBE
3F435C01
3F41FFF0
3F409829
3F3F2449
3F3DA3E6
3F3C1697
3F3A7BEB
3F38D371
3F371CB1
3F355732
3F338276
3F319DF9
3F2FA937
3F2DA3A3
3F2B8CB0
3F2963CA
3F27285A
3F24D9C2
3F227763
3F200097
3F1D74B5
3F1AD30E
3F181AEE
3F154BA0
3F126466
3F0F6482
3F0C4B2E
3F0917A3
3F05C915
3F025EB4
3EFDAF5A
3EF66657
3EEEE0AF
3EE71CAD
3EDF189C
3ED6D2C3
3ECE496A
3EC57ADA
3EBC655E
3EB30747
3EA95EEE
3E9F6AB1
3E9528FC
3E8A984A
3E7F6E44
3E690845
3E51FBFC
3E3A46FF
3E21E720
3E08DA6C
3DDE3E6F
3DA96840
3D66605D
3CEE5320
3AA555F8
BCDF384A
BD672931
BDB0BC84
BDEF4342
BE1792AD
BE382F36
BE59749B
BE7B5FC3
BE8EF693
BEA08C65
BEB26F26
BEC49C71
BED711B0
BEE9CC23
BEFCC8DF
BF08026C
BF11BE70
BF1B96DA
BF2589FD
BF2F9626
BF39B99D
BF43F2A9
BF4E3F93
BF589EA7
BF630E38
BF6D8CA2
BF78184D
BF8157D6
BF86A8A1
BF8BFDD1
BF9156B9
BF96B2B3
BF9C1125
BFA1717F
BFA6D337
BFAC35D1
BFB198D9
BFB6FBE6
BFBC5E97
BFC1C094
BFC72190
BFCC8144
BFD1DF73
BFD73BE6
BFDC966E
BFE1EEE2
BFE74521
BFEC990E
BFF1EA91
BFF73998
BFFC8614
C000E7FE
C0038BA5
C0062DFC
C008CF05
C00B6EBE
C00E0D2C
C010AA50
C0134630
C015E0CF
C0187A33
C01B1262
C01DA962
C0203F39
C022D3EF
C025678B
C027FA14
C02A8B92
C02D1C0B
C02FAB88
C0323A10
C034C7AA
C037545E
C039E033
C03C6B30
C03EF55D
C0417EC0
C0440760
C0468F44
C0491672
C04B9CF1
C04E22C6
C050A7F9
C0532C8E
C055B08B
C05833F6
C05AB6D4
C05D392A
C05FBAFE
C0623C53
C064BD2F
C0673D97
C069BD8D
C06C3D18
C06EBC3A
C0713AF8
C073B955
C0763755
C078B4FB
C07B324C
C07DAF4A
C08015FC
C081542C
C0829238
C083D020
C0850DE6
C0864B8B
C0878910
C088C677
C08A03C1
C08B40EE
C08C7E01
C08DBAF9
C08EF7D8
C090349F
C091714F
C092ADE8
C093EA6C
C09526DC
C0966337
C0979F7F
C098DBB5
C09A17D9
C09B53EC
C09C8FEF
C09DCBE2
C09F07C5
C0A0439A
C0A17F61
C0A2BB1B
C0A3F6C7
C0A53267
C0A66DFB
C0A7A984
C0A8E501
C0AA2073
C0AB5BDC
C0AC973A
C0ADD28E
C0AF0DDA
C0B0491D
C0B18457
C0B2BF89
C0B3FAB3
C0B535D5
C0B670F0
C0B7AC05
C0B8E712
C0BA2219
C0BB5D1A
C0BC9814
C0BDD309
C0BF0DF8
C0C048E2
C0C183C7
C0C2BEA7
3F5B1477
3F5A943C
3F5A0FA0
3F59867E
3F58F8AE
3F58660A
3F57CE68
3F57319E
3F568F7F
3F55E7DF
3F553A8D
3F54875B
3F53CE16
3F530E89
3F524880
3F517BC3
3F50A818
3F4FCD45
3F4EEB0D
3F4E012F
3F4D0F6C
3F4C157F
3F4B1322
3F4A080D
3F48F3F5
3F47D68D
3F46AF86
3F457E8C
3F44434A
3F42FD67
3F41AC8A
3F405052
3F3EE85F
3F3D744B
3F3BF3AF
3F3A661F
3F38CB2B
3F372261
3F356B49
3F33A56A
3F31D044
3F2FEB55
3F2DF616
3F2BEFFC
3F29D878
3F27AEF6
3F2572DE
3F232393
3F20C074
3F1E48DB
3F1BBC1E
3F19198E
3F166078
3F139023
3F10A7D4
3F0DA6C9
3F0A8C3E
3F07576A
3F040780
3F009BB1
3EFA2651
3EF2DA23
3EEB5125
3EE389A3
3EDB81E5
3ED33831
3ECAAACE
3EC1D804
3EB8BE1C
3EAF5B66
3EA5AE39
3E9BB4F3
3E916DFF
3E86D7D4
3E77E1F8
3E617023
3E4A578E
3E3295CF
3E1A28B4
3E010E4A
3DCE89CA
3D999645
3D467FC9
3CAE14E8
BBD9A6FF
BD103E0E
BD8407AA
BDC152A0
BDFFFD4E
BE20021C
BE40B17D
BE620A22
BE820477
BE93552B
BEA4F52D
BEB6E248
BEC91A13
BEDB99F7
BEEE5F2D
BF00B365
BF0A56DC
BF141866
BF1DF65D
BF27EF13
BF3200D2
BF3C29DF
BF466881
BF50BAFD
BF5B1F9D
BF6594B2
BF701896
BF7AA9AF
BF82A337
BF87F6AB
BF8D4E7B
BF92A9F9
BF98087F
BF9D6973
BFA2CC41
BFA83063
BFAD955A
BFB2FAB3
BFB86002
BFBDC4E8
BFC3290C
BFC88C21
BFCDEDE0
BFD34E0C
BFD8AC6D
BFDE08D6
BFE3631C
BFE8BB1F
BFEE10C2
BFF363ED
BFF8B48E
BFFE0298
C001A700
C0044B60
C006EE6B
C0099020
C00C3081
C00ECF90
C0116D50
C01409C5
C016A4F4
C0193EE4
C01BD799
C01E6F1A
C021056D
C0239A9B
C0262EAB
C028C1A3
C02B538B
C02DE46B
C030744B
C0330331
C0359127
C0381E33
C03AAA5C
C03D35AB
C03FC026
C04249D4
C044D2BD
C0475AE6
C049E257
C04C6917
C04EEF2A
C0517498
C053F966
C0567D9A
C059013A
C05B844B
C05E06D2
C06088D5
C0630A57
C0658B5F
C0680BF0
C06A8C0F
C06D0BC0
C06F8B07
C07209E9
C0748868
C0770689
C0798450
C07C01BF
C07E7ED9
C0807DD2
C081BC10
C082FA29
C084381D
C08575EF
C086B3A0
C087F130
C0892EA2
C08A6BF6
C08BA92D
C08CE649
C08E234B
C08F6033
C0909D02
C091D9BA
C093165C
C09452E7
C0958F5E
C096CBC0
C098080F
C099444B
C09A8076
C09BBC8F
C09CF897
C09E348F
C09F7078
C0A0AC53
C0A1E81F
C0A323DD
C0A45F8E
C0A59B32
C0A6D6CA
C0A81257
C0A94DD8
C0AA894E
C0ABC4BA
C0AD001C
C0AE3B74
C0AF76C2
C0B0B208
C0B1ED45
C0B3287A
C0B463A7
C0B59ECC
C0B6D9EA
C0B81500
C0B95010
C0BA8B1A
C0BBC61C
C0BD0119
C0BE3C10
C0BF7701
C0C0B1ED
C0C1ECD4
C0C327B5
3F5954F0
3F58D4DF
3F58506C
3F57C772
3F5739CA
3F56A74C
3F560FD0
3F557329
3F54D12D
3F5429AE
3F537C7C
3F52C968
3F52103E
3F5150CC
3F508ADA
3F4FBE32
3F4EEA9A
3F4E0FD7
3F4D2DAC
3F4C43D9
3F4B521C
3F4A5832
3F4955D5
3F484ABB
3F47369B
3F461927
3F44F20E
3F43C0FD
3F4285A0
3F413F9D
3F3FEE99
3F3E9234
3F3D2A0E
3F3BB5C2
3F3A34E5
3F38A70D
3F370BCA
3F3562A8
3F33AB31
3F31E4E9
3F300F51
3F2E29E7
3F2C3423
3F2A2D79
3F28155B
3F25EB33
3F23AE69
3F215E5F
3F1EFA75
3F1C8204
3F19F460
3F1750DB
3F1496C1
3F11C558
3F0EDBE4
3F0BD9A4
3F08BDD2
3F0587A5
3F02364F
3EFD9201
3EF67DCA
3EEF2E4A
3EE7A1D0
3EDFD6A5
3ED7CB10
3ECF7D56
3EC6EBBD
3EBE1489
3EB4F604
3EAB8E7D
3EA1DC48
3E97DDC2
3E8D9155
3E82F579
3E701166
3E59933E
3E426DDC
3E2A9ED4
3E1223F3
3DF1F689
3DBE4638
3D89342B
3D257C87
3C571892
BC72F0E6
BD320A6B
BD951153
BDD280B9
BE08A864
BE28BEFF
BE4981F6
BE6AEE9F
BE8680ED
BE97DC09
BEA986A2
BEBB7E80
BECDC138
BEE04C2C
BEF31C94
BF0317BF
BF0CC0EA
BF168832
BF206BEF
BF2A6A70
BF3481FD
BF3EB0DB
BF48F54B
BF534D91
BF5DB7F6
BF6832C8
BF72BC5F
BF7D531E
BF83FABB
BF8950F2
BF8EAB7D
BF9409AB
BF996AD8
BF9ECE67
BFA433C4
BFA99A69
BFAF01D5
BFB46995
BFB9D13F
BFBF3870
BFC49ED2
BFCA0416
BFCF67F5
BFD4CA32
BFDA2A96
BFDF88F1
BFE4E51D
BFEA3EF6
BFEF9660
BFF4EB44
BFFA3D91
BFFF8D38
C0026D18
C0051239
C007B5FE
C00A5867
C00CF976
C00F992C
C012378E
C014D49F
C0177065
C01A0AE5
C01CA425
C01F3C2D
C021D302
C02468AC
C026FD34
C029909F
C02C22F6
C02EB441
C0314488
C033D3D1
C0366226
C038EF8D
C03B7C0F
C03E07B2
C040927F
C0431C7B
C045A5AF
C0482E21
C04AB5D7
C04D3CDA
C04FC32D
C05248D9
C054CDE3
C0575250
C059D627
C05C596D
C05EDC27
C0615E5A
C063E00C
C0666140
C068E1FD
C06B6245
C06DE21E
C070618C
C072E093
C0755F36
C077DD79
C07A5B61
C07CD8EF
C07F5629
C080E988
C08227D4
C08365FB
C084A3FC
C085E1DB
C0871F98
C0885D34
C0899AB1
C08AD80F
C08C1551
C08D5277
C08E8F82
C08FCC73
C091094B
C092460C
C09382B5
C094BF49
C095FBC7
C0973830
C0987486
C099B0C9
C09AECFA
C09C2919
C09D6528
C09EA126
C09FDD15
C0A118F4
C0A254C5
C0A39088
C0A4CC3E
C0A607E7
C0A74384
C0A87F14
C0A9BA99
C0AAF614
C0AC3183
C0AD6CE9
C0AEA844
C0AFE396
C0B11EDF
C0B25A1F
C0B39557
C0B4D087
C0B60BAF
C0B746CF
C0B881E8
C0B9BCFB
C0BAF806
C0BC330B
C0BD6E0A
C0BEA903
C0BFE3F7
C0C11EE4
C0C259CD
C0C394B0
3F5786ED
3F570704
3F5682B8
3F55F9E4
3F556C61
3F54DA07
3F5442AC
3F53A627
3F53044B
3F525CEA
3F51AFD5
3F50FCDB
3F5043CA
3F4F846E
3F4EBE90
3F4DF1FA
3F4D1E71
3F4C43BA
3F4B6198
3F4A77CB
3F498611
3F488C26
3F4789C4
3F467EA1
3F456A74
3F444CEE
3F4325BE
3F41F492
3F40B914
3F3F72EA
3F3E21BA
3F3CC523
3F3B5CC4
3F39E837
3F386713
3F36D8EC
3F353D52
3F3393D1
3F31DBF2
3F30153A
3F2E3F28
3F2C5939
3F2A62E7
3F285BA4
3F2642E0
3F241808
3F21DA81
3F1F89AE
3F1D24ED
3F1AAB97
3F181D00
3F157878
3F12BD4C
3F0FEAC1
3F0D001A
3F09FC95
3F06DF6C
3F03A7D5
3F005503
3EF9CC45
3EF2B4C0
3EEB61C9
3EE3D1AA
3EDC02AC
3ED3F315
3ECBA127
3EC30B27
3EBA2F59
3EB10C05
3EA79F78
3E9DE804
3E93E406
3E8991E7
3E7DE035
3E67FA52
3E516F55
3E3A3C9F
3E225FC3
3E09D68C
3DE13E0B
3DAD6F00
3D707A62
3D034CFC
3B9A9773
BCBEEA54
BD550B21
BDA6B694
BDE44BDE
BE11A166
BE31CBE9
BE52A33F
BE7424B8
BE8B2698
BE9C8C86
BEAE4223
BEC04532
BED29344
BEE529B9
BEF805C4
BF059238
BF0F4151
BF190E91
BF22F84E
BF2CFCD6
BF371A6D
BF414F56
BF4B99D0
BF55F81C
BF606881
BF6AE94B
BF7578CF
BF800AB7
BF855ECB
BF8AB7E3
BF901544
BF95763F
BF9ADA2E
BFA04072
BFA5A879
BFAB11B9
BFB07BB5
BFB5E5F6
BFBB5011
BFC0B9A6
BFC6225D
BFCB89E6
BFD0EFFB
BFD6545E
BFDBB6D9
BFE1173D
BFE67561
BFEBD123
BFF12A67
BFF68117
BFFBD520
C000933A
C0033A86
C005E070
C00884F7
C00B281C
C00DC9DF
C0106A44
C013094D
C015A701
C0184363
C01ADE79
C01D784B
C02010DE
C022A83A
C0253E66
C027D36A
C02A674D
C02CFA18
C02F8BD2
C0321C83
C034AC34
C0373AEC
C039C8B2
C03C558F
C03EE18B
C0416CAC
C043F6F9
C046807B
C0490939
C04B9138
C04E187F
C0509F16
C0532502
C055AA49
C0582EF2
C05AB302
C05D367F
C05FB96E
C0623BD4
C064BDB6
C0673F1A
C069C003
C06C4077
C06EC07A
C0714010
C073BF3D
C0763E06
C078BC6D
C07B3A76
C07DB826
C0801AC0
C0815943
C082979D
C083D5D2
C08513E1
C08651CD
C0878F96
C088CD3E
C08A0AC6
C08B4830
C08C857D
C08DC2AD
C08EFFC2
C0903CBD
C091799E
C092B667
C093F319
C0952FB5
C0966C3B
C097A8AC
C098E509
C09A2153
C09B5D8B
C09C99B1
C09DD5C5
C09F11C9
C0A04DBE
C0A189A3
C0A2C579
C0A40142
C0A53CFC
C0A678AA
C0A7B44B
C0A8EFE0
C0AA2B6A
C0AB66E8
C0ACA25B
C0ADDDC4
C0AF1923
C0B05479
C0B18FC5
C0B2CB09
C0B40644
C0B54176
C0B67CA1
C0B7B7C4
C0B8F2E0
C0BA2DF5
C0BB6903
C0BCA40B
C0BDDF0C
C0BF1A07
C0C054FC
C0C18FEC
C0C2CAD7
C0C405BC
3F55A9FE
3F552A39
3F54A612
3F541D61
3F539000
3F52FDC7
3F52668D
3F51CA26
3F512866
3F508120
3F4FD424
3F4F2142
3F4E6846
3F4DA8FD
3F4CE330
3F4C16A7
3F4B432A
3F4A687B
3F49865E
3F489C92
3F47AAD7
3F46B0E6
3F45AE7A
3F44A34A
3F438F0A
3F42716D
3F414A22
3F4018D5
3F3EDD2F
3F3D96D9
3F3C4576
3F3AE8A6
3F398007
3F380B33
3F3689C1
3F34FB43
3F335F4B
3F31B563
3F2FFD14
3F2E35E2
3F2C5F4D
3F2A78D1
3F2881E6
3F267A00
3F24608D
3F2234F9
3F1FF6AA
3F1DA502
3F1B3F5E
3F18C516
3F16357E
3F138FE7
3F10D39A
3F0DFFDD
3F0B13F4
3F080F1A
3F04F08A
3F01B778
3EFCC62C
3EF5E523
3EEECA2B
3EE77393
3EDFDFA5
3ED80CA9
3ECFF8E1
3EC7A291
3EBF07FA
3EB6275F
3EACFF07
3EA38D3C
3E99D051
3E8FC6A1
3E856E92
3E758D2F
3E5F9A71
3E490218
3E31C183
3E19D643
3E013E22
3DCFEE51
3D9BFF4F
3D4D58EC
3CBFCE96
BB82C916
BD0369BF
BD794A5A
BDB8FC8F
BDF6B93F
BE1AEC4B
BE3B2B81
BE5C1805
BE7DAF22
BE8FF6D7
BEA16806
BEB32916
BEC537C7
BED791A7
BEEA3412
BEFD1C37
BF08238E
BF11D8D1
BF1BAC46
BF259C41
BF2FA70C
BF39CAEC
BF44061D
BF4E56DF
BF58BB6F
BF633211
BF6DB910
BF784EBD
BF8178BC
BF86CFD7
BF8C2BEC
BF918C42
BF96F026
BF9C56F3
BFA1C009
BFA72AD4
BFAC96CC
BFB20370
BFB7704C
BFBCDCF3
BFC24904
BFC7B428
BFCD1E0D
BFD28670
BFD7ED10
BFDD51B8
BFE2B438
BFE81469
BFED7228
BFF2CD59
BFF825E6
BFFD7BBD
C0016769
C0040F8D
C006B647
C0095B98
C00BFF80
C00EA1FF
C0114319
C013E2D2
C016812E
C0191E33
C01BB9E6
C01E544F
C020ED73
C023855B
C0261C0E
C028B193
C02B45F3
C02DD936
C0306B64
C032FC85
C0358CA0
C0381BBF
C03AA9E8
C03D3725
C03FC37B
C0424EF4
C044D997
C047636A
C049EC76
C04C74C0
C04EFC50
C051832C
C054095B
C0568EE3
C05913C9
C05B9815
C05E1BCB
C0609EF0
C063218B
C065A3A0
C0682535
C06AA64D
C06D26EE
C06FA71D
C07226DC
C074A631
C0772520
C079A3AC
C07C21DA
C07E9FAC
C0808E93
C081CD26
C0830B90
C08449D3
C08587F0
C086C5E9
C08803C0
C0894174
C08A7F09
C08BBC7E
C08CF9D6
C08E3711
C08F7430
C090B135
C091EE20
C0932AF2
C09467AD
C095A451
C096E0DF
C0981D58
C09959BD
C09A960E
C09BD24D
C09D0E79
C09E4A94
C09F869F
C0A0C299
C0A1FE84
C0A33A60
C0A4762D
C0A5B1ED
C0A6EDA0
C0A82946
C0A964DF
C0AAA06D
C0ABDBF0
C0AD1767
C0AE52D4
C0AF8E37
C0B0C990
C0B204E0
C0B34027
C0B47B65
C0B5B69B
C0B6F1C9
C0B82CEF
C0B9680D
C0BAA325
C0BBDE35
C0BD193F
C0BE5443
C0BF8F41
C0C0CA38
C0C2052A
C0C34017
C0C47AFE
3F53BDAE
3F533E0C
3F52BA06
3F523176
3F51A434
3F511219
3F507AFB
3F4FDEB0
3F4F3D0A
3F4E95DC
3F4DE8F6
3F4D3627
3F4C7D3D
3F4BBE02
3F4AF842
3F4A2BC4
3F49584D
3F487DA3
3F479B86
3F46B1B8
3F45BFF6
3F44C5FB
3F43C380
3F42B83D
3F41A3E6
3F40862D
3F3F5EC0
3F3E2D4B
3F3CF179
3F3BAAF0
3F3A5954
3F38FC44
3F37935E
3F361E3B
3F349C73
3F330D98
3F317139
3F2FC6E2
3F2E0E1A
3F2C4666
3F2A6F44
3F288830
3F2690A3
3F24880F
3F226DE2
3F204187
3F1E0264
3F1BAFDA
3F194946
3F16CDFF
3F143D59
3F1196A3
3F0ED927
3F0C042A
3F0916EE
3F0610AF
3F02F0A6
3EFF6C0D
3EF8C005
3EF1DB8D
3EEABCF8
3EE36295
3EDBCAAD
3ED3F385
3ECBDB5E
3EC3807A
3EBAE119
3EB1FB7D
3EA8CDEA
3E9F56AA
3E95940D
3E8B846D
3E81262E
3E6CEF8A
3E56EF6A
3E404929
3E28FA24
3E10FFEB
3DF0B087
3DBE0271
3D89F22E
3D28F9F1
3C6D0569
BC552110
BD28A449
BD8F6940
BDCBE887
BE04E718
BE248BC5
BE44E081
BE65E30A
BE83C853
BE94F314
BEA66FF5
BEB83CEC
BECA57B5
BEDCBDDB
BEEF6CB6
BF0130B8
BF0ACC85
BF148830
BF1E6219
BF285892
BF3269E1
BF3C9448
BF46D602
BF512D4C
BF5B9860
BF66157F
BF70A2F2
BF7B3F08
BF82F40F
BF884E50
BF8DAD81
BF9310E9
BF9877D5
BF9DE19D
BFA34DA2
BFA8BB4F
BFAE2A1A
BFB39983
BFB90914
BFBE7861
BFC3E708
BFC954B1
BFCEC10C
BFD42BD3
BFD994C7
BFDEFBB2
BFE46065
BFE9C2B8
BFEF2289
BFF47FBB
BFF9DA39
BFFF31F1
C002436B
C004EC70
C0079404
C00A3A27
C00CDEDA
C00F821D
C01223F4
C014C462
C017636E
C01A011C
C01C9D72
C01F3877
C021D233
C0246AAD
C02701EB
C02997F8
C02C2CDA
C02EC09A
C0315340
C033E4D4
C036755F
C03904E9
C03B9379
C03E2118
C040ADCE
C04339A3
C045C49D
C0484EC5
C04AD822
C04D60BB
C04FE896
C0526FBA
C054F62F
C0577BF9
C05A0120
C05C85A9
C05F099B
C0618CF9
C0640FCB
C0669215
C06913DC
C06B9525
C06E15F6
C0709651
C073163C
C07595BB
C07814D2
C07A9384
C07D11D7
C07F8FCC
C08106B4
C0824558
C08383D2
C084C224
C0860050
C0873E57
C0887C3B
C089B9FD
C08AF79E
C08C351F
C08D7282
C08EAFC8
C08FECF2
C0912A01
C09266F6
C093A3D2
C094E096
C0961D43
C09759DA
C098965B
C099D2C8
C09B0F20
C09C4B66
C09D879A
C09EC3BB
C09FFFCC
C0A13BCD
C0A277BE
C0A3B39F
C0A4EF73
C0A62B38
C0A766F0
C0A8A29A
C0A9DE39
C0AB19CB
C0AC5552
C0AD90CE
C0AECC3F
C0B007A6
C0B14303
C0B27E56
C0B3B9A0
C0B4F4E2
C0B6301B
C0B76B4C
C0B8A675
C0B9E196
C0BB1CB0
C0BC57C4
C0BD92D0
C0BECDD6
C0C008D6
C0C143D0
C0C27EC4
C0C3B9B3
C0C4F49C
3F51C187
3F514205
3F50BE1E
3F5035AB
3F4FA886
3F4F1686
3F4E7F82
3F4DE34E
3F4D41BE
3F4C9AA4
3F4BEDD1
3F4B3B12
3F4A8236
3F49C307
3F48FD4F
3F4830D7
3F475D63
3F4682B8
3F45A098
3F44B6C2
3F43C4F5
3F42CAEA
3F41C85C
3F40BD01
3F3FA88D
3F3E8AB1
3F3D631C
3F3C317B
3F3AF576
3F39AEB3
3F385CD6
3F36FF80
3F35964B
3F3420D3
3F329EAD
3F310F6C
3F2F729E
3F2DC7CE
3F2C0E85
3F2A4644
3F286E8C
3F2686D7
3F248E9C
3F22854F
3F206A5D
3F1E3D2F
3F1BFD2C
3F19A9B4
3F174222
3F14C5CF
3F12340C
3F0F8C29
3F0CCD6E
3F09F720
3F070881
3F0400CB
3F00DF36
3EFB45EF
3EF4967B
3EEDAE6B
3EE68C10
3EDF2DB7
3ED791A7
3ECFB624
3EC7996D
3EBF39C3
3EB69563
3EADAA8F
3EA47788
3E9AFA97
3E91320B
3E871C3D
3E796F1C
3E6404E4
3E4DF6D4
3E37421B
3E1FE410
3E07DA41
3DDE44E9
3DAB7563
3D6E8517
3D035330
3BAA8675
BCB709D6
BD4F2F59
BDA2D721
BDDF7FE3
BE0EC811
BE2E8296
BE4EEDB1
BE70071D
BE88E60F
BE9A1CBE
BEABA5C8
BEBD7F1E
BECFA67B
BEE21963
BEF4D52B
BF03EB7C
BF0D8DE5
BF17503A
BF2130D9
BF2B2E11
BF354626
BF3F7757
BF49BFDD
BF541DF1
BF5E8FCB
BF6913AA
BF73A7D4
BF7E4A95
BF847D24
BF89DAAA
BF8F3D18
BF94A3B2
BF9A0DC4
BF9F7AA6
BFA4E9B8
BFAA5A64
BFAFCC20
BFB53E6A
BFBAB0CC
BFC022DB
BFC59432
BFCB047B
BFD07365
BFD5E0AA
BFDB4C0A
BFE0B550
BFE61C4D
BFEB80D7
BFF0E2CF
BFF64217
BFFB9E9B
C0007C24
C0032788
C005D177
C00879EE
C00B20EB
C00DC670
C0106A7F
C0130D1A
C015AE46
C0184E08
C01AEC66
C01D8966
C020250F
C022BF68
C0255879
C027F049
C02A86E2
C02D1C4B
C02FB08D
C03243B0
C034D5BD
C03766BB
C039F6B4
C03C85B0
C03F13B6
C041A0CF
C0442D03
C046B859
C04942D9
C04BCC8A
C04E5574
C050DD9D
C053650D
C055EBCA
C05871DA
C05AF744
C05D7C0D
C060003C
C06283D6
C06506E1
C0678962
C06A0B5E
C06C8CDA
C06F0DDB
C0718E65
C0740E7D
C0768E27
C0790D68
C07B8C42
C07E0ABB
C080446B
C081834B
C082C1FF
C084008A
C0853EEC
C0867D27
C087BB3D
C088F92F
C08A36FE
C08B74AC
C08CB23A
C08DEFA9
C08F2CFB
C0906A30
C091A74A
C092E449
C094212F
C0955DFD
C0969AB3
C097D752
C09913DC
C09A5051
C09B8CB1
C09CC8FF
C09E0539
C09F4162
C0A07D7A
C0A1B981
C0A2F578
C0A4315F
C0A56D38
C0A6A903
C0A7E4C0
C0A92070
C0AA5C13
C0AB97AB
C0ACD336
C0AE0EB6
C0AF4A2B
C0B08596
C0B1C0F7
C0B2FC4E
C0B4379C
C0B572E1
C0B6AE1E
C0B7E952
C0B9247E
C0BA5FA2
C0BB9AC0
C0BCD5D6
C0BE10E5
C0BF4BED
C0C086F0
C0C1C1EC
C0C2FCE2
C0C437D3
C0C572BF
3F4FB510
3F4F35AB
3F4EB1DF
3F4E2987
3F4D9C7B
3F4D0A93
3F4C73A5
3F4BD786
3F4B3609
3F4A8F00
3F49E23B
3F492F89
3F4876B6
3F47B78F
3F46F1DB
3F462564
3F4551EF
3F44773F
3F439516
3F42AB34
3F41B956
3F40BF37
3F3FBC90
3F3EB117
3F3D9C80
3F3C7E7C
3F3B56B9
3F3A24E4
3F38E8A5
3F37A1A3
3F364F7F
3F34F1D9
3F33884F
3F321279
3F308FED
3F2F003D
3F2D62F7
3F2BB7A6
3F29FDD1
3F2834FB
3F265CA2
3F247441
3F227B4E
3F20713C
3F1E5579
3F1C276C
3F19E67C
3F179208
3F15296B
3F12ABFD
3F10190F
3F0D6FEE
3F0AAFE5
3F07D836
3F04E821
3F01DEE2
3EFD7760
3EF6FB7C
3EF04875
3EE95CA3
3EE23656
3EDAD3D9
3ED33372
3ECB5362
3EC331E9
3EBACD44
3EB223AF
3EA9336A
3E9FFAB5
3E9677D6
3E8CA91C
3E828CDD
3E7042F5
3E5ACAC9
3E44AE3A
3E2DEA71
3E167CC5
3DFCC580
3DCB344F
3D984203
3D47D667
3CB8B457
BB8FA78D
BD0319CD
BD7715C0
BDB6F447
BDF3C828
BE190257
BE38D390
BE5955ED
BE7A8724
BE8E323A
BE9F7550
BEB10AFE
BEC2F131
BED525A0
BEE7A5CC
BEFA6F04
BF06BF35
BF10687B
BF1A31BE
BF241957
BF2E1D93
BF383CB3
BF4274F4
BF4CC48B
BF5729AE
BF61A294
BF6C2D78
BF76C89C
BF80B926
BF861470
BF8B755D
BF90DB29
BF964516
BF9BB26F
BFA1228C
BFA694CA
BFAC0894
BFB17D5E
BFB6F2A7
BFBC67F8
BFC1DCE4
BFC75109
BFCCC40D
BFD235A0
BFD7A57C
BFDD1361
BFE27F1B
BFE7E878
BFED4F52
BFF2B387
BFF814FB
BFFD7398
C00167A7
C0041408
C006BEEA
C009684C
C00C102C
C00EB68D
C0115B6F
C013FED7
C016A0C8
C0194148
C01BE05D
C01E7E0D
C0211A60
C023B55D
C0264F0B
C028E774
C02B7E9F
C02E1494
C030A95D
C0333D02
C035CF8C
C0386103
C03AF170
C03D80DB
C0400F4C
C0429CCC
C0452963
C047B518
C04A3FF4
C04CC9FD
C04F533B
C051DBB6
C0546374
C056EA7C
C05970D4
C05BF683
C05E7B90
C060FFFF
C06383D7
C066071D
C06889D7
C06B0C09
C06D8DBA
C0700EEE
C0728FA9
C0750FF0
C0778FC7
C07A0F33
C07C8E37
C07F0CD8
C080C58D
C082047F
C0834345
C08481E1
C085C053
C086FE9E
C0883CC3
C0897AC4
C08AB8A1
C08BF65D
C08D33F8
C08E7174
C08FAED1
C090EC12
C0922937
C0936641
C094A331
C095E009
C0971CC8
C0985971
C0999603
C09AD281
C09C0EE9
C09D4B3F
C09E8781
C09FC3B1
C0A0FFD0
C0A23BDD
C0A377DB
C0A4B3C9
C0A5EFA8
C0A72B78
C0A8673B
C0A9A2F0
C0AADE98
C0AC1A35
C0AD55C5
C0AE9149
C0AFCCC3
C0B10832
C0B24397
C0B37EF2
C0B4BA44
C0B5F58D
C0B730CC
C0B86C04
C0B9A733
C0BAE25B
C0BC1D7B
C0BD5894
C0BE93A6
C0BFCEB1
C0C109B6
C0C244B5
C0C37FAD
C0C4BAA1
C0C5F58E
3F4D97CC
3F4D1881
3F4C94CE
3F4C0C8D
3F4B7F97
3F4AEDC4
3F4A56E9
3F49BADB
3F49196D
3F487270
3F47C5B6
3F47130C
3F465A40
3F459B1B
3F44D568
3F4408EE
3F433572
3F425AB9
3F417882
3F408E8F
3F3F9C9B
3F3EA262
3F3D9F9C
3F3C93FF
3F3B7F3F
3F3A610D
3F393916
3F380706
3F36CA87
3F35833C
3F3430CA
3F32D2CF
3F3168E7
3F2FF2AB
3F2E6FB0
3F2CDF88
3F2B41C1
3F2995E5
3F27DB7B
3F261205
3F243900
3F224FE8
3F205632
3F1E4B50
3F1C2EAE
3F19FFB6
3F17BDCB
3F15684D
3F12FE97
3F107FFF
3F0DEBD6
3F0B4168
3F087FFF
3F05A6DD
3F02B542
3EFF54CF
3EF90B08
3EF28B94
3EEBD4D0
3EE4E510
3EDDBAA4
3ED653D4
3ECEAEE6
3EC6CA17
3EBEA3A7
3EB639D0
3EAD8ACD
3EA494DC
3E9B563C
3E91CD31
3E87F807
3E7BAA27
3E66C56C
3E513EBD
3E3B1317
3E243FA2
3E0CC1B2
3DE92DA2
3DB77982
3D84630B
3D1FCDAB
3C501099
BC6A6AF7
BD2C11DD
BD903148
BDCBC64A
BE04637E
BE2398C4
BE438197
BE641C20
BE82B309
BE93AE53
BEA4FE4E
BEB6A11F
BEC894B1
BEDAD6B5
BEED64AA
BF001DED
BF09ACB2
BF135D1C
BF1D2D92
BF271C6C
BF3127F2
BF3B4E66
BF458DFD
BF4FE4ED
BF5A5168
BF64D1A2
BF6F63D2
BF7A0639
BF825B8F
BF87BA6C
BF8D1EE4
BF928830
BF97F592
BF9D6655
BFA2D9CC
BFA84F58
BFADC660
BFB33E59
BFB8B6C0
BFBE2F1E
BFC3A706
BFC91E14
BFCE93EF
BFD40847
BFD97AD5
BFDEEB5A
BFE459A0
BFE9C578
BFEF2EB9
BFF49542
BFF9F8F8
BFFF59C6
C0025BCC
C0050933
C007B513
C00A5F6A
C00D0837
C00FAF7C
C012553A
C014F977
C0179C35
C01A3D7B
C01CDD4E
C01F7BB6
C02218B9
C024B460
C0274EB3
C029E7B9
C02C7F7C
C02F1604
C031AB59
C0343F86
C036D292
C0396486
C03BF56B
C03E854A
C041142A
C043A216
C0462F13
C048BB2B
C04B4666
C04DD0CB
C0505A61
C052E331
C0556B40
C057F296
C05A793A
C05CFF31
C05F8483
C0620935
C0648D4D
C06710D1
C06993C6
C06C1632
C06E9819
C0711981
C0739A6F
C0761AE7
C0789AED
C07B1A86
C07D99B5
C0800C40
C0814B74
C0828A7A
C083C953
C0850800
C0864684
C08784DF
C088C314
C08A0124
C08B3F10
C08C7CDA
C08DBA82
C08EF80B
C0903575
C09172C2
C092AFF2
C093ED08
C0952A02
C09666E4
C097A3AE
C098E060
C09A1CFC
C09B5982
C09C95F3
C09DD250
C09F0E9A
C0A04AD2
C0A186F8
C0A2C30D
C0A3FF11
C0A53B05
C0A676EA
C0A7B2C1
C0A8EE89
C0AA2A44
C0AB65F2
C0ACA193
C0ADDD28
C0AF18B2
C0B05430
C0B18FA3
C0B2CB0C
C0B4066C
C0B541C1
C0B67D0E
C0B7B851
C0B8F38C
C0BA2EBF
C0BB69EA
C0BCA50D
C0BDE029
C0BF1B3E
C0C0564C
C0C19153
C0C2CC54
C0C40750
C0C54245
C0C67D35
3F4B693D
3F4AEA09
3F4A666B
3F49DE3F
3F49515B
3F48BF99
3F4828CD
3F478CCC
3F46EB69
3F464476
3F4597C2
3F44E51D
3F442C51
3F436D2C
3F42A774
3F41DAF2
3F41076C
3F402CA3
3F3F4A5A
3F3E6050
3F3D6E41
3F3C73E8
3F3B70FD
3F3A6536
3F395047
3F3831DF
3F3709AE
3F35D75D
3F349A95
3F3352FC
3F320033
3F30A1DA
3F2F378C
3F2DC0E1
3F2C3D6F
3F2AACC6
3F290E74
3F276204
3F25A6FA
3F23DCD8
3F22031D
3F201943
3F1E1EBD
3F1C12FE
3F19F572
3F17C581
3F15828E
3F132BF8
3F10C119
3F0E4147
3F0BABD3
3F090008
3F063D2E
3F036287
3F006F52
3EFAC591
3EF47840
3EEDF513
3EE73A65
3EE0468B
3ED917D0
3ED1AC7D
3ECA02D4
3EC21912
3EB9ED74
3EB17E33
3EA8C987
3E9FCDAE
3E9688E3
3E8CF96A
3E831D8C
3E71E73C
3E5CF3FB
3E475E30
3E3122D7
3E1A3F15
3E02B03C
3DD4E7A2
3DA30F2D
3D5FA637
3CECC00B
3B246284
BCC95755
BD56784E
BDA5908C
BDE152E0
BE0F4114
BE2E8E45
BE4E8F9E
BE6F4347
BE885377
BE995BE2
BEAAB943
BEBC69BC
BECE6B33
BEE0BB56
BEF357A0
BF031EAB
BF0CB4C7
BF166C9D
BF204490
BF2A3AF4
BF344E10
BF3E7C20
BF48C359
BF5321ED
BF5D960B
BF681DE2
BF72B7AA
BF7D619E
BF840D02
BF896F97
BF8ED7BD
BF9444AE
BF99B5A8
BF9F29F7
BFA4A0ED
BFAA19E7
BFAF944F
BFB50F97
BFBA8B3D
BFC006C7
BFC581C9
BFCAFBDF
BFD074AF
BFD5EBE9
BFDB6145
BFE0D485
BFE64572
BFEBB3DE
BFF11F9F
BFF68895
BFFBEEA5
C000A8DC
C00358E0
C0060757
C008B43F
C00B5F94
C00E0958
C010B18A
C013582E
C015FD48
C018A0DB
C01B42EF
C01DE388
C02082AF
C023206B
C025BCC3
C02857C0
C02AF16A
C02D89CB
C03020EB
C032B6D3
C0354B8C
C037DF1F
C03A7196
C03D02F8
C03F934F
C04222A4
C044B0FE
C0473E67
C049CAE6
C04C5684
C04EE148
C0516B3A
C053F461
C0567CC5
C059046D
C05B8B5E
C05E11A1
C060973B
C0631C32
C065A08D
C0682451
C06AA784
C06D2A2B
C06FAC4B
C0722DEA
C074AF0D
C0772FB7
C079AFEE
C07C2FB5
C07EAF12
C0809704
C081D64D
C0831567
C0845453
C0859313
C086D1A8
C0881015
C0894E5A
C08A8C7A
C08BCA75
C08D084D
C08E4604
C08F839A
C090C111
C091FE6B
C0933BA7
C09478C8
C095B5CE
C096F2BA
C0982F8E
C0996C4A
C09AA8EF
C09BE57F
C09D21F9
C09E5E5F
C09F9AB1
C0A0D6F0
C0A2131E
C0A34F3A
C0A48B45
C0A5C740
C0A7032C
C0A83F09
C0A97AD7
C0AAB697
C0ABF24B
C0AD2DF1
C0AE698B
C0AFA51A
C0B0E09D
C0B21C15
C0B35782
C0B492E6
C0B5CE40
C0B70990
C0B844D7
C0B98016
C0BABB4C
C0BBF67A
C0BD31A0
C0BE6CBF
C0BFA7D7
C0C0E2E8
C0C21DF2
C0C358F6
C0C493F4
C0C5CEEC
C0C709DE
3F4928E1
3F48A9C0
3F482635
3F479E19
3F471145
3F467F90
3F45E8CF
3F454CD8
3F44AB7C
3F44048E
3F4357DD
3F42A537
3F41EC68
3F412D3D
3F40677C
3F3F9AED
3F3EC756
3F3DEC7A
3F3D0A19
3F3C1FF2
3F3B2DC2
3F3A3343
3F39302D
3F382437
3F370F11
3F35F06E
3F34C7FA
3F339561
3F32584A
3F31105A
3F2FBD32
3F2E5E73
3F2CF3B6
3F2B7C93
3F29F8A0
3F28676D
3F26C887
3F251B77
3F235FC2
3F2194EB
3F1FBA6E
3F1DCFC5
3F1BD463
3F19C7BB
3F17A936
3F15783E
3F133434
3F10DC78
3F0E7061
3F0BEF46
3F095876
3F06AB3C
3F03E6DF
3F010AA0
3EFC2B7D
3EF60EE3
3EEFBDDD
3EE936CB
3EE27807
3EDB7FE3
3ED44CAA
3ECCDCA1
3EC52E08
3EBD3F1D
3EB50E18
3EAC9932
3EA3DEA2
3E9ADCA0
3E919169
3E87FB3E
3E7C30CE
3E67CE6A
3E52CC0C
3E3D2689
3E26DADC
3E0FE625
3DF08B68
3DBFEE1B
3D8DEFDF
3D35196C
3C9704C4
BC03AC02
BD103306
BD812C45
BDBBAE71
BDF79FDF
BE1A7FC9
BE39E5D4
BE5A00AA
BE7ACE6F
BE8E2665
BE9F3C76
BEB0A7C4
BEC2666D
BED47655
BEE6D525
BEF98053
BF063A90
BF0FD850
BF1997DC
BF237797
BF2D75D1
BF3790CF
BF41C6CA
BF4C15F3
BF567C78
BF60F885
BF6B8849
BF7629F5
BF806DE2
BF85CDFB
BF8B346E
BF90A069
BF961124
BF9B85DC
BFA0FDDB
BFA67873
BFABF500
BFB172EB
BFB6F1A4
BFBC70A9
BFC1EF81
BFC76DBE
BFCCEAFB
BFD266DF
BFD7E118
BFDD5960
BFE2CF77
BFE84327
BFEDB441
BFF3229C
BFF88E18
BFFDF69A
C001AE06
C0045F2F
C0070EC2
C009BCBC
C00C691B
C00F13DF
C011BD08
C014649B
C0170A9B
C019AF0C
C01C51F6
C01EF35E
C021934B
C02431C6
C026CED6
C0296A85
C02C04DA
C02E9DDF
C031359D
C033CC1E
C0366169
C038F58A
C03B8887
C03E1A6C
C040AB41
C0433B0E
C045C9DC
C04857B4
C04AE49F
C04D70A3
C04FFBCA
C052861B
C0550F9E
C057985A
C05A2056
C05CA799
C05F2E29
C061B40E
C064394E
C066BDEE
C06941F5
C06BC568
C06E484D
C070CAA8
C0734C80
C075CDD9
C0784EB8
C07ACF22
C07D4F1A
C07FCEA6
C08126E4
C0826643
C083A572
C084E472
C0862345
C08761ED
C088A06B
C089DEC2
C08B1CF2
C08C5AFD
C08D98E4
C08ED6A9
C090144E
C09151D2
C0928F39
C093CC82
C09509AE
C09646C0
C09783B8
C098C096
C099FD5C
C09B3A0C
C09C76A4
C09DB328
C09EEF96
C0A02BF1
C0A16839
C0A2A46E
C0A3E091
C0A51CA4
C0A658A6
C0A79498
C0A8D07C
C0AA0C50
C0AB4817
C0AC83D0
C0ADBF7C
C0AEFB1B
C0B036AF
C0B17237
C0B2ADB4
C0B3E926
C0B5248D
C0B65FEB
C0B79B40
C0B8D68B
C0BA11CD
C0BB4D07
C0BC8839
C0BDC362
C0BEFE85
C0C039A0
C0C174B4
C0C2AFC1
C0C3EAC7
C0C525C8
C0C660C2
C0C79BB7
3F46D634
3F465724
3F45D3A7
3F454B98
3F44BECF
3F442D23
3F43966A
3F42FA78
3F425920
3F41B232
3F41057F
3F4052D5
3F3F99FF
3F3EDAC8
3F3E14F9
3F3D4859
3F3C74AC
3F3B99B6
3F3AB737
3F39CCEE
3F38DA97
3F37DFEC
3F36DCA5
3F35D077
3F34BB16
3F339C2F
3F327372
3F314089
3F30031A
3F2EBACB
3F2D673D
3F2C080E
3F2A9CD9
3F292536
3F27A0B8
3F260EF1
3F246F6B
3F22C1B1
3F210547
3F1F39AF
3F1D5E64
3F1B72DF
3F197695
3F1768F5
3F15496B
3F13175E
3F10D22E
3F0E793B
3F0C0BDD
3F098967
3F06F12A
3F04426F
3F017C7C
3EFD3D26
3EF74FE0
3EF12F96
3EEADAAF
3EE44F8C
3EDD8C83
3ED68FE5
3ECF57FA
3EC7E306
3EC02F49
3EB83AFC
3EB00456
3EA7898E
3E9EC8D9
3E95C06E
3E8C6E88
3E82D165
3E71CE96
3E5D5D14
3E484AFC
3E329520
3E1C3877
3E05321E
3DDAFEC6
3DAA3B8E
3D702C1B
3D091483
3BF94B8D
BC9B357D
BD3D3C5A
BD97DF1E
BDD290DA
BE07599D
BE26229E
BE45A27C
BE65D7CF
BE83605A
BE942D68
BEA551A7
BEB6CB6D
BEC898D5
BEDAB7BE
BEED25CF
BEFFE077
BF09727A
BF131828
BF1CDFB9
BF26C78B
BF30CDEB
BF3AF11A
BF452F4F
BF4F86B8
BF59F580
BF6479CE
BF6F11CF
BF79BBB0
BF823AD4
BF879EFC
BF8D0975
BF92796C
BF97EE17
BF9D66B3
BFA2E289
BFA860E8
BFADE12D
BFB362BF
BFB8E50E
BFBE6796
BFC3E9DE
BFC96B76
BFCEEBFB
BFD46B13
BFD9E86B
BFDF63BC
BFE4DCC8
BFEA5357
BFEFC73B
BFF5384C
BFFAA669
C00008BB
C002BCB0
C0056F0A
C0081FC5
C00ACEDC
C00D7C4F
C010281D
C012D248
C0157AD3
C01821C2
C01AC71B
C01D6AE3
C0200D21
C022ADDE
C0254D20
C027EAF0
C02A8757
C02D225E
C02FBC0E
C0325471
C034EB90
C0378174
C03A1626
C03CA9B1
C03F3C1E
C041CD74
C0445DBF
C046ED06
C0497B52
C04C08AB
C04E951B
C05120A9
C053AB5D
C056353F
C058BE56
C05B46AA
C05DCE42
C0605524
C062DB57
C06560E1
C067E5CA
C06A6A16
C06CEDCB
C06F70F0
C071F38A
C074759D
C076F72F
C0797845
C07BF8E3
C07E790E
C0807C65
C081BC0E
C082FB83
C0843AC8
C08579DC
C086B8C3
C087F77E
C089360F
C08A7477
C08BB2B9
C08CF0D4
C08E2ECB
C08F6CA0
C090AA53
C091E7E6
C0932559
C09462AF
C0959FE9
C096DD06
C0981A09
C09956F3
C09A93C4
C09BD07D
C09D0D20
C09E49AD
C09F8625
C0A0C288
C0A1FED8
C0A33B16
C0A47741
C0A5B35B
C0A6EF65
C0A82B5E
C0A96748
C0AAA323
C0ABDEF0
C0AD1AAF
C0AE5660
C0AF9205
C0B0CD9E
C0B2092B
C0B344AD
C0B48024
C0B5BB90
C0B6F6F3
C0B8324B
C0B96D9A
C0BAA8E1
C0BBE41E
C0BD1F53
C0BE5A81
C0BF95A6
C0C0D0C4
C0C20BDC
C0C346EC
C0C481F5
C0C5BCF8
C0C6F7F6
C0C832ED
3F4470B0
3F43F1AB
3F436E3A
3F42E634
3F425973
3F41C7CD
3F413117
3F409526
3F3FF3CD
3F3F4CDB
3F3EA022
3F3DED6E
3F3D348B
3F3C7544
3F3BAF62
3F3AE2AB
3F3A0EE3
3F3933CE
3F38512B
3F3766BA
3F367435
3F357958
3F3475D9
3F33696E
3F3253C8
3F313498
3F300B8A
3F2ED848
3F2D9A7A
3F2C51C4
3F2AFDC6
3F299E1F
3F283269
3F26BA3B
3F253529
3F23A2C2
3F220293
3F205424
3F1E96F9
3F1CCA93
3F1AEE6D
3F190201
3F1704C1
3F14F61C
3F12D57E
3F10A24C
3F0E5BE7
3F0C01AE
3F0992F7
3F070F16
3F047559
3F01C50A
3EFDFADD
3EF83B8D
3EF24A9B
3EEC2675
3EE5CD82
3EDF3E1E
3ED876A0
3ED17555
3ECA3884
3EC2BE70
3EBB0555
3EB30B6C
3EAACEE9
3EA24E00
3E9986E6
3E9077CF
3E871EF2
3E7AF51C
3E6711CD
3E529092
3E3D6E1E
3E27A741
3E1138EF
3DF44083
3DC4B506
3D93CA64
3D42F826
3CB7182D
BB6B64E0
BCF7A963
BD6BD363
BDAF5A9E
BDEA3DC8
BE134981
BE322CA4
BE51C757
BE72182E
BE898EA1
BE9A6A1A
BEAB9D14
BEBD25E3
BECF029D
BEE1311E
BEF3AF07
BF033CE2
BF0CC747
BF167535
BF20451B
BF2A3554
BF34442C
BF3E6FE0
BF48B6A3
BF53169F
BF5D8DFD
BF681AE1
BF72BB72
BF7D6DDC
BF841829
BF898088
BF8EEF30
BF94634C
BF99DC11
BF9F58B9
BFA4D88D
BFAA5ADB
BFAFDEFE
BFB5645C
BFBAEA65
BFC07094
BFC5F670
BFCB7B87
BFD0FF77
BFD681E3
BFDC027A
BFE180F5
BFE6FD14
BFEC76A1
BFF1ED6C
BFF7614F
BFFCD227
C0011FED
C003D52A
C00688C2
C0093AB0
C00BEAF1
C00E9983
C0114666
C013F19D
C0169B2B
C0194313
C01BE95C
C01E8E0C
C021312A
C023D2BD
C02672CF
C0291166
C02BAE8E
C02E4A4E
C030E4B0
C0337DBE
C0361581
C038AC04
C03B414F
C03DD56D
C0406866
C042FA44
C0458B11
C0481AD5
C04AA99A
C04D3768
C04FC447
C0525040
C054DB5B
C05765A0
C059EF16
C05C77C5
C05EFFB5
C06186EB
C0640D6F
C0669348
C069187C
C06B9D10
C06E210B
C070A472
C073274C
C075A99D
C0782B6A
C07AACB9
C07D2D8D
C07FADED
C08116EE
C08256AF
C083963C
C084D597
C08614C1
C08753BD
C088928C
C089D130
C08B0FAB
C08C4DFD
C08D8C2A
C08ECA32
C0900816
C09145D8
C092837A
C093C0FB
C094FE5F
C0963BA5
C09778CF
C098B5DE
C099F2D4
C09B2FB0
C09C6C74
C09DA921
C09EE5B8
C0A02239
C0A15EA6
C0A29AFF
C0A3D744
C0A51378
C0A64F9A
C0A78BAB
C0A8C7AB
C0AA039C
C0AB3F7E
C0AC7B51
C0ADB716
C0AEF2CE
C0B02E79
C0B16A17
C0B2A5AA
C0B3E131
C0B51CAC
C0B6581E
C0B79384
C0B8CEE1
C0BA0A35
C0BB457F
C0BC80C1
C0BDBBFA
C0BEF72B
C0C03254
C0C16D75
C0C2A88F
C0C3E3A3
C0C51EAF
C0C659B5
C0C794B5
C0C8CFAF
3F41F7CA
3F4178CF
3F40F565
3F406D65
3F3FE0A7
3F3F4F02
3F3EB84C
3F3E1C58
3F3D7AF9
3F3CD3FF
3F3C273A
3F3B7478
3F3ABB83
3F39FC28
3F39362D
3F386959
3F379570
3F36BA36
3F35D769
3F34ECC9
3F33FA11
3F32FEFB
3F31FB3D
3F30EE8D
3F2FD89C
3F2EB919
3F2D8FB2
3F2C5C10
3F2B1DDA
3F29D4B4
3F28803E
3F272015
3F25B3D4
3F243B11
3F22B560
3F212250
3F1F816C
3F1DD23C
3F1C1444
3F1A4704
3F1869F7
3F167C95
3F147E51
3F126E99
3F104CD8
3F0E1872
3F0BD0C9
3F097538
3F070517
3F047FB8
3F01E46A
3EFE64E8
3EF8D237
3EF30F3F
3EED1A76
3EE6F248
3EE09519
3EDA0145
3ED3351F
3ECC2EF3
3EC4ED08
3EBD6D9B
3EB5AEE9
3EADAF26
3EA56C87
3E9CE53D
3E94177A
3E8B0170
3E81A156
3E6FEACC
3E5BF7C5
3E47662F
3E3232B8
3E1C5A2E
3E05D97F
3DDD5B87
3DADA884
3D7929D9
3D143863
3C31D23B
BC78A246
BD2BA4AC
BD8E0209
BDC7A4D0
BE015DA9
BE1FA2B0
BE3EA0F9
BE5E578B
BE7EC4F7
BE8FF3AA
BEA0DE1D
BEB22065
BEC3B8D1
BED5A576
BEE7E42A
BEFA728B
BF06A6FF
BF1039DB
BF19F05B
BF23C8EA
BF2DC1E0
BF37D985
BF420E14
BF4C5DBA
BF56C6A1
BF6146EC
BF6BDCBC
BF768634
BF80A0BF
BF860664
BF8B7327
BF90E628
BF965E94
BF9BDB9C
BFA15C7A
BFA6E075
BFAC66DA
BFB1EF03
BFB77855
BFBD0240
BFC28C3C
BFC815CF
BFCD9E8A
BFD32607
BFD8ABEB
BFDE2FE3
BFE3B1A9
BFE930FB
BFEEADA5
BFF42776
BFF99E47
BFFF11F8
C0024136
C004F7C9
C007ACAC
C00A5FDA
C00D1150
C00FC10D
C0126F11
C0151B5F
C017C5F9
C01A6EE5
C01D1628
C01FBBC9
C0225FD0
C0250243
C027A32C
C02A4293
C02CE082
C02F7D03
C032181E
C034B1DF
C0374A4E
C039E175
C03C775F
C03F0C15
C0419FA1
C044320C
C046C361
C04953A8
C04BE2EA
C04E7130
C050FE83
C0538AEB
C0561671
C058A11D
C05B2AF6
C05DB405
C0603C50
C062C3DE
C0654AB7
C067D0E0
C06A5662
C06CDB41
C06F5F84
C071E331
C074664D
C076E8DE
C0796AE9
C07BEC73
C07E6D81
C080770B
C081B71D
C082F6F8
C084369D
C085760F
C086B550
C087F461
C0893345
C08A71FD
C08BB08B
C08CEEF0
C08E2D2F
C08F6B47
C090A93C
C091E70E
C09324BE
C094624F
C0959FC0
C096DD14
C0981A4B
C0995767
C09A9468
C09BD150
C09D0E1F
C09E4AD7
C09F8778
C0A0C403
C0A20079
C0A33CDB
C0A4792A
C0A5B566
C0A6F190
C0A82DA9
C0A969B1
C0AAA5A9
C0ABE192
C0AD1D6C
C0AE5937
C0AF94F5
C0B0D0A6
C0B20C4A
C0B347E2
C0B4836F
C0B5BEEF
C0B6FA65
C0B835D1
C0B97133
C0BAAC8A
C0BBE7D9
C0BD231E
C0BE5E5B
C0BF9990
C0C0D4BD
C0C20FE2
C0C34AFF
C0C48616
C0C5C125
C0C6FC2F
C0C83731
C0C9722E
3F3F6AF9
3F3EEC03
3F3E689C
3F3DE09D
3F3D53DF
3F3CC238
3F3C2B7C
3F3B8F81
3F3AEE17
3F3A4710
3F399A3B
3F38E765
3F382E5A
3F376EE4
3F36A8CA
3F35DBD4
3F3507C5
3F342C5F
3F334963
3F325E8D
3F316B9B
3F307044
3F2F6C40
3F2E5F44
3F2D4900
3F2C2924
3F2AFF5C
3F29CB51
3F288CAA
3F27430A
3F25EE12
3F248D5E
3F232088
3F21A727
3F2020CC
3F1E8D06
3F1CEB61
3F1B3B65
3F197C94
3F17AE6D
3F15D06B
3F13E206
3F11E2B0
3F0FD1D6
3F0DAEE2
3F0B7938
3F093039
3F06D340
3F0461A4
3F01DAB5
3EFE7B83
3EF91422
3EF37DCD
3EEDB703
3EE7BE36
3EE191D1
3EDB3037
3ED497C0
3ECDC6BE
3EC6BB7D
3EBF743D
3EB7EF3F
3EB02AB8
3EA824DF
3E9FDBE3
3E974DF5
3E8E7943
3E855BFE
3E77E8B6
3E648123
3E507DC4
3E3BDB2C
3E269606
3E10AB1C
3DF42EAF
3DC5AF9D
3D95D387
3D492AC1
3CC7C251
BA87BB3A
BCDE7277
BD5D16AF
BDA6ED45
BDE0C3D4
BE0E07D5
BE2C684B
BE4B82C7
BE6B564C
BE85F0B4
BE969117
BEA78B19
BEB8DD46
BECA85EC
BEDC831A
BEEED2A2
BF00B90F
BF0A2F77
BF13CB1F
BF1D8A86
BF276C15
BF316E1F
BF3B8EEA
BF45CCAC
BF502590
BF5A97BC
BF65214E
BF6FC064
BF7A731F
BF829BD2
BF88060E
BF8D7760
BF92EEE8
BF986BCF
BF9DED46
BFA37286
BFA8FAD2
BFAE8579
BFB411D2
BFB99F41
BFBF2D34
BFC4BB25
BFCA4898
BFCFD51C
BFD5604C
BFDAE9CB
BFE07147
BFE5F679
BFEB7921
BFF0F907
BFF675FE
BFFBEFDD
C000B342
C0036CEC
C00624E2
C008DB1D
C00B8F98
C00E4250
C010F344
C013A275
C0164FE4
C018FB97
C01BA591
C01E4DD8
C020F475
C023996D
C0263CC9
C028DE92
C02B7ED2
C02E1D91
C030BADA
C03356B6
C035F130
C0388A51
C03B2224
C03DB8B3
C0404E08
C042E22C
C045752B
C048070C
C04A97DB
C04D279F
C04FB663
C052442E
C054D10B
C0575D00
C059E817
C05C7257
C05EFBC8
C0618472
C0640C5C
C066938D
C0691A0B
C06B9FDD
C06E250B
C070A999
C0732D8E
C075B0EF
C07833C3
C07AB60E
C07D37D5
C07FB91E
C0811CF6
C0825D24
C0839D18
C084DCD7
C0861C61
C0875BB9
C0889AE1
C089D9DB
C08B18A7
C08C5749
C08D95C2
C08ED413
C090123D
C0915043
C0928E25
C093CBE6
C0950985
C0964705
C0978467
C098C1AC
C099FED4
C09B3BE2
C09C78D6
C09DB5B1
C09EF274
C0A02F1F
C0A16BB5
C0A2A835
C0A3E4A0
C0A520F8
C0A65D3D
C0A79970
C0A8D590
C0AA11A0
C0AB4DA0
C0AC8990
C0ADC571
C0AF0143
C0B03D08
C0B178BF
C0B2B469
C0B3F007
C0B52B98
C0B6671F
C0B7A29A
C0B8DE0A
C0BA1971
C0BB54CD
C0BC9020
C0BDCB6A
C0BF06AB
C0C041E3
C0C17D14
C0C2B83C
C0C3F35D
C0C52E77
C0C6698A
C0C7A496
C0C8DF9C
C0CA1A9B
3F3CC9AE
3F3C4ABA
3F3BC752
3F3B3F51
3F3AB28E
3F3A20DF
3F398A1A
3F38EE12
3F384C99
3F37A580
3F36F896
3F3645A7
3F358C80
3F34CCEA
3F3406AC
3F33398E
3F326551
3F3189BA
3F30A687
3F2FBB76
3F2EC842
3F2DCCA4
3F2CC852
3F2BBB02
3F2AA463
3F298425
3F2859F3
3F272577
3F25E656
3F249C34
3F2346B0
3F21E566
3F2077F1
3F1EFDE5
3F1D76D5
3F1BE24F
3F1A3FDE
3F188F09
3F16CF51
3F150036
3F132132
3F1131BC
3F0F3144
3F0D1F39
3F0AFB02
3F08C404
3F06799E
3F041B2B
3F01A800
3EFE3EDD
3EF90184
3EF39684
3EEDFC61
3EE83197
3EE23499
3EDC03CD
3ED59D96
3ECF0049
3EC82A36
3EC119A7
3EB9CCDB
3EB2420E
3EAA7776
3EA26B45
3E9A1BA9
3E9186D1
3E88AAE9
3E7F0C3F
3E6C2D4B
3E58B565
3E44A107
3E2FECC1
3E1A953A
3E049736
3DDBDF3C
3DAD3703
3D7A6083
3D178BCA
3C479A94
BC5A5C49
BD21F459
BD881B74
BDC0B18B
BDFABDE0
BE1B208C
BE399D80
BE58D544
BE78C6D9
BE8CB865
BE9D6893
BEAE72BD
BEBFD56D
BED18EEC
BEE39D46
BEF5FE49
BF0457C5
BF0DD731
BF177BFE
BF2144A5
BF2B2F8D
BF353B07
BF3F6553
BF49ACA5
BF540F24
BF5E8AF2
BF691E29
BF73C6E4
BF7E833F
BF84A8AE
BF8A17B0
BF8F8DC0
BF9509FD
BF9A8B8E
BFA011A1
BFA59B6F
BFAB283A
BFB0B74E
BFB64802
BFBBD9B9
BFC16BDF
BFC6FDED
BFCC8F67
BFD21FDC
BFD7AEE4
BFDD3C24
BFE2C74A
BFE8500C
BFEDD62C
BFF35971
BFF8D9AE
BFFE56BA
C001E83B
C004A363
C0075CCC
C00A146D
C00CCA43
C00F7E4A
C0123082
C014E0EB
C0178F89
C01A3C5F
C01CE772
C01F90C8
C022386A
C024DE5E
C02782AC
C02A255F
C02CC680
C02F6618
C0320431
C034A0D6
C0373C10
C039D5EB
C03C6E71
C03F05AB
C0419BA5
C0443069
C046C400
C0495674
C04BE7D0
C04E781C
C0510762
C05395AB
C0562300
C058AF69
C05B3AEF
C05DC59B
C0604F73
C062D87F
C06560C8
C067E854
C06A6F2A
C06CF551
C06F7AD0
C071FFAC
C07483EC
C0770795
C0798AAE
C07C0D3B
C07E8F43
C0808865
C081C8EA
C0830933
C0844943
C085891C
C086C8BF
C0880830
C089476F
C08A867F
C08BC562
C08D0418
C08E42A5
C08F8109
C090BF46
C091FD5D
C0933B51
C0947921
C095B6D1
C096F460
C09831D0
C0996F23
C09AAC59
C09BE974
C09D2674
C09E635B
C09FA029
C0A0DCE0
C0A21980
C0A3560B
C0A49280
C0A5CEE2
C0A70B30
C0A8476B
C0A98394
C0AABFAC
C0ABFBB4
C0AD37AB
C0AE7394
C0AFAF6D
C0B0EB38
C0B226F6
C0B362A6
C0B49E4A
C0B5D9E1
C0B7156D
C0B850ED
C0B98C63
C0BAC7CE
C0BC032F
C0BD3E87
C0BE79D5
C0BFB51A
C0C0F057
C0C22B8B
C0C366B7
C0C4A1DC
C0C5DCF9
C0C71810
C0C8531F
C0C98E28
C0CAC92A
3F3A135B
3F399464
3F3910F8
3F3888EF
3F37FC23
3F376A69
3F36D395
3F36377C
3F3595F0
3F34EEBF
3F3441BA
3F338EAD
3F32D564
3F3215A8
3F314F40
3F3081F3
3F2FAD84
3F2ED1B4
3F2DEE44
3F2D02F0
3F2C0F73
3F2B1386
3F2A0EDF
3F290133
3F27EA31
3F26C988
3F259EE4
3F2469ED
3F232A49
3F21DF9A
3F208980
3F1F2797
3F1DB978
3F1C3EB7
3F1AB6E6
3F192194
3F177E4A
3F15CC8E
3F140BE3
3F123BC6
3F105BB2
3F0E6B1B
3F0C6973
3F0A5626
3F08309C
3F05F839
3F03AC5A
3F014C5B
3EFDAF1D
3EF89A8B
3EF35997
3EEDEACE
3EE84CB1
3EE27DBA
3EDC7C5A
3ED646F7
3ECFDBEE
3EC93996
3EC25E3C
3EBB4825
3EB3F591
3EAC64B8
3EA493CE
3E9C8103
3E942A83
3E8B8E79
3E82AB11
3E72FCEA
3E600DAA
3E4C84CA
3E385EC3
3E23981E
3E0E2D7D
3DF03744
3DC2BEE0
3D93EBE7
3D4771A8
3CC88233
B9E18F0E
BCD5465E
BD56661E
BDA288D4
BDDB5514
BE0ACC9F
BE28AAFC
BE474585
BE669BB0
BE83563E
BE93BB39
BEA47BCC
BEB596BD
BEC70A92
BED8D591
BEEAF5C0
BEFD68EC
BF081650
BF119F1B
BF1B4D66
BF251FAA
BF2F1448
BF39298F
BF435DBC
BF4DAEFD
BF581B78
BF62A148
BF6D3E86
BF77F147
BF815BD2
BF86C7DD
BF8C3BD6
BF91B6D5
BF9737F7
BF9CBE61
BFA24940
BFA7D7CB
BFAD6942
BFB2FCF1
BFB8922D
BFBE2858
BFC3BEDC
BFC95533
BFCEEADE
BFD47F6C
BFDA1276
BFDFA39E
BFE53293
BFEABF0B
BFF048C6
BFF5CF8E
BFFB5333
C00069C7
C003283F
C005E4F6
C0089FE0
C00B58F6
C00E1035
C010C599
C0137922
C0162AD1
C018DAA9
C01B88AE
C01E34E5
C020DF56
C0238807
C0262F01
C028D44C
C02B77F2
C02E19FD
C030BA76
C0335968
C035F6DD
C03892E1
C03B2D7D
C03DC6BC
C0405EAA
C042F550
C0458AB8
C0481EEE
C04AB1FB
C04D43EA
C04FD4C3
C0526491
C054F35C
C057812F
C05A0E10
C05C9A0B
C05F2525
C061AF68
C06438DC
C066C187
C0694972
C06BD0A4
C06E5723
C070DCF5
C0736223
C075E6B0
C0786AA5
C07AEE06
C07D70D8
C07FF322
C0813A74
C0827B18
C083BB7F
C084FBAC
C0863BA0
C0877B5E
C088BAE7
C089FA3F
C08B3966
C08C785F
C08DB72B
C08EF5CC
C0903444
C0917294
C092B0BE
C093EEC4
C0952CA5
C0966A65
C097A804
C098E584
C09A22E5
C09B6029
C09C9D52
C09DDA5F
C09F1752
C0A0542C
C0A190EF
C0A2CD9A
C0A40A2F
C0A546AF
C0A6831A
C0A7BF72
C0A8FBB6
C0AA37E8
C0AB7409
C0ACB019
C0ADEC18
C0AF2808
C0B063E8
C0B19FBA
C0B2DB7F
C0B41735
C0B552DF
C0B68E7D
C0B7CA0E
C0B90594
C0BA410F
C0BB7C7F
C0BCB7E6
C0BDF342
C0BF2E94
C0C069DE
C0C1A51F
C0C2E057
C0C41B88
C0C556B0
C0C691D1
C0C7CCEB
C0C907FD
C0CA430A
C0CB7E0F
3F37476F
3F36C871
3F3644FB
3F35BCE8
3F35300E
3F349E43
3F34075C
3F336B2D
3F32C987
3F32223A
3F317515
3F30C1E5
3F300874
3F2F488C
3F2E81F4
3F2DB472
3F2CDFC9
3F2C03BA
3F2B2005
3F2A3467
3F29409A
3F284456
3F273F53
3F263141
3F2519D4
3F23F8B8
3F22CD98
3F21981D
3F2057EC
3F1F0CA7
3F1DB5ED
3F1C5359
3F1AE484
3F196903
3F17E066
3F164A3B
3F14A60B
3F12F35C
3F1131AF
3F0F6082
3F0D7F4E
3F0B8D88
3F098A9F
3F077601
3F054F13
3F031538
3F00C7CF
3EFCCC5F
3EF7DF5D
3EF2C735
3EED827C
3EE80FBC
3EE26D77
3EDC9A25
3ED69432
3ED05A03
3EC9E9F6
3EC3425B
3EBC6180
3EB545A7
3EADED0C
3EA655E8
3E9E7E6A
3E9664C1
3E8E0715
3E856391
3E78F0B6
3E66873B
3E53870A
3E3FEC88
3E2BB425
3E16DA69
3E015BF2
3DD66AF4
3DA8C7C5
3D7390D1
3D12CEA0
3C3CFADB
BC5CA0DC
BD206E63
BD864D6E
BDBDD9B1
BDF6DE2C
BE18AE26
BE36AA5B
BE556399
BE74D955
BE8A8545
BE9AFADD
BEABCC76
BEBCF8D3
BECE7E74
BEE05B9E
BEF28E53
BF028A2C
BF0BF59C
BF158821
BF1F4049
BF291C88
BF331B3E
BF3D3AB4
BF477923
BF51D4B8
BF5C4B93
BF66DBCA
BF718374
BF7C40A0
BF8388B2
BF88F9EC
BF8E730F
BF93F32E
BF997967
BF9F04DB
BFA494B8
BFAA2831
BFAFBE85
BFB556FE
BFBAF0F1
BFC08BBD
BFC626CD
BFCBC198
BFD15BA1
BFD6F473
BFDC8BA7
BFE220E1
BFE7B3CC
BFED4421
BFF2D19E
BFF85C0D
BFFDE33E
C001B385
C00473A9
C00731FD
C009EE79
C00CA914
C00F61CA
C0121899
C014CD81
C0178082
C01A31A1
C01CE0E2
C01F8E4A
C02239E1
C024E3AD
C0278BB7
C02A3209
C02CD6AD
C02F79AB
C0321B0E
C034BAE2
C0375931
C039F605
C03C916A
C03F2B6B
C041C413
C0445B6B
C046F180
C049865B
C04C1A07
C04EAC8E
C0513DFB
C053CE56
C0565DA9
C058EBFD
C05B795D
C05E05CF
C060915E
C0631C10
C065A5EF
C0682F01
C06AB74F
C06D3EDF
C06FC5B9
C0724BE4
C074D165
C0775644
C079DA87
C07C5E32
C07EE14D
C080B1EE
C081F2F2
C08333B6
C084743C
C085B486
C086F497
C0883470
C0897414
C08AB384
C08BF2C4
C08D31D4
C08E70B7
C08FAF6E
C090EDFA
C0922C5E
C0936A9C
C094A8B3
C095E6A7
C0972478
C0986227
C0999FB6
C09ADD27
C09C1A7A
C09D57B0
C09E94CB
C09FD1CB
C0A10EB2
C0A24B80
C0A38837
C0A4C4D7
C0A60162
C0A73DD7
C0A87A39
C0A9B687
C0AAF2C2
C0AC2EEB
C0AD6B03
C0AEA70B
C0AFE302
C0B11EEB
C0B25AC4
C0B3968F
C0B4D24D
C0B60DFD
C0B749A1
C0B88538
C0B9C0C4
C0BAFC44
C0BC37BA
C0BD7325
C0BEAE86
C0BFE9DE
C0C1252C
C0C26071
C0C39BAE
C0C4D6E2
C0C6120E
C0C74D33
C0C88851
C0C9C367
C0CAFE76
C0CC397F
3F346557
3F33E64E
3F3362CB
3F32DAA7
3F324DBB
3F31BBDB
3F3124DC
3F308892
3F2FE6CD
3F2F3F5E
3F2E9213
3F2DDEB9
3F2D251B
3F2C6501
3F2B9E32
3F2AD074
3F29FB8B
3F291F36
3F283B35
3F274F45
3F265B20
3F255E7F
3F245915
3F234A97
3F2232B5
3F21111D
3F1FE578
3F1EAF6F
3F1D6EA7
3F1C22C1
3F1ACB5C
3F196813
3F17F87D
3F167C2F
3F14F2B9
3F135BA8
3F11B686
3F1002D6
3F0E4019
3F0C6DCE
3F0A8B6B
3F089865
3F06942C
3F047E2A
3F0255C7
3F001A63
3EFB96B8
3EF6D013
3EF1DF7E
3EECC395
3EE77AEB
3EE20409
3EDC5D6D
3ED6858D
3ED07AD5
3ECA3BA7
3EC3C65D
3EBD1948
3EB632B1
3EAF10D8
3EA7B1F9
3EA01447
3E9835F2
3E901523
3E87B003
3E7E096E
3E6C22CB
3E59A869
3E46969E
3E32E9C9
3E1E9E55
3E09B0C6
3DE83B66
3DBBC3AA
3D8DF40D
3D3D8D34
3CB8D6EA
BAF0EE0E
BCDCA9AA
BD5804FD
BDA24F7F
BDDA1452
BE09A994
BE2706B8
BE4521E7
BE63FB05
BE81C8C1
BE91F22D
BEA27905
BEB35C4A
BEC49ABB
BED632D7
BEE822DD
BEFA68CD
BF068133
BF0FF696
BF199335
BF23559B
BF2D3C38
BF374569
BF416F73
BF4BB88C
BF561EDB
BF60A07C
BF6B3B84
BF75EE01
BF805B01
BF85C8CB
BF8B3F69
BF90BDE9
BF96435E
BF9BCEE1
BFA15F94
BFA6F4A1
BFAC8D3A
BFB2289D
BFB7C612
BFBD64EC
BFC3048A
BFC8A455
BFCE43C3
BFD3E255
BFD97F98
BFDF1B23
BFE4B498
BFEA4BA4
BFEFDFFD
BFF57163
BFFAFF9F
C0004541
C00308F2
C005CAD2
C0088AD6
C00B48F3
C00E0522
C010BF5F
C01377A9
C0162DFE
C018E260
C01B94D4
C01E455D
C020F402
C023A0CA
C0264BBD
C028F4E4
C02B9C47
C02E41F2
C030E5ED
C0338845
C0362904
C038C835
C03B65E2
C03E0219
C0409CE3
C043364C
C045CE5E
C0486526
C04AFAAD
C04D8EFF
C0502225
C052B42A
C0554518
C057D4F8
C05A63D5
C05CF1B6
C05F7EA6
C0620AAD
C06495D3
C0672021
C069A99F
C06C3253
C06EBA46
C0714180
C073C805
C0764DDF
C078D312
C07B57A5
C07DDB9F
C0802F82
C08170EE
C082B215
C083F2FA
C085339F
C0867408
C087B436
C088F42C
C08A33EB
C08B7376
C08CB2CF
C08DF1F7
C08F30F1
C0906FBE
C091AE61
C092ECDA
C0942B2B
C0956955
C096A75B
C097E53E
C09922FF
C09A609E
C09B9E1F
C09CDB80
C09E18C5
C09F55EE
C0A092FC
C0A1CFF0
C0A30CCB
C0A4498D
C0A58639
C0A6C2CF
C0A7FF4F
C0A93BBA
C0AA7812
C0ABB457
C0ACF08A
C0AE2CAB
C0AF68BB
C0B0A4BA
C0B1E0AA
C0B31C8B
C0B4585E
C0B59422
C0B6CFD9
C0B80B83
C0B94721
C0BA82B3
C0BBBE39
C0BCF9B4
C0BE3525
C0BF708B
C0C0ABE7
C0C1E73A
C0C32284
C0C45DC5
C0C598FD
C0C6D42E
C0C80F57
C0C94A78
C0CA8591
C0CBC0A4
C0CCFBB1
3F316C81
3F30ED67
3F3069D2
3F2FE19A
3F2F5496
3F2EC29C
3F2E2B80
3F2D8F15
3F2CED2D
3F2C4596
3F2B9820
3F2AE496
3F2A2AC3
3F296A71
3F28A365
3F27D565
3F270034
3F262392
3F253F3E
3F2452F5
3F235E70
3F226167
3F215B90
3F204C9D
3F1F343D
3F1E121E
3F1CE5EB
3F1BAF4A
3F1A6DE1
3F19214F
3F17C934
3F16652A
3F14F4C7
3F1377A0
3F11ED45
3F105542
3F0EAF1E
3F0CFA5F
3F0B3685
3F09630B
3F077F6A
3F058B14
3F03857A
3F016E04
3EFE8831
3EFA0E32
3EF56CC1
3EF0A28D
3EEBAE3C
3EE68E67
3EE1419E
3EDBC66A
3ED61B47
3ED03EA8
3ECA2EF6
3EC3EA93
3EBD6FD5
3EB6BD0B
3EAFD07B
3EA8A865
3EA14300
3E999E7D
3E91B909
3E8990CD
3E8123EC
3E70E116
3E5EE999
3E4C5DA8
3E393994
3E2579B6
3E111A76
3DF830A1
3DCCDFB4
3DA03B88
3D647B9B
3D05C108
3C10F079
BC803B02
BD27553A
BD88B9AE
BDBF3F84
BDF73F07
BE185D35
BE35D98F
BE5414E3
BE730F13
BE8963C8
BE999EA7
BEAA3765
BEBB2D01
BECC7E35
BEDE2980
BEF02D1A
BF01437F
BF0A9A75
BF141A2D
BF1DC149
BF278E51
BF317FB3
BF3B93C6
BF45C8CD
BF501CF9
BF5A8E6D
BF651B41
BF6FC185
BF7A7F43
BF82A943
BF881CAC
BF8D98E4
BF931CF7
BF98A7F7
BF9E38FB
BFA3CF22
BFA96994
BFAF0782
BFB4A828
BFBA4ACC
BFBFEEC1
BFC59362
BFCB3819
BFD0DC5A
BFD67FA5
BFDC2187
BFE1C195
BFE75F72
BFECFAC9
BFF29351
BFF828C9
BFFDBAFA
C001A4DA
C0046A69
C0072E19
C009EFDD
C00CAFAD
C00F6D81
C0122955
C014E328
C0179AF9
C01A50CB
C01D04A1
C01FB681
C0226670
C0251476
C027C09C
C02A6AEA
C02D136A
C02FBA26
C0325F2A
C0350280
C037A433
C03A444F
C03CE2E0
C03F7FF0
C0421B8B
C044B5BE
C0474E92
C049E614
C04C7C4E
C04F114C
C051A517
C05437BB
C056C942
C05959B5
C05BE91F
C05E7788
C06104FB
C063917F
C0661D1E
C068A7DF
C06B31CC
C06DBAEB
C0704345
C072CAE1
C07551C6
C077D7FA
C07A5D85
C07CE26D
C07F66B7
C080F535
C08236C6
C0837811
C084B919
C085F9E0
C0873A69
C0887AB5
C089BAC8
C08AFAA4
C08C3A4A
C08D79BD
C08EB8FF
C08FF811
C09136F6
C09275AE
C093B43D
C094F2A3
C09630E1
C0976EFB
C098ACF0
C099EAC2
C09B2873
C09C6603
C09DA375
C09EE0C9
C0A01E00
C0A15B1C
C0A2981D
C0A3D505
C0A511D5
C0A64E8C
C0A78B2D
C0A8C7B9
C0AA042F
C0AB4091
C0AC7CE0
C0ADB91C
C0AEF546
C0B0315F
C0B16D67
C0B2A95F
C0B3E548
C0B52122
C0B65CED
C0B798AB
C0B8D45C
C0BA1000
C0BB4B98
C0BC8725
C0BDC2A5
C0BEFE1C
C0C03987
C0C174E9
C0C2B040
C0C3EB8F
C0C526D5
C0C66212
C0C79D46
C0C8D873
C0CA1398
C0CB4EB5
C0CC89CC
C0CDC4DC
3F2E5C56
3F2DDD29
3F2D597D
3F2CD12C
3F2C440B
3F2BB1F2
3F2B1AB3
3F2A7E22
3F29DC10
3F29344C
3F2886A4
3F27D2E5
3F2718D8
3F265846
3F2590F7
3F24C2AD
3F23ED2D
3F231037
3F222B88
3F213EDD
3F2049F0
3F1F4C78
3F1E462A
3F1D36B8
3F1C1DD2
3F1AFB24
3F19CE58
3F189715
3F1754FF
3F1607B7
3F14AEDA
3F134A03
3F11D8C8
3F105ABB
3F0ECF6D
3F0D3669
3F0B8F37
3F09D95B
3F081453
3F063F9C
3F045AAC
3F0264F6
3F005DE9
3EFC89D9
3EF832CE
3EF3B570
3EEF1074
3EEA4289
3EE54A50
3EE02662
3EDAD54D
3ED55597
3ECFA5BA
3EC9C428
3EC3AF48
3EBD6577
3EB6E50B
3EB02C50
3EA9398A
3EA20AF5
3E9A9EC7
3E92F32E
3E8B0654
3E82D65F
3E74C2E1
3E634B53
3E514254
3E3EA428
3E2B6D17
3E179976
3E0325A9
3DDC1C4A
3DB09EF5
3D83CCAD
3D2B3E2F
3C9840AE
BBAE5BBC
BCF51F53
BD6235B2
BDA662F6
BDDD23C1
BE0AB013
BE278D2D
BE4529E8
BE638694
BE81518A
BE913F6A
BEA18C64
BEB237B5
BEC34057
BED4A505
BEE66436
BEF87C22
BF05755F
BF0ED6E0
BF186151
BF221351
BF2BEB64
BF35E7F4
BF400754
BF4A47C4
BF54A771
BF5F2479
BF69BCEF
BF746EDF
BF7F384E
BF850BA1
BF8A84E1
BF9006EC
BF9590CC
BF9B218F
BFA0B84C
BFA6541E
BFABF42D
BFB197A7
BFB73DC5
BFBCE5CE
BFC28F11
BFC838EA
BFCDE2BF
BFD38C06
BFD9343C
BFDEDAEC
BFE47FAD
BFEA221F
BFEFC1EF
BFF55ED1
BFFAF886
C000476B
C00310C8
C005D848
C0089DDA
C00B6172
C00E2306
C010E290
C013A00C
C0165B79
C01914D6
C01BCC26
C01E816E
C02134B1
C023E5F8
C0269549
C02942AE
C02BEE30
C02E97D8
C0313FB2
C033E5C9
C0368A27
C0392CD9
C03BCDEA
C03E6D66
C0410B59
C043A7CE
C04642D2
C048DC70
C04B74B4
C04E0BA8
C050A159
C05335D1
C055C91A
C0585B40
C05AEC4C
C05D7C49
C0600B3F
C0629939
C0652640
C067B25C
C06A3D96
C06CC7F6
C06F5185
C071DA4A
C074624C
C076E994
C0797027
C07BF60D
C07E7B4D
C0807FF6
C081C1F8
C08303B0
C0844520
C085864C
C086C735
C08807DF
C089484C
C08A887E
C08BC877
C08D0839
C08E47C8
C08F8724
C090C64F
C092054C
C093441C
C09482C1
C095C13C
C096FF8F
C0983DBD
C0997BC5
C09AB9A9
C09BF76C
C09D350E
C09E7290
C09FAFF3
C0A0ED3A
C0A22A64
C0A36774
C0A4A469
C0A5E145
C0A71E09
C0A85AB7
C0A9974D
C0AAD3CF
C0AC103C
C0AD4C95
C0AE88DA
C0AFC50E
C0B10130
C0B23D41
C0B37942
C0B4B532
C0B5F114
C0B72CE7
C0B868AD
C0B9A465
C0BAE00F
C0BC1BAE
C0BD5740
C0BE92C7
C0BFCE43
C0C109B4
C0C2451B
C0C38078
C0C4BBCB
C0C5F716
C0C73257
C0C86D90
C0C9A8C1
C0CAE3EA
C0CC1F0C
C0CD5A26
C0CE9539
3F2B3444
3F2AB4FE
3F2A3137
3F29A8C7
3F291B85
3F288947
3F27F1E0
3F275523
3F26B2E2
3F260AEA
3F255D0B
3F24A90F
3F23EEC2
3F232DEA
3F226650
3F2197B6
3F20C1DF
3F1FE48C
3F1EFF7B
3F1E1267
3F1D1D09
3F1C1F1A
3F1B184C
3F1A0852
3F18EEDB
3F17CB93
3F169E24
3F156635
3F142368
3F12D55E
3F117BB4
3F101603
3F0EA3E2
3F0D24E3
3F0B9895
3F09FE83
3F085634
3F069F2B
3F04D8E6
3F0302E2
3F011C93
3EFE4AD7
3EFA39B2
3EF60488
3EF1AA22
3EED293D
3EE8808E
3EE3AEC0
3EDEB273
3ED98A3E
3ED434AE
3ECEB044
3EC8FB7B
3EC314C1
3EBCFA7A
3EB6AB03
3EB024AE
3EA965C4
3EA26C88
3E9B3732
3E93C3F6
3E8C10FF
3E841C75
3E77C8F5
3E66CE5D
3E55455E
3E432A32
3E307917
3E1D2E51
3E09462F
3DE97A1A
3DBF1EBA
3D937353
3D4CE26B
3CE047EB
3B84F92F
BCA36EC3
BD36EA1D
BD8F8147
BDC5048F
BDFC027E
BE1A3F03
BE373CB0
BE54FAFF
BE737A41
BE895D2B
BE995D55
BEA9BD17
BEBA7BAC
BECB980B
BEDD10EC
BEEEE4C3
BF0088E2
BF09CAEF
BF133762
BF1CCCF4
BF268A42
BF306DCB
BF3A75F6
BF44A113
BF4EED5C
BF5958FA
BF63E208
BF6E8693
BF7944A4
BF820D1D
BF8782AB
BF8D01FC
BF928A15
BF9819FB
BF9DB0BC
BFA34D6B
BFA8EF23
BFAE9507
BFB43E46
BFB9EA16
BFBF97BA
BFC54683
BFCAF5C8
BFD0A4F2
BFD65371
BFDC00C5
BFE1AC76
BFE7561A
BFECFD52
BFF2A1C9
BFF84334
BFFDE152
C001BDF5
C0048968
C00752ED
C00A1A75
C00CDFF4
C00FA35F
C01264B2
C01523E7
C017E0FE
C01A9BF7
C01D54D6
C0200B9D
C022C054
C0257300
C02823AB
C02AD25C
C02D7F1E
C03029FB
C032D2FE
C0357A33
C0381FA4
C03AC35F
C03D656F
C04005E0
C042A4BF
C0454217
C047DDF5
C04A7865
C04D1172
C04FA929
C0523F94
C054D4BF
C05768B4
C059FB80
C05C8D2B
C05F1DC0
C061AD4A
C0643BD1
C066C95F
C06955FE
C06BE1B5
C06E6C8E
C070F690
C0737FC4
C0760832
C0788FE0
C07B16D6
C07D9D1B
C080115B
C08153D6
C0829602
C083D7E2
C085197A
C0865ACB
C0879BD8
C088DCA5
C08A1D32
C08B5D84
C08C9D9C
C08DDD7C
C08F1D27
C0905C9E
C0919BE4
C092DAFA
C09419E2
C095589E
C0969730
C097D599
C09913DB
C09A51F7
C09B8FEE
C09CCDC3
C09E0B77
C09F490A
C0A0867E
C0A1C3D4
C0A3010E
C0A43E2C
C0A57B2F
C0A6B819
C0A7F4EA
C0A931A4
C0AA6E46
C0ABAAD3
C0ACE74B
C0AE23AF
C0AF5FFF
C0B09C3D
C0B1D868
C0B31482
C0B4508B
C0B58C85
C0B6C86F
C0B8044A
C0B94017
C0BA7BD6
C0BBB787
C0BCF32D
C0BE2EC5
C0BF6A53
C0C0A5D4
C0C1E14B
C0C31CB8
C0C4581A
C0C59372
C0C6CEC2
C0C80A08
C0C94545
C0CA807B
C0CBBBA8
C0CCF6CE
C0CE31EC
C0CF6D03
3F27F3B5
3F277451
3F26F069
3F2667D6
3F25DA6D
3F254805
3F24B071
3F241383
3F23710C
3F22C8DB
3F221ABD
3F21667F
3F20ABEA
3F1FEAC6
3F1F22D9
3F1E53E7
3F1D7DB3
3F1C9FFC
3F1BBA80
3F1ACCFA
3F19D723
3F18D8B2
3F17D15B
3F16C0D0
3F15A6BE
3F1482D3
3F1354B7
3F121C0F
3F10D880
3F0F89A9
3F0E2F25
3F0CC88F
3F0B557C
3F09D57D
3F084821
3F06ACF2
3F050377
3F034B32
3F0183A1
3EFF587C
3EFB88FD
3EF797A8
3EF38355
3EEF4AD4
3EEAECEC
3EE66858
3EE1BBCB
3EDCE5EE
3ED7E55F
3ED2B8B4
3ECD5E77
3EC7D528
3EC21B3E
3EBC2F24
3EB60F3F
3EAFB9E7
3EA92D6B
3EA26814
3E9B6820
3E942BC5
3E8CB134
3E84F697
3E79F421
3E697382
3E58678B
3E46CC71
3E349E67
3E21D9A7
3E0E7A6F
3DF4FA0B
3DCBBB87
3DA13229
3D6AADF5
3D104681
3C4C845A
BC3339FC
BD0F93AF
BD753907
BDAEE40B
BDE4A4AA
BE0DF100
BE2A4F7F
BE476EF1
BE655011
BE81F997
BE91AC15
BEA1BF36
BEB23272
BEC30500
BED435D8
BEE5C3AC
BEF7ACEF
BF04F7E7
BF0E451B
BF17BCE9
BF215E07
BF2B270F
BF35167D
BF3F2AB5
BF496200
BF53BA97
BF5E329C
BF68C826
BF73793F
BF7E43E7
BF84930E
BF8A0EEC
BF8F948C
BF9522EF
BF9AB919
BFA05615
BFA5F8F3
BFABA0CC
BFB14CC1
BFB6FBFE
BFBCADBA
BFC26134
BFC815BB
BFCDCAA6
BFD37F5A
BFD93349
BFDEE5EF
BFE496D6
BFEA4591
BFEFF1C0
BFF59B0E
BFFB4131
C00071F3
C003417B
C0060F19
C008DAB9
C00BA44B
C00E6BC4
C011311B
C013F448
C016B549
C019741C
C01C30C3
C01EEB3F
C021A397
C02459D0
C0270DF1
C029C002
C02C700D
C02F1E1D
C031CA3B
C0347474
C0371CD2
C039C362
C03C6831
C03F0B4A
C041ACBB
C0444C8F
C046EAD3
C0498795
C04C22DF
C04EBCBE
C051553E
C053EC6B
C0568251
C05916F9
C05BAA71
C05E3CC2
C060CDF6
C0635E18
C065ED32
C0687B4E
C06B0874
C06D94AE
C0702004
C072AA7E
C0753426
C077BD03
C07A451C
C07CCC78
C07F5320
C080EC8D
C0822F35
C083718D
C084B398
C085F558
C08736D0
C0887802
C089B8F3
C08AF9A3
C08C3A16
C08D7A4E
C08EBA4D
C08FFA15
C09139A8
C0927909
C093B839
C094F73B
C096360F
C09774B8
C098B337
C099F18F
C09B2FC0
C09C6DCB
C09DABB3
C09EE979
C0A0271E
C0A164A3
C0A2A20A
C0A3DF53
C0A51C80
C0A65992
C0A7968A
C0A8D369
C0AA102F
C0AB4CDE
C0AC8977
C0ADC5FB
C0AF026A
C0B03EC4
C0B17B0C
C0B2B741
C0B3F365
C0B52F78
C0B66B7A
C0B7A76C
C0B8E34F
C0BA1F24
C0BB5AEB
C0BC96A4
C0BDD250
C0BF0DEF
C0C04983
C0C1850B
C0C2C088
C0C3FBFA
C0C53761
C0C672BF
C0C7AE14
C0C8E95F
C0CA24A1
C0CB5FDB
C0CC9B0D
C0CDD636
C0CF1159
C0D04C74
3F249A14
3F241A8D
3F239680
3F230DC4
3F22802F
3F21ED97
3F2155D0
3F20B8AB
3F2015F8
3F1F6D87
3F1EBF26
3F1E0A9E
3F1D4FBA
3F1C8E43
3F1BC5FC
3F1AF6AB
3F1A2011
3F1941ED
3F185BFE
3F176DFD
3F1677A5
3F1578AA
3F1470C0
3F135F9A
3F1244E4
3F11204A
3F0FF176
3F0EB80B
3F0D73AE
3F0C23FD
3F0AC894
3F09610B
3F07ECF8
3F066BEC
3F04DD73
3F034119
3F019663
3EFFB9A5
3EFC27C9
3EF87625
3EF4A3A3
3EF0AF23
3EEC977C
3EE85B7D
3EE3F9EA
3EDF717C
3EDAC0E6
3ED5E6CE
3ED0E1CF
3ECBB07E
3EC65162
3EC0C2F9
3EBB03B7
3EB51207
3EAEEC49
3EA890D3
3EA1FDF3
3E9B31ED
3E942AFE
3E8CE759
3E85652B
3E7B4536
3E6B3B95
3E5AA9AC
3E498BAD
3E37DDC9
3E259C2E
3E12C30D
3DFE9D3E
3DD6764B
3DAD09E5
3D8250D7
3D2C883C
3CA373D8
BB3D638B
BCD868F7
BD4F6C5F
BD9AC441
BDCF4942
BE02A4BB
BE1E643F
BE3AE4AC
BE582720
BE762C56
BE8A7A4F
BE9A3FEC
BEAA66B6
BEBAEE23
BECBD568
BEDD1B79
BEEEBF07
BF005F40
BF098C07
BF12E4CB
BF1C6861
BF26157A
BF2FEAAE
BF39E674
BF44072C
BF4E4B1D
BF58B078
BF63355E
BF6DD7DF
BF789600
BF81B6DE
BF872E87
BF8CB0F4
BF923D22
BF97D20E
BF9D6EBA
BFA3122F
BFA8BB7A
BFAE69B3
BFB41BF7
BFB9D171
BFBF8955
BFC542E1
BFCAFD61
BFD0B82B
BFD672A4
BFDC2C3A
BFE1E46B
BFE79ABC
BFED4EC3
BFF3001D
BFF8AE76
BFFE5981
C002007F
C004D25A
C007A239
C00A700B
C00D3BBD
C0100546
C012CC9B
C01591B7
C0185496
C01B1538
C01DD39D
C0208FCA
C02349C2
C026018D
C028B731
C02B6AB9
C02E1C2D
C030CB97
C0337904
C036247E
C038CE13
C03B75CE
C03E1BBB
C040BFE9
C0436263
C0460337
C048A271
C04B401F
C04DDC4C
C0507706
C0531058
C055A84F
C0583EF7
C05AD45A
C05D6885
C05FFB81
C0628D5B
C0651E1D
C067ADD0
C06A3C7E
C06CCA31
C06F56F3
C071E2CB
C0746DC3
C076F7E3
C0798133
C07C09BB
C07E9183
C0808C48
C081CF76
C083124F
C08454D4
C085970A
C086D8F4
C0881A95
C0895BEE
C08A9D04
C08BDDD8
C08D1E6E
C08E5EC7
C08F9EE5
C090DECC
C0921E7D
C0935DFA
C0949D46
C095DC61
C0971B4F
C0985A10
C09998A7
C09AD715
C09C155B
C09D537B
C09E9177
C09FCF50
C0A10D08
C0A24A9E
C0A38816
C0A4C570
C0A602AC
C0A73FCE
C0A87CD4
C0A9B9C1
C0AAF695
C0AC3351
C0AD6FF6
C0AEAC86
C0AFE900
C0B12566
C0B261B8
C0B39DF8
C0B4DA25
C0B61641
C0B7524D
C0B88E48
C0B9CA34
C0BB0610
C0BC41DF
C0BD7D9F
C0BEB953
C0BFF4F9
C0C13093
C0C26C22
C0C3A7A5
C0C4E31D
C0C61E8A
C0C759EE
C0C89548
C0C9D098
C0CB0BDF
C0CC471E
C0CD8254
C0CEBD82
C0CFF8A9
C0D133C8
3F2126CD
3F20A71F
3F2022E7
3F1F99FD
3F1F0C37
3F1E796A
3F1DE169
3F1D4406
3F1CA112
3F1BF85B
3F1B49AE
3F1A94D7
3F19D99E
3F1917CB
3F184F23
3F177F6B
3F16A863
3F15C9CB
3F14E360
3F13F4DC
3F12FDF8
3F11FE69
3F10F5E4
3F0FE418
3F0EC8B3
3F0DA360
3F0C73C8
3F0B3990
3F09F459
3F08A3C2
3F074766
3F05DEDE
3F0469BD
3F02E795
3F0157F2
3EFF74BC
3EFC1CBA
3EF8A6E0
3EF51229
3EF15D85
3EED87DB
3EE9900B
3EE574EB
3EE13545
3EDCCFDE
3ED8436C
3ED38EA0
3ECEB01E
3EC9A680
3EC47057
3EBF0C29
3EB97871
3EB3B3A1
3EADBC21
3EA7904E
3EA12E7D
3E9A94F8
3E93C201
3E8CB3D2
3E85689A
3E7BBD0A
3E6C276C
3E5C0C97
3E4B68BD
3E3A380B
3E2876AB
3E1620C5
3E033283
3DDF5030
3DB6FB7E
3D8D5F89
3D44EA1B
3CD8D3FA
3B8988AD
BC999B4F
BD2D9E99
BD88A6AA
BDBBF247
BDF0B6FA
BE137C87
BE2F5E15
BE4C01A9
BE696862
BE83C97E
BE9340E5
BEA31A53
BEB3557D
BEC3F1D7
BED4EE94
BEE64AA5
BEF804BA
BF050D9D
BF0E4626
BF17AAE8
BF213AB5
BF2AF43C
BF34D60F
BF3EDEA4
BF490C55
BF535D65
BF5DD001
BF686244
BF73123B
BF7DDDE4
BF84619B
BF89E013
BF8F6950
BF94FC4C
BF9A9802
BFA03B73
BFA5E5A2
BFAB959C
BFB14A74
BFB70348
BFBCBF3E
BFC27D88
BFC83D64
BFCDFE1B
BFD3BF01
BFD97F7A
BFDF3EF3
BFE4FCE6
BFEAB8DB
BFF07265
BFF62921
BFFBDCB9
C000C670
C0039CAB
C00670F1
C009432B
C00C1344
C00EE12D
C011ACDB
C0147644
C0173D63
C01A0234
C01CC4B7
C01F84EE
C02242DC
C024FE87
C027B7F4
C02A6F2C
C02D2439
C02FD724
C03287F8
C03536C1
C037E38B
C03A8E62
C03D3754
C03FDE6D
C04283BA
C0452749
C047C927
C04A6961
C04D0805
C04FA51F
C05240BC
C054DAE9
C05773B2
C05A0B23
C05CA148
C05F362D
C061C9DE
C0645C64
C066EDCB
C0697E1D
C06C0D64
C06E9BAA
C07128F8
C073B558
C07640D2
C078CB70
C07B5538
C07DDE34
C0803335
C08176F2
C082BA53
C083FD5C
C0854011
C0868275
C087C48B
C0890655
C08A47D7
C08B8914
C08CCA0D
C08E0AC7
C08F4B42
C0908B82
C091CB89
C0930B58
C0944AF3
C0958A5B
C096C992
C0980899
C0994774
C09A8623
C09BC4A8
C09D0304
C09E413A
C09F7F4B
C0A0BD38
C0A1FB02
C0A338AC
C0A47635
C0A5B3A0
C0A6F0ED
C0A82E1E
C0A96B33
C0AAA82E
C0ABE510
C0AD21DA
C0AE5E8C
C0AF9B28
C0B0D7AF
C0B21420
C0B3507E
C0B48CC8
C0B5C900
C0B70525
C0B8413A
C0B97D3F
C0BAB933
C0BBF518
C0BD30EF
C0BE6CB7
C0BFA872
C0C0E420
C0C21FC1
C0C35B56
C0C496E0
C0C5D25E
C0C70DD1
C0C8493B
C0C9849A
C0CABFEF
C0CBFB3C
C0CD367F
C0CE71BA
C0CFACED
C0D0E818
C0D2233B
3F1D994E
3F1D1973
3F1C950B
3F1C0BEE
3F1B7DF1
3F1AEAE8
3F1A52A8
3F19B502
3F1911C6
3F1868C2
3F17B9C4
3F170495
3F1648FF
3F1586CA
3F14BDB9
3F13ED92
3F131614
3F1236FF
3F11500F
3F1060FF
3F0F6986
3F0E695B
3F0D602F
3F0C4DB3
3F0B3195
3F0A0B7F
3F08DB18
3F07A005
3F0659E8
3F05085E
3F03AB03
3F02416E
3F00CB32
3EFE8FC0
3EFB6E08
3EF8304B
3EF4D594
3EF15CE2
3EEDC52D
3EEA0D65
3EE6346F
3EE23929
3EDE1A67
3ED9D6F2
3ED56D8C
3ED0DCEB
3ECC23BC
3EC740A1
3EC23233
3EBCF6FF
3EB78D89
3EB1F44C
3EAC29B5
3EA62C2B
3E9FFA07
3E99919C
3E92F131
3E8C1705
3E85014E
3E7B5C77
3E6C37E6
3E5C912D
3E4C647F
3E3BAE0B
3E2A69F6
3E189463
3E062973
3DE64A98
3DBF0830
3D968418
3D596DB8
3D033259
3C291F78
BC457DCD
BD0FD0BF
BD711879
BDAAA127
BDDE2C82
BE099997
BE24DCBE
BE40E18E
BE5DA98B
BE7B35D5
BE8CC396
BE9C4EF0
BEAC3CE6
BEBC8D2C
BECD3F34
BEDE5230
BEEFC50F
BF00CB3D
BF09E26C
BF132726
BF1C9857
BF2634CE
BF2FFB38
BF39EA23
BF440000
BF4E3B26
BF5899D3
BF631A30
BF6DBA53
BF787842
BF81A8FC
BF8722B2
BF8CA83B
BF92388C
BF97D29A
BF9D755F
BFA31FD7
BFA8D104
BFAE87EF
BFB443AA
BFBA034F
BFBFC604
BFC58AF6
BFCB5162
BFD11890
BFD6DFD2
BFDCA688
BFE26C20
BFE83013
BFEDF1E6
BFF3B12C
BFF96D81
BFFF268F
C0026E05
C00546D7
C0081DA1
C00AF24D
C00DC4C6
C01094FE
C01362E7
C0162E7A
C018F7B1
C01BBE89
C01E8302
C021451D
C02404E0
C026C24E
C0297D6F
C02C364C
C02EECEE
C031A160
C03453AC
C03703E0
C039B207
C03C5E2E
C03F0863
C041B0B4
C044572C
C046FBDB
C0499ECE
C04C4013
C04EDFB7
C0517DC7
C0541A51
C056B561
C0594F05
C05BE749
C05E7E38
C06113DF
C063A84A
C0663B83
C068CD97
C06B5E8E
C06DEE74
C0707D53
C0730B34
C0759821
C0782423
C07AAF43
C07D3988
C07FC2FC
C08125D3
C08269C7
C083AD5E
C084F09A
C0863381
C0877614
C088B857
C089FA4D
C08B3BF9
C08C7D5E
C08DBE7F
C08EFF5D
C0903FFC
C091805F
C092C087
C0940076
C0954030
C0967FB5
C097BF08
C098FE2B
C09A3D20
C09B7BE8
C09CBA85
C09DF8F9
C09F3745
C0A0756B
C0A1B36D
C0A2F14B
C0A42F07
C0A56CA3
C0A6AA20
C0A7E77E
C0A924BF
C0AA61E4
C0AB9EEF
C0ACDBDF
C0AE18B7
C0AF5577
C0B09220
C0B1CEB2
C0B30B30
C0B44799
C0B583EE
C0B6C031
C0B7FC61
C0B9387F
C0BA748D
C0BBB08B
C0BCEC79
C0BE2858
C0BF6428
C0C09FEB
C0C1DBA0
C0C31749
C0C452E5
C0C58E75
C0C6C9FA
C0C80574
C0C940E3
C0CA7C48
C0CBB7A3
C0CCF2F4
C0CE2E3D
C0CF697D
C0D0A4B4
C0D1DFE4
C0D31B0B
3F19F106
3F1970F9
3F18EC5C
3F186306
3F17D4CB
3F174182
3F16A8FD
3F160B0D
3F156783
3F14BE2B
3F140ED4
3F135947
3F129D4D
3F11DAAD
3F11112C
3F10408E
3F0F6891
3F0E88F7
3F0DA179
3F0CB1D4
3F0BB9BD
3F0AB8EA
3F09AF0E
3F089BD8
3F077EF6
3F065810
3F0526CF
3F03EAD6
3F02A3C6
3F01513E
3EFFE5AC
3EFD104C
3EFA2181
3EF7186B
3EF3F421
3EF0B3B2
3EED5624
3EE9DA78
3EE63FA3
3EE28492
3EDEA82B
3EDAA948
3ED686BC
3ED23F4F
3ECDD1BF
3EC93CC1
3EC47F00
3EBF971C
3EBA83AC
3EB5433A
3EAFD448
3EAA354D
3EA464B6
3E9E60E4
3E982831
3E91B8EB
3E8B1157
3E842FB1
3E7A2457
3E6B6DE5
3E5C3854
3E4C7FDD
3E3C40B0
3E2B76F4
3E1A1EC8
3E083447
3DEB671A
3DC5316E
3D9DBFD2
3D6A1548
3D1614C0
3C7DBD53
BBCF4A4E
BCEC05DD
BD54EAD6
BD9B56C7
BDCDAB6B
BE00BC62
BE1B61DE
BE36C858
BE52F1A9
BE6FDF59
BE86C945
BE9605FE
BEA5A601
BEB5A93B
BEC60F5D
BED6D7DA
BEE801E1
BEF98C5F
BF05BAFD
BF0EDE8A
BF182FE5
BF21ADF9
BF2B5792
BF352B58
BF3F27D6
BF494B79
BF539494
BF5E0161
BF689002
BF733E8A
BF7E0AF8
BF8479A1
BF89FAAA
BF8F878A
BF951F34
BF9AC09A
BFA06AB3
BFA61C78
BFABD4E8
BFB1930B
BFB755EE
BFBD1CAA
BFC2E661
BFC8B240
BFCE7F80
BFD44D66
BFDA1B44
BFDFE879
BFE5B46F
BFEB7E9F
BFF1468E
BFF70BCC
BFFCCDF5
C0014659
C00423DB
C006FF5F
C009D8C9
C00CB001
C00F84F4
C0125791
C01527CE
C017F5A2
C01AC107
C01D89FB
C020507E
C0231493
C025D63C
C0289581
C02B5268
C02E0CFB
C030C543
C0337B4C
C0362F21
C038E0CE
C03B9060
C03E3DE6
C040E96C
C0439300
C0463AB1
C048E08C
C04B849F
C04E26F9
C050C7A8
C05366B8
C0560439
C058A036
C05B3ABD
C05DD3DC
C0606B9D
C063020F
C065973B
C0682B2F
C06ABDF6
C06D4F9A
C06FE025
C0726FA3
C074FE1D
C0778B9D
C07A182C
C07CA3D3
C07F2E9A
C080DC46
C08220D7
C0836505
C084A8D3
C085EC45
C0872F5E
C0887223
C089B495
C08AF6B9
C08C3891
C08D7A20
C08EBB68
C08FFC6E
C0913D32
C0927DB9
C093BE03
C094FE14
C0963DED
C0977D91
C098BD01
C099FC41
C09B3B50
C09C7A33
C09DB8E9
C09EF775
C0A035D9
C0A17415
C0A2B22C
C0A3F01F
C0A52DF0
C0A66B9F
C0A7A92D
C0A8E69D
C0AA23EF
C0AB6125
C0AC9E3F
C0ADDB3F
C0AF1825
C0B054F3
C0B191A9
C0B2CE49
C0B40AD3
C0B54748
C0B683A9
C0B7BFF6
C0B8FC31
C0BA385A
C0BB7472
C0BCB079
C0BDEC70
C0BF2858
C0C06431
C0C19FFC
C0C2DBB9
C0C41769
C0C5530C
C0C68EA3
C0C7CA2F
C0C905AF
C0CA4124
C0CB7C8F
C0CCB7F0
C0CDF347
C0CF2E95
C0D069DA
C0D1A516
C0D2E04B
C0D41B77
3F162D67
3F15AD23
3F15284B
3F149EB5
3F141038
3F137CA8
3F12E3D7
3F124597
3F11A1B8
3F10F806
3F10484F
3F0F925C
3F0ED5F7
3F0E12E5
3F0D48EC
3F0C77CD
3F0B9F4A
3F0ABF21
3F09D70D
3F08E6C9
3F07EE0A
3F06EC86
3F05E1EF
3F04CDF5
3F03B042
3F028882
3F01565B
3F001970
3EFDA2C2
3EFAFB98
3EF83C94
3EF564E2
3EF273A8
3EEF6803
3EEC4108
3EE8FDC5
3EE59D40
3EE21E77
3EDE805E
3EDAC1E0
3ED6E1E1
3ED2DF3A
3ECEB8BB
3ECA6D2A
3EC5FB45
3EC161BD
3EBC9F3B
3EB7B25D
3EB299B7
3EAD53D2
3EA7DF2C
3EA23A3B
3E9C6369
3E965914
3E901992
3E89A330
3E82F42E
3E78158D
3E69CA52
3E5B02FC
3E4BBBCA
3E3BF0F2
3E2B9E9C
3E1AC0E6
3E0953EB
3DEEA77C
3DC978E6
3DA31442
3D76E391
3D251393
3CA152CD
BACD3910
BCC068CA
BD3CC45C
BD8E1382
BDBF3482
BDF1CB19
BE12EE5F
BE2DB734
BE49423B
BE659155
BE815304
BE9040BF
BE9F923B
BEAF47A0
BEBF60DD
BECFDDA2
BEE0BD60
BEF1FF44
BF01D11C
BF0AD270
BF1402CC
BF1D613D
BF26ECAC
BF30A3E0
BF3A857E
BF44900E
BF4EC1FA
BF59198E
BF639500
BF6E326E
BF78EFE4
BF81E5AF
BF876165
BF8CEA07
BF927E85
BF981DD0
BF9DC6D6
BFA3788C
BFA931E6
BFAEF1E3
BFB4B785
BFBA81D9
BFC04FF3
BFC620F3
BFCBF404
BFD1C85D
BFD79D41
BFDD7200
BFE345F6
BFE9188C
BFEEE93B
BFF4B784
BFFA82F8
C0002599
C00307ED
C005E851
C008C6A4
C00BA2C8
C00E7CA7
C011542D
C014294A
C016FBF3
C019CC1F
C01C99CA
C01F64F1
C0222D94
C024F3B6
C027B75B
C02A7889
C02D374A
C02FF3A5
C032ADA5
C0356555
C0381AC2
C03ACDF9
C03D7F06
C0402DF8
C042DADD
C04585C2
C0482EB8
C04AD5CB
C04D7B0B
C0501E86
C052C04A
C0556065
C057FEE6
C05A9BDA
C05D374F
C05FD151
C06269ED
C0650131
C0679728
C06A2BDE
C06CBF5F
C06F51B6
C071E2EE
C0747311
C077022A
C0799042
C07C1D64
C07EA998
C0809A74
C081DFAD
C083247D
C08468E7
C085ACEF
C086F098
C08833E7
C08976DF
C08AB982
C08BFBD5
C08D3DDA
C08E7F95
C08FC108
C0910236
C0924321
C09383CD
C094C43B
C096046E
C0974468
C098842C
C099C3BB
C09B0318
C09C4244
C09D8142
C09EC012
C09FFEB8
C0A13D33
C0A27B87
C0A3B9B5
C0A4F7BD
C0A635A2
C0A77365
C0A8B107
C0A9EE89
C0AB2BED
C0AC6933
C0ADA65E
C0AEE36D
C0B02063
C0B15D3F
C0B29A03
C0B3D6B1
C0B51348
C0B64FC9
C0B78C36
C0B8C88F
C0BA04D5
C0BB4108
C0BC7D2A
C0BDB93B
C0BEF53C
C0C0312D
C0C16D0F
C0C2A8E2
C0C3E4A7
C0C5205F
C0C65C0A
C0C797A8
C0C8D33B
C0CA0EC1
C0CB4A3D
C0CC85AE
C0CDC115
C0CEFC72
C0D037C6
C0D17310
C0D2AE51
C0D3E98A
C0D524BB
3F124DE4
3F11CD63
3F11484B
3F10BE71
3F102FAB
3F0F9BCE
3F0F02AC
3F0E6415
3F0DBFD9
3F0D15C6
3F0C65A8
3F0BAF48
3F0AF270
3F0A2EE4
3F09646A
3F0892C4
3F07B9B1
3F06D8F1
3F05F03D
3F04FF50
3F0405E0
3F0303A1
3F01F844
3F00E37A
3EFF89DA
3EFD388D
3EFAD259
3EF85685
3EF5C450
3EF31AF2
3EF0599E
3EED7F7F
3EEA8BB7
3EE77D64
3EE45398
3EE10D62
3EDDA9C4
3EDA27BB
3ED68639
3ED2C428
3ECEE06A
3ECAD9D6
3EC6AF3B
3EC25F5C
3EBDE8F4
3EB94AB3
3EB48340
3EAF9136
3EAA7326
3EA52798
3E9FAD08
3E9A01E7
3E94249D
3E8E1386
3E87CCF5
3E814F33
3E7530FE
3E674E1C
3E58F21B
3E4A1944
3E3ABFD2
3E2AE1F1
3E1A7BC3
3E098960
3DF00DB5
3DCBE07D
3DA68333
3D7FDBE7
3D3031D4
3CBBF15D
3B121349
BC9CC712
BD28A413
BD82D738
BDB2C80B
BDE42ADF
BE0B82D7
BE25AEFD
BE409C62
BE5C4D3A
BE78C36A
BE8B003E
BE9A02CD
BEA969C4
BEB9354A
BEC9654F
BED9F982
BEEAF151
BEFC4BE9
BF070418
BF101264
BF195004
BF22BC03
BF2C5547
BF361A93
BF400A8A
BF4A23AF
BF546468
BF5ECAFD
BF69559E
BF740265
BF7ECF58
BF84DD36
BF8A60C5
BF8FF14A
BF958DB1
BF9B34E7
BFA0E5D8
BFA69F75
BFAC60B0
BFB22884
BFB7F5F1
BFBDC7FF
BFC39DC1
BFC97655
BFCF50E1
BFD52C9C
BFDB08C5
BFE0E4AA
BFE6BFA6
BFEC9922
BFF27092
BFF84578
BFFE1763
C001F2F6
C004D85F
C007BBC3
C00A9D01
C00D7BFD
C010589F
C01332D3
C0160A8B
C018DFB9
C01BB257
C01E825F
C0214FD0
C0241AA9
C026E2EE
C029A8A4
C02C6BD1
C02F2C7E
C031EAB4
C034A67E
C0375FE8
C03A16FE
C03CCBCE
C03F7E66
C0422ED3
C044DD25
C047896B
C04A33B2
C04CDC0B
C04F8283
C052272B
C054CA10
C0576B42
C05A0ACE
C05CA8C2
C05F452E
C061E01D
C064799D
C06711BC
C069A885
C06C3E05
C06ED248
C071655A
C073F745
C0768814
C07917D3
C07BA68A
C07E3445
C0806086
C081A674
C082EBF1
C0843102
C08575AA
C086B9EE
C087FDD1
C0894158
C08A8484
C08BC75B
C08D09E0
C08E4C14
C08F8DFC
C090CF9B
C09210F3
C0935206
C09492D9
C095D36C
C09713C3
C09853E0
C09993C5
C09AD374
C09C12EF
C09D5239
C09E9152
C09FD03E
C0A10EFE
C0A24D93
C0A38BFF
C0A4CA43
C0A60862
C0A7465D
C0A88434
C0A9C1EA
C0AAFF7F
C0AC3CF5
C0AD7A4E
C0AEB789
C0AFF4A9
C0B131AE
C0B26E9A
C0B3AB6D
C0B4E828
C0B624CC
C0B7615A
C0B89DD4
C0B9DA39
C0BB168A
C0BC52C9
C0BD8EF5
C0BECB11
C0C0071B
C0C14316
C0C27F01
C0C3BADD
C0C4F6AA
C0C6326A
C0C76E1D
C0C8A9C3
C0C9E55C
C0CB20EA
C0CC5C6D
C0CD97E4
C0CED351
C0D00EB4
C0D14A0E
C0D2855D
C0D3C0A4
C0D4FBE2
C0D63718
3F0E51F6
3F0DD134
3F0D4BD5
3F0CC1B1
3F0C329C
3F0B9E6C
3F0B04F1
3F0A65FD
3F09C15E
3F0916E3
3F086657
3F07AF83
3F06F22F
3F062E22
3F05631F
3F0490E8
3F03B73D
3F02D5DC
3F01EC7F
3F00FADF
3F0000B3
3EFDFB5D
3EFBE305
3EF9B7BA
3EF778D3
3EF525A2
3EF2BD72
3EF03F87
3EEDAB1F
3EEAFF73
3EE83BB3
3EE55F08
3EE26895
3EDF5774
3EDC2AB9
3ED8E16D
3ED57A94
3ED1F527
3ECE5017
3ECA8A4E
3EC6A2A9
3EC29800
3EBE691D
3EBA14C3
3EB599AB
3EB0F682
3EAC29EC
3EA73283
3EA20ED6
3E9CBD69
3E973CB5
3E918B29
3E8BA72A
3E858F12
3E7E8262
3E717796
3E63FA3A
3E5606B3
3E479953
3E38AE5E
3E294206
3E195072
3E08D5BC
3DEF9BE9
3DCC6A4B
3DA80EAB
3D828111
3D377317
3CCEC0DE
3BA5D459
BC811BE9
BD18881E
BD734297
BDA865C2
BDD8983A
BE051F90
BE1EB03C
BE3900E9
BE54141C
BE6FEC0E
BE864555
BE94F8BD
BEA410D8
BEB38E06
BEC37070
BED3B805
BEE46474
BEF5752B
BF0374A9
BF0C5FE8
BF157BA0
BF1EC6FC
BF284103
BF31E899
BF3BBC7E
BF45BB52
BF4FE393
BF5A33A2
BF64A9C3
BF6F4422
BF7A00D2
BF826EE9
BF87EC8B
BF8D783F
BF9310F2
BF98B58D
BF9E64FB
BFA41E25
BFA9DFF7
BFAFA960
BFB57959
BFBB4EDD
BFC128F3
BFC706AB
BFCCE71D
BFD2C971
BFD8ACD8
BFDE9090
BFE473E5
BFEA5630
BFF036D8
BFF6154F
BFFBF116
C000E4DD
C003CF6B
C006B808
C0099E8C
C00C82D5
C00F64C6
C0124448
C0152147
C017FBB4
C01AD383
C01DA8AC
C0207B2B
C0234AFE
C0261825
C028E2A4
C02BAA81
C02E6FC2
C031326F
C033F294
C036B03B
C0396B70
C03C2442
C03EDABC
C0418EEF
C04440E8
C046F0B6
C0499E6A
C04C4A11
C04EF3BC
C0519B7B
C054415C
C056E56E
C05987C1
C05C2863
C05EC763
C06164CF
C06400B5
C0669B22
C0693425
C06BCBC9
C06E621C
C070F729
C0738AFD
C0761DA2
C078AF25
C07B3F8F
C07DCEEC
C0802EA3
C0817552
C082BB8A
C084014E
C08546A2
C0868B8C
C087D00E
C089142D
C08A57ED
C08B9B52
C08CDE5E
C08E2115
C08F637B
C090A592
C091E75E
C09328E2
C0946A20
C095AB1A
C096EBD4
C0982C51
C0996C91
C09AAC99
C09BEC69
C09D2C04
C09E6B6C
C09FAAA3
C0A0E9AB
C0A22886
C0A36735
C0A4A5BA
C0A5E417
C0A7224D
C0A8605E
C0A99E4B
C0AADC15
C0AC19BE
C0AD5748
C0AE94B2
C0AFD200
C0B10F30
C0B24C46
C0B38941
C0B4C623
C0B602ED
C0B73F9F
C0B87C3B
C0B9B8C1
C0BAF533
C0BC3190
C0BD6DDA
C0BEAA12
C0BFE638
C0C1224D
C0C25E51
C0C39A45
C0C4D62B
C0C61201
C0C74DC9
C0C88984
C0C9C532
C0CB00D3
C0CC3C68
C0CD77F2
C0CEB370
C0CFEEE4
C0D12A4D
C0D265AC
C0D3A101
C0D4DC4E
C0D61791
C0D752CC
3F0A391A
3F09B810
3F093265
3F08A7F1
3F081887
3F0783FD
3F06EA24
3F064ACB
3F05A5C3
3F04FAD9
3F0449D6
3F039286
3F02D4AF
3F021018
3F014484
3F0071B4
3EFF2ECF
3EFD6AB9
3EFB9699
3EF9B1E2
3EF7BBFE
3EF5B454
3EF39A46
3EF16D2F
3EEF2C65
3EECD737
3EEA6CF1
3EE7ECD5
3EE55621
3EE2A80B
3EDFE1C2
3EDD026F
3EDA0932
3ED6F524
3ED3C558
3ED078D5
3ECD0E9D
3EC985A8
3EC5DCE6
3EC2133D
3EBE278A
3EBA18A1
3EB5E54B
3EB18C4A
3EAD0C53
3EA86412
3EA39229
3E9E952D
3E996BAD
3E941428
3E8E8D17
3E88D4E5
3E82E9F4
3E799534
3E6CEA4A
3E5FCFAD
3E5241CE
3E443D0C
3E35BDB3
3E26BFFF
3E17401B
3E073A27
3DED546A
3DCB189C
3DA7B8E9
3D832D4D
3D3ADB84
3CD9C919
3BE32E5A
BC5AC1F5
BD0C6DCD
BD64E150
BDA00CE6
BDCF12C2
BDFF8911
BE18BB27
BE327046
BE4CE6B3
BE6820F8
BE8210AB
BE9074DB
BE9F3DD8
BEAE6C37
BEBE005D
BECDFA72
BEDE5A65
BEEF1FE5
BF00252F
BF08EC7B
BF11E548
BF1B0EE4
BF246876
BF2DF103
BF37A76C
BF418A6E
BF4B98A5
BF55D08B
BF60307D
BF6AB6BB
BF756169
BF80174B
BF858E1E
BF8B1424
BF90A849
BF964978
BF9BF697
BFA1AE8D
BFA7703E
BFAD3A94
BFB30C7D
BFB8E4EA
BFBEC2D6
BFC4A544
BFCA8B40
BFD073E1
BFD65E4A
BFDC49AB
BFE2353F
BFE82050
BFEE0A35
BFF3F252
BFF9D819
BFFFBB08
C002CD57
C005BB50
C008A742
C00B9106
C00E787A
C0115D80
C0144000
C0171FE7
C019FD26
C01CD7B1
C01FAF81
C0228490
C02556DF
C028266D
C02AF33E
C02DBD58
C03084C2
C0334986
C0360BAE
C038CB46
C03B885A
C03E42F9
C040FB30
C043B10E
C04664A3
C04915FE
C04BC52E
C04E7245
C0511D51
C053C662
C0566D89
C05912D5
C05BB655
C05E5819
C060F82F
C06396A7
C066338E
C068CEF2
C06B68E2
C06E016A
C0709898
C0732E77
C075C315
C078567D
C07AE8BA
C07D79D8
C08004F0
C0814C70
C082936F
C083D9F3
C0852000
C086659B
C087AAC8
C088EF8B
C08A33E9
C08B77E5
C08CBB83
C08DFEC6
C08F41B3
C090844C
C091C695
C0930890
C0944A41
C0958BAA
C096CCCF
C0980DB1
C0994E54
C09A8EBA
C09BCEE5
C09D0ED8
C09E4E94
C09F8E1C
C0A0CD72
C0A20C97
C0A34B8E
C0A48A59
C0A5C8F8
C0A7076E
C0A845BC
C0A983E4
C0AAC1E7
C0ABFFC7
C0AD3D85
C0AE7B22
C0AFB8A0
C0B0F600
C0B23342
C0B37069
C0B4AD74
C0B5EA66
C0B7273F
C0B86400
C0B9A0AA
C0BADD3D
C0BC19BC
C0BD5626
C0BE927C
C0BFCEBF
C0C10AF0
C0C2470F
C0C3831E
C0C4BF1C
C0C5FB0B
C0C736EA
C0C872BC
C0C9AE7F
C0CAEA35
C0CC25DE
C0CD617A
C0CE9D0B
C0CFD890
C0D1140A
C0D24F7A
C0D38ADF
C0D4C63B
C0D6018D
C0D73CD6
C0D87816
3F0602D0
3F058178
3F04FB7C
3F0470B2
3F03E0ED
3F034C03
3F02B1C4
3F021201
3F016C88
3F00C127
3F000FA7
3EFEAFA7
3EFD32E4
3EFBA891
3EFA1034
3EF86951
3EF6B363
3EF4EDE6
3EF3184E
3EF1320A
3EEF3A86
3EED3126
3EEB154C
3EE8E652
3EE6A38C
3EE44C4A
3EE1DFD4
3EDF5D6E
3EDCC452
3EDA13B6
3ED74AC8
3ED468AE
3ED16C88
3ECE556E
3ECB226F
3EC7D294
3EC464DA
3EC0D838
3EBD2B9D
3EB95DED
3EB56E03
3EB15AB0
3EAD22BC
3EA8C4E7
3EA43FE2
3E9F9258
3E9ABAE8
3E95B826
3E90889C
3E8B2AC8
3E859D1F
3E7FBC14
3E73D7CF
3E678A17
3E5ACF7F
3E4DA484
3E400591
3E31EEFD
3E235D0E
3E144BF8
3E04B7E0
3DE939B7
3DC7EDEE
3DA58467
3D81F516
3D3A6FCE
3CDD130D
3C009CC5
BC431CEA
BD04519C
BD5A8793
BD99BC37
BDC79988
BDF6E2F0
BE13CFA9
BE2CEA9C
BE46C560
BE6162CB
BE7CC56D
BE8C77C5
BE9AF18A
BEA9D0D1
BEB91634
BEC8C215
BED8D4A0
BEE94DC3
BEFA2D2B
BF05B922
BF0E8E19
BF1794EC
BF20CCE5
BF2A352A
BF33CCBD
BF3D927E
BF478524
BF51A349
BF5BEB62
BF665BC7
BF70F2B4
BF7BAE47
BF834645
BF88C5B9
BF8E5470
BF93F157
BF999B53
BF9F5146
BFA51215
BFAADCA0
BFB0AFCE
BFB68A87
BFBC6BBC
BFC25263
BFC83D7B
BFCE2C0E
BFD41D2F
BFDA0FFF
BFE003AA
BFE5F76A
BFEBEA86
BFF1DC52
BFF7CC31
BFFDB993
C001D1FA
C004C571
C007B6F9
C00AA664
C00D938B
C0107E4A
C0136685
C0164C23
C0192F11
C01C0F40
C01EECA4
C021C736
C0249EF2
C02773D6
C02A45E4
C02D151F
C02FE18F
C032AB3A
C035722B
C038366B
C03AF809
C03DB710
C040738F
C0432D95
C045E531
C0489A72
C04B4D6A
C04DFE28
C050ACBC
C0535938
C05603AA
C058AC25
C05B52B7
C05DF771
C0609A63
C0633B9B
C065DB29
C068791B
C06B1581
C06DB068
C07049DD
C072E1EF
C07578A9
C0780E1A
C07AA24B
C07D354B
C07FC723
C0812BF0
C08273C5
C083BB17
C08501EA
C0864843
C0878E27
C088D39B
C08A18A2
C08B5D41
C08CA17B
C08DE555
C08F28D2
C0906BF6
C091AEC5
C092F140
C094336D
C095754D
C096B6E4
C097F834
C0993941
C09A7A0C
C09BBA99
C09CFAE9
C09E3AFF
C09F7ADE
C0A0BA87
C0A1F9FD
C0A33941
C0A47855
C0A5B73B
C0A6F5F6
C0A83486
C0A972ED
C0AAB12E
C0ABEF48
C0AD2D3E
C0AE6B12
C0AFA8C4
C0B0E655
C0B223C8
C0B3611D
C0B49E55
C0B5DB71
C0B71874
C0B8555C
C0B9922C
C0BACEE4
C0BC0B86
C0BD4812
C0BE8489
C0BFC0EB
C0C0FD3B
C0C23977
C0C375A2
C0C4B1BB
C0C5EDC3
C0C729BC
C0C865A5
C0C9A17F
C0CADD4B
C0CC190A
C0CD54BB
C0CE905F
C0CFCBF7
C0D10784
C0D24305
C0D37E7B
C0D4B9E7
C0D5F549
C0D730A1
C0D86BF0
C0D9A735
3F01AEA0
3F012CF6
3F00A6A2
3F001B7B
3EFF16AB
3EFDEC09
3EFCB6B3
3EFB764A
3EFA2A69
3EF8D2A9
3EF76EA1
3EF5FDE2
3EF47FF9
3EF2F471
3EF15ACF
3EEFB296
3EEDFB42
3EEC344B
3EEA5D26
3EE87542
3EE67C08
3EE470DD
3EE25321
3EE0222C
3EDDDD53
3EDB83E4
3ED91526
3ED6905A
3ED3F4BB
3ED1417D
3ECE75CC
3ECB90CE
3EC891A0
3EC57759
3EC24107
3EBEEDAF
3EBB7C50
3EB7EBDD
3EB43B43
3EB06963
3EAC7518
3EA85D31
3EA42074
3E9FBD9B
3E9B335A
3E968056
3E91A32C
3E8C9A6E
3E8764A4
3E820048
3E78D799
3E6D4B2F
3E615808
3E54FAC7
3E482FF8
3E3AF411
3E2D4376
3E1F1A78
3E107555
3E015038
3DE34E7F
3DC2ECF4
3DA173D6
3D7DB62D
3D363534
3CD8A8E9
3C000E85
BC3B3631
BD002F40
BD54317B
BD957200
BDC22B1F
BDF04B9E
BE0FED60
BE286FBB
BE41B02E
BE5BB1D1
BE76777D
BE8901E5
BE972C81
BEA5BC8F
BEB4B2DB
BEC41001
BED3D466
BEE40035
BEF4935C
BF02C6C5
BF0B7713
BF145A2B
BF1D6F7C
BF26B64E
BF302DC6
BF39D4E4
BF43AA82
BF4DAD57
BF57DBF7
BF6234D4
BF6CB641
BF775E73
BF8115C3
BF868DBE
BF8C1621
BF91ADDC
BF9753D5
BF9D06F0
BFA2C60C
BFA89007
BFAE63C1
BFB4401C
BFBA23FC
BFC00E4E
BFC5FE05
BFCBF21D
BFD1E99B
BFD7E391
BFDDDF1C
BFE3DB65
BFE9D7A4
BFEFD31C
BFF5CD20
BFFBC511
C000DD2E
C003D63F
C006CD7F
C009C2BB
C00CB5C3
C00FA66F
C012949D
C015802E
C018690B
C01B4F20
C01E325E
C02112B9
C023F02B
C026CAAF
C029A244
C02C76ED
C02F48AD
C032178B
C034E38F
C037ACC3
C03A7333
C03D36EC
C03FF7FA
C042B66E
C0457256
C0482BC2
C04AE2C2
C04D9768
C05049C4
C052F9E6
C055A7E0
C05853C3
C05AFD9F
C05DA585
C0604B86
C062EFB2
C0659217
C06832C7
C06AD1D1
C06D6F42
C0700B2A
C072A597
C0753E95
C077D634
C07A6C7F
C07D0183
C07F954D
C08113F4
C0825CAF
C083A4DE
C084EC86
C08633AB
C0877A54
C088C085
C08A0641
C08B4B8F
C08C9071
C08DD4ED
C08F1905
C0905CBE
C091A01C
C092E322
C09425D3
C0956832
C096AA43
C097EC09
C0992D87
C09A6EBF
C09BAFB5
C09CF069
C09E30E1
C09F711C
C0A0B11F
C0A1F0EA
C0A33081
C0A46FE4
C0A5AF17
C0A6EE1B
C0A82CF2
C0A96B9D
C0AAAA1F
C0ABE878
C0AD26AB
C0AE64B8
C0AFA2A2
C0B0E069
C0B21E10
C0B35B96
C0B498FE
C0B5D649
C0B71377
C0B8508A
C0B98D83
C0BACA63
C0BC072A
C0BD43DA
C0BE8074
C0BFBCF8
C0C0F968
C0C235C4
C0C3720C
C0C4AE42
C0C5EA66
C0C7267A
C0C8627C
C0C99E6F
C0CADA53
C0CC1628
C0CD51EF
C0CE8DA9
C0CFC956
C0D104F6
C0D2408A
C0D37C12
C0D4B78F
C0D5F302
C0D72E6A
C0D869C8
C0D9A51D
C0DAE068
3EFA782F
3EF97429
3EF866C6
3EF74FB3
3EF62E99
3EF5031D
3EF3CCE2
3EF28B88
3EF13EA9
3EEFE5DF
3EEE80BE
3EED0ED7
3EEB8FB8
3EEA02EB
3EE867F3
3EE6BE52
3EE50584
3EE33D01
3EE1643B
3EDF7AA2
3EDD7F9E
3EDB7292
3ED952DC
3ED71FD6
3ED4D8D2
3ED27D1D
3ED00BFC
3ECD84B1
3ECAE673
3EC83077
3EC561E6
3EC279E5
3EBF7790
3EBC59FB
3EB92034
3EB5C93D
3EB25414
3EAEBFAA
3EAB0AEA
3EA734B3
3EA33BDE
3E9F1F38
3E9ADD83
3E96757A
3E91E5CC
3E8D2D1C
3E884A05
3E833B17
3E7BFDA8
3E71276E
3E65F05A
3E5A5535
3E4E52AD
3E41E55E
3E3509CD
3E27BC6C
3E19F995
3E0BBD92
3DFA0933
3DDB959F
3DBC1895
3D9B8A21
3D73C471
3D2E317C
3CCC960D
3BE0051D
BC42F87B
BD0001AA
BD51DA4D
BD932C17
BDBEC599
BDEBC176
BE0D13A1
BE24FF29
BE3DA6D5
BE570DF9
BE7137B5
BE861375
BE93EF1B
BEA22FF6
BEB0D703
BEBFE511
BECF5ABF
BEDF3872
BEEF7E56
BF00162E
BF08A116
BF115F9A
BF1A514B
BF237594
BF2CCBBE
BF3652EC
BF400A1A
BF49F020
BF5403B1
BF5E435D
BF68AD92
BF73409E
BF7DFAB1
BF846CF0
BF89EE15
BF8F7FBA
BF9520CA
BF9AD02B
BFA08CBA
BFA65554
BFAC28D3
BFB20613
BFB7EBF1
BFBDD950
BFC3CD18
BFC9C637
BFCFC3A7
BFD5C469
BFDBC78C
BFE1CC29
BFE7D166
BFEDD679
BFF3DAA2
BFF9DD31
BFFFDD86
C002ED86
C005EA9E
C008E5D0
C00BDEE5
C00ED5B0
C011CA07
C014BBC7
C017AAD2
C01A9710
C01D806D
C02066DA
C0234A4C
C0262ABC
C0290826
C02BE289
C02EB9E8
C0318E47
C0345FAD
C0372E23
C039F9B3
C03CC26A
C03F8854
C0424B80
C0450BFD
C047C9DC
C04A852B
C04D3DFD
C04FF463
C052A86D
C0555A2E
C05809B7
C05AB719
C05D6265
C0600BAE
C062B303
C0655875
C067FC16
C06A9DF4
C06D3E1F
C06FDCA7
C072799B
C0751509
C077AEFF
C07A478B
C07CDEBA
C07F7499
C081049A
C0824E4D
C0839769
C084DFF5
C08627F7
C0876F72
C088B66E
C089FCEE
C08B42F7
C08C888D
C08DCDB6
C08F1275
C09056CE
C0919AC6
C092DE60
C094219F
C0956487
C096A71C
C097E960
C0992B58
C09A6D04
C09BAE6A
C09CEF8B
C09E306A
C09F7109
C0A0B16B
C0A1F193
C0A33182
C0A4713B
C0A5B0C0
C0A6F013
C0A82F35
C0A96E29
C0AAACF1
C0ABEB8E
C0AD2A01
C0AE684D
C0AFA672
C0B0E473
C0B22251
C0B3600D
C0B49DA8
C0B5DB24
C0B71881
C0B855C2
C0B992E7
C0BACFF1
C0BC0CE1
C0BD49B8
C0BE8677
C0BFC320
C0C0FFB2
C0C23C2F
C0C37898
C0C4B4EC
C0C5F12E
C0C72D5E
C0C8697C
C0C9A58A
C0CAE187
C0CC1D75
C0CD5953
C0CE9524
C0CFD0E6
C0D10C9B
C0D24843
C0D383DF
C0D4BF6F
C0D5FAF3
C0D7366D
C0D871DC
C0D9AD40
C0DAE89B
C0DC23ED
3EF15597
3EF050D3
3EEF42AA
3EEE2AC6
3EED08D0
3EEBDC6D
3EEAA540
3EE962E5
3EE814FA
3EE6BB16
3EE554CD
3EE3E1B0
3EE2614B
3EE0D326
3EDF36C7
3EDD8BAC
3EDBD152
3EDA072F
3ED82CB6
3ED64153
3ED4446E
3ED2356B
3ED013A7
3ECDDE78
3ECB9530
3EC9371C
3EC6C37F
3EC43999
3EC198A1
3EBEDFCA
3EBC0E3B
3EB92318
3EB61D7C
3EB2FC79
3EAFBF1B
3EAC6463
3EA8EB4B
3EA552C4
3EA199B7
3E9DBF01
3E99C178
3E959FE7
3E91590F
3E8CEBA7
3E88565B
3E8397CE
3E7D5D2C
3E733281
3E68AC9D
3E5DC86C
3E5282C4
3E46D866
3E3AC5FC
3E2E4819
3E215B3D
3E13FBD0
3E062627
3DEFAD08
3DD21229
3DB373ED
3D93CA6D
3D661B4B
3D226AF7
3CB8E6FD
3BA12313
BC5A4BBA
BD03C30B
BD537C80
BD92E7E2
BDBD668F
BDE9424E
BE0B417D
BE22981E
BE3AA8BB
BE5376DF
BE6D05E8
BE83AC7E
BE913983
BE9F2B55
BEAD8320
BEBC41E5
BECB6876
BEDAF771
BEEAEF40
BEFB5010
BF060CE7
BF0EA614
BF177343
BF207405
BF29A7C5
BF330DC8
BF3CA530
BF466CF7
BF5063F1
BF5A88CE
BF64DA1A
BF6F563F
BF79FB85
BF82640C
BF87DD03
BF8D67A3
BF9302DD
BF98AD98
BF9E66B6
BFA42D11
BFA9FF81
BFAFDCDD
BFB5C3FD
BFBBB3BA
BFC1AAF2
BFC7A88A
BFCDAB6D
BFD3B290
BFD9BCF1
BFDFC99B
BFE5D7A4
BFEBE62F
BFF1F46E
BFF8019F
BFFE0D11
C0020B10
C0050E1A
C0080F63
C00B0EAE
C00E0BC6
C011067B
C013FEA2
C016F419
C019E6C2
C01CD685
C01FC34C
C022AD0B
C02593B4
C0287742
C02B57B1
C02E3500
C0310F32
C033E64D
C036BA56
C0398B58
C03C595D
C03F2473
C041ECA6
C044B206
C04774A3
C04A348C
C04CF1D4
C04FAC8A
C05264C2
C0551A8E
C057CDFE
C05A7F26
C05D2E18
C05FDAE4
C062859D
C0652E55
C067D51C
C06A7A04
C06D1D1D
C06FBE76
C0725E21
C074FC2B
C07798A5
C07A339C
C07CCD1F
C07F653C
C080FDFF
C08248BB
C08392D6
C084DC58
C0862545
C0876DA3
C088B579
C089FCCA
C08B439D
C08C89F5
C08DCFD8
C08F154A
C0905A4F
C0919EEC
C092E325
C09426FD
C0956A78
C096AD9A
C097F066
C09932DF
C09A750A
C09BB6E8
C09CF87C
C09E39CB
C09F7AD5
C0A0BB9E
C0A1FC29
C0A33C77
C0A47C8C
C0A5BC69
C0A6FC10
C0A83B84
C0A97AC6
C0AAB9D8
C0ABF8BD
C0AD3776
C0AE7605
C0AFB46B
C0B0F2A9
C0B230C2
C0B36EB7
C0B4AC89
C0B5EA3A
C0B727CB
C0B8653C
C0B9A290
C0BADFC7
C0BC1CE2
C0BD59E3
C0BE96CB
C0BFD39A
C0C11052
C0C24CF2
C0C3897D
C0C4C5F3
C0C60255
C0C73EA4
C0C87ADF
C0C9B709
C0CAF322
C0CC2F2A
C0CD6B21
C0CEA70A
C0CFE2E4
C0D11EAF
C0D25A6D
C0D3961E
C0D4D1C1
C0D60D59
C0D748E5
C0D88466
C0D9BFDC
C0DAFB47
C0DC36A9
C0DD7200
3EE7F4B1
3EE6EF25
3EE5E029
3EE4C768
3EE3A489
3EE27732
3EE13F04
3EDFFB9D
3EDEAC97
3EDD518A
3EDBEA0A
3EDA75A6
3ED8F3EA
3ED7645D
3ED5C685
3ED419DE
3ED25DE5
3ED0920F
3ECEB5CE
3ECCC88D
3ECAC9B3
3EC8B8A3
3EC694B8
3EC45D49
3EC211A6
3EBFB119
3EBD3AE6
3EBAAE4B
3EB80A7D
3EB54EAD
3EB27A04
3EAF8BA1
3EAC829D
3EA95E0B
3EA61CF4
3EA2BE56
3E9F412C
3E9BA463
3E97E6E1
3E940784
3E90051D
3E8BDE75
3E87924C
3E831F56
3E7D0879
3E737F3F
3E69A026
3E5F6841
3E54D48E
3E49E1F2
3E3E8D3E
3E32D32B
3E26B05C
3E1A215F
3E0D22AB
3DFF6144
3DE38F21
3DC6C761
3DA90251
3D8A381B
3D54C18D
3D12E881
3C9DA96C
3B075A8B
BC808A94
BD0B6CD9
BD5911C0
BD94A259
BDBE0B27
BDE8CB80
BE0A75BF
BE213987
BE38B4F7
BE50EBC8
BE69E190
BE81CCDA
BE8F0BB2
BE9CAEC9
BEAAB774
BEB926E4
BEC7FE1C
BED73DF1
BEE6E704
BEF6F9BF
BF03BB28
BF0C2E54
BF14D639
BF1DB28B
BF26C2D9
BF30068E
BF397CEE
BF432517
BF4CFE02
BF57067F
BF613D3B
BF6BA0BE
BF762F6D
BF8073C6
BF85E39F
BF8B6648
BF90FAB9
BF969FDD
BF9C549B
BFA217CE
BFA7E84E
BFADC4EF
BFB3AC84
BFB99DE0
BFBF97D8
BFC59948
BFCBA10E
BFD1AE13
BFD7BF47
BFDDD3A4
BFE3EA32
BFEA0204
BFF01A3A
BFF63201
BFFC4896
C0012EA2
C00437B2
C0073F2E
C00A44D4
C00D4863
C01049A7
C013486D
C016448D
C0193DE3
C01C3450
C01F27BC
C0221812
C0250544
C027EF47
C02AD614
C02DB9A8
C0309A02
C0337726
C0365118
C03927E1
C03BFB8A
C03ECC1F
C04199AD
C0446442
C0472BEE
C049F0C0
C04CB2CB
C04F721F
C0522ECF
C054E8ED
C057A08C
C05A55BF
C05D0897
C05FB928
C0626785
C06513BE
C067BDE7
C06A6611
C06D0C4E
C06FB0AE
C0725342
C074F41B
C0779348
C07A30D9
C07CCCDC
C07F6760
C081003A
C0824C12
C0839740
C084E1C9
C0862BB3
C0877505
C088BDC5
C08A05F7
C08B4DA2
C08C94CB
C08DDB76
C08F21A8
C0906766
C091ACB5
C092F198
C0943614
C0957A2D
C096BDE6
C0980144
C099444A
C09A86FB
C09BC95A
C09D0B6B
C09E4D31
C09F8EAF
C0A0CFE6
C0A210DB
C0A35190
C0A49206
C0A5D241
C0A71243
C0A8520E
C0A991A5
C0AAD108
C0AC103A
C0AD4F3E
C0AE8E14
C0AFCCBF
C0B10B40
C0B24999
C0B387CB
C0B4C5D8
C0B603C1
C0B74188
C0B87F2E
C0B9BCB4
C0BAFA1C
C0BC3766
C0BD7494
C0BEB1A6
C0BFEE9F
C0C12B7E
C0C26846
C0C3A4F6
C0C4E18F
C0C61E13
C0C75A82
C0C896DE
C0C9D326
C0CB0F5C
C0CC4B80
C0CD8793
C0CEC395
C0CFFF88
C0D13B6C
C0D27741
C0D3B307
C0D4EEC1
C0D62A6D
C0D7660D
C0D8A1A1
C0D9DD29
C0DB18A6
C0DC5419
C0DD8F81
C0DECADF
3EDE54CA
3EDD4E69
3EDC3E8F
3EDB24E4
3EDA0110
3ED8D2B8
3ED7997C
3ED654F9
3ED504CA
3ED3A886
3ED23FBF
3ED0CA04
3ECF46E1
3ECDB5DC
3ECC1678
3ECA6834
3EC8AA89
3EC6DCED
3EC4FECF
3EC30F9C
3EC10EB8
3EBEFB85
3EBCD55D
3EBA9B96
3EB84D7E
3EB5EA60
3EB3717C
3EB0E211
3EAE3B52
3EAB7C6D
3EA8A48A
3EA5B2C8
3EA2A63E
3E9F7DFC
3E9C3909
3E98D663
3E955501
3E91B3D0
3E8DF1B3
3E8A0D85
3E860616
3E81DA2C
3E7B110A
3E721FA4
3E68DD75
3E5F47B6
3E555B8B
3E4B1601
3E40740E
3E357294
3E2A0E5A
3E1E4415
3E121060
3E056FC2
3DF0BD53
3DD5B2E5
3DB9B8C3
3D9CC751
3D7DAD94
3D3FBE8D
3CFF62FD
3C75D869
BAE083C0
BC9B9BA7
BD16F7D0
BD6292EF
BD98580B
BDC0B00F
BDEA59E6
BE0AAEED
BE20E20E
BE37CA55
BE4F6BAA
BE67C9D2
BE807435
BE8D6571
BE9ABA3A
BEA8740B
BEB6943F
BEC51C09
BED40C71
BEE3664E
BEF32A43
BF01AC5E
BF09F8F5
BF127ADE
BF1B31F0
BF241DDD
BF2D3E34
BF369260
BF4019A1
BF49D315
BF53BDB1
BF5DD843
BF682174
BF7297C8
BF7D399E
BF84029B
BF897C58
BF8F0907
BF94A79D
BF9A5704
BFA0161D
BFA5E3C0
BFABBEC1
BFB1A5F0
BFB7981B
BFBD9412
BFC398A6
BFC9A4AD
BFCFB702
BFD5CE89
BFDBEA2F
BFE208EA
BFE829BD
BFEE4BB8
BFF46DF7
BFFA8FA5
C00057FE
C0036721
C00674E8
C0098105
C00C8B32
C00F9332
C01298CB
C0159BCE
C0189C10
C01B996D
C01E93C5
C0218B01
C0247F0B
C0276FD6
C02A5D56
C02D4785
C0302E5F
C03311E4
C035F219
C038CF02
C03BA8A7
C03E7F14
C0415254
C0442274
C046EF85
C049B994
C04C80B5
C04F44F7
C052066F
C054C52D
C0578146
C05A3ACC
C05CF1D3
C05FA66E
C06258B1
C06508AD
C067B677
C06A6221
C06D0BBD
C06FB35D
C0725912
C074FCEE
C0779F02
C07A3F5D
C07CDE10
C07F7B2A
C0810B5D
C0825868
C083A4BC
C084F060
C0863B5B
C08785B3
C088CF6E
C08A1893
C08B6126
C08CA92E
C08DF0B0
C08F37B1
C0907E36
C091C443
C09309DE
C0944F0A
C09593CD
C096D829
C0981C24
C0995FC0
C09AA301
C09BE5EC
C09D2883
C09E6AC9
C09FACC2
C0A0EE70
C0A22FD7
C0A370F9
C0A4B1D9
C0A5F27A
C0A732DD
C0A87306
C0A9B2F6
C0AAF2B0
C0AC3236
C0AD7189
C0AEB0AC
C0AFEFA1
C0B12E69
C0B26D07
C0B3AB7B
C0B4E9C7
C0B627ED
C0B765EE
C0B8A3CD
C0B9E189
C0BB1F24
C0BC5CA1
C0BD99FF
C0BED73F
C0C01465
C0C1516F
C0C28E5F
C0C3CB37
C0C507F6
C0C6449F
C0C78131
C0C8BDAF
C0C9FA17
C0CB366D
C0CC72AF
C0CDAEDF
C0CEEAFD
C0D0270B
C0D16308
C0D29EF6
C0D3DAD5
C0D516A5
C0D65268
C0D78E1D
C0D8C9C5
C0DA0561
C0DB40F1
C0DC7C76
C0DDB7EF
C0DEF35F
C0E02EC3
3ED47540
3ED36E00
3ED25D3B
3ED1429A
3ED01DC5
3ECEEE5E
3ECDB406
3ECC6E5A
3ECB1CF4
3EC9BF69
3EC8554C
3EC6DE2A
3EC5598F
3EC3C700
3EC22600
3EC0760C
3EBEB69D
3EBCE727
3EBB071A
3EB915DF
3EB712DB
3EB4FD6F
3EB2D4F3
3EB098BD
3EAE4819
3EABE250
3EA966A2
3EA6D44B
3EA42A7F
3EA16869
3E9E8D2F
3E9B97EF
3E9887BE
3E955BAB
3E9212BA
3E8EABE9
3E8B262B
3E87806B
3E83B98C
3E7FA0C9
3E778786
3E6F24D9
3E667634
3E5D78F7
3E542A6A
3E4A87C3
3E408E1D
3E363A81
3E2B89DF
3E207911
3E1504D9
3E0929E4
3DF9C98F
3DE06402
3DC61BF2
3DAAEA06
3D8EC6B8
3D6354B1
3D271A2A
3CD19BCC
3C217EC5
BBD2072A
BCBE4904
BD265BF5
BD6FF82F
BD9E051A
BDC55188
BDEDE9E3
BE0BEB51
BE219013
BE37E757
BE4EF52A
BE66BD7C
BE7F441E
BE8C465B
BE994D5E
BEA6B8B9
BEB489EE
BEC2C25C
BED16338
BEE06D8D
BEEFE236
BEFFC1DB
BF080674
BF1061C7
BF18F2DF
BF21B993
BF2AB595
BF33E675
BF3D4B99
BF46E443
BF50AF8D
BF5AAC69
BF64D9A4
BF6F35E1
BF79BFA1
BF823A9F
BF87AA7A
BF8D2E6E
BF92C579
BF986E8D
BF9E2890
BFA3F25F
BFA9CACF
BFAFB0AF
BFB5A2CC
BFBB9FEE
BFC1A6E2
BFC7B673
BFCDCD74
BFD3EABB
BFDA0D28
BFE033A3
BFE65D1F
BFEC889B
BFF2B522
BFF8E1CE
BFFF0DC5
C0029C1F
C005B03E
C008C2EB
C00BD3D7
C00EE2BC
C011EF58
C014F975
C01800E0
C01B056F
C01E06FC
C0210568
C024009C
C026F882
C029ED0B
C02CDE2D
C02FCBE1
C032B624
C0359CF6
C038805C
C03B605C
C03E3CFD
C041164B
C043EC52
C046BF21
C0498EC7
C04C5B55
C04F24DC
C051EB6E
C054AF1F
C0577002
C05A2E2B
C05CE9AD
C05FA29C
C062590D
C0650D12
C067BEC1
C06A6E2C
C06D1B67
C06FC683
C0726F95
C07516AE
C077BBE0
C07A5F3B
C07D00D1
C07FA0B3
C0811F78
C0826DCC
C083BB5C
C0850831
C0865450
C0879FC2
C088EA8C
C08A34B5
C08B7E42
C08CC73B
C08E0FA4
C08F5783
C0909EDD
C091E5B8
C0932C18
C0947202
C095B77B
C096FC86
C0984129
C0998567
C09AC944
C09C0CC4
C09D4FEA
C09E92BA
C09FD538
C0A11766
C0A25947
C0A39ADF
C0A4DC31
C0A61D3E
C0A75E0A
C0A89E97
C0A9DEE8
C0AB1EFF
C0AC5EDE
C0AD9E88
C0AEDDFD
C0B01D42
C0B15C56
C0B29B3D
C0B3D9F7
C0B51888
C0B656EF
C0B7952F
C0B8D34A
C0BA1140
C0BB4F13
C0BC8CC5
C0BDCA57
C0BF07CA
C0C0451E
C0C18257
C0C2BF73
C0C3FC75
C0C5395E
C0C6762E
C0C7B2E6
C0C8EF88
C0CA2C13
C0CB688A
C0CCA4ED
C0CDE13C
C0CF1D78
C0D059A3
C0D195BC
C0D2D1C4
C0D40DBD
C0D549A6
C0D68580
C0D7C14C
C0D8FD0A
C0DA38BB
C0DB7460
C0DCAFF8
C0DDEB84
C0DF2706
C0E0627C
C0E19DE8
3ECA5587
3EC94D5C
3EC83BA1
3EC71FFE
3EC5FA1A
3EC4C998
3EC38E17
3EC24734
3EC0F488
3EBF95A7
3EBE2A24
3EBCB18D
3EBB2B6A
3EB99740
3EB7F493
3EB642DD
3EB48196
3EB2B033
3EB0CE22
3EAEDACB
3EACD593
3EAABDD7
3EA892F1
3EA65434
3EA400EB
3EA1985E
3E9F19CD
3E9C8470
3E99D77A
3E971216
3E943368
3E913A8B
3E8E2694
3E8AF68F
3E87A97E
3E843E5E
3E80B420
3E7A1359
3E727BC6
3E6A9F34
3E627B3A
3E5A0D5B
3E515305
3E484994
3E3EEE49
3E353E55
3E2B36CD
3E20D4B3
3E1614F2
3E0AF45C
3DFEDF5D
3DE7071A
3DCE590D
3DB4CE23
3D9A5F1D
3D7E0921
3D456DD0
3D0ADCC8
3C9C8C7B
3B79A190
BC44DFFA
BCE88140
BD399097
BD809C6E
BDA5A543
BDCBEB61
BDF37764
BE0E28F2
BE2341B4
BE390A36
BE4F86A1
BE66BB0D
BE7EAB75
BE8BADD9
BE9867BC
BEA58523
BEB307B6
BEC0F0F9
BECF4250
BEDDFCF5
BEED21F7
BEFCB234
BF06572A
BF0E8B65
BF16F5E2
BF1F969D
BF286D6A
BF3179FE
BF3ABBE4
BF443285
BF4DDD1F
BF57BACC
BF61CA7A
BF6C0AF2
BF767AD6
BF808C50
BF85F154
BF8B6B92
BF90FA12
BF969BD1
BF9C4FBC
BFA214B6
BFA7E999
BFADCD34
BFB3BE53
BFB9BBBE
BFBFC43A
BFC5D68E
BFCBF182
BFD213E2
BFD83C81
BFDE6A3B
BFE49BF2
BFEAD096
BFF10721
BFF73E9B
BFFD7618
C001D65F
C004F0DE
C0080A2C
C00B21F1
C00E37DC
C0114BA7
C0145D10
C0176BDE
C01A77DE
C01D80E6
C02086CF
C023897B
C02688D0
C02984B9
C02C7D28
C02F7212
C0326371
C0355141
C0383B84
C03B223E
C03E0574
C040E531
C043C17F
C0469A6C
C0497006
C04C425D
C04F1184
C051DD8B
C054A686
C0576C89
C05A2FA7
C05CEFF6
C05FAD89
C0626875
C06520CF
C067D6AB
C06A8A1E
C06D3B3B
C06FEA17
C07296C5
C0754159
C077E9E4
C07A9079
C07D352A
C07FD808
C0813C93
C0828C48
C083DB2D
C0852949
C08676A4
C087C344
C0890F31
C08A5A72
C08BA50D
C08CEF08
C08E386A
C08F8138
C090C977
C092112F
C0935863
C0949F19
C095E555
C0972B1D
C0987075
C099B561
C09AF9E5
C09C3E05
C09D81C6
C09EC52B
C0A00837
C0A14AEE
C0A28D53
C0A3CF6A
C0A51135
C0A652B7
C0A793F4
C0A8D4ED
C0AA15A6
C0AB5621
C0AC9660
C0ADD666
C0AF1634
C0B055CE
C0B19534
C0B2D46A
C0B41370
C0B55249
C0B690F7
C0B7CF7A
C0B90DD6
C0BA4C0A
C0BB8A1A
C0BCC805
C0BE05CE
C0BF4376
C0C080FE
C0C1BE68
C0C2FBB4
C0C438E3
C0C575F8
C0C6B2F2
C0C7EFD3
C0C92C9C
C0CA694D
C0CBA5E8
C0CCE26D
C0CE1EDE
C0CF5B3A
C0D09784
C0D1D3BA
C0D30FE0
C0D44BF4
C0D587F7
C0D6C3EB
C0D7FFCF
C0D93BA5
C0DA776D
C0DBB327
C0DCEED4
C0DE2A75
C0DF6609
C0E0A192
C0E1DD10
C0E31883
3EBFF52B
3EBEEC0A
3EBDD94C
3EBCBC9B
3EBB959C
3EBA63F1
3EB9273A
3EB7DF12
3EB68B11
3EB52ACD
3EB3BDD5
3EB243B7
3EB0BBFC
3EAF2627
3EAD81BA
3EABCE30
3EAA0B01
3EA8379E
3EA65375
3EA45DED
3EA2566B
3EA03C4B
3E9E0EE4
3E9BCD88
3E997783
3E970C19
3E948A8A
3E91F20D
3E8F41D2
3E8C7904
3E8996C3
3E869A2C
3E83824F
3E804E36
3E79F9CA
3E731AA5
3E6BFCE0
3E649E46
3E5CFC93
3E55156D
3E4CE667
3E446D00
3E3BA6A1
3E32909E
3E292836
3E1F6A91
3E1554C0
3E0AE3BD
3E00146E
3DE9C73C
3DD29C04
3DBAA071
3DA1CD8F
3D881C3C
3D5B0A55
3D2401BC
3CD61EC0
3C408E82
BB4D173F
BC97C030
BD0D18CC
BD508C4E
BD8B25C9
BDAF33DB
BDD47900
BDFAFDE3
BE11659A
BE25F4D0
BE3B30E5
BE511E1E
BE67C0B3
BE7F1CC4
BE8B9B2C
BE9808AA
BEA4D8BB
BEB20D24
BEBFA791
BECDA98D
BEDC147E
BEEAE9A5
BEFA2A12
BF04EB54
BF0CF80A
BF153B64
BF1DB57B
BF26664B
BF2F4DAA
BF386B49
BF41BEB8
BF4B475A
BF55046E
BF5EF50B
BF69181E
BF736C6B
BF7DF091
BF845183
BF89C10F
BF8F4603
BF94DF67
BF9A8C32
BFA04B50
BFA61B9E
BFABFBF3
BFB1EB1A
BFB7E7DB
BFBDF0F8
BFC40533
BFCA234D
BFD04A0A
BFD67831
BFDCAC92
BFE2E601
BFE9235E
BFEF6393
BFF5A597
BFFBE86D
C0011593
C0043670
C0075667
C00A7516
C00D9225
C010AD43
C013C625
C016DC8B
C019F03A
C01D00FF
C0200EAE
C0231921
C0262037
C02923D9
C02C23F0
C02F206E
C0321948
C0350E79
C037FFFC
C03AEDD4
C03DD804
C040BE94
C043A18E
C04680FC
C0495CED
C04C3570
C04F0A96
C051DC71
C054AB14
C0577691
C05A3EFF
C05D0471
C05FC6FD
C06286B7
C06543B5
C067FE0D
C06AB5D3
C06D6B1D
C0701DFF
C072CE8F
C0757CDF
C0782903
C07AD310
C07D7B18
C0801096
C08162B0
C082B3E3
C0840436
C08553B3
C086A260
C087F046
C0893D6D
C08A89DA
C08BD597
C08D20A8
C08E6B15
C08FB4E4
C090FE1B
C09246C0
C0938ED8
C094D669
C0961D79
C097640B
C098AA25
C099EFCC
C09B3504
C09C79D2
C09DBE38
C09F023D
C0A045E2
C0A1892C
C0A2CC1F
C0A40EBE
C0A5510C
C0A6930C
C0A7D4C1
C0A9162F
C0AA5757
C0AB983E
C0ACD8E4
C0AE194D
C0AF597B
C0B09970
C0B1D92F
C0B318B9
C0B45811
C0B59738
C0B6D631
C0B814FD
C0B9539E
C0BA9216
C0BBD065
C0BD0E8F
C0BE4C93
C0BF8A75
C0C0C834
C0C205D2
C0C34351
C0C480B2
C0C5BDF5
C0C6FB1C
C0C83829
C0C9751B
C0CAB1F5
C0CBEEB7
C0CD2B61
C0CE67F6
C0CFA475
C0D0E0DF
C0D21D36
C0D3597A
C0D495AC
C0D5D1CB
C0D70DDB
C0D849D9
C0D985C8
C0DAC1A9
C0DBFD7A
C0DD393E
C0DE74F4
C0DFB09E
C0E0EC3B
C0E227CC
C0E36351
C0E49ECC
3EB553CD
3EB449AA
3EB335DE
3EB21813
3EB0EFEC
3EAFBD0C
3EAE7F11
3EAD3596
3EABE033
3EAA7E7C
3EA91001
3EA7944D
3EA60AE9
3EA47359
3EA2CD1C
3EA117AC
3E9F5281
3E9D7D0B
3E9B96B7
3E999EEB
3E97950A
3E95786F
3E934871
3E910460
3E8EAB86
3E8C3D27
3E89B881
3E871CC9
3E84692E
3E819CD9
3E7D6DD3
3E776CF1
3E71352C
3E6AC496
3E64192E
3E5D30E0
3E56098A
3E4EA0F3
3E46F4D3
3E3F02C9
3E36C866
3E2E4322
3E257060
3E1C4D71
3E12D78C
3E090BD3
3DFDCEA4
3DE8CDFB
3DD30F64
3DBC8C6B
3DA53E6B
3D8D1E92
3D684BB7
3D349A2F
3CFE339C
3C8F76F3
3B66FC26
BC336476
BCD45E77
BD29A2F9
BD6B44FE
BD979317
BDBAABD5
BDDEF55D
BE023C33
BE159ED9
BE29A703
BE3E5914
BE53B968
BE69CC4F
BE804B07
BE8C0D67
BE982F53
BEA4B2C1
BEB19996
BEBEE59E
BECC9889
BEDAB3E6
BEE93923
BEF82981
BF03C30D
BF0BA7E8
BF13C3AA
BF1C168E
BF24A0B0
BF2D6208
BF365A70
BF3F8999
BF48EF0F
BF528A38
BF5C5A51
BF665E6D
BF709578
BF7AFE33
BF82CB9C
BF882F7E
BF8DA9E4
BF9339E5
BF98DE84
BF9E96B6
BFA46162
BFAA3D64
BFB0298A
BFB624A0
BFBC2D66
BFC2429B
BFC862FC
BFCE8D44
BFD4C034
BFDAFA8E
BFE13B1A
BFE780AB
BFEDCA1B
BFF4164E
BFFA6437
C000596A
C003809A
C006A739
C009CCDD
C00CF122
C01013B0
C0133433
C0165260
C0196DF6
C01C86B8
C01F9C72
C022AEF8
C025BE23
C028C9D3
C02BD1ED
C02ED65E
C031D716
C034D40A
C037CD34
C03AC291
C03DB424
C040A1F0
C0438BFE
C0467256
C0495507
C04C341C
C04F0FA8
C051E7BB
C054BC67
C0578DC1
C05A5BDD
C05D26CF
C05FEEAE
C062B38F
C0657587
C06834AE
C06AF119
C06DAADE
C0706213
C07316CD
C075C921
C0787925
C07B26EC
C07DD28B
C0803E0A
C08191CE
C082E49A
C0843678
C085876F
C086D789
C08826CE
C0897545
C08AC2F7
C08C0FEB
C08D5C28
C08EA7B5
C08FF299
C0913CDA
C092867E
C093CF8C
C0951809
C0965FFB
C097A768
C098EE53
C09A34C4
C09B7ABD
C09CC044
C09E055D
C09F4A0D
C0A08E58
C0A1D241
C0A315CC
C0A458FD
C0A59BD7
C0A6DE5F
C0A82096
C0A96281
C0AAA421
C0ABE57B
C0AD2690
C0AE6763
C0AFA7F8
C0B0E850
C0B2286D
C0B36852
C0B4A802
C0B5E77D
C0B726C7
C0B865E1
C0B9A4CD
C0BAE38C
C0BC2221
C0BD608D
C0BE9ED2
C0BFDCF0
C0C11AEB
C0C258C2
C0C39677
C0C4D40C
C0C61183
C0C74EDB
C0C88C16
C0C9C935
C0CB063A
C0CC4326
C0CD7FF8
C0CEBCB3
C0CFF957
C0D135E5
C0D2725E
C0D3AEC3
C0D4EB14
C0D62753
C0D7637F
C0D89F9A
C0D9DBA5
C0DB179F
C0DC538A
C0DD8F65
C0DECB33
C0E006F3
C0E142A5
C0E27E4B
C0E3B9E4
C0E4F572
C0E630F5
3EAA7128
3EA965F8
3EA85113
3EA73221
3EA608C7
3EA4D4A5
3EA39559
3EA24A7F
3EA0F3AB
3E9F9073
3E9E2065
3E9CA30C
3E9B17F0
3E997E94
3E97D675
3E961F0F
3E9457D5
3E92803A
3E9097A7
3E8E9D83
3E8C912E
3E8A7203
3E883F58
3E85F87B
3E839CB6
3E812B49
3E7D46E4
3E7808CA
3E729A9F
3E6CFAB0
3E672739
3E611E69
3E5ADE5D
3E546521
3E4DB0B2
3E46BEF7
3E3F8DCA
3E381AED
3E306413
3E2866D8
3E2020C5
3E178F50
3E0EAFD5
3E057F9E
3DF7F7BD
3DE44362
3DCFDC38
3DBABC18
3DA4DCB1
3D8E377D
3D6D8B98
3D3D0173
3D0AC267
3CAD7FE6
3C03ACD4
BBB65871
BCA0E4D5
BD0C1ACB
BD49D46B
BD84D7EA
BDA5DEEA
BDC807BE
BDEB5B09
BE07F0C3
BE1AD202
BE2E55AC
BE428031
BE5755FE
BE6CDB7B
BE818A83
BE8D0376
BE98DAB3
BEA5124A
BEB1AC37
BEBEAA66
BECC0EA8
BED9DAB2
BEE8101A
BEF6B051
BF02DE50
BF0A9B10
BF128EDE
BF1ABA14
BF231CEE
BF2BB787
BF3489DC
BF3D93C5
BF46D4F3
BF504CF4
BF59FB2A
BF63DED1
BF6DF6FD
BF784294
BF81602B
BF86B76D
BF8C2646
BF91ABDC
BF974740
BF9CF774
BFA2BB68
BFA89200
BFAE7A14
BFB4726F
BFBA79D6
BFC08F08
BFC6B0BC
BFCCDDAC
BFD3148E
BFD9541C
BFDF9B15
BFE5E83B
BFEC3A5C
BFF2904D
BFF8E8EE
BFFF432C
C002CF01
C005FC3C
C00928D3
C00C545A
C00F7E6D
C012A6B0
C015CCCE
C018F07C
C01C1175
C01F2F7D
C0224A5F
C02561EE
C0287601
C02B8679
C02E933C
C0319C34
C034A151
C037A28A
C03A9FD8
C03D9939
C0408EAE
C043803D
C0466DED
C04957C9
C04C3DDD
C04F203A
C051FEEE
C054DA0D
C057B1AA
C05A85D9
C05D56AE
C0602441
C062EEA6
C065B5F5
C0687A45
C06B3BAB
C06DFA40
C070B619
C0736F4E
C07625F3
C078DA20
C07B8BE9
C07E3B64
C0807453
C081C9E1
C0831E66
C08471EB
C085C47B
C087161D
C08866DC
C089B6BE
C08B05CD
C08C5410
C08DA18F
C08EEE52
C0903A60
C09185BF
C092D077
C0941A8D
C0956408
C096ACEF
C097F546
C0993D13
C09A845C
C09BCB25
C09D1174
C09E574E
C09F9CB6
C0A0E1B2
C0A22646
C0A36A75
C0A4AE44
C0A5F1B5
C0A734CE
C0A87791
C0A9BA02
C0AAFC24
C0AC3DF9
C0AD7F86
C0AEC0CC
C0B001CF
C0B14290
C0B28314
C0B3C35B
C0B50368
C0B6433E
C0B782DF
C0B8C24D
C0BA0189
C0BB4096
C0BC7F75
C0BDBE28
C0BEFCB1
C0C03B12
C0C1794C
C0C2B760
C0C3F551
C0C5331E
C0C670CB
C0C7AE57
C0C8EBC4
C0CA2914
C0CB6648
C0CCA360
C0CDE05D
C0CF1D42
C0D05A0D
C0D196C2
C0D2D360
C0D40FE8
C0D54C5B
C0D688BA
C0D7C506
C0D90140
C0DA3D67
C0DB797D
C0DCB583
C0DDF179
C0DF2D5F
C0E06937
C0E1A501
C0E2E0BD
C0E41C6C
C0E5580E
C0E693A4
C0E7CF2E
3E9F4D13
3E9E40CB
3E9D2AC2
3E9C0A9E
3E9AE003
3E99AA93
3E9869EA
3E971DA2
3E95C551
3E946089
3E92EED9
3E916FCD
3E8FE2E9
3E8E47B0
3E8C9D9F
3E8AE430
3E891AD8
3E874104
3E855620
3E835990
3E814AB3
3E7E51C8
3E79E6EC
3E75536D
3E7095DB
3E6BACB8
3E669678
3E615181
3E5BDC2B
3E5634C0
3E505979
3E4A4881
3E43FFF0
3E3D7DD1
3E36C019
3E2FC4AE
3E288964
3E210BF9
3E194A1B
3E114161
3E08EF50
3E005156
3DEEC998
3DDC4DEB
3DC929FD
3DB557FB
3DA0D1E2
3D8B917F
3D6B20E2
3D3D904D
3D0E63BB
3CBB1A91
3C2BFABD
BB156B3D
BC7E0790
BCEF2480
BD319782
BD6DA1BA
BD95E0A5
BDB60372
BDD741C1
BDF9A42D
BE0E99B9
BE20FC30
BE33FDED
BE47A369
BE5BF11E
BE70EB85
BE834B89
BE8E7C19
BE9A099D
BEA5F63A
BEB24404
BEBEF4FF
BECC0B1C
BED98831
BEE76DFB
BEF5BE15
BF023CFA
BF09D174
BF119D07
BF19A02A
BF21DB3A
BF2A4E73
BF32F9F4
BF3BDDB9
BF44F99A
BF4E4D4A
BF57D855
BF619A1E
BF6B91E0
BF75BEAA
BF800FB1
BF855963
BF8ABBB3
BF9035D7
BF95C6F1
BF9B6E10
BFA12A31
BFA6FA44
BFACDD27
BFB2D1AE
BFB8D6A1
BFBEEAC0
BFC50CC3
BFCB3B61
BFD1754A
BFD7B932
BFDE05CD
BFE459D4
BFEAB405
BFF11327
BFF7760B
BFFDDB8C
C0022149
C0055509
C0088888
C00BBB51
C00EECF5
C0121D0D
C0154B3C
C018772D
C01BA091
C01EC724
C021EAA7
C0250AE6
C02827B0
C02B40DF
C02E5651
C03167EC
C034759A
C0377F4C
C03A84F6
C03D8693
C0408421
C0437DA2
C046731C
C0496495
C04C521A
C04F3BB8
C052217E
C055037D
C057E1C9
C05ABC76
C05D9397
C0606744
C0633793
C066049B
C068CE72
C06B9532
C06E58F1
C07119C6
C073D7CA
C0769314
C0794BBA
C07C01D3
C07EB575
C080B35B
C0820AD6
C0836135
C084B684
C0860ACA
C0875E13
C088B068
C08A01D1
C08B5258
C08CA204
C08DF0DF
C08F3EF0
C0908C3E
C091D8D2
C09324B2
C0946FE5
C095BA72
C097045F
C0984DB3
C0999673
C09ADEA5
C09C264E
C09D6D75
C09EB41D
C09FFA4D
C0A14008
C0A28553
C0A3CA32
C0A50EAA
C0A652BF
C0A79674
C0A8D9CE
C0AA1CCF
C0AB5F7C
C0ACA1D7
C0ADE3E4
C0AF25A5
C0B0671E
C0B1A852
C0B2E943
C0B429F3
C0B56A66
C0B6AA9D
C0B7EA9C
C0B92A63
C0BA69F6
C0BBA955
C0BCE884
C0BE2785
C0BF6658
C0C0A500
C0C1E37E
C0C321D4
C0C46003
C0C59E0D
C0C6DBF4
C0C819B9
C0C9575C
C0CA94E0
C0CBD245
C0CD0F8D
C0CE4CB9
C0CF89CA
C0D0C6C0
C0D2039E
C0D34063
C0D47D11
C0D5B9A9
C0D6F62B
C0D83299
C0D96EF3
C0DAAB3A
C0DBE76E
C0DD2391
C0DE5FA3
C0DF9BA4
C0E0D795
C0E21378
C0E34F4C
C0E48B12
C0E5C6CA
C0E70275
C0E83E14
C0E979A7
3E93E77F
3E92DA14
3E91C2DB
3E90A17A
3E8F7594
3E8E3EC9
3E8CFCB5
3E8BAEF3
3E8A5516
3E88EEB1
3E877B52
3E85FA82
3E846BC7
3E82CEA2
3E81228F
3E7ECE0F
3E7B36FB
3E777EC0
3E73A42F
3E6FA611
3E6B8321
3E673A10
3E62C984
3E5E3015
3E596C50
3E547CB3
3E4F5FB0
3E4A13AA
3E4496F6
3E3EE7DA
3E39048C
3E32EB32
3E2C99E2
3E260EA1
3E1F4761
3E184205
3E10FC5A
3E09741B
3E01A6F0
3DF324D9
3DE2681C
3DD1127E
3DBF1EA4
3DAC8708
3D9945F9
3D855594
3D615F94
3D369CB5
3D0A55AC
3CB8FA6E
3C3416D6
BA83DBC3
BC5BFBA4
BCD75263
BD222CDE
BD5A9973
BD8A7F67
BDA8B694
BDC7FA85
BDE853A8
BE04E547
BE1633F5
BE281A47
BE3A9CB0
BE4DBFAE
BE6187C4
BE75F97A
BE858CAB
BE9075EC
BE9BBABB
BEA75D4D
BEB35FC9
BEBFC44D
BECC8CE1
BED9BB7D
BEE751FF
BEF55227
BF01DECB
BF094AE5
BF10EE0B
BF18C8CE
BF20DBA8
BF2926F7
BF31AAF9
BF3A67CF
BF435D76
BF4C8BC7
BF55F274
BF5F910B
BF6966EC
BF737352
BF7DB54B
BF8415DD
BF896AAC
BF8ED85B
BF945E1C
BF99FB0F
BF9FAE40
BFA576AA
BFAB5338
BFB142C6
BFB74422
BFBD5611
BFC3774E
BFC9A68D
BFCFE27E
BFD629CE
BFDC7B2A
BFE2D542
BFE936C8
BFEF9E76
BFF60B0D
BFFC7B59
C0017717
C004B138
C007EB88
C00B2587
C00E5EBC
C01196B6
C014CD0E
C0180164
C01B3360
C01E62B4
C0218F18
C024B84E
C027DE1E
C02B005A
C02E1ED8
C0313977
C034501C
C03762B1
C03A7126
C03D7B71
C040818B
C0438373
C046812B
C0497AB8
C04C7023
C04F6178
C0524EC4
C0553819
C0581D87
C05AFF22
C05DDCFF
C060B734
C0638DD7
C06660FF
C06930C5
C06BFD41
C06EC68B
C0718CBB
C0744FEA
C0771030
C079CDA6
C07C8861
C07F407B
C080FB05
C0825493
C083ACF1
C085042B
C0865A4A
C087AF5B
C0890365
C08A5673
C08BA88F
C08CF9C0
C08E4A11
C08F9989
C090E832
C0923611
C0938331
C094CF96
C0961B4A
C0976653
C098B0B6
C099FA7C
C09B43A9
C09C8C44
C09DD453
C09F1BDA
C0A062E0
C0A1A968
C0A2EF79
C0A43516
C0A57A45
C0A6BF09
C0A80367
C0A94762
C0AA8AFF
C0ABCE41
C0AD112C
C0AE53C3
C0AF9609
C0B0D802
C0B219B0
C0B35B17
C0B49C38
C0B5DD18
C0B71DB8
C0B85E1B
C0B99E43
C0BADE32
C0BC1DEB
C0BD5D70
C0BE9CC3
C0BFDBE6
C0C11ADA
C0C259A1
C0C3983E
C0C4D6B1
C0C614FC
C0C75322
C0C89123
C0C9CF00
C0CB0CBC
C0CC4A57
C0CD87D2
C0CEC530
C0D00270
C0D13F95
C0D27C9E
C0D3B98E
C0D4F665
C0D63324
C0D76FCC
C0D8AC5F
C0D9E8DB
C0DB2544
C0DC6198
C0DD9DDA
C0DEDA0A
C0E01628
C0E15235
C0E28E32
C0E3CA20
C0E505FE
C0E641CE
C0E77D91
C0E8B945
C0E9F4EE
C0EB3089
3E884079
3E8731E1
3E86196D
3E84F6C3
3E83C986
3E829155
3E814DCB
3E7FFD02
3E7D4618
3E7A75F9
3E778BBF
3E74867C
3E71653A
3E6E26F8
3E6ACAAF
3E674F4D
3E63B3B5
3E5FF6C3
3E5C1746
3E581403
3E53EBB6
3E4F9D0B
3E4B26A5
3E46871B
3E41BCF7
3E3CC6B2
3E37A2BE
3E324F78
3E2CCB34
3E271432
3E2128A7
3E1B06B3
3E14AC6A
3E0E17CC
3E0746C8
3E00373A
3DF1CDD7
3DE2A728
3DD2F5AB
3DC2B47C
3DB1DE8E
3DA06EA7
3D8E5F64
3D775662
3D5098A0
3D2879A5
3CFDDA6A
3CA7CD6A
3C1D64A1
BAD91A29
BC5A33E3
BCD002E7
BD1B34C8
BD5035E1
BD838A04
BD9FEF72
BDBD5340
BDDBBD9B
BDFB36DE
BE0DE3C6
BE1EBC26
BE3028F4
BE422EA3
BE54D1B3
BE6816AE
BE7C0224
BE884C54
BE92EF67
BE9DEC92
BEA94615
BEB4FE2C
BEC11707
BECD92C7
BEDA737D
BEE7BB28
BEF56BAA
BF01C366
BF09071A
BF1081B3
BF1833DC
BF201E2C
BF28411C
BF309D0E
BF393242
BF4200DA
BF4B08D4
BF544A0A
BF5DC430
BF6776D1
BF716150
BF7B82E4
BF82ED4D
BF8833AA
BF8D93E4
BF930D41
BF989EF2
BF9E4813
BFA407AE
BFA9DCBC
BFAFC623
BFB5C2BB
BFBBD14F
BFC1F09F
BFC81F62
BFCE5C46
BFD4A5F7
BFDAFB1C
BFE15A5D
BFE7C263
BFEE31DC
BFF4A77C
BFFB21FE
C000D014
C0041065
C0075161
C00A927D
C00DD337
C0111314
C01451A1
C0178E74
C01AC92C
C01E016E
C02136EB
C024695A
C027987B
C02AC416
C02DEBFA
C0310FFE
C0342FFF
C0374BE2
C03A6390
C03D76FB
C0408616
C04390DC
C046974B
C0499966
C04C9733
C04F90BA
C0528607
C055772A
C0586433
C05B4D34
C05E3242
C0611372
C063F0DB
C066CA94
C069A0B6
C06C7358
C06F4295
C0720E84
C074D740
C0779CE2
C07A5F83
C07D1F3B
C07FDC24
C0814B2A
C082A6F2
C0840177
C0855AC2
C086B2DF
C08809D9
C0895FBB
C08AB48F
C08C085F
C08D5B34
C08EAD18
C08FFE14
C0914E30
C0929D76
C093EBED
C095399E
C096868F
C097D2C9
C0991E52
C09A6931
C09BB36D
C09CFD0C
C09E4615
C09F8E8C
C0A0D678
C0A21DDE
C0A364C4
C0A4AB2E
C0A5F121
C0A736A2
C0A87BB5
C0A9C05F
C0AB04A4
C0AC4887
C0AD8C0C
C0AECF38
C0B0120D
C0B1548F
C0B296C1
C0B3D8A6
C0B51A42
C0B65B96
C0B79CA7
C0B8DD76
C0BA1E06
C0BB5E59
C0BC9E73
C0BDDE54
C0BF1DFF
C0C05D77
C0C19CBD
C0C2DBD4
C0C41ABC
C0C55978
C0C6980A
C0C7D673
C0C914B5
C0CA52D1
C0CB90C8
C0CCCE9D
C0CE0C50
C0CF49E3
C0D08756
C0D1C4AC
C0D301E5
C0D43F03
C0D57C06
C0D6B8EF
C0D7F5C0
C0D93279
C0DA6F1B
C0DBABA8
C0DCE81F
C0DE2483
C0DF60D2
C0E09D0F
C0E1D93A
C0E31554
C0E4515D
C0E58D56
C0E6C940
C0E8051A
C0E940E7
C0EA7CA5
C0EBB857
C0ECF3FC
3E78B058
3E7690BA
3E745D48
3E72154E
3E6FB80E
3E6D44C7
3E6ABAAE
3E6818F4
3E655EBF
3E628B30
3E5F9D60
3E5C945F
3E596F33
3E562CDD
3E52CC50
3E4F4C7B
3E4BAC3E
3E47EA73
3E4405E7
3E3FFD5C
3E3BCF8B
3E377B1F
3E32FEB9
3E2E58EA
3E29883B
3E248B24
3E1F600F
3E1A055B
3E147955
3E0EBA3C
3E08C63F
3E029B7C
3DF87004
3DEB339A
3DDD7D8F
3DCF4993
3DC09331
3DB155CC
3DA18C9E
3D9132BA
3D804306
3D5D707D
3D3919E6
3D137709
3CD8F8A0
3C883B85
3BD2784C
BB87E498
BC7748B8
BCD87E8A
BD1C51BB
BD4E17D5
BD80D01E
BD9B7D00
BDB71A47
BDD3AFDB
BDF145D3
BE07F239
BE17CA14
BE282EC7
BE3924B0
BE4AB040
BE5CD5F5
BE6F9A5D
BE818106
BE8B88D1
BE95E6DE
BEA09D7E
BEABAEFD
BEB71DA6
BEC2EBB9
BECF1B6C
BEDBAEE9
BEE8A847
BEF6098C
BF01EA50
BF0905AA
BF1057AA
BF17E114
BF1FA299
BF279CCE
BF2FD033
BF383D2A
BF40E3F7
BF49C4BB
BF52DF78
BF5C3408
BF65C21F
BF6F8949
BF7988E8
BF81E01A
BF87171B
BF8C68E7
BF91D4D8
BF975A33
BF9CF825
BFA2ADCA
BFA87A28
BFAE5C34
BFB452D2
BFBA5CD5
BFC07904
BFC6A61C
BFCCE2CD
BFD32DC2
BFD985A0
BFDFE909
BFE656A0
BFECCD09
BFF34AEA
BFF9CEF3
C0002BEC
C003722D
C006B9A1
C00A01B4
C00D49DA
C010918E
C013D851
C0171DAE
C01A613A
C01DA290
C020E155
C0241D38
C02755ED
C02A8B33
C02DBCD2
C030EA97
C0341458
C03739F2
C03A5B49
C03D7846
C04090D9
C043A4F7
C046B49A
C049BFC0
C04CC66D
C04FC8A5
C052C674
C055BFE4
C058B507
C05BA5EC
C05E92A7
C0617B4C
C0645FF3
C06740B3
C06A1DA3
C06CF6DE
C06FCC7B
C0729E96
C0756D49
C07838AC
C07B00DC
C07DC5F0
C0804402
C081A398
C08301C7
C0845E9B
C085BA20
C0871462
C0886D6D
C089C54B
C08B1C07
C08C71AD
C08DC646
C08F19DD
C0906C7A
C091BE29
C0930EF0
C0945EDB
C095ADEF
C096FC37
C09849BA
C099967F
C09AE28E
C09C2DEE
C09D78A6
C09EC2BB
C0A00C36
C0A1551A
C0A29D6F
C0A3E53A
C0A52C81
C0A67348
C0A7B994
C0A8FF6B
C0AA44D0
C0AB89C9
C0ACCE59
C0AE1285
C0AF5651
C0B099C0
C0B1DCD5
C0B31F96
C0B46203
C0B5A422
C0B6E5F5
C0B8277E
C0B968C2
C0BAA9C2
C0BBEA81
C0BD2B02
C0BE6B46
C0BFAB51
C0C0EB25
C0C22AC4
C0C36A2F
C0C4A969
C0C5E874
C0C72751
C0C86602
C0C9A48A
C0CAE2E9
C0CC2121
C0CD5F33
C0CE9D22
C0CFDAEE
C0D11899
C0D25624
C0D39390
C0D4D0DE
C0D60E10
C0D74B27
C0D88824
C0D9C507
C0DB01D1
C0DC3E85
C0DD7B22
C0DEB7A9
C0DFF41B
C0E13079
C0E26CC4
C0E3A8FD
C0E4E523
C0E62139
C0E75D3E
C0E89933
C0E9D519
C0EB10F0
C0EC4CB9
C0ED8874
C0EEC422
3E605DC1
3E5E3BA1
3E5C0591
3E59BADA
3E575AC0
3E54E47F
3E52574A
3E4FB251
3E4CF4B9
3E4A1DA1
3E472C20
3E441F45
3E40F614
3E3DAF8C
3E3A4A9F
3E36C638
3E332136
3E2F5A71
3E2B70B3
3E2762BE
3E232F45
3E1ED4F3
3E1A5264
3E15A62A
3E10CEC7
3E0BCAB1
3E069851
3E013601
3DF74414
3DEBB551
3DDFBC0F
3DD35483
3DC67AC1
3DB92AB9
3DAB6039
3D9D16E6
3D8E4A43
3D7DEB4E
3D5E2889
3D3D4242
3D1B2E33
3CEFC377
3CA6A3C5
3C35CD4C
3AC74B48
BC099468
BC98EEFA
BCF01347
BD2528C8
BD53E287
BD822272
BD9B2F23
BDB51EBD
BDCFF8DA
BDEBC543
BE0445FA
BE132A8C
BE229483
BE328823
BE4309C2
BE541DCB
BE65C8B9
BE780F19
BE857AC1
BE8F404C
BE995A82
BEA3CBBB
BEAE964C
BEB9BC8A
BEC540C6
BED12546
BEDD6C49
BEEA17FF
BEF72A88
BF0252F7
BF094611
BF106F7E
BF17D017
BF1F68A4
BF2739D7
BF2F444B
BF378881
BF4006DE
BF48BFA7
BF51B301
BF5AE0EE
BF64494A
BF6DEBCA
BF77C7F9
BF80EE9D
BF861562
BF8B57CF
BF90B554
BF962D48
BF9BBEEF
BFA16975
BFA72BF3
BFAD056B
BFB2F4D0
BFB8F902
BFBF10D1
BFC53B00
BFCB7645
BFD1C14D
BFD81ABE
BFDE8137
BFE4F356
BFEB6FB6
BFF1F4F6
BFF881B7
BFFF14A1
C002D631
C00623DC
C00972B1
C00CC21B
C010118A
C0136076
C016AE5E
C019FACB
C01D454E
C0208D81
C023D308
C027158D
C02A54C6
C02D906E
C030C84C
C033FC2D
C0372BE5
C03A5751
C03D7E53
C040A0D5
C043BEC6
C046D81B
C049ECCD
C04CFCDC
C050084A
C0530F1E
C0561161
C0590F21
C05C086D
C05EFD57
C061EDF4
C064DA59
C067C29C
C06AA6D6
C06D8721
C0706396
C0733C4F
C0761167
C078E2FA
C07BB122
C07E7BFA
C080A1CF
C0820413
C08364D8
C084C429
C0862214
C0877EA6
C088D9E9
C08A33EB
C08B8CB6
C08CE456
C08E3AD7
C08F9042
C090E4A2
C0923801
C0938A69
C094DBE3
C0962C78
C0977C31
C098CB17
C09A1931
C09B6688
C09CB322
C09DFF08
C09F4A40
C0A094D1
C0A1DEC2
C0A32818
C0A470DB
C0A5B90F
C0A700BA
C0A847E1
C0A98E8B
C0AAD4BA
C0AC1A76
C0AD5FC1
C0AEA4A0
C0AFE918
C0B12D2D
C0B270E2
C0B3B43B
C0B4F73B
C0B639E7
C0B77C42
C0B8BE4E
C0BA000F
C0BB4187
C0BC82BA
C0BDC3AA
C0BF045A
C0C044CB
C0C18502
C0C2C500
C0C404C6
C0C54458
C0C683B7
C0C7C2E5
C0C901E5
C0CA40B7
C0CB7F5E
C0CCBDDC
C0CDFC31
C0CF3A60
C0D0786A
C0D1B650
C0D2F414
C0D431B7
C0D56F3A
C0D6AC9F
C0D7E9E6
C0D92712
C0DA6422
C0DBA118
C0DCDDF5
C0DE1ABA
C0DF5768
C0E093FF
C0E1D081
C0E30CEF
C0E44948
C0E5858E
C0E6C1C2
C0E7FDE5
C0E939F6
C0EA75F7
C0EBB1E9
C0ECEDCB
C0EE299E
C0EF6564
C0F0A11C
3E4789FA
3E456545
3E432C83
3E40DEFC
3E3E7BF3
3E3C02A1
3E39723A
3E36C9EB
3E3408D9
3E312E1F
3E2E38D5
3E2B2805
3E27FAB5
3E24AFDE
3E214674
3E1DBD5D
3E1A1379
3E16479A
3E12588B
3E0E4508
3E0A0BC5
3E05AB69
3E01228D
3DF8DF80
3DEF2303
3DE50C8B
3DDA98E0
3DCFC4AE
3DC48C85
3DB8ECD4
3DACE1E9
3DA067F2
3D937AFA
3D8616EB
3D706F0C
3D53B0D5
3D35EA1E
3D171185
3CEE3AAD
3CAC0716
3C4EE710
3B81AA50
BBA4A7A5
BC6AC199
BCC451B1
BD0B0A79
BD3561D8
BD613BE7
BD875300
BD9ED6F1
BDB730D6
BDD067F7
BDEA83CB
BE02C5FF
BE10C437
BE1F4094
BE2E3F37
BE3DC457
BE4DD441
BE5E7357
BE6FA610
BE80B87A
BE89EC4E
BE9370D5
BE9D4869
BEA77563
BEB1FA24
BEBCD907
BEC81469
BED3AEA0
BEDFA9FC
BEEC08C2
BEF8CD2A
BF02FCAD
BF09C7B2
BF10C8A1
BF180068
BF1F6FE5
BF2717E3
BF2EF917
BF371420
BF3F6980
BF47F9A0
BF50C4C8
BF59CB1E
BF630CA6
BF6C893E
BF76409B
BF801925
BF852ED7
BF8A60FC
BF8FAF1B
BF9518A0
BF9A9CE3
BFA03B25
BFA5F290
BFABC239
BFB1A923
BFB7A63C
BFBDB85F
BFC3DE5B
BFCA16EC
BFD060C5
BFD6BA8F
BFDD22E8
BFE3986C
BFEA19B1
BFF0A54F
BFF739DC
BFFDD5F4
C0023C1D
C0058FAA
C008E4FD
C00C3B73
C00F9273
C012E96B
C0163FCF
C019951D
C01CE8DA
C0203A95
C02389E6
C026D66E
C02A1FD6
C02D65D1
C030A819
C033E675
C03720AE
C03A5698
C03D8810
C040B4F7
C043DD36
C04700BC
C04A1F7E
C04D3974
C0504E9F
C0535F01
C0566AA0
C0597187
C05C73C4
C05F7167
C0626A82
C0655F2A
C0684F75
C06B3B7B
C06E2356
C071071F
C073E6F1
C076C2E8
C0799B1E
C07C6FB1
C07F40BB
C081072D
C0826C54
C083CFE0
C08531E0
C0869260
C087F16E
C0894F16
C08AAB66
C08C0669
C08D602C
C08EB8BA
C090101E
C0916664
C092BB96
C0940FBF
C09562E8
C096B51C
C0980664
C09956C8
C09AA652
C09BF50A
C09D42F8
C09E9024
C09FDC95
C0A12853
C0A27364
C0A3BDD1
C0A5079D
C0A650D2
C0A79973
C0A8E187
C0AA2913
C0AB701D
C0ACB6AA
C0ADFCBE
C0AF425F
C0B08791
C0B1CC58
C0B310B8
C0B454B6
C0B59855
C0B6DB99
C0B81E86
C0B9611E
C0BAA366
C0BBE560
C0BD2710
C0BE6877
C0BFA99A
C0C0EA7B
C0C22B1C
C0C36B80
C0C4ABA8
C0C5EB99
C0C72B53
C0C86AD8
C0C9AA2C
C0CAE94F
C0CC2844
C0CD670C
C0CEA5A9
C0CFE41D
C0D12269
C0D2608F
C0D39E90
C0D4DC6E
C0D61A2A
C0D757C5
C0D89541
C0D9D29F
C0DB0FDF
C0DC4D04
C0DD8A0E
C0DEC6FE
C0E003D6
C0E14095
C0E27D3D
C0E3B9D0
C0E4F64D
C0E632B5
C0E76F0A
C0E8AB4C
C0E9E77C
C0EB239A
C0EC5FA8
C0ED9BA5
C0EED793
C0F01371
C0F14F42
C0F28B04
3E2E360C
3E2C0EAF
3E29D328
3E2782BF
3E251CB2
3E22A03B
3E200C8D
3E1D60D2
3E1A9C2E
3E17BDBC
3E14C490
3E11AFB3
3E0E7E29
3E0B2EEB
3E07C0E7
3E043305
3E008420
3DF96615
3DF17D13
3DE94AB5
3DE0CC58
3DD7FF46
3DCEE0AE
3DC56DA5
3DBBA326
3DB17E12
3DA6FB2A
3D9C1715
3D90CE5B
3D851D62
3D7200E4
3D58E762
3D3EE644
3D23F549
3D080BE5
3CD64282
3C9A5870
3C388D4F
3B5FCCB8
BB9A8BF8
BC574805
BCB31F14
BCFD2A89
BD24EEB9
BD4CA7D0
BD75CCD2
BD903537
BDA646DA
BDBD220E
BDD4CDC3
BDED511A
BE0359B6
BE107E21
BE1E19AE
BE2C3056
BE3AC629
BE49DF53
BE598015
BE69ACC8
BE7A69DB
BE85DDE7
BE8ED39C
BE98185E
BEA1AE86
BEAB9873
BEB5D888
BEC07129
BECB64BB
BED6B5A0
BEE26639
BEEE78DA
BEFAEFD1
BF03E6AF
BF0A89D6
BF11626D
BF187172
BF1FB7D9
BF273682
BF2EEE3C
BF36DFC1
BF3F0BB0
BF477292
BF5014D0
BF58F2B5
BF620C6B
BF6B61F6
BF74F337
BF7EBFE4
BF8463C5
BF8984C5
BF8EC28D
BF941CA1
BF99926E
BF9F2349
BFA4CE72
BFAA9311
BFB0703B
BFB664ED
BFBC7012
BFC29085
BFC8C50C
BFCF0C64
BFD56538
BFDBCE2B
BFE245DA
BFE8CAD7
BFEF5BB5
BFF5F704
BFFC9B56
C001A3A0
C004FCAE
C0085827
C00BB561
C00F13B8
C0127290
C015D152
C0192F71
C01C8C66
C01FE7B5
C02340EA
C026979B
C029EB65
C02D3BF0
C03088EE
C033D217
C037172E
C03A57FE
C03D9459
C040CC1A
C043FF21
C0472D58
C04A56AC
C04D7B12
C0509A83
C053B4FF
C056CA88
C059DB25
C05CE6E2
C05FEDCB
C062EFF2
C065ED6B
C068E649
C06BDAA5
C06ECA97
C071B63A
C0749DA7
C07780FB
C07A6051
C07D3BC8
C08009BD
C08173C3
C082DC04
C084428F
C085A772
C0870ABA
C0886C76
C089CCB3
C08B2B7E
C08C88E6
C08DE4F5
C08F3FBA
C090993F
C091F191
C09348BB
C0949EC8
C095F3C3
C09747B6
C0989AAB
C099ECAD
C09B3DC4
C09C8DF9
C09DDD55
C09F2BE0
C0A079A4
C0A1C6A6
C0A312EF
C0A45E87
C0A5A974
C0A6F3BC
C0A83D66
C0A98679
C0AACEFA
C0AC16F0
C0AD5E5E
C0AEA54C
C0AFEBBD
C0B131B7
C0B2773E
C0B3BC57
C0B50107
C0B64551
C0B78939
C0B8CCC3
C0BA0FF3
C0BB52CC
C0BC9552
C0BDD787
C0BF1970
C0C05B0F
C0C19C67
C0C2DD7A
C0C41E4C
C0C55EDF
C0C69F35
C0C7DF51
C0C91F35
C0CA5EE2
C0CB9E5C
C0CCDDA5
C0CE1CBD
C0CF5BA7
C0D09A65
C0D1D8F9
C0D31763
C0D455A6
C0D593C4
C0D6D1BD
C0D80F93
C0D94D47
C0DA8ADB
C0DBC850
C0DD05A7
C0DE42E1
C0DF8000
C0E0BD04
C0E1F9EE
C0E336C0
C0E4737A
C0E5B01D
C0E6ECAB
C0E82923
C0E96587
C0EAA1D7
C0EBDE15
C0ED1A41
C0EE565B
C0EF9265
C0F0CE5E
C0F20A49
C0F34624
C0F481F1
3E14633A
3E123925
3E0FFAC7
3E0DA768
3E0B3E45
3E08BE96
3E06278D
3E037851
3E00B006
3DFB9B8B
3DF5A140
3DEF6F3E
3DE90386
3DE25C06
3DDB769A
3DD45109
3DCCE907
3DC53C33
3DBD4815
3DB50A1F
3DAC7FAD
3DA3A601
3D9A7A45
3D90F988
3D8720C0
3D79D98B
3D64B4AB
3D4ECC1D
3D3818E2
3D2093B9
3D083522
3CDDEAB0
3CA998A1
3C66C6E2
3BECE795
390514A1
BBECF8D8
BC73649B
BCBA65DB
BCFD6D47
BD216ED5
BD45666B
BD6AA8A7
BD88A097
BD9C9E02
BDB152C6
BDC6C54A
BDDCFC26
BDF3FE25
BE05E923
BE123FE0
BE1F06FD
BE2C4249
BE39F5AC
BE48252A
BE56D4DE
BE6608FD
BE75C5D5
BE8307E5
BE8B75AB
BE942E83
BE9D34BE
BEA68AB5
BEB032C8
BEBA2F5C
BEC482DB
BECF2FB1
BEDA3849
BEE59F0F
BEF16667
BEFD90B2
BF051022
BF0B8BB1
BF123C22
BF192286
BF203FE1
BF279529
BF2F2343
BF36EB02
BF3EED22
BF472A48
BF4FA2FF
BF5857B2
BF6148B1
BF6A7626
BF73E01A
BF7D866D
BF83B46C
BF88C374
BF8DF000
BF9339AA
BF989FF5
BF9E224E
BFA3C00A
BFA97866
BFAF4A88
BFB53583
BFBB3852
BFC151DE
BFC780FB
BFCDC46E
BFD41AEE
BFDA8322
BFE0FBA9
BFE78319
BFEE17FF
BFF4B8E9
BFFB645F
C0010C76
C0046A91
C007CBC9
C00B2F6C
C00E94CE
C011FB48
C0156239
C018C907
C01C2F23
C01F9403
C022F728
C026581B
C029B66E
C02D11BE
C03069B0
C033BDF2
C0370E3E
C03A5A52
C03DA1F9
C040E504
C044234C
C0475CB1
C04A911B
C04DC079
C050EABD
C0540FE2
C0572FE5
C05A4ACC
C05D609B
C0607160
C0637D27
C0668403
C0698607
C06C8349
C06F7BE1
C0726FE9
C0755F7C
C0784AB5
C07B31B0
C07E148C
C08079B3
C081E72D
C08352C4
C084BC87
C0862485
C0878ACC
C088EF6A
C08A526F
C08BB3E8
C08D13E4
C08E726E
C08FCF96
C0912B67
C09285EE
C093DF38
C0953750
C0968E41
C097E417
C09938DC
C09A8C9B
C09BDF5E
C09D312F
C09E8216
C09FD21D
C0A1214D
C0A26FAE
C0A3BD48
C0A50A23
C0A65646
C0A7A1B8
C0A8EC81
C0AA36A7
C0AB8030
C0ACC923
C0AE1185
C0AF595D
C0B0A0AF
C0B1E781
C0B32DD8
C0B473B8
C0B5B927
C0B6FE28
C0B842C1
C0B986F5
C0BACAC8
C0BC0E3E
C0BD515A
C0BE9421
C0BFD695
C0C118B9
C0C25A91
C0C39C20
C0C4DD69
C0C61E6D
C0C75F31
C0C89FB6
C0C9DFFF
C0CB200E
C0CC5FE6
C0CD9F88
C0CEDEF7
C0D01E34
C0D15D42
C0D29C22
C0D3DAD7
C0D51961
C0D657C2
C0D795FD
C0D8D412
C0DA1203
C0DB4FD2
C0DC8D7F
C0DDCB0C
C0DF087A
C0E045CA
C0E182FE
C0E2C017
C0E3FD15
C0E539FA
C0E676C6
C0E7B37B
C0E8F019
C0EA2CA2
C0EB6916
C0ECA575
C0EDE1C1
C0EF1DFB
C0F05A23
C0F19639
C0F2D23F
C0F40E36
C0F54A1C
C0F685F4
3DF42608
3DEFCC4B
3DEB49C2
3DE69CF5
3DE1C45F
3DDCBE6C
3DD7897C
3DD223DD
3DCC8BD1
3DC6BF87
3DC0BD1F
3DBA82A8
3DB40E1E
3DAD5D6C
3DA66E69
3D9F3ED9
3D97CC6B
3D9014B9
3D881547
3D7F9702
3D6E697D
3D5C9C77
3D4A2A39
3D370CD6
3D233E2D
3D0EB7E2
3CF2E6C3
3CC6D3B6
3C992880
3C53AD09
3BE33A84
3A402582
BBBA8849
BC4A57C7
BC9DADA8
BCD8395A
BD0A70CB
BD29DCCD
BD4A6AA8
BD6C24A6
BD878AB6
BD99A3FE
BDAC63D8
BDBFD025
BDD3EEF2
BDE8C683
BDFE5D4B
BE0A5CF9
BE15F1AA
BE21F041
BE2E5C61
BE3B39C8
BE488C4C
BE5657E2
BE64A096
BE736A8F
BE815D06
BE8949B3
BE917D86
BE99FAC3
BEA2C3B7
BEABDAB9
BEB54228
BEBEFC6A
BEC90BEE
BED37322
BEDE347B
BEE9526D
BEF4CF69
BF0056EE
BF067818
BF0CCC5E
BF1354EB
BF1A12DC
BF210746
BF283332
BF2F979A
BF373567
BF3F0D70
BF472074
BF4F6F1D
BF57F9F7
BF60C173
BF69C5E3
BF730774
BF7C8631
BF8320FE
BF881D47
BF8D37BC
BF92700E
BF97C5D7
BF9D389B
BFA2C7C4
BFA872A6
BFAE387E
BFB41872
BFBA118E
BFC022CE
BFC64B16
BFCC8938
BFD2DBF5
BFD941FF
BFDFB9F9
BFE6427C
BFECDA18
BFF37F57
BFFA30BE
C0007668
C003D909
C0073F87
C00AA927
C00E1535
C0118300
C014F1DE
C018612A
C01BD049
C01F3EA6
C022ABB5
C02616F4
C0297FE9
C02CE624
C030493E
C033A8DB
C03704A7
C03A5C58
C03DAFAC
C040FE6D
C0444868
C0478D78
C04ACD7A
C04E0856
C0513DFA
C0546E58
C057996B
C05ABF30
C05DDFAB
C060FAE3
C06410E4
C06721BD
C06A2D7F
C06D3440
C0703614
C0733316
C0762B60
C0791F0D
C07C0E3A
C07EF905
C080EFC6
C08260F7
C083D024
C0853D5E
C086A8B3
C0881233
C08979ED
C08ADFF1
C08C444D
C08DA710
C08F0847
C0906802
C091C64D
C0932336
C0947ECB
C095D916
C0973226
C0988A05
C099E0BF
C09B3660
C09C8AF1
C09DDE7E
C09F3110
C0A082B1
C0A1D36B
C0A32346
C0A4724B
C0A5C082
C0A70DF4
C0A85AA9
C0A9A6A6
C0AAF1F5
C0AC3C9B
C0AD86A0
C0AED009
C0B018DD
C0B16122
C0B2A8DD
C0B3F013
C0B536CB
C0B67D08
C0B7C2D0
C0B90827
C0BA4D12
C0BB9195
C0BCD5B3
C0BE1972
C0BF5CD5
C0C09FDE
C0C1E293
C0C324F5
C0C46709
C0C5A8D2
C0C6EA51
C0C82B8B
C0C96C81
C0CAAD37
C0CBEDAF
C0CD2DEB
C0CE6DEE
C0CFADBA
C0D0ED51
C0D22CB5
C0D36BE8
C0D4AAEC
C0D5E9C2
C0D7286D
C0D866EF
C0D9A548
C0DAE37A
C0DC2188
C0DD5F71
C0DE9D38
C0DFDADE
C0E11864
C0E255CC
C0E39316
C0E4D044
C0E60D57
C0E74A4F
C0E8872F
C0E9C3F6
C0EB00A6
C0EC3D3F
C0ED79C3
C0EEB633
C0EFF28E
C0F12ED6
C0F26B0C
C0F3A730
C0F4E343
C0F61F45
C0F75B38
C0F8971C
3DBE8E43
3DBA2ED6
3DB5A65F
3DB0F363
3DAC145B
3DA707B1
3DA1CBC0
3D9C5ED5
3D96BF2C
3D90EAF3
3D8AE046
3D849D30
3D7C3F52
3D6ECB32
3D60D9A4
3D526628
3D436C13
3D33E68E
3D23D099
3D132504
3D01DE6F
3CDFEE93
3CBAD3A1
3C946017
3C590F30
3C067AA9
3B43A043
BB1F1046
BC03A632
BC62DBC9
BCA2C1AC
BCD5DE3C
BD0569F7
BD20D9D7
BD3D4783
BD5ABC0A
BD7940CF
BD8C6FC3
BD9CD11E
BDADC9A8
BDBF5EC0
BDD195F2
BDE474FA
BDF801C5
BE062138
BE109EA6
BE1B7C6D
BE26BDEB
BE326695
BE3E79FB
BE4AFBCB
BE57EFC9
BE6559D9
BE733DF7
BE80D01D
BE88426A
BE8FF807
BE97F328
BEA03608
BEA8C2F3
BEB19C3B
BEBAC43E
BEC43D62
BECE0A16
BED82CCC
BEE2A7FC
BEED7E23
BEF8B1BA
BF02229E
BF081D90
BF0E4AE9
BF14ABDD
BF1B4197
BF220D3A
BF290FE0
BF304A95
BF37BE58
BF3F6C16
BF4754A9
BF4F78D6
BF57D948
BF607692
BF695127
BF72695B
BF7BBF60
BF82A9A1
BF879272
BF8C9A03
BF91C01B
BF97046B
BF9C668E
BFA1E608
BFA78242
BFAD3A90
BFB30E2C
BFB8FC3A
BFBF03C7
BFC523CA
BFCB5B24
BFD1A8A4
BFD80B07
BFDE80FB
BFE5091E
BFEBA204
BFF24A38
BFF9003D
BFFFC293
C00347DB
C006B313
C00A2231
C00D9478
C0110931
C0147FA6
C017F72A
C01B6F16
C01EE6C9
C0225DAC
C025D330
C02946CF
C02CB80C
C0302674
C033919F
C036F92D
C03A5CC8
C03DBC23
C04116FD
C0446D1A
C047BE4A
C04B0A63
C04E5144
C05192D3
C054CEFC
C05805B2
C05B36EF
C05E62B0
C06188FA
C064A9D3
C067C548
C06ADB67
C06DEC43
C070F7F2
C073FE8A
C0770025
C079FCDE
C07CF4D2
C07FE81E
C0816B71
C082E09E
C08453A5
C085C498
C0873385
C088A07E
C08A0B91
C08B74CF
C08CDC47
C08E4209
C08FA623
C09108A4
C092699C
C093C917
C0952725
C09683D1
C097DF2A
C099393C
C09A9213
C09BE9BB
C09D4040
C09E95AC
C09FEA0B
C0A13D67
C0A28FCA
C0A3E13D
C0A531CB
C0A6817B
C0A7D057
C0A91E66
C0AA6BB2
C0ABB841
C0AD041B
C0AE4F47
C0AF99CC
C0B0E3B1
C0B22CFB
C0B375B1
C0B4BDD9
C0B60578
C0B74C94
C0B89332
C0B9D957
C0BB1F07
C0BC6448
C0BDA91D
C0BEED8A
C0C03195
C0C17540
C0C2B890
C0C3FB88
C0C53E2B
C0C6807D
C0C7C281
C0C90439
C0CA45AA
C0CB86D5
C0CCC7BE
C0CE0867
C0CF48D2
C0D08902
C0D1C8FA
C0D308BA
C0D44846
C0D587A0
C0D6C6C9
C0D805C3
C0D94490
C0DA8333
C0DBC1AB
C0DCFFFC
C0DE3E27
C0DF7C2C
C0E0BA0E
C0E1F7CE
C0E3356E
C0E472ED
C0E5B04F
C0E6ED93
C0E82ABB
C0E967C8
C0EAA4BB
C0EBE196
C0ED1E58
C0EE5B03
C0EF9798
C0F0D417
C0F21082
C0F34CDA
C0F4891E
C0F5C550
C0F70170
C0F83D80
C0F9797F
C0FAB56E
3D880304
3D839DCB
3D7E1E91
3D74AC01
3D6AE0D0
3D60B9CC
3D5633A6
3D4B4AF1
3D3FFC21
3D344389
3D281D5A
3D1B85A3
3D0E784D
3D00F11E
3CE5D769
3CC8C70A
3CAAA7B9
3C8B6FB7
3C5629DC
3C1319D2
3B9B3354
39B25E90
BB8A2316
BC126BE5
BC629508
BC9AD363
BCC5DDEF
BCF27801
BD1057F9
BD284A4D
BD411AAE
BD5AD113
BD7575BA
BD888896
BD96D620
BDA5A80D
BDB50317
BDC4EC26
BDD56848
BDE67CBA
BDF82EE8
BE054235
BE0EC184
BE18985E
BE22C9DA
BE2D5928
BE38498F
BE439E75
BE4F5B57
BE5B83D1
BE681B95
BE752675
BE81542E
BE8852A8
BE8F90BA
BE971081
BE9ED42A
BEA6DDEB
BEAF3008
BEB7CCD2
BEC0B6A3
BEC9EFDE
BED37AF0
BEDD5A4F
BEE79076
BEF21FE3
BEFD0B1A
BF042A4F
BF09FF79
BF100649
BF163FFB
BF1CADC7
BF2350DB
BF2A2A60
BF313B73
BF388525
BF40087A
BF47C662
BF4FBFBC
BF57F551
BF6067D1
BF6917D1
BF7205C9
BF7B3211
BF824E6E
BF87231D
BF8C1709
BF912A11
BF965BFF
BF9BAC83
BFA11B39
BFA6A7A4
BFAC512E
BFB21729
BFB7F8CE
BFBDF540
BFC40B89
BFCA3A9E
BFD0815D
BFD6DE92
BFDD50F6
BFE3D732
BFEA6FE0
BFF1198F
BFF7D2C5
BFFE99FD
C002B6D9
C006262E
C0099A37
C00D1233
C0108D61
C0140B04
C0178A66
C01B0AD3
C01E8BA2
C0220C2E
C0258BDD
C0290A1C
C02C8661
C030002E
C033770B
C036EA8E
C03A5A54
C03DC605
C0412D52
C0448FF7
C047EDB7
C04B4661
C04E99C8
C051E7CA
C055304D
C058733C
C05BB08A
C05EE82F
C0621A2A
C065467E
C0686D33
C06B8E54
C06EA9F1
C071C01D
C074D0EE
C077DC7C
C07AE2E1
C07DE439
C0807051
C081EC1D
C0836590
C084DCBB
C08651AE
C087C479
C089352D
C08AA3DB
C08C1092
C08D7B64
C08EE460
C0904B96
C091B117
C09314F0
C0947732
C095D7EB
C0973729
C09894FA
C099F16B
C09B4C8A
C09CA663
C09DFF03
C09F5676
C0A0ACC7
C0A20201
C0A3562F
C0A4A95C
C0A5FB91
C0A74CD8
C0A89D3B
C0A9ECC2
C0AB3B76
C0AC895F
C0ADD685
C0AF22F0
C0B06EA8
C0B1B9B3
C0B30418
C0B44DDD
C0B5970A
C0B6DFA3
C0B827B0
C0B96F34
C0BAB637
C0BBFCBC
C0BD42C9
C0BE8863
C0BFCD8D
C0C1124D
C0C256A6
C0C39A9E
C0C4DE36
C0C62174
C0C7645A
C0C8A6ED
C0C9E92E
C0CB2B23
C0CC6CCD
C0CDAE2F
C0CEEF4D
C0D03029
C0D170C5
C0D2B124
C0D3F148
C0D53134
C0D670EA
C0D7B06B
C0D8EFBB
C0DA2EDA
C0DB6DCB
C0DCAC90
C0DDEB29
C0DF299A
C0E067E3
C0E1A605
C0E2E404
C0E421DF
C0E55F98
C0E69D31
C0E7DAAA
C0E91806
C0EA5544
C0EB9266
C0ECCF6E
C0EE0C5C
C0EF4932
C0F085EF
C0F1C296
C0F2FF26
C0F43BA1
C0F57808
C0F6B45C
C0F7F09C
C0F92CCA
C0FA68E7
C0FBA4F3
C0FCE0EF
3D21112A
3D183AEA
3D0F119A
3D059239
3CF7735A
3CE3097D
3CCDE031
3CB7F090
3CA13372
3C89A171
3C6265C2
3C2FBF9F
3BF68009
3B89ABC9
3A46F966
BB3814C8
BBD536D0
BC2966AE
BC6A7B5A
BC96F73F
BCB9EAF6
BCDE241F
BD01D739
BD154B06
BD2973C1
BD3E57EA
BD53FE3F
BD6A6DBB
BD80D6CD
BD8CE2AB
BD995E5A
BDA64DDC
BDB3B55A
BDC19921
BDCFFDA7
BDDEE786
BDEE5B86
BDFE5E96
BE077AE9
BE101341
BE18FB0E
BE223524
BE2BC46D
BE35ABEE
BE3FEEC3
BE4A9023
BE559361
BE60FBE7
BE6CCD3D
BE790B05
BE82DC7F
BE896D80
BE903A80
BE974589
BE9E90AF
BEA61E18
BEADEFF3
BEB6087E
BEBE6A04
BEC716DB
BED01162
BED95C06
BEE2F93A
BEECEB7A
BEF73549
BF00EC97
BF066CDA
BF0C1CB2
BF11FD66
BF181038
BF1E5669
BF24D132
BF2B81CA
BF32695C
BF39890A
BF40E1E9
BF487502
BF50434A
BF584DA3
BF6094DC
BF6919A7
BF71DCA0
BF7ADE40
BF820F72
BF86CF61
BF8BAEF7
BF90AE29
BF95CCD7
BF9B0ACA
BFA067B5
BFA5E334
BFAB7CC9
BFB133DF
BFB707C5
BFBCF7B6
BFC302D1
BFC9281F
BFCF6693
BFD5BD08
BFDC2A46
BFE2AD03
BFE943E3
BFEFED7D
BFF6A859
BFFD72F7
C00225E8
C00598AA
C00910FA
C00C8E11
C0100F28
C013937B
C0171A4A
C01AA2D9
C01E2C73
C021B669
C0254013
C028C8D4
C02C5015
C02FD548
C03357EC
C036D788
C03A53AB
C03DCBF2
C0414002
C044AF89
C0481A41
C04B7FEC
C04EE055
C0523B50
C05590B9
C058E075
C05C2A6D
C05F6E94
C062ACE3
C065E557
C06917F3
C06C44BF
C06F6BC7
C0728D1B
C075A8CF
C078BEF9
C07BCFB1
C07EDB13
C080F09E
C0827124
C083EF2D
C0856AC8
C086E407
C0885AF9
C089CFB1
C08B423F
C08CB2B4
C08E2122
C08F8D99
C090F82A
C09260E5
C093C7DB
C0952D1B
C09690B5
C097F2B9
C0995334
C09AB236
C09C0FCC
C09D6C03
C09EC6EA
C0A0208D
C0A178F7
C0A2D036
C0A42655
C0A57B5E
C0A6CF5D
C0A8225C
C0A97465
C0AAC581
C0AC15BB
C0AD651A
C0AEB3A7
C0B0016B
C0B14E6D
C0B29AB6
C0B3E64C
C0B53137
C0B67B7D
C0B7C525
C0B90E34
C0BA56B2
C0BB9EA4
C0BCE60F
C0BE2CF9
C0BF7367
C0C0B95D
C0C1FEE0
C0C343F6
C0C488A1
C0C5CCE7
C0C710CC
C0C85452
C0C9977E
C0CADA54
C0CC1CD6
C0CD5F09
C0CEA0EE
C0CFE28A
C0D123DF
C0D264EF
C0D3A5BE
C0D4E64E
C0D626A1
C0D766BA
C0D8A69C
C0D9E647
C0DB25BE
C0DC6504
C0DDA41A
C0DEE302
C0E021BE
C0E16050
C0E29EB8
C0E3DCFA
C0E51B15
C0E6590C
C0E796E1
C0E8D493
C0EA1226
C0EB4F99
C0EC8CEF
C0EDCA27
C0EF0745
C0F04447
C0F18130
C0F2BE01
C0F3FABA
C0F5375C
C0F673E8
C0F7B05F
C0F8ECC2
C0FA2912
C0FB654F
C0FCA179
C0FDDD93
C0FF199C
3C411D10
3C1D941D
3BF179CD
3BA516B2
3B2BCBC3
38F35CA0
BB229AE7
BBA9869F
BC027D6E
BC31E402
BC63067E
BC8AFA72
BCA55FE4
BCC0BC2D
BCDD1832
BCFA7D2B
BD0C7A51
BD1C443F
BD2CA17F
BD3D975F
BD4F2B5F
BD616330
BD7444BA
BD83EB0D
BD8E0ED2
BD9890F3
BDA374D7
BDAEBE02
BDBA7019
BDC68EE3
BDD31E47
BDE02253
BDED9F37
BDFB994B
BE050A86
BE0C8B90
BE14522D
BE1C60D9
BE24BA28
BE2D60C4
BE36576F
BE3FA102
BE49406F
BE5338C0
BE5D8D1B
BE6840BD
BE735700
BE7ED358
BE855CAB
BE8B8651
BE91E883
BE988532
BE9F5E5D
BEA67613
BEADCE6F
BEB5699A
BEBD49CB
BEC57146
BECDE25A
BED69F65
BEDFAACD
BEE90705
BEF2B688
BEFCBBD9
BF038CC1
BF08E90A
BF0E740F
BF142F1B
BF1A1B77
BF203A6B
BF268D3B
BF2D1526
BF33D366
BF3AC92C
BF41F79D
BF495FD6
BF5102E0
BF58E1B7
BF60FD43
BF695655
BF71EDA6
BF7AC3D2
BF81ECAE
BF869750
BF8B61ED
BF904C90
BF955730
BF9A81AD
BF9FCBD3
BFA53556
BFAABDD0
BFB064C4
BFB6299D
BFBC0BAC
BFC20A27
BFC8242E
BFCE58C7
BFD4A6E4
BFDB0D5C
BFE18AF5
BFE81E60
BFEEC63E
BFF58120
BFFC4D8B
C00194FC
C0050A6C
C008864D
C00C07D3
C00F8E32
C01318A0
C016A656
C01A3690
C01DC88E
C0215B98
C024EEF9
C0288208
C02C1421
C02FA4AB
C0333316
C036BEDB
C03A477D
C03DCC8B
C0414D9D
C044CA56
C0484261
C04BB576
C04F2354
C0528BC6
C055EE9C
C0594BB3
C05CA2ED
C05FF433
C0633F78
C06684B2
C069C3E0
C06CFD04
C0703026
C0735D52
C0768499
C079A60E
C07CC1C9
C07FD7E2
C081743B
C082F9D1
C0847CC3
C085FD20
C0877AFB
C088F663
C08A6F6B
C08BE624
C08D5AA0
C08ECCF1
C0903D27
C091AB55
C093178C
C09481DD
C095EA58
C097510E
C098B610
C09A196C
C09B7B32
C09CDB71
C09E3A38
C09F9795
C0A0F394
C0A24E44
C0A3A7B2
C0A4FFE9
C0A656F6
C0A7ACE3
C0A901BE
C0AA558F
C0ABA861
C0ACFA40
C0AE4B33
C0AF9B44
C0B0EA7C
C0B238E4
C0B38684
C0B4D364
C0B61F8C
C0B76B02
C0B8B5CD
C0B9FFF5
C0BB4980
C0BC9275
C0BDDAD8
C0BF22B0
C0C06A03
C0C1B0D5
C0C2F72B
C0C43D0C
C0C5827A
C0C6C77B
C0C80C13
C0C95046
C0CA9418
C0CBD78E
C0CD1AA9
C0CE5D6F
C0CF9FE2
C0D0E205
C0D223DD
C0D3656A
C0D4A6B2
C0D5E7B6
C0D72878
C0D868FD
C0D9A945
C0DAE953
C0DC2929
C0DD68CB
C0DEA839
C0DFE775
C0E12682
C0E26562
C0E3A415
C0E4E29F
C0E62100
C0E75F3A
C0E89D4E
C0E9DB3F
C0EB190C
C0EC56B9
C0ED9445
C0EED1B3
C0F00F03
C0F14C36
C0F2894E
C0F3C64C
C0F50330
C0F63FFC
C0F77CB0
C0F8B94E
C0F9F5D6
C0FB324A
C0FC6EA9
C0FDAAF5
C0FEE72E
C10011AB
C100AFB6
BC849B2F
BC9677F6
BCA8FCE2
BCBC3008
BCD017B5
BCE4BA6E
BCFA1EF7
BD082628
BD13A4DD
BD1F8F5B
BD2BE988
BD38B76A
BD45FD30
BD53BF2D
BD6201DC
BD70C9E1
BD800E07
BD87FEAD
BD90397A
BD98C119
BDA1984F
BDAAC1FC
BDB44119
BDBE18B9
BDC84C0F
BDD2DE68
BDDDD331
BDE92DF5
BDF4F263
BE009223
BE06E3C9
BE0D702D
BE14396D
BE1B41B8
BE228B52
BE2A1893
BE31EBEA
BE3A07D9
BE426EF8
BE4B23FA
BE5429A4
BE5D82D7
BE67328B
BE713BD3
BE7BA1D9
BE8333F3
BE88C8AC
BE8E90D6
BE948E3E
BE9AC2BE
BEA1303E
BEA7D8B3
BEAEBE24
BEB5E2A2
BEBD4850
BEC4F15B
BECCE000
BED51689
BEDD974D
BEE664AF
BEEF811C
BEF8EF0E
BF015884
BF0664C9
BF0B9DA1
BF110456
BF169A36
BF1C608E
BF2258AD
BF2883DE
BF2EE36B
BF357897
BF3C44A0
BF4348BC
BF4A8616
BF51FDCD
BF59B0F2
BF61A084
BF69CD70
BF72388C
BF7AE295
BF81E616
BF867AEC
BF8B2FFD
BF900569
BF94FB3C
BF9A116E
BF9F47E3
BFA49E66
BFAA14AB
BFAFAA50
BFB55ED6
BFBB31A8
BFC12216
BFC72F57
BFCD5888
BFD39CB0
BFD9FABB
BFE07181
BFE6FFC3
BFEDA42E
BFF45D61
BFFB29E6
C001041F
C0047B6E
C007FA17
C00B7F4B
C00F0A3E
C0129A1F
C0162E20
C019C578
C01D5F5C
C020FB0B
C02497C6
C02834D8
C02BD190
C02F6D49
C0330765
C0369F50
C03A347F
C03DC673
C04154B6
C044DEDE
C048648B
C04BE565
C04F6122
C052D77E
C0564842
C059B33E
C05D184C
C060774B
C063D027
C06722CF
C06A6F39
C06DB564
C070F552
C0742F0A
C0776299
C07A9010
C07DB783
C0806C84
C081FA5E
C083855C
C0850D8E
C0869305
C08815D0
C0899602
C08B13AC
C08C8EE0
C08E07B0
C08F7E2F
C090F26F
C0926481
C093D479
C0954268
C096AE5F
C0981871
C09980AD
C09AE725
C09C4BE9
C09DAF08
C09F1093
C0A07098
C0A1CF25
C0A32C4A
C0A48813
C0A5E28E
C0A73BC8
C0A893CD
C0A9EAA9
C0AB4067
C0AC9514
C0ADE8B9
C0AF3B61
C0B08D15
C0B1DDE0
C0B32DCB
C0B47CDE
C0B5CB22
C0B718A0
C0B8655E
C0B9B165
C0BAFCBC
C0BC476A
C0BD9175
C0BEDAE5
C0C023BE
C0C16C08
C0C2B3C7
C0C3FB02
C0C541BD
C0C687FE
C0C7CDC9
C0C91323
C0CA5811
C0CB9C96
C0CCE0B7
C0CE2478
C0CF67DC
C0D0AAE8
C0D1ED9E
C0D33002
C0D47217
C0D5B3E1
C0D6F561
C0D8369C
C0D97794
C0DAB84B
C0DBF8C3
C0DD3901
C0DE7904
C0DFB8D1
C0E0F869
C0E237CD
C0E37701
C0E4B605
C0E5F4DD
C0E73388
C0E8720A
C0E9B064
C0EAEE97
C0EC2CA4
C0ED6A8E
C0EEA856
C0EFE5FC
C0F12383
C0F260EB
C0F39E35
C0F4DB63
C0F61876
C0F7556F
C0F8924F
C0F9CF16
C0FB0BC7
C0FC4860
C0FD84E5
C0FEC154
C0FFFDB0
C1009CFC
C1013B17
C101D929
BD36A2AA
BD3F9D59
BD48EC9E
BD529387
BD5C9542
BD66F518
BD71B66F
BD7CDCCE
BD8435EE
BD8A33B1
BD9069A6
BD96D9D5
BD9D8657
BDA4715C
BDAB9D24
BDB30C07
BDBAC071
BDC2BCE5
BDCB03FC
BDD39868
BDDC7CF5
BDE5B486
BDEF421B
BDF928CF
BE01B5EC
BE070747
BE0C8A30
BE124072
BE182BE8
BE1E4E7C
BE24AA2A
BE2B4102
BE321525
BE3928C7
BE407E32
BE4817C4
BE4FF7EE
BE582139
BE609644
BE6959C5
BE726E8B
BE7BD77B
BE82CBCB
BE87D8F9
BE8D14E3
BE92812E
BE981F91
BE9DF1CC
BEA3F9B0
BEAA391C
BEB0B1FD
BEB7664F
BEBE581A
BEC58977
BECCFC8D
BED4B391
BEDCB0C4
BEE4F676
BEED8705
BEF664DB
BEFF926B
BF04891C
BF097364
BF0E8958
BF13CC45
BF193D7A
BF1EDE48
BF24B003
BF2AB3FB
BF30EB82
BF3757E4
BF3DFA6B
BF44D459
BF4BE6E9
BF53334B
BF5ABAA2
BF627E05
BF6A7E78
BF72BCED
BF7B3A3D
BF81FB96
BF867A30
BF8B1931
BF8FD8CC
BF94B924
BF99BA46
BF9EDC2D
BFA41EBC
BFA981C2
BFAF04F3
BFB4A7ED
BFBA6A33
BFC04B2F
BFC64A31
BFCC6670
BFD29F07
BFD8F2FC
BFDF6138
BFE5E892
BFEC87C7
BFF33D81
BFFA085B
C000736D
C003EBBD
C0076C55
C00AF468
C00E8325
C01217BB
C015B156
C0194F26
C01CF05B
C0209429
C02439C9
C027E079
C02B877E
C02F2E26
C032D3C6
C03677BB
C03A196F
C03DB853
C04153E3
C044EBA8
C0487F32
C04C0E1F
C04F9815
C0531CC5
C0569BEC
C05A154F
C05D88BB
C060F609
C0645D19
C067BDD3
C06B1825
C06E6C06
C071B974
C075006F
C0784100
C07B7B34
C07EAF1A
C080EE64
C082822A
C08412EE
C085A0BD
C0872BA7
C088B3BD
C08A3911
C08BBBB3
C08D3BB7
C08EB92E
C090342C
C091ACC4
C0932308
C094970B
C09608E0
C097789A
C098E64A
C09A5203
C09BBBD5
C09D23D4
C09E8A0F
C09FEE96
C0A1517A
C0A2B2CA
C0A41296
C0A570EC
C0A6CDDA
C0A8296E
C0A983B6
C0AADCBD
C0AC3492
C0AD8B3F
C0AEE0D0
C0B03550
C0B188CA
C0B2DB49
C0B42CD5
C0B57D7A
C0B6CD3F
C0B81C2E
C0B96A50
C0BAB7AC
C0BC044A
C0BD5032
C0BE9B6B
C0BFE5FC
C0C12FEC
C0C27941
C0C3C201
C0C50A31
C0C651D9
C0C798FD
C0C8DFA2
C0CA25CE
C0CB6B84
C0CCB0CB
C0CDF5A6
C0CF3A19
C0D07E28
C0D1C1D8
C0D3052D
C0D44829
C0D58AD0
C0D6CD26
C0D80F2D
C0D950E9
C0DA925D
C0DBD38C
C0DD1478
C0DE5523
C0DF9591
C0E0D5C4
C0E215BE
C0E35580
C0E4950F
C0E5D46A
C0E71395
C0E85292
C0E99161
C0EAD005
C0EC0E80
C0ED4CD2
C0EE8AFE
C0EFC905
C0F106E9
C0F244AA
C0F3824B
C0F4BFCC
C0F5FD2E
C0F73A74
C0F8779D
C0F9B4AB
C0FAF1A0
C0FC2E7B
C0FD6B3E
C0FEA7EA
C0FFE480
C1009080
C1012EB6
C101CCE2
C1026B05
C103091E
BD96564C
BD9AD9DA
BD9F87F4
BDA46225
BDA96A06
BDAEA13F
BDB40986
BDB9A4A2
BDBF7469
BDC57AC4
BDCBB9AC
BDD2332D
BDD8E964
BDDFDE84
BDE714D4
BDEE8EAE
BDF64E84
BDFE56DC
BE03552B
BE07A5D5
BE0C1ED4
BE10C19C
BE158FB1
BE1A8AA3
BE1FB410
BE250DA7
BE2A9925
BE305857
BE364D1C
BE3C7962
BE42DF2A
BE498087
BE505F9F
BE577EAC
BE5EDFFC
BE6685F0
BE6E7302
BE76A9BE
BE7F2CCA
BE83FF71
BE88916D
BE8D4DD0
BE92361C
BE974BE2
BE9C90BF
BEA2065D
BEA7AE76
BEAD8AD0
BEB39D40
BEB9E7A8
BEC06BFB
BEC72C38
BECE2A70
BED568BE
BEDCE94F
BEE4AE5E
BEECBA33
BEF50F25
BEFDAF95
BF034EFB
BF07EE61
BF0CB741
BF11AAE2
BF16CA93
BF1C17A4
BF219369
BF273F36
BF2D1C64
BF332C48
BF397037
BF3FE984
BF46997D
BF4D8167
BF54A284
BF5BFE08
BF63951C
BF6B68DB
BF737A4F
BF7BCA6E
BF822D0C
BF86950A
BF8B1D87
BF8FC6C9
BF949107
BF997C64
BF9E88F2
BFA3B6AB
BFA90575
BFAE7520
BFB40562
BFB9B5D8
BFBF8608
BFC5755B
BFCB8321
BFD1AE90
BFD7F6C5
BFDE5AC0
BFE4D96D
BFEB719C
BFF2220A
BFF8E95F
BFFFC62D
C0035B7D
C006DD1E
C00A672C
C00DF8DA
C0119152
C0152FBF
C018D34D
C01C7B24
C0202672
C023D468
C0278438
C02B351F
C02EE65C
C0329738
C0364705
C039F51D
C03DA0E3
C04149C6
C044EF3F
C04890D1
C04C2E0A
C04FC684
C05359E3
C056E7D5
C05A7014
C05DF262
C0616E8C
C064E467
C06853D2
C06BBCB4
C06F1EFB
C0727A9C
C075CF93
C0791DE2
C07C6590
C07FA6AB
C08170A1
C0830AB5
C084A19F
C086356B
C087C628
C08953E7
C08ADEB9
C08C66AF
C08DEBDC
C08F6E52
C090EE26
C0926B69
C093E630
C0955E8E
C096D497
C098485E
C099B9F6
C09B2972
C09C96E4
C09E025F
C09F6BF5
C0A0D3B6
C0A239B5
C0A39E01
C0A500AB
C0A661C3
C0A7C157
C0A91F77
C0AA7C30
C0ABD791
C0AD31A6
C0AE8A7E
C0AFE223
C0B138A2
C0B28E07
C0B3E25C
C0B535AD
C0B68804
C0B7D96A
C0B929E9
C0BA798A
C0BBC857
C0BD1657
C0BE6393
C0BFB012
C0C0FBDC
C0C246F8
C0C3916D
C0C4DB42
C0C6247D
C0C76D24
C0C8B53E
C0C9FCCE
C0CB43DC
C0CC8A6C
C0CDD083
C0CF1626
C0D05B5A
C0D1A022
C0D2E484
C0D42883
C0D56C23
C0D6AF68
C0D7F255
C0D934EE
C0DA7736
C0DBB930
C0DCFADF
C0DE3C47
C0DF7D6A
C0E0BE4A
C0E1FEEB
C0E33F4E
C0E47F77
C0E5BF67
C0E6FF21
C0E83EA6
C0E97DF9
C0EABD1C
C0EBFC10
C0ED3AD8
C0EE7974
C0EFB7E8
C0F0F634
C0F23459
C0F3725A
C0F4B038
C0F5EDF3
C0F72B8E
C0F8690A
C0F9A667
C0FAE3A8
C0FC20CC
C0FD5DD6
C0FE9AC6
C0FFD79C
C1008A2E
C1012882
C101C6CB
C1026509
C103033D
C103A168
C1043F89
BDD22FC2
BDD6B992
BDDB6E32
BDE04F2D
BDE55E20
BDEA9CB6
BDF00CA7
BDF5AFBF
BDFB87D6
BE00CB6C
BE03EF62
BE0730D4
BE0A90D3
BE0E107A
BE11B0EE
BE157360
BE19590A
BE1D6333
BE21932C
BE25EA54
BE2A6A15
BE2F13E8
BE33E952
BE38EBE6
BE3E1D48
BE437F27
BE491346
BE4EDB74
BE54D995
BE5B0F9A
BE617F89
BE682B79
BE6F1595
BE76401B
BE7DAD5D
BE82AFE2
BE86ACE6
BE8ACF05
BE8F1794
BE9387F3
BE982191
BE9CE5E7
BEA1D67C
BEA6F4E2
BEAC42BC
BEB1C1B8
BEB77392
BEBD5A15
BEC3771B
BEC9CC8B
BED05C5C
BED72892
BEDE3342
BEE57E8E
BEED0CA9
BEF4DFD3
BEFCFA59
BF02AF4C
BF07077D
BF0B86FC
BF102F09
BF1500EC
BF19FDF1
BF1F2769
BF247EA9
BF2A0509
BF2FBBE3
BF35A491
BF3BC06F
BF4210D7
BF48971F
BF4F5499
BF564A93
BF5D7A50
BF64E50B
BF6C8BF3
BF747026
BF7C92B5
BF827A4D
BF86CB5E
BF8B3CF3
BF8FCF65
BF9482FC
BF9957F1
BF9E4E6A
BFA3667B
BFA8A020
BFADFB41
BFB377AF
BFB91521
BFBED338
BFC4B177
BFCAAF49
BFD0CBFF
BFD706CE
BFDD5ED2
BFE3D30A
BFEA6260
BFF10BA3
BFF7CD8C
BFFEA6C0
C002CAE7
C0064C9C
C009D7B6
C00D6B68
C01106DE
C014A942
C01851BB
C01BFF6F
C01FB186
C0236728
C0271F81
C02AD9C1
C02E951F
C03250D6
C0360C2C
C039C66C
C03D7EEE
C0413510
C044E83D
C04897EA
C04C4395
C04FEACB
C0538D21
C0572A37
C05AC1BA
C05E535F
C061DEE7
C065641C
C068E2D2
C06C5AE6
C06FCC3D
C07336C3
C0769A6E
C079F738
C07D4D23
C0804E1B
C081F23E
C0839304
C0853077
C086CAA4
C0886197
C089F562
C08B8613
C08D13BD
C08E9E72
C0902645
C091AB48
C0932D91
C094AD32
C0962A40
C097A4CF
C0991CF4
C09A92C1
C09C064C
C09D77A7
C09EE6E6
C0A0541B
C0A1BF59
C0A328B3
C0A49039
C0A5F5FD
C0A75A10
C0A8BC81
C0AA1D62
C0AB7CC0
C0ACDAAB
C0AE3731
C0AF9260
C0B0EC45
C0B244ED
C0B39C64
C0B4F2B7
C0B647F1
C0B79C1D
C0B8EF46
C0BA4176
C0BB92B7
C0BCE312
C0BE3291
C0BF813C
C0C0CF1C
C0C21C38
C0C36899
C0C4B447
C0C5FF47
C0C749A2
C0C8935D
C0C9DC7F
C0CB250E
C0CC6D10
C0CDB48B
C0CEFB84
C0D041FF
C0D18803
C0D2CD93
C0D412B4
C0D5576B
C0D69BBC
C0D7DFAB
C0D9233B
C0DA6671
C0DBA950
C0DCEBDB
C0DE2E16
C0DF7003
C0E0B1A6
C0E1F302
C0E3341A
C0E474EF
C0E5B586
C0E6F5DF
C0E835FE
C0E975E5
C0EAB595
C0EBF512
C0ED345D
C0EE7378
C0EFB264
C0F0F125
C0F22FBA
C0F36E27
C0F4AC6C
C0F5EA8B
C0F72886
C0F8665E
C0F9A414
C0FAE1A9
C0FC1F20
C0FD5C78
C0FE99B4
C0FFD6D4
C10089EC
C1012862
C101C6CC
C1026529
C103037B
C103A1C3
C1043FFF
C104DE32
C1057C5A
BE076BC4
BE09B3D4
BE0C116B
BE0E8554
BE11105C
BE13B35B
BE166F2F
BE1944BE
BE1C34F8
BE1F40D4
BE226952
BE25AF7B
BE291464
BE2C9929
BE303EF1
BE3406EF
BE37F260
BE3C028C
BE4038C8
BE449675
BE491D01
BE4DCDE6
BE52AAAE
BE57B4ED
BE5CEE4B
BE62587C
BE67F544
BE6DC677
BE73CDFD
BE7A0DCA
BE8043F5
BE839F3B
BE8719D0
BE8AB4D4
BE8E7174
BE9250E6
BE96546B
BE9A7D4F
BE9ECCEC
BEA344A5
BEA7E5EB
BEACB23A
BEB1AB1D
BEB6D22B
BEBC2908
BEC1B167
BEC76D09
BECD5DBD
BED38561
BED9E5E0
BEE08135
BEE7596C
BEEE709D
BEF5C8F1
BEFD649E
BF02A2F5
BF06B796
BF0AF162
BF0F5192
BF13D964
BF188A1E
BF1D650B
BF226B7A
BF279EC1
BF2D0038
BF32913B
BF38532A
BF3E4762
BF446F44
BF4ACC2E
BF515F7C
BF582A86
BF5F2E9C
BF666D08
BF6DE70A
BF759DD6
BF7D9291
BF82E328
BF871D09
BF8B7761
BF8FF29A
BF948F0F
BF994D0A
BF9E2CC7
BFA32E6F
BFA85216
BFAD97BD
BFB2FF4C
BFB88897
BFBE3356
BFC3FF2B
BFC9EB9A
BFCFF810
BFD623DD
BFDC6E36
BFE2D635
BFE95ADC
BFEFFB0F
BFF6B59E
BFFD893F
C0023A4A
C005BB14
C009463B
C00CDAF6
C0107875
C0141DE0
C017CA5E
C01B7D14
C01F3524
C022F1B0
C026B1DE
C02A74D5
C02E39C2
C031FFD6
C035C64A
C0398C5C
C03D5156
C0411489
C044D550
C0489311
C04C4D3E
C0500350
C053B4D1
C0576151
C05B086E
C05EA9D0
C062452B
C065DA3D
C06968CD
C06CF0AE
C07071B9
C073EBD2
C0775EE5
C07ACAE6
C07E2FCE
C080C6CF
C082722F
C0841A0C
C085BE70
C0875F63
C088FCF4
C08A9731
C08C2E28
C08DC1EA
C08F528B
C090E01B
C0926AAF
C093F25B
C0957733
C096F94C
C09878BA
C099F592
C09B6FE9
C09CE7D3
C09E5D66
C09FD0B4
C0A141D3
C0A2B0D6
C0A41DCF
C0A588D1
C0A6F1F0
C0A8593C
C0A9BEC6
C0AB22A1
C0AC84DB
C0ADE586
C0AF44B0
C0B0A267
C0B1FEBB
C0B359BA
C0B4B370
C0B60BEA
C0B76336
C0B8B95E
C0BA0E6F
C0BB6273
C0BCB575
C0BE077F
C0BF589C
C0C0A8D5
C0C1F832
C0C346BD
C0C4947D
C0C5E17C
C0C72DC0
C0C87952
C0C9C437
C0CB0E78
C0CC581B
C0CDA125
C0CEE99D
C0D03189
C0D178EF
C0D2BFD3
C0D4063B
C0D54C2B
C0D691A9
C0D7D6B9
C0D91B5F
C0DA5FA0
C0DBA37F
C0DCE701
C0DE2A28
C0DF6CF9
C0E0AF77
C0E1F1A5
C0E33386
C0E4751D
C0E5B66E
C0E6F77B
C0E83846
C0E978D2
C0EAB922
C0EBF937
C0ED3915
C0EE78BD
C0EFB831
C0F0F774
C0F23687
C0F3756D
C0F4B426
C0F5F2B5
C0F7311B
C0F86F59
C0F9AD73
C0FAEB68
C0FC293A
C0FD66EA
C0FEA47B
C0FFE1EC
C1008FA0
C1012E3B
C101CCC9
C1026B4A
C10309BD
C103A825
C1044681
C104E4D1
C1058316
C1062151
C106BF82
BE2623A1
BE286EDC
BE2ACFC0
BE2D4717
BE2FD5B2
BE327C69
BE353C1C
BE3815B4
BE3B0A20
BE3E1A5B
BE414765
BE44924B
BE47FC23
BE4B860A
BE4F312A
BE52FEB9
BE56EFF6
BE5B062B
BE5F42AF
BE63A6E7
BE683442
BE6CEC3F
BE71D069
BE76E259
BE7C23B9
BE80CB20
BE839DDB
BE868AFA
BE899372
BE8CB840
BE8FFA6A
BE935B02
BE96DB20
BE9A7BE8
BE9E3E8A
BEA2243D
BEA62E45
BEAA5DF3
BEAEB4A1
BEB333B6
BEB7DCA6
BEBCB0F2
BEC1B226
BEC6E1DE
BECC41C2
BED1D388
BED798F5
BEDD93DD
BEE3C621
BEEA31B2
BEF0D891
BEF7BCCC
BEFEE082
BF0322F0
BF06F792
BF0AEF4C
BF0F0B4D
BF134CC7
BF17B4F8
BF1C4521
BF20FE8B
BF25E284
BF2AF261
BF302F7A
BF359B2C
BF3B36D7
BF4103DE
BF4703A6
BF4D3791
BF53A104
BF5A4160
BF6119FF
BF682C3A
BF6F795F
BF7702B2
BF7EC96E
BF83675E
BF8789DC
BF8BCCB3
BF90305C
BF94B543
BF995BC4
BF9E242F
BFA30EC2
BFA81BA6
BFAD4AF4
BFB29CAE
BFB810BF
BFBDA6FC
BFC35F20
BFC938CC
BFCF3388
BFD54EC1
BFDB89C6
BFE1E3CD
BFE85BF1
BFEEF131
BFF5A271
BFFC6E80
C001AA08
C00528E0
C008B30C
C00C47C9
C00FE64A
C0138DBC
C0173D46
C01AF40B
C01EB12C
C02273C8
C0263AFE
C02A05EF
C02DD3BE
C031A393
C035749C
C039460B
C03D171D
C040E715
C044B540
C04880F4
C04C4994
C0500E8B
C053CF52
C0578B6A
C05B4263
C05EF3D7
C0629F69
C06644CB
C069E3B8
C06D7BF4
C0710D4E
C07497A1
C0781ACD
C07B96BC
C07F0B61
C0813C5A
C082EF5B
C0849EB7
C0864A72
C087F297
C089972F
C08B3846
C08CD5ED
C08E7031
C0900725
C0919ADA
C0932B64
C094B8D8
C0964348
C097CACB
C0994F75
C09AD15C
C09C5096
C09DCD37
C09F4756
C0A0BF06
C0A2345E
C0A3A771
C0A51855
C0A6871C
C0A7F3DA
C0A95EA2
C0AAC786
C0AC2E99
C0AD93EC
C0AEF790
C0B05995
C0B1BA0B
C0B31901
C0B47687
C0B5D2AB
C0B72D7B
C0B88703
C0B9DF51
C0BB3672
C0BC8C71
C0BDE15A
C0BF3537
C0C08814
C0C1D9FB
C0C32AF5
C0C47B0C
C0C5CA48
C0C718B4
C0C86657
C0C9B338
C0CAFF61
C0CC4AD7
C0CD95A3
C0CEDFCB
C0D02956
C0D17249
C0D2BAAB
C0D40282
C0D549D3
C0D690A3
C0D7D6F8
C0D91CD7
C0DA6243
C0DBA742
C0DCEBD8
C0DE3009
C0DF73DA
C0E0B74D
C0E1FA66
C0E33D2A
C0E47F9B
C0E5C1BC
C0E70392
C0E8451E
C0E98664
C0EAC766
C0EC0827
C0ED48A9
C0EE88EF
C0EFC8FC
C0F108D1
C0F24871
C0F387DD
C0F4C719
C0F60624
C0F74502
C0F883B5
C0F9C23D
C0FB009D
C0FC3ED6
C0FD7CE9
C0FEBAD8
C0FFF8A5
C1009B28
C10139EE
C101D8A4
C102774C
C10315E5
C103B471
C10452EF
C104F161
C1058FC6
C1062E20
C106CC6F
C1076AB3
C10808EC
BE453C36
BE478A9E
BE49EED0
BE4C6999
BE4EFBC9
BE51A63B
BE5469D1
BE574773
BE5A4015
BE5D54B1
BE60864B
BE63D5F0
BE6744B8
BE6AD3C4
BE6E8440
BE725763
BE764E6D
BE7A6AAD
BE7EAD7C
BE818C21
BE83D637
BE8635C3
BE88AB8A
BE8B385B
BE8DDD0D
BE909A7D
BE937191
BE966336
BE997064
BE9C9A19
BE9FE160
BEA34749
BEA6CCF1
BEAA737F
BEAE3C22
BEB22816
BEB638A3
BEBA6F1A
BEBECCD9
BEC3534B
BEC803E6
BECCE02E
BED1E9B3
BED72215
BEDC8AFF
BEE2262B
BEE7F563
BEEDFA7E
BEF43763
BEFAAE06
BF00B036
BF042855
BF07C072
BF0B79A7
BF0F5513
BF1353E1
BF177741
BF1BC06A
BF20309B
BF24C91A
BF298B33
BF2E7839
BF339183
BF38D86E
BF3E4E5B
BF43F4AF
BF49CCD0
BF4FD827
BF56181E
BF5C8E1B
BF633B85
BF6A21BE
BF714221
BF789E02
BF801B56
BF8406AE
BF8811A3
BF8C3CC3
BF908895
BF94F593
BF99842D
BF9E34C3
BFA307A6
BFA7FD16
BFAD1541
BFB25041
BFB7AE1B
BFBD2EBD
BFC2D1FD
BFC89797
BFCE7F30
BFD48850
BFDAB265
BFE0FCBE
BFE76694
BFEDEEFE
BFF494FE
BFFB5775
C0011A98
C0049670
C0081E91
C00BB23D
C00F50AF
C012F918
C016AAA2
C01A6471
C01E25A7
C021ED5F
C025BAB6
C0298CC7
C02D62AF
C0313B8D
C0351684
C038F2BD
C03CCF67
C040ABB9
C04486F2
C048605B
C04C3744
C0500B0C
C053DB19
C057A6E0
C05B6DDF
C05F2FA0
C062EBBA
C066A1CD
C06A5187
C06DFAA0
C0719CD9
C0753800
C078CBEC
C07C587B
C07FDD97
C081AD98
C083689E
C0851FDF
C086D35D
C088831D
C08A2F27
C08BD787
C08D7C49
C08F1D7C
C090BB2F
C0925575
C093EC60
C0958003
C0971074
C0989DC6
C09A2810
C09BAF68
C09D33E3
C09EB597
C0A0349C
C0A1B106
C0A32AEC
C0A4A263
C0A61780
C0A78A59
C0A8FB01
C0AA698E
C0ABD612
C0AD40A0
C0AEA94C
C0B01028
C0B17544
C0B2D8B2
C0B43A83
C0B59AC6
C0B6F98B
C0B856E1
C0B9B2D6
C0BB0D78
C0BC66D4
C0BDBEF8
C0BF15EF
C0C06BC6
C0C1C088
C0C31440
C0C466F9
C0C5B8BD
C0C70995
C0C8598C
C0C9A8AA
C0CAF6F7
C0CC447D
C0CD9143
C0CEDD50
C0D028AD
C0D17360
C0D2BD70
C0D406E3
C0D54FC1
C0D6980D
C0D7DFD0
C0D9270D
C0DA6DCA
C0DBB40D
C0DCF9DA
C0DE3F36
C0DF8425
C0E0C8AB
C0E20CCD
C0E3508F
C0E493F4
C0E5D700
C0E719B7
C0E85C1C
C0E99E32
C0EADFFC
C0EC217D
C0ED62B8
C0EEA3B0
C0EFE467
C0F124E0
C0F2651E
C0F3A522
C0F4E4EF
C0F62486
C0F763EB
C0F8A31F
C0F9E224
C0FB20FB
C0FC5FA7
C0FD9E29
C0FEDC82
C1000D5B
C100AC62
C1014B57
C101EA3A
C102890E
C10327D1
C103C685
C104652A
C10503C1
C105A24B
C10640C7
C106DF37
C1077D9B
C1081BF3
C108BA40
C1095882
BE64B230
BE6703C6
BE696B49
BE6BE984
BE6E7F4B
BE712D79
BE73F4F2
BE76D6A0
BE79D378
BE7CEC76
BE801150
BE81BB83
BE837560
BE853F79
BE871A64
BE8906BF
BE8B052C
BE8D1651
BE8F3ADE
BE917387
BE93C107
BE96241F
BE989D98
BE9B2E43
BE9DD6F6
BEA09892
BEA373FD
BEA66A28
BEA97C0B
BEACAAA7
BEAFF708
BEB36242
BEB6ED73
BEBA99C3
BEBE6867
BEC25A9B
BEC671AA
BECAAEE8
BECF13B6
BED3A182
BED859C5
BEDD3E06
BEE24FDA
BEE790E2
BEED02CE
BEF2A75E
BEF8805C
BEFE8FA6
BF026B93
BF05AC6B
BF090B60
BF0C897F
BF1027DB
BF13E791
BF17C9C5
BF1BCFA4
BF1FFA60
BF244B34
BF28C362
BF2D6434
BF322EF9
BF372508
BF3C47BC
BF419875
BF47189A
BF4CC992
BF52ACC9
BF58C3AD
BF5F0FAC
BF659231
BF6C4CA7
BF734076
BF7A6EFF
BF80ECCD
BF84C0CD
BF88B420
BF8CC761
BF90FB24
BF954FF2
BF99C648
BF9E5E98
BFA31945
BFA7F6A3
BFACF6F6
BFB21A6F
BFB76129
BFBCCB2B
BFC25868
BFC808B6
BFCDDBD5
BFD3D16A
BFD9E900
BFE02204
BFE67BCA
BFECF587
BFF38E55
BFFA4534
C0008C83
C004044A
C0078948
C00B1ACA
C00EB810
C0126053
C01612C2
C019CE85
C01D92BE
C0215E8B
C0253104
C0290942
C02CE65D
C030C76E
C034AB8E
C03891DE
C03C7982
C04061A4
C0444976
C0483032
C04C151C
C04FF780
C053D6B8
C057B226
C05B8939
C05F5B6C
C0632844
C066EF54
C06AB039
C06E6A9D
C0721E34
C075CABD
C0797004
C07D0DDB
C0805210
C082195D
C083DCCC
C0859C58
C0875800
C0890FC7
C08AC3B2
C08C73C8
C08E2016
C08FC8A7
C0916D8A
C0930ECF
C094AC89
C09646CA
C097DDA7
C0997133
C09B0186
C09C8EB5
C09E18D6
C09FA001
C0A1244B
C0A2A5CD
C0A4249C
C0A5A0CE
C0A71A7C
C0A891B9
C0AA069D
C0AB793C
C0ACE9AA
C0AE57FD
C0AFC448
C0B12E9F
C0B29714
C0B3FDB9
C0B562A0
C0B6C5DA
C0B82778
C0B9878A
C0BAE61F
C0BC4346
C0BD9F0D
C0BEF983
C0C052B5
C0C1AAAF
C0C3017F
C0C4572F
C0C5ABCC
C0C6FF60
C0C851F6
C0C9A398
C0CAF450
C0CC4427
C0CD9327
C0CEE158
C0D02EC1
C0D17B6C
C0D2C760
C0D412A4
C0D55D3F
C0D6A738
C0D7F095
C0D9395D
C0DA8195
C0DBC944
C0DD106E
C0DE5719
C0DF9D4A
C0E0E306
C0E22852
C0E36D31
C0E4B1A8
C0E5F5BC
C0E73970
C0E87CC8
C0E9BFC7
C0EB0272
C0EC44CB
C0ED86D5
C0EEC894
C0F00A0B
C0F14B3C
C0F28C2A
C0F3CCD8
C0F50D48
C0F64D7D
C0F78D78
C0F8CD3D
C0FA0CCD
C0FB4C2B
C0FC8B57
C0FDCA55
C0FF0926
C10023E6
C100C324
C101624E
C1020164
C102A068
C1033F5B
C103DE3C
C1047D0D
C1051BCE
C105BA80
C1065923
C106F7B8
C1079640
C10834BA
C108D328
C109718A
C10A0FE1
C10AAE2C
BE82411A
BE836B7C
BE84A0E5
BE85E1BC
BE872E6A
BE88875F
BE89ED0D
BE8B5FEA
BE8CE070
BE8E6F20
BE900C7D
BE91B90F
BE937564
BE95420F
BE971FA8
BE990ECC
BE9B101E
BE9D2449
BE9F4BFA
BEA187E8
BEA3D8CF
BEA63F72
BEA8BC9C
BEAB511D
BEADFDD0
BEB0C395
BEB3A356
BEB69E04
BEB9B499
BEBCE81A
BEC03992
BEC3AA19
BEC73ACF
BECAECE0
BECEC17F
BED2B9F0
BED6D77C
BEDB1B7C
BEDF8754
BEE41C75
BEE8DC5A
BEEDC88E
BEF2E2AA
BEF82C52
BEFDA73B
BF01AA93
BF049BF2
BF07A8AA
BF0AD1B4
BF0E180E
BF117CC0
BF1500D9
BF18A56F
BF1C6BA3
BF20549A
BF246183
BF289395
BF2CEC0E
BF316C33
BF361552
BF3AE8BD
BF3FE7CE
BF4513E4
BF4A6E65
BF4FF8BA
BF55B44F
BF5BA295
BF61C4FF
BF681CFD
BF6EAC02
BF75737D
BF7C74DB
BF81D8C1
BF859569
BF89710F
BF8D6C5A
BF9187E6
BF95C449
BF9A2210
BF9EA1BC
BFA343C0
BFA80884
BFACF05E
BFB1FB95
BFB72A5C
BFBC7CD3
BFC1F302
BFC78CDF
BFCD4A42
BFD32AEE
BFD92E8A
BFDF54A2
BFE59CA5
BFEC05E8
BFF28FA0
BFF938E9
C0000060
C0037305
C006F3C7
C00A81FE
C00E1CF4
C011C3EB
C0157618
C01932A9
C01CF8C4
C020C788
C0249E0E
C0287B6E
C02C5EBD
C030470E
C0343376
C038230B
C03C14E9
C040082F
C043FC03
C047EF91
C04BE210
C04FD2BD
C053C0E2
C057ABD1
C05B92E9
C05F7594
C0635347
C0672B85
C06AFDDA
C06EC9E2
C0728F42
C0764DAA
C07A04D7
C07DB490
C080AE53
C0827E7A
C0844AB0
C08612EA
C087D725
C089975D
C08B5396
C08D0BD3
C08EC01D
C090707E
C0921D03
C093C5BC
C0956AB7
C0970C08
C098A9C1
C09A43F9
C09BDAC2
C09D6E35
C09EFE67
C0A08B70
C0A21566
C0A39C62
C0A5207B
C0A6A1C9
C0A82062
C0A99C5D
C0AB15D2
C0AC8CD7
C0AE0181
C0AF73E7
C0B0E41D
C0B25238
C0B3BE4B
C0B5286B
C0B690A9
C0B7F71A
C0B95BCD
C0BABED5
C0BC2041
C0BD8023
C0BEDE89
C0C03B83
C0C1971F
C0C2F16A
C0C44A72
C0C5A245
C0C6F8ED
C0C84E78
C0C9A2F1
C0CAF662
C0CC48D7
C0CD9A58
C0CEEAF1
C0D03AAA
C0D1898D
C0D2D7A2
C0D424F0
C0D57181
C0D6BD5C
C0D80888
C0D9530C
C0DA9CEF
C0DBE637
C0DD2EEA
C0DE770E
C0DFBEAA
C0E105C2
C0E24C5B
C0E3927C
C0E4D827
C0E61D63
C0E76233
C0E8A69C
C0E9EAA2
C0EB2E49
C0EC7194
C0EDB487
C0EEF726
C0F03973
C0F17B73
C0F2BD27
C0F3FE94
C0F53FBB
C0F680A0
C0F7C145
C0F901AC
C0FA41D9
C0FB81CC
C0FCC189
C0FE0112
C0FF4068
C1003FC7
C100DF43
C1017EA8
C1021DF8
C102BD33
C1035C5A
C103FB6E
C1049A6F
C105395F
C105D83E
C106770D
C10715CB
C107B47B
C108531C
C108F1AF
C1099035
C10A2EAE
C10ACD1A
C10B6B7A
C10C09CF
BE92546F
BE938068
BE94B779
BE95FA08
BE974881
BE98A352
BE9A0AF0
BE9B7FD2
BE9D0272
BE9E9351
BEA032F4
BEA1E1E4
BEA3A0AF
BEA56FEB
BEA7502F
BEA9421A
BEAB4650
BEAD5D7D
BEAF8850
BEB1C780
BEB41BCC
BEB685F7
BEB906CE
BEBB9F24
BEBE4FD3
BEC119BD
BEC3FDCF
BEC6FCFC
BECA1840
BECD509F
BED0A72B
BED41CFA
BED7B330
BEDB6AFA
BEDF4590
BEE34435
BEE76838
BEEBB2F4
BEF025CE
BEF4C23B
BEF989BB
BEFE7DDA
BF01D01A
BF04793A
BF073B27
BF0A16C5
BF0D0CFE
BF101EC4
BF134D11
BF1698E7
BF1A0350
BF1D8D5C
BF213826
BF2504CE
BF28F480
BF2D086C
BF3141CC
BF35A1E1
BF3A29F5
BF3EDB56
BF43B75D
BF48BF66
BF4DF4D5
BF535912
BF58ED8C
BF5EB3B4
BF64ACFE
BF6ADAE0
BF713ED3
BF77DA4B
BF7EAEC0
BF82DED0
BF86842D
BF8A4828
BF8E2B70
BF922EAB
BF96527C
BF9A977A
BF9EFE35
BFA38731
BFA832E5
BFAD01BB
BFB1F40D
BFB70A25
BFBC4438
BFC1A269
BFC724C5
BFCCCB42
BFD295BD
BFD883FA
BFDE95A1
BFE4CA42
BFEB214D
BFF19A18
BFF833D9
BFFEEDAD
C002E349
C0065EB6
C009E87F
C00D7FFD
C011247A
C014D535
C0189162
C01C582D
C02028BA
C0240225
C027E386
C02BCBF0
C02FBA74
C033AE24
C037A60E
C03BA148
C03F9EE5
C0439E02
C0479DBF
C04B9D45
C04F9BC4
C0539876
C057929D
C05B8989
C05F7C92
C0636B1E
C067549E
C06B388F
C06F167A
C072EDF6
C076BEA3
C07A882F
C07E4A53
C0810269
C082DBBE
C084B114
C086825D
C0884F8D
C08A18A0
C08BDD92
C08D9E65
C08F5B1D
C09113C2
C092C85E
C09478FE
C09625B1
C097CE88
C0997394
C09B14EA
C09CB29E
C09E4CC6
C09FE379
C0A176CE
C0A306DD
C0A493BD
C0A61D87
C0A7A454
C0A9283B
C0AAA954
C0AC27B7
C0ADA37B
C0AF1CB8
C0B09385
C0B207F7
C0B37A24
C0B4EA22
C0B65806
C0B7C3E3
C0B92DCD
C0BA95D7
C0BBFC14
C0BD6095
C0BEC36B
C0C024A8
C0C1845B
C0C2E294
C0C43F62
C0C59AD3
C0C6F4F5
C0C84DD5
C0C9A581
C0CAFC05
C0CC516B
C0CDA5C1
C0CEF911
C0D04B65
C0D19CC7
C0D2ED42
C0D43CDE
C0D58BA5
C0D6D99E
C0D826D3
C0D9734B
C0DABF0E
C0DC0A23
C0DD5490
C0DE9E5E
C0DFE791
C0E13030
C0E27842
C0E3BFCB
C0E506D1
C0E64D5A
C0E7936A
C0E8D906
C0EA1E33
C0EB62F5
C0ECA750
C0EDEB48
C0EF2EE2
C0F07221
C0F1B508
C0F2F79B
C0F439DE
C0F57BD3
C0F6BD7D
C0F7FEE0
C0F93FFE
C0FA80D9
C0FBC176
C0FD01D5
C0FE41F9
C0FF81E5
C10060CD
C101008E
C101A036
C1023FC6
C102DF3E
C1037EA0
C1041DED
C104BD25
C1055C4A
C105FB5B
C1069A5A
C1073948
C107D824
C10876F0
C10915AD
C109B45B
C10A52FA
C10AF18B
C10B900F
C10C2E86
C10CCCF0
C10D6B4F
BEA29168
BEA3BEF7
BEA4F7AD
BEA63BF3
BEA78C34
BEA8E8E1
BEAA526D
BEABC951
BEAD4E09
BEAEE115
BEB082FC
BEB23447
BEB3F587
BEB5C750
BEB7AA3C
BEB99EEB
BEBBA602
BEBDC02E
BEBFEE1F
BEC2308E
BEC4883B
BEC6F5EA
BEC97A6A
BECC168E
BECECB34
BED19940
BED4819E
BED78543
BEDAA52F
BEDDE268
BEE13DFF
BEE4B90F
BEE854BD
BEEC1239
BEEFF2BD
BEF3F78F
BEF82200
BEFC736D
BF0076A0
BF02C878
BF052FFF
BF07ADFE
BF0A4345
BF0CF0A9
BF0FB708
BF129748
BF159254
BF18A920
BF1BDCA9
BF1F2DF3
BF229E09
BF262E00
BF29DEF4
BF2DB208
BF31A86A
BF35C34E
BF3A03F1
BF3E6B98
BF42FB8D
BF47B525
BF4C99BB
BF51AAAF
BF56E969
BF5C5755
BF61F5E6
BF67C691
BF6DCACF
BF74041B
BF7A73F1
BF808DE7
BF83FE95
BF878CBE
BF8B391B
BF8F0461
BF92EF40
BF96FA64
BF9B2670
BF9F7400
BFA3E3A6
BFA875E9
BFAD2B45
BFB20425
BFB700E7
BFBC21D8
BFC16731
BFC6D117
BFCC5F9A
BFD212B4
BFD7EA43
BFDDE60E
BFE405C1
BFEA48EC
BFF0AF02
BFF7375A
BFFDE12D
C00255CB
C005CACB
C0094F07
C00CE1E2
C01082B4
C01430C4
C017EB52
C01BB191
C01F82AB
C0235DC1
C02741ED
C02B2E44
C02F21D7
C0331BB4
C0371AE7
C03B1E7D
C03F2585
C0432F11
C0473A37
C04B4612
C04F51C8
C0535C82
C0576575
C05B6BE0
C05F6F0C
C0636E4C
C0676902
C06B5E9A
C06F4E8A
C073385A
C0771B99
C07AF7E5
C07ECCE8
C0814D2B
C0832FF9
C0850EC2
C086E971
C088BFF8
C08A9249
C08C605E
C08E2A33
C08FEFCA
C091B127
C0936E50
C0952750
C096DC32
C0988D07
C09A39DF
C09BE2CB
C09D87E1
C09F2936
C0A0C6DF
C0A260F4
C0A3F78D
C0A58AC1
C0A71AAA
C0A8A761
C0AA30FE
C0ABB79A
C0AD3B4E
C0AEBC32
C0B03A5F
C0B1B5ED
C0B32EF3
C0B4A587
C0B619C2
C0B78BB8
C0B8FB80
C0BA692D
C0BBD4D5
C0BD3E8B
C0BEA662
C0C00C6C
C0C170BC
C0C2D363
C0C43472
C0C593F8
C0C6F205
C0C84EA8
C0C9A9F0
C0CB03EA
C0CC5CA4
C0CDB42A
C0CF0A89
C0D05FCD
C0D1B401
C0D30730
C0D45965
C0D5AAA9
C0D6FB07
C0D84A87
C0D99933
C0DAE713
C0DC342E
C0DD808E
C0DECC3A
C0E01738
C0E16191
C0E2AB49
C0E3F469
C0E53CF5
C0E684F4
C0E7CC6C
C0E91361
C0EA59DA
C0EB9FDA
C0ECE567
C0EE2A85
C0EF6F39
C0F0B387
C0F1F772
C0F33B00
C0F47E33
C0F5C10E
C0F70397
C0F845CF
C0F987B9
C0FAC95A
C0FC0AB3
C0FD4BC8
C0FE8C9B
C0FFCD2F
C10086C3
C10126D2
C101C6C4
C102669B
C1030659
C103A5FD
C1044589
C104E4FF
C105845E
C10623A8
C106C2DE
C10761FF
C108010E
C108A00B
C1093EF6
C109DDD0
C10A7C9B
C10B1B55
C10BBA01
C10C589E
C10CF72D
C10D95B0
C10E3425
C10ED28E
BEB2F655
BEB42577
BEB55FD0
BEB6A5CB
BEB7F7D3
BEB95658
BEBAC1D1
BEBC3AB4
BEBDC181
BEBF56B7
BEC0FADF
BEC2AE82
BEC47233
BEC64686
BEC82C16
BECA2385
BECC2D79
BECE4A9F
BED07BA9
BED2C152
BED51C5A
BED78D88
BEDA15AB
BEDCB599
BEDF6E2F
BEE24055
BEE52CF7
BEE8350F
BEEB599A
BEEE9BA4
BEF1FC3E
BEF57C87
BEF91DA4
BEFCE0C8
BF006398
BF026912
BF04817B
BF06AD85
BF08EDE4
BF0B4357
BF0DAE9F
BF103087
BF12C9DF
BF157B80
BF18464A
BF1B2B22
BF1E2AF8
BF2146C2
BF247F7D
BF27D630
BF2B4BEA
BF2EE1C0
BF3298D2
BF367246
BF3A6F4C
BF3E911C
BF42D8F5
BF47481E
BF4BDFE7
BF50A1A7
BF558EBC
BF5AA88B
BF5FF07F
BF656808
BF6B109E
BF70EBB9
BF76FAD8
BF7D3F7A
BF81DD90
BF8537A5
BF88AEBC
BF8C4393
BF8FF6E5
BF93C96A
BF97BBD6
BF9BCED7
BFA00312
BFA45928
BFA8D1AD
BFAD6D2C
BFB22C22
BFB70F01
BFBC1628
BFC141E6
BFC6927A
BFCC080A
BFD1A2AB
BFD76257
BFDD46F3
BFE35046
BFE97DFF
BFEFCFB0
BFF644CF
BFFCDCB4
C001CB4D
C00538CE
C008B65E
C00C436E
C00FDF62
C013898E
C017413D
C01B05AB
C01ED60A
C022B183
C0269734
C02A8637
C02E7D9E
C0327C75
C03681C8
C03A8CA1
C03E9C07
C042AF05
C046C4AA
C04ADC06
C04EF432
C0530C4C
C0572379
C05B38E9
C05F4BD6
C0635B83
C067673F
C06B6E65
C06F705D
C0736C99
C077629A
C07B51EC
C07F3A29
C0818D7A
C0837A01
C0856286
C08746EE
C0892722
C08B0311
C08CDAAD
C08EADF0
C0907CD4
C092475A
C0940D85
C095CF5B
C0978CE7
C0994635
C09AFB53
C09CAC53
C09E5947
C0A00243
C0A1A75C
C0A348AA
C0A4E644
C0A68042
C0A816BD
C0A9A9CF
C0AB3991
C0ACC61C
C0AE4F8A
C0AFD5F5
C0B15976
C0B2DA26
C0B4581D
C0B5D374
C0B74C44
C0B8C2A2
C0BA36A6
C0BBA866
C0BD17F8
C0BE8571
C0BFF0E4
C0C15A67
C0C2C20C
C0C427E6
C0C58C07
C0C6EE7F
C0C84F61
C0C9AEBB
C0CB0C9D
C0CC6917
C0CDC437
C0CF1E0B
C0D0769F
C0D1CE01
C0D3243E
C0D47960
C0D5CD74
C0D72083
C0D8729A
C0D9C3C1
C0DB1403
C0DC6368
C0DDB1FA
C0DEFFC0
C0E04CC4
C0E1990D
C0E2E4A2
C0E42F8B
C0E579CF
C0E6C373
C0E80C80
C0E954FA
C0EA9CE7
C0EBE44E
C0ED2B33
C0EE719B
C0EFB78D
C0F0FD0B
C0F2421C
C0F386C2
C0F4CB03
C0F60EE2
C0F75264
C0F8958B
C0F9D85C
C0FB1AD9
C0FC5D07
C0FD9EE8
C0FEE07F
C10010E8
C100B16E
C10151D3
C101F219
C1029241
C103324C
C103D23A
C104720E
C10511C8
C105B16A
C10650F3
C106F066
C1078FC2
C1082F09
C108CE3C
C1096D5C
C10A0C68
C10AAB62
C10B4A4B
C10BE923
C10C87EC
C10D26A4
C10DC54E
C10E63E9
C10F0277
C10FA0F7
C1103F6B
BEC3818A
BEC4B23C
BEC5EE37
BEC735E3
BEC889AF
BEC9EA0A
BECB576B
BECCD24B
BECE5B28
BECFF286
BED198EA
BED34EE2
BED514FE
BED6EBD6
BED8D406
BEDACE30
BEDCDAFB
BEDEFB16
BEE12F34
BEE37811
BEE5D66E
BEE84B14
BEEAD6D2
BEED7A82
BEF03701
BEF30D39
BEF5FE18
BEF90A98
BEFC33BA
BEFF7A8B
BF01700F
BF0332CA
BF05060B
BF06EA6B
BF08E08A
BF0AE90F
BF0D04A3
BF0F33F8
BF1177C7
BF13D0CC
BF163FCD
BF18C595
BF1B62F6
BF1E18CC
BF20E7F6
BF23D15D
BF26D5F3
BF29F6AE
BF2D3490
BF3090A1
BF340BF1
BF37A79A
BF3B64BD
BF3F4483
BF43481F
BF4770CB
BF4BBFC9
BF503664
BF54D5F0
BF599FC6
BF5E9548
BF63B7DE
BF6908F8
BF6E8A0B
BF743C90
BF7A2206
BF801DF7
BF8345E7
BF868996
BF89E9C6
BF8D6739
BF9102B0
BF94BCEA
BF9896A0
BF9C908A
BFA0AB58
BFA4E7B5
BFA94641
BFADC796
BFB26C41
BFB734C3
BFBC2190
BFC1330C
BFC66989
BFCBC548
BFD14674
BFD6ED24
BFDCB956
BFE2AAF0
BFE8C1BF
BFEEFD73
BFF55DA0
BFFBE1C0
C0014495
C004A98F
C0081F5C
C00BA57C
C00F3B62
C012E070
C01693FD
C01A554F
C01E23A5
C021FE2F
C025E413
C029D470
C02DCE5C
C031D0E6
C035DB19
C039EBFD
C03E0297
C0421DEE
C0463D07
C04A5EEC
C04E82AA
C052A754
C056CC03
C05AEFD8
C05F11FE
C06331A7
C0674E14
C06B668D
C06F7A68
C0738907
C07791D8
C07B9457
C07F900A
C081C243
C083B8B7
C085AB36
C087999D
C08983CE
C08B69B2
C08D4B35
C08F2848
C09100E4
C092D502
C094A4A1
C0966FC5
C0983674
C099F8B6
C09BB699
C09D702A
C09F2579
C0A0D69B
C0A283A4
C0A42CA8
C0A5D1BF
C0A77302
C0A91089
C0AAAA6D
C0AC40C8
C0ADD3B5
C0AF634D
C0B0EFAC
C0B278EB
C0B3FF24
C0B58272
C0B702ED
C0B880AF
C0B9FBD1
C0BB746A
C0BCEA92
C0BE5E61
C0BFCFEC
C0C13F4A
C0C2AC8F
C0C417D0
C0C58121
C0C6E896
C0C84E40
C0C9B233
C0CB147E
C0CC7534
C0CDD464
C0CF321D
C0D08E6F
C0D1E968
C0D34317
C0D49B87
C0D5F2C6
C0D748E1
C0D89DE3
C0D9F1D7
C0DB44C9
C0DC96C2
C0DDE7CD
C0DF37F3
C0E0873F
C0E1D5B7
C0E32366
C0E47052
C0E5BC85
C0E70804
C0E852D9
C0E99D08
C0EAE69A
C0EC2F94
C0ED77FC
C0EEBFD9
C0F0072F
C0F14E04
C0F2945E
C0F3DA41
C0F51FB1
C0F664B4
C0F7A94E
C0F8ED82
C0FA3156
C0FB74CC
C0FCB7E8
C0FDFAAE
C0FF3D22
C1003FA3
C100E08F
C1018156
C10221FA
C102C27B
C10362DD
C104031F
C104A343
C105434A
C105E335
C1068306
C10722BD
C107C25B
C10861E2
C1090151
C109A0AB
C10A3FF0
C10ADF20
C10B7E3D
C10C1D47
C10CBC3F
C10D5B26
C10DF9FC
C10E98C2
C10F3779
C10FD621
C11074BA
C1111346
C111B1C5
BED43161
BED563A1
BED6A139
BED7EA94
BED9401F
BEDAA24D
BEDC1193
BEDD8E6B
BEDF1955
BEE0B2D4
BEE25B71
BEE413B7
BEE5DC3B
BEE7B593
BEE9A05D
BEEB9D3C
BEEDACD8
BEEFCFE1
BEF2070C
BEF45315
BEF6B4C0
BEF92CD5
BEFBBC28
BEFE6390
BF0091F8
BF01FF18
BF0379A1
BF050210
BF0698E7
BF083EAD
BF09F3EE
BF0BB939
BF0D8F25
BF0F764D
BF116F51
BF137AD8
BF15998F
BF17CC28
BF1A135D
BF1C6FEC
BF1EE29D
BF216C3B
BF240D9C
BF26C79B
BF299B1A
BF2C8905
BF2F924E
BF32B7EF
BF35FAEB
BF395C4C
BF3CDD25
BF407E92
BF4441B6
BF4827BE
BF4C31DF
BF506155
BF54B767
BF593562
BF5DDC9D
BF62AE74
BF67AC4E
BF6CD796
BF7231BF
BF77BC43
BF7D789E
BF81B42B
BF84C677
BF87F3F8
BF8B3D74
BF8EA3B0
BF922771
BF95C979
BF998A8A
BF9D6B62
BFA16CB9
BFA58F43
BFA9D3AE
BFAE3A9F
BFB2C4B1
BFB77276
BFBC4471
BFC13B1A
BFC656D7
BFCB9800
BFD0FED7
BFD68B8C
BFDC3E38
BFE216DD
BFE81565
BFEE399E
BFF4833C
BFFAF1D6
C000C274
C0041DE6
C0078AE1
C00B08F5
C00E97A3
C012365C
C015E484
C019A171
C01D6C6A
C02144AC
C0252967
C02919C0
C02D14D3
C03119B4
C0352772
C0393D14
C03D599F
C0417C15
C045A379
C049CECC
C04DFD15
C0522D5B
C0565EAD
C05A901F
C05EC0CD
C062EFDC
C0671C7B
C06B45E3
C06F6B58
C0738C29
C077A7B4
C07BBD62
C07FCCA8
C081EA85
C083EB0A
C085E7B3
C087E054
C089D4C8
C08BC4ED
C08DB0AB
C08F97ED
C0917AA4
C09358C4
C0953247
C097072D
C098D775
C09AA327
C09C6A4B
C09E2CEC
C09FEB18
C0A1A4E2
C0A35A5A
C0A50B96
C0A6B8AC
C0A861B3
C0AA06C4
C0ABA7F7
C0AD4567
C0AEDF2E
C0B07567
C0B2082D
C0B3979B
C0B523CC
C0B6ACDB
C0B832E3
C0B9B5FD
C0BB3644
C0BCB3D2
C0BE2EBE
C0BFA722
C0C11D16
C0C290B0
C0C40207
C0C57132
C0C6DE44
C0C84954
C0C9B275
C0CB19BA
C0CC7F37
C0CDE2FC
C0CF451C
C0D0A5A8
C0D204AE
C0D36240
C0D4BE6C
C0D61940
C0D772CA
C0D8CB17
C0DA2235
C0DB782F
C0DCCD11
C0DE20E7
C0DF73BC
C0E0C599
C0E21689
C0E36695
C0E4B5C7
C0E60428
C0E751BF
C0E89E95
C0E9EAB2
C0EB361D
C0EC80DE
C0EDCAFA
C0EF1479
C0F05D62
C0F1A5B9
C0F2ED85
C0F434CB
C0F57B92
C0F6C1DD
C0F807B1
C0F94D14
C0FA920A
C0FBD698
C0FD1AC0
C0FE5E88
C0FFA1F3
C1007282
C10113E0
C101B515
C1025623
C102F70A
C10397CD
C104386C
C104D8EA
C1057948
C1061986
C106B9A6
C10759AA
C107F992
C1089960
C1093913
C109D8AF
C10A7832
C10B179F
C10BB6F6
C10C5639
C10CF567
C10D9481
C10E3389
C10ED27F
C10F7164
C1101038
C110AEFC
C1114DB1
C111EC57
C1128AEF
C1132979
BEE5043B
BEE63805
BEE77738
BEE8C23D
BEEA1984
BEEB7D7F
BEECEEA5
BEEE6D71
BEEFFA63
BEF195FF
BEF340CE
BEF4FB5E
BEF6C643
BEF8A215
BEFA8F72
BEFC8EFF
BEFEA165
BF0063AA
BF0180C2
BF02A859
BF03DAD1
BF05188F
BF0661FD
BF07B789
BF0919A4
BF0A88C3
BF0C055F
BF0D8FF8
BF0F290F
BF10D12D
BF1288DD
BF1450B2
BF162942
BF181329
BF1A0F0A
BF1C1D8C
BF1E3F5D
BF207531
BF22BFC2
BF251FD2
BF279627
BF2A2392
BF2CC8E6
BF2F8703
BF325ECC
BF35512D
BF385F1D
BF3B8995
BF3ED19C
BF42383E
BF45BE90
BF4965B0
BF4D2EC5
BF511AFD
BF552B8F
BF5961BD
BF5DBECE
BF624414
BF66F2E7
BF6BCCA9
BF70D2C3
BF7606A4
BF7B69C3
BF807ECE
BF8361DA
BF865EC7
BF89765C
BF8CA960
BF8FF899
BF9364D1
BF96EECD
BF9A9755
BF9E5F2B
BFA24711
BFA64FC2
BFAA79F5
BFAEC65B
BFB3359C
BFB7C856
BFBC7F1E
BFC15A7C
BFC65AEA
BFCB80D2
BFD0CC8F
BFD63E67
BFDBD68E
BFE1951F
BFE77A20
BFED857E
BFF3B70B
BFFA0E7E
C00045B8
C00396B0
C006F9D6
C00A6ECA
C00DF51D
C0118C51
C01533D8
C018EB15
C01CB160
C02085FF
C024682E
C028571C
C02C51EE
C03057BE
C034679E
C038809C
C03CA1BB
C040C9FF
C044F865
C0492BEE
C04D6397
C0519E62
C055DB53
C05A1973
C05E57D1
C0629586
C066D1B0
C06B0B79
C06F4214
C07374BF
C077A2C6
C07BCB80
C07FEE4F
C0820552
C0840FFF
C08616F3
C08819F9
C08A18E5
C08C138E
C08E09D2
C08FFB95
C091E8C2
C093D147
C095B517
C097942D
C0996E84
C09B441D
C09D14FE
C09EE12E
C0A0A8B9
C0A26BAC
C0A42A19
C0A5E411
C0A799AA
C0A94AF9
C0AAF816
C0ACA11B
C0AE461F
C0AFE73F
C0B18496
C0B31E3D
C0B4B452
C0B646F0
C0B7D632
C0B96236
C0BAEB14
C0BC70EA
C0BDF3D2
C0BF73E5
C0C0F13F
C0C26BF7
C0C3E427
C0C559E6
C0C6CD4D
C0C83E71
C0C9AD6A
C0CB1A4C
C0CC852B
C0CDEE1D
C0CF5535
C0D0BA85
C0D21E1F
C0D38014
C0D4E077
C0D63F56
C0D79CC1
C0D8F8C7
C0DA5377
C0DBACDE
C0DD050A
C0DE5C07
C0DFB1E1
C0E106A6
C0E25A5E
C0E3AD17
C0E4FED9
C0E64FAF
C0E79FA2
C0E8EEBC
C0EA3D05
C0EB8A86
C0ECD746
C0EE234F
C0EF6EA6
C0F0B953
C0F2035D
C0F34CCA
C0F495A2
C0F5DDE8
C0F725A5
C0F86CDC
C0F9B394
C0FAF9D1
C0FC3F98
C0FD84EE
C0FEC9D8
C100072D
C100A93B
C1014B19
C101ECCA
C1028E4D
C1032FA7
C103D0D7
C10471DF
C10512C2
C105B381
C106541D
C106F497
C10794F0
C108352B
C108D548
C1097549
C10A152D
C10AB4F8
C10B54A9
C10BF441
C10C93C2
C10D332C
C10DD281
C10E71C1
C10F10EC
C10FB005
C1104F0B
C110EDFE
C1118CE1
C1122BB3
C112CA76
C1136929
C11407CD
C114A664
BEF5F882
BEF72DD3
BEF86E9B
BEF9BB46
BEFB1444
BEFC7A08
BEFDED09
BEFF6DC3
BF007E5C
BF014D35
BF0223B3
BF03021C
BF03E8BC
BF04D7DE
BF05CFD3
BF06D0EC
BF07DB80
BF08EFE7
BF0A0E7D
BF0B37A2
BF0C6BB7
BF0DAB24
BF0EF653
BF104DB1
BF11B1B0
BF1322C8
BF14A172
BF162E2D
BF17C97E
BF1973EC
BF1B2E05
BF1CF85B
BF1ED387
BF20C026
BF22BEDB
BF24D04E
BF26F530
BF292E34
BF2B7C18
BF2DDF9D
BF30598C
BF32EAB6
BF3593F2
BF38561F
BF3B3224
BF3E28EE
BF413B75
BF446AB6
BF47B7B8
BF4B238A
BF4EAF43
BF525C05
BF562AF7
BF5A1D4A
BF5E343B
BF62710A
BF66D504
BF6B617D
BF7017D1
BF74F965
BF7A07A4
BF7F4403
BF8257FD
BF852687
BF880E60
BF8B1050
BF8E2D1E
BF916592
BF94BA77
BF982C98
BF9BBCBE
BF9F6BB1
BFA33A38
BFA72917
BFAB390D
BFAF6AD2
BFB3BF1C
BFB83695
BFBCD1DF
BFC19192
BFC67639
BFCB8052
BFD0B04B
BFD60682
BFDB8340
BFE126BD
BFE6F118
BFECE25A
BFF2FA73
BFF93939
BFFF9E66
C00314CB
C0066D26
C009D7F3
C00D54D4
C010E35B
C014830B
C0183357
C01BF3A2
C01FC344
C023A183
C0278D9B
C02B86BB
C02F8C06
C0339C96
C037B77B
C03BDBBF
C0400866
C0443C6F
C04876D7
C04CB698
C050FAAE
C0554215
C0598BCE
C05DD6DE
C062224F
C0666D33
C06AB6A5
C06EFDC8
C07341CA
C07781E5
C07BBD5D
C07FF383
C08211DB
C08426B1
C08637FE
C0884585
C08A4F10
C08C546E
C08E5575
C0905201
C09249F5
C0943D38
C0962BB7
C0981564
C099FA37
C09BDA2C
C09DB543
C09F8B7F
C0A15CE8
C0A32988
C0A4F16E
C0A6B4A8
C0A8734B
C0AA2D6A
C0ABE31B
C0AD9477
C0AF4196
C0B0EA93
C0B28F88
C0B43092
C0B5CDCB
C0B76751
C0B8FD40
C0BA8FB5
C0BC1ECB
C0BDAAA0
C0BF334E
C0C0B8F2
C0C23BA7
C0C3BB88
C0C538AD
C0C6B332
C0C82B2F
C0C9A0BC
C0CB13F0
C0CC84E3
C0CDF3AB
C0CF605D
C0D0CB0E
C0D233D2
C0D39ABD
C0D4FFE1
C0D66351
C0D7C51E
C0D92558
C0DA8411
C0DBE157
C0DD3D39
C0DE97C6
C0DFF10B
C0E14916
C0E29FF4
C0E3F5B1
C0E54A58
C0E69DF4
C0E7F091
C0E94239
C0EA92F6
C0EBE2D1
C0ED31D4
C0EE8006
C0EFCD71
C0F11A1D
C0F26611
C0F3B155
C0F4FBF0
C0F645E8
C0F78F45
C0F8D80B
C0FA2043
C0FB67F0
C0FCAF19
C0FDF5C2
C0FF3BF2
C10040D6
C100E37B
C10185EA
C1022824
C102CA2D
C1036C07
C1040DB2
C104AF31
C1055085
C105F1B1
C10692B5
C1073394
C107D44E
C10874E6
C109155C
C109B5B2
C10A55EA
C10AF604
C10B9601
C10C35E2
C10CD5AA
C10D7558
C10E14EE
C10EB46C
C10F53D4
C10FF326
C1109264
C111318D
C111D0A3
C1126FA7
C1130E99
C113AD7A
C1144C4A
C114EB0B
C11589BC
C116285F
BF038656
BF0421BF
BF04C2EB
BF056A11
BF061769
BF06CB2D
BF078598
BF0846E9
BF090F61
BF09DF43
BF0AB6D3
BF0B965B
BF0C7E24
BF0D6E7C
BF0E67B2
BF0F6A1B
BF10760B
BF118BDD
BF12ABEC
BF13D699
BF150C47
BF164D5D
BF179A45
BF18F370
BF1A594E
BF1BCC58
BF1D4D09
BF1EDBE0
BF207962
BF222619
BF23E292
BF25AF62
BF278D21
BF297C6E
BF2B7DED
BF2D9248
BF2FBA30
BF31F65A
BF344785
BF36AE73
BF392BEF
BF3BC0CC
BF3E6DE2
BF413412
BF441443
BF470F67
BF4A2675
BF4D5A6E
BF50AC5A
BF541D4A
BF57AE58
BF5B60A7
BF5F3561
BF632DBC
BF674AF3
BF6B8E4D
BF6FF918
BF748CAB
BF794A65
BF7E33AF
BF81A4FC
BF84475B
BF8701B4
BF89D4CA
BF8CC162
BF8FC842
BF92EA36
BF962809
BF998286
BF9CFA7C
BFA090B6
BFA445FF
BFA81B21
BFAC10E2
BFB02804
BFB46144
BFB8BD58
BFBD3CEF
BFC1E0AE
BFC6A930
BFCB9705
BFD0AAAC
BFD5E499
BFDB452B
BFE0CCB1
BFE67B64
BFEC516A
BFF24ECD
BFF87382
BFFEBF61
C0029914
C005E5BC
C0094569
C00CB7CF
C0103C8E
C013D33C
C0177B5A
C01B345E
C01EFDAC
C022D69B
C026BE71
C02AB46B
C02EB7B7
C032C777
C036E2C5
C03B08AF
C03F383D
C0437071
C047B049
C04BF6BD
C05042C5
C0549359
C058E773
C05D3E0E
C061962A
C065EECE
C06A4706
C06E9DE8
C072F292
C077442C
C07B91EA
C07FDB0B
C0820F6D
C0842E58
C08649F9
C088620A
C08A7649
C08C867E
C08E9275
C0909A03
C0929D01
C0949B4F
C09694D2
C0988977
C09A792D
C09C63EB
C09E49AB
C0A02A6C
C0A20630
C0A3DCFE
C0A5AEE0
C0A77BE3
C0A94418
C0AB078F
C0ACC65F
C0AE809C
C0B0365F
C0B1E7C2
C0B394DE
C0B53DCF
C0B6E2B1
C0B883A2
C0BA20BC
C0BBBA1F
C0BD4FE7
C0BEE231
C0C0711B
C0C1FCC0
C0C3853F
C0C50AB1
C0C68D34
C0C80CE2
C0C989D5
C0CB0427
C0CC7BF1
C0CDF14C
C0CF6450
C0D0D512
C0D243AA
C0D3B02E
C0D51AB1
C0D68349
C0D7EA09
C0D94F03
C0DAB24A
C0DC13F0
C0DD7404
C0DED297
C0E02FB9
C0E18B78
C0E2E5E3
C0E43F08
C0E596F4
C0E6EDB3
C0E84352
C0E997DD
C0EAEB5F
C0EC3DE2
C0ED8F70
C0EEE015
C0F02FD8
C0F17EC4
C0F2CCE1
C0F41A38
C0F566D0
C0F6B2B1
C0F7FDE2
C0F9486B
C0FA9252
C0FBDB9E
C0FD2455
C0FE6C7D
C0FFB41B
C1007D9B
C10120E9
C101C3FA
C10266D1
C1030970
C103ABD9
C1044E0F
C104F012
C10591E6
C106338C
C106D506
C1077656
C108177E
C108B87E
C1095958
C109FA0F
C10A9AA3
C10B3B16
C10BDB69
C10C7B9D
C10D1BB3
C10DBBAD
C10E5B8C
C10EFB51
C10F9AFC
C1103A8F
C110DA0B
C1117971
C11218C0
C112B7FC
C1135723
C113F637
C1149539
C1153429
C115D308
C11671D6
C1171095
C117AF45
BF0C1F9B
BF0CBBC2
BF0D5DB4
BF0E05A8
BF0EB3D6
BF0F6878
BF1023CB
BF10E60D
BF11AF80
BF128066
BF135905
BF1439A7
BF152295
BF16141E
BF170E93
BF181245
BF191F8E
BF1A36C5
BF1B5848
BF1C8478
BF1DBBB9
BF1EFE72
BF204D0F
BF21A7FF
BF230FB5
BF2484AB
BF26075B
BF279846
BF2937F2
BF2AE6E9
BF2CA5BA
BF2E74FA
BF305543
BF324734
BF344B73
BF3662AB
BF388D8D
BF3ACCD2
BF3D2137
BF3F8B81
BF420C7E
BF44A500
BF4755E1
BF4A2004
BF4D0453
BF5003C0
BF531F44
BF5657E2
BF59AEA5
BF5D24A0
BF60BAEE
BF6472B5
BF684D23
BF6C4B6D
BF706ED4
BF74B89F
BF792A21
BF7DC4B3
BF8144DC
BF83BD4D
BF864C67
BF88F2E6
BF8BB18C
BF8E891D
BF917A60
BF94861F
BF97AD26
BF9AF043
BF9E5044
BFA1CDF9
BFA56A30
BFA925B9
BFAD015D
BFB0FDE7
BFB51C1C
BFB95CBB
BFBDC07D
BFC24816
BFC6F42C
BFCBC560
BFD0BC42
BFD5D959
BFDB1D18
BFE087E4
BFE61A0F
BFEBD3D8
BFF1B564
BFF7BEC5
BFFDEFF1
C0022463
C0056481
C008B826
C00C1F15
C00F9900
C013258D
C016C450
C01A74CD
C01E3679
C02208BB
C025EAE8
C029DC49
C02DDC1A
C031E988
C03603B6
C03A29BA
C03E5AA5
C042957C
C046D93F
C04B24E8
C04F776F
C053CFC9
C0582CE9
C05C8DC5
C060F156
C0655697
C069BC8A
C06E2236
C07286AC
C076E904
C07B4862
C07FA3F3
C081FD79
C0842651
C0864C2B
C0886EB7
C08A8DAC
C08CA8C6
C08EBFCA
C090D281
C092E0BD
C094EA55
C096EF26
C098EF15
C09AEA0A
C09CDFF6
C09ED0CA
C0A0BC82
C0A2A319
C0A48492
C0A660F3
C0A83844
C0AA0A92
C0ABD7EC
C0ADA065
C0AF6410
C0B12304
C0B2DD58
C0B49327
C0B6448B
C0B7F1A0
C0B99A82
C0BB3F4E
C0BCE022
C0BE7D1C
C0C0165A
C0C1ABFA
C0C33E19
C0C4CCD5
C0C6584C
C0C7E09A
C0C965DC
C0CAE82D
C0CC67A9
C0CDE46A
C0CF5E8A
C0D0D623
C0D24B4E
C0D3BE21
C0D52EB4
C0D69D1E
C0D80975
C0D973CC
C0DADC39
C0DC42CF
C0DDA7A0
C0DF0AC0
C0E06C3F
C0E1CC2D
C0E32A9C
C0E4879B
C0E5E339
C0E73D84
C0E89689
C0E9EE57
C0EB44F9
C0EC9A7C
C0EDEEEB
C0EF4252
C0F094BC
C0F1E633
C0F336C0
C0F4866D
C0F5D543
C0F7234B
C0F8708E
C0F9BD12
C0FB08E1
C0FC5400
C0FD9E78
C0FEE84F
C10018C5
C100BD19
C1016126
C10204EE
C102A875
C1034BBC
C103EEC7
C1049198
C1053431
C105D695
C10678C5
C1071AC3
C107BC92
C1085E34
C108FFA9
C109A0F5
C10A4218
C10AE314
C10B83EB
C10C249E
C10CC52E
C10D659E
C10E05ED
C10EA61E
C10F4631
C10FE629
C1108604
C11125C6
C111C56F
C1126500
C1130479
C113A3DC
C114432A
C114E263
C1158188
C116209A
C116BF9A
C1175E88
C117FD66
C1189C33
C1193AF0
BF14C756
BF156438
BF1606EE
BF16AFAC
BF175EAD
BF18142B
BF18D062
BF199391
BF1A5DFB
BF1B2FE2
BF1C098D
BF1CEB44
BF1DD554
BF1EC809
BF1FC3B6
BF20C8AF
BF21D749
BF22EFE1
BF2412D3
BF254080
BF26794E
BF27BDA3
BF290DED
BF2A6A9C
BF2BD424
BF2D4AFD
BF2ECFA4
BF30629C
BF320469
BF33B597
BF3576B7
BF37485D
BF392B26
BF3B1FB1
BF3D26A5
BF3F40AE
BF416E7F
BF43B0D1
BF460864
BF4875FD
BF4AFA6C
BF4D9684
BF504B21
BF531928
BF560183
BF590527
BF5C2510
BF5F6241
BF62BDC7
BF6638B7
BF69D430
BF6D9159
BF717162
BF757584
BF799F00
BF7DEF23
BF8133A0
BF83845A
BF85EA72
BF8866A0
BF8AF99F
BF8DA42D
BF90670E
BF934308
BF9638E4
BF99496D
BF9C7573
BF9FBDC4
BFA32332
BFA6A690
BFAA48AD
BFAE0A5B
BFB1EC68
BFB5EFA1
BFBA14CC
BFBE5CAD
BFC2C801
BFC7577C
BFCC0BCB
BFD0E58F
BFD5E55E
BFDB0BC0
BFE0592E
BFE5CE10
BFEB6ABB
BFF12F72
BFF71C5F
BFFD3195
C001B789
C004EA59
C008311E
C00B8BAC
C00EF9C7
C0127B25
C0160F6A
C019B62E
C01D6EF6
C0213938
C025145A
C028FFB5
C02CFA91
C0310429
C0351BAB
C039403A
C03D70ED
C041ACD0
C045F2E9
C04A4237
C04E99B1
C052F84D
C0575CFC
C05BC6B0
C060345C
C064A4F1
C069176A
C06D8AC3
C071FDFE
C0767027
C07AE051
C07F4D9A
C081DB95
C0840E1A
C0863DFC
C0886AE2
C08A9477
C08CBA70
C08EDC87
C090FA7C
C0931417
C0952927
C0973980
C09944FE
C09B4B82
C09D4CF3
C09F493E
C0A14056
C0A33232
C0A51ECD
C0A70628
C0A8E848
C0AAC536
C0AC9CFC
C0AE6FA9
C0B03D4F
C0B20602
C0B3C9D8
C0B588E9
C0B7434F
C0B8F924
C0BAAA84
C0BC578D
C0BE005C
C0BFA510
C0C145C6
C0C2E29E
C0C47BB6
C0C6112C
C0C7A320
C0C931AF
C0CABCF7
C0CC4515
C0CDCA26
C0CF4C46
C0D0CB91
C0D24821
C0D3C211
C0D53979
C0D6AE74
C0D82119
C0D9917E
C0DAFFBB
C0DC6BE5
C0DDD612
C0DF3E55
C0E0A4C2
C0E2096C
C0E36C65
C0E4CDBF
C0E62D8A
C0E78BD6
C0E8E8B3
C0EA4430
C0EB9E5B
C0ECF742
C0EE4EF3
C0EFA579
C0F0FAE0
C0F24F36
C0F3A284
C0F4F4D5
C0F64634
C0F796AB
C0F8E642
C0FA3503
C0FB82F8
C0FCD027
C0FE1C99
C0FF6855
C10059B2
C100FEE5
C101A3C9
C102485F
C102ECAC
C10390B1
C1043473
C104D7F3
C1057B34
C1061E39
C106C104
C1076398
C10805F6
C108A821
C1094A1A
C109EBE5
C10A8D82
C10B2EF3
C10BD03A
C10C7159
C10D1251
C10DB324
C10E53D4
C10EF461
C10F94CD
C1103519
C110D547
C1117557
C112154C
C112B525
C11354E4
C113F48A
C1149419
C1153390
C115D2F1
C116723C
C1171173
C117B096
C1184FA7
C118EEA5
C1198D91
C11A2C6C
C11ACB38
BF1D7CD3
BF1E1A6E
BF1EBDE3
BF1F676A
BF20173A
BF20CD90
BF218AA7
BF224EC1
BF231A1D
BF23ED01
BF24C7B3
BF25AA7C
BF2695A8
BF278985
BF288666
BF298C9F
BF2A9C87
BF2BB679
BF2CDAD3
BF2E09F8
BF2F444B
BF308A37
BF31DC28
BF333A8E
BF34A5DF
BF361E94
BF37A52B
BF393A25
BF3ADE0A
BF3C9167
BF3E54CB
BF4028CE
BF420E0C
BF440525
BF460EC2
BF482B91
BF4A5C44
BF4CA196
BF4EFC49
BF516D24
BF53F4F5
BF569493
BF594CDD
BF5C1EB6
BF5F0B0C
BF6212D5
BF65370F
BF6878BE
BF6BD8F3
BF6F58C3
BF72F951
BF76BBC4
BF7AA14F
BF7EAB2E
BF816D53
BF839882
BF85D7CF
BF882BEB
BF8A958A
BF8D1564
BF8FAC37
BF925AC3
BF9521CC
BF98021B
BF9AFC7B
BF9E11BA
BFA142A8
BFA49018
BFA7FADC
BFAB83C9
BFAF2BB2
BFB2F36C
BFB6DBC6
BFBAE590
BFBF1195
BFC3609A
BFC7D35F
BFCC6A9C
BFD12701
BFD60932
BFDB11CA
BFE04152
BFE59849
BFEB171A
BFF0BE1D
BFF68D99
BFFC85BC
C001534F
C004781E
C007B13F
C00AFE94
C00E5FF4
C011D524
C0155DDD
C018F9C5
C01CA873
C020696F
C0243C31
C028201F
C02C1492
C03018D4
C0342C21
C0384DA6
C03C7C86
C040B7D7
C044FEA6
C0494FF8
C04DAAC8
C0520E0D
C05678BB
C05AE9C0
C05F600B
C063DA8B
C0685831
C06CD7EF
C07158BE
C075D99E
C07A5994
C07ED7AE
C081A982
C083E55D
C0861EFD
C0885601
C08A8A0C
C08CBAC6
C08EE7E1
C0911114
C093361C
C09556BF
C09772C7
C0998A08
C09B9C5A
C09DA99C
C09FB1B3
C0A1B489
C0A3B210
C0A5AA3C
C0A79D08
C0A98A73
C0AB7280
C0AD5537
C0AF32A2
C0B10AD0
C0B2DDD1
C0B4ABB9
C0B6749D
C0B83896
C0B9F7BD
C0BBB22E
C0BD6804
C0BF195D
C0C0C657
C0C26F10
C0C413A9
C0C5B43F
C0C750F3
C0C8E9E4
C0CA7F31
C0CC10F8
C0CD9F5A
C0CF2A73
C0D0B262
C0D23743
C0D3B932
C0D5384D
C0D6B4AD
C0D82E6D
C0D9A5A7
C0DB1A73
C0DC8CEA
C0DDFD23
C0DF6B34
C0E0D734
C0E24137
C0E3A951
C0E50F97
C0E6741B
C0E7D6EF
C0E93824
C0EA97CC
C0EBF5F7
C0ED52B3
C0EEAE11
C0F0081E
C0F160E7
C0F2B87B
C0F40EE6
C0F56434
C0F6B86F
C0F80BA5
C0F95DDF
C0FAAF27
C0FBFF88
C0FD4F0B
C0FE9DB8
C0FFEB99
C1009C5B
C101428B
C101E860
C1028DDF
C103330B
C103D7E7
C1047C76
C10520BB
C105C4BA
C1066875
C1070BEF
C107AF2A
C1085229
C108F4EF
C109977D
C10A39D6
C10ADBFC
C10B7DF1
C10C1FB7
C10CC14F
C10D62BC
C10E03FF
C10EA51A
C10F460F
C10FE6DF
C110878A
C1112814
C111C87D
C11268C6
C11308F1
C113A8FF
C11448F0
C114E8C7
C1158884
C1162827
C116C7B3
C1176728
C1180687
C118A5D0
C1194505
C119E427
C11A8335
C11B2231
C11BC11C
C11C5FF6
BF263F65
BF26DDB6
BF2781E8
BF282C33
BF28DCCF
BF2993F9
BF2A51EE
BF2B16ED
BF2BE338
BF2CB714
BF2D92C9
BF2E769E
BF2F62E2
BF3057E3
BF3155F2
BF325D66
BF336E95
BF3489DC
BF35AF98
BF36E02E
BF381C01
BF39637B
BF3AB70B
BF3C1721
BF3D8434
BF3EFEBC
BF408739
BF421E2E
BF43C422
BF4579A3
BF473F41
BF491596
BF4AFD3D
BF4CF6DA
BF4F0314
BF51229B
BF535623
BF559E68
BF57FC2D
BF5A7039
BF5CFB5E
BF5F9E73
BF625A57
BF652FF1
BF68202F
BF6B2C0A
BF6E5480
BF719A9A
BF74FF67
BF788401
BF7C298B
BF7FF130
BF81EE12
BF83F5D3
BF86107E
BF883EBC
BF8A8139
BF8CD8A7
BF8F45BC
BF91C931
BF9463C6
BF97163C
BF99E15B
BF9CC5EB
BF9FC4BB
BFA2DE99
BFA61459
BFA966CE
BFACD6CF
BFB06532
BFB412CD
BFB7E076
BFBBCF01
BFBFDF3F
BFC411FD
BFC86806
BFCCE21B
BFD180F7
BFD6454F
BFDB2FC8
BFE04102
BFE5798A
BFEAD9E1
BFF06276
BFF613A6
BFFBEDBA
C000F873
C0040EA2
C007396C
C00A78C4
C00DCC91
C01134AA
C014B0D7
C01840D1
C01BE442
C01F9AC1
C02363D8
C0273F00
C02B2BA1
C02F2915
C03336A6
C0375391
C03B7F04
C03FB820
C043FDFE
C0484FA8
C04CAC22
C0511267
C055816D
C059F825
C05E757B
C062F85B
C0677FB2
C06C0A6B
C0709777
C07525CB
C079B45F
C07E4236
C081672D
C083ABED
C085EEEB
C0882FBA
C08A6DF5
C08CA93C
C08EE135
C091158D
C09345F9
C0957234
C0979A00
C099BD25
C09BDB73
C09DF4BF
C0A008E7
C0A217CC
C0A42158
C0A62578
C0A82421
C0AA1D4A
C0AC10F2
C0ADFF1A
C0AFE7C9
C0B1CB07
C0B3A8E3
C0B5816C
C0B754B6
C0B922D6
C0BAEBE3
C0BCAFF8
C0BE6F2F
C0C029A6
C0C1DF78
C0C390C6
C0C53DAE
C0C6E64F
C0C88ACA
C0CA2B3F
C0CBC7CE
C0CD6097
C0CEF5BA
C0D08756
C0D2158A
C0D3A075
C0D52834
C0D6ACE5
C0D82EA6
C0D9AD91
C0DB29C2
C0DCA353
C0DE1A5F
C0DF8EFE
C0E10149
C0E27156
C0E3DF3D
C0E54B13
C0E6B4ED
C0E81CE0
C0E98300
C0EAE75F
C0EC4A0F
C0EDAB21
C0EF0AA8
C0F068B2
C0F1C54F
C0F3208E
C0F47A7E
C0F5D32B
C0F72AA4
C0F880F4
C0F9D628
C0FB2A4C
C0FC7D6A
C0FDCF8D
C0FF20C0
C1003886
C100E03D
C101878A
C1022E71
C102D4F6
C1037B1E
C10420EB
C104C662
C1056B86
C106105B
C106B4E3
C1075921
C107FD19
C108A0CE
C1094442
C109E777
C10A8A71
C10B2D31
C10BCFBA
C10C720E
C10D1430
C10DB620
C10E57E1
C10EF975
C10F9ADE
C1103C1E
C110DD35
C1117E26
C1121EF2
C112BF9B
C1136021
C1140087
C114A0CD
C11540F5
C115E100
C11680EF
C11720C3
C117C07D
C118601F
C118FFA9
C1199F1B
C11A3E78
C11ADDBF
C11B7CF2
C11C1C12
C11CBB1F
C11D5A19
C11DF902
BF2F0E66
BF2FAD69
BF305255
BF30FD60
BF31AEC6
BF3266C0
BF33258D
BF33EB6E
BF34B8A4
BF358D74
BF366A26
BF374F04
BF383C5B
BF393279
BF3A31B1
BF3B3A5A
BF3C4CCB
BF3D6960
BF3E9078
BF3FC277
BF40FFC3
BF4248C5
BF439DED
BF44FFAB
BF466E76
BF47EACA
BF497524
BF4B0E09
BF4CB602
BF4E6D9D
BF50356B
BF520E07
BF53F80C
BF55F41F
BF5802EA
BF5A251D
BF5C5B6C
BF5EA696
BF61075D
BF637E8B
BF660CF3
BF68B36D
BF6B72DB
BF6E4C23
BF714037
BF745010
BF777CAE
BF7AC71C
BF7E306B
BF80DCDB
BF82B212
BF849870
BF869092
BF889B16
BF8AB8A3
BF8CE9E0
BF8F2F7E
BF918A2D
BF93FAA6
BF9681A5
BF991FE9
BF9BD637
BF9EA556
BFA18E12
BFA4913B
BFA7AFA2
BFAAEA1C
BFAE417F
BFB1B6A3
BFB54A61
BFB8FD91
BFBCD10D
BFC0C5AA
BFC4DC3C
BFC91595
BFCD727F
BFD1F3C0
BFD69A18
BFDB663C
BFE058D7
BFE5728A
BFEAB3E8
BFF01D74
BFF5AFA1
BFFB6AD0
C000A7A7
C003AEA9
C006CA7E
C009FB28
C00D409F
C0109AC9
C0140980
C0178C8E
C01B23AF
C01ECE8C
C0228CC1
C0265DD7
C02A414A
C02E3682
C0323CDC
C03653A1
C03A7A10
C03EAF57
C042F299
C04742EB
C04B9F5B
C05006EA
C0547894
C058F34B
C05D7600
C061FF9D
C0668F0B
C06B2334
C06FBB01
C074555E
C078F13C
C07D8D90
C08114AC
C08361CB
C085ADAD
C087F7DC
C08A3FEB
C08C856F
C08EC807
C0910755
C0934305
C0957AC6
C097AE52
C099DD66
C09C07C9
C09E2D46
C0A04DB2
C0A268E6
C0A47EC3
C0A68F2D
C0A89A11
C0AA9F62
C0AC9F15
C0AE9926
C0B08D97
C0B27C6A
C0B465AA
C0B64962
C0B827A2
C0BA007C
C0BBD404
C0BDA254
C0BF6B83
C0C12FAD
C0C2EEEF
C0C4A966
C0C65F31
C0C81070
C0C9BD43
C0CB65CA
C0CD0A26
C0CEAA78
C0D046E2
C0D1DF82
C0D3747A
C0D505EA
C0D693F1
C0D81EAE
C0D9A63F
C0DB2AC1
C0DCAC53
C0DE2B10
C0DFA712
C0E12076
C0E29755
C0E40BC8
C0E57DE7
C0E6EDCA
C0E85B88
C0E9C736
C0EB30E9
C0EC98B6
C0EDFEB1
C0EF62EB
C0F0C579
C0F2266A
C0F385D0
C0F4E3BA
C0F64039
C0F79B5B
C0F8F52E
C0FA4DC0
C0FBA51E
C0FCFB55
C0FE5071
C0FFA47D
C1007BC2
C10124C9
C101CD58
C1027574
C1031D21
C103C465
C1046B43
C10511C0
C105B7DF
C1065DA4
C1070313
C107A830
C1084CFD
C108F17F
C10995B7
C10A39A9
C10ADD57
C10B80C5
C10C23F5
C10CC6E9
C10D69A5
C10E0C29
C10EAE78
C10F5095
C10FF280
C110943E
C11135CE
C111D733
C112786E
C1131982
C113BA70
C1145B38
C114FBDE
C1159C61
C1163CC4
C116DD07
C1177D2D
C1181D35
C118BD21
C1195CF3
C119FCAB
C11A9C4A
C11B3BD2
C11BDB42
C11C7A9D
C11D19E2
C11DB914
C11E5831
C11EF73C
C11F9635
BF37E937
BF3888E9
BF392E8A
BF39DA53
BF3A8C7D
BF3B4544
BF3C04E6
BF3CCBA4
BF3D99C0
BF3E6F80
BF3F4D2B
BF40330C
BF412170
BF4218A6
BF431902
BF4422DA
BF453686
BF465463
BF477CD1
BF48B032
BF49EEEF
BF4B3972
BF4C9028
BF4DF386
BF4F6402
BF50E217
BF526E46
BF540912
BF55B306
BF576CB0
BF5936A3
BF5B1179
BF5CFDD1
BF5EFC4F
BF610D9E
BF63326E
BF656B76
BF67B975
BF6A1D30
BF6C9770
BF6F290B
BF71D2D9
BF7495BD
BF7772A1
BF7A6A77
BF7D7E39
BF805775
BF81FECA
BF83B5A7
BF857C9A
BF875436
BF893D13
BF8B37CE
BF8D4507
BF8F6566
BF919994
BF93E241
BF964021
BF98B3ED
BF9B3E62
BF9DE042
BFA09A53
BFA36D5E
BFA65A31
BFA9619D
BFAC8475
BFAFC390
BFB31FC7
BFB699F3
BFBA32F0
BFBDEB99
BFC1C4C9
BFC5BF59
BFC9DC1F
BFCE1BF0
BFD27F98
BFD707E3
BFDBB590
BFE08959
BFE583ED
BFEAA5F0
BFEFEFF7
BFF5628B
BFFAFE22
C0006190
C00358EC
C0066540
C00986A1
C00CBD11
C010088A
C01368F5
C016DE2E
C01A6800
C01E062A
C021B856
C0257E22
C0295719
C02D42B8
C0314069
C0354F8A
C0396F66
C03D9F3C
C041DE3A
C0462B85
C04A8633
C04EED4F
C0535FDC
C057DCD3
C05C6329
C060F1C9
C065879D
C06A238D
C06EC47F
C0736959
C0781105
C07CBA6F
C080B244
C0830725
C0855B59
C087AE65
C089FFD1
C08C4F2C
C08E9C0A
C090E605
C0932CBE
C0956FDB
C097AF0B
C099EA03
C09C207D
C09E523D
C0A07F0D
C0A2A6BC
C0A4C921
C0A6E61B
C0A8FD8C
C0AB0F5E
C0AD1B81
C0AF21E9
C0B12291
C0B31D76
C0B5129D
C0B7020C
C0B8EBCF
C0BACFF3
C0BCAE8B
C0BE87AB
C0C05B6A
C0C229E1
C0C3F32B
C0C5B764
C0C776AB
C0C9311F
C0CAE6DF
C0CC980C
C0CE44C8
C0CFED32
C0D1916E
C0D3319D
C0D4CDE0
C0D66657
C0D7FB25
C0D98C69
C0DB1A43
C0DCA4D2
C0DE2C35
C0DFB08A
C0E131EE
C0E2B07D
C0E42C52
C0E5A58A
C0E71C3D
C0E89085
C0EA027A
C0EB7234
C0ECDFC9
C0EE4B50
C0EFB4DE
C0F11C86
C0F2825C
C0F3E675
C0F548E0
C0F6A9B1
C0F808F7
C0F966C3
C0FAC325
C0FC1E2A
C0FD77E2
C0FED05A
C10013CF
C100BEDF
C1016961
C102135B
C102BCD4
C10365D0
C1040E55
C104B667
C1055E0B
C1060546
C106AC1C
C1075290
C107F8A7
C1089E65
C10943CD
C109E8E2
C10A8DA9
C10B3223
C10BD655
C10C7A41
C10D1DEA
C10DC152
C10E647D
C10F076C
C10FAA22
C1104CA1
C110EEEC
C1119104
C11232EC
C112D4A5
C1137631
C1141793
C114B8CB
C11559DB
C115FAC5
C1169B8A
C1173C2D
C117DCAD
C1187D0D
C1191D4E
C119BD70
C11A5D76
C11AFD60
C11B9D30
C11C3CE5
C11CDC82
C11D7C08
C11E1B76
C11EBACF
C11F5A13
C11FF942
C120985E
C1213768
BF40CF3F
BF416F9C
BF4215F0
BF42C272
BF43755D
BF442EED
BF44EF60
BF45B6F6
BF4685F4
BF475C9F
BF483B3E
BF49221C
BF4A1188
BF4B09D1
BF4C0B4A
BF4D164B
BF4E2B2C
BF4F4A4A
BF507406
BF51A8C4
BF52E8EA
BF5434E5
BF558D23
BF56F218
BF58643B
BF59E409
BF5B7202
BF5D0EAC
BF5EBA90
BF60763E
BF62424B
BF641F50
BF660DEE
BF680EC9
BF6A228E
BF6C49EE
BF6E85A1
BF70D667
BF733D04
BF75BA47
BF784F03
BF7AFC13
BF7DC25C
BF805164
BF81CF25
BF835AF0
BF84F547
BF869EB0
BF8857B6
BF8A20E9
BF8BFADD
BF8DE62C
BF8FE371
BF91F351
BF941672
BF964D80
BF98992C
BF9AFA2C
BF9D7139
BF9FFF12
BFA2A47A
BFA5623A
BFA8391B
BFAB29EE
BFAE3585
BFB15CB6
BFB4A059
BFB80149
BFBB8062
BFBF1E82
BFC2DC86
BFC6BB4C
BFCABBAE
BFCEDE87
BFD324AC
BFD78EEF
BFDC1E1C
BFE0D2F7
BFE5AE3D
BFEAB0A0
BFEFDAC7
BFF52D4B
BFFAA8B8
C00026C4
C0030E12
C0060A70
C0091BFD
C00C42CD
C00F7EE7
C012D046
C01636D5
C019B271
C01D42E9
C020E7FB
C024A157
C0286E99
C02C4F51
C03042FB
C0344905
C03860CB
C03C899D
C040C2B9
C0450B50
C0496285
C04DC76F
C052391A
C056B689
C05B3EB5
C05FD08F
C0646B05
C0690CFD
C06DB55E
C072630A
C07714E7
C07BC9D9
C0804065
C0829C55
C084F834
C0875381
C089ADBD
C08C066E
C08E5D21
C090B166
C09302D4
C0955109
C0979BA8
C099E25E
C09C24DA
C09E62D6
C0A09C11
C0A2D052
C0A4FF65
C0A72920
C0A94D5C
C0AB6BFB
C0AD84E3
C0AF9802
C0B1A54A
C0B3ACB4
C0B5AE3B
C0B7A9E2
C0B99FAE
C0BB8FA9
C0BD79E1
C0BF5E66
C0C13D4B
C0C316A8
C0C4EA95
C0C6B92C
C0C8828B
C0CA46CE
C0CC0616
C0CDC082
C0CF7634
C0D1274D
C0D2D3EF
C0D47C3C
C0D62056
C0D7C060
C0D95C7C
C0DAF4CB
C0DC896E
C0DE1A86
C0DFA833
C0E13296
C0E2B9CB
C0E43DF3
C0E5BF2A
C0E73D8C
C0E8B936
C0EA3242
C0EBA8CA
C0ED1CE9
C0EE8EB5
C0EFFE47
C0F16BB5
C0F2D716
C0F4407F
C0F5A803
C0F70DB7
C0F871AE
C0F9D3F9
C0FB34AA
C0FC93D2
C0FDF181
C0FF4DC6
C1005458
C1010127
C101AD56
C10258EC
C10303F0
C103AE66
C1045856
C10501C4
C105AAB6
C1065331
C106FB3A
C107A2D5
C1084A07
C108F0D4
C1099741
C10A3D50
C10AE306
C10B8867
C10C2D76
C10CD236
C10D76AA
C10E1AD6
C10EBEBC
C10F625F
C11005C2
C110A8E8
C1114BD2
C111EE83
C11290FE
C1133344
C113D558
C114773C
C11518F1
C115BA79
C1165BD7
C116FD0C
C1179E19
C1183EFF
C118DFC2
C1198061
C11A20DF
C11AC13C
C11B617A
C11C019A
C11CA19D
C11D4185
C11DE152
C11E8106
C11F20A1
C11FC024
C1205F91
C120FEE8
C1219E2A
C1223D57
C122DC72
BF49BFED
BF4A60F2
BF4B07F5
BF4BB52D
BF4C68D5
BF4D2329
BF4DE468
BF4EACD3
BF4F7CAD
BF50543E
BF5133CC
BF521BA3
BF530C11
BF540566
BF5507F7
BF56141A
BF572A2A
BF584A83
BF597586
BF5AAB98
BF5BED20
BF5D3A8B
BF5E9448
BF5FFACB
BF616E8D
BF62F00B
BF647FC4
BF661E41
BF67CC0A
BF6989B2
BF6B57CC
BF6D36F5
BF6F27CC
BF712AF7
BF734125
BF756B06
BF77A955
BF79FCD2
BF7C6643
BF7EE676
BF80BF21
BF821741
BF837C0E
BF84EDFE
BF866D8C
BF87FB36
BF899780
BF8B42F0
BF8CFE14
BF8EC97A
BF90A5B9
BF92936B
BF94932D
BF96A5A4
BF98CB78
BF9B0556
BF9D53F0
BF9FB7FD
BFA23238
BFA4C362
BFA76C3E
BFAA2D97
BFAD0839
BFAFFCF5
BFB30C9F
BFB63810
BFB98021
BFBCE5B0
BFC0699A
BFC40CBF
BFC7D000
BFCBB43B
BFCFBA4F
BFD3E317
BFD82F6E
BFDCA026
BFE1360F
BFE5F1F0
BFEAD489
BFEFDE8F
BFF510AD
BFFA6B80
BFFFEF96
C002CEB7
C005BAB9
C008BBFF
C00BD2A8
C00EFECC
C0124073
C0159799
C019042C
C01C860C
C0201D09
C023C8E4
C027894C
C02B5DE3
C02F4638
C03341CB
C0375009
C03B7053
C03FA1F7
C043E436
C0483642
C04C973E
C0510643
C055825D
C05A0A8E
C05E9DD0
C0633B13
C067E143
C06C8F46
C0714401
C075FE55
C07ABD23
C07F7F4F
C08221DF
C08484AE
C086E78B
C08949F1
C08BAB61
C08E0B5E
C090696F
C092C525
C0951E13
C09773D3
C099C607
C09C1455
C09E5E6D
C0A0A403
C0A2E4D5
C0A520A4
C0A7573C
C0A9886D
C0ABB410
C0ADDA01
C0AFFA27
C0B2146A
C0B428BC
C0B63713
C0B83F68
C0BA41BC
C0BC3E12
C0BE3474
C0C024ED
C0C20F8E
C0C3F468
C0C5D391
C0C7AD22
C0C98135
C0CB4FE6
C0CD1953
C0CEDD9C
C0D09CE1
C0D25742
C0D40CE3
C0D5BDE5
C0D76A6C
C0D91299
C0DAB691
C0DC5676
C0DDF26A
C0DF8A90
C0E11F08
C0E2AFF5
C0E43D77
C0E5C7AD
C0E74EB6
C0E8D2B1
C0EA53BC
C0EBD1F3
C0ED4D72
C0EEC653
C0F03CB2
C0F1B0A8
C0F3224C
C0F491B8
C0F5FF00
C0F76A3C
C0F8D381
C0FA3AE3
C0FBA076
C0FD044C
C0FE6677
C0FFC70A
C100930A
C10141D3
C101EFE8
C1029D50
C1034A12
C103F635
C104A1C0
C1054CB8
C105F723
C106A109
C1074A6D
C107F355
C1089BC7
C10943C6
C109EB59
C10A9283
C10B3948
C10BDFAC
C10C85B4
C10D2B63
C10DD0BD
C10E75C6
C10F1A7F
C10FBEED
C1106313
C11106F4
C111AA92
C1124DEF
C112F110
C11393F5
C11436A2
C114D918
C1157B5A
C1161D6A
C116BF4A
C11760FB
C1180280
C118A3DA
C119450C
C119E615
C11A86F9
C11B27B9
C11BC855
C11C68D0
C11D092A
C11DA966
C11E4984
C11EE985
C11F896A
C1202935
C120C8E6
C121687F
C1220801
C122A76C
C12346C1
C123E601
C124852D
BF52BAB7
BF535C61
BF54040E
BF54B1F8
BF556658
BF56216D
BF56E373
BF57ACAE
BF587D61
BF5955D2
BF5A364A
BF5B1F14
BF5C107E
BF5D0ADB
BF5E0E7D
BF5F1BBD
BF6032F4
BF615480
BF6280C3
BF63B822
BF64FB04
BF6649D7
BF67A50B
BF690D14
BF6A826B
BF6C058E
BF6D96FE
BF6F3743
BF70E6E7
BF72A67D
BF747699
BF7657D8
BF784ADC
BF7A504B
BF7C68D2
BF7E9527
BF806B01
BF819613
BF82CC2D
BF840DB7
BF855B1C
BF86B4CA
BF881B36
BF898ED6
BF8B1026
BF8C9FA4
BF8E3DD6
BF8FEB42
BF91A876
BF937603
BF95547F
BF974486
BF9946B7
BF9B5BB5
BF9D842C
BF9FC0C9
BFA21240
BFA47948
BFA6F69E
BFA98B05
BFAC3741
BFAEFC1E
BFB1DA6A
BFB4D2F7
BFB7E69D
BFBB1634
BFBE6299
BFC1CCAB
BFC55549
BFC8FD56
BFCCC5B4
BFD0AF44
BFD4BAE8
BFD8E97D
BFDD3BE0
BFE1B2E8
BFE64F65
BFEB1223
BFEFFBE4
BFF50D61
BFFA4748
BFFFAA39
C0029B63
C00576B9
C0086755
C00B6D67
C00E8911
C011BA6A
C015017F
C0185E4E
C01BD0C6
C01F58C8
C022F629
C026A8A9
C02A6FFB
C02E4BC3
C0323B90
C0363EE6
C03A5534
C03E7DDB
C042B82B
C0470367
C04B5EC2
C04FC960
C054425B
C058C8BF
C05D5B8F
C061F9C4
C066A24F
C06B541A
C0700E0C
C074CF06
C07995E9
C07E6193
C0819873
C0840162
C0866B0A
C088D4E1
C08B3E5F
C08DA703
C0900E4D
C09273C3
C094D6F1
C0973768
C09994C0
C09BEE96
C09E448F
C0A09656
C0A2E39D
C0A52C1D
C0A76F97
C0A9ADD0
C0ABE698
C0AE19C2
C0B0472A
C0B26EB2
C0B49041
C0B6ABC6
C0B8C133
C0BAD081
C0BCD9AE
C0BEDCBC
C0C0D9B2
C0C2D09B
C0C4C186
C0C6AC83
C0C891A8
C0CA710C
C0CC4AC9
C0CE1EFB
C0CFEDC0
C0D1B737
C0D37B81
C0D53ABE
C0D6F512
C0D8AA9F
C0DA5B89
C0DC07F2
C0DDB000
C0DF53D4
C0E0F393
C0E28F60
C0E4275C
C0E5BBAB
C0E74C6C
C0E8D9C2
C0EA63CD
C0EBEAAB
C0ED6E7A
C0EEEF5A
C0F06D66
C0F1E8BB
C0F36174
C0F4D7AA
C0F64B78
C0F7BCF6
C0F92C3C
C0FA9960
C0FC0478
C0FD6D9B
C0FED4DB
C1001D27
C100CF02
C1018008
C1023043
C102DFBA
C1038E76
C1043C7D
C104E9D9
C105968E
C10642A5
C106EE24
C1079912
C1084373
C108ED4E
C10996A8
C10A3F87
C10AE7F0
C10B8FE7
C10C3771
C10CDE92
C10D8550
C10E2BAD
C10ED1AE
C10F7756
C1101CA9
C110C1AB
C111665F
C1120AC7
C112AEE7
C11352C3
C113F65B
C11499B4
C1153CD0
C115DFB0
C1168259
C11724CB
C117C709
C1186915
C1190AF1
C119AC9E
C11A4E20
C11AEF77
C11B90A5
C11C31AB
C11CD28C
C11D7349
C11E13E2
C11EB45B
C11F54B3
C11FF4EC
C1209507
C1213506
C121D4E9
C12274B2
C1231461
C123B3F9
C1245378
C124F2E1
C1259235
C1263173
BF5BBF1A
BF5C6165
BF5D09B9
BF5DB851
BF5E6D66
BF5F2936
BF5FEC00
BF60B606
BF61878C
BF6260D8
BF634234
BF642BEC
BF651E4D
BF6619AB
BF671E58
BF682CAD
BF694505
BF6A67BE
BF6B953A
BF6CCDDE
BF6E1212
BF6F6245
BF70BEE6
BF72286C
BF739F4F
BF75240E
BF76B72A
BF78592D
BF7A0AA1
BF7BCC19
BF7D9E2B
BF7F8175
BF80BB4C
BF81BF1E
BF82CC88
BF83E3E5
BF850591
BF8631EF
BF876962
BF88AC53
BF89FB2D
BF8B5661
BF8CBE62
BF8E33A8
BF8FB6AF
BF9147F6
BF92E804
BF94975F
BF965697
BF98263E
BF9A06EA
BF9BF938
BF9DFDC7
BFA0153E
BFA24048
BFA47F93
BFA6D3D5
BFA93DC6
BFABBE24
BFAE55B3
BFB1053A
BFB3CD86
BFB6AF65
BFB9ABAD
BFBCC335
BFBFF6D9
BFC34777
BFC6B5F0
BFCA4325
BFCDEFFB
BFD1BD57
BFD5AC1B
BFD9BD2D
BFDDF16B
BFE249B6
BFE6C6E5
BFEB69CE
BFF0333F
BFF523FD
BFFA3CC4
BFFF7E44
C0027491
C0053EFA
C0081E9F
C00B13BB
C00E1E7C
C0113F09
C014757B
C017C1DF
C01B2435
C01E9C70
C0222A74
C025CE14
C0298716
C02D552D
C0313800
C0352F20
C0393A12
C03D5847
C0418923
C045CBF8
C04A2008
C04E848A
C052F8A2
C0577B6A
C05C0BF1
C060A939
C065523B
C06A05E9
C06EC32C
C07388EB
C0785605
C07D2959
C08100E2
C0836F13
C085DEAF
C0884F28
C08ABFF2
C08D3084
C08FA058
C0920EEF
C0947BCB
C096E676
C0994E7D
C09BB376
C09E14FB
C0A072AD
C0A2CC34
C0A5213F
C0A77184
C0A9BCC0
C0AC02B6
C0AE4331
C0B07E03
C0B2B303
C0B4E211
C0B70B11
C0B92DEF
C0BB4A9B
C0BD610D
C0BF713E
C0C17B30
C0C37EE8
C0C57C6F
C0C773D1
C0C96521
C0CB5070
C0CD35D6
C0CF156D
C0D0EF4F
C0D2C39A
C0D4926E
C0D65BE9
C0D82030
C0D9DF63
C0DB99A6
C0DD4F1E
C0DEFFED
C0E0AC39
C0E25425
C0E3F7D5
C0E5976E
C0E73313
C0E8CAE7
C0EA5F0B
C0EBEFA2
C0ED7CCE
C0EF06AD
C0F08D60
C0F21105
C0F391BB
C0F50F9D
C0F68AC9
C0F8035A
C0F97969
C0FAED11
C0FC5E69
C0FDCD8A
C0FF3A8B
C10052C1
C1010741
C101BAD1
C1026D7A
C1031F46
C103D03E
C104806B
C1052FD4
C105DE82
C1068C7D
C10739CC
C107E676
C1089282
C1093DF6
C109E8D8
C10A932F
C10B3D01
C10BE652
C10C8F28
C10D3787
C10DDF76
C10E86F8
C10F2E12
C10FD4C8
C1107B1E
C1112118
C111C6BA
C1126C07
C1131102
C113B5B0
C1145A13
C114FE2E
C115A203
C1164597
C116E8EB
C1178C02
C1182EDE
C118D182
C11973F0
C11A162B
C11AB833
C11B5A0B
C11BFBB5
C11C9D33
C11D3E87
C11DDFB2
C11E80B5
C11F2194
C11FC24D
C12062E4
C121035A
C121A3B0
C12243E6
C122E3FF
C12383FC
C12423DD
C124C3A4
C1256352
C12602E7
C126A265
C12741CC
C127E11E
BF64CC9A
BF656F81
BF661879
BF66C7BA
BF677D7F
BF683A07
BF68FD8F
BF69C85C
BF6A9AB0
BF6B74D3
BF6C570E
BF6D41AD
BF6E3500
BF6F3158
BF70370A
BF71466F
BF725FE1
BF7383BF
BF74B26C
BF75EC4D
BF7731CC
BF788355
BF79E15C
BF7B4C55
BF7CC4BB
BF7E4B0B
BF7FDFCA
BF80C1C0
BF819B5C
BF827D04
BF836702
BF8459A5
BF855540
BF865A26
BF8768AF
BF888136
BF89A41A
BF8AD1BB
BF8C0A7F
BF8D4ECE
BF8E9F15
BF8FFBC5
BF916551
BF92DC33
BF9460E6
BF95F3EB
BF9795C9
BF994708
BF9B0837
BF9CD9EA
BF9EBCB8
BFA0B13E
BFA2B81E
BFA4D1FE
BFA6FF89
BFA94172
BFAB986C
BFAE0534
BFB08887
BFB3232B
BFB5D5E8
BFB8A18B
BFBB86E7
BFBE86D2
BFC1A224
BFC4D9BB
BFC82E77
BFCBA13A
BFCF32E9
BFD2E46A
BFD6B6A3
BFDAAA7B
BFDEC0D7
BFE2FA9A
BFE758A6
BFEBDBD7
BFF08504
BFF554FD
BFFA4C8B
BFFF6C6D
C0025AAC
C00513F9
C007E26A
C00AC644
C00DBFC2
C010CF17
C013F468
C0172FD3
C01A8166
C01DE924
C0216700
C024FAE1
C028A49E
C02C63FC
C03038B3
C0342269
C03820B4
C03C3319
C040590D
C04491F4
C048DD23
C04D39DD
C051A75A
C05624C1
C05AB12C
C05F4BAB
C063F341
C068A6E7
C06D658F
C0722E24
C076FF89
C07BD89F
C0805C21
C082CEA8
C0854352
C087B98E
C08A30CD
C08CA880
C08F201D
C091971D
C0940CFD
C096813E
C098F366
C09B6302
C09DCFA1
C0A038DD
C0A29E54
C0A4FFA9
C0A75C89
C0A9B4A7
C0AC07BA
C0AE5585
C0B09DCF
C0B2E065
C0B51D1D
C0B753D3
C0B98468
C0BBAEC5
C0BDD2D8
C0BFF095
C0C207F5
C0C418F6
C0C6239C
C0C827EE
C0CA25F7
C0CC1DC7
C0CE0F6F
C0CFFB07
C0D1E0A6
C0D3C068
C0D59A68
C0D76EC6
C0D93DA3
C0DB0720
C0DCCB60
C0DE8A86
C0E044B6
C0E1FA16
C0E3AAC9
C0E556F6
C0E6FEC0
C0E8A24C
C0EA41BF
C0EBDD3C
C0ED74E7
C0EF08E2
C0F0994F
C0F22650
C0F3B005
C0F5368E
C0F6BA0A
C0F83A96
C0F9B850
C0FB3355
C0FCABBE
C0FE21A7
C0FF9529
C100832F
C1013AAE
C101F11D
C102A687
C1035AF7
C1040E78
C104C112
C10572CF
C10623B9
C106D3D8
C1078334
C10831D6
C108DFC4
C1098D07
C10A39A6
C10AE5A6
C10B9110
C10C3BE8
C10CE635
C10D8FFD
C10E3945
C10EE212
C10F8A6A
C1103250
C110D9CA
C11180DD
C112278C
C112CDDB
C11373CE
C1141969
C114BEB0
C11563A6
C116084E
C116ACAC
C11750C1
C117F492
C1189821
C1193B70
C119DE83
C11A815B
C11B23FB
C11BC665
C11C689B
C11D0AA0
C11DAC75
C11E4E1B
C11EEF96
C11F90E7
C120320F
C120D310
C12173EB
C12214A2
C122B537
C12355AA
C123F5FD
C1249631
C1253648
C125D643
C1267622
C12715E7
C127B593
C1285526
C128F4A2
C1299408
BF6DE2C0
BF6E8640
BF6F2FD7
BF6FDFBE
BF70962F
BF715369
BF7217AC
BF72E33A
BF73B657
BF74914B
BF757460
BF765FE2
BF775420
BF78516C
BF79581D
BF7A688A
BF7B8310
BF7CA80C
BF7DD7E2
BF7F12F9
BF802CDD
BF80D649
BF8185FB
BF823C2C
BF82F91C
BF83BD08
BF848833
BF855AE2
BF86355B
BF8717E8
BF8802D5
BF88F671
BF89F30E
BF8AF901
BF8C08A3
BF8D224D
BF8E4660
BF8F753C
BF90AF48
BF91F4ED
BF934698
BF94A4BA
BF960FC7
BF97883A
BF990E8E
BF9AA346
BF9C46E8
BF9DF9FF
BF9FBD19
BFA190CA
BFA375AC
BFA56C5C
BFA7757D
BFA991B6
BFABC1B3
BFAE0628
BFB05FCA
BFB2CF55
BFB5558A
BFB7F32E
BFBAA90B
BFBD77F1
BFC060B3
BFC36428
BFC6832A
BFC9BE9A
BFCD1759
BFD08E4A
BFD42456
BFD7DA62
BFDBB159
BFDFAA22
BFE3C5A6
BFE804CA
BFEC6872
BFF0F17C
BFF5A0C3
BFFA7719
BFFF754B
C0024E0D
C004F61F
C007B331
C00A8590
C00D6D84
C0106B49
C0137F13
C016A90B
C019E950
C01D3FF1
C020ACF5
C0243050
C027C9EA
C02B799D
C02F3F32
C0331A61
C0370AD3
C03B1020
C03F29CF
C0435756
C047981D
C04BEB79
C05050B1
C054C6FC
C0594D84
C05DE365
C06287AE
C0673964
C06BF782
C070C0FA
C07594B4
C07A7197
C07F5680
C0822127
C08499ED
C08714FF
C08991CB
C08C0FC1
C08E8E51
C0910CF0
C0938B13
C0960835
C09883D7
C09AFD7B
C09D74AA
C09FE8F4
C0A259ED
C0A4C730
C0A7305E
C0A99521
C0ABF527
C0AE5026
C0B0A5DB
C0B2F60B
C0B54081
C0B7850E
C0B9C38A
C0BBFBD6
C0BE2DD5
C0C05975
C0C27EA5
C0C49D5C
C0C6B597
C0C8C757
C0CAD2A0
C0CCD77D
C0CED5FC
C0D0CE2D
C0D2C025
C0D4ABFC
C0D691CC
C0D871B1
C0DA4BC9
C0DC2036
C0DDEF18
C0DFB892
C0E17CC7
C0E33BDE
C0E4F5F9
C0E6AB40
C0E85BD6
C0EA07E3
C0EBAF8A
C0ED52F2
C0EEF23E
C0F08D94
C0F22516
C0F3B8E8
C0F5492C
C0F6D603
C0F85F8F
C0F9E5EF
C0FB6942
C0FCE9A6
C0FE6739
C0FFE216
C100AD2D
C101680F
C10221BE
C102DA47
C10391B4
C1044813
C104FD6D
C105B1CE
C106653F
C10717CA
C107C979
C1087A55
C1092A67
C109D9B6
C10A884C
C10B362E
C10BE366
C10C8FF9
C10D3BEF
C10DE74F
C10E921D
C10F3C61
C10FE620
C1108F5F
C1113824
C111E073
C1128852
C1132FC5
C113D6D0
C1147D78
C11523C0
C115C9AD
C1166F42
C1171483
C117B974
C1185E16
C119026E
C119A67F
C11A4A4B
C11AEDD5
C11B9120
C11C342E
C11CD702
C11D799E
C11E1C05
C11EBE37
C11F6038
C120020A
C120A3AD
C1214525
C121E673
C1228798
C1232896
C123C96E
C1246A23
C1250AB5
C125AB26
C1264B77
C126EBA9
C1278BBE
C1282BB7
C128CB94
C1296B57
C12A0B01
C12AAA93
C12B4A0D
BF77011D
BF77A532
BF784F64
BF78FFEC
BF79B706
BF7A74EE
BF7B39E7
BF7C0631
BF7CDA13
BF7DB5D3
BF7E99BB
BF7F861A
BF803D9E
BF80BCBC
BF814090
BF81C948
BF825711
BF82EA1A
BF838297
BF8420B9
BF84C4B6
BF856EC6
BF861F21
BF86D603
BF8793AA
BF885855
BF892447
BF89F7C5
BF8AD315
BF8BB682
BF8CA257
BF8D96E6
BF8E947F
BF8F9B78
BF90AC2A
BF91C6F0
BF92EC2A
BF941C3A
BF955786
BF969E77
BF97F17D
BF995107
BF9ABD8C
BF9C3785
BF9DBF70
BF9F55CF
BFA0FB2A
BFA2B00B
BFA47503
BFA64AA6
BFA8318E
BFAA2A59
BFAC35AC
BFAE542E
BFB0868D
BFB2CD7C
BFB529B4
BFB79BF0
BFBA24F2
BFBCC582
BFBF7E6B
BFC2507E
BFC53C8E
BFC84375
BFCB660F
BFCEA53E
BFD201E4
BFD57CE7
BFD91731
BFDCD1AA
BFE0AD3E
BFE4AAD7
BFE8CB60
BFED0FC0
BFF178DD
BFF60799
BFFABCD0
BFFF9959
C0024F01
C004E5C7
C007915E
C00A521B
C00D284E
C0101440
C013162F
C0162E51
C0195CD2
C01CA1D0
C01FFD5F
C0236F85
C026F83C
C02A976B
C02E4CF0
C0321894
C035FA13
C039F118
C03DFD3C
C0421E0A
C04652F9
C04A9B73
C04EF6CE
C0536455
C057E33F
C05C72B9
C06111DF
C065BFC3
C06A7B6B
C06F43D1
C07417E8
C078F69A
C07DDECD
C08167AF
C083E395
C0866286
C088E3ED
C08B6738
C08DEBD5
C0907133
C092F6C5
C0957BFF
C098005B
C09A8356
C09D0470
C09F8331
C0A1FF25
C0A477DD
C0A6ECF1
C0A95E01
C0ABCAB0
C0AE32AC
C0B095A6
C0B2F359
C0B54B85
C0B79DF2
C0B9EA6E
C0BC30CF
C0BE70F0
C0C0AAB4
C0C2DE04
C0C50ACC
C0C73103
C0C950A0
C0CB69A4
C0CD7C10
C0CF87EE
C0D18D49
C0D38C31
C0D584B8
C0D776F7
C0D96304
C0DB48FE
C0DD2900
C0DF032B
C0E0D7A1
C0E2A684
C0E46FF7
C0E63421
C0E7F325
C0E9AD2A
C0EB6255
C0ED12CE
C0EEBEB9
C0F0663E
C0F20981
C0F3A8A7
C0F543D5
C0F6DB2F
C0F86ED9
C0F9FEF4
C0FB8BA3
C0FD1506
C0FE9B3E
C1000F35
C100CF53
C1018E09
C1024B65
C1030774
C103C244
C1047BE2
C1053459
C105EBB7
C106A205
C107574F
C1080BA1
C108BF03
C1097181
C10A2322
C10AD3F1
C10B83F6
C10C3339
C10CE1C2
C10D8F99
C10E3CC6
C10EE94F
C10F953B
C1104090
C110EB55
C1119590
C1123F46
C112E87C
C1139139
C1143981
C114E158
C11588C4
C1162FC8
C116D669
C1177CAB
C1182292
C118C821
C1196D5D
C11A1247
C11AB6E5
C11B5B38
C11BFF44
C11CA30B
C11D4691
C11DE9D8
C11E8CE2
C11F2FB2
C11FD24A
C12074AD
C12116DC
C121B8D9
C1225AA8
C122FC48
C1239DBD
C1243F08
C124E02A
C1258125
C12621FB
C126C2AD
C127633D
C12803AC
C128A3FB
C129442B
C129E43E
C12A8434
C12B2410
C12BC3D1
C12C6379
C12D0309
BF8013A3
BF8065F7
BF80BB5C
BF8113EE
BF816FCD
BF81CF16
BF8231EA
BF82986C
BF8302BC
BF8370FF
BF83E35B
BF8459F5
BF84D4F7
BF855489
BF85D8D6
BF86620B
BF86F056
BF8783E8
BF881CF2
BF88BBA7
BF89603D
BF8A0AEB
BF8ABBEC
BF8B737A
BF8C31D4
BF8CF739
BF8DC3ED
BF8E9833
BF8F7455
BF90589B
BF914554
BF923ACE
BF93395C
BF944154
BF955310
BF966EEA
BF979544
BF98C67F
BF9A0302
BF9B4B38
BF9C9F8E
BF9E0077
BF9F6E69
BFA0E9DF
BFA27355
BFA40B51
BFA5B258
BFA768F8
BFA92FC1
BFAB0748
BFACF028
BFAEEB00
BFB0F875
BFB31931
BFB54DE1
BFB7973A
BFB9F5F5
BFBC6ACF
BFBEF68C
BFC199F4
BFC455D3
BFC72AFC
BFCA1A43
BFCD2485
BFD04A9E
BFD38D71
BFD6EDE3
BFDA6CDC
BFDE0B46
BFE1CA0D
BFE5AA1E
BFE9AC65
BFEDD1CF
BFF21B46
BFF689B3
BFFB1DF9
BFFFD8F7
C0025DC3
C004E33C
C0077D4A
C00A2C4D
C00CF09B
C00FCA88
C012BA5C
C015C059
C018DCB6
C01C0F9F
C01F5937
C022B992
C02630BA
C029BEA7
C02D6347
C0311E77
C034F003
C038D7AA
C03CD517
C040E7E8
C0450FA8
C0494BD2
C04D9BD0
C051FEFC
C05674A1
C05AFBFA
C05F9434
C0643C6E
C068F3BB
C06DB921
C0728B9D
C0776A22
C07C539B
C080A376
C083217B
C085A34A
C088284E
C08AAFF5
C08D39AA
C08FC4DB
C09250F6
C094DD6B
C09769AF
C099F538
C09C7F81
C09F080A
C0A18E57
C0A411F1
C0A69267
C0A90F4F
C0AB8844
C0ADFCE8
C0B06CE3
C0B2D7E6
C0B53DA6
C0B79DE0
C0B9F85A
C0BC4CDD
C0BE9B3D
C0C0E351
C0C324F8
C0C56019
C0C7949E
C0C9C279
C0CBE9A1
C0CE0A11
C0D023CC
C0D236D6
C0D4433A
C0D64906
C0D8484C
C0DA4120
C0DC339B
C0DE1FD8
C0E005F4
C0E1E60E
C0E3C047
C0E594C2
C0E763A2
C0E92D0C
C0EAF126
C0ECB017
C0EE6A03
C0F01F13
C0F1CF6D
C0F37B37
C0F52298
C0F6C5B6
C0F864B6
C0F9FFBD
C0FB96F0
C0FD2A71
C0FEBA65
C1002376
C100E814
C101AB1C
C1026C9E
C1032CAA
C103EB4D
C104A897
C1056494
C1061F53
C106D8DF
C1079146
C1084893
C108FED2
C109B40D
C10A6850
C10B1BA4
C10BCE14
C10C7FA8
C10D306A
C10DE062
C10E8F9A
C10F3E18
C10FEBE4
C1109906
C1114584
C111F166
C1129CB2
C113476E
C113F1A0
C1149B4D
C115447C
C115ED31
C1169571
C1173D41
C117E4A6
C1188BA3
C119323E
C119D87A
C11A7E5B
C11B23E5
C11BC91B
C11C6E00
C11D1298
C11DB6E7
C11E5AEE
C11EFEB1
C11FA232
C1204575
C120E87B
C1218B47
C1222DDC
C122D03B
C1237267
C1241461
C124B62C
C12557CA
C125F93C
C1269A84
C1273BA3
C127DC9C
C1287D70
C1291E1F
C129BEAD
C12A5F19
C12AFF66
C12B9F94
C12C3FA5
C12CDF9A
C12D7F73
C12E1F33
C12EBEDA
BF84AA6D
BF84FD07
BF8552B6
BF85AB95
BF8607C3
BF86675F
BF86CA8A
BF873164
BF879C12
BF880AB6
BF887D76
BF88F479
BF896FE7
BF89EFEA
BF8A74AD
BF8AFE5C
BF8B8D27
BF8C213D
BF8CBAD0
BF8D5A14
BF8DFF3F
BF8EAA88
BF8F5C29
BF90145F
BF90D367
BF919981
BF9266F1
BF933BFC
BF9418E9
BF94FE03
BF95EB98
BF96E1F8
BF97E175
BF98EA65
BF99FD23
BF9B1A0A
BF9C417B
BF9D73D9
BF9EB18B
BF9FFAFC
BFA1509B
BFA2B2DA
BFA4222F
BFA59F16
BFA72A0E
BFA8C39A
BFAA6C42
BFAC2494
BFADED21
BFAFC67F
BFB1B149
BFB3AE20
BFB5BDA9
BFB7E08E
BFBA177F
BFBC6330
BFBEC45D
BFC13BC3
BFC3CA27
BFC67052
BFC92F12
BFCC073B
BFCEF9A3
BFD20726
BFD530A5
BFD87703
BFDBDB25
BFDF5DF7
BFE30065
BFE6C35B
BFEAA7C8
BFEEAE9C
BFF2D8C4
BFF7272E
BFFB9AC3
C0001A36
C0027A83
C004EEB9
C0077740
C00A147F
C00CC6D4
C00F8E9B
C0126C26
C0155FC2
C01869AF
C01B8A28
C01EC15C
C0220F6D
C0257473
C028F078
C02C8379
C0302D64
C033EE18
C037C565
C03BB309
C03FB6B5
C043D007
C047FE8C
C04C41C2
C0509915
C05503E2
C0598174
C05E110A
C062B1D2
C06762EC
C06C236D
C070F25E
C075CEBB
C07AB77A
C07FAB85
C08254E1
C084D889
C0876027
C089EB27
C08C78F6
C08F08FF
C0919AAE
C0942D71
C096C0B7
C09953F3
C09BE69A
C09E7825
C0A10811
C0A395E1
C0A6211B
C0A8A94B
C0AB2E05
C0ADAEE1
C0B02B7D
C0B2A37F
C0B51693
C0B7846D
C0B9ECC5
C0BC4F5D
C0BEABFD
C0C10273
C0C35294
C0C59C3D
C0C7DF4E
C0CA1BB1
C0CC5155
C0CE802C
C0D0A831
C0D2C962
C0D4E3C4
C0D6F75D
C0D9043A
C0DB0A6B
C0DD0A05
C0DF031D
C0E0F5CD
C0E2E232
C0E4C86A
C0E6A896
C0E882D9
C0EA5754
C0EC262F
C0EDEF8D
C0EFB396
C0F17270
C0F32C43
C0F4E136
C0F69170
C0F83D19
C0F9E456
C0FB874F
C0FD262A
C0FEC10A
C1002C0B
C100F5B8
C101BD9E
C10283CE
C1034859
C1040B4E
C104CCBD
C1058CB6
C1064B47
C107087F
C107C46B
C1087F18
C1093894
C109F0EB
C10AA829
C10B5E58
C10C1385
C10CC7BA
C10D7B00
C10E2D63
C10EDEEA
C10F8FA0
C1103F8C
C110EEB8
C1119D2B
C1124AED
C112F804
C113A479
C1145051
C114FB94
C115A647
C1165071
C116FA16
C117A33D
C1184BEA
C118F423
C1199BEC
C11A434A
C11AEA41
C11B90D6
C11C370C
C11CDCE7
C11D826B
C11E279C
C11ECC7D
C11F7110
C120155A
C120B95C
C1215D1B
C1220098
C122A3D7
C12346D9
C123E9A2
C1248C33
C1252E8F
C125D0B7
C12672AE
C1271477
C127B611
C1285780
C128F8C6
C12999E3
C12A3AD9
C12ADBAA
C12B7C58
C12C1CE3
C12CBD4D
C12D5D98
C12DFDC4
C12E9DD3
C12F3DC6
C12FDD9E
C1307D5C
BF8944BC
BF89979C
BF89ED92
BF8A46BB
BF8AA337
BF8B0324
BF8B66A2
BF8BCDD4
BF8C38DB
BF8CA7DE
BF8D1B00
BF8D9269
BF8E0E41
BF8E8EB1
BF8F13E7
BF8F9E0D
BF902D53
BF90C1EA
BF915C03
BF91FBD2
BF92A18D
BF934D6D
BF93FFAB
BF94B883
BF957834
BF963EFF
BF970D26
BF97E2EF
BF98C0A3
BF99A68B
BF9A94F6
BF9B8C35
BF9C8C9A
BF9D967C
BF9EAA35
BF9FC822
BFA0F0A3
BFA2241C
BFA362F4
BFA4AD97
BFA60475
BFA767FF
BFA8D8AE
BFAA56FC
BFABE36A
BFAD7E7C
BFAF28BA
BFB0E2B2
BFB2ACF6
BFB4881E
BFB674C4
BFB8738B
BFBA8518
BFBCAA17
BFBEE338
BFC13132
BFC394BE
BFC60E9D
BFC89F95
BFCB486F
BFCE09FC
BFD0E50F
BFD3DA80
BFD6EB2E
BFDA17FA
BFDD61C7
BFE0C980
BFE4500F
BFE7F661
BFEBBD67
BFEFA611
BFF3B150
BFF7E014
BFFC334C
C00055F2
C002A563
C005086B
C0077F79
C00A0AF8
C00CAB4F
C00F60DF
C0122C05
C0150D14
C018045B
C01B121C
C01E3694
C02171F2
C024C45C
C0282DEB
C02BAEAC
C02F469C
C032F5AC
C036BBBE
C03A98A2
C03E8C1C
C04295DC
C046B582
C04AEA9F
C04F34B2
C053932B
C0580566
C05C8AB4
C0612253
C065CB73
C06A8539
C06F4EB9
C07426FE
C0790D06
C07DFFC7
C0817F17
C0840390
C0868CBF
C0891A12
C08BAAF5
C08E3ED2
C090D516
C0936D2C
C0960681
C098A083
C09B3AA4
C09DD457
C0A06D13
C0A30455
C0A5999B
C0A82C6B
C0AABC4F
C0AD48D6
C0AFD196
C0B2562B
C0B4D637
C0B75164
C0B9C760
C0BC37E3
C0BEA2A9
C0C10777
C0C36618
C0C5BE5E
C0C81021
C0CA5B40
C0CC9FA1
C0CEDD2E
C0D113D9
C0D34398
C0D56C68
C0D78E49
C0D9A942
C0DBBD5D
C0DDCAA7
C0DFD133
C0E1D116
C0E3CA69
C0E5BD47
C0E7A9CE
C0E9901D
C0EB7057
C0ED4A9E
C0EF1F18
C0F0EDE9
C0F2B739
C0F47B2F
C0F639F2
C0F7F3AA
C0F9A87F
C0FB589A
C0FD0420
C0FEAB3A
C1002707
C100F661
C101C3BF
C1028F31
C10358CB
C104209E
C104E6BB
C105AB32
C1066E15
C1072F72
C107EF59
C108ADD8
C1096AFE
C10A26DA
C10AE177
C10B9AE3
C10C532A
C10D0A58
C10DC079
C10E7598
C10F29BF
C10FDCF8
C1108F4E
C11140C9
C111F173
C112A154
C1135075
C113FEDD
C114AC94
C11559A2
C116060D
C116B1DC
C1175D16
C11807C1
C118B1E2
C1195B80
C11A049F
C11AAD45
C11B5577
C11BFD39
C11CA491
C11D4B82
C11DF211
C11E9841
C11F3E17
C11FE396
C12088C1
C1212D9D
C121D22C
C1227671
C1231A6F
C123BE2A
C12461A3
C12504DE
C125A7DC
C1264AA1
C126ED2F
C1278F88
C12831AD
C128D3A1
C1297566
C12A16FE
C12AB86B
C12B59AE
C12BFAC8
C12C9BBC
C12D3C8B
C12DDD37
C12E7DC0
C12F1E28
C12FBE71
C1305E9B
C130FEA8
C1319E9A
C1323E70
BF8DE265
BF8E3587
BF8E8BC3
BF8EE535
BF8F41FC
BF8FA237
BF900607
BF906D8D
BF90D8ED
BF91484B
BF91BBCC
BF923398
BF92AFD7
BF9330B2
BF93B657
BF9440F1
BF94D0AF
BF9565C3
BF96005E
BF96A0B4
BF9746FD
BF97F36F
BF98A645
BF995FBB
BF9A2011
BF9AE786
BF9BB65F
BF9C8CE2
BF9D6B56
BF9E5207
BF9F4142
BFA0395A
BFA13AA0
BFA2456D
BFA35A1A
BFA47905
BFA5A28E
BFA6D71A
BFA81710
BFA962DD
BFAABAF0
BFAC1FBD
BFAD91BC
BFAF1167
BFB09F41
BFB23BCD
BFB3E795
BFB5A327
BFB76F16
BFB94BF9
BFBB3A6E
BFBD3B17
BFBF4E9A
BFC175A3
BFC3B0E5
BFC60115
BFC866EF
BFCAE335
BFCD76AD
BFD02223
BFD2E667
BFD5C44E
BFD8BCB3
BFDBD073
BFDF0073
BFE24D97
BFE5B8CB
BFE942FA
BFECED15
BFF0B80C
BFF4A4D3
BFF8B45B
BFFCE798
C0009FBD
C002DE78
C0053072
C007961F
C00A0FF0
C00C9E50
C00F41A8
C011FA5B
C014C8C6
C017AD40
C01AA816
C01DB98F
C020E1E7
C0242151
C02777F4
C02AE5EA
C02E6B43
C03207FE
C035BC0E
C0398756
C03D69AB
C04162CF
C0457277
C0499846
C04DD3CD
C052248E
C05689FB
C05B0374
C05F9049
C0642FBD
C068E102
C06DA33C
C0727584
C07756E5
C07C465F
C080A175
C08325BA
C085AF71
C0883E0C
C08AD0F7
C08D67A0
C0900171
C0929DD6
C0953C39
C097DC07
C09A7CAE
C09D1D9D
C09FBE47
C0A25E23
C0A4FCA8
C0A79957
C0AA33B0
C0ACCB3C
C0AF5F89
C0B1F028
C0B47CB3
C0B704CA
C0B98812
C0BC0637
C0BE7EEC
C0C0F1ED
C0C35EF8
C0C5C5D6
C0C82655
C0CA804B
C0CCD391
C0CF200C
C0D165A2
C0D3A442
C0D5DBDF
C0D80C73
C0DA35FD
C0DC587F
C0DE7401
C0E08890
C0E2963D
C0E49D19
C0E69D3E
C0E896C4
C0EA89C9
C0EC766C
C0EE5CCD
C0F03D0F
C0F21758
C0F3EBCC
C0F5BA92
C0F783D1
C0F947B2
C0FB065D
C0FCBFF9
C0FE74B0
C1001255
C100E807
C101BB82
C1028CDA
C1035C22
C104296C
C104F4CC
C105BE53
C1068613
C1074C1D
C1081082
C108D352
C109949D
C10A5473
C10B12E1
C10BCFF7
C10C8BC1
C10D464F
C10DFFAB
C10EB7E3
C10F6F03
C1102516
C110DA27
C1118E41
C112416D
C112F3B6
C113A526
C11455C4
C115059A
C115B4B0
C116630E
C11710BB
C117BDBF
C1186A21
C11915E8
C119C119
C11A6BBC
C11B15D5
C11BBF6B
C11C6883
C11D1122
C11DB94D
C11E6109
C11F085B
C11FAF46
C12055CF
C120FBFA
C121A1CA
C1224744
C122EC6B
C1239142
C12435CC
C124DA0D
C1257E07
C12621BE
C126C533
C127686A
C1280B65
C128AE27
C12950B1
C129F307
C12A9529
C12B371B
C12BD8DD
C12C7A72
C12D1BDC
C12DBD1C
C12E5E35
C12EFF26
C12F9FF3
C130409C
C130E124
C131818A
C13221D1
C132C1F9
C1336205
C13401F4
BF92833D
BF92D6A0
BF932D20
BF9386D8
BF93E3E8
BF94446F
BF94A88E
BF951067
BF957C1C
BF95EBD3
BF965FB1
BF96D7DD
BF975480
BF97D5C3
BF985BD4
BF98E6DE
BF997712
BF9A0C9F
BF9AA7B8
BF9B4892
BF9BEF63
BF9C9C63
BF9D4FCD
BF9E09DD
BF9ECAD2
BF9F92EE
BFA06274
BFA139AA
BFA218DA
BFA3004D
BFA3F053
BFA4E93D
BFA5EB5E
BFA6F70F
BFA80CA9
BFA92C8B
BFAA5714
BFAB8CAB
BFACCDB8
BFAE1AA6
BFAF73E6
BFB0D9EC
BFB24D30
BFB3CE2E
BFB55D69
BFB6FB64
BFB8A8AA
BFBA65CA
BFBC3358
BFBE11EB
BFC00221
BFC2049D
BFC41A07
BFC6430B
BFC8805D
BFCAD2B3
BFCD3ACA
BFCFB965
BFD24F4B
BFD4FD48
BFD7C42E
BFDAA4D4
BFDDA015
BFE0B6D1
BFE3E9EC
BFE73A4E
BFEAA8E1
BFEE3696
BFF1E45C
BFF5B327
BFF9A3EA
BFFDB79B
C000F797
C00325CB
C00566E2
C007BB52
C00A2390
C00CA00E
C00F313A
C011D77C
C0149339
C01764D1
C01A4C9A
C01D4AE4
C0205FF8
C0238C13
C026CF6A
C02A2A25
C02D9C61
C031262F
C034C791
C038807C
C03C50D4
C0403870
C0443715
C0484C7A
C04C7844
C050BA07
C0551147
C0597D77
C05DFDFB
C0629225
C0673938
C06BF26B
C070BCE3
C07597BA
C07A81FE
C07F7AB1
C0824065
C084C99E
C0875876
C089EC5E
C08C84C5
C08F2117
C091C0BF
C0946328
C09707BD
C099ADEA
C09C551C
C09EFCC1
C0A1A44C
C0A44B30
C0A6F0E6
C0A994EB
C0AC36BE
C0AED5E6
C0B171EC
C0B40A62
C0B69EDE
C0B92EFC
C0BBBA5E
C0BE40AF
C0C0C19D
C0C33CDF
C0C5B233
C0C8215D
C0CA8A27
C0CCEC63
C0CF47E9
C0D19C98
C0D3EA53
C0D63107
C0D870A4
C0DAA920
C0DCDA77
C0DF04AA
C0E127BE
C0E343BD
C0E558B5
C0E766B9
C0E96DDD
C0EB6E3B
C0ED67ED
C0EF5B13
C0F147CC
C0F32E3A
C0F50E81
C0F6E8C8
C0F8BD33
C0FA8BEC
C0FC5519
C0FE18E4
C0FFD775
C100C87A
C101A2C7
C1027AB3
C1035054
C10423BE
C104F504
C105C439
C1069171
C1075CBE
C1082632
C108EDE0
C109B3D8
C10A782B
C10B3AE9
C10BFC23
C10CBBE7
C10D7A44
C10E374A
C10EF305
C10FAD82
C11066D0
C1111EF9
C111D60B
C1128C10
C1134114
C113F521
C114A841
C1155A7E
C1160BE2
C116BC75
C1176C41
C1181B4C
C118C9A0
C1197744
C11A243F
C11AD098
C11B7C56
C11C2780
C11CD21A
C11D7C2C
C11E25BB
C11ECECC
C11F7764
C1201F89
C120C73F
C1216E8A
C122156F
C122BBF3
C1236218
C12407E4
C124AD59
C125527B
C125F74D
C1269BD3
C1274010
C127E406
C12887B9
C1292B2B
C129CE5E
C12A7156
C12B1414
C12BB69C
C12C58EE
C12CFB0D
C12D9CFC
C12E3EBC
C12EE04F
C12F81B6
C13022F4
C130C40A
C13164F9
C13205C4
C132A66B
C13346F1
C133E755
C134879A
C13527C1
C135C7CB
BF97271D
BF977ABF
BF97D181
BF982B7E
BF9888D5
BF98E9A6
BF994E12
BF99B63A
BF9A2243
BF9A9250
BF9B0687
BF9B7F10
BF9BFC14
BF9C7DBD
BF9D0437
BF9D8FAE
BF9E2053
BF9EB656
BF9F51EA
BF9FF344
BFA09A99
BFA14823
BFA1FC1C
BFA2B6C2
BFA37853
BFA44110
BFA5113E
BFA5E923
BFA6C907
BFA7B138
BFA8A202
BFA99BB8
BFAA9EAF
BFABAB3C
BFACC1BD
BFADE28D
BFAF0E10
BFB044AA
BFB186C4
BFB2D4CB
BFB42F2F
BFB59665
BFB70AE5
BFB88D2D
BFBA1DBD
BFBBBD1D
BFBD6BD6
BFBF2A78
BFC0F998
BFC2D9CD
BFC4CBB7
BFC6CFF9
BFC8E73B
BFCB122C
BFCD517D
BFCFA5E9
BFD2102C
BFD49109
BFD7294A
BFD9D9BB
BFDCA32F
BFDF867F
BFE28487
BFE59E27
BFE8D445
BFEC27CA
BFEF99A4
BFF32AC2
BFF6DC16
BFFAAE96
BFFEA338
C0015D78
C0037B5C
C005ABC1
C007EF21
C00A45F4
C00CB0AF
C00F2FC6
C011C3A6
C0146CBB
C0172B6C
C01A0016
C01CEB15
C01FECB8
C023054B
C026350B
C0297C30
C02CDAE4
C0305145
C033DF66
C037854B
C03B42EA
C03F182B
C04304E6
C04708E3
C04B23DA
C04F5573
C0539D43
C057FAD2
C05C6D94
C060F4F0
C065903A
C06A3EB8
C06EFFA1
C073D21F
C078B54C
C07DA839
C08154F4
C083DCAB
C0866AB9
C088FE93
C08B97AB
C08E356E
C090D74B
C0937CAB
C09624FB
C098CFA5
C09B7C14
C09E29B5
C0A0D7F6
C0A38648
C0A6341E
C0A8E0EE
C0AB8C34
C0AE356F
C0B0DC21
C0B37FD3
C0B62014
C0B8BC77
C0BB5496
C0BDE80F
C0C0768A
C0C2FFB3
C0C5833D
C0C800E2
C0CA7862
C0CCE986
C0CF541A
C0D1B7F3
C0D414ED
C0D66AE8
C0D8B9CD
C0DB0189
C0DD420E
C0DF7B57
C0E1AD60
C0E3D82D
C0E5FBC5
C0E81835
C0EA2D8B
C0EC3BDD
C0EE4340
C0F043CF
C0F23DA7
C0F430E8
C0F61DB2
C0F80429
C0F9E472
C0FBBEB3
C0FD9314
C0FF61BD
C100956B
C1017745
C1025680
C1033332
C1040D6E
C104E54A
C105BADA
C1068E32
C1075F66
C1082E89
C108FBAF
C109C6EA
C10A904C
C10B57E7
C10C1DCD
C10CE20F
C10DA4BC
C10E65E5
C10F2598
C10FE3E6
C110A0DB
C1115C87
C11216F5
C112D034
C1138850
C1143F54
C114F54C
C115AA43
C1165E43
C1171158
C117C389
C11874E2
C119256B
C119D52C
C11A842D
C11B3278
C11BE012
C11C8D04
C11D3955
C11DE50B
C11E902C
C11F3ABF
C11FE4CA
C1208E51
C121375C
C121DFEE
C122880C
C1232FBC
C123D702
C1247DE1
C1252460
C125CA80
C1267047
C12715B7
C127BAD4
C1285FA2
C1290424
C129A85D
C12A4C4F
C12AEFFE
C12B936D
C12C369D
C12CD991
C12D7C4D
C12E1ED1
C12EC120
C12F633D
C1300529
C130A6E6
C1314876
C131E9DB
C1328B17
C1332C2B
C133CD18
C1346DE1
C1350E86
C135AF0A
C1364F6C
C136EFB0
C1378FD5
BF9BCDDF
BF9C21BF
BF9C78C0
BF9CD300
BF9D309C
BF9D91B5
BF9DF66B
BF9E5EE1
BF9ECB3A
BF9F3B9B
BF9FB02A
BFA0290E
BFA0A670
BFA1287B
BFA1AF5A
BFA23B3C
BFA2CC4F
BFA362C4
BFA3FECF
BFA4A0A5
BFA5487B
BFA5F68B
BFA6AB0F
BFA76646
BFA8286D
BFA8F1C7
BFA9C298
BFAA9B26
BFAB7BBB
BFAC64A3
BFAD562C
BFAE50A8
BFAF546D
BFB061D1
BFB17931
BFB29AEA
BFB3C75E
BFB4FEF4
BFB64213
BFB7912A
BFB8ECA9
BFBA5505
BFBBCAB8
BFBD4E3F
BFBEE01C
BFC080D5
BFC230F7
BFC3F10F
BFC5C1B4
BFC7A380
BFC99710
BFCB9D0A
BFCDB616
BFCFE2E3
BFD22426
BFD47A96
BFD6E6F3
BFD96A02
BFDC048B
BFDEB75D
BFE1834C
BFE46930
BFE769E8
BFEA8655
BFEDBF5F
BFF115EF
BFF48AF5
BFF81F61
BFFBD428
BFFFAA40
C001D150
C003DF21
C005FF0E
C0083192
C00A772A
C00CD04C
C00F3D70
C011BF0A
C014558A
C017015C
C019C2E7
C01C9A8C
C01F88A7
C0228D89
C025A97E
C028DCC7
C02C279B
C02F8A28
C033048D
C03696DE
C03A4122
C03E0351
C041DD55
C045CF07
C049D832
C04DF890
C0522FCA
C0567D7A
C05AE128
C05F5A4C
C063E84C
C0688A82
C06D4035
C072089E
C076E2E8
C07BCE31
C08064C6
C082E9FE
C0857640
C0880905
C08AA1C2
C08D3FE9
C08FE2EA
C0928A31
C095352B
C097E343
C09A93E3
C09D4676
C09FFA69
C0A2AF29
C0A56426
C0A818D3
C0AACCA5
C0AD7F16
C0B02FA2
C0B2DDCB
C0B58919
C0B83115
C0BAD553
C0BD7568
C0C010F2
C0C2A793
C0C538F5
C0C7C4C8
C0CA4AC3
C0CCCAA2
C0CF4429
C0D1B724
C0D42361
C0D688BA
C0D8E70D
C0DB3E3C
C0DD8E33
C0DFD6E1
C0E2183C
C0E45240
C0E684EC
C0E8B045
C0EAD455
C0ECF12A
C0EF06D4
C0F1156B
C0F31D05
C0F51DBF
C0F717B7
C0F90B0D
C0FAF7E4
C0FCDE60
C0FEBEA7
C1004C71
C101369B
C1021DE6
C1030268
C103E436
C104C363
C105A006
C1067A33
C10751FE
C108277D
C108FAC4
C109CBE6
C10A9AF8
C10B680B
C10C3334
C10CFC85
C10DC40F
C10E89E3
C10F4E13
C11010B0
C110D1C8
C111916B
C1124FA9
C1130C8F
C113C82C
C114828C
C1153BBD
C115F3CB
C116AAC2
C11760AD
C1181597
C118C98C
C1197C95
C11A2EBB
C11AE009
C11B9088
C11C403F
C11CEF37
C11D9D78
C11E4B0A
C11EF7F3
C11FA43C
C1204FE9
C120FB03
C121A58F
C1224F92
C122F913
C123A217
C1244AA3
C124F2BB
C1259A65
C12641A6
C126E880
C1278EF9
C1283515
C128DAD7
C1298042
C12A255B
C12ACA25
C12B6EA3
C12C12D8
C12CB6C7
C12D5A72
C12DFDDD
C12EA10A
C12F43FB
C12FE6B4
C1308935
C1312B82
C131CD9C
C1326F85
C1331140
C133B2CE
C1345430
C134F56A
C135967B
C1363767
C136D82D
C13778D1
C1381952
C138B9B3
C13959F5
BFA07761
BFA0CB7D
BFA122BC
BFA17D3B
BFA1DB1B
BFA23C79
BFA2A178
BFA30A39
BFA376E1
BFA3E793
BFA45C76
BFA4D5B2
BFA55370
BFA5D5D9
BFA65D1C
BFA6E964
BFA77AE2
BFA811C6
BFA8AE45
BFA95093
BFA9F8E6
BFAAA778
BFAB5C83
BFAC1846
BFACDAFF
BFADA4F1
BFAE7660
BFAF4F93
BFB030D3
BFB11A6C
BFB20CAE
BFB307EB
BFB40C78
BFB51AAC
BFB632E4
BFB7557E
BFB882DD
BFB9BB66
BFBAFF83
BFBC4FA2
BFBDAC34
BFBF15AE
BFC08C8A
BFC21146
BFC3A465
BFC5466D
BFC6F7EB
BFC8B96F
BFCA8B8E
BFCC6EE3
BFCE640D
BFD06BB1
BFD28679
BFD4B514
BFD6F837
BFD9509D
BFDBBF04
BFDE4432
BFE0E0F1
BFE39611
BFE66466
BFE94CCB
BFEC501D
BFEF6F42
BFF2AB1F
BFF604A3
BFF97CBB
BFFD145B
C000663C
C0025305
C0045106
C00660BA
C00882A0
C00AB734
C00CFEF0
C00F5A4F
C011C9C8
C0144DD2
C016E6DC
C0199554
C01C59A2
C01F342A
C0222547
C0252D4D
C0284C89
C02B833E
C02ED1A4
C03237EA
C035B633
C0394C93
C03CFB12
C040C1AD
C044A04C
C04896CE
C04CA4FD
C050CA97
C0550747
C0595AA9
C05DC446
C0624399
C066D80D
C06B80FA
C0703DAB
C0750D5C
C079EF3B
C07EE266
C081F2F9
C0847C74
C0870D22
C089A47E
C08C41FE
C08EE515
C0918D32
C09439C4
C096EA37
C0999DF5
C09C546B
C09F0D03
C0A1C728
C0A48249
C0A73DD5
C0A9F93C
C0ACB3F5
C0AF6D76
C0B2253C
C0B4DAC7
C0B78D9B
C0BA3D42
C0BCE94A
C0BF9149
C0C234D9
C0C4D398
C0C76D2F
C0CA014A
C0CC8F9B
C0CF17DD
C0D199D0
C0D4153B
C0D689EB
C0D8F7B4
C0DB5E71
C0DDBE02
C0E0164E
C0E26741
C0E4B0CF
C0E6F2EE
C0E92D9C
C0EB60DC
C0ED8CB5
C0EFB131
C0F1CE60
C0F3E456
C0F5F329
C0F7FAF3
C0F9FBD2
C0FBF5E4
C0FDE94B
C0FFD62A
C100DE54
C101CE76
C102BB8D
C103A5B0
C1048CF2
C1057169
C106532A
C1073249
C1080EDD
C108E8FA
C109C0B5
C10A9623
C10B6959
C10C3A69
C10D0969
C10DD66C
C10EA183
C10F6AC2
C110323B
C110F7FE
C111BC1E
C1127EAA
C1133FB2
C113FF46
C114BD74
C1157A4B
C11635D9
C116F02C
C117A94F
C1186150
C119183A
C119CE19
C11A82F7
C11B36E0
C11BE9DE
C11C9BFA
C11D4D3D
C11DFDB2
C11EAD5F
C11F5C4E
C1200A86
C120B80F
C12164F1
C1221131
C122BCD7
C12367EA
C124126F
C124BC6B
C12565E6
C1260EE3
C126B769
C1275F7C
C1280720
C128AE5B
C1295530
C129FBA5
C12AA1BB
C12B4779
C12BECE0
C12C91F5
C12D36BB
C12DDB35
C12E7F66
C12F2351
C12FC6F9
C1306A61
C1310D8B
C131B079
C132532E
C132F5AD
C13397F7
C1343A0E
C134DBF5
C1357DAE
C1361F39
C136C09A
C13761D1
C13802E1
C138A3CA
C139448F
C139E530
C13A85B0
C13B2610
BFA52381
BFA577D6
BFA5CF52
BFA62A10
BFA68830
BFA6E9D2
BFA74F17
BFA7B821
BFA82515
BFA89616
BFA90B4B
BFA984DC
BFAA02F3
BFAA85B9
BFAB0D5B
BFAB9A07
BFAC2BEC
BFACC33C
BFAD602B
BFAE02ED
BFAEABB9
BFAF5AC9
BFB01058
BFB0CCA3
BFB18FEA
BFB25A6F
BFB32C77
BFB40649
BFB4E82E
BFB5D274
BFB6C56A
BFB7C161
BFB8C6AF
BFB9D5AE
BFBAEEB7
BFBC122C
BFBD406E
BFBE79E3
BFBFBEF6
BFC11015
BFC26DB0
BFC3D83F
BFC5503B
BFC6D623
BFC86A7A
BFCA0DC7
BFCBC097
BFCD837A
BFCF5707
BFD13BD9
BFD33290
BFD53BD1
BFD75847
BFD988A2
BFDBCD97
BFDE27E2
BFE09843
BFE31F80
BFE5BE63
BFE875BE
BFEB4666
BFEE3136
BFF1370F
BFF458D4
BFF7976E
BFFAF3CC
BFFE6EDD
C00104CB
C002E278
C004D0F0
C006D0B2
C008E23B
C00B060A
C00D3C9B
C00F866A
C011E3F4
C01455AF
C016DC13
C0197792
C01C289B
C01EEF96
C021CCE8
C024C0EE
C027CBFF
C02AEE66
C02E286A
C0317A45
C034E426
C0386632
C03C007F
C03FB318
C0437DF9
C047610F
C04B5C38
C04F6F44
C05399EF
C057DBE9
C05C34CE
C060A42C
C065297E
C069C432
C06E73A2
C073371C
C0780DDE
C07CF717
C080F8F5
C0837EB6
C0860C55
C088A150
C08B3D23
C08DDF46
C090872B
C0933444
C095E5FF
C0989BC9
C09B550E
C09E1138
C0A0CFB3
C0A38FEA
C0A6514C
C0A91346
C0ABD54A
C0AE96CC
C0B15742
C0B41628
C0B6D2FB
C0B98D3F
C0BC447B
C0BEF83C
C0C1A814
C0C4539C
C0C6FA6F
C0C99C33
C0CC388F
C0CECF36
C0D15FDC
C0D3EA3E
C0D66E21
C0D8EB4E
C0DB6195
C0DDD0CD
C0E038D3
C0E2998A
C0E4F2DC
C0E744B8
C0E98F12
C0EBD1E5
C0EE0D2F
C0F040F6
C0F26D42
C0F4921F
C0F6AF9F
C0F8C5D7
C0FAD4E0
C0FCDCD3
C0FEDDD0
C1006BFC
C10165B5
C1025C28
C1034F66
C1043F84
C1052C96
C10616B0
C106FDE8
C107E253
C108C407
C109A318
C10A7F9D
C10B59AA
C10C3155
C10D06B2
C10DD9D7
C10EAAD6
C10F79C5
C11046B6
C11111BC
C111DAEA
C112A252
C1136805
C1142C14
C114EE90
C115AF89
C1166F0D
C1172D2D
C117E9F6
C118A576
C1195FBB
C11A18D1
C11AD0C5
C11B87A3
C11C3D75
C11CF249
C11DA627
C11E5919
C11F0B2B
C11FBC65
C1206CCF
C1211C73
C121CB59
C1227989
C123270A
C123D3E3
C124801C
C1252BBB
C125D6C6
C1268144
C1272B3A
C127D4AF
C1287DA6
C1292626
C129CE33
C12A75D2
C12B1D08
C12BC3D9
C12C6A48
C12D105A
C12DB613
C12E5B77
C12F0088
C12FA54A
C13049C0
C130EDED
C13191D5
C132357A
C132D8DE
C1337C05
C1341EF0
C134C1A3
C135641F
C1360666
C136A87B
C1374A60
C137EC16
C1388D9F
C1392EFD
C139D033
C13A7140
C13B1228
C13BB2EB
C13C538B
C13CF409
BFA9D220
BFAA26AD
BFAA7E63
BFAAD95E
BFAB37BD
BFAB99A0
BFABFF29
BFAC687B
BFACD5B7
BFAD4705
BFADBC8A
BFAE366E
BFAEB4DA
BFAF37F9
BFAFBFF8
BFB04D05
BFB0DF4F
BFB17708
BFB21463
BFB2B796
BFB360D7
BFB41061
BFB4C66F
BFB5833E
BFB6470E
BFB71222
BFB7E4BF
BFB8BF2B
BFB9A1B1
BFBA8C9E
BFBB8041
BFBC7CED
BFBD82F7
BFBE92B9
BFBFAC8E
BFC0D0D6
BFC1FFF4
BFC33A4E
BFC4804F
BFC5D265
BFC73103
BFC89C9E
BFCA15B1
BFCB9CBB
BFCD3240
BFCED6C8
BFD08ADF
BFD24F17
BFD42406
BFD60A49
BFD80280
BFDA0D51
BFDC2B67
BFDE5D73
BFE0A42C
BFE3004D
BFE57297
BFE7FBD2
BFEA9CC8
BFED564B
BFF02933
BFF3165B
BFF61EA5
BFF942F5
BFFC8436
BFFFE356
C001B0A4
C0037F81
C0055EBD
C0074ED7
C009504C
C00B639A
C00D8941
C00FC1BF
C0120D91
C0146D32
C016E11D
C01969C8
C01C07A8
C01EBB2B
C02184BD
C02464C2
C0275B99
C02A6999
C02D8F12
C030CC4A
C034217C
C0378ED9
C03B1488
C03EB2A2
C0426931
C0463835
C04A1F9C
C04E1F47
C0523706
C056669A
C05AADB2
C05F0BEE
C06380DD
C0680BFE
C06CACBF
C071627E
C0762C8C
C07B0A27
C07FFA83
C0827E61
C0850800
C08799A3
C08A32CB
C08CD2F6
C08F799A
C092262D
C094D820
C0978EE3
C09A49E2
C09D0889
C09FCA46
C0A28E82
C0A554AA
C0A81C2A
C0AAE473
C0ADACF3
C0B0751F
C0B33C6C
C0B60254
C0B8C654
C0BB87EF
C0BE46A8
C0C1020D
C0C3B9AB
C0C66D1A
C0C91BF3
C0CBC5D7
C0CE6A6D
C0D10963
C0D3A26A
C0D6353D
C0D8C19B
C0DB474C
C0DDC61B
C0E03DDB
C0E2AE67
C0E5179E
C0E77965
C0E9D3A9
C0EC265A
C0EE7170
C0F0B4E6
C0F2F0BF
C0F52500
C0F751B3
C0F976E7
C0FB94B0
C0FDAB23
C0FFBA59
C100E138
C101E1C3
C102DEDF
C103D89D
C104CF11
C105C24D
C106B266
C1079F70
C1088981
C10970AF
C10A550E
C10B36B4
C10C15B7
C10CF22D
C10DCC2A
C10EA3C5
C10F7912
C1104C25
C1111D14
C111EBF1
C112B8D2
C11383C7
C1144CE4
C115143C
C115D9DF
C1169DDE
C117604B
C1182134
C118E0AA
C1199EBC
C11A5B77
C11B16E9
C11BD121
C11C8A2A
C11D4212
C11DF8E3
C11EAEAB
C11F6373
C1201746
C120CA2F
C1217C36
C1222D66
C122DDC7
C1238D63
C1243C40
C124EA67
C12597E0
C12644B2
C126F0E4
C1279C7B
C1284780
C128F1F7
C1299BE7
C12A4555
C12AEE47
C12B96C1
C12C3EC9
C12CE663
C12D8D94
C12E3460
C12EDACB
C12F80D9
C130268D
C130CBED
C13170FA
C13215B8
C132BA2B
C1335E55
C1340239
C134A5DB
C135493C
C135EC60
C1368F49
C13731F8
C137D472
C13876B7
C13918C9
C139BAAB
C13A5C5F
C13AFDE6
C13B9F43
C13C4076
C13CE182
C13D8268
C13E2329
C13EC3C7
BFAE8320
BFAED7E4
BFAF2FD2
BFAF8B08
BFAFE9A4
BFB04BC7
BFB0B192
BFB11B28
BFB188AC
BFB1FA44
BFB27016
BFB2EA49
BFB36909
BFB3EC7F
BFB474D8
BFB50242
BFB594ED
BFB62D0B
BFB6CAD0
BFB76E70
BFB81823
BFB8C823
BFB97EAC
BFBA3BFB
BFBB0050
BFBBCBEE
BFBC9F1B
BFBD7A1C
BFBE5D3E
BFBF48CD
BFC03D18
BFC13A73
BFC24133
BFC351B2
BFC46C4C
BFC59161
BFC6C154
BFC7FC8C
BFC94373
BFCA9679
BFCBF610
BFCD62AF
BFCEDCD0
BFD064F4
BFD1FB9D
BFD3A155
BFD556A9
BFD71C2B
BFD8F272
BFDADA1A
BFDCD3C4
BFDEE018
BFE0FFC1
BFE33371
BFE57BDF
BFE7D9C7
BFEA4DEA
BFECD912
BFEF7C09
BFF237A4
BFF50CB9
BFF7FC25
BFFB06CB
BFFE2D91
C000B8B1
C0026997
C00429F5
C005FA45
C007DB04
C009CCB1
C00BCFCB
C00DE4D0
C0100C40
C012469A
C014945D
C016F605
C0196C0C
C01BF6EB
C01E9717
C0214D00
C0241911
C026FBB2
C029F543
C02D061A
C0302E8A
C0336EDA
C036C746
C03A3803
C03DC136
C04162FB
C0451D60
C048F064
C04CDBF7
C050DFFE
C054FC49
C059309A
C05D7CA6
C061E00C
C0665A5E
C06AEB1D
C06F91BA
C0744D96
C0791E02
C07E0240
C0817CC2
C084017C
C0868ED9
C0892462
C08BC198
C08E65FA
C09110FF
C093C21E
C09678C9
C0993470
C09BF482
C09EB86A
C0A17F95
C0A4496F
C0A71564
C0A9E2E1
C0ACB155
C0AF8030
C0B24EE5
C0B51CE9
C0B7E9B5
C0BAB4C5
C0BD7D9A
C0C043B7
C0C306A6
C0C5C5F5
C0C88137
C0CB3804
C0CDE9FA
C0D096BE
C0D33DF9
C0D5DF5C
C0D87A9C
C0DB0F76
C0DD9DAE
C0E0250B
C0E2A55E
C0E51E7D
C0E79043
C0E9FA93
C0EC5D55
C0EEB877
C0F10BEC
C0F357AE
C0F59BBA
C0F7D814
C0FA0CC3
C0FC39D3
C0FE5F56
C1003EAF
C1014A02
C10251B1
C10355CC
C1045661
C1055383
C1064D44
C10743B7
C10836EF
C1092702
C10A1405
C10AFE0D
C10BE52F
C10CC981
C10DAB1A
C10E8A0E
C10F6675
C1104063
C11117ED
C111ED2A
C112C02D
C113910B
C1145FD8
C1152CA7
C115F78C
C116C09A
C11787E1
C1184D75
C1191165
C119D3C2
C11A949D
C11B5405
C11C1208
C11CCEB5
C11D8A1B
C11E4446
C11EFD43
C11FB51E
C1206BE5
C12121A1
C121D65E
C1228A27
C1233D06
C123EF04
C124A02A
C1255083
C1260015
C126AEEA
C1275D0A
C1280A7B
C128B745
C1296370
C12A0F01
C12AB9FF
C12B6470
C12C0E5A
C12CB7C2
C12D60AE
C12E0923
C12EB126
C12F58BB
C12FFFE7
C130A6AE
C1314D15
C131F31E
C13298CF
C1333E2A
C133E334
C13487EE
C1352C5E
C135D085
C1367466
C1371804
C137BB63
C1385E84
C139016A
C139A417
C13A468E
C13AE8D0
C13B8AE0
C13C2CC0
C13CCE72
C13D6FF7
C13E1152
C13EB283
C13F538D
C13FF471
C1409531
BFB33666
BFB38B5F
BFB3E384
BFB43EF2
BFB49DC9
BFB5002A
BFB56635
BFB5D00D
BFB63DD6
BFB6AFB6
BFB725D2
BFB7A054
BFB81F64
BFB8A32E
BFB92BDE
BFB9B9A3
BFBA4CAC
BFBAE52C
BFBB8356
BFBC2761
BFBCD182
BFBD81F5
BFBE38F5
BFBEF6BF
BFBFBB95
BFC087B9
BFC15B71
BFC23703
BFC31ABC
BFC406E7
BFC4FBD5
BFC5F9D9
BFC7014A
BFC81280
BFC92DD9
BFCA53B4
BFCB8475
BFCCC083
BFCE084A
BFCF5C38
BFD0BCC1
BFD22A5B
BFD3A582
BFD52EB5
BFD6C67A
BFD86D59
BFDA23DF
BFDBEAA0
BFDDC233
BFDFAB34
BFE1A647
BFE3B411
BFE5D540
BFE80A86
BFEA549A
BFECB43A
BFEF2A27
BFF1B72C
BFF45C14
BFF719B4
BFF9F0E4
BFFCE282
BFFFEF70
C0018C4C
C0032F72
C004E1A3
C006A358
C008750F
C00A5745
C00C4A78
C00E4F28
C01065D5
C0128EFF
C014CB26
C0171AC9
C0197E65
C01BF677
C01E8377
C02125DB
C023DE15
C026AC91
C02991B8
C02C8DE9
C02FA180
C032CCCD
C036101A
C0396BA5
C03CDFA3
C0406C3C
C044118E
C047CFA6
C04BA687
C04F9624
C0539E60
C057BF0F
C05BF7F7
C06048CB
C064B12F
C06930B7
C06DC6E6
C072732E
C07734F3
C07C0B88
C0807B19
C082FA14
C085824A
C0881348
C08AAC98
C08D4DBD
C08FF635
C092A57B
C0955B04
C0981645
C09AD6AE
C09D9BAE
C0A064B3
C0A33129
C0A6007D
C0A8D21C
C0ABA571
C0AE79ED
C0B14F00
C0B4241B
C0B6F8B5
C0B9CC44
C0BC9E44
C0BF6E35
C0C23B99
C0C505F8
C0C7CCDE
C0CA8FDC
C0CD4E89
C0D0087F
C0D2BD62
C0D56CD6
C0D8168A
C0DABA31
C0DD5784
C0DFEE42
C0E27E31
C0E5071D
C0E788D9
C0EA033B
C0EC7625
C0EEE178
C0F14521
C0F3A10F
C0F5F537
C0F84196
C0FA862A
C0FCC2F9
C0FEF80B
C10092B8
C101A59C
C102B4BC
C103C025
C104C7E6
C105CC0C
C106CCAA
C107C9D0
C108C392
C109BA03
C10AAD37
C10B9D43
C10C8A3D
C10D743B
C10E5B51
C10F3F97
C1102122
C1110008
C111DC5F
C112B63D
C1138DB8
C11462E4
C11535D7
C11606A5
C116D561
C117A221
C1186CF6
C11935F3
C119FD2B
C11AC2AF
C11B8691
C11C48E0
C11D09AC
C11DC906
C11E86FC
C11F439C
C11FFEF5
C120B913
C1217205
C12229D5
C122E090
C1239641
C1244AF4
C124FEB3
C125B188
C126637D
C127149A
C127C4EA
C1287474
C1292341
C129D159
C12A7EC3
C12B2B86
C12BD7AA
C12C8334
C12D2E2C
C12DD897
C12E827B
C12F2BDE
C12FD4C5
C1307D34
C1312532
C131CCC2
C13273EA
C1331AAD
C133C10F
C1346715
C1350CC1
C135B219
C136571F
C136FBD6
C137A042
C1384466
C138E844
C1398BE0
C13A2F3B
C13AD259
C13B753D
C13C17E8
C13CBA5C
C13D5C9C
C13DFEAA
C13EA088
C13F4238
C13FE3BB
C1408513
C1412643
C141C74B
C142682E
BFB7EBD8
BFB84103
BFB8995D
BFB8F503
BFB95413
BFB9B6AF
BFBA1CF8
BFBA8710
BFBAF51C
BFBB6742
BFBBDDA6
BFBC5873
BFBCD7D1
BFBD5BEC
BFBDE4F1
BFBE730D
BFBF0672
BFBF9F51
BFC03DDE
BFC0E24F
BFC18CDB
BFC23DBC
BFC2F52F
BFC3B372
BFC478C4
BFC5456A
BFC619A8
BFC6F5C7
BFC7DA11
BFC8C6D4
BFC9BC60
BFCABB08
BFCBC323
BFCCD50B
BFCDF11C
BFCF17B6
BFD0493F
BFD1861D
BFD2CEBC
BFD4238B
BFD584FD
BFD6F38B
BFD86FAE
BFD9F9E9
BFDB92C0
BFDD3ABC
BFDEF26B
BFE0BA60
BFE29334
BFE47D84
BFE679F2
BFE88927
BFEAABCF
BFECE29D
BFEF2E4A
BFF18F93
BFF4073C
BFF6960D
BFF93CD6
BFFBFC6A
BFFED5A3
C000E4B0
C0026C42
C00401FC
C005A654
C00759C5
C0091CC8
C00AEFDA
C00CD379
C00EC825
C010CE5D
C012E6A4
C0151179
C0174F5D
C019A0D0
C01C0651
C01E805B
C0210F6A
C023B3F3
C0266E69
C0293F3B
C02C26D1
C02F258D
C0323BCA
C03569DB
C038B00B
C03C0E99
C03F85BC
C043159E
C046BE5C
C04A8008
C04E5AA4
C0524E26
C0565A73
C05A7F61
C05EBCB7
C063122B
C0677F62
C06C03F3
C0709F62
C0755124
C07A18A0
C07EF52A
C081F306
C084753D
C08700D3
C0899555
C08C324E
C08ED742
C09183B0
C0943715
C096F0E7
C099B09B
C09C75A3
C09F3F6F
C0A20D6C
C0A4DF09
C0A7B3B2
C0AA8AD5
C0AD63DE
C0B03E3E
C0B31964
C0B5F4C2
C0B8CFCD
C0BBA9FD
C0BE82CC
C0C159B9
C0C42E45
C0C6FFF6
C0C9CE58
C0CC98F9
C0CF5F6E
C0D22150
C0D4DE3D
C0D795DC
C0DA47D5
C0DCF3D8
C0DF999C
C0E238DE
C0E4D15E
C0E762E6
C0E9ED44
C0EC704D
C0EEEBDB
C0F15FD1
C0F3CC14
C0F63090
C0F88D39
C0FAE206
C0FD2EF4
C0FF7403
C100D89E
C101F354
C1030A2B
C1041D2E
C1052C67
C10637E4
C1073FB2
C10843E3
C1094486
C10A41AF
C10B3B70
C10C31DE
C10D250D
C10E1512
C10F0203
C10FEBF5
C110D300
C111B739
C11298B6
C113778D
C11453D5
C1152DA4
C116050F
C116DA2B
C117AD0E
C1187DCC
C1194C79
C11A1928
C11AE3EE
C11BACDC
C11C7405
C11D397A
C11DFD4D
C11EBF8E
C11F804C
C1203F99
C120FD82
C121BA15
C1227562
C1232F74
C123E85A
C124A01F
C12556CF
C1260C76
C126C11F
C12774D4
C12827A0
C128D98C
C1298AA1
C12A3AE8
C12AEA6A
C12B9930
C12C4740
C12CF4A3
C12DA15F
C12E4D7C
C12EF900
C12FA3F2
C1304E57
C130F836
C131A193
C1324A75
C132F2DF
C1339AD8
C1344264
C134E987
C1359046
C13636A4
C136DCA6
C137824F
C13827A3
C138CCA5
C1397159
C13A15C2
C13AB9E2
C13B5DBE
C13C0156
C13CA4AF
C13D47CB
C13DEAAC
C13E8D54
C13F2FC6
C13FD204
C1407410
C14115EC
C141B79A
C142591B
C142FA72
C1439BA0
C1443CA6
BFBCA35B
BFBCF8B9
BFBD5146
BFBDAD20
BFBE0C68
BFBE6F3E
BFBED5C3
BFBF4019
BFBFAE66
BFC020CF
BFC09779
BFC1128F
BFC19239
BFC216A2
BFC29FF8
BFC32E6A
BFC3C227
BFC45B62
BFC4FA4E
BFC59F22
BFC64A15
BFC6FB62
BFC7B345
BFC871FB
BFC937C6
BFCA04EA
BFCAD9AA
BFCBB651
BFCC9B28
BFCD887D
BFCE7EA1
BFCF7DE8
BFD086A8
BFD1993B
BFD2B5FF
BFD3DD53
BFD50F9D
BFD64D44
BFD796B4
BFD8EC5C
BFDA4EB0
BFDBBE29
BFDD3B42
BFDEC67B
BFE0605A
BFE2096A
BFE3C238
BFE58B58
BFE76562
BFE950F6
BFEB4EB4
BFED5F47
BFEF835C
BFF1BBA6
BFF408DD
BFF66BC2
BFF8E517
BFFB75A6
BFFE1E3F
C0006FDB
C001DD74
C0035858
C004E0FB
C00677D2
C0081D53
C009D1F8
C00B963C
C00D6A9E
C00F4F9A
C01145B2
C0134D66
C0156738
C01793AA
C019D33C
C01C266F
C01E8DC3
C02109B5
C0239AC0
C026415B
C028FDFA
C02BD10D
C02EBAFC
C031BC2C
C034D4F9
C03805B6
C03B4EAF
C03EB026
C0422A52
C045BD5F
C049696B
C04D2E8B
C0510CC2
C0550406
C0591440
C05D3D47
C0617EE4
C065D8CE
C06A4AAE
C06ED41C
C073749D
C0782BAB
C07CF8AC
C080ED7C
C08368ED
C085EE47
C0887D1F
C08B1508
C08DB58B
C0905E2F
C0930E74
C095C5D7
C09883D0
C09B47D5
C09E1159
C0A0DFCC
C0A3B29E
C0A6893D
C0A96316
C0AC3F97
C0AF1E2F
C0B1FE4D
C0B4DF60
C0B7C0DC
C0BAA234
C0BD82E1
C0C0625C
C0C34022
C0C61BB5
C0C8F49A
C0CBCA59
C0CE9C81
C0D16AA4
C0D43459
C0D6F93D
C0D9B8F2
C0DC731F
C0DF2772
C0E1D59E
C0E47D5A
C0E71E68
C0E9B88A
C0EC4B8E
C0EED742
C0F15B80
C0F3D824
C0F64D11
C0F8BA30
C0FB1F6F
C0FD7CC4
C0FFD226
C1010FCB
C102328B
C1035156
C1046C35
C105832E
C106964B
C107A59A
C108B127
C109B901
C10ABD39
C10BBDE1
C10CBB0B
C10DB4CB
C10EAB34
C10F9E5D
C1108E5A
C1117B41
C1126528
C1134C26
C1143052
C11511C1
C115F08A
C116CCC3
C117A683
C1187DDE
C11952EB
C11A25BE
C11AF66C
C11BC509
C11C91A9
C11D5C60
C11E253F
C11EEC59
C11FB1C0
C1207584
C12137B7
C121F869
C122B7A8
C1237584
C124320C
C124ED4C
C125A753
C126602E
C12717E8
C127CE8E
C128842B
C12938CB
C129EC76
C12A9F39
C12B511C
C12C0229
C12CB268
C12D61E3
C12E10A1
C12EBEAA
C12F6C06
C13018BB
C130C4D2
C1317050
C1321B3C
C132C59B
C1336F75
C13418CD
C134C1A9
C1356A0F
C1361204
C136B98B
C13760AA
C1380764
C138ADBF
C13953BD
C139F962
C13A9EB3
C13B43B2
C13BE862
C13C8CC8
C13D30E6
C13DD4BE
C13E7854
C13F1BAB
C13FBEC4
C14061A2
C1410448
C141A6B8
C14248F4
C142EAFE
C1438CD8
C1442E83
C144D003
C1457158
C1461284
BFC15CDA
BFC1B267
BFC20B26
BFC26734
BFC2C6B2
BFC329BF
BFC3907E
BFC3FB11
BFC4699C
BFC4DC46
BFC55334
BFC5CE90
BFC64E83
BFC6D338
BFC75CDE
BFC7EBA1
BFC87FB4
BFC91947
BFC9B890
BFCA5DC4
BFCB091B
BFCBBAD0
BFCC731E
BFCD3245
BFCDF885
BFCEC621
BFCF9B60
BFD0788A
BFD15DE9
BFD24BCC
BFD34284
BFD44265
BFD54BC4
BFD65EFD
BFD77C6D
BFD8A475
BFD9D77A
BFDB15E3
BFDC601D
BFDDB697
BFDF19C6
BFE08A22
BFE20827
BFE39457
BFE52F37
BFE6D951
BFE89334
BFEA5D74
BFEC38AB
BFEE2577
BFF0247B
BFF23660
BFF45BD5
BFF6958E
BFF8E444
BFFB48B6
BFFDC3A8
C0002AF3
C0018020
C002E1C6
C0045051
C005CC33
C00755DE
C008EDC7
C00A9466
C00C4A36
C00E0FB1
C00FE556
C011CBA4
C013C31C
C015CC3E
C017E78E
C01A158E
C01C56BF
C01EABA3
C02114BA
C0239283
C0262578
C028CE13
C02B8CC8
C02E6208
C0314E3C
C03451CA
C0376D0E
C03AA05F
C03DEC09
C041504E
C044CD68
C0486383
C04C12C1
C04FDB35
C053BCE6
C057B7CC
C05BCBCF
C05FF8CB
C0643E88
C0689CC1
C06D1321
C071A13F
C07646A7
C07B02D1
C07FD527
C0825E82
C084DCD9
C0876539
C089F739
C08C926A
C08F365B
C091E290
C094968C
C09751CC
C09A13CB
C09CDBFE
C09FA9DB
C0A27CD2
C0A55454
C0A82FCF
C0AB0EB3
C0ADF06E
C0B0D46E
C0B3BA23
C0B6A0FE
C0B98871
C0BC6FF1
C0BF56F5
C0C23CF7
C0C52173
C0C803EA
C0CAE3E0
C0CDC0DD
C0D09A6D
C0D37021
C0D6418F
C0D90E51
C0DBD606
C0DE9855
C0E154E6
C0E40B6B
C0E6BB99
C0E9652B
C0EC07E4
C0EEA38C
C0F137EF
C0F3C4E1
C0F64A3C
C0F8C7DF
C0FB3DB0
C0FDAB99
C10008C6
C10137BE
C10262B4
C10389A6
C104AC99
C105CB90
C106E692
C107FDA8
C10910DD
C10A203E
C10B2BD9
C10C33BD
C10D37FC
C10E38A6
C10F35CF
C1102F8C
C11125F0
C1121912
C1130906
C113F5E3
C114DFBF
C115C6B1
C116AACF
C1178C30
C1186AEA
C1194715
C11A20C5
C11AF811
C11BCD0E
C11C9FD2
C11D7071
C11E3EFF
C11F0B90
C11FD637
C1209F08
C1216614
C1222B6D
C122EF24
C123B14A
C12471EE
C1253121
C125EEF1
C126AB6C
C12766A1
C128209D
C128D96D
C129911D
C12A47B9
C12AFD4C
C12BB1E2
C12C6585
C12D183F
C12DCA1A
C12E7B1E
C12F2B56
C12FDAC9
C1308980
C1313782
C131E4D7
C1329187
C1333D97
C133E910
C13493F6
C1353E50
C135E824
C1369177
C1373A4F
C137E2B0
C1388AA0
C1393223
C139D93E
C13A7FF4
C13B264B
C13BCC45
C13C71E7
C13D1734
C13DBC30
C13E60DE
C13F0541
C13FA95B
C1404D31
C140F0C5
C1419419
C142372F
C142DA0B
C1437CAF
C1441F1D
C144C157
C145635E
C1460536
C146A6E0
C147485E
C147E9B2
BFC6183E
BFC66DF9
BFC6C6E7
BFC72328
BFC782D9
BFC7E61D
BFC84D13
BFC8B7E1
BFC926A9
BFC99991
BFCA10C1
BFCA8C61
BFCB0C9B
BFCB919A
BFCC1B8B
BFCCAA9F
BFCD3F04
BFCDD8ED
BFCE788F
BFCF1E20
BFCFC9D8
BFD07BF1
BFD134A7
BFD1F43B
BFD2BAEC
BFD388FD
BFD45EB6
BFD53C5E
BFD62242
BFD710AE
BFD807F5
BFD90869
BFDA1263
BFDB263D
BFDC4454
BFDD6D09
BFDEA0C2
BFDFDFE7
BFE12AE4
BFE2822A
BFE3E62C
BFE55764
BFE6D64E
BFE8636C
BFE9FF43
BFEBAA5E
BFED654E
BFEF30A5
BFF10CFE
BFF2FAF8
BFF4FB36
BFF70E63
BFF9352C
BFFB7047
BFFDC06E
C0001330
C0015171
C0029B60
C003F166
C00553ED
C006C363
C008403A
C009CAE4
C00B63D6
C00D0B8A
C00EC27A
C0108921
C0125FFF
C0144793
C016405E
C0184AE2
C01A67A3
C01C9723
C01ED9E4
C021306A
C0239B35
C0261AC3
C028AF92
C02B5A1B
C02E1AD3
C030F22C
C033E091
C036E667
C03A040E
C03D39DB
C040881D
C043EF17
C0476F04
C04B0812
C04EBA64
C052860E
C0566B1A
C05A697F
C05E812B
C062B1F6
C066FBAF
C06B5E10
C06FD8C6
C0746B6C
C079158D
C07DD6A6
C0815711
C083CDAE
C0864ED3
C088DA1E
C08B6F29
C08E0D88
C090B4C8
C093646F
C0961C03
C098DB00
C09BA0E3
C09E6D24
C0A13F36
C0A4168D
C0A6F29B
C0A9D2CE
C0ACB697
C0AF9D64
C0B286A6
C0B571CC
C0B85E47
C0BB4B8B
C0BE390C
C0C12641
C0C412A3
C0C6FDB0
C0C9E6E7
C0CCCDCB
C0CFB1E3
C0D292BB
C0D56FE1
C0D848EA
C0DB1D6F
C0DDED0C
C0E0B764
C0E37C20
C0E63AED
C0E8F37E
C0EBA58B
C0EE50D2
C0F0F519
C0F39229
C0F627D2
C0F8B5E9
C0FB3C4C
C0FDBADA
C10018BE
C1015010
C102835A
C103B29A
C104DDCE
C10604F6
C1072816
C1084734
C1096256
C10A7986
C10B8CD0
C10C9C41
C10DA7E7
C10EAFD3
C10FB415
C110B4C0
C111B1E8
C112ABA1
C113A1FF
C1149519
C1158504
C11671D6
C1175BA6
C118428B
C119269C
C11A07EF
C11AE69C
C11BC2B7
C11C9C59
C11D7396
C11E4884
C11F1B38
C11FEBC8
C120BA47
C12186CA
C1225163
C1231A25
C123E123
C124A66F
C1256A18
C1262C31
C126ECC9
C127ABF0
C12869B4
C1292624
C129E14E
C12A9B3F
C12B5404
C12C0BAA
C12CC23C
C12D77C7
C12E2C53
C12EDFEE
C12F929F
C1304472
C130F56F
C131A59F
C132550B
C13303BB
C133B1B6
C1345F05
C1350BAF
C135B7B9
C136632C
C1370E0C
C137B861
C1386230
C1390B7F
C139B452
C13A5CAF
C13B049A
C13BAC19
C13C5330
C13CF9E3
C13DA036
C13E462D
C13EEBCB
C13F9115
C140360E
C140DAB9
C1417F19
C1422331
C142C704
C1436A95
C1440DE6
C144B0FB
C14553D5
C145F676
C14698E2
C1473B1A
C147DD20
C1487EF6
C149209E
C149C21A
BFCAD571
BFCB2B59
BFCB8476
BFCBE0E6
BFCC40CA
BFCCA442
BFCD0B6F
BFCD7674
BFCDE577
BFCE589C
BFCED00B
BFCF4BED
BFCFCC6B
BFD051B1
BFD0DBED
BFD16B4D
BFD20002
BFD29A3E
BFD33A37
BFD3E021
BFD48C37
BFD53EB1
BFD5F7CC
BFD6B7C8
BFD77EE6
BFD84D6A
BFD92398
BFDA01BB
BFDAE81E
BFDBD70F
BFDCCEE0
BFDDCFE4
BFDEDA73
BFDFEEE7
BFE10DA0
BFE236FD
BFE36B65
BFE4AB3F
BFE5F6F9
BFE74F03
BFE8B3D1
BFEA25DE
BFEBA5A5
BFED33A8
BFEED06F
BFF07C83
BFF23875
BFF404DA
BFF5E24C
BFF7D169
BFF9D2D7
BFFBE740
BFFE0F52
C00025E2
C0014EA7
C002825A
C003C15C
C0050C14
C00662EB
C007C64C
C00936A5
C00AB468
C00C4008
C00DD9FB
C00F82BA
C0113ABF
C0130288
C014DA94
C016C362
C018BD75
C01AC94F
C01CE773
C01F1866
C0215CAA
C023B4C3
C0262132
C028A276
C02B390E
C02DE573
C030A81C
C033817B
C03671FC
C0397A07
C03C99FA
C03FD22D
C04322EF
C0468C86
C04A0F2C
C04DAB12
C051605C
C0552F1F
C0591766
C05D192C
C061345D
C06568D6
C069B666
C06E1CC9
C0729BAE
C07732B1
C07BE162
C080539E
C082C1D7
C0853B0C
C087BEE4
C08A4D01
C08CE4FD
C08F866D
C09230DE
C094E3DB
C0979EE7
C09A6182
C09D2B28
C09FFB53
C0A2D179
C0A5AD0D
C0A88D81
C0AB7247
C0AE5AD0
C0B1468A
C0B434E6
C0B72556
C0BA174B
C0BD0A37
C0BFFD91
C0C2F0D0
C0C5E36C
C0C8D4E3
C0CBC4B3
C0CEB260
C0D19D70
C0D4856C
C0D769E3
C0DA4A68
C0DD2691
C0DFFDFA
C0E2D043
C0E59D13
C0E86413
C0EB24F5
C0EDDF6E
C0F09338
C0F34016
C0F5E5CE
C0F8842B
C0FB1B02
C0FDAA29
C10018BF
C1015873
C1029424
C103CBCA
C104FF60
C1062EE1
C1075A4D
C10881A5
C109A4EE
C10AC42E
C10BDF6C
C10CF6B3
C10E0A0F
C10F198D
C110253D
C1112D2E
C1123173
C113321E
C1142F44
C11528F7
C1161F4F
C1171260
C1180241
C118EF08
C119D8CD
C11ABFA5
C11BA3A8
C11C84EE
C11D638C
C11E3F99
C11F192B
C11FF05A
C120C539
C12197DF
C1226860
C12336D1
C1240345
C124CDD0
C1259684
C1265D75
C12722B3
C127E650
C128A85C
C12968E8
C12A2803
C12AE5BB
C12BA220
C12C5D40
C12D1727
C12DCFE2
C12E877E
C12F3E07
C12FF388
C130A80C
C1315B9E
C1320E47
C132C012
C1337108
C1342131
C134D096
C1357F3F
C1362D34
C136DA7D
C1378720
C1383325
C138DE93
C139896E
C13A33BE
C13ADD88
C13B86D2
C13C2FA0
C13CD7F9
C13D7FE1
C13E275C
C13ECE6F
C13F751E
C1401B6D
C140C161
C14166FC
C1420C43
C142B139
C14355E1
C143FA3E
C1449E53
C1454224
C145E5B2
C1468902
C1472C14
C147CEEB
C148718B
C14913F5
C149B62B
C14A582F
C14AFA03
C14B9BAA
BFCF9460
BFCFEA73
BFD043BD
BFD0A05C
BFD10070
BFD1641A
BFD1CB7C
BFD236B8
BFD2A5F3
BFD31953
BFD390FF
BFD40D21
BFD48DE1
BFD5136C
BFD59DEF
BFD62D99
BFD6C29C
BFD75D28
BFD7FD74
BFD8A3B6
BFD95025
BFDA02FD
BFDABC7A
BFDB7CDC
BFDC4463
BFDD1354
BFDDE9F5
BFDEC88E
BFDFAF6C
BFE09EDD
BFE19733
BFE298C2
BFE3A3E1
BFE4B8EB
BFE5D840
BFE7023F
BFE8374F
BFE977D9
BFEAC449
BFEC1D11
BFED82A5
BFEEF57E
BFF0761B
BFF204FD
BFF3A2AA
BFF54FAF
BFF70C9B
BFF8DA05
BFFAB885
BFFCA8BC
BFFEAB50
C0006075
C001751D
C00293FB
C003BD6C
C004F1D2
C006318F
C0077D09
C008D4AA
C00A38DD
C00BAA11
C00D28B8
C00EB546
C0105030
C011F9F1
C013B303
C0157BE3
C0175512
C0193F10
C01B3A5F
C01D4782
C01F66FE
C0219956
C023DF10
C02638AD
C028A6B1
C02B299C
C02DC1ED
C030701D
C03334A5
C0360FF8
C0390282
C03C0CAC
C03F2ED6
C0426959
C045BC85
C04928A0
C04CADE7
C0504C8A
C05404B0
C057D670
C05BC1D5
C05FC6DB
C063E571
C0681D76
C06C6EB9
C070D8F9
C0755BE6
C079F720
C07EAA35
C081BA53
C0842AF1
C086A6A5
C0892D18
C08BBDED
C08E58C0
C090FD25
C093AAAC
C09660E0
C0991F45
C09BE55F
C09EB2A8
C0A1869D
C0A460B3
C0A74060
C0AA2518
C0AD0E4C
C0AFFB6E
C0B2EBEF
C0B5DF3F
C0B8D4D1
C0BBCC17
C0BEC485
C0C1BD90
C0C4B6AF
C0C7AF5E
C0CAA717
C0CD9D59
C0D091A9
C0D3838A
C0D67286
C0D95E2B
C0DC4609
C0DF29B6
C0E208CD
C0E4E2EB
C0E7B7B4
C0EA86D1
C0ED4FF0
C0F012C2
C0F2CF01
C0F5846A
C0F832C0
C0FAD9CE
C0FD7961
C10008A7
C10150B7
C10294D2
C103D4E9
C10510F3
C10648E7
C1077CC0
C108AC7C
C109D81B
C10AFFA0
C10C230D
C10D426B
C10E5DC2
C10F751D
C1108888
C1119811
C112A3C8
C113ABBE
C114B004
C115B0AE
C116ADCF
C117A77D
C1189DCD
C11990D6
C11A80AC
C11B6D68
C11C5721
C11D3DEC
C11E21E2
C11F031A
C11FE1AA
C120BDA8
C121972D
C1226E4C
C123431D
C12415B4
C124E627
C125B48A
C12680F0
C1274B6D
C1281415
C128DAF8
C129A029
C12A63BA
C12B25BA
C12BE63A
C12CA549
C12D62F7
C12E1F51
C12EDA66
C12F9443
C1304CF4
C1310487
C131BB07
C1327080
C13324FB
C133D885
C1348B27
C1353CEA
C135EDD8
C1369DFA
C1374D59
C137FBFC
C138A9EB
C139572E
C13A03CB
C13AAFCB
C13B5B33
C13C0609
C13CB054
C13D5A19
C13E035F
C13EAC29
C13F547E
C13FFC61
C140A3D9
C1414AE8
C141F194
C14297E0
C1433DD0
C143E368
C14488AC
C1452D9F
C145D244
C146769F
C1471AB2
C147BE80
C148620C
C1490559
C149A869
C14A4B3F
C14AEDDC
C14B9044
C14C3278
C14CD47A
C14D764D
BFD454F7
BFD4AB34
BFD504A9
BFD56176
BFD5C1B9
BFD62594
BFD68D28
BFD6F898
BFD7680A
BFD7DBA4
BFD8538B
BFD8CFEA
BFD950EA
BFD9D6B7
BFDA6180
BFDAF172
BFDB86BF
BFDC2199
BFDCC236
BFDD68CB
BFDE1591
BFDEC8C4
BFDF829F
BFE04363
BFE10B50
BFE1DAAB
BFE2B1BA
BFE390C6
BFE4781B
BFE56808
BFE660DF
BFE762F3
BFE86E9E
BFE98439
BFEAA424
BFEBCEC0
BFED0473
BFEE45A6
BFEF92C6
BFF0EC45
BFF25298
BFF3C638
BFF547A3
BFF6D75B
BFF875E8
BFFA23D5
BFFBE1B3
BFFDB017
BFFF8F9D
C000C072
C001C24A
C002CDAA
C003E2EB
C0050269
C0062C80
C0076193
C008A204
C009EE39
C00B469D
C00CAB9C
C00E1DA3
C00F9D26
C0112A99
C012C672
C014712B
C0162B40
C017F52F
C019CF77
C01BBA99
C01DB719
C01FC57A
C021E641
C02419F3
C0266114
C028BC28
C02B2BB3
C02DB036
C0304A2F
C032FA1A
C035C070
C0389DA5
C03B9226
C03E9E5C
C041C2A8
C044FF65
C04854E4
C04BC36C
C04F4B3B
C052EC83
C056A76A
C05A7C0A
C05E6A70
C0627299
C0669475
C06ACFE4
C06F24B7
C07392B1
C0781980
C07CB8C8
C080B80D
C0831F7B
C0859267
C0881084
C08A997A
C08D2CEF
C08FCA7D
C09271BD
C095223E
C097DB8C
C09A9D2E
C09D66A6
C0A03773
C0A30F10
C0A5ECF5
C0A8D099
C0ABB970
C0AEA6EE
C0B19884
C0B48DA5
C0B785C3
C0BA804F
C0BD7CBF
C0C07A85
C0C37918
C0C677F1
C0C97688
C0CC745A
C0CF70E7
C0D26BB1
C0D5643C
C0D85A13
C0DB4CC0
C0DE3BD4
C0E126E3
C0E40D87
C0E6EF5B
C0E9CC01
C0ECA320
C0EF7463
C0F23F79
C0F5041A
C0F7C1FF
C0FA78E8
C0FD289D
C0FFD0E7
C10138CC
C1028543
C103CDC6
C1051248
C10652BB
C1078F15
C108C750
C109FB67
C10B2B59
C10C5726
C10D7ED2
C10EA260
C10FC1D9
C110DD46
C111F4B2
C113082A
C11417BC
C1152378
C1162B70
C1172FB6
C118305D
C1192D7A
C11A2722
C11B1D6A
C11C1069
C11D0035
C11DECE6
C11ED692
C11FBD51
C120A13A
C1218263
C12260E5
C1233CD6
C124164C
C124ED5D
C125C220
C12694A9
C127650E
C1283363
C128FFBB
C129CA2C
C12A92C6
C12B599C
C12C1EC1
C12CE246
C12DA43A
C12E64AF
C12F23B3
C12FE156
C1309DA6
C13158B1
C1321284
C132CB2C
C13382B6
C134392D
C134EE9D
C135A310
C1365692
C137092D
C137BAE9
C1386BD0
C1391BEB
C139CB43
C13A79E0
C13B27C9
C13BD506
C13C819F
C13D2D99
C13DD8FC
C13E83CD
C13F2E14
C13FD7D5
C1408115
C14129DC
C141D22C
C1427A0C
C1432180
C143C88C
C1446F34
C145157D
C145BB6A
C14660FF
C1470640
C147AB31
C1484FD3
C148F42B
C149983C
C14A3C07
C14ADF91
C14B82DC
C14C25EA
C14CC8BE
C14D6B59
C14E0DBF
C14EAFF2
C14F51F2
BFD91726
BFD96D8B
BFD9C72A
BFDA2422
BFDA8493
BFDAE89C
BFDB5061
BFDBBC05
BFDC2BAC
BFDC9F7C
BFDD179D
BFDD9437
BFDE1575
BFDE9B82
BFDF268D
BFDFB6C5
BFE04C5A
BFE0E77F
BFE1886A
BFE22F50
BFE2DC6B
BFE38FF5
BFE44A2C
BFE50B4E
BFE5D39D
BFE6A35F
BFE77AD8
BFE85A53
BFE9421B
BFEA327F
BFEB2BD2
BFEC2E68
BFED3A99
BFEE50C0
BFEF713D
BFF09C70
BFF1D2C0
BFF31497
BFF46262
BFF5BC92
BFF7239C
BFF897FB
BFFA1A2D
BFFBAAB5
BFFD4A19
BFFEF8E7
C0005BD7
C0014383
C00233C4
C0032CEB
C0042F4B
C0053B39
C006510F
C0077126
C0089BDE
C009D198
C00B12B6
C00C5FA1
C00DB8C1
C00F1E83
C0109157
C01211AF
C0139FFE
C0153CBE
C016E867
C018A376
C01A6E68
C01C49BF
C01E35FC
C02033A2
C0224336
C024653C
C0269A3B
C028E2B6
C02B3F34
C02DB038
C0303644
C032D1D6
C035836D
C0384B80
C03B2A85
C03E20EA
C0412F19
C0445574
C0479457
C04AEC13
C04E5CF1
C051E730
C0558B04
C0594893
C05D1FF8
C0611143
C0651C70
C0694173
C06D802D
C071D86F
C07649FE
C07AD48D
C07F77BD
C0821991
C0848320
C086F845
C08978B4
C08C0416
C08E9A11
C0913A43
C093E443
C09697A2
C09953EF
C09C18AF
C09EE568
C0A1B999
C0A494BE
C0A77651
C0AA5DC9
C0AD4A9C
C0B03C3F
C0B33224
C0B62BC0
C0B92884
C0BC27E4
C0BF2955
C0C22C4B
C0C5303E
C0C834A6
C0CB38FD
C0CE3CBF
C0D13F6D
C0D44089
C0D73F96
C0DA3C1F
C0DD35AD
C0E02BD1
C0E31E1F
C0E60C2C
C0E8F595
C0EBD9F9
C0EEB8FD
C0F19249
C0F4658C
C0F73279
C0F9F8C7
C0FCB834
C0FF7083
C10110BD
C1026575
C103B651
C105033F
C1064C2C
C107910C
C108D1D3
C10A0E77
C10B46F3
C10C7B43
C10DAB65
C10ED75C
C10FFF2A
C11122D5
C1124266
C1135DE6
C1147560
C11588E3
C116987C
C117A43C
C118AC36
C119B07A
C11AB11E
C11BAE35
C11CA7D6
C11D9E16
C11E910B
C11F80CC
C1206D71
C1215711
C1223DC3
C123219F
C12402BB
C124E12F
C125BD12
C126967A
C1276D7D
C1284232
C12914AD
C129E504
C12AB34C
C12B7F97
C12C49FB
C12D1288
C12DD953
C12E9E6B
C12F61E4
C13023CD
C130E437
C131A330
C13260C9
C1331D0F
C133D810
C13491DA
C1354A79
C13601FA
C136B869
C1376DD0
C138223C
C138D5B7
C139884A
C13A39FF
C13AEADF
C13B9AF4
C13C4A46
C13CF8DD
C13DA6C0
C13E53F8
C13F008B
C13FAC80
C14057DE
C14102AB
C141ACED
C14256A9
C142FFE6
C143A8A8
C14450F5
C144F8D1
C145A042
C146474A
C146EDEF
C1479435
C1483A1F
C148DFB2
C14984F0
C14A29DD
C14ACE7D
C14B72D3
C14C16E1
C14CBAAB
C14D5E32
C14E017B
C14EA487
C14F4759
C14FE9F3
C1508C57
C1512E87
BFDDDADA
BFDE3166
BFDE8B2E
BFDEE850
BFDF48EC
BFDFAD23
BFE01518
BFE080EC
BFE0F0C6
BFE164CC
BFE1DD24
BFE259F7
BFE2DB71
BFE361BC
BFE3ED08
BFE47D82
BFE5135D
BFE5AECB
BFE65001
BFE6F735
BFE7A4A2
BFE85880
BFE9130F
BFE9D48C
BFEA9D3B
BFEB6D5F
BFEC453F
BFED2525
BFEE0D5C
BFEEFE34
BFEFF7FF
BFF0FB12
BFF207C5
BFF31E73
BFF43F7C
BFF56B41
BFF6A22A
BFF7E49E
BFF9330D
BFFA8DE8
BFFBF5A4
BFFD6ABD
BFFEEDAF
C0003F7F
C0010F99
C001E76C
C002C740
C003AF61
C004A01C
C00599C2
C0069CA6
C007A91E
C008BF82
C009E02F
C00B0B81
C00C41DC
C00D83A2
C00ED13B
C0102B11
C0119190
C0130529
C014864D
C0161572
C017B310
C0195FA1
C01B1BA0
C01CE78E
C01EC3EA
C020B137
C022AFF9
C024C0B4
C026E3EF
C0291A2E
C02B63F8
C02DC1D3
C0303442
C032BBC8
C03558E5
C0380C17
C03AD5D8
C03DB69C
C040AED3
C043BEE9
C046E740
C04A2834
C04D8219
C050F537
C05481CF
C0582816
C05BE834
C05FC245
C063B658
C067C46E
C06BEC7A
C0702E5F
C07489F0
C078FEF3
C07D8D1C
C0811A08
C08379B1
C085E54D
C0885C96
C08ADF41
C08D6CF8
C0900562
C092A81E
C09554C4
C0980AE8
C09ACA17
C09D91DA
C0A061B6
C0A3392B
C0A617B9
C0A8FCD8
C0ABE803
C0AED8B0
C0B1CE54
C0B4C864
C0B7C654
C0BAC798
C0BDCBA4
C0C0D1EF
C0C3D9ED
C0C6E316
C0C9ECE4
C0CCF6D0
C0D0005A
C0D308FF
C0D61042
C0D915A8
C0DC18BA
C0DF1902
C0E2160F
C0E50F74
C0E804C6
C0EAF5A0
C0EDE1A1
C0F0C86A
C0F3A9A2
C0F684F7
C0F95A17
C0FC28B9
C0FEF096
C100D8B7
C1023584
C1038E96
C104E3D4
C106352A
C1078285
C108CBD5
C10A110B
C10B521E
C10C8F06
C10DC7BD
C10EFC3F
C1102C8E
C11158A9
C1128097
C113A45C
C114C402
C115DF92
C116F719
C1180AA4
C1191A42
C11A2605
C11B2DFE
C11C3240
C11D32E0
C11E2FF1
C11F298A
C1201FC1
C12112AC
C1220263
C122EEFC
C123D890
C124BF35
C125A303
C1268412
C1276278
C1283E4D
C12917A7
C129EE9D
C12AC344
C12B95B2
C12C65FC
C12D3437
C12E0075
C12ECACC
C12F934D
C1305A0C
C1311F19
C131E286
C132A464
C13364C3
C13423B3
C134E141
C1359D7D
C1365875
C1371236
C137CACC
C1388245
C13938AB
C139EE0B
C13AA270
C13B55E3
C13C086F
C13CBA1D
C13D6AF7
C13E1B06
C13ECA52
C13F78E3
C14026C1
C140D3F3
C1418081
C1422C72
C142D7CB
C1438293
C1442CD1
C144D689
C1457FC2
C1462880
C146D0CA
C14778A2
C148200F
C148C714
C1496DB6
C14A13F9
C14AB9E0
C14B5F70
C14C04AC
C14CA997
C14D4E34
C14DF287
C14E9693
C14F3A5B
C14FDDE0
C1508127
C1512431
C151C701
C1526999
C1530BFB
BFE2A003
BFE2F6B5
BFE350A4
BFE3ADEF
BFE40EB6
BFE47319
BFE4DB3B
BFE5473F
BFE5B74A
BFE62B83
BFE6A410
BFE7211B
BFE7A2CE
BFE82956
BFE8B4E0
BFE9459B
BFE9DBB9
BFEA776D
BFEB18EB
BFEBC06B
BFEC6E26
BFED2257
BFEDDD3A
BFEE9F10
BFEF681B
BFF0389E
BFF110E1
BFF1F12E
BFF2D9D1
BFF3CB19
BFF4C558
BFF5C8E3
BFF6D613
BFF7ED44
BFF90ED4
BFFA3B27
BFFB72A1
BFFCB5AF
BFFE04BC
BFFF603C
C0006452
C0011F37
C001E10D
C002AA16
C0037A94
C00452D0
C0053311
C0061BA2
C0070CD3
C00806F4
C0090A57
C00A1753
C00B2E41
C00C4F7D
C00D7B65
C00EB25B
C00FF4C3
C0114304
C0129D89
C01404BF
C0157915
C016FAFF
C0188AF2
C01A2966
C01BD6D6
C01D93BE
C01F609E
C0213DF6
C0232C4A
C0252C1D
C0273DF5
C0296258
C02B99CD
C02DE4DA
C0304404
C032B7D1
C03540C4
C037DF5E
C03A941C
C03D5F7A
C04041ED
C0433BE7
C0464DD1
C0497811
C04CBB03
C05016FB
C0538C45
C0571B20
C05AC3C3
C05E8657
C06262FA
C06659BC
C06A6A9F
C06E9596
C072DA88
C0773948
C07BB19E
C08021A0
C08276E9
C084D876
C087460C
C089BF65
C08C4436
C08ED42C
C0916EEE
C094141C
C096C350
C0997C1E
C09C3E14
C09F08BD
C0A1DB9F
C0A4B63C
C0A79812
C0AA809F
C0AD6F5B
C0B063BE
C0B35D41
C0B65B57
C0B95D76
C0BC6314
C0BF6BA6
C0C276A2
C0C58380
C0C891B7
C0CBA0C1
C0CEB019
C0D1BF3F
C0D4CDB1
C0D7DAF2
C0DAE687
C0DDEFF8
C0E0F6D0
C0E3FA9D
C0E6FAF2
C0E9F763
C0ECEF89
C0EFE302
C0F2D16E
C0F5BA73
C0F89DBA
C0FB7AF2
C0FE51CE
C1009103
C101F5AB
C10356C0
C104B426
C1060DC2
C107637D
C108B544
C10A0303
C10B4CAC
C10C9232
C10DD38B
C10F10B0
C110499C
C1117E4D
C112AEC3
C113DB00
C1150309
C11626E5
C117469C
C118623A
C11979CB
C11A8D5D
C11B9D00
C11CA8C4
C11DB0BB
C11EB4FA
C11FB594
C120B29F
C121AC30
C122A25D
C123953E
C12484EA
C1257178
C1265AFF
C1274197
C1282559
C129065A
C129E4B3
C12AC07B
C12B99C7
C12C70B0
C12D454A
C12E17AB
C12EE7E8
C12FB615
C1308248
C1314C92
C1321508
C132DBBA
C133A0BC
C134641F
C13525F2
C135E647
C136A52C
C13762B1
C1381EE3
C138D9D2
C139938A
C13A4C18
C13B0389
C13BB9E7
C13C6F40
C13D239D
C13DD709
C13E898E
C13F3B36
C13FEC0A
C1409C13
C1414B59
C141F9E5
C142A7BD
C14354EB
C1440174
C144AD5F
C14558B4
C1460378
C146ADB1
C1475766
C148009B
C148A956
C149519B
C149F970
C14AA0DA
C14B47DC
C14BEE7B
C14C94BB
C14D3A9F
C14DE02C
C14E8565
C14F2A4E
C14FCEE9
C150733A
C1511744
C151BB09
C1525E8D
C15301D2
C153A4DA
C15447A8
C154EA3E
BFE76693
BFE7BD69
BFE8177E
BFE874F0
BFE8D5E0
BFE93A6D
BFE9A2BB
BFEA0EEE
BFEA7F29
BFEAF393
BFEB6C53
BFEBE994
BFEC6B7F
BFECF240
BFED7E06
BFEE0F00
BFEEA55F
BFEF4156
BFEFE31B
BFF08AE4
BFF138EB
BFF1ED6A
BFF2A8A0
BFF36ACB
BFF4342E
BFF5050E
BFF5DDB1
BFF6BE61
BFF7A76B
BFF8991F
BFF993CE
BFFA97CE
BFFBA577
BFFCBD25
BFFDDF39
BFFF0C13
C000220E
C000C3DE
C0016BB1
C00219C1
C002CE48
C0038983
C0044BB3
C0051518
C005E5F8
C006BE98
C0079F42
C0088841
C00979E3
C00A7479
C00B7858
C00C85D4
C00D9D47
C00EBF0D
C00FEB85
C0112311
C0126615
C013B4F8
C0151026
C016780C
C017ED1A
C0196FC2
C01B007C
C01C9FBE
C01E4E05
C0200BCD
C021D997
C023B7E2
C025A733
C027A80E
C029BAF8
C02BE07A
C02E1919
C030655C
C032C5CA
C0353AE8
C037C53B
C03A6543
C03D1B7F
C03FE86B
C042CC7E
C045C828
C048DBD6
C04C07ED
C04F4CCA
C052AAC3
C0562222
C059B32B
C05D5E14
C0612307
C0650223
C068FB7A
C06D0F0E
C0713CD6
C07584B7
C079E688
C07E6210
C0817B84
C083D28C
C08635EB
C088A567
C08B20BB
C08DA79E
C09039BE
C092D6C2
C0957E4B
C0982FF4
C09AEB52
C09DAFF6
C0A07D6A
C0A35335
C0A630DC
C0A915DD
C0AC01B7
C0AEF3E3
C0B1EBDD
C0B4E91A
C0B7EB13
C0BAF13D
C0BDFB10
C0C10801
C0C41788
C0C7291C
C0CA3C37
C0CD5054
C0D064EF
C0D37987
C0D68D9B
C0D9A0AF
C0DCB248
C0DFC1ED
C0E2CF2B
C0E5D98F
C0E8E0AA
C0EBE411
C0EEE35D
C0F1DE28
C0F4D413
C0F7C4C2
C0FAAFDC
C0FD950E
C1003A04
C101A641
C1030F19
C104746D
C105D61E
C1073411
C1088E2D
C109E45B
C10B3689
C10C84A4
C10DCE9F
C10F146E
C1105607
C1119364
C112CC80
C114015B
C11531F4
C1165E4F
C1178670
C118AA60
C119CA27
C11AE5D1
C11BFD6A
C11D1101
C11E20A6
C11F2C6A
C120345F
C121389A
C122392E
C1233632
C1242FBA
C12525DE
C12618B5
C1270855
C127F4D7
C128DE52
C129C4DE
C12AA892
C12B8987
C12C67D2
C12D438D
C12E1CCC
C12EF3A8
C12FC835
C1309A89
C1316AB9
C13238DB
C1330501
C133CF3F
C13497A9
C1355E51
C1362348
C136E6A0
C137A869
C13868B3
C139278F
C139E50A
C13AA134
C13B5C1A
C13C15CA
C13CCE4F
C13D85B8
C13E3C0F
C13EF161
C13FA5B7
C140591C
C1410B9B
C141BD3D
C1426E0B
C1431E0E
C143CD4E
C1447BD4
C14529A8
C145D6D0
C1468354
C1472F3C
C147DA8C
C148854C
C1492F81
C149D932
C14A8263
C14B2B1A
C14BD35C
C14C7B2E
C14D2295
C14DC994
C14E7030
C14F166D
C14FBC4F
C15061D9
C1510710
C151ABF6
C152508F
C152F4DE
C15398E5
C1543CA9
C154E02B
C155836D
C1562674
C156C940
BFEC2E7A
BFEC8574
BFECDFAD
BFED3D45
BFED9E5C
BFEE0313
BFEE6B8B
BFEED7EA
BFEF4853
BFEFBCED
BFF035DF
BFF0B353
BFF13574
BFF1BC6D
BFF2486D
BFF2D9A3
BFF37041
BFF40C7A
BFF4AE82
BFF55692
BFF604E2
BFF6B9AD
BFF77532
BFF837AF
BFF90168
BFF9D2A1
BFFAABA0
BFFB8CB1
BFFC761F
BFFD683A
BFFE6355
BFFF67C6
C0003AF2
C000C706
C001584F
C001EEFE
C0028B46
C0032D5E
C003D57B
C00483D7
C00538AE
C005F43C
C006B6C2
C0078082
C00851BF
C0092AC0
C00A0BCF
C00AF537
C00BE747
C00CE250
C00DE6A4
C00EF49C
C0100C8F
C0112EDB
C0125BDE
C01393FA
C014D794
C0162715
C01782E6
C018EB75
C01A6133
C01BE494
C01D760D
C01F1617
C020C52D
C02283CD
C0245277
C02631AD
C02821F1
C02A23CA
C02C37BE
C02E5E53
C0309811
C032E57F
C0354725
C037BD89
C03A492E
C03CEA97
C03FA244
C04270AF
C0455651
C048539D
C04B68FD
C04E96DA
C051DD90
C0553D75
C058B6D8
C05C49F9
C05FF711
C063BE4D
C0679FCA
C06B9B9D
C06FB1CA
C073E246
C0782CFA
C07C91BE
C080882D
C082D444
C0852CF9
C0879219
C08A0369
C08C80A6
C08F0987
C0919DBB
C0943CEB
C096E6B8
C0999ABE
C09C5895
C09F1FCC
C0A1EFF0
C0A4C88A
C0A7A91D
C0AA912C
C0AD8034
C0B075B1
C0B3711F
C0B671F6
C0B977AF
C0BC81C0
C0BF8FA2
C0C2A0CC
C0C5B4B6
C0C8CADA
C0CBE2B2
C0CEFBB8
C0D2156C
C0D52F4A
C0D848D6
C0DB6192
C0DE7903
C0E18EB2
C0E4A22B
C0E7B2FA
C0EAC0B2
C0EDCAE6
C0F0D12E
C0F3D324
C0F6D068
C0F9C89C
C0FCBB66
C0FFA871
C10147B6
C102B804
C1042500
C1058E87
C106F47A
C10856BB
C109B531
C10B0FC3
C10C665C
C10DB8E8
C10F0758
C110519E
C11197AF
C112D982
C1141712
C115505A
C116855A
C117B613
C118E288
C11A0ABF
C11B2EC0
C11C4E95
C11D6A48
C11E81E8
C11F9582
C120A528
C121B0EB
C122B8DD
C123BD13
C124BDA1
C125BA9D
C126B41C
C127AA36
C1289D02
C1298C97
C12A790D
C12B627C
C12C48FC
C12D2CA3
C12E0D8B
C12EEBCA
C12FC777
C130A0AA
C1317778
C1324BF9
C1331E41
C133EE65
C134BC7A
C1358895
C13652C8
C1371B26
C137E1C3
C138A6AF
C13969FD
C13A2BBC
C13AEBFD
C13BAACF
C13C6841
C13D2462
C13DDF40
C13E98E7
C13F5166
C14008C7
C140BF17
C1417461
C14228B0
C142DC0F
C1438E87
C1444023
C144F0EB
C145A0E9
C1465024
C146FEA5
C147AC74
C1485997
C1490617
C149B1FA
C14A5D46
C14B0802
C14BB233
C14C5BE0
C14D050E
C14DADC2
C14E5601
C14EFDCF
C14FA533
C1504C2F
C150F2C8
C1519903
C1523EE2
C152E46A
C153899E
C1542E82
C154D319
C1557766
C1561B6B
C156BF2D
C15762AD
C15805EE
C158A8F2
BFF0F7AB
BFF14EC6
BFF1A923
BFF206E0
BFF2681C
BFF2CCFB
BFF3359D
BFF3A226
BFF412BB
BFF48783
BFF500A6
BFF57E4C
BFF600A0
BFF687D0
BFF71408
BFF7A578
BFF83C52
BFF8D8CA
BFF97B14
BFFA2367
BFFAD1FE
BFFB8713
BFFC42E4
BFFD05B1
BFFDCFBC
BFFEA14B
BFFF7AA4
C0002E09
C000A2F0
C0011C30
C00199F1
C0021C60
C002A3A7
C0032FF6
C003C17C
C004586A
C004F4F4
C0059750
C0063FB5
C006EE5B
C007A37F
C0085F5E
C0092237
C009EC4D
C00ABDE5
C00B9744
C00C78B4
C00D6282
C00E54FC
C00F5072
C0105539
C01163A7
C0127C16
C0139EE3
C014CC6C
C0160513
C017493F
C0189956
C019F5C4
C01B5EF7
C01CD560
C01E5971
C01FEBA3
C0218C6D
C0233C4B
C024FBBB
C026CB3E
C028AB56
C02A9C85
C02C9F53
C02EB446
C030DBE5
C03316B7
C0356546
C037C819
C03A3FB5
C03CCCA1
C03F6F5E
C042286D
C044F84A
C047DF6D
C04ADE4A
C04DF54D
C05124DE
C0546D5B
C057CF1B
C05B4A6D
C05EDF93
C0628EC6
C0665833
C06A3BFB
C06E3A32
C07252DE
C07685F5
C07AD360
C07F3AFA
C081DE46
C0842BE9
C086863B
C088ED0A
C08B601C
C08DDF2F
C09069FB
C093002F
C095A175
C0984D71
C09B03BE
C09DC3F5
C0A08DA6
C0A36061
C0A63BAE
C0A91F12
C0AC0A11
C0AEFC2A
C0B1F4D9
C0B4F39B
C0B7F7EB
C0BB0141
C0BE0F16
C0C120E2
C0C43620
C0C74E47
C0CA68D3
C0CD853F
C0D0A306
C0D3C1A8
C0D6E0A4
C0D9FF7C
C0DD1DB4
C0E03AD3
C0E35660
C0E66FE7
C0E986F7
C0EC9B20
C0EFABF6
C0F2B911
C0F5C209
C0F8C67E
C0FBC611
C0FEC066
C100DA94
C1025200
C103C652
C1053763
C106A510
C1080F39
C10975BF
C10AD886
C10C3774
C10D9272
C10EE96D
C1103C50
C1118B0E
C112D599
C1141BE6
C1155DEE
C1169BAB
C117D51B
C1190A3C
C11A3B11
C11B679E
C11C8FE8
C11DB3F8
C11ED3D7
C11FEF92
C1210737
C1221AD4
C1232A7A
C124363A
C1253E29
C1264259
C12742E0
C1283FD3
C129394A
C12A2F5A
C12B221B
C12C11A5
C12CFE0F
C12DE772
C12ECDE5
C12FB180
C130925B
C131708D
C1324C2E
C1332554
C133FC16
C134D08A
C135A2C6
C13672DE
C13740E8
C1380CF7
C138D71F
C1399F73
C13A6605
C13B2AE7
C13BEE2B
C13CAFE0
C13D7018
C13E2EE1
C13EEC4A
C13FA863
C1406338
C1411CD8
C141D54E
C1428CA8
C14342F1
C143F834
C144AC7D
C1455FD6
C1461248
C146C3DE
C14774A1
C1482499
C148D3CF
C149824B
C14A3015
C14ADD34
C14B89B0
C14C358E
C14CE0D6
C14D8B8E
C14E35BC
C14EDF65
C14F8890
C1503140
C150D97C
C1518148
C15228A8
C152CFA1
C1537638
C1541C70
C154C24D
C15567D2
C1560D04
C156B1E6
C157567B
C157FAC5
C1589EC9
C1594289
C159E607
C15A8946
BFF5C218
BFF61954
BFF673D2
BFF6D1B3
BFF73314
BFF79819
BFF800E2
BFF86D95
BFF8DE55
BFF9534A
BFF9CC9B
BFFA4A71
BFFACCF7
BFFB545B
BFFBE0C9
BFFC7271
BFFD0986
BFFDA63A
BFFE48C3
BFFEF159
BFFFA034
C0002AC8
C00088D5
C000EA62
C0014F8F
C001B880
C0022558
C002963B
C0030B51
C00384C1
C00402B5
C0048558
C0050CD6
C005995D
C0062B1E
C006C249
C0075F13
C00801B1
C008AA5A
C0095948
C00A0EB7
C00ACAE3
C00B8E0C
C00C5876
C00D2A65
C00E041E
C00EE5ED
C00FD01D
C010C2FC
C011BEDC
C012C411
C013D2F3
C014EBD9
C0160F22
C0173D2C
C018765A
C019BB11
C01B0BBA
C01C68C0
C01DD290
C01F499D
C020CE5A
C022613D
C02402C0
C025B35F
C0277398
C02943EC
C02B24DC
C02D16EF
C02F1AA9
C0313091
C0335930
C035950D
C037E4B2
C03A48A6
C03CC170
C03F4F95
C041F39A
C044ADFE
C0477F3F
C04A67D5
C04D6834
C05080CA
C053B1FF
C056FC32
C05A5FBC
C05DDCEA
C0617401
C065253A
C068F0C5
C06CD6C1
C070D745
C074F257
C07927EF
C07D77F8
C080F126
C083335C
C085827B
C087DE5B
C08A46C8
C08CBB8B
C08F3C62
C091C905
C0946126
C097046F
C099B283
C09C6B01
C09F2D81
C0A1F995
C0A4CECD
C0A7ACB3
C0AA92CE
C0AD80A0
C0B075AC
C0B3716F
C0B67366
C0B97B0E
C0BC87DF
C0BF9955
C0C2AEE9
C0C5C815
C0C8E455
C0CC0322
C0CF23FA
C0D24659
C0D569C0
C0D88DB0
C0DBB1A9
C0DED533
C0E1F7D3
C0E51912
C0E8387C
C0EB55A0
C0EE700F
C0F1875B
C0F49B1D
C0F7AAEE
C0FAB66A
C0FDBD34
C1005F76
C101DD9F
C10358EA
C104D12D
C1064644
C107B809
C109265B
C10A911A
C10BF828
C10D5B6A
C10EBAC7
C110162A
C1116D7D
C112C0B1
C1140FB5
C1155A7E
C116A103
C117E33B
C1192121
C11A5AB4
C11B8FF4
C11CC0E2
C11DED83
C11F15DD
C12039F9
C12159E2
C12275A4
C1238D4C
C124A0EA
C125B08E
C126BC4C
C127C436
C128C860
C129C8DF
C12AC5CA
C12BBF37
C12CB53D
C12DA7F4
C12E9772
C12F83D1
C1306D28
C131538E
C132371D
C13317EC
C133F611
C134D1A6
C135AAC0
C1368176
C13755DE
C138280E
C138F81A
C139C619
C13A921D
C13B5C3A
C13C2483
C13CEB0B
C13DAFE3
C13E731D
C13F34C9
C13FF4F8
C140B3B8
C1417119
C1422D2A
C142E7F7
C143A18F
C14459FE
C1451151
C145C793
C1467CD0
C1473113
C147E465
C14896D2
C1494862
C149F920
C14AA913
C14B5844
C14C06BB
C14CB480
C14D619B
C14E0E12
C14EB9ED
C14F6531
C1500FE5
C150BA0F
C15163B5
C1520CDC
C152B58A
C1535DC2
C154058B
C154ACE9
C15553E0
C155FA74
C156A0A9
C1574683
C157EC07
C1589137
C1593616
C159DAA9
C15A7EF2
C15B22F3
C15BC6B1
C15C6A2E
BFFA8DB4
BFFAE510
BFFB3FAF
BFFB9DB2
BFFBFF37
BFFC6460
BFFCCD50
BFFD3A2A
BFFDAB14
BFFE2034
BFFE99B1
BFFF17B6
BFFF9A6D
C0001101
C0005752
C000A042
C000EBE8
C0013A60
C0018BC3
C001E02D
C00237BB
C002928C
C002F0BD
C003526E
C003B7C2
C00420DB
C0048DDC
C004FEEB
C005742D
C005EDCC
C0066BF1
C006EEC6
C0077678
C0080336
C0089530
C0092C96
C009C99D
C00A6C7B
C00B1567
C00BC49A
C00C7A50
C00D36C6
C00DFA3E
C00EC4F8
C00F973B
C010714C
C0115375
C0123E03
C0133145
C0142D8B
C015332B
C016427A
C0175BD4
C0187F94
C019AE1B
C01AE7CB
C01C2D09
C01D7E3E
C01EDBD6
C020463E
C021BDE9
C023434A
C024D6D9
C026790E
C0282A67
C029EB62
C02BBC7F
C02D9E41
C02F912E
C03195CB
C033ACA0
C035D635
C0381314
C03A63C4
C03CC8CE
C03F42BB
C041D20F
C044774F
C04732FC
C04A0593
C04CEF8E
C04FF161
C0530B7B
C0563E44
C0598A1D
C05CEF5E
C0606E57
C064074C
C067BA79
C06B880B
C06F7027
C07372E1
C0779042
C07BC843
C0800D68
C08243E2
C0848776
C086D804
C0893561
C08B9F5D
C08E15C0
C0909849
C09326B3
C095C0AD
C09865E4
C09B15FD
C09DD096
C0A09548
C0A363A8
C0A63B45
C0A91BAA
C0AC0461
C0AEF4EC
C0B1ECCE
C0B4EB87
C0B7F095
C0BAFB75
C0BE0BA1
C0C12096
C0C439CE
C0C756C6
C0CA76F7
C0CD99E0
C0D0BEFD
C0D3E5CD
C0D70DD0
C0DA3689
C0DD5F7A
C0E0882A
C0E3B01F
C0E6D6E4
C0E9FC06
C0ED1F11
C0F03F99
C0F35D30
C0F6776D
C0F98DEA
C0FCA044
C0FFAE1A
C1015B88
C102DD65
C1045C7A
C105D89E
C10751A9
C108C777
C10A39E3
C10BA8CD
C10D1416
C10E7BA2
C10FDF56
C1113F1A
C1129AD8
C113F27E
C11545FA
C116953F
C117E042
C11926F8
C11A695B
C11BA767
C11CE11A
C11E1674
C11F4778
C120742B
C1219C93
C122C0BA
C123E0AA
C124FC71
C126141B
C12727B9
C128375B
C1294315
C12A4AF9
C12B4F1D
C12C4F95
C12D4C77
C12E45DA
C12F3BD6
C1302E82
C1311DF5
C1320A48
C132F393
C133D9ED
C134BD70
C1359E32
C1367C4C
C13757D4
C13830E2
C139078C
C139DBE9
C13AAE0D
C13B7E0F
C13C4C02
C13D17FB
C13DE20E
C13EAA4D
C13F70CB
C140359A
C140F8CA
C141BA6D
C1427A93
C143394B
C143F6A4
C144B2AD
C1456D72
C1462703
C146DF6B
C14796B7
C1484CF3
C1490229
C149B666
C14A69B3
C14B1C1A
C14BCDA5
C14C7E5D
C14D2E4B
C14DDD77
C14E8BEA
C14F39AB
C14FE6C1
C1509334
C1513F0B
C151EA4B
C15294FC
C1533F23
C153E8C5
C15491E9
C1553A94
C155E2C9
C1568A8F
C15731EA
C157D8DE
C1587F70
C15925A3
C159CB7B
C15A70FC
C15B162A
C15BBB08
C15C5F98
C15D03DF
C15DA7DF
C15E4B9B
BFFF5A74
BFFFB1EE
C0000657
C0003568
C000663C
C00098E2
C000CD6D
C00103ED
C0013C76
C001771B
C001B3EF
C001F308
C002347A
C002785D
C002BEC8
C00307D1
C0035393
C003A227
C003F3A7
C0044830
C0049FDE
C004FACF
C0055923
C005BAF8
C0062071
C00689B0
C006F6DA
C0076812
C007DD80
C008574C
C008D59F
C00958A5
C009E08A
C00A6D7D
C00AFFAD
C00B974C
C00C348F
C00CD7AA
C00D80D6
C00E304B
C00EE646
C00FA305
C01066C7
C01131CF
C0120463
C012DEC8
C013C149
C014AC32
C0159FD2
C0169C7B
C017A281
C018B23C
C019CC04
C01AF038
C01C1F37
C01D5963
C01E9F23
C01FF0E0
C0214F04
C022B9FF
C0243243
C025B843
C0274C76
C028EF58
C02AA163
C02C6318
C02E34F7
C0301784
C0320B43
C03410BB
C0362874
C03852F7
C03A90CC
C03CE27E
C03F4895
C041C399
C0445411
C046FA80
C049B769
C04C8B4A
C04F769C
C05279D6
C0559565
C058C9B4
C05C1722
C05F7E0B
C062FEBC
C066997E
C06A4E8A
C06E1E11
C0720837
C0760D12
C07A2CAB
C07E66FE
C0815DFB
C08395B8
C085DA9D
C0882C8A
C08A8B57
C08CF6D2
C08F6EC5
C091F2F1
C094830E
C0971ED0
C099C5E2
C09C77EB
C09F348A
C0A1FB59
C0A4CBEE
C0A7A5D8
C0AA88A5
C0AD73DD
C0B06707
C0B361A4
C0B66337
C0B96B3D
C0BC7936
C0BF8C9D
C0C2A4F0
C0C5C1AB
C0C8E24A
C0CC0649
C0CF2D28
C0D25664
C0D5817D
C0D8ADF4
C0DBDB4D
C0DF090C
C0E236B7
C0E563D7
C0E88FF6
C0EBBAA1
C0EEE368
C0F209DC
C0F52D90
C0F84E1D
C0FB6B1A
C0FE8425
C100CC6E
C1025472
C103D9EF
C1055CBC
C106DCAD
C108599B
C109D35F
C10B49D6
C10CBCDD
C10E2C55
C10F981E
C111001D
C112643A
C113C45B
C115206E
C116785F
C117CC1E
C1191B9F
C11A66D5
C11BADB8
C11CF042
C11E2E70
C11F683F
C1209DB1
C121CEC8
C122FB8A
C12423FF
C125482E
C1266824
C12783EE
C1289B99
C129AF36
C12ABED5
C12BCA8B
C12CD269
C12DD686
C12ED6F5
C12FD3CF
C130CD28
C131C31A
C132B5BB
C133A523
C134916A
C1357AA9
C13660F8
C137446F
C1382525
C1390333
C139DEAF
C13AB7B1
C13B8E50
C13C62A1
C13D34BA
C13E04B1
C13ED299
C13F9E88
C1406891
C14130C6
C141F73B
C142BC00
C1437F27
C14440C2
C14500DF
C145BF8F
C1467CE0
C14738E1
C147F3A0
C148AD29
C149658B
C14A1CD0
C14AD305
C14B8836
C14C3C6C
C14CEFB4
C14DA215
C14E539B
C14F044E
C14FB437
C150635F
C15111CD
C151BF8A
C1526C9C
C153190C
C153C4DE
C154701B
C1551AC9
C155C4EC
C1566E8B
C15717AC
C157C054
C1586887
C159104A
C159B7A2
C15A5E94
C15B0523
C15BAB54
C15C512A
C15CF6A9
C15D9BD4
C15E40B0
C15EE53F
C15F8984
C1602D82
C0021426
C0023FF2
C0026D60
C0029C82
C002CD66
C003001E
C00334BA
C0036B4D
C003A3E9
C003DEA2
C0041B8B
C0045AB9
C0049C42
C004E03D
C00526BF
C0056FE2
C005BBBE
C0060A6D
C0065C0A
C006B0B0
C007087D
C007638E
C007C203
C00823FA
C0088997
C008F2FC
C009604B
C009D1AC
C00A4744
C00AC13B
C00B3FBC
C00BC2F1
C00C4B06
C00CD82C
C00D6A91
C00E0267
C00E9FE2
C00F4339
C00FECA2
C0109C58
C0115296
C0120F9A
C012D3A4
C0139EF8
C01471D9
C0154C8F
C0162F65
C0171AA6
C0180EA1
C0190BA9
C01A1212
C01B2233
C01C3C67
C01D610A
C01E907C
C01FCB21
C021115F
C022639D
C023C24A
C0252DD2
C026A6A8
C0282D41
C029C214
C02B659B
C02D1853
C02EDABB
C030AD55
C03290A4
C034852E
C0368B79
C038A40D
C03ACF75
C03D0E39
C03F60E3
C041C7FC
C044440D
C046D59D
C0497D31
C04C3B4A
C04F1069
C051FD06
C0550198
C0581E8E
C05B5453
C05EA349
C0620BC8
C0658E22
C0692A9E
C06CE178
C070B2E1
C0749EFD
C078A5E4
C07CC7A0
C0808216
C082ADBC
C084E6AF
C0872CD9
C0898018
C08BE045
C08E4D31
C090C6A5
C0934C62
C095DE23
C0987B9A
C09B2476
C09DD85B
C0A096EC
C0A35FC3
C0A63277
C0A90E98
C0ABF3B4
C0AEE156
C0B1D703
C0B4D441
C0B7D891
C0BAE373
C0BDF467
C0C10AEB
C0C4267B
C0C74697
C0CA6ABB
C0CD9265
C0D0BD15
C0D3EA4A
C0D71985
C0DA4A49
C0DD7C19
C0E0AE7C
C0E3E0F8
C0E71317
C0EA4465
C0ED746E
C0F0A2C3
C0F3CEF6
C0F6F89C
C0FA1F4A
C0FD429B
C1003115
C101BECC
C1034A42
C104D34B
C10659BA
C107DD64
C1095E22
C10ADBCB
C10C563C
C10DCD50
C10F40E6
C110B0DF
C1121D1F
C1138589
C114EA05
C1164A7E
C117A6DD
C118FF13
C11A5310
C11BA2C6
C11CEE2B
C11E3537
C11F77E4
C120B630
C121F018
C123259F
C12456C7
C1258396
C126AC15
C127D04B
C128F046
C12A0C11
C12B23BC
C12C3757
C12D46F3
C12E52A4
C12F5A7C
C1305E91
C1315EF8
C1325BC8
C1335518
C1344AFF
C1353D95
C1362CF2
C137192E
C1380261
C138E8A5
C139CC0F
C13AACBA
C13B8ABC
C13C662D
C13D3F24
C13E15B7
C13EE9FD
C13FBC0C
C1408BF8
C14159D6
C14225BB
C142EFB9
C143B7E5
C1447E50
C145430D
C146062B
C146C7BD
C14787D2
C148467A
C14903C4
C149BFBE
C14A7A75
C14B33F8
C14BEC53
C14CA392
C14D59C1
C14E0EEC
C14EC31D
C14F765E
C15028BB
C150DA3C
C1518AEA
C1523ACF
C152E9F2
C153985C
C1544614
C154F323
C1559F8E
C1564B5E
C156F697
C157A141
C1584B61
C158F4FD
C1599E1B
C15A46C0
C15AEEF0
C15B96B1
C15C3E07
C15CE4F6
C15D8B83
C15E31B1
C15ED785
C15F7D02
C160222C
C160C706
C1616B93
C1620FD6
C0047B98
C004A772
C004D4F0
C0050420
C0053514
C00567DD
C0059C8A
C005D32F
C0060BDE
C00646A9
C00683A7
C006C2EA
C0070489
C007489A
C0078F34
C007D86F
C0082464
C008732E
C008C4E6
C00919A9
C0097193
C009CCC3
C00A2B57
C00A8D70
C00AF32F
C00B5CB8
C00BCA2D
C00C3BB4
C00CB174
C00D2B96
C00DAA42
C00E2DA4
C00EB5E9
C00F433F
C00FD5D7
C0106DE2
C0110B95
C011AF24
C01258C9
C01308BD
C013BF3B
C0147C82
C01540D2
C0160C6D
C016DF9A
C017BA9F
C0189DC5
C019895B
C01A7DAF
C01B7B12
C01C81DA
C01D925E
C01EACF9
C01FD207
C02101E9
C0223D02
C02383B9
C024D675
C02635A4
C027A1B4
C0291B18
C02AA244
C02C37B0
C02DDBD7
C02F8F35
C031524A
C0332598
C03509A2
C036FEEF
C0390605
C03B1F6E
C03D4BB1
C03F8B5B
C041DEF3
C0444706
C046C41A
C04956B8
C04BFF65
C04EBEA4
C05194F3
C05482CF
C05788AC
C05AA6FD
C05DDE2A
C0612E97
C064989E
C0681C90
C06BBAB6
C06F734C
C0734684
C0773483
C07B3D62
C07F612B
C081CFEE
C083FCB2
C08636D0
C0887E31
C08AD2B5
C08D3436
C08FA284
C0921D69
C094A4A8
C09737FC
C099D718
C09C81AA
C09F375B
C0A1F7CA
C0A4C295
C0A79751
C0AA7593
C0AD5CE8
C0B04CDB
C0B344F4
C0B644B8
C0B94BAA
C0BC594C
C0BF6D1E
C0C286A0
C0C5A54F
C0C8C8AB
C0CBF032
C0CF1B64
C0D249C2
C0D57ACB
C0D8AE02
C0DBE2EB
C0DF190B
C0E24FE9
C0E5870C
C0E8BE00
C0EBF451
C0EF298C
C0F25D43
C0F58F08
C0F8BE71
C0FBEB13
C0FF148A
C1011D39
C102AE34
C1043D07
C105C985
C1075381
C108DAD1
C10A5F4A
C10BE0C5
C10D5F1C
C10EDA2C
C11051D1
C111C5EC
C113365D
C114A309
C1160BD6
C11770AB
C118D172
C11A2E19
C11B868D
C11CDAC1
C11E2AA8
C11F7638
C120BD69
C1220036
C1233E9C
C124789A
C125AE33
C126DF6A
C1280C45
C12934CB
C12A5907
C12B7905
C12C94D1
C12DAC7B
C12EC013
C12FCFAB
C130DB56
C131E327
C132E734
C133E793
C134E45A
C135DDA0
C136D37C
C137C608
C138B559
C139A18A
C13A8AB2
C13B70EA
C13C5449
C13D34E9
C13E12DF
C13EEE45
C13FC731
C1409DB9
C14171F4
C14243F8
C14313DA
C143E1AE
C144AD89
C145777E
C1463FA1
C1470603
C147CAB6
C1488DCD
C1494F57
C14A0F64
C14ACE04
C14B8B46
C14C4739
C14D01EA
C14DBB66
C14E73BA
C14F2AF3
C14FE11D
C1509642
C1514A6D
C151FDAA
C152B001
C153617D
C1541227
C154C207
C1557126
C1561F8C
C156CD41
C1577A4B
C15826B3
C158D27F
C1597DB5
C15A285C
C15AD279
C15B7C12
C15C252D
C15CCDCF
C15D75FD
C15E1DBB
C15EC50E
C15F6BFB
C1601286
C160B8B2
C1615E84
C16203FF
C162A927
C1634DFF
C163F28A
C006E38B
C0070F73
C0073CFF
C0076C3E
C0079D42
C007D01A
C00804D8
C0083B8E
C008744F
C008AF2D
C008EC3E
C0092B95
C0096D49
C009B170
C009F820
C00A4173
C00A8D81
C00ADC63
C00B2E36
C00B8314
C00BDB1B
C00C3668
C00C951C
C00CF755
C00D5D35
C00DC6E0
C00E3479
C00EA626
C00F1C0D
C00F9657
C010152D
C01098BB
C011212D
C011AEB2
C012417B
C012D9B9
C01377A1
C0141B68
C014C546
C0157575
C0162C32
C016E9B9
C017AE4C
C0187A2D
C0194DA2
C01A28F2
C01B0C68
C01BF84F
C01CECF7
C01DEAB3
C01EF1D7
C02002BB
C0211DB9
C022432E
C023737C
C024AF05
C025F62F
C0274965
C028A912
C02A15A5
C02B8F91
C02D174B
C02EAD4B
C030520B
C032060A
C033C9C5
C0359DC1
C037827F
C0397888
C03B8062
C03D9A96
C03FC7AE
C0420834
C0445CB2
C046C5B4
C04943C2
C04BD764
C04E8120
C0514179
C05418EE
C05707FC
C05A0F19
C05D2EB6
C060673E
C063B914
C0672493
C06AAA0F
C06E49CE
C072040F
C075D904
C079C8D4
C07DD397
C080FCAD
C0831D0D
C0854AE3
C0878620
C089CEAD
C08C246A
C08E8731
C090F6D3
C093731C
C095FBCD
C09890A4
C09B3154
C09DDD8D
C0A094F5
C0A35730
C0A623DB
C0A8FA8D
C0ABDADA
C0AEC451
C0B1B67E
C0B4B0EA
C0B7B31C
C0BABC96
C0BDCCDD
C0C0E371
C0C3FFD3
C0C72182
C0CA47FE
C0CD72C9
C0D0A161
C0D3D349
C0D70802
C0DA3F11
C0DD77F9
C0E0B241
C0E3ED71
C0E72913
C0EA64B2
C0ED9FDA
C0F0DA1C
C0F41308
C0F74A33
C0FA7F31
C0FDB19B
C1007085
C102068D
C1039AB6
C1052CD0
C106BCAD
C1084A20
C109D4FF
C10B5D1E
C10CE257
C10E6482
C10FE37B
C1115F1E
C112D749
C1144BDE
C115BCBE
C11729CF
C11892F6
C119F81B
C11B592C
C11CB613
C11E0EC1
C11F6327
C120B33A
C121FEF0
C1234642
C124892B
C125C7A9
C12701BB
C1283764
C12968A7
C12A958B
C12BBE18
C12CE259
C12E0258
C12F1E24
C13035CC
C1314961
C13258F4
C1336498
C1346C63
C1357068
C13670BE
C1376D7B
C13866B7
C1395C89
C13A4F0A
C13B3E51
C13C2A77
C13D1393
C13DF9C0
C13EDD14
C13FBDA8
C1409B94
C14176EE
C1424FCF
C143264D
C143FA7E
C144CC77
C1459C4F
C1466A19
C14735EB
C147FFD7
C148C7F0
C1498E4A
C14A52F5
C14B1603
C14BD785
C14C978B
C14D5624
C14E135F
C14ECF4B
C14F89F5
C150436B
C150FBB9
C151B2EC
C1526910
C1531E30
C153D256
C154858D
C15537E0
C155E957
C15699FD
C15749D8
C157F8F3
C158A755
C1595506
C15A020D
C15AAE72
C15B5A3A
C15C056D
C15CB010
C15D5A2B
C15E03C1
C15EACD9
C15F5579
C15FFDA4
C160A560
C1614CB1
C161F39B
C1629A24
C163404E
C163E61E
C1648B97
C16530BD
C165D594
C0094BFB
C00977F0
C009A589
C009D4D7
C00A05E9
C00A38D1
C00A6D9F
C00AA465
C00ADD37
C00B1828
C00B554B
C00B94B6
C00BD67E
C00C1ABA
C00C6180
C00CAAE9
C00CF70F
C00D460A
C00D97F6
C00DECEE
C00E4511
C00EA07B
C00EFF4B
C00F61A3
C00FC7A4
C0103170
C0109F2C
C01110FD
C0118709
C012017A
C0128079
C0130431
C0138CCF
C0141A82
C014AD7A
C01545E9
C015E404
C0168800
C0173216
C017E27E
C0189976
C019573C
C01A1C10
C01AE834
C01BBBEF
C01C9788
C01D7B49
C01E677F
C01F5C79
C0205A8A
C0216206
C0227346
C0238EA3
C024B47D
C025E532
C0272126
C02868C1
C029BC6B
C02B1C91
C02C89A3
C02E0413
C02F8C55
C03122E4
C032C838
C0347CD0
C036412C
C03815CF
C039FB3B
C03BF1F9
C03DFA8F
C0401587
C042436B
C04484C6
C046DA22
C049440A
C04BC309
C04E57A5
C0510265
C053C3CD
C0569C5D
C0598C92
C05C94E2
C05FB5BF
C062EF94
C06642C6
C069AFB0
C06D36A5
C070D7EF
C07493CA
C0786A6C
C07C5BFA
C0803447
C082481C
C0846979
C0869858
C088D4A9
C08B1E55
C08D753E
C08FD93E
C0924A28
C094C7C6
C09751DC
C099E826
C09C8A5B
C09F3828
C0A1F138
C0A4B52D
C0A783A5
C0AA5C38
C0AD3E7C
C0B029FF
C0B31E50
C0B61AF8
C0B91F7F
C0BC2B68
C0BF3E39
C0C25774
C0C57699
C0C89B2B
C0CBC4AA
C0CEF297
C0D22475
C0D559C5
C0D8920C
C0DBCCCD
C0DF098F
C0E247D9
C0E58734
C0E8C72B
C0EC074B
C0EF4721
C0F2863E
C0F5C434
C0F90098
C0FC3AFE
C0FF7301
C101541D
C102ED24
C1048463
C10619AC
C107ACD2
C1093DA6
C10ACBFD
C10C57AE
C10DE090
C10F667A
C110E949
C11268D6
C113E501
C1155DA9
C116D2AE
C11843F5
C119B161
C11B1ADB
C11C804B
C11DE19D
C11F3EC0
C12097A2
C121EC36
C1233C71
C1248849
C125CFB9
C12712BB
C128514E
C1298B71
C12AC128
C12BF276
C12D1F61
C12E47F4
C12F6C37
C1308C37
C131A802
C132BFA8
C133D338
C134E2C6
C135EE64
C136F626
C137FA23
C138FA70
C139F724
C13AF056
C13BE61E
C13CD894
C13DC7D0
C13EB3EB
C13F9CFD
C140831E
C1416667
C14246F0
C14324D1
C1440021
C144D8F7
C145AF6B
C1468391
C1475581
C148254F
C148F310
C149BED8
C14A88BB
C14B50CC
C14C171D
C14CDBC0
C14D9EC7
C14E6041
C14F2040
C14FDED1
C1509C06
C15157EB
C152128F
C152CBFE
C1538447
C1543B74
C154F192
C155A6AD
C1565ACE
C1570E01
C157C04F
C15871C2
C1592262
C159D23A
C15A8151
C15B2FAF
C15BDD5D
C15C8A60
C15D36C1
C15DE286
C15E8DB6
C15F3857
C15FE26E
C1608C02
C1613518
C161DDB4
C16285DD
C1632D96
C163D4E5
C1647BCE
C1652254
C165C87D
C1666E4B
C16713C2
C167B8E6
C00BB4E2
C00BE0E3
C00C0E8A
C00C3DE5
C00C6F06
C00CA1FC
C00CD6DA
C00D0DB0
C00D4693
C00D8195
C00DBECA
C00DFE48
C00E4023
C00E8473
C00ECB4E
C00F14CD
C00F6109
C00FB01C
C0100221
C0105733
C010AF70
C0110AF5
C01169E3
C011CC58
C0123278
C0129C64
C0130A42
C0137C35
C013F266
C0146CFC
C014EC22
C0157002
C015F8CA
C01686A9
C01719CF
C017B26E
C01850BA
C018F4EA
C0199F34
C01A4FD4
C01B0706
C01BC507
C01C8A19
C01D567F
C01E2A7D
C01F065C
C01FEA66
C020D6E7
C021CC30
C022CA93
C023D265
C024E3FD
C025FFB7
C02725F0
C0285709
C0299366
C02ADB6C
C02C2F87
C02D9022
C02EFDAD
C030789B
C0320162
C0339879
C0353E5C
C036F389
C038B880
C03A8DC3
C03C73D7
C03E6B42
C040748E
C0429043
C044BEEB
C0470113
C0495744
C04BC20B
C04E41F0
C050D77D
C0538338
C05645A5
C0591F46
C05C1096
C05F1A0D
C0623C1E
C0657735
C068CBB5
C06C39FB
C06FC25C
C0736520
C0772286
C07AFAC4
C07EEDFF
C0817E2A
C08392E8
C085B539
C087E515
C08A226F
C08C6D30
C08EC53A
C0912A67
C0939C8B
C0961B71
C098A6DD
C09B3E8D
C09DE236
C0A09189
C0A34C2F
C0A611CC
C0A8E1FF
C0ABBC61
C0AEA087
C0B18E03
C0B48462
C0B78330
C0BA89F3
C0BD9834
C0C0AD75
C0C3C93C
C0C6EB0A
C0CA1261
C0CD3EC4
C0D06FB6
C0D3A4B9
C0D6DD50
C0DA1902
C0DD5752
C0E097CA
C0E3D9F0
C0E71D50
C0EA6175
C0EDA5ED
C0F0EA47
C0F42E14
C0F770E8
C0FAB258
C0FDF1FB
C10097B5
C1023520
C103D10D
C1056B4C
C10703AE
C1089A04
C10A2E22
C10BBFDC
C10D4F08
C10EDB7C
C1106511
C111EBA1
C1136F06
C114EF1E
C1166BC7
C117E4E1
C1195A4E
C11ACBF2
C11C39B3
C11DA379
C11F092D
C1206ABC
C121C814
C1232125
C12475E3
C125C642
C127123A
C12859C4
C1299CDC
C12ADB81
C12C15B4
C12D4B76
C12E7CCC
C12FA9BE
C130D254
C131F699
C1331699
C1343263
C1354A04
C1365D90
C1376D18
C13878AF
C139806A
C13A845F
C13B84A3
C13C814D
C13D7A75
C13E7033
C13F629E
C14051D0
C1413DDF
C14226E7
C1430CFD
C143F03B
C144D0BA
C145AE90
C14689D5
C14762A2
C148390B
C1490D28
C149DF0E
C14AAED2
C14B7C8A
C14C484A
C14D1224
C14DDA2D
C14EA076
C14F6511
C1502810
C150E983
C151A97A
C1526805
C1532532
C153E111
C1549BAF
C1555519
C1560D5B
C156C483
C1577A9C
C1582FB2
C158E3CE
C15996FC
C15A4946
C15AFAB4
C15BAB51
C15C5B25
C15D0A38
C15DB892
C15E663C
C15F133C
C15FBF9A
C1606B5C
C1611689
C161C127
C1626B3B
C16314CC
C163BDE0
C164667A
C1650EA0
C165B658
C1665DA4
C167048B
C167AB0F
C1685136
C168F702
C1699C77
C00E1E3B
C00E4A49
C00E77FC
C00EA765
C00ED893
C00F0B98
C00F4084
C00F776A
C00FB05D
C00FEB70
C01028B6
C0106846
C010AA34
C010EE97
C0113587
C0117F1B
C011CB6D
C0121A97
C0126CB3
C012C1DD
C0131A34
C01375D4
C013D4DD
C014376F
C0149DAD
C01507B8
C01575B6
C015E7CB
C0165E1E
C016D8D9
C0175824
C017DC2C
C018651D
C018F326
C0198677
C01A1F44
C01ABDC0
C01B6220
C01C0C9F
C01CBD74
C01D74DD
C01E3318
C01EF867
C01FC50A
C020994A
C021756C
C02259BC
C0234687
C0243C1C
C0253ACD
C02642F1
C02754DF
C02870F2
C0299787
C02AC900
C02C05C1
C02D4E30
C02EA2B6
C03003C2
C03171C3
C032ED2B
C0347670
C0360E0B
C037B478
C0396A33
C03B2FBF
C03D059D
C03EEC52
C040E465
C042EE60
C0450ACA
C0473A30
C0497D1D
C04BD41B
C04E3FB7
C050C07B
C05356F0
C056039C
C058C705
C05BA1AB
C05E940C
C0619EA0
C064C1D9
C067FE24
C06B53E6
C06EC37C
C0724D39
C075F16A
C079B04C
C07D8A15
C080BF77
C082C778
C084DD17
C0870052
C0893123
C08B6F7B
C08DBB46
C0901465
C0927AB3
C094EE05
C0976E26
C099FADB
C09C93E2
C09F38F1
C0A1E9BA
C0A4A5E7
C0A76D1B
C0AA3EF7
C0AD1B15
C0B0010B
C0B2F06B
C0B5E8C4
C0B8E9A1
C0BBF28B
C0BF030A
C0C21AA4
C0C538DD
C0C85D38
C0CB873A
C0CEB665
C0D1EA3D
C0D52246
C0D85E05
C0DB9D00
C0DEDEBD
C0E222C6
C0E568A4
C0E8AFE2
C0EBF80E
C0EF40B7
C0F2896B
C0F5D1BF
C0F91947
C0FC5F98
C0FFA44A
C101737C
C103139E
C104B25B
C1064F82
C107EAE5
C1098456
C10B1BA6
C10CB0AC
C10E433C
C10FD32D
C1116056
C112EA92
C11471BA
C115F5AB
C1177643
C118F35F
C11A6CE3
C11BE2AF
C11D54AA
C11EC2B8
C1202CC4
C12192B6
C122F47C
C1245205
C125AB41
C1270025
C12850A4
C1299CB7
C12AE459
C12C2785
C12D663A
C12EA079
C12FD645
C13107A3
C132349A
C1335D33
C1348178
C135A177
C136BD3E
C137D4DC
C138E862
C139F7E4
C13B0374
C13C0B27
C13D0F13
C13E0F4E
C13F0BEE
C140050D
C140FAC0
C141ED21
C142DC48
C143C84D
C144B14A
C1459756
C1467A89
C1475AFD
C14838C9
C1491405
C149ECC7
C14AC326
C14B9739
C14C6916
C14D38D2
C14E0681
C14ED238
C14F9C0A
C150640A
C1512A4B
C151EEDF
C152B1D6
C1537342
C1543332
C154F1B7
C155AEDE
C1566AB7
C157254E
C157DEB3
C15896F0
C1594E13
C15A0426
C15AB937
C15B6D4F
C15C2078
C15CD2BD
C15D8428
C15E34C1
C15EE491
C15F93A0
C16041F7
C160EF9D
C1619C9A
C16248F5
C162F4B4
C1639FDE
C1644A79
C164F48B
C1659E19
C166472A
C166EFC2
C16797E6
C1683F9B
C168E6E6
C1698DCB
C16A344D
C16ADA72
C16B803C
C0108802
C010B41C
C010E1DC
C0111151
C011428D
C011759F
C011AA9A
C011E18F
C0121A91
C01255B4
C012930B
C012D2AC
C01314AC
C0135923
C013A026
C013E9CE
C0143635
C0148575
C014D7A8
C0152CEA
C0158559
C015E113
C0164036
C016A2E5
C017093F
C0177368
C017E185
C01853BA
C018CA2F
C019450C
C019C47C
C01A48A9
C01AD1C1
C01B5FF3
C01BF36F
C01C8C68
C01D2B11
C01DCFA2
C01E7A52
C01F2B5B
C01FE2F9
C020A16C
C02166F4
C02233D4
C0230852
C023E4B5
C024C949
C025B65A
C026AC38
C027AB36
C028B3A9
C029C5E9
C02AE252
C02C0940
C02D3B16
C02E7837
C02FC10A
C03115F9
C0327771
C033E5E2
C03561C0
C036EB7F
C038839A
C03A2A8A
C03BE0D0
C03DA6EA
C03F7D5D
C04164AE
C0435D63
C0456805
C047851F
C049B53B
C04BF8E5
C04E50A9
C050BD13
C0533EAD
C055D600
C0588395
C05B47F0
C05E2392
C06116FA
C064229F
C06746F5
C06A8469
C06DDB60
C0714C38
C074D746
C0787CD4
C07C3D24
C0800C35
C0820767
C0841038
C08626AE
C0884ACA
C08A7C85
C08CBBD3
C08F089D
C09162C6
C093CA2A
C0963E9E
C098BFEE
C09B4DDE
C09DE82F
C0A08E97
C0A340C7
C0A5FE6A
C0A8C726
C0AB9A9A
C0AE7863
C0B16016
C0B45147
C0B74B85
C0BA4E5C
C0BD5957
C0C06BFF
C0C385D9
C0C6A66B
C0C9CD3B
C0CCF9CC
C0D02BA2
C0D36244
C0D69D35
C0D9DBFC
C0DD1E20
C0E06329
C0E3AAA1
C0E6F412
C0EA3F0A
C0ED8B17
C0F0D7C9
C0F424B0
C0F77162
C0FABD72
C0FE0879
C100A907
C1024CE7
C103EFAA
C1059120
C1073118
C108CF65
C10A6BD8
C10C0644
C10D9E7E
C10F345B
C110C7B2
C112585A
C113E62B
C1157101
C116F8B7
C1187D29
C119FE36
C11B7BBD
C11CF5A2
C11E6BC6
C11FDE10
C1214C66
C122B6B0
C1241CDC
C1257ED4
C126DC89
C12835EC
C1298AF1
C12ADB8D
C12C27BA
C12D6F70
C12EB2AD
C12FF171
C1312BBB
C132618F
C13392F2
C134BFEC
C135E887
C1370CCC
C1382CC9
C139488C
C13A6026
C13B73A7
C13C8321
C13D8EAA
C13E9655
C13F9A39
C1409A6A
C1419701
C1429016
C14385BF
C1447816
C1456732
C146532D
C1473C1F
C1482221
C149054B
C149E5B4
C14AC376
C14B9EA8
C14C7760
C14D4DB6
C14E21C0
C14EF394
C14FC346
C15090ED
C1515C9B
C1522665
C152EE5E
C153B497
C1547924
C1553C14
C155FD79
C156BD63
C1577BE1
C1583902
C158F4D5
C159AF67
C15A68C5
C15B20FD
C15BD81B
C15C8E2A
C15D4336
C15DF749
C15EAA6E
C15F5CAF
C1600E15
C160BEAA
C1616E77
C1621D83
C162CBD6
C1637979
C1642673
C164D2CB
C1657E87
C16629AE
C166D446
C1677E56
C16827E2
C168D0F0
C1697986
C16A21A8
C16AC95B
C16B70A4
C16C1786
C16CBE07
C16D642A
C012F233
C0131E58
C0134C24
C0137BA6
C013ACEE
C013E00E
C0141517
C0144C1A
C014852B
C014C05E
C014FDC5
C0153D77
C0157F89
C015C411
C0160B27
C01654E3
C016A15E
C016F0B3
C01742FC
C0179855
C017F0DC
C0184CAE
C018ABEB
C0190EB4
C019752A
C019DF70
C01A4DAB
C01ABFFF
C01B3695
C01BB194
C01C3126
C01CB578
C01D3EB6
C01DCD0F
C01E60B4
C01EF9D7
C01F98AD
C0203D6B
C020E84A
C0219985
C0225157
C0231000
C023D5BF
C024A2D9
C0257793
C0265436
C027390A
C028265F
C0291C84
C02A1BCB
C02B248A
C02C371A
C02D53D5
C02E7B19
C02FAD48
C030EAC6
C03233F9
C033894D
C034EB2D
C0365A0B
C037D65A
C039608F
C03AF924
C03CA094
C03E575E
C0401E03
C041F505
C043DCEB
C045D63C
C047E180
C049FF42
C04C300D
C04E746E
C050CCF0
C0533A20
C055BC88
C05854B2
C05B0326
C05DC86A
C060A4FF
C0639963
C066A60F
C069CB77
C06D0A08
C0706229
C073D437
C0776088
C07B0767
C07EC916
C08152E5
C0834ED6
C085586D
C0876FB3
C08994A7
C08BC744
C08E077D
C090553C
C092B065
C09518D5
C0978E5F
C09A10D1
C09C9FF1
C09F3B7E
C0A1E330
C0A496B9
C0A755C4
C0AA1FF8
C0ACF4F5
C0AFD457
C0B2BDB5
C0B5B0A4
C0B8ACB4
C0BBB172
C0BEBE69
C0C1D323
C0C4EF26
C0C811FA
C0CB3B25
C0CE6A2B
C0D19E92
C0D4D7E1
C0D8159D
C0DB574E
C0DE9C7C
C0E1E4B0
C0E52F75
C0E87C58
C0EBCAE5
C0EF1AAE
C0F26B42
C0F5BC35
C0F90D1C
C0FC5D8C
C0FFAD1E
C1017DB6
C1032409
C104C956
C1066D6E
C1081021
C109B140
C10B509E
C10CEE0E
C10E8965
C1102278
C111B91D
C1134D2C
C114DE7D
C1166CEB
C117F84F
C1198087
C11B0570
C11C86EA
C11E04D4
C11F7F12
C120F587
C1226819
C123D6B0
C1254135
C126A793
C12809B9
C1296796
C12AC11D
C12C1640
C12D66F6
C12EB338
C12FFB01
C1313E4D
C1327D1C
C133B770
C134ED4A
C1361EB2
C1374BAF
C138744A
C139988E
C13AB888
C13BD448
C13CEBDC
C13DFF57
C13F0ECB
C1401A4C
C14121EF
C14225C9
C14325F2
C1442280
C1451B8A
C146112A
C1470376
C147F289
C148DE79
C149C761
C14AAD59
C14B9078
C14C70D8
C14D4E90
C14E29B8
C14F0267
C14FD8B4
C150ACB5
C1517E80
C1524E2A
C1531BC8
C153E76E
C154B130
C1557921
C1563F54
C15703D9
C157C6C2
C1588821
C1594804
C15A067C
C15AC397
C15B7F64
C15C39F1
C15CF34A
C15DAB7D
C15E6295
C15F18A0
C15FCDA7
C16081B6
C16134D7
C161E714
C1629876
C1634908
C163F8D0
C164A7D9
C1655629
C16603C9
C166B0C0
C1675D15
C16808CE
C168B3F3
C1695E89
C16A0896
C16AB21F
C16B5B2B
C16C03BF
C16CABDF
C16D5390
C16DFAD7
C16EA1B7
C16F4836
C0155CCB
C01588FB
C015B6D2
C015E660
C01617B4
C0164AE1
C0167FF7
C016B708
C016F028
C0172B69
C01768E0
C017A8A2
C017EAC4
C0182F5E
C0187686
C018C055
C0190CE4
C0195C4D
C019AEAB
C01A041A
C01A5CB8
C01AB8A2
C01B17F8
C01B7ADB
C01BE16B
C01C4BCD
C01CBA25
C01D2C97
C01DA34C
C01E1E6B
C01E9E1F
C01F2294
C01FABF6
C0203A75
C020CE42
C021678E
C022068E
C022AB78
C0235686
C02407F0
C024BFF4
C0257ED0
C02644C6
C0271218
C027E70C
C028C3EA
C029A8FE
C02A9694
C02B8CFD
C02C8C8B
C02D9593
C02EA86F
C02FC579
C030ED10
C0321F95
C0335D6D
C034A6FD
C035FCB1
C0375EF7
C038CE3D
C03A4AF9
C03BD59F
C03D6EAA
C03F1695
C040CDDE
C0429508
C0446C95
C046550A
C0484EF0
C04A5AD0
C04C7935
C04EAAA9
C050EFBA
C05348F3
C055B6E1
C0583A0F
C05AD308
C05D8253
C0604877
C06325F5
C0661B4B
C06928F5
C06C4F64
C06F8F08
C072E847
C0765B80
C079E907
C07D912A
C080AA15
C082991F
C08495C7
C086A01E
C088B82A
C08ADDEF
C08D1164
C08F527F
C091A12A
C093FD49
C09666B9
C098DD4F
C09B60D8
C09DF11C
C0A08DD9
C0A336C8
C0A5EB9C
C0A8AC01
C0AB779D
C0AE4E13
C0B12EFE
C0B419F7
C0B70E92
C0BA0C61
C0BD12F2
C0C021D1
C0C33887
C0C6569E
C0C97B9D
C0CCA70A
C0CFD86D
C0D30F4B
C0D64B2C
C0D98B97
C0DCD014
C0E0182D
C0E3636D
C0E6B15F
C0EA0190
C0ED5391
C0F0A6F1
C0F3FB43
C0F7501B
C0FAA50F
C0FDF9B6
C100A6D5
C1025043
C103F8F3
C105A0B4
C1074758
C108ECAE
C10A9088
C10C32BA
C10DD317
C10F7173
C1110DA4
C112A780
C1143EDF
C115D399
C1176587
C118F485
C11A806D
C11C091E
C11D8E75
C11F1052
C1208E97
C1220927
C1237FE6
C124F2BA
C126618C
C127CC46
C12932D4
C12A9523
C12BF325
C12D4CCA
C12EA208
C12FF2D6
C1313F2B
C1328704
C133CA5E
C1350937
C1364392
C1377972
C138AADD
C139D7DB
C13B0075
C13C24B7
C13D44AE
C13E6069
C13F77F8
C1408B6D
C1419ADA
C142A653
C143ADEE
C144B1BF
C145B1DF
C146AE63
C147A764
C1489CFA
C1498F3C
C14A7E45
C14B6A2B
C14C5309
C14D38F7
C14E1C0C
C14EFC63
C14FDA11
C150B530
C1518DD5
C1526419
C1533812
C15409D4
C154D976
C155A70C
C15672AB
C1573C65
C158044F
C158CA7A
C1598EF8
C15A51DB
C15B1333
C15BD310
C15C9182
C15D4E98
C15E0A5F
C15EC4E6
C15F7E3A
C1603668
C160ED7C
C161A382
C1625885
C1630C90
C163BFAD
C16471E6
C1652345
C165D3D3
C1668398
C167329D
C167E0EA
C1688E87
C1693B7B
C169E7CD
C16A9384
C16B3EA6
C16BE939
C16C9344
C16D3CCB
C16DE5D5
C16E8E67
C16F3685
C16FDE34
C1708579
C1712C58
C017C7C4
C017F3FE
C01821E1
C018517A
C01882DA
C018B613
C018EB36
C0192255
C0195B82
C01996D2
C019D458
C01A1429
C01A565C
C01A9B07
C01AE240
C01B2C21
C01B78C3
C01BC840
C01C1AB2
C01C7037
C01CC8EB
C01D24EC
C01D8459
C01DE755
C01E4DFF
C01EB87C
C01F26EF
C01F997E
C0201051
C0208B90
C0210B64
C0218FFB
C0221980
C022A824
C0233C16
C023D589
C02474B3
C02519C8
C025C501
C026769A
C0272ECE
C027EDDC
C028B405
C029818D
C02A56B9
C02B33D2
C02C1922
C02D06F7
C02DFDA1
C02EFD73
C03006C2
C03119E8
C032373E
C0335F25
C03491FD
C035D02A
C0371A14
C0387026
C039D2CC
C03B4277
C03CBF9C
C03E4AAF
C03FE42C
C0418C8D
C0434451
C0450BFA
C046E40C
C048CD0C
C04AC782
C04CD3F8
C04EF2F9
C0512510
C0536AC9
C055C4B2
C0583358
C05AB745
C05D5104
C060011F
C062C81A
C065A678
C0689CB8
C06BAB55
C06ED2C2
C072136E
C0756DC0
C078E218
C07C70CA
C0800D12
C081EF34
C083DEE7
C085DC40
C087E74E
C08A001A
C08C26A6
C08E5AEC
C0909CE0
C092EC6D
C0954979
C097B3DF
C09A2B76
C09CB00C
C09F4167
C0A1DF48
C0A48968
C0A73F7A
C0AA012A
C0ACCE21
C0AFA600
C0B28865
C0B574E8
C0B86B1E
C0BB6A9B
C0BE72EC
C0C1839E
C0C49C3D
C0C7BC52
C0CAE365
C0CE10FF
C0D144A5
C0D47DE1
C0D7BC3A
C0DAFF38
C0DE4666
C0E1914D
C0E4DF79
C0E83078
C0EB83D8
C0EED92A
C0F22FFE
C0F587EA
C0F8E081
C0FC395C
C0FF9212
C1017520
C10320BF
C104CBB7
C10675D7
C1081EF0
C109C6D3
C10B6D52
C10D1240
C10EB572
C11056BC
C111F5F3
C11392EF
C1152D86
C116C591
C1185AE9
C119ED69
C11B7CEB
C11D094E
C11E926D
C120182A
C1219A63
C12318FB
C12493D6
C1260AD8
C1277DE9
C128ECF2
C12A57DC
C12BBE94
C12D2109
C12E7F2B
C12FD8ED
C1312E43
C1327F25
C133CB8C
C1351373
C13656D7
C13795B9
C138D01A
C13A05FE
C13B376B
C13C6469
C13D8D02
C13EB142
C13FD135
C140ECEC
C1420475
C14317E3
C1442748
C14532BA
C1463A4C
C1473E15
C1483E2B
C1493AA6
C14A339D
C14B2929
C14C1B62
C14D0A60
C14DF63D
C14EDF11
C14FC4F5
C150A802
C151884E
C15265F4
C1534109
C15419A6
C154EFE1
C155C3D1
C156958B
C1576525
C15832B3
C158FE4A
C159C7FD
C15A8FE0
C15B5604
C15C1A7C
C15CDD58
C15D9EAA
C15E5E82
C15F1CEE
C15FD9FE
C16095C0
C1615042
C1620991
C162C1BA
C16378CA
C1642ECB
C164E3CA
C16597D1
C1664AEA
C166FD1F
C167AE7A
C1685F05
C1690EC7
C169BDC9
C16A6C13
C16B19AD
C16BC69E
C16C72ED
C16D1EA2
C16DC9C1
C16E7452
C16F1E5A
C16FC7E0
C17070E8
C1711977
C171C193
C1726940
C1731083
C01A331B
C01A5F60
C01A8D4D
C01ABCF1
C01AEE5D
C01B21A2
C01B56D1
C01B8DFD
C01BC737
C01C0295
C01C4029
C01C800A
C01CC24C
C01D0707
C01D4E52
C01D9844
C01DE4F8
C01E3488
C01E870E
C01EDCA7
C01F3570
C01F9187
C01FF10C
C020541F
C020BAE2
C0212579
C0219407
C02206B2
C0227DA1
C022F8FE
C02378F2
C023FDA9
C0248751
C0251617
C025AA2E
C02643C7
C026E318
C0278856
C02833BB
C028E57F
C0299DE1
C02A5D1F
C02B237B
C02BF136
C02CC698
C02DA3E9
C02E8973
C02F7785
C0306E6E
C0316E82
C0327815
C0338B82
C034A922
C035D155
C037047D
C03842FD
C0398D3E
C03AE3A9
C03C46AC
C03DB6B9
C03F3442
C040BFBF
C04259A8
C044027B
C045BAB6
C04782DA
C0495B6C
C04B44F2
C04D3FF3
C04F4CF9
C0516C90
C0539F43
C055E59F
C0584032
C05AAF88
C05D342C
C05FCEAB
C0627F8C
C0654756
C068268D
C06B1DAE
C06E2D35
C0715596
C0749740
C077F29B
C07B6805
C07EF7D7
C081512E
C08333EC
C0852442
C0872244
C0892E03
C08B4787
C08D6ED3
C08FA3E1
C091E6A5
C094370C
C09694FB
C099004E
C09B78DC
C09DFE73
C0A090DB
C0A32FD4
C0A5DB19
C0A8925C
C0AB554B
C0AE238E
C0B0FCC8
C0B3E097
C0B6CE94
C0B9C656
C0BCC76E
C0BFD16D
C0C2E3E1
C0C5FE55
C0C92053
C0CC4966
C0CF7914
C0D2AEE8
C0D5EA69
C0D92B21
C0DC7098
C0DFBA5B
C0E307F3
C0E658EF
C0E9ACDC
C0ED034B
C0F05BCC
C0F3B5F3
C0F71155
C0FA6D87
C0FDCA23
C1009361
C1024180
C103EF3D
C1059C68
C10748D1
C108F449
C10A9EA2
C10C47AF
C10DEF43
C10F9532
C1113952
C112DB78
C1147B7C
C1161933
C117B478
C1194D22
C11AE30D
C11C7613
C11E0611
C11F92E4
C1211C6A
C122A283
C1242511
C125A3F5
C1271F15
C1289655
C12A099E
C12B78D7
C12CE3ED
C12E4ACC
C12FAD63
C1310BA2
C132657D
C133BAE9
C1350BDD
C1365852
C137A045
C138E3B3
C13A229C
C13B5D01
C13C92E8
C13DC457
C13EF154
C14019EC
C1413E28
C1425E17
C14379C8
C144914B
C145A4B2
C146B411
C147BF7A
C148C704
C149CAC4
C14ACAD1
C14BC742
C14CC030
C14DB5B3
C14EA7E2
C14F96D7
C15082AA
C1516B75
C152514F
C1533452
C1541496
C154F232
C155CD3F
C156A5D3
C1577C06
C1584FED
C159219F
C159F132
C15ABEB8
C15B8A48
C15C53F4
C15D1BD0
C15DE1ED
C15EA65F
C15F6935
C1602A81
C160EA52
C161A8B9
C16265C4
C1632181
C163DBFE
C1649548
C1654D6D
C1660478
C166BA75
C1676F70
C1682373
C168D688
C16988BA
C16A3A12
C16AEA99
C16B9A58
C16C4957
C16CF79E
C16DA535
C16E5224
C16EFE70
C16FAA22
C170553F
C170FFCE
C171A9D4
C1725357
C172FC5D
C173A4EA
C1744D05
C174F4B0
C01C9ECD
C01CCB1C
C01CF913
C01D28C2
C01D5A39
C01D8D89
C01DC2C4
C01DF9FC
C01E3344
C01E6EAF
C01EAC51
C01EEC40
C01F2E92
C01F735C
C01FBAB7
C02004BA
C0205180
C020A122
C020F3BB
C0214968
C021A245
C021FE71
C0225E0C
C022C137
C0232812
C02392C1
C0240169
C024742F
C024EB3A
C02566B4
C025E6C6
C0266B9D
C026F564
C027844D
C0281887
C028B245
C02951BC
C029F722
C02AA2AF
C02B549F
C02C0D2D
C02CCC99
C02D9324
C02E6112
C02F36A8
C030142F
C030F9F1
C031E83D
C032DF63
C033DFB6
C034E98B
C035FD3C
C0371B23
C03843A0
C0397715
C03AB5E5
C03C0078
C03D573A
C03EBA97
C0402B01
C041A8EC
C04334CE
C044CF21
C0467861
C048310D
C049F9A8
C04BD2B5
C04DBCBB
C04FB842
C051C5D3
C053E5FA
C0561944
C058603D
C05ABB73
C05D2B72
C05FB0C8
C0624BFE
C064FD9F
C067C631
C06AA637
C06D9E30
C070AE98
C073D7E4
C0771A82
C07A76DB
C07DED4F
C080BF1A
C08294ED
C0847841
C0866933
C08867D8
C08A7440
C08C8E76
C08EB67A
C090EC48
C0932FD5
C095810D
C097DFD5
C09A4C0C
C09CC587
C09F4C15
C0A1DF7F
C0A47F86
C0A72BE3
C0A9E44C
C0ACA86D
C0AF77EF
C0B25276
C0B537A1
C0B82709
C0BB2045
C0BE22E9
C0C12E85
C0C442A8
C0C75EDE
C0CA82B2
C0CDADAF
C0D0DF5E
C0D41748
C0D754F7
C0DA97F5
C0DDDFCC
C0E12C09
C0E47C38
C0E7CFE6
C0EB26A4
C0EE8002
C0F1DB94
C0F538EC
C0F897A1
C0FBF74B
C0FF5784
C1015BF3
C1030C07
C104BBCE
C1066B17
C10819B4
C109C775
C10B742F
C10D1FB3
C10EC9D5
C110726B
C112194A
C113BE47
C115613B
C11701FB
C118A061
C11A3C47
C11BD585
C11D6BF7
C11EFF7A
C1208FE9
C1221D23
C123A707
C1252D76
C126B051
C1282F7C
C129AADB
C12B2254
C12C95CE
C12E0535
C12F7072
C130D774
C1323A29
C1339882
C134F274
C13647F3
C13798F6
C138E579
C13A2D76
C13B70EC
C13CAFDA
C13DEA43
C13F202C
C140519A
C1417E97
C142A72C
C143CB64
C144EB4F
C14606FA
C1471E77
C14831D7
C149412D
C14A4C8F
C14B5410
C14C57C7
C14D57CC
C14E5434
C14F4D18
C1504291
C15134B7
C15223A3
C1530F6D
C153F82E
C154DDFF
C155C0F9
C156A134
C1577EC7
C15859CB
C1593257
C15A0882
C15ADC61
C15BAE0C
C15C7D97
C15D4B16
C15E169F
C15EE044
C15FA819
C1606E30
C161329B
C161F56C
C162B6B2
C163767E
C16434DF
C164F1E5
C165AD9D
C1666815
C167215B
C167D97B
C1689082
C169467B
C169FB72
C16AAF71
C16B6283
C16C14B1
C16CC606
C16D768A
C16E2645
C16ED541
C16F8386
C170311A
C170DE06
C1718A50
C1723600
C172E11B
C1738BA7
C17435AB
C174DF2C
C1758830
C17630BC
C176D8D4
C01F0AD6
C01F372F
C01F652F
C01F94E9
C01FC66A
C01FF9C6
C0202F0C
C0206650
C0209FA4
C020DB1C
C02118CC
C02158C9
C0219B29
C021E002
C022276D
C0227181
C022BE57
C0230E0A
C02360B6
C023B675
C0240F67
C0246BA8
C024CB58
C0252E98
C025958A
C0260051
C0266F12
C026E1F2
C0275919
C027D4AE
C02854DE
C028D9D2
C02963B9
C029F2C2
C02A871E
C02B2100
C02BC09B
C02C6627
C02D11DC
C02DC3F5
C02E7CAE
C02F3C47
C0300300
C030D11E
C031A6E6
C03284A1
C0336A99
C034591E
C035507E
C036510E
C0375B22
C0386F14
C0398D40
C03AB605
C03BE9C3
C03D28E0
C03E73C3
C03FCAD8
C0412E8C
C0429F50
C0441D98
C045A9DC
C0474494
C048EE3D
C04AA758
C04C7065
C04E49E8
C050346A
C0523071
C0543E88
C0565F3A
C0589315
C05ADAA5
C05D3677
C05FA71A
C0622D1A
C064C901
C0677B5A
C06A44AC
C06D2579
C0701E43
C0732F83
C07659B1
C0799D3A
C07CFA88
C08038FD
C08201F5
C083D852
C085BC36
C087ADBE
C089AD00
C08BBA0B
C08DD4EA
C08FFDA0
C0923427
C0947875
C096CA75
C0992A0F
C09B9720
C09E117F
C0A098FB
C0A32D5D
C0A5CE66
C0A87BD1
C0AB3553
C0ADFA99
C0B0CB4E
C0B3A715
C0B68D8D
C0B97E52
C0BC78FA
C0BF7D19
C0C28A41
C0C5A002
C0C8BDE8
C0CBE37F
C0CF1052
C0D243EC
C0D57DD7
C0D8BD9E
C0DC02CB
C0DF4CEA
C0E29B87
C0E5EE32
C0E94477
C0EC9DE9
C0EFFA19
C0F3589B
C0F6B905
C0FA1AED
C0FD7DEC
C10070CF
C10222CF
C103D4C6
C1058682
C10737D6
C108E892
C10A9888
C10C478C
C10DF571
C10FA20C
C1114D31
C112F6B8
C1149E75
C1164440
C117E7F1
C1198961
C11B2869
C11CC4E3
C11E5EAA
C11FF59A
C121898F
C1231A67
C124A800
C126323B
C127B8F9
C1293C1B
C12ABB86
C12C371E
C12DAECA
C12F2273
C1309202
C131FD63
C1336484
C134C754
C13625C5
C1377FCA
C138D55A
C13A266C
C13B72F9
C13CBAFF
C13DFE7B
C13F3D6E
C14077D9
C141ADC3
C142DF31
C1440C2B
C14534BD
C14658F2
C14778D7
C148947C
C149ABF2
C14ABF4B
C14BCE9A
C14CD9F3
C14DE16C
C14EE51B
C14FE516
C150E175
C151DA51
C152CFC0
C153C1DD
C154B0BF
C1559C80
C1568538
C1576B01
C1584DF2
C1592E24
C15A0BAF
C15AE6AA
C15BBF2E
C15C9551
C15D6929
C15E3ACC
C15F0A4F
C15FD7C8
C160A349
C1616CE8
C16234B7
C162FAC8
C163BF2D
C16481F8
C1654338
C16602FF
C166C15B
C1677E5B
C1683A0F
C168F483
C169ADC4
C16A65E0
C16B1CE3
C16BD2D8
C16C87CB
C16D3BC6
C16DEED5
C16EA100
C16F5251
C17002D2
C170B28B
C1716184
C1720FC6
C172BD58
C1736A41
C1741689
C174C236
C1756D4E
C17617D9
C176C1DB
C1776B5A
C178145C
C178BCE6
C0217733
C021A395
C021D19F
C0220162
C02232EE
C0226654
C0229BA6
C022D2F5
C0230C55
C02347DA
C0238596
C023C5A1
C024080F
C0244CF7
C0249470
C024DE94
C0252B7A
C0257B3F
C025CDFC
C02623CE
C0267CD2
C026D927
C02738EB
C0279C41
C0280349
C0286E28
C028DD00
C0294FF9
C029C73A
C02A42EA
C02AC335
C02B4847
C02BD24D
C02C6175
C02CF5F2
C02D8FF5
C02E2FB4
C02ED564
C02F8140
C0303380
C030EC63
C031AC26
C032730C
C0334158
C0341750
C034F53D
C035DB6A
C036CA25
C037C1BD
C038C287
C039CCD9
C03AE10A
C03BFF78
C03D2881
C03E5C86
C03F9BED
C040E71E
C0423E83
C043A28A
C04513A5
C0469247
C0481EE8
C049BA02
C04B6411
C04D1D95
C04EE710
C050C106
C052ABFE
C054A881
C056B719
C058D851
C05B0CB7
C05D54D8
C05FB141
C0622281
C064A925
C06745B6
C069F8C1
C06CC2CB
C06FA458
C0729DEA
C075AFFB
C078DB01
C07C1F6C
C07F7DA6
C0817B07
C083447E
C0851B60
C086FFCF
C088F1E7
C08AF1BF
C08CFF67
C08F1AEA
C091444A
C0937B83
C095C089
C098134B
C09A73AE
C09CE190
C09F5CCA
C0A1E52A
C0A47A7A
C0A71C7B
C0A9CAE9
C0AC8579
C0AF4BDA
C0B21DB5
C0B4FAAF
C0B7E267
C0BAD47A
C0BDD07F
C0C0D60B
C0C3E4AF
C0C6FBFD
C0CA1B81
C0CD42C8
C0D0715F
C0D3A6D1
C0D6E2A8
C0DA2470
C0DD6BB6
C0E0B805
C0E408EB
C0E75DF7
C0EAB6B9
C0EE12C3
C0F171A9
C0F4D2FE
C0F83659
C0FB9B54
C0FF0187
C1013448
C102E805
C1049BCB
C1064F6B
C10802B5
C109B57C
C10B6792
C10D18CC
C10EC8FC
C11077F9
C1122598
C113D1AF
C1157C14
C11724A0
C118CB2B
C11A6F8C
C11C119F
C11DB13D
C11F4E40
C120E885
C1227FE9
C1241447
C125A57F
C1273371
C128BDFB
C12A4501
C12BC864
C12D4809
C12EC3D6
C1303BB1
C131AF83
C1331F37
C1348AB9
C135F1F6
C13754DE
C138B364
C13A0D7B
C13B6319
C13CB437
C13E00CE
C13F48DA
C1408C5C
C141CB51
C14305BF
C1443BA8
C1456D15
C1469A0D
C147C29B
C148E6CB
C14A06AB
C14B224A
C14C39B9
C14D4D0B
C14E5C52
C14F67A3
C1506F14
C15172BA
C15272AC
C1536F02
C15467D4
C1555D3B
C1564F4F
C1573E28
C15829E0
C159128F
C159F84F
C15ADB37
C15BBB61
C15C98E4
C15D73D7
C15E4C53
C15F226E
C15FF63F
C160C7DA
C1619757
C16264C8
C1633044
C163F9DC
C164C1A4
C16587AF
C1664C0F
C1670ED4
C167D00F
C1688FD1
C1694E28
C16A0B23
C16AC6D2
C16B8142
C16C3A7F
C16CF297
C16DA996
C16E5F87
C16F1476
C16FC86E
C1707B79
C1712DA1
C171DEEF
C1728F6D
C1733F23
C173EE1A
C1749C59
C17549E8
C175F6CF
C176A315
C1774EC0
C177F9D6
C178A45E
C1794E5E
C179F7DC
C17AA0DC
C023E3E1
C024104B
C0243E5F
C0246E2B
C0249FC1
C024D332
C025088E
C0253FE9
C0257954
C025B4E4
C025F2AE
C02632C5
C0267540
C026BA36
C02701BE
C0274BF1
C02798E7
C027E8BC
C0283B8A
C028916E
C028EA84
C02946EC
C029A6C4
C02A0A2F
C02A714C
C02ADC41
C02B4B31
C02BBE41
C02C359B
C02CB165
C02D31CC
C02DB6F9
C02E411C
C02ED063
C02F64FF
C02FFF23
C0309F04
C03144D8
C031F0D8
C032A33E
C0335C48
C0341C35
C034E346
C035B1BF
C03687E6
C0376603
C0384C62
C0393B51
C03A331F
C03B3422
C03C3EAE
C03D531C
C03E71CA
C03F9B14
C040CF5E
C0420F0D
C0435A87
C044B239
C0461691
C04787FF
C04906F8
C04A93F4
C04C2F6B
C04DD9DC
C04F93C6
C0515DAA
C053380E
C0552379
C0572073
C0592F86
C05B5140
C05D862C
C05FCED8
C0622BD3
C0649DAA
C06724EB
C069C221
C06C75D5
C06F4091
C07222D7
C0751D29
C0783003
C07B5BDA
C07EA11E
C081001D
C082BCC7
C08486B9
C0865E1B
C088430F
C08A35B1
C08C361A
C08E4459
C0906079
C0928A7C
C094C260
C0970818
C0995B93
C09BBCB7
C09E2B63
C0A0A76F
C0A330AA
C0A5C6DF
C0A869CE
C0AB1935
C0ADD4C8
C0B09C38
C0B36F2D
C0B64D4E
C0B9363A
C0BC298D
C0BF26E1
C0C22DCA
C0C53DDC
C0C856A6
C0CB77B8
C0CEA09E
C0D1D0E6
C0D5081C
C0D845CB
C0DB8981
C0DED2C9
C0E22131
C0E57448
C0E8CB9D
C0EC26C3
C0EF854B
C0F2E6C9
C0F64AD4
C0F9B104
C0FD18F2
C100411C
C101F63B
C103ABA4
C1056129
C1071699
C108CBC6
C10A8085
C10C34A7
C10DE801
C10F9A68
C1114BB1
C112FBB3
C114AA43
C116573A
C118026F
C119ABBB
C11B52F7
C11CF7FC
C11E9AA6
C1203ACE
C121D851
C123730A
C1250AD8
C1269F98
C1283129
C129BF6A
C12B4A3E
C12CD186
C12E5525
C12FD4FF
C13150FB
C132C901
C1343CF9
C135ACCE
C137186C
C1387FC3
C139E2C1
C13B4159
C13C9B80
C13DF12A
C13F4252
C1408EF1
C141D704
C1431A88
C1445981
C14593EF
C146C9D7
C147FB42
C1492837
C14A50C1
C14B74EC
C14C94C6
C14DB05F
C14EC7C7
C14FDB11
C150EA51
C151F59A
C152FD02
C154009F
C1550089
C155FCD6
C156F5A0
C157EAFD
C158DD08
C159CBD8
C15AB788
C15BA02E
C15C85E6
C15D68C6
C15E48E7
C15F2662
C160014E
C160D9C2
C161AFD6
C162839F
C1635534
C16424A9
C164F214
C165BD89
C166871B
C1674EDD
C16814E3
C168D93D
C1699BFC
C16A5D32
C16B1CEF
C16BDB41
C16C9838
C16D53E3
C16E0E4E
C16EC787
C16F7F9B
C1703696
C170EC84
C171A170
C1725564
C173086C
C173BA91
C1746BDC
C1751C57
C175CC0A
C1767AFE
C177293B
C177D6C8
C17883AC
C1792FF0
C179DB98
C17A86AD
C17B3133
C17BDB31
C17C84AD
C02650DD
C0267D4F
C026AB6B
C026DB41
C0270CE1
C027405B
C02775C2
C027AD27
C027E69D
C0282239
C028600F
C028A032
C028E2BB
C02927BE
C0296F54
C029B995
C02A069B
C02A567F
C02AA95E
C02AFF52
C02B587A
C02BB4F4
C02C14E0
C02C785E
C02CDF90
C02D4A9A
C02DB9A0
C02E2CC8
C02EA43A
C02F201D
C02FA09D
C03025E6
C030B025
C0313F89
C031D443
C0326E87
C0330E88
C033B47E
C03460A2
C035132D
C035CC5E
C0368C72
C03753AD
C0382250
C038F8A4
C039D6EF
C03ABD7F
C03BACA0
C03CA4A3
C03DA5DC
C03EB0A0
C03FC549
C040E434
C0420DBE
C043424A
C044823D
C045CDFF
C04725FB
C0488AA0
C049FC5F
C04B7BAC
C04D08FE
C04EA4D0
C0504F9F
C05209EA
C053D434
C055AF02
C0579ADB
C0599847
C05BA7D2
C05DCA08
C05FFF75
C06248A8
C064A62E
C0671897
C069A06F
C06C3E42
C06EF29B
C071BE02
C074A0FA
C0779C05
C07AAF9F
C07DDC3E
C080912A
C0824125
C083FE40
C085C8A8
C087A085
C08985F9
C08B7921
C08D7A15
C08F88E5
C091A59B
C093D03C
C09608C3
C0984F26
C09AA353
C09D0531
C09F749F
C0A1F174
C0A47B82
C0A71292
C0A9B667
C0AC66BC
C0AF2348
C0B1EBBB
C0B4BFC0
C0B79EFB
C0BA890E
C0BD7D96
C0C07C2B
C0C38463
C0C695D3
C0C9B00B
C0CCD29A
C0CFFD0F
C0D32EF6
C0D667DE
C0D9A752
C0DCECE1
C0E03816
C0E38882
C0E6DDB3
C0EA373A
C0ED94AA
C0F0F595
C0F45993
C0F7C038
C0FB291F
C0FE93E2
C101000F
C102B6B8
C1046DBC
C10624ED
C107DC1B
C109931A
C10B49BD
C10CFFD7
C10EB53E
C11069C6
C1121D46
C113CF95
C1158089
C1172FFA
C118DDC2
C11A89B8
C11C33B6
C11DDB96
C11F8133
C1212467
C122C510
C1246308
C125FE2D
C127965D
C1292B76
C12ABD58
C12C4BE4
C12DD6FB
C12F5E7F
C130E254
C132625F
C133DE87
C13556B3
C136CACD
C1383AC0
C139A678
C13B0DE5
C13C70F6
C13DCF9F
C13F29D3
C1407F88
C141D0B9
C1431D5E
C1446575
C145A8FD
C146E7F6
C1482264
C149584C
C14A89B4
C14BB6A5
C14CDF2A
C14E0350
C14F2324
C1503EB7
C1515618
C152695B
C1537892
C15483D3
C1558B33
C1568EC7
C1578EA8
C1588AED
C15983AE
C15A7903
C15B6B05
C15C59CD
C15D4574
C15E2E12
C15F13C1
C15FF699
C160D6B2
C161B425
C1628F0A
C1636777
C1643D83
C1651145
C165E2D3
C166B242
C1677FA7
C1684B15
C16914A1
C169DC5E
C16AA25E
C16B66B2
C16C296D
C16CEA9E
C16DAA56
C16E68A3
C16F2596
C16FE13C
C1709BA3
C17154D8
C1720CE9
C172C3E0
C17379CA
C1742EB3
C174E2A4
C17595A9
C17647CA
C176F913
C177A98B
C178593C
C179082D
C179B667
C17A63F2
C17B10D4
C17BBD16
C17C68BC
C17D13CF
C17DBE53
C17E6850
C028BE23
C028EA9D
C02918C2
C02948A1
C0297A49
C029ADCD
C029E33E
C02A1AAD
C02A542F
C02A8FD6
C02ACDB6
C02B0DE6
C02B507B
C02B958B
C02BDD2F
C02C277E
C02C7492
C02CC486
C02D1774
C02D6D79
C02DC6B2
C02E233E
C02E833C
C02EE6CD
C02F4E13
C02FB932
C030284D
C0309B8B
C0311314
C0318F10
C0320FA9
C032950B
C0331F65
C033AEE5
C03443BD
C034DE1F
C0357E40
C0362457
C036D09C
C037834B
C0383CA1
C038FCDC
C039C43E
C03A930B
C03B6989
C03C4802
C03D2EC0
C03E1E11
C03F1646
C04017B3
C04122AE
C0423790
C04356B5
C044807D
C045B548
C046F57E
C0484184
C04999C8
C04AFEB7
C04C70C3
C04DF060
C04F7E06
C0511A2F
C052C559
C0548002
C0564AAE
C05825E2
C05A1225
C05C1000
C05E1FFD
C06042AA
C0627894
C064C248
C0672055
C069934A
C06C1BB3
C06EBA1E
C0716F15
C0743B20
C0771EC3
C07A1A80
C07D2ED3
C0802E1A
C081D189
C08381EC
C0853F74
C0870A4E
C088E2A1
C08AC890
C08CBC39
C08EBDB2
C090CD0D
C092EA55
C095158C
C0974EB1
C09995B9
C09BEA91
C09E4D21
C0A0BD49
C0A33AE0
C0A5C5B8
C0A85D9A
C0AB024B
C0ADB385
C0B07101
C0B33A6D
C0B60F76
C0B8EFC1
C0BBDAEF
C0BED09E
C0C1D068
C0C4D9E2
C0C7ECA2
C0CB0838
C0CE2C35
C0D15828
C0D48B9E
C0D7C626
C0DB074D
C0DE4EA1
C0E19BB0
C0E4EE0A
C0E84540
C0EBA0E2
C0EF0084
C0F263BA
C0F5CA1C
C0F93341
C0FC9EC3
C100061F
C101BDA8
C10375CC
C1052E5B
C106E727
C108A003
C10A58C1
C10C1135
C10DC934
C10F8094
C1113729
C112ECCB
C114A152
C1165493
C1180669
C119B6AC
C11B6535
C11D11DE
C11EBC81
C12064F9
C1220B22
C123AED8
C1254FF6
C126EE5B
C12889E3
C12A226D
C12BB7D9
C12D4A06
C12ED8D5
C1306429
C131EBE4
C1336FEA
C134F022
C1366C71
C137E4C0
C13958F9
C13AC906
C13C34D6
C13D9C57
C13EFF79
C1405E30
C141B86F
C1430E2E
C1445F66
C145AC10
C146F42B
C14837B4
C14976AE
C14AB11B
C14BE701
C14D1865
C14E4553
C14F6DD3
C15091F3
C151B1C2
C152CD4D
C153E4A7
C154F7E3
C1560712
C157124B
C15819A2
C1591D2F
C15A1D07
C15B1944
C15C11FC
C15D0748
C15DF942
C15EE801
C15FD3A0
C160BC36
C161A1DD
C16284AD
C16364BF
C164422A
C1651D07
C165F56D
C166CB72
C1679F2E
C16870B5
C169401E
C16A0D7C
C16AD8E5
C16BA26B
C16C6A22
C16D301D
C16DF46C
C16EB721
C16F784E
C1703801
C170F64A
C171B339
C1726EDA
C173293D
C173E26F
C1749A7B
C175516F
C1760756
C176BC3B
C177702A
C178232B
C178D54A
C1798690
C17A3706
C17AE6B4
C17B95A3
C17C43DB
C17CF163
C17D9E43
C17E4A82
C17EF627
C17FA138
C18025DD
C02B2BB1
C02B5833
C02B8660
C02BB647
C02BE7F9
C02C1B86
C02C5100
C02C8879
C02CC205
C02CFDB7
C02D3BA3
C02D7BDE
C02DBE7F
C02E039C
C02E4B4C
C02E95A9
C02EE2CB
C02F32CD
C02F85CB
C02FDBDF
C0303529
C03091C6
C030F1D5
C0315579
C031BCD2
C0322805
C0329735
C0330A88
C0338227
C033FE3A
C0347EEB
C0350467
C0358EDB
C0361E76
C036B36A
C0374DE9
C037EE28
C038945F
C03940C5
C039F396
C03AAD0F
C03B6D6F
C03C34F8
C03D03ED
C03DDA95
C03EB938
C03FA023
C0408FA3
C0418809
C04289A8
C04394D7
C044A9F0
C045C94D
C046F350
C0482859
C04968CD
C04AB516
C04C0D9F
C04D72D6
C04EE52C
C0506517
C051F30D
C0538F8A
C0553B0B
C056F60F
C058C119
C05A9CAF
C05C8958
C05E879D
C0609809
C062BB29
C064F18A
C0673BBA
C0699A49
C06C0DC4
C06E96BA
C07135B7
C073EB45
C076B7EE
C0799C36
C07C989E
C07FADA4
C0816DDF
C08311AF
C084C277
C0868067
C0884BAE
C08A2473
C08C0AD8
C08DFEFC
C09000F6
C09210D7
C0942EAA
C0965A73
C098942F
C09ADBD4
C09D3150
C09F948C
C0A20566
C0A483B7
C0A70F52
C0A9A7FE
C0AC4D82
C0AEFF99
C0B1BDFA
C0B48856
C0B75E58
C0BA3FA7
C0BD2BE5
C0C022B0
C0C323A1
C0C62E51
C0C94253
C0CC5F39
C0CF8495
C0D2B1F7
C0D5E6EC
C0D92303
C0DC65CB
C0DFAED2
C0E2FDA8
C0E651DC
C0E9AB00
C0ED08A7
C0F06A65
C0F3CFCF
C0F7387C
C0FAA407
C0FE1209
C100C110
C10279F6
C1043385
C105ED8F
C107A7E7
C109625F
C10B1CCB
C10CD6FE
C10E90D0
C1104A15
C11202A3
C113BA53
C11570FC
C1172676
C118DA9A
C11A8D42
C11C3E47
C11DED84
C11F9AD2
C121460E
C122EF14
C12495BE
C12639EB
C127DB76
C1297A3E
C12B1621
C12CAEFF
C12E44B6
C12FD728
C1316635
C132F1C1
C13479AE
C135FDE2
C1377E41
C138FAB4
C13A7322
C13BE777
C13D579C
C13EC381
C1402B13
C1418E44
C142ED07
C1444750
C1459D17
C146EE55
C1483B03
C1498320
C14AC6AB
C14C05A4
C14D4010
C14E75F2
C14FA754
C150D43C
C151FCB8
C15320D2
C154409A
C1555C1F
C1567372
C15786A6
C15895CE
C159A0FE
C15AA84E
C15BABD2
C15CABA2
C15DA7D6
C15EA086
C15F95CA
C16087BB
C1617672
C1626209
C1634A97
C1643036
C16512FE
C165F309
C166D06D
C167AB43
C16883A1
C16959A0
C16A2D55
C16AFED6
C16BCE38
C16C9B91
C16D66F4
C16E3075
C16EF826
C16FBE1C
C1708266
C1714517
C172063E
C172C5ED
C1738432
C174411C
C174FCBA
C175B719
C1767047
C1772850
C177DF41
C1789524
C1794A06
C179FDF2
C17AB0F0
C17B630C
C17C1450
C17CC4C3
C17D746E
C17E235B
C17ED191
C17F7F17
C18015FB
C1806C19
C180C1EA
C1811772
C02D9984
C02DC60E
C02DF443
C02E2432
C02E55EC
C02E8982
C02EBF05
C02EF688
C02F301E
C02F6BDA
C02FA9D1
C02FEA17
C0302CC4
C03071ED
C030B9AA
C0310413
C0315143
C031A153
C031F45F
C0324A83
C032A3DC
C0330089
C03360AA
C033C460
C0342BCB
C0349711
C0350655
C03579BD
C035F171
C0366D9B
C036EE63
C03773F7
C037FE84
C0388E39
C0392348
C039BDE3
C03A5E40
C03B0495
C03BB11B
C03C640D
C03D1DA8
C03DDE2C
C03EA5D9
C03F74F4
C0404BC4
C0412A91
C04211A7
C0430154
C043F9E8
C044FBB8
C046071A
C0471C67
C0483BFB
C0496636
C04A9B7A
C04BDC2C
C04D28B5
C04E8180
C04FE6FB
C051599A
C052D9CF
C0546813
C05604E0
C057B0B4
C0596C10
C05B3775
C05D136A
C05F0074
C060FF20
C0630FF6
C0653384
C0676A58
C069B500
C06C140B
C06E8808
C0711185
C073B10E
C076672F
C0793470
C07C1956
C07F1663
C081160A
C082AD70
C084519D
C08602C5
C087C11B
C0898CCB
C08B65FC
C08D4CD4
C08F416E
C09143E3
C0935445
C095729E
C0979EF2
C099D940
C09C217C
C09E7797
C0A0DB77
C0A34CFD
C0A5CC01
C0A85855
C0AAF1C5
C0AD9813
C0B04AFD
C0B30A3A
C0B5D57C
C0B8AC6E
C0BB8EB8
C0BE7BFB
C0C173D5
C0C475E3
C0C781BB
C0CA96F2
C0CDB51B
C0D0DBC8
C0D40A89
C0D740ED
C0DA7E83
C0DDC2DB
C0E10D83
C0E45E0D
C0E7B408
C0EB0F07
C0EE6E9E
C0F1D261
C0F539E7
C0F8A4C9
C0FC12A0
C0FF8309
C1017AD0
C1033504
C104EFF1
C106AB67
C108673A
C10A233E
C10BDF46
C10D9B28
C10F56BA
C11111D2
C112CC46
C11485F0
C1163EA7
C117F645
C119ACA2
C11B6198
C11D1503
C11EC6BC
C120769F
C1222487
C123D051
C12579D9
C12720FB
C128C595
C12A6785
C12C06A9
C12DA2E0
C12F3C09
C130D206
C13264B6
C133F3FC
C1357FBB
C13707D6
C1388C32
C13A0CB6
C13B8949
C13D01D4
C13E7641
C13FE67C
C1415273
C142BA15
C1441D53
C1457C20
C146D672
C1482C3F
C1497D81
C14ACA33
C14C1251
C14D55DC
C14E94D4
C14FCF3E
C151051D
C152367B
C153635F
C1548BD5
C155AFE9
C156CFAB
C157EB29
C1590274
C15A15A0
C15B24C1
C15C2FE9
C15D3731
C15E3AAD
C15F3A75
C16036A0
C1612F48
C1622484
C163166D
C164051C
C164F0AB
C165D931
C166BEC9
C167A18A
C168818D
C1695EEA
C16A39B9
C16B1211
C16BE809
C16CBBB8
C16D8D32
C16E5C8F
C16F29E2
C16FF53F
C170BEBA
C1718667
C1724C57
C173109D
C173D349
C174946C
C1755416
C1761257
C176CF3D
C1778AD7
C1784533
C178FE5D
C179B663
C17A6D50
C17B2331
C17BD810
C17C8BF8
C17D3EF4
C17DF10E
C17EA24E
C17F52BF
C1800134
C18058A9
C180AFC3
C1810685
C1815CF3
C181B311
C18208E1
C030079A
C030342B
C0306268
C030925F
C030C421
C030F7BF
C0312D4B
C03164D8
C0319E77
C031DA3D
C032183E
C032588F
C0329B47
C032E07B
C0332844
C03372BB
C033BFF7
C0341015
C034632F
C034B962
C03512CA
C0356F87
C035CFB8
C036337F
C0369AFC
C0370654
C03775AB
C037E927
C03860F0
C038DD2F
C0395E0E
C039E3B9
C03A6E5E
C03AFE2C
C03B9355
C03C2E0C
C03CCE85
C03D74F7
C03E219C
C03ED4AD
C03F8E69
C0404F0F
C04116E0
C041E620
C042BD17
C0439C0C
C044834B
C0457323
C0466BE5
C0476DE3
C0487975
C0498EF5
C04AAEBD
C04BD92F
C04D0EAC
C04E4F99
C04F9C5F
C050F56A
C0525B28
C053CE0B
C0554E88
C056DD16
C0587A31
C05A2656
C05BE206
C05DADC2
C05F8A12
C061777B
C0637688
C06587C5
C067ABBE
C069E300
C06C2E1C
C06E8D9F
C0710218
C0738C17
C0762C27
C078E2D4
C07BB0A7
C07E9625
C080C9E8
C0825513
C083ECD0
C0859156
C08742DB
C0890192
C08ACDA6
C08CA741
C08E8E86
C0908392
C092867E
C094975B
C096B634
C098E30F
C09B1DE8
C09D66B6
C09FBD69
C0A221E7
C0A49411
C0A713C2
C0A9A0C9
C0AC3AF3
C0AEE204
C0B195B9
C0B455CA
C0B721E8
C0B9F9C0
C0BCDCFA
C0BFCB37
C0C2C417
C0C5C735
C0C8D42A
C0CBEA89
C0CF09E8
C0D231D8
C0D561EB
C0D899AF
C0DBD8B4
C0DF1E8C
C0E26AC4
C0E5BCF0
C0E9149F
C0EC7166
C0EFD2D8
C0F3388C
C0F6A218
C0FA0F16
C0FD7F22
C10078EC
C102336C
C103EEE1
C105AB1C
C10767F0
C109252F
C10AE2AF
C10CA044
C10E5DC3
C1101B03
C111D7DB
C1139423
C1154FB4
C1170A65
C118C411
C11A7C92
C11C33C2
C11DE97C
C11F9D9C
C1214FFC
C1230079
C124AEF0
C1265B3C
C128053C
C129ACCD
C12B51CC
C12CF418
C12E9391
C1303015
C131C984
C1335FC0
C134F2AA
C1368224
C1380E11
C1399655
C13B1AD7
C13C9B7C
C13E182B
C13F90D0
C1410552
C14275A1
C143E1A7
C1454957
C146ACA0
C1480B77
C14965D0
C14ABBA2
C14C0CE8
C14D599B
C14EA1BA
C14FE544
C151243B
C1525EA2
C153947E
C154C5D7
C155F2B6
C1571B26
C1583F35
C1595EF0
C15A7A67
C15B91AB
C15CA4D0
C15DB3E8
C15EBF09
C15FC648
C160C9BC
C161C97C
C162C5A0
C163BE40
C164B374
C165A555
C16693FC
C1677F83
C1686802
C1694D92
C16A304C
C16B1048
C16BED9E
C16CC866
C16DA0B8
C16E76AA
C16F4A52
C1701BC7
C170EB1E
C171B86B
C17283C3
C1734D39
C17414E1
C174DACC
C1759F0D
C17661B5
C17722D3
C177E27A
C178A0B6
C1795D99
C17A192F
C17AD387
C17B8CAE
C17C44B0
C17CFB9B
C17DB178
C17E6654
C17F1A3A
C17FCD33
C1803FA5
C1809844
C180F07B
C181484F
C1819FC3
C181F6DC
C1824D9D
C182A40A
C182FA26
C03275EF
C032A288
C032D0CC
C03300CA
C0333295
C033663B
C0339BD0
C033D365
C0340D0D
C03448DD
C03486E8
C034C744
C0350A06
C0354F46
C035971A
C035E19D
C0362EE6
C0367F11
C036D238
C0372879
C03781F0
C037DEBC
C0383EFD
C038A2D4
C0390A62
C03975CC
C039E536
C03A58C5
C03AD0A2
C03B4CF6
C03BCDEA
C03C53AB
C03CDE68
C03D6E4E
C03E0390
C03E9E61
C03F3EF5
C03FE584
C0409245
C0414576
C041FF51
C042C018
C043880B
C044576F
C0452E8B
C0460DA6
C046F50D
C047E50F
C048DDFC
C049E027
C04AEBE8
C04C0198
C04D2194
C04E4C3A
C04F81ED
C050C313
C0521014
C053695C
C054CF5A
C0564280
C057C342
C0595218
C05AEF7E
C05C9BF1
C05E57F1
C0602402
C06200A8
C063EE6D
C065EDD9
C067FF78
C06A23D7
C06C5B84
C06EA70E
C0710704
C0737BF6
C0760671
C078A703
C07B5E38
C07E2C97
C0808954
C0820876
C08393F0
C0852BFF
C086D0DB
C08882BA
C08A41CD
C08C0E43
C08DE843
C08FCFF1
C091C56A
C093C8C8
C095DA1C
C097F971
C09A26CD
C09C622C
C09EAB87
C0A102CB
C0A367E1
C0A5DAAA
C0A85AFF
C0AAE8B2
C0AD838F
C0B02B5B
C0B2DFD3
C0B5A0AF
C0B86DA1
C0BB4656
C0BE2A76
C0C119A4
C0C4137F
C0C717A3
C0CA25A8
C0CD3D24
C0D05DAC
C0D386D2
C0D6B828
C0D9F13E
C0DD31A4
C0E078EB
C0E3C6A4
C0E71A60
C0EA73B2
C0EDD22D
C0F13568
C0F49CF7
C0F80874
C0FB777A
C0FEE9A3
C1012F47
C102EAEE
C104A796
C1066513
C1082336
C109E1D4
C10BA0C0
C10D5FD1
C10F1EDD
C110DDBB
C1129C42
C1145A4B
C11617AF
C117D448
C1198FEF
C11B4A7F
C11D03D4
C11EBBC8
C1207237
C12226FE
C123D9F9
C1258B05
C12739FF
C128E6C5
C12A9133
C12C392A
C12DDE86
C12F8128
C13120EE
C132BDB8
C1345768
C135EDDE
C13780FC
C13910A4
C13A9CBC
C13C2526
C13DA9C9
C13F2A8B
C140A755
C1422010
C14394A7
C1450505
C146711A
C147D8D6
C1493C29
C14A9B07
C14BF565
C14D4B3C
C14E9C84
C14FE939
C1513158
C15274E1
C153B3D5
C154EE39
C1562411
C1575565
C158823F
C159AAAA
C15ACEB2
C15BEE66
C15D09D6
C15E2113
C15F3430
C1604341
C1614E5A
C1625592
C16358FE
C16458B6
C16554D2
C1664D69
C1674296
C168346F
C169230F
C16A0E8F
C16AF706
C16BDC8F
C16CBF42
C16D9F37
C16E7C87
C16F5749
C1702F94
C171057F
C171D922
C172AA91
C17379E2
C174472A
C175127D
C175DBEE
C176A391
C1776978
C1782DB4
C178F057
C179B172
C17A7114
C17B2F4D
C17BEC2C
C17CA7BE
C17D6213
C17E1B37
C17ED336
C17F8A1D
C1801FFC
C1807A68
C180D45A
C1812DD5
C18186E0
C181DF7D
C18237B3
C1828F86
C182E6F9
C1833E11
C18394D1
C183EB3D
C034E483
C0351122
C0353F6D
C0356F73
C035A145
C035D4F3
C0360A90
C036422E
C0367BDF
C036B7B8
C036F5CC
C0373632
C03778FF
C037BE49
C0380629
C03850B7
C0389E0D
C038EE44
C0394178
C03997C7
C039F14C
C03A4E27
C03AAE77
C03B125E
C03B79FD
C03BE577
C03C54F3
C03CC895
C03D4085
C03DBCEC
C03E3DF5
C03EC3CC
C03F4E9F
C03FDE9D
C04073F7
C0410EE1
C041AF8F
C0425639
C0430317
C043B664
C044705F
C0453145
C045F959
C046C8E0
C047A01F
C0487F5F
C04966ED
C04A5717
C04B502D
C04C5284
C04D5E72
C04E7451
C04F947D
C050BF55
C051F53D
C053369A
C05483D4
C055DD57
C0574393
C058B6F8
C05A37FD
C05BC718
C05D64C6
C05F1184
C060CDD2
C0629A33
C064772E
C066654A
C0686511
C06A770F
C06C9BD0
C06ED3E4
C0711FD9
C073803E
C075F5A3
C0788096
C07B21A5
C07DD95C
C0805421
C081C770
C08346DB
C084D2A2
C0866B00
C088102F
C089C264
C08B81D1
C08D4EA3
C08F2904
C0911117
C09306FA
C0950AC6
C0971C8C
C0993C58
C09B6A2F
C09DA610
C09FEFF1
C0A247C1
C0A4AD69
C0A720CA
C0A9A1BD
C0AC3016
C0AECB9F
C0B1741E
C0B42951
C0B6EAF0
C0B9B8AE
C0BC9238
C0BF7735
C0C26749
C0C56215
C0C86733
C0CB763E
C0CE8ECC
C0D1B071
C0D4DAC0
C0D80D4C
C0DB47A6
C0DE895E
C0E1D206
C0E52130
C0E8766C
C0EBD14F
C0EF316E
C0F2965D
C0F5FFB5
C0F96D0F
C0FCDE06
C100291B
C101E4A0
C103A162
C1055F32
C1071DE2
C108DD47
C10A9D34
C10C5D7F
C10E1DFD
C10FDE86
C1119EF1
C1135F16
C1151ECE
C116DDF4
C1189C61
C11A59EF
C11C167B
C11DD1DF
C11F8BF8
C12144A2
C122FBBA
C124B11C
C12664A6
C1281636
C129C5AA
C12B72DF
C12D1DB4
C12EC608
C1306BBA
C1320EAA
C133AEB7
C1354BC2
C136E5AC
C1387C57
C13A0FA5
C13B9F78
C13D2BB6
C13EB442
C1403903
C141B9E0
C14336C2
C144AF91
C1462439
C14794A6
C14900C8
C14A688D
C14BCBE8
C14D2ACC
C14E852F
C14FDB09
C1512C53
C1527908
C153C126
C15504AD
C156439F
C1577DFF
C158B3D3
C159E522
C15B11F7
C15C3A5C
C15D5E5D
C15E7E0B
C15F9974
C160B0AA
C161C3C0
C162D2C9
C163DDDA
C164E50A
C165E86F
C166E81F
C167E433
C168DCC3
C169D1E8
C16AC3BA
C16BB252
C16C9DCA
C16D863B
C16E6BBD
C16F4E69
C1702E58
C1710BA1
C171E65C
C172BEA1
C1739487
C1746824
C175398D
C17608D9
C176D61C
C177A16A
C1786AD6
C1793274
C179F856
C17ABC8E
C17B7F2D
C17C4044
C17CFFE2
C17DBE18
C17E7AF3
C17F3682
C17FF0D3
C18054FA
C180B0F8
C1810C6A
C1816756
C181C1C1
C1821BB1
C182752C
C182CE35
C18326D1
C1837F06
C183D6D8
C1842E4A
C1848560
C184DC20
C0375351
C0377FF7
C037AE49
C037DE56
C038102F
C03843E5
C038798A
C038B130
C038EAEA
C03926CC
C03964E9
C039A559
C039E82F
C03A2D84
C03A756F
C03AC008
C03B0D69
C03B5DAD
C03BB0EE
C03C0749
C03C60DC
C03CBDC5
C03D1E24
C03D8219
C03DE9C8
C03E5553
C03EC4E0
C03F3894
C03FB096
C0402D11
C040AE2E
C041341A
C041BF02
C0424F16
C042E488
C0437F8A
C0442051
C044C715
C045740F
C0462778
C046E190
C047A295
C0486AC9
C0493A70
C04A11D2
C04AF136
C04BD8E9
C04CC939
C04DC278
C04EC4F8
C04FD112
C050E71D
C0520778
C0533282
C054689C
C055AA2D
C056F79E
C058515A
C059B7D1
C05B2B74
C05CACB9
C05E3C17
C05FDA0A
C061870F
C06343A8
C0651058
C066EDA3
C068DC14
C06ADC32
C06CEE8B
C06F13AB
C0714C22
C073987D
C075F94D
C0786F21
C07AFA88
C07D9C0F
C0802A21
C08191D6
C0830568
C084851A
C086112A
C087A9D4
C0894F53
C08B01DA
C08CC19E
C08E8ECA
C0906988
C09251FC
C0944844
C0964C79
C0985EAD
C09A7EEC
C09CAD3A
C09EE997
C0A133F8
C0A38C4F
C0A5F283
C0A86676
C0AAE802
C0AD76F9
C0B01328
C0B2BC54
C0B5723A
C0B83495
C0BB0316
C0BDDD6B
C0C0C33C
C0C3B42E
C0C6AFE1
C0C9B5F0
C0CCC5F6
C0CFDF8A
C0D30241
C0D62DAE
C0D96163
C0DC9CF4
C0DFDFF0
C0E329EB
C0E67A75
C0E9D122
C0ED2D87
C0F08F37
C0F3F5C9
C0F760D7
C0FACFFA
C0FE42CE
C100DC78
C1029901
C10456D2
C10615BD
C107D595
C109962F
C10B575E
C10D18F8
C10EDAD5
C1109CCB
C1125EB3
C1142066
C115E1BD
C117A292
C11962C1
C11B2224
C11CE098
C11E9DF8
C1205A21
C12214F0
C123CE43
C12585F6
C1273BE9
C128EFF7
C12AA201
C12C51E5
C12DFF81
C12FAAB4
C131535F
C132F95F
C1349C97
C1363CE5
C137DA2C
C139744B
C13B0B26
C13C9E9F
C13E2E9A
C13FBAFA
C14143A5
C142C881
C1444976
C145C66C
C1473F4D
C148B404
C14A247F
C14B90AB
C14CF879
C14E5BDB
C14FBAC4
C151152B
C1526B06
C153BC51
C1550906
C1565123
C15794A8
C158D396
C15A0DF2
C15B43C2
C15C750C
C15DA1DB
C15ECA39
C15FEE35
C1610DDB
C162293E
C163406C
C164537B
C165627D
C1666D87
C16774AF
C168780B
C16977B4
C16A73C1
C16B6C49
C16C6167
C16D5331
C16E41C3
C16F2D34
C170159E
C170FB19
C171DDBE
C172BDA6
C1739AE9
C174759F
C1754DDE
C17623BE
C176F755
C177C8B9
C1789800
C179653E
C17A3086
C17AF9EE
C17BC188
C17C8766
C17D4B99
C17E0E34
C17ECF47
C17F8EE2
C180268A
C18084F6
C180E2BC
C1813FE3
C1819C71
C181F86E
C18253DF
C182AEC9
C1830933
C1836322
C183BC9B
C18415A3
C1846E3F
C184C672
C1851E43
C18575B4
C185CCCA
C039C259
C039EF06
C03A1D5E
C03A4D72
C03A7F52
C03AB30F
C03AE8BC
C03B206A
C03B5A2C
C03B9616
C03BD43D
C03C14B5
C03C5795
C03C9CF4
C03CE4E9
C03D2F8D
C03D7CFA
C03DCD49
C03E2096
C03E76FE
C03ED09D
C03F2D94
C03F8E01
C03FF206
C04059C4
C040C55F
C04134FC
C041A8C1
C04220D5
C0429D62
C0431E93
C043A492
C0442F8F
C044BFB9
C0455541
C045F05B
C046913A
C0473817
C047E52B
C04898B0
C04952E4
C04A1406
C04ADC59
C04BAC20
C04C83A2
C04D6329
C04E4B00
C04F3B75
C05034DA
C0513783
C05243C6
C05359FD
C0547A85
C055A5BD
C056DC09
C0581DCD
C0596B72
C05AC565
C05C2C15
C05D9FF3
C05F2175
C060B114
C0624F49
C063FC94
C065B975
C067866F
C0696409
C06B52CA
C06D533D
C06F65EE
C0718B69
C073C43F
C07610FD
C0787233
C07AE872
C07D7448
C0800B22
C0816777
C082CF6B
C084433E
C085C334
C0874F8A
C088E87E
C08A8E49
C08C4120
C08E0136
C08FCEB8
C091A9D0
C09392A2
C095894B
C0978DE6
C099A083
C09BC12F
C09DEFF0
C0A02CC4
C0A277A2
C0A4D07A
C0A73735
C0A9ABB4
C0AC2DD2
C0AEBD62
C0B15A30
C0B40400
C0B6BA94
C0B97DA2
C0BC4CDF
C0BF27F7
C0C20E94
C0C5005B
C0C7FCEB
C0CB03E2
C0CE14D9
C0D12F68
C0D45325
C0D77FA4
C0DAB478
C0DDF132
C0E13566
C0E480A5
C0E7D282
C0EB2A91
C0EE8866
C0F1EB97
C0F553BC
C0F8C06E
C0FC3147
C0FFA5E4
C1018EF2
C1034C74
C1050B49
C106CB44
C1088C38
C10A4DF9
C10C105D
C10DD33A
C10F9667
C11159BC
C1131D12
C114E042
C116A327
C118659B
C11A277A
C11BE89F
C11DA8E8
C11F6830
C1212656
C122E336
C1249EAE
C126589D
C12810E1
C129C758
C12B7BE1
C12D2E5B
C12EDEA6
C1308CA1
C132382B
C133E125
C135876E
C1372AE7
C138CB71
C13A68ED
C13C033E
C13D9A45
C13F2DE5
C140BE03
C1424A82
C143D349
C145583E
C146D948
C1485650
C149CF41
C14B4406
C14CB48B
C14E20C1
C14F8896
C150EBFD
C1524AEB
C153A554
C154FB31
C1564C7B
C157992F
C158E14A
C15A24CC
C15B63B7
C15C9E0F
C15DD3DA
C15F051F
C16031E8
C1615A40
C1627E35
C1639DD5
C164B930
C165D058
C166E35F
C167F25A
C168FD5C
C16A047D
C16B07D2
C16C0773
C16D0379
C16DFBFA
C16EF110
C16FE2D4
C170D15E
C171BCC9
C172A52C
C1738AA0
C1746D3F
C1754D21
C1762A5E
C177050D
C177DD47
C178B322
C17986B3
C17A5812
C17B2754
C17BF48D
C17CBFD1
C17D8934
C17E50C9
C17F16A3
C17FDAD3
C1804EB5
C180AF3D
C1810F08
C1816E1F
C181CC89
C1822A4E
C1828773
C182E400
C1833FFC
C1839B6B
C183F654
C18450BD
C184AAAB
C1850423
C1855D29
C185B5C4
C1860DF7
C18665C6
C186BD36
C03C3198
C03C5E4A
C03C8CA9
C03CBCC3
C03CEEAA
C03D226F
C03D5823
C03D8FD8
C03DC9A2
C03E0595
C03E43C4
C03E8445
C03EC72F
C03F0C97
C03F5496
C03F9F45
C03FECBC
C0403D16
C040906F
C040E6E3
C041408F
C0419D93
C041FE0E
C0426220
C042C9ED
C0433598
C043A544
C044191A
C044913F
C0450DDE
C0458F21
C0461534
C046A045
C0473084
C047C621
C0486151
C0490248
C049A93E
C04A566A
C04B0A0A
C04BC459
C04C8598
C04D4E08
C04E1DEE
C04EF590
C04FD537
C050BD31
C051ADCA
C052A754
C053AA23
C054B68F
C055CCF0
C056EDA3
C0581908
C0594F82
C05A9177
C05BDF4F
C05D3977
C05EA05E
C0601475
C0619633
C063260F
C064C484
C0667212
C0682F38
C069FC7A
C06BDA5F
C06DC96F
C06FCA33
C071DD38
C074030B
C0763C3B
C0788958
C07AEAF2
C07D6198
C07FEDD9
C0814821
C082A4B1
C0840CE1
C08580F3
C087012A
C0888DC4
C08A26FE
C08BCD12
C08D8036
C08F409C
C0910E71
C092E9E0
C094D30B
C096CA12
C098CF0D
C09AE210
C09D0326
C09F3255
C0A16F9B
C0A3BAF0
C0A61445
C0A87B81
C0AAF087
C0AD7332
C0B00354
C0B2A0BA
C0B54B2A
C0B80263
C0BAC61E
C0BD960F
C0C071E3
C0C35944
C0C64BD6
C0C9493B
C0CC5110
C0CF62EE
C0D27E6F
C0D5A328
C0D8D0AE
C0DC0693
C0DF446B
C0E289C9
C0E5D640
C0E92962
C0EC82C4
C0EFE1FB
C0F3469E
C0F6B044
C0FA1E89
C0FD9106
C10083AD
C1024092
C103FF03
C105BED2
C1077FD1
C10941D4
C10B04B1
C10CC83D
C10E8C4F
C11050BF
C1121564
C113DA19
C1159EB8
C117631B
C119271D
C11AEA9B
C11CAD71
C11E6F7C
C120309A
C121F0A8
C123AF85
C1256D0E
C1272923
C128E3A3
C12A9C6C
C12C535E
C12E0858
C12FBB3B
C1316BE5
C1331A37
C134C610
C1366F53
C13815DE
C139B993
C13B5A54
C13CF802
C13E927E
C14029AD
C141BD71
C1434DAF
C144DA4B
C146632A
C147E835
C1496952
C14AE66A
C14C5F69
C14DD439
C14F44C8
C150B105
C15218E1
C1537C4C
C154DB3D
C15635A8
C1578B85
C158DCCF
C15A2982
C15B719A
C15CB519
C15DF400
C15F2E54
C1606419
C1619559
C162C21C
C163EA6E
C1650E5D
C1662DF6
C167494A
C168606B
C169736B
C16A825E
C16B8D59
C16C9472
C16D97C0
C16E975A
C16F9358
C1708BD3
C17180E2
C172729F
C1736122
C1744C86
C17534E2
C1761A51
C176FCEA
C177DCC5
C178B9FC
C17994A6
C17A6CDA
C17B42AF
C17C163C
C17CE796
C17DB6D3
C17E8407
C17F4F47
C1800C53
C180701B
C180D306
C181351C
C1819666
C181F6EB
C18256B5
C182B5CB
C1831433
C18371F6
C183CF1A
C1842BA6
C18487A0
C184E30E
C1853DF6
C185985D
C185F24A
C1864BC1
C186A4C6
C186FD60
C1875592
C187AD60
C03EA10C
C03ECDC4
C03EFC29
C03F2C49
C03F5E37
C03F9202
C03FC7BD
C03FFF7A
C040394C
C0407546
C040B37E
C040F408
C04136FA
C0417C6C
C041C474
C0420F2D
C0425CAE
C042AD13
C0430077
C04356F7
C043B0B0
C0440DC0
C0446E48
C044D268
C0453A43
C045A5FC
C04615B8
C046899D
C04701D3
C0477E84
C047FFD8
C04885FE
C0491122
C049A175
C04A3727
C04AD26D
C04B737A
C04C1A87
C04CC7CC
C04D7B84
C04E35EE
C04EF748
C04FBFD4
C0508FD8
C0516798
C0524760
C0532F7A
C0542036
C05519E4
C0561CD8
C057296A
C0583FF4
C05960D1
C05A8C62
C05BC309
C05D052D
C05E5336
C05FAD90
C06114AC
C06288FA
C0640AF0
C0659B08
C06739BB
C068E789
C06AA4F2
C06C727A
C06E50A7
C0704001
C0724113
C0745469
C0767A91
C078B41A
C07B0192
C07D638B
C07FDA93
C081339E
C0828508
C083E1D0
C0854A39
C086BE87
C0883EFD
C089CBD8
C08B6557
C08D0BB2
C08EBF1F
C0907FD1
C0924DF6
C09429B8
C0961339
C0980A9A
C09A0FF3
C09C2357
C09E44D3
C0A0746B
C0A2B220
C0A4FDE7
C0A757B3
C0A9BF6C
C0AC34F4
C0AEB825
C0B148D4
C0B3E6CD
C0B691D5
C0B949AD
C0BC0E0E
C0BEDEAC
C0C1BB34
C0C4A351
C0C796A8
C0CA94D9
C0CD9D82
C0D0B03F
C0D3CCA7
C0D6F252
C0DA20D3
C0DD57C0
C0E096AB
C0E3DD27
C0E72AC8
C0EA7F22
C0EDD9C9
C0F13A53
C0F4A058
C0F80B71
C0FB7B37
C0FEEF47
C10133A0
C102F160
C104B0B6
C1067174
C108336D
C109F676
C10BBA63
C10D7F0B
C10F4445
C11109EA
C112CFD2
C11495D8
C1165BD6
C11821A7
C119E728
C11BAC34
C11D70AA
C11F3466
C120F747
C122B92B
C12479F0
C1263977
C127F79D
C129B443
C12B6F49
C12D288D
C12EDFF1
C1309553
C1324895
C133F997
C135A839
C137545C
C138FDE1
C13AA4A9
C13C4895
C13DE987
C13F8762
C1412207
C142B95A
C1444D3F
C145DD99
C1476A4E
C148F344
C14A7862
C14BF98F
C14D76B6
C14EEFC1
C150649B
C151D533
C1534176
C154A956
C1560CC5
C1576BB8
C158C624
C15A1C01
C15B6D4A
C15CB9FA
C15E0210
C15F458B
C160846E
C161BEBD
C162F47D
C16425B7
C1655275
C1667AC1
C1679EA8
C168BE3B
C169D988
C16AF0A2
C16C039B
C16D1287
C16E1D7B
C16F248D
C17027D4
C1712767
C172235E
C1731BD1
C17410D9
C175028F
C175F10D
C176DC6A
C177C4C0
C178AA28
C1798CBB
C17A6C91
C17B49C2
C17C2467
C17CFC95
C17DD265
C17EA5ED
C17F7742
C180233D
C18089D5
C180EF73
C1815420
C181B7E6
C1821ACF
C1827CE3
C182DE2B
C1833EAF
C1839E77
C183FD8B
C1845BF2
C184B9B4
C18516D6
C1857361
C185CF59
C1862AC6
C18685AD
C186E013
C18739FF
C1879374
C187EC79
C1884512
C1889D42
C04110B3
C0413D70
C0416BDB
C0419C02
C041CDF5
C04201C7
C0423789
C0426F4D
C042A926
C042E528
C0432367
C04363FA
C043A6F5
C043EC6F
C0443481
C0447F43
C044CCCF
C0451D3E
C04570AD
C045C738
C04620FC
C0467E19
C046DEAD
C04742DB
C047AAC3
C048168A
C0488655
C048FA4A
C0497290
C049EF50
C04A70B6
C04AF6EE
C04B8225
C04C128A
C04CA851
C04D43AB
C04DE4CE
C04E8BF2
C04F394E
C04FED1F
C050A7A2
C0516916
C05231BE
C05301DD
C053D9BC
C054B9A2
C055A1DC
C05692B9
C0578C89
C0588FA2
C0599C59
C05AB309
C05BD40E
C05CFFC9
C05E369C
C05F78ED
C060C725
C06221B0
C06388FE
C064FD81
C0667FAF
C0680FFF
C069AEEE
C06B5CF9
C06D1AA3
C06EE86D
C070C6E0
C072B683
C074B7E0
C076CB84
C078F1FD
C07B2BDA
C07D79AB
C07FDBFF
C08129B3
C0827039
C083C1D7
C0851ED4
C0868775
C087FBFD
C0897CAF
C08B09C9
C08CA389
C08E4A28
C08FFDDC
C091BED8
C0938D4A
C095695B
C097532F
C0994AE7
C09B509A
C09D645B
C09F8639
C0A1B637
C0A3F455
C0A6408B
C0A89AC9
C0AB02F9
C0AD78FE
C0AFFCB1
C0B28DE7
C0B52C6C
C0B7D808
C0BA9078
C0BD5579
C0C026BC
C0C303F2
C0C5ECC3
C0C8E0D5
C0CBDFCA
C0CEE940
C0D1FCD2
C0D51A19
C0D840AC
C0DB701F
C0DEA808
C0E1E7F9
C0E52F88
C0E87E48
C0EBD3CC
C0EF2FAC
C0F2917C
C0F5F8D5
C0F9654F
C0FCD688
C100260D
C101E2D3
C103A166
C1056198
C107233B
C108E623
C10AAA26
C10C6F17
C10E34D0
C10FFB26
C111C1F4
C1138912
C115505B
C11717AA
C118DEDB
C11AA5CA
C11C6C55
C11E325A
C11FF7B6
C121BC48
C1237FEF
C125428B
C12703FA
C128C41E
C12A82D6
C12C4002
C12DFB83
C12FB53A
C1316D06
C13322C8
C134D662
C13687B5
C13836A0
C139E306
C13B8CC8
C13D33C8
C13ED7E6
C1407906
C1421709
C143B1D3
C1454947
C146DD48
C1486DBC
C149FA88
C14B8392
C14D08C1
C14E89FD
C1500731
C1518046
C152F529
C15465C7
C155D210
C15739F4
C1589D65
C159FC59
C15B56C5
C15CACA2
C15DFDE9
C15F4A96
C16092A9
C161D621
C16314FF
C1644F49
C1658504
C166B638
C167E2EF
C1690B35
C16A2F17
C16B4EA2
C16C69E9
C16D80FB
C16E93ED
C16FA2D2
C170ADBF
C171B4CB
C172B80A
C173B797
C174B387
C175ABF3
C176A0F5
C17792A4
C178811B
C1796C72
C17A54C2
C17B3A24
C17C1CB1
C17CFC82
C17DD9AD
C17EB44C
C17F8C76
C1803121
C1809AE2
C181038A
C1816B24
C181D1BA
C1823755
C1829C00
C182FFC5
C18362AC
C183C4BE
C1842604
C1848687
C184E64D
C185455F
C185A3C5
C1860185
C1865EA6
C186BB2F
C1871727
C1877292
C187CD78
C18827DD
C18881C8
C188DB3C
C1893440
C1898CD8
C043808A
C043AD4D
C043DBBD
C0440BEA
C0443DE4
C04471BC
C044A785
C044DF4F
C045192F
C0455539
C0459380
C045D41A
C046171D
C0465CA1
C046A4BC
C046EF87
C0473D1C
C0478D95
C047E10F
C04837A4
C0489174
C048EE9C
C0494F3D
C049B377
C04A1B6C
C04A8741
C04AF71A
C04B6B1E
C04BE373
C04C6043
C04CE1BA
C04D6802
C04DF34B
C04E83C4
C04F199D
C04FB50C
C0505644
C050FD7D
C051AAF0
C0525ED8
C0531973
C053DB01
C054A3C3
C05573FE
C0564BF8
C0572BFC
C0581455
C0590552
C059FF43
C05B027E
C05C0F59
C05D262E
C05E475A
C05F733D
C060AA3A
C061ECB6
C0633B1C
C06495D6
C065FD55
C067720B
C068F46E
C06A84F5
C06C241D
C06DD264
C06F904B
C0715E56
C0733D0B
C0752CF3
C0772E99
C0794289
C07B6950
C07DA37E
C07FF1A3
C0812A28
C0826609
C083ACBE
C084FE8E
C0865BBE
C087C495
C0893955
C08ABA41
C08C4798
C08DE196
C08F8877
C0913C6F
C092FDB1
C094CC6D
C096A8CB
C09892EF
C09A8AFA
C09C9103
C09EA51F
C0A0C75A
C0A2F7BA
C0A5363D
C0A782DD
C0A9DD8A
C0AC462D
C0AEBCA9
C0B140D9
C0B3D290
C0B6719D
C0B91DC5
C0BBD6C9
C0BE9C62
C0C16E45
C0C44C21
C0C7359F
C0CA2A66
C0CD2A17
C0D03452
C0D348B0
C0D666CC
C0D98E3D
C0DCBE99
C0DFF773
C0E33862
C0E680F8
C0E9D0CA
C0ED276E
C0F08478
C0F3E780
C0F7501F
C0FABDEE
C0FE3089
C100D3C7
C102914E
C10450AB
C10611AF
C107D42F
C10997FC
C10B5CEE
C10D22DA
C10EE998
C110B0FF
C11278E9
C1144130
C11609AF
C117D241
C1199AC3
C11B6312
C11D2B0C
C11EF290
C120B97B
C1227FAD
C1244506
C1260965
C127CCAB
C1298EB9
C12B4F6E
C12D0EAD
C12ECC55
C1308848
C1324267
C133FA94
C135B0AF
C137649A
C1391636
C13AC565
C13C7209
C13E1C03
C13FC335
C1416781
C14308CA
C144A6F2
C14641DD
C147D96E
C1496D8A
C14AFE15
C14C8AF5
C14E1410
C14F994F
C1511A98
C15297D6
C15410F5
C15585DF
C156F683
C15862CF
C159CAB6
C15B2E2A
C15C8D1E
C15DE789
C15F3D65
C1608EA9
C161DB54
C1632363
C16466D7
C165A5B1
C166DFF5
C16815AB
C16946D9
C16A738B
C16B9BCA
C16CBFA5
C16DDF2A
C16EFA6A
C1701176
C1712461
C172333F
C1733E25
C1744529
C1754862
C17647E8
C17743D1
C1783C37
C1793132
C17A22DB
C17B114C
C17BFC9D
C17CE4E7
C17DCA43
C17EACCB
C17F8C96
C18034DE
C180A22B
C1810E3D
C1817920
C181E2DF
C1824B85
C182B31D
C18319B0
C1837F4A
C183E3F3
C18447B6
C184AA9B
C1850CAC
C1856DF0
C185CE71
C1862E36
C1868D47
C186EBAB
C1874969
C187A689
C1880311
C1885F07
C188BA72
C1891556
C1896FBA
C189C9A4
C18A2317
C18A7C1A
C045F091
C0461D5A
C0464BCF
C0467C01
C046AE01
C046E1DF
C04717AE
C0474F7F
C0478966
C047C577
C04803C5
C0484467
C0488772
C048CCFE
C0491521
C0495FF6
C049AD94
C049FE17
C04A519A
C04AA83A
C04B0215
C04B5F48
C04BBFF5
C04C243B
C04C8C3D
C04CF81F
C04D6806
C04DDC17
C04E547B
C04ED15B
C04F52E1
C04FD93A
C0506494
C050F51F
C0518B0B
C052268D
C052C7D9
C0536F27
C0541CAF
C054D0AE
C0558B61
C0564D07
C05715E2
C057E637
C058BE4D
C0599E6D
C05A86E4
C05B77FF
C05C7211
C05D756D
C05E826A
C05F9963
C060BAB5
C061E6BE
C0631DE3
C064608A
C065AF1B
C0670A03
C06871B1
C069E698
C06B692D
C06CF9E9
C06E9948
C07047C8
C07205EB
C073D434
C075B329
C077A355
C079A540
C07BB978
C07DE08A
C0800D83
C08134BF
C082663F
C083A24D
C084E92F
C0863B2F
C0879891
C089019B
C08A7691
C08BF7B5
C08D8545
C08F1F80
C090C69F
C0927AD9
C0943C60
C0960B62
C097E809
C099D27B
C09BCAD5
C09DD132
C09FE5A4
C0A20839
C0A438F7
C0A677DC
C0A8C4E2
C0AB1FF8
C0AD890A
C0AFFFF9
C0B284A0
C0B516D5
C0B7B663
C0BA6313
C0BD1CA3
C0BFE2D0
C0C2B54C
C0C593C7
C0C87DEB
C0CB7360
C0CE73C6
C0D17EBC
C0D493DF
C0D7B2C8
C0DADB0F
C0DE0C49
C0E1460C
C0E487EC
C0E7D17F
C0EB2259
C0EE7A10
C0F1D839
C0F53C6D
C0F8A644
C0FC1559
C0FF8948
C10180D8
C1033F19
C104FF37
C106C105
C1088457
C10A4901
C10C0ED9
C10DD5B5
C10F9D6D
C11165D9
C1132ED4
C114F837
C116C1DF
C1188BA7
C11A556D
C11C1F0E
C11DE868
C11FB15B
C12179C5
C1234186
C1250880
C126CE91
C128939B
C12A577F
C12C1A1F
C12DDB5B
C12F9B16
C1315931
C133158D
C134D00D
C1368893
C1383EFF
C139F334
C13BA514
C13D5481
C13F015D
C140AB8A
C14252EA
C143F760
C14598CE
C1473718
C148D221
C14A69CD
C14BFE00
C14D8E9F
C14F1B91
C150A4BC
C1522A08
C153AB5D
C15528A4
C156A1CA
C15816BA
C1598763
C15AF3B3
C15C5B9B
C15DBF10
C15F1E04
C160786E
C161CE48
C1631F8A
C1646C32
C165B43D
C166F7AC
C1683681
C16970C0
C16AA670
C16BD799
C16D0444
C16E2C7D
C16F5052
C1706FD0
C1718B09
C172A20E
C173B4F2
C174C3CA
C175CEA9
C176D5A7
C177D8D9
C178D858
C179D43B
C17ACC9B
C17BC18F
C17CB333
C17DA19D
C17E8CE8
C17F752C
C1802D42
C1809E83
C1810E65
C1817CF6
C181EA40
C1825650
C182C131
C1832AEE
C1839392
C183FB27
C18461B9
C184C750
C1852BF8
C1858FB9
C185F29C
C18654AB
C186B5EE
C187166D
C1877630
C187D540
C18833A2
C1889160
C188EE7E
C1894B05
C189A6FA
C18A0263
C18A5D47
C18AB7AA
C18B1192
C18B6B05
C04860C5
C0488D93
C048BC0D
C048EC45
C0491E4B
C049522F
C0498804
C049BFDB
C049F9C9
C04A35E0
C04A7436
C04AB4DF
C04AF7F2
C04B3D85
C04B85B1
C04BD08E
C04C1E35
C04C6EC2
C04CC24F
C04D18F9
C04D72DD
C04DD01C
C04E30D3
C04E9525
C04EFD34
C04F6922
C04FD916
C0504D35
C050C5A7
C0514296
C051C42C
C0524A95
C052D5FF
C053669B
C053FC99
C054982D
C055398D
C055E0EF
C0568E8C
C05742A1
C057FD6A
C058BF27
C059881B
C05A5889
C05B30BA
C05C10F5
C05CF988
C05DEAC1
C05EE4F1
C05FE86D
C060F58C
C0620CA8
C0632E1D
C0645A4C
C0659198
C066D466
C0682321
C0697E35
C06AE610
C06C5B26
C06DDDEC
C06F6EDC
C0710E70
C072BD27
C0747B83
C0764A07
C078293B
C07A19A6
C07C1BD4
C07E3052
C0802BD6
C081493A
C082709D
C083A246
C084DE7E
C086258D
C08777BA
C088D54C
C08A3E87
C08BB3B1
C08D350A
C08EC2D3
C0905D48
C09204A4
C093B91C
C0957AE4
C0974A2B
C0992719
C09B11D4
C09D0A7B
C09F1128
C0A125EE
C0A348D9
C0A579F1
C0A7B935
C0AA069C
C0AC6218
C0AECB94
C0B142F1
C0B3C80C
C0B65AB8
C0B8FAC3
C0BBA7F5
C0BE620D
C0C128C6
C0C3FBD5
C0C6DAE9
C0C9C5AE
C0CCBBC9
C0CFBCDC
C0D2C888
C0D5DE67
C0D8FE14
C0DC2728
C0DF5938
C0E293DA
C0E5D6A3
C0E92128
C0EC72FF
C0EFCBBD
C0F32AFA
C0F6904C
C0F9FB4F
C0FD6B9D
C1007069
C1022D48
C103EC3A
C105AD12
C1076FA2
C10933BE
C10AF93B
C10CBFEF
C10E87B0
C1105058
C11219BF
C113E3BF
C115AE34
C11778F8
C11943EA
C11B0EE6
C11CD9CB
C11EA477
C1206ECA
C12238A3
C12401E4
C125CA6D
C127921F
C12958DB
C12B1E84
C12CE2FA
C12EA621
C13067DA
C1322808
C133E68C
C135A34A
C1375E23
C13916F9
C13ACDB0
C13C822A
C13E3448
C13FE3EE
C14190FD
C1433B58
C144E2E2
C146877E
C148290E
C149C776
C14B629A
C14CFA5D
C14E8EA6
C1501F58
C151AC5A
C1533592
C154BAE9
C1563C48
C157B998
C15932C4
C15AA7B9
C15C1865
C15D84B7
C15EECA1
C1605015
C161AF09
C1630972
C1645F49
C165B088
C166FD2C
C1684533
C169889E
C16AC76E
C16C01A8
C16D3752
C16E6875
C16F951A
C170BD4D
C171E11B
C1730093
C1741BC5
C17532C4
C17645A1
C1775472
C1785F4B
C1796642
C17A696E
C17B68E6
C17C64C3
C17D5D1C
C17E520B
C17F43A8
C1801906
C1808EA9
C18102C8
C1817571
C181E6AF
C1825690
C182C51E
C1833266
C1839E73
C1840952
C184730D
C184DBAE
C1854342
C185A9D1
C1860F67
C186740D
C186D7CC
C1873AAD
C1879CBB
C187FDFC
C1885E7A
C188BE3C
C1891D4A
C1897BAB
C189D967
C18A3684
C18A930A
C18AEEFE
C18B4A66
C18BA548
C18BFFAA
C18C5992
C04AD125
C04AFDF8
C04B2C77
C04B5CB4
C04B8EBF
C04BC2A9
C04BF884
C04C3061
C04C6A55
C04CA673
C04CE4CF
C04D2580
C04D689A
C04DAE35
C04DF669
C04E414E
C04E8EFE
C04EDF93
C04F332A
C04F89DD
C04FE3CC
C0504115
C050A1D7
C0510634
C0516E4F
C051DA49
C0524A4A
C052BE76
C05336F6
C053B3F3
C0543597
C054BC10
C055478A
C055D836
C0566E46
C05709EC
C057AB5E
C05852D3
C0590085
C059B4AE
C05A6F8D
C05B3161
C05BFA6C
C05CCAF3
C05DA33D
C05E8393
C05F6C41
C0605D96
C06157E4
C0625B7F
C06368BE
C0647FFA
C065A192
C066CDE5
C0680556
C069484C
C06A972F
C06BF26D
C06D5A74
C06ECFB7
C07052AC
C071E3CD
C0738394
C0753280
C076F113
C078BFD1
C07A9F40
C07C8FE9
C07E9258
C080538C
C081675C
C08284E5
C083AC6D
C084DE3D
C0861A9E
C08761D7
C088B430
C08A11F0
C08B7B5B
C08CF0B7
C08E7243
C0900042
C0919AEF
C0934285
C094F73A
C096B941
C09888C9
C09A65FB
C09C50FD
C09E49EE
C0A050E8
C0A265FE
C0A4893D
C0A6BAAB
C0A8FA49
C0AB480E
C0ADA3EC
C0B00DCE
C0B28595
C0B50B1E
C0B79E3D
C0BA3EC1
C0BCEC6F
C0BFA709
C0C26E4A
C0C541E6
C0C8218E
C0CB0CEC
C0CE03A6
C0D10560
C0D411B9
C0D7284E
C0DA48B8
C0DD7290
C0E0A56D
C0E3E0E5
C0E7248D
C0EA6FFB
C0EDC2C4
C0F11C7F
C0F47CC4
C0F7E32A
C0FB4F4D
C0FEC0C6
C1011B9A
C102D91C
C10498B9
C1065A42
C1081D8C
C109E26A
C10BA8B1
C10D7038
C10F38D6
C1110264
C112CCBB
C11497B6
C1166330
C1182F06
C119FB15
C11BC73A
C11D9355
C11F5F45
C1212AEA
C122F624
C124C0D5
C1268ADD
C128541F
C12A1C7C
C12BE3D7
C12DAA12
C12F6F10
C13132B4
C132F4E0
C134B577
C136745D
C1383174
C139EC9F
C13BA5C1
C13D5CBC
C13F1174
C140C3CB
C14273A5
C14420E2
C145CB68
C1477318
C14917D6
C14AB985
C14C5808
C14DF344
C14F8B1D
C1511F78
C152B03B
C1543D4B
C155C68F
C1574BF0
C158CD57
C15A4AAD
C15BC3DF
C15D38D8
C15EA986
C16015DA
C1617DC5
C162E138
C164402B
C1659A92
C166F066
C16841A2
C1698E42
C16AD645
C16C19AB
C16D5876
C16E92AA
C16FC84F
C170F96C
C172260B
C1734E37
C17471FF
C1759171
C176AC9D
C177C395
C178D66C
C179E536
C17AF008
C17BF6F9
C17CFA1E
C17DF991
C17EF567
C17FEDBA
C1807152
C180EA1D
C181614D
C181D6ED
C1824B09
C182BDAF
C1832EEB
C1839EC9
C1840D55
C1847A9A
C184E6A6
C1855182
C185BB3B
C18623DA
C1868B6C
C186F1F9
C187578D
C187BC31
C1881FEE
C18882CF
C188E4DA
C189461A
C189A696
C18A0657
C18A6563
C18AC3C4
C18B217E
C18B7E9B
C18BDB1F
C18C3712
C18C9279
C18CED5A
C18D47BC
C04D41B0
C04D6E86
C04D9D0B
C04DCD4D
C04DFF5D
C04E334C
C04E692C
C04EA110
C04EDB0A
C04F172E
C04F5591
C04F9648
C04FD96A
C0501F0C
C0506748
C050B235
C050FFED
C051508B
C051A42A
C051FAE7
C05254E0
C052B233
C05312FF
C0537767
C053DF8D
C0544B93
C054BBA0
C0552FD9
C055A866
C0562571
C056A723
C0572DAA
C057B934
C05849F0
C058E010
C0597BC8
C05A1D4C
C05AC4D3
C05B7298
C05C26D6
C05CE1CA
C05DA3B3
C05E6CD5
C05F3D73
C06015D6
C060F645
C061DF0E
C062D07E
C063CAE9
C064CEA1
C065DBFF
C066F35B
C0681514
C069418A
C06A791F
C06BBC3A
C06D0B44
C06E66AA
C06FCEDB
C071444A
C072C76D
C07458BC
C075F8B4
C077A7D3
C079669B
C07B3590
C07D1539
C07F061E
C0808465
C0818EE6
C082A2D7
C083C082
C084E82F
C0861A25
C08756AD
C0889E0F
C089F092
C08B4E7E
C08CB818
C08E2DA3
C08FAF61
C0913D93
C092D876
C0948044
C0963533
C097F777
C099C73E
C09BA4B2
C09D8FF8
C09F8930
C0A19074
C0A3A5D6
C0A5C965
C0A7FB27
C0AA3B1C
C0AC893B
C0AEE578
C0B14FBB
C0B3C7E8
C0B64DDB
C0B8E169
C0BB8260
C0BE3086
C0C0EB9D
C0C3B360
C0C68784
C0C967B9
C0CC53AA
C0CF4AFE
C0D24D58
C0D55A58
C0D8719A
C0DB92B9
C0DEBD4E
C0E1F0F0
C0E52D35
C0E871B3
C0EBBE00
C0EF11B2
C0F26C60
C0F5CDA2
C0F93511
C0FCA247
C1000A70
C101C63D
C103845B
C105449C
C10706D0
C108CACB
C10A9063
C10C576C
C10E1FBD
C10FE92F
C111B399
C1137ED6
C1154AC1
C1171737
C118E412
C11AB132
C11C7E75
C11E4BBA
C12018E1
C121E5CA
C123B256
C1257E68
C12749E0
C12914A1
C12ADE8E
C12CA78A
C12E6F78
C130363B
C131FBB6
C133BFCD
C1358263
C137435D
C139029C
C13AC005
C13C7B7B
C13E34E2
C13FEC1C
C141A10D
C1435398
C14503A1
C146B109
C1485BB5
C14A0388
C14BA864
C14D4A2F
C14EE8CB
C150841D
C1521C09
C153B074
C1554145
C156CE61
C15857B0
C159DD1A
C15B5E88
C15CDBE4
C15E5519
C15FCA15
C1613AC5
C162A71A
C1640F04
C1657277
C166D168
C1682BCC
C169819D
C16AD2D6
C16C1F72
C16D6770
C16EAAD1
C16FE997
C17123C6
C1725965
C1738A7C
C174B715
C175DF3B
C17702FD
C1782268
C1793D8D
C17A547F
C17B6750
C17C7613
C17D80E0
C17E87CA
C17F8AE9
C180452B
C180C313
C1813F3A
C181B9AB
C1823274
C182A9A1
C1831F3E
C1839358
C18405FC
C1847735
C184E710
C185559A
C185C2DD
C1862EE6
C18699C0
C1870377
C1876C15
C187D3A4
C1883A30
C1889FC2
C1890464
C1896820
C189CAFF
C18A2D09
C18A8E47
C18AEEC2
C18B4E81
C18BAD8D
C18C0BEC
C18C69A5
C18CC6C0
C18D2343
C18D7F35
C18DDA9B
C18E357C
C04FB262
C04FDF3D
C0500DC7
C0503E0D
C0507023
C050A417
C050D9FD
C05111E6
C0514BE6
C0518810
C051C679
C0520737
C0524A5F
C0529009
C052D84C
C0532341
C0537101
C053C1A7
C054154F
C0546C15
C054C617
C0552373
C055844A
C055E8BC
C05650ED
C056BCFF
C0572D17
C057A15C
C05819F6
C058970E
C05918CE
C0599F63
C05A2AFC
C05ABBC7
C05B51F7
C05BEDBF
C05C8F55
C05D36EE
C05DE4C6
C05E9917
C05F541F
C060161D
C060DF55
C061B00A
C0628883
C063690B
C06451ED
C0654378
C0663DFE
C06741D3
C0684F4E
C06966CA
C06A88A3
C06BB539
C06CECF1
C06E3030
C06F7F5F
C070DAEC
C0724346
C073B8DF
C0753C2D
C076CDAA
C0786DD1
C07A1D21
C07BDC1C
C07DAB46
C07F8B26
C080BE22
C081BF96
C082CA36
C083DE48
C084FC14
C08623E4
C08755FE
C08892AC
C089DA35
C08B2CE2
C08C8AF8
C08DF4BD
C08F6A76
C090EC65
C0927AC8
C09415DF
C095BDE2
C0977309
C0993587
C09B058B
C09CE33E
C09ECEC6
C0A0C842
C0A2CFCD
C0A4E57A
C0A70956
C0A93B68
C0AB7BAF
C0ADCA26
C0B026BD
C0B2915E
C0B509EE
C0B79047
C0BA243F
C0BCC5A4
C0BF743E
C0C22FCD
C0C4F80D
C0C7CCB3
C0CAAD70
C0CD99EE
C0D091D5
C0D394C9
C0D6A269
C0D9BA52
C0DCDC1F
C0E00769
C0E33BC7
C0E678D1
C0E9BE1D
C0ED0B40
C0F05FD2
C0F3BB69
C0F71D9E
C0FA860A
C0FDF448
C100B3FA
C1027058
C1042F0C
C105EFE9
C107B2C1
C1097767
C10B3DB0
C10D0573
C10ECE87
C11098C3
C1126400
C114301A
C115FCEC
C117CA51
C1199828
C11B664E
C11D34A2
C11F0305
C120D155
C1229F75
C1246D46
C1263AAA
C1280783
C129D3B5
C12B9F22
C12D69AE
C12F333D
C130FBB3
C132C2F3
C13488E2
C1364D63
C138105B
C139D1AE
C13B9140
C13D4EF5
C13F0AB0
C140C456
C1427BC9
C14430EF
C145E3A9
C14793DC
C149416C
C14AEC3A
C14C942C
C14E3925
C14FDB08
C15179BA
C153151F
C154AD1C
C1564196
C157D274
C1595F9B
C15AE8F2
C15C6E64
C15DEFD7
C15F6D38
C160E670
C1625B6E
C163CC20
C1653874
C166A05E
C16803CF
C16962BE
C16ABD1F
C16C12ED
C16D6422
C16EB0BA
C16FF8B3
C1713C0F
C1727AD0
C173B4F9
C174EA93
C1761BA4
C1774836
C1787057
C1799412
C17AB377
C17BCE96
C17CE582
C17DF84C
C17F0709
C18008E8
C1808C5A
C1810DE7
C1818D9A
C1820B7F
C18287A3
C1830212
C1837AD8
C183F202
C184679C
C184DBB4
C1854E55
C185BF8C
C1862F65
C1869DEC
C1870B2D
C1877734
C187E20D
C1884BC1
C188B45D
C1891BEB
C1898275
C189E805
C18A4CA6
C18AB060
C18B133D
C18B7546
C18BD683
C18C36FC
C18C96BA
C18CF5C4
C18D5422
C18DB1DA
C18E0EF4
C18E6B77
C18EC767
C18F22CC
C052233C
C052501B
C0527EA9
C052AEF5
C052E10E
C0531508
C0534AF3
C05382E1
C053BCE7
C053F917
C0543787
C054784B
C054BB79
C055012A
C0554974
C0559470
C055E238
C05632E6
C0568696
C056DD65
C0573770
C05794D6
C057F5B6
C0585A33
C058C26D
C0592E8A
C0599EAE
C05A12FF
C05A8BA5
C05B08C9
C05B8A96
C05C1139
C05C9CE0
C05D2DBB
C05DC3FA
C05E5FD2
C05F0178
C05FA923
C060570C
C0610B70
C061C68B
C062889E
C06351EA
C06422B5
C064FB45
C065DBE4
C066C4DF
C067B683
C068B123
C069B514
C06AC2AB
C06BDA45
C06CFC3D
C06E28F3
C06F60CC
C070A42E
C071F381
C0734F33
C074B7B4
C0762D75
C077B0EE
C0794296
C07AE2EB
C07C926A
C07E5197
C080107A
C0810084
C081F92F
C082FAC0
C084057D
C08519AE
C086379B
C0875F8C
C08891C9
C089CE9B
C08B164A
C08C691E
C08DC75D
C08F314D
C090A732
C092294F
C093B7E2
C095532A
C096FB61
C098B0BE
C09A7374
C09C43B2
C09E21A2
C0A00D69
C0A20727
C0A40EF6
C0A624EA
C0A84910
C0AA7B6F
C0ACBC07
C0AF0AD1
C0B167BE
C0B3D2BA
C0B64BA8
C0B8D263
C0BB66C1
C0BE0891
C0C0B799
C0C3739C
C0C63C54
C0C91177
C0CBF2B6
C0CEDFBC
C0D1D831
C0D4DBB8
C0D7E9F2
C0DB027B
C0DE24EF
C0E150E7
C0E485FB
C0E7C3C2
C0EB09D2
C0EE57C3
C0F1AD2B
C0F509A2
C0F86CC0
C0FBD61F
C0FF455B
C1015D08
C10319EF
C104D934
C1069AA7
C1085E1B
C10A2365
C10BEA59
C10DB2CF
C10F7C9C
C111479A
C11313A2
C114E090
C116AE3E
C1187C8A
C11A4B51
C11C1A73
C11DE9CD
C11FB941
C12188AF
C12357F9
C1252701
C126F5A9
C128C3D5
C12A9168
C12C5E46
C12E2A52
C12FF571
C131BF89
C133887C
C1355030
C1371689
C138DB6D
C13A9EBF
C13C6065
C13E2042
C13FDE3C
C1419A37
C1435416
C1450BBE
C146C113
C14873F9
C14A2453
C14BD205
C14D7CF4
C14F2502
C150CA14
C1526C0D
C1540AD3
C155A649
C1573E55
C158D2DC
C15A63C4
C15BF0F4
C15D7A54
C15EFFCB
C1608143
C161FEA7
C16377E2
C164ECE2
C1665D93
C167C9E8
C16931D0
C16A9540
C16BF42B
C16D4E8A
C16EA454
C16FF585
C1714218
C1728A0D
C173CD64
C1750C1F
C1764643
C1777BD7
C178ACE2
C179D96E
C17B0189
C17C253E
C17D449D
C17E5FB6
C17F769B
C18044B0
C180CC0B
C181516B
C181D4DA
C1825664
C182D614
C18353F7
C183D018
C1844A84
C184C347
C1853A6F
C185B007
C186241C
C18696BB
C18707EF
C18777C6
C187E64B
C188538A
C188BF8F
C1892A66
C1899418
C189FCB2
C18A643E
C18ACAC7
C18B3055
C18B94F4
C18BF8AD
C18C5B89
C18CBD90
C18D1ECB
C18D7F44
C18DDF00
C18E3E09
C18E9C66
C18EFA1D
C18F5736
C18FB3B7
C1900FA7
C054943B
C054C11F
C054EFB1
C0552001
C055521F
C055861E
C055BC0D
C055F401
C0562E0C
C0566A42
C056A8B7
C056E982
C0572CB7
C057726E
C057BABF
C05805C2
C0585391
C058A447
C058F7FF
C0594ED6
C059A8EA
C05A0658
C05A6742
C05ACBC8
C05B340D
C05BA034
C05C1063
C05C84BF
C05CFD71
C05D7AA1
C05DFC7B
C05E832C
C05F0EE0
C05F9FC9
C0603617
C060D1FE
C06173B4
C0621B70
C062C96B
C0637DE0
C064390E
C064FB34
C065C495
C0669574
C0676E1A
C0684ED0
C06937E2
C06A299F
C06B2459
C06C2863
C06D3616
C06E4DCC
C06F6FE2
C0709CB7
C071D4B0
C0731833
C07467A9
C075C37F
C0772C25
C078A20E
C07A25AF
C07BB781
C07D5802
C07F07AF
C0806385
C0814B4C
C0823B70
C0833435
C08435E2
C08540BC
C086550B
C0877317
C0889B28
C089CD87
C08B0A7C
C08C524F
C08DA549
C08F03AF
C0906DC8
C091E3D7
C0936620
C094F4E2
C096905A
C09838C2
C099EE53
C09BB13F
C09D81B5
C09F5FDF
C0A14BE3
C0A345E0
C0A54DF1
C0A76429
C0A98896
C0ABBB3F
C0ADFC24
C0B04B3E
C0B2A87F
C0B513D2
C0B78D1A
C0BA1434
C0BCA8F4
C0BF4B2A
C0C1FA9D
C0C4B70E
C0C7803A
C0CA55D5
C0CD3791
C0D0251A
C0D31E17
C0D6222B
C0D930F8
C0DC4A1B
C0DF6D2F
C0E299CE
C0E5CF90
C0E90E0D
C0EC54DB
C0EFA391
C0F2F9C6
C0F65713
C0F9BB11
C0FD2559
C1004AC4
C102059E
C103C309
C10582D8
C10744DB
C10908E6
C10ACECC
C10C9665
C10E5F85
C1102A04
C111F5BC
C113C287
C115903F
C1175EC1
C1192DEA
C11AFD98
C11CCDAA
C11E9E00
C1206E7A
C1223EFA
C1240F61
C125DF93
C127AF73
C1297EE4
C12B4DC9
C12D1C08
C12EE985
C130B625
C13281CD
C1344C62
C13615C9
C137DDE8
C139A4A3
C13B69E1
C13D2D87
C13EEF78
C140AF9C
C1426DD5
C1442A0A
C145E41E
C1479BF6
C1495176
C14B0483
C14CB500
C14E62D3
C1500DDD
C151B605
C1535B2D
C154FD3A
C1569C12
C1583797
C159CFB0
C15B6442
C15CF534
C15E826C
C1600BD2
C161914E
C16312CA
C1649031
C166096D
C1677E6D
C168EF1F
C16A5B72
C16BC359
C16D26C6
C16E85AF
C16FE00A
C17135D0
C17286FD
C173D38B
C1751B7B
C1765ECD
C1779D83
C178D7A1
C17A0D2F
C17B3E35
C17C6ABB
C17D92D0
C17EB67F
C17FD5D7
C1807875
C18103E5
C1818D44
C182149D
C18299FA
C1831D66
C1839EED
C1841E9A
C1849C7A
C1851898
C1859302
C1860BC3
C18682E8
C186F87D
C1876C90
C187DF2C
C188505F
C188C033
C1892EB6
C1899BF4
C18A07F7
C18A72CB
C18ADC7C
C18B4514
C18BAC9E
C18C1325
C18C78B2
C18CDD50
C18D4107
C18DA3E1
C18E05E7
C18E6721
C18EC798
C18F2754
C18F865B
C18FE4B7
C190426D
C1909F85
C190FC05
C057055E
C0573246
C05760DC
C0579130
C057C353
C057F756
C0582D4B
C0586544
C0589F54
C058DB8F
C0591A0A
C0595ADA
C0599E16
C059E3D3
C05A2C2B
C05A7735
C05AC50B
C05B15C9
C05B6988
C05BC067
C05C1A83
C05C77FA
C05CD8ED
C05D3D7D
C05DA5CB
C05E11FC
C05E8235
C05EF69D
C05F6F5A
C05FEC96
C0606E7C
C060F539
C06180FB
C06211F1
C062A84E
C0634444
C063E609
C0648DD4
C0653BE0
C065F067
C066ABA6
C0676DDF
C0683753
C0690847
C069E102
C06AC1CE
C06BAAF6
C06C9CCB
C06D979D
C06E9BC1
C06FA98E
C070C160
C071E392
C0731085
C074489D
C0758C40
C076DBD7
C07837D0
C079A09A
C07B16A8
C07C9A70
C07E2C6B
C07FCD15
C080BE77
C0819E3B
C082861A
C0837657
C0846F36
C08570FD
C0867BF2
C087905E
C088AE88
C089D6B8
C08B0937
C08C464E
C08D8E44
C08EE162
C0903FEE
C091AA2E
C0932067
C094A2DA
C09631C8
C097CD6E
C0997606
C09B2BC9
C09CEEE9
C09EBF95
C0A09DF7
C0A28A35
C0A4846F
C0A68CBE
C0A8A338
C0AAC7EA
C0ACFADA
C0AF3C09
C0B18B71
C0B3E902
C0B654A8
C0B8CE47
C0BB55BC
C0BDEADA
C0C08D72
C0C33D4B
C0C5FA27
C0C8C3C1
C0CB99D0
C0CE7C05
C0D16A0B
C0D4638A
C0D76827
C0DA7781
C0DD9138
C0E0B4E6
C0E3E225
C0E7188E
C0EA57B9
C0ED9F3C
C0F0EEB0
C0F445AB
C0F7A3C5
C0FB0899
C0FE73C2
C100F26D
C102ADC0
C1046BAB
C1062BFE
C107EE8B
C109B326
C10B79A3
C10D41D8
C10F0B9C
C110D6C7
C112A331
C11470B6
C1163F31
C1180E7D
C119DE7A
C11BAF05
C11D7FFE
C11F5144
C12122BA
C122F440
C124C5BA
C126970A
C1286814
C12A38BC
C12C08E6
C12DD878
C12FA757
C1317567
C1334290
C1350EB5
C136D9BE
C138A391
C13A6C12
C13C3328
C13DF8B9
C13FBCAB
C1417EE2
C1433F45
C144FDB9
C146BA22
C1487467
C14A2C6A
C14BE212
C14D9543
C14F45E0
C150F3CF
C1529EF3
C1544732
C155EC6E
C1578E8D
C1592D74
C15AC906
C15C612B
C15DF5C7
C15F86C1
C16113FF
C1629D6A
C16422EB
C165A46A
C16721D2
C1689B10
C16A100F
C16B80C0
C16CED12
C16E54F7
C16FB861
C1711747
C172719E
C173C761
C1751888
C1766513
C177ACFD
C178F04A
C17A2EFA
C17B6913
C17C9E9B
C17DCF9B
C17EFC1C
C1801215
C180A3EA
C1813393
C181C11A
C1824C86
C182D5E3
C1835D38
C183E293
C18465FC
C184E780
C185672B
C185E508
C1866124
C186DB8A
C1875449
C187CB6B
C18840FF
C188B50F
C18927A9
C18998DA
C18A08AC
C18A772D
C18AE468
C18B5069
C18BBB3C
C18C24EB
C18C8D81
C18CF50A
C18D5B8F
C18DC11B
C18E25B7
C18E896D
C18EEC45
C18F4E4A
C18FAF83
C1900FF9
C1906FB3
C190CEBA
C1912D14
C1918ACA
C191E7E1
C05976A4
C059A390
C059D22A
C05A0282
C05A34AA
C05A68B1
C05A9EAB
C05AD6A8
C05B10BD
C05B4CFE
C05B8B7E
C05BCC54
C05C0F95
C05C5559
C05C9DB7
C05CE8C7
C05D36A5
C05D8769
C05DDB30
C05E3217
C05E8C3B
C05EE9BA
C05F4AB6
C05FAF4E
C06017A6
C06083E1
C060F424
C0616896
C061E15E
C0625EA5
C062E097
C0636761
C063F32F
C0648432
C0651A9D
C065B6A1
C0665875
C0670050
C067AE6B
C0686303
C0691E54
C069E09F
C06AAA25
C06B7B2C
C06C53FC
C06D34DC
C06E1E1B
C06F1006
C0700AEF
C0710F2C
C0721D13
C07334FF
C074574C
C075845C
C076BC92
C0780053
C079500B
C07AAC25
C07C1511
C07D8B43
C07F0F31
C08050A9
C0812113
C081F914
C082D8EF
C083C0E4
C084B138
C085AA30
C086AC10
C087B721
C088CBA8
C089E9EF
C08B123D
C08C44DB
C08D8212
C08ECA2A
C0901D6B
C0917C1B
C092E681
C0945CE1
C095DF7D
C0976E95
C0990A68
C09AB32F
C09C6921
C09E2C73
C09FFD52
C0A1DBEA
C0A3C860
C0A5C2D5
C0A7CB61
C0A9E21A
C0AC070D
C0AE3A42
C0B07BB9
C0B2CB6A
C0B52949
C0B79540
C0BA0F32
C0BC96FD
C0BF2C77
C0C1CF6D
C0C47FA8
C0C73CEA
C0CA06EF
C0CCDD6D
C0CFC015
C0D2AE93
C0D5A890
C0D8ADAF
C0DBBD92
C0DED7D6
C0E1FC18
C0E529F1
C0E860FB
C0EBA0CD
C0EEE8FE
C0F23927
C0F590DF
C0F8EFC0
C0FC5562
C0FFC161
C10199AC
C1035575
C10513D9
C106D4AB
C10897BD
C10A5CE2
C10C23EF
C10DECBB
C10FB71C
C11182EA
C1135000
C1151E37
C116ED6C
C118BD7B
C11A8E43
C11C5FA2
C11E3177
C12003A5
C121D60B
C123A88D
C1257B0E
C1274D70
C1291F97
C12AF16A
C12CC2CC
C12E93A3
C13063D4
C1323347
C13401E0
C135CF87
C1379C21
C1396795
C13B31CA
C13CFAA6
C13EC210
C14087ED
C1424C25
C1440E9C
C145CF39
C1478DE2
C1494A7C
C14B04EC
C14CBD17
C14E72E3
C1502634
C151D6EE
C15384F7
C1553032
C156D885
C1587DD3
C15A2002
C15BBEF6
C15D5A95
C15EF2C3
C1608768
C1621868
C163A5AC
C1652F1C
C166B49F
C1683620
C169B389
C16B2CC7
C16CA1C7
C16E1276
C16F7EC6
C170E6A8
C1724A10
C173A8F2
C1750345
C1765904
C177AA27
C178F6AC
C17A3E92
C17B81D9
C17CC084
C17DFA98
C17F301A
C180308A
C180C6C8
C1815ACC
C181EC9D
C1827C44
C18309C8
C1839531
C1841E8B
C184A5DE
C1852B35
C185AE9C
C186301D
C186AFC5
C1872DA0
C187A9B9
C188241D
C1889CD9
C18913FA
C189898B
C189FD99
C18A7031
C18AE15F
C18B512F
C18BBFAE
C18C2CE8
C18C98E7
C18D03B8
C18D6D65
C18DD5FA
C18E3D81
C18EA405
C18F098F
C18F6E29
C18FD1DE
C19034B5
C19096B9
C190F7F1
C1915865
C191B81E
C1921724
C192757D
C192D332
C05BE80B
C05C14FB
C05C4399
C05C73F5
C05CA621
C05CDA2D
C05D102B
C05D482D
C05D8247
C05DBE8D
C05DFD12
C05E3DED
C05E8134
C05EC6FE
C05F0F62
C05F5A79
C05FA85D
C05FF928
C0604CF6
C060A3E4
C060FE10
C0615B97
C061BC9B
C062213C
C062899D
C062F5E1
C063662E
C063DAAA
C064537C
C064D0CF
C06552CC
C065D9A1
C066657C
C066F68C
C0678D03
C0682915
C068CAF8
C06972E1
C06A210C
C06AD5B4
C06B9115
C06C5371
C06D1D0A
C06DEE24
C06EC706
C06FA7FB
C070914F
C0718350
C0727E50
C07382A4
C07490A3
C075A8A9
C076CB11
C077F83C
C079308E
C07A746E
C07BC444
C07D207E
C07E898C
C07FFFE1
C080C1F9
C0818B1D
C0825B9A
C08333B0
C084139F
C084FBAA
C085EC15
C086E524
C087E71E
C088F248
C08A06EA
C08B254C
C08C4DB7
C08D8073
C08EBDC9
C0900601
C0915963
C092B837
C09422C1
C0959947
C0971C0A
C098AB4C
C09A4749
C09BF03C
C09DA65C
C09F69DE
C0A13AEF
C0A319BB
C0A50667
C0A70114
C0A909DB
C0AB20D0
C0AD4603
C0AF7979
C0B1BB34
C0B40B2D
C0B66956
C0B8D59A
C0BB4FDD
C0BDD7FC
C0C06DCC
C0C3111D
C0C5C1B7
C0C87F5B
C0CB49C6
C0CE20AF
C0D103C6
C0D3F2B8
C0D6ED2D
C0D9F2C9
C0DD032F
C0E01DFB
C0E342CB
C0E67138
C0E9A8DB
C0ECE94E
C0F03227
C0F382FE
C0F6DB6C
C0FA3B0A
C0FDA171
C100871F
C1024087
C103FCBF
C105BB98
C1077CE4
C1094075
C10B061E
C10CCDB6
C10E9712
C1106209
C1122E75
C113FC2F
C115CB11
C1179AF9
C1196BC2
C11B3D4C
C11D0F76
C11EE220
C120B52B
C1228878
C1245BEB
C1262F67
C12802D0
C129D60A
C12BA8FB
C12D7B87
C12F4D96
C1311F0D
C132EFD2
C134BFCD
C1368EE5
C1385D00
C13A2A05
C13BF5DD
C13DC06C
C13F899C
C1415152
C1431776
C144DBED
C1469E9F
C1485F72
C14A1E4B
C14BDB11
C14D95A9
C14F4DF9
C15103E5
C152B753
C1546827
C1561647
C157C197
C15969FC
C15B0F5A
C15CB197
C15E5097
C15FEC40
C1618477
C1631922
C164AA28
C1663771
C167C0E4
C1694669
C16AC7EB
C16C4555
C16DBE93
C16F3391
C170A43F
C172108D
C173786C
C174DBD0
C1763AAF
C17794FE
C178EAB8
C17A3BD7
C17B8857
C17CD038
C17E137A
C17F521F
C1804617
C180E0D5
C181794F
C1820F8A
C182A38B
C183355A
C183C4FE
C184527E
C184DDE5
C185673C
C185EE8C
C18673E1
C186F745
C18778C4
C187F869
C1887641
C188F258
C1896CBA
C189E574
C18A5C92
C18AD220
C18B462C
C18BB8C2
C18C29EE
C18C99BD
C18D083A
C18D7572
C18DE16F
C18E4C3E
C18EB5EA
C18F1E7D
C18F8603
C18FEC85
C190520D
C190B6A7
C1911A5A
C1917D30
C191DF32
C1924069
C192A0DC
C1930095
C1935F99
C193BDF2
C05E5993
C05E8686
C05EB528
C05EE588
C05F17B8
C05F4BC8
C05F81CA
C05FB9D1
C05FF3EF
C060303A
C0606EC5
C060AFA5
C060F2F1
C06138C0
C061812A
C061CC47
C0621A32
C0626B04
C062BED9
C06315CE
C0637001
C063CD90
C0642E9C
C0649345
C064FBAF
C06567FC
C065D852
C0664CD8
C066C5B4
C0674311
C067C519
C0684BFA
C068D7E0
C06968FC
C069FF81
C06A9BA0
C06B3D90
C06BE588
C06C93C2
C06D4878
C06E03EA
C06EC657
C06F9001
C070612D
C0713A22
C0721B2A
C0730492
C073F6A8
C074F1BE
C075F628
C077043F
C0781C5D
C0793EDF
C07A6C24
C07BA492
C07CE88E
C07E3882
C07F94DB
C0807F05
C0813A40
C081FC5A
C082C590
C083961F
C0846E49
C0854E4C
C086366D
C08726EE
C0882013
C0892224
C08A2D67
C08B4223
C08C609F
C08D8926
C08EBBFF
C08FF973
C09141CA
C092954D
C093F442
C0955EF0
C096D59A
C0985883
C099E7EC
C09B8411
C09D2D2F
C09EE37C
C0A0A72B
C0A2786D
C0A4576B
C0A6444B
C0A83F2D
C0AA482C
C0AC5F5C
C0AE84CC
C0B0B881
C0B2FA7E
C0B54ABC
C0B7A92C
C0BA15BA
C0BC904A
C0BF18B9
C0C1AEDD
C0C45285
C0C7037A
C0C9C17D
C0CC8C4A
C0CF6399
C0D2471B
C0D5367C
C0D83165
C0DB377A
C0DE485C
C0E163AC
C0E48903
C0E7B7FE
C0EAF036
C0EE3142
C0F17ABC
C0F4CC3B
C0F82557
C0FB85AB
C0FEECD0
C1012D31
C102E700
C104A3A3
C10662ED
C10824AD
C109E8B8
C10BAEE1
C10D76FD
C10F40E4
C1110C6B
C112D96E
C114A7C4
C116774B
C11847DE
C11A195A
C11BEB9F
C11DBE8B
C11F9200
C12165DF
C1233A0A
C1250E64
C126E2D1
C128B736
C12A8B76
C12C5F79
C12E3324
C130065D
C131D90C
C133AB17
C1357C65
C1374CDF
C1391C6B
C13AEAF2
C13CB85A
C13E848D
C1404F70
C14218ED
C143E0E9
C145A74D
C1476BFF
C1492EE7
C14AEFEA
C14CAEF0
C14E6BDE
C150269A
C151DF0A
C1539514
C155489C
C156F988
C158A7BC
C15A531F
C15BFB94
C15DA100
C15F4349
C160E253
C1627E05
C1641643
C165AAF4
C1673BFF
C168C94B
C16A52C0
C16BD848
C16D59CB
C16ED734
C1705071
C171C56E
C1733619
C174A265
C1760A41
C1776DA1
C178CC7C
C17A26C7
C17B7C7D
C17CCD97
C17E1A12
C17F61EE
C1805295
C180F1E5
C1818EEA
C18229A5
C182C21C
C1835854
C183EC53
C1847E1F
C1850DC0
C1859B3E
C18626A2
C186AFF6
C1873743
C187BC95
C1883FF7
C188C173
C1894116
C189BEEC
C18A3B00
C18AB560
C18B2E17
C18BA533
C18C1ABF
C18C8EC9
C18D015D
C18D7287
C18DE254
C18E50CF
C18EBE05
C18F2A01
C18F94CE
C18FFE78
C190670A
C190CE8E
C191350F
C1919A96
C191FF2E
C19262E0
C192C5B5
C19327B6
C19388EC
C193E95E
C1944915
C194A819
C060CB3A
C060F830
C06126D5
C0615739
C061896D
C061BD81
C061F387
C0622B92
C06265B6
C062A205
C062E094
C063217A
C06364CB
C063AAA0
C063F30F
C0643E32
C0648C23
C064DCFB
C06530D7
C06587D3
C065E20D
C0663FA4
C066A0B7
C0670569
C0676DDB
C067DA31
C0684A90
C068BF1E
C0693804
C069B56C
C06A377E
C06ABE6A
C06B4A5B
C06BDB83
C06C7214
C06D0E40
C06DB03D
C06E5843
C06F068B
C06FBB50
C07076D1
C071394E
C0720309
C072D446
C073AD4D
C0748E68
C07577E3
C0766A0D
C0776538
C07869B9
C07977E7
C07A901C
C07BB2B6
C07CE015
C07E189D
C07F5CB5
C0805663
C081049E
C081B945
C0827490
C08336BB
C0840002
C084D0A4
C085A8DF
C08688F7
C087712B
C08861C1
C0895AFD
C08A5D25
C08B687F
C08C7D53
C08D9BEA
C08EC48B
C08FF780
C0913510
C0927D86
C093D128
C095303D
C0969B0C
C09811D9
C09994E7
C09B2476
C09CC0C3
C09E6A0A
C0A02081
C0A1E45D
C0A3B5CC
C0A594FA
C0A7820C
C0A97D22
C0AB8657
C0AD9DC0
C0AFC36A
C0B1F75C
C0B43998
C0B68A18
C0B8E8CC
C0BB55A2
C0BDD07C
C0C05939
C0C2EFAD
C0C593A9
C0C844F5
C0CB0352
C0CDCE7E
C0D0A630
C0D38A18
C0D679E3
C0D9753B
C0DC7BC4
C0DF8D1F
C0E2A8EC
C0E5CEC7
C0E8FE4A
C0EC370F
C0EF78B0
C0F2C2C4
C0F614E3
C0F96EA7
C0FCCFA9
C1001BC2
C101D2EA
C1038D1C
C1054A26
C10709DB
C108CC0C
C10A908C
C10C572F
C10E1FCA
C10FEA35
C111B647
C11383DA
C11552C8
C11722EB
C118F422
C11AC64A
C11C9941
C11E6CE8
C1204120
C12215CA
C123EAC9
C125C001
C1279555
C1296AAB
C12B3FE8
C12D14F1
C12EE9AF
C130BE06
C13291E0
C1346523
C13637B7
C1380984
C139DA72
C13BAA6A
C13D7954
C13F4717
C141139E
C142DECE
C144A891
C14670CE
C148376D
C149FC55
C14BBF6D
C14D809D
C14F3FCB
C150FCDD
C152B7BA
C1547048
C156266C
C157DA0C
C1598B0C
C15B3954
C15CE4C6
C15E8D49
C16032C2
C161D515
C1637429
C1650FE2
C166A826
C1683CDC
C169CDEB
C16B5B3A
C16CE4B1
C16E6A39
C16FEBBC
C1716925
C172E260
C174575B
C175C804
C177344C
C1789C25
C179FF82
C17B5E59
C17CB8A0
C17E0E51
C17F5F66
C18055EE
C180F9D9
C1819B75
C1823AC2
C182D7C4
C183727D
C1840AF1
C184A127
C1853522
C185C6EC
C186568A
C186E405
C1876F67
C187F8B8
C1888003
C1890552
C18988B1
C18A0A2B
C18A89CB
C18B079F
C18B83B1
C18BFE0E
C18C76C3
C18CEDDD
C18D6367
C18DD76F
C18E4A01
C18EBB2A
C18F2AF4
C18F996E
C19006A2
C190729C
C190DD68
C1914710
C191AFA1
C1921723
C1927DA3
C192E329
C19347BF
C193AB70
C1940E44
C1947044
C194D178
C19531EA
C19591A0
C0633CFE
C06369F8
C06398A1
C063C908
C063FB3F
C0642F57
C0646562
C0649D71
C064D799
C06513EC
C0655281
C065936B
C065D6C1
C0661C9B
C0666510
C066B039
C066FE2F
C0674F0E
C067A2F0
C067F9F2
C0685433
C068B1D1
C06912EC
C06977A5
C069E01F
C06A4C7D
C06ABCE5
C06B317D
C06BAA6C
C06C27DD
C06CA9FA
C06D30F0
C06DBCEC
C06E4E20
C06EE4BC
C06F80F4
C07022FE
C070CB11
C0717967
C0722E3B
C072E9CB
C073AC57
C0747621
C075476F
C0762088
C07701B5
C077EB43
C078DD80
C079D8BF
C07ADD55
C07BEB99
C07D03E4
C07E2696
C07F540E
C0804658
C080E871
C0819087
C0823ED1
C082F386
C083AEE0
C084711B
C0853A73
C0860B26
C086E374
C087C39E
C088ABE7
C0899C91
C08A95E2
C08B9820
C08CA391
C08DB87C
C08ED72C
C08FFFE6
C09132F6
C09270A2
C093B934
C0950CF4
C0966C29
C097D718
C0994E07
C09AD138
C09C60EB
C09DFD5E
C09FA6CC
C0A15D6C
C0A32173
C0A4F30F
C0A6D26B
C0A8BFAD
C0AABAF5
C0ACC45E
C0AEDBFC
C0B101DE
C0B3360B
C0B57884
C0B7C943
C0BA283A
C0BC9554
C0BF1076
C0C1997C
C0C4303E
C0C6D48A
C0C9862A
C0CC44DF
C0CF1065
C0D1E875
C0D4CCC0
C0D7BCF2
C0DAB8B5
C0DDBFAD
C0E0D17C
C0E3EDC1
C0E71419
C0EA441F
C0ED7D6D
C0F0BF9C
C0F40A43
C0F75CFD
C0FAB762
C0FE190C
C100C0CB
C102784E
C10432DE
C105F04C
C107B068
C1097304
C10B37F4
C10CFF0C
C10EC821
C110930C
C1125FA3
C1142DC0
C115FD3E
C117CDF9
C1199FCD
C11B7299
C11D463B
C11F1A95
C120EF88
C122C4F5
C1249ABF
C12670CB
C12846FD
C12A1D3A
C12BF368
C12DC96E
C12F9F32
C131749C
C1334994
C1351E02
C136F1CE
C138C4E1
C13A9723
C13C687D
C13E38D8
C140081D
C141D635
C143A308
C1456E7F
C1473882
C14900FB
C14AC7CF
C14C8CE8
C14E502D
C1501186
C151D0D8
C1538E0B
C1554906
C15701AE
C158B7EA
C15A6B9F
C15C1CB3
C15DCB0A
C15F768B
C1611F1B
C162C49E
C16466FB
C1660616
C167A1D5
C1693A1F
C16ACED9
C16C5FEB
C16DED3B
C16F76B3
C170FC3B
C1727DBE
C173FB26
C175745F
C176E958
C17859FE
C179C643
C17B2E19
C17C9172
C17DF044
C17F4A87
C1805019
C180F8A2
C1819EDA
C18242C3
C182E45C
C18383A7
C18420A6
C184BB5C
C18553CE
C185EA00
C1867DF9
C1870FC0
C1879F5B
C1882CD4
C188B833
C1894181
C189C8CA
C18A4E17
C18AD173
C18B52EB
C18BD289
C18C505A
C18CCC69
C18D46C5
C18DBF78
C18E368F
C18EAC18
C18F201E
C18F92AE
C19003D4
C190739D
C190E215
C1914F48
C191BB40
C192260A
C1928FB1
C192F840
C1935FC2
C193C640
C1942BC4
C194905A
C194F409
C19556DC
C195B8DB
C1961A0E
C1967A7F
C065AEDF
C065DBDC
C0660A88
C0663AF3
C0666D2E
C066A14A
C066D758
C0670F6B
C0674997
C06785EF
C067C488
C0680577
C06848D2
C0688EB1
C068D72B
C069225A
C0697056
C069C13A
C06A1522
C06A6C2B
C06AC673
C06B2417
C06B853A
C06BE9FA
C06C527C
C06CBEE2
C06D2F52
C06DA3F2
C06E1CEB
C06E9A65
C06F1C8C
C06FA38B
C0702F93
C070C0D1
C0715778
C071F3BC
C07295D3
C0733DF2
C073EC55
C074A137
C0755CD5
C0761F70
C076E94A
C077BAA8
C07893D1
C0797510
C07A5EAF
C07B5100
C07C4C52
C07D50FC
C07E5F55
C07F77B6
C0804D3F
C080E407
C0818064
C082228A
C082CAAD
C0837905
C0842DC8
C084E932
C085AB7C
C08674E4
C08745A8
C0881E07
C088FE43
C089E69F
C08AD75C
C08BD0C2
C08CD314
C08DDE9B
C08EF39E
C0901265
C0913B38
C0926E61
C093AC28
C094F4D6
C09648B3
C097A806
C0991314
C09A8A23
C09C0D76
C09D9D4C
C09F39E3
C0A0E377
C0A29A3F
C0A45E6F
C0A63035
C0A80FBE
C0A9FD2E
C0ABF8A6
C0AE0241
C0B01A13
C0B2402B
C0B47491
C0B6B744
C0B90840
C0BB6776
C0BDD4D2
C0C05038
C0C2D986
C0C57092
C0C8152C
C0CAC71C
C0CD8625
C0D05203
C0D32A6E
C0D60F17
C0D8FFAB
C0DBFBD4
C0DF0337
C0E21576
C0E5322F
C0E85900
C0EB8983
C0EEC354
C0F2060B
C0F55141
C0F8A48F
C0FBFF8E
C0FF61D8
C1016585
C1031D5F
C104D84B
C1069617
C1085696
C10A199A
C10BDEF5
C10DA67D
C10F7008
C1113B6C
C1130883
C114D725
C116A72D
C1187878
C11A4AE4
C11C1E4D
C11DF294
C11FC799
C1219D3F
C1237366
C12549F4
C12720CB
C128F7D1
C12ACEEC
C12CA601
C12E7CF8
C13053B9
C1322A2A
C1340035
C135D5C1
C137AAB8
C1397F03
C13B528B
C13D2539
C13EF6F6
C140C7AD
C1429746
C14465AB
C14632C5
C147FE7D
C149C8BB
C14B916A
C14D586F
C14F1DB5
C150E123
C152A2A0
C1546214
C1561F65
C157DA7A
C159933A
C15B498B
C15CFD53
C15EAE78
C1605CDE
C162086C
C163B106
C1655693
C166F8F7
C1689819
C16A33DD
C16BCC2B
C16D60E8
C16EF1FC
C1707F4D
C17208C6
C1738E4E
C1750FCF
C1768D35
C178066D
C1797B63
C17AEC06
C17C5848
C17DC01A
C17F236F
C180411E
C180EE3D
C1819911
C1824197
C182E7CD
C1838BB3
C1842D4A
C184CC92
C185698E
C1860442
C1869CB1
C18732E0
C187C6D7
C188589B
C188E834
C18975AA
C18A0106
C18A8A52
C18B1198
C18B96E3
C18C1A3D
C18C9BB2
C18D1B4E
C18D991C
C18E152A
C18E8F83
C18F0834
C18F7F4A
C18FF4D0
C19068D4
C190DB63
C1914C87
C191BC4F
C1922AC5
C19297F6
C19303ED
C1936EB5
C193D85B
C19440E8
C194A868
C1950EE5
C1957469
C195D8FD
C1963CAB
C1969F7D
C197017B
C19762AD
C06820DC
C0684DDC
C0687C8C
C068ACFA
C068DF38
C0691357
C0694969
C0698181
C069BBB0
C069F80C
C06A36AA
C06A779D
C06ABAFD
C06B00E1
C06B4960
C06B9494
C06BE295
C06C337F
C06C876D
C06CDE7C
C06D38CA
C06D9676
C06DF79F
C06E5C66
C06EC4EF
C06F315D
C06FA1D5
C070167E
C0708F7F
C0710D02
C0718F32
C072163C
C072A24D
C0733396
C073CA48
C0746698
C07508BA
C075B0E6
C0765F55
C0771444
C077CFF0
C0789299
C0795C82
C07A2DF0
C07B0729
C07BE878
C07CD229
C07DC48B
C07EBFF1
C07FC4AE
C080698D
C080F5C9
C0818738
C0821E0B
C082BA74
C0835CA6
C08404D6
C084B33B
C085680C
C0862384
C086E5DD
C087AF55
C0888029
C0895899
C08A38E6
C08B2153
C08C1224
C08D0B9D
C08E0E04
C08F19A0
C0902EB8
C0914D96
C0927681
C093A9C3
C094E7A3
C096306C
C0978465
C098E3D4
C09A4F01
C09BC62F
C09D49A2
C09ED99A
C0A07654
C0A2200D
C0A3D6FB
C0A59B52
C0A76D41
C0A94CF4
C0AB3A91
C0AD3637
C0AF4002
C0B15806
C0B37E52
C0B5B2EE
C0B7F5DA
C0BA470F
C0BCA682
C0BF141E
C0C18FC6
C0C41959
C0C6B0AD
C0C95591
C0CC07CE
C0CEC727
C0D19359
C0D46C1B
C0D7511F
C0DA4212
C0DD3E9E
C0E04668
C0E35911
C0E67639
C0E99D7E
C0ECCE7A
C0F008C9
C0F34C03
C0F697C1
C0F9EB9D
C0FD4730
C100550B
C10209F4
C103C222
C1057D65
C1073B8D
C108FC6A
C10ABFD1
C10C8594
C10E4D87
C1101782
C111E35C
C113B0EC
C115800E
C117509B
C1192271
C11AF56D
C11CC96D
C11E9E52
C12073FB
C1224A4C
C1242127
C125F86F
C127D009
C129A7DB
C12B7FCA
C12D57BD
C12F2F9C
C131074E
C132DEBB
C134B5CD
C1368C6C
C1386282
C13A37F8
C13C0CB8
C13DE0AC
C13FB3BD
C14185D6
C14356E1
C14526C8
C146F574
C148C2CE
C14A8EC2
C14C5936
C14E2216
C14FE949
C151AEB7
C153724A
C15533E8
C156F37A
C158B0E6
C15A6C13
C15C24E9
C15DDB4D
C15F8F26
C1614059
C162EECC
C1649A65
C1664309
C167E89E
C1698B09
C16B2A2F
C16CC5F8
C16E5E49
C16FF308
C171841D
C1731170
C1749AE8
C176206F
C177A1EF
C1791F53
C17A9888
C17C0D7B
C17D7E1C
C17EEA5A
C1802914
C180DABC
C1818A21
C182373E
C182E20F
C1838A92
C18430C6
C184D4AA
C185763E
C1861583
C186B27D
C1874D2E
C187E59A
C1887BC7
C1890FBB
C189A17C
C18A3113
C18ABE86
C18B49E0
C18BD32A
C18C5A6D
C18CDFB5
C18D630D
C18DE480
C18E641A
C18EE1E6
C18F5DF2
C18FD849
C19050F8
C190C80B
C1913D90
C191B192
C192241F
C1929542
C1930508
C193737C
C193E0AB
C1944CA1
C194B768
C195210D
C1958999
C195F117
C1965793
C196BD15
C19721A9
C1978556
C197E826
C1984A23
C06A92F4
C06ABFF7
C06AEEA9
C06B1F1B
C06B515C
C06B857F
C06BBB94
C06BF3AF
C06C2DE3
C06C6A43
C06CA8E4
C06CE9DC
C06D2D41
C06D7329
C06DBBAD
C06E06E6
C06E54EC
C06EA5DC
C06EF9D0
C06F50E5
C06FAB39
C07008EB
C0706A1A
C070CEE9
C0713779
C071A3EE
C072146E
C072891F
C0730228
C0737FB4
C07401ED
C0748900
C075151B
C075A66E
C0763D2B
C076D985
C0777BB2
C07823EA
C078D266
C0798762
C07A431B
C07B05D2
C07BCFC9
C07CA146
C07D7A8E
C07E5BED
C07F45AF
C0801C11
C08099CD
C0811C35
C081A375
C0822FBB
C082C134
C0835812
C083F487
C08496C4
C0853F01
C085ED72
C086A251
C0875DD6
C088203E
C088E9C4
C089BAA8
C08A9328
C08B7386
C08C5C05
C08D4CE7
C08E4673
C08F48EE
C090549E
C09169CC
C09288BF
C093B1C1
C094E51B
C0962314
C0976BF6
C098C009
C09A1F95
C09B8ADE
C09D022B
C09E85BD
C0A015D5
C0A1B2B1
C0A35C8D
C0A5139F
C0A6D81C
C0A8AA33
C0AA8A0F
C0AC77D6
C0AE73A9
C0B07DA2
C0B295D7
C0B4BC55
C0B6F124
C0B93446
C0BB85B4
C0BDE562
C0C0533A
C0C2CF22
C0C558F7
C0C7F08F
C0CA95BA
C0CD4842
C0D007E9
C0D2D46B
C0D5AD81
C0D892DD
C0DB842B
C0DE8115
C0E18941
C0E49C51
C0E7B9E4
C0EAE198
C0EE1309
C0F14DD0
C0F49188
C0F7DDC9
C0FB322D
C0FE8E4F
C100F8E4
C102AE1A
C1046699
C1062230
C107E0AF
C109A1E8
C10B65AD
C10D2BD3
C10EF42E
C110BE95
C1128ADF
C11458E4
C1162880
C117F98D
C119CBE8
C11B9F6E
C11D73FF
C11F497B
C1211FC2
C122F6B7
C124CE3D
C126A638
C1287E8D
C12A5722
C12C2FDD
C12E08A5
C12FE161
C131B9FB
C133925A
C1356A68
C137420F
C1391937
C13AEFCC
C13CC5B7
C13E9AE3
C1406F3B
C14242A8
C1441515
C145E66E
C147B69B
C1498588
C14B531E
C14D1F48
C14EE9EE
C150B2FA
C1527A56
C1543FEA
C156039D
C157C55A
C1598507
C15B428B
C15CFDCE
C15EB6B7
C1606D2C
C1622114
C163D254
C16580D2
C1672C75
C168D521
C16A7ABC
C16C1D2D
C16DBC58
C16F5824
C170F077
C1728538
C174164E
C175A3A0
C1772D18
C178B29D
C17A341C
C17BB17E
C17D2AB0
C17E9FA0
C180081F
C180BE3C
C1817220
C18223C7
C182D329
C1838044
C1842B13
C184D394
C18579C5
C1861DA6
C186BF37
C1875E7A
C187FB71
C1889620
C1892E89
C189C4B4
C18A58A5
C18AEA64
C18B79F8
C18C0769
C18C92C0
C18D1C08
C18DA349
C18E288F
C18EABE4
C18F2D55
C18FACEC
C1902AB7
C190A6C0
C1912115
C19199C2
C19210D4
C1928657
C192FA58
C1936CE3
C193DE04
C1944DC8
C194BC3B
C1952969
C195955D
C1960023
C19669C6
C196D251
C19739CE
C197A048
C19805CA
C1986A5C
C198CE08
C19930D8
C06D0525
C06D322B
C06D60E0
C06D9155
C06DC399
C06DF7BF
C06E2DD8
C06E65F7
C06EA02E
C06EDC92
C06F1B38
C06F5C34
C06F9F9D
C06FE589
C0702E12
C0707950
C070C75B
C0711850
C0716C49
C071C364
C0721DBE
C0727B76
C072DCAC
C0734181
C073AA18
C0741695
C074871C
C074FBD4
C07574E6
C075F27A
C07674BC
C076FBD8
C07787FC
C0781959
C078B020
C0794C84
C079EEBD
C07A9700
C07B4587
C07BFA8F
C07CB655
C07D791A
C07E431F
C07F14A9
C07FEE01
C08067B8
C080DCA0
C08155E3
C081D3A7
C0825618
C082DD62
C08369B1
C083FB35
C084921D
C0852E9C
C085D0E5
C086792E
C08727AB
C087DC97
C088982A
C0895A9F
C08A2434
C08AF526
C08BCDB6
C08CAE24
C08D96B3
C08E87A7
C08F8145
C09083D2
C0918F96
C092A4D8
C093C3E1
C094ECF9
C0962069
C0975E7A
C098A775
C099FBA2
C09B5B48
C09CC6AD
C09E3E17
C09FC1C7
C0A151FE
C0A2EEFB
C0A498F8
C0A6502E
C0A814CF
C0A9E70C
C0ABC70F
C0ADB500
C0AFB0FD
C0B1BB23
C0B3D385
C0B5FA34
C0B82F35
C0BA728B
C0BCC42F
C0BF2415
C0C19228
C0C40E4D
C0C69861
C0C9303B
C0CBD5AB
C0CE887B
C0D1486C
C0D4153C
C0D6EEA2
C0D9D452
C0DCC5F7
C0DFC33D
C0E2CBC7
C0E5DF3A
C0E8FD34
C0EC2553
C0EF5732
C0F2926E
C0F5D69E
C0F9235D
C0FC7845
C0FFD4EF
C1019C7B
C10351FC
C1050AC8
C106C6AF
C1088582
C10A4712
C10C0B33
C10DD1B8
C10F9A76
C1116544
C11331FA
C1150070
C116D080
C118A207
C11A74E2
C11C48ED
C11E1E09
C11FF415
C121CAF3
C123A286
C1257AB1
C1275358
C1292C60
C12B05B0
C12CDF2D
C12EB8C1
C1309252
C1326BC9
C1344510
C1361E10
C137F6B3
C139CEE3
C13BA68B
C13D7D95
C13F53EC
C141297C
C142FE2F
C144D1F1
C146A4AC
C148764B
C14A46BA
C14C15E2
C14DE3AF
C14FB00A
C1517ADD
C1534413
C1550B93
C156D149
C158951B
C15A56F3
C15C16B8
C15DD452
C15F8FA8
C16148A2
C162FF26
C164B31B
C1666467
C16812EF
C169BE9A
C16B674D
C16D0CEE
C16EAF63
C1704E92
C171EA60
C17382B5
C1751777
C176A88D
C17835DE
C179BF55
C17B44D9
C17CC655
C17E43B4
C17FBCE4
C18098E8
C1815135
C1820750
C182BB33
C1836CD7
C1841C37
C184C94F
C185741C
C1861C9A
C186C2C9
C18766A8
C1880836
C188A777
C189446B
C189DF17
C18A777F
C18B0DA7
C18BA195
C18C3352
C18CC2E3
C18D5052
C18DDBA7
C18E64EC
C18EEC2B
C18F716E
C18FF4C2
C1907630
C190F5C6
C191738E
C191EF95
C19269E9
C192E294
C19359A4
C193CF25
C1944324
C194B5AD
C19526CD
C195968F
C1960501
C196722D
C196DE20
C19748E5
C197B286
C1981B10
C198828C
C198E905
C1994E86
C199B317
C19A16C2
C06F776F
C06FA477
C06FD32F
C07003A7
C07035EF
C0706A18
C070A034
C070D856
C0711291
C0714EF9
C0718DA2
C071CEA2
C072120F
C0725801
C072A08E
C072EBD0
C07339E0
C0738ADA
C073DED9
C07435F9
C0749059
C074EE16
C0754F53
C075B42E
C0761CCC
C076894F
C076F9DE
C0776E9D
C077E7B7
C0786553
C078E79D
C0796EC1
C079FAEF
C07A8C55
C07B2326
C07BBF95
C07C61D7
C07D0A25
C07DB8B8
C07E6DCC
C07F299E
C07FEC6F
C0805B41
C080C40D
C08130C0
C081A17F
C082166F
C0828FB9
C0830D86
C0839000
C0841752
C084A3AB
C0853538
C085CC2B
C08668B5
C0870B09
C087B35D
C08861E6
C08916DE
C089D27D
C08A9500
C08B5EA2
C08C2FA3
C08D0842
C08DE8C0
C08ED15F
C08FC264
C090BC13
C091BEB2
C092CA89
C093DFDF
C094FEFC
C0962829
C0975BAF
C09899D7
C099E2EA
C09B372F
C09C96EF
C09E026F
C09F79F4
C0A0FDC1
C0A28E16
C0A42B32
C0A5D550
C0A78CA7
C0A9516B
C0AB23CD
C0AD03F7
C0AEF20E
C0B0EE35
C0B2F885
C0B51114
C0B737F1
C0B96D22
C0BBB0AA
C0BE0282
C0C0629E
C0C2D0EA
C0C54D49
C0C7D79A
C0CA6FB4
C0CD1566
C0CFC87A
C0D288B3
C0D555CD
C0D82F81
C0DB1581
C0DE077B
C0E10518
C0E40DFD
C0E721CE
C0EA402B
C0ED68B1
C0F09AFC
C0F3D6A6
C0F71B4B
C0FA6883
C0FDBDE8
C1008D8B
C1023FD3
C103F59A
C105AEB1
C1076AE5
C1092A09
C10AEBED
C10CB065
C10E7745
C1104062
C1120B94
C113D8B0
C115A792
C1177813
C1194A10
C11B1D64
C11CF1EF
C11EC790
C1209E27
C1227596
C1244DC0
C1262688
C127FFD4
C129D988
C12BB38B
C12D8DC3
C12F681A
C1314277
C1331CC3
C134F6E8
C136D0CF
C138AA64
C13A8390
C13C5C3F
C13E345D
C1400BD3
C141E28E
C143B87A
C1458D82
C1476191
C1493493
C14B0674
C14CD71E
C14EA67D
C150747B
C1524104
C1540C00
C155D55B
C1579CFD
C15962D1
C15B26BE
C15CE8AF
C15EA88A
C1606637
C162219F
C163DAA8
C165913A
C167453A
C168F68F
C16AA520
C16C50D2
C16DF98A
C16F9F30
C17141A9
C172E0DA
C1747CAB
C1761501
C177A9C3
C1793AD8
C17AC829
C17C519D
C17DD71F
C17F5899
C1806AFB
C1812791
C181E206
C1829A50
C1835069
C184044A
C184B5EC
C185654A
C1861260
C186BD2A
C18765A6
C1880BD2
C188AFAE
C189513B
C189F079
C18A8D6B
C18B2814
C18BC079
C18C569E
C18CEA8B
C18D7C45
C18E0BD4
C18E9940
C18F2493
C18FADD6
C1903512
C190BA54
C1913DA5
C191BF11
C1923EA5
C192BC6B
C1933871
C193B2C2
C1942B6C
C194A27A
C19517F9
C1958BF7
C195FE7E
C1966F9C
C196DF5D
C1974DCE
C197BAF8
C19826EA
C19891AD
C198FB4E
C19963D6
C199CB51
C19A31C9
C19A9749
C19AFBD8
C071E9D0
C07216DC
C0724596
C0727611
C072A85C
C072DC88
C07312A7
C0734ACD
C073850B
C073C176
C0740023
C0744127
C0748498
C074CA8E
C075131F
C0755E66
C075AC7B
C075FD7A
C076517D
C076A8A3
C0770308
C07760CB
C077C20D
C07826EF
C0788F93
C078FC1D
C0796CB3
C079E17A
C07A5A9A
C07AD83E
C07B5A90
C07BE1BD
C07C6DF3
C07CFF62
C07D963C
C07E32B5
C07ED502
C07F7D5A
C08015FC
C080708C
C080CE7B
C0812FE9
C08194F9
C081FDCC
C0826A86
C082DB4B
C0835043
C083C995
C084476A
C084C9EC
C0855147
C085DDA9
C0866F40
C087063C
C087A2D0
C088452F
C088ED8D
C0899C22
C08A5126
C08B0CD2
C08BCF61
C08C9911
C08D6A1F
C08E42CC
C08F2359
C0900C08
C090FD1D
C091F6DC
C092F98D
C0940576
C0951ADF
C0963A0F
C0976351
C09896EC
C099D52A
C09B1E54
C09C72B1
C09DD289
C09F3E23
C0A0B5C3
C0A239AB
C0A3CA1D
C0A56758
C0A71195
C0A8C90C
C0AA8DF2
C0AC6077
C0AE40C5
C0B02F03
C0B22B51
C0B435CA
C0B64E84
C0B8758D
C0BAAAED
C0BCEEA5
C0BF40AF
C0C1A0FF
C0C40F81
C0C68C18
C0C916A4
C0CBAEFB
C0CE54ED
C0D10843
C0D3C8C0
C0D69622
C0D97021
C0DC566E
C0DF48B8
C0E246A9
C0E54FE6
C0E86412
C0EB82CE
C0EEABB6
C0F1DE68
C0F51A7D
C0F85F91
C0FBAD3D
C0FF031C
C1013063
C102E2ED
C10498F9
C1065256
C1080ED5
C109CE46
C10B907B
C10D5547
C10F1C7F
C110E5F7
C112B187
C1147F07
C1164E51
C1181F3E
C119F1AA
C11BC574
C11D9A79
C11F709A
C12147B6
C1231FB0
C124F86B
C126D1CA
C128ABB3
C12A860C
C12C60BA
C12E3BA6
C13016B8
C131F1D8
C133CCF0
C135A7EA
C13782AF
C1395D2C
C13B374A
C13D10F6
C13EEA1A
C140C2A4
C1429A7E
C1447196
C14647D6
C1481D2B
C149F182
C14BC4C5
C14D96E2
C14F67C3
C1513753
C153057F
C154D231
C1569D52
C15866CF
C15A2E90
C15BF47F
C15DB885
C15F7A8B
C1613A7A
C162F839
C164B3B0
C1666CC6
C1682363
C169D76E
C16B88CB
C16D3763
C16EE31B
C1708BD9
C1723182
C173D3FE
C1757331
C1770F03
C178A759
C17A3C1A
C17BCD2F
C17D5A7E
C17EE3F1
C18034B8
C180F574
C181B421
C18270B5
C1832B28
C183E371
C1849988
C1854D66
C185FF06
C186AE62
C1875B75
C188063D
C188AEB7
C18954E0
C189F8BA
C18A9A44
C18B397F
C18BD66F
C18C7116
C18D0978
C18D9F9B
C18E3385
C18EC53D
C18F54CA
C18FE234
C1906D84
C190F6C5
C1917DFF
C192033F
C192868E
C19307F8
C193878A
C194054E
C1948152
C194FBA2
C1957449
C195EB56
C19660D4
C196D4CF
C1974755
C197B872
C1982832
C19896A1
C19903CA
C1996FBA
C199DA7C
C19A441C
C19AACA3
C19B141D
C19B7A94
C19BE012
C0745C49
C0748956
C074B814
C074E891
C0751ADF
C0754F0E
C0758530
C075BD59
C075F79B
C0763409
C07672BA
C076B3C2
C076F737
C0773D30
C07785C6
C077D111
C0781F2B
C078702E
C078C436
C0791B61
C07975CB
C079D394
C07A34DC
C07A99C4
C07B026E
C07B6EFE
C07BDF9A
C07C5468
C07CCD90
C07D4B3B
C07DCD95
C07E54CA
C07EE108
C07F7280
C08004B2
C08052F3
C080A41E
C080F84F
C0814FA3
C081AA38
C082082D
C08269A2
C082CEB7
C0833791
C083A451
C084151E
C0848A1D
C0850376
C0858153
C08603DD
C0868B40
C08717AB
C087A94B
C0884050
C088DCEE
C0897F57
C08A27C0
C08AD660
C08B8B6F
C08C4726
C08D09C2
C08DD37F
C08EA49A
C08F7D55
C0905DF0
C09146AE
C09237D2
C09331A2
C0943464
C095405E
C09655D9
C097751C
C0989E71
C099D221
C09B1074
C09C59B4
C09DAE28
C09F0E18
C0A079CA
C0A1F184
C0A37587
C0A50615
C0A6A36C
C0A84DC7
C0AA055E
C0ABCA65
C0AD9D0B
C0AF7D7C
C0B16BDE
C0B36852
C0B572F3
C0B78BD6
C0B9B30A
C0BBE896
C0BE2C7C
C0C07EB7
C0C2DF39
C0C54DEF
C0C7CABD
C0CA5581
C0CCEE12
C0CF9441
C0D247D6
C0D50896
C0D7D63D
C0DAB083
C0DD971B
C0E089B3
C0E387F4
C0E69185
C0E9A609
C0ECC51F
C0EFEE67
C0F3217B
C0F65DF7
C0F9A376
C0FCF192
C10023F2
C101D304
C10385CD
C1053C1A
C106F5BC
C108B282
C10A723D
C10C34BF
C10DF9DC
C10FC168
C1118B38
C1135723
C1152503
C116F4AF
C118C603
C11A98DC
C11C6D16
C11E4291
C120192C
C121F0C7
C123C946
C125A28C
C1277C7C
C12956FD
C12B31F3
C12D0D46
C12EE8DE
C130C4A3
C132A07E
C1347C5A
C136581F
C13833B9
C13A0F14
C13BEA1A
C13DC4B8
C13F9ED9
C141786A
C1435158
C145298E
C14700FA
C148D788
C14AAD25
C14C81BD
C14E553C
C150278F
C151F8A2
C153C860
C15596B5
C157638C
C1592ED0
C15AF86B
C15CC047
C15E864F
C1604A6B
C1620C85
C163CC85
C1658A54
C16745D8
C168FEFB
C16AB5A2
C16C69B5
C16E1B1A
C16FC9B8
C1717575
C1731E36
C174C3E3
C1766660
C1780595
C179A167
C17B39BD
C17CCE7E
C17E5F91
C17FECDE
C180BB28
C1817DE6
C1823EA0
C182FD4B
C183B9DE
C184744F
C1852C95
C185E2AA
C1869687
C1874824
C187F77E
C188A48F
C1894F54
C189F7CB
C18A9DF3
C18B41CA
C18BE352
C18C828B
C18D1F78
C18DBA1C
C18E527C
C18EE89D
C18F7C85
C1900E3A
C1909DC5
C1912B2C
C191B67B
C1923FB9
C192C6F2
C1934C2F
C193CF7C
C19450E5
C194D074
C1954E37
C195CA39
C1964487
C196BD2D
C1973438
C197A9B4
C1981DAE
C1989033
C199014E
C199710C
C199DF7A
C19A4CA2
C19AB891
C19B2352
C19B8CF0
C19BF576
C19C5CEF
C19CC365
C076CED7
C076FBE7
C0772AA7
C0775B27
C0778D77
C077C1A9
C077F7CF
C0782FFB
C0786A3F
C078A6B2
C078E565
C0792671
C07969E9
C079AFE7
C079F881
C07A43D0
C07A91EE
C07AE2F6
C07B3703
C07B8E32
C07BE8A2
C07C4670
C07CA7BD
C07D0CAA
C07D755B
C07DE1F1
C07E5293
C07EC768
C07F4097
C07FBE49
C0802055
C08063F4
C080AA17
C080F2D7
C0813E4D
C0818C92
C081DDC2
C08231F8
C0828952
C082E3EC
C08341E6
C083A360
C084087C
C084715B
C084DE22
C0854EF5
C085C3FC
C0863D5C
C086BB40
C0873DD2
C087C53D
C08851B0
C088E359
C0897A67
C08A170E
C08AB981
C08B61F4
C08C109F
C08CC5B9
C08D817C
C08E4423
C08F0DEC
C08FDF14
C090B7DD
C0919885
C0928151
C0937285
C0946C64
C0956F36
C0967B41
C09790CD
C098B023
C099D98A
C09B0D4E
C09C4BB5
C09D950A
C09EE994
C0A0499B
C0A1B565
C0A32D37
C0A4B154
C0A641FD
C0A7DF70
C0A989E8
C0AB419D
C0AD06C3
C0AED98A
C0B0BA1D
C0B2A8A2
C0B4A53B
C0B6B002
C0B8C90C
C0BAF069
C0BD2620
C0BF6A32
C0C1BC9B
C0C41D4D
C0C68C35
C0C90937
C0CB9432
C0CE2CFC
C0D0D365
C0D38737
C0D64836
C0D9161F
C0DBF0AA
C0DED78A
C0E1CA6C
C0E4C8FB
C0E7D2DD
C0EAE7B5
C0EE0723
C0F130C5
C0F46438
C0F7A117
C0FAE6FD
C0FE3584
C100C623
C102756F
C1042874
C105DF01
C10798E4
C10955EE
C10B15F1
C10CD8BD
C10E9E27
C1106604
C1123028
C113FC6B
C115CAA5
C1179AB1
C1196C69
C11B3FA9
C11D144F
C11EEA3A
C120C14A
C1229960
C124725F
C1264C2A
C12826A5
C12A01B6
C12BDD44
C12DB935
C12F9571
C13171E2
C1334E71
C1352B07
C1370790
C138E3F6
C13AC026
C13C9C0A
C13E778F
C14052A3
C1422D31
C1440726
C145E06F
C147B8FB
C14990B5
C14B678A
C14D3D68
C14F123C
C150E5F3
C152B878
C15489B8
C156599F
C158281A
C159F513
C15BC075
C15D8A2C
C15F5221
C161183F
C162DC6F
C1649E9B
C1665EAA
C1681C86
C169D817
C16B9143
C16D47F3
C16EFC0E
C170AD79
C1725C1C
C17407DD
C175B0A1
C1775650
C178F8CF
C17A9804
C17C33D6
C17DCC2B
C17F60EB
C18078FE
C1813FA4
C182045B
C182C718
C18387D1
C184467A
C185030B
C185BD7A
C18675BE
C1872BD1
C187DFAB
C1889147
C189409E
C189EDAD
C18A9870
C18B40E5
C18BE70A
C18C8ADE
C18D2C63
C18DCB9A
C18E6885
C18F0327
C18F9B85
C19031A3
C190C589
C191573C
C191E6C4
C192742A
C192FF76
C19388B2
C1940FE9
C1949524
C195186F
C19599D6
C1961964
C1969725
C1971325
C1978D71
C1980615
C1987D1F
C198F299
C1996692
C199D915
C19A4A2F
C19AB9EC
C19B2858
C19B957F
C19C016D
C19C6C2D
C19CD5CA
C19D3E4F
C19DA5C7
C079417B
C0796E8D
C0799D50
C079CDD2
C07A0025
C07A345A
C07A6A82
C07AA2B1
C07ADCF9
C07B196E
C07B5825
C07B9934
C07BDCB0
C07C22B1
C07C6B4F
C07CB6A2
C07D04C4
C07D55D1
C07DA9E2
C07E0117
C07E5B8B
C07EB95E
C07F1AB0
C07F7FA3
C07FE859
C0802A7B
C08062CF
C0809D3C
C080D9D7
C08118B4
C08159E8
C0819D8A
C081E3B1
C0822C75
C08277EF
C082C639
C083176E
C0836BA9
C083C307
C0841DA6
C0847BA6
C084DD25
C0854246
C085AB2C
C08617F9
C08688D2
C086FDDF
C0877747
C087F532
C08877CB
C088FF3E
C0898BB9
C08A1D6A
C08AB481
C08B5131
C08BF3AD
C08C9C2A
C08D4ADF
C08E0003
C08EBBD1
C08F7E84
C0904859
C091198E
C091F262
C092D319
C093BBF3
C094AD34
C095A723
C096AA04
C097B61F
C098CBBC
C099EB23
C09B149D
C09C4873
C09D86EE
C09ED057
C0A024F6
C0A18513
C0A2F0F4
C0A468DE
C0A5ED14
C0A77DD6
C0A91B64
C0AAC5F8
C0AC7DCA
C0AE430E
C0B015F4
C0B1F6A7
C0B3E54E
C0B5E20A
C0B7ECF6
C0BA0626
C0BC2DAA
C0BE638B
C0C0A7C8
C0C2FA5D
C0C55B3E
C0C7CA56
C0CA478A
C0CCD2B9
C0CF6BB9
C0D2125A
C0D4C668
C0D787A4
C0DA55CC
C0DD3099
C0E017BE
C0E30AE8
C0E609C1
C0E913F1
C0EC2919
C0EF48DB
C0F272D5
C0F5A6A3
C0F8E3E1
C0FC2A2A
C0FF7917
C1016822
C10317A6
C104CAE5
C10681AE
C1083BD1
C109F91D
C10BB964
C10D7C77
C10F422C
C1110A55
C112D4CA
C114A161
C1166FF3
C118405A
C11A1271
C11BE615
C11DBB22
C11F9179
C12168FA
C1234185
C1251AFF
C126F549
C128D04A
C12AABE6
C12C8804
C12E648D
C1304167
C1321E7D
C133FBB7
C135D901
C137B645
C139936F
C13B706A
C13D4D23
C13F2987
C1410582
C142E102
C144BBF4
C1469646
C1486FE4
C14A48BD
C14C20BF
C14DF7D6
C14FCDF0
C151A2FB
C15376E3
C1554996
C1571B00
C158EB0D
C15AB9A9
C15C86C1
C15E523F
C1601C0F
C161E41A
C163AA4C
C1656E8E
C16730C9
C168F0E6
C16AAECE
C16C6A69
C16E239F
C16FDA56
C1718E77
C1733FE7
C174EE8E
C1769A52
C1784319
C179E8C9
C17B8B49
C17D2A7E
C17EC64F
C1802F52
C180F9B1
C181C239
C18288DD
C1834D93
C184104E
C184D105
C1858FAD
C1864C3C
C18706A8
C187BEEB
C18874FC
C18928D4
C189DA6D
C18A89C2
C18B36CE
C18BE18F
C18C8A01
C18D3024
C18DD3F7
C18E7579
C18F14AE
C18FB196
C1904C36
C190E491
C1917AAE
C1920E91
C192A042
C1932FC8
C193BD2C
C1944876
C194D1B0
C19558E5
C195DE1E
C1966167
C196E2CC
C1976258
C197E017
C1985C16
C198D660
C1994F03
C199C60B
C19A3B84
C19AAF7C
C19B21FD
C19B9316
C19C02D2
C19C713C
C19CDE62
C19D4A4F
C19DB50E
C19E1EAA
C19E872E
C07BB433
C07BE147
C07C100C
C07C4091
C07C72E7
C07CA71E
C07CDD49
C07D157A
C07D4FC5
C07D8C3E
C07DCAF8
C07E0C0A
C07E4F8A
C07E958F
C07EDE30
C07F2987
C07F77AD
C07FC8BE
C0800E6A
C0803A06
C0806743
C080962F
C080C6DB
C080F957
C0812DB4
C0816405
C0819C5C
C081D6CD
C082136B
C082524B
C0829383
C082D728
C0831D53
C083661B
C083B199
C083FFE7
C0845120
C084A55F
C084FCC2
C0855766
C085B56B
C08616F0
C0867C17
C086E502
C08751D4
C087C2B4
C08837C7
C088B135
C0892F27
C089B1C8
C08A3943
C08AC5C5
C08B577E
C08BEE9E
C08C8B57
C08D2DDC
C08DD662
C08E8520
C08F3A4F
C08FF627
C090B8E5
C09182C5
C0925406
C0932CE7
C0940DAA
C094F691
C095E7E1
C096E1DD
C097E4CE
C098F0F8
C09A06A5
C09B261D
C09C4FA8
C09D8391
C09EC21F
C0A00B9B
C0A1604F
C0A2C081
C0A42C78
C0A5A479
C0A728C6
C0A8B9A2
C0AA5749
C0AC01F7
C0ADB9E5
C0AF7F46
C0B1524A
C0B3331D
C0B521E5
C0B71EC2
C0B929D1
C0BB4326
C0BD6AD0
C0BFA0D8
C0C1E53F
C0C437FF
C0C6990C
C0C90852
C0CB85B6
C0CE1117
C0D0AA4B
C0D35123
C0D60569
C0D8C6E0
C0DB9545
C0DE7052
C0E157B8
C0E44B27
C0E74A48
C0EA54C2
C0ED6A39
C0F08A4B
C0F3B499
C0F6E8BF
C0FA2658
C0FD6D00
C1005E28
C10209F2
C103B9AB
C1056D22
C1072426
C108DE85
C10A9C10
C10C5C98
C10E1FF0
C10FE5EC
C111AE60
C1137922
C115460A
C11714F0
C118E5AF
C11AB821
C11C8C24
C11E6195
C1203853
C1221040
C123E93C
C125C32A
C1279DEF
C1297970
C12B5591
C12D323B
C12F0F54
C130ECC6
C132CA79
C134A858
C136864E
C1386446
C13A422B
C13C1FE9
C13DFD6F
C13FDAA7
C141B781
C14393E9
C1456FCD
C1474B1B
C14925C2
C14AFFAE
C14CD8CF
C14EB112
C1508865
C1525EB6
C15433F3
C1560809
C157DAE6
C159AC75
C15B7CA4
C15D4B60
C15F1893
C160E42A
C162AE10
C1647630
C1663C74
C16800C5
C169C30E
C16B8337
C16D412A
C16EFCCE
C170B60B
C1726CC9
C17420EE
C175D263
C177810D
C1792CD3
C17AD59C
C17C7B4D
C17E1DCD
C17FBD01
C180AC69
C1817892
C18242F0
C1830B77
C183D21A
C18496CE
C1855988
C1861A3D
C186D8E3
C1879570
C1884FDB
C189081B
C189BE2A
C18A7200
C18B2396
C18BD2E9
C18C7FF3
C18D2AB2
C18DD322
C18E7942
C18F1D12
C18FBE93
C1905DC5
C190FAAB
C1919549
C1922DA2
C192C3BC
C193579D
C193E94C
C19478D0
C1950632
C195917A
C1961AB2
C196A1E5
C197271C
C197AA64
C1982BC7
C198AB51
C199290F
C199A50C
C19A1F55
C19A97F6
C19B0EFC
C19B8474
C19BF86A
C19C6AEA
C19CDC02
C19D4BBC
C19DBA26
C19E274B
C19E9336
C19EFDF4
C19F678F
C07E26FE
C07E5415
C07E82DC
C07EB363
C07EE5BB
C07F19F5
C07F5023
C07F8857
C07FC2A5
C07FFF20
C0801EEF
C0803F7A
C080613B
C080843F
C080A892
C080CE3F
C080F554
C0811DDE
C08147EB
C081738A
C081A0C9
C081CFB7
C0820065
C08232E4
C0826744
C0829D98
C082D5F2
C0831065
C0834D06
C0838BEA
C083CD25
C08410CE
C08456FC
C0849FC8
C084EB4A
C085399C
C0858AD9
C085DF1D
C0863684
C086912D
C086EF36
C08750C0
C087B5EC
C0881EDD
C0888BB5
C088FC9B
C08971B4
C089EB29
C08A6921
C08AEBC9
C08B734B
C08BFFD4
C08C9195
C08D28BD
C08DC57E
C08E680C
C08F109B
C08FBF63
C090749B
C091307E
C091F346
C092BD31
C0938E7D
C094676A
C095483A
C096312E
C097228A
C0981C95
C0991F94
C09A2BCD
C09B418A
C09C6112
C09D8AAE
C09EBEA7
C09FFD47
C0A146D7
C0A29B9E
C0A3FBE5
C0A567F1
C0A6E008
C0A8646C
C0A9F55F
C0AB931F
C0AD3DE7
C0AEF5F0
C0B0BB6D
C0B28E8E
C0B46F7E
C0B65E65
C0B85B64
C0BA6694
C0BC800C
C0BEA7DB
C0C0DE09
C0C32297
C0C57581
C0C7D6B8
C0CA462B
C0CCC3BE
C0CF4F4F
C0D1E8B5
C0D48FC1
C0D7443D
C0DA05EC
C0DCD48D
C0DFAFD6
C0E2977C
C0E58B2D
C0E88A93
C0EB9555
C0EEAB16
C0F1CB76
C0F4F615
C0F82A8F
C0FB6880
C0FEAF82
C100FF99
C102AB94
C1045B81
C1060F2E
C107C669
C1098102
C10B3ECA
C10CFF91
C10EC32B
C110896B
C1125226
C1141D33
C115EA68
C117B99F
C1198AB2
C11B5D7B
C11D31DA
C11F07AA
C120DECC
C122B720
C1249088
C1266AE7
C1284621
C12A221C
C12BFEBD
C12DDBEC
C12FB991
C1319794
C13375DE
C135545C
C13732F6
C139119A
C13AF032
C13CCEAC
C13EACF5
C1408AFA
C14268A8
C14445EF
C14622BB
C147FEFB
C149DA9E
C14BB593
C14D8FC7
C14F692A
C15141A9
C1531933
C154EFB6
C156C521
C1589961
C15A6C63
C15C3E14
C15E0E63
C15FDD3A
C161AA87
C1637634
C165402E
C1670860
C168CEB3
C16A9313
C16C5568
C16E159C
C16FD397
C1718F43
C1734886
C174FF49
C176B373
C17864EB
C17A1398
C17BBF60
C17D6829
C17F0DDA
C180582D
C18127C7
C181F5AE
C182C1D7
C1838C34
C18454B9
C1851B5B
C185E00E
C186A2C6
C1876379
C188221D
C188DEA8
C1899911
C18A514F
C18B075B
C18BBB2F
C18C6CC3
C18D1C14
C18DC91C
C18E73D8
C18F1C46
C18FC264
C1906632
C19107B0
C191A6E0
C19243C4
C192DE5F
C19376B6
C1940CCE
C194A0AD
C195325A
C195C1DC
C1964F3C
C196DA82
C19763B8
C197EAE9
C198701F
C198F365
C19974C6
C199F44F
C19A720B
C19AEE06
C19B684D
C19BE0ED
C19C57F2
C19CCD69
C19D415D
C19DB3DC
C19E24F2
C19E94AC
C19F0314
C19F7038
C19FDC22
C1A046DF
C0804CEE
C080637B
C0807ADF
C0809324
C080AC51
C080C670
C080E188
C080FDA3
C0811ACB
C081390A
C081586B
C08178F7
C0819ABA
C081BDC0
C081E214
C08207C3
C0822EDA
C0825766
C0828175
C082AD16
C082DA57
C0830948
C08339F8
C0836C79
C083A0DC
C083D732
C0840F8F
C0844A05
C08486A9
C084C590
C08506CE
C0854A7A
C08590AC
C085D97B
C0862501
C0867357
C086C498
C08718E0
C087704C
C087CAF9
C0882907
C0888A96
C088EFC7
C08958BD
C089C59B
C08A3686
C08AABA5
C08B2520
C08BA31F
C08C25CD
C08CAD56
C08D39E7
C08DCBAF
C08E62DF
C08EFFA8
C08FA23E
C0904AD6
C090F9A7
C091AEE8
C0926AD5
C0932DA7
C093F79D
C094C8F4
C095A1EC
C09682C7
C0976BC8
C0985D31
C0995749
C09A5A56
C09B669E
C09C7C69
C09D9C00
C09EC5AD
C09FF9B7
C0A13869
C0A2820A
C0A3D6E4
C0A5373E
C0A6A35F
C0A81B8B
C0A9A006
C0AB3110
C0ACCEE7
C0AE79C8
C0B031EA
C0B1F782
C0B3CABF
C0B5ABCD
C0B79AD2
C0B997EF
C0BBA340
C0BDBCDA
C0BFE4CC
C0C21B1F
C0C45FD3
C0C6B2E4
C0C91445
C0CB83E2
C0CE01A1
C0D08D61
C0D326F7
C0D5CE36
C0D882E6
C0DB44CB
C0DE13A4
C0E0EF28
C0E3D70C
C0E6CAFC
C0E9CAA4
C0ECD5AB
C0EFEBB4
C0F30C5F
C0F6374B
C0F96C16
C0FCAA5B
C0FFF1B5
C101A0E0
C1034D0B
C104FD29
C106B109
C108687A
C10A234B
C10BE14C
C10DA250
C10F662A
C1112CAB
C112F5AB
C114C0FF
C1168E7E
C1185E03
C11A2F66
C11C0284
C11DD73A
C11FAD66
C12184E7
C1235D9E
C125376E
C1271239
C128EDE4
C12ACA54
C12CA770
C12E851F
C1306349
C13241D6
C13420B2
C135FFC7
C137DF00
C139BE48
C13B9D8C
C13D7CBA
C13F5BBE
C1413A87
C1431901
C144F71D
C146D4C7
C148B1F0
C14A8E85
C14C6A77
C14E45B3
C1502029
C151F9C7
C153D27E
C155AA3A
C15780EB
C1595680
C15B2AE5
C15CFE09
C15ECFDA
C160A044
C1626F35
C1643C98
C166085A
C167D266
C1699AA7
C16B6109
C16D2574
C16EE7D4
C170A811
C1726614
C17421C7
C175DB10
C17791D7
C1794605
C17AF77F
C17CA62D
C17E51F6
C17FFAC0
C180D038
C181A178
C1827111
C1833EF8
C1840B1F
C184D57B
C1859DFF
C186649F
C1872950
C187EC06
C188ACB8
C1896B5A
C18A27E2
C18AE249
C18B9A86
C18C5090
C18D0461
C18DB5F3
C18E6542
C18F1247
C18FBD01
C190656D
C1910B89
C191AF54
C19250D0
C192EFFE
C1938CE0
C1942779
C194BFCE
C19555E4
C195E9C1
C1967B6C
C1970AEC
C197984A
C198238E
C198ACC3
C19933F2
C199B926
C19A3C6A
C19ABDC9
C19B3D50
C19BBB0B
C19C3705
C19CB14B
C19D29E9
C19DA0EC
C19E1662
C19E8A55
C19EFCD3
C19F6DE8
C19FDDA0
C1A04C07
C1A0B92A
C1A12513
C0818667
C0819CF4
C081B45A
C081CCA0
C081E5CE
C081FFED
C0821B07
C0823723
C082544D
C082728D
C08291EF
C082B27D
C082D441
C082F749
C0831B9F
C083414F
C0836868
C08390F6
C083BB07
C083E6AA
C08413ED
C08442E0
C0847393
C084A616
C084DA7B
C08510D4
C0854934
C08583AD
C085C053
C085FF3D
C086407E
C086842E
C086CA63
C0871335
C0875EBF
C087AD18
C087FE5D
C08852A9
C088AA19
C08904CB
C08962DD
C089C471
C08A29A7
C08A92A2
C08AFF85
C08B7076
C08BE59B
C08C5F1B
C08CDD21
C08D5FD5
C08DE764
C08E73FC
C08F05CC
C08F9D03
C09039D4
C090DC72
C0918512
C09233EC
C092E936
C093A52C
C0946809
C0953208
C096036A
C096DC6D
C097BD54
C098A660
C09997D6
C09A91FA
C09B9514
C09CA16A
C09DB744
C09ED6EA
C0A000A6
C0A134C0
C0A27383
C0A3BD36
C0A51222
C0A6728F
C0A7DEC3
C0A95704
C0AADB93
C0AC6CB3
C0AE0AA2
C0AFB59B
C0B16DD6
C0B33387
C0B506DF
C0B6E808
C0B8D72A
C0BAD466
C0BCDFD6
C0BEF991
C0C121A4
C0C3581A
C0C59CF3
C0C7F02A
C0CA51B2
C0CCC179
C0CF3F63
C0D1CB4F
C0D46514
C0D70C82
C0D9C165
C0DC837E
C0DF528D
C0E22E4A
C0E51668
C0E80A96
C0EB0A7E
C0EE15C7
C0F12C14
C0F44D07
C0F7783E
C0FAAD56
C0FDEBEC
C10099CD
C10241FE
C103EE57
C1059EA5
C10752B6
C1090A5A
C10AC561
C10C839B
C10E44D9
C11008EE
C111CFAF
C11398F1
C1156489
C1173250
C119021F
C11AD3D0
C11CA73E
C11E7C48
C12052CC
C1222AA8
C12403BF
C125DDF2
C127B925
C129953C
C12B721D
C12D4FAE
C12F2DD7
C1310C81
C132EB94
C134CAFB
C136AAA1
C1388A71
C13A6A57
C13C4A41
C13E2A1B
C14009D2
C141E956
C143C894
C145A77C
C14785FC
C1496403
C14B4180
C14D1E64
C14EFA9D
C150D61B
C152B0CD
C1548AA3
C156638C
C1583B76
C15A1251
C15BE80B
C15DBC93
C15F8FD7
C16161C3
C1633247
C165014E
C166CEC5
C1689A99
C16A64B5
C16C2D05
C16DF372
C16FB7E9
C1717A51
C1733A96
C174F8A0
C176B458
C1786DA5
C17A2470
C17BD8A1
C17D8A1D
C17F38CC
C180724B
C18146B0
C1821988
C182EAC6
C183BA5F
C1848844
C185546B
C1861EC5
C186E748
C187ADE6
C1887295
C189354A
C189F5F9
C18AB499
C18B7120
C18C2B85
C18CE3BF
C18D99C7
C18E4D96
C18EFF26
C18FAE72
C1905B76
C191062D
C191AE97
C19254B0
C192F87A
C19399F4
C194391F
C194D5FF
C1957096
C19608E9
C1969EFD
C19732D8
C197C481
C19853FF
C198E15B
C1996C9D
C199F5D0
C19A7CFE
C19B0230
C19B8572
C19C06D0
C19C8656
C19D040F
C19D8007
C19DFA4C
C19E72E9
C19EE9EB
C19F5F5F
C19FD351
C1A045CD
C1A0B6E1
C1A12698
C1A194FF
C1A20220
C082BFE8
C082D676
C082EDDD
C0830624
C0831F53
C0833974
C083548E
C08370AC
C0838DD7
C083AC19
C083CB7C
C083EC0B
C0840DD1
C08430DA
C0845531
C0847AE4
C084A1FE
C084CA8E
C084F4A1
C0852046
C0854D8B
C0857C80
C085AD35
C085DFBA
C0861422
C0864A7D
C08682DF
C086BD5B
C086FA04
C08738F1
C0877A35
C087BDE7
C0880420
C0884CF6
C0889882
C088E6E0
C0893828
C0898C78
C089E3EC
C08A3EA2
C08A9CB9
C08AFE51
C08B638C
C08BCC8B
C08C3974
C08CAA6A
C08D1F94
C08D991B
C08E1726
C08E99E0
C08F2176
C08FAE15
C0903FEB
C090D729
C0917401
C09216A7
C092BF50
C0936E32
C0942385
C094DF84
C095A26A
C0966C73
C0973DDF
C09816ED
C098F7DE
C099E0F6
C09AD277
C09BCCA8
C09CCFCF
C09DDC32
C09EF21A
C0A011CE
C0A13B99
C0A26FC3
C0A3AE96
C0A4F85A
C0A64D57
C0A7ADD6
C0A91A1D
C0AA9271
C0AC1716
C0ADA84B
C0AF464F
C0B0F15F
C0B2A9B2
C0B46F7C
C0B642ED
C0B82432
C0BA1370
C0BC10C8
C0BE1C56
C0C03630
C0C25E65
C0C494FC
C0C6D9F8
C0C92D54
C0CB8F03
C0CDFEF1
C0D07D04
C0D3091B
C0D5A30C
C0D84AA9
C0DAFFBB
C0DDC207
C0E0914B
C0E36D3E
C0E65594
C0E949FD
C0EC4A22
C0EF55AA
C0F26C3A
C0F58D72
C0F8B8F0
C0FBEE54
C0FF2D37
C1013A9B
C102E2F6
C1048F7B
C1063FF6
C107F437
C109AC0D
C10B6747
C10D25B6
C10EE72C
C110AB7C
C112727A
C1143BFA
C11607D4
C117D5E0
C119A5F6
C11B77F1
C11D4BAD
C11F2108
C120F7DF
C122D014
C124A986
C1268418
C1285FAF
C12A3C2D
C12C197A
C12DF77C
C12FD61B
C131B53F
C13394D2
C13574BF
C13754F0
C1393551
C13B15CF
C13CF656
C13ED6D5
C140B739
C1429770
C144776A
C1465715
C1483661
C14A153D
C14BF399
C14DD165
C14FAE91
C1518B0C
C15366C6
C15541AF
C1571BB7
C158F4CE
C15ACCE2
C15CA3E3
C15E79C0
C1604E67
C16221C6
C163F3CD
C165C467
C1679382
C169610C
C16B2CEF
C16CF71A
C16EBF75
C17085EE
C1724A6E
C1740CDE
C175CD2A
C1778B3A
C17946F6
C17B0047
C17CB714
C17E6B46
C1800E62
C180E5BA
C181BB9F
C1829003
C18362DB
C1843418
C18503B0
C185D194
C1869DB9
C1876812
C1883093
C188F730
C189BBDD
C18A7E90
C18B3F3E
C18BFDDB
C18CBA60
C18D74C3
C18E2CFB
C18EE301
C18F96CE
C190485C
C190F7A5
C191A4A7
C1924F5C
C192F7C4
C1939DDB
C19441A2
C194E31A
C1958244
C1961F21
C196B9B6
C1975207
C197E819
C1987BF2
C1990D99
C1999D16
C19A2A70
C19AB5B0
C19B3EE2
C19BC60D
C19C4B3E
C19CCE7F
C19D4FDB
C19DCF5F
C19E4D17
C19EC90E
C19F4351
C19FBBEC
C1A032ED
C1A0A860
C1A11C51
C1A18ECC
C1A1FFDF
C1A26F95
C1A2DDFA
C083F971
C0841001
C0842768
C0843FB0
C08458E1
C0847302
C0848E1E
C084AA3D
C084C769
C084E5AC
C0850510
C08525A1
C0854768
C0856A73
C0858ECC
C085B480
C085DB9C
C086042E
C0862E42
C08659E9
C0868730
C086B627
C086E6DE
C0871966
C0874DCF
C087842D
C087BC92
C087F710
C08833BC
C08872AB
C088B3F2
C088F7A8
C0893DE3
C08986BC
C089D24C
C08A20AD
C08A71F9
C08AC64D
C08B1DC5
C08B787F
C08BD69A
C08C3836
C08C9D75
C08D067A
C08D7367
C08DE462
C08E5992
C08ED31D
C08F512E
C08FD3EF
C0905B8B
C090E830
C0917A0D
C0921152
C092AE31
C09350DE
C093F98F
C094A879
C0955DD4
C09619DC
C096DCCB
C097A6DE
C0987853
C099516B
C09A3267
C09B1B8A
C09C0D17
C09D0754
C09E0A87
C09F16F6
C0A02CEB
C0A14CAE
C0A27687
C0A3AAC0
C0A4E9A2
C0A63376
C0A78885
C0A8E915
C0AA556E
C0ABCDD5
C0AD528D
C0AEE3D7
C0B081F0
C0B22D16
C0B3E580
C0B5AB62
C0B77EEC
C0B9604A
C0BB4FA3
C0BD4D17
C0BF58C2
C0C172BA
C0C39B0E
C0C5D1C6
C0C816E4
C0CA6A63
C0CCCC36
C0CF3C4A
C0D1BA85
C0D446C5
C0D6E0E1
C0D988AB
C0DC3DEC
C0DF0068
C0E1CFDD
C0E4AC05
C0E79492
C0EA8933
C0ED8992
C0F09558
C0F3AC27
C0F6CDA1
C0F9F965
C0FD2F10
C100371F
C101DB46
C10383C9
C1053078
C106E11F
C108958E
C10A4D93
C10C08FE
C10DC7A1
C10F894D
C1114DD4
C113150C
C114DEC9
C116AAE2
C1187930
C11A498A
C11C1BCD
C11DEFD4
C11FC57C
C1219CA4
C123752D
C1254EF7
C12729E4
C12905DA
C12AE2BC
C12CC071
C12E9EDF
C1307DEE
C1325D88
C1343D96
C1361E02
C137FEB9
C139DFA5
C13BC0B4
C13DA1D3
C13F82F0
C14163F9
C14344DC
C145258A
C14705F0
C148E600
C14AC5A9
C14CA4DA
C14E8384
C1506198
C1523F05
C1541BBD
C155F7AE
C157D2CA
C159AD00
C15B8641
C15D5E7B
C15F359E
C1610B9A
C162E05D
C164B3D6
C16685F3
C16856A2
C16A25CF
C16BF369
C16DBF5B
C16F8991
C17151F8
C173187A
C174DD02
C1769F79
C1785FCB
C17A1DDF
C17BD99E
C17D92F2
C17F49C2
C1807EFB
C18157BA
C1822F12
C18304F6
C183D95A
C184AC31
C1857D6E
C1864D04
C1871AE7
C187E70B
C188B162
C18979E1
C18A407C
C18B0528
C18BC7D9
C18C8884
C18D4720
C18E03A3
C18EBE03
C18F7639
C1902C3D
C190E008
C1919194
C19240DB
C192EDDA
C193988E
C19440F3
C194E708
C1958ACD
C1962C43
C196CB6B
C1976846
C19802D9
C1989B28
C1993139
C199C510
C19A56B5
C19AE62F
C19B7387
C19BFEC7
C19C87F6
C19D0F20
C19D944F
C19E178E
C19E98EA
C19F186C
C19F9622
C1A01218
C1A08C59
C1A104F4
C1A17BF4
C1A1F165
C1A26555
C1A2D7CF
C1A348E1
C1A3B895
C0853303
C0854993
C08560FC
C0857945
C0859276
C085AC99
C085C7B5
C085E3D6
C0860103
C0861F47
C0863EAD
C0865F3E
C0868107
C086A413
C086C86E
C086EE23
C0871541
C0873DD4
C08767EB
C0879393
C087C0DC
C087EFD5
C088208E
C0885318
C0888784
C088BDE4
C088F64B
C08930CB
C0896D7A
C089AC6B
C089EDB5
C08A316E
C08A77AC
C08AC088
C08B0C1C
C08B5A80
C08BABCF
C08C0027
C08C57A2
C08CB260
C08D107F
C08D7220
C08DD763
C08E406C
C08EAD5E
C08F1E5E
C08F9393
C0900D24
C0908B3A
C0910E00
C09195A2
C092224D
C092B431
C0934B7C
C093E863
C0948B17
C09533CF
C095E2C1
C0969824
C0975434
C098172C
C098E148
C099B2C7
C09A8BE9
C09B6CEF
C09C561C
C09D47B4
C09E41FC
C09F453B
C0A051B7
C0A167B9
C0A28789
C0A3B170
C0A4E5B7
C0A624A8
C0A76E8C
C0A8C3AA
C0AA244C
C0AB90B6
C0AD092F
C0AE8DFA
C0B01F57
C0B1BD85
C0B368C0
C0B52140
C0B6E739
C0B8BADB
C0BA9C52
C0BC8BC4
C0BE8953
C0C0951A
C0C2AF2F
C0C4D7A1
C0C70E79
C0C953B7
C0CBA758
C0CE094E
C0D07987
C0D2F7E8
C0D58450
C0D81E95
C0DAC68A
C0DD7BF7
C0E03EA1
C0E30E47
C0E5EAA1
C0E8D362
C0EBC839
C0EEC8D1
C0F1D4D2
C0F4EBDE
C0F80D98
C0FB399E
C0FE6F8E
C100D782
C1027BCE
C1042478
C105D14F
C1078221
C10936BB
C10AEEEE
C10CAA89
C10E695D
C1102B3C
C111EFFA
C113B769
C1158161
C1174DB7
C1191C43
C11AECDF
C11CBF66
C11E93B5
C12069A7
C122411D
C12419F6
C125F414
C127CF5A
C129ABAB
C12B88ED
C12D6705
C12F45DB
C1312556
C1330561
C134E5E4
C136C6CB
C138A801
C13A8973
C13C6B0E
C13E4CBE
C1402E72
C1421019
C143F1A2
C145D2FB
C147B416
C14994E1
C14B754D
C14D554B
C14F34CA
C15113BD
C152F212
C154CFBC
C156ACAB
C15888CF
C15A6419
C15C3E79
C15E17DF
C15FF03C
C161C77F
C1639D97
C1657273
C1674603
C1691834
C16AE8F5
C16CB833
C16E85DB
C17051D9
C1721C1B
C173E48B
C175AB15
C1776FA3
C1793221
C17AF277
C17CB08F
C17E6C51
C18012D3
C180EE3C
C181C856
C182A115
C183786D
C1844E51
C18522B4
C185F58A
C186C6C6
C187965B
C188643C
C189305E
C189FAB4
C18AC332
C18B89CB
C18C4E75
C18D1124
C18DD1CD
C18E9067
C18F4CE7
C1900746
C190BF7A
C191757B
C1922944
C192DACE
C1938A13
C1943710
C194E1C1
C1958A24
C1963038
C196D3FB
C197756F
C1981494
C198B16E
C1994BFF
C199E44C
C19A7A5A
C19B0E30
C19B9FD3
C19C2F4C
C19CBCA2
C19D47E0
C19DD10E
C19E5836
C19EDD64
C19F60A2
C19FE1FB
C1A0617C
C1A0DF31
C1A15B25
C1A1D566
C1A24DFF
C1A2C4FD
C1A33A6E
C1A3AE5C
C1A420D5
C1A491E6
C0866C9C
C086832D
C0869A97
C086B2E1
C086CC13
C086E637
C0870154
C0871D76
C0873AA4
C08758EA
C0877850
C08798E3
C087BAAE
C087DDBB
C0880217
C08827CE
C0884EED
C0887782
C088A19A
C088CD44
C088FA8F
C089298A
C0895A45
C0898CD1
C089C13F
C089F7A1
C08A300A
C08A6A8D
C08AA73E
C08AE632
C08B277F
C08B6B3A
C08BB17B
C08BFA5A
C08C45F1
C08C9458
C08CE5AB
C08D3A05
C08D9185
C08DEC46
C08E4A69
C08EAC0E
C08F1156
C08F7A63
C08FE759
C090585E
C090CD98
C091472E
C091C549
C0924815
C092CFBC
C0935C6E
C093EE57
C09485A9
C0952296
C095C552
C0966E10
C0971D0A
C097D275
C0988E8D
C099518D
C09A1BB2
C09AED3A
C09BC665
C09CA775
C09D90AC
C09E824F
C09F7CA2
C0A07FEC
C0A18C74
C0A2A282
C0A3C25F
C0A4EC53
C0A620A8
C0A75FA8
C0A8A99A
C0A9FEC8
C0AB5F7A
C0ACCBF5
C0AE4480
C0AFC95D
C0B15ACD
C0B2F90F
C0B4A45E
C0B65CF3
C0B82302
C0B9F6BB
C0BBD849
C0BDC7D5
C0BFC57D
C0C1D160
C0C3EB90
C0C6141F
C0C84B15
C0CA9073
C0CCE434
C0CF464C
C0D1B6A8
C0D4352E
C0D6C1BB
C0D95C29
C0DC0446
C0DEB9DE
C0E17CB6
C0E44C8A
C0E72914
C0EA1207
C0ED0712
C0F007E1
C0F3141A
C0F62B61
C0F94D58
C0FC799E
C0FFAFD0
C10177C5
C1031C35
C104C505
C1067203
C10822FD
C109D7C1
C10B9020
C10D4BE9
C10F0AEC
C110CCFD
C11291EE
C1145993
C11623C3
C117F053
C119BF1C
C11B8FF7
C11D62C0
C11F3753
C1210D8D
C122E54D
C124BE74
C12698E3
C128747D
C12A5126
C12C2EC3
C12E0D3A
C12FEC74
C131CC57
C133ACCE
C1358DC2
C1376F1E
C13950CF
C13B32C1
C13D14E1
C13EF71C
C140D962
C142BBA1
C1449DC7
C1467FC6
C148618D
C14A430B
C14C2433
C14E04F5
C14FE541
C151C508
C153A43D
C15582CF
C15760B0
C1593DD1
C15B1A23
C15CF597
C15ED01D
C160A9A6
C1628222
C1645981
C1662FB3
C16804A6
C169D84B
C16BAA8E
C16D7B5F
C16F4AAB
C1711860
C172E469
C174AEB4
C176772C
C1783DBD
C17A0252
C17BC4D4
C17D852D
C17F4348
C1807F86
C1815C32
C182379B
C18311B5
C183EA74
C184C1CB
C18597AE
C1866C10
C1873EE5
C1881020
C188DFB4
C189AD94
C18A79B4
C18B4408
C18C0C84
C18CD31C
C18D97C3
C18E5A70
C18F1B18
C18FD9B0
C190962E
C191508B
C19208BC
C192BEBC
C1937282
C194240A
C194D34D
C1958048
C1962AF7
C196D358
C197796A
C1981D2B
C198BE9D
C1995DC0
C199FA98
C19A9527
C19B2D73
C19BC37F
C19C5753
C19CE8F4
C19D786B
C19E05C0
C19E90FC
C19F1A28
C19FA14F
C1A0267B
C1A0A9B8
C1A12B10
C1A1AA90
C1A22843
C1A2A436
C1A31E75
C1A3970D
C1A40E0B
C1A4837A
C1A4F767
C1A569DF
C087A63D
C087BCCF
C087D439
C087EC84
C08805B7
C0881FDC
C0883AFB
C088571D
C088744D
C0889293
C088B1FB
C088D290
C088F45B
C089176A
C0893BC7
C089617F
C08988A0
C089B137
C089DB50
C08A06FC
C08A3448
C08A6345
C08A9402
C08AC690
C08AFB00
C08B3164
C08B69CF
C08BA455
C08BE108
C08C1FFF
C08C614E
C08CA50B
C08CEB4F
C08D3431
C08D7FCB
C08DCE35
C08E1F8B
C08E73E9
C08ECB6C
C08F2631
C08F8458
C08FE600
C0904B4C
C090B45D
C0912158
C0919262
C09207A0
C092813B
C092FF5B
C093822C
C09409D9
C0949690
C0952880
C095BFD8
C0965CCB
C096FF8D
C097A853
C0985753
C0990CC7
C099C8E6
C09A8BEE
C09B561B
C09C27AC
C09D00E0
C09DE1F9
C09ECB3A
C09FBCE7
C0A0B745
C0A1BA9A
C0A2C72E
C0A3DD48
C0A4FD31
C0A62732
C0A75B94
C0A89AA1
C0A9E4A2
C0AB39E0
C0AC9AA1
C0AE072C
C0AF7FC8
C0B104B6
C0B29638
C0B4348D
C0B5DFF0
C0B79899
C0B95EBD
C0BB328C
C0BD1432
C0BF03D5
C0C10196
C0C30D92
C0C527DE
C0C75089
C0C9879B
C0CBCD17
C0CE20F8
C0D08331
C0D2F3AF
C0D57257
C0D7FF0A
C0DA999D
C0DD41E2
C0DFF7A4
C0E2BAA6
C0E58AA6
C0E8675F
C0EB5082
C0EE45C0
C0F146C3
C0F45332
C0F76AB2
C0FA8CE4
C0FDB967
C10077EC
C10217EB
C103BC7D
C1056571
C1071294
C108C3B5
C10A78A2
C10C312B
C10DED1F
C10FAC51
C1116E91
C11333B3
C114FB8C
C116C5F1
C11892B9
C11A61BC
C11C32D5
C11E05DD
C11FDAB1
C121B130
C1238937
C12562A9
C1273D65
C1291950
C12AF64D
C12CD442
C12EB315
C13092AE
C13272F5
C13453D3
C1363533
C1381701
C139F927
C13BDB94
C13DBE34
C13FA0F5
C14183C5
C1436695
C1454954
C1472BF1
C1490E5C
C14AF087
C14CD263
C14EB3E0
C15094F0
C1527584
C154558D
C15634FE
C15813C8
C159F1DB
C15BCF2B
C15DABA7
C15F8741
C16161EA
C1633B92
C165142A
C166EBA3
C168C1EC
C16A96F4
C16C6AAA
C16E3CFE
C1700DDD
C171DD36
C173AAF5
C1757708
C177415C
C17909DB
C17AD072
C17C950B
C17E5791
C1800BF7
C180EB05
C181C8E8
C182A594
C18380FD
C1845B17
C18533D5
C1860B2C
C186E10E
C187B570
C1888843
C189597D
C18A290F
C18AF6EE
C18BC30C
C18C8D5F
C18D55D9
C18E1C6E
C18EE114
C18FA3BF
C1906464
C19122FA
C191DF77
C19299D1
C1935201
C19407FE
C194BBC3
C1956D48
C1961C89
C196C982
C1977430
C1981C8E
C198C29E
C199665D
C19A07CD
C19AA6EE
C19B43C4
C19BDE52
C19C769B
C19D0CA6
C19DA078
C19E3218
C19EC18D
C19F4EE1
C19FDA1B
C1A06346
C1A0EA6B
C1A16F96
C1A1F2D1
C1A27428
C1A2F3A6
C1A37158
C1A3ED4A
C1A46788
C1A4E01F
C1A5571B
C1A5CC89
C1A64075
C088DFE5
C088F678
C0890DE3
C089262F
C0893F63
C0895988
C08974A8
C08990CC
C089ADFC
C089CC44
C089EBAD
C08A0C42
C08A2E0F
C08A511F
C08A757E
C08A9B38
C08AC25A
C08AEAF2
C08B150D
C08B40BA
C08B6E08
C08B9D06
C08BCDC5
C08C0055
C08C34C7
C08C6B2D
C08CA39B
C08CDE22
C08D1AD8
C08D59D1
C08D9B22
C08DDEE2
C08E2529
C08E6E0E
C08EB9AA
C08F0817
C08F5971
C08FADD2
C0900558
C0906020
C090BE4B
C0911FF7
C0918546
C091EE5C
C0925B5B
C092CC69
C09341AB
C093BB4B
C0943971
C094BC47
C09543F9
C095D0B5
C09662AA
C096FA09
C0979702
C09839CB
C098E297
C099919E
C09A4718
C09B0340
C09BC64F
C09C9084
C09D621D
C09E3B5A
C09F1C7D
C0A005C7
C0A0F77E
C0A1F1E6
C0A2F545
C0A401E4
C0A51809
C0A637FE
C0A7620C
C0A8967B
C0A9D595
C0AB1FA4
C0AC74F0
C0ADD5C0
C0AF425B
C0B0BB06
C0B24005
C0B3D199
C0B57000
C0B71B76
C0B8D433
C0BA9A6B
C0BC6E50
C0BE500B
C0C03FC5
C0C23D9F
C0C449B3
C0C66419
C0C88CDE
C0CAC40D
C0CD09A6
C0CF5DA4
C0D1BFFD
C0D4309B
C0D6AF66
C0D93C3B
C0DBD6F3
C0DE7F5F
C0E13548
C0E3F873
C0E6C89F
C0E9A584
C0EC8ED6
C0EF8444
C0F28579
C0F5921C
C0F8A9D3
C0FBCC3D
C0FEF8FB
C10117D5
C102B7F3
C1045CA7
C10605BD
C107B304
C109644A
C10B195E
C10CD20F
C10E8E2E
C1104D8B
C1120FF9
C113D54B
C1159D56
C11767EE
C11934EC
C11B0427
C11CD57A
C11EA8BE
C1207DD2
C1225492
C1242CDF
C1260697
C127E19E
C129BDD7
C12B9B25
C12D796E
C12F5899
C131388D
C1331933
C134FA75
C136DC3D
C138BE77
C13AA10E
C13C83F1
C13E670B
C1404A4C
C1422DA2
C14410FE
C145F44D
C147D782
C149BA8C
C14B9D5C
C14D7FE4
C14F6215
C15143E0
C1532538
C155060E
C156E654
C158C5FC
C15AA4F8
C15C833A
C15E60B3
C1603D56
C1621912
C163F3DB
C165CDA0
C167A652
C1697DE1
C16B543E
C16D2959
C16EFD1F
C170CF82
C172A06E
C1746FD1
C1763D9B
C17809B6
C179D410
C17B9C95
C17D6331
C17F27CE
C180752B
C181555B
C182346A
C183124E
C183EEFA
C184CA62
C185A47C
C1867D3A
C1875490
C1882A71
C188FED1
C189D1A3
C18AA2DB
C18B726C
C18C4049
C18D0C66
C18DD6B7
C18E9F2F
C18F65C2
C1902A66
C190ED0F
C191ADB3
C1926C46
C19328C1
C193E319
C1949B47
C1955142
C1960505
C196B688
C19765C7
C19812BE
C198BD69
C19965C6
C19A0BD4
C19AAF91
C19B50FF
C19BF01F
C19C8CF3
C19D277F
C19DBFC7
C19E55D0
C19EE9A0
C19F7B3E
C1A00AB2
C1A09804
C1A1233C
C1A1AC66
C1A2338A
C1A2B8B3
C1A33BED
C1A3BD42
C1A43CBF
C1A4BA70
C1A53661
C1A5B09E
C1A62933
C1A6A02E
C1A7159B
C08A1994
C08A3028
C08A4794
C08A5FE0
C08A7915
C08A933C
C08AAE5C
C08ACA81
C08AE7B2
C08B05FB
C08B2565
C08B45FC
C08B67CA
C08B8ADB
C08BAF3B
C08BD4F6
C08BFC1A
C08C24B3
C08C4ED0
C08C7A7E
C08CA7CE
C08CD6CE
C08D078E
C08D3A20
C08D6E94
C08DA4FC
C08DDD6B
C08E17F5
C08E54AD
C08E93A8
C08ED4FC
C08F18BF
C08F5F08
C08FA7EF
C08FF38E
C09041FE
C090935B
C090E7BF
C0913F48
C0919A14
C091F842
C09259F2
C092BF45
C093285E
C0939561
C0940673
C0947BBA
C094F55E
C0957389
C095F663
C0967E1B
C0970ADC
C0979CD7
C098343B
C098D13A
C0997409
C09A1CDC
C09ACBEA
C09B816B
C09C3D99
C09D00B0
C09DCAED
C09E9C8E
C09F75D4
C0A056FF
C0A14052
C0A23212
C0A32C84
C0A42FEE
C0A53C97
C0A652C7
C0A772C8
C0A89CE1
C0A9D15D
C0AB1084
C0AC5AA0
C0ADAFF9
C0AF10D8
C0B07D82
C0B1F63D
C0B37B4C
C0B50CF1
C0B6AB69
C0B856F1
C0BA0FC1
C0BBD60D
C0BDAA06
C0BF8BD7
C0C17BA7
C0C37997
C0C585C4
C0C7A042
C0C9C921
C0CC006A
C0CE461F
C0D09A3B
C0D2FCB1
C0D56D6F
C0D7EC5B
C0DA7952
C0DD142D
C0DFBCBD
C0E272CC
C0E5361F
C0E80674
C0EAE384
C0EDCD02
C0F0C29F
C0F3C404
C0F6D0DA
C0F9E8C5
C0FD0B65
C1001C2E
C101B7A3
C10357E0
C104FCB3
C106A5EB
C1085354
C10A04BE
C10BB9F8
C10D72D0
C10F2F17
C110EE9E
C112B138
C11476B8
C1163EF2
C11809BC
C119D6ED
C11BA65E
C11D77E8
C11F4B67
C12120B8
C122F7B7
C124D046
C126AA43
C1288591
C12A6214
C12C3FB0
C12E1E4A
C12FFDC9
C131DE15
C133BF17
C135A0B8
C13782E4
C1396585
C13B4889
C13D2BDC
C13F0F6C
C140F328
C142D6FE
C144BADF
C1469EBA
C1488280
C14A6621
C14C4990
C14E2CBD
C1500F9A
C151F219
C153D42D
C155B5C7
C15796D9
C1597757
C15B5732
C15D365C
C15F14C8
C160F268
C162CF2D
C164AB09
C16685ED
C1685FCC
C16A3895
C16C1039
C16DE6A9
C16FBBD3
C1718FA9
C1736218
C175330F
C177027C
C178D04E
C17A9C70
C17C66D0
C17E2F5A
C17FF5FA
C180DD4D
C181BE93
C1829EC3
C1837DD2
C1845BB6
C1853862
C18613CB
C186EDE3
C187C6A0
C1889DF5
C18973D5
C18A4834
C18B1B05
C18BEC3C
C18CBBCB
C18D89A6
C18E55C1
C18F2010
C18FE886
C190AF18
C19173BA
C1923661
C192F702
C193B594
C194720D
C1952C63
C195E48E
C1969A88
C1974E48
C197FFCA
C198AF07
C1995BFC
C19A06A5
C19AAF00
C19B550C
C19BF8C7
C19C9A34
C19D3951
C19DD624
C19E70AE
C19F08F4
C19F9EFB
C1A032CA
C1A0C466
C1A153D9
C1A1E129
C1A26C60
C1A2F588
C1A37CAB
C1A401D3
C1A4850B
C1A5065F
C1A585DB
C1A6038B
C1A67F7A
C1A6F9B6
C1A7724B
C1A7E945
C08B534A
C08B69DE
C08B814B
C08B9998
C08BB2CE
C08BCCF6
C08BE817
C08C043C
C08C216F
C08C3FB9
C08C5F24
C08C7FBC
C08CA18B
C08CC49D
C08CE8FE
C08D0EBB
C08D35DF
C08D5E7A
C08D8898
C08DB449
C08DE19A
C08E109B
C08E415D
C08E73F1
C08EA866
C08EDED1
C08F1742
C08F51CD
C08F8E87
C08FCD85
C0900EDB
C09052A0
C09098EB
C090E1D6
C0912D77
C0917BEA
C091CD49
C09221B0
C092793C
C092D40C
C093323D
C09393F0
C093F947
C0946264
C094CF6B
C0954081
C095B5CC
C0962F75
C096ADA3
C0973083
C097B83F
C0984506
C098D706
C0996E6F
C09A0B74
C09AAE49
C09B5722
C09C0636
C09CBBBE
C09D77F3
C09E3B12
C09F0556
C09FD6FF
C0A0B04C
C0A19180
C0A27ADC
C0A36CA5
C0A46720
C0A56A94
C0A67747
C0A78D82
C0A8AD8D
C0A9D7B2
C0AB0C39
C0AC4B6D
C0AD9596
C0AEEAFD
C0B04BE9
C0B1B8A2
C0B3316C
C0B4B68A
C0B6483F
C0B7E6C8
C0B99262
C0BB4B44
C0BD11A3
C0BEE5AF
C0C0C794
C0C2B77A
C0C4B580
C0C6C1C4
C0C8DC5A
C0CB0552
C0CD3CB5
C0CF8284
C0D1D6BC
C0D4394F
C0D6AA2B
C0D92936
C0DBB64E
C0DE514B
C0E0F9FE
C0E3B032
C0E673AB
C0E94428
C0EC2161
C0EF0B0A
C0F200D4
C0F50267
C0F80F6E
C0FB278A
C0FE4A5F
C100BBC6
C1025757
C103F7B2
C1059CA4
C10745FB
C108F386
C10AA512
C10C5A6F
C10E136D
C10FCFDB
C1118F8B
C113524F
C11517FB
C116E062
C118AB5C
C11A78BF
C11C4863
C11E1A23
C11FEDDA
C121C365
C1239AA1
C125736F
C1274DAE
C1292941
C12B060B
C12CE3F1
C12EC2D9
C130A2A9
C1328349
C13464A3
C13646A0
C138292B
C13A0C30
C13BEF9C
C13DD35B
C13FB75C
C1419B8D
C1437FDE
C145643F
C14748A0
C1492CF1
C14B1124
C14CF52A
C14ED8F5
C150BC78
C1529FA3
C154826B
C15664C0
C1584697
C15A27E1
C15C0891
C15DE89A
C15FC7EF
C161A681
C1638443
C1656128
C1673D20
C169181F
C16AF214
C16CCAF2
C16EA2A8
C1707928
C1724E62
C1742244
C175F4BE
C177C5BF
C1799535
C17B630D
C17D2F36
C17EF99B
C1806114
C1814466
C18226B7
C18307FD
C183E82E
C184C73E
C185A521
C18681CD
C1875D35
C188374D
C1891009
C189E75D
C18ABD3C
C18B9199
C18C6469
C18D359E
C18E052B
C18ED305
C18F9F1E
C190696B
C19131DF
C191F86F
C192BD0F
C1937FB4
C1944054
C194FEE3
C195BB5A
C19675AE
C1972DD8
C197E3CF
C198978D
C199490D
C199F848
C19AA53B
C19B4FE3
C19BF83C
C19C9E46
C19D41FF
C19DE369
C19E8286
C19F1F56
C19FB9DF
C1A05223
C1A0E829
C1A17BF6
C1A20D91
C1A29D02
C1A32A51
C1A3B586
C1A43EAD
C1A4C5CE
C1A54AF5
C1A5CE2C
C1A64F7F
C1A6CEFA
C1A74CA8
C1A7C897
C1A842D1
C1A8BB65
C08C8D06
C08CA39B
C08CBB09
C08CD357
C08CEC8D
C08D06B6
C08D21D8
C08D3DFE
C08D5B32
C08D797C
C08D98E9
C08DB981
C08DDB52
C08DFE65
C08E22C7
C08E4885
C08E6FAB
C08E9847
C08EC267
C08EEE18
C08F1B6B
C08F4A6E
C08F7B32
C08FADC7
C08FE23E
C09018AA
C090511D
C0908BAB
C090C867
C0910766
C09148BE
C0918C86
C091D2D4
C0921BC0
C0926764
C092B5DA
C093073C
C0935BA6
C093B335
C0940E07
C0946C3C
C094CDF2
C095334D
C0959C6D
C0960978
C0967A92
C096EFE1
C097698E
C097E7C1
C0986AA5
C098F266
C0997F31
C09A1136
C09AA8A5
C09B45B0
C09BE88A
C09C9169
C09D4083
C09DF612
C09EB24E
C09F7573
C0A03FBE
C0A1116F
C0A1EAC4
C0A2CBFF
C0A3B564
C0A4A736
C0A5A1BA
C0A6A537
C0A7B1F4
C0A8C839
C0A9E84F
C0AB127F
C0AC4712
C0AD8651
C0AED086
C0B025FA
C0B186F4
C0B2F3BA
C0B46C92
C0B5F1C0
C0B78384
C0B9221E
C0BACDC8
C0BC86BB
C0BE4D2D
C0C0214C
C0C20345
C0C3F33F
C0C5F15A
C0C7FDB4
C0CA1861
C0CC4171
C0CE78EC
C0D0BED6
C0D31328
C0D575D8
C0D7E6D1
C0DA65FA
C0DCF331
C0DF8E4F
C0E23724
C0E4ED7B
C0E7B119
C0EA81BB
C0ED5F1C
C0F048EF
C0F33EE3
C0F640A3
C0F94DD8
C0FC6625
C0FF892C
C1015B47
C102F6F3
C104976A
C1063C79
C107E5EF
C109939A
C10B4547
C10CFAC7
C10EB3E9
C110707C
C1123053
C113F340
C115B915
C11781A9
C1194CD0
C11B1A63
C11CEA39
C11EBC2C
C1209019
C12265DC
C1243D52
C126165C
C127F0DB
C129CCB0
C12BA9BF
C12D87EC
C12F671E
C131473C
C133282D
C13509DB
C136EC30
C138CF17
C13AB27B
C13C964A
C13E7A71
C1405EDF
C1424381
C1442848
C1460D23
C147F204
C149D6DB
C14BBB99
C14DA031
C14F8494
C15168B4
C1534C85
C1552FF9
C1571303
C158F595
C15AD7A3
C15CB920
C15E99FE
C1607A31
C16259AC
C1643861
C1661643
C167F344
C169CF56
C16BAA6C
C16D8476
C16F5D66
C171352D
C1730BBC
C174E102
C176B4EF
C1788773
C17A587C
C17C27F9
C17DF5D8
C17FC205
C180C637
C181AA80
C1828DD2
C1837024
C184516B
C185319C
C18610AC
C186EE8F
C187CB3A
C188A6A1
C18980B9
C18A5974
C18B30C6
C18C06A4
C18CDB00
C18DADCE
C18E7F01
C18F4E8D
C1901C65
C190E87C
C191B2C7
C1927B39
C19341C7
C1940665
C194C908
C19589A6
C1964834
C19704A8
C197BEFA
C1987722
C1992D17
C199E0D4
C19A9252
C19B418B
C19BEE7C
C19C9922
C19D4179
C19DE781
C19E8B39
C19F2CA1
C19FCBBC
C1A0688B
C1A10312
C1A19B54
C1A23159
C1A2C524
C1A356BE
C1A3E62D
C1A4737A
C1A4FEAF
C1A587D4
C1A60EF4
C1A6941A
C1A7174F
C1A798A1
C1A8181B
C1A895C8
C1A911B5
C1A98BEF
C08DC6C9
C08DDD5E
C08DF4CD
C08E0D1B
C08E2653
C08E407C
C08E5B9F
C08E77C6
C08E94FA
C08EB346
C08ED2B3
C08EF34D
C08F151E
C08F3833
C08F5C96
C08F8255
C08FA97D
C08FD21A
C08FFC3B
C09027EE
C0905542
C0908446
C090B50C
C090E7A2
C0911C1B
C0915289
C0918AFE
C091C58D
C092024B
C092414D
C09282A7
C092C671
C0930CC1
C09355B0
C093A156
C093EFCE
C0944133
C094959F
C094ED31
C0954807
C095A63E
C09607F8
C0966D56
C096D67A
C0974388
C097B4A6
C09829F9
C098A3AA
C09921E1
C099A4C9
C09A2C8F
C09AB95F
C09B4B69
C09BE2DD
C09C7FED
C09D22CC
C09DCBB1
C09E7AD1
C09F3066
C09FECA8
C0A0AFD4
C0A17A26
C0A24BDE
C0A3253B
C0A4067E
C0A4EFEA
C0A5E1C5
C0A6DC52
C0A7DFD8
C0A8EC9E
C0AA02ED
C0AB230D
C0AC4D47
C0AD81E5
C0AEC130
C0B00B71
C0B160F1
C0B2C1F8
C0B42ECB
C0B5A7B2
C0B72CEE
C0B8BEC1
C0BA5D6A
C0BC0924
C0BDC229
C0BF88AB
C0C15CDD
C0C33EE9
C0C52EF6
C0C72D26
C0C93995
C0CB5458
C0CD7D7F
C0CFB512
C0D1FB15
C0D44F81
C0D6B24B
C0D92360
C0DBA2A6
C0DE2FFB
C0E0CB38
C0E3742E
C0E62AA7
C0E8EE68
C0EBBF30
C0EE9CB7
C0F186B1
C0F47CCE
C0F77EBA
C0FA8C1B
C0FDA496
C10063E7
C101FAB1
C1039677
C1053709
C106DC35
C10885C8
C10A3391
C10BE55F
C10D9B00
C10F5444
C11110FC
C112D0F8
C114940B
C1165A0A
C11822C7
C119EE1B
C11BBBDB
C11D8BE0
C11F5E05
C1213226
C123081E
C124DFCD
C126B911
C12893CC
C12A6FE0
C12C4D31
C12E2BA4
C1300B1D
C131EB85
C133CCC4
C135AEC3
C137916C
C13974AB
C13B586B
C13D3C9A
C13F2124
C14105F9
C142EB08
C144D040
C146B591
C1489AEC
C14A8043
C14C6587
C14E4AAA
C1502F9F
C1521457
C153F8C6
C155DCDF
C157C095
C159A3DB
C15B86A5
C15D68E6
C15F4A91
C1612B99
C1630BF3
C164EB91
C166CA65
C168A864
C16A857E
C16C61A8
C16E3CD2
C17016EF
C171EFEF
C173C7C5
C1759E60
C17773B2
C17947A9
C17B1A35
C17CEB46
C17EBAC9
C1804456
C1812A6F
C1820FA5
C182F3EF
C183D742
C184B995
C1859ADC
C1867B0D
C1875A1C
C18837FF
C18914A9
C189F010
C18ACA26
C18BA2E0
C18C7A31
C18D500D
C18E2468
C18EF734
C18FC865
C19097EF
C19165C5
C19231DB
C192FC24
C193C495
C1948B21
C1954FBD
C196125E
C196D2F9
C1979185
C1984DF8
C1990848
C199C06E
C19A7661
C19B2A1C
C19BDB97
C19C8ACF
C19D37BE
C19DE262
C19E8AB7
C19F30BE
C19FD474
C1A075DB
C1A114F3
C1A1B1C1
C1A24C46
C1A2E488
C1A37A8A
C1A40E54
C1A49FEC
C1A52F5A
C1A5BCA6
C1A647DA
C1A6D0FD
C1A7581C
C1A7DD40
C1A86075
C1A8E1C6
C1A9613E
C1A9DEEA
C1AA5AD7
C08F0091
C08F1727
C08F2E96
C08F46E6
C08F601E
C08F7A48
C08F956C
C08FB194
C08FCEC9
C08FED15
C0900C84
C0902D1E
C0904EF1
C0907206
C090966B
C090BC2B
C090E353
C0910BF2
C0913614
C09161C8
C0918F1E
C091BE24
C091EEEA
C0922182
C09255FD
C0928C6D
C092C4E3
C092FF74
C0933C34
C0937B38
C093BC94
C0940060
C09446B2
C0948FA3
C094DB4C
C09529C7
C0957B2E
C095CF9D
C0962732
C096820A
C096E044
C0974201
C097A762
C0981089
C0987D9B
C098EEBC
C0996413
C099DDC8
C09A5C03
C09ADEF0
C09B66BA
C09BF38F
C09C859D
C09D1D16
C09DBA2B
C09E5D10
C09F05FA
C09FB520
C0A06ABA
C0A12703
C0A1EA35
C0A2B48E
C0A3864D
C0A45FB0
C0A540FB
C0A62A70
C0A71C52
C0A816E7
C0A91A76
C0AA2745
C0AB3D9E
C0AC5DC8
C0AD880C
C0AEBCB5
C0AFFC0A
C0B14657
C0B29BE3
C0B3FCF6
C0B569D6
C0B6E2CA
C0B86814
C0B9F9F5
C0BB98AD
C0BD4477
C0BEFD8C
C0C0C41F
C0C29862
C0C47A80
C0C66AA1
C0C868E4
C0CA7568
C0CC9040
C0CEB97D
C0D0F127
C0D33742
C0D58BC7
C0D7EEAA
C0DA5FDA
C0DCDF3C
C0DF6CAF
C0E2080A
C0E4B11F
C0E767B9
C0EA2B9C
C0ECFC86
C0EFDA32
C0F2C452
C0F5BA97
C0F8BCAC
C0FBCA38
C0FEE2E0
C1010323
C1029A05
C10435E5
C105D691
C1077BD8
C1092587
C10AD36E
C10C855A
C10E3B1B
C10FF480
C111B15A
C113717B
C11534B4
C116FAD9
C118C3BF
C11A8F3C
C11C5D28
C11E2D5C
C11FFFB1
C121D402
C123AA2E
C1258213
C1275B8F
C1293684
C12B12D5
C12CF066
C12ECF1A
C130AED8
C1328F88
C1347111
C136535E
C1383658
C13A19EB
C13BFE03
C13DE28D
C13FC777
C141ACB0
C1439226
C14577CA
C1475D8C
C149435E
C14B292F
C14D0EF3
C14EF49C
C150DA1C
C152BF66
C154A46D
C1568924
C1586D7F
C15A5172
C15C34EF
C15E17EC
C15FFA5B
C161DC30
C163BD5F
C1659DDC
C1677D99
C1695C8A
C16B3AA2
C16D17D4
C16EF412
C170CF4F
C172A97C
C174828C
C1765A6E
C1783115
C17A0670
C17BDA70
C17DAD03
C17F7E1A
C180A6D1
C1818DC5
C18273DF
C1835917
C1843D61
C18520B5
C1860308
C186E44F
C187C480
C188A38F
C1898171
C18A5E1A
C18B3980
C18C1395
C18CEC4D
C18DC39D
C18E9977
C18F6DD0
C190409B
C19111CB
C191E153
C192AF27
C1937B3B
C1944582
C1950DF1
C195D47B
C1969915
C1975BB4
C1981C4E
C198DAD8
C1999748
C19A5196
C19B09BA
C19BBFAC
C19C7365
C19D24DE
C19DD414
C19E8102
C19F2BA4
C19FD3F8
C1A079FC
C1A11DB1
C1A1BF16
C1A25E2D
C1A2FAF9
C1A3957C
C1A42DBC
C1A4C3BD
C1A55786
C1A5E91D
C1A67889
C1A705D4
C1A79106
C1A81A29
C1A8A146
C1A92669
C1A9A99D
C1AA2AEC
C1AAAA64
C1AB280F
C0903A5F
C09050F6
C0906866
C09080B6
C09099EF
C090B419
C090CF3E
C090EB67
C091089D
C09126EA
C0914659
C09166F5
C09188C8
C091ABDF
C091D044
C091F605
C0921D2F
C09245CF
C0926FF2
C0929BA8
C092C8FF
C092F806
C09328CE
C0935B68
C0938FE4
C093C655
C093FECD
C0943960
C0947622
C094B527
C094F685
C0953A53
C09580A8
C095C99B
C0961546
C09663C3
C096B52C
C097099E
C0976136
C097BC11
C0981A4E
C0987C0E
C098E172
C0994A9C
C099B7B1
C09A28D6
C09A9E30
C09B17E9
C09B9628
C09C1919
C09CA0E7
C09D2DC0
C09DBFD3
C09E5750
C09EF46A
C09F9754
C0A04044
C0A0EF6F
C0A1A50F
C0A2615E
C0A32496
C0A3EEF6
C0A4C0BB
C0A59A26
C0A67B78
C0A764F3
C0A856DD
C0A9517B
C0AA5512
C0AB61EA
C0AC784C
C0AD987F
C0AEC2CD
C0AFF780
C0B136E0
C0B28138
C0B3D6CF
C0B537EE
C0B6A4DB
C0B81DDB
C0B9A332
C0BB3522
C0BCD3E8
C0BE7FC1
C0C038E5
C0C1FF89
C0C3D3DD
C0C5B60C
C0C7A63F
C0C9A495
C0CBB12C
C0CDCC19
C0CFF56B
C0D22D2C
C0D4735D
C0D6C7FA
C0D92AF7
C0DB9C40
C0DE1BBD
C0E0A94B
C0E344C3
C0E5EDF7
C0E8A4B0
C0EB68B3
C0EE39C0
C0F1178F
C0F401D4
C0F6F83F
C0F9FA7C
C0FD0831
C1001082
C101A24B
C1033944
C104D53C
C1067602
C1081B63
C109C52D
C10B7330
C10D253A
C10EDB1A
C110949F
C112519A
C11411DD
C115D53A
C1179B84
C1196492
C11B3037
C11CFE4E
C11ECEAD
C120A12F
C12275B1
C1244C0E
C1262426
C127FDD8
C129D906
C12BB591
C12D935E
C12F7251
C1315252
C1333346
C1351517
C136F7AE
C138DAF6
C13ABEDA
C13CA346
C13E8828
C1406D6E
C1425306
C14438E0
C1461EEC
C148051B
C149EB5D
C14BD1A4
C14DB7E3
C14F9E0C
C1518411
C15369E7
C1554F7F
C15734CE
C15919C8
C15AFE60
C15CE28A
C15EC63A
C160A965
C1628BFE
C1646DFA
C1664F4C
C1682FE8
C16A0FC2
C16BEECD
C16DCCFC
C16FAA43
C1718694
C17361E1
C1753C1D
C1771539
C178ED27
C17AC3D7
C17C993B
C17E6D42
C1801FEE
C181087C
C181F042
C182D737
C183BD53
C184A28B
C18586D7
C1866A2B
C1874C7E
C1882DC5
C1890DF5
C189ED03
C18ACAE4
C18BA78D
C18C82F1
C18D5D04
C18E35BC
C18F0D0A
C18FE2E3
C190B73A
C1918A03
C1925B31
C1932AB8
C193F88A
C194C49C
C1958EE1
C196574E
C1971DD6
C197E26E
C198A50C
C19965A3
C19A242B
C19AE09A
C19B9AE6
C19C5308
C19D08F8
C19DBCAF
C19E6E27
C19F1D5B
C19FCA47
C1A074E7
C1A11D39
C1A1C33C
C1A266EF
C1A30852
C1A3A768
C1A44432
C1A4DEB4
C1A576F3
C1A60CF2
C1A6A0BA
C1A7324F
C1A7C1BA
C1A84F04
C1A8DA34
C1A96356
C1A9EA72
C1AA6F94
C1AAF2C7
C1AB7415
C1ABF38B
C0917433
C0918ACA
C091A23B
C091BA8B
C091D3C5
C091EDF0
C0920916
C092253F
C0924276
C09260C4
C0928034
C092A0D1
C092C2A5
C092E5BC
C0930A23
C0932FE5
C0935710
C0937FB1
C093A9D6
C093D58C
C09402E4
C09431ED
C09462B7
C0949552
C094C9CF
C0950042
C09538BC
C0957350
C095B014
C095EF1B
C096307B
C096744B
C096BAA1
C0970397
C0974F44
C0979DC3
C097EF2F
C09843A3
C0989B3D
C098F61B
C099545B
C099B61D
C09A1B84
C09A84B2
C09AF1CA
C09B62F2
C09BD850
C09C520C
C09CD04F
C09D5344
C09DDB16
C09E67F3
C09EFA0A
C09F918C
C0A02EAB
C0A0D19A
C0A17A8F
C0A229BF
C0A2DF65
C0A39BB9
C0A45EF7
C0A5295D
C0A5FB29
C0A6D49A
C0A7B5F3
C0A89F76
C0A99167
C0AA8C0D
C0AB8FAC
C0AC9C8C
C0ADB2F6
C0AED333
C0AFFD8A
C0B13247
C0B271B2
C0B3BC14
C0B511B6
C0B672E0
C0B7DFD9
C0B958E6
C0BADE4A
C0BC7047
C0BE0F1B
C0BFBB02
C0C17435
C0C33AE9
C0C50F4C
C0C6F18D
C0C8E1D1
C0CAE03A
C0CCECE3
C0CF07E4
C0D1314A
C0D36920
C0D5AF68
C0D8041B
C0DA6730
C0DCD893
C0DF5829
C0E1E5D2
C0E48166
C0E72AB7
C0E9E18E
C0ECA5B1
C0EF76DE
C0F254CF
C0F53F37
C0F835C7
C0FB382A
C0FE4607
C100AF82
C1024160
C103D870
C105747F
C107155C
C108BAD7
C10A64BC
C10C12DA
C10DC500
C10F7AFD
C11134A1
C112F1BC
C114B220
C116759F
C1183C0E
C11A0540
C11BD10D
C11D9F4C
C11F6FD5
C1214284
C1231733
C124EDC0
C126C60A
C1289FEF
C12A7B53
C12C5816
C12E361D
C130154D
C131F58D
C133D6C3
C135B8D9
C1379BB7
C1397F49
C13B637B
C13D4838
C13F2D6F
C141130D
C142F900
C144DF3A
C146C5AA
C148AC40
C14A92EF
C14C79A7
C14E605C
C15046FF
C1522D85
C15413E0
C155FA04
C157DFE4
C159C576
C15BAAAC
C15D8F7B
C15F73D8
C16157B7
C1633B0C
C1651DCC
C166FFEB
C168E15C
C16AC215
C16CA209
C16E812B
C1705F6F
C1723CC8
C174192A
C175F486
C177CECE
C179A7F6
C17B7FEE
C17D56A7
C17F2C12
C180800F
C181695F
C18251EF
C18339B7
C18420AE
C18506CA
C185EC03
C186D04F
C187B3A3
C18895F5
C189773C
C18A576B
C18B3679
C18C1459
C18CF100
C18DCC63
C18EA675
C18F7F2B
C1905678
C1912C4F
C19200A5
C192D36C
C193A498
C194741D
C19541EE
C1960DFE
C196D841
C197A0AC
C1986732
C1992BC8
C199EE64
C19AAEF9
C19B6D7F
C19C29EC
C19CE437
C19D9C57
C19E5245
C19F05FA
C19FB770
C1A066A2
C1A1138C
C1A1BE2B
C1A2667B
C1A30C7D
C1A3B02D
C1A45190
C1A4F0A4
C1A58D6D
C1A627EE
C1A6C02A
C1A75629
C1A7E9EF
C1A87B83
C1A90AED
C1A99835
C1AA2365
C1AAAC85
C1AB33A0
C1ABB8C1
C1AC3BF2
C1ACBD40
C092AE0C
C092C4A4
C092DC15
C092F466
C0930DA0
C09327CC
C09342F3
C0935F1D
C0937C55
C0939AA4
C093BA14
C093DAB2
C093FC87
C0941F9F
C0944407
C09469CA
C09490F6
C094B998
C094E3BE
C0950F76
C0953CCF
C0956BD9
C0959CA4
C095CF40
C09603BF
C0963A33
C09672AF
C096AD45
C096EA0A
C0972913
C0976A75
C097AE46
C097F49F
C0983D96
C0988945
C098D7C7
C0992935
C0997DAC
C099D548
C09A3028
C09A8E6B
C09AF030
C09B559A
C09BBECB
C09C2BE6
C09C9D11
C09D1272
C09D8C32
C09E0A78
C09E8D71
C09F1547
C09FA228
C0A03444
C0A0CBCA
C0A168ED
C0A20BE1
C0A2B4DA
C0A36410
C0A419BB
C0A4D615
C0A59959
C0A663C4
C0A73596
C0A80F0E
C0A8F06D
C0A9D9F7
C0AACBF0
C0ABC69D
C0ACCA44
C0ADD72C
C0AEED9F
C0B00DE4
C0B13844
C0B26D0A
C0B3AC7F
C0B4F6EB
C0B64C98
C0B7ADCD
C0B91AD1
C0BA93EA
C0BC195A
C0BDAB64
C0BF4A46
C0C0F63B
C0C2AF7C
C0C4763F
C0C64AB2
C0C82D03
C0CA1D57
C0CC1BD2
C0CE288E
C0D043A1
C0D26D1B
C0D4A506
C0D6EB62
C0D9402C
C0DBA358
C0DE14D2
C0E09481
C0E32244
C0E5BDF3
C0E8675F
C0EB1E54
C0EDE295
C0F0B3E1
C0F391F3
C0F67C7D
C0F97331
C0FC75B8
C0FF83BB
C1014E70
C102E063
C1047788
C10613AD
C107B4A2
C1095A34
C10B0433
C10CB26B
C10E64AC
C1101AC6
C111D487
C11391C1
C1155244
C11715E5
C118DC76
C11AA5CD
C11C71BF
C11E4025
C12010D7
C121E3AF
C123B88B
C1258F45
C12767BF
C12941D6
C12B1D6D
C12CFA66
C12ED8A5
C130B80F
C132988C
C1347A01
C1365C59
C1383F7C
C13A2356
C13C07D2
C13DECDD
C13FD264
C141B857
C1439EA2
C1458538
C1476C07
C1495301
C14B3A17
C14D213C
C14F0862
C150EF7B
C152D67C
C154BD57
C156A400
C1588A6C
C15A708F
C15C565D
C15E3BCB
C16020CD
C1620559
C163E962
C165CCDE
C167AFC0
C16991FF
C16B738D
C16D545F
C16F346A
C17113A1
C172F1F8
C174CF62
C176ABD2
C178873B
C17A618F
C17C3AC1
C17E12C1
C17FE982
C180DF79
C181C983
C182B2D4
C1839B66
C184832F
C1856A27
C1865044
C187357D
C18819C9
C188FD1D
C189DF6F
C18AC0B5
C18BA0E3
C18C7FF0
C18D5DCF
C18E3A75
C18F15D6
C18FEFE7
C190C89B
C1919FE7
C19275BC
C1934A10
C1941CD6
C194EE00
C195BD83
C1968B52
C1975760
C19821A1
C198EA0A
C199B08E
C19A7523
C19B37BC
C19BF850
C19CB6D4
C19D733F
C19E2D88
C19EE5A6
C19F9B92
C1A04F46
C1A100BA
C1A1AFEB
C1A25CD3
C1A30770
C1A3AFBE
C1A455BF
C1A4F96E
C1A59ACF
C1A639E2
C1A6D6A9
C1A77128
C1A80964
C1A89F61
C1A93325
C1A9C4B8
C1AA5421
C1AAE168
C1AB6C96
C1ABF5B6
C1AC7CD0
C1AD01EF
C1AD8520
C093E7EA
C093FE83
C09415F4
C0942E46
C0944781
C09461AD
C0947CD5
C09498FF
C094B638
C094D488
C094F3F9
C0951498
C095366D
C0955987
C0957DEF
C095A3B3
C095CAE0
C095F383
C0961DAA
C0964963
C09676BE
C096A5C9
C096D695
C0970933
C0973DB3
C0977429
C097ACA6
C097E73D
C0982404
C098630E
C098A472
C098E845
C0992EA0
C0997799
C099C34B
C09A11CE
C09A633E
C09AB7B7
C09B0F56
C09B6A39
C09BC87E
C09C2A46
C09C8FB2
C09CF8E6
C09D6604
C09DD732
C09E4C97
C09EC65A
C09F44A4
C09FC7A0
C0A04F79
C0A0DC5F
C0A16E7E
C0A20609
C0A2A330
C0A34629
C0A3EF27
C0A49E61
C0A55411
C0A61070
C0A6D3BA
C0A79E2B
C0A87003
C0A94981
C0AA2AE7
C0AB1477
C0AC0677
C0AD012B
C0AE04D9
C0AF11CA
C0B02844
C0B14892
C0B272FB
C0B3A7CA
C0B4E748
C0B631BE
C0B78775
C0B8E8B5
C0BA55C4
C0BBCEE8
C0BD5464
C0BEE67A
C0C08569
C0C2316B
C0C3EABB
C0C5B18B
C0C7860E
C0C9686E
C0CB58D3
C0CD575E
C0CF642C
C0D17F51
C0D3A8DE
C0D5E0DC
C0D8274D
C0DA7C2C
C0DCDF6E
C0DF50FF
C0E1D0C7
C0E45EA2
C0E6FA6B
C0E9A3F2
C0EC5B02
C0EF1F61
C0F1F0CB
C0F4CEFC
C0F7B9A7
C0FAB07C
C0FDB327
C10060A8
C101ED4D
C1037F54
C105168D
C106B2C8
C10853D3
C109F97D
C10BA393
C10D51E5
C10F0440
C110BA75
C1127453
C11431AA
C115F24C
C117B60D
C1197CBF
C11B4638
C11D124E
C11EE0DA
C120B1B3
C12284B4
C12459B9
C12630A0
C1280947
C129E38E
C12BBF56
C12D9C83
C12F7AF8
C1315A9A
C1333B51
C1351D03
C136FF9A
C138E2FF
C13AC71E
C13CABE2
C13E9137
C140770C
C1425D4F
C14443F0
C1462ADD
C1481208
C149F961
C14BE0DB
C14DC868
C14FAFFA
C1519785
C1537EFB
C1556651
C1574D7B
C159346C
C15B1B1B
C15D017A
C15EE780
C160CD21
C162B251
C1649707
C1667B37
C1685ED5
C16A41D8
C16C2433
C16E05DB
C16FE6C4
C171C6E4
C173A62E
C1758495
C177620E
C1793E8B
C17B19FF
C17CF45E
C17ECD98
C18052D0
C1813E33
C18228EE
C18312FA
C183FC4D
C184E4E0
C185CCAA
C186B3A2
C18799C0
C1887EF9
C1896345
C18A4698
C18B28EA
C18C0A2F
C18CEA5C
C18DC968
C18EA746
C18F83EA
C1905F4A
C191395A
C192120C
C192E956
C193BF2A
C194937C
C1956640
C1963768
C19706E9
C197D4B6
C198A0C2
C1996B02
C19A3369
C19AF9EB
C19BBE7E
C19C8116
C19D41A8
C19E002A
C19EBC93
C19F76DA
C1A02EF6
C1A0E4E1
C1A19893
C1A24A05
C1A2F934
C1A3A61B
C1A450B6
C1A4F904
C1A59F02
C1A642B1
C1A6E40F
C1A78320
C1A81FE6
C1A8BA64
C1A9529F
C1A9E89B
C1AA7C5E
C1AB0DEF
C1AB9D57
C1AC2A9D
C1ACB5CA
C1AD3EE8
C1ADC601
C1AE4B20
C09521CD
C0953866
C0954FD8
C095682B
C0958166
C0959B93
C095B6BB
C095D2E7
C095F020
C0960E70
C0962DE3
C0964E82
C0967059
C0969373
C096B7DC
C096DDA1
C09704CF
C0972D73
C097579B
C0978355
C097B0B1
C097DFBD
C098108B
C098432A
C09877AB
C098AE22
C098E6A1
C099213A
C0995E02
C0999D0E
C099DE73
C09A2248
C09A68A5
C09AB1A0
C09AFD53
C09B4BD9
C09B9D4B
C09BF1C6
C09C4967
C09CA44C
C09D0294
C09D645E
C09DC9CE
C09E3304
C09EA025
C09F1156
C09F86BE
C0A00084
C0A07ED1
C0A101D0
C0A189AE
C0A21697
C0A2A8BA
C0A34049
C0A3DD75
C0A48071
C0A52974
C0A5D8B3
C0A68E68
C0A74ACC
C0A80E1B
C0A8D892
C0A9AA6F
C0AA83F3
C0AB655F
C0AC4EF6
C0AD40FC
C0AE3BB7
C0AF3F6D
C0B04C65
C0B162E7
C0B2833C
C0B3ADAE
C0B4E286
C0B6220D
C0B76C8D
C0B8C24D
C0BA2397
C0BB90B1
C0BD09E0
C0BE8F68
C0C0218A
C0C1C085
C0C36C94
C0C525F1
C0C6ECCF
C0C8C160
C0CAA3CF
C0CC9444
C0CE92DF
C0D09FBD
C0D2BAF4
C0D4E494
C0D71CA5
C0D96329
C0DBB81D
C0DE1B74
C0E08D1B
C0E30CF9
C0E59AED
C0E836CF
C0EAE070
C0ED979B
C0F05C15
C0F32D9D
C0F60BEC
C0F8F6B6
C0FBEDAC
C0FEF079
C100FF62
C1028C19
C1041E34
C105B581
C10751D1
C108F2F1
C10A98B1
C10C42DF
C10DF149
C10FA3BD
C1115A0C
C1131405
C114D178
C1169238
C1185617
C11A1CEA
C11BE684
C11DB2BD
C11F816C
C121526A
C1232593
C124FAC0
C126D1D1
C128AAA4
C12A8519
C12C6111
C12E3E6F
C1301D18
C131FCF0
C133DDDF
C135BFCB
C137A29F
C1398644
C13B6AA4
C13D4FAC
C13F354A
C1411B69
C14301FA
C144E8EB
C146D02D
C148B7B0
C14A9F65
C14C873F
C14E6F2F
C1505729
C1523F20
C1542707
C1560ED3
C157F678
C159DDEA
C15BC51E
C15DAC09
C15F92A0
C16178D9
C1635EA8
C1654403
C16728DF
C1690D32
C16AF0F0
C16CD40F
C16EB684
C1709843
C1727942
C1745974
C17638CF
C1781745
C179F4CB
C17BD153
C17DACD2
C17F8738
C180B03D
C1819C44
C18287AA
C1837267
C1845C74
C18545C9
C1862E5D
C1871628
C187FD20
C188E33E
C189C877
C18AACC2
C18B9015
C18C7266
C18D53AA
C18E33D6
C18F12E1
C18FF0BD
C190CD61
C191A8BF
C19282CD
C1935B7E
C19432C6
C1950898
C195DCE8
C196AFAA
C19780D1
C1985050
C1991E1B
C199EA26
C19AB463
C19B7CC8
C19C4349
C19D07DA
C19DCA6F
C19E8B00
C19F4980
C1A005E7
C1A0C02D
C1A17847
C1A22E30
C1A2E1E0
C1A39351
C1A4427F
C1A4EF64
C1A599FE
C1A64249
C1A6E846
C1A78BF3
C1A82D51
C1A8CC60
C1A96925
C1AA03A2
C1AA9BDB
C1AB31D5
C1ABC597
C1AC5728
C1ACE68E
C1AD73D3
C1ADFEFF
C1AE881C
C1AF0F34
C0965BB5
C096724E
C09689C1
C096A214
C096BB50
C096D57E
C096F0A6
C0970CD3
C0972A0C
C097485E
C09767D1
C0978871
C097AA48
C097CD63
C097F1CD
C0981794
C0983EC2
C0986767
C0989190
C098BD4B
C098EAA8
C09919B6
C0994A84
C0997D24
C099B1A8
C099E820
C09A209F
C09A5B3A
C09A9804
C09AD711
C09B1878
C09B5C4F
C09BA2AD
C09BEBAA
C09C375F
C09C85E7
C09CD75B
C09D2BD8
C09D837C
C09DDE63
C09E3CAD
C09E9E7A
C09F03EB
C09F6D24
C09FDA48
C0A04B7C
C0A0C0E7
C0A13AB0
C0A1B900
C0A23C03
C0A2C3E4
C0A350D1
C0A3E2F8
C0A47A8A
C0A517BA
C0A5BABB
C0A663C2
C0A71306
C0A7C8BF
C0A88528
C0A9487C
C0AA12F8
C0AAE4DB
C0ABBE65
C0AC9FD7
C0AD8974
C0AE7B81
C0AF7642
C0B079FF
C0B186FE
C0B29D87
C0B3BDE5
C0B4E85F
C0B61D3F
C0B75CCE
C0B8A757
C0B9FD21
C0BB5E75
C0BCCB99
C0BE44D2
C0BFCA65
C0C15C93
C0C2FB99
C0C4A7B5
C0C6611F
C0C8280B
C0C9FCA9
C0CBDF27
C0CDCFAA
C0CFCE55
C0D1DB44
C0D3F68C
C0D6203D
C0D85860
C0DA9EF7
C0DCF3FE
C0DF576A
C0E1C927
C0E4491B
C0E6D726
C0E9731F
C0EC1CD9
C0EED41E
C0F198B3
C0F46A56
C0F748C2
C0FA33AB
C0FD2AC0
C10016D7
C1019E0D
C1032AD6
C104BD03
C1065464
C107F0C7
C10991FC
C10B37D2
C10CE216
C10E9097
C1104323
C111F98B
C113B39E
C115712D
C1173209
C118F606
C11ABCF7
C11C86B1
C11E530B
C12021DD
C121F2FF
C123C64D
C1259BA2
C12772DC
C1294BD9
C12B2679
C12D029F
C12EE02D
C130BF07
C1329F13
C1348038
C136625C
C138456A
C13A294B
C13C0DEB
C13DF336
C13FD917
C141BF7F
C143A65A
C1458D99
C147752C
C1495D03
C14B4510
C14D2D46
C14F1596
C150FDF3
C152E652
C154CEA6
C156B6E3
C1589EFD
C15A86EA
C15C6E9E
C15E560F
C1603D32
C16223FC
C1640A63
C165F05C
C167D5DE
C169BADD
C16B9F4F
C16D832A
C16F6663
C17148F0
C1732AC4
C1750BD5
C176EC18
C178CB82
C17AAA05
C17C8796
C17E6429
C1801FD8
C1810D0F
C181F9B3
C182E5BD
C183D125
C184BBE4
C185A5F2
C1868F48
C18777DC
C1885FA7
C18946A0
C18A2CBE
C18B11F6
C18BF641
C18CD993
C18DBBE3
C18E9D26
C18F7D51
C1905C5A
C1913A35
C19216D7
C192F234
C193CC40
C194A4F0
C1957C36
C1965206
C1972655
C197F915
C198CA3A
C19999B7
C19A6780
C19B3389
C19BFDC5
C19CC628
C19D8CA7
C19E5136
C19F13CA
C19FD458
C1A092D7
C1A14F3D
C1A20980
C1A2C199
C1A37780
C1A42B2F
C1A4DC9E
C1A58BCA
C1A638AD
C1A6E345
C1A78B90
C1A8318B
C1A8D537
C1A97693
C1AA15A1
C1AAB265
C1AB4CE0
C1ABE518
C1AC7B11
C1AD0ED2
C1ADA061
C1AE2FC7
C1AEBD0A
C1AF4835
C1AFD151
C09795A1
C097AC3B
C097C3AE
C097DC02
C097F53F
C0980F6D
C0982A96
C09846C3
C09863FD
C098824F
C098A1C3
C098C264
C098E43C
C0990758
C0992BC3
C099518A
C09978BA
C099A160
C099CB89
C099F746
C09A24A3
C09A53B2
C09A8482
C09AB723
C09AEBA7
C09B2221
C09B5AA2
C09B953E
C09BD209
C09C1118
C09C5281
C09C9659
C09CDCB9
C09D25B7
C09D716E
C09DBFF8
C09E116E
C09E65ED
C09EBD93
C09F187C
C09F76C8
C09FD898
C0A03E0C
C0A0A747
C0A1146E
C0A185A5
C0A1FB12
C0A274DE
C0A2F332
C0A37638
C0A3FE1C
C0A48B0C
C0A51D37
C0A5B4CD
C0A65200
C0A6F505
C0A79E10
C0A84D59
C0A90317
C0A9BF84
C0AA82DD
C0AB4D5E
C0AC1F47
C0ACF8D6
C0ADDA4D
C0AEC3F1
C0AFB603
C0B0B0CB
C0B1B48E
C0B2C195
C0B3D825
C0B4F88A
C0B6230C
C0B757F4
C0B8978C
C0B9E21D
C0BB37F1
C0BC994E
C0BE067C
C0BF7FBF
C0C1055D
C0C29795
C0C436A7
C0C5E2CF
C0C79C45
C0C9633E
C0CB37EA
C0CD1A75
C0CF0B07
C0D109C1
C0D316BF
C0D53217
C0D75BD9
C0D9940E
C0DBDAB7
C0DE2FD1
C0E09351
C0E30522
C0E5852B
C0E8134C
C0EAAF5C
C0ED592E
C0F0108C
C0F2D53B
C0F5A6F9
C0F88581
C0FB7087
C0FE67BA
C100B563
C1023CAA
C103C985
C1055BC3
C106F336
C1088FAC
C10A30F5
C10BD6DF
C10D8139
C10F2FD0
C110E274
C11298F4
C1145320
C11610C9
C117D1C1
C11995DA
C11B5CE8
C11D26C1
C11EF33B
C120C22E
C1229373
C12466E5
C1263C5F
C12813C0
C129ECE5
C12BC7B0
C12DA402
C12F81BE
C13160C8
C1334105
C135225D
C13704B8
C138E7FE
C13ACC19
C13CB0F6
C13E967F
C1407CA3
C142634F
C1444A72
C14631FC
C14819DC
C14A0204
C14BEA66
C14DD2F4
C14FBB9F
C151A45D
C1538D1F
C15575DB
C1575E84
C159470F
C15B2F72
C15D17A1
C15EFF92
C160E73B
C162CE91
C164B589
C1669C1A
C168823B
C16A67DF
C16C4CFE
C16E318D
C1701582
C171F8D2
C173DB73
C175BD5B
C1779E7D
C1797ECF
C17B5E45
C17D3CD4
C17F1A6F
C1807B85
C181694C
C1825687
C183432D
C1842F39
C1851AA3
C1860563
C186EF73
C187D8C9
C188C15E
C189A929
C18A9022
C18B763F
C18C5B77
C18D3FC1
C18E2312
C18F0561
C18FE6A3
C190C6CD
C191A5D4
C19283AE
C193604E
C1943BAA
C19515B4
C195EE62
C196C5A6
C1979B75
C1986FC2
C1994280
C19A13A3
C19AE31E
C19BB0E6
C19C7CED
C19D4727
C19E0F88
C19ED605
C19F9A92
C1A05D24
C1A11DB1
C1A1DC2E
C1A29892
C1A352D4
C1A40AEB
C1A4C0D1
C1A5747D
C1A625EC
C1A6D516
C1A781F8
C1A82C8F
C1A8D4D8
C1A97AD1
C1AA1E7B
C1AABFD7
C1AB5EE3
C1ABFBA5
C1AC9620
C1AD2E56
C1ADC44E
C1AE580E
C1AEE99C
C1AF7900
C1B00643
C1B0916D
C098CF92
C098E62C
C098FDA0
C09915F4
C0992F32
C0994960
C099648A
C09980B8
C0999DF3
C099BC45
C099DBBA
C099FC5B
C09A1E34
C09A4151
C09A65BD
C09A8B84
C09AB2B5
C09ADB5C
C09B0587
C09B3144
C09B5EA3
C09B8DB2
C09BBE83
C09BF125
C09C25AB
C09C5C26
C09C94A8
C09CCF45
C09D0C12
C09D4B22
C09D8C8C
C09DD066
C09E16C7
C09E5FC8
C09EAB81
C09EFA0C
C09F4B84
C09FA005
C09FF7AD
C0A05298
C0A0B0E6
C0A112B8
C0A1782F
C0A1E16C
C0A24E96
C0A2BFCF
C0A3353F
C0A3AF0E
C0A42D65
C0A4B06E
C0A53855
C0A5C548
C0A65777
C0A6EF10
C0A78C48
C0A82F51
C0A8D860
C0A987AC
C0AA3D6F
C0AAF9E1
C0ABBD3E
C0AC87C4
C0AD59B2
C0AE3346
C0AF14C3
C0AFFE6C
C0B0F085
C0B1EB53
C0B2EF1D
C0B3FC29
C0B512C1
C0B6332D
C0B75DB6
C0B892A6
C0B9D246
C0BB1CE0
C0BC72BC
C0BDD422
C0BF415A
C0C0BAA7
C0C2404F
C0C3D292
C0C571AF
C0C71DE2
C0C8D764
C0CA9E69
C0CC7322
C0CE55BB
C0D0465A
C0D24523
C0D45230
C0D66D97
C0D89769
C0DACFAF
C0DD166A
C0DF6B96
C0E1CF28
C0E4410D
C0E6C12B
C0E94F61
C0EBEB88
C0EE9570
C0F14CE6
C0F411AE
C0F6E386
C0F9C229
C0FCAD4B
C0FFA49B
C10153E3
C102DB3A
C1046824
C105FA73
C10791F8
C1092E81
C10ACFDD
C10C75DB
C10E2049
C10FCEF6
C11181B0
C1133848
C114F28C
C116B04E
C1187160
C11A3594
C11BFCBF
C11DC6B5
C11F934E
C1216261
C12333C7
C125075B
C126DCF9
C128B47F
C12A8DCC
C12C68BF
C12E453B
C1302323
C132025B
C133E2C8
C135C452
C137A6E0
C1398A5C
C13B6EAF
C13D53C6
C13F398D
C1411FF0
C14306DE
C144EE45
C146D617
C148BE42
C14AA6B8
C14C8F6A
C14E784C
C1506150
C1524A69
C154338B
C1561CAA
C15805BB
C159EEB3
C15BD787
C15DC02C
C15FA898
C16190C1
C163789C
C1656021
C1674744
C1692DFC
C16B143F
C16CFA03
C16EDF3F
C170C3E8
C172A7F4
C1748B59
C1766E0D
C1785005
C17A3136
C17C1195
C17DF117
C17FCFAF
C180D6AA
C181C4FB
C182B2C6
C183A003
C1848CAB
C18578B9
C1866424
C1874EE6
C18838F6
C189224C
C18A0AE1
C18AF2AC
C18BD9A5
C18CBFC1
C18DA4F9
C18E8941
C18F6C92
C1904EDF
C1913020
C1921049
C192EF4F
C193CD27
C194A9C6
C1958520
C1965F28
C19737D4
C1980F17
C198E4E4
C199B92F
C19A8BEB
C19B5D0C
C19C2C86
C19CFA4C
C19DC651
C19E9089
C19F58E8
C1A01F64
C1A0E3EF
C1A1A67F
C1A2670A
C1A32586
C1A3E1E8
C1A49C28
C1A5543E
C1A60A22
C1A6BDCD
C1A76F3A
C1A81E62
C1A8CB43
C1A975D8
C1AA1E20
C1AAC418
C1AB67C1
C1AC091B
C1ACA826
C1AD44E7
C1ADDF60
C1AE7795
C1AF0D8C
C1AFA14B
C1B032D8
C1B0C23B
C1B14F7D
C09A0986
C09A2022
C09A3796
C09A4FEB
C09A6928
C09A8358
C09A9E82
C09ABAB0
C09AD7EC
C09AF63F
C09B15B4
C09B3656
C09B5830
C09B7B4D
C09B9FBA
C09BC583
C09BECB4
C09C155C
C09C3F87
C09C6B46
C09C98A5
C09CC7B6
C09CF888
C09D2B2B
C09D5FB2
C09D962E
C09DCEB2
C09E0950
C09E461E
C09E8530
C09EC69B
C09F0A77
C09F50D9
C09F99DB
C09FE596
C0A03423
C0A0859D
C0A0DA20
C0A131C9
C0A18CB6
C0A1EB07
C0A24CDB
C0A2B254
C0A31B94
C0A388C0
C0A3F9FC
C0A46F6E
C0A4E940
C0A56799
C0A5EAA5
C0A67290
C0A6FF86
C0A791B8
C0A82955
C0A8C690
C0A9699D
C0AA12B0
C0AAC200
C0AB77C7
C0AC343E
C0ACF7A0
C0ADC22A
C0AE941C
C0AF6DB6
C0B04F38
C0B138E7
C0B22B05
C0B325D9
C0B429A9
C0B536BC
C0B64D5B
C0B76DCE
C0B8985E
C0B9CD55
C0BB0CFD
C0BC579F
C0BDAD84
C0BF0EF2
C0C07C33
C0C1F58A
C0C37B3B
C0C50D88
C0C6ACB0
C0C858EE
C0CA127B
C0CBD98C
C0CDAE52
C0CF90F7
C0D181A4
C0D3807B
C0D58D96
C0D7A90D
C0D9D2EE
C0DC0B44
C0DE5210
C0E0A74E
C0E30AF2
C0E57CEA
C0E7FD1C
C0EA8B66
C0ED27A2
C0EFD1A1
C0F2892D
C0F54E0D
C0F81FFE
C0FAFEBB
C0FDE9F7
C10070B2
C101F256
C10379BC
C10506B6
C1069915
C10830AB
C109CD45
C10B6EB4
C10D14C5
C10EBF47
C1106E08
C11220D8
C113D786
C11591E2
C1174FBC
C11910E7
C11AD535
C11C9C7B
C11E668E
C1203344
C1220276
C123D3FC
C125A7B1
C1277D72
C129551C
C12B2E8E
C12D09A9
C12EE64D
C130C45F
C132A3C3
C134845E
C1366617
C13848D7
C13A2C86
C13C1110
C13DF65F
C13FDC60
C141C300
C143AA2D
C14591D7
C14779EC
C149625F
C14B4B20
C14D3420
C14F1D53
C15106AB
C152F01C
C154D99A
C156C319
C158AC8E
C15A95EE
C15C7F2E
C15E6844
C1605126
C16239CA
C1642225
C1660A2F
C167F1DE
C169D927
C16BC002
C16DA665
C16F8C46
C171719C
C173565C
C1753A7E
C1771DF6
C17900BA
C17AE2C1
C17CC3FF
C17EA46A
C18041FB
C181314C
C1822021
C1830E76
C183FC43
C184E982
C185D62D
C186C23C
C187ADA8
C188986A
C189827B
C18A6BD1
C18B5466
C18C3C31
C18D2329
C18E0944
C18EEE7B
C18FD2C3
C190B612
C191985E
C192799E
C19359C5
C19438C9
C19516A0
C195F33D
C196CE95
C197A89C
C1988147
C1995887
C19A2E53
C19B029C
C19BD556
C19CA676
C19D75EE
C19E43B1
C19F0FB5
C19FD9EB
C1A0A249
C1A168C2
C1A22D4C
C1A2EFDB
C1A3B064
C1A46EDE
C1A52B3E
C1A5E57D
C1A69D91
C1A75373
C1A8071D
C1A8B888
C1A967AF
C1AA148F
C1AABF23
C1AB6769
C1AC0D60
C1ACB108
C1AD525F
C1ADF16A
C1AE8E2A
C1AF28A2
C1AFC0D6
C1B056CC
C1B0EA89
C1B17C15
C1B20B78
C09B4380
C09B5A1B
C09B7190
C09B89E5
C09BA323
C09BBD53
C09BD87E
C09BF4AD
C09C11E9
C09C303D
C09C4FB3
C09C7055
C09C9230
C09CB54E
C09CD9BB
C09CFF85
C09D26B7
C09D4F5F
C09D798C
C09DA54B
C09DD2AC
C09E01BD
C09E3290
C09E6535
C09E99BD
C09ED03A
C09F08BE
C09F435E
C09F802D
C09FBF40
C0A000AD
C0A0448A
C0A08AEE
C0A0D3F2
C0A11FAE
C0A16E3C
C0A1BFB8
C0A2143D
C0A26BE8
C0A2C6D8
C0A3252A
C0A38700
C0A3EC7B
C0A455BE
C0A4C2EC
C0A5342A
C0A5A99F
C0A62374
C0A6A1D0
C0A724DF
C0A7ACCC
C0A839C6
C0A8CBFB
C0A9639B
C0AA00DA
C0AAA3EA
C0AB4D01
C0ABFC55
C0ACB220
C0AD6E9A
C0AE3201
C0AEFC90
C0AFCE87
C0B0A825
C0B189AD
C0B27361
C0B36585
C0B4605E
C0B56434
C0B6714D
C0B787F2
C0B8A86C
C0B9D303
C0BB0802
C0BC47B1
C0BD925B
C0BEE847
C0C049BE
C0C1B707
C0C33068
C0C4B622
C0C64879
C0C7E7AB
C0C993F4
C0CB4D8C
C0CD14A8
C0CEE97A
C0D0CC2C
C0D2BCE6
C0D4BBC9
C0D6C8F3
C0D8E478
C0DB0E68
C0DD46CE
C0DF8DAA
C0E1E2F9
C0E446AE
C0E6B8B8
C0E938FD
C0EBC75B
C0EE63AB
C0F10DBF
C0F3C562
C0F68A59
C0F95C62
C0FC3B37
C0FF268E
C1010F0A
C10290BC
C1041831
C105A53A
C10737A9
C108CF4F
C10A6BFB
C10C0D7B
C10DB39E
C10F5E33
C1110D09
C112BFED
C11476B0
C1163122
C117EF14
C119B057
C11B74BF
C11D3C1F
C11F064D
C120D31F
C122A26E
C1247413
C12647E9
C1281DCB
C129F597
C12BCF2D
C12DAA6D
C12F8739
C1316573
C1334501
C13525C8
C13707AF
C138EA9F
C13ACE80
C13CB33D
C13E98C2
C1407EFB
C14265D5
C1444D3F
C1463528
C1481D80
C14A0637
C14BEF40
C14DD88B
C14FC20B
C151ABB4
C153957A
C1557F50
C157692A
C15952FF
C15B3CC3
C15D266B
C15F0FED
C160F940
C162E25A
C164CB31
C166B3BB
C1689BEF
C16A83C4
C16C6B31
C16E522C
C17038AB
C1721EA6
C1740413
C175E8E9
C177CD1D
C179B0A6
C17B9379
C17D758D
C17F56D7
C1809BA6
C1818B70
C1827AC5
C183699D
C18457F5
C18545C4
C1863305
C1871FB1
C1880BC1
C188F72E
C189E1F1
C18ACC01
C18BB558
C18C9DEC
C18D85B7
C18E6CAE
C18F52C9
C19037FE
C1911C45
C191FF93
C192E1DE
C193C31B
C194A341
C1958244
C1966019
C1973CB5
C198180B
C198F211
C199CAB9
C19AA1F8
C19B77C1
C19C4C09
C19D1EC2
C19DEFDF
C19EBF55
C19F8D17
C1A05919
C1A1234D
C1A1EBAA
C1A2B221
C1A376A9
C1A43936
C1A4F9BE
C1A5B836
C1A67495
C1A72ED2
C1A7E6E5
C1A89CC6
C1A9506E
C1AA01D7
C1AAB0FD
C1AB5DDC
C1AC086E
C1ACB0B4
C1AD56A8
C1ADFA4F
C1AE9BA7
C1AF3AAE
C1AFD76E
C1B071E4
C1B10A17
C1B1A00C
C1B233C9
C1B2C554
C09C7D7C
C09C9419
C09CAB8E
C09CC3E3
C09CDD22
C09CF753
C09D127E
C09D2EAD
C09D4BEA
C09D6A3E
C09D89B5
C09DAA58
C09DCC33
C09DEF52
C09E13C0
C09E398A
C09E60BD
C09E8967
C09EB394
C09EDF54
C09F0CB5
C09F3BC8
C09F6C9C
C09F9F42
C09FD3CA
C0A00A48
C0A042CE
C0A07D6F
C0A0BA40
C0A0F954
C0A13AC2
C0A17EA0
C0A1C506
C0A20E0B
C0A259C9
C0A2A859
C0A2F9D6
C0A34E5D
C0A3A60A
C0A400FB
C0A45F50
C0A4C128
C0A526A5
C0A58FE9
C0A5FD1A
C0A66E5A
C0A6E3D2
C0A75DA9
C0A7DC08
C0A85F1A
C0A8E70A
C0A97406
C0AA063E
C0AA9DE2
C0AB3B24
C0ABDE37
C0AC8752
C0AD36AA
C0ADEC79
C0AEA8F7
C0AF6C62
C0B036F6
C0B108F1
C0B1E294
C0B2C421
C0B3ADD9
C0B4A003
C0B59AE2
C0B69EBD
C0B7ABDC
C0B8C288
C0B9E308
C0BB0DA6
C0BC42AB
C0BD8262
C0BECD13
C0C02307
C0C18486
C0C2F1D8
C0C46B41
C0C5F104
C0C78365
C0C922A1
C0CACEF3
C0CC8896
C0CE4FBE
C0D0249A
C0D20758
C0D3F81F
C0D5F70F
C0D80446
C0DA1FD9
C0DC49D8
C0DE824C
C0E0C938
C0E31E97
C0E5825D
C0E7F479
C0EA74D0
C0ED0341
C0EF9FA5
C0F249CD
C0F50185
C0F7C692
C0FA98B2
C0FD779F
C1003187
C101AD58
C1032F17
C104B699
C10643B1
C107D630
C1096DE5
C10B0AA1
C10CAC32
C10E5267
C10FFD0F
C111ABF7
C1135EF0
C11515C8
C116D04F
C1188E57
C11A4FB1
C11C1431
C11DDBAB
C11FA5F3
C12172E0
C123424C
C125140E
C126E802
C128BE04
C12A95F2
C12C6FAB
C12E4B0F
C1302800
C1320661
C133E618
C135C709
C137A91C
C1398C39
C13B704A
C13D5539
C13F3AF1
C1412160
C1430872
C144F017
C146D83D
C148C0D4
C14AA9CD
C14C931A
C14E7CAD
C1506678
C152506F
C1543A86
C15624B0
C1580EE3
C159F913
C15BE336
C15DCD42
C15FB72D
C161A0EC
C1638A77
C16573C3
C1675CC9
C169457D
C16B2DD8
C16D15D0
C16EFD5D
C170E474
C172CB0E
C174B120
C17696A2
C1787B8B
C17A5FCF
C17C4367
C17E2648
C1800434
C180F4DD
C181E51C
C182D4EA
C183C442
C184B31E
C185A177
C1868F48
C1877C8B
C1886938
C1895548
C18A40B6
C18B2B79
C18C1589
C18CFEDF
C18DE773
C18ECF3D
C18FB633
C1909C4D
C1918181
C19265C7
C1934913
C1942B5D
C1950C99
C195ECBE
C196CBBF
C197A993
C198862C
C1996181
C19A3B85
C19B142B
C19BEB68
C19CC130
C19D9576
C19E682D
C19F3949
C1A008BD
C1A0D67D
C1A1A27D
C1A26CB0
C1A3350A
C1A3FB80
C1A4C007
C1A58292
C1A64318
C1A7018F
C1A7BDEC
C1A87828
C1A93039
C1A9E618
C1AA99BF
C1AB4B27
C1ABFA4B
C1ACA728
C1AD51B8
C1ADF9FD
C1AE9FF1
C1AF4397
C1AFE4EC
C1B083F5
C1B120B2
C1B1BB28
C1B2535A
C1B2E94D
C1B37D09
C09DB77D
C09DCE1A
C09DE58F
C09DFDE5
C09E1725
C09E3156
C09E4C81
C09E68B1
C09E85EF
C09EA444
C09EC3BB
C09EE45F
C09F063A
C09F295A
C09F4DC9
C09F7393
C09F9AC7
C09FC371
C09FED9F
C0A01960
C0A046C3
C0A075D6
C0A0A6AB
C0A0D951
C0A10DDB
C0A1445A
C0A17CE1
C0A1B784
C0A1F455
C0A2336B
C0A274DA
C0A2B8BA
C0A2FF21
C0A34827
C0A393E6
C0A3E278
C0A433F7
C0A4887F
C0A4E02E
C0A53B21
C0A59977
C0A5FB51
C0A660D0
C0A6CA17
C0A7374A
C0A7A88D
C0A81E07
C0A897E0
C0A91642
C0A99956
C0AA2149
C0AAAE48
C0AB4083
C0ABD82A
C0AC756F
C0AD1886
C0ADC1A4
C0AE7100
C0AF26D2
C0AFE355
C0B0A6C3
C0B1715B
C0B2435B
C0B31D02
C0B3FE94
C0B4E851
C0B5DA80
C0B6D564
C0B7D945
C0B8E66A
C0B9FD1B
C0BB1DA1
C0BC4846
C0BD7D52
C0BEBD0F
C0C007C8
C0C15DC3
C0C2BF4A
C0C42CA4
C0C5A615
C0C72BE2
C0C8BE4B
C0CA5D90
C0CC09ED
C0CDC39A
C0CF8ACC
C0D15FB4
C0D3427D
C0D5334F
C0D7324C
C0D93F90
C0DB5B30
C0DD853D
C0DFBDC0
C0E204BA
C0E45A29
C0E6BE00
C0E9302C
C0EBB094
C0EE3F18
C0F0DB8F
C0F385CB
C0F63D97
C0F902B9
C0FBD4EF
C0FEB3F4
C100CFBD
C1024B9A
C103CD67
C10554F6
C106E21C
C10874A9
C10A0C6E
C10BA939
C10D4ADB
C10EF121
C1109BDA
C1124AD5
C113FDE1
C115B4CC
C1176F68
C1192D86
C11AEEF7
C11CB38E
C11E7B1F
C1204581
C1221289
C123E20F
C125B3EE
C12787FF
C1295E20
C12B362E
C12D1008
C12EEB8E
C130C8A3
C132A72A
C1348708
C1366821
C1384A5F
C13A2DA8
C13C11E7
C13DF705
C13FDCEF
C141C392
C143AADA
C14592B6
C1477B17
C14963EB
C14B4D23
C14D36B2
C14F208A
C1510A9D
C152F4DE
C154DF43
C156C9BE
C158B445
C15A9ECD
C15C894D
C15E73B8
C1605E06
C162482E
C1643225
C1661BE3
C168055E
C169EE8D
C16BD769
C16DBFE7
C16FA7FF
C1718FA8
C17376D9
C1755D8A
C17743B2
C1792947
C17B0E40
C17CF293
C17ED638
C1805C92
C1814DA7
C1823E55
C1832E98
C1841E69
C1850DC4
C185FCA2
C186EAFD
C187D8CF
C188C613
C189B2C1
C18A9ED2
C18B8A3F
C18C7502
C18D5F12
C18E4868
C18F30FB
C19018C4
C190FFB9
C191E5D2
C192CB05
C193AF49
C1949294
C19574DD
C1965617
C197363A
C198153A
C198F30C
C199CFA4
C19AAAF7
C19B84F9
C19C5D9D
C19D34D9
C19E0A9F
C19EDEE3
C19FB198
C1A082B2
C1A15225
C1A21FE3
C1A2EBE1
C1A3B612
C1A47E6B
C1A544E0
C1A60964
C1A6CBEE
C1A78C72
C1A84AE7
C1A90743
C1A9C17D
C1AA798D
C1AB2F6B
C1ABE310
C1AC9477
C1AD439A
C1ADF076
C1AE9B06
C1AF4348
C1AFE93B
C1B08CDF
C1B12E34
C1B1CD3B
C1B269F7
C1B3046C
C1B39C9D
C1B4328F
C09EF181
C09F081F
C09F1F94
C09F37EB
C09F512B
C09F6B5C
C09F8688
C09FA2B9
C09FBFF7
C09FDE4C
C09FFDC4
C0A01E68
C0A04045
C0A06365
C0A087D4
C0A0ADA0
C0A0D4D4
C0A0FD7F
C0A127AE
C0A15370
C0A180D3
C0A1AFE7
C0A1E0BD
C0A21364
C0A247EF
C0A27E6F
C0A2B6F7
C0A2F19B
C0A32E6D
C0A36D84
C0A3AEF5
C0A3F2D6
C0A4393E
C0A48246
C0A4CE06
C0A51C99
C0A56E1A
C0A5C2A4
C0A61A54
C0A67549
C0A6D3A1
C0A7357D
C0A79AFE
C0A80447
C0A8717B
C0A8E2C1
C0A9583D
C0A9D219
C0AA507D
C0AAD393
C0AB5B89
C0ABE88B
C0AC7AC9
C0AD1273
C0ADAFBB
C0AE52D5
C0AEFBF6
C0AFAB56
C0B0612B
C0B11DB2
C0B1E124
C0B2ABC0
C0B37DC4
C0B45770
C0B53906
C0B622C8
C0B714FC
C0B80FE5
C0B913CB
C0BA20F6
C0BB37AD
C0BC5839
C0BD82E3
C0BEB7F6
C0BFF7BA
C0C14279
C0C2987C
C0C3FA0B
C0C5676C
C0C6E0E5
C0C866BA
C0C9F92C
C0CB987B
C0CD44E1
C0CEFE98
C0D0C5D4
C0D29AC6
C0D47D9A
C0D66E78
C0D86D81
C0DA7AD1
C0DC967E
C0DEC098
C0E0F929
C0E34032
C0E595B0
C0E7F996
C0EA6BD3
C0ECEC4C
C0EF7AE1
C0F2176A
C0F4C1B9
C0F77999
C0FA3ECF
C0FD111B
C0FFF035
C1016DEA
C102E9D3
C1046BAB
C105F348
C107807B
C1091316
C10AAAE9
C10C47C4
C10DE975
C10F8FCC
C1113A96
C112E9A2
C1149CC0
C11653BF
C1180E6F
C119CCA1
C11B8E28
C11D52D5
C11F1A7E
C120E4F7
C122B218
C12481B9
C12653B3
C12827E1
C129FE1F
C12BD64C
C12DB046
C12F8BED
C1316925
C13347D0
C13527D3
C1370914
C138EB7A
C13ACEED
C13CB358
C13E98A4
C1407EBE
C1426592
C1444D0E
C1463520
C1481DB8
C14A06C7
C14BF03C
C14DDA0B
C14FC424
C151AE7C
C1539905
C15583B4
C1576E7D
C1595955
C15B4432
C15D2F09
C15F19D1
C161047F
C162EF0A
C164D969
C166C393
C168AD7F
C16A9725
C16C807B
C16E6979
C1705217
C1723A4C
C174220F
C1760958
C177F01E
C179D659
C17BBBFE
C17DA106
C17F8567
C180B48C
C181A607
C1829720
C18387D2
C1847818
C18567EC
C1865749
C1874629
C1883485
C1892259
C18A0F9D
C18AFC4B
C18BE85C
C18CD3CA
C18DBE8C
C18EA89C
C18F91F1
C1907A84
C191624B
C1924940
C1932F57
C1941489
C194F8CC
C195DC15
C196BE5C
C1979F95
C1987FB6
C1995EB5
C19A3C84
C19B191B
C19BF46C
C19CCE6C
C19DA70F
C19E7E49
C19F540D
C1A0284F
C1A0FB03
C1A1CC1B
C1A29B8C
C1A36949
C1A43545
C1A4FF75
C1A5C7CC
C1A68E3F
C1A752C2
C1A8154A
C1A8D5CD
C1A99440
C1AA509B
C1AB0AD3
C1ABC2E2
C1AC78BE
C1AD2C62
C1ADDDC8
C1AE8CEA
C1AF39C3
C1AFE452
C1B08C93
C1B13286
C1B1D626
C1B2777C
C1B31682
C1B3B33D
C1B44DB1
C1B4E5E1
C0A02B89
C0A04227
C0A0599D
C0A071F4
C0A08B34
C0A0A566
C0A0C093
C0A0DCC4
C0A0FA02
C0A11858
C0A137D0
C0A15875
C0A17A52
C0A19D73
C0A1C1E3
C0A1E7AF
C0A20EE4
C0A23790
C0A261C0
C0A28D82
C0A2BAE6
C0A2E9FB
C0A31AD2
C0A34D7A
C0A38206
C0A3B887
C0A3F110
C0A42BB5
C0A46888
C0A4A7A0
C0A4E912
C0A52CF4
C0A5735E
C0A5BC67
C0A60829
C0A656BD
C0A6A83F
C0A6FCCB
C0A7547D
C0A7AF73
C0A80DCD
C0A86FAB
C0A8D52E
C0A93E79
C0A9ABAF
C0AA1CF6
C0AA9275
C0AB0C53
C0AB8AB9
C0AC0DD2
C0AC95CB
C0AD22CF
C0ADB510
C0AE4CBD
C0AEEA08
C0AF8D25
C0B03649
C0B0E5AC
C0B19B85
C0B2580F
C0B31B86
C0B3E625
C0B4B82D
C0B591DD
C0B67378
C0B75D3E
C0B84F76
C0B94A65
C0BA4E50
C0BB5B80
C0BC723C
C0BD92CE
C0BEBD7E
C0BFF297
C0C13262
C0C27D28
C0C3D332
C0C534C7
C0C6A230
C0C81BB1
C0C9A18E
C0CB3409
C0CCD360
C0CE7FCF
C0D0398F
C0D200D5
C0D3D5D2
C0D5B8B1
C0D7A999
C0D9A8AE
C0DBB609
C0DDD1C3
C0DFFBEA
C0E23488
C0E47B9F
C0E6D12B
C0E93521
C0EBA76D
C0EE27F6
C0F0B69C
C0F35336
C0F5FD98
C0F8B58B
C0FB7AD5
C0FE4D35
C1009632
C1020C0C
C1038801
C10509E6
C106918F
C1081ECF
C109B177
C10B4958
C10CE642
C10E8802
C1102E68
C111D942
C1138860
C1153B90
C116F2A1
C118AD64
C11A6BAA
C11C2D45
C11DF208
C11FB9C7
C1218458
C1235191
C125214B
C126F35F
C128C7A8
C12A9E03
C12C764D
C12E5065
C1302C2D
C1320986
C133E854
C135C87B
C137A9E1
C1398C6E
C13B700A
C13D549F
C13F3A17
C141205F
C1430762
C144EF10
C146D756
C148C024
C14AA96B
C14C931B
C14E7D26
C150677F
C1525218
C1543CE6
C15627DD
C15812F1
C159FE17
C15BE945
C15DD470
C15FBF90
C161AA99
C1639584
C1658047
C1676AD9
C1695532
C16B3F49
C16D2915
C16F128E
C170FBAC
C172E467
C174CCB6
C176B490
C1789BEF
C17A82C7
C17C6913
C17E4EC7
C18019EE
C1810C24
C181FE02
C182EF81
C183E09E
C184D154
C185C19C
C186B172
C187A0D1
C1888FB2
C1897E10
C18A6BE4
C18B5929
C18C45D7
C18D31E8
C18E1D56
C18F0817
C18FF226
C190DB7B
C191C40C
C192ABD3
C19392C6
C19478DC
C1955E0D
C196424E
C1972596
C19807DB
C198E913
C199C932
C19AA82F
C19B85FD
C19C6292
C19D3DE1
C19E17E0
C19EF081
C19FC7B9
C1A09D7B
C1A171BC
C1A2446D
C1A31584
C1A3E4F3
C1A4B2AE
C1A57EA9
C1A648D7
C1A7112D
C1A7D79E
C1A89C1F
C1A95EA6
C1AA1F27
C1AADD99
C1AB99F3
C1AC542A
C1AD0C37
C1ADC212
C1AE75B4
C1AF2719
C1AFD639
C1B08312
C1B12DA0
C1B1D5DD
C1B27BD1
C1B31F74
C1B3C0C5
C1B45FCA
C1B4FC84
C1B596F7
C0A16594
C0A17C32
C0A193A9
C0A1AC00
C0A1C541
C0A1DF73
C0A1FAA0
C0A216D2
C0A23411
C0A25267
C0A271E0
C0A29285
C0A2B463
C0A2D784
C0A2FBF5
C0A321C2
C0A348F8
C0A371A4
C0A39BD4
C0A3C797
C0A3F4FC
C0A42412
C0A454EA
C0A48793
C0A4BC20
C0A4F2A2
C0A52B2C
C0A565D1
C0A5A2A6
C0A5E1BF
C0A62332
C0A66715
C0A6AD80
C0A6F68A
C0A7424E
C0A790E3
C0A7E267
C0A836F4
C0A88EA7
C0A8E99F
C0A947FB
C0A9A9DB
C0AA0F5F
C0AA78AC
C0AAE5E4
C0AB572E
C0ABCCAE
C0AC468F
C0ACC4F7
C0AD4813
C0ADD00D
C0AE5D15
C0AEEF58
C0AF8707
C0B02455
C0B0C775
C0B1709D
C0B22003
C0B2D5DF
C0B3926D
C0B455E7
C0B5208A
C0B5F296
C0B6CC4A
C0B7ADE9
C0B897B4
C0B989F0
C0BA84E4
C0BB88D4
C0BC9609
C0BDACCA
C0BECD61
C0BFF818
C0C12D36
C0C26D07
C0C3B7D3
C0C50DE4
C0C66F81
C0C7DCF1
C0C95679
C0CADC5E
C0CC6EE1
C0CE0E40
C0CFBAB8
C0D17481
C0D33BD1
C0D510D7
C0D6F3C0
C0D8E4B4
C0DAE3D3
C0DCF13A
C0DF0CFF
C0E13733
C0E36FDE
C0E5B702
C0E80C9C
C0EA70A0
C0ECE2FB
C0EF6394
C0F1F24A
C0F48EF5
C0F73968
C0F9F16E
C0FCB6CA
C0FF893E
C1013441
C102AA26
C1042626
C105A816
C1072FCB
C108BD17
C10A4FCD
C10BE7BB
C10D84B2
C10F2681
C110CCF7
C11277E1
C114270F
C115DA4F
C1179172
C1194C48
C11B0AA1
C11CCC4F
C11E9127
C12058FC
C12223A3
C123F0F4
C125C0C6
C12792F3
C1296756
C12B3DCC
C12D1633
C12EF069
C130CC4F
C132A9C8
C13488B7
C1366900
C1384A8B
C13A2D3D
C13C1100
C13DF5BD
C13FDB60
C141C1D4
C143A905
C14590E2
C147795A
C149625C
C14B4BD8
C14D35C0
C14F2006
C1510A9C
C152F575
C154E085
C156CBC0
C158B71B
C15AA28C
C15C8E08
C15E7985
C16064F8
C162505A
C1643BA1
C16626C4
C16811BA
C169FC7A
C16BE6FD
C16DD13B
C16FBB2A
C171A4C3
C1738DFE
C17576D3
C1775F39
C1794729
C17B2E9A
C17D1584
C17EFBDE
C18070D0
C1816360
C182559B
C183477D
C1843901
C1852A21
C1861AD9
C1870B24
C187FAFC
C188EA5C
C189D93E
C18AC79D
C18BB571
C18CA2B6
C18D8F64
C18E7B75
C18F66E2
C19051A3
C1913BB1
C1922505
C1930D95
C193F55B
C194DC4D
C195C261
C196A791
C1978BD0
C1986F17
C199515A
C19A3290
C19B12AE
C19BF1A9
C19CCF75
C19DAC08
C19E8756
C19F6153
C1A039F2
C1A11129
C1A1E6E9
C1A2BB28
C1A38DD8
C1A45EED
C1A52E5A
C1A5FC14
C1A6C80D
C1A79239
C1A85A8D
C1A920FD
C1A9E57D
C1AAA802
C1AB6882
C1AC26F3
C1ACE34A
C1AD9D80
C1AE558B
C1AF0B66
C1AFBF07
C1B0706A
C1B11F89
C1B1CC61
C1B276ED
C1B31F2E
C1B3C51C
C1B468BC
C1B50A0E
C1B5A912
C1B645CB
C0A29FA3
C0A2B641
C0A2CDB8
C0A2E610
C0A2FF51
C0A31984
C0A334B1
C0A350E3
C0A36E22
C0A38C79
C0A3ABF3
C0A3CC99
C0A3EE77
C0A41199
C0A4360A
C0A45BD7
C0A4830E
C0A4ABBB
C0A4D5EC
C0A501B0
C0A52F15
C0A55E2C
C0A58F04
C0A5C1AE
C0A5F63C
C0A62CBF
C0A6654A
C0A69FF0
C0A6DCC6
C0A71BE0
C0A75D54
C0A7A138
C0A7E7A4
C0A830B0
C0A87C75
C0A8CB0C
C0A91C91
C0A9711F
C0A9C8D4
C0AA23CE
C0AA822B
C0AAE40C
C0AB4993
C0ABB2E1
C0AC201B
C0AC9167
C0AD06E9
C0AD80CC
C0ADFF36
C0AE8254
C0AF0A51
C0AF975B
C0B029A1
C0B0C153
C0B15EA3
C0B201C6
C0B2AAF1
C0B35A5A
C0B4103A
C0B4CCCB
C0B59048
C0B65AEF
C0B72CFF
C0B806B7
C0B8E859
C0B9D229
C0BAC469
C0BBBF61
C0BCC356
C0BDD090
C0BEE756
C0C007F3
C0C132AF
C0C267D3
C0C3A7AA
C0C4F27C
C0C64893
C0C7AA37
C0C917AE
C0CA913D
C0CC172A
C0CDA9B4
C0CF491C
C0D0F59C
C0D2AF6E
C0D476C7
C0D64BD6
C0D82EC9
C0DA1FC7
C0DC1EF0
C0DE2C63
C0E04834
C0E27273
C0E4AB2A
C0E6F25B
C0E94803
C0EBAC14
C0EE1E7E
C0F09F26
C0F32DEC
C0F5CAA7
C0F8752B
C0FB2D42
C0FDF2B1
C100629C
C101D248
C1034837
C104C441
C106463C
C107CDFD
C1095B55
C10AEE17
C10C8612
C10E2317
C10FC4F4
C1116B78
C1131671
C114C5AF
C1167900
C1183033
C119EB1B
C11BA986
C11D6B48
C11F3034
C120F81D
C122C2DA
C1249041
C126602A
C1283270
C12A06EC
C12BDD7C
C12DB5FE
C12F9050
C1316C54
C13349EC
C13528FA
C1370965
C138EB12
C13ACDE9
C13CB1D1
C13E96B6
C1407C81
C142631F
C1444A7C
C1463287
C1481B2F
C14A0462
C14BEE12
C14DD830
C14FC2AE
C151AD7E
C1539894
C15583E3
C1576F60
C1595B01
C15B46B9
C15D327F
C15F1E4A
C1610A0F
C162F5C5
C164E164
C166CCE2
C168B838
C16AA35C
C16C8E48
C16E78F1
C1706352
C1724D61
C1743717
C176206C
C1780958
C179F1D4
C17BD9D6
C17DC158
C17FA851
C180C75C
C181BA43
C182ACD8
C1839F18
C18490FE
C1858284
C18673A7
C1876462
C18854AE
C1894488
C18A33E9
C18B22CC
C18C112B
C18CFF00
C18DEC44
C18ED8F2
C18FC503
C190B06F
C1919B2F
C192853D
C1936E8F
C194571E
C1953EE3
C19625D3
C1970BE6
C197F114
C198D552
C199B897
C19A9AD9
C19B7C0D
C19C5C29
C19D3B23
C19E18ED
C19EF57F
C19FD0CB
C1A0AAC5
C1A18363
C1A25A98
C1A33057
C1A40494
C1A4D742
C1A5A856
C1A677C1
C1A74579
C1A81171
C1A8DB9C
C1A9A3EE
C1AA6A5C
C1AB2EDB
C1ABF15E
C1ACB1DD
C1AD704C
C1AE2CA2
C1AEE6D7
C1AF9EE1
C1B054BA
C1B1085A
C1B1B9BC
C1B268D9
C1B315B0
C1B3C03B
C1B46879
C1B50E68
C1B5B207
C1B65358
C1B6F25B
C0A3D9B4
C0A3F053
C0A407CA
C0A42022
C0A43964
C0A45397
C0A46EC5
C0A48AF7
C0A4A837
C0A4C68F
C0A4E608
C0A506AF
C0A5288E
C0A54BB0
C0A57022
C0A595F0
C0A5BD27
C0A5E5D4
C0A61006
C0A63BCB
C0A66931
C0A69849
C0A6C921
C0A6FBCC
C0A7305B
C0A766DF
C0A79F6B
C0A7DA12
C0A816E9
C0A85604
C0A89779
C0A8DB5E
C0A921CB
C0A96AD8
C0A9B69E
C0AA0536
C0AA56BD
C0AAAB4D
C0AB0303
C0AB5DFE
C0ABBC5D
C0AC1E3F
C0AC83C8
C0ACED18
C0AD5A54
C0ADCBA1
C0AE4126
C0AEBB0A
C0AF3977
C0AFBC97
C0B04496
C0B0D1A2
C0B163EA
C0B1FB9F
C0B298F2
C0B33C18
C0B3E545
C0B494B1
C0B54A94
C0B60728
C0B6CAA9
C0B79554
C0B86767
C0B94123
C0BA22C9
C0BB0C9C
C0BBFEE2
C0BCF9DE
C0BDFDD7
C0BF0B16
C0C021E1
C0C14283
C0C26D44
C0C3A26E
C0C4E24A
C0C62D23
C0C78340
C0C8E4E9
C0CA5267
C0CBCBFE
C0CD51F1
C0CEE483
C0D083F2
C0D2307B
C0D3EA55
C0D5B1B7
C0D786CF
C0D969CC
C0DB5AD3
C0DD5A07
C0DF6784
C0E18360
C0E3ADAB
C0E5E66E
C0E82DAB
C0EA835F
C0ECE77F
C0EF59F6
C0F1DAAC
C0F46981
C0F7064C
C0F9B0E0
C0FC6908
C0FF2E89
C1010091
C1027046
C103E63F
C1056253
C106E459
C1086C25
C109F989
C10B8C57
C10D245F
C10EC170
C110635A
C11209EC
C113B4F4
C1156441
C11717A1
C118CEE6
C11A89DE
C11C485B
C11E0A2F
C11FCF2E
C121972B
C12361FD
C1252F79
C126FF79
C128D1D6
C12AA66A
C12C7D14
C12E55AF
C130301D
C1320C3D
C133E9F2
C135C920
C137A9AB
C1398B79
C13B6E72
C13D527E
C13F3788
C1411D7B
C1430441
C144EBC9
C146D400
C148BCD5
C14AA638
C14C901A
C14E7A6C
C150651F
C1525027
C1543B78
C1562704
C15812C1
C159FEA3
C15BEAA0
C15DD6AE
C15FC2C3
C161AED6
C1639ADD
C16586D1
C16772A7
C1695E59
C16B49DD
C16D352C
C16F203E
C1710B0B
C172F58B
C174DFB7
C176C987
C178B2F4
C17A9BF5
C17C8483
C17E6C96
C1802A14
C1811D97
C18210D0
C18303BC
C183F656
C184E899
C185DA82
C186CC0C
C187BD31
C188ADED
C1899E3B
C18A8E16
C18B7D78
C18C6C5B
C18D5ABA
C18E488F
C18F35D4
C1902281
C1910E91
C191F9FC
C192E4BC
C193CEC8
C194B819
C195A0A7
C196886A
C1976F59
C198556B
C1993A97
C19A1ED4
C19B0217
C19BE457
C19CC58A
C19DA5A4
C19E849C
C19F6265
C1A03EF4
C1A11A3F
C1A1F438
C1A2CCD4
C1A3A407
C1A479C4
C1A54DFF
C1A620AC
C1A6F1BE
C1A7C128
C1A88EDE
C1A95AD4
C1AA24FE
C1AAED4F
C1ABB3BB
C1AC7838
C1AD3ABB
C1ADFB38
C1AEB9A6
C1AF75FA
C1B0302E
C1B0E837
C1B19E0E
C1B251AD
C1B3030D
C1B3B22B
C1B45F00
C1B5098A
C1B5B1C6
C1B657B4
C1B6FB57
C1B79CA2
C0A513C9
C0A52A68
C0A541DF
C0A55A38
C0A5737A
C0A58DAD
C0A5A8DC
C0A5C50E
C0A5E24F
C0A600A7
C0A62021
C0A640C8
C0A662A7
C0A685CA
C0A6AA3C
C0A6D00B
C0A6F743
C0A71FF1
C0A74A23
C0A775E8
C0A7A34F
C0A7D268
C0A80341
C0A835ED
C0A86A7C
C0A8A101
C0A8D98E
C0A91436
C0A9510D
C0A9902A
C0A9D1A0
C0AA1586
C0AA5BF4
C0AAA502
C0AAF0C9
C0AB3F63
C0AB90EB
C0ABE57C
C0AC3D34
C0AC9830
C0ACF690
C0AD5874
C0ADBDFE
C0AE2750
C0AE948E
C0AF05DD
C0AF7B64
C0AFF54A
C0B073B8
C0B0F6DB
C0B17EDC
C0B20BEB
C0B29E35
C0B335EC
C0B3D342
C0B4766A
C0B51F9B
C0B5CF09
C0B684EF
C0B74186
C0B8050A
C0B8CFB8
C0B9A1CF
C0BA7B8E
C0BB5D38
C0BC4710
C0BD3959
C0BE3459
C0BF3857
C0C0459A
C0C15C6A
C0C27D11
C0C3A7D7
C0C4DD06
C0C61CE8
C0C767C6
C0C8BDE9
C0CA1F99
C0CB8D1D
C0CD06BB
C0CE8CB5
C0D01F4E
C0D1BEC5
C0D36B55
C0D52538
C0D6ECA1
C0D8C1C3
C0DAA4C8
C0DC95D9
C0DE9517
C0E0A29E
C0E2BE84
C0E4E8DA
C0E721A9
C0E968F2
C0EBBEB3
C0EE22DF
C0F09564
C0F31628
C0F5A50B
C0F841E5
C0FAEC89
C0FDA4C1
C1003529
C1019E7E
C1030E3D
C104843F
C106005D
C107826D
C1090A44
C10A97B3
C10C2A8C
C10DC2A0
C10F5FBE
C11101B5
C112A854
C114536A
C11602C5
C117B635
C1196D89
C11B2892
C11CE720
C11EA906
C1206E17
C1223627
C124010C
C125CE9E
C1279EB3
C1297126
C12B45D2
C12D1C94
C12EF549
C130CFD1
C132AC0C
C13489DE
C1366928
C13849D2
C13A2BC0
C13C0EDA
C13DF30A
C13FD838
C141BE4F
C143A53D
C1458CED
C147754F
C1495E50
C14B47E1
C14D31F2
C14F1C75
C151075D
C152F29B
C154DE23
C156C9EA
C158B5E3
C15AA205
C15C8E44
C15E7A97
C16066F4
C1625351
C1643FA7
C1662BEB
C1681816
C16A041F
C16BEFFF
C16DDBAE
C16FC724
C171B259
C1739D46
C17587E3
C1777229
C1795C10
C17B4592
C17D2EA6
C17F1745
C1807FB4
C1817383
C182670C
C1835A4A
C1844D3B
C1853FD8
C186321F
C187240B
C1881596
C18906BE
C189F77B
C18AE7CA
C18BD7A6
C18CC708
C18DB5EC
C18EA44B
C18F921F
C1907F64
C1916C10
C1925820
C193438A
C1942E48
C1951853
C19601A3
C196EA30
C197D1F2
C198B8DF
C1999EEF
C19A841A
C19B6855
C19C4B97
C19D2DD5
C19E0F06
C19EEF1F
C19FCE14
C1A0ABDC
C1A1886A
C1A263B2
C1A33DAA
C1A41644
C1A4ED75
C1A5C331
C1A6976B
C1A76A16
C1A83B26
C1A90A8F
C1A9D843
C1AAA438
C1AB6E60
C1AC36AF
C1ACFD1A
C1ADC196
C1AE8417
C1AF4493
C1B002FF
C1B0BF52
C1B17984
C1B2318C
C1B2E762
C1B39B00
C1B44C60
C1B4FB7C
C1B5A850
C1B652D9
C1B6FB15
C1B7A101
C1B844A5
C0A64DE0
C0A66480
C0A67BF8
C0A69450
C0A6AD93
C0A6C7C6
C0A6E2F5
C0A6FF28
C0A71C69
C0A73AC1
C0A75A3C
C0A77AE4
C0A79CC3
C0A7BFE7
C0A7E45A
C0A80A29
C0A83161
C0A85A10
C0A88443
C0A8B009
C0A8DD70
C0A90C89
C0A93D64
C0A97010
C0A9A4A0
C0A9DB25
C0AA13B3
C0AA4E5C
C0AA8B35
C0AACA52
C0AB0BC9
C0AB4FB0
C0AB9620
C0ABDF2F
C0AC2AF7
C0AC7992
C0ACCB1A
C0AD1FAD
C0AD7766
C0ADD264
C0AE30C5
C0AE92AB
C0AEF836
C0AF618A
C0AFCEC9
C0B0401A
C0B0B5A3
C0B12F8B
C0B1ADFB
C0B23120
C0B2B923
C0B34634
C0B3D881
C0B4703A
C0B50D92
C0B5B0BD
C0B659F0
C0B70962
C0B7BF4A
C0B87BE4
C0B93F6B
C0BA0A1D
C0BADC37
C0BBB5F9
C0BC97A7
C0BD8182
C0BE73CF
C0BF6ED4
C0C072D6
C0C1801D
C0C296F2
C0C3B79D
C0C4E268
C0C6179C
C0C75784
C0C8A267
C0C9F890
C0CB5A46
C0CCC7D0
C0CE4174
C0CFC775
C0D15A15
C0D2F993
C0D4A62B
C0D66015
C0D82787
C0D9FCB1
C0DBDFBF
C0DDD0D9
C0DFD020
C0E1DDB1
C0E3F9A2
C0E62402
C0E85CDB
C0EAA431
C0ECF9FD
C0EF5E35
C0F1D0C7
C0F45198
C0F6E089
C0F97D72
C0FC2825
C0FEE06C
C100D307
C1023C65
C103AC2C
C1052237
C1069E5F
C1082079
C109A859
C10B35D3
C10CC8B8
C10E60D7
C10FFE01
C111A005
C11346B1
C114F1D4
C116A13D
C11854BB
C11A0C1F
C11BC737
C11D85D5
C11F47CC
C1210CEF
C122D512
C124A00A
C1266DAF
C1283DD9
C12A1062
C12BE524
C12DBBFD
C12F94CA
C1316F6B
C1334BC1
C13529AE
C1370915
C138E9DC
C13ACBE9
C13CAF23
C13E9374
C14078C4
C1425F00
C1444613
C1462DEB
C1481674
C149FFA0
C14BE95D
C14DD39C
C14FBE4F
C151A968
C15394DA
C1558098
C1576C97
C15958CB
C15B4529
C15D31A8
C15F1E3D
C1610ADE
C162F784
C164E424
C166D0B6
C168BD32
C16AA990
C16C95C8
C16E81D2
C1706DA8
C1725941
C1744495
C1762F9F
C1781A56
C17A04B4
C17BEEB1
C17DD845
C17FC16A
C180D50C
C181C924
C182BCF9
C183B087
C184A3CA
C18596BE
C186895F
C1877BA9
C1886D96
C1895F24
C18A504D
C18B410B
C18C315B
C18D2137
C18E109A
C18EFF7D
C18FEDDC
C190DBB0
C191C8F4
C192B5A0
C193A1AE
C1948D17
C19577D5
C19661DF
C1974B2D
C19833B9
C1991B78
C19A0264
C19AE873
C19BCD9C
C19CB1D5
C19D9516
C19E7752
C19F5882
C1A03899
C1A1178D
C1A1F552
C1A2D1DE
C1A3AD25
C1A4871B
C1A55FB4
C1A636E3
C1A70C9D
C1A7E0D5
C1A8B37F
C1A9848E
C1AA53F5
C1AB21A8
C1ABED9B
C1ACB7C1
C1AD800F
C1AE4679
C1AF0AF3
C1AFCD73
C1B08DEE
C1B14C59
C1B208AB
C1B2C2DB
C1B37AE2
C1B430B7
C1B4E454
C1B595B3
C1B644CD
C1B6F1A0
C1B79C28
C1B84466
C1B8EA4F
