ROSSFAST_D3R_TABLE_V1 B05 241 58081
3FD80562
3FD79A81
3FD72C0C
3FD6B9E3
3FD643E6
3FD5C9F4
3FD54BEB
3FD4C9A7
3FD44302
3FD3B7D7
3FD327FF
3FD2934F
3FD1F99E
3FD15AC0
3FD0B688
3FD00CC5
3FCF5D49
3FCEA7E0
3FCDEC56
3FCD2A75
3FCC6205
3FCB92CE
3FCABC92
3FC9DF15
3FC8FA16
3FC80D54
3FC7188A
3FC61B73
3FC515C5
3FC40735
3FC2EF77
3FC1CE3A
3FC0A32C
3FBF6DFA
3FBE2E4B
3FBCE3C7
3FBB8E11
3FBA2CCB
3FB8BF95
3FB7460B
3FB5BFC8
3FB42C63
3FB28B75
3FB0DC90
3FAF1F48
3FAD532C
3FAB77CE
3FA98CBA
3FA7917E
3FA585A7
3FA368C1
3FA13A5A
3F9EF9FD
3F9CA73A
3F9A41A0
3F97C8C2
3F953C34
3F929B8E
3F8FE66D
3F8D1C73
3F8A3D45
3F874893
3F843E0F
3F811D78
3F7BCD27
3F753261
3F6E6A52
3F6774C8
3F6051A4
3F5900E6
3F5182A4
3F49D714
3F41FE88
3F39F96D
3F31C850
3F296BDD
3F20E4DB
3F18342F
3F0F5ADC
3F0659FF
3EFA659E
3EE7CD36
3ED4ED90
3EC1C9A0
3EAE647A
3E9AC154
3E86E379
3E659C93
3E3D0A64
3E14174F
3DD59484
3D82544C
3CB9EE94
BC979FD0
BD759291
BDD01B77
BE12E901
BE3DF06F
BE691E3D
BE8A3672
BE9FEB93
BEB5AC04
BECB756F
BEE145A1
BEF71A90
BF06792B
BF116598
BF1C51C2
BF273CEB
BF322667
BF3D0D9D
BF47F200
BF52D313
BF5DB069
BF6889A1
BF735E66
BF7E2E70
BF847CC0
BF89DFB2
BF8F3FF9
BF949D83
BF99F844
BF9F5033
BFA4A549
BFA9F784
BFAF46E2
BFB49366
BFB9DD14
BFBF23F1
BFC46805
BFC9A959
BFCEE7F8
BFD423EC
BFD95D42
BFDE9406
BFE3C847
BFE8FA13
BFEE2977
BFF35684
BFF88148
BFFDA9D1
C0016819
C003FA3B
C0068B57
C0091B76
C00BAA9D
C00E38D6
C010C626
C0135296
C015DE2D
C01868F1
C01AF2EA
C01D7C1E
C0200493
C0228C51
C025135D
C02799BD
C02A1F78
C02CA492
C02F2913
C031ACFE
C034305A
C036B32B
C0393577
C03BB742
C03E3890
C040B967
C04339CB
C045B9C0
C0483949
C04AB86B
C04D372A
C04FB589
C052338C
C054B136
C0572E8A
C059AB8C
C05C283F
C05EA4A5
C06120C2
C0639C98
C066182A
C068937A
C06B0E8B
C06D895F
C07003F9
C0727E5B
C074F886
C077727D
C079EC42
C07C65D6
C07EDF3C
C080AC3B
C081E8C2
C0832534
C0846193
C0859DDE
C086DA17
C088163E
C0895253
C08A8E59
C08BCA4E
C08D0635
C08E420C
C08F7DD6
C090B991
C091F540
C09330E3
C0946C79
C095A803
C096E382
C0981EF7
C0995A61
C09A95C1
C09BD118
C09D0C65
C09E47A9
C09F82E5
C0A0BE18
C0A1F944
C0A33468
C0A46F85
C0A5AA9A
C0A6E5A9
C0A820B1
C0A95BB3
C0AA96AF
C0ABD1A5
C0AD0C95
C0AE4780
C0AF8266
C0B0BD47
C0B1F823
C0B332FA
C0B46DCD
C0B5A89C
C0B6E367
C0B81E2D
C0B958F0
C0BA93AF
C0BBCE6A
3FD7C128
3FD75655
3FD6E7EC
3FD675CF
3FD5FFDE
3FD585F7
3FD507F8
3FD485BD
3FD3FF22
3FD373FF
3FD2E42E
3FD24F85
3FD1B5DA
3FD11700
3FD072CC
3FCFC90C
3FCF1992
3FCE6429
3FCDA89F
3FCCE6BC
3FCC1E4A
3FCB4F0F
3FCA78CD
3FC99B49
3FC8B642
3FC7C976
3FC6D4A1
3FC5D77C
3FC4D1BF
3FC3C31E
3FC2AB4D
3FC189FC
3FC05ED7
3FBF298C
3FBDE9C2
3FBC9F21
3FBB494B
3FB9E7E3
3FB87A88
3FB700D6
3FB57A68
3FB3E6D7
3FB245B8
3FB096A0
3FAED922
3FAD0CCD
3FAB3131
3FA945DD
3FA74A5D
3FA53E3E
3FA3210D
3FA0F256
3F9EB1A7
3F9C5E8C
3F99F897
3F977F59
3F94F267
3F925158
3F8F9BCB
3F8CD15E
3F89F1BB
3F86FC8D
3F83F18A
3F80D06F
3F7B3201
3F74961F
3F6DCCEB
3F66D631
3F5FB1D5
3F585FD4
3F50E047
3F493363
3F415979
3F3952F8
3F31206D
3F28C284
3F203A04
3F1787D3
3F0EACF5
3F05AA86
3EF9037C
3EE667DB
3ED384F2
3EC05DB7
3EACF540
3E994EC2
3E856D8C
3E62A9FB
3E3A110B
3E111735
3DCF86D0
3D787241
3CA14C40
BCB07781
BD810C75
BDD66BC9
BE1617AD
BE41258C
BE6C59B7
BE8BD753
BEA18F8C
BEB75309
BECD1F73
BEE2F297
BEF8CA69
BF075282
BF124052
BF1D2DD6
BF281A53
BF33051B
BF3DED94
BF48D332
BF53B579
BF5E93FA
BF696E54
BF744434
BF7F1551
BF84F0B6
BF8A542A
BF8FB4EE
BF9512F2
BF9A6E29
BF9FC68A
BFA51C0F
BFAA6EB4
BFAFBE7A
BFB50B62
BFBA5570
BFBF9CAB
BFC4E119
BFCA22C5
BFCF61B7
BFD49DFD
BFD9D7A1
BFDF0EB1
BFE4433B
BFE9754C
BFEEA4F5
BFF3D243
BFF8FD45
BFFE260C
C001A653
C0043891
C006C9C9
C0095A01
C00BE942
C00E7793
C01104FB
C0139181
C0161D2D
C018A806
C01B3213
C01DBB5A
C02043E2
C022CBB1
C02552CE
C027D93F
C02A5F0A
C02CE434
C02F68C3
C031ECBC
C0347026
C036F304
C039755C
C03BF733
C03E788E
C040F970
C04379DE
C045F9DD
C0487971
C04AF89C
C04D7764
C04FF5CC
C05273D7
C054F18A
C0576EE6
C059EBF0
C05C68AA
C05EE517
C061613B
C063DD17
C06658AF
C068D406
C06B4F1C
C06DC9F6
C0704496
C072BEFC
C075392C
C077B328
C07A2CF2
C07CA68B
C07F1FF5
C080CC99
C0820922
C0834596
C08481F7
C085BE44
C086FA7E
C08836A7
C08972BE
C08AAEC5
C08BEABC
C08D26A3
C08E627C
C08F9E47
C090DA04
C09215B4
C0935158
C0948CEF
C095C87A
C09703FB
C0983F70
C0997ADB
C09AB63C
C09BF194
C09D2CE2
C09E6827
C09FA363
C0A0DE98
C0A219C4
C0A354E9
C0A49006
C0A5CB1C
C0A7062B
C0A84134
C0A97C37
C0AAB733
C0ABF22A
C0AD2D1B
C0AE6806
C0AFA2ED
C0B0DDCE
C0B218AA
C0B35382
C0B48E55
C0B5C924
C0B703EF
C0B83EB6
C0B97979
C0BAB439
C0BBEEF5
3FD77A79
3FD70FB3
3FD6A157
3FD62F46
3FD5B960
3FD53F84
3FD4C18F
3FD43F5E
3FD3B8CB
3FD32DB0
3FD29DE6
3FD20943
3FD16F9E
3FD0D0C9
3FD02C98
3FCF82DB
3FCED362
3FCE1DF9
3FCD626E
3FCCA08A
3FCBD814
3FCB08D3
3FCA328C
3FC95500
3FC86FF0
3FC78319
3FC68E37
3FC59104
3FC48B37
3FC37C84
3FC264A0
3FC14338
3FC017FC
3FBEE296
3FBDA2B0
3FBC57EF
3FBB01F8
3FB9A06C
3FB832EA
3FB6B90F
3FB53275
3FB39EB4
3FB1FD63
3FB04E16
3FAE905E
3FACC3CD
3FAAE7F2
3FA8FC5B
3FA70094
3FA4F42B
3FA2D6AB
3FA0A7A2
3F9E669B
3F9C1326
3F99ACD1
3F97332F
3F94A5D5
3F92045A
3F8F4E5B
3F8C8378
3F89A359
3F86ADAC
3F83A224
3F80807F
3F7A9104
3F73F3FA
3F6D2994
3F66319F
3F5F0BFD
3F57B8AE
3F5037C8
3F488982
3F40AE2D
3F38A638
3F307231
3F2812C2
3F1F88B6
3F16D4F1
3F0DF878
3F04F467
3EF793EF
3EE4F4F3
3ED20EA7
3EBEE400
3EAB7816
3E97CE20
3E83E96C
3E5F9ABB
3E36FAC7
3E0DF9EB
3DC93E35
3D6BC50E
3C87BA19
BCCA411E
BD878CA2
BDDCF99E
BE19655C
BE4479EC
BE6FB4B5
BE8D8816
BEA34386
BEB90A2D
BECED9B4
BEE4AFE7
BEFA8ABA
BF083423
BF132364
BF1E1251
BF29002E
BF33EC4F
BF3ED618
BF49BCFD
BF54A083
BF5F803B
BF6A5BC4
BF7532CA
BF800282
BF85691A
BF8ACD14
BF902E5B
BF958CDE
BF9AE88F
BFA04167
BFA5975F
BFAAEA73
BFB03AA4
BFB587F4
BFBAD267
BFC01A03
BFC55ECF
BFCAA0D5
BFCFE01F
BFD51CB9
BFDA56AF
BFDF8E0D
BFE4C2E3
BFE9F53D
BFEF252C
BFF452BE
BFF97E02
BFFEA707
C001E6EF
C004794B
C0070A9E
C0099AF2
C00C2A4D
C00EB8B7
C0114637
C013D2D4
C0165E97
C018E986
C01B73A7
C01DFD02
C020859D
C0230D7F
C02594AE
C0281B30
C02AA10B
C02D2645
C02FAAE3
C0322EEC
C034B263
C037354F
C039B7B5
C03C3998
C03EBAFF
C0413BEC
C043BC66
C0463C70
C048BC0D
C04B3B43
C04DBA15
C0503886
C052B69A
C0553455
C057B1B9
C05A2ECB
C05CAB8C
C05F2801
C061A42C
C064200F
C0669BAE
C069170A
C06B9227
C06E0D07
C07087AC
C0730218
C0757C4D
C077F64E
C07A701C
C07CE9BA
C07F6328
C080EE35
C0822AC0
C0836736
C084A398
C085DFE7
C0871C23
C088584E
C0899467
C08AD06F
C08C0C67
C08D4851
C08E842B
C08FBFF7
C090FBB5
C0923767
C093730B
C094AEA4
C095EA30
C09725B2
C0986128
C0999C94
C09AD7F6
C09C134E
C09D4E9D
C09E89E3
C09FC521
C0A10056
C0A23B83
C0A376A8
C0A4B1C6
C0A5ECDD
C0A727ED
C0A862F6
C0A99DFA
C0AAD8F7
C0AC13EE
C0AD4EDF
C0AE89CB
C0AFC4B2
C0B0FF94
C0B23A71
C0B37549
C0B4B01D
C0B5EAEC
C0B725B7
C0B8607F
C0B99B42
C0BAD602
C0BC10BE
3FD73140
3FD6C686
3FD65836
3FD5E631
3FD57057
3FD4F685
3FD4789A
3FD3F672
3FD36FE8
3FD2E4D5
3FD25511
3FD1C075
3FD126D4
3FD08804
3FCFE3D5
3FCF3A1B
3FCE8AA2
3FCDD53A
3FCD19AD
3FCC57C6
3FCB8F4C
3FCAC006
3FC9E9B8
3FC90C24
3FC82709
3FC73A26
3FC64537
3FC547F5
3FC44216
3FC33351
3FC21B57
3FC0F9D8
3FBFCE82
3FBE9901
3FBD58FC
3FBC0E1B
3FBAB801
3FB9564F
3FB7E8A5
3FB66E9E
3FB4E7D6
3FB353E4
3FB1B25E
3FB002D9
3FAE44E6
3FAC7816
3FAA9BF9
3FA8B01B
3FA6B40A
3FA4A753
3FA28982
3FA05A22
3F9E18C1
3F9BC4ED
3F995E35
3F96E42B
3F945664
3F91B478
3F8EFE03
3F8C32A5
3F895207
3F865BD4
3F834FC2
3F802D8D
3F79E9F8
3F734BBA
3F6C8017
3F6586DA
3F5E5FE6
3F570B3A
3F4F88EE
3F47D938
3F3FFC6A
3F37F2F2
3F2FBD5F
3F275C5D
3F1ED0B4
3F161B4B
3F0D3D26
3F043764
3EF61678
3EE37400
3ED08A2E
3EBD5BF9
3EA9EC79
3E963EE7
3E825693
3E5C6DC2
3E33C683
3E0ABE5B
3DC2B881
3D5E9C92
3C5A5E62
BCE505A7
BD8E4C14
BDE3C742
BE1CD336
BE47EEBB
BE733063
BE8F4951
BEA50819
BEBAD20B
BED0A4CE
BEE67E2F
BEFC5C20
BF091E5D
BF140F1D
BF1EFF82
BF29EECD
BF34DC54
BF3FC77A
BF4AAFB4
BF559486
BF607581
BF6B5244
BF762A7B
BF807EEF
BF85E617
BF8B4A9D
BF90AC6C
BF960B72
BF9B67A3
BFA0C0F6
BFA61765
BFAB6AED
BFB0BB8E
BFB6094A
BFBB5425
BFC09C26
BFC5E154
BFCB23B8
BFD0635D
BFD5A04E
BFDADA98
BFE01248
BFE5476D
BFEA7A13
BFEFAA4B
BFF4D823
BFFA03AB
BFFF2CF2
C0022A04
C004BC7E
C0074DEF
C009DE5F
C00C6DD5
C00EFC59
C01189F2
C01416A8
C016A282
C0192D87
C01BB7BE
C01E412E
C020C9DD
C02351D2
C025D913
C0285FA7
C02AE593
C02D6ADE
C02FEF8C
C03273A4
C034F72A
C0377A24
C039FC97
C03C7E88
C03EFFFB
C04180F5
C044017A
C046818F
C0490137
C04B8077
C04DFF53
C0507DCE
C052FBEB
C05579AF
C057F71C
C05A7435
C05CF0FF
C05F6D7B
C061E9AD
C0646597
C066E13D
C0695CA0
C06BD7C3
C06E52A9
C070CD53
C07347C5
C075C200
C0783C06
C07AB5D9
C07D2F7B
C07FA8EF
C081111A
C0824DA8
C0838A20
C084C684
C08602D5
C0873F13
C0887B3F
C089B759
C08AF363
C08C2F5D
C08D6B48
C08EA724
C08FE2F1
C0911EB1
C0925A63
C0939609
C094D1A3
C0960D31
C09748B3
C098842B
C099BF98
C09AFAFB
C09C3654
C09D71A4
C09EACEA
C09FE829
C0A1235F
C0A25E8C
C0A399B3
C0A4D4D1
C0A60FE9
C0A74AFA
C0A88604
C0A9C107
C0AAFC05
C0AC36FD
C0AD71EF
C0AEACDB
C0AFE7C2
C0B122A5
C0B25D82
C0B3985B
C0B4D32F
C0B60DFF
C0B748CA
C0B88392
C0B9BE56
C0BAF916
C0BC33D3
3FD6E564
3FD67AB7
3FD60C74
3FD59A7A
3FD524AB
3FD4AAE4
3FD42D03
3FD3AAE4
3FD32461
3FD29956
3FD20999
3FD17502
3FD0DB66
3FD03C99
3FCF986E
3FCEEEB5
3FCE3F3D
3FCD89D3
3FCCCE45
3FCC0C5A
3FCB43DB
3FCA748F
3FC99E39
3FC8C09B
3FC7DB76
3FC6EE87
3FC5F989
3FC4FC36
3FC3F646
3FC2E76C
3FC1CF5B
3FC0ADC4
3FBF8253
3FBE4CB5
3FBD0C90
3FBBC18D
3FBA6B4E
3FB90974
3FB79B9F
3FB6216B
3FB49A72
3FB3064C
3FB16490
3FAFB4D0
3FADF69F
3FAC298E
3FAA4D2B
3FA86104
3FA664A6
3FA4579E
3FA23977
3FA009BE
3F9DC7FF
3F9B73C8
3F990CA8
3F969233
3F9403FB
3F916198
3F8EAAA8
3F8BDECB
3F88FDA7
3F8606EA
3F82FA48
3F7FAEFC
3F793CA4
3F729D27
3F6BD03A
3F64D5A7
3F5DAD54
3F56573E
3F4ED37E
3F472249
3F3F43F2
3F3738E9
3F2F01BB
3F269F14
3F1E11BE
3F155AA1
3F0C7AC0
3F03733A
3EF48A92
3EE1E47C
3ECEF701
3EBBC51A
3EA851E0
3E94A08E
3E80B476
3E5921F6
3E307323
3E076366
3DBBF372
3D50F43B
3C23449A
BD006738
BD954D25
BDEAD714
BE20626D
BE4B852D
BE76CDFA
BE911BA2
BEA6DDE4
BEBCAB41
BED28161
BEE85E10
BEFE3F3F
BF0A1183
BF1503D2
BF1FF5BC
BF2AE684
BF35D57E
BF40C210
BF4BABAC
BF5691D6
BF617421
BF6C522B
BF772B9F
BF81001B
BF8667DA
BF8BCCF1
BF912F4C
BF968EDB
BF9BEB90
BFA14563
BFA69C4F
BFABF04F
BFB14164
BFB68F90
BFBBDAD8
BFC12342
BFC668D5
BFCBAB9B
BFD0EB9E
BFD628EA
BFDB638C
BFE09B92
BFE5D108
BFEB03FD
BFF03481
BFF562A2
BFFA8E71
BFFFB7FC
C0026FAA
C0050243
C00793D3
C00A2460
C00CB3F2
C00F4291
C011D044
C0145D13
C016E906
C0197422
C01BFE6F
C01E87F5
C02110B9
C02398C2
C0262017
C028A6BD
C02B2CBB
C02DB216
C03036D5
C032BAFD
C0353E92
C037C19B
C03A441C
C03CC61A
C03F479A
C041C8A1
C0444932
C046C953
C0494906
C04BC851
C04E4737
C050C5BC
C05343E3
C055C1B0
C0583F26
C05ABC48
C05D391A
C05FB59E
C06231D8
C064ADC9
C0672976
C069A4DF
C06C2009
C06E9AF5
C07115A6
C073901D
C0760A5D
C0788469
C07AFE41
C07D77E8
C07FF160
C0813556
C08271E5
C083AE5F
C084EAC6
C0862718
C0876358
C0889F86
C089DBA2
C08B17AE
C08C53AA
C08D8F96
C08ECB73
C0900742
C0914303
C0927EB7
C093BA5E
C094F5F9
C0963188
C0976D0B
C098A884
C099E3F2
C09B1F56
C09C5AB0
C09D9601
C09ED149
C0A00C88
C0A147BF
C0A282ED
C0A3BE14
C0A4F934
C0A6344C
C0A76F5D
C0A8AA68
C0A9E56D
C0AB206B
C0AC5B63
C0AD9656
C0AED143
C0B00C2B
C0B1470D
C0B281EB
C0B3BCC4
C0B4F799
C0B63269
C0B76D35
C0B8A7FD
C0B9E2C2
C0BB1D82
C0BC583F
3FD696D0
3FD62C30
3FD5BDF8
3FD54C0A
3FD4D646
3FD45C89
3FD3DEB1
3FD35C9B
3FD2D621
3FD24B1C
3FD1BB66
3FD126D4
3FD08D3C
3FCFEE73
3FCF4A49
3FCEA091
3FCDF119
3FCD3BAE
3FCC801D
3FCBBE2E
3FCAF5AA
3FCA2657
3FC94FF8
3FC87250
3FC78D1F
3FC6A022
3FC5AB14
3FC4ADB0
3FC3A7AC
3FC298BD
3FC18094
3FC05EE3
3FBF3356
3FBDFD98
3FBCBD53
3FBB722B
3FBA1BC5
3FB8B9C2
3FB74BC0
3FB5D15C
3FB44A31
3FB2B5D5
3FB113DE
3FAF63E2
3FADA570
3FABD81A
3FA9FB6F
3FA80EFC
3FA6124E
3FA404F1
3FA1E671
3F9FB65A
3F9D7438
3F9B1F9B
3F98B810
3F963D2A
3F93AE7C
3F910B9F
3F8E542F
3F8B87CC
3F88A61D
3F85AED0
3F82A199
3F7EFC68
3F7888CF
3F71E805
3F6B19C0
3F641DCB
3F5CF40A
3F559C7C
3F4E1739
3F466476
3F3E8488
3F3677DC
3F2E3F03
3F25DAA7
3F1D4B94
3F1492B1
3F0BB102
3F02A7A8
3EF2EFB7
3EE045DD
3ECD5495
3EBA1ED6
3EA6A7BE
3E92F286
3E7E0506
3E55B635
3E2CFF81
3E03E7E3
3DB4ECAF
3D42C74B
3BD4276F
BD0ED28E
BD9C9245
BDF22B89
BE24143F
BE4F3E82
BE7A8EBB
BE92FFAD
BEA8C58A
BEBE9675
BED47014
BEEA5031
BF001A5F
BF0B0DEA
BF1601D6
BF20F555
BF2BE7A9
BF36D826
BF41C631
BF4CB13D
BF5798CE
BF627C75
BF6D5BD2
BF783691
BF818634
BF86EE8E
BF8C543D
BF91B72A
BF971747
BF9C7486
BFA1CEDF
BFA7264B
BFAC7AC8
BFB1CC56
BFB71AF7
BFBC66AF
BFC1AF86
BFC6F582
BFCC38AE
BFD17913
BFD6B6BE
BFDBF1BC
BFE12A19
BFE65FE4
BFEB932B
BFF0C3FE
BFF5F26C
BFFB1E84
C000242B
C002B7F8
C0054AB3
C007DC62
C00A6D0D
C00CFCBD
C00F8B78
C0121947
C014A630
C017323B
C019BD70
C01C47D5
C01ED170
C0215A4A
C023E268
C02669D1
C028F08A
C02B769B
C02DFC08
C03080D8
C0330510
C03588B5
C0380BCD
C03A8E5D
C03D106A
C03F91F7
C042130B
C04493A9
C04713D5
C0499395
C04C12EB
C04E91DC
C051106B
C0538E9C
C0560C72
C05889F1
C05B071C
C05D83F7
C0600083
C0627CC4
C064F8BE
C0677471
C069EFE2
C06C6B13
C06EE605
C07160BC
C073DB3A
C0765580
C078CF91
C07B496E
C07DC31B
C0801E4C
C0815AF4
C0829785
C083D402
C085106A
C0864CBF
C0878901
C088C530
C08A014F
C08B3D5C
C08C7959
C08DB547
C08EF126
C0902CF7
C09168B9
C092A46E
C093E017
C0951BB3
C0965743
C09792C8
C098CE42
C09A09B1
C09B4516
C09C8071
C09DBBC3
C09EF70C
C0A0324C
C0A16D83
C0A2A8B3
C0A3E3DA
C0A51EFB
C0A65A14
C0A79526
C0A8D031
C0AA0B36
C0AB4635
C0AC812E
C0ADBC21
C0AEF70F
C0B031F7
C0B16CDB
C0B2A7B9
C0B3E293
C0B51D68
C0B65838
C0B79305
C0B8CDCD
C0BA0892
C0BB4353
C0BC7E10
3FD6456B
3FD5DAD7
3FD56CAB
3FD4FAC9
3FD4850F
3FD40B5C
3FD38D8E
3FD30B80
3FD2850D
3FD1FA0F
3FD16A5E
3FD0D5D2
3FD03C3E
3FCF9D77
3FCEF94F
3FCE4F97
3FCDA01F
3FCCEAB2
3FCC2F1D
3FCB6D29
3FCAA49F
3FC9D544
3FC8FEDC
3FC82129
3FC73BEA
3FC64EDE
3FC559C0
3FC45C4A
3FC35631
3FC2472A
3FC12EE9
3FC00D1C
3FBEE171
3FBDAB93
3FBC6B2A
3FBB1FDC
3FB9C94D
3FB8671E
3FB6F8EE
3FB57E58
3FB3F6F7
3FB26262
3FB0C030
3FAF0FF3
3FAD513E
3FAB83A1
3FA9A6AA
3FA7B9E7
3FA5BCE5
3FA3AF30
3FA19053
3F9F5FDA
3F9D1D53
3F9AC84A
3F98604F
3F95E4F4
3F9355CC
3F90B26F
3F8DFA79
3F8B2D8C
3F884B4D
3F85536A
3F824597
3F7E4322
3F77CE3B
3F712C17
3F6A5C6D
3F635F07
3F5C33CB
3F54DAB5
3F4D53DF
3F459F7F
3F3DBDE9
3F35AF8B
3F2D74F5
3F250ED4
3F1C7DF2
3F13C337
3F0ADFA9
3F01D467
3EF14558
3EDE9796
3ECBA259
3EB8689D
3EA4ED7E
3E91343A
3E7A804A
3E52294E
3E296A6C
3E004A9E
3DADA1C8
3D3410DB
3B3ADFB1
BD1DC9D8
BDA41DF9
BDF9C72B
BE27E9F5
BE531C06
BE7E73F5
BE94F618
BEAABFB6
BEC09453
BED67193
BEEC5542
BF011EA8
BF0C13E9
BF170984
BF21FEA8
BF2CF297
BF37E4A6
BF42D439
BF4DC0C3
BF58A9C8
BF638EDA
BF6E6F98
BF794BAE
BF821169
BF877A65
BF8CE0B0
BF924436
BF97A4E6
BF9D02B5
BFA25D97
BFA7B58A
BFAD0A88
BFB25C94
BFB7ABAE
BFBCF7DC
BFC24124
BFC7878E
BFCCCB23
BFD20BEE
BFD749FC
BFDC8558
BFE1BE11
BFE6F434
BFEC27D1
BFF158F6
BFF687B3
BFFBB417
C0006F19
C003030A
C00595E7
C00827B7
C00AB882
C00D4850
C00FD728
C0126513
C014F218
C0177E3D
C01A098B
C01C9408
C01F1DBB
C021A6AB
C0242EDF
C026B65C
C0293D2A
C02BC34D
C02E48CD
C030CDAF
C03351F8
C035D5AE
C03858D6
C03ADB75
C03D5D90
C03FDF2C
C042604D
C044E0F8
C0476131
C049E0FD
C04C605E
C04EDF5A
C0515DF4
C053DC2F
C0565A10
C058D798
C05B54CD
C05DD1B0
C0604E45
C062CA8F
C0654690
C067C24B
C06A3DC3
C06CB8FB
C06F33F4
C071AEB1
C0742935
C076A381
C0791D98
C07B977B
C07E112D
C0804558
C0818202
C082BE96
C083FB15
C085377F
C08673D6
C087B01A
C088EC4C
C08A286C
C08B647B
C08CA07A
C08DDC6A
C08F184A
C090541C
C0918FE0
C092CB97
C0940741
C09542DE
C0967E70
C097B9F6
C098F571
C09A30E1
C09B6C47
C09CA7A3
C09DE2F6
C09F1E40
C0A05981
C0A194B9
C0A2CFEA
C0A40B12
C0A54633
C0A6814D
C0A7BC60
C0A8F76C
C0AA3272
C0AB6D71
C0ACA86B
C0ADE35F
C0AF1E4D
C0B05936
C0B1941A
C0B2CEF9
C0B409D3
C0B544A8
C0B67F7A
C0B7BA47
C0B8F510
C0BA2FD5
C0BB6A96
C0BCA553
3FD5F11C
3FD58694
3FD51875
3FD4A69D
3FD430EE
3FD3B744
3FD3397F
3FD2B779
3FD2310D
3FD1A616
3FD1166B
3FD081E2
3FCFE852
3FCF498D
3FCEA566
3FCDFBAE
3FCD4C34
3FCC96C5
3FCBDB2B
3FCB1932
3FCA50A1
3FC9813D
3FC8AACA
3FC7CD0B
3FC6E7BF
3FC5FAA3
3FC50573
3FC407E8
3FC301B9
3FC1F29A
3FC0DA3E
3FBFB854
3FBE8C89
3FBD5689
3FBC15FB
3FBACA85
3FB973CC
3FB8116F
3FB6A30D
3FB52843
3FB3A0AA
3FB20BDA
3FB06969
3FAEB8EA
3FACF9EE
3FAB2C06
3FA94EC0
3FA761AA
3FA56451
3FA3563F
3FA13701
3F9F0623
3F9CC331
3F9A6DB9
3F980549
3F958974
3F92F9CC
3F9055EA
3F8D9D6A
3F8ACFEC
3F87ED18
3F84F498
3F81E624
3F7D82EC
3F770CA9
3F70691E
3F699801
3F62991C
3F5B6C53
3F5411A7
3F4C892F
3F44D321
3F3CEFD2
3F34DFB1
3F2CA34D
3F243B54
3F1BA890
3F12EBEC
3F0A066B
3F00F92F
3EEF8AE4
3EDCD912
3EC9DFBA
3EB6A1D8
3EA3228B
3E8F6512
3E76D984
3E4E7A0B
3E25B2A8
3DF914B0
3DA6103B
3D24CBD7
BA6E3472
BD2D523F
BDABF2DD
BE00D64F
BE2BE4E1
BE571F10
BE813F81
BE96FF93
BEACCD17
BEC2A58A
BED88691
BEEE6DF5
BF022CD3
BF0D23DD
BF181B37
BF231210
BF2E07AB
BF38FB5B
BF43EC85
BF4EDA9D
BF59C525
BF64ABB0
BF6F8DDC
BF7A6B56
BF82A1EB
BF880B8F
BF8D727D
BF92D6A1
BF9837EB
BF9D964D
BFA2F1C0
BFA84A3E
BFAD9FC3
BFB2F251
BFB841EA
BFBD8E91
BFC2D84F
BFC81F2A
BFCD632D
BFD2A463
BFD7E2D7
BFDD1E96
BFE257AE
BFE78E2D
BFECC222
BFF1F39D
BFF722AC
BFFC4F5F
C000BCE3
C00350F9
C005E3F9
C00875EB
C00B06D7
C00D96C5
C01025BC
C012B3C4
C01540E5
C017CD25
C01A588D
C01CE324
C01F6CEF
C021F5F6
C0247E40
C02705D3
C0298CB6
C02C12ED
C02E9881
C0311D75
C033A1D0
C0362597
C038A8CF
C03B2B7E
C03DADA8
C0402F53
C042B082
C045313B
C047B181
C04A3159
C04CB0C7
C04F2FCE
C051AE73
C0542CBA
C056AAA4
C0592837
C05BA575
C05E2261
C0609EFF
C0631B51
C065975B
C068131E
C06A8E9E
C06D09DC
C06F84DD
C071FFA1
C0747A2B
C076F47D
C0796E9A
C07BE883
C07E623B
C0806DE1
C081AA8E
C082E724
C08423A6
C0856012
C0869C6B
C087D8B1
C08914E5
C08A5107
C08B8D19
C08CC919
C08E050B
C08F40ED
C0907CC0
C091B886
C092F43E
C0942FEA
C0956B88
C096A71B
C097E2A2
C0991E1F
C09A5990
C09B94F7
C09CD055
C09E0BA9
C09F46F3
C0A08235
C0A1BD6F
C0A2F8A0
C0A433CA
C0A56EEB
C0A6AA06
C0A7E51A
C0A92027
C0AA5B2D
C0AB962D
C0ACD127
C0AE0C1C
C0AF470B
C0B081F4
C0B1BCD9
C0B2F7B8
C0B43293
C0B56D69
C0B6A83B
C0B7E308
C0B91DD2
C0BA5897
C0BB9359
C0BCCE17
3FD599CA
3FD52F4F
3FD4C13A
3FD44F6E
3FD3D9C8
3FD36028
3FD2E26B
3FD2606D
3FD1DA08
3FD14F17
3FD0BF70
3FD02AEC
3FCF915E
3FCEF29B
3FCE4E75
3FCDA4BC
3FCCF540
3FCC3FCD
3FCB842E
3FCAC22F
3FC9F995
3FC92A27
3FC853AA
3FC775DD
3FC69082
3FC5A355
3FC4AE12
3FC3B071
3FC2AA2B
3FC19AF2
3FC08279
3FBF6071
3FBE3484
3FBCFE60
3FBBBDAB
3FBA720B
3FB91B25
3FB7B898
3FB64A03
3FB4CF02
3FB3472E
3FB1B220
3FB00F6D
3FAE5EA8
3FAC9F62
3FAAD12C
3FA8F394
3FA70628
3FA50873
3FA2FA01
3FA0DA5F
3F9EA917
3F9C65B6
3F9A0FC9
3F97A6E0
3F952A8B
3F929A5F
3F8FF5F3
3F8D3CE2
3F8A6ECE
3F878B5D
3F84923C
3F81831F
3F7CBB85
3F7643D9
3F6F9ED8
3F68CC38
3F61CBC5
3F5A9D62
3F53410E
3F4BB6E3
3F43FF17
3F3C19FD
3F340807
3F2BC9C3
3F235FE0
3F1ACB28
3F120C86
3F0924FF
3F0015B5
3EEDBFC5
3EDB09BA
3EC80C1D
3EB4C9EC
3EA14647
3E8D846E
3E730F72
3E4AA728
3E21D6EE
3DF14B8C
3D9E356E
3D14F2FD
BB9DA636
BD3D7120
BDB413A6
BE04EF4D
BE300665
BE5B4901
BE8358A5
BE991CD3
BEAEEE64
BEC4CAD4
BEDAAFC7
BEF09B05
BF03453F
BF0E3E24
BF19374E
BF242FED
BF2F2745
BF3A1CA7
BF450F78
BF4FFF2D
BF5AEB47
BF65D35A
BF70B703
BF7B95EF
BF8337EB
BF88A23E
BF8E09D6
BF936E9E
BF98D088
BF9E2F85
BFA38B8D
BFA8E49B
BFAE3AAD
BFB38DC2
BFB8DDDE
BFBE2B04
BFC3753C
BFC8BC8E
BFCE0103
BFD342A7
BFD88185
BFDDBDAA
BFE2F725
BFE82E04
BFED6255
BFF29428
BFF7C38D
BFFCF093
C0010DA5
C003A1E1
C0063506
C008C71B
C00B5829
C00DE838
C010774F
C0130575
C01592B3
C0181F10
C01AAA93
C01D3544
C01FBF28
C0224848
C024D0A9
C0275853
C029DF4B
C02C6597
C02EEB3F
C0317046
C033F4B3
C036788C
C038FBD6
C03B7E95
C03E00CF
C0408289
C04303C7
C045848E
C04804E2
C04A84C7
C04D0441
C04F8355
C0520205
C0548057
C056FE4C
C0597BE9
C05BF931
C05E7627
C060F2CE
C0636F29
C065EB3B
C0686707
C06AE28E
C06D5DD5
C06FD8DC
C07253A7
C074CE38
C0774891
C079C2B4
C07C3CA3
C07EB660
C08097F7
C081D4A6
C083113F
C0844DC3
C0858A32
C086C68E
C08802D6
C0893F0C
C08A7B30
C08BB743
C08CF346
C08E2F39
C08F6B1D
C090A6F2
C091E2B9
C0931E73
C0945A20
C09595C0
C096D154
C0980CDD
C099485A
C09A83CD
C09BBF36
C09CFA94
C09E35E9
C09F7135
C0A0AC78
C0A1E7B2
C0A322E4
C0A45E0F
C0A59932
C0A6D44D
C0A80F61
C0A94A6F
C0AA8576
C0ABC077
C0ACFB72
C0AE3667
C0AF7157
C0B0AC41
C0B1E726
C0B32206
C0B45CE1
C0B597B8
C0B6D28A
C0B80D58
C0B94822
C0BA82E8
C0BBBDAA
C0BCF868
3FD53F5A
3FD4D4EB
3FD466E2
3FD3F51F
3FD37F84
3FD305ED
3FD28838
3FD20641
3FD17FE3
3FD0F4F6
3FD06554
3FCFD0D3
3FCF3748
3FCE9886
3FCDF45F
3FCD4AA5
3FCC9B26
3FCBE5AE
3FCB2A0A
3FCA6803
3FC99F61
3FC8CFE8
3FC7F95E
3FC71B83
3FC63617
3FC548D8
3FC45380
3FC355C9
3FC24F69
3FC14015
3FC0277F
3FBF0555
3FBDD946
3FBCA2FB
3FBB621D
3FBA1652
3FB8BF3C
3FB75C7C
3FB5EDB1
3FB47276
3FB2EA66
3FB15517
3FAFB21F
3FAE0111
3FAC417E
3FAA72F7
3FA89509
3FA6A742
3FA4A92E
3FA29A58
3FA07A4C
3F9E4896
3F9C04C1
3F99AE5C
3F9744F4
3F94C81A
3F923764
3F8F9268
3F8CD8C1
3F8A0A11
3F8725FE
3F842C34
3F811C67
3F7BECAB
3F757387
3F6ECD02
3F67F8D0
3F60F6BE
3F59C6B0
3F5268A5
3F4ADCB5
3F432319
3F3B3C23
3F332845
3F2AE80F
3F227C2E
3F19E56F
3F1124BB
3F083B19
3EFE5358
3EEBE35F
3ED928F0
3EC626E4
3EB2E038
3E9F580F
3E8B91AB
3E6F20CA
3E46AF55
3E1DD5EC
3DE93728
3D960EAE
3D0480DF
BC112D84
BD4E2C04
BDBC831D
BE092FF9
BE344FEC
BE5F9B4B
BE85861E
BE9B4E91
BEB12458
BEC704ED
BEDCEDF4
BEF2DD33
BF04684D
BF0F631E
BF1A5E2B
BF2558A4
BF3051C9
BF3B48EE
BF463D77
BF512ED9
BF5C1C95
BF67063F
BF71EB74
BF7CCBE1
BF83D39F
BF893EA7
BF8EA6EF
BF940C63
BF996EF2
BF9ECE90
BFA42B33
BFA984D8
BFAEDB7C
BFB42F1E
BFB97FC1
BFBECD6B
BFC41822
BFC95FEF
BFCEA4DB
BFD3E6F1
BFD9263E
BFDE62CE
BFE39CB0
BFE8D3F1
BFEE08A2
BFF33AD1
BFF86A8F
BFFD97EA
C001617A
C003F5DE
C0068929
C0091B63
C00BAC95
C00E3CC6
C010CBFD
C0135A44
C015E7A0
C018741B
C01AFFBA
C01D8A85
C0201484
C0229DBD
C0252637
C027ADF8
C02A3506
C02CBB68
C02F4124
C031C63F
C0344AC0
C036CEAC
C0395207
C03BD4D7
C03E5722
C040D8EC
C0435A39
C045DB0E
C0485B70
C04ADB63
C04D5AEA
C04FDA0B
C05258C7
C054D724
C0575525
C059D2CD
C05C501F
C05ECD1F
C06149CF
C063C634
C066424E
C068BE22
C06B39B2
C06DB501
C0703010
C072AAE2
C075257A
C0779FDA
C07A1A03
C07C93F9
C07F0DBC
C080C3A7
C082005A
C0833CF5
C084797C
C085B5ED
C086F24B
C0882E96
C0896ACE
C08AA6F4
C08BE309
C08D1F0E
C08E5B03
C08F96E8
C090D2C0
C0920E88
C0934A44
C09485F2
C095C194
C096FD2A
C09838B4
C0997432
C09AAFA7
C09BEB10
C09D2670
C09E61C6
C09F9D13
C0A0D857
C0A21392
C0A34EC6
C0A489F1
C0A5C515
C0A70031
C0A83B46
C0A97655
C0AAB15D
C0ABEC5E
C0AD275A
C0AE6250
C0AF9D40
C0B0D82B
C0B21310
C0B34DF1
C0B488CD
C0B5C3A4
C0B6FE77
C0B83945
C0B97410
C0BAAED6
C0BBE999
C0BD2457
3FD4E1B2
3FD4774E
3FD40950
3FD39797
3FD32205
3FD2A877
3FD22ACA
3FD1A8D9
3FD12281
3FD0979A
3FD007FC
3FCF737D
3FCED9F3
3FCE3B31
3FCD970A
3FCCED4E
3FCC3DCB
3FCB884E
3FCACCA3
3FCA0A94
3FC941E7
3FC87263
3FC79BCB
3FC6BDE0
3FC5D863
3FC4EB10
3FC3F5A2
3FC2F7D3
3FC1F159
3FC0E1E7
3FBFC931
3FBEA6E5
3FBD7AB1
3FBC443E
3FBB0334
3FB9B73B
3FB85FF3
3FB6FCFE
3FB58DFB
3FB41284
3FB28A34
3FB0F4A1
3FAF5161
3FADA006
3FABE023
3FAA1147
3FA832FF
3FA644DA
3FA44662
3FA23724
3FA016AB
3F9DE481
3F9BA034
3F994950
3F96DF65
3F946202
3F91D0BB
3F8F2B29
3F8C70E6
3F89A194
3F86BCD7
3F83C25E
3F80B1DB
3F7B1619
3F749B6E
3F6DF355
3F671D82
3F6019C1
3F58E7F7
3F518822
3F49FA5D
3F423EDE
3F3A55F9
3F324020
3F29FDE3
3F218FF0
3F18F715
3F10343B
3F07486A
3EFC6989
3EE9F50F
3ED73611
3EC42F68
3EB0E415
3E9D573B
3E898C1E
3E6B0C33
3E429138
3E19AE44
3DE0D4C1
3D8D9933
3CE6DFB4
BC560939
BD5F88A7
BDC54429
BE0D99C9
BE38C2F0
BE64176A
BE87C8AC
BE9D9590
BEB36FB7
BEC9549B
BEDF41DE
BEF53546
BF059661
BF109333
BF1B9036
BF268C99
BF31879E
BF3C8098
BF4776EB
BF526A0A
BF5D5979
BF6844C9
BF732B9A
BF7E0D97
BF84753D
BF89E101
BF8F4A01
BF94B026
BF9A1361
BF9F73A5
BFA4D0EB
BFAA2B2C
BFAF8267
BFB4D69B
BFBA27CD
BFBF75FF
BFC4C13B
BFCA0987
BFCF4EEE
BFD4917B
BFD9D13B
BFDF0E3A
BFE44886
BFE9802F
BFEEB543
BFF3E7D3
BFF917EC
BFFE45A1
C001B880
C0044D0D
C006E080
C00972E1
C00C0437
C00E948B
C01123E5
C013B24D
C0163FC9
C018CC62
C01B581F
C01DE306
C0206D20
C022F674
C0257F06
C02806DF
C02A8E05
C02D147E
C02F9A4F
C0321F7F
C034A414
C0372813
C039AB81
C03C2E63
C03EB0BF
C0413299
C043B3F6
C04634DB
C048B54B
C04B354C
C04DB4E1
C050340E
C052B2D7
C0553140
C057AF4D
C05A2D00
C05CAA5D
C05F2767
C061A422
C064208F
C0669CB3
C0691890
C06B9429
C06E0F7F
C0708A96
C0730570
C075800F
C077FA76
C07A74A6
C07CEEA2
C07F686C
C080F102
C0822DB7
C0836A56
C084A6DF
C085E353
C0871FB3
C0885C00
C089983B
C08AD463
C08C107A
C08D4C81
C08E8878
C08FC460
C0910039
C0923C03
C09377C0
C094B370
C095EF14
C0972AAB
C0986636
C099A1B6
C09ADD2C
C09C1897
C09D53F8
C09E8F4F
C09FCA9D
C0A105E2
C0A2411F
C0A37C53
C0A4B77F
C0A5F2A4
C0A72DC1
C0A868D7
C0A9A3E7
C0AADEEF
C0AC19F2
C0AD54EE
C0AE8FE5
C0AFCAD6
C0B105C1
C0B240A7
C0B37B89
C0B4B665
C0B5F13D
C0B72C10
C0B866DF
C0B9A1AA
C0BADC71
C0BC1734
C0BD51F3
3FD480B4
3FD4165C
3FD3A868
3FD336B9
3FD2C130
3FD247AA
3FD1CA04
3FD1481A
3FD0C1C7
3FD036E4
3FCFA749
3FCF12CD
3FCE7944
3FCDDA82
3FCD3659
3FCC8C99
3FCBDD11
3FCB278F
3FCA6BDC
3FC9A9C4
3FC8E10C
3FC8117B
3FC73AD4
3FC65CD8
3FC57748
3FC489DF
3FC3945A
3FC29671
3FC18FDB
3FC0804B
3FBF6773
3FBE4503
3FBD18A7
3FBBE209
3FBAA0D3
3FB954A8
3FB7FD2C
3FB69A00
3FB52AC1
3FB3AF0B
3FB22678
3FB0909E
3FAEED13
3FAD3B69
3FAB7B32
3FA9ABFD
3FA7CD57
3FA5DECF
3FA3DFF0
3FA1D045
3F9FAF5A
3F9D7CB8
3F9B37EE
3F98E087
3F967611
3F93F81F
3F916643
3F8EC015
3F8C052F
3F893533
3F864FC7
3F835497
3F804357
3F7A3788
3F73BB47
3F6D1189
3F663A04
3F5F3483
3F5800EB
3F509F3B
3F490F8D
3F415219
3F396732
3F314F4A
3F290AF2
3F209AD9
3F17FFCC
3F0F3AB7
3F064CA0
3EFA6D57
3EE7F42F
3ED53075
3EC22502
3EAED4D8
3E9B431E
3E877319
3E66D04C
3E3E4B6B
3E155E8D
3DD8217B
3D84D21B
3CC3743C
BC8EBEDE
BD718CF7
BDCE59C7
BE122E3F
BE3D60F6
BE68BEE6
BE8A2117
BE9FF297
BEB5D14A
BECBBAA8
BEE1AC52
BEF7A40E
BF06CFE4
BF11CECA
BF1CCDD7
BF27CC38
BF32C930
BF3DC411
BF48BC3F
BF53B12D
BF5EA260
BF698F68
BF7477E4
BF7F5B81
BF851CFC
BF8A8985
BF8FF342
BF955A20
BF9ABE0E
BFA01F00
BFA57CED
BFAAD7D1
BFB02FA9
BFB58476
BFBAD63A
BFC024FB
BFC570C0
BFCAB991
BFCFFF78
BFD54281
BFDA82B8
BFDFC02A
BFE4FAE6
BFEA32FA
BFEF6875
BFF49B68
BFF9CBE1
BFFEF9F2
C00212D5
C004A78E
C0073B2A
C009CDB2
C00C5F2F
C00EEFA8
C0117F26
C0140DAF
C0169B4D
C0192805
C01BB3E0
C01E3EE6
C020C91C
C023528A
C025DB37
C028632A
C02AEA68
C02D70F7
C02FF6DF
C0327C25
C03500CF
C03784E1
C03A0862
C03C8B57
C03F0DC5
C0418FB0
C044111E
C0469212
C0491292
C04B92A1
C04E1245
C050917F
C0531056
C0558ECB
C0580CE4
C05A8AA2
C05D080A
C05F851F
C06201E4
C0647E5C
C066FA8A
C0697670
C06BF211
C06E6D70
C070E88F
C0736371
C075DE18
C0785886
C07AD2BD
C07D4CC0
C07FC690
C0812017
C0825CD0
C0839971
C084D5FD
C0861274
C0874ED6
C0888B26
C089C763
C08B038D
C08C3FA7
C08D7BB0
C08EB7A9
C08FF392
C0912F6D
C0926B3A
C093A6F8
C094E2AA
C0961E4F
C09759E8
C0989575
C099D0F6
C09B0C6D
C09C47D9
C09D833C
C09EBE94
C09FF9E3
C0A1352A
C0A27067
C0A3AB9C
C0A4E6CA
C0A621EF
C0A75D0E
C0A89825
C0A9D335
C0AB0E3E
C0AC4942
C0AD843F
C0AEBF36
C0AFFA28
C0B13514
C0B26FFB
C0B3AADD
C0B4E5BA
C0B62092
C0B75B66
C0B89636
C0B9D101
C0BB0BC8
C0BC468C
C0BD814C
3FD41C45
3FD3B1F7
3FD3440D
3FD2D268
3FD25CE7
3FD1E369
3FD165CA
3FD0E3E6
3FD05D97
3FCFD2B8
3FCF4320
3FCEAEA5
3FCE151C
3FCD7659
3FCCD22D
3FCC286A
3FCB78DC
3FCAC353
3FCA0798
3FC94574
3FC87CB0
3FC7AD11
3FC6D65A
3FC5F84C
3FC512A7
3FC42528
3FC32F8A
3FC23186
3FC12AD1
3FC01B20
3FBF0225
3FBDDF8E
3FBCB309
3FBB7C3F
3FBA3AD9
3FB8EE7B
3FB796C8
3FB63362
3FB4C3E5
3FB347ED
3FB1BF14
3FB028EF
3FAE8515
3FACD318
3FAB1289
3FA942F7
3FA763F0
3FA57502
3FA375B6
3FA1659A
3F9F4437
3F9D1119
3F9ACBCC
3F9873DC
3F9608D7
3F938A50
3F90F7D8
3F8E5107
3F8B9579
3F88C4CD
3F85DEA9
3F82E2BB
3F7FA16D
3F7950AF
3F72D2C7
3F6C2754
3F654E0B
3F5E46B9
3F571141
3F4FADA3
3F481BF9
3F405C7B
3F386F7D
3F305572
3F280EEA
3F1F9C95
3F16FF41
3F0E37D9
3F054766
3EF85E18
3EE5E013
3ED3176D
3EC006FF
3EACB1CF
3E991B04
3E8545E6
3E626BA6
3E39DC7D
3E10E551
3DCF1A64
3D776CD6
3C9EB34B
BCB3D1AD
BD821F8B
BDD7C710
BE16EEEC
BE422B92
BE6D9356
BE8C902A
BEA26676
BEB849E2
BECE37E8
BEE42E24
BEFA2A5E
BF081541
BF131651
BF1E177B
BF2917EE
BF3416EC
BF3F13C7
BF4A0DE3
BF5504B4
BF5FF7BC
BF6AE68C
BF75D0C5
BF805B09
BF85CB16
BF8B386B
BF90A2EE
BF960A8C
BF9B6F34
BFA0D0DA
BFA62F76
BFAB8B03
BFB0E37F
BFB638E9
BFBB8B47
BFC0DA9B
BFC626EF
BFCB704A
BFD0B6B6
BFD5FA3F
BFDB3AF2
BFE078DC
BFE5B40B
BFEAEC8F
BFF02276
BFF555D0
BFFA86AD
BFFFB51E
C002709A
C005057E
C0079946
C00A2BF8
C00CBD9C
C00F4E3C
C011DDDE
C0146C8B
C016FA4B
C0198724
C01C1320
C01E9E43
C0212897
C023B222
C0263AEA
C028C2F6
C02B4A4D
C02DD0F6
C03056F5
C032DC51
C0356110
C037E538
C03A68CD
C03CEBD5
C03F6E55
C041F052
C04471D1
C046F2D6
C0497365
C04BF384
C04E7336
C050F27F
C0537162
C055EFE5
C0586E0A
C05AEBD5
C05D6949
C05FE669
C0626338
C064DFBA
C0675BF2
C069D7E2
C06C538C
C06ECEF4
C0714A1C
C073C506
C0763FB4
C078BA2A
C07B3468
C07DAE72
C0801424
C08150F7
C0828DB2
C083CA57
C08506E6
C086435F
C0877FC5
C088BC17
C089F856
C08B3483
C08C709F
C08DACAA
C08EE8A5
C0902491
C091606D
C0929C3C
C093D7FC
C09513B0
C0964F56
C0978AF1
C098C67F
C09A0202
C09B3D7B
C09C78E8
C09DB44C
C09EEFA6
C0A02AF6
C0A1663E
C0A2A17C
C0A3DCB3
C0A517E1
C0A65308
C0A78E27
C0A8C93F
C0AA0450
C0AB3F5B
C0AC7A5F
C0ADB55D
C0AEF055
C0B02B47
C0B16634
C0B2A11C
C0B3DBFE
C0B516DC
C0B651B5
C0B78C89
C0B8C759
C0BA0225
C0BB3CED
C0BC77B1
C0BDB272
3FD3B446
3FD34A02
3FD2DC22
3FD26A86
3FD1F50D
3FD17B96
3FD0FDFD
3FD07C1E
3FCFF5D4
3FCF6AF8
3FCEDB61
3FCE46E7
3FCDAD5D
3FCD0E98
3FCC6A69
3FCBC0A1
3FCB110D
3FCA5B7B
3FC99FB6
3FC8DD87
3FC814B6
3FC74507
3FC66E3E
3FC5901D
3FC4AA62
3FC3BCCB
3FC2C712
3FC1C8F1
3FC0C21C
3FBFB249
3FBE9928
3FBD7668
3FBC49B7
3FBB12BF
3FB9D126
3FB88492
3FB72CA7
3FB5C903
3FB45945
3FB2DD08
3FB153E5
3FAFBD73
3FAE1947
3FAC66F3
3FAAA608
3FA8D615
3FA6F6A9
3FA5074E
3FA30793
3FA0F700
3F9ED521
3F9CA181
3F9A5BAB
3F98032D
3F959793
3F931870
3F908556
3F8DDDDC
3F8B219E
3F88503B
3F856959
3F826CA6
3F7EB3A8
3F786141
3F71E1A1
3F6B3468
3F64594A
3F5D5013
3F5618A8
3F4EB309
3F471F4F
3F3F5DB3
3F376E8A
3F2F5245
3F270977
3F1E94D0
3F15F51D
3F0D2B4C
3F043865
3EF63B1B
3EE3B809
3ED0EA44
3EBDD4AA
3EAA7A42
3E96DE34
3E8303C9
3E5DDCC6
3E3542ED
3E0C410C
3DC5BC6E
3D64861C
3C7120DE
BCDA499C
BD8BD2AE
BDE18F37
BE1BDD6B
BE472465
BE729661
BE8F16BC
BEA4F203
BEBADA58
BED0CD33
BEE6C830
BEFCC916
BF0966E7
BF146A36
BF1F6D93
BF2A702E
BF357146
BF407030
BF4B6C4D
BF566512
BF615A01
BF6C4AAD
BF7736B4
BF810EE1
BF867FC8
BF8BEDF1
BF915942
BF96C1A7
BF9C2710
BFA18972
BFA6E8C3
BFAC4500
BFB19E25
BFB6F434
BFBC4730
BFC1971F
BFC6E407
BFCC2DF1
BFD174E8
BFD6B8F7
BFDBFA2A
BFE13891
BFE67438
BFEBAD2F
BFF0E386
BFF6174B
BFFB4890
C0003BB3
C002D1ED
C0056701
C007FAF4
C00A8DD1
C00D1F9F
C00FB067
C0124030
C014CF02
C0175CE5
C019E9E1
C01C75FD
C01F0140
C0218BB3
C024155B
C0269E3F
C0292667
C02BADD8
C02E349A
C030BAB1
C0334025
C035C4FA
C0384937
C03ACCE1
C03D4FFD
C03FD290
C04254A0
C044D630
C0475747
C049D7E7
C04C5815
C04ED7D6
C051572E
C053D620
C05654B0
C058D2E2
C05B50B9
C05DCE39
C0604B65
C062C840
C06544CC
C067C10E
C06A3D08
C06CB8BC
C06F342D
C071AF5D
C0742A50
C076A507
C0791F84
C07B99CB
C07E13DB
C08046DD
C08183B3
C082C071
C083FD19
C08539AB
C0867627
C087B28F
C088EEE4
C08A2B26
C08B6755
C08CA374
C08DDF81
C08F1B7E
C090576C
C091934B
C092CF1B
C0940ADE
C0954693
C096823B
C097BDD7
C098F967
C09A34EC
C09B7066
C09CABD5
C09DE73A
C09F2295
C0A05DE7
C0A1992F
C0A2D46F
C0A40FA7
C0A54AD6
C0A685FE
C0A7C11E
C0A8FC37
C0AA3749
C0AB7255
C0ACAD5A
C0ADE858
C0AF2351
C0B05E44
C0B19932
C0B2D41A
C0B40EFE
C0B549DC
C0B684B6
C0B7BF8B
C0B8FA5C
C0BA3528
C0BB6FF0
C0BCAAB5
C0BDE576
3FD34898
3FD2DE5E
3FD27087
3FD1FEF3
3FD18982
3FD11011
3FD0927E
3FD010A3
3FCF8A5D
3FCEFF83
3FCE6FEE
3FCDDB73
3FCD41E8
3FCCA320
3FCBFEED
3FCB551E
3FCAA583
3FC9EFE8
3FC93419
3FC871DD
3FC7A8FD
3FC6D93D
3FC60261
3FC5242B
3FC43E58
3FC350A7
3FC25AD2
3FC15C91
3FC0559B
3FBF45A3
3FBE2C5A
3FBD0970
3FBBDC91
3FBAA567
3FB9639A
3FB816CD
3FB6BEA5
3FB55AC2
3FB3EABF
3FB26E3A
3FB0E4CA
3FAF4E07
3FADA985
3FABF6D6
3FAA358B
3FA86534
3FA6855D
3FA49593
3FA29561
3FA08453
3F9E61F3
3F9C2DCB
3F99E768
3F978E55
3F952221
3F92A25B
3F900E99
3F8D666F
3F8AA979
3F87D758
3F84EFB0
3F81F22F
3F7DBD10
3F7768F0
3F70E787
3F6A3875
3F635B6F
3F5C5041
3F5516D0
3F4DAF1A
3F46193C
3F3E556D
3F366402
3F2E456E
3F25FA43
3F1D8332
3F14E10A
3F0C14B7
3F031F43
3EF403A9
3EE17B57
3ECEA842
3EBB8D48
3EA82D72
3E948BEC
3E80AC00
3E592223
3E307D30
3E07702F
3DBC0471
3D50E9A7
3C21FD91
BD0119D4
BD95E32D
BDEBB58C
BE20FB6B
BE4C4D1F
BE77C9B9
BE91B5A6
BEA7961A
BEBD838A
BED37B6A
BEE97B59
BEFF8119
BF0AC54A
BF15CAEF
BF20D095
BF2BD56C
BF36D8B5
BF41D9C1
BF4CD7F4
BF57D2C1
BF62C9AB
BF6DBC44
BF78AA2B
BF81C986
BF873B50
BF8CAA55
BF92167C
BF977FB0
BF9CE5E2
BFA24907
BFA7A914
BFAD0607
BFB25FDD
BFB7B697
BFBD0A39
BFC25AC7
BFC7A849
BFCCF2C8
BFD23A4F
BFD77EE8
BFDCC0A2
BFE1FF8A
BFE73BAE
BFEC751D
BFF1ABE8
BFF6E01D
BFFC11CE
C000A086
C00336F2
C005CC36
C0086058
C00AF362
C00D855B
C010164C
C012A63C
C0153535
C017C33D
C01A505D
C01CDC9B
C01F67FF
C021F291
C0247C58
C027055A
C0298D9E
C02C152A
C02E9C06
C0312237
C033A7C3
C0362CAF
C038B103
C03B34C2
C03DB7F3
C0403A9A
C042BCBD
C0453E60
C047BF88
C04A4039
C04CC078
C04F4049
C051BFB0
C0543EB0
C056BD4F
C0593B8E
C05BB973
C05E36FF
C060B437
C063311D
C065ADB5
C0682A02
C06AA606
C06D21C4
C06F9D3E
C0721878
C0749374
C0770E33
C07988B9
C07C0307
C07E7D1F
C0807B82
C081B85C
C082F51E
C08431C8
C0856E5D
C086AADD
C087E748
C089239F
C08A5FE4
C08B9C16
C08CD837
C08E1446
C08F5046
C0908C36
C091C817
C09303E9
C0943FAE
C0957B65
C096B70F
C097F2AD
C0992E3F
C09A69C5
C09BA540
C09CE0B1
C09E1C17
C09F5774
C0A092C7
C0A1CE11
C0A30952
C0A4448B
C0A57FBB
C0A6BAE4
C0A7F605
C0A9311F
C0AA6C32
C0ABA73F
C0ACE245
C0AE1D44
C0AF583E
C0B09332
C0B1CE20
C0B30909
C0B443ED
C0B57ECC
C0B6B9A7
C0B7F47C
C0B92F4E
C0BA6A1B
C0BBA4E4
C0BCDFA9
C0BE1A6A
3FD2D91B
3FD26EEB
3FD2011D
3FD18F91
3FD11A26
3FD0A0BB
3FD0232D
3FCFA156
3FCF1B13
3FCE903A
3FCE00A5
3FCD6C2A
3FCCD29C
3FCC33D0
3FCB8F98
3FCAE5C3
3FCA361F
3FC9807A
3FC8C49D
3FC80254
3FC73963
3FC66991
3FC592A1
3FC4B454
3FC3CE68
3FC2E09C
3FC1EAA8
3FC0EC46
3FBFE52C
3FBED50D
3FBDBB9B
3FBC9884
3FBB6B74
3FBA3416
3FB8F211
3FB7A50A
3FB64CA2
3FB4E87B
3FB37831
3FB1FB60
3FB071A0
3FAEDA88
3FAD35AC
3FAB829E
3FA9C0EF
3FA7F02E
3FA60FE9
3FA41FAA
3FA21EFE
3FA00D6F
3F9DEA88
3F9BB5D3
3F996EDC
3F97152F
3F94A859
3F9227EB
3F8F9379
3F8CEA98
3F8A2CE4
3F8759FC
3F847186
3F81732F
3F7CBD56
3F76676A
3F6FE426
3F69332A
3F625428
3F5B46EF
3F540B62
3F4CA182
3F45096A
3F3D4351
3F354F8E
3F2D2E93
3F24E0F4
3F1C6761
3F13C2AA
3F0AF3BC
3F01FBA2
3EF1B707
3EDF2940
3ECC50A4
3EB93015
3EA5CA9C
3E922367
3E7C7B85
3E543A29
3E2B89AC
3E02711C
3DB1EF2A
3D3C90E3
3B9FC429
BD15CEA0
BDA0546B
BDF63D7B
BE264AA3
BE51A77E
BE7D2F1F
BE946DCD
BEAA53A2
BEC0465F
BED64378
BEEC4888
BF0129AA
BF0C30E1
BF1738F3
BF2240F9
BF2D4824
BF384DB2
BF4350F6
BF4E5153
BF594E3D
BF644736
BF6F3BD0
BF7A2BAA
BF828B38
BF87FDEE
BF8D6DD8
BF92DADC
BF9844E8
BF9DABEB
BFA30FDA
BFA870AC
BFADCE5C
BFB328EA
BFB88056
BFBDD4A3
BFC325D6
BFC873F9
BFCDBF13
BFD3072F
BFD84C59
BFDD8E9E
BFE2CE0C
BFE80AB2
BFED449F
BFF27BE1
BFF7B08B
BFFCE2AC
C001092A
C0039FCB
C0063541
C008C993
C00B5CCB
C00DEEF1
C010800D
C0131028
C0159F48
C0182D77
C01ABABB
C01D471D
C01FD2A4
C0225D57
C024E73D
C027705E
C029F8BF
C02C8068
C02F075F
C0318DAA
C034134F
C0369854
C0391CBE
C03BA094
C03E23DB
C040A697
C04328CE
C045AA84
C0482BBE
C04AAC81
C04D2CD1
C04FACB2
C0522C29
C054AB39
C05729E6
C059A833
C05C2625
C05EA3BF
C0612103
C0639DF6
C0661A99
C06896F1
C06B1300
C06D8EC8
C0700A4C
C0728590
C0750094
C0777B5D
C079F5EB
C07C7041
C07EEA61
C080B227
C081EF04
C0832BCA
C0846878
C085A510
C086E193
C0881E01
C0895A5B
C08A96A2
C08BD2D7
C08D0EFA
C08E4B0D
C08F870F
C090C301
C091FEE4
C0933AB8
C094767F
C095B238
C096EDE4
C0982984
C0996517
C09AA09F
C09BDC1C
C09D178E
C09E52F6
C09F8E54
C0A0C9A9
C0A204F4
C0A34036
C0A47B70
C0A5B6A2
C0A6F1CC
C0A82CEE
C0A9680A
C0AAA31E
C0ABDE2B
C0AD1932
C0AE5432
C0AF8F2D
C0B0CA22
C0B20511
C0B33FFB
C0B47AE0
C0B5B5BF
C0B6F09A
C0B82B71
C0B96643
C0BAA110
C0BBDBDA
C0BD16A0
C0BE5162
3FD265AF
3FD1FB88
3FD18DC2
3FD11C3D
3FD0A6D9
3FD02D73
3FCFAFE9
3FCF2E16
3FCEA7D4
3FCE1CFC
3FCD8D67
3FCCF8E9
3FCC5F58
3FCBC088
3FCB1C49
3FCA726B
3FC9C2BE
3FC90D0D
3FC85123
3FC78ECA
3FC6C5C8
3FC5F5E2
3FC51EDC
3FC44076
3FC35A70
3FC26C86
3FC17672
3FC077ED
3FBF70AD
3FBE6065
3FBD46C6
3FBC237F
3FBAF63D
3FB9BEA8
3FB87C69
3FB72F23
3FB5D67A
3FB4720C
3FB30177
3FB18457
3FAFFA43
3FAE62D2
3FACBD98
3FAB0A27
3FA94810
3FA776E1
3FA59627
3FA3A56F
3FA1A443
3F9F922E
3F9D6EBB
3F9B3973
3F98F1E2
3F969793
3F942A15
3F91A8F8
3F8F13CF
3F8C6A30
3F89ABB5
3F86D7FF
3F83EEB3
3F80EF7E
3F7BB426
3F755C5D
3F6ED72B
3F682430
3F61431F
3F5A33C6
3F52F609
3F4B89E8
3F43EF7F
3F3C2706
3F3430D3
3F2C0D59
3F23BD2D
3F1B40FF
3F12999F
3F09C7FD
3F00CD23
3EEF5470
3EDCC0FF
3EC9E2A6
3EB6BC49
3EA350F4
3E8FA3D8
3E777084
3E4F2336
3E2666BC
3DFA8452
3DA7793B
3D277500
B9A9A2AE
BD2B4A23
BDAB29E8
BE009546
BE2BCCDD
BE57354E
BE816433
BE97401A
BEAD2B86
BEC323C5
BED9264B
BEEF30B2
BF02A05D
BF0DAA27
BF18B4BE
BF23BF3D
BF2EC8D1
BF39D0BC
BF44D64F
BF4FD8ED
BF5AD808
BF65D325
BF70C9D4
BF7BBBB4
BF835439
BF88C7E4
BF8E38BC
BF93A6A7
BF991193
BF9E796F
BFA3DE30
BFA93FCE
BFAE9E43
BFB3F990
BFB951B4
BFBEA6B3
BFC3F894
BFC9475D
BFCE9318
BFD3DBCF
BFD9218F
BFDE6465
BFE3A45F
BFE8E18B
BFEE1BFA
BFF353BA
BFF888DD
BFFDBB72
C00175C5
C0040C9C
C006A246
C00936CA
C00BCA33
C00E5C87
C010EDD0
C0137E16
C0160D60
C0189BB6
C01B2921
C01DB5A8
C0204153
C022CC28
C025562F
C027DF6F
C02A67EF
C02CEFB6
C02F76C9
C031FD2F
C03482EE
C037080C
C0398C8F
C03C107D
C03E93D9
C04116AB
C04398F7
C0461AC1
C0489C0E
C04B1CE4
C04D9D46
C0501D38
C0529CBF
C0551BDF
C0579A9B
C05A18F7
C05C96F7
C05F149E
C06191EF
C0640EEF
C0668B9E
C0690801
C06B841B
C06DFFEE
C0707B7D
C072F6CA
C07571D9
C077ECAA
C07A6741
C07CE1A0
C07F5BC8
C080EADE
C08227BF
C0836488
C084A13A
C085DDD6
C0871A5C
C08856CD
C089932A
C08ACF74
C08C0BAC
C08D47D2
C08E83E7
C08FBFEB
C090FBE0
C09237C5
C093739C
C094AF64
C095EB1F
C09726CE
C098626F
C0999E04
C09AD98E
C09C150D
C09D5081
C09E8BEA
C09FC74A
C0A1029F
C0A23DEC
C0A37930
C0A4B46B
C0A5EF9E
C0A72AC9
C0A865ED
C0A9A109
C0AADC1E
C0AC172C
C0AD5234
C0AE8D36
C0AFC831
C0B10327
C0B23E17
C0B37902
C0B4B3E7
C0B5EEC8
C0B729A3
C0B8647A
C0B99F4D
C0BADA1B
C0BC14E6
C0BD4FAC
C0BE8A6E
3FD1EE32
3FD18413
3FD11654
3FD0A4D6
3FD02F77
3FCFB616
3FCF3890
3FCEB6BF
3FCE307E
3FCDA5A6
3FCD160F
3FCC818F
3FCBE7FA
3FCB4923
3FCAA4DD
3FC9FAF6
3FC94B3D
3FC89580
3FC7D987
3FC7171D
3FC64E08
3FC57E0D
3FC4A6EF
3FC3C86F
3FC2E24C
3FC1F442
3FC0FE0C
3FBFFF62
3FBEF7FA
3FBDE786
3FBCCDB9
3FBBAA40
3FBA7CC8
3FB944F9
3FB8027D
3FB6B4F6
3FB55C07
3FB3F74F
3FB2866C
3FB108F8
3FAF7E8C
3FADE6BE
3FAC4122
3FAA8D4A
3FA8CAC6
3FA6F924
3FA517F1
3FA326BA
3FA12509
3F9F1269
3F9CEE63
3F9AB882
3F987050
3F96155A
3F93A72E
3F91255A
3F8E8F72
3F8BE50D
3F8925C4
3F865137
3F83670D
3F8066F1
3F7AA12C
3F744772
3F6DC03F
3F670B30
3F6027FB
3F59166D
3F51D669
3F4A67F1
3F42CB20
3F3B002F
3F330773
3F2AE162
3F228E8F
3F1A0FAC
3F116589
3F089117
3EFF26C1
3EECDB1E
3EDA41C8
3EC75D79
3EB43115
3EA0BFAA
3E8D0C6A
3E723550
3E49DB98
3E2112AA
3DEFC339
3D9C9F29
3D118EF6
BBBB58A9
BD419388
BDB66744
BE064034
BE3183F2
BE5CF86D
BE844BB7
BE9A2D81
BEB01EBC
BEC61CB4
BEDC24DD
BEF234CF
BF042525
BF0F319B
BF1A3ED1
BF254BE0
BF3057F8
BF3B6257
BF466A4F
BF516F44
BF5C70A8
BF676DFD
BF7266D6
BF7D5AD2
BF8424CE
BF899977
BF8F0B46
BF947A22
BF99E5F6
BF9F4EB4
BFA4B44F
BFAA16C0
BFAF7603
BFB4D216
BFBA2AFA
BFBF80B3
BFC4D346
BFCA22BD
BFCF6F1F
BFD4B878
BFD9FED4
BFDF4240
BFE482CB
BFE9C084
BFEEFB79
BFF433BC
BFF9695C
BFFE9C6A
C001E67C
C0047D8B
C007136A
C009A823
C00C3BBE
C00ECE43
C0115FBA
C013F02C
C0167FA1
C0190E22
C01B9BB5
C01E2862
C020B432
C0233F2A
C025C954
C02852B5
C02ADB55
C02D633A
C02FEA6A
C03270ED
C034F6C7
C0377C00
C03A009C
C03C84A1
C03F0816
C0418AFE
C0440D5F
C0468F3E
C049109F
C04B9188
C04E11FC
C0509200
C0531198
C05590C9
C0580F95
C05A8E00
C05D0C0F
C05F89C4
C0620723
C064842F
C06700EB
C0697D5A
C06BF980
C06E755E
C070F0F7
C0736C4F
C075E767
C0786242
C07ADCE2
C07D574A
C07FD17B
C08125BC
C08262A1
C0839F6E
C084DC23
C08618C2
C087554B
C08891C0
C089CE20
C08B0A6D
C08C46A8
C08D82D0
C08EBEE8
C08FFAEF
C09136E6
C09272CE
C093AEA7
C094EA72
C096262F
C09761DF
C0989D82
C099D91A
C09B14A5
C09C5026
C09D8B9B
C09EC706
C0A00267
C0A13DBF
C0A2790D
C0A3B452
C0A4EF8E
C0A62AC3
C0A765EF
C0A8A114
C0A9DC31
C0AB1747
C0AC5257
C0AD8D60
C0AEC862
C0B0035E
C0B13E55
C0B27946
C0B3B431
C0B4EF18
C0B629F9
C0B764D6
C0B89FAD
C0B9DA81
C0BB1550
C0BC501B
C0BD8AE2
C0BEC5A5
3FD17281
3FD1086A
3FD09AB2
3FD02939
3FCFB3DF
3FCF3A82
3FCEBCFE
3FCE3B2E
3FCDB4EE
3FCD2A15
3FCC9A7C
3FCC05F7
3FCB6C5D
3FCACD7F
3FCA2930
3FC97F3F
3FC8CF7A
3FC819AE
3FC75DA5
3FC69B28
3FC5D1FE
3FC501EC
3FC42AB5
3FC34C19
3FC265D7
3FC177AC
3FC08152
3FBF8280
3FBE7AED
3FBD6A4C
3FBC504D
3FBB2C9F
3FB9FEEE
3FB8C6E4
3FB78427
3FB6365B
3FB4DD23
3FB3781E
3FB206E9
3FB0891F
3FAEFE57
3FAD6627
3FABC025
3FAA0BE0
3FA848EA
3FA676D1
3FA49520
3FA2A365
3FA0A129
3F9E8DF7
3F9C6959
3F9A32D8
3F97E9FF
3F958E5B
3F931F78
3F909CE6
3F8E0638
3F8B5B05
3F889AE5
3F85C57A
3F82DA68
3F7FB2B5
3F79840E
3F732850
3F6C9F06
3F65E7D0
3F5F0261
3F57EE87
3F50AC26
3F493B3F
3F419BEE
3F39CE6C
3F31D30F
3F29AA4C
3F2154B7
3F18D304
3F102603
3F074EA5
3EFC9BEB
3EEA4A3F
3ED7AACB
3EC4C049
3EB18DA1
3E9E15E4
3E8A5C45
3E6CC82F
3E446193
3E1B8BB4
3DE49B5D
3D915D5C
3CF5AF07
BC395900
BD58B238
BDC2103C
BE0C216A
BE3771C9
BE62F2C6
BE874F14
BE9D36FB
BEB32E3F
BEC9322B
BEDF402F
BEF555E4
BF05B884
BF10C7C1
BF1BD7AF
BF26E76A
BF31F61D
BF3D030A
BF480D80
BF5314E3
BF5E18A5
BF69184A
BF741363
BF7F098E
BF84FD3D
BF8A72EF
BF8FE5BE
BF955593
BF9AC25A
BFA02C02
BFA59280
BFAAF5CE
BFB055E5
BFB5B2C6
BFBB0C72
BFC062EB
BFC5B639
BFCB0663
BFD05373
BFD59D74
BFDAE473
BFE0287B
BFE5699D
BFEAA7E7
BFEFE369
BFF51C33
BFFA5256
BFFF85E2
C0025B74
C004F2BE
C00788D5
C00A1DC4
C00CB193
C00F444A
C011D5F2
C0146693
C016F635
C01984E0
C01C129D
C01E9F72
C0212B68
C023B686
C02640D3
C028CA57
C02B5318
C02DDB1C
C030626B
C032E90B
C0356F02
C037F456
C03A790C
C03CFD2B
C03F80B7
C04203B6
C044862E
C0470822
C0498999
C04C0A95
C04E8B1D
C0510B34
C0538ADD
C0560A1F
C05888FB
C05B0776
C05D8594
C0600358
C06280C5
C064FDDF
C0677AA8
C069F724
C06C7355
C06EEF3F
C0716AE4
C073E646
C0766168
C078DC4D
C07B56F7
C07DD168
C08025D1
C08162D3
C0829FBD
C083DC8D
C0851946
C08655E9
C0879276
C088CEEE
C08A0B51
C08B47A1
C08C83DF
C08DC00B
C08EFC25
C090382F
C0917428
C092B012
C093EBEE
C09527BB
C096637A
C0979F2D
C098DAD2
C09A166B
C09B51F9
C09C8D7B
C09DC8F2
C09F045F
C0A03FC2
C0A17B1B
C0A2B66A
C0A3F1B1
C0A52CEF
C0A66824
C0A7A352
C0A8DE78
C0AA1996
C0AB54AE
C0AC8FBE
C0ADCAC8
C0AF05CC
C0B040C9
C0B17BC1
C0B2B6B2
C0B3F19F
C0B52C86
C0B66768
C0B7A245
C0B8DD1E
C0BA17F2
C0BB52C2
C0BC8D8D
C0BDC855
C0BF0319
3FD0F278
3FD08868
3FD01AB6
3FCFA942
3FCF33EC
3FCEBA92
3FCE3D10
3FCDBB41
3FCD3500
3FCCAA25
3FCC1A88
3FCB85FE
3FCAEC5D
3FCA4D77
3FC9A91E
3FC8FF21
3FC84F4E
3FC79973
3FC6DD58
3FC61AC7
3FC55187
3FC4815C
3FC3AA09
3FC2CB4F
3FC1E4EC
3FC0F69E
3FC0001D
3FBF0121
3FBDF961
3FBCE890
3FBBCE5D
3FBAAA77
3FB97C8B
3FB84441
3FB70140
3FB5B32D
3FB459A8
3FB2F452
3FB182C7
3FB004A2
3FAE797A
3FACE0E5
3FAB3A77
3FA985C2
3FA7C255
3FA5EFBE
3FA40D8A
3FA21B45
3FA01879
3F9E04AF
3F9BDF71
3F99A84A
3F975EC4
3F95026A
3F9292C9
3F900F72
3F8D77F6
3F8ACBEC
3F880AED
3F853499
3F824896
3F7E8D1F
3F785C71
3F71FE9A
3F6B7326
3F64B9B1
3F5DD1F2
3F56BBB5
3F4F76E0
3F480371
3F406187
3F38915A
3F309341
3F2867B1
3F200F40
3F178AA0
3F0EDAA4
3F06003D
3EF9F8EF
3EE7A0FD
3ED4FB2E
3EC20A3C
3EAED113
3E9B52C3
3E879284
3E67275A
3E3EB358
3E15D007
3DD90912
3D85B01C
3CC68E4E
BC8C38B1
BD70ADD8
BDCE28AC
BE123ADC
BE3D9859
BE692655
BE8A6F4A
BEA05D8C
BEB65B15
BECC6530
BEE2794A
BEF894FC
BF075B01
BF126D21
BF1D7FE3
BF289263
BF33A3CD
BF3EB360
BF49C06D
BF54CA56
BF5FD090
BF6AD29B
BF75D00A
BF80643E
BF85DDCF
BF8B5493
BF90C86E
BF963946
BF9BA708
BFA111A4
BFA6790F
BFABDD41
BFB13E36
BFB69BED
BFBBF667
BFC14DA9
BFC6A1B9
BFCBF29E
BFD14063
BFD68B13
BFDBD2B9
BFE11765
BFE65924
BFEB9805
BFF0D419
BFF60D6F
BFFB4419
C0003C14
C002D4D6
C0056C5C
C00802AF
C00A97D6
C00D2BDB
C00FBEC6
C01250A1
C014E172
C0177142
C01A001B
C01C8E02
C01F1B01
C021A71F
C0243264
C026BCD6
C029467D
C02BCF60
C02E5786
C030DEF5
C03365B3
C035EBC7
C0387137
C03AF609
C03D7A42
C03FFDE7
C04280FF
C045038E
C0478599
C04A0725
C04C8836
C04F08D1
C05188FB
C05408B8
C056880B
C05906F8
C05B8584
C05E03B1
C0608184
C062FF00
C0657C28
C067F8FE
C06A7587
C06CF1C5
C06F6DBB
C071E96B
C07464D9
C076E006
C0795AF5
C07BD5A9
C07E5023
C0806533
C081A23A
C082DF28
C0841BFC
C08558B9
C0869560
C087D1F0
C0890E6C
C08A4AD3
C08B8726
C08CC367
C08DFF95
C08F3BB2
C09077BF
C091B3BB
C092EFA8
C0942B86
C0956755
C096A317
C097DECB
C0991A73
C09A560E
C09B919E
C09CCD22
C09E089B
C09F4409
C0A07F6E
C0A1BAC8
C0A2F619
C0A43162
C0A56CA1
C0A6A7D8
C0A7E307
C0A91E2E
C0AA594E
C0AB9466
C0ACCF78
C0AE0A83
C0AF4588
C0B08086
C0B1BB7F
C0B2F671
C0B4315F
C0B56C47
C0B6A72A
C0B7E208
C0B91CE1
C0BA57B6
C0BB9286
C0BCCD53
C0BE081B
C0BF42DF
3FD06DF2
3FD003E8
3FCF963B
3FCF24CC
3FCEAF79
3FCE3621
3FCDB89F
3FCD36D0
3FCCB08D
3FCC25AF
3FCB960D
3FCB017E
3FCA67D5
3FC9C8E6
3FC92481
3FC87A77
3FC7CA95
3FC714A8
3FC65879
3FC595D3
3FC4CC7A
3FC3FC34
3FC324C4
3FC245EA
3FC15F65
3FC070F0
3FBF7A46
3FBE7B1F
3FBD732F
3FBC622A
3FBB47C1
3FBA23A1
3FB8F576
3FB7BCE9
3FB679A1
3FB52B42
3FB3D16E
3FB26BC2
3FB0F9DD
3FAF7B59
3FADEFCC
3FAC56CD
3FAAAFF0
3FA8FAC5
3FA736DB
3FA563C2
3FA38106
3FA18E30
3F9F8ACD
3F9D7665
3F9B5082
3F9918AE
3F96CE73
3F94715C
3F9200F6
3F8F7CD0
3F8CE47E
3F8A3794
3F8775AD
3F849E69
3F81B16B
3F7D5CC0
3F7729F7
3F70C9F3
3F6A3C3D
3F638074
3F5C964E
3F557D96
3F4E3632
3F46C024
3F3F1B86
3F374893
3F2F47A3
3F27192B
3F1EBDC0
3F163617
3F0D8302
3F04A573
3EF73CF1
3EE4DE7C
3ED23212
3EBF3A71
3EABFA84
3E987561
3E84AE41
3E6150FA
3E38CF0C
3E0FDDC4
3DCD088E
3D73272B
3C95AC47
BCBD8A61
BD84C727
BDDAB491
BE188E8C
BE43F9AB
BE6F9528
BE8DAD62
BEA3A23E
BEB9A64C
BECFB6D3
BEE5D141
BEFBF32B
BF090D27
BF142246
BF1F37FA
BF2A4D5B
BF356196
BF4073EA
BF4B83A8
BF569032
BF6198FB
BF6C9D85
BF779D62
BF814C18
BF86C6CF
BF8C3EB2
BF91B3A2
BF972588
BF9C944F
BFA1FFE8
BFA76848
BFACCD68
BFB22F43
BFB78DD9
BFBCE92B
BFC2413D
BFC79616
BFCCE7BD
BFD2363E
BFD781A3
BFDCC9F9
BFE20F4D
BFE751AF
BFEC912E
BFF1CDD9
BFF707C2
BFFC3EF9
C000B9C8
C00352CC
C005EA91
C0088120
C00B1682
C00DAABF
C0103DE1
C012CFEF
C01560F3
C017F0F4
C01A7FFB
C01D0E0F
C01F9B39
C0222781
C024B2EE
C0273D86
C029C753
C02C5059
C02ED8A1
C0316031
C033E70F
C0366D42
C038F2CF
C03B77BD
C03DFC11
C0407FD1
C0430302
C04585A9
C04807CB
C04A896D
C04D0A94
C04F8B44
C0520B82
C0548B52
C0570AB7
C05989B7
C05C0853
C05E8691
C0610474
C06381FF
C065FF35
C0687C1A
C06AF8B0
C06D74FB
C06FF0FE
C0726CBA
C074E833
C077636C
C079DE65
C07C5923
C07ED3A8
C080A6FA
C081E406
C08320F8
C0845DD1
C0859A92
C086D73C
C08813D0
C089504F
C08A8CBA
C08BC911
C08D0555
C08E4186
C08F7DA6
C090B9B6
C091F5B5
C09331A4
C0946D85
C095A957
C096E51B
C09820D1
C0995C7B
C09A9819
C09BD3AA
C09D0F30
C09E4AAB
C09F861B
C0A0C181
C0A1FCDE
C0A33830
C0A4737A
C0A5AEBB
C0A6E9F4
C0A82524
C0A9604C
C0AA9B6D
C0ABD687
C0AD119A
C0AE4CA6
C0AF87AC
C0B0C2AB
C0B1FDA5
C0B33899
C0B47387
C0B5AE70
C0B6E954
C0B82432
C0B95F0D
C0BA99E2
C0BBD4B3
C0BD0F80
C0BE4A49
C0BF850E
3FCFE4C9
3FCF7AC4
3FCF0D1C
3FCE9BB0
3FCE2660
3FCDAD08
3FCD2F87
3FCCADB6
3FCC2770
3FCB9C8E
3FCB0CE6
3FCA784F
3FC9DE9D
3FC93FA3
3FC89B32
3FC7F119
3FC74126
3FC68B26
3FC5CEE2
3FC50C24
3FC442B1
3FC3724F
3FC29ABF
3FC1BBC3
3FC0D519
3FBFE67C
3FBEEFA6
3FBDF050
3FBCE82E
3FBBD6F3
3FBABC50
3FB997F2
3FB86985
3FB730B3
3FB5ED20
3FB49E72
3FB34449
3FB1DE45
3FB06C02
3FAEED1A
3FAD6124
3FABC7B7
3FAA2064
3FA86ABE
3FA6A653
3FA4D2B2
3FA2EF67
3FA0FBFB
3F9EF7FB
3F9CE2EE
3F9ABC5F
3F9883D6
3F9638DE
3F93DB02
3F9169CF
3F8EE4D4
3F8C4BA2
3F899DD0
3F86DAF8
3F8402B8
3F8114B6
3F7C2139
3F75EC40
3F6F89F8
3F68F9EA
3F623BB6
3F5B4F0F
3F5433C4
3F4CE9B9
3F4570EF
3F3DC983
3F35F3AF
3F2DEFCB
3F25BE4D
3F1D5FCB
3F14D4FA
3F0C1EAE
3F033DD8
3EF46711
3EE201D8
3ECF4E91
3EBC4FFD
3EA9090A
3E957CD0
3E81AE8B
3E5B4329
3E32B2C5
3E09B2FA
3DC095E5
3D5A07A8
3C45F1F0
BCF0B1B2
BD91ADE0
BDE7B808
BE1F1E8E
BE4A97D7
BE76415D
BE910A6D
BEA70626
BEBD10F9
BED3282D
BEE9492E
BEFF718F
BF0ACF86
BF15E7C3
BF210085
BF2C18E4
BF37300D
BF42453E
BF4D57C8
BF58670C
BF63727E
BF6E79A0
BF797C04
BF823CA4
BF87B88C
BF8D3198
BF92A7A9
BF981AA6
BF9D8A7D
BFA2F71D
BFA8607C
BFADC693
BFB3295E
BFB888DB
BFBDE50D
BFC33DF7
BFC893A1
BFCDE613
BFD33557
BFD88179
BFDDCA84
BFE31088
BFE85394
BFED93B6
BFF2D0FF
BFF80B80
BFFD4349
C0013C37
C003D57E
C0066D85
C0090453
C00B99F2
C00E2E6A
C010C1C4
C0135409
C015E541
C0187574
C01B04AC
C01D92EF
C0202046
C022ACB9
C025384F
C027C310
C02A4D03
C02CD62E
C02F5E9A
C031E64C
C0346D4B
C036F39E
C039794A
C03BFE55
C03E82C5
C04106A0
C04389EB
C0460CAB
C0488EE6
C04B109F
C04D91DD
C05012A2
C05292F5
C05512D9
C0579251
C05A1163
C05C9011
C05F0E60
C0618C54
C06409EE
C0668734
C0690427
C06B80CC
C06DFD24
C0707934
C072F4FC
C0757082
C077EBC5
C07A66CB
C07CE193
C07F5C22
C080EB3C
C082284C
C0836543
C084A220
C085DEE6
C0871B94
C088582C
C08994AF
C08AD11D
C08C0D78
C08D49BF
C08E85F4
C08FC217
C090FE29
C0923A2B
C093761E
C094B201
C095EDD5
C097299C
C0986555
C099A101
C09ADCA1
C09C1834
C09D53BC
C09E8F39
C09FCAAB
C0A10613
C0A24171
C0A37CC6
C0A4B811
C0A5F353
C0A72E8D
C0A869BF
C0A9A4E9
C0AAE00B
C0AC1B26
C0AD563B
C0AE9148
C0AFCC4F
C0B1074F
C0B2424A
C0B37D3F
C0B4B82E
C0B5F318
C0B72DFC
C0B868DC
C0B9A3B7
C0BADE8E
C0BC1960
C0BD542D
C0BE8EF7
C0BFC9BD
3FCF56D5
3FCEECD5
3FCE7F30
3FCE0DC7
3FCD9878
3FCD1F21
3FCCA19E
3FCC1FCB
3FCB9981
3FCB0E99
3FCA7EEB
3FC9EA4B
3FC9508E
3FC8B188
3FC80D08
3FC762DE
3FC6B2D9
3FC5FCC4
3FC5406A
3FC47D92
3FC3B403
3FC2E382
3FC20BD1
3FC12CB1
3FC045DE
3FBF5717
3FBE6013
3FBD608C
3FBC5834
3FBB46C1
3FBA2BE1
3FB90742
3FB7D890
3FB69F74
3FB55B93
3FB40C92
3FB2B211
3FB14BB0
3FAFD90A
3FAE59BA
3FACCD56
3FAB3375
3FA98BA8
3FA7D581
3FA61090
3FA43C61
3FA25880
3FA06479
3F9E5FD4
3F9C4A1C
3F9A22D9
3F97E995
3F959DD9
3F933F30
3F90CD27
3F8E474D
3F8BAD33
3F88FE6F
3F863A9C
3F836157
3F807246
3F7ADA27
3F74A2E8
3F6E3E44
3F67ABC7
3F60EB0E
3F59FBCF
3F52DDD6
3F4B9109
3F441569
3F3C6B12
3F349241
3F2C8B4B
3F2456A9
3F1BF4F2
3F1366DA
3F0AAD36
3F01C8F8
3EF17666
3EDF0A25
3ECC4FBE
3EB949F2
3EA5FBB3
3E92681B
3E7D24D1
3E54FBF3
3E2C5C89
3E034DAB
3DB3AD0F
3D3FF986
3BB98F9A
BD12DFA5
BD9F0F4A
BDF5374F
BE25ED07
BE517507
BE7D2D22
BE948786
BEAA8A60
BEC09C3D
BED6BA60
BEECE236
BF0188A7
BF0CA2B2
BF17BE2D
BF22DA1C
BF2DF597
BF390FCB
BF4427F5
BF4F3D67
BF5A4F82
BF655DB8
BF70678C
BF7B6C8F
BF833630
BF88B356
BF8E2D97
BF93A4D3
BF9918F4
BF9E89E5
BFA3F797
BFA961FF
BFAEC917
BFB42CDA
BFB98D48
BFBEEA62
BFC4442E
BFC99AB1
BFCEEDF5
BFD43E04
BFD98AE9
BFDED4B2
BFE41B6D
BFE95F28
BFEE9FF4
BFF3DDE1
BFF91900
BFFE5162
C001C38C
C0045D1B
C006F566
C0098C76
C00C2254
C00EB709
C0114A9D
C013DD1B
C0166E89
C018FEF1
C01B8E5A
C01E1CCE
C020AA54
C02336F4
C025C2B5
C0284D9F
C02AD7BA
C02D610D
C02FE99D
C0327173
C034F895
C0377F08
C03A04D4
C03C89FE
C03F0E8B
C0419283
C04415E9
C04698C3
C0491B17
C04B9CE8
C04E1E3D
C0509F19
C0531F81
C0559F7A
C0581F06
C05A9E2B
C05D1CEC
C05F9B4D
C0621951
C06496FC
C0671451
C0699154
C06C0E07
C06E8A6E
C071068A
C0738260
C075FDF2
C0787942
C07AF453
C07D6F26
C07FE9C0
C0813210
C0826F26
C083AC21
C084E903
C08625CD
C087627F
C0889F1B
C089DBA2
C08B1814
C08C5472
C08D90BD
C08ECCF5
C090091C
C0914531
C0928136
C093BD2B
C094F911
C09634E8
C09770B1
C098AC6D
C099E81B
C09B23BD
C09C5F53
C09D9ADD
C09ED65C
C0A011D0
C0A14D3A
C0A2889A
C0A3C3F0
C0A4FF3D
C0A63A81
C0A775BD
C0A8B0F0
C0A9EC1B
C0AB273F
C0AC625C
C0AD9D71
C0AED87F
C0B01387
C0B14E89
C0B28985
C0B3C47B
C0B4FF6B
C0B63A56
C0B7753B
C0B8B01C
C0B9EAF8
C0BB25CF
C0BC60A2
C0BD9B70
C0BED63B
C0C01101
3FCEC3EF
3FCE59F2
3FCDEC50
3FCD7AE9
3FCD059A
3FCC8C42
3FCC0EBD
3FCB8CE6
3FCB0697
3FCA7BA8
3FC9EBF1
3FC95747
3FC8BD7F
3FC81E6A
3FC779DA
3FC6CF9F
3FC61F86
3FC5695A
3FC4ACE7
3FC3E9F3
3FC32046
3FC24FA5
3FC177D0
3FC09888
3FBFB18C
3FBEC297
3FBDCB63
3FBCCBA7
3FBBC317
3FBAB168
3FB99648
3FB87165
3FB7426A
3FB60900
3FB4C4CD
3FB37575
3FB21A98
3FB0B3D6
3FAF40C9
3FADC10C
3FAC3435
3FAA99DB
3FA8F18F
3FA73AE2
3FA57564
3FA3A0A0
3FA1BC24
3F9FC77A
3F9DC22B
3F9BABC0
3F9983C2
3F9749BA
3F94FD32
3F929DB4
3F902ACC
3F8DA40A
3F8B08FF
3F885940
3F859467
3F82BA13
3F7F93D0
3F798723
3F734D87
3F6CE670
3F66516B
3F5F8E15
3F589C23
3F517B61
3F4A2BB6
3F42AD24
3F3AFFC6
3F3323D8
3F2B19B3
3F22E1CF
3F1A7CC1
3F11EB41
3F092E24
3F00465E
3EEE6A00
3EDBF671
3EC934A2
3EB62758
3EA2D184
3E8F3645
3E76B1B8
3E4E7952
3E25CA4E
3DF9578B
3DA649E3
3D24F45E
BA823EC8
BD2E622A
BDACEFBC
BE019B64
BE2CFC2C
BE589377
BE822D5C
BE9825D0
BEAE3012
BEC4493E
BEDA6E97
BEF09D85
BF0369CC
BF0E8745
BF19A61D
BF24C559
BF2FE410
BF3B016D
BF461CAF
BF513526
BF5C4A34
BF675B4A
BF7267EA
BF7D6FA8
BF843910
BF89B781
BF8F3302
BF94AB76
BF9A20C5
BF9F92DB
BFA501AA
BFAA6D26
BFAFD548
BFB53A0E
BFBA9B75
BFBFF982
BFC55437
BFCAAB9D
BFCFFFBB
BFD5509D
BFDA9E4E
BFDFE8DC
BFE53054
BFEA74C7
BFEFB643
BFF4F4DA
BFFA309D
BFFF699E
C0024FF7
C004E9CF
C0078260
C00A19B4
C00CAFD4
C00F44C8
C011D89A
C0146B52
C016FCF9
C0198D97
C01C1D35
C01EABDB
C0213992
C023C660
C026524E
C028DD64
C02B67A8
C02DF123
C03079DA
C03301D5
C035891A
C0380FB0
C03A959D
C03D1AE6
C03F9F92
C04223A7
C044A729
C0472A1F
C049AC8D
C04C2E78
C04EAFE5
C05130D8
C053B156
C0563164
C058B105
C05B303E
C05DAF12
C0602D86
C062AB9C
C0652958
C067A6BD
C06A23D0
C06CA092
C06F1D07
C0719932
C0741516
C07690B4
C0790C11
C07B872D
C07E020D
C0803E59
C0817B8E
C082B8A9
C083F5A9
C0853290
C0866F5E
C087AC15
C088E8B6
C08A2540
C08B61B6
C08C9E18
C08DDA67
C08F16A2
C09052CC
C0918EE5
C092CAED
C09406E5
C09542CE
C0967EA8
C097BA74
C098F632
C09A31E3
C09B6D87
C09CA91F
C09DE4AB
C09F202C
C0A05BA3
C0A1970E
C0A2D270
C0A40DC8
C0A54917
C0A6845D
C0A7BF9A
C0A8FACF
C0AA35FB
C0AB7121
C0ACAC3E
C0ADE755
C0AF2265
C0B05D6E
C0B19871
C0B2D36E
C0B40E65
C0B54956
C0B68442
C0B7BF29
C0B8FA0A
C0BA34E7
C0BB6FBF
C0BCAA93
C0BDE562
C0BF202D
C0C05AF4
3FCE2BEC
3FCDC1F3
3FCD5452
3FCCE2EB
3FCC6D9B
3FCBF441
3FCB76B8
3FCAF4DC
3FCA6E87
3FC9E390
3FC953CF
3FC8BF1A
3FC82544
3FC78620
3FC6E17E
3FC6372F
3FC58700
3FC4D0BC
3FC4142D
3FC3511D
3FC2874F
3FC1B68A
3FC0DE8F
3FBFFF1E
3FBF17F6
3FBE28D1
3FBD3169
3FBC3175
3FBB28AB
3FBA16BC
3FB8FB58
3FB7D62E
3FB6A6E7
3FB56D2C
3FB428A3
3FB2D8EF
3FB17DB2
3FB01689
3FAEA311
3FAD22E2
3FAB9593
3FA9FABA
3FA851E9
3FA69AB1
3FA4D49F
3FA2FF42
3FA11A24
3F9F24D0
3F9D1ECF
3F9B07A9
3F98DEE9
3F96A415
3F9456B8
3F91F65C
3F8F828D
3F8CFADA
3F8A5ED4
3F87AE0F
3F84E827
3F820CB8
3F7E36D1
3F7827C5
3F71EBB3
3F6B8212
3F64EA6B
3F5E245D
3F572F9D
3F500BF7
3F48B952
3F4137AF
3F39872C
3F31A803
3F299A8F
3F215F47
3F18F6C2
3F1061B9
3F07A100
3EFD6B1C
3EEB40E8
3ED8C5C3
3EC5FC43
3EB2E72F
3E9F897C
3E8BE64A
3E7001BB
3E47B934
3E1EF9F9
3DEB9658
3D986815
3D08EF82
BC01600C
BD4AE941
BDBB53AE
BE08DD7B
BE344E46
BE5FF573
BE85E639
BE9BE676
BEB1F86A
BEC8192F
BEDE4605
BEF47C53
BF055CD4
BF107DDD
BF1BA035
BF26C2DE
BF31E4F1
BF3D0598
BF482410
BF533FAB
BF5E57C8
BF696BDB
BF747B65
BF7F85F8
BF854599
BF8AC561
BF904230
BF95BBE8
BF9B3271
BFA0A5B8
BFA615AE
BFAB8249
BFB0EB81
BFB65153
BFBBB3BE
BFC112C6
BFC66E6F
BFCBC6BF
BFD11BC1
BFD66D7E
BFDBBC02
BFE1075C
BFE64F9A
BFEB94CB
BFF0D6FF
BFF61647
BFFB52B5
C000462D
C002E1A4
C0057BC8
C00814A4
C00AAC3F
C00D42A3
C00FD7D9
C0126BEA
C014FEDF
C01790C0
C01A2197
C01CB16C
C01F4046
C021CE2F
C0245B2E
C026E74B
C029728E
C02BFCFD
C02E86A1
C0310F81
C03397A2
C0361F0C
C038A5C6
C03B2BD5
C03DB13F
C040360B
C042BA3E
C0453DDE
C047C0F0
C04A4379
C04CC57E
C04F4704
C051C810
C05448A5
C056C8CA
C0594880
C05BC7CE
C05E46B6
C060C53C
C0634365
C065C133
C0683EA9
C06ABBCC
C06D389E
C06FB523
C072315C
C074AD4E
C07728FA
C079A463
C07C1F8C
C07E9A78
C0808A94
C081C7CF
C08304EF
C08441F4
C0857EE0
C086BBB3
C087F86F
C0893514
C08A71A3
C08BAE1D
C08CEA82
C08E26D5
C08F6314
C0909F41
C091DB5E
C0931769
C0945364
C0958F50
C096CB2D
C09806FB
C09942BC
C09A7E70
C09BBA16
C09CF5B1
C09E313F
C09F6CC3
C0A0A83B
C0A1E3A9
C0A31F0C
C0A45A66
C0A595B7
C0A6D0FE
C0A80C3D
C0A94774
C0AA82A2
C0ABBDC9
C0ACF8E8
C0AE3400
C0AF6F11
C0B0AA1C
C0B1E520
C0B3201E
C0B45B16
C0B59608
C0B6D0F5
C0B80BDD
C0B946BF
C0BA819D
C0BBBC76
C0BCF74B
C0BE321B
C0BF6CE7
C0C0A7AF
3FCD8EA3
3FCD24AB
3FCCB70B
3FCC45A3
3FCBD051
3FCB56F4
3FCAD966
3FCA5784
3FC9D127
3FC94626
3FC8B65A
3FC82197
3FC787B2
3FC6E87D
3FC643C8
3FC59964
3FC4E91C
3FC432BE
3FC37612
3FC2B2E2
3FC1E8F2
3FC11807
3FC03FE4
3FBF6047
3FBE78EF
3FBD8997
3FBC91F8
3FBB91CB
3FBA88C2
3FB97690
3FB85AE6
3FB7356F
3FB605D8
3FB4CBC8
3FB386E5
3FB236D2
3FB0DB2F
3FAF739C
3FADFFB2
3FAC7F0C
3FAAF141
3FA955E4
3FA7AC88
3FA5F4BD
3FA42E12
3FA25814
3FA0724D
3F9E7C48
3F9C758E
3F9A5DA7
3F98341B
3F95F874
3F93AA39
3F9148F6
3F8ED436
3F8C4B88
3F89AE7D
3F86FCA9
3F8435A6
3F815912
3F7CCD23
3F76BBA0
3F707D00
3F6A10BA
3F637657
3F5CAD76
3F55B5CC
3F4E8F25
3F473968
3F3FB497
3F3800CE
3F301E4B
3F280D67
3F1FCE99
3F17627C
3F0EC9C6
3F06054E
3EFA2C15
3EE7FA1F
3ED5771A
3EC2A59C
3EAF8871
3E9C2290
3E88771D
3E6912BC
3E40B973
3E17E962
3DDD535D
3D8A033A
3CD7C40A
BC76A4E5
BD687E09
BDCA3FBA
BE10643F
BE3BE5AD
BE679D5B
BE89C25A
BE9FCAAF
BEB5E4A2
BECC0D4B
BEE241E9
BEF87FE1
BF076260
BF12871D
BF1DAD16
BF28D350
BF33F8E0
BF3F1CF1
BF4A3EC1
BF555D9E
BF6078EB
BF6B9018
BF76A2A9
BF80D817
BF865C23
BF8BDD50
BF915B79
BF96D682
BF9C4E52
BFA1C2D6
BFA733FF
BFACA1C3
BFB20C1C
BFB77305
BFBCD67F
BFC2368C
BFC79331
BFCCEC75
BFD24263
BFD79504
BFDCE465
BFE23093
BFE7799E
BFECBF95
BFF20287
BFF74288
BFFC7FA7
C000DCFB
C00378C5
C0061339
C008AC61
C00B4445
C00DDAF0
C010706B
C01304BE
C01597F2
C0182A11
C01ABB22
C01D4B2F
C01FDA40
C022685E
C024F58F
C02781DD
C02A0D4E
C02C97EB
C02F21BA
C031AAC3
C034330C
C036BA9D
C039417C
C03BC7AE
C03E4D3B
C040D228
C043567B
C045DA39
C0485D68
C04AE00E
C04D622E
C04FE3CE
C05264F3
C054E5A1
C05765DC
C059E5A9
C05C650C
C05EE409
C06162A4
C063E0DF
C0665EBF
C068DC48
C06B597C
C06DD65E
C07052F2
C072CF3B
C0754B3B
C077C6F5
C07A426C
C07CBDA2
C07F389A
C080D9AB
C08216EC
C0835412
C084911C
C085CE0D
C0870AE5
C08847A6
C089844F
C08AC0E3
C08BFD61
C08D39CB
C08E7621
C08FB264
C090EE95
C0922AB5
C09366C3
C094A2C2
C095DEB1
C0971A90
C0985662
C0999225
C09ACDDC
C09C0985
C09D4522
C09E80B3
C09FBC38
C0A0F7B3
C0A23323
C0A36E88
C0A4A9E4
C0A5E537
C0A72080
C0A85BC1
C0A996F9
C0AAD229
C0AC0D51
C0AD4872
C0AE838B
C0AFBE9E
C0B0F9AA
C0B234AF
C0B36FAE
C0B4AAA8
C0B5E59B
C0B72089
C0B85B72
C0B99656
C0BAD134
C0BC0C0E
C0BD46E4
C0BE81B5
C0BFBC81
C0C0F74A
3FCCEBE6
3FCC81EF
3FCC144E
3FCBA2E5
3FCB2D90
3FCAB42E
3FCA369A
3FC9B4B0
3FC92E49
3FC8A33E
3FC81365
3FC77E93
3FC6E49D
3FC64555
3FC5A08B
3FC4F60F
3FC445AD
3FC38F32
3FC2D268
3FC20F15
3FC14500
3FC073ED
3FBF9B9E
3FBEBBD3
3FBDD449
3FBCE4BB
3FBBECE3
3FBAEC77
3FB9E32D
3FB8D0B5
3FB7B4C0
3FB68EFA
3FB55F0F
3FB424A5
3FB2DF64
3FB18EEC
3FB032E0
3FAECADD
3FAD567D
3FABD55B
3FAA470D
3FA8AB26
3FA70139
3FA548D6
3FA3818B
3FA1AAE5
3F9FC46E
3F9DCDB1
3F9BC636
3F99AD85
3F978326
3F9546A2
3F92F781
3F90954E
3F8E1F93
3F8B95E0
3F88F7C5
3F8644D7
3F837CAE
3F809EE9
3F7B5658
3F754245
3F6F00FD
3F6891F7
3F61F4BD
3F5B28ED
3F542E3C
3F4D0476
3F45AB82
3F3E2363
3F366C35
3F2E8636
3F2671BF
3F1E2F4A
3F15BF6F
3F0D22E8
3F045A8C
3EF6CEA6
3EE494A0
3ED2096C
3EBF2FA2
3EAC0A10
3E989BB1
3E84E7AA
3E61E28C
3E3977DC
3E10964C
3DCE8A16
3D762D8B
3C9B8566
BCB81DCA
BD8394F3
BDD9B8A0
BE183216
BE43C4CC
BE6F8DA0
BE8DC2FB
BEA3D3B8
BEB9F5FA
BED026D6
BEE6638A
BEFCA978
BF097B16
BF14A3AC
BF1FCD6C
BF2AF75A
BF36208A
BF414828
BF4C6D70
BF578FB1
BF62AE4D
BF6DC8B4
BF78DE6A
BF81F77F
BF877D09
BF8CFFA8
BF927F3A
BF97FBA0
BF9D74C4
BFA2EA91
BFA85CFA
BFADCBF4
BFB33778
BFB89F83
BFBE0416
BFC36532
BFC8C2DE
BFCE1D21
BFD37403
BFD8C791
BFDE17D7
BFE364E2
BFE8AEC2
BFEDF586
BFF3393F
BFF879FF
BFFDB7D7
C001796C
C004158B
C006B052
C00949C9
C00BE1FB
C00E78EF
C0110EB1
C013A348
C01636BF
C018C91D
C01B5A6B
C01DEAB3
C02079FD
C0230851
C02595B7
C0282237
C02AADD9
C02D38A4
C02FC2A0
C0324BD4
C034D447
C0375C00
C039E305
C03C695D
C03EEF0D
C041741D
C043F891
C0467C6F
C048FFBC
C04B827F
C04E04BB
C0508677
C05307B6
C055887D
C05808D0
C05A88B5
C05D082E
C05F8740
C06205F0
C064843F
C0670232
C0697FCD
C06BFD13
C06E7A07
C070F6AB
C0737303
C075EF13
C0786ADC
C07AE660
C07D61A4
C07FDCA9
C0812BB9
C0826900
C083A62B
C084E33B
C0862032
C0875D0F
C08899D4
C089D682
C08B131A
C08C4F9D
C08D8C0B
C08EC865
C09004AC
C09140E1
C0927D04
C093B917
C094F518
C096310A
C0976CED
C098A8C2
C099E488
C09B2041
C09C5BED
C09D978D
C09ED320
C0A00EA8
C0A14A25
C0A28597
C0A3C0FF
C0A4FC5D
C0A637B1
C0A772FC
C0A8AE3F
C0A9E979
C0AB24AA
C0AC5FD4
C0AD9AF6
C0AED611
C0B01125
C0B14C33
C0B28739
C0B3C23A
C0B4FD34
C0B63829
C0B77318
C0B8AE02
C0B9E8E7
C0BB23C7
C0BC5EA1
C0BD9978
C0BED44A
C0C00F17
C0C149E1
3FCC438A
3FCBD992
3FCB6BEF
3FCAFA82
3FCA8529
3FCA0BC1
3FC98E26
3FC90C33
3FC885C1
3FC7FAA9
3FC76AC1
3FC6D5DF
3FC63BD7
3FC59C79
3FC4F798
3FC44D03
3FC39C85
3FC2E5EB
3FC228FF
3FC16588
3FC09B4B
3FBFCA0E
3FBEF191
3FBE1194
3FBD29D4
3FBC3A0E
3FBB41F9
3FBA414C
3FB937BC
3FB824FB
3FB708B7
3FB5E29E
3FB4B25A
3FB37793
3FB231EE
3FB0E10E
3FAF8493
3FAE1C1B
3FACA740
3FAB259C
3FA996C5
3FA7FA4E
3FA64FCA
3FA496C8
3FA2CED7
3FA0F782
3F9F1054
3F9D18D6
3F9B1092
3F98F70E
3F96CBD4
3F948E6A
3F923E5A
3F8FDB2C
3F8D646E
3F8AD9AB
3F883A75
3F858661
3F82BD07
3F7FBC0A
3F79D1FF
3F73BB41
3F6D7737
3F670556
3F606528
3F59964C
3F529875
3F4B6B71
3F440F27
3F3C8399
3F34C8E4
3F2CDF46
3F24C71A
3F1C80D8
3F140D1C
3F0B6C9E
3F02A038
3EF351C1
3EE10F5D
3ECE7BA9
3EBB9942
3EA86AF6
3E94F3C4
3E8136D5
3E5A6EEC
3E31F229
3E08FE6E
3DBF35E3
3D573C0E
3C3A204B
BCF72532
BD937B41
BDE9C341
BE204979
BE4BEE22
BE77C8C6
BE91E961
BEA802DA
BEBE2DBD
BED4671F
BEEAAC3A
BF007D37
BF0BA7A2
BF16D437
BF2201E4
BF2D2FAB
BF385CA0
BF4387EF
BF4EB0D2
BF59D699
BF64F8A4
BF701666
BF7B2F60
BF832192
BF88A8A7
BF8E2CC8
BF93ADD0
BF992BA2
BF9EA627
BFA41D4B
BFA990FF
BFAF013B
BFB46DF6
BFB9D72F
BFBF3CE6
BFC49F1D
BFC9FDD9
BFCF5924
BFD4B105
BFDA058A
BFDF56BD
BFE4A4AE
BFE9EF6B
BFEF3705
BFF47B8D
BFF9BD13
BFFEFBAA
C0021BB2
C004B82B
C0075347
C009ED11
C00C8592
C00F1CD4
C011B2DF
C01447BE
C016DB79
C0196E19
C01BFFA7
C01E902C
C0211FB0
C023AE3D
C0263BD9
C028C88E
C02B5462
C02DDF5E
C0306989
C032F2EA
C0357B88
C038036B
C03A8A98
C03D1116
C03F96EC
C0421C1F
C044A0B5
C04724B4
C049A821
C04C2B02
C04EAD5C
C0512F34
C053B08E
C056316F
C058B1DC
C05B31D8
C05DB169
C0603092
C062AF56
C0652DBA
C067ABC2
C06A2970
C06CA6C8
C06F23CD
C071A083
C0741CEC
C076990B
C07914E3
C07B9076
C07E0BC8
C080436D
C08180D8
C082BE25
C083FB56
C085386C
C0867568
C087B24B
C088EF15
C08A2BC8
C08B6865
C08CA4EC
C08DE15F
C08F1DBD
C0905A09
C0919641
C092D268
C0940E7E
C0954A83
C0968679
C097C25F
C098FE37
C09A3A00
C09B75BC
C09CB16B
C09DED0D
C09F28A3
C0A0642D
C0A19FAC
C0A2DB21
C0A4168B
C0A551EB
C0A68D41
C0A7C88E
C0A903D3
C0AA3F0E
C0AB7A42
C0ACB56D
C0ADF091
C0AF2BAE
C0B066C3
C0B1A1D2
C0B2DCDA
C0B417DC
C0B552D8
C0B68DCE
C0B7C8BE
C0B903A9
C0BA3E8F
C0BB796F
C0BCB44B
C0BDEF23
C0BF29F6
C0C064C4
C0C19F8F
3FCB955F
3FCB2B65
3FCABDBF
3FCA4C4E
3FC9D6EF
3FC95D7F
3FC8DFDB
3FC85DDD
3FC7D75F
3FC74C39
3FC6BC41
3FC6274C
3FC58D2F
3FC4EDBB
3FC448C1
3FC39E0F
3FC2ED73
3FC236B8
3FC179A8
3FC0B60A
3FBFEBA3
3FBF1A38
3FBE418A
3FBD6159
3FBC7961
3FBB895E
3FBA9109
3FB99018
3FB8863F
3FB77330
3FB65699
3FB53029
3FB3FF88
3FB2C45F
3FB17E52
3FB02D05
3FAED016
3FAD6723
3FABF1C8
3FAA6F9C
3FA8E036
3FA74329
3FA59807
3FA3DE60
3FA215C0
3FA03DB5
3F9E55C8
3F9C5D82
3F9A546C
3F983A0E
3F960DEF
3F93CF96
3F917E8C
3F8F1A5B
3F8CA28D
3F8A16B0
3F877655
3F84C10F
3F81F678
3F7E2C58
3F783FA1
3F72261F
3F6BDF37
3F656A5E
3F5EC720
3F57F518
3F50F3FD
3F49C39B
3F4263D9
3F3AD4BA
3F33165C
3F2B28FC
3F230CF5
3F1AC2C2
3F124AFD
3F09A662
3F00D5C9
3EEFB457
3EDD6942
3ECACCBA
3EB7E15F
3EA4AA03
3E9129A8
3E7AC6F2
3E52B58E
3E2A2605
3E011F6B
3DAF51FD
3D372858
3B62865F
BD1C3E2D
BDA3F6EA
BDFA64A4
BE28ACEF
BE54643F
BE8028B2
BE9636DB
BEAC5967
BEC28D42
BED8CF7E
BEEF1D53
BF02BA10
BF0DE8B5
BF191972
BF244B33
BF2F7CF9
BF3AADD9
BF45DCFC
BF51099F
BF5C330F
BF6758AD
BF7279EB
BF7D964A
BF8456AE
BF89DF60
BF8F6511
BF94E79E
BF9A66EA
BF9FE2DE
BFA55B65
BFAAD073
BFB041FD
BFB5AFFC
BFBB1A6F
BFC08154
BFC5E4B1
BFCB4489
BFD0A0E6
BFD5F9D1
BFDB4F55
BFE0A17F
BFE5F05F
BFEB3C02
BFF0847B
BFF5C9D8
BFFB0C2E
C00025C6
C002C403
C00560D8
C007FC4E
C00A966E
C00D2F42
C00FC6D3
C0125D2B
C014F254
C0178656
C01A193A
C01CAB0B
C01F3BCF
C021CB91
C0245A58
C026E82D
C0297518
C02C0121
C02E8C50
C03116AB
C033A03B
C0362906
C038B114
C03B386B
C03DBF11
C040450D
C042CA65
C0454F1F
C047D340
C04A56CE
C04CD9CF
C04F5C48
C051DE3D
C0545FB3
C056E0AF
C0596136
C05BE14C
C05E60F5
C060E035
C0635F10
C065DD89
C0685BA5
C06AD967
C06D56D2
C06FD3EA
C07250B1
C074CD2B
C077495B
C079C542
C07C40E5
C07EBC45
C0809BB3
C081D924
C0831678
C08453B0
C08590CC
C086CDCD
C0880AB5
C0894785
C08A843E
C08BC0DF
C08CFD6B
C08E39E2
C08F7645
C090B295
C091EED1
C0932AFC
C0946716
C095A31F
C096DF18
C0981B01
C09956DC
C09A92A9
C09BCE67
C09D0A19
C09E45BE
C09F8157
C0A0BCE4
C0A1F865
C0A333DC
C0A46F48
C0A5AAAB
C0A6E603
C0A82152
C0A95C99
C0AA97D6
C0ABD30B
C0AD0E39
C0AE495E
C0AF847C
C0B0BF93
C0B1FAA4
C0B335AD
C0B470B0
C0B5ABAE
C0B6E6A5
C0B82196
C0B95C83
C0BA9769
C0BBD24B
C0BD0D28
C0BE4801
C0BF82D5
C0C0BDA4
C0C1F86F
3FCAE135
3FCA7738
3FCA098F
3FC99817
3FC922B1
3FC8A938
3FC82B89
3FC7A97F
3FC722F3
3FC697BD
3FC607B2
3FC572AA
3FC4D876
3FC438E9
3FC393D3
3FC2E903
3FC23847
3FC18168
3FC0C431
3FC0006A
3FBF35D6
3FBE643B
3FBD8B59
3FBCAAF0
3FBBC2BD
3FBAD27A
3FB9D9E1
3FB8D8A8
3FB7CE82
3FB6BB21
3FB59E34
3FB47768
3FB34666
3FB20AD6
3FB0C45C
3FAF729C
3FAE1534
3FACABC1
3FAB35DF
3FA9B326
3FA8232A
3FA68581
3FA4D9BA
3FA31F66
3FA15611
3F9F7D48
3F9D9494
3F9B9B7E
3F99918E
3F97764C
3F95493F
3F9309ED
3F90B7E0
3F8E52A0
3F8BD9B9
3F894CB6
3F86AB29
3F83F4A6
3F8128C5
3F7C8E46
3F769EC8
3F708265
3F6A3883
3F63C095
3F5D1A27
3F5644D6
3F4F4056
3F480C74
3F40A918
3F391645
3F315419
3F2962D1
3F2142CA
3F18F47F
3F10788A
3F07CFA9
3EFDF568
3EEBF54D
3ED9A131
3EC6FB7F
3EB406D8
3EA0C613
3E8D3C34
3E72D8D4
3E4AB411
3E221109
3DF1EDAD
3D9ED97D
3D15E87F
BB9B32CB
BD3E1BC4
BDB50D0A
BE05D0FB
BE315F17
BE5D29C7
BE849512
BE9AACC1
BEB0D8BA
BEC715E6
BEDD6155
BEF3B83B
BF050BFB
BF103F05
BF1B7413
BF26AA10
BF31DFFE
BF3D14F0
BF48480F
BF537896
BF5EA5D4
BF69CF29
BF74F406
BF8009F6
BF859737
BF8B2195
BF90A8E6
BF962D08
BF9BADDD
BFA12B4E
BFA6A547
BFAC1BBC
BFB18EA1
BFB6FDF1
BFBC69A9
BFC1D1CA
BFC73658
BFCC9757
BFD1F4D1
BFD74ECF
BFDCA55D
BFE1F889
BFE74860
BFEC94F3
BFF1DE52
BFF7248F
BFFC67BB
C000D3F4
C0037295
C0060FCA
C008AB9D
C00B4616
C00DDF40
C0107724
C0130DCD
C015A342
C018378E
C01ACABA
C01D5CCF
C01FEDD5
C0227DD7
C0250CDB
C0279AEB
C02A280F
C02CB44E
C02F3FB1
C031CA3F
C0345400
C036DCFA
C0396534
C03BECB6
C03E7386
C040F9AA
C0437F29
C0460408
C048884D
C04B0BFD
C04D8F1F
C05011B7
C05293CA
C055155E
C0579677
C05A1719
C05C9749
C05F170B
C0619663
C0641555
C06693E5
C0691216
C06B8FED
C06E0D6C
C0708A97
C0730771
C07583FC
C078003D
C07A7C35
C07CF7E7
C07F7357
C080F743
C08234BB
C0837216
C084AF54
C085EC76
C087297E
C088666C
C089A341
C08ADFFF
C08C1CA6
C08D5936
C08E95B2
C08FD21A
C0910E6E
C0924AAF
C09386DE
C094C2FB
C095FF08
C0973B04
C09876F1
C099B2D0
C09AEE9F
C09C2A61
C09D6616
C09EA1BE
C09FDD59
C0A118E9
C0A2546D
C0A38FE6
C0A4CB55
C0A606B9
C0A74214
C0A87D65
C0A9B8AE
C0AAF3ED
C0AC2F24
C0AD6A53
C0AEA57B
C0AFE09B
C0B11BB3
C0B256C5
C0B391D0
C0B4CCD5
C0B607D3
C0B742CC
C0B87DBF
C0B9B8AC
C0BAF394
C0BC2E77
C0BD6955
C0BEA42F
C0BFDF04
C0C119D4
C0C254A0
3FCA26DD
3FC9BCDB
3FC94F2C
3FC8DDAD
3FC8683E
3FC7EEBB
3FC77100
3FC6EEE7
3FC6684B
3FC5DD03
3FC54CE4
3FC4B7C5
3FC41D79
3FC37DD1
3FC2D89D
3FC22DAD
3FC17CCE
3FC0C5C9
3FC00869
3FBF4475
3FBE79B1
3FBDA7E3
3FBCCECA
3FBBEE26
3FBB05B4
3FBA152E
3FB91C4D
3FB81AC8
3FB71051
3FB5FC9B
3FB4DF53
3FB3B826
3FB286BE
3FB14AC2
3FB003D7
3FAEB19E
3FAD53B7
3FABE9BF
3FAA7350
3FA8F003
3FA75F6C
3FA5C11F
3FA414AD
3FA259A5
3FA08F93
3F9EB604
3F9CCC80
3F9AD291
3F98C7BF
3F96AB8F
3F947D8A
3F923D36
3F8FEA1B
3F8D83C2
3F8B09B5
3F887B82
3F85D8B7
3F8320EA
3F8053B2
3F7AE158
3F74EEF8
3F6ECF98
3F68829D
3F62077D
3F5B5DBF
3F548503
3F4D7CFD
3F464579
3F3EDE60
3F3747B4
3F2F8194
3F278C3F
3F1F6810
3F171584
3F0E9537
3F05E7E5
3EFA1CD3
3EE81380
3ED5B605
3EC306CF
3EB00882
3E9CBDF7
3E892A37
3E6AA0E5
3E426805
3E19B0BD
3DE10462
3D8DC758
3CE6E4A4
BC58B9E1
BD6135C5
BDC6C2E6
BE0EC043
BE3A62A0
BE66416F
BE892AE2
BE9F4C76
BEB5823A
BECBC914
BEE21E10
BEF87E62
BF0773B2
BF12AB4C
BF1DE4D6
BF291F3B
BF345979
BF3F92A6
BF4AC9E8
BF55FE7C
BF612FAE
BF6C5CDF
BF77857F
BF815489
BF86E392
BF8C6FAD
BF91F8AF
BF977E75
BF9D00E3
BFA27FE0
BFA7FB5A
BFAD7343
BFB2E791
BFB8583F
BFBDC54A
BFC32EB3
BFC8947D
BFCDF6AF
BFD35551
BFD8B06E
BFDE0811
BFE35C47
BFE8AD20
BFEDFAAC
BFF344FC
BFF88C20
BFFDD02B
C0018898
C00427A1
C006C53A
C009616D
C00BFC43
C00E95C6
C0112E01
C013C4FC
C0165AC1
C018EF5A
C01B82D0
C01E152D
C020A678
C02336BB
C025C5FF
C028544D
C02AE1AB
C02D6E23
C02FF9BD
C032847F
C0350E72
C037979D
C03A2006
C03CA7B5
C03F2EB0
C041B4FE
C0443AA4
C046BFAA
C0494414
C04BC7E8
C04E4B2C
C050CDE5
C0535018
C055D1CB
C0585300
C05AD3BF
C05D540A
C05FD3E6
C0625357
C064D261
C0675108
C069CF50
C06C4D3D
C06ECAD0
C071480F
C073C4FC
C076419A
C078BDEC
C07B39F5
C07DB5B8
C080189C
C081563B
C08293BA
C083D11C
C0850E61
C0864B89
C0878897
C088C58B
C08A0266
C08B3F2A
C08C7BD6
C08DB86C
C08EF4ED
C0903159
C0916DB1
C092A9F7
C093E62A
C095224B
C0965E5C
C0979A5C
C098D64D
C09A122F
C09B4E02
C09C89C7
C09DC57F
C09F012A
C0A03CC8
C0A1785A
C0A2B3E1
C0A3EF5D
C0A52ACE
C0A66635
C0A7A192
C0A8DCE6
C0AA1830
C0AB5372
C0AC8EAB
C0ADC9DC
C0AF0505
C0B04026
C0B17B41
C0B2B654
C0B3F161
C0B52C67
C0B66767
C0B7A261
C0B8DD55
C0BA1844
C0BB532D
C0BC8E11
C0BDC8F0
C0BF03CB
C0C03EA1
C0C17972
C0C2B440
3FC96623
3FC8FC1C
3FC88E65
3FC81CDD
3FC7A763
3FC72DD4
3FC6B00B
3FC62DE3
3FC5A735
3FC51BD8
3FC48BA4
3FC3F66C
3FC35C05
3FC2BC3F
3FC216EC
3FC16BD9
3FC0BAD4
3FC003A6
3FBF461A
3FBE81F7
3FBDB701
3FBCE4FB
3FBC0BA8
3FBB2AC6
3FBA4211
3FB95145
3FB85819
3FB75643
3FB64B78
3FB53767
3FB419C0
3FB2F22E
3FB1C05B
3FB083EE
3FAF3C8B
3FADE9D5
3FAC8B69
3FAB20E6
3FA9A9E4
3FA825FC
3FA694C3
3FA4F5CC
3FA348A6
3FA18CE2
3F9FC20C
3F9DE7AE
3F9BFD53
3F9A0282
3F97F6C3
3F95D99D
3F93AA96
3F916935
3F8F1502
3F8CAD84
3F8A3246
3F87A2D5
3F84FEC1
3F82459D
3F7EEE01
3F792512
3F732FB3
3F6D0D38
3F66BD06
3F603E93
3F599165
3F52B51D
3F4BA96D
3F446E24
3F3D0329
3F35687E
3F2D9E44
3F25A4B9
3F1D7C3A
3F152544
3F0CA073
3F03EE85
3EF620AE
3EE40DCA
3ED1A693
3EBEED7B
3EABE529
3E989079
3E84F275
3E621CAB
3E39CEE8
3E11029A
3DCF7DD7
3D782CC0
3C9F76B1
BCB47518
BD82CB72
BDD91DE3
BE1802E6
BE43BA4C
BE6FAE01
BE8DEB8A
BEA41766
BEBA5755
BED0A83D
BEE70727
BEFD7142
BF09F1F4
BF152E4C
BF206C7F
BF2BAB76
BF36EA31
BF4227C3
BF4D6352
BF589C1A
BF63D168
BF6F029C
BF7A2F25
BF82AB43
BF883C28
BF8DCA11
BF9354D5
BF98DC50
BF9E6066
BFA3E0FF
BFA95E08
BFAED775
BFB44D3B
BFB9BF54
BFBF2DBF
BFC4987D
BFC9FF91
BFCF6302
BFD4C2D8
BFDA1F1E
BFDF77E0
BFE4CD2C
BFEA1F12
BFEF6DA0
BFF4B8E9
BFFA00FE
BFFF45F1
C00243EB
C004E360
C0078161
C00A1DF8
C00CB92F
C00F530F
C011EBA3
C01482F5
C017190D
C019ADF6
C01C41B9
C01ED460
C02165F2
C023F67A
C0268600
C029148D
C02BA229
C02E2EDC
C030BAAE
C03345A7
C035CFCF
C038592C
C03AE1C6
C03D69A4
C03FF0CC
C0427745
C044FD15
C0478242
C04A06D3
C04C8ACC
C04F0E34
C051910F
C0541363
C0569535
C0591689
C05B9765
C05E17CC
C06097C3
C063174F
C0659672
C0681531
C06A9390
C06D1193
C06F8F3C
C0720C8F
C0748990
C0770641
C07982A6
C07BFEC1
C07E7A95
C0807B12
C081B8B9
C082F640
C08433A9
C08570F5
C086AE24
C087EB39
C0892833
C08A6514
C08BA1DD
C08CDE8F
C08E1B2A
C08F57B0
C0909421
C091D07E
C0930CC9
C0944900
C0958526
C096C13B
C097FD3F
C0993933
C09A7519
C09BB0EF
C09CECB8
C09E2873
C09F6421
C0A09FC2
C0A1DB57
C0A316E1
C0A4525F
C0A58DD3
C0A6C93D
C0A8049C
C0A93FF2
C0AA7B3E
C0ABB682
C0ACF1BD
C0AE2CF0
C0AF681B
C0B0A33E
C0B1DE5A
C0B31970
C0B4547E
C0B58F85
C0B6CA87
C0B80582
C0B94078
C0BA7B68
C0BBB653
C0BCF138
C0BE2C18
C0BF66F4
C0C0A1CB
C0C1DC9E
C0C3176C
3FC89ED4
3FC834C5
3FC7C705
3FC75573
3FC6DFED
3FC66650
3FC5E877
3FC5663D
3FC4DF7C
3FC45409
3FC3C3BC
3FC32E6A
3FC293E6
3FC1F401
3FC14E8B
3FC0A352
3FBFF225
3FBF3ACC
3FBE7D11
3FBDB8BB
3FBCED8F
3FBC1B50
3FBB41BF
3FBA609A
3FB977A0
3FB88689
3FB78D0D
3FB68AE4
3FB57FBE
3FB46B4F
3FB34D43
3FB22548
3FB0F305
3FAFB622
3FAE6E42
3FAD1B08
3FABBC12
3FAA50FD
3FA8D962
3FA754D9
3FA5C2F6
3FA4234D
3FA2756D
3FA0B8E5
3F9EED42
3F9D120D
3F9B26D1
3F992B15
3F971E61
3F95003A
3F92D027
3F908DAE
3F8E3856
3F8BCFA8
3F89532E
3F86C273
3F841D08
3F816280
3F7D24E2
3F7758F3
3F716077
3F6B3AC3
3F64E73A
3F5E6552
3F57B493
3F50D49B
3F49C51F
3F4285EB
3F3B16E7
3F337817
3F2BA99B
3F23ABB1
3F1B7EB8
3F13232C
3F0A99AC
3F01E2F5
3EF1FFCB
3EDFE2F8
3ECD71A7
3EBAAE4C
3EA79B92
3E943C59
3E8093AF
3E59499B
3E30E629
3E080406
3DBD54CB
3D53828B
3C2AE351
BCFF2AE2
BD95A50D
BDEC2390
BE219BB1
BE4D68F0
BE79725B
BE92D87D
BEA90F05
BEBF5986
BED5B4DF
BEEC1E19
BF014930
BF0C8785
BF17C8CA
BF230BD4
BF2E4F8C
BF3992F0
BF44D513
BF50151A
BF5B5241
BF668BD4
BF71C132
BF7CF1CC
BF840E92
BF89A165
BF8F312E
BF94BDC5
BF9A4706
BF9FCCD5
BFA54F1A
BFAACDC3
BFB048C2
BFB5C00E
BFBB33A2
BFC0A37B
BFC60F9B
BFCB7805
BFD0DCC1
BFD63DD8
BFDB9B53
BFE0F540
BFE64BAD
BFEB9EA9
BFF0EE44
BFF63A91
BFFB83A0
C00064C2
C0030629
C005A60E
C008447B
C00AE17A
C00D7D15
C0101757
C012B048
C01547F3
C017DE62
C01A739E
C01D07B1
C01F9AA4
C0222C81
C024BD51
C0274D1C
C029DBEB
C02C69C6
C02EF6B6
C03182C4
C0340DF5
C0369853
C03921E5
C03BAAB1
C03E32C0
C040BA16
C04340BC
C045C6B8
C0484C0F
C04AD0C7
C04D54E7
C04FD874
C0525B73
C054DDE9
C0575FDC
C059E150
C05C624A
C05EE2CE
C06162E2
C063E288
C06661C6
C068E09E
C06B5F16
C06DDD2F
C0705AEF
C072D858
C075556D
C077D232
C07A4EAA
C07CCAD7
C07F46BC
C080E12E
C0821EDE
C0835C6D
C08499DD
C085D730
C0871467
C0885182
C0898E83
C08ACB6A
C08C0839
C08D44F0
C08E8191
C08FBE1D
C090FA93
C09236F5
C0937344
C094AF80
C095EBAA
C09727C3
C09863CC
C0999FC4
C09ADBAD
C09C1787
C09D5353
C09E8F12
C09FCAC3
C0A10667
C0A241FF
C0A37D8C
C0A4B90D
C0A5F484
C0A72FEF
C0A86B51
C0A9A6AA
C0AAE1F8
C0AC1D3E
C0AD587C
C0AE93B0
C0AFCEDD
C0B10A03
C0B24521
C0B38037
C0B4BB47
C0B5F651
C0B73154
C0B86C51
C0B9A748
C0BAE239
C0BC1D25
C0BD580C
C0BE92ED
C0BFCDCA
C0C108A2
C0C24376
C0C37E45
3FC7D0BC
3FC766A4
3FC6F8D9
3FC6873B
3FC611A7
3FC597FA
3FC51A10
3FC497C2
3FC410EA
3FC38560
3FC2F4F9
3FC25F89
3FC1C4E5
3FC124DE
3FC07F43
3FBFD3E3
3FBF2289
3FBE6B02
3FBDAD15
3FBCE889
3FBC1D24
3FBB4AA8
3FBA70D6
3FB98F6C
3FB8A627
3FB7B4C2
3FB6BAF3
3FB5B870
3FB4ACED
3FB3981B
3FB279A6
3FB1513B
3FB01E83
3FAEE124
3FAD98C2
3FAC44FF
3FAAE578
3FA979CA
3FA8018F
3FA67C5E
3FA4E9CB
3FA34968
3FA19AC5
3F9FDD72
3F9E10F9
3F9C34E5
3F9A48BF
3F984C0E
3F963E5A
3F941F27
3F91EDFD
3F8FAA61
3F8D53DB
3F8AE9F0
3F886C2D
3F85DA1C
3F83334C
3F807751
3F7B4B84
3F757C76
3F6F80BF
3F6957B2
3F6300B2
3F5C7B34
3F55C6C0
3F4EE2F4
3F47CF85
3F408C40
3F39190D
3F3175EF
3F29A307
3F21A094
3F196EF4
3F110EA6
3F088049
3EFF8935
3EEDB8F6
3EDB91D1
3EC91603
3EB64802
3EA32A7B
3E8FC052
3E781932
3E50251B
3E27AB24
3DFD64AC
3DAA83D8
3D2D8528
3A8BF7E2
BD264A4C
BDA92D57
BDFFD99C
BE2B8D84
BE577174
BE81C8B6
BE97F336
BEAE34D5
BEC48A4F
BEDAF082
BEF16472
BF03F1A4
BF0F352D
BF1A7B90
BF25C3A2
BF310C4A
BF3C5486
BF479B67
BF52E013
BF5E21C4
BF695FC7
BF74997A
BF7FCE4E
BF857EE2
BF8B13B5
BF90A572
BF9633EF
BF9BBF08
BFA146A1
BFA6CAA3
BFAC4AFC
BFB1C79E
BFB7407F
BFBCB59C
BFC226F1
BFC79481
BFCCFE50
BFD26464
BFD7C6C7
BFDD2584
BFE280A8
BFE7D841
BFED2C5F
BFF27D11
BFF7CA6B
BFFD147F
C0012DAF
C003CF8F
C0066FE9
C0090EC6
C00BAC31
C00E4835
C010E2DB
C0137C2D
C0161435
C018AAFE
C01B4090
C01DD4F7
C020683A
C022FA64
C0258B7E
C0281B90
C02AAAA4
C02D38C2
C02FC5F2
C032523C
C034DDA9
C037683F
C039F207
C03C7B08
C03F0349
C0418AD1
C04411A5
C04697CE
C0491D50
C04BA232
C04E267A
C050AA2D
C0532D51
C055AFEB
C0583200
C05AB395
C05D34AE
C05FB552
C0623582
C064B545
C067349D
C069B390
C06C3220
C06EB052
C0712E29
C073ABA8
C07628D3
C078A5AD
C07B2238
C07D9E78
C0800D38
C0814B11
C08288C9
C083C660
C08503D9
C0864133
C0877E71
C088BB93
C089F89B
C08B3588
C08C725E
C08DAF1B
C08EEBC2
C0902853
C09164CE
C092A136
C093DD89
C09519CA
C09655F9
C0979216
C098CE23
C09A0A1F
C09B460C
C09C81EA
C09DBDBA
C09EF97C
C0A03530
C0A170D8
C0A2AC73
C0A3E803
C0A52387
C0A65F00
C0A79A6F
C0A8D5D3
C0AA112E
C0AB4C7F
C0AC87C7
C0ADC307
C0AEFE3E
C0B0396D
C0B17494
C0B2AFB4
C0B3EACC
C0B525DE
C0B660E9
C0B79BEE
C0B8D6EC
C0BA11E5
C0BB4CD7
C0BC87C5
C0BDC2AD
C0BEFD90
C0C0386E
C0C17347
C0C2AE1C
C0C3E8ED
3FC6FBA4
3FC69181
3FC623AA
3FC5B1FE
3FC53C5A
3FC4C29B
3FC4449D
3FC3C23A
3FC33B4A
3FC2AFA5
3FC21F21
3FC18993
3FC0EECC
3FC04EA0
3FBFA8DD
3FBEFD52
3FBE4BCB
3FBD9412
3FBCD5F0
3FBC112B
3FBB4589
3FBA72CD
3FB998B5
3FB8B702
3FB7CD6F
3FB6DBB7
3FB5E190
3FB4DEB1
3FB3D2CB
3FB2BD90
3FB19EAD
3FB075CE
3FAF429B
3FAE04BB
3FACBBD1
3FAB677D
3FAA0760
3FA89B13
3FA72231
3FA59C50
3FA40904
3FA267E0
3FA0B873
3F9EFA4B
3F9D2CF4
3F9B4FF7
3F9962DD
3F97652E
3F95566F
3F933627
3F9103DB
3F8EBF11
3F8C674E
3F89FC1B
3F877D02
3F84E98C
3F82414B
3F7F079E
3F796161
3F738F17
3F6D9004
3F67637C
3F6108E3
3F5A7FAB
3F53C75F
3F4CDF9A
3F45C812
3F3E8094
3F370909
3F2F6173
3F2789F4
3F1F82CB
3F174C58
3F0EE71A
3F0653AF
3EFB25B3
3EE94AF0
3ED71917
3EC49266
3EB1B956
3E9E909A
3E8B1B16
3E6EB7C3
3E46AC7C
3E1E1B26
3DEA159E
3D970579
3D06296C
BC0D6CCF
BD4E648A
BDBD6A14
BE0A22F0
BE35DB54
BE61D6D4
BE87071B
BE9D3D3A
BEB38A5D
BEC9EB3E
BEE05CB6
BEF6DBC7
BF06B2CB
BF11FBBB
BF1D4770
BF2894BC
BF33E285
BF3F2FC9
BF4A7B98
BF55C517
BF610B80
BF6C4E1F
BF778C52
BF8162C5
BF86FCA3
BF8C938C
BF922750
BF97B7C5
BF9D44C9
BFA2CE3F
BFA85410
BFADD629
BFB3547E
BFB8CF05
BFBE45BA
BFC3B89A
BFC927A9
BFCE92EA
BFD3FA64
BFD95E21
BFDEBE2D
BFE41A93
BFE97364
BFEEC8AF
BFF41A84
BFF968F6
BFFEB418
C001FDFE
C004A05C
C007412F
C009E081
C00C7E5D
C00F1ACD
C011B5DB
C0144F92
C016E7FB
C0197F21
C01C150D
C01EA9CA
C0213D61
C023CFDB
C0266142
C028F19F
C02B80FA
C02E0F5C
C0309CCF
C0332959
C035B503
C0383FD4
C03AC9D5
C03D530D
C03FDB82
C042633C
C044EA41
C0477098
C049F647
C04C7B54
C04EFFC6
C05183A1
C05406EB
C05689AA
C0590BE3
C05B8D9A
C05E0ED5
C0608F98
C0630FE7
C0658FC7
C0680F3C
C06A8E49
C06D0CF4
C06F8B3F
C072092D
C07486C4
C0770405
C07980F4
C07BFD94
C07E79E8
C0807AFA
C081B8DC
C082F69D
C084343C
C08571BD
C086AF1F
C087EC65
C089298E
C08A669D
C08BA391
C08CE06D
C08E1D31
C08F59DD
C0909674
C091D2F5
C0930F62
C0944BBB
C0958800
C096C434
C0980056
C0993C67
C09A7868
C09BB459
C09CF03B
C09E2C0E
C09F67D3
C0A0A38B
C0A1DF36
C0A31AD5
C0A45668
C0A591EF
C0A6CD6B
C0A808DC
C0A94443
C0AA7FA0
C0ABBAF4
C0ACF63F
C0AE3180
C0AF6CBA
C0B0A7EB
C0B1E314
C0B31E36
C0B45950
C0B59464
C0B6CF71
C0B80A77
C0B94577
C0BA8071
C0BBBB65
C0BCF654
C0BE313D
C0BF6C22
C0C0A701
C0C1E1DC
C0C31CB2
C0C45783
3FC61F55
3FC5B526
3FC54741
3FC4D585
3FC45FCF
3FC3E5FC
3FC367E8
3FC2E56D
3FC25E63
3FC1D2A1
3FC141FE
3FC0AC4E
3FC01163
3FBF710F
3FBECB21
3FBE1F68
3FBD6DB0
3FBCB5C2
3FBBF768
3FBB3267
3FBA6685
3FB99384
3FB8B924
3FB7D723
3FB6ED3E
3FB5FB2E
3FB500AB
3FB3FD6A
3FB2F11D
3FB1DB75
3FB0BC1E
3FAF92C5
3FAE5F12
3FAD20AA
3FABD731
3FAA8248
3FA9218C
3FA7B49A
3FA63B09
3FA4B471
3FA32065
3FA17E78
3F9FCE38
3F9E0F33
3F9C40F4
3F9A6304
3F9874ED
3F967635
3F946662
3F9244F9
3F90117F
3F8DCB7A
3F8B7270
3F8905E7
3F86856A
3F83F083
3F8146C1
3F7D0F6B
3F7765F0
3F719049
3F6B8DBA
3F655D96
3F5EFF3F
3F58722A
3F51B5DF
3F4AC9FB
3F43AE33
3F3C6253
3F34E645
3F2D3A0B
3F255DC9
3F1D51BD
3F151648
3F0CABE9
3F041341
3EF69A23
3EE4B477
3ED27781
3EBFE583
3EAD00FA
3E99CC9A
3E864B4D
3E65005C
3E3CDD04
3E143369
3DD61549
3D82D405
3CBAC7C7
BC99072D
BD77EFDE
BDD26130
BE14B72A
BE408825
BE6C9C1E
BE8C75E9
BEA2B819
BEB91133
BECF7DEB
BEE5FB18
BEFC85B7
BF098D77
BF14DC04
BF202D3F
BF2B7FF8
BF36D316
BF422594
BF4D7682
BF58C505
BF641055
BF6F57BE
BF7A9A9E
BF82EC33
BF88884A
BF8E215E
BF93B73D
BF9949BF
BF9ED8C0
BFA46425
BFA9EBD7
BFAF6FC2
BFB4EFDB
BFBA6C18
BFBFE476
BFC558F2
BFCAC98E
BFD03650
BFD59F3E
BFDB0463
BFE065CA
BFE5C380
BFEB1D95
BFF07419
BFF5C71C
BFFB16B2
C0003176
C002D5F0
C00578D0
C0081A21
C00AB9ED
C00D583E
C00FF51E
C0129099
C0152AB9
C017C387
C01A5B0E
C01CF158
C01F866E
C0221A5C
C024AD29
C0273EE0
C029CF8A
C02C5F30
C02EEDDA
C0317B91
C034085D
C0369447
C0391F55
C03BA991
C03E3301
C040BBAD
C043439C
C045CAD3
C048515B
C04AD739
C04D5C73
C04FE110
C0526514
C054E887
C0576B6C
C059EDCA
C05C6FA5
C05EF102
C06171E5
C063F254
C0667252
C068F1E5
C06B710E
C06DEFD4
C0706E39
C072EC41
C07569EF
C077E748
C07A644D
C07CE103
C07F5D6C
C080ECC5
C0822AB1
C083687B
C084A624
C085E3AD
C0872117
C0885E64
C0899B95
C08AD8AB
C08C15A7
C08D5289
C08E8F53
C08FCC06
C09108A3
C092452A
C093819C
C094BDFA
C095FA45
C097367E
C09872A4
C099AEBA
C09AEABF
C09C26B4
C09D629A
C09E9E72
C09FDA3B
C0A115F6
C0A251A5
C0A38D47
C0A4C8DD
C0A60467
C0A73FE6
C0A87B5A
C0A9B6C4
C0AAF224
C0AC2D7A
C0AD68C7
C0AEA40B
C0AFDF47
C0B11A7A
C0B255A6
C0B390C9
C0B4CBE6
C0B606FB
C0B7420A
C0B87D12
C0B9B813
C0BAF30F
C0BC2E05
C0BD68F5
C0BEA3E0
C0BFDEC6
C0C119A7
C0C25482
C0C38F5A
C0C4CA2C
3FC53B96
3FC4D159
3FC46364
3FC3F196
3FC37BCC
3FC301E4
3FC283B8
3FC20122
3FC179FC
3FC0EE1B
3FC05D56
3FBFC781
3FBF2C6F
3FBE8BF0
3FBDE5D5
3FBD39EB
3FBC87FE
3FBBCFD9
3FBB1142
3FBA4C02
3FB97FDC
3FB8AC92
3FB7D1E5
3FB6EF93
3FB60558
3FB512EC
3FB41808
3FB31460
3FB207A7
3FB0F18C
3FAFD1BD
3FAEA7E4
3FAD73AA
3FAC34B5
3FAAEAA7
3FA99521
3FA833C0
3FA6C621
3FA54BDA
3FA3C483
3FA22FB0
3FA08CF0
3F9EDBD4
3F9D1BE9
3F9B4CB8
3F996DCD
3F977EAE
3F957EE2
3F936DEF
3F914B5A
3F8F16A6
3F8CCF5A
3F8A74FC
3F880710
3F858522
3F82EEBB
3F804369
3F7B057E
3F7558A5
3F6F7F80
3F697953
3F63456F
3F5CE337
3F56521F
3F4F91AF
3F48A183
3F418151
3F3A30E5
3F32B028
3F2AFF1F
3F231DEA
3F1B0CCC
3F12CC25
3F0A5C74
3F01BE5C
3EF1E53E
3EDFF43E
3ECDABC1
3EBB0E09
3EA81D96
3E94DD22
3E814F9A
3E5AF039
3E32B3E6
3E09F11B
3DC15DF3
3D5BD361
3C4CA369
BCEE4A81
BD917C21
BDE818B8
BE1FAC8C
BE4B970F
BE77C471
BE9216B4
BEA8656C
BEBECAF2
BED543F6
BEEBCD4C
BF0131F6
BF0C827D
BF17D6DF
BF232DD7
BF2E8634
BF39DEDB
BF4536C8
BF508D08
BF5BE0C1
BF673129
BF727D8C
BF7DC548
BF8483E6
BF8A224D
BF8FBDA1
BF9555B0
BF9AEA53
BFA07B67
BFA608CF
BFAB9273
BFB11844
BFB69A33
BFBC1838
BFC1924E
BFC70875
BFCC7AAF
BFD1E901
BFD75372
BFDCBA0C
BFE21CDD
BFE77BF0
BFECD756
BFF22F1F
BFF7835C
BFFCD421
C00110C0
C003B5C7
C006592F
C008FB03
C00B9B4C
C00E3A17
C010D76D
C0137359
C0160DE5
C018A71C
C01B3F08
C01DD5B3
C0206B27
C022FF6E
C0259293
C028249D
C02AB597
C02D458A
C02FD47E
C032627D
C034EF8E
C0377BB9
C03A0708
C03C9181
C03F1B2C
C041A411
C0442C36
C046B3A2
C0493A5C
C04BC06A
C04E45D3
C050CA9D
C0534ECD
C055D269
C0585576
C05AD7FA
C05D59FA
C05FDB7B
C0625C80
C064DD10
C0675D2E
C069DCDF
C06C5C26
C06EDB08
C0715988
C073D7AA
C0765571
C078D2E2
C07B4FFE
C07DCCCA
C08024A4
C08162BE
C082A0B4
C083DE87
C0851C39
C08659CB
C087973E
C088D493
C08A11CC
C08B4EE9
C08C8BEC
C08DC8D6
C08F05A7
C0904260
C0917F03
C092BB90
C093F808
C095346C
C09670BC
C097ACFA
C098E925
C09A253F
C09B6149
C09C9D43
C09DD92D
C09F1508
C0A050D6
C0A18C95
C0A2C847
C0A403ED
C0A53F86
C0A67B13
C0A7B695
C0A8F20D
C0AA2D79
C0AB68DC
C0ACA435
C0ADDF84
C0AF1ACB
C0B05609
C0B1913F
C0B2CC6C
C0B40792
C0B542B0
C0B67DC8
C0B7B8D8
C0B8F3E2
C0BA2EE6
C0BB69E3
C0BCA4DA
C0BDDFCC
C0BF1AB9
C0C055A0
C0C19082
C0C2CB5F
C0C40638
C0C5410C
3FC4502F
3FC3E5E1
3FC377DA
3FC305F8
3FC29019
3FC21618
3FC197D2
3FC1151F
3FC08DDA
3FC001D7
3FBF70EE
3FBEDAF1
3FBE3FB5
3FBD9F09
3FBCF8BE
3FBC4C9F
3FBB9A7B
3FBAE21A
3FBA2344
3FB95DC0
3FB89152
3FB7BDBC
3FB6E2BE
3FB60016
3FB51580
3FB422B4
3FB3276A
3FB22357
3FB1162B
3FAFFF98
3FAEDF4B
3FADB4EC
3FAC8026
3FAB409D
3FA9F5F3
3FA89FC9
3FA73DBD
3FA5CF69
3FA45465
3FA2CC47
3FA136A2
3F9F9308
3F9DE107
3F9C202C
3F9A5001
3F98700F
3F967FDE
3F947EF4
3F926CD5
3F904907
3F8E130E
3F8BCA6E
3F896EAE
3F86FF52
3F847BE4
3F81E3ED
3F7E6DFA
3F78E948
3F7338F1
3F6D5C2D
3F67523D
3F611A76
3F5AB437
3F541EF5
3F4D5A37
3F46659A
3F3F40D3
3F37EBAF
3F306617
3F28B00F
3F20C9BA
3F18B359
3F106D4C
3F07F817
3EFEA8B4
3EED05B4
3EDB08F4
3EC8B47F
3EB60A9C
3EA30DCD
3E8FC0D1
3E784D2E
3E508486
3E282E45
3DFEA2AB
3DABE9C3
3D308124
3AED8ACC
BD234C4E
BDA7C4FA
BDFE96DD
BE2B0638
BE570B3D
BE81A981
BE97EB19
BEAE46D5
BEC4B942
BEDB3F0B
BEF1D501
BF043C0D
BF0F92BA
BF1AED2B
BF264A18
BF31A852
BF3D06BA
BF48644A
BF53C012
BF5F1934
BF6A6EE7
BF75C077
BF8086A0
BF862A59
BF8BCB26
BF9168D0
BF970326
BF9C9A00
BFA22D3A
BFA7BCB9
BFAD4865
BFB2D02D
BFB85404
BFBDD3E3
BFC34FC4
BFC8C7A7
BFCE3B8E
BFD3AB80
BFD91783
BFDE7FA2
BFE3E3EA
BFE94468
BFEEA12D
BFF3FA48
BFF94FCB
BFFEA1CB
C001F82D
C0049DC6
C00741BB
C009E417
C00C84E5
C00F242E
C011C1FE
C0145E5F
C016F95C
C01992FF
C01C2B54
C01EC264
C021583A
C023ECDF
C026805D
C02912BE
C02BA40C
C02E344F
C030C390
C03351D9
C035DF32
C0386BA2
C03AF733
C03D81EC
C0400BD4
C04294F4
C0451D51
C047A4F4
C04A2BE3
C04CB224
C04F37BD
C051BCB5
C0544112
C056C4D9
C0594810
C05BCABC
C05E4CE3
C060CE88
C0634FB2
C065D063
C06850A2
C06AD073
C06D4FD8
C06FCED7
C0724D73
C074CBB0
C0774992
C079C71C
C07C4450
C07EC133
C0809EE4
C081DD08
C0831B09
C08458E6
C08596A1
C086D43C
C08811B8
C0894F16
C08A8C57
C08BC97C
C08D0687
C08E4377
C08F804F
C090BD0F
C091F9B9
C093364C
C09472CA
C095AF33
C096EB89
C09827CC
C09963FD
C09AA01C
C09BDC2B
C09D1829
C09E5418
C09F8FF7
C0A0CBC8
C0A2078C
C0A34342
C0A47EEB
C0A5BA87
C0A6F618
C0A8319E
C0A96D18
C0AAA888
C0ABE3ED
C0AD1F49
C0AE5A9B
C0AF95E4
C0B0D125
C0B20C5D
C0B3478C
C0B482B4
C0B5BDD5
C0B6F8EE
C0B83401
C0B96F0D
C0BAAA12
C0BBE511
C0BD200A
C0BE5AFE
C0BF95EB
C0C0D0D4
C0C20BB8
C0C34696
C0C48170
C0C5BC45
3FC35CE2
3FC2F283
3FC28468
3FC21270
3FC19C78
3FC1225D
3FC0A3FA
3FC02129
3FBF99C1
3FBF0D9A
3FBE7C8A
3FBDE663
3FBD4AFA
3FBCAA1D
3FBC039E
3FBB5748
3FBAA4E9
3FB9EC48
3FB92D30
3FB86764
3FB79AAB
3FB6C6C4
3FB5EB71
3FB5086F
3FB41D79
3FB32A48
3FB22E93
3FB12A0E
3FB01C6C
3FAF055B
3FADE489
3FACB99F
3FAB8446
3FAA4422
3FA8F8D6
3FA7A201
3FA63F41
3FA4D030
3FA35467
3FA1CB7A
3FA034FC
3F9E907E
3F9CDD8F
3F9B1BBA
3F994A8A
3F976987
3F957839
3F937624
3F9162CF
3F8F3DBC
3F8D0671
3F8ABC70
3F885F40
3F85EE65
3F836968
3F80CFD4
3F7C426A
3F76BA3A
3F710642
3F6B25BB
3F6517E5
3F5EDC14
3F5871A7
3F51D813
3F4B0EDE
3F4415A6
3F3CEC1F
3F359215
3F2E0773
3F264C3D
3F1E6095
3F1644BE
3F0DF919
3F057E2A
3EF9A924
3EE7FA2F
3ED5F13F
3EC39060
3EB0D9DC
3E9DD03A
3E8A763C
3E6D9DAC
3E45BA60
3E1D4937
3DE8A24B
3D95B2BF
3D03A53C
BC177787
BD51051C
BDBED8BB
BE0AF0F9
BE36C75F
BE62E7EB
BE87A58A
BE9DF4BF
BEB45DFF
BECADDD2
BEE170DF
BEF813F2
BF0761FF
BF12BF0F
BF1E1FCA
BF2982E9
BF34E738
BF404B9A
BF4BAF08
BF57108E
BF626F4F
BF6DCA82
BF792171
BF8239BD
BF87E005
BF8D8351
BF932369
BF98C01C
BF9E5943
BFA3EEB9
BFA98064
BFAF0E2C
BFB497FF
BFBA1DD3
BFBF9F9D
BFC51D5B
BFCA970C
BFD00CB2
BFD57E53
BFDAEBF9
BFE055AC
BFE5BB7A
BFEB1D71
BFF07BA2
BFF5D61C
BFFB2CF4
C000401D
C002E803
C0058E34
C00832BC
C00AD5A6
C00D76FB
C01016C8
C012B516
C01551F2
C017ED64
C01A8779
C01D203B
C01FB7B4
C0224DEE
C024E2F5
C02776D1
C02A098C
C02C9B30
C02F2BC7
C031BB58
C03449EF
C036D792
C039644A
C03BF01F
C03E7B1A
C0410543
C0438E9F
C0461738
C0489F13
C04B2638
C04DACAE
C050327A
C052B7A3
C0553C2E
C057C022
C05A4384
C05CC65A
C05F48A8
C061CA74
C0644BC2
C066CC98
C0694CF9
C06BCCEA
C06E4C6F
C070CB8D
C0734A46
C075C89F
C078469C
C07AC440
C07D418D
C07FBE89
C0811D9A
C0825BCA
C08399D5
C084D7BC
C0861582
C0875326
C08890AB
C089CE12
C08B0B5B
C08C4889
C08D859B
C08EC293
C08FFF73
C0913C3A
C09278EA
C093B583
C094F207
C0962E77
C0976AD3
C098A71B
C099E351
C09B1F76
C09C5B89
C09D978C
C09ED37F
C0A00F63
C0A14B39
C0A28700
C0A3C2BA
C0A4FE67
C0A63A07
C0A7759B
C0A8B124
C0A9ECA2
C0AB2814
C0AC637D
C0AD9EDC
C0AEDA31
C0B0157C
C0B150BF
C0B28BFA
C0B3C72C
C0B50256
C0B63D79
C0B77895
C0B8B3A9
C0B9EEB7
C0BB29BE
C0BC64BF
C0BD9FBA
C0BEDAAF
C0C0159E
C0C15088
C0C28B6D
C0C3C64E
C0C50129
C0C63BFF
3FC26176
3FC1F702
3FC188D1
3FC116C0
3FC0A0AE
3FC02676
3FBFA7F4
3FBF2501
3FBE9D75
3FBE1127
3FBD7FED
3FBCE999
3FBC4DFF
3FBBACEF
3FBB0639
3FBA59A8
3FB9A70A
3FB8EE27
3FB82EC7
3FB768B0
3FB69BA7
3FB5C76C
3FB4EBBF
3FB4085D
3FB31D03
3FB22967
3FB12D42
3FB02847
3FAF1A28
3FAE0294
3FACE137
3FABB5BB
3FAA7FC9
3FA93F03
3FA7F30D
3FA69B87
3FA5380C
3FA3C836
3FA24B9F
3FA0C1DA
3F9F2A7A
3F9D850F
3F9BD128
3F9A0E4F
3F983C10
3F9659F1
3F94677A
3F926430
3F904F97
3F8E2933
3F8BF088
3F89A519
3F87466B
3F84D402
3F824D68
3F7F644B
3F7A038F
3F7477BF
3F6EC004
3F68DB95
3F62C9B4
3F5C89B2
3F561AEF
3F4F7CDF
3F48AF09
3F41B109
3F3A8293
3F332376
3F2B9399
3F23D303
3F1BE1D6
3F13C055
3F0B6EE3
3F02EE02
3EF47CB0
3EE2C154
3ED0ABBE
3EBE3DFD
3EAB7A60
3E986371
3E84FBF4
3E628DC6
3E3A8ED4
3E1201C0
3DD1DB0E
3D7D659B
3CAA66A5
BCA9848F
BD802E25
BDD6BDC6
BE170036
BE42F346
BE6F3064
BE8DD7FF
BEA43557
BEBAACA0
BED13A5B
BEE7DB2E
BEFE8BDF
BF0AA4AF
BF160861
BF216FA6
BF2CD933
BF3843D4
BF43AE6C
BF4F17F0
BF5A7F6E
BF65E406
BF7144F0
BF7CA175
BF83FC78
BF89A569
BF8F4B4C
BF94EDEB
BF9A8D14
BFA0289E
BFA5C068
BFAB5454
BFB0E44D
BFB67041
BFBBF823
BFC17BEE
BFC6FB9B
BFCC772B
BFD1EEA2
BFD76205
BFDCD15C
BFE23CB4
BFE7A418
BFED0797
BFF26742
BFF7C32A
BFFD1B62
C00137FF
C003E088
C0068758
C0092C79
C00BCFF5
C00E71D9
C011122E
C013B100
C0164E5A
C018EA47
C01B84D2
C01E1E05
C020B5EB
C0234C8F
C025E1FA
C0287637
C02B0950
C02D9B4F
C0302C3C
C032BC21
C0354B08
C037D8F8
C03A65FA
C03CF218
C03F7D58
C04207C2
C044915E
C0471A34
C049A24B
C04C29A8
C04EB054
C0513655
C053BBB0
C056406C
C058C48F
C05B481E
C05DCB1F
C0604D96
C062CF8A
C06550FF
C067D1F9
C06A527E
C06CD291
C06F5237
C071D174
C074504C
C076CEC3
C0794CDC
C07BCA9A
C07E4802
C080628B
C081A0ED
C082DF28
C0841D3E
C0855B30
C0869900
C087D6AF
C089143D
C08A51AD
C08B8EFF
C08CCC35
C08E0950
C08F4650
C0908337
C091C005
C092FCBC
C094395C
C09575E7
C096B25D
C097EEBF
C0992B0D
C09A6748
C09BA372
C09CDF8B
C09E1B93
C09F578B
C0A09373
C0A1CF4D
C0A30B19
C0A446D7
C0A58287
C0A6BE2B
C0A7F9C3
C0A93550
C0AA70D0
C0ABAC46
C0ACE7B2
C0AE2314
C0AF5E6C
C0B099BA
C0B1D500
C0B3103D
C0B44B71
C0B5869E
C0B6C1C3
C0B7FCE1
C0B937F7
C0BA7307
C0BBAE10
C0BCE913
C0BE2410
C0BF5F07
C0C099F8
C0C1D4E4
C0C30FCA
C0C44AAC
C0C58588
C0C6C060
3FC15DAC
3FC0F321
3FC084D7
3FC012AC
3FBF9C7D
3FBF2226
3FBEA382
3FBE206B
3FBD98B8
3FBD0C40
3FBC7AD8
3FBBE455
3FBB4887
3FBAA740
3FBA004F
3FB95380
3FB8A09F
3FB7E776
3FB727CB
3FB66165
3FB59407
3FB4BF72
3FB3E367
3FB2FFA2
3FB213DE
3FB11FD3
3FB02338
3FAF1DC1
3FAE0F20
3FACF702
3FABD514
3FAAA900
3FA9726D
3FA830FF
3FA6E458
3FA58C17
3FA427D9
3FA2B737
3FA139C9
3F9FAF23
3F9E16D8
3F9C7076
3F9ABB8D
3F98F7A6
3F97244C
3F954107
3F934D5C
3F9148D0
3F8F32E7
3F8D0B25
3F8AD10C
3F888420
3F8623E6
3F83AFE1
3F812799
3F7D1530
3F77B0D5
3F722141
3F6C659E
3F667D22
3F60670F
3F5A22B4
3F53AF72
3F4D0CBC
3F463A17
3F3F3722
3F38038F
3F309F2E
3F2909E5
3F2143BC
3F194CD5
3F112575
3F08CDFD
3F0046F3
3EEF21F9
3EDD59C0
3ECB370B
3EB8BBEE
3EA5EABA
3E92C5FE
3E7EA102
3E571A85
3E2EFEE4
3E0654D9
3DBA46D1
3D4DC775
3C147B62
BD054D91
BD98AF59
BDEF7A9B
BE237C6E
BE4F8D40
BE7BE807
BE944294
BEAAAE99
BEC13473
BED7D0A0
BEEE7FBF
BF029F4B
BF0E0506
BF196F9B
BF24DDA9
BF304DE5
BF3BBF17
BF473021
BF529FF9
BF5E0DA9
BF697854
BF74DF2E
BF8020C0
BF85CF53
BF8B7B07
BF91239C
BF96C8DA
BF9C6A90
BFA20897
BFA7A2CA
BFAD390F
BFB2CB4F
BFB85978
BFBDE380
BFC3695E
BFC8EB0E
BFCE6891
BFD3E1EB
BFD95720
BFDEC83B
BFE43547
BFE99E51
BFEF0368
BFF4649D
BFF9C201
BFFF1BA7
C00238D2
C004E206
C007897B
C00A2F3A
C00CD350
C00F75C7
C01216AA
C014B605
C01753E3
C019F04F
C01C8B54
C01F24FD
C021BD54
C0245465
C026EA3A
C0297EDC
C02C1257
C02EA4B3
C03135FA
C033C636
C0365570
C038E3B1
C03B7101
C03DFD68
C04088F0
C043139F
C0459D7E
C0482693
C04AAEE7
C04D3680
C04FBD64
C052439B
C054C92B
C0574E19
C059D26D
C05C562A
C05ED958
C0615BFB
C063DE18
C0665FB5
C068E0D6
C06B617F
C06DE1B6
C070617F
C072E0DC
C0755FD4
C077DE69
C07A5C9F
C07CDA7A
C07F57FD
C080EA95
C0822904
C083674B
C084A56D
C085E36A
C0872144
C0885EFD
C0899C96
C08ADA0F
C08C176B
C08D54A9
C08E91CC
C08FCED5
C0910BC3
C0924899
C0938557
C094C1FF
C095FE90
C0973B0C
C0987774
C099B3C9
C09AF00A
C09C2C39
C09D6857
C09EA464
C09FE061
C0A11C4E
C0A2582D
C0A393FD
C0A4CFBF
C0A60B74
C0A7471C
C0A882B8
C0A9BE47
C0AAF9CC
C0AC3545
C0AD70B4
C0AEAC19
C0AFE773
C0B122C5
C0B25E0D
C0B3994D
C0B4D484
C0B60FB3
C0B74ADB
C0B885FB
C0B9C114
C0BAFC25
C0BC3731
C0BD7235
C0BEAD34
C0BFE82D
C0C12320
C0C25E0D
C0C398F5
C0C4D3D8
C0C60EB6
C0C74990
3FC05145
3FBFE6A2
3FBF783D
3FBF05F5
3FBE8FA7
3FBE152E
3FBD9666
3FBD1327
3FBC8B4A
3FBBFEA5
3FBB6D0D
3FBAD656
3FBA3A52
3FB998D0
3FB8F1A1
3FB84490
3FB79169
3FB6D7F5
3FB617FB
3FB55141
3FB4838A
3FB3AE98
3FB2D229
3FB1EDFB
3FB101C8
3FB00D49
3FAF1033
3FAE0A3A
3FACFB10
3FABE262
3FAABFDD
3FA99329
3FA85BEF
3FA719D1
3FA5CC72
3FA4736F
3FA30E66
3FA19CEF
3FA01EA1
3F9E9311
3F9CF9D0
3F9B526F
3F999C78
3F97D779
3F9602FA
3F941E82
3F922996
3F9023BC
3F8E0C76
3F8BE348
3F89A7B4
3F87593D
3F84F767
3F8281B6
3F7FEF61
3F7AB1C1
3F7549A2
3F6FB627
3F69F677
3F6409C8
3F5DEF59
3F57A67D
3F512E91
3F4A8708
3F43AF68
3F3CA74E
3F356E6F
3F2E0496
3F2669AE
3F1E9DBD
3F16A0E7
3F0E736F
3F0615BA
3EFB1098
3EE99799
3ED7C209
3EC591BA
3EB308C1
3EA02975
3E8CF668
3E72E4CC
3E4B40E4
3E230783
3DF47ED4
3DA1DF56
3D1C7E67
BB4A4FC1
BD378CAE
BDB20CB6
BE048AED
BE3068FD
BE5C98B0
BE848920
BE9AE704
BEB16244
BEC7F73E
BEDEA26A
BEF56063
BF0616F4
BF1183F0
BF1CF5AD
BF286AC7
BF33E1F2
BF3F59F7
BF4AD1B3
BF56481D
BF61BC3E
BF6D2D37
BF789A3B
BF82014A
BF87B2CE
BF8D6161
BF930CC3
BF98B4BB
BF9E5919
BFA3F9B4
BFA9966A
BFAF2F1F
BFB4C3BD
BFBA5432
BFBFE074
BFC5687A
BFCAEC42
BFD06BCC
BFD5E71B
BFDB5E36
BFE0D126
BFE63FF8
BFEBAAB8
BFF11177
BFF67445
BFFBD334
C000972C
C00342E2
C005ECC8
C00894E7
C00B3B4C
C00DE001
C0108311
C0132488
C015C471
C01862D8
C01AFFC8
C01D9B4C
C0203570
C022CE3D
C02565C0
C027FC01
C02A910D
C02D24ED
C02FB7AA
C032494F
C034D9E6
C0376977
C039F80B
C03C85AB
C03F1260
C0419E32
C0442928
C046B34C
C0493CA4
C04BC537
C04E4D0D
C050D42D
C0535A9C
C055E063
C0586585
C05AEA0B
C05D6DF9
C05FF156
C0627426
C064F66E
C0677834
C069F97D
C06C7A4D
C06EFAA9
C0717A95
C073FA15
C076792D
C078F7E2
C07B7636
C07DF42E
C08038E6
C081778B
C082B607
C083F45A
C0853288
C0867091
C087AE76
C088EC3A
C08A29DD
C08B6760
C08CA4C5
C08DE20D
C08F1F39
C0905C4A
C0919940
C092D61E
C09412E4
C0954F93
C0968C2B
C097C8AE
C099051C
C09A4177
C09B7DBE
C09CB9F3
C09DF617
C09F3229
C0A06E2B
C0A1AA1D
C0A2E600
C0A421D5
C0A55D9C
C0A69955
C0A7D501
C0A910A0
C0AA4C34
C0AB87BC
C0ACC339
C0ADFEAB
C0AF3A13
C0B07571
C0B1B0C5
C0B2EC11
C0B42753
C0B5628D
C0B69DBF
C0B7D8E9
C0B9140B
C0BA4F26
C0BB8A3A
C0BCC547
C0BE004E
C0BF3B4F
C0C07649
C0C1B13E
C0C2EC2D
C0C42717
C0C561FC
C0C69CDB
C0C7D7B6
3FBF3C03
3FBED145
3FBE62C3
3FBDF05B
3FBD79EA
3FBCFF4D
3FBC805E
3FBBFCF5
3FBB74EB
3FBAE816
3FBA564B
3FB9BF5D
3FB9231E
3FB8815F
3FB7D9EE
3FB72C97
3FB67925
3FB5BF62
3FB4FF15
3FB43803
3FB369EF
3FB2949A
3FB1B7C3
3FB0D327
3FAFE680
3FAEF186
3FADF3EF
3FACED6F
3FABDDB5
3FAAC471
3FA9A14D
3FA873F4
3FA73C0B
3FA5F936
3FA4AB16
3FA35149
3FA1EB6C
3FA07917
3F9EF9E1
3F9D6D5D
3F9BD31E
3F9A2AB1
3F9873A4
3F96AD81
3F94D7D0
3F92F219
3F90FBE1
3F8EF4AC
3F8CDBFC
3F8AB154
3F887436
3F862425
3F83C0A3
3F814936
3F7D7AC5
3F783963
3F72CD5E
3F6D35D6
3F6771F2
3F6180E8
3F5B61F6
3F55146C
3F4E97AA
3F47EB21
3F410E57
3F3A00E9
3F32C289
3F2B5307
3F23B24B
3F1BE05C
3F13DD5E
3F0BA995
3F034567
3EF562B2
3EE3DC27
3ED1F8C1
3EBFBA57
3EAD2300
3E9A3516
3E86F330
3E66C03E
3E3EFDD4
3E16A596
3DDB7CA3
3D889E43
3CD2FB34
BC804A54
BD6B8CC6
BDCC4CE3
BE11CB1E
BE3DC948
BE6A1908
BE8B5946
BEA1C711
BEB85222
BECEF6D0
BEE5B18D
BEFC7EF0
BF09ADDA
BF15225E
BF209B88
BF2C17F4
BF379654
BF43156E
BF4E941F
BF5A115C
BF658C2E
BF7103B3
BF7C7720
BF83F2DE
BF89A771
BF8F5900
BF95074A
BF9AB217
BFA05937
BFA5FC81
BFAB9BD3
BFB13710
BFB6CE23
BFBC60FC
BFC1EF8E
BFC779D3
BFCCFFC7
BFD2816B
BFD7FEC4
BFDD77D8
BFE2ECB0
BFE85D5A
BFEDC9E2
BFF33259
BFF896D0
BFFDF75A
C001AA05
C004567B
C0070119
C009A9EA
C00C50FA
C00EF654
C0119A04
C0143C14
C016DC92
C0197B87
C01C1901
C01EB509
C0214FAC
C023E8F4
C02680EC
C02917A0
C02BAD19
C02E4161
C030D484
C033668B
C035F77F
C038876A
C03B1655
C03DA449
C040314E
C042BD6E
C04548AF
C047D31A
C04A5CB6
C04CE58C
C04F6DA2
C051F4FE
C0547BA9
C05701A8
C0598701
C05C0BBB
C05E8FDC
C0611369
C0639667
C06618DD
C0689ACE
C06B1C40
C06D9D38
C0701DBA
C0729DCB
C0751D6F
C0779CA9
C07A1B7F
C07C99F3
C07F1809
C080CAE3
C0820995
C083481E
C084867F
C085C4B9
C08702CE
C08840BF
C0897E8E
C08ABC3C
C08BF9C9
C08D3738
C08E7489
C08FB1BE
C090EED8
C0922BD7
C09368BD
C094A58B
C095E241
C0971EE1
C0985B6B
C09997E0
C09AD441
C09C108E
C09D4CC9
C09E88F3
C09FC50A
C0A10112
C0A23D09
C0A378F1
C0A4B4CB
C0A5F096
C0A72C53
C0A86804
C0A9A3A7
C0AADF3F
C0AC1ACA
C0AD564B
C0AE91C1
C0AFCD2C
C0B1088D
C0B243E5
C0B37F33
C0B4BA78
C0B5F5B5
C0B730E9
C0B86C16
C0B9A73B
C0BAE258
C0BC1D6E
C0BD587E
C0BE9387
C0BFCE89
C0C10986
C0C2447C
C0C37F6D
C0C4BA59
C0C5F53F
C0C73021
C0C86AFD
3FBE1DA4
3FBDB2C9
3FBD4427
3FBCD19D
3FBC5B08
3FBBE043
3FBB612A
3FBADD94
3FBA555A
3FB9C851
3FB93650
3FB89F28
3FB802AB
3FB760AA
3FB6B8F3
3FB60B52
3FB55792
3FB49D7C
3FB3DCD7
3FB31568
3FB246F2
3FB17136
3FB093F1
3FAFAEE2
3FAEC1C1
3FADCC47
3FACCE2A
3FABC71B
3FAAB6CC
3FA99CEB
3FA87922
3FA74B1B
3FA6127C
3FA4CEE7
3FA37FFF
3FA22560
3FA0BEA6
3F9F4B6A
3F9DCB42
3F9C3DC1
3F9AA278
3F98F8F6
3F9740C7
3F957974
3F93A287
3F91BB85
3F8FC3F3
3F8DBB55
3F8BA12D
3F8974FD
3F873647
3F84E48C
3F827F4F
3F800614
3F7AF0C3
3F75AB7D
3F703B6C
3F6A9FB1
3F64D772
3F5EE1E3
3F58BE42
3F526BE0
3F4BEA1A
3F453862
3F3E563E
3F374348
3F2FFF36
3F2889D5
3F20E30E
3F190AE8
3F110189
3F08C734
3F005C50
3EEF82C9
3EDDEE33
3ECBFC76
3EB9AF6B
3EA7092F
3E940C1D
3E80BAD2
3E5A3047
3E324E39
3E09D5FA
3DC19CC1
3D5CFA52
3C52E011
BCEADDC4
BD90AD98
BDE776A1
BE1F814D
BE4BA0C6
BE7811C7
BE92663A
BEA8E487
BEBF8002
BED634FB
BEECFFE2
BF01EEA3
BF0D64EF
BF18E144
BF246225
BF2FE62B
BF3B6C06
BF46F27B
BF527866
BF5DFCBA
BF697E7E
BF74FCD2
BF803B73
BF85F602
BF8BADC2
BF91626A
BF9713BA
BF9CC178
BFA26B76
BFA8118A
BFADB391
BFB35171
BFB8EB13
BFBE8066
BFC41160
BFC99DFA
BFCF2630
BFD4AA05
BFDA297C
BFDFA49C
BFE51B70
BFEA8E03
BFEFFC66
BFF566A6
BFFACCD7
C0001786
C002C6AC
C00573E9
C0081F46
C00AC8D1
C00D7093
C0101699
C012BAEE
C0155D9F
C017FEB6
C01A9E40
C01D3C48
C01FD8DA
C0227401
C0250DC8
C027A63B
C02A3D65
C02CD350
C02F6806
C031FB92
C0348DFE
C0371F54
C039AF9D
C03C3EE2
C03ECD2D
C0415A86
C043E6F5
C0467284
C048FD39
C04B871D
C04E1038
C050988F
C053202C
C055A714
C0582D4E
C05AB2E0
C05D37D0
C05FBC25
C0623FE5
C064C314
C06745B8
C069C7D6
C06C4973
C06ECA95
C0714B3F
C073CB76
C0764B3E
C078CA9C
C07B4994
C07DC829
C080232F
C081621D
C082A0DE
C083DF75
C0851DE3
C0865C2A
C0879A4C
C088D849
C08A1623
C08B53DC
C08C9174
C08DCEED
C08F0C49
C0904987
C09186AA
C092C3B2
C09400A1
C0953D76
C0967A34
C097B6DC
C098F36D
C09A2FE9
C09B6C51
C09CA8A5
C09DE4E6
C09F2115
C0A05D33
C0A19940
C0A2D53C
C0A4112A
C0A54D08
C0A688D8
C0A7C49A
C0A9004F
C0AA3BF6
C0AB7792
C0ACB322
C0ADEEA6
C0AF2A1F
C0B0658E
C0B1A0F3
C0B2DC4D
C0B4179F
C0B552E7
C0B68E26
C0B7C95E
C0B9048D
C0BA3FB4
C0BB7AD4
C0BCB5ED
C0BDF0FE
C0BF2C0A
C0C0670E
C0C1A20D
C0C2DD05
C0C417F8
C0C552E6
C0C68DCE
C0C7C8B1
C0C9038F
3FBCF5E8
3FBC8AED
3FBC1C28
3FBBA97A
3FBB32BD
3FBAB7CE
3FBA3888
3FB9B4C2
3FB92C54
3FB89F15
3FB80CDA
3FB77574
3FB6D8B6
3FB6366F
3FB58E6E
3FB4E07F
3FB42C6D
3FB37200
3FB2B0FE
3FB1E92E
3FB11A50
3FB04427
3FAF6670
3FAE80E8
3FAD9348
3FAC9D48
3FAB9E9D
3FAA96FA
3FA9860F
3FA86B89
3FA74714
3FA61858
3FA4DEFB
3FA39AA0
3FA24AE6
3FA0EF6C
3F9F87CD
3F9E13A1
3F9C927D
3F9B03F4
3F996797
3F97BCF5
3F960398
3F943B0A
3F9262D4
3F907A7A
3F8E8182
3F8C776E
3F8A5BBF
3F882DF8
3F85ED9A
3F839A26
3F81331D
3F7D7009
3F7850C0
3F730770
3F6D932E
3F67F318
3F622655
3F5C2C17
3F56039D
3F4FAC34
3F49253C
3F426E24
3F3B8673
3F346DC4
3F2D23CA
3F25A853
3F1DFB49
3F161CB3
3F0E0CB6
3F05CB99
3EFAB382
3EE96F6E
3ED7CC49
3EC5CBAF
3EB36F7A
3EA0B9CC
3E8DAD05
3E749789
3E4D31C9
3E252EEE
3DF92AFC
3DA6D8BC
3D26EB03
B9EFC6AD
BD2C8F80
BDAC82BA
BE01C864
BE2DB0F0
BE59F2F7
BE83433D
BE99B1C8
BEB04136
BEC6EDBA
BEDDB39D
BEF48F4A
BF05BEA5
BF113D29
BF1CC19B
BF284A7E
BF33D669
BF3F6409
BF4AF222
BF567F8E
BF620B3E
BF6D943A
BF79199F
BF824D4F
BF880B3E
BF8DC64B
BF937E2C
BF99329F
BF9EE36D
BFA49065
BFAA395E
BFAFDE37
BFB57ED3
BFBB1B1D
BFC0B304
BFC6467E
BFCBD585
BFD16014
BFD6E62F
BFDC67D9
BFE1E51B
BFE75DFE
BFECD28F
BFF242DE
BFF7AEFB
BFFD16F7
C0013D74
C003ED70
C0069B7B
C00947A0
C00BF1EB
C00E9A67
C011411F
C013E621
C0168977
C0192B2E
C01BCB52
C01E69EF
C0210710
C023A2C0
C0263D0C
C028D5FF
C02B6DA3
C02E0404
C030992C
C0332D26
C035BFFC
C03851B7
C03AE261
C03D7204
C04000A9
C0428E59
C0451B1C
C047A6FB
C04A31FE
C04CBC2C
C04F458E
C051CE2B
C054560A
C056DD31
C05963A8
C05BE975
C05E6E9E
C060F32A
C063771E
C065FA7F
C0687D53
C06AFFA0
C06D816B
C07002B7
C072838B
C07503EA
C07783D8
C07A035B
C07C8276
C07F012D
C080BFC2
C081FEBF
C0833D90
C0847C35
C085BAB2
C086F906
C0883735
C089753E
C08AB325
C08BF0E9
C08D2E8C
C08E6C10
C08FA976
C090E6BE
C09223EB
C09360FC
C0949DF3
C095DAD2
C0971798
C0985447
C09990DF
C09ACD63
C09C09D1
C09D462C
C09E8274
C09FBEA9
C0A0FACD
C0A236E0
C0A372E2
C0A4AED5
C0A5EAB8
C0A7268D
C0A86254
C0A99E0D
C0AAD9B9
C0AC1559
C0AD50ED
C0AE8C75
C0AFC7F2
C0B10364
C0B23ECC
C0B37A2A
C0B4B57F
C0B5F0CA
C0B72C0D
C0B86747
C0B9A279
C0BADDA3
C0BC18C5
C0BD53E0
C0BE8EF5
C0BFCA02
C0C10509
C0C24009
C0C37B04
C0C4B5F9
C0C5F0E8
C0C72BD2
C0C866B7
C0C9A197
3FBBC48C
3FBB596E
3FBAEA85
3FBA77AF
3FBA00C8
3FB985AC
3FB90635
3FB8823C
3FB7F998
3FB76C1F
3FB6D9A5
3FB641FE
3FB5A4FB
3FB5026B
3FB45A1C
3FB3ABDB
3FB2F771
3FB23CA8
3FB17B45
3FB0B30E
3FAFE3C5
3FAF0D29
3FAE2EFA
3FAD48F3
3FAC5ACE
3FAB6442
3FAA6503
3FA95CC5
3FA84B37
3FA73007
3FA60ADE
3FA4DB66
3FA3A143
3FA25C17
3FA10B84
3F9FAF27
3F9E4698
3F9CD172
3F9B4F48
3F99BFAE
3F982232
3F967664
3F94BBCE
3F92F1F9
3F91186D
3F8F2EAF
3F8D3442
3F8B28A9
3F890B66
3F86DBF9
3F8499E3
3F8244A5
3F7FB77F
3F7ABD6E
3F759A1E
3F704C9F
3F6AD404
3F652F6B
3F5F5DF9
3F595EE1
3F53315F
3F4CD4C2
3F464867
3F3F8BBF
3F389E4D
3F317FAF
3F2A2F96
3F22ADD2
3F1AFA4B
3F131509
3F0AFE32
3F02B60D
3EF47A01
3EE3272C
3ED174F2
3EBF64EF
3EACF904
3E9A3354
3E871645
3E6748F2
3E3FC1A1
3E179CC3
3DDDC1D6
3D8B2A11
3CDE02CF
BC6959D6
BD659489
BDC94C9F
BE105122
BE3C5D87
BE68C368
BE8ABD5C
BEA13DC0
BEB7DEF5
BECE9D26
BEE57497
BEFC61AC
BF09B076
BF153780
BF20C460
BF2C5593
BF37E9B0
BF437F61
BF4F1568
BF5AAA9F
BF663DF5
BF71CE70
BF7D5B2C
BF8471AC
BF8A331F
BF8FF199
BF95ACD2
BF9B6488
BFA11884
BFA6C894
BFAC7490
BFB21C56
BFB7BFC9
BFBD5ED6
BFC2F96C
BFC88F7F
BFCE210A
BFD3AE0B
BFD93683
BFDEBA76
BFE439EF
BFE9B4F6
BFEF2B99
BFF49DE8
BFFA0BF4
BFFF75CE
C0026DC6
C0051EA1
C007CD83
C00A7A77
C00D258A
C00FCEC6
C0127639
C0151BED
C017BFF0
C01A624E
C01D0312
C01FA249
C0223FFE
C024DC3E
C0277714
C02A108B
C02CA8AF
C02F3F8B
C031D529
C0346995
C036FCD8
C0398EFC
C03C200C
C03EB011
C0413F14
C043CD1E
C0465A38
C048E66A
C04B71BD
C04DFC39
C05085E5
C0530ECA
C05596ED
C0581E57
C05AA50E
C05D2B18
C05FB07C
C0623540
C064B96A
C0673D00
C069C007
C06C4284
C06EC47D
C07145F7
C073C6F5
C076477E
C078C794
C07B473E
C07DC67E
C08022AC
C08161E9
C082A0F6
C083DFD6
C0851E8B
C0865D16
C0879B79
C088D9B5
C08A17CB
C08B55BE
C08C938E
C08DD13D
C08F0ECC
C0904C3D
C091898F
C092C6C6
C09403E1
C09540E1
C0967DC8
C097BA97
C098F74E
C09A33EF
C09B7079
C09CACEF
C09DE951
C09F25A0
C0A061DB
C0A19E05
C0A2DA1E
C0A41626
C0A5521E
C0A68E07
C0A7C9E1
C0A905AC
C0AA416A
C0AB7D1B
C0ACB8BF
C0ADF457
C0AF2FE4
C0B06B65
C0B1A6DB
C0B2E246
C0B41DA8
C0B55900
C0B6944F
C0B7CF94
C0B90AD1
C0BA4606
C0BB8133
C0BCBC58
C0BDF776
C0BF328C
C0C06D9C
C0C1A8A5
C0C2E3A8
C0C41EA5
C0C5599C
C0C6948D
C0C7CF79
C0C90A5F
C0CA4541
3FBA894E
3FBA1E0B
3FB9AEFA
3FB93BF9
3FB8C4E5
3FB84998
3FB7C9EE
3FB745BE
3FB6BCE0
3FB62F2A
3FB59C6F
3FB50483
3FB46736
3FB3C458
3FB31BB8
3FB26D20
3FB1B85A
3FB0FD30
3FB03B68
3FAF72C5
3FAEA30A
3FADCBF7
3FACED4A
3FAC06BF
3FAB180E
3FAA20F0
3FA92117
3FA81837
3FA705FF
3FA5EA1C
3FA4C438
3FA393FB
3FA2590A
3FA11307
3F9FC191
3F9E6446
3F9CFAC0
3F9B8495
3F9A015B
3F9870A4
3F96D1FF
3F9524FA
3F93691F
3F919DF6
3F8FC308
3F8DD7D7
3F8BDBE8
3F89CEBC
3F87AFD5
3F857EB2
3F833AD4
3F80E3BB
3F7CF1D0
3F77F3BB
3F72CC3F
3F6D7A69
3F67FD4D
3F625406
3F5C7DBB
3F56799B
3F5046E5
3F49E4E3
3F4352F4
3F3C9087
3F359D21
3F2E785C
3F2721ED
3F1F99A1
3F17DF61
3F0FF336
3F07D547
3EFF0BB1
3EEE0AAA
3EDCA88C
3ECAE6B1
3EB8C6B8
3EA64A85
3E93743F
3E804650
3E5986BE
3E31DCA2
3E099483
3DC16A01
3D5D1454
3C54C0B6
BCE97460
BD9045D2
BDE71231
BE1F590A
BE4B8A9D
BE7815AD
BE927910
BEA90BF9
BEBFBF9F
BED69027
BEED79CF
BF023C7B
BF0DC50D
BF1954F2
BF24EA90
BF308465
BF3C2104
BF47BF15
BF535D59
BF5EFAA7
BF6A95EE
BF762E32
BF80E146
BF86A918
BF8C6E2F
BF92303A
BF97EEEC
BF9DAA06
BFA3614F
BFA91496
BFAEC3B3
BFB46E83
BFBA14EB
BFBFB6D6
BFC55435
BFCAECFC
BFD08125
BFD610AF
BFDB9B9C
BFE121F1
BFE6A3B6
BFEC20F7
BFF199C1
BFF70E24
BFFC7E32
C000F4FF
C003A8CD
C0065A90
C0090A51
C00BB81D
C00E63FF
C0110E04
C013B638
C0165CA7
C019015D
C01BA467
C01E45D2
C020E5A9
C02383F9
C02620CE
C028BC33
C02B5634
C02DEEDD
C0308638
C0331C52
C035B134
C03844E8
C03AD77A
C03D68F4
C03FF95E
C04288C2
C045172A
C047A49F
C04A3128
C04CBCCF
C04F479B
C051D195
C0545AC3
C056E32E
C0596ADD
C05BF1D6
C05E7820
C060FDC1
C06382C0
C0660723
C0688AEF
C06B0E2A
C06D90DA
C0701303
C07294AB
C07515D7
C077968A
C07A16CB
C07C969C
C07F1602
C080CA81
C08209CF
C08348ED
C08487DE
C085C6A3
C087053D
C08843AE
C08981F8
C08AC01C
C08BFE1C
C08D3BF9
C08E79B4
C08FB74F
C090F4CA
C0923227
C0936F68
C094AC8D
C095E997
C0972687
C098635E
C099A01E
C09ADCC7
C09C1959
C09D55D7
C09E9240
C09FCE95
C0A10AD8
C0A24708
C0A38327
C0A4BF35
C0A5FB33
C0A73721
C0A87301
C0A9AED1
C0AAEA94
C0AC264A
C0AD61F3
C0AE9D8F
C0AFD920
C0B114A5
C0B2501F
C0B38B8E
C0B4C6F3
C0B6024F
C0B73DA1
C0B878EA
C0B9B42A
C0BAEF61
C0BC2A91
C0BD65B9
C0BEA0D9
C0BFDBF2
C0C11705
C0C25210
C0C38D15
C0C4C814
C0C6030D
C0C73E00
C0C878EE
C0C9B3D7
C0CAEEBA
3FB943EA
3FB8D87E
3FB86942
3FB7F614
3FB77ED0
3FB70350
3FB6836F
3FB5FF05
3FB575E9
3FB4E7F2
3FB454F2
3FB3BCBC
3FB31F22
3FB27BF3
3FB1D2FC
3FB12409
3FB06EE3
3FAFB354
3FAEF120
3FAE280C
3FAD57DB
3FAC804B
3FABA11A
3FAABA04
3FA9CAC2
3FA8D30A
3FA7D291
3FA6C908
3FA5B61F
3FA49982
3FA372DB
3FA241D1
3FA10609
3F9FBF25
3F9E6CC4
3F9D0E82
3F9BA3FA
3F9A2CC1
3F98A86C
3F97168D
3F9576B4
3F93C86B
3F920B3E
3F903EB6
3F8E6257
3F8C75A6
3F8A7827
3F886959
3F8648BE
3F8415D6
3F81D01F
3F7EEE34
3F7A148E
3F751250
3F6FE681
3F6A902C
3F650E66
3F5F6047
3F5984F6
3F537BA1
3F4D4385
3F46DBEE
3F404438
3F397BD2
3F328240
3F2B571E
3F23FA1E
3F1C6B0F
3F14A9D9
3F0CB686
3F04913C
3EF87486
3EE76408
3ED5F215
3EC4200A
3EB1EF88
3E9F6277
3E8C7B02
3E72772C
3E4B4DC3
3E237F99
3DF625E5
3DA41CF3
3D21E4D0
BAD2C28B
BD311851
BDAEC148
BE02ED33
BE2EE3A2
BE5B3BC4
BE83F6B2
BE9A782E
BEB11E4C
BEC7E514
BEDEC8A3
BEF5C532
BF066B8C
BF11FD67
BF1D967B
BF29352E
BF34D7F8
BF407D6B
BF4C242F
BF57CB00
BF6370B5
BF6F143B
BF7AB494
BF83286D
BF88F41E
BF8EBCFF
BF9482BC
BF9A450B
BFA003AB
BFA5BE62
BFAB7500
BFB1275C
BFB6D555
BFBC7ED0
BFC223B7
BFC7C3FA
BFCD5F8F
BFD2F671
BFD8889E
BFDE1619
BFE39EE6
BFE92310
BFEEA2A1
BFF41DA8
BFF99435
BFFF0659
C0023A14
C004EEDC
C007A18F
C00A5239
C00D00E5
C00FAD9F
C0125874
C0150171
C017A8A1
C01A4E12
C01CF1D0
C01F93E8
C0223466
C024D356
C02770C6
C02A0CC0
C02CA750
C02F4083
C031D864
C0346EFD
C037045A
C0399885
C03C2B89
C03EBD70
C0414E44
C043DE0E
C0466CD7
C048FAA9
C04B878D
C04E138B
C0509EAB
C05328F5
C055B271
C0583B26
C05AC31C
C05D4A5A
C05FD0E6
C06256C7
C064DC03
C06760A1
C069E4A6
C06C6817
C06EEAFB
C0716D57
C073EF2F
C0767089
C078F16A
C07B71D5
C07DF1D0
C08038AF
C0817842
C082B7A2
C083F6D3
C08535D4
C08674A9
C087B353
C088F1D4
C08A302C
C08B6E5F
C08CAC6C
C08DEA56
C08F281D
C09065C4
C091A34B
C092E0B3
C0941DFE
C0955B2E
C0969841
C097D53B
C099121C
C09A4EE4
C09B8B96
C09CC830
C09E04B6
C09F4126
C0A07D83
C0A1B9CD
C0A2F604
C0A43229
C0A56E3D
C0A6AA41
C0A7E635
C0A9221A
C0AA5DF0
C0AB99B8
C0ACD573
C0AE1120
C0AF4CC1
C0B08856
C0B1C3DF
C0B2FF5D
C0B43AD1
C0B5763A
C0B6B199
C0B7ECEE
C0B9283A
C0BA637E
C0BB9EB9
C0BCD9EB
C0BE1516
C0BF5039
C0C08B55
C0C1C66A
C0C30178
C0C43C7F
C0C57780
C0C6B27B
C0C7ED71
C0C92861
C0CA634B
C0CB9E30
3FB7F41B
3FB78885
3FB7191B
3FB6A5BC
3FB62E44
3FB5B28E
3FB53273
3FB4ADCB
3FB4246F
3FB39632
3FB302E9
3FB26A66
3FB1CC7B
3FB128F5
3FB07FA3
3FAFD050
3FAF1AC6
3FAE5ECC
3FAD9C28
3FACD29E
3FAC01F0
3FAB29DD
3FAA4A23
3FA9627C
3FA872A2
3FA77A4A
3FA67929
3FA56EF1
3FA45B4F
3FA33DF0
3FA2167D
3FA0E49F
3F9FA7F8
3F9E602A
3F9D0CD4
3F9BAD92
3F9A41FD
3F98C9AB
3F974431
3F95B11F
3F941004
3F92606D
3F90A1E2
3F8ED3EC
3F8CF60F
3F8B07D0
3F8908B1
3F86F833
3F84D5D5
3F82A116
3F805976
3F7BFCE6
3F771F1B
3F72188D
3F6CE843
3F678D47
3F6206AC
3F5C5389
3F567304
3F50644B
3F4A2699
3F43B939
3F3D1B88
3F364CF3
3F2F4CFF
3F281B45
3F20B779
3F192169
3F1158FF
3F095E43
3F01315C
3EF1A526
3EE084A5
3ECF024D
3EBD1F7D
3EAADDDB
3E983F51
3E85460F
3E63E90F
3E3C9AD6
3E14A753
3DD829A4
3D85D416
3CC97086
BC88BDB5
BD6F7E81
BDCE4390
BE12D61F
BE3EF477
BE6B7492
BE8C2718
BEA2BC8D
BEB97698
BED05137
BEE74883
BEFE58AD
BF0ABF03
BF165A81
BF21FD1E
BF2DA53C
BF395153
BF44FFF1
BF50AFBB
BF5C5F6D
BF680DDB
BF73B9F1
BF7F62AF
BF858397
BF8B534E
BF91201E
BF96E9B3
BF9CAFC2
BFA27209
BFA83051
BFADEA67
BFB3A024
BFB95166
BFBEFE11
BFC4A611
BFCA4956
BFCFE7D7
BFD5818D
BFDB1677
BFE0A699
BFE631F8
BFEBB89E
BFF13A97
BFF6B7F1
BFFC30BD
C000D287
C0038A7B
C0064046
C008F3F3
C00BA58E
C00E5523
C01102BE
C013AE6C
C0165839
C0190033
C01BA666
C01E4ADF
C020EDAB
C0238ED6
C0262E6D
C028CC7D
C02B6912
C02E0438
C0309DFA
C0333665
C035CD83
C0386360
C03AF806
C03D8B81
C0401DDA
C042AF1B
C0453F4E
C047CE7D
C04A5CB1
C04CE9F3
C04F764B
C05201C2
C0548C5F
C057162C
C0599F2E
C05C276F
C05EAEF4
C06135C5
C063BBE8
C0664164
C068C63F
C06B4A7E
C06DCE29
C0705143
C072D3D3
C07555DE
C077D768
C07A5877
C07CD910
C07F5935
C080EC76
C0822C1D
C0836B91
C084AAD4
C085E9E7
C08728CD
C0886788
C089A618
C08AE480
C08C22C0
C08D60DC
C08E9ED3
C08FDCA7
C0911A5B
C09257EE
C0939562
C094D2B8
C0960FF2
C0974D10
C0988A13
C099C6FE
C09B03CF
C09C4089
C09D7D2D
C09EB9BA
C09FF633
C0A13297
C0A26EE8
C0A3AB26
C0A4E752
C0A6236C
C0A75F76
C0A89B70
C0A9D75B
C0AB1337
C0AC4F04
C0AD8AC4
C0AEC676
C0B0021C
C0B13DB5
C0B27943
C0B3B4C5
C0B4F03D
C0B62BAA
C0B7670C
C0B8A265
C0B9DDB5
C0BB18FC
C0BC543A
C0BD8F70
C0BECA9D
C0C005C3
C0C140E2
C0C27BF9
C0C3B70A
C0C4F214
C0C62D17
C0C76815
C0C8A30D
C0C9DDFE
C0CB18EB
C0CC53D2
3FB6999E
3FB62DDA
3FB5BE40
3FB54AAD
3FB4D2FE
3FB4570D
3FB3D6B5
3FB351CC
3FB2C82B
3FB239A5
3FB1A60F
3FB10D3B
3FB06EFA
3FAFCB1A
3FAF2168
3FAE71B1
3FADBBBC
3FACFF52
3FAC3C39
3FAB7233
3FAAA103
3FA9C867
3FA8E81D
3FA7FFE0
3FA70F67
3FA61669
3FA51499
3FA409A9
3FA2F546
3FA1D71E
3FA0AED8
3F9F7C1B
3F9E3E8C
3F9CF5CB
3F9BA177
3F9A412B
3F98D47F
3F975B0A
3F95D45F
3F94400F
3F929DA7
3F90ECB4
3F8F2CBE
3F8D5D4C
3F8B7DE4
3F898E08
3F878D3B
3F857AFC
3F8356CA
3F812024
3F7DAD11
3F78F2EC
3F7410D6
3F6F05D3
3F69D0E5
3F647118
3F5EE57B
3F592D28
3F534740
3F4D32F2
3F46EF78
3F407C1C
3F39D839
3F33033E
3F2BFCAD
3F24C421
3F1D594D
3F15BBFD
3F0DEC1D
3F05E9B5
3EFB69DA
3EEA9C1D
3ED96B07
3EC7D7B6
3EB5E38A
3EA3902D
3E90DF8C
3E7BA7B6
3E54DF22
3E2D6ACA
3E055096
3DB92DBF
3D4D11A6
3C160551
BD0437AB
BD97FD39
BDEED39A
BE23475F
BE4F8F15
BE7C38A2
BE949DDB
BEAB4806
BEC216B9
BED905EE
BEF011B3
BF039B1A
BF0F37DD
BF1ADD5A
BF2689DB
BF323BC0
BF3DF17D
BF49A99F
BF5562C7
BF611BB1
BF6CD32D
BF788826
BF821CCE
BF87F352
BF8DC737
BF93981D
BF9965AF
BF9F2FA3
BFA4F5B8
BFAAB7B3
BFB07564
BFB62EA4
BFBBE34F
BFC1934B
BFC73E83
BFCCE4E8
BFD28670
BFD82317
BFDDBADA
BFE34DBE
BFE8DBC9
BFEE6505
BFF3E97E
BFF96943
BFFEE465
C0022D7B
C004E687
C0079D5F
C00A5211
C00D04A6
C00FB52D
C01263B2
C0151041
C017BAE7
C01A63B2
C01D0AAF
C01FAFEA
C0225371
C024F551
C0279596
C02A344D
C02CD183
C02F6D44
C032079B
C034A095
C037383E
C039CEA0
C03C63C6
C03EF7BC
C0418A8B
C0441C3E
C046ACDF
C0493C78
C04BCB11
C04E58B5
C050E56A
C053713C
C055FC30
C0588650
C05B0FA3
C05D9831
C0602000
C062A719
C0652D81
C067B33F
C06A3859
C06CBCD6
C06F40BB
C071C40E
C07446D5
C076C914
C0794AD1
C07BCC10
C07E4CD7
C0806695
C081A686
C082E641
C08425C9
C085651F
C086A445
C087E33D
C0892208
C08A60A9
C08B9F20
C08CDD70
C08E1B9A
C08F599F
C0909781
C091D541
C09312E1
C0945061
C0958DC3
C096CB08
C0980831
C099453E
C09A8233
C09BBF0E
C09CFBD1
C09E387D
C09F7513
C0A0B194
C0A1EE00
C0A32A58
C0A4669D
C0A5A2D0
C0A6DEF2
C0A81B02
C0A95702
C0AA92F3
C0ABCED4
C0AD0AA7
C0AE466C
C0AF8224
C0B0BDCF
C0B1F96D
C0B334FF
C0B47086
C0B5AC01
C0B6E772
C0B822D9
C0B95E36
C0BA9989
C0BBD4D3
C0BD1015
C0BE4B4E
C0BF867F
C0C0C1A8
C0C1FCC9
C0C337E3
C0C472F6
C0C5AE03
C0C6E909
C0C82409
C0C95F03
C0CA99F7
C0CBD4E5
C0CD0FCF
3FB5342E
3FB4C839
3FB4586B
3FB3E4A1
3FB36CB8
3FB2F08A
3FB26FF0
3FB1EAC3
3FB160D8
3FB0D206
3FB03E1F
3FAFA4F5
3FAF065A
3FAE621B
3FADB805
3FAD07E4
3FAC5180
3FAB94A1
3FAAD10D
3FAA0686
3FA934CE
3FA85BA3
3FA77AC3
3FA691E8
3FA5A0C9
3FA4A71D
3FA3A498
3FA298E8
3FA183BE
3FA064C3
3F9F3BA1
3F9E07FF
3F9CC97E
3F9B7FC1
3F9A2A64
3F98C903
3F975B36
3F95E093
3F9458AB
3F92C311
3F911F50
3F8F6CF4
3F8DAB85
3F8BDA8B
3F89F989
3F880802
3F860576
3F83F166
3F81CB50
3F7F2564
3F7A8E12
3F75CFA8
3F70E922
3F6BD97F
3F669FC5
3F613AFB
3F5BAA31
3F55EC7E
3F500104
3F49E6EF
3F439D79
3F3D23EC
3F3679A1
3F2F9E07
3F28909F
3F215104
3F19DEE8
3F123A18
3F0A6280
3F025828
3EF43671
3EE357F6
3ED215B9
3EC070D6
3EAE6AB2
3E9C04F9
3E89419E
3E6C45AF
3E455644
3E1DBA71
3DEAF058
3D992BB3
3D0C6925
BBDE6ABC
BD462E0B
BDB94CEA
BE083C2B
BE344477
BE60B70D
BE86C5C8
BE9D5CD0
BEB41C73
BECB0091
BEE2051D
BEF9261D
BF082FDB
BF13D715
BF1F86F1
BF2B3DB6
BF36F9BF
BF42B980
BF4E7B81
BF5A3E63
BF6600DD
BF71C1C0
BF7D7FF4
BF849D3B
BF8A782E
BF90506A
BF96258E
BF9BF745
BFA1C545
BFA78F4B
BFAD551F
BFB31690
BFB8D374
BFBE8BAA
BFC43F18
BFC9EDA9
BFCF974D
BFD53BFC
BFDADBB1
BFE0766A
BFE60C2C
BFEB9CFE
BFF128E9
BFF6AFFB
BFFC3243
C000D7E9
C003945F
C0064E8C
C009067D
C00BBC3C
C00E6FD7
C011215A
C013D0D1
C0167E4A
C01929D2
C01BD377
C01E7B45
C021214A
C023C594
C026682F
C0290929
C02BA88E
C02E466B
C030E2CD
C0337DC0
C036174F
C038AF87
C03B4673
C03DDC1F
C0407095
C04303DF
C0459609
C048271C
C04AB722
C04D4625
C04FD42E
C0526146
C054ED75
C05778C3
C05A033A
C05C8CE1
C05F15BF
C0619DDC
C064253F
C066ABEE
C06931F1
C06BB74E
C06E3C0A
C070C02C
C07343BA
C075C6B9
C078492F
C07ACB20
C07D4C92
C07FCD89
C0812705
C082670C
C083A6DE
C084E67A
C08625E4
C087651D
C088A427
C089E304
C08B21B6
C08C603E
C08D9E9D
C08EDCD6
C0901AEA
C09158DA
C09296A8
C093D454
C09511E1
C0964F4F
C0978C9F
C098C9D3
C09A06EC
C09B43EA
C09C80CF
C09DBD9C
C09EFA51
C0A036F0
C0A17379
C0A2AFED
C0A3EC4D
C0A5289A
C0A664D5
C0A7A0FD
C0A8DD14
C0AA191B
C0AB5512
C0AC90F9
C0ADCCD2
C0AF089C
C0B04459
C0B18009
C0B2BBAC
C0B3F743
C0B532CE
C0B66E4E
C0B7A9C3
C0B8E52E
C0BA208F
C0BB5BE6
C0BC9734
C0BDD279
C0BF0DB5
C0C048E9
C0C18415
C0C2BF3A
C0C3FA57
C0C5356D
C0C6707C
C0C7AB84
C0C8E687
C0CA2183
C0CB5C79
C0CC976A
C0CDD255
3FB3C386
3FB3575C
3FB2E757
3FB27354
3FB1FB2D
3FB17EBE
3FB0FDDF
3FB07869
3FAFEE32
3FAF5F0F
3FAECAD2
3FAE314F
3FAD9255
3FACEDB2
3FAC4333
3FAB92A3
3FAADBCB
3FAA1E72
3FA95A5D
3FA88F4F
3FA7BD08
3FA6E349
3FA601CC
3FA5184C
3FA42682
3FA32C21
3FA228DE
3FA11C67
3FA0066C
3F9EE697
3F9DBC91
3F9C87FF
3F9B4884
3F99FDC0
3F98A751
3F9744D1
3F95D5D8
3F9459FB
3F92D0CC
3F9139DA
3F8F94B4
3F8DE0E2
3F8C1DEE
3F8A4B5C
3F8868B2
3F86756F
3F847116
3F825B25
3F80331A
3F7BF0E2
3F775552
3F72927C
3F6DA75D
3F6892F3
3F635441
3F5DEA4E
3F585429
3F5290E7
3F4C9FA9
3F467F9B
3F402FF5
3F39B000
3F32FF15
3F2C1CA1
3F250826
3F1DC13D
3F16479A
3F0E9B08
3F06BB74
3EFD51CB
3EECC70C
3EDBD741
3ECA8343
3EB8CC32
3EA6B376
3E943ABE
3E816401
3E5C62F3
3E354B52
3E0D86A2
3DCA35C1
3D703A05
3C934308
BCBE8220
BD8527BB
BDDBB52A
BE199C58
BE45D0E9
BE726FEC
BE8FB87A
BEA665C7
BEBD3BAC
BED435FF
BEEB50AB
BF0143D8
BF0CEB94
BF189DA9
BF245846
BF3019B0
BF3BE040
BF47AA64
BF5376A4
BF5F439D
BF6B1006
BF76DAAB
BF815139
BF87332D
BF8D12BA
BF92EF77
BF98C903
BF9E9F08
BFA4713C
BFAA3F5B
BFB0092E
BFB5CE82
BFBB8F30
BFC14B15
BFC70217
BFCCB422
BFD26126
BFD8091B
BFDDABFC
BFE349CA
BFE8E286
BFEE763B
BFF404F1
BFF98EB6
BFFF139B
C00249D8
C0050786
C007C2E1
C00A7BF5
C00D32CD
C00FE777
C0129A00
C0154A73
C017F8E0
C01AA553
C01D4FD9
C01FF882
C0229F59
C025446D
C027E7CB
C02A8980
C02D299A
C02FC826
C032652F
C03500C3
C0379AEE
C03A33BB
C03CCB37
C03F616D
C041F668
C0448A32
C0471CD7
C049AE61
C04C3EDA
C04ECE4A
C0515CBC
C053EA3A
C05676CA
C0590277
C05B8D48
C05E1746
C060A077
C06328E5
C065B095
C068378E
C06ABDD9
C06D437A
C06FC879
C0724CDA
C074D0A6
C07753DF
C079D68D
C07C58B5
C07EDA5B
C080ADC2
C081EE1B
C0832E3A
C0846E21
C085ADD3
C086ED52
C0882C9F
C0896BBC
C08AAAAB
C08BE96F
C08D2808
C08E6678
C08FA4C1
C090E2E4
C09220E2
C0935EBE
C0949C78
C095DA11
C097178C
C09854E8
C0999228
C09ACF4B
C09C0C55
C09D4944
C09E861A
C09FC2D9
C0A0FF81
C0A23C13
C0A37890
C0A4B4F8
C0A5F14D
C0A72D8F
C0A869BE
C0A9A5DC
C0AAE1EA
C0AC1DE7
C0AD59D5
C0AE95B3
C0AFD184
C0B10D46
C0B248FB
C0B384A3
C0B4C03F
C0B5FBCF
C0B73754
C0B872CD
C0B9AE3C
C0BAE9A1
C0BC24FC
C0BD604E
C0BE9B96
C0BFD6D6
C0C1120D
C0C24D3D
C0C38864
C0C4C384
C0C5FE9D
C0C739AF
C0C874BA
C0C9AFBF
C0CAEABE
C0CC25B7
C0CD60AA
C0CE9B97
3FB24761
3FB1DB01
3FB16AC2
3FB0F680
3FB07E18
3FB00164
3FAF803D
3FAEFA7A
3FAE6FF3
3FADE07A
3FAD4BE4
3FACB202
3FAC12A5
3FAB6D99
3FAAC2AC
3FAA11A8
3FA95A57
3FA89C7E
3FA7D7E2
3FA70C47
3FA6396D
3FA55F12
3FA47CF2
3FA392C7
3FA2A049
3FA1A52C
3FA0A123
3F9F93DE
3F9E7D0B
3F9D5C53
3F9C315F
3F9AFBD4
3F99BB55
3F986F81
3F9717F5
3F95B44C
3F94441B
3F92C6F9
3F913C76
3F8FA422
3F8DFD88
3F8C4833
3F8A83AB
3F88AF74
3F86CB12
3F84D605
3F82CFCE
3F80B7EB
3F7D1BB2
3F78A228
3F740233
3F6F3ACB
3F6A4AEB
3F65318F
3F5FEDBA
3F5A7E72
3F54E2C2
3F4F19C1
3F49228D
3F42FC51
3F3CA645
3F361FB0
3F2F67EB
3F287E62
3F216296
3F1A1421
3F1292B4
3F0ADE1D
3F02F647
3EF5B674
3EE51A42
3ED4188D
3EC2B232
3EB0E853
3E9EBC5B
3E8C2FFC
3E728A5F
3E4BFC70
3E24BB33
3DF9986C
3DA86B09
3D2BF678
3A95B66A
BD24E710
BDA854AB
BDFF3CC2
BE2B8DC4
BE57F031
BE825E9D
BE98F631
BEAFBA93
BEC6A788
BEDDB8E0
BEF4EA7B
BF061C29
BF11CF3D
BF1D8C93
BF295258
BF351ECD
BF40F047
BF4CC533
BF589C14
BF647386
BF704A3C
BF7C1F01
BF83F85D
BF89DF31
BF8FC386
BF95A4F0
BF9B830F
BFA15D8C
BFA7341D
BFAD067F
BFB2D477
BFB89DD6
BFBE6273
BFC4222C
BFC9DCE6
BFCF928D
BFD54313
BFDAEE6F
BFE0949D
BFE6359C
BFEBD172
BFF16826
BFF6F9C3
BFFC8657
C00106F9
C003C854
C0068746
C00943DB
C00BFE1D
C00EB61A
C0116BDE
C0141F76
C016D0F1
C019805A
C01C2DC1
C01ED933
C02182BE
C0242A6F
C026D056
C029747E
C02C16F7
C02EB7CD
C031570D
C033F4C5
C0369100
C0392BCC
C03BC535
C03E5D47
C040F40D
C0438992
C0461DE2
C048B107
C04B430C
C04DD3FB
C05063DD
C052F2BE
C05580A4
C0580D9A
C05A99A9
C05D24D8
C05FAF30
C06238B8
C064C179
C0674979
C069D0C0
C06C5755
C06EDD3E
C0716281
C073E725
C0766B30
C078EEA7
C07B7190
C07DF3F0
C0803AE6
C0817B95
C082BC07
C083FC3E
C0853C3D
C0867C05
C087BB99
C088FAFB
C08A3A2C
C08B792E
C08CB804
C08DF6AF
C08F3530
C0907389
C091B1BC
C092EFCA
C0942DB4
C0956B7C
C096A923
C097E6AA
C0992413
C09A615F
C09B9E8E
C09CDBA2
C09E189C
C09F557D
C0A09246
C0A1CEF7
C0A30B92
C0A44818
C0A58488
C0A6C0E5
C0A7FD2F
C0A93966
C0AA758C
C0ABB1A0
C0ACEDA4
C0AE2998
C0AF657D
C0B0A153
C0B1DD1B
C0B318D6
C0B45483
C0B59024
C0B6CBB9
C0B80743
C0B942C1
C0BA7E34
C0BBB99D
C0BCF4FC
C0BE3052
C0BF6B9E
C0C0A6E1
C0C1E21C
C0C31D4F
C0C4587A
C0C5939D
C0C6CEB9
C0C809CE
C0C944DC
C0CA7FE3
C0CBBAE4
C0CCF5E0
C0CE30D5
C0CF6BC5
3FB0BF7C
3FB052E1
3FAFE264
3FAF6DE2
3FAEF535
3FAE7839
3FADF6C5
3FAD70B2
3FACE5D5
3FAC5603
3FABC10F
3FAB26CB
3FAA8705
3FA9E18C
3FA9362B
3FA884AF
3FA7CCDE
3FA70E80
3FA64958
3FA57D2A
3FA4A9B5
3FA3CEB7
3FA2EBEE
3FA20111
3FA10DD8
3FA011F7
3F9F0D21
3F9DFF05
3F9CE751
3F9BC5AE
3F9A99C3
3F996336
3F9821A9
3F96D4BB
3F957C08
3F94172A
3F92A5B7
3F912743
3F8F9B60
3F8E019C
3F8C5983
3F8AA29D
3F88DC73
3F870688
3F85205E
3F832977
3F812152
3F7E0ED7
3F79B682
3F75389B
3F70941B
3F6BC7F8
3F66D32E
3F61B4B6
3F5C6B91
3F56F6C5
3F51555B
3F4B8669
3F45890C
3F3F5C6E
3F38FFC4
3F327257
3F2BB37D
3F24C2A1
3F1D9F46
3F164903
3F0EBF89
3F0702A7
3EFE248E
3EEDDCE6
3EDD2EA9
3ECC1A6F
3EBAA117
3EA8C3C6
3E9683E9
3E83E336
3E61C756
3E3B0F1C
3E13A2D2
3DD71022
3D8589E2
3CCAFFF0
BC84FE79
BD6CCC73
BDCCA479
BE11F536
BE3E13D9
BE6AA5C4
BE8BD13D
BEA280B5
BEB95D01
BED061DC
BEE78B0E
BEFED46E
BF0B1CF7
BF16DBCC
BF22A4CE
BF2E7624
BF3A4E0C
BF462AD9
BF520AF3
BF5DECDB
BF69CF2A
BF75B091
BF80C7ED
BF86B5F2
BF8CA1D6
BF928B20
BF987165
BF9E5444
BFA43366
BFAA0E7F
BFAFE54C
BFB5B794
BFBB8526
BFC14DD8
BFC7118A
BFCCD021
BFD2898A
BFD83DB4
BFDDEC99
BFE39634
BFE93A86
BFEED994
BFF47366
BFFA0807
BFFF9786
C00290FA
C00553B2
C00813F5
C00AD1D0
C00D8D4D
C0104679
C012FD63
C015B216
C01864A1
C01B1512
C01DC376
C0206FDC
C0231A53
C025C2E8
C02869A9
C02B0EA4
C02DB1E8
C0305381
C032F37D
C03591EA
C0382ED4
C03ACA48
C03D6453
C03FFD00
C042945B
C0452A70
C047BF4A
C04A52F5
C04CE57A
C04F76E4
C052073E
C0549690
C05724E4
C059B244
C05C3EB8
C05ECA48
C06154FE
C063DEE1
C06667F9
C068F04D
C06B77E4
C06DFEC6
C07084F9
C0730A84
C0758F6D
C07813B9
C07A9770
C07D1A96
C07F9D31
C0810FA3
C082506D
C08390F9
C084D149
C0861160
C087513F
C08890EA
C089D061
C08B0FA7
C08C4EBE
C08D8DA6
C08ECC64
C0900AF6
C0914961
C09287A4
C093C5C1
C09503BB
C0964191
C0977F46
C098BCDB
C099FA51
C09B37A9
C09C74E4
C09DB204
C09EEF09
C0A02BF4
C0A168C7
C0A2A583
C0A3E227
C0A51EB6
C0A65B2F
C0A79795
C0A8D3E7
C0AA1026
C0AB4C53
C0AC886E
C0ADC479
C0AF0074
C0B03C5F
C0B1783C
C0B2B40A
C0B3EFCA
C0B52B7D
C0B66724
C0B7A2BE
C0B8DE4C
C0BA19CF
C0BB5547
C0BC90B4
C0BDCC18
C0BF0771
C0C042C1
C0C17E08
C0C2B947
C0C3F47D
C0C52FAB
C0C66AD2
C0C7A5F1
C0C8E108
C0CA1C19
C0CB5724
C0CC9227
C0CDCD25
C0CF081D
C0D0430F
3FAF2B93
3FAEBEBA
3FAE4DFC
3FADD935
3FAD6040
3FACE2F7
3FAC6133
3FABDACB
3FAB4F95
3FAABF66
3FAA2A0F
3FA98F63
3FA8EF30
3FA84944
3FA79D6C
3FA6EB71
3FA6331B
3FA57432
3FA4AE78
3FA3E1B0
3FA30D9A
3FA231F4
3FA14E7A
3FA062E3
3F9F6EE8
3F9E723C
3F9D6C91
3F9C5D96
3F9B44F8
3F9A2260
3F98F576
3F97BDDE
3F967B39
3F952D26
3F93D341
3F926D23
3F90FA62
3F8F7A91
3F8DED42
3F8C5201
3F8AA85A
3F88EFD6
3F8727FB
3F85504C
3F83684D
3F816F7B
3F7ECAAD
3F7A92B7
3F76360C
3F71B3A2
3F6D0A6F
3F68396B
3F633F8B
3F5E1BCC
3F58CD2A
3F5352AA
3F4DAB56
3F47D641
3F41D286
3F3B9F4E
3F353BCF
3F2EA74F
3F27E124
3F20E8B8
3F19BD8D
3F125F39
3F0ACD6E
3F0307FB
3EF61D90
3EE5C3C1
3ED502DE
3EC3DB81
3EB24E88
3EA05D1C
3E8E08AE
3E76A5EC
3E507BEF
3E2997F9
3E01FF28
3DB36E44
3D43182A
3BE64F76
BD0BF20D
BD9B7F13
BDF21DB0
BE24E267
BE5131F4
BE7DF50C
BE959190
BEAC59C6
BEC34ED7
BEDA6C74
BEF1AE5C
BF04882F
BF104732
BF1C1236
BF27E751
BF33C4A5
BF3FA86D
BF4B90F7
BF577CAA
BF636A02
BF6F5797
BF7B4415
BF839722
BF898A83
BF8F7BA7
BF956A17
BF9B5567
BFA13D34
BFA72127
BFAD00F5
BFB2DC59
BFB8B31B
BFBE8509
BFC451FA
BFCA19CD
BFCFDC68
BFD599B6
BFDB51AA
BFE1043B
BFE6B166
BFEC592C
BFF1FB92
BFF798A0
BFFD3064
C0016176
C0042824
C006EC47
C009ADE9
C00C6D16
C00F29DA
C011E443
C0149C5D
C0175236
C01A05DD
C01CB75F
C01F66CB
C0221430
C024BF9C
C027691C
C02A10C1
C02CB698
C02F5AAE
C031FD12
C0349DD3
C0373CFC
C039DA9B
C03C76BD
C03F1170
C041AABE
C04442B5
C046D960
C0496ECA
C04C02FF
C04E960A
C05127F4
C053B8C9
C0564892
C058D758
C05B6526
C05DF203
C0607DF9
C0630911
C0659352
C0681CC3
C06AA56E
C06D2D59
C06FB48B
C0723B0C
C074C0E1
C0774611
C079CAA2
C07C4E9B
C07ED201
C080AA6C
C081EB94
C0832C7A
C0846D22
C085AD8C
C086EDBC
C0882DB4
C0896D75
C08AAD03
C08BEC5E
C08D2B8A
C08E6A86
C08FA957
C090E7FC
C0922678
C09364CC
C094A2FA
C095E103
C0971EE9
C0985CAC
C0999A4F
C09AD7D2
C09C1537
C09D527F
C09E8FAB
C09FCCBB
C0A109B2
C0A24690
C0A38355
C0A4C004
C0A5FC9C
C0A7391F
C0A8758D
C0A9B1E7
C0AAEE2E
C0AC2A63
C0AD6686
C0AEA298
C0AFDE9A
C0B11A8C
C0B2566F
C0B39243
C0B4CE0A
C0B609C2
C0B7456E
C0B8810E
C0B9BCA1
C0BAF829
C0BC33A6
C0BD6F18
C0BEAA7F
C0BFE5DD
C0C12131
C0C25C7C
C0C397BF
C0C4D2F8
C0C60E2A
C0C74954
C0C88476
C0C9BF91
C0CAFAA5
C0CC35B2
C0CD70B9
C0CEABB9
C0CFE6B3
C0D121A8
3FAD8B62
3FAD1E49
3FACAD46
3FAC3836
3FABBEF5
3FAB415C
3FAABF44
3FAA3883
3FA9ACF0
3FA91C5E
3FA886A0
3FA7EB87
3FA74AE3
3FA6A47F
3FA5F829
3FA545AA
3FA48CCA
3FA3CD50
3FA306FD
3FA23996
3FA164D9
3FA08883
3F9FA451
3F9EB7FA
3F9DC335
3F9CC5B6
3F9BBF2D
3F9AAF4B
3F9995BA
3F987225
3F974432
3F960B84
3F94C7BD
3F93787B
3F921D59
3F90B5F0
3F8F41D5
3F8DC09B
3F8C31D2
3F8A9508
3F88E9C6
3F872F95
3F8565FA
3F838C79
3F81A293
3F7F4F8D
3F7B3723
3F76FAE0
3F7299BA
3F6E12A7
3F69649A
3F648E8A
3F5F8F6B
3F5A6636
3F5511EA
3F4F9187
3F49E417
3F4408AA
3F3DFE5C
3F37C454
3F3159C7
3F2ABDF8
3F23F03E
3F1CF003
3F15BCC6
3F0E561D
3F06BBBC
3EFDDADC
3EEDD63C
3EDD69AE
3ECC9587
3EBB5A62
3EA9B921
3E97B2EF
3E85493E
3E64FB9A
3E3EA543
3E179416
3DDF9A77
3D8EACCB
3CF1AE21
BC38E002
BD57B745
BDC1C46D
BE0C6361
BE386937
BE64EB64
BE88F0B2
BE9FA149
BEB6831F
BECD91D6
BEE4C918
BEFC2499
BF09D010
BF159BC6
BF21736C
BF2D5510
BF393ED2
BF452EE9
BF5123A0
BF5D1B59
BF69148F
BF750DD4
BF8082EA
BF867DAA
BF8C7699
BF926D30
BF9860F8
BF9E5183
BFA43E6E
BFAA2763
BFB00C13
BFB5EC3C
BFBBC7A3
BFC19E18
BFC76F72
BFCD3B8F
BFD30255
BFD8C3B0
BFDE7F93
BFE435F5
BFE9E6D3
BFEF9230
BFF5380F
BFFAD87C
C00039C1
C0030498
C005CCCC
C0089268
C00B5577
C00E1604
C010D41D
C0138FCE
C0164924
C019002F
C01BB4FD
C01E679C
C021181A
C023C687
C02672F1
C0291D68
C02BC5F9
C02E6CB3
C03111A5
C033B4DD
C0365668
C038F655
C03B94B1
C03E3189
C040CCEA
C04366E1
C045FF79
C04896C0
C04B2CC0
C04DC185
C050551A
C052E78A
C05578DE
C0580922
C05A9860
C05D269F
C05FB3EA
C062404A
C064CBC7
C067566A
C069E039
C06C693E
C06EF180
C0717906
C073FFD7
C07685F9
C0790B73
C07B904C
C07E148A
C0804C19
C0818DA4
C082CEEB
C0840FEE
C08550B2
C0869137
C087D181
C0891192
C08A516C
C08B9111
C08CD083
C08E0FC3
C08F4ED5
C0908DB9
C091CC71
C0930B00
C0944966
C09587A4
C096C5BE
C09803B3
C0994186
C09A7F38
C09BBCC9
C09CFA3B
C09E3790
C09F74C8
C0A0B1E5
C0A1EEE7
C0A32BD0
C0A468A0
C0A5A559
C0A6E1FB
C0A81E87
C0A95AFE
C0AA9761
C0ABD3B1
C0AD0FEE
C0AE4C19
C0AF8833
C0B0C43C
C0B20035
C0B33C1E
C0B477F9
C0B5B3C6
C0B6EF84
C0B82B36
C0B966DB
C0BAA274
C0BBDE01
C0BD1982
C0BE54F9
C0BF9065
C0C0CBC7
C0C20720
C0C3426F
C0C47DB5
C0C5B8F3
C0C6F428
C0C82F55
C0C96A7B
C0CAA599
C0CBE0B0
C0CD1BC0
C0CE56C9
C0CF91CD
C0D0CCCA
C0D207C1
3FABDEA9
3FAB714A
3FAAFFFF
3FAA8AA4
3FAA1112
3FA99325
3FA910B4
3FA88997
3FA7FDA2
3FA76CA9
3FA6D680
3FA63AF5
3FA599DA
3FA4F2FA
3FA44621
3FA39318
3FA2D9A8
3FA21996
3FA152A5
3FA08498
3F9FAF2D
3F9ED221
3F9DED2F
3F9D0010
3F9C0A7A
3F9B0C1F
3F9A04B1
3F98F3DF
3F97D953
3F96B4B7
3F9585B1
3F944BE4
3F9306F0
3F91B674
3F905A0B
3F8EF14B
3F8D7BCA
3F8BF91B
3F8A68CC
3F88CA6A
3F871D7F
3F856193
3F83962A
3F81BAC7
3F7F9DD3
3F7BA422
3F778774
3F7346C0
3F6EE0FB
3F6A5517
3F65A208
3F60C6C1
3F5BC237
3F569361
3F51393A
3F4BB2C4
3F45FF05
3F401D0C
3F3A0BF5
3F33CAE5
3F2D590E
3F26B5B5
3F1FE02E
3F18D7E2
3F119C50
3F0A2D0E
3F0289CE
3EF564B8
3EE54D46
3ED4CD5B
3EC3E54E
3EB295BB
3EA0DF88
3E8EC3DF
3E788870
3E52C4A9
3E2C407D
3E050095
3DBA144A
3D518BA9
3C311230
BCF723D3
BD92ED91
BDE93C7D
BE2052FC
BE4C8CD6
BE794365
BE933709
BEAA0214
BEC0FE6F
BED827B5
BEEF7984
BF0377C4
BF0F42BF
BF1B1B9E
BF270059
BF32EEFB
BF3EE5A0
BF4AE279
BF56E3CF
BF62E7FF
BF6EED82
BF7AF2E7
BF837B6B
BF897C0A
BF8F7ABC
BF9576FB
BF9B704F
BFA16648
BFA75883
BFAD46A8
BFB3306B
BFB91587
BFBEF5C2
BFC4D0EB
BFCAA6D9
BFD0776A
BFD64284
BFDC0814
BFE1C80D
BFE78266
BFED371D
BFF2E634
BFF88FB0
BFFE339C
C001E902
C004B57D
C0077F47
C00A466B
C00D0AF5
C00FCCF0
C0128C6A
C0154970
C0180410
C01ABC59
C01D7259
C0202620
C022D7BB
C025873B
C02834AE
C02AE024
C02D89AB
C0303152
C032D728
C0357B3B
C0381D9A
C03ABE53
C03D5D73
C03FFB07
C042971E
C04531C3
C047CB04
C04A62EC
C04CF988
C04F8EE3
C0522308
C054B602
C05747DD
C059D8A1
C05C6859
C05EF710
C06184CD
C064119B
C0669D81
C0692889
C06BB2BA
C06E3C1D
C070C4B9
C0734C96
C075D3BA
C0785A2D
C07ADFF4
C07D6517
C07FE99C
C08136C4
C0827871
C083B9D7
C084FAF9
C0863BDA
C0877C7C
C088BCE1
C089FD0C
C08B3CFF
C08C7CBC
C08DBC45
C08EFB9C
C0903AC3
C09179BC
C092B888
C093F72A
C09535A2
C09673F2
C097B21D
C098F023
C09A2E05
C09B6BC6
C09CA966
C09DE6E6
C09F2448
C0A0618D
C0A19EB7
C0A2DBC5
C0A418B9
C0A55594
C0A69258
C0A7CF04
C0A90B9A
C0AA481B
C0AB8487
C0ACC0E0
C0ADFD25
C0AF3958
C0B0757A
C0B1B18A
C0B2ED8A
C0B4297B
C0B5655D
C0B6A130
C0B7DCF5
C0B918AC
C0BA5457
C0BB8FF5
C0BCCB87
C0BE070E
C0BF428A
C0C07DFB
C0C1B961
C0C2F4BE
C0C43012
C0C56B5C
C0C6A69D
C0C7E1D6
C0C91D07
C0CA5830
C0CB9352
C0CCCE6C
C0CE097F
C0CF448C
C0D07F92
C0D1BA91
C0D2F58B
3FAA2525
3FA9B77F
3FA945E8
3FA8D03C
3FA85657
3FA7D812
3FA75544
3FA6CDC5
3FA6416A
3FA5B006
3FA5196C
3FA47D6B
3FA3DBD4
3FA33471
3FA28710
3FA1D378
3FA11972
3FA058C3
3F9F912E
3F9EC273
3F9DEC53
3F9D0E8A
3F9C28D2
3F9B3AE4
3F9A4474
3F994536
3F983CDA
3F972B0F
3F960F7F
3F94E9D3
3F93B9B0
3F927EB9
3F91388F
3F8FE6CE
3F8E8911
3F8D1EEF
3F8BA7FD
3F8A23CB
3F8891E9
3F86F1E2
3F854340
3F83858A
3F81B843
3F7FB5DC
3F7BDA14
3F77DC29
3F73BB14
3F6F75CA
3F6B0B3F
3F667A63
3F61C228
3F5CE181
3F57D75F
3F52A2B9
3F4D4288
3F47B5CD
3F41FB8B
3F3C12D2
3F35FABA
3F2FB268
3F29390D
3F228DEB
3F1BB057
3F149FB9
3F0D5B8E
3F05E36C
3EFC6E0A
3EECAC48
3EDC8168
3ECBED81
3EBAF0E9
3EA98C40
3E97C06A
3E858E98
3E65F086
3E3FFE5F
3E194ADC
3DE3B559
3D936624
3D036755
BC0AABDC
BD4B4F88
BDBB34C4
BE08F6A5
BE34E0B8
BE61505E
BE871E8E
BE9DCF25
BEB4B58F
BECBCD5D
BEE3121F
BEFA7F6B
BF090871
BF14E11C
BF20C79C
BF2CB9E5
BF38B5FC
BF44B9FA
BF50C40D
BF5CD277
BF68E395
BF74F5D8
BF8083E8
BF868C10
BF8C92C4
BF929771
BF98998F
BF9E98A3
BFA4943E
BFAA8BFD
BFB07F86
BFB66E8D
BFBC58CC
BFC23E0A
BFC81E15
BFCDF8C4
BFD3CDF5
BFD99D8F
BFDF677E
BFE52BB5
BFEAEA2D
BFF0A2E3
BFF655D9
BFFC0316
C000D552
C003A649
C0067477
C0093FE7
C00C08A3
C00ECEB6
C011922E
C0145317
C0171180
C019CD77
C01C870A
C01F3E49
C021F343
C024A607
C02756A4
C02A052B
C02CB1AA
C02F5C30
C03204CE
C034AB91
C0375089
C039F3C4
C03C9550
C03F353C
C041D395
C0447068
C0470BC3
C049A5B3
C04C3E44
C04ED581
C0516B78
C0540033
C05693BD
C0592622
C05BB76C
C05E47A4
C060D6D6
C063650A
C065F24A
C0687E9E
C06B0A0F
C06D94A6
C0701E6B
C072A765
C0752F9C
C077B716
C07A3DDD
C07CC3F4
C07F4965
C080E71A
C0822934
C0836B03
C084AC8A
C085EDCC
C0872ECB
C0886F8A
C089B00C
C08AF052
C08C305F
C08D7035
C08EAFD6
C08FEF45
C0912E82
C0926D90
C093AC71
C094EB26
C09629B2
C0976815
C098A651
C099E468
C09B225B
C09C602B
C09D9DDA
C09EDB69
C0A018D9
C0A1562C
C0A29362
C0A3D07C
C0A50D7D
C0A64A64
C0A78732
C0A8C3E9
C0AA0089
C0AB3D14
C0AC798A
C0ADB5EB
C0AEF23A
C0B02E75
C0B16A9F
C0B2A6B7
C0B3E2BF
C0B51EB7
C0B65A9F
C0B79679
C0B8D245
C0BA0E02
C0BB49B3
C0BC8557
C0BDC0EF
C0BEFC7B
C0C037FC
C0C17371
C0C2AEDD
C0C3EA3E
C0C52596
C0C660E5
C0C79C2A
C0C8D767
C0CA129C
C0CB4DC8
C0CC88ED
C0CDC40B
C0CEFF21
C0D03A31
C0D1753A
C0D2B03C
C0D3EB39
3FA85E98
3FA7F0A6
3FA77EBF
3FA708C0
3FA68E83
3FA60FE2
3FA58CB3
3FA504CF
3FA47809
3FA3E635
3FA34F25
3FA2B2AA
3FA21091
3FA168A7
3FA0BAB7
3FA0068B
3F9F4BE9
3F9E8A96
3F9DC255
3F9CF2E8
3F9C1C0C
3F9B3D7F
3F9A56F9
3F996833
3F9870E2
3F9770B8
3F966766
3F955499
3F9437FC
3F931136
3F91DFED
3F90A3C3
3F8F5C57
3F8E0947
3F8CAA2B
3F8B3E9B
3F89C62A
3F884069
3F86ACE6
3F850B2D
3F835AC6
3F819B37
3F7F9806
3F7BD957
3F77F960
3F73F719
3F6FD179
3F6B8774
3F6717FB
3F6281FF
3F5DC46F
3F58DE3B
3F53CE55
3F4E93B1
3F492D46
3F439A12
3F3DD91A
3F37E96B
3F31CA1A
3F2B7A4B
3F24F930
3F1E4608
3F176026
3F1046F3
3F08F9E9
3F0178A0
3EF3858F
3EE3B056
3ED3716B
3EC2C8E4
3EB1B71B
3EA03CAD
3E8E5A84
3E7823A3
3E52C824
3E2CA61E
3E05C1B8
3DBC3F5A
3D571528
3C4B864C
BCE8054A
BD8EBE17
BDE4B6FA
BE1DEE53
BE4A0F89
BE76B6CF
BE91EDCC
BEA8BA92
BEBFBD4B
BED6F17F
BEEE52B3
BF02EE39
BF0EC52A
BF1AAC00
BF26A09D
BF32A0EF
BF3EAAF7
BF4ABCCA
BF56D490
BF62F088
BF6F0F0A
BF7B2E87
BF83A6C3
BF89B556
BF8FC25A
BF95CD3A
BF9BD56F
BFA1DA7B
BFA7DBEE
BFADD966
BFB3D287
BFB9C705
BFBFB69A
BFC5A10B
BFCB8628
BFD165C6
BFD73FC6
BFDD140B
BFE2E285
BFE8AB24
BFEE6DE4
BFF42AC0
BFF9E1BD
BFFF92E0
C0029F1B
C00571E5
C00841D9
C00B0EFE
C00DD962
C010A10E
C0136612
C0162879
C018E853
C01BA5AE
C01E6098
C0211923
C023CF5C
C0268354
C029351B
C02BE4C0
C02E9253
C0313DE3
C033E781
C0368F3B
C0393520
C03BD940
C03E7BA8
C0411C68
C043BB8D
C0465925
C048F53D
C04B8FE2
C04E2921
C050C107
C05357A0
C055ECF7
C0588117
C05B140C
C05DA5E0
C060369E
C062C650
C0655500
C067E2B6
C06A6F7C
C06CFB5B
C06F865C
C0721086
C07499E1
C0772276
C079AA4B
C07C3168
C07EB7D4
C0809ECA
C081E158
C0832397
C084658A
C085A733
C086E896
C08829B5
C0896A93
C08AAB32
C08BEB94
C08D2BBD
C08E6BAD
C08FAB67
C090EAED
C0922A42
C0936967
C094A85D
C095E727
C09725C6
C098643C
C099A28B
C09AE0B3
C09C1EB7
C09D5C98
C09E9A57
C09FD7F5
C0A11573
C0A252D4
C0A39018
C0A4CD3F
C0A60A4C
C0A7473F
C0A88419
C0A9C0DB
C0AAFD86
C0AC3A1B
C0AD769A
C0AEB306
C0AFEF5D
C0B12BA1
C0B267D3
C0B3A3F4
C0B4E004
C0B61C03
C0B757F3
C0B893D3
C0B9CFA6
C0BB0B6A
C0BC4721
C0BD82CB
C0BEBE68
C0BFF9FA
C0C13580
C0C270FB
C0C3AC6B
C0C4E7D1
C0C6232E
C0C75E80
C0C899CA
C0C9D50B
C0CB1044
C0CC4B74
C0CD869D
C0CEC1BE
C0CFFCD7
C0D137EA
C0D272F6
C0D3ADFC
C0D4E8FC
3FA68AC5
3FA61C83
3FA5AA49
3FA533F3
3FA4B95A
3FA43A58
3FA3B6C4
3FA32E76
3FA2A140
3FA20EF8
3FA1776E
3FA0DA72
3FA037D2
3F9F8F5B
3F9EE0D8
3F9E2C11
3F9D70CD
3F9CAED1
3F9BE5DE
3F9B15B7
3F9A3E19
3F995EBF
3F987764
3F9787C0
3F968F85
3F958E68
3F948417
3F93703F
3F92528B
3F912AA2
3F8FF828
3F8EBAC0
3F8D7209
3F8C1D9D
3F8ABD17
3F89500D
3F87D611
3F864EB4
3F84B983
3F83160A
3F8163CF
3F7F44AF
3F7BA24F
3F77DF7C
3F73FB33
3F6FF46D
3F6BCA1D
3F677B38
3F6306AB
3F5E6B66
3F59A856
3F54BC6B
3F4FA692
3F4A65C0
3F44F8EA
3F3F5F0C
3F399729
3F33A04B
3F2D7989
3F272203
3F2098EA
3F19DD7C
3F12EF0C
3F0BCCFF
3F0476D1
3EF9D82F
3EEA5904
3EDA6FB9
3ECA1C23
3EB95E57
3EA836B1
3E96A5D0
3E84AC9E
3E6498A2
3E3F0CD1
3E18B962
3DE3450C
3D939A07
3D04F8C8
BC0040B6
BD47CD33
BDB9115C
BE07BCDA
BE338813
BE5FE244
BE866184
BE9D10DF
BEB3FACA
BECB1ACB
BEE26C5E
BEF9EAFF
BF08C917
BF14AEBB
BF20A43C
BF2CA774
BF38B64F
BF44CEC7
BF50EEED
BF5D14E4
BF693EE7
BF756B4B
BF80CC3E
BF86E27F
BF8CF7B9
BF930B48
BF991C97
BF9F2B1B
BFA53658
BFAB3DDC
BFB14143
BFB74033
BFBD3A5C
BFC32F7A
BFC91F53
BFCF09B2
BFD4EE71
BFDACD6D
BFE0A68D
BFE679BD
BFEC46F1
BFF20E22
BFF7CF4F
BFFD8A7A
C0019FD5
C0047776
C0074C27
C00A1DF1
C00CECDE
C00FB8FA
C0128250
C01548EE
C0180CE3
C01ACE3C
C01D8D09
C0204959
C023033C
C025BAC1
C0286FFA
C02B22F5
C02DD3C4
C0308276
C0332F1B
C035D9C3
C038827D
C03B2959
C03DCE67
C04071B4
C0431350
C045B349
C04851AD
C04AEE8A
C04D89EC
C05023E2
C052BC77
C05553B8
C057E9B0
C05A7E6C
C05D11F7
C05FA45C
C06235A5
C064C5DC
C067550B
C069E33D
C06C707A
C06EFCCB
C071883A
C07412CD
C0769C8E
C0792584
C07BADB7
C07E352F
C0805DF8
C081A102
C082E3B9
C084261E
C0856836
C086AA03
C087EB88
C0892CC8
C08A6DC6
C08BAE83
C08CEF03
C08E2F47
C08F6F53
C090AF27
C091EEC7
C0932E33
C0946D6F
C095AC7C
C096EB5B
C0982A0F
C0996899
C09AA6FB
C09BE536
C09D234B
C09E613D
C09F9F0C
C0A0DCBA
C0A21A48
C0A357B7
C0A49509
C0A5D23E
C0A70F57
C0A84C57
C0A9893D
C0AAC60A
C0AC02C0
C0AD3F60
C0AE7BEA
C0AFB85F
C0B0F4C0
C0B2310D
C0B36D48
C0B4A971
C0B5E589
C0B72190
C0B85D87
C0B9996F
C0BAD548
C0BC1113
C0BD4CD1
C0BE8881
C0BFC424
C0C0FFBC
C0C23B47
C0C376C7
C0C4B23D
C0C5EDA8
C0C72909
C0C86461
C0C99FAF
C0CADAF4
C0CC1630
C0CD5165
C0CE8C91
C0CFC7B6
C0D102D3
C0D23DE9
C0D378F8
C0D4B401
C0D5EF04
3FA4A96F
3FA43ADB
3FA3C84A
3FA35198
3FA2D69F
3FA25738
3FA1D33B
3FA14A7E
3FA0BCD5
3FA02A13
3F9F9209
3F9EF488
3F9E515D
3F9DA853
3F9CF937
3F9C43CF
3F9B87E3
3F9AC536
3F99FB8C
3F992AA4
3F98523C
3F97720F
3F9689D8
3F95994C
3F94A021
3F939E07
3F9292AE
3F917DC3
3F905EEF
3F8F35D9
3F8E0225
3F8CC374
3F8B7966
3F8A2394
3F88C198
3F875307
3F85D774
3F844E6E
3F82B782
3F81123A
3F7EBC39
3F7B355C
3F778EE3
3F73C7CB
3F6FDF0F
3F6BD3A6
3F67A483
3F635096
3F5ED6CE
3F5A3617
3F556D5D
3F507B8D
3F4B5F95
3F461865
3F40A4F2
3F3B0436
3F353532
3F2F36EF
3F290882
3F22A909
3F1C17B4
3F1553C1
3F0E5C7F
3F073154
3EFFA375
3EF07A8E
3EE0E752
3ED0E957
3EC08072
3EAFACBA
3E9E6E89
3E8CC682
3E756B21
3E5079D7
3E2ABC2E
3E0435C7
3DB9D5B8
3D5380F7
3C41B4FF
BCEAEFE8
BD8F0A65
BDE4A6BA
BE1DC115
BE49C68D
BE765B9B
BE91BBE4
BEA8892E
BEBF9138
BED6CF7D
BEEE3F6F
BF02EE3F
BF0ED110
BF1AC5EA
BF26CA98
BF32DCEF
BF3EFAD4
BF4B223F
BF575139
BF6385E3
BF6FBE73
BF7BF938
BF841A4D
BF8A378F
BF9053AE
BF966E06
BF9C85FF
BFA29B10
BFA8ACB8
BFAEBA87
BFB4C417
BFBAC90C
BFC0C918
BFC6C3F5
BFCCB968
BFD2A93F
BFD89350
BFDE777A
BFE455A3
BFEA2DB9
BFEFFFAE
BFF5CB7D
BFFB9125
C000A854
C0038507
C0065EB2
C009355D
C00C0910
C00ED9D6
C011A7BB
C01472CB
C0173B15
C01A00A6
C01CC38E
C01F83DB
C022419F
C024FCE8
C027B5C7
C02A6C4C
C02D2089
C02FD28D
C0328269
C035302E
C037DBEA
C03A85AF
C03D2D8D
C03FD391
C04277CD
C0451A4E
C047BB24
C04A5A5C
C04CF805
C04F942C
C0522EDE
C054C829
C0576019
C059F6BA
C05C8C19
C05F203F
C061B33A
C0644513
C066D5D5
C069658A
C06BF43C
C06E81F4
C0710EBC
C0739A9C
C076259D
C078AFC8
C07B3924
C07DC1B8
C08024C7
C0816855
C082AB8A
C083EE6A
C08530F8
C0867336
C087B529
C088F6D1
C08A3834
C08B7952
C08CBA2F
C08DFACE
C08F3B2F
C0907B57
C091BB46
C092FB00
C0943A86
C09579DA
C096B8FE
C097F7F4
C09936BD
C09A755C
C09BB3D1
C09CF21F
C09E3047
C09F6E4A
C0A0AC2A
C0A1E9E9
C0A32786
C0A46504
C0A5A265
C0A6DFA8
C0A81CCF
C0A959DB
C0AA96CE
C0ABD3A7
C0AD1069
C0AE4D13
C0AF89A8
C0B0C627
C0B20292
C0B33EE9
C0B47B2D
C0B5B75F
C0B6F37F
C0B82F8E
C0B96B8D
C0BAA77D
C0BBE35D
C0BD1F2F
C0BE5AF3
C0BF96AA
C0C0D253
C0C20DF1
C0C34982
C0C48508
C0C5C083
C0C6FBF3
C0C83759
C0C972B5
C0CAAE08
C0CBE951
C0CD2492
C0CE5FCA
C0CF9AFB
C0D0D623
C0D21144
C0D34C5E
C0D48770
C0D5C27C
C0D6FD82
3FA2BA5E
3FA24B73
3FA1D887
3FA16176
3FA0E619
3FA0664A
3F9FE1DF
3F9F58AF
3F9ECA8D
3F9E374D
3F9D9EBF
3F9D00B3
3F9C5CF6
3F9BB355
3F9B0399
3F9A4D8B
3F9990F1
3F98CD8E
3F980325
3F973175
3F96583C
3F957736
3F948E1A
3F939CA0
3F92A27A
3F919F5C
3F9092F3
3F8F7CEB
3F8E5CED
3F8D32A0
3F8BFDA8
3F8ABDA4
3F897233
3F881AF0
3F86B773
3F85474F
3F83CA18
3F823F5C
3F80A6A7
3F7DFF03
3F7A92E6
3F7707FD
3F735D4B
3F6F91CD
3F6BA47C
3F67944D
3F636031
3F5F0717
3F5A87EB
3F55E198
3F511309
3F4C1B28
3F46F8E1
3F41AB23
3F3C30E1
3F368913
3F30B2B9
3F2AACD9
3F247686
3F1E0EDF
3F177510
3F10A856
3F09A7FF
3F027370
3EF61447
3EE6D758
3ED72F70
3EC71C25
3EB69D4E
3EA5B2FF
3E945D94
3E829DB2
3E60E88B
3E3BC511
3E15D406
3DDE3221
3D8F30EB
3CFAB883
BC1A5AF6
BD4D5F2E
BDBB717D
BE08C185
BE346AA6
BE60AC41
BE86BF0C
BE9D6BD0
BEB45806
BECB7F2F
BEE2DCBC
BEFA6C13
BF09144C
BF1506DB
BF210B70
BF2D1FD0
BF3941CC
BF456F43
BF51A626
BF5DE47B
BF6A285C
BF766FFD
BF815CD4
BF8781E0
BF8DA662
BF93C9A6
BF99EB06
BFA009E9
BFA625C3
BFAC3E14
BFB2526A
BFB8625C
BFBE6D91
BFC473B9
BFCA748C
BFD06FD0
BFD66552
BFDC54E9
BFE23E74
BFE821D8
BFEDFF03
BFF3D5EA
BFF9A684
BFFF70D3
C0029A6C
C005794F
C0085519
C00B2DD0
C00E0380
C010D631
C013A5F2
C01672CE
C0193CD4
C01C0412
C01EC898
C0218A75
C02449BB
C0270678
C029C0BE
C02C789E
C02F2E29
C031E16F
C0349281
C0374170
C039EE4D
C03C9927
C03F420F
C041E915
C0448E48
C04731B8
C049D373
C04C7388
C04F1205
C051AEF9
C0544A70
C056E478
C0597D1E
C05C146E
C05EAA75
C0613F3E
C063D2D4
C0666543
C068F695
C06B86D5
C06E160C
C070A445
C0733188
C075BDDF
C0784953
C07AD3EB
C07D5DB0
C07FE6AA
C0813770
C0827B2D
C083BE90
C085019B
C0864453
C08786B9
C088C8D2
C08A0AA0
C08B4C26
C08C8D67
C08DCE65
C08F0F23
C0904FA3
C0918FE8
C092CFF4
C0940FC8
C0954F68
C0968ED5
C097CE11
C0990D1E
C09A4BFE
C09B8AB2
C09CC93C
C09E079E
C09F45D9
C0A083EF
C0A1C1E1
C0A2FFB0
C0A43D5E
C0A57AEC
C0A6B85B
C0A7F5AD
C0A932E2
C0AA6FFB
C0ABACFB
C0ACE9E1
C0AE26AF
C0AF6365
C0B0A004
C0B1DC8E
C0B31903
C0B45564
C0B591B2
C0B6CDED
C0B80A16
C0B9462D
C0BA8235
C0BBBE2C
C0BCFA14
C0BE35ED
C0BF71B8
C0C0AD75
C0C1E925
C0C324C9
C0C46060
C0C59BEC
C0C6D76C
C0C812E2
C0C94E4D
C0CA89AE
C0CBC505
C0CD0053
C0CE3B99
C0CF76D5
C0D0B209
C0D1ED36
C0D3285A
C0D46378
C0D59E8E
C0D6D99D
C0D814A6
3FA0BD5C
3FA04E16
3F9FDACC
3F9F6357
3F9EE792
3F9E6756
3F9DE279
3F9D58D1
3F9CCA32
3F9C366F
3F9B9D57
3F9AFEBB
3F9A5A68
3F99B02A
3F98FFC9
3F98490F
3F978BC0
3F96C7A0
3F95FC71
3F9529F3
3F944FE3
3F936DFA
3F9283F3
3F919182
3F90965B
3F8F922F
3F8E84AD
3F8D6D7F
3F8C4C4E
3F8B20C0
3F89EA79
3F88A918
3F875C3B
3F86037B
3F849E70
3F832CAD
3F81ADC5
3F802146
3F7D0D73
3F79BB53
3F764B36
3F72BC21
3F6F0D17
3F6B3D11
3F674B08
3F6335EF
3F5EFCB5
3F5A9E47
3F56198F
3F516D77
3F4C98E8
3F479AC9
3F427204
3F3D1D88
3F379C45
3F31ED31
3F2C0F49
3F260194
3F1FC322
3F19530F
3F12B086
3F0BDAC4
3F04D115
3EFB25B8
3EEC3F26
3EDCED98
3ECD3068
3EBD072D
3EAC71BB
3E9B7029
3E8A02D4
3E7054BD
3E4BCF75
3E267847
3E005248
3DB2C252
3D46A4DD
3C12F593
BD001BD4
BD93E74F
BDE92053
BE1FD566
BE4BBBD4
BE783B7F
BE92A60B
BEA9727B
BEC07EA0
BED7C5EF
BEEF43CC
BF0379CA
BF0F684E
BF1B6B23
BF277FFB
BF33A497
BF3FD6C1
BF4C1452
BF585B38
BF64A971
BF70FD13
BF7D544D
BF84D6B2
BF8B035B
BF912F61
BF975A0D
BF9D82B6
BFA3A8C3
BFA9CBA6
BFAFEADE
BFB605F8
BFBC1C8B
BFC22E3B
BFC83AB8
BFCE41BB
BFD44308
BFDA3E6D
BFE033C0
BFE622DF
BFEC0BB1
BFF1EE24
BFF7CA2B
BFFD9FC1
C001B772
C0049BCD
C0077CF6
C00A5AF3
C00D35CC
C0100D8B
C012E23C
C015B3EA
C01882A4
C01B4E77
C01E1774
C020DDA8
C023A125
C02661FC
C029203C
C02BDBF8
C02E9540
C0314C26
C03400BA
C036B30F
C0396335
C03C113D
C03EBD37
C0416735
C0440F46
C046B57B
C04959E2
C04BFC8C
C04E9D86
C0513CE1
C053DAA9
C05676ED
C05911BA
C05BAB1D
C05E4323
C060D9D9
C0636F4B
C0660383
C068968E
C06B2876
C06DB946
C0704908
C072D7C6
C075658A
C077F25C
C07A7E46
C07D0950
C07F9383
C0810E73
C08252C1
C08396AF
C084DA41
C0861D79
C087605C
C088A2EC
C089E52D
C08B2721
C08C68CC
C08DAA31
C08EEB51
C0902C30
C0916CD0
C092AD34
C093ED5D
C0952D4E
C0966D09
C097AC90
C098EBE5
C09A2B0A
C09B6A01
C09CA8CB
C09DE76B
C09F25E1
C0A06430
C0A1A259
C0A2E05D
C0A41E3E
C0A55BFD
C0A6999B
C0A7D71A
C0A9147B
C0AA51BF
C0AB8EE6
C0ACCBF3
C0AE08E6
C0AF45C0
C0B08282
C0B1BF2E
C0B2FBC3
C0B43842
C0B574AD
C0B6B105
C0B7ED49
C0B9297B
C0BA659C
C0BBA1AC
C0BCDDAB
C0BE199B
C0BF557B
C0C0914E
C0C1CD12
C0C308C9
C0C44473
C0C58010
C0C6BBA2
C0C7F728
C0C932A3
C0CA6E13
C0CBA97A
C0CCE4D6
C0CE2029
C0CF5B72
C0D096B3
C0D1D1EC
C0D30D1C
C0D44845
C0D58366
C0D6BE80
C0D7F993
C0D9349F
3F9EB235
3F9E4291
3F9DCEE4
3F9D5708
3F9CDAD7
3F9C5A29
3F9BD4D6
3F9B4AB2
3F9ABB91
3F9A2745
3F998D9F
3F98EE6E
3F98497F
3F979E9E
3F96ED92
3F963625
3F95781C
3F94B339
3F93E73E
3F9313EB
3F9238FB
3F91562A
3F906B2E
3F8F77BF
3F8E7B8E
3F8D764D
3F8C67A8
3F8B4F4B
3F8A2CDE
3F890006
3F87C865
3F86859C
3F853747
3F83DCFF
3F82765A
3F8102ED
3F7F048E
3F7BE7ED
3F78AF0C
3F7558F9
3F71E4BE
3F6E515F
3F6A9DDC
3F66C92E
3F62D24A
3F5EB823
3F5A79A5
3F5615BD
3F518B51
3F4CD94A
3F47FE8E
3F42FA04
3F3DCA94
3F386F28
3F32E6B1
3F2D3022
3F274A77
3F2134B3
3F1AEDE6
3F14752A
3F0DC9A9
3F06EA9D
3EFFAEA3
3EF11E51
3EE22333
3ED2BC6D
3EC2E959
3EB2A98B
3EA1FCD7
3E90E354
3E7EBABF
3E5AD73D
3E361E07
3E10919A
3DD46A25
3D861852
3CD8D99F
BC598DAD
BD5C29EA
BDC26722
BE0C0D7A
BE379111
BE63B6B9
BE883B35
BE9EE3DF
BEB5D100
BECCFE1B
BEE4669A
BEFC05D7
BF09EB8F
BF15EAE0
BF21FE84
BF2E242D
BF3A5991
BF469C75
BF52EAAE
BF5F4223
BF6BA0CC
BF7804BC
BF82360D
BF886A94
BF8E9F21
BF94D2EF
BF9B0546
BFA1357C
BFA762F6
BFAD8D23
BFB3B383
BFB9D5A0
BFBFF312
BFC60B7A
BFCC1E89
BFD22BF7
BFD83388
BFDE3508
BFE4304E
BFEA2539
BFF013AE
BFF5FB9C
BFFBDCF6
C000DBDC
C003C5F0
C006ACBA
C009903F
C00C7085
C00F4D95
C0122779
C014FE3C
C017D1EC
C01AA296
C01D704A
C0203B15
C0230309
C025C836
C0288AAE
C02B4A81
C02E07C1
C030C27F
C0337ACE
C03630BE
C038E462
C03B95CB
C03E450A
C040F231
C0439D4F
C0464677
C048EDB7
C04B9320
C04E36C1
C050D8AB
C05378EB
C0561790
C058B4A8
C05B5042
C05DEA6A
C060832E
C0631A9A
C065B0BB
C068459C
C06AD949
C06D6BCD
C06FFD33
C0728D85
C0751CCE
C077AB17
C07A3869
C07CC4CE
C07F504F
C080ED7A
C0823263
C08376E5
C084BB06
C085FEC8
C087422F
C088853F
C089C7FB
C08B0A66
C08C4C82
C08D8E54
C08ECFDD
C0901121
C0915223
C09292E3
C093D367
C09513AE
C09653BC
C0979394
C098D336
C09A12A5
C09B51E3
C09C90F2
C09DCFD4
C09F0E8A
C0A04D16
C0A18B79
C0A2C9B6
C0A407CD
C0A545C0
C0A68391
C0A7C140
C0A8FED0
C0AA3C40
C0AB7993
C0ACB6C9
C0ADF3E4
C0AF30E4
C0B06DCB
C0B1AA9A
C0B2E751
C0B423F2
C0B5607C
C0B69CF2
C0B7D954
C0B915A2
C0BA51DE
C0BB8E07
C0BCCA20
C0BE0628
C0BF4220
C0C07E08
C0C1B9E2
C0C2F5AD
C0C4316B
C0C56D1C
C0C6A8C0
C0C7E458
C0C91FE4
C0CA5B65
C0CB96DA
C0CCD246
C0CE0DA7
C0CF48FF
C0D0844E
C0D1BF93
C0D2FAD0
C0D43605
C0D57131
C0D6AC56
C0D7E774
C0D9228A
C0DA5D9A
3F9C98B8
3F9C28B3
3F9BB49F
3F9B3C58
3F9ABFB7
3F9A3E94
3F99B8C5
3F992E20
3F989E78
3F9809A0
3F976F66
3F96CF9B
3F962A0B
3F957E80
3F94CCC5
3F94149F
3F9355D5
3F929028
3F91C35B
3F90EF2B
3F901355
3F8F2F93
3F8E439D
3F8D4F27
3F8C51E4
3F8B4B84
3F8A3BB4
3F89221F
3F87FE6C
3F86D040
3F85973C
3F845300
3F830328
3F81A74C
3F803F02
3F7D93BA
3F7A8EDA
3F776E7D
3F7431B7
3F70D794
3F6D5F1E
3F69C756
3F660F3A
3F6235C2
3F5E39E1
3F5A1A88
3F55D6A1
3F516D17
3F4CDCCF
3F4824AF
3F43439B
3F3E3879
3F39022D
3F339FA2
3F2E0FC4
3F285185
3F2263DF
3F1C45D4
3F15F671
3F0F74D0
3F08C016
3F01D77E
3EF574A3
3EE6CFE1
3ED7BFA4
3EC8430E
3EB85977
3EA80272
3E973DD3
3E860BB0
3E68D8CE
3E44C13E
3E1FD299
3DF41EBF
3DA6F56A
3D30616C
3B7B2C47
BD140D2E
BD9D640B
BDF232A9
BE243285
BE4FF65F
BE7C5D35
BE94AF75
BEAB7982
BEC2885B
BED9D779
BEF16238
BF0491F4
BF108BE4
BF1C9C8C
BF28C190
BF34F896
BF413F52
BF4D9381
BF59F2F2
BF665B86
BF72CB31
BF7F3FFE
BF85DC09
BF8C18D3
BF92558A
BF989166
BF9ECBAE
BFA503B6
BFAB38E0
BFB16A9C
BFB79867
BFBDC1C9
BFC3E65A
BFCA05BA
BFD01F9A
BFD633B0
BFDC41BF
BFE24996
BFE84B08
BFEE45F6
BFF43A45
BFFA27E4
C0000763
C002F773
C005E422
C008CD73
C00BB36B
C00E9611
C011756E
C014518C
C0172A77
C01A003D
C01CD2EB
C01FA290
C0226F3E
C0253903
C027FFF1
C02AC41A
C02D858F
C0304463
C03300A6
C035BA6C
C03871C6
C03B26C7
C03DD980
C0408A03
C0433861
C045E4AC
C0488EF4
C04B374A
C04DDDBF
C0508263
C0532544
C055C673
C05865FE
C05B03F4
C05DA063
C0603B58
C062D4E0
C0656D0A
C06803E1
C06A9971
C06D2DC7
C06FC0ED
C07252EF
C074E3D7
C07773B0
C07A0284
C07C905B
C07F1D41
C080D49F
C0821A2C
C0835F4E
C084A408
C085E85D
C0872C52
C0886FEA
C089B328
C08AF611
C08C38A7
C08D7AED
C08EBCE7
C08FFE97
C0914000
C0928125
C093C208
C09502AC
C0964314
C0978340
C098C335
C09A02F3
C09B427E
C09C81D6
C09DC0FE
C09EFFF8
C0A03EC5
C0A17D67
C0A2BBE0
C0A3FA31
C0A5385C
C0A67663
C0A7B446
C0A8F207
C0AA2FA7
C0AB6D28
C0ACAA8A
C0ADE7D0
C0AF24F9
C0B06207
C0B19EFC
C0B2DBD7
C0B4189B
C0B55547
C0B691DE
C0B7CE5F
C0B90ACB
C0BA4723
C0BB8369
C0BCBF9C
C0BDFBBE
C0BF37CE
C0C073CF
C0C1AFBF
C0C2EBA1
C0C42774
C0C56339
C0C69EF1
C0C7DA9B
C0C9163A
C0CA51CC
C0CB8D53
C0CCC8CE
C0CE043F
C0CF3FA6
C0D07B03
C0D1B656
C0D2F1A1
C0D42CE2
C0D5681B
C0D6A34C
C0D7DE75
C0D91996
C0DA54B1
C0DB8FC4
3F9A70BA
3F9A004F
3F998BD1
3F99131B
3F989605
3F981468
3F978E1A
3F9702F0
3F9672BD
3F95DD52
3F954281
3F94A216
3F93FBDF
3F934FA6
3F929D34
3F91E450
3F9124BE
3F905E42
3F8F909B
3F8EBB88
3F8DDEC5
3F8CFA0B
3F8C0D12
3F8B178E
3F8A1930
3F8911AA
3F8800A6
3F86E5CF
3F85C0CC
3F849142
3F8356D1
3F821117
3F80BFB1
3F7EC46B
3F7BF075
3F7902A4
3F75FA16
3F72D5E2
3F6F951B
3F6C36CD
3F68B9FD
3F651DAD
3F6160D8
3F5D8275
3F598175
3F555CC5
3F511351
3F4CA3FE
3F480DB1
3F434F4F
3F3E67B7
3F3955CF
3F341879
3F2EAE9D
3F291725
3F235101
3F1D5B2A
3F17349F
3F10DC6C
3F0A51A6
3F039375
3EF9421C
3EEAF377
3EDC39B7
3ECD13C7
3EBD80C8
3EAD800F
3E9D112E
3E8C33F9
3E75D10C
3E525E65
3E2E114F
3E08EBB5
3DC5E03D
3D7086D2
3CA42202
BC9F1EA3
BD744604
BDCDFE47
BE11A684
BE3D00E0
BE6906EF
BE8AD877
BEA17B56
BEB867CE
BECF996C
BEE70B9D
BEFEB9B2
BF0B4F76
BF175B40
BF237DD0
BF2FB4C3
BF3BFDB9
BF48565F
BF54BC6C
BF612DAA
BF6DA7F1
BF7A2931
BF8357B8
BF899C65
BF8FE1BC
BF9626E6
BF9C6B19
BFA2AD9A
BFA8EDBB
BFAF2ADC
BFB5646C
BFBB99E5
BFC1CAD1
BFC7F6C3
BFCE1D5D
BFD43E4D
BFDA594A
BFE06E17
BFE67C80
BFEC845B
BFF28586
BFF87FE7
BFFE736D
C0023006
C00522E0
C0081244
C00AFE35
C00DE6B9
C010CBD6
C013AD96
C0168C05
C019672D
C01C3F1D
C01F13E3
C021E58E
C024B430
C0277FD9
C02A489A
C02D0E86
C02FD1AE
C0329225
C0354FFD
C0380B49
C03AC41B
C03D7A86
C0402E9C
C042E06F
C0459012
C0483D95
C04AE909
C04D9281
C0503A0D
C052DFBD
C05583A0
C05825C8
C05AC642
C05D651E
C060026A
C0629E33
C0653889
C067D178
C06A690C
C06CFF53
C06F9458
C0722826
C074BACA
C0774C4F
C079DCBD
C07C6C21
C07EFA84
C080C3F7
C0820A36
C0835001
C084955E
C085DA51
C0871EDD
C0886306
C089A6D1
C08AEA40
C08C2D58
C08D701B
C08EB28D
C08FF4B0
C0913688
C0927818
C093B962
C094FA68
C0963B2F
C0977BB7
C098BC03
C099FC16
C09B3BF2
C09C7B99
C09DBB0C
C09EFA4E
C0A03961
C0A17846
C0A2B700
C0A3F58F
C0A533F6
C0A67235
C0A7B04F
C0A8EE45
C0AA2C19
C0AB69CB
C0ACA75C
C0ADE4CF
C0AF2224
C0B05F5D
C0B19C7A
C0B2D97C
C0B41665
C0B55336
C0B68FEF
C0B7CC91
C0B9091D
C0BA4595
C0BB81F8
C0BCBE48
C0BDFA85
C0BF36B0
C0C072CA
C0C1AED3
C0C2EACC
C0C426B6
C0C56290
C0C69E5D
C0C7DA1C
C0C915CE
C0CA5173
C0CB8D0B
C0CCC898
C0CE041A
C0CF3F91
C0D07AFD
C0D1B65F
C0D2F1B8
C0D42D07
C0D5684D
C0D6A38A
C0D7DEC0
C0D919ED
C0DA5512
C0DB9031
C0DCCB48
3F983A12
3F97C93E
3F975452
3F96DB28
3F965D9A
3F95DB7F
3F9554AD
3F94C8F9
3F943835
3F93A234
3F9306C5
3F9265B6
3F91BED2
3F9111E6
3F905EB8
3F8FA50F
3F8EE4B0
3F8E1D5E
3F8D4ED7
3F8C78DA
3F8B9B22
3F8AB569
3F89C765
3F88D0CB
3F87D14B
3F86C894
3F85B654
3F849A33
3F8373D7
3F8242E4
3F8106FC
3F7F7F74
3F7CD976
3F7A1B2A
3F7743BA
3F745249
3F7145F3
3F6E1DCE
3F6AD8EB
3F677654
3F63F50E
3F605417
3F5C9269
3F58AEF9
3F54A8B7
3F507E8E
3F4C2F66
3F47BA24
3F431DAA
3F3E58DB
3F396A95
3F3451B9
3F2F0D2A
3F299BCC
3F23FC88
3F1E2E4B
3F18300C
3F1200C8
3F0B9F88
3F050B61
3EFC86F0
3EEE8E01
3EE02A87
3ED15B3A
3EC21F04
3EB27501
3EA25C87
3E91D525
3E80DEAF
3E5EF276
3E3B4A4D
3E16C636
3DE2D042
3D966533
3D10A33F
BB6C5ADF
BD315E90
BDAB898D
BDFFE647
BE2ADC75
BE5679E7
BE816210
BE97D9A5
BEAE9F90
BEC5AF7D
BEDD04F0
BEF49B49
BF0636E7
BF123BD8
BF1E5A0C
BF2A8F16
BF36D88B
BF433405
BF4F9F2B
BF5C17AD
BF689B4D
BF7527DF
BF80DDA6
BF8729C9
BF8D7766
BF93C595
BF9A137C
BFA06051
BFA6AB54
BFACF3D7
BFB33938
BFB97AE3
BFBFB852
BFC5F10C
BFCC24A5
BFD252BC
BFD87AFF
BFDE9D24
BFE4B8EE
BFEACE28
BFF0DCA8
BFF6E44C
BFFCE4FB
C0016F51
C004689B
C0075E59
C00A508C
C00D3F37
C0102A60
C013120D
C015F648
C018D71E
C01BB499
C01E8EC9
C02165BC
C0243982
C0270A2C
C029D7CB
C02CA272
C02F6A32
C0322F1E
C034F149
C037B0C5
C03A6DA7
C03D2800
C03FDFE4
C0429565
C0454896
C047F98A
C04AA851
C04D54FF
C04FFFA3
C052A851
C0554F17
C057F408
C05A9731
C05D38A4
C05FD86F
C06276A1
C0651348
C067AE73
C06A482E
C06CE088
C06F778C
C0720D47
C074A1C5
C0773512
C079C738
C07C5843
C07EE83D
C080BB98
C0820293
C0834914
C0848F1F
C085D4BA
C08719E8
C0885EAD
C089A30D
C08AE70D
C08C2AAF
C08D6DF7
C08EB0E9
C08FF388
C09135D6
C09277D8
C093B990
C094FB00
C0963C2C
C0977D16
C098BDC0
C099FE2E
C09B3E60
C09C7E5B
C09DBE1E
C09EFDAE
C0A03D0B
C0A17C38
C0A2BB36
C0A3FA08
C0A538AE
C0A6772B
C0A7B580
C0A8F3AF
C0AA31B9
C0AB6FA0
C0ACAD64
C0ADEB07
C0AF288B
C0B065F0
C0B1A339
C0B2E065
C0B41D76
C0B55A6D
C0B6974B
C0B7D411
C0B910BF
C0BA4D58
C0BB89DB
C0BCC649
C0BE02A3
C0BF3EEB
C0C07B1F
C0C1B743
C0C2F355
C0C42F57
C0C56B49
C0C6A72C
C0C7E300
C0C91EC7
C0CA5A80
C0CB962C
C0CCD1CB
C0CE0D5E
C0CF48E6
C0D08463
C0D1BFD5
C0D2FB3D
C0D4369B
C0D571EF
C0D6AD3A
C0D7E87C
C0D923B6
C0DA5EE8
C0DB9A11
C0DCD534
C0DE104E
3F95F49C
3F95835A
3F950DFC
3F94945B
3F941650
3F9393B3
3F930C59
3F928016
3F91EEBE
3F915821
3F90BC10
3F901A56
3F8F72C2
3F8EC51C
3F8E112C
3F8D56B9
3F8C9587
3F8BCD57
3F8AFDEA
3F8A26FC
3F894849
3F886189
3F877273
3F867ABA
3F857A10
3F847021
3F835C9C
3F823F27
3F811768
3F7FCA08
3F7D4F33
3F7ABD8B
3F781445
3F75528D
3F72778C
3F6F8263
3F6C722B
3F6945FC
3F65FCE1
3F6295E6
3F5F100B
3F5B6A4F
3F57A3A9
3F53BB0B
3F4FAF64
3F4B7F9E
3F472A9D
3F42AF46
3F3E0C78
3F394112
3F344BF2
3F2F2BF6
3F29DFFF
3F2466EF
3F1EBFAC
3F18E922
3F12E244
3F0CAA0E
3F063F87
3EFF4383
3EF19FC1
3EE3922E
3ED51954
3EC633EC
3EB6E0DB
3EA71F3C
3E96EE61
3E864DDA
3E6A7AF0
3E477AA3
3E239B88
3DFDBDEB
3DB28DBA
3D4B573F
3C38F040
BCE44D67
BD8ADF8B
BDDE3C4D
BE198F14
BE44BC38
BE709EB0
BE8E9787
BEA532B4
BEBC1CB3
BED35125
BEEACB81
BF01438D
BF0D3F95
BF19576B
BF25889C
BF31D0B5
BF3E2D42
BF4A9BD9
BF571A17
BF63A5A7
BF703C43
BF7CDBBA
BF84C0F7
BF8B166C
BF916D45
BF97C499
BF9E1B8B
BFA4714D
BFAAC51F
BFB1164F
BFB7643A
BFBDAE49
BFC3F3F6
BFCA34C6
BFD0704C
BFD6A626
BFDCD600
BFE2FF91
BFE92299
BFEF3EE5
BFF5544A
BFFB62A5
C000B4EF
C003B4F0
C006B151
C009AA11
C00C9F2E
C00F90AE
C0127E94
C01568EB
C0184FBA
C01B330E
C01E12F4
C020EF7B
C023C8B0
C0269EA6
C029716C
C02C4116
C02F0DB4
C031D75B
C0349E1D
C037620D
C03A233F
C03CE1C6
C03F9DB6
C0425721
C0450E1C
C047C2B9
C04A750A
C04D2523
C04FD316
C0527EF4
C05528CE
C057D0B7
C05A76BE
C05D1AF5
C05FBD6A
C0625E2E
C064FD4F
C0679ADD
C06A36E5
C06CD175
C06F6A9C
C0720265
C07498DE
C0772E12
C079C20E
C07C54DD
C07EE68A
C080BB90
C0820355
C0834A97
C084915E
C085D7AC
C0871D87
C08862F2
C089A7F2
C08AEC8C
C08C30C2
C08D7499
C08EB814
C08FFB36
C0913E04
C0928080
C093C2AD
C095048E
C0964627
C0978779
C098C888
C09A0956
C09B49E6
C09C8A39
C09DCA53
C09F0A35
C0A049E2
C0A1895C
C0A2C8A4
C0A407BC
C0A546A6
C0A68565
C0A7C3F9
C0A90265
C0AA40A9
C0AB7EC7
C0ACBCC2
C0ADFA99
C0AF384F
C0B075E4
C0B1B35B
C0B2F0B3
C0B42DEF
C0B56B0F
C0B6A815
C0B7E500
C0B921D4
C0BA5E8F
C0BB9B34
C0BCD7C3
C0BE143D
C0BF50A2
C0C08CF4
C0C1C934
C0C30561
C0C4417C
C0C57D87
C0C6B982
C0C7F56E
C0C9314A
C0CA6D19
C0CBA8D9
C0CCE48C
C0CE2032
C0CF5BCD
C0D0975B
C0D1D2DE
C0D30E56
C0D449C3
C0D58527
C0D6C080
C0D7FBD0
C0D93718
C0DA7256
C0DBAD8C
C0DCE8BA
C0DE23E1
C0DF5F00
3F93A036
3F932E84
3F92B8B0
3F923E94
3F91C009
3F913CE5
3F90B4FE
3F902829
3F8F9637
3F8EFEFA
3F8E6241
3F8DBFD9
3F8D178D
3F8C6928
3F8BB471
3F8AF92E
3F8A3722
3F896E0F
3F889DB5
3F87C5CF
3F86E61A
3F85FE4C
3F850E1D
3F84153E
3F831361
3F820832
3F80F35E
3F7FA919
3F7D56C6
3F7AEF06
3F787119
3F75DC38
3F732F94
3F706A5A
3F6D8BB1
3F6A92B7
3F677E85
3F644E30
3F6100C4
3F5D9547
3F5A0ABC
3F56601C
3F52945E
3F4EA672
3F4A9545
3F465FBE
3F4204C0
3F3D832D
3F38D9E2
3F3407BD
3F2F0B98
3F29E451
3F2490C3
3F1F0FD1
3F19605C
3F138150
3F0D719E
3F07303E
3F00BC35
3EF4292A
3EE670FA
3ED84E3E
3EC9BF7D
3EBAC36B
3EAB58EC
3E9B7F17
3E8B353D
3E74F5D8
3E529FE7
3E2F68D3
3E0B5159
3DCCB59D
3D810E54
3CCEC80F
BC5AC6E8
BD581515
BDBE59F7
BE091E66
BE33D3BB
BE5F4698
BE85B803
BE9C2444
BEB2E410
BEC9F32F
BEE14D37
BEF8ED92
BF0867C4
BF147723
BF20A270
BF2CE733
BF3942F0
BF45B32E
BF52357B
BF5EC76C
BF6B66A6
BF7810DD
BF8261EB
BF88BEB8
BF8F1DCD
BF957E32
BF9BDEF9
BFA23F44
BFA89E41
BFAEFB2F
BFB55559
BFBBAC1A
BFC1FEDA
BFC84D10
BFCE9640
BFD4D9FB
BFDB17DF
BFE14F97
BFE780D8
BFEDAB64
BFF3CF04
BFF9EB8E
C0000070
C0030770
C0060ABE
C0090A55
C00C0632
C00EFE57
C011F2C6
C014E386
C017D0A0
C01ABA1C
C01DA008
C0208270
C0236164
C0263CF3
C029152D
C02BEA26
C02EBBEE
C0318A98
C0345639
C0371EE3
C039E4AA
C03CA7A3
C03F67E0
C0422576
C044E079
C04798FC
C04A4F13
C04D02D1
C04FB449
C052638E
C05510B1
C057BBC5
C05A64DB
C05D0C05
C05FB152
C06254D5
C064F69B
C06796B5
C06A3532
C06CD221
C06F6D8F
C072078B
C074A021
C077375F
C079CD51
C07C6203
C07EF582
C080C3EC
C0820C88
C083549A
C0849C28
C085E336
C08729CA
C0886FE7
C089B593
C08AFAD1
C08C3FA6
C08D8415
C08EC822
C0900BD2
C0914F27
C0929226
C093D4D0
C095172A
C0965937
C0979AF9
C098DC73
C09A1DA9
C09B5E9C
C09C9F4F
C09DDFC5
C09F2000
C0A06002
C0A19FCD
C0A2DF64
C0A41EC8
C0A55DFB
C0A69D00
C0A7DBD7
C0A91A84
C0AA5906
C0AB9761
C0ACD595
C0AE13A4
C0AF518F
C0B08F58
C0B1CCFF
C0B30A88
C0B447F1
C0B5853D
C0B6C26D
C0B7FF82
C0B93C7C
C0BA795D
C0BBB626
C0BCF2D8
C0BE2F73
C0BF6BF9
C0C0A86A
C0C1E4C7
C0C32111
C0C45D48
C0C5996E
C0C6D583
C0C81187
C0C94D7B
C0CA8960
C0CBC536
C0CD00FE
C0CE3CB9
C0CF7867
C0D0B408
C0D1EF9D
C0D32B26
C0D466A4
C0D5A218
C0D6DD81
C0D818E0
C0D95435
C0DA8F82
C0DBCAC5
C0DD0600
C0DE4133
C0DF7C5E
C0E0B781
3F913CC7
3F90CAA1
3F905454
3F8FD9B9
3F8F5AA9
3F8ED6FA
3F8E4E83
3F8DC116
3F8D2E86
3F8C96A4
3F8BF93F
3F8B5622
3F8AAD1B
3F89FDF1
3F89486D
3F888C54
3F87C969
3F86FF6D
3F862E1E
3F85553B
3F84747C
3F838B9A
3F829A49
3F81A03C
3F809D24
3F7F215B
3F7CF506
3F7AB498
3F785F5A
3F75F491
3F737378
3F70DB49
3F6E2B33
3F6B6261
3F687FF8
3F658315
3F626AD1
3F5F363D
3F5BE464
3F58744B
3F54E4F2
3F513551
3F4D645C
3F497102
3F455A2D
3F411EC2
3F3CBDA3
3F3835AF
3F3385C1
3F2EACB3
3F29A960
3F247A9F
3F1F1F4E
3F199649
3F13DE73
3F0DF6B2
3F07DDF4
3F019333
3EF62ADD
3EE8C76D
3EDAFA53
3ECCC1EC
3EBE1CBC
3EAF0974
3E9F86F5
3E8F9452
3E7E61B6
3E5CB837
3E3A2BC5
3E16BC8A
3DE4D684
3D9A728D
3D1CA23B
396ED8A2
BD1E2806
BDA0495D
BDF31F80
BE23C600
BE4EC197
BE7A7C13
BE937737
BEAA088A
BEC0EDFC
BED82348
BEEFA3F9
BF03B5B7
BF0FBA70
BF1BDDB6
BF281D10
BF3475FB
BF40E5F6
BF4D6A80
BF5A011E
BF66A760
BF735AE3
BF800CAA
BF867038
BF8CD708
BF93400E
BF99AA4F
BFA014DA
BFA67ECE
BFACE757
BFB34DB0
BFB9B123
BFC01109
BFC66CC6
BFCCC3D2
BFD315AD
BFD961E8
BFDFA820
BFE5E7FF
BFEC2138
BFF2538C
BFF87EC5
BFFEA2B9
C0025FA2
C0056A26
C00870E0
C00B73CB
C00E72E4
C0116E2C
C01465A8
C017595E
C01A4955
C01D359A
C0201E37
C023033A
C025E4B3
C028C2B3
C02B9D49
C02E7489
C0314885
C0341950
C036E6FE
C039B1A4
C03C7955
C03F3E25
C042002A
C044BF78
C0477C22
C04A363E
C04CEDDE
C04FA317
C05255FB
C055069F
C057B515
C05A616F
C05D0BBE
C05FB416
C0625A86
C064FF20
C067A1F3
C06A4310
C06CE286
C06F8064
C0721CB9
C074B792
C07750FE
C079E909
C07C7FC0
C07F1530
C080D4B2
C0821E35
C0836725
C084AF89
C085F765
C0873EBE
C088859A
C089CBFC
C08B11EB
C08C5769
C08D9C7B
C08EE125
C090256C
C0916952
C092ACDC
C093F00D
C09532E9
C0967572
C097B7AB
C098F999
C09A3B3D
C09B7C9A
C09CBDB4
C09DFE8C
C09F3F25
C0A07F82
C0A1BFA5
C0A2FF90
C0A43F45
C0A57EC7
C0A6BE16
C0A7FD36
C0A93C28
C0AA7AED
C0ABB988
C0ACF7F9
C0AE3644
C0AF7468
C0B0B268
C0B1F044
C0B32DFF
C0B46B9A
C0B5A915
C0B6E672
C0B823B2
C0B960D6
C0BA9DE0
C0BBDAD0
C0BD17A7
C0BE5466
C0BF910E
C0C0CDA0
C0C20A1D
C0C34686
C0C482DB
C0C5BF1D
C0C6FB4D
C0C8376B
C0C97378
C0CAAF76
C0CBEB64
C0CD2742
C0CE6313
C0CF9ED5
C0D0DA8A
C0D21633
C0D351CF
C0D48D5F
C0D5C8E3
C0D7045D
C0D83FCC
C0D97B31
C0DAB68C
C0DBF1DE
C0DD2D26
C0DE6866
C0DFA39D
C0E0DECD
C0E219F4
3F8ECA39
3F8E579B
3F8DE0D0
3F8D65B2
3F8CE61A
3F8C61DD
3F8BD8D0
3F8B4AC8
3F8AB796
3F8A1F0A
3F8980F3
3F88DD1E
3F883355
3F878362
3F86CD0B
3F861016
3F854C46
3F84815A
3F83AF12
3F82D52A
3F81F35B
3F81095C
3F8016E3
3F7E3743
3F7C2E8D
3F7A12FF
3F77E3EC
3F75A0A1
3F734868
3F70DA82
3F6E562B
3F6BBA99
3F6906FB
3F663A7C
3F63543D
3F60535B
3F5D36EC
3F59FE00
3F56A7A0
3F5332D0
3F4F9E8C
3F4BE9CC
3F481382
3F441A9A
3F3FFDFC
3F3BBC8C
3F375528
3F32C6AE
3F2E0FF6
3F292FD8
3F24252B
3F1EEEC8
3F198B85
3F13FA40
3F0E39D6
3F08492D
3F022730
3EF7A5AB
3EEA9639
3EDD1E24
3ECF3BA3
3EC0ED10
3EB230EB
3EA305E2
3E936AD1
3E835ECA
3E65C233
3E43E294
3E211E4F
3DFAEB1D
3DB1D21E
3D4DE8A5
3C52AD87
BCD01221
BD8413C9
BDD5D02E
BE149842
BE3F1523
BE6A58D5
BE8B2E6C
BEA18D0A
BEB84472
BECF5091
BEE6AD19
BEFE5589
BF0B2299
BF173BA0
BF237362
BF2FC75E
BF3C350A
BF48B9DD
BF55534F
BF61FEDD
BF6EBA11
BF7B827E
BF842AE5
BF8A98D7
BF9109FB
BF977D45
BF9DF1B4
BFA46655
BFAADA44
BFB14CAA
BFB7BCC0
BFBE29CD
BFC49327
BFCAF832
BFD15861
BFD7B336
BFDE083E
BFE45716
BFEA9F65
BFF0E0DF
BFF71B44
BFFD4E5D
C001BCFF
C004CF03
C007DD2D
C00AE774
C00DEDD2
C010F046
C013EED1
C016E977
C019E03F
C01CD331
C01FC257
C022ADC0
C0259578
C0287990
C02B5A18
C02E3722
C03110C0
C033E705
C036BA06
C03989D7
C03C568C
C03F203A
C041E6F6
C044AAD4
C0476BEA
C04A2A4D
C04CE610
C04F9F49
C052560C
C0550A6C
C057BC7E
C05A6C53
C05D19FF
C05FC595
C0626F27
C06516C5
C067BC81
C06A606D
C06D0297
C06FA310
C07241E7
C074DF2B
C0777AEB
C07A1534
C07CAE15
C07F4599
C080EDE7
C0823860
C083823E
C084CB86
C086143E
C0875C6B
C088A412
C089EB39
C08B31E4
C08C7817
C08DBDD8
C08F032A
C0904812
C0918C94
C092D0B4
C0941474
C09557DA
C0969AE8
C097DDA1
C099200A
C09A6224
C09BA3F4
C09CE57B
C09E26BC
C09F67BB
C0A0A87A
C0A1E8FA
C0A3293F
C0A4694B
C0A5A920
C0A6E8C0
C0A8282D
C0A96768
C0AAA675
C0ABE554
C0AD2408
C0AE6292
C0AFA0F3
C0B0DF2E
C0B21D43
C0B35B34
C0B49903
C0B5D6B1
C0B7143E
C0B851AD
C0B98EFE
C0BACC32
C0BC094C
C0BD464B
C0BE8330
C0BFBFFD
C0C0FCB3
C0C23952
C0C375DC
C0C4B250
C0C5EEB1
C0C72AFE
C0C86738
C0C9A361
C0CADF78
C0CC1B7F
C0CD5776
C0CE935D
C0CFCF36
C0D10B01
C0D246BE
C0D3826E
C0D4BE11
C0D5F9A8
C0D73533
C0D870B3
C0D9AC29
C0DAE793
C0DC22F4
C0DD5E4B
C0DE9999
C0DFD4DE
C0E1101A
C0E24B4F
C0E3867B
3F8C487A
3F8BD560
3F8B5E15
3F8AE271
3F8A624C
3F89DD7C
3F8953D6
3F88C52E
3F883155
3F87981B
3F86F94E
3F8654BB
3F85AA2C
3F84F96A
3F84423B
3F838465
3F82BFA9
3F81F3C8
3F812080
3F80458D
3F7EC54D
3F7CEF0B
3F7B07BA
3F790EBE
3F770374
3F74E535
3F72B353
3F706D1B
3F6E11D4
3F6BA0BF
3F691916
3F667A0E
3F63C2D5
3F60F292
3F5E0867
3F5B036F
3F57E2BE
3F54A561
3F514A61
3F4DD0BE
3F4A3774
3F467D79
3F42A1BC
3F3EA327
3F3A80A1
3F363909
3F31CB3E
3F2D3619
3F287871
3F23911C
3F1E7EEE
3F1940BC
3F13D55D
3F0E3BA8
3F08727B
3F0278B8
3EF89A92
3EEBDE3F
3EDEBA73
3ED12D42
3EC334E0
3EB4CFA2
3EA5FC05
3E96B8B1
3E870480
3E6DBD01
3E4C8BF8
3E2A74F5
3E077791
3DC727E1
3D7B2B45
3CC8EC65
BC571E02
BD538345
BDBA57F2
BE064F5F
BE30465E
BE5B0BAA
BE834CA9
BE997461
BEAFF96A
BEC6D7E8
BEDE0BBE
BEF59092
BF06B0EB
BF12BD68
BF1EEB4F
BF2B3821
BF37A156
BF44245C
BF50BEA4
BF5D6D9C
BF6A2EBB
BF76FF81
BF81EEBE
BF886325
BF8EDBCC
BF955799
BF9BD57A
BFA2546B
BFA8D376
BFAF51B4
BFB5CE4B
BFBC4870
BFC2BF69
BFC93289
BFCFA133
BFD60AD7
BFDC6EF5
BFE2CD19
BFE924DD
BFEF75EA
BFF5BFF0
BFFC02B0
C0011EF9
C00438C5
C0074EAA
C00A609C
C00D6E91
C0107884
C0137E73
C0168060
C0197E4F
C01C7846
C01F6E4F
C0226074
C0254EC4
C028394B
C02B201B
C02E0345
C030E2DA
C033BEEE
C0369794
C0396CE1
C03C3EEA
C03F0DC3
C041D982
C044A23C
C0476806
C04A2AF7
C04CEB23
C04FA8A0
C0526382
C0551BDE
C057D1C9
C05A8556
C05D3699
C05FE5A6
C062928F
C0653D67
C067E63F
C06A8D2A
C06D3238
C06FD57A
C0727701
C07516DB
C077B518
C07A51C8
C07CECF8
C07F86B6
C0810F88
C0825B09
C083A5E5
C084F021
C08639C5
C08782D4
C088CB55
C08A134E
C08B5AC2
C08CA1B8
C08DE834
C08F2E3A
C09073CF
C091B8F7
C092FDB6
C0944211
C095860B
C096C9A7
C0980CEA
C0994FD6
C09A926F
C09BD4B8
C09D16B5
C09E5867
C09F99D2
C0A0DAF9
C0A21BDE
C0A35C83
C0A49CEC
C0A5DD1A
C0A71D10
C0A85CCF
C0A99C5B
C0AADBB4
C0AC1ADD
C0AD59D7
C0AE98A5
C0AFD748
C0B115C1
C0B25413
C0B3923E
C0B4D045
C0B60E28
C0B74BE9
C0B8898A
C0B9C70B
C0BB046E
C0BC41B3
C0BD7EDD
C0BEBBEC
C0BFF8E0
C0C135BC
C0C27280
C0C3AF2C
C0C4EBC2
C0C62843
C0C764B0
C0C8A108
C0C9DD4E
C0CB1981
C0CC55A3
C0CD91B4
C0CECDB4
C0D009A5
C0D14586
C0D28159
C0D3BD1E
C0D4F8D6
C0D63481
C0D7701F
C0D8ABB1
C0D9E738
C0DB22B4
C0DC5E25
C0DD998C
C0DED4E8
C0E0103C
C0E14B86
C0E286C8
C0E3C201
C0E4FD31
3F89B77F
3F8943E7
3F88CC17
3F884FE9
3F87CF33
3F8749CD
3F86BF8A
3F86303E
3F859BBA
3F8501CD
3F846245
3F83BCF0
3F831196
3F826000
3F81A7F4
3F80E937
3F80238A
3F7EAD5C
3F7D04BF
3F7B4CB5
3F7984AF
3F77AC1A
3F75C25C
3F73C6D8
3F71B8EB
3F6F97EB
3F6D632B
3F6B19F5
3F68BB90
3F66473A
3F63BC2D
3F61199C
3F5E5EB3
3F5B8A99
3F589C6C
3F559347
3F526E3C
3F4F2C57
3F4BCC9D
3F484E0F
3F44AFA4
3F40F052
3F3D0F04
3F390AA5
3F34E216
3F309437
3F2C1FE2
3F2783EF
3F22BF33
3F1DD080
3F18B6A9
3F13707F
3F0DFCD7
3F085A87
3F028868
3EF90AB4
3EECA08A
3EDFD02F
3ED2979B
3EC4F4DD
3EB6E623
3EA869BD
3E997E26
3E8A2200
3E74A844
3E54272F
3E32BF4E
3E106FAD
3DDA6FC0
3D923014
3D10439E
BAEE1662
BD22B4D0
BDA0BF0E
BDF1DFA3
BE225A14
BE4C99A0
BE77A91F
BE91C148
BEA80FAA
BEBEBC19
BED5C2AE
BEED1F43
BF0266B9
BF0E6451
BF1A8605
BF26C95E
BF332BD5
BF3FAADB
BF4C43D7
BF58F42F
BF65B94E
BF72909F
BF7F779D
BF8635E5
BF8CB560
BF933912
BF99BFDB
BFA048A8
BFA6D270
BFAD5C3B
BFB3E51C
BFBA6C39
BFC0F0C3
BFC771FC
BFCDEF37
BFD467D2
BFDADB3D
BFE148F6
BFE7B086
BFEE1188
BFF46BA0
BFFABE81
C00084F4
C003A6CF
C006C4BB
C009DEA5
C00CF482
C0100648
C01313F1
C0161D7D
C01922EC
C01C2442
C01F2188
C0221AC6
C0251007
C028015A
C02AEECD
C02DD870
C030BE55
C033A08F
C0367F31
C0395A50
C03C31FF
C03F0656
C041D768
C044A54D
C0477019
C04A37E4
C04CFCC2
C04FBEC9
C0527E11
C0553AAD
C057F4B2
C05AAC37
C05D614F
C060140F
C062C48A
C06572D4
C0681EFF
C06AC91E
C06D7143
C0701780
C072BBE5
C0755E83
C077FF6B
C07A9EAC
C07D3C55
C07FD874
C081398C
C0828628
C083D214
C0851D56
C08667F6
C087B1F8
C088FB62
C08A443B
C08B8C88
C08CD44E
C08E1B92
C08F6258
C090A8A6
C091EE81
C09333EB
C09478EB
C095BD83
C09701B8
C098458D
C0998907
C09ACC27
C09C0EF3
C09D516D
C09E9398
C09FD578
C0A1170E
C0A2585F
C0A3996C
C0A4DA38
C0A61AC5
C0A75B17
C0A89B2F
C0A9DB0F
C0AB1ABA
C0AC5A32
C0AD9978
C0AED88E
C0B01777
C0B15634
C0B294C6
C0B3D330
C0B51173
C0B64F90
C0B78D88
C0B8CB5E
C0BA0913
C0BB46A7
C0BC841C
C0BDC173
C0BEFEAE
C0C03BCC
C0C178D1
C0C2B5BC
C0C3F28E
C0C52F48
C0C66BEC
C0C7A87A
C0C8E4F3
C0CA2157
C0CB5DA8
C0CC99E7
C0CDD613
C0CF122E
C0D04E38
C0D18A32
C0D2C61D
C0D401F9
C0D53DC6
C0D67986
C0D7B539
C0D8F0DF
C0DA2C78
C0DB6806
C0DCA388
C0DDDF00
C0DF1A6D
C0E055D0
C0E19129
C0E2CC78
C0E407BF
C0E542FD
C0E67E33
3F871742
3F86A328
3F862AD1
3F85AE15
3F852CCB
3F84A6CB
3F841BE7
3F838BF3
3F82F6BF
3F825C1B
3F81BBD5
3F8115B8
3F80698E
3F7F6E3E
3F7DFC62
3F7C7D0F
3F7AEFC9
3F79540F
3F77A95B
3F75EF22
3F7424D5
3F7249DF
3F705DA7
3F6E5F8D
3F6C4EEF
3F6A2B20
3F67F372
3F65A72E
3F634599
3F60CDF1
3F5E3F6E
3F5B9941
3F58DA95
3F56028F
3F53104D
3F5002E5
3F4CD96A
3F4992E5
3F462E5A
3F42AAC6
3F3F0721
3F3B425C
3F375B62
3F33511A
3F2F2264
3F2ACE1E
3F26531E
3F21B03B
3F1CE447
3F17EE11
3F12CC6A
3F0D7E20
3F080206
3F0256EE
3EF8F75F
3EECDE4F
3EE06076
3ED37BAD
3EC62DE5
3EB87529
3EAA4FA2
3E9BBB9C
3E8CB78B
3E7A8420
3E5AB3F8
3E39FCAF
3E185CCC
3DEBA6AB
3DA4BFB8
3D380A03
3C0BBFDF
BCEB928B
BD890CD9
BDD8FB50
BE1554AC
BE3F0770
BE69913D
BE8A7659
BEA089E0
BEB6FFDD
BECDD4A9
BEE50457
BEFC8AB2
BF0A31A6
BF1644BF
BF227C38
BF2ED595
BF3B4E47
BF47E3B6
BF549342
BF615A4B
BF6E3630
BF7B2458
BF841119
BF8A969D
BF912180
BF97B091
BF9E42AD
BFA4D6BC
BFAB6BB2
BFB20092
BFB8946E
BFBF2667
BFC5B5AC
BFCC417C
BFD2C927
BFD94C09
BFDFC990
BFE64136
BFECB286
BFF31D16
BFF9808B
BFFFDC96
C0031879
C0063EB4
C00960E6
C00C7EFB
C00F98E8
C012AEA2
C015C025
C018CD6E
C01BD681
C01EDB60
C021DC14
C024D8A5
C027D121
C02AC594
C02DB60E
C030A2A0
C0338B5C
C0367055
C039519E
C03C2F4E
C03F0978
C041E033
C044B396
C04783B5
C04A50A9
C04D1A87
C04FE166
C052A55C
C0556680
C05824E7
C05AE0A7
C05D99D7
C0605089
C06304D5
C065B6CC
C0686685
C06B1411
C06DBF84
C07068F0
C0731067
C075B5FB
C07859BD
C07AFBBD
C07D9C0B
C0801D5B
C0816BE8
C082B9B2
C08406C1
C085531C
C0869EC9
C087E9CF
C0893434
C08A7DFD
C08BC731
C08D0FD6
C08E57F0
C08F9F85
C090E699
C0922D32
C0937355
C094B905
C095FE47
C097431F
C0988792
C099CBA2
C09B0F54
C09C52AC
C09D95AC
C09ED859
C0A01AB5
C0A15CC3
C0A29E86
C0A3E002
C0A52139
C0A6622D
C0A7A2E1
C0A8E357
C0AA2393
C0AB6395
C0ACA361
C0ADE2F8
C0AF225D
C0B06191
C0B1A096
C0B2DF6D
C0B41E1A
C0B55C9D
C0B69AF7
C0B7D92C
C0B9173B
C0BA5526
C0BB92EF
C0BCD097
C0BE0E1F
C0BF4B88
C0C088D4
C0C1C604
C0C30319
C0C44013
C0C57CF5
C0C6B9BE
C0C7F670
C0C9330B
C0CA6F91
C0CBAC02
C0CCE85F
C0CE24A8
C0CF60E0
C0D09D05
C0D1D91A
C0D3151E
C0D45112
C0D58CF7
C0D6C8CD
C0D80496
C0D94050
C0DA7BFE
C0DBB79F
C0DCF334
C0DE2EBD
C0DF6A3B
C0E0A5AF
C0E1E118
C0E31C77
C0E457CC
C0E59319
C0E6CE5C
C0E80997
3F8467C4
3F83F325
3F837A42
3F82FCF5
3F827B14
3F81F476
3F8168ED
3F80D84D
3F804266
3F7F4E0D
3F7E0BFA
3F7CBE29
3F7B642C
3F79FD93
3F7889E8
3F7708B3
3F757976
3F73DBB0
3F722ED8
3F707264
3F6EA5C4
3F6CC861
3F6AD9A2
3F68D8E6
3F66C587
3F649EDB
3F62642F
3F6014CE
3F5DAFFA
3F5B34EF
3F58A2E5
3F55F90A
3F533688
3F505A83
3F4D6417
3F4A5258
3F472457
3F43D91C
3F406FA8
3F3CE6F7
3F393DFE
3F3573AC
3F3186EB
3F2D769E
3F2941A4
3F24E6D7
3F20650D
3F1BBB19
3F16E7CA
3F11E9ED
3F0CC050
3F0769C0
3F01E50B
3EF86201
3EEC98ED
3EE06C8D
3ED3DAA5
3EC6E109
3EB97DA6
3EABAE7F
3E9D71BA
3E8EC59D
3E7F512F
3E60328C
3E402CEC
3E1F3E57
3DFACA9E
3DB541A9
3D5BC1CD
3C92A24A
BC999782
BD668F7B
BDC1F900
BE093A25
BE325972
BE5C5656
BE83960A
BE996A9D
BEAFA5DA
BEC64460
BEDD4280
BEF49C44
BF0626B6
BF1228BF
BF1E51E3
BF2A9FB1
BF370FA3
BF439F25
BF504B96
BF5D124F
BF69F0A7
BF76E3F4
BF81F4CB
BF887F79
BF8F10BF
BF95A75F
BF9C4226
BFA2DFEC
BFA97F94
BFB0200F
BFB6C05D
BFBD5F8C
BFC3FCB9
BFCA9711
BFD12DD0
BFD7C042
BFDE4DC2
BFE4D5BA
BFEB57A5
BFF1D308
BFF8477B
BFFEB49F
C0028D12
C005BBE4
C008E6A7
C00C0D45
C00F2FAB
C0124DCD
C01567A0
C0187D20
C01B8E4B
C01E9B23
C021A3AD
C024A7F0
C027A7F5
C02AA3CA
C02D9B7C
C0308F1B
C0337EB8
C0366A66
C0395239
C03C3644
C03F169D
C041F35B
C044CC93
C047A25C
C04A74CD
C04D43FE
C0501004
C052D8F8
C0559EF0
C0586203
C05B2248
C05DDFD4
C0609ABF
C063531D
C0660903
C068BC87
C06B6DBC
C06E1CB7
C070C98C
C073744C
C0761D0A
C078C3D9
C07B68CA
C07E0BED
C08056AA
C081A687
C082F595
C08443DC
C0859163
C086DE31
C0882A4D
C08975BD
C08AC089
C08C0AB5
C08D5448
C08E9D48
C08FE5B9
C0912DA2
C0927508
C093BBEF
C095025C
C0964854
C0978DDC
C098D2F7
C09A17A9
C09B5BF7
C09C9FE5
C09DE375
C09F26AC
C0A0698E
C0A1AC1C
C0A2EE5B
C0A4304D
C0A571F6
C0A6B357
C0A7F475
C0A93551
C0AA75EE
C0ABB64F
C0ACF675
C0AE3663
C0AF761B
C0B0B59F
C0B1F4F1
C0B33413
C0B47307
C0B5B1CF
C0B6F06C
C0B82EE0
C0B96D2C
C0BAAB52
C0BBE953
C0BD2732
C0BE64EE
C0BFA28A
C0C0E007
C0C21D65
C0C35AA7
C0C497CC
C0C5D4D7
C0C711C8
C0C84EA0
C0C98B60
C0CAC80A
C0CC049D
C0CD411B
C0CE7D84
C0CFB9DA
C0D0F61D
C0D2324E
C0D36E6D
C0D4AA7B
C0D5E679
C0D72268
C0D85E47
C0D99A18
C0DAD5DB
C0DC1191
C0DD4D3A
C0DE88D6
C0DFC467
C0E0FFEC
C0E23B66
C0E376D5
C0E4B23B
C0E5ED96
C0E728E8
C0E86431
C0E99F71
3F81A90B
3F8133E3
3F80BA72
3F803C91
3F7F742A
3F7E65AA
3F7D4D48
3F7C2AA7
3F7AFD6B
3F79C52E
3F78818C
3F77321A
3F75D66C
3F746E0E
3F72F88C
3F71756B
3F6FE42C
3F6E444E
3F6C9549
3F6AD68F
3F69078F
3F6727B4
3F653661
3F6332F5
3F611CCA
3F5EF332
3F5CB57B
3F5A62ED
3F57FACA
3F557C4D
3F52E6AA
3F503910
3F4D72A7
3F4A9291
3F4797E7
3F4481BD
3F414F22
3F3DFF1A
3F3A90A7
3F3702C1
3F33545C
3F2F8465
3F2B91C2
3F277B55
3F233FFB
3F1EDE8A
3F1A55D7
3F15A4B2
3F10C9E6
3F0BC440
3F06928A
3F01338D
3EF74C2B
3EEBD1E2
3EDFF5E1
3ED3B5D9
3EC70F85
3EBA00B7
3EAC8753
3E9EA158
3E904CE7
3E818841
3E64A3A0
3E455057
3E25143B
3E03ED4B
3DC3B406
3D7B6575
3CD75703
BC1F1589
BD3EEA5B
BDACDF00
BDFC1C23
BE26939A
BE4FFCB6
BE7A4552
BE92B453
BEA8B09C
BEBF1470
BED5DC6A
BEED04D3
BF0244D4
BF0E3350
BF1A4B9B
BF268B54
BF32F004
BF3F771D
BF4C1E04
BF58E20F
BF65C091
BF72B6D6
BF7FC22E
BF866FF7
BF8D06BA
BF93A417
BF9A46CB
BFA0ED9E
BFA79765
BFAE42FE
BFB4EF57
BFBB9B6C
BFC24648
BFC8EF03
BFCF94C7
BFD636CE
BFDCD460
BFE36CD6
BFE9FF98
BFF08C1E
BFF711EC
BFFD9096
C00203DF
C0053B8A
C0086F27
C00B9E9B
C00EC9CD
C011F0AC
C0151329
C018313B
C01B4ADE
C01E600F
C02170D0
C0247D26
C027851A
C02A88B4
C02D8802
C0308312
C03379F4
C0366CBB
C0395B78
C03C4640
C03F2D28
C0421046
C044EFB0
C047CB7E
C04AA3C5
C04D789F
C0504A23
C0531867
C055E385
C058AB93
C05B70A9
C05E32DE
C060F249
C063AF00
C066691A
C06920AC
C06BD5CC
C06E888E
C0713906
C073E74A
C076936B
C0793D7E
C07BE594
C07E8BC0
C0809809
C081E94E
C08339B7
C084894C
C085D815
C0872619
C088735F
C089BFEE
C08B0BCE
C08C5704
C08DA197
C08EEB8C
C09034EB
C0917DB8
C092C5F8
C0940DB2
C09554EA
C0969BA6
C097E1E9
C09927B8
C09A6D18
C09BB20D
C09CF69B
C09E3AC6
C09F7E92
C0A0C202
C0A2051A
C0A347DD
C0A48A4E
C0A5CC71
C0A70E49
C0A84FD8
C0A99120
C0AAD226
C0AC12EB
C0AD5372
C0AE93BD
C0AFD3CF
C0B113A9
C0B2534E
C0B392C0
C0B4D200
C0B61112
C0B74FF5
C0B88EAD
C0B9CD3B
C0BB0BA0
C0BC49DE
C0BD87F7
C0BEC5EB
C0C003BD
C0C1416E
C0C27EFE
C0C3BC70
C0C4F9C4
C0C636FB
C0C77417
C0C8B118
C0C9EE00
C0CB2ACF
C0CC6787
C0CDA428
C0CEE0B3
C0D01D2A
C0D1598C
C0D295DB
C0D3D217
C0D50E41
C0D64A5A
C0D78662
C0D8C25B
C0D9FE44
C0DB3A1E
C0DC75EA
C0DDB1A8
C0DEED59
C0E028FD
C0E16495
C0E2A021
C0E3DBA2
C0E51719
C0E65284
C0E78DE6
C0E8C93E
C0EA048D
C0EB3FD2
3F7DB644
3F7CCADD
3F7BD6D9
3F7AD9E7
3F79D3B3
3F78C3E9
3F77AA2F
3F768628
3F755775
3F741DB3
3F72D87A
3F718760
3F7029F7
3F6EBFCC
3F6D4869
3F6BC352
3F6A3009
3F688E09
3F66DCCB
3F651BC1
3F634A57
3F6167F8
3F5F7405
3F5D6DDD
3F5B54D8
3F592847
3F56E777
3F5491AF
3F52262E
3F4FA42F
3F4D0AE4
3F4A597B
3F478F19
3F44AADF
3F41ABE6
3F3E913E
3F3B59F4
3F38050C
3F349185
3F30FE54
3F2D4A6C
3F2974B7
3F257C19
3F215F73
3F1D1D9D
3F18B56D
3F1425B4
3F0F6D3E
3F0A8AD7
3F057D47
3F004355
3EF5B78F
3EEA8AD0
3EDEFE03
3ED30EC5
3EC6BABE
3EB9FFA7
3EACDB49
3E9F4B83
3E914E51
3E82E1CB
3E68085A
3E4967BA
3E29DEDC
3E096B49
3DD015F2
3D8B78BE
3D09F9C2
BAD7A8EB
BD1B3343
BD99B2B0
BDE7A71D
BE1BB971
BE44884B
BE6E3CB6
BE8C694C
BEA2228F
BEB84764
BECED4B0
BEE5C706
BEFD1AA5
BF0A65C2
BF166AA6
BF2299B7
BF2EF08E
BF3B6CAB
BF480B7C
BF54CA5B
BF61A69A
BF6E9D7F
BF7BAC51
BF84682B
BF8B036D
BF91A699
BF985061
BF9EFF7F
BFA5B2B6
BFAC68D6
BFB320BA
BFB9D94B
BFC09181
BFC74863
BFCDFD07
BFD4AE92
BFDB5C3B
BFE20548
BFE8A90F
BFEF46F5
BFF5DE6E
BFFC6EFF
C0017C1D
C004BCDE
C007F99B
C00B322F
C00E667C
C011966C
C014C1EB
C017E8EC
C01B0B64
C01E294F
C02142AB
C024577A
C02767C1
C02A7388
C02D7AD9
C0307DC1
C0337C50
C0367695
C0396CA3
C03C5E8D
C03F4C67
C0423648
C0451C46
C047FE77
C04ADCF3
C04DB7D3
C0508F2D
C053631B
C05633B4
C0590112
C05BCB4B
C05E9278
C06156B1
C064180D
C066D6A3
C069928B
C06C4BD9
C06F02A5
C071B703
C0746908
C07718CA
C079C65B
C07C71CF
C07F1B3A
C080E157
C082341D
C08385FA
C084D6F5
C0862716
C0877666
C088C4EB
C08A12AE
C08B5FB6
C08CAC09
C08DF7AD
C08F42AB
C0908D07
C091D6C8
C0931FF4
C0946890
C095B0A2
C096F82E
C0983F3A
C09985CB
C09ACBE6
C09C118E
C09D56C8
C09E9B99
C09FE004
C0A1240D
C0A267B8
C0A3AB09
C0A4EE03
C0A630A9
C0A772FE
C0A8B506
C0A9F6C4
C0AB383A
C0AC796B
C0ADBA59
C0AEFB08
C0B03B7A
C0B17BB0
C0B2BBAE
C0B3FB75
C0B53B08
C0B67A68
C0B7B998
C0B8F899
C0BA376D
C0BB7615
C0BCB494
C0BDF2EC
C0BF311C
C0C06F28
C0C1AD10
C0C2EAD6
C0C4287B
C0C56601
C0C6A367
C0C7E0B1
C0C91DDE
C0CA5AF1
C0CB97E9
C0CCD4C8
C0CE118F
C0CF4E3E
C0D08AD8
C0D1C75B
C0D303CA
C0D44026
C0D57C6E
C0D6B8A4
C0D7F4C8
C0D930DA
C0DA6CDD
C0DBA8D0
C0DCE4B3
C0DE2088
C0DF5C4F
C0E09809
C0E1D3B5
C0E30F55
C0E44AE9
C0E58671
C0E6C1EE
C0E7FD61
C0E938C9
C0EA7427
C0EBAF7C
C0ECEAC7
3F77FC36
3F770FB3
3F761A87
3F751C5F
3F7414EA
3F7303CF
3F71E8B6
3F70C342
3F6F9312
3F6E57C2
3F6D10EB
3F6BBE21
3F6A5EF5
3F68F2F5
3F6779A8
3F65F293
3F645D35
3F62B90B
3F61058B
3F5F4225
3F5D6E47
3F5B8959
3F5992BB
3F5789CB
3F556DE0
3F533E4A
3F50FA54
3F4EA143
3F4C3257
3F49ACC7
3F470FC6
3F445A7D
3F418C14
3F3EA3A6
3F3BA04B
3F388113
3F354508
3F31EB2C
3F2E727C
3F2AD9EC
3F27206B
3F2344E1
3F1F4631
3F1B2338
3F16DACE
3F126BC3
3F0DD4E8
3F091506
3F042AE5
3EFE2A97
3EF3A5F9
3EE8C57A
3EDD86A5
3ED1E709
3EC5E440
3EB97BEB
3EACABBB
3E9F7175
3E91CAF2
3E83B627
3E6A624E
3E4C7451
3E2D9F18
3E0DDFBF
3DDA6787
3D973230
3D243899
3BB23B7F
BCF6E256
BD887877
BDD51A8A
BE11CE10
BE39FC99
BE631629
BE868BAB
BE9BFE00
BEB1DFA7
BEC82DD8
BEDEE576
BEF60309
BF06C166
BF12B053
BF1ECC1E
BF2B1277
BF3780F1
BF441507
BF50CC1E
BF5DA389
BF6A9891
BF77A874
BF826838
BF8906E2
BF8FAED8
BF965EC1
BF9D154B
BFA3D129
BFAA911C
BFB153EE
BFB81876
BFBEDD99
BFC5A24C
BFCC6590
BFD32678
BFD9E427
BFE09DCF
BFE752B2
BFEE0225
BFF4AB8A
BFFB4E52
C000F500
C0043F12
C007852D
C00AC727
C00E04DD
C0113E2F
C0147307
C017A350
C01ACEFC
C01DF602
C021185D
C024360A
C0274F0C
C02A6368
C02D7326
C0307E52
C03384F7
C0368725
C03984ED
C03C7E62
C03F7398
C04264A3
C045519A
C0483A93
C04B1FA7
C04E00ED
C050DE7D
C053B871
C0568EE1
C05961E7
C05C319A
C05EFE14
C061C76D
C0648DBF
C067511F
C06A11A8
C06CCF6F
C06F8A8B
C0724314
C074F91E
C077ACC1
C07A5E0F
C07D0D1F
C07FBA03
C0813268
C08286CC
C083DA36
C0852CB1
C0867E43
C087CEF6
C0891ED2
C08A6DDF
C08BBC23
C08D09A8
C08E5673
C08FA28B
C090EDF7
C09238BE
C09382E6
C094CC74
C096156F
C0975DDC
C098A5C0
C099ED21
C09B3403
C09C7A6B
C09DC05E
C09F05E0
C0A04AF6
C0A18FA4
C0A2D3ED
C0A417D6
C0A55B62
C0A69E94
C0A7E171
C0A923FB
C0AA6636
C0ABA824
C0ACE9C9
C0AE2B26
C0AF6C40
C0B0AD19
C0B1EDB2
C0B32E0F
C0B46E32
C0B5AE1D
C0B6EDD1
C0B82D52
C0B96CA2
C0BAABC1
C0BBEAB2
C0BD2977
C0BE6811
C0BFA682
C0C0E4CC
C0C222F0
C0C360EF
C0C49ECB
C0C5DC86
C0C71A20
C0C8579A
C0C994F7
C0CAD237
C0CC0F5B
C0CD4C64
C0CE8953
C0CFC629
C0D102E8
C0D23F90
C0D37C22
C0D4B89E
C0D5F507
C0D7315B
C0D86D9D
C0D9A9CC
C0DAE5EA
C0DC21F7
C0DD5DF4
C0DE99E2
C0DFD5C0
C0E11190
C0E24D53
C0E38907
C0E4C4AF
C0E6004B
C0E73BDB
C0E8775F
C0E9B2D9
C0EAEE48
C0EC29AC
C0ED6507
C0EEA058
3F72241D
3F713678
3F70401D
3F6F40BB
3F6E37FD
3F6D258D
3F6C090F
3F6AE227
3F69B073
3F68738F
3F672B12
3F65D691
3F64759B
3F6307BD
3F618C7E
3F600362
3F5E6BE8
3F5CC58A
3F5B0FBE
3F5949F4
3F577398
3F558C10
3F5392BD
3F5186FA
3F4F681D
3F4D3576
3F4AEE4E
3F4891E9
3F461F84
3F439656
3F40F58F
3F3E3C5A
3F3B69D8
3F387D26
3F35755A
3F325181
3F2F10A4
3F2BB1C2
3F2833D6
3F2495D2
3F20D6A4
3F1CF530
3F18F058
3F14C6F6
3F1077DE
3F0C01E1
3F0763C9
3F029C60
3EFB54D2
3EF1194F
3EE683BA
3EDB9196
3ED04068
3EC48DB9
3EB8771B
3EABFA2B
3E9F1493
3E91C412
3E84067A
3E6BB376
3E4E77C3
3E30563E
3E114B9B
3DE2A9D4
3DA0DF46
3D3A66B0
3C3D166C
BCBF522D
BD72678F
BDC47ACC
BE08D41F
BE305CB9
BE58D530
BE811D67
BE964512
BEABDF86
BEC1EA54
BED862AF
BEEF4571
BF034790
BF0F1DF4
BF1B23D6
BF275703
BF33B524
BF403BC7
BF4CE85E
BF59B847
BF66A8CF
BF73B735
BF807058
BF87113A
BF8DBCDB
BF9471D8
BF9B2ED2
BFA1F271
BFA8BB67
BFAF886D
BFB6584A
BFBD29D1
BFC3FBE2
BFCACD6D
BFD19D6F
BFD86AF9
BFDF3528
BFE5FB2B
BFECBC43
BFF377BF
BFFA2CFF
C0006DBA
C003C14D
C0071101
C00A5CA2
C00DA408
C010E70B
C014258E
C0175F78
C01A94B5
C01DC537
C020F0F4
C02417E6
C0273A0C
C02A5768
C02D7000
C03083DA
C0339303
C0369D89
C039A379
C03CA4E6
C03FA1E3
C0429A84
C0458EDE
C0487F09
C04B6B1B
C04E532D
C0513758
C05417B4
C056F45C
C059CD67
C05CA2F1
C05F7511
C06243E3
C0650F7E
C067D7FD
C06A9D77
C06D6005
C0701FBE
C072DCBB
C0759712
C0784EDB
C07B042A
C07DB715
C08033D9
C0818B0B
C082E129
C084363E
C0858A53
C086DD71
C0882FA2
C08980EC
C08AD15A
C08C20F3
C08D6FBF
C08EBDC5
C0900B0C
C091579D
C092A37D
C093EEB3
C0953945
C096833A
C097CC97
C0991563
C09A5DA2
C09BA55A
C09CEC91
C09E334A
C09F798B
C0A0BF58
C0A204B6
C0A349A9
C0A48E35
C0A5D25E
C0A71627
C0A85995
C0A99CAA
C0AADF6B
C0AC21DA
C0AD63FB
C0AEA5D0
C0AFE75D
C0B128A4
C0B269A7
C0B3AA6A
C0B4EAEF
C0B62B38
C0B76B48
C0B8AB20
C0B9EAC4
C0BB2A34
C0BC6973
C0BDA882
C0BEE764
C0C0261B
C0C164A7
C0C2A30B
C0C3E147
C0C51F5F
C0C65D52
C0C79B23
C0C8D8D2
C0CA1661
C0CB53D2
C0CC9124
C0CDCE5A
C0CF0B75
C0D04875
C0D1855C
C0D2C22B
C0D3FEE2
C0D53B82
C0D6780C
C0D7B482
C0D8F0E3
C0DA2D32
C0DB696D
C0DCA596
C0DDE1AF
C0DF1DB6
C0E059AE
C0E19596
C0E2D170
C0E40D3B
C0E548F9
C0E684A9
C0E7C04D
C0E8FBE5
C0EA3771
C0EB72F1
C0ECAE67
C0EDE9D2
C0EF2534
C0F0608B
3F6C2E32
3F6B3F67
3F6A47D9
3F694737
3F683D2B
3F67295F
3F660B77
3F64E314
3F63AFD6
3F627158
3F61272F
3F5FD0EF
3F5E6E29
3F5CFE66
3F5B812E
3F59F603
3F585C64
3F56B3CA
3F54FBA9
3F533372
3F515A8E
3F4F7063
3F4D7451
3F4B65B1
3F4943D8
3F470E15
3F44C3AF
3F4263EA
3F3FEE00
3F3D6127
3F3ABC8E
3F37FF5E
3F3528B6
3F3237B2
3F2F2B65
3F2C02DC
3F28BD1C
3F255923
3F21D5E9
3F1E3260
3F1A6D71
3F168600
3F127AEB
3F0E4B0A
3F09F52E
3F057826
3F00D2BB
3EF80760
3EEE1392
3EE3C78A
3ED920C5
3ECE1CBF
3EC2B8F9
3EB6F2F5
3EAAC83E
3E9E366B
3E913B21
3E83D416
3E6BFE30
3E4F741E
3E320604
3E13B039
3DE8DECD
3DA88123
3D4C8495
3C8877FC
BC8FBC36
BD57CE3A
BDB5CB53
BE00CDCF
BE27AB56
BE4F7CEC
BE78408D
BE90F9C1
BEA6492D
BEBC0C75
BED24125
BEE8E46D
BEFFF322
BF0BB4E0
BF17A237
BF23BF83
BF300A89
BF3C80EF
BF49203B
BF55E5DA
BF62CF20
BF6FD954
BF7D01AB
BF8522AA
BF8BD0BE
BF9289A6
BF994BFB
BFA01659
BFA6E764
BFADBDC7
BFB49839
BFBB757B
BFC2545A
BFC933B4
BFD01273
BFD6EF92
BFDDCA1A
BFE4A127
BFEB73E5
BFF2418F
BFF90972
BFFFCAEC
C00342B5
C0069C33
C009F1B7
C00D430E
C010900B
C013D889
C0171C69
C01A5B92
C01D95EF
C020CB71
C023FC0F
C02727C2
C02A4E8A
C02D7067
C0308D61
C033A57E
C036B8CA
C039C754
C03CD12A
C03FD65E
C042D704
C045D331
C048CAFB
C04BBE78
C04EADC2
C05198F0
C054801C
C0576360
C05A42D5
C05D1E96
C05FF6BC
C062CB62
C0659CA3
C0686A97
C06B3558
C06DFD01
C070C1A8
C0738368
C0764259
C078FE91
C07BB828
C07E6F36
C08091E7
C081EB04
C08342FD
C08499DB
C085EFA8
C087446E
C0889837
C089EB0B
C08B3CF4
C08C8DF9
C08DDE24
C08F2D7C
C0907C09
C091C9D3
C09316E0
C0946338
C095AEE1
C096F9E2
C0984442
C0998E06
C09AD734
C09C1FD2
C09D67E6
C09EAF74
C09FF681
C0A13D13
C0A2832E
C0A3C8D7
C0A50E12
C0A652E3
C0A7974E
C0A8DB58
C0AA1F03
C0AB6254
C0ACA54E
C0ADE7F3
C0AF2A49
C0B06C50
C0B1AE0E
C0B2EF83
C0B430B4
C0B571A2
C0B6B250
C0B7F2C1
C0B932F7
C0BA72F5
C0BBB2BC
C0BCF24E
C0BE31AE
C0BF70DD
C0C0AFDD
C0C1EEB1
C0C32D59
C0C46BD8
C0C5AA2F
C0C6E85F
C0C8266A
C0C96452
C0CAA218
C0CBDFBC
C0CD1D41
C0CE5AA8
C0CF97F1
C0D0D51E
C0D21230
C0D34F28
C0D48C06
C0D5C8CD
C0D7057C
C0D84215
C0D97E99
C0DABB08
C0DBF763
C0DD33AA
C0DE6FE0
C0DFAC04
C0E0E816
C0E22419
C0E3600B
C0E49BEF
C0E5D7C3
C0E7138A
C0E84F43
C0E98AF0
C0EAC68F
C0EC0223
C0ED3DAB
C0EE7928
C0EFB49B
C0F0F003
C0F22B61
3F661ABE
3F652AC8
3F643202
3F63301B
3F6224BC
3F610F8F
3F5FF036
3F5EC654
3F5D9187
3F5C5167
3F5B058C
3F59AD88
3F5848E9
3F56D73B
3F555803
3F53CAC2
3F522EF7
3F508419
3F4EC99C
3F4CFEEF
3F4B237B
3F4936A4
3F4737C9
3F452643
3F430164
3F40C87B
3F3E7ACD
3F3C179C
3F399E22
3F370D93
3F34651D
3F31A3E4
3F2EC90A
3F2BD3A6
3F28C2CB
3F259582
3F224AD0
3F1EE1B0
3F1B5919
3F17AFF9
3F13E538
3F0FF7B7
3F0BE653
3F07AFDF
3F03532B
3EFD9E07
3EF4445A
3EEA96D5
3EE092F5
3ED63634
3ECB7E0A
3EC067EC
3EB4F154
3EA917BE
3E9CD8AF
3E9031B7
3E832074
3E6B452F
3E4F6BCD
3E32B088
3E150F60
3DED0941
3DAE19CD
3D5A94AA
3CAA5674
BC5045AC
BD412807
BDA90EA0
BDF379BC
BE1FEAAA
BE47100F
BE6F2BBE
BE8C1DDA
BEA11E9D
BEB6966E
BECC8336
BEE2E27E
BEF9B170
BF08766F
BF14489D
BF204D52
BF2C8277
BF38E5CC
BF4574F0
BF522D63
BF5F0C8C
BF6C0FB7
BF793422
BF833B7D
BF89EAB4
BF90A646
BF976CC4
BF9E3CC1
BFA514D6
BFABF3A1
BFB2D7C8
BFB9BFFD
BFC0AAFD
BFC79790
BFCE848E
BFD570DE
BFDC5B75
BFE3435B
BFEA27A5
BFF1077C
BFF7E218
BFFEB6C2
C002C26B
C00625DD
C0098576
C00CE0FA
C0103834
C0138AF8
C016D91F
C01A228A
C01D671E
C020A6C7
C023E175
C027171F
C02A47BE
C02D7350
C03099D8
C033BB5B
C036D7E2
C039EF78
C03D022B
C040100C
C043192B
C0461D9E
C0491D78
C04C18D2
C04F0FC3
C0520263
C054F0CB
C057DB16
C05AC15D
C05DA3BB
C060824C
C0635D29
C066346F
C0690836
C06BD89A
C06EA5B5
C0716FA2
C0743679
C076FA54
C079BB4B
C07C7977
C07F34F0
C080F6E7
C0825212
C083AC06
C08504CE
C0865C72
C087B2FF
C089087E
C08A5CF8
C08BB077
C08D0303
C08E54A7
C08FA569
C090F553
C092446D
C09392BD
C094E04C
C0962D21
C0977942
C098C4B7
C09A0F86
C09B59B4
C09CA349
C09DEC4A
C09F34BC
C0A07CA5
C0A1C40A
C0A30AF1
C0A4515D
C0A59753
C0A6DCD9
C0A821F2
C0A966A3
C0AAAAEF
C0ABEEDA
C0AD3268
C0AE759D
C0AFB87C
C0B0FB08
C0B23D44
C0B37F34
C0B4C0DA
C0B60239
C0B74354
C0B8842E
C0B9C4C8
C0BB0526
C0BC454A
C0BD8536
C0BEC4EC
C0C0046E
C0C143BE
C0C282DE
C0C3C1D0
C0C50095
C0C63F30
C0C77DA2
C0C8BBEC
C0C9FA10
C0CB3810
C0CC75ED
C0CDB3A8
C0CEF142
C0D02EBD
C0D16C1A
C0D2A95A
C0D3E67E
C0D52388
C0D66077
C0D79D4E
C0D8DA0D
C0DA16B5
C0DB5347
C0DC8FC4
C0DDCC2D
C0DF0881
C0E044C3
C0E180F3
C0E2BD11
C0E3F91F
C0E5351C
C0E67109
C0E7ACE8
C0E8E8B8
C0EA247B
C0EB6030
C0EC9BD8
C0EDD774
C0EF1304
C0F04E88
C0F18A02
C0F2C571
C0F400D5
3F5FEA12
3F5EF8EC
3F5DFEEA
3F5CFBB9
3F5BEF03
3F5AD86F
3F59B7A2
3F588C3B
3F5755D8
3F561413
3F54C680
3F536CB1
3F520635
3F509295
3F4F1156
3F4D81F9
3F4BE3FA
3F4A36D1
3F4879F1
3F46ACC7
3F44CEBB
3F42DF30
3F40DD84
3F3EC90F
3F3CA122
3F3A6509
3F38140A
3F35AD63
3F33304F
3F309C00
3F2DEFA0
3F2B2A54
3F284B3C
3F25516C
3F223BF5
3F1F09E0
3F1BBA2F
3F184BDA
3F14BDD7
3F110F11
3F0D3E6E
3F094ACD
3F053306
3F00F5EE
3EF924A0
3EF00DE9
3EE6A53E
3EDCE81E
3ED2D400
3EC86659
3EBD9C99
3EB27430
3EA6EA91
3E9AFD32
3E8EA991
3E81ED38
3E698B7A
3E4E6196
3E325843
3E156B37
3DEF2CCE
3DB1AC21
3D649B10
3CC42B75
BC11099A
BD2E7633
BD9E464A
BDE7452A
BE191C7D
BE3F90E2
BE66FF24
BE87B2FC
BE9C61AF
BEB18A4F
BEC72B21
BEDD420D
BEF3CC97
BF0563F4
BF111865
BF1D01D5
BF291E50
BF356BBA
BF41E7CE
BF4E9026
BF5B623B
BF685B6C
BF7578FF
BF815C15
BF880B09
BF8EC7EB
BF959146
BF9C65A8
BFA3439D
BFAA29BA
BFB11698
BFB808D9
BFBEFF29
BFC5F83F
BFCCF2E0
BFD3EDDE
BFDAE81C
BFE1E08A
BFE8D62B
BFEFC811
BFF6B561
BFFD9D4F
C0023F90
C005AD17
C00916EE
C00C7CD1
C00FDE84
C0133BD2
C016948C
C019E88B
C01D37AF
C02081DC
C023C6FE
C0270705
C02A41E7
C02D779C
C030A825
C033D381
C036F9B7
C03A1AD0
C03D36D7
C0404DDA
C0435FEA
C0466D19
C049757C
C04C7928
C04F7834
C05272B8
C05568CF
C0585A90
C05B4818
C05E3180
C06116E5
C063F861
C066D610
C069B00E
C06C8676
C06F5962
C07228EF
C074F536
C077BE52
C07A845D
C07D4770
C08003D2
C0816289
C082BFE8
C0841BFC
C08576D0
C086D06E
C08828E2
C0898036
C08AD674
C08C2BA6
C08D7FD6
C08ED30E
C0902555
C09176B6
C092C738
C09416E3
C09565C0
C096B3D6
C098012C
C0994DCB
C09A99B7
C09BE4F9
C09D2F97
C09E7997
C09FC2FE
C0A10BD3
C0A2541B
C0A39BDB
C0A4E319
C0A629D9
C0A77021
C0A8B5F5
C0A9FB59
C0AB4051
C0AC84E2
C0ADC910
C0AF0CDE
C0B05050
C0B1936A
C0B2D62F
C0B418A2
C0B55AC6
C0B69C9F
C0B7DE2F
C0B91F78
C0BA607F
C0BBA145
C0BCE1CC
C0BE2218
C0BF622A
C0C0A205
C0C1E1AA
C0C3211C
C0C4605D
C0C59F6F
C0C6DE53
C0C81D0B
C0C95B99
C0CA99FE
C0CBD83C
C0CD1655
C0CE544A
C0CF921C
C0D0CFCC
C0D20D5D
C0D34ACE
C0D48822
C0D5C559
C0D70275
C0D83F76
C0D97C5E
C0DAB92E
C0DBF5E5
C0DD3286
C0DE6F12
C0DFAB88
C0E0E7EA
C0E22439
C0E36075
C0E49C9F
C0E5D8B8
C0E714C1
C0E850B9
C0E98CA2
C0EAC87C
C0EC0448
C0ED4006
C0EE7BB7
C0EFB75B
C0F0F2F3
C0F22E7F
C0F36A00
C0F4A576
C0F5E0E2
3F599C8A
3F58AA31
3F57AEEF
3F56AA70
3F559C5E
3F548460
3F536219
3F523529
3F50FD2C
3F4FB9BB
3F4E6A6B
3F4D0ECD
3F4BA66E
3F4A30D6
3F48AD8A
3F471C0B
3F457BD3
3F43CC59
3F420D0F
3F403D60
3F3E5CB6
3F3C6A70
3F3A65EC
3F384E80
3F36237C
3F33E42B
3F318FD2
3F2F25AE
3F2CA4F6
3F2A0CDC
3F275C89
3F249321
3F21AFBF
3F1EB179
3F1B975B
3F18606E
3F150BB1
3F11981B
3F0E049E
3F0A5024
3F067991
3F027FC1
3EFCC314
3EF43B7A
3EEB6647
3EE24106
3ED8C939
3ECEFC58
3EC4D7D4
3EBA591D
3EAF7D9C
3EA442BB
3E98A5E5
3E8CA48B
3E803C24
3E66D463
3E4C588B
3E310003
3E14C640
3DEF4DD0
3DB33BC7
3D6A9D89
3CD5FF3F
BBC3755E
BD1FB831
BD9572FF
BDDCFF91
BE134225
BE39013C
BE5FBD1B
BE83BA94
BE98140D
BEACE9FC
BEC23B04
BED8056A
BEEE4713
BF027EC2
BF0E12EF
BF19DE73
BF25DF83
BF321427
BF3E7A3D
BF4B0F7C
BF57D178
BF64BDA5
BF71D15A
BF7F09D5
BF863223
BF8CEEE3
BF93B9B7
BF9A9126
BFA173B6
BFA85FF2
BFAF5468
BFB64FAC
BFBD505B
BFC4551C
BFCB5CA0
BFD265A8
BFD96F02
BFE0778A
BFE77E2D
BFEE81E8
BFF581CB
BFFC7CF4
C001B94A
C00530F7
C008A52B
C00C1597
C00F81F6
C012EA09
C0164D9A
C019AC7A
C01D0681
C0205B8D
C023AB82
C026F64C
C02A3BD9
C02D7C20
C030B719
C033ECC2
C0371D1E
C03A4831
C03D6E06
C0408EA6
C043AA21
C046C087
C049D1EC
C04CDE64
C04FE604
C052E8E6
C055E720
C058E0CE
C05BD609
C05EC6ED
C061B396
C0649C1E
C06780A2
C06A613F
C06D3E10
C0701732
C072ECC0
C075BED7
C0788D90
C07B5908
C07E2159
C080734E
C081D477
C0833432
C084928C
C085EF91
C0874B4C
C088A5CA
C089FF15
C08B5738
C08CAE3E
C08E0430
C08F5919
C090AD01
C091FFF4
C09351F8
C094A318
C095F35B
C09742CA
C098916D
C099DF4A
C09B2C6A
C09C78D4
C09DC48E
C09F0F9F
C0A05A0D
C0A1A3DF
C0A2ED1B
C0A435C5
C0A57DE4
C0A6C57D
C0A80C96
C0A95331
C0AA9956
C0ABDF08
C0AD244B
C0AE6924
C0AFAD97
C0B0F1A8
C0B2355A
C0B378B1
C0B4BBB1
C0B5FE5D
C0B740B8
C0B882C5
C0B9C488
C0BB0602
C0BC4737
C0BD882A
C0BEC8DD
C0C00952
C0C1498C
C0C2898D
C0C3C957
C0C508ED
C0C64850
C0C78782
C0C8C686
C0CA055C
C0CB4407
C0CC8289
C0CDC0E2
C0CEFF15
C0D03D22
C0D17B0C
C0D2B8D4
C0D3F67B
C0D53402
C0D6716A
C0D7AEB5
C0D8EBE4
C0DA28F7
C0DB65F1
C0DCA2D1
C0DDDF99
C0DF1C4A
C0E058E4
C0E19569
C0E2D1D9
C0E40E36
C0E54A7F
C0E686B5
C0E7C2DA
C0E8FEEE
C0EA3AF1
C0EB76E5
C0ECB2C9
C0EDEE9F
C0EF2A66
C0F06620
C0F1A1CD
C0F2DD6E
C0F41902
C0F5548B
C0F69009
C0F7CB7C
3F53328E
3F523EFE
3F514277
3F503CA7
3F4F2D35
3F4E13C9
3F4CF005
3F4BC187
3F4A87EC
3F4942CB
3F47F1BA
3F469447
3F452A00
3F43B26C
3F422D0F
3F409968
3F3EF6F1
3F3D4520
3F3B8366
3F39B12E
3F37CDDE
3F35D8D7
3F33D174
3F31B70A
3F2F88E8
3F2D4659
3F2AEE9E
3F2880F4
3F25FC91
3F2360A4
3F20AC56
3F1DDEC8
3F1AF713
3F17F44D
3F14D57F
3F1199AF
3F0E3FDB
3F0AC6F9
3F072DF7
3F0373BD
3EFF2E5B
3EF72E43
3EEEE4D9
3EE64FB9
3EDD6C72
3ED43889
3ECAB179
3EC0D4B5
3EB69FAA
3EAC0FBE
3EA12255
3E95D4D3
3E8A249D
3E7C1E38
3E632380
3E495409
3E2EAAE8
3E132352
3DED7158
3DB2CD22
3D6CA368
3CDFDD49
BB849171
BD14EBBF
BD8E948D
BDD4A9BD
BE0E5C88
BE336288
BE596792
BE8035DD
BE943735
BEA8B732
BEBDB4D6
BED32EC7
BEE92349
BEFF9040
BF0B3996
BF16E498
BF22C785
BF2EE08D
BF3B2DB7
BF47ACDC
BF545BAD
BF6137BA
BF6E3E6F
BF7B6D1D
BF84607E
BF8B1B99
BF91E669
BF98BF74
BF9FA53D
BFA69647
BFAD9116
BFB49434
BFBB9E2F
BFC2AD9F
BFC9C126
BFD0D771
BFD7EF39
BFDF0749
BFE61E77
BFED33AC
BFF445E1
BFFB541F
C0012EC1
C004B09B
C0082F3E
C00BAA50
C00F2182
C012948D
C0160331
C0196D37
C01CD26E
C02032AC
C0238DD1
C026E3BE
C02A345E
C02D7FA1
C030C57B
C03405E4
C03740DB
C03A7662
C03DA67E
C040D138
C043F69B
C04716B7
C04A319B
C04D475C
C050580F
C05363CA
C0566AA4
C0596CB8
C05C6A20
C05F62F6
C0625757
C065475E
C0683329
C06B1AD3
C06DFE7A
C070DE3B
C073BA32
C076927C
C0796735
C07C3879
C07F0665
C080E889
C0824C4F
C083AE8F
C0850F59
C0866EB7
C087CCB7
C0892964
C08A84CB
C08BDEF5
C08D37F0
C08E8FC5
C08FE67E
C0913C27
C09290C8
C093E46C
C095371B
C09688DF
C097D9C0
C09929C7
C09A78FB
C09BC766
C09D150D
C09E61F8
C09FAE2F
C0A0F9B8
C0A2449A
C0A38EDB
C0A4D881
C0A62192
C0A76A14
C0A8B20C
C0A9F97F
C0AB4072
C0AC86EB
C0ADCCEE
C0AF127F
C0B057A3
C0B19C5E
C0B2E0B4
C0B424A8
C0B56840
C0B6AB7D
C0B7EE64
C0B930F8
C0BA733B
C0BBB532
C0BCF6DF
C0BE3845
C0BF7967
C0C0BA46
C0C1FAE6
C0C33B4A
C0C47B73
C0C5BB64
C0C6FB1E
C0C83AA5
C0C979F9
C0CAB91E
C0CBF814
C0CD36DD
C0CE757C
C0CFB3F1
C0D0F23F
C0D23067
C0D36E69
C0D4AC49
C0D5EA07
C0D727A4
C0D86522
C0D9A281
C0DADFC4
C0DC1CEB
C0DD59F6
C0DE96E8
C0DFD3C1
C0E11082
C0E24D2C
C0E389C0
C0E4C63F
C0E602A9
C0E73F00
C0E87B43
C0E9B774
C0EAF394
C0EC2FA3
C0ED6BA1
C0EEA790
C0EFE370
C0F11F42
C0F25B05
C0F396BB
C0F4D265
C0F60E01
C0F74992
C0F88518
C0F9C092
3F4CAC8D
3F4BB7C2
3F4AB9F5
3F49B2D0
3F48A1FC
3F47871E
3F4661D8
3F4531C9
3F43F68C
3F42AFB8
3F415CE1
3F3FFD96
3F3E9163
3F3D17CE
3F3B905B
3F39FA87
3F3855CD
3F36A1A0
3F34DD71
3F3308AA
3F3122B0
3F2F2AE2
3F2D209A
3F2B032D
3F28D1E8
3F268C13
3F2430F0
3F21BFB9
3F1F37A4
3F1C97DE
3F19DF8D
3F170DD1
3F1421C2
3F111A73
3F0DF6EC
3F0AB632
3F07573E
3F03D905
3F003A74
3EF8F4E2
3EF12FB4
3EE9230D
3EE0CC90
3ED829D2
3ECF385E
3EC5F5B2
3EBC5F45
3EB27282
3EA82CD0
3E9D8B8F
3E928C1F
3E872BDA
3E76D03E
3E5E7CA1
3E4557AF
3E2B5C52
3E10858E
3DE99D17
3DB06542
3D6AB569
3CE1D410
BB4A74DE
BD0E0CF7
BD89A9ED
BDCE439B
BE0A6C1D
BE2EB5C2
BE54000D
BE7A4BB9
BE90CC72
BEA4F380
BEB99A69
BECEC032
BEE46381
BEFA829C
BF088DB3
BF1415AE
BF1FD7CF
BF2BD272
BF3803C7
BF4469CE
BF51025E
BF5DCB23
BF6AC1A7
BF77E350
BF8296B4
BF894E91
BF9017CB
BF96F0EB
BF9DD870
BFA4CCDA
BFABCCA5
BFB2D652
BFB9E865
BFC10167
BFC81FEA
BFCF428B
BFD667F1
BFDD8ED3
BFE4B5F2
BFEBDC22
BFF30046
BFFA2153
C0009F26
C0042B25
C007B43A
C00B3A02
C00EBC24
C0123A4E
C015B437
C019299E
C01C9A4A
C0200609
C0236CB0
C026CE1E
C02A2A33
C02D80DB
C030D202
C0341D9D
C03763A6
C03AA419
C03DDEF8
C0411448
C0444413
C0476E63
C04A9349
C04DB2D5
C050CD1B
C053E22F
C056F22A
C059FD23
C05D0335
C060047A
C063010E
C065F90D
C068EC93
C06BDBC0
C06EC6AE
C071AD7E
C074904A
C0776F32
C07A4A53
C07D21C9
C07FF5B2
C0816315
C082C9A6
C0842E9A
C08591FF
C086F3E1
C088544E
C089B353
C08B10FB
C08C6D53
C08DC866
C08F2241
C0907AED
C091D276
C09328E6
C0947E47
C095D2A3
C0972604
C0987873
C099C9F8
C09B1A9D
C09C6A6A
C09DB966
C09F0799
C0A0550C
C0A1A1C5
C0A2EDCB
C0A43924
C0A583D9
C0A6CDEE
C0A8176A
C0A96052
C0AAA8AC
C0ABF07E
C0AD37CD
C0AE7E9D
C0AFC4F4
C0B10AD6
C0B25048
C0B3954E
C0B4D9EC
C0B61E25
C0B761FF
C0B8A57C
C0B9E8A1
C0BB2B70
C0BC6DEC
C0BDB01A
C0BEF1FB
C0C03393
C0C174E5
C0C2B5F4
C0C3F6C1
C0C53750
C0C677A2
C0C7B7BB
C0C8F79C
C0CA3747
C0CB76BF
C0CCB606
C0CDF51C
C0CF3405
C0D072C2
C0D1B155
C0D2EFBF
C0D42E02
C0D56C1E
C0D6AA17
C0D7E7ED
C0D925A1
C0DA6335
C0DBA0AA
C0DCDE01
C0DE1B3C
C0DF585A
C0E0955F
C0E1D249
C0E30F1B
C0E44BD6
C0E58879
C0E6C507
C0E8017F
C0E93DE4
C0EA7A35
C0EBB673
C0ECF29F
C0EE2EBA
C0EF6AC4
C0F0A6BE
C0F1E2A8
C0F31E84
C0F45A51
C0F59611
C0F6D1C3
C0F80D69
C0F94902
C0FA8490
C0FBC012
3F460B00
3F4514F9
3F4415E2
3F430D66
3F41FB2C
3F40DED9
3F3FB80F
3F3E866C
3F3D498A
3F3C00FF
3F3AAC5F
3F394B38
3F37DD15
3F36617C
3F34D7EF
3F333FEC
3F3198EA
3F2FE25D
3F2E1BB5
3F2C445A
3F2A5BB1
3F286117
3F2653E6
3F243371
3F21FF03
3F1FB5E4
3F1D5754
3F1AE28B
3F1856BE
3F15B318
3F12F6BE
3F1020CE
3F0D305F
3F0A2480
3F06FC3A
3F03B68C
3F005272
3EF99DB6
3EF25567
3EEAC9BC
3EE2F86D
3EDADF25
3ED27B82
3EC9CB13
3EC0CB5D
3EB779D9
3EADD3F6
3EA3D71D
3E9980AB
3E8ECDFD
3E83BC68
3E709287
3E58E3CB
3E406754
3E2717E6
3E0CF05B
3DE3D752
3DAC09D6
3D64DD9E
3CDBF4DD
BB4A6F1E
BD0B166B
BD86B14B
BDC9CC48
BE0770F4
BE2AFB7D
BE4F87A6
BE7516CD
BE8DD4DB
BEA1A044
BEB5ED60
BECABB93
BEE009E5
BEF5D6FE
BF061092
BF11731D
BF1D11DD
BF28EB61
BF34FE04
BF4147F2
BF4DC729
BF5A797A
BF675C8E
BF746DE9
BF80D576
BF87886D
BF8E4E6E
BF952604
BF9C0DB0
BFA303F0
BFAA073D
BFB11610
BFB82EE3
BFBF5036
BFC6788C
BFCDA672
BFD4D87F
BFDC0D57
BFE343A7
BFEA7A2F
BFF1AFBC
BFF8E32B
C00009B6
C0039FC0
C007333C
C00AC3BD
C00E50DD
C011DA40
C0155F94
C018E08C
C01C5CE8
C01FD46B
C02346E4
C026B427
C02A1C0F
C02D7E7E
C030DB5D
C0343299
C0378426
C03ACFFD
C03E161A
C041567F
C0449131
C047C639
C04AF5A3
C04E1F7E
C05143DB
C05462CE
C0577C6D
C05A90CF
C05DA00D
C060AA42
C063AF88
C066AFFD
C069ABBC
C06CA2E4
C06F9593
C07283E6
C0756DFC
C07853F2
C07B35E9
C07E13FC
C0807725
C081E279
C0834C07
C084B3DE
C0861A0D
C0877EA1
C088E1A8
C08A432E
C08BA342
C08D01EF
C08E5F43
C08FBB48
C091160B
C0926F97
C093C7F8
C0951F37
C0967560
C097CA7C
C0991E96
C09A71B6
C09BC3E6
C09D152F
C09E659A
C09FB52E
C0A103F3
C0A251F2
C0A39F32
C0A4EBBA
C0A63791
C0A782BD
C0A8CD46
C0AA1730
C0AB6083
C0ACA944
C0ADF179
C0AF3926
C0B08052
C0B1C700
C0B30D36
C0B452F9
C0B5984D
C0B6DD35
C0B821B7
C0B965D6
C0BAA996
C0BBECFA
C0BD3006
C0BE72BE
C0BFB524
C0C0F73C
C0C23909
C0C37A8D
C0C4BBCC
C0C5FCC8
C0C73D84
C0C87E01
C0C9BE44
C0CAFE4C
C0CC3E1E
C0CD7DBB
C0CEBD25
C0CFFC5E
C0D13B68
C0D27A44
C0D3B8F5
C0D4F77C
C0D635DB
C0D77413
C0D8B226
C0D9F014
C0DB2DE1
C0DC6B8C
C0DDA917
C0DEE683
C0E023D2
C0E16105
C0E29E1C
C0E3DB19
C0E517FD
C0E654C8
C0E7917C
C0E8CE19
C0EA0AA1
C0EB4714
C0EC8373
C0EDBFBE
C0EEFBF7
C0F0381E
C0F17434
C0F2B03A
C0F3EC2F
C0F52816
C0F663ED
C0F79FB7
C0F8DB73
C0FA1721
C0FB52C4
C0FC8E5A
C0FDC9E4
3F3F4E6A
3F3E5725
3F3D56C1
3F3C4CEB
3F3B3949
3F3A1B7F
3F38F32E
3F37BFF4
3F36816A
3F353727
3F33E0BB
3F327DB5
3F310DA0
3F2F8FFF
3F2E0456
3F2C6A1E
3F2AC0D2
3F2907E2
3F273EBE
3F2564CC
3F237970
3F217C07
3F1F6BE9
3F1D4868
3F1B10CD
3F18C460
3F16625E
3F13E9FF
3F115A75
3F0EB2EB
3F0BF283
3F09185A
3F062385
3F031312
3EFFCC0C
3EF936C1
3EF26432
3EEB523C
3EE3FEB3
3EDC6756
3ED489D9
3ECC63E3
3EC3F30A
3EBB34DA
3EB226D2
3EA8C664
3E9F10FC
3E9503F9
3E8A9CB4
3E7FB106
3E69696B
3E525D33
3E3A8701
3E21E17D
3E08675C
3DDC26D3
3DA5C11B
3D5B274B
3CCE538C
BB844515
BD0C013A
BD85A812
BDC7421A
BE056AB1
BE2833DF
BE4BFF0D
BE70CE30
BE8B5158
BE9EBEAE
BEB2AF34
BEC722AA
BEDC187A
BEF18FAD
BF03C377
BF0EFE43
BF1A7729
BF262CE9
BF321E0F
BF3E48F3
BF4AABC1
BF574472
BF6410D4
BF710E8D
BF7E3B19
BF85C9EA
BF8C8AFE
BF935F59
BF9A4581
BFA13BF5
BFA8412D
BFAF539E
BFB671BB
BFBD99FB
BFC4CAD5
BFCC02CB
BFD34062
BFDA822C
BFE1C6C7
BFE90CDB
BFF05323
BFF79866
BFFEDB7C
C0030DA8
C006AB6E
C00A4698
C00DDEB4
C011735D
C0150433
C01890E2
C01C191C
C01F9C9E
C0231B2C
C0269491
C02A08A1
C02D7736
C030E030
C0344378
C037A0FA
C03AF8AA
C03E4A7E
C0419675
C044DC8F
C0481CD1
C04B5744
C04E8BF4
C051BAF0
C054E449
C0580814
C05B2666
C05E3F58
C0615302
C0646180
C0676AEE
C06A6F68
C06D6F0C
C07069F8
C073604B
C0765222
C0793F9F
C07C28DE
C07F0E00
C080F791
C0826633
C083D2F3
C0853DE1
C086A70C
C0880E82
C0897451
C08AD887
C08C3B32
C08D9C5F
C08EFC1C
C0905A74
C091B775
C093132A
C0946D9F
C095C6E0
C0971EF7
C09875EF
C099CBD3
C09B20AD
C09C7486
C09DC768
C09F195C
C0A06A6A
C0A1BA9C
C0A309FA
C0A4588B
C0A5A657
C0A6F366
C0A83FBF
C0A98B68
C0AAD668
C0AC20C6
C0AD6A88
C0AEB3B4
C0AFFC4F
C0B1445F
C0B28BE9
C0B3D2F3
C0B51981
C0B65F98
C0B7A53C
C0B8EA73
C0BA2F3F
C0BB73A6
C0BCB7AB
C0BDFB51
C0BF3E9E
C0C08193
C0C1C434
C0C30685
C0C44888
C0C58A41
C0C6CBB3
C0C80CDF
C0C94DC9
C0CA8E74
C0CBCEE1
C0CD0F13
C0CE4F0D
C0CF8ED0
C0D0CE5F
C0D20DBC
C0D34CE8
C0D48BE5
C0D5CAB5
C0D7095B
C0D847D7
C0D9862B
C0DAC458
C0DC0261
C0DD4046
C0DE7E09
C0DFBBAC
C0E0F92E
C0E23693
C0E373DA
C0E4B105
C0E5EE15
C0E72B0B
C0E867E7
C0E9A4AC
C0EAE15A
C0EC1DF1
C0ED5A73
C0EE96E1
C0EFD33A
C0F10F81
C0F24BB5
C0F387D7
C0F4C3E8
C0F5FFEA
C0F73BDB
C0F877BD
C0F9B391
C0FAEF57
C0FC2B0F
C0FD66BA
C0FEA259
C0FFDDEC
3F387754
3F377ECD
3F367D1C
3F3571EA
3F345CDE
3F333D9B
3F3213C2
3F30DEEF
3F2F9EBB
3F2E52BC
3F2CFA83
3F2B959C
3F2A2392
3F28A3E8
3F27161F
3F2579B2
3F23CE18
3F2212C3
3F20471F
3F1E6A94
3F1C7C83
3F1A7C48
3F18693A
3F1642A9
3F1407E0
3F11B821
3F0F52AA
3F0CD6B1
3F0A4368
3F0797F6
3F04D37D
3F01F518
3EFDF7B2
3EF7CD9A
3EF169F0
3EEACAAD
3EE3EDBB
3EDCD0F6
3ED57228
3ECDCF10
3EC5E55C
3EBDB2AD
3EB53494
3EAC6898
3EA34C31
3E99DCCF
3E9017D3
3E85FA99
3E7704E7
3E615961
3E4AED33
3E33BAED
3E1BBD20
3E02EE68
3DD292D8
3D9D91CF
3D4D9ECC
3CB90653
BBC21534
BD10C52B
BD868AF7
BDC6A2A8
BE045898
BE265EAD
BE49668C
BE6D72B9
BE89429A
BE9C4FBA
BEAFE12B
BEC3F708
BED8911B
BEEDAECD
BF01A797
BF0CB876
BF180925
BF239898
BF2F658A
BF3B6E88
BF47B1EA
BF542DD7
BF60E047
BF6DC703
BF7ADFAD
BF8413DF
BF8ACE45
BF919DA4
BF98808B
BF9F757A
BFA67AED
BFAD8F57
BFB4B129
BFBBDED0
BFC316BF
BFCA5768
BFD19F45
BFD8ECD9
BFE03EAE
BFE7935D
BFEEE989
BFF63FE6
BFFD9536
C0027426
C0061C07
C009C1B9
C00D64BF
C01104A8
C014A10A
C0183984
C01BCDC0
C01F5D6F
C022E84A
C0266E15
C029EE99
C02D69A9
C030DF1D
C0344ED5
C037B8B7
C03B1CB1
C03E7AB5
C041D2B9
C04524B9
C04870B8
C04BB6B9
C04EF6C5
C05230E9
C0556532
C05893B4
C05BBC81
C05EDFB2
C061FD5C
C065159C
C068288B
C06B3647
C06E3EEC
C0714299
C074416C
C0773B85
C07A3104
C07D2207
C0800758
C0817B8E
C082EDB6
C0845DE0
C085CC1B
C0873877
C088A302
C08A0BCB
C08B72E1
C08CD853
C08E3C2E
C08F9E80
C090FF57
C0925EBF
C093BCC5
C0951975
C09674DD
C097CF06
C09927FE
C09A7FCE
C09BD681
C09D2C23
C09E80BC
C09FD457
C0A126FC
C0A278B6
C0A3C98C
C0A51988
C0A668B1
C0A7B70F
C0A904AB
C0AA518A
C0AB9DB5
C0ACE933
C0AE3409
C0AF7E3E
C0B0C7D8
C0B210DE
C0B35955
C0B4A141
C0B5E8AA
C0B72F93
C0B87601
C0B9BBFA
C0BB0181
C0BC469B
C0BD8B4D
C0BECF9A
C0C01386
C0C15714
C0C29A49
C0C3DD28
C0C51FB4
C0C661F0
C0C7A3E0
C0C8E585
C0CA26E4
C0CB67FF
C0CCA8D8
C0CDE972
C0CF29D0
C0D069F3
C0D1A9DE
C0D2E993
C0D42915
C0D56864
C0D6A784
C0D7E675
C0D9253A
C0DA63D4
C0DBA245
C0DCE08F
C0DE1EB3
C0DF5CB2
C0E09A8E
C0E1D848
C0E315E2
C0E4535D
C0E590B9
C0E6CDF9
C0E80B1C
C0E94825
C0EA8514
C0EBC1EB
C0ECFEA9
C0EE3B51
C0EF77E3
C0F0B45F
C0F1F0C7
C0F32D1B
C0F4695D
C0F5A58C
C0F6E1AA
C0F81DB7
C0F959B4
C0FA95A1
C0FBD180
C0FD0D50
C0FE4912
C0FF84C6
C1006037
C100FE05
3F31864C
3F308C84
3F2F8984
3F2E7CF4
3F2D667D
3F2C45C0
3F2B1A5C
3F29E3EF
3F28A210
3F275454
3F25FA4B
3F249382
3F231F81
3F219DCC
3F200DE3
3F1E6F3E
3F1CC156
3F1B0399
3F193575
3F17564E
3F156586
3F136278
3F114C78
3F0F22D6
3F0CE4DB
3F0A91C9
3F0828DB
3F05A947
3F03123C
3F0062E0
3EFB34A7
3EF56F5F
3EEF740B
3EE940BE
3EE2D37C
3EDC2A3C
3ED542E3
3ECE1B47
3EC6B131
3EBF0258
3EB70C67
3EAECCF8
3EA64199
3E9D67CA
3E943CFF
3E8ABE9F
3E80EA09
3E6D791F
3E586701
3E429845
3E2C0770
3E14AF05
3DF9130F
3DC72306
3D938321
3D3C5174
3C9C2586
BC0F2879
BD1958CD
BD895607
BDC7EAD6
BE043991
BE257B4A
BE47BE09
BE6B04D7
BE87A923
BE9A5433
BEAD845C
BEC13A12
BED57579
BEEA365D
BEFF7C2D
BF0AA2FE
BF15C93C
BF212FF6
BF2CD61D
BF38BA6E
BF44DB75
BF513789
BF5DCCCD
BF6A9938
BF779A90
BF826739
BF891929
BF8FE1C0
BF96BF96
BF9DB136
BFA4B51D
BFABC9C3
BFB2ED96
BFBA1F02
BFC15C71
BFC8A44E
BFCFF508
BFD74D13
BFDEAAEB
BFE60D17
BFED7228
BFF4D8BC
BFFC3F82
C001D29B
C0058452
C0093457
C00CE222
C0108D35
C014351A
C017D965
C01B79B5
C01F15B0
C022AD05
C0263F6D
C029CCA7
C02D547D
C030D6BF
C0345345
C037C9EE
C03B3A9F
C03EA543
C04209CC
C0456831
C048C06D
C04C1281
C04F5E71
C052A446
C055E40B
C0591DD1
C05C51A7
C05F7FA4
C062A7DE
C065CA6C
C068E76A
C06BFEF3
C06F1124
C0721E1B
C07525F6
C07828D6
C07B26DA
C07E2022
C0808A67
C0820280
C083786C
C084EC3A
C0865DFC
C087CDC0
C0893B97
C08AA790
C08C11BA
C08D7A24
C08EE0DE
C09045F5
C091A977
C0930B73
C0946BF5
C095CB0B
C09728C1
C0988524
C099E040
C09B3A21
C09C92D1
C09DEA5C
C09F40CD
C0A0962E
C0A1EA89
C0A33DE8
C0A49053
C0A5E1D4
C0A73274
C0A8823B
C0A9D132
C0AB1F5F
C0AC6CCB
C0ADB97D
C0AF057C
C0B050CF
C0B19B7D
C0B2E58A
C0B42EFF
C0B577E0
C0B6C033
C0B807FE
C0B94F46
C0BA9610
C0BBDC60
C0BD223B
C0BE67A6
C0BFACA6
C0C0F13D
C0C23571
C0C37945
C0C4BCBC
C0C5FFDB
C0C742A4
C0C8851B
C0C9C744
C0CB0920
C0CC4AB4
C0CD8C01
C0CECD0A
C0D00DD3
C0D14E5E
C0D28EAC
C0D3CEC0
C0D50E9E
C0D64E45
C0D78DB9
C0D8CCFC
C0DA0C10
C0DB4AF6
C0DC89AF
C0DDC83F
C0DF06A6
C0E044E6
C0E18300
C0E2C0F6
C0E3FEC9
C0E53C7B
C0E67A0C
C0E7B77F
C0E8F4D4
C0EA320C
C0EB6F29
C0ECAC2B
C0EDE914
C0EF25E4
C0F0629D
C0F19F3E
C0F2DBCA
C0F41842
C0F554A4
C0F690F4
C0F7CD31
C0F9095B
C0FA4575
C0FB817E
C0FCBD76
C0FDF960
C0FF353A
C1003883
C100D663
C101743B
C102120E
3F2A7BE9
3F2980DE
3F287C8E
3F276EA1
3F2656BD
3F253485
3F240796
3F22CF8E
3F218C03
3F203C89
3F1EE0B0
3F1D7804
3F1C020B
3F1A7E4A
3F18EC3F
3F174B62
3F159B2A
3F13DB06
3F120A5F
3F10289D
3F0E351D
3F0C2F3A
3F0A1648
3F07E994
3F05A866
3F0351FF
3F00E59A
3EFCC4D5
3EF78F39
3EF228AC
3EEC8F6B
3EE6C1A4
3EE0BD77
3EDA80F2
3ED40A18
3ECD56D9
3EC66516
3EBF32A3
3EB7BD42
3EB002A7
3EA80076
3E9FB446
3E971B9F
3E8E33FC
3E84FAC9
3E76DAD4
3E63126C
3E4E96F5
3E3962FD
3E237103
3E0CBB7F
3DEA79CD
3DB9DF5C
3D879CA5
3D274D74
3C6F96BE
BC4C4C84
BD25B18B
BD8E04B5
BDCB16E3
BE050C29
BE2588BB
BE470509
BE698498
BE86853F
BE98CCB0
BEAB99AC
BEBEECFB
BED2C719
BEE7282E
BEFC100B
BF08BF13
BF13B8CA
BF1EF484
BF2A7166
BF362E64
BF422A3A
BF4E6373
BF5AD864
BF678731
BF746DCC
BF80C4FD
BF876CAA
BF8E2CA3
BF950390
BF9BF004
BFA2F086
BFAA0393
BFB1279B
BFB85B0A
BFBF9C46
BFC6E9B5
BFCE41BD
BFD5A2C7
BFDD0B42
BFE479A5
BFEBEC70
BFF3622E
BFFAD97A
C001287C
C004E3B2
C0089DC1
C00C5616
C0100C28
C013BF74
C0176F85
C01B1BEB
C01EC441
C022682C
C0260759
C029A17F
C02D365C
C030C5B7
C0344F60
C037D32B
C03B50F8
C03EC8A9
C0423A2B
C045A56C
C0490A64
C04C690D
C04FC168
C0531378
C0565F46
C059A4DD
C05CE44D
C0601DA7
C0635101
C0667E70
C069A60D
C06CC7F4
C06FE441
C072FB10
C0760C81
C07918B2
C07C1FC4
C07F21D7
C0810F86
C0828BC2
C08405B1
C0857D62
C086F2E7
C0886650
C089D7AC
C08B470D
C08CB482
C08E201B
C08F89E7
C090F1F5
C0925854
C093BD12
C095203E
C09681E6
C097E216
C09940DC
C09A9E45
C09BFA5D
C09D5530
C09EAECA
C0A00736
C0A15E7F
C0A2B4AF
C0A409D2
C0A55DF0
C0A6B115
C0A80348
C0A95493
C0AAA4FE
C0ABF492
C0AD4358
C0AE9156
C0AFDE95
C0B12B1B
C0B276EF
C0B3C219
C0B50C9F
C0B65687
C0B79FD7
C0B8E895
C0BA30C7
C0BB7871
C0BCBF99
C0BE0644
C0BF4C77
C0C09237
C0C1D787
C0C31C6C
C0C460EB
C0C5A506
C0C6E8C3
C0C82C24
C0C96F2D
C0CAB1E2
C0CBF445
C0CD365A
C0CE7824
C0CFB9A6
C0D0FAE2
C0D23BDB
C0D37C94
C0D4BD0F
C0D5FD4F
C0D73D56
C0D87D25
C0D9BCC0
C0DAFC28
C0DC3B5F
C0DD7A66
C0DEB941
C0DFF7F0
C0E13675
C0E274D2
C0E3B308
C0E4F119
C0E62F07
C0E76CD1
C0E8AA7B
C0E9E805
C0EB2570
C0EC62BD
C0ED9FEF
C0EEDD05
C0F01A00
C0F156E3
C0F293AD
C0F3D060
C0F50CFC
C0F64983
C0F785F5
C0F8C253
C0F9FE9D
C0FB3AD6
C0FC76FC
C0FDB311
C0FEEF16
C1001585
C100B378
C1015164
C101EF48
C1028D26
C1032AFD
3F2358C6
3F225C78
3F2156D7
3F20478C
3F1F2E3B
3F1E0A87
3F1CDC0E
3F1BA26A
3F1A5D32
3F190BFA
3F17AE51
3F1643C1
3F14CBD1
3F134604
3F11B1D6
3F100EC1
3F0E5C39
3F0C99AC
3F0AC685
3F08E226
3F06EBEE
3F04E337
3F02C752
3F00978D
3EFCA659
3EF7F2E4
3EF3132B
3EEE0593
3EE8C873
3EE35A12
3EDDB8AA
3ED7E265
3ED1D560
3ECB8FA6
3EC50F34
3EBE51F8
3EB755CE
3EB01886
3EA897DC
3EA0D180
3E98C312
3E906A24
3E87C437
3E7D9D80
3E6B0E52
3E57D59A
3E43EDFB
3E2F5204
3E19FC36
3E03E703
3DDA19A9
3DAAD022
3D73CC81
3D0EA1BD
3C182786
BC8C21B2
BD35C3CE
BD9491E5
BDD02276
BE06CE9E
BE2685B0
BE473AB7
BE68F1A9
BE85D70C
BE97B997
BEAA21CD
BEBD10C4
BED0874C
BEE485E6
BEF90CC2
BF070DDA
BF11D91D
BF1CE7B7
BF283901
BF33CC24
BF3FA013
BF4BB38B
BF580517
BF64930B
BF715B89
BF7E5C82
BF85C9DC
BF8C7F5F
BF934D7F
BF9A32E1
BFA12E16
BFA83DA2
BFAF5FFC
BFB69393
BFBDD6CC
BFC5280B
BFCC85B0
BFD3EE1B
BFDB5FB1
BFE2D8DB
BFEA580B
BFF1DBBA
BFF9626E
C000755E
C00439A1
C007FD5B
C00BBFEB
C00F80BC
C0133F40
C016FAF5
C01AB35F
C01E680E
C022189B
C025C4A8
C0296BDF
C02D0DF6
C030AAA8
C03441BC
C037D2FD
C03B5E42
C03EE366
C042624C
C045DADE
C0494D0B
C04CB8C9
C0501E12
C0537CE6
C056D548
C05A2740
C05D72D9
C060B823
C063F730
C0673014
C06A62E6
C06D8FC0
C070B6BB
C073D7F6
C076F38E
C07A09A1
C07D1A50
C08012DD
C0819602
C08316A5
C08494DA
C08610AF
C0878A38
C0890183
C08A76A3
C08BE9A7
C08D5AA1
C08EC9A1
C09036B6
C091A1F1
C0930B61
C0947315
C095D91C
C0973D84
C098A05C
C09A01B2
C09B6193
C09CC00C
C09E1D2A
C09F78F9
C0A0D385
C0A22CDB
C0A38504
C0A4DC0D
C0A631FF
C0A786E6
C0A8DACA
C0AA2DB6
C0AB7FB3
C0ACD0C9
C0AE2102
C0AF7065
C0B0BEFB
C0B20CCC
C0B359DF
C0B4A63A
C0B5F1E6
C0B73CE9
C0B88749
C0B9D10C
C0BB1A39
C0BC62D5
C0BDAAE6
C0BEF271
C0C0397A
C0C18008
C0C2C61F
C0C40BC4
C0C550FA
C0C695C6
C0C7DA2C
C0C91E31
C0CA61D7
C0CBA523
C0CCE817
C0CE2AB8
C0CF6D08
C0D0AF0B
C0D1F0C3
C0D33234
C0D4735F
C0D5B449
C0D6F4F3
C0D8355F
C0D97591
C0DAB58A
C0DBF54C
C0DD34DA
C0DE7436
C0DFB361
C0E0F25E
C0E2312E
C0E36FD3
C0E4AE4E
C0E5ECA1
C0E72ACF
C0E868D7
C0E9A6BB
C0EAE47E
C0EC2220
C0ED5FA2
C0EE9D06
C0EFDA4C
C0F11777
C0F25486
C0F3917C
C0F4CE58
C0F60B1D
C0F747CA
C0F88461
C0F9C0E3
C0FAFD4F
C0FC39A9
C0FD75EF
C0FEB223
C0FFEE45
C100952B
C101332B
C101D124
C1026F15
C1030CFF
C103AAE1
C10448BD
3F1C1D81
3F1B1FF0
3F1A18FF
3F190855
3F17ED98
3F16C868
3F159864
3F145D24
3F131641
3F11C34B
3F1063D1
3F0EF75E
3F0D7D77
3F0BF59E
3F0A5F4F
3F08BA03
3F07052C
3F054037
3F036A8F
3F018394
3EFF154C
3EFAFE36
3EF6C08A
3EF25ADE
3EEDCBBD
3EE911A2
3EE42AFE
3EDF1631
3ED9D190
3ED45B5E
3ECEB1D3
3EC8D314
3EC2BD3B
3EBC6E50
3EB5E44C
3EAF1D17
3EA8168B
3EA0CE72
3E994285
3E91706F
3E8955CA
3E80F023
3E7079EC
3E5E7368
3E4BC77E
3E3870DA
3E246A13
3E0FADAC
3DF46C2E
3DC7FB73
3D99FDE0
3D54D04A
3CE4BBC6
3B48E070
BCB96B3D
BD498314
BD9CF7FA
BDD708A7
BE097EE0
BE287085
BE485DE6
BE694B5D
BE859E76
BE971B1E
BEA91D40
BEBBA63D
BECEB734
BEE250FB
BEF6741B
BF059064
BF102B70
BF1B0AF2
BF262E7A
BF319563
BF3D3ED6
BF4929C9
BF5554FA
BF61BEF2
BF6E6606
BF7B4856
BF8431E9
BF8ADB1C
BF919E8C
BF987AED
BF9F6EE1
BFA678F6
BFAD97AC
BFB4C978
BFBC0CC4
BFC35FF3
BFCAC162
BFD22F6D
BFD9A870
BFE12ACA
BFE8B4DE
BFF04519
BFF7D9ED
BFFF71DD
C00385BA
C00752A7
C00B1F0C
C00EEA46
C012B3BC
C0167ADF
C01A3F28
C01E001A
C021BD41
C0257634
C0292A93
C02CDA06
C030843F
C03428F9
C037C7F7
C03B6106
C03EF3F7
C04280A6
C04606F5
C04986CB
C04D0018
C05072D0
C053DEEC
C057446B
C05AA351
C05DFBA5
C0614D72
C06498C7
C067DDB6
C06B1C54
C06E54B8
C07186FB
C074B339
C077D98D
C07AFA18
C07E14F8
C0809527
C0821D1D
C083A26F
C085252F
C086A56E
C088233D
C0899EAE
C08B17D1
C08C8EB8
C08E0375
C08F7617
C090E6B1
C0925551
C093C209
C0952CE8
C09695FE
C097FD5B
C099630C
C09AC721
C09C29A8
C09D8AAE
C09EEA42
C0A04870
C0A1A545
C0A300CE
C0A45B16
C0A5B429
C0A70C12
C0A862DD
C0A9B893
C0AB0D3F
C0AC60EB
C0ADB3A1
C0AF0569
C0B0564D
C0B1A655
C0B2F589
C0B443F2
C0B59196
C0B6DE7F
C0B82AB1
C0B97636
C0BAC113
C0BC0B4E
C0BD54EE
C0BE9DF9
C0BFE674
C0C12E65
C0C275D2
C0C3BCBF
C0C50331
C0C6492C
C0C78EB7
C0C8D3D4
C0CA1888
C0CB5CD7
C0CCA0C5
C0CDE456
C0CF278D
C0D06A6D
C0D1ACFB
C0D2EF38
C0D43129
C0D572D1
C0D6B431
C0D7F54D
C0D93627
C0DA76C2
C0DBB721
C0DCF745
C0DE3731
C0DF76E7
C0E0B669
C0E1F5B9
C0E334D9
C0E473CB
C0E5B290
C0E6F12B
C0E82F9D
C0E96DE7
C0EAAC0B
C0EBEA0B
C0ED27E8
C0EE65A2
C0EFA33D
C0F0E0B7
C0F21E14
C0F35B54
C0F49878
C0F5D581
C0F71271
C0F84F48
C0F98C06
C0FAC8AE
C0FC0540
C0FD41BD
C0FE7E25
C0FFBA7A
C1007B5E
C1011975
C101B784
C102558B
C102F38A
C1039180
C1042F70
C104CD58
C1056B39
3F14CABD
3F13CBE9
3F12C3A8
3F11B1A1
3F109577
3F0F6ECD
3F0E3D3E
3F0D0064
3F0BB7D5
3F0A6322
3F0901D9
3F079384
3F0617A7
3F048DC4
3F02F555
3F014DD2
3EFF2D59
3EFB9EA5
3EF7EE55
3EF41B2D
3EF023E7
3EEC072E
3EE7C3A3
3EE357DB
3EDEC25D
3EDA01A2
3ED51417
3ECFF81B
3ECAABFE
3EC52E01
3EBF7C59
3EB99527
3EB37682
3EAD1E6D
3EA68ADD
3E9FB9B8
3E98A8D2
3E9155F2
3E89BECB
3E81E104
3E737464
3E628FB8
3E510EF6
3E3EECF0
3E2C2462
3E18AFEA
3E048A14
3DDF5AAB
3DB42828
3D87714F
3D325579
3CA5240F
BB83F483
BCEDE622
BD60E20C
BDA730E4
BDDFC40F
BE0D1A98
BE2B474D
BE4A6D18
BE6A90AE
BE85DB3D
BE96F148
BEA88C53
BEBAAE03
BECD57BF
BEE08AAE
BEF447AF
BF0447A8
BF0EB0E8
BF195F88
BF24534C
BF2F8BC6
BF3B0854
BF46C822
BF52CA25
BF5F0D1C
BF6B8F92
BF784FDA
BF82A60A
BF894118
BF8FF7F3
BF96C963
BF9DB41A
BFA4B6B7
BFABCFC5
BFB2FDC3
BFBA3F21
BFC19246
BFC8F590
BFD06759
BFD7E5F7
BFDF6FC2
BFE70312
BFEE9E48
BFF63FC7
BFFDE5FF
C002C7B5
C0069D48
C00A7303
C00E4838
C0121C43
C015EE88
C019BE73
C01D8B7B
C0215521
C0251AEE
C028DC77
C02C9957
C0305136
C03403C3
C037B0B7
C03B57D4
C03EF8E2
C04293B3
C0462821
C049B60C
C04D3D5B
C050BDFC
C05437E1
C057AB04
C05B1762
C05E7CFF
C061DBE2
C0653415
C06885A6
C06BD0A9
C06F1531
C0725356
C0758B31
C078BCDE
C07BE87A
C07F0E24
C08116FE
C082A411
C0842E5C
C085B5F1
C0873AE1
C088BD3D
C08A3D18
C08BBA83
C08D3590
C08EAE50
C09024D5
C0919930
C0930B73
C0947BAD
C095E9F1
C097564E
C098C0D4
C09A2993
C09B909A
C09CF5F8
C09E59BC
C09FBBF4
C0A11CAD
C0A27BF6
C0A3D9DC
C0A5366B
C0A691AF
C0A7EBB4
C0A94487
C0AA9C33
C0ABF2C1
C0AD483D
C0AE9CB1
C0AFF027
C0B142A8
C0B2943E
C0B3E4F1
C0B534C9
C0B683D0
C0B7D20D
C0B91F87
C0BA6C46
C0BBB852
C0BD03B0
C0BE4E68
C0BF9881
C0C0E1FF
C0C22AE9
C0C37345
C0C4BB17
C0C60267
C0C74937
C0C88F8E
C0C9D570
C0CB1AE1
C0CC5FE6
C0CDA483
C0CEE8BC
C0D02C94
C0D17010
C0D2B333
C0D3F600
C0D5387B
C0D67AA7
C0D7BC87
C0D8FE1E
C0DA3F6E
C0DB807B
C0DCC147
C0DE01D4
C0DF4225
C0E0823C
C0E1C21B
C0E301C5
C0E4413C
C0E58081
C0E6BF96
C0E7FE7E
C0E93D39
C0EA7BCB
C0EBBA33
C0ECF875
C0EE3690
C0EF7488
C0F0B25C
C0F1F010
C0F32DA2
C0F46B16
C0F5A86C
C0F6E5A6
C0F822C4
C0F95FC7
C0FA9CB0
C0FBD982
C0FD163B
C0FE52DE
C0FF8F6B
C10065F1
C1010423
C101A24B
C102406A
C102DE80
C1037C8D
C1041A92
C104B88E
C1055683
C105F471
C1069257
3F0D611E
3F0C6108
3F0B5778
3F0A4414
3F092680
3F07FE5C
3F06CB44
3F058CD1
3F044298
3F02EC29
3F018913
3F0018DD
3EFD3618
3EFA1E3F
3EF6E925
3EF395B7
3EF022D6
3EEC8F5A
3EE8DA10
3EE501BB
3EE1050F
3EDCE2B9
3ED89956
3ED42777
3ECF8BA2
3ECAC44E
3EC5CFE4
3EC0ACC0
3EBB5930
3EB5D372
3EB019B5
3EAA2A1A
3EA402B1
3E9DA17C
3E97046C
3E902962
3E890E2E
3E81B092
3E741C7C
3E6449A6
3E53E3C4
3E42E5D9
3E314ACB
3E1F0D63
3E0C2850
3DF12C4B
3DC8A2C5
3D9EA8E1
3D66669E
3D0C6D47
3C3D3AFD
BC443034
BD14BA33
BD7BD2B0
BDB3362B
BDEA4ED5
BE119F32
BE2F07D1
BE4D6680
BE6CC044
BE868CF1
BE973BEB
BEA86F24
BEBA287E
BECC69A7
BEDF340F
BEF288E4
BF033487
BF0D6A91
BF17E6B3
BF22A8E2
BF2DB0E4
BF38FE4E
BF449081
BF5066AA
BF5C7FC1
BF68DA86
BF757582
BF812786
BF87B2A1
BF8E5B07
BF951F96
BF9BFF14
BFA2F831
BFAA098A
BFB131A7
BFB86F05
BFBFC010
BFC7232C
BFCE96B3
BFD618F9
BFDDA853
BFE54311
BFECE787
BFF49410
BFFC470A
C001FF70
C005DD02
C009BB7D
C00D9A27
C0117850
C0155552
C019308B
C01D0967
C020DF59
C024B1DE
C028807E
C02C4AC9
C030105A
C033D0D5
C0378BE7
C03B4147
C03EF0B3
C04299F4
C0463CDA
C049D93B
C04D6EF6
C050FDF2
C054861A
C0580761
C05B81BF
C05EF531
C06261B8
C065C75D
C0692628
C06C7E29
C06FCF70
C0731A14
C0765E2A
C0799BCD
C07CD318
C0800214
C081978F
C0832A0D
C084B99E
C0864654
C087D040
C0895774
C08ADC01
C08C5DFB
C08DDD73
C08F5A7B
C090D526
C0924D84
C093C3A9
C09537A5
C096A98A
C0981968
C0998751
C09AF355
C09C5D84
C09DC5EE
C09F2CA2
C0A091B0
C0A1F525
C0A35710
C0A4B77F
C0A61680
C0A7741F
C0A8D06A
C0AA2B6C
C0AB8531
C0ACDDC6
C0AE3535
C0AF8B8A
C0B0E0CE
C0B2350C
C0B3884D
C0B4DA9B
C0B62C00
C0B77C84
C0B8CC2F
C0BA1B0A
C0BB691C
C0BCB66D
C0BE0305
C0BF4EEB
C0C09A25
C0C1E4BA
C0C32EB0
C0C4780D
C0C5C0D8
C0C70915
C0C850CB
C0C997FE
C0CADEB3
C0CC24F0
C0CD6AB9
C0CEB012
C0CFF500
C0D13986
C0D27DA9
C0D3C16D
C0D504D5
C0D647E5
C0D78AA0
C0D8CD09
C0DA0F24
C0DB50F3
C0DC927A
C0DDD3BB
C0DF14B9
C0E05577
C0E195F7
C0E2D63A
C0E41645
C0E55618
C0E695B7
C0E7D522
C0E9145C
C0EA5367
C0EB9245
C0ECD0F7
C0EE0F7F
C0EF4DDF
C0F08C18
C0F1CA2B
C0F3081B
C0F445E8
C0F58394
C0F6C120
C0F7FE8D
C0F93BDC
C0FA790F
C0FBB627
C0FCF325
C0FE3009
C0FF6CD5
C10054C4
C100F313
C1019157
C1022F91
C102CDC1
C1036BE7
C1040A03
C104A817
C1054622
C105E425
C1068220
C1072014
C107BDFF
3F05E14B
3F04DFF5
3F03D517
3F02C059
3F01A15B
3F0077BF
3EFE863E
3EFC0629
3EF96E67
3EF6BE17
3EF3F453
3EF1102B
3EEE10A5
3EEAF4C0
3EE7BB6F
3EE4639D
3EE0EC2B
3EDD53ED
3ED999B1
3ED5BC34
3ED1BA2B
3ECD923F
3EC9430B
3EC4CB1E
3EC028FB
3EBB5B17
3EB65FD7
3EB13596
3EABDA9C
3EA64D27
3EA08B61
3E9A9368
3E946349
3E8DF901
3E87527F
3E806D9D
3E729055
3E63BFC5
3E5464E3
3E447AE6
3E33FCE8
3E22E5E2
3E1130AF
3DFDB018
3DD7AD3A
3DB04DD6
3D8786CF
3D3A99BC
3CC6526B
3B0A4FC7
BCAA144B
BD35FB7E
BD8D232E
BDC100FE
BDF6A2B6
BE1709DD
BE33AF9B
BE51480C
BE6FD87A
BE87B2FD
BE97FAB1
BEA8C5A1
BEBA15E8
BECBED72
BEDE4DF5
BEF138EA
BF0257C4
BF0C595F
BF16A196
BF21308E
BF2C0640
BF372275
BF4284C6
BF4E2C96
BF5A1915
BF66493C
BF72BBCC
BF7F6F51
BF863110
BF8CC92B
BF937EF0
BF9A513B
BFA13ED1
BFA8465F
BFAF6681
BFB69DBF
BFBDEA8F
BFC54B5E
BFCCBE8A
BFD44269
BFDBD54E
BFE37585
BFEB215D
BFF2D723
BFFA952D
C0012CEA
C00511BE
C008F849
C00CDFC9
C010C783
C014AEC3
C01894DD
C01C7931
C0205B24
C0243A28
C02815B7
C02BED55
C02FC08F
C0338EFF
C0375845
C03B1C0C
C03EDA08
C04291F7
C046439D
C049EEC9
C04D9350
C0513110
C054C7ED
C05857D2
C05BE0AF
C05F627C
C062DD35
C06650DC
C069BD76
C06D230D
C07081B0
C073D96F
C0772A60
C07A7499
C07DB834
C0807AA6
C0821601
C083AE39
C085435F
C086D584
C08864BA
C089F112
C08B7A9F
C08D0172
C08E859E
C0900737
C091864D
C09302F4
C0947D3E
C095F53D
C0976B03
C098DEA2
C09A502B
C09BBFAF
C09D2D40
C09E98EE
C0A002C8
C0A16AE0
C0A2D143
C0A43602
C0A5992B
C0A6FACB
C0A85AF2
C0A9B9AD
C0AB1708
C0AC7311
C0ADCDD3
C0AF275A
C0B07FB3
C0B1D6E8
C0B32D05
C0B48212
C0B5D61C
C0B7292B
C0B87B48
C0B9CC7E
C0BB1CD4
C0BC6C53
C0BDBB03
C0BF08ED
C0C05617
C0C1A289
C0C2EE4A
C0C43960
C0C583D3
C0C6CDA9
C0C816E6
C0C95F93
C0CAA7B3
C0CBEF4C
C0CD3664
C0CE7D00
C0CFC323
C0D108D4
C0D24E16
C0D392ED
C0D4D75E
C0D61B6C
C0D75F1C
C0D8A271
C0D9E56E
C0DB2817
C0DC6A6F
C0DDAC7A
C0DEEE39
C0E02FB1
C0E170E4
C0E2B1D4
C0E3F284
C0E532F6
C0E6732D
C0E7B32C
C0E8F2F4
C0EA3287
C0EB71E7
C0ECB117
C0EDF018
C0EF2EED
C0F06D95
C0F1AC15
C0F2EA6C
C0F4289C
C0F566A8
C0F6A490
C0F7E256
C0F91FFB
C0FA5D80
C0FB9AE7
C0FCD830
C0FE155D
C0FF526F
C10047B3
C100E623
C1018486
C10222DE
C102C12A
C1035F6C
C103FDA4
C1049BD1
C10539F5
C105D810
C1067622
C107142B
C107B22C
C1085026
C108EE17
3EFC97D9
3EFA92AF
3EF87A5C
3EF64E2C
3EF40D62
3EF1B73D
3EEF4AF4
3EECC7B4
3EEA2CA6
3EE778E9
3EE4AB94
3EE1C3B5
3EDEC051
3EDBA065
3ED862E4
3ED506B5
3ED18AB9
3ECDEDC2
3ECA2E9A
3EC64BFE
3EC244A1
3EBE1728
3EB9C22D
3EB5443C
3EB09BD6
3EABC76C
3EA6C562
3EA1940F
3E9C31B9
3E969C99
3E90D2D8
3E8AD290
3E8499CA
3E7C4CFE
3E6EED34
3E610FE6
3E52B0A5
3E43CAE3
3E3459ED
3E2458F3
3E13C304
3E02930F
3DE187C7
3DBCA06B
3D966539
3D5D9656
3D0B8E1A
3C5A6BF7
BC056818
BCF8D069
BD5AA6FC
BD9E16F1
BDD08A3A
BE025C8A
BE1D5794
BE393BFB
BE560F68
BE73D761
BE894CA1
BE992D18
BEA98F8A
BEBA7647
BECBE374
BEDDD905
BEF058BA
BF01B20A
BF0B7E2A
BF159137
BF1FEB87
BF2A8D42
BF357664
BF40A6BC
BF4C1DE4
BF57DB42
BF63DE0A
BF702535
BF7CAF88
BF84BDC7
BF8B43CF
BF91E8EA
BF98AC0F
BF9F8C18
BFA687CA
BFAD9DD1
BFB4CCC6
BFBC132E
BFC36F81
BFCAE024
BFD26373
BFD9F7C3
BFE19B60
BFE94C94
BFF109A6
BFF8D0E2
C000504A
C0043B8A
C008295F
C00C18FD
C010099F
C013FA86
C017EAFC
C01BDA52
C01FC7E3
C023B313
C0279B4F
C02B800F
C02F60D5
C0333D2A
C03714A5
C03AE6E4
C03EB38F
C0427A58
C0463AFA
C049F537
C04DA8DD
C05155BE
C054FBB6
C0589AA8
C05C327D
C05FC326
C0634C97
C066CECC
C06A49C6
C06DBD8A
C0712A22
C0748F9A
C077EE04
C07B4574
C07E9602
C080EFE3
C082916F
C0842FB4
C085CAC0
C08762A6
C088F776
C08A8942
C08C181C
C08DA417
C08F2D44
C090B3B8
C0923784
C093B8BB
C0953772
C096B3B9
C0982DA4
C099A545
C09B1AAF
C09C8DF3
C09DFF22
C09F6E4F
C0A0DB8A
C0A246E3
C0A3B06B
C0A51832
C0A67E48
C0A7E2BA
C0A94599
C0AAA6F2
C0AC06D3
C0AD6549
C0AEC263
C0B01E2B
C0B178B0
C0B2D1FB
C0B42A1A
C0B58117
C0B6D6FD
C0B82BD7
C0B97FAE
C0BAD28B
C0BC247A
C0BD7582
C0BEC5AC
C0C01501
C0C16388
C0C2B14A
C0C3FE4E
C0C54A9B
C0C69639
C0C7E12E
C0C92B80
C0CA7536
C0CBBE55
C0CD06E4
C0CE4EE8
C0CF9667
C0D0DD64
C0D223E7
C0D369F2
C0D4AF8B
C0D5F4B7
C0D73978
C0D87DD5
C0D9C1CF
C0DB056C
C0DC48AE
C0DD8B99
C0DECE31
C0E01079
C0E15274
C0E29424
C0E3D58D
C0E516B2
C0E65794
C0E79837
C0E8D89D
C0EA18C8
C0EB58BB
C0EC9878
C0EDD800
C0EF1756
C0F0567C
C0F19574
C0F2D43F
C0F412DF
C0F55155
C0F68FA4
C0F7CDCD
C0F90BD1
C0FA49B2
C0FB8771
C0FCC50F
C0FE028D
C0FF3FEE
C1003E99
C100DD2C
C1017BB2
C1021A2C
C102B899
C10356F9
C103F54F
C1049399
C10531D9
C105D00E
C1066E39
C1070C5B
C107AA74
C1084884
C108E68C
C109848B
C10A2283
3EED4353
3EEB3BB0
3EE920CA
3EE6F1EB
3EE4AE58
3EE2554C
3EDFE5FD
3EDD5F99
3EDAC145
3ED80A21
3ED53940
3ED24DB1
3ECF4676
3ECC228C
3EC8E0E2
3EC5805F
3EC1FFE1
3EBE5E3A
3EBA9A30
3EB6B27F
3EB2A5D7
3EAE72DC
3EAA1825
3EA5943C
3EA0E59E
3E9C0ABC
3E9701F6
3E91C99F
3E8C5FFC
3E86C341
3E80F195
3E75D21C
3E694F64
3E5C56EE
3E4EE485
3E40F3D3
3E328062
3E238598
3E13FEBD
3E03E6F5
3DE6728C
3DC3E128
3DA00F4D
3D75E492
3D28FE6D
3CB2ABDD
3ADA8FAF
BC9D39AF
BD27154D
BD81562D
BDB0BCD4
BDE1CA7A
BE0A4581
BE248525
BE3FAA0A
BE5BBA03
BE78BAC7
BE8B58F8
BE9AD273
BEAACC73
BEBB4974
BECC4BCE
BEDDD5AF
BEEFE916
BF0143E5
BF0AD9AC
BF14B682
BF1EDAE9
BF294738
BF33FB9D
BF3EF818
BF4A3C7A
BF55C862
BF619B39
BF6DB434
BF7A1251
BF835A2B
BF89CC67
BF905F09
BF97111F
BF9DE1A0
BFA4CF66
BFABD933
BFB2FDB5
BFBA3B81
BFC1911C
BFC8FCF9
BFD07D7C
BFD810FF
BFDFB5D1
BFE76A3C
BFEF2C84
BFF6FAED
BFFED3BD
C0035A9F
C0074EDF
C00B45CA
C00F3E93
C0133870
C01732A0
C01B2C68
C01F2519
C0231C08
C0271098
C02B0232
C02EF04A
C032DA60
C036BFFA
C03AA0AB
C03E7C10
C04251CD
C0462191
C049EB16
C04DAE1C
C0516A6D
C0551FDB
C058CE3F
C05C757A
C0601574
C063AE1C
C0673F66
C06AC94C
C06E4BCF
C071C6F2
C0753ABD
C078A73F
C07C0C88
C07F6AAC
C08160E0
C08308F1
C084AD95
C0864EDB
C087ECD5
C0898792
C08B1F24
C08CB39D
C08E450F
C08FD38D
C0915F2A
C092E7FA
C0946E0E
C095F17B
C0977254
C098F0AB
C09A6C95
C09BE623
C09D5D68
C09ED278
C0A04562
C0A1B63B
C0A32512
C0A491F9
C0A5FD00
C0A76638
C0A8CDB2
C0AA337B
C0AB97A4
C0ACFA3A
C0AE5B4D
C0AFBAEA
C0B1191F
C0B275F9
C0B3D184
C0B52BCC
C0B684DE
C0B7DCC5
C0B9338C
C0BA893D
C0BBDDE4
C0BD318A
C0BE8439
C0BFD5FA
C0C126D6
C0C276D5
C0C3C601
C0C51461
C0C661FD
C0C7AEDD
C0C8FB07
C0CA4682
C0CB9156
C0CCDB89
C0CE2520
C0CF6E23
C0D0B695
C0D1FE7E
C0D345E2
C0D48CC7
C0D5D331
C0D71925
C0D85EA8
C0D9A3BE
C0DAE86B
C0DC2CB3
C0DD709A
C0DEB424
C0DFF755
C0E13A2F
C0E27CB7
C0E3BEEF
C0E500DA
C0E6427C
C0E783D7
C0E8C4ED
C0EA05C3
C0EB4659
C0EC86B3
C0EDC6D3
C0EF06BA
C0F0466C
C0F185EA
C0F2C537
C0F40453
C0F54341
C0F68203
C0F7C09B
C0F8FF09
C0FA3D50
C0FB7B72
C0FCB96E
C0FDF748
C0FF3500
C100394C
C100D808
C10176B5
C1021554
C102B3E5
C1035268
C103F0DF
C1048F4A
C1052DA8
C105CBFB
C1066A43
C1070881
C107A6B4
C10844DD
C108E2FD
C1098114
C10A1F23
C10ABD29
C10B5B27
3EDDC654
3EDBBC3C
3ED99EC8
3ED76D41
3ED526E9
3ED2CAFC
3ED058AF
3ECDCF2C
3ECB2D9A
3EC87315
3EC59EB1
3EC2AF79
3EBFA470
3EBC7C8F
3EB936C5
3EB5D1F8
3EB24D03
3EAEA6B5
3EAADDD3
3EA6F119
3EA2DF32
3E9EA6C1
3E9A465B
3E95BC88
3E9107C1
3E8C2675
3E871702
3E81D7B7
3E78CDAF
3E6D8527
3E61D21E
3E55B0B9
3E491CFD
3E3C12D0
3E2E8DF4
3E208A0C
3E120299
3E02F2FA
3DE6ACD8
3DC65017
3DA4C5A8
3D820341
3D3BFCB4
3CE2B0B3
3C100DE2
BC306160
BCFE23C5
BD55004A
BD96FD80
BDC50CD8
BDF4BA1D
BE1308A6
BE2C8F32
BE46F6B0
BE624514
BE7E803D
BE8DD6FB
BE9CE9F3
BEAC7BC5
BEBC8F17
BECD266F
BEDE442D
BEEFEA8A
BF010DC6
BF0A6C82
BF141243
BF1DFFB2
BF283553
BF32B382
BF3D7A72
BF488A28
BF53E276
BF5F8300
BF6B6B34
BF779A47
BF82079D
BF88646C
BF8EE2D5
BF958207
BF9C410F
BFA31EE4
BFAA1A5F
BFB13244
BFB8653E
BFBFB1E0
BFC716AF
BFCE921B
BFD62285
BFDDC645
BFE57BA6
BFED40EE
BFF5145E
BFFCF435
C0026F5A
C0066910
C00A6661
C00E6676
C012687E
C0166BAD
C01A6F3E
C01E7275
C022749D
C026750A
C02A731A
C02E6E34
C03265CA
C0365955
C03A485C
C03E326E
C0421723
C045F61E
C049CF0D
C04DA1A4
C0516DA3
C05532D1
C058F0FD
C05CA7FF
C06057B7
C064000A
C067A0E6
C06B3A3E
C06ECC0A
C072564A
C075D901
C0795436
C07CC7F6
C0801A29
C081CCAE
C0837B96
C08526EE
C086CEC3
C0887325
C08A1424
C08BB1D1
C08D4C3C
C08EE37A
C090779B
C09208B3
C09396D5
C0952215
C096AA87
C098303D
C099B34C
C09B33C7
C09CB1C2
C09E2D4F
C09FA683
C0A11D6E
C0A29225
C0A404B9
C0A5753C
C0A6E3C0
C0A85056
C0A9BB0D
C0AB23F8
C0AC8B25
C0ADF0A5
C0AF5486
C0B0B6D7
C0B217A6
C0B37702
C0B4D4F7
C0B63193
C0B78CE2
C0B8E6F1
C0BA3FCB
C0BB977B
C0BCEE0E
C0BE438D
C0BF9803
C0C0EB7A
C0C23DFB
C0C38F90
C0C4E042
C0C63018
C0C77F1D
C0C8CD57
C0CA1ACE
C0CB678A
C0CCB392
C0CDFEED
C0CF49A1
C0D093B6
C0D1DD30
C0D32616
C0D46E6D
C0D5B63C
C0D6FD87
C0D84454
C0D98AA6
C0DAD084
C0DC15F1
C0DD5AF2
C0DE9F8B
C0DFE3C0
C0E12795
C0E26B0D
C0E3AE2D
C0E4F0F7
C0E6336E
C0E77597
C0E8B774
C0E9F907
C0EB3A54
C0EC7B5E
C0EDBC27
C0EEFCB1
C0F03CFF
C0F17D14
C0F2BCF1
C0F3FC98
C0F53C0C
C0F67B4F
C0F7BA62
C0F8F948
C0FA3801
C0FB7691
C0FCB4F7
C0FDF337
C0FF3151
C10037A3
C100D68D
C1017565
C102142E
C102B2E7
C1035192
C103F02E
C1048EBC
C1052D3D
C105CBB1
C1066A19
C1070875
C107A6C6
C108450C
C108E347
C1098179
C10A1FA0
C10ABDBF
C10B5BD4
C10BF9E0
C10C97E5
3ECE2229
3ECC15A2
3EC9F5A6
3EC7C17C
3EC57867
3EC319A0
3EC0A45A
3EBE17C1
3EBB72F8
3EB8B51B
3EB5DD3B
3EB2EA64
3EAFDB96
3EACAFC8
3EA965E9
3EA5FCDC
3EA27379
3E9EC891
3E9AFAE4
3E97092C
3E92F214
3E8EB43C
3E8A4E35
3E85BE86
3E8103A6
3E783802
3E6E0BE3
3E637F8B
3E588F77
3E4D3805
3E417573
3E3543E2
3E289F4F
3E1B8399
3E0DEC7A
3DFFAB1E
3DE2749E
3DC42C22
3DA4C814
3D843E9A
3D450B2E
3CFE4AB9
3C5ADA0E
BBA2B885
BCC43312
BD32A77B
BD830BF2
BDAE410B
BDDAFEDA
BE04A8AA
BE1CA240
BE35723C
BE4F1EAE
BE69ADA1
BE82928C
BE90C583
BE9F72A1
BEAE9CC3
BEBE46B0
BECE7317
BEDF2486
BEF05D68
BF010FFF
BF0A372B
BF13A526
BF1D5ABF
BF2758A3
BF319F5A
BF3C2F46
BF47089D
BF522B68
BF5D977F
BF694C87
BF7549F3
BF80C77E
BF870D52
BF8D75DC
BF940064
BF9AAC16
BFA17803
BFA8631F
BFAF6C46
BFB69239
BFBDD3A2
BFC52F16
BFCCA315
BFD42E0E
BFDBCE62
BFE38262
BFEB4859
BFF31E89
BFFB032E
C0017A42
C0057864
C0097B1B
C00D818B
C0118ADA
C0159634
C019A2C9
C01DAFD2
C021BC90
C025C849
C029D251
C02DDA00
C031DEBB
C035DFEF
C039DD16
C03DD5AF
C041C949
C045B778
C0499FDE
C04D8223
C0515DFA
C0553321
C059015C
C05CC878
C060884B
C06440B2
C067F192
C06B9AD6
C06F3C70
C072D658
C076688A
C079F309
C07D75DD
C0807889
C082325A
C083E86D
C0859ACD
C0874986
C088F4A6
C08A9C3D
C08C405A
C08DE10E
C08F7E6C
C0911885
C092AF6C
C0944335
C095D3F3
C09761BA
C098EC9E
C09A74B3
C09BFA0D
C09D7CBF
C09EFCDE
C0A07A7E
C0A1F5B1
C0A36E8B
C0A4E51F
C0A65980
C0A7CBBF
C0A93BEF
C0AAAA22
C0AC1668
C0AD80D3
C0AEE972
C0B05056
C0B1B58E
C0B31929
C0B47B37
C0B5DBC5
C0B73AE1
C0B89898
C0B9F4F8
C0BB500E
C0BCA9E5
C0BE0288
C0BF5A05
C0C0B065
C0C205B3
C0C359FA
C0C4AD43
C0C5FF99
C0C75103
C0C8A18C
C0C9F13B
C0CB401A
C0CC8E2F
C0CDDB83
C0CF281D
C0D07404
C0D1BF40
C0D309D5
C0D453CC
C0D59D2A
C0D6E5F5
C0D82E33
C0D975E8
C0DABD1B
C0DC03D0
C0DD4A0C
C0DE8FD4
C0DFD52D
C0E11A1A
C0E25EA0
C0E3A2C2
C0E4E685
C0E629EC
C0E76CFB
C0E8AFB5
C0E9F21D
C0EB3437
C0EC7606
C0EDB78C
C0EEF8CC
C0F039C9
C0F17A86
C0F2BB05
C0F3FB48
C0F53B51
C0F67B24
C0F7BAC1
C0F8FA2C
C0FA3965
C0FB7870
C0FCB74D
C0FDF5FE
C0FF3485
C1003972
C100D88E
C1017798
C102168F
C102B575
C103544B
C103F311
C10491C7
C105306F
C105CF08
C1066D94
C1070C12
C107AA84
C10848EA
C108E743
C1098592
C10A23D6
C10AC210
C10B603F
C10BFE65
C10C9C81
C10D3A95
C10DD8A0
3EBE581C
3EBC492D
3EBA26AF
3EB7EFEA
3EB5A41E
3EB34284
3EB0CA4E
3EAE3AA7
3EAB92B0
3EA8D183
3EA5F631
3EA2FFC5
3E9FED3B
3E9CBD8C
3E996FA2
3E960261
3E92749E
3E8EC527
3E8AF2BD
3E86FC16
3E82DFDB
3E7D3954
3E746225
3E6B3731
3E61B563
3E57D98A
3E4DA059
3E430665
3E380826
3E2CA1F3
3E20D007
3E148E78
3E07D93F
3DF55864
3DDA060D
3DBDB29E
3DA054F8
3D81E3B8
3D44AA6A
3D033F09
3C7DC3B3
BADA99AB
BC9F4F10
BD1B1D22
BD694BF0
BD9D255C
BDC71851
BDF28A9A
BE0FC412
BE270E7D
BE3F2AA2
BE581E9B
BE71F085
BE86533E
BE94234A
BEA26B66
BEB12E87
BEC06F93
BED03159
BEE07690
BEF141D1
BF014AC7
BF0A3A09
BF136FBB
BF1CECCE
BF26B217
BF30C047
BF3B17EC
BF45B96B
BF50A4FF
BF5BDAB5
BF675A6A
BF7323C6
BF7F3640
BF85C88A
BF8C19A5
BF928DD7
BF992469
BF9FDC89
BFA6B548
BFADAD9C
BFB4C45E
BFBBF851
BFC3481E
BFCAB258
BFD2357F
BFD9D000
BFE18038
BFE94479
BFF11B08
BFF90224
C0007C03
C0047D73
C008847E
C00C9041
C0109FDB
C014B271
C018C72C
C01CDD39
C020F3CD
C0250A27
C0291F8B
C02D3346
C03144B0
C035532A
C0395E1E
C03D6501
C0416752
C045649A
C0495C6B
C04D4E64
C0513A2A
C0551F6F
C058FDEB
C05CD562
C060A59F
C0646E74
C0682FBD
C06BE95D
C06F9B3D
C073454E
C076E785
C07A81DE
C07E145C
C080CF82
C08290F0
C0844E80
C086083C
C087BE2D
C0897062
C08B1EE7
C08CC9CB
C08E7120
C09014F5
C091B55D
C093526A
C094EC30
C09682C1
C0981632
C099A696
C09B3402
C09CBE8B
C09E4644
C09FCB42
C0A14D9A
C0A2CD5F
C0A44AA5
C0A5C57F
C0A73E03
C0A8B441
C0AA284D
C0AB9A3A
C0AD0A1A
C0AE77FE
C0AFE3F7
C0B14E16
C0B2B66C
C0B41D09
C0B581FC
C0B6E554
C0B84720
C0B9A76E
C0BB064D
C0BC63C9
C0BDBFEF
C0BF1ACD
C0C0746E
C0C1CCDD
C0C32427
C0C47A56
C0C5CF76
C0C7238F
C0C876AC
C0C9C8D7
C0CB1A19
C0CC6A7A
C0CDBA03
C0CF08BD
C0D056AF
C0D1A3E1
C0D2F05A
C0D43C22
C0D5873F
C0D6D1B7
C0D81B92
C0D964D5
C0DAAD86
C0DBF5AA
C0DD3D47
C0DE8463
C0DFCB01
C0E11128
C0E256DB
C0E39C20
C0E4E0F9
C0E6256C
C0E7697D
C0E8AD2F
C0E9F085
C0EB3384
C0EC762F
C0EDB889
C0EEFA95
C0F03C56
C0F17DCF
C0F2BF02
C0F3FFF3
C0F540A4
C0F68118
C0F7C150
C0F9014F
C0FA4118
C0FB80AC
C0FCC00D
C0FDFF3E
C0FF3E40
C1003E8A
C100DDDF
C1017D1F
C1021C4B
C102BB63
C1035A69
C103F95E
C1049841
C1053713
C105D5D6
C106748A
C107132E
C107B1C5
C108504E
C108EECA
C1098D3A
C10A2B9D
C10AC9F5
C10B6842
C10C0684
C10CA4BB
C10D42E9
C10DE10D
C10E7F28
C10F1D3A
3EAE6973
3EAC5822
3EAA332A
3EA7F9D1
3EA5AB57
3EA346F2
3EA0CBD5
3E9E3928
3E9B8E0C
3E98C99A
3E95EAE1
3E92F0E9
3E8FDAB0
3E8CA72B
3E895543
3E85E3DA
3E8251C4
3E7D3B9A
3E758D69
3E6D965A
3E6553BE
3E5CC2CC
3E53E09E
3E4AAA38
3E411C80
3E37343F
3E2CEE25
3E2246C1
3E173A84
3E0BC5C0
3DFFC950
3DE7269D
3DCD9B49
3DB31EF2
3D97A8F3
3D7660C8
3D3B582A
3CFC4A4A
3C7AD11D
BA439AF4
BC8E6EEF
BD0DDBE6
BD571141
BD9176CA
BDB8C3AF
BDE17AC8
BE05D3E1
BE1BAB3C
BE324979
BE49B4A9
BE61F2EE
BE7B0A71
BE8A80AF
BE97EEF0
BEA5D30C
BEB4300B
BEC308EC
BED2609B
BEE239F1
BEF297AE
BF01BE39
BF0A755E
BF13726E
BF1CB67B
BF26427D
BF30174A
BF3A3599
BF449DFE
BF4F50E1
BF5A4E83
BF6596F4
BF712A16
BF7D0797
BF849777
BF8ACFAF
BF912BF8
BF97ABBA
BF9E4E40
BFA512B8
BFABF833
BFB2FDA9
BFBA21F3
BFC163D3
BFC8C1F3
BFD03AE4
BFD7CD25
BFDF7722
BFE73736
BFEF0BB0
BFF6F2D3
BFFEEADA
C00378FE
C0078336
C00B932F
C00FA804
C013C0D1
C017DCB8
C01BFAE0
C0201A73
C0243AA4
C0285AAD
C02C79D0
C0309756
C034B295
C038CAEA
C03CDFBB
C040F07B
C044FCA5
C04903BE
C04D0558
C051010B
C054F67C
C058E559
C05CCD58
C060AE39
C06487C4
C06859CC
C06C2429
C06FE6BB
C073A16A
C0775425
C07AFEE0
C07EA196
C0811E23
C082E77C
C084ACD9
C0866E43
C0882BC1
C089E55F
C08B9B29
C08D4D2D
C08EFB7A
C090A61F
C0924D2F
C093F0BA
C09590D4
C0972D90
C098C701
C09A5D3C
C09BF055
C09D8060
C09F0D73
C0A097A1
C0A21F00
C0A3A3A4
C0A525A2
C0A6A50E
C0A821FD
C0A99C81
C0AB14AF
C0AC8A9A
C0ADFE55
C0AF6FF1
C0B0DF82
C0B24D19
C0B3B8C7
C0B5229E
C0B68AAD
C0B7F104
C0B955B4
C0BAB8CB
C0BC1A58
C0BD7A69
C0BED90C
C0C0364E
C0C1923D
C0C2ECE5
C0C44651
C0C59E8E
C0C6F5A7
C0C84BA8
C0C9A099
C0CAF487
C0CC477A
C0CD997C
C0CEEA96
C0D03AD1
C0D18A36
C0D2D8CC
C0D4269C
C0D573AD
C0D6C007
C0D80BB0
C0D956B0
C0DAA10C
C0DBEACB
C0DD33F4
C0DE7C8B
C0DFC497
C0E10C1D
C0E25322
C0E399AB
C0E4DFBD
C0E6255D
C0E76A8E
C0E8AF55
C0E9F3B6
C0EB37B6
C0EC7B57
C0EDBE9E
C0EF018D
C0F04429
C0F18675
C0F2C873
C0F40A27
C0F54B93
C0F68CBB
C0F7CDA0
C0F90E46
C0FA4EAF
C0FB8EDD
C0FCCED2
C0FE0E91
C0FF4E1C
C10046BA
C100E64E
C10185CB
C1022531
C102C482
C10363BE
C10402E7
C104A1FC
C10540FF
C105DFF0
C1067ED0
C1071DA0
C107BC60
C1085B10
C108F9B3
C1099847
C10A36CE
C10AD548
C10B73B5
C10C1216
C10CB06C
C10D4EB7
C10DECF7
C10E8B2D
C10F2958
C10FC77B
C1106594
3E9E5770
3E9C43C5
3E9A1C5A
3E97E076
3E958F55
3E93282F
3E90AA34
3E8E148B
3E8B6655
3E889EA7
3E85BC92
3E82BF1B
3E7F4A7D
3E78DBDF
3E72302E
3E6B4527
3E641873
3E5CA7A3
3E54F032
3E4CEF84
3E44A2E4
3E3C0785
3E331A7E
3E29D8CC
3E203F52
3E164AD5
3E0BF7FE
3E014357
3DEC5296
3DD54C50
3DBD6C33
3DA4AA58
3D8AFE92
3D60C0E7
3D298E92
3CE0A868
3C53FD41
BB083215
BC908D6A
BD0A5F8A
BD4EE249
BD8AF211
BDAFBD64
BDD5DE36
BDFD5FDE
BE1326F5
BE285A10
BE3E4F39
BE550C80
BE6C9804
BE827BFA
BE8F1944
BE9C26FC
BEA9A840
BEB7A028
BEC611C4
BED5001B
BEE46E21
BEF45EB9
BF026A55
BF0AE950
BF13AD8F
BF1CB841
BF260A7C
BF2FA53C
BF39895D
BF43B79B
BF4E308D
BF58F4A1
BF64041C
BF6F5F14
BF7B056E
BF837B6E
BF89996E
BF8FDC58
BF9643B4
BF9CCEEB
BFA37D49
BFAA4DFE
BFB1401D
BFB8529B
BFBF8455
BFC6D40C
BFCE4069
BFD5C7FD
BFDD6946
BFE522AE
BFECF290
BFF4D736
BFFCCEE4
C0026BE8
C0067818
C00A8B18
C00EA400
C012C1E9
C016E3EF
C01B0930
C01F30CE
C02359F3
C02783CE
C02BAD96
C02FD689
C033FDF0
C038231A
C03C4562
C040642C
C0447EE6
C0489508
C04CA615
C050B19B
C054B72E
C058B672
C05CAF10
C060A0BB
C0648B33
C0686E3C
C06C49A6
C0701D46
C073E8FC
C077ACAC
C07B6845
C07F1BB8
C081637F
C083350C
C0850284
C086CBEB
C0889148
C08A52A4
C08C100A
C08DC984
C08F7F22
C09130F1
C092DF01
C0948965
C096302D
C097D36D
C0997338
C09B0FA1
C09CA8BE
C09E3EA2
C09FD164
C0A16116
C0A2EDD0
C0A477A5
C0A5FEAB
C0A782F7
C0A9049D
C0AA83B2
C0AC004B
C0AD7A7B
C0AEF256
C0B067F0
C0B1DB5A
C0B34CA9
C0B4BBED
C0B6293A
C0B7949F
C0B8FE2F
C0BA65F9
C0BBCC0E
C0BD307C
C0BE9354
C0BFF4A4
C0C1547A
C0C2B2E3
C0C40FEE
C0C56BA6
C0C6C61A
C0C81F54
C0C97760
C0CACE4A
C0CC241D
C0CD78E3
C0CECCA6
C0D01F70
C0D1714A
C0D2C23F
C0D41255
C0D56196
C0D6B00B
C0D7FDBA
C0D94AAC
C0DA96E7
C0DBE273
C0DD2D56
C0DE7797
C0DFC13C
C0E10A4B
C0E252CB
C0E39ABF
C0E4E22F
C0E6291E
C0E76F92
C0E8B590
C0E9FB1C
C0EB403B
C0EC84F0
C0EDC940
C0EF0D2F
C0F050C0
C0F193F8
C0F2D6D9
C0F41967
C0F55BA5
C0F69D96
C0F7DF3D
C0F9209D
C0FA61B9
C0FBA293
C0FCE32E
C0FE238D
C0FF63B0
C10051CE
C100F1A9
C101916A
C1023112
C102D0A2
C103701B
C1040F7D
C104AECA
C1054E03
C105ED28
C1068C3A
C1072B3A
C107CA28
C1086905
C10907D2
C109A68F
C10A453E
C10AE3DD
C10B826F
C10C20F4
C10CBF6B
C10D5DD6
C10DFC36
C10E9A8A
C10F38D2
C10FD711
C1107545
C111136F
C111B190
3E8E234E
3E8C0D50
3E89E37C
3E87A514
3E855157
3E82E779
3E8066AA
3E7B9C1F
3E763992
3E70A3D8
3E6AD90D
3E64D739
3E5E9C52
3E58263C
3E5172C5
3E4A7FA8
3E434A89
3E3BD0F6
3E341068
3E2C063D
3E23AFBE
3E1B0A18
3E12125E
3E08C58B
3DFE40F5
3DEA3FDB
3DD58110
3DBFFD9D
3DA9AE4F
3D928BB4
3D751C30
3D435B0F
3D0FC392
3CB48982
3C0B3467
BBB5AB95
BCA4AAFF
BD102635
BD503B49
BD89547F
BDABC210
BDCF7103
BDF46C44
BE0D5F81
BE213A54
BE35CC6D
BE4B1BBB
BE612E43
BE780A1F
BE87DAC0
BE941B4F
BEA0C9DF
BEADE996
BEBB7D96
BEC98901
BED80EEF
BEE7126D
BEF6967A
BF034F00
BF0B95E7
BF14214D
BF1CF278
BF260A9D
BF2F6AD5
BF391420
BF430761
BF4D4558
BF57CEA1
BF62A3AF
BF6DC4CB
BF79320F
BF8275B3
BF887843
BF8EA078
BF94EDF7
BF9B6047
BFA1F6D5
BFA8B0ED
BFAF8DC2
BFB68C65
BFBDABD0
BFC4EADE
BFCC4850
BFD3C2CF
BFDB58ED
BFE30927
BFEAD1E5
BFF2B180
BFFAA643
C0015736
C0056419
C00978E2
C00D94A7
C011B67E
C015DD7D
C01A08BD
C01E375A
C0226876
C0269B35
C02ACEC5
C02F0259
C033352D
C0376685
C03B95AE
C03FC200
C043EADB
C0480FA9
C04C2FE1
C0504B02
C0546094
C058702B
C05C7966
C0607BEC
C064776F
C0686BA7
C06C585A
C0703D53
C0741A66
C077EF70
C07BBC54
C07F80FC
C0819EAD
C08378B3
C0854E8E
C0872040
C088EDCB
C08AB738
C08C7C8C
C08E3DD4
C08FFB19
C091B46B
C09369D7
C0951B6D
C096C93E
C098735D
C09A19DD
C09BBCD0
C09D5C4A
C09EF861
C0A09129
C0A226B8
C0A3B922
C0A5487D
C0A6D4DE
C0A85E5C
C0A9E50A
C0AB68FF
C0ACEA50
C0AE6910
C0AFE555
C0B15F32
C0B2D6BD
C0B44C07
C0B5BF24
C0B73026
C0B89F21
C0BA0C25
C0BB7744
C0BCE08F
C0BE4816
C0BFADEA
C0C11219
C0C274B4
C0C3D5C8
C0C53565
C0C69396
C0C7F06B
C0C94BF0
C0CAA631
C0CBFF3A
C0CD5718
C0CEADD4
C0D0037B
C0D15816
C0D2ABB0
C0D3FE53
C0D55008
C0D6A0D7
C0D7F0CA
C0D93FEA
C0DA8E3D
C0DBDBCD
C0DD28A0
C0DE74BD
C0DFC02D
C0E10AF5
C0E2551C
C0E39EA8
C0E4E79F
C0E63007
C0E777E5
C0E8BF3F
C0EA0619
C0EB4C79
C0EC9264
C0EDD7DD
C0EF1CEA
C0F0618E
C0F1A5CE
C0F2E9AD
C0F42D2F
C0F57057
C0F6B32A
C0F7F5AA
C0F937DB
C0FA79C0
C0FBBB5B
C0FCFCAF
C0FE3DC0
C0FF7E8F
C1005F90
C100FFBA
C1019FC7
C1023FB9
C102DF8F
C1037F4C
C1041EEF
C104BE7B
C1055DF0
C105FD4F
C1069C99
C1073BCE
C107DAF0
C10879FF
C10918FC
C109B7E7
C10A56C1
C10AF58C
C10B9446
C10C32F2
C10CD18F
C10D701F
C10E0EA1
C10EAD17
C10F4B80
C10FE9DD
C110882F
C1112676
C111C4B3
C11262E5
C113010E
3E7B9C81
3E776BF4
3E731389
3E6E91C6
3E69E525
3E650C0E
3E6004DD
3E5ACDDC
3E556546
3E4FC945
3E49F7F2
3E43EF52
3E3DAD59
3E372FE7
3E3074C8
3E2979B4
3E223C4A
3E1ABA17
3E12F08E
3E0ADD0B
3E027CD3
3DF39A1B
3DE19597
3DCEE603
3DBB850F
3DA76C34
3D9294AF
3D79EEFC
3D4D1AC9
3D1E9DC8
3CDCD0F9
3C71AB8E
3B094727
BC34AFA7
BCC9CF9F
BD1EB16B
BD5A9B75
BD8C5C9C
BDAC8F43
BDCDEFE4
BDF088F6
BE0A329B
BE1CC7D4
BE3009C5
BE43FE2E
BE58AAEE
BE6E15FE
BE8222B7
BE8D9FB4
BE998512
BEA5D5F5
BEB29588
BEBFC6F5
BECD6D69
BEDB8C0A
BEEA25F9
BEF93E4C
BF046C05
BF0C7B11
BF14CDBA
BF1D655B
BF264342
BF2F68A6
BF38D6A6
BF428E47
BF4C9071
BF56DDE8
BF61774D
BF6C5D18
BF778F97
BF818775
BF876D7F
BF8D79C8
BF93AC12
BF9A0403
BFA08127
BFA722E9
BFADE89B
BFB4D16D
BFBBDC74
BFC308AA
BFCA54EB
BFD1BFF9
BFD9487C
BFE0ED07
BFE8AC16
BFF0840F
BFF8734C
C0003C0A
C0044853
C0085D99
C00C7AF4
C0109F78
C014CA39
C018FA4B
C01D2EC5
C02166C1
C025A15D
C029DDBD
C02E1B09
C0325873
C0369533
C03AD08B
C03F09C4
C0434033
C0477334
C04BA230
C04FCC98
C053F1E7
C05811A5
C05C2B62
C0603EB8
C0644B4B
C06850CB
C06C4EEE
C0704575
C074342A
C0781ADE
C07BF96B
C07FCFB2
C081CECE
C083B18C
C085900E
C0876A51
C0894057
C08B1222
C08CDFB7
C08EA920
C0906E64
C0922F90
C093ECB0
C095A5D3
C0975B09
C0990C64
C09AB9F3
C09C63CC
C09E0A01
C09FACA6
C0A14BD0
C0A2E794
C0A48008
C0A61540
C0A7A754
C0A93658
C0AAC263
C0AC4B8A
C0ADD1E3
C0AF5583
C0B0D67F
C0B254EC
C0B3D0DF
C0B54A6C
C0B6C1A8
C0B836A4
C0B9A976
C0BB1A2E
C0BC88E1
C0BDF59F
C0BF6079
C0C0C982
C0C230C8
C0C3965D
C0C4FA50
C0C65CAF
C0C7BD8A
C0C91CEF
C0CA7AEB
C0CBD78C
C0CD32DE
C0CE8CEE
C0CFE5C8
C0D13D78
C0D29409
C0D3E986
C0D53DF8
C0D6916B
C0D7E3E7
C0D93577
C0DA8623
C0DBD5F4
C0DD24F3
C0DE7327
C0DFC098
C0E10D4D
C0E2594F
C0E3A4A3
C0E4EF51
C0E6395F
C0E782D2
C0E8CBB2
C0EA1403
C0EB5BCC
C0ECA311
C0EDE9D7
C0EF3024
C0F075FC
C0F1BB63
C0F3005F
C0F444F2
C0F58922
C0F6CCF2
C0F81065
C0F9537F
C0FA9645
C0FBD8B8
C0FD1ADC
C0FE5CB4
C0FF9E44
C1006FC7
C101104A
C101B0AC
C10250EF
C102F115
C103911D
C104310A
C104D0DC
C1057095
C1061035
C106AFBD
C1074F2E
C107EE8A
C1088DD0
C1092D02
C109CC21
C10A6B2C
C10B0A26
C10BA90F
C10C47E6
C10CE6AE
C10D8566
C10E2410
C10EC2AB
C10F6138
C10FFFB8
C1109E2C
C1113C93
C111DAEE
C112793E
C1131784
C113B5BE
C11453EF
3E5AB2EE
3E567DE0
3E5220C5
3E4D9A23
3E48E870
3E440A13
3E3EFD65
3E39C0AF
3E345228
3E2EAFFA
3E28D839
3E22C8E9
3E1C7FFA
3E15FB4B
3E0F38A3
3E0835B7
3E00F025
3DF2CAE9
3DE3262C
3DD2ECC4
3DC21930
3DB0A5BB
3D9E8C7E
3D8BC757
3D709FDF
3D483F6C
3D1E5FBA
3CE5E569
3C8BD395
3BB9AF4E
BBC9C414
BC96E32A
BCFF0BE2
BD3586C4
BD6D85C9
BD93CAA3
BDB1E40B
BDD118CE
BDF172E9
BE097E50
BE1AE03D
BE2CE4A4
BE3F910F
BE52EB2A
BE66F8BD
BE7BBFB3
BE88A307
BE93C8F6
BE9F54C1
BEAB498A
BEB7AA7E
BEC47ACB
BED1BDA4
BEDF763C
BEEDA7C2
BEFC555F
BF05C118
BF0D98A2
BF15B2CA
BF1E1103
BF26B4AD
BF2F9F1C
BF38D189
BF424D1A
BF4C12D8
BF5623B0
BF60806A
BF6B29AD
BF761FF5
BF80B1CB
BF867A5A
BF8C69A1
BF927F7F
BF98BBBB
BF9F1DFC
BFA5A5CE
BFAC52A1
BFB323C6
BFBA1871
BFC12FB8
BFC86895
BFCFC1E5
BFD73A6B
BFDED0D0
BFE683A6
BFEE5169
BFF6387F
BFFE3740
C00325F9
C0073A69
C00B5808
C00F7DEB
C013AB25
C017DEC8
C01C17E8
C0205599
C02496F1
C028DB0E
C02D210F
C031681C
C035AF63
C039F618
C03E3B7B
C0427ED3
C046BF6F
C04AFCA9
C04F35E7
C0536A96
C0579A2F
C05BC435
C05FE835
C06405C6
C0681C8B
C06C2C2D
C0703461
C07434E5
C0782D80
C07C1E01
C080031F
C081F30C
C083DEBA
C085C620
C087A937
C08987FC
C08B6270
C08D3895
C08F0A6E
C090D805
C092A161
C094668E
C0962798
C097E48E
C0999D7F
C09B527C
C09D0397
C09EB0E3
C0A05A73
C0A2005C
C0A3A2B3
C0A5418C
C0A6DCFD
C0A8751D
C0AA0A01
C0AB9BBF
C0AD2A6E
C0AEB623
C0B03EF5
C0B1C4FA
C0B34846
C0B4C8F0
C0B6470C
C0B7C2AF
C0B93BEE
C0BAB2DC
C0BC278E
C0BD9A16
C0BF0A87
C0C078F3
C0C1E56D
C0C35005
C0C4B8CD
C0C61FD5
C0C7852D
C0C8E8E4
C0CA4B0A
C0CBABAE
C0CD0ADD
C0CE68A5
C0CFC513
C0D12035
C0D27A16
C0D3D2C3
C0D52A47
C0D680AE
C0D7D601
C0D92A4C
C0DA7D99
C0DBCFF1
C0DD215D
C0DE71E7
C0DFC198
C0E11076
C0E25E8C
C0E3ABDF
C0E4F879
C0E6445F
C0E78F99
C0E8DA2E
C0EA2423
C0EB6D7F
C0ECB648
C0EDFE84
C0EF4637
C0F08D68
C0F1D41B
C0F31A56
C0F4601C
C0F5A572
C0F6EA5D
C0F82EE0
C0F97301
C0FAB6C2
C0FBFA27
C0FD3D34
C0FE7FEC
C0FFC252
C1008235
C101231C
C101C3DE
C102647D
C10304FB
C103A558
C1044597
C104E5B7
C10585BB
C10625A4
C106C572
C1076527
C10804C3
C108A447
C10943B5
C109E30D
C10A8250
C10B217F
C10BC09B
C10C5FA3
C10CFE9A
C10D9D80
C10E3C55
C10EDB1B
C10F79D0
C1101877
C110B710
C111559C
C111F41A
C112928B
C11330F0
C113CF4A
C1146D98
C1150BDC
C115AA15
3E398C2F
3E3552B2
3E30F0FC
3E2C658F
3E27AEDF
3E22CB52
3E1DB93F
3E1876EB
3E13028E
3E0D5A4C
3E077C39
3E016655
3DF62D1D
3DE91581
3DDB8161
3DCD6C1F
3DBED0F0
3DAFAADE
3D9FF4C3
3D8FA948
3D7D85C8
3D5A77B9
3D361C7F
3D1067CB
3CD299B3
3C817CEE
3BB577A6
BBA77EA9
BC84591A
BCE22CB6
BD21BCEA
BD54306E
BD8440D1
BD9F60E6
BDBB8162
BDD8AB76
BDF6E89D
BE0B214D
BE1B61BC
BE2C3AC5
BE3DB1B7
BE4FCC01
BE628F37
BE76010E
BE8513AD
BE8F8408
BE9A549E
BEA58884
BEB122DA
BEBD26CA
BEC99785
BED67841
BEE3CC38
BEF196A4
BEFFDABC
BF074DD7
BF0EEE51
BF16D057
BF1EF56A
BF275F00
BF300E80
BF39053F
BF42447E
BF4BCD66
BF55A105
BF5FC04C
BF6A2C0A
BF74E4E9
BF7FEB6C
BF859FF5
BF8B7146
BF9169A5
BF9788F4
BF9DCEFB
BFA43B65
BFAACDC0
BFB1857C
BFB861EE
BFBF624A
BFC685A8
BFCDCB04
BFD5313B
BFDCB712
BFE45B32
BFEC1C2E
BFF3F87F
BFFBEE8F
C001FE59
C0061097
C00A2D1E
C00E5307
C0128165
C016B74A
C01AF3C7
C01F35EC
C0237CCC
C027C77C
C02C1516
C03064B9
C034B588
C03906AF
C03D5760
C041A6D6
C045F456
C04A3F2C
C04E86B0
C052CA41
C057094C
C05B4346
C05F77AD
C063A60C
C067CDF8
C06BEF0D
C07008F4
C0741B5E
C0782606
C07C28B0
C0801194
C0820AA2
C083FF6F
C085EFED
C087DC12
C089C3D7
C08BA738
C08D8634
C08F60CC
C0913704
C09308E4
C094D672
C0969FBB
C09864CA
C09A25AD
C09BE274
C09D9B2F
C09F4FF0
C0A100CA
C0A2ADD0
C0A45717
C0A5FCB3
C0A79EBB
C0A93D43
C0AAD862
C0AC702E
C0AE04BE
C0AF9628
C0B12482
C0B2AFE4
C0B43862
C0B5BE14
C0B7410F
C0B8C168
C0BA3F35
C0BBBA8A
C0BD337D
C0BEAA21
C0C01E89
C0C190C9
C0C300F5
C0C46F1D
C0C5DB54
C0C745AC
C0C8AE36
C0CA1501
C0CB7A1E
C0CCDD9C
C0CE3F8B
C0CF9FF9
C0D0FEF4
C0D25C8A
C0D3B8C8
C0D513BB
C0D66D6F
C0D7C5F0
C0D91D49
C0DA7387
C0DBC8B3
C0DD1CD8
C0DE7000
C0DFC235
C0E1137F
C0E263E8
C0E3B379
C0E50239
C0E65031
C0E79D68
C0E8E9E6
C0EA35B2
C0EB80D3
C0ECCB4F
C0EE152D
C0EF5E73
C0F0A726
C0F1EF4D
C0F336EC
C0F47E0A
C0F5C4AA
C0F70AD2
C0F85087
C0F995CD
C0FADAA8
C0FC1F1C
C0FD632E
C0FEA6E0
C0FFEA38
C100969C
C10137F2
C101D91F
C1027A25
C1031B06
C103BBC2
C1045C5C
C104FCD5
C1059D2E
C1063D68
C106DD84
C1077D84
C1081D68
C108BD32
C1095CE3
C109FC7B
C10A9BFC
C10B3B67
C10BDABC
C10C79FC
C10D1927
C10DB840
C10E5746
C10EF63B
C10F951E
C11033F0
C110D2B3
C1117167
C112100C
C112AEA2
C1134D2C
C113EBA8
C1148A17
C115287B
C115C6D3
C116651F
C1170361
3E182A7F
3E13ECA9
3E0F866B
3E0AF648
3E063AB2
3E01520C
3DF87558
3DEDE5A9
3DE2F175
3DD79500
3DCBCC6E
3DBF93BB
3DB2E6BD
3DA5C124
3D981E76
3D89FA10
3D769E40
3D583153
3D38A2FE
3D17E887
3CEBED9C
3CA58499
3C38FC3F
3B060B74
BBF72C80
BC8F421B
BCE3BF04
BD1DAF29
BD4B1EBE
BD7A3D7E
BD958D95
BDAEE407
BDC92A7E
BDE469AB
BE005543
BE0EFB27
BE1E2B46
BE2DEA8A
BE3E3DFF
BE4F2AD7
BE60B669
BE72E62F
BE82DFE2
BE8CA474
BE96C3BC
BEA140B9
BEAC1E78
BEB76014
BEC308B1
BECF1B80
BEDB9BB7
BEE88C95
BEF5F15A
BF01E6A3
BF0911CC
BF107BC3
BF18261F
BF201270
BF28423A
BF30B6FA
BF397218
BF4274EF
BF4BC0C5
BF5556C7
BF5F3809
BF69657F
BF73DFFE
BF7EA835
BF84DF55
BF8A91DE
BF906BCC
BF966D1E
BF9C95B7
BFA2E562
BFA95BCC
BFAFF885
BFB6BB01
BFBDA295
BFC4AE77
BFCBDDC2
BFD32F71
BFDAA265
BFE23562
BFE9E713
BFF1B60A
BFF9A0C2
C000D2D1
C004E180
C008FB90
C00D201E
C0114E40
C015850A
C019C38B
C01E08D4
C02253F2
C026A3F8
C02AF7F9
C02F4F0B
C033A84A
C03802DA
C03C5DE1
C040B890
C045121F
C04969CE
C04DBEE9
C05210C2
C0565EB6
C05AA82F
C05EEC9C
C0632B7C
C0676453
C06B96B4
C06FC238
C073E684
C0780347
C07C1838
C080128C
C08214D8
C08412E9
C0860CAC
C0880211
C089F30E
C08BDF99
C08DC7AF
C08FAB4B
C0918A71
C0936522
C0953B64
C0970D40
C098DABF
C09AA3EE
C09C68DA
C09E2992
C09FE626
C0A19EA8
C0A3532A
C0A503C0
C0A6B07F
C0A8597C
C0A9FECB
C0ABA083
C0AD3EBA
C0AED987
C0B07101
C0B2053E
C0B39655
C0B5245C
C0B6AF6B
C0B83798
C0B9BCF9
C0BB3FA4
C0BCBFAE
C0BE3D2E
C0BFB837
C0C130DF
C0C2A73A
C0C41B5C
C0C58D57
C0C6FD3E
C0C86B25
C0C9D71C
C0CB4136
C0CCA982
C0CE1013
C0CF74F7
C0D0D83E
C0D239F7
C0D39A31
C0D4F8FA
C0D6565F
C0D7B26E
C0D90D34
C0DA66BC
C0DBBF13
C0DD1644
C0DE6C5A
C0DFC160
C0E11560
C0E26865
C0E3BA77
C0E50BA1
C0E65BEA
C0E7AB5C
C0E8F9FF
C0EA47DA
C0EB94F6
C0ECE15A
C0EE2D0D
C0EF7815
C0F0C27A
C0F20C41
C0F35571
C0F49E10
C0F5E622
C0F72DAF
C0F874B9
C0F9BB48
C0FB015F
C0FC4703
C0FD8C39
C0FED105
C1000AB5
C100ACB7
C1014E89
C101F02E
C10291A8
C10332F8
C103D41F
C104751F
C10515FB
C105B6B2
C1065747
C106F7BB
C107980F
C1083845
C108D85D
C1097858
C10A1839
C10AB7FF
C10B57AC
C10BF741
C10C96BF
C10D3626
C10DD577
C10E74B4
C10F13DD
C10FB2F3
C11051F7
C110F0E8
C1118FC9
C1122E99
C112CD5A
C1136C0B
C1140AAE
C114A943
C11547CA
C115E644
C11684B2
C1172314
C117C16A
C1185FB5
3DED201B
3DE49BE1
3DDBC682
3DD29CFD
3DC91C32
3DBF40E5
3DB507BA
3DAA6D38
3D9F6DC0
3D940594
3D8830D1
3D77D6DD
3D5E627E
3D43FBD8
3D2899ED
3D0C3368
3CDD7D38
3CA06304
3C4206CB
3B7A465D
BB938C97
BC572F35
BCB4EC97
BD007D7E
BD27EE4A
BD50D607
BD7B428A
BD93A110
BDAA71CD
BDC21B25
BDDAA503
BDF41798
BE073DAD
BE14EC83
BE231CD1
BE31D33C
BE411490
BE50E5BF
BE614BDC
BE724C22
BE81F5F7
BE8B1863
BE949026
BE9E6024
BEA88B52
BEB314B3
BEBDFF5A
BEC94E67
BED50504
BEE12668
BEEDB5D0
BEFAB67F
BF0415DF
BF0B0C6A
BF124082
BF19B3C9
BF2167D6
BF295E40
BF31988E
BF3A1840
BF42DEC4
BF4BED7A
BF5545AA
BF5EE888
BF68D72B
BF73128D
BF7D9B88
BF843967
BF89CC77
BF8F8725
BF956988
BF9B73A4
BFA1A55E
BFA7FE83
BFAE7EC3
BFB525AF
BFBBF2BE
BFC2E547
BFC9FC82
BFD1378C
BFD89561
BFE014E3
BFE7B4D8
BFEF73EC
BFF750B0
BFFF49A1
C003AE93
C007C4CA
C00BE698
C0101318
C0144961
C0188883
C01CCF90
C0211D95
C025719F
C029CABE
C02E2804
C0328884
C036EB5A
C03B4FA5
C03FB489
C0441936
C0487CDF
C04CDEC3
C0513E28
C0559A5F
C059F2C3
C05E46B7
C06295AA
C066DF15
C06B227B
C06F5F69
C0739577
C077C446
C07BEB81
C080056E
C082110B
C084187A
C0861BA3
C0881A71
C08A14D4
C08C0ABF
C08DFC28
C08FE90A
C091D160
C093B52C
C095946F
C0976F2F
C0994573
C09B1744
C09CE4AD
C09EADBD
C0A07280
C0A23308
C0A3EF66
C0A5A7AC
C0A75BED
C0A90C3F
C0AAB8B6
C0AC6167
C0AE0669
C0AFA7D2
C0B145B8
C0B2E034
C0B4775C
C0B60B47
C0B79C0C
C0B929C2
C0BAB480
C0BC3C5C
C0BDC16E
C0BF43CB
C0C0C389
C0C240BD
C0C3BB7D
C0C533DC
C0C6A9F0
C0C81DCD
C0C98F84
C0CAFF2A
C0CC6CD1
C0CDD88A
C0CF4267
C0D0AA79
C0D210D1
C0D3757E
C0D4D890
C0D63A15
C0D79A1D
C0D8F8B5
C0DA55EC
C0DBB1CD
C0DD0C67
C0DE65C5
C0DFBDF3
C0E114FC
C0E26AEC
C0E3BFCE
C0E513AB
C0E6668D
C0E7B87E
C0E90988
C0EA59B3
C0EBA908
C0ECF78E
C0EE454E
C0EF9250
C0F0DE9B
C0F22A35
C0F37526
C0F4BF74
C0F60926
C0F75241
C0F89ACB
C0F9E2CA
C0FB2A44
C0FC713D
C0FDB7BA
C0FEFDC0
C10021AA
C100C43E
C101669C
C10208C8
C102AAC2
C1034C8E
C103EE2D
C1048FA1
C10530EA
C105D20C
C1067307
C10713DD
C107B490
C1085520
C108F58F
C10995DF
C10A3610
C10AD624
C10B761C
C10C15F8
C10CB5BB
C10D5564
C10DF4F6
C10E9470
C10F33D4
C10FD323
C110725D
C1111183
C111B096
C1124F97
C112EE86
C1138D65
C1142C33
C114CAF1
C11569A0
C1160841
C116A6D4
C1174559
C117E3D1
C118823D
C119209D
C119BEF2
3DA97DEA
3DA0F14D
3D981336
3D8EE09E
3D855663
3D76E28B
3D625BCB
3D4D1188
3D36FC81
3D20152D
3D0853BD
3CDF6033
3CAC43B4
3C6E8122
3C00896B
3A67AC76
BBCFA35A
BC628443
BCB0E365
BCF2E24D
BD1BAAA9
BD3F29DE
BD63FAD8
BD85150C
BD98E248
BDAD6BD7
BDC2B8AA
BDD8CFF3
BDEFB924
BE03BDF8
BE101026
BE1CD73A
BE2A1776
BE37D53D
BE461519
BE54DBB6
BE642DE8
BE7410A5
BE824485
BE8ACE2D
BE93A7FC
BE9CD4BA
BEA6573C
BEB0326C
BEBA6942
BEC4FEC8
BECFF614
BEDB524C
BEE716A0
BEF3464E
BEFFE497
BF067A63
BF0D3D15
BF143C08
BF1B78E3
BF22F548
BF2AB2D6
BF32B324
BF3AF7C0
BF43822C
BF4C53DD
BF556E34
BF5ED280
BF6881F9
BF727DBA
BF7CC6C4
BF83AEF9
BF892200
BF8EBCBF
BF947F69
BF9A6A1B
BFA07CD7
BFA6B788
BFAD19FB
BFB3A3E4
BFBA54D6
BFC12C4A
BFC82998
BFCF4BFD
BFD69294
BFDDFC5E
BFE5883E
BFED34FA
BFF5013F
BFFCEBA0
C002794D
C0068A4A
C00AA7F1
C00ED166
C01305C1
C017441A
C01B8B82
C01FDB07
C02431B6
C0288E9A
C02CF0C3
C0315740
C035C123
C03A2D85
C03E9B82
C0430A3F
C04778E4
C04BE6A6
C05052BF
C054BC72
C059230E
C05D85E8
C061E463
C0663DE9
C06A91F0
C06EDFF8
C0732789
C077683A
C07BA1A6
C07FD377
C081FEAE
C0840F89
C0861C2D
C0882481
C08A286F
C08C27E4
C08E22D3
C0901931
C0920AF6
C093F81F
C095E0AA
C097C499
C099A3F0
C09B7EB5
C09D54F2
C09F26B1
C0A0F3FF
C0A2BCE9
C0A48180
C0A641D5
C0A7FDF9
C0A9B601
C0AB6A00
C0AD1A0B
C0AEC639
C0B06E9F
C0B21353
C0B3B46D
C0B55204
C0B6EC2F
C0B88306
C0BA16A0
C0BBA714
C0BD347A
C0BEBEE9
C0C04677
C0C1CB3C
C0C34D4D
C0C4CCC0
C0C649AA
C0C7C422
C0C93C3C
C0CAB20B
C0CC25A4
C0CD971A
C0CF0681
C0D073E9
C0D1DF66
C0D34909
C0D4B0E2
C0D61703
C0D77B7A
C0D8DE58
C0DA3FAC
C0DB9F83
C0DCFDED
C0DE5AF6
C0DFB6AC
C0E1111B
C0E26A50
C0E3C256
C0E5193A
C0E66F05
C0E7C3C3
C0E9177E
C0EA6A40
C0EBBC11
C0ED0CFD
C0EE5D0A
C0EFAC42
C0F0FAAE
C0F24853
C0F3953C
C0F4E16E
C0F62CF1
C0F777CB
C0F8C204
C0FA0BA0
C0FB54A7
C0FC9D1E
C0FDE50B
C0FF2C72
C10039AD
C100DCE3
C1017FDE
C10222A1
C102C52D
C1036784
C10409A9
C104AB9D
C1054D63
C105EEFB
C1069069
C10731AD
C107D2C9
C10873BF
C1091490
C109B53E
C10A55CA
C10AF634
C10B9680
C10C36AD
C10CD6BD
C10D76B1
C10E168A
C10EB649
C10F55EF
C10FF57D
C11094F4
C1113455
C111D3A1
C11272D8
C11311FC
C113B10C
C114500B
C114EEF7
C1158DD3
C1162C9F
C116CB5B
C1176A08
C11808A7
C118A738
C11945BC
C119E432
C11A829D
C11B20FB
3D4AE504
3D39BB5A
3D27EE12
3D15771A
3D025026
3CDCE55B
3CB3AFD7
3C88F1B0
3C3938A6
3BBA827E
B9088D21
BBCA2482
BC4BB0A9
BC9B1038
BCD242F5
BD05C1B0
BD237281
BD423E0E
BD622ED7
BD81A7E0
BD92D609
BDA4A7C0
BDB72316
BDCA4E52
BDDE2FF7
BDF2CEC3
BE0418D9
BE0F2FFF
BE1AB090
BE269E6C
BE32FD93
BE3FD228
BE4D2072
BE5AECDB
BE693BF2
BE78126B
BE83BA90
BE8BB486
BE93F9AC
BE9C8CA5
BEA57029
BEAEA701
BEB83409
BEC21A2E
BECC5C6E
BED6FDD6
BEE20183
BEED6A9F
BEF93C62
BF02BD06
BF091373
BF0FA321
BF166DBA
BF1D74E8
BF24BA56
BF2C3FA9
BF340684
BF3C1081
BF445F34
BF4CF422
BF55D0C3
BF5EF67E
BF6866A7
BF722278
BF7C2B14
BF8340BE
BF88934B
BF8E0D8F
BF93AFD6
BF997A55
BF9F6D2A
BFA5885C
BFABCBD8
BFB2376C
BFB8CACF
BFBF8598
BFC66740
BFCD6F23
BFD49C7F
BFDBEE72
BFE363FD
BFEAFC06
BFF2B555
BFFA8E97
C0014330
C0054D97
C00965B5
C00D8AB4
C011BBB5
C015F7D4
C01A3E26
C01E8DBC
C022E5A3
C02744E6
C02BAA92
C03015B2
C0348555
C038F88C
C03D6E6D
C041E612
C0465E9C
C04AD734
C04F4F0A
C053C555
C0583957
C05CAA59
C06117B0
C06580BA
C069E4DD
C06E438D
C0729C46
C076EE8E
C07B39F5
C07F7E17
C081DD4C
C083F792
C0860DBB
C0881FA5
C08A2D36
C08C3656
C08E3AF2
C0903AFA
C0923662
C0942D22
C0961F34
C0980C96
C099F54A
C09BD951
C09DB8B2
C09F9375
C0A169A4
C0A33B4B
C0A50877
C0A6D138
C0A8959F
C0AA55BD
C0AC11A6
C0ADC96D
C0AF7D29
C0B12CED
C0B2D8D1
C0B480EB
C0B62552
C0B7C61E
C0B96365
C0BAFD41
C0BC93C8
C0BE2713
C0BFB738
C0C1444F
C0C2CE71
C0C455B2
C0C5DA2B
C0C75BF1
C0C8DB1B
C0CA57BF
C0CBD1F1
C0CD49C6
C0CEBF52
C0D032AA
C0D1A3E1
C0D3130A
C0D48036
C0D5EB79
C0D754E3
C0D8BC85
C0DA2271
C0DB86B4
C0DCE960
C0DE4A84
C0DFAA2C
C0E10869
C0E26546
C0E3C0D2
C0E51B18
C0E67426
C0E7CC06
C0E922C5
C0EA786D
C0EBCD09
C0ED20A3
C0EE7344
C0EFC4F8
C0F115C5
C0F265B7
C0F3B4D3
C0F50324
C0F650B1
C0F79D81
C0F8E99C
C0FA3508
C0FB7FCC
C0FCC9F0
C0FE1378
C0FF5C6C
C1005268
C100F655
C1019A00
C1023D6C
C102E09A
C103838E
C1042649
C104C8CD
C1056B1E
C1060D3C
C106AF2A
C10750EA
C107F27C
C10893E4
C1093523
C109D63A
C10A772B
C10B17F7
C10BB8A0
C10C5928
C10CF98E
C10D99D5
C10E39FE
C10EDA0A
C10F79FB
C11019D0
C110B98C
C111592F
C111F8BA
C112982E
C113378C
C113D6D5
C1147609
C115152A
C115B438
C1165334
C116F21F
C11790F9
C1182FC2
C118CE7C
C1196D28
C11A0BC4
C11AAA53
C11B48D5
C11BE74A
C11C85B3
3C84075A
3C4327AA
3BF75F22
3B46381F
BADAB1E1
BBD62EEE
BC3DD0E0
BC89CF5A
BCB64F1D
BCE476EB
BD0A2B42
BD22FF22
BD3CBF8F
BD577553
BD73298E
BD87F2DB
BD96D9CD
BDA64EB4
BDB656D5
BDC6F7A9
BDD836DB
BDEA1A4C
BDFCA814
BE07F341
BE11EE10
BE1C47DB
BE270424
BE32268B
BE3DB2D4
BE49ACE1
BE5618B9
BE62FA85
BE70568F
BE7E3149
BE8647A4
BE8DBAA2
BE957410
BE9D766F
BEA5C456
BEAE606D
BEB74D6F
BEC08E29
BECA257D
BED4165A
BEDE63C3
BEE910CB
BEF42094
BEFF964D
BF05BA99
BF0BE045
BF123DD2
BF18D4EC
BF1FA740
BF26B67B
BF2E044B
BF35925A
BF3D624E
BF4575C6
BF4DCE57
BF566D8C
BF5F54E1
BF6885C2
BF720186
BF7BC96C
BF82EF4E
BF88210E
BF8D7A6A
BF92FBC5
BF98A56B
BF9E7795
BFA47264
BFAA95E0
BFB0E1F8
BFB7567F
BFBDF32D
BFC4B79B
BFCBA346
BFD2B58B
BFD9EDA9
BFE14AC3
BFE8CBDA
BFF06FD6
BFF83581
C0000DC4
C0041042
C0082178
C00C409B
C0106CD5
C014A549
C018E910
C01D3741
C0218EEC
C025EF1C
C02A56DD
C02EC53A
C033393D
C037B1F3
C03C2E6B
C040ADBA
C0452EF8
C049B145
C04E33C5
C052B5A7
C057361F
C05BB46B
C0602FD4
C064A7A9
C0691B45
C06D8A0D
C071F370
C07656E7
C07AB3F4
C07F0A25
C081AC89
C083D02D
C085EFD4
C0880B58
C08A2298
C08C3577
C08E43DB
C0904DB0
C09252E5
C094536C
C0964F3D
C098464F
C09A38A0
C09C2630
C09E0F01
C09FF317
C0A1D27A
C0A3AD33
C0A5834D
C0A754D6
C0A921DC
C0AAEA70
C0ACAEA3
C0AE6E88
C0B02A34
C0B1E1B9
C0B39530
C0B544AC
C0B6F046
C0B89815
C0BA3C2F
C0BBDCAD
C0BD79A6
C0BF1333
C0C0A96C
C0C23C68
C0C3CC40
C0C5590A
C0C6E2E0
C0C869D6
C0C9EE05
C0CB6F83
C0CCEE66
C0CE6AC4
C0CFE4B2
C0D15C45
C0D2D190
C0D444A9
C0D5B5A2
C0D7248F
C0D89182
C0D9FC8C
C0DB65BF
C0DCCD2C
C0DE32E4
C0DF96F6
C0E0F972
C0E25A66
C0E3B9E2
C0E517F2
C0E674A5
C0E7D008
C0E92A27
C0EA830F
C0EBDACB
C0ED3166
C0EE86EC
C0EFDB67
C0F12EE1
C0F28164
C0F3D2FA
C0F523AB
C0F67381
C0F7C284
C0F910BB
C0FA5E2F
C0FBAAE8
C0FCF6EC
C0FE4242
C0FF8CF2
C1006B81
C101103B
C101B4AB
C10258D5
C102FCB9
C103A05C
C10443C0
C104E6E6
C10589D2
C1062C86
C106CF04
C107714E
C1081366
C108B54E
C1095707
C109F894
C10A99F7
C10B3B31
C10BDC43
C10C7D2F
C10D1DF6
C10DBE9B
C10E5F1E
C10EFF80
C10F9FC3
C1103FE8
C110DFF1
C1117FDE
C1121FB0
C112BF68
C1135F08
C113FE90
C1149E01
C1153D5C
C115DCA3
C1167BD4
C1171AF3
C117B9FF
C11858F8
C118F7E1
C11996B8
C11A3580
C11AD438
C11B72E1
C11C117C
C11CB009
C11D4E8A
C11DECFD
BC8F4117
BCB1D41E
BCD5B0F0
BCFAE3C9
BD10BCAE
BD24BF6C
BD3980F2
BD4F0858
BD655CF7
BD7C8671
BD8A4658
BD96BBF3
BDA3A84E
BDB10FD1
BDBEF713
BDCD62D2
BDDC57FC
BDEBDBAE
BDFBF333
BE065206
BE0EF9F3
BE17F457
BE214440
BE2AECDA
BE34F16E
BE3F5562
BE4A1C3E
BE5549A8
BE60E165
BE6CE75F
BE795FA0
BE83272B
BE89DBE9
BE90D046
BE98068E
BE9F8122
BEA74275
BEAF4D0D
BEB7A383
BEC04883
BEC93ECC
BED28930
BEDC2A93
BEE625EA
BEF07E3C
BEFB36A1
BF032920
BF08EA26
BF0EE003
BF150C5F
BF1B70E3
BF220F3D
BF28E91F
BF300039
BF37563C
BF3EECD4
BF46C5AD
BF4EE268
BF57449F
BF5FEDE0
BF68DFAC
BF721B72
BF7BA28E
BF82BB22
BF87CBE0
BF8D0407
BF92640D
BF97EC56
BF9D9D33
BFA376DD
BFA9797A
BFAFA513
BFB5F999
BFBC76E4
BFC31CAB
BFC9EA8D
BFD0E006
BFD7FC78
BFDF3F24
BFE6A72D
BFEE3399
BFF5E34F
BFFDB51C
C002D3D8
C006DCD1
C00AF4B9
C00F1AC4
C0134E1D
C0178DE6
C01BD93B
C0202F2F
C0248ED2
C028F732
C02D6757
C031DE4C
C0365B1A
C03ADCCC
C03F6272
C043EB1C
C04875E2
C04D01E1
C0518E3C
C0561A1E
C05AA4BA
C05F2D4B
C063B315
C0683567
C06CB398
C0712D08
C075A125
C07A0F63
C07E7741
C0816C25
C0839909
C085C21B
C087E72E
C08A081B
C08C24BF
C08E3CFB
C09050B4
C0925FD4
C0946A49
C0967004
C09870F9
C09A6D22
C09C6479
C09E56FD
C0A044AF
C0A22D92
C0A411AE
C0A5F10B
C0A7CBB3
C0A9A1B3
C0AB7319
C0AD3FF5
C0AF0859
C0B0CC55
C0B28BFF
C0B4476B
C0B5FEAE
C0B7B1DF
C0B96113
C0BB0C63
C0BCB3E6
C0BE57B4
C0BFF7E5
C0C19491
C0C32DD0
C0C4C3BC
C0C6566B
C0C7E5F7
C0C97276
C0CAFC01
C0CC82AF
C0CE0696
C0CF87CE
C0D1066C
C0D28286
C0D3FC31
C0D57383
C0D6E890
C0D85B6C
C0D9CC29
C0DB3ADC
C0DCA796
C0DE126A
C0DF7B68
C0E0E2A2
C0E24828
C0E3AC09
C0E50E57
C0E66F1E
C0E7CE6E
C0E92C54
C0EA88DE
C0EBE41A
C0ED3E13
C0EE96D6
C0EFEE6E
C0F144E7
C0F29A4C
C0F3EEA8
C0F54203
C0F69469
C0F7E5E2
C0F93678
C0FA8634
C0FBD51D
C0FD233C
C0FE7099
C0FFBD3B
C1008494
C1012A35
C101CF83
C1027481
C1031932
C103BD99
C10461BA
C1050596
C105A931
C1064C8D
C106EFAC
C1079291
C108353E
C108D7B5
C10979F9
C10A1C0A
C10ABDEC
C10B5FA0
C10C0128
C10CA285
C10D43BA
C10DE4C7
C10E85AF
C10F2672
C10FC712
C1106791
C11107EF
C111A82E
C1124850
C112E855
C113883E
C114280D
C114C7C2
C115675F
C11606E4
C116A652
C11745AB
C117E4EF
C118841E
C119233A
C119C244
C11A613B
C11B0021
C11B9EF7
C11C3DBC
C11CDC73
C11D7B1A
C11E19B3
C11EB83F
C11F56BD
BD520046
BD635932
BD7557A0
BD8400DB
BD8DAEEA
BD97B94C
BDA2236E
BDACF0E0
BDB82554
BDC3C49C
BDCFD2B4
BDDC53B9
BDE94BF1
BDF6BFCE
BE0259F3
BE099681
BE111809
BE18E11D
BE20F466
BE2954A5
BE3204B7
BE3B0794
BE44604D
BE4E1213
BE582032
BE628E15
BE6D5F47
BE789772
BE821D30
BE882601
BE8E6831
BE94E5DC
BE9BA12B
BEA29C5E
BEA9D9C4
BEB15BC1
BEB924CA
BEC1376A
BEC9963C
BED243F0
BEDB4349
BEE4971D
BEEE4253
BEF847E6
BF015570
BF06B730
BF0C4AC6
BF1211D1
BF180DF3
BF1E40D6
BF24AC27
BF2B5197
BF3232DA
BF3951A3
BF40AFA7
BF484E96
BF50301E
BF5855E5
BF60C188
BF697499
BF72709E
BF7BB709
BF82A49D
BF87943E
BF8CAAFE
BF91E966
BF974FEE
BF9CDEFE
BFA296E8
BFA877E8
BFAE8225
BFB4B5AD
BFBB1273
BFC1984F
BFC846FF
BFCF1E20
BFD61D33
BFDD439C
BFE4909D
BFEC035E
BFF39AE4
BFFB561B
C00199E8
C005995A
C009A8B1
C00DC72B
C011F400
C0162E59
C01A755A
C01EC81D
C02325B6
C0278D36
C02BFDA8
C0307615
C034F587
C0397B06
C03E059D
C0429458
C0472648
C04BBA82
C0505021
C054E646
C0597C1A
C05E10CD
C062A399
C06733BE
C06BC087
C0704949
C074CD63
C0794C3C
C07DC547
C0811C00
C08351F6
C085844F
C087B2D8
C089DD61
C08C03C3
C08E25D7
C090437E
C0925C9B
C0947117
C09680DD
C0988BDE
C09A920D
C09C9360
C09E8FD3
C0A08761
C0A27A0B
C0A467D5
C0A650C3
C0A834DD
C0AA142D
C0ABEEBE
C0ADC49E
C0AF95DD
C0B1628C
C0B32ABB
C0B4EE7F
C0B6ADEC
C0B86917
C0BA2017
C0BBD301
C0BD81ED
C0BF2CF3
C0C0D42B
C0C277AD
C0C41792
C0C5B3F1
C0C74CE5
C0C8E285
C0CA74E9
C0CC042A
C0CD9060
C0CF19A2
C0D0A009
C0D223AA
C0D3A49D
C0D522F7
C0D69ED0
C0D8183B
C0D98F4E
C0DB041E
C0DC76BE
C0DDE742
C0DF55BD
C0E0C240
C0E22CDF
C0E395AA
C0E4FCB2
C0E66208
C0E7C5BB
C0E927DB
C0EA8876
C0EBE79C
C0ED455A
C0EEA1BD
C0EFFCD2
C0F156A7
C0F2AF46
C0F406BD
C0F55D15
C0F6B25A
C0F80697
C0F959D5
C0FAAC1E
C0FBFD7C
C0FD4DF8
C0FE9D9A
C0FFEC6B
C1009D39
C10143DC
C101EA22
C102900F
C10335A5
C103DAE9
C1047FDE
C1052486
C105C8E5
C1066CFD
C10710D1
C107B464
C10857B9
C108FAD1
C1099DAF
C10A4055
C10AE2C6
C10B8503
C10C270F
C10CC8EC
C10D6A9A
C10E0C1D
C10EAD75
C10F4EA5
C10FEFAD
C1109090
C111314F
C111D1EB
C1127266
C11312C0
C113B2FC
C114531A
C114F31C
C1159302
C11632CD
C116D27F
C1177219
C118119C
C118B107
C119505D
C119EF9F
C11A8ECC
C11B2DE5
C11BCCEC
C11C6BE2
C11D0AC6
C11DA99A
C11E485D
C11EE712
C11F85B7
C120244F
C120C2D9
BDAE8A33
BDB73E2F
BDC0453A
BDC9A269
BDD358EF
BDDD6C1F
BDE7DF6A
BDF2B662
BDFDF4BE
BE04CF2A
BE0ADB91
BE1121A6
BE17A38F
BE1E6385
BE2563D7
BE2CA6EB
BE342F3E
BE3BFF61
BE441A02
BE4C81E6
BE5539EC
BE5E450F
BE67A664
BE71611F
BE7B7890
BE82F813
BE8865B8
BE8E070D
BE93DDFC
BE99EC7C
BEA03498
BEA6B86B
BEAD7A25
BEB47C04
BEBBC05D
BEC34995
BECB1A26
BED3349C
BEDB9B97
BEE451CA
BEED59FC
BEF6B706
BF0035EA
BF053DB2
BF0A7462
BF0FDB8C
BF1574C6
BF1B41B1
BF2143F2
BF277D34
BF2DEF27
BF349B81
BF3B83F7
BF42AA40
BF4A1014
BF51B727
BF59A129
BF61CFC3
BF6A4498
BF73013E
BF7C073C
BF82AC05
BF877A87
BF8C6FCA
BF918C67
BF96D0EB
BF9C3DCF
BFA1D37C
BFA79248
BFAD7A72
BFB38C24
BFB9C76C
BFC02C41
BFC6BA7E
BFCD71E2
BFD4520E
BFDB5A85
BFE28AAD
BFE9E1CC
BFF15F0A
BFF90170
C00063F6
C00458A5
C0085E21
C00C73B5
C01098A4
C014CC22
C0190D5C
C01D5B74
C021B586
C0261AA5
C02A89E2
C02F0247
C03382DF
C0380AB1
C03C98C5
C0412C25
C045C3DB
C04A5EF8
C04EFC8F
C0539BB9
C0583B95
C05CDB4A
C0617A05
C06616FE
C06AB173
C06F48AB
C073DBFA
C0786AB9
C07CF44F
C080BC14
C082FAE1
C085364D
C0876E21
C089A227
C08BD22F
C08DFE0E
C090259E
C09248BD
C094674C
C0968133
C098965B
C09AA6B4
C09CB22E
C09EB8C0
C0A0BA63
C0A2B711
C0A4AECB
C0A6A192
C0A88F6A
C0AA785A
C0AC5C6A
C0AE3BA7
C0B0161C
C0B1EBD9
C0B3BCED
C0B5896A
C0B75163
C0B914ED
C0BAD41B
C0BC8F04
C0BE45BF
C0BFF863
C0C1A707
C0C351C3
C0C4F8B1
C0C69BE8
C0C83B81
C0C9D796
C0CB703F
C0CD0594
C0CE97AF
C0D026A7
C0D1B295
C0D33B90
C0D4C1B1
C0D6450E
C0D7C5BE
C0D943D7
C0DABF70
C0DC389D
C0DDAF74
C0DF2408
C0E0966F
C0E206BB
C0E374FF
C0E4E14E
C0E64BB9
C0E7B452
C0E91B2A
C0EA8052
C0EBE3D8
C0ED45CC
C0EEA63E
C0F0053A
C0F162D1
C0F2BF0E
C0F419FF
C0F573B0
C0F6CC2D
C0F82382
C0F979BB
C0FACEE2
C0FC2301
C0FD7622
C0FEC850
C1000CCA
C100B4FB
C1015CC0
C102041D
C102AB15
C10351AD
C103F7E9
C1049DCB
C1054358
C105E892
C1068D7E
C107321E
C107D674
C1087A84
C1091E51
C109C1DC
C10A6529
C10B083B
C10BAB12
C10C4DB2
C10CF01D
C10D9255
C10E345B
C10ED632
C10F77DB
C1101958
C110BAAC
C1115BD7
C111FCDB
C1129DBA
C1133E74
C113DF0C
C1147F83
C1151FDA
C115C012
C116602D
C117002B
C117A00E
C1183FD7
C118DF86
C1197F1D
C11A1E9D
C11ABE06
C11B5D59
C11BFC98
C11C9BC3
C11D3ADA
C11DD9DF
C11E78D3
C11F17B5
C11FB686
C1205548
C120F3FB
C121929F
C1223135
BDF46B08
BDFD265E
BE031A87
BE07CD17
BE0CAC7D
BE11BA61
BE16F87F
BE1C68A1
BE220CA5
BE27E677
BE2DF81A
BE3443A0
BE3ACB31
BE41910A
BE48977C
BE4FE0EF
BE576FE1
BE5F46E9
BE6768B6
BE6FD810
BE7897D8
BE80D587
BE858A65
BE8A6C21
BE8F7C66
BE94BCEC
BE9A2F7E
BE9FD5F3
BEA5B237
BEABC643
BEB21426
BEB89DFC
BEBF65F7
BEC66E59
BECDB979
BED549C0
BEDD21A9
BEE543C5
BEEDB2B6
BEF67133
BEFF8206
BF047406
BF09531A
BF0E5FC1
BF139B84
BF1907F6
BF1EA6B0
BF247955
BF2A818D
BF30C106
BF373973
BF3DEC8B
BF44DC06
BF4C09A0
BF537712
BF5B2614
BF63185A
BF6B4F91
BF73CD5E
BF7C935B
BF82D18A
BF877F02
BF8C52CB
BF914D8C
BF966FE2
BF9BBA5B
BFA12D73
BFA6C995
BFAC8F19
BFB27E41
BFB89739
BFBEDA12
BFC546C5
BFCBDD31
BFD29D15
BFD98617
BFE097BC
BFE7D16B
BFEF326E
BFF6B9EE
BFFE66F8
C0031C3D
C00716A2
C00B2207
C00F3DB9
C01368FB
C017A302
C01BEAFC
C020400A
C024A149
C0290DCD
C02D84A6
C03204DF
C0368D81
C03B1D94
C03FB41F
C044502A
C048F0C0
C04D94EF
C0523BC9
C056E465
C05B8DE2
C0603763
C064E015
C069872A
C06E2BE1
C072CD7E
C0776B4F
C07C04AE
C0804C7E
C08293D2
C084D80F
C08718F4
C0895646
C08B8FCF
C08DC55C
C08FF6C2
C09223D7
C0944C78
C0967086
C0988FE6
C09AAA7F
C09CC040
C09ED118
C0A0DCFB
C0A2E3E1
C0A4E5C5
C0A6E2A4
C0A8DA7E
C0AACD58
C0ACBB36
C0AEA420
C0B08821
C0B26744
C0B44199
C0B6172D
C0B7E813
C0B9B45C
C0BB7C1D
C0BD3F6A
C0BEFE59
C0C0B900
C0C26F76
C0C421D3
C0C5D02F
C0C77AA2
C0C92146
C0CAC433
C0CC6383
C0CDFF4D
C0CF97AD
C0D12CB9
C0D2BE8B
C0D44D3C
C0D5D8E4
C0D7619B
C0D8E778
C0DA6A92
C0DBEB01
C0DD68DB
C0DEE436
C0E05D26
C0E1D3C2
C0E3481D
C0E4BA4C
C0E62A62
C0E79871
C0E9048D
C0EA6EC7
C0EBD730
C0ED3DDA
C0EEA2D4
C0F0062E
C0F167F9
C0F2C841
C0F42717
C0F58487
C0F6E0A0
C0F83B6D
C0F994FC
C0FAED59
C0FC448E
C0FD9AA8
C0FEEFB1
C10021DA
C100CB5D
C1017467
C1021CFC
C102C521
C1036CDA
C104142B
C104BB19
C10561A6
C10607D8
C106ADB0
C1075334
C107F865
C1089D48
C10941DF
C109E62E
C10A8A36
C10B2DFB
C10BD180
C10C74C6
C10D17D1
C10DBAA2
C10E5D3C
C10EFFA1
C10FA1D3
C11043D3
C110E5A5
C1118749
C11228C2
C112CA11
C1136B37
C1140C37
C114AD12
C1154DC8
C115EE5D
C1168ED0
C1172F23
C117CF58
C1186F6F
C1190F6A
C119AF4A
C11A4F10
C11AEEBC
C11B8E51
C11C2DCE
C11CCD34
C11D6C85
C11E0BC2
C11EAAEA
C11F4A00
C11FE903
C12087F4
C12126D4
C121C5A4
C1226464
C1230315
C123A1B7
BE1D4FAA
BE21B0EB
BE263BFE
BE2AF26F
BE2FD5DD
BE34E7F3
BE3A2A6D
BE3F9F19
BE4547D4
BE4B268F
BE513D4C
BE578E21
BE5E1B38
BE64E6CF
BE6BF33A
BE7342E3
BE7AD84C
BE815B07
BE856F6D
BE89AABD
BE8E0E6A
BE929BF5
BE9754EC
BE9C3AEB
BEA14F9F
BEA694C3
BEAC0C22
BEB1B796
BEB7990D
BEBDB283
BEC40607
BECA95BA
BED163CE
BED8728A
BEDFC446
BEE75B6D
BEEF3A7F
BEF7640F
BEFFDAC3
BF0450AA
BF08DD48
BF0D94AC
BF127850
BF1789B6
BF1CCA6B
BF223C02
BF27E019
BF2DB854
BF33C65C
BF3A0BE4
BF408A9F
BF474449
BF4E3A9C
BF556F56
BF5CE435
BF649AF3
BF6C9548
BF74D4E3
BF7D5B6D
BF831542
BF87A1DD
BF8C5445
BF912D32
BF962D4F
BF9B5539
BFA0A580
BFA61EA4
BFABC112
BFB18D23
BFB7831D
BFBDA32C
BFC3ED67
BFCA61C8
BFD1002F
BFD7C860
BFDEBA02
BFE5D49C
BFED179A
BFF48245
BFFC13CC
C001E59E
C005D3C2
C009D3BE
C00DE4EB
C012069B
C016380E
C01A787C
C01EC713
C02322F5
C0278B3F
C02BFF06
C0307D59
C0350543
C03995CE
C03E2E01
C042CCE2
C0477179
C04C1AD0
C050C7F3
C05577F4
C05A29E9
C05EDCED
C0639023
C06842B5
C06CF3D5
C071A2BC
C0764EAE
C07AF6F6
C07F9AEA
C0821CF5
C08469AE
C086B35B
C088F9B9
C08B3C8C
C08D7B9B
C08FB6B3
C091EDA5
C0942048
C0964E75
C098780C
C09A9CF1
C09CBD09
C09ED840
C0A0EE86
C0A2FFCC
C0A50C09
C0A71335
C0A9154E
C0AB1252
C0AD0A43
C0AEFD26
C0B0EB02
C0B2D3E0
C0B4B7CB
C0B696D1
C0B87100
C0BA4669
C0BC171E
C0BDE332
C0BFAAB9
C0C16DC8
C0C32C76
C0C4E6DA
C0C69D0B
C0C84F21
C0C9FD36
C0CBA761
C0CD4DBC
C0CEF060
C0D08F66
C0D22AE8
C0D3C2FF
C0D557C4
C0D6E950
C0D877BC
C0DA031F
C0DB8B93
C0DD112E
C0DE9408
C0E01437
C0E191D3
C0E30CF2
C0E485A8
C0E5FC0A
C0E7702E
C0E8E226
C0EA5208
C0EBBFE4
C0ED2BCF
C0EE95D8
C0EFFE13
C0F16490
C0F2C95F
C0F42C8F
C0F58E31
C0F6EE53
C0F84D02
C0F9AA4E
C0FB0643
C0FC60EE
C0FDBA5C
C0FF1299
C10034D8
C100DFD6
C1018A4D
C1023440
C102DDB6
C10386B3
C1042F3C
C104D755
C1057F03
C1062649
C106CD2C
C10773B0
C10819D7
C108BFA7
C1096521
C10A0A4A
C10AAF24
C10B53B4
C10BF7FA
C10C9BFB
C10D3FB9
C10DE337
C10E8676
C10F297B
C10FCC46
C1106EDA
C1111139
C111B365
C1125561
C112F72D
C11398CD
C1143A41
C114DB8B
C1157CAD
C1161DA9
C116BE80
C1175F32
C117FFC3
C118A033
C1194083
C119E0B4
C11A80C8
C11B20C0
C11BC09D
C11C6060
C11D000A
C11D9F9B
C11E3F16
C11EDE7A
C11F7DC9
C1201D03
C120BC2A
C1215B3D
C121FA3E
C122992D
C123380C
C123D6DA
C1247598
C1251448
BE4091F6
BE44F6B6
BE49856C
BE4E3FA5
BE532702
BE583D2F
BE5D83EA
BE62FD02
BE68AA57
BE6E8DDB
BE74A992
BE7AFF94
BE80C906
BE84319E
BE87BABD
BE8B6599
BE8F3374
BE93259C
BE973D6A
BE9B7C47
BE9FE3A4
BEA47506
BEA931FB
BEAE1C22
BEB33529
BEB87ECC
BEBDFAD8
BEC3AB2B
BEC991B3
BECFB06F
BED60970
BEDC9ED9
BEE372DF
BEEA87CB
BEF1DFF7
BEF97DD2
BF00B1EF
BF04CA59
BF09097A
BF0D70B2
BF120169
BF16BD11
BF1BA526
BF20BB2C
BF2600B1
BF2B774D
BF31209D
BF36FE47
BF3D11FA
BF435D67
BF49E248
BF50A257
BF579F55
BF5EDB00
BF66571A
BF6E1561
BF76178D
BF7E5F55
BF837731
BF87E32C
BF8C7464
BF912B9C
BF96098C
BF9B0EE0
BFA03C39
BFA59228
BFAB1130
BFB0B9C0
BFB68C34
BFBC88D3
BFC2AFCC
BFC90139
BFCF7D16
BFD62345
BFDCF38E
BFE3ED99
BFEB10F2
BFF25D04
BFF9D11D
C000B637
C0049702
C0088A6B
C00C8FDB
C010A6B1
C014CE3B
C01905BE
C01D4C70
C021A181
C0260414
C02A7345
C02EEE2B
C03373D4
C038034D
C03C9B9D
C0413BCD
C045E2E2
C04A8FE4
C04F41DB
C053F7D3
C058B0DD
C05D6C0C
C062287C
C066E54D
C06BA1A8
C0705CBB
C07515BE
C079CBF3
C07E7EA3
C0819690
C083EB63
C0863D7E
C0888C98
C08AD86E
C08D20C1
C08F6558
C091A5FE
C093E282
C0961AB8
C0984E7A
C09A7DA4
C09CA818
C09ECDBB
C0A0EE77
C0A30A39
C0A520F2
C0A73297
C0A93F1E
C0AB4684
C0AD48C6
C0AF45E5
C0B13DE4
C0B330C9
C0B51E9C
C0B70768
C0B8EB38
C0BACA1C
C0BCA422
C0BE795D
C0C049DE
C0C215BA
C0C3DD05
C0C59FD6
C0C75E43
C0C91863
C0CACE4F
C0CC801F
C0CE2DED
C0CFD7D0
C0D17DE3
C0D3203F
C0D4BEFE
C0D65A39
C0D7F209
C0D98689
C0DB17D0
C0DCA5F7
C0DE3118
C0DFB94A
C0E13EA5
C0E2C140
C0E44132
C0E5BE92
C0E73976
C0E8B1F3
C0EA281E
C0EB9C0C
C0ED0DD0
C0EE7D7F
C0EFEB2A
C0F156E5
C0F2C0C0
C0F428CE
C0F58F20
C0F6F3C4
C0F856CC
C0F9B847
C0FB1842
C0FC76CD
C0FDD3F6
C0FF2FC9
C100452A
C100F1D1
C1019DE0
C102495C
C102F44C
C1039EB5
C104489C
C104F205
C1059AF6
C1064373
C106EB80
C1079323
C1083A5F
C108E138
C10987B1
C10A2DD0
C10AD396
C10B7908
C10C1E28
C10CC2FB
C10D6782
C10E0BC1
C10EAFBB
C10F5372
C10FF6E9
C1109A22
C1113D21
C111DFE6
C1128274
C11324CE
C113C6F5
C11468EB
C1150AB3
C115AC4E
C1164DBD
C116EF03
C1179021
C1183119
C118D1EC
C119729B
C11A1328
C11AB394
C11B53E1
C11BF40F
C11C9420
C11D3415
C11DD3F0
C11E73B0
C11F1357
C11FB2E6
C120525E
C120F1C0
C121910D
C1223045
C122CF69
C1236E7A
C1240D7A
C124AC67
C1254B44
C125EA10
C12688CD
BE63FADF
BE686308
BE6CF549
BE71B333
BE769E65
BE7BB88E
BE8081B7
BE83406B
BE861953
BE890D6A
BE8C1DB2
BE8F4B39
BE929714
BE960267
BE998E5C
BE9D3C2B
BEA10D18
BEA50271
BEA91D92
BEAD5FE2
BEB1CAD8
BEB65FF7
BEBB20D0
BEC00F03
BEC52C40
BECA7A44
BECFFAE0
BED5AFF1
BEDB9B68
BEE1BF47
BEE81DA0
BEEEB899
BEF59269
BEFCAD5A
BF0205E6
BF05D817
BF09CE83
BF0DEA75
BF122D45
BF169852
BF1B2D06
BF1FECD5
BF24D93D
BF29F3C3
BF2F3DF9
BF34B976
BF3A67DB
BF404AD1
BF466407
BF4CB532
BF53400E
BF5A0658
BF6109D2
BF684C3F
BF6FCF63
BF7794FE
BF7F9ECE
BF83F745
BF8842F0
BF8CB33B
BF9148F3
BF9604D9
BF9AE7A9
BF9FF211
BFA524B4
BFAA8026
BFB004E9
BFB5B372
BFBB8C1D
BFC18F34
BFC7BCEA
BFCE1559
BFD49880
BFDB4645
BFE21E71
BFE920AF
BFF04C8C
BFF7A179
BFFF1EC4
C00361D0
C0074790
C00B401C
C00F4AE1
C013673D
C0179480
C01BD1EF
C0201EC2
C0247A29
C028E348
C02D593D
C031DB1C
C03667F7
C03AFED9
C03F9ECB
C04446D3
C048F5F8
C04DAB41
C05265B5
C0572461
C05BE652
C060AA9E
C065705B
C06A36AB
C06EFCB2
C073C1A0
C07884A9
C07D450C
C0810108
C0835D83
C085B7A2
C0880F19
C08A639C
C08CB4E7
C08F02BA
C0914CDA
C093930F
C095D527
C09812F6
C09A4C52
C09C8116
C09EB123
C0A0DC5B
C0A302A8
C0A523F4
C0A7402E
C0A9574B
C0AB693F
C0AD7605
C0AF7D98
C0B17FF9
C0B37D29
C0B5752E
C0B7680E
C0B955D2
C0BB3E86
C0BD2237
C0BF00F5
C0C0DAD0
C0C2AFD9
C0C48024
C0C64BC7
C0C812D5
C0C9D566
C0CB9392
C0CD4D6F
C0CF0316
C0D0B4A1
C0D26227
C0D40BC4
C0D5B190
C0D753A6
C0D8F21E
C0DA8D13
C0DC249F
C0DDB8D9
C0DF49DD
C0E0D7C3
C0E262A2
C0E3EA94
C0E56FB1
C0E6F20F
C0E871C6
C0E9EEEC
C0EB6997
C0ECE1DD
C0EE57D2
C0EFCB8C
C0F13D1D
C0F2AC9B
C0F41A16
C0F585A3
C0F6EF51
C0F85734
C0F9BD5B
C0FB21D8
C0FC84B8
C0FDE60D
C0FF45E4
C1005226
C10100A9
C101AE82
C1025BB7
C103084F
C103B44F
C1045FBE
C1050AA0
C105B4FC
C1065ED5
C1070832
C107B117
C1085989
C109018C
C109A924
C10A5056
C10AF725
C10B9D95
C10C43AA
C10CE968
C10D8ED1
C10E33EA
C10ED8B4
C10F7D34
C110216C
C110C55F
C1116910
C1120C80
C112AFB3
C11352AC
C113F56B
C11497F4
C1153A48
C115DC6B
C1167E5C
C117201F
C117C1B6
C1186321
C1190463
C119A57D
C11A4670
C11AE73F
C11B87EB
C11C2875
C11CC8DE
C11D6927
C11E0952
C11EA961
C11F4953
C11FE92A
C12088E8
C121288C
C121C819
C122678F
C12306EF
C123A639
C124456F
C124E492
C12583A1
C126229E
C126C18A
C1276065
C127FF30
BE83C477
BE85FA35
BE88450F
BE8AA5D0
BE8D1D46
BE8FAC4C
BE9253C1
BE95148E
BE97EFA6
BE9AE601
BE9DF8A6
BEA128A1
BEA4770A
BEA7E505
BEAB73BD
BEAF246D
BEB2F857
BEB6F0CB
BEBB0F28
BEBF54D6
BEC3C34B
BEC85C0E
BECD20B0
BED212D4
BED7342A
BEDC8673
BEE20B7E
BEE7C52D
BEEDB573
BEF3DE51
BEFA41DE
BF007120
BF03E0D9
BF077141
BF0B2386
BF0EF8E4
BF12F29E
BF171202
BF1B5866
BF1FC72E
BF245FC4
BF29239D
BF2E143A
BF333322
BF3881E7
BF3E0224
BF43B57C
BF499D98
BF4FBC2B
BF5612EC
BF5CA398
BF636FF1
BF6A79BB
BF71C2BB
BF794CB8
BF808CBA
BF849559
BF88C115
BF8D10C8
BF918546
BF961F5C
BF9ADFD1
BF9FC75F
BFA4D6B8
BFAA0E80
BFAF6F4D
BFB4F9A6
BFBAADFD
BFC08CB5
BFC69618
BFCCCA5C
BFD3299D
BFD9B3DD
BFE06904
BFE748DE
BFEE5318
BFF58742
BFFCE4CF
C0023588
C0060C9D
C009F732
C00DF4C1
C01204B9
C0162679
C01A5952
C01E9C89
C022EF5A
C02750F2
C02BC079
C0303D0B
C034C5BF
C03959A5
C03DF7CA
C0429F37
C0474EF2
C04C0602
C050C36D
C055863B
C05A4D76
C05F182D
C063E571
C068B45C
C06D840B
C07253A3
C077224F
C07BEF43
C0805CDE
C082C080
C085222C
C0878190
C089DE5B
C08C3842
C08E8EFE
C090E24D
C09331F3
C0957DB7
C097C566
C09A08D0
C09C47CA
C09E822F
C0A0B7DC
C0A2E8B3
C0A5149A
C0A73B7C
C0A95D46
C0AB79E9
C0AD9159
C0AFA390
C0B1B087
C0B3B83E
C0B5BAB4
C0B7B7EE
C0B9AFF1
C0BBA2C5
C0BD9074
C0BF790C
C0C15C9A
C0C33B2F
C0C514DA
C0C6E9B0
C0C8B9C4
C0CA852C
C0CC4BFD
C0CE0E4E
C0CFCC38
C0D185D2
C0D33B35
C0D4EC7A
C0D699BB
C0D84312
C0D9E898
C0DB8A68
C0DD289C
C0DEC34C
C0E05A94
C0E1EE8C
C0E37F4F
C0E50CF3
C0E69794
C0E81F48
C0E9A428
C0EB264B
C0ECA5C7
C0EE22B5
C0EF9D29
C0F11539
C0F28AFB
C0F3FE82
C0F56FE3
C0F6DF30
C0F84C7E
C0F9B7DD
C0FB2161
C0FC891A
C0FDEF19
C0FF536E
C1005B14
C1010BAC
C101BB86
C1026AA9
C103191C
C103C6E5
C104740B
C1052094
C105CC86
C10677E7
C10722BC
C107CD0A
C10876D8
C1092029
C109C903
C10A7169
C10B1962
C10BC0F0
C10C6818
C10D0EDD
C10DB544
C10E5B51
C10F0106
C10FA667
C1104B78
C110F03B
C11194B4
C11238E5
C112DCD2
C113807C
C11423E6
C114C713
C1156A06
C1160CC0
C116AF43
C1175193
C117F3B0
C118959D
C119375C
C119D8EE
C11A7A55
C11B1B93
C11BBCA9
C11C5D99
C11CFE64
C11D9F0C
C11E3F93
C11EDFF9
C11F803F
C1202067
C120C073
C1216062
C1220037
C1229FF2
C1233F94
C123DF1F
C1247E93
C1251DF0
C125BD38
C1265C6D
C126FB8D
C1279A9B
C1283996
C128D880
C129775A
BE959D5D
BE97D4B8
BE9A2141
BE9C83C1
BE9EFD09
BEA18DF2
BEA4375E
BEA6FA37
BEA9D76E
BEACD000
BEAFE4F0
BEB3174F
BEB66835
BEB9D8C6
BEBD6A2E
BEC11DAA
BEC4F47C
BEC8EFF8
BECD117A
BED15A6E
BED5CC4B
BEDA6899
BEDF30EA
BEE426E4
BEE94C36
BEEEA2A5
BEF42C02
BEF9EA2F
BEFFDF21
BF03066E
BF063ABC
BF098D90
BF0D0006
BF109348
BF144885
BF1820FA
BF1C1DEB
BF2040A7
BF248A88
BF28FCEF
BF2D994C
BF326113
BF3755C7
BF3C78F2
BF41CC27
BF475102
BF4D0928
BF52F647
BF591A11
BF5F7640
BF660C94
BF6CDED1
BF73EEBE
BF7B3E22
BF816763
BF855139
BF895D74
BF8D8CF3
BF91E090
BF965923
BF9AF77A
BF9FBC5B
BFA4A886
BFA9BCAD
BFAEF975
BFB45F78
BFB9EF3E
BFBFA93C
BFC58DD5
BFCB9D59
BFD1D7FC
BFD83DDF
BFDECF07
BFE58B5D
BFEC72B0
BFF384AF
BFFAC0EE
C0011370
C004DAEE
C008B68B
C00CA5D5
C010A847
C014BD50
C018E451
C01D1C9D
C0216579
C025BE22
C02A25C7
C02E9B8F
C0331E99
C037ADFA
C03C48C6
C040EE07
C0459CC8
C04A540F
C04F12E3
C053D84A
C058A34B
C05D72F0
C0624647
C0671C62
C06BF458
C070CD44
C075A64C
C07A7E98
C07F555B
C08214E8
C0847D9C
C086E470
C089490E
C08BAB24
C08E0A67
C090668D
C092BF54
C095147E
C09765CF
C099B313
C09BFC1A
C09E40B6
C0A080BF
C0A2BC12
C0A4F28F
C0A7241A
C0A9509C
C0AB7800
C0AD9A37
C0AFB732
C0B1CEEA
C0B3E156
C0B5EE75
C0B7F645
C0B9F8C8
C0BBF603
C0BDEDFD
C0BFE0C0
C0C1CE56
C0C3B6CE
C0C59A35
C0C7789D
C0C95217
C0CB26B8
C0CCF694
C0CEC1BF
C0D08852
C0D24A63
C0D4080B
C0D5C162
C0D77681
C0D92782
C0DAD47E
C0DC7D90
C0DE22D2
C0DFC45E
C0E1624E
C0E2FCBC
C0E493C1
C0E62778
C0E7B7FB
C0E94561
C0EACFC3
C0EC573B
C0EDDBE0
C0EF5DC9
C0F0DD0E
C0F259C5
C0F3D404
C0F54BE0
C0F6C16F
C0F834C6
C0F9A5F7
C0FB1516
C0FC8237
C0FDED6C
C0FF56C5
C1005F2B
C1011217
C101C42E
C102757A
C1032600
C103D5C9
C10484DB
C105333E
C105E0F8
C1068E0F
C1073A8A
C107E66E
C10891C2
C1093C8A
C109E6CC
C10A908E
C10B39D4
C10BE2A3
C10C8AFF
C10D32ED
C10DDA71
C10E818F
C10F284C
C10FCEAB
C11074AF
C1111A5C
C111BFB5
C11264BF
C113097B
C113ADED
C1145217
C114F5FD
C11599A1
C1163D05
C116E02D
C117831A
C11825CF
C118C84D
C1196A98
C11A0CB0
C11AAE99
C11B5053
C11BF1E1
C11C9344
C11D347E
C11DD590
C11E767D
C11F1745
C11FB7EA
C120586D
C120F8D0
C1219913
C1223939
C122D942
C123792F
C1241901
C124B8B9
C1255859
C125F7E2
C1269753
C12736AF
C127D5F5
C1287527
C1291446
C129B352
C12A524B
C12AF134
BEA78773
BEA9C061
BEAC0E8C
BEAE72BF
BEB0EDCC
BEB3808C
BEB62BE2
BEB8F0B7
BEBBD000
BEBECAB8
BEC1E1E5
BEC51697
BEC869E8
BECBDCFC
BECF7103
BED32736
BED700DD
BEDAFF4A
BEDF23DC
BEE36FFF
BEE7E52C
BEEC84EC
BEF150D3
BEF64A87
BEFB73BB
BF006719
BF032DE1
BF060F27
BF090BE5
BF0C2520
BF0F5BE4
BF12B147
BF162668
BF19BC6F
BF1D748F
BF215005
BF255016
BF297613
BF2DC356
BF323944
BF36D94C
BF3BA4E6
BF409D94
BF45C4E2
BF4B1C66
BF50A5BF
BF566292
BF5C548E
BF627D69
BF68DEDF
BF6F7AB3
BF7652A9
BF7D688C
BF825F13
BF862AA1
BF8A17D4
BF8E2791
BF925AB8
BF96B224
BF9B2EAE
BF9FD126
BFA49A55
BFA98AFA
BFAEA3CC
BFB3E571
BFB95084
BFBEE58F
BFC4A50B
BFCA8F5C
BFD0A4D3
BFD6E5A9
BFDD51FF
BFE3E9DD
BFEAAD2F
BFF19BC6
BFF8B554
BFFFF96F
C003B3C6
C0077F83
C00B5F8A
C00F5368
C0135A9C
C0177495
C01BA0B5
C01FDE50
C0242CAE
C0288B0A
C02CF896
C031747A
C035FDD4
C03A93BC
C03F3545
C043E17B
C0489768
C04D5613
C0521C83
C056E9BD
C05BBCCA
C06094B2
C0657084
C06A4F4F
C06F302A
C0741231
C078F486
C07DD652
C0815B62
C083CA8C
C0863845
C088A434
C08B0E00
C08D7557
C08FD9EC
C0923B75
C09499AE
C096F455
C0994B30
C09B9E08
C09DECAA
C0A036E8
C0A27C99
C0A4BD96
C0A6F9BE
C0A930F4
C0AB631F
C0AD9028
C0AFB7FE
C0B1DA92
C0B3F7D9
C0B60FCA
C0B82262
C0BA2F9D
C0BC377E
C0BE3A06
C0C0373C
C0C22F27
C0C421D4
C0C60F4C
C0C7F79F
C0C9DADD
C0CBB916
C0CD925D
C0CF66C7
C0D13669
C0D30158
C0D4C7AC
C0D6897D
C0D846E3
C0D9FFF7
C0DBB4D3
C0DD6591
C0DF1249
C0E0BB18
C0E26016
C0E4015F
C0E59F0D
C0E73939
C0E8CFFE
C0EA6376
C0EBF3BA
C0ED80E3
C0EF0B0A
C0F09247
C0F216B3
C0F39864
C0F51772
C0F693F4
C0F80DFF
C0F985A9
C0FAFB08
C0FC6E2F
C0FDDF32
C0FF4E25
C1005D8D
C1011313
C101C7AB
C1027B60
C1032E39
C103E03E
C1049178
C10541ED
C105F1A6
C106A0A8
C1074EFC
C107FCA7
C108A9B0
C109561D
C10A01F4
C10AAD3B
C10B57F7
C10C022D
C10CABE4
C10D551E
C10DFDE3
C10EA635
C10F4E19
C10FF594
C1109CA9
C111435D
C111E9B3
C1128FAF
C1133554
C113DAA7
C1147FA9
C115245E
C115C8C9
C1166CED
C11710CD
C117B46B
C11857CA
C118FAEC
C1199DD3
C11A4083
C11AE2FD
C11B8543
C11C2757
C11CC93B
C11D6AF1
C11E0C7B
C11EADDA
C11F4F10
C11FF01F
C1209108
C12131CD
C121D26F
C12272EF
C123134F
C123B38F
C12453B2
C124F3B8
C12593A3
C1263373
C126D329
C12772C7
C128124D
C128B1BC
C1295116
C129F05A
C12A8F8A
C12B2EA7
C12BCDB1
C12C6CAA
BEB98212
BEBBBC88
BEBE0C4A
BEC07225
BEC2EEEA
BEC58374
BEC830A5
BECAF769
BECDD8B5
BED0D584
BED3EEDE
BED725D3
BEDA7B7E
BEDDF104
BEE18795
BEE5406E
BEE91CD5
BEED1E1E
BEF145AA
BEF594E5
BEFA0D4B
BEFEB064
BF01BFE4
BF043E8D
BF06D50A
BF09843C
BF0C4D0E
BF0F3073
BF122F67
BF154AEE
BF188417
BF1BDBF6
BF1F53AE
BF22EC67
BF26A755
BF2A85B5
BF2E88D0
BF32B1F6
BF370284
BF3B7BDF
BF401F77
BF44EEC7
BF49EB52
BF4F16A6
BF54725A
BF5A000F
BF5FC16C
BF65B822
BF6BE5E9
BF724C80
BF78EDAA
BF7FCB30
BF83736E
BF87213F
BF8AEFF1
BF8EE06A
BF92F38F
BF972A42
BF9B8561
BFA005C4
BFA4AC3F
BFA9799B
BFAE6E9B
BFB38BF4
BFB8D252
BFBE4250
BFC3DC7A
BFC9A14A
BFCF9129
BFD5AC68
BFDBF343
BFE265DD
BFE90441
BFEFCE5C
BFF6C403
BFFDE4E9
C0029854
C006535C
C00A2339
C00E078B
C011FFDE
C0160BB3
C01A2A7A
C01E5B96
C0229E5D
C026F218
C02B5603
C02FC950
C0344B28
C038DAAC
C03D76F3
C0421F11
C046D213
C04B8F03
C05054EA
C05522CC
C059F7B2
C05ED2A1
C063B2A4
C06896C8
C06D7E1D
C07267B8
C07752B4
C07C3E32
C08094AD
C08309AD
C0857DB6
C087F065
C08A6160
C08CD04D
C08F3CDA
C091A6B7
C0940D99
C096713A
C098D159
C09B2DB9
C09D8620
C09FDA5C
C0A22A3B
C0A47594
C0A6BC3D
C0A8FE15
C0AB3AFB
C0AD72D6
C0AFA58D
C0B1D30C
C0B3FB44
C0B61E27
C0B83BAC
C0BA53CC
C0BC6684
C0BE73D3
C0C07BBC
C0C27E42
C0C47B6D
C0C67345
C0C865D6
C0CA532D
C0CC3B58
C0CE1E69
C0CFFC71
C0D1D584
C0D3A9B6
C0D5791D
C0D743CF
C0D909E5
C0DACB75
C0DC889A
C0DE416C
C0DFF606
C0E1A680
C0E352F6
C0E4FB82
C0E6A03F
C0E84146
C0E9DEB3
C0EB78A0
C0ED0F26
C0EEA260
C0F03267
C0F1BF54
C0F34941
C0F4D045
C0F65479
C0F7D5F4
C0F954CE
C0FAD11C
C0FC4AF5
C0FDC26F
C0FF379E
C100554C
C1010DB7
C101C51B
C1027B81
C10330F2
C103E578
C1049919
C1054BE0
C105FDD4
C106AEFC
C1075F61
C1080F0A
C108BDFD
C1096C42
C10A19DE
C10AC6DA
C10B733A
C10C1F04
C10CCA3F
C10D74EF
C10E1F1A
C10EC8C5
C10F71F5
C1101AAF
C110C2F8
C1116AD2
C1121244
C112B951
C1135FFC
C114064A
C114AC3F
C11551DC
C115F727
C1169C23
C11740D1
C117E536
C1188954
C1192D2D
C119D0C6
C11A741F
C11B173C
C11BBA1F
C11C5CC9
C11CFF3E
C11DA180
C11E4390
C11EE56F
C11F8722
C12028A7
C120CA03
C1216B36
C1220C41
C122AD27
C1234DE9
C123EE87
C1248F04
C1252F61
C125CF9F
C1266FC0
C1270FC3
C127AFAB
C1284F79
C128EF2D
C1298EC9
C12A2E4D
C12ACDBA
C12B6D12
C12C0C54
C12CAB83
C12D4A9E
C12DE9A6
BECB8C9A
BECDC88C
BED019DB
BED28151
BED4FFC2
BED79608
BEDA4508
BEDD0DAE
BEDFF0ED
BEE2EFC5
BEE60B3C
BEE94463
BEEC9C57
BEF0143E
BEF3AD48
BEF768B2
BEFB47C6
BEFF4BD7
BF01BB24
BF03E442
BF062206
BF087533
BF0ADE95
BF0D5F02
BF0FF753
BF12A86D
BF15733B
BF1858B0
BF1B59C9
BF1E778C
BF21B307
BF250D51
BF28878C
BF2C22E3
BF2FE08B
BF33C1C1
BF37C7CE
BF3BF407
BF4047C6
BF44C475
BF496B83
BF4E3E6D
BF533EB9
BF586DF5
BF5DCDBA
BF635FAA
BF692570
BF6F20BD
BF75534C
BF7BBEDC
BF81329B
BF84A410
BF8834B6
BF8BE574
BF8FB732
BF93AAD8
BF97C14C
BF9BFB71
BFA05A26
BFA4DE46
BFA988A5
BFAE5A0F
BFB35348
BFB87508
BFBDBFFB
BFC334BE
BFC8D3E1
BFCE9DDF
BFD49321
BFDAB3FD
BFE100B0
BFE77960
BFEE1E19
BFF4EECB
BFFBEB4E
C00189AB
C0053341
C008F225
C00CC605
C010AE82
C014AB2B
C018BB80
C01CDEF3
C02114EA
C0255CB9
C029B5AC
C02E1F00
C03297E9
C0371F8F
C03BB515
C0405793
C045061E
C049BFC3
C04E838D
C0535084
C05825B0
C05D0216
C061E4BF
C066CCB3
C06BB900
C070A8B5
C0759AE7
C07A8EB1
C07F8332
C0823BC8
C084B57E
C0872E54
C089A5E9
C08C1BE1
C08E8FE1
C0910195
C09370AE
C095DCDE
C09845DF
C09AAB6D
C09D0D4A
C09F6B3B
C0A1C50C
C0A41A8B
C0A66B8A
C0A8B7E0
C0AAFF69
C0AD4204
C0AF7F94
C0B1B7FF
C0B3EB30
C0B61915
C0B841A0
C0BA64C5
C0BC827D
C0BE9AC1
C0C0AD91
C0C2BAEC
C0C4C2D5
C0C6C553
C0C8C26D
C0CABA2D
C0CCAC9E
C0CE99D0
C0D081D2
C0D264B4
C0D44289
C0D61B66
C0D7EF5F
C0D9BE8A
C0DB88FF
C0DD4ED6
C0DF1027
C0E0CD0B
C0E2859B
C0E439F3
C0E5EA2C
C0E79660
C0E93EAB
C0EAE327
C0EC83EF
C0EE211C
C0EFBACA
C0F15113
C0F2E411
C0F473DD
C0F60090
C0F78A44
C0F91111
C0FA950F
C0FC1656
C0FD94FC
C0FF1119
C1004561
C1010106
C101BB87
C10274ED
C1032D43
C103E492
C1049AE4
C1055042
C10604B4
C106B844
C1076AF9
C1081CDC
C108CDF4
C1097E49
C10A2DE2
C10ADCC7
C10B8AFD
C10C388C
C10CE57A
C10D91CD
C10E3D8C
C10EE8BA
C10F935F
C1103D7F
C110E720
C1119046
C11238F6
C112E135
C1138907
C1143070
C114D774
C1157E17
C116245D
C116CA4A
C1176FE1
C1181525
C118BA19
C1195EC1
C11A0320
C11AA738
C11B4B0C
C11BEE9F
C11C91F3
C11D350B
C11DD7E9
C11E7A8F
C11F1CFF
C11FBF3C
C1206148
C1210324
C121A4D2
C1224654
C122E7AC
C12388DB
C12429E4
C124CAC6
C1256B85
C1260C20
C126AC9B
C1274CF5
C127ED30
C1288D4E
C1292D4F
C129CD35
C12A6D00
C12B0CB2
C12BAC4C
C12C4BCE
C12CEB39
C12D8A8F
C12E29D0
C12EC8FD
C12F6816
BEDDA671
BEDFE3D5
BEE236A4
BEE49FAA
BEE71FBA
BEE9B7B1
BEEC6873
BEEF32EC
BEF21811
BEF518E2
BEF83666
BEFB71B0
BEFECBDD
BF012309
BF02F0C1
BF04CFB6
BF06C08D
BF08C3EF
BF0ADA8E
BF0D0523
BF0F446B
BF11992D
BF140434
BF168657
BF192070
BF1BD363
BF1EA01D
BF218793
BF248AC2
BF27AAAF
BF2AE86C
BF2E450F
BF31C1BB
BF355F9D
BF391FE9
BF3D03DF
BF410CCA
BF453BFD
BF4992D7
BF4E12C0
BF52BD2A
BF579394
BF5C9784
BF61CA8A
BF672E42
BF6CC44E
BF728E5A
BF788E1C
BF7EC54E
BF829AD9
BF85F089
BF89649D
BF8CF7FD
BF90AB92
BF948045
BF987700
BF9C90A9
BFA0CE25
BFA53056
BFA9B816
BFAE663C
BFB33B95
BFB838E7
BFBD5EEC
BFC2AE50
BFC827B5
BFCDCBAA
BFD39AAE
BFD9952B
BFDFBB79
BFE60DD8
BFEC8C6F
BFF3374D
BFFA0E66
C00088C8
C0042043
C007CD73
C00B9016
C00F67DD
C0135467
C0175545
C01B69FA
C01F91F9
C023CCA6
C028195B
C02C7762
C030E5FA
C0356458
C039F1A6
C03E8D06
C0433593
C047EA61
C04CAA7F
C05174F9
C05648D8
C05B2522
C06008DE
C064F315
C069E2D0
C06ED71B
C073CF06
C078C9A6
C07DC614
C08161B8
C083E070
C0865EC7
C088DC59
C08B58C2
C08DD3A6
C0904CA9
C092C376
C09537BD
C097A92E
C09A1783
C09C8276
C09EE9C8
C0A14D3C
C0A3AC9D
C0A607B6
C0A85E59
C0AAB05B
C0ACFD96
C0AF45E7
C0B1892F
C0B3C754
C0B6003E
C0B833D9
C0BA6216
C0BC8AE6
C0BEAE42
C0C0CC21
C0C2E480
C0C4F75F
C0C704BE
C0C90CA2
C0CB0F11
C0CD0C15
C0CF03B8
C0D0F608
C0D2E311
C0D4CAE6
C0D6AD97
C0D88B38
C0DA63DE
C0DC379D
C0DE068D
C0DFD0C5
C0E1965D
C0E3576E
C0E51412
C0E6CC62
C0E88079
C0EA3071
C0EBDC65
C0ED8470
C0EF28AD
C0F0C935
C0F26625
C0F3FF97
C0F595A4
C0F72867
C0F8B7F9
C0FA4475
C0FBCDF2
C0FD5489
C0FED853
C1002CB3
C100EBED
C101A9E4
C10266A1
C103222F
C103DC9A
C10495EB
C1054E2C
C1060567
C106BBA6
C10770F0
C1082551
C108D8CF
C1098B73
C10A3D45
C10AEE4D
C10B9E93
C10C4E1D
C10CFCF4
C10DAB1C
C10E589E
C10F0580
C10FB1C6
C1105D79
C111089C
C111B336
C1125D4B
C11306E2
C113AFFE
C11458A5
C11500DA
C115A8A3
C1165004
C116F700
C1179D9C
C11843DA
C118E9C0
C1198F50
C11A348D
C11AD97B
C11B7E1D
C11C2276
C11CC688
C11D6A57
C11E0DE4
C11EB133
C11F5446
C11FF71F
C12099C1
C1213C2D
C121DE66
C122806D
C1232245
C123C3F0
C124656E
C12506C3
C125A7EF
C12648F4
C126E9D4
C1278A8F
C1282B28
C128CBA0
C1296BF7
C12A0C30
C12AAC4C
C12B4C4A
C12BEC2E
C12C8BF7
C12D2BA7
C12DCB3E
C12E6ABF
C12F0A28
C12FA97C
C13048BB
C130E7E7
BEEFCF02
BEF20DCD
BEF46211
BEF6CC9C
BEF94E40
BEFBE7DB
BEFE9A51
BF00B348
BF0226C7
BF03A824
BF0537E6
BF06D694
BF0884BE
BF0A42F8
BF0C11DB
BF0DF206
BF0FE41F
BF11E8D1
BF1400CD
BF162CCD
BF186D8F
BF1AC3D9
BF1D3079
BF1FB444
BF225017
BF2504D7
BF27D36F
BF2ABCD7
BF2DC20B
BF30E413
BF342400
BF3782EA
BF3B01F5
BF3EA24E
BF42652B
BF464BCD
BF4A577F
BF4E8997
BF52E373
BF57667E
BF5C142B
BF60EDFA
BF65F572
BF6B2C25
BF7093B1
BF762DB9
BF7BFBEC
BF810000
BF841DD8
BF875863
BF8AB083
BF8E2721
BF91BD26
BF95737C
BF994B0D
BF9D44C5
BFA1618B
BFA5A244
BFAA07D5
BFAE9319
BFB344E8
BFB81E12
BFBD1F5E
BFC24986
BFC79D3A
BFCD1B1C
BFD2C3BE
BFD897A1
BFDE9731
BFE4C2C7
BFEB1AA6
BFF19EF7
BFF84FCB
BFFF2D18
C0031B5C
C006B634
C00A66E3
C00E2D29
C01208B8
C015F930
C019FE25
C01E1719
C0224382
C02682C5
C02AD43C
C02F3732
C033AAE9
C0382E96
C03CC164
C0416278
C04610EB
C04ACBD3
C04F9241
C0546341
C0593DDB
C05E2118
C0630C00
C067FD99
C06CF4EF
C071F10D
C076F103
C07BF3E6
C0807C67
C082FF6D
C0858298
C088057E
C08A87B8
C08D08E3
C08F88A1
C0920696
C094826C
C096FBD1
C0997276
C09BE612
C09E565E
C0A0C31B
C0A32C09
C0A590F2
C0A7F19F
C0AA4DE2
C0ACA58D
C0AEF878
C0B1467F
C0B38F82
C0B5D364
C0B8120C
C0BA4B64
C0BC7F5A
C0BEADE0
C0C0D6EB
C0C2FA71
C0C5186E
C0C730E0
C0C943C5
C0CB5122
C0CD58FB
C0CF5B57
C0D15841
C0D34FC4
C0D541ED
C0D72ECC
C0D91672
C0DAF8F1
C0DCD65D
C0DEAECA
C0E0824F
C0E25103
C0E41AFE
C0E5E058
C0E7A12A
C0E95D8E
C0EB159E
C0ECC975
C0EE792E
C0F024E3
C0F1CCAF
C0F370AE
C0F510F9
C0F6ADAD
C0F846E3
C0F9DCB6
C0FB6F40
C0FCFE9B
C0FE8ADF
C1000A14
C100CD45
C1018F11
C1024F82
C1030EA4
C103CC83
C1048929
C10544A2
C105FEF7
C106B833
C1077060
C1082788
C108DDB4
C10992EC
C10A473B
C10AFAA8
C10BAD3C
C10C5EFE
C10D0FF7
C10DC02E
C10E6FAA
C10F1E73
C10FCC8E
C1107A03
C11126D8
C111D313
C1127EBA
C11329D3
C113D462
C1147E6D
C11527FA
C115D10D
C11679AA
C11721D7
C117C998
C11870F0
C11917E5
C119BE79
C11A64B0
C11B0A8F
C11BB018
C11C554F
C11CFA37
C11D9ED3
C11E4325
C11EE732
C11F8AFB
C1202E84
C120D1CE
C12174DC
C12217B1
C122BA4E
C1235CB6
C123FEEB
C124A0EF
C12542C3
C125E46A
C12685E5
C1272736
C127C85F
C1286961
C1290A3E
C129AAF6
C12A4B8D
C12AEC02
C12B8C57
C12C2C8D
C12CCCA6
C12D6CA3
C12E0C84
C12EAC4B
C12F4BF9
C12FEB8F
C1308B0D
C1312A75
C131C9C7
C1326905
BF0102DF
BF0222F3
BF034DCB
BF0483CD
BF05C563
BF0712FC
BF086D0B
BF09D407
BF0B486A
BF0CCAB6
BF0E5B6F
BF0FFB1F
BF11AA55
BF1369A5
BF1539AA
BF171B02
BF190E54
BF1B144C
BF1D2D9B
BF1F5AFB
BF219D2C
BF23F4F3
BF266320
BF28E887
BF2B8607
BF2E3C84
BF310CED
BF33F837
BF36FF62
BF3A2375
BF3D6581
BF40C6A1
BF4447F9
BF47EAB6
BF4BB010
BF4F9949
BF53A7AD
BF57DC93
BF5C395A
BF60BF6F
BF657046
BF6A4D5F
BF6F5844
BF749289
BF79FDCB
BF7F9BB0
BF82B6F5
BF85BB17
BF88DB1E
BF8C17ED
BF8F726B
BF92EB7F
BF968414
BF9A3D16
BF9E176F
BFA2140C
BFA633D6
BFAA77B4
BFAEE08A
BFB36F37
BFB82493
BFBD016F
BFC20694
BFC734BF
BFCC8CA1
BFD20EDE
BFD7BC08
BFDD94A3
BFE3991E
BFE9C9D3
BFF02707
BFF6B0E5
BFFD6781
C0022569
C005AD5B
C0094B75
C00CFF88
C010C955
C014A88F
C0189CD9
C01CA5C5
C020C2D9
C024F38A
C0293741
C02D8D56
C031F519
C0366DCA
C03AF6A0
C03F8EC8
C0443566
C048E997
C04DAA71
C0527704
C0574E5F
C05C2F8A
C061198F
C0660B75
C06B0445
C0700309
C07506CD
C07A0EA2
C07F199C
C0821369
C0849AB2
C087223C
C089A99B
C08C3069
C08EB642
C0913AC6
C093BD9B
C0963E69
C098BCDC
C09B38A6
C09DB17A
C0A02713
C0A2992E
C0A5078C
C0A771F3
C0A9D82D
C0AC3A09
C0AE9758
C0B0EFF1
C0B343AD
C0B5926B
C0B7DC0B
C0BA2074
C0BC5F8D
C0BE9944
C0C0CD88
C0C2FC4B
C0C52584
C0C7492C
C0C9673E
C0CB7FB9
C0CD929F
C0CF9FF3
C0D1A7BB
C0D3AA00
C0D5A6CC
C0D79E2B
C0D9902C
C0DB7CDE
C0DD6454
C0DF469F
C0E123D4
C0E2FC09
C0E4CF54
C0E69DCC
C0E8678A
C0EA2CA5
C0EBED39
C0EDA95F
C0EF6130
C0F114C9
C0F2C443
C0F46FBA
C0F61749
C0F7BB0B
C0F95B1B
C0FAF794
C0FC9090
C0FE262B
C0FFB87D
C100A3D1
C10169D8
C1022E62
C102F17B
C103B32E
C1047387
C1053292
C105F05A
C106ACEA
C107684D
C108228E
C108DBB6
C10993D0
C10A4AE5
C10B00FF
C10BB626
C10C6A63
C10D1DC0
C10DD044
C10E81F7
C10F32E1
C10FE30A
C1109278
C1114134
C111EF43
C1129CAB
C1134974
C113F5A4
C114A140
C1154C4E
C115F6D3
C116A0D4
C1174A57
C117F361
C1189BF6
C119441A
C119EBD3
C11A9323
C11B3A10
C11BE09D
C11C86CE
C11D2CA6
C11DD228
C11E7759
C11F1C3B
C11FC0D1
C120651F
C1210926
C121ACEA
C122506E
C122F3B3
C12396BD
C124398D
C124DC26
C1257E8A
C12620BB
C126C2BB
C127648C
C128062F
C128A7A7
C12948F5
C129EA1B
C12A8B1A
C12B2BF4
C12BCCAA
C12C6D3D
C12D0DB0
C12DAE03
C12E4E37
C12EEE4E
C12F8E48
C1302E27
C130CDEC
C1316D98
C1320D2C
C132ACA9
C1334C0F
C133EB60
BF0A2510
BF0B45CD
BF0C7154
BF0DA80D
BF0EEA61
BF1038C0
BF11939D
BF12FB6E
BF1470B0
BF15F3E3
BF17858D
BF192637
BF1AD670
BF1C96CF
BF1E67EC
BF204A69
BF223EEB
BF24461E
BF2660B6
BF288F6C
BF2AD300
BF2D2C39
BF2F9BE6
BF3222DE
BF34C1FE
BF377A2C
BF3A4C57
BF3D3975
BF404287
BF436895
BF46ACB0
BF4A0FF5
BF4D9387
BF513896
BF55005A
BF58EC16
BF5CFD18
BF6134B5
BF659451
BF6A1D58
BF6ED140
BF73B18A
BF78BFC1
BF7DFD7B
BF81B62B
BF8486FD
BF87720D
BF8A7837
BF8D9A5B
BF90D95E
BF943626
BF97B19D
BF9B4CAE
BF9F0846
BFA2E552
BFA6E4BD
BFAB0773
BFAF4E5C
BFB3BA5E
BFB84C58
BFBD0524
BFC1E596
BFC6EE76
BFCC2084
BFD17C73
BFD702E6
BFDCB475
BFE291A3
BFE89AE1
BFEED08C
BFF532EB
BFFBC22A
C0013F30
C004B3C3
C0083EBE
C00BE000
C00F975D
C0136496
C017475F
C01B3F5B
C01F4C21
C0236D35
C027A20E
C02BEA16
C03044A8
C034B113
C0392E99
C03DBC73
C04259CE
C04705D0
C04BBF96
C0508638
C05558C7
C05A3651
C05F1DE2
C0640E83
C069073B
C06E0715
C0730D1A
C0781858
C07D27DE
C0811D61
C083A80D
C0863383
C088BF55
C08B4B17
C08DD664
C09060D6
C092EA0E
C09571B0
C097F763
C09A7AD2
C09CFBAF
C09F79AD
C0A1F483
C0A46BEF
C0A6DFB0
C0A94F8C
C0ABBB4A
C0AE22B7
C0B085A4
C0B2E3E5
C0B53D52
C0B791C9
C0B9E128
C0BC2B53
C0BE7031
C0C0AFAD
C0C2E9B5
C0C51E39
C0C74D2E
C0C9768B
C0CB9A4B
C0CDB86B
C0CFD0E9
C0D1E3C9
C0D3F10F
C0D5F8C2
C0D7FAEB
C0D9F795
C0DBEECE
C0DDE0A4
C0DFCD28
C0E1B46B
C0E39682
C0E57380
C0E74B7C
C0E91E8C
C0EAECC9
C0ECB649
C0EE7B28
C0F03B7E
C0F1F766
C0F3AEF9
C0F56254
C0F71191
C0F8BCCC
C0FA641F
C0FC07A6
C0FDA77C
C0FF43BB
C1006E40
C10138F1
C10201FF
C102C977
C1038F65
C10453D6
C10516D6
C105D871
C10698B3
C10757A7
C108155A
C108D1D5
C1098D23
C10A4750
C10B0065
C10BB86C
C10C6F6F
C10D2577
C10DDA8D
C10E8EBA
C10F4207
C10FF47C
C110A620
C11156FC
C1120717
C112B678
C1136527
C1141329
C114C086
C1156D44
C1161969
C116C4FA
C1176FFD
C1181A78
C118C471
C1196DEB
C11A16EC
C11ABF78
C11B6794
C11C0F45
C11CB68E
C11D5D74
C11E03FA
C11EAA24
C11F4FF5
C11FF571
C1209A9C
C1213F78
C121E409
C1228851
C1232C54
C123D013
C1247392
C12516D3
C125B9D8
C1265CA4
C126FF39
C127A199
C12843C6
C128E5C3
C1298790
C12A2930
C12ACAA5
C12B6BF0
C12C0D13
C12CAE0F
C12D4EE6
C12DEF99
C12E902A
C12F309B
C12FD0EB
C130711D
C1311131
C131B12A
C1325107
C132F0CA
C1339074
C1343006
C134CF81
C1356EE6
BF134DD0
BF146F31
BF159B64
BF16D2CE
BF1815DA
BF1964F9
BF1AC09D
BF1C293E
BF1D9F58
BF1F236B
BF20B5FD
BF22579A
BF2408CF
BF25CA34
BF279C62
BF297FFA
BF2B75A2
BF2D7E08
BF2F99DF
BF31C9E0
BF340ECD
BF36696D
BF38DA8F
BF3B630A
BF3E03BD
BF40BD8F
BF43916E
BF468053
BF498B3D
BF4CB336
BF4FF951
BF535EA9
BF56E465
BF5A8BB3
BF5E55CE
BF6243FA
BF665783
BF6A91C4
BF6EF41E
BF738000
BF7836E0
BF7D1A42
BF8115D9
BF83B662
BF866F8E
BF894231
BF8C2F25
BF8F3746
BF925B76
BF959C9B
BF98FB9B
BF9C7962
BFA016DC
BFA3D4F5
BFA7B49D
BFABB6C0
BFAFDC4B
BFB42627
BFB8953B
BFBD2A67
BFC1E689
BFC6CA73
BFCBD6F0
BFD10CC1
BFD66C9C
BFDBF725
BFE1ACF4
BFE78E90
BFED9C6C
BFF3D6E5
BFFA3E44
C000695D
C003CA2E
C0074194
C00ACF7F
C00E73D1
C0122E5D
C015FEE7
C019E522
C01DE0B5
C021F136
C026162A
C02A4F0C
C02E9B44
C032FA30
C0376B1F
C03BED57
C040800E
C0452276
C049D3B4
C04E92E8
C0535F28
C0583789
C05D1B19
C06208E4
C066FFF4
C06BFF52
C0710608
C0761321
C07B25AB
C0801E5A
C082ABAA
C0853A50
C087C9DC
C08A59E0
C08CE9F0
C08F79A6
C092089C
C0949672
C09722CC
C099AD50
C09C35AA
C09EBB88
C0A13E9E
C0A3BEA2
C0A63B50
C0A8B467
C0AB29AA
C0AD9AE1
C0B007D6
C0B27058
C0B4D43B
C0B73355
C0B98D81
C0BBE29C
C0BE328A
C0C07D2E
C0C2C272
C0C50243
C0C73C8E
C0C97147
C0CBA064
C0CDC9DC
C0CFEDAC
C0D20BD1
C0D4244C
C0D63720
C0D84453
C0DA4BED
C0DC4DF7
C0DE4A7D
C0E0418D
C0E23336
C0E41F8A
C0E6069A
C0E7E87B
C0E9C542
C0EB9D05
C0ED6FDA
C0EF3DDB
C0F10720
C0F2CBC2
C0F48BDB
C0F64785
C0F7FEDD
C0F9B1FB
C0FB60FC
C0FD0BFC
C0FEB314
C1002B31
C100FAFF
C101C903
C102954A
C1035FE1
C10428D5
C104F033
C105B608
C1067A60
C1073D48
C107FECC
C108BEF8
C1097DD6
C10A3B74
C10AF7DA
C10BB315
C10C6D2E
C10D2630
C10DDE25
C10E9517
C10F4B0E
C1100014
C110B431
C111676E
C11219D4
C112CB6B
C1137C39
C1142C47
C114DB9B
C1158A3D
C1163834
C116E585
C1179238
C1183E52
C118E9D9
C11994D3
C11A3F44
C11AE933
C11B92A5
C11C3B9D
C11CE421
C11D8C36
C11E33DF
C11EDB21
C11F8200
C120287F
C120CEA2
C121746E
C12219E4
C122BF09
C12363E0
C124086B
C124ACAE
C12550AC
C125F466
C12697E0
C1273B1D
C127DE1E
C12880E6
C1292377
C129C5D4
C12A67FD
C12B09F6
C12BABC0
C12C4D5D
C12CEECF
C12D9017
C12E3137
C12ED230
C12F7305
C13013B6
C130B444
C13154B2
C131F500
C1329530
C1333543
C133D539
C1347514
C13514D6
C135B47E
C136540E
C136F387
BF1C7CE1
BF1D9EE2
BF1ECBBA
BF2003D0
BF214790
BF229768
BF23F3CE
BF255D38
BF26D422
BF28590F
BF29EC83
BF2B8F0B
BF2D4135
BF2F0397
BF30D6CD
BF32BB78
BF34B23E
BF36BBCD
BF38D8D9
BF3B0A1C
BF3D5056
BF3FAC52
BF421EDD
BF44A8D0
BF474B0B
BF4A0673
BF4CDBFA
BF4FCC96
BF52D94A
BF56031F
BF594B29
BF5CB285
BF603A59
BF63E3D5
BF67B034
BF6BA0BC
BF6FB6BA
BF73F388
BF78588B
BF7CE730
BF80D079
BF8343A9
BF85CDF0
BF887019
BF8B2AF5
BF8DFF5A
BF90EE22
BF93F82B
BF971E57
BF9A618D
BF9DC2B4
BFA142B8
BFA4E286
BFA8A30D
BFAC853B
BFB08A00
BFB4B249
BFB8FF00
BFBD710C
BFC20952
BFC6C8AD
BFCBAFF3
BFD0BFF0
BFD5F966
BFDB5D0C
BFE0EB89
BFE6A577
BFEC8B5D
BFF29DAF
BFF8DCCF
BFFF4907
C002F144
C00654B6
C009CED8
C00D5F9C
C01106E4
C014C486
C0189845
C01C81D8
C02080E4
C0249502
C028BDB9
C02CFA82
C0314ACA
C035ADEE
C03A2340
C03EAA04
C0434175
C047E8C3
C04C9F17
C051638F
C0563546
C05B134E
C05FFCB9
C064F093
C069EDE6
C06EF3BD
C0740123
C0791522
C07E2EC9
C081A694
C08437AA
C086CA33
C0895DBE
C08BF1DC
C08E8623
C0911A2B
C093AD8F
C0963FEE
C098D0EA
C09B602B
C09DED5B
C0A07828
C0A30044
C0A58565
C0A80745
C0AA85A3
C0AD0040
C0AF76E2
C0B1E954
C0B45762
C0B6C0DE
C0B9259E
C0BB857A
C0BDE04F
C0C035FC
C0C28666
C0C4D174
C0C71710
C0C95727
C0CB91AA
C0CDC68E
C0CFF5C8
C0D21F53
C0D4432C
C0D66150
C0D879C2
C0DA8C86
C0DC99A1
C0DEA11E
C0E0A305
C0E29F64
C0E49649
C0E687C4
C0E873E6
C0EA5AC3
C0EC3C6E
C0EE18FD
C0EFF086
C0F1C322
C0F390E8
C0F559F1
C0F71E57
C0F8DE34
C0FA99A2
C0FC50BE
C0FE03A1
C0FFB268
C100AE97
C1018206
C1025391
C1032344
C103F12C
C104BD58
C10587D5
C10650B0
C10717F5
C107DDB2
C108A1F3
C10964C4
C10A2631
C10AE647
C10BA511
C10C6299
C10D1EEC
C10DDA13
C10E941A
C10F4D0A
C11004EE
C110BBCE
C11171B5
C11226AB
C112DAB9
C1138DE8
C1144040
C114F1C8
C115A289
C116528A
C11701D2
C117B069
C1185E54
C1190B9A
C119B842
C11A6452
C11B0FCF
C11BBABF
C11C6528
C11D0F0E
C11DB877
C11E6167
C11F09E4
C11FB1F1
C1205993
C12100CE
C121A7A6
C1224E1E
C122F43B
C1239A01
C1243F72
C124E491
C1258962
C1262DE9
C126D227
C1277620
C12819D6
C128BD4C
C1296084
C12A0381
C12AA645
C12B48D2
C12BEB2B
C12C8D51
C12D2F47
C12DD10E
C12E72A8
C12F1417
C12FB55C
C1305679
C130F770
C1319842
C13238F0
C132D97D
C13379E8
C1341A34
C134BA62
C1355A72
C135FA67
C1369A40
C1373A00
C137D9A6
C1387935
BF25B207
BF26D4A2
BF28021A
BF293AD7
BF2A7F44
BF2BCFD1
BF2D2CF2
BF2E971F
BF300ED4
BF319494
BF3328E3
BF34CC4E
BF367F65
BF3842BE
BF3A16F4
BF3BFCA9
BF3DF484
BF3FFF33
BF421D6A
BF444FE4
BF469763
BF48F4AF
BF4B6899
BF4DF3F8
BF5097AD
BF5354A0
BF562BC0
BF591E07
BF5C2C76
BF5F5819
BF62A203
BF660B52
BF69952D
BF6D40C5
BF710F57
BF750227
BF791A86
BF7D59CE
BF80E0B2
BF83295B
BF8587A1
BF87FC44
BF8A880E
BF8D2BC9
BF8FE848
BF92BE61
BF95AEEE
BF98BAD0
BF9BE2E8
BF9F281D
BFA28B58
BFA60D87
BFA9AF97
BFAD7278
BFB15719
BFB55E6A
BFB98959
BFBDD8D4
BFC24DC1
BFC6E906
BFCBAB80
BFD09606
BFD5A965
BFDAE663
BFE04DB5
BFE5E005
BFEB9DEF
BFF187FB
BFF79EA1
BFFDE241
C0022994
C00578C6
C008DEC2
C00C5B8A
C00FEF10
C0139937
C01759D5
C01B30AF
C01F1D7E
C0231FE8
C0273786
C02B63E0
C02FA473
C033F8AA
C0385FE5
C03CD975
C04164A3
C04600A9
C04AACB8
C04F67FB
C0543190
C0590894
C05DEC1B
C062DB36
C067D4F3
C06CD85E
C071E481
C076F869
C07C1320
C08099DB
C0832C9E
C085C163
C08857B7
C08AEF29
C08D874B
C0901FB1
C092B7F4
C0954FAF
C097E680
C09A7C09
C09D0FF2
C09FA1E3
C0A2318A
C0A4BE99
C0A748C4
C0A9CFC5
C0AC5359
C0AED341
C0B14F41
C0B3C722
C0B63AB1
C0B8A9BD
C0BB1419
C0BD799F
C0BFDA27
C0C23591
C0C48BBF
C0C6DC96
C0C927FE
C0CB6DE4
C0CDAE36
C0CFE8E6
C0D21DEB
C0D44D3A
C0D676D0
C0D89AAA
C0DAB8C8
C0DCD12C
C0DEE3DA
C0E0F0DB
C0E2F837
C0E4F9FA
C0E6F630
C0E8ECE8
C0EADE33
C0ECCA23
C0EEB0CA
C0F0923F
C0F26E96
C0F445E6
C0F61848
C0F7E5D3
C0F9AEA1
C0FB72CC
C0FD326E
C0FEEDA2
C1005242
C1012B96
C10202DD
C102D823
C103AB77
C1047CE6
C1054C7E
C1061A4C
C106E65F
C107B0C2
C1087984
C10940B1
C10A0656
C10ACA80
C10B8D3B
C10C4E93
C10D0E94
C10DCD49
C10E8ABE
C10F46FD
C1100212
C110BC07
C11174E5
C1122CB8
C112E388
C113995F
C1144E46
C1150245
C115B566
C11667B0
C117192B
C117C9DF
C11879D4
C1192910
C119D79B
C11A857B
C11B32B7
C11BDF55
C11C8B5B
C11D36CF
C11DE1B6
C11E8C15
C11F35F3
C11FDF54
C120883C
C12130B1
C121D8B7
C1228052
C1232786
C123CE58
C12474CA
C1251AE1
C125C0A1
C126660C
C1270B26
C127AFF3
C1285474
C128F8AD
C1299CA2
C12A4053
C12AE3C5
C12B86F9
C12C29F2
C12CCCB3
C12D6F3D
C12E1192
C12EB3B5
C12F55A7
C12FF76B
C1309902
C1313A6E
C131DBB0
C1327CCB
C1331DBF
C133BE8F
C1345F3B
C134FFC5
C135A02E
C1364078
C136E0A4
C13780B3
C13820A5
C138C07D
C139603B
C139FFE0
BF2EED07
BF301038
BF313E4B
BF3277AA
BF33BCBF
BF350DFB
BF366BD1
BF37D6BB
BF394F35
BF3AD5C0
BF3C6AE4
BF3E0F2B
BF3FC328
BF41876F
BF435C9D
BF454354
BF473C3C
BF494802
BF4B675B
BF4D9B03
BF4FE3BB
BF52424D
BF54B78A
BF57444A
BF59E96E
BF5CA7DF
BF5F808C
BF627470
BF65848D
BF68B1EE
BF6BFDA9
BF6F68DB
BF72F4AD
BF76A251
BF7A7303
BF7E680A
BF81415B
BF836231
BF85973B
BF87E131
BF8A40D0
BF8CB6DB
BF8F441B
BF91E95B
BF94A770
BF977F2E
BF9A7173
BF9D7F1D
BFA0A911
BFA3F035
BFA75575
BFAAD9BD
BFAE7DFC
BFB24322
BFB62A21
BFBA33EA
BFBE616A
BFC2B391
BFC72B47
BFCBC972
BFD08EF1
BFD57C9D
BFDA9343
BFDFD3AA
BFE53E89
BFEAD48D
BFF09652
BFF68462
BFFC9F36
C0017399
C004AE51
C007FFDF
C00B6851
C00EE7A9
C0127DD9
C0162AC6
C019EE48
C01DC825
C021B815
C025BDC0
C029D8C1
C02E08A2
C0324CDF
C036A4E5
C03B1016
C03F8DC4
C0441D38
C048BDAF
C04D6E5A
C0522E65
C056FCF1
C05BD91A
C060C1F6
C065B698
C06AB60D
C06FBF63
C074D1A6
C079EBE2
C07F0D23
C0821A3D
C084B07B
C08748D8
C089E2DF
C08C7E21
C08F1A2E
C091B69C
C0945303
C096EEFC
C0998A28
C09C2428
C09EBCA2
C0A1533E
C0A3E7AB
C0A67998
C0A908BA
C0AB94C9
C0AE1D82
C0B0A2A4
C0B323F2
C0B5A135
C0B81A37
C0BA8EC7
C0BCFEB7
C0BF69DC
C0C1D011
C0C43132
C0C68D20
C0C8E3BD
C0CB34F2
C0CD80A7
C0CFC6CA
C0D2074C
C0D44220
C0D6773D
C0D8A69A
C0DAD034
C0DCF40A
C0DF121B
C0E12A6C
C0E33D02
C0E549E4
C0E7511D
C0E952B8
C0EB4EC3
C0ED454D
C0EF3667
C0F12224
C0F30896
C0F4E9D4
C0F6C5F4
C0F89D0B
C0FA6F33
C0FC3C84
C0FE0518
C0FFC909
C100C438
C101A1B6
C1027D09
C1035642
C1042D6C
C1050297
C105D5D0
C106A724
C10776A2
C1084456
C1091050
C109DA9B
C10AA344
C10B6A5A
C10C2FE9
C10CF3FD
C10DB6A2
C10E77E5
C10F37D1
C10FF672
C110B3D4
C1117001
C1122B04
C112E4E7
C1139DB5
C1145577
C1150C38
C115C1FF
C11676D7
C1172AC9
C117DDDB
C1189018
C1194187
C119F22F
C11AA217
C11B5148
C11BFFC8
C11CAD9E
C11D5ACF
C11E0763
C11EB360
C11F5ECA
C12009A8
C120B400
C1215DD5
C122072E
C122B00F
C123587D
C124007C
C124A810
C1254F3E
C125F609
C1269C75
C1274287
C127E841
C1288DA7
C12932BC
C129D783
C12A7C00
C12B2035
C12BC424
C12C67D2
C12D0B40
C12DAE70
C12E5165
C12EF422
C12F96A9
C13038FB
C130DB1A
C1317D0A
C1321ECA
C132C05F
C13361C8
C1340307
C134A420
C1354511
C135E5DF
C1368688
C1372710
C137C778
C13867C0
C13907E9
C139A7F6
C13A47E7
C13AE7BD
C13B8779
BF382DA9
BF39516B
BF3A8015
BF3BBA10
BF3CFFC8
BF3E51AD
BF3FB034
BF411BD4
BF42950C
BF441C5D
BF45B24E
BF47576C
BF490C46
BF4AD175
BF4CA793
BF4E8F44
BF50892F
BF529604
BF54B676
BF56EB41
BF593529
BF5B94F8
BF5E0B7D
BF609993
BF63401B
BF65FFFD
BF68DA2A
BF6BCF9E
BF6EE15B
BF72106D
BF755DE9
BF78CAF0
BF7C58A9
BF800424
BF81ED84
BF83E91A
BF85F78D
BF88198C
BF8A4FCB
BF8C9B02
BF8EFBEF
BF917357
BF940200
BF96A8BA
BF996856
BF9C41AD
BF9F359B
BFA24500
BFA570C0
BFA8B9C3
BFAC20F6
BFAFA745
BFB34DA1
BFB714FB
BFBAFE44
BFBF0A6F
BFC33A6B
BFC78F28
BFCC0990
BFD0AA89
BFD572F4
BFDA63A9
BFDF7D7B
BFE4C12E
BFEA2F7E
BFEFC916
BFF58E95
BFFB8088
C000CFB3
C003F5CC
C00732B6
C00A868D
C00DF160
C0117331
C0150BF5
C018BB92
C01C81DF
C0205EA5
C024519C
C0285A6E
C02C78B7
C030AC01
C034F3C9
C0394F80
C03DBE86
C0424031
C046D3C9
C04B788D
C0502DB0
C054F25D
C059C5B9
C05EA6DF
C06394E8
C0688EE6
C06D93E9
C072A2FF
C077BB35
C07CDB97
C081019B
C083988F
C0863231
C088CE0E
C08B6BB1
C08E0AA9
C090AA8A
C0934AE7
C095EB59
C0988B7B
C09B2AEA
C09DC949
C0A0663D
C0A3016E
C0A59A8A
C0A83140
C0AAC544
C0AD564D
C0AFE418
C0B26E62
C0B4F4EF
C0B77783
C0B9F5EA
C0BC6FF1
C0BEE568
C0C15624
C0C3C1FD
C0C628CD
C0C88A75
C0CAE6D5
C0CD3DD3
C0CF8F57
C0D1DB4D
C0D421A3
C0D6624B
C0D89D39
C0DAD265
C0DD01C9
C0DF2B61
C0E14F2D
C0E36D2D
C0E58567
C0E797E1
C0E9A4A2
C0EBABB5
C0EDAD27
C0EFA905
C0F19F60
C0F39048
C0F57BD1
C0F7620E
C0F94316
C0FB1EFD
C0FCF5DC
C0FEC7CB
C1004A72
C1012E9F
C102107B
C102F012
C103CD73
C104A8AB
C10581C7
C10658D7
C1072DE7
C1080105
C108D23F
C109A1A3
C10A6F3F
C10B3B20
C10C0553
C10CCDE5
C10D94E4
C10E5A5D
C10F1E5B
C10FE0EC
C110A21A
C11161F3
C1122081
C112DDD0
C11399EB
C11454DD
C1150EAF
C115C76D
C1167F1F
C11735D0
C117EB89
C118A053
C1195437
C11A073C
C11AB96C
C11B6ACE
C11C1B6B
C11CCB48
C11D7A6E
C11E28E3
C11ED6AE
C11F83D6
C1203061
C120DC54
C12187B6
C122328B
C122DCDA
C12386A8
C1242FFA
C124D8D3
C125813A
C1262932
C126D0C0
C12777E7
C1281EAC
C128C513
C1296B1F
C12A10D4
C12AB635
C12B5B45
C12C0007
C12CA47F
C12D48B0
C12DEC9B
C12E9045
C12F33AF
C12FD6DB
C13079CD
C1311C87
C131BF0A
C1326158
C1330375
C133A561
C134471F
C134E8B1
C1358A17
C1362B54
C136CC6A
C1376D5A
C1380E25
C138AECC
C1394F52
C139EFB7
C13A8FFD
C13B3025
C13BD030
C13C701F
C13D0FF4
BF4173B8
BF429805
BF43C742
BF4501D4
BF46482A
BF479AB3
BF48F9E4
BF4A6635
BF4BE026
BF4D6836
BF4EFEEF
BF50A4DB
BF525A8D
BF54209B
BF55F7A2
BF57E045
BF59DB2C
BF5BE906
BF5E0A88
BF60406E
BF628B7C
BF64EC7C
BF676440
BF69F3A1
BF6C9B80
BF6F5CC8
BF72386A
BF752F61
BF7842B0
BF7B7365
BF7EC295
BF8118B0
BF82E078
BF84B93D
BF86A39C
BF88A03B
BF8AAFC3
BF8CD2E1
BF8F0A4B
BF9156B9
BF93B8E9
BF9631A1
BF98C1A9
BF9B69D0
BF9E2AE8
BFA105CA
BFA3FB52
BFA70C63
BFAA39E0
BFAD84B4
BFB0EDC9
BFB4760F
BFB81E75
BFBBE7F0
BFBFD370
BFC3E1E9
BFC8144D
BFCC6B8A
BFD0E88C
BFD58C3B
BFDA5779
BFDF4B20
BFE46802
BFE9AEE6
BFEF2088
BFF4BD96
BFFA86B0
C0003E32
C0034F96
C00677B8
C009B6C0
C00D0CCC
C01079EC
C013FE22
C0179965
C01B4B9A
C01F149C
C022F431
C026EA16
C02AF5F4
C02F1769
C0334DFF
C0379936
C03BF87F
C0406B3B
C044F0C1
C049885C
C04E3149
C052EAC0
C057B3EB
C05C8BF0
C06171ED
C06664F9
C06B642A
C0706E91
C075833B
C07AA138
C07FC795
C0827AB1
C08514D7
C087B1C6
C08A510A
C08CF230
C08F94C8
C0923864
C094DC98
C09780FD
C09A252E
C09CC8C8
C09F6B6E
C0A20CC4
C0A4AC73
C0A74A28
C0A9E590
C0AC7E61
C0AF1450
C0B1A719
C0B43678
C0B6C230
C0B94A06
C0BBCDC2
C0BE4D31
C0C0C822
C0C33E69
C0C5AFDB
C0C81C52
C0CA83AC
C0CCE5C9
C0CF428C
C0D199DD
C0D3EBA4
C0D637CF
C0D87E4E
C0DABF13
C0DCFA13
C0DF2F48
C0E15EAC
C0E3883C
C0E5ABF9
C0E7C9E5
C0E9E204
C0EBF45E
C0EE00FB
C0F007E6
C0F2092D
C0F404DE
C0F5FB08
C0F7EBBE
C0F9D713
C0FBBD1A
C0FD9DEB
C0FF799B
C100A821
C10190FD
C102776C
C1035B7D
C1043D3D
C1051CB9
C105F9FE
C106D51A
C107AE1C
C1088510
C1095A06
C10A2D0A
C10AFE2B
C10BCD77
C10C9AFA
C10D66C3
C10E30DF
C10EF95B
C10FC044
C11085A7
C1114991
C1120C0D
C112CD28
C1138CEE
C1144B69
C11508A7
C115C4B0
C1167F91
C1173953
C117F201
C118A9A4
C1196047
C11A15F1
C11ACAAE
C11B7E84
C11C317D
C11CE3A1
C11D94F7
C11E4587
C11EF55A
C11FA475
C12052E0
C12100A1
C121ADC0
C1225A41
C123062B
C123B185
C1245C52
C125069A
C125B060
C12659AA
C127027D
C127AADC
C12852CE
C128FA55
C129A177
C12A4836
C12AEE98
C12B949E
C12C3A4E
C12CDFAA
C12D84B5
C12E2973
C12ECDE7
C12F7213
C13015FB
C130B9A0
C1315D06
C132002F
C132A31E
C13345D4
C133E853
C1348A9F
C1352CB9
C135CEA2
C136705E
C13711EC
C137B350
C138548B
C138F59E
C139968C
C13A3755
C13AD7FA
C13B787E
C13C18E1
C13CB926
C13D594C
C13DF955
C13E9942
BF4ABEFF
BF4BE3D4
BF4D139E
BF4E4EC3
BF4F95B2
BF50E8D9
BF5248AF
BF53B5AC
BF55304F
BF56B919
BF585092
BF59F747
BF5BADC9
BF5D74B0
BF5F4C98
BF613625
BF6331FF
BF6540D6
BF676360
BF699A58
BF6BE683
BF6E48AB
BF70C1A2
BF735243
BF75FB70
BF78BE12
BF7B9B1C
BF7E9389
BF80D42F
BF826D54
BF8415BF
BF85CE00
BF8796AC
BF89705E
BF8B5BB4
BF8D5954
BF8F69E6
BF918E1A
BF93C6A5
BF961440
BF9877AA
BF9AF1A7
BF9D8302
BFA02C89
BFA2EF10
BFA5CB70
BFA8C286
BFABD535
BFAF0461
BFB250F5
BFB5BBDD
BFB94608
BFBCF069
BFC0BBF2
BFC4A997
BFC8BA4B
BFCCEF00
BFD148A8
BFD5C82F
BFDA6E7D
BFDF3C76
BFE432F5
BFE952CD
BFEE9CC6
BFF4119E
BFF9B205
BFFF7E9B
C002BBF7
C005CF3F
C008F959
C00C3A6E
C00F929C
C01301F5
C016887C
C01A2627
C01DDADF
C021A67D
C02588CB
C0298185
C02D9055
C031B4DA
C035EEA2
C03A3D2B
C03E9FE7
C043163A
C0479F7C
C04C3AF7
C050E7ED
C055A593
C05A7318
C05F4FA0
C0643A4C
C0693235
C06E3671
C0734611
C0786025
C07D83BE
C08157F4
C083F1DB
C0868F1B
C0892F40
C08BD1D4
C08E7665
C0911C84
C093C3C2
C0966BB5
C09913F4
C09BBC1C
C09E63C9
C0A10A9D
C0A3B03E
C0A65453
C0A8F688
C0AB968D
C0AE3414
C0B0CED3
C0B36684
C0B5FAE4
C0B88BB5
C0BB18BA
C0BDA1BA
C0C02681
C0C2A6DD
C0C522A1
C0C799A0
C0CA0BB4
C0CC78B7
C0CEE089
C0D1430C
C0D3A024
C0D5F7BA
C0D849BA
C0DA960F
C0DCDCAD
C0DF1D87
C0E15892
C0E38DC9
C0E5BD27
C0E7E6AB
C0EA0A54
C0EC2827
C0EE4029
C0F05261
C0F25ED8
C0F4659A
C0F666B4
C0F86235
C0FA582F
C0FC48B2
C0FE33D2
C1000CD2
C100FD20
C101EADC
C102D614
C103BED4
C104A527
C105891D
C1066AC1
C1074A21
C108274B
C109024D
C109DB34
C10AB20E
C10B86EA
C10C59D6
C10D2ADE
C10DFA11
C10EC77D
C10F932F
C1105D35
C111259B
C111EC6F
C112B1BD
C1137593
C11437FB
C114F903
C115B8B6
C1167720
C117344C
C117F045
C118AB15
C11964C8
C11A1D67
C11AD4FB
C11B8B90
C11C412D
C11CF5DC
C11DA9A5
C11E5C92
C11F0EAA
C11FBFF4
C120707A
C1212042
C121CF53
C1227DB4
C1232B6C
C123D881
C12484F9
C12530DB
C125DC2C
C12686F2
C1273132
C127DAF1
C1288434
C1292D00
C129D559
C12A7D45
C12B24C6
C12BCBE2
C12C729C
C12D18F8
C12DBEF9
C12E64A4
C12F09FB
C12FAF02
C13053BB
C130F82B
C1319C53
C1324037
C132E3D8
C133873B
C1342A60
C134CD4B
C1356FFE
C136127B
C136B4C4
C13756DA
C137F8C1
C1389A7A
C1393C06
C139DD68
C13A7EA0
C13B1FB1
C13BC09C
C13C6163
C13D0207
C13DA289
C13E42EA
C13EE32C
C13F8351
C1402358
BF540F4D
BF5534A6
BF5664F8
BF57A0AC
BF58E82E
BF5A3BEF
BF5B9C64
BF5D0A08
BF5E8557
BF600ED4
BF61A708
BF634E7E
BF6505CA
BF66CD83
BF68A645
BF6A90B5
BF6C8D7B
BF6E9D47
BF70C0CF
BF72F8D0
BF75460E
BF77A955
BF7A2376
BF7CB54D
BF7F5FBC
BF8111D6
BF828109
BF83FDF5
BF85891C
BF872305
BF88CC3C
BF8A8551
BF8C4EDA
BF8E2971
BF9015B6
BF92144E
BF9425E3
BF964B24
BF9884C6
BF9AD384
BF9D381C
BF9FB355
BFA245F7
BFA4F0D3
BFA7B4BD
BFAA928F
BFAD8B25
BFB09F64
BFB3D031
BFB71E76
BFBA8B21
BFBE1722
BFC1C36C
BFC590F2
BFC980A9
BFCD9384
BFD1CA79
BFD62677
BFDAA86D
BFDF5144
BFE421E0
BFE91B1E
BFEE3DD2
BFF38AC6
BFF902B9
BFFEA65B
C0023B27
C0053992
C0084EAD
C00B7AAD
C00EBDBD
C01217FC
C015897A
C019123D
C01CB23D
C0206962
C0243786
C0281C75
C02C17EA
C0302994
C0345110
C0388DED
C03CDFAB
C04145BE
C045BF89
C04A4C67
C04EEBA3
C0539C7F
C0585E33
C05D2FED
C06210D4
C067000A
C06BFCA8
C07105C6
C0761A76
C07B39CB
C0803169
C082CA4F
C0856720
C0880764
C08AAAA6
C08D5073
C08FF857
C092A1E4
C0954CAD
C097F845
C09AA446
C09D504B
C09FFBF2
C0A2A6DC
C0A550AF
C0A7F912
C0AA9FB0
C0AD4439
C0AFE65F
C0B285D7
C0B5225B
C0B7BBA8
C0BA517C
C0BCE39C
C0BF71CE
C0C1FBDC
C0C48194
C0C702C5
C0C97F44
C0CBF6E8
C0CE698A
C0D0D708
C0D33F43
C0D5A21D
C0D7FF7E
C0DA574E
C0DCA97A
C0DEF5F1
C0E13CA6
C0E37D8C
C0E5B89C
C0E7EDCF
C0EA1D23
C0EC4695
C0EE6A28
C0F087DE
C0F29FBF
C0F4B1D2
C0F6BE22
C0F8C4B9
C0FAC5A5
C0FCC0F7
C0FEB6BF
C1005387
C10148FD
C1023BCC
C1032BFE
C104199F
C10504BC
C105ED60
C106D399
C107B773
C10898FC
C1097841
C10A5551
C10B3038
C10C0906
C10CDFC7
C10DB48A
C10E875D
C10F584D
C1102769
C110F4BE
C111C05A
C1128A4A
C113529B
C114195A
C114DE94
C115A256
C11664AC
C11725A1
C117E543
C118A39B
C11960B7
C11A1C9F
C11AD760
C11B9103
C11C4993
C11D011A
C11DB7A0
C11E6D30
C11F21D3
C11FD590
C1208871
C1213A7D
C121EBBD
C1229C38
C1234BF5
C123FAFC
C124A954
C1255703
C126040F
C126B07F
C1275C59
C12807A2
C128B260
C1295C99
C12A0650
C12AAF8D
C12B5852
C12C00A5
C12CA88B
C12D5006
C12DF71D
C12E9DD1
C12F4428
C12FEA24
C1308FCA
C131351D
C131DA1F
C1327ED5
C1332340
C133C764
C1346B44
C1350EE2
C135B241
C1365564
C136F84B
C1379AFB
C1383D75
C138DFBB
C13981CF
C13A23B3
C13AC569
C13B66F3
C13C0852
C13CA988
C13D4A97
C13DEB80
C13E8C45
C13F2CE7
C13FCD67
C1406DC6
C1410E07
C141AE2A
BF5D6472
BF5E8A4A
BF5FBB20
BF60F75E
BF623F6F
BF6393C5
BF64F4D5
BF666318
BF67DF0E
BF696939
BF6B0222
BF6CAA54
BF6E6263
BF702AE6
BF72047B
BF73EFC6
BF75ED70
BF77FE29
BF7A22A8
BF7C5BA9
BF7EA9F2
BF808727
BF81C4C8
BF830E49
BF84641C
BF85C6B7
BF873692
BF88B42D
BF8A400B
BF8BDAB1
BF8D84AD
BF8F3E8F
BF9108ED
BF92E462
BF94D18E
BF96D116
BF98E3A5
BF9B09EA
BF9D449A
BF9F9471
BFA1FA2F
BFA47698
BFA70A77
BFA9B69D
BFAC7BDE
BFAF5B15
BFB2551F
BFB56AE0
BFB89D3F
BFBBED28
BFBF5B87
BFC2E94E
BFC69770
BFCA66E2
BFCE5899
BFD26D8A
BFD6A6AA
BFDB04EA
BFDF8939
BFE43483
BFE907AC
BFEE0391
BFF32909
BFF878DE
BFFDF3D1
C001CD49
C004B6E3
C007B6FF
C00ACDDD
C00DFBB4
C01140AE
C0149CEA
C018107B
C01B9B68
C01F3DA7
C022F723
C026C7B8
C02AAF31
C02EAD4B
C032C1B5
C036EC0E
C03B2BE6
C03F80BE
C043EA0A
C0486731
C04CF78C
C0519A68
C0564F0A
C05B14A9
C05FEA75
C064CF98
C069C331
C06EC45E
C073D237
C078EBCF
C07E1039
C0819F43
C0843AE4
C086DA88
C0897DB9
C08C2402
C08ECCEF
C091780F
C09424F3
C096D32C
C0998252
C09C31FC
C09EE1C5
C0A1914D
C0A44034
C0A6EE1F
C0A99AB7
C0AC45A6
C0AEEE9B
C0B19548
C0B43962
C0B6DAA2
C0B978C5
C0BC1388
C0BEAAAF
C0C13DFF
C0C3CD41
C0C65842
C0C8DED2
C0CB60C1
C0CDDDE7
C0D0561C
C0D2C93B
C0D53724
C0D79FB9
C0DA02DE
C0DC607B
C0DEB87A
C0E10ACA
C0E3575A
C0E59E1E
C0E7DF0A
C0EA1A18
C0EC4F42
C0EE7E86
C0F0A7E3
C0F2CB5B
C0F4E8F3
C0F700B1
C0F9129E
C0FB1EC3
C0FD252E
C0FF25ED
C1009087
C1018B52
C1028360
C10378BC
C1046B70
C1055B88
C106490E
C1073410
C1081C99
C10902B6
C109E676
C10AC7E4
C10BA70F
C10C8405
C10D5ED3
C10E3787
C10F0E30
C10FE2DB
C110B596
C111866F
C1125574
C11322B3
C113EE39
C114B814
C1158050
C11646FC
C1170C22
C117CFD1
C1189215
C11952F9
C11A1289
C11AD0D1
C11B8DDC
C11C49B5
C11D0466
C11DBDFB
C11E767D
C11F2DF6
C11FE46F
C12099F2
C1214E88
C122023A
C122B50F
C1236710
C1241846
C124C8B6
C125786A
C1262767
C126D5B6
C127835C
C1283060
C128DCC8
C1298899
C12A33DB
C12ADE92
C12B88C3
C12C3274
C12CDBAA
C12D8469
C12E2CB7
C12ED496
C12F7C0C
C130231D
C130C9CC
C131701E
C1321616
C132BBB7
C1336105
C1340604
C134AAB5
C1354F1D
C135F33D
C1369719
C1373AB4
C137DE10
C138812F
C1392413
C139C6C0
C13A6937
C13B0B7A
C13BAD8C
C13C4F6D
C13CF121
C13D92A8
C13E3405
C13ED539
C13F7646
C140172D
C140B7F0
C1415890
C141F90E
C142996C
C14339AB
BF66BE40
BF67E493
BF6915EA
BF6A52AC
BF6B9B47
BF6CF02D
BF6E51D3
BF6FC0B2
BF713D49
BF72C81C
BF7461B3
BF760A9B
BF77C366
BF798CAE
BF7B670F
BF7D532E
BF7F51B5
BF80B1A9
BF81C460
BF82E15D
BF840902
BF853BB6
BF8679E2
BF87C3F4
BF891A5E
BF8A7D95
BF8BEE14
BF8D6C58
BF8EF8E6
BF909444
BF923EFE
BF93F9A7
BF95C4D3
BF97A11F
BF998F2A
BF9B8F9A
BF9DA31A
BF9FCA5A
BFA20610
BFA456F7
BFA6BDCF
BFA93B5F
BFABD070
BFAE7DD5
BFB14462
BFB424F1
BFB72063
BFBA379A
BFBD6B7E
BFC0BCFB
BFC42D00
BFC7BC7E
BFCB6C69
BFCF3DB6
BFD3315C
BFD74850
BFDB8388
BFDFE3F6
BFE46A8B
BFE91832
BFEDEDD1
BFF2EC47
BFF8146A
BFFD6707
C001726F
C0044752
C007327E
C00A343D
C00D4CCF
C0107C6C
C013C33E
C0172167
C01A96F9
C01E23FC
C021C867
C0258426
C0295716
C02D4102
C03141AA
C03558BD
C03985D9
C03DC892
C0422069
C0468CD3
C04B0D38
C04FA0F2
C0544750
C058FF97
C05DC900
C062A2BD
C0678BF6
C06C83CF
C0718966
C0769BD2
C07BBA2A
C08071C1
C0830B75
C085A9BB
C0884C1D
C08AF224
C08D9B5D
C0904753
C092F597
C095A5B8
C098574B
C09B09E5
C09DBD1E
C0A07094
C0A323E3
C0A5D6AD
C0A88898
C0AB394B
C0ADE872
C0B095BA
C0B340D6
C0B5E97A
C0B88F5F
C0BB3240
C0BDD1DB
C0C06DF4
C0C3064D
C0C59AB0
C0C82AE9
C0CAB6C4
C0CD3E14
C0CFC0AC
C0D23E66
C0D4B71A
C0D72AA7
C0D998EC
C0DC01CD
C0DE6531
C0E0C2FF
C0E31B24
C0E56D8F
C0E7BA30
C0EA00FC
C0EC41E8
C0EE7CEF
C0F0B20B
C0F2E13C
C0F50A80
C0F72DDB
C0F94B51
C0FB62EA
C0FD74AF
C0FF80A9
C100C373
C101C3BB
C102C133
C103BBE5
C104B3DA
C105A91C
C1069BB6
C1078BB2
C108791E
C1096405
C10A4C74
C10B3277
C10C161C
C10CF771
C10DD683
C10EB35F
C10F8E14
C11066B0
C1113D40
C11211D4
C112E478
C113B53A
C1148429
C1155153
C1161CC4
C116E68A
C117AEB3
C118754B
C1193A5F
C119FDFB
C11AC02D
C11B8100
C11C407F
C11CFEB7
C11DBBB2
C11E777C
C11F321F
C11FEBA6
C120A41A
C1215B86
C12211F3
C122C769
C1237BF4
C1242F9A
C124E264
C125945A
C1264585
C126F5EC
C127A596
C128548B
C12902D0
C129B06E
C12A5D69
C12B09C9
C12BB594
C12C60CE
C12D0B7E
C12DB5A8
C12E5F53
C12F0883
C12FB13C
C1305983
C131015D
C131A8CE
C1324FD9
C132F684
C1339CD1
C13442C4
C134E861
C1358DAB
C13632A5
C136D753
C1377BB6
C1381FD3
C138C3AC
C1396743
C13A0A9C
C13AADB8
C13B5099
C13BF343
C13C95B7
C13D37F8
C13DDA07
C13E7BE6
C13F1D97
C13FBF1C
C1406077
C14101A9
C141A2B4
C1424399
C142E45A
C14384F8
C1442575
C144C5D1
BF701C8B
BF714355
BF727527
BF73B26A
BF74FB8C
BF7650FC
BF77B332
BF7922A8
BF7A9FDC
BF7C2B51
BF7DC591
BF7F6F28
BF809455
BF817958
BF8266EB
BF835D61
BF845D0F
BF85664D
BF867977
BF8796EB
BF88BF0D
BF89F242
BF8B30F5
BF8C7B94
BF8DD28F
BF8F365E
BF90A77A
BF922662
BF93B39A
BF954FA9
BF96FB1C
BF98B684
BF9A8278
BF9C5F93
BF9E4E76
BFA04FC7
BFA26430
BFA48C63
BFA6C916
BFA91B03
BFAB82ED
BFAE0199
BFB097D3
BFB3466B
BFB60E39
BFB8F016
BFBBECE2
BFBF0582
BFC23ADE
BFC58DE3
BFC8FF7E
BFCC90A4
BFD04248
BFD41561
BFD80AE4
BFDC23CA
BFE06108
BFE4C392
BFE94C58
BFEDFC48
BFF2D448
BFF7D538
BFFCFFEF
C0012A9E
C003EAEF
C006C147
C009ADF6
C00CB149
C00FCB81
C012FCD4
C016456F
C019A573
C01D1CF4
C020ABFA
C024527F
C028106D
C02BE5A2
C02FD1ED
C033D50C
C037EEAF
C03C1E78
C04063F8
C044BEB4
C0492E20
C04DB1A7
C05248A3
C056F265
C05BAE31
C0607B44
C06558CF
C06A45FD
C06F41F2
C0744BCC
C07962A6
C07E8597
C081D9DA
C0847607
C08716DD
C089BBE7
C08C64AE
C08F10BF
C091BFA8
C09470F7
C097243F
C099D912
C09C8F08
C09F45B8
C0A1FCC0
C0A4B3BD
C0A76A52
C0AA2023
C0ACD4D8
C0AF881D
C0B2399F
C0B4E911
C0B79627
C0BA4098
C0BCE820
C0BF8C7D
C0C22D70
C0C4CABE
C0C7642D
C0C9F988
C0CC8A9C
C0CF173B
C0D19F36
C0D42265
C0D6A0A0
C0D919C3
C0DB8DAE
C0DDFC43
C0E06564
C0E2C8FB
C0E526F1
C0E77F33
C0E9D1B1
C0EC1E5C
C0EE6529
C0F0A610
C0F2E10B
C0F51615
C0F7452E
C0F96E57
C0FB9192
C0FDAEE5
C0FFC657
C100EBF9
C101F1E0
C102F4E8
C103F518
C104F277
C105ED10
C106E4EB
C107DA13
C108CC93
C109BC76
C10AA9C7
C10B9494
C10C7CE9
C10D62D2
C10E465E
C10F2799
C1100692
C110E355
C111BDF2
C1129676
C1136CEF
C114416C
C11513F9
C115E4A6
C116B380
C1178094
C1184BF1
C11915A4
C119DDB9
C11AA43E
C11B6940
C11C2CCB
C11CEEEB
C11DAFAE
C11E6F1D
C11F2D45
C11FEA32
C120A5ED
C1216082
C12219FB
C122D262
C12389C1
C1244021
C124F58C
C125AA0B
C1265DA6
C1271065
C127C252
C1287373
C12923D0
C129D371
C12A825D
C12B309A
C12BDE2F
C12C8B23
C12D377B
C12DE33E
C12E8E71
C12F391A
C12FE33F
C1308CE3
C131360C
C131DEC0
C1328702
C1332ED6
C133D642
C1347D48
C13523EE
C135CA37
C1367025
C13715BE
C137BB04
C1385FFA
C13904A4
C139A904
C13A4D1D
C13AF0F3
C13B9487
C13C37DC
C13CDAF5
C13D7DD4
C13E207B
C13EC2ED
C13F652B
C1400737
C140A914
C1414AC3
C141EC46
C1428D9E
C1432ECE
C143CFD7
C14470BB
C145117A
C145B216
C1465291
BF797F28
BF7AA666
BF7BD8B0
BF7D166F
BF7E6012
BF7FB609
BF808C65
BF814469
BF82034E
BF82C957
BF8396C9
BF846BE9
BF854903
BF862E61
BF871C54
BF88132D
BF891342
BF8A1CEB
BF8B3084
BF8C4E6C
BF8D7707
BF8EAAB9
BF8FE9EF
BF913514
BF928C9D
BF93F0FE
BF9562B2
BF96E239
BF987016
BF9A0CD0
BF9BB8F5
BF9D7517
BF9F41CB
BFA11FAF
BFA30F62
BFA5118B
BFA726D6
BFA94FF4
BFAB8D9B
BFADE086
BFB04978
BFB2C937
BFB5608F
BFB81051
BFBAD954
BFBDBC73
BFC0BA8F
BFC3D48C
BFC70B53
BFCA5FD1
BFCDD2F6
BFD165B5
BFD51903
BFD8EDD7
BFDCE528
BFE0FFEF
BFE53F21
BFE9A3B3
BFEE2E98
BFF2E0BC
BFF7BB08
BFFCBE5C
C000F5C8
C003A1BA
C0066365
C0093B24
C00C294B
C00F2E24
C01249F2
C0157CEC
C018C740
C01C290E
C01FA26E
C0233365
C026DBF0
C02A9BFA
C02E7361
C03261F5
C0366775
C03A8392
C03EB5EF
C042FE1E
C0475BA5
C04BCDFA
C0505487
C054EEA8
C0599BB0
C05E5AE3
C0632B80
C0680CB8
C06CFDB9
C071FDA6
C0770BA1
C07C26C3
C080A713
C0834070
C085DF02
C0888253
C08B29EF
C08DD561
C0908434
C09335F8
C095EA3C
C098A092
C09B588E
C09E11C7
C0A0CBD5
C0A38656
C0A640E8
C0A8FB2E
C0ABB4CB
C0AE6D69
C0B124B3
C0B3DA56
C0B68E04
C0B93F72
C0BBEE57
C0BE9A6E
C0C14374
C0C3E92B
C0C68B56
C0C929BB
C0CBC424
C0CE5A5E
C0D0EC38
C0D37984
C0D60217
C0D885CA
C0DB0476
C0DD7DFA
C0DFF236
C0E2610C
C0E4CA64
C0E72E24
C0E98C38
C0EBE48F
C0EE3718
C0F083C7
C0F2CA90
C0F50B6D
C0F74657
C0F97B4C
C0FBAA4B
C0FDD355
C0FFF66D
C10109CD
C1021572
C1031E2A
C10423FB
C10526EC
C1062703
C107244B
C1081ECA
C109168C
C10A0B9B
C10AFE00
C10BEDC9
C10CDB01
C10DC5B4
C10EADEF
C10F93C0
C1107732
C1115855
C1123735
C11313E0
C113EE65
C114C6D2
C1159D35
C116719B
C1174413
C11814AA
C118E36F
C119B06F
C11A7BB8
C11B4558
C11C0D5A
C11CD3CD
C11D98BE
C11E5C38
C11F1E48
C11FDEFA
C1209E5A
C1215C73
C1221951
C122D4FE
C1238F85
C12448F1
C125014B
C125B89E
C1266EF2
C1272452
C127D8C6
C1288C56
C1293F0B
C129F0EE
C12AA205
C12B525A
C12C01F2
C12CB0D5
C12D5F0A
C12E0C97
C12EB983
C12F65D4
C1301190
C130BCBD
C131675F
C132117D
C132BB1B
C133643F
C1340CED
C134B529
C1355CF9
C136045F
C136AB61
C1375202
C137F846
C1389E31
C13943C5
C139E907
C13A8DFA
C13B32A0
C13BD6FC
C13C7B12
C13D1EE5
C13DC276
C13E65C8
C13F08DE
C13FABBA
C1404E5F
C140F0CE
C1419309
C1423513
C142D6EE
C143789B
C1441A1B
C144BB72
C1455CA0
C145FDA7
C1469E89
C1473F46
C147DFE1
BF8172F7
BF8206CE
BF82A02D
BF833F48
BF83E458
BF848F95
BF854139
BF85F983
BF86B8B1
BF877F07
BF884CC7
BF89223A
BF89FFA8
BF8AE55F
BF8BD3AE
BF8CCAE7
BF8DCB60
BF8ED570
BF8FE975
BF9107CE
BF9230DC
BF936508
BF94A4BB
BF95F064
BF974874
BF98AD63
BF9A1FAB
BF9B9FCB
BF9D2E46
BF9ECBA6
BFA07877
BFA2354C
BFA402BB
BFA5E160
BFA7D1DC
BFA9D4D7
BFABEAFC
BFAE14FD
BFB0538F
BFB2A771
BFB51162
BFB7922A
BFBA2A96
BFBCDB77
BFBFA5A5
BFC289FC
BFC5895B
BFC8A4A9
BFCBDCCF
BFCF32BA
BFD2A75B
BFD63BA5
BFD9F08F
BFDDC70F
BFE1C01E
BFE5DCB4
BFEA1DC9
BFEE8453
BFF31143
BFF7C588
BFFCA20B
C000D3D7
C0036BA5
C00618D7
C008DBCF
C00BB4EA
C00EA47A
C011AACC
C014C821
C017FCB4
C01B48B1
C01EAC3B
C0222767
C025BA3F
C02964BE
C02D26D0
C0310056
C034F11E
C038F8EA
C03D176B
C0414C45
C045970C
C049F744
C04E6C68
C052F5E0
C057930B
C05C433B
C06105B8
C065D9C0
C06ABE86
C06FB337
C074B6FB
C079C8F2
C07EE839
C08209F4
C084A58C
C087466F
C089EC27
C08C9640
C08F4446
C091F5C6
C094AA4F
C0976170
C09A1ABD
C09CD5CA
C09F922D
C0A24F81
C0A50D62
C0A7CB70
C0AA894D
C0AD469D
C0B0030A
C0B2BE3E
C0B577E8
C0B82FB9
C0BAE566
C0BD98A6
C0C04933
C0C2F6CA
C0C5A12C
C0C8481D
C0CAEB61
C0CD8AC3
C0D0260D
C0D2BD0E
C0D54F97
C0D7DD7D
C0DA6697
C0DCEABD
C0DF69CB
C0E1E3A2
C0E45822
C0E6C730
C0E930B2
C0EB9493
C0EDF2BE
C0F04B22
C0F29DB0
C0F4EA5C
C0F7311D
C0F971EB
C0FBACC1
C0FDE19D
C100083F
C1011CB4
C1022E2E
C1033CB1
C1044841
C10550E3
C106569D
C1075976
C1085976
C10956A5
C10A510B
C10B48B4
C10C3DA9
C10D2FF6
C10E1FA5
C10F0CC4
C10FF75E
C110DF80
C111C537
C112A891
C113899B
C1146864
C11544F8
C1161F66
C116F7BC
C117CE08
C118A259
C11974BC
C11A453E
C11B13EF
C11BE0DC
C11CAC12
C11D759F
C11E3D8F
C11F03F1
C11FC8D0
C1208C3A
C1214E3A
C1220EDC
C122CE2D
C1238C38
C1244907
C12504A7
C125BF21
C1267880
C12730CE
C127E815
C1289E5E
C12953B3
C12A081C
C12ABBA2
C12B6E4D
C12C2026
C12CD135
C12D8180
C12E3110
C12EDFEA
C12F8E17
C1303B9D
C130E882
C13194CC
C1324081
C132EBA7
C1339643
C134405B
C134E9F4
C1359312
C1363BBA
C136E3F2
C1378BBC
C138331E
C138DA1B
C13980B8
C13A26F8
C13ACCDE
C13B726F
C13C17AD
C13CBC9C
C13D613E
C13E0597
C13EA9AA
C13F4D79
C13FF107
C1409457
C141376A
C141DA44
C1427CE6
C1431F52
C143C18B
C1446393
C145056B
C145A716
C1464895
C146E9EA
C1478B16
C1482C1B
C148CCFB
C1496DB7
BF86285B
BF86BC68
BF8755FF
BF87F555
BF889AA1
BF89461C
BF89F802
BF8AB090
BF8B7005
BF8C36A3
BF8D04B0
BF8DDA72
BF8EB833
BF8F9E3F
BF908CE7
BF91847D
BF928556
BF938FCB
BF94A438
BF95C2FC
BF96EC7C
BF98211C
BF996149
BF9AAD70
BF9C0604
BF9D6B7C
BF9EDE52
BFA05F05
BFA1EE1B
BFA38C1B
BFA53992
BFA6F714
BFA8C536
BFAAA497
BFAC95D6
BFAE999B
BFB0B093
BFB2DB6E
BFB51AE5
BFB76FB3
BFB9DA9A
BFBC5C63
BFBEF5DA
BFC1A7D1
BFC47320
BFC758A3
BFCA593B
BFCD75CF
BFD0AF47
BFD40692
BFD77CA2
BFDB126A
BFDEC8E0
BFE2A0FE
BFE69BBB
BFEABA11
BFEEFCF9
BFF36567
BFF7F451
BFFCAAA4
C000C4A5
C0034894
C005E18A
C0088FF2
C00B542C
C00E2E95
C0111F83
C0142740
C0174610
C01A7C2C
C01DC9C4
C0212EF9
C024ABE2
C0284089
C02BECEA
C02FB0F4
C0338C84
C0377F6D
C03B8970
C03FAA40
C043E181
C0482EC7
C04C919A
C0510972
C05595BC
C05A35D5
C05EE913
C063AEBC
C0688610
C06D6E44
C0726687
C0776E00
C07C83D1
C080D38C
C0836B78
C0860938
C088AC57
C08B5462
C08E00E4
C090B16A
C0936581
C0961CB8
C098D6A0
C09B92CC
C09E50D1
C0A11047
C0A3D0C8
C0A691F1
C0A95362
C0AC14BC
C0AED5A6
C0B195C8
C0B454CD
C0B71264
C0B9CE3E
C0BC880F
C0BF3F90
C0C1F479
C0C4A689
C0C7557E
C0CA011D
C0CCA929
C0CF4D6C
C0D1EDB0
C0D489C3
C0D72176
C0D9B49B
C0DC4309
C0DECC97
C0E15121
C0E3D085
C0E64AA2
C0E8BF5B
C0EB2E95
C0ED983A
C0EFFC32
C0F25A6C
C0F4B2D7
C0F70564
C0F95209
C0FB98BD
C0FDD978
C1000A1B
C101247B
C1023BDC
C103503F
C10461A6
C1057015
C1067B90
C107841C
C10889BF
C1098C81
C10A8C68
C10B897E
C10C83CC
C10D7B5C
C10E7038
C10F626B
C1105202
C1113F07
C1122989
C1131192
C113F731
C114DA73
C115BB66
C1169A17
C1177694
C11850EC
C119292C
C119FF63
C11AD39F
C11BA5ED
C11C765C
C11D44F9
C11E11D3
C11EDCF6
C11FA671
C1206E50
C12134A1
C121F970
C122BCC9
C1237EBA
C1243F4D
C124FE90
C125BC8C
C126794E
C12734E1
C127EF4E
C128A8A1
C12960E3
C12A181F
C12ACE5D
C12B83A7
C12C3806
C12CEB82
C12D9E24
C12E4FF4
C12F00F9
C12FB13C
C13060C3
C1310F96
C131BDBC
C1326B3A
C1331818
C133C45B
C134700A
C1351B29
C135C5BF
C1366FD1
C1371964
C137C27D
C1386B20
C1391353
C139BB18
C13A6275
C13B096E
C13BB007
C13C5642
C13CFC25
C13DA1B2
C13E46EC
C13EEBD8
C13F9077
C14034CD
C140D8DD
C1417CA9
C1422034
C142C381
C1436691
C1440968
C144AC08
C1454E72
C145F0A9
C14692AE
C1473485
C147D62D
C14877AA
C14918FD
C149BA27
C14A5B2B
C14AFC09
BF8ADFAE
BF8B73EE
BF8C0DBB
BF8CAD49
BF8D52D0
BF8DFE88
BF8EB0AD
BF8F697C
BF902935
BF90F01B
BF91BE71
BF929480
BF937290
BF9458F0
BF9547EE
BF963FDD
BF974113
BF984BE8
BF9960BA
BF9A7FE7
BF9BA9D3
BF9CDEE5
BF9E1F87
BF9F6C28
BFA0C53B
BFA22B37
BFA39E96
BFA51FD9
BFA6AF83
BFA84E1E
BFA9FC36
BFABBA5E
BFAD892F
BFAF6944
BFB15B3F
BFB35FC8
BFB5778B
BFB7A33A
BFB9E38C
BFBC393F
BFBEA515
BFC127D5
BFC3C24E
BFC67551
BFC941B7
BFCC285C
BFCF2A22
BFD247EF
BFD582AF
BFD8DB4E
BFDC52C0
BFDFE9F8
BFE3A1EE
BFE77B9B
BFEB77F7
BFEF97FE
BFF3DCA7
BFF846EA
BFFCD7BB
C000C805
C0033861
C005BD62
C0085777
C00B0709
C00DCC7A
C010A826
C0139A64
C016A380
C019C3BD
C01CFB55
C0204A78
C023B14A
C0272FE0
C02AC646
C02E7479
C0323A67
C03617F0
C03A0CE7
C03E190D
C0423C16
C04675A8
C04AC558
C04F2AAD
C053A522
C0583424
C05CD712
C0618D40
C06655FA
C06B307D
C0701C01
C07517B5
C07A22C3
C07F3C4C
C08231B8
C084CBA6
C0876B7B
C08A10C5
C08CBB0F
C08F69E6
C0921CD6
C094D36E
C0978D3D
C09A49D6
C09D08CB
C09FC9B2
C0A28C23
C0A54FB8
C0A81410
C0AAD8CA
C0AD9D89
C0B061F2
C0B325AF
C0B5E86B
C0B8A9D5
C0BB699F
C0BE277B
C0C0E323
C0C39C4F
C0C652BD
C0C9062C
C0CBB65F
C0CE631B
C0D10C28
C0D3B14F
C0D6525E
C0D8EF25
C0DB8776
C0DE1B25
C0E0AA09
C0E333FD
C0E5B8DE
C0E83889
C0EAB2E0
C0ED27C8
C0EF9726
C0F200E4
C0F464ED
C0F6C32F
C0F91B9A
C0FB6E22
C0FDBABB
C10000AE
C1012101
C1023E53
C10358A3
C1046FF3
C1058444
C1069598
C107A3F2
C108AF57
C109B7CC
C10ABD59
C10BC002
C10CBFD2
C10DBCD0
C10EB705
C10FAE7C
C110A33F
C111955A
C11284D8
C11371C5
C1145C2E
C1154420
C11629A7
C1170CD2
C117EDAD
C118CC48
C119A8AF
C11A82F1
C11B5B1C
C11C313E
C11D0565
C11DD79F
C11EA7FB
C11F7685
C120434D
C1210E5E
C121D7C8
C1229F96
C12365D6
C1242A95
C124EDDF
C125AFC1
C1267046
C1272F7A
C127ED69
C128AA1E
C12965A4
C12A2005
C12AD94C
C12B9183
C12C48B4
C12CFEE7
C12DB427
C12E687C
C12F1BEE
C12FCE87
C130804E
C131314B
C131E186
C1329105
C1333FD0
C133EDEE
C1349B66
C135483D
C135F479
C136A022
C1374B3B
C137F5CC
C1389FD8
C1394966
C139F279
C13A9B17
C13B4345
C13BEB06
C13C925F
C13D3953
C13DDFE8
C13E861F
C13F2BFE
C13FD187
C14076BE
C1411BA6
C141C042
C1426495
C14308A2
C143AC6B
C1444FF3
C144F33D
C145964C
C1463920
C146DBBD
C1477E25
C148205A
C148C25D
C1496432
C14A05D8
C14AA753
C14B48A4
C14BE9CD
C14C8ACF
BF8F98DC
BF902D4E
BF90C74F
BF916714
BF920CD3
BF92B8C6
BF936B28
BF942436
BF94E431
BF95AB5B
BF9679F9
BF975052
BF982EAF
BF99155F
BF9A04B0
BF9AFCF5
BF9BFE85
BF9D09B8
BF9E1EEB
BF9F3E7D
BFA068D2
BFA19E51
BFA2DF65
BFA42C7C
BFA5860A
BFA6EC85
BFA86069
BFA9E236
BFAB7270
BFAD119F
BFAEC053
BFB07F1D
BFB24E95
BFB42F58
BFB62209
BFB8274F
BFBA3FD6
BFBC6C51
BFBEAD78
BFC10408
BFC370C4
BFC5F473
BFC88FE4
BFCB43EA
BFCE115D
BFD0F91B
BFD3FC04
BFD71B01
BFDA56FC
BFDDB0E4
BFE129AB
BFE4C247
BFE87BAF
BFEC56DD
BFF054CA
BFF47672
BFF8BCCD
BFFD28D4
C000DDBE
C0033ADA
C005AC35
C0083240
C00ACD69
C00D7E1A
C01044B7
C013219B
C016151E
C0191F8B
C01C4129
C01F7A30
C022CAD1
C0263330
C029B364
C02D4B79
C030FB6D
C034C32E
C038A29E
C03C9990
C040A7C5
C044CCF4
C04908C2
C04D5AC5
C051C286
C0563F80
C05AD121
C05F76CA
C0642FD0
C068FB7D
C06DD913
C072C7C9
C077C6D1
C07CD553
C080F93A
C0838EAA
C0862A88
C088CC61
C08B73C2
C08E2038
C090D14F
C0938695
C0963F9A
C098FBEC
C09BBB1F
C09E7CC6
C0A14078
C0A405CC
C0A6CC5E
C0A993CD
C0AC5BB7
C0AF23C1
C0B1EB91
C0B4B2D0
C0B77929
C0BA3E4C
C0BD01EA
C0BFC3B7
C0C2836B
C0C540C1
C0C7FB73
C0CAB343
C0CD67F2
C0D01944
C0D2C702
C0D570F5
C0D816E9
C0DAB8AE
C0DD5614
C0DFEEEF
C0E28317
C0E51263
C0E79CAF
C0EA21D9
C0ECA1C0
C0EF1C47
C0F19154
C0F400CD
C0F66A9D
C0F8CEB0
C0FB2CF4
C0FD855B
C0FFD7D7
C1011230
C1023577
C10355BC
C1047300
C1058D40
C106A47E
C107B8BC
C108C9FB
C109D840
C10AE38F
C10BEBEE
C10CF163
C10DF3F5
C10EF3AD
C10FF092
C110EAAF
C111E20E
C112D6B9
C113C8BC
C114B821
C115A4F6
C1168F48
C1177722
C1185C92
C1193FA6
C11A206B
C11AFEF0
C11BDB41
C11CB56E
C11D8D84
C11E6392
C11F37A5
C12009CC
C120DA15
C121A88D
C1227543
C1234043
C124099B
C124D159
C125978A
C1265C39
C1271F74
C127E148
C128A1BF
C12960E6
C12A1EC8
C12ADB70
C12B96E9
C12C513F
C12D0A7B
C12DC2A6
C12E79CC
C12F2FF5
C12FE52B
C1309977
C1314CE0
C131FF70
C132B12E
C1336223
C1341256
C134C1CE
C1357092
C1361EA9
C136CC19
C13778EA
C1382520
C138D0C2
C1397BD6
C13A2661
C13AD068
C13B79F0
C13C22FF
C13CCB98
C13D73C1
C13E1B7E
C13EC2D2
C13F69C3
C1401053
C140B687
C1415C62
C14201E8
C142A71B
C1434C00
C143F099
C14494E9
C14538F3
C145DCB9
C146803F
C1472386
C147C692
C1486964
C1490BFF
C149AE65
C14A5097
C14AF299
C14B946B
C14C3610
C14CD789
C14D78D9
C14E1A00
BF9453D4
BF94E877
BF9582AB
BF9622A4
BF96C899
BF9774C5
BF982762
BF98E0AD
BF99A0E8
BF9A6854
BF9B3737
BF9C0DD7
BF9CEC7F
BF9DD37B
BF9EC31D
BF9FBBB6
BFA0BD9D
BFA1C92A
BFA2DEBB
BFA3FEAE
BFA52969
BFA65F51
BFA7A0D3
BFA8EE5C
BFAA4860
BFABAF57
BFAD23BB
BFAEA60D
BFB036D1
BFB1D691
BFB385DA
BFB54540
BFB7155A
BFB8F6C6
BFBAEA26
BFBCF022
BFBF0967
BFC136A7
BFC3789B
BFC5D001
BFC83D9A
BFCAC231
BFCD5E92
BFD01392
BFD2E209
BFD5CAD4
BFD8CED7
BFDBEEF9
BFDF2C24
BFE28749
BFE6015A
BFE99B4D
BFED561A
BFF132BB
BFF5322C
BFF95566
BFFD9D64
C0010590
C0034FC7
C005ADCF
C0082020
C00AA72A
C00D435E
C00FF525
C012BCE2
C0159AF4
C0188FAF
C01B9B63
C01EBE54
C021F8BD
C0254ACE
C028B4AC
C02C3670
C02FD025
C03381C9
C0374B4D
C03B2C93
C03F256D
C043359F
C0475CE0
C04B9AD5
C04FEF16
C054592D
C058D895
C05D6CBE
C0621508
C066D0CB
C06B9F52
C0707FDF
C07571AB
C07A73E8
C07F85BF
C082532C
C084EA69
C0878826
C08A2BF1
C08CD558
C08F83E6
C092372B
C094EEB3
C097AA10
C09A68D0
C09D2A88
C09FEECB
C0A2B530
C0A57D51
C0A846C8
C0AB1135
C0ADDC38
C0B0A774
C0B37291
C0B63D38
C0B90714
C0BBCFD6
C0BE972F
C0C15CD3
C0C42079
C0C6E1DD
C0C9A0BA
C0CC5CD0
C0CF15E1
C0D1CBB1
C0D47E07
C0D72CAD
C0D9D76E
C0DC7E19
C0DF207E
C0E1BE71
C0E457C7
C0E6EC57
C0E97BFD
C0EC0694
C0EE8BFB
C0F10C14
C0F386C2
C0F5FBEB
C0F86B77
C0FAD552
C0FD3968
C0FF97A9
C100F803
C102213A
C1034775
C1046AAF
C1058AE7
C106A81A
C107C249
C108D975
C109ED9F
C10AFEC9
C10C0CF9
C10D1832
C10E207A
C10F25D8
C1102852
C11127F2
C11224C0
C1131EC5
C114160B
C1150A9E
C115FC89
C116EBD7
C117D895
C118C2CF
C119AA92
C11A8FEC
C11B72E9
C11C5399
C11D3208
C11E0E44
C11EE85D
C11FC05F
C1209659
C1216A59
C1223C6D
C1230CA4
C123DB0A
C124A7AF
C125729E
C1263BE6
C1270394
C127C9B5
C1288E56
C1295183
C12A1348
C12AD3B2
C12B92CB
C12C50A1
C12D0D3D
C12DC8AB
C12E82F5
C12F3C26
C12FF447
C130AB62
C1316182
C13216AE
C132CAF0
C1337E51
C13430D8
C134E28E
C135937B
C13643A6
C136F317
C137A1D4
C1384FE4
C138FD4E
C139AA18
C13A5648
C13B01E5
C13BACF3
C13C5778
C13D017A
C13DAAFD
C13E5407
C13EFC9C
C13FA4C0
C1404C79
C140F3C9
C1419AB6
C1424142
C142E772
C1438D4A
C14432CC
C144D7FD
C1457CDE
C1462174
C146C5C1
C14769C8
C1480D8C
C148B10F
C1495454
C149F75D
C14A9A2D
C14B3CC6
C14BDF2A
C14C815A
C14D235A
C14DC52A
C14E66CD
C14F0845
C14FA992
BF991085
BF99A558
BF9A3FBC
BF9ADFE7
BF9B8612
BF9C3274
BF9CE54A
BF9D9ED1
BF9E5F49
BF9F26F5
BF9FF61A
BFA0CCFF
BFA1ABEF
BFA29336
BFA38325
BFA47C0F
BFA57E49
BFA68A2E
BFA7A019
BFA8C06B
BFA9EB88
BFAB21D6
BFAC63C1
BFADB1B9
BFAF0C2F
BFB0739D
BFB1E87D
BFB36B4F
BFB4FC99
BFB69CE4
BFB84CBE
BFBA0CBA
BFBBDD71
BFBDBF80
BFBFB389
BFC1BA35
BFC3D431
BFC60230
BFC844EA
BFCA9D1D
BFCD0B8D
BFCF9102
BFD22E4B
BFD4E43C
BFD7B3AE
BFDA9D7E
BFDDA291
BFE0C3CD
BFE4021E
BFE75E75
BFEAD9C4
BFEE7502
BFF23127
BFF60F2F
BFFA1015
BFFE34D3
C0013F33
C00376E3
C005C1F5
C00820E1
C00A941F
C00D1C21
C00FB956
C0126C28
C01534FC
C018142F
C01B0A19
C01E1707
C0213B40
C02476FD
C027CA71
C02B35C1
C02EB906
C032544B
C0360791
C039D2C8
C03DB5D2
C041B083
C045C2A0
C049EBDF
C04E2BE8
C0528253
C056EEAA
C05B706A
C0600703
C064B1D8
C069703F
C06E4185
C07324EE
C07819B4
C07D1F08
C0811A0C
C083AC04
C08644FF
C088E48A
C08B8A36
C08E3590
C090E625
C0939B84
C096553B
C09912DB
C09BD3F5
C09E981C
C0A15EE6
C0A427E9
C0A6F2BF
C0A9BF04
C0AC8C57
C0AF5A5A
C0B228B0
C0B4F701
C0B7C4F7
C0BA923D
C0BD5E84
C0C0297D
C0C2F2DD
C0C5BA5C
C0C87FB3
C0CB42A0
C0CE02E3
C0D0C03B
C0D37A6F
C0D63144
C0D8E484
C0DB93F9
C0DE3F73
C0E0E6C0
C0E389B4
C0E62822
C0E8C1E2
C0EB56CE
C0EDE6BF
C0F07195
C0F2F72F
C0F57770
C0F7F23B
C0FA6779
C0FCD712
C0FF40F1
C100D283
C102019F
C1032DC7
C10456F4
C1057D23
C106A050
C107C079
C108DD9B
C109F7B9
C10B0ED1
C10C22E6
C10D33FC
C10E4216
C10F4D38
C110556A
C1115AB0
C1125D14
C1135C9C
C1145952
C115533F
C1164A6E
C1173EEA
C11830BD
C1191FF4
C11A0C9A
C11AF6BE
C11BDE6B
C11CC3AE
C11DA696
C11E8730
C11F658B
C12041B3
C1211BB7
C121F3A6
C122C98D
C1239D7A
C1246F7D
C1253FA1
C1260DF7
C126DA8A
C127A56A
C1286EA2
C1293641
C129FC53
C12AC0E5
C12B8404
C12C45BC
C12D0619
C12DC526
C12E82EF
C12F3F7F
C12FFAE2
C130B521
C1316E47
C132265E
C132DD6F
C1339385
C13448A8
C134FCE2
C135B03A
C13662B9
C1371467
C137C54C
C1387570
C13924D9
C139D390
C13A8199
C13B2EFD
C13BDBC1
C13C87EB
C13D3382
C13DDE8B
C13E890B
C13F3308
C13FDC86
C140858C
C1412E1C
C141D63C
C1427DF0
C143253D
C143CC26
C14472AF
C14518DB
C145BEAF
C146642F
C147095C
C147AE3A
C14852CD
C148F718
C1499B1C
C14A3EDD
C14AE25E
C14B85A1
C14C28A7
C14CCB75
C14D6E0C
C14E106D
C14EB29C
C14F549A
C14FF668
C150980A
C1513980
BF9DCEE0
BF9E63DF
BF9EFE73
BF9F9ECF
BFA0452D
BFA0F1C4
BFA1A4D0
BFA25E90
BFA31F44
BFA3E72E
BFA4B693
BFA58DBB
BFA66CF0
BFA7547F
BFA844B9
BFA93DF1
BFAA407C
BFAB4CB5
BFAC62F8
BFAD83A5
BFAEAF20
BFAFE5D0
BFB12822
BFB27683
BFB3D169
BFB53949
BFB6AEA1
BFB831EF
BFB9C3BB
BFBB648C
BFBD14F1
BFBED57F
BFC0A6CD
BFC28978
BFC47E25
BFC6857B
BFC8A027
BFCACEDE
BFCD1257
BFCF6B51
BFD1DA8F
BFD460DC
BFD6FF04
BFD9B5DE
BFDC8642
BFDF710E
BFE27727
BFE59973
BFE8D8E0
BFEC365E
BFEFB2E0
BFF34F5D
BFF70CCF
BFFAEC31
BFFEEE7E
C0018A5A
C003AFE6
C005E861
C0083446
C00A940E
C00D0830
C00F9120
C0122F4D
C014E322
C017AD02
C01A8D4E
C01D845B
C0209278
C023B7EC
C026F4F2
C02A49BD
C02DB671
C0313B28
C034D7F0
C0388CC8
C03C59A2
C0403E60
C0443AD7
C0484ECD
C04C79F9
C050BC02
C0551483
C0598305
C05E0708
C0629FFB
C0674D42
C06C0E35
C070E222
C075C84D
C07ABFF1
C07FC841
C0827035
C08503CB
C0879E73
C08A3FBD
C08CE739
C08F9474
C09246FE
C094FE65
C097BA38
C09A7A08
C09D3D68
C0A003EA
C0A2CD24
C0A598AF
C0A86624
C0AB3520
C0AE0542
C0B0D62D
C0B3A785
C0B678F1
C0B94A1C
C0BC1AB3
C0BEEA65
C0C1B8E4
C0C485E6
C0C75123
C0CA1A54
C0CCE137
C0CFA58A
C0D26711
C0D5258D
C0D7E0C7
C0DA9888
C0DD4C99
C0DFFCC8
C0E2A8E5
C0E550C2
C0E7F433
C0EA930D
C0ED2D29
C0EFC262
C0F25294
C0F4DD9E
C0F76361
C0F9E3C1
C0FC5EA2
C0FED3ED
C100A1C6
C101D6B5
C10308BC
C10437D2
C10563F1
C1068D13
C107B335
C108D653
C109F66C
C10B137D
C10C2D87
C10D448C
C10E588D
C10F698D
C1107791
C111829D
C1128AB8
C1138FE7
C1149233
C11591A4
C1168E43
C1178819
C1187F31
C1197395
C11A6551
C11B5471
C11C4102
C11D2B0F
C11E12A6
C11EF7D4
C11FDAA7
C120BB2C
C1219972
C1227587
C1234F78
C1242753
C124FD28
C125D103
C126A2F4
C1277308
C128414D
C1290DD0
C129D8A0
C12AA1C9
C12B6959
C12C2F5D
C12CF3E1
C12DB6F3
C12E789D
C12F38ED
C12FF7EE
C130B5AC
C1317231
C1322D88
C132E7BD
C133A0D8
C13458E6
C1350FEE
C135C5FA
C1367B15
C1372F45
C137E295
C138950D
C13946B3
C139F791
C13AA7AE
C13B5710
C13C05C0
C13CB3C3
C13D6121
C13E0DDF
C13EBA04
C13F6595
C1401099
C140BB14
C141650C
C1420E86
C142B786
C1436012
C144082E
C144AFDF
C1455727
C145FE0C
C146A492
C1474ABB
C147F08C
C1489608
C1493B32
C149E00E
C14A849E
C14B28E6
C14BCCE8
C14C70A6
C14D1425
C14DB765
C14E5A6A
C14EFD35
C14F9FCA
C150422A
C150E456
C1518652
C152281F
C152C9BF
BFA28ED4
BFA323FF
BFA3BEC0
BFA45F4C
BFA505DA
BFA5B2A4
BFA665E6
BFA71FDD
BFA7E0CA
BFA8A8F0
BFA97892
BFAA4FFB
BFAB2F73
BFAC1748
BFAD07CA
BFAE014D
BFAF0427
BFB010B0
BFB12748
BFB2484C
BFB37423
BFB4AB32
BFB5EDE7
BFB73CAF
BFB897FF
BFBA004E
BFBB7619
BFBCF9E0
BFBE8C27
BFC02D7A
BFC1DE67
BFC39F80
BFC57160
BFC754A3
BFC949ED
BFCB51E7
BFCD6D3E
BFCF9CA6
BFD1E0D8
BFD43A91
BFD6AA97
BFD931B3
BFDBD0B4
BFDE886E
BFE159BB
BFE4457B
BFE74C90
BFEA6FE3
BFEDB062
BFF10EFC
BFF48CA6
BFF82A58
BFFBE90A
BFFFC9BA
C001E6B1
C003FA80
C00620C9
C0085A07
C00AA6B8
C00D0754
C00F7C53
C0120629
C014A545
C0175A12
C01A24F6
C01D064E
C01FFE74
C0230DB6
C026345A
C029729D
C02CC8B2
C03036BD
C033BCDA
C0375B17
C03B1173
C03EDFE0
C042C642
C046C46F
C04ADA2D
C04F0733
C0534B2A
C057A5AD
C05C1647
C0609C77
C06537AE
C069E751
C06EAAB9
C0738134
C0786A07
C07D646F
C08137D0
C083C564
C0865A88
C088F6CE
C08B99C7
C08E4302
C090F20F
C093A67C
C0965FD9
C0991DB5
C09BDFA3
C09EA533
C0A16DFC
C0A43992
C0A7078F
C0A9D78D
C0ACA92A
C0AF7C05
C0B24FC0
C0B52402
C0B7F871
C0BACCB9
C0BDA086
C0C07389
C0C34575
C0C615FF
C0C8E4DF
C0CBB1D0
C0CE7C8D
C0D144D8
C0D40A71
C0D6CD1D
C0D98CA2
C0DC48C8
C0DF015B
C0E1B627
C0E466FB
C0E713AA
C0E9BC05
C0EC5FE2
C0EEFF1A
C0F19985
C0F42EFF
C0F6BF67
C0F94A9B
C0FBD07E
C0FE50F5
C10065F2
C101A09B
C102D86B
C1040D57
C1053F58
C1066E66
C1079A7A
C108C390
C109E9A4
C10B0CB2
C10C2CB9
C10D49B8
C10E63AF
C10F7AA0
C1108E8C
C1119F77
C112AD65
C113B85A
C114C05E
C115C577
C116C7AC
C117C706
C118C38D
C119BD4C
C11AB44D
C11BA89B
C11C9A41
C11D894B
C11E75C5
C11F5FBD
C120473E
C1212C58
C1220F16
C122EF88
C123CDBA
C124A9BB
C1258399
C1265B62
C1273125
C12804EF
C128D6CF
C129A6D2
C12A7506
C12B417A
C12C0C3B
C12CD555
C12D9CD7
C12E62CD
C12F2744
C12FEA49
C130ABE7
C1316C2B
C1322B20
C132E8D2
C133A54C
C1346099
C1351AC3
C135D3D5
C1368BD9
C13742D8
C137F8DB
C138ADED
C1396216
C13A155E
C13AC7CD
C13B796C
C13C2A43
C13CDA59
C13D89B5
C13E385E
C13EE65B
C13F93B3
C140406C
C140EC8B
C1419817
C1424316
C142ED8C
C1439780
C14440F5
C144E9F1
C1459279
C1463A91
C146E23E
C1478983
C1483064
C148D6E6
C1497D0D
C14A22DA
C14AC853
C14B6D7B
C14C1253
C14CB6E1
C14D5B26
C14DFF25
C14EA2E2
C14F465E
C14FE99C
C1508C9F
C1512F68
C151D1FB
C1527458
C1531683
C153B87E
C1545A49
BFA75052
BFA7E5A8
BFA88094
BFA9214E
BFA9C80B
BFAA7507
BFAB287C
BFABE2A8
BFACA3CD
BFAD6C2C
BFAE3C0A
BFAF13B1
BFAFF369
BFB0DB81
BFB1CC4A
BFB2C615
BFB3C93A
BFB4D613
BFB5ECFB
BFB70E55
BFB83A83
BFB971EE
BFBAB502
BFBC042D
BFBD5FE4
BFBEC89F
BFC03ED9
BFC1C313
BFC355D3
BFC4F7A3
BFC6A912
BFC86AB3
BFCA3D1F
BFCC20F5
BFCE16D7
BFD01F6F
BFD23B6A
BFD46B7D
BFD6B061
BFD90AD4
BFDB7B9A
BFDE037E
BFE0A34F
BFE35BE2
BFE62E10
BFE91ABA
BFEC22C3
BFEF4714
BFF2889B
BFF5E847
BFF9670F
BFFD05EA
C00062E9
C00253E2
C004565D
C0066ADB
C00891D8
C00ACBD3
C00D1948
C00F7AB1
C011F085
C0147B38
C0171B3A
C019D0F7
C01C9CD5
C01F7F32
C0227866
C02588C1
C028B08B
C02BF000
C02F4752
C032B6A8
C0363E1E
C039DDC2
C03D9593
C0416585
C0454D7D
C0494D50
C04D64C5
C0519394
C055D967
C05A35DA
C05EA878
C06330C1
C067CE27
C06C8010
C07145D5
C0761EC7
C07B0A2A
C080039E
C0828A9A
C085199F
C087B043
C08A4E19
C08CF2B1
C08F9D9C
C0924E6A
C09504A9
C097BFEA
C09A7FBE
C09D43B6
C0A00B65
C0A2D660
C0A5A43E
C0A87499
C0AB470A
C0AE1B31
C0B0F0AE
C0B3C723
C0B69E36
C0B97590
C0BC4CDC
C0BF23C8
C0C1FA03
C0C4CF42
C0C7A33A
C0CA75A3
C0CD4638
C0D014B6
C0D2E0DD
C0D5AA6E
C0D8712E
C0DB34E3
C0DDF555
C0E0B250
C0E36B9F
C0E62111
C0E8D278
C0EB7FA5
C0EE286F
C0F0CCAB
C0F36C32
C0F606E0
C0F89C91
C0FB2D24
C0FDB879
C1001F3A
C1015F7D
C1029CF9
C103D7A3
C1050F70
C1064457
C1077650
C108A554
C109D15C
C10AFA65
C10C2069
C10D4367
C10E635C
C10F8048
C1109A2B
C111B107
C112C4DE
C113D5B3
C114E38B
C115EE6B
C116F658
C117FB5A
C118FD78
C119FCBC
C11AF92C
C11BF2D5
C11CE9BF
C11DDDF7
C11ECF87
C11FBE7B
C120AAE0
C12194C2
C1227C2F
C1236134
C12443DF
C125243D
C126025C
C126DE4A
C127B816
C1288FCD
C129657F
C12A3938
C12B0B07
C12BDAFA
C12CA91F
C12D7584
C12E4036
C12F0942
C12FD0B6
C130969F
C1315B09
C1321E01
C132DF93
C1339FCB
C1345EB5
C1351C5C
C135D8CB
C136940E
C1374E2E
C1380737
C138BF31
C1397627
C13A2C23
C13AE12C
C13B954D
C13C488D
C13CFAF5
C13DAC8D
C13E5D5D
C13F0D6D
C13FBCC2
C1406B65
C141195D
C141C6AF
C1427362
C1431F7C
C143CB03
C14475FD
C145206F
C145CA5E
C14673CF
C1471CC7
C147C54B
C1486D5F
C1491508
C149BC4A
C14A6328
C14B09A7
C14BAFCA
C14C5594
C14CFB0A
C14DA02F
C14E4505
C14EE990
C14F8DD3
C15031D0
C150D58A
C1517903
C1521C3F
C152BF40
C1536208
C1540498
C154A6F4
C155491E
C155EB16
BFAC134C
BFACA8CA
BFAD43E1
BFADE4C7
BFAE8BB2
BFAF38DD
BFAFEC84
BFB0A6E4
BFB1683D
BFB230D4
BFB300EC
BFB3D8CF
BFB4B8C6
BFB5A11F
BFB6922A
BFB78C3C
BFB88FAA
BFB99CCE
BFBAB405
BFBBD5B1
BFBD0234
BFBE39F8
BFBF7D67
BFC0CCF2
BFC2290C
BFC3922E
BFC508D4
BFC68D7E
BFC820B2
BFC9C2FB
BFCB74E7
BFCD370A
BFCF09FE
BFD0EE61
BFD2E4D6
BFD4EE07
BFD70AA1
BFD93B59
BFDB80E8
BFDDDC0E
BFE04D8E
BFE2D633
BFE576CD
BFE83030
BFEB0338
BFEDF0C4
BFF0F9B8
BFF41EFE
BFF76183
BFFAC238
BFFE4214
C000F107
C002D190
C004C323
C006C641
C008DB66
C00B0312
C00D3DC4
C00F8BF6
C011EE23
C01464C4
C016F04D
C019912D
C01C47D2
C01F14A0
C021F7F7
C024F230
C028039B
C02B2C80
C02E6D1B
C031C59F
C0353635
C038BEF7
C03C5FF4
C040192E
C043EA97
C047D415
C04BD57E
C04FEE9A
C0541F22
C05866C0
C05CC510
C061399F
C065C3EE
C06A636F
C06F1788
C073DF95
C078BAE6
C07DA8C2
C0815433
C083DC85
C0866CEE
C0890505
C08BA45B
C08E4A84
C090F710
C093A98E
C096618F
C0991EA4
C09BE05D
C09EA64D
C0A17008
C0A43D22
C0A70D34
C0A9DFD8
C0ACB4A8
C0AF8B44
C0B2634C
C0B53C64
C0B81632
C0BAF05F
C0BDCA97
C0C0A488
C0C37DE3
C0C6565B
C0C92DA7
C0CC037F
C0CED79E
C0D1A9C2
C0D479AB
C0D7471A
C0DA11D3
C0DCD99D
C0DF9E41
C0E25F88
C0E51D40
C0E7D737
C0EA8D3C
C0ED3F23
C0EFECC0
C0F295E9
C0F53A77
C0F7DA42
C0FA7527
C0FD0B04
C0FF9BB9
C1011394
C102569A
C10396E2
C104D45F
C1060F07
C10746CF
C1087BAF
C109AD9E
C10ADC96
C10C0891
C10D318B
C10E577F
C10F7A6B
C1109A4E
C111B727
C112D0F6
C113E7BD
C114FB7F
C1160C3E
C1171A00
C11824CA
C1192CA0
C11A318C
C11B3394
C11C32C1
C11D2F1B
C11E28AD
C11F1F82
C12013A4
C121051E
C121F3FD
C122E04D
C123CA1B
C124B174
C1259665
C12678FC
C1275947
C1283753
C1291330
C129ECEA
C12AC490
C12B9A30
C12C6DD9
C12D3F99
C12E0F7C
C12EDD92
C12FA9E8
C130748C
C1313D8A
C13204F1
C132CACD
C1338F2A
C1345216
C135139D
C135D3C9
C13692A8
C1375045
C1380CAA
C138C7E3
C13981FA
C13A3AF9
C13AF2EB
C13BA9D8
C13C5FCB
C13D14CD
C13DC8E6
C13E7C1F
C13F2E80
C13FE011
C14090DB
C14140E4
C141F033
C1429ED0
C1434CC2
C143FA0F
C144A6BD
C14552D2
C145FE54
C146A949
C14753B6
C147FDA1
C148A70E
C1495002
C149F883
C14AA093
C14B4838
C14BEF76
C14C9651
C14D3CCD
C14DE2ED
C14E88B5
C14F2E28
C14FD34A
C150781E
C1511CA6
C151C0E6
C15264E1
C1530899
C153AC10
C1544F4A
C154F249
C155950F
C156379E
C156D9F8
C1577C1F
BFB0D7B4
BFB16D59
BFB20899
BFB2A9A9
BFB350C1
BFB3FE1A
BFB4B1F0
BFB56C82
BFB62E0F
BFB6F6DB
BFB7C72B
BFB89F47
BFB97F7B
BFBA6812
BFBB595F
BFBC53B4
BFBD5768
BFBE64D5
BFBF7C59
BFC09E53
BFC1CB29
BFC30342
BFC4470A
BFC596F1
BFC6F36B
BFC85CF1
BFC9D3FE
BFCB5914
BFCCECB8
BFCE8F75
BFD041DA
BFD2047C
BFD3D7F3
BFD5BCDE
BFD7B3E0
BFD9BDA4
BFDBDAD8
BFDE0C2F
BFE05264
BFE2AE35
BFE52068
BFE7A9C8
BFEA4B24
BFED0551
BFEFD92A
BFF2C790
BFF5D167
BFF8F799
BFFC3B13
BFFF9CC8
C0018ED7
C0035F5E
C0054076
C00732A0
C0093658
C00B4C20
C00D7475
C00FAFD5
C011FEBE
C01461AA
C016D910
C0196566
C01C071D
C01EBEA0
C0218C57
C024709F
C0276BD4
C02A7E45
C02DA839
C030E9F0
C034439C
C037B565
C03B3F67
C03EE1B1
C0429C46
C0466F18
C04A5A0E
C04E5CFF
C05277B3
C056A9E3
C05AF33B
C05F5357
C063C9C5
C0685606
C06CF78E
C071ADC4
C0767804
C07B559E
C08022ED
C082A3FD
C0852D98
C087BF59
C08A58D4
C08CF99E
C08FA149
C0924F66
C0950385
C097BD38
C09A7C10
C09D3F9D
C0A00774
C0A2D328
C0A5A24F
C0A87482
C0AB495A
C0AE2075
C0B0F970
C0B3D3EE
C0B6AF93
C0B98C05
C0BC68EE
C0BF45FA
C0C222D8
C0C4FF39
C0C7DAD2
C0CAB559
C0CD8E86
C0D06615
C0D33BC5
C0D60F54
C0D8E086
C0DBAF1E
C0DE7AE2
C0E1439D
C0E40916
C0E6CB1C
C0E9897D
C0EC4407
C0EEFA8F
C0F1ACE6
C0F45AE4
C0F7045F
C0F9A931
C0FC4935
C0FEE448
C100BD24
C102058C
C1034B4C
C1048E57
C105CEA0
C1070C1C
C10846BF
C1097E80
C10AB357
C10BE53B
C10D1427
C10E4013
C10F68FD
C1108EE0
C111B1BA
C112D18A
C113EE4F
C115080A
C1161EBC
C1173269
C1184313
C11950BF
C11A5B72
C11B6333
C11C6808
C11D69FA
C11E6910
C11F6555
C1205ED1
C1215590
C122499D
C1233B02
C12429CC
C1251608
C125FFC2
C126E707
C127CBE5
C128AE6A
C1298EA2
C12A6C9C
C12B4867
C12C2210
C12CF9A6
C12DCF36
C12EA2CF
C12F747F
C1304453
C131125B
C131DEA3
C132A938
C133722A
C1343983
C134FF53
C135C3A4
C1368684
C13747FF
C1380821
C138C6F6
C1398488
C13A40E4
C13AFC13
C13BB621
C13C6F17
C13D2700
C13DDDE5
C13E93D0
C13F48CA
C13FFCDC
C140B00E
C1416268
C14213F3
C142C4B6
C14374B9
C1442402
C144D29A
C1458086
C1462DCE
C146DA77
C1478687
C1483205
C148DCF5
C149875E
C14A3145
C14ADAAE
C14B839E
C14C2C1B
C14CD428
C14D7BC9
C14E2304
C14EC9DC
C14F7055
C1501672
C150BC37
C15161A7
C15206C7
C152AB98
C153501E
C153F45C
C1549854
C1553C0A
C155DF80
C15682B8
C15725B4
C157C878
C1586B06
C1590D5E
BFB59D7C
BFB63347
BFB6CEAF
BFB76FE8
BFB8172A
BFB8C4AF
BFB978B4
BFBA3375
BFBAF534
BFBBBE34
BFBC8EBA
BFBD670E
BFBE477B
BFBF304F
BFC021DB
BFC11C71
BFC22069
BFC32E1D
BFC445E9
BFC56830
BFC69555
BFC7CDC0
BFC911DE
BFCA621E
BFCBBEF5
BFCD28DA
BFCEA04B
BFD025C9
BFD1B9DA
BFD35D07
BFD50FE1
BFD6D2FC
BFD8A6F1
BFDA8C60
BFDC83EB
BFDE8E3D
BFE0AC04
BFE2DDF5
BFE524CA
BFE78141
BFE9F421
BFEC7E34
BFEF204B
BFF1DB3B
BFF4AFDE
BFF79F16
BFFAA9C8
BFFDD0DD
C0008AA2
C0023BF8
C003FCEA
C005CDF7
C007AF9A
C009A254
C00BA6A2
C00DBD06
C00FE5FD
C0122207
C01471A0
C016D542
C0194D67
C01BDA84
C01E7D09
C0213563
C02403F9
C026E92B
C029E551
C02CF8BE
C03023B9
C0336681
C036C14A
C03A343B
C03DBF71
C04162FD
C0451EDF
C048F30E
C04CDF6E
C050E3D8
C0550014
C05933DD
C05D7EDF
C061E0B6
C06658F2
C06AE713
C06F8A8F
C07442CE
C0790F2B
C07DEEF9
C08170C0
C083F301
C0867DDA
C08910E5
C08BABB9
C08E4DE8
C090F707
C093A6A7
C0965C59
C09917AF
C09BD839
C09E9D8A
C0A16736
C0A434D1
C0A705F3
C0A9DA33
C0ACB12D
C0AF8A7E
C0B265C4
C0B542A3
C0B820BE
C0BAFFBE
C0BDDF4C
C0C0BF15
C0C39EC9
C0C67E18
C0C95CB9
C0CC3A61
C0CF16CA
C0D1F1AF
C0D4CAD0
C0D7A1EC
C0DA76C6
C0DD4921
C0E018C6
C0E2E57B
C0E5AF0D
C0E87546
C0EB37F5
C0EDF6EB
C0F0B1F9
C0F368F1
C0F61BAA
C0F8C9FB
C0FB73BC
C0FE18C7
C1005C7D
C101AA18
C102F526
C1043D97
C105835D
C106C66A
C10806B2
C109442A
C10A7EC6
C10BB67F
C10CEB4B
C10E1D23
C10F4C00
C11077DD
C111A0B6
C112C688
C113E94F
C115090C
C11625BD
C1173F63
C1185600
C1196997
C11A7A2C
C11B87C2
C11C925F
C11D9A0A
C11E9ECA
C11FA0A6
C1209FA7
C1219BD6
C122953D
C1238BE7
C1247FDE
C125712F
C1265FE5
C1274C0D
C12835B4
C1291CE6
C12A01B1
C12AE423
C12BC449
C12CA232
C12D7DEC
C12E5784
C12F2F0A
C130048A
C130D814
C131A9B5
C132797B
C1334774
C13413AE
C134DE37
C135A71B
C1366E69
C137342C
C137F872
C138BB47
C1397CB7
C13A3CCE
C13AFB98
C13BB921
C13C7573
C13D3099
C13DEA9E
C13EA38C
C13F5B6D
C140124A
C140C82D
C1417D20
C142312B
C142E456
C14396A9
C144482E
C144F8EB
C145A8E8
C146582C
C14706BE
C147B4A5
C14861E7
C1490E8B
C149BA97
C14A6610
C14B10FC
C14BBB61
C14C6544
C14D0EA9
C14DB796
C14E600F
C14F0818
C14FAFB7
C15056EE
C150FDC3
C151A439
C1524A53
C152F016
C1539583
C1543AA0
C154DF6F
C15583F3
C156282E
C156CC25
C1576FD9
C158134C
C158B682
C159597D
C159FC40
C15A9ECB
BFBA6497
BFBAFA87
BFBB9615
BFBC3775
BFBCDEE1
BFBD8C91
BFBE40C2
BFBEFBB1
BFBFBDA0
BFC086D2
BFC1578C
BFC23016
BFC310BB
BFC3F9C9
BFC4EB91
BFC5E667
BFC6EAA0
BFC7F898
BFC910AB
BFCA333B
BFCB60AD
BFCC9967
BFCDDDD8
BFCF2E6E
BFD08B9E
BFD1F5E0
BFD36DB2
BFD4F394
BFD6880D
BFD82BA7
BFD9DEF1
BFDBA281
BFDD76F1
BFDF5CDE
BFE154ED
BFE35FC8
BFE57E1D
BFE7B0A2
BFE9F811
BFEC5529
BFEEC8AF
BFF15370
BFF3F63B
BFF6B1E6
BFF9874C
BFFC774F
BFFF82D4
C0015562
C002F808
C004A9D4
C0066B42
C0083CCF
C00A1EF8
C00C123D
C00E171C
C0102E16
C01257AA
C0149457
C016E499
C01948EC
C01BC1C9
C01E4FA4
C020F2F1
C023AC1A
C0267B87
C0296199
C02C5EA9
C02F7309
C0329F01
C035E2D0
C0393EAB
C03CB2B9
C0403F19
C043E3D9
C047A0FE
C04B767B
C04F6439
C0536A0E
C05787C4
C05BBD17
C06009B3
C0646D35
C068E72D
C06D771D
C0721C7B
C076D6AE
C07BA515
C0804381
C082BDE0
C0854147
C087CD52
C08A619C
C08CFDBA
C08FA143
C0924BC8
C094FCDD
C097B413
C09A70FB
C09D3329
C09FFA2E
C0A2C59E
C0A59510
C0A8681A
C0AB3E56
C0AE175E
C0B0F2D1
C0B3D04E
C0B6AF79
C0B98FF6
C0BC716E
C0BF538B
C0C235FA
C0C5186B
C0C7FA91
C0CADC21
C0CDBCD1
C0D09C5D
C0D37A7F
C0D656F7
C0D93185
C0DC09EC
C0DEDFF1
C0E1B35A
C0E483F0
C0E7517E
C0EA1BD0
C0ECE2B4
C0EFA5F9
C0F26573
C0F520F2
C0F7D84E
C0FA8B5B
C0FD39F2
C0FFE3ED
C1014494
C10294C0
C103E269
C1052D81
C10675F7
C107BBBF
C108FECC
C10A3F10
C10B7C82
C10CB717
C10DEEC5
C10F2385
C110554F
C111841D
C112AFEA
C113D8B2
C114FE71
C1162126
C11740CE
C1185D6B
C11976FD
C11A8D85
C11BA107
C11CB185
C11DBF06
C11EC98E
C11FD123
C120D5CD
C121D794
C122D67F
C123D299
C124CBEC
C125C281
C126B664
C127A7A1
C1289644
C1298258
C12A6BEC
C12B530B
C12C37C4
C12D1A24
C12DFA39
C12ED811
C12FB3BB
C1308D43
C13164B8
C1323A29
C1330DA4
C133DF37
C134AEEF
C1357CDB
C1364908
C1371383
C137DC5B
C138A39D
C1396954
C13A2D8F
C13AF059
C13BB1BF
C13C71CC
C13D308C
C13DEE0B
C13EAA54
C13F6571
C1401F6E
C140D853
C141902C
C1424702
C142FCDE
C143B1CA
C14465CD
C14518F2
C145CB3F
C1467CBD
C1472D74
C147DD6C
C1488CAA
C1493B37
C149E919
C14A9657
C14B42F6
C14BEEFD
C14C9A72
C14D455A
C14DEFBB
C14E999A
C14F42FB
C14FEBE4
C150945A
C1513C60
C151E3FC
C1528B30
C1533202
C153D875
C1547E8D
C155244C
C155C9B8
C1566ED2
C157139F
C157B820
C1585C5A
C159004E
C159A400
C15A4772
C15AEAA6
C15B8D9F
C15C3060
BFBF2CF9
BFBFC30D
BFC05EBF
BFC10046
BFC1A7D9
BFC255B2
BFC30A0E
BFC3C52A
BFC48747
BFC550A9
BFC62195
BFC6FA53
BFC7DB2F
BFC8C475
BFC9B678
BFCAB18A
BFCBB602
BFCCC43C
BFCDDC93
BFCEFF6A
BFD02D25
BFD1662C
BFD2AAEC
BFD3FBD5
BFD5595B
BFD6C3F7
BFD83C26
BFD9C269
BFDB5746
BFDCFB49
BFDEAF00
BFE07301
BFE247E6
BFE42E4D
BFE626DC
BFE8323B
BFEA511A
BFEC842D
BFEECC31
BFF129E3
BFF39E0A
BFF62972
BFF8CCEA
BFFB894A
BFFE5F6D
C000A81A
C0022E42
C003C2A4
C00565B7
C00717F6
C008D9DB
C00AABE4
C00C8E8E
C00E8258
C01087C3
C0129F4E
C014C979
C01706C3
C01957A9
C01BBCA6
C01E3633
C020C4C7
C02368D3
C02622C4
C028F300
C02BD9EA
C02ED7DC
C031ED26
C0351A11
C0385EDE
C03BBBC1
C03F30E2
C042BE60
C046644A
C04A22A5
C04DF965
C051E873
C055EFA6
C05A0EC9
C05E4597
C06293BD
C066F8DA
C06B747E
C070062C
C074AD59
C0796970
C07E39CD
C0818EE3
C0840A52
C0868ED4
C0891C06
C08BB182
C08E4EE0
C090F3B5
C0939F94
C0965210
C0990ABB
C09BC929
C09E8CEA
C0A15593
C0A422B8
C0A6F3EF
C0A9C8D0
C0ACA0F5
C0AF7BFA
C0B2597C
C0B5391D
C0B81A7F
C0BAFD4A
C0BDE124
C0C0C5BA
C0C3AAB8
C0C68FD1
C0C974B5
C0CC591C
C0CF3CBD
C0D21F51
C0D50097
C0D7E04D
C0DABE33
C0DD9A0D
C0E073A0
C0E34AB3
C0E61F0F
C0E8F07E
C0EBBECE
C0EE89CB
C0F15146
C0F41510
C0F6D4FC
C0F990DF
C0FC488F
C0FEFBE4
C100D55B
C1022A71
C1037D21
C104CD5B
C1061B0F
C107662D
C108AEA6
C109F46E
C10B3777
C10C77B6
C10DB520
C10EEFAB
C110274D
C1115C00
C1128DBB
C113BC79
C114E835
C11610EB
C1173698
C1185939
C11978CD
C11A9556
C11BAED3
C11CC546
C11DD8B2
C11EE91C
C11FF687
C12100FA
C122087A
C1230D0E
C1240EC0
C1250D97
C126099C
C12702DA
C127F95B
C128ED2B
C129DE54
C12ACCE3
C12BB8E5
C12CA266
C12D8974
C12E6E1B
C12F506A
C130306E
C1310E36
C131E9CF
C132C347
C1339AAE
C1347010
C135437C
C1361501
C136E4AB
C137B28A
C1387EAA
C139491A
C13A11E6
C13AD91C
C13B9EC8
C13C62F8
C13D25B7
C13DE713
C13EA716
C13F65CD
C1402343
C140DF83
C1419A98
C142548C
C1430D69
C143C53B
C1447C09
C14531DE
C145E6C3
C1469AC0
C1474DDE
C1480025
C148B19E
C149624F
C14A1241
C14AC17A
C14B7002
C14C1DDF
C14CCB18
C14D77B3
C14E23B6
C14ECF27
C14F7A0B
C1502468
C150CE43
C15177A0
C1522086
C152C8F9
C15370FC
C1541894
C154BFC6
C1556695
C1560D05
C156B31A
C15758D7
C157FE40
C158A358
C1594823
C159ECA2
C15A90DA
C15B34CC
C15BD87C
C15C7BEC
C15D1F1E
C15DC216
BFC3F696
BFC48CCC
BFC528A1
BFC5CA4D
BFC67206
BFC72008
BFC7D48D
BFC88FD4
BFC9521E
BFCA1BAE
BFCAECCA
BFCBC5BB
BFCCA6CA
BFCD9047
BFCE8282
BFCF7DCE
BFD08284
BFD190FC
BFD2A996
BFD3CCB1
BFD4FAB3
BFD63405
BFD77911
BFD8CA4A
BFDA2823
BFDB9316
BFDD0B9E
BFDE923E
BFE0277D
BFE1CBE4
BFE38004
BFE54472
BFE719C8
BFE900A6
BFEAF9AE
BFED058D
BFEF24F0
BFF1588E
BFF3A120
BFF5FF68
BFF8742A
BFFB0033
BFFDA453
C00030B0
C0019C1C
C00314DE
C0049B68
C0063030
C007D3AE
C009865B
C00B48B2
C00D1B32
C00EFE58
C010F2A4
C012F896
C01510AD
C0173B69
C019794A
C01BCACD
C01E306E
C020AAA7
C02339EC
C025DEB0
C0289961
C02B6A66
C02E5220
C03150EA
C0346715
C03794EC
C03ADAAD
C03E388E
C041AEB8
C0453D49
C048E453
C04CA3D8
C0507BCF
C0546C20
C05874A4
C05C9526
C060CD62
C0651D04
C06983AD
C06E00ED
C0729448
C0773D34
C07BFB1B
C08066AE
C082D9A7
C085561B
C087DBAE
C08A69FC
C08D00A0
C08F9F32
C0924546
C094F272
C097A648
C09A605C
C09D2040
C09FE586
C0A2AFC4
C0A57E8E
C0A8517A
C0AB2822
C0AE021E
C0B0DF0D
C0B3BE8C
C0B6A03D
C0B983C4
C0BC68C7
C0BF4EEF
C0C235E8
C0C51D60
C0C80509
C0CAEC96
C0CDD3BC
C0D0BA35
C0D39FBB
C0D6840B
C0D966E4
C0DC4809
C0DF273C
C0E20443
C0E4DEE6
C0E7B6EC
C0EA8C22
C0ED5E53
C0F02D4F
C0F2F8E4
C0F5C0E4
C0F88522
C0FB4573
C0FE01AC
C1005CD2
C101B69A
C1030E1C
C1046345
C105B604
C1070649
C1085403
C1099F24
C10AE79D
C10C2D62
C10D7066
C10EB09E
C10FEDFE
C111287D
C1126013
C11394B7
C114C663
C115F510
C11720BB
C118495E
C1196EF7
C11A9185
C11BB105
C11CCD79
C11DE6E1
C11EFD40
C1201097
C12120EC
C1222E42
C123389F
C124400A
C125448A
C1264627
C12744E9
C12840DA
C1293A04
C12A3072
C12B242E
C12C1544
C12D03C1
C12DEFB1
C12ED920
C12FC01C
C130A4B2
C13186F0
C13266E4
C133449B
C1342025
C134F98E
C135D0E6
C136A63A
C1377999
C1384B10
C1391AAD
C139E87F
C13AB493
C13B7EF6
C13C47B7
C13D0EE1
C13DD483
C13E98A8
C13F5B5D
C1401CAF
C140DCA9
C1419B57
C14258C4
C14314FB
C143D008
C14489F4
C14542CA
C145FA94
C146B15B
C147672A
C1481C08
C148CFFE
C1498316
C14A3558
C14AE6CB
C14B9776
C14C4763
C14CF697
C14DA51A
C14E52F3
C14F0027
C14FACBE
C15058BC
C1510429
C151AF09
C1525963
C153033A
C153AC95
C1545577
C154FDE6
C155A5E6
C1564D7C
C156F4AB
C1579B77
C15841E5
C158E7F7
C1598DB2
C15A3319
C15AD82F
C15B7CF7
C15C2174
C15CC5AA
C15D699A
C15E0D48
C15EB0B6
C15F53E7
BFC8C162
BFC957B9
BFC9F3B1
BFCA9580
BFCB3D5E
BFCBEB86
BFCCA033
BFCD5BA3
BFCE1E18
BFCEE7D5
BFCFB920
BFD09241
BFD17383
BFD25D34
BFD34FA5
BFD44B2A
BFD5501A
BFD65ED0
BFD777A9
BFD89B06
BFD9C94D
BFDB02E6
BFDC483D
BFDD99C2
BFDEF7EB
BFE06331
BFE1DC10
BFE3630A
BFE4F8A6
BFE69D6F
BFE851F4
BFEA16CB
BFEBEC8F
BFEDD3DE
BFEFCD5D
BFF1D9B6
BFF3F999
BFF62DBC
BFF876D8
BFFAD5AF
BFFD4B07
BFFFD7AB
C0013E36
C0029D11
C00408D5
C00581F1
C00708D9
C0089E04
C00A41E8
C00BF4FF
C00DB7C6
C00F8AB8
C0116E56
C013631F
C0156991
C017822F
C019AD78
C01BEBEB
C01E3E06
C020A445
C0231F21
C025AF11
C0285488
C02B0FF2
C02DE1B7
C030CA3A
C033C9D4
C036E0D9
C03A0F92
C03D563E
C040B514
C0442C3D
C047BBD8
C04B63F6
C04F249B
C052FDBD
C056EF46
C05AF90F
C05F1AE2
C063547D
C067A58E
C06C0DB4
C0708C81
C0752179
C079CC13
C07E8BBA
C081AFE7
C08423D1
C086A143
C08927DC
C08BB73C
C08E4EFC
C090EEB6
C09395FE
C096446B
C098F98E
C09BB4FD
C09E7649
C0A13D07
C0A408CB
C0A6D92A
C0A9ADBC
C0AC8619
C0AF61DD
C0B240A5
C0B5220F
C0B805BD
C0BAEB55
C0BDD27D
C0C0BADE
C0C3A426
C0C68E03
C0C97826
C0CC6243
C0CF4C12
C0D2354C
C0D51DAA
C0D804EC
C0DAEAD1
C0DDCF1B
C0E0B18D
C0E391EE
C0E67005
C0E94B9C
C0EC247D
C0EEFA76
C0F1CD54
C0F49CE8
C0F76903
C0FA3178
C0FCF61B
C0FFB6C2
C10139A2
C10295BD
C103EF9E
C1054733
C1069C6B
C107EF35
C1093F81
C10A8D3E
C10BD860
C10D20D7
C10E6697
C10FA993
C110E9C2
C1122717
C1136189
C1149911
C115CDA6
C116FF41
C1182DDD
C1195976
C11A8206
C11BA78C
C11CCA06
C11DE972
C11F05D2
C1201F25
C121356F
C12248B1
C12358F1
C1246632
C125707B
C12677D1
C1277C3D
C1287DC5
C1297C73
C12A7851
C12B7167
C12C67C2
C12D5B6B
C12E4C6F
C12F3AD9
C13026B7
C1311015
C131F700
C132DB85
C133BDB3
C1349D97
C1357B3F
C13656BA
C1373015
C138075E
C138DCA4
C139AFF5
C13A815F
C13B50F0
C13C1EB6
C13CEABE
C13DB516
C13E7DCB
C13F44EB
C1400A82
C140CE9D
C1419148
C1425291
C1431281
C143D126
C1448E8B
C1454ABA
C14605BF
C146BFA3
C1477872
C1483035
C148E6F5
C1499CBD
C14A5195
C14B0585
C14BB897
C14C6AD3
C14D1C40
C14DCCE7
C14E7CCF
C14F2BFE
C14FDA7C
C1508850
C1513580
C151E213
C1528E0D
C1533976
C153E453
C1548EA9
C155387C
C155E1D4
C1568AB3
C157331F
C157DB1C
C15882AF
C15929DB
C159D0A5
C15A7710
C15B1D20
C15BC2D9
C15C683D
C15D0D51
C15DB217
C15E5692
C15EFAC6
C15F9EB5
C1604261
C160E5CE
BFCD8D52
BFCE23C8
BFCEBFE1
BFCF61D3
BFD009D5
BFD0B821
BFD16CF5
BFD2288D
BFD2EB2C
BFD3B515
BFD4868C
BFD55FDC
BFD6414E
BFD72B32
BFD81DD7
BFD91993
BFDA1EBC
BFDB2DAC
BFDC46C2
BFDD6A5F
BFDE98E8
BFDFD2C5
BFE11864
BFE26A34
BFE3C8AA
BFE53440
BFE6AD73
BFE834C4
BFE9CABA
BFEB6FE0
BFED24C7
BFEEEA04
BFF0C031
BFF2A7ED
BFF4A1DE
BFF6AEAE
BFF8CF0C
BFFB03AF
BFFD4D50
BFFFACB2
C001114D
C00257EA
C003AA98
C00509C4
C00675DC
C007EF50
C0097693
C00B0C1C
C00CB063
C00E63E1
C0102712
C011FA74
C013DE85
C015D3C5
C017DAB5
C019F3D4
C01C1FA4
C01E5EA3
C020B151
C0231828
C02593A3
C0282438
C02ACA59
C02D8676
C03058F5
C0334239
C036429C
C0395A72
C03C8A05
C03FD194
C0433156
C046A974
C04A3A0F
C04DE336
C051A4F0
C0557F33
C05971E8
C05D7CE9
C061A002
C065DAF0
C06A2D61
C06E96F6
C0731741
C077ADC7
C07C59FF
C0808DAA
C082F894
C0856D69
C087EBCD
C08A7363
C08D03CA
C08F9C9D
C0923D73
C094E5E4
C0979585
C09A4BEA
C09D08A7
C09FCB4F
C0A29376
C0A560B2
C0A83298
C0AB08C0
C0ADE2C3
C0B0C03E
C0B3A0CD
C0B68410
C0B969AA
C0BC5140
C0BF3A7A
C0C22501
C0C51083
C0C7FCAF
C0CAE937
C0CDD5D0
C0D0C231
C0D3AE13
C0D69933
C0D9834F
C0DC6C26
C0DF537C
C0E23914
C0E51CB5
C0E7FE26
C0EADD32
C0EDB9A4
C0F09349
C0F369F0
C0F63D68
C0F90D82
C0FBDA13
C0FEA2EE
C100B3F4
C102146C
C10372CC
C104CEFF
C10628F5
C1078099
C108D5DD
C10A28AE
C10B78FD
C10CC6BC
C10E11DB
C10F5A4D
C110A006
C111E2FA
C113231D
C1146066
C1159ACB
C116D244
C11806C8
C1193853
C11A66DD
C11B9263
C11CBAE0
C11DE053
C11F02B8
C1202211
C1213E5C
C122579B
C1236DD0
C12480FE
C1259128
C1269E55
C127A889
C128AFCC
C129B423
C12AB598
C12BB432
C12CAFFC
C12DA900
C12E9F48
C12F92DF
C13083D0
C1317229
C1325DF6
C1334742
C1342E1D
C1351292
C135F4B0
C136D485
C137B21E
C1388D8A
C13966D7
C13A3E12
C13B134B
C13BE68F
C13CB7ED
C13D8771
C13E552B
C13F2127
C13FEB74
C140B41F
C1417B34
C14240C1
C14304D2
C143C774
C14488B4
C145489C
C1460738
C146C494
C14780BC
C1483BB9
C148F596
C149AE5D
C14A6619
C14B1CD3
C14BD295
C14C8766
C14D3B51
C14DEE5D
C14EA093
C14F51FC
C150029D
C150B280
C15161AB
C1521024
C152BDF4
C1536B20
C15417AE
C154C3A5
C1556F0A
C15619E3
C156C436
C1576E06
C158175A
C158C037
C15968A0
C15A109A
C15AB82A
C15B5F54
C15C061B
C15CAC83
C15D5291
C15DF848
C15E9DAA
C15F42BC
C15FE780
C1608BF9
C161302B
C161D418
C16277C3
BFD25A5C
BFD2F0F0
BFD38D29
BFD42F3C
BFD4D760
BFD585D0
BFD63AC9
BFD6F688
BFD7B94F
BFD88361
BFD95504
BFDA2E80
BFDB1022
BFDBFA36
BFDCED0E
BFDDE8FE
BFDEEE5E
BFDFFD87
BFE116D8
BFE23AB2
BFE3697B
BFE4A39B
BFE5E97E
BFE73B96
BFE89A57
BFEA063A
BFEB7FBD
BFED0761
BFEE9DAE
BFF0432F
BFF1F874
BFF3BE13
BFF594A5
BFF77CCB
BFF9772A
BFFB846C
BFFDA541
BFFFDA5F
C0011241
C0024234
C0037D6D
C004C452
C006174C
C00776C6
C008E32F
C00A5CF7
C00BE493
C00D7A77
C00F1F1C
C010D2FD
C0129695
C0146A61
C0164EE2
C0184496
C01A4BFE
C01C659A
C01E91EC
C020D173
C02324AD
C0258C17
C028082A
C02A995E
C02D4025
C02FFCED
C032D01F
C035BA1D
C038BB42
C03BD3E2
C03F0446
C0424CAF
C045AD54
C049265F
C04CB7F0
C0506218
C05424DD
C0580035
C05BF40B
C0600039
C064248B
C06860BF
C06CB484
C0711F7A
C075A135
C07A3939
C07EE6FF
C081D4FA
C08440BC
C086B671
C08935BF
C08BBE49
C08E4FAE
C090E988
C0938B71
C0963500
C098E5CA
C09B9D64
C09E5B63
C0A11F59
C0A3E8DC
C0A6B782
C0A98AE0
C0AC6290
C0AF3E2A
C0B21D4B
C0B4FF91
C0B7E49D
C0BACC11
C0BDB594
C0C0A0CC
C0C38D66
C0C67B0E
C0C96975
C0CC584D
C0CF474C
C0D23628
C0D5249E
C0D81268
C0DAFF45
C0DDEAF7
C0E0D540
C0E3BDE4
C0E6A4AB
C0E9895E
C0EC6BC5
C0EF4BAD
C0F228E4
C0F50337
C0F7DA77
C0FAAE77
C0FD7F08
C10025FF
C1018A98
C102ED3B
C1044DD2
C105AC4B
C1070893
C1086298
C109BA48
C10B0F93
C10C6268
C10DB2B9
C10F0075
C1104B90
C11193FC
C112D9AC
C1141C96
C1155CAD
C11699E8
C117D43E
C1190BA7
C11A401B
C11B7194
C11CA00C
C11DCB7F
C11EF3E9
C1201948
C1213B99
C1225ADD
C1237714
C124903F
C125A65F
C126B979
C127C98F
C128D6A8
C129E0C8
C12AE7F6
C12BEC3A
C12CED9B
C12DEC23
C12EE7DA
C12FE0CB
C130D701
C131CA86
C132BB66
C133A9AE
C1349569
C1357EA6
C1366570
C13749D6
C1382BE5
C1390BAA
C139E935
C13AC493
C13B9DD2
C13C7500
C13D4A2C
C13E1D63
C13EEEB4
C13FBE2D
C1408BDB
C14157CD
C142220F
C142EAAF
C143B1BA
C144773D
C1453B45
C145FDDE
C146BF15
C1477EF4
C1483D88
C148FADD
C149B6FD
C14A71F2
C14B2BC8
C14BE489
C14C9C3E
C14D52F2
C14E08AD
C14EBD79
C14F715E
C1502465
C150D696
C15187F9
C1523896
C152E873
C153979A
C154460F
C154F3DB
C155A103
C1564D8D
C156F980
C157A4E2
C1584FB7
C158FA06
C159A3D4
C15A4D25
C15AF5FE
C15B9E64
C15C465C
C15CEDE9
C15D9510
C15E3BD5
C15EE23C
C15F8847
C1602DFB
C160D35C
C161786C
C1621D2E
C162C1A5
C16365D5
C16409C1
BFD72874
BFD7BF26
BFD85B7E
BFD8FDB0
BFD9A5F5
BFDA5488
BFDB09A4
BFDBC589
BFDC8876
BFDD52B1
BFDE247D
BFDEFE25
BFDFDFF4
BFE0CA37
BFE1BD40
BFE2B962
BFE3BEF7
BFE4CE57
BFE5E7E1
BFE70BF6
BFE83AFC
BFE9755C
BFEABB82
BFEC0DDF
BFED6CE7
BFEED915
BFF052E6
BFF1DADB
BFF3717C
BFF51754
BFF6CCF4
BFF892F0
BFFA69E5
BFFC5270
BFFE4D39
C0002D75
C0013E18
C00258E3
C0037E32
C004AE66
C005E9E2
C007310C
C008844F
C009E414
C00B50CB
C00CCAE4
C00E52D4
C00FE911
C0118E12
C0134252
C015064C
C016DA80
C018BF6B
C01AB58F
C01CBD6B
C01ED780
C021044F
C0234459
C025981A
C0280011
C02A7CB8
C02D0E84
C02FB5EA
C0327358
C0354736
C03831E7
C03B33C7
C03E4D29
C0417E57
C044C792
C0482912
C04BA301
C04F357F
C052E09D
C056A463
C05A80C7
C05E75B3
C0628302
C066A882
C06AE5EF
C06F3AFB
C073A745
C0782A62
C07CC3D7
C080B98F
C0831BD1
C0858863
C087FEF0
C08A7F1F
C08D0894
C08F9AEC
C09235C4
C094D8B5
C0978357
C09A3540
C09CEE04
C09FAD38
C0A27271
C0A53D43
C0A80D45
C0AAE20E
C0ADBB37
C0B09859
C0B37911
C0B65CFF
C0B943C3
C0BC2D00
C0BF185D
C0C20582
C0C4F41B
C0C7E3D7
C0CAD464
C0CDC578
C0D0B6C7
C0D3A80A
C0D698FC
C0D98959
C0DC78E1
C0DF6756
C0E25479
C0E54012
C0E829E6
C0EB11C0
C0EDF768
C0F0DAAC
C0F3BB5A
C0F6993F
C0F9742D
C0FC4BF6
C0FF206C
C100F8B2
C1025F59
C103C418
C10526DA
C106878B
C107E618
C1094270
C10A9C81
C10BF439
C10D4988
C10E9C5F
C10FECAE
C1113A66
C112857B
C113CDDE
C1151384
C1165662
C117966C
C118D399
C11A0DDF
C11B4537
C11C799A
C11DAB01
C11ED966
C12004C6
C1212D1D
C1225268
C12374A6
C12493D6
C125AFF8
C126C90E
C127DF1B
C128F220
C12A0223
C12B0F27
C12C1934
C12D204F
C12E247F
C12F25CE
C1302442
C1311FE7
C13218C6
C1330EEA
C134025E
C134F32D
C135E164
C136CD0F
C137B63B
C1389CF6
C139814D
C13A634D
C13B4304
C13C2081
C13CFBD1
C13DD503
C13EAC24
C13F8143
C140546F
C14125B4
C141F521
C142C2C4
C1438EAB
C14458E3
C1452179
C145E87A
C146ADF4
C14771F3
C1483483
C148F5B1
C149B588
C14A7415
C14B3162
C14BED7A
C14CA868
C14D6238
C14E1AF2
C14ED2A1
C14F894E
C1503F03
C150F3C9
C151A7A9
C1525AAB
C1530CD7
C153BE35
C1546ECD
C1551EA6
C155CDC8
C1567C39
C1572A01
C157D725
C15883AC
C1592F9B
C159DAF9
C15A85CC
C15B3017
C15BD9E2
C15C8330
C15D2C06
C15DD46A
C15E7C5F
C15F23EA
C15FCB0F
C16071D1
C1611835
C161BE3F
C16263F1
C163094F
C163AE5D
C164531D
C164F793
C1659BC2
BFDBF791
BFDC8E60
BFDD2AD5
BFDDCD26
BFDE758B
BFDF243F
BFDFD97E
BFE09586
BFE15899
BFE222FA
BFE2F4EF
BFE3CEC1
BFE4B0BB
BFE59B2B
BFE68E63
BFE78AB7
BFE8907E
BFE9A013
BFEAB9D4
BFEBDE22
BFED0D64
BFEE4801
BFEF8E67
BFF0E106
BFF24054
BFF3ACCA
BFF526E5
BFF6AF28
BFF8461A
BFF9EC46
BFFBA23D
BFFD6894
BFFF3FE7
C000946B
C0019202
C002990F
C003A9EA
C004C4EE
C005EA79
C0071AEA
C00856A7
C0099E15
C00AF19D
C00C51AA
C00DBEAD
C00F3915
C010C156
C01257E7
C013FD41
C015B1DC
C0177636
C0194ACD
C01B3020
C01D26AE
C01F2EFA
C0214983
C02376CC
C025B753
C0280B97
C02A7416
C02CF14A
C02F83AA
C0322BA9
C034E9B6
C037BE3A
C03AA998
C03DAC2B
C040C648
C043F839
C047423F
C04AA491
C04E1F5B
C051B2BD
C0555EC9
C0592386
C05D00EB
C060F6E3
C065054A
C0692BEB
C06D6A87
C071C0CD
C0762E5F
C07AB2D0
C07F4DA8
C081FF30
C0846232
C086CF8C
C08946E9
C08BC7F2
C08E5248
C090E58B
C0938158
C0962547
C098D0F2
C09B83EE
C09E3DD0
C0A0FE2F
C0A3C49E
C0A690B3
C0A96205
C0AC382B
C0AF12BE
C0B1F15A
C0B4D39B
C0B7B921
C0BAA18C
C0BD8C82
C0C079A8
C0C368A9
C0C65930
C0C94AEB
C0CC3D8C
C0CF30C8
C0D22453
C0D517E7
C0D80B40
C0DAFE1A
C0DDF036
C0E0E156
C0E3D13D
C0E6BFB1
C0E9AC7A
C0EC9761
C0EF8031
C0F266B7
C0F54AC1
C0F82C1E
C0FB0A9E
C0FDE615
C1005F2B
C101C999
C1033242
C104990F
C105FDED
C10760C9
C108C18F
C10A202D
C10B7C91
C10CD6AA
C10E2E66
C10F83B7
C110D68D
C11226D8
C113748A
C114BF96
C11607F0
C1174D8A
C118905B
C119D057
C11B0D74
C11C47AA
C11D7EF1
C11EB342
C11FE496
C12112E9
C1223E36
C1236679
C1248BB0
C125ADDA
C126CCF6
C127E905
C1290207
C12A17FF
C12B2AF1
C12C3AE0
C12D47D1
C12E51CA
C12F58D2
C1305CF0
C1315E2B
C1325C8E
C1335821
C13450EE
C1354701
C1363A63
C1372B22
C1381949
C13904E4
C139EE01
C13AD4AD
C13BB8F5
C13C9AE7
C13D7A90
C13E57FF
C13F3342
C1400C67
C140E37C
C141B88F
C1428BAE
C1435CE8
C1442C4A
C144F9E3
C145C5BF
C1468FED
C1475879
C1481F71
C148E4E2
C149A8D8
C14A6B60
C14B2C86
C14BEC55
C14CAADA
C14D681F
C14E2430
C14EDF18
C14F98E1
C1505195
C151093E
C151BFE5
C1527595
C1532A55
C153DE2F
C154912C
C1554353
C155F4AD
C156A540
C1575515
C1580433
C158B2A0
C1596064
C15A0D84
C15ABA07
C15B65F3
C15C114E
C15CBC1D
C15D6666
C15E102D
C15EB979
C15F624C
C1600AAD
C160B2A0
C1615A28
C162014B
C162A80B
C1634E6D
C163F474
C1649A25
C1653F81
C165E48D
C166894C
C1672DC0
BFE0C7A9
BFE15E93
BFE1FB25
BFE29D94
BFE34618
BFE3F4EC
BFE4AA4C
BFE56677
BFE629AE
BFE6F434
BFE7C650
BFE8A04A
BFE9826E
BFEA6D0A
BFEB606F
BFEC5CF2
BFED62EA
BFEE72B2
BFEF8CA8
BFF0B12D
BFF1E0A8
BFF31B80
BFF46224
BFF5B503
BFF71494
BFF8814F
BFF9FBB3
BFFB8441
BFFD1B81
BFFEC1FE
C0003C24
C0011F7C
C0020B53
C002FFF9
C003FDC2
C0050502
C0061612
C007314D
C0085711
C00987BF
C00AC3BA
C00C0B68
C00D5F33
C00EBF87
C0102CD2
C011A785
C0133016
C014C6F8
C0166CA6
C018219A
C019E651
C01BBB47
C01DA0FD
C01F97F3
C021A0AA
C023BBA4
C025E960
C0282A60
C02A7F23
C02CE825
C02F65E1
C031F8CF
C034A161
C0376008
C03A352C
C03D2130
C0402470
C0433F41
C04671ED
C049BCB6
C04D1FD3
C0509B70
C0542FAE
C057DC9F
C05BA24A
C05F80A7
C06377A0
C0678713
C06BAECC
C06FEE8B
C0744600
C078B4CC
C07D3A86
C080EB5A
C0834467
C085A822
C088163D
C08A8E63
C08D103C
C08F9B6B
C0922F90
C094CC48
C097712C
C09A1DD6
C09CD1DB
C09F8CD1
C0A24E4F
C0A515E9
C0A7E335
C0AAB5CA
C0AD8D40
C0B06931
C0B34938
C0B62CF3
C0B91402
C0BBFE06
C0BEEAA4
C0C1D983
C0C4CA4E
C0C7BCB1
C0CAB05A
C0CDA4FC
C0D09A4B
C0D38FFF
C0D685D0
C0D97B7A
C0DC70BC
C0DF6556
C0E2590A
C0E54B9D
C0E83CD5
C0EB2C7A
C0EE1A56
C0F10634
C0F3EFE3
C0F6D72F
C0F9BBE9
C0FC9DE1
C0FF7CEB
C1012C6D
C10298C1
C104035C
C1056C2B
C106D318
C1083810
C1099B01
C10AFBD8
C10C5A82
C10DB6EE
C10F110C
C11068CB
C111BE1B
C11310EC
C1146131
C115AEDC
C116F9DF
C118422D
C11987BA
C11ACA7D
C11C0A69
C11D4777
C11E819C
C11FB8D2
C120ED10
C1221E52
C1234C92
C12477CB
C1259FFB
C126C51E
C127E734
C129063D
C12A2237
C12B3B26
C12C510B
C12D63E9
C12E73C4
C12F80A2
C1308A89
C131917E
C1329589
C13396B3
C1349503
C1359085
C1368941
C1377F43
C1387295
C1396344
C13A515B
C13B3CE7
C13C25F5
C13D0C92
C13DF0CB
C13ED2AF
C13FB24B
C1408FAD
C1416AE3
C14243FB
C1431B04
C143F00C
C144C320
C145944F
C14663A6
C1473134
C147FD07
C148C72B
C1498FAE
C14A569D
C14B1C05
C14BDFF2
C14CA272
C14D6390
C14E2358
C14EE1D5
C14F9F13
C1505B1E
C15115FF
C151CFC1
C152886F
C1534012
C153F6B4
C154AC5E
C1556119
C15614EE
C156C7E6
C1577A08
C1582B5D
C158DBEC
C1598BBD
C15A3AD7
C15AE940
C15B9700
C15C441D
C15CF09D
C15D9C85
C15E47DD
C15EF2A9
C15F9CEF
C16046B3
C160EFFC
C16198CD
C162412C
C162E91C
C16390A2
C16437C2
C164DE80
C16584E0
C1662AE5
C166D094
C16775EE
C1681AF9
C168BFB5
BFE598B3
BFE62FB8
BFE6CC65
BFE76EF1
BFE81793
BFE8C686
BFE97C06
BFEA3852
BFEAFBAB
BFEBC656
BFEC9897
BFED72B8
BFEE5504
BFEF3FCA
BFF0335B
BFF1300C
BFF23633
BFF3462C
BFF46054
BFF5850F
BFF6B4C1
BFF7EFD3
BFF936B2
BFFA89CF
BFFBE9A0
BFFD569E
BFFED147
C0002D0F
C000F8D4
C001CC3A
C002A788
C0038B0A
C004770C
C0056BE0
C00669D8
C007714A
C008828D
C0099DFE
C00AC3F9
C00BF4E1
C00D3117
C00E7904
C00FCD0F
C0112DA6
C0129B37
C0141634
C0159F10
C0173641
C018DC41
C01A918A
C01C5699
C01E2BEC
C0201201
C022095B
C024127A
C0262DDF
C0285C0C
C02A9D80
C02CF2BC
C02F5C3D
C031DA7C
C0346DF2
C0371713
C039D64E
C03CAC0B
C03F98B0
C0429C97
C045B814
C048EB75
C04C36F9
C04F9ADA
C0531743
C056AC54
C05A5A21
C05E20B1
C061FFFC
C065F7EE
C06A0863
C06E3129
C0727200
C076CA98
C07B3A94
C07FC189
C0822F80
C0848938
C086EDA5
C0895C79
C08BD560
C08E5802
C090E402
C0937901
C096169B
C098BC6B
C09B6A0A
C09E1F0E
C0A0DB0E
C0A39DA0
C0A66659
C0A934D0
C0AC089C
C0AEE156
C0B1BE98
C0B49FFE
C0B78525
C0BA6DAE
C0BD593B
C0C04772
C0C337FA
C0C62A7F
C0C91EAC
C0CC1431
C0CF0AC2
C0D20213
C0D4F9DB
C0D7F1D5
C0DAE9BC
C0DDE150
C0E0D852
C0E3CE84
C0E6C3AC
C0E9B790
C0ECA9FA
C0EF9AB2
C0F28987
C0F57644
C0F860B9
C0FB48B5
C0FE2E0C
C1008847
C101F808
C1036634
C104D2B5
C1063D76
C107A665
C1090D6D
C10A727B
C10BD57C
C10D365F
C10E9512
C10FF184
C1114BA3
C112A361
C113F8AE
C1154B7A
C1169BB7
C117E958
C1193450
C11A7C91
C11BC211
C11D04C5
C11E44A1
C11F819E
C120BBB2
C121F2D5
C1232702
C1245831
C125865D
C126B183
C127D99F
C128FEAF
C12A20B2
C12B3FA6
C12C5B8E
C12D7469
C12E8A3A
C12F9D05
C130ACCE
C131B999
C132C36D
C133CA4F
C134CE49
C135CF61
C136CDA0
C137C911
C138C1BC
C139B7AD
C13AAAF0
C13B9B8F
C13C8996
C13D7514
C13E5E13
C13F44A2
C14028CE
C1410AA4
C141EA33
C142C788
C143A2B2
C1447BBE
C14552BB
C14627B7
C146FAC1
C147CBE5
C1489B32
C14968B6
C14A347F
C14AFE99
C14BC713
C14C8DFA
C14D5359
C14E173F
C14ED9B7
C14F9ACD
C1505A8D
C1511904
C151D63B
C152923F
C1534D1A
C15406D6
C154BF7E
C155771B
C1562DB7
C156E35C
C1579812
C1584BE3
C158FED6
C159B0F3
C15A6244
C15B12CF
C15BC29C
C15C71B2
C15D2017
C15DCDD3
C15E7AED
C15F2769
C15FD34F
C1607EA3
C161296C
C161D3AF
C1627D71
C16326B7
C163CF86
C16477E2
C1651FD0
C165C753
C1666E71
C167152E
C167BB8B
C168618F
C169073B
C169AC94
C16A519D
BFEA6AA7
BFEB01C5
BFEB9E8D
BFEC4134
BFECE9F2
BFED9903
BFEE4EA2
BFEF0B0E
BFEFCE89
BFF09956
BFF16BBC
BFF24602
BFF32876
BFF41364
BFF5071F
BFF603FB
BFF70A50
BFF81A78
BFF934D2
BFFA59C0
BFFB89A7
BFFCC4F0
BFFE0C08
BFFF5F61
C0005FB8
C0011657
C001D3CD
C002985B
C0036445
C00437D0
C0051346
C005F6F0
C006E31D
C007D81D
C008D643
C009DDE4
C00AEF58
C00C0AFC
C00D312D
C00E624C
C00F9EBC
C010E6E5
C0123B2F
C0139C07
C01509DB
C016851E
C0180E43
C019A5C0
C01B4C0F
C01D01AA
C01EC70E
C0209CB9
C022832B
C0247AE5
C0268468
C028A035
C02ACECD
C02D10B2
C02F6663
C031D05D
C0344F1B
C036E315
C0398CBF
C03C4C88
C03F22D9
C0421018
C045149F
C04830C4
C04B64D2
C04EB10B
C05215A8
C05592D4
C05928B1
C05CD752
C0609EBE
C0647EEF
C06877D0
C06C893E
C070B307
C074F4EB
C0794E9C
C07DBFBC
C08123F0
C0837349
C085CDA6
C08832BF
C08AA245
C08D1BE6
C08F9F49
C0922C12
C094C1E2
C0976056
C09A0709
C09CB594
C09F6B8E
C0A2288D
C0A4EC29
C0A7B5F7
C0AA858E
C0AD5A86
C0B03477
C0B312FD
C0B5F5B4
C0B8DC39
C0BBC62F
C0BEB337
C0C1A2F8
C0C4951A
C0C78947
C0CA7F2F
C0CD767F
C0D06EED
C0D3682C
C0D661F6
C0D95C05
C0DC5616
C0DF4FE8
C0E2493C
C0E541D7
C0E8397D
C0EB2FF7
C0EE250D
C0F1188B
C0F40A3C
C0F6F9EF
C0F9E774
C0FCD29A
C0FFBB33
C101508A
C102C208
C10431FD
C105A056
C1070CFD
C10877DF
C109E0E9
C10B4806
C10CAD25
C10E1033
C10F711F
C110CFD7
C1122C4B
C113866A
C114DE25
C116336C
C1178631
C118D665
C11A23FB
C11B6EE6
C11CB71A
C11DFC8B
C11F3F2F
C1207EFB
C121BBE7
C122F5E9
C1242CFA
C1256114
C1269230
C127C049
C128EB5C
C12A1365
C12B3861
C12C5A50
C12D7931
C12E9505
C12FADCD
C130C38B
C131D643
C132E5F9
C133F2B2
C134FC74
C1360345
C137072D
C1380834
C1390662
C13A01C2
C13AFA5D
C13BF03F
C13CE372
C13DD401
C13EC1FA
C13FAD69
C140965A
C1417CDB
C14260FA
C14342C3
C1442245
C144FF8E
C145DAAC
C146B3AD
C1478A9E
C1485F90
C149328E
C14A03A8
C14AD2EC
C14BA066
C14C6C25
C14D3637
C14DFEA8
C14EC586
C14F8ADD
C1504EBB
C151112B
C151D23A
C15291F3
C1535063
C1540D94
C154C991
C1558466
C1563E1C
C156F6BE
C157AE56
C15864ED
C1591A8D
C159CF3E
C15A830A
C15B35F8
C15BE812
C15C995E
C15D49E5
C15DF9AE
C15EA8C0
C15F5722
C16004DB
C160B1F1
C1615E6A
C1620A4D
C162B59E
C1636065
C1640AA5
C164B464
C1655DA8
C1660674
C166AECD
C16756B9
C167FE3B
C168A557
C1694C11
C169F26D
C16A986E
C16B3E19
C16BE370
BFEF3D7B
BFEFD4B2
BFF07193
BFF11454
BFF1BD2F
BFF26C5C
BFF32219
BFF3DEA4
BFF4A23F
BFF56D2E
BFF63FB6
BFF71A21
BFF7FCBA
BFF8E7CF
BFF9DBB3
BFFAD8B9
BFFBDF3A
BFFCEF8F
BFFE0A19
BFFF2F38
C0002FA9
C000CD68
C0017110
C0021AD9
C002CAFF
C00381BD
C0043F53
C0050403
C005D00F
C006A3BF
C0077F5A
C008632B
C0094F81
C00A44AB
C00B42FD
C00C4ACC
C00D5C70
C00E7846
C00F9EAA
C010CFFE
C0120CA6
C0135509
C014A98F
C0160AA5
C01778BB
C018F441
C01A7DAC
C01C1572
C01DBC0D
C01F71F7
C02137AE
C0230DAE
C024F479
C026EC90
C028F672
C02B12A3
C02D41A4
C02F83F5
C031DA17
C0344485
C036C3BD
C0395836
C03C0263
C03EC2B5
C0419996
C0448769
C0478C8A
C04AA950
C04DDE05
C0512AED
C054903E
C0580E27
C05BA4C8
C05F5435
C0631C76
C066FD84
C06AF74B
C06F09A8
C073346A
C0777751
C07BD20F
C0802224
C08266C9
C084B6BA
C08711B6
C0897773
C08BE7A5
C08E61F8
C090E615
C09373A0
C0960A39
C098A97F
C09B510C
C09E007A
C0A0B760
C0A37556
C0A639F1
C0A904CA
C0ABD576
C0AEAB8E
C0B186AB
C0B46669
C0B74A64
C0BA323B
C0BD1D90
C0C00C05
C0C2FD41
C0C5F0ED
C0C8E6B5
C0CBDE46
C0CED751
C0D1D18A
C0D4CCA7
C0D7C860
C0DAC471
C0DDC097
C0E0BC93
C0E3B826
C0E6B313
C0E9AD23
C0ECA61C
C0EF9DC8
C0F293F3
C0F58869
C0F87AFA
C0FB6B75
C0FE59AB
C100A2B7
C1021749
C1038A76
C104FC28
C1066C4C
C107DACB
C1094793
C10AB290
C10C1BAF
C10D82DE
C10EE80A
C1104B21
C111AC12
C1130ACD
C1146741
C115C15D
C1171912
C1186E52
C119C10E
C11B1137
C11C5EC1
C11DA99E
C11EF1C4
C1203725
C12179B9
C122B974
C123F64E
C125303E
C126673D
C1279B44
C128CC4D
C129FA53
C12B2553
C12C4D48
C12D7231
C12E940D
C12FB2DB
C130CE9C
C131E751
C132FCFD
C1340FA2
C1351F46
C1362BED
C137359D
C1383C5D
C1394033
C13A4129
C13B3F47
C13C3A97
C13D3323
C13E28F5
C13F1C18
C1400C99
C140FA84
C141E5E4
C142CEC8
C143B53C
C144994D
C1457B0A
C1465A80
C14737BD
C14812CF
C148EBC5
C149C2AC
C14A9792
C14B6A87
C14C3B97
C14D0AD0
C14DD842
C14EA3F8
C14F6E01
C150366A
C150FD3F
C151C28F
C1528665
C15348CE
C15409D6
C154C988
C15587F1
C156451C
C1570113
C157BBE2
C1587592
C1592E2F
C159E5C2
C15A9C54
C15B51EE
C15C069B
C15CBA62
C15D6D4C
C15E1F61
C15ED0AA
C15F812D
C16030F2
C160E000
C1618E5F
C1623C15
C162E927
C163959D
C164417D
C164ECCC
C165978F
C16641CD
C166EB8A
C16794CB
C1683D94
C168E5EC
C1698DD5
C16A3555
C16ADC6F
C16B8327
C16C2981
C16CCF81
C16D752A
BFF41127
BFF4A875
BFF5456F
BFF5E84A
BFF6913F
BFF74088
BFF7F662
BFF8B30B
BFF976C5
BFFA41D4
BFFB147E
BFFBEF0B
BFFCD1C8
BFFDBD04
BFFEB10E
BFFFAE3D
C0005A74
C000E2B5
C0017010
C00202B8
C0029ADD
C00338B6
C003DC79
C004865E
C00536A0
C005ED7C
C006AB32
C0077001
C0083C30
C0091002
C009EBC1
C00ACFB9
C00BBC36
C00CB189
C00DB005
C00EB800
C00FC9D2
C010E5D7
C0120C6D
C0133DF5
C0147AD2
C015C36C
C017182D
C018797F
C019E7D3
C01B639B
C01CED49
C01E8556
C0202C3A
C021E271
C023A876
C0257EC9
C02765EA
C0295E59
C02B6898
C02D852A
C02FB48F
C031F748
C0344DD6
C036B8B6
C0393863
C03BCD55
C03E7802
C04138D8
C0441042
C046FEA3
C04A045A
C04D21BA
C0505710
C053A49F
C0570A9F
C05A893D
C05E209B
C061D0CC
C06599D9
C0697BBC
C06D7660
C07189A4
C075B556
C079F937
C07E54F9
C0816420
C083A951
C085F9D5
C0885569
C08ABBC5
C08D2C9C
C08FA79B
C0922C6B
C094BAB0
C097520B
C099F21B
C09C9A7A
C09F4AC2
C0A2028C
C0A4C16E
C0A78700
C0AA52D8
C0AD248F
C0AFFBBD
C0B2D7FB
C0B5B8E5
C0B89E18
C0BB8734
C0BE73DB
C0C163AF
C0C45659
C0C74B81
C0CA42D3
C0CD3BFE
C0D036B3
C0D332A7
C0D62F90
C0D92D27
C0DC2B28
C0DF2951
C0E22762
C0E5251F
C0E8224C
C0EB1EAF
C0EE1A11
C0F1143D
C0F40CFE
C0F70422
C0F9F979
C0FCECD2
C0FFDDFF
C1016669
C102DC90
C104515F
C105C4C1
C10736A1
C108A6EB
C10A158B
C10B826E
C10CED81
C10E56B2
C10FBDEE
C1112323
C1128640
C113E734
C11545EF
C116A25F
C117FC77
C1195425
C11AA95C
C11BFC0D
C11D4C2A
C11E99A6
C11FE476
C1212C8C
C12271DD
C123B460
C124F40A
C12630D2
C1276AB0
C128A19C
C129D590
C12B0686
C12C3479
C12D5F65
C12E8748
C12FAC1E
C130CDE7
C131ECA2
C1330850
C13420F2
C135368C
C136491F
C13758B1
C1386547
C1396EE5
C13A7594
C13B795A
C13C7A40
C13D784E
C13E738E
C13F6C0A
C14061CD
C14154E2
C1424555
C1433331
C1441E84
C145075B
C145EDC2
C146D1C7
C147B377
C14892E1
C1497013
C14A4B1A
C14B2404
C14BFAE1
C14CCFBD
C14DA2A8
C14E73AE
C14F42DF
C1501047
C150DBF4
C151A5F5
C1526E56
C1533523
C153FA6B
C154BE3A
C155809C
C156419D
C1570149
C157BFAB
C1587CD0
C15938C1
C159F38A
C15AAD36
C15B65CD
C15C1D5A
C15CD3E7
C15D897E
C15E3E26
C15EF1E8
C15FA4CE
C16056DF
C1610824
C161B8A3
C1626865
C1631770
C163C5CB
C164737D
C165208D
C165CD00
C16678DD
C1672429
C167CEEA
C1687925
C16922DF
C169CC1E
C16A74E5
C16B1D3B
C16BC522
C16C6CA0
C16D13B8
C16DBA6E
C16E60C6
C16F06C4
BFF8E5A3
BFF97D09
BFFA1A1A
BFFABD0E
BFFB661C
BFFC1580
BFFCCB75
BFFD883B
BFFE4C13
BFFF1741
BFFFEA0B
C000625D
C000D3CD
C001497D
C001C395
C0024240
C002C5AA
C0034E00
C003DB72
C0046E30
C005066D
C005A45F
C006483B
C006F23B
C007A299
C0085992
C0091765
C009DC54
C00AA8A3
C00B7C97
C00C5879
C00D3C95
C00E2938
C00F1EB2
C0101D57
C011257D
C012377B
C01353AE
C0147A74
C015AC2D
C016E93E
C018320E
C0198706
C01AE893
C01C5723
C01DD329
C01F5D19
C020F56A
C0229C95
C0245314
C0261966
C027F008
C029D77B
C02BD040
C02DDAD9
C02FF7C7
C032278D
C0346AAA
C036C1A0
C0392CED
C03BAD0B
C03E4273
C040ED9A
C043AEEF
C04686DD
C04975C8
C04C7C0E
C04F9A03
C052CFF4
C0561E24
C05984CC
C05D0419
C0609C2C
C0644D1A
C06816EC
C06BF99C
C06FF515
C0740937
C07835CF
C07C7AA0
C0806BAE
C082A5D4
C084EB8D
C0873C9D
C08998C4
C08BFFB9
C08E712E
C090ECD3
C093724F
C0960147
C098995D
C09B3A2E
C09DE357
C0A09472
C0A34D16
C0A60CDC
C0A8D35B
C0ABA02A
C0AE72E2
C0B14B1A
C0B4286E
C0B70A79
C0B9F0D9
C0BCDB2E
C0BFC919
C0C2BA40
C0C5AE4A
C0C8A4DF
C0CB9DAE
C0CE9864
C0D194B4
C0D49252
C0D790F6
C0DA9059
C0DD9038
C0E09052
C0E39066
C0E69039
C0E98F90
C0EC8E32
C0EF8BE9
C0F2887E
C0F583C0
C0F87D7B
C0FB757F
C0FE6B9E
C100AFD5
C10228BA
C103A06A
C10516CE
C1068BD2
C107FF62
C1097169
C10AE1D4
C10C508F
C10DBD89
C10F28AD
C11091EB
C111F930
C1135E6C
C114C18C
C1162280
C1178138
C118DDA3
C11A37B4
C11B8F59
C11CE485
C11E372B
C11F873B
C120D4A9
C1221F69
C123676F
C124ACB0
C125EF22
C1272EBA
C1286B70
C129A53B
C12ADC15
C12C0FF6
C12D40D9
C12E6EB9
C12F9992
C130C162
C131E625
C13307DB
C1342683
C135421F
C1365AAF
C1377037
C13882B9
C1399239
C13A9EBD
C13BA84B
C13CAEE9
C13DB29F
C13EB375
C13FB173
C140ACA4
C141A512
C1429AC6
C1438DCD
C1447E32
C1456C01
C1465747
C1474010
C148266B
C1490A63
C149EC08
C14ACB67
C14BA88D
C14C8389
C14D5C69
C14E333C
C14F080E
C14FDAEF
C150ABEC
C1517B14
C1524873
C1531419
C153DE11
C154A66A
C1556D30
C1563271
C156F639
C157B893
C158798E
C1593934
C159F790
C15AB4AF
C15B709A
C15C2B5E
C15CE504
C15D9D96
C15E551F
C15F0BA7
C15FC139
C16075DC
C161299B
C161DC7D
C1628E8A
C1633FCB
C163F046
C164A004
C1654F0C
C165FD64
C166AB13
C1675820
C1680490
C168B06A
C1695BB4
C16A0672
C16AB0AB
C16B5A63
C16C039F
C16CAC65
C16D54B8
C16DFC9D
C16EA419
C16F4B2F
C16FF1E3
C170983A
BFFDBAE8
BFFE5263
BFFEEF8C
BFFF9297
C0001DDF
C000759E
C000D0A6
C0012F17
C0019111
C001F6B7
C002602C
C002CD94
C0033F14
C003B4D6
C0042F00
C004ADBE
C005313C
C005B9A6
C006472D
C006DA01
C0077255
C008105E
C008B453
C0095E6D
C00A0EE6
C00AC5FA
C00B83EB
C00C48F8
C00D1566
C00DE97A
C00EC57E
C00FA9BD
C0109684
C0118C25
C0128AF1
C0139340
C014A569
C015C1C8
C016E8BB
C0181AA5
C01957E8
C01AA0EB
C01BF619
C01D57DD
C01EC6A8
C02042EA
C021CD19
C02365AB
C0250D1A
C026C3E0
C0288A7B
C02A616A
C02C492D
C02E4244
C0304D33
C0326A7A
C0349A9D
C036DE1B
C0393576
C03BA12B
C03E21B5
C040B78F
C043632B
C04624FB
C048FD68
C04BECD8
C04EF3A8
C052122C
C05548B2
C058977E
C05BFEC7
C05F7EBC
C063177E
C066C922
C06A93B2
C06E7726
C072736D
C0768863
C07AB5DA
C07EFB92
C081AC9F
C083E742
C0862D7D
C0887F15
C08ADBC9
C08D4351
C08FB55F
C09231A3
C094B7C4
C0974769
C099E032
C09C81BF
C09F2BAA
C0A1DD8F
C0A49706
C0A757A7
C0AA1F0A
C0ACECC6
C0AFC074
C0B299AE
C0B5780D
C0B85B2E
C0BB42B0
C0BE2E31
C0C11D56
C0C40FC2
C0C7051E
C0C9FD14
C0CCF750
C0CFF383
C0D2F15E
C0D5F098
C0D8F0E7
C0DBF205
C0DEF3B1
C0E1F5A9
C0E4F7AE
C0E7F985
C0EAFAF2
C0EDFBBF
C0F0FBB5
C0F3FA9F
C0F6F84A
C0F9F486
C0FCEF22
C0FFE7EF
C1016F60
C102E9B5
C10462E1
C105DACE
C1075167
C108C699
C10A3A50
C10BAC78
C10D1CFF
C10E8BD1
C10FF8DC
C111640E
C112CD56
C11434A1
C11599DF
C116FCFF
C1185DF1
C119BCA4
C11B1909
C11C7311
C11DCAAC
C11F1FCC
C1207265
C121C267
C1230FC6
C1245A76
C125A26C
C126E79C
C12829FC
C1296982
C12AA625
C12BDFDE
C12D16A5
C12E4A73
C12F7B44
C130A911
C131D3D7
C132FB94
C1342045
C13541E8
C136607E
C1377C08
C1389486
C139A9FC
C13ABC6D
C13BCBDC
C13CD850
C13DE1CD
C13EE85B
C13FEC01
C140ECC7
C141EAB7
C142E5D9
C143DE38
C144D3DE
C145C6D7
C146B72E
C147A4F0
C1489029
C14978E7
C14A5F35
C14B4322
C14C24BB
C14D040F
C14DE12A
C14EBC1C
C14F94F2
C1506BBA
C1514084
C152135B
C152E450
C153B36E
C15480C6
C1554C63
C1561653
C156DEA5
C157A564
C1586A9D
C1592E5E
C159F0B3
C15AB1A7
C15B7146
C15C2F9D
C15CECB6
C15DA89C
C15E635A
C15F1CFB
C15FD588
C1608D0C
C1614390
C161F91D
C162ADBD
C1636177
C1641455
C164C65F
C165779C
C1662814
C166D7CF
C16786D3
C1683528
C168E2D4
C1698FDE
C16A3C4C
C16AE823
C16B936A
C16C3E26
C16CE85C
C16D9212
C16E3B4C
C16EE410
C16F8C61
C1703444
C170DBBE
C17182D2
C1722985
C0014877
C001943F
C001E2DE
C0023470
C002890F
C002E0DA
C0033BEF
C0039A6D
C003FC76
C004622A
C004CBAE
C0053925
C005AAB6
C0062088
C0069AC4
C0071994
C0079D25
C00825A3
C008B33E
C0094627
C009DE92
C00A7CB2
C00B20BF
C00BCAF1
C00C7B84
C00D32B3
C00DF0BF
C00EB5E9
C00F8275
C01056A9
C01132CE
C012172E
C0130419
C013F9DE
C014F8D0
C0160146
C0171398
C0183022
C0195742
C01A8959
C01BC6CC
C01D1001
C01E6563
C01FC75D
C0213660
C022B2DC
C0243D48
C025D619
C0277DC9
C02934D3
C02AFBB5
C02CD2ED
C02EBAFC
C030B464
C032BFA5
C034DD42
C0370DBE
C039519A
C03BA955
C03E156F
C0409662
C0432CA9
C045D8B6
C0489AFC
C04B73E4
C04E63D3
C0516B27
C0548A36
C057C14C
C05B10AD
C05E7892
C061F928
C0659292
C06944E6
C06D102C
C070F45E
C074F16A
C079072E
C07D357A
C080BE08
C082ED52
C085286E
C0876F26
C089C141
C08C1E7C
C08E8691
C090F933
C093760F
C095FCD0
C0988D1B
C09B2691
C09DC8D0
C0A07377
C0A3261E
C0A5E060
C0A8A1D4
C0AB6A12
C0AE38B3
C0B10D4E
C0B3E77F
C0B6C6E0
C0B9AB0C
C0BC93A4
C0BF8047
C0C27099
C0C5643F
C0C85AE1
C0CB5429
C0CE4FC6
C0D14D67
C0D44CBF
C0D74D84
C0DA4F6F
C0DD5239
C0E055A0
C0E35965
C0E65D49
C0E96111
C0EC6482
C0EF6766
C0F26987
C0F56AB1
C0F86AB1
C0FB6957
C0FE6674
C100B0EC
C1022DAD
C103A965
C1052400
C1069D69
C108158B
C1098C53
C10B01AC
C10C7584
C10DE7C8
C10F5865
C110C749
C1123462
C1139F9E
C11508EC
C116703A
C117D579
C1193897
C11A9984
C11BF830
C11D548D
C11EAE8A
C120061A
C1215B2E
C122ADB8
C123FDAB
C1254AFB
C126959B
C127DD7F
C129229E
C12A64EC
C12BA460
C12CE0F1
C12E1A97
C12F514B
C1308507
C131B5C4
C132E37F
C1340E33
C13535DD
C1365A7B
C1377C0D
C1389A91
C139B609
C13ACE76
C13BE3DA
C13CF63A
C13E0599
C13F11FC
C1401B69
C14121E8
C142257E
C1432636
C1442416
C1451F2A
C146177B
C1470D13
C147FFFF
C148F049
C149DDFE
C14AC92B
C14BB1DC
C14C981F
C14D7C01
C14E5D8F
C14F3CD8
C15019E9
C150F4D0
C151CD9D
C152A45C
C153791B
C1544BEA
C1551CD6
C155EBEC
C156B93C
C15784D1
C1584EBA
C1591704
C159DDBC
C15AA2EF
C15B66A9
C15C28F7
C15CE9E5
C15DA97F
C15E67D0
C15F24E3
C15FE0C4
C1609B7D
C1615519
C1620DA2
C162C521
C1637BA1
C164312A
C164E5C5
C165997C
C1664C56
C166FE5C
C167AF95
C168600A
C1690FC2
C169BEC3
C16A6D15
C16B1ABF
C16BC7C6
C16C7431
C16D2005
C16DCB4A
C16E7603
C16F2037
C16FC9EB
C1707323
C1711BE4
C171C434
C1726C15
C173138D
C173BAA0
C003B3D7
C003FFA9
C0044E53
C0049FEF
C004F49A
C0054C71
C005A793
C006061E
C0066834
C006CDF6
C0073788
C007A50E
C00816AF
C0088C91
C00906DE
C00985C0
C00A0963
C00A91F4
C00B1FA2
C00BB2A0
C00C4B20
C00CE956
C00D8D7A
C00E37C4
C00EE870
C00F9FB9
C0105DE0
C0112326
C011EFCF
C012C421
C013A065
C01484E6
C01571F2
C01667DA
C01766F1
C0186F8D
C0198206
C01A9EB9
C01BC604
C01CF848
C01E35E9
C01F7F4E
C020D4E2
C0223710
C023A648
C02522FD
C026ADA3
C02846B0
C029EE9F
C02BA5EB
C02D6D11
C02F4490
C0312CE9
C033269D
C035322E
C037501E
C03980F1
C03BC526
C03E1D3E
C04089B9
C0430B11
C045A1C0
C0484E3B
C04B10F2
C04DEA51
C050DABB
C053E28F
C0570222
C05A39C2
C05D89B3
C060F22D
C0647360
C0680D6C
C06BC068
C06F8C5D
C0737146
C0776F10
C07B8599
C07FB4B3
C081FE10
C0842DC9
C0866958
C088B08A
C08B0322
C08D60E0
C08FC97D
C0923CAC
C094BA1C
C0974176
C099D260
C09C6C7C
C09F0F69
C0A1BAC3
C0A46E25
C0A7292A
C0A9EB68
C0ACB47A
C0AF83F6
C0B25976
C0B53495
C0B814ED
C0BAFA1B
C0BDE3BF
C0C0D178
C0C3C2EC
C0C6B7BF
C0C9AF9B
C0CCAA2A
C0CFA71A
C0D2A61B
C0D5A6E2
C0D8A924
C0DBAC9B
C0DEB101
C0E1B614
C0E4BB95
C0E7C146
C0EAC6ED
C0EDCC50
C0F0D138
C0F3D570
C0F6D8C5
C0F9DB06
C0FCDC01
C0FFDB88
C1016CB7
C102EAC3
C10467D3
C105E3D2
C1075EAA
C108D849
C10A5099
C10BC789
C10D3D04
C10EB0F8
C1102352
C1119402
C11302F3
C1147016
C115DB58
C11744A9
C118ABF8
C11A1135
C11B744E
C11CD535
C11E33D9
C11F902B
C120EA1D
C12241A0
C12396A7
C124E922
C1263906
C1278645
C128D0D4
C12A18A7
C12B5DB4
C12C9FF0
C12DDF52
C12F1BD0
C1305564
C1318C06
C132BFAF
C133F05A
C1351E02
C13648A3
C137703B
C13894C7
C139B647
C13AD4BA
C13BF020
C13D087C
C13E1DD0
C13F301F
C1403F6D
C1414BC1
C142551E
C1435B8D
C1445F15
C1455FBE
C1465D90
C1475896
C14850D9
C1494664
C14A3943
C14B2980
C14C1729
C14D024A
C14DEAF0
C14ED127
C14FB4FE
C1509681
C15175C0
C15252C7
C1532DA5
C1540667
C154DD1D
C155B1D4
C156849A
C157557E
C158248C
C158F1D4
C159BD61
C15A8743
C15B4F86
C15C1637
C15CDB64
C15D9F18
C15E6160
C15F2248
C15FE1DC
C160A027
C1615D35
C1621911
C162D3C5
C1638D5D
C16445E1
C164FD5C
C165B3D7
C166695C
C1671DF3
C167D1A6
C168847D
C169367F
C169E7B5
C16A9827
C16B47DC
C16BF6DA
C16CA529
C16D52D0
C16DFFD4
C16EAC3D
C16F580F
C1700351
C170AE08
C171583A
C17201EC
C172AB22
C17353E1
C173FC2F
C174A40E
C1754B85
C0061F90
C0066B6D
C006BA21
C0070BC8
C007607E
C007B860
C008138D
C0087225
C008D448
C0093A17
C009A3B7
C00A114C
C00A82FC
C00AF8EE
C00B734B
C00BF23E
C00C75F2
C00CFE95
C00D8C57
C00E1F68
C00EB7FD
C00F5648
C00FFA82
C010A4E3
C01155A7
C0120D09
C012CB4A
C01390AB
C0145D6F
C01531DE
C0160E40
C016F2E1
C017E00E
C018D618
C019D552
C01ADE12
C01BF0B2
C01D0D8D
C01E3500
C01F676F
C020A53C
C021EED0
C0234493
C024A6F4
C0261660
C027934B
C0291E29
C02AB771
C02C5F9C
C02E1727
C02FDE8F
C031B652
C0339EF2
C03598F0
C037A4CE
C039C30E
C03BF433
C03E38BE
C0409131
C042FE09
C0457FC2
C04816D6
C04AC3BA
C04D86DE
C05060AE
C053518F
C05659DE
C05979F1
C05CB216
C0600292
C0636B9C
C066ED64
C06A880C
C06E3BAB
C0720849
C075EDE1
C079EC61
C07E03A9
C08119C5
C0833DE2
C0856E06
C087AA05
C089F1AA
C08C44BB
C08EA2F7
C0910C17
C0937FCE
C095FDCC
C09885B9
C09B173D
C09DB1F8
C0A0558B
C0A30193
C0A5B5A9
C0A87169
C0AB346B
C0ADFE47
C0B0CE97
C0B3A4F3
C0B680F6
C0B9623C
C0BC4862
C0BF3307
C0C221CD
C0C51458
C0C80A4D
C0CB0357
C0CDFF1F
C0D0FD56
C0D3FDAB
C0D6FFD3
C0DA0384
C0DD0878
C0E00E6A
C0E31519
C0E61C46
C0E923B4
C0EC2B28
C0EF326A
C0F23944
C0F53F81
C0F844EE
C0FB495A
C0FE4C95
C100A739
C1022762
C103A6AF
C105250B
C106A261
C1081E9D
C10999AC
C10B1378
C10C8BF1
C10E0302
C10F7899
C110ECA4
C1125F11
C113CFCE
C1153EC9
C116ABF3
C1181739
C119808A
C11AE7D7
C11C4D0F
C11DB022
C11F1100
C1206F9B
C121CBE2
C12325C8
C1247D3D
C125D234
C12724A1
C1287474
C129C1A3
C12B0C21
C12C53E2
C12D98DD
C12EDB07
C1301A56
C13156C2
C1329043
C133C6D2
C134FA69
C1362B02
C1375897
C1388327
C139AAAD
C13ACF27
C13BF095
C13D0EF7
C13E2A4C
C13F4297
C14057DB
C1416A1A
C1427958
C143859C
C1448EEB
C145954B
C14698C4
C147995E
C1489723
C149921B
C14A8A51
C14B7FCF
C14C72A1
C14D62D3
C14E5070
C14F3B85
C150241F
C1510A4C
C151EE18
C152CF91
C153AEC5
C1548BC3
C1556697
C1563F51
C15715FE
C157EAAC
C158BD6A
C1598E45
C15A5D4C
C15B2A8C
C15BF613
C15CBFED
C15D882A
C15E4ED4
C15F13FA
C15FD7A8
C16099EA
C1615ACD
C1621A5B
C162D8A1
C16395AA
C1645181
C1650C31
C165C5C3
C1667E43
C16735BA
C167EC31
C168A1B2
C1695646
C16A09F5
C16ABCC8
C16B6EC7
C16C1FFA
C16CD069
C16D801A
C16E2F16
C16EDD62
C16F8B06
C1703808
C170E46E
C171903E
C1723B7E
C172E633
C1739063
C1743A12
C174E346
C1758C04
C1763450
C176DC2E
C0088BA0
C008D786
C0092644
C00977F5
C009CCB6
C00A24A3
C00A7FDC
C00ADE7F
C00B40AF
C00BA68B
C00C1039
C00C7DDC
C00CEF9A
C00D659B
C00DE008
C00E5F0A
C00EE2CF
C00F6B84
C00FF959
C0108C7D
C0112525
C011C385
C01267D5
C013124C
C013C326
C0147AA0
C01538FA
C015FE75
C016CB54
C0179FDF
C0187C5F
C019611D
C01A4E6A
C01B4494
C01C43F0
C01D4CD4
C01E5F98
C01F7C99
C020A434
C021D6CC
C02314C4
C0245E84
C025B476
C0271706
C02886A5
C02A03C4
C02B8ED8
C02D2858
C02ED0BE
C0308886
C032502D
C0342832
C0361116
C0380B5B
C03A1782
C03C360F
C03E6784
C040AC63
C043052C
C045725E
C047F475
C04A8BEA
C04D3933
C04FFCC1
C052D6FE
C055C850
C058D115
C05BF1A4
C05F2A49
C0627B4A
C065E4DF
C0696737
C06D0276
C070B6B0
C07483F0
C0786A32
C07C6962
C08040B0
C0825900
C0847D80
C086AE0C
C088EA76
C08B328A
C08D8610
C08FE4C4
C0924E62
C094C29C
C0974122
C099C99E
C09C5BB5
C09EF70A
C0A19B3D
C0A447EB
C0A6FCAF
C0A9B923
C0AC7CE0
C0AF477F
C0B2189A
C0B4EFCA
C0B7CCA9
C0BAAED4
C0BD95E8
C0C08185
C0C3714D
C0C664E5
C0C95BF1
C0CC561D
C0CF5314
C0D25284
C0D55420
C0D8579C
C0DB5CAE
C0DE6311
C0E16A81
C0E472BD
C0E77B86
C0EA84A0
C0ED8DD1
C0F096E1
C0F39F9B
C0F6A7C9
C0F9AF3B
C0FCB5BF
C0FFBB27
C1015FA2
C102E0F6
C1046178
C105E115
C1075FB8
C108DD4C
C10A59BE
C10BD4FB
C10D4EF0
C10EC78A
C1103EB7
C111B465
C1132882
C1149AFD
C1160BC5
C1177AC7
C118E7F4
C11A533B
C11BBC8A
C11D23D3
C11E8905
C11FEC10
C1214CE4
C122AB73
C12407AE
C1256186
C126B8ED
C1280DD5
C1296031
C12AAFF4
C12BFD12
C12D477E
C12E8F2E
C12FD417
C131162E
C132556B
C13391C5
C134CB34
C13601B0
C1373535
C13865BB
C139933F
C13ABDBC
C13BE531
C13D099A
C13E2AF7
C13F4947
C140648C
C1417CC7
C14291FA
C143A429
C144B359
C145BF8D
C146C8CD
C147CF1F
C148D28A
C149D316
C14AD0CD
C14BCBB8
C14CC3E1
C14DB953
C14EAC19
C14F9C3F
C15089D0
C15174DA
C1525D6A
C153438C
C154274D
C15508BD
C155E7E7
C156C4DB
C1579FA7
C1587857
C1594EFC
C15A23A2
C15AF658
C15BC72B
C15C962B
C15D6363
C15E2EE3
C15EF8B7
C15FC0EC
C1608791
C1614CB1
C1621059
C162D295
C1639372
C16452FB
C165113C
C165CE41
C1668A13
C16744BE
C167FE4C
C168B6C8
C1696E3A
C16A24AE
C16ADA2B
C16B8EBB
C16C4267
C16CF536
C16DA732
C16E5862
C16F08CE
C16FB87C
C1706775
C17115BF
C171C360
C1727060
C1731CC3
C173C891
C17473CF
C1751E82
C175C8AF
C176725D
C1771B8F
C177C44B
C1786C95
C00AF803
C00B43F2
C00B92B9
C00BE474
C00C393F
C00C9137
C00CEC7B
C00D4B2A
C00DAD65
C00E134E
C00E7D09
C00EEAB9
C00F5C85
C00FD295
C0104D11
C010CC23
C0114FF9
C011D8BF
C01266A4
C012F9DB
C0139296
C014310A
C014D56E
C0157FFB
C01630EB
C016E87C
C017A6EE
C0186C82
C019397B
C01A0E21
C01AEABC
C01BCF98
C01CBD03
C01DB34D
C01EB2CA
C01FBBCF
C020CEB7
C021EBDC
C023139E
C024465D
C025847F
C026CE6A
C0282488
C0298747
C02AF715
C02C7466
C02DFFAE
C02F9965
C0314203
C032FA05
C034C1E9
C0369A2E
C0388354
C03A7DDD
C03C8A4C
C03EA923
C040DAE5
C0432013
C045792F
C047E6B8
C04A6929
C04D00FC
C04FAEA6
C0527299
C0554D40
C0583EFF
C05B4837
C05E693C
C061A25D
C064F3DD
C0685DF8
C06BE0DB
C06F7CAA
C073317B
C076FF57
C07AE63B
C07EE615
C0817F62
C083980D
C085BCEC
C087EDDB
C08A2AAC
C08C732D
C08EC721
C091264B
C0939061
C096051A
C0988423
C09B0D27
C09D9FCC
C0A03BB5
C0A2E082
C0A58DCF
C0A8433A
C0AB005B
C0ADC4CD
C0B09028
C0B36207
C0B63A02
C0B917B5
C0BBFABC
C0BEE2B5
C0C1CF41
C0C4C001
C0C7B49A
C0CAACB4
C0CDA7F7
C0D0A610
C0D3A6AF
C0D6A985
C0D9AE48
C0DCB4AE
C0DFBC73
C0E2C552
C0E5CF0C
C0E8D962
C0EBE419
C0EEEEF6
C0F1F9C4
C0F5044B
C0F80E5A
C0FB17BE
C0FE2047
C10093E3
C1021708
C103997C
C1051B2A
C1069BFD
C1081BE0
C1099AC1
C10B188B
C10C952C
C10E1091
C10F8AA7
C111035E
C1127AA2
C113F063
C115648E
C116D713
C11847E2
C119B6E8
C11B2415
C11C8F5A
C11DF8A6
C11F5FE8
C120C512
C1222813
C12388DD
C124E760
C126438D
C1279D57
C128F4AF
C12A4987
C12B9BD2
C12CEB84
C12E3890
C12F82EB
C130CA89
C1320F5F
C1335165
C134908F
C135CCD7
C1370633
C1383C9E
C1397010
C13AA084
C13BCDF7
C13CF863
C13E1FC6
C13F441E
C140656A
C14183AA
C1429EDE
C143B709
C144CC2D
C145DE4D
C146ED6D
C147F993
C14902C4
C14A0908
C14B0C65
C14C0CE4
C14D0A8E
C14E056C
C14EFD89
C14FF2EF
C150E5A9
C151D5C3
C152C34A
C153AE49
C15496CD
C1557CE5
C156609D
C1574202
C1582124
C158FE0F
C159D8D1
C15AB17A
C15B8816
C15C5CB4
C15D2F62
C15E002E
C15ECF26
C15F9C58
C16067D1
C161319E
C161F9CD
C162C06C
C1638586
C1644928
C1650B5F
C165CC37
C1668BBB
C16749F7
C16806F6
C168C2C4
C1697D6B
C16A36F5
C16AEF6C
C16BA6DB
C16C5D4B
C16D12C4
C16DC751
C16E7AF9
C16F2DC6
C16FDFBF
C17090EB
C1714154
C171F100
C1729FF6
C1734E3D
C173FBDC
C174A8D9
C175553B
C1760106
C176AC42
C17756F3
C178011E
C178AACA
C17953FB
C179FCB5
C00D64B5
C00DB0AD
C00DFF7E
C00E5142
C00EA617
C00EFE1A
C00F5968
C00FB822
C0101A69
C010805E
C010EA25
C01157E2
C011C9BC
C0123FD9
C012BA64
C0133986
C013BD6B
C0144641
C014D437
C0156780
C016004D
C0169ED4
C017434C
C017EDED
C0189EF3
C019569B
C01A1523
C01ADACF
C01BA7E2
C01C7CA1
C01D5958
C01E3E4F
C01F2BD7
C020223F
C02121DC
C0222B02
C0233E0C
C0245B55
C025833B
C026B621
C027F46A
C0293E7E
C02A94C7
C02BF7B3
C02D67B0
C02EE531
C03070AB
C0320A96
C033B36A
C0356BA5
C03733C3
C0390C45
C03AF5AA
C03CF075
C03EFD28
C0411C47
C0434E53
C04593CF
C047ED3B
C04A5B16
C04CDDDE
C04F760B
C0522413
C054E868
C057C374
C05AB59D
C05DBF42
C060E0B9
C0641A51
C0676C4D
C06AD6E8
C06E5A51
C071F6AA
C075AC0C
C0797A7F
C07D6200
C080B13E
C082BDEA
C084D6ED
C086FC29
C0892D77
C08B6AAB
C08DB393
C09007F3
C092678C
C094D218
C0974749
C099C6D0
C09C5058
C09EE385
C0A17FFC
C0A4255D
C0A6D345
C0A98950
C0AC4718
C0AF0C38
C0B1D848
C0B4AAE2
C0B783A0
C0BA621F
C0BD45FA
C0C02ED0
C0C31C41
C0C60DF0
C0C90382
C0CBFC9D
C0CEF8ED
C0D1F81E
C0D4F9E0
C0D7FDE5
C0DB03E2
C0DE0B90
C0E114A8
C0E41EEA
C0E72A13
C0EA35E7
C0ED422B
C0F04EA5
C0F35B1F
C0F66764
C0F97341
C0FC7E86
C0FF8901
C1014943
C102CD74
C10450FF
C105D3CD
C10755CB
C108D6E4
C10A5706
C10BD61D
C10D5416
C10ED0DF
C1104C66
C111C699
C1133F66
C114B6BD
C1162C8C
C117A0C2
C119134E
C11A8420
C11BF327
C11D6053
C11ECB94
C12034DA
C1219C15
C1230135
C124642B
C125C4E9
C127235E
C1287F7D
C129D938
C12B3080
C12C8547
C12DD782
C12F2722
C130741D
C131BE66
C13305F1
C1344AB6
C1358CA9
C136CBC1
C13807F7
C1394141
C13A779A
C13BAAFA
C13CDB5D
C13E08BD
C13F3318
C1405A6A
C1417EB2
C1429FED
C143BE1D
C144D942
C145F15D
C1470672
C1481883
C1492794
C14A33AC
C14B3CCF
C14C4305
C14D4655
C14E46C7
C14F4464
C1503F36
C1513747
C1522CA1
C1531F4F
C1540F5F
C154FCDA
C155E7CF
C156D049
C157B657
C1589A05
C1597B62
C15A5A7A
C15B375C
C15C1216
C15CEAB6
C15DC14A
C15E95E1
C15F6887
C160394C
C161083D
C161D568
C162A0DB
C1636AA2
C16432CB
C164F964
C165BE78
C1668215
C1674446
C1680519
C168C498
C16982D0
C16A3FCB
C16AFB94
C16BB636
C16C6FBC
C16D2830
C16DDF9B
C16E9607
C16F4B7D
C1700006
C170B3AB
C1716675
C172186B
C172C995
C17379FB
C17429A4
C174D897
C17586DC
C1763479
C176E173
C1778DD3
C178399C
C178E4D5
C1798F85
C17A39AE
C17AE358
C17B8C87
C00FD1B5
C0101DB5
C0106C8F
C010BE5C
C011133B
C0116B47
C011C6A0
C0122565
C01287B7
C012EDB7
C013578A
C013C554
C014373B
C014AD66
C01527FE
C015A72E
C0162B22
C016B408
C017420F
C017D569
C0186E48
C0190CE1
C019B16C
C01A5C21
C01B0D3C
C01BC4F9
C01C8398
C01D495A
C01E1685
C01EEB5E
C01FC82E
C020AD41
C0219AE5
C022916A
C0239125
C0249A6B
C025AD95
C026CB00
C027F30A
C0292614
C02A6484
C02BAEC0
C02D0532
C02E6849
C02FD872
C0315622
C032E1CC
C0347BE9
C03624F2
C037DD63
C039A5BA
C03B7E76
C03D6818
C03F6323
C0417018
C0438F7B
C045C1CE
C0480794
C04A614E
C04CCF7A
C04F5295
C051EB19
C054997B
C0575E2D
C05A399B
C05D2C2A
C0603638
C063581D
C0669227
C069E49A
C06D4FB1
C070D39A
C074707A
C0782666
C07BF56A
C07FDD81
C081EF4D
C083FC4B
C08615A3
C0883B36
C08A6CE1
C08CAA75
C08EF3C0
C0914888
C093A88C
C0961388
C098892E
C09B092E
C09D9334
C0A026E5
C0A2C3E5
C0A569D4
C0A81850
C0AACEF5
C0AD8D5E
C0B05324
C0B31FE2
C0B5F331
C0B8CCAC
C0BBABEE
C0BE9095
C0C17A3F
C0C4688D
C0C75B21
C0CA51A1
C0CD4BB6
C0D04908
C0D34946
C0D64C20
C0D95148
C0DC5874
C0DF615C
C0E26BBD
C0E57752
C0E883DE
C0EB9122
C0EE9EE4
C0F1ACEC
C0F4BB03
C0F7C8F5
C0FAD68F
C0FDE3A2
C10077FF
C101FDBB
C10382EF
C1050786
C1068B6A
C1080E89
C10990CE
C10B1225
C10C927D
C10E11C3
C10F8FE4
C1110CD0
C1128873
C11402BE
C1157B9E
C116F303
C11868DD
C119DD1A
C11B4FAA
C11CC07D
C11E2F82
C11F9CAB
C12107E5
C1227123
C123D855
C1253D6A
C126A054
C1280104
C1295F6C
C12ABB7C
C12C1526
C12D6C5E
C12EC115
C130133E
C13162CD
C132AFB6
C133F9ED
C1354166
C1368619
C137C7FA
C1390700
C13A4323
C13B7C5C
C13CB2A3
C13DE5F1
C13F1643
C1404392
C1416DDC
C142951E
C143B955
C144DA80
C145F8A0
C14713B6
C1482BC2
C14940C7
C14A52CA
C14B61CD
C14C6DD7
C14D76EC
C14E7D15
C14F8058
C15080BD
C1517E4E
C1527914
C1537119
C1546668
C155590B
C1564910
C1573681
C158216B
C15909DC
C159EFE0
C15AD385
C15BB4D8
C15C93E8
C15D70C2
C15E4B74
C15F240C
C15FFA98
C160CF27
C161A1C7
C1627285
C163416F
C1640E93
C164D9FF
C165A3C1
C1666BE4
C1673277
C167F786
C168BB1D
C1697D4A
C16A3E18
C16AFD92
C16BBBC5
C16C78BC
C16D3481
C16DEF1F
C16EA8A1
C16F6111
C1701878
C170CEE1
C1718453
C17238D9
C172EC7B
C1739F42
C1745135
C175025C
C175B2BF
C1766266
C1771157
C177BF99
C1786D34
C1791A2C
C179C689
C17A7251
C17B1D88
C17BC836
C17C725E
C17D1C06
C0123EFF
C0128B07
C012D9E9
C0132BC0
C01380A7
C013D8BD
C0143420
C01492EF
C014F54C
C0155B57
C015C536
C016330C
C016A4FF
C0171B37
C01795DD
C018151B
C018991E
C0192213
C019B02A
C01A4393
C01ADC83
C01B7B2E
C01C1FCC
C01CCA94
C01D7BC2
C01E3394
C01EF248
C01FB821
C0208563
C0215A54
C022373D
C0231C6A
C0240A29
C02500CA
C02600A2
C0270A06
C0281D50
C0293ADC
C02A6308
C02B9636
C02CD4CA
C02E1F2D
C02F75C7
C030D907
C032495C
C033C738
C0355311
C036ED5E
C0389699
C03A4F3F
C03C17CC
C03DF0C0
C03FDA9E
C041D5E5
C043E31A
C04602BF
C0483557
C04A7B64
C04CD568
C04F43E1
C051C74D
C0546024
C0570EDD
C059D3EA
C05CAFB5
C05FA2A6
C062AD1A
C065CF69
C06909E1
C06C5CC6
C06FC854
C0734CB9
C076EA19
C07AA08C
C07E701B
C0812C62
C0832D3A
C0853A86
C087542F
C0897A18
C08BAC1A
C08DEA0A
C09033B5
C09288E0
C094E94D
C09754B4
C099CACA
C09C4B3F
C09ED5BE
C0A169EE
C0A40771
C0A6ADE9
C0A95CF4
C0AC142D
C0AED330
C0B19997
C0B466FC
C0B73AF9
C0BA1529
C0BCF527
C0BFDA92
C0C2C508
C0C5B42A
C0C8A79B
C0CB9F02
C0CE9A05
C0D19850
C0D49991
C0D79D78
C0DAA3B8
C0DDAC07
C0E0B61F
C0E3C1BA
C0E6CE97
C0E9DC77
C0ECEB1E
C0EFFA50
C0F309D6
C0F6197B
C0F9290A
C0FC3852
C0FF4723
C1012AA7
C102B153
C1043780
C105BD1A
C107420B
C108C640
C10A49A6
C10BCC29
C10D4DB7
C10ECE3E
C1104DAC
C111CBF0
C11348F8
C114C4B3
C1163F10
C117B7FF
C1192F6F
C11AA54F
C11C1991
C11D8C22
C11EFCF3
C1206BF5
C121D917
C123444B
C124AD7F
C12614A6
C12779AF
C128DC8C
C12A3D2E
C12B9B86
C12CF787
C12E5121
C12FA848
C130FCEE
C1324F06
C1339E83
C134EB5A
C136357F
C1377CE6
C138C187
C13A0356
C13B424A
C13C7E5B
C13DB782
C13EEDB8
C14020F5
C1415136
C1427E74
C143A8AE
C144CFDF
C145F406
C1471522
C1483332
C1494E38
C14A6636
C14B7B2D
C14C8D21
C14D9C16
C14EA812
C14FB11B
C150B737
C151BA6D
C152BAC6
C153B84B
C154B306
C155AAFF
C156A043
C15792DC
C15882D6
C159703D
C15A5B1E
C15B4385
C15C2980
C15D0D1C
C15DEE66
C15ECD6D
C15FAA3F
C16084E9
C1615D79
C16233FE
C1630886
C163DB1F
C164ABD6
C1657ABA
C16647D8
C167133E
C167DCF9
C168A517
C1696BA4
C16A30AE
C16AF440
C16BB668
C16C7731
C16D36A7
C16DF4D6
C16EB1C8
C16F6D89
C1702824
C170E1A2
C1719A0E
C1725172
C17307D7
C173BD46
C17471C9
C1752568
C175D82C
C1768A1C
C1773B41
C177EBA1
C1789B45
C1794A34
C179F874
C17AA60C
C17B5303
C17BFF5E
C17CAB23
C17D5659
C17E0104
C17EAB2B
C014AC90
C014F8A0
C015478A
C015996A
C015EE5A
C0164679
C016A1E5
C01700BF
C0176325
C017C93C
C0183325
C018A107
C0191306
C019894A
C01A03FD
C01A8349
C01B075A
C01B905E
C01C1E84
C01CB1FD
C01D4AFD
C01DE9BA
C01E8E68
C01F3943
C01FEA84
C020A26A
C0216133
C0222722
C022F47A
C023C982
C024A683
C0258BC9
C02679A2
C027705E
C0287052
C02979D4
C02A8D3C
C02BAAE8
C02CD334
C02E0684
C02F453C
C0308FC3
C031E684
C03349EC
C034BA6A
C0363872
C037C477
C0395EF3
C03B085F
C03CC136
C03E89F8
C0406323
C0424D39
C04448BB
C046562D
C0487612
C04AA8EC
C04CEF3E
C04F4989
C051B84D
C0543C05
C056D52D
C059843A
C05C499E
C05F25C4
C0621912
C06523E8
C068469D
C06B817E
C06ED4D2
C07240D2
C075C5AE
C079638B
C07D1A7E
C080754A
C08269E4
C0846B04
C086789C
C0889294
C08AB8CE
C08CEB26
C08F296E
C0917375
C093C900
C09629D0
C098959F
C09B0C21
C09D8D06
C0A017FA
C0A2ACA3
C0A54AA5
C0A7F1A1
C0AAA134
C0AD58FC
C0B01894
C0B2DF95
C0B5AD9B
C0B8823F
C0BB5D1D
C0BE3DD1
C0C123F8
C0C40F32
C0C6FF20
C0C9F366
C0CCEBA9
C0CFE792
C0D2E6CD
C0D5E907
C0D8EDF1
C0DBF53E
C0DEFEA6
C0E209E1
C0E516AB
C0E824C3
C0EB33EB
C0EE43E7
C0F1547B
C0F46572
C0F77695
C0FA87B2
C0FD9898
C100548B
C101DC7F
C1036413
C104EB31
C10671C4
C107F7B8
C1097CFA
C10B0176
C10C851A
C10E07D4
C10F8991
C1110A41
C11289D1
C1140832
C1158551
C117011F
C1187B8B
C119F485
C11B6BFC
C11CE1E0
C11E5623
C11FC8B3
C1213980
C122A87C
C1241597
C12580C1
C126E9EB
C1285106
C129B602
C12B18D1
C12C7964
C12DD7AD
C12F339D
C1308D27
C131E43D
C13338D1
C1348AD7
C135DA43
C1372708
C138711B
C139B870
C13AFCFF
C13C3EBC
C13D7D9E
C13EB99E
C13FF2B4
C14128D8
C1425C04
C1438C34
C144B962
C145E38B
C1470AAC
C1482EC4
C1494FD0
C14A6DD2
C14B88C9
C14CA0B8
C14DB5A1
C14EC787
C14FD66F
C150E25E
C151EB5A
C152F169
C153F494
C154F4E1
C155F25A
C156ED09
C157E4F8
C158DA31
C159CCC0
C15ABCB0
C15BAA0D
C15C94E4
C15D7D42
C15E6334
C15F46C7
C1602809
C1610708
C161E3D2
C162BE74
C16396FD
C1646D7B
C16541FC
C166148E
C166E53F
C167B41C
C1688135
C1694C95
C16A164A
C16ADE63
C16BA4EB
C16C69EF
C16D2D7D
C16DEFA0
C16EB064
C16F6FD6
C1702E00
C170EAEF
C171A6AC
C1726142
C1731ABD
C173D326
C1748A86
C17540E8
C175F654
C176AAD4
C1775E70
C1781131
C178C31F
C1797441
C17A249F
C17AD441
C17B832D
C17C316B
C17CDF01
C17D8BF6
C17E384F
C17EE412
C17F8F46
C1801CF8
C0171A66
C017667E
C017B570
C0180757
C0185C50
C018B478
C0190FEE
C0196ED0
C019D141
C01A3762
C01AA156
C01B0F43
C01B814D
C01BF79E
C01C725D
C01CF1B6
C01D75D5
C01DFEE6
C01E8D1B
C01F20A4
C01FB9B4
C0205880
C020FD40
C021A82C
C0225980
C0231179
C023D056
C0249659
C02563C7
C02638E5
C02715FE
C027FB5C
C028E94E
C029E024
C02AE033
C02BE9D1
C02CFD57
C02E1B20
C02F438D
C03076FE
C031B5D8
C0330082
C0345768
C035BAF6
C0372B9C
C038A9CD
C03A35FE
C03BD0A7
C03D7A41
C03F3349
C040FC3D
C042D59D
C044BFE9
C046BBA4
C048C951
C04AE973
C04D1C8C
C04F6321
C051BDB1
C0542CBC
C056B0BF
C0594A34
C05BF992
C05EBF49
C0619BC6
C0648F6F
C0679AA3
C06ABDBA
C06DF901
C0714CBF
C074B92D
C0783E7C
C07BDCD0
C07F943F
C081B26B
C083A748
C085A8AE
C087B68E
C089D0D2
C08BF75B
C08E2A04
C09068A2
C092B301
C09508E8
C0976A18
C099D64B
C09C4D35
C09ECE86
C0A159EA
C0A3EF08
C0A68D84
C0A934FE
C0ABE516
C0AE9D67
C0B15D8D
C0B42523
C0B6F3C3
C0B9C908
C0BCA48D
C0BF85EF
C0C26CCC
C0C558C3
C0C84975
C0CB3E87
C0CE379F
C0D13465
C0D43486
C0D737AF
C0DA3D92
C0DD45E3
C0E05058
C0E35CAB
C0E66A99
C0E979E1
C0EC8A45
C0EF9B88
C0F2AD71
C0F5BFCB
C0F8D25F
C0FBE4FB
C0FEF76E
C10104C5
C1028D90
C1041603
C1059E09
C107258C
C108AC7A
C10A32BF
C10BB848
C10D3D03
C10EC0DD
C11043C6
C111C5AC
C113467E
C114C62B
C11644A3
C117C1D6
C1193DB2
C11AB829
C11C312A
C11DA8A6
C11F1E8C
C12092CD
C1220559
C1237621
C124E516
C1265227
C127BD47
C1292665
C12A8D72
C12BF261
C12D5521
C12EB5A5
C13013DD
C1316FBD
C132C936
C134203A
C13574BD
C136C6B1
C138160B
C13962BE
C13AACBF
C13BF403
C13D387F
C13E7A2B
C13FB8FC
C140F4EA
C1422DEF
C1436402
C144971E
C145C73D
C146F45B
C1481E74
C1494586
C14A698E
C14B8A8B
C14CA87E
C14DC367
C14EDB48
C14FF023
C15101FC
C15210D7
C1531CBA
C15425A9
C1552BAC
C1562ECA
C1572F0C
C1582C7A
C159271E
C15A1F03
C15B1431
C15C06B6
C15CF69C
C15DE3F0
C15ECEBE
C15FB713
C1609CFC
C1618087
C16261C1
C16340B8
C1641D7A
C164F815
C165D097
C166A70E
C1677B88
C1684E14
C1691EBE
C169ED96
C16ABAA8
C16B8603
C16C4FB3
C16D17C6
C16DDE49
C16EA349
C16F66D2
C17028F0
C170E9B0
C171A91E
C1726744
C173242E
C173DFE7
C1749A7B
C17553F2
C1760C57
C176C3B4
C1777A13
C1782F7C
C178E3F9
C1799793
C17A4A51
C17AFC3C
C17BAD5B
C17C5DB7
C17D0D57
C17DBC41
C17E6A7D
C17F1811
C17FC503
C18038AD
C1808E8E
C180E427
C019887E
C019D49D
C01A2397
C01A7586
C01ACA87
C01B22B8
C01B7E36
C01BDD22
C01C3F9C
C01CA5C7
C01D0FC6
C01D7DBD
C01DEFD3
C01E662F
C01EE0FB
C01F6060
C01FE48B
C0206DAB
C020FBED
C0218F85
C02228A4
C022C780
C0236C51
C024174E
C024C8B3
C02580BF
C0263FAF
C02705C6
C027D348
C028A87C
C02985AB
C02A6B20
C02B592A
C02C501A
C02D5043
C02E59FC
C02F6D9E
C0308B85
C031B410
C032E7A0
C034269B
C0357168
C036C872
C0382C25
C0399CF1
C03B1B4A
C03CA7A5
C03E4278
C03FEC40
C041A576
C0436E9B
C045482D
C04732AD
C0492E9F
C04B3C84
C04D5CE1
C04F9038
C051D70D
C05431DF
C056A12F
C059257A
C05BBF39
C05E6EE4
C06134EC
C06411BD
C06705BD
C06A114C
C06D34C1
C070706A
C073C48E
C0773166
C07AB724
C07E55EA
C08106E8
C082EF72
C084E48F
C086E639
C088F45F
C08B0EEB
C08D35C0
C08F68B8
C091A7A7
C093F25C
C096489C
C098AA28
C09B16BA
C09D8E08
C0A00FC1
C0A29B92
C0A53120
C0A7D011
C0AA7805
C0AD289B
C0AFE170
C0B2A21F
C0B56A44
C0B83979
C0BB0F59
C0BDEB7F
C0C0CD89
C0C3B514
C0C6A1C0
C0C9932F
C0CC8905
C0CF82EA
C0D28085
C0D58183
C0D88592
C0DB8C65
C0DE95AF
C0E1A127
C0E4AE88
C0E7BD8F
C0EACDFA
C0EDDF8D
C0F0F20C
C0F4053E
C0F718ED
C0FA2CE3
C0FD40F0
C1002A71
C101B446
C1033DE0
C104C72A
C106500F
C107D87A
C1096059
C10AE797
C10C6E23
C10DF3EB
C10F78DD
C110FCE7
C1127FF8
C1140201
C11582F0
C11702B5
C1188140
C119FE81
C11B7A69
C11CF4E7
C11E6DEC
C11FE569
C1215B4E
C122CF8B
C1244212
C125B2D3
C12721BE
C1288EC5
C129F9D9
C12B62EA
C12CC9EA
C12E2EC9
C12F917A
C130F1EE
C1325016
C133ABE5
C135054C
C1365C3F
C137B0B0
C1390293
C13A51DB
C13B9E7C
C13CE86B
C13E2F9D
C13F7408
C140B5A2
C141F462
C143303F
C1446933
C1459F35
C146D241
C1480250
C1492F5E
C14A5968
C14B806A
C14CA463
C14DC552
C14EE337
C14FFE12
C15115E5
C1522AB3
C1533C7F
C1544B4D
C1555723
C1566006
C15765FE
C1586910
C1596947
C15A66AB
C15B6144
C15C591E
C15D4E43
C15E40BD
C15F309A
C1601DE5
C16108AA
C161F0F6
C162D6D7
C163BA5A
C1649B8C
C1657A7C
C1665737
C16731CA
C1680A45
C168E0B6
C169B52A
C16A87AF
C16B5853
C16C2725
C16CF432
C16DBF87
C16E8932
C16F5140
C17017BE
C170DCB9
C171A03D
C1726257
C1732313
C173E27D
C174A09F
C1755D85
C176193B
C176D3CB
C1778D3F
C17845A1
C178FCFB
C179B356
C17A68BD
C17B1D37
C17BD0CE
C17C8389
C17D3572
C17DE68F
C17E96E9
C17F4686
C17FF56E
C18051D4
C180A89D
C180FF15
C1815540
C181AB20
C01BF6D6
C01C42FC
C01C91FD
C01CE3F4
C01D38FD
C01D9136
C01DECBD
C01E4BB1
C01EAE35
C01F1469
C01F7E72
C01FEC73
C0205E94
C020D4FC
C0214FD3
C021CF44
C022537C
C022DCA8
C0236AF8
C023FE9E
C02497CC
C02536B7
C025DB98
C02686A5
C027381C
C027F039
C028AF3B
C0297566
C02A42FC
C02B1845
C02BF589
C02CDB15
C02DC936
C02EC03E
C02FC080
C030CA53
C031DE10
C032FC13
C03424BC
C035586B
C0369785
C037E273
C039399F
C03A9D75
C03C0E67
C03D8CE6
C03F1969
C040B466
C0425E59
C04417BC
C045E110
C047BAD2
C049A585
C04BA1AB
C04DAFC7
C04FD05D
C05203EF
C0544B01
C056A613
C05915A5
C05B9A35
C05E343C
C060E432
C063AA87
C06687A9
C0697BFD
C06C87E3
C06FABB3
C072E7BB
C0763C40
C079A97F
C07D2FA6
C080676D
C082439A
C0842C5F
C08621BB
C08823A5
C08A320F
C08C4CE1
C08E73FE
C090A742
C092E680
C0953187
C097881C
C099EA00
C09C56EF
C09ECE9D
C0A150BA
C0A3DCF3
C0A672ED
C0A9124F
C0ABBAB8
C0AE6BC8
C0B1251C
C0B3E64F
C0B6AEFD
C0B97EC1
C0BC5536
C0BF31F7
C0C214A1
C0C4FCD4
C0C7EA2F
C0CADC53
C0CDD2E7
C0D0CD90
C0D3CBF7
C0D6CDCA
C0D9D2B7
C0DCDA70
C0DFE4AA
C0E2F11C
C0E5FF80
C0E90F95
C0EC2119
C0EF33D0
C0F2477E
C0F55BEC
C0F870E3
C0FB862F
C0FE9B9F
C100D881
C1026316
C103ED77
C1057790
C107014C
C1088A96
C10A135D
C10B9B8C
C10D2312
C10EA9DD
C1102FDB
C111B4FC
C113392F
C114BC63
C1163E88
C117BF8F
C1193F67
C11ABE02
C11C3B4E
C11DB73D
C11F31C0
C120AAC6
C1222242
C1239824
C1250C5B
C1267EDB
C127EF93
C1295E74
C12ACB6F
C12C3676
C12D9F79
C12F066A
C1306B3A
C131CDDB
C1332E3E
C1348C56
C135E813
C1374169
C138984B
C139ECAA
C13B3E7B
C13C8DB1
C13DDA40
C13F241E
C1406B3E
C141AF98
C142F120
C1442FCF
C1456B9C
C146A47F
C147DA71
C1490D6D
C14A3D6C
C14B6A6B
C14C9465
C14DBB59
C14EDF43
C1500024
C1511DFB
C15238C8
C153508E
C154654F
C155770E
C15685D0
C157919A
C1589A71
C159A05D
C15AA365
C15BA391
C15CA0EA
C15D9B79
C15E9349
C15F8864
C1607AD6
C1616AA9
C16257EB
C16342A8
C1642AEC
C16510C5
C165F440
C166D56A
C167B452
C1689106
C1696B93
C16A4407
C16B1A71
C16BEEDF
C16CC15E
C16D91FD
C16E60C9
C16F2DD0
C16FF920
C170C2C6
C1718ACF
C1725149
C173163F
C173D9BF
C1749BD5
C1755C8D
C1761BF2
C176DA11
C17796F4
C17852A6
C1790D32
C179C6A3
C17A7F01
C17B3659
C17BECB1
C17CA215
C17D568D
C17E0A21
C17EBCDA
C17F6EC0
C1800FED
C1806819
C180BFE7
C181175A
C1816E76
C181C53E
C1821BB5
C18271DF
C01E656B
C01EB198
C01F00A0
C01F529E
C01FA7AF
C01FFFF0
C0205B7F
C020BA7C
C0211D09
C0218346
C021ED58
C0225B64
C022CD8F
C0234401
C023BEE3
C0243E60
C024C2A4
C0254BDD
C025DA3B
C0266DEE
C027072A
C027A624
C0284B13
C028F631
C029A7B8
C02A5FE6
C02B1EFA
C02BE537
C02CB2E0
C02D883D
C02E6596
C02F4B37
C030396F
C031308E
C03230E9
C0333AD5
C0344EAC
C0356CCA
C036958F
C037C95B
C0390895
C03A53A2
C03BAAEF
C03D0EE8
C03E7FFD
C03FFEA1
C0418B4A
C0432670
C044D08C
C0468A1B
C048539B
C04A2D8C
C04C1870
C04E14C9
C0502319
C05243E5
C05477B0
C056BEFD
C0591A4C
C05B8A1F
C05E0EF1
C060A93D
C063597B
C066201B
C068FD8A
C06BF22F
C06EFE69
C0722290
C0755EF3
C078B3D7
C07C2177
C07FA805
C081A3D2
C0838036
C0856935
C0875ECC
C08960F4
C08B6F9F
C08D8AB4
C08FB217
C091E5A4
C094252E
C0967083
C098C76B
C09B29A5
C09D96EC
C0A00EF6
C0A29174
C0A51E10
C0A7B473
C0AA5441
C0ACFD1B
C0AFAEA0
C0B2686E
C0B52A20
C0B7F352
C0BAC39F
C0BD9AA3
C0C077F9
C0C35B3F
C0C64413
C0C93215
C0CC24E8
C0CF1C31
C0D21797
C0D516C4
C0D81963
C0DB1F25
C0DE27BC
C0E132DC
C0E4403E
C0E74F9C
C0EA60B4
C0ED7346
C0F08716
C0F39BE9
C0F6B186
C0F9C7B9
C0FCDE4E
C0FFF513
C10185ED
C103113A
C1049C5B
C106273B
C107B1C6
C1093BE8
C10AC58D
C10C4EA4
C10DD71B
C10F5EE0
C110E5E2
C1126C10
C113F159
C11575AF
C116F900
C1187B3E
C119FC58
C11B7C3F
C11CFAE4
C11E7838
C11FF42C
C1216EB0
C122E7B5
C1245F2E
C125D50A
C127493B
C128BBB1
C12A2C5E
C12B9B34
C12D0822
C12E731B
C12FDC10
C13142F2
C132A7B2
C1340A43
C1356A95
C136C89B
C1382447
C1397D8C
C13AD45B
C13C28A9
C13D7A68
C13EC98D
C140160A
C1415FD6
C142A6E5
C143EB2E
C1452CA5
C1466B44
C147A700
C148DFD2
C14A15B5
C14B48A0
C14C7890
C14DA580
C14ECF6C
C14FF651
C1511A2D
C1523B00
C15358C9
C1547389
C1558B42
C1569FF6
C157B1A9
C158C05F
C159CC1E
C15AD4EA
C15BDACB
C15CDDC8
C15DDDE9
C15EDB38
C15FD5BD
C160CD83
C161C295
C162B4FD
C163A4C8
C1649202
C1657CB6
C16664F2
C1674AC3
C1682E36
C1690F5A
C169EE3B
C16ACAE8
C16BA56E
C16C7DDC
C16D5440
C16E28A7
C16EFB21
C16FCBBA
C1709A81
C1716783
C17232CD
C172FC6E
C173C473
C1748AE8
C1754FDA
C1761356
C176D568
C177961B
C178557D
C1791398
C179D077
C17A8C26
C17B46AF
C17C001D
C17CB878
C17D6FCD
C17E2623
C17EDB84
C17F8FF9
C18021C5
C1807B21
C180D412
C1812C9F
C18184C9
C181DC96
C1823408
C1828B23
C182E1EA
C1833861
C020D43B
C021206F
C0216F7E
C021C183
C022169B
C0226EE3
C022CA7A
C0232980
C0238C15
C023F25B
C0245C77
C024CA8C
C0253CC1
C025B33E
C0262E2B
C026ADB3
C0273202
C027BB47
C02849B1
C028DD71
C02976BB
C02A15C3
C02ABAC1
C02B65EE
C02C1785
C02CCFC4
C02D8EE9
C02E5538
C02F22F3
C02FF863
C030D5D0
C031BB86
C032A9D4
C033A109
C034A17B
C035AB80
C036BF70
C037DDA8
C0390688
C03A3A71
C03B79C7
C03CC4F4
C03E1C60
C03F807A
C040F1B1
C0427079
C043FD47
C0459893
C04742D8
C048FC90
C04AC63C
C04CA05A
C04E8B6C
C05087F6
C0529679
C054B77A
C056EB7C
C0593301
C05B8E8C
C05DFE9B
C06083AE
C0631E3D
C065CEBF
C06895A7
C06B7361
C06E6853
C07174DE
C0749959
C077D613
C07B2B52
C07E9952
C0811021
C082E023
C084BCBD
C086A5F2
C0889BC4
C08A9E28
C08CAD10
C08EC866
C090F00D
C09323E0
C09563B3
C097AF54
C09A068A
C09C6916
C09ED6B3
C0A14F16
C0A3D1F0
C0A65EED
C0A8F5B4
C0AB95E9
C0AE3F30
C0B0F126
C0B3AB69
C0B66D95
C0B93747
C0BC0818
C0BEDFA5
C0C1BD8A
C0C4A165
C0C78AD4
C0CA7978
C0CD6CF3
C0D064EB
C0D36106
C0D660F0
C0D96454
C0DC6AE3
C0DF744F
C0E2804D
C0E58E95
C0E89EE3
C0EBB0F5
C0EEC48B
C0F1D969
C0F4EF55
C0F80617
C0FB1D79
C0FE354A
C100A6AC
C10232BA
C103BEB9
C1054A93
C106D633
C1086185
C109EC76
C10B76F2
C10D00E9
C10E8A48
C11012FD
C1119AF9
C113222A
C114A881
C1162DEE
C117B261
C11935CA
C11AB81B
C11C3944
C11DB936
C11F37E3
C120B53B
C1223131
C123ABB4
C12524B6
C1269C29
C12811FE
C1298626
C12AF892
C12C6934
C12DD7FD
C12F44DD
C130AFC8
C13218AD
C1337F7F
C134E42F
C13646AF
C137A6F0
C13904E5
C13A6080
C13BB9B3
C13D1070
C13E64AD
C13FB65A
C141056D
C14251D9
C1439B94
C144E292
C14626C9
C1476830
C148A6BE
C149E26A
C14B1B2C
C14C50FF
C14D83DB
C14EB3BC
C14FE09D
C1510A7A
C1523151
C1535520
C15475E5
C15593A1
C156AE54
C157C601
C158DAA9
C159EC50
C15AFAFA
C15C06AD
C15D0F6E
C15E1544
C15F1837
C160184E
C1611593
C162100F
C16307CC
C163FCD4
C164EF34
C165DEF6
C166CC28
C167B6D4
C1689F08
C16984D2
C16A683E
C16B495A
C16C2835
C16D04DB
C16DDF5B
C16EB7C2
C16F8E20
C1706282
C17134F6
C1720589
C172D44B
C173A148
C1746C8E
C175362A
C175FE2A
C176C49B
C1778989
C1784D00
C1790F0E
C179CFBE
C17A8F1C
C17B4D34
C17C0A10
C17CC5BB
C17D8041
C17E39AC
C17EF205
C17FA956
C1802FD5
C1808A84
C180E4BD
C1813E85
C18197DF
C181F0D0
C182495B
C182A185
C182F950
C18350C1
C183A7DB
C183FEA2
C0234345
C0238F7F
C023DE94
C02430A0
C02485BF
C024DE0F
C02539AD
C02598BB
C025FB58
C02661A7
C026CBCB
C02739EA
C027AC28
C02822AF
C0289DA6
C0291D39
C029A194
C02A2AE5
C02AB95B
C02B4D27
C02BE67E
C02C8594
C02D2AA0
C02DD5DC
C02E8782
C02F3FD0
C02FFF06
C030C566
C0319334
C03268B6
C0334636
C0342C00
C0351A62
C03611AE
C0371236
C0381C51
C039305A
C03A4EAC
C03B77A6
C03CABAA
C03DEB1C
C03F3666
C0408DF1
C041F22B
C0436383
C044E26E
C0466F5F
C0480AD1
C049B53B
C04B6F1C
C04D38F1
C04F133B
C050FE7A
C052FB33
C05509E7
C0572B1A
C0595F50
C05BA70D
C05E02D0
C060731B
C062F86B
C065933A
C06843FF
C06B0B2C
C06DE92E
C070DE6B
C073EB44
C0771010
C07A4D1E
C07DA2B4
C0808887
C0824C2E
C0841C62
C085F92F
C087E29A
C089D8A2
C08BDB40
C08DEA64
C09005F9
C0922DE1
C09461F7
C096A210
C098EDFA
C09B457C
C09DA857
C0A01646
C0A28EFF
C0A51232
C0A79F8B
C0AA36B2
C0ACD74C
C0AF80FA
C0B2335D
C0B4EE11
C0B7B0B3
C0BA7ADE
C0BD4C2F
C0C02440
C0C302AF
C0C5E719
C0C8D11D
C0CBC05C
C0CEB478
C0D1AD18
C0D4A9E3
C0D7AA82
C0DAAEA4
C0DDB5F7
C0E0C030
C0E3CD03
C0E6DC29
C0E9ED5E
C0ED0060
C0F014F0
C0F32AD2
C0F641CC
C0F959A7
C0FC722E
C0FF8B2F
C101523D
C102DEEF
C1046B99
C105F824
C107847D
C109108F
C10A9C47
C10C2793
C10DB261
C10F3C9F
C110C63D
C1124F2A
C113D755
C1155EB0
C116E529
C1186AB3
C119EF3E
C11B72BB
C11CF51B
C11E764F
C11FF649
C12174FA
C122F255
C1246E49
C125E8C9
C12761C6
C128D932
C12A4EFE
C12BC31B
C12D357C
C12EA611
C13014CC
C131819F
C132EC7A
C1345550
C135BC11
C13720B0
C138831F
C139E34F
C13B4132
C13C9CBC
C13DF5DD
C13F4C89
C140A0B4
C141F250
C1434151
C1448DAC
C145D756
C1471E43
C1486269
C149A3C0
C14AE23D
C14C1DD9
C14D568D
C14E8C50
C14FBF1D
C150EEEF
C1521BC2
C1534591
C1546C5A
C155901B
C156B0D3
C157CE82
C158E929
C15A00C9
C15B1566
C15C2701
C15D35A0
C15E4148
C15F49FE
C1604FCA
C16152B3
C16252C0
C1634FFB
C1644A6E
C1654222
C1663722
C1672979
C1681933
C169065C
C169F101
C16AD92E
C16BBEF0
C16CA255
C16D836B
C16E623E
C16F3EDE
C1701958
C170F1BA
C171C812
C1729C6E
C1736EDC
C1743F6B
C1750E27
C175DB1F
C176A661
C1776FF9
C17837F4
C178FE61
C179C34A
C17A86BE
C17B48C8
C17C0975
C17CC8CF
C17D86E3
C17E43BC
C17EFF65
C17FB9E7
C18039A7
C18095D3
C180F17A
C1814CA2
C181A750
C1820188
C1825B4F
C182B4A8
C1830D98
C1836622
C183BE4B
C1841615
C1846D85
C184C49F
C025B285
C025FEC5
C0264DE0
C0269FF3
C026F519
C0274D6F
C027A915
C028082B
C0286AD0
C028D127
C0293B54
C029A97B
C02A1BC3
C02A9253
C02B0D55
C02B8CF2
C02C1158
C02C9AB4
C02D2935
C02DBD0E
C02E5671
C02EF594
C02F9AAE
C03045F8
C030F7AD
C031B00A
C0326F50
C03335C0
C034039F
C034D933
C035B6C6
C0369CA3
C0378B19
C0388279
C0398317
C03A8D49
C03BA169
C03CBFD3
C03DE8E6
C03F1D04
C0405C93
C041A7F9
C042FFA1
C04463F9
C045D572
C047547D
C048E191
C04A7D26
C04C27B6
C04DE1BD
C04FABBB
C051862E
C0537199
C0556E7E
C0577D61
C0599EC5
C05BD32E
C05E1B1F
C060771A
C062E79D
C0656D28
C0680835
C06AB93A
C06D80A9
C0705EF1
C0735476
C076619A
C07986B3
C07CC413
C0800CFF
C081C457
C083882C
C085588F
C087358D
C0891F2B
C08B1569
C08D183E
C08F279C
C091436D
C0936B93
C0959FEA
C097E046
C09A2C77
C09C8442
C09EE769
C0A155A7
C0A3CEB2
C0A6523A
C0A8DFEC
C0AB7770
C0AE186A
C0B0C27D
C0B37548
C0B63068
C0B8F37B
C0BBBE1C
C0BE8FE7
C0C16878
C0C4476B
C0C72C5F
C0CA16F2
C0CD06C6
C0CFFB7E
C0D2F4BF
C0D5F232
C0D8F380
C0DBF858
C0DF0069
C0E20B67
C0E51907
C0E82902
C0EB3B15
C0EE4EFE
C0F1647E
C0F47B5A
C0F79358
C0FAAC42
C0FDC5E2
C1007004
C101FD41
C1038A92
C10517E0
C106A516
C1083221
C109BEEB
C10B4B64
C10CD777
C10E6314
C10FEE2A
C11178A7
C113027C
C1148B98
C11613ED
C1179B6A
C1192201
C11AA7A3
C11C2C41
C11DAFCD
C11F3239
C120B375
C1223374
C123B227
C1252F80
C126AB71
C12825EC
C1299EE2
C12B1645
C12C8C07
C12E0019
C12F726D
C130E2F5
C13251A1
C133BE65
C1352930
C13691F5
C137F8A6
C1395D35
C13ABF92
C13C1FB1
C13D7D82
C13ED8FA
C140320A
C14188A4
C142DCBD
C1442E48
C1457D38
C146C982
C148131B
C14959F7
C14A9E0E
C14BDF54
C14D1DC2
C14E594E
C14F91F2
C150C7A6
C151FA65
C1532A29
C15456ED
C15580AF
C156A76A
C157CB1E
C158EBCA
C15A096C
C15B2407
C15C3B9B
C15D502C
C15E61BC
C15F7050
C1607BEE
C161849A
C1628A5B
C1638D3A
C1648D3E
C1658A70
C16684DA
C1677C85
C168717C
C16963CC
C16A537E
C16B409F
C16C2B3C
C16D1362
C16DF91D
C16EDC7B
C16FBD8A
C1709C58
C17178F1
C1725365
C1732BC1
C1740214
C174D66B
C175A8D4
C176795D
C1774815
C1781508
C178E045
C179A9D9
C17A71D0
C17B3838
C17BFD1E
C17CC08E
C17D8295
C17E433E
C17F0295
C17FC0A6
C1803EBE
C1809C90
C180F9D0
C1815683
C181B2AC
C1820E53
C182697A
C182C426
C1831E5D
C1837823
C183D17B
C1842A69
C18482F3
C184DB1A
C18532E4
C1858A53
C02821F9
C0286E3F
C028BD61
C0290F7A
C02964A6
C029BD04
C02A18B1
C02A77CD
C02ADA7A
C02B40D9
C02BAB0E
C02C193E
C02C8B8F
C02D0229
C02D7D34
C02DFCDB
C02E814B
C02F0AB2
C02F993F
C0302D23
C030C692
C03165C2
C0320AE9
C032B640
C0336803
C034206F
C034DFC5
C035A645
C0367434
C03749D9
C038277E
C0390D6E
C039FBF7
C03AF36B
C03BF41E
C03CFE66
C03E129C
C03F311D
C0405A49
C0418E80
C042CE28
C04419AA
C045716E
C046D5E4
C048477B
C049C6A7
C04B53DC
C04CEF93
C04E9A47
C0505473
C0521E97
C053F933
C055E4C7
C057E1D8
C059F0E8
C05C127B
C05E4715
C0608F39
C062EB68
C0655C22
C067E1E6
C06A7D2E
C06D2E71
C06FF621
C072D4AA
C075CA75
C078D7E1
C07BFD45
C07F3AF2
C0814897
C083001A
C084C41B
C08694AB
C08871D9
C08A5BA8
C08C5219
C08E5524
C09064B9
C09280C3
C094A925
C096DDBA
C0991E58
C09B6ACC
C09DC2DD
C0A0264D
C0A294D7
C0A50E31
C0A7920C
C0AA2014
C0ACB7F1
C0AF5948
C0B203BB
C0B4B6EA
C0B77273
C0BA35F2
C0BD0104
C0BFD345
C0C2AC50
C0C58BC2
C0C8713A
C0CB5C58
C0CE4CBB
C0D14208
C0D43BE5
C0D739F9
C0DA3BF0
C0DD4176
C0E04A3E
C0E355F9
C0E6645E
C0E97527
C0EC880F
C0EF9CD6
C0F2B33D
C0F5CB0A
C0F8E402
C0FBFDEF
C0FF189E
C10119EF
C102A7BE
C10435A7
C105C393
C107516E
C108DF24
C10A6CA0
C10BF9D1
C10D86A5
C10F130A
C1109EEE
C1122A43
C113B4F8
C1153EFC
C116C842
C11850B9
C119D854
C11B5F03
C11CE4B9
C11E6966
C11FECFE
C1216F71
C122F0B2
C12470B2
C125EF65
C1276CBB
C128E8A7
C12A631A
C12BDC08
C12D5361
C12EC917
C1303D1D
C131AF63
C1331FDC
C1348E7A
C135FB2E
C13765E9
C138CE9E
C13A353E
C13B99BB
C13CFC07
C13E5C14
C13FB9D4
C141153A
C1426E38
C143C4C2
C14518C9
C1466A43
C147B922
C149055B
C14A4EE3
C14B95AF
C14CD9B6
C14E1AEC
C14F594A
C15094C8
C151CD5C
C1530302
C15435B2
C1556568
C156921F
C157BBD3
C158E282
C15A0629
C15B26C8
C15C445E
C15D5EED
C15E7676
C15F8AFC
C1609C81
C161AB0B
C162B69D
C163BF3F
C164C4F7
C165C7CD
C166C7C7
C167C4F1
C168BF51
C169B6F4
C16AABE4
C16B9E2B
C16C8DD5
C16D7AEF
C16E6585
C16F4DA4
C1703358
C17116B0
C171F7B9
C172D680
C173B313
C1748D82
C17565D8
C1763C25
C1771077
C177E2DB
C178B360
C1798213
C17A4F02
C17B1A3A
C17BE3C9
C17CABBD
C17D7221
C17E3703
C17EFA70
C17FBC73
C1803E8C
C1809E36
C180FD3D
C1815BA6
C181B978
C18216B6
C1827367
C182CF90
C1832B34
C183865A
C183E106
C1843B3C
C1849500
C184EE57
C1854745
C1859FCD
C185F7F4
C1864FBD
C02A91A1
C02ADDEC
C02B2D14
C02B7F33
C02BD466
C02C2CCA
C02C887E
C02CE7A1
C02D4A55
C02DB0BC
C02E1AF9
C02E8931
C02EFB8B
C02F722D
C02FED41
C0306CF2
C030F16D
C0317ADE
C0320975
C0329D65
C03336E0
C033D61C
C0347B4F
C03526B4
C035D884
C03690FF
C0375063
C03816F2
C038E4F1
C039BAA7
C03A985D
C03B7E5E
C03C6CFA
C03D6482
C03E6548
C03F6FA5
C04083F1
C041A289
C042CBCC
C044001B
C0453FDD
C0468B78
C047E358
C04947EB
C04AB99F
C04C38E9
C04DC63E
C04F6217
C0510CED
C052C73D
C0549186
C0566C48
C0585805
C05A5540
C05C647B
C05E863C
C060BB04
C0630359
C0655FBB
C067D0AA
C06A56A5
C06CF226
C06FA3A4
C0726B91
C0754A5B
C0784069
C07B4E19
C07E73C6
C080D8DF
C0828424
C0843BD0
C085FFFA
C087D0B7
C089AE12
C08B9811
C08D8EB3
C08F91F1
C091A1BB
C093BDFD
C095E699
C0981B6A
C09A5C46
C09CA8FB
C09F0150
C0A16506
C0A3D3DA
C0A64D80
C0A8D1AA
C0AB6003
C0ADF836
C0B099E6
C0B344B6
C0B5F846
C0B8B433
C0BB781B
C0BE4399
C0C1164B
C0C3EFCC
C0C6CFB9
C0C9B5B0
C0CCA152
C0CF923F
C0D2881C
C0D5828E
C0D8813E
C0DB83D6
C0DE8A05
C0E1937B
C0E49FED
C0E7AF10
C0EAC09E
C0EDD453
C0F0E9F0
C0F40135
C0F719E8
C0FA33D1
C0FD4EB9
C1003536
C101C35D
C10351B9
C104E034
C1066EB9
C107FD32
C1098B8C
C10B19B4
C10CA797
C10E3523
C10FC248
C1114EF4
C112DB19
C11466A4
C115F189
C1177BB7
C119051F
C11A8DB4
C11C1567
C11D9C2A
C11F21EF
C120A6A8
C1222A47
C123ACBF
C1252E02
C126AE02
C1282CB1
C129AA02
C12B25E7
C12CA052
C12E1936
C12F9083
C131062D
C1327A25
C133EC5D
C1355CC7
C136CB55
C13837F9
C139A2A4
C13B0B47
C13C71D6
C13DD642
C13F387D
C1409878
C141F627
C143517B
C144AA68
C14600E0
C14754D7
C148A63F
C149F50E
C14B4136
C14C8AAE
C14DD16A
C14F1561
C1505688
C15194D7
C152D045
C15408CB
C1553E63
C1567105
C157A0AD
C158CD56
C159F6FD
C15B1D9F
C15C413A
C15D61CD
C15E7F58
C15F99DB
C160B159
C161C5D4
C162D74E
C163E5CE
C164F157
C165F9EF
C166FF9E
C168026A
C169025C
C169FF7C
C16AF9D5
C16BF16F
C16CE657
C16DD896
C16EC839
C16FB54C
C1709FDB
C17187F3
C1726DA1
C17350F2
C17431F5
C17510B6
C175ED44
C176C7AD
C1779FFE
C1787646
C1794A92
C17A1CF2
C17AED72
C17BBC20
C17C890B
C17D543F
C17E1DCA
C17EE5BA
C17FAC1A
C180387C
C1809A31
C180FB31
C1815B82
C181BB2A
C1821A30
C1827897
C182D667
C18333A5
C1839054
C183EC7B
C184481F
C184A344
C184FDEE
C1855823
C185B1E6
C1860B3C
C1866429
C186BCB1
C18714D6
C02D0179
C02D4DCA
C02D9CF7
C02DEF1C
C02E4455
C02E9CBF
C02EF87A
C02F57A4
C02FBA5F
C03020CE
C0308B12
C030F953
C0316BB4
C031E25F
C0325D7C
C032DD37
C03361BA
C033EB35
C03479D7
C0350DD2
C035A758
C03646A0
C036EBDF
C0379750
C038492E
C03901B6
C039C128
C03A87C6
C03B55D5
C03C2B9B
C03D0961
C03DEF74
C03EDE22
C03FD5BB
C040D695
C041E106
C042F567
C0441415
C0453D6E
C04671D5
C047B1AF
C048FD64
C04A555E
C04BBA0B
C04D2BDC
C04EAB44
C05038B8
C051D4B0
C0537FA7
C0553A1A
C0570487
C058DF6E
C05ACB52
C05CC8B5
C05ED81A
C060FA06
C0632EFC
C065777F
C067D412
C06A4534
C06CCB64
C06F671C
C07218D3
C074E0FB
C077C003
C07AB651
C07DC444
C080751B
C082143B
C083BFA6
C0857778
C0873BCC
C0890CB2
C08AEA39
C08CD466
C08ECB37
C090CEA7
C092DEA5
C094FB1C
C09723EF
C09958FA
C09B9A12
C09DE705
C0A03F9B
C0A2A395
C0A512AF
C0A78C9E
C0AA1114
C0AC9FBD
C0AF3842
C0B1DA48
C0B48571
C0B7395E
C0B9F5AC
C0BCB9F8
C0BF85DF
C0C258FD
C0C532EF
C0C81352
C0CAF9C4
C0CDE5E5
C0D0D757
C0D3CDBE
C0D6C8C0
C0D9C805
C0DCCB39
C0DFD209
C0E2DC28
C0E5E948
C0E8F922
C0EC0B6D
C0EF1FE8
C0F23652
C0F54E6D
C0F867FF
C0FB82CF
C0FE9EA7
C100DDAA
C1026C53
C103FB37
C1058A3F
C1071956
C108A868
C10A3760
C10BC62C
C10D54BA
C10EE2F9
C11070D6
C111FE43
C1138B2F
C115178A
C116A346
C1182E54
C119B8A5
C11B422B
C11CCAD8
C11E529F
C11FD971
C1215F41
C122E402
C12467A6
C125EA20
C1276B62
C128EB5F
C12A6A09
C12BE753
C12D6330
C12EDD91
C1305669
C131CDAA
C1334347
C134B730
C136295A
C13799B4
C1390832
C13A74C5
C13BDF5F
C13D47F2
C13EAE6F
C14012C9
C14174F3
C142D4DD
C144327A
C1458DBD
C146E699
C1483D00
C14990E5
C14AE23D
C14C30FB
C14D7D13
C14EC67B
C1500D27
C151510E
C1529226
C153D066
C1550BC6
C156443E
C15779C7
C158AC5C
C159DBF7
C15B0893
C15C322E
C15D58C3
C15E7C52
C15F9CD9
C160BA59
C161D4D1
C162EC44
C16400B4
C1651224
C166209A
C1672C19
C16834A8
C1693A4D
C16A3D11
C16B3CFA
C16C3A12
C16D3462
C16E2BF5
C16F20D5
C170130D
C17102A9
C171EFB5
C172DA3D
C173C24E
C174A7F6
C1758B41
C1766C3E
C1774AFA
C1782782
C17901E5
C179DA31
C17AB074
C17B84BC
C17C5717
C17D2792
C17DF63C
C17EC323
C17F8E53
C1802BED
C1808FE3
C180F311
C181557F
C181B732
C1821830
C1827880
C182D826
C183372A
C1839591
C183F35F
C184509B
C184AD4A
C1850970
C1856512
C185C036
C1861ADF
C1867513
C186CED5
C187282A
C1878116
C187D99D
C02F7181
C02FBDD7
C0300D09
C0305F34
C030B473
C0310CE3
C03168A4
C031C7D5
C0322A97
C032910C
C032FB58
C03369A0
C033DC0A
C03452BD
C034CDE3
C0354DA6
C035D233
C0365BB8
C036EA64
C0377E69
C03817FA
C038B74D
C0395C98
C03A0815
C03AB9FF
C03B7295
C03C3214
C03CF8C1
C03DC6DE
C03E9CB3
C03F7A89
C04060AC
C0414F6B
C0424717
C0434804
C0445288
C04566FD
C04685BF
C047AF2E
C048E3AC
C04A239D
C04B6F6A
C04CC77E
C04E2C45
C04F9E32
C0511DB6
C052AB47
C054475E
C055F275
C057AD09
C0597798
C05B52A4
C05D3EAD
C05F3C36
C0614BC4
C0636DD9
C065A2FB
C067EBAC
C06A486D
C06CB9C1
C06F4023
C071DC10
C0748DFE
C0775660
C07A35A3
C07D2C2E
C0801D31
C081B04B
C0834F8E
C084FB1D
C086B315
C088778F
C08A489F
C08C2650
C08E10A8
C09007A7
C0920B46
C0941B76
C0963820
C0986129
C09A966B
C09CD7BD
C09F24ED
C0A17DC1
C0A3E1FC
C0A6515A
C0A8CB8F
C0AB504E
C0ADDF44
C0B07818
C0B31A70
C0B5C5EF
C0B87A35
C0BB36DF
C0BDFB8C
C0C0C7D8
C0C39B5F
C0C675BE
C0C95692
C0CC3D79
C0CF2A15
C0D21C07
C0D512F2
C0D80E7E
C0DB0E53
C0DE121C
C0E11988
C0E42449
C0E73212
C0EA429A
C0ED559C
C0F06AD5
C0F38204
C0F69AED
C0F9B554
C0FCD102
C0FFEDC2
C10185B0
C10314D6
C104A43C
C10633CC
C107C370
C1095314
C10AE2A4
C10C720F
C10E0142
C10F902B
C1111EBB
C112ACE1
C1143A8D
C115C7B0
C117543B
C118E020
C11A6B51
C11BF5C0
C11D7F5E
C11F081F
C1208FF5
C12216D3
C1239CAB
C1252171
C126A517
C1282790
C129A8D0
C12B28C7
C12CA76B
C12E24AD
C12FA07F
C1311AD5
C13293A0
C1340AD4
C1358062
C136F43D
C1386657
C139D6A1
C13B450F
C13CB191
C13E1C1A
C13F849B
C140EB07
C1424F50
C143B168
C1451141
C1466ECD
C147C9FE
C14922C9
C14A791F
C14BCCF4
C14D1E3B
C14E6CE9
C14FB8F1
C1510249
C15248E6
C1538CBE
C154CDC7
C1560BF8
C157474A
C1587FB4
C159B530
C15AE7B7
C15C1745
C15D43D5
C15E6D63
C15F93ED
C160B770
C161D7EB
C162F560
C1640FCD
C1652736
C1663B9B
C1674D02
C1685B6E
C16966E4
C16A6F6A
C16B7506
C16C77C1
C16D77A2
C16E74B2
C16F6EFA
C1706686
C1715B5E
C1724D8F
C1733D24
C1742A29
C17514AB
C175FCB6
C176E258
C177C59D
C178A694
C179854A
C17A61CD
C17B3C2B
C17C1472
C17CEAB0
C17DBEF4
C17E914A
C17F61C1
C1801833
C1807EA5
C180E43B
C18148FD
C181ACF1
C182101D
C1827289
C182D43A
C1833537
C1839585
C183F52A
C184542D
C184B292
C185105F
C1856D9A
C185CA47
C186266C
C186820E
C186DD30
C18737D9
C187920B
C187EBCD
C1884521
C1889E0C
C031E1B6
C0322E11
C0327D49
C032CF78
C03324BD
C0337D33
C033D8FA
C0343831
C0349AFA
C0350176
C0356BC9
C035DA18
C0364C8A
C036C345
C0373E73
C037BE3F
C03842D5
C038CC63
C0395B18
C039EF27
C03A88C3
C03B2820
C03BCD77
C03C7900
C03D2AF7
C03DE398
C03EA325
C03F69DF
C040380A
C0410DEE
C041EBD4
C042D207
C043C0D7
C044B894
C045B992
C046C429
C047D8B1
C048F787
C04A210B
C04B559F
C04C95A7
C04DE18B
C04F39B7
C0509E98
C052109F
C053903E
C0551DEC
C056BA20
C0586556
C05A200A
C05BEABA
C05DC5E8
C05FB215
C061AFC4
C063BF78
C065E1B6
C0681702
C06A5FDE
C06CBCCD
C06F2E4F
C071B4E3
C0745102
C0770325
C079CBBE
C07CAB3A
C07FA201
C0815839
C082EB74
C0848AD8
C0863689
C087EEA6
C089B346
C08B847C
C08D6256
C08F4CD8
C0914404
C09347D0
C095582F
C097750B
C0999E47
C09BD3BF
C09E1549
C0A062B2
C0A2BBC3
C0A5203C
C0A78FDB
C0AA0A54
C0AC8F5A
C0AF1E98
C0B1B7B9
C0B45A60
C0B70632
C0B9BACD
C0BC77D1
C0BF3CDB
C0C20987
C0C4DD73
C0C7B83A
C0CA997B
C0CD80D4
C0D06DE6
C0D36052
C0D657BD
C0D953CD
C0DC542C
C0DF5885
C0E26087
C0E56BE4
C0E87A4E
C0EB8B7F
C0EE9F31
C0F1B520
C0F4CD0D
C0F7E6BB
C0FB01F0
C0FE1E74
C1009E09
C1022D4C
C103BCEA
C1054CCE
C106DCDF
C1086D0B
C109FD3C
C10B8D5F
C10D1D62
C10EAD33
C1103CC2
C111CBFD
C1135AD4
C114E939
C116771D
C1180470
C1199124
C11B1D2D
C11CA87B
C11E3302
C11FBCB4
C1214585
C122CD67
C124544C
C125DA2A
C1275EF2
C128E297
C12A650D
C12BE648
C12D6639
C12EE4D4
C130620B
C131DDD3
C133581C
C134D0DA
C1364800
C137BD7F
C139314B
C13AA354
C13C138E
C13D81EB
C13EEE5C
C14058D3
C141C144
C143279E
C1448BD6
C145EDDC
C1474DA4
C148AB1E
C14A063F
C14B5EF9
C14CB53E
C14E0902
C14F5A39
C150A8D7
C151F4D0
C1533E18
C15484A6
C155C86F
C157096A
C158478D
C15982D1
C15ABB2D
C15BF09C
C15D2316
C15E5298
C15F7F1B
C160A89D
C161CF1B
C162F293
C1641304
C165306D
C1664AD0
C167622E
C168768A
C16987E7
C16A964A
C16BA1B6
C16CAA34
C16DAFC8
C16EB27A
C16FB253
C170AF5B
C171A99C
C172A120
C17395F1
C174881B
C17577AA
C17664A8
C1774F24
C1783729
C1791CC5
C17A0004
C17AE0F6
C17BBFA7
C17C9C24
C17D767E
C17E4EC0
C17F24F9
C17FF938
C18065C5
C180CDFE
C181354F
C1819BBF
C1820153
C1826613
C182CA05
C1832D30
C1838F9A
C183F14A
C1845245
C184B292
C1851236
C1857137
C185CF9B
C1862D67
C1868AA0
C186E74C
C1874370
C1879F10
C187FA32
C18854DA
C188AF0B
C18908CC
C189621F
C0345216
C0349E76
C034EDB3
C0353FE8
C0359532
C035EDAE
C036497A
C036A8B8
C0370B87
C0377209
C037DC63
C0384ABA
C038BD32
C03933F5
C039AF2B
C03A2EFF
C03AB39E
C03B3D35
C03BCBF4
C03C600D
C03CF9B2
C03D991A
C03E3E7C
C03EEA10
C03F9C12
C04054C0
C0411459
C041DB21
C042A95A
C0437F4C
C0445D40
C0454383
C0463262
C0472A30
C0482B3F
C04935E8
C04A4A83
C04B696C
C04C9304
C04DC7AD
C04F07CA
C05053C5
C051AC09
C0531102
C0548322
C05602DC
C05790A5
C0592CF6
C05AD849
C05C931C
C05E5DEC
C060393B
C062258B
C064235D
C0663337
C068559C
C06A8B10
C06CD416
C06F3130
C071A2E0
C07429A2
C076C5F3
C0797849
C07C4117
C07F20CA
C0810BE5
C082933C
C0842695
C085C619
C08771EC
C0892A2B
C08AEEEF
C08CC04B
C08E9E4C
C09088F7
C092804D
C0948445
C09694D2
C098B1DE
C09ADB4B
C09D10F7
C09F52B6
C0A1A057
C0A3F9A1
C0A65E57
C0A8CE34
C0AB48EF
C0ADCE38
C0B05DBD
C0B2F727
C0B59A1B
C0B8463B
C0BAFB29
C0BDB883
C0C07DE6
C0C34AF0
C0C61F3C
C0C8FA68
C0CBDC11
C0CEC3D7
C0D1B15A
C0D4A43C
C0D79C22
C0DA98B2
C0DD9996
C0E09E79
C0E3A70B
C0E6B2FD
C0E9C204
C0ECD3D7
C0EFE831
C0F2FECF
C0F61773
C0F931DF
C0FC4DD9
C0FF6B2B
C10144D0
C102D482
C1046494
C105F4EF
C107857E
C109162C
C10AA6E5
C10C3795
C10DC82B
C10F5894
C110E8C1
C11278A1
C1140824
C115973B
C11725D7
C118B3EB
C11A4167
C11BCE3F
C11D5A65
C11EE5CC
C1207067
C121FA29
C1238305
C1250AEF
C12691DA
C12817B9
C1299C80
C12B2023
C12CA294
C12E23C8
C12FA3B0
C1312241
C1329F6E
C1341B29
C1359565
C1370E15
C138852C
C139FA9C
C13B6E57
C13CE050
C13E5079
C13FBEC5
C1412B25
C142958B
C143FDEA
C1456433
C146C85A
C1482A4F
C1498A05
C14AE76F
C14C427F
C14D9B27
C14EF15C
C1504511
C1519638
C152E4C6
C15430AF
C15579E9
C156C068
C1580422
C159450E
C15A8324
C15BBE5A
C15CF6A9
C15E2C0B
C15F5E79
C1608DEE
C161BA65
C162E3DC
C1640A4E
C1652DBB
C1664E21
C1676B80
C16885D9
C1699D2D
C16AB180
C16BC2D4
C16CD12D
C16DDC91
C16EE505
C16FEA91
C170ED3C
C171ED0D
C172EA0D
C173E447
C174DBC4
C175D08E
C176C2B2
C177B23A
C1789F32
C17989A7
C17A71A7
C17B573D
C17C3A77
C17D1B63
C17DFA0F
C17ED688
C17FB0DC
C180448D
C180AFA7
C18119C5
C18182EB
C181EB23
C1825272
C182B8DF
C1831E72
C1838330
C183E721
C1844A4A
C184ACB3
C1850E61
C1856F5A
C185CFA6
C1862F48
C1868E48
C186ECAB
C1874A76
C187A7AE
C1880459
C188607C
C188BC1B
C189173B
C18971E2
C189CC13
C18A25D2
C036C2A0
C0370F05
C0375E47
C037B081
C03805D0
C0385E51
C038BA24
C0391967
C0397C3C
C039E2C5
C03A4D26
C03ABB83
C03B2E02
C03BA4CD
C03C200A
C03C9FE7
C03D248D
C03DAE2D
C03E3CF5
C03ED117
C03F6AC6
C0400A38
C040AFA4
C0415B43
C0420D51
C042C60A
C04385B0
C0444C84
C0451ACA
C045F0CA
C046CECC
C047B51E
C048A40C
C0499BEA
C04A9D0A
C04BA7C4
C04CBC71
C04DDB6D
C04F0518
C05039D5
C0517A07
C052C618
C0541E72
C0558383
C056F5BB
C058758E
C05A0371
C05B9FDE
C05D4B4E
C05F063E
C060D12D
C062AC9C
C064990D
C0669702
C068A700
C06AC98A
C06CFF24
C06F4853
C071A597
C0741772
C0769E62
C0793AE2
C07BED69
C07EB66A
C080CB29
C08246C4
C083CE38
C08561AF
C0870152
C088AD45
C08A65A6
C08C2A8D
C08DFC0D
C08FDA33
C091C506
C093BC84
C095C0A7
C097D15F
C099EE99
C09C1836
C09E4E13
C0A09005
C0A2DDDC
C0A5375E
C0A79C4E
C0AA0C67
C0AC8760
C0AF0CEB
C0B19CB4
C0B43664
C0B6D9A1
C0B9860E
C0BC3B4C
C0BEF8F8
C0C1BEB1
C0C48C14
C0C760BD
C0CA3C4A
C0CD1E58
C0D00687
C0D2F476
C0D5E7CA
C0D8E026
C0DBDD31
C0DEDE94
C0E1E3FC
C0E4ED18
C0E7F99A
C0EB0936
C0EE1BA5
C0F130A1
C0F447E9
C0F7613C
C0FA7C5F
C0FD9917
C1005B97
C101EB38
C1037B55
C1050BD7
C1069CA6
C1082DAE
C109BED9
C10B5013
C10CE14B
C10E726E
C110036A
C1119430
C11324AE
C114B4D6
C1164498
C117D3E7
C11962B3
C11AF0F0
C11C7E90
C11E0B86
C11F97C4
C121233F
C122ADE9
C12437B7
C125C09B
C127488A
C128CF77
C12A5556
C12BDA1A
C12D5DB8
C12EE023
C130614E
C131E12D
C1335FB2
C134DCD3
C1365880
C137D2AE
C1394B50
C13AC257
C13C37B7
C13DAB62
C13F1D4A
C1408D63
C141FB9D
C14367EC
C144D241
C1463A8E
C147A0C6
C14904DB
C14A66BF
C14BC664
C14D23BD
C14E7EBC
C14FD755
C1512D7A
C152811E
C153D235
C15520B4
C1566C8E
C157B5B9
C158FC2A
C15A3FD6
C15B80B5
C15CBEBC
C15DF9E5
C15F3228
C160677D
C16199DF
C162C948
C163F5B4
C1651F1F
C1664586
C16768E8
C1688944
C169A699
C16AC0E8
C16BD833
C16CEC7C
C16DFDC6
C16F0C17
C1701772
C1711FDF
C1722563
C1732805
C17427CF
C17524C8
C1761EFB
C1771671
C1780B35
C178FD51
C179ECD3
C17AD9C6
C17BC435
C17CAC2F
C17D91BF
C17E74F4
C17F55DB
C1801A41
C180887B
C180F5A3
C18161C0
C181CCD8
C18236F3
C182A018
C183084D
C1836F9B
C183D606
C1843B97
C184A053
C1850442
C185676A
C185C9D1
C1862B7E
C1868C76
C186ECC0
C1874C62
C187AB60
C18809C2
C188678B
C188C4C2
C189216C
C1897D8E
C189D92C
C18A344C
C18A8EF2
C18AE921
C0393353
C0397FBD
C039CF03
C03A2142
C03A7696
C03ACF1C
C03B2AF4
C03B8A3D
C03BED18
C03C53A7
C03CBE0E
C03D2C72
C03D9EF8
C03E15CA
C03E910F
C03F10F3
C03F95A1
C0401F49
C040AE1A
C0414245
C041DBFD
C0427B79
C04320EF
C043CC98
C0447EB1
C0453776
C045F727
C046BE07
C0478C5A
C0486267
C0494077
C04A26D7
C04B15D4
C04C0DC1
C04D0EF1
C04E19BC
C04F2E7A
C0504D88
C0517746
C052AC16
C053EC5C
C0553882
C05690F2
C057F619
C0596869
C05AE854
C05C7651
C05E12D8
C05FBE63
C0617970
C063447D
C065200B
C0670C9B
C0690AB2
C06B1AD2
C06D3D80
C06F7340
C071BC95
C0741A02
C0768C07
C0791323
C07BAFD0
C07E6286
C08095DC
C08205E9
C083819F
C085092E
C0869CC2
C0883C83
C089E895
C08BA116
C08D661E
C08F37C1
C091160C
C0930104
C094F8A9
C096FCF5
C0990DD8
C09B2B3D
C09D5508
C09F8B15
C0A1CD39
C0A41B42
C0A674FA
C0A8DA22
C0AB4A75
C0ADC5AA
C0B04B74
C0B2DB7E
C0B57572
C0B818F6
C0BAC5AC
C0BD7B36
C0C03932
C0C2FF3D
C0C5CCF6
C0C8A1F9
C0CB7DE2
C0CE6051
C0D148E5
C0D4373E
C0D72AFE
C0DA23CC
C0DD214C
C0E0232B
C0E32913
C0E632B4
C0E93FC0
C0EC4FEC
C0EF62F1
C0F27889
C0F59072
C0F8AA6E
C0FBC640
C0FEE3AF
C1010142
C1029146
C10421CA
C105B2B7
C10743F5
C108D571
C10A6714
C10BF8CC
C10D8A87
C10F1C31
C110ADBA
C1123F12
C113D029
C11560EF
C116F157
C1188151
C11A10CF
C11B9FC6
C11D2E26
C11EBBE3
C12048F2
C121D544
C12360CE
C124EB85
C126755A
C127FE44
C1298635
C12B0D21
C12C92FD
C12E17BD
C12F9B54
C1311DB7
C1329ED8
C1341EAB
C1359D25
C1371A38
C13895D8
C13A0FF7
C13B8889
C13CFF80
C13E74D0
C13FE86A
C1415A41
C142CA49
C1443872
C145A4AF
C1470EF3
C148772F
C149DD56
C14B415A
C14CA32C
C14E02C1
C14F6009
C150BAF8
C1521381
C1536995
C154BD2A
C1560E32
C1575CA2
C158A86D
C159F18A
C15B37EC
C15C7B8B
C15DBC5C
C15EFA56
C1603572
C1616DA8
C162A2F1
C163D547
C16504A4
C1663105
C1675A65
C16880C2
C169A41A
C16AC46B
C16BE1B6
C16CFBFC
C16E133D
C16F277D
C17038BF
C1714708
C172525B
C1735ABF
C174603B
C17562D6
C1766299
C1775F8B
C17859B7
C1795126
C17A45E4
C17B37FA
C17C2776
C17D1463
C17DFECC
C17EE6C1
C17FCC4C
C18057BE
C180C82F
C1813780
C181A5B8
C18212DD
C1827EF8
C182EA0E
C1835427
C183BD4A
C184257E
C1848CC9
C184F333
C18558C2
C185BD7D
C186216A
C1868491
C186E6F6
C18748A2
C187A999
C18809E1
C1886981
C188C87F
C18926DF
C18984A7
C189E1DE
C18A3E86
C18A9AA7
C18AF644
C18B5163
C18BAC08
C03BA42D
C03BF09B
C03C3FE5
C03C9229
C03CE782
C03D400E
C03D9BEB
C03DFB39
C03E5E19
C03EC4AE
C03F2F1C
C03F9D86
C0401013
C04086EB
C0410237
C0418222
C04206D9
C0429089
C0431F62
C043B395
C0444D57
C044ECDC
C045925B
C0463E0F
C046F032
C047A902
C04868BE
C0492FAA
C049FE09
C04AD422
C04BB240
C04C98AD
C04D87B9
C04E7FB5
C04F80F4
C0508BCE
C051A09D
C052BFBD
C053E98C
C0551E6F
C0565EC9
C057AB03
C0590387
C05A68C4
C05BDB2B
C05D5B2E
C05EE943
C06085E3
C0623189
C063ECB1
C065B7DA
C0679386
C0698035
C06B7E6C
C06D8EAD
C06FB17E
C071E762
C07430DC
C0768E70
C079009E
C07B87E3
C07E24BC
C0806BD0
C081D080
C08340A6
C084BC76
C086441F
C087D7CF
C08977AC
C08B23DC
C08CDC7C
C08EA1A4
C0907369
C09251D6
C0943CF2
C09634BE
C0983930
C09A4A3C
C09C67CC
C09E91C2
C0A0C7FD
C0A30A51
C0A5588C
C0A7B277
C0AA17D4
C0AC885F
C0AF03CF
C0B189D4
C0B41A1D
C0B6B453
C0B9581A
C0BC0517
C0BEBAEB
C0C17933
C0C43F8E
C0C70D99
C0C9E2F2
C0CCBF35
C0CFA201
C0D28AF6
C0D579B3
C0D86DDD
C0DB6717
C0DE6509
C0E1675E
C0E46DC1
C0E777E1
C0EA8572
C0ED9629
C0F0A9BE
C0F3BFEC
C0F6D871
C0F9F30F
C0FD0F8A
C10016D4
C101A69B
C10336FD
C104C7E4
C1065938
C107EAE1
C1097CCC
C10B0EE4
C10CA114
C10E334C
C10FC579
C111578A
C112E96F
C1147B18
C1160C77
C1179D7D
C1192E1C
C11ABE46
C11C4DEE
C11DDD08
C11F6B86
C120F95C
C122867E
C12412E0
C1259E77
C1272935
C128B310
C12A3BFB
C12BC3EC
C12D4AD6
C12ED0AD
C1305566
C131D8F5
C1335B4E
C134DC64
C1365C2B
C137DA98
C139579D
C13AD32D
C13C4D3D
C13DC5BF
C13F3CA6
C140B1E5
C142256F
C1439735
C145072B
C1467543
C147E16F
C1494BA1
C14AB3CC
C14C19E2
C14D7DD5
C14EDF97
C1503F1B
C1519C53
C152F732
C1544FAA
C155A5AF
C156F935
C1584A2E
C159988F
C15AE44C
C15C2D5A
C15D73AF
C15EB740
C15FF804
C16135F1
C1627101
C163A92B
C164DE68
C16610B2
C1674004
C1686C5A
C16995AF
C16ABC02
C16BDF4F
C16CFF97
C16E1CD9
C16F3715
C1704E4D
C1716285
C17273BE
C17381FE
C1748D4A
C17595A6
C1769B1B
C1779DAF
C1789D6A
C1799A56
C17A947B
C17B8BE4
C17C809B
C17D72AC
C17E6222
C17F4F08
C1801CB6
C18090AE
C1810371
C1817507
C181E575
C18254C4
C182C2F9
C183301D
C1839C35
C184074A
C1847161
C184DA82
C18542B4
C185A9FD
C1861065
C18675F3
C186DAAC
C1873E98
C187A1BD
C1880421
C18865CB
C188C6C1
C1892708
C18986A7
C189E5A3
C18A4403
C18AA1CA
C18AFEFF
C18B5BA7
C18BB7C7
C18C1363
C18C6E81
C03E152D
C03E619E
C03EB0ED
C03F0335
C03F5893
C03FB123
C0400D05
C0406C59
C040CF3F
C04135DA
C041A04D
C0420EBD
C0428150
C042F82F
C0437382
C043F374
C0447832
C04501EA
C04590CB
C0462507
C046BED1
C0475E5F
C04803E8
C048AFA5
C04961D2
C04A1AAC
C04ADA74
C04BA16B
C04C6FD5
C04D45FB
C04E2425
C04F0AA0
C04FF9B9
C050F1C3
C051F311
C052FDFB
C05412DA
C055320A
C0565BEB
C05790DF
C058D14C
C05A1D99
C05B7632
C05CDB84
C05E4E00
C05FCE1A
C0615C46
C062F8FF
C064A4BE
C0666000
C0682B45
C06A070D
C06BF3DA
C06DF230
C0700291
C0722583
C0745B8A
C076A528
C07902E1
C07B7536
C07DFCA4
C0804CD3
C081A65B
C0830B22
C0847B60
C085F748
C0877F0B
C08912D5
C08AB2CE
C08C5F1A
C08E17D8
C08FDD1F
C091AF04
C0938D93
C09578D2
C09770C2
C099755A
C09B868D
C09DA445
C09FCE66
C0A204CD
C0A4474F
C0A695BA
C0A8EFD7
C0AB5567
C0ADC628
C0B041CF
C0B2C80F
C0B55894
C0B7F308
C0BA9711
C0BD4452
C0BFFA6C
C0C2B8FD
C0C57FA5
C0C84E00
C0CB23AB
C0CE0044
C0D0E36A
C0D3CCBC
C0D6BBDA
C0D9B068
C0DCAA0B
C0DFA86B
C0E2AB31
C0E5B20A
C0E8BCA6
C0EBCAB7
C0EEDBF2
C0F1F011
C0F506CF
C0F81FEB
C0FB3B25
C0FE5842
C100BB85
C1024BA3
C103DC61
C1056DA7
C106FF5D
C108916E
C10A23C4
C10BB64B
C10D48EF
C10EDB9F
C1106E4A
C11200DD
C113934A
C1152581
C116B772
C1184911
C119DA4E
C11B6B1D
C11CFB71
C11E8B3D
C1201A74
C121A90B
C12336F5
C124C427
C1265095
C127DC33
C12966F7
C12AF0D4
C12C79BF
C12E01AD
C12F8892
C1310E63
C1329314
C1341699
C13598E6
C13719F0
C13899AB
C13A1809
C13B94FF
C13D1081
C13E8A81
C14002F3
C14179C9
C142EEF7
C144626F
C145D425
C1474409
C148B210
C14A1E2B
C14B884C
C14CF066
C14E566B
C14FBA4D
C1511BFE
C1527B72
C153D89A
C1553368
C1568BD1
C157E1C7
C159353E
C15A8628
C15BD47A
C15D2029
C15E692A
C15FAF71
C160F2F5
C16233AC
C163718D
C164AC91
C165E4AF
C16719E0
C1684C1F
C1697B66
C16AA7B1
C16BD0FC
C16CF745
C16E1A89
C16F3AC7
C17057FF
C1717233
C1728963
C1739D92
C174AEC3
C175BCFB
C176C83F
C177D094
C178D601
C179D88E
C17AD842
C17BD527
C17CCF46
C17DC6A9
C17EBB5A
C17FAD65
C1804E6B
C180C4DC
C1813A0B
C181AE00
C18220C1
C1829254
C18302C0
C183720D
C183E040
C1844D62
C184B978
C185248A
C1858EA0
C185F7BF
C1865FEF
C186C737
C1872D9D
C1879329
C187F7E1
C1885BCC
C188BEEF
C1892152
C18982FB
C189E3EF
C18A4435
C18AA3D3
C18B02CE
C18B612C
C18BBEF3
C18C1C27
C18C78CE
C18CD4EC
C18D3088
C0408650
C040D2C6
C0412219
C0417465
C041C9C7
C042225C
C0427E43
C042DD9C
C0434087
C043A727
C04411A0
C0448016
C044F2AF
C0456995
C045E4EE
C04664E7
C046E9AC
C047736B
C0480254
C0489698
C049306A
C049D001
C04A7593
C04B2159
C04BD390
C04C8C74
C04D4C46
C04E1348
C04EE1BE
C04FB7F0
C0509626
C0517CAD
C0526BD4
C05363EB
C0546548
C0557041
C056852F
C057A46F
C058CE60
C05A0366
C05B43E4
C05C9044
C05DE8F1
C05F4E57
C060C0E8
C0624117
C063CF5B
C0656C2B
C0671802
C068D35E
C06A9EBD
C06C7AA1
C06E678A
C07065FD
C072767E
C0749990
C076CFB7
C0791979
C07B7756
C07DE9D0
C08038B2
C0818748
C082E0E4
C08445C1
C085B616
C0873216
C088B9F1
C08A4DD5
C08BEDE9
C08D9A50
C08F532B
C0911890
C092EA94
C094C943
C096B4A4
C098ACB6
C09AB172
C09CC2CB
C09EE0AB
C0A10AF5
C0A34186
C0A58433
C0A7D2CC
C0AA2D19
C0AC92DB
C0AF03CF
C0B17FAC
C0B40623
C0B696E3
C0B93193
C0BBD5DB
C0BE835D
C0C139BB
C0C3F893
C0C6BF85
C0C98E2C
C0CC6427
C0CF4113
C0D2248E
C0D50E3A
C0D7FDB5
C0DAF2A4
C0DDECAC
C0E0EB75
C0E3EEA8
C0E6F5F2
C0EA0104
C0ED0F90
C0F0214C
C0F335F0
C0F64D39
C0F966E4
C0FC82B4
C0FFA06E
C1015FEC
C102F05E
C1048174
C1061316
C107A52B
C109379F
C10ACA5C
C10C5D4E
C10DF062
C10F8386
C11116A9
C112A9B9
C1143CA9
C115CF67
C11761E6
C118F417
C11A85ED
C11C175B
C11DA854
C11F38CB
C120C8B5
C1225805
C123E6B0
C12574A9
C12701E7
C1288E5E
C12A1A01
C12BA4C7
C12D2EA4
C12EB78C
C1303F76
C131C654
C1334C1D
C134D0C4
C136543E
C137D67F
C139577C
C13AD728
C13C5578
C13DD25F
C13F4DD1
C140C7C0
C1424021
C143B6E7
C1452C04
C1469F6B
C148110F
C14980E3
C14AEED8
C14C5AE2
C14DC4F2
C14F2CFB
C15092EF
C151F6C0
C1535862
C154B7C5
C15614DD
C1576F9C
C158C7F6
C15A1DDD
C15B7145
C15CC220
C15E1065
C15F5C06
C160A4F9
C161EB33
C1632EAA
C1646F55
C165AD2A
C166E822
C1682034
C169555A
C16A878E
C16BB6CB
C16CE30C
C16E0C4D
C16F328B
C17055C6
C17175FB
C172932A
C173AD55
C174C47C
C175D8A3
C176E9CD
C177F7FD
C1790339
C17A0B87
C17B10ED
C17C1374
C17D1322
C17E1000
C17F0A19
C18000BB
C1807B11
C180F413
C1816BC9
C181E237
C1825764
C182CB56
C1833E15
C183AFA6
C1842010
C1848F5A
C184FD8B
C1856AAB
C185D6BF
C18641D0
C186ABE3
C1871501
C1877D2F
C187E476
C1884ADB
C188B065
C189151B
C1897904
C189DC27
C18A3E88
C18AA030
C18B0123
C18B6168
C18BC104
C18C1FFF
C18C7E5C
C18CDC21
C18D3954
C18D95FA
C18DF218
C042F796
C0434410
C0439367
C043E5B7
C0443B1E
C04493B7
C044EFA3
C0454F00
C045B1F1
C0461896
C0468314
C046F190
C047642F
C047DB1A
C048567B
C048D67A
C0495B46
C049E50C
C04A73FC
C04B0848
C04BA222
C04C41C1
C04CE75C
C04D932B
C04E456B
C04EFE59
C04FBE35
C0508542
C05153C3
C05229FF
C0530841
C053EED5
C054DE08
C055D62D
C056D797
C057E29E
C058F79B
C05A16EA
C05B40EC
C05C7602
C05DB692
C05F0304
C0605BC3
C061C13C
C06333E2
C064B426
C066427F
C067DF66
C0698B55
C06B46C9
C06D1242
C06EEE40
C070DB45
C072D9D4
C074EA72
C0770DA3
C07943EB
C07B8DCE
C07DEBCD
C0802F36
C0817313
C082C1BC
C0841B6D
C085805F
C086F0C9
C0886CDF
C089F4D2
C08B88CF
C08D28FC
C08ED57F
C0908E74
C09253F6
C0942618
C09604E6
C097F067
C099E89B
C09BED7A
C09DFEF7
C0A01CFD
C0A2476E
C0A47E28
C0A6C100
C0A90FC5
C0AB6A3F
C0ADD031
C0B04157
C0B2BD68
C0B54415
C0B7D50C
C0BA6FF6
C0BD147A
C0BFC23B
C0C278DB
C0C537F7
C0C7FF2F
C0CACE20
C0CDA467
C0D081A3
C0D36571
C0D64F72
C0D93F47
C0DC3494
C0DF2EFD
C0E22E2A
C0E531C6
C0E8397E
C0EB4502
C0EE5404
C0F1663B
C0F47B5F
C0F7932C
C0FAAD62
C0FDC9C3
C1007409
C102040C
C10394D0
C105263A
C106B833
C1084AA4
C109DD77
C10B7097
C10D03F0
C10E976F
C1102B03
C111BE9A
C1135223
C114E590
C11678D1
C1180BD7
C1199E96
C11B30FF
C11CC305
C11E549D
C11FE5B9
C121764E
C1230651
C12495B5
C126246F
C127B275
C1293FBB
C12ACC37
C12C57DD
C12DE2A2
C12F6C7C
C130F560
C1327D43
C1340419
C13589D8
C1370E74
C13891E2
C13A1416
C13B9505
C13D14A3
C13E92E3
C1400FBA
C1418B1C
C14304FB
C1447D4B
C145F400
C147690C
C148DC62
C14A4DF5
C14BBDB7
C14D2B9B
C14E9794
C1500193
C151698B
C152CF6F
C1543330
C15594C1
C156F415
C158511D
C159ABCD
C15B0418
C15C59F0
C15DAD49
C15EFE17
C1604C4E
C16197E2
C162E0C8
C16426F5
C1656A5F
C166AAFE
C167E8C7
C16923B3
C16A5BBA
C16B90D6
C16CC2FF
C16DF232
C16F1E68
C17047A0
C1716DD5
C1729106
C173B132
C174CE59
C175E87B
C176FF9B
C17813BA
C17924DB
C17A3304
C17B3E39
C17C4680
C17D4BE0
C17E4E5F
C17F4E07
C1802570
C180A279
C1811E25
C1819878
C1821178
C182892A
C182FF96
C18374C1
C183E8B1
C1845B6D
C184CCFC
C1853D64
C185ACAC
C1861ADB
C18687F9
C186F40B
C1875F1A
C187C92C
C1883248
C1889A74
C18901B9
C189681D
C189CDA6
C18A325B
C18A9642
C18AF963
C18B5BC4
C18BBD6A
C18C1E5C
C18C7EA0
C18CDE3B
C18D3D34
C18D9B90
C18DF955
C18E5687
C18EB32C
C04568FE
C045B57B
C04604D6
C046572B
C046AC95
C0470533
C0476123
C047C085
C048237A
C0488A25
C048F4A8
C0496329
C049D5CE
C04A4CBF
C04AC826
C04B482C
C04BCCFE
C04C56CB
C04CE5C2
C04D7A15
C04E13F7
C04EB39E
C04F5941
C0500519
C050B762
C051705A
C052303F
C052F756
C053C5E1
C0549C29
C0557A76
C0566115
C0575055
C0584886
C05949FE
C05A5512
C05B6A1D
C05C897C
C05DB38D
C05EE8B3
C0602954
C06175D7
C062CEA7
C0643434
C065A6ED
C0672745
C068B5B3
C06A52AF
C06BFEB5
C06DBA41
C06F85D2
C07161EA
C0734F09
C0754DB4
C0775E6F
C07981BD
C07BB824
C07E0227
C0803024
C0816984
C082AD73
C083FC2F
C08555F3
C086BAFA
C0882B79
C089A7A5
C08B2FAF
C08CC3C3
C08E6409
C09010A5
C091C9B5
C0938F53
C0956191
C097407D
C0992C1D
C09B2472
C09D2973
C09F3B12
C0A1593C
C0A383D3
C0A5BAB4
C0A7FDB5
C0AA4CA4
C0ACA74B
C0AF0D6B
C0B17EC0
C0B3FB03
C0B681E3
C0B91310
C0BBAE32
C0BE52F1
C0C100EE
C0C3B7CC
C0C6772A
C0C93EA6
C0CC0DDD
C0CEE46E
C0D1C1F6
C0D4A614
C0D79068
C0DA8094
C0DD763A
C0E07100
C0E3708F
C0E67490
C0E97CB0
C0EC88A1
C0EF9815
C0F2AAC2
C0F5C061
C0F8D8AF
C0FBF36A
C0FF1055
C101179A
C102A7E8
C10438FA
C105CAB6
C1075D04
C108EFCD
C10A82FB
C10C167A
C10DAA36
C10F3E1C
C110D21B
C1126621
C113FA1F
C1158E04
C11721C2
C118B54C
C11A4892
C11BDB88
C11D6E22
C11F0052
C120920D
C1222347
C123B3F5
C125440B
C126D37F
C1286245
C129F054
C12B7D9F
C12D0A1D
C12E95C3
C1302086
C131AA5B
C1333338
C134BB13
C13641E0
C137C794
C1394C24
C13ACF84
C13C51AB
C13DD28B
C13F5219
C140D04A
C1424D11
C143C862
C1454230
C146BA70
C1483113
C149A60E
C14B1953
C14C8AD4
C14DFA85
C14F6859
C150D440
C1523E2F
C153A617
C1550BEA
C1566F9B
C157D11C
C1593060
C15A8D5A
C15BE7FB
C15D4037
C15E9601
C15FE94C
C1613A0C
C1628835
C163D3BC
C1651C95
C16662B6
C167A614
C168E6A7
C16A2465
C16B5F46
C16C9742
C16DCC53
C16EFE72
C1702D9A
C17159C7
C17282F5
C173A921
C174CC49
C175EC6D
C177098B
C17823A5
C1793ABD
C17A4ED4
C17B5FEF
C17C6E10
C17D793F
C17E817F
C17F86D8
C18044A9
C180C479
C18142E3
C181BFE9
C1823B92
C182B5E2
C1832EE0
C183A690
C1841CF9
C1849221
C185060F
C18578C9
C185EA56
C1865ABB
C186CA02
C187382F
C187A54B
C188115C
C1887C69
C188E679
C1894F93
C189B7BE
C18A1F02
C18A8564
C18AEAEB
C18B4F9F
C18BB385
C18C16A5
C18C7904
C18CDAA9
C18D3B9A
C18D9BDD
C18DFB77
C18E5A6F
C18EB8CA
C18F168E
C18F73BF
C047DA85
C0482706
C0487665
C048C8BD
C0491E2C
C04976CE
C049D2C3
C04A3229
C04A9523
C04AFBD2
C04B665A
C04BD4E1
C04C478B
C04CBE82
C04D39EE
C04DB9FB
C04E3ED3
C04EC8A7
C04F57A5
C04FEBFF
C05085E9
C0512597
C051CB42
C0527722
C0532974
C053E274
C054A264
C0556984
C0563819
C0570E6B
C057ECC4
C058D36E
C059C2B9
C05ABAF7
C05BBC7B
C05CC79D
C05DDCB6
C05EFC22
C0602642
C0615B78
C0629C28
C063E8BC
C065419E
C066A73D
C0681A08
C0699A74
C06B28F6
C06CC608
C06E7223
C0702DC6
C071F96E
C073D59E
C075C2D7
C077C19D
C079D273
C07BF5DE
C07E2C62
C0803B42
C0816A62
C082A3D3
C083E7D4
C08536A2
C0869079
C087F593
C0896626
C08AE268
C08C6A87
C08DFEB2
C08F9F0F
C0914BC4
C09304EE
C094CAA6
C0969D00
C0987C09
C09A67C7
C09C603A
C09E655B
C0A0771D
C0A29569
C0A4C025
C0A6F72C
C0A93A54
C0AB896C
C0ADE43D
C0B04A89
C0B2BC0C
C0B5387E
C0B7BF91
C0BA50F1
C0BCEC49
C0BF913F
C0C23F77
C0C4F691
C0C7B62E
C0CA7DEB
C0CD4D67
C0D0243F
C0D30210
C0D5E67B
C0D8D11F
C0DBC19D
C0DEB799
C0E1B2B9
C0E4B2A5
C0E7B707
C0EABF8D
C0EDCBE6
C0F0DBC8
C0F3EEE6
C0F704FC
C0FA1DC5
C0FD3900
C1002B38
C101BAED
C1034B83
C104DCE0
C1066EEA
C1080189
C10994A6
C10B282D
C10CBC07
C10E5022
C10FE46C
C11178D2
C1130D43
C114A1B0
C116360A
C117CA41
C1195E47
C11AF210
C11C858E
C11E18B5
C11FAB78
C1213DCC
C122CFA5
C12460F8
C125F1BA
C12781E0
C1291160
C12AA02F
C12C2E42
C12DBB90
C12F480D
C130D3B1
C1325E6F
C133E83E
C1357113
C136F8E4
C1387FA6
C13A054E
C13B89D1
C13D0D24
C13E8F3B
C140100C
C1418F8B
C1430DAC
C1448A62
C14605A2
C1477F60
C148F78E
C14A6E20
C14BE30A
C14D563D
C14EC7AE
C150374E
C151A510
C15310E7
C1547AC5
C155E29D
C1574860
C158AC01
C15A0D73
C15B6CA8
C15CC992
C15E2425
C15F7C52
C160D20E
C162254C
C16375FF
C164C41B
C1660F95
C1675861
C1689E76
C169E1C9
C16B2250
C16C6003
C16D9AD8
C16ED2CA
C17007D1
C17139E6
C1726904
C1739528
C174BE4D
C175E470
C1770790
C17827AB
C17944C1
C17A5ED3
C17B75E3
C17C89F3
C17D9B06
C17EA921
C17FB449
C1805E41
C180E0EB
C1816224
C181E1F2
C1826058
C182DD5C
C1835902
C183D350
C1844C4B
C184C3F9
C1853A60
C185AF86
C1862371
C1869629
C18707B3
C1877817
C187E75C
C1885587
C188C2A1
C1892EB0
C18999BC
C18A03CA
C18A6CE3
C18AD50D
C18B3C4E
C18BA2AF
C18C0835
C18C6CE8
C18CD0CD
C18D33EB
C18D9649
C18DF7ED
C18E58DD
C18EB91F
C18F18B8
C18F77AF
C18FD60A
C19033CC
C04A4C2C
C04A98B0
C04AE813
C04B3A6F
C04B8FE1
C04BE887
C04C4480
C04CA3EB
C04D06E9
C04D6D9D
C04DD82A
C04E46B6
C04EB966
C04F3062
C04FABD4
C0502BE6
C050B0C5
C0513A9E
C051C9A3
C0525E04
C052F7F5
C05397AB
C0543D5D
C054E946
C0559BA0
C05654A9
C05714A1
C057DBCA
C058AA6A
C05980C6
C05A5F29
C05B45DE
C05C3535
C05D2D7E
C05E2F0F
C05F3A3D
C0604F63
C0616EDD
C062990B
C063CE50
C0650F10
C0665BB4
C067B4A6
C0691A56
C06A8D33
C06C0DB2
C06D9C48
C06F396D
C070E59E
C072A156
C0746D15
C076495D
C07836AE
C07A358D
C07C467E
C07E6A04
C0805053
C0817572
C082A4A2
C083DE23
C0852235
C0867114
C087CAFD
C0893029
C08AA0D0
C08C1D26
C08DA55B
C08F399B
C090DA10
C09286DC
C094401F
C09605F0
C097D865
C099B789
C09BA364
C09D9BF5
C09FA135
C0A1B317
C0A3D185
C0A5FC64
C0A8338F
C0AA76DD
C0ACC61C
C0AF2116
C0B1878D
C0B3F93C
C0B675DC
C0B8FD1E
C0BB8EB0
C0BE2A3C
C0C0CF68
C0C37DD8
C0C6352C
C0C8F505
C0CBBD01
C0CE8CBE
C0D163DA
C0D441F3
C0D726A7
C0DA1197
C0DD0265
C0DFF8B4
C0E2F42A
C0E5F470
C0E8F92F
C0EC0216
C0EF0ED5
C0F21F1F
C0F532AB
C0F84933
C0FB6272
C0FE7E28
C100CE0C
C1025E04
C103EEDF
C1058084
C10712D9
C108A5C6
C10A3935
C10BCD10
C10D6142
C10EF5B9
C1108A62
C1121F2B
C113B403
C11548DC
C116DDA5
C1187250
C11A06CF
C11B9B16
C11D2F16
C11EC2C5
C1205615
C121E8FC
C1237B6E
C1250D5F
C1269EC6
C1282F98
C129BFCB
C12B4F53
C12CDE27
C12E6C3D
C12FF98A
C1318606
C13311A4
C1349C5C
C1362623
C137AEEF
C13936B5
C13ABD6A
C13C4305
C13DC77A
C13F4ABF
C140CCC7
C1424D89
C143CCF7
C1454B07
C146C7AD
C14842DC
C149BC88
C14B34A5
C14CAB27
C14E1FFF
C14F9321
C1510481
C1527410
C153E1C2
C1554D89
C156B756
C1581F1E
C15984D1
C15AE863
C15C49C6
C15DA8EC
C15F05C7
C160604B
C161B86B
C1630E19
C1646149
C165B1EF
C166FFFE
C1684B6C
C169942C
C16ADA35
C16C1D7C
C16D5DF8
C16E9BA0
C16FD66C
C1710E53
C172434F
C173755B
C174A470
C175D08A
C176F9A6
C1781FC1
C17942D8
C17A62EB
C17B7FFA
C17C9A05
C17DB10D
C17EC516
C17FD622
C180721B
C180F7AC
C1817BC5
C181FE6C
C1827FA2
C182FF6D
C1837DD1
C183FAD2
C1847676
C184F0C1
C18569B9
C185E165
C18657C9
C186CCED
C18740D7
C187B38C
C1882515
C1889577
C18904B9
C18972E3
C189DFFB
C18A4C09
C18AB713
C18B2120
C18B8A37
C18BF25F
C18C59A0
C18CBFFF
C18D2584
C18D8A35
C18DEE19
C18E5136
C18EB393
C18F1536
C18F7625
C18FD665
C19035FE
C19094F4
C190F34D
C04CBDF1
C04D0A78
C04D59DE
C04DAC3E
C04E01B4
C04E5A5E
C04EB65B
C04F15CA
C04F78CC
C04FDF85
C0504A17
C050B8A7
C0512B5C
C051A25D
C0521DD4
C0529DEC
C05322D1
C053ACB1
C0543BBC
C054D024
C0556A1B
C05609D8
C056AF92
C0575B82
C0580DE4
C058C6F6
C05986F6
C05A4E29
C05B1CD2
C05BF337
C05CD1A4
C05DB864
C05EA7C6
C05FA01B
C060A1B7
C061ACF1
C062C224
C063E1AC
C0650BE7
C066413A
C0678209
C068CEBC
C06A27BF
C06B8D7F
C06D006E
C06E80FE
C0700FA7
C071ACE0
C0735925
C07514F2
C076E0C7
C078BD25
C07AAA8E
C07CA986
C07EBA90
C0806F18
C0818A77
C082AFA5
C083DEE4
C0851874
C0865C95
C087AB85
C0890580
C08A6ABE
C08BDB78
C08D57E1
C08EE02A
C0907480
C092150A
C093C1ED
C0957B47
C0974132
C09913C0
C09AF2FF
C09CDEF5
C09ED7A3
C0A0DD01
C0A2EF02
C0A50D91
C0A73891
C0A96FDF
C0ABB351
C0AE02B6
C0B05DD8
C0B2C477
C0B53651
C0B7B31D
C0BA3A8D
C0BCCC4F
C0BF680D
C0C20D6C
C0C4BC11
C0C7739E
C0CA33B1
C0CCFBEA
C0CFCBE6
C0D2A343
C0D581A0
C0D8669B
C0DB51D5
C0DE42EF
C0E1398E
C0E43557
C0E735F3
C0EA3B0C
C0ED4450
C0F05170
C0F3621F
C0F67614
C0F98D09
C0FCA6BA
C0FFC2E7
C10170A9
C10300E1
C10491FF
C10623E9
C107B686
C10949BF
C10ADD7C
C10C71A8
C10E062F
C10F9AFE
C1113002
C112C52A
C1145A66
C115EFA5
C11784D9
C11919F4
C11AAEE8
C11C43A7
C11DD825
C11F6C56
C121002E
C12293A2
C12426A7
C125B932
C1274B38
C128DCAF
C12A6D8C
C12BFDC7
C12D8D55
C12F1C2B
C130AA41
C132378C
C133C403
C1354F9B
C136DA4B
C1386408
C139ECC9
C13B7483
C13CFB2C
C13E80B9
C140051F
C1418854
C1430A4D
C1448AFE
C1460A5D
C147885C
C14904F1
C14A800F
C14BF9AA
C14D71B6
C14EE826
C1505CED
C151CFFF
C153414E
C154B0CC
C1561E6D
C1578A24
C158F3E2
C15A5B99
C15BC13D
C15D24C0
C15E8614
C15FE52B
C16141F8
C1629C6E
C163F480
C1654A21
C1669D44
C167EDDD
C1693BE0
C16A8741
C16BCFF6
C16D15F3
C16E592F
C16F99A0
C170D73E
C17211FF
C17349DC
C1747ECF
C175B0D1
C176DFDD
C1780BEF
C1793502
C17A5B14
C17B7E24
C17C9E2F
C17DBB36
C17ED539
C17FEC3B
C180801E
C18108A1
C1818FA8
C1821535
C182994C
C1831BEF
C1839D23
C1841CEB
C1849B4C
C185184B
C18593EC
C1860E35
C186872B
C186FED4
C1877536
C187EA58
C1885E40
C188D0F3
C189427A
C189B2DA
C18A221B
C18A9043
C18AFD59
C18B6965
C18BD46D
C18C3E79
C18CA78F
C18D0FB6
C18D76F5
C18DDD53
C18E42D6
C18EA786
C18F0B69
C18F6E85
C18FD0E1
C1903283
C1909371
C190F3B1
C1915348
C191B23E
C04F2FD2
C04F7C5D
C04FCBC6
C0501E29
C05073A3
C050CC50
C0512851
C05187C4
C051EACB
C0525188
C052BC1E
C0532AB3
C0539D6D
C0541473
C0548FF0
C055100D
C05594F7
C0561EDD
C056ADEE
C057425C
C057DC5B
C0587C1F
C05921E0
C059CDD7
C05A8041
C05B395A
C05BF963
C05CC09E
C05D8F50
C05E65BF
C05F4436
C0602B00
C0611A6C
C06212CC
C0631473
C0641FBA
C06534F9
C066548D
C0677ED6
C068B436
C069F513
C06B41D5
C06C9AE8
C06E00B8
C06F73B7
C070F459
C0728314
C074205F
C075CCB8
C0778899
C0795483
C07B30F7
C07D1E77
C07F1D86
C0809754
C081A932
C082C49D
C083E9D9
C0851926
C08652C5
C08796F6
C088E5F6
C08A4001
C08BA551
C08D161D
C08E9299
C0901AF5
C091AF5F
C0934FFF
C094FCF8
C096B669
C0987C6B
C09A4F12
C09C2E6A
C09E1A7B
C0A01345
C0A218C0
C0A42ADE
C0A6498C
C0A874AC
C0AAAC1C
C0ACEFB1
C0AF3F3B
C0B19A82
C0B40149
C0B6734C
C0B8F042
C0BB77DE
C0BE09CE
C0C0A5BC
C0C34B4D
C0C5FA26
C0C8B1E8
C0CB7233
C0CE3AA6
C0D10ADF
C0D3E27B
C0D6C119
C0D9A658
C0DC91D9
C0DF833D
C0E27A29
C0E57641
C0E87730
C0EB7C9F
C0EE863D
C0F193BB
C0F4A4CB
C0F7B926
C0FAD083
C0FDEAA2
C10083A0
C1021311
C103A386
C10534E5
C106C712
C10859F4
C109ED75
C10B817D
C10D15F7
C10EAACF
C1103FF3
C111D54F
C1136AD3
C115006E
C1169610
C1182BAB
C119C132
C11B5695
C11CEBC8
C11E80BF
C120156E
C121A9C9
C1233DC4
C124D157
C1266474
C127F713
C1298929
C12B1AAC
C12CAB92
C12E3BD2
C12FCB62
C1315A39
C132E84C
C1347593
C1360203
C1378D93
C1391839
C13AA1EC
C13C2AA0
C13DB24D
C13F38E8
C140BE67
C14242BE
C143C5E4
C14547CD
C146C86D
C14847BB
C149C5A9
C14B422D
C14CBD3A
C14E36C4
C14FAEBF
C151251E
C15299D4
C1540CD5
C1557E13
C156ED81
C1585B12
C159C6B9
C15B3067
C15C980F
C15DFDA4
C15F6117
C160C25D
C1622165
C1637E25
C164D88D
C1663092
C1678625
C168D93C
C16A29C8
C16B77BF
C16CC315
C16E0BBE
C16F51B0
C17094E1
C171D548
C17312DB
C1744D92
C1758566
C176BA4F
C177EC48
C1791B4C
C17A4755
C17B7060
C17C966A
C17DB971
C17ED975
C17FF675
C1808838
C18113B6
C1819DB3
C1822633
C182AD37
C18332C1
C183B6D5
C1843975
C184BAA6
C1853A6C
C185B8CA
C18635C6
C186B165
C1872BAB
C187A49F
C1881C46
C18892A7
C18907C6
C1897BAC
C189EE5E
C18A5FE2
C18AD041
C18B3F80
C18BADA6
C18C1ABB
C18C86C5
C18CF1CC
C18D5BD6
C18DC4EA
C18E2D10
C18E944E
C18EFAAB
C18F602D
C18FC4DC
C19028BE
C1908BD9
C190EE34
C1914FD4
C191B0C1
C1921100
C1927097
C051A1CF
C051EE5D
C0523DC9
C0529030
C052E5AD
C0533E5E
C0539A62
C053F9D9
C0545CE4
C054C3A5
C0552E40
C0559CD9
C0560F98
C05686A3
C0570224
C0578247
C0580737
C0589122
C0592039
C059B4AD
C05A4EB2
C05AEE7D
C05B9445
C05C4043
C05CF2B4
C05DABD6
C05E6BE7
C05F332A
C06001E4
C060D85D
C061B6DD
C0629DB0
C0638D26
C0648591
C0658743
C0669295
C067A7E0
C068C780
C069F1D6
C06B2744
C06C682E
C06DB4FF
C06F0E20
C0707400
C071E70F
C07367C1
C074F68D
C07693EB
C0784056
C079FC4B
C07BC849
C07DA4D2
C07F9268
C080C8C7
C081D164
C082E34D
C083FEC6
C085240F
C086536A
C0878D17
C088D157
C08A2066
C08B7A81
C08CDFE2
C08E50BF
C08FCD4D
C09155BD
C092EA3A
C0948AEE
C09637FC
C097F183
C099B79C
C09B8A5A
C09D69CB
C09F55F6
C0A14EDA
C0A35471
C0A566AC
C0A78578
C0A9B0B7
C0ABE847
C0AE2BFE
C0B07BAB
C0B2D716
C0B53E03
C0B7B02D
C0BA2D4D
C0BCB513
C0BF472F
C0C1E34B
C0C4890C
C0C73817
C0C9F00D
C0CCB08E
C0CF7938
C0D249AB
C0D52184
C0D80061
C0DAE5E2
C0DDD1A7
C0E0C352
C0E3BA87
C0E6B6EC
C0E9B82B
C0ECBDED
C0EFC7E1
C0F2D5B9
C0F5E726
C0F8FBE2
C0FC13A5
C0FF2E2C
C101259C
C102B546
C10445F7
C105D793
C1076A00
C108FD25
C10A90EB
C10C253B
C10DBA00
C10F4F27
C110E49B
C1127A4C
C1141028
C115A61F
C1173C21
C118D21F
C11A680C
C11BFDDB
C11D937E
C11F28E9
C120BE10
C12252E9
C123E767
C1257B81
C1270F2C
C128A25E
C12A350D
C12BC72F
C12D58BA
C12EE9A6
C13079E9
C1320979
C133984D
C135265B
C136B39C
C1384004
C139CB8A
C13B5626
C13CDFCC
C13E6874
C13FF013
C14176A0
C142FC0F
C1448057
C146036D
C1478545
C14905D5
C14A8512
C14C02EF
C14D7F62
C14EFA5E
C15073D7
C151EBC0
C153620E
C154D6B4
C15649A4
C157BAD2
C1592A30
C15A97B1
C15C0347
C15D6CE6
C15ED47F
C1603A05
C1619D6A
C162FEA1
C1645D9C
C165BA4D
C16714A8
C1686CA0
C169C227
C16B1531
C16C65B1
C16DB39C
C16EFEE6
C1704784
C1718D6C
C172D093
C17410EF
C1754E78
C1768925
C177C0F0
C178F5D0
C17A27C0
C17B56BB
C17C82BC
C17DABBF
C17ED1C1
C17FF4C1
C1808A5F
C18118DB
C181A5D6
C1823150
C182BB4A
C18343C6
C183CAC7
C184504F
C184D45F
C18556FD
C185D82C
C18657EF
C186D64B
C1875344
C187CEE0
C1884925
C188C216
C18939BB
C189B01A
C18A2537
C18A991B
C18B0BCB
C18B7D4E
C18BEDAB
C18C5CE8
C18CCB0D
C18D3820
C18DA429
C18E0F2E
C18E7937
C18EE24A
C18F4A6E
C18FB1AB
C1901806
C1907D88
C190E235
C1914616
C191A930
C1920B8A
C1926D2A
C192CE16
C1932E54
C05413E7
C0546077
C054AFE7
C0550250
C05557D1
C055B086
C0560C8D
C0566C08
C056CF17
C05735DC
C057A07A
C0580F18
C05881DB
C058F8EB
C0597472
C059F499
C05A798E
C05B037F
C05B929C
C05C2716
C05CC121
C05D60F2
C05E06C0
C05EB2C6
C05F653E
C0601E67
C060DE80
C061A5CB
C062748E
C0634B0F
C0642998
C0651075
C065FFF4
C066F869
C067FA26
C0690582
C06A1AD8
C06B3A85
C06C64E7
C06D9A61
C06EDB59
C0702837
C0718167
C072E755
C0745A74
C075DB37
C0776A13
C0790782
C07AB3FF
C07C7007
C07E3C19
C0800C5B
C0810330
C08202CE
C0830B76
C0841D6C
C08538F0
C0865E46
C0878DAE
C088C76A
C08A0BB8
C08B5AD6
C08CB501
C08E1A71
C08F8B5F
C09107FF
C0929080
C0942510
C095C5D7
C09772FA
C0992C96
C09AF2C5
C09CC59A
C09EA523
C0A09166
C0A28A64
C0A49015
C0A6A26D
C0A8C155
C0AAECB2
C0AD2461
C0AF6839
C0B1B807
C0B41395
C0B67AA6
C0B8ECF6
C0BB6A3D
C0BDF22D
C0C08474
C0C320BB
C0C5C6AA
C0C875E5
C0CB2E0D
C0CDEEC1
C0D0B7A2
C0D3884D
C0D66060
C0D93F79
C0DC2539
C0DF113F
C0E2032F
C0E4FAAB
C0E7F75A
C0EAF8E5
C0EDFEF7
C0F1093E
C0F4176C
C0F72934
C0FA3E4C
C0FD5671
C10038AF
C101C769
C103574A
C104E833
C1067A0B
C1080CB5
C109A01B
C10B3423
C10CC8B9
C10E5DC6
C10FF338
C11188FB
C1131EFD
C114B52E
C1164B7C
C117E1DA
C1197838
C11B0E88
C11CA4BE
C11E3ACC
C11FD0A7
C1216642
C122FB94
C1249090
C126252D
C127B95F
C1294D1F
C12AE060
C12C731B
C12E0546
C12F96D7
C13127C5
C132B808
C1344795
C135D665
C137646D
C138F1A5
C13A7E04
C13C0980
C13D940F
C13F1DA9
C140A643
C1422DD4
C143B451
C14539B1
C146BDE9
C14840EE
C149C2B5
C14B4335
C14CC260
C14E402C
C14FBC8E
C1513779
C152B0E1
C15428BA
C1559EF7
C157138C
C158866C
C159F789
C15B66D7
C15CD449
C15E3FD0
C15FA95F
C16110E9
C1627660
C163D9B7
C1653AE0
C16699CD
C167F672
C16950C0
C16AA8AA
C16BFE25
C16D5123
C16EA197
C16FEF77
C1713AB6
C1728349
C173C926
C1750C43
C1764C95
C1778A14
C178C4B9
C179FC7A
C17B3151
C17C6339
C17D922B
C17EBE24
C17FE71F
C180868D
C1811809
C181A804
C182367D
C182C374
C1834EEB
C183D8E2
C184615C
C184E859
C1856DDE
C185F1EC
C1867487
C186F5B3
C1877574
C187F3CD
C18870C5
C188EC5F
C18966A1
C189DF90
C18A5733
C18ACD8F
C18B42AB
C18BB68D
C18C293B
C18C9ABD
C18D0B18
C18D7A53
C18DE877
C18E5589
C18EC190
C18F2C94
C18F969B
C18FFFAD
C19067D0
C190CF0B
C1913566
C1919AE6
C191FF93
C1926372
C192C68B
C19328E4
C1938A83
C193EB6E
C0568618
C056D2AB
C057221E
C057748A
C057CA0E
C05822C6
C0587ED1
C058DE50
C0594162
C059A82B
C05A12CE
C05A8170
C05AF437
C05B6B4B
C05BE6D7
C05C6703
C05CEBFD
C05D75F4
C05E0516
C05E9995
C05F33A6
C05FD37D
C0607952
C061255E
C061D7DD
C062910D
C063512D
C0641880
C064E74B
C065BDD4
C0669C66
C067834C
C06872D5
C0696B53
C06A6D1A
C06B7882
C06C8DE3
C06DAD9A
C06ED808
C0700D8F
C0714E94
C0729B7F
C073F4BC
C0755AB9
C076CDE7
C0784EB9
C079DDA5
C07B7B25
C07D27B3
C07EE3CD
C08057F9
C0814651
C0823D30
C0833CD9
C084458C
C085578D
C086731D
C087987F
C088C7F4
C08A01BD
C08B4619
C08C9545
C08DEF7F
C08F54FF
C090C5FD
C09242AD
C093CB40
C0955FE2
C09700BC
C098ADF2
C09A67A2
C09C2DE6
C09E00D2
C09FE071
C0A1CCCC
C0A3C5E3
C0A5CBAE
C0A7DE20
C0A9FD24
C0AC289E
C0AE606B
C0B0A461
C0B2F450
C0B55000
C0B7B734
C0BA29A8
C0BCA715
C0BF2F2C
C0C1C19C
C0C45E0E
C0C70429
C0C9B392
C0CC6BEA
C0CF2CD0
C0D1F5E4
C0D4C6C5
C0D79F10
C0DA7E64
C0DD6460
C0E050A5
C0E342D6
C0E63A96
C0E9378D
C0EC3961
C0EF3FC0
C0F24A57
C0F558D8
C0F86AF6
C0FB8069
C0FE98EA
C100DA1C
C1026909
C103F91E
C1058A3F
C1071C4F
C108AF35
C10A42D8
C10BD721
C10D6BF9
C10F014C
C1109706
C1122D14
C113C364
C11559E6
C116F08A
C118873F
C11A1DF9
C11BB4A8
C11D4B41
C11EE1B7
C12077FD
C1220E08
C123A3CE
C1253943
C126CE5D
C1286313
C129F75A
C12B8B29
C12D1E77
C12EB13A
C130436A
C131D4FE
C13365EC
C134F62C
C13685B5
C138147E
C139A27F
C13B2FAD
C13CBC01
C13E4771
C13FD1F4
C1415B80
C142E40B
C1446B8D
C145F1FB
C147774B
C148FB72
C14A7E66
C14C001D
C14D808C
C14EFFA6
C1507D61
C151F9B2
C153748C
C154EDE3
C15665AB
C157DBD8
C159505C
C15AC32C
C15C3439
C15DA378
C15F10DA
C1607C51
C161E5D2
C1634D4D
C164B2B6
C16615FF
C167771A
C168D5FA
C16A3291
C16B8CD3
C16CE4B1
C16E3A20
C16F8D12
C170DD7B
C1722B4F
C1737684
C174BF0C
C17604DF
C17747F2
C178883A
C179C5B0
C17B004B
C17C3804
C17D6CD3
C17E9EB2
C17FCD9D
C1807CC7
C1811141
C181A43A
C18235B3
C182C5AA
C1835420
C183E114
C1846C88
C184F67C
C1857EF2
C18605ED
C1868B6F
C1870F7B
C1879213
C188133D
C18892FB
C1891152
C1898E47
C18A09DF
C18A841F
C18AFD0D
C18B74AE
C18BEB08
C18C6022
C18CD402
C18D46AF
C18DB82E
C18E2888
C18E97C2
C18F05E4
C18F72F4
C18FDEFA
C19049FD
C190B403
C1911D13
C1918535
C191EC6F
C19252C9
C192B848
C1931CF3
C19380D2
C193E3EA
C1944642
C194A7E0
C058F862
C05944F8
C059946D
C059E6DD
C05A3C63
C05A951F
C05AF12D
C05B50AF
C05BB3C5
C05C1A91
C05C8538
C05CF3DE
C05D66AA
C05DDDC3
C05E5952
C05ED983
C05F5E82
C05FE87E
C06077A5
C0610C2A
C061A641
C062461E
C062EBF9
C063980B
C0644A91
C06503C8
C065C3EF
C0668B4A
C0675A1C
C06830AD
C0690F47
C069F636
C06AE5C8
C06BDE50
C06CE020
C06DEB92
C06F00FD
C07020C0
C0714B39
C07280CB
C073C1DD
C0750ED5
C076681F
C077CE2A
C0794166
C07AC246
C07C5142
C07DEED2
C07F9B71
C080ABCE
C08191EA
C082804B
C0837734
C08476E7
C0857FA5
C08691B0
C087AD4C
C088D2BA
C08A023B
C08B3C10
C08C8079
C08DCFB4
C08F29FC
C0908F8B
C0920098
C0937D59
C09505FC
C0969AB0
C0983B9C
C099E8E4
C09BA2A8
C09D6901
C09F3C01
C0A11BB7
C0A30828
C0A50157
C0A7073A
C0A919C6
C0AB38E4
C0AD647A
C0AF9C64
C0B1E079
C0B43086
C0B68C57
C0B8F3AD
C0BB6644
C0BDE3D5
C0C06C12
C0C2FEA9
C0C59B44
C0C8418A
C0CAF11F
C0CDA9A5
C0D06ABB
C0D33401
C0D60516
C0D8DD96
C0DBBD22
C0DEA359
C0E18FDB
C0E4824B
C0E77A4C
C0EA7787
C0ED79A2
C0F0804B
C0F38B2F
C0F699FF
C0F9AC70
C0FCC23A
C0FFDB15
C1017B60
C1030A7E
C1049AC6
C1062C1B
C107BE62
C1095181
C10AE55F
C10C79E5
C10E0EFE
C10FA494
C1113A93
C112D0E9
C1146785
C115FE55
C117954A
C1192C54
C11AC365
C11C5A71
C11DF169
C11F8842
C1211EEF
C122B566
C1244B9B
C125E184
C1277717
C1290C4B
C12AA115
C12C356C
C12DC947
C12F5C9E
C130EF66
C1328199
C134132C
C135A418
C1373454
C138C3D7
C13A5298
C13BE08F
C13D6DB3
C13EF9FB
C140855E
C1420FD3
C1439950
C14521CD
C146A93F
C1482F9D
C149B4DC
C14B38F3
C14CBBD7
C14E3D7C
C14FBDDA
C1513CE3
C152BA8D
C15436CD
C155B196
C1572ADC
C158A294
C15A18B0
C15B8D25
C15CFFE4
C15E70E2
C15FE011
C1614D64
C162B8CD
C164223F
C16589AC
C166EF07
C1685242
C169B350
C16B1223
C16C6EAD
C16DC8E2
C16F20B4
C1707617
C171C8FE
C173195C
C1746725
C175B24F
C176FACE
C1784096
C179839F
C17AC3DF
C17C014C
C17D3BDE
C17E738E
C17FA855
C1806D16
C1810487
C1819A7C
C1822EF2
C182C1E8
C183535E
C183E352
C18471C4
C184FEB5
C1858A26
C1861417
C1869C8B
C1872383
C187A902
C1882D0B
C188AFA1
C18930C8
C189B084
C18A2ED9
C18AABCC
C18B2762
C18BA1A0
C18C1A8B
C18C922A
C18D0883
C18D7D9B
C18DF17A
C18E6425
C18ED5A3
C18F45FB
C18FB533
C1902354
C1909063
C190FC67
C1916769
C191D16D
C1923A7D
C192A29E
C19309D7
C193702F
C193D5AD
C1943A58
C1949E35
C195014C
C19563A3
C05B6AC3
C05BB75C
C05C06D4
C05C5947
C05CAED0
C05D078F
C05D63A0
C05DC325
C05E263F
C05E8D0F
C05EF7B9
C05F6663
C05FD933
C0605050
C060CBE4
C0614C19
C061D11D
C0625B1D
C062EA4A
C0637ED4
C06418F0
C064B8D3
C0655EB4
C0660ACC
C066BD58
C0677696
C06836C4
C068FE26
C069CD00
C06AA399
C06B823B
C06C6932
C06D58CD
C06E515D
C06F5337
C0705EB2
C0717428
C07293F5
C073BE79
C074F417
C0763534
C0778238
C078DB8F
C07A41A7
C07BB4F1
C07D35E0
C07EC4EB
C0803145
C081079D
C081E5BA
C082CBDF
C083BA49
C084B13C
C085B0F8
C086B9C0
C087CBD6
C088E77D
C08A0CF6
C08B3C83
C08C7665
C08DBADA
C08F0A22
C0906478
C091CA15
C0933B32
C094B801
C09640B5
C097D579
C0997677
C09B23D1
C09CDDA8
C09EA414
C0A07729
C0A256F4
C0A4437B
C0A63CC0
C0A842BC
C0AA5560
C0AC7498
C0AEA049
C0B0D84E
C0B31C7F
C0B56CAB
C0B7C89B
C0BA3011
C0BCA2CA
C0BF207E
C0C1A8E0
C0C43B9D
C0C6D85F
C0C97ECE
C0CC2E8D
C0CEE73F
C0D1A884
C0D471FA
C0D74340
C0DA1BF5
C0DCFBB6
C0DFE225
C0E2CEE1
C0E5C18E
C0E8B9CF
C0EBB74A
C0EEB9AA
C0F1C09A
C0F4CBC8
C0F7DAE5
C0FAEDA6
C0FE03C2
C1008E7A
C1021C7D
C103ABC9
C1053C42
C106CDC9
C1086045
C109F39A
C10B87B2
C10D1C73
C10EB1CA
C11047A0
C111DDE2
C113747D
C1150B61
C116A27C
C11839BF
C119D11B
C11B6881
C11CFFE5
C11E9739
C1202E71
C121C581
C1235C5F
C124F300
C1268959
C1281F60
C129B50D
C12B4A54
C12CDF2E
C12E7391
C1300775
C1319AD1
C1332D9D
C134BFCF
C1365160
C137E248
C139727D
C13B01F8
C13C90B0
C13E1E9C
C13FABB4
C14137EF
C142C345
C1444DAB
C145D71A
C1475F87
C148E6E9
C14A6D36
C14BF265
C14D766B
C14EF93E
C1507AD2
C151FB1F
C1537A17
C154F7B0
C15673DF
C157EE97
C15967CD
C15ADF74
C15C5581
C15DC9E5
C15F3C95
C160AD83
C1621CA3
C16389E7
C164F541
C1665EA5
C167C604
C1692B52
C16A8E7F
C16BEF80
C16D4E46
C16EAAC4
C17004ED
C1715CB4
C172B20B
C17404E7
C175553A
C176A2F9
C177EE19
C179368D
C17A7C4C
C17BBF4C
C17CFF82
C17E3CE6
C17F7770
C180578C
C180F1EB
C1818AD3
C1822241
C182B832
C1834CA4
C183DF97
C1847109
C18500FA
C1858F69
C1861C57
C186A7C5
C18731B3
C187BA24
C188411A
C188C697
C1894A9D
C189CD31
C18A4E56
C18ACE0F
C18B4C62
C18BC953
C18C44E7
C18CBF23
C18D380C
C18DAFAA
C18E2601
C18E9B17
C18F0EF4
C18F819D
C18FF31A
C1906370
C190D2A7
C19140C7
C191ADD4
C19219D8
C19284D8
C192EEDB
C19357E9
C193C009
C1942741
C1948D98
C194F315
C19557BF
C195BB9C
C1961EB2
C05DDD3C
C05E29D7
C05E7952
C05ECBC7
C05F2153
C05F7A15
C05FD629
C06035B2
C06098CE
C060FFA2
C0616A50
C061D8FE
C0624BD1
C062C2F2
C0633E8A
C063BEC4
C06443CD
C064CDD1
C0655D03
C065F192
C0668BB3
C0672B9B
C067D182
C0687DA1
C0693033
C069E977
C06AA9AB
C06B7114
C06C3FF5
C06D1696
C06DF53F
C06EDC3E
C06FCBE2
C070C47B
C071C65E
C072D1E2
C073E762
C0750739
C07631C8
C0776770
C078A899
C079F5A9
C07B4F0C
C07CB531
C07E2888
C07FA985
C0809C4F
C0816B26
C0824185
C0831FAB
C08405D8
C084F44B
C085EB46
C086EB0C
C087F3DE
C08905FE
C08A21AF
C08B4733
C08C76CC
C08DB0B9
C08EF53B
C0904490
C0919EF3
C093049E
C09475C9
C095F2A7
C0977B6A
C099103F
C09AB14D
C09C5EB9
C09E18A2
C09FDF21
C0A1B249
C0A39228
C0A57EC5
C0A77820
C0A97E32
C0AB90EE
C0ADB03F
C0AFDC09
C0B2142A
C0B45876
C0B6A8BF
C0B904CD
C0BB6C62
C0BDDF3C
C0C05D11
C0C2E596
C0C57877
C0C8155F
C0CABBF6
C0CD6BDE
C0D024BB
C0D2E62C
C0D5AFD0
C0D88146
C0DB5A2C
C0DE3A22
C0E120C6
C0E40DBB
C0E700A1
C0E9F91F
C0ECF6DA
C0EFF97B
C0F300AF
C0F60C24
C0F91B8B
C0FC2E98
C0FF4504
C1012F45
C102BD73
C1044CEC
C105DD93
C1076F4C
C10901FA
C10A9584
C10C29D2
C10DBECD
C10F545E
C110EA72
C11280F4
C11417D3
C115AEFC
C1174660
C118DDEE
C11A7598
C11C0D50
C11DA508
C11F3CB4
C120D447
C1226BB7
C12402F9
C1259A01
C12730C5
C128C73C
C12A5D5C
C12BF31D
C12D8875
C12F1D5B
C130B1C7
C13245B0
C133D90F
C1356BDA
C136FE0A
C1388F97
C13A2078
C13BB0A6
C13D4017
C13ECEC4
C1405CA5
C141E9B0
C14375DD
C1450124
C1468B7C
C14814DB
C1499D38
C14B2489
C14CAAC6
C14E2FE4
C14FB3D9
C151369B
C152B81F
C154385A
C155B742
C15734CA
C158B0E8
C15A2B90
C15BA4B5
C15D1C4C
C15E9249
C160069D
C161793E
C162EA1D
C164592E
C165C663
C16731AF
C1689B05
C16A0257
C16B6797
C16CCAB8
C16E2BAC
C16F8A65
C170E6D8
C17240F5
C17398B0
C174EDFC
C17640CD
C1779115
C178DECA
C17A29E0
C17B724B
C17CB801
C17DFAF7
C17F3B25
C1803C40
C180D981
C1817551
C1820FAC
C182A890
C1833FFA
C183D5E8
C1846A57
C184FD46
C1858EB5
C1861EA3
C186AD0F
C18739FA
C187C565
C1884F51
C188D7BF
C1895EB2
C189E42D
C18A6831
C18AEAC2
C18B6BE5
C18BEB9C
C18C69ED
C18CE6DC
C18D626E
C18DDCA8
C18E5590
C18ECD2B
C18F4380
C18FB895
C1902C70
C1909F18
C1911093
C19180E8
C191F01E
C1925E3C
C192CB48
C193374B
C193A249
C1940C4C
C1947559
C194DD78
C19544AF
C195AB05
C1961081
C196752A
C196D905
C0604FCA
C0609C68
C060EBE5
C0613E5D
C06193EC
C061ECB0
C06248C8
C062A853
C0630B73
C063724A
C063DCFC
C0644BAD
C064BE84
C06535A9
C065B145
C0663183
C066B690
C0674099
C067CFCF
C0686464
C068FE8A
C0699E77
C06A4463
C06AF088
C06BA320
C06C5C6A
C06D1CA5
C06DE414
C06EB2FC
C06F89A4
C0706855
C0714F5C
C0723F07
C07337A8
C0743994
C0754522
C0765AAA
C0777A8B
C078A524
C079DAD7
C07B1C0B
C07C6926
C07DC295
C07F28C6
C0804E15
C0810E9A
C081D62E
C082A50C
C0837B72
C08459A0
C0853FD5
C0862E50
C0872554
C0882523
C0892DFE
C08A4028
C08B5BE3
C08C8172
C08DB116
C08EEB0E
C0902F9C
C0917EFD
C092D96D
C0943F25
C095B05E
C0972D4B
C098B61D
C09A4B01
C09BEC1F
C09D999C
C09F5396
C0A11A27
C0A2ED62
C0A4CD55
C0A6BA06
C0A8B376
C0AAB99E
C0ACCC71
C0AEEBDA
C0B117BC
C0B34FF7
C0B5945E
C0B7E4C3
C0BA40ED
C0BCA8A0
C0BF1B99
C0C1998F
C0C42235
C0C6B53A
C0C95246
C0CBF903
C0CEA913
C0D16218
C0D423B4
C0D6ED84
C0D9BF28
C0DC983E
C0DF7866
C0E25F3E
C0E54C68
C0E83F87
C0EB383F
C0EE3637
C0F13917
C0F4408D
C0F74C46
C0FA5BF4
C0FD6F4B
C1004302
C101CFEC
C1035E44
C104EDE9
C1067EBD
C10810A4
C109A383
C10B3740
C10CCBC2
C10E60F4
C10FF6BE
C1118D0D
C11323CD
C114BAEC
C1165258
C117EA01
C11981D8
C11B19CD
C11CB1D3
C11E49DC
C11FE1DD
C12179C9
C1231195
C124A935
C12640A1
C127D7CC
C1296EAF
C12B053F
C12C9B74
C12E3144
C12FC6A8
C1315B97
C132F008
C13483F4
C1361753
C137AA1C
C1393C48
C13ACDCE
C13C5EA8
C13DEECC
C13F7E32
C1410CD4
C1429AA7
C14427A5
C145B3C4
C1473EFC
C148C944
C14A5293
C14BDAE0
C14D6221
C14EE84D
C1506D5A
C151F13E
C15373EF
C154F562
C156758C
C157F463
C15971DA
C15AEDE8
C15C687F
C15DE195
C15F591C
C160CF08
C162434E
C163B5DF
C16526AF
C16695B2
C16802D9
C1696E17
C16AD75F
C16C3EA3
C16DA3D6
C16F06EB
C17067D2
C171C680
C17322E6
C1747CF8
C175D4A8
C17729E9
C1787CAF
C179CCEE
C17B1A99
C17C65A5
C17DAE07
C17EF3B3
C1801B51
C180BB63
C1815A0D
C181F749
C1829315
C1832D6D
C183C64E
C1845DB4
C184F39E
C185880A
C1861AF6
C186AC62
C1873C4D
C187CAB6
C188579E
C188E307
C1896CF0
C189F55C
C18A7C4C
C18B01C4
C18B85C6
C18C0855
C18C8976
C18D092B
C18D877A
C18E0467
C18E7FF7
C18EFA2F
C18F7315
C18FEAAF
C1906103
C190D616
C19149EF
C191BC96
C1922E0F
C1929E63
C1930D98
C1937BB4
C193E8BF
C19454C0
C194BFBE
C19529BF
C19592CB
C195FAE9
C196621F
C196C874
C1972DEF
C1979297
C062C26E
C0630F0E
C0635E8D
C063B108
C064069A
C0645F61
C064BB7B
C0651B09
C0657E2C
C065E506
C0664FBB
C066BE70
C067314B
C067A873
C0682413
C068A455
C0692966
C069B374
C06A42AF
C06AD748
C06B7173
C06C1165
C06CB757
C06D6380
C06E161E
C06ECF6E
C06F8FAF
C0705725
C0712613
C071FCC2
C072DB7A
C073C289
C074B23C
C075AAE5
C076ACD9
C077B86F
C078CE01
C079EDEC
C07B188E
C07C4E4B
C07D8F89
C07EDCB0
C0801B15
C080CE33
C08187EB
C0824877
C0831011
C083DEF6
C084B564
C0859399
C08679D5
C0876859
C0885F66
C0895F3D
C08A6821
C08B7A54
C08C9619
C08DBBB2
C08EEB60
C0902564
C09169FD
C092B96A
C09413E6
C09579AB
C096EAF1
C09867EC
C099F0CC
C09B85BF
C09D26ED
C09ED47A
C0A08E85
C0A25527
C0A42874
C0A6087A
C0A7F53E
C0A9EEC3
C0ABF500
C0AE07E9
C0B02768
C0B25363
C0B48BB6
C0B6D037
C0B920B6
C0BB7CFC
C0BDE4CC
C0C057E3
C0C2D5F9
C0C55EBF
C0C7F1E5
C0CA8F15
C0CD35F6
C0CFE62C
C0D29F59
C0D5611D
C0D82B18
C0DAFCE9
C0DDD62D
C0E0B684
C0E39D8E
C0E68AED
C0E97E41
C0EC7731
C0EF7563
C0F27880
C0F58035
C0F88C2F
C0FB9C22
C0FEAFC0
C100E361
C1027072
C103FEF2
C1058EC0
C1071FBF
C108B1D3
C10A44E1
C10BD8CF
C10D6D84
C10F02EA
C11098EC
C1122F74
C113C66F
C1155DCB
C116F578
C1188D64
C11A2580
C11BBDBD
C11D560E
C11EEE66
C12086B8
C1221EF9
C123B71D
C1254F19
C126E6E4
C1287E73
C12A15BD
C12BACB8
C12D435D
C12ED9A2
C1306F7E
C13204EB
C13399DF
C1352E53
C136C23F
C138559B
C139E860
C13B7A86
C13D0C04
C13E9CD4
C1402CEE
C141BC49
C1434ADD
C144D8A3
C1466592
C147F1A2
C1497CCB
C14B0703
C14C9042
C14E187E
C14F9FAE
C15125C9
C152AAC6
C1542E99
C155B138
C157329A
C158B2B4
C15A317A
C15BAEE1
C15D2ADE
C15EA565
C1601E6B
C16195E2
C1630BC0
C1647FF6
C165F278
C167633A
C168D22E
C16A3F47
C16BAA78
C16D13B3
C16E7AEA
C16FE010
C1714318
C172A3F4
C1740296
C1755EF1
C176B8F7
C178109C
C17965D3
C17AB88F
C17C08C4
C17D5665
C17EA168
C17FE9C0
C18097B2
C1813925
C181D933
C18277D9
C1831512
C183B0DA
C1844B2E
C184E40B
C1857B6E
C1861155
C186A5BD
C18738A7
C187CA10
C18859F7
C188E85E
C1897543
C18A00A9
C18A8A90
C18B12F9
C18B99E7
C18C1F5D
C18CA35D
C18D25EA
C18DA708
C18E26BB
C18EA508
C18F21F3
C18F9D81
C19017B8
C190909C
C1910835
C1917E87
C191F399
C1926771
C192DA15
C1934B8E
C193BBE0
C1942B13
C194992F
C1950639
C1957239
C195DD35
C1964735
C196B040
C197185D
C1977F92
C197E5E6
C1984B61
C0653526
C06581C8
C065D14A
C06623C7
C066795B
C066D225
C0672E42
C0678DD3
C067F0F9
C06857D6
C068C28E
C0693146
C069A424
C06A1B51
C06A96F4
C06B173A
C06B9C4F
C06C2661
C06CB5A0
C06D4A3E
C06DE46D
C06E8465
C06F2A5B
C06FD68A
C070892E
C0714283
C07202CA
C072CA46
C073993B
C0746FF0
C0754EAF
C07635C5
C077257F
C0781E31
C079202D
C07A2BCB
C07B4166
C07C6159
C07D8C05
C07EC1CC
C080018A
C080A822
C08154E5
C0820809
C082C1C7
C0838259
C08449F9
C08518E5
C085EF5A
C086CD96
C087B3DA
C088A265
C089997A
C08A9959
C08BA246
C08CB483
C08DD051
C08EF5F4
C09025AC
C0915FBA
C092A45E
C093F3D6
C0954E5E
C096B430
C0982582
C099A28A
C09B2B79
C09CC07A
C09E61B6
C0A00F53
C0A1C96E
C0A39021
C0A56380
C0A74397
C0A9306F
C0AB2A07
C0AD3058
C0AF4356
C0B162EC
C0B38EFD
C0B5C768
C0B80C02
C0BA5C9B
C0BCB8FC
C0BF20E7
C0C1941B
C0C4124E
C0C69B34
C0C92E7B
C0CBCBCC
C0CE72D0
C0D1232A
C0D3DC7D
C0D69E69
C0D9688D
C0DC3A88
C0DF13F9
C0E1F47E
C0E4DBB9
C0E7C949
C0EABCD1
C0EDB5F7
C0F0B461
C0F3B7B9
C0F6BFAA
C0F9CBE3
C0FCDC17
C0FFEFFA
C10183A2
C10310D8
C1049F7D
C1062F74
C107C09D
C10952DC
C10AE617
C10C7A33
C10E0F19
C10FA4B2
C1113AE8
C112D1A7
C11468DB
C1160073
C117985D
C1193089
C11AC8E8
C11C616B
C11DFA05
C11F92A8
C1212B48
C122C3DA
C1245C53
C125F4A7
C1278CCE
C12924BC
C12ABC69
C12C53CC
C12DEADC
C12F8191
C13117E2
C132ADC7
C1344339
C135D830
C1376CA4
C139008E
C13A93E6
C13C26A5
C13DB8C2
C13F4A37
C140DAFD
C1426B0A
C143FA59
C14588DF
C1471697
C148A377
C14A2F78
C14BBA90
C14D44B8
C14ECDE6
C1505612
C151DD31
C153633C
C154E827
C1566BE9
C157EE78
C1596FC9
C15AEFD2
C15C6E87
C15DEBDE
C15F67CB
C160E243
C1625B38
C163D2A0
C165486E
C166BC96
C1682F0A
C1699FBE
C16B0EA4
C16C7BAF
C16DE6D2
C16F5000
C170B72B
C1721C45
C1737F41
C174E010
C1763EA7
C1779AF7
C178F4F3
C17A4C8D
C17BA1BA
C17CF46C
C17E4497
C17F922F
C1806E94
C18112BC
C181B58A
C18256F8
C182F703
C18395A5
C18432DA
C184CE9E
C18568EF
C18601C8
C1869928
C1872F0C
C187C371
C1885658
C188E7BE
C18977A2
C18A0606
C18A92E9
C18B1E4C
C18BA831
C18C3098
C18CB784
C18D3CF7
C18DC0F5
C18E4380
C18EC49C
C18F444D
C18FC298
C1903F82
C190BB0E
C1913543
C191AE26
C19225BC
C1929C0D
C193111D
C19384F4
C193F797
C194690E
C194D960
C1954892
C195B6AC
C19623B5
C1968FB3
C196FAAF
C19764AE
C197CDB8
C19835D4
C1989D08
C199035B
C067A7F1
C067F496
C068441A
C0689699
C068EC30
C06944FC
C069A11C
C06A00B0
C06A63D9
C06ACAB9
C06B3574
C06BA42F
C06C1711
C06C8E40
C06D09E8
C06D8A31
C06E0F4A
C06E9960
C06F28A3
C06FBD45
C0705779
C070F775
C0719D71
C07249A5
C072FC4D
C073B5A8
C07475F5
C0753D77
C0760C72
C076E32E
C077C1F3
C078A910
C07998D1
C07A918A
C07B938E
C07C9F35
C07DB4D7
C07ED4D3
C07FFF88
C0809AAC
C0813B55
C081E1F3
C0828EBB
C08341E4
C083FBA8
C084BC40
C08583E6
C08652D8
C0872954
C0880797
C088EDE2
C089DC75
C08AD391
C08BD379
C08CDC6E
C08DEEB3
C08F0A8A
C0903036
C0915FF8
C0929A11
C093DEBF
C0952E42
C09688D5
C097EEB3
C0996012
C09ADD27
C09C6622
C09DFB31
C09F9C7C
C0A14A28
C0A30452
C0A4CB15
C0A69E85
C0A87EAE
C0AA6B97
C0AC6542
C0AE6BA7
C0B07EBA
C0B29E64
C0B4CA8C
C0B7030D
C0B947BF
C0BB9871
C0BDF4EB
C0C05CF2
C0C2D041
C0C54E91
C0C7D795
C0CA6AFB
C0CD086D
C0CFAF92
C0D26010
C0D51987
C0D7DB99
C0DAA5E4
C0DD7808
C0E051A4
C0E33256
C0E619BE
C0E9077E
C0EBFB38
C0EEF492
C0F1F332
C0F4F6C2
C0F7FEED
C0FB0B64
C0FE1BD7
C10097FE
C10223C5
C103B11E
C1053FE9
C106D005
C1086156
C109F3BF
C10B8725
C10D1B6E
C10EB083
C110464D
C111DCB5
C11373A9
C1150B14
C116A2E5
C1183B0B
C119D374
C11B6C13
C11D04D9
C11E9DB8
C12036A4
C121CF90
C1236870
C125013A
C12699E3
C1283262
C129CAAC
C12B62B9
C12CFA7F
C12E91F6
C1302916
C131BFD7
C1335631
C134EC1C
C1368191
C1381688
C139AAF9
C13B3EDF
C13CD231
C13E64E7
C13FF6FC
C1418866
C1431920
C144A920
C1463861
C147C6DA
C1495482
C14AE153
C14C6D44
C14DF84C
C14F8263
C1510B81
C152939B
C1541AAA
C155A0A3
C157257D
C158A92F
C15A2BAD
C15BACED
C15D2CE6
C15EAB8B
C16028D2
C161A4AF
C1631F16
C16497FD
C1660F56
C1678515
C168F92E
C16A6B94
C16BDC39
C16D4B12
C16EB810
C1702327
C1718C48
C172F366
C1745874
C175BB64
C1771C28
C1787AB4
C179D6F9
C17B30EA
C17C887B
C17DDD9D
C17F3046
C1804034
C180E6FB
C1818C74
C1823097
C182D361
C18374CB
C18414D2
C184B370
C18550A1
C185EC63
C18686B0
C1871F86
C187B6E2
C1884CC3
C188E126
C1897409
C18A056C
C18A954E
C18B23B0
C18BB090
C18C3BF1
C18CC5D3
C18D4E37
C18DD521
C18E5A92
C18EDE8E
C18F6117
C18FE231
C19061E1
C190E02A
C1915D12
C191D89C
C19252D0
C192CBB1
C1934346
C193B995
C1942EA4
C194A279
C195151C
C1958691
C195F6E1
C1966612
C196D42B
C1974133
C197AD30
C198182B
C1988229
C198EB32
C199534D
C199BA80
C06A1AD0
C06A6776
C06AB6FD
C06B097E
C06B5F17
C06BB7E6
C06C1408
C06C739F
C06CD6CA
C06D3DAD
C06DA86B
C06E172A
C06E8A0E
C06F0141
C06F7CEC
C06FFD3A
C0708256
C0710C70
C0719BB7
C072305D
C072CA96
C0736A96
C0741096
C074BCCF
C0756F7D
C07628DD
C076E930
C077B0B7
C0787FB8
C079567A
C07A3546
C07B1C69
C07C0C31
C07D04F1
C07E06FD
C07F12AB
C080142B
C080A42D
C081398C
C081D479
C0827526
C0831BC9
C083C896
C0847BC5
C085358E
C085F62B
C086BDD7
C0878CD0
C0886351
C089419B
C08A27ED
C08B1687
C08C0DAB
C08D0D9A
C08E1697
C08F28E5
C09044C5
C0916A7A
C0929A45
C093D468
C0951920
C09668AE
C097C34C
C0992935
C09A9AA0
C09C17C1
C09DA0C9
C09F35E5
C0A0D73E
C0A284F8
C0A43F32
C0A60604
C0A7D984
C0A9B9BD
C0ABA6B9
C0ADA075
C0AFA6EE
C0B1BA13
C0B3D9D2
C0B6060F
C0B83EA6
C0BA836F
C0BCD438
C0BF30CC
C0C198EC
C0C40C56
C0C68AC2
C0C913E3
C0CBA766
C0CE44F8
C0D0EC3E
C0D39CDD
C0D65677
C0D918AD
C0DBE31F
C0DEB56A
C0E18F2F
C0E4700B
C0E757A0
C0EA458E
C0ED3978
C0F03304
C0F331D8
C0F6359E
C0F93E01
C0FC4AB2
C0FF5B62
C10137E3
C102C3CB
C1045146
C105E034
C1077076
C10901ED
C10A947E
C10C280E
C10DBC82
C10F51C4
C110E7BC
C1127E56
C114157C
C115AD1C
C1174524
C118DD82
C11A7627
C11C0F04
C11DA80A
C11F412C
C120DA5D
C1227391
C1240CBD
C125A5D5
C1273ED0
C128D7A4
C12A7046
C12C08AE
C12DA0D4
C12F38AE
C130D036
C1326762
C133FE2C
C135948B
C1372A79
C138BFEE
C13A54E2
C13BE950
C13D7D2F
C13F1079
C140A326
C1423530
C143C68F
C145573C
C146E72F
C1487661
C14A04CB
C14B9264
C14D1F25
C14EAB05
C15035FD
C151C004
C1534910
C154D11A
C1565818
C157DE00
C15962C9
C15AE66A
C15C68D7
C15DEA07
C15F69EF
C160E884
C16265BB
C163E189
C1655BE1
C166D4B9
C1684C03
C169C1B4
C16B35BE
C16CA816
C16E18AE
C16F8779
C170F46B
C1725F74
C173C889
C1752F9B
C176949D
C177F782
C179583B
C17AB6BC
C17C12F7
C17D6CDE
C17EC464
C1800CBF
C180B60E
C1815E1B
C18204DE
C182AA52
C1834E71
C183F137
C184929E
C18532A0
C185D13B
C1866E69
C1870A26
C187A470
C1883D43
C188D49D
C1896A7A
C189FEDA
C18A91BB
C18B231B
C18BB2FB
C18C415A
C18CCE38
C18D5996
C18DE376
C18E6BD8
C18EF2C0
C18F782F
C18FFC28
C1907EB0
C190FFC8
C1917F76
C191FDBD
C1927AA3
C192F62C
C193705E
C193E93E
C19460D1
C194D71F
C1954C2D
C195C001
C19632A2
C196A416
C1971465
C1978395
C197F1AC
C1985EB3
C198CAB0
C19935A9
C1999FA6
C19A08AF
C19A70C8
C06C8DC0
C06CDA69
C06D29F1
C06D7C75
C06DD211
C06E2AE1
C06E8706
C06EE69F
C06F49CE
C06FB0B3
C0701B74
C0708A35
C070FD1D
C0717453
C071F001
C0727052
C072F572
C0737F90
C0740EDB
C074A385
C0753DC2
C075DDC7
C07683CB
C0773009
C077E2BC
C0789C21
C0795C79
C07A2405
C07AF30C
C07BC9D4
C07CA8A6
C07D8FCF
C07E7F9F
C07F7865
C0803D3C
C080C317
C0814DF0
C081DDF6
C0827359
C0830E4A
C083AEFC
C08455A4
C0850276
C085B5A9
C0866F78
C087301B
C087F7CD
C088C6CB
C0899D53
C08A7BA3
C08B61FB
C08C509C
C08D47C7
C08E47BE
C08F50C3
C0906319
C0917F01
C092A4BF
C093D493
C0950EBF
C0965381
C097A319
C098FDC2
C09A63B6
C09BD52C
C09D5259
C09EDB6D
C0A07096
C0A211FD
C0A3BFC4
C0A57A0C
C0A740EE
C0A9147D
C0AAF4C7
C0ACE1D2
C0AEDBA1
C0B0E22B
C0B2F564
C0B51536
C0B74187
C0B97A34
C0BBBF12
C0BE0FF3
C0C06C9E
C0C2D4D7
C0C5485A
C0C7C6E1
C0CA501E
C0CCE3BE
C0CF816E
C0D228D3
C0D4D992
C0D7934F
C0DA55A8
C0DD203E
C0DFF2AF
C0E2CC9B
C0E5ADA1
C0E89560
C0EB837A
C0EE7793
C0F1714F
C0F47054
C0F7744E
C0FA7CE8
C0FD89D0
C1004D5D
C101D7AD
C10363B5
C104F151
C1068062
C10810C7
C109A263
C10B351A
C10CC8D2
C10E5D70
C10FF2DD
C1118903
C1131FCB
C114B722
C1164EF4
C117E731
C1197FC6
C11B18A4
C11CB1BD
C11E4B00
C11FE463
C1217DD7
C1231750
C124B0C4
C1264A28
C127E371
C1297C96
C12B158D
C12CAE4E
C12E46CF
C12FDF09
C13176F4
C1330E87
C134A5BD
C1363C8C
C137D2EE
C13968DC
C13AFE4E
C13C933F
C13E27A6
C13FBB7D
C1414EBE
C142E161
C144735F
C14604B1
C1479550
C1492535
C14AB458
C14C42B2
C14DD03C
C14F5CEC
C150E8BC
C15273A3
C153FD99
C1558695
C1570E8E
C158957A
C15A1B52
C15BA00A
C15D239A
C15EA5F7
C1602717
C161A6EF
C1632574
C164A29B
C1661E5A
C16798A3
C169116B
C16A88A7
C16BFE4A
C16D7246
C16EE491
C170551C
C171C3DA
C17330BE
C1749BBC
C17604C4
C1776BCB
C178D0C2
C17A339B
C17B944A
C17CF2C0
C17E4EF0
C17FA8CD
C1808025
C1812AAD
C181D3F8
C1827C00
C18322BF
C183C82F
C1846C4B
C1850F0C
C185B06F
C186506E
C186EF05
C1878C30
C18827EA
C188C231
C1895B01
C189F257
C18A8832
C18B1C8F
C18BAF6D
C18C40CB
C18CD0A8
C18D5F04
C18DEBE0
C18E773C
C18F0119
C18F897A
C190105F
C19095CC
C19119C4
C1919C49
C1921D60
C1929D0C
C1931B52
C1939836
C19413BE
C1948DEE
C19506CC
C1957E5F
C195F4AB
C19669B7
C196DD8A
C197502A
C197C19D
C19831EA
C198A119
C1990F30
C1997C36
C199E831
C19A532A
C19ABD26
C19B262D
C06F00C2
C06F4D6D
C06F9CF8
C06FEF7D
C070451B
C0709DEE
C070FA15
C07159B1
C071BCE2
C07223CA
C0728E8E
C072FD52
C073703C
C073E776
C0746327
C074E37B
C075689F
C075F2C0
C076820E
C07716BC
C077B0FD
C0785106
C078F70F
C079A352
C07A5609
C07B0F73
C07BCFD0
C07C9762
C07D666E
C07E3D3B
C07F1C14
C08001A2
C080798C
C080F5F3
C0817700
C081FCDE
C08287BB
C08317C5
C083AD2C
C0844822
C084E8D8
C0858F84
C0863C5A
C086EF93
C087A967
C0886A0E
C08931C6
C08A00CA
C08AD758
C08BB5AE
C08C9C0D
C08D8AB5
C08E81E6
C08F81E4
C0908AF1
C0919D4E
C092B93F
C093DF05
C0950EE2
C0964917
C0978DE3
C098DD84
C09A3837
C09B9E35
C09D0FB6
C09E8CEF
C0A0160F
C0A1AB44
C0A34CB7
C0A4FA8C
C0A6B4E2
C0A87BD2
C0AA4F70
C0AC2FC9
C0AE1CE5
C0B016C4
C0B21D60
C0B430AB
C0B65090
C0B87CF5
C0BAB5B6
C0BCFAAA
C0BF4BA0
C0C1A862
C0C410B2
C0C6844F
C0C902F0
C0CB8C47
C0CE2003
C0D0BDCF
C0D36553
C0D61631
C0D8D00E
C0DB9289
C0DE5D42
C0E12FD8
C0E409EA
C0E6EB17
C0E9D2FF
C0ECC144
C0EFB589
C0F2AF73
C0F5AEA9
C0F8B2D4
C0FBBBA2
C0FEC8C1
C100ECF2
C102775F
C1040385
C1059141
C1072072
C108B0F9
C10A42B9
C10BD595
C10D6973
C10EFE39
C11093D0
C1122A21
C113C116
C115589C
C116F09F
C118890E
C11A21D8
C11BBAEE
C11D543F
C11EEDBE
C120875E
C1222112
C123BACF
C1255488
C126EE34
C12887C9
C12A213C
C12BBA85
C12D539A
C12EEC74
C1308509
C1321D54
C133B54B
C1354CE7
C136E422
C1387AF4
C13A1156
C13BA741
C13D3CB0
C13ED19A
C14065F9
C141F9C8
C1438CFE
C1451F95
C146B186
C14842CA
C149D35B
C14B6331
C14CF245
C14E8090
C1500E09
C1519AA9
C1532668
C154B13E
C1563B23
C157C40E
C1594BF6
C15AD2D2
C15C5899
C15DDD41
C15F60C0
C160E30D
C162641C
C163E3E4
C165625A
C166DF72
C1685B21
C169D55C
C16B4E16
C16CC543
C16E3AD8
C16FAEC7
C1712104
C1729182
C1740033
C1756D0B
C176D7FD
C17840FA
C179A7F5
C17B0CE1
C17C6FAF
C17DD053
C17F2EBF
C1804573
C180F25D
C1819E17
C182489A
C182F1E1
C18399E4
C184409F
C184E60B
C1858A23
C1862CE1
C186CE40
C1876E3C
C1880CCF
C188A9F6
C18945AE
C189DFF1
C18A78BE
C18B1012
C18BA5EA
C18C3A44
C18CCD1F
C18D5E7B
C18DEE55
C18E7CAF
C18F0989
C18F94E3
C1901EBE
C190A71C
C1912E00
C191B36B
C1923761
C192B9E4
C1933AF9
C193BAA4
C19438E8
C194B5CB
C1953151
C195AB7F
C196245C
C1969BED
C1971238
C1978743
C197FB15
C1986DB3
C198DF25
C1994F72
C199BEA0
C19A2CB5
C19A99BA
C19B05B5
C19B70AC
C19BDAA8
C07173D5
C071C082
C072100E
C0726296
C072B836
C073110B
C0736D35
C073CCD2
C0743006
C07496F1
C07501B7
C075707E
C075E36B
C0765AA8
C076D65C
C07756B3
C077DBDA
C07865FF
C078F551
C0798A03
C07A2447
C07AC455
C07B6A62
C07C16A8
C07CC964
C07D82D3
C07E4335
C07F0ACC
C07FD9DD
C0805858
C080C7C7
C0813B62
C081B350
C0822FB9
C082B0CA
C08336AB
C083C18C
C084519A
C084E705
C08581FE
C08622B9
C086C969
C0877644
C0882981
C088E35A
C089A407
C08A6BC4
C08B3ACD
C08C1160
C08CEFBD
C08DD622
C08EC4D0
C08FBC08
C090BC0D
C091C521
C092D785
C093F37E
C095194C
C0964931
C097836F
C098C844
C09A17EE
C09B72AB
C09CD8B3
C09E4A3F
C09FC782
C0A150AE
C0A2E5EF
C0A4876F
C0A63551
C0A7EFB4
C0A9B6B1
C0AB8A5E
C0AD6AC6
C0AF57F2
C0B151E1
C0B3588D
C0B56BEA
C0B78BE1
C0B9B859
C0BBF12D
C0BE3635
C0C08741
C0C2E419
C0C54C80
C0C7C035
C0CA3EEE
C0CCC85F
C0CF5C36
C0D1FA1E
C0D4A1BE
C0D752BB
C0DA0CB7
C0DCCF52
C0DF9A2D
C0E26CE6
C0E5471D
C0E8286F
C0EB107F
C0EDFEED
C0F0F35D
C0F3ED73
C0F6ECD7
C0F9F133
C0FCFA32
C10003C2
C1018C6F
C10316F8
C104A33B
C1063115
C107C066
C109510E
C10AE2F0
C10C75F0
C10E09F3
C10F9EE0
C111349E
C112CB19
C1146239
C115F9EC
C117921E
C1192ABE
C11AC3BB
C11C5D05
C11DF68D
C11F9045
C1212A21
C122C413
C1245E0F
C125F80C
C12791FD
C1292BDA
C12AC599
C12C5F30
C12DF897
C12F91C5
C1312AB3
C132C359
C1345BB0
C135F3B0
C1378B52
C139228F
C13AB961
C13C4FC1
C13DE5A8
C13F7B10
C1410FF3
C142A449
C144380D
C145CB37
C1475DC1
C148EFA5
C14A80DB
C14C115D
C14DA124
C14F3028
C150BE62
C1524BCB
C153D85A
C1556409
C156EECE
C15878A2
C15A017C
C15B8953
C15D101E
C15E95D4
C1601A6C
C1619DDB
C1632017
C164A117
C16620D0
C1679F36
C1691C3F
C16A97DF
C16C120B
C16D8AB7
C16F01D7
C170775E
C171EB40
C1735D70
C174CDE1
C1763C86
C177A952
C1791438
C17A7D29
C17BE419
C17D48FA
C17EABBF
C180062C
C180B55D
C181636C
C1821051
C182BC06
C1836685
C1840FC8
C184B7C7
C1855E7E
C18603E6
C186A7FA
C1874AB4
C187EC10
C1888C08
C1892A99
C189C7BD
C18A6371
C18AFDB1
C18B967C
C18C2DCC
C18CC3A2
C18D57F9
C18DEAD2
C18E7C2B
C18F0C03
C18F9A5B
C1902732
C190B28A
C1913C63
C191C4C0
C1924BA1
C192D10B
C19354FF
C193D781
C1945894
C194D83D
C195567F
C195D360
C1964EE5
C196C912
C19741EE
C197B97E
C1982FC7
C198A4D1
C19918A1
C1998B3F
C199FCB0
C19A6CFB
C19ADC28
C19B4A3D
C19BB740
C19C233A
C19C8E31
C073E6F8
C07433A7
C0748335
C074D5BF
C0752B61
C0758438
C075E064
C0764004
C076A339
C0770A27
C07774F0
C077E3B9
C07856A9
C078CDE8
C07949A0
C079C9FA
C07A4F24
C07AD94C
C07B68A2
C07BFD57
C07C97A0
C07D37B1
C07DDDC2
C07E8A0D
C07F3CCD
C07FF640
C0805B53
C080BF21
C08126AD
C0819219
C082018A
C0827528
C082ED19
C0836986
C083EA99
C084707E
C084FB62
C0858B74
C08620E2
C086BBDF
C0875C9E
C0880352
C088B032
C0896374
C08A1D51
C08ADE03
C08BA5C5
C08C74D3
C08D4B6C
C08E29CE
C08F1039
C08FFEED
C090F62C
C091F638
C092FF52
C09411BE
C0952DBE
C0965394
C0978381
C098BDC7
C09A02A5
C09B5258
C09CAD1E
C09E1331
C09F84C7
C0A10215
C0A28B4B
C0A42098
C0A5C223
C0A77011
C0A92A81
C0AAF18C
C0ACC546
C0AEA5BD
C0B092F7
C0B28CF6
C0B493B3
C0B6A720
C0B8C729
C0BAF3B2
C0BD2C9A
C0BF71B5
C0C1C2D5
C0C41FC2
C0C68840
C0C8FC0B
C0CB7ADC
C0CE0466
C0D09857
C0D3365A
C0D5DE15
C0D88F2F
C0DB4949
C0DE0C04
C0E0D6FF
C0E3A9DA
C0E68434
C0E965AB
C0EC4DE1
C0EF3C77
C0F2310F
C0F52B50
C0F82AE0
C0FB2F6A
C0FE389A
C100A30F
C1022BD5
C103B67A
C10542D9
C106D0D0
C108603F
C109F107
C10B830A
C10D162C
C10EAA53
C1103F64
C111D549
C1136BEC
C1150336
C1169B14
C1183373
C119CC42
C11B656F
C11CFEEC
C11E98A9
C1203298
C121CCAC
C12366DA
C1250114
C1269B51
C1283586
C129CFA8
C12B69AF
C12D0391
C12E9D47
C13036C7
C131D00A
C1336908
C13501BA
C1369A19
C138321F
C139C9C4
C13B6101
C13CF7D1
C13E8E2D
C140240E
C141B96E
C1434E47
C144E293
C146764B
C1480968
C1499BE5
C14B2DBB
C14CBEE2
C14E4F55
C14FDF0B
C1516DFF
C152FC29
C1548981
C1561600
C157A19D
C1592C52
C15AB615
C15C3EDE
C15DC6A4
C15F4D5F
C160D304
C162578C
C163DAEB
C1655D18
C166DE08
C1685DB1
C169DC08
C16B5902
C16CD494
C16E4EB2
C16FC750
C1713E62
C172B3DC
C17427B1
C17599D4
C1770A39
C17878D2
C179E593
C17B506D
C17CB953
C17E2039
C17F850F
C18073E5
C181242D
C181D359
C1828163
C1832E43
C183D9F4
C184846F
C1852DAD
C185D5A9
C1867C5C
C18721C0
C187C5D0
C1886887
C18909E0
C189A9D4
C18A4862
C18AE583
C18B8134
C18C1B72
C18CB439
C18D4B87
C18DE15A
C18E75AF
C18F0885
C18F99DC
C19029B2
C190B807
C19144DC
C191D032
C1925A09
C192E264
C1936944
C193EEAB
C194729E
C194F51E
C1957630
C195F5D7
C1967418
C196F0F8
C1976C7B
C197E6A7
C1985F81
C198D70F
C1994D58
C199C261
C19A3630
C19AA8CC
C19B1A3C
C19B8A86
C19BF9B2
C19C67C6
C19CD4C9
C19D40C2
C0765A2B
C076A6DB
C076F66B
C07748F7
C0779E9B
C077F774
C07853A2
C078B344
C079167C
C0797D6C
C079E837
C07A5703
C07AC9F6
C07B4138
C07BBCF2
C07C3D4F
C07CC27D
C07D4CA8
C07DDC01
C07E70BA
C07F0B06
C07FAB1A
C0802898
C0807EBF
C080D821
C08134DD
C0819513
C081F8E3
C0826071
C082CBDF
C0833B54
C083AEF4
C08426E8
C084A358
C085246E
C085AA56
C086353E
C086C553
C0875AC5
C087F5C6
C0889688
C0893D40
C089EA24
C08A9D6A
C08B574C
C08C1803
C08CDFC9
C08DAEDD
C08E857B
C08F63E3
C0904A53
C091390D
C0923052
C0933064
C0943986
C0954BF8
C09667FF
C0978DDD
C098BDD2
C099F820
C09B3D06
C09C8CC2
C09DE791
C09F4DAD
C0A0BF4D
C0A23CA5
C0A3C5E6
C0A55B3E
C0A6FCD4
C0A8AACE
C0AA654A
C0AC2C62
C0AE002A
C0AFE0AE
C0B1CDF7
C0B3C805
C0B5CED1
C0B7E24E
C0BA0268
C0BC2F03
C0BE67FC
C0C0AD2B
C0C2FE5E
C0C55B60
C0C7C3F3
C0CA37D4
C0CCB6BC
C0CF405D
C0D1D467
C0D47283
C0D71A5A
C0D9CB90
C0DC85C6
C0DF489F
C0E213BA
C0E4E6B5
C0E7C131
C0EAA2CB
C0ED8B25
C0F079E1
C0F36EA1
C0F6690B
C0F968C6
C0FC6D7C
C0FF76DA
C1014247
C102CB26
C10455E5
C105E25F
C1077072
C108FFFF
C10A90E5
C10C2308
C10DB64A
C10F4A93
C110DFC8
C11275D2
C1140C9B
C115A40D
C1173C15
C118D4A0
C11A6D9B
C11C06F8
C11DA0A5
C11F3A95
C120D4B9
C1226F04
C124096A
C125A3E0
C1273E5B
C128D8D0
C12A7335
C12C0D82
C12DA7AC
C12F41AD
C130DB7B
C1327510
C1340E63
C135A76D
C1374029
C138D88E
C13A7096
C13C083B
C13D9F76
C13F3641
C140CC97
C1426270
C143F7C7
C1458C96
C14720D6
C148B481
C14A4791
C14BDA00
C14D6BC6
C14EFCDE
C1508D41
C1521CE8
C153ABCB
C15539E4
C156C72B
C1585399
C159DF26
C15B69CA
C15CF37C
C15E7C34
C16003EA
C1618A94
C163102A
C16494A1
C16617F0
C1679A0D
C1691AEE
C16A9A88
C16C18D1
C16D95BC
C16F1140
C1708B50
C17203E0
C1737AE5
C174F052
C176641A
C177D631
C179468A
C17AB518
C17C21CD
C17D8C9C
C17EF578
C1802E29
C180E08F
C18191E7
C182422B
C182F152
C1839F57
C1844C34
C184F7E0
C185A257
C1864B91
C186F389
C1879A38
C1883F99
C188E3A6
C1898659
C18A27AE
C18AC7A0
C18B662A
C18C0348
C18C9EF6
C18D3931
C18DD1F6
C18E6942
C18EFF12
C18F9364
C1902639
C190B78D
C1914761
C191D5B4
C1926287
C192EDDB
C19377B0
C1940009
C19486E7
C1950C4D
C195903E
C19612BC
C19693CC
C1971372
C19791B2
C1980E90
C1988A12
C199043D
C1997D16
C199F4A3
C19A6AEA
C19ADFF2
C19B53C0
C19BC65B
C19C37CA
C19CA813
C19D173E
C19D8551
C19DF253
C078CD6D
C0791A1F
C07969B1
C079BC3E
C07A11E4
C07A6ABF
C07AC6EF
C07B2693
C07B89CD
C07BF0BF
C07C5B8D
C07CCA5B
C07D3D51
C07DB495
C07E3052
C07EB0B2
C07F35E2
C07FC011
C08027B6
C0807215
C080BF3C
C0810F48
C0816255
C081B87E
C08211E2
C0826EA0
C082CED8
C08332AB
C0839A3B
C08405AC
C0847523
C084E8C5
C08560BC
C085DD2F
C0865E48
C086E434
C0876F1E
C087FF36
C08894AC
C0892FB1
C089D077
C08A7733
C08B241B
C08BD765
C08C914B
C08D5206
C08E19D2
C08EE8EA
C08FBF8E
C0909DFA
C0918470
C0927330
C0936A7B
C0946A93
C09573BB
C0968634
C097A242
C098C826
C099F823
C09B3279
C09C7767
C09DC72C
C09F2204
C0A08828
C0A1F9D1
C0A37733
C0A5007F
C0A695E1
C0A83782
C0A9E588
C0ABA010
C0AD6734
C0AF3B08
C0B11B9A
C0B308F1
C0B5030D
C0B709E8
C0B91D75
C0BB3D9F
C0BD6A4A
C0BFA355
C0C1E896
C0C439DC
C0C696F1
C0C8FF99
C0CB738F
C0CDF28D
C0D07C45
C0D31067
C0D5AE9C
C0D8568C
C0DB07DD
C0DDC22F
C0E08525
C0E3505E
C0E62378
C0E8FE14
C0EBDFD1
C0EEC84E
C0F1B72E
C0F4AC14
C0F7A6A6
C0FAA68A
C0FDAB6B
C1005A7A
C101E16C
C1036A63
C104F53A
C10681CE
C1080FFD
C1099FA5
C10B30A9
C10CC2EA
C10E564C
C10FEAB6
C111800D
C113163B
C114AD29
C11644C1
C117DCF1
C11975A5
C11B0ECC
C11CA856
C11E4232
C11FDC52
C12176A9
C1231129
C124ABC6
C1264675
C127E12B
C1297BDE
C12B1684
C12CB113
C12E4B83
C12FE5CC
C1317FE6
C13319C9
C134B36E
C1364CCD
C137E5E0
C1397EA1
C13B1709
C13CAF11
C13E46B4
C13FDDEB
C14174B0
C1430AFE
C144A0CE
C146361B
C147CADE
C1495F11
C14AF2AF
C14C85B1
C14E1810
C14FA9C7
C1513AD0
C152CB22
C1545AB8
C155E98B
C1577793
C15904CA
C15A9127
C15C1CA3
C15DA735
C15F30D7
C160B97F
C1624124
C163C7BE
C1654D43
C166D1AB
C16854EB
C169D6F8
C16B57CA
C16CD756
C16E5590
C16FD26D
C1714DE3
C172C7E5
C1744069
C175B760
C1772CC1
C178A07C
C17A1288
C17B82D5
C17CF157
C17E5E01
C17FC8C5
C18098CB
C1814C34
C181FE95
C182AFE8
C1836027
C1840F4A
C184BD4A
C1856A22
C18615CB
C186C03E
C1876974
C1881168
C188B814
C1895D71
C18A017A
C18AA42A
C18B457C
C18BE56B
C18C83F2
C18D210D
C18DBCB9
C18E56F1
C18EEFB3
C18F86FC
C1901CCA
C190B11A
C19143EC
C191D53E
C1926510
C192F361
C1938032
C1940B84
C1949558
C1951DAF
C195A48B
C19629EF
C196ADDE
C197305B
C197B16A
C198310E
C198AF4D
C1992C2A
C199A7AA
C19A21D4
C19A9AAB
C19B1237
C19B887E
C19BFD84
C19C7151
C19CE3EB
C19D5559
C19DC5A2
C19E34CC
C19EA2DE
C07B40BD
C07B8D71
C07BDD04
C07C2F93
C07C853B
C07CDE18
C07D3A4A
C07D99F0
C07DFD2C
C07E6420
C07ECEF0
C07F3DC1
C07FB0B9
C0801400
C08051E0
C0809211
C080D4AB
C08119C3
C0816173
C081ABD3
C081F8FC
C082490A
C0829C18
C082F243
C0834BA9
C083A869
C08408A3
C0846C78
C084D40A
C0853F7E
C085AEF7
C086229D
C0869A96
C087170B
C0879827
C0881E16
C088A903
C089391F
C089CE98
C08A69A0
C08B0A6A
C08BB129
C08C5E15
C08D1164
C08DCB4E
C08E8C0D
C08F53DD
C09022FB
C090F9A3
C091D815
C092BE90
C093AD55
C094A4A6
C095A4C4
C096ADF1
C097C071
C098DC86
C09A0271
C09B3275
C09C6CD2
C09DB1C8
C09F0195
C0A05C75
C0A1C2A2
C0A33455
C0A4B1C0
C0A63B15
C0A7D081
C0A9722D
C0AB203E
C0ACDAD1
C0AEA201
C0B075E2
C0B25680
C0B443E5
C0B63E0E
C0B844F8
C0BA5894
C0BC78CD
C0BEA589
C0C0DEA5
C0C323F7
C0C5754F
C0C7D277
C0CA3B32
C0CCAF3D
C0CF2E50
C0D1B81F
C0D44C57
C0D6EAA4
C0D992AD
C0DC4417
C0DEFE85
C0E1C196
C0E48CEC
C0E76024
C0EA3ADF
C0ED1CBC
C0F0055C
C0F2F45F
C0F5E96A
C0F8E421
C0FBE42D
C0FEE936
C100F976
C102807D
C104098B
C105947B
C1072128
C108AF70
C10A3F34
C10BD054
C10D62B2
C10EF632
C1108ABC
C1122034
C113B684
C1154D95
C116E553
C1187DA9
C11A1685
C11BAFD6
C11D498B
C11EE394
C1207DE3
C122186B
C123B31D
C1254DF0
C126E8D6
C12883C5
C12A1EB3
C12BB996
C12D5466
C12EEF19
C13089A8
C132240A
C133BE38
C135582B
C136F1DC
C1388B44
C13A245D
C13BBD21
C13D5589
C13EED8F
C140852D
C1421C5E
C143B31C
C1454960
C146DF26
C1487467
C14A091D
C14B9D43
C14D30D2
C14EC3C5
C1505616
C151E7BD
C15378B5
C15508F7
C156987D
C158273F
C159B536
C15B425C
C15CCEA8
C15E5A13
C15FE495
C1616E26
C162F6BD
C1647E53
C16604DD
C1678A52
C1690EAA
C16A91DA
C16C13D9
C16D949D
C16F1419
C1709245
C1720F15
C1738A7D
C1750472
C1767CE8
C177F3D4
C1796927
C17ADCD7
C17C4ED7
C17DBF19
C17F2D90
C1804D17
C1810274
C181B6D8
C1826A3B
C1831C98
C183CDE6
C1847E20
C1852D3F
C185DB3C
C186880F
C18733B4
C187DE23
C1888755
C1892F46
C189D5EE
C18A7B48
C18B1F4E
C18BC1FB
C18C634A
C18D0335
C18DA1BA
C18E3ED2
C18EDA7B
C18F74B1
C1900D70
C190A4B7
C1913A82
C191CED0
C19261A0
C192F2F0
C19382C0
C194110F
C1949DDE
C195292E
C195B300
C1963B55
C196C230
C1974793
C197CB80
C1984DFB
C198CF09
C1994EAC
C199CCE9
C19A49C4
C19AC544
C19B3F6C
C19BB842
C19C2FCD
C19CA612
C19D1B18
C19D8EE4
C19E017D
C19E72EA
C19EE332
C19F525B
C07DB41B
C07E00D0
C07E5065
C07EA2F6
C07EF89F
C07F517E
C07FADB2
C08006AD
C080384C
C0806BC7
C080A130
C080D89A
C0811217
C0814DBC
C0818B9D
C081CBD0
C0820E6B
C0825385
C0829B36
C082E597
C08332C2
C08382D1
C083D5E1
C0842C0E
C0848576
C084E238
C0854274
C085A64B
C0860DDF
C0867955
C086E8D1
C0875C79
C087D474
C08850ED
C088D20B
C08957FD
C089E2ED
C08A730C
C08B0888
C08BA393
C08C4461
C08CEB24
C08D9813
C08E4B66
C08F0554
C08FC618
C0908DEC
C0915D0E
C09233BB
C0931231
C093F8B2
C094E77C
C095DED2
C096DEF6
C097E82A
C098FAB0
C09A16CB
C09B3CBD
C09C6CC7
C09DA72C
C09EEC29
C0A03BFE
C0A196E6
C0A2FD1C
C0A46ED7
C0A5EC4B
C0A775A9
C0A90B20
C0AAACD6
C0AC5AF1
C0AE158F
C0AFDCCB
C0B1B0B7
C0B39162
C0B57ED3
C0B7790A
C0B98001
C0BB93AC
C0BDB3F4
C0BFE0C0
C0C219EB
C0C45F4E
C0C6B0B8
C0C90DF2
C0CB76C0
C0CDEADF
C0D06A06
C0D2F3EA
C0D58838
C0D8269C
C0DACEBD
C0DD8040
C0E03AC7
C0E2FDF3
C0E5C965
C0E89CBA
C0EB7793
C0EE5990
C0F1424F
C0F43174
C0F726A2
C0FA217E
C0FD21B0
C1001371
C1019860
C1031F7D
C104A8A1
C10633A7
C107C06D
C1094ECE
C10ADEAC
C10C6FE6
C10E0260
C10F95FE
C1112AA6
C112C03E
C11456AF
C115EDE2
C11785C3
C1191E3F
C11AB741
C11C50BA
C11DEA99
C11F84CD
C1211F49
C122BA00
C12454E3
C125EFE8
C1278B03
C1292629
C12AC150
C12C5C6F
C12DF77C
C12F9270
C1312D41
C132C7E9
C1346260
C135FC9E
C137969E
C1393058
C13AC9C5
C13C62E1
C13DFBA5
C13F940B
C1412C0C
C142C3A5
C1445ACE
C145F182
C14787BC
C1491D76
C14AB2AB
C14C4753
C14DDB6B
C14F6EEC
C15101CF
C1529410
C15425A7
C155B68F
C15746C0
C158D635
C15A64E6
C15BF2CD
C15D7FE1
C15F0C1D
C1609777
C16221E9
C163AB69
C16533F0
C166BB76
C16841F0
C169C756
C16B4B9E
C16CCEC0
C16E50B0
C16FD165
C17150D3
C172CEF1
C1744BB3
C175C70E
C17740F7
C178B960
C17A303F
C17BA587
C17D192B
C17E8B1F
C17FFB56
C180B4E1
C1816B2B
C1822083
C182D4E2
C1838840
C1843A98
C184EBE2
C1859C18
C1864B32
C186F92B
C187A5FB
C188519B
C188FC06
C189A536
C18A4D22
C18AF3C7
C18B991E
C18C3D21
C18CDFCB
C18D8116
C18E20FF
C18EBF81
C18F5C96
C18FF83D
C1909270
C1912B2D
C191C271
C192583A
C192EC86
C1937F54
C19410A2
C194A070
C1952EBD
C195BB8A
C19646D9
C196D0A9
C19758FC
C197DFD5
C1986537
C198E922
C1996B9D
C199ECA8
C19A6C4A
C19AEA86
C19B6760
C19BE2DE
C19C5D05
C19CD5DB
C19D4D65
C19DC3A9
C19E38AD
C19EAC78
C19F1F10
C19F907D
C1A000C3
C08013C3
C0803A1F
C08061EA
C0808B33
C080B609
C080E279
C0811094
C0814069
C0817209
C081A585
C081DAEF
C082125A
C0824BD8
C082877E
C082C560
C0830594
C0834830
C0838D4C
C083D4FE
C0841F61
C0846C8E
C084BC9F
C0850FB0
C08565DF
C085BF49
C0861C0D
C0867C4A
C086E023
C08747BA
C087B332
C08822B0
C088965A
C0890E58
C0898AD3
C08A0BF4
C08A91E8
C08B1CDC
C08BACFD
C08C427D
C08CDD8B
C08D7E5C
C08E2522
C08ED215
C08F856C
C0903F5E
C0910025
C091C7FE
C0929724
C0936DD6
C0944C51
C09532D6
C09621A6
C0971901
C098192A
C0992264
C09A34F0
C09B5111
C09C7709
C09DA71B
C09EE186
C0A0268A
C0A17666
C0A2D156
C0A43794
C0A5A957
C0A726D4
C0A8B03C
C0AA45BC
C0ABE77C
C0AD95A1
C0AF504A
C0B11790
C0B2EB88
C0B4CC3F
C0B6B9BC
C0B8B400
C0BABB05
C0BCCEBD
C0BEEF13
C0C11BEE
C0C35529
C0C59A9C
C0C7EC17
C0CA4963
C0CCB243
C0CF2674
C0D1A5AF
C0D42FA7
C0D6C40B
C0D96285
C0DC0ABC
C0DEBC57
C0E176F7
C0E43A3D
C0E705C9
C0E9D93B
C0ECB431
C0EF964B
C0F27F2A
C0F56E70
C0F863BF
C0FB5EBE
C0FE5F15
C100B236
C1023739
C103BE6A
C10547A4
C106D2C1
C1085F9D
C109EE16
C10B7E0D
C10D0F62
C10EA1F7
C11035B1
C111CA76
C113602C
C114F6BC
C1168E11
C1182614
C119BEB3
C11B57DB
C11CF17A
C11E8B81
C12025DF
C121C086
C1235B6A
C124F67C
C12691B2
C1282CFF
C129C85A
C12B63B8
C12CFF10
C12E9A59
C130358A
C131D09C
C1336B87
C1350643
C136A0CA
C1383B15
C139D51D
C13B6EDD
C13D084D
C13EA169
C1403A2B
C141D28C
C1436A88
C1450219
C1469939
C1482FE3
C149C611
C14B5BBE
C14CF0E5
C14E8580
C1501988
C151ACFA
C1533FCD
C154D1FE
C1566385
C157F45C
C159847C
C15B13E0
C15CA281
C15E3057
C15FBD5A
C1614985
C162D4CF
C1645F30
C165E8A1
C1677118
C168F88D
C16A7EF8
C16C044F
C16D8888
C16F0B9B
C1708D7C
C1720E23
C1738D84
C1750B94
C1768849
C1780397
C1797D73
C17AF5D0
C17C6CA3
C17DE1DF
C17F5578
C18063B0
C1811BC6
C181D2F7
C182893D
C1833E90
C183F2E9
C184A643
C1855896
C18609DC
C186BA0E
C1876924
C1881718
C188C3E4
C1896F81
C18A19E9
C18AC314
C18B6AFE
C18C119F
C18CB6F3
C18D5AF2
C18DFD99
C18E9EE2
C18F3EC8
C18FDD47
C1907A5A
C19115FE
C191B02F
C19248EA
C192E02C
C19375F3
C1940A3C
C1949D08
C1952E54
C195BE20
C1964C6B
C196D937
C1976484
C197EE52
C19876A4
C198FD7C
C19982DB
C19A06C6
C19A893E
C19B0A49
C19B89E9
C19C0824
C19C84FD
C19D007A
C19D7AA0
C19DF374
C19E6AFD
C19EE140
C19F5643
C19FCA0E
C1A03CA5
C1A0AE10
C0814D80
C08173DB
C0819BA8
C081C4F2
C081EFC8
C0821C39
C0824A55
C0827A2B
C082ABCC
C082DF49
C08314B4
C0834C1F
C083859F
C083C146
C083FF29
C0843F5F
C08481FC
C084C719
C0850ECD
C0855931
C085A65F
C085F672
C0864985
C0869FB5
C086F921
C08755E6
C087B626
C0881A01
C0888199
C088ED13
C0895C93
C089D040
C08A4840
C08AC4BE
C08B45E2
C08BCBD8
C08C56CF
C08CE6F3
C08D7C75
C08E1787
C08EB85A
C08F5F25
C0900C1B
C090BF75
C091796A
C0923A36
C0930213
C093D13D
C094A7F3
C0958673
C0966CFD
C0975BD1
C0985332
C0995360
C09A5C9F
C09B6F31
C09C8B58
C09DB156
C09EE16E
C0A01BE0
C0A160EB
C0A2B0CF
C0A40BC6
C0A5720C
C0A6E3D7
C0A8615C
C0A9EACD
C0AB8055
C0AD221F
C0AED04E
C0B08B01
C0B25252
C0B42655
C0B60717
C0B7F4A0
C0B9EEF0
C0BBF602
C0BE09C7
C0C02A2C
C0C25715
C0C4905F
C0C6D5E2
C0C9276C
C0CB84C9
C0CDEDBA
C0D061FE
C0D2E14C
C0D56B57
C0D7FFCF
C0DA9E5E
C0DD46AC
C0DFF85E
C0E2B316
C0E57675
C0E8421A
C0EB15A7
C0EDF0B9
C0F0D2F0
C0F3BBED
C0F6AB52
C0F9A0C2
C0FC9BE3
C0FF9C5C
C10150EC
C102D602
C1045D47
C105E695
C10771C8
C108FEBA
C10A8D4B
C10C1D59
C10DAEC7
C10F4176
C110D54B
C1126A2C
C113FFFF
C11596AE
C1172E22
C118C647
C11A5F08
C11BF853
C11D9217
C11F2C44
C120C6CA
C122619C
C123FCAA
C12597EA
C127334E
C128CECD
C12A6A5A
C12C05ED
C12DA17C
C12F3CFE
C130D86B
C13273BB
C1340EE6
C135A9E5
C13744B1
C138DF45
C13A7998
C13C13A6
C13DAD68
C13F46D9
C140DFF3
C14278B0
C144110C
C145A900
C1474087
C148D79D
C14A6E3B
C14C045D
C14D99FD
C14F2F15
C150C3A1
C152579A
C153EAFC
C1557DBF
C1570FDF
C158A156
C15A321C
C15BC22C
C15D517F
C15EE00F
C1606DD4
C161FAC7
C16386E1
C165121B
C1669C6C
C16825CC
C169AE33
C16B3599
C16CBBF5
C16E413C
C16FC567
C171486B
C172CA3F
C1744AD8
C175CA2B
C177482E
C178C4D6
C17A4018
C17BB9E7
C17D3238
C17EA8FF
C1800F18
C180C8DF
C18181CE
C18239DF
C182F10B
C183A74B
C1845C99
C18510EE
C185C444
C1867692
C18727D4
C187D801
C1888714
C1893504
C189E1CC
C18A8D66
C18B37CA
C18BE0F2
C18C88D8
C18D2F76
C18DD4C7
C18E78C3
C18F1B68
C18FBCAE
C1905C91
C190FB0D
C191981E
C19233BF
C192CDEE
C19366A6
C193FDE6
C19493AB
C19527F3
C195BABC
C1964C06
C196DBD0
C1976A1A
C197F6E4
C198822F
C1990BFC
C199944C
C19A1B22
C19AA081
C19B246A
C19BA6E1
C19C27EA
C19CA789
C19D25C3
C19DA29B
C19E1E17
C19E983B
C19F110F
C19F8897
C19FFED9
C1A073DB
C1A0E7A4
C1A15A3B
C0828742
C082AD9F
C082D56B
C082FEB6
C083298D
C08355FF
C083841C
C083B3F2
C083E594
C0841912
C0844E7E
C08485EB
C084BF6B
C084FB14
C08538F8
C085792F
C085BBCD
C08600EB
C08648A1
C0869306
C086E036
C087304A
C087835F
C087D991
C08832FE
C0888FC5
C088F006
C08953E3
C089BB7E
C08A26FA
C08A967C
C08B0A2B
C08B822D
C08BFEAD
C08C7FD3
C08D05CD
C08D90C5
C08E20ED
C08EB672
C08F5186
C08FF25D
C090992A
C0914624
C091F981
C092B37B
C093744A
C0943C2B
C0950B59
C095E213
C096C097
C097A726
C09895FF
C0998D64
C09A8D98
C09B96DC
C09CA973
C09DC5A0
C09EEBA4
C0A01BC2
C0A1563A
C0A29B4D
C0A3EB37
C0A54635
C0A6AC82
C0A81E56
C0A99BE3
C0AB255C
C0ACBAED
C0AE5CC0
C0B00AF8
C0B1C5B5
C0B38D10
C0B5611D
C0B741EA
C0B92F7F
C0BB29DB
C0BD30F9
C0BF44CB
C0C1653D
C0C39234
C0C5CB8D
C0C8111E
C0CA62B9
C0CCC025
C0CF2927
C0D19D7C
C0D41CDC
C0D6A6FB
C0D93B86
C0DBDA2A
C0DE828D
C0E13455
C0E3EF23
C0E6B29A
C0E97E59
C0EC51FF
C0EF2D2B
C0F20F7F
C0F4F899
C0F7E81C
C0FADDAB
C0FDD8EC
C1006CC4
C101EF93
C10374BB
C104FC14
C1068576
C10810BC
C1099DC4
C10B2C6B
C10CBC91
C10E4E16
C10FE0DF
C11174CE
C11309CA
C1149FB9
C1163685
C117CE18
C119665C
C11AFF3E
C11C98AB
C11E3293
C11FCCE5
C1216792
C123028B
C1249DC3
C126392E
C127D4C0
C129706D
C12B0C2B
C12CA7F1
C12E43B5
C12FDF6E
C1317B14
C133169F
C134B208
C1364D47
C137E857
C1398330
C13B1DCC
C13CB825
C13E5236
C13FEBF8
C1418567
C1431E7C
C144B734
C1464F87
C147E772
C1497EEF
C14B15F9
C14CAC8B
C14E429F
C14FD831
C1516D3A
C15301B7
C15495A0
C15628F2
C157BBA5
C1594DB4
C15ADF1A
C15C6FCF
C15DFFCF
C15F8F11
C1611D90
C162AB44
C1643827
C165C431
C1674F5A
C168D99B
C16A62EC
C16BEB43
C16D729A
C16EF8E6
C1707E1F
C172023C
C1738532
C17506F8
C1768783
C17806C9
C17984BF
C17B015B
C17C7C90
C17DF653
C17F6E99
C18072AA
C1812D3D
C181E6FF
C1829FE8
C18357F4
C1840F1B
C184C557
C1857AA0
C1862EF1
C186E242
C187948C
C18845CA
C188F5F3
C189A501
C18A52EE
C18AFFB3
C18BAB49
C18C55A9
C18CFECE
C18DA6B1
C18E4D4C
C18EF29A
C18F9694
C1903935
C190DA78
C1917A59
C19218D3
C192B5E1
C1935180
C193EBAC
C1948463
C1951BA0
C195B163
C19645A9
C196D871
C19769B9
C197F981
C19887C9
C1991492
C1999FDB
C19A29A6
C19AB1F5
C19B38CA
C19BBE27
C19C420F
C19CC485
C19D458D
C19DC52A
C19E4363
C19EC039
C19F3BB4
C19FB5D8
C1A02EAB
C1A0A631
C1A11C72
C1A19174
C1A2053C
C083C10A
C083E768
C0840F35
C0843881
C0846358
C0848FCB
C084BDE8
C084EDC0
C0851F63
C08552E2
C085884F
C085BFBC
C085F93E
C08634E7
C08672CD
C086B304
C086F5A4
C0873AC3
C087827A
C087CCE1
C0881A12
C0886A27
C088BD3D
C0891371
C0896CE0
C089C9A9
C08A29EC
C08A8DCA
C08AF567
C08B60E5
C08BD069
C08C441A
C08CBC1F
C08D38A0
C08DB9C9
C08E3FC5
C08ECAC0
C08F5AEA
C08FF072
C0908B89
C0912C63
C091D334
C0928030
C0933391
C093ED8E
C094AE61
C0957645
C0964577
C0971C35
C097FABE
C098E151
C099D02E
C09AC798
C09BC7D1
C09CD11A
C09DE3B6
C09EFFE9
C0A025F3
C0A15617
C0A29095
C0A3D5AE
C0A5259F
C0A680A4
C0A7E6F8
C0A958D3
C0AAD668
C0AC5FE9
C0ADF582
C0AF975E
C0B1459F
C0B30065
C0B4C7CA
C0B69BE2
C0B87CBA
C0BA6A59
C0BC64C1
C0BE6BEB
C0C07FC9
C0C2A048
C0C4CD4C
C0C706B2
C0C94C53
C0CB9DFC
C0CDFB78
C0D0648A
C0D2D8F0
C0D55862
C0D7E292
C0DA7731
C0DD15E8
C0DFBE60
C0E2703C
C0E52B21
C0E7EEAF
C0EABA85
C0ED8E44
C0F0698A
C0F34BF8
C0F6352E
C0F924CE
C0FC1A7C
C0FF15DC
C1010B4C
C1028E2C
C1041366
C1059AD1
C1072446
C108AFA0
C10A3CBD
C10BCB79
C10D5BB5
C10EED51
C1108032
C112143A
C113A950
C1153F5A
C116D643
C1186DF2
C11A0655
C11B9F56
C11D38E5
C11ED2EF
C1206D64
C1220836
C123A356
C1253EB6
C126DA4B
C1287608
C12A11E2
C12BADCF
C12D49C6
C12EE5BC
C13081AA
C1321D87
C133B94B
C13554F0
C136F06D
C1388BBD
C13A26D8
C13BC1BA
C13D5C5C
C13EF6B8
C14090C9
C1422A89
C143C3F4
C1455D03
C146F5B3
C1488DFD
C14A25DE
C14BBD4F
C14D544C
C14EEAD0
C15080D6
C1521659
C153AB54
C1553FC0
C156D39A
C15866DB
C159F97E
C15B8B7C
C15D1CD1
C15EAD76
C1603D64
C161CC96
C1635B04
C164E8A8
C166757A
C1680174
C1698C8D
C16B16BE
C16C9FFF
C16E2848
C16FAF8F
C17135CD
C172BAF8
C1743F06
C175C1EE
C17743A7
C178C424
C17A435E
C17BC147
C17D3DD6
C17EB900
C180195C
C180D579
C18190D1
C1824B5F
C183051B
C183BE00
C1847606
C1852D29
C185E35F
C18698A4
C1874CF1
C188003D
C188B284
C18963BD
C18A13E3
C18AC2ED
C18B70D7
C18C1D98
C18CC92A
C18D7387
C18E1CA9
C18EC489
C18F6B21
C190106C
C190B463
C1915702
C191F843
C1929821
C1933698
C193D3A4
C1946F41
C195096B
C195A21F
C196395B
C196CF1B
C1976360
C197F625
C198876C
C1991732
C199A579
C19A3240
C19ABD87
C19B4751
C19BCF9F
C19C5672
C19CDBCE
C19D5FB4
C19DE229
C19E6330
C19EE2CC
C19F6103
C19FDDD9
C1A05953
C1A0D376
C1A14C47
C1A1C3CD
C1A23A0D
C1A2AF0E
C084FAD8
C0852136
C0854904
C0857251
C0859D29
C085C99D
C085F7BB
C0862793
C0865937
C0868CB6
C086C224
C086F993
C0873315
C0876EC0
C087ACA6
C087ECDF
C0882F80
C08874A1
C088BC58
C08906C0
C08953F3
C089A40A
C089F721
C08A4D56
C08AA6C7
C08B0391
C08B63D6
C08BC7B6
C08C2F54
C08C9AD4
C08D0A5A
C08D7E0D
C08DF614
C08E7298
C08EF3C3
C08F79C1
C09004BF
C09094EB
C0912A76
C091C590
C092666D
C0930D40
C093BA40
C0946DA4
C09527A4
C095E87A
C096B062
C0977F98
C098565A
C09934E7
C09A1B7E
C09B0A60
C09C01CE
C09D020C
C09E0B5A
C09F1DFB
C0A03A33
C0A16042
C0A2906C
C0A3CAF0
C0A5100F
C0A66006
C0A7BB12
C0A9216D
C0AA934F
C0AC10EC
C0AD9A74
C0AF3016
C0B0D1FA
C0B28044
C0B43B13
C0B60282
C0B7D6A3
C0B9B785
C0BBA52F
C0BD9FA2
C0BFA6D7
C0C1BAC1
C0C3DB4C
C0C6085D
C0C841D1
C0CA877F
C0CCD937
C0CF36C2
C0D19FE4
C0D4145A
C0D693DC
C0D91E1E
C0DBB2CF
C0DE5199
C0E0FA24
C0E3AC15
C0E6670F
C0E92AB3
C0EBF6A0
C0EECA77
C0F1A5D6
C0F4885E
C0F771AE
C0FA616A
C0FD5735
C100295A
C101A9C7
C1032CB8
C104B202
C106397F
C107C306
C1094E73
C10ADBA4
C10C6A74
C10DFAC6
C10F8C79
C1111F70
C112B390
C11448BF
C115DEE4
C11775E7
C1190DB3
C11AA633
C11C3F53
C11DD901
C11F732C
C1210DC3
C122A8B9
C12443FD
C125DF84
C1277B41
C1291728
C12AB32D
C12C4F48
C12DEB6D
C12F8794
C13123B5
C132BFC6
C1345BC2
C135F79F
C1379358
C1392EE6
C13ACA42
C13C6566
C13E004E
C13F9AF2
C141354F
C142CF5D
C144691A
C146027E
C1479B86
C149342C
C14ACC6C
C14C6441
C14DFBA6
C14F9295
C151290B
C152BF03
C1545476
C155E961
C1577DBD
C1591187
C15AA4B7
C15C3749
C15DC937
C15F5A7B
C160EB0F
C1627AEC
C1640A0D
C165986B
C16725FF
C168B2C1
C16A3EAA
C16BC9B4
C16D53D6
C16EDD08
C1706541
C171EC7A
C17372A9
C174F7C6
C1767BC6
C177FEA1
C179804C
C17B00BD
C17C7FEA
C17DFDC7
C17F7A4A
C1807AB4
C181378A
C181F3A2
C182AEF5
C183697D
C1842334
C184DC14
C1859416
C1864B33
C1870166
C187B6A6
C1886AEE
C1891E37
C189D079
C18A81AF
C18B31D1
C18BE0D8
C18C8EBD
C18D3B7B
C18DE70A
C18E9164
C18F3A83
C18FE260
C19088F5
C1912E3D
C191D232
C19274CE
C193160C
C193B5E8
C194545D
C194F166
C1958D01
C1962729
C196BFDB
C1975715
C197ECD4
C1988116
C19913DA
C199A51F
C19A34E4
C19AC328
C19B4FEE
C19BDB34
C19C64FD
C19CED49
C19D741B
C19DF975
C19E7D5A
C19EFFCE
C19F80D3
C1A0006F
C1A07EA5
C1A0FB7A
C1A176F2
C1A1F114
C1A269E5
C1A2E16A
C1A357A9
C08634AC
C0865B0B
C08682D9
C086AC26
C086D6FF
C0870374
C0873192
C087616C
C0879310
C087C691
C087FBFF
C088336F
C0886CF2
C088A89D
C088E685
C08926BF
C0896961
C089AE83
C089F63C
C08A40A5
C08A8DD8
C08ADDF1
C08B310A
C08B8740
C08BE0B2
C08C3D7E
C08C9DC4
C08D01A6
C08D6946
C08DD4C8
C08E4450
C08EB805
C08F300E
C08FAC94
C0902DC1
C090B3C1
C0913EC2
C091CEF0
C092647D
C092FF9A
C093A079
C0944750
C094F453
C095A7BA
C09661BD
C0972297
C097EA82
C098B9BC
C0999081
C09A6F12
C09B55AD
C09C4493
C09D3C06
C09E3C48
C09F459A
C0A05841
C0A1747D
C0A29A92
C0A3CAC1
C0A5054B
C0A64A70
C0A79A6D
C0A8F580
C0AA5BE2
C0ABCDCA
C0AD4B6E
C0AED4FE
C0B06AA8
C0B20C94
C0B3BAE6
C0B575BE
C0B73D35
C0B91160
C0BAF24C
C0BCE000
C0BEDA7D
C0C0E1BE
C0C2F5B3
C0C5164A
C0C74367
C0C97CE8
C0CBC2A4
C0CE1469
C0D07203
C0D2DB33
C0D54FB9
C0D7CF4C
C0DA599F
C0DCEE61
C0DF8D3D
C0E235DB
C0E4E7E0
C0E7A2EE
C0EA66A7
C0ED32AB
C0F00698
C0F2E20F
C0F5C4AF
C0F8AE1A
C0FB9DF1
C0FE93D7
C100C7B9
C1024836
C103CB36
C1055091
C106D81E
C10861B7
C109ED37
C10B7A7A
C10D095F
C10E99C4
C1102B8D
C111BE9A
C11352D2
C114E819
C1167E56
C1181574
C119AD5A
C11B45F6
C11CDF33
C11E7900
C120134B
C121AE03
C123491B
C124E483
C126802F
C1281C12
C129B821
C12B5450
C12CF096
C12E8CE8
C130293F
C131C590
C13361D4
C134FE04
C1369A19
C138360B
C139D1D4
C13B6D6E
C13D08D3
C13EA3FD
C1403EE8
C141D98C
C14373E6
C1450DF1
C146A7A7
C1484104
C149DA03
C14B729E
C14D0AD3
C14EA29B
C15039F2
C151D0D4
C153673B
C154FD23
C1569287
C1582761
C159BBAE
C15B4F66
C15CE286
C15E7507
C16006E4
C1619817
C163289B
C164B868
C1664778
C167D5C5
C1696349
C16AEFFB
C16C7BD5
C16E06CF
C16F90E1
C1711A04
C172A22F
C174295A
C175AF7B
C1773489
C178B87C
C17A3B4A
C17BBCE8
C17D3D4C
C17EBC6D
C1801D1F
C180DB5B
C18198E4
C18255B5
C18311C7
C183CD15
C1848798
C185414A
C185FA25
C186B222
C187693B
C1881F69
C188D4A6
C18988E9
C18A3C2E
C18AEE6D
C18B9F9F
C18C4FBD
C18CFEC0
C18DACA3
C18E595D
C18F04E9
C18FAF40
C190585C
C1910036
C191A6C8
C1924C0D
C192EFFF
C1939299
C19433D5
C194D3AE
C1957221
C1960F28
C196AAC1
C19744E7
C197DD97
C19874CF
C1990A8C
C1999ECC
C19A318F
C19AC2D2
C19B5295
C19BE0D9
C19C6D9D
C19CF8E1
C19D82A8
C19E0AF3
C19E91C4
C19F171D
C19F9B01
C1A01D73
C1A09E78
C1A11E12
C1A19C47
C1A2191B
C1A29493
C1A30EB4
C1A38783
C1A3FF08
C0876E85
C08794E4
C087BCB4
C087E601
C08810DB
C0883D50
C0886B6F
C0889B49
C088CCEE
C0890070
C08935DF
C0896D50
C089A6D4
C089E280
C08A2069
C08A60A4
C08AA347
C08AE869
C08B3024
C08B7A8E
C08BC7C3
C08C17DC
C08C6AF7
C08CC12E
C08D1AA2
C08D776F
C08DD7B7
C08E3B9B
C08EA33C
C08F0EC0
C08F7E4A
C08FF200
C0906A0B
C090E693
C09167C3
C091EDC5
C09278C8
C09308F9
C0939E88
C09439A7
C094DA89
C0958163
C0962E68
C096E1D2
C0979BD9
C0985CB5
C09924A4
C099F3E1
C09ACAAA
C09BA93F
C09C8FDD
C09D7EC8
C09E763F
C09F7685
C0A07FDC
C0A19287
C0A2AEC9
C0A3D4E3
C0A50517
C0A63FA7
C0A784D1
C0A8D4D4
C0AA2FED
C0AB9656
C0AD0845
C0AE85F0
C0B00F87
C0B1A538
C0B3472B
C0B4F586
C0B6B066
C0B877E6
C0BA4C1A
C0BC2D0F
C0BE1ACD
C0C01555
C0C21C9F
C0C430A0
C0C65143
C0C87E6C
C0CAB7F9
C0CCFDC1
C0CF4F94
C0D1AD3B
C0D4167A
C0D68B0F
C0D90AB1
C0DB9514
C0DE29E7
C0E0C8D5
C0E37185
C0E6239D
C0E8DEBF
C0EBA28C
C0EE6EA5
C0F142A8
C0F41E36
C0F700EF
C0F9EA72
C0FCDA62
C0FFD063
C101660D
C102E698
C10469A8
C105EF12
C10776B0
C109005A
C10A8BEB
C10C1940
C10DA838
C10F38B2
C110CA8E
C1125DB2
C113F1FF
C115875D
C1171DB3
C118B4E9
C11A4CEA
C11BE5A1
C11D7EFA
C11F18E4
C120B34D
C1224E25
C123E95E
C12584E8
C12720B8
C128BCC0
C12A58F5
C12BF54D
C12D91BC
C12F2E3A
C130CABD
C132673D
C13403B3
C135A016
C1373C5F
C138D888
C13A748A
C13C1060
C13DAC02
C13F476D
C140E29A
C1427D85
C1441827
C145B27D
C1474C82
C148E630
C14A7F84
C14C1878
C14DB108
C14F4930
C150E0EB
C1527834
C1540F07
C155A55F
C1573B37
C158D08A
C15A6555
C15BF990
C15D8D38
C15F2047
C160B2B8
C1624484
C163D5A6
C1656619
C166F5D6
C16884D6
C16A1313
C16BA086
C16D2D29
C16EB8F3
C17043DE
C171CDE2
C17356F6
C174DF12
C176662F
C177EC42
C1797143
C17AF529
C17C77E9
C17DF97B
C17F79D3
C1807C74
C1813B57
C181F98D
C182B710
C18373DB
C1842FE8
C184EB31
C185A5AF
C1865F5D
C1871833
C187D02C
C1888741
C1893D6A
C189F2A3
C18AA6E3
C18B5A23
C18C0C5E
C18CBD8C
C18D6DA7
C18E1CA7
C18ECA86
C18F773D
C19022C6
C190CD1A
C1917633
C1921E0A
C192C49A
C19369DD
C1940DCC
C194B063
C195519D
C195F174
C1968FE5
C1972CEA
C197C881
C19862A5
C198FB53
C1999289
C19A2844
C19ABC83
C19B4F44
C19BE085
C19C7047
C19CFE89
C19D8B4B
C19E168F
C19EA055
C19F289E
C19FAF6E
C1A034C5
C1A0B8A8
C1A13B1A
C1A1BC1D
C1A23BB7
C1A2B9EA
C1A336BD
C1A3B234
C1A42C54
C1A4A523
C088A863
C088CEC3
C088F693
C0891FE1
C0894ABB
C0897731
C089A551
C089D52C
C08A06D2
C08A3A54
C08A6FC4
C08AA735
C08AE0BB
C08B1C68
C08B5A51
C08B9A8D
C08BDD31
C08C2255
C08C6A10
C08CB47C
C08D01B2
C08D51CC
C08DA4E8
C08DFB21
C08E5496
C08EB165
C08F11AE
C08F7593
C08FDD37
C09048BB
C090B847
C0912C00
C091A40C
C0922096
C092A1C8
C09327CC
C093B2D1
C0944304
C094D896
C09573B8
C096149D
C096BB78
C0976881
C0981BED
C098D5F7
C09996D7
C09A5EC9
C09B2E09
C09C04D6
C09CE36E
C09DCA10
C09EB8FE
C09FB07A
C0A0B0C4
C0A1BA1F
C0A2CCCF
C0A3E915
C0A50F34
C0A63F6E
C0A77A02
C0A8BF32
C0AA0F3B
C0AB6A5A
C0ACD0C8
C0AE42BE
C0AFC070
C0B14A0E
C0B2DFC6
C0B481C1
C0B63023
C0B7EB0C
C0B9B294
C0BB86D1
C0BD67CF
C0BF5596
C0C15028
C0C3577C
C0C56B88
C0C78C35
C0C9B96A
C0CBF303
C0CE38D7
C0D08AB7
C0D2E86C
C0D551B9
C0D7C65C
C0DA460D
C0DCD07F
C0DF6562
C0E20461
C0E4AD23
C0E75F4D
C0EA1A82
C0ECDE62
C0EFAA90
C0F27EA8
C0F55A4C
C0F83D1C
C0FB26B7
C0FE16C0
C100866D
C1020457
C10384F0
C105080D
C1068D87
C1081534
C1099EEE
C10B2A90
C10CB7F7
C10E4701
C10FD78E
C111697F
C112FCB6
C1149119
C116268D
C117BCFA
C1195449
C11AEC63
C11C8533
C11E1EA8
C11FB8AE
C1215334
C122EE2B
C1248983
C126252E
C127C120
C1295D4C
C12AF9A6
C12C9624
C12E32BC
C12FCF63
C1316C12
C13308BF
C134A563
C13641F7
C137DE73
C1397AD1
C13B170A
C13CB319
C13E4EF7
C13FEA9F
C141860D
C143213A
C144BC23
C14656C1
C147F111
C1498B0E
C14B24B3
C14CBDFC
C14E56E5
C14FEF69
C1518783
C1531F2F
C154B66A
C1564D2D
C157E376
C159793E
C15B0E81
C15CA33B
C15E3766
C15FCAFD
C1615DFB
C162F05B
C1648216
C1661328
C167A38A
C1693336
C16AC226
C16C5054
C16DDDB7
C16F6A4A
C170F605
C17280E1
C1740AD6
C17593DC
C1771BEA
C178A2F9
C17A28FF
C17BADF3
C17D31CC
C17EB480
C1801B02
C180DB29
C1819AAD
C182598A
C18317BB
C183D539
C18491FF
C1854E07
C186094B
C186C3C4
C1877D6D
C188363F
C188EE33
C189A543
C18A5B69
C18B109D
C18BC4D9
C18C7816
C18D2A4E
C18DDB78
C18E8B8F
C18F3A8C
C18FE868
C190951D
C19140A2
C191EAF4
C192940A
C1933BDE
C193E26B
C19487AB
C1952B98
C195CE2D
C1966F65
C1970F3A
C197ADA8
C1984AAC
C198E640
C1998062
C19A190F
C19AB043
C19B45FC
C19BDA3A
C19C6CF9
C19CFE39
C19D8DF9
C19E1C3A
C19EA8FB
C19F343D
C19FBE01
C1A04649
C1A0CD18
C1A1526E
C1A1D650
C1A258C0
C1A2D9C3
C1A3595B
C1A3D78E
C1A45460
C1A4CFD6
C1A549F5
C089E246
C08A08A6
C08A3077
C08A59C6
C08A84A1
C08AB117
C08ADF38
C08B0F13
C08B40BA
C08B743D
C08BA9AE
C08BE120
C08C1AA6
C08C5654
C08C943E
C08CD47B
C08D1720
C08D5C45
C08DA401
C08DEE6E
C08E3BA5
C08E8BC1
C08EDEDE
C08F3518
C08F8E8E
C08FEB5E
C0904BA9
C090AF90
C0911735
C09182BB
C091F248
C0926603
C092DE11
C0935A9D
C093DBD0
C09461D7
C094ECDE
C0957D13
C09612A7
C096ADCC
C0974EB3
C097F591
C098A29C
C099560B
C09A1018
C09AD0FB
C09B98F0
C09C6833
C09D3F03
C09E1D9E
C09F0445
C09FF337
C0A0EAB6
C0A1EB04
C0A2F464
C0A40718
C0A52362
C0A64986
C0A779C4
C0A8B45E
C0A9F993
C0AB49A2
C0ACA4C6
C0AE0B3B
C0AF7D37
C0B0FAEE
C0B28493
C0B41A52
C0B5BC54
C0B76ABE
C0B925AE
C0BAED3F
C0BCC184
C0BEA28B
C0C0905C
C0C28AF6
C0C49255
C0C6A66A
C0C8C722
C0CAF462
C0CD2E06
C0CF73E6
C0D1C5D3
C0D42394
C0D68CEE
C0D9019F
C0DB815F
C0DE0BE1
C0E0A0D3
C0E33FE2
C0E5E8B4
C0E89AF0
C0EB5637
C0EE1A2B
C0F0E66C
C0F3BA99
C0F69652
C0F97937
C0FC62E9
C0FF530A
C101249F
C102A295
C104233B
C105A667
C1072BEF
C108B3AB
C10A3D75
C10BC928
C10D56A0
C10EE5BB
C110765A
C112085E
C1139BA9
C1153021
C116C5AA
C1185C2D
C119F393
C11B8BC5
C11D24AF
C11EBE3D
C120585E
C121F300
C1238E14
C125298B
C126C556
C1286169
C129FDB7
C12B9A35
C12D36D8
C12ED396
C1307065
C1320D3E
C133AA16
C13546E8
C136E3AA
C1388057
C13A1CE8
C13BB956
C13D559B
C13EF1B3
C1408D97
C1422942
C143C4B0
C1455FDB
C146FABF
C1489558
C14A2FA0
C14BC994
C14D632F
C14EFC6C
C1509548
C1522DBE
C153C5CB
C1555D68
C156F493
C1588B47
C15A217F
C15BB737
C15D4C6A
C15EE113
C160752D
C16208B4
C1639BA1
C1652DF0
C166BF9B
C168509C
C169E0EE
C16B708A
C16CFF6A
C16E8D88
C1701ADC
C171A760
C173330C
C174BDD9
C17647C0
C177D0B7
C17958B8
C17ADFB9
C17C65B1
C17DEA99
C17F6E65
C1807886
C1813943
C181F963
C182B8E2
C18377BA
C18435E5
C184F35E
C185B01F
C1866C22
C1872761
C187E1D6
C1889B7A
C1895447
C18A0C38
C18AC344
C18B7965
C18C2E96
C18CE2CE
C18D9608
C18E483B
C18EF963
C18FA976
C1905870
C1910649
C191B2FA
C1925E7D
C19308CC
C193B1DF
C19459B1
C195003C
C195A579
C1964964
C196EBF7
C1978D2C
C1982CFF
C198CB6B
C199686D
C19A03FF
C19A9E1F
C19B36CA
C19BCDFD
C19C63B5
C19CF7F0
C19D8AAE
C19E1BEC
C19EABAB
C19F39EA
C19FC6AA
C1A051EB
C1A0DBAE
C1A163F5
C1A1EAC2
C1A27018
C1A2F3F9
C1A37668
C1A3F769
C1A47701
C1A4F533
C1A57204
C1A5ED79
C08B1C2E
C08B428F
C08B6A60
C08B93AF
C08BBE8B
C08BEB01
C08C1923
C08C48FF
C08C7AA6
C08CAE2A
C08CE39C
C08D1B0F
C08D5495
C08D9044
C08DCE30
C08E0E6D
C08E5113
C08E9639
C08EDDF6
C08F2864
C08F759C
C08FC5B9
C09018D7
C0906F13
C090C88A
C091255C
C09185A8
C091E990
C0925136
C092BCBE
C0932C4D
C093A009
C0941819
C09494A7
C09515DC
C0959BE5
C09626EE
C096B725
C0974CBC
C097E7E2
C09888CB
C0992FAC
C099DCBA
C09A902C
C09B4A3B
C09C0B21
C09CD319
C09DA25F
C09E7933
C09F57D1
C0A03E7B
C0A12D70
C0A224F3
C0A32545
C0A42EA9
C0A54161
C0A65DB0
C0A783D9
C0A8B41C
C0A9EEBA
C0AB33F5
C0AC8408
C0ADDF32
C0AF45AC
C0B0B7AE
C0B2356C
C0B3BF17
C0B554DD
C0B6F6E6
C0B8A557
C0BA604F
C0BC27E7
C0BDFC34
C0BFDD44
C0C1CB1D
C0C3C5C1
C0C5CD29
C0C7E148
C0CA020A
C0CC2F54
C0CE6904
C0D0AEEF
C0D300E7
C0D55EB5
C0D7C81C
C0DA3CDB
C0DCBCA8
C0DF4738
C0E1DC3A
C0E47B58
C0E7243B
C0E9D687
C0EC91DF
C0EF55E6
C0F22239
C0F4F67A
C0F7D248
C0FAB542
C0FD9F0A
C10047A1
C101C2C7
C10340C9
C104C17D
C10644B6
C107CA4C
C1095216
C10ADBEF
C10C67B1
C10DF53A
C10F8466
C1111517
C112A72D
C1143A8B
C115CF16
C11764B5
C118FB4D
C11A92C9
C11C2B12
C11DC414
C11F5DBB
C120F7F6
C12292B4
C1242DE4
C125C978
C1276561
C1290194
C12A9E03
C12C3AA3
C12DD769
C12F744C
C1311142
C132AE43
C1344B45
C135E842
C1378531
C139220D
C13ABECF
C13C5B6F
C13DF7EA
C13F9438
C1413056
C142CC3D
C14467E8
C1460354
C1479E7B
C1493959
C14AD3EA
C14C6E29
C14E0812
C14FA1A1
C1513AD2
C152D3A1
C1546C09
C1560406
C1579B95
C15932B0
C15AC954
C15C5F7C
C15DF523
C15F8A45
C1611EDD
C162B2E7
C164465C
C165D939
C1676B78
C168FD12
C16A8E03
C16C1E45
C16DADD1
C16F3CA1
C170CAAF
C17257F4
C173E469
C1757007
C176FAC5
C178849E
C17A0D88
C17B957B
C17D1C6F
C17EA25A
C180139A
C180D57B
C18196C8
C182577F
C183179A
C183D713
C18495E5
C185540B
C186117F
C186CE3B
C1878A39
C1884574
C188FFE4
C189B984
C18A724D
C18B2A39
C18BE142
C18C975F
C18D4C8C
C18E00C1
C18EB3F7
C18F6627
C190174B
C190C75C
C1917652
C1922428
C192D0D7
C1937C57
C19426A3
C194CFB3
C1957783
C1961E0B
C196C346
C197672F
C19809BF
C198AAF2
C1994AC3
C199E92E
C19A862D
C19B21BE
C19BBBDC
C19C5485
C19CEBB6
C19D816D
C19E15A7
C19EA863
C19F39A0
C19FC95E
C1A0579B
C1A0E45A
C1A16F99
C1A1F95B
C1A281A1
C1A3086D
C1A38DC2
C1A411A2
C1A49410
C1A51510
C1A594A7
C1A612D8
C1A68FA8
C08C561A
C08C7C7B
C08CA44D
C08CCD9D
C08CF879
C08D24F0
C08D5313
C08D82EF
C08DB497
C08DE81C
C08E1D8E
C08E5502
C08E8E89
C08ECA39
C08F0825
C08F4864
C08F8B0B
C08FD031
C09017EF
C090625E
C090AF97
C090FFB6
C09152D5
C091A912
C092028A
C0925F5D
C092BFAB
C0932394
C0938B3C
C093F6C5
C0946656
C094DA13
C0955225
C095CEB4
C0964FEC
C096D5F6
C0976101
C097F13A
C09886D3
C09921FB
C099C2E7
C09A69CA
C09B16DA
C09BCA4F
C09C8460
C09D4549
C09E0D44
C09EDC8D
C09FB364
C0A09205
C0A178B2
C0A267AB
C0A35F32
C0A45F88
C0A568F0
C0A67BAC
C0A797FF
C0A8BE2C
C0A9EE73
C0AB2917
C0AC6E56
C0ADBE6F
C0AF199E
C0B0801D
C0B1F225
C0B36FE9
C0B4F99A
C0B68F66
C0B83176
C0B9DFEE
C0BB9AED
C0BD628D
C0BF36E2
C0C117F9
C0C305DB
C0C50087
C0C707F8
C0C91C21
C0CB3CED
C0CD6A41
C0CFA3FB
C0D1E9F2
C0D43BF5
C0D699CF
C0D90343
C0DB780E
C0DDF7E8
C0E08286
C0E31796
C0E5B6C4
C0E85FB6
C0EB1212
C0EDCD7C
C0F09193
C0F35DF9
C0F6324D
C0F90E2E
C0FBF13D
C0FEDB1A
C100E5B4
C10260E5
C103DEF4
C1055FB3
C106E2FA
C108689D
C109F075
C10B7A5D
C10D062E
C10E93C6
C1102303
C111B3C4
C11345EC
C114D95C
C1166DFB
C11803AD
C1199A5A
C11B31EB
C11CCA4A
C11E6363
C11FFD23
C1219777
C123324E
C124CD99
C1266949
C1280550
C129A1A1
C12B3E30
C12CDAF1
C12E77DA
C13014E0
C131B1FB
C1334F22
C134EC4D
C1368973
C138268E
C139C397
C13B6087
C13CFD59
C13E9A06
C140368A
C141D2DE
C1436EFE
C1450AE5
C146A68F
C14841F6
C149DD17
C14B77EE
C14D1275
C14EACAA
C1504688
C151E00A
C153792E
C15511EE
C156AA47
C1584236
C159D9B4
C15B70C0
C15D0753
C15E9D6A
C1603301
C161C812
C1635C9A
C164F093
C16683F8
C16816C4
C169A8F2
C16B3A7C
C16CCB5D
C16E5B8E
C16FEB0B
C17179CC
C17307CA
C1749500
C1762167
C177ACF6
C17937A7
C17AC171
C17C4A4E
C17DD233
C17F591A
C1806F7D
C18131E4
C181F3BE
C182B506
C18375B7
C18435CC
C184F540
C185B40D
C186722E
C1872F9D
C187EC54
C188A84E
C1896384
C18A1DF0
C18AD78C
C18B9051
C18C4839
C18CFF3D
C18DB557
C18E6A80
C18F1EB1
C18FD1E4
C1908411
C1913532
C191E53F
C1929433
C1934206
C193EEB2
C1949A2F
C1954478
C195ED87
C1969554
C1973BDA
C197E113
C19884F9
C1992787
C199C8B8
C19A6887
C19B06F0
C19BA3ED
C19C3F7C
C19CD999
C19D7241
C19E0970
C19E9F25
C19F335D
C19FC618
C1A05754
C1A0E710
C1A1754D
C1A2020A
C1A28D48
C1A31709
C1A39F4E
C1A42619
C1A4AB6C
C1A52F4B
C1A5B1B8
C1A632B8
C1A6B24E
C1A7307E
C08D900B
C08DB66D
C08DDE3F
C08E078F
C08E326C
C08E5EE4
C08E8D06
C08EBCE4
C08EEE8C
C08F2211
C08F5785
C08F8EF9
C08FC881
C0900432
C090421F
C090825E
C090C506
C0910A2D
C09151ED
C0919C5C
C091E996
C09239B6
C0928CD6
C092E314
C0933C8E
C0939962
C093F9B1
C0945D9B
C094C544
C09530CF
C095A061
C0961420
C0968C34
C09708C5
C09789FE
C098100A
C0989B17
C0992B52
C099C0ED
C09A5C17
C09AFD05
C09BA3EA
C09C50FD
C09D0474
C09DBE88
C09E7F73
C09F4771
C0A016BD
C0A0ED97
C0A1CC3C
C0A2B2EC
C0A3A1E8
C0A49972
C0A599CC
C0A6A337
C0A7B5F7
C0A8D24E
C0A9F87F
C0AB28CB
C0AC6373
C0ADA8B7
C0AEF8D5
C0B05409
C0B1BA8E
C0B32C9B
C0B4AA64
C0B6341C
C0B7C9EE
C0B96C04
C0BB1A83
C0BCD589
C0BE9D30
C0C0718C
C0C252AB
C0C44095
C0C63B4A
C0C842C3
C0CA56F5
C0CC77CB
C0CEA529
C0D0DEED
C0D324EE
C0D576FD
C0D7D4E2
C0DA3E61
C0DCB339
C0DF3320
C0E1BDCC
C0E452E9
C0E6F225
C0E99B26
C0EC4D92
C0EF090C
C0F1CD34
C0F499AC
C0F76E12
C0FA4A06
C0FD2D28
C1000B8D
C10183BF
C102FEFB
C1047D15
C105FDE0
C1078133
C10906E3
C10A8EC9
C10C18BE
C10DA49E
C10F3245
C110C191
C1125263
C113E49C
C115781E
C1170CCF
C118A294
C11A3955
C11BD0FA
C11D696F
C11F029E
C1209C75
C12236E1
C123D1D1
C1256D37
C1270902
C128A525
C12A4193
C12BDE40
C12D7B21
C12F182A
C130B553
C1325292
C133EFDE
C1358D2F
C1372A7D
C138C7C2
C13A64F6
C13C0214
C13D9F14
C13F3BF3
C140D8A9
C1427532
C1441189
C145ADA9
C147498E
C148E533
C14A8095
C14C1BAE
C14DB67C
C14F50F9
C150EB22
C15284F3
C1541E68
C155B77E
C157502F
C158E879
C15A8058
C15C17C7
C15DAEC1
C15F4544
C160DB4B
C16270D1
C16405D1
C1659A48
C1672E30
C168C185
C16A5440
C16BE65E
C16D77D8
C16F08A9
C17098CB
C1722838
C173B6EA
C17544D9
C176D201
C1785E59
C179E9DA
C17B747D
C17CFE3A
C17E8709
C1800771
C180CADE
C1818DC8
C1825029
C18311FD
C183D340
C18493EB
C18553FB
C186136A
C186D232
C187904E
C1884DB8
C1890A6A
C189C65F
C18A8191
C18B3BF9
C18BF590
C18CAE51
C18D6636
C18E1D36
C18ED34D
C18F8872
C1903CA0
C190EFCF
C191A1F9
C1925317
C1930321
C193B212
C1945FE2
C1950C8B
C195B806
C196624D
C1970B59
C197B324
C19859A7
C198FEDE
C199A2C2
C19A454F
C19AE67E
C19B864B
C19C24B1
C19CC1AD
C19D5D3B
C19DF756
C19E8FFC
C19F2729
C19FBCDD
C1A05114
C1A0E3CD
C1A17508
C1A204C3
C1A292FF
C1A31FBA
C1A3AAF7
C1A434B7
C1A4BCFB
C1A543C5
C1A5C917
C1A64CF5
C1A6CF61
C1A75060
C1A7CFF5
C08ECA00
C08EF062
C08F1835
C08F4185
C08F6C63
C08F98DB
C08FC6FF
C08FF6DC
C0902886
C0905C0B
C090917F
C090C8F4
C091027D
C0913E2E
C0917C1C
C091BC5C
C091FF05
C092442D
C0928BED
C092D65E
C0932399
C09373BA
C093C6DB
C0941D1A
C0947695
C094D36A
C09533BA
C09597A6
C095FF50
C0966ADD
C096DA70
C0974E31
C097C646
C09842D9
C098C413
C0994A21
C099D52F
C09A656D
C09AFB09
C09B9636
C09C3726
C09CDE0D
C09D8B22
C09E3E9C
C09EF8B2
C09FB9A0
C0A081A0
C0A150EF
C0A227CB
C0A30673
C0A3ED27
C0A4DC26
C0A5D3B3
C0A6D410
C0A7DD7F
C0A8F043
C0AA0C9E
C0AB32D3
C0AC6323
C0AD9DD0
C0AEE318
C0B0333B
C0B18E74
C0B2F4FE
C0B46710
C0B5E4DF
C0B76E9C
C0B90474
C0BAA691
C0BC5516
C0BE1022
C0BFD7D0
C0C1AC34
C0C38D5A
C0C57B4C
C0C77609
C0C97D8B
C0CB91C5
C0CDB2A4
C0CFE00B
C0D219D9
C0D45FE5
C0D6B1FE
C0D90FEE
C0DB7979
C0DDEE5C
C0E06E50
C0E2F908
C0E58E33
C0E82D7D
C0EAD68D
C0ED8908
C0F04491
C0F308C9
C0F5D552
C0F8A9C9
C0FB85CF
C0FE6905
C100A985
C10221C1
C1039D08
C1051B2D
C1069C04
C1081F62
C109A51F
C10B2D12
C10CB714
C10E4302
C10FD0B8
C1116013
C112F0F4
C114833D
C11616D0
C117AB93
C119416A
C11AD83E
C11C6FF7
C11E0881
C11FA1C5
C1213BB2
C122D635
C124713E
C1260CBC
C127A8A1
C12944DF
C12AE16A
C12C7E34
C12E1B33
C12FB85C
C13155A6
C132F307
C1349077
C1362DED
C137CB62
C13968CF
C13B062D
C13CA376
C13E40A3
C13FDDB0
C1417A97
C1431753
C144B3DF
C1465036
C147EC55
C1498835
C14B23D5
C14CBF2F
C14E5A3F
C14FF502
C1518F73
C1532990
C154C354
C1565CBB
C157F5C1
C1598E64
C15B269E
C15CBE6C
C15E55CB
C15FECB5
C1618328
C163191D
C164AE93
C1664382
C167D7E9
C1696BC0
C16AFF04
C16C91AF
C16E23BD
C16FB527
C17145E8
C172D5FB
C1746559
C175F3FB
C17781DC
C1790EF5
C17A9B3F
C17C26B3
C17DB148
C17F3AF8
C18061DD
C18125C3
C181E92B
C182AC0E
C1836E69
C1843038
C184F175
C185B21B
C1867226
C187318F
C187F052
C188AE6A
C1896BCF
C18A287D
C18AE46E
C18B9F9B
C18C59FF
C18D1392
C18DCC50
C18E8430
C18F3B2D
C18FF140
C190A662
C1915A8D
C1920DB9
C192BFE0
C19370FA
C1942102
C194CFF0
C1957DBE
C1962A64
C196D5DC
C1978021
C198292A
C198D0F3
C1997774
C19A1CA9
C19AC08B
C19B6315
C19C0443
C19CA40E
C19D4273
C19DDF6D
C19E7AF9
C19F1512
C19FADB6
C1A044E3
C1A0DA95
C1A16ECB
C1A20183
C1A292BC
C1A32276
C1A3B0B0
C1A43D6B
C1A4C8A7
C1A55265
C1A5DAA8
C1A66171
C1A6E6C3
C1A76A9F
C1A7ED0B
C1A86E09
C09003F9
C0902A5C
C090522F
C0907B80
C090A65E
C090D2D7
C09100FB
C09130D9
C0916283
C0919609
C091CB7E
C09202F3
C0923C7D
C092782F
C092B61D
C092F65E
C0933908
C0937E31
C093C5F2
C0941064
C0945DA0
C094ADC1
C09500E3
C0955723
C095B09F
C0960D76
C0966DC7
C096D1B4
C0973960
C097A4EE
C0981482
C0988844
C099005B
C0997CEF
C099FE2B
C09A843B
C09B0F4B
C09B9F8A
C09C3528
C09CD057
C09D7149
C09E1833
C09EC54A
C09F78C5
C0A032DE
C0A0F3CE
C0A1BBD1
C0A28B23
C0A36202
C0A440AD
C0A52763
C0A61665
C0A70DF6
C0A80E56
C0A917C9
C0AA2A90
C0AB46EF
C0AC6D28
C0AD9D7C
C0AED82D
C0B01D79
C0B16DA0
C0B2C8DE
C0B42F6D
C0B5A184
C0B71F59
C0B8A91B
C0BA3EF9
C0BBE11C
C0BD8FA7
C0BF4ABA
C0C1126E
C0C2E6D9
C0C4C807
C0C6B5FF
C0C8B0C4
C0CAB84E
C0CCCC91
C0CEED79
C0D11AE9
C0D354C0
C0D59AD6
C0D7ECF9
C0DA4AF4
C0DCB48A
C0DF2978
C0E1A978
C0E4343D
C0E6C975
C0E968CC
C0EC11E9
C0EEC473
C0F1800B
C0F44453
C0F710EB
C0F9E573
C0FCC18B
C0FFA4D3
C1014776
C102BFBB
C1043B0C
C105B93C
C1073A1E
C108BD88
C10A4351
C10BCB50
C10D555F
C10EE15A
C1106F1E
C111FE88
C1138F78
C11521D1
C116B574
C1184A47
C119E030
C11B7717
C11D0EE3
C11EA780
C12040D9
C121DADC
C1237575
C1251095
C126AC2B
C1284829
C129E481
C12B8127
C12D1E0D
C12EBB2A
C1305871
C131F5DB
C133935D
C13530EF
C136CE88
C1386C22
C13A09B6
C13BA73C
C13D44AE
C13EE208
C1407F42
C1421C58
C143B944
C1455603
C146F28F
C1488EE4
C14A2AFE
C14BC6D9
C14D6271
C14EFDC2
C15098C7
C152337F
C153CDE4
C15567F3
C15701A8
C1589B01
C15A33F8
C15BCC8B
C15D64B5
C15EFC73
C16093C1
C1622A9B
C163C0FD
C16556E2
C166EC46
C1688125
C16A157B
C16BA942
C16D3C75
C16ECF11
C170610E
C171F269
C173831B
C175131E
C176A26D
C1783101
C179BED4
C17B4BDF
C17CD81A
C17E6380
C17FEE09
C180BBD6
C1818031
C1824411
C1830772
C183CA50
C1848CA6
C1854E6F
C1860FA6
C186D047
C187904D
C1884FB1
C1890E70
C189CC82
C18A89E3
C18B468D
C18C0279
C18CBDA3
C18D7802
C18E3192
C18EEA4B
C18FA228
C1905922
C1910F31
C191C450
C1927877
C1932BA0
C193DDC4
C1948EDC
C1953EE1
C195EDCD
C1969B98
C197483B
C197F3B1
C1989DF3
C19946FA
C199EEC1
C19A9540
C19B3A73
C19BDE53
C19C80DB
C19D2207
C19DC1D0
C19E6034
C19EFD2C
C19F98B6
C1A032CE
C1A0CB71
C1A1629C
C1A1F84D
C1A28C81
C1A31F38
C1A3B070
C1A44028
C1A4CE61
C1A55B1B
C1A5E656
C1A67014
C1A6F856
C1A77F1E
C1A8046E
C1A8884A
C1A90AB5
C0913DF6
C0916459
C0918C2C
C091B57E
C091E05C
C0920CD6
C0923AFA
C0926AD9
C0929C84
C092D00B
C0930580
C0933CF6
C0937680
C093B233
C093F022
C0943064
C094730E
C094B838
C094FFFA
C0954A6C
C09597A9
C095E7CC
C0963AEF
C0969130
C096EAAD
C0974784
C097A7D7
C0980BC5
C0987372
C098DF01
C0994E97
C099C25B
C09A3A73
C09AB708
C09B3846
C09BBE57
C09C4969
C09CD9AA
C09D6F4A
C09E0A7A
C09EAB6E
C09F525A
C09FFF73
C0A0B2F1
C0A16D0C
C0A22DFF
C0A2F604
C0A3C558
C0A49C3A
C0A57AE7
C0A661A0
C0A750A6
C0A8483A
C0A9489D
C0AA5213
C0AB64DE
C0AC8140
C0ADA77D
C0AED7D5
C0B01289
C0B157DA
C0B2A806
C0B40348
C0B569DC
C0B6DBF8
C0B859D2
C0B9E399
C0BB797D
C0BD1BA5
C0BECA36
C0C0854F
C0C24D0A
C0C4217B
C0C602B0
C0C7F0B0
C0C9EB7C
C0CBF30E
C0CE0759
C0D02849
C0D255C2
C0D48FA3
C0D6D5C1
C0D927EE
C0DB85F3
C0DDEF94
C0E0648D
C0E2E499
C0E56F69
C0E804AD
C0EAA411
C0ED4D3C
C0EFFFD3
C0F2BB7A
C0F57FD1
C0F84C79
C0FB2111
C0FDFD3A
C100704A
C101E55F
C1035DAE
C104D909
C1065743
C107D82F
C1095BA4
C10AE178
C10C6984
C10DF3A0
C10F7FA8
C1110D78
C1129CF0
C1142DEF
C115C057
C117540A
C118E8ED
C11A7EE7
C11C15DF
C11DADBE
C11F466E
C120DFDB
C12279F2
C12414A1
C125AFD7
C1274B84
C128E79A
C12A840B
C12C20CB
C12DBDCC
C12F5B05
C130F86A
C13295F2
C1343394
C135D146
C1376F02
C1390CC0
C13AAA79
C13C4825
C13DE5C0
C13F8343
C14120A8
C142BDEB
C1445B07
C145F7F6
C14794B5
C149313F
C14ACD90
C14C69A4
C14E0578
C14FA106
C1513C4C
C152D747
C15471F1
C1560C49
C157A64A
C1593FF1
C15AD93A
C15C7222
C15E0AA4
C15FA2BE
C1613A6C
C162D1A9
C1646872
C165FEC3
C1679497
C16929EB
C16ABEBA
C16C52FF
C16DE6B6
C16F79D9
C1710C64
C1729E52
C1742F9D
C175C040
C1775034
C178DF75
C17A6DFA
C17BFBBF
C17D88BC
C17F14EB
C1805022
C1811560
C181DA2B
C1829E80
C183625A
C18425B5
C184E88D
C185AADD
C1866CA1
C1872DD3
C187EE6F
C188AE70
C1896DD0
C18A2C8A
C18AEA98
C18BA7F4
C18C649A
C18D2082
C18DDBA7
C18E9603
C18F4F8F
C1900845
C190C01E
C1917714
C1922D21
C192E23C
C1939661
C1944987
C194FBA8
C195ACBD
C1965CBF
C1970BA8
C197B970
C1986612
C1991185
C199BBC5
C19A64CA
C19B0C8E
C19BB30C
C19C583C
C19CFC1B
C19D9EA1
C19E3FCB
C19EDF93
C19F7DF4
C1A01AEB
C1A0B674
C1A1508A
C1A1E92C
C1A28055
C1A31605
C1A3AA38
C1A43CED
C1A4CE24
C1A55DDC
C1A5EC13
C1A678CC
C1A70406
C1A78DC3
C1A81604
C1A89CCB
C1A9221A
C1A9A5F6
C09277F6
C0929E5A
C092C62E
C092EF80
C0931A5F
C09346D9
C09374FE
C093A4DD
C093D688
C0940A10
C0943F86
C09476FC
C094B087
C094EC3B
C0952A2B
C0956A6D
C095AD18
C095F243
C0963A05
C0968479
C096D1B6
C09721DA
C09774FE
C097CB40
C09824BE
C0988196
C098E1EA
C09945D9
C099AD88
C09A1918
C09A88AF
C09AFC74
C09B748D
C09BF124
C09C7263
C09CF876
C09D838A
C09E13CC
C09EA96E
C09F44A0
C09FE596
C0A08C84
C0A1399F
C0A1ED1F
C0A2A73C
C0A36831
C0A43039
C0A4FF8F
C0A5D674
C0A6B524
C0A79BDF
C0A88AE8
C0A9827E
C0AA82E5
C0AB8C5E
C0AC9F2C
C0ADBB92
C0AEE1D2
C0B0122E
C0B14CE7
C0B2923C
C0B3E26B
C0B53DB2
C0B6A44A
C0B8166B
C0B99449
C0BB1E16
C0BCB3FF
C0BE562D
C0C004C3
C0C1BFE2
C0C387A4
C0C55C1B
C0C73D57
C0C92B5E
C0CB2631
C0CD2DCA
C0CF421D
C0D16315
C0D39097
C0D5CA80
C0D810A8
C0DA62DE
C0DCC0ED
C0DF2A97
C0E19F9C
C0E41FB2
C0E6AA8E
C0E93FDE
C0EBDF4E
C0EE8886
C0F13B2B
C0F3F6DF
C0F6BB44
C0F987FB
C0FC5CA3
C0FF38DC
C1010E23
C1028341
C103FB99
C10576FE
C106F541
C1087638
C109F9B8
C10B7F97
C10D07AE
C10E91D6
C1101DEA
C111ABC8
C1133B4D
C114CC5A
C1165ED0
C117F292
C1198785
C11B1D8F
C11CB498
C11E4C89
C11FE54B
C1217ECB
C12318F6
C124B3B9
C1264F05
C127EAC8
C12986F6
C12B237F
C12CC057
C12E5D73
C12FFAC6
C1319848
C13335ED
C134D3AD
C136717F
C1380F5C
C139AD3C
C13B4B18
C13CE8EA
C13E86AB
C1402456
C141C1E5
C1435F54
C144FC9C
C14699BB
C14836AB
C149D368
C14B6FEE
C14D0C39
C14EA845
C150440F
C151DF93
C1537ACE
C15515BC
C156B059
C1584AA3
C159E495
C15B7E2C
C15D1766
C15EB03D
C16048B0
C161E0B9
C1637856
C1650F83
C166A63B
C1683C7B
C169D23F
C16B6782
C16CFC40
C16E9075
C170241C
C171B72F
C17349AB
C174DB89
C1766CC5
C177FD59
C1798D3F
C17B1C71
C17CAAE8
C17E389F
C17FC58F
C180A8D8
C1816E7E
C18233B6
C182F87B
C183BCCA
C184809E
C18543F4
C18606C6
C186C911
C1878AD0
C1884BFD
C1890C94
C189CC90
C18A8BEB
C18B4AA0
C18C08AA
C18CC602
C18D82A4
C18E3E88
C18EF9A9
C18FB401
C1906D8A
C191263C
C191DE12
C1929505
C1934B0E
C1940027
C194B448
C195676B
C1961989
C196CA9C
C1977A9B
C1982982
C198D748
C19983E7
C19A2F58
C19AD996
C19B8298
C19C2A5B
C19CD0D6
C19D7605
C19E19E1
C19EBC66
C19F5D8E
C19FFD54
C1A09BB4
C1A138AA
C1A1D431
C1A26E46
C1A306E6
C1A39E0E
C1A433BC
C1A4C7EE
C1A55AA3
C1A5EBD8
C1A67B8F
C1A709C5
C1A7967D
C1A821B6
C1A8AB72
C1A933B2
C1A9BA78
C1AA3FC7
C093B1FB
C093D85F
C0940033
C0942986
C0945465
C09480DF
C094AF05
C094DEE5
C0951090
C0954418
C095798F
C095B106
C095EA92
C0962646
C0966436
C096A479
C096E725
C0972C51
C0977414
C097BE88
C0980BC7
C0985BEB
C098AF10
C0990553
C0995ED2
C099BBAB
C09A1C00
C09A7FF1
C09AE7A0
C09B5331
C09BC2CA
C09C3690
C09CAEAA
C09D2B43
C09DAC83
C09E3298
C09EBDAD
C09F4DF1
C09FE394
C0A07EC8
C0A11FC0
C0A1C6AF
C0A273CC
C0A3274E
C0A3E16E
C0A4A265
C0A56A6F
C0A639C8
C0A710AF
C0A7EF61
C0A8D620
C0A9C52B
C0AABCC4
C0ABBD2E
C0ACC6AA
C0ADD97C
C0AEF5E5
C0B01C28
C0B14C88
C0B28744
C0B3CC9D
C0B51CD0
C0B6781B
C0B7DEB8
C0B950DD
C0BACEC0
C0BC5892
C0BDEE80
C0BF90B3
C0C13F4F
C0C2FA74
C0C4C23B
C0C696B9
C0C877FB
C0CA6608
C0CC60E3
C0CE6883
C0D07CDD
C0D29DDD
C0D4CB67
C0D70558
C0D94B89
C0DB9DC8
C0DDFBE1
C0E06595
C0E2DAA3
C0E55AC4
C0E7E5AB
C0EA7B07
C0ED1A83
C0EFC3C7
C0F27678
C0F5323A
C0F7F6AE
C0FAC373
C0FD982A
C1003A39
C101ABF6
C103211D
C104997E
C10614EB
C1079338
C1091439
C10A97C3
C10C1DAD
C10DA5CE
C10F3002
C110BC22
C1124A0C
C113D99E
C1156AB8
C116FD3C
C118910D
C11A260F
C11BBC29
C11D5342
C11EEB44
C1208418
C1221DAA
C123B7E8
C12552BF
C126EE1F
C12889F8
C12A263C
C12BC2DC
C12D5FCC
C12EFD01
C1309A6F
C132380B
C133D5CC
C13573AA
C137119B
C138AF97
C13A4D98
C13BEB97
C13D898C
C13F2772
C140C544
C14262FB
C1440093
C1459E07
C1473B53
C148D872
C14A755F
C14C1218
C14DAE98
C14F4ADB
C150E6DF
C152829E
C1541E17
C155B945
C1575425
C158EEB5
C15A88EF
C15C22D2
C15DBC5A
C15F5584
C160EE4B
C16286AD
C1641EA6
C165B632
C1674D4E
C168E3F5
C16A7A25
C16C0FD8
C16DA50B
C16F39B9
C170CDDD
C1726174
C173F478
C17586E4
C17718B3
C178A9E0
C17A3A66
C17BCA3D
C17D5961
C17EE7CB
C1803ABA
C181012B
C181C736
C1828CD5
C1835207
C18416C6
C184DB0F
C1859EDE
C186622E
C18724FB
C187E741
C188A8FA
C1896A22
C18A2AB5
C18AEAAC
C18BAA03
C18C68B3
C18D26B9
C18DE40D
C18EA0AB
C18F5C8B
C19017A9
C190D1FD
C1918B82
C1924431
C192FC04
C193B2F3
C19468F9
C1951E0F
C195D22D
C196854E
C1973769
C197E879
C1989876
C199475A
C199F51E
C19AA1BB
C19B4D2A
C19BF765
C19CA066
C19D4826
C19DEEA0
C19E93CD
C19F37A8
C19FDA2B
C1A07B51
C1A11B16
C1A1B974
C1A25668
C1A2F1EE
C1A38C02
C1A424A0
C1A4BBC7
C1A55174
C1A5E5A5
C1A67858
C1A7098D
C1A79942
C1A82778
C1A8B42E
C1A93F67
C1A9C921
C1AA5160
C1AAD826
C094EC03
C0951267
C0953A3C
C095638F
C0958E6E
C095BAE9
C095E90F
C09618F0
C0964A9C
C0967E24
C096B39B
C096EB13
C097249F
C0976054
C0979E45
C097DE89
C0982135
C0986661
C098AE26
C098F89A
C09945DA
C09995FF
C099E925
C09A3F69
C09A98E9
C09AF5C3
C09B5619
C09BBA0A
C09C21BB
C09C8D4D
C09CFCE7
C09D70AE
C09DE8CA
C09E6564
C09EE6A6
C09F6CBC
C09FF7D2
C0A08818
C0A11DBD
C0A1B8F3
C0A259EC
C0A300DD
C0A3ADFC
C0A46180
C0A51BA2
C0A5DC9B
C0A6A4A7
C0A77402
C0A84AEB
C0A929A0
C0AA1061
C0AAFF6F
C0ABF70B
C0ACF778
C0AE00F7
C0AF13CB
C0B03038
C0B1567F
C0B286E2
C0B3C1A1
C0B506FE
C0B65735
C0B7B285
C0B91925
C0BA8B4F
C0BC0937
C0BD930D
C0BF2900
C0C0CB38
C0C279D9
C0C43503
C0C5FCD0
C0C7D154
C0C9B29C
C0CBA0B0
C0CD9B91
C0CFA339
C0D1B79A
C0D3D8A1
C0D60633
C0D8402C
C0DA8665
C0DCD8AE
C0DF36CF
C0E1A08D
C0E415A5
C0E695D0
C0E920C1
C0EBB628
C0EE55B0
C0F0FF00
C0F3B1BD
C0F66D8C
C0F9320D
C0FBFEE0
C0FED3A5
C100D7FF
C10249C3
C103BEF2
C105375B
C106B2D2
C1083128
C109B232
C10B35C6
C10CBBB9
C10E43E6
C10FCE24
C1115A50
C112E846
C11477E5
C116090C
C1179B9D
C1192F7C
C11AC48D
C11C5AB5
C11DF1DE
C11F89F0
C12122D5
C122BC79
C12456C9
C125F1B3
C1278D27
C1292915
C12AC56E
C12C6224
C12DFF2C
C12F9C78
C13139FF
C132D7B6
C1347592
C136138B
C137B19A
C1394FB5
C13AEDD5
C13C8BF5
C13E2A0C
C13FC816
C141660D
C14303EA
C144A1AB
C1463F49
C147DCC0
C1497A0B
C14B1728
C14CB412
C14E50C4
C14FED3D
C1518977
C1532570
C154C124
C1565C90
C157F7B1
C1599283
C15B2D04
C15CC72F
C15E6102
C15FFA7A
C1619393
C1632C4A
C164C49B
C1665C84
C167F3FF
C1698B0A
C16B21A1
C16CB7C0
C16E4D63
C16FE285
C1717723
C1730B38
C1749EBF
C17631B3
C177C410
C17955D1
C17AE6EF
C17C7766
C17E072F
C17F9645
C1809251
C181591F
C1821F8A
C182E58E
C183AB27
C1847053
C185350C
C185F950
C186BD19
C1878064
C188432C
C189056C
C189C721
C18A8844
C18B48D2
C18C08C5
C18CC817
C18D86C4
C18E44C5
C18F0215
C18FBEAF
C1907A8C
C19135A6
C191EFF7
C192A978
C1936224
C19419F3
C194D0E0
C19586E3
C1963BF6
C196F011
C197A32F
C1985548
C1990655
C199B650
C19A6532
C19B12F3
C19BBF8E
C19C6AFB
C19D1534
C19DBE33
C19E65F1
C19F0C69
C19FB194
C1A0556D
C1A0F7EF
C1A19914
C1A238D7
C1A2D734
C1A37426
C1A40FAA
C1A4A9BD
C1A5425A
C1A5D980
C1A66F2C
C1A7035B
C1A7960E
C1A82741
C1A8B6F5
C1A9452A
C1A9D1E0
C1AA5D17
C1AAE6D1
C1AB6F0F
C096260E
C0964C72
C0967448
C0969D9B
C096C87B
C096F4F7
C097231D
C09752FE
C09784AA
C097B833
C097EDAB
C0982523
C0985EB0
C0989A65
C098D857
C099189B
C0995B49
C099A075
C099E83A
C09A32B0
C09A7FF0
C09AD016
C09B233D
C09B7981
C09BD302
C09C2FDE
C09C9034
C09CF427
C09D5BD8
C09DC76C
C09E3707
C09EAACF
C09F22EC
C09F9F88
C0A020CB
C0A0A6E2
C0A131FA
C0A1C241
C0A257E8
C0A2F31F
C0A3941A
C0A43B0D
C0A4E82E
C0A59BB3
C0A655D7
C0A716D2
C0A7DEE0
C0A8AE3E
C0A98529
C0AA63E0
C0AB4AA4
C0AC39B4
C0AD3153
C0AE31C2
C0AF3B44
C0B04E1C
C0B16A8B
C0B290D5
C0B3C13C
C0B4FBFF
C0B6415F
C0B7919A
C0B8ECED
C0BA5392
C0BBC5C0
C0BD43AC
C0BECD87
C0C0637F
C0C205BB
C0C3B462
C0C56F91
C0C73764
C0C90BED
C0CAED3B
C0CCDB55
C0CED63D
C0D0DDEB
C0D2F253
C0D51362
C0D740FB
C0D97AFC
C0DBC13D
C0DE138E
C0E071B8
C0E2DB7F
C0E550A0
C0E7D0D5
C0EA5BD1
C0ECF142
C0EF90D5
C0F23A30
C0F4ECFA
C0F7A8D5
C0FA6D62
C0FD3A43
C100078B
C10175BE
C102E78A
C1045CC1
C105D532
C10750B1
C108CF10
C10A5023
C10BD3C0
C10D59BE
C10EE1F5
C1106C3E
C111F874
C1138676
C1151620
C116A754
C11839F2
C119CDDE
C11B62FD
C11CF935
C11E906C
C120288E
C121C183
C1235B38
C124F59A
C1269096
C1282C1D
C129C81E
C12B648C
C12D0158
C12E9E76
C1303BDA
C131D978
C1337748
C135153E
C136B353
C138517D
C139EFB6
C13B8DF5
C13D2C34
C13ECA6C
C1406898
C14206B2
C143A4B5
C145429C
C146E062
C1487E03
C14A1B7A
C14BB8C4
C14D55DC
C14EF2C0
C1508F6B
C1522BDA
C153C80A
C15563F8
C156FF9F
C1589AFE
C15A3610
C15BD0D4
C15D6B45
C15F0561
C1609F24
C162388C
C163D194
C1656A3B
C167027B
C1689A53
C16A31BE
C16BC8B8
C16D5F3E
C16EF54D
C1708ADF
C1721FF2
C173B480
C1754885
C176DBFC
C1786EE2
C17A0130
C17B92E2
C17D23F2
C17EB45A
C180220B
C180E98F
C181B0B7
C182777F
C1833DE3
C18403E1
C184C975
C1858E9A
C186534E
C187178C
C187DB50
C1889E96
C1896158
C18A2394
C18AE544
C18BA663
C18C66EC
C18D26DA
C18DE628
C18EA4D1
C18F62CE
C190201B
C190DCB1
C191988A
C19253A0
C1930DEE
C193C76C
C1948015
C19537E1
C195EECB
C196A4CB
C19759DB
C1980DF4
C198C10F
C1997325
C19A2430
C19AD429
C19B8308
C19C30C7
C19CDD60
C19D88CB
C19E3302
C19EDBFF
C19F83BC
C1A02A31
C1A0CF5B
C1A17332
C1A215B2
C1A2B6D5
C1A35697
C1A3F4F3
C1A491E4
C1A52D67
C1A5C778
C1A66014
C1A6F739
C1A78CE3
C1A82112
C1A8B3C3
C1A944F5
C1A9D4A9
C1AA62DD
C1AAEF91
C1AB7AC8
C1AC0481
C097601C
C0978681
C097AE57
C097D7AB
C098028B
C0982F07
C0985D2E
C0988D0F
C098BEBC
C098F246
C09927BE
C0995F37
C09998C4
C099D47A
C09A126C
C09A52B1
C09A955F
C09ADA8C
C09B2252
C09B6CC8
C09BBA09
C09C0A30
C09C5D57
C09CB39D
C09D0D1E
C09D69FB
C09DCA52
C09E2E46
C09E95F8
C09F018D
C09F7129
C09FE4F2
C0A05D11
C0A0D9AD
C0A15AF2
C0A1E10A
C0A26C24
C0A2FC6C
C0A39214
C0A42D4D
C0A4CE4A
C0A5753E
C0A62261
C0A6D5E8
C0A7900E
C0A8510B
C0A9191B
C0A9E87B
C0AABF68
C0AB9E22
C0AC84E8
C0AD73FB
C0AE6B9C
C0AF6C0E
C0B07593
C0B1886D
C0B2A4DF
C0B3CB2D
C0B4FB96
C0B6365D
C0B77BC0
C0B8CBFF
C0BA2756
C0BB8DFE
C0BD0031
C0BE7E21
C0C00800
C0C19DFC
C0C3403E
C0C4EEE9
C0C6AA1E
C0C871F5
C0CA4684
C0CC27D8
C0CE15F8
C0D010E6
C0D2189A
C0D42D09
C0D64E1F
C0D87BBF
C0DAB5C8
C0DCFC10
C0DF4E69
C0E1AC9C
C0E4166B
C0E68B96
C0E90BD4
C0EB96DA
C0EE2C55
C0F0CBF2
C0F37559
C0F6282E
C0F8E415
C0FBA8AF
C0FE759C
C100A53E
C1021378
C103854C
C104FA8A
C1067303
C107EE8A
C1096CF1
C10AEE0D
C10C71B3
C10DF7BB
C10F7FFB
C1110A4E
C1129690
C114249C
C115B452
C1174592
C118D83C
C11A6C35
C11C0162
C11D97A7
C11F2EED
C120C71E
C1226023
C123F9E8
C125945A
C1272F69
C128CB02
C12A6716
C12C0398
C12DA078
C12F3DAB
C130DB26
C13278DB
C13416C3
C135B4D2
C1375301
C138F147
C13A8F9B
C13C2DF7
C13DCC55
C13F6AAD
C14108FA
C142A736
C144455D
C145E369
C1478156
C1491F1E
C14ABCBF
C14C5A35
C14DF77A
C14F948D
C1513169
C152CE0B
C1546A6F
C1560694
C157A275
C1593E0F
C15AD95F
C15C7463
C15E0F18
C15FA979
C1614385
C162DD38
C164768F
C1660F87
C167A81D
C169404C
C16AD813
C16C6F6D
C16E0657
C16F9CCD
C17132CB
C172C84E
C1745D50
C175F1CE
C17785C4
C179192D
C17AAC03
C17C3E43
C17DCFE6
C17F60E8
C18078A1
C1814079
C18207F6
C182CF18
C18395D9
C1845C38
C185222F
C185E7BD
C186ACDD
C187718B
C18835C4
C188F983
C189BCC3
C18A7F81
C18B41B8
C18C0363
C18CC47E
C18D8503
C18E44ED
C18F0437
C18FC2DB
C19080D5
C1913E1E
C191FAB0
C192B685
C1937198
C1942BE3
C194E55E
C1959E03
C19655CD
C1970CB3
C197C2B1
C19877BE
C1992BD4
C199DEED
C19A9101
C19B420A
C19BF200
C19CA0DD
C19D4E9A
C19DFB30
C19EA69A
C19F50CF
C19FF9CA
C1A0A185
C1A147F9
C1A1ED21
C1A290F7
C1A33375
C1A3D497
C1A47457
C1A512B1
C1A5AFA1
C1A64B23
C1A6E533
C1A77DCE
C1A814F2
C1A8AA9B
C1A93EC8
C1A9D178
C1AA62AA
C1AAF25C
C1AB808F
C1AC0D43
C1AC9879
C0989A2E
C098C093
C098E869
C09911BD
C0993C9E
C099691A
C0999741
C099C723
C099F8D1
C09A2C5B
C09A61D3
C09A994D
C09AD2DB
C09B0E91
C09B4C84
C09B8CC9
C09BCF78
C09C14A6
C09C5C6C
C09CA6E3
C09CF425
C09D444C
C09D9774
C09DEDBB
C09E473D
C09EA41B
C09F0473
C09F6868
C09FD01B
C0A03BB1
C0A0AB4E
C0A11F18
C0A19738
C0A213D5
C0A2951B
C0A31B35
C0A3A64F
C0A43699
C0A4CC43
C0A5677D
C0A6087B
C0A6AF72
C0A75C96
C0A8101F
C0A8CA46
C0A98B45
C0AA5357
C0AB22B9
C0ABF9A9
C0ACD865
C0ADBF2D
C0AEAE42
C0AFA5E6
C0B0A65A
C0B1AFE2
C0B2C2BF
C0B3DF34
C0B50584
C0B635F1
C0B770BA
C0B8B621
C0BA0664
C0BB61BE
C0BCC86A
C0BE3AA0
C0BFB895
C0C14278
C0C2D879
C0C47ABF
C0C6296F
C0C7E4A8
C0C9AC85
C0CB8119
C0CD6272
C0CF5098
C0D14B8C
C0D35347
C0D567BC
C0D788D8
C0D9B67F
C0DBF08F
C0DE36E0
C0E08940
C0E2E77A
C0E55153
C0E7C686
C0EA46CD
C0ECD1DC
C0EF6762
C0F20709
C0F4B07A
C0F7635A
C0FA1F4C
C0FCE3F2
C0FFB0EC
C10142ED
C102B12D
C1042308
C105984D
C10710CE
C1088C5C
C10A0ACC
C10B8BF0
C10D0F9F
C10E95AF
C1101DF9
C111A856
C11334A2
C114C2B9
C116527A
C117E3C5
C119767C
C11B0A81
C11C9FBA
C11E360D
C11FCD61
C12165A0
C122FEB4
C1249889
C126330C
C127CE2B
C12969D6
C12B05FD
C12CA291
C12E3F86
C12FDCCD
C1317A5D
C1331829
C134B628
C136544F
C137F297
C13990F6
C13B2F66
C13CCDDF
C13E6C59
C1400AD0
C141A93D
C143479A
C144E5E3
C1468412
C1482224
C149C013
C14B5DDD
C14CFB7C
C14E98ED
C150362C
C151D337
C153700A
C1550CA2
C156A8FB
C1584513
C159E0E6
C15B7C72
C15D17B4
C15EB2A9
C1604D4D
C161E79F
C163819A
C1651B3D
C166B483
C1684D6B
C169E5EF
C16B7E0F
C16D15C5
C16EAD0E
C17043E8
C171DA4D
C173703C
C17505AE
C1769AA1
C1782F10
C179C2F6
C17B5650
C17CE918
C17E7B49
C180066F
C180CEE9
C1819710
C1825EE1
C1832658
C183ED73
C184B42E
C1857A87
C1864079
C1870601
C187CB1C
C1888FC4
C18953F8
C18A17B1
C18ADAED
C18B9DA6
C18C5FD9
C18D217F
C18DE295
C18EA316
C18F62FC
C1902242
C190E0E3
C1919ED8
C1925C1E
C19318AC
C193D47F
C1948F8E
C19549D5
C196034D
C196BBF0
C19773B7
C1982A9B
C198E095
C19995A0
C19A49B4
C19AFCCA
C19BAEDC
C19C5FE2
C19D0FD6
C19DBEB1
C19E6C6C
C19F1900
C19FC468
C1A06E9B
C1A11795
C1A1BF4E
C1A265C0
C1A30AE7
C1A3AEBB
C1A45138
C1A4F258
C1A59217
C1A63070
C1A6CD5F
C1A768DF
C1A802EE
C1A89B88
C1A932AA
C1A9C852
C1AA5C7F
C1AAEF2E
C1AB805E
C1AC1010
C1AC9E42
C1AD2AF5
C099D442
C099FAA8
C09A227E
C09A4BD3
C09A76B4
C09AA331
C09AD158
C09B013B
C09B32E8
C09B6673
C09B9BEC
C09BD366
C09C0CF4
C09C48AB
C09C869E
C09CC6E5
C09D0993
C09D4EC2
C09D9689
C09DE101
C09E2E43
C09E7E6B
C09ED194
C09F27DB
C09F815F
C09FDE3D
C0A03E96
C0A0A28C
C0A10A40
C0A175D7
C0A1E575
C0A25940
C0A2D161
C0A34E00
C0A3CF47
C0A45561
C0A4E07D
C0A570C9
C0A60674
C0A6A1AF
C0A742AF
C0A7E9A7
C0A896CD
C0A94A58
C0AA0480
C0AAC581
C0AB8D95
C0AC5CF9
C0AD33EA
C0AE12A8
C0AEF973
C0AFE88A
C0B0E030
C0B1E0A7
C0B2EA31
C0B3FD11
C0B51989
C0B63FDC
C0B7704B
C0B8AB18
C0B9F083
C0BB40C8
C0BC9C26
C0BE02D6
C0BF7510
C0C0F308
C0C27CEF
C0C412F4
C0C5B53E
C0C763F3
C0C91F31
C0CAE713
C0CCBBAC
C0CE9D0B
C0D08B36
C0D2862F
C0D48DF0
C0D6A26C
C0D8C38E
C0DAF13C
C0DD2B53
C0DF71AA
C0E1C412
C0E42255
C0E68C35
C0E90171
C0EB81C1
C0EE0CD9
C0F0A267
C0F34219
C0F5EB94
C0F89E7F
C0FB5A7C
C0FE1F2D
C1007619
C101E096
C1034EDD
C104C0BF
C106360B
C107AE93
C1092A29
C10AA8A0
C10C29CC
C10DAD84
C10F339D
C110BBF0
C1124656
C113D2AC
C11560CD
C116F099
C11881EF
C11A14B1
C11BA8C2
C11D3E08
C11ED468
C1206BC9
C1220416
C1239D39
C125371D
C126D1AF
C1286CDF
C12A089A
C12BA4D3
C12D4179
C12EDE81
C1307BDD
C1321981
C133B762
C1355577
C136F3B6
C1389216
C13A308E
C13BCF18
C13D6DAB
C13F0C42
C140AAD6
C1424961
C143E7DE
C1458648
C147249A
C148C2CF
C14A60E4
C14BFED3
C14D9C9B
C14F3A35
C150D7A0
C15274D8
C15411DA
C155AEA3
C1574B2F
C158E77B
C15A8386
C15C1F4B
C15DBAC9
C15F55FB
C160F0E0
C1628B75
C16425B6
C165BFA1
C1675933
C168F269
C16A8B3F
C16C23B3
C16DBBC2
C16F5368
C170EAA1
C172816A
C17417C0
C175AD9E
C1774301
C178D7E4
C17A6C44
C17C001B
C17D9366
C17F2620
C1805C21
C18124E5
C181ED59
C182B579
C1837D43
C18444B4
C1850BC9
C185D27E
C18698D1
C1875EBE
C1882440
C188E955
C189ADF9
C18A7227
C18B35DC
C18BF913
C18CBBC8
C18D7DF6
C18E3F98
C18F00AA
C18FC126
C1908108
C191404A
C191FEE7
C192BCDA
C1937A1B
C19436A6
C194F275
C195AD82
C19667C6
C197213B
C197D9DB
C198919F
C1994880
C199FE78
C19AB380
C19B6792
C19C1AA5
C19CCCB5
C19D7DB9
C19E2DAB
C19EDC84
C19F8A3D
C1A036CF
C1A0E235
C1A18C67
C1A2355E
C1A2DD16
C1A38387
C1A428AC
C1A4CC7E
C1A56EFA
C1A61019
C1A6AFD6
C1A74E2E
C1A7EB1B
C1A8869B
C1A920A8
C1A9B941
C1AA5062
C1AAE60A
C1AB7A35
C1AC0CE3
C1AC9E13
C1AD2DC4
C1ADBBF3
C09B0E5A
C09B34C0
C09B5C96
C09B85EB
C09BB0CD
C09BDD4A
C09C0B72
C09C3B54
C09C6D03
C09CA08E
C09CD607
C09D0D82
C09D4710
C09D82C8
C09DC0BC
C09E0102
C09E43B2
C09E88E1
C09ED0A9
C09F1B21
C09F6864
C09FB88D
C0A00BB6
C0A061FE
C0A0BB83
C0A11861
C0A178BC
C0A1DCB2
C0A24467
C0A2AFFF
C0A31F9E
C0A3936A
C0A40B8C
C0A4882C
C0A50974
C0A58F90
C0A61AAD
C0A6AAFA
C0A740A6
C0A7DBE3
C0A87CE4
C0A923DE
C0A9D105
C0AA8491
C0AB3EBC
C0ABFFBE
C0ACC7D4
C0AD973A
C0AE6E2D
C0AF4CED
C0B033BA
C0B122D3
C0B21A7C
C0B31AF5
C0B42481
C0B53764
C0B653DF
C0B77A34
C0B8AAA7
C0B9E577
C0BB2AE4
C0BC7B2D
C0BDD68E
C0BF3D41
C0C0AF7E
C0C22D7A
C0C3B766
C0C54D6E
C0C6EFBD
C0C89E76
C0CA59B9
C0CC219F
C0CDF63D
C0CFD7A1
C0D1C5D2
C0D3C0D0
C0D5C897
C0D7DD19
C0D9FE41
C0DC2BF5
C0DE6613
C0E0AC71
C0E2FEE1
C0E55D2A
C0E7C712
C0EA3C56
C0ECBCAF
C0EF47CF
C0F1DD67
C0F47D22
C0F726A7
C0F9D99C
C0FC95A4
C0FF5A60
C10113B8
C1027E3B
C103EC89
C1055E70
C106D3C3
C1084C52
C109C7EF
C10B466E
C10CC7A2
C10E4B62
C10FD183
C11159DF
C112E44E
C11470AD
C115FED9
C1178EAF
C119200F
C11AB2DC
C11C46F9
C11DDC4B
C11F72B7
C1210A25
C122A280
C1243BB0
C125D5A3
C1277044
C1290B83
C12AA74F
C12C4399
C12DE051
C12F7D6B
C1311AD9
C132B891
C1345688
C135F4B2
C1379307
C139317E
C13AD00E
C13C6EB1
C13E0D5F
C13FAC11
C1414AC1
C142E969
C1448805
C146268E
C147C501
C1496359
C14B0191
C14C9FA5
C14E3D93
C14FDB56
C15178EB
C153164E
C154B37D
C1565075
C157ED32
C15989B1
C15B25F0
C15CC1ED
C15E5DA3
C15FF911
C1619434
C1632F09
C164C98E
C16663BF
C167FD99
C169971A
C16B303F
C16CC905
C16E6169
C16FF967
C17190FC
C1732825
C174BEDE
C1765523
C177EAF2
C1798045
C17B151A
C17CA96B
C17E3D34
C17FD070
C180B18E
C1817A99
C1824356
C1830BC2
C183D3DC
C1849BA0
C185630B
C1862A1A
C186F0CA
C187B717
C1887CFE
C189427B
C18A078B
C18ACC2A
C18B9053
C18C5403
C18D1735
C18DD9E6
C18E9C0F
C18F5DAD
C1901EBB
C190DF33
C1919F12
C1925E50
C1931CE9
C193DAD8
C1949816
C195549E
C196106A
C196CB74
C19785B5
C1983F27
C198F7C4
C199AF85
C19A6664
C19B1C59
C19BD15F
C19C856E
C19D387F
C19DEA8D
C19E9B8F
C19F4B7F
C19FFA56
C1A0A80D
C1A1549E
C1A20001
C1A2AA31
C1A35327
C1A3FADD
C1A4A14D
C1A54670
C1A5EA41
C1A68CBC
C1A72DD9
C1A7CD96
C1A86BEC
C1A908D8
C1A9A456
C1AA3E63
C1AAD6FB
C1AB6E1B
C1AC03C1
C1AC97EC
C1AD2A99
C1ADBBC9
C1AE4B77
