ROSSFAST_D3R_TABLE_V1 O01 241 58081
3F4952AB
3F4938B8
3F491D9D
3F49014D
3F48E3B8
3F48C4D0
3F48A484
3F4882C5
3F485F81
3F483AA6
3F481420
3F47EBDB
3F47C1C3
3F4795C1
3F4767BD
3F4737A1
3F470551
3F46D0B3
3F4699AB
3F46601C
3F4623E5
3F45E4E7
3F45A2FE
3F455E08
3F4515DD
3F44CA56
3F447B49
3F44288A
3F43D1EA
3F437739
3F431843
3F42B4D2
3F424CAD
3F41DF99
3F416D56
3F40F5A2
3F407837
3F3FF4CC
3F3F6B13
3F3EDABA
3F3E436D
3F3DA4CF
3F3CFE83
3F3C5022
3F3B9944
3F3AD979
3F3A104B
3F393D3E
3F385FD0
3F377776
3F3683A1
3F3583B6
3F347716
3F335D16
3F323504
3F30FE24
3F2FB7AF
3F2E60D6
3F2CF8BD
3F2B7E7E
3F29F126
3F284FB7
3F269926
3F24CC5A
3F22E830
3F20EB73
3F1ED4E1
3F1CA32C
3F1A54F6
3F17E8D1
3F155D44
3F12B0C4
3F0FE1BC
3F0CEE88
3F09D575
3F0694C9
3F032ABD
3EFF2B05
3EF7A687
3EEFC44C
3EE7809E
3EDED7C8
3ED5C622
3ECC4814
3EC25A24
3EB7F8FC
3EAD2179
3EA1D0B3
3E96040C
3E89B93C
3E79DCC0
3E5F440C
3E43A672
3E270323
3E095A79
3DD55C27
3D9601BD
3D295C91
3C0B68FC
BCCECEA1
BD754696
BDC34E75
BE06CFBA
BE2CBF37
BE5368DA
BE7ABF0A
BE9159CD
BEA59BFF
BEBA1EC0
BECEDAB8
BEE3C8AD
BEF8E196
BF070F5C
BF11BCD7
BF1C7640
BF2738D3
BF32020C
BF3CCFA5
BF479F99
BF527021
BF5D3FB5
BF680D04
BF72D6F4
BF7D9C9C
BF842EA1
BF898C27
BF8EE6A9
BF943DFD
BF999207
BF9EE2B6
BFA43002
BFA979EA
BFAEC076
BFB403B0
BFB943A8
BFBE806F
BFC3BA1A
BFC8F0C1
BFCE2479
BFD3555A
BFD8837E
BFDDAEFD
BFE2D7EE
BFE7FE6B
BFED2289
BFF24461
BFF76408
BFFC8194
C000CE8D
C0035B58
C005E733
C0087229
C00AFC42
C00D8587
C0100E01
C01295B8
C0151CB2
C017A2F9
C01A2892
C01CAD85
C01F31D8
C021B591
C02438B7
C026BB50
C0293D60
C02BBEED
C02E3FFD
C030C094
C03340B6
C035C06A
C0383FB2
C03ABE93
C03D3D11
C03FBB30
C04238F3
C044B65E
C0473375
C049B03A
C04C2CB1
C04EA8DE
C05124C1
C053A060
C0561BBB
C05896D7
C05B11B4
C05D8C56
C06006BF
C06280F1
C064FAEF
C06774B9
C069EE53
C06C67BD
C06EE0FB
C0715A0C
C073D2F4
C0764BB4
C078C44D
C07B3CC1
C07DB511
C08016A0
C08152A6
C0828E9C
C083CA83
C085065B
C0864226
C0877DE2
C088B991
C089F534
C08B30CB
C08C6C55
C08DA7D5
C08EE34A
C0901EB4
C0915A14
C092956B
C093D0B9
C0950BFD
C0964739
C097826D
C098BD98
C099F8BD
C09B33D9
C09C6EEF
C09DA9FE
C09EE506
C0A02008
C0A15B04
C0A295FA
C0A3D0EB
C0A50BD6
C0A646BC
C0A7819C
C0A8BC78
C0A9F750
C0AB3223
C0AC6CF1
C0ADA7BC
C0AEE283
C0B01D45
C0B15804
C0B292C0
3F493A5D
3F49205A
3F49052E
3F48E8CB
3F48CB24
3F48AC2A
3F488BCB
3F4869F8
3F4846A0
3F4821B0
3F47FB14
3F47D2BA
3F47A88B
3F477C72
3F474E57
3F471E21
3F46EBB9
3F46B701
3F467FDF
3F464634
3F4609E2
3F45CAC7
3F4588C1
3F4543AC
3F44FB62
3F44AFBC
3F44608E
3F440DAD
3F43B6EA
3F435C16
3F42FCFB
3F429964
3F423119
3F41C3DC
3F415170
3F40D992
3F405BFC
3F3FD864
3F3F4E7D
3F3EBDF6
3F3E2677
3F3D87A8
3F3CE127
3F3C3292
3F3B7B7D
3F3ABB79
3F39F210
3F391EC7
3F38411A
3F375881
3F366469
3F35643A
3F345753
3F333D0B
3F3214AD
3F30DD7F
3F2F96BA
3F2E3F8D
3F2CD71D
3F2B5C85
3F29CED0
3F282D01
3F26760D
3F24A8DB
3F22C446
3F20C71A
3F1EB017
3F1C7DEB
3F1A2F39
3F17C294
3F153682
3F128979
3F0FB9E2
3F0CC619
3F09AC6C
3F066B20
3F03006D
3EFED50B
3EF74F25
3EEF6B75
3EE72643
3EDE7BDB
3ED56893
3ECBE8D4
3EC1F922
3EB79628
3EACBCC1
3EA16A06
3E959B59
3E894E72
3E7902D8
3E5E65AC
3E42C378
3E261B6B
3E086DE2
3DD378F6
3D94144A
3D256CAD
3BF6A762
BCD704F8
BD7977F8
BDC5726B
BE07E769
BE2DDCA8
BE548C18
BE7BE81B
BE91F141
BEA6365D
BEBABC06
BECF7AE0
BEE46BB1
BEF9876E
BF0763AC
BF121286
BF1CCD46
BF27912A
BF325BAB
BF3D2A84
BF47FBAF
BF52CD65
BF5D9E1D
BF686C87
BF733789
BF7DFE39
BF845FEE
BF89BDEF
BF8F18E7
BF9470AD
BF99C524
BF9F163B
BFA463EB
BFA9AE34
BFAEF51C
BFB438AF
BFB978FB
BFBEB614
BFC3F00E
BFC926FF
BFCE5AFF
BFD38C26
BFD8BA8C
BFDDE64A
BFE30F78
BFE8362F
BFED5A85
BFF27C92
BFF79C6D
BFFCBA2B
C000EAF0
C00377D1
C00603C3
C0088ECD
C00B18FB
C00DA253
C0102AE0
C012B2A8
C01539B4
C017C00A
C01A45B3
C01CCAB5
C01F4F17
C021D2DE
C0245612
C026D8B7
C0295AD3
C02BDC6D
C02E5D88
C030DE29
C0335E57
C035DE14
C0385D66
C03ADC50
C03D5AD7
C03FD8FF
C04256CA
C044D43E
C047515C
C049CE29
C04C4AA7
C04EC6DA
C05142C5
C053BE69
C05639CB
C058B4EC
C05B2FCF
C05DAA77
C06024E5
C0629F1C
C065191E
C06792ED
C06A0C8B
C06C85FA
C06EFF3B
C0717851
C073F13D
C0766A01
C078E29D
C07B5B14
C07DD368
C08025CC
C08161D4
C0829DCC
C083D9B4
C085158E
C0865159
C0878D17
C088C8C7
C08A046B
C08B4003
C08C7B8F
C08DB70F
C08EF285
C0902DF1
C0916952
C092A4A9
C093DFF8
C0951B3D
C096567A
C09791AE
C098CCDB
C09A07FF
C09B431D
C09C7E33
C09DB943
C09EF44B
C0A02F4E
C0A16A4A
C0A2A541
C0A3E032
C0A51B1E
C0A65604
C0A790E5
C0A8CBC2
C0AA069A
C0AB416D
C0AC7C3C
C0ADB707
C0AEF1CE
C0B02C91
C0B16750
C0B2A20C
3F4920FF
3F4906EA
3F48EBAC
3F48CF38
3F48B17E
3F489270
3F4871FE
3F485017
3F482CA9
3F4807A4
3F47E0F2
3F47B881
3F478E3B
3F47620A
3F4733D7
3F470388
3F46D106
3F469C34
3F4664F6
3F462B2F
3F45EEC0
3F45AF88
3F456D64
3F452830
3F44DFC6
3F4493FE
3F4444AE
3F43F1AB
3F439AC4
3F433FCB
3F42E08A
3F427CCD
3F421459
3F41A6F4
3F41345D
3F40BC53
3F403E90
3F3FBACA
3F3F30B4
3F3E9FFB
3F3E084A
3F3D6947
3F3CC291
3F3C13C4
3F3B5C76
3F3A9C37
3F39D292
3F38FF0B
3F38211E
3F373842
3F3643E5
3F354370
3F34363F
3F331BAB
3F31F2FF
3F30BB80
3F2F7467
3F2E1CE4
3F2CB41B
3F2B3925
3F29AB11
3F2808DF
3F265184
3F2483E7
3F229EE3
3F20A145
3F1E89CA
3F1C5723
3F1A07F1
3F179AC8
3F150E2C
3F126093
3F0F9068
3F0C9C04
3F0981B7
3F063FC4
3F02D464
3EFE7B92
3EF6F437
3EEF0F03
3EE6C83E
3EDE1C34
3ED5073A
3ECB85B8
3EC19433
3EB72F54
3EAC53F7
3EA0FF34
3E952E6C
3E88DF57
3E782024
3E5D7E54
3E41D757
3E252A5D
3E0777C2
3DD1824F
3D9212F9
3D215439
3BD53172
BCDF8FE1
BD7DD486
BDC7AC6A
BE090A56
BE2F0593
BE55BB0B
BE7D1D1C
BE928ECA
BEA6D6EE
BEBB5F9C
BED02177
BEE51540
BEFA33EE
BF07BB5F
BF126BA5
BF1D27CB
BF27ED0C
BF32B8E3
BF3D8909
BF485B77
BF532E67
BF5E004F
BF68CFE0
BF739BFE
BF7E63C1
BF849336
BF89F1B7
BF8F4D29
BF94A564
BF99FA4C
BF9F4BD0
BFA499E9
BFA9E496
BFAF2BDE
BFB46FCD
BFB9B072
BFBEEDE0
BFC4282B
BFC95F6A
BFCE93B5
BFD3C523
BFD8F3CE
BFDE1FCE
BFE3493B
BFE8702F
BFED94BF
BFF2B704
BFF7D714
BFFCF505
C0010876
C003956F
C0062177
C008AC97
C00B36D9
C00DC046
C01048E6
C012D0C0
C01557DE
C017DE46
C01A63FF
C01CE911
C01F6D81
C021F157
C0247499
C026F74B
C0297975
C02BFB1A
C02E7C41
C030FCEE
C0337D27
C035FCEF
C0387C4B
C03AFB3F
C03D79CF
C03FF7FF
C04275D4
C044F34F
C0477076
C049ED4A
C04C69D0
C04EE60A
C05161FB
C053DDA6
C056590E
C058D435
C05B4F1E
C05DC9CC
C060443F
C062BE7B
C0653882
C067B256
C06A2BF9
C06CA56C
C06F1EB2
C07197CC
C07410BC
C0768983
C0790223
C07B7A9E
C07DF2F5
C0803594
C081719E
C082AD97
C083E981
C085255C
C0866129
C0879CE8
C088D899
C08A143E
C08B4FD7
C08C8B64
C08DC6E6
C08F025D
C0903DC9
C091792B
C092B484
C093EFD3
C0952B19
C0966656
C097A18C
C098DCB9
C09A17DE
C09B52FD
C09C8E13
C09DC924
C09F042D
C0A03F30
C0A17A2D
C0A2B525
C0A3F016
C0A52B02
C0A665E9
C0A7A0CB
C0A8DBA8
C0AA1680
C0AB5154
C0AC8C23
C0ADC6EE
C0AF01B6
C0B03C79
C0B17739
C0B2B1F5
3F490682
3F48EC5C
3F48D10C
3F48B485
3F4896B8
3F487796
3F485710
3F483514
3F481191
3F47EC75
3F47C5AD
3F479D25
3F4772C7
3F47467D
3F471831
3F46E7C9
3F46B52B
3F46803E
3F4648E4
3F460F01
3F45D274
3F45931D
3F4550D9
3F450B85
3F44C2FA
3F447711
3F44279E
3F43D476
3F437D6B
3F43224B
3F42C2E4
3F425EFE
3F41F661
3F4188D1
3F41160F
3F409DD8
3F401FE7
3F3F9BF1
3F3F11A9
3F3E80BE
3F3DE8D9
3F3D499F
3F3CA2B2
3F3BF3AC
3F3B3C23
3F3A7BA7
3F39B1C4
3F38DDFB
3F37FFCB
3F3716AB
3F362207
3F352148
3F3413CC
3F32F8E9
3F31CFEC
3F309819
3F2F50A9
3F2DF8CC
3F2C8FA6
3F2B1450
3F2985D8
3F27E33F
3F262B79
3F245D6E
3F2277F7
3F2079E1
3F1E61EB
3F1C2EC4
3F19DF0D
3F17715A
3F14E42F
3F123602
3F0F653C
3F0C7037
3F095544
3F0612A4
3F02A691
3EFE1E75
3EF69597
3EEEAED0
3EE66669
3EDDB8AC
3ED4A1EE
3ECB1E98
3EC12B2D
3EB6C456
3EABE6EF
3EA0900F
3E94BD17
3E886BC0
3E773448
3E5C8DA5
3E40E1AE
3E242F95
3E0677B6
3DCF7765
3D8FFCF8
3D1D1187
3BB26281
BCE872D9
BD812F03
BDC9FD59
BE0A38F9
BE303A6F
BE56F62C
BE7E5E8B
BE9332A9
BEA77DF4
BEBC09C6
BED0CEBF
BEE5C5A0
BEFAE75C
BF081698
BF12C859
BF1D85F2
BF284CA0
BF3319D9
BF3DEB59
BF48BF18
BF53934E
BF5E6673
BF693735
BF74047B
BF7ECD5B
BF84C88D
BF8A2792
BF8F8384
BF94DC39
BF9A3197
BF9F838C
BFA4D211
BFAA1D27
BFAF64D3
BFB4A922
BFB9EA23
BFBF27E8
BFC46288
BFC99A18
BFCECEB1
BFD4006A
BFD92F5C
BFDE5BA0
BFE3854F
BFE8AC82
BFEDD14E
BFF2F3CD
BFF81415
BFFD323C
C001272B
C003B43C
C006405C
C008CB93
C00B55EB
C00DDF6C
C0106820
C012F00E
C015773E
C017FDB7
C01A8381
C01D08A3
C01F8D24
C0221109
C0249459
C0271719
C0299950
C02C1B02
C02E9C36
C0311CEF
C0339D32
C0361D05
C0389C6C
C03B1B6A
C03D9A04
C040183E
C042961B
C045139F
C04790CE
C04A0DAA
C04C8A38
C04F0679
C0518271
C053FE23
C0567992
C058F4BF
C05B6FAE
C05DEA61
C06064DB
C062DF1C
C0655929
C067D301
C06A4CA9
C06CC621
C06F3F6B
C071B889
C074317D
C076AA48
C07922EC
C07B9B6B
C07E13C5
C08045FE
C0818209
C082BE04
C083F9EF
C08535CC
C086719A
C087AD5A
C088E90D
C08A24B4
C08B604E
C08C9BDC
C08DD75F
C08F12D6
C0904E44
C09189A7
C092C500
C0940050
C0953B97
C09676D6
C097B20C
C098ED3A
C09A2860
C09B637F
C09C9E97
C09DD9A7
C09F14B1
C0A04FB5
C0A18AB3
C0A2C5AB
C0A4009D
C0A53B89
C0A67671
C0A7B153
C0A8EC30
C0AA2709
C0AB61DD
C0AC9CAD
C0ADD779
C0AF1241
C0B04D04
C0B187C5
C0B2C281
3F48EADC
3F48D0A3
3F48B541
3F4898A6
3F487AC5
3F485B8F
3F483AF4
3F4818E3
3F47F54A
3F47D018
3F47A938
3F478098
3F475621
3F4729BF
3F46FB58
3F46CAD5
3F46981C
3F466313
3F462B9C
3F45F19B
3F45B4EF
3F457579
3F453315
3F44EDA0
3F44A4F3
3F4458E6
3F44094F
3F43B602
3F435ED1
3F43038A
3F42A3FA
3F423FEB
3F41D723
3F416967
3F40F677
3F407E12
3F3FFFF0
3F3F7BC9
3F3EF14E
3F3E602F
3F3DC814
3F3D28A2
3F3C817B
3F3BD23A
3F3B1A74
3F3A59BA
3F398F95
3F38BB8A
3F37DD15
3F36F3AC
3F35FEBF
3F34FDB4
3F33EFE9
3F32D4B4
3F31AB63
3F307339
3F2F2B6F
3F2DD335
3F2C69AF
3F2AEDF6
3F295F16
3F27BC12
3F2603DD
3F24355E
3F224F71
3F2050E0
3F1E3869
3F1C04BD
3F19B47C
3F17463A
3F14B87A
3F1209B2
3F0F384C
3F0C42A1
3F092701
3F05E3AD
3F0276DF
3EFDBD8E
3EF6331C
3EEE4AB2
3EE60098
3EDD5118
3ED43886
3ECAB349
3EC0BDE5
3EB65503
3EAB757D
3EA01C6B
3E94472D
3E87F37B
3E763EE4
3E5B933C
3E3FE219
3E232AAC
3E056D54
3DCD5761
3D8DD16D
3D18A2D9
3B8E2C56
BCF1B180
BD838B29
BDCC662B
BE0B73CB
BE317BBB
BE583DFE
BE7FACE9
BE93DD20
BEA82BB2
BEBCBAC8
BED18301
BEE67D19
BEFBA202
BF08757B
BF1328C7
BF1DE7E3
BF28B00A
BF337EB5
BF3E519D
BF4926B9
BF53FC43
BF5ED0B1
BF69A2B1
BF74712B
BF7F3B34
BF850008
BF8A5F97
BF8FBC0D
BF951542
BF9A6B1B
BF9FBD85
BFA50C7B
BFAA57FD
BFAFA011
BFB4E4C3
BFBA2624
BFBF6445
BFC49F3D
BFC9D721
BFCF0C0A
BFD43E11
BFD96D4D
BFDE99D9
BFE3C3CC
BFE8EB40
BFEE104C
BFF33307
BFF85389
BFFD71E6
C001471B
C003D446
C006607E
C008EBCC
C00B763B
C00DFFD2
C010889A
C013109C
C01597DF
C0181E6B
C01AA447
C01D297A
C01FAE0B
C0223200
C024B55E
C027382D
C029BA72
C02C3C32
C02EBD72
C0313E37
C033BE87
C0363E65
C038BDD6
C03B3CDF
C03DBB83
C04039C7
C042B7AD
C045353B
C047B272
C04A2F57
C04CABEC
C04F2835
C051A435
C0541FEE
C0569B63
C0591697
C05B918D
C05E0C46
C06086C5
C063010C
C0657B1D
C067F4FB
C06A6EA8
C06CE825
C06F6173
C071DA96
C074538E
C076CC5E
C0794506
C07BBD88
C07E35E6
C0805710
C081931D
C082CF1A
C0840B06
C08546E4
C08682B4
C087BE76
C088FA2A
C08A35D2
C08B716D
C08CACFC
C08DE880
C08F23F9
C0905F67
C0919ACC
C092D626
C0941177
C0954CBF
C09687FE
C097C335
C098FE64
C09A398B
C09B74AA
C09CAFC3
C09DEAD4
C09F25DF
C0A060E4
C0A19BE2
C0A2D6DA
C0A411CD
C0A54CBA
C0A687A2
C0A7C285
C0A8FD63
C0AA383C
C0AB7310
C0ACADE1
C0ADE8AD
C0AF2375
C0B05E39
C0B198FA
C0B2D3B7
3F48CDFD
3F48B3B2
3F48983C
3F487B8E
3F485D99
3F483E4E
3F481D9D
3F47FB76
3F47D7C6
3F47B27D
3F478B85
3F4762CC
3F47383D
3F470BC0
3F46DD3E
3F46ACA0
3F4679CB
3F4644A4
3F460D10
3F45D2F0
3F459625
3F45568E
3F451409
3F44CE71
3F4485A1
3F443970
3F43E9B4
3F439641
3F433EE8
3F42E378
3F4283BE
3F421F84
3F41B690
3F4148A7
3F40D588
3F405CF2
3F3FDE9F
3F3F5A45
3F3ECF96
3F3E3E3F
3F3DA5EC
3F3D0641
3F3C5EDF
3F3BAF61
3F3AF75B
3F3A3660
3F396BF8
3F3897A7
3F37B8EA
3F36CF38
3F35D9FE
3F34D8A4
3F33CA87
3F32AEFE
3F318556
3F304CD2
3F2F04AA
3F2DAC10
3F2C4225
3F2AC604
3F2936BA
3F279346
3F25DA9E
3F240BA8
3F22253F
3F20262E
3F1E0D32
3F1BD8FC
3F19882C
3F171954
3F148AFA
3F11DB92
3F0F0985
3F0C132D
3F08F6D9
3F05B2CB
3F02453B
3EFD58B3
3EF5CC9E
3EEDE282
3EE596A4
3EDCE54E
3ED3CAD4
3ECA439E
3EC04C2D
3EB5E12B
3EAAFF71
3E9FA416
3E93CC7B
3E877658
3E753F90
3E5A8EB2
3E3ED82F
3E221B38
3E04582E
3DCB2164
3D8B8F74
3D14065F
3B51002F
BCFB4FA1
BD85FFAE
BDCEE7DC
BE0CBB4E
BE32C9FA
BE599305
BE808460
BE948E75
BEA8E070
BEBD72EB
BED23E84
BEE73BF4
BEFC642B
BF08D831
BF138D16
BF1E4DC5
BF291775
BF33E7A0
BF3EBBFE
BF499286
BF546971
BF5F3F35
BF6A1281
BF74E239
BF7FAD77
BF8539BF
BF8A99DC
BF8FF6DD
BF955096
BF9AA6EE
BF9FF9D3
BFA5493E
BFAA9530
BFAFDDB0
BFB522CA
BFBA648E
BFBFA30F
BFC4DE62
BFCA169E
BFCF4BDB
BFD47E32
BFD9ADBC
BFDEDA91
BFE404CC
BFE92C83
BFEE51D1
BFF374CA
BFF89588
BFFDB420
C0016853
C003F599
C00681EA
C0090D51
C00B97D7
C00E2185
C010AA63
C0133279
C015B9D0
C018406F
C01AC65E
C01D4BA2
C01FD044
C0225449
C024D7B7
C0275A95
C029DCE8
C02C5EB6
C02EE003
C03160D6
C033E132
C036611C
C038E098
C03B5FAC
C03DDE5B
C0405CA8
C042DA98
C045582F
C047D56F
C04A525D
C04CCEFA
C04F4B4B
C051C753
C0544313
C056BE8F
C05939CA
C05BB4C6
C05E2F86
C060AA0B
C0632458
C0659E6F
C0681852
C06A9204
C06D0B86
C06F84D9
C071FE00
C07476FD
C076EFD1
C079687D
C07BE103
C07E5965
C08068D2
C081A4E0
C082E0DE
C0841CCD
C08558AC
C086947D
C087D041
C0890BF6
C08A479F
C08B833C
C08CBECC
C08DFA51
C08F35CB
C090713B
C091ACA0
C092E7FC
C094234E
C0955E97
C09699D7
C097D50E
C099103E
C09A4B66
C09B8686
C09CC19F
C09DFCB2
C09F37BD
C0A072C2
C0A1ADC1
C0A2E8BA
C0A423AD
C0A55E9B
C0A69983
C0A7D467
C0A90F45
C0AA4A1F
C0AB84F4
C0ACBFC5
C0ADFA91
C0AF355A
C0B0701F
C0B1AADF
C0B2E59D
3F48AFD8
3F48957A
3F4879F0
3F485D2E
3F483F24
3F481FC3
3F47FEFC
3F47DCBE
3F47B8F8
3F479396
3F476C86
3F4743B4
3F47190A
3F46EC72
3F46BDD5
3F468D1A
3F465A28
3F4624E4
3F45ED31
3F45B2F1
3F457605
3F45364D
3F44F3A6
3F44ADEB
3F4464F6
3F44189F
3F43C8BD
3F437522
3F431DA0
3F42C207
3F426222
3F41FDBB
3F41949A
3F412681
3F40B332
3F403A6B
3F3FBBE4
3F3F3755
3F3EAC6F
3F3E1AE1
3F3D8254
3F3CE26D
3F3C3ACD
3F3B8B0F
3F3AD2C8
3F3A1189
3F3946DB
3F387243
3F37933C
3F36A93C
3F35B3B3
3F34B207
3F33A396
3F3287B5
3F315DB3
3F3024D1
3F2EDC49
3F2D834A
3F2C18F8
3F2A9C6B
3F290CB1
3F2768CB
3F25AFAB
3F23E039
3F21F950
3F1FF9B9
3F1DE033
3F1BAB6D
3F195A09
3F16EA97
3F145B9C
3F11AB8E
3F0ED8D4
3F0BE1C8
3F08C4B9
3F057FE9
3F021190
3EFCEFBA
3EF561F2
3EED7611
3EE5285E
3EDC7520
3ED358AC
3EC9CF68
3EBFD5D6
3EB5689E
3EAA849A
3E9F26E0
3E934CD0
3E86F423
3E7435E5
3E597F9A
3E3DC380
3E2100C8
3E0337D2
3DC8D485
3D89361E
3D0F3A32
3B029C95
BD02A897
BD888D91
BDD18373
BE0E1009
BE3425B5
BE5AF5CD
BE81394F
BE9546F0
BEA99C77
BEBE327B
BED30195
BEE80280
BEFD2E27
BF093EE1
BF13F570
BF1EB7C1
BF29830B
BF3454C5
BF3F2AA8
BF4A02AA
BF54DB05
BF5FB22C
BF6A86D0
BF7557D5
BF80122A
BF8575C8
BF8AD67A
BF90340A
BF958E4D
BF9AE529
BFA0388D
BFA58872
BFAAD4DA
BFB01DCA
BFB56350
BFBAA57B
BFBFE45F
BFC52011
BFCA58A8
BFCF8E3C
BFD4C0E7
BFD9F0C1
BFDF1DE4
BFE44868
BFE97066
BFEE95F7
BFF3B932
BFF8DA2E
BFFDF902
C0018AE1
C0041842
C006A4AE
C009302E
C00BBACD
C00E4492
C010CD86
C01355B2
C015DD1E
C01863D1
C01AE9D2
C01D6F29
C01FF3DD
C02277F2
C024FB71
C0277E5F
C02A00C1
C02C829D
C02F03F8
C03184D8
C0340540
C0368537
C03904BF
C03B83DE
C03E0298
C04080F0
C042FEEA
C0457C8A
C047F9D4
C04A76CA
C04CF371
C04F6FCA
C051EBD9
C05467A1
C056E325
C0595E67
C05BD96A
C05E5430
C060CEBB
C063490E
C065C32B
C0683D14
C06AB6CB
C06D3052
C06FA9AB
C07222D7
C0749BD8
C07714B0
C0798D60
C07C05EB
C07E7E50
C0807B49
C081B75A
C082F359
C0842F4A
C0856B2B
C086A6FD
C087E2C2
C0891E79
C08A5A24
C08B95C1
C08CD153
C08E0CDA
C08F4855
C09083C6
C091BF2C
C092FA88
C09435DB
C0957125
C096AC66
C097E79F
C09922D0
C09A5DF8
C09B9919
C09CD433
C09E0F46
C09F4A53
C0A08558
C0A1C058
C0A2FB52
C0A43645
C0A57134
C0A6AC1D
C0A7E701
C0A921E0
C0AA5CBA
C0AB978F
C0ACD261
C0AE0D2E
C0AF47F7
C0B082BC
C0B1BD7D
C0B2F83B
3F48905E
3F4875EC
3F485A4E
3F483D77
3F481F57
3F47FFE1
3F47DF03
3F47BCAE
3F4798CF
3F477355
3F474C2B
3F47233F
3F46F87A
3F46CBC7
3F469D0D
3F466C36
3F463926
3F4603C2
3F45CBEF
3F45918F
3F455482
3F4514A7
3F44D1DC
3F448BFC
3F4442E2
3F43F665
3F43A65B
3F435297
3F42FAEB
3F429F27
3F423F15
3F41DA80
3F417130
3F4102E6
3F408F65
3F40166A
3F3F97AF
3F3F12E8
3F3E87CA
3F3DF602
3F3D5D39
3F3CBD14
3F3C1535
3F3B6535
3F3AACAB
3F39EB25
3F39202F
3F384B4C
3F376BF8
3F3681A9
3F358BCE
3F3489CD
3F337B04
3F325EC9
3F313468
3F2FFB25
3F2EB239
3F2D58D2
3F2BEE14
3F2A7118
3F28E0EB
3F273C8C
3F2582F1
3F23B2FF
3F21CB8F
3F1FCB6F
3F1DB159
3F1B7BFF
3F1929FF
3F16B9ED
3F142A4C
3F117991
3F0EA623
3F0BAE5D
3F08908C
3F054AF2
3F01DBC7
3EFC8276
3EF4F2EA
3EED0534
3EE4B598
3EDC0060
3ED2E1DE
3EC95677
3EBF5AAE
3EB4EB2A
3EAA04C5
3E9EA493
3E92C7F6
3E866CA4
3E732173
3E586586
3E3CA39C
3E1FDAE8
3E020BCA
3DC66FD0
3D86C474
3D0A3C58
3A443647
BD07DD23
BD8B35E2
BDD43A02
BE0F7287
BE358F7B
BE5C66E9
BE81F58C
BE9606DE
BEAA6015
BEBEF9C5
BED3CC86
BEE8D10F
BEFE0049
BF09A9B5
BF146200
BF1F2603
BF29F2F6
BF34C650
BF3F9DC8
BF4A7754
BF55512C
BF6029C5
BF6AFFCF
BF75D22E
BF804FFD
BF85B43C
BF8B1589
BF9073AE
BF95CE80
BF9B25E6
BFA079CE
BFA5CA32
BFAB1713
BFB06079
BFB5A66E
BFBAE905
BFC02850
BFC56464
BFCA9D5A
BFCFD349
BFD5064B
BFDA3679
BFDF63EB
BFE48EBC
BFE9B704
BFEEDCDC
BFF4005B
BFF92198
BFFE40A9
C001AED3
C0043C50
C006C8D8
C0095472
C00BDF2A
C00E6908
C010F213
C0137A56
C01601D7
C018889F
C01B0EB4
C01D941E
C02018E4
C0229D0B
C025209B
C027A399
C02A260A
C02CA7F5
C02F295F
C031AA4C
C0342AC2
C036AAC5
C0392A5A
C03BA985
C03E284A
C040A6AD
C04324B2
C045A25C
C0481FAF
C04A9CAF
C04D195E
C04F95C0
C05211D7
C0548DA8
C0570933
C059847C
C05BFF86
C05E7A53
C060F4E5
C0636F3E
C065E961
C0686350
C06ADD0C
C06D5699
C06FCFF6
C0724927
C074C22D
C0773B0A
C079B3BF
C07C2C4D
C07EA4B7
C0808E7F
C081CA91
C0830693
C0844285
C0857E67
C086BA3C
C087F602
C08931BB
C08A6D66
C08BA906
C08CE499
C08E2020
C08F5B9D
C090970F
C091D276
C0930DD4
C0944928
C0958473
C096BFB5
C097FAEF
C0993620
C09A714A
C09BAC6C
C09CE786
C09E229A
C09F5DA7
C0A098AE
C0A1D3AE
C0A30EA8
C0A4499D
C0A5848C
C0A6BF75
C0A7FA5A
C0A93539
C0AA7014
C0ABAAEA
C0ACE5BC
C0AE2089
C0AF5B53
C0B09618
C0B1D0DA
C0B30B98
3F486F7F
3F4854F9
3F483946
3F481C59
3F47FE24
3F47DE96
3F47BDA1
3F479B34
3F47773C
3F4751A9
3F472A65
3F47015E
3F46D67E
3F46A9AE
3F467AD7
3F4649E2
3F4616B3
3F45E130
3F45A93C
3F456EBA
3F45318A
3F44F18C
3F44AE9C
3F446897
3F441F56
3F43D2B1
3F43827D
3F432E90
3F42D6B8
3F427AC7
3F421A87
3F41B5C3
3F414C42
3F40DDC6
3F406A11
3F3FF0E1
3F3F71EE
3F3EECEF
3F3E6197
3F3DCF92
3F3D368B
3F3C9627
3F3BEE05
3F3B3DC1
3F3A84F1
3F39C323
3F38F7E2
3F3822B1
3F37430E
3F36586D
3F35623C
3F345FE3
3F3350BF
3F323426
3F310964
3F2FCFBC
3F2E8668
3F2D2C95
3F2BC167
3F2A43F8
3F28B353
3F270E78
3F25545C
3F2383E4
3F219BEB
3F1F9B3A
3F1D8090
3F1B4A9B
3F18F7FB
3F168742
3F13F6F4
3F114585
3F0E715D
3F0B78D5
3F085A3A
3F0513CF
3F01A3CB
3EFC10B9
3EF47F57
3EEC8FB9
3EE43E22
3EDB86DC
3ED26637
3EC8D898
3EBEDA82
3EB4689B
3EA97FBC
3E9E1CFA
3E923DB6
3E85DFA5
3E7201C7
3E573FFE
3E3B780A
3E1EA91C
3E00D398
3DC3F248
3D843973
3D050AC1
BA0F3A35
BD0D479B
BD8DF9B7
BDD70CA9
BE10E35A
BE3707E1
BE5DE6EF
BE82B964
BE96CE8C
BEAB2B99
BEBFC91B
BED49FA9
BEE9A7F4
BEFEDAE6
BF0A18D8
BF14D2F1
BF1F98B8
BF2A6766
BF353C70
BF40158D
BF4AF0B2
BF55CC17
BF60A632
BF6B7DB0
BF765177
BF80904F
BF85F535
BF8B5723
BF90B5E3
BF96114A
BF9B693F
BFA0BDB0
BFA60E99
BFAB5BF8
BFB0A5D7
BFB5EC41
BFBB2F47
BFC06EFD
BFC5AB79
BFCAE4D1
BFD01B1F
BFD54E7B
BFDA7EFF
BFDFACC5
BFE4D7E6
BFEA007A
BFEF269B
BFF44A60
BFF96BE1
BFFE8B33
C001D437
C00461D2
C006EE76
C0097A2C
C00C04FE
C00E8EF5
C0111819
C013A073
C016280B
C018AEE8
C01B3512
C01DBA8F
C0203F68
C022C3A2
C0254743
C027CA52
C02A4CD3
C02CCECE
C02F5047
C031D142
C03451C6
C036D1D7
C0395178
C03BD0AF
C03E4F80
C040CDEE
C0434BFE
C045C9B3
C0484710
C04AC419
C04D40D2
C04FBD3C
C052395D
C054B535
C05730C8
C059AC19
C05C272A
C05EA1FE
C0611C97
C06396F7
C0661120
C0688B15
C06B04D7
C06D7E69
C06FF7CC
C0727103
C074EA0E
C07762EF
C079DBA8
C07C543B
C07ECCA9
C080A27A
C081DE8E
C0831A92
C0845685
C085926A
C086CE40
C0880A08
C08945C2
C08A816F
C08BBD10
C08CF8A5
C08E342E
C08F6FAB
C090AB1E
C091E687
C09321E6
C0945D3B
C0959887
C096D3CA
C0980F05
C0994A37
C09A8562
C09BC084
C09CFBA0
C09E36B5
C09F71C2
C0A0ACCA
C0A1E7CB
C0A322C6
C0A45DBB
C0A598AA
C0A6D395
C0A80E7A
C0A9495A
C0AA8435
C0ABBF0C
C0ACF9DE
C0AE34AC
C0AF6F76
C0B0AA3C
C0B1E4FE
C0B31FBC
3F484D2B
3F483290
3F4816C7
3F47F9C4
3F47DB78
3F47BBD4
3F479AC7
3F477841
3F475430
3F472E82
3F470724
3F46DE01
3F46B304
3F468617
3F465722
3F46260D
3F45F2BF
3F45BD1B
3F458505
3F454A61
3F450D0D
3F44CCEA
3F4489D5
3F4443A9
3F43FA40
3F43AD71
3F435D14
3F4308FA
3F42B0F6
3F4254D7
3F41F467
3F418F72
3F4125BE
3F40B70F
3F404324
3F3FC9BD
3F3F4A91
3F3EC558
3F3E39C3
3F3DA780
3F3D0E39
3F3C6D92
3F3BC52C
3F3B14A2
3F3A5B88
3F399970
3F38CDE1
3F37F861
3F37186A
3F362D74
3F3536EB
3F343437
3F3324B4
3F3207BA
3F30DC93
3F2FA283
3F2E58C2
3F2CFE7F
3F2B92DE
3F2A14F7
3F2883D5
3F26DE7A
3F2523D8
3F2352D6
3F216A4D
3F1F6907
3F1D4DC2
3F1B172D
3F18C3E6
3F165281
3F13C17F
3F110F55
3F0E3A6B
3F0B4119
3F0821AE
3F04DA69
3F016983
3EFB9A53
3EF40709
3EEC1570
3EE3C1CA
3EDB0860
3ED1E583
3EC85596
3EBE551C
3EB3E0BA
3EA8F548
3E9D8FDC
3E91ADD5
3E854CEA
3E70D66A
3E560E8A
3E3A404D
3E1D6AE7
3DFF1D78
3DC15AE4
3D81940C
3CFF468C
BAF835E1
BD12EA3D
BD90DA37
BDD9FC92
BE12631B
BE388F82
BE5F767F
BE838528
BE979E4F
BEABFF58
BEC0A0D4
BED57B54
BEEA878A
BEFFBE5A
BF0A8C7A
BF154872
BF201010
BF2AE08B
BF35B756
BF409228
BF4B6EF7
BF564BFA
BF6127A4
BF6C00A5
BF76D5E2
BF80D339
BF8638CD
BF8B9B63
BF90FAC4
BF9656C6
BF9BAF50
BFA10450
BFA655C1
BFABA3A5
BFB0EE02
BFB634E5
BFBB785F
BFC0B885
BFC5F56B
BFCB2F29
BFD065D9
BFD59993
BFDACA72
BFDFF88E
BFE52402
BFEA4CE6
BFEF7353
BFF49761
BFF9B928
BFFED8BE
C001FB1C
C00488D7
C0071598
C009A16B
C00C2C58
C00EB669
C0113FA7
C013C819
C0164FC8
C018D6BB
C01B5CFB
C01DE28D
C0206779
C022EBC6
C0256F79
C027F29A
C02A752C
C02CF737
C02F78BF
C031F9CA
C0347A5C
C036FA7A
C0397A29
C03BF96D
C03E784A
C040F6C4
C04374DF
C045F29E
C0487006
C04AED1A
C04D69DC
C04FE650
C0526279
C054DE5A
C05759F6
C059D54E
C05C5067
C05ECB42
C06145E2
C063C049
C0663A79
C068B474
C06B2E3C
C06DA7D4
C070213D
C0729A78
C0751388
C0778C6F
C07A052D
C07C7DC4
C07EF637
C080B743
C081F359
C0832F5F
C0846B54
C085A73B
C086E312
C0881EDC
C0895A98
C08A9647
C08BD1E9
C08D0D7F
C08E4909
C08F8488
C090BFFD
C091FB67
C09336C7
C094721D
C095AD6A
C096E8AE
C09823EA
C0995F1D
C09A9A49
C09BD56C
C09D1089
C09E4B9E
C09F86AD
C0A0C1B5
C0A1FCB6
C0A337B2
C0A472A8
C0A5AD98
C0A6E883
C0A82369
C0A95E49
C0AA9925
C0ABD3FD
C0AD0ECF
C0AE499E
C0AF8468
C0B0BF2F
C0B1F9F1
C0B334B0
3F482950
3F480EA0
3F47F2C1
3F47D5A8
3F47B744
3F479788
3F477662
3F4753C2
3F472F98
3F4709CF
3F46E255
3F46B915
3F468DFB
3F4660F0
3F4631DD
3F4600A8
3F45CD38
3F459773
3F455F3B
3F452472
3F44E6FA
3F44A6B1
3F446375
3F441D20
3F43D38E
3F438695
3F43360C
3F42E1C5
3F428993
3F422D44
3F41CCA3
3F41677B
3F40FD93
3F408EAE
3F401A8C
3F3FA0EC
3F3F2185
3F3E9C0F
3F3E103C
3F3D7DB8
3F3CE42F
3F3C4344
3F3B9A97
3F3AE9C4
3F3A305F
3F396DF9
3F38A21A
3F37CC46
3F36EBFA
3F3600AB
3F3509C7
3F3406B4
3F32F6D0
3F31D970
3F30ADE1
3F2F7364
3F2E2934
3F2CCE7D
3F2B6263
3F29E3FF
3F28525D
3F26AC7C
3F24F14F
3F231FBD
3F21369F
3F1F34BF
3F1D18DA
3F1AE19D
3F188DAA
3F161B91
3F1389D4
3F10D6E9
3F0E0135
3F0B0713
3F07E6CE
3F049EA7
3F012CD6
3EFB1F11
3EF389CC
3EEB9623
3EE3405B
3EDA84B8
3ED15F8B
3EC7CD3A
3EBDCA43
3EB3534D
3EA8652E
3E9CFCFD
3E911818
3E84B435
3E6F9EDE
3E54D0A8
3E38FBE3
3E1C1FC3
3DFC7959
3DBEA890
3D7DA64B
3CF4074D
BB57FC47
BD18C75F
BD93D893
BDDD0AF4
BE13F269
BE3A2701
BE61163F
BE84592D
BE98767A
BEACDBAA
BEC18148
BED65FE4
BEEB702B
BF005581
BF0B04C9
BF15C2B5
BF208C3C
BF2B5E95
BF363734
BF4113CD
BF4BF257
BF56D107
BF61AE52
BF6C88E6
BF775FA8
BF8118D8
BF867F21
BF8BE265
BF91426D
BF969F11
BF9BF835
BFA14DCA
BFA69FCA
BFABEE36
BFB13916
BFB68078
BFBBC46B
BFC10504
BFC64259
BFCB7C82
BFD0B398
BFD5E7B4
BFDB18F0
BFE04766
BFE57330
BFEA9C67
BFEFC323
BFF4E77E
BFFA098D
BFFF2969
C0022393
C004B16E
C0073E4F
C009CA3F
C00C5549
C00EDF75
C01168CD
C013F158
C016791F
C019002A
C01B867F
C01E0C27
C0209128
C0231589
C025994F
C0281C81
C02A9F26
C02D2141
C02FA2D9
C03223F4
C034A495
C03724C1
C039A47E
C03C23CF
C03EA2B9
C041213F
C0439F66
C0461D30
C0489AA3
C04B17C1
C04D948D
C050110B
C0528D3D
C0550927
C05784CB
C05A002C
C05C7B4D
C05EF630
C06170D7
C063EB45
C066657B
C068DF7D
C06B594C
C06DD2E9
C0704C58
C072C599
C0753EAF
C077B79A
C07A305D
C07CA8FA
C07F2171
C080CCE2
C08208FA
C0834502
C08480FA
C085BCE2
C086F8BB
C0883487
C0897044
C08AABF5
C08BE798
C08D2330
C08E5EBC
C08F9A3C
C090D5B2
C092111D
C0934C7E
C09487D6
C095C324
C096FE69
C09839A6
C09974DA
C09AB007
C09BEB2C
C09D2649
C09E615F
C09F9C6F
C0A0D777
C0A2127A
C0A34D76
C0A4886D
C0A5C35E
C0A6FE49
C0A83930
C0A97411
C0AAAEED
C0ABE9C5
C0AD2499
C0AE5F68
C0AF9A33
C0B0D4F9
C0B20FBD
C0B34A7C
3F4803DD
3F47E916
3F47CD22
3F47AFF1
3F479175
3F4771A0
3F475061
3F472DA7
3F470962
3F46E37D
3F46BBE7
3F46928A
3F466752
3F463A28
3F460AF4
3F45D99F
3F45A60D
3F457025
3F4537C9
3F44FCDC
3F44BF3D
3F447ECD
3F443B69
3F43F4EB
3F43AB2E
3F435E0A
3F430D53
3F42B8DE
3F42607C
3F4203FB
3F41A328
3F413DCC
3F40D3AE
3F406491
3F3FF036
3F3F765A
3F3EF6B7
3F3E7103
3F3DE4EE
3F3D5229
3F3CB85A
3F3C1728
3F3B6E32
3F3ABD13
3F3A0361
3F3940AA
3F387478
3F379E4E
3F36BDAA
3F35D1FF
3F34DABC
3F33D747
3F32C6FD
3F31A935
3F307D39
3F2F424C
3F2DF7A7
3F2C9C78
3F2B2FE2
3F29B0FD
3F281ED4
3F267868
3F24BCAC
3F22EA85
3F2100CC
3F1EFE4B
3F1CE1BF
3F1AA9D6
3F18552F
3F15E25B
3F134FDD
3F109C28
3F0DC5A3
3F0ACAA7
3F07A980
3F04606F
3F00EDAA
3EFA9EBE
3EF3076A
3EEB119E
3EE2B99C
3ED9FBAA
3ED0D418
3EC73F49
3EBD39BD
3EB2C018
3EA7CF32
3E9C6420
3E907C3F
3E841546
3E6E5AA0
3E5385D4
3E37AA45
3E1AC726
3DF9B9BB
3DBBDA2B
3D77EB33
3CE85316
BB9BCC6E
BD1EE174
BD96F60A
BDE03915
BE1591E9
BE3BCF07
BE62C6DA
BE8535CA
BE995769
BEADC0EA
BEC26AD4
BED74DB6
BEEC623A
BF00D09F
BF0B81F8
BF1641EA
BF210D6F
BF2BE1BA
BF36BC3F
BF419AB2
BF4C7B09
BF575B78
BF623A74
BF6D16AB
BF77EF01
BF816148
BF86C84D
BF8C2C46
BF918CFC
BF96EA47
BF9C440D
BFA19A3C
BFA6ECD1
BFAC3BCB
BFB18734
BFB6CF18
BFBC1389
BFC1549B
BFC69263
BFCBCCFB
BFD1047B
BFD638FC
BFDB6A9A
BFE0996E
BFE5C591
BFEAEF1E
BFF0162D
BFF53AD6
BFFA5D32
BFFF7D56
C0024DAD
C004DBA9
C00768AA
C009F4B9
C00C7FE0
C00F0A29
C011939C
C0141C41
C016A421
C0192B44
C01BB1B1
C01E376F
C020BC85
C02340FA
C025C4D4
C028481A
C02ACAD0
C02D4CFD
C02FCEA6
C0324FD1
C034D081
C03750BD
C039D088
C03C4FE6
C03ECEDD
C0414D70
C043CBA3
C046497A
C048C6F8
C04B4420
C04DC0F7
C0503D7F
C052B9BB
C05535AE
C057B15B
C05A2CC5
C05CA7EE
C05F22D9
C0619D87
C06417FC
C066923A
C0690C43
C06B8618
C06DFFBC
C0707930
C072F277
C0756B92
C077E483
C07A5D4C
C07CD5ED
C07F4E69
C080E360
C0821F7B
C0835B85
C084977E
C085D369
C0870F44
C0884B11
C08986D0
C08AC282
C08BFE28
C08D39C1
C08E754E
C08FB0D0
C090EC47
C09227B4
C0936316
C0949E6F
C095D9BE
C0971505
C0985043
C0998B78
C09AC6A6
C09C01CB
C09D3CEA
C09E7801
C09FB311
C0A0EE1B
C0A2291E
C0A3641B
C0A49F13
C0A5DA04
C0A714F0
C0A84FD7
C0A98AB9
C0AAC596
C0AC006F
C0AD3B43
C0AE7612
C0AFB0DE
C0B0EBA5
C0B22669
C0B36129
3F47DCBF
3F47C1E1
3F47A5D5
3F47888D
3F4769F9
3F474A0A
3F4728B1
3F4705DC
3F46E17B
3F46BB7A
3F4693C6
3F466A4C
3F463EF4
3F4611AA
3F45E256
3F45B0DE
3F457D2A
3F45471E
3F450E9D
3F44D38A
3F4495C4
3F44552C
3F44119E
3F43CAF6
3F43810D
3F4333BB
3F42E2D6
3F428E31
3F42359D
3F41D8EA
3F4177E2
3F411250
3F40A7FA
3F4038A4
3F3FC40E
3F3F49F5
3F3ECA13
3F3E441E
3F3DB7C7
3F3D24BC
3F3C8AA6
3F3BE92B
3F3B3FE9
3F3A8E7C
3F39D478
3F39116E
3F3844E6
3F376E64
3F368D63
3F35A159
3F34A9B4
3F33A5D9
3F329527
3F3176F1
3F304A85
3F2F0F24
3F2DC406
3F2C685A
3F2AFB43
3F297BD7
3F27E924
3F264228
3F2485D6
3F22B315
3F20C8BB
3F1EC594
3F1CA85A
3F1A6FBE
3F181A5C
3F15A6C6
3F13137F
3F105EF9
3F0D879B
3F0A8BBD
3F0769AC
3F041FA7
3F00ABE4
3EFA1924
3EF27FAC
3EEA87A7
3EE22D56
3ED96CFD
3ED042ED
3EC6AB88
3EBCA34B
3EB226DD
3EA73314
3E9BC503
3E8FDA08
3E836FDA
3E6D0927
3E522D83
3E364AE4
3E19607F
3DF6DD77
3DB8EE88
3D71F46A
3CDC2502
BBCD8C51
BD253B06
BD9A33E8
BDE38849
BE17424A
BE3D8844
BE648904
BE861B5B
BE9A4178
BEAEAF76
BEC35DDA
BED8452E
BEED5E19
BF0150BC
BF0C043A
BF16C648
BF2193DE
BF2C6A30
BF3746AF
BF42270F
BF4D0944
BF57EB84
BF62CC43
BF6DAA2D
BF788429
BF81ACA6
BF87146F
BF8C7925
BF91DA90
BF97388A
BF9C92F6
BFA1E9C7
BFA73CF6
BFAC8C84
BFB1D87B
BFB720E7
BFBC65DB
BFC1A76A
BFC6E5AA
BFCC20B5
BFD158A3
BFD68D8E
BFDBBF92
BFE0EEC6
BFE61B47
BFEB452D
BFF06C92
BFF5918D
BFFAB437
BFFFD4A7
C002797A
C0050799
C00794BB
C00A20EA
C00CAC30
C00F3696
C011C026
C01448E6
C016D0E1
C019581C
C01BDEA1
C01E6476
C020E9A3
C0236E2D
C025F21C
C0287575
C02AF83E
C02D7A7D
C02FFC38
C0327D73
C034FE34
C0377E7F
C039FE58
C03C7DC6
C03EFCCA
C0417B6A
C043F9AA
C046778D
C048F517
C04B724B
C04DEF2C
C0506BBE
C052E804
C0556401
C057DFB8
C05A5B2A
C05CD65C
C05F514F
C061CC05
C0644682
C066C0C7
C0693AD7
C06BB4B3
C06E2E5D
C070A7D8
C0732125
C0759A46
C078133C
C07A8C0A
C07D04B0
C07F7D31
C080FAC7
C08236E4
C08372F0
C084AEEB
C085EAD8
C08726B5
C0886284
C0899E45
C08AD9F9
C08C15A0
C08D513B
C08E8CCA
C08FC84D
C09103C6
C0923F34
C0937A98
C094B5F2
C095F142
C0972C8A
C09867C9
C099A2FF
C09ADE2E
C09C1955
C09D5474
C09E8F8C
C09FCA9D
C0A105A8
C0A240AC
C0A37BAA
C0A4B6A2
C0A5F194
C0A72C81
C0A86769
C0A9A24C
C0AADD29
C0AC1802
C0AD52D7
C0AE8DA7
C0AFC873
C0B1033B
C0B23DFF
C0B378BF
3F47B3E1
3F4798ED
3F477CC9
3F475F67
3F4740BA
3F4720B2
3F46FF3E
3F46DC4E
3F46B7D0
3F4691B2
3F4669E0
3F464046
3F4614CF
3F45E764
3F45B7ED
3F458653
3F45527B
3F451C4A
3F44E3A3
3F44A868
3F446A7B
3F4429B9
3F43E600
3F439F2C
3F435516
3F430795
3F42B680
3F4261A9
3F4208E3
3F41ABFA
3F414ABC
3F40E4F3
3F407A63
3F400AD2
3F3F95FE
3F3F1BA7
3F3E9B84
3F3E154B
3F3D88AF
3F3CF55C
3F3C5AFD
3F3BB936
3F3B0FA6
3F3A5DE8
3F39A391
3F38E030
3F38134F
3F373C70
3F365B10
3F356EA4
3F347699
3F337255
3F326135
3F31428F
3F3015AE
3F2ED9D4
3F2D8E39
3F2C320C
3F2AC46E
3F294478
3F27B134
3F2609A3
3F244CB7
3F227954
3F208E54
3F1E8A7F
3F1C6C92
3F1A333B
3F17DD18
3F1568B9
3F12D4A0
3F101F41
3F0D4702
3F0A4A3A
3F072734
3F03DC32
3F006768
3EF98E08
3EF1F257
3EE9F802
3EE19B4B
3ED8D874
3ECFABCC
3EC611B6
3EBC06AF
3EB1875C
3EA69091
3E9B1F63
3E8F3130
3E82C3AC
3E6BA9E6
3E50C723
3E34DD2C
3E17EB37
3DF3E357
3DB5E46D
3D6BBF6E
3CCF77F4
BC00A955
BD2BD6C0
BD9D9389
BDE6F9F2
BE19043F
BE3F5371
BE665D7B
BE870A40
BE9B350A
BEAFA7B4
BEC45ABF
BED946B2
BEEE6432
BF01D60D
BF0C8BC6
BF175006
BF221FC3
BF2CF82F
BF37D6BC
BF42B91D
BF4D9D45
BF588168
BF6363FB
BF6E43AB
BF791F5D
BF81FB14
BF8763A8
BF8CC922
BF922B4A
BF9789F8
BF9CE513
BFA23C8B
BFA7905A
BFACE082
BFB22D0D
BFB77607
BFBCBB82
BFC1FD93
BFC73C50
BFCC77D3
BFD1B034
BFD6E58D
BFDC17FA
BFE14793
BFE67475
BFEB9EB8
BFF0C676
BFF5EBC7
BFFB0EC3
C00017C1
C002A70C
C0053550
C007C294
C00A4EE5
C00CDA4B
C00F64D0
C011EE7D
C014775A
C016FF6F
C01986C5
C01C0D63
C01E9350
C0211894
C0239D34
C0262138
C028A4A5
C02B2782
C02DA9D4
C0302BA1
C032ACEE
C0352DBF
C037AE1A
C03A2E03
C03CAD7F
C03F2C92
C041AB40
C044298D
C046A77D
C0492512
C04BA252
C04E1F3F
C0509BDC
C053182D
C0559433
C0580FF3
C05A8B6F
C05D06AA
C05F81A5
C061FC64
C06476E9
C066F135
C0696B4C
C06BE52F
C06E5EE0
C070D862
C07351B5
C075CADC
C07843D8
C07ABCAC
C07D3557
C07FADDD
C081131F
C0824F3F
C0838B4D
C084C74B
C0860339
C0873F19
C0887AEA
C089B6AD
C08AF262
C08C2E0B
C08D69A8
C08EA538
C08FE0BD
C0911C37
C09257A7
C093930C
C094CE67
C09609B9
C0974502
C0988042
C099BB7A
C09AF6A9
C09C31D1
C09D6CF1
C09EA80A
C09FE31D
C0A11E28
C0A2592D
C0A3942C
C0A4CF25
C0A60A18
C0A74506
C0A87FEE
C0A9BAD1
C0AAF5B0
C0AC308A
C0AD6B5F
C0AEA62F
C0AFE0FC
C0B11BC4
C0B25689
C0B3914A
3F478930
3F476E24
3F4751E7
3F47346D
3F4715A5
3F46F582
3F46D3F3
3F46B0E6
3F468C4B
3F46660F
3F463E1E
3F461464
3F45E8CC
3F45BB3F
3F458BA6
3F4559E8
3F4525EB
3F44EF93
3F44B6C5
3F447B63
3F443D4B
3F43FC5F
3F43B87A
3F437178
3F432733
3F42D982
3F42883B
3F423332
3F41DA36
3F417D18
3F411BA2
3F40B59E
3F404AD3
3F3FDB04
3F3F65F2
3F3EEB59
3F3E6AF3
3F3DE475
3F3D5791
3F3CC3F5
3F3C2949
3F3B8733
3F3ADD52
3F3A2B40
3F397092
3F38ACD8
3F37DF9B
3F37085D
3F36269A
3F3539C7
3F344153
3F333CA2
3F322B11
3F310BF6
3F2FDE9C
3F2EA245
3F2D5629
3F2BF975
3F2A8B4C
3F290AC5
3F2776EC
3F25CEC0
3F241133
3F223D29
3F20517C
3F1E4CF3
3F1C2E4C
3F19F433
3F179D47
3F152817
3F129325
3F0FDCE5
3F0D03BB
3F0A05FF
3F06E1FD
3F0395F3
3F002018
3EF8FD2E
3EF15F2E
3EE96273
3EE1033C
3ED83DCE
3ECF0E75
3EC57193
3EBB63A5
3EB0E14F
3EA5E765
3E9A72FB
3E8E816D
3E821072
3E6A3C46
3E4F521C
3E336083
3E1666B0
3DF0CA1B
3DB2BA92
3D6549A2
3CC24697
BC1B9A9E
BD32B767
BDA11658
BDEA8F83
BE1AD886
BE41314F
BE684501
BE8802DE
BE9C3284
BEB0AA0A
BEC561EC
BEDA52AF
BEEF74F3
BF0260C8
BF0D18D4
BF17DF5C
BF22B156
BF2D8BF4
BF386CA4
BF43511A
BF4E3748
BF591D63
BF6401DD
BF6EE365
BF79C0DE
BF824CB0
BF87B618
BF8D1C5D
BF927F4A
BF97DEB5
BF9D3A85
BFA292AA
BFA7E720
BFAD37E9
BFB2850D
BFB7CE9A
BFBD14A3
BFC2573B
BFC7967A
BFCCD279
BFD20B51
BFD7411D
BFDC73F7
BFE1A3FA
BFE6D140
BFEBFBE4
BFF123FE
BFF649A8
BFFB6CF9
C0004705
C002D678
C00564E0
C007F249
C00A7EBD
C00D0A44
C00F94E9
C0121EB4
C014A7AE
C0172FE0
C019B751
C01C3E09
C01EC40F
C021496A
C023CE22
C026523C
C028D5BF
C02B58B0
C02DDB16
C0305CF5
C032DE54
C0355F37
C037DFA3
C03A5F9C
C03CDF27
C03F5E49
C041DD05
C0445B60
C046D95D
C04956FF
C04BD44B
C04E5144
C050CDEC
C0534A47
C055C659
C0584223
C05ABDA8
C05D38EC
C05FB3F0
C0622EB8
C064A944
C0672399
C0699DB7
C06C17A2
C06E915A
C0710AE2
C073843C
C075FD69
C078766B
C07AEF45
C07D67F6
C07FE081
C0812C74
C0826896
C083A4A6
C084E0A7
C0861C97
C0875879
C088944C
C089D011
C08B0BC8
C08C4773
C08D8311
C08EBEA3
C08FFA2A
C09135A6
C0927117
C093AC7D
C094E7DA
C096232D
C0975E77
C09899B9
C099D4F2
C09B1022
C09C4B4B
C09D866C
C09EC187
C09FFC9A
C0A137A6
C0A272AC
C0A3ADAC
C0A4E8A6
C0A6239A
C0A75E88
C0A89971
C0A9D455
C0AB0F34
C0AC4A0F
C0AD84E4
C0AEBFB6
C0AFFA83
C0B1354C
C0B27011
C0B3AAD2
3F475C95
3F474171
3F47251B
3F470787
3F46E8A4
3F46C866
3F46A6BA
3F468390
3F465ED7
3F46387C
3F46106B
3F45E690
3F45BAD6
3F458D27
3F455D6A
3F452B86
3F44F763
3F44C0E5
3F4487EE
3F444C62
3F440E20
3F43CD07
3F4388F5
3F4341C4
3F42F74F
3F42A96C
3F4257F2
3F4202B4
3F41A982
3F414C2B
3F40EA7B
3F40843C
3F401934
3F3FA925
3F3F33D2
3F3EB8F5
3F3E3849
3F3DB184
3F3D2456
3F3C906D
3F3BF573
3F3B530C
3F3AA8D6
3F39F66D
3F393B66
3F38774F
3F37A9B2
3F36D211
3F35EFE8
3F3502AC
3F3409CA
3F3304A8
3F31F2A2
3F30D30E
3F2FA536
3F2E685D
3F2D1BBA
3F2BBE7B
3F2A4FC2
3F28CEA6
3F273A32
3F259164
3F23D330
3F21FE79
3F201218
3F1E0CD5
3F1BED6C
3F19B28A
3F175ACD
3F14E4C4
3F124EF1
3F0F97C7
3F0CBDA9
3F09BEF0
3F0699E7
3F034CCC
3EFFABA8
3EF86657
3EF0C5F1
3EE8C6B7
3EE064E9
3ED79CC9
3ECE6AA3
3EC4CADA
3EBAB9E7
3EB0346F
3EA53747
3E99BF7F
3E8DCA76
3E8155E0
3E68BFAD
3E4DCDD1
3E31D447
3E14D246
3DED9072
3DAF6FA1
3D5E904C
3CB48B58
BC37A562
BD39DFE3
BDA4BDCF
BDEE4A7C
BE1CBFE3
BE4322A6
BE6A4065
BE89059C
BE9D3A51
BEB1B6E4
BEC673D0
BEDB6994
BEF090CE
BF02F129
BF0DAB9F
BF187488
BF2348D6
BF2E25BB
BF3908A5
BF43EF45
BF4ED78F
BF59BFB5
BF64A62B
BF6F899D
BF7A68F0
BF82A19D
BF880BE2
BF8D72FB
BF92D6B4
BF9836E3
BF9D936F
BFA2EC49
BFA8416D
BFAD92DC
BFB2E0A0
BFB82AC6
BFBD7162
BFC2B487
BFC7F44D
BFCD30CD
BFD26A21
BFD7A064
BFDCD3B0
BFE20420
BFE731CF
BFEC5CD7
BFF18552
BFF6AB58
BFFBCF02
C0007833
C00307CF
C005965F
C00823ED
C00AB085
C00D3C2F
C00FC6F4
C01250E0
C014D9F8
C0176247
C019E9D5
C01C70A7
C01EF6C8
C0217C3C
C024010C
C026853D
C02908D5
C02B8BDC
C02E0E56
C0309049
C03311BB
C03592B0
C038132D
C03A9337
C03D12D2
C03F9204
C04210CF
C0448F37
C0470D42
C0498AF2
C04C084A
C04E854F
C0510203
C0537E69
C055FA85
C058765A
C05AF1E9
C05D6D37
C05FE844
C0626315
C064DDAA
C0675807
C069D22D
C06C4C1F
C06EC5DF
C0713F6E
C073B8CF
C0763202
C078AB0B
C07B23EA
C07D9CA1
C0800A99
C08146CF
C08282F3
C083BF06
C084FB09
C08636FC
C08772E0
C088AEB5
C089EA7C
C08B2636
C08C61E2
C08D9D82
C08ED916
C090149E
C091501C
C0928B8E
C093C6F6
C0950254
C0963DA9
C09778F4
C098B437
C099EF71
C09B2AA3
C09C65CD
C09DA0F0
C09EDC0B
C0A0171F
C0A1522C
C0A28D33
C0A3C834
C0A5032E
C0A63E23
C0A77913
C0A8B3FC
C0A9EEE1
C0AB29C1
C0AC649C
C0AD9F72
C0AEDA44
C0B01512
C0B14FDC
C0B28AA2
C0B3C564
3F472DFA
3F4712BD
3F46F64D
3F46D89E
3F46B9A1
3F469945
3F46777C
3F465435
3F462F5D
3F4608E1
3F45E0B0
3F45B6B3
3F458AD7
3F455D03
3F452D21
3F44FB18
3F44C6CD
3F449027
3F445706
3F441B4F
3F43DCE1
3F439B9B
3F435759
3F430FF8
3F42C551
3F42773B
3F42258C
3F41D017
3F4176AD
3F41191C
3F40B731
3F4050B4
3F3FE56C
3F3F751C
3F3EFF85
3F3E8463
3F3E036F
3F3D7C5F
3F3CEEE5
3F3C5AAD
3F3BBF62
3F3B1CA6
3F3A7219
3F39BF57
3F3903F3
3F383F7C
3F37717B
3F369974
3F35B6E1
3F34C937
3F33CFE4
3F32CA4C
3F31B7CD
3F3097BC
3F2F6962
3F2E2C02
3F2CDED4
3F2B8104
3F2A11B5
3F288FFE
3F26FAE8
3F255174
3F239293
3F21BD28
3F1FD00C
3F1DCA08
3F1BA9D6
3F196E23
3F17158D
3F149EA3
3F1207E6
3F0F4FC8
3F0C74AD
3F0974EE
3F064ED3
3F03009C
3EFF10F9
3EF7C943
3EF0265E
3EE8248C
3EDFC00C
3ED6F51F
3ECDC011
3EC41D42
3EBA092C
3EAF8073
3EA47FEB
3E9904A4
3E8D0BFB
3E8093A5
3E673378
3E4C399B
3E3037CF
3E132D4D
3DEA34FF
3DAC0233
3D579091
3CA64067
BC54D580
BD41533B
BDA88B79
BDF22C72
BE1EBB25
BE452848
BE6C507B
BE8A12E8
BE9E4CE0
BEB2CEB6
BEC790DF
BEDC8BD8
BEF1B83B
BF03876C
BF0E4466
BF190FC7
BF23E682
BF2EC5C5
BF39AB00
BF4493E2
BF4F7E5D
BF5A68A4
BF655129
BF703699
BF7B17D9
BF82FA00
BF886529
BF8DCD1F
BF9331AC
BF9892A7
BF9DEFF7
BFA3498E
BFA89F66
BFADF182
BFB33FEC
BFB88AB2
BFBDD1E6
BFC3159D
BFC855F0
BFCD92F6
BFD2CCCC
BFD8038A
BFDD374C
BFE2682E
BFE7964A
BFECC1BA
BFF1EA99
BFF710FF
BFFC3505
C000AB61
C0033B28
C005C9E0
C0085795
C00AE452
C00D7020
C00FFB08
C0128514
C0150E4D
C01796BB
C01A1E65
C01CA554
C01F2B8F
C021B11E
C0243606
C026BA4F
C0293DFF
C02BC11B
C02E43AB
C030C5B2
C0334737
C035C83F
C03848CE
C03AC8EA
C03D4896
C03FC7D7
C04246B1
C044C529
C0474342
C049C0FF
C04C3E65
C04EBB76
C0513836
C053B4A9
C05630D0
C058ACAF
C05B2849
C05DA3A0
C0601EB8
C0629991
C0651430
C0678E95
C06A08C3
C06C82BD
C06EFC85
C071761B
C073EF83
C07668BD
C078E1CC
C07B5AB2
C07DD36F
C0802603
C081623B
C0829E62
C083DA78
C085167D
C0865273
C0878E59
C088CA30
C08A05F9
C08B41B5
C08C7D63
C08DB905
C08EF49B
C0903025
C0916BA4
C092A718
C093E282
C0951DE1
C0965937
C0979484
C098CFC8
C09A0B04
C09B4637
C09C8162
C09DBC86
C09EF7A2
C0A032B7
C0A16DC6
C0A2A8CD
C0A3E3CF
C0A51ECB
C0A659C0
C0A794B0
C0A8CF9B
C0AA0A81
C0AB4561
C0AC803D
C0ADBB14
C0AEF5E7
C0B030B5
C0B16B7F
C0B2A646
C0B3E108
3F46FD47
3F46E1F0
3F46C566
3F46A79B
3F468882
3F466809
3F464622
3F4622BC
3F45FDC4
3F45D728
3F45AED5
3F4584B6
3F4558B5
3F452ABC
3F44FAB4
3F44C884
3F449411
3F445D40
3F4423F6
3F43E812
3F43A976
3F436801
3F43238F
3F42DBFC
3F429122
3F4242D7
3F41F0F1
3F419B44
3F4141A0
3F40E3D3
3F4081AA
3F401AEE
3F3FAF64
3F3F3ED1
3F3EC8F3
3F3E4D89
3F3DCC4B
3F3D44EE
3F3CB725
3F3C229B
3F3B86FB
3F3AE3E8
3F3A3902
3F3985E2
3F38CA1E
3F380544
3F3736DD
3F365E6B
3F357B6A
3F348D4F
3F339386
3F328D75
3F317A78
3F3059E4
3F2F2B04
3F2DED18
3F2C9F59
3F2B40F4
3F29D109
3F284EB1
3F26B8F4
3F250ED3
3F234F3D
3F217919
3F1F8B3B
3F1D846E
3F1B636B
3F1926DF
3F16CD68
3F145594
3F11BDE3
3F0F04C9
3F0C28A8
3F0927D7
3F0600A0
3F02B142
3EFE6FDF
3EF725AA
3EEF802E
3EE77BAA
3EDF145D
3ED64687
3ECD0E73
3EC36880
3EB95128
3EAEC50D
3EA3C102
3E984218
3E8C45AB
3E7F92DF
3E6596FD
3E4A94CD
3E2E8A6B
3E117710
3DE6B651
3DA870D3
3D504777
3C975FB0
BC73375D
BD491496
BDAC80F4
BDF6370A
BE20CB21
BE474311
BE6E7624
BE8B2B33
BE9F6AA6
BEB3F1F3
BEC8B990
BEDDB9F4
BEF2EBB6
BF0423D1
BF0EE368
BF19B15B
BF248A9C
BF2F6C57
BF3A53FA
BF453F35
BF502BF7
BF5B1875
BF66031F
BF70EAA2
BF7BCDE3
BF8355FC
BF88C214
BF8E2AF0
BF939059
BF98F228
BF9E5044
BFA3AA9E
BFA90132
BFAE5403
BFB3A31A
BFB8EE85
BFBE3658
BFC37AA8
BFC8BB8C
BFCDF91F
BFD3337A
BFD86AB8
BFDD9EF6
BFE2D04E
BFE7FEDB
BFED2AB8
BFF253FF
BFF77AC9
BFFC9F2F
C000E0A4
C0037096
C005FF79
C0088D57
C00B1A3B
C00DA62E
C010313A
C012BB68
C01544C2
C017CD4F
C01A5518
C01CDC24
C01F627C
C021E825
C0246D27
C026F189
C0297551
C02BF884
C02E7B2A
C030FD46
C0337EE0
C035FFFB
C038809D
C03B00CA
C03D8088
C03FFFDA
C0427EC4
C044FD4B
C0477B73
C049F93E
C04C76B2
C04EF3D0
C051709D
C053ED1C
C056694F
C058E539
C05B60DE
C05DDC3F
C0605761
C062D244
C0654CEB
C067C75A
C06A4191
C06CBB93
C06F3562
C071AF00
C074286F
C076A1B0
C0791AC6
C07B93B2
C07E0C76
C0804289
C0817EC5
C082BAEF
C083F707
C085330F
C0866F07
C087AAEF
C088E6C9
C08A2294
C08B5E52
C08C9A02
C08DD5A6
C08F113E
C0904CCA
C091884A
C092C3C0
C093FF2B
C0953A8D
C09675E4
C097B132
C098EC78
C09A27B5
C09B62E9
C09C9E15
C09DD93A
C09F1458
C0A04F6E
C0A18A7D
C0A2C586
C0A40089
C0A53B85
C0A6767C
C0A7B16D
C0A8EC59
C0AA273F
C0AB6220
C0AC9CFD
C0ADD7D5
C0AF12A8
C0B04D77
C0B18842
C0B2C309
C0B3FDCC
3F46CA63
3F46AEF1
3F46924C
3F467465
3F46552F
3F463499
3F461293
3F45EF0D
3F45C9F4
3F45A336
3F457AC0
3F45507D
3F452458
3F44F639
3F44C60A
3F4493B1
3F445F15
3F442819
3F43EEA2
3F43B291
3F4373C6
3F433220
3F42ED7D
3F42A5B6
3F425AA7
3F420C25
3F41BA07
3F416420
3F410A40
3F40AC35
3F4049CC
3F3FE2CE
3F3F7701
3F3F0627
3F3E9002
3F3E144D
3F3D92C2
3F3D0B16
3F3C7CFB
3F3BE81D
3F3B4C25
3F3AA8B8
3F39FD74
3F3949F4
3F388DCC
3F37C88B
3F36F9BA
3F3620DA
3F353D68
3F344ED7
3F335494
3F324E05
3F313A86
3F30196B
3F2EE9FF
3F2DAB82
3F2C5D2D
3F2AFE2C
3F298DA1
3F280AA1
3F267437
3F24C962
3F230912
3F21322B
3F1F4385
3F1D3BE7
3F1B1A0B
3F18DC9E
3F16823D
3F140976
3F1170C9
3F0EB6A8
3F0BD976
3F08D789
3F05AF2C
3F025E9B
3EFDC813
3EF67B47
3EEED319
3EE6CBC9
3EDE6192
3ED590B6
3ECC557D
3EC2AC46
3EB8918B
3EAE01EB
3EA2FA3A
3E977788
3E8B7731
3E7DEDCF
3E63E98C
3E48DEB3
3E2CCB63
3E0FAED5
3DE312EC
3DA4B9FA
3D48B1E3
3C87E2DB
BC896BF6
BD512744
BDB09FEF
BDFA6BFC
BE22F0B9
BE4973E5
BE70B249
BE8C4EF5
BEA0941A
BEB52119
BEC9EE62
BEDEF469
BEF42BC1
BF04C699
BF0F88E9
BF1A5989
BF25356A
BF3019B6
BF3B03DB
BF45F186
BF50E0A9
BF5BCF74
BF66BC59
BF71A605
BF7C8B5B
BF83B5BA
BF8922C9
BF8E8C94
BF93F2E3
BF99558F
BF9EB47F
BFA40FA5
BFA966FC
BFAEBA88
BFB40A52
BFB9566A
BFBE9EE2
BFC3E3D0
BFC9254C
BFCE6370
BFD39E57
BFD8D61B
BFDE0AD9
BFE33CAC
BFE86BAF
BFED97FD
BFF2C1B0
BFF7E8E1
BFFD0DAB
C0011812
C003A832
C0063740
C008C549
C00B5255
C00DDE6E
C01069A0
C012F3F2
C0157D6E
C018061C
C01A8E05
C01D152F
C01F9BA4
C0222169
C024A686
C0272B02
C029AEE2
C02C322E
C02EB4EA
C031371D
C033B8CB
C03639FB
C038BAB0
C03B3AF1
C03DBAC0
C0403A23
C042B91F
C04537B6
C047B5ED
C04A33C7
C04CB149
C04F2E75
C051AB4F
C05427DA
C056A419
C059200F
C05B9BBF
C05E172B
C0609257
C0630D44
C06587F5
C068026D
C06A7CAD
C06CF6B7
C06F708F
C071EA35
C07463AB
C076DCF4
C0795611
C07BCF04
C07E47CE
C0806038
C0819C77
C082D8A4
C08414BF
C08550C9
C0868CC4
C087C8AE
C089048A
C08A4058
C08B7C18
C08CB7CB
C08DF371
C08F2F0A
C0906A98
C091A61A
C092E192
C0941CFF
C0955862
C09693BB
C097CF0B
C0990A52
C09A4590
C09B80C5
C09CBBF3
C09DF719
C09F3238
C0A06D4F
C0A1A860
C0A2E36A
C0A41E6D
C0A5596B
C0A69462
C0A7CF54
C0A90A41
C0AA4528
C0AB800A
C0ACBAE7
C0ADF5C0
C0AF3094
C0B06B64
C0B1A62F
C0B2E0F7
C0B41BBB
3F469534
3F4679A7
3F465CE6
3F463EE2
3F461F8E
3F45FED9
3F45DCB3
3F45B90C
3F4593D2
3F456CF2
3F454458
3F4519F0
3F44EDA5
3F44BF5F
3F448F07
3F445C85
3F4427BD
3F43F096
3F43B6F1
3F437AB1
3F433BB6
3F42F9DE
3F42B507
3F426D0C
3F4221C5
3F41D30B
3F4180B3
3F412A90
3F40D072
3F407228
3F400F7D
3F3FA83B
3F3F3C27
3F3ECB05
3F3E5495
3F3DD894
3F3D56B9
3F3CCEBB
3F3C404B
3F3BAB15
3F3B0EC3
3F3A6AF8
3F39BF54
3F390B71
3F384EE2
3F378936
3F36B9F6
3F35E0A5
3F34FCBC
3F340DB2
3F3312F1
3F320BDF
3F30F7D9
3F2FD632
3F2EA635
3F2D6722
3F2C1831
3F2AB88F
3F29475C
3F27C3AF
3F262C91
3F248101
3F22BFF0
3F20E840
3F1EF8C9
3F1CF052
3F1ACD96
3F188F3F
3F1633EB
3F13BA28
3F112074
3F0E6543
3F0B86F5
3F0883E2
3F055A52
3F020882
3EFD194B
3EF5C9CD
3EEE1ED3
3EE61499
3EDDA75C
3ED4D35B
3ECB94DE
3EC1E842
3EB7CA01
3EAD36B9
3EA22B3D
3E96A49C
3E8AA032
3E7C3764
3E622A6A
3E471690
3E2AF9F7
3E0DD3D6
3DDF493E
3DA0DC12
3D40CC93
3C6F868D
BC99E259
BD598EB8
BDB4EA2C
BDFECD14
BE252CD7
BE4BBBB3
BE7305DE
BE8D7EAA
BEA1C9BC
BEB65CA8
BECB2FD8
BEE03BBD
BEF578E5
BF05700B
BF103530
BF1B0898
BF25E734
BF30CE2C
BF3BBAED
BF46AB22
BF519CBD
BF5C8DEE
BF677D25
BF726910
BF7D5091
BF841960
BF898772
BF8EF235
BF945973
BF99BD05
BF9F1CD1
BFA478CB
BFA9D0ED
BFAF253C
BFB475C1
BFB9C28C
BFBF0BB0
BFC45143
BFC9935D
BFCED218
BFD40D90
BFD945DF
BFDE7B23
BFE3AD75
BFE8DCF2
BFEE09B6
BFF333D9
BFF85B77
BFFD80A8
C00151C2
C003E212
C006714E
C008FF82
C00B8CB8
C00E18FA
C010A452
C0132ECA
C015B869
C018413A
C01AC943
C01D508D
C01FD720
C0225D02
C024E23C
C02766D2
C029EACC
C02C6E31
C02EF105
C031734E
C033F513
C0367657
C038F721
C03B7775
C03DF757
C04076CC
C042F5D9
C0457481
C047F2C7
C04A70B1
C04CEE42
C04F6B7C
C051E864
C05464FC
C056E148
C0595D4A
C05BD905
C05E547D
C060CFB3
C0634AAB
C065C566
C0683FE7
C06ABA31
C06D3444
C06FAE24
C07227D2
C074A150
C0771AA1
C07993C5
C07C0CBF
C07E858F
C0807F1C
C081BB5E
C082F78E
C08433AC
C0856FB9
C086ABB6
C087E7A4
C0892382
C08A5F52
C08B9B14
C08CD6C9
C08E1271
C08F4E0D
C090899D
C091C521
C093009A
C0943C09
C095776E
C096B2C8
C097EE1A
C0992962
C09A64A2
C09B9FD9
C09CDB08
C09E162F
C09F514F
C0A08C68
C0A1C779
C0A30284
C0A43D89
C0A57888
C0A6B380
C0A7EE73
C0A92960
C0AA6448
C0AB9F2B
C0ACDA09
C0AE14E3
C0AF4FB8
C0B08A88
C0B1C554
C0B3001D
C0B43AE1
3F465D9E
3F4641F5
3F462517
3F4606F5
3F45E782
3F45C6AE
3F45A468
3F45809F
3F455B43
3F45343F
3F450B80
3F44E0F2
3F44B480
3F448612
3F445590
3F4422E3
3F43EDF0
3F43B69A
3F437CC7
3F434056
3F430129
3F42BF1E
3F427A12
3F4231E0
3F41E661
3F41976D
3F4144D9
3F40EE77
3F409419
3F40358D
3F3FD29E
3F3F6B16
3F3EFEBA
3F3E8D4E
3F3E1690
3F3D9A3F
3F3D1812
3F3C8FBF
3F3C00F7
3F3B6B67
3F3ACEB7
3F3A2A8C
3F397E84
3F38CA39
3F380D40
3F374726
3F367774
3F359DAC
3F34B94A
3F33C9C1
3F32CE7D
3F31C6E4
3F30B252
3F2F901A
3F2E5F86
3F2D1FD8
3F2BD046
3F2A6FFC
3F28FE1B
3F2779BA
3F25E1E2
3F243590
3F2273B6
3F209B36
3F1EAAE6
3F1CA18E
3F1A7DE8
3F183E9F
3F15E24E
3F136785
3F10CCC1
3F0E1074
3F0B3100
3F082CBB
3F0501EC
3F01AED1
3EFC6338
3EF510EF
3EED630B
3EE555CC
3EDCE56A
3ED40E23
3ECACC41
3EC11C1E
3EB6FA33
3EAC631E
3EA153B0
3E95C8F9
3E89C053
3E7A6EE1
3E6058D6
3E453BA0
3E29155D
3E0BE549
3DDB57A7
3D9CD570
3D389424
3C4DF40D
BCAB05E8
BD624E8A
BDB96182
BE01AE18
BE278070
BE4E1B74
BE7571E0
BE8EBAD3
BEA30C10
BEB7A526
BECC7E7B
BEE1907B
BEF6D3B0
BF06206E
BF10E885
BF1BBED4
BF26A046
BF318A06
BF3C797E
BF476C58
BF526085
BF5D5434
BF6845D6
BF733416
BF7E1DD9
BF84811B
BF89F039
BF8F5BFF
BF94C435
BF9A28B6
BF9F8968
BFA4E63E
BFAA3F33
BFAF944D
BFB4E595
BFBA331A
BFBF7CF1
BFC4C32F
BFCA05ED
BFCF4546
BFD48154
BFD9BA34
BFDEF002
BFE422D9
BFE952D6
BFEE8013
BFF3AAAC
BFF8D2BA
BFFDF856
C0018DCD
C0041E4E
C006ADBA
C0093C1B
C00BC97D
C00E55E9
C010E16A
C0136C08
C015F5CC
C0187EC0
C01B06EC
C01D8E57
C0201509
C0229B0A
C0252060
C027A513
C02A2928
C02CACA6
C02F2F92
C031B1F4
C03433CF
C036B52A
C0393609
C03BB671
C03E3666
C040B5EE
C043350D
C045B3C6
C048321D
C04AB017
C04D2DB7
C04FAB00
C05227F6
C054A49B
C05720F4
C0599D03
C05C18CB
C05E944E
C0610F90
C0638A92
C0660558
C0687FE3
C06AFA36
C06D7452
C06FEE3B
C07267F2
C074E178
C0775AD1
C079D3FC
C07C4CFD
C07EC5D5
C0809F43
C081DB88
C08317BA
C08453DC
C0858FEC
C086CBEC
C08807DC
C08943BD
C08A7F8F
C08BBB54
C08CF70B
C08E32B5
C08F6E53
C090A9E5
C091E56B
C09320E6
C0945C57
C09597BD
C096D31A
C0980E6D
C09949B6
C09A84F7
C09BC030
C09CFB61
C09E3689
C09F71AA
C0A0ACC4
C0A1E7D7
C0A322E3
C0A45DE9
C0A598E9
C0A6D3E2
C0A80ED6
C0A949C4
C0AA84AD
C0ABBF91
C0ACFA70
C0AE354A
C0AF7020
C0B0AAF1
C0B1E5BE
C0B32087
C0B45B4C
3F462384
3F4607BE
3F45EAC3
3F45CC83
3F45ACF0
3F458BFB
3F456994
3F4545A9
3F452029
3F44F900
3F44D01B
3F44A567
3F4478CC
3F444A34
3F441988
3F43E6AF
3F43B18E
3F437A0A
3F434006
3F430363
3F42C403
3F4281C2
3F423C7F
3F41F415
3F41A85C
3F41592C
3F410659
3F40AFB8
3F405518
3F3FF648
3F3F9313
3F3F2B42
3F3EBE9B
3F3E4CE2
3F3DD5D5
3F3D5931
3F3CD6AF
3F3C4E04
3F3BBEE2
3F3B28F4
3F3A8BE3
3F39E754
3F393AE5
3F38862F
3F37C8C7
3F37023B
3F363213
3F3557D1
3F3472F0
3F3382E4
3F328719
3F317EF3
3F3069D0
3F2F4701
3F2E15D1
3F2CD582
3F2B8548
3F2A2451
3F28B1BC
3F272CA0
3F259406
3F23E6EC
3F222441
3F204AE8
3F1E59B7
3F1C4F76
3F1A2ADE
3F17EA98
3F158D42
3F131168
3F107589
3F0DB816
3F0AD770
3F07D1ED
3F04A5D3
3F015160
3EFBA58B
3EF45059
3EEC9F70
3EE48F0B
3EDC1B64
3ED340B8
3EC9FB4E
3EC04780
3EB621C6
3EAB86BD
3EA07335
3E94E43E
3E88D730
3E78937E
3E5E7406
3E434D13
3E271CC4
3E09E255
3DD73C72
3D98A456
3D30050A
3C2AFFBC
BCBCDE05
BD6B6A81
BDBE07DC
BE040DA4
BE29EC83
BE50942F
BE77F75B
BE9003F8
BEA45BA1
BEB8FB21
BECDDADB
BEE2F335
BEF83CB6
BF06D80D
BF11A336
BF1C7C88
BF2760F0
BF324D95
BF3D3FDF
BF48357A
BF532C53
BF5E229B
BF6916C0
BF74076F
BF7EF38C
BF84ED16
BF8A5D4C
BF8FCA1E
BF953357
BF9A98D0
BF9FFA71
BFA5582C
BFAAB1FE
BFB007EA
BFB559FC
BFBAA844
BFBFF2D4
BFC539C4
BFCA7D2E
BFCFBD2A
BFD4F9D5
BFDA334C
BFDF69A9
BFE49D0B
BFE9CD8C
BFEEFB48
BFF4265A
BFF94EDD
BFFE74E9
C001CC4C
C0045D01
C006EC9E
C0097B2F
C00C08BE
C00E9556
C0112100
C013ABC6
C01635B1
C018BECA
C01B471A
C01DCEA7
C020557A
C022DB9A
C025610E
C027E5DE
C02A6A0F
C02CEDA7
C02F70AE
C031F328
C034751B
C036F68D
C0397781
C03BF7FE
C03E7808
C040F7A4
C04376D5
C045F5A0
C0487409
C04AF213
C04D6FC3
C04FED1B
C0526A20
C054E6D4
C057633A
C059DF56
C05C5B2B
C05ED6BA
C0615207
C063CD15
C06647E5
C068C27B
C06B3CD7
C06DB6FE
C07030F0
C072AAAF
C075243E
C0779D9F
C07A16D2
C07C8FDB
C07F08BA
C080C0B9
C081FD01
C0833937
C084755B
C085B16E
C086ED71
C0882964
C0896548
C08AA11D
C08BDCE4
C08D189D
C08E544A
C08F8FEA
C090CB7E
C0920706
C0934283
C0947DF6
C095B95E
C096F4BC
C0983011
C0996B5C
C09AA69F
C09BE1D9
C09D1D0B
C09E5835
C09F9357
C0A0CE73
C0A20987
C0A34494
C0A47F9B
C0A5BA9C
C0A6F596
C0A8308B
C0A96B7A
C0AAA664
C0ABE149
C0AD1C29
C0AE5704
C0AF91DA
C0B0CCAC
C0B2077A
C0B34244
C0B47D09
3F45E6C8
3F45CAE5
3F45ADCB
3F458F6C
3F456FB9
3F454EA3
3F452C19
3F45080A
3F44E265
3F44BB17
3F44920C
3F44672F
3F443A6A
3F440BA8
3F43DAD0
3F43A7C9
3F437279
3F433AC5
3F43008F
3F42C3B9
3F428423
3F4241AC
3F41FC31
3F41B38C
3F416797
3F411829
3F40C517
3F406E33
3F40134F
3F3FB439
3F3F50BB
3F3EE89F
3F3E7BAB
3F3E09A2
3F3D9242
3F3D1549
3F3C9270
3F3C096A
3F3B79EA
3F3AE39B
3F3A4626
3F39A12F
3F38F455
3F383F31
3F378156
3F36BA53
3F35E9B1
3F350EF1
3F34298D
3F3338F9
3F323CA1
3F3133EB
3F301E30
3F2EFAC6
3F2DC8F5
3F2C87FD
3F2B3716
3F29D56A
3F28621B
3F26DC3E
3F2542DB
3F2394F0
3F21D16C
3F1FF733
3F1E0519
3F1BF9E5
3F19D450
3F179305
3F15349F
3F12B7AA
3F101AA6
3F0D5C01
3F0A7A1D
3F07734F
3F0445DE
3F00F005
3EFADFEE
3EF387B6
3EEBD3A9
3EE3BFFF
3EDB48F3
3ED26ABE
3EC921A9
3EBF6A0B
3EB5405A
3EAAA135
3E9F896A
3E93F607
3E87E465
3E76A46C
3E5C7B26
3E414A12
3E250F50
3E07CA1C
3DD2F5D6
3D9446F4
3D271B8F
3C069A7B
BCCF7268
BD74E68A
BDC2DF3D
BE068634
BE2C721C
BE5326F3
BE7A9764
BE915AA7
BEA5B8FE
BEBA5F2C
BECF458D
BEE46484
BEF9B493
BF079739
BF126592
BF1D4208
BF282984
BF33192C
BF3E0E67
BF4906DF
BF540080
BF5EF97B
BF69F03F
BF74E375
BF7FD203
BF855D80
BF8ACED8
BF903CC2
BF95A708
BF9B0D84
BFA0701D
BFA5CEC7
BFAB297D
BFB08045
BFB5D32A
BFBB223B
BFC06D8D
BFC5B536
BFCAF951
BFD039F8
BFD57746
BFDAB159
BFDFE84C
BFE51C3D
BFEA4D48
BFEF7B88
BFF4A719
BFF9D015
BFFEF696
C0020D5A
C0049E44
C0072E15
C009BCD7
C00C4A95
C00ED75A
C0116330
C013EE20
C0167834
C0190173
C01B89E7
C01E1198
C020988D
C0231ECE
C025A461
C028294F
C02AAD9D
C02D3152
C02FB473
C0323707
C034B912
C0373A9B
C039BBA7
C03C3C3A
C03EBC59
C0413C09
C043BB4D
C0463A2B
C048B8A5
C04B36C1
C04DB481
C05031EA
C052AEFE
C0552BC0
C057A835
C05A245F
C05CA040
C05F1BDC
C0619736
C064124F
C0668D2A
C06907CB
C06B8232
C06DFC62
C070765D
C072F026
C07569BE
C077E327
C07A5C63
C07CD573
C07F4E5A
C080E38C
C0821FD8
C0835C12
C0849839
C085D44F
C0871055
C0884C4B
C0898831
C08AC409
C08BFFD3
C08D3B8F
C08E773E
C08FB2E0
C090EE76
C0922A01
C0936580
C094A0F4
C095DC5E
C09717BE
C0985315
C0998E62
C09AC9A6
C09C04E2
C09D4015
C09E7B41
C09FB664
C0A0F181
C0A22C96
C0A367A5
C0A4A2AD
C0A5DDAF
C0A718AA
C0A853A0
C0A98E91
C0AAC97C
C0AC0461
C0AD3F42
C0AE7A1E
C0AFB4F5
C0B0EFC8
C0B22A96
C0B36561
C0B4A027
3F45A74B
3F458B49
3F456E10
3F454F91
3F452FBD
3F450E84
3F44EBD7
3F44C7A4
3F44A1D9
3F447A64
3F445131
3F44262A
3F43F93B
3F43CA4D
3F439948
3F436612
3F433092
3F42F8AC
3F42BE42
3F428137
3F42416B
3F41FEBC
3F41B906
3F417025
3F4123F2
3F40D444
3F4080EF
3F4029C8
3F3FCE9E
3F3F6F3E
3F3F0B76
3F3EA30D
3F3E35C9
3F3DC36D
3F3D4BB8
3F3CCE67
3F3C4B32
3F3BC1CF
3F3B31ED
3F3A9B3A
3F39FD5E
3F3957FC
3F38AAB3
3F37F51C
3F3736CB
3F366F4E
3F359E2D
3F34C2E9
3F33DCFD
3F32EBDD
3F31EEF4
3F30E5A6
3F2FCF50
3F2EAB44
3F2D78CB
3F2C3726
3F2AE58A
3F298324
3F280F13
3F26886D
3F24EE39
3F233F76
3F217B11
3F1F9FEF
3F1DACE2
3F1BA0B3
3F197A19
3F1737BE
3F14D83D
3F125A23
3F0FBBED
3F0CFC0B
3F0A18DD
3F0710B7
3F03E1E1
3F008A95
3EFA1208
3EF2B6AD
3EEAFF5B
3EE2E84C
3EDA6DB7
3ED18BD7
3EC83EF0
3EBE835B
3EB4558D
3EA9B222
3E9E95E8
3E92FDEC
3E86E786
3E74A0D3
3E5A6D5A
3E3F31BD
3E22EC1C
3E059BB4
3DCE81F7
3D8FBB64
3D1DD3D3
3BC168F7
BCE2CB1F
BD7EC6C3
BDC7E9BD
BE0918D9
BE2F1252
BE55D4DE
BE7D531D
BE92BF74
BEA724BF
BEBBD1E0
BED0BF2D
BEE5E507
BEFB3BE8
BF085E42
BF132FEE
BF1E0FA9
BF28FA59
BF33ED23
BF3EE56D
BF49E0E0
BF54DD67
BF5FD932
BF6AD2AE
BF75C887
BF805CD0
BF85D288
BF8B450F
BF90B41C
BF961F7B
BF9B8703
BFA0EA9F
BFA64A41
BFABA5E5
BFB0FD91
BFB65151
BFBBA134
BFC0ED4F
BFC635B9
BFCB7A8D
BFD0BBE4
BFD5F9DC
BFDB3492
BFE06C21
BFE5A0A8
BFEAD242
BFF0010B
BFF52D20
BFFA569A
BFFF7D93
C0025113
C004E235
C007723A
C00A0130
C00C8F1F
C00F1C14
C011A817
C0143332
C016BD6F
C01946D7
C01BCF71
C01E5747
C020DE5F
C02364C2
C025EA76
C0286F83
C02AF3EF
C02D77C1
C02FFAFE
C0327DAC
C034FFD2
C0378174
C03A0297
C03C8341
C03F0375
C041833A
C0440293
C0468184
C0490011
C04B7E3F
C04DFC10
C0507989
C052F6AD
C055737F
C057F003
C05A6C3A
C05CE829
C05F63D3
C061DF39
C0645A5E
C066D545
C0694FF0
C06BCA62
C06E449D
C070BEA2
C0733875
C075B216
C0782B88
C07AA4CC
C07D1DE5
C07F96D3
C08107CD
C082441C
C0838059
C084BC84
C085F89D
C08734A6
C088709F
C089AC89
C08AE863
C08C242F
C08D5FEE
C08E9B9F
C08FD744
C09112DC
C0924E69
C09389EA
C094C561
C09600CD
C0973C2F
C0987787
C099B2D6
C09AEE1C
C09C2959
C09D648E
C09E9FBB
C09FDAE0
C0A115FE
C0A25115
C0A38C25
C0A4C72E
C0A60231
C0A73D2E
C0A87825
C0A9B316
C0AAEE02
C0AC28E9
C0AD63CB
C0AE9EA7
C0AFD97F
C0B11453
C0B24F22
C0B389EE
C0B4C4B5
3F4564EA
3F4548CA
3F452B71
3F450CD0
3F44ECDA
3F44CB7E
3F44A8AD
3F448454
3F445E63
3F4436C6
3F440D69
3F43E238
3F43B51D
3F438602
3F4354CE
3F432168
3F42EBB6
3F42B39C
3F4278FE
3F423BBC
3F41FBB7
3F41B8CE
3F4172DC
3F4129BD
3F40DD4A
3F408D5A
3F4039C1
3F3FE254
3F3F86E1
3F3F2736
3F3EC320
3F3E5A67
3F3DECD1
3F3D7A1F
3F3D0213
3F3C8467
3F3C00D4
3F3B7710
3F3AE6CA
3F3A4FAF
3F39B167
3F390B96
3F385DDA
3F37A7CD
3F36E901
3F362105
3F354F61
3F347395
3F338D1D
3F329B6B
3F319DEB
3F309401
3F2F7D09
3F2E5855
3F2D252E
3F2BE2D5
3F2A907F
3F292D57
3F27B87D
3F263106
3F2495FA
3F22E656
3F212108
3F1F44F3
3F1D50EB
3F1B43B7
3F191C0D
3F16D898
3F1477F2
3F11F8A7
3F0F5934
3F0C9807
3F09B383
3F06A9F8
3F0379AF
3F0020E1
3EF93B7D
3EF1DCDE
3EEA2227
3EE20790
3ED98950
3ED0A39E
3EC752C0
3EBD930C
3EB360F6
3EA8B919
3E9D9842
3E91FB7E
3E85E025
3E7287CE
3E5849BA
3E3D0328
3E20B237
3E035628
3DC9DEE1
3D8AFFA9
3D1429CA
3B64F4DB
BCF6F098
BD8487BC
BDCD298E
BE0BC6B2
BE31CE49
BE589F18
BE8015DC
BE9432FA
BEA89F82
BEBD53DE
BED24861
BEE77564
BEFCD35F
BF092D80
BF1402A2
BF1EE5C3
BF29D3C9
BF34C9D6
BF3FC550
BF4AC3DC
BF55C368
BF60C220
BF6BBE71
BF76B708
BF80D563
BF864C62
BF8BC024
BF913060
BF969CE2
BF9C0583
BFA16A2B
BFA6CACF
BFAC276B
BFB18005
BFB6D4A8
BFBC2565
BFC17252
BFC6BB85
BFCC0118
BFD14328
BFD681D1
BFDBBD2F
BFE0F561
BFE62A83
BFEB5CB1
BFF08C0A
BFF5B8A7
BFFAE2A4
C000050E
C0029794
C00528EF
C007B92C
C00A4857
C00CD67A
C00F639F
C011EFD1
C0147B1A
C0170582
C0198F13
C01C17D5
C01E9FD1
C021270E
C023AD95
C026336B
C028B899
C02B3D24
C02DC114
C030446D
C032C738
C0354978
C037CB33
C03A4C6F
C03CCD30
C03F4D7C
C041CD56
C0444CC4
C046CBC9
C0494A6A
C04BC8AA
C04E468E
C050C418
C053414C
C055BE2E
C0583AC1
C05AB708
C05D3305
C05FAEBC
C0622A2F
C064A560
C0672054
C0699B0B
C06C1588
C06E8FCD
C07109DD
C07383B9
C075FD64
C07876DF
C07AF02C
C07D694E
C07FE244
C0812D89
C08269DC
C083A61D
C084E24B
C0861E68
C0875A74
C0889670
C089D25D
C08B0E3A
C08C4A09
C08D85CA
C08EC17E
C08FFD25
C09138C0
C092744F
C093AFD3
C094EB4B
C09626B9
C097621D
C0989D77
C099D8C8
C09B1410
C09C4F4F
C09D8A85
C09EC5B4
C0A000DB
C0A13BFA
C0A27712
C0A3B223
C0A4ED2E
C0A62832
C0A76330
C0A89E28
C0A9D91B
C0AB1408
C0AC4EEF
C0AD89D2
C0AEC4B0
C0AFFF89
C0B13A5D
C0B2752D
C0B3AFF9
C0B4EAC1
3F451F84
3F450344
3F44E5C9
3F44C707
3F44A6EE
3F44856E
3F446277
3F443DF8
3F4417DE
3F43F018
3F43C691
3F439B34
3F436DEC
3F433EA2
3F430D3E
3F42D9A6
3F42A3C1
3F426B73
3F42309E
3F41F324
3F41B2E5
3F416FBF
3F412990
3F40E031
3F40937C
3F404347
3F3FEF69
3F3F97B2
3F3F3BF4
3F3EDBFC
3F3E7797
3F3E0E8B
3F3DA09F
3F3D2D95
3F3CB52E
3F3C3724
3F3BB330
3F3B2907
3F3A9859
3F3A00D3
3F39621C
3F38BBD9
3F380DA6
3F37571E
3F3697D3
3F35CF54
3F34FD27
3F3420CF
3F3339C4
3F32477B
3F31495F
3F303ED4
3F2F2734
3F2E01D2
3F2CCDF7
3F2B8AE3
3F2A37CB
3F28D3DA
3F275E30
3F25D5E0
3F2439F4
3F228966
3F20C327
3F1EE616
3F1CF109
3F1AE2C5
3F18BA02
3F167568
3F141391
3F119309
3F0EF24C
3F0C2FCA
3F0949E0
3F063EE4
3F030D18
3EFF6572
3EF85BEB
3EF0F9E8
3EE93BA9
3EE11D67
3ED89B56
3ECFB1AC
3EC65CAE
3EBC98B1
3EB26227
3EA7B5AB
3E9C9009
3E90EE4C
3E84CDCC
3E705871
3E560F55
3E3ABD5C
3E1E60A8
3E00F879
3DC50A8D
3D8611AF
3D0A1938
3A811B3B
BD05F5D2
BD89E294
BDD2A0FA
BE0E90EA
BE34A733
BE5B86DB
BE819138
BE95B5DA
BEAA29EB
BEBEE5CE
BED3E1D2
BEE9164B
BEFE7BA9
BF0A054C
BF14DE08
BF1FC4B3
BF2AB632
BF35AFA5
BF40AE6F
BF4BB037
BF56B2E6
BF61B4A9
BF6CB3EE
BF77AF5F
BF8152EF
BF86CB42
BF8C404C
BF91B1C4
BF971F74
BF9C8939
BFA1EEF9
BFA750A9
BFACAE47
BFB207D8
BFB75D68
BFBCAF09
BFC1FCCF
BFC746D2
BFCC8D2E
BFD1CFFD
BFD70F5E
BFDC4B6C
BFE18446
BFE6BA0A
BFEBECD3
BFF11CC0
BFF649EC
BFFB7472
C0004E36
C002E0FA
C0057292
C0080309
C00A926B
C00D20C3
C00FAE1B
C0123A7E
C014C5F6
C017508B
C019DA47
C01C6333
C01EEB57
C02172BA
C023F965
C0267F5F
C02904AE
C02B895A
C02E0D69
C03090E1
C03313C8
C0359624
C03817FA
C03A994F
C03D1A29
C03F9A8C
C0421A7E
C0449A01
C047191B
C04997D0
C04C1624
C04E941A
C05111B6
C0538EFC
C0560BEE
C0588891
C05B04E7
C05D80F3
C05FFCB7
C0627838
C064F377
C0676E77
C069E93A
C06C63C3
C06EDE13
C071582E
C073D214
C0764BC9
C078C54E
C07B3EA4
C07DB7CE
C0801867
C08154D2
C0829129
C083CD6D
C085099F
C08645C0
C08781CF
C088BDCE
C089F9BE
C08B359E
C08C7170
C08DAD34
C08EE8EB
C0902495
C0916032
C0929BC3
C093D749
C09512C4
C0964E34
C097899A
C098C4F6
C09A0049
C09B3B92
C09C76D3
C09DB20B
C09EED3B
C0A02863
C0A16384
C0A29E9E
C0A3D9B0
C0A514BC
C0A64FC2
C0A78AC1
C0A8C5BB
C0AA00AE
C0AB3B9C
C0AC7685
C0ADB169
C0AEEC47
C0B02721
C0B161F7
C0B29CC8
C0B3D795
C0B5125D
3F44D6F3
3F44BA92
3F449CF6
3F447E11
3F445DD3
3F443C2E
3F441911
3F43F46A
3F43CE28
3F43A637
3F437C84
3F4350FB
3F432384
3F42F40A
3F42C274
3F428EA9
3F42588F
3F42200A
3F41E4FD
3F41A749
3F4166CE
3F41236B
3F40DCFB
3F40935B
3F404661
3F3FF5E7
3F3FA1BF
3F3F49BE
3F3EEDB2
3F3E8D6B
3F3E28B2
3F3DBF51
3F3D510D
3F3CDDA8
3F3C64E2
3F3BE677
3F3B621F
3F3AD78E
3F3A4674
3F39AE7F
3F390F56
3F38689B
3F37B9EE
3F3702E7
3F364318
3F357A11
3F34A757
3F33CA6D
3F32E2CC
3F31EFE7
3F30F129
3F2FE5F5
3F2ECDA7
3F2DA791
3F2C72FB
3F2B2F25
3F29DB44
3F287683
3F270000
3F2576D0
3F23D9FB
3F22287C
3F206141
3F1E832B
3F1C8D0F
3F1A7DB1
3F1853C9
3F160DFF
3F13AAEB
3F11291A
3F0E8708
3F0BC321
3F08DBC6
3F05CF48
3F029BEC
3EFE7FD7
3EF772EC
3EF00D63
3EE84B79
3EE02967
3ED7A35D
3ECEB594
3EC55C4C
3EBB93DA
3EB158AF
3EA6A765
3E9B7CC6
3E8FD5DD
3E83B001
3E6E11C4
3E53BD2D
3E385F58
3E1BF667
3DFD0335
3DC002D9
3D80EF4B
3CFF3B60
BAD55810
BD10E2BB
BD8F7643
BDD85266
BE1178BA
BE379E4E
BE5E8D6A
BE831C48
BE9748BE
BEABC4A6
BEC08860
BED58C34
BEEAC870
BF001AC0
BF0AE606
BF15C281
BF20ACDB
BF2BA1F7
BF369EF4
BF41A131
BF4CA656
BF57AC49
BF62B138
BF6DB38F
BF78B1F9
BF81D5AB
BF874F60
BF8CC5BF
BF92387F
BF97A76B
BF9D125F
BFA27942
BFA7DC0A
BFAD3AB4
BFB29546
BFB7EBCD
BFBD3E5A
BFC28D02
BFC7D7DF
BFCD1F0B
BFD262A1
BFD7A2C1
BFDCDF86
BFE21910
BFE74F7B
BFEC82E6
BFF1B36D
BFF6E12D
BFFC0C40
C0009A61
C0032D67
C005BF3D
C0084FF0
C00ADF8C
C00D6E1B
C00FFBA8
C012883E
C01513E6
C0179EAA
C01A2894
C01CB1AB
C01F39F8
C021C183
C0244854
C026CE73
C02953E5
C02BD8B3
C02E5CE2
C030E079
C033637F
C035E5F7
C03867E9
C03AE959
C03D6A4C
C03FEAC8
C0426AD1
C044EA6B
C047699B
C049E865
C04C66CD
C04EE4D6
C0516285
C053DFDC
C0565CE0
C058D993
C05B55F9
C05DD214
C0604DE8
C062C976
C06544C3
C067BFD0
C06A3AA0
C06CB534
C06F2F91
C071A9B6
C07423A8
C0769D67
C07916F5
C07B9055
C07E0988
C0804148
C0817DB8
C082BA13
C083F65B
C0853291
C0866EB5
C087AAC8
C088E6CB
C08A22BD
C08B5EA1
C08C9A76
C08DD63D
C08F11F6
C0904DA2
C0918942
C092C4D6
C094005E
C0953BDB
C096774E
C097B2B6
C098EE14
C09A2968
C09B64B4
C09C9FF6
C09DDB30
C09F1662
C0A0518C
C0A18CAE
C0A2C7CA
C0A402DE
C0A53DEB
C0A678F2
C0A7B3F2
C0A8EEED
C0AA29E2
C0AB64D1
C0AC9FBB
C0ADDA9F
C0AF157F
C0B0505A
C0B18B30
C0B2C602
C0B400D0
C0B53B9A
3F448B11
3F446E8E
3F4450D0
3F4431C6
3F441164
3F43EF98
3F43CC53
3F43A784
3F438117
3F4358FB
3F432F1C
3F430364
3F42D5BD
3F42A612
3F427449
3F424049
3F4209F9
3F41D13C
3F4195F5
3F415805
3F41174C
3F40D3A9
3F408CF7
3F404313
3F3FF5D3
3F3FA510
3F3F509D
3F3EF84E
3F3E9BF3
3F3E3B59
3F3DD64B
3F3D6C92
3F3CFDF2
3F3C8A30
3F3C1109
3F3B9239
3F3B0D78
3F3A827C
3F39F0F3
3F39588B
3F38B8EB
3F3811B6
3F376289
3F36AAFE
3F35EAA8
3F352113
3F344DC8
3F337046
3F328809
3F319481
3F30951B
3F2F893A
3F2E7038
3F2D4967
3F2C140F
3F2ACF70
3F297ABF
3F281525
3F269DC2
3F2513A9
3F2375E2
3F21C367
3F1FFB28
3F1E1C04
3F1C24CE
3F1A144C
3F17E933
3F15A22D
3F133DD1
3F10BAAA
3F0E1734
3F0B51DC
3F086900
3F055AF1
3F0225F5
3EFD9087
3EF68017
3EEF16E3
3EE7512A
3EDF2B20
3ED6A0F7
3ECDAEE4
3EC45126
3EBA8412
3EB04417
3EA58DCD
3E9A5DFE
3E8EB1B5
3E828646
3E6BB2C2
3E51523A
3E35E810
3E197263
3DF7E0EC
3DBAC58B
3D772C72
3CE96522
BB8E81D0
BD1C43D9
BD95453D
BDDE4055
BE147F69
BE3AB4E9
BE61B41A
BE84B7BB
BE98EC56
BEAD7068
BEC23C4B
BED74841
BEEC8C93
BF0100D3
BF0BD00E
BF16B070
BF219EA1
BF2C9781
BF37982B
BF429E01
BF4DA6A5
BF58B000
BF63B83C
BF6EBDC6
BF79BF46
BF825DD0
BF87D8F6
BF8D50B7
BF92C4CD
BF983502
BF9DA131
BFA30944
BFA86D2E
BFADCCEF
BFB3288D
BFB88014
BFBDD397
BFC3232B
BFC86EEA
BFCDB6EE
BFD2FB54
BFD83C3A
BFDD79BE
BFE2B3FE
BFE7EB18
BFED1F2A
BFF25052
BFF77EAC
BFFCAA53
C000E9B1
C0037CFB
C0060F12
C008A004
C00B2FDB
C00DBEA3
C0104C68
C012D933
C015650E
C017F002
C01A7A1A
C01D035E
C01F8BD7
C022138B
C0249A84
C02720C8
C029A660
C02C2B51
C02EAFA2
C0313359
C033B67E
C0363914
C038BB23
C03B3CAE
C03DBDBC
C0403E52
C042BE73
C0453E25
C047BD6B
C04A3C4B
C04CBAC8
C04F38E5
C051B6A7
C0543411
C056B127
C0592DEB
C05BAA61
C05E268D
C060A26F
C0631E0D
C0659968
C0681482
C06A8F5F
C06D0A00
C06F8468
C071FE9A
C0747896
C076F260
C0796BF9
C07BE563
C07E5EA0
C0806BD8
C081A84C
C082E4AC
C08420F8
C0855D32
C086995A
C087D570
C0891176
C08A4D6C
C08B8953
C08CC52B
C08E00F5
C08F3CB2
C0907861
C091B403
C092EF9A
C0942B24
C09566A4
C096A218
C097DD83
C09918E3
C09A5439
C09B8F87
C09CCACB
C09E0607
C09F413A
C0A07C66
C0A1B78A
C0A2F2A7
C0A42DBC
C0A568CB
C0A6A3D3
C0A7DED5
C0A919D1
C0AA54C7
C0AB8FB7
C0ACCAA2
C0AE0588
C0AF4069
C0B07B45
C0B1B61C
C0B2F0EF
C0B42BBE
C0B56688
3F443BB6
3F441F11
3F44012E
3F43E200
3F43C177
3F439F84
3F437C17
3F43571D
3F433085
3F43083D
3F42DE2F
3F42B247
3F42846F
3F425491
3F422293
3F41EE5E
3F41B7D5
3F417EDE
3F41435B
3F41052E
3F40C435
3F408050
3F40395B
3F3FEF30
3F3FA1A8
3F3F5099
3F3EFBDA
3F3EA33B
3F3E468D
3F3DE59D
3F3D8037
3F3D1623
3F3CA725
3F3C3301
3F3BB976
3F3B3A3E
3F3AB512
3F3A29A6
3F3997AB
3F38FECC
3F385EB1
3F37B6FC
3F37074C
3F364F39
3F358E55
3F34C42F
3F33F04C
3F33122E
3F32294E
3F31351F
3F30350B
3F2F2875
3F2E0EB8
3F2CE725
3F2BB105
3F2A6B95
3F29160C
3F27AF92
3F263746
3F24AC3B
3F230D79
3F2159FA
3F1F90AC
3F1DB06E
3F1BB814
3F19A662
3F177A0E
3F1531BF
3F12CC0E
3F104785
3F0DA29D
3F0ADBC5
3F07F159
3F04E1AB
3F01AAFE
3EFC9715
3EF582FB
3EEE15F8
3EE64C49
3EDE221F
3ED593AD
3ECC9D24
3EC33AC3
3EB968DD
3EAF23E1
3EA46864
3E993331
3E8D814F
3E815014
3E693A5C
3E4ECD69
3E335668
3E16D37C
3DF287CE
3DB55050
3D6C0830
3CD2A605
BBEB6417
BD281E35
BD9B5214
BDE46D66
BE17A64E
BE3DEC60
BE64FC50
BE866446
BE9AA15C
BEAF2DEE
BEC40250
BED916BE
BEEE637A
BF01F072
BF0CC3CD
BF17A83F
BF229A6F
BF2D9739
BF389BBA
BF43A54D
BF4EB197
BF59BE7C
BF64CA28
BF6FD305
BF7AD7BE
BF82EB9A
BF88683F
BF8DE172
BF9356EB
BF98C876
BF9E35EE
BFA39F3C
BFA90456
BFAE6539
BFB3C1ED
BFB91A7F
BFBE6F02
BFC3BF8B
BFC90C35
BFCE551A
BFD39A58
BFD8DC0C
BFDE1A56
BFE35554
BFE88D24
BFEDC1E5
BFF2F3B4
BFF822AD
BFFD4EEE
C0013C49
C003CFD9
C0066234
C008F366
C00B837C
C00E1280
C010A07D
C0132D7F
C015B98F
C01844B6
C01ACEFF
C01D5871
C01FE116
C02268F6
C024F018
C0277684
C029FC42
C02C8157
C02F05CB
C03189A5
C0340CE9
C0368F9F
C03911CB
C03B9374
C03E149D
C040954D
C0431588
C0459552
C04814B0
C04A93A7
C04D1239
C04F906C
C0520E42
C0548BBF
C05708E7
C05985BE
C05C0245
C05E7E81
C060FA73
C0637620
C065F189
C0686CB2
C06AE79C
C06D624B
C06FDCBF
C07256FD
C074D105
C0774ADA
C079C47E
C07C3DF2
C07EB739
C080982A
C081D4A2
C0831106
C0844D57
C0858994
C086C5C0
C08801DB
C0893DE4
C08A79DE
C08BB5C8
C08CF1A3
C08E2D70
C08F6930
C090A4E2
C091E087
C0931C20
C09457AD
C095932F
C096CEA6
C0980A13
C0994575
C09A80CE
C09BBC1D
C09CF764
C09E32A1
C09F6DD7
C0A0A904
C0A1E42A
C0A31F48
C0A45A5F
C0A5956F
C0A6D079
C0A80B7C
C0A94679
C0AA8171
C0ABBC62
C0ACF74F
C0AE3236
C0AF6D17
C0B0A7F4
C0B1E2CD
C0B31DA1
C0B45870
C0B5933C
3F43E8B7
3F43CBEE
3F43ADE7
3F438E92
3F436DE3
3F434BC7
3F432830
3F43030B
3F42DC47
3F42B3D0
3F428993
3F425D7A
3F422F6F
3F41FF5C
3F41CD29
3F4198BB
3F4161F9
3F4128C6
3F40ED06
3F40AE99
3F406D5E
3F402935
3F3FE1FA
3F3F9786
3F3F49B4
3F3EF858
3F3EA348
3F3E4A57
3F3DED54
3F3D8C0C
3F3D264B
3F3CBBD8
3F3C4C7A
3F3BD7F1
3F3B5DFD
3F3ADE5A
3F3A58BF
3F39CCE0
3F393A6E
3F38A114
3F38007A
3F375841
3F36A809
3F35EF68
3F352DF3
3F346335
3F338EB6
3F32AFF6
3F31C66E
3F30D191
3F2FD0C9
3F2EC378
3F2DA8F9
3F2C809D
3F2B49AC
3F2A0365
3F28ACFB
3F274598
3F25CC5A
3F244055
3F22A08E
3F20EC01
3F1F219A
3F1D4038
3F1B46AF
3F1933C2
3F170626
3F14BC82
3F12556E
3F0FCF74
3F0D290D
3F0A60A5
3F07749A
3F04633C
3F012ACE
3EFB930C
3EF47B24
3EED0A2C
3EE53C5E
3EDD0DEB
3ED47B03
3ECB7FD7
3EC218A5
3EB841BC
3EADF78B
3EA336A6
3E97FBD6
3E8C4423
3E800CE0
3E66A776
3E4C2D97
3E30A93C
3E141886
3DECF577
3DAFA0B7
3D606CD9
3CBAF3EB
BC261314
BD347714
BDA19F77
BDEADC55
BE1AEECD
BE414620
BE686780
BE8822A7
BE9C6891
BEB0FDFD
BEC5DB37
BEDAF876
BEF04DF6
BF02EA08
BF0DC1AD
BF18AA5B
BF23A0B4
BF2EA193
BF39AA11
BF44B78A
BF4FC79F
BF5AD835
BF65E774
BF70F3C9
BF7BFBDC
BF837F47
BF88FD7C
BF8E782F
BF93EF1B
BF99620A
BF9ED0D7
BFA43B6E
BFA9A1C2
BFAF03D4
BFB461AA
BFB9BB52
BFBF10DF
BFC46267
BFC9B005
BFCEF9D5
BFD43FF3
BFD9827F
BFDEC197
BFE3FD5A
BFE935E7
BFEE6B5D
BFF39DDA
BFF8CD7A
BFFDFA5A
C001924B
C0042624
C006B8C6
C0094A3C
C00BDA92
C00E69D4
C010F80E
C0138548
C016118F
C0189CEB
C01B2766
C01DB109
C02039DD
C022C1E9
C0254936
C027CFCB
C02A55B0
C02CDAEC
C02F5F85
C031E381
C03466E7
C036E9BD
C0396C09
C03BEDCF
C03E6F15
C040EFE1
C0437036
C045F01A
C0486F91
C04AEE9E
C04D6D47
C04FEB90
C052697B
C054E70C
C0576448
C059E130
C05C5DCA
C05EDA16
C061561A
C063D1D6
C0664D4F
C068C886
C06B437E
C06DBE3A
C07038BC
C072B306
C0752D1A
C077A6FB
C07A20AA
C07C9A29
C07F137A
C080C64F
C08202CC
C0833F35
C0847B8A
C085B7CC
C086F3FC
C088301A
C0896C28
C08AA825
C08BE413
C08D1FF1
C08E5BC2
C08F9784
C090D339
C0920EE1
C0934A7D
C094860D
C095C191
C096FD0B
C098387A
C09973DE
C09AAF39
C09BEA8B
C09D25D3
C09E6113
C09F9C4A
C0A0D779
C0A212A1
C0A34DC1
C0A488D9
C0A5C3EB
C0A6FEF6
C0A839FB
C0A974FA
C0AAAFF2
C0ABEAE5
C0AD25D3
C0AE60BB
C0AF9B9E
C0B0D67C
C0B21155
C0B34C2A
C0B486FB
C0B5C1C7
3F4391E8
3F4374FA
3F4356CD
3F433752
3F43167A
3F42F435
3F42D073
3F42AB21
3F42842F
3F425B89
3F42311B
3F4204CF
3F41D690
3F41A647
3F4173DC
3F413F35
3F410837
3F40CEC7
3F4092C7
3F405418
3F40129A
3F3FCE2B
3F3F86A7
3F3F3BE9
3F3EEDC9
3F3E9C1E
3F3E46BC
3F3DED75
3F3D901A
3F3D2E77
3F3CC858
3F3C5D84
3F3BEDC1
3F3B78D0
3F3AFE71
3F3A7E5F
3F39F851
3F396BFB
3F38D90E
3F383F34
3F379E16
3F36F555
3F364490
3F358B5D
3F34C951
3F33FDF6
3F3328D5
3F32496D
3F315F37
3F3069A6
3F2F6822
3F2E5A10
3F2D3EC8
3F2C159C
3F2ADDD3
3F2996AB
3F283F59
3F26D704
3F255CCC
3F23CFC2
3F222EEE
3F207947
3F1EADBC
3F1CCB2C
3F1AD068
3F18BC33
3F168D42
3F14423D
3F11D9B9
3F0F523F
3F0CAA4A
3F09E044
3F06F289
3F03DF6A
3F00A528
3EFA83F4
3EF36818
3EEBF303
3EE420EC
3EDBEE05
3ED3567A
3ECA567C
3EC0EA46
3EB70E27
3EACBE8C
3EA1F808
3E96B762
3E8AF9A1
3E7D782F
3E63F8E8
3E497197
3E2DDF56
3E114048
3DE72767
3DA9B434
3D54553C
3CA2443A
BC58799E
BD4153F8
BDA83038
BDF19000
BE1E5A5E
BE44C3A8
BE6BF72E
BE89F3A4
BE9E42BF
BEB2E162
BEC7C7D3
BEDCEE41
BEF24CE0
BF03EE03
BF0ECA21
BF19B737
BF24B1E5
BF2FB704
BF3AC3AA
BF45D532
BF50E93A
BF5BFDA7
BF6710A1
BF722091
BF7D2C21
BF841919
BF8998ED
BF8F1532
BF948D9E
BF9A0200
BF9F7232
BFA4DE1E
BFAA45BA
BFAFA907
BFB5080A
BFBA62D4
BFBFB976
BFC50C08
BFCA5AA4
BFCFA567
BFD4EC6F
BFDA2FDA
BFDF6FC8
BFE4AC59
BFE9E5AB
BFEF1BDD
BFF44F0F
BFF97F5C
BFFEACE3
C001EBDF
C0048005
C00712EF
C009A4AB
C00C3545
C00EC4C8
C011533F
C013E0B5
C0166D35
C018F8C8
C01B8377
C01E0D4D
C0209651
C0231E8C
C025A605
C0282CC5
C02AB2D3
C02D3836
C02FBCF5
C0324116
C034C49F
C0374797
C039CA03
C03C4BE8
C03ECD4C
C0414E34
C043CEA5
C0464EA3
C048CE34
C04B4D5A
C04DCC1A
C0504A79
C052C87A
C0554620
C057C370
C05A406C
C05CBD18
C05F3976
C061B58B
C0643158
C066ACE0
C0692827
C06BA32E
C06E1DF8
C0709887
C07312DE
C0758CFF
C07806EB
C07A80A6
C07CFA30
C07F738C
C080F65D
C08232DF
C0836F4D
C084ABA6
C085E7ED
C0872421
C0886043
C0899C55
C08AD856
C08C1447
C08D5029
C08E8BFD
C08FC7C3
C091037B
C0923F26
C0937AC5
C094B657
C095F1DE
C0972D5B
C09868CC
C099A433
C09ADF90
C09C1AE4
C09D562E
C09E9170
C09FCCA9
C0A107DA
C0A24304
C0A37E25
C0A4B940
C0A5F453
C0A72F60
C0A86A66
C0A9A566
C0AAE060
C0AC1B54
C0AD5643
C0AE912C
C0AFCC11
C0B106F0
C0B241CA
C0B37CA0
C0B4B772
C0B5F23F
3F433719
3F431A06
3F42FBB2
3F42DC0F
3F42BB0E
3F42989E
3F4274B0
3F424F31
3F42280F
3F41FF38
3F41D497
3F41A818
3F4179A3
3F414923
3F41167E
3F40E19C
3F40AA61
3F4070B1
3F403470
3F3FF57D
3F3FB3B9
3F3F6F02
3F3F2734
3F3EDC28
3F3E8DB9
3F3E3BBB
3F3DE604
3F3D8C65
3F3D2EAF
3F3CCCAE
3F3C662D
3F3BFAF5
3F3B8ACA
3F3B156E
3F3A9AA0
3F3A1A1A
3F399395
3F3906C5
3F387358
3F37D8FB
3F373755
3F368E07
3F35DCAF
3F3522E6
3F34603C
3F339440
3F32BE77
3F31DE61
3F30F376
3F2FFD2A
3F2EFAE5
3F2DEC09
3F2CCFF1
3F2BA5ED
3F2A6D44
3F292534
3F27CCF0
3F2663A1
3F24E865
3F235A4D
3F21B860
3F200196
3F1E34DC
3F1C5111
3F1A5506
3F183F7D
3F160F2B
3F13C2B6
3F1158B3
3F0ECFAC
3F0C2618
3F095A63
3F066AE9
3F0355F7
3F0019CF
3EF96950
3EF24958
3EEACFFB
3EE2F971
3EDAC1E7
3ED2258B
3EC92089
3EBFAF1C
3EB5CD92
3EAB7855
3EA0ABF8
3E956540
3E89A133
3E7ABA46
3E612D78
3E46982A
3E2AF774
3E0E4979
3DE11B01
3DA3881E
3D47BBE9
3C888BDE
BC867E23
BD4EBAA5
BDAF0745
BDF88B69
BE21EA88
BE486686
BE6FACF2
BE8BD80C
BEA030BB
BEB4D8F7
BEC9C8FF
BEDEF8FD
BEF4611D
BF04FCD8
BF0FDD9D
BF1ACF4A
BF25CE7C
BF30D807
BF3BE902
BF46FEC4
BF5216E9
BF5D2F56
BF684631
BF7359E4
BF7E6916
BF84B954
BF8A3ADA
BF8FB8BF
BF9532BD
BF9AA8A0
BFA01A45
BFA58795
BFAAF087
BFB0551A
BFB5B558
BFBB114E
BFC06911
BFC5BCB7
BFCB0C5C
BFD0581D
BFD5A017
BFDAE46B
BFE02539
BFE5629F
BFEA9CBE
BFEFD3B4
BFF507A2
BFFA38A3
BFFF66D7
C002492C
C004DDA1
C00770D7
C00A02DC
C00C93BC
C00F2382
C011B23A
C0143FEE
C016CCA9
C0195875
C01BE35B
C01E6D65
C020F69B
C0237F06
C02606AE
C0288D9B
C02B13D4
C02D9960
C0301E46
C032A28D
C035263A
C037A955
C03A2BE2
C03CADE8
C03F2F6B
C041B071
C04430FF
C046B118
C04930C3
C04BB003
C04E2EDB
C050AD52
C0532B69
C055A925
C058268A
C05AA39A
C05D2059
C05F9CCA
C06218F0
C06494CE
C0671067
C0698BBE
C06C06D4
C06E81AD
C070FC4A
C07376AF
C075F0DC
C0786AD5
C07AE49C
C07D5E32
C07FD799
C0812869
C08264F0
C083A163
C084DDC1
C0861A0C
C0875645
C088926B
C089CE81
C08B0A86
C08C467B
C08D8261
C08EBE38
C08FFA01
C09135BC
C092716A
C093AD0C
C094E8A2
C096242C
C0975FAA
C0989B1E
C099D688
C09B11E7
C09C4D3D
C09D888A
C09EC3CE
C09FFF09
C0A13A3C
C0A27567
C0A3B08B
C0A4EBA7
C0A626BC
C0A761CA
C0A89CD2
C0A9D7D4
C0AB12CF
C0AC4DC5
C0AD88B5
C0AEC39F
C0AFFE85
C0B13965
C0B27441
C0B3AF18
C0B4E9EB
C0B624B9
3F42D81B
3F42BAE1
3F429C66
3F427C99
3F425B6D
3F4238D2
3F4214B6
3F41EF08
3F41C7B6
3F419EAD
3F4173D8
3F414723
3F411877
3F40E7BD
3F40B4DD
3F407FBE
3F404843
3F400E53
3F3FD1CE
3F3F9295
3F3F508A
3F3F0B88
3F3EC36C
3F3E7811
3F3E294F
3F3DD6FD
3F3D80EE
3F3D26F4
3F3CC8E0
3F3C667E
3F3BFF99
3F3B93F9
3F3B2362
3F3AAD97
3F3A3256
3F39B15A
3F392A5A
3F389D0A
3F38091A
3F376E34
3F36CC01
3F362221
3F357032
3F34B5CC
3F33F281
3F3325DC
3F324F65
3F316E9B
3F3082F5
3F2F8BE7
3F2E88D9
3F2D792E
3F2C5C3E
3F2B3159
3F29F7C8
3F28AEC6
3F275588
3F25EB35
3F246EEB
3F22DFBB
3F213CAB
3F1F84B3
3F1DB6BF
3F1BD1AD
3F19D44E
3F17BD64
3F158BA3
3F133DB0
3F10D220
3F0E477B
3F0B9C3A
3F08CEC5
3F05DD79
3F02C6A2
3EFF1103
3EF8429A
3EF11E5C
3EE9A08C
3EE1C561
3ED98907
3ED0E7A7
3EC7DD6F
3EBE6696
3EB47F69
3EAA2451
3E9F51DF
3E9404D6
3E883A3C
3E77DEC2
3E5E43E3
3E43A007
3E27F045
3E0B32C1
3DDACD88
3D9D19A9
3D3A9B30
3C5B7E7A
BCA1D95A
BD5CB124
BDB627B3
BDFFD1B1
BE25A0E5
BE4C305C
BE738A77
BE8DD0BA
BEA23361
BEB6E59C
BECBDFA2
BEE11995
BEF68B9C
BF0616FF
BF10FC9E
BF1BF313
BF26F6F8
BF32051F
BF3D1A9C
BF4834C5
BF535134
BF5E6DCB
BF6988B1
BF74A04D
BF7FB348
BF856041
BF8AE389
BF906321
BF95DEC1
BF9B5636
BFA0C95C
BFA6381E
BFABA274
BFB1085C
BFB669E1
BFBBC710
BFC11FFE
BFC674C4
BFCBC57D
BFD11246
BFD65B3D
BFDBA083
BFE0E239
BFE6207D
BFEB5B71
BFF09334
BFF5C7E5
BFFAF9A2
C0001444
C002AA5B
C0053F22
C007D2A8
C00A64F9
C00CF622
C00F862E
C0121528
C014A31D
C0173015
C019BC1C
C01C473B
C01ED17C
C0215AE6
C023E383
C0266B5C
C028F277
C02B78DC
C02DFE93
C03083A2
C0330810
C0358BE4
C0380F23
C03A91D3
C03D13FA
C03F959E
C04216C2
C044976E
C04717A4
C049976A
C04C16C4
C04E95B7
C0511445
C0539274
C0561047
C0588DC1
C05B0AE6
C05D87B9
C060043D
C0628076
C064FC66
C0677810
C069F377
C06C6E9D
C06EE985
C0716431
C073DEA4
C07658DF
C078D2E5
C07B4CB8
C07DC65A
C0801FE6
C0815C89
C0829915
C083D58D
C08511F0
C0864E40
C0878A7D
C088C6A8
C08A02C2
C08B3ECB
C08C7AC4
C08DB6AD
C08EF288
C0902E55
C0916A13
C092A5C5
C093E16A
C0951D02
C096588F
C0979411
C098CF87
C09A0AF3
C09B4655
C09C81AE
C09DBCFD
C09EF843
C0A03380
C0A16EB5
C0A2A9E2
C0A3E508
C0A52026
C0A65B3C
C0A7964C
C0A8D156
C0AA0C59
C0AB4756
C0AC824D
C0ADBD3E
C0AEF82A
C0B03311
C0B16DF3
C0B2A8D0
C0B3E3A8
C0B51E7C
C0B6594B
3F4274BA
3F425758
3F4238B4
3F4218BD
3F41F765
3F41D49C
3F41B051
3F418A73
3F4162EF
3F4139B2
3F410EA8
3F40E1BC
3F40B2D7
3F4081E2
3F404EC5
3F401967
3F3FE1AB
3F3FA777
3F3F6AAD
3F3F2B2D
3F3EE8D6
3F3EA388
3F3E5B1D
3F3E0F70
3F3DC059
3F3D6DAF
3F3D1745
3F3CBCED
3F3C5E78
3F3BFBB2
3F3B9465
3F3B285A
3F3AB754
3F3A4116
3F39C55E
3F3943E7
3F38BC68
3F382E95
3F379A1C
3F36FEAA
3F365BE4
3F35B16D
3F34FEE2
3F3443D9
3F337FE6
3F32B294
3F31DB68
3F30F9E3
3F300D7C
3F2F15A5
3F2E11C7
3F2D0144
3F2BE374
3F2AB7A7
3F297D24
3F283329
3F26D8E7
3F256D87
3F23F025
3F225FD2
3F20BB93
3F1F0261
3F1D3327
3F1B4CC2
3F194E03
3F1735AA
3F15026B
3F12B2EB
3F1045BF
3F0DB96D
3F0B0C6C
3F083D27
3F0549F6
3F023127
3EFDE1F5
3EF70F47
3EEFE698
3EE8642A
3EE0842F
3ED842D2
3ECF9C3C
3EC68C98
3EBD101C
3EB32312
3EA8C1E3
3E9DE91C
3E929582
3E86C416
3E74E455
3E5B3AD4
3E4087D1
3E24C867
3E07FAB8
3DD43C20
3D9665EC
3D2CED1F
3C23A468
BCBE5AD3
BD6B3DC4
BDBD94BA
BE03B311
BE297F22
BE5022E1
BE77917B
BE8FDE90
BEA44B9A
BEB9083D
BECE0CAB
BEE350FE
BEF8CD55
BF073CF8
BF1227A4
BF1D2314
BF282BDE
BF333ED3
BF3E5902
BF4977C0
BF5498A6
BF5FB995
BF6AD8B0
BF75F460
BF8085A6
BF860E2A
BF8B9348
BF9114A3
BF9691F7
BF9C0B0E
BFA17FC6
BFA6F00A
BFAC5BD1
BFB1C31C
BFB725F5
BFBC846A
BFC1DE91
BFC73483
BFCC865A
BFD1D435
BFD71E34
BFDC6476
BFE1A71D
BFE6E649
BFEC221A
BFF15AB1
BFF6902D
BFFBC2AE
C0007928
C0030F98
C005A4B5
C008388D
C00ACB2D
C00D5CA2
C00FECF6
C0127C36
C0150A6D
C01797A6
C01A23EB
C01CAF45
C01F39BE
C021C35F
C0244C30
C026D43B
C0295B86
C02BE21A
C02E67FD
C030ED37
C03371CE
C035F5C9
C038792D
C03AFC02
C03D7E4C
C0400011
C0428156
C0450220
C0478274
C04A0257
C04C81CD
C04F00D9
C0517F81
C053FDC8
C0567BB3
C058F943
C05B767E
C05DF366
C0606FFE
C062EC4A
C065684D
C067E408
C06A5F80
C06CDAB7
C06F55AF
C071D06A
C0744AEB
C076C535
C0793F48
C07BB928
C07E32D7
C080562B
C08192D3
C082CF65
C0840BE2
C085484A
C086849F
C087C0E1
C088FD11
C08A392F
C08B753C
C08CB139
C08DED27
C08F2905
C09064D5
C091A098
C092DC4D
C09417F5
C0955390
C0968F20
C097CAA4
C099061E
C09A418D
C09B7CF1
C09CB84C
C09DF39D
C09F2EE6
C0A06A25
C0A1A55C
C0A2E08C
C0A41BB3
C0A556D3
C0A691EB
C0A7CCFD
C0A90808
C0AA430D
C0AB7E0B
C0ACB904
C0ADF3F7
C0AF2EE4
C0B069CC
C0B1A4AF
C0B2DF8D
C0B41A67
C0B5553C
C0B6900C
3F420CBF
3F41EF35
3F41D066
3F41B044
3F418EBF
3F416BC7
3F41474C
3F41213C
3F40F985
3F40D013
3F40A4D2
3F4077AC
3F40488D
3F40175B
3F3FE400
3F3FAE60
3F3F7662
3F3F3BE8
3F3EFED6
3F3EBF0C
3F3E7C69
3F3E36CB
3F3DEE0E
3F3DA20D
3F3D529E
3F3CFF99
3F3CA8D1
3F3C4E19
3F3BEF40
3F3B8C12
3F3B245A
3F3AB7E0
3F3A4668
3F39CFB3
3F395380
3F38D18A
3F384987
3F37BB2B
3F372626
3F368A22
3F35E6C5
3F353BB2
3F348884
3F33CCD4
3F330832
3F323A2C
3F316246
3F307FFF
3F2F92CF
3F2E9A28
3F2D9573
3F2C840F
3F2B6557
3F2A389A
3F28FD1D
3F27B21E
3F2656CF
3F24EA57
3F236BD2
3F21DA51
3F2034D9
3F1E7A61
3F1CA9D4
3F1AC20F
3F18C1E2
3F16A80C
3F147342
3F122226
3F0FB34D
3F0D253C
3F0A766C
3F07A543
3F04B01B
3F019540
3EFCA5E5
3EF5CEC8
3EEEA17B
3EE71A3E
3EDF3542
3ED6EEB0
3ECE42AF
3EC52D67
3EBBAB0E
3EB1B7EC
3EA75065
3E9C7109
3E911699
3E853E17
3E71C9A2
3E5810E5
3E3D4E1F
3E217E69
3E049FE6
3DCD63C8
3D8F69D7
3D1EAB79
3BD2E040
BCDC0F84
BD7A6720
BDC551B8
BE07A615
BE2D86FF
BE543FDD
BE7BC3D0
BE92027D
BEA67A58
BEBB41D3
BED05118
BEE5A039
BEFB274E
BF086F47
BF135F37
BF1E5FD7
BF296DBB
BF3485B0
BF3FA4C4
BF4AC849
BF55EDD6
BF611349
BF6C36C7
BF7756B6
BF8138DE
BF86C35D
BF8C4A64
BF91CD97
BF974CAF
BF9CC77A
BFA23DD4
BFA7AFAA
BFAD1CF3
BFB285AF
BFB7E9EA
BFBD49B3
BFC2A51F
BFC7FC48
BFCD4F4A
BFD29E43
BFD7E953
BFDD309C
BFE2743E
BFE7B45A
BFECF112
BFF22A86
BFF760D6
BFFC9421
C000E243
C0037910
C0060E87
C008A2B5
C00B35A7
C00DC769
C0105809
C012E792
C015760F
C018038A
C01A900F
C01D1BA6
C01FA65A
C0223034
C024B93C
C027417A
C029C8F8
C02C4FBB
C02ED5CD
C0315B33
C033DFF4
C0366418
C038E7A4
C03B6A9F
C03DED0D
C0406EF5
C042F05B
C0457146
C047F1B9
C04A71B9
C04CF14B
C04F7073
C051EF36
C0546D96
C056EB99
C0596941
C05BE692
C05E638F
C060E03D
C0635C9D
C065D8B2
C0685481
C06AD00A
C06D4B52
C06FC65A
C0724126
C074BBB6
C077360E
C079B030
C07C2A1D
C07EA3D9
C0808EB2
C081CB60
C08307F8
C084447B
C08580E8
C086BD42
C087F989
C08935BE
C08A71E0
C08BADF2
C08CE9F3
C08E25E5
C08F61C7
C0909D9B
C091D961
C0931519
C09450C5
C0958C64
C096C7F7
C098037E
C0993EFA
C09A7A6C
C09BB5D3
C09CF131
C09E2C84
C09F67CF
C0A0A311
C0A1DE4A
C0A3197C
C0A454A5
C0A58FC7
C0A6CAE1
C0A805F5
C0A94102
C0AA7C08
C0ABB708
C0ACF202
C0AE2CF7
C0AF67E5
C0B0A2CF
C0B1DDB3
C0B31893
C0B4536D
C0B58E43
C0B6C915
3F419FF1
3F41823E
3F416343
3F4142F4
3F412141
3F40FE1A
3F40D96D
3F40B32A
3F408B3E
3F406195
3F40361B
3F4008BC
3F3FD95F
3F3FA7EF
3F3F7453
3F3F3E71
3F3F062D
3F3ECB6C
3F3E8E10
3F3E4DF9
3F3E0B07
3F3DC518
3F3D7C06
3F3D2FAD
3F3CDFE4
3F3C8C82
3F3C3559
3F3BDA3D
3F3B7AFC
3F3B1763
3F3AAF3D
3F3A4250
3F39D061
3F395931
3F38DC80
3F385A06
3F37D17B
3F374293
3F36ACFB
3F361060
3F356C67
3F34C0B2
3F340CDC
3F33507E
3F328B29
3F31BC67
3F30E3C0
3F3000B0
3F2F12B1
3F2E1932
3F2D139D
3F2C0152
3F2AE1A9
3F29B3F1
3F287771
3F272B65
3F25CEFE
3F246164
3F22E1B2
3F214EF8
3F1FA83B
3F1DEC70
3F1C1A84
3F1A3151
3F182FA7
3F161447
3F13DDE1
3F118B19
3F0F1A82
3F0C8AA2
3F09D9EF
3F0706D0
3F040F9E
3F00F2A3
3EFB5C3C
3EF48083
3EED4E69
3EE5C22D
3EDDD7FD
3ED58C01
3ECCDA5D
3EC3BF39
3EBA36C6
3EB03D4C
3EA5CF2E
3E9AE8F8
3E8F876C
3E83A788
3E6E8D38
3E54C4A1
3E39F174
3E1E10C7
3E0120C1
3DC6415D
3D882239
3D0FCFBC
3B331C2F
BCFB04FA
BD851A11
BDCD6234
BE0BC3B3
BE31BA52
BE58892F
BE8011AF
BE943D7A
BEA8C098
BEBD9360
BED2ADF0
BEE80853
BEFD9A99
BF09AE79
BF14A3E4
BF1FA9EC
BF2ABD20
BF35DA4B
BF40FE79
BF4C26F7
BF57515D
BF627B86
BF6DA395
BF78C7F1
BF81F39F
BF87802E
BF8D0933
BF928E50
BF980F40
BF9D8BD0
BFA303DE
BFA87756
BFADE630
BFB3506D
BFB8B619
BFBE1743
BFC37402
BFC8CC6F
BFCE20A7
BFD370CA
BFD8BCF7
BFDE0551
BFE349F8
BFE88B0F
BFEDC8B7
BFF30311
BFF83A3D
BFFD6E5B
C0014FC5
C003E6F3
C0067CC7
C009114D
C00BA495
C00E36AA
C010C798
C013576C
C015E631
C01873F2
C01B00B9
C01D8C91
C0201782
C022A196
C0252AD7
C027B34C
C02A3AFD
C02CC1F2
C02F4834
C031CDC8
C03452B6
C036D704
C0395AB9
C03BDDDB
C03E606F
C040E27B
C0436404
C045E510
C04865A3
C04AE5C2
C04D6572
C04FE4B7
C0526395
C054E20F
C057602B
C059DDEC
C05C5B54
C05ED868
C061552B
C063D1A0
C0664DCA
C068C9AB
C06B4547
C06DC0A1
C0703BBA
C072B696
C0753136
C077AB9D
C07A25CE
C07C9FC9
C07F1992
C080C995
C082064A
C08342E8
C0847F70
C085BBE3
C086F842
C088348E
C08970C8
C08AACEF
C08BE906
C08D250B
C08E6101
C08F9CE8
C090D8C0
C0921489
C0935045
C0948BF4
C095C796
C097032D
C0983EB7
C0997A36
C09AB5AB
C09BF115
C09D2C75
C09E67CB
C09FA318
C0A0DE5D
C0A21998
C0A354CC
C0A48FF7
C0A5CB1B
C0A70637
C0A8414D
C0A97C5C
C0AAB764
C0ABF265
C0AD2D61
C0AE6857
C0AFA347
C0B0DE32
C0B21918
C0B353F9
C0B48ED5
C0B5C9AC
C0B7047F
3F412E17
3F411038
3F40F111
3F40D094
3F40AEB1
3F408B59
3F406679
3F404001
3F4017DE
3F3FEDFD
3F3FC249
3F3F94AD
3F3F6513
3F3F3362
3F3EFF83
3F3EC95C
3F3E90D1
3F3E55C6
3F3E181E
3F3DD7B8
3F3D9475
3F3D4E31
3F3D04C8
3F3CB815
3F3C67EF
3F3C142C
3F3BBC9F
3F3B611C
3F3B0170
3F3A9D68
3F3A34CF
3F39C76C
3F395502
3F38DD54
3F38601F
3F37DD1D
3F375406
3F36C48B
3F362E5D
3F359126
3F34EC8B
3F34402E
3F338BAB
3F32CE99
3F320889
3F313906
3F305F96
3F2F7BB7
3F2E8CE0
3F2D9281
3F2C8C04
3F2B78C8
3F2A5826
3F29296B
3F27EBDF
3F269EBB
3F254133
3F23D26B
3F225180
3F20BD81
3F1F1572
3F1D5848
3F1B84EF
3F199A41
3F17970C
3F157A11
3F1341FF
3F10ED7B
3F0E7B16
3F0BE954
3F0936AC
3F066183
3F036831
3F004901
3EFA045D
3EF323D9
3EEBECC2
3EE45B54
3EDC6BBB
3ED41A1E
3ECB629D
3EC2415F
3EB8B294
3EAEB281
3EA43D88
3E995032
3E8DE740
3E81FFAF
3E6B2D98
3E515482
3E367042
3E1A7DEE
3DFAF759
3DBED198
3D808BB9
3D005313
BA93954B
BD0DA4B3
BD8D5603
BDD5C9DF
BE100DCA
BE361B06
BE5D00CE
BE825913
BE96908B
BEAB1F66
BEBFFDF3
BED52447
BEEA8A65
BF00142A
BF0AFB1E
BF15F640
BF2101E9
BF2C1AA7
BF373D41
BF4266BE
BF4D946C
BF58C3DE
BF63F2EF
BF6F1FC1
BF7A48B8
BF82B63D
BF8844F3
BF8DD00A
BF935726
BF98DA02
BF9E586A
BFA3D23E
BFA94769
BFAEB7E5
BFB423B3
BFB98ADE
BFBEED78
BFC44B97
BFC9A556
BFCEFAD1
BFD44C2A
BFD99980
BFDEE2F5
BFE428AD
BFE96AC8
BFEEA96A
BFF3E4B3
BFF91CC4
BFFE51BE
C001C1DF
C0045972
C006EFA7
C009848A
C00C182B
C00EAA95
C0113BD5
C013CBF7
C0165B08
C018E911
C01B761D
C01E0237
C0208D68
C02317B9
C025A134
C02829E2
C02AB1C9
C02D38F2
C02FBF66
C032452A
C034CA46
C0374EC0
C039D2A0
C03C55EA
C03ED8A5
C0415AD7
C043DC85
C0465DB3
C048DE68
C04B5EA7
C04DDE76
C0505DD8
C052DCD2
C0555B69
C057D99F
C05A5778
C05CD4F9
C05F5225
C061CEFE
C0644B88
C066C7C7
C06943BC
C06BBF6C
C06E3AD8
C070B603
C07330F0
C075ABA0
C0782617
C07AA057
C07D1A61
C07F9438
C08106EF
C08243AA
C083804E
C084BCDC
C085F955
C08735BA
C088720C
C089AE4A
C08AEA77
C08C2692
C08D629C
C08E9E96
C08FDA81
C091165D
C092522A
C0938DEA
C094C99D
C0960543
C09740DC
C0987C6A
C099B7EC
C09AF364
C09C2ED0
C09D6A33
C09EA58C
C09FE0DC
C0A11C23
C0A25761
C0A39297
C0A4CDC4
C0A608EA
C0A74409
C0A87F20
C0A9BA31
C0AAF53B
C0AC303E
C0AD6B3B
C0AEA633
C0AFE125
C0B11C11
C0B256F8
C0B391DA
C0B4CCB8
C0B60790
C0B74264
3F40B6F0
3F4098E5
3F407990
3F4058E4
3F4036D0
3F401344
3F3FEE31
3F3FC782
3F3F9F28
3F3F750C
3F3F491C
3F3F1B42
3F3EEB68
3F3EB975
3F3E8551
3F3E4EE3
3F3E160E
3F3DDAB8
3F3D9CC0
3F3D5C0A
3F3D1872
3F3CD1D7
3F3C8814
3F3C3B04
3F3BEA7D
3F3B9656
3F3B3E63
3F3AE275
3F3A825A
3F3A1DE1
3F39B4D1
3F3946F3
3F38D40B
3F385BDA
3F37DE1D
3F375A8E
3F36D0E5
3F3640D4
3F35AA0A
3F350C31
3F3466EE
3F33B9E3
3F3304AC
3F3246E0
3F31800F
3F30AFC4
3F2FD584
3F2EF0CD
3F2E0117
3F2D05D1
3F2BFE64
3F2AEA2E
3F29C889
3F2898C2
3F275A1E
3F260BD9
3F24AD24
3F233D24
3F21BAF4
3F2025A4
3F1E7C36
3F1CBDA0
3F1AE8CB
3F18FC93
3F16F7C4
3F14D91E
3F129F51
3F1048FF
3F0DD4B9
3F0B4104
3F088C52
3F05B50B
3F02B984
3EFF3010
3EF89DA4
3EF1B824
3EEA7BDD
3EE2E507
3EDAEFCF
3ED29856
3EC9DABD
3EC0B327
3EB71DC3
3EAD16D3
3EA29AB7
3E97A5F7
3E8C3552
3E8045C3
3E67A930
3E4DBEEE
3E32C8E8
3E16C434
3DF35DF0
3DB71107
3D7145A9
3CE05CB5
BBA8B443
BD1E75D2
BD95EB31
BDDE8C96
BE148655
BE3AAB1F
BE61A8C6
BE84B920
BE98FCC1
BEAD97D8
BEC282A7
BED7B53E
BEED2795
BF0168D5
BF0C55CF
BF1756E5
BF22686D
BF2D86F0
BF38AF32
BF43DE39
BF4F114E
BF5A4603
BF657A31
BF70ABF9
BF7BD9BD
BF838111
BF891205
BF8E9F45
BF942875
BF99AD51
BF9F2DA5
BFA4A952
BFAA2043
BFAF9271
BFB4FFE0
BFBA689B
BFBFCCB4
BFC52C42
BFCA8760
BFCFDE2D
BFD530C7
BFDA7F52
BFDFC9EF
BFE510C2
BFEA53ED
BFEF9392
BFF4CFD4
BFFA08D4
BFFF3EB2
C00238C7
C004D0C3
C007675C
C009FCA0
C00C909C
C00F235F
C011B4F4
C0144568
C016D4C7
C019631B
C01BF06F
C01E7CCE
C0210841
C02392D2
C0261C8A
C028A572
C02B2D92
C02DB4F2
C0303B99
C032C18F
C03546DB
C037CB83
C03A4F8E
C03CD303
C03F55E7
C041D840
C0445A13
C046DB66
C0495C3D
C04BDC9E
C04E5C8C
C050DC0E
C0535B26
C055D9D8
C058582A
C05AD61E
C05D53B8
C05FD0FC
C0624DEC
C064CA8D
C06746E1
C069C2EC
C06C3EAF
C06EBA2E
C071356C
C073B06A
C0762B2C
C078A5B3
C07B2003
C07D9A1C
C0800A01
C08146DB
C082839C
C083C047
C084FCDC
C086395B
C08775C5
C088B21C
C089EE60
C08B2A92
C08C66B2
C08DA2C1
C08EDEC0
C0901AAF
C091568F
C0929261
C093CE24
C09509DB
C0964584
C0978121
C098BCB2
C099F838
C09B33B2
C09C6F22
C09DAA88
C09EE5E4
C0A02136
C0A15C7F
C0A297C0
C0A3D2F8
C0A50E28
C0A64950
C0A78471
C0A8BF8A
C0A9FA9D
C0AB35A9
C0AC70AE
C0ADABAD
C0AEE6A6
C0B0219A
C0B15C88
C0B29770
C0B3D254
C0B50D32
C0B6480C
C0B782E2
3F403A3B
3F401C02
3F3FFC7F
3F3FDBA1
3F3FB95B
3F3F959C
3F3F7052
3F3F496C
3F3F20D7
3F3EF680
3F3ECA52
3F3E9C38
3F3E6C1C
3F3E39E4
3F3E057A
3F3DCEC2
3F3D95A2
3F3D59FD
3F3D1BB5
3F3CDAAA
3F3C96BC
3F3C4FC7
3F3C05A7
3F3BB837
3F3B674D
3F3B12BF
3F3ABA61
3F3A5E04
3F39FD78
3F399888
3F392EFE
3F38C0A2
3F384D37
3F37D47E
3F375634
3F36D214
3F3647D5
3F35B728
3F351FBC
3F34813B
3F33DB4B
3F332D8D
3F32779C
3F31B90E
3F30F175
3F30205A
3F2F4543
3F2E5FAE
3F2D6F10
3F2C72DA
3F2B6A73
3F2A553B
3F293289
3F2801AC
3F26C1E7
3F257275
3F241288
3F22A143
3F211DC3
3F1F8714
3F1DDC3A
3F1C1C2A
3F1A45CC
3F1857FA
3F165182
3F143121
3F11F587
3F0F9D55
3F0D271C
3F0A915E
3F07DA90
3F050115
3F020343
3EFDBEC7
3EF72762
3EF03CB4
3EE8FB08
3EE15E95
3ED96383
3ED105F3
3EC84203
3EBF13D4
3EB57792
3EAB697E
3EA0E5F5
3E95E97F
3E8A70D7
3E7CF1EF
3E63FE59
3E4A0239
3E2EF9B3
3E12E1DE
3DEB71BE
3DAEFC12
3D60C7C4
3CBEB42F
BC190DDD
BD2FFDA0
BD9EDD91
BDE7AE64
BE192F63
BE3F6CB7
BE66833C
BE8732ED
BE9B833B
BEB02B10
BEC522A6
BEDA6204
BEEFE118
BF02CBEC
BF0DBF2C
BF18C676
BF23DE1C
BF2F02A3
BF3A30CC
BF456597
BF509E4E
BF5BD87E
BF671201
BF7248F3
BF7D7BB8
BF84547A
BF89E7C3
BF8F7743
BF95029E
BF9A898F
BFA00BE4
BFA5897D
BFAB0246
BFB0763A
BFB5E55B
BFBB4FB6
BFC0B55E
BFC6166A
BFCB72F6
BFD0CB21
BFD61F0B
BFDB6ED8
BFE0BAA9
BFE602A2
BFEB46E7
BFF0879A
BFF5C4DF
BFFAFED7
C0001AD1
C002B4B1
C0054D1A
C007E41C
C00A79C4
C00D0E21
C00FA140
C012332E
C014C3F6
C01753A6
C019E248
C01C6FE7
C01EFC8E
C0218846
C024131A
C0269D11
C0292636
C02BAE90
C02E3628
C030BD05
C033432F
C035C8AD
C0384D85
C03AD1BE
C03D555F
C03FD86D
C0425AEF
C044DCE9
C0475E61
C049DF5D
C04C5FE0
C04EDFF0
C0515F91
C053DEC8
C0565D98
C058DC06
C05B5A16
C05DD7CA
C0605527
C062D230
C0654EE8
C067CB53
C06A4773
C06CC34B
C06F3EDE
C071BA2F
C0743540
C076B013
C0792AAC
C07BA50C
C07E1F35
C0804C95
C0818976
C082C63F
C08402F0
C0853F8B
C0867C11
C087B881
C088F4DE
C08A3127
C08B6D5E
C08CA983
C08DE597
C08F219B
C0905D8F
C0919973
C092D549
C0941111
C0954CCB
C0968878
C097C419
C098FFAE
C09A3B36
C09B76B4
C09CB227
C09DED90
C09F28EF
C0A06444
C0A19F90
C0A2DAD3
C0A4160D
C0A55140
C0A68C6A
C0A7C78D
C0A902A9
C0AA3DBD
C0AB78CB
C0ACB3D2
C0ADEED3
C0AF29CE
C0B064C3
C0B19FB3
C0B2DA9D
C0B41582
C0B55062
C0B68B3D
C0B7C614
3F3FB7B3
3F3F994C
3F3F7998
3F3F5888
3F3F360E
3F3F1219
3F3EEC98
3F3EC578
3F3E9CA8
3F3E7214
3F3E45A6
3F3E174A
3F3DE6E9
3F3DB46B
3F3D7FB8
3F3D48B5
3F3D0F47
3F3CD351
3F3C94B5
3F3C5354
3F3C0F0C
3F3BC7BA
3F3B7D3B
3F3B2F67
3F3ADE16
3F3A891E
3F3A3052
3F39D384
3F397281
3F390D17
3F38A30F
3F383430
3F37C03E
3F3746F8
3F36C81E
3F364367
3F35B88C
3F35273D
3F348F2A
3F33EFFC
3F334959
3F329AE0
3F31E42E
3F3124D9
3F305C70
3F2F8A7F
3F2EAE89
3F2DC80C
3F2CD67E
3F2BD94F
3F2ACFE6
3F29B9A2
3F2895DA
3F2763DB
3F2622EA
3F24D241
3F237110
3F21FE7B
3F20799D
3F1EE183
3F1D352F
3F1B7396
3F199B9F
3F17AC24
3F15A3F2
3F1381C5
3F11444C
3F0EEA27
3F0C71E7
3F09DA0E
3F07210D
3F044548
3F014515
3EFC3D73
3EF5A0E2
3EEEB0D3
3EE7698B
3EDFC740
3ED7C618
3ECF6233
3EC697AB
3EBD629F
3EB3BF39
3EA9A9B7
3E9F1E75
3E9419F8
3E8898F9
3E7930E6
3E602B5C
3E461CA2
3E2B00DA
3E0ED51A
3DE32F12
3DA68EF4
3D4F9614
3C9B9CED
BC60ADCA
BD424441
BDA8314A
BDF13386
BE1E0B1D
BE446202
BE6B9271
BE89C7A1
BE9E2523
BEB2DA40
BEC7DF28
BEDD2BD6
BEF2B830
BF043E11
BF0F37DD
BF1A459E
BF2563A5
BF308E70
BF3BC2BE
BF46FD8E
BF523C23
BF5D7C0A
BF68BB1A
BF73F770
BF7F2F6C
BF8530D9
BF8AC691
BF905869
BF95E606
BF9B6F23
BFA0F38E
BFA67327
BFABEDDC
BFB163A8
BFB6D48E
BFBC409B
BFC1A7E2
BFC70A7C
BFCC6885
BFD1C21C
BFD71764
BFDC687F
BFE1B590
BFE6FEBC
BFEC4427
BFF185F4
BFF6C446
BFFBFF40
C0009B82
C00335D8
C005CEB3
C0086621
C00AFC32
C00D90F3
C0102472
C012B6BB
C01547DC
C017D7E0
C01A66D4
C01CF4C1
C01F81B2
C0220DB2
C02498CA
C0272304
C029AC68
C02C34FF
C02EBCD1
C03143E6
C033CA46
C0364FF7
C038D501
C03B596B
C03DDD39
C0406074
C042E31F
C0456542
C047E6E2
C04A6802
C04CE8AA
C04F68DD
C051E89F
C05467F6
C056E6E5
C0596570
C05BE39C
C05E616C
C060DEE3
C0635C06
C065D8D6
C0685558
C06AD18E
C06D4D7C
C06FC924
C0724489
C074BFAD
C0773A93
C079B53D
C07C2FAE
C07EA9E7
C08091F6
C081CEDF
C0830BAF
C0844867
C0858509
C086C195
C087FE0C
C0893A6E
C08A76BE
C08BB2FA
C08CEF25
C08E2B3E
C08F6746
C090A33F
C091DF28
C0931B02
C09456CE
C095928D
C096CE3E
C09809E2
C099457A
C09A8107
C09BBC88
C09CF7FE
C09E336A
C09F6ECC
C0A0AA24
C0A1E572
C0A320B8
C0A45BF5
C0A5972A
C0A6D257
C0A80D7C
C0A9489A
C0AA83B0
C0ABBEC0
C0ACF9C9
C0AE34CC
C0AF6FC9
C0B0AAC0
C0B1E5B1
C0B3209D
C0B45B83
C0B59665
C0B6D142
C0B80C1A
3F3F2F10
3F3F1078
3F3EF093
3F3ECF50
3F3EACA0
3F3E8874
3F3E62B9
3F3E3B5F
3F3E1251
3F3DE77E
3F3DBACF
3F3D8C2F
3F3D5B88
3F3D28C1
3F3CF3C2
3F3CBC71
3F3C82B3
3F3C4669
3F3C0777
3F3BC5BD
3F3B8118
3F3B3967
3F3AEE85
3F3AA04B
3F3A4E90
3F39F92A
3F399FEC
3F3942A8
3F38E12C
3F387B44
3F3810BA
3F37A153
3F372CD4
3F36B2FE
3F36338D
3F35AE3B
3F3522BF
3F3490C9
3F33F809
3F335828
3F32B0CA
3F320191
3F314A17
3F3089F3
3F2FC0B3
3F2EEDE3
3F2E1106
3F2D299A
3F2C3713
3F2B38E2
3F2A2E6E
3F291714
3F27F22B
3F26BF00
3F257CD8
3F242AEB
3F22C86A
3F215478
3F1FCE2F
3F1E349C
3F1C86C0
3F1AC38F
3F18E9F0
3F16F8BC
3F14EEBE
3F12CAB3
3F108B49
3F0E2F1E
3F0BB4C3
3F091AB8
3F065F6F
3F038149
3F007E9C
3EFAAB59
3EF40968
3EED13BF
3EE5C6A2
3EDE1E44
3ED616C9
3ECDAC4D
3EC4DAE9
3EBB9EB9
3EB1F3E5
3EA7D6A8
3E9D435D
3E923685
3E86ACD9
3E7546A3
3E5C2E6B
3E420C54
3E26DC7F
3E0A9C02
3DDA920B
3D9DC5BA
3D3DA88E
3C6E0D0E
BC95ADAC
BD55523C
BDB1EAB5
BDFB206B
BE231BC7
BE498D4F
BE70D8BE
BE8C786E
BEA0E3B4
BEB5A6A8
BECAB970
BEE01400
BEF5AE31
BF05BFF2
BF10C090
BF1BD50F
BF26F9BB
BF322B10
BF3D65C7
BF48A6DB
BF53EB8E
BF5F316B
BF6A7645
BF75B837
BF807AD1
BF861695
BF8BAED5
BF91431F
BF96D316
BF9C5E76
BFA1E50E
BFA766BD
BFACE373
BFB25B2A
BFB7CDE8
BFBD3BB8
BFC2A4B0
BFC808E8
BFCD687E
BFD2C391
BFD81A45
BFDD6CBC
BFE2BB1B
BFE80586
BFED4C23
BFF28F15
BFF7CE7F
BFFD0A86
C00121A5
C003BC77
C00655C8
C008EDA8
C00B8425
C00E194E
C010AD30
C0133FDA
C015D156
C01861B3
C01AF0FA
C01D7F38
C0200C77
C02298C2
C0252422
C027AEA0
C02A3846
C02CC11C
C02F492B
C031D07B
C0345712
C036DCFA
C0396237
C03BE6D2
C03E6AD0
C040EE38
C0437110
C045F35D
C0487525
C04AF66D
C04D773A
C04FF791
C0527776
C054F6EE
C05775FD
C059F4A7
C05C72F1
C05EF0DD
C0616E6F
C063EBAC
C0666896
C068E530
C06B617D
C06DDD82
C070593F
C072D4B8
C0754FF0
C077CAEA
C07A45A6
C07CC029
C07F3A73
C080DA44
C0821735
C083540C
C08490CC
C085CD75
C0870A08
C0884685
C08982EE
C08ABF43
C08BFB85
C08D37B5
C08E73D4
C08FAFE2
C090EBDF
C09227CD
C09363AC
C0949F7C
C095DB3F
C09716F4
C098529C
C0998E38
C09AC9C8
C09C054D
C09D40C7
C09E7C36
C09FB79A
C0A0F2F5
C0A22E47
C0A36990
C0A4A4CF
C0A5E007
C0A71B36
C0A8565D
C0A9917E
C0AACC96
C0AC07A8
C0AD42B3
C0AE7DB8
C0AFB8B7
C0B0F3B0
C0B22EA3
C0B36990
C0B4A478
C0B5DF5B
C0B71A3A
C0B85513
3F3EA006
3F3E813D
3F3E6124
3F3E3FAC
3F3E1CC5
3F3DF860
3F3DD26A
3F3DAAD3
3F3D8187
3F3D5671
3F3D297F
3F3CFA99
3F3CC9AA
3F3C9698
3F3C614C
3F3C29AB
3F3BEF99
3F3BB2FA
3F3B73AF
3F3B3198
3F3AEC94
3F3AA481
3F3A5938
3F3A0A94
3F39B86C
3F396294
3F3908E1
3F38AB24
3F38492A
3F37E2BF
3F3777AE
3F3707BC
3F3692AC
3F361840
3F359834
3F351241
3F34861D
3F33F37B
3F335A08
3F32B96D
3F32114F
3F31614E
3F30A906
3F2FE80B
3F2F1DED
3F2E4A36
3F2D6C6A
3F2C8405
3F2B907D
3F2A9140
3F2985B6
3F286D3B
3F274727
3F2612C6
3F24CF5B
3F237C1E
3F221840
3F20A2E4
3F1F1B22
3F1D8008
3F1BD094
3F1A0BBC
3F183064
3F163D66
3F14318B
3F120B90
3F0FCA21
3F0D6BDD
3F0AEF51
3F0852FF
3F059556
3F02B4B8
3EFF5EEF
3EF907B3
3EF2602C
3EEB64B0
3EE41183
3EDC62D4
3ED454C4
3ECBE36E
3EC30AE8
3EB9C74A
3EB014BB
3EA5EF73
3E9B53CA
3E903E42
3E84AB8E
3E71314C
3E5805A1
3E3DCF61
3E228AAD
3E063499
3DD1969C
3D949C43
3D2AF6C6
3C21BFA6
BCBC9CC5
BD69307E
BDBC0E5F
BE02BCDC
BE2863BE
BE4EF108
BE76589C
BE8F4696
BEA3C035
BEB89196
BECDB2D6
BEE31BDD
BEF8C47B
BF075244
BF1259FD
BF1D7584
BF28A11E
BF33D943
BF3F1AA8
BF4A6245
BF55AD59
BF60F96C
BF6C444F
BF778C1C
BF816799
BF870619
BF8CA0FE
BF9237D4
BF97CA3E
BF9D57FA
BFA2E0D6
BFA864B2
BFADE37E
BFB35D35
BFB8D1DD
BFBE4184
BFC3AC3E
BFC91226
BFCE7359
BFD3CFF8
BFD92826
BFDE7C08
BFE3CBC2
BFE9177A
BFEE5F55
BFF3A378
BFF8E406
BFFE2125
C001AD7B
C00448CD
C006E298
C0097AEE
C00C11DC
C00EA771
C0113BBC
C013CEC8
C01660A5
C018F15D
C01B80FC
C01E0F8E
C0209D1E
C02329B6
C025B560
C0284026
C02ACA11
C02D5329
C02FDB77
C0326303
C034E9D5
C0376FF4
C039F568
C03C7A36
C03EFE66
C04181FE
C0440503
C046877C
C049096E
C04B8ADF
C04E0BD3
C0508C4F
C0530C58
C0558BF2
C0580B23
C05A89ED
C05D0855
C05F865F
C062040E
C0648165
C066FE69
C0697B1D
C06BF783
C06E739E
C070EF72
C0736B01
C075E64E
C078615B
C07ADC2B
C07D56C0
C07FD11C
C08125A1
C082629A
C0839F79
C084DC41
C08618F1
C087558A
C088920E
C089CE7E
C08B0AD9
C08C4722
C08D8357
C08EBF7C
C08FFB8F
C0913791
C0927384
C093AF68
C094EB3D
C0962704
C09762BD
C0989E69
C099DA09
C09B159D
C09C5125
C09D8CA2
C09EC815
C0A0037D
C0A13EDB
C0A27A30
C0A3B57B
C0A4F0BD
C0A62BF8
C0A76729
C0A8A253
C0A9DD76
C0AB1891
C0AC53A5
C0AD8EB2
C0AEC9B9
C0B004BA
C0B13FB4
C0B27AA9
C0B3B598
C0B4F082
C0B62B67
C0B76647
C0B8A122
3F3E0A44
3F3DEB48
3F3DCAFA
3F3DA94C
3F3D862D
3F3D618D
3F3D3B5B
3F3D1385
3F3CE9F7
3F3CBE9F
3F3C9167
3F3C6239
3F3C30FF
3F3BFDA0
3F3BC804
3F3B9010
3F3B55A9
3F3B18B1
3F3AD90A
3F3A9694
3F3A512E
3F3A08B5
3F39BD03
3F396DF1
3F391B58
3F38C50C
3F386ADF
3F380CA4
3F37AA28
3F374337
3F36D79A
3F366717
3F35F172
3F35766B
3F34F5BE
3F346F24
3F33E254
3F334EFF
3F32B4D2
3F321377
3F316A92
3F30B9C3
3F3000A4
3F2F3ECB
3F2E73C7
3F2D9F21
3F2CC05C
3F2BD6F6
3F2AE263
3F29E211
3F28D567
3F27BBC1
3F269477
3F255ED3
3F241A19
3F22C580
3F216039
3F1FE964
3F1E601C
3F1CC36B
3F1B1250
3F194BC0
3F176E9F
3F1579C5
3F136BFA
3F1143FB
3F0F0074
3F0CA001
3F0A2130
3F07827F
3F04C25F
3F01DF2F
3EFDAE83
3EF751B3
3EF0A45C
3EE9A2D3
3EE24958
3EDA9416
3ED27F2F
3ECA06B8
3EC126C5
3EB7DB6D
3EAE20D3
3EA3F32D
3E994ED0
3E8E303B
3E829421
3E6CEEEF
3E53AF04
3E3963C8
3E1E0957
3E019CC8
3DC83884
3D8B0E3B
3D1777EB
3BA45B5E
BCE53685
BD7DE85F
BDC6A10D
BE082224
BE2DE57E
BE548FB6
BE7C149D
BE92336B
BEA6BBFE
BEBB9C69
BED0CCBF
BEE644DB
BEFBFC83
BF08F5C2
BF1404E5
BF1F27C0
BF2A5A94
BF3599D3
BF40E230
BF4C309E
BF578259
BF62D4E5
BF6E2613
BF7973FA
BF825E7C
BF87FFD7
BF8D9D7D
BF9336FA
BF98CBF3
BF9E5C23
BFA3E75B
BFA96D7C
BFAEEE74
BFB46A41
BFB9E0E9
BFBF527A
BFC4BF09
BFCA26B2
BFCF8994
BFD4E7CF
BFDA4188
BFDF96E3
BFE4E806
BFEA3518
BFEF7E3F
BFF4C39F
BFFA055D
BFFF439F
C0023F43
C004DB1B
C0077566
C00A0E36
C00CA59A
C00F3BA0
C011D056
C01463CB
C016F60A
C0198721
C01C171C
C01EA606
C02133EA
C023C0D3
C0264CCA
C028D7DA
C02B620C
C02DEB69
C03073F9
C032FBC4
C03582D2
C038092C
C03A8ED7
C03D13DB
C03F983E
C0421C08
C0449F3D
C04721E3
C049A401
C04C259C
C04EA6B8
C051275B
C053A78A
C0562749
C058A69B
C05B2587
C05DA40F
C0602237
C062A004
C0651D78
C0679A97
C06A1765
C06C93E4
C06F1017
C0718C03
C07407A8
C076830A
C078FE2C
C07B7910
C07DF3B8
C0803713
C081742F
C082B130
C083EE18
C0852AE7
C086679F
C087A440
C088E0CB
C08A1D41
C08B59A3
C08C95F2
C08DD22E
C08F0E57
C0904A70
C0918678
C092C270
C093FE58
C0953A32
C09675FE
C097B1BC
C098ED6C
C09A2910
C09B64A8
C09CA034
C09DDBB5
C09F172B
C0A05296
C0A18DF7
C0A2C94F
C0A4049D
C0A53FE3
C0A67B20
C0A7B654
C0A8F181
C0AA2CA5
C0AB67C3
C0ACA2D9
C0ADDDE9
C0AF18F2
C0B053F4
C0B18EF1
C0B2C9E8
C0B404D9
C0B53FC4
C0B67AAB
C0B7B58C
C0B8F069
3F3D6D78
3F3D4E47
3F3D2DC3
3F3D0BDC
3F3CE883
3F3CC3A7
3F3C9D37
3F3C7520
3F3C4B50
3F3C1FB2
3F3BF232
3F3BC2BA
3F3B9133
3F3B5D85
3F3B2796
3F3AEF4D
3F3AB48D
3F3A773A
3F3A3734
3F39F45D
3F39AE91
3F3965AE
3F39198F
3F38CA0D
3F3876FF
3F38203A
3F37C590
3F3766D3
3F3703D1
3F369C54
3F363027
3F35BF0F
3F3548CF
3F34CD27
3F344BD4
3F33C48E
3F33370C
3F32A2FD
3F320811
3F3165EF
3F30BC3B
3F300A96
3F2F509A
3F2E8DDA
3F2DC1E7
3F2CEC49
3F2C0C84
3F2B2213
3F2A2C6B
3F292AF9
3F281D24
3F270249
3F25D9BD
3F24A2CA
3F235CB4
3F2206B3
3F209FF4
3F1F2799
3F1D9CBB
3F1BFE64
3F1A4B93
3F18833A
3F16A43E
3F14AD75
3F129DA8
3F107392
3F0E2DDC
3F0BCB24
3F0949F6
3F06A8D0
3F03E620
3F010044
3EFBEB1C
3EF58881
3EEED520
3EE7CD4B
3EE06D41
3ED8B12A
3ED09525
3EC81544
3EBF2D98
3EB5DA35
3EAC173C
3EA1E0E1
3E973375
3E8C0B76
3E806593
3E687D81
3E4F2882
3E34C76B
3E19565A
3DF9A4C1
3DBE7352
3D81171A
3D0322C1
B84E7F3C
BD07C70E
BD89C1D5
BDD1A7BC
BE0DC29B
BE33A39F
BE5A6BFE
BE8107BC
BE95404E
BEA9D877
BEBEC890
BED408A0
BEE99076
BEFF57CD
BF0AAB33
BF15C211
BF20EC91
BF2C26ED
BF376D95
BF42BD36
BF4E12C0
BF596B6A
BF64C4B7
BF701C75
BF7B70B8
BF835FF0
BF890444
BF8EA4CA
BF94410B
BF99D8AE
BF9F6B6E
BFA4F91C
BFAA8199
BFB004D5
BFB582CE
BFBAFB8A
BFC06F1A
BFC5DD93
BFCB4710
BFD0ABB1
BFD60B9A
BFDB66ED
BFE0BDD2
BFE6106E
BFEB5EE8
BFF0A967
BFF5F012
BFFB330D
C000393F
C002D743
C00573A6
C0080E77
C00AA7C7
C00D3FA4
C00FD620
C0126B46
C014FF26
C01791CD
C01A2347
C01CB3A1
C01F42E6
C021D122
C0245E5E
C026EAA6
C0297604
C02C0080
C02E8A23
C03112F8
C0339B04
C0362252
C038A8E8
C03B2ECD
C03DB409
C04038A2
C042BC9E
C0454005
C047C2DB
C04A4527
C04CC6ED
C04F4834
C051C8FF
C0544955
C056C939
C05948B0
C05BC7BD
C05E4667
C060C4AF
C063429A
C065C02C
C0683D67
C06ABA50
C06D36E9
C06FB336
C0722F3A
C074AAF6
C077266F
C079A1A6
C07C1C9F
C07E975B
C08088EE
C081C613
C083031D
C084400E
C0857CE5
C086B9A5
C087F64D
C08932E0
C08A6F5D
C08BABC5
C08CE81A
C08E245D
C08F608C
C0909CAB
C091D8B8
C09314B6
C09450A3
C0958C82
C096C852
C0980415
C0993FCA
C09A7B72
C09BB70E
C09CF29E
C09E2E22
C09F699C
C0A0A50A
C0A1E06F
C0A31BCA
C0A4571C
C0A59264
C0A6CDA4
C0A808DB
C0A9440A
C0AA7F32
C0ABBA52
C0ACF56A
C0AE307C
C0AF6B87
C0B0A68C
C0B1E18B
C0B31C83
C0B45776
C0B59264
C0B6CD4C
C0B8082F
C0B9430D
3F3CC948
3F3CA9E2
3F3C8926
3F3C6705
3F3C4370
3F3C1E56
3F3BF7A5
3F3BCF4C
3F3BA537
3F3B7952
3F3B4B88
3F3B1BC3
3F3AE9ED
3F3AB5ED
3F3A7FA9
3F3A4708
3F3A0BED
3F39CE3B
3F398DD4
3F394A97
3F390463
3F38BB13
3F386E84
3F381E8D
3F37CB06
3F3773C4
3F371899
3F36B956
3F3655C9
3F35EDBD
3F3580FA
3F350F48
3F349868
3F341C1A
3F339A1B
3F331223
3F3283E7
3F31EF19
3F315366
3F30B076
3F3005ED
3F2F536B
3F2E9888
3F2DD4DA
3F2D07F0
3F2C3151
3F2B5082
3F2A64FC
3F296E35
3F286B99
3F275C8F
3F264072
3F251697
3F23DE4A
3F2296CC
3F213F53
3F1FD70F
3F1E5D1F
3F1CD09C
3F1B308E
3F197BF6
3F17B1C3
3F15D0D9
3F13D80F
3F11C62C
3F0F99E9
3F0D51F0
3F0AECDD
3F08693A
3F05C585
3F03002B
3F001789
3EFA13DD
3EF3AB3A
3EECF191
3EE5E331
3EDE7C54
3ED6B922
3ECE95B5
3EC60E1D
3EBD1E68
3EB3C2A8
3EA9F6FA
3E9FB78E
3E9500B5
3E89CEE8
3E7C3DAD
3E63DAE1
3E4A6FEF
3E2FF818
3E146F75
3DEFA632
3DB4425E
3D6D6444
3CDBDB39
BBAEB8A1
BD1DDBD2
BD95064E
BDDD27A7
BE13A0EA
BE39A0DB
BE6088A8
BE842600
BE986EAF
BEAD171A
BEC2178C
BED76801
BEED003E
BF016BF8
BF0C7366
BF179254
BF22C4CD
BF2E0705
BF395568
BF44AC9C
BF50098F
BF5B6975
BF66C9CE
BF722863
BF7D8349
BF846C6E
BF8A13DD
BF8FB761
BF955685
BF9AF0EF
BFA0865A
BFA61699
BFABA18C
BFB12725
BFB6A761
BFBC2249
BFC197EC
BFC70862
BFCC73C8
BFD1DA3C
BFD73BE3
BFDC98E3
BFE1F160
BFE74584
BFEC9576
BFF1E15D
BFF7295F
BFFC6DA3
C000D728
C00375C3
C00612B7
C008AE12
C00B47E7
C00DE044
C0107739
C0130CD5
C015A125
C0183437
C01AC618
C01D56D5
C01FE679
C022750F
C02502A3
C0278F3F
C02A1AED
C02CA5B6
C02F2FA3
C031B8BF
C0344110
C036C89F
C0394F73
C03BD595
C03E5B0B
C040DFDC
C043640E
C045E7A8
C0486AAF
C04AED2A
C04D6F1E
C04FF091
C0527186
C054F204
C057720F
C059F1AB
C05C70DD
C05EEFA9
C0616E12
C063EC1D
C06669CD
C068E726
C06B642C
C06DE0E0
C0705D47
C072D964
C0755539
C077D0C9
C07A4C16
C07CC724
C07F41F5
C080DE45
C0821B74
C0835887
C0849580
C085D260
C0870F28
C0884BD8
C0898872
C08AC4F7
C08C0167
C08D3DC2
C08E7A0B
C08FB641
C090F265
C0922E79
C0936A7B
C094A66E
C095E252
C0971E27
C09859EF
C09995A8
C09AD155
C09C0CF5
C09D4889
C09E8411
C09FBF8F
C0A0FB01
C0A23669
C0A371C8
C0A4AD1C
C0A5E868
C0A723AA
C0A85EE5
C0A99A17
C0AAD541
C0AC1063
C0AD4B7E
C0AE8693
C0AFC1A0
C0B0FCA7
C0B237A8
C0B372A2
C0B4AD97
C0B5E886
C0B72370
C0B85E55
C0B99935
3F3C1D59
3F3BFDBB
3F3BDCC5
3F3BBA69
3F3B9696
3F3B713C
3F3B4A49
3F3B21AB
3F3AF74F
3F3ACB21
3F3A9D0B
3F3A6CF7
3F3A3ACF
3F3A067B
3F39CFDF
3F3996E3
3F395B6B
3F391D57
3F38DC8B
3F3898E6
3F385245
3F380886
3F37BB82
3F376B13
3F371710
3F36BF4D
3F36639C
3F3603CE
3F359FB2
3F353711
3F34C9B4
3F345762
3F33DFDC
3F3362E2
3F32E031
3F325781
3F31C886
3F3132F2
3F309671
3F2FF2AC
3F2F4746
3F2E93DE
3F2DD80D
3F2D1368
3F2C457E
3F2B6DD5
3F2A8BF1
3F299F4D
3F28A75C
3F27A38C
3F269340
3F2575D6
3F244AA1
3F2310EC
3F21C7F7
3F206EFA
3F1F0521
3F1D898D
3F1BFB54
3F1A5980
3F18A30E
3F16D6EF
3F14F405
3F12F926
3F10E517
3F0EB692
3F0C6C3F
3F0A04B9
3F077E8A
3F04D82C
3F02100D
3EFE4910
3EF827D8
3EF1B8F0
3EEAF8BF
3EE3E391
3EDC759C
3ED4AB06
3ECC7FE4
3EC3F046
3EBAF836
3EB193C1
3EA7BF02
3E9D7628
3E92B57F
3E87797E
3E777DA4
3E5F04D2
3E458306
3E2AF37D
3E0F524E
3DE5391A
3DA9A0C7
3D57B4B7
3CAF9CBC
BC31A50C
BD34E415
BDA0C6FA
BDE92647
BE19BFDD
BE3FE009
BE66E89B
BE876697
BE9BC013
BEB07971
BEC58AF0
BEDAEC7F
BEF095D7
BF033F4C
BF0E4F35
BF19768C
BF24B156
BF2FFBC1
BF3B5233
BF46B14F
BF5215FD
BF5D7D6F
BF68E520
BF744AD9
BF7FACAB
BF858478
BF8B2F24
BF90D5C7
BF9677ED
BF9C153C
BFA1AD70
BFA7405B
BFACCDDF
BFB255EE
BFB7D887
BFBD55B1
BFC2CD7F
BFC84008
BFCDAD69
BFD315C4
BFD8793D
BFDDD7FA
BFE33222
BFE887DE
BFEDD957
BFF326B3
BFF8701C
BFFDB5B7
C0017BD6
C0041B0F
C006B898
C0095484
C00BEEE3
C00E87C5
C0111F39
C013B54E
C0164A13
C018DD95
C01B6FE1
C01E0105
C020910B
C0232000
C025ADEF
C0283AE2
C02AC6E3
C02D51FD
C02FDC37
C032659D
C034EE35
C0377608
C039FD1E
C03C837E
C03F0930
C0418E3B
C04412A5
C0469674
C04919AF
C04B9C5B
C04E1E7F
C050A01F
C0532140
C055A1E8
C058221B
C05AA1DE
C05D2135
C05FA025
C0621EB1
C0649CDD
C0671AAD
C0699825
C06C1547
C06E9218
C0710E9A
C0738AD1
C07606BF
C0788267
C07AFDCC
C07D78F1
C07FF3D7
C0813741
C0827479
C083B196
C084EE98
C0862B81
C0876851
C088A50A
C089E1AC
C08B1E38
C08C5AAF
C08D9712
C08ED361
C0900F9D
C0914BC8
C09287E1
C093C3EA
C094FFE2
C0963BCC
C09777A6
C098B372
C099EF30
C09B2AE2
C09C6686
C09DA21E
C09EDDAB
C0A0192C
C0A154A2
C0A2900E
C0A3CB70
C0A506C8
C0A64217
C0A77D5C
C0A8B89A
C0A9F3CE
C0AB2EFB
C0AC6A20
C0ADA53E
C0AEE055
C0B01B65
C0B1566E
C0B29171
C0B3CC6D
C0B50764
C0B64256
C0B77D41
C0B8B828
C0B9F30A
3F3B6949
3F3B4972
3F3B2841
3F3B05A8
3F3AE195
3F3ABBF9
3F3A94C2
3F3A6BDE
3F3A4138
3F3A14BE
3F39E65A
3F39B5F5
3F398379
3F394ECD
3F3917D7
3F38DE7D
3F38A2A3
3F38642C
3F3822F8
3F37DEE6
3F3797D6
3F374DA3
3F370027
3F36AF3C
3F365AB8
3F360270
3F35A635
3F3545D8
3F34E127
3F3477EC
3F3409F0
3F3396F8
3F331EC7
3F32A11C
3F321DB3
3F319444
3F310483
3F306E22
3F2FD0CC
3F2F2C2A
3F2E7FDF
3F2DCB89
3F2D0EC2
3F2C491D
3F2B7A29
3F2AA16D
3F29BE6B
3F28D09D
3F27D778
3F26D267
3F25C0CF
3F24A20B
3F23756E
3F223A44
3F20EFCB
3F1F953A
3F1E29BD
3F1CAC75
3F1B1C76
3F1978CA
3F17C06D
3F15F24F
3F140D51
3F121047
3F0FF9F8
3F0DC91A
3F0B7C56
3F091244
3F06896E
3F03E04D
3F01154D
3EFC4D90
3EF62617
3EEFB0AC
3EE8E9B0
3EE1CD6D
3EDA5817
3ED285D1
3ECA52AC
3EC1BAB4
3EB8B9F1
3EAF4C6D
3EA56E40
3E9B1B94
3E9050B5
3E850A15
3E7288BD
3E59F8FE
3E405F65
3E25B72F
3E09FC70
3DDA5875
3D9E8971
3D411525
3C8174D6
BC87E9F7
BD4CEADB
BDAD0975
BDF5A957
BE20225F
BE466427
BE6D8EE3
BE8ACB0E
BE9F3610
BEB4011A
BEC92462
BEDE97C7
BEF452F6
BF0526C1
BF103F84
BF1B6FA1
BF26B317
BF32060F
BF3D64EA
BF48CC46
BF543906
BF5FA857
BF6B17B2
BF7684DC
BF80F6F3
BF86A895
BF8C56A1
BF920085
BF97A5CF
BF9D4623
BFA2E13E
BFA876F3
BFAE0723
BFB391C3
BFB916D1
BFBE9657
BFC41066
BFC98518
BFCEF48B
BFD45EE1
BFD9C43F
BFDF24CC
BFE480B1
BFE9D816
BFEF2B26
BFF47A08
BFF9C4E5
BFFF0BE5
C0022798
C004C774
C007659B
C00A021D
C00C9D0B
C00F3677
C011CE6F
C0146503
C016FA41
C0198E38
C01C20F4
C01EB282
C02142EF
C023D247
C0266094
C028EDE1
C02B7A3A
C02E05A6
C0309031
C03319E3
C035A2C5
C0382ADF
C03AB239
C03D38DB
C03FBECC
C0424413
C044C8B6
C0474CBD
C049D02E
C04C530D
C04ED562
C0515731
C053D880
C0565954
C058D9B1
C05B599C
C05DD91A
C060582F
C062D6DF
C065552D
C067D31F
C06A50B6
C06CCDF7
C06F4AE6
C071C784
C07443D6
C076BFDE
C0793B9F
C07BB71C
C07E3258
C08056AA
C081940A
C082D14D
C0840E74
C0854B80
C0868872
C087C54B
C089020C
C08A3EB6
C08B7B4A
C08CB7C8
C08DF432
C08F3089
C0906CCC
C091A8FD
C092E51D
C094212B
C0955D2A
C0969918
C097D4F8
C09910C9
C09A4C8C
C09B8842
C09CC3EB
C09DFF88
C09F3B19
C0A0769E
C0A1B218
C0A2ED88
C0A428ED
C0A56449
C0A69F9B
C0A7DAE4
C0A91624
C0AA515C
C0AB8C8C
C0ACC7B4
C0AE02D4
C0AF3DED
C0B07900
C0B1B40B
C0B2EF10
C0B42A0F
C0B56508
C0B69FFC
C0B7DAE9
C0B915D2
C0BA50B5
3F3AACB3
3F3A8CA1
3F3A6B33
3F3A485A
3F3A2407
3F39FE27
3F39D6A9
3F39AD7C
3F39828B
3F3955C3
3F39270D
3F38F655
3F38C382
3F388E7C
3F385729
3F381D6F
3F37E131
3F37A251
3F3760B2
3F371C31
3F36D4AD
3F368A03
3F363C0C
3F35EAA0
3F359597
3F353CC5
3F34DFFB
3F347F0A
3F3419BF
3F33AFE6
3F334145
3F32CDA2
3F3254C0
3F31D65D
3F315236
3F30C801
3F303774
3F2FA03E
3F2F020C
3F2E5C85
3F2DAF4D
3F2CFA01
3F2C3C3A
3F2B758C
3F2AA585
3F29CBAB
3F28E780
3F27F87F
3F26FE19
3F25F7BC
3F24E4CB
3F23C4A0
3F22968F
3F2159E0
3F200DD5
3F1EB1A2
3F1D4471
3F1BC564
3F1A338E
3F188DF8
3F16D39D
3F15036B
3F131C44
3F111CFC
3F0F0455
3F0CD108
3F0A81B9
3F081502
3F05896B
3F02DD6B
3F000F6D
3EFA3B93
3EF40D9A
3EED9168
3EE6C35B
3EDF9FBC
3ED822B9
3ED04873
3EC80CF8
3EBF6C50
3EB66280
3EACEB8F
3EA30390
3E98A6AD
3E8DD12B
3E827F7D
3E6D5C90
3E54B4F0
3E3B028F
3E2040A5
3E046B46
3DCEFF03
3D92F706
3D297AAB
3C229AAD
BCB90B1A
BD65FBAE
BDB9D3A4
BE015B6C
BE26CB81
BE4D3053
BE747EAF
BE8E5505
BEA2D24D
BEB7AFC7
BECCE59B
BEE26B9C
BEF83968
BF072343
BF124540
BF1D7E85
BF28CB08
BF3426ED
BF3F8E8F
BF4AFE85
BF5673B0
BF61EB38
BF6D6292
BF78D782
BF82240A
BF87D950
BF8D8AE2
BF93382C
BF98E0BC
BF9E8436
BFA42258
BFA9BAF5
BFAF4DF0
BFB4DB3D
BFBA62DB
BFBFE4D5
BFC5613F
BFCAD832
BFD049CC
BFD5B632
BFDB1D89
BFE07FFA
BFE5DDAE
BFEB36CE
BFF08B85
BFF5DBFD
BFFB285F
C0003869
C002DAC0
C0057B47
C0081A11
C00AB72F
C00D52B4
C00FECAF
C0128530
C0151C48
C017B205
C01A4674
C01CD9A4
C01F6BA2
C021FC7A
C0248C38
C0271AE7
C029A893
C02C3545
C02EC109
C0314BE7
C033D5E9
C0365F18
C038E77B
C03B6F1C
C03DF602
C0407C34
C04301BA
C0458699
C0480ADA
C04A8E82
C04D1197
C04F941F
C052161F
C054979D
C057189F
C0599927
C05C193D
C05E98E3
C061181F
C06396F4
C0661566
C068937A
C06B1132
C06D8E93
C0700BA0
C072885C
C07504CA
C07780ED
C079FCC9
C07C785F
C07EF3B3
C080B763
C081F4CF
C083321C
C0846F4D
C085AC63
C086E95F
C0882641
C089630B
C08A9FBD
C08BDC59
C08D18E0
C08E5551
C08F91AF
C090CDF9
C0920A31
C0934657
C094826C
C095BE70
C096FA65
C098364A
C0997220
C09AADE9
C09BE9A4
C09D2552
C09E60F3
C09F9C88
C0A0D811
C0A21390
C0A34F03
C0A48A6C
C0A5C5CB
C0A70121
C0A83C6D
C0A977B1
C0AAB2EC
C0ABEE1F
C0AD2949
C0AE646D
C0AF9F88
C0B0DA9D
C0B215AB
C0B350B3
C0B48BB4
C0B5C6AF
C0B701A5
C0B83C95
C0B9777F
C0BAB264
3F39E72B
3F39C6DC
3F39A530
3F398216
3F395D7F
3F393759
3F390F93
3F38E61B
3F38BADD
3F388DC4
3F385EBB
3F382DAC
3F37FA7F
3F37C51C
3F378D69
3F37534B
3F3716A6
3F36D75B
3F36954D
3F365059
3F36085F
3F35BD39
3F356EC1
3F351CD1
3F34C73F
3F346DDE
3F341081
3F33AEF7
3F33490E
3F32DE90
3F326F44
3F31FAF1
3F318158
3F310237
3F307D4A
3F2FF249
3F2F60E8
3F2EC8D6
3F2E29BF
3F2D834C
3F2CD51E
3F2C1ED3
3F2B6004
3F2A9843
3F29C71E
3F28EC1D
3F2806BE
3F27167E
3F261ACD
3F251317
3F23FEBF
3F22DD20
3F21AD8C
3F206F4C
3F1F219F
3F1DC3B9
3F1C54C5
3F1AD3E1
3F194022
3F17988F
3F15DC22
3F1409C9
3F122064
3F101EC6
3F0E03B1
3F0BCDDB
3F097BE9
3F070C73
3F047DFE
3F01CF02
3EFDFBCF
3EF8120C
3EF1DD51
3EEB5A12
3EE484AE
3EDD5965
3ED5D467
3ECDF1CE
3EC5ADA7
3EBD03F6
3EB3F0BA
3EAA6FF9
3EA07DC3
3E96163C
3E8B35A9
3E7FB0EE
3E67F696
3E4F3618
3E3569E8
3E1A8D39
3DFD3839
3DC32745
3D86E3EB
3D10D9E1
3B7877F6
BCEC4DA2
BD801151
BDC72BAE
BE082A89
BE2DBE77
BE5447D3
BE7BBB57
BE920630
BEA69688
BEBB873E
BED0D06B
BEE669D6
BEFC4B0E
BF0935C6
BF146165
BF1FA437
BF2AFA2D
BF365F62
BF41D02C
BF4D491E
BF58C711
BF64472B
BF6FC6DE
BF7B43E9
BF835E2C
BF891740
BF8ECC7E
BF947D54
BF9A294D
BF9FD010
BFA5715B
BFAB0D00
BFB0A2E4
BFB632FA
BFBBBD45
BFC141CF
BFC6C0AD
BFCC39F8
BFD1ADD2
BFD71C5E
BFDC85C4
BFE1EA2D
BFE749C2
BFECA4B0
BFF1FB21
BFF74D3F
BFFC9B35
C000F296
C00395A6
C00636DF
C008D652
C00B7414
C00E1034
C010AAC4
C01343D5
C015DB76
C01871B6
C01B06A3
C01D9A4C
C0202CBE
C022BE05
C0254E2D
C027DD43
C02A6B50
C02CF861
C02F847F
C0320FB4
C0349A09
C0372387
C039AC38
C03C3422
C03EBB4E
C04141C4
C043C78B
C0464CA9
C048D126
C04B5508
C04DD854
C0505B11
C052DD45
C0555EF4
C057E025
C05A60DB
C05CE11C
C05F60EC
C061E050
C0645F4C
C066DDE3
C0695C1B
C06BD9F6
C06E5778
C070D4A4
C073517F
C075CE0A
C0784A4A
C07AC641
C07D41F1
C07FBD5E
C0811C45
C08259BC
C0839714
C084D450
C0861171
C0874E76
C0888B62
C089C835
C08B04F0
C08C4195
C08D7E23
C08EBA9D
C08FF702
C0913354
C0926F92
C093ABBF
C094E7DA
C09623E5
C0975FDF
C0989BCA
C099D7A6
C09B1374
C09C4F34
C09D8AE7
C09EC68D
C0A00227
C0A13DB4
C0A27937
C0A3B4AF
C0A4F01C
C0A62B7F
C0A766D8
C0A8A228
C0A9DD6E
C0AB18AD
C0AC53E2
C0AD8F10
C0AECA36
C0B00555
C0B1406C
C0B27B7D
C0B3B687
C0B4F18B
C0B62C88
C0B76780
C0B8A272
C0B9DD5E
C0BB1845
3F391842
3F38F7B5
3F38D5C7
3F38B26A
3F388D8E
3F386720
3F383F10
3F38154A
3F37E9BB
3F37BC4F
3F378CF0
3F375B88
3F3727FF
3F36F23C
3F36BA26
3F367FA1
3F364291
3F3602D9
3F35C058
3F357AED
3F353278
3F34E6D2
3F3497D7
3F34455E
3F33EF3D
3F339549
3F333754
3F32D52C
3F326E9E
3F320376
3F31937B
3F311E71
3F30A41A
3F302434
3F2F9E7B
3F2F12A7
3F2E806A
3F2DE774
3F2D4772
3F2CA009
3F2BF0DC
3F2B3989
3F2A79A8
3F29B0CB
3F28DE7E
3F28024A
3F271BAD
3F262A21
3F252D18
3F2423FD
3F230E32
3F21EB11
3F20B9EC
3F1F7A0B
3F1E2AAB
3F1CCB02
3F1B5A39
3F19D76E
3F1841B3
3F16980F
3F14D97C
3F1304E6
3F11192D
3F0F1522
3F0CF786
3F0ABF0F
3F086A5F
3F05F80D
3F03669F
3F00B489
3EFBC064
3EF5CFE4
3EEF9420
3EE9098E
3EE22C85
3EDAF946
3ED36BFA
3ECB80B9
3EC3338B
3EBA8072
3EB16369
3EA7D872
3E9DDB99
3E936900
3E887CE6
3E7A276F
3E62542A
3E4979C7
3E2F92B5
3E149A23
3DF11843
3DB6CB7B
3D74948B
3CEE4DAE
BB2AF423
BD10E52D
BD8DB62D
BDD51806
BE0F454C
BE34FE9D
BE5BAE14
BE81A42C
BE95E058
BEAA8493
BEBF895A
BED4E6B8
BEEA9465
BF0044F1
BF0B5F4B
BF1694F8
BF21E1C3
BF2D4194
BF38B082
BF442ADB
BF4FAD2C
BF5B344B
BF66BD58
BF7245C1
BF7DCB42
BF84A5F2
BF8A62FE
BF901C12
BF95D09A
BF9B8024
BFA12A54
BFA6CEEA
BFAC6DB9
BFB206A5
BFB799A5
BFBD26B9
BFC2ADEF
BFC82F5B
BFCDAB19
BFD3214A
BFD89214
BFDDFD9F
BFE36414
BFE8C5A0
BFEE226F
BFF37AAB
BFF8CE82
BFFE1E1D
C001B4D4
C00458A5
C006FA96
C0099ABB
C00C3925
C00ED5E8
C0117113
C0140AB9
C016A2E9
C01939B1
C01BCF22
C01E6349
C020F633
C02387ED
C0261885
C028A805
C02B3678
C02DC3EB
C0305067
C032DBF6
C03566A1
C037F073
C03A7973
C03D01AA
C03F891F
C0420FDC
C04495E6
C0471B46
C049A001
C04C241F
C04EA7A5
C0512A99
C053AD02
C0562EE5
C058B046
C05B312C
C05DB19A
C0603196
C062B124
C0653048
C067AF06
C06A2D63
C06CAB61
C06F2906
C071A653
C074234E
C0769FF8
C0791C55
C07B9868
C07E1433
C08047DD
C0818580
C082C302
C0840067
C0853DAE
C0867AD9
C087B7E9
C088F4DE
C08A31BB
C08B6E7F
C08CAB2D
C08DE7C4
C08F2446
C09060B3
C0919D0C
C092D952
C0941585
C09551A7
C0968DB8
C097C9B9
C09905AA
C09A418C
C09B7D5F
C09CB925
C09DF4DC
C09F3087
C0A06C26
C0A1A7B8
C0A2E33F
C0A41EBB
C0A55A2C
C0A69593
C0A7D0F0
C0A90C43
C0AA478E
C0AB82CF
C0ACBE08
C0ADF939
C0AF3462
C0B06F84
C0B1AA9E
C0B2E5B1
C0B420BE
C0B55BC4
C0B696C4
C0B7D1BE
C0B90CB2
C0BA47A0
C0BB828A
3F383F81
3F381EB3
3F37FC83
3F37D8E1
3F37B3BD
3F378D05
3F3764A8
3F373A92
3F370EB1
3F36E0F0
3F36B138
3F367F74
3F364B8B
3F361566
3F35DCE9
3F35A1FA
3F35647C
3F352451
3F34E15A
3F349B75
3F345281
3F340657
3F33B6D4
3F3363CD
3F330D1A
3F32B28E
3F3253FB
3F31F12F
3F3189F8
3F311E20
3F30AD6E
3F3037A7
3F2FBC8C
3F2F3BDB
3F2EB54F
3F2E289F
3F2D957F
3F2CFB9E
3F2C5AA7
3F2BB240
3F2B020C
3F2A49A7
3F2988AA
3F28BEA6
3F27EB27
3F270DB4
3F2625CD
3F2532EA
3F24347C
3F2329EE
3F2212A2
3F20EDF1
3F1FBB2C
3F1E799A
3F1D2878
3F1BC6FB
3F1A544B
3F18CF85
3F1737BB
3F158BF2
3F13CB24
3F11F43B
3F100617
3F0DFF86
3F0BDF4B
3F09A418
3F074C8F
3F04D745
3F0242BE
3EFF1ADC
3EF96B76
3EF373F3
3EED30E0
3EE69EAF
3EDFB9B4
3ED87E2C
3ED0E83C
3EC8F3F9
3EC09D68
3EB7E084
3EAEB948
3EA523B0
3E9B1BC5
3E909DA4
3E85A58B
3E745FC2
3E5C7288
3E437D2D
3E297A1A
3E0E647C
3DE470BE
3DA9E5A0
3D5A47E8
3CB8AA21
BC182952
BD2CCD9C
BD9BF30B
BDE39F6C
BE16AF28
BE3C8F76
BE6366AC
BE8594AF
BE99E55C
BEAE9E56
BEC3B80D
BED92A7C
BEEEED4D
BF027BF8
BF0DA0E0
BF18E10C
BF24383E
BF2FA25A
BF3B1B6E
BF469FC2
BF522BDD
BF5DBC8E
BF694EF2
BF74E073
BF803764
BF85FBFE
BF8BBD2E
BF917A42
BF9732A7
BF9CE5E8
BFA293AC
BFA83BB2
BFADDDCD
BFB379E4
BFB90FED
BFBE9FE9
BFC429E8
BFC9ADFE
BFCF2C49
BFD4A4EB
BFDA180B
BFDF85D2
BFE4EE6B
BFEA5202
BFEFB0C6
BFF50AE1
BFFA6082
BFFFB1D4
C0027F81
C005241B
C007C6CD
C00A67AA
C00D06C5
C00FA430
C0123FFE
C014DA3E
C0177303
C01A0A5A
C01CA053
C01F34FC
C021C864
C0245A97
C026EBA1
C0297B90
C02C0A6E
C02E9846
C0312524
C033B111
C0363C16
C038C63E
C03B4F91
C03DD817
C0405FDA
C042E6DF
C0456D30
C047F2D3
C04A77D0
C04CFC2C
C04F7FEE
C052031C
C05485BC
C05707D4
C0598968
C05C0A7F
C05E8B1C
C0610B45
C0638AFF
C0660A4D
C0688933
C06B07B6
C06D85DA
C07003A3
C0728113
C074FE2E
C0777AF8
C079F773
C07C73A3
C07EEF8B
C080B597
C081F346
C08330D6
C0846E46
C085AB99
C086E8CF
C08825E9
C08962E9
C08A9FD0
C08BDC9E
C08D1955
C08E55F4
C08F927F
C090CEF4
C0920B55
C09347A2
C09483DD
C095C006
C096FC1E
C0983825
C099741C
C09AB004
C09BEBDD
C09D27A8
C09E6365
C09F9F15
C0A0DAB9
C0A21650
C0A351DB
C0A48D5C
C0A5C8D1
C0A7043C
C0A83F9D
C0A97AF4
C0AAB642
C0ABF187
C0AD2CC3
C0AE67F8
C0AFA324
C0B0DE48
C0B21965
C0B3547B
C0B48F8B
C0B5CA93
C0B70596
C0B84092
C0B97B88
C0BAB679
C0BBF164
3F375C6D
3F373B5D
3F3718E8
3F36F4FF
3F36CF91
3F36A88D
3F367FE0
3F365579
3F362942
3F35FB28
3F35CB15
3F3598F2
3F3564A7
3F352E1C
3F34F535
3F34B9D9
3F347BE9
3F343B49
3F33F7D7
3F33B174
3F3367FC
3F331B4B
3F32CB3A
3F3277A1
3F322057
3F31C52D
3F3165F7
3F310282
3F309A9C
3F302E0E
3F2FBCA0
3F2F4615
3F2ECA2F
3F2E48AB
3F2DC145
3F2D33B2
3F2C9FA7
3F2C04D1
3F2B62DD
3F2AB96F
3F2A082A
3F294EAA
3F288C86
3F27C150
3F26EC94
3F260DD8
3F25249A
3F243053
3F233073
3F222465
3F210B89
3F1FE539
3F1EB0C4
3F1D6D71
3F1C1A7C
3F1AB719
3F19426F
3F17BB9B
3F1621AE
3F1473AB
3F12B08C
3F10D739
3F0EE692
3F0CDD63
3F0ABA6E
3F087C63
3F0621E4
3F03A984
3F0111C6
3EFCB238
3EF6FBD3
3EF0FD06
3EEAB25A
3EE4183C
3EDD2AFD
3ED5E6D6
3ECE47EA
3EC64A47
3EBDE9F0
3EB522DD
3EABF103
3EA2505B
3E983CE9
3E8DB2C8
3E82AE31
3E6E570E
3E564ECB
3E3D3D58
3E231D1A
3E07E938
3DD73B7A
3D9C6F66
3D3ED518
3C80AEF5
BC852E14
BD49EDB2
BDAACED6
BDF2C8F0
BE1E6BB6
BE4474AF
BE6B755C
BE89B11D
BE9E172F
BEB2E5D0
BEC81560
BEDD9DCD
BEF376AF
BF04CBB4
BF0FFB9E
BF1B46BF
BF26A8D0
BF321DAB
BF3DA157
BF493016
BF54C669
BF606119
BF6BFD3E
BF77983D
BF8197E6
BF8760F7
BF8D267B
BF92E7BD
BF98A429
BF9E5B4B
BFA40CCB
BFA9B866
BFAF5DF3
BFB4FD57
BFBA968A
BFC0298F
BFC5B675
BFCB3D53
BFD0BE47
BFD63975
BFDBAF04
BFE11F1F
BFE689F3
BFEBEFAC
BFF15079
BFF6AC88
BFFC0407
C000AB91
C0035303
C005F86E
C0089BE8
C00B3D85
C00DDD57
C0107B73
C01317E9
C015B2CB
C0184C2A
C01AE415
C01D7A9C
C0200FCE
C022A3B8
C0253668
C027C7EB
C02A584C
C02CE799
C02F75DB
C032031E
C0348F6C
C0371AD0
C039A551
C03C2EFA
C03EB7D4
C0413FE5
C043C737
C0464DD2
C048D3BB
C04B58FB
C04DDD98
C0506198
C052E502
C05567DC
C057EA2B
C05A6BF5
C05CED3E
C05F6E0D
C061EE65
C0646E4C
C066EDC5
C0696CD5
C06BEB81
C06E69CC
C070E7B9
C073654D
C075E28A
C0785F75
C07ADC10
C07D585F
C07FD464
C0812811
C08265CE
C083A36B
C084E0E8
C0861E46
C0875B88
C08898AE
C089D5B9
C08B12A9
C08C4F81
C08D8C42
C08EC8EB
C090057E
C09141FB
C0927E64
C093BABA
C094F6FC
C096332D
C0976F4B
C098AB59
C099E757
C09B2345
C09C5F24
C09D9AF5
C09ED6B7
C0A0126D
C0A14E15
C0A289B1
C0A3C542
C0A500C6
C0A63C40
C0A777AF
C0A8B314
C0A9EE6F
C0AB29C1
C0AC650A
C0ADA04A
C0AEDB81
C0B016B1
C0B151D8
C0B28CF8
C0B3C811
C0B50323
C0B63E2E
C0B77933
C0B8B432
C0B9EF2B
C0BB2A1E
C0BC650B
3F366E84
3F364D30
3F362A75
3F360642
3F35E088
3F35B935
3F359037
3F35657A
3F3538EC
3F350A77
3F34DA05
3F34A780
3F3472D0
3F343BDB
3F340288
3F33C6BA
3F338855
3F33473B
3F33034C
3F32BC66
3F327266
3F322529
3F31D486
3F318056
3F31286F
3F30CCA3
3F306CC4
3F3008A0
3F2FA005
3F2F32BB
3F2EC089
3F2E4934
3F2DCC7C
3F2D4A1E
3F2CC1D6
3F2C3359
3F2B9E5A
3F2B0287
3F2A5F8C
3F29B50E
3F2902AE
3F284808
3F2784B4
3F26B841
3F25E23C
3F25022A
3F241789
3F2321D1
3F222072
3F2112D5
3F1FF85B
3F1ED05B
3F1D9A26
3F1C5501
3F1B0028
3F199ACC
3F182416
3F169B20
3F14FEF9
3F134EA7
3F11891F
3F0FAD4C
3F0DBA08
3F0BAE21
3F098856
3F074757
3F04E9C5
3F026E30
3EFFA633
3EFA2DE7
3EF4703E
3EEE69DC
3EE81749
3EE174EC
3EDA7F14
3ED331F6
3ECB89AF
3EC3824D
3EBB17CB
3EB2461E
3EA90937
3E9F5D0A
3E953D99
3E8AA6F9
3E7F2ABE
3E680A57
3E4FE5EC
3E36B736
3E1C7895
3E01252A
3DC971FE
3D8E6237
3D222EAF
3C0C81A2
BCC0C6A5
BD6853A5
BDBA50CD
BE014DFC
BE267EBD
BE4CB222
BE73DE11
BE8DFB78
BEA277DD
BEB75D17
BECCA375
BEE242D7
BEF832C2
BF073544
BF1270AF
BF1DC740
BF2934AA
BF34B4BD
BF40437B
BF4BDD1B
BF577E1A
BF63233A
BF6EC98E
BF7A6E77
BF8307D4
BF88D590
BF8E9F98
BF946536
BF9A25D7
BF9FE106
BFA5966B
BFAB45C5
BFB0EEE9
BFB691C0
BFBC2E40
BFC1C46F
BFC7545D
BFCCDE21
BFD261DB
BFD7DFB0
BFDD57CA
BFE2CA52
BFE83778
BFED9F6A
BFF30257
BFF8606F
BFFDB9DF
C001876B
C0042FC1
C006D606
C0097A51
C00C1CB5
C00EBD47
C0115C1A
C013F93F
C01694C9
C0192EC9
C01BC74F
C01E5E6A
C020F429
C023889B
C0261BCD
C028ADCD
C02B3EA7
C02DCE66
C0305D16
C032EAC3
C0357777
C038033C
C03A8E1B
C03D181E
C03FA14D
C04229B1
C044B153
C0473839
C049BE6C
C04C43F2
C04EC8D2
C0514D14
C053D0BC
C05653D1
C058D65A
C05B585B
C05DD9D9
C0605ADB
C062DB64
C0655B7A
C067DB20
C06A5A5C
C06CD932
C06F57A4
C071D5B8
C0745371
C076D0D3
C0794DE0
C07BCA9C
C07E470A
C0806197
C0819F85
C082DD50
C0841AFA
C0855884
C08695EF
C087D33D
C089106E
C08A4D84
C08B8A80
C08CC762
C08E042C
C08F40DF
C0907D7B
C091BA01
C092F673
C09432D1
C0956F1B
C096AB53
C097E779
C099238E
C09A5F92
C09B9B87
C09CD76C
C09E1343
C09F4F0B
C0A08AC6
C0A1C674
C0A30215
C0A43DAA
C0A57934
C0A6B4B2
C0A7F026
C0A92B8F
C0AA66EE
C0ABA244
C0ACDD90
C0AE18D3
C0AF540E
C0B08F41
C0B1CA6C
C0B3058F
C0B440AB
C0B57BC0
C0B6B6CE
C0B7F1D6
C0B92CD7
C0BA67D2
C0BBA2C8
C0BCDDB7
3F35753F
3F3553A5
3F3530A0
3F350C22
3F34E61A
3F34BE75
3F349523
3F346A0F
3F343D26
3F340E53
3F33DD80
3F33AA96
3F33757D
3F333E1B
3F330457
3F32C815
3F328937
3F32479F
3F32032E
3F31BBC1
3F317135
3F312366
3F30D22D
3F307D61
3F3024D8
3F2FC864
3F2F67D6
3F2F02FE
3F2E99A7
3F2E2B9A
3F2DB89F
3F2D4078
3F2CC2E7
3F2C3FA8
3F2BB675
3F2B2705
3F2A910A
3F29F432
3F295027
3F28A48F
3F27F10A
3F273534
3F2670A3
3F25A2E8
3F24CB8E
3F23EA19
3F22FE08
3F2206D1
3F2103E4
3F1FF4AA
3F1ED882
3F1DAEC4
3F1C76BD
3F1B2FB5
3F19D8E4
3F18717E
3F16F8A6
3F156D79
3F13CF05
3F121C4C
3F105444
3F0E75D6
3F0C7FDC
3F0A7121
3F084865
3F060455
3F03A390
3F0124A5
3EFD0C2B
3EF78C9E
3EF1C766
3EEBB923
3EE55E57
3EDEB367
3ED7B49E
3ED05E2C
3EC8AC2B
3EC09AA3
3EB8258C
3EAF48D6
3EA6006F
3E9C4845
3E921C56
3E8778B2
3E78B318
3E61767F
3E4934C0
3E2FE78F
3E158944
3DF429FC
3DBB0D84
3D7F6E5C
3D0446A2
3A94318E
BCFEFB84
BD840729
BDCA8086
BE09901F
BE2EEC2D
BE554BD4
BE7CA4E7
BE9275D9
BEA7098C
BEBC065B
BED16488
BEE71BE0
BEFD23DA
BF09B9D9
BF150146
BF2063CA
BF2BDD0D
BF3768D9
BF430326
BF4EA824
BF5A5448
BF660450
BF71B547
BF7D648B
BF8487E5
BF8A5A81
BF902940
BF95F36C
BF9BB872
BFA177DC
BFA73152
BFACE494
BFB29178
BFB837E8
BFBDD7DA
BFC37156
BFC9046D
BFCE9137
BFD417D6
BFD99870
BFDF132F
BFE48840
BFE9F7D2
BFEF6215
BFF4C739
BFFA276E
BFFF82E5
C0026CE6
C0051629
C007BD52
C00A6276
C00D05AB
C00FA704
C0124695
C014E471
C01780AA
C01A1B52
C01CB478
C01F4C2D
C021E280
C024777F
C0270B39
C0299DBB
C02C2F11
C02EBF48
C0314E6B
C033DC86
C03669A3
C038F5CD
C03B810D
C03E0B6D
C04094F6
C0431DB1
C045A5A5
C0482CDA
C04AB359
C04D3928
C04FBE4F
C05242D4
C054C6BD
C0574A11
C059CCD5
C05C4F0F
C05ED0C5
C06151FB
C063D2B8
C06652FE
C068D2D4
C06B523D
C06DD13E
C0704FDA
C072CE17
C0754BF6
C077C97C
C07A46AD
C07CC38C
C07F401B
C080DE2F
C0821C2C
C0835A06
C08497BE
C085D556
C08712CE
C0885028
C0898D66
C08ACA87
C08C078E
C08D447B
C08E814F
C08FBE0C
C090FAB1
C0923741
C09373BC
C094B022
C095EC74
C09728B4
C09864E1
C099A0FE
C09ADD09
C09C1904
C09D54F0
C09E90CD
C09FCC9B
C0A1085C
C0A2440F
C0A37FB6
C0A4BB50
C0A5F6DF
C0A73262
C0A86DDA
C0A9A947
C0AAE4AB
C0AC2004
C0AD5B55
C0AE969C
C0AFD1DB
C0B10D11
C0B2483F
C0B38365
C0B4BE85
C0B5F99C
C0B734AD
C0B86FB8
C0B9AABC
C0BAE5B9
C0BC20B1
C0BD5BA3
3F34700F
3F344E2C
3F342ADD
3F340611
3F33DFB7
3F33B7BF
3F338E15
3F3362A7
3F333561
3F33062D
3F32D4F5
3F32A1A3
3F326C1E
3F32344C
3F31FA14
3F31BD59
3F317DFE
3F313BE5
3F30F6ED
3F30AEF4
3F3063D8
3F301573
3F2FC39E
3F2F6E31
3F2F1500
3F2EB7DE
3F2E569D
3F2DF10A
3F2D86F1
3F2D181B
3F2CA44E
3F2C2B4F
3F2BACDC
3F2B28B4
3F2A9E8F
3F2A0E23
3F297723
3F28D93C
3F283417
3F27875B
3F26D2A6
3F261595
3F254FBC
3F2480AD
3F23A7F2
3F22C50E
3F21D77F
3F20DEBB
3F1FDA32
3F1EC94A
3F1DAB64
3F1C7FD6
3F1B45EE
3F19FCEF
3F18A415
3F173A8E
3F15BF81
3F143207
3F12912E
3F10DBF7
3F0F1157
3F0D3034
3F0B3769
3F0925BF
3F06F9F4
3F04B2B3
3F024E9B
3EFF9873
3EFA5419
3EF4CD04
3EEEFFF0
3EE8E97B
3EE28622
3EDBD247
3ED4CA30
3ECD6A0A
3EC5ADE9
3EBD91D2
3EB511B8
3EAC2986
3EA2D525
3E991081
3E8ED790
3E842660
3E71F23B
3E5A9843
3E4237F8
3E28CB04
3E0E4BBB
3DE56A71
3DAC06F8
3D60CE2B
3CCA1C88
BBD9A072
BD1FF597
BD9496A2
BDDB65EC
BE122EEC
BE37B827
BE5E45FE
BE82E716
BE972272
BEABCE78
BEC0E3E6
BED65AEF
BEEC2B4D
BF012632
BF0C5AB0
BF17AEA9
BF231DA7
BF2EA34C
BF3A3B56
BF45E1B6
BF519294
BF5D4A5D
BF6905C9
BF74C1DD
BF803DF9
BF8618DA
BF8BF08D
BF91C43A
BF979327
BF9D5CC3
BFA32097
BFA8DE4D
BFAE95A3
BFB44672
BFB9F0A2
BFBF942E
BFC5311C
BFCAC77F
BFD05771
BFD5E115
BFDB6492
BFE0E214
BFE659C9
BFEBCBE1
BFF1388E
BFF6A001
BFFC026B
C000AFFF
C0035C76
C00606B0
C008AEC5
C00B54CC
C00DF8D9
C0109B02
C0133B5A
C015D9F4
C01876E3
C01B1239
C01DAC07
C020445C
C022DB48
C02570DB
C0280522
C02A982B
C02D2A03
C02FBAB6
C0324A51
C034D8DE
C0376669
C039F2FC
C03C7EA2
C03F0963
C0419349
C0441C5D
C046A4A7
C0492C2F
C04BB2FD
C04E3918
C050BE88
C0534353
C055C77F
C0584B14
C05ACE16
C05D508C
C05FD27B
C06253E9
C064D4DA
C0675553
C069D55A
C06C54F2
C06ED420
C07152E8
C073D14E
C0764F56
C078CD03
C07B4A59
C07DC75B
C0802206
C0816038
C0829E45
C083DC2E
C08519F5
C086579B
C0879520
C088D288
C08A0FD2
C08B4CFF
C08C8A11
C08DC70A
C08F03E9
C09040B0
C0917D5F
C092B9F8
C093F67C
C09532EB
C0966F46
C097AB8E
C098E7C3
C09A23E7
C09B5FFA
C09C9BFC
C09DD7EE
C09F13D2
C0A04FA6
C0A18B6D
C0A2C726
C0A402D2
C0A53E72
C0A67A05
C0A7B58D
C0A8F10A
C0AA2C7C
C0AB67E4
C0ACA342
C0ADDE96
C0AF19E2
C0B05524
C0B1905E
C0B2CB8F
C0B406B9
C0B541DB
C0B67CF6
C0B7B80A
C0B8F317
C0BA2E1E
C0BB691F
C0BCA419
C0BDDF0E
3F335E5F
3F333C32
3F331895
3F32F378
3F32CCCB
3F32A47C
3F327A79
3F324EAE
3F322107
3F31F16F
3F31BFD0
3F318C12
3F31561D
3F311DD8
3F30E328
3F30A5F0
3F306614
3F302375
3F2FDDF2
3F2F9569
3F2F49B8
3F2EFAB8
3F2EA842
3F2E522E
3F2DF850
3F2D9A7A
3F2D387E
3F2CD22A
3F2C6748
3F2BF7A2
3F2B82FD
3F2B091D
3F2A89C2
3F2A04A8
3F297988
3F28E818
3F285009
3F27B10A
3F270AC2
3F265CD6
3F25A6E7
3F24E88F
3F242163
3F2350F3
3F2276C9
3F219268
3F20A34D
3F1FA8EE
3F1EA2B9
3F1D9015
3F1C7060
3F1B42F1
3F1A0714
3F18BC0C
3F176114
3F15F559
3F147801
3F12E824
3F1144CE
3F0F8D01
3F0DBFAE
3F0BDBBC
3F09E003
3F07CB4D
3F059C53
3F0351C3
3F00EA36
3EFCC875
3EF77C98
3EF1EDAD
3EEC186D
3EE5F972
3EDF8D35
3ED8D013
3ED1BE4F
3ECA540F
3EC28D66
3EBA6652
3EB1DAC2
3EA8E69D
3E9F85C5
3E95B421
3E8B6DA5
3E80AE59
3E6AE4CA
3E536C3B
3E3AEC1C
3E215E11
3E06BC69
3DD6046F
3D9C56F3
3D40D4CD
3C88EC79
BC71C025
BD41DAC0
BDA5E05D
BDED094A
BE1B2E9D
BE40E6FD
BE67A505
BE87AF2E
BE9C038E
BEB0C8F9
BEC5F81D
BEDB891A
BEF1739B
BF03D777
BF0F1916
BF1A7A29
BF25F632
BF3188C5
BF3D2D9B
BF48E098
BF549DDF
BF6061D3
BF6C2926
BF77F0D7
BF81DB1D
BF87BB7B
BF8D9881
BF937152
BF994538
BF9F139E
BFA4DC10
BFAA9E34
BFB059CE
BFB60EB3
BFBBBCCF
BFC1641C
BFC704A2
BFCC9E76
BFD231B3
BFD7BE7E
BFDD44FE
BFE2C561
BFE83FD7
BFEDB491
BFF323C2
BFF88D9D
BFFDF255
C001A90E
C0045692
C00701CE
C009AADA
C00C51CC
C00EF6BB
C01199BC
C0143AE3
C016DA43
C01977F0
C01C13FC
C01EAE78
C0214774
C023DF00
C026752C
C0290A05
C02B9D9B
C02E2FFA
C030C12F
C0335146
C035E04A
C0386E48
C03AFB49
C03D8757
C040127D
C0429CC5
C0452635
C047AED9
C04A36B6
C04CBDD7
C04F4441
C051C9FD
C0544F10
C056D383
C059575B
C05BDA9E
C05E5D52
C060DF7D
C0636123
C065E24C
C06862FA
C06AE334
C06D62FD
C06FE25A
C072614F
C074DFE0
C0775E11
C079DBE7
C07C5963
C07ED68A
C080A9B0
C081E7F3
C0832610
C0846409
C085A1DF
C086DF94
C0881D27
C0895A9C
C08A97F3
C08BD52D
C08D124C
C08E4F4F
C08F8C39
C090C90B
C09205C5
C0934268
C0947EF5
C095BB6D
C096F7D1
C0983421
C099705F
C09AAC8B
C09BE8A5
C09D24AE
C09E60A8
C09F9C92
C0A0D86D
C0A2143A
C0A34FF9
C0A48BAB
C0A5C750
C0A702E9
C0A83E76
C0A979F8
C0AAB56F
C0ABF0DB
C0AD2C3D
C0AE6796
C0AFA2E5
C0B0DE2B
C0B21969
C0B3549E
C0B48FCC
C0B5CAF1
C0B7060F
C0B84126
C0B97C36
C0BAB740
C0BBF243
C0BD2D40
C0BE6838
3F323F93
3F321D18
3F31F92C
3F31D3BC
3F31ACB9
3F318411
3F3159B2
3F312D87
3F30FF7C
3F30CF7D
3F309D73
3F306946
3F3032DE
3F2FFA21
3F2FBEF5
3F2F813D
3F2F40DB
3F2EFDB1
3F2EB79F
3F2E6E81
3F2E2235
3F2DD295
3F2D7F79
3F2D28B8
3F2CCE27
3F2C6F98
3F2C0CDB
3F2BA5BF
3F2B3A0D
3F2AC98F
3F2A540B
3F29D943
3F2958F7
3F28D2E3
3F2846BF
3F27B441
3F271B1B
3F267AF8
3F25D382
3F25245D
3F246D28
3F23AD7D
3F22E4F1
3F221314
3F21376E
3F205182
3F1F60CD
3F1E64C3
3F1D5CD2
3F1C4860
3F1B26CB
3F19F769
3F18B984
3F176C60
3F160F35
3F14A131
3F132178
3F118F20
3F0FE935
3F0E2EB7
3F0C5E97
3F0A77BA
3F0878F7
3F066115
3F042ECE
3F01E0CC
3EFEEB50
3EF9D7DC
3EF4842F
3EEEED1F
3EE90F60
3EE2E787
3EDC720A
3ED5AB42
3ECE8F6D
3EC71AAC
3EBF490D
3EB71689
3EAE7F0C
3EA57E75
3E9C10A3
3E923178
3E87DCE2
3E7A1DC8
3E638744
3E4BEED6
3E334D8F
3E199D0B
3DFDAF1F
3DC5F05C
3D8BF5BB
3D1F7282
3C09BA12
BCBE4574
BD653DE4
BDB7ECD7
BDFF7347
BE24939D
BE4A7D2F
BE716D85
BE8CAD17
BEA11B95
BEB5FB83
BECB4580
BEE0F199
BEF6F766
BF06A711
BF11F668
BF1D652C
BF28EED4
BF348EEC
BF40411F
BF4C014C
BF57CB8A
BF639C37
BF6F6FFA
BF7B43CF
BF838A81
BF89709B
BF8F5330
BF953163
BF9B0A7A
BFA0DDE2
BFA6AB25
BFAC71EB
BFB231F8
BFB7EB22
BFBD9D55
BFC3488E
BFC8ECD6
BFCE8A42
BFD420EF
BFD9B102
BFDF3AA7
BFE4BE0C
BFEA3B61
BFEFB2DA
BFF524AB
BFFA9108
BFFFF827
C002AD1C
C0055BB9
C0080802
C00AB20E
C00D59F7
C00FFFD1
C012A3B3
C01545B1
C017E5E0
C01A8453
C01D211C
C01FBC4D
C02255F6
C024EE29
C02784F4
C02A1A67
C02CAE8F
C02F417B
C031D336
C03463CE
C036F34F
C03981C3
C03C0F36
C03E9BB3
C0412742
C043B1EE
C0463BBF
C048C4BF
C04B4CF7
C04DD46C
C0505B29
C052E134
C0556693
C057EB4F
C05A6F6C
C05CF2F2
C05F75E7
C061F850
C0647A33
C066FB94
C0697C7A
C06BFCE8
C06E7CE4
C070FC72
C0737B96
C075FA54
C07878B1
C07AF6B0
C07D7454
C07FF1A2
C081374E
C08275A3
C083B3D2
C084F1DB
C0862FC1
C0876D84
C088AB27
C089E8AA
C08B260E
C08C6355
C08DA080
C08EDD90
C0901A86
C0915762
C0929427
C093D0D4
C0950D6B
C09649ED
C097865A
C098C2B3
C099FEF9
C09B3B2D
C09C774F
C09DB360
C09EEF61
C0A02B52
C0A16734
C0A2A307
C0A3DECC
C0A51A84
C0A6562F
C0A791CD
C0A8CD60
C0AA08E7
C0AB4463
C0AC7FD4
C0ADBB3B
C0AEF698
C0B031EB
C0B16D35
C0B2A877
C0B3E3B0
C0B51EE1
C0B65A0A
C0B7952B
C0B8D046
C0BA0B59
C0BB4665
C0BC816C
C0BDBC6B
C0BEF765
3F311307
3F30F03D
3F30CBFE
3F30A639
3F307EDD
3F3055D9
3F302B1A
3F2FFE8C
3F2FD01B
3F2F9FB1
3F2F6D38
3F2F3899
3F2F01BA
3F2EC882
3F2E8CD5
3F2E4E99
3F2E0DAD
3F2DC9F5
3F2D834E
3F2D3996
3F2CECAB
3F2C9C64
3F2C489D
3F2BF129
3F2B95DF
3F2B3690
3F2AD30C
3F2A6B20
3F29FE98
3F298D3B
3F2916D0
3F289B18
3F2819D2
3F2792BB
3F27058A
3F2671F5
3F25D7AC
3F25365C
3F248DAD
3F23DD43
3F2324BC
3F2263B3
3F2199BA
3F20C662
3F1FE932
3F1F01AD
3F1E0F4E
3F1D1189
3F1C07CC
3F1AF17C
3F19CDF5
3F189C8C
3F175C8C
3F160D37
3F14ADC5
3F133D61
3F11BB2E
3F102644
3F0E7DAB
3F0CC061
3F0AED59
3F090374
3F070188
3F04E65B
3F02B0A5
3F005F0E
3EFBE05E
3EF6C521
3EF16956
3EEBC9CE
3EE5E338
3EDFB227
3ED9330C
3ED2623A
3ECB3BEB
3EC3BC3C
3EBBDF36
3EB3A0CC
3EAAFCE3
3EA1EF59
3E987405
3E8E86C3
3E84237E
3E728C64
3E5BD5FE
3E441C5E
3E2B588B
3E11841A
3DED3293
3DB52649
3D75B67A
3CF92DB8
B98CD0DA
BD035D2F
BD851832
BDCAC4EE
BE095678
BE2E628B
BE547F74
BE7BA44D
BE91E345
BEA66D08
BEBB68A6
BED0CEAD
BEE69718
BEFCB969
BF099664
BF14F410
BF207123
BF2C0908
BF37B740
BF43776E
BF4F4563
BF5B1D30
BF66FB27
BF72DBEC
BF7EBC71
BF854CFF
BF8B3918
BF91217D
BF97054E
BF9CE3D3
BFA2BC76
BFA88EC2
BFAE5A60
BFB41F12
BFB9DCB2
BFBF932C
BFC5427D
BFCAEAB0
BFD08BDC
BFD6261F
BFDBB9A1
BFE1468E
BFE6CD15
BFEC4D69
BFF1C7BF
BFF73C4D
BFFCAB49
C0010A74
C003BCAF
C0066C70
C00919D1
C00BC4EA
C00E6DD2
C01114A1
C013B96E
C0165C4D
C018FD53
C01B9C93
C01E3A21
C020D60F
C023706D
C026094D
C028A0BF
C02B36D1
C02DCB91
C0305F0F
C032F157
C0358275
C0381277
C03AA167
C03D2F51
C03FBC3F
C042483C
C044D350
C0475D87
C049E6E8
C04C6F7C
C04EF74B
C0517E5D
C05404B9
C0568A68
C0590F6F
C05B93D5
C05E17A2
C0609AD9
C0631D83
C0659FA3
C0682140
C06AA25F
C06D2305
C06FA335
C07222F6
C074A24B
C0772138
C0799FC2
C07C1DEC
C07E9BBA
C0808C98
C081CB28
C0830990
C08447D0
C08585EB
C086C3E1
C08801B4
C0893F66
C08A7CF8
C08BBA6A
C08CF7BF
C08E34F7
C08F7213
C090AF15
C091EBFD
C09328CD
C0946585
C095A226
C096DEB2
C0981B28
C099578A
C09A93D9
C09BD015
C09D0C40
C09E4859
C09F8461
C0A0C059
C0A1FC42
C0A3381C
C0A473E8
C0A5AFA6
C0A6EB57
C0A826FB
C0A96293
C0AA9E1F
C0ABD9A0
C0AD1516
C0AE5082
C0AF8BE3
C0B0C73B
C0B2028A
C0B33DCF
C0B4790C
C0B5B441
C0B6EF6E
C0B82A93
C0B965B0
C0BAA0C7
C0BBDBD6
C0BD16DF
C0BE51E2
C0BF8CDF
3F2FD811
3F2FB4F5
3F2F9060
3F2F6A43
3F2F428C
3F2F1929
3F2EEE08
3F2EC114
3F2E9238
3F2E6161
3F2E2E75
3F2DF95F
3F2DC206
3F2D884E
3F2D4C1E
3F2D0D58
3F2CCBDE
3F2C8792
3F2C4051
3F2BF5FB
3F2BA86A
3F2B5779
3F2B02FF
3F2AAAD3
3F2A4ECA
3F29EEB4
3F298A62
3F2921A0
3F28B439
3F2841F6
3F27CA9B
3F274DEA
3F26CBA2
3F26437F
3F25B538
3F252082
3F24850C
3F23E284
3F233891
3F2286D6
3F21CCF1
3F210A7C
3F203F0A
3F1F6A29
3F1E8B60
3F1DA233
3F1CAE1A
3F1BAE8A
3F1AA2F0
3F198AAF
3F186523
3F1731A1
3F15EF72
3F149DD7
3F133C06
3F11C92B
3F104467
3F0EACD0
3F0D016F
3F0B413F
3F096B31
3F077E25
3F0578F1
3F035A58
3F012111
3EFD9784
3EF8B203
3EF38EAF
3EEE2A72
3EE8821B
3EE29256
3EDC57AE
3ED5CE91
3ECEF34F
3EC7C21A
3EC0370C
3EB84E27
3EB0035A
3EA75285
3E9E377F
3E94AE1A
3E8AB22E
3E803F9D
3E6AA4C2
3E53CD26
3E3BF0F0
3E23091F
3E090F3D
3DDBFB09
3DA39DEF
3D51FE19
3CB06166
BC18CEBC
BD293137
BD986235
BDDE71E3
BE135FDA
BE38A036
BE5EF2B8
BE832731
BE975448
BEABFA86
BEC1130F
BED69661
BEEC7C61
BF015E3F
BF0CA6E5
BF18138D
BF239F94
BF2F465C
BF3B0358
BF46D222
BF52AE81
BF5E9479
BF6A8058
BF766EB5
BF812E3F
BF87237B
BF8D15D9
BF930451
BF98EE03
BF9ED233
BFA4B04E
BFAA87DD
BFB0588B
BFB62218
BFBBE461
BFC19F52
BFC752EA
BFCCFF35
BFD2A44B
BFD8424E
BFDDD964
BFE369BD
BFE8F38A
BFEE76FE
BFF3F452
BFF96BBB
BFFEDD71
C00224D6
C004D850
C0078943
C00A37C7
C00CE3F7
C00F8DEB
C01235B9
C014DB7A
C0177F43
C01A2129
C01CC140
C01F5F9B
C021FC4D
C0249768
C02730FD
C029C91B
C02C5FD3
C02EF532
C0318948
C0341C22
C036ADCD
C0393E55
C03BCDC5
C03E5C2B
C040E98F
C04375FE
C0460180
C0488C1F
C04B15E4
C04D9ED9
C0502704
C052AE70
C0553522
C057BB22
C05A4078
C05CC52A
C05F493F
C061CCBD
C0644FA9
C066D20A
C06953E5
C06BD540
C06E561E
C070D686
C073567B
C075D603
C0785521
C07AD3DA
C07D5231
C07FD02A
C08126E5
C0826589
C083A404
C084E257
C0862083
C0875E8B
C0889C6E
C089DA30
C08B17D1
C08C5552
C08D92B4
C08ECFFA
C0900D23
C0914A31
C0928726
C093C401
C09500C4
C0963D70
C0977A06
C098B686
C099F2F2
C09B2F4A
C09C6B8F
C09DA7C2
C09EE3E3
C0A01FF3
C0A15BF3
C0A297E3
C0A3D3C4
C0A50F97
C0A64B5B
C0A78712
C0A8C2BC
C0A9FE5A
C0AB39EC
C0AC7572
C0ADB0ED
C0AEEC5E
C0B027C4
C0B16320
C0B29E73
C0B3D9BD
C0B514FE
C0B65037
C0B78B67
C0B8C690
C0BA01B1
C0BB3CCB
C0BC77DE
C0BDB2EA
C0BEEDF0
C0C028EF
3F2E8DFD
3F2E6A8C
3F2E45A0
3F2E1F28
3F2DF713
3F2DCD4E
3F2DA1C6
3F2D7469
3F2D4520
3F2D13D7
3F2CE076
3F2CAAE6
3F2C730D
3F2C38D2
3F2BFC19
3F2BBCC5
3F2B7AB8
3F2B35D3
3F2AEDF5
3F2AA2FA
3F2A54BE
3F2A031C
3F29ADEB
3F295500
3F28F830
3F28974D
3F283225
3F27C886
3F275A3A
3F26E708
3F266EB5
3F25F102
3F256DAF
3F24E476
3F24550F
3F23BF2D
3F232281
3F227EB5
3F21D372
3F21205A
3F20650B
3F1FA11D
3F1ED423
3F1DFDAA
3F1D1D3B
3F1C3255
3F1B3C72
3F1A3B07
3F192D7D
3F181339
3F16EB95
3F15B5E5
3F147171
3F131D7A
3F11B933
3F1043CA
3F0EBC5C
3F0D21FE
3F0B73B8
3F09B085
3F07D753
3F05E703
3F03DE65
3F01BC3E
3EFEFE84
3EFA4C2A
3EF55E99
3EF032DB
3EEAC5D8
3EE51459
3EDF1B05
3ED8D664
3ED242DF
3ECB5CC0
3EC42034
3EBC8951
3EB49412
3EAC3C62
3EA37E19
3E9A550A
3E90BD00
3E86B1CE
3E785EA0
3E6262F4
3E4B68BE
3E336880
3E1A5B2D
3E003A49
3DCA0003
3D914EAC
3D2CB0BF
3C48B88A
BC99E3BA
BD50B163
BDAC8672
BDF2FD5E
BE1DDAB8
BE4351A7
BE69DC1C
BE88B881
BE9D02CF
BEB1C6CB
BEC6FD8A
BEDC9F76
BEF2A460
BF0481D1
BF0FDA1A
BF1B566B
BF26F214
BF32A86C
BF3E74DA
BF4A52EB
BF563E5C
BF623327
BF6E2D8F
BF7A2A26
BF8312E7
BF890EE3
BF8F07D0
BF94FCA3
BF9AEC79
BFA0D698
BFA6BA6A
BFAC977A
BFB26D71
BFB83C12
BFBE0339
BFC3C2D5
BFC97AE4
BFCF2B76
BFD4D4A4
BFDA768F
BFE01163
BFE5A54F
BFEB3286
BFF0B93E
BFF639B0
BFFBB413
C0009451
C0034BCB
C0060092
C008B2C3
C00B6278
C00E0FCB
C010BAD4
C01363AD
C0160A6D
C018AF2A
C01B51F9
C01DF2EF
C0209220
C0232F9F
C025CB7E
C02865CF
C02AFEA1
C02D9605
C0302C0A
C032C0BE
C0355430
C037E66D
C03A7780
C03D0777
C03F965D
C042243D
C044B122
C0473D15
C049C822
C04C5250
C04EDBA8
C0516435
C053EBFC
C0567307
C058F95D
C05B7F05
C05E0406
C0608866
C0630C2D
C0658F5F
C0681203
C06A941E
C06D15B7
C06F96D1
C0721771
C074979E
C077175A
C07996AB
C07C1594
C07E941A
C0808920
C081C806
C08306BF
C084454E
C08583B4
C086C1F3
C088000C
C0893E01
C08A7BD3
C08BB983
C08CF714
C08E3485
C08F71D8
C090AF0F
C091EC2A
C093292B
C0946612
C095A2E1
C096DF98
C0981C39
C09958C4
C09A9539
C09BD19B
C09D0DE9
C09E4A25
C09F864E
C0A0C266
C0A1FE6E
C0A33A66
C0A4764E
C0A5B227
C0A6EDF3
C0A829B0
C0A96561
C0AAA104
C0ABDC9C
C0AD1828
C0AE53A8
C0AF8F1E
C0B0CA89
C0B205EA
C0B34142
C0B47C90
C0B5B7D5
C0B6F312
C0B82E46
C0B96972
C0BAA497
C0BBDFB4
C0BD1ACB
C0BE55DA
C0BF90E3
C0C0CBE5
3F2D3411
3F2D1049
3F2CEB02
3F2CC42C
3F2C9BB5
3F2C718B
3F2C459B
3F2C17D1
3F2BE817
3F2BB658
3F2B827E
3F2B4C6F
3F2B1414
3F2AD950
3F2A9C0A
3F2A5C24
3F2A197F
3F29D3FC
3F298B7A
3F293FD5
3F28F0EA
3F289E90
3F2848A1
3F27EEF1
3F279155
3F272F9D
3F26C998
3F265F14
3F25EFD9
3F257BB0
3F25025D
3F2483A0
3F23FF38
3F2374DF
3F22E44D
3F224D36
3F21AF47
3F210A2D
3F205D8E
3F1FA90C
3F1EEC45
3F1E26D0
3F1D5840
3F1C8022
3F1B9DFB
3F1AB14D
3F19B98F
3F18B636
3F17A6AA
3F168A50
3F156080
3F14288D
3F12E1BF
3F118B54
3F102481
3F0EAC6F
3F0D223D
3F0B84FD
3F09D3B7
3F080D63
3F0630EE
3F043D37
3F02310E
3F000B36
3EFB94BE
3EF6DA5B
3EF1E469
3EECAFEB
3EE739C8
3EE17EC3
3EDB7B80
3ED52C80
3ECE8E28
3EC79CBC
3EC05465
3EB8B131
3EB0AF18
3EA849FD
3E9F7DB4
3E964607
3E8C9EBF
3E8283A5
3E6FE122
3E59C2E0
3E42A4A0
3E2A7ED7
3E114A6F
3DEE01C2
3DB738A9
3D7C5EFD
3D05BC1B
3B27C840
BCEACE57
BD79F110
BDC18EC7
BE0438B8
BE28CC35
BE4E7C1C
BE7540FB
BE8E88D4
BEA2F1A3
BEB7D4B2
BECD2B01
BEE2ECE7
BEF91221
BF07C8F7
BF13319A
BF1EBE4A
BF2A6A4D
BF3630EB
BF420D80
BF4DFB8B
BF59F6C0
BF65FB0D
BF7204AA
BF7E1021
BF850D27
BF8B1033
BF910FFC
BF970B73
BF9D01B7
BFA2F20A
BFA8DBD7
BFAEBEA7
BFB49A25
BFBA6E15
BFC03A53
BFC5FECF
BFCBBB89
BFD17093
BFD71E06
BFDCC408
BFE262C3
BFE7FA6A
BFED8B31
BFF31552
BFF89904
BFFE1684
C001C706
C0047FEB
C007360D
C009E98A
C00C9A7C
C00F48FE
C011F52A
C0149F19
C01746E2
C019EC9C
C01C905F
C01F323E
C021D24D
C02470A2
C0270D4D
C029A861
C02C41EF
C02EDA07
C03170B8
C0340611
C0369A21
C0392CF6
C03BBE9B
C03E4F1D
C040DE89
C0436CE9
C045FA49
C04886B3
C04B1231
C04D9CCB
C050268D
C052AF7D
C05537A5
C057BF0D
C05A45BB
C05CCBB9
C05F510B
C061D5BA
C06459CC
C066DD47
C0696031
C06BE28F
C06E6468
C070E5C0
C073669C
C075E701
C07866F4
C07AE67A
C07D6596
C07FE44D
C0813151
C082704D
C083AF1C
C084EDC0
C0862C3A
C0876A8C
C088A8B7
C089E6BE
C08B24A1
C08C6262
C08DA002
C08EDD82
C0901AE4
C0915829
C0929552
C093D260
C0950F54
C0964C2F
C09788F1
C098C59D
C09A0232
C09B3EB2
C09C7B1E
C09DB775
C09EF3BA
C0A02FEC
C0A16C0D
C0A2A81D
C0A3E41C
C0A5200C
C0A65BED
C0A797BF
C0A8D383
C0AA0F3A
C0AB4AE4
C0AC8682
C0ADC213
C0AEFD99
C0B03914
C0B17485
C0B2AFEB
C0B3EB47
C0B5269A
C0B661E3
C0B79D24
C0B8D85D
C0BA138D
C0BB4EB5
C0BC89D6
C0BDC4F0
C0BF0003
C0C03B0F
C0C17614
3F2BC989
3F2BA567
3F2B7FC3
3F2B588C
3F2B2FB1
3F2B051E
3F2AD8C2
3F2AAA87
3F2A7A59
3F2A4821
3F2A13C9
3F29DD38
3F29A455
3F296905
3F292B2D
3F28EAB0
3F28A76E
3F286148
3F28181D
3F27CBC8
3F277C26
3F27290F
3F26D25B
3F2677E0
3F26196F
3F25B6DC
3F254FF3
3F24E481
3F247451
3F23FF28
3F2384CB
3F2304FA
3F227F73
3F21F3F1
3F21622A
3F20C9D1
3F202A94
3F1F841F
3F1ED618
3F1E2020
3F1D61D3
3F1C9ACA
3F1BCA95
3F1AF0C0
3F1A0CD3
3F191E4B
3F1824A1
3F171F47
3F160DA7
3F14EF22
3F13C311
3F1288C6
3F113F86
3F0FE690
3F0E7D17
3F0D0243
3F0B7532
3F09D4F4
3F08208F
3F0656FB
3F047724
3F027FE5
3F00700E
3EFC8CBC
3EF8030D
3EF34050
3EEE41A7
3EE90412
3EE38472
3EDDBF87
3ED7B1EE
3ED15824
3ECAAE89
3EC3B15C
3EBC5CC0
3EB4ACBC
3EAC9D43
3EA42A31
3E9B4F55
3E920872
3E88514A
3E7C4B3F
3E67028A
3E50C042
3E397C76
3E212F90
3E07D26E
3DDABCFD
3DA39BC2
3D546E0F
3CBA1A32
BBF7BCAB
BD1FA764
BD928235
BDD7857D
BE0F6C4C
BE3439AA
BE5A250C
BE809375
BE949B02
BEA923B0
BEBE2735
BED39E80
BEE981D1
BEFFC8D1
BF0B3553
BF16AF0E
BF224CDE
BF2E09FA
BF39E19D
BF45CF17
BF51CDDB
BF5DD98D
BF69EE13
BF76079A
BF811151
BF871DFF
BF8D286F
BF932F65
BF9931D1
BF9F2ECD
BFA5259E
BFAB15AB
BFB0FE80
BFB6DFC6
BFBCB942
BFC28AD2
BFC85466
BFCE1602
BFD3CFB7
BFD981A1
BFDF2BE7
BFE4CEB7
BFEA6A43
BFEFFEC4
BFF58C72
BFFB138A
C0004A24
C0030775
C005C1D5
C0087962
C00B2E39
C00DE076
C0109034
C0133D8F
C015E89F
C018917C
C01B3840
C01DDCFF
C0207FD0
C02320C8
C025BFFB
C0285D7B
C02AF95B
C02D93AC
C0302C7F
C032C3E3
C03559E9
C037EE9D
C03A820F
C03D144C
C03FA560
C0423557
C044C43D
C047521D
C049DF02
C04C6AF5
C04EF601
C051802F
C0540988
C0569214
C05919DC
C05BA0E7
C05E273D
C060ACE5
C06331E6
C065B646
C0683A0D
C06ABD3F
C06D3FE3
C06FC1FE
C0724397
C074C4B1
C0774551
C079C57E
C07C453A
C07EC48B
C080A1BA
C081E0FD
C0832010
C0845EF6
C0859DAF
C086DC3E
C0881AA4
C08958E3
C08A96FC
C08BD4F1
C08D12C3
C08E5073
C08F8E03
C090CB75
C09208C8
C09345FF
C094831A
C095C01B
C096FD02
C09839D1
C0997688
C09AB329
C09BEFB4
C09D2C29
C09E688B
C09FA4D9
C0A0E115
C0A21D3E
C0A35956
C0A4955E
C0A5D156
C0A70D3E
C0A84917
C0A984E3
C0AAC0A0
C0ABFC50
C0AD37F4
C0AE738C
C0AFAF18
C0B0EA98
C0B2260E
C0B36179
C0B49CDA
C0B5D832
C0B71380
C0B84EC5
C0B98A02
C0BAC536
C0BC0062
C0BD3B87
C0BE76A4
C0BFB1BB
C0C0ECCA
C0C227D3
3F2A4D9B
3F2A291C
3F2A0318
3F29DB7D
3F29B23A
3F29873B
3F295A6F
3F292BC0
3F28FB19
3F28C865
3F28938B
3F285C73
3F282304
3F27E723
3F27A8B5
3F27679B
3F2723B7
3F26DCE9
3F26930E
3F264604
3F25F5A5
3F25A1CB
3F254A4C
3F24EEFD
3F248FB2
3F242C3A
3F23C465
3F2357FE
3F22E6CF
3F22709D
3F21F52D
3F21743F
3F20ED90
3F2060D9
3F1FCDD2
3F1F342C
3F1E9396
3F1DEBB9
3F1D3C3D
3F1C84C0
3F1BC4E0
3F1AFC33
3F1A2A49
3F194EAF
3F1868EA
3F177877
3F167CCF
3F157562
3F146199
3F1340D4
3F12126D
3F10D5B2
3F0F89EA
3F0E2E50
3F0CC217
3F0B4467
3F09B45A
3F081100
3F06595E
3F048C6B
3F02A90E
3F00AE24
3EFD34F4
3EF8D99B
3EF44799
3EEF7C2E
3EEA7476
3EE52D6E
3EDFA3F1
3ED9D4BA
3ED3BC62
3ECD5761
3EC6A210
3EBF98A8
3EB83747
3EB079EF
3EA85C8A
3E9FDAF0
3E96F0E7
3E8D9A2E
3E83D27E
3E732B2A
3E5DBE79
3E4756AA
3E2FEBC0
3E177618
3DFBDD09
3DC69CD2
3D8F1FB8
3D2AB70B
3C4A3F78
BC9484C1
BD4BC71F
BDA90038
BDEE7548
BE1B1EE0
BE4028AB
BE665227
BE86C9DD
BE9AF204
BEAF9BFE
BEC4C16E
BEDA5B31
BEF06172
BF0365E0
BF0EC896
BF1A5431
BF2603E9
BF31D2E8
BF3DBC5B
BF49BB83
BF55CBC4
BF61E8B9
BF6E0E39
BF7A3868
BF8331DD
BF89467E
BF8F58AA
BF956722
BF9B70D5
BFA174DA
BFA77275
BFAD690D
BFB3582D
BFB93F7F
BFBF1EC9
BFC4F5EA
BFCAC4D2
BFD08B88
BFD64A1E
BFDC00B2
BFE1AF6E
BFE75680
BFECF61F
BFF28E82
BFF81FE7
BFFDAA8C
C0019757
C0045645
C0071231
C009CB38
C00C8178
C00F350E
C011E616
C01494AC
C01740E9
C019EAE8
C01C92BF
C01F3886
C021DC54
C0247E3E
C0271E58
C029BCB6
C02C596A
C02EF487
C0318E1C
C034263C
C036BCF4
C0395254
C03BE66B
C03E7945
C0410AF0
C0439B78
C0462AE9
C048B94E
C04B46B3
C04DD321
C0505EA3
C052E943
C0557308
C057FBFC
C05A8428
C05D0B93
C05F9245
C0621846
C0649D9C
C067224E
C069A663
C06C29E1
C06EACCD
C0712F2E
C073B109
C0763263
C078B342
C07B33AA
C07DB39F
C0801993
C0815922
C082987F
C083D7AA
C08516A7
C0865577
C087941B
C088D296
C08A10E9
C08B4F15
C08C8D1C
C08DCB00
C08F08C2
C0904663
C09183E4
C092C146
C093FE8C
C0953BB5
C09678C3
C097B5B8
C098F293
C09A2F56
C09B6C02
C09CA898
C09DE518
C09F2184
C0A05DDC
C0A19A21
C0A2D654
C0A41275
C0A54E85
C0A68A85
C0A7C675
C0A90256
C0AA3E28
C0AB79ED
C0ACB5A4
C0ADF14E
C0AF2CEC
C0B0687E
C0B1A404
C0B2DF7F
C0B41AF0
C0B55656
C0B691B2
C0B7CD05
C0B9084F
C0BA4390
C0BB7EC9
C0BCB9F9
C0BDF522
C0BF3043
C0C06B5D
C0C1A670
C0C2E17C
3F28BF72
3F289A93
3F28742C
3F284C29
3F28227B
3F27F70E
3F27C9CE
3F279AA7
3F276984
3F27364E
3F2700EE
3F26C94B
3F268F4C
3F2652D5
3F2613CB
3F25D20F
3F258D84
3F254607
3F24FB78
3F24ADB2
3F245C90
3F2407EC
3F23AF9A
3F235371
3F22F343
3F228EE0
3F222617
3F21B8B2
3F21467B
3F20CF38
3F2052AB
3F1FD095
3F1F48B2
3F1EBABD
3F1E266A
3F1D8B6B
3F1CE96F
3F1C401E
3F1B8F1E
3F1AD610
3F1A148D
3F194A2D
3F18767F
3F17990F
3F16B160
3F15BEF1
3F14C137
3F13B7A3
3F12A19D
3F117E83
3F104DAF
3F0F0E6D
3F0DC003
3F0C61AC
3F0AF299
3F0971F0
3F07DECA
3F063837
3F047D38
3F02ACC3
3F00C5BF
3EFD8E0B
3EF95EC4
3EF4FB20
3EF06079
3EEB8C08
3EE67AE6
3EE12A0B
3EDB964D
3ED5BC62
3ECF98DD
3EC92831
3EC266B1
3EBB5091
3EB3E1E7
3EAC16B0
3EA3EACF
3E9B5A14
3E926041
3E88F90B
3E7E404A
3E69A28B
3E541060
3E3D817B
3E25EDD0
3E0D4DB0
3DE733C0
3DB19775
3D737525
3CFE4B57
3AC5F8DC
BCEEF1C4
BD79DBC6
BDC07D79
BE0334A5
BE275622
BE4C9F03
BE730959
BE8D46BB
BEA190F0
BEB65DB5
BECBA698
BEE16463
BEF78F2A
BF070F32
BF128483
BF1E22D1
BF29E546
BF35C6FC
BF41C312
BF4DD4B9
BF59F74A
BF662650
BF725D96
BF7E9934
BF856ACA
BF8B87BD
BF91A202
BF97B857
BF9DC9A7
BFA3D50A
BFA9D9C0
BFAFD730
BFB5CCE7
BFBBBA8C
BFC19FE9
BFC77CDB
BFCD5156
BFD31D62
BFD8E111
BFDE9C86
BFE44FEB
BFE9FB71
BFEF9F50
BFF53BC3
BFFAD109
C0002FB1
C002F386
C005B425
C00871AD
C00B2C3F
C00DE3F7
C01098F6
C0134B56
C015FB35
C018A8AD
C01B53D8
C01DFCCE
C020A3A9
C023487E
C025EB64
C0288C70
C02B2BB4
C02DC946
C0306536
C032FF97
C0359878
C0382FEB
C03AC5FE
C03D5ABF
C03FEE3E
C0428086
C04511A5
C047A1A7
C04A3097
C04CBE81
C04F4B6F
C051D76C
C0546281
C056ECB7
C0597618
C05BFEAC
C05E867B
C0610D8D
C06393EA
C0661998
C0689EA0
C06B2306
C06DA6D2
C0702A0A
C072ACB3
C0752ED4
C077B071
C07A3190
C07CB235
C07F3266
C080D913
C08218BE
C0835834
C0849779
C085D68E
C0871575
C0885430
C08992C1
C08AD128
C08C0F69
C08D4D83
C08E8B79
C08FC94D
C09106FE
C0924490
C0938202
C094BF57
C095FC8F
C09739AB
C09876AD
C099B395
C09AF065
C09C2D1D
C09D69BE
C09EA64A
C09FE2C0
C0A11F23
C0A25B72
C0A397AE
C0A4D3D8
C0A60FF1
C0A74BF9
C0A887F1
C0A9C3DA
C0AAFFB4
C0AC3B80
C0AD773E
C0AEB2EF
C0AFEE93
C0B12A2B
C0B265B7
C0B3A138
C0B4DCAE
C0B6181A
C0B7537C
C0B88ED3
C0B9CA22
C0BB0568
C0BC40A4
C0BD7BD9
C0BEB706
C0BFF22B
C0C12D48
C0C2685F
C0C3A36F
3F271E32
3F26F8F0
3F26D222
3F26A9B5
3F267F98
3F2653B8
3F262601
3F25F65E
3F25C4BB
3F2590FF
3F255B15
3F2522E2
3F24E84E
3F24AB3C
3F246B91
3F24292F
3F23E3F5
3F239BC5
3F23507B
3F2301F3
3F22B008
3F225A91
3F220167
3F21A45C
3F214343
3F20DDED
3F207427
3F2005BB
3F1F9273
3F1F1A14
3F1E9C61
3F1E1919
3F1D8FF8
3F1D00B8
3F1C6B0E
3F1BCEAA
3F1B2B3B
3F1A8068
3F19CDD8
3F191328
3F184FF4
3F1783D1
3F16AE4F
3F15CEF7
3F14E54D
3F13F0CD
3F12F0EE
3F11E51F
3F10CCC6
3F0FA742
3F0E73E8
3F0D3208
3F0BE0E3
3F0A7FB5
3F090DAB
3F0789EC
3F05F38F
3F0449A2
3F028B25
3F00B70C
3EFD9879
3EF9931C
3EF55B93
3EF0EF53
3EEC4BAF
3EE76DDE
3EE252F3
3EDCF7E2
3ED7597B
3ED1746F
3ECB454B
3EC4C87D
3EBDFA51
3EB6D6F5
3EAF5A79
3EA780D3
3E9F45DF
3E96A566
3E8D9B22
3E8422C2
3E746FE1
3E5FACBA
3E49F386
3E333BE9
3E1B7DC9
3E02B167
3DD19EFD
3D9BA2B5
3D46C3F1
3CA349C0
BC20A26C
BD26B0ED
BD94FDCB
BDD9054F
BE0FB689
BE3417F9
BE59A2B8
BE802865
BE940D33
BEA87AFF
BEBD6C1E
BED2DA0E
BEE8BD84
BEFF0E7C
BF0AE229
BF166AF1
BF221CCF
BF2DF2DF
BF39E82B
BF45F7C3
BF521CC8
BF5E5284
BF6A9474
BF76DE56
BF81961B
BF87BD39
BF8DE2E2
BF9405A2
BF9A2432
BFA03D7C
BFA65094
BFAC5CBB
BFB26156
BFB85DF1
BFBE5236
BFC43DED
BFCA20F5
BFCFFB46
BFD5CCE5
BFDB95EB
BFE15679
BFE70EBD
BFECBEEA
BFF2673A
BFF807EC
BFFDA13F
C00199BA
C0045F68
C00721CB
C009E102
C00C9D2F
C00F5671
C0120CE7
C014C0AE
C01771E4
C01A20A4
C01CCD08
C01F772B
C0221F25
C024C50D
C02768F9
C02A0B00
C02CAB35
C02F49AD
C031E67A
C03481AE
C0371B5A
C039B38F
C03C4A5C
C03EDFCF
C04173F9
C04406E5
C04698A1
C0492939
C04BB8BA
C04E472F
C050D4A2
C053611E
C055ECAE
C058775A
C05B012B
C05D8A2C
C0601263
C06299D9
C0652095
C067A6A0
C06A2C00
C06CB0BB
C06F34D9
C071B85F
C0743B53
C076BDBC
C0793F9F
C07BC100
C07E41E6
C080612A
C081A128
C082E0EF
C0842081
C0855FE0
C0869F0F
C087DE0E
C0891CE0
C08A5B87
C08B9A04
C08CD859
C08E1688
C08F5491
C0909277
C091D03B
C0930DDD
C0944B60
C09588C4
C096C60B
C0980336
C0994046
C09A7D3C
C09BBA19
C09CF6DD
C09E338A
C09F7022
C0A0ACA3
C0A1E910
C0A32569
C0A461AF
C0A59DE3
C0A6DA05
C0A81616
C0A95217
C0AA8E08
C0ABC9EA
C0AD05BD
C0AE4182
C0AF7D3A
C0B0B8E5
C0B1F484
C0B33016
C0B46B9D
C0B5A719
C0B6E28A
C0B81DF1
C0B9594E
C0BA94A1
C0BBCFEC
C0BD0B2D
C0BE4666
C0BF8197
C0C0BCC0
C0C1F7E2
C0C332FC
C0C46E0F
3F2568F5
3F25434D
3F251C15
3F24F33A
3F24C8AB
3F249C54
3F246E22
3F243E00
3F240BD7
3F23D792
3F23A119
3F236852
3F232D23
3F22EF72
3F22AF20
3F226C11
3F222625
3F21DD3A
3F21912E
3F2141DE
3F20EF22
3F2098D3
3F203EC8
3F1FE0D4
3F1F7EC9
3F1F1876
3F1EADAA
3F1E3E2F
3F1DC9CC
3F1D5048
3F1CD163
3F1C4CDE
3F1BC275
3F1B31DE
3F1A9AD0
3F19FCFB
3F19580B
3F18ABA9
3F17F779
3F173B19
3F167624
3F15A82E
3F14D0C6
3F13EF74
3F1303BC
3F120D1A
3F110B02
3F0FFCE2
3F0EE21F
3F0DBA19
3F0C8423
3F0B3F8A
3F09EB91
3F08876F
3F071252
3F058B5F
3F03F1AC
3F024444
3F008227
3EFD548D
3EF9770B
3EF56975
3EF12958
3EECB425
3EE8072C
3EE31F9C
3EDDFA86
3ED894D7
3ED2EB5B
3ECCFABC
3EC6BF83
3EC03617
3EB95ABD
3EB2299E
3EAA9EC1
3EA2B616
3E9A6B72
3E91BA97
3E889F37
3E7E29EF
3E6A2EFB
3E5544E0
3E3F6305
3E2880FD
3E1096A0
3DEF3844
3DBB145B
3D84B406
3D18165C
3C087B4B
BCB11F04
BD580125
BDAE1ED0
BDF2A37D
BE1CC650
BE416A83
BE673A0B
BE87176D
BE9B208A
BEAFB384
BEC4CAA3
BEDA5F4F
BEF06A28
BF037188
BF0EE0A5
BF1A7DCA
BF264421
BF322EB6
BF3E3882
BF4A5C85
BF5695D2
BF62DFA0
BF6F355F
BF7B92BF
BF83F9DF
BF8A2A57
BF905921
BF9684C2
BF9CABF1
BFA2CD96
BFA8E8C1
BFAEFCB2
BFB508CF
BFBB0CA1
BFC107D5
BFC6FA32
BFCCE399
BFD2C403
BFD89B79
BFDE6A13
BFE42FF7
BFE9ED52
BFEFA25D
BFF54F53
BFFAF473
C0004901
C0031421
C005DBBD
C0089FF6
C00B60EF
C00E1ECA
C010D9A6
C01391A4
C01646E2
C018F97E
C01BA994
C01E573F
C021029B
C023ABBF
C02652C5
C028F7C4
C02B9AD0
C02E3C01
C030DB68
C033791B
C036152B
C038AFAB
C03B48A9
C03DE038
C0407665
C0430B40
C0459ED7
C0483137
C04AC26C
C04D5283
C04FE188
C0526F86
C054FC87
C0578896
C05A13BC
C05C9E04
C05F2775
C061B018
C06437F6
C066BF16
C0694580
C06BCB3C
C06E5050
C070D4C2
C073589A
C075DBDD
C0785E91
C07AE0BC
C07D6263
C07FE38B
C081321D
C082723A
C083B21E
C084F1CD
C0863147
C0877090
C088AFA8
C089EE93
C08B2D51
C08C6BE5
C08DAA4F
C08EE893
C09026B0
C09164A9
C092A27F
C093E033
C0951DC7
C0965B3C
C0979893
C098D5CD
C09A12EB
C09B4FEF
C09C8CD9
C09DC9AB
C09F0665
C0A04308
C0A17F95
C0A2BC0D
C0A3F871
C0A534C1
C0A670FF
C0A7AD2A
C0A8E945
C0AA254E
C0AB6147
C0AC9D31
C0ADD90D
C0AF14D9
C0B05099
C0B18C4A
C0B2C7F0
C0B40388
C0B53F16
C0B67A97
C0B7B60E
C0B8F17B
C0BA2CDD
C0BB6836
C0BCA385
C0BDDECB
C0BF1A09
C0C0553E
C0C1906B
C0C2CB91
C0C406AF
C0C541C6
3F239ECD
3F2378BC
3F235117
3F2327CA
3F22FCC5
3F22CFF4
3F22A143
3F22709C
3F223DEB
3F220918
3F21D20B
3F2198AA
3F215CDC
3F211E85
3F20DD88
3F2099C6
3F205320
3F200975
3F1FBCA2
3F1F6C82
3F1F18EF
3F1EC1C0
3F1E66CC
3F1E07E6
3F1DA4E0
3F1D3D89
3F1CD1AE
3F1C611A
3F1BEB93
3F1B70DE
3F1AF0BE
3F1A6AF1
3F19DF33
3F194D3A
3F18B4BB
3F181567
3F176EE9
3F16C0EA
3F160B0B
3F154CEC
3F148625
3F13B64B
3F12DCEB
3F11F98D
3F110BB4
3F1012DA
3F0F0E73
3F0DFDED
3F0CE0AB
3F0BB60A
3F0A7D5F
3F0935F3
3F07DF09
3F0677D8
3F04FF8B
3F037544
3F01D81A
3F002716
3EFCC26A
3EF90ACE
3EF5251C
3EF10EFB
3EECC5F6
3EE84777
3EE390CA
3EDE9F1B
3ED96F73
3ED3FEBB
3ECE49BA
3EC84D14
3EC2054B
3EBB6EBF
3EB485B1
3EAD4640
3EA5AC6E
3E9DB423
3E95592C
3E8C9744
3E836A14
3E739A75
3E5F78A7
3E4A65FB
3E3459C8
3E1D4B91
3E05331E
3DD81126
3DA38918
3D5980EE
3CCEAC55
BB7831AB
BD0B1BF5
BD85C07F
BDC85CE6
BE06B219
BE2A6A31
BE4F5418
BE756B77
BE8E5516
BEA28421
BEB73DF7
BECC7CCD
BEE239FA
BEF86E02
BF078859
BF130C97
BF1EBF0A
BF2A9ACF
BF369ADE
BF42BA21
BF4EF387
BF5B420F
BF67A0E4
BF740B64
BF803E97
BF86791B
BF8CB360
BF92EBB9
BF9920A8
BF9F50E0
BFA57B45
BFAB9EE6
BFB1BB00
BFB7CEF9
BFBDDA5A
BFC3DCD0
BFC9D623
BFCFC637
BFD5AD03
BFDB8A94
BFE15F05
BFE72A7D
BFECED2C
BFF2A74D
BFF8591E
BFFE02E1
C001D26E
C0049FAA
C0076949
C00A2F6F
C00CF23E
C00FB1DA
C0126E62
C01527F9
C017DEBE
C01A92CF
C01D444A
C01FF34B
C0229FEC
C0254A49
C027F279
C02A9895
C02D3CB2
C02FDEE8
C0327F4A
C0351DEC
C037BAE2
C03A563D
C03CF00E
C03F8866
C0421F55
C044B4EA
C0474932
C049DC3C
C04C6E15
C04EFEC9
C0518E64
C0541CF2
C056AA7D
C0593711
C05BC2B6
C05E4D78
C060D75E
C0636072
C065E8BC
C0687044
C06AF712
C06D7D2D
C070029D
C0728768
C0750B94
C0778F28
C07A122B
C07C94A1
C07F1690
C080CBFF
C0820C77
C0834CB4
C0848CB7
C085CC84
C0870C1B
C0884B7F
C0898AB1
C08AC9B5
C08C088C
C08D4737
C08E85B8
C08FC411
C0910243
C0924050
C0937E39
C094BBFF
C095F9A5
C097372B
C0987492
C099B1DC
C09AEF0A
C09C2C1C
C09D6914
C09EA5F3
C09FE2BA
C0A11F6A
C0A25C03
C0A39886
C0A4D4F5
C0A61150
C0A74D98
C0A889CE
C0A9C5F1
C0AB0204
C0AC3E06
C0AD79F9
C0AEB5DC
C0AFF1B1
C0B12D77
C0B26930
C0B3A4DD
C0B4E07C
C0B61C10
C0B75798
C0B89315
C0B9CE87
C0BB09EF
C0BC454C
C0BD80A1
C0BEBBEC
C0BFF72E
C0C13268
C0C26D9A
C0C3A8C4
C0C4E3E6
C0C61F01
3F21BEC4
3F219847
3F217030
3F21466E
3F211AEF
3F20EDA0
3F20BE6B
3F208D3C
3F2059FE
3F202497
3F1FECF1
3F1FB2F2
3F1F7680
3F1F377E
3F1EF5CF
3F1EB155
3F1E69F0
3F1E1F7E
3F1DD1DC
3F1D80E5
3F1D2C73
3F1CD45D
3F1C7878
3F1C1899
3F1BB48F
3F1B4C2A
3F1ADF37
3F1A6D7F
3F19F6CA
3F197ADB
3F18F974
3F187254
3F17E534
3F1751CC
3F16B7D0
3F1616F0
3F156ED5
3F14BF29
3F14078C
3F13479D
3F127EF4
3F11AD24
3F10D1BA
3F0FEC3D
3F0EFC2F
3F0E0109
3F0CFA3E
3F0BE73A
3F0AC760
3F099A0D
3F085E92
3F071439
3F05BA42
3F044FE3
3F02D447
3F01468D
3EFF4B94
3EFBE20C
3EF84E79
3EF48EB6
3EF0A083
3EEC8183
3EE82F3C
3EE3A715
3EDEE654
3ED9EA1F
3ED4AF7C
3ECF334C
3EC97252
3EC3692A
3EBD1451
3EB67020
3EAF78D1
3EA82A7C
3EA0811B
3E98788E
3E900C9B
3E8738F4
3E7BF275
3E689207
3E5447C6
3E3F0ADC
3E28D290
3E119653
3DF29BB9
3DBFE280
3D8AF213
3D277976
3C51B179
BC86B099
BD3FE5C2
BDA0A45C
BDE3C468
BE14AA05
BE38A89A
BE5DDB4B
BE821ED8
BE95E4CC
BEAA3B7A
BEBF1DED
BED48649
BEEA6DCE
BF006675
BF0BCDA7
BF176801
BF2330C2
BF2F22F4
BF3B3980
BF476F3E
BF53BF09
BF6023D1
BF6C98AD
BF7918EA
BF82D00D
BF891510
BF8F599A
BF959BF9
BF9BDAA8
BFA21458
BFA847E8
BFAE7466
BFB4990E
BFBAB543
BFC0C88F
BFC6D2A0
BFCCD33D
BFD2CA4D
BFD8B7C9
BFDE9BBF
BFE4764C
BFEA4799
BFF00FDC
BFF5CF4F
BFFB8633
C0009A67
C0036DB4
C0063D25
C00908E0
C00BD108
C00E95C2
C0115731
C0141579
C016D0BB
C0198918
C01C3EAF
C01EF19E
C021A202
C0244FF8
C026FB9A
C029A501
C02C4C46
C02EF181
C03194C7
C034362E
C036D5CA
C03973AE
C03C0FEE
C03EAA9B
C04143C5
C043DB7D
C04671D3
C04906D4
C04B9A8F
C04E2D12
C050BE69
C0534EA0
C055DDC4
C0586BE0
C05AF8FD
C05D8527
C0601068
C0629AC8
C0652451
C067AD0C
C06A3500
C06CBC36
C06F42B4
C071C884
C0744DAA
C076D22F
C0795618
C07BD96C
C07E5C30
C0806F35
C081B010
C082F0AB
C0843109
C085712D
C086B118
C087F0CC
C089304D
C08A6F9B
C08BAEB9
C08CEDA9
C08E2C6C
C08F6B04
C090A974
C091E7BB
C09325DD
C09463DA
C095A1B4
C096DF6C
C0981D03
C0995A7C
C09A97D6
C09BD513
C09D1235
C09E4F3C
C09F8C29
C0A0C8FD
C0A205B9
C0A3425F
C0A47EEF
C0A5BB69
C0A6F7CF
C0A83422
C0A97062
C0AAAC8F
C0ABE8AB
C0AD24B7
C0AE60B2
C0AF9C9E
C0B0D87B
C0B21449
C0B3500A
C0B48BBD
C0B5C764
C0B702FE
C0B83E8C
C0B97A0F
C0BAB587
C0BBF0F5
C0BD2C58
C0BE67B2
C0BFA302
C0C0DE4A
C0C21988
C0C354BF
C0C48FED
C0C5CB13
C0C70632
3F1FC7DA
3F1FA0EC
3F1F7861
3F1F4E26
3F1F2229
3F1EF457
3F1EC49B
3F1E92E0
3F1E5F0E
3F1E2910
3F1DF0CD
3F1DB62A
3F1D790D
3F1D395A
3F1CF6F4
3F1CB1BC
3F1C6990
3F1C1E51
3F1BCFD9
3F1B7E05
3F1B28AC
3F1ACFA7
3F1A72C9
3F1A11E7
3F19ACD1
3F194355
3F18D540
3F18625B
3F17EA6C
3F176D38
3F16EA7F
3F1661FF
3F15D372
3F153E8E
3F14A307
3F14008B
3F1356C6
3F12A55D
3F11EBF3
3F112A23
3F105F87
3F0F8BAE
3F0EAE27
3F0DC678
3F0CD41F
3F0BD697
3F0ACD52
3F09B7B9
3F08952F
3F07650F
3F0626AA
3F04D947
3F037C27
3F020E7B
3F008F70
3EFDFC42
3EFAB346
3EF741F5
3EF3A644
3EEFDE0A
3EEBE702
3EE7BECC
3EE362E8
3EDED0B9
3EDA057F
3ED4FE5C
3ECFB84F
3ECA3035
3EC462C9
3EBE4CA1
3EB7EA33
3EB137D3
3EAA31B1
3EA2D3DF
3E9B1A4F
3E9300D9
3E8A833A
3E819D1C
3E70942E
3E5D0B70
3E489711
3E332E2C
3E1CC7F3
3E055BC6
3DD9C295
3DA6A103
3D6287A0
3CE67495
B93EC405
BCF2F1D0
BD770580
BDBCB8AF
BE00310D
BE234003
BE478831
BE6D06E3
BE89DBD3
BE9DCA1A
BEB24A33
BEC7571B
BEDCEAE0
BEF2FEAF
BF04C56E
BF10437D
BF1BF4FA
BF27D513
BF33DEC2
BF400CDB
BF4C5A25
BF58C167
BF653D7E
BF71C96F
BF7E6076
BF857F0A
BF8BCF0D
BF921E5C
BF986B3B
BF9EB424
BFA4F7C1
BFAB34EE
BFB16AB7
BFB79855
BFBDBD2C
BFC3D8C4
BFC9EACC
BFCFF30D
BFD5F16D
BFDBE5E9
BFE1D091
BFE7B183
BFED88ED
BFF35705
BFF91C09
BFFED83D
C00245F5
C0051BAC
C007ED6C
C00ABB59
C00D859A
C0104C55
C0130FAE
C015CFC9
C0188CC9
C01B46CF
C01DFDFD
C020B271
C0236448
C02613A1
C028C096
C02B6B42
C02E13BD
C030BA20
C0335E82
C03600F9
C038A199
C03B4077
C03DDDA5
C0407936
C043133C
C045ABC6
C04842E4
C04AD8A6
C04D6D1A
C050004E
C052924E
C0552329
C057B2E9
C05A419A
C05CCF47
C05F5BFB
C061E7C0
C06472A0
C066FCA2
C06985D2
C06C0E36
C06E95D8
C0711CBE
C073A2F1
C0762877
C078AD58
C07B3199
C07DB541
C0801C2B
C0815D70
C0829E70
C083DF2F
C0851FB0
C0865FF5
C087A000
C088DFD3
C08A1F71
C08B5EDC
C08C9E15
C08DDD1F
C08F1BFB
C0905AAC
C0919933
C092D791
C09415C8
C09553DA
C09691C8
C097CF93
C0990D3D
C09A4AC7
C09B8832
C09CC580
C09E02B1
C09F3FC7
C0A07CC3
C0A1B9A5
C0A2F66F
C0A43322
C0A56FBE
C0A6AC44
C0A7E8B6
C0A92513
C0AA615E
C0AB9D96
C0ACD9BC
C0AE15D1
C0AF51D5
C0B08DC9
C0B1C9AF
C0B30585
C0B4414E
C0B57D09
C0B6B8B7
C0B7F458
C0B92FED
C0BA6B76
C0BBA6F5
C0BCE268
C0BE1DD2
C0BF5931
C0C09486
C0C1CFD3
C0C30B16
C0C44651
C0C58184
C0C6BCAF
C0C7F7D2
3F1DB907
3F1D91A5
3F1D68A1
3F1D3DE9
3F1D116B
3F1CE312
3F1CB2CA
3F1C807D
3F1C4C15
3F1C1579
3F1BDC93
3F1BA147
3F1B637A
3F1B2311
3F1ADFED
3F1A99F0
3F1A50F8
3F1A04E4
3F19B58F
3F1962D5
3F190C8E
3F18B291
3F1854B2
3F17F2C5
3F178C99
3F1721FD
3F16B2BB
3F163E9E
3F15C56C
3F1546E7
3F14C2D0
3F1438E4
3F13A8DC
3F13126F
3F12754F
3F11D12A
3F1125AB
3F107276
3F0FB72D
3F0EF36C
3F0E26C9
3F0D50D6
3F0C711E
3F0B8727
3F0A926F
3F09926F
3F088697
3F076E51
3F0648FE
3F0515F7
3F03D48B
3F028403
3F01239A
3EFF6506
3EFC5FCD
3EF935C1
3EF5E505
3EF26BA1
3EEEC782
3EEAF67E
3EE6F64B
3EE2C484
3EDE5EA5
3ED9C20A
3ED4EBF1
3ECFD973
3ECA878A
3EC4F30E
3EBF18B2
3EB8F507
3EB2847C
3EABC35C
3EA4ADD0
3E9D3FE3
3E95757E
3E8D4A70
3E84BA6F
3E778235
3E64B402
3E51014E
3E3C6119
3E26CA68
3E10345C
3DF12C83
3DBFCF53
3D8C4109
3D2CE4F6
3C72AD87
BC610EC0
BD31FDCE
BD984A42
BDDA0A60
BE0F2193
BE327ACB
BE570FCE
BE7CDDDF
BE91F03F
BEA608A8
BEBAB40B
BECFED54
BEE5AE7E
BEFBF09F
BF0955F9
BF14EBF6
BF20B5AB
BF2CAE35
BF38D07B
BF451740
BF517D35
BF5DFD0E
BF6A9193
BF7735B6
BF81F250
BF884CE1
BF8EA86E
BF950307
BF9B5AEB
BFA1AE8C
BFA7FC92
BFAE43D3
BFB4835A
BFBABA5E
BFC0E841
BFC70C8D
BFCD26ED
BFD33730
BFD93D3B
BFDF390C
BFE52AB7
BFEB125C
BFF0F02B
BFF6C45D
BFFC8F34
C001287B
C00404F8
C006DD37
C009B160
C00C819A
C00F4E0C
C01216DF
C014DC37
C0179E3A
C01A5D0B
C01D18CE
C01FD1A4
C02287AE
C0253B09
C027EBD4
C02A9A2A
C02D4628
C02FEFE7
C0329780
C0353D0A
C037E09C
C03A824C
C03D222D
C03FC054
C0425CD3
C044F7BD
C0479121
C04A2911
C04CBF9B
C04F54D0
C051E8BC
C0547B6D
C0570CF1
C0599D54
C05C2CA1
C05EBAE4
C0614828
C063D476
C0665FDA
C068EA5B
C06B7405
C06DFCDE
C07084F0
C0730C42
C07592DC
C07818C6
C07A9E06
C07D22A3
C07FA6A3
C0811507
C0825673
C083979B
C084D880
C0861925
C087598C
C08899B8
C089D9AB
C08B1968
C08C58F0
C08D9846
C08ED76B
C0901662
C091552C
C09293CB
C093D240
C095108E
C0964EB5
C0978CB7
C098CA97
C09A0854
C09B45F0
C09C836D
C09DC0CC
C09EFE0E
C0A03B33
C0A1783E
C0A2B52F
C0A3F207
C0A52EC7
C0A66B70
C0A7A803
C0A8E481
C0AA20EA
C0AB5D3F
C0AC9982
C0ADD5B2
C0AF11D1
C0B04DDF
C0B189DC
C0B2C5CB
C0B401AA
C0B53D7A
C0B6793D
C0B7B4F2
C0B8F09B
C0BA2C37
C0BB67C7
C0BCA34C
C0BDDEC6
C0BF1A35
C0C0559A
C0C190F5
C0C2CC47
C0C4078F
C0C542CF
C0C67E07
C0C7B936
C0C8F45E
3F1B913A
3F1B6960
3F1B3FE0
3F1B14A7
3F1AE7A3
3F1AB8BE
3F1A87E6
3F1A5503
3F1A1FFE
3F19E8C1
3F19AF32
3F197337
3F1934B5
3F18F38F
3F18AFA7
3F1868DE
3F181F13
3F17D223
3F1781EA
3F172E43
3F16D706
3F167C09
3F161D20
3F15BA1E
3F1552D3
3F14E70C
3F147694
3F140134
3F1386B2
3F1306D1
3F128150
3F11F5EB
3F11645C
3F10CC57
3F102D90
3F0F87B3
3F0EDA69
3F0E2558
3F0D681F
3F0CA25A
3F0BD39F
3F0AFB7E
3F0A1981
3F092D2D
3F083600
3F073371
3F0624EF
3F0509E2
3F03E1AB
3F02ABA1
3F016713
3F001346
3EFD5EEA
3EFA75A4
3EF76906
3EF43745
3EF0DE7E
3EED5CB7
3EE9AFDA
3EE5D5B6
3EE1CBFF
3EDD9049
3ED9200D
3ED478A0
3ECF973A
3ECA78F0
3EC51AB6
3EBF795C
3EB9918F
3EB35FDA
3EACE0A3
3EA6102D
3E9EEA9C
3E976BEF
3E8F9009
3E8752B0
3E7D5F1D
3E6B4478
3E584C7C
3E446E1C
3E2FA045
3E19D9E7
3E03120E
3DD67FE7
3DA4B628
3D616D33
3CE9C7A9
3A6D0086
BCE47712
BD6D0095
BDB6566C
BDF8A6B4
BE1EBA88
BE426144
BE67467D
BE86B3B9
BE9A5FCA
BEAEA439
BEC37CDB
BED8E489
BEEED52D
BF02A3E1
BF0E1A35
BF19C93D
BF25AC4C
BF31BE6F
BF3DFA79
BF4A5B16
BF56DAE5
BF637483
BF7022A4
BF7CE026
BF84D40F
BF8B3AF4
BF91A29C
BF98090C
BF9E6C7E
BFA4CB5F
BFAB244F
BFB17624
BFB7BFE3
BFBE00C2
BFC43822
BFCA658D
BFD088AF
BFD6A155
BFDCAF68
BFE2B2EA
BFE8ABEC
BFEE9A96
BFF47F18
BFFA59AE
C000154F
C002F919
C005D85B
C008B33F
C00B89ED
C00E5C8F
C0112B4D
C013F64F
C016BDBD
C01981BE
C01C4276
C01F0009
C021BA9A
C024724B
C027273A
C029D987
C02C894F
C02F36AE
C031E1BF
C0348A9A
C0373159
C039D613
C03C78DD
C03F19CD
C041B8F7
C044566E
C046F245
C0498C8D
C04C2557
C04EBCB2
C05152AF
C053E75B
C0567AC5
C0590CF9
C05B9E05
C05E2DF5
C060BCD3
C0634AAC
C065D78A
C0686378
C06AEE7D
C06D78A5
C07001F8
C0728A7F
C0751241
C0779947
C07A1F98
C07CA53B
C07F2A38
C080D74A
C082192B
C0835AC2
C0849C12
C085DD1E
C0871DE8
C0885E73
C0899EC2
C08ADED7
C08C1EB3
C08D5E5A
C08E9DCE
C08FDD0F
C0911C21
C0925B05
C09399BD
C094D84B
C09616B0
C09754EE
C0989306
C099D0FA
C09B0ECB
C09C4C7A
C09D8A0A
C09EC77A
C0A004CD
C0A14203
C0A27F1D
C0A3BC1D
C0A4F904
C0A635D2
C0A77289
C0A8AF29
C0A9EBB3
C0AB2828
C0AC6489
C0ADA0D6
C0AEDD11
C0B0193A
C0B15552
C0B29159
C0B3CD51
C0B50938
C0B64512
C0B780DC
C0B8BC9A
C0B9F84A
C0BB33ED
C0BC6F84
C0BDAB10
C0BEE690
C0C02205
C0C15D70
C0C298D1
C0C3D428
C0C50F76
C0C64ABB
C0C785F8
C0C8C12C
C0C9FC58
3F194F5B
3F192706
3F18FD06
3F18D148
3F18A3B9
3F187445
3F1842D6
3F180F58
3F17D9B3
3F17A1CE
3F176791
3F172AE2
3F16EBA4
3F16A9BB
3F166509
3F161D6D
3F15D2C7
3F1584F4
3F1533CF
3F14DF33
3F1486F7
3F142AF1
3F13CAF5
3F1366D5
3F12FE60
3F129165
3F121FAC
3F11A8FF
3F112D22
3F10ABD8
3F1024DF
3F0F97F5
3F0F04D0
3F0E6B26
3F0DCAA8
3F0D2303
3F0C73DF
3F0BBCE0
3F0AFDA7
3F0A35CC
3F0964E5
3F088A81
3F07A62B
3F06B764
3F05BDAB
3F04B874
3F03A72F
3F028942
3F015E0C
3F0024E3
3EFDBA2A
3EFB0BC9
3EF83D18
3EF54C75
3EF2382B
3EEEFE69
3EEB9D4B
3EE812D1
3EE45CE1
3EE07945
3EDC65AC
3ED81FA7
3ED3A4A7
3ECEF1FE
3ECA04DD
3EC4DA53
3EBF6F4E
3EB9C096
3EB3CAD2
3EAD8A86
3EA6FC0F
3EA01BAA
3E98E570
3E91555A
3E896740
3E8116E0
3E70BFB4
3E5E7B78
3E4B5802
3E374C30
3E224ED9
3E0C56DA
3DEAB650
3DBAA5CD
3D886AFB
3D27EAD5
3C69AD21
BC5F14BC
BD2EC019
BD954DBC
BDD5B49C
BE0C4DA5
BE2F02DF
BE52FA82
BE78337C
BE8F5581
BEA32E3B
BEB7A0AC
BECCA898
BEE240C9
BEF86313
BF07842D
BF131450
BF1EDD8F
BF2ADB2C
BF37081E
BF435F24
BF4FDAD7
BF5C75BD
BF692A60
BF75F35D
BF8165BD
BF87D6DC
BF8E4AB1
BF94BF0B
BF9B31E8
BFA1A17A
BFA80C28
BFAE708E
BFB4CD7B
BFBB21F3
BFC16D2A
BFC7AE7E
BFCDE57A
BFD411CA
BFDA333D
BFE049BD
BFE6554D
BFEC5602
BFF24C06
BFF8378C
BFFE18D4
C001F813
C004DEE8
C007C112
C00A9EBA
C00D780B
C0104D30
C0131E54
C015EBA0
C018B53C
C01B7B51
C01E3E05
C020FD7E
C023B9DE
C0267348
C02929DE
C02BDDBE
C02E8F08
C0313DD7
C033EA47
C0369474
C0393C75
C03BE262
C03E8653
C041285D
C043C895
C046670F
C04903DD
C04B9F13
C04E38C0
C050D0F5
C05367C2
C055FD36
C0589160
C05B244C
C05DB608
C06046A1
C062D621
C0656496
C067F209
C06A7E86
C06D0A15
C06F94C1
C0721E92
C074A793
C0772FCA
C079B740
C07C3DFC
C07EC407
C080A4B3
C081E711
C083291F
C0846AE3
C085AC5D
C086ED91
C0882E83
C0896F33
C08AAFA6
C08BEFDD
C08D2FDB
C08E6FA2
C08FAF34
C090EE93
C0922DC1
C0936CC1
C094AB93
C095EA3A
C09728B7
C098670C
C099A53B
C09AE344
C09C212A
C09D5EED
C09E9C90
C09FDA13
C0A11777
C0A254BE
C0A391E9
C0A4CEF9
C0A60BEE
C0A748CB
C0A88590
C0A9C23D
C0AAFED4
C0AC3B56
C0AD77C3
C0AEB41C
C0AFF062
C0B12C96
C0B268B8
C0B3A4C9
C0B4E0C9
C0B61CBA
C0B7589C
C0B89470
C0B9D035
C0BB0BED
C0BC4798
C0BD8336
C0BEBEC8
C0BFFA4F
C0C135CB
C0C2713C
C0C3ACA3
C0C4E800
C0C62354
C0C75E9E
C0C899DF
C0C9D518
C0CB1049
3F16F24B
3F16C977
3F169EF2
3F1672AA
3F16448C
3F161484
3F15E27B
3F15AE5D
3F157811
3F153F7F
3F15048F
3F14C725
3F148725
3F144473
3F13FEEF
3F13B67A
3F136AF2
3F131C34
3F12CA1C
3F127482
3F121B3E
3F11BE26
3F115D0E
3F10F7C6
3F108E1F
3F101FE3
3F0FACDF
3F0F34D8
3F0EB794
3F0E34D5
3F0DAC59
3F0D1DDA
3F0C8912
3F0BEDB4
3F0B4B70
3F0AA1F3
3F09F0E4
3F0937E7
3F087699
3F07AC95
3F06D96F
3F05FCB4
3F0515EE
3F04249F
3F032841
3F02204B
3F010C29
3EFFD682
3EFD79E0
3EFB0116
3EF86ABB
3EF5B554
3EF2DF50
3EEFE70C
3EECCACC
3EE988BE
3EE61EF9
3EE28B77
3EDECC1C
3EDADEAE
3ED6C0D4
3ED2701C
3ECDE9F0
3EC92B9C
3EC4324D
3EBEFB0B
3EB982BB
3EB3C621
3EADC1DC
3EA77266
3EA0D417
3E99E323
3E929B99
3E8AF969
3E82F863
3E752873
3E639108
3E512189
3E3DD0D8
3E2995BD
3E1466F9
3DFC76A2
3DCE134A
3D9D9201
3D55C2D6
3CD7C3B6
BA278CAF
BCEBB441
BD6DEBBF
BDB574A9
BDF6727E
BE1CFB08
BE4001B2
BE644DC7
BE84EF19
BE985810
BEAC5F73
BEC101F6
BED63B51
BEEC063C
BF012E3A
BF0C9B62
BF184689
BF242B3A
BF3044A4
BF3C8DAB
BF4900F8
BF55990F
BF62505D
BF6F2155
BF7C067C
BF847D41
BF8AFC2A
BF917D92
BF97FF3E
BF9E7F26
BFA4FB73
BFAB7285
BFB1E2F1
BFB84B84
BFBEAB3D
BFC5014E
BFCB4D15
BFD18E1B
BFD7C40D
BFDDEEBB
BFE40E11
BFEA2213
BFF02ADA
BFF62892
BFFC1B73
C00101DF
C003F0E1
C006DAE6
C009C019
C00CA0A6
C00F7CBA
C0125481
C0152826
C017F7D6
C01AC3BA
C01D8BFC
C02050C3
C0231236
C025D07A
C0288BB2
C02B4400
C02DF985
C030AC61
C0335CB1
C0360A90
C038B61C
C03B5F6C
C03E069B
C040ABBF
C0434EF0
C045F041
C0488FC9
C04B2D99
C04DC9C5
C050645F
C052FD77
C055951E
C0582B62
C05AC053
C05D53FF
C05FE673
C06277BB
C06507E5
C06796FC
C06A250A
C06CB21C
C06F3E3A
C071C96F
C07453C5
C076DD43
C07965F4
C07BEDDE
C07E750B
C0807DC0
C081C0A4
C0830333
C0844571
C0858762
C086C908
C0880A67
C0894B81
C08A8C58
C08BCCF1
C08D0D4C
C08E4D6C
C08F8D54
C090CD06
C0920C84
C0934BD0
C0948AEC
C095C9D9
C097089A
C0984731
C099859E
C09AC3E4
C09C0203
C09D3FFF
C09E7DD7
C09FBB8D
C0A0F923
C0A2369A
C0A373F3
C0A4B12F
C0A5EE4F
C0A72B54
C0A86840
C0A9A513
C0AAE1CF
C0AC1E73
C0AD5B02
C0AE977B
C0AFD3E0
C0B11032
C0B24C71
C0B3889D
C0B4C4B9
C0B600C3
C0B73CBE
C0B878A9
C0B9B485
C0BAF053
C0BC2C13
C0BD67C5
C0BEA36B
C0BFDF05
C0C11A93
C0C25615
C0C3918D
C0C4CCFA
C0C6085D
C0C743B6
C0C87F06
C0C9BA4D
C0CAF58B
C0CC30C1
3F1478E4
3F144F8C
3F14247E
3F13F7A8
3F13C8F7
3F139855
3F1365AD
3F1330E9
3F12F9F1
3F12C0AD
3F128503
3F1246D8
3F120610
3F11C28E
3F117C32
3F1132DC
3F10E66B
3F1096BA
3F1043A6
3F0FED06
3F0F92B2
3F0F347F
3F0ED241
3F0E6BC7
3F0E00E2
3F0D915C
3F0D1D00
3F0CA394
3F0C24DD
3F0BA09C
3F0B168E
3F0A866E
3F09EFF4
3F0952D3
3F08AEB9
3F080353
3F075048
3F06953A
3F05D1C6
3F050585
3F04300B
3F0350E4
3F026798
3F0173A8
3F00748F
3EFED37F
3EFCA54D
3EFA5D4F
3EF7FA3D
3EF57ABE
3EF2DD66
3EF020B6
3EED431B
3EEA42ED
3EE71E6C
3EE3D3C4
3EE06104
3EDCC426
3ED8FB07
3ED50366
3ED0DAE9
3ECC7F15
3EC7ED51
3EC322E2
3EBE1CEE
3EB8D876
3EB3525A
3EAD8755
3EA773FF
3EA114CB
3E9A6606
3E9363DC
3E8C0A55
3E845556
3E788148
3E678FD0
3E55CD60
3E4330E4
3E2FB126
3E1B44DB
3E05E2A8
3DDF027B
3DB02EC3
3D7E7022
3D1819B3
3C34E296
BC84A543
BD36A545
BD97ECB1
BDD702C2
BE0C4F01
BE2E629E
BE51BE42
BE76627A
BE8E2718
BEA1BF43
BEB5F764
BECACC24
BEE0392B
BEF63921
BF0662D6
BF11EBBE
BF1DB32C
BF29B499
BF35EB21
BF425194
BF4EE285
BF5B985D
BF686D74
BF755C23
BF812F6C
BF87B814
BF8E4574
BF94D51C
BF9B64C6
BFA1F25F
BFA87C09
BFAF001D
BFB57D2A
BFBBF1F8
BFC25D83
BFC8BEF9
BFCF15B8
BFD56147
BFDBA155
BFE1D5B3
BFE7FE4D
BFEE1B2B
BFF42C6A
BFFA3237
C0001666
C0030E39
C00600BB
C008EE17
C00BD679
C00EBA0E
C0119906
C014738D
C01749D2
C01A1C02
C01CEA48
C01FB4D0
C0227BC2
C0253F46
C027FF83
C02ABC9D
C02D76B8
C0302DF5
C032E274
C0359455
C03843B4
C03AF0AE
C03D9B5D
C04043DB
C042EA40
C0458EA2
C0483119
C04AD1BA
C04D7097
C0500DC5
C052A956
C055435A
C057DBE3
C05A7301
C05D08C2
C05F9D35
C0623068
C064C267
C0675341
C069E300
C06C71B1
C06EFF5D
C0718C10
C07417D4
C076A2B3
C0792CB5
C07BB5E4
C07E3E48
C08062F4
C081A667
C082E980
C0842C43
C0856EB3
C086B0D3
C087F2A7
C0893432
C08A7576
C08BB676
C08CF735
C08E37B6
C08F77FA
C090B805
C091F7D8
C0933776
C09476E0
C095B619
C096F523
C0983400
C09972B0
C09AB137
C09BEF95
C09D2DCC
C09E6BDD
C09FA9CB
C0A0E796
C0A22540
C0A362CA
C0A4A035
C0A5DD83
C0A71AB4
C0A857CA
C0A994C5
C0AAD1A7
C0AC0E71
C0AD4B24
C0AE87C0
C0AFC446
C0B100B8
C0B23D15
C0B37960
C0B4B598
C0B5F1BE
C0B72DD2
C0B869D7
C0B9A5CB
C0BAE1B0
C0BC1D87
C0BD594F
C0BE950A
C0BFD0B8
C0C10C59
C0C247EE
C0C38378
C0C4BEF6
C0C5FA6A
C0C735D3
C0C87132
C0C9AC88
C0CAE7D4
C0CC2317
C0CD5E52
3F11E1F8
3F11B818
3F118C7D
3F115F15
3F112FCB
3F10FE8A
3F10CB3E
3F1095CF
3F105E26
3F10242A
3F0FE7C0
3F0FA8CE
3F0F6737
3F0F22DE
3F0EDBA3
3F0E9165
3F0E4402
3F0DF357
3F0D9F3E
3F0D478F
3F0CEC22
3F0C8CCB
3F0C295C
3F0BC1A6
3F0B5578
3F0AE49D
3F0A6EDE
3F09F401
3F0973CA
3F08EDF9
3F08624C
3F07D07D
3F073841
3F06994D
3F05F34D
3F0545EE
3F0490D4
3F03D3A3
3F030DF5
3F023F64
3F016780
3F0085D7
3EFF33DC
3EFD468C
3EFB42B0
3EF9272B
3EF6F2D4
3EF4A46F
3EF23AB2
3EEFB440
3EED0FAA
3EEA4B6E
3EE765F5
3EE45D92
3EE13083
3EDDDCEF
3EDA60E1
3ED6BA4D
3ED2E70B
3ECEE4D8
3ECAB152
3EC649F8
3EC1AC2C
3EBCD52D
3EB7C219
3EB26FEB
3EACDB7C
3EA7017F
3EA0DE84
3E9A6EF5
3E93AF18
3E8C9B0E
3E852ED6
3E7ACC95
3E6A7A4F
3E595E15
3E476EEA
3E34A3A7
3E20F2FD
3E0C5386
3DED77A6
3DC044EF
3D90FC44
3D3F16B3
3CAF81CD
BBA156A0
BD04CC77
BD7A417E
BDBA522E
BDFA05F2
BE1E22AC
BE408BA2
BE643FEF
BE84A011
BE97C593
BEAB8F0B
BEBFFA17
BED50356
BEEAA662
BF006EE8
BF0BD196
BF177788
BF235C8F
BF2F7C13
BF3BD11D
BF485664
BF550665
BF61DB71
BF6ECFC6
BF7BDDA1
BF847FAB
BF8B17B3
BF91B443
BF9852E1
BF9EF13C
BFA58D36
BFAC24EA
BFB2B6A7
BFB940F9
BFBFC29F
BFC63A94
BFCCA802
BFD30A46
BFD960E6
BFDFAB91
BFE5EA1A
BFEC1C6F
BFF2429A
BFF85CBA
BFFE6B00
C00236D5
C0053282
C00828B1
C00B198C
C00E0543
C010EC05
C013CE03
C016AB6C
C0198470
C01C593E
C01F2A03
C021F6EB
C024C021
C02785CE
C02A481B
C02D072D
C02FC328
C0327C30
C0353266
C037E5E9
C03A96D9
C03D4551
C03FF16D
C0429B49
C04542FC
C047E89E
C04A8C48
C04D2E0D
C04FCE03
C0526C3D
C05508CF
C057A3C9
C05A3D3E
C05CD53E
C05F6BD8
C062011A
C0649514
C06727D3
C069B964
C06C49D2
C06ED92B
C0716779
C073F4C8
C0768120
C0790C8E
C07B9719
C07E20CB
C08054D7
C08198E4
C082DC91
C0841FE2
C08562DA
C086A57E
C087E7D0
C08929D3
C08A6B8B
C08BACFB
C08CEE25
C08E2F0D
C08F6FB5
C090B01E
C091F04D
C0933043
C0947002
C095AF8C
C096EEE4
C0982E0B
C0996D04
C09AABD0
C09BEA70
C09D28E7
C09E6737
C09FA55F
C0A0E364
C0A22144
C0A35F03
C0A49CA1
C0A5DA1F
C0A7177F
C0A854C2
C0A991E9
C0AACEF4
C0AC0BE6
C0AD48BF
C0AE8581
C0AFC22B
C0B0FEBE
C0B23B3D
C0B377A7
C0B4B3FD
C0B5F041
C0B72C72
C0B86891
C0B9A4A0
C0BAE09E
C0BC1C8D
C0BD586D
C0BE943E
C0BFD001
C0C10BB7
C0C24760
C0C382FD
C0C4BE8D
C0C5FA13
C0C7358D
C0C870FC
C0C9AC62
C0CAE7BD
C0CC230F
C0CD5E58
C0CE9999
3F0F2C56
3F0F01EA
3F0ED5BD
3F0EA7BD
3F0E77D6
3F0E45F3
3F0E11FD
3F0DDBDE
3F0DA37D
3F0D68C2
3F0D2B93
3F0CEBD3
3F0CA967
3F0C642F
3F0C1C0D
3F0BD0DF
3F0B8284
3F0B30D6
3F0ADBAF
3F0A82E9
3F0A2659
3F09C5D3
3F09612A
3F08F82E
3F088AAC
3F081870
3F07A141
3F0724E7
3F06A323
3F061BB5
3F058E5B
3F04FACD
3F0460C1
3F03BFE9
3F0317F3
3F026888
3F01B14E
3F00F1E6
3F0029EB
3EFEB1E8
3EFCFD24
3EFB349F
3EF95765
3EF76474
3EF55ABA
3EF33919
3EF0FE65
3EEEA95F
3EEC38B9
3EE9AB14
3EE6FEFD
3EE432EF
3EE1454E
3EDE346B
3EDAFE7E
3ED7A1AA
3ED41BF6
3ED06B51
3ECC8D8E
3EC88064
3EC4416B
3EBFCE1E
3EBB23D6
3EB63FCE
3EB11F1C
3EABBEB5
3EA61B68
3EA031E2
3E99FEA9
3E937E1F
3E8CAC81
3E8585E7
3E7C0C88
3E6C52D5
3E5BD614
3E4A8D6A
3E386FC3
3E2573DF
3E119056
3DF97755
3DCDD8A2
3DA03187
3D60DE55
3CF9FC35
3BA4F3C7
BCB0C5DC
BD4A2679
BDA06502
BDDE342D
BE0F4628
BE30BB6E
BE537D67
BE778E31
BE8E7731
BEA1CE71
BEB5CB64
BECA6BA1
BEDFABBB
BEF5873F
BF05FC56
BF117CBE
BF1D4113
BF294516
BF35841E
BF41F91C
BF4E9EB3
BF5B6F44
BF686509
BF757A23
BF81545A
BF87F57B
BF8E9DA6
BF954A29
BF9BF87D
BFA2A646
BFA9515D
BFAFF7D1
BFB697EA
BFBD302B
BFC3BF52
BFCA4452
BFD0BE53
BFD72CB1
BFDD8EF1
BFE3E4C2
BFEA2DF8
BFF06A84
BFF69A72
BFFCBDE4
C0016A87
C004701A
C0076FD1
C00A69D9
C00D5E5F
C0104D95
C01337AB
C0161CD3
C018FD41
C01BD924
C01EB0AF
C021840F
C0245374
C0271F09
C029E6F9
C02CAB6D
C02F6C8D
C0322A7F
C034E566
C0379D66
C03A529E
C03D052F
C03FB537
C04262D1
C0450E19
C047B728
C04A5E19
C04D0301
C04FA5F8
C0524712
C054E664
C0578402
C05A1FFD
C05CBA68
C05F5353
C061EACE
C06480EA
C06715B3
C069A939
C06C3B88
C06ECCAD
C0715CB6
C073EBAC
C076799C
C079068F
C07B9291
C07E1DAB
C08053F3
C08198A6
C082DCF2
C08420DC
C0856467
C086A797
C087EA70
C0892CF5
C08A6F2A
C08BB112
C08CF2B0
C08E3406
C08F7517
C090B5E7
C091F678
C09336CC
C09476E6
C095B6C7
C096F673
C09835EA
C0997530
C09AB447
C09BF32F
C09D31EA
C09E707C
C09FAEE4
C0A0ED25
C0A22B41
C0A36938
C0A4A70C
C0A5E4BE
C0A72250
C0A85FC3
C0A99D19
C0AADA51
C0AC176E
C0AD5470
C0AE9159
C0AFCE29
C0B10AE2
C0B24784
C0B38410
C0B4C087
C0B5FCEA
C0B73939
C0B87575
C0B9B1A0
C0BAEDB9
C0BC29C2
C0BD65BA
C0BEA1A4
C0BFDD7E
C0C1194A
C0C25508
C0C390BA
C0C4CC5E
C0C607F6
C0C74383
C0C87F04
C0C9BA7A
C0CAF5E6
C0CC3148
C0CD6CA0
C0CEA7EF
C0CFE334
3F0C56C8
3F0C2BCB
3F0BFF09
3F0BD06D
3F0B9FE3
3F0B6D57
3F0B38B2
3F0B01DC
3F0AC8BF
3F0A8D3F
3F0A4F44
3F0A0EB0
3F09CB67
3F09854A
3F093C3A
3F08F014
3F08A0B7
3F084DFE
3F07F7C1
3F079DDA
3F07401D
3F06DE5F
3F067872
3F060E24
3F059F43
3F052B9A
3F04B2F0
3F04350B
3F03B1AC
3F032894
3F02997D
3F020422
3F016835
3F00C569
3F001B6B
3EFED3C7
3EFD60EE
3EFBDD89
3EFA48CF
3EF8A1EB
3EF6E7FD
3EF51A18
3EF33745
3EF13E7F
3EEF2EB3
3EED06BF
3EEAC574
3EE86991
3EE5F1C4
3EE35CAA
3EE0A8CE
3EDDD4A5
3EDADE92
3ED7C4E0
3ED485C3
3ED11F59
3ECD8FA5
3EC9D491
3EC5EBEA
3EC1D362
3EBD888B
3EB908D9
3EB451A0
3EAF6013
3EAA3141
3EA4C217
3E9F0F5D
3E9915B8
3E92D1A4
3E8C3F7A
3E855B6E
3E7C431B
3E6D1B84
3E5D37A3
3E4C8EC1
3E3B17EC
3E28C9F8
3E159B8B
3E018322
3DD8EE4A
3DACDBDA
3D7D7763
3D1CF579
3C603223
BC459F12
BD1F8A3B
BD893DD3
BDC52D24
BE01D053
BE22520A
BE442084
BE673F4F
BE85D84A
BE98BA77
BEAC45A3
BEC07857
BED55023
BEEAC990
BF00700D
BF0BC718
BF176697
BF234AB9
BF2F6F2D
BF3BCF36
BF4865AF
BF552D23
BF621FDA
BF6F37F1
BF7C6F6D
BF84E02A
BF8B9260
BF924B7D
BF9908C1
BF9FC797
BFA68598
BFAD408F
BFB3F683
BFBAA5B3
BFC14C9C
BFC7E9F4
BFCE7CA9
BFD503E3
BFDB7EF8
BFE1ED70
BFE84EF8
BFEEA366
BFF4EAAD
BFFB24DB
C000A90B
C003B94B
C006C350
C009C745
C00CC557
C00FBDB5
C012B094
C0159E26
C01886A0
C01B6A37
C01E491D
C0212385
C023F9A0
C026CB9F
C02999AE
C02C63FB
C02F2AB0
C031EDF7
C034ADF5
C0376AD2
C03A24AF
C03CDBB0
C03F8FF5
C042419D
C044F0C5
C0479D8A
C04A4806
C04CF052
C04F9687
C0523ABC
C054DD07
C0577D7D
C05A1C32
C05CB939
C05F54A4
C061EE85
C06486EB
C0671DE8
C069B389
C06C47DE
C06EDAF4
C0716CD8
C073FD97
C0768D3C
C0791BD4
C07BA969
C07E3605
C08060DA
C081A63F
C082EB36
C0842FC3
C08573EC
C086B7B4
C087FB1E
C0893E2F
C08A80EA
C08BC352
C08D056B
C08E4738
C08F88BC
C090C9FA
C0920AF4
C0934BAD
C0948C28
C095CC67
C0970C6C
C0984C3A
C0998BD3
C09ACB39
C09C0A6E
C09D4973
C09E884B
C09FC6F8
C0A1057A
C0A243D5
C0A38208
C0A4C016
C0A5FE01
C0A73BC9
C0A87970
C0A9B6F7
C0AAF45F
C0AC31AA
C0AD6ED8
C0AEABEC
C0AFE8E5
C0B125C5
C0B2628D
C0B39F3D
C0B4DBD7
C0B6185B
C0B754CB
C0B89127
C0B9CD6F
C0BB09A6
C0BC45CA
C0BD81DD
C0BEBDE0
C0BFF9D3
C0C135B7
C0C2718C
C0C3AD53
C0C4E90D
C0C624B9
C0C76059
C0C89BED
C0C9D776
C0CB12F3
C0CC4E66
C0CD89CE
C0CEC52C
C0D00081
C0D13BCC
3F096016
3F093484
3F090726
3F08D7E9
3F08A6B8
3F08737E
3F083E24
3F080692
3F07CCB2
3F079067
3F075199
3F07102A
3F06CBFD
3F0684F3
3F063AED
3F05EDC8
3F059D61
3F054994
3F04F238
3F049726
3F043833
3F03D533
3F036DF6
3F03024B
3F029200
3F021CDD
3F01A2AB
3F01232E
3F009E28
3F001356
3EFF04EA
3EFDD677
3EFC9ABD
3EFB511C
3EF9F8EC
3EF8917E
3EF71A18
3EF591F7
3EF3F850
3EF24C4A
3EF08D04
3EEEB990
3EECD0F2
3EEAD224
3EE8BC0F
3EE68D90
3EE44572
3EE1E274
3EDF633F
3EDCC66E
3EDA0A85
3ED72DF9
3ED42F26
3ED10C54
3ECDC3B3
3ECA535B
3EC6B94C
3EC2F368
3EBEFF78
3EBADB27
3EB68403
3EB1F778
3EAD32D4
3EA83343
3EA2F5CB
3E9D7752
3E97B499
3E91AA39
3E8B54A8
3E84B036
3E7B7213
3E6CD64F
3E5D84DC
3E4D752F
3E3C9E7C
3E2AF7B4
3E187793
3E0514A4
3DE18A92
3DB6FF9B
3D8A74D9
3D37ADA3
3CAC48CE
BB7D7E77
BCF4D82B
BD69BB65
BDAEF38A
BDEB86E9
BE1552CC
BE362DC1
BE585934
BE7BD8C4
BE905754
BEA36DC1
BEB72F1E
BECB99F1
BEE0ABC4
BEF66115
BF065AA9
BF11D16A
BF1D9171
BF2996DA
BF35DD45
BF425FDF
BF4F196E
BF5C0461
BF691AE6
BF7656FE
BF81D947
BF8893C0
BF8F57E7
BF9622D0
BF9CF1AE
BFA3C1DE
BFAA90E9
BFB15C92
BFB822D3
BFBEE1E2
BFC59833
BFCC4476
BFD2E597
BFD97AB7
BFE0032C
BFE67E7B
BFECEC54
BFF34C8C
BFF99F19
BFFFE40C
C0030DC7
C00622ED
C009319F
C00C3A07
C00F3C55
C01238BC
C0152F71
C01820AB
C01B0CA0
C01DF386
C020D593
C023B2FB
C0268BF2
C02960A9
C02C3151
C02EFE16
C031C727
C0348CAC
C0374ECF
C03A0DB7
C03CC988
C03F8266
C0423873
C044EBCD
C0479C95
C04A4AE7
C04CF6DE
C04FA096
C0524826
C054EDA7
C0579130
C05A32D7
C05CD2AF
C05F70CD
C0620D43
C064A823
C067417F
C069D966
C06C6FE9
C06F0515
C07198FA
C0742BA4
C076BD21
C0794D7D
C07BDCC4
C07E6B00
C0807C1F
C081C243
C08307F2
C0844D31
C0859203
C086D66D
C0881A74
C0895E1A
C08AA165
C08BE458
C08D26F6
C08E6942
C08FAB41
C090ECF4
C0922E5F
C0936F85
C094B068
C095F10C
C0973171
C098719C
C099B18E
C09AF149
C09C30D0
C09D7025
C09EAF49
C09FEE3F
C0A12D08
C0A26BA5
C0A3AA1A
C0A4E866
C0A6268D
C0A7648E
C0A8A26D
C0A9E029
C0AB1DC5
C0AC5B41
C0AD989F
C0AED5E0
C0B01305
C0B1500F
C0B28CFF
C0B3C9D7
C0B50696
C0B6433F
C0B77FD1
C0B8BC4F
C0B9F8B7
C0BB350C
C0BC714E
C0BDAD7E
C0BEE99C
C0C025AA
C0C161A7
C0C29D95
C0C3D974
C0C51544
C0C65106
C0C78CBB
C0C8C864
C0CA03FF
C0CB3F8F
C0CC7B14
C0CDB68D
C0CEF1FC
C0D02D61
C0D168BC
C0D2A40D
3F064705
3F061AD9
3F05ECDB
3F05BCF7
3F058B1A
3F05572C
3F052118
3F04E8C5
3F04AE1A
3F0470FF
3F043156
3F03EF05
3F03A9ED
3F0361F0
3F0316EC
3F02C8BF
3F027746
3F02225B
3F01C9D7
3F016D91
3F010D5D
3F00A910
3F004078
3EFFA6CB
3EFEC347
3EFDD5F7
3EFCDE69
3EFBDC24
3EFACEAB
3EF9B578
3EF89001
3EF75DB4
3EF61DF7
3EF4D02A
3EF373A3
3EF207B0
3EF08B96
3EEEFE90
3EED5FD0
3EEBAE7C
3EE9E9B0
3EE8107B
3EE621E0
3EE41CD4
3EE2003F
3EDFCAFA
3EDD7BCF
3EDB1176
3ED88A97
3ED5E5C8
3ED3218C
3ED03C50
3ECD346F
3ECA082A
3EC6B5AF
3EC33B0F
3EBF9644
3EBBC52D
3EB7C58D
3EB39507
3EAF3124
3EAA974A
3EA5C4BE
3EA0B6A5
3E9B69FE
3E95DBA7
3E900857
3E89EC9F
3E8384EB
3E799B00
3E6B84F9
3E5CBFB1
3E4D42CE
3E3D05AE
3E2BFF69
3E1A26DA
3E07729E
3DE7B24C
3DBEA16F
3D939EFC
3D4D2E63
3CDDD948
3B451A14
BCB59218
BD4688AE
BD9B8883
BDD641E4
BE09C006
BE29A87F
BE4AE06A
BE6D6CBF
BE88A897
BE9B47FF
BEAE94EC
BEC28ED5
BED7343E
BEEC82AB
BF013B47
BF0C85A4
BF181D8E
BF23FF9A
BF3027D8
BF3C91D3
BF4938A2
BF5616F3
BF63271D
BF706330
BF7DC50D
BF85A33E
BF8C70A2
BF9347A1
BF9A253D
BFA1069B
BFA7E907
BFAEC9FE
BFB5A735
BFBC7E9A
BFC34E5A
BFCA14E1
BFD0D0D8
BFD78123
BFDE24E2
BFE4BB68
BFEB443A
BFF1BF06
BFF82BA3
BFFE8A0A
C0026D27
C0058E4F
C008A89B
C00BBC34
C00EC948
C011D008
C014D0AB
C017CB67
C01AC076
C01DB011
C0209A6F
C0237FC9
C0266056
C0293C4B
C02C13DC
C02EE73A
C031B696
C034821D
C03749FC
C03A0E5D
C03CCF68
C03F8D43
C0424813
C044FFFB
C047B51C
C04A6796
C04D1786
C04FC50A
C052703C
C0551937
C057C013
C05A64E7
C05D07CB
C05FA8D3
C0624813
C064E5A0
C067818B
C06A1BE6
C06CB4C2
C06F4C2F
C071E23D
C07476F9
C0770A72
C0799CB5
C07C2DCE
C07EBDCB
C080A65B
C081ED4E
C08333C3
C08479BF
C085BF47
C0870461
C088490F
C0898D57
C08AD13D
C08C14C4
C08D57F1
C08E9AC7
C08FDD49
C0911F7A
C092615F
C093A2F9
C094E44D
C096255C
C0976629
C098A6B7
C099E709
C09B2720
C09C6700
C09DA6A9
C09EE61F
C0A02563
C0A16477
C0A2A35D
C0A3E217
C0A520A7
C0A65F0E
C0A79D4D
C0A8DB67
C0AA195D
C0AB572F
C0AC94E0
C0ADD271
C0AF0FE3
C0B04D37
C0B18A6F
C0B2C78A
C0B4048C
C0B54173
C0B67E43
C0B7BAFA
C0B8F79B
C0BA3426
C0BB709D
C0BCACFF
C0BDE94D
C0BF2589
C0C061B3
C0C19DCB
C0C2D9D3
C0C415CB
C0C551B4
C0C68D8E
C0C7C959
C0C90517
C0CA40C7
C0CB7C6B
C0CCB803
C0CDF38F
C0CF2F10
C0D06A86
C0D1A5F1
C0D2E153
C0D41CAA
3F030A5A
3F02DD90
3F02AEED
3F027E5E
3F024BCE
3F021727
3F01E053
3F01A738
3F016BBE
3F012DCA
3F00ED42
3F00AA07
3F0063FD
3F001B03
3EFF9DF2
3EFEFF78
3EFE5A4F
3EFDAE2D
3EFCFAC1
3EFC3FB9
3EFB7CBC
3EFAB171
3EF9DD77
3EF9006A
3EF819E1
3EF7296D
3EF62E9A
3EF528EF
3EF417EC
3EF2FB0C
3EF1D1C2
3EF09B79
3EEF5798
3EEE057B
3EECA478
3EEB33D9
3EE9B2E3
3EE820CE
3EE67CCA
3EE4C5FA
3EE2FB78
3EE11C51
3EDF2784
3EDD1C04
3EDAF8B6
3ED8BC71
3ED665F9
3ED3F405
3ED16538
3ECEB826
3ECBEB4B
3EC8FD13
3EC5EBD3
3EC2B5C7
3EBF5918
3EBBD3D4
3EB823ED
3EB4473E
3EB03B83
3EABFE5A
3EA78D43
3EA2E59F
3E9E04AB
3E98E784
3E938B22
3E8DEC59
3E8807D7
3E81DA25
3E76BF47
3E69291B
3E5AE9ED
3E4BF996
3E3C4FA4
3E2BE35C
3E1AABBC
3E089F81
3DEB6A60
3DC3C632
3D9A3EC9
3D5D807C
3D026D1A
3C0C6DC6
BC81383D
BD28E082
BD8AEBC5
BDC3D2BD
BDFF3645
BE1E9317
BE3ED859
BE607114
BE81B12B
BE93D7F2
BEA6AE0A
BEBA33CE
BECE68B6
BEE34B45
BEF8D8F8
BF07871D
BF12F32C
BF1EADC0
BF2AB364
BF370014
BF438F49
BF505C06
BF5D60DD
BF6A980A
BF77FB80
BF82C280
BF899718
BF90785A
BF976324
BF9E5467
BFA54937
BFAC3ED0
BFB332A0
BFBA224E
BFC10BBC
BFC7ED0D
BFCEC4A3
BFD5911F
BFDC5161
BFE30483
BFE9A9D7
BFF040DE
BFF6C94A
BFFD42F2
C001D6E8
C00504FE
C0082BD2
C00B4B88
C00E6448
C0117644
C01481B0
C01786C4
C01A85BA
C01D7ECE
C020723C
C023603D
C026490E
C0292CE6
C02C0BFD
C02EE68A
C031BCC0
C0348ED0
C0375CEC
C03A2740
C03CEDF8
C03FB13F
C042713C
C0452E14
C047E7ED
C04A9EE9
C04D5328
C05004C9
C052B3EB
C05560A8
C0580B1D
C05AB363
C05D5991
C05FFDBF
C062A004
C0654074
C067DF23
C06A7C24
C06D1789
C06FB164
C07249C6
C074E0BD
C077765A
C07A0AAA
C07C9DBB
C07F2F9B
C080E02B
C08227FB
C0836F45
C084B60E
C085FC5A
C0874230
C0888793
C089CC89
C08B1115
C08C553C
C08D9902
C08EDC6B
C0901F7B
C0916235
C092A49C
C093E6B4
C0952880
C0966A03
C097AB3F
C098EC38
C09A2CF0
C09B6D6A
C09CADA8
C09DEDAD
C09F2D7A
C0A06D12
C0A1AC78
C0A2EBAC
C0A42AB0
C0A56988
C0A6A834
C0A7E6B6
C0A92510
C0AA6342
C0ABA150
C0ACDF3A
C0AE1D02
C0AF5AA8
C0B0982E
C0B1D596
C0B312E1
C0B4500F
C0B58D22
C0B6CA1B
C0B806FA
C0B943C2
C0BA8072
C0BBBD0B
C0BCF990
C0BE35FF
C0BF725A
C0C0AEA3
C0C1EAD9
C0C326FD
C0C46310
C0C59F12
C0C6DB05
C0C816E9
C0C952BE
C0CA8E85
C0CBCA3E
C0CD05EA
C0CE418A
C0CF7D1E
C0D0B8A6
C0D1F424
C0D32F96
C0D46AFE
C0D5A65C
3EFF51BE
3EFEF6E1
3EFE9848
3EFE35C9
3EFDCF3A
3EFD646F
3EFCF539
3EFC8167
3EFC08C6
3EFB8B22
3EFB0842
3EFA7FEC
3EF9F1E3
3EF95DE8
3EF8C3B7
3EF8230B
3EF77B9B
3EF6CD19
3EF61736
3EF5599D
3EF493F7
3EF3C5E6
3EF2EF0A
3EF20EFD
3EF12556
3EF031A3
3EEF3371
3EEE2A44
3EED159B
3EEBF4EE
3EEAC7B0
3EE98D4C
3EE84523
3EE6EE93
3EE588ED
3EE4137C
3EE28D80
3EE0F632
3EDF4CBC
3EDD9042
3EDBBFDA
3ED9DA8D
3ED7DF59
3ED5CD2E
3ED3A2EE
3ED15F6B
3ECF0167
3ECC8796
3EC9F097
3EC73AF9
3EC46535
3EC16DB1
3EBE52BF
3EBB1296
3EB7AB5A
3EB41B12
3EB05FAD
3EAC76FE
3EA85EBC
3EA4147D
3E9F95BC
3E9ADFD1
3E95EFF3
3E90C335
3E8B5687
3E85A6B5
3E7F60C7
3E72E021
3E65C426
3E580535
3E499B5F
3E3A7E65
3E2AA5BA
3E1A088B
3E089DB9
3DECB7CA
3DC672EB
3D9E5938
3D68AD83
3D10AEBF
3C52364A
BC2F7A19
BD10BDB9
BD7A377F
BDB4391C
BDEDC95A
BE14EEED
BE344359
BE54E92E
BE76E6B2
BE8D2088
BE9F7E11
BEB28D29
BEC64E30
BEDAC0A1
BEEFE2FE
BF02D960
BF0E1623
BF19A567
BF25843A
BF31AF16
BF3E21EA
BF4AD819
BF57CC8E
BF64F9C4
BF7259D8
BF7FE69E
BF86CCDA
BF8DB651
BF94AC71
BF9BAC07
BFA2B1F3
BFA9BB34
BFB0C4F8
BFB7CC9C
BFBECFB9
BFC5CC23
BFCCBFF1
BFD3A97B
BFDA875C
BFE1586C
BFE81BC2
BFEED0AB
BFF576A9
BFFC0D6C
C0014A66
C0048664
C007BABC
C00AE789
C00E0CEF
C0112B1A
C014423D
C0175291
C01A5C50
C01D5FB6
C0205D02
C0235473
C0264645
C02932B6
C02C1A02
C02EFC63
C031DA10
C034B33F
C0378825
C03A58F3
C03D25DA
C03FEF05
C042B4A2
C04576DA
C04835D3
C04AF1B3
C04DAA9E
C05060B6
C053141C
C055C4ED
C0587348
C05B1F47
C05DC906
C060709D
C0631625
C065B9B4
C0685B60
C06AFB3D
C06D9960
C07035DB
C072D0C0
C0756A20
C078020B
C07A9892
C07D2DC2
C07FC1AA
C0812A2C
C08272EC
C083BB1C
C08502C1
C08649E0
C0879081
C088D6A6
C08A1C57
C08B6196
C08CA669
C08DEAD5
C08F2EDC
C0907284
C091B5D0
C092F8C4
C0943B63
C0957DB0
C096BFAF
C0980163
C09942CF
C09A83F6
C09BC4DA
C09D057E
C09E45E4
C09F860F
C0A0C602
C0A205BE
C0A34546
C0A4849B
C0A5C3BF
C0A702B5
C0A8417F
C0A9801D
C0AABE92
C0ABFCDF
C0AD3B06
C0AE7908
C0AFB6E7
C0B0F4A3
C0B2323F
C0B36FBC
C0B4AD1A
C0B5EA5B
C0B72781
C0B8648B
C0B9A17C
C0BADE53
C0BC1B13
C0BD57BC
C0BE944F
C0BFD0CC
C0C10D35
C0C2498A
C0C385CC
C0C4C1FD
C0C5FE1B
C0C73A29
C0C87626
C0C9B214
C0CAEDF3
C0CC29C3
C0CD6586
C0CEA13B
C0CFDCE3
C0D1187F
C0D2540F
C0D38F94
C0D4CB0E
C0D6067D
C0D741E2
3EF842BE
3EF7E690
3EF78698
3EF722AD
3EF6BAA4
3EF64E4F
3EF5DD80
3EF56806
3EF4EDAC
3EF46E3C
3EF3E97F
3EF35F39
3EF2CF2D
3EF2391A
3EF19CBC
3EF0F9CD
3EF05002
3EEF9F0F
3EEEE6A0
3EEE2663
3EED5DFC
3EEC8D0F
3EEBB33A
3EEAD016
3EE9E337
3EE8EC2C
3EE7EA7E
3EE6DDB2
3EE5C545
3EE4A0AD
3EE36F5C
3EE230B9
3EE0E426
3EDF88FD
3EDE1E8F
3EDCA423
3EDB18F8
3ED97C44
3ED7CD30
3ED60ADC
3ED4345B
3ED248B5
3ED046E5
3ECE2DD6
3ECBFC69
3EC9B16A
3EC74B9B
3EC4C9AA
3EC22A32
3EBF6BBE
3EBC8CC3
3EB98BA4
3EB666AC
3EB31C0E
3EAFA9E8
3EAC0E3D
3EA846F5
3EA451DC
3EA02CA4
3E9BD4DC
3E9747F7
3E928346
3E8D83F7
3E884717
3E82C98B
3E7A102C
3E6DFEA5
3E61576A
3E541312
3E4629E7
3E3793DF
3E2848A3
3E183F8E
3E076FAD
3DEB9F8F
3DC6ACC0
3D9FF37A
3D6EBFBE
3D19BB7B
3C81629A
BBE43F46
BCFC327C
BD642B75
BDA7734E
BDDF38D5
BE0CBC81
BE2B22C1
BE4AD757
BE6BE1A2
BE872405
BE9907EA
BEAB9E7C
BEBEE8F6
BED2E7C2
BEE79A5E
BEFCFF4C
BF0989FF
BF14EA66
BF209E73
BF2CA327
BF38F4F1
BF458FAB
BF526EA8
BF5F8CB8
BF6CE43B
BF7A6F31
BF8413A6
BF8B0305
BF920264
BF990E71
BFA023E1
BFA73F84
BFAE5E46
BFB57D41
BFBC99C3
BFC3B154
BFCAC1BA
BFD1C900
BFD8C574
BFDFB5A7
BFE6986B
BFED6CD0
BFF43223
BFFAE7E3
C000C6E0
C00411C9
C00754AE
C00A8F9C
C00DC2B1
C010EE13
C01411F0
C0172E7F
C01A43FB
C01D52A0
C0205AB0
C0235C6A
C0265811
C0294DE4
C02C3E24
C02F290E
C0320EE0
C034EFD3
C037CC21
C03AA3FE
C03D77A0
C0404737
C04312F3
C045DB02
C0489F8D
C04B60BF
C04E1EBE
C050D9B0
C05391B6
C05646F4
C058F989
C05BA992
C05E572D
C0610276
C063AB86
C0665276
C068F75D
C06B9A53
C06E3B6C
C070DABD
C0737859
C0761454
C078AEBD
C07B47A7
C07DDF21
C0803A9D
C0818502
C082CEC4
C08417EB
C085607D
C086A880
C087EFFB
C08936F2
C08A7D6C
C08BC36C
C08D08F9
C08E4E16
C08F92C8
C090D714
C0921AFD
C0935E88
C094A1B8
C095E490
C0972715
C098694A
C099AB31
C09AECCF
C09C2E25
C09D6F36
C09EB006
C09FF096
C0A130EA
C0A27103
C0A3B0E4
C0A4F090
C0A63007
C0A76F4D
C0A8AE63
C0A9ED4B
C0AB2C07
C0AC6A98
C0ADA900
C0AEE741
C0B0255C
C0B16353
C0B2A127
C0B3DED9
C0B51C6B
C0B659DE
C0B79733
C0B8D46C
C0BA1189
C0BB4E8B
C0BC8B73
C0BDC844
C0BF04FC
C0C0419E
C0C17E2A
C0C2BAA1
C0C3F703
C0C53352
C0C66F8F
C0C7ABBA
C0C8E7D3
C0CA23DB
C0CB5FD4
C0CC9BBD
C0CDD797
C0CF1363
C0D04F21
C0D18AD3
C0D2C677
C0D4020F
C0D53D9C
C0D6791D
C0D7B493
C0D8EFFF
3EF0E558
3EF087CF
3EF0266E
3EEFC10D
3EEF577E
3EEEE994
3EEE7720
3EEDFFF0
3EED83CF
3EED0287
3EEC7BDE
3EEBEF99
3EEB5D7A
3EEAC53E
3EEA26A3
3EE9815E
3EE8D527
3EE821AE
3EE766A1
3EE6A3A9
3EE5D86D
3EE5048E
3EE427A8
3EE34153
3EE25123
3EE156A5
3EE05161
3EDF40D9
3EDE2489
3EDCFBE6
3EDBC660
3EDA835C
3ED9323C
3ED7D255
3ED662F7
3ED4E368
3ED352E4
3ED1B09E
3ECFFBBD
3ECE335F
3ECC5694
3ECA6460
3EC85BBC
3EC63B91
3EC402B9
3EC1B001
3EBF4225
3EBCB7CF
3EBA0F96
3EB74802
3EB45F83
3EB15477
3EAE2523
3EAACFB7
3EA7524A
3EA3AAD9
3E9FD747
3E9BD55A
3E97A2BA
3E933CF3
3E8EA16F
3E89CD76
3E84BE30
3E7EE13B
3E73C33D
3E681BD3
3E5BE41F
3E4F14F5
3E41A6D5
3E3391F0
3E24CE25
3E155302
3E0517C5
3DE826C1
3DC478F9
3D9F12F7
3D6FC210
3D1D9E14
3C8F2211
BB947417
BCE1D482
BD53ABE3
BD9D7E63
BDD382CE
BE05FB7E
BE2376F8
BE423CD2
BE62555F
BE81E412
BE934DD4
BEA56AAA
BEB83C9A
BECBC4EE
BEE00416
BEF4F996
BF0551F8
BF108049
BF1C05E5
BF27E05D
BF340CA7
BF408723
BF4D4B9C
BF5A554D
BF679EEF
BF7522C6
BF816D59
BF886021
BF8F6667
BF967CC8
BF9D9FDC
BFA4CC45
BFABFEBD
BFB3341D
BFBA696C
BFC19BE5
BFC8C8FE
BFCFEE71
BFD70A3A
BFDE1A9A
BFE51E1A
BFEC1385
BFF2F9E5
BFF9D083
C0004B6E
C003A651
C006F8D6
C00A4300
C00D84DE
C010BE8F
C013F03D
C0171A19
C01A3C5B
C01D5742
C0206B0F
C0237804
C0267E65
C0297E78
C02C787F
C02F6CBD
C0325B73
C03544E1
C0382943
C03B08D5
C03DE3CE
C040BA65
C0438CCE
C0465B39
C04925D6
C04BECD2
C04EB057
C051708D
C0542D9C
C056E7A7
C0599ED2
C05C533E
C05F050A
C061B453
C0646137
C0670BD0
C069B437
C06C5A87
C06EFED4
C071A137
C07441C3
C076E08D
C0797DA8
C07C1926
C07EB319
C080A5C9
C081F14F
C0833C28
C084865A
C085CFEC
C08718E5
C088614B
C089A924
C08AF077
C08C3747
C08D7D9B
C08EC377
C09008E2
C0914DDE
C0929270
C093D69E
C0951A6A
C0965DD8
C097A0ED
C098E3AC
C09A2618
C09B6835
C09CAA05
C09DEB8D
C09F2CCD
C0A06DCB
C0A1AE87
C0A2EF04
C0A42F46
C0A56F4E
C0A6AF1F
C0A7EEBA
C0A92E22
C0AA6D59
C0ABAC61
C0ACEB3B
C0AE29EA
C0AF686E
C0B0A6CA
C0B1E500
C0B3230F
C0B460FC
C0B59EC5
C0B6DC6D
C0B819F6
C0B95760
C0BA94AC
C0BBD1DC
C0BD0EF0
C0BE4BEB
C0BF88CC
C0C0C595
C0C20246
C0C33EE1
C0C47B67
C0C5B7D7
C0C6F434
C0C8307D
C0C96CB4
C0CAA8D9
C0CBE4ED
C0CD20F1
C0CE5CE5
C0CF98C9
C0D0D49F
C0D21067
C0D34C21
C0D487CE
C0D5C36F
C0D6FF04
C0D83A8D
C0D9760A
C0DAB17D
3EE93744
3EE8D856
3EE87582
3EE80E9E
3EE7A37E
3EE733F3
3EE6BFCE
3EE646DB
3EE5C8E5
3EE545B6
3EE4BD14
3EE42EC1
3EE39A7E
3EE3000A
3EE25F1F
3EE1B774
3EE108BD
3EE052AC
3EDF94EB
3EDECF25
3EDE00FD
3EDD2A14
3EDC4A05
3EDB6067
3EDA6CCC
3ED96EC0
3ED865C9
3ED75167
3ED63116
3ED50449
3ED3CA6D
3ED282E6
3ED12D13
3ECFC848
3ECE53D3
3ECCCEF8
3ECB38F0
3EC990EB
3EC7D60F
3EC60775
3EC4242D
3EC22B36
3EC01B87
3EBDF404
3EBBB387
3EB958D6
3EB6E2AA
3EB44FAA
3EB19E69
3EAECD69
3EABDB16
3EA8C5C9
3EA58BC3
3EA22B2E
3E9EA21B
3E9AEE81
3E970E3D
3E92FF0E
3E8EBE96
3E8A4A58
3E859FB7
3E80BBF3
3E773854
3E6C7AAC
3E613896
3E556B6E
3E490C3F
3E3C13C5
3E2E7A6C
3E203849
3E114523
3E01986A
3DE25285
3DBFDCFD
3D9BBD4D
3D6BBFF6
3D1C6218
3C927061
BB5E7481
BCD24CB5
BD48AF58
BD96564A
BDCAA40A
BE00AACB
BE1D3F87
BE3B19E5
BE5A430B
BE7AC377
BE8E5169
BE9FF3E6
BEB24BF5
BEC55BAE
BED92466
BEEDA697
BF0170E5
BF0C6A42
BF17BE17
BF236A88
BF2F6D1C
BF3BC2C2
BF4867C9
BF5557EB
BF628E4D
BF70058F
BF7DB7D7
BF85CF72
BF8CDA11
BF93F862
BF9B26EB
BFA26231
BFA9A6BF
BFB0F13A
BFB83E66
BFBF8B35
BFC6D4CE
BFCE1896
BFD55435
BFDC859A
BFE3AAFA
BFEAC2D2
BFF1CBE6
BFF8C53B
BFFFAE14
C00342F6
C006A63B
C00A00C5
C00D5297
C0109BC4
C013DC6C
C01714BB
C01A44E5
C01D6D28
C0208DC2
C023A6FA
C026B914
C029C459
C02CC911
C02FC782
C032BFF1
C035B2A3
C0389FDB
C03B87D6
C03E6AD4
C041490F
C04422C0
C046F81C
C049C956
C04C96A0
C04F6029
C052261C
C054E8A4
C057A7E9
C05A6411
C05D1D3F
C05FD397
C0628739
C0653843
C067E6D4
C06A9308
C06D3CF8
C06FE4BE
C0728A72
C0752E2C
C077D001
C07A7006
C07D0E4E
C07FAAED
C08122FA
C0826FBB
C083BBC0
C0850712
C08651B9
C0879BBB
C088E51F
C08A2DEC
C08B7627
C08CBDD8
C08E0503
C08F4BAE
C09091DE
C091D798
C0931CE1
C09461BD
C095A631
C096EA41
C0982DF1
C0997145
C09AB440
C09BF6E6
C09D393A
C09E7B40
C09FBCFB
C0A0FE6D
C0A23F99
C0A38083
C0A4C12C
C0A60198
C0A741C8
C0A881BF
C0A9C180
C0AB010C
C0AC4065
C0AD7F8E
C0AEBE88
C0AFFD55
C0B13BF7
C0B27A6F
C0B3B8C0
C0B4F6EA
C0B634EF
C0B772D1
C0B8B090
C0B9EE2F
C0BB2BAE
C0BC690F
C0BDA653
C0BEE37B
C0C02087
C0C15D7A
C0C29A54
C0C3D716
C0C513C0
C0C65055
C0C78CD4
C0C8C93F
C0CA0595
C0CB41D9
C0CC7E0B
C0CDBA2B
C0CEF63A
C0D03239
C0D16E28
C0D2AA08
C0D3E5DA
C0D5219E
C0D65D54
C0D798FD
C0D8D49A
C0DA102B
C0DB4BB1
C0DC872B
3EE13650
3EE0D5F1
3EE0719F
3EE0092E
3EDF9C72
3EDF2B3A
3EDEB557
3EDE3A94
3EDDBABD
3EDD3598
3EDCAAED
3EDC1A7C
3EDB8407
3EDAE749
3EDA43FE
3ED999DA
3ED8E891
3ED82FD3
3ED76F4B
3ED6A6A0
3ED5D576
3ED4FB6D
3ED4181D
3ED32B1D
3ED233FD
3ED13247
3ED02580
3ECF0D28
3ECDE8B7
3ECCB79F
3ECB794B
3ECA2D1D
3EC8D273
3EC7689F
3EC5EEEB
3EC4649A
3EC2C8E2
3EC11AF1
3EBF59EA
3EBD84E5
3EBB9AEB
3EB99AFC
3EB78409
3EB554F5
3EB30C93
3EB0A9AA
3EAE2AEB
3EAB8EFB
3EA8D468
3EA5F9AF
3EA2FD39
3E9FDD58
3E9C9849
3E992C2E
3E959715
3E91D6EE
3E8DE98E
3E89CCAF
3E857DEB
3E80FABD
3E7880FF
3E6E98D7
3E64372A
3E5955D9
3E4DEE78
3E41FA4D
3E35724F
3E284F22
3E1A8918
3E0C182E
3DF9E81B
3DDA2819
3DB8DE5D
3D95F850
3D62C57F
3D1613D8
3C8B6651
BB685F8B
BCCD835A
BD432A9F
BD91F5E4
BDC49812
BDF99134
BE187B27
BE356DEC
BE53AAC3
BE733AFE
BE8A13A3
BE9B3BB7
BEAD1928
BEBFAECB
BED2FEC7
BEE70A80
BEFBD27A
BF08AB23
BF13CA35
BF1F4528
BF2B1A1B
BF37468E
BF43C765
BF5098E2
BF5DB6AB
BF6B1BD0
BF78C2D6
BF8352E2
BF8A5F1D
BF9182BD
BF98BA48
BFA00230
BFA756E1
BFAEB4D2
BFB6188E
BFBD7EC5
BFC4E450
BFCC4644
BFD3A1F1
BFDAF4EF
BFE23D1B
BFE9789E
BFF0A5EB
BFF7C3BA
BFFED10C
C002E68F
C0065BB6
C009C7D1
C00D2ACF
C01084B5
C013D595
C0171D93
C01A5CDE
C01D93AD
C020C240
C023E8DA
C02707C5
C02A1F49
C02D2FB2
C030394B
C0333C5F
C0363935
C0393016
C03C2147
C03F0D09
C041F39E
C044D543
C047B233
C04A8AA6
C04D5ED2
C0502EEA
C052FB1D
C055C39C
C0588891
C05B4A25
C05E0882
C060C3CB
C0637C25
C06631B2
C068E492
C06B94E3
C06E42C3
C070EE4C
C073979A
C0763EC5
C078E3E5
C07B8711
C07E285E
C08063F0
C081B2D6
C08300EA
C0844E34
C0859ABE
C086E68F
C08831AF
C0897C25
C08AC5F9
C08C0F30
C08D57D3
C08E9FE6
C08FE76F
C0912E75
C09274FB
C093BB09
C09500A2
C09645CB
C0978A89
C098CEE0
C09A12D4
C09B5669
C09C99A2
C09DDC84
C09F1F13
C0A06150
C0A1A340
C0A2E4E5
C0A42642
C0A5675B
C0A6A832
C0A7E8C9
C0A92924
C0AA6943
C0ABA92B
C0ACE8DC
C0AE2859
C0AF67A4
C0B0A6BF
C0B1E5AC
C0B3246C
C0B46302
C0B5A16F
C0B6DFB4
C0B81DD3
C0B95BCE
C0BA99A6
C0BBD75C
C0BD14F1
C0BE5268
C0BF8FC0
C0C0CCFB
C0C20A1B
C0C34720
C0C4840C
C0C5C0DF
C0C6FD9A
C0C83A3E
C0C976CC
C0CAB345
C0CBEFAA
C0CD2BFB
C0CE683A
C0CFA466
C0D0E081
C0D21C8C
C0D35886
C0D49471
C0D5D04D
C0D70C1A
C0D847DA
C0D9838D
C0DABF32
C0DBFACC
C0DD365A
C0DE71DC
3ED8E065
3ED87E8D
3ED818B3
3ED7AEA9
3ED74044
3ED6CD53
3ED655A5
3ED5D906
3ED5573F
3ED4D017
3ED44354
3ED3B0B7
3ED317FE
3ED278E6
3ED1D328
3ED12679
3ED0728C
3ECFB70D
3ECEF3A9
3ECE2805
3ECD53C3
3ECC7681
3ECB8FD8
3ECA9F5D
3EC9A49D
3EC89F22
3EC78E6F
3EC67202
3EC54952
3EC413CF
3EC2D0E1
3EC17FEA
3EC02044
3EBEB13F
3EBD3225
3EBBA233
3EBA00A0
3EB84C96
3EB68535
3EB4A991
3EB2B8B2
3EB0B194
3EAE9325
3EAC5C44
3EAA0BC2
3EA7A05F
3EA518CA
3EA273A3
3E9FAF74
3E9CCAB6
3E99C3CC
3E969902
3E934891
3E8FD095
3E8C2F15
3E8861FB
3E846716
3E803C17
3E77BD24
3E6E97F4
3E650341
3E5AF96B
3E507489
3E456E66
3E39E083
3E2DC410
3E2111EC
3E13C2A4
3E05CE6E
3DEE5A5B
3DCFACE0
3DAF82DA
3D8DCA12
3D54DF5A
3D0AC06B
3C743D1D
BBA2E96B
BCD35DEF
BD4310DC
BD905718
BDC1594D
BDF4A4E7
BE1527CD
BE313766
BE4E8BA8
BE6D2E9E
BE8694E4
BE974300
BEA8A5A3
BEBAC04F
BECD95EC
BEE128B6
BEF57A1E
BF05455A
BF102D0A
BF1B7364
BF27171B
BF33164B
BF3F6E6E
BF4C1C5D
BF591C4C
BF6669CD
BF73FFDC
BF80EC71
BF87F763
BF8F1D81
BF965B5B
BF9DAD60
BFA50FEB
BFAC7F51
BFB3F7F2
BFBB763F
BFC2F6CF
BFCA7667
BFD1F202
BFD966DE
BFE0D27D
BFE832AE
BFEF858A
BFF6C978
BFFDFD27
C0028FC8
C00617F5
C00996D8
C00D0C46
C0107830
C013DA99
C0173398
C01A8352
C01DC9F9
C02107C8
C0243D01
C02769ED
C02A8ED8
C02DAC0E
C030C1DF
C033D09A
C036D88C
C039DA03
C03CD548
C03FCAA5
C042BA5E
C045A4B7
C04889F1
C04B6A48
C04E45F8
C0511D39
C053F040
C056BF3F
C0598A67
C05C51E5
C05F15E5
C061D690
C064940D
C0674E81
C06A060F
C06CBAD9
C06F6CFE
C0721C9D
C074C9D2
C07774B9
C07A1D6B
C07CC401
C07F6892
C081059B
C0825600
C083A582
C084F42C
C0864207
C0878F1A
C088DB6F
C08A270E
C08B71FD
C08CBC45
C08E05EC
C08F4EF9
C0909773
C091DF5F
C09326C2
C0946DA4
C095B408
C096F9F4
C0983F6E
C0998478
C09AC919
C09C0D53
C09D512C
C09E94A7
C09FD7C8
C0A11A92
C0A25D09
C0A39F30
C0A4E10B
C0A6229C
C0A763E6
C0A8A4EC
C0A9E5B0
C0AB2636
C0AC6680
C0ADA68F
C0AEE667
C0B0260A
C0B16579
C0B2A4B6
C0B3E3C4
C0B522A4
C0B66158
C0B79FE2
C0B8DE44
C0BA1C7E
C0BB5A93
C0BC9884
C0BDD652
C0BF13FF
C0C0518B
C0C18EF9
C0C2CC49
C0C4097D
C0C54695
C0C68393
C0C7C077
C0C8FD43
C0CA39F8
C0CB7696
C0CCB31E
C0CDEF91
C0CF2BF1
C0D0683D
C0D1A476
C0D2E09E
C0D41CB4
C0D558BA
C0D694AF
C0D7D096
C0D90C6E
C0DA4837
C0DB83F3
C0DCBFA2
C0DDFB45
C0DF36DB
C0E07265
3ED03394
3ECFD038
3ECF68C9
3ECEFD1C
3ECE8D03
3ECE184D
3ECD9EC8
3ECD203E
3ECC9C7A
3ECC1341
3ECB8457
3ECAEF7D
3ECA5471
3EC9B2EE
3EC90AAD
3EC85B60
3EC7A4BB
3EC6E668
3EC62013
3EC55160
3EC479EF
3EC3995E
3EC2AF44
3EC1BB34
3EC0BCBA
3EBFB35E
3EBE9EA3
3EBD7E03
3EBC50F5
3EBB16E5
3EB9CF3C
3EB87958
3EB71491
3EB5A036
3EB41B8C
3EB285D1
3EB0DE37
3EAF23E5
3EAD55FA
3EAB7386
3EA97B8E
3EA76D0B
3EA546E7
3EA307FE
3EA0AF1C
3E9E3AFF
3E9BAA51
3E98FBAC
3E962D98
3E933E86
3E902CD7
3E8CF6D0
3E899AA4
3E86166A
3E826822
3E7D1B5E
3E7509B3
3E6C9698
3E63BD21
3E5A7826
3E50C23A
3E4695A8
3E3BEC74
3E30C056
3E250AB8
3E18C4B5
3E0BE712
3DFCD484
3DE08CC7
3DC2E677
3DA3D074
3D8338F0
3D421AE5
3CF4EB6D
3C3D6B64
BBFAF2D8
BCE3BF3D
BD48539B
BD9172E1
BDC0E10D
BDF28A81
BE1342BB
BE2E7401
BE4AE3F5
BE689D37
BE83D500
BE940A04
BEA4F22B
BEB6918F
BEC8EBC7
BEDC03D5
BEEFDC04
BF023AEC
BF0CE8F9
BF17F7FA
BF236738
BF2F3565
BF3B609B
BF47E64F
BF54C34C
BF61F3BB
BF6F731B
BF7D3C4F
BF85A4D3
BF8CCA72
BF940BB1
BF9B650B
BFA2D2D7
BFAA515B
BFB1DCD2
BFB97180
BFC10BBF
BFC8A80C
BFD04311
BFD7D9B4
BFDF691A
BFE6EEB2
BFEE6839
BFF5D3B7
BFFD2F86
C0023D25
C005D97B
C0096C5D
C00CF586
C01074CC
C013EA1F
C0175584
C01AB714
C01E0EF6
C0215D60
C024A290
C027DECC
C02B1260
C02E3D9B
C03160D0
C0347C52
C0379073
C03A9D84
C03DA3D7
C040A3BA
C0439D78
C046915A
C0497FA7
C04C68A2
C04F4C8C
C0522BA1
C055061D
C057DC36
C05AAE23
C05D7C14
C060463A
C0630CC2
C065CFD7
C0688FA1
C06B4C47
C06E05ED
C070BCB7
C07370C6
C0762238
C078D12C
C07B7DBD
C07E2807
C0806812
C081BB15
C0830D19
C0845E29
C085AE4F
C086FD96
C0884C06
C08999A9
C08AE688
C08C32AA
C08D7E18
C08EC8D9
C09012F5
C0915C71
C092A556
C093EDA8
C095356E
C0967CAD
C097C36C
C09909AF
C09A4F7C
C09B94D6
C09CD9C3
C09E1E47
C09F6267
C0A0A626
C0A1E988
C0A32C90
C0A46F44
C0A5B1A4
C0A6F3B6
C0A8357C
C0A976FA
C0AAB831
C0ABF925
C0AD39D8
C0AE7A4D
C0AFBA87
C0B0FA87
C0B23A50
C0B379E4
C0B4B945
C0B5F876
C0B73777
C0B8764B
C0B9B4F3
C0BAF372
C0BC31C9
C0BD6FF9
C0BEAE04
C0BFEBEB
C0C129B0
C0C26753
C0C3A4D8
C0C4E23D
C0C61F85
C0C75CB1
C0C899C2
C0C9D6B9
C0CB1397
C0CC505C
C0CD8D0A
C0CEC9A2
C0D00625
C0D14293
C0D27EED
C0D3BB33
C0D4F768
C0D6338B
C0D76F9C
C0D8AB9E
C0D9E78F
C0DB2372
C0DC5F46
C0DD9B0C
C0DED6C4
C0E0126F
C0E14E0E
C0E289A1
3EC72E13
3EC6C928
3EC6601B
3EC5F2BF
3EC580E6
3EC50A5F
3EC48EF5
3EC40E75
3EC388A5
3EC2FD4D
3EC26C2D
3EC1D507
3EC13798
3EC0939A
3EBFE8C3
3EBF36C7
3EBE7D56
3EBDBC1C
3EBCF2C1
3EBC20EA
3EBB4634
3EBA623D
3EB97499
3EB87CDA
3EB77A8C
3EB66D35
3EB55454
3EB42F63
3EB2FDD7
3EB1BF1B
3EB07294
3EAF17A0
3EADAD93
3EAC33BB
3EAAA95A
3EA90DAB
3EA75FDE
3EA59F17
3EA3CA72
3EA1E0FD
3E9FE1B8
3E9DCB9A
3E9B9D88
3E99565B
3E96F4DC
3E9477C3
3E91DDB8
3E8F254F
3E8C4D0B
3E895359
3E863693
3E82F4FA
3E7F1975
3E77F7CB
3E7080E8
3E68B085
3E608224
3E57F10A
3E4EF83D
3E459282
3E3BBA59
3E3169FC
3E269B5A
3E1B4817
3E0F6985
3E02F8A7
3DEBDC54
3DD084CF
3DB3DAC1
3D95CD7C
3D6C9743
3D2A8644
3CCA8502
3BE52962
BC3DE735
BCFE8762
BD52E2DE
BD954155
BDC3279D
BDF33AA7
BE12C882
BE2D20A9
BE48B106
BE6584B1
BE81D33F
BE91906F
BEA1FEDE
BEB3232C
BEC5018B
BED79DAD
BEEAFAAA
BEFF1AE5
BF09FFFA
BF14D543
BF200D25
BF2BA6ED
BF37A14F
BF43FA61
BF50AF92
BF5DBDA5
BF6B20B3
BF78D42A
BF83696A
BF8A8B72
BF91CCFF
BF992AA9
BFA0A0D6
BFA82BC8
BFAFC7A9
BFB7709B
BFBF22C7
BFC6DA6D
BFCE93EB
BFD64BD4
BFDDFEF1
BFE5AA52
BFED4B4F
BFF4DF8F
BFFC650C
C001ED08
C0059E9B
C00946B1
C00CE4E1
C01078E4
C014028E
C01781D1
C01AF6B2
C01E614D
C021C1CB
C0251865
C028655D
C02BA8FD
C02EE395
C0321578
C0353EFE
C038607D
C03B7A4C
C03E8CC1
C0419831
C0449CED
C0479B45
C04A9386
C04D85F9
C05072E5
C0535A8E
C0563D33
C0591B11
C05BF464
C05EC961
C0619A3D
C064672B
C0673059
C069F5F4
C06CB826
C06F7718
C07232F0
C074EBD1
C077A1DF
C07A5539
C07D05FF
C07FB44E
C0813021
C08284FB
C083D8C1
C0852B80
C0867D42
C087CE13
C0891DFD
C08A6D09
C08BBB42
C08D08B0
C08E555C
C08FA14E
C090EC8D
C0923722
C0938112
C094CA66
C0961322
C0975B4F
C098A2F1
C099EA0D
C09B30AB
C09C76CE
C09DBC7C
C09F01B9
C0A04689
C0A18AF3
C0A2CEF8
C0A4129E
C0A555E8
C0A698D9
C0A7DB76
C0A91DC2
C0AA5FBF
C0ABA172
C0ACE2DC
C0AE2401
C0AF64E4
C0B0A586
C0B1E5EB
C0B32615
C0B46607
C0B5A5C2
C0B6E548
C0B8249C
C0B963C0
C0BAA2B5
C0BBE17D
C0BD201A
C0BE5E8E
C0BF9CDA
C0C0DB00
C0C21902
C0C356E0
C0C4949B
C0C5D237
C0C70FB3
C0C84D10
C0C98A51
C0CAC776
C0CC047F
C0CD416F
C0CE7E47
C0CFBB06
C0D0F7AE
C0D23440
C0D370BD
C0D4AD26
C0D5E97A
C0D725BC
C0D861EC
C0D99E0A
C0DADA17
C0DC1615
C0DD5202
C0DE8DE1
C0DFC9B1
C0E10573
C0E24128
C0E37CD0
C0E4B86C
3EBDCE49
3EBD67C6
3EBCFD10
3EBC8DFA
3EBC1A56
3EBBA1F1
3EBB2497
3EBAA212
3EBA1A2A
3EB98CA3
3EB8F940
3EB85FBE
3EB7BFDC
3EB71951
3EB66BD4
3EB5B716
3EB4FAC8
3EB43692
3EB36A1D
3EB2950C
3EB1B6FC
3EB0CF86
3EAFDE41
3EAEE2BB
3EADDC7E
3EACCB0F
3EABADEC
3EAA848D
3EA94E65
3EA80ADC
3EA6B956
3EA5592E
3EA3E9B6
3EA26A3A
3EA0D9FA
3E9F382E
3E9D8402
3E9BBC9A
3E99E10B
3E97F062
3E95E99D
3E93CBAD
3E919575
3E8F45CA
3E8CDB70
3E8A551C
3E87B16F
3E84EEFC
3E820C3E
3E7E0F3D
3E77BEE2
3E7123E4
3E6A3A8D
3E62FEF3
3E5B6CFB
3E538050
3E4B3464
3E42846C
3E396B5E
3E2FE3ED
3E25E886
3E1B7350
3E107E25
3E050292
3DF1F3A5
3DD8B9A1
3DBE4841
3DA28FFE
3D8580A2
3D4E1283
3D0E307C
3C966D13
3A9FD45B
BC893D37
BD11C9E2
BD62AD1B
BD9BB9A8
BDC82448
BDF6ACDC
BE13B514
BE2D3991
BE47EF67
BE63E20D
BE808E68
BE8FD55E
BE9FCB3E
BEB0751B
BEC1D7B0
BED3F74D
BEE6D7BE
BEFA7C33
BF077394
BF120D25
BF1D0B2C
BF286D89
BF34338B
BF405BEA
BF4CE4B9
BF59CB63
BF670CA1
BF74A47E
BF81472B
BF88626D
BF8FA111
BF96FFD7
BF9E7B44
BFA60FA7
BFADB92B
BFB573DE
BFBD3BC8
BFC50CF6
BFCCE387
BFD4BBC1
BFDC9216
BFE46337
BFEC2C19
BFF3E9FB
BFFB9A70
C0019DAF
C0056581
C00923F2
C00CD872
C0108294
C014220E
C017B6B3
C01B4075
C01EBF5C
C0223383
C0259D18
C028FC57
C02C5185
C02F9CF0
C032DEEE
C03617D6
C0394803
C03C6FD1
C03F8F9B
C042A7BC
C045B88D
C048C263
C04BC591
C04EC26A
C051B939
C054AA48
C05795DF
C05A7C40
C05D5DAC
C0603A5E
C0631292
C065E67E
C068B655
C06B8248
C06E4A88
C0710F3F
C073D098
C0768EBA
C07949CB
C07C01EF
C07EB747
C080B4FA
C0820D0B
C08363E3
C084B992
C0860E23
C08761A4
C088B420
C08A05A3
C08B5638
C08CA5E8
C08DF4BD
C08F42C0
C0908FFC
C091DC77
C093283A
C094734C
C095BDB5
C097077D
C09850A9
C0999940
C09AE148
C09C28C7
C09D6FC2
C09EB63F
C09FFC44
C0A141D4
C0A286F4
C0A3CBAA
C0A50FF9
C0A653E5
C0A79773
C0A8DAA6
C0AA1D81
C0AB6009
C0ACA240
C0ADE42A
C0AF25CA
C0B06722
C0B1A835
C0B2E907
C0B42999
C0B569EF
C0B6AA0A
C0B7E9ED
C0B9299A
C0BA6914
C0BBA85B
C0BCE772
C0BE265C
C0BF6519
C0C0A3AB
C0C1E215
C0C32057
C0C45E73
C0C59C6B
C0C6DA40
C0C817F4
C0C95587
C0CA92FB
C0CBD051
C0CD0D8A
C0CE4AA8
C0CF87AB
C0D0C494
C0D20165
C0D33E1E
C0D47AC1
C0D5B74E
C0D6F3C5
C0D83028
C0D96C78
C0DAA8B5
C0DBE4E0
C0DD20FA
C0DE5D03
C0DF98FC
C0E0D4E6
C0E210C1
C0E34C8D
C0E4884C
C0E5C3FD
C0E6FFA2
3EB412D7
3EB3AAB0
3EB33E47
3EB2CD6D
3EB257F1
3EB1DDA3
3EB15E4C
3EB0D9B6
3EB04FA8
3EAFBFE5
3EAF2A2F
3EAE8E43
3EADEBDD
3EAD42B5
3EAC9280
3EABDAEF
3EAB1BB0
3EAA546C
3EA984C9
3EA8AC68
3EA7CAE7
3EA6DFDD
3EA5EADE
3EA4EB77
3EA3E132
3EA2CB91
3EA1AA10
3EA07C25
3E9F4141
3E9DF8CB
3E9CA225
3E9B3CA6
3E99C7A0
3E98425B
3E96AC14
3E950401
3E93494C
3E917B14
3E8F986D
3E8DA060
3E8B91E6
3E896BEF
3E872D59
3E84D4F5
3E826183
3E7FA366
3E7A4847
3E74AEBE
3E6ED3BE
3E68B40B
3E624C42
3E5B98CF
3E5495F0
3E4D3FB0
3E4591E2
3E3D8825
3E351DDB
3E2C4E28
3E2313F1
3E1969D6
3E0F4A32
3E04AF16
3DF32490
3DDBDA7A
3DC37232
3DA9DD59
3D8F0CE2
3D65E21B
3D2AF2D3
3CDA532D
3C318A8F
BBBC39BC
BCBD7531
BD295F7E
BD779F3C
BDA4D235
BDCFCD63
BDFCD78C
BE1603C2
BE2EBA3A
BE489ADF
BE63B16A
BE8004C5
BE8ED764
BE9E5636
BEAE86AF
BEBF6DFF
BED11100
BEE37421
BEF69B4A
BF0544E4
BF0FA119
BF1A6325
BF258B72
BF3119E8
BF3D0DDC
BF496608
BF562081
BF633AAA
BF70B136
BF7E8022
BF86515B
BF8D89C7
BF94E650
BF9C63A7
BFA3FE3B
BFABB246
BFB37BD6
BFBB56E2
BFC33F53
BFCB3116
BFD3282F
BFDB20C1
BFE31723
BFEB07E6
BFF2EFE3
BFFACC42
C0014D3E
C0052C33
C0090213
C00CCE1F
C0108FBD
C014467F
C017F216
C01B9257
C01F2731
C022B0AE
C0262EEC
C029A21C
C02D0A7C
C0306855
C033BBFB
C03705C7
C03A4616
C03D7D47
C040ABBB
C043D1D3
C046EFED
C04A0666
C04D159A
C0501DDF
C0531F8B
C0561AEE
C0591057
C05C000E
C05EEA5B
C061CF80
C064AFBD
C0678B4F
C06A626F
C06D3553
C070042E
C072CF32
C075968C
C0785A68
C07B1AF0
C07DD84A
C080494E
C081A505
C082FF5A
C084585E
C085B01F
C08706AB
C0885C11
C089B05D
C08B039C
C08C55D8
C08DA71E
C08EF778
C09046F1
C0919590
C092E361
C094306B
C0957CB7
C096C84D
C0981335
C0995D75
C09AA714
C09BF01A
C09D388D
C09E8072
C09FC7CF
C0A10EAB
C0A25509
C0A39AF0
C0A4E064
C0A62569
C0A76A04
C0A8AE3A
C0A9F20F
C0AB3585
C0AC78A2
C0ADBB68
C0AEFDDB
C0B03FFE
C0B181D5
C0B2C363
C0B404A9
C0B545AC
C0B6866E
C0B7C6F1
C0B90737
C0BA4744
C0BB871A
C0BCC6B9
C0BE0626
C0BF4561
C0C0846D
C0C1C34B
C0C301FD
C0C44085
C0C57EE5
C0C6BD1D
C0C7FB30
C0C9391F
C0CA76EC
C0CBB497
C0CCF222
C0CE2F8E
C0CF6CDD
C0D0AA10
C0D1E726
C0D32423
C0D46106
C0D59DD1
C0D6DA84
C0D81721
C0D953A9
C0DA901B
C0DBCC79
C0DD08C4
C0DE44FD
C0DF8124
C0E0BD39
C0E1F93E
C0E33533
C0E47119
C0E5ACF0
C0E6E8B9
C0E82474
C0E96023
3EA9FA97
3EA990C4
3EA9229C
3EA8AFF3
3EA83895
3EA7BC51
3EA73AF2
3EA6B43E
3EA627FC
3EA595EF
3EA4FDD8
3EA45F72
3EA3BA7A
3EA30EA5
3EA25BA7
3EA1A131
3EA0DEEF
3EA01489
3E9F41A4
3E9E65E0
3E9D80D8
3E9C9223
3E9B9952
3E9A95F3
3E99878B
3E986D9D
3E9747A2
3E96150F
3E94D551
3E9387CF
3E922BE7
3E90C0F0
3E8F4637
3E8DBB03
3E8C1E8F
3E8A700C
3E88AEA3
3E86D96F
3E84EF82
3E82EFE0
3E80D980
3E7D569A
3E78C844
3E740597
3E6F0C0A
3E69D8F5
3E64698B
3E5EBAD8
3E58C9C2
3E529304
3E4C132F
3E4546A3
3E3E2990
3E36B7F3
3E2EED93
3E26C5FD
3E1E3C84
3E154C3B
3E0BEFF6
3E022241
3DEFBAC6
3DDA36B2
3DC3ABA1
3DAC0C52
3D934ADA
3D72B14C
3D3C4CDF
3D03487B
3C8F057F
3B0D8D42
BC63664F
BCFB7479
BD45F05C
BD88D24B
BDB08073
BDDA184B
BE02D809
BE19AF48
BE319D7E
BE4AAE76
BE64EE19
BE80342E
BE8E9493
BE9D9E21
BEAD569A
BEBDC393
BECEEA5C
BEE0CFF1
BEF378DE
BF037497
BF0D9225
BF181673
BF23026E
BF2E568D
BF3A12C1
BF463665
BF52C038
BF5FAE4E
BF6CFE09
BF7AAC12
BF845A2C
BF8B890B
BF92DFE5
BF9A5BA8
BFA1F8F3
BFA9B420
BFB18950
BFB97479
BFC17173
BFC97C0A
BFD1900C
BFD9A959
BFE1C3F7
BFE9DC1A
BFF1EE34
BFF9F700
C000F9C5
C004F09A
C008DEDD
C00CC398
C0109E03
C0146D80
C018319B
C01BEA02
C01F9689
C023371F
C026CBCE
C02A54B7
C02DD20D
C0314412
C034AB15
C038076C
C03B5975
C03EA194
C041E02B
C04515A3
C048425E
C04B66C3
C04E8332
C051980C
C054A5AC
C057AC6C
C05AACA0
C05DA699
C0609AA6
C0638911
C066721F
C0695613
C06C352E
C06F0FA9
C071E5BF
C074B7A6
C077858F
C07A4FAB
C07D1629
C07FD932
C0814C78
C082AAC6
C0840793
C08562F3
C086BCF4
C08815A8
C0896D1C
C08AC360
C08C1880
C08D6C89
C08EBF88
C0901187
C0916293
C092B2B5
C09401F8
C0955064
C0969E04
C097EADF
C09936FE
C09A8268
C09BCD26
C09D173F
C09E60B8
C09FA99A
C0A0F1E9
C0A239AD
C0A380EA
C0A4C7A6
C0A60DE7
C0A753B1
C0A8990A
C0A9DDF5
C0AB2277
C0AC6695
C0ADAA52
C0AEEDB2
C0B030B9
C0B1736B
C0B2B5CA
C0B3F7DB
C0B539A0
C0B67B1C
C0B7BC51
C0B8FD44
C0BA3DF6
C0BB7E6A
C0BCBEA3
C0BDFEA2
C0BF3E6A
C0C07DFD
C0C1BD5D
C0C2FC8D
C0C43B8D
C0C57A60
C0C6B908
C0C7F786
C0C935DC
C0CA740B
C0CBB216
C0CCEFFC
C0CE2DC0
C0CF6B64
C0D0A8E7
C0D1E64C
C0D32394
C0D460BF
C0D59DD0
C0D6DAC6
C0D817A3
C0D95468
C0DA9116
C0DBCDAE
C0DD0A30
C0DE469D
C0DF82F7
C0E0BF3D
C0E1FB71
C0E33794
C0E473A5
C0E5AFA6
C0E6EB97
C0E8277A
C0E9634D
C0EA9F13
C0EBDACB
3E9F84AB
3E9F1920
3E9EA931
3E9E34AD
3E9DBB62
3E9D3D1E
3E9CB9A9
3E9C30CB
3E9BA249
3E9B0DE5
3E9A735E
3E99D270
3E992AD6
3E987C44
3E97C66D
3E970901
3E9643A9
3E95760F
3E949FD4
3E93C098
3E92D7F4
3E91E57E
3E90E8C5
3E8FE155
3E8ECEB3
3E8DB05D
3E8C85CD
3E8B4E75
3E8A09C0
3E88B713
3E8755C9
3E85E538
3E8464AA
3E82D362
3E81309A
3E7EF700
3E7B6672
3E77ADBD
3E73CAFB
3E6FBC2F
3E6B7F40
3E6711FB
3E62720F
3E5D9D0B
3E589060
3E53495B
3E4DC525
3E4800C0
3E41F908
3E3BAAAC
3E351230
3E2E2BE8
3E26F3F8
3E1F664D
3E177EA0
3E0F386E
3E068EFA
3DFAFA8C
3DE7FC22
3DD417AC
3DBF418E
3DA96D94
3D928EED
3D75304D
3D42F646
3D0E522F
3CAE4A14
3BEA735C
BBFA9C77
BCBDC888
BD218890
BD6766D0
BD98536D
BDBEB8FB
BDE6F96B
BE089560
BE1EB1CC
BE35DD91
BE4E2482
BE6792A1
BE811A09
BE8F0A83
BE9DA0D3
BEACE2FE
BEBCD6E7
BECD8245
BEDEEA8C
BEF114D9
BF0202EE
BF0BE0E0
BF162608
BF20D3CE
BF2BEB30
BF376CB0
BF435849
BF4FAD60
BF5C6AB9
BF698E68
BF7715CE
BF827EC7
BF89A0C5
BF90EE74
BF98650B
BFA00166
BFA7C012
BFAF9D54
BFB79536
BFBFA391
BFC7C421
BFCFF290
BFD82A8A
BFE067D0
BFE8A641
BFF0E1F0
BFF9172E
C000A14A
C004B089
C008B7F7
C00CB664
C010AAD2
C0149470
C0187298
C01C44D1
C0200AC7
C023C449
C0277149
C02B11D0
C02EA602
C0322E14
C035AA4C
C0391AFD
C03C8083
C03FDB41
C0432B9F
C0467207
C049AEE4
C04CE2A1
C0500DA8
C053305F
C0564B2C
C0595E6F
C05C6A86
C05F6FCA
C0626E91
C065672C
C06859E9
C06B4712
C06E2EED
C07111BC
C073EFBE
C076C92E
C0799E44
C07C6F36
C07F3C37
C08102BB
C082658F
C083C6AF
C085262E
C086841F
C087E094
C0893B9F
C08A9551
C08BEDB7
C08D44E3
C08E9AE0
C08FEFBD
C0914386
C0929647
C093E80C
C09538E0
C09688CC
C097D7DB
C0992616
C09A7386
C09BC034
C09D0C28
C09E5769
C09FA1FF
C0A0EBF1
C0A23546
C0A37E04
C0A4C632
C0A60DD5
C0A754F4
C0A89B92
C0A9E1B7
C0AB2766
C0AC6CA4
C0ADB176
C0AEF5E0
C0B039E6
C0B17D8D
C0B2C0D8
C0B403CA
C0B54668
C0B688B5
C0B7CAB3
C0B90C66
C0BA4DD1
C0BB8EF7
C0BCCFDA
C0BE107D
C0BF50E3
C0C0910E
C0C1D100
C0C310BB
C0C45042
C0C58F96
C0C6CEBA
C0C80DB0
C0C94C79
C0CA8B16
C0CBC98B
C0CD07D7
C0CE45FE
C0CF83FF
C0D0C1DE
C0D1FF9A
C0D33D36
C0D47AB2
C0D5B810
C0D6F551
C0D83276
C0D96F80
C0DAAC70
C0DBE947
C0DD2607
C0DE62AF
C0DF9F42
C0E0DBBF
C0E21828
C0E3547D
C0E490BF
C0E5CCEE
C0E7090D
C0E8451A
C0E98118
C0EABD05
C0EBF8E4
C0ED34B4
C0EE7077
3E94B07A
3E94432F
3E93D16E
3E935B05
3E92DFC3
3E925F73
3E91D9DD
3E914EC9
3E90BDFA
3E902732
3E8F8A2E
3E8EE6AA
3E8E3C5E
3E8D8B00
3E8CD240
3E8C11CD
3E8B494F
3E8A786E
3E899ECB
3E88BC03
3E87CFAF
3E86D962
3E85D8AA
3E84CD12
3E83B61D
3E829347
3E816407
3E8027CE
3E7DBC0C
3E7B0C1F
3E783E8B
3E7551F2
3E7244E7
3E6F15EA
3E6BC368
3E684BB8
3E64AD1F
3E60E5C7
3E5CF3C5
3E58D515
3E548797
3E50090E
3E4B5723
3E466F5C
3E414F20
3E3BF3B2
3E365A33
3E307F99
3E2A60B5
3E23FA2B
3E1D4872
3E1647D2
3E0EF45F
3E0749FA
3DFE8895
3DEDBD7F
3DDC2913
3DC9C130
3DB67B32
3DA24BE4
3D8D277F
3D6E0349
3D3F9AA6
3D0EF9C9
3CB8081D
3C1A6DC1
BB8AFC30
BC981B7C
BD0991A0
BD4A0F16
BD86D5C9
BDAA4707
BDCF6F82
BDF66436
BE0F9D6D
BE2504E6
BE3B740C
BE52F6AA
BE6B98CB
BE82B357
BE903659
BE9E5BA4
BEAD296E
BEBCA5DD
BECCD6FA
BEDDC29E
BEEF6E62
BF00EFC4
BF0A8D72
BF149263
BF1F006E
BF29D90D
BF351D4C
BF40CDBC
BF4CEA64
BF5972B3
BF666573
BF73C0BD
BF80C0F7
BF87D2D3
BF8F13DE
BF9681A1
BF9E1948
BFA5D7A1
BFADB927
BFB5BA08
BFBDD634
BFC6096A
BFCE4F45
BFD6A34F
BFDF0111
BFE76425
BFEFC848
BFF82965
C00041D5
C00469C8
C0088AF1
C00CA3E5
C010B368
C014B86F
C018B21F
C01C9FCB
C02080F5
C0245543
C0281C84
C02BD6A7
C02F83B8
C03323DB
C036B748
C03A3E4B
C03DB93A
C0412876
C0448C67
C047E57C
C04B3424
C04E78D1
C051B3F2
C054E5F8
C0580F4E
C05B3060
C05E4993
C0615B49
C06465E1
C06769B5
C06A671B
C06D5E63
C0704FDC
C0733BCF
C0762282
C0790435
C07BE129
C07EB997
C080C6DC
C0822EE0
C08394F0
C084F924
C0865B93
C087BC52
C0891B74
C08A790C
C08BD52D
C08D2FE7
C08E894B
C08FE168
C091384D
C0928E07
C093E2A3
C095362F
C09688B5
C097DA42
C0992ADF
C09A7A98
C09BC975
C09D1781
C09E64C3
C09FB146
C0A0FD10
C0A24829
C0A39299
C0A4DC66
C0A62598
C0A76E35
C0A8B642
C0A9FDC6
C0AB44C7
C0AC8B49
C0ADD151
C0AF16E6
C0B05C0B
C0B1A0C5
C0B2E517
C0B42907
C0B56C99
C0B6AFCF
C0B7F2AE
C0B93539
C0BA7773
C0BBB960
C0BCFB02
C0BE3C5D
C0BF7D73
C0C0BE47
C0C1FEDC
C0C33F34
C0C47F51
C0C5BF37
C0C6FEE6
C0C83E61
C0C97DAA
C0CABCC3
C0CBFBAE
C0CD3A6D
C0CE7901
C0CFB76C
C0D0F5B0
C0D233CE
C0D371C7
C0D4AF9D
C0D5ED52
C0D72AE6
C0D8685C
C0D9A5B3
C0DAE2ED
C0DC200C
C0DD5D10
C0DE99FA
C0DFD6CC
C0E11386
C0E2502A
C0E38CB7
C0E4C92F
C0E60594
C0E741E4
C0E87E22
C0E9BA4E
C0EAF668
C0EC3272
C0ED6E6B
C0EEAA56
C0EFE631
C0F121FE
3E897DBF
3E890EAB
3E889B0E
3E8822B7
3E87A572
3E87230C
3E869B4A
3E860DF4
3E857ACC
3E84E192
3E844205
3E839BDD
3E82EED2
3E823A99
3E817EE0
3E80BB55
3E7FDF42
3E7E36CF
3E7C7C94
3E7AAFC6
3E78CF95
3E76DB24
3E74D18E
3E72B1E1
3E707B20
3E6E2C42
3E6BC431
3E6941CA
3E66A3DB
3E63E922
3E611050
3E5E1802
3E5AFEC7
3E57C318
3E54635C
3E50DDE7
3E4D30F3
3E495AA8
3E455912
3E412A25
3E3CCBBA
3E383B8D
3E33773E
3E2E7C49
3E29480E
3E23D7C4
3E1E2883
3E183736
3E1200A2
3E0B815F
3E04B5D8
3DFB348D
3DEC5564
3DDCC5D7
3DCC7D16
3DBB71DF
3DA99A6D
3D96EC7E
3D835D43
3D5DC2C0
3D32D9C4
3D05E677
3CAD9CEB
3C15D830
BB63FD6A
BC88E35B
BCFA7ECD
BD38CA6D
BD7735B3
BD9C52DA
BDBEA03E
BDE296D3
BE042596
BE17E950
BE2CA1A2
BE4259F0
BE591DF2
BE70F9AC
BE84FCB2
BE9214CA
BE9FCB6F
BEAE26FB
BEBD2DC6
BECCE61B
BEDD5626
BEEE83E9
BF003A90
BF09979C
BF135B95
BF1D88B6
BF2820EB
BF3325BF
BF3E984F
BF4A793D
BF56C89D
BF6385E9
BF70AFF4
BF7E44DC
BF8620FF
BF8D51FA
BF94B347
BF9C4267
BFA3FC79
BFABDE3E
BFB3E41D
BFBC0A2F
BFC44C4B
BFCCA611
BFD512FD
BFDD8E76
BFE613E0
BFEE9EAF
BFF72A76
BFFFB2FC
C0041A23
C0085554
C00C8965
C010B4DB
C014D66C
C018ECFF
C01CF7AF
C020F5C7
C024E6C0
C028CA3F
C02CA00E
C030681B
C0342272
C037CF3A
C03B6EAF
C03F011E
C04286E3
C0460065
C0496E12
C04CD05D
C05027BD
C05374AA
C056B799
C059F101
C05D2154
C0604902
C0636877
C0668019
C069904E
C06C9972
C06F9BE1
C07297F1
C0758DF2
C0787E32
C07B68FA
C07E4E8F
C0809799
C0820591
C083714C
C084DAE6
C0864279
C087A81E
C0890BEB
C08A6DF8
C08BCE59
C08D2D22
C08E8A65
C08FE635
C09140A2
C09299BB
C093F192
C0954832
C0969DAB
C097F20A
C099455A
C09A97A8
C09BE8FE
C09D3967
C09E88EE
C09FD79C
C0A1257A
C0A27291
C0A3BEEA
C0A50A8C
C0A6557E
C0A79FC9
C0A8E974
C0AA3284
C0AB7B00
C0ACC2EE
C0AE0A54
C0AF5138
C0B0979F
C0B1DD8D
C0B32308
C0B46815
C0B5ACB7
C0B6F0F4
C0B834CE
C0B9784B
C0BABB6D
C0BBFE39
C0BD40B2
C0BE82DA
C0BFC4B6
C0C10648
C0C24794
C0C3889B
C0C4C961
C0C609E8
C0C74A32
C0C88A43
C0C9CA1C
C0CB09BF
C0CC492F
C0CD886D
C0CEC77C
C0D0065D
C0D14512
C0D2839D
C0D3C1FF
C0D5003A
C0D63E50
C0D77C41
C0D8BA10
C0D9F7BD
C0DB354B
C0DC72B9
C0DDB00A
C0DEED3E
C0E02A57
C0E16755
C0E2A43A
C0E3E106
C0E51DBB
C0E65A59
C0E796E2
C0E8D356
C0EA0FB6
C0EB4C02
C0EC883C
C0EDC463
C0EF007A
C0F03C80
C0F17876
C0F2B45D
C0F3F035
3E7BD90A
3E7AF73E
3E7A0C3B
3E79179D
3E7818FD
3E770FED
3E75FBFE
3E74DCB7
3E73B19E
3E727A31
3E7135E8
3E6FE437
3E6E8488
3E6D1642
3E6B98C2
3E6A0B60
3E686D69
3E66BE25
3E64FCD0
3E6328A1
3E6140C2
3E5F4453
3E5D326C
3E5B0A17
3E58CA54
3E567216
3E540043
3E5173B3
3E4ECB30
3E4C0574
3E49212B
3E461CED
3E42F742
3E3FAEA0
3E3C4167
3E38ADE4
3E34F24D
3E310CC0
3E2CFB44
3E28BBC6
3E244C16
3E1FA9E9
3E1AD2D4
3E15C44D
3E107BA8
3E0AF614
3E05309D
3DFE5046
3DF1B2C1
3DE481C0
3DD6B600
3DC847D9
3DB92F3B
3DA963AB
3D98DC3B
3D878F81
3D6AE735
3D44FC37
3D1D481D
3CE767B1
3C904E56
3BD444CA
BBAA1522
BC8EAD57
BCF7A1FC
BD32D08F
BD6C75C9
BD947150
BDB41D48
BDD55157
BDF820D1
BE0E4FEC
BE2171AB
BE358082
BE4A87AB
BE6092BE
BE77ADAC
BE87F259
BE94A229
BEA1ECA4
BEAFD83C
BEBE6B6D
BECDACB5
BEDDA284
BEEE532D
BEFFC4DA
BF08FEB9
BF128143
BF1C6CA0
BF26C31E
BF3186BE
BF3CB91E
BF485B6F
BF546E64
BF60F220
BF6DE62D
BF7B4965
BF848CF6
BF8BAA93
BF92FBD3
BF9A7E99
BFA23061
BFAA0E3E
BFB214E2
BFBA40A2
BFC28D81
BFCAF73C
BFD37955
BFDC0F27
BFE4B3F3
BFED62F8
BFF61780
BFFECCF5
C003BF7A
C00814AD
C00C6427
C010AC2C
C014EB2E
C0191FD2
C01D48F4
C02165A0
C025751A
C02976D2
C02D6A67
C0314FA1
C035266C
C038EED4
C03CA901
C0405533
C043F3BB
C04784FA
C04B095C
C04E8156
C051ED60
C0554DF9
C058A39D
C05BEECC
C05F3000
C06267B2
C065965A
C068BC67
C06BDA48
C06EF065
C071FF23
C07506DF
C07807F5
C07B02B9
C07DF77F
C0807348
C081E81C
C0835A5D
C084CA2C
C08637A7
C087A2EA
C0890C13
C08A7339
C08BD877
C08D3BE2
C08E9D90
C08FFD98
C0915C0B
C092B8FC
C094147D
C0956EA0
C096C772
C0981F04
C0997564
C09ACA9F
C09C1EC2
C09D71D9
C09EC3F0
C0A01512
C0A1654A
C0A2B4A1
C0A40321
C0A550D3
C0A69DC0
C0A7E9F0
C0A9356C
C0AA8039
C0ABCA61
C0AD13E9
C0AE5CD9
C0AFA536
C0B0ED06
C0B2344F
C0B37B18
C0B4C164
C0B60739
C0B74C9C
C0B89191
C0B9D61D
C0BB1A44
C0BC5E0A
C0BDA172
C0BEE482
C0C0273B
C0C169A2
C0C2ABBA
C0C3ED86
C0C52F08
C0C67045
C0C7B13D
C0C8F1F5
C0CA326F
C0CB72AD
C0CCB2B2
C0CDF27F
C0CF3217
C0D0717C
C0D1B0AF
C0D2EFB4
C0D42E8C
C0D56D37
C0D6ABB9
C0D7EA13
C0D92846
C0DA6653
C0DBA43D
C0DCE204
C0DE1FAB
C0DF5D31
C0E09A99
C0E1D7E3
C0E31511
C0E45224
C0E58F1D
C0E6CBFC
C0E808C4
C0E94574
C0EA820D
C0EBBE91
C0ECFB01
C0EE375C
C0EF73A4
C0F0AFDA
C0F1EBFE
C0F32811
C0F46414
C0F5A006
C0F6DBEA
3E63FA63
3E6314E2
3E622605
3E612D65
3E602A9B
3E5F1D37
3E5E04C6
3E5CE0D1
3E5BB0D9
3E5A745B
3E592ACD
3E57D3A1
3E566E3F
3E54FA0C
3E537661
3E51E295
3E503DF1
3E4E87BC
3E4CBF2F
3E4AE37B
3E48F3CA
3E46EF38
3E44D4D9
3E42A3B5
3E405AC5
3E3DF8FB
3E3B7D38
3E38E64F
3E363307
3E336214
3E30721D
3E2D61B6
3E2A2F61
3E26D98E
3E235E97
3E1FBCC3
3E1BF241
3E17FD2A
3E13DB7C
3E0F8B1C
3E0B09D3
3E06554D
3E016B18
3DF8913E
3DEDD658
3DE29FCB
3DD6E795
3DCAA764
3DBDD891
3DB0741B
3DA272A2
3D93CC62
3D84792F
3D68E0DD
3D47521E
3D243310
3CFEDF3A
3CB1E544
3C429786
3ACE3ECF
BC1706E9
BCA81E1C
BD049133
BD3764B4
BD6CA788
BD923C8D
BDAF7D2D
BDCE26E1
BDEE4BB1
BE07FF3A
BE19A968
BE2C2E9F
BE3F9982
BE53F51D
BE694CDD
BE7FAC93
BE8B9032
BE97DA67
BEA4BB48
BEB23955
BEC05B21
BECF274F
BEDEA482
BEEED950
BEFFCC38
BF08C1C6
BF1202AF
BF1BABB8
BF25BF88
BF304088
BF3B30CB
BF469207
BF526582
BF5EAC00
BF6B65B8
BF789241
BF831842
BF8A1F55
BF915D0E
BF98CFB7
BFA07530
BFA84AEC
BFB04DF7
BFB87AF1
BFC0CE21
BFC94371
BFD1D683
BFDA82BC
BFE34354
BFEC1367
BFF4EE0B
BFFDCE5F
C00357D1
C007C6A1
C00C3178
C0109656
C014F368
C019470D
C01D8FDB
C021CC9B
C025FC51
C02A1E31
C02E31A5
C0323645
C0362BD6
C03A1240
C03DE991
C041B1F2
C0456BA5
C04916FF
C04CB467
C050444E
C053C72F
C0573D8B
C05AA7E5
C05E06C3
C0615AA9
C064A41A
C067E396
C06B199A
C06E469E
C0716B14
C074876C
C0779C0E
C07AA960
C07DAFBF
C08057C4
C081D486
C0834E51
C084C548
C0863991
C087AB4E
C0891A9E
C08A87A1
C08BF272
C08D5B2D
C08EC1EB
C09026C5
C09189D1
C092EB26
C0944AD7
C095A8F7
C097059A
C09860D0
C099BAAB
C09B1339
C09C6A89
C09DC0AA
C09F15A9
C0A06993
C0A1BC74
C0A30E56
C0A45F46
C0A5AF4E
C0A6FE77
C0A84CCB
C0A99A53
C0AAE718
C0AC3321
C0AD7E78
C0AEC922
C0B01328
C0B15C8F
C0B2A55F
C0B3ED9E
C0B53552
C0B67C7F
C0B7C32D
C0B90960
C0BA4F1D
C0BB9468
C0BCD947
C0BE1DBD
C0BF61CF
C0C0A581
C0C1E8D7
C0C32BD4
C0C46E7C
C0C5B0D2
C0C6F2D9
C0C83496
C0C97609
C0CAB737
C0CBF822
C0CD38CD
C0CE793A
C0CFB96B
C0D0F964
C0D23926
C0D378B3
C0D4B80D
C0D5F737
C0D73632
C0D87500
C0D9B3A3
C0DAF21C
C0DC306E
C0DD6E99
C0DEAC9E
C0DFEA81
C0E12841
C0E265E1
C0E3A361
C0E4E0C2
C0E61E07
C0E75B2F
C0E8983C
C0E9D52F
C0EB120A
C0EC4ECC
C0ED8B77
C0EEC80C
C0F0048C
C0F140F7
C0F27D4E
C0F3B993
C0F4F5C5
C0F631E5
C0F76DF4
C0F8A9F4
C0F9E5E3
3E4B6106
3E4A77C1
3E4984F9
3E488848
3E478142
3E466F77
3E455273
3E4429BB
3E42F4CF
3E41B32B
3E406443
3E3F0785
3E3D9C59
3E3C221E
3E3A982F
3E38FDDD
3E375272
3E35952E
3E33C549
3E31E1F1
3E2FEA4D
3E2DDD76
3E2BBA7A
3E298060
3E272E1D
3E24C29E
3E223CBF
3E1F9B52
3E1CDD15
3E1A00BB
3E1704E3
3E13E81E
3E10A8E8
3E0D45A9
3E09BCB9
3E060C55
3E0232A7
3DFC5B81
3DF3F731
3DEB3418
3DE20DB9
3DD87F59
3DCE8402
3DC41679
3DB9313E
3DADCE87
3DA1E83D
3D9577F8
3D8876F7
3D75BC40
3D594BEF
3D3B8D3C
3D1C6F90
3CF7C2EA
3CB3A111
3C58A5BC
3B86BE43
BBB1CEEF
BC7C8857
BCD3F13B
BD16D66E
BD45D5C9
BD771247
BD955471
BDB05C03
BDCCAFD0
BDEA6091
BE04BFE5
BE150FE7
BE2629E2
BE3817D2
BE4AE421
BE5E99A1
BE734390
BE8476C8
BE8FD1D4
BE9BB91E
BEA83302
BEB54602
BEC2F8BF
BED151F3
BEE05864
BEF012DD
BF004410
BF08DF6A
BF11DEBC
BF1B4527
BF2515A2
BF2F52ED
BF39FF87
BF451D9D
BF50AEFB
BF5CB4FC
BF69307D
BF7621C6
BF81C440
BF88B1D0
BF8FD8AF
BF973793
BF9ECCC8
BFA6962A
BFAE9127
BFB6BAC1
BFBF0F8D
BFC78BBD
BFD02B26
BFD8E950
BFE1C180
BFEAAECB
BFF3AC27
BFFCB47D
C002E161
C0076902
C00BEEC2
C0107062
C014EBC9
C0195F0F
C01DC880
C022269B
C026781C
C02ABBF5
C02EF151
C033178F
C0372E40
C03B3522
C03F2C1E
C043133E
C046EAAF
C04AB2B3
C04E6BA6
C05215F2
C055B20E
C059407E
C05CC1C7
C0603676
C0639F16
C066FC35
C06A4E5C
C06D9614
C070D3DE
C074083B
C07733A4
C07A568D
C07D7166
C080424D
C081C845
C0834ACC
C084CA0F
C0864638
C087BF6F
C08935DB
C08AA99E
C08C1ADC
C08D89B3
C08EF641
C09060A4
C091C8F6
C0932F50
C09493CB
C095F67C
C0975779
C098B6D7
C09A14A9
C09B7100
C09CCBEE
C09E2583
C09F7DD0
C0A0D4E1
C0A22AC6
C0A37F8C
C0A4D33E
C0A625EA
C0A7779A
C0A8C85A
C0AA1834
C0AB6731
C0ACB55A
C0AE02BA
C0AF4F58
C0B09B3C
C0B1E66F
C0B330F7
C0B47ADC
C0B5C424
C0B70CD6
C0B854F8
C0B99C90
C0BAE3A3
C0BC2A37
C0BD7052
C0BEB5F7
C0BFFB2C
C0C13FF5
C0C28457
C0C3C855
C0C50BF4
C0C64F37
C0C79222
C0C8D4B9
C0CA16FF
C0CB58F7
C0CC9AA4
C0CDDC09
C0CF1D29
C0D05E07
C0D19EA5
C0D2DF06
C0D41F2B
C0D55F19
C0D69ECF
C0D7DE52
C0D91DA2
C0DA5CC3
C0DB9BB4
C0DCDA79
C0DE1914
C0DF5785
C0E095CE
C0E1D3F1
C0E311F0
C0E44FCB
C0E58D85
C0E6CB1E
C0E80897
C0E945F3
C0EA8331
C0EBC054
C0ECFD5C
C0EE3A4A
C0EF771F
C0F0B3DD
C0F1F084
C0F32D14
C0F46990
C0F5A5F7
C0F6E24A
C0F81E8A
C0F95AB9
C0FA96D6
C0FBD2E2
C0FD0EDE
3E320F27
3E312211
3E302B50
3E2F2A7D
3E2E1F2C
3E2D08EA
3E2BE740
3E2AB9B4
3E297FC3
3E2838E5
3E26E48E
3E258229
3E24111C
3E2290C4
3E210078
3E1F5F88
3E1DAD3A
3E1BE8CC
3E1A1174
3E18265B
3E1626A5
3E141168
3E11E5AF
3E0FA27C
3E0D46C2
3E0AD168
3E084147
3E05952B
3E02CBCF
3DFFC7C2
3DF9B7F5
3DF3654D
3DECCCB7
3DE5EAFB
3DDEBCB7
3DD73E5D
3DCF6C30
3DC74246
3DBEBC7E
3DB5D682
3DAC8BC5
3DA2D77B
3D98B49A
3D8E1DD5
3D830D98
3D6EFC06
3D56D1D3
3D3D8F95
3D23279B
3D078B7A
3CD5580A
3C98F284
3C338976
3B3D59FB
BBB5FCF8
BC6BC40A
BCC1A670
BD087C03
BD32024C
BD5D7E2C
BD85847E
BD9D5EB2
BDB65BB4
BDD08A3C
BDEBF9BB
BE045D34
BE136EA0
BE233A08
BE33C8BC
BE452478
BE575764
BE6A6C16
BE7E6D92
BE89B3A4
BE94B289
BEA03999
BEAC4F22
BEB8F9A3
BEC63FBD
BED42838
BEE2B9F1
BEF1FBD7
BF00FA6F
BF0955FA
BF1213F6
BF1B37BA
BF24C47F
BF2EBD54
BF392514
BF43FE55
BF4F4B5F
BF5B0E17
BF6747F0
BF73F9DE
BF809220
BF876368
BF8E704C
BF95B7ED
BF9D3906
BFA4F1E3
BFACE061
BFB501EA
BFBD5375
BFC5D18C
BFCE784E
BFD7437D
BFE02E84
BFE9348A
BFF2507E
BFFB7D2F
C0025AAD
C006F9E2
C00B99A7
C0103782
C014D119
C019643D
C01DEEEE
C0226F5E
C026E3FC
C02B4B6F
C02FA498
C033EE96
C03828BC
C03C5292
C0406BD3
C0447461
C0486C48
C04C53B3
C0502AE8
C053F247
C057AA40
C05B5350
C05EEDFF
C0627ADE
C065FA7E
C0696D75
C06CD457
C0702FB6
C0738021
C076C623
C07A0244
C07D3502
C0802F6D
C081C021
C0834CD4
C084D5BB
C0865B09
C087DCEE
C0895B95
C08AD729
C08C4FD3
C08DC5B7
C08F38FA
C090A9BD
C092181F
C093843F
C094EE38
C0965625
C097BC1F
C099203D
C09A8297
C09BE341
C09D424F
C09E9FD4
C09FFBE3
C0A1568B
C0A2AFDF
C0A407EC
C0A55EC1
C0A6B46C
C0A808FA
C0A95C78
C0AAAEF1
C0AC0071
C0AD5102
C0AEA0AF
C0AFEF82
C0B13D83
C0B28ABC
C0B3D734
C0B522F5
C0B66E05
C0B7B86D
C0B90232
C0BA4B5C
C0BB93F1
C0BCDBF7
C0BE2374
C0BF6A6E
C0C0B0EA
C0C1F6ED
C0C33C7B
C0C4819B
C0C5C64F
C0C70A9D
C0C84E88
C0C99214
C0CAD546
C0CC1820
C0CD5AA7
C0CE9CDD
C0CFDEC6
C0D12064
C0D261BC
C0D3A2CE
C0D4E39F
C0D62431
C0D76486
C0D8A4A0
C0D9E482
C0DB242F
C0DC63A7
C0DDA2EE
C0DEE205
C0E020EE
C0E15FAA
C0E29E3C
C0E3DCA5
C0E51AE7
C0E65903
C0E796FA
C0E8D4CF
C0EA1282
C0EB5014
C0EC8D88
C0EDCADE
C0EF0817
C0F04534
C0F18237
C0F2BF20
C0F3FBF0
C0F538A9
C0F6754C
C0F7B1D8
C0F8EE4F
C0FA2AB2
C0FB6702
C0FCA33F
C0FDDF69
C0FF1B83
C1002BC6
3E1807B3
3E1716BE
3E161BF8
3E1516F6
3E14074A
3E12EC82
3E11C624
3E1093B3
3E0F54AB
3E0E0883
3E0CAEAA
3E0B468C
3E09CF8A
3E084900
3E06B242
3E050A9E
3E035156
3E0185A6
3DFF4D80
3DFB6798
3DF757D1
3DF31C51
3DEEB32A
3DEA1A54
3DE54FAE
3DE05100
3DDB1BF3
3DD5AE14
3DD004D2
3DCA1D7C
3DC3F53D
3DBD8920
3DB6D605
3DAFD8AA
3DA88D9F
3DA0F149
3D98FFDF
3D90B565
3D880DAE
3D7E08A7
3D6B296C
3D5773F3
3D42DE02
3D2D5CD6
3D16E520
3CFED5EA
3CCDC399
3C9A78EC
3C49B432
3BB32789
BADD6834
BC164F08
BC8B4B44
BCCE65B8
BD0A4E5D
BD2F0C14
BD5580FB
BD7DC32A
BD93F4F0
BDAA06C9
BDC123FF
BDD95A19
BDF2B750
BE06A54B
BE1491CE
BE23296D
BE3274CA
BE427CEF
BE534B54
BE64E9DF
BE7762E3
BE856094
BE8F87F0
BE9A2D59
BEA556D8
BEB10AAB
BEBD4F41
BECA2B37
BED7A555
BEE5C485
BEF48FCC
BF020721
BF0A2384
BF12A09A
BF1B81E7
BF24CAD9
BF2E7EC2
BF38A0CB
BF4333E9
BF4E3ACF
BF59B7DF
BF65AD18
BF721C09
BF7F05BF
BF863558
BF8D2557
BF94526A
BF9BBBBC
BFA3600B
BFAB3DA8
BFB35270
BFBB9BC8
BFC416A2
BFCCBF7A
BFD59261
BFDE8B02
BFE7A4AD
BFF0DA6A
BFFA2705
C001C291
C00677A8
C00B3013
C00FE927
C014A051
C019531B
C01DFF3D
C022A29B
C0273B51
C02BC7B5
C030465B
C034B612
C03915E9
C03D6527
C041A34A
C045D006
C049EB3A
C04DF4EE
C051ED4F
C055D4A5
C059AB54
C05D71CF
C061289D
C064D04C
C0686973
C06BF4AD
C06F7299
C072E3D2
C07648F3
C079A294
C07CF148
C0801ACE
C081B80D
C08350A2
C084E4CB
C08674C4
C08800C3
C08988FE
C08B0DA7
C08C8EEE
C08E0D00
C08F8805
C0910026
C0927589
C093E850
C095589D
C096C68F
C0983244
C0999BD7
C09B0362
C09C6900
C09DCCC6
C09F2ECB
C0A08F25
C0A1EDE7
C0A34B23
C0A4A6EC
C0A60152
C0A75A65
C0A8B235
C0AA08D0
C0AB5E44
C0ACB29D
C0AE05E8
C0AF5831
C0B0A982
C0B1F9E7
C0B34969
C0B49813
C0B5E5ED
C0B73300
C0B87F55
C0B9CAF3
C0BB15E3
C0BC602A
C0BDA9D1
C0BEF2DE
C0C03B57
C0C18343
C0C2CAA6
C0C41188
C0C557EC
C0C69DD8
C0C7E351
C0C9285B
C0CA6CFC
C0CBB136
C0CCF50F
C0CE388A
C0CF7BAA
C0D0BE74
C0D200EB
C0D34312
C0D484ED
C0D5C67D
C0D707C7
C0D848CD
C0D98992
C0DACA18
C0DC0A61
C0DD4A71
C0DE8A48
C0DFC9EB
C0E10959
C0E24897
C0E387A5
C0E4C685
C0E60539
C0E743C3
C0E88224
C0E9C05F
C0EAFE73
C0EC3C64
C0ED7A32
C0EEB7DF
C0EFF56C
C0F132D9
C0F27029
C0F3AD5D
C0F4EA75
C0F62773
C0F76457
C0F8A123
C0F9DDD8
C0FB1A76
C0FC56FE
C0FD9371
C0FECFD0
C100060E
C100A42B
C101423F
C101E04A
3DFA9C96
3DF8B2D8
3DF6B527
3DF4A2AD
3DF27A8A
3DF03BD3
3DEDE593
3DEB76CB
3DE8EE70
3DE64B6B
3DE38C97
3DE0B0C4
3DDDB6B4
3DDA9D17
3DD76293
3DD405B9
3DD0850D
3DCCDEFE
3DC911EA
3DC51C1C
3DC0FBCA
3DBCAF12
3DB83400
3DB38883
3DAEAA73
3DA9978F
3DA44D78
3D9EC9B1
3D9909A0
3D930A89
3D8CC98E
3D8643AD
3D7EEB7B
3D70B8DD
3D61E888
3D52732D
3D42511B
3D317A42
3D1FE623
3D0D8BD3
3CF4C3E5
3CCCBD47
3CA2EF0E
3C6E86CD
3C1346B6
3B4FB60F
BB3EDE9D
BC17DE54
BC825F70
BCBB4A50
BCF6CF08
BD1A873F
BD3B15AA
BD5D2502
BD80643F
BD930A2A
BDA68EE9
BDBAFDB1
BDD0624E
BDE6C92A
BDFE3F55
BE0B6947
BE1848A1
BE25C551
BE33E74E
BE42B6F6
BE523D0E
BE6282C8
BE7391C2
BE82BA06
BE8C1A14
BE95EE86
BEA03D10
BEAB0BA0
BEB6605B
BEC2419D
BECEB5F7
BEDBC427
BEE9731A
BEF7C9DF
BF0367D2
BF0B45D6
BF1382A2
BF1C21D9
BF252715
BF2E95E1
BF3871A7
BF42BDAD
BF4D7D03
BF58B279
BF64608C
BF70895B
BF7D2E90
BF8528AA
BF8BF91C
BF930892
BF9A56A7
BFA1E28C
BFA9AB0A
BFB1AE74
BFB9EAA9
BFC25D0E
BFCB028C
BFD3D797
BFDCD82F
BFE5FFEB
BFEF4A02
BFF8B15B
C001184F
C005E122
C00AB057
C00F8320
C01456B8
C019286E
C01DF5B2
C022BC1D
C027797A
C02C2BC9
C030D148
C0356873
C039F007
C03E6700
C042CC98
C0472042
C04B61A9
C04F90A7
C053AD42
C057B7A5
C05BB01D
C05F970D
C0636CF3
C0673257
C06AE7D2
C06E8E02
C072258C
C075AF15
C0792B44
C07C9ABC
C07FFE1E
C081AB02
C0835184
C084F2DC
C0868F4F
C088271F
C089BA8A
C08B49CC
C08CD51D
C08E5CB2
C08FE0BC
C091616C
C092DEEC
C0945968
C095D106
C09745EC
C098B83C
C09A2817
C09B959E
C09D00EB
C09E6A1C
C09FD14B
C0A1368F
C0A29A01
C0A3FBB5
C0A55BC2
C0A6BA3A
C0A81730
C0A972B5
C0AACCDB
C0AC25B2
C0AD7D47
C0AED3AA
C0B028E8
C0B17D0E
C0B2D029
C0B42242
C0B57367
C0B6C3A1
C0B812FB
C0B9617D
C0BAAF31
C0BBFC21
C0BD4853
C0BE93D0
C0BFDEA0
C0C128C9
C0C27253
C0C3BB44
C0C503A2
C0C64B74
C0C792BF
C0C8D989
C0CA1FD6
C0CB65AD
C0CCAB11
C0CDF007
C0CF3494
C0D078BC
C0D1BC83
C0D2FFED
C0D442FD
C0D585B7
C0D6C81F
C0D80A38
C0D94C04
C0DA8D88
C0DBCEC5
C0DD0FBE
C0DE5077
C0DF90F1
C0E0D130
C0E21135
C0E35103
C0E4909B
C0E5D001
C0E70F35
C0E84E3A
C0E98D12
C0EACBBE
C0EC0A41
C0ED489B
C0EE86CE
C0EFC4DC
C0F102C6
C0F2408E
C0F37E34
C0F4BBBB
C0F5F923
C0F7366E
C0F8739C
C0F9B0B0
C0FAEDA9
C0FC2A88
C0FD6750
C0FEA400
C0FFE09A
C1008E8F
C1012CC7
C101CAF5
C1026919
C1030734
C103A546
3DC3CE77
3DC1DCD2
3DBFD6EB
3DBDBBE6
3DBB8AE1
3DB942EC
3DB6E311
3DB46A4B
3DB1D78C
3DAF29B7
3DAC5FA5
3DA97821
3DA671E6
3DA34BA2
3DA003F4
3D9C9968
3D990A7B
3D955599
3D917917
3D8D733C
3D894234
3D84E41A
3D8056EE
3D773137
3D6D4DE1
3D62FF46
3D584098
3D4D0CCB
3D415E96
3D35306D
3D287C80
3D1B3CB3
3D0D6A9E
3CFDFF0E
3CDFE8BA
3CC08368
3C9FBF82
3C7B194F
3C33B341
3BD25150
3ADA9BBE
BB57D150
BC0AD8D1
BC638646
BCA015A5
BCD07C6F
BD0188A8
BD1BF7B6
BD3799AE
BD547D9D
BD72B35A
BD8925CB
BD99ABF1
BDAAF561
BDBD0BD8
BDCFF99A
BDE3C975
BDF886C8
BE071EC7
BE127D2F
BE1E6540
BE2ADDF1
BE37EE98
BE459EEA
BE53F6FF
BE62FF57
BE72C0DB
BE81A271
BE8A4A9B
BE935E08
BE9CE211
BEA6DC49
BEB1527E
BEBC4AB9
BEC7CB3D
BED3DA86
BEE07F45
BEEDC05C
BEFBA4DB
BF0519FD
BF0CBA89
BF14B7C8
BF1D1577
BF25D752
BF2F010E
BF38964D
BF429A98
BF4D114F
BF57FDA1
BF63627C
BF6F427D
BF7B9FDF
BF843E36
BF8AECB6
BF91DBC6
BF990B68
BFA07B43
BFA82A94
BFB0182B
BFB84263
BFC0A71E
BFC943C0
BFD2152E
BFDB17D4
BFE447A2
BFEDA01D
BFF71C63
C0005B9D
C0053593
C00A193B
C00F03AE
C013F203
C018E158
C01DCEE0
C022B7EE
C02799FC
C02C72B5
C0313FFF
C035FFFC
C03AB110
C03F51E1
C043E158
C0485E9F
C04CC91D
C0512072
C0556472
C059951F
C05DB2A4
C061BD4E
C065B586
C0699BCB
C06D70AF
C07134D2
C074E8DA
C0788D75
C07C2352
C07FAB20
C08192C7
C08349A3
C084FA76
C086A58F
C0884B3C
C089EBC6
C08B8772
C08D1E82
C08EB136
C0903FC8
C091CA71
C0935165
C094D4D6
C09654F3
C097D1E8
C0994BDF
C09AC2FF
C09C376C
C09DA94A
C09F18B9
C0A085D7
C0A1F0C2
C0A35995
C0A4C069
C0A62558
C0A78878
C0A8E9DF
C0AA49A1
C0ABA7D2
C0AD0485
C0AE5FCA
C0AFB9B3
C0B1124E
C0B269AC
C0B3BFD9
C0B514E4
C0B668D9
C0B7BBC4
C0B90DB1
C0BA5EAA
C0BBAEBB
C0BCFDED
C0BE4C4A
C0BF99DA
C0C0E6A7
C0C232B8
C0C37E15
C0C4C8C6
C0C612D3
C0C75C40
C0C8A517
C0C9ED5B
C0CB3514
C0CC7C48
C0CDC2FB
C0CF0932
C0D04EF4
C0D19444
C0D2D927
C0D41DA1
C0D561B7
C0D6A56D
C0D7E8C7
C0D92BC7
C0DA6E72
C0DBB0CC
C0DCF2D6
C0DE3496
C0DF760C
C0E0B73D
C0E1F82A
C0E338D8
C0E47947
C0E5B97B
C0E6F976
C0E8393A
C0E978C9
C0EAB826
C0EBF752
C0ED364E
C0EE751E
C0EFB3C3
C0F0F23E
C0F23091
C0F36EBD
C0F4ACC5
C0F5EAA8
C0F7286A
C0F8660B
C0F9A38C
C0FAE0EF
C0FC1E34
C0FD5B5E
C0FE986C
C0FFD561
C100891E
C1012780
C101C5D6
C1026421
C1030261
C103A097
C1043EC3
C104DCE5
C1057AFF
3D8BAEED
3D89B553
3D87A725
3D858384
3D83498B
3D80F848
3D7D1D7B
3D7817CC
3D72DD5B
3D6D6BE9
3D67C11C
3D61DA81
3D5BB586
3D554F7D
3D4EA596
3D47B4E3
3D407A50
3D38F2A8
3D311A8C
3D28EE77
3D206ABA
3D178B78
3D0E4CA6
3D04AA07
3CF53E55
3CE04ED2
3CCA7BC6
3CB3BAF5
3C9C01A5
3C834498
3C52EFFC
3C1D1EEA
3BC9F7F4
3B29AF7B
BA957088
BBA4DFE1
BC14F960
BC5A6B9A
BC9174C6
BCB74BF5
BCDECEA7
BD040894
BD199467
BD301607
BD479945
BD602A8E
BD79D6F8
BD8A5624
BD985C80
BDA70631
BDB65B40
BDC66425
BDD729CA
BDE8B591
BDFB115E
BE0723CD
BE11319E
BE1BB7E8
BE26BCBE
BE324686
BE3E5BFA
BE4B0430
BE584699
BE662B09
BE74B9B9
BE81FDA6
BE89FC67
BE925DDF
BE9B2708
BEA45D15
BEAE0575
BEB825D5
BEC2C41D
BECDE673
BED99339
BEE5D108
BEF2A6B3
BF000DA1
BF071AF6
BF0E7F07
BF163D97
BF1E5A72
BF26D96E
BF2FBE60
BF390D17
BF42C950
BF4CF6B1
BF5798B9
BF62B2B6
BF6E47B4
BF7A5A71
BF8376A5
BF8A0114
BF90CD3B
BF97DB7F
BF9F2BF3
BFA6BE4A
BFAE91CF
BFB6A55B
BFBEF753
BFC7859D
BFD04D9F
BFD94C3C
BFE27DD6
BFEBDE55
BFF56929
BFFF1957
C00474C5
C0096A0F
C00E699C
C013706D
C0187B7E
C01D87D0
C0229278
C02798A8
C02C97B9
C0318D3A
C03676EF
C03B52DD
C0401F4D
C044DACD
C0498431
C04E1A8F
C0529D41
C0570BDB
C05B6629
C05FAC28
C063DE02
C067FC03
C06C0698
C06FFE45
C073E3A3
C077B759
C07B7A16
C07F2C92
C08167C3
C08331D6
C084F4DE
C086B134
C0886731
C08A1728
C08BC16B
C08D6649
C08F0609
C090A0F3
C092374A
C093C94B
C0955733
C096E139
C0986791
C099EA6F
C09B69FF
C09CE66E
C09E5FE5
C09FD68C
C0A14A85
C0A2BBF5
C0A42AFB
C0A597B5
C0A70241
C0A86ABA
C0A9D138
C0AB35D5
C0AC98A6
C0ADF9C3
C0AF593E
C0B0B72B
C0B2139C
C0B36EA4
C0B4C851
C0B620B4
C0B777DB
C0B8CDD5
C0BA22AF
C0BB7674
C0BCC932
C0BE1AF4
C0BF6BC4
C0C0BBAE
C0C20ABA
C0C358F2
C0C4A660
C0C5F30B
C0C73EFC
C0C88A3B
C0C9D4CF
C0CB1EBF
C0CC6812
C0CDB0CE
C0CEF8FA
C0D0409B
C0D187B8
C0D2CE55
C0D41477
C0D55A25
C0D69F61
C0D7E432
C0D9289B
C0DA6CA0
C0DBB045
C0DCF38F
C0DE3680
C0DF791D
C0E0BB68
C0E1FD66
C0E33F18
C0E48082
C0E5C1A7
C0E70289
C0E8432B
C0E98390
C0EAC3BA
C0EC03AB
C0ED4366
C0EE82EC
C0EFC240
C0F10163
C0F24058
C0F37F21
C0F4BDBE
C0F5FC32
C0F73A7E
C0F878A4
C0F9B6A5
C0FAF482
C0FC323E
C0FD6FDA
C0FEAD55
C0FFEAB3
C10093FA
C101328C
C101D111
C1026F89
C1030DF4
C103AC54
C1044AA8
C104E8F1
C1058730
C1062564
C106C38E
C10761AF
3D249218
3D208EE0
3D1C61DC
3D18094A
3D138356
3D0ECE15
3D09E787
3D04CD96
3CFEFC27
3CF3ED6F
3CE86A3F
3CDC6D9D
3CCFF253
3CC2F2EE
3CB569BD
3CA750CB
3C98A1DB
3C895667
3C72CF39
3C519CAC
3C2F0630
3C0AFC1A
3BCADC00
3B792AC6
3AAC0154
BAA823B0
BB82ADF5
BBDF1845
BC1FB9B1
BC51F679
BC832D36
BC9E7F56
BCBAFECB
BCD8B96E
BCF7BDC7
BD0C0D8E
BD1CF0BB
BD2E90D8
BD40F6BF
BD542BBF
BD6839A2
BD7D2AB2
BD8984E1
BD94F11A
BDA0E002
BDAD57E7
BDBA5F6B
BDC7FD8B
BDD639A0
BDE51B69
BDF4AB0C
BE027890
BE0AFB58
BE13E2A1
BE1D336F
BE26F30A
BE312702
BE3BD532
BE4703C5
BE52B93A
BE5EFC64
BE6BD475
BE7948FC
BE83B0F6
BE8B13CE
BE92D16A
BE9AEE64
BEA36F8E
BEAC59F6
BEB5B2E8
BEBF7FE8
BEC9C6BF
BED48D6E
BEDFDA38
BEEBB39D
BEF82058
BF0293AF
BF0967EE
BF109097
BF18116F
BF1FEE4C
BF282B15
BF30CBB5
BF39D41C
BF434835
BF4D2BD9
BF5782CC
BF6250AD
BF6D98E8
BF795EAC
BF82D26D
BF8936F7
BF8FDDFE
BF96C844
BF9DF643
BFA5681E
BFAD1D95
BFB51604
BFBD5050
BFC5CAE7
BFCE83B7
BFD77829
BFE0A521
BFEA06FB
BFF39993
BFFD584B
C0039F08
C008A2B8
C00DB451
C012D0D1
C017F520
C01D1E1E
C02248B0
C02771C9
C02C967A
C031B3FB
C036C7B8
C03BCF54
C040C8B5
C045B205
C04A89B8
C04F4E89
C053FF7B
C0589BD5
C05D2320
C061951C
C065F1C2
C06A3936
C06E6BC8
C07289E4
C0769414
C07A8AF8
C07E6F3E
C08120CF
C083016E
C084D9DC
C086AA7D
C08873B0
C08A35D7
C08BF14E
C08DA66E
C08F558D
C090FEFF
C092A311
C094420E
C095DC3C
C09771DE
C0990333
C09A9076
C09C19DF
C09D9FA2
C09F21F1
C0A0A0F9
C0A21CE7
C0A395E4
C0A50C15
C0A67FA0
C0A7F0A5
C0A95F46
C0AACBA1
C0AC35D2
C0AD9DF3
C0AF041F
C0B0686C
C0B1CAF3
C0B32BC7
C0B48AFE
C0B5E8A9
C0B744DD
C0B89FA8
C0B9F91D
C0BB5149
C0BCA83D
C0BDFE05
C0BF52AF
C0C0A647
C0C1F8DA
C0C34A72
C0C49B1A
C0C5EADE
C0C739C5
C0C887DB
C0C9D527
C0CB21B2
C0CC6D85
C0CDB8A6
C0CF031E
C0D04CF3
C0D1962C
C0D2DECF
C0D426E4
C0D56E6E
C0D6B575
C0D7FBFD
C0D9420B
C0DA87A5
C0DBCCCF
C0DD118E
C0DE55E5
C0DF99DA
C0E0DD70
C0E220AA
C0E3638D
C0E4A61C
C0E5E85A
C0E72A4A
C0E86BF0
C0E9AD4E
C0EAEE67
C0EC2F3F
C0ED6FD7
C0EEB031
C0EFF051
C0F13039
C0F26FEB
C0F3AF68
C0F4EEB4
C0F62DCF
C0F76CBD
C0F8AB7D
C0F9EA14
C0FB2881
C0FC66C6
C0FDA4E6
C0FEE2E1
C100105C
C100AF37
C1014E02
C101ECBE
C1028B6A
C1032A08
C103C898
C104671A
C1050590
C105A3FA
C1064257
C106E0AA
C1077EF1
C1081D2D
C108BB60
C1095989
3C3D4798
3C2CFA6B
3C1C037C
3C0A5BAC
3BEFF714
3BC9B6A1
3BA1E5C6
3B70E71B
3B1A9C81
3A818D76
B9E60749
BAFC45B7
BB638964
BBA6905C
BBDD8B8A
BC0B6734
BC293922
BC4848CB
BC68A408
BC852CAC
BC96BBF5
BCA907D2
BCBC1894
BCCFF6F5
BCE4AC17
BCFA418D
BD0860B1
BD141B0C
BD20555E
BD2D1570
BD3A6153
BD483F68
BD56B65D
BD65CD37
BD758B57
BD82FC3C
BD8B8E5F
BD94805A
BD9DD6AA
BDA79607
BDB1C369
BDBC6405
BDC77D5A
BDD3152E
BDDF3193
BDEBD8EF
BDF911FB
BE0371E6
BE0AAAED
BE1237FE
BE1A1D3C
BE225F03
BE2B01E6
BE340ABD
BE3D7E9C
BE4762DF
BE51BD2C
BE5C9374
BE67EBF8
BE73CD50
BE801F35
BE86A34A
BE8D76BC
BE949D96
BE9C1C13
BEA3F6A9
BEAC3204
BEB4D30B
BEBDDEE1
BEC75AE8
BED14CBE
BEDBBA43
BEE6A995
BEF22115
BEFE2760
BF0561A9
BF0BFE03
BF12EC65
BF1A3092
BF21CE63
BF29C9C7
BF3226BA
BF3AE942
BF441569
BF4DAF35
BF57BA9D
BF623B85
BF6D35AB
BF78AC9D
BF8251D7
BF888EF1
BF8F0EED
BF95D2E7
BF9CDBB5
BFA429E3
BFABBDA5
BFB396CE
BFBBB4C8
BFC41689
BFCCBA8A
BFD59EC1
BFDEC09F
BFE81D08
BFF1B057
BFFB7660
C002B53A
C007C3B6
C00CE3DE
C01212BB
C0174D37
C01C9020
C021D83C
C027224F
C02C6B2D
C031AFC4
C036ED27
C03C209E
C04147A9
C046600C
C04B67CF
C0505D4A
C0553F1C
C05A0C31
C05EC3BD
C0636538
C067F059
C06C650F
C070C37C
C0750BEB
C0793ECD
C07D5CB0
C080B31C
C082AE0F
C0849F91
C0868807
C08867DB
C08A3F72
C08C0F35
C08DD788
C08F98CF
C0915368
C09307AE
C094B5FA
C0965E9E
C09801EA
C099A029
C09B39A0
C09CCE94
C09E5F42
C09FEBE6
C0A174B8
C0A2F9EB
C0A47BB0
C0A5FA36
C0A775A8
C0A8EE2E
C0AA63EF
C0ABD70E
C0AD47AE
C0AEB5EF
C0B021ED
C0B18BC6
C0B2F394
C0B45970
C0B5BD72
C0B71FB0
C0B8803F
C0B9DF34
C0BB3CA1
C0BC9898
C0BDF32A
C0BF4C68
C0C0A461
C0C1FB22
C0C350BB
C0C4A537
C0C5F8A3
C0C74B0C
C0C89C7D
C0C9ECFF
C0CB3C9E
C0CC8B62
C0CDD956
C0CF2682
C0D072EF
C0D1BEA4
C0D309A9
C0D45405
C0D59DC0
C0D6E6E0
C0D82F6C
C0D97769
C0DABEDE
C0DC05CF
C0DD4C43
C0DE923E
C0DFD7C5
C0E11CDE
C0E2618B
C0E3A5D2
C0E4E9B7
C0E62D3E
C0E77069
C0E8B33E
C0E9F5C0
C0EB37F1
C0EC79D5
C0EDBB6E
C0EEFCC1
C0F03DD0
C0F17E9C
C0F2BF2A
C0F3FF7B
C0F53F92
C0F67F70
C0F7BF19
C0F8FE8F
C0FA3DD2
C0FB7CE6
C0FCBBCC
C0FDFA85
C0FF3915
C1003BBE
C100DADD
C10179EA
C10218E5
C102B7CE
C10356A6
C103F56E
C1049427
C10532D1
C105D16D
C1066FFA
C1070E7B
C107ACEF
C1084B56
C108E9B2
C1098802
C10A2648
C10AC483
C10B62B4
BC909151
BC98D81E
BCA17515
BCAA6BD3
BCB3C01E
BCBD75E8
BCC7914E
BCD2169D
BCDD0A54
BCE87124
BCF44FF5
BD0055F4
BD06C52D
BD0D7873
BD1472B4
BD1BB701
BD23488F
BD2B2ABA
BD336104
BD3BEF1B
BD44D8D7
BD4E2241
BD57CF91
BD61E533
BD6C67CA
BD775C2F
BD8163BD
BD875780
BD8D8C2D
BD9404B4
BD9AC427
BDA1CDC3
BDA924EA
BDB0CD2D
BDB8CA47
BDC12026
BDC9D2E8
BDD2E6E3
BDDC60A5
BDE644F5
BDF098DD
BDFB61A6
BE035271
BE093435
BE0F5934
BE15C4AC
BE1C7A05
BE237CD7
BE2AD0EB
BE327A3B
BE3A7CF8
BE42DD8D
BE4BA0A2
BE54CB1B
BE5E6222
BE686B27
BE72EBE2
BE7DEA5D
BE84B677
BE8ABD24
BE910CBA
BE97A8EC
BE9E959F
BEA5D6ED
BEAD7124
BEB568CA
BEBDC29E
BEC6839B
BECFB0FB
BED95034
BEE366FF
BEEDFB54
BEF9136F
BF025AE6
BF087494
BF0EDA40
BF158F8A
BF1C982B
BF23F7FC
BF2BB2EA
BF33CCFA
BF3C4A41
BF452EDF
BF4E7EF9
BF583EB2
BF627220
BF6D1D45
BF784401
BF81F503
BF880966
BF8E60BC
BF94FC6D
BF9BDDA4
BFA3054F
BFAA740A
BFB22A20
BFBA2776
BFC26B87
BFCAF559
BFD3C376
BFDCD3DE
BFE62409
BFEFB0E2
BFF976C3
C001B8BC
C006CE25
C00BF8FE
C0113675
C0168383
C01BDCFB
C0213F95
C026A7FA
C02C12CF
C0317CC6
C036E2A8
C03C4165
C041961C
C046DE27
C04C1726
C0513EFF
C05653E5
C05B545D
C0603F38
C0651393
C069D0D5
C06E76A7
C07304EE
C0777BC5
C07BDB76
C080123A
C0822BA6
C0843A57
C0863EAA
C0883907
C08A29D7
C08C1188
C08DF088
C08FC744
C0919627
C0935D9A
C0951E01
C096D7BF
C0988B30
C09A38AD
C09BE089
C09D8315
C09F209B
C0A0B962
C0A24DAC
C0A3DDBA
C0A569C4
C0A6F204
C0A876AB
C0A9F7EC
C0AB75F5
C0ACF0EF
C0AE6903
C0AFDE58
C0B15111
C0B2C14F
C0B42F32
C0B59AD8
C0B7045D
C0B86BDA
C0B9D16A
C0BB3522
C0BC971B
C0BDF768
C0BF561D
C0C0B34E
C0C20F0C
C0C36967
C0C4C270
C0C61A37
C0C770C8
C0C8C633
C0CA1A83
C0CB6DC6
C0CCC006
C0CE1150
C0CF61AE
C0D0B129
C0D1FFCC
C0D34DA0
C0D49AAD
C0D5E6FC
C0D73295
C0D87D7E
C0D9C7C1
C0DB1163
C0DC5A6B
C0DDA2E0
C0DEEAC7
C0E03226
C0E17904
C0E2BF64
C0E4054C
C0E54AC2
C0E68FC9
C0E7D466
C0E9189D
C0EA5C73
C0EB9FEA
C0ECE308
C0EE25D0
C0EF6844
C0F0AA69
C0F1EC41
C0F32DCF
C0F46F17
C0F5B01B
C0F6F0DD
C0F83161
C0F971A9
C0FAB1B6
C0FBF18C
C0FD312D
C0FE709A
C0FFAFD6
C1007771
C10116E1
C101B63A
C102557E
C102F4AE
C10393CB
C10432D5
C104D1CD
C10570B3
C1060F89
C106AE4F
C1074D05
C107EBAD
C1088A46
C10928D2
C109C750
C10A65C2
C10B0428
C10BA281
C10C40D0
C10CDF14
C10D7D4D
BD4221FE
BD465580
BD4AB4BB
BD4F4185
BD53FDC8
BD58EB83
BD5E0CCE
BD6363D6
BD68F2E4
BD6EBC57
BD74C2AE
BD7B0883
BD80C846
BD842ED1
BD87B960
BD8B697F
BD8F40D0
BD934106
BD976BE9
BD9BC356
BDA04940
BDA4FFB4
BDA9E8D4
BDAF06DF
BDB45C2D
BDB9EB35
BDBFB68C
BDC5C0E6
BDCC0D18
BDD29E1D
BDD97714
BDE09B42
BDE80E18
BDEFD331
BDF7EE57
BE0031C3
BE049B74
BE093673
BE0E050E
BE1309B1
BE1846E9
BE1DBF66
BE2375F8
BE296D98
BE2FA965
BE362CA8
BE3CFAD6
BE441794
BE4B86B7
BE534C48
BE5B6C87
BE63EBEF
BE6CCF36
BE761B56
BE7FD589
BE8501A9
BE8A5541
BE8FE899
BE95BEEC
BE9BDB9C
BEA2423D
BEA8F690
BEAFFC88
BEB75850
BEBF0E45
BEC722FF
BECF9B52
BED87C4C
BEE1CB3C
BEEB8DB1
BEF5C97A
BF004255
BF05E2CD
BF0BC971
BF11F9AF
BF187718
BF1F455C
BF266849
BF2DE3CB
BF35BBE5
BF3DF4B4
BF469265
BF4F9932
BF590D5C
BF62F323
BF6D4EBD
BF78244C
BF81BBE9
BF87A694
BF8DD3F3
BF9445AF
BF9AFD43
BFA1FBEF
BFA942B5
BFB0D249
BFB8AB07
BFC0CCEC
BFC93786
BFD1E9EE
BFDAE2BC
BFE42002
BFED9F41
BFF75D6B
C000AB6E
C005C3AF
C00AF519
C0103D05
C0159895
C01B04B3
C0207E1E
C0260176
C02B8B48
C031181A
C036A47A
C03C2D0E
C041AE9D
C047261E
C04C90C3
C051EC03
C057359E
C05C6BA4
C0618C78
C06696CF
C06B89AB
C0706460
C0752685
C079CFF4
C07E60C0
C0816C97
C0839CD9
C085C16E
C087DAAF
C089E900
C08BECCA
C08DE67E
C08FD68F
C091BD71
C0939B98
C0957175
C0973F78
C099060B
C09AC597
C09C7E7E
C09E311D
C09FDDD0
C0A184E9
C0A326BA
C0A4C38D
C0A65BA9
C0A7EF51
C0A97EC2
C0AB0A39
C0AC91EC
C0AE160E
C0AF96CF
C0B1145F
C0B28EE6
C0B4068D
C0B57B7A
C0B6EDD0
C0B85DB0
C0B9CB3A
C0BB368A
C0BC9FBE
C0BE06EE
C0BF6C34
C0C0CFA7
C0C2315C
C0C3916A
C0C4EFE2
C0C64CD9
C0C7A85F
C0C90286
C0CA5B5C
C0CBB2F2
C0CD0956
C0CE5E94
C0CFB2BA
C0D105D5
C0D257EF
C0D3A914
C0D4F94E
C0D648A8
C0D7972A
C0D8E4DF
C0DA31CE
C0DB7E01
C0DCC97E
C0DE144E
C0DF5E77
C0E0A801
C0E1F0F2
C0E33951
C0E48123
C0E5C86E
C0E70F37
C0E85585
C0E99B5B
C0EAE0C0
C0EC25B6
C0ED6A43
C0EEAE6B
C0EFF232
C0F1359C
C0F278AC
C0F3BB67
C0F4FDCF
C0F63FE7
C0F781B4
C0F8C337
C0FA0474
C0FB456E
C0FC8627
C0FDC6A1
C0FF06E0
C1002372
C100C359
C1016326
C10202D8
C102A273
C10341F5
C103E161
C10480B7
C1051FF8
C105BF25
C1065E3F
C106FD46
C1079C3B
C1083B1F
C108D9F2
C10978B6
C10A176A
C10AB60F
C10B54A6
C10BF330
C10C91AD
C10D301C
C10DCE80
C10E6CD8
C10F0B25
C10FA967
BD9F0EAF
BDA1307A
BDA36873
BDA5B789
BDA81EB4
BDAA9EF9
BDAD3965
BDAFEF14
BDB2C12E
BDB5B0E9
BDB8BF86
BDBBEE57
BDBF3EBE
BDC2B22C
BDC64A21
BDCA0833
BDCDEE06
BDD1FD55
BDD637EE
BDDA9FB5
BDDF36A4
BDE3FECD
BDE8FA5C
BDEE2B97
BDF394DF
BDF938B3
BDFF19B1
BE029D4B
BE05CF21
BE0923DD
BE0C9D14
BE103C6E
BE1403A9
BE17F49A
BE1C112C
BE205B64
BE24D55E
BE298156
BE2E61A2
BE3378B7
BE38C92B
BE3E55B6
BE442133
BE4A2EA5
BE508135
BE571C39
BE5E0330
BE6539CE
BE6CC3F3
BE74A5B7
BE7CE36B
BE82C0CB
BE874282
BE8BF95D
BE90E804
BE961143
BE9B780B
BEA11F76
BEA70AC9
BEAD3D74
BEB3BB16
BEBA877E
BEC1A6B1
BEC91CE7
BED0EE8E
BED92052
BEE1B717
BEEAB802
BEF42876
BEFE0E19
BF04376A
BF09A86A
BF0F5D45
BF155958
BF1BA021
BF223542
BF291C7B
BF3059AF
BF37F0DD
BF3FE622
BF483DAE
BF50FBC9
BF5A24C7
BF63BD06
BF6DC8E3
BF784CB4
BF81A65E
BF876692
BF8D68F2
BF93AF60
BF9A3B98
BFA10F2A
BFA82B6E
BFAF9179
BFB74217
BFBF3DBB
BFC78478
BFD015F2
BFD8F156
BFE2154F
BFEB7FFF
BFF52EF7
BFFF1F32
C004A689
C009DA31
C00F282C
C0148DD1
C01A0834
C01F9433
C0252E78
C02AD38F
C0307FE7
C0362FE8
C03BDFFD
C0418CA4
C047327D
C04CCE53
C0525D30
C057DC5D
C05D4973
C062A25A
C067E550
C06D10E9
C072240D
C0771DF5
C07BFE26
C0806235
C082B867
C08501C7
C0873E8D
C0896F04
C08B9386
C08DAC7B
C08FBA50
C091BD7D
C093B67A
C095A5C1
C0978BCE
C0996918
C09B3E15
C09D0B38
C09ED0EE
C0A08FA1
C0A247B5
C0A3F988
C0A5A576
C0A74BD2
C0A8ECED
C0AA8913
C0AC208A
C0ADB394
C0AF4270
C0B0CD58
C0B25483
C0B3D824
C0B5586B
C0B6D586
C0B84F9F
C0B9C6DD
C0BB3B66
C0BCAD5C
C0BE1CE2
C0BF8A16
C0C0F515
C0C25DFA
C0C3C4E0
C0C529DF
C0C68D0F
C0C7EE84
C0C94E54
C0CAAC92
C0CC0951
C0CD64A2
C0CEBE96
C0D0173C
C0D16EA4
C0D2C4DB
C0D419EF
C0D56DEC
C0D6C0E0
C0D812D5
C0D963D6
C0DAB3EF
C0DC0328
C0DD518B
C0DE9F22
C0DFEBF5
C0E1380C
C0E2836F
C0E3CE25
C0E51837
C0E661AA
C0E7AA85
C0E8F2CE
C0EA3A8B
C0EB81C3
C0ECC87A
C0EE0EB5
C0EF547B
C0F099CE
C0F1DEB5
C0F32333
C0F4674C
C0F5AB05
C0F6EE61
C0F83164
C0F97412
C0FAB66E
C0FBF87C
C0FD3A3D
C0FE7BB6
C0FFBCE9
C1007EEC
C1011F44
C101BF7D
C1025F98
C102FF96
C1039F79
C1043F41
C104DEF0
C1057E87
C1061E06
C106BD6F
C1075CC2
C107FC00
C1089B2A
C1093A41
C109D945
C10A7838
C10B1719
C10BB5EA
C10C54AB
C10CF35D
C10D9200
C10E3095
C10ECF1D
C10F6D97
C1100C05
C110AA67
C11148BE
C111E709
BDDE0EA1
BDE0386D
BDE278B9
BDE4D078
BDE740A4
BDE9CA45
BDEC6E6E
BDEF2E3F
BDF20AE2
BDF50591
BDF81F94
BDFB5A41
BDFEB6FE
BE011BA0
BE02EE48
BE04D443
BE06CE66
BE08DD93
BE0B02B3
BE0D3EBB
BE0F92AB
BE11FF92
BE148688
BE1728B4
BE19E74B
BE1CC390
BE1FBED8
BE22DA85
BE26180C
BE2978F5
BE2CFEDB
BE30AB6A
BE348069
BE387FB0
BE3CAB32
BE4104FA
BE458F2D
BE4A4C0D
BE4F3DF9
BE54676D
BE59CB09
BE5F6B8E
BE654BE1
BE6B6F0E
BE71D84B
BE788AF7
BE7F8A9F
BE836D81
BE874007
BE8B3EF5
BE8F6C7A
BE93CAE2
BE985C9B
BE9D2430
BEA22454
BEA75FDA
BEACD9C0
BEB29529
BEB89567
BEBEDDF5
BEC57281
BECC56E8
BED38F3B
BEDB1FC4
BEE30D03
BEEB5BB3
BEF410CD
BEFD3189
BF0361B0
BF086608
BF0DA8CD
BF132D21
BF18F64E
BF1F07BD
BF2564FD
BF2C11BF
BF3311D9
BF3A693F
BF421C05
BF4A2E5D
BF52A492
BF5B8301
BF64CE1D
BF6E8A5D
BF78BC3E
BF81B41B
BF874956
BF8D1FF4
BF933A07
BF999983
BFA0403B
BFA72FD3
BFAE69BA
BFB5EF1D
BFBDC0E0
BFC5DF8D
BFCE4B4F
BFD703E2
BFE0088A
BFE95807
BFF2F08F
BFFCCFC2
C0037955
C008AAD8
C00DFA53
C013655F
C018E94E
C01E832C
C0242FCA
C029EBC1
C02FB386
C0358370
C03B57C5
C0412CCE
C046FEE3
C04CCA78
C0528C2F
C05840E1
C05DE5AD
C06377FD
C068F590
C06E5C7C
C073AB2F
C078E072
C07DFB63
C0817DB8
C083F029
C0865502
C088AC61
C08AF67A
C08D3398
C08F6418
C0918863
C093A0EE
C095AE33
C097B0B2
C099A8EB
C09B9761
C09D7C94
C09F58FF
C0A12D1C
C0A2F961
C0A4BE3D
C0A67C1B
C0A83360
C0A9E46C
C0AB8F9A
C0AD353F
C0AED5AB
C0B07129
C0B20800
C0B39A72
C0B528BE
C0B6B31C
C0B839C5
C0B9BCEA
C0BB3CBB
C0BCB966
C0BE3314
C0BFA9ED
C0C11E16
C0C28FB1
C0C3FEE0
C0C56BC1
C0C6D671
C0C83F0C
C0C9A5AB
C0CB0A66
C0CC6D55
C0CDCE8C
C0CF2E21
C0D08C27
C0D1E8B1
C0D343CE
C0D49D91
C0D5F609
C0D74D44
C0D8A350
C0D9F83B
C0DB4C12
C0DC9EE0
C0DDF0B2
C0DF4191
C0E09188
C0E1E0A2
C0E32EE8
C0E47C62
C0E5C919
C0E71516
C0E8605F
C0E9AAFE
C0EAF4F8
C0EC3E55
C0ED871A
C0EECF4F
C0F016F9
C0F15E1E
C0F2A4C3
C0F3EAED
C0F530A2
C0F675E5
C0F7BABC
C0F8FF2B
C0FA4337
C0FB86E2
C0FCCA31
C0FE0D28
C0FF4FCA
C100490D
C100EA0E
C1018AEA
C1022BA1
C102CC36
C1036CA9
C1040CFC
C104AD30
C1054D47
C105ED41
C1068D20
C1072CE5
C107CC91
C1086C24
C1090BA0
C109AB05
C10A4A55
C10AE990
C10B88B8
C10C27CC
C10CC6CD
C10D65BD
C10E049C
C10EA36B
C10F422A
C10FE0DA
C1107F7B
C1111E0E
C111BC94
C1125B0C
C112F979
C11397D9
C114362E
BE0F00ED
BE1019CD
BE113E17
BE126E43
BE13AAD3
BE14F44B
BE164B37
BE17B028
BE1923B6
BE1AA680
BE1C392C
BE1DDC67
BE1F90E7
BE215769
BE2330B4
BE251D96
BE271EE9
BE29358F
BE2B6276
BE2DA696
BE3002F4
BE32789F
BE3508B6
BE37B462
BE3A7CDC
BE3D636D
BE40696D
BE439043
BE46D96A
BE4A466E
BE4DD8EF
BE5192A0
BE55754C
BE5982D4
BE5DBD2F
BE622670
BE66C0C3
BE6B8E71
BE7091E1
BE75CD99
BE7B4440
BE807C50
BE8376D4
BE869338
BE89D31B
BE8D3833
BE90C44C
BE94794C
BE985931
BE9C6615
BEA0A22E
BEA50FD1
BEA9B172
BEAE89A8
BEB39B2C
BEB8E8DD
BEBE75C2
BEC4450B
BECA5A12
BED0B862
BED763B3
BEDE5FF2
BEE5B13F
BEED5BF1
BEF5649B
BEFDD00A
BF0351A5
BF07F1D2
BF0CCB56
BF11E118
BF173627
BF1CCDB3
BF22AB11
BF28D1BC
BF2F4550
BF360992
BF3D2267
BF4493D9
BF4C6210
BF549154
BF5D2606
BF6624A1
BF6F91AD
BF7971C3
BF81E4BE
BF874EB8
BF8CF913
BF92E608
BF9917BA
BF9F9033
BFA6515A
BFAD5CEB
BFB4B46C
BFBC5922
BFC44C09
BFCC8DC7
BFD51E9F
BFDDFE66
BFE72C7A
BFF0A7B1
BFFA6E59
C0023F12
C0076A17
C00CB676
C012221B
C017AAA1
C01D4D56
C0230741
C028D526
C02EB392
C0349EE3
C03A9355
C0408D14
C0468843
C04C8113
C05273CF
C0585CEA
C05E390F
C064052B
C069BE7A
C06F628C
C074EF4C
C07A6300
C07FBC4C
C0827D17
C0850DFD
C08790AB
C08A0516
C08C6B56
C08EC39C
C0910E34
C0934B7A
C0957BDC
C0979FD1
C099B7DA
C09BC47C
C09DC640
C09FBDAD
C0A1AB4C
C0A38FA1
C0A56B2D
C0A73E6C
C0A909D5
C0AACDDB
C0AC8AE8
C0AE4164
C0AFF1AE
C0B19C22
C0B34115
C0B4E0D7
C0B67BB3
C0B811F0
C0B9A3D0
C0BB3190
C0BCBB6A
C0BE4195
C0BFC442
C0C143A3
C0C2BFE2
C0C4392A
C0C5AFA1
C0C7236E
C0C894B1
C0CA038D
C0CB701E
C0CCDA83
C0CE42D5
C0CFA930
C0D10DAA
C0D2705A
C0D3D156
C0D530B3
C0D68E83
C0D7EAD8
C0D945C5
C0DA9F59
C0DBF7A3
C0DD4EB3
C0DEA497
C0DFF95B
C0E14D0C
C0E29FB7
C0E3F166
C0E54224
C0E691FC
C0E7E0F8
C0E92F20
C0EA7C7F
C0EBC91C
C0ED14FF
C0EE6031
C0EFAAB8
C0F0F49C
C0F23DE3
C0F38694
C0F4CEB5
C0F6164C
C0F75D5F
C0F8A3F2
C0F9EA0C
C0FB2FB1
C0FC74E5
C0FDB9AD
C0FEFE0E
C1002106
C100C2D5
C1016477
C10205EC
C102A737
C103485A
C103E956
C1048A2C
C1052ADE
C105CB6E
C1066BDD
C1070C2C
C107AC5C
C1084C6E
C108EC65
C1098C40
C10A2C01
C10ACBA9
C10B6B39
C10C0AB2
C10CAA14
C10D4961
C10DE89A
C10E87BE
C10F26D0
C10FC5CF
C11064BD
C1110399
C111A266
C1124122
C112DFD0
C1137E6F
C1141D01
C114BB84
C11559FB
C115F866
C11696C5
BE2F6CAA
BE30897E
BE31B1E2
BE32E654
BE342754
BE35756A
BE36D123
BE383B13
BE39B3D3
BE3B3C05
BE3CD44F
BE3E7D64
BE4037F9
BE4204CF
BE43E4AF
BE45D86B
BE47E0DE
BE49FEEF
BE4C338E
BE4E7FB6
BE50E46F
BE5362CE
BE55FBF2
BE58B10B
BE5B8355
BE5E741D
BE6184BF
BE64B6A9
BE680B57
BE6B845E
BE6F2360
BE72EA18
BE76DA56
BE7AF601
BE7F3F17
BE81DBD8
BE843101
BE86A02E
BE892A97
BE8BD181
BE8E9647
BE917A50
BE947F1A
BE97A634
BE9AF145
BE9E6206
BEA1FA4B
BEA5BBFF
BEA9A926
BEADC3E3
BEB20E71
BEB68B2F
BEBB3C97
BEC0254A
BEC5480A
BECAA7C0
BED0477B
BED62A78
BEDC541D
BEE2C7FF
BEE989E5
BEF09DC9
BEF807D9
BEFFCC7D
BF03F82C
BF083C24
BF0CB4B5
BF116490
BF164E87
BF1B758F
BF20DCC1
BF26875B
BF2C78C0
BF32B478
BF393E31
BF4019C1
BF474B1E
BF4ED665
BF56BFD4
BF5F0BC8
BF67BEBC
BF70DD41
BF7A6BFD
BF8237D2
BF877678
BF8CF44C
BF92B3A4
BF98B6CA
BF9EFFF6
BFA59148
BFAC6CBB
BFB39423
BFBB091D
BFC2CD09
BFCAE0FD
BFD345B8
BFDBFB99
BFE50290
BFEE5A15
BFF8011A
C000FB02
C0061B4E
C00B6009
C010C776
C0164F85
C01BF5D6
C021B7B6
C0279227
C02D81E5
C033836F
C0399310
C03FACEF
C045CD16
C04BEF8B
C0521055
C0582B93
C05E3D8C
C06442B8
C06A37D4
C07019E7
C075E650
C07B9ACB
C0809AB8
C0835A5F
C0860BC6
C088AE89
C08B426D
C08DC75F
C0903D6F
C092A4CC
C094FDBC
C097489F
C09985E4
C09BB605
C09DD98A
C09FF0FC
C0A1FCED
C0A3FDEB
C0A5F485
C0A7E149
C0A9C4C0
C0AB9F6D
C0AD71D0
C0AF3C61
C0B0FF94
C0B2BBD5
C0B4718D
C0B6211B
C0B7CADA
C0B96F21
C0BB0E3F
C0BCA87F
C0BE3E27
C0BFCF7A
C0C15CB3
C0C2E60E
C0C46BC0
C0C5EDFB
C0C76CEE
C0C8E8C5
C0CA61AB
C0CBD7C5
C0CD4B39
C0CEBC28
C0D02AB3
C0D196F8
C0D30114
C0D46922
C0D5CF3A
C0D73375
C0D895E9
C0D9F6AD
C0DB55D3
C0DCB36F
C0DE0F93
C0DF6A50
C0E0C3B7
C0E21BD6
C0E372BD
C0E4C879
C0E61D18
C0E770A5
C0E8C32D
C0EA14BB
C0EB655A
C0ECB513
C0EE03F2
C0EF51FF
C0F09F43
C0F1EBC7
C0F33792
C0F482AC
C0F5CD1D
C0F716EB
C0F8601E
C0F9A8BB
C0FAF0C9
C0FC384E
C0FD7F4F
C0FEC5D2
C10005EE
C100A8B8
C1014B4B
C101EDA8
C1028FD2
C10331CA
C103D393
C104752F
C105169E
C105B7E4
C1065901
C106F9F8
C1079AC9
C1083B77
C108DC02
C1097C6D
C10A1CB7
C10ABCE3
C10B5CF2
C10BFCE5
C10C9CBD
C10D3C7A
C10DDC1F
C10E7BAC
C10F1B21
C10FBA81
C11059CB
C110F901
C1119823
C1123732
C112D62F
C113751A
C11413F4
C114B2BE
C1155179
C115F025
C1168EC2
C1172D52
C117CBD4
C1186A49
C11908B2
BE504319
BE5163D5
BE52904A
BE53C8F6
BE550E5C
BE566105
BE57C180
BE593062
BE5AAE47
BE5C3BD2
BE5DD9AE
BE5F888C
BE614927
BE631C42
BE6502A7
BE66FD2B
BE690CAD
BE6B3216
BE6D6E59
BE6FC275
BE722F75
BE74B671
BE77588C
BE7A16FA
BE7CF2FB
BE7FEDE1
BE818485
BE8322F5
BE84D302
BE869577
BE886B29
BE8A54F8
BE8C53CF
BE8E68A4
BE909479
BE92D85F
BE953573
BE97ACE1
BE9A3FE3
BE9CEFC6
BE9FBDE4
BEA2ABAD
BEA5BAA2
BEA8EC58
BEAC4278
BEAFBEC5
BEB36316
BEB7315C
BEBB2BA4
BEBF5414
BEC3ACF3
BEC838A2
BECCF9A9
BED1F2AD
BED7267B
BEDC9805
BEE24A65
BEE840E1
BEEE7EEC
BEF50827
BEFBE065
BF0185D7
BF05471F
BF093646
BF0D55A7
BF11A7B8
BF162F12
BF1AEE70
BF1FE8AD
BF2520CB
BF2A99EE
BF305762
BF365C96
BF3CAD22
BF434CC4
BF4A3F61
BF518903
BF592DD9
BF613237
BF699A8F
BF726B73
BF7BA98F
BF82ACD2
BF87C040
BF8D1180
BF92A2FD
BF98771F
BF9E9043
BFA4F0B4
BFAB9AA7
BFB29030
BFB9D337
BFC16575
BFC94863
BFD17D30
BFDA04B9
BFE2DF78
BFEC0D7A
BFF58E55
BFFF6116
C004C21E
C009FAD7
C00F5957
C014DBEC
C01A808F
C02044E3
C0262638
C02C218D
C0323399
C03858D0
C03E8D6C
C044CD7E
C04B14F6
C0515FB7
C057A9A3
C05DEEAF
C0642AF0
C06A5AAE
C0707A6F
C0768707
C07C7DA0
C0812DE0
C0840FA9
C086E353
C089A835
C08C5DDA
C08F03F9
C0919A73
C094214F
C09698B6
C09900ED
C09B5A51
C09DA552
C09FE26F
C0A21234
C0A43531
C0A64BFD
C0A85730
C0AA5760
C0AC4D23
C0AE390A
C0B01BA2
C0B1F572
C0B3C6FC
C0B590B9
C0B7531E
C0B90E99
C0BAC391
C0BC7269
C0BE1B7A
C0BFBF1A
C0C15D99
C0C2F742
C0C48C5B
C0C61D25
C0C7A9DE
C0C932BE
C0CAB7FB
C0CC39C8
C0CDB852
C0CF33C6
C0D0AC4D
C0D2220D
C0D3952C
C0D505CA
C0D67407
C0D7E003
C0D949D9
C0DAB1A4
C0DC177D
C0DD7B7C
C0DEDDB7
C0E03E43
C0E19D35
C0E2FA9F
C0E45694
C0E5B124
C0E70A5F
C0E86255
C0E9B914
C0EB0EAA
C0EC6324
C0EDB68F
C0EF08F5
C0F05A64
C0F1AAE4
C0F2FA81
C0F44944
C0F59736
C0F6E461
C0F830CC
C0F97C7F
C0FAC783
C0FC11DE
C0FD5B98
C0FEA4B7
C0FFED41
C1009A9F
C1013E58
C101E1D1
C102850A
C1032807
C103CACA
C1046D56
C1050FAC
C105B1CF
C10653C1
C106F584
C107971A
C1083884
C108D9C4
C1097ADC
C10A1BCE
C10ABC9B
C10B5D44
C10BFDCB
C10C9E31
C10D3E77
C10DDEA0
C10E7EAB
C10F1E9A
C10FBE6E
C1105E29
C110FDCA
C1119D54
C1123CC7
C112DC23
C1137B6B
C1141A9E
C114B9BD
C11558CA
C115F7C4
C11696AD
C1173586
C117D44E
C1187307
C11911B0
C119B04C
C11A4ED9
C11AED5A
C11B8BCE
BE717CEF
BE72A188
BE73D202
BE750EDC
BE76589A
BE77AFC8
BE7914F6
BE7A88BB
BE7C0BB6
BE7D9E8B
BE7F41E8
BE807B40
BE815E87
BE824B2D
BE834198
BE844235
BE854D72
BE8663C8
BE8785B0
BE88B3AC
BE89EE43
BE8B3603
BE8C8B7E
BE8DEF52
BE8F6220
BE90E492
BE92775B
BE941B35
BE95D0E6
BE97993B
BE99750C
BE9B653A
BE9D6AB4
BE9F8673
BEA1B97D
BEA404E5
BEA669CC
BEA8E961
BEAB84E3
BEAE3DA1
BEB114FD
BEB40C67
BEB72567
BEBA6197
BEBDC2A6
BEC14A5A
BEC4FA91
BEC8D542
BECCDC81
BED1127B
BED5797C
BEDA13EF
BEDEE462
BEE3ED83
BEE93229
BEEEB54E
BEF47A17
BEFA83D4
BF006B02
BF03BA29
BF07314F
BF0AD280
BF0E9FE0
BF129BB3
BF16C85B
BF1B2857
BF1FBE49
BF248CF6
BF299744
BF2EE03F
BF346B18
BF3A3B26
BF4053E7
BF46B902
BF4D6E43
BF5477A0
BF5BD936
BF639747
BF6BB639
BF743A97
BF7D2909
BF83432A
BF882BAA
BF8D507B
BF92B419
BF985901
BF9E41AC
BFA4708A
BFAAE7FC
BFB1AA49
BFB8B99D
BFC017FA
BFC7C730
BFCFC8D2
BFD81E2C
BFE0C838
BFE9C78D
BFF31C57
BFFCC649
C0036247
C0088AE3
C00DDBF9
C0135437
C018F1F7
C01EB33B
C02495AF
C02A96A7
C030B322
C036E7D4
C03D3128
C0438B4B
C049F23A
C05061CC
C056D5C5
C05D49E3
C063B9EE
C06A21CD
C0707D95
C076C996
C07D026C
C0819284
C084975C
C0878E9B
C08A774D
C08D50B6
C0901A4C
C092D3B4
C0957CC1
C0981572
C09A9DE5
C09D165C
C09F7F32
C0A1D8D8
C0A423CF
C0A660A6
C0A88FF5
C0AAB258
C0ACC870
C0AED2DC
C0B0D238
C0B2C721
C0B4B22B
C0B693E6
C0B86CDB
C0BA3D8F
C0BC067C
C0BDC818
C0BF82D2
C0C13711
C0C2E537
C0C48D9F
C0C6309E
C0C7CE85
C0C9679C
C0CAFC2B
C0CC8C72
C0CE18AE
C0CFA118
C0D125E6
C0D2A748
C0D4256D
C0D5A081
C0D718AD
C0D88E17
C0DA00E4
C0DB7134
C0DCDF27
C0DE4ADD
C0DFB470
C0E11BFA
C0E28197
C0E3E55B
C0E5475F
C0E6A7B7
C0E80676
C0E963B0
C0EABF77
C0EC19DB
C0ED72ED
C0EECABB
C0F02154
C0F176C5
C0F2CB1D
C0F41E66
C0F570AD
C0F6C1FC
C0F81260
C0F961E1
C0FAB089
C0FBFE61
C0FD4B73
C0FE97C7
C0FFE364
C1009729
C1013C4C
C101E11F
C10285A5
C10329E1
C103CDD6
C1047188
C10514F8
C105B82A
C1065B1F
C106FDDB
C107A060
C10842B0
C108E4CD
C10986B9
C10A2876
C10ACA06
C10B6B6B
C10C0CA6
C10CADB9
C10D4EA6
C10DEF6E
C10E9013
C10F3096
C10FD0F8
C110713A
C111115F
C111B166
C1125152
C112F123
C11390DA
C1143079
C114D000
C1156F6F
C1160EC9
C116AE0E
C1174D3F
C117EC5C
C1188B66
C1192A5E
C119C945
C11A681B
C11B06E2
C11BA598
C11C4440
C11CE2DA
C11D8166
C11E1FE5
BE89898D
BE8A1DC1
BE8AB7F9
BE8B5876
BE8BFF7A
BE8CAD4C
BE8D6234
BE8E1E80
BE8EE280
BE8FAE86
BE9082EB
BE91600A
BE924641
BE9335F5
BE942F8E
BE953379
BE964228
BE975C11
BE9881B3
BE99B390
BE9AF230
BE9C3E22
BE9D97FD
BE9F005D
BEA077E6
BEA1FF46
BEA39731
BEA54064
BEA6FBA5
BEA8C9C6
BEAAAB9F
BEACA216
BEAEAE1C
BEB0D0AE
BEB30AD3
BEB55DA2
BEB7CA40
BEBA51DF
BEBCF5C2
BEBFB73D
BEC297B5
BEC5989F
BEC8BB86
BECC020A
BECF6DE0
BED300D2
BED6BCC4
BEDAA3B4
BEDEB7BB
BEE2FB0C
BEE76FFC
BEEC18FD
BEF0F8A3
BEF611A7
BEFB66E6
BF007DB2
BF036929
BF067784
BF09AA88
BF0D0411
BF108616
BF1432A7
BF180BF2
BF1C1440
BF204DFC
BF24BBAD
BF296000
BF2E3DC1
BF3357E1
BF38B178
BF3E4DC1
BF443021
BF4A5C23
BF50D57B
BF57A007
BF5EBFCC
BF6638F7
BF6E0FDE
BF7648FD
BF7EE8F2
BF83FA3F
BF88B83F
BF8DB0F4
BF92E6E4
BF985C9A
BF9E14A3
BFA4118A
BFAA55D1
BFB0E3ED
BFB7BE3D
BFBEE702
BFC66055
BFCE2C21
BFD64C15
BFDEC199
BFE78DC2
BFF0B147
BFFA2C75
C001FF8E
C0071446
C00C53C1
C011BD0E
C0174EEB
C01D07C0
C022E59B
C028E630
C02F06DB
C035449F
C03B9C2E
C04209EE
C0488A03
C04F1857
C055B0AD
C05C4EA9
C062EDE8
C0698A08
C0701EC1
C076A7F5
C07D21BC
C081C43C
C084EC70
C0880804
C08B15B7
C08E147B
C091037B
C093E215
C096AFDC
C0996C94
C09C182B
C09EB2BA
C0A13C79
C0A3B5C1
C0A61F02
C0A878BE
C0AAC389
C0ACFFFF
C0AF2EC3
C0B1507D
C0B365D6
C0B56F73
C0B76DF9
C0B96205
C0BB4C32
C0BD2D12
C0BF0530
C0C0D512
C0C29D34
C0C45E0D
C0C6180B
C0C7CB97
C0C97911
C0CB20D6
C0CCC339
C0CE608C
C0CFF917
C0D18D21
C0D31CEA
C0D4A8AE
C0D630A7
C0D7B508
C0D93604
C0DAB3C8
C0DC2E80
C0DDA655
C0DF1B6C
C0E08DEA
C0E1FDEF
C0E36B9B
C0E4D70C
C0E6405F
C0E7A7AC
C0E90D0E
C0EA709B
C0EBD269
C0ED328E
C0EE911D
C0EFEE2A
C0F149C4
C0F2A3FE
C0F3FCE8
C0F5548F
C0F6AB04
C0F80052
C0F95488
C0FAA7B1
C0FBF9D9
C0FD4B0C
C0FE9B53
C0FFEAB9
C1009CA4
C1014384
C101EA01
C102901F
C10335E3
C103DB50
C1048069
C1052532
C105C9AF
C1066DE2
C10711CF
C107B579
C10858E1
C108FC0B
C1099EFA
C10A41AF
C10AE42D
C10B8677
C10C288D
C10CCA74
C10D6C2B
C10E0DB6
C10EAF15
C10F504C
C10FF15A
C1109242
C1113306
C111D3A7
C1127425
C1131484
C113B4C2
C11454E3
C114F4E8
C11594D0
C116349E
C116D452
C11773ED
C1181371
C118B2DF
C1195236
C119F178
C11A90A6
C11B2FC1
C11BCEC9
C11C6DBF
C11D0CA4
C11DAB78
C11E4A3D
C11EE8F1
C11F8798
C1202630
C120C4BA
BE9A7F66
BE9B157B
BE9BB1A8
BE9C542C
BE9CFD4C
BE9DAD50
BE9E6481
BE9F232D
BE9FE9A5
BEA0B83E
BEA18F4F
BEA26F35
BEA35851
BEA44B07
BEA547C1
BEA64EED
BEA76100
BEA87E70
BEA9A7BD
BEAADD6B
BEAC2004
BEAD7018
BEAECE41
BEB03B1B
BEB1B74F
BEB34389
BEB4E082
BEB68EF8
BEB84FB3
BEBA2388
BEBC0B52
BEBE07FA
BEC01A72
BEC243BA
BEC484DE
BEC6DEF7
BEC9532D
BECBE2B6
BECE8ED9
BED158EE
BED4425C
BED74C9F
BEDA7946
BEDDC9F5
BEE14065
BEE4DE67
BEE8A5E5
BEEC98E1
BEF0B97B
BEF509ED
BEF98C92
BEFE43E4
BF01993F
BF042D91
BF06E05A
BF09B322
BF0CA785
BF0FBF34
BF12FBFB
BF165FBA
BF19EC6E
BF1DA42F
BF218931
BF259DC4
BF29E45B
BF2E5F87
BF3311FA
BF37FE8D
BF3D283A
BF429223
BF483F8F
BF4E33EF
BF5472DC
BF5B0018
BF61DF8E
BF691555
BF70A5AB
BF7894F9
BF8073E6
BF84D16E
BF89657F
BF8E3294
BF933B35
BF9881F7
BF9E0973
BFA3D447
BFA9E510
BFB03E62
BFB6E2C6
BFBDD4B1
BFC5167A
BFCCAA53
BFD49241
BFDCD00E
BFE5653E
BFEE5305
BFF79A3B
C0009DA5
C0059B13
C00AC520
C0101B3B
C0159C86
C01B47CD
C0211B88
C02715D3
C02D346F
C03374BF
C039D3CF
C0404E51
C046E0AA
C04D86F6
C0543D13
C05AFEB0
C061C757
C0689282
C06F5BAB
C0761E5B
C07CD640
C081BF9D
C0850AB9
C0884AB0
C08B7DED
C08EA30F
C091B8EE
C094BE96
C097B34E
C09A9692
C09D6812
C0A027AE
C0A2D572
C0A5718F
C0A7FC56
C0AA7636
C0ACDFB2
C0AF3960
C0B183E0
C0B3BFDD
C0B5EE06
C0B80F0B
C0BA239C
C0BC2C66
C0BE2A12
C0C01D43
C0C20694
C0C3E69C
C0C5BDE7
C0C78CFB
C0C95457
C0CB1472
C0CCCDBA
C0CE8097
C0D02D6C
C0D1D492
C0D37660
C0D51324
C0D6AB28
C0D83EB2
C0D9CE01
C0DB5952
C0DCE0DD
C0DE64D7
C0DFE571
C0E162D8
C0E2DD37
C0E454B8
C0E5C97F
C0E73BB1
C0E8AB6E
C0EA18D6
C0EB8406
C0ECED1A
C0EE542D
C0EFB956
C0F11CAD
C0F27E49
C0F3DE3D
C0F53C9E
C0F6997D
C0F7F4EE
C0F94EFF
C0FAA7C2
C0FBFF45
C0FD5596
C0FEAAC3
C0FFFED8
C100A8F1
C10151F7
C101FA82
C102A298
C1034A3E
C103F179
C104984D
C1053EBF
C105E4D2
C1068A8C
C1072FEE
C107D4FE
C10879BE
C1091E32
C109C25D
C10A6642
C10B09E3
C10BAD44
C10C5067
C10CF34F
C10D95FE
C10E3875
C10EDAB9
C10F7CCA
C1101EAA
C110C05D
C11161E2
C112033D
C112A46E
C1134578
C113E65C
C114871C
C11527B8
C115C833
C116688D
C11708C9
C117A8E6
C11848E7
C118E8CC
C1198897
C11A2848
C11AC7E1
C11B6762
C11C06CD
C11CA621
C11D4561
C11DE48D
C11E83A6
C11F22AB
C11FC19F
C1206082
C120FF55
C1219E17
C1223CCA
C122DB6F
C1237A05
BEAB9CC9
BEAC34B7
BEACD2CE
BEAD7752
BEAE2285
BEAED4B2
BEAF8E22
BEB04F24
BEB11809
BEB1E928
BEB2C2DA
BEB3A57C
BEB49170
BEB5871B
BEB686E9
BEB79149
BEB8A6B0
BEB9C798
BEBAF480
BEBC2DEE
BEBD746F
BEBEC894
BEC02AF7
BEC19C39
BEC31D02
BEC4AE02
BEC64FF2
BEC80394
BEC9C9B2
BECBA322
BECD90C3
BECF937F
BED1AC4D
BED3DC2E
BED62431
BED88574
BEDB0120
BEDD9871
BEE04CAF
BEE31F37
BEE61174
BEE924E6
BEEC5B20
BEEFB5CC
BEF336A7
BEF6DF87
BEFAB25B
BEFEB12D
BF016F10
BF039DBC
BF05E5C9
BF084879
BF0AC71E
BF0D631C
BF101DE9
BF12F911
BF15F636
BF19170E
BF1C5D68
BF1FCB2D
BF23625E
BF272519
BF2B1599
BF2F3637
BF33896B
BF3811CF
BF3CD21E
BF41CD3A
BF470627
BF4C8012
BF523E4C
BF584453
BF5E95CC
BF653687
BF6C2A7E
BF7375D8
BF7B1CE3
BF81920E
BF85C811
BF8A32E1
BF8ED4F3
BF93B0D0
BF98C90C
BF9E2049
BFA3B930
BFA9966F
BFAFBAB4
BFB628A7
BFBCE2E3
BFC3EBF3
BFCB4645
BFD2F423
BFDAF7AB
BFE352C3
BFEC070E
BFF515DD
BFFE8026
C004233C
C0093475
C00E7386
C013DFF1
C01978EA
C01F3D50
C0252BAA
C02B4225
C0317E8F
C037DE59
C03E5E95
C044FBFE
C04BB2F8
C0527F9C
C0595DBE
C06048FC
C0673CCC
C06E3489
C0752B87
C07C1D24
C081826E
C084EF2D
C08852C3
C08BAB4E
C08EF718
C09234A0
C095629D
C0987FFF
C09B8BF0
C09E85D3
C0A16D41
C0A4420A
C0A70428
C0A9B3C3
C0AC5125
C0AEDCB7
C0B156FC
C0B3C08B
C0B61A09
C0B86425
C0BA9F96
C0BCCD15
C0BEED5A
C0C1011E
C0C30912
C0C505E3
C0C6F838
C0C8E0B1
C0CABFE4
C0CC9660
C0CE64AC
C0D02B47
C0D1EAA9
C0D3A340
C0D55575
C0D701A9
C0D8A837
C0DA4974
C0DBE5AF
C0DD7D31
C0DF103F
C0E09F19
C0E229FB
C0E3B11E
C0E534B4
C0E6B4EF
C0E831FC
C0E9AC07
C0EB2336
C0EC97B1
C0EE099A
C0EF7911
C0F0E637
C0F25129
C0F3BA02
C0F520DB
C0F685CE
C0F7E8F2
C0F94A5D
C0FAAA22
C0FC0856
C0FD650B
C0FEC053
C1000D1F
C100B96E
C101651D
C1021035
C102BABB
C10364B6
C1040E2D
C104B724
C1055FA1
C10607AA
C106AF44
C1075673
C107FD3C
C108A3A3
C10949AC
C109EF5B
C10A94B4
C10B39BB
C10BDE72
C10C82DD
C10D2700
C10DCADD
C10E6E77
C10F11D1
C10FB4ED
C11057CE
C110FA76
C1119CE8
C1123F26
C112E131
C113830C
C11424B9
C114C63A
C1156790
C11608BD
C116A9C2
C1174AA2
C117EB5D
C1188BF6
C1192C6D
C119CCC4
C11A6CFC
C11B0D16
C11BAD14
C11C4CF6
C11CECBD
C11D8C6C
C11E2C02
C11ECB80
C11F6AE8
C1200A3B
C120A978
C12148A2
C121E7B8
C12286BC
C12325AE
C123C48F
C1246360
C1250220
C125A0D2
C1263F75
BEBCDEA8
BEBD7866
BEBE1860
BEBEBED9
BEBF6C16
BEC02061
BEC0DC06
BEC19F52
BEC26A9A
BEC33E34
BEC41A7A
BEC4FFCB
BEC5EE89
BEC6E71C
BEC7E9EF
BEC8F773
BECA101F
BECB346E
BECC64E0
BECDA1FD
BECEEC53
BED04475
BED1AAFF
BED32093
BED4A5DC
BED63B8A
BED7E25A
BED99B0F
BEDB6675
BEDD4566
BEDF38C2
BEE14175
BEE3607A
BEE596D4
BEE7E596
BEEA4DDF
BEECD0DE
BEEF6FCF
BEF22C01
BEF506D2
BEF801B3
BEFB1E27
BEFE5DC5
BF00E11E
BF02A6A7
BF04806B
BF066F65
BF08749B
BF0A9122
BF0CC61F
BF0F14C6
BF117E5A
BF140431
BF16A7B3
BF196A5B
BF1C4DB9
BF1F5373
BF227D44
BF25CD01
BF294497
BF2CE60E
BF30B389
BF34AF4B
BF38DBB3
BF3D3B41
BF41D097
BF469E78
BF4BA7CF
BF50EFAA
BF56793E
BF5C47EB
BF625F38
BF68C2D6
BF6F76A4
BF767EAB
BF7DDF1F
BF82CE31
BF86DD7E
BF8B1FD4
BF8F97A0
BF944765
BF9931B5
BF9E5932
BFA3C08D
BFA96A7C
BFAF59BD
BFB5910F
BFBC132D
BFC2E2C5
BFCA0277
BFD174C8
BFD93C1A
BFE15AA5
BFE9D26A
BFF2A528
BFFBD451
C002B07E
C007A5EC
C00CCA8F
C0121E44
C017A09D
C01D50E2
C0232E05
C02936A0
C02F68F0
C035C2D5
C03C41CD
C042E2F8
C049A318
C0507E95
C057718A
C05E77C3
C0658CD4
C06CAC1F
C073D0E6
C07AF65A
C0810BD9
C084981C
C0881DB0
C08B9A6C
C08F0C4D
C092717C
C095C856
C0990F70
C09C459A
C09F69DD
C0A27B83
C0A57A0A
C0A8652D
C0AB3CD4
C0AE011A
C0B0B23E
C0B350A3
C0B5DCC9
C0B85747
C0BAC0C5
C0BD19F6
C0BF6399
C0C19E6D
C0C3CB37
C0C5EAB5
C0C7FDA7
C0CA04C2
C0CC00B9
C0CDF236
C0CFD9D8
C0D1B83A
C0D38DEB
C0D55B74
C0D72154
C0D8E003
C0DA97EF
C0DC4981
C0DDF51A
C0DF9B15
C0E13BC6
C0E2D77D
C0E46E81
C0E60119
C0E78F82
C0E919FA
C0EAA0B7
C0EC23ED
C0EDA3CD
C0EF2084
C0F09A3D
C0F2111F
C0F38550
C0F4F6F3
C0F66628
C0F7D30F
C0F93DC4
C0FAA663
C0FC0D06
C0FD71C5
C0FED4B8
C1001AF9
C100CAC6
C10179CA
C1022810
C102D5A0
C1038283
C1042EC0
C104DA5F
C1058566
C1062FDD
C106D9C9
C1078331
C1082C1B
C108D48B
C1097C88
C10A2415
C10ACB39
C10B71F7
C10C1853
C10CBE52
C10D63F8
C10E0947
C10EAE45
C10F52F4
C10FF757
C1109B72
C1113F48
C111E2DA
C112862D
C1132943
C113CC1E
C1146EC0
C115112C
C115B364
C116556A
C116F740
C11798E8
C1183A64
C118DBB5
C1197CDD
C11A1DDF
C11ABEBA
C11B5F72
C11C0007
C11CA07A
C11D40CD
C11DE102
C11E8119
C11F2114
C11FC0F3
C12060B8
C1210063
C1219FF7
C1223F73
C122DED8
C1237E28
C1241D64
C124BC8B
C1255B9F
C125FAA1
C1269991
C1273871
C127D73F
C12875FE
C12914AE
BECE422A
BECEDDAE
BECF7F81
BED027E6
BED0D723
BED18D81
BED24B4F
BED310DA
BED3DE79
BED4B481
BED5934E
BED67B40
BED76CBA
BED86825
BED96DEE
BEDA7E87
BEDB9A67
BEDCC20B
BEDDF5F5
BEDF36AE
BEE084C6
BEE1E0D1
BEE34B6C
BEE4C53C
BEE64EEC
BEE7E931
BEE994C7
BEEB5275
BEED2309
BEEF075D
BEF10055
BEF30EE2
BEF533FD
BEF770AE
BEF9C60B
BEFC3536
BEFEBF60
BF00B2E5
BF0214E3
BF03865A
BF050805
BF069AA8
BF083F11
BF09F618
BF0BC0A1
BF0D9F9C
BF0F9407
BF119EEA
BF13C15F
BF15FC8C
BF1851A8
BF1AC1FA
BF1D4EDC
BF1FF9B9
BF22C410
BF25AF76
BF28BD95
BF2BF02D
BF2F4917
BF32CA47
BF3675C9
BF3A4DC9
BF3E548C
BF428C7B
BF46F81B
BF4B9A18
BF50753C
BF558C7A
BF5AE2EB
BF607BCD
BF665A8A
BF6C82B6
BF72F80D
BF79BE7C
BF806D0C
BF842793
BF88110B
BF8C2BC3
BF907A1F
BF94FE98
BF99BBB9
BF9EB423
BFA3EA83
BFA96195
BFAF1C21
BFB51CF3
BFBB66DA
BFC1FCA4
BFC8E112
BFD016D8
BFD7A092
BFDF80B9
BFE7B9A0
BFF04D63
BFF93DDD
C0014650
C0061D71
C00B24BB
C0105C5C
C015C444
C01B5C19
C0212336
C02718A0
C02D3B07
C03388BA
C039FFAB
C0409D6A
C0475F24
C04E41A7
C0554166
C05C5A7B
C06388B5
C06AC79D
C0721288
C07964A1
C0805C7E
C0840556
C087AA66
C08B494D
C08EDFC7
C0926BAD
C095EB0A
C0995C15
C09CBD40
C0A00D37
C0A34AE4
C0A6756E
C0A98C3C
C0AC8EEB
C0AF7D53
C0B25779
C0B51D92
C0B7CFF8
C0BA6F26
C0BCFBAF
C0BF763E
C0C1DF8A
C0C43857
C0C6816E
C0C8BB99
C0CAE7A3
C0CD0656
C0CF1872
C0D11EB5
C0D319D3
C0D50A79
C0D6F149
C0D8CEDE
C0DAA3CA
C0DC7095
C0DE35BF
C0DFF3C0
C0E1AB06
C0E35BFB
C0E506FF
C0E6AC6C
C0E84C97
C0E9E7CD
C0EB7E59
C0ED107E
C0EE9E7B
C0F0288C
C0F1AEE8
C0F331C2
C0F4B14B
C0F62DAF
C0F7A719
C0F91DB1
C0FA919B
C0FC02FA
C0FD71EF
C0FEDE99
C100248A
C100D8BE
C1018BF6
C1023E3C
C102EF9D
C103A024
C1044FDB
C104FECB
C105ACFD
C1065A7A
C107074B
C107B377
C1085F05
C10909FD
C109B464
C10A5E43
C10B079D
C10BB079
C10C58DD
C10D00CE
C10DA850
C10E4F69
C10EF61C
C10F9C6E
C1104263
C110E800
C1118D47
C112323C
C112D6E2
C1137B3E
C1141F51
C114C320
C11566AB
C11609F8
C116AD07
C1174FDB
C117F278
C11894DE
C1193711
C119D912
C11A7AE3
C11B1C86
C11BBDFD
C11C5F4A
C11D006E
C11DA16B
C11E4243
C11EE2F7
C11F8388
C12023F8
C120C448
C1216479
C122048D
C122A485
C1234461
C123E423
C12483CD
C125235D
C125C2D7
C126623A
C1270188
C127A0C1
C1283FE7
C128DEF9
C1297DF9
C12A1CE7
C12ABBC4
C12B5A92
C12BF94F
BEDFC4A8
BEE061E9
BEE1058B
BEE1AFD1
BEE26102
BEE3196A
BEE3D954
BEE4A113
BEE570FA
BEE64963
BEE72AAA
BEE8152F
BEE90956
BEEA078A
BEEB1039
BEEC23D5
BEED42D8
BEEE6DBF
BEEFA50E
BEF0E94F
BEF23B13
BEF39AF1
BEF50988
BEF6877C
BEF8157C
BEF9B43E
BEFB6480
BEFD270B
BEFEFCAF
BF007324
BF01725F
BF027C81
BF039209
BF04B37C
BF05E165
BF071C58
BF0864EF
BF09BBCB
BF0B2197
BF0C9707
BF0E1CD4
BF0FB3C7
BF115CAE
BF131865
BF14E7D2
BF16CBE7
BF18C5A3
BF1AD613
BF1CFE52
BF1F3F8B
BF219AF6
BF2411DE
BF26A5A1
BF2957AE
BF2C2987
BF2F1CC6
BF323317
BF356E41
BF38D022
BF3C5AB1
BF401002
BF43F245
BF4803C6
BF4C46F5
BF50BE5D
BF556CB1
BF5A54C6
BF5F7994
BF64DE3E
BF6A860D
BF707475
BF76AD13
BF7D33B1
BF820624
BF859D7D
BF89620E
BF8D5616
BF917BEC
BF95D5FE
BF9A66CE
BF9F30F3
BFA43717
BFA97BF4
BFAF0254
BFB4CD0C
BFBADEF6
BFC13AF4
BFC7E3E2
BFCEDC96
BFD627D9
BFDDC85B
BFE5C0AF
BFEE133E
BFF6C240
BFFFCFAF
C0049E9C
C009861A
C00E9ECD
C013E8F4
C0196492
C01F1161
C024EED1
C02AFBFB
C03137A4
C037A030
C03E33A5
C044EFA6
C04BD172
C052D5E5
C059F97C
C061385B
C0688E52
C06FF6E9
C0776D68
C07EECEB
C0833836
C086F96F
C08AB798
C08E7039
C09220EE
C095C775
C09961B3
C09CEDBC
C0A069DD
C0A3D49D
C0A72CC2
C0AA7151
C0ADA190
C0B0BD01
C0B3C363
C0B6B4A8
C0B990F4
C0BC5894
C0BF0BFD
C0C1ABBE
C0C4387F
C0C6B2FC
C0C91BFC
C0CB7450
C0CDBCCB
C0CFF641
C0D22187
C0D43F69
C0D650AF
C0D8561A
C0DA5061
C0DC4033
C0DE2635
C0E00303
C0E1D72E
C0E3A341
C0E567BA
C0E72512
C0E8DBB9
C0EA8C15
C0EC3689
C0EDDB6D
C0EF7B16
C0F115D2
C0F2ABEA
C0F43DA1
C0F5CB36
C0F754E4
C0F8DAE2
C0FA5D64
C0FBDC98
C0FD58AD
C0FED1CB
C100240E
C100DDE0
C1019670
C1024DCC
C1030403
C103B925
C1046D3F
C105205D
C105D28B
C10683D6
C1073447
C107E3E8
C10892C4
C10940E4
C109EE4F
C10A9B0F
C10B472A
C10BF2A8
C10C9D91
C10D47EA
C10DF1BA
C10E9B08
C10F43D7
C10FEC2F
C1109414
C1113B8B
C111E299
C1128942
C1132F8B
C113D577
C1147B0A
C1152049
C115C536
C11669D4
C1170E28
C117B235
C11855FC
C118F981
C1199CC7
C11A3FD0
C11AE29F
C11B8535
C11C2796
C11CC9C4
C11D6BC0
C11E0D8C
C11EAF2A
C11F509D
C11FF1E6
C1209306
C12133FF
C121D4D3
C1227583
C1231611
C123B67E
C12456CB
C124F6F9
C125970A
C12636FF
C126D6D8
C1277698
C128163E
C128B5CD
C1295544
C129F4A5
C12A93F1
C12B3328
C12BD24B
C12C715C
C12D105A
C12DAF46
C12E4E22
C12EECED
BEF163B2
BEF202A6
BEF2A80C
BEF35428
BEF40743
BEF4C1A7
BEF583A2
BEF64D87
BEF71FAB
BEF7FA67
BEF8DE19
BEF9CB22
BEFAC1E7
BEFBC2D4
BEFCCE57
BEFDE4E5
BEFF06F8
BF001A88
BF00B7D8
BF015BB2
BF020660
BF02B82D
BF03716A
BF04326A
BF04FB86
BF05CD18
BF06A781
BF078B27
BF087872
BF096FD2
BF0A71BC
BF0B7EA9
BF0C9719
BF0DBB93
BF0EECA4
BF102AE0
BF1176E4
BF12D151
BF143AD5
BF15B424
BF173DFC
BF18D924
BF1A866F
BF1C46B9
BF1E1AEB
BF2003FA
BF2202E8
BF2418C2
BF2646A8
BF288DC7
BF2AEF5A
BF2D6CB0
BF300729
BF32C038
BF359964
BF389449
BF3BB299
BF3EF61E
BF4260BC
BF45F46F
BF49B34F
BF4D9F92
BF51BB8C
BF5609B0
BF5A8C93
BF5F46ED
BF643B9B
BF696D9F
BF6EE023
BF74967A
BF7A9421
BF806E61
BF83BA18
BF872F38
BF8ACFDA
BF8E9E2E
BF929C7C
BF96CD23
BF9B3298
BF9FCF67
BFA4A632
BFA9B9AD
BFAF0C9F
BFB4A1DC
BFBA7C49
BFC09ECE
BFC70C5C
BFCDC7E1
BFD4D446
BFDC3466
BFE3EB07
BFEBFAD3
BFF4664C
BFFD2FC5
C0032CA9
C007F261
C00CE9C6
C0121364
C0176F8E
C01CFE59
C022BF94
C028B2C3
C02ED715
C0352B64
C03BAE2B
C0425D85
C049372A
C050386C
C0575E39
C05EA51E
C0660949
C06D8691
C075187F
C07CBA57
C0823394
C0860CED
C089E6A0
C08DBE13
C09190B7
C0955C0E
C0991DB6
C09CD371
C0A07B30
C0A4131A
C0A7998F
C0AB0D2E
C0AE6CD8
C0B1B7AF
C0B4ED17
C0B80CB1
C0BB1657
C0BE0A1B
C0C0E83A
C0C3B11E
C0C6654F
C0C90573
C0CB9246
C0CE0C93
C0D07530
C0D2CCF9
C0D514CB
C0D74D85
C0D97800
C0DB950F
C0DDA57F
C0DFAA14
C0E1A387
C0E39289
C0E577C1
C0E753CC
C0E9273C
C0EAF29C
C0ECB66A
C0EE731F
C0F0292B
C0F1D8F5
C0F382DD
C0F5273D
C0F6C66A
C0F860B0
C0F9F657
C0FB87A4
C0FD14D5
C0FE9E24
C10011E4
C100D2FA
C101926C
C1025050
C1030CBB
C103C7C1
C1048173
C10539E3
C105F121
C106A73D
C1075C44
C1081044
C108C34A
C1097561
C10A2696
C10AD6F2
C10B867F
C10C3548
C10CE355
C10D90AF
C10E3D5E
C10EE96A
C10F94D9
C1103FB3
C110E9FE
C11193C1
C1123D02
C112E5C5
C1138E12
C11435EC
C114DD58
C115845C
C1162AFB
C116D13A
C117771D
C1181CA8
C118C1DE
C11966C3
C11A0B5B
C11AAFA7
C11B53AD
C11BF76D
C11C9AEC
C11D3E2C
C11DE12F
C11E83F8
C11F2689
C11FC8E5
C1206B0D
C1210D04
C121AECC
C1225066
C122F1D5
C1239319
C1243435
C124D52B
C12575FB
C12616A8
C126B732
C127579C
C127F7E6
C1289811
C129381F
C129D811
C12A77E8
C12B17A5
C12BB749
C12C56D5
C12CF64A
C12D95A9
C12E34F3
C12ED428
C12F7349
C1301258
C130B154
C131503F
C131EF19
BF018E85
BF01DED4
BF023264
BF028957
BF02E3D3
BF0341FE
BF03A3FE
BF0409FD
BF047426
BF04E2A7
BF0555AD
BF05CD6C
BF064A16
BF06CBE0
BF075303
BF07DFBA
BF087243
BF090ADC
BF09A9CB
BF0A4F54
BF0AFBC3
BF0BAF63
BF0C6A85
BF0D2D7F
BF0DF8A9
BF0ECC5F
BF0FA902
BF108EF9
BF117EAE
BF127892
BF137D19
BF148CBF
BF15A806
BF16CF74
BF180399
BF19450A
BF1A9464
BF1BF24C
BF1D5F71
BF1EDC87
BF206A4E
BF220991
BF23BB24
BF257FE4
BF2758BD
BF2946A6
BF2B4AA3
BF2D65C5
BF2F992D
BF31E60A
BF344D9D
BF36D137
BF39723A
BF3C321D
BF3F126A
BF4214C2
BF453ADC
BF488685
BF4BF9A4
BF4F963C
BF535E6A
BF57546A
BF5B7A93
BF5FD361
BF64616F
BF69277C
BF6E286B
BF736747
BF78E743
BF7EABBA
BF825C1A
BF858831
BF88DC13
BF8C59C8
BF90036F
BF93DB3E
BF97E385
BF9C1EAB
BFA08F2D
BFA537A1
BFAA1AB1
BFAF3B1D
BFB49BB7
BFBA3F5F
BFC02906
BFC65BA5
BFCCDA39
BFD3A7C3
BFDAC73C
BFE23B93
BFEA07A3
BFF22E2C
BFFAB1C8
C001CA72
C0066CD8
C00B410D
C01047DB
C01581E0
C01AEF82
C02090E7
C02665F4
C02C6E41
C032A914
C039155D
C03FB1AE
C0467C38
C04D72CB
C05492CE
C05BD943
C06342C9
C06ACB9D
C0726FA1
C07A2A62
C080FB94
C084E87C
C088D957
C08CCB81
C090BC53
C094A927
C0988F67
C09C6C93
C0A03E4D
C0A40262
C0A7B6D1
C0AB59D3
C0AEE9DE
C0B265AC
C0B5CC3A
C0B91CC7
C0BC56D5
C0BF7A22
C0C286A8
C0C57C93
C0C85C3C
C0CB2624
C0CDDAEA
C0D07B48
C0D3080B
C0D5820E
C0D7EA33
C0DA4162
C0DC8883
C0DEC079
C0E0EA26
C0E30662
C0E515FC
C0E719BC
C0E9125E
C0EB0094
C0ECE508
C0EEC055
C0F0930F
C0F25DC1
C0F420EA
C0F5DD02
C0F79278
C0F941B4
C0FAEB16
C0FC8EF8
C0FE2DAC
C0FFC780
C100AE5E
C10176D1
C1023D3A
C10301B4
C103C45A
C1048548
C1054493
C1060252
C106BE9A
C107797E
C1083311
C108EB63
C109A285
C10A5885
C10B0D72
C10BC15A
C10C7449
C10D264A
C10DD769
C10E87B1
C10F372B
C10FE5E2
C11093DE
C1114127
C111EDC6
C11299C2
C1134522
C113EFEF
C1149A2D
C11543E3
C115ED17
C11695CF
C1173E10
C117E5E0
C1188D42
C119343C
C119DAD2
C11A8108
C11B26E2
C11BCC65
C11C7193
C11D1670
C11DBB00
C11E5F46
C11F0345
C11FA6FF
C1204A78
C120EDB1
C12190AF
C1223373
C122D5FF
C1237855
C1241A79
C124BC6B
C1255E2E
C125FFC4
C126A12F
C127426F
C127E388
C128847A
C1292547
C129C5F0
C12A6677
C12B06DD
C12BA724
C12C474D
C12CE758
C12D8747
C12E271C
C12EC6D7
C12F6678
C1300602
C130A575
C13144D2
C131E419
C132834D
C133226C
C133C179
C1346074
C134FF5D
BF0A7754
BF0AC872
BF0B1CD9
BF0B74AD
BF0BD012
BF0C2F2E
BF0C922A
BF0CF92F
BF0D6469
BF0DD404
BF0E4832
BF0EC123
BF0F3F0B
BF0FC221
BF104A9D
BF10D8BB
BF116CB8
BF1206D6
BF12A758
BF134E86
BF13FCAA
BF14B211
BF156F0D
BF1633F4
BF17011E
BF17D6EA
BF18B5B9
BF199DF2
BF1A9001
BF1B8C58
BF1C936B
BF1DA5B9
BF1EC3C3
BF1FEE13
BF212537
BF2269C8
BF23BC63
BF251DAF
BF268E5B
BF280F1F
BF29A0BD
BF2B43FF
BF2CF9BC
BF2EC2D4
BF30A035
BF3292D7
BF349BC1
BF36BC06
BF38F4CB
BF3B4740
BF3DB4AA
BF403E5B
BF42E5BB
BF45AC42
BF489380
BF4B9D18
BF4ECAC3
BF521E56
BF5599BB
BF593EF9
BF5D1033
BF610FA8
BF653FB9
BF69A2E3
BF6E3BCA
BF730D34
BF781A0A
BF7D6560
BF817937
BF84624E
BF876FBC
BF8AA360
BF8DFF2F
BF918536
BF95379C
BF99189D
BF9D2A8F
BFA16FE1
BFA5EB19
BFAA9ED5
BFAF8DC9
BFB4BABD
BFBA2890
BFBFDA2D
BFC5D292
BFCC14C4
BFD2A3D1
BFD982C9
BFE0B4B6
BFE83C99
BFF01D63
BFF859E8
C0007A6D
C004F860
C009A7F1
C00E8A27
C0139FDC
C018E9BE
C01E6845
C0241BAA
C02A03E6
C03020A6
C0367147
C03CF4D0
C043A9E9
C04A8EDE
C051A193
C058DF89
C06045D9
C067D134
C06F7DEC
C07747EF
C07F2AD8
C08390F8
C087941F
C08B9C4A
C08FA6CD
C093B0F3
C097B805
C09BB956
C09FB24C
C0A3A068
C0A78155
C0AB52EA
C0AF1339
C0B2C08E
C0B65978
C0B9DCCD
C0BD49A5
C0C09F5D
C0C3DD96
C0C7042B
C0CA1333
C0CD0AF5
C0CFEBE4
C0D2B697
C0D56BC4
C0D80C36
C0DA98CC
C0DD126E
C0DF7A0B
C0E1D095
C0E416FB
C0E64E2A
C0E87706
C0EA926E
C0ECA134
C0EEA423
C0F09BF8
C0F28967
C0F46D1A
C0F647AF
C0F819B9
C0F9E3C2
C0FBA64B
C0FD61CB
C0FF16B1
C10062B2
C1013723
C10208D6
C102D7F6
C103A4AA
C1046F14
C1053756
C105FD90
C106C1DE
C107845B
C1084521
C1090447
C109C1E3
C10A7E09
C10B38CD
C10BF242
C10CAA77
C10D617E
C10E1764
C10ECC39
C10F8009
C11032E1
C110E4CD
C11195D8
C112460C
C112F574
C113A419
C1145204
C114FF3D
C115ABCC
C11657BA
C117030C
C117ADCB
C11857FC
C11901A6
C119AACF
C11A537C
C11AFBB2
C11BA377
C11C4AD0
C11CF1C0
C11D984D
C11E3E7A
C11EE44C
C11F89C7
C1202EEE
C120D3C4
C121784D
C1221C8C
C122C084
C1236438
C12407AB
C124AADF
C1254DD7
C125F095
C126931C
C127356E
C127D78D
C128797B
C1291B3A
C129BCCC
C12A5E32
C12AFF6F
C12BA084
C12C4172
C12CE23C
C12D82E2
C12E2366
C12EC3C9
C12F640D
C1300433
C130A43C
C1314429
C131E3FB
C13283B3
C1332352
C133C2DA
C134624B
C13501A6
C135A0EC
C136401D
C136DF3B
C1377E46
C1381D3F
BF136B5A
BF13BD42
BF14127B
BF146B28
BF14C770
BF152778
BF158B69
BF15F36D
BF165FB0
BF16D060
BF1745AC
BF17BFC8
BF183EE6
BF18C33F
BF194D0B
BF19DC86
BF1A71EF
BF1B0D87
BF1BAF93
BF1C585A
BF1D0827
BF1DBF49
BF1E7E12
BF1F44D9
BF2013F6
BF20EBCA
BF21CCB6
BF22B722
BF23AB7B
BF24AA34
BF25B3C3
BF26C8A6
BF27E961
BF29167D
BF2A508D
BF2B9827
BF2CEDED
BF2E5285
BF2FC6A1
BF314AFA
BF32E052
BF348778
BF364142
BF380E94
BF39F05D
BF3BE797
BF3DF54B
BF401A8F
BF42588A
BF44B070
BF472386
BF49B324
BF4C60B2
BF4F2DAE
BF521BAA
BF552C4C
BF586153
BF5BBC95
BF5F4003
BF62EDA7
BF66C7A9
BF6AD04E
BF6F09FA
BF737733
BF781AA1
BF7CF710
BF8107B9
BF83B370
BF86804F
BF89700B
BF8C8472
BF8FBF67
BF9322E3
BF96B0FB
BF9A6BD9
BF9E55C1
BFA27110
BFA6C03B
BFAB45D1
BFB00476
BFB4FEE9
BFBA37FD
BFBFB298
BFC571B2
BFCB7856
BFD1C995
BFD8688B
BFDF5857
BFE69C16
BFEE36D9
BFF62BA3
BFFE7D5F
C003976B
C0082152
C00CDD99
C011CD51
C016F166
C01C4A96
C021D969
C0279E2E
C02D98EF
C033C96F
C03A2F22
C040C924
C0479638
C04E94C0
C055C2BC
C05D1DC3
C064A307
C06C4F52
C0741F08
C07C0E2D
C0820C34
C0861C86
C08A3593
C08E54C2
C0927761
C0969AB3
C09ABBF1
C09ED85B
C0A2ED3E
C0A6F7FF
C0AAF625
C0AEE564
C0B2C3A3
C0B68F05
C0BA45EF
C0BDE709
C0C17143
C0C4E3D3
C0C83E34
C0CB8025
C0CEA99E
C0D1BAD2
C0D4B422
C0D79619
C0DA6165
C0DD16CF
C0DFB736
C0E24385
C0E4BCB3
C0E723B9
C0E97994
C0EBBF3A
C0EDF59D
C0F01DA9
C0F2383E
C0F44632
C0F64852
C0F83F5F
C0FA2C0C
C0FC0F04
C0FDE8E5
C0FFBA44
C100C1D5
C101A2CC
C1028043
C1035A70
C1043188
C10505BA
C105D733
C106A61B
C107729A
C1083CD2
C10904E5
C109CAF3
C10A8F16
C10B516C
C10C120C
C10CD10E
C10D8E87
C10E4A8D
C10F0533
C10FBE8A
C11076A4
C1112D90
C111E35E
C112981B
C1134BD4
C113FE96
C114B06E
C1156165
C1161187
C116C0DD
C1176F71
C1181D4C
C118CA75
C11976F6
C11A22D5
C11ACE1A
C11B78CC
C11C22F1
C11CCC8F
C11D75AD
C11E1E4F
C11EC67B
C11F6E36
C1201585
C120BC6C
C12162F0
C1220916
C122AEE0
C1235453
C123F972
C1249E41
C12542C3
C125E6FC
C1268AEE
C1272E9C
C127D209
C1287538
C129182A
C129BAE4
C12A5D66
C12AFFB3
C12BA1CE
C12C43B7
C12CE572
C12D8700
C12E2863
C12EC99C
C12F6AAD
C1300B98
C130AC5F
C1314D02
C131ED83
C1328DE3
C1332E24
C133CE47
C1346E4E
C1350E38
C135AE08
C1364DBE
C136ED5B
C1378CE1
C1382C4F
C138CBA8
C1396AEC
C13A0A1C
C13AA938
C13B4841
BF1C69C2
BF1CBC6D
BF1D1272
BF1D6BF4
BF1DC919
BF1E2A07
BF1E8EE6
BF1EF7E3
BF1F6528
BF1FD6E4
BF204D47
BF20C885
BF2148D1
BF21CE64
BF225977
BF22EA46
BF238110
BF241E18
BF24C1A3
BF256BF8
BF261D63
BF26D634
BF2796BE
BF285F57
BF29305A
BF2A0A27
BF2AED21
BF2BD9B1
BF2CD044
BF2DD14E
BF2EDD47
BF2FF4AD
BF311806
BF3247DC
BF3384C1
BF34CF50
BF362829
BF378FF6
BF390769
BF3A8F3C
BF3C2835
BF3DD322
BF3F90DD
BF41624A
BF43485A
BF45440A
BF475666
BF498085
BF4BC38F
BF4E20BD
BF509956
BF532EB4
BF55E243
BF58B583
BF5BAA0A
BF5EC181
BF61FDAB
BF656063
BF68EB9C
BF6CA165
BF7083EC
BF749579
BF78D876
BF7D4F6F
BF80FE89
BF837218
BF8603E1
BF88B574
BF8B8876
BF8E7EA3
BF9199C9
BF94DBD3
BF9846BE
BF9BDCA3
BF9F9FB3
BFA39237
BFA7B693
BFAC0F43
BFB09EDD
BFB5680E
BFBA6D9C
BFBFB264
BFC53956
BFCB0577
BFD119D9
BFD7799C
BFDE27EB
BFE527F3
BFEC7CDE
BFF429D1
BFFC31E1
C0024C07
C006AF9A
C00B4505
C0100D87
C0150A41
C01A3C2E
C01FA419
C025429E
C02B181C
C03124B4
C037683A
C03DE23A
C04491E8
C04B761E
C0528D57
C059D5AD
C0614CD2
C068F011
C070BC4D
C078AE03
C08060A5
C08478EF
C0889D91
C08CCC14
C09101E1
C0953C46
C099787C
C09DB3B5
C0A1EB1E
C0A61BEF
C0AA4373
C0AE5F12
C0B26C5B
C0B6690E
C0BA5324
C0BE28D4
C0C1E89B
C0C5913B
C0C921C1
C0CC997F
C0CFF810
C0D33D4E
C0D6694E
C0D97C5F
C0DC76FA
C0DF59C2
C0E2257A
C0E4DAFD
C0E77B3B
C0EA072D
C0EC7FD6
C0EEE63B
C0F13B5F
C0F38040
C0F5B5D6
C0F7DD11
C0F9F6D4
C0FC03FA
C0FE0550
C0FFFB98
C100F3C4
C101E4E5
C102D17F
C103B9DB
C1049E40
C1057EEC
C1065C1C
C1073606
C1080CDE
C108E0D4
C109B214
C10A80C7
C10B4D13
C10C171B
C10CDF01
C10DA4E4
C10E68DF
C10F2B0E
C10FEB89
C110AA68
C11167C1
C11223A9
C112DE31
C113976C
C1144F6B
C115063E
C115BBF3
C1167099
C117243D
C117D6EB
C11888AE
C1193993
C119E9A3
C11A98E8
C11B476B
C11BF536
C11CA251
C11D4EC4
C11DFA96
C11EA5CE
C11F5073
C11FFA8C
C120A41F
C1214D31
C121F5C9
C1229DEB
C123459D
C123ECE3
C12493C1
C1253A3D
C125E05A
C126861D
C1272B88
C127D0A0
C1287569
C12919E5
C129BE17
C12A6203
C12B05AB
C12BA913
C12C4C3C
C12CEF2A
C12D91DF
C12E345C
C12ED6A5
C12F78BB
C1301AA1
C130BC57
C1315DE1
C131FF41
C132A076
C1334184
C133E26C
C134832F
C13523CF
C135C44E
C13664AB
C13704EA
C137A50A
C138450E
C138E4F6
C13984C4
C13A2477
C13AC413
C13B6396
C13C0303
C13CA25A
C13D419C
C13DE0CA
C13E7FE5
BF2571CB
BF25C535
BF261C01
BF267651
BF26D44C
BF273619
BF279BE1
BF2805CF
BF28740E
BF28E6CF
BF295E42
BF29DA9A
BF2A5C0D
BF2AE2D1
BF2B6F21
BF2C013A
BF2C995C
BF2D37CA
BF2DDCC8
BF2E88A0
BF2F3B9E
BF2FF612
BF30B850
BF3182AE
BF32558A
BF333141
BF34163B
BF3504DE
BF35FD9B
BF3700E6
BF380F37
BF39290E
BF3A4EF1
BF3B816C
BF3CC113
BF3E0E80
BF3F6A57
BF40D541
BF424FF2
BF43DB26
BF4577A4
BF47263C
BF48E7CA
BF4ABD33
BF4CA76A
BF4EA76F
BF50BE4F
BF52ED24
BF553518
BF579765
BF5A1557
BF5CB049
BF5F69AA
BF6242FE
BF653DDD
BF685BF4
BF6B9F0A
BF6F08FC
BF729BC3
BF765971
BF7A4438
BF7E5E66
BF815535
BF83956A
BF85F12C
BF8869E6
BF8B0119
BF8DB858
BF90914C
BF938DB2
BF96AF60
BF99F843
BF9D6A5D
BFA107CD
BFA4D2C7
BFA8CD9D
BFACFAB7
BFB15C98
BFB5F5DD
BFBAC93B
BFBFD981
BFC52993
BFCABC6C
BFD09519
BFD6B6BA
BFDD247B
BFE3E192
BFEAF13A
BFF256AE
BFFA1522
C00117DF
C00554C9
C009C2CA
C00E6346
C013378B
C01840C6
C01D7FFE
C022F612
C028A3AB
C02E893C
C034A6F6
C03AFCC6
C0418A4B
C0484ECF
C04F4946
C0567845
C05DD9FF
C0656C40
C06D2C6F
C075178A
C07D2A28
C082B03C
C086DB26
C08B138D
C08F5702
C093A2F1
C097F4A9
C09C4962
C0A09E43
C0A4F070
C0A93D0D
C0AD814F
C0B1BA81
C0B5E611
C0BA0198
C0BE0AE5
C0C20004
C0C5DF43
C0C9A735
C0CD56BA
C0D0ECFA
C0D46966
C0D7CBB4
C0DB13DC
C0DE420F
C0E156B3
C0E4525D
C0E735C5
C0EA01C0
C0ECB73C
C0EF5738
C0F1E2BB
C0F45AD2
C0F6C08B
C0F914F2
C0FB590C
C0FD8DD4
C0FFB43F
C100E69A
C101ECC7
C102ED0F
C103E7D3
C104DD6F
C105CE38
C106BA7D
C107A289
C10886A2
C1096706
C10A43F1
C10B1D9B
C10BF436
C10CC7F2
C10D98FB
C10E677A
C10F3395
C10FFD70
C110C52A
C1118AE3
C1124EB7
C11310C1
C113D11A
C1148FD8
C1154D11
C11608DA
C116C346
C1177C67
C118344C
C118EB07
C119A0A5
C11A5535
C11B08C4
C11BBB5E
C11C6D0E
C11D1DE1
C11DCDDF
C11E7D14
C11F2B88
C11FD944
C1208650
C12132B5
C121DE7A
C12289A6
C123343F
C123DE4D
C12487D5
C12530DD
C125D96A
C1268183
C127292B
C127D068
C128773F
C1291DB2
C129C3C8
C12A6983
C12B0EE7
C12BB3F9
C12C58BB
C12CFD30
C12DA15D
C12E4543
C12EE8E6
C12F8C48
C1302F6C
C130D255
C1317505
C132177E
C132B9C3
C1335BD5
C133FDB6
C1349F69
C13540F0
C135E24B
C136837E
C1372488
C137C56D
C138662D
C13906CB
C139A746
C13A47A1
C13AE7DD
C13B87FB
C13C27FD
C13CC7E2
C13D67AE
C13E075F
C13EA6F9
C13F467A
C13FE5E5
C140853B
C141247B
C141C3A7
BF2E82CA
BF2ED6EE
BF2F2E7A
BF2F8993
BF2FE85F
BF304B04
BF30B1AD
BF311C85
BF318BB9
BF31FF77
BF3277F2
BF32F55C
BF3377EB
BF33FFD8
BF348D5D
BF3520B7
BF35BA27
BF3659F0
BF370057
BF37ADA7
BF38622C
BF391E37
BF39E21B
BF3AAE32
BF3B82D8
BF3C606C
BF3D4756
BF3E37FE
BF3F32D5
BF40384F
BF4148E6
BF42651C
BF438D76
BF44C283
BF4604D6
BF47550D
BF48B3CA
BF4A21B9
BF4B9F8F
BF4D2E0B
BF4ECDF4
BF50801B
BF52455E
BF541EA4
BF560CE3
BF58111B
BF5A2C5C
BF5C5FC2
BF5EAC79
BF6113BE
BF6396DE
BF663738
BF68F63D
BF6BD575
BF6ED679
BF71FAFC
BF7544C6
BF78B5B8
BF7C4FCF
BF800A91
BF8203F3
BF841537
BF863F97
BF88845D
BF8AE4E6
BF8D62A1
BF8FFF11
BF92BBCB
BF959A7D
BF989CE8
BF9BC4E5
BF9F1465
BFA28D6F
BFA63227
BFAA04C7
BFAE07A3
BFB23D2D
BFB6A7EB
BFBB4A83
BFC027B1
BFC5424B
BFCA9D3D
BFD03B8D
BFD62050
BFDC4EB2
BFE2C9E9
BFE99538
BFF0B3E7
BFF82940
BFFFF886
C004127A
C00858D5
C00CD0D9
C0117BF6
C0165B84
C01B70BD
C020BCB8
C0264060
C02BFC6F
C031F169
C0381F93
C03E86EC
C0452729
C04BFFAC
C0530F7F
C05A5551
C061CF6E
C0697BC1
C07157C9
C07960A2
C080C97F
C084F593
C0893284
C08D7E16
C091D5E5
C0963764
C09A9FE6
C09F0CA3
C0A37ABE
C0A7E753
C0AC4F78
C0B0B04D
C0B50706
C0B950F2
C0BD8B86
C0C1B46A
C0C5C97C
C0C9C8DC
C0CDB0EF
C0D18065
C0D53636
C0D8D1A7
C0DC5247
C0DFB7E8
C0E3029E
C0E632B5
C0E948AD
C0EC452F
C0EF2909
C0F1F524
C0F4AA7D
C0F74A21
C0F9D525
C0FC4C9E
C0FEB1A5
C10082A5
C101A44D
C102BE4B
C103D119
C104DD2D
C105E2F7
C106E2DE
C107DD45
C108D287
C109C2FA
C10AAEEE
C10B96AC
C10C7A7B
C10D5A99
C10E3743
C10F10AE
C10FE70E
C110BA93
C1118B67
C11259B5
C11325A1
C113EF4F
C114B6DF
C1157C71
C116401F
C1170206
C117C23C
C11880DB
C1193DF6
C119F9A2
C11AB3F3
C11B6CFA
C11C24C7
C11CDB6A
C11D90F2
C11E456D
C11EF8E7
C11FAB6E
C1205D0C
C1210DCD
C121BDBB
C1226CE0
C1231B45
C123C8F2
C12475F1
C1252249
C125CE01
C1267921
C12723AF
C127CDB1
C128772F
C129202D
C129C8B1
C12A70C0
C12B1860
C12BBF94
C12C6663
C12D0CCF
C12DB2DD
C12E5891
C12EFDEE
C12FA2F9
C13047B5
C130EC24
C131904B
C132342C
C132D7C9
C1337B27
C1341E46
C134C12A
C13563D6
C136064A
C136A88B
C1374A99
C137EC77
C1388E26
C1392FA9
C139D101
C13A7230
C13B1338
C13BB41A
C13C54D7
C13CF571
C13D95EA
C13E3643
C13ED67C
C13F7698
C1401697
C140B67B
C1415644
C141F5F4
C142958B
C143350B
C143D474
C14473C8
C1451306
BF379C24
BF37F0FC
BF384944
BF38A51F
BF3904B5
BF39682D
BF39CFB1
BF3A3B6D
BF3AAB8D
BF3B2042
BF3B99BC
BF3C1830
BF3C9BD4
BF3D24E1
BF3DB391
BF3E4823
BF3EE2D7
BF3F83F0
BF402BB6
BF40DA72
BF419073
BF424E08
BF431388
BF43E14A
BF44B7AC
BF45970F
BF467FDA
BF477278
BF486F58
BF4976F0
BF4A89BD
BF4BA83F
BF4CD2FE
BF4E0A88
BF4F4F73
BF50A25D
BF5203EA
BF5374C7
BF54F5AA
BF568754
BF582A8C
BF59E026
BF5BA901
BF5D8607
BF5F782D
BF618077
BF639FF6
BF65D7C8
BF68291D
BF6A9531
BF6D1D56
BF6FC2EC
BF728769
BF756C54
BF78734C
BF7B9E05
BF7EEE4B
BF813302
BF830397
BF84E9F3
BF86E732
BF88FC80
BF8B2B19
BF8D744A
BF8FD972
BF925C02
BF94FD81
BF97BF87
BF9AA3C5
BF9DAC00
BFA0DA14
BFA42FF6
BFA7AFB3
BFAB5B70
BFAF3570
BFB3400A
BFB77DB5
BFBBF0FF
BFC09C93
BFC58333
BFCAA7BF
BFD00D2A
BFD5B681
BFDBA6E5
BFE1E18A
BFE869B2
BFEF42AA
BFF66FCA
BFFDF466
C002E9EA
C00708AD
C00B5817
C00FD9B5
C0148F02
C0197961
C01E9A19
C023F24C
C02982F5
C02F4CDD
C0355098
C03B8E7E
C04206A0
C048B8C8
C04FA46F
C056C8B6
C05E2464
C065B5E2
C06D7B33
C07571F4
C07D975E
C082F41F
C087307F
C08B7ED1
C08FDCE8
C094486B
C098BED5
C09D3D82
C0A1C1AB
C0A64876
C0AACEF7
C0AF523D
C0B3CF58
C0B84365
C0BCAB9B
C0C1054D
C0C54DFD
C0C9835F
C0CDA366
C0D1AC47
C0D59C7E
C0D972D6
C0DD2E62
C0E0CE84
C0E452E7
C0E7BB79
C0EB0869
C0EE3A1D
C0F1512B
C0F44E54
C0F73279
C0F9FE94
C0FCB3B2
C0FF52EC
C100EEB1
C1022A1A
C1035C42
C10485B2
C105A6F5
C106C08C
C107D2F5
C108DEA5
C109E40D
C10AE395
C10BDDA1
C10CD28C
C10DC2AC
C10EAE51
C10F95C5
C110794C
C1115927
C1123591
C1130EC0
C113E4E7
C114B836
C11588D8
C11656F6
C11722B5
C117EC38
C118B3A0
C119790C
C11A3C96
C11AFE5A
C11BBE71
C11C7CF0
C11D39EE
C11DF57F
C11EAFB6
C11F68A3
C1202059
C120D6E6
C1218C58
C12240BF
C122F426
C123A69A
C1245827
C12508D7
C125B8B5
C12667CB
C1271621
C127C3C1
C12870B2
C1291CFD
C129C8AA
C12A73BE
C12B1E41
C12BC839
C12C71AC
C12D1AA0
C12DC31B
C12E6B22
C12F12B9
C12FB9E5
C13060AC
C1310710
C131AD17
C13252C5
C132F81C
C1339D20
C13441D6
C134E640
C1358A61
C1362E3C
C136D1D5
C137752D
C1381848
C138BB27
C1395DCE
C13A003F
C13AA27B
C13B4486
C13BE660
C13C880C
C13D298B
C13DCAE0
C13E6C0C
C13F0D11
C13FADF0
C1404EAA
C140EF42
C1418FB8
C142300E
C142D046
C143705F
C144105C
C144B03E
C1455005
C145EFB3
C1468F48
C1472EC6
C147CE2E
C1486D80
BF40BD50
BF4112D7
BF416BD4
BF41C86D
BF4228C7
BF428D0B
BF42F563
BF4361FB
BF43D301
BF4448A4
BF44C317
BF45428E
BF45C73E
BF465162
BF46E134
BF4776F4
BF4812E2
BF48B542
BF495E5C
BF4A0E7A
BF4AC5EB
BF4B84FF
BF4C4C0C
BF4D1B6D
BF4DF37E
BF4ED4A2
BF4FBF3F
BF50B3C3
BF51B29D
BF52BC43
BF53D134
BF54F1F0
BF561F00
BF5758F4
BF58A063
BF59F5EB
BF5B5A31
BF5CCDE5
BF5E51BD
BF5FE67A
BF618CE8
BF6345DA
BF651230
BF66F2D6
BF68E8C5
BF6AF500
BF6D189A
BF6F54B5
BF71AA81
BF741B3E
BF76A83E
BF7952E5
BF7C1CAB
BF7F071A
BF8109EA
BF82A248
BF844D8E
BF860CB1
BF87E0B2
BF89CAA1
BF8BCB9D
BF8DE4D2
BF90177F
BF9264F4
BF94CE92
BF9755CD
BF99FC2E
BF9CC352
BF9FACEA
BFA2BAC1
BFA5EEB5
BFA94ABF
BFACD0F1
BFB08375
BFB4648F
BFB8769F
BFBCBC1E
BFC137A3
BFC5EBDD
BFCADB95
BFD009B2
BFD5792F
BFDB2D21
BFE128B2
BFE76F1F
BFEE03B4
BFF4E9CC
BFFC24C6
C001DC04
C005D379
C009FA6E
C00E5286
C012DD57
C0179C66
C01C9120
C021BCD7
C02720BC
C02CBDD4
C03294F9
C038A6CF
C03EF3BE
C0457BEB
C04C3F32
C0533D23
C05A74F5
C061E589
C0698D60
C0716A99
C0797AEE
C080DDD9
C08514EB
C08960EE
C08DBFF5
C0922FDF
C096AE61
C09B3903
C09FCD27
C0A46811
C0A906E7
C0ADA6BE
C0B2449E
C0B6DD8D
C0BB6E98
C0BFF4DC
C0C46D93
C0C8D61B
C0CD2C01
C0D16D0C
C0D5973F
C0D9A8E7
C0DDA099
C0E17D39
C0E53DF8
C0E8E253
C0EC6A0F
C0EFD538
C0F32414
C0F65723
C0F96F13
C0FC6CB7
C0FF5103
C1010E81
C10268E7
C103B848
C104FD37
C1063849
C1076A12
C1089320
C109B3FD
C10ACD2F
C10BDF33
C10CEA81
C10DEF89
C10EEEB6
C10FE869
C110DCFF
C111CCCF
C112B827
C1139F53
C1148296
C1156230
C1163E5C
C1171751
C117ED42
C118C05E
C11990CF
C11A5EBE
C11B2A52
C11BF3AC
C11CBAED
C11D8034
C11E439C
C11F053F
C11FC536
C1208398
C121407B
C121FBF1
C122B60E
C1236EE4
C1242683
C124DCFA
C1259258
C12646AB
C126FA00
C127AC62
C1285DDE
C1290E7E
C129BE4D
C12A6D54
C12B1B9C
C12BC92F
C12C7613
C12D2252
C12DCDF3
C12E78FC
C12F2374
C12FCD62
C13076CC
C1311FB7
C131C829
C1327027
C13317B6
C133BEDA
C1346599
C1350BF7
C135B1F7
C136579D
C136FCEE
C137A1ED
C138469D
C138EB01
C1398F1D
C13A32F3
C13AD686
C13B79DA
C13C1CF0
C13CBFCC
C13D626F
C13E04DB
C13EA714
C13F491A
C13FEAF1
C1408C99
C1412E16
C141CF67
C1427090
C1431192
C143B26E
C1445326
C144F3BC
C145942F
C1463483
C146D4B8
C14774CF
C14814CA
C148B4AA
C149546F
C149F41B
C14A93AF
C14B332B
C14BD291
BF49E5D2
BF4A3C02
BF4A95B0
BF4AF2FF
BF4B5418
BF4BB922
BF4C2248
BF4C8FB6
BF4D019A
BF4D7825
BF4DF388
BF4E73F9
BF4EF9AE
BF4F84E0
BF5015CC
BF50ACB1
BF5149CF
BF51ED6C
BF5297CF
BF534944
BF540219
BF54C2A0
BF558B30
BF565C22
BF5735D4
BF5818AB
BF59050D
BF59FB67
BF5AFC2A
BF5C07CF
BF5D1ED2
BF5E41B6
BF5F7105
BF60AD50
BF61F72E
BF634F3F
BF64B629
BF662C9C
BF67B351
BF694B0A
BF6AF492
BF6CB0C0
BF6E8075
BF70649F
BF725E36
BF746E41
BF7695D6
BF78D615
BF7B3033
BF7DA572
BF801B92
BF817359
BF82DACB
BF8452AD
BF85DBD2
BF877718
BF892566
BF8AE7B4
BF8CBF03
BF8EAC67
BF90B0FD
BF92CDF8
BF950496
BF975629
BF99C416
BF9C4FD2
BF9EFAEA
BFA1C6FD
BFA4B5BF
BFA7C8FE
BFAB029C
BFAE6496
BFB1F101
BFB5AA0A
BFB991FC
BFBDAB3B
BFC1F844
BFC67BB4
BFCB3840
BFD030B8
BFD56807
BFDAE131
BFE09F54
BFE6A5A0
BFECF75D
BFF397E0
BFFA8A8D
C000E969
C004BA0E
C008B8EF
C00CE7BE
C0114825
C015DBC4
C01AA428
C01FA2CA
C024D904
C02A4815
C02FF10E
C035D4D8
C03BF425
C0424F6D
C048E6E8
C04FBA85
C056C9E8
C05E145F
C06598E2
C06D560C
C0754A15
C07D72D6
C082E6DF
C0872BED
C08B86E8
C08FF5EF
C09476F4
C09907B7
C09DA5CF
C0A24EAB
C0A6FF95
C0ABB5BD
C0B06E38
C0B5260F
C0B9DA3F
C0BE87CB
C0C32BBD
C0C7C337
C0CC4B78
C0D0C1E9
C0D52427
C0D97007
C0DDA3A6
C0E1BD63
C0E5BBF0
C0E99E49
C0ED63BA
C0F10BDD
C0F49692
C0F803FD
C0FB547F
C0FE88AF
C100D0A7
C1024FA3
C103C1CD
C10527B2
C10681E7
C107D104
C10915A2
C10A505B
C10B81C3
C10CAA6E
C10DCAE7
C10EE3B5
C10FF556
C1110044
C11204EF
C11303C1
C113FD1F
C114F163
C115E0E5
C116CBF3
C117B2D9
C11895D9
C1197535
C11A5126
C11B29E4
C11BFFA0
C11CD28A
C11DA2CC
C11E7090
C11F3BF9
C120052C
C120CC48
C121916B
C12254B2
C1231635
C123D60F
C1249454
C125511C
C1260C79
C126C67E
C1277F3C
C12836C5
C128ED28
C129A272
C12A56B2
C12B09F5
C12BBC46
C12C6DB2
C12D1E43
C12DCE03
C12E7CFC
C12F2B36
C12FD8BC
C1308594
C13131C8
C131DD5D
C132885B
C13332C9
C133DCAE
C134860E
C1352EF0
C135D759
C1367F4F
C13726D6
C137CDF4
C13874AB
C1391B02
C139C0FB
C13A669C
C13B0BE6
C13BB0DF
C13C5589
C13CF9E8
C13D9DFF
C13E41D0
C13EE55F
C13F88AE
C1402BC0
C140CE97
C1417136
C142139F
C142B5D4
C14357D7
C143F9AA
C1449B4F
C1453CC9
C145DE17
C1467F3D
C147203C
C147C116
C14861CB
C149025E
C149A2D0
C14A4321
C14AE354
C14B8369
C14C2362
C14CC33F
C14D6303
C14E02AD
C14EA23F
C14F41BA
BF53153B
BF536C10
BF53C668
BF542468
BF548639
BF54EC03
BF5555F1
BF55C42E
BF5636EA
BF56AE55
BF572AA2
BF57AC05
BF5832B6
BF58BEEE
BF5950EB
BF59E8EB
BF5A8730
BF5B2C00
BF5BD7A3
BF5C8A64
BF5D4492
BF5E0680
BF5ED085
BF5FA2FC
BF607E43
BF6162BF
BF6250D7
BF6348F9
BF644B97
BF655929
BF66722E
BF679729
BF68C8A4
BF6A0733
BF6B536C
BF6CADF0
BF6E1768
BF6F9085
BF7119FF
BF72B49A
BF746124
BF762073
BF77F36B
BF79DAFA
BF7BD81C
BF7DEBD8
BF800BA2
BF812DC3
BF825CE9
BF8399B5
BF84E4D4
BF863EFA
BF87A8E4
BF89235A
BF8AAF30
BF8C4D44
BF8DFE80
BF8FC3DC
BF919E5E
BF938F16
BF959729
BF97B7C7
BF99F232
BF9C47BF
BF9EB9D4
BFA149E9
BFA3F98D
BFA6CA61
BFA9BE1E
BFACD693
BFB015A6
BFB37D58
BFB70FC1
BFBACF12
BFBEBD9B
BFC2DDC2
BFC7320D
BFCBBD1A
BFD081A6
BFD58285
BFDAC2AB
BFE04522
BFE60D0D
BFEC1DA6
BFF27A3D
BFF92631
C0001277
C003BCF7
C0079457
C00B9A52
C00FD0A4
C01438FF
C018D509
C01DA659
C022AE71
C027EEB6
C02D6871
C0331CC0
C0390C99
C03F38BD
C045A1B3
C04C47C3
C0532AF1
C05A4AF2
C061A72B
C0693EAA
C0711022
C07919E7
C080ACF6
C084E6DF
C0893944
C08DA287
C09220D9
C096B239
C09B5478
C0A0053C
C0A4C201
C0A9881E
C0AE54CB
C0B32524
C0B7F632
C0BCC4F4
C0C18E63
C0C64F7C
C0CB054E
C0CFACFE
C0D443D5
C0D8C749
C0DD3505
C0E18AF3
C0E5C743
C0E9E86E
C0EDED3D
C0F1D4C7
C0F59E73
C0F949F5
C0FCD748
C1002354
C101CC48
C10366D5
C104F367
C106727B
C107E49B
C1094A5C
C10AA457
C10BF32B
C10D3775
C10E71D1
C10FA2D9
C110CB21
C111EB36
C11303A1
C11414E1
C1151F71
C11623C1
C117223C
C1181B46
C1190F3C
C119FE72
C11AE939
C11BCFDB
C11CB29C
C11D91BB
C11E6D73
C11F45FB
C1201B85
C120EE3E
C121BE54
C1228BED
C123572E
C124203B
C124E733
C125AC34
C1266F5B
C12730C0
C127F07D
C128AEA7
C1296B54
C12A2699
C12AE087
C12B992F
C12C50A3
C12D06F1
C12DBC29
C12E7057
C12F2388
C12FD5CA
C1308726
C13137A7
C131E759
C1329644
C1334472
C133F1EC
C1349EB8
C1354AE0
C135F66B
C136A15F
C1374BC3
C137F59E
C1389EF5
C13947CF
C139F030
C13A981E
C13B3F9D
C13BE6B3
C13C8D64
C13D33B4
C13DD9A7
C13E7F42
C13F2487
C13FC97A
C1406E1F
C1411278
C141B68A
C1425A57
C142FDE1
C143A12C
C144443A
C144E70D
C14589A8
C1462C0D
C146CE3E
C147703E
C148120E
C148B3B0
C1495526
C149F672
C14A9795
C14B3892
C14BD968
C14C7A1B
C14D1AAC
C14DBB1B
C14E5B6A
C14EFB9B
C14F9BAE
C1503BA5
C150DB81
C1517B42
C1521AEB
C152BA7B
BF5C4B28
BF5CA29B
BF5CFD99
BF5D5C45
BF5DBEC9
BF5E254D
BF5E8FFB
BF5EFF01
BF5F728E
BF5FEAD2
BF606800
BF60EA4E
BF6171F3
BF61FF2A
BF62922F
BF632B42
BF63CAA5
BF64709D
BF651D75
BF65D177
BF668CF4
BF67503E
BF681BAD
BF68EF9C
BF69CC6B
BF6AB27E
BF6BA23E
BF6C9C19
BF6DA082
BF6EAFF2
BF6FCAE8
BF70F1E8
BF72257F
BF73663E
BF74B4BF
BF7611A3
BF777D94
BF78F942
BF7A856B
BF7C22D0
BF7DD242
BF7F9498
BF80B55C
BF81AAC8
BF82AB0F
BF83B6B5
BF84CE47
BF85F258
BF872383
BF88626A
BF89AFBB
BF8B0C2A
BF8C7877
BF8DF56B
BF8F83DA
BF9124A4
BF92D8B4
BF94A104
BF967E9A
BF98728B
BF9A7DFA
BF9CA21B
BF9EE032
BFA13994
BFA3AFAB
BFA643F1
BFA8F7F6
BFABCD60
BFAEC5E9
BFB1E363
BFB527B9
BFB894EC
BFBC2D19
BFBFF276
BFC3E756
BFC80E23
BFCC6967
BFD0FBC6
BFD5C801
BFDAD0F5
BFE01997
BFE5A4FA
BFEB7649
BFF190C4
BFF7F7C3
BFFEAEAE
C002DC7E
C0068D17
C00A6AE6
C00E77AF
C012B530
C0172525
C01BC93B
C020A311
C025B431
C02AFE0B
C03081F2
C0364111
C03C3C68
C04274C6
C048EAC3
C04F9EB6
C05690B2
C05DC082
C0652D9E
C06CD72B
C074BBF3
C07CDA63
C0829844
C086DE07
C08B3D1E
C08FB3FB
C09440DE
C098E1D8
C09D94CA
C0A25769
C0A72740
C0AC01B5
C0B0E40B
C0B5CB68
C0BAB4DB
C0BF9D64
C0C481F9
C0C95F91
C0CE332A
C0D2F9D5
C0D7B0C0
C0DC553F
C0E0E4D4
C0E55D3D
C0E9BC77
C0EE00C8
C0F228C0
C0F63342
C0FA1F7E
C0FDECF6
C100CDBB
C102958A
C1044E12
C105F79B
C1079285
C1091F46
C10A9E62
C10C106D
C10D75FF
C10ECFBB
C1101E41
C1116233
C1129C32
C113CCD9
C114F4BE
C1161470
C1172C7A
C1183D5B
C119478F
C11A4B87
C11B49AD
C11C4267
C11D360F
C11E24FD
C11F0F7F
C11FF5DF
C120D862
C121B747
C12292C9
C1236B1D
C1244076
C1251302
C125E2EC
C126B05C
C1277B76
C128445F
C1290B34
C129D015
C12A931C
C12B5464
C12C1405
C12CD216
C12D8EAA
C12E49D7
C12F03AE
C12FBC42
C13073A1
C13129DD
C131DF02
C132931E
C133463F
C133F871
C134A9BE
C1355A31
C13609D5
C136B8B4
C13766D5
C1381443
C138C104
C1396D21
C13A18A1
C13AC38B
C13B6DE6
C13C17B8
C13CC107
C13D69D8
C13E1231
C13EBA17
C13F6190
C140089F
C140AF49
C1415593
C141FB80
C142A114
C1434653
C143EB41
C1448FE1
C1453436
C145D843
C1467C0B
C1471F91
C147C2D7
C14865E1
C14908B0
C149AB48
C14A4DA9
C14AEFD7
C14B91D4
C14C33A0
C14CD53F
C14D76B3
C14E17FC
C14EB91C
C14F5A16
C14FFAEB
C1509B9B
C1513C29
C151DC96
C1527CE3
C1531D12
C153BD23
C1545D18
C154FCF2
C1559CB2
C1563C59
BF65873F
BF65DF4C
BF663AE9
BF669A3C
BF66FD6D
BF6764A4
BF67D00E
BF683FD6
BF68B42D
BF692D43
BF69AB4C
BF6A2E7D
BF6AB70F
BF6B453B
BF6BD940
BF6C735C
BF6D13D4
BF6DBAEC
BF6E68EF
BF6F1E28
BF6FDAE8
BF709F83
BF716C50
BF7241AB
BF731FF5
BF740793
BF74F8ED
BF75F472
BF76FA98
BF780BD6
BF7928AD
BF7A51A2
BF7B8741
BF7CCA1E
BF7E1AD4
BF7F7A04
BF80742C
BF813342
BF81FAA2
BF82CAAE
BF83A3CE
BF848670
BF857306
BF866A08
BF876BF7
BF887956
BF8992B4
BF8AB8A4
BF8BEBC2
BF8D2CB2
BF8E7C22
BF8FDAC7
BF914962
BF92C8BD
BF9459AE
BF95FD16
BF97B3E1
BF997F0B
BF9B5F9A
BF9D56A6
BF9F6553
BFA18CD6
BFA3CE77
BFA62B8C
BFA8A57F
BFAB3DCF
BFADF60E
BFB0CFE2
BFB3CD0A
BFB6EF5A
BFBA38BF
BFBDAB3F
BFC148F9
BFC51427
BFC90F1F
BFCD3C50
BFD19E48
BFD637B1
BFDB0B4E
BFE01C02
BFE56CCB
BFEB00BE
BFF0DB0E
BFF6FF03
BFFD6FFC
C00218B4
C005A364
C00959D4
C00D3DCC
C0115116
C0159576
C01A0CAF
C01EB874
C0239A6C
C028B42B
C02E0729
C03394C2
C0395E2E
C03F6477
C045A879
C04C2ADB
C052EC02
C059EC12
C0612AE8
C068A810
C07062C2
C07859E0
C08045F8
C0847B8C
C088CC8F
C08D37B5
C091BB7E
C096563B
C09B060D
C09FC8E5
C0A49C8B
C0A97E98
C0AE6C82
C0B3639B
C0B86113
C0BD6205
C0C26374
C0C7625A
C0CC5BA8
C0D14C54
C0D6315F
C0DB07E2
C0DFCD12
C0E47E50
C0E9192E
C0ED9B7A
C0F20348
C0F64EF1
C0FA7D1F
C0FE8CCD
C1013EA2
C1032710
C104FFA3
C106C871
C10881B1
C10A2BB4
C10BC6E6
C10D53C3
C10ED2DA
C11044C4
C111AA21
C1130397
C11451CB
C1159564
C116CF05
C117FF4A
C11926CD
C11A461F
C11B5DC9
C11C6E4D
C11D7827
C11E7BC9
C11F799E
C1207209
C1216567
C122540E
C1233E4D
C124246F
C12506B7
C125E564
C126C0B1
C12798D3
C1286DFD
C129405C
C12A101C
C12ADD65
C12BA85B
C12C7120
C12D37D4
C12DFC95
C12EBF7F
C12F80AB
C1304032
C130FE29
C131BAA5
C13275BB
C1332F7D
C133E7FC
C1349F48
C1355571
C1360A85
C136BE91
C13771A2
C13823C4
C138D502
C1398568
C13A34FF
C13AE3D1
C13B91E6
C13C3F48
C13CEBFF
C13D9812
C13E4388
C13EEE69
C13F98BA
C1404283
C140EBCA
C1419493
C1423CE5
C142E4C4
C1438C35
C144333D
C144D9E1
C1458025
C146260C
C146CB9A
C14770D4
C14815BD
C148BA58
C1495EA8
C14A02B0
C14AA674
C14B49F6
C14BED38
C14C903E
C14D330A
C14DD59E
C14E77FC
C14F1A26
C14FBC20
C1505DE9
C150FF86
C151A0F6
C152423C
C152E35A
C1538452
C1542524
C154C5D2
C155665E
C15606C9
C156A714
C1574741
C157E750
C1588743
C159271C
C159C6DA
BF6EC92E
BF6F21D0
BF6F7E08
BF6FDDFC
BF7041D4
BF70A9B9
BF7115D8
BF71865D
BF71FB77
BF727559
BF72F435
BF737842
BF7401B8
BF7490D2
BF7525CE
BF75C0EC
BF76626F
BF770A9D
BF77B9C1
BF787027
BF792E21
BF79F401
BF7AC221
BF7B98DC
BF7C7895
BF7D61B0
BF7E5496
BF7F51B9
BF802CC6
BF80B644
BF814598
BF81DB05
BF8276D0
BF831945
BF83C2B1
BF847365
BF852BB7
BF85EC01
BF86B4A1
BF8785FB
BF886077
BF894482
BF8A3291
BF8B2B1C
BF8C2EA4
BF8D3DAE
BF8E58C8
BF8F8086
BF90B587
BF91F86D
BF9349E9
BF94AAB1
BF961B85
BF979D32
BF99308F
BF9AD67D
BF9C8FEB
BF9E5DD4
BFA04142
BFA23B4C
BFA44D1A
BFA677E1
BFA8BCEA
BFAB1D8F
BFAD9B3C
BFB03770
BFB2F3C0
BFB5D1D5
BFB8D36F
BFBBFA67
BFBF48AB
BFC2C044
BFC66355
BFCA341B
BFCE34EF
BFD26845
BFD6D0AE
BFDB70D8
BFE04B8D
BFE563B3
BFEABC4D
BFF05877
BFF63B6A
BFFC6875
C001717E
C004D73C
C008673A
C00C2340
C0100D1C
C014269D
C018718F
C01CEFB8
C021A2D3
C0268C8F
C02BAE86
C0310A3B
C036A111
C03C744B
C04284FF
C048D415
C04F623E
C0562FF2
C05D3D62
C0648A7C
C06C16DE
C073E1D4
C07BEA57
C0821781
C086570B
C08AB2BA
C08F294F
C093B959
C098613B
C09D1F24
C0A1F118
C0A6D4ED
C0ABC852
C0B0C8C9
C0B5D3B6
C0BAE657
C0BFFDD3
C0C51736
C0CA2F7E
C0CF439F
C0D4508B
C0D95338
C0DE48AD
C0E32E0A
C0E80090
C0ECBDAC
C0F16301
C0F5EE72
C0FA5E22
C0FEB085
C101722E
C1037C5B
C105767D
C107606D
C1093A29
C10B03D4
C10CBDAE
C10E6813
C1100379
C1119064
C1130F6A
C114812A
C115E64A
C1173F75
C1188D55
C119D093
C11B09D5
C11C39BA
C11D60DC
C11E7FCE
C11F971A
C120A744
C121B0C7
C122B415
C123B19A
C124A9B9
C1259CCF
C1268B32
C1277531
C1285B16
C1293D25
C12A1B9C
C12AF6B6
C12BCEA8
C12CA3A5
C12D75DA
C12E4572
C12F1295
C12FDD67
C130A60A
C1316C9E
C1323141
C132F40F
C133B520
C134748C
C135326B
C135EED1
C136A9D1
C137637E
C1381BEA
C138D323
C139893A
C13A3E3D
C13AF239
C13BA53A
C13C574E
C13D087F
C13DB8D7
C13E6862
C13F1727
C13FC531
C1407288
C1411F34
C141CB3D
C14276AA
C1432181
C143CBCA
C144758B
C1451EC9
C145C78B
C1466FD5
C14717AD
C147BF18
C148661A
C1490CB7
C149B2F5
C14A58D6
C14AFE60
C14BA395
C14C4878
C14CED0E
C14D915A
C14E355E
C14ED91D
C14F7C9B
C1501FDA
C150C2DC
C15165A4
C1520834
C152AA8F
C1534CB6
C153EEAD
C1549074
C155320D
C155D37B
C15674BF
C15715DA
C157B6CF
C158579F
C158F84B
C15998D5
C15A393E
C15AD987
C15B79B2
C15C19BF
C15CB9B1
C15D5987
BF7810AC
BF7869DE
BF78C6AC
BF79273B
BF798BB5
BF79F443
BF7A6111
BF7AD24B
BF7B4823
BF7BC2C9
BF7C4272
BF7CC754
BF7D51A7
BF7DE1A8
BF7E7792
BF7F13A9
BF7FB62F
BF802FB5
BF8087D3
BF80E398
BF81432B
BF81A6B9
BF820E6D
BF827A75
BF82EB02
BF836048
BF83DA7B
BF8459D4
BF84DE8D
BF8568E4
BF85F918
BF868F6F
BF872C2E
BF87CFA0
BF887A13
BF892BDA
BF89E549
BF8AA6BD
BF8B7093
BF8C432F
BF8D1EFB
BF8E0464
BF8EF3DF
BF8FEDE6
BF90F2F8
BF92039E
BF932064
BF9449E2
BF9580B4
BF96C580
BF9818F5
BF997BCC
BF9AEEC7
BF9C72B1
BF9E0863
BF9FB0C1
BFA16CB9
BFA33D49
BFA5237B
BFA72069
BFA9353A
BFAB6327
BFADAB79
BFB00F8D
BFB290CF
BFB530C3
BFB7F0FD
BFBAD32B
BFBDD90E
BFC10480
BFC45773
BFC7D3F4
BFCB7C28
BFCF524E
BFD358C4
BFD79201
BFDC009A
BFE0A741
BFE588C5
BFEAA810
BFF00829
BFF5AC35
BFFB976F
C000E697
C004286F
C00792FE
C00B280E
C00EE96D
C012D8EC
C016F85E
C01B4996
C01FCE5F
C024887B
C029799F
C02EA36C
C034076E
C039A712
C03F83A1
C0459E3E
C04BF7DC
C0529138
C0596AD6
C06084F9
C067DF9B
C06F7A6E
C07754D1
C07F6DCF
C083E20D
C0882B06
C08C90D0
C0911238
C095ADDE
C09A6232
C09F2D75
C0A40DBB
C0A900ED
C0AE04C8
C0B316E4
C0B834B1
C0BD5B82
C0C28888
C0C7B8DE
C0CCE98B
C0D21786
C0D73FC3
C0DC5F33
C0E172D1
C0E677AD
C0EB6AED
C0F049E0
C0F51203
C0F9C108
C0FE54E4
C10165E9
C103922C
C105AEA8
C107BAF2
C109B6C6
C10BA20B
C10D7CCB
C10F4732
C111018C
C112AC3E
C11447C6
C115D4B0
C117539A
C118C528
C11A2A07
C11B82E4
C11CD06D
C11E134F
C11F4C32
C1207BB7
C121A279
C122C10D
C123D7FE
C124E7D0
C125F0FD
C126F3FA
C127F132
C128E908
C129DBD9
C12AC9FA
C12BB3BB
C12C9965
C12D7B3D
C12E5980
C12F3469
C1300C2D
C130E0FE
C131B30A
C132827C
C1334F7A
C1341A29
C134E2AC
C135A922
C1366DA8
C137305A
C137F151
C138B0A5
C1396E6D
C13A2ABC
C13AE5A7
C13B9F41
C13C5799
C13D0EC1
C13DC4C6
C13E79B9
C13F2DA5
C13FE098
C140929E
C14143C1
C141F40D
C142A38B
C1435245
C1440044
C144AD91
C1455A33
C1460632
C146B195
C1475C64
C14806A5
C148B05D
C1495994
C14A024E
C14AAA91
C14B5263
C14BF9C7
C14CA0C3
C14D475A
C14DED92
C14E936E
C14F38F2
C14FDE22
C1508301
C1512792
C151CBDA
C1526FD9
C1531395
C153B70F
C1545A4A
C154FD48
C155A00D
C156429A
C156E4F1
C1578716
C1582909
C158CACD
C1596C64
C15A0DCF
C15AAF11
C15B502A
C15BF11C
C15C91EA
C15D3294
C15DD31C
C15E7383
C15F13CA
C15FB3F3
C16053FF
C160F3EF
BF80AEBA
BF80DB99
BF810A49
BF813ADC
BF816D67
BF81A1FF
BF81D8BB
BF8211B0
BF824CF8
BF828AAA
BF82CAE1
BF830DB9
BF83534D
BF839BBD
BF83E726
BF8435A9
BF848769
BF84DC89
BF85352E
BF85917F
BF85F1A6
BF8655CB
BF86BE1D
BF872ACA
BF879C03
BF8811FB
BF888CE7
BF890D01
BF899283
BF8A1DAA
BF8AAEB8
BF8B45F0
BF8BE39B
BF8C8802
BF8D3374
BF8DE643
BF8EA0C7
BF8F635A
BF902E5B
BF91022F
BF91DF3F
BF92C5FA
BF93B6D4
BF94B249
BF95B8D9
BF96CB0C
BF97E971
BF99149E
BF9A4D31
BF9B93D1
BF9CE92F
BF9E4E02
BF9FC30F
BFA14923
BFA2E115
BFA48BCC
BFA64A38
BFA81D56
BFAA0633
BFAC05E9
BFAE1DA1
BFB04E97
BFB29A14
BFB50176
BFB7862D
BFBA29BC
BFBCEDBC
BFBFD3DA
BFC2DDDC
BFC60D9D
BFC96513
BFCCE64B
BFD0936E
BFD46EC0
BFD87A9F
BFDCB988
BFE12E13
BFE5DAF5
BFEAC300
BFEFE926
BFF55071
BFFAFC0B
C000779A
C00396A5
C006DCDF
C00A4C0C
C00DE5F7
C011AC72
C015A154
C019C674
C01E1DAA
C022A8C6
C0276991
C02C61C5
C031930B
C036FEF5
C03CA6FA
C0428C6B
C048B075
C04F1415
C055B814
C05C9D03
C063C332
C06B2AAA
C072D32D
C07ABC2C
C0817263
C085A5E0
C089F7C7
C08E671F
C092F2C4
C0979964
C09C597E
C0A13162
C0A61F35
C0AB20F1
C0B03466
C0B5573D
C0BA86F8
C0BFC0FB
C0C50287
C0CA48C6
C0CF90CA
C0D4D795
C0DA1A1E
C0DF5557
C0E48636
C0E9A9BC
C0EEBD00
C0F3BD35
C0F8A7B6
C0FD7A0F
C1011902
C10366CF
C105A596
C107D4A5
C109F373
C10C01A2
C10DFEF9
C10FEB6B
C111C70B
C1139211
C1154CD3
C116F7BE
C1189358
C11A2037
C11B9EFB
C11D1051
C11E74E8
C11FCD74
C1211AA5
C1225D2B
C12395AF
C124C4D4
C125EB39
C1270971
C1282008
C1292F84
C12A385F
C12B3B0D
C12C37FA
C12D2F89
C12E2217
C12F0FF9
C12FF97E
C130DEF0
C131C092
C1329EA3
C133795D
C13450F5
C135259C
C135F781
C136C6CD
C13793A8
C1385E37
C139269A
C139ECF2
C13AB15D
C13B73F4
C13C34D2
C13CF40F
C13DB1C0
C13E6DFA
C13F28D1
C13FE257
C1409A9D
C14151B4
C14207A9
C142BC8C
C1437069
C144234E
C144D546
C145865D
C146369C
C146E60F
C14794BE
C14842B2
C148EFF4
C1499C8D
C14A4883
C14AF3DD
C14B9EA3
C14C48DC
C14CF28D
C14D9BBC
C14E446F
C14EECAC
C14F9477
C1503BD5
C150E2CA
C151895C
C1522F8F
C152D566
C1537AE5
C1542010
C154C4EA
C1556977
C1560DBA
C156B1B5
C157556D
C157F8E3
C1589C1A
C1593F16
C159E1D7
C15A8461
C15B26B5
C15BC8D7
C15C6AC7
C15D0C89
C15DAE1D
C15E4F86
C15EF0C5
C15F91DB
C16032CC
C160D397
C161743F
C16214C5
C162B52A
C1635570
C163F597
C16495A1
BF8557A6
BF8584C8
BF85B3BE
BF85E49A
BF861771
BF864C58
BF868365
BF86BCAF
BF86F84F
BF87365D
BF8776F4
BF87BA2F
BF88002B
BF884906
BF8894DF
BF88E3D7
BF89360F
BF898BAD
BF89E4D5
BF8A41AE
BF8AA262
BF8B071B
BF8B7005
BF8BDD51
BF8C4F30
BF8CC5D4
BF8D4173
BF8DC247
BF8E488B
BF8ED47C
BF8F665C
BF8FFE6F
BF909CFC
BF914250
BF91EEB8
BF92A288
BF935E16
BF9421BE
BF94EDE0
BF95C2E1
BF96A12A
BF97892B
BF987B59
BF99782F
BF9A8030
BF9B93E2
BF9CB3D6
BF9DE0A3
BF9F1AE8
BFA0634C
BFA1BA81
BFA3213F
BFA4984B
BFA62074
BFA7BA93
BFA9678D
BFAB2856
BFACFDEB
BFAEE95A
BFB0EBBE
BFB30643
BFB53A24
BFB788AE
BFB9F340
BFBC7B4A
BFBF2252
BFC1E9F3
BFC4D3DC
BFC7E1D5
BFCB15BC
BFCE7187
BFD1F749
BFD5A92B
BFD98974
BFDD9A86
BFE1DEE1
BFE65921
BFEB0BFD
BFEFFA4E
BFF52707
BFFA9539
C0002408
C003216A
C0064474
C0098EE1
C00D0278
C010A107
C0146C66
C018666F
C01C90FD
C020EDEB
C0257F11
C02A463B
C02F452B
C0347D91
C039F104
C03FA102
C0458EE6
C04BBBE7
C0522909
C058D723
C05FC6CF
C066F86A
C06E6C0E
C0762189
C07E185D
C08327DE
C0876340
C08BBD97
C09035F7
C094CB4A
C0997C48
C09E4780
C0A32B52
C0A825F3
C0AD356E
C0B257A3
C0B78A4E
C0BCCB05
C0C2173C
C0C76C47
C0CCC75F
C0D225A6
C0D78429
C0DCDFE8
C0E235DA
C0E782F4
C0ECC432
C0F1F69D
C0F71754
C0FC2397
C1008C68
C102FA4C
C1055A64
C107ABBE
C109ED8A
C10C1F22
C10E4009
C1104FE9
C1124E98
C1143C10
C1161871
C117E3FC
C1199F10
C11B4A23
C11CE5C2
C11E7289
C11FF120
C1216237
C122C684
C1241EBC
C1256B94
C126ADBD
C127E5E3
C12914AB
C12A3AB3
C12B5890
C12C6ED1
C12D7DF9
C12E8684
C12F88E6
C130858A
C1317CD5
C1326F21
C1335CC6
C1344612
C1352B4D
C1360CBC
C136EA9D
C137C52A
C1389C97
C1397116
C13A42D5
C13B11FD
C13BDEB6
C13CA925
C13D716A
C13E37A6
C13EFBF6
C13FBE74
C1407F3A
C1413E5F
C141FBFB
C142B821
C14372E5
C1442C58
C144E48D
C1459B93
C1465178
C147064C
C147BA1B
C1486CF3
C1491EDE
C149CFE8
C14A801C
C14B2F83
C14BDE27
C14C8C11
C14D394A
C14DE5D9
C14E91C5
C14F3D18
C14FE7D6
C1509206
C1513BB0
C151E4D8
C1528D84
C15335BA
C153DD7F
C15484D7
C1552BC7
C155D253
C1567881
C1571E52
C157C3CD
C15868F3
C1590DC9
C159B252
C15A5690
C15AFA88
C15B9E3C
C15C41AE
C15CE4E2
C15D87DA
C15E2A98
C15ECD1F
C15F6F71
C1601190
C160B37D
C161553C
C161F6CE
C1629834
C1633971
C163DA85
C1647B74
C1651C3D
C165BCE3
C1665D67
C166FDCA
C1679E0E
C1683E34
BF8A02FC
BF8A305F
BF8A5F99
BF8A90BB
BF8AC3DB
BF8AF90E
BF8B306A
BF8B6A07
BF8BA5FC
BF8BE463
BF8C2557
BF8C68F2
BF8CAF52
BF8CF895
BF8D44D9
BF8D9441
BF8DE6EF
BF8E3D06
BF8E96AC
BF8EF409
BF8F5545
BF8FBA8C
BF90240B
BF9091F0
BF91046F
BF917BB9
BF91F806
BF92798E
BF93008C
BF938D40
BF941FEB
BF94B8D0
BF955839
BF95FE71
BF96ABC7
BF97608E
BF981D1E
BF98E1D2
BF99AF0B
BF9A852E
BF9B64A5
BF9C4DE1
BF9D4157
BF9E3F82
BF9F48E6
BFA05E0B
BFA17F80
BFA2ADDF
BFA3E9C6
BFA533DE
BFA68CD9
BFA7F570
BFA96E6A
BFAAF895
BFAC94CC
BFAE43F5
BFB00704
BFB1DEF9
BFB3CCE2
BFB5D1DC
BFB7EF13
BFBA25C5
BFBC773F
BFBEE4E1
BFC1701F
BFC41A7F
BFC6E59E
BFC9D32E
BFCCE4F7
BFD01CDA
BFD37CD1
BFD706EE
BFDABD60
BFDEA26F
BFE2B880
BFE70216
BFEB81D0
BFF03A6A
BFF52EBF
BFFA61C7
BFFFD696
C002C82F
C005C936
C008F013
C00C3E85
C00FB656
C0135957
C0172963
C01B2858
C01F5815
C023BA7B
C0285164
C02D1EA3
C03223FF
C037632D
C03CDDCD
C0429562
C0488B51
C04EC0D6
C0553703
C05BEEB4
C062E891
C06A2502
C071A42D
C07965F1
C080B4EF
C084D79B
C0891A73
C08D7CC4
C091FDAC
C0969C21
C09B56E9
C0A02CA0
C0A51BB3
C0AA2269
C0AF3EDB
C0B46EFE
C0B9B09D
C0BF0161
C0C45ED1
C0C9C654
C0CF3534
C0D4A8A3
C0DA1DBF
C0DF9191
C0E5011B
C0EA6956
C0EFC73C
C0F517CF
C0FA5823
C0FF8560
C1024E6A
C104CDFB
C1074039
C109A419
C10BF8B1
C10E3D3D
C1107121
C11293E9
C114A54D
C116A52A
C1189386
C11A708B
C11C3C83
C11DF7D5
C11FA300
C1213E98
C122CB3E
C12449A1
C125BA75
C1271E74
C1287657
C129C2D5
C12B04A1
C12C3C6A
C12D6AD5
C12E9083
C12FAE08
C130C3F4
C131D2CA
C132DB08
C133DD20
C134D97E
C135D086
C136C294
C137AFFE
C1389912
C1397E19
C13A5F57
C13B3D0A
C13C176A
C13CEEAE
C13DC307
C13E94A1
C13F63A7
C1403040
C140FA90
C141C2B8
C14288D9
C1434D0F
C1440F74
C144D023
C1458F33
C1464CBA
C14708CC
C147C37D
C1487CDF
C1493503
C149EBF8
C14AA1CF
C14B5694
C14C0A56
C14CBD20
C14D6EFF
C14E1FFD
C14ED025
C14F7F82
C1502E1C
C150DBFC
C151892B
C15235B1
C152E195
C1538CDF
C1543795
C154E1BF
C1558B61
C1563482
C156DD28
C1578558
C1582D16
C158D469
C1597B53
C15A21DA
C15AC802
C15B6DCF
C15C1345
C15CB867
C15D5D38
C15E01BD
C15EA5F8
C15F49EC
C15FED9C
C160910B
C161343C
C161D730
C16279EC
C1631C6F
C163BEBE
C16460DA
C16502C6
C165A482
C1664611
C166E775
C16788AF
C16829C2
C168CAAE
C1696B76
C16A0C1A
C16AAC9C
C16B4CFE
C16BED40
BF8EB0A2
BF8EDE45
BF8F0DBF
BF8F3F26
BF8F728C
BF8FA809
BF8FDFB2
BF90199E
BF9055E6
BF9094A3
BF90D5EF
BF9119E7
BF9160A8
BF91AA4F
BF91F6FC
BF9246D1
BF9299EF
BF92F07B
BF934A9C
BF93A877
BF940A37
BF947007
BF94DA15
BF95488F
BF95BBA8
BF963393
BF96B086
BF9732BC
BF97BA70
BF9847E0
BF98DB4E
BF9974FF
BF9A153C
BF9ABC51
BF9B6A8C
BF9C2042
BF9CDDCA
BF9DA381
BF9E71C7
BF9F4902
BFA0299D
BFA11409
BFA208BB
BFA30830
BFA412EA
BFA52974
BFA64C5D
BFA77C3F
BFA8B9BA
BFAA0576
BFAB6027
BFACCA87
BFAE455C
BFAFD177
BFB16FB2
BFB320F6
BFB4E637
BFB6C076
BFB8B0C2
BFBAB839
BFBCD809
BFBF1170
BFC165BE
BFC3D654
BFC664A7
BFC9123F
BFCBE0BA
BFCED1CD
BFD1E741
BFD522FA
BFD886F3
BFDC1541
BFDFD014
BFE3B9B9
BFE7D497
BFEC2333
BFF0A82F
BFF5664B
BFFA6066
BFFF997A
C0028A51
C0056A88
C0086F0D
C00B9994
C00EEBE0
C01267BC
C0160EFE
C019E382
C01DE72B
C0221BDD
C026837A
C02B1FE3
C02FF2F0
C034FE6B
C03A4411
C03FC586
C0458455
C04B81EA
C051BF88
C0583E4A
C05EFF17
C066029F
C06D4957
C074D370
C07CA0D5
C0825893
C08681DB
C08ACBC1
C08F359A
C093BE91
C09865A5
C09D29A8
C0A20943
C0A702F4
C0AC150C
C0B13DB8
C0B67AFB
C0BBCAB4
C0C12A9D
C0C69850
C0CC1146
C0D192DE
C0D71A5C
C0DCA4EB
C0E22FA8
C0E7B79D
C0ED39CD
C0F2B336
C0F820D9
C0FD7FC0
C1016684
C10402F4
C10693DD
C1091801
C10B8E40
C10DF596
C1104D24
C112942E
C114CA24
C116EE9C
C1190157
C11B023E
C11CF15F
C11ECEED
C1209B3C
C12256BB
C12401F0
C1259D75
C12729F3
C128A81B
C12A18A9
C12B7C57
C12CD3E3
C12E2006
C12F6177
C13098E4
C131C6F4
C132EC49
C1340979
C1351F12
C1362D99
C137358B
C138375C
C1393376
C13A2A3E
C13B1C10
C13C0941
C13CF21F
C13DD6F4
C13EB802
C13F9588
C1406FBF
C14146DB
C1421B0E
C142EC85
C143BB6A
C14487E4
C1455216
C1461A23
C146E02A
C147A446
C1486695
C149272D
C149E628
C14AA39B
C14B5F9A
C14C1A39
C14CD38A
C14D8B9E
C14E4284
C14EF84C
C14FAD04
C15060B8
C1511375
C151C548
C152763B
C1532658
C153D5AA
C154843A
C1553211
C155DF37
C1568BB5
C1573791
C157E2D3
C1588D81
C15937A4
C159E13F
C15A8A5A
C15B32F9
C15BDB23
C15C82DB
C15D2A28
C15DD10D
C15E7790
C15F1DB3
C15FC37B
C16068EC
C1610E0A
C161B2D7
C1625758
C162FB8F
C1639F80
C164432C
C164E698
C16589C5
C1662CB7
C166CF6F
C16771F0
C168143C
C168B656
C169583E
C169F9F8
C16A9B85
C16B3CE7
C16BDE1F
C16C7F30
C16D201A
C16DC0E0
C16E6182
C16F0203
C16FA262
BF936080
BF938E5F
BF93BE19
BF93EFC1
BF94236C
BF945930
BF949122
BF94CB5B
BF9507F3
BF954703
BF9588A6
BF95CCF8
BF961415
BF965E1D
BF96AB2F
BF96FB6D
BF974EF8
BF97A5F6
BF98008C
BF985EE2
BF98C122
BF992776
BF99920E
BF9A0117
BF9A74C5
BF9AED4B
BF9B6AE0
BF9BEDBE
BF9C7620
BF9D0446
BF9D9871
BF9E32E7
BF9ED3F0
BF9F7BD9
BFA02AF2
BFA0E18F
BFA1A007
BFA266B7
BFA33601
BFA40E4B
BFA4EFFF
BFA5DB90
BFA6D173
BFA7D225
BFA8DE2A
BFA9F60C
BFAB1A5C
BFAC4BB4
BFAD8AB4
BFAED806
BFB0345C
BFB1A074
BFB31D14
BFB4AB0D
BFB64B3A
BFB7FE86
BFB9C5E4
BFBBA257
BFBD94EF
BFBF9ECC
BFC1C11C
BFC3FD20
BFC65426
BFC8C794
BFCB58DE
BFCE098F
BFD0DB46
BFD3CFB9
BFD6E8B5
BFDA281D
BFDD8FF0
BFE12245
BFE4E14F
BFE8CF5C
BFECEED5
BFF14244
BFF5CC4C
BFFA8FB2
BFFF8F56
C002671C
C00527BA
C0080B22
C00B12FF
C00E4109
C0119704
C01516BF
C018C212
C01C9ADD
C020A305
C024DC72
C029490C
C02DEAB5
C032C34A
C037D49C
C03D206B
C042A862
C0486E12
C04E72EE
C054B840
C05B3F2A
C062089C
C0691551
C07065C7
C077FA3B
C07FD2A4
C083F758
C08826DF
C08C776F
C090E866
C09578F8
C09A282D
C09EF4E5
C0A3DDD3
C0A8E182
C0ADFE54
C0B33283
C0B87C22
C0BDD922
C0C3474F
C0C8C456
C0CE4DC2
C0D3E107
C0D97B79
C0DF1A59
C0E4BAD2
C0EA59FE
C0EFF4EC
C0F588A3
C0FB1227
C1004740
C102FD61
C105AA0B
C1084BE0
C10AE192
C10D69ED
C10FE3D7
C1124E58
C114A896
C116F1E3
C11929B6
C11B4FAF
C11D6399
C11F6566
C121552F
C123332F
C124FFC2
C126BB5E
C1286690
C12A01FA
C12B8E47
C12D0C31
C12E7C74
C12FDFD0
C1313704
C13282CE
C133C3E3
C134FAF5
C13628AD
C1374DAB
C1386A87
C1397FCF
C13A8E0A
C13B95B3
C13C973E
C13D9317
C13E89A1
C13F7B39
C1406833
C14150DD
C1423581
C1431662
C143F3BD
C144CDCB
C145A4C1
C14678D1
C1474A26
C14818EB
C148E547
C149AF5D
C14A774F
C14B3D3C
C14C0141
C14CC379
C14D83FC
C14E42E2
C14F0042
C14FBC2F
C15076BD
C1512FFE
C151E802
C1529ED9
C1535493
C154093D
C154BCE5
C1556F96
C156215D
C156D245
C1578258
C15831A0
C158E027
C1598DF4
C15A3B12
C15AE787
C15B935B
C15C3E95
C15CE93D
C15D9358
C15E3CED
C15EE601
C15F8E9B
C16036BE
C160DE72
C16185B9
C1622C99
C162D316
C1637935
C1641EF9
C164C466
C165697F
C1660E49
C166B2C5
C16756F9
C167FAE6
C1689E8F
C16941F8
C169E522
C16A8811
C16B2AC6
C16BCD44
C16C6F8E
C16D11A5
C16DB38B
C16E5543
C16EF6CD
C16F982D
C1703963
C170DA72
C1717B5A
C1721C1E
C172BCBF
C1735D3D
BF98127F
BF984099
BF98708F
BF98A277
BF98D664
BF990C6C
BF9944A6
BF997F29
BF99BC0E
BF99FB6E
BF9A3D64
BF9A820D
BF9AC984
BF9B13EA
BF9B615D
BF9BB200
BF9C05F5
BF9C5D60
BF9CB868
BF9D1734
BF9D79EF
BF9DE0C4
BF9E4BE0
BF9EBB74
BF9F2FB2
BF9FA8CE
BFA026FF
BFA0AA7E
BFA13389
BFA1C25E
BFA25740
BFA2F273
BFA39442
BFA43CF9
BFA4ECE7
BFA5A462
BFA663C2
BFA72B63
BFA7FBA8
BFA8D4F6
BFA9B7BA
BFAAA465
BFAB9B6F
BFAC9D54
BFADAA98
BFAEC3C6
BFAFE970
BFB11C30
BFB25CA7
BFB3AB7F
BFB5096D
BFB6772D
BFB7F587
BFB9854C
BFBB275A
BFBCDC99
BFBEA601
BFC08493
BFC27962
BFC4858F
BFC6AA47
BFC8E8CE
BFCB4274
BFCDB89D
BFD04CC2
BFD3006E
BFD5D541
BFD8CCF4
BFDBE954
BFDF2C48
BFE297CF
BFE62E04
BFE9F119
BFEDE361
BFF20748
BFF65F58
BFFAEE39
BFFFB6B1
C0025DD3
C005000C
C007C394
C00AAA0B
C00DB51D
C010E683
C0144005
C017C374
C01B72AC
C01F4F8D
C0235C02
C02799F5
C02C0B51
C030B1FD
C0358FDA
C03AA6BD
C03FF86C
C0458696
C04B52D2
C0515E99
C057AB3E
C05E39E8
C0650B91
C06C20FB
C0737AAE
C07B18F2
C0817DE4
C0859177
C089C6E7
C08E1DC3
C0929572
C0972D31
C09BE412
C0A0B8FE
C0A5AAB5
C0AAB7CD
C0AFDEB7
C0B51DBA
C0BA72FB
C0BFDC78
C0C55812
C0CAE385
C0D07C72
C0D6205D
C0DBCCB1
C0E17EC0
C0E733C8
C0ECE8F6
C0F29B65
C0F84829
C0FDEC4E
C101C270
C1048779
C10743D1
C109F611
C10C9CE1
C10F36FD
C111C337
C114407E
C116ADE1
C1190A91
C11B55E7
C11D8F65
C11FB6B4
C121CBA8
C123CE3D
C125BE93
C1279CEF
C12969B4
C12B255F
C12CD085
C12E6BCA
C12FF7E1
C1317588
C132E57D
C1344886
C1359F63
C136EAD2
C1382B8D
C1396246
C13A8FA7
C13BB450
C13CD0DA
C13DE5D5
C13EF3C5
C13FFB27
C140FC70
C141F80A
C142EE58
C143DFB7
C144CC7C
C145B4F5
C146996A
C1477A1F
C1485750
C1493137
C14A0809
C14ADBF6
C14BAD2B
C14C7BD1
C14D4810
C14E120B
C14ED9E3
C14F9FB8
C15063A6
C15125C8
C151E637
C152A50A
C1536257
C1541E33
C154D8B0
C15591E1
C15649D6
C157009F
C157B64C
C1586AE9
C1591E84
C159D12A
C15A82E6
C15B33C3
C15BE3CC
C15C930A
C15D4188
C15DEF4D
C15E9C62
C15F48CF
C15FF49B
C1609FCE
C1614A6F
C161F483
C1629E12
C1634720
C163EFB4
C16497D2
C1653F80
C165E6C2
C1668D9D
C1673416
C167DA30
C1687FEF
C1692558
C169CA6E
C16A6F33
C16B13AD
C16BB7DD
C16C5BC6
C16CFF6C
C16DA2D2
C16E45F9
C16EE8E5
C16F8B97
C1702E13
C170D05A
C171726F
C1721453
C172B608
C1735791
C173F8EE
C1749A23
C1753B2F
C175DC16
C1767CD8
C1771D77
BF9CC689
BF9CF4DB
BF9D250D
BF9D5732
BF9D8B5F
BF9DC1A9
BF9DFA28
BF9E34F3
BF9E7222
BF9EB1CF
BF9EF416
BF9F3912
BF9F80E0
BF9FCBA0
BFA01972
BFA06A76
BFA0BED0
BFA116A5
BFA1721B
BFA1D15A
BFA2348B
BFA29BDC
BFA30779
BFA37792
BFA3EC5B
BFA46607
BFA4E4CF
BFA568EB
BFA5F298
BFA68217
BFA717A8
BFA7B393
BFA85621
BFA8FF9D
BFA9B05A
BFAA68AC
BFAB28EA
BFABF174
BFACC2AB
BFAD9CF5
BFAE80BF
BFAF6E7B
BFB066A0
BFB169AC
BFB27824
BFB39293
BFB4B98A
BFB5EDA5
BFB72F86
BFB87FD7
BFB9DF4E
BFBB4EA7
BFBCCEAA
BFBE602B
BFC00407
BFC1BB28
BFC38686
BFC56724
BFC75E16
BFC96C7B
BFCB9385
BFCDD477
BFD030A3
BFD2A96E
BFD54052
BFD7F6DC
BFDACEAD
BFDDC980
BFE0E923
BFE42F80
BFE79E96
BFEB3883
BFEEFF7C
BFF2F5D4
BFF71DFB
BFFB7A7E
C0000703
C0026DAE
C004F2B5
C0079799
C00A5DED
C00D4752
C0105576
C0138A15
C016E6F8
C01A6DF2
C01E20E3
C02201AE
C026123F
C02A5484
C02ECA6B
C03375E0
C03858C7
C03D74FA
C042CC41
C0486053
C04E32CB
C0544529
C05A98C4
C0612ECC
C0680841
C06F25EE
C0768865
C07E2FF5
C0830E57
C087272A
C08B6230
C08FBF00
C0943D08
C098DB8C
C09D99A8
C0A2764F
C0A7704C
C0AC8641
C0B1B6AA
C0B6FFDD
C0BC600C
C0C1D547
C0C75D7E
C0CCF680
C0D29E00
C0D85196
C0DE0EBF
C0E3D2E3
C0E99B52
C0EF654B
C0F52DFC
C0FAF287
C1005802
C10331C4
C1060514
C108D07E
C10B929A
C10E4A05
C110F56F
C113939A
C1162361
C118A3BA
C11B13BC
C11D72A1
C11FBFCC
C121FAC7
C1242345
C1263921
C1283C61
C12A2D2D
C12C0BD2
C12DD8B9
C12F9467
C1313F75
C132DA8F
C134666C
C135E3CB
C1375372
C138B626
C13A0CAB
C13B57C1
C13C9823
C13DCE85
C13EFB90
C1401FE6
C1413C21
C14250D0
C1435E78
C1446596
C145669E
C14661FA
C147580F
C1484938
C14935CA
C14A1E13
C14B025B
C14BE2E5
C14CBFEF
C14D99B1
C14E705F
C14F442A
C1501540
C150E3C9
C151AFEC
C15279CD
C153418D
C154074A
C154CB22
C1558D2F
C1564D8A
C1570C4A
C157C986
C1588551
C1593FBE
C159F8E0
C15AB0C6
C15B6782
C15C1D21
C15CD1B2
C15D8542
C15E37DC
C15EE98E
C15F9A61
C1604A60
C160F995
C161A809
C16255C6
C16302D3
C163AF38
C1645AFD
C165062A
C165B0C3
C1665AD1
C167045A
C167AD62
C16855F0
C168FE09
C169A5B2
C16A4CEF
C16AF3C6
C16B9A3A
C16C404F
C16CE60B
C16D8B6F
C16E3081
C16ED543
C16F79B9
C1701DE6
C170C1CC
C171656F
C17208D1
C172ABF6
C1734EDF
C173F18F
C1749408
C175364D
C175D85F
C1767A41
C1771BF4
C177BD7A
C1785ED6
C1790009
C179A113
C17A41F8
C17AE2B9
BFA17C8A
BFA1AB13
BFA1DB7E
BFA20DDE
BFA24248
BFA278D2
BFA2B194
BFA2ECA3
BFA32A1A
BFA36A13
BFA3ACA7
BFA3F1F4
BFA43A16
BFA4852E
BFA4D35A
BFA524BC
BFA57979
BFA5D1B4
BFA62D94
BFA68D41
BFA6F0E5
BFA758AC
BFA7C4C5
BFA83560
BFA8AAAF
BFA924E7
BFA9A43F
BFAA28F2
BFAAB33D
BFAB435E
BFABD99A
BFAC7636
BFAD197B
BFADC3B7
BFAE753B
BFAF2E5B
BFAFEF72
BFB0B8DB
BFB18AFB
BFB26638
BFB34AFF
BFB439C2
BFB532F9
BFB63722
BFB746C2
BFB86266
BFB98A9F
BFBAC009
BFBC0346
BFBD5503
BFBEB5F3
BFC026D6
BFC1A874
BFC33BA0
BFC4E13A
BFC69A2C
BFC8676D
BFCA4A04
BFCC4303
BFCE538C
BFD07CD2
BFD2C018
BFD51EB1
BFD79A05
BFDA338E
BFDCECD9
BFDFC78C
BFE2C560
BFE5E827
BFE931CA
BFECA44C
BFF041CC
BFF40C82
BFF806C2
BFFC32FE
C00049E2
C00295E2
C004FEE3
C007865C
C00A2DCF
C00CF6D2
C00FE305
C012F41A
C0162BCF
C0198BEE
C01D164E
C020CCCE
C024B157
C028C5D6
C02D0C3C
C031867B
C0363682
C03B1E38
C0403F7B
C0459C18
C04B35CA
C0510E33
C05726D5
C05D810F
C0641E18
C06AFEF5
C072247B
C0798F41
C0809FD1
C0849ADB
C088B8A7
C08CF8F7
C0915B67
C095DF6D
C09A8455
C09F4943
C0A42D34
C0A92EFC
C0AE4D47
C0B3869F
C0B8D965
C0BE43DA
C0C3C41D
C0C9582D
C0CEFDEB
C0D4B31B
C0DA7569
C0E04265
C0E6178A
C0EBF23E
C0F1CFD2
C0F7AD88
C0FD8893
C101AF0D
C104959E
C107768C
C10A5065
C10D21BD
C10FE92F
C112A560
C1155507
C117F6EC
C11A89F1
C11D0D16
C11F7F78
C121E05C
C1242F2C
C1266B79
C1289501
C12AABA7
C12CAF77
C12EA0A4
C1307F80
C1324C7B
C1340820
C135B30F
C1374DF7
C138D995
C13A56AA
C13BC601
C13D285F
C13E7E8D
C13FC94B
C1410956
C1423F61
C1436C19
C144901F
C145AC0D
C146C072
C147CDD5
C148D4B0
C149D579
C14AD09B
C14BC678
C14CB76D
C14DA3CE
C14E8BE8
C14F7005
C1505066
C1512D49
C15206E7
C152DD74
C153B11F
C1548217
C1555083
C1561C8C
C156E653
C157ADFB
C15873A2
C1593765
C159F95E
C15AB9A6
C15B7854
C15C357F
C15CF139
C15DAB97
C15E64AA
C15F1C83
C15FD332
C16088C5
C1613D49
C161F0CE
C162A35E
C1635505
C16405CE
C164B5C4
C16564F0
C166135C
C166C110
C1676E16
C1681A73
C168C632
C1697157
C16A1BEA
C16AC5F2
C16B6F75
C16C1877
C16CC100
C16D6914
C16E10B7
C16EB7F0
C16F5EC2
C1700532
C170AB43
C17150FB
C171F65B
C1729B69
C1734028
C173E49A
C17488C4
C1752CA7
C175D047
C17673A7
C17716C8
C177B9AF
C1785C5C
C178FED3
C179A115
C17A4325
C17AE505
C17B86B6
C17C283B
C17CC994
C17D6AC5
C17E0BCE
C17EACB1
BFA6346E
BFA6632C
BFA693CE
BFA6C667
BFA6FB0D
BFA731D5
BFA76AD7
BFA7A629
BFA7E3E5
BFA82426
BFA86705
BFA8ACA0
BFA8F513
BFA9407F
BFA98F03
BFA9E0C1
BFAA35DC
BFAA8E79
BFAAEABF
BFAB4AD7
BFABAEEA
BFAC1724
BFAC83B5
BFACF4CC
BFAD6A9D
BFADE55B
BFAE6540
BFAEEA84
BFAF7566
BFB00625
BFB09D05
BFB13A4B
BFB1DE42
BFB28936
BFB33B7A
BFB3F562
BFB4B748
BFB5818A
BFB6548B
BFB730B2
BFB8166D
BFB9062D
BFBA006C
BFBB05A8
BFBC1667
BFBD3334
BFBE5CA3
BFBF9350
BFC0D7DD
BFC22AF8
BFC38D55
BFC4FFB3
BFC682DD
BFC817A5
BFC9BEEC
BFCB799D
BFCD48B0
BFCF2D2D
BFD12826
BFD33ABF
BFD5662B
BFD7ABAE
BFDA0C9E
BFDC8A62
BFDF2676
BFE1E269
BFE4BFE0
BFE7C098
BFEAE663
BFEE332C
BFF1A8F9
BFF549E8
BFF91835
BFFD1635
C000A32E
C002D59F
C00523C3
C0078F02
C00A18D3
C00CC2BB
C00F8E50
C0127D34
C015911B
C018CBC4
C01C2EFD
C01FBC9C
C0237685
C0275EA2
C02B76E3
C02FC13C
C0343FA1
C038F404
C03DE051
C0430669
C048681D
C04E072C
C053E53C
C05A03D6
C060645D
C067080E
C06DEFF6
C0751CEE
C07C8F98
C082242B
C08623A4
C08A4624
C08E8B74
C092F336
C0977CE5
C09C27D6
C0A0F333
C0A5DE02
C0AAE720
C0B00D45
C0B54F03
C0BAAAC9
C0C01EE6
C0C5A984
C0CB48B3
C0D0FA64
C0D6BC6D
C0DC8C8B
C0E26862
C0E84D80
C0EE395F
C0F42966
C0FA1AE9
C1000597
C102FBB8
C105EE6D
C108DC4C
C10BC3E7
C10EA3D3
C1117AA9
C1144709
C11707A1
C119BB2C
C11C607A
C11EF676
C1217C25
C123F0AE
C126535D
C128A3A3
C12AE11D
C12D0B8D
C12F22E0
C131272A
C13318A4
C134F7A6
C136C4A9
C138803C
C13A2B04
C13BC5B6
C13D5110
C13ECDDA
C1403CDE
C1419EE8
C142F4BF
C1443F26
C1457EDB
C146B492
C147E0F8
C14904B0
C14A2053
C14B3471
C14C4190
C14D482B
C14E48B8
C14F43A1
C1503948
C1512A0A
C152163C
C152FE2A
C153E21D
C154C257
C1559F15
C1567890
C1574EFC
C1582289
C158F363
C159C1B5
C15A8DA3
C15B5753
C15C1EE4
C15CE475
C15DA823
C15E6A09
C15F2A3F
C15FE8DC
C160A5F6
C16161A1
C1621BF0
C162D4F5
C1638CC1
C1644363
C164F8E9
C165AD63
C16660DC
C1671362
C167C4FF
C16875BF
C16925AC
C169D4CF
C16A8333
C16B30E0
C16BDDDD
C16C8A34
C16D35EC
C16DE10A
C16E8B98
C16F359A
C16FDF16
C1708814
C1713097
C171D8A6
C1728045
C1732779
C173CE46
C17474B2
C1751ABF
C175C073
C17665D0
C1770ADB
C177AF96
C1785405
C178F82B
C1799C0B
C17A3FA9
C17AE306
C17B8625
C17C2909
C17CCBB4
C17D6E28
C17E1068
C17EB276
C17F5453
C17FF603
C1804BC3
C1809C6F
C180ED06
C1813D8A
BFAAEE24
BFAB1D15
BFAB4DEC
BFAB80BD
BFABB59C
BFABECA0
BFAC25DF
BFAC6172
BFAC9F71
BFACDFF7
BFAD231F
BFAD6905
BFADB1C7
BFADFD83
BFAE4C5C
BFAE9E71
BFAEF3E8
BFAF4CE4
BFAFA98D
BFB00A0C
BFB06E89
BFB0D733
BFB14437
BFB1B5C7
BFB22C14
BFB2A755
BFB327C0
BFB3AD91
BFB43905
BFB4CA5D
BFB561DA
BFB5FFC5
BFB6A467
BFB7500D
BFB8030A
BFB8BDB3
BFB98062
BFBA4B74
BFBB1F4E
BFBBFC57
BFBCE2FC
BFBDD3B1
BFBECEEF
BFBFD534
BFC0E706
BFC204F2
BFC32F8C
BFC46770
BFC5AD41
BFC701AD
BFC86569
BFC9D936
BFCB5DDC
BFCCF431
BFCE9D15
BFD05975
BFD22A49
BFD41099
BFD60D7A
BFD8220F
BFDA4F8D
BFDC9739
BFDEFA68
BFE17A85
BFE4190B
BFE6D78B
BFE9B7AC
BFECBB2C
BFEFE3DD
BFF333AE
BFF6ACA4
BFFA50E0
BFFE22A0
C001121D
C0032C13
C005607B
C007B0AE
C00A1E14
C00CAA25
C00F5668
C0122474
C01515ED
C0182C88
C01B6A06
C01ED036
C02260F2
C0261E1E
C02A09A7
C02E2580
C032739F
C036F5FB
C03BAE89
C0409F37
C045C9EB
C04B307A
C050D4A6
C056B819
C05CDC61
C06342E7
C069ECED
C070DB85
C0780F91
C07F89B7
C083A531
C087A8DE
C08BCFD4
C09019E0
C09486A9
C09915B2
C09DC655
C0A297C4
C0A7890C
C0AC9914
C0B1C69C
C0B71041
C0BC747D
C0C1F1AB
C0C78602
C0CD2FA1
C0D2EC88
C0D8BA9D
C0DE97AF
C0E48174
C0EA758E
C0F0718A
C0F672E4
C0FC7706
C1013DA4
C1043E7B
C1073CAA
C10A36CA
C10D2B76
C1101946
C112FED3
C115DABD
C118ABAA
C11B704D
C11E2769
C120CFD5
C1236883
C125F080
C12866F9
C12ACB43
C12D1CD8
C12F5B59
C1318693
C1339E7A
C135A328
C13794DD
C13973F8
C13B40F7
C13CFC70
C13EA70B
C1404181
C141CC95
C1434912
C144B7C4
C1461978
C1476EF9
C148B90A
C149F86B
C14B2DD0
C14C59E7
C14D7D53
C14E98AD
C14FAC86
C150B963
C151BFC1
C152C013
C153BAC5
C154B039
C155A0CA
C1568CCE
C1577491
C158585C
C1593870
C15A150B
C15AEE64
C15BC4B0
C15C9820
C15D68DF
C15E3716
C15F02EC
C15FCC84
C16093FF
C161597C
C1621D16
C162DEE9
C1639F0D
C1645D9A
C1651AA4
C165D640
C1669081
C1674979
C1680138
C168B7CD
C1696D48
C16A21B7
C16AD526
C16B87A1
C16C3935
C16CE9EC
C16D99D0
C16E48EB
C16EF747
C16FA4EC
C17051E3
C170FE33
C171A9E4
C17254FC
C172FF84
C173A980
C17452F7
C174FBEF
C175A46D
C1764C77
C176F412
C1779B41
C178420B
C178E872
C1798E7C
C17A342C
C17AD985
C17B7E8D
C17C2344
C17CC7B1
C17D6BD4
C17E0FB1
C17EB34C
C17F56A6
C17FF9C2
C1804E52
C1809FA6
C180F0DF
C18141FE
C1819304
C181E3F2
C18234C9
C1828589
C182D634
C18326CB
BFAFA99A
BFAFD8BD
BFB009C7
BFB03CCD
BFB071E3
BFB0A920
BFB0E29C
BFB11E6D
BFB15CAD
BFB19D76
BFB1E0E3
BFB22712
BFB2701F
BFB2BC2B
BFB30B54
BFB35DBF
BFB3B38E
BFB40CE6
BFB469EE
BFB4CAD0
BFB52FB4
BFB598C9
BFB6063D
BFB67840
BFB6EF06
BFB76AC4
BFB7EBB2
BFB8720B
BFB8FE0C
BFB98FF6
BFBA280C
BFBAC695
BFBB6BDC
BFBC182E
BFBCCBDE
BFBD8740
BFBE4AB0
BFBF168C
BFBFEB37
BFC0C919
BFC1B0A2
BFC2A242
BFC39E75
BFC4A5BA
BFC5B895
BFC6D796
BFC80350
BFC93C60
BFCA8369
BFCBD91A
BFCD3E29
BFCEB356
BFD0396B
BFD1D13F
BFD37BB1
BFD539B0
BFD70C34
BFD8F447
BFDAF2FD
BFDD097B
BFDF38F7
BFE182B6
BFE3E810
BFE66A6E
BFE90B4F
BFEBCC44
BFEEAEF5
BFF1B520
BFF4E09B
BFF83355
BFFBAF55
BFFF56BE
C00195E7
C003986F
C005B434
C007EA80
C00A3CAC
C00CAC23
C00F3A5D
C011E8E2
C014B94B
C017AD3E
C01AC670
C01E06A4
C0216FAC
C0250363
C028C3AE
C02CB27E
C030D1C7
C0352381
C039A9A7
C03E6630
C0435B0E
C0488A28
C04DF558
C0539E63
C05986F9
C05FB0AB
C0661CE6
C06CCCF1
C073C1E6
C07AFCAA
C0813EF6
C085230F
C0892AB8
C08D55E7
C091A46E
C09615F9
C09AAA11
C09F6015
C0A4373F
C0A92EA2
C0AE452D
C0B379A9
C0B8CABE
C0BE36EE
C0C3BCA0
C0C95A19
C0CF0D83
C0D4D4ED
C0DAAE4D
C0E09782
C0E68E55
C0EC907A
C0F29B91
C0F8AD2C
C0FEC2C6
C1026CE8
C10577D4
C10880D2
C10B8685
C10E8790
C111828E
C114761F
C11760E1
C11A417A
C11D1696
C11FDEF0
C122994F
C1254494
C127DFB4
C12A69C6
C12CE1FE
C12F47B7
C1319A73
C133D9DC
C13605C4
C1381E26
C13A2325
C13C1505
C13DF42D
C13FC11F
C1417C75
C14326DD
C144C114
C1464BE0
C147C80E
C149366E
C14A97CE
C14BECF9
C14D36B6
C14E75C4
C14FAAD9
C150D6A3
C151F9C5
C15314D9
C154286E
C155350C
C1563B2E
C1573B48
C15835C4
C1592B06
C15A1B69
C15B0741
C15BEEDB
C15CD27F
C15DB26E
C15E8EE7
C15F6820
C1603E4E
C16111A1
C161E245
C162B063
C1637C22
C16445A3
C1650D09
C165D272
C16695F9
C16757BB
C16817CE
C168D64A
C1699345
C16A4ED3
C16B0906
C16BC1F1
C16C79A4
C16D302E
C16DE59E
C16E9A01
C16F4D66
C16FFFD8
C170B163
C1716211
C17211ED
C172C100
C1736F54
C1741CF2
C174C9E2
C175762B
C17621D6
C176CCE9
C177776A
C1782161
C178CAD3
C17973C6
C17A1C3F
C17AC445
C17B6BDB
C17C1306
C17CB9CB
C17D602F
C17E0635
C17EABE1
C17F5138
C17FF63B
C1804D78
C1809FAD
C180F1BD
C18143AA
C1819576
C181E722
C18238AF
C1828A1E
C182DB72
C1832CAA
C1837DC8
C183CECD
C1841FB9
C184708F
C184C14F
C18511F9
BFB466C0
BFB49612
BFB4C74E
BFB4FA87
BFB52FD3
BFB56748
BFB5A0FC
BFB5DD0A
BFB61B88
BFB65C92
BFB6A043
BFB6E6B7
BFB7300E
BFB77C65
BFB7CBDD
BFB81E9A
BFB874BE
BFB8CE6E
BFB92BD2
BFB98D13
BFB9F25C
BFBA5BD8
BFBAC9B8
BFBB3C2B
BFBBB365
BFBC2F9B
BFBCB107
BFBD37E3
BFBDC46C
BFBE56E3
BFBEEF8C
BFBF8EAF
BFC03495
BFC0E18C
BFC195E8
BFC251FE
BFC31628
BFC3E2C6
BFC4B83A
BFC596EF
BFC67F52
BFC771D6
BFC86EF5
BFC97730
BFCA8B0C
BFCBAB17
BFCCD7E7
BFCE1217
BFCF5A4D
BFD0B138
BFD2178C
BFD38E0D
BFD51584
BFD6AEC7
BFD85AB9
BFDA1A48
BFDBEE6D
BFDDD831
BFDFD8AA
BFE1F100
BFE42266
BFE66E25
BFE8D594
BFEB5A1E
BFEDFD43
BFF0C094
BFF3A5BC
BFF6AE79
BFF9DCA3
BFFD322A
C000588B
C0022DC6
C00419E5
C0061E17
C0083B98
C00A73B5
C00CC7C7
C00F3939
C011C985
C0147A35
C0174CE2
C01A4334
C01D5EE2
C020A1B0
C0240D71
C027A402
C02B674B
C02F593D
C0337BD0
C037D0FD
C03C5AC2
C0411B19
C04613F6
C04B4743
C050B6DE
C0566490
C05C520B
C06280E4
C068F28E
C06FA855
C076A356
C07DE47E
C082B640
C0869DEB
C08AA95B
C08ED88B
C0932B51
C097A15D
C09C3A3D
C0A0F556
C0A5D1E8
C0AACF0E
C0AFEBBD
C0B526C6
C0BA7EDA
C0BFF285
C0C58037
C0CB2642
C0D0E2DD
C0D6B422
C0DC9818
C0E28CAD
C0E88FBA
C0EE9F05
C0F4B843
C0FAD916
C1007F89
C10393DC
C106A83F
C109BB67
C10CCC01
C10FD8B7
C112E02E
C115E10A
C118D9EE
C11BC97F
C11EAE68
C121875D
C124531D
C1271077
C129BE51
C12C5BAA
C12EE79C
C1316164
C133C864
C1361C25
C1385C57
C13A88D4
C13CA19D
C13EA6DA
C14098D8
C1427800
C14444DC
C146000A
C147AA3B
C149442F
C14ACEB1
C14C4A90
C14DB89D
C14F19A9
C1506E80
C151B7EB
C152F6A8
C1542B6E
C15556ED
C15679C7
C1579496
C158A7EB
C159B44C
C15ABA34
C15BBA17
C15CB461
C15DA973
C15E99A8
C15F8556
C1606CC8
C1615046
C1623013
C1630C6B
C163E585
C164BB96
C1658ECE
C1665F58
C1672D5E
C167F905
C168C271
C16989C3
C16A4F18
C16B128E
C16BD43E
C16C9441
C16D52AE
C16E0F9A
C16ECB1A
C16F8540
C1703E1E
C170F5C5
C171AC44
C17261A9
C1731603
C173C95E
C1747BC7
C1752D48
C175DDEE
C1768DC2
C1773CCE
C177EB1B
C17898B2
C179459B
C179F1DE
C17A9D82
C17B488F
C17BF30B
C17C9CFD
C17D4669
C17DEF58
C17E97CD
C17F3FCD
C17FE75F
C1804743
C1809AA4
C180EDD4
C18140D5
C18193AA
C181E653
C18238D3
C1828B2C
C182DD5F
C1832F6E
C183815A
C183D325
C18424CF
C184765B
C184C7CA
C185191C
C1856A53
C185BB70
C1860C74
C1865D60
C186AE34
C186FEF3
BFB92586
BFB95506
BFB98671
BFB9B9DC
BFB9EF5B
BFBA2705
BFBA60F2
BFBA9D39
BFBADBF4
BFBB1D3C
BFBB612E
BFBBA7E6
BFBBF183
BFBC3E23
BFBC8DE8
BFBCE0F3
BFBD3769
BFBD916F
BFBDEF2C
BFBE50C9
BFBEB671
BFBF2052
BFBF8E99
BFC00178
BFC07922
BFC0F5CD
BFC177B2
BFC1FF0C
BFC28C18
BFC31F18
BFC3B84F
BFC45805
BFC4FE84
BFC5AC1C
BFC6611E
BFC71DE0
BFC7E2BE
BFC8B017
BFC9864E
BFCA65CD
BFCB4F02
BFCC4261
BFCD4064
BFCE498C
BFCF5E5F
BFD07F6C
BFD1AD47
BFD2E88E
BFD431E6
BFD589FE
BFD6F18D
BFD86954
BFD9F220
BFDB8CC6
BFDD3A2A
BFDEFB39
BFE0D0EE
BFE2BC54
BFE4BE81
BFE6D89B
BFE90BDA
BFEB5985
BFEDC2F5
BFF04997
BFF2EEE9
BFF5B480
BFF89C07
BFFBA73D
BFFED7FB
C0011819
C002D8F6
C004AFA8
C0069D4F
C008A31A
C00AC246
C00CFC21
C00F5205
C011C55E
C01457A8
C0170A6C
C019DF46
C01CD7DE
C01FF5ED
C0233B39
C026A996
C02A42E2
C02E0908
C031FDFB
C03623B3
C03A7C2D
C03F0968
C043CD62
C048CA10
C04E0160
C0537532
C0592753
C05F1979
C0654D3C
C06BC413
C0727F4F
C0798011
C08063A6
C0842ADC
C08815EB
C08C24F2
C09057ED
C094AEB8
C0992908
C09DC66E
C0A28655
C0A76803
C0AC6A99
C0B18D11
C0B6CE47
C0BC2CF0
C0C1A7A4
C0C73CDC
C0CCEAF4
C0D2B02E
C0D88AB2
C0DE7894
C0E477D0
C0EA8650
C0F0A1EA
C0F6C866
C0FCF779
C1019665
C104B2F8
C107D03B
C10AECEC
C10E07C5
C1111F77
C11432B1
C117401F
C11A4669
C11D4438
C1203837
C1232117
C125FD92
C128CC6D
C12B8C7E
C12E3CB1
C130DC0B
C13369AD
C135E4DA
C1384CFC
C13AA1A1
C13CE281
C13F0F7B
C1412898
C1432E05
C1452013
C146FF33
C148CBF1
C14A86F0
C14C30E6
C14DCA96
C14F54CC
C150D05B
C1523E15
C1539ECE
C154F353
C1563C6C
C1577ADA
C158AF55
C159DA8A
C15AFD1F
C15C17AC
C15D2AC2
C15E36E7
C15F3C98
C1603C47
C161365F
C1622B42
C1631B4C
C16406D1
C164EE1D
C165D177
C166B122
C1678D5A
C1686657
C1693C4C
C16A0F69
C16ADFDB
C16BADC9
C16C795B
C16D42B2
C16E09F0
C16ECF33
C16F9297
C1705436
C171142A
C171D288
C1728F66
C1734AD9
C17404F2
C174BDC5
C1757560
C1762BD4
C176E12F
C177957F
C17848D0
C178FB30
C179ACA9
C17A5D47
C17B0D13
C17BBC18
C17C6A5E
C17D17EE
C17DC4D1
C17E710E
C17F1CAC
C17FC7B4
C1803915
C1808E0B
C180E2BF
C1813734
C1818B6C
C181DF6B
C1823332
C18286C3
C182DA22
C1832D50
C1838050
C183D323
C18425CA
C1847849
C184CAA1
C1851CD2
C1856EE0
C185C0CB
C1861294
C186643D
C186B5C8
C1870736
C1875887
C187A9BD
C187FAD9
C1884BDC
C1889CC7
C188ED9B
BFBDE5DC
BFBE1588
BFBE4721
BFBE7ABC
BFBEB06D
BFBEE84B
BFBF226E
BFBF5EEC
BFBF9DE1
BFBFDF66
BFC02397
BFC06A90
BFC0B470
BFC10157
BFC15165
BFC1A4BC
BFC1FB82
BFC255DA
BFC2B3ED
BFC315E3
BFC37BE8
BFC3E628
BFC454D3
BFC4C81A
BFC54031
BFC5BD4C
BFC63FA6
BFC6C77A
BFC75504
BFC7E888
BFC88248
BFC9228C
BFC9C99F
BFCA77D1
BFCB2D73
BFCBEADC
BFCCB067
BFCD7E74
BFCE5567
BFCF35A9
BFD01FA9
BFD113DB
BFD212BA
BFD31CC7
BFD43288
BFD5548C
BFD68369
BFD7BFBC
BFD90A2B
BFDA6366
BFDBCC23
BFDD4526
BFDECF3A
BFE06B36
BFE219FD
BFE3DC7E
BFE5B3B6
BFE7A0AE
BFE9A47D
BFEBC04C
BFEDF552
BFF044D7
BFF2B035
BFF538D9
BFF7E044
BFFAA80B
BFFD91D8
C0004FB7
C001E954
C00396BA
C00558F1
C007310C
C009202B
C00B277F
C00D4845
C00F83CC
C011DB70
C014509C
C016E4CE
C0199992
C01C7081
C01F6B48
C0228B9F
C025D34F
C029442C
C02CE016
C030A8FA
C034A0CC
C038C986
C03D2529
C041B5B4
C0467D27
C04B7D7B
C050B8A0
C0563078
C05BE6D5
C061DD6E
C06815E0
C06E91A5
C0755213
C07C5850
C081D2A9
C0859CEC
C0898B33
C08D9DA1
C091D436
C0962ED1
C09AAD2B
C09F4ED9
C0A4134C
C0A8F9CE
C0AE0185
C0B32974
C0B8707A
C0BDD557
C0C356AA
C0C8F2F4
C0CEA89C
C0D475EE
C0DA591F
C0E0504D
C0E65984
C0EC72BB
C0F299DC
C0F8CCBB
C0FF0922
C102A666
C105CAB1
C108F043
C10C15E4
C10F3A57
C1125C5B
C1157AA6
C11893ED
C11BA6E0
C11EB22F
C121B486
C124AC99
C127991C
C12A78D1
C12D4A81
C1300D0A
C132BF5C
C1356084
C137EFA9
C13A6C15
C13CD536
C13F2AA2
C1416C17
C143997A
C145B2D8
C147B866
C149AA7A
C14B8988
C14D5621
C14F10ED
C150BAA5
C152540E
C153DDF8
C1555937
C156C6A0
C1582706
C1597B3A
C15AC404
C15C0225
C15D3655
C15E6144
C15F8394
C1609DE2
C161B0BB
C162BCA7
C163C221
C164C19E
C165BB86
C166B03D
C167A01D
C1688B7A
C16972A2
C16A55DA
C16B3564
C16C117D
C16CEA5D
C16DC038
C16E933C
C16F6395
C170316D
C170FCE9
C171C62D
C1728D58
C1735289
C17415DC
C174D76C
C1759750
C17655A0
C1771271
C177CDD7
C17887E4
C17940AB
C179F83B
C17AAEA5
C17B63F6
C17C183C
C17CCB85
C17D7DDC
C17E2F4D
C17EDFE3
C17F8FA8
C1801F53
C1807672
C180CD37
C18123A6
C18179C1
C181CF8E
C182250F
C1827A47
C182CF3B
C18323ED
C183785F
C183CC95
C1842092
C1847457
C184C7E6
C1851B44
C1856E70
C185C16E
C186143F
C18666E5
C186B963
C1870BB9
C1875DE9
C187AFF5
C18801DF
C18853A7
C188A54F
C188F6D9
C1894845
C1899995
C189EACA
C18A3BE5
C18A8CE8
C18ADDD2
BFC2A7B4
BFC2D78B
BFC30951
BFC33D19
BFC372FB
BFC3AB0B
BFC3E561
BFC42216
BFC46142
BFC4A301
BFC4E76E
BFC52EA7
BFC578C9
BFC5C5F3
BFC61648
BFC669E9
BFC6C0FA
BFC71BA2
BFC77A07
BFC7DC53
BFC842B2
BFC8AD4F
BFC91C5A
BFC99006
BFCA0884
BFCA860D
BFCB08D8
BFCB9120
BFCC1F25
BFCCB327
BFCD4D6B
BFCDEE38
BFCE95DA
BFCF44A0
BFCFFADD
BFD0B8E6
BFD17F19
BFD24DD3
BFD3257B
BFD40679
BFD4F13C
BFD5E63A
BFD6E5ED
BFD7F0D6
BFD9077D
BFDA2A6F
BFDB5A44
BFDC979A
BFDDE317
BFDF3D69
BFE0A74A
BFE2217C
BFE3ACCC
BFE54A11
BFE6FA2F
BFE8BE15
BFEA96C1
BFEC853B
BFEE8A9E
BFF0A811
BFF2DECC
BFF53019
BFF79D52
BFFA27E6
BFFCD155
BFFF9B36
C001439B
C002CB8A
C0046658
C00614FD
C007D880
C009B1F5
C00BA27D
C00DAB4B
C00FCD9B
C0120ABD
C014640F
C016DAFC
C0197103
C01C27B1
C01F00A1
C021FD7F
C0252007
C0286A00
C02BDD42
C02F7BAF
C0334733
C03741C5
C03B6D61
C03FCC09
C0445FBF
C0492A84
C04E2E55
C0536D23
C058E8D3
C05EA33A
C0649E11
C06ADAFB
C0715B74
C07820D5
C07F2C48
C0833F65
C0870C8E
C08AFDE4
C08F138E
C0934D8E
C097ABC6
C09C2DF4
C0A0D3B1
C0A59C70
C0AA8782
C0AF9413
C0B4C129
C0BA0DAC
C0BF7861
C0C4FFF0
C0CAA2E1
C0D05FA4
C0D63490
C0DC1FE3
C0E21FC9
C0E8325A
C0EE559B
C0F48783
C0FAC5FA
C100876C
C103AFF5
C106DB78
C10A08CF
C10D36CD
C110643F
C1138FEE
C116B89D
C119DD09
C11CFBEA
C12013F8
C12323E7
C1262A6B
C129263B
C12C1613
C12EF8B9
C131CCFD
C13491C3
C1374601
C139E8C8
C13C7946
C13EF6CC
C14160CE
C143B6E6
C145F8D9
C1482691
C14A4022
C14C45C5
C14E37D3
C15016C8
C151E337
C1539DCC
C1554742
C156E063
C1586A00
C159E4EF
C15B5207
C15CB21D
C15E0601
C15F4E7D
C1608C53
C161C03B
C162EAE5
C1640CF4
C1652703
C16639A2
C1674556
C1684A9D
C16949E8
C16A43A3
C16B382F
C16C27E7
C16D131E
C16DFA21
C16EDD38
C16FBCA3
C170989F
C1717164
C1724724
C1731A10
C173EA52
C174B815
C175837D
C1764CAD
C17713C6
C177D8E6
C1789C29
C1795DA9
C17A1D7F
C17ADBC2
C17B9885
C17C53DF
C17D0DE1
C17DC69C
C17E7E22
C17F3481
C17FE9C9
C1804F03
C180A8A3
C18101CB
C1815A7F
C181B2C7
C1820AA5
C1826221
C182B93D
C1830FFF
C183666A
C183BC83
C184124D
C18467CB
C184BD02
C18511F3
C18566A2
C185BB13
C1860F47
C1866341
C186B704
C1870A92
C1875DED
C187B118
C1880414
C18856E4
C188A989
C188FC05
C1894E5A
C189A089
C189F294
C18A447C
C18A9643
C18AE7EA
C18B3973
C18B8ADE
C18BDC2D
C18C2D61
C18C7E7C
C18CCF7D
BFC76B01
BFC79B01
BFC7CCF1
BFC800E6
BFC836F6
BFC86F36
BFC8A9BE
BFC8E6A7
BFC92609
BFC96801
BFC9ACA8
BFC9F41D
BFCA3E7E
BFCA8BEA
BFCADC83
BFCB306B
BFCB87C6
BFCBE2BB
BFCC416F
BFCCA40E
BFCD0AC3
BFCD75B9
BFCDE522
BFCE592E
BFCED211
BFCF5002
BFCFD33A
BFD05BF4
BFD0EA6E
BFD17EEA
BFD219AD
BFD2BAFF
BFD3632B
BFD41280
BFD4C951
BFD587F6
BFD64EC9
BFD71E2B
BFD7F681
BFD8D834
BFD9C3B4
BFDAB976
BFDBB9F5
BFDCC5B3
BFDDDD36
BFDF010F
BFE031D3
BFE17022
BFE2BCA2
BFE41802
BFE582FC
BFE6FE52
BFE88AD2
BFEA2954
BFEBDABC
BFED9FFA
BFEF7A0B
BFF169FA
BFF370E1
BFF58FE9
BFF7C849
BFFA1B4D
BFFC8A4F
BFFF16BF
C000E110
C0024703
C003BE10
C005471A
C006E30D
C00892E3
C00A57A5
C00C3267
C00E244C
C0102E84
C012524F
C01490FC
C016EBEA
C0196486
C01BFC50
C01EB4D3
C0218FAF
C0248E8F
C027B330
C02AFF5C
C02E74E9
C03215BD
C035E3C5
C039E0F9
C03E0F58
C04270E4
C04707A1
C04BD594
C050DCBA
C0561F07
C05B9E63
C0615CA5
C0675B8A
C06D9CB6
C07421AB
C07AEBC2
C080FE17
C084A9F5
C08879E0
C08C6E20
C09086DB
C094C41A
C09925C1
C09DAB8F
C0A25523
C0A721F5
C0AC1158
C0B1227E
C0B65473
C0BBA623
C0C1165B
C0C6A3C8
C0CC4CFB
C0D2106D
C0D7EC7D
C0DDDF74
C0E3E788
C0EA02DB
C0F02F83
C0F66B82
C0FCB4D0
C10184AB
C104B379
C107E5BB
C10B1A54
C10E5023
C11185FF
C114BABC
C117ED26
C11B1C06
C11E461F
C1216A2F
C12486F3
C1279B24
C12AA57D
C12DA4BA
C130979E
C1337CF2
C136538E
C1391A59
C13BD052
C13E748D
C141063F
C14384BE
C145EF83
C148462F
C14A888B
C14CB688
C14ED03E
C150D5E9
C152C7EA
C154A6BF
C15672FF
C1582D59
C159D68C
C15B6F64
C15CF8B3
C15E7353
C15FE01B
C1613FE1
C1629377
C163DBA7
C1651934
C1664CD6
C167773C
C168990C
C169B2DF
C16AC545
C16BD0C5
C16CD5D9
C16DD4F5
C16ECE83
C16FC2E6
C170B277
C1719D8A
C172846B
C1736762
C17446AF
C175228F
C175FB39
C176D0E0
C177A3B4
C17873E1
C179418F
C17A0CE3
C17AD601
C17B9D08
C17C6218
C17D254B
C17DE6BD
C17EA685
C17F64BA
C18010B9
C1806E5F
C180CB5B
C18127B3
C1818371
C181DE9C
C182393B
C1829355
C182ECF1
C1834615
C1839EC6
C183F709
C1844EE5
C184A65D
C184FD76
C1855435
C185AA9E
C18600B4
C186567B
C186ABF7
C187012B
C187561A
C187AAC7
C187FF35
C1885367
C188A760
C188FB21
C1894EAD
C189A207
C189F530
C18A482B
C18A9AF9
C18AED9C
C18B4017
C18B926A
C18BE498
C18C36A2
C18C8889
C18CDA4F
C18D2BF5
C18D7D7D
C18DCEE7
C18E2035
C18E7169
C18EC282
BFCC2FB4
BFCC5FDB
BFCC91F5
BFCCC615
BFCCFC51
BFCD34C0
BFCD6F78
BFCDAC93
BFCDEC2A
BFCE2E57
BFCE7337
BFCEBAE7
BFCF0584
BFCF5330
BFCFA40A
BFCFF837
BFD04FD9
BFD0AB17
BFD10A19
BFD16D08
BFD1D40F
BFD23F5C
BFD2AF1E
BFD32388
BFD39CCC
BFD41B22
BFD49EC2
BFD527E9
BFD5B6D5
BFD64BC7
BFD6E705
BFD788D6
BFD83187
BFD8E165
BFD998C6
BFDA5800
BFDB1F6E
BFDBEF72
BFDCC86F
BFDDAAD1
BFDE9707
BFDF8D87
BFE08ECA
BFE19B54
BFE2B3AC
BFE3D863
BFE50A0E
BFE6494C
BFE796C6
BFE8F32A
BFEA5F33
BFEBDBA3
BFED6948
BFEF08FB
BFF0BBA0
BFF28229
BFF45D93
BFF64EE9
BFF85745
BFFA77D2
BFFCB1C8
BFFF0672
C000BB96
C00202B3
C0035952
C004C03F
C0063850
C007C267
C0095F74
C00B1072
C00CD666
C00EB268
C010A59B
C012B12F
C014D666
C017168E
C0197309
C01BED43
C01E86BC
C0214104
C0241DB7
C0271E84
C02A4528
C02D936F
C0310B30
C034AE51
C0387EC2
C03C7E7C
C040AF7F
C04513CF
C049AD73
C04E7E70
C05388C5
C058CE6A
C05E5149
C0641339
C06A15FD
C0705B39
C076E474
C07DB30A
C0826418
C0861274
C089E4FF
C08DDC03
C091F7AA
C09637FE
C09A9CE6
C09F2626
C0A3D35E
C0A8A40B
C0AD9785
C0B2ACFF
C0B7E38E
C0BD3A21
C0C2AF8C
C0C84281
C0CDF19A
C0D3BB55
C0D99E1B
C0DF983E
C0E5A7FE
C0EBCB8A
C0F200FF
C0F84671
C0FE99E2
C1027CA7
C105B151
C108E9E0
C10C2542
C10F625E
C112A017
C115DD4A
C11918D0
C11C517A
C11F8617
C122B56F
C125DE48
C128FF62
C12C177E
C12F255A
C13227BA
C1351D64
C1380528
C13ADDE4
C13DA683
C1405E09
C1430390
C1459653
C14815AC
C14A811B
C14CD845
C14F1AF7
C1514929
C15362F7
C15568A1
C1575A8D
C159393B
C15B0548
C15CBF65
C15E6853
C16000E0
C16189E3
C1630433
C16470AC
C165D024
C167236E
C1686B54
C169A89A
C16ADBF8
C16C061D
C16D27B0
C16E4148
C16F5378
C1705EC3
C17163A7
C1726296
C1735BFA
C1745034
C1753FA0
C1762A8F
C1771150
C177F428
C178D358
C179AF1D
C17A87AD
C17B5D3C
C17C2FFA
C17D0012
C17DCDAB
C17E98ED
C17F61F9
C1801478
C18076F8
C180D88A
C181393C
C1819919
C181F82D
C1825683
C182B424
C183111A
C1836D6D
C183C926
C184244C
C1847EE7
C184D8FD
C1853295
C1858BB5
C185E462
C1863CA2
C186947A
C186EBEF
C1874306
C18799C2
C187F027
C188463B
C1889C00
C188F179
C18946AB
C1899B98
C189F043
C18A44AF
C18A98DF
C18AECD6
C18B4095
C18B9420
C18BE778
C18C3AA0
C18C8D99
C18CE066
C18D3308
C18D8581
C18DD7D3
C18E2A00
C18E7C08
C18ECDEF
C18F1FB3
C18F7159
C18FC2DF
C1901449
C1906596
C190B6C8
BFD0F5C0
BFD1260E
BFD15850
BFD18C99
BFD1C301
BFD1FB9C
BFD23683
BFD273CE
BFD2B397
BFD2F5F9
BFD33B0F
BFD382F7
BFD3CDCF
BFD41BB8
BFD46CD2
BFD4C140
BFD51927
BFD574AC
BFD5D3F8
BFD63734
BFD69E8B
BFD70A2B
BFD77A44
BFD7EF07
BFD868A9
BFD8E760
BFD96B66
BFD9F4F6
BFDA844F
BFDB19B3
BFDBB567
BFDC57B3
BFDD00E3
BFDDB147
BFDE6932
BFDF28FC
BFDFF100
BFE0C19F
BFE19B3E
BFE27E49
BFE36B2E
BFE46263
BFE56464
BFE671B3
BFE78AD9
BFE8B065
BFE9E2EE
BFEB2313
BFEC717D
BFEDCEDC
BFEF3BE9
BFF0B968
BFF24828
BFF3E901
BFF59CD8
BFF7649F
BFF94155
BFFB3404
BFFD3DC8
BFFF5FCB
C000CDA4
C001F8C4
C00331F5
C00479EF
C005D173
C007394F
C008B25A
C00A3D76
C00BDB92
C00D8DAA
C00F54C6
C01131FC
C013266F
C0153352
C01759E6
C0199B7C
C01BF972
C01E753A
C0211052
C023CC4B
C026AAC3
C029AD69
C02CD5FB
C0302646
C033A024
C037457A
C03B183B
C03F1A5F
C0434DEA
C047B4E0
C04C514A
C051252F
C0563291
C05B7B68
C06101A1
C066C716
C06CCD8B
C07316A9
C079A3F7
C0803B6B
C083C840
C08778FB
C08B4E06
C08F47AC
C093661A
C097A95B
C09C115B
C0A09DDF
C0A54E8C
C0AA22E0
C0AF1A38
C0B433CC
C0B96EB4
C0BEC9E6
C0C44438
C0C9DC65
C0CF910C
C0D560B3
C0DB49C9
C0E14AA9
C0E7619D
C0ED8CDD
C0F3CA94
C0FA18DE
C1003AE7
C1036FB5
C106A9D8
C109E84B
C10D2A02
C1106DF0
C113B300
C116F81B
C11A3C23
C11D7DF5
C120BC6B
C123F657
C1272A88
C12A57C9
C12D7CE0
C1309893
C133A9A7
C136AEE3
C139A714
C13C910F
C13F6BB5
C14235F9
C144EEE3
C1479592
C14A2946
C14CA95E
C14F155E
C1516CF1
C153AFEA
C155DE43
C157F81D
C159FDBE
C15BEF8D
C15DCE10
C15F99E6
C16153C3
C162FC6B
C16494AD
C1661D63
C1679765
C1690390
C16A62BC
C16BB5BB
C16CFD59
C16E3A59
C16F6D75
C170975C
C171B8B3
C172D214
C173E40E
C174EF28
C175F3DD
C176F2A0
C177EBDA
C178DFEE
C179CF36
C17ABA04
C17BA0A5
C17C835F
C17D6273
C17E3E1E
C17F1696
C17FEC0E
C1805F5B
C180C75C
C1812E20
C18193B7
C181F835
C1825BA8
C182BE20
C1831FAC
C1838056
C183E02D
C1843F3B
C1849D8B
C184FB27
C1855818
C185B466
C186101A
C1866B3C
C186C5D2
C1871FE5
C1877979
C187D295
C1882B3F
C188837B
C188DB50
C18932C2
C18989D6
C189E08F
C18A36F2
C18A8D03
C18AE2C5
C18B383C
C18B8D6C
C18BE257
C18C3700
C18C8B6A
C18CDF99
C18D338D
C18D874B
C18DDAD4
C18E2E2B
C18E8151
C18ED449
C18F2714
C18F79B5
C18FCC2D
C1901E7E
C19070A9
C190C2B1
C1911496
C191665A
C191B7FE
C1920984
C1925AEC
C192AC39
BFD5BD1A
BFD5ED8D
BFD61FF5
BFD65467
BFD68AF7
BFD6C3BE
BFD6FED1
BFD73C4B
BFD77C45
BFD7BED9
BFD80423
BFD84C42
BFD89753
BFD8E576
BFD936CD
BFD98B7B
BFD9E3A4
BFDA3F6E
BFDA9F01
BFDB0287
BFDB6A2B
BFDBD61C
BFDC4688
BFDCBBA2
BFDD359E
BFDDB4B3
BFDE391A
BFDEC30F
BFDF52D2
BFDFE8A4
BFE084CA
BFE1278C
BFE1D138
BFE2821C
BFE33A8C
BFE3FAE0
BFE4C374
BFE594A9
BFE66EE5
BFE75291
BFE8401F
BFE93804
BFEA3ABC
BFEB48C9
BFEC62B4
BFED890E
BFEEBC6D
BFEFFD71
BFF14CC3
BFF2AB13
BFF4191B
BFF5979F
BFF7276E
BFF8C962
BFFA7E60
BFFC475A
BFFE254F
C0000CA5
C0011235
C00223EA
C0034264
C0046E48
C005A845
C006F113
C0084975
C009B237
C00B2C32
C00CB848
C00E5769
C0100A91
C011D2C9
C013B126
C015A6CE
C017B4F3
C019DCD6
C01C1FCA
C01E7F2E
C020FC73
C023991A
C02656B2
C02936DD
C02C3B49
C02F65B5
C032B7F0
C03633D4
C039DB48
C03DB03F
C041B4B4
C045EAAB
C04A542A
C04EF33D
C053C9EA
C058DA36
C05E261B
C063AF88
C069785A
C06F8256
C075CF28
C07C605A
C0819BA9
C0852AA3
C088DDA1
C08CB50E
C090B135
C094D247
C0991852
C09D8341
C0A212DF
C0A6C6D3
C0AB9E9E
C0B099A1
C0B5B717
C0BAF61C
C0C055AB
C0C5D49F
C0CB71B9
C0D12B9C
C0D700D6
C0DCEFDD
C0E2F714
C0E914CD
C0EF4749
C0F58CBC
C0FBE350
C1012491
C1045E23
C1079D65
C10AE158
C10E28FA
C1117345
C114BF30
C1180BAB
C11B57A5
C11EA205
C121E9AF
C1252D81
C1286C54
C12BA4FD
C12ED64B
C131FF0C
C1351E09
C138320D
C13B39E4
C13E3461
C141205D
C143FCBE
C146C87C
C14982A3
C14C2A58
C14EBEDF
C1513F9C
C153AC19
C1560403
C1584732
C15A75A6
C15C8F82
C15E9512
C16086BF
C1626513
C16430AF
C165EA4A
C16792AA
C1692AA3
C16AB30B
C16C2CC1
C16D989F
C16EF780
C1704A36
C171918E
C172CE4B
C1740127
C1752AD1
C1764BEE
C1776518
C17876E0
C17981C9
C17A8651
C17B84EA
C17C7DFD
C17D71EC
C17E6111
C17F4BBE
C1801920
C1808A6F
C180F9EC
C18167B4
C181D3E5
C1823E96
C182A7DF
C1830FD7
C1837691
C183DC20
C1844095
C184A401
C1850672
C18567F6
C185C89A
C186286B
C1868773
C186E5BD
C1874354
C187A03F
C187FC89
C1885839
C188B356
C1890DE9
C18967F7
C189C187
C18A1AA0
C18A7346
C18ACB80
C18B2352
C18B7AC1
C18BD1D2
C18C2888
C18C7EE9
C18CD4F7
C18D2AB7
C18D802C
C18DD55A
C18E2A42
C18E7EEA
C18ED352
C18F277F
C18F7B72
C18FCF2E
C19022B5
C190760A
C190C92F
C1911C26
C1916EF0
C191C18F
C1921406
C1926656
C192B880
C1930A87
C1935C6B
C193AE2E
C193FFD1
C1945156
C194A2BD
BFDA85B5
BFDAB64C
BFDAE8D9
BFDB1D71
BFDB5429
BFDB8D19
BFDBC858
BFDC05FF
BFDC4627
BFDC88EC
BFDCCE69
BFDD16BC
BFDD6204
BFDDB060
BFDE01F2
BFDE56DD
BFDEAF45
BFDF0B52
BFDF6B2A
BFDFCEF7
BFE036E6
BFE0A324
BFE113E1
BFE1894E
BFE203A1
BFE28310
BFE307D5
BFE3922C
BFE42255
BFE4B890
BFE55524
BFE5F859
BFE6A27B
BFE753DA
BFE80CCB
BFE8CDA5
BFE996C4
BFEA6889
BFEB435B
BFEC27A4
BFED15D5
BFEE0E63
BFEF11CB
BFF0208F
BFF13B38
BFF26258
BFF39685
BFF4D860
BFF62891
BFF787C9
BFF8F6C3
BFFA7642
BFFC0718
BFFDAA1C
BFFF6036
C000952B
C00184BF
C0027F5D
C0038593
C00497F7
C005B725
C006E3C5
C0081E86
C0096820
C00AC157
C00C2AF7
C00DA5D8
C00F32DF
C010D2FC
C0128729
C0145071
C0162FEB
C01826BB
C01A3615
C01C5F3B
C01EA37F
C0210442
C02382F6
C026211B
C028E043
C02BC20E
C02EC82E
C031F461
C0354877
C038C64C
C03C6FC7
C04046DD
C0444D8B
C04885D3
C04CF1C1
C051935E
C0566CB5
C05B7FCB
C060CE9D
C0665B1B
C06C2723
C072347E
C07884DA
C07F19C3
C082FA50
C0868B57
C08A407D
C08E1A2E
C09218B9
C0963C4E
C09A84FF
C09EF2B9
C0A3854A
C0A83C5A
C0AD176E
C0B215EB
C0B7370F
C0BC79F9
C0C1DDA8
C0C760FE
C0CD02BD
C0D2C191
C0D89C0D
C0DE90AC
C0E49DD9
C0EAC1EE
C0F0FB35
C0F747EC
C0FDA644
C1020A34
C105483D
C1088C48
C10BD55F
C10F2287
C11272C4
C115C513
C1191871
C11C6BD5
C11FBE30
C1230E73
C1265B85
C129A44B
C12CE7A3
C1302468
C1335970
C136858B
C139A78A
C13CBE3B
C13FC872
C142C503
C145B2CE
C14890BE
C14B5DCE
C14E190F
C150C1AC
C15356EC
C155D837
C158451C
C15A9D4C
C15CE0A5
C15F0F28
C16128FE
C1632E75
C1651FFB
C166FE1B
C168C97B
C16A82D3
C16C2AEC
C16DC299
C16F4AB6
C170C420
C1722FB4
C1738E4B
C174E0BA
C17627CD
C1776449
C17896E6
C179C055
C17AE13B
C17BFA31
C17D0BC7
C17E1682
C17F1ADF
C1800CA7
C180891E
C1810303
C1817A85
C181EFCC
C18262FE
C182D43F
C18343AF
C183B16C
C1841D91
C1848837
C184F177
C1855965
C185C016
C186259D
C1868A0A
C186ED6E
C1874FD8
C187B156
C18811F4
C18871BE
C188D0C1
C1892F06
C1898C97
C189E97E
C18A45C3
C18AA16E
C18AFC88
C18B5716
C18BB121
C18C0AAE
C18C63C3
C18CBC66
C18D149D
C18D6C6C
C18DC3D8
C18E1AE6
C18E719A
C18EC7F8
C18F1E04
C18F73C2
C18FC935
C1901E60
C1907347
C190C7EC
C1911C53
C191707E
C191C46F
C192182A
C1926BB0
C192BF04
C1931227
C193651C
C193B7E5
C1940A83
C1945CF9
C194AF48
C1950171
C1955376
C195A55A
C195F71C
C19648BE
C1969A42
BFDF4F85
BFDF803F
BFDFB2EF
BFDFE7AC
BFE01E8C
BFE057A4
BFE0930D
BFE0D0DF
BFE11134
BFE15428
BFE199D5
BFE1E25B
BFE22DD7
BFE27C6A
BFE2CE35
BFE3235B
BFE37C01
BFE3D84D
BFE43867
BFE49C7A
BFE504B0
BFE57139
BFE5E243
BFE65801
BFE6D2A8
BFE7526E
BFE7D78E
BFE86243
BFE8F2CD
BFE9896E
BFEA266C
BFEACA0F
BFEB74A4
BFEC267A
BFECDFE7
BFEDA141
BFEE6AE6
BFEF3D37
BFF0189A
BFF0FD79
BFF1EC47
BFF2E578
BFF3E989
BFF4F8FD
BFF6145E
BFF73C3D
BFF87131
BFF9B3DA
BFFB04E2
BFFC64FA
BFFDD4DC
BFFF554E
C0007390
C0014595
C002212B
C00306C9
C003F6F1
C004F229
C005F900
C0070C0A
C0082BE6
C009593B
C00A94B9
C00BDF17
C00D391B
C00EA390
C0101F50
C011AD3E
C0134E4C
C0150375
C016CDC3
C018AE4E
C01AA63B
C01CB6BE
C01EE11A
C02126A1
C02388B6
C02608CA
C028A85E
C02B6905
C02E4C61
C0315422
C034820A
C037D7E8
C03B5799
C03F0307
C042DC25
C046E4F3
C04B1F75
C04F8DB7
C05431C3
C0590DA7
C05E2368
C0637506
C0690472
C06ED38C
C074E420
C07B37DD
C080E829
C0845774
C087EA70
C08BA1A5
C08F7D7E
C0937E4F
C097A449
C09BEF7F
C0A05FE1
C0A4F53F
C0A9AF43
C0AE8D77
C0B38F3F
C0B8B3DF
C0BDFA7A
C0C36212
C0C8E98B
C0CE8FAF
C0D4532D
C0DA329D
C0E02C82
C0E63F4D
C0EC695E
C0F2A907
C0F8FC8E
C0FF6231
C102EC11
C1062E46
C10976CC
C10CC4B1
C1101703
C1136CCC
C116C513
C11A1EDE
C11D792B
C120D2F9
C1242B40
C12780F5
C12AD306
C12E205D
C13167DF
C134A86B
C137E0DC
C13B1008
C13E34C5
C1414DE8
C1445A45
C14758B8
C14A4824
C14D2779
C14FF5B7
C152B1F3
C1555B5B
C157F13B
C15A7300
C15CE03A
C15F38A3
C1617C18
C163AAA1
C165C469
C167C9C1
C169BB1B
C16B9905
C16D6427
C16F1D3A
C170C50B
C1725C6F
C173E441
C1755D5F
C176C8AA
C17826F9
C1797923
C17ABFF4
C17BFC30
C17D2E91
C17E57C7
C17F7877
C180489D
C180D150
C1815698
C181D8B1
C18257D5
C182D439
C1834E0E
C183C57F
C1843AB7
C184ADDB
C1851F0F
C1858E73
C185FC24
C186683D
C186D2DA
C1873C0F
C187A3F5
C1880A9D
C188701C
C188D482
C18937DF
C1899A42
C189FBB9
C18A5C51
C18ABC16
C18B1B13
C18B7953
C18BD6DF
C18C33C1
C18C9002
C18CEBA9
C18D46BF
C18DA149
C18DFB50
C18E54DA
C18EADEC
C18F068C
C18F5EBF
C18FB68B
C1900DF5
C1906500
C190BBB2
C191120E
C1916818
C191BDD3
C1921344
C192686D
C192BD52
C19311F6
C193665B
C193BA84
C1940E74
C194622D
C194B5B2
C1950904
C1955C26
C195AF1A
C19601E2
C196547F
C196A6F3
C196F941
C1974B69
C1979D6E
C197EF50
C1984111
C19892B3
BFE41A80
BFE44B5B
BFE47E2E
BFE4B30F
BFE4EA13
BFE52352
BFE55EE3
BFE59CDF
BFE5DD60
BFE62080
BFE6665D
BFE6AF14
BFE6FAC2
BFE7498A
BFE79B8B
BFE7F0EA
BFE849CC
BFE8A655
BFE906B0
BFE96B05
BFE9D381
BFEA4051
BFEAB1A6
BFEB27B2
BFEBA2A9
BFEC22C4
BFECA83B
BFED334B
BFEDC433
BFEE5B36
BFEEF89A
BFEF9CA7
BFF047AA
BFF0F9F3
BFF1B3D7
BFF275AE
BFF33FD4
BFF412AB
BFF4EE99
BFF5D40A
BFF6C36E
BFF7BD3C
BFF8C1F1
BFF9D20F
BFFAEE21
BFFC16B7
BFFD4C6A
BFFE8FDB
BFFFE1B1
C000A150
C00159B2
C0021A5F
C002E3C1
C003B645
C004925E
C0057886
C006693C
C0076508
C0086C79
C0098024
C00AA0A8
C00BCEAB
C00D0ADE
C00E55FA
C00FB0C2
C0111C04
C012989A
C0142767
C015C95D
C0177F77
C0194AC2
C01B2C53
C01D2552
C01F36F3
C0216279
C023A937
C0260C8F
C0288DF5
C02B2EEA
C02DF101
C030D5DD
C033DF2F
C0370EBA
C03A664E
C03DE7C8
C0419513
C0457025
C0497AFC
C04DB7A0
C052281C
C056CE7E
C05BACD2
C060C522
C066196D
C06BABA6
C0717DB1
C0779159
C07DE850
C0824214
C085B327
C0894801
C08D012B
C090DF14
C094E210
C0990A51
C09D57ED
C0A1CAD6
C0A662DE
C0AB1FB1
C0B000DB
C0B505C4
C0BA2DB3
C0BF77CD
C0C4E317
C0CA6E7C
C0D018C7
C0D5E0AD
C0DBC4CA
C0E1C3A8
C0E7DBBD
C0EE0B70
C0F45119
C0FAAB09
C1008BC1
C103CA62
C1071081
C10A5D38
C10DAF9C
C11106C1
C11461B9
C117BF92
C11B1F5A
C11E801B
C121E0DA
C125409C
C1289E5F
C12BF91C
C12F4FC8
C132A154
C135ECA9
C13930AB
C13C6C3B
C13F9E35
C142C572
C145E0CB
C148EF1B
C14BEF41
C14EE025
C151C0BA
C1549004
C1574D1D
C159F736
C15C8DA0
C15F0FCB
C1617D4C
C163D5DF
C1661966
C16847EB
C16A619E
C16C66D3
C16E57FD
C17035AE
C1720090
C173B95F
C17560E7
C176F801
C1787F89
C179F85F
C17B6361
C17CC16A
C17E1351
C17F59E1
C1804AF0
C180E403
C1817883
C18208C0
C1829509
C1831DA6
C183A2D7
C18424DD
C184A3EE
C1852040
C1859A04
C1861166
C186868F
C186F9A6
C1876ACD
C187DA25
C18847CB
C188B3DA
C1891E6C
C1898799
C189EF75
C18A5616
C18ABB8C
C18B1FEB
C18B8341
C18BE59E
C18C470E
C18CA7A1
C18D0760
C18D6658
C18DC493
C18E221B
C18E7EF8
C18EDB35
C18F36D8
C18F91E9
C18FEC71
C1904674
C1909FFA
C190F909
C19151A6
C191A9D7
C19201A0
C1925907
C192B010
C19306BF
C1935D19
C193B321
C19408DA
C1945E49
C194B371
C1950854
C1955CF6
C195B159
C1960581
C196596F
C196AD27
C19700AA
C19753FB
C197A71C
C197FA0E
C1984CD5
C1989F71
C198F1E4
C1994431
C1999658
C199E85C
C19A3A3D
C19A8BFD
BFE8E69B
BFE91795
BFE94A8A
BFE97F8D
BFE9B6B6
BFE9F01A
BFEA2BD2
BFEA69F6
BFEAAAA0
BFEAEDED
BFEB33F6
BFEB7CDC
BFEBC8BC
BFEC17B6
BFEC69EC
BFECBF82
BFED189C
BFED7562
BFEDD5FA
BFEE3A8F
BFEEA34D
BFEF1063
BFEF8200
BFEFF857
BFF0739C
BFF0F407
BFF179D2
BFF2053A
BFF2967D
BFF32DDF
BFF3CBA5
BFF47018
BFF51B86
BFF5CE3E
BFF68894
BFF74AE3
BFF81585
BFF8E8DD
BFF9C552
BFFAAB4E
BFFB9B44
BFFC95A9
BFFD9AFB
BFFEABBD
BFFFC879
C00078E0
C0011416
C001B62E
C0025F7D
C003105D
C003C92A
C0048A48
C005541F
C006271C
C00703B4
C007EA5F
C008DB9E
C009D7FA
C00ADFFF
C00BF445
C00D1569
C00E4415
C00F80F6
C010CCC8
C012284D
C0139455
C01511B8
C016A15B
C0184430
C019FB33
C01BC770
C01DA9FE
C01FA404
C021B6B7
C023E35B
C0262B44
C0288FD4
C02B127E
C02DB4C6
C030783E
C0335E8B
C036695F
C0399A7C
C03CF3B3
C04076E4
C04425F9
C04802E9
C04C0FB5
C0504E64
C054C103
C05969A1
C05E4A4C
C063650D
C068BBE8
C06E50D0
C07425AA
C07A3C43
C0804B29
C0839AB3
C0870D78
C08AA41A
C08E5F23
C0923F04
C0964410
C09A6E7E
C09EBE63
C0A333B4
C0A7CE44
C0AC8DC2
C0B171BD
C0B6799F
C0BBA4B1
C0C0F21B
C0C660E7
C0CBF001
C0D19E3A
C0D76A4A
C0DD52D3
C0E35662
C0E97373
C0EFA874
C0F5F3C4
C0FC53B9
C1016350
C104A55F
C107EF2A
C10B3FCE
C10E9667
C111F20F
C11551DE
C118B4EB
C11C1A4A
C11F810F
C122E848
C1264F02
C129B447
C12D171A
C130767C
C133D167
C13726D0
C13A75A7
C13DBCD5
C140FB3F
C1442FC7
C147594A
C14A76A5
C14D86B8
C1508866
C1537A9A
C1565C4C
C1592C84
C15BEA5F
C15E9512
C1612BF1
C163AE71
C1661C2A
C16874DC
C16AB86B
C16CE6E5
C16F007C
C1710589
C172F680
C174D3F6
C1769E96
C1785720
C179FE61
C17B9532
C17D1C71
C17E94FF
C17FFFBA
C180AEC0
C1815792
C181FABB
C182989D
C1833194
C183C5F8
C184561D
C184E24E
C1856AD4
C185EFF1
C18671E3
C186F0E2
C1876D23
C187E6D7
C1885E2A
C188D346
C189464F
C189B76A
C18A26B6
C18A9451
C18B0057
C18B6ADF
C18BD403
C18C3BD7
C18CA26F
C18D07DF
C18D6C36
C18DCF86
C18E31DC
C18E9347
C18EF3D4
C18F538E
C18FB281
C19010B7
C1906E3A
C190CB13
C191274C
C19182EB
C191DDF9
C192387D
C192927D
C192EC00
C193450B
C1939DA6
C193F5D4
C1944D9A
C194A4FF
C194FC05
C19552B2
C195A90A
C195FF0F
C19654C7
C196AA34
C196FF5A
C197543B
C197A8DB
C197FD3D
C1985163
C198A550
C198F907
C1994C88
C1999FD8
C199F2F8
C19A45E9
C19A98AE
C19AEB49
C19B3DBC
C19B9008
C19BE22E
C19C3431
C19C8611
BFEDB3CB
BFEDE4E4
BFEE17F8
BFEE4D1D
BFEE8468
BFEEBDF0
BFEEF9CE
BFEF3819
BFEF78EC
BFEFBC62
BFF00297
BFF04BAA
BFF097B9
BFF0E6E4
BFF1394D
BFF18F18
BFF1E86A
BFF24568
BFF2A63B
BFF30B0E
BFF3740D
BFF3E165
BFF45348
BFF4C9E7
BFF54577
BFF5C631
BFF64C4D
BFF6D809
BFF769A4
BFF80160
BFF89F85
BFF9445B
BFF9F02F
BFFAA351
BFFB5E17
BFFC20D8
BFFCEBF2
BFFDBFC7
BFFE9CBD
BFFF8341
C00039E1
C000B75D
C0013A52
C001C301
C00251B1
C002E6AA
C0038239
C00424AD
C004CE5C
C0057F9F
C00638D5
C006FA5F
C007C4A6
C0089819
C009752A
C00A5C54
C00B4E18
C00C4AFC
C00D5391
C00E686B
C00F8A2B
C010B978
C011F701
C0134382
C0149FBE
C0160C83
C0178AAC
C0191B1E
C01ABEC9
C01C76AC
C01E43D1
C0202752
C0222255
C0243610
C02663C7
C028ACCE
C02B1289
C02D966B
C03039F9
C032FEC5
C035E674
C038F2B9
C03C2558
C03F8022
C04304F7
C046B5C4
C04A947F
C04EA32B
C052E3CF
C057587A
C05C033C
C060E624
C066033E
C06B5C8C
C070F405
C076CB8F
C07CE4FA
C081A0FD
C084F214
C0886678
C08BFECE
C08FBBA0
C0939D61
C097A465
C09BD0E5
C0A022F7
C0A49A93
C0A9378C
C0ADF995
C0B2E03D
C0B7EAF1
C0BD18FD
C0C2698C
C0C7DBAB
C0CD6E49
C0D3203A
C0D8F03B
C0DEDCF0
C0E4E4EE
C0EB06B4
C0F140B5
C0F79157
C0FDF6F7
C10237F4
C1057D3C
C108CA78
C10C1ECB
C10F7954
C112D935
C1163D8A
C119A573
C11D100B
C1207C6C
C123E9AE
C12756E8
C12AC32C
C12E2D89
C1319509
C134F8B2
C1385784
C13BB079
C13F0286
C1424C9A
C1458D9F
C148C479
C14BF00C
C14F0F39
C15220E2
C15523F0
C1581751
C15AFA00
C15DCB0A
C160898E
C16334C6
C165CC09
C1684ECE
C16ABCB2
C16D1577
C16F5905
C171876D
C173A0E4
C175A5C4
C1779686
C17973BF
C17B3E1E
C17CF662
C17E9D5C
C18019F2
C180DD6E
C1819992
C1824ECD
C182FD8F
C183A641
C184494B
C184E710
C1857FEC
C1861437
C186A443
C187305D
C187B8CE
C1883DD7
C188BFB6
C1893EA3
C189BAD4
C18A3479
C18AABBD
C18B20CB
C18B93C8
C18C04D7
C18C7418
C18CE1A9
C18D4DA5
C18DB824
C18E213F
C18E890B
C18EEF9C
C18F5504
C18FB955
C1901C9E
C1907EEE
C190E054
C19140DB
C191A090
C191FF7E
C1925DAF
C192BB2E
C1931804
C1937438
C193CFD4
C1942ADE
C194855E
C194DF5B
C19538DB
C19591E4
C195EA7B
C19642A7
C1969A6B
C196F1CD
C19748D1
C1979F7C
C197F5D1
C1984BD5
C198A18B
C198F6F6
C1994C1A
C199A0FA
C199F598
C19A49F9
C19A9E1D
C19AF209
C19B45BE
C19B993E
C19BEC8D
C19C3FAB
C19C929B
C19CE560
C19D37FA
C19D8A6B
C19DDCB6
C19E2EDB
C19E80DD
BFF28206
BFF2B33D
BFF2E670
BFF31BB5
BFF35322
BFF38CCC
BFF3C8CD
BFF4073E
BFF44838
BFF48BD6
BFF4D236
BFF51B75
BFF567B1
BFF5B70B
BFF609A6
BFF65FA4
BFF6B92A
BFF7165F
BFF7776C
BFF7DC7B
BFF845B7
BFF8B350
BFF92575
BFF99C5A
BFFA1833
BFFA9937
BFFB1FA1
BFFBABAE
BFFC3D9E
BFFCD5B3
BFFD7433
BFFE1968
BFFEC59E
BFFF7927
C0001A2C
C0007BC4
C000E18B
C0014BB1
C001BA6B
C0022DED
C002A671
C0032433
C003A771
C004306D
C004BF6C
C00554B7
C005F09B
C0069368
C0073D74
C007EF17
C008A8B0
C0096AA3
C00A3556
C00B093A
C00BE6C0
C00CCE65
C00DC0A7
C00EBE10
C00FC72E
C010DC98
C011FEED
C0132ED5
C0146D00
C015BA29
C0171715
C0188491
C01A0378
C01B94AF
C01D3929
C01EF1E3
C020BFE8
C022A453
C024A049
C026B502
C028E3C1
C02B2DDC
C02D94B6
C03019C4
C032BE89
C035849B
C0386D9E
C03B7B47
C03EAF58
C0420BA5
C045920E
C0494480
C04D24F4
C051356B
C05577F0
C059EE92
C05E9B61
C063806E
C0689FC6
C06DFB6D
C073955B
C0796F78
C07F8B94
C082F5B4
C0864845
C089BE36
C08D582B
C09116B2
C094FA3D
C0990323
C09D319C
C0A185C2
C0A5FF8C
C0AA9ED1
C0AF6344
C0B44C78
C0B959DB
C0BE8ABB
C0C3DE47
C0C9538C
C0CEE97F
C0D49EF6
C0DA72B1
C0E0635A
C0E66F87
C0EC95BF
C0F2D477
C0F92A1D
C0FF9513
C10309DA
C1065229
C109A2A1
C10CFA67
C11058A2
C113BC76
C1172508
C11A917B
C11E00F3
C1217290
C124E574
C12858BD
C12BCB86
C12F3CE9
C132ABF9
C13617C8
C1397F60
C13CE1C7
C1403DFC
C14392F9
C146DFB3
C14A2316
C14D5C0D
C150897E
C153AA4F
C156BD66
C159C1AE
C15CB61B
C15F99AB
C1626B6D
C1652A84
C167D62D
C16A6DC2
C16CF0BF
C16F5EC2
C171B791
C173FB17
C1762966
C17842B9
C17A4769
C17C37F3
C17E14EF
C17FDF0B
C180CB85
C1819EDE
C18269FF
C1832D58
C183E959
C1849E73
C1854D14
C185F5A7
C1869894
C187363D
C187CEFE
C1886330
C188F325
C1897F29
C18A0785
C18A8C7B
C18B0E47
C18B8D24
C18C0945
C18C82DB
C18CFA12
C18D6F13
C18DE204
C18E5307
C18EC23E
C18F2FC4
C18F9BB6
C190062D
C1906F40
C190D704
C1913D8E
C191A2EF
C1920739
C1926A7C
C192CCC7
C1932E26
C1938EA8
C193EE59
C1944D42
C194AB6F
C19508EA
C19565BB
C195C1EC
C1961D84
C196788B
C196D308
C1972D02
C197867F
C197DF85
C1983819
C1989042
C198E804
C1993F64
C1999666
C199ED0F
C19A4362
C19A9964
C19AEF18
C19B4481
C19B99A3
C19BEE82
C19C431F
C19C977D
C19CEBA1
C19D3F8B
C19D933F
C19DE6BE
C19E3A0B
C19E8D28
C19EE018
C19F32DB
C19F8574
C19FD7E4
C1A02A2E
C1A07C53
BFF75143
BFF78296
BFF7B5E8
BFF7EB4B
BFF822D8
BFF85CA4
BFF898C8
BFF8D75C
BFF9187C
BFF95C41
BFF9A2CA
BFF9EC32
BFFA389A
BFFA8822
BFFADAEC
BFFB311B
BFFB8AD4
BFFBE83F
BFFC4983
BFFCAECB
BFFD1843
BFFD861A
BFFDF880
BFFE6FA7
BFFEEBC6
BFFF6D13
BFFFF3C8
C0004012
C0008932
C000D567
C00124D3
C001779B
C001CDE6
C00227DC
C00285A8
C002E775
C0034D74
C003B7D4
C00426C9
C0049A8A
C0051350
C0059155
C00614D9
C0069E1E
C0072D69
C007C303
C0085F3A
C009025D
C009ACC1
C00A5EC1
C00B18BB
C00BDB12
C00CA62E
C00D7A7E
C00E5875
C00F408F
C010334C
C0113134
C0123AD7
C01350CB
C01473AF
C015A42D
C016E2F3
C01830BF
C0198E52
C01AFC7E
C01C7C1C
C01E0E12
C01FB352
C0216CDB
C0233BB8
C0252103
C0271DE3
C029338F
C02B634D
C02DAE70
C030165F
C0329C8C
C035427E
C03809C9
C03AF413
C03E0310
C0413885
C0449645
C0481E32
C04BD238
C04FB452
C053C683
C0580AD5
C05C8358
C061321E
C066193A
C06B3AB8
C070989F
C07634E7
C07C117A
C0811815
C0844958
C0879D53
C08B14BF
C08EB043
C092706B
C09655AB
C09A605C
C09E90B7
C0A2E6D7
C0A762B6
C0AC042A
C0B0CAEB
C0B5B68B
C0BAC67B
C0BFFA0B
C0C5506D
C0CAC8B1
C0D061CC
C0D61A9A
C0DBF1DD
C0E1E643
C0E7F666
C0EE20D0
C0F463FD
C0FABE5E
C100972D
C103D92A
C1072453
C10A77D4
C10DD2D8
C1113489
C1149C11
C118089A
C11B794C
C11EED52
C12263D4
C125DBF9
C12954E7
C12CCDC5
C13045B2
C133BBCE
C1372F34
C13A9EF9
C13E0A2D
C1416FDD
C144CF0B
C14826B8
C14B75DA
C14EBB64
C151F645
C1552567
C15847B2
C15B5C11
C15E6174
C16156CE
C1643B24
C1670D86
C169CD1C
C16C7925
C16F10FE
C1719425
C174023D
C1765B0D
C1789E83
C17ACCB6
C17CE5DF
C17EEA5D
C1806D57
C1815BB5
C18240A2
C1831C7F
C183EFB5
C184BAB3
C1857DE9
C18639C8
C186EEC2
C1879D43
C18845B9
C188E889
C1898616
C18A1EBE
C18AB2D8
C18B42B6
C18BCEA5
C18C56ED
C18CDBD0
C18D5D8B
C18DDC58
C18E586A
C18ED1F1
C18F491B
C18FBE0F
C19030F4
C190A1ED
C1911119
C1917E96
C191EA7F
C19254EE
C192BDF9
C19325B5
C1938C38
C193F192
C19455D6
C194B913
C1951B58
C1957CB3
C195DD30
C1963CDB
C1969BC0
C196F9E9
C1975760
C197B42D
C198105A
C1986BEF
C198C6F2
C199216C
C1997B63
C199D4DD
C19A2DE1
C19A8673
C19ADE99
C19B3659
C19B8DB7
C19BE4B7
C19C3B5D
C19C91AF
C19CE7AE
C19D3D61
C19D92C8
C19DE7E9
C19E3CC6
C19E9161
C19EE5BF
C19F39E1
C19F8DC9
C19FE17C
C1A034FA
C1A08846
C1A0DB62
C1A12E50
C1A18113
C1A1D3AB
C1A2261A
C1A27863
BFFC2178
BFFC52E7
BFFC8655
BFFCBBD7
BFFCF382
BFFD2D6E
BFFD69B4
BFFDA86B
BFFDE9AF
BFFE2D9A
BFFE7449
BFFEBDDA
BFFF0A6C
BFFF5A20
BFFFAD18
C00001BB
C0002EB0
C0005D7F
C0008E3C
C000C0FC
C000F5D4
C0012CDE
C0016630
C001A1E4
C001E015
C00220DE
C002645D
C002AAB0
C002F3F8
C0034056
C0038FEC
C003E2E0
C0043959
C004937E
C004F17C
C005537D
C005B9B1
C0062449
C0069378
C0070775
C0078079
C007FEC0
C0088288
C0090C13
C0099BA7
C00A318E
C00ACE13
C00B7189
C00C1C43
C00CCE9C
C00D88F3
C00E4BAA
C00F172B
C00FEBE3
C010CA47
C011B2D2
C012A605
C013A468
C014AE8A
C015C502
C016E871
C018197E
C01958DB
C01AA742
C01C0578
C01D744D
C01EF49B
C0208748
C0222D47
C023E797
C025B743
C0279D66
C0299B27
C02BB1BD
C02DE26F
C0302E91
C0329789
C0351ECB
C037C5DD
C03A8E55
C03D79D9
C0408A1D
C043C0E7
C047200C
C04AA96C
C04E5EF7
C05242A6
C056567E
C05A9C8A
C05F16DA
C063C783
C068B097
C06DD425
C0733433
C078D2BC
C07EB1AA
C0826969
C0859BF6
C088F14B
C08C6A22
C0900722
C093C8D8
C097AFBB
C09BBC22
C09FEE49
C0A4464C
C0A8C426
C0AD67B0
C0B230A2
C0B71E90
C0BC30ED
C0C1670D
C0C6C020
C0CC3B3B
C0D1D756
C0D7934F
C0DD6DEB
C0E365DB
C0E979BD
C0EFA81F
C0F5EF81
C0FC4E59
C101618A
C104A60C
C107F3E3
C10B4A3F
C10EA84F
C1120D40
C1157841
C118E880
C11C5D2C
C11FD575
C1235087
C126CD94
C12A4BC8
C12DCA50
C1314856
C134C502
C1383F79
C13BB6DC
C13F2A44
C14298C8
C1460179
C149635F
C14CBD7D
C1500ED1
C1535650
C15692EC
C159C393
C15CE733
C15FFCB8
C1630315
C165F942
C168DE45
C16BB132
C16E7134
C1711D8D
C173B59C
C17638E3
C178A706
C17AFFCF
C17D4330
C17F7141
C180C51F
C181C744
C182BF4E
C183AD8D
C1849258
C1856E13
C1864127
C1870C03
C187CF17
C1888AD5
C1893FAE
C189EE12
C18A966A
C18B391E
C18BD691
C18C6F20
C18D0323
C18D92EB
C18E1EC6
C18EA6FB
C18F2BCB
C18FAD76
C1902C33
C190A836
C19121B0
C19198CC
C1920DB5
C192808F
C192F17D
C193609F
C193CE13
C19439F4
C194A45A
C1950D5D
C1957512
C195DB8E
C19640E2
C196A520
C1970858
C1976A97
C197CBED
C1982C65
C1988C0C
C198EAEC
C1994911
C199A684
C19A034E
C19A5F77
C19ABB09
C19B1609
C19B7080
C19BCA74
C19C23EB
C19C7CEC
C19CD57C
C19D2DA0
C19D855D
C19DDCB9
C19E33B7
C19E8A5B
C19EE0AB
C19F36A9
C19F8C5A
C19FE1C0
C1A036DF
C1A08BBA
C1A0E054
C1A134B0
C1A188D1
C1A1DCB8
C1A2306A
C1A283E7
C1A2D732
C1A32A4D
C1A37D3A
C1A3CFFB
C1A42292
C1A47501
C000794E
C0009213
C000ABD8
C000C6A7
C000E28C
C000FF91
C0011DC4
C0013D31
C0015DE4
C0017FEB
C001A356
C001C832
C001EE90
C002167F
C0024010
C0026B56
C0029863
C002C74B
C002F821
C0032AFB
C0035FF0
C0039716
C003D086
C0040C59
C0044AAA
C0048B95
C004CF37
C00515AF
C0055F1D
C005ABA1
C005FB61
C0064E7F
C006A524
C006FF78
C0075DA4
C007BFD7
C008263F
C008910C
C0090074
C00974AB
C009EDEB
C00A6C70
C00AF07A
C00B7A49
C00C0A24
C00CA053
C00D3D25
C00DE0EA
C00E8BF7
C00F3EA6
C00FF956
C010BC6A
C011884C
C0125D69
C0133C36
C014252E
C01518D2
C01617AA
C0172247
C0183940
C0195D33
C01A8ECB
C01BCEB8
C01D1DB5
C01E7C87
C01FEBFF
C0216CF6
C0230053
C024A70A
C0266219
C028328C
C02A197E
C02C1818
C02E2F8F
C030612C
C032AE42
C0351839
C037A085
C03A48AC
C03D1245
C03FFEF6
C0431075
C0464887
C049A901
C04D33C6
C050EAC5
C054CFFA
C058E567
C05D2D1B
C061A927
C0665B9E
C06B4696
C0706C1C
C075CE3B
C07B6EEC
C080A80E
C083B9D0
C086ED9A
C08A443A
C08DBE6C
C0915CD7
C095200A
C099087B
C09D1685
C0A14A64
C0A5A434
C0AA23F2
C0AEC979
C0B39481
C0B884A1
C0BD994E
C0C2D1DC
C0C82D7F
C0CDAB4D
C0D34A41
C0D9093C
C0DEE704
C0E4E24F
C0EAF9BD
C0F12BE0
C0F7773C
C0FDDA4B
C10229C0
C10570A2
C108C100
C10C1A0D
C10F7AFA
C112E2F8
C116513B
C119C4F6
C11D3D5B
C120B99F
C12438F8
C127BA99
C12B3DB8
C12EC189
C132453E
C135C808
C1394914
C13CC78D
C1404299
C143B957
C1472AE4
C14A9653
C14DFAB4
C151570C
C154AA5D
C157F3A1
C15B31CD
C15E63D4
C16188A4
C1649F30
C167A66B
C16A9D51
C16D82EC
C1705651
C17316AE
C175C348
C1785B81
C17ADEDD
C17D4D03
C17FA5BF
C180F483
C1820B78
C18317DF
C18419E9
C18511D6
C185FFF4
C186E49E
C187C037
C1889329
C1895DE3
C18A20D6
C18ADC74
C18B912E
C18C3F74
C18CE7B0
C18D8A49
C18E27A3
C18EC01A
C18F5406
C18FE3B9
C1906F80
C190F7A2
C1917C62
C191FDFC
C1927CAA
C192F89F
C193720B
C193E91C
C1945DF9
C194D0C8
C19541AC
C195B0C5
C1961E30
C1968A08
C196F466
C1975D62
C197C511
C1982B86
C19890D4
C198F50C
C199583E
C199BA78
C19A1BC9
C19A7C3C
C19ADBDF
C19B3ABB
C19B98DC
C19BF64B
C19C5312
C19CAF38
C19D0AC6
C19D65C3
C19DC037
C19E1A29
C19E739D
C19ECC9C
C19F2529
C19F7D4B
C19FD506
C1A02C60
C1A0835B
C1A0D9FE
C1A1304C
C1A18648
C1A1DBF7
C1A2315C
C1A28679
C1A2DB53
C1A32FEC
C1A38447
C1A3D866
C1A42C4D
C1A47FFD
C1A4D379
C1A526C2
C1A579DD
C1A5CCC9
C1A61F89
C1A6721F
C002E254
C002FB25
C00314F7
C0032FD4
C0034BC8
C00368DC
C003871F
C003A69B
C003C75F
C003E978
C0040CF5
C00431E4
C0045855
C0048058
C004A9FF
C004D55B
C005027F
C005317E
C005626D
C0059561
C005CA71
C00601B2
C0063B3F
C0067730
C006B5A1
C006F6AC
C0073A70
C007810B
C007CA9D
C0081747
C008672E
C008BA75
C0091145
C0096BC4
C009CA1F
C00A2C82
C00A931B
C00AFE1C
C00B6DB9
C00BE228
C00C5BA3
C00CDA65
C00D5EAC
C00DE8BD
C00E78DC
C00F0F52
C00FAC6E
C010507F
C010FBDB
C011AEDD
C01269E3
C0132D51
C013F98F
C014CF0D
C015AE3F
C01697A0
C0178BB1
C0188AFB
C019960E
C01AAD82
C01BD1F6
C01D0412
C01E448A
C01F9417
C020F380
C0226394
C023E52E
C0257935
C027209C
C028DC63
C02AAD96
C02C954F
C02E94B8
C030AD09
C032DF87
C0352D89
C0379874
C03A21C0
C03CCAF1
C03F95A0
C0428372
C045961E
C048CF6B
C04C312E
C04FBD4A
C05375AE
C0575C58
C05B734B
C05FBC96
C0643A4A
C068EE7D
C06DDB43
C07302AF
C07866C7
C07E0989
C081F671
C0850955
C0883E4E
C08B962B
C08F11A8
C092B16E
C096760E
C09A5FFD
C09E6F96
C0A2A518
C0A700A0
C0AB822C
C0B02998
C0B4F69E
C0B9E8D5
C0BEFFB6
C0C43A94
C0C998A7
C0CF1906
C0D4BAAF
C0DA7C84
C0E05D4F
C0E65BC8
C0EC7693
C0F2AC44
C0F8FB63
C0FF626F
C102EFEF
C106390F
C1098BCF
C10CE764
C1104B02
C113B5E0
C1172732
C11A9E31
C11E1A14
C1219A13
C1251D6B
C128A354
C12C2B0B
C12FB3CA
C1333CCC
C136C549
C13A4C77
C13DD18A
C14153B2
C144D219
C1484BE6
C14BC038
C14F2E29
C15294CB
C155F329
C1594848
C15C9325
C15FD2BB
C16305FC
C1662BDE
C1694352
C16C4B52
C16F42DB
C17228F8
C174FCC4
C177BD6D
C17A6A3C
C17D0294
C17F85FC
C180FA0F
C1822663
C18347F7
C1845ED8
C1856B26
C1866D13
C18764E2
C18852E0
C1893769
C18A12E0
C18AE5B1
C18BB04A
C18C731C
C18D2E9B
C18DE337
C18E9160
C18F3981
C18FDC00
C1907941
C19111A1
C191A577
C1923516
C192C0CA
C19348DA
C193CD89
C1944F14
C194CDB3
C195499A
C195C2FA
C19639FF
C196AED0
C1972195
C1979270
C198017F
C1986EE2
C198DAB2
C1994509
C199ADFD
C19A15A5
C19A7C14
C19AE15C
C19B458F
C19BA8BB
C19C0AF1
C19C6C3D
C19CCCAC
C19D2C4A
C19D8B23
C19DE940
C19E46AB
C19EA36E
C19EFF91
C19F5B1C
C19FB617
C1A01088
C1A06A77
C1A0C3E9
C1A11CE5
C1A17570
C1A1CD90
C1A22549
C1A27CA0
C1A2D39A
C1A32A3B
C1A38087
C1A3D682
C1A42C2F
C1A48192
C1A4D6AE
C1A52B87
C1A5801E
C1A5D478
C1A62896
C1A67C7B
C1A6D02A
C1A723A5
C1A776EE
C1A7CA07
C1A81CF2
C1A86FB2
C0054BC8
C00564A6
C0057E85
C0059970
C005B571
C005D294
C005F0E5
C0061071
C0063145
C006536F
C00676FD
C0069BFE
C006C282
C006EA99
C0071455
C0073FC6
C0076D00
C0079C16
C007CD1D
C008002A
C0083553
C0086CAF
C008A658
C008E266
C00920F4
C009621F
C009A603
C009ECBF
C00A3674
C00A8343
C00AD350
C00B26BF
C00B7DB7
C00BD862
C00C36E9
C00C9979
C00D0042
C00D6B76
C00DDB46
C00E4FEB
C00EC99E
C00F489A
C00FCD1E
C010576D
C010E7CE
C0117E88
C0121BEA
C012C045
C0136BEE
C0141F40
C014DA99
C0159E5D
C0166AF5
C01740D0
C0182063
C0190A29
C019FEA3
C01AFE5A
C01C09DF
C01D21C9
C01E46B8
C01F7955
C020BA52
C0220A6A
C0236A63
C024DB0D
C0265D44
C027F1EF
C0299A00
C02B5677
C02D2862
C02F10DC
C031110D
C0332A2D
C0355D84
C037AC68
C03A183F
C03CA280
C03F4CB1
C042186A
C0450753
C0481B21
C04B559C
C04EB89A
C05245FF
C055FFBB
C059E7CA
C05E0033
C0624B04
C066CA4F
C06B802C
C0706EAF
C07597EA
C07AFDE7
C0805153
C0834408
C0865801
C0898E1B
C08CE728
C09063E3
C09404F5
C097CAF1
C09BB64C
C09FC764
C0A3FE77
C0A85BA3
C0ACDEE8
C0B18822
C0B6570E
C0BB4B44
C0C0643D
C0C5A14F
C0CB01B4
C0D08484
C0D628C0
C0DBED4A
C0E1D0F2
C0E7D26F
C0EDF069
C0F42978
C0FA7C28
C100737D
C103B433
C106FF71
C10A5471
C10DB268
C1111891
C1148621
C117FA54
C11B7464
C11EF38D
C122770D
C125FE22
C129880D
C12D140F
C130A169
C1342F5C
C137BD29
C13B4A0E
C13ED547
C1425E0D
C145E396
C1496511
C14CE1A9
C1505883
C153C8BC
C157316B
C15A919F
C15DE85F
C16134AE
C1647588
C167A9E4
C16AD0B8
C16DE8FB
C170F1A8
C173E9BF
C176D04D
C179A46F
C17C6557
C17F124E
C180D55E
C1821714
C1834E1F
C1847A67
C1859BE9
C186B2B4
C187BEE8
C188C0B9
C189B869
C18AA647
C18B8AB0
C18C6606
C18D38B6
C18E032E
C18EC5E1
C18F8141
C19035C0
C190E3CD
C1918BD3
C1922E39
C192CB63
C19363AC
C193F76D
C19486F8
C195129A
C1959A99
C1961F38
C196A0B4
C1971F44
C1979B1F
C1981472
C1988B6B
C1990033
C19972ED
C199E3BE
C19A52C5
C19AC01F
C19B2BE8
C19B9637
C19BFF25
C19C66C7
C19CCD30
C19D3272
C19D969F
C19DF9C7
C19E5BF7
C19EBD3F
C19F1DAA
C19F7D44
C19FDC19
C1A03A32
C1A0979A
C1A0F45A
C1A1507A
C1A1AC02
C1A206F9
C1A26168
C1A2BB54
C1A314C4
C1A36DBE
C1A3C647
C1A41E64
C1A4761B
C1A4CD71
C1A52469
C1A57B08
C1A5D153
C1A6274C
C1A67CF7
C1A6D259
C1A72774
C1A77C4B
C1A7D0E1
C1A8253A
C1A87957
C1A8CD3B
C1A920E9
C1A97462
C1A9C7AA
C1AA1AC3
C1AA6DAD
C007B5A8
C007CE92
C007E87D
C0080374
C0081F83
C0083CB4
C0085B13
C0087AAF
C0089B92
C008BDCD
C008E16B
C009067E
C0092D14
C009553E
C0097F0D
C009AA93
C009D7E2
C00A070E
C00A382C
C00A6B51
C00AA092
C00AD809
C00B11CC
C00B4DF6
C00B8CA1
C00BCDEA
C00C11ED
C00C58CA
C00CA2A1
C00CEF93
C00D3FC4
C00D9359
C00DEA79
C00E454D
C00EA3FE
C00F06BB
C00F6DB2
C00FD915
C0104918
C010BDF1
C01137D9
C011B70D
C0123BCC
C012C658
C01356F7
C013EDF3
C0148B9A
C015303B
C015DC2E
C0168FCD
C0174B75
C0180F8C
C018DC7A
C019B2AF
C01A92A0
C01B7CC7
C01C71A6
C01D71C7
C01E7DB9
C01F9615
C020BB7A
C021EE93
C0233010
C02480AE
C025E132
C027526D
C028D53A
C02A6A82
C02C1336
C02DD058
C02FA2F4
C0318C26
C0338D17
C035A700
C037DB27
C03A2AE4
C03C979E
C03F22CA
C041CDF2
C0449AAB
C0478A9E
C04A9F83
C04DDB21
C0513F4D
C054CDEE
C05888F3
C05C725A
C0608C2A
C064D871
C0695943
C06E10B8
C07300E5
C0782BDD
C07D93AC
C0819D27
C08490DB
C087A5DD
C08ADD0D
C08E373C
C091B527
C0955778
C0991EC0
C09D0B78
C0A11DFD
C0A5568E
C0A9B54C
C0AE3A36
C0B2E52A
C0B7B5E5
C0BCAC02
C0C1C6FA
C0C70626
C0CC68BF
C0D1EDE3
C0D79490
C0DD5BAE
C0E3420D
C0E94668
C0EF6768
C0F5A3A8
C0FBF9B8
C101340D
C10476A7
C107C3E6
C10B1B05
C10E7B3D
C111E3C9
C11553E5
C118CACD
C11C47BF
C11FC9FB
C12350C2
C126DB59
C12A6904
C12DF90A
C1318AB1
C1351D42
C138B004
C13C423C
C13FD330
C1436220
C146EE4C
C14A76ED
C14DFB39
C1517A5E
C154F386
C15865D3
C15BD05E
C15F323B
C1628A75
C165D810
C1691A0D
C16C4F65
C16F7711
C172900B
C175994E
C17891E0
C17B78CE
C17E4D39
C1808729
C181DDB4
C18329F1
C1846BA5
C185A2A8
C186CEE2
C187F051
C1890704
C18A131E
C18B14D2
C18C0C63
C18CFA21
C18DDE69
C18EB99F
C18F8C2E
C1905687
C191191C
C191D45E
C19288C1
C19336B2
C193DE9E
C19480EC
C1951DFF
C195B633
C19649DF
C196D957
C19764E7
C197ECD6
C1987165
C198F2D2
C1997156
C199ED23
C19A666B
C19ADD59
C19B5216
C19BC4C7
C19C358F
C19CA48E
C19D11E0
C19D7DA1
C19DE7E9
C19E50D1
C19EB86C
C19F1ECF
C19F840C
C19FE834
C1A04B57
C1A0AD83
C1A10EC6
C1A16F2D
C1A1CEC3
C1A22D94
C1A28BAA
C1A2E90F
C1A345CB
C1A3A1E8
C1A3FD6D
C1A45862
C1A4B2CE
C1A50CB8
C1A56626
C1A5BF1D
C1A617A4
C1A66FBF
C1A6C775
C1A71EC8
C1A775BF
C1A7CC5C
C1A822A5
C1A8789D
C1A8CE47
C1A923A7
C1A978C1
C1A9CD96
C1AA222C
C1AA7683
C1AACA9F
C1AB1E82
C1AB722F
C1ABC5A7
C1AC18EE
C1AC6C06
C00A1FEF
C00A38E4
C00A52DB
C00A6DDF
C00A89FA
C00AA739
C00AC5A6
C00AE550
C00B0643
C00B288C
C00B4C3C
C00B715F
C00B9807
C00BC043
C00BEA25
C00C15BE
C00C4322
C00C7263
C00CA397
C00CD6D3
C00D0C2C
C00D43BC
C00D7D99
C00DB9DD
C00DF8A5
C00E3A0A
C00E7E2C
C00EC528
C00F0F1F
C00F5C34
C00FAC88
C0100041
C0105787
C010B282
C011115D
C0117444
C011DB68
C01246F9
C012B72C
C0132C37
C013A653
C01425BD
C014AAB4
C015357A
C015C656
C0165D91
C016FB79
C017A05F
C0184C99
C0190081
C019BC77
C01A80DE
C01B4E1F
C01C24AB
C01D04F5
C01DEF79
C01EE4BA
C01FE540
C020F19C
C0220A65
C023303D
C02463CC
C025A5C4
C026F6E3
C02857ED
C029C9B3
C02B4D12
C02CE2F0
C02E8C41
C0304A07
C0321D4D
C0340731
C03608DB
C0382384
C03A5874
C03CA901
C03F1694
C041A2A4
C0444EB7
C0471C67
C04A0D5B
C04D234B
C0505FFF
C053C54F
C057551F
C05B1160
C05EFC12
C063173A
C06764E8
C06BE731
C070A02D
C07591F3
C07ABE96
C0801411
C082E84B
C085DCF2
C088F2F2
C08C2B2D
C08F8671
C093057F
C096A900
C09A7187
C09E5F8C
C0A2736E
C0A6AD6E
C0AB0DAB
C0AF9426
C0B440C0
C0B91335
C0BE0B22
C0C32802
C0C8692E
C0CDCDE3
C0D3553C
C0D8FE3D
C0DEC7CF
C0E4B0C2
C0EAB7D5
C0F0DBB4
C0F71AFC
C0FD743E
C101F301
C1053765
C1088688
C10BDFA8
C10F4200
C112ACCE
C1161F50
C11998C4
C11D186C
C1209D8C
C1242768
C127B548
C12B4677
C12EDA3F
C1326FED
C13606CE
C1399E30
C13D3560
C140CBAA
C1446058
C147F2B2
C14B81FA
C14F0D70
C152944E
C15615C7
C1599108
C15D0537
C1607172
C163D4CF
C1672E5D
C16A7D23
C16DC024
C170F65C
C1741EC8
C1773862
C17A4229
C17D3B24
C1801132
C1817B85
C182DC25
C18432BA
C1857EF9
C186C0A9
C187F7A0
C18923CA
C18A4524
C18B5BBF
C18C67BE
C18D6955
C18E60C7
C18F4E66
C190328D
C1910DA3
C191E013
C192AA4D
C1936CC3
C19427E9
C194DC30
C1958A07
C19631DA
C196D411
C197710D
C198092C
C1989CC5
C1992C2B
C199B7AA
C19A3F88
C19AC409
C19B4568
C19BC3DE
C19C3FA0
C19CB8DC
C19D2FC0
C19DA473
C19E171B
C19E87DA
C19EF6D0
C19F641B
C19FCFD5
C1A03A16
C1A0A2F7
C1A10A8D
C1A170EA
C1A1D622
C1A23A45
C1A29D63
C1A2FF8B
C1A360CA
C1A3C12C
C1A420BF
C1A47F8C
C1A4DD9F
C1A53B01
C1A597BA
C1A5F3D4
C1A64F57
C1A6AA49
C1A704B3
C1A75E9A
C1A7B805
C1A810FB
C1A8697F
C1A8C199
C1A9194C
C1A9709E
C1A9C793
C1AA1E2F
C1AA7476
C1AACA6C
C1AB2015
C1AB7574
C1ABCA8C
C1AC1F61
C1AC73F5
C1ACC84B
C1AD1C66
C1AD7048
C1ADC3F4
C1AE176B
C1AE6AB2
C00C8A99
C00CA39A
C00CBD9C
C00CD8AC
C00CF4D3
C00D121F
C00D309A
C00D5051
C00D7153
C00D93AB
C00DB76A
C00DDC9E
C00E0356
C00E2BA4
C00E5598
C00E8145
C00EAEBC
C00EDE12
C00F0F5B
C00F42AD
C00F781E
C00FAFC5
C00FE9BB
C0102619
C01064FB
C010A67D
C010EABB
C01131D6
C0117BEC
C011C921
C0121997
C0126D74
C012C4DE
C0131FFF
C0137F02
C013E213
C0144961
C014B51F
C0152580
C0159ABB
C0161509
C01694A7
C01719D4
C017A4D2
C01835E9
C018CD61
C0196B88
C01A10B0
C01ABD2E
C01B715D
C01C2D9D
C01CF250
C01DBFE2
C01E96C0
C01F7761
C0206240
C02157DE
C02258C6
C0236587
C0247EB9
C025A4FF
C026D900
C0281B70
C0296D0A
C02ACE95
C02C40E1
C02DC4CB
C02F5B3A
C0310523
C032C386
C0349770
C03681FE
C038845A
C03A9FBC
C03CD56D
C03F26C3
C0419527
C0442211
C046CF07
C0499DA3
C04C8F8E
C04FA67F
C052E43F
C0564AA6
C059DB99
C05D990A
C06184F8
C065A16B
C069F072
C06E7423
C0732E96
C07821E4
C07D5020
C0815DAC
C08432C5
C0872855
C08A3F49
C08D7882
C090D4D1
C09454F6
C097F99A
C09BC351
C09FB296
C0A3C7C6
C0A80323
C0AC64CE
C0B0ECCA
C0B59AF6
C0BA6F12
C0BF68BA
C0C4876A
C0C9CA7F
C0CF3134
C0D4BAA9
C0DA65E2
C0E031C8
C0E61D2F
C0EC26D8
C0F24D71
C0F88F98
C0FEEBE3
C102B06E
C105F683
C1094771
C10CA276
C11006D1
C11373C0
C116E884
C11A645F
C11DE695
C1216E6C
C124FB2D
C1288C24
C12C209E
C12FB7EB
C133515D
C136EC47
C13A87FC
C13E23CF
C141BF14
C145591B
C148F136
C14C86B0
C15018D1
C153A6DD
C1573013
C15AB3AA
C15E30D3
C161A6B8
C1651479
C1687930
C16BD3F0
C16F23C2
C17267AA
C1759EAA
C178C7BE
C17BE1E5
C17EEC1E
C180F2B9
C182667B
C183D0E5
C1853194
C186882F
C187D46D
C1891615
C18A4D00
C18B7918
C18C9A5C
C18DB0DE
C18EBCC1
C18FBE3A
C190B58E
C191A30D
C1928715
C193620C
C194345D
C194FE78
C195C0D1
C1967BDB
C1973007
C197DDC5
C1988580
C19927A0
C199C486
C19A5C91
C19AF017
C19B7F6C
C19C0ADA
C19C92A9
C19D171B
C19D986D
C19E16D7
C19E928C
C19F0BBE
C19F8297
C19FF740
C1A069DF
C1A0DA96
C1A14985
C1A1B6C8
C1A2227B
C1A28CB7
C1A2F592
C1A35D21
C1A3C379
C1A428AC
C1A48CCA
C1A4EFE4
C1A55207
C1A5B342
C1A613A1
C1A67330
C1A6D1FA
C1A73009
C1A78D68
C1A7EA1E
C1A84636
C1A8A1B5
C1A8FCA5
C1A9570D
C1A9B0F2
C1AA0A5B
C1AA634E
C1AABBD1
C1AB13E9
C1AB6B9A
C1ABC2EA
C1AC19DE
C1AC7078
C1ACC6BE
C1AD1CB3
C1AD725A
C1ADC7B8
C1AE1CCF
C1AE71A2
C1AEC635
C1AF1A8A
C1AF6EA3
C1AFC285
C1B01630
C1B069A7
C00EF5A3
C00F0EAE
C00F28BC
C00F43D7
C00F600B
C00F7D62
C00F9BEA
C00FBBAF
C00FDCBF
C00FFF26
C01022F4
C0104837
C0106F00
C010975F
C010C164
C010ED23
C0111AAD
C0114A17
C0117B75
C011AEDC
C011E462
C0121C21
C012562E
C01292A6
C012D1A2
C013133E
C0135799
C0139ED0
C013E905
C0143659
C01486F0
C014DAEF
C015327D
C0158DC2
C015ECEB
C0165023
C016B79B
C0172383
C0179411
C018097A
C01883F8
C01903C8
C0198929
C01A145E
C01AA5AD
C01B3D5F
C01BDBC3
C01C812A
C01D2DEB
C01DE25E
C01E9EE5
C01F63E3
C02031C1
C02108F0
C021E9E4
C022D519
C023CB12
C024CC57
C025D97A
C026F312
C02819C1
C0294E30
C02A9112
C02BE324
C02D452A
C02EB7F8
C0303C68
C031D363
C0337DDD
C0353CD7
C037115F
C038FC91
C03AFF98
C03D1BAC
C03F5216
C041A42D
C044135A
C046A115
C0494EE6
C04C1E65
C04F113C
C0522924
C05567E6
C058CF59
C05C6164
C0601FF9
C0640D17
C0682AC6
C06C7B18
C0710023
C075BBFE
C07AB0C4
C07FE089
C082A6AD
C0857C9D
C088730C
C08B8AEA
C08EC517
C0922265
C095A394
C099494F
C09D142A
C0A1049F
C0A51B0F
C0A957BA
C0ADBAC4
C0B2442F
C0B6F3DC
C0BBC98A
C0C0C4D9
C0C5E546
C0CB2A2C
C0D092CA
C0D61E41
C0DBCB96
C0E199B4
C0E78771
C0ED9390
C0F3BCBF
C0FA01A1
C1003067
C1036C68
C106B418
C10A06B8
C10D6388
C110C9C9
C11438BC
C117AFA2
C11B2DC1
C11EB25F
C1223CC4
C125CC3E
C129601C
C12CF7AE
C1309248
C1342F41
C137CDF1
C13B6DB0
C13F0DD8
C142ADC2
C1464CC8
C149EA3F
C14D857D
C1511DD3
C154B28E
C15842F7
C15BCE4F
C15F53D3
C162D2B6
C1664A27
C169B948
C16D1F38
C1707B09
C173CBCA
C1771081
C17A4831
C17D71D9
C180463D
C181CB8A
C183485B
C184BC38
C18626B4
C187876D
C188DE0B
C18A2A45
C18B6BE2
C18CA2BE
C18DCEC2
C18EEFF0
C1900658
C191121F
C192137B
C1930AB0
C193F810
C194DBF9
C195B6D1
C1968904
C1975302
C198153F
C198D02D
C199843F
C19A31E4
C19AD988
C19B7B91
C19C1863
C19CB05B
C19D43CF
C19DD312
C19E5E70
C19EE630
C19F6A95
C19FEBD9
C1A06A37
C1A0E5E2
C1A15F09
C1A1D5D8
C1A24A78
C1A2BD0F
C1A32DBE
C1A39CA5
C1A409E1
C1A4758D
C1A4DFC2
C1A54898
C1A5B022
C1A61675
C1A67BA3
C1A6DFBC
C1A742D1
C1A7A4F1
C1A80628
C1A86683
C1A8C60E
C1A924D5
C1A982E1
C1A9E03D
C1AA3CF1
C1AA9905
C1AAF483
C1AB4F70
C1ABA9D5
C1AC03B8
C1AC5D1F
C1ACB610
C1AD0E91
C1AD66A7
C1ADBE57
C1AE15A6
C1AE6C97
C1AEC330
C1AF1975
C1AF6F68
C1AFC50E
C1B01A6B
C1B06F80
C1B0C453
C1B118E4
C1B16D38
C1B1C151
C1B21531
C1B268DB
C011610A
C0117A1F
C0119437
C011AF5E
C011CB9D
C011E900
C0120795
C0122767
C0124883
C0126AF9
C0128ED5
C012B427
C012DB00
C013036F
C0132D85
C0135956
C01386F2
C013B66F
C013E7E0
C0141B5C
C01450F8
C01488CC
C014C2F1
C014FF81
C0153E96
C015804C
C015C4C2
C0160C15
C0165667
C016A3D9
C016F490
C01748AF
C017A05F
C017FBC8
C0185B15
C018BE74
C0192613
C0199225
C01A02DD
C01A7873
C01AF320
C01B7320
C01BF8B3
C01C841C
C01D15A1
C01DAD8C
C01E4C2A
C01EF1CE
C01F9ECE
C0205383
C021104E
C021D593
C022A3BC
C0237B38
C0245C7C
C0254805
C0263E55
C0273FF4
C0284D75
C029676F
C02A8E83
C02BC35C
C02D06AD
C02E5930
C02FBBAE
C0312EF8
C032B3E9
C0344B6A
C035F670
C037B5FC
C0398B1B
C03B76EB
C03D7A96
C03F9755
C041CE71
C0442143
C0469131
C0491FB5
C04BCE57
C04E9EB1
C051926C
C054AB41
C057EAFA
C05B536F
C05EE686
C062A633
C0669475
C06AB356
C06F04E5
C0738B3B
C0784870
C07D3E9E
C08137EE
C083EF1B
C086C5D8
C089BD1E
C08CD5DB
C09010F2
C0936F34
C096F163
C09A9829
C09E641B
C0A255B5
C0A66D56
C0AAAB41
C0AF0F9A
C0B39A63
C0B84B80
C0BD22B0
C0C21F92
C0C741A6
C0CC8849
C0D1F2BA
C0D7801A
C0DD2F72
C0E2FFAD
C0E8EFA3
C0EEFE18
C0F529BE
C0FB7138
C100E990
C1042702
C1077038
C10AC473
C10E22F7
C1118B04
C114FBDD
C11874C8
C11BF50A
C11F7BEC
C12308BB
C1269AC5
C12A315C
C12DCBD6
C131698A
C13509D2
C138AC0B
C13C4F92
C13FF3C6
C1439807
C1473BB5
C14ADE2C
C14E7EC9
C1521CE7
C155B7DA
C1594EF5
C15CE184
C1606ECD
C163F610
C1677684
C16AEF5A
C16E5FB9
C171C6C0
C1752387
C178751D
C17BBA8B
C17EF2D6
C1810E80
C1829C04
C184217C
C1859E6B
C187125E
C1887CE9
C189DDA7
C18B3444
C18C8077
C18DC209
C18EF8D3
C19024C3
C19145D9
C1925C26
C19367D1
C1946910
C1956026
C1964D69
C1973133
C1980BED
C198DE02
C199A7E3
C19A6A04
C19B24D9
C19BD8D1
C19C865E
C19D2DEB
C19DCFE0
C19E6C9E
C19F0482
C19F97E5
C1A02717
C1A0B266
C1A13A18
C1A1BE6F
C1A23FA8
C1A2BDFA
C1A33999
C1A3B2B6
C1A4297C
C1A49E14
C1A510A2
C1A58149
C1A5F029
C1A65D5E
C1A6C904
C1A73333
C1A79C03
C1A80388
C1A869D6
C1A8CEFF
C1A93314
C1A99625
C1A9F840
C1AA5974
C1AAB9CB
C1AB1954
C1AB7817
C1ABD620
C1AC3379
C1AC902A
C1ACEC3C
C1AD47B7
C1ADA2A2
C1ADFD05
C1AE56E6
C1AEB04B
C1AF093A
C1AF61B9
C1AFB9CE
C1B0117C
C1B068C9
C1B0BFB9
C1B11651
C1B16C94
C1B1C286
C1B2182B
C1B26D86
C1B2C29A
C1B3176C
C1B36BFC
C1B3C04F
C1B41467
C1B46846
C013CCC9
C013E5E8
C014000B
C0141B3C
C0143786
C01454F5
C0147395
C0149374
C014B49D
C014D720
C014FB0A
C015206B
C0154753
C0156FD2
C01599F9
C015C5DA
C015F388
C0162317
C016549C
C016882B
C016BDDC
C016F5C5
C0173001
C0176CA7
C017ABD4
C017EDA3
C0183233
C01879A1
C018C40F
C019119F
C0196273
C019B6B2
C01A0E82
C01A6A0D
C01AC97E
C01B2D01
C01B94C7
C01C0101
C01C71E2
C01CE7A3
C01D627C
C01DE2AB
C01E686E
C01EF409
C01F85C3
C0201DE4
C020BCBB
C021629A
C0220FD6
C022C4CB
C02381D8
C0244762
C02515D2
C025ED98
C026CF2A
C027BB03
C028B1A6
C029B39C
C02AC177
C02BDBCF
C02D0346
C02E3885
C02F7C3F
C030CF31
C0323221
C033A5E2
C0352B4F
C036C352
C0386EDF
C03A2EF6
C03C04A8
C03DF10F
C03FF558
C04212BC
C0444A83
C0469E07
C0490EAF
C04B9DF4
C04E4D60
C0511E8C
C0541322
C0572CDB
C05A6D81
C05DD6EE
C0616B07
C0652BC1
C0691B1B
C06D3B20
C0718DE0
C0761574
C07AD3F5
C07FCB7E
C0827F12
C08536FC
C0880E7E
C08B0691
C08E2025
C0915C1C
C094BB48
C0983E6B
C09BE631
C09FB32F
C0A3A5E0
C0A7BEA6
C0ABFDC3
C0B0635C
C0B4EF75
C0B9A1F1
C0BE7A91
C0C378F5
C0C89C9D
C0CDE4E8
C0D35116
C0D8E04A
C0DE918B
C0E463CA
C0EA55DE
C0F0668D
C0F6948A
C0FCDE7B
C101A17E
C104E04F
C1082AF6
C10B80B8
C10EE0D7
C1124A98
C115BD3F
C1193811
C11CBA57
C120435E
C123D272
C12766E6
C12B000F
C12E9D44
C1323DE1
C135E144
C13986CD
C13D2DDE
C140D5DD
C1447E2C
C1482633
C14BCD54
C14F72F4
C1531674
C156B732
C15A5488
C15DEDCC
C1618250
C165115C
C1689A33
C16C1C12
C16F962A
C17307A6
C1766FA8
C179CD4A
C17D1F9D
C18032D6
C181CF40
C183648D
C184F23E
C18677D8
C187F4E2
C18968E6
C18AD37A
C18C343B
C18D8AD4
C18ED6FD
C1901881
C1914F39
C1927B13
C1939C10
C194B243
C195BDD2
C196BEF3
C197B5EC
C198A310
C19986BD
C19A6159
C19B3351
C19BFD17
C19CBF1D
C19D79D8
C19E2DB8
C19EDB2E
C19F82A5
C1A02485
C1A0C12F
C1A15902
C1A1EC53
C1A27B76
C1A306B6
C1A38E5A
C1A412A4
C1A493D1
C1A51218
C1A58DAD
C1A606C0
C1A67D7D
C1A6F20C
C1A76492
C1A7D532
C1A8440B
C1A8B139
C1A91CD9
C1A98703
C1A9EFCD
C1AA574D
C1AABD96
C1AB22BA
C1AB86CB
C1ABE9D8
C1AC4BF0
C1ACAD20
C1AD0D74
C1AD6CF9
C1ADCBBA
C1AE29C0
C1AE8716
C1AEE3C4
C1AF3FD4
C1AF9B4C
C1AFF636
C1B05096
C1B0AA75
C1B103D8
C1B15CC6
C1B1B543
C1B20D56
C1B26502
C1B2BC4E
C1B3133C
C1B369D3
C1B3C014
C1B41605
C1B46BA9
C1B4C103
C1B51616
C1B56AE7
C1B5BF76
C1B613C8
C1B667DF
C01638DE
C0165207
C0166C33
C016876E
C016A3C3
C016C13D
C016DFE9
C016FFD4
C017210A
C017439A
C0176791
C0178D00
C017B3F7
C017DC84
C01806BB
C01832AC
C018606C
C018900C
C018C1A3
C018F546
C0192B0A
C0196308
C0199D59
C019DA16
C01A195A
C01A5B41
C01A9FEA
C01AE772
C01B31FB
C01B7FA6
C01BD098
C01C24F5
C01C7CE5
C01CD891
C01D3824
C01D9BCB
C01E03B5
C01E7015
C01EE11E
C01F5708
C01FD20D
C0205268
C020D85A
C0216425
C021F611
C0228E66
C0232D74
C023D38B
C0248102
C0253634
C025F381
C026B94D
C0278801
C028600F
C02941EB
C02A2E11
C02B2505
C02C274F
C02D3581
C02E5033
C02F7808
C030ADA9
C031F1C9
C0334525
C034A884
C0361CB7
C037A29C
C0393B1C
C03AE729
C03CA7C8
C03E7E05
C0406AFF
C0426FE0
C0448DE2
C046C64E
C0491A7D
C04B8BD8
C04E1BD7
C050CC05
C0539DFA
C0569362
C059ADF6
C05CEF81
C06059DB
C063EEEC
C067B0A9
C06BA110
C06FC22E
C0741613
C0789ED8
C07D5E97
C0812BB6
C083C5B7
C0867E55
C0895694
C08C4F6C
C08F69CE
C092A69B
C09606A8
C0998AB6
C09D3371
C0A1016E
C0A4F52C
C0A90F0A
C0AD4F4C
C0B1B617
C0B64371
C0BAF73C
C0BFD13C
C0C4D111
C0C9F63B
C0CF401B
C0D4ADF1
C0DA3EE3
C0DFF1F8
C0E5C622
C0EBBA3A
C0F1CD07
C0F7FD3F
C0FE4989
C1025841
C105985F
C108E465
C10C3B99
C10F9D3F
C113089D
C1167CF7
C119F997
C11D7DC6
C12108D2
C1249A0C
C12830C7
C12BCC5A
C12F6C21
C1330F7B
C136B5C8
C13A5E6D
C13E08D0
C141B45B
C1456076
C1490C8D
C14CB809
C1506256
C1540ADA
C157B0FD
C15B5420
C15EF3A3
C1628EDF
C1662529
C169B5CE
C16D4014
C170C339
C1743E73
C177B0EF
C17B19D1
C17E7836
C180E598
C18288E7
C184258B
C185BB09
C18748E1
C188CE98
C18A4BB5
C18BBFC6
C18D2A5F
C18E8B20
C18FE1B2
C1912DD0
C1926F44
C193A5E9
C194D1AC
C195F291
C19708A9
C198141C
C1991520
C19A0BFB
C19AF902
C19BDC91
C19CB710
C19D88EC
C19E5297
C19F1483
C19FCF24
C1A082ED
C1A1304D
C1A1D7AF
C1A2797A
C1A31612
C1A3ADD3
C1A44115
C1A4D028
C1A55B5A
C1A5E2F1
C1A6672E
C1A6E84F
C1A7668B
C1A7E217
C1A85B20
C1A8D1D4
C1A9465B
C1A9B8DA
C1AA2972
C1AA9844
C1AB056D
C1AB7107
C1ABDB2B
C1AC43F0
C1ACAB6B
C1AD11AF
C1AD76D0
C1ADDADC
C1AE3DE6
C1AE9FF9
C1AF0126
C1AF6177
C1AFC0F9
C1B01FB6
C1B07DBA
C1B0DB0D
C1B137B9
C1B193C6
C1B1EF3D
C1B24A24
C1B2A482
C1B2FE5F
C1B357C0
C1B3B0AC
C1B40928
C1B46139
C1B4B8E4
C1B5102E
C1B5671B
C1B5BDB0
C1B613F1
C1B669E0
C1B6BF83
C1B714DC
C1B769EE
C1B7BEBD
C1B8134C
C1B8679D
C018A545
C018BE77
C018D8AD
C018F3F2
C0191052
C0192DD7
C0194C8E
C0196C84
C0198DC6
C019B062
C019D467
C019F9E3
C01A20E7
C01A4984
C01A73C9
C01A9FCB
C01ACD9A
C01AFD4C
C01B2EF4
C01B62A9
C01B9881
C01BD093
C01C0AF8
C01C47CA
C01C8725
C01CC923
C01D0DE4
C01D5585
C01DA028
C01DEDEF
C01E3EFC
C01E9377
C01EEB85
C01F4750
C01FA704
C0200ACD
C02072DB
C020DF5F
C021508F
C021C6A1
C02241CF
C022C255
C0234874
C023D46E
C024668A
C024FF11
C0259E53
C02644A1
C026F250
C027A7BD
C0286547
C0292B53
C029FA4A
C02AD29C
C02BB4BF
C02CA130
C02D9871
C02E9B0C
C02FA991
C030C49B
C031ECCA
C03322CA
C034674C
C035BB0E
C0371ED7
C0389379
C03A19D1
C03BB2C8
C03D5F52
C03F2072
C040F736
C042E4BC
C044EA2F
C04708C9
C04941D4
C04B96A8
C04E08AE
C0509960
C0534A48
C0561D00
C0591332
C05C2E99
C05F70FF
C062DC3D
C066723C
C06A34F1
C06E265B
C0724886
C0769D84
C07B276F
C07FE860
C082713A
C0850BE1
C087C52D
C08A9E20
C08D97B5
C090B2DC
C093F078
C097515C
C09AD64A
C09E7FF0
C0A24EE3
C0A643A1
C0AA5E8B
C0AE9FE5
C0B307D6
C0B79662
C0BC4B6F
C0C126BF
C0C627F4
C0CB4E8F
C0D099F2
C0D6095E
C0DB9BF8
C0E150CC
C0E726CA
C0ED1CCE
C0F331A0
C0F963F7
C0FFB27C
C1030DE7
C1064F41
C1099C95
C10CF529
C1105842
C113C526
C1173B1E
C11AB973
C11E3F71
C121CC66
C1255FA6
C128F886
C12C9661
C1303895
C133DE81
C137878C
C13B331D
C13EE09D
C1428F7B
C1463F24
C149EF08
C14D9E96
C1514D40
C154FA73
C158A59C
C15C4E27
C15FF37A
C16394F7
C16731FD
C16AC9E3
C16E5BFA
C171E78A
C1756BD5
C178E813
C17C5B74
C17FC51E
C1819218
C1833BDF
C184DF6B
C1867C43
C18811EA
C1899FE2
C18B25B0
C18CA2DE
C18E16F7
C18F8193
C190E24F
C19238D9
C19384EA
C194C64D
C195FCDD
C1972889
C1984954
C1995F51
C19A6AA9
C19B6B90
C19C624E
C19D4F37
C19E32AA
C19F0D0D
C19FDECE
C1A0A85E
C1A16A30
C1A224BA
C1A2D86C
C1A385B6
C1A42D03
C1A4CEBC
C1A56B42
C1A602F2
C1A69623
C1A72528
C1A7B04C
C1A837D6
C1A8BC08
C1A93D1E
C1A9BB4F
C1AA36D1
C1AAAFD2
C1AB267D
C1AB9AFC
C1AC0D73
C1AC7E05
C1ACECD1
C1AD59F3
C1ADC588
C1AE2FA6
C1AE9866
C1AEFFDC
C1AF661C
C1AFCB39
C1B02F42
C1B09247
C1B0F457
C1B15580
C1B1B5CE
C1B2154D
C1B27408
C1B2D209
C1B32F5A
C1B38C03
C1B3E80E
C1B44382
C1B49E67
C1B4F8C4
C1B5529F
C1B5ABFE
C1B604E8
C1B65D62
C1B6B572
C1B70D1B
C1B76464
C1B7BB50
C1B811E4
C1B86823
C1B8BE11
C1B913B3
C1B9690B
C1B9BE1C
C1BA12EA
C1BA6778
C01B11FC
C01B2B37
C01B4576
C01B60C5
C01B7D2E
C01B9ABD
C01BB97F
C01BD980
C01BFACE
C01C1D76
C01C4187
C01C6711
C01C8E23
C01CB6CD
C01CE121
C01D0D32
C01D3B11
C01D6AD3
C01D9C8D
C01DD053
C01E063D
C01E3E62
C01E78DB
C01EB5C2
C01EF532
C01F3747
C01F7C1E
C01FC3D8
C0200E94
C0205C74
C020AD9D
C0210234
C0215A5F
C021B649
C022161C
C0227A06
C022E236
C0234EDE
C023C033
C024366B
C024B1C1
C0253270
C025B8BA
C02644E1
C026D72B
C0276FE4
C0280F58
C028B5DA
C02963C0
C02A1966
C02AD72A
C02B9D73
C02C6CA9
C02D453E
C02E27A7
C02F145F
C0300BEA
C0310ED2
C0321DA9
C0333906
C034618D
C03597E7
C036DCC7
C03830EB
C039951B
C03B0A27
C03C90EE
C03E2A57
C03FD75A
C04198F6
C043703C
C0455E49
C0476449
C0498375
C04BBD18
C04E128A
C0508536
C0531694
C055C82F
C0589BA1
C05B9295
C05EAEC6
C061F1FF
C0655E19
C068F4FD
C06CB8A0
C070AB03
C074CE31
C079243D
C07DAF40
C08138AC
C083B64E
C0865195
C0890B87
C08BE529
C08EDF73
C091FB57
C09539B9
C0989B6B
C09C2131
C09FCBB7
C0A39B95
C0A79148
C0ABAD33
C0AFEF9A
C0B458A3
C0B8E855
C0BD9E95
C0C27B27
C0C77DAC
C0CCA5A8
C0D1F27C
C0D7636B
C0DCF79C
C0E2AE19
C0E885D6
C0EE7DAF
C0F4946D
C0FAC8CA
C1008CB8
C103C27F
C1070506
C10A5397
C10DAD78
C11111F1
C1148049
C117F7C9
C11B77BB
C11EFF6E
C1228E33
C126235D
C129BE44
C12D5E46
C13102C2
C134AB1B
C13856BA
C13C0509
C13FB577
C1436773
C1471A71
C14ACDE4
C14E8141
C15233FE
C155E590
C159956A
C15D42FE
C160EDBA
C164950A
C1683854
C16BD6F9
C16F7054
C17303B8
C1769072
C17A15C6
C17D92ED
C180838D
C18238BB
C183E88F
C1859297
C187365A
C188D35E
C18A6927
C18BF73A
C18D7D1B
C18EFA54
C1906E72
C191D90D
C19339C4
C1949043
C195DC45
C1971D95
C1985410
C1997FA5
C19AA057
C19BB639
C19CC174
C19DC23E
C19EB8E0
C19FA5AD
C1A08903
C1A1634B
C1A234F1
C1A2FE67
C1A3C022
C1A47A94
C1A52E30
C1A5DB64
C1A6829E
C1A72444
C1A7C0B8
C1A85858
C1A8EB7A
C1A97A71
C1AA0588
C1AA8D06
C1AB112C
C1AB9237
C1AC105F
C1AC8BD7
C1AD04CF
C1AD7B72
C1ADEFEA
C1AE625A
C1AED2E5
C1AF41AA
C1AFAEC7
C1B01A56
C1B0846F
C1B0ED2A
C1B1549C
C1B1BAD8
C1B21FF0
C1B283F5
C1B2E6F7
C1B34904
C1B3AA2A
C1B40A75
C1B469F1
C1B4C8A9
C1B526A7
C1B583F6
C1B5E09D
C1B63CA6
C1B69818
C1B6F2FA
C1B74D55
C1B7A72E
C1B8008C
C1B85975
C1B8B1ED
C1B909FB
C1B961A3
C1B9B8EB
C1BA0FD5
C1BA6668
C1BABCA6
C1BB1293
C1BB6834
C1BBBD8A
C1BC129B
C1BC6768
C01D7F00
C01D9843
C01DB28B
C01DCDE3
C01DEA56
C01E07EF
C01E26BB
C01E46C7
C01E6820
C01E8AD3
C01EAEF1
C01ED487
C01EFBA5
C01F245D
C01F4EC0
C01F7ADF
C01FA8CD
C01FD89F
C0200A69
C0203E40
C020743C
C020AC74
C020E700
C02123FB
C021637F
C021A5A9
C021EA97
C0223268
C0227D3C
C022CB36
C0231C79
C023712A
C023C972
C0242579
C024856A
C024E974
C02551C5
C025BE8F
C0263007
C026A664
C02721E0
C027A2B8
C028292B
C028B57D
C02947F5
C029E0DC
C02A8080
C02B2735
C02BD54F
C02C8B2B
C02D4929
C02E0FAC
C02EDF20
C02FB7F5
C0309A9F
C031879D
C0327F70
C03382A2
C03491C6
C035AD75
C036D64F
C0380D00
C039523C
C03AA6BE
C03C0B50
C03D80C3
C03F07F4
C040A1CC
C0424F42
C0441156
C045E919
C047D7A8
C049DE2F
C04BFDE8
C04E381D
C0508E28
C0530172
C0559376
C05845BD
C05B19E2
C05E1190
C0612E84
C0647287
C067DF74
C06B7734
C06F3BBC
C0732F0D
C0775334
C07BAA43
C0801B2B
C0827CC3
C084FAF9
C08796D8
C08A516B
C08D2BB2
C09026AB
C0934345
C0968263
C099E4DB
C09D6B6F
C0A116CD
C0A4E78D
C0A8DE2B
C0ACFB0C
C0B13E74
C0B5A88A
C0BA3955
C0BEF0BB
C0C3CE80
C0C8D248
C0CDFB95
C0D349C9
C0D8BC2A
C0DE51DF
C0E409F2
C0E9E359
C0EFDCF2
C0F5F586
C0FC2BCF
C1013F3D
C1047615
C107B9BA
C10B0978
C10E6497
C111CA5E
C1153A17
C118B30A
C11C3485
C11FBDD7
C1234E51
C126E54B
C12A821D
C12E2427
C131CACA
C135756C
C1392379
C13CD45E
C140878B
C1443C75
C147F292
C14BA95B
C14F6049
C15316D6
C156CC7D
C15A80B8
C15E32FE
C161E2C6
C1658F81
C16938A0
C16CDD8C
C1707DA8
C1741854
C177ACE6
C17B3AAC
C17EC0EC
C1811F72
C182D9E3
C1848F5F
C1863F77
C187E9B7
C1898DA9
C18B2AD2
C18CC0B8
C18E4EE0
C18FD4D0
C1915210
C192C631
C19430C8
C1959176
C196E7E9
C19833DB
C1997518
C19AAB7D
C19BD6FA
C19CF790
C19E0D59
C19F1878
C1A01927
C1A10FAD
C1A1FC5D
C1A2DF98
C1A3B9C5
C1A48B51
C1A554AF
C1A61651
C1A6D0AD
C1A78433
C1A83153
C1A8D87A
C1A97A0E
C1AA1672
C1AAAE02
C1AB4116
C1ABCFFF
C1AC5B09
C1ACE27B
C1AD6696
C1ADE796
C1AE65B5
C1AEE124
C1AF5A14
C1AFD0AF
C1B0451F
C1B0B789
C1B1280D
C1B196CD
C1B203E4
C1B26F6D
C1B2D982
C1B34238
C1B3A9A6
C1B40FDE
C1B474F2
C1B4D8F3
C1B53BF2
C1B59DFB
C1B5FF1E
C1B65F66
C1B6BEDF
C1B71D95
C1B77B91
C1B7D8DD
C1B83582
C1B89188
C1B8ECF9
C1B947DA
C1B9A232
C1B9FC0A
C1BA5566
C1BAAE4D
C1BB06C4
C1BB5ED1
C1BBB677
C1BC0DBD
C1BC64A7
C1BCBB38
C1BD1175
C1BD6761
C1BDBD01
C1BE1257
C1BE6766
C01FEC4D
C0200599
C0201FE9
C0203B4A
C02057C6
C0207569
C020943F
C020B455
C020D5B8
C020F877
C0211CA0
C0214242
C021696D
C0219232
C021BCA2
C021E8CF
C02216CC
C02246AE
C0227887
C022AC6F
C022E27C
C0231AC5
C0235564
C0239272
C023D20A
C0241449
C024594C
C024A133
C024EC1F
C0253A31
C0258B8D
C025E058
C02638BB
C02694DE
C026F4ED
C0275915
C027C185
C0282E71
C028A00B
C029168C
C029922D
C02A132B
C02A99C6
C02B2642
C02BB8E4
C02C51F8
C02CF1CB
C02D98B0
C02E46FD
C02EFD0E
C02FBB42
C03081FE
C03151AD
C0322ABF
C0330DA9
C033FAE9
C034F301
C035F67C
C03705EA
C03821E6
C0394B12
C03A8217
C03BC7A9
C03D1C87
C03E8177
C03FF74C
C0417EE4
C0431927
C044C70B
C0468993
C04861CE
C04A50DA
C04C57E2
C04E7823
C050B2E5
C0530982
C0557D65
C0581008
C05AC2F4
C05D97C6
C0609028
C063ADD6
C066F29C
C06A6054
C06DF8E6
C071BE4A
C075B281
C079D796
C07E2F9F
C0815E5A
C083C07A
C0863F3C
C088DBAF
C08B96DB
C08E71C3
C0916D62
C0948AAA
C097CA7E
C09B2DB4
C09EB50E
C0A2613B
C0A632D2
C0AA2A52
C0AE481E
C0B28C7C
C0B6F794
C0BB896C
C0C041EB
C0C520D6
C0CA25D2
C0CF5061
C0D49FE7
C0DA13AA
C0DFAAD0
C0E56468
C0EB3F66
C0F13AA9
C0F754FD
C0FD8D1C
C101F0DB
C10528B5
C1086D6C
C10BBE49
C10F1A95
C112819A
C115F2A1
C1196CF6
C11CEFE5
C1207ABF
C1240CD9
C127A589
C12B442B
C12EE820
C13290CC
C1363D96
C139EDED
C13DA140
C1415704
C1450EAE
C148C7BB
C14C81A4
C1503BE9
C153F609
C157AF81
C15B67D3
C15F1E7C
C162D2F7
C16684C0
C16A334D
C16DDE0F
C1718475
C17525E6
C178C1C2
C17C5762
C17FE618
C181B696
C18375EE
C18530B0
C186E672
C18896C4
C18A4135
C18BE54E
C18D8298
C18F1896
C190A6CF
C1922CC9
C193AA0E
C1951E2D
C19688BF
C197E963
C1993FC7
C19A8BA8
C19BCCD0
C19D0320
C19E2E84
C19F4F02
C1A064AF
C1A16FB3
C1A27046
C1A366B0
C1A45345
C1A53665
C1A61077
C1A6E1EB
C1A7AB30
C1A86CBC
C1A92701
C1A9DA72
C1AA877F
C1AB2E93
C1ABD016
C1AC6C6A
C1AD03EB
C1AD96F1
C1AE25CC
C1AEB0CB
C1AF3831
C1AFBC41
C1B03D38
C1B0BB4D
C1B136B4
C1B1AF9B
C1B2262E
C1B29A98
C1B30CFB
C1B37D79
C1B3EC33
C1B45945
C1B4C4C9
C1B52ED9
C1B5978B
C1B5FEF4
C1B66528
C1B6CA38
C1B72E36
C1B79131
C1B7F339
C1B85458
C1B8B49E
C1B91414
C1B972C7
C1B9D0C1
C1BA2E0A
C1BA8AAD
C1BAE6B2
C1BB4220
C1BB9CFF
C1BBF756
C1BC512C
C1BCAA87
C1BD036C
C1BD5BE2
C1BDB3ED
C1BE0B92
C1BE62D7
C1BEB9BF
C1BF104F
C1BF668B
C1BFBC76
C1C01215
C1C0676A
C02259E2
C0227335
C0228D8E
C022A8F7
C022C57C
C022E328
C0230207
C0232227
C0234395
C023665F
C0238A93
C023B041
C023D778
C0240049
C0242AC6
C0245701
C024850C
C024B4FC
C024E6E5
C0251ADC
C02550FA
C0258954
C025C404
C0260125
C02640D0
C0268323
C026C83B
C0271038
C0275B3A
C027A963
C027FAD7
C0284FBB
C028A838
C0290477
C02964A2
C029C8E7
C02A3176
C02A9E81
C02B103C
C02B86DF
C02C02A4
C02C83C7
C02D0A89
C02D972C
C02E29F8
C02EC337
C02F6337
C0300A4B
C030B8C9
C0316F0C
C0322D75
C032F468
C033C44F
C0349D9C
C03580C4
C0366E44
C037669E
C0386A5E
C0397A14
C03A965B
C03BBFD4
C03CF72A
C03E3D11
C03F9246
C040F791
C0426DC5
C043F5BF
C0459068
C0473EB7
C04901AE
C04ADA5C
C04CC9E0
C04ED166
C050F229
C0532D72
C055849D
C057F912
C05A8C4D
C05D3FD9
C0601550
C0630E5F
C0662CC1
C0697241
C06CE0BC
C0707A1A
C0744051
C0783564
C07C5B5F
C0805A2B
C082A133
C08503D4
C087831E
C08A201E
C08CDBDD
C08FB75E
C092B39E
C095D18D
C099120F
C09C75FB
C09FFE13
C0A3AB06
C0A77D6C
C0AB75C4
C0AF9472
C0B3D9BC
C0B845C9
C0BCD8A3
C0C1922F
C0C67234
C0CB7857
C0D0A41A
C0D5F4E3
C0DB69F7
C0E10280
C0E6BD8A
C0EC9A0D
C0F296E7
C0F8B2E6
C0FEECC6
C102A19B
C105DA6D
C1092027
C10C7215
C10FCF80
C11337B3
C116A9F8
C11A259C
C11DA9EC
C121363B
C124C9DE
C128642E
C12C0487
C12FAA4D
C13354E4
C13703B9
C13AB638
C13E6BD6
C1422409
C145DE4B
C1499A19
C14D56F2
C1511459
C154D1D1
C1588EDD
C15C4B01
C16005C2
C163BEA2
C1677521
C16B28BD
C16ED8EF
C172852E
C1762CEA
C179CF8D
C17D6C7B
C1808187
C182494E
C1840D36
C185CCE1
C18787EA
C1893DE8
C18AEE6D
C18C9908
C18E3D44
C18FDAA7
C19170B9
C192FEFE
C19484FF
C1960245
C1977662
C198E0EB
C19A4183
C19B97D9
C19CE3A7
C19E24BA
C19F5AF3
C1A0863F
C1A1A6A1
C1A2BC36
C1A3C71E
C1A4C796
C1A5BDE5
C1A6AA60
C1A78D66
C1A8675F
C1A938BA
C1AA01E8
C1AAC35D
C1AB7D8D
C1AC30EA
C1ACDDE4
C1AD84E6
C1AE2659
C1AEC29D
C1AF5A0F
C1AFED07
C1B07BD6
C1B106C8
C1B18E23
C1B21229
C1B29317
C1B31123
C1B38C81
C1B40561
C1B47BEE
C1B4F050
C1B562AD
C1B5D325
C1B641D9
C1B6AEE6
C1B71A66
C1B78471
C1B7ED1F
C1B85484
C1B8BAB4
C1B91FC1
C1B983BB
C1B9E6B3
C1BA48B7
C1BAA9D4
C1BB0A16
C1BB698A
C1BBC83B
C1BC2632
C1BC837A
C1BCE01B
C1BD3C1D
C1BD9789
C1BDF267
C1BE4CBC
C1BEA691
C1BEFFEA
C1BF58CE
C1BFB142
C1C0094C
C1C060F0
C1C0B833
C1C10F1B
C1C165AA
C1C1BBE4
C1C211CF
C1C2676C
C024C7BA
C024E116
C024FB76
C02516E8
C0253375
C025512A
C0257013
C025903C
C025B1B4
C025D488
C025F8C7
C0261E80
C02645C3
C0266EA0
C026992A
C026C571
C026F38A
C0272388
C027557F
C0278986
C027BFB3
C027F81E
C02832E0
C0287012
C028AFCF
C028F236
C0293762
C0297F73
C029CA8A
C02A18CA
C02A6A55
C02ABF52
C02B17E8
C02B7441
C02BD487
C02C38E8
C02CA194
C02D0EBE
C02D8099
C02DF75D
C02E7344
C02EF48B
C02F7B71
C030083B
C0309B30
C0313498
C031D4C4
C0327C04
C0332AB1
C033E125
C0349FC0
C03566E7
C0363706
C037108B
C037F3EF
C038E1AC
C039DA46
C03ADE48
C03BEE44
C03D0AD2
C03E3496
C03F6C3A
C040B272
C04207FB
C0436D9E
C044E42D
C0466C85
C0480792
C049B647
C04B79A9
C04D52C6
C04F42BE
C0514ABC
C0536BFB
C055A7C7
C057FF79
C05A747C
C05D084A
C05FBC6F
C0629285
C0658C39
C068AB48
C06BF17C
C06F60B2
C072FAD3
C076C1D5
C07AB7BC
C07EDE93
C0819C38
C083E3B7
C08646D5
C088C6A2
C08B6429
C08E2075
C090FC8A
C093F963
C09717F2
C09A591C
C09DBDB6
C0A14684
C0A4F435
C0A8C761
C0ACC089
C0B0E00F
C0B5263B
C0B99335
C0BE2705
C0C2E193
C0C7C2A6
C0CCC9E2
C0D1F6CC
C0D748CA
C0DCBF21
C0E258FC
C0E81568
C0EDF35E
C0F3F1BD
C0FA0F54
C1002570
C1035188
C1068B46
C109D1F7
C10D24E9
C1108365
C113ECB8
C117602C
C11ADD0E
C11E62AE
C121F05E
C1258576
C129214F
C12CC349
C1306AC6
C134172F
C137C7F0
C13B7C79
C13F3441
C142EEBF
C146AB71
C14A69D7
C14E2973
C151E9CB
C155AA66
C1596ACB
C15D2A84
C160E919
C164A613
C16860F8
C16C194B
C16FCE8E
C1738040
C1772DD7
C17AD6C8
C17E7A7F
C1810C31
C182D7E8
C184A00E
C186644A
C188243E
C189DF85
C18B95B8
C18D466A
C18EF129
C1909581
C19232FA
C193C91A
C1955769
C196DD6E
C1985AB3
C199CEC9
C19B3949
C19C99D4
C19DF019
C19F3BD5
C1A07CD3
C1A1B2F4
C1A2DE2E
C1A3FE72
C1A513EA
C1A61EB7
C1A71F17
C1A8154A
C1A901AA
C1A9E497
C1AABE77
C1AB8FBA
C1AC58D1
C1AD1A30
C1ADD44E
C1AE8797
C1AF347F
C1AFDB70
C1B07CD1
C1B11906
C1B1B06A
C1B24355
C1B2D218
C1B35CFF
C1B3E44F
C1B4684C
C1B4E930
C1B56733
C1B5E289
C1B65B62
C1B6D1E8
C1B74644
C1B7B89A
C1B8290D
C1B897BC
C1B904C3
C1B9703E
C1B9DA45
C1BA42EF
C1BAAA50
C1BB107C
C1BB7586
C1BBD97D
C1BC3C72
C1BC9E73
C1BCFF8D
C1BD5FCD
C1BDBF3F
C1BE1DED
C1BE7BE2
C1BED927
C1BF35C6
C1BF91C7
C1BFED32
C1C0480D
C1C0A261
C1C0FC34
C1C1558B
C1C1AE6E
C1C206E1
C1C25EE9
C1C2B68D
C1C30DCF
C1C364B5
C1C3BB43
C1C4117D
C1C46766
C02735D5
C0274F38
C02769A0
C0278519
C027A1AF
C027BF6C
C027DE5E
C027FE91
C0282012
C02842F0
C0286739
C0288CFD
C028B44B
C028DD34
C02907CA
C029341E
C0296244
C029924F
C029C455
C029F86A
C02A2EA7
C02A6721
C02AA1F3
C02ADF36
C02B1F06
C02B617E
C02BA6BE
C02BEEE3
C02C3A0F
C02C8864
C02CDA06
C02D2F1A
C02D87C8
C02DE43A
C02E449A
C02EA917
C02F11DF
C02F7F26
C02FF120
C0306804
C030E40C
C0316575
C031EC7F
C032796E
C0330C89
C033A61A
C034466F
C034EDDB
C0359CB4
C0365357
C0371223
C037D97D
C038A9D0
C039838C
C03A6728
C03B5521
C03C4DF9
C03D523B
C03E6279
C03F7F4D
C040A959
C041E147
C04327CD
C0447DA7
C045E39E
C0475A85
C048E339
C04A7EA4
C04C2DBC
C04DF184
C04FCB0C
C051BB73
C053C3E5
C055E59D
C05821E6
C05A7A1A
C05CEFA5
C05F8400
C06238B8
C0650F67
C06809BB
C06B296F
C06E7051
C071E03B
C0757B17
C07942DC
C07D398E
C080B09D
C082DDFA
C08525EC
C0878982
C08A09CB
C08CA7D4
C08F64A8
C092414A
C0953EB7
C0985DE0
C09B9FAA
C09F04EC
C0A28E68
C0A63CCF
C0AA10BA
C0AE0AA8
C0B22AFD
C0B67202
C0BADFDE
C0BF749A
C0C4301F
C0C91234
C0CE1A7E
C0D34883
C0D89BA8
C0DE1334
C0E3AE52
C0E96C11
C0EF4B69
C0F54B3C
C0FB6A58
C100D3BE
C10400AC
C1073B4A
C10A82E7
C10DD6D1
C1113652
C114A0B6
C1181549
C11B935A
C11F1A39
C122A939
C1263FB3
C129DD02
C12D8086
C13129A4
C134D7C5
C1388A57
C13C40CE
C13FFAA0
C143B748
C1477647
C14B371D
C14EF952
C152BC6D
C1567FFA
C15A4383
C15E0697
C161C8C2
C1658991
C1694891
C16D054B
C170BF48
C174760C
C1782917
C17BD7E5
C17F81EC
C181934E
C18362AD
C1852EC5
C186F741
C188BBC8
C18A7BFB
C18C3779
C18DEDDA
C18F9EB2
C1914990
C192EDFF
C1948B89
C19621B5
C197B00A
C199360F
C19AB351
C19C275F
C19D91D4
C19EF250
C1A04884
C1A1942D
C1A2D512
C1A40B1F
C1A5363A
C1A65669
C1A76BC9
C1A8767A
C1A976BF
C1AA6CDA
C1AB5922
C1AC3BF4
C1AD15BD
C1ADE6E9
C1AEAFEC
C1AF7134
C1B02B3C
C1B0DE73
C1B18B49
C1B2322A
C1B2D37D
C1B36FA3
C1B406FA
C1B499D8
C1B5288F
C1B5B36A
C1B63AB1
C1B6BEA4
C1B73F7F
C1B7BD7A
C1B838C9
C1B8B19A
C1B92819
C1B99C6F
C1BA0EBF
C1BA7F2D
C1BAEDD7
C1BB5AD9
C1BBC650
C1BC3052
C1BC98F8
C1BD0056
C1BD667E
C1BDCB85
C1BE2F79
C1BE926B
C1BEF469
C1BF5580
C1BFB5BE
C1C0152D
C1C073D9
C1C0D1CC
C1C12F0F
C1C18BAC
C1C1E7AB
C1C24314
C1C29DEE
C1C2F840
C1C35212
C1C3AB68
C1C40449
C1C45CBB
C1C4B4C2
C1C50C64
C1C563A5
C1C5BA8A
C1C61117
C1C66750
C029A42F
C029BD99
C029D809
C029F38A
C02A1027
C02A2DED
C02A4CE7
C02A6D23
C02A8EAD
C02AB195
C02AD5E8
C02AFBB6
C02B230F
C02B4C03
C02B76A4
C02BA305
C02BD137
C02C014F
C02C3363
C02C6786
C02C9DD1
C02CD65B
C02D113D
C02D4E91
C02D8E71
C02DD0FC
C02E164D
C02E5E86
C02EA9C6
C02EF830
C02F49E7
C02F9F12
C02FF7D7
C0305461
C030B4DB
C0311971
C0318255
C031EFB8
C03261CF
C032D8D2
C03354F9
C033D684
C0345DB0
C034EAC3
C0357E03
C03617BA
C036B837
C0375FCD
C0380ED2
C038C5A2
C039849C
C03A4C27
C03B1CAD
C03BF69E
C03CDA71
C03DC8A2
C03EC1B5
C03FC635
C040D6B3
C041F3CA
C0431E1B
C0445652
C0459D22
C046F34B
C0485993
C049D0CE
C04B59D9
C04CF5A0
C04EA517
C0506942
C0524331
C0543402
C0563CE3
C0585F0F
C05A9BD1
C05CF483
C05F6A90
C061FF73
C064B4B8
C0678BFA
C06A86E7
C06DA73B
C070EEC3
C0745F59
C077FAEA
C07BC36B
C07FBAE0
C081F1AB
C0841F72
C08667D3
C088CBDC
C08B4C9D
C08DEB23
C090A879
C09385A3
C096839E
C099A35A
C09CE5BE
C0A04BA0
C0A3D5C4
C0A784DA
C0AB597C
C0AF5428
C0B37544
C0B7BD18
C0BC2BCD
C0C0C16C
C0C57DDD
C0CA60E9
C0CF6A36
C0D49948
C0D9ED88
C0DF663B
C0E5028E
C0EAC191
C0F0A23C
C0F6A372
C0FCC402
C1018156
C104AF10
C107EA85
C10B3303
C10E87D8
C111E851
C11553BA
C118C95F
C11C4890
C11FD09D
C12360DD
C126F8A7
C12A9758
C12E3C52
C131E6FB
C13596BD
C1394B08
C13D0351
C140BF10
C1447DC4
C1483EED
C14C0211
C14FC6B7
C1538C6C
C15752BD
C15B1939
C15EDF72
C162A4F8
C166695E
C16A2C35
C16DED0C
C171AB71
C17566F0
C1791F0F
C17CD353
C180419D
C182171D
C183E9E4
C185B9A6
C1878615
C1894EDC
C18B13A4
C18CD410
C18E8FBE
C1904647
C191F73F
C193A236
C19546B8
C196E44F
C1987A83
C19A08DB
C19B8EDF
C19D0C1B
C19E8020
C19FEA88
C1A14AF5
C1A2A116
C1A3ECAC
C1A52D7D
C1A6636F
C1A78E71
C1A8AE89
C1A9C3CE
C1AACE6C
C1ABCE90
C1ACC492
C1ADB0C3
C1AE937D
C1AF6D2E
C1B03E43
C1B1072F
C1B1C866
C1B2825A
C1B3357F
C1B3E244
C1B48914
C1B52A58
C1B5C670
C1B65DBA
C1B6F08C
C1B77F37
C1B80A08
C1B89145
C1B9152F
C1B99601
C1BA13F5
C1BA8F3C
C1BB0806
C1BB7E7F
C1BBF2CE
C1BC6519
C1BCD582
C1BD4426
C1BDB125
C1BE1C97
C1BE8695
C1BEEF37
C1BF5691
C1BFBCB6
C1C021BA
C1C085AB
C1C0E89A
C1C14A95
C1C1ABAA
C1C20BE5
C1C26B52
C1C2C9FC
C1C327ED
C1C3852E
C1C3E1CA
C1C43DC7
C1C4992E
C1C4F406
C1C54E57
C1C5A827
C1C6017C
C1C65A5C
C1C6B2CC
C1C70AD2
C1C76273
C1C7B9B3
C1C81097
C1C86723
C02C12C7
C02C2C37
C02C46AE
C02C6236
C02C7EDB
C02C9CA9
C02CBBAB
C02CDBEF
C02CFD83
C02D2074
C02D44D1
C02D6AA9
C02D920C
C02DBB0B
C02DE5B7
C02E1223
C02E4062
C02E7087
C02EA2A7
C02ED6D8
C02F0D31
C02F45CA
C02F80BB
C02FBE1F
C02FFE10
C03040AB
C030860F
C030CE5A
C03119AD
C031682B
C031B9F7
C0320F37
C0326813
C032C4B4
C0332546
C03389F6
C033F2F4
C0346073
C034D2A6
C03549C6
C035C60C
C03647B6
C036CF04
C0375C39
C037EF9C
C0388979
C0392A1D
C039D1DB
C03A8109
C03B3804
C03BF72C
C03CBEE6
C03D8F9C
C03E69C0
C03F4DC8
C0403C30
C041357C
C0423A37
C0434AF3
C044684A
C04592DD
C046CB59
C0481272
C04968E5
C04ACF7C
C04C4708
C04DD068
C04F6C86
C0511C58
C052E0E2
C054BB34
C056AC6D
C058B5B9
C05AD854
C05D1589
C05F6EB4
C061E53E
C0647AA4
C0673071
C06A0841
C06D03C1
C07024AF
C0736CD6
C076DE13
C07A7A50
C07E4386
C0811DDB
C0833278
C08560A5
C087A970
C08A0DE7
C08C8F1B
C08F2E1A
C091EBED
C094C99A
C097C81C
C09AE866
C09E2B5E
C0A191DA
C0A51C9F
C0A8CC5C
C0ACA1AC
C0B09D0F
C0B4BEEA
C0B90785
C0BD7709
C0C20D81
C0C6CAD6
C0CBAECE
C0D0B912
C0D5E927
C0DB3E75
C0E0B843
C0E655BE
C0EC15F6
C0F1F7E5
C0F7FA6E
C0FE1C61
C1022E40
C1055CBD
C10898FE
C10BE253
C10F3809
C112996E
C11605CF
C1197C79
C11CFCBC
C12085EA
C1241759
C127B063
C12B5064
C12EF6C1
C132A2E0
C136542D
C13A0A1A
C13DC41C
C14181AE
C1454250
C1490585
C14CCAD4
C15091C8
C15459EF
C15822DA
C15BEC1B
C15FB548
C1637DF4
C16745B7
C16B0C25
C16ED0D4
C1729358
C1765340
C17A101C
C17DC975
C180BF6A
C18297DB
C1846DCC
C18640F6
C1881110
C189DDCB
C18BA6D6
C18D6BD7
C18F2C74
C190E84B
C1929EF6
C1945009
C195FB15
C1979FA6
C1993D47
C19AD380
C19C61D8
C19DE7D8
C19F650D
C1A0D907
C1A24361
C1A3A3BE
C1A4F9CD
C1A6454E
C1A78603
C1A8BBE4
C1A9E6CE
C1AB06CD
C1AC1BF6
C1AD267D
C1AE2689
C1AF1C70
C1B0088A
C1B0EB2C
C1B1C4C7
C1B295C8
C1B35E9D
C1B41FC0
C1B4D9A2
C1B58CB5
C1B63969
C1B6E02A
C1B7815F
C1B81D6A
C1B8B4A7
C1B9476E
C1B9D60E
C1BA60D5
C1BAE808
C1BB6BE9
C1BBECB3
C1BC6A9F
C1BCE5DF
C1BD5EA3
C1BDD515
C1BE495F
C1BEBBA5
C1BF2C08
C1BF9AA8
C1C007A2
C1C0730F
C1C0DD0A
C1C145A8
C1C1ACFF
C1C21321
C1C27821
C1C2DC0F
C1C33EFC
C1C3A0F4
C1C40207
C1C46240
C1C4C1AA
C1C52052
C1C57E41
C1C5DB81
C1C6381A
C1C69416
C1C6EF7B
C1C74A52
C1C7A4A2
C1C7FE70
C1C857C4
C1C8B0A2
C1C90911
C1C96116
C1C9B8B6
C1CA0FF5
C1CA66D8
C02E8199
C02E9B10
C02EB58D
C02ED11D
C02EEDC9
C02F0B9E
C02F2AA9
C02F4AF5
C02F6C91
C02F8F8B
C02FB3F1
C02FD9D3
C0300140
C0302A4A
C0305501
C0308178
C030AFC2
C030DFF3
C0311220
C031465E
C0317CC5
C031B56C
C031F06C
C0322DDE
C0326DDF
C032B08B
C032F600
C0333E5D
C03389C3
C033D854
C0342A34
C0347F89
C034D87B
C0353532
C03595DB
C035FAA4
C03663BB
C036D153
C03743A2
C037BADE
C0383742
C038B90A
C0394078
C039CDCE
C03A6154
C03AFB54
C03B9C1D
C03C4402
C03CF359
C03DAA7E
C03E69D1
C03F31B8
C040029D
C040DCF2
C041C12C
C042AFC9
C043A94C
C044AE40
C045BF37
C046DCCC
C04807A0
C049405F
C04A87BD
C04BDE78
C04D4559
C04EBD33
C05046E5
C051E357
C0539382
C0555867
C0573318
C05924B4
C05B2E67
C05D516D
C05F8F12
C061E8B0
C0645FB3
C066F597
C069ABE6
C06C843F
C06F804D
C072A1CD
C075EA8E
C0795C6B
C07CF94E
C0806199
C0825E0B
C0847306
C086A195
C088EAC5
C08B4FA7
C08DD14A
C09070BC
C0932F07
C0960D31
C0990C35
C09C2D08
C09F708D
C0A2D79D
C0A662FC
C0AA135B
C0ADE953
C0B1E565
C0B607F6
C0BA5150
C0BEC19B
C0C358E3
C0C81710
C0CCFBEC
C0D2071C
C0D73829
C0DC8E7A
C0E20957
C0E7A7ED
C0ED694D
C0F34C72
C0F9503F
C0FF7386
C102DA83
C10609BB
C10946BF
C10C90E1
C10FE76E
C11349B4
C116B702
C11A2EA4
C11DAFEC
C1213A2C
C124CCBC
C12866F5
C12C0837
C12FAFE4
C1335D66
C137102A
C13AC7A2
C13E8346
C1424292
C1460507
C149CA2B
C14D9186
C1515AA6
C155251B
C158F079
C15CBC56
C1608848
C16453E9
C1681ED3
C16BE89E
C16FB0E6
C1737743
C1773B4A
C17AFC91
C17EBAA9
C1813A8F
C18315BD
C184EE9F
C186C4F4
C1889877
C18A68DF
C18C35DF
C18DFF24
C18FC458
C1918520
C193411A
C194F7E1
C196A90B
C1985428
C199F8C5
C19B966C
C19D2CA7
C19EBAFD
C1A040F8
C1A1BE23
C1A33212
C1A49C5D
C1A5FCA9
C1A752A4
C1A89E0E
C1A9DEB7
C1AB1479
C1AC3F41
C1AD5F2E
C1AE7444
C1AF7EAB
C1B07EA7
C1B17473
C1B26074
C1B34303
C1B41C82
C1B4ED6E
C1B5B632
C1B67741
C1B73111
C1B7E414
C1B890B8
C1B9376A
C1B9D892
C1BA748F
C1BB0BC0
C1BB9E7B
C1BC2D11
C1BCB7CE
C1BD3EF8
C1BDC2D1
C1BE4393
C1BEC177
C1BF3CB1
C1BFB56E
C1C02BDB
C1C0A01F
C1C1125F
C1C182BD
C1C1F159
C1C25E4E
C1C2C9B8
C1C333AF
C1C39C4A
C1C4039D
C1C469BC
C1C4CEB9
C1C532A4
C1C5958E
C1C5F784
C1C65895
C1C6B8CB
C1C71834
C1C776DA
C1C7D4C7
C1C83205
C1C88E9C
C1C8EA96
C1C945FA
C1C9A0D0
C1C9FB1E
C1CA54EB
C1CAAE3D
C1CB071B
C1CB5F89
C1CBB78D
C1CC0F2B
C1CC6669
C030F0A4
C0310A21
C03124A5
C031403B
C0315CEF
C0317ACB
C03199DD
C031BA32
C031DBD6
C031FED9
C0322348
C0324933
C03270A9
C03299BD
C032C47E
C032F100
C0331F56
C0334F93
C03381CC
C033B617
C033EC8A
C034253F
C034604C
C0349DCE
C034DDDE
C035209A
C035661F
C035AE8D
C035FA05
C03648A8
C0369A9C
C036F005
C037490B
C037A5D9
C0380698
C0386B78
C038D4A8
C0394259
C039B4C2
C03A2C1A
C03AA89A
C03B2A80
C03BB20C
C03C3F82
C03CD329
C03D6D4C
C03E0E39
C03EB642
C03F65C0
C0401D0D
C040DC8A
C041A49C
C04275AF
C0435033
C044349E
C045236D
C0461D25
C0472250
C0483381
C0495150
C04A7C62
C04BB561
C04CFD02
C04E5403
C04FBB2C
C0513352
C052BD51
C0545A15
C0560A94
C057CFD1
C059AADE
C05B9CD9
C05DA6EF
C05FCA5C
C062086C
C064627A
C066D9F1
C069704D
C06C271B
C06EFFF6
C071FC8C
C0751E9A
C07867EE
C07BDA65
C07F77E9
C081A139
C0839E02
C085B358
C087E244
C08A2BD7
C08C911E
C08F132B
C091B30C
C09471CB
C097506C
C09A4FEE
C09D7143
C0A0B551
C0A41CEF
C0A7A8E2
C0AB59DB
C0AF3074
C0B32D2E
C0B7506E
C0BB9A7F
C0C00B89
C0C4A398
C0C96296
C0CE484A
C0D3545E
C0D88658
C0DDDDA1
C0E35981
C0E8F925
C0EEBBA1
C0F49FEE
C0FAA4F1
C10064BE
C1038629
C106B613
C109F3D1
C10D3EB6
C1109610
C113F92D
C117675C
C11ADFEB
C11E622B
C121ED71
C1258113
C1291C6D
C12CBEDF
C13067CD
C13416A0
C137CAC7
C13B83B6
C13F40E6
C14301D4
C146C603
C14A8CFA
C14E5645
C1522172
C155EE14
C159BBC1
C15D8A11
C161589F
C1652706
C168F4E5
C16CC1D9
C1708D7F
C1745775
C1781F57
C17BE4BE
C17FA742
C181B33B
C18390F5
C1856C95
C18745DC
C1891C8B
C18AF05E
C18CC10B
C18E8E46
C19057BF
C1921D1F
C193DE0C
C1959A24
C1975103
C199023F
C19AAD69
C19C520E
C19DEFBA
C19F85F4
C1A11446
C1A29A39
C1A4175A
C1A58B3C
C1A6F578
C1A855B0
C1A9AB9D
C1AAF6ED
C1AC377C
C1AD6D2B
C1AE97E5
C1AFB7AA
C1B0CCAA
C1B1D6FB
C1B2D6E0
C1B3CC93
C1B4B87D
C1B59AF3
C1B67460
C1B7453F
C1B80DEC
C1B8CEE8
C1B988A6
C1BA3B98
C1BAE82D
C1BB8ED1
C1BC2FEB
C1BCCBDC
C1BD6301
C1BDF5B1
C1BE843D
C1BF0EF1
C1BF9612
C1C019E2
C1C09A9D
C1C1187A
C1C193AD
C1C20C64
C1C282CB
C1C2F70A
C1C36945
C1C3D99E
C1C44836
C1C4B527
C1C5208D
C1C58A80
C1C5F318
C1C65A67
C1C6C084
C1C7257E
C1C78967
C1C7EC4E
C1C84E42
C1C8AF4F
C1C90F84
C1C96EEB
C1C9CD8F
C1CA2B7A
C1CA88B6
C1CAE54C
C1CB4144
C1CB9CA7
C1CBF77B
C1CC51C8
C1CCAB93
C1CD04E5
C1CD5DC1
C1CDB62E
C1CE0E31
C1CE65CE
C0335FE6
C0337969
C03393F3
C033AF90
C033CC4A
C033EA2E
C0340947
C03429A3
C0344B50
C0346E5A
C03492D2
C034B8C6
C034E046
C0350963
C035342E
C03560BB
C0358F1B
C035BF63
C035F1A8
C03625FF
C0365C7F
C0369541
C036D05C
C0370DEC
C0374E0B
C03790D6
C037D66B
C0381EEA
C0386A72
C038B928
C0390B2E
C03960AA
C039B9C5
C03A16A7
C03A777C
C03ADC72
C03B45B9
C03BB383
C03C2605
C03C9D77
C03D1A12
C03D9C15
C03E23BE
C03EB153
C03F451A
C03FDF5E
C040806D
C041289B
C041D83E
C0428FB1
C0434F57
C0441793
C044E8D1
C045C382
C046A81C
C047971D
C0489107
C0499667
C04AA7CE
C04BC5D7
C04CF124
C04E2A61
C04F7242
C050C986
C05230F5
C053A963
C05533AD
C056D0BF
C0588190
C05A4722
C05C2286
C05E14DD
C0601F52
C0624322
C0648199
C066DC13
C06953FA
C06BEACA
C06EA210
C0717B69
C0747882
C0779B19
C07AE4FB
C07E5805
C080FB11
C082E0A6
C084DDC2
C086F36F
C08922B6
C08B6CA6
C08DD250
C09054C3
C092F50E
C095B43B
C0989351
C09B934B
C09EB51D
C0A1F9AE
C0A561D4
C0A8EE55
C0AC9FE2
C0B07715
C0B47470
C0B89859
C0BCE319
C0C154DB
C0C5EDA9
C0CAAD6D
C0CF93F2
C0D4A0DF
C0D9D3BD
C0DF2BF2
C0E4A8CA
C0EA4972
C0F00CFD
C0F5F265
C0FBF891
C1010F29
C1043136
C10761CA
C10AA03B
C10DEBDA
C11143F8
C114A7E2
C11816E8
C11B9058
C11F1386
C1229FC4
C126346C
C129D0D9
C12D746C
C1311E8A
C134CE9D
C1388416
C13C3E69
C13FFD10
C143BF8A
C147855C
C14B4E0E
C14F192C
C152E649
C156B4F8
C15A84D2
C15E5572
C1622674
C165F778
C169C81E
C16D9808
C17166D7
C175342D
C178FFA9
C17CC8EC
C18047C8
C1822999
C18409B4
C185E7E0
C187C3E6
C1899D88
C18B7487
C18D489F
C18F1989
C190E6FA
C192B09F
C1947625
C1963731
C197F363
C199AA56
C19B5BA0
C19D06D4
C19EAB7E
C1A0492B
C1A1DF64
C1A36DB0
C1A4F39A
C1A670B0
C1A7E483
C1A94EAE
C1AAAED6
C1AC04A8
C1AD4FF1
C1AE9062
C1AFC5FA
C1B0F09A
C1B2104E
C1B32535
C1B42F65
C1B52F31
C1B624D7
C1B710A6
C1B7F30A
C1B8CC67
C1B99D28
C1BA65C3
C1BB26B0
C1BBE05E
C1BC9340
C1BD3FC7
C1BDE65D
C1BE876A
C1BF2350
C1BFBA6A
C1C04D0F
C1C0DB92
C1C1663C
C1C1ED55
C1C2711D
C1C2F1D1
C1C36FA7
C1C3EAD4
C1C46385
C1C4D9E6
C1C54E20
C1C5C056
C1C630AB
C1C69F3E
C1C70C2B
C1C7778E
C1C7E17E
C1C84A11
C1C8B15E
C1C91777
C1C97C6F
C1C9E055
C1CA433A
C1CAA52B
C1CB0637
C1CB6669
C1CBC5CE
C1CC2470
C1CC825A
C1CCDF94
C1CD3C29
C1CD9820
C1CDF381
C1CE4E53
C1CEA89F
C1CF0269
C1CF5BB9
C1CFB494
C1D00D00
C1D06502
C035CF5C
C035E8E5
C0360375
C0361F18
C0363BD9
C03659C4
C03678E4
C0369948
C036BAFC
C036DE0E
C037028E
C037288A
C0375013
C037793A
C037A40F
C037D0A5
C037FF10
C0382F63
C03861B3
C0389616
C038CCA2
C0390570
C0394099
C0397E36
C039BE63
C03A013D
C03A46E2
C03A8F70
C03ADB09
C03B29D0
C03B7BE8
C03BD177
C03C2AA4
C03C879B
C03CE885
C03D4D90
C03DB6EE
C03E24CF
C03E976A
C03F0EF5
C03F8BAA
C0400DC8
C040958E
C0412341
C041B726
C042518A
C042F2BA
C0439B0A
C0444AD1
C045026A
C045C236
C0468A9B
C0475C03
C04836DF
C0491BA6
C04A0AD6
C04B04F2
C04C0A84
C04D1C21
C04E3A60
C04F65E7
C0509F5F
C051E77E
C0533F02
C054A6B4
C0561F67
C057A9FA
C0594758
C05AF876
C05CBE59
C05E9A13
C0608CC1
C0629792
C064BBC2
C066FA9C
C069557D
C06BCDCF
C06E650F
C0711CC9
C073F69B
C076F432
C07A174C
C07D61B6
C0806AA7
C0823A00
C0841FE1
C0861D4E
C088334E
C08A62EB
C08CAD36
C08F133E
C0919613
C09436C4
C096F65C
C099D5E0
C09CD64E
C09FF899
C0A33DA7
C0A6A650
C0AA335A
C0ADE575
C0B1BD3C
C0B5BB32
C0B9DFBC
C0BE2B24
C0C29D95
C0C7371A
C0CBF79E
C0D0DEEB
C0D5ECA8
C0DB205F
C0E07978
C0E5F73E
C0EB98DE
C0F15D6C
C0F743E4
C0FD4B2B
C101B90B
C104DBB3
C1080CE9
C10B4C04
C10E9856
C111F12E
C11555DC
C118C5AF
C11C3FF7
C11FC406
C1235132
C126E6D3
C12A8445
C12E28EB
C131D42A
C135856E
C1393C28
C13CF7CC
C140B7D8
C1447BCA
C1484328
C14C0D7D
C14FDA56
C153A948
C15779E7
C15B4BCF
C15F1E9C
C162F1EE
C166C567
C16A98AA
C16E6B5C
C1723D22
C1760DA1
C179DC7E
C17DA95C
C180B9EF
C1829DD1
C1848022
C18660B0
C1883F43
C18A1BA4
C18BF597
C18DCCDD
C18FA133
C1917253
C1933FF1
C19509BE
C196CF64
C198908B
C19A4CD1
C19C03D4
C19DB52A
C19F6064
C1A10512
C1A2A2BE
C1A438F2
C1A5C737
C1A74D17
C1A8CA20
C1AA3DE4
C1ABA800
C1AD0814
C1AE5DD4
C1AFA906
C1B0E96A
C1B21EE2
C1B3496D
C1B46907
C1B57DD6
C1B687FC
C1B787A7
C1B87D2C
C1B968F9
C1BA4B34
C1BB247D
C1BBF52E
C1BCBDBA
C1BD7E95
C1BE3833
C1BEEB07
C1BF977F
C1C03E08
C1C0DF09
C1C17AE2
C1C211F2
C1C2A48D
C1C33306
C1C3BDA8
C1C444B8
C1C4C879
C1C54925
C1C5C6F5
C1C6421B
C1C6BAC7
C1C73123
C1C7A557
C1C81789
C1C887DA
C1C8F669
C1C96352
C1C9CEB1
C1CA389E
C1CAA12E
C1CB0878
C1CB6E8F
C1CBD383
C1CC3767
C1CC9A4A
C1CCFC39
C1CD5D43
C1CDBD73
C1CE1CD6
C1CE7B76
C1CED95E
C1CF3697
C1CF932A
C1CFEF1F
C1D04A7F
C1D0A550
C1D0FF9B
C1D15964
C1D1B2B3
C1D20B8D
C1D263F8
C0383F05
C0385893
C038732A
C0388ED3
C038AB9A
C038C98B
C038E8B2
C039091D
C0392AD8
C0394DF2
C039727A
C039987F
C039C010
C039E940
C03A141E
C03A40BE
C03A6F33
C03A9F90
C03AD1EB
C03B0659
C03B3CF1
C03B75CB
C03BB101
C03BEEAB
C03C2EE6
C03C71CE
C03CB781
C03D001F
C03D4BC8
C03D9A9F
C03DECC8
C03E4269
C03E9BA9
C03EF8B3
C03F59B1
C03FBED2
C0402845
C040963D
C04108EF
C0418092
C041FD61
C0427F99
C043077B
C0439549
C044294C
C044C3CF
C045651F
C0460D90
C046BD7A
C0477536
C0483528
C048FDB3
C049CF43
C04AAA4A
C04B8F3D
C04C7E9A
C04D78E4
C04E7EA8
C04F9077
C050AEEC
C051DAA9
C053145B
C0545CB5
C055B477
C0571C69
C0589560
C05A2038
C05BBDDE
C05D6F48
C05F3579
C0611184
C0630487
C0650FB0
C067343C
C0697375
C06BCEB9
C06E4773
C070DF1E
C0739749
C076718F
C0796F9F
C07C9336
C07FDE24
C081A922
C08378C2
C0855EED
C0875CA7
C08972F7
C08BA2E8
C08DED8A
C09053EC
C092D720
C0957833
C0983831
C09B1820
C09E18FC
C0A13BBB
C0A48141
C0A7EA68
C0AB77F4
C0AF2A98
C0B302EE
C0B70178
C0BB269C
C0BF72A6
C0C3E5BF
C0C87FF4
C0CD4130
C0D2293B
C0D737C1
C0DC6C48
C0E1C63B
C0E744E4
C0ECE772
C0F2ACF8
C0F89474
C0FE9CCB
C1026268
C10585A5
C108B777
C10BF734
C10F4430
C1129DBB
C1160324
C11973BB
C11CEED0
C12073B7
C12401C4
C1279852
C12B36BE
C12EDC6A
C13288BC
C1363B22
C139F30C
C13DAFF2
C141714F
C14536A6
C148FF7C
C14CCB5E
C15099DB
C1546A87
C1583CFC
C15C10D4
C15FE5AF
C163BB30
C16790F9
C16B66B2
C16F3C01
C1731090
C176E406
C17AB60D
C17E864C
C1812A35
C1831006
C184F469
C186D72F
C188B824
C18A9713
C18C73C5
C18E4E00
C1902584
C191FA11
C193CB60
C1959926
C1976314
C19928D6
C19AEA13
C19CA66B
C19E5D7A
C1A00ED8
C1A1BA16
C1A35EC4
C1A4FC6E
C1A6929B
C1A820D8
C1A9A6AE
C1AB23A8
C1AC975D
C1AE0165
C1AF6169
C1B0B71D
C1B2022B
C1B34273
C1B477E1
C1B5A274
C1B6C1DE
C1B7D68A
C1B8E09C
C1B9E02E
C1BAD5B5
C1BBC159
C1BCA38C
C1BD7CBF
C1BE4D5B
C1BF15D4
C1BFD69C
C1C09029
C1C142ED
C1C1EF56
C1C295D2
C1C336C5
C1C3D293
C1C46998
C1C4FC29
C1C58A99
C1C61532
C1C69C3B
C1C71FF4
C1C7A09A
C1C81E63
C1C89984
C1C9122A
C1C98881
C1C9FCB0
C1CA6EDE
C1CADF2A
C1CB4DB5
C1CBBA9B
C1CC25F7
C1CC8FE0
C1CCF86E
C1CD5FB5
C1CDC5C8
C1CE2ABB
C1CE8E9C
C1CEF17C
C1CF5369
C1CFB471
C1D014A0
C1D07401
C1D0D29F
C1D13085
C1D18DBD
C1D1EA4E
C1D24642
C1D2A1A1
C1D2FC71
C1D356BA
C1D3B082
C1D409D0
C1D462A9
C03AAEDE
C03AC872
C03AE30E
C03AFEBD
C03B1B8A
C03B3982
C03B58B0
C03B7921
C03B9AE4
C03BBE05
C03BE295
C03C08A1
C03C303B
C03C5973
C03C845A
C03CB104
C03CDF82
C03D0FE9
C03D424F
C03D76C7
C03DAD6B
C03DE651
C03E2192
C03E5F49
C03E9F91
C03EE287
C03F2848
C03F70F5
C03FBCAD
C0400B94
C0405DCE
C040B380
C0410CD2
C04169EE
C041CB00
C0423034
C04299BC
C04307CA
C0437A93
C043F24D
C0446F35
C044F186
C0457982
C046076C
C0469B8C
C047362C
C047D79B
C048802C
C0493036
C049E816
C04AA82B
C04B70DB
C04C4293
C04D1DC1
C04E02DE
C04EF267
C04FECDF
C050F2D1
C05204D1
C0532379
C0544F6C
C0558954
C056D1E8
C05829E6
C0599216
C05B0B4C
C05C9668
C05E3453
C05FE605
C061AC82
C06388DC
C0657C30
C06787AE
C069AC92
C06BEC27
C06E47CA
C070C0E7
C07358FA
C0761190
C078EC46
C07BEACA
C07F0EDB
C0812D23
C082E775
C084B759
C0869DCC
C0889BCF
C08AB26C
C08CE2AE
C08F2DA3
C091945C
C09417EA
C096B95C
C09979BC
C09C5A11
C09F5B58
C0A27E86
C0A5C480
C0A92E1F
C0ACBC29
C0B06F50
C0B4482E
C0B84747
C0BC6D00
C0C0B9A4
C0C52D5F
C0C9C83D
C0CE8A28
C0D372EB
C0D88230
C0DDB77F
C0E31242
C0E891C5
C0EE3537
C0F3FBAB
C0F9E41F
C0FFED7A
C1030B48
C1062F13
C1096179
C10CA1D2
C10FEF71
C11349A6
C116AFC1
C11A2113
C11D9CEC
C12122A1
C124B186
C12848F6
C12BE850
C12F8EF5
C1333C4D
C136EFC6
C13AA8D2
C13E66E9
C1422988
C145F031
C149BA6C
C14D87C6
C15157D0
C1552A20
C158FE50
C15CD3FE
C160AACA
C1648259
C1685A51
C16C325B
C1700A20
C173E14D
C177B78D
C17B8C8C
C17F5FF6
C18198BB
C183805B
C18566AD
C1874B85
C1892EB2
C18B1003
C18CEF45
C18ECC3F
C190A6B9
C1927E75
C1945331
C19624A9
C197F291
C199BC9C
C19B8276
C19D43C5
C19F002A
C1A0B743
C1A268A6
C1A413E6
C1A5B893
C1A75638
C1A8EC5F
C1AA7A91
C1AC0059
C1AD7D45
C1AEF0ED
C1B05AE8
C1B1BAD3
C1B3106B
C1B45B64
C1B59B84
C1B6D0F6
C1B7FB54
C1B91AC5
C1BA2F68
C1BB3951
C1BC38D5
C1BD2E3A
C1BE19D0
C1BEFBE8
C1BFD513
C1C0A5A1
C1C16E00
C1C22ECA
C1C2E845
C1C39AF9
C1C44755
C1C4EDC4
C1C58EAC
C1C62A6F
C1C6C16A
C1C753F2
C1C7E259
C1C86CEA
C1C8F3EB
C1C9779E
C1C9F83D
C1CA7600
C1CAF11B
C1CB69BB
C1CBE00E
C1CC5439
C1CCC662
C1CD36AA
C1CDA532
C1CE1214
C1CE7D6C
C1CEE752
C1CF4FDD
C1CFB721
C1D01D32
C1D08222
C1D0E601
C1D148DF
C1D1AACA
C1D20BD0
C1D26BFD
C1D2CB5C
C1D329F9
C1D387DE
C1D3E514
C1D441A4
C1D49D97
C1D4F8F4
C1D553C3
C1D5AE0B
C1D607D2
C1D6611E
C03D1EE7
C03D3880
C03D5322
C03D6ED6
C03D8BA9
C03DA9A7
C03DC8DB
C03DE953
C03E0B1C
C03E2E45
C03E52DC
C03E78F0
C03EA092
C03EC9D2
C03EF4C2
C03F2174
C03F4FFC
C03F806D
C03FB2DC
C03FE75F
C0401E0E
C04056FF
C040924C
C040D00F
C0411064
C0415367
C0419936
C041E1F0
C0422DB8
C0427CAE
C042CEF7
C04324BA
C0437E1E
C043DB4B
C0443C70
C044A1B8
C0450B54
C0457976
C045EC54
C0466426
C046E125
C047638E
C047EBA4
C04879A8
C0490DE3
C049A89F
C04A4A2C
C04AF2DC
C04BA306
C04C5B07
C04D1B3F
C04DE413
C04EB5F0
C04F9145
C050768A
C051663D
C05260E0
C0536701
C0547930
C0559809
C056C42E
C057FE4C
C0594716
C05A9F4D
C05C07B9
C05D812E
C05F0C8A
C060AAB8
C0625CB0
C0642376
C066001A
C067F3BD
C069FF8D
C06C24C5
C06E64B3
C070C0B2
C0733A2E
C075D2A5
C0788BA2
C07B66C3
C07E65B8
C080C51F
C0826B11
C08425A2
C085F5C7
C087DC7E
C089DAC9
C08BF1B0
C08E223F
C0906D84
C092D491
C0955876
C097FA42
C09ABB01
C09D9BB8
C0A09D66
C0A3C0FE
C0A70767
C0AA717A
C0ADFFFD
C0B1B3A1
C0B58D03
C0B98CA4
C0BDB2EB
C0C20024
C0C6747A
C0CB0FF9
C0CFD28D
C0D4BC00
C0D9CBFC
C0DF020B
C0E45D97
C0E9DDEA
C0EF8236
C0F5498E
C0FB32F0
C1009EA2
C103B3AF
C106D801
C10A0AF6
C10D4BE4
C1109A1E
C113F4F6
C1175BBC
C11ACDC0
C11E4A55
C121D0CD
C1256080
C128F8C8
C12C9904
C1304097
C133EEE9
C137A369
C13B5D88
C13F1CC1
C142E091
C146A87B
C14A7409
C14E42C8
C152144B
C155E828
C159BDFC
C15D9566
C1616E08
C1654789
C1692190
C16CFBC9
C170D5E0
C174AF83
C1788861
C17C602B
C1801B47
C182059D
C183EEED
C185D70F
C187BDD6
C189A316
C18B86A1
C18D6844
C18F47CF
C1912509
C192FFBB
C194D7A7
C196AC8D
C1987E28
C19A4C2E
C19C1652
C19DDC3E
C19F9D9C
C1A15A0B
C1A3112B
C1A4C291
C1A66DD1
C1A8127B
C1A9B019
C1AB4637
C1ACD45F
C1AE5A1B
C1AFD6F9
C1B14A8E
C1B2B474
C1B41455
C1B569CA
C1B6B4B4
C1B7F4DE
C1B92A1E
C1BA5465
C1BB73C0
C1BC8856
C1BD9228
C1BE9186
C1BF86E2
C1C0725C
C1C1546A
C1C22D79
C1C2FDF4
C1C3C64D
C1C486F8
C1C54068
C1C5F311
C1C69F61
C1C745C5
C1C7E6A2
C1C8825B
C1C9194C
C1C9ABCC
C1CA3A2A
C1CAC4B4
C1CB4BAE
C1CBCF59
C1CC4FF2
C1CCCDB0
C1CD48C5
C1CDC160
C1CE37AE
C1CEABD4
C1CF1DF9
C1CF8E3E
C1CFFCC1
C1D069A0
C1D0D4F5
C1D13ED8
C1D1A760
C1D20EA2
C1D274B1
C1D2D99E
C1D33D7B
C1D3A057
C1D40240
C1D46344
C1D4C36F
C1D522CD
C1D58168
C1D5DF4B
C1D63C80
C1D6990E
C1D6F500
C1D7505C
C1D7AB2A
C1D80570
C1D85F36
C03F8F1D
C03FA8BB
C03FC362
C03FDF1C
C03FFBF4
C04019F7
C0403932
C04059B0
C0407B80
C0409EB0
C040C34D
C040E969
C0411113
C0413A5B
C0416553
C041920E
C041C09F
C041F119
C0422392
C042581F
C0428ED8
C042C7D4
C043032C
C04340FB
C043815C
C043C46C
C0440A48
C0445310
C0449EE6
C044EDEB
C0454043
C0459616
C045EF8A
C0464CC9
C046ADFF
C047135A
C0477D09
C047EB40
C0485E33
C048D61A
C049532F
C049D5B1
C04A5DDE
C04AEBFC
C04B8051
C04C1B29
C04CBCD2
C04D65A0
C04E15E9
C04ECE0A
C04F8E63
C050575A
C051295A
C05204D5
C052EA41
C053DA1C
C054D4EA
C055DB35
C056ED92
C0580C9A
C05938F0
C05A7341
C05BBC41
C05D14AF
C05E7D54
C05FF704
C061829E
C063210D
C064D348
C0669A53
C0687741
C06A6B2F
C06C774D
C06E9CD7
C070DD1A
C0733971
C075B349
C0784C1F
C07B0580
C07DE109
C0807034
C08202AF
C083A8DC
C08563AA
C087340E
C0891B07
C08B1996
C08D30C4
C08F619D
C091AD2F
C094148C
C09698C5
C0993AE8
C09BFC02
C09EDD17
C0A1DF27
C0A50326
C0A849FA
C0ABB47C
C0AF4373
C0B2F790
C0B6D16F
C0BAD193
C0BEF864
C0C3462B
C0C7BB16
C0CC5730
C0D11A65
C0D60481
C0DB152D
C0E04BF4
C0E5A83F
C0EB295B
C0F0CE77
C0F696AA
C0FC80F0
C1014619
C1045BA2
C1078077
C10AB3F4
C10DF570
C111443F
C1149FB2
C118071B
C11B79CB
C11EF712
C1227E46
C1260EBD
C129A7D3
C12D48E6
C130F15C
C134A09C
C1385615
C13C113B
C13FD188
C143967A
C1475F96
C14B2C65
C14EFC77
C152CF5F
C156A4B5
C15A7C17
C15E5526
C1622F84
C1660ADB
C169E6D4
C16DC31C
C1719F62
C1757B58
C17956AD
C17D3116
C1808522
C18270F4
C1845BDB
C18645AF
C1882E45
C18A1575
C18BFB13
C18DDEF0
C18FC0DD
C191A0A8
C1937E1B
C19558FE
C1973115
C199061F
C19AD7D8
C19CA5F7
C19E702F
C1A0362B
C1A1F794
C1A3B40B
C1A56B2F
C1A71C96
C1A8C7D4
C1AA6C78
C1AC0A0F
C1ADA024
C1AF2E40
C1B0B3EF
C1B230BE
C1B3A444
C1B50E0F
C1B66DDE
C1B7C343
C1B90E21
C1BA4E29
C1BB8359
C1BCAD90
C1BDCCBC
C1BEE13F
C1BFEB0A
C1C0EA5E
C1C1DFAD
C1C2CAFB
C1C3AD0E
C1C48611
C1C55687
C1C61EB1
C1C6DF56
C1C798B8
C1C84B53
C1C8F796
C1C99DEE
C1CA3EC0
C1CADA6F
C1CB7156
C1CC03CC
C1CC9223
C1CD1CA5
C1CDA398
C1CE273C
C1CEA7CF
C1CF2587
C1CFA097
C1D0192E
C1D08F77
C1D10399
C1D175BA
C1D1E5FB
C1D2547B
C1D2C157
C1D32CA9
C1D39689
C1D3FF0E
C1D4664D
C1D4CC5A
C1D53145
C1D59520
C1D5F7F9
C1D659E1
C1D6BAE3
C1D71B0C
C1D77A68
C1D7D902
C1D836E4
C1D89417
C1D8F0A4
C1D94C95
C1D9A7EF
C1DA02BC
C1DA5D02
C041FF7E
C0421921
C04233CD
C0424F8C
C0426C6A
C0428A73
C042A9B3
C042CA38
C042EC0E
C0430F44
C04333E9
C0435A0B
C04381BC
C043AB0C
C043D60D
C04402D0
C0443169
C04461EC
C044946E
C044C905
C044FFC8
C04538CF
C0457432
C045B20C
C045F279
C0463594
C0467B7D
C046C453
C0471036
C0475F49
C047B1B1
C0480793
C0486117
C048BE66
C0491FAE
C049851A
C049EEDC
C04A5D26
C04AD02D
C04B4829
C04BC555
C04C47EC
C04CD031
C04D5E68
C04DF2D6
C04E8DC8
C04F2F8D
C04FD877
C05088DE
C051411D
C0520196
C052CAAF
C0539CD2
C0547870
C0555E02
C0564E04
C05748FA
C0584F6F
C05961F8
C05A812D
C05BADB3
C05CE834
C05E3167
C05F8A0A
C060F2E7
C0626CD0
C063F8A6
C0659753
C06749CE
C069111D
C06AEE50
C06CE287
C06EEEF0
C07114C9
C073555D
C075B20A
C0782C3A
C07AC56C
C07D7F2C
C0802D8D
C081AD70
C0834021
C084E686
C086A18E
C088722F
C08A5967
C08C5838
C08E6FAA
C090A0CA
C092ECA7
C0955451
C097D8DA
C09A7B51
C09D3CC1
C0A01E32
C0A320A0
C0A64501
C0A98C3C
C0ACF729
C0B0868E
C0B43B20
C0B81578
C0BC161A
C0C03D6D
C0C48BBE
C0C90137
C0CD9DE6
C0D261B6
C0D74C74
C0DC5DC9
C0E19540
C0E6F243
C0EC741E
C0F21A03
C0F7E307
C0FDCE27
C101ED27
C1050327
C1082879
C10B5C77
C10E9E7B
C111EDD9
C11549E1
C118B1E6
C11C2538
C11FA32B
C1232B11
C126BC44
C12A561E
C12DF800
C131A14D
C1355170
C13907D7
C13CC3F7
C140854B
C1444B51
C148158F
C14BE390
C14FB4E4
C153891F
C1575FDB
C15B38B6
C15F1353
C162EF56
C166CC69
C16AAA38
C16E8873
C17266C9
C17644EF
C17A2297
C17DFF77
C180EDA2
C182DADA
C184C73E
C186B2A8
C1889CF1
C18A85F1
C18C6D7F
C18E536F
C1903797
C19219C5
C193F9C9
C195D76E
C197B27C
C1998AB7
C19B5FE0
C19D31B3
C19EFFE7
C1A0CA2F
C1A29038
C1A451A9
C1A60E26
C1A7C54B
C1A976B2
C1AB21EC
C1ACC689
C1AE6419
C1AFFA23
C1B18832
C1B30DD5
C1B48A91
C1B5FE04
C1B767C5
C1B8C77A
C1BA1CD9
C1BB6798
C1BCA796
C1BDDCA5
C1BF06B9
C1C025F0
C1C13A44
C1C24405
C1C34343
C1C4386B
C1C523C8
C1C605B9
C1C6DEA6
C1C7AEE2
C1C8772C
C1C937BE
C1C9F115
C1CAA3A5
C1CB4FDD
C1CBF62A
C1CC96F2
C1CD3298
C1CDC976
C1CE5BE4
C1CEEA33
C1CF74AD
C1CFFB98
C1D07F36
C1D0FFC2
C1D17D74
C1D1F87F
C1D27111
C1D2E756
C1D35B74
C1D3CD92
C1D43DCF
C1D4AC4C
C1D51925
C1D58474
C1D5EE52
C1D656D5
C1D6BE12
C1D7241C
C1D78906
C1D7ECDF
C1D84FB7
C1D8B19C
C1D9129C
C1D972C4
C1D9D21F
C1DA30B7
C1DA8E97
C1DAEBC9
C1DB4855
C1DBA444
C1DBFF9E
C1DC5A6A
C0447009
C04489B1
C044A461
C044C026
C044DD09
C044FB17
C0451A5D
C0453AE8
C0455CC4
C0458000
C045A4AC
C045CAD5
C045F28D
C0461BE5
C04646ED
C04673B8
C046A259
C046D2E5
C0470570
C0473A10
C04770DD
C047A9ED
C047E55B
C0482340
C04863B8
C048A6DF
C048ECD5
C04935B7
C04981A7
C049D0C8
C04A233E
C04A792F
C04AD2C2
C04B3022
C04B9179
C04BF6F7
C04C60CB
C04CCF28
C04D4243
C04DBA53
C04E3793
C04EBA40
C04F429C
C04FD0EA
C0506571
C051007C
C051A25B
C0524B61
C052FBE4
C053B441
C05474D9
C0553E11
C0561055
C056EC17
C057D1CC
C058C1F3
C059BD10
C05AC3AF
C05BD661
C05CF5C2
C05E2275
C05F5D26
C060A68A
C061FF60
C0636872
C064E292
C0666EA1
C0680D8A
C069C044
C06B87D3
C06D6549
C06F59C6
C0716678
C0738C9C
C075CD7F
C0782A7D
C07AA503
C07D3E8D
C07FF8A9
C0816A7B
C082EA90
C0847D75
C086240F
C087DF4F
C089B02B
C08B979F
C08D96B0
C08FAE64
C091DFC8
C0942BEC
C09693E1
C09918B7
C09BBB7E
C09E7D42
C0A15F0A
C0A461D3
C0A78693
C0AACE30
C0AE3983
C0B1C954
C0B57E54
C0B95921
C0BD5A3B
C0C1820D
C0C5D0E1
C0CA46E3
C0CEE420
C0D3A886
C0D893DE
C0DDA5D6
C0E2DDF5
C0E83BA8
C0EDBE3C
C0F364E1
C0F92EAD
C0FF1A9F
C10293D0
C105AA42
C108D00B
C10C0486
C10F470D
C11296F2
C115F389
C1195C23
C11CD011
C1204EA7
C123D738
C127691E
C12B03B4
C12EA65A
C1325075
C1360170
C139B8BA
C13D75C9
C1413816
C144FF23
C148CA76
C14C9999
C1506C1F
C154419C
C15819AC
C15BF3ED
C15FD002
C163AD94
C1678C4C
C16B6BD9
C16F4BEA
C1732C33
C1770C69
C17AEC41
C17ECB74
C18154DD
C1834365
C185312F
C1871E16
C18909F6
C18AF4A8
C18CDE06
C18EC5E8
C190AC23
C192908C
C19472F4
C196532A
C19830FA
C19A0C2D
C19BE488
C19DB9CC
C19F8BB4
C1A159FA
C1A3244F
C1A4EA61
C1A6ABD9
C1A86858
C1AA1F7E
C1ABD0E1
C1AD7C15
C1AF20AD
C1B0BE32
C1B25431
C1B3E230
C1B567C3
C1B6E479
C1B857CF
C1B9C184
C1BB2123
C1BC766F
C1BDC128
C1BF015A
C1C03600
C1C160A2
C1C27F5B
C1C3936B
C1C49D2D
C1C59C46
C1C69180
C1C77C9C
C1C85E76
C1C9374E
C1CA0794
C1CACFBD
C1CB903C
C1CC4983
C1CCFC05
C1CDA832
C1CE4E74
C1CEEF32
C1CF8ACE
C1D021A3
C1D0B409
C1D14251
C1D1CCC4
C1D253AA
C1D2D743
C1D357CA
C1D3D577
C1D4507D
C1D4C90B
C1D53F4B
C1D5B365
C1D6257F
C1D695B9
C1D70432
C1D77108
C1D7DC54
C1D8462F
C1D8AEAF
C1D915E9
C1D97BF1
C1D9E0D8
C1DA44AF
C1DAA785
C1DB0968
C1DB6A67
C1DBCA8D
C1DC29E6
C1DC887D
C1DCE65C
C1DD438D
C1DDA018
C1DDFC05
C1DE575E
C046E0BD
C046FA69
C047151E
C04730E7
C0474DD0
C0476BE3
C0478B2F
C047ABBF
C047CDA1
C047F0E3
C0481595
C0483BC5
C0486384
C0488CE2
C048B7F2
C048E4C5
C049136E
C0494402
C0497696
C049AB3F
C049E215
C04A1B2F
C04A56A7
C04A9496
C04AD519
C04B184C
C04B5E4D
C04BA73B
C04BF338
C04C4266
C04C94EA
C04CEAE9
C04D448B
C04DA1FA
C04E0362
C04E68F0
C04ED2D6
C04F4144
C04FB471
C0502C95
C050A9E9
C0512CAB
C051B51D
C0524381
C052D820
C0537344
C054153C
C054BE5C
C0556EFB
C0562774
C056E82A
C057B181
C05883E5
C0595FC8
C05A45A0
C05B35EB
C05C312E
C05D37F3
C05E4ACD
C05F6A59
C0609737
C061D216
C0631BA9
C06474B0
C065DDF5
C067584B
C068E491
C06A83B3
C06C36A9
C06DFE76
C06FDC2D
C071D0ED
C073DDE4
C0760451
C0784580
C07AA2CD
C07D1DA4
C07FB783
C08138FC
C082A750
C0842796
C085BAAC
C087617A
C0891CF0
C08AEE04
C08CD5B3
C08ED500
C090ECF3
C0931E99
C0956B02
C097D33E
C09A585E
C09CFB73
C09FBD87
C0A29FA3
C0A5A2C3
C0A8C7DD
C0AC0FD9
C0AF7B8F
C0B30BC7
C0B6C132
C0BA9C6D
C0BE9DFC
C0C2C647
C0C71599
C0CB8C1E
C0D029E5
C0D4EED9
C0D9DAC7
C0DEED59
C0E4261B
C0E98477
C0EF07BB
C0F4AF18
C0FA79A4
C100332F
C1033A18
C10650F8
C1097733
C10CAC26
C10FEF29
C1133F90
C1169CB0
C11A05D8
C11D7A5C
C120F98D
C12482C2
C1281552
C12BB09B
C12F53FD
C132FEDD
C136B0A6
C13A68C9
C13E26BA
C141E9F6
C145B1FD
C1497E57
C14D4E8F
C1512237
C154F8E7
C158D239
C15CADCD
C1608B49
C1646A54
C1684A9B
C16C2BCD
C1700D9B
C173EFBC
C177D1E4
C17BB3CD
C17F9531
C181BAE5
C183AAAA
C18599C4
C1878811
C189756E
C18B61B8
C18D4CC8
C18F367B
C1911EA7
C1930524
C194E9C7
C196CC62
C198ACC4
C19A8ABA
C19C660D
C19E3E83
C1A013DD
C1A1E5D8
C1A3B42B
C1A57E8A
C1A744A4
C1A9061F
C1AAC29F
C1AC79C3
C1AE2B21
C1AFD64F
C1B17AE0
C1B3185D
C1B4AE4B
C1B63C3F
C1B7C1C4
C1B93E6A
C1BAB1B4
C1BC1B47
C1BD7AE1
C1BED010
C1C01AA9
C1C15A7B
C1C28F69
C1C3B949
C1C4D8BB
C1C5EC63
C1C6F622
C1C7F54B
C1C8EA45
C1C9D59C
C1CAB74F
C1CB9017
C1CC6054
C1CD2870
C1CDE8E3
C1CEA220
C1CF5499
C1D000BD
C1D0A6F6
C1D147AC
C1D1E341
C1D27A0F
C1D30C6E
C1D39AAF
C1D4251C
C1D4ABFC
C1D52F8F
C1D5B011
C1D62DBA
C1D6A8BB
C1D72144
C1D79780
C1D80B97
C1D87DAD
C1D8EDE3
C1D95C5A
C1D9C92C
C1DA3475
C1DA9E4E
C1DB06CB
C1DB6E03
C1DBD409
C1DC38EE
C1DC9CC3
C1DCFF97
C1DD6179
C1DDC276
C1DE229A
C1DE81F2
C1DEE088
C1DF3E65
C1DF9B95
C1DFF81E
C1E0540B
C0495197
C0496B48
C0498601
C049A1CF
C049BEBC
C049DCD5
C049FC26
C04A1CBB
C04A3EA3
C04A61EB
C04A86A3
C04AACDA
C04AD49F
C04AFE04
C04B291B
C04B55F5
C04B84A6
C04BB542
C04BE7DE
C04C1C90
C04C536F
C04C8C93
C04CC814
C04D060E
C04D469B
C04D89D8
C04DCFE4
C04E18DF
C04E64E8
C04EB423
C04F06B3
C04F5CC0
C04FB670
C05013EE
C0507565
C050DB04
C05144FA
C051B37A
C05226B9
C0529EEF
C0531C56
C0539F2D
C05427B4
C054B62E
C0554AE3
C055E61E
C056882F
C0573168
C057E222
C0589AB7
C0595B89
C05A24FE
C05AF781
C05BD383
C05CB97D
C05DA9EB
C05EA551
C05FAC3C
C060BF3D
C061DEF1
C0630BFA
C0644704
C06590C5
C066E9FB
C0685371
C069CDFA
C06B5A75
C06CF9CF
C06EACFE
C0707507
C07252FC
C07447FC
C0765537
C0787BEA
C07ABD61
C07D1AFA
C07F9620
C0811829
C082758D
C083E40E
C0856481
C086F7C7
C0889EC8
C08A5A72
C08C2BBB
C08E13A2
C090132A
C0922B5A
C0945D3F
C096A9EA
C099126A
C09B97D2
C09E3B30
C0A0FD92
C0A3DFFE
C0A6E373
C0AA08E4
C0AD513B
C0B0BD50
C0B44DE9
C0B803BB
C0BBDF62
C0BFE160
C0C40A1F
C0C859EA
C0CCD0ED
C0D16F37
C0D634B5
C0DB2131
C0E03459
C0E56DB6
C0EACCB4
C0F050A1
C0F5F8AF
C0FBC3F3
C100D8B7
C103E004
C106F74D
C10A1DF5
C10D535A
C11096D4
C113E7B9
C117455B
C11AAF0B
C11E241D
C121A3E4
C1252DB5
C128C0E9
C12C5CDD
C13000F2
C133AC8E
C1375F1C
C13B180D
C13ED6D6
C1429AF5
C14663EB
C14A313F
C14E027E
C151D73C
C155AF0E
C1598992
C15D6669
C1614539
C16525AA
C169076B
C16CEA2C
C170CDA0
C174B17E
C178957E
C17C795A
C1802E68
C1821FCD
C18410BB
C1860112
C187F0B0
C189DF73
C18BCD3A
C18DB9E3
C18FA548
C1918F45
C19377B4
C1955E6B
C1974341
C1992608
C19B0691
C19CE4A8
C19EC017
C1A098A4
C1A26E10
C1A44019
C1A60E78
C1A7D8DE
C1A99EFC
C1AB6079
C1AD1CF9
C1AED418
C1B08572
C1B2309A
C1B3D51F
C1B5728F
C1B70871
C1B89658
C1BA1BD6
C1BB9860
C1BD0B98
C1BE7536
C1BFD49F
C1C129C8
C1C27477
C1C3B3B3
C1C4E8E0
C1C6124C
C1C731B0
C1C845ED
C1C94F6A
C1CA4E5F
C1CB4347
C1CC2E6D
C1CD102C
C1CDE8EA
C1CEB917
C1CF8127
C1D0418C
C1D0FACB
C1D1AD51
C1D25977
C1D2FF36
C1D39FE7
C1D43B76
C1D4D23E
C1D56497
C1D5F2D2
C1D67D39
C1D70413
C1D787A1
C1D8081E
C1D885C2
C1D900BE
C1D97943
C1D9EF7B
C1DA638E
C1DAD5A1
C1DB45D4
C1DBB447
C1DC2117
C1DC8C5E
C1DCF633
C1DD5EAF
C1DDC5E4
C1DE2BE8
C1DE90CB
C1DEF49E
C1DF5770
C1DFB950
C1E01A4C
C1E07A6F
C1E0D9C5
C1E13859
C1E19636
C1E1F364
C1E24FEC
C04BC297
C04BDC4C
C04BF70A
C04C12DC
C04C2FCE
C04C4DEB
C04C6D41
C04C8DDC
C04CAFC9
C04CD317
C04CF7D5
C04D1E11
C04D45DD
C04D6F49
C04D9A66
C04DC748
C04DF600
C04E26A4
C04E5948
C04E8E02
C04EC4EA
C04EFE16
C04F39A1
C04F77A4
C04FB83C
C04FFB84
C050419B
C0508AA0
C050D6B5
C05125FC
C0517899
C051CEB3
C0522871
C05285FE
C052E784
C0534D31
C053B737
C05425C8
C0549918
C0551160
C0558EDA
C05611C4
C0569A5F
C05728EE
C057BDB9
C058590B
C058FB34
C059A485
C05A5558
C05B0E07
C05BCEF5
C05C9886
C05D6B27
C05E4749
C05F2D62
C0601DF1
C061197A
C0622089
C06333B0
C064538B
C06580BC
C066BBF0
C06805DD
C0695F41
C06AC8E6
C06C43A0
C06DD04F
C06F6FDD
C0712344
C072EB86
C074C9B7
C076BEF6
C078CC71
C07AF368
C07D3525
C07F9306
C081073C
C082547C
C083B20A
C08520B5
C086A154
C08834C9
C089DBF9
C08B97D4
C08D6952
C08F516F
C091512F
C0936999
C0959BBB
C097E8A5
C09A5167
C09CD714
C09F7ABA
C0A23D66
C0A5201F
C0A823E4
C0AB49AA
C0AE9258
C0B1FEC7
C0B58FC0
C0B945F4
C0BD2202
C0C1246B
C0C54D99
C0C99DD8
C0CE1555
C0D2B41D
C0D77A1E
C0DC6724
C0E17ADA
C0E6B4CC
C0EC1466
C0F198F6
C0F741AC
C0FD0DA1
C1017DEA
C1048597
C1079D44
C10AC455
C10DFA28
C1113E14
C1148F71
C117ED8F
C11B57C2
C11ECD5D
C1224DB2
C125D818
C1296BE9
C12D0880
C130AD40
C1345990
C1380CD9
C13BC68F
C13F8627
C1434B1F
C14714F8
C14AE33A
C14EB574
C1528B39
C1566420
C15A3FC7
C15E1DD1
C161FDE3
C165DFA9
C169C2D0
C16DA70B
C1718C0E
C1757192
C1795750
C17D3D04
C1809136
C18283A4
C18475AB
C186672C
C1885807
C18A481B
C18C3749
C18E256F
C190126C
C191FE1D
C193E85D
C195D106
C197B7F1
C1999CF4
C19B7FE2
C19D608B
C19F3EBF
C1A11A45
C1A2F2E5
C1A4C861
C1A69A75
C1A868DC
C1AA3348
C1ABF969
C1ADBAE5
C1AF7764
C1B12E7E
C1B2DFD2
C1B48AF0
C1B62F6B
C1B7CCD3
C1B962AA
C1BAF079
C1BC75DF
C1BDF262
C1BF658F
C1C0CF1F
C1C22E74
C1C3837E
C1C4CDF1
C1C60D9C
C1C74263
C1C86C81
C1C98B18
C1CA9F1B
C1CBA87A
C1CCA78B
C1CD9C69
C1CE8798
C1CF697F
C1D041C5
C1D111EE
C1D1D9ED
C1D29A43
C1D35364
C1D405C3
C1D4B1CE
C1D557F1
C1D5F893
C1D69414
C1D72AD2
C1D7BD21
C1D84B53
C1D8D5B3
C1D95C87
C1D9E00E
C1DA6086
C1DADE25
C1DB591D
C1DBD19E
C1DC47D2
C1DCBBE2
C1DD2DF1
C1DD9E21
C1DE0C92
C1DE795F
C1DEE4A3
C1DF4E77
C1DFB6F0
C1E01E24
C1E08425
C1E0E907
C1E14CD8
C1E1AFA9
C1E21188
C1E27282
C1E2D2A4
C1E331F9
C1E3908C
C1E3EE67
C1E44B94
C04E33BB
C04E4D74
C04E6836
C04E840D
C04EA103
C04EBF25
C04EDE7F
C04EFF1F
C04F2112
C04F4465
C04F6928
C04F8F6B
C04FB73D
C04FE0AF
C0500BD3
C05038BB
C050677B
C0509826
C050CAD2
C050FF94
C0513684
C0516FB9
C051AB4D
C051E959
C05229FA
C0526D4C
C052B36E
C052FC7E
C053489F
C05397F1
C053EA9B
C05440C2
C0549A8D
C054F827
C05559BB
C055BF78
C056298D
C056982D
C0570B8E
C05783E8
C0580174
C0588471
C0590D1F
C0599BC2
C05A30A2
C05ACC0A
C05B6E49
C05C17B2
C05CC89D
C05D8166
C05E426E
C05F0C1B
C05FDED8
C060BB18
C061A150
C06291FF
C0638DAA
C06494DB
C065A826
C066C826
C067F57E
C06930DB
C06A7AF2
C06BD482
C06D3E54
C06EB93E
C070461E
C071E5E0
C073997B
C07561F5
C077405F
C07935DA
C07B4394
C07D6ACA
C07FACCB
C0810579
C0824356
C08390BC
C084EE71
C0865D45
C087DE10
C08971B0
C08B190E
C08CD51A
C08EA6CA
C0908F1A
C0928F10
C094A7B3
C096DA10
C0992736
C09B9038
C09E1626
C0A0BA11
C0A37D04
C0A66008
C0A9641A
C0AC8A30
C0AFD332
C0B33FF9
C0B6D14C
C0BA87E0
C0BE6450
C0C26720
C0C690BA
C0CAE168
C0CF5959
C0D3F89A
C0D8BF19
C0DDACA3
C0E2C0E2
C0E7FB64
C0ED5B93
C0F2E0BE
C0F88A16
C0FE56B4
C10222CC
C1052AD5
C10842E3
C10B6A58
C10EA093
C111E4EE
C11536BC
C1189552
C11C0003
C11F761F
C122F6FD
C12681F2
C12A1658
C12DB38C
C13158EF
C13505EA
C138B9E7
C13C7459
C14034B6
C143FA7C
C147C52E
C14B9454
C14F677D
C1533E3C
C157182B
C15AF4E7
C15ED414
C162B559
C1669861
C16A7CDD
C16E627E
C17248FC
C176300F
C17A1773
C17DFEE6
C180F313
C182E67B
C184D98B
C186CC24
C188BE29
C18AAF7B
C18C9FFA
C18E8F87
C1907E02
C1926B4B
C194573E
C19641B9
C1982A96
C19A11AF
C19BF6D9
C19DD9E8
C19FBAAE
C1A198F9
C1A37493
C1A54D43
C1A722CB
C1A8F4E8
C1AAC355
C1AC8DC5
C1AE53E6
C1B01562
C1B1D1DA
C1B388F0
C1B53A3C
C1B6E551
C1B889C3
C1BA271A
C1BBBCDF
C1BD4AAF
C1BED003
C1C04C6B
C1C1BF7C
C1C328EB
C1C48839
C1C5DD0C
C1C727A0
C1C867AF
C1C99BF0
C1CAC566
C1CBE452
C1CCF892
C1CE01C5
C1CF00B7
C1CFF5C9
C1D0E07E
C1D1C297
C1D29AE0
C1D36ADE
C1D432CF
C1D4F336
C1D5AC0F
C1D65EF8
C1D70A77
C1D7B06F
C1D850E1
C1D8ECFF
C1D98395
C1DA15C5
C1DAA3DF
C1DB2E3A
C1DBB508
C1DC388A
C1DCB8FD
C1DD3698
C1DDB18C
C1DE2A09
C1DEA03A
C1DF1446
C1DF8652
C1DFF67F
C1E064ED
C1E0D1B7
C1E13CF9
C1E1A6CA
C1E20F41
C1E27673
C1E2DC73
C1E34152
C1E3A522
C1E407F1
C1E469CF
C1E4CAC7
C1E52AE8
C1E58A3B
C1E5E8CD
C1E646A7
C050A502
C050BEBE
C050D984
C050F55F
C051125A
C0513081
C0514FE0
C0517084
C051927C
C051B5D4
C051DA9D
C05200E5
C05228BD
C0525235
C0527D60
C052AA4F
C052D915
C05309C8
C0533C7B
C0537145
C053A83C
C053E17A
C0541D16
C0545B2C
C0549BD6
C054DF32
C055255D
C0556E78
C055BAA3
C0560A02
C0565CB7
C056B2EA
C0570CC2
C0576A69
C057CC0B
C05831D6
C0589BFA
C0590AAA
C0597E1B
C059F685
C05A7422
C05AF731
C05B7FF2
C05C0EA8
C05CA39C
C05D3F19
C05DE16E
C05E8AEE
C05F3BF1
C05FF4D2
C060B5F3
C0617FBB
C0625294
C0632EF0
C0641546
C0650614
C06601DE
C0670931
C0681C9F
C0693CC3
C06A6A41
C06BA5C5
C06CF004
C06E49BE
C06FB3BC
C0712ED3
C072BBE3
C0745BD6
C0760FA4
C077D853
C079B6F5
C07BACA9
C07DBA9F
C07FE214
C081122B
C0824160
C0837F60
C084CCEA
C0862AC5
C08799C1
C0891AB4
C08AAE7F
C08C560A
C08E1244
C08FE423
C091CCA6
C093CCCF
C095E5A8
C098183D
C09A659E
C09CCEDD
C09F550A
C0A1F937
C0A4BC6F
C0A79FBA
C0AAA417
C0ADCA7A
C0B113CD
C0B480E8
C0B81293
C0BBC981
C0BFA650
C0C3A983
C0C7D383
C0CC249D
C0D09CFD
C0D53CB3
C0DA03AB
C0DEF1B3
C0E40676
C0E94181
C0EEA23F
C0F427FF
C0F9D1F3
C0FF9F34
C102C760
C105CFC2
C108E82C
C10C1001
C10F46A1
C1128B64
C115DDA0
C1193CA9
C11CA7D1
C1201E6B
C1239FCB
C1272B49
C12AC03D
C12E5E06
C1320407
C135B1A5
C139664E
C13D2173
C140E28C
C144A917
C1487498
C14C4497
C15018A3
C153F051
C157CB3A
C15BA8FE
C15F8940
C1636BA9
C1674FE4
C16B35A3
C16F1C99
C173047D
C176ED0B
C17AD5FF
C17EBF18
C181540B
C183485F
C1853C69
C187300C
C189232A
C18B15A6
C18D0762
C18EF840
C190E823
C192D6EA
C194C476
C196B0A4
C1989B54
C19A845E
C19C6B9E
C19E50EA
C1A03416
C1A214F5
C1A3F354
C1A5CEFE
C1A7A7BB
C1A97D4C
C1AB4F70
C1AD1DE0
C1AEE852
C1B0AE72
C1B26FE9
C1B42C5E
C1B5E36D
C1B794B0
C1B93FBC
C1BAE41D
C1BC8167
C1BE1729
C1BFA4DF
C1C12A1F
C1C2A688
C1C41989
C1C582E9
C1C6E225
C1C8375B
C1C9816A
C1CAC10D
C1CBF588
C1CD1DC5
C1CE3EF8
C1CF51A6
C1D05B6E
C1D15A4D
C1D24E86
C1D339A3
C1D41B33
C1D4F3C5
C1D5C3C9
C1D68BB2
C1D74BF2
C1D804FF
C1D8B74A
C1D96343
C1DA0955
C1DAA9E6
C1DB4558
C1DBDC07
C1DC6E49
C1DCFC6F
C1DD86C3
C1DE0D8C
C1DE910A
C1DF1178
C1DF8F0E
C1E009FE
C1E08277
C1E0F8A5
C1E16CAE
C1E1DEB7
C1E24EE1
C1E2BD4C
C1E32A14
C1E39554
C1E3FF23
C1E46798
C1E4CEC7
C1E534C5
C1E599A3
C1E5FD71
C1E6603F
C1E6C21B
C1E72312
C1E78331
C1E7E284
C1E84114
C053166A
C053302A
C0534AF4
C05366D3
C05383D2
C053A1FD
C053C160
C053E209
C0540406
C0542764
C0544C32
C054727F
C0549A5D
C054C3DB
C054EF0B
C0551C01
C0554ACE
C0557B87
C055AE41
C055E312
C0561A12
C0565357
C0568EFC
C056CD1A
C0570DCE
C0575133
C0579768
C057E08D
C0582CC3
C0587C2C
C058CEEC
C059252B
C0597F0F
C059DCC3
C05A3E72
C05AA44B
C05B0E7D
C05B7D3C
C05BF0BC
C05C6936
C05CE6E4
C05D6A04
C05DF2D7
C05E81A0
C05F16A8
C05FB239
C06054A3
C060FE39
C061AF52
C062684B
C0632985
C063F366
C064C659
C065A2D0
C0668943
C0677A2F
C0687618
C0697D8B
C06A911A
C06BB161
C06CDF03
C06E1AAD
C06F6513
C070BEF5
C072291E
C073A461
C075319E
C076D1C0
C07885C0
C07A4EA2
C07C2D79
C07E2365
C08018CA
C0812CA2
C0824DE2
C0837D38
C084BB5A
C0860907
C0876707
C088D628
C08A5743
C08BEB37
C08D92EC
C08F4F52
C0912160
C0930A12
C0950A6E
C097237B
C0995646
C09BA3DF
C09E0D58
C0A093C3
C0A3382F
C0A5FBA9
C0A8DF39
C0ABE3DD
C0AF0A8B
C0B2542B
C0B5C196
C0B95395
C0BD0ADB
C0C0E805
C0C4EB97
C0C915FA
C0CD677A
C0D1E046
C0D6806B
C0DB47D8
C0E03659
C0E54B9A
C0EA8729
C0EFE870
C0F56EC0
C0FB1949
C1007393
C1036BAA
C1067461
C1098D23
C10CB555
C10FEC55
C113317D
C1168422
C119E398
C11D4F32
C120C644
C1244821
C127D421
C12B699F
C12F07F7
C132AE8C
C1365CC7
C13A1214
C13DCDE4
C1418FB1
C14556F9
C149233E
C14CF40C
C150C8F1
C154A183
C1587D5B
C15C5C1A
C1603D64
C16420E2
C1680641
C16BED32
C16FD56C
C173BEA5
C177A89A
C17B9308
C17F7DB1
C181B42B
C183A95E
C1859E55
C18792F2
C1898719
C18B7AAE
C18D6D95
C18F5FB0
C19150E4
C1934113
C195301D
C1971DE5
C1990A48
C19AF525
C19CDE58
C19EC5BA
C1A0AB23
C1A28E68
C1A46F5B
C1A64DCB
C1A82982
C1AA0248
C1ABD7E1
C1ADAA09
C1AF787C
C1B142ED
C1B30909
C1B4CA7E
C1B686EC
C1B83DF3
C1B9EF2D
C1BB9A2E
C1BD3E83
C1BEDBC4
C1C07175
C1C1FF17
C1C38457
C1C5009F
C1C673B7
C1C7DCE0
C1C93C25
C1CA90E6
C1CBDA8C
C1CD1BAD
C1CE4F29
C1CF78D6
C1D09769
C1D1AA56
C1D2B53D
C1D3B3BD
C1D4A828
C1D592DF
C1D67468
C1D74D03
C1D81D17
C1D8E511
C1D9A562
C1DA5E7B
C1DB10CF
C1DBBB7D
C1DC6193
C1DD0227
C1DD9D99
C1DE3447
C1DEC687
C1DF54AB
C1DFDEFC
C1E065C1
C1E0E93C
C1E169A6
C1E1E739
C1E26225
C1E2DA9B
C1E350C5
C1E3C4CB
C1E436D1
C1E4A6F9
C1E51561
C1E58227
C1E5ED64
C1E65730
C1E6BFA3
C1E726D1
C1E78CCD
C1E7F1A9
C1E85575
C1E8B841
C1E91A1B
C1E97B11
C1E9DB2F
C1EA3A80
C05587F2
C055A1B6
C055BC83
C055D866
C055F569
C0561398
C0563300
C05653AE
C05675AF
C0569911
C056BDE4
C056E437
C0570C1A
C057359E
C05760D4
C0578DD0
C057BCA3
C057ED63
C0582024
C05854FD
C0588C04
C058C551
C05900FD
C0593F24
C0597FE0
C059C34E
C05A098D
C05A52BB
C05A9EFB
C05AEE6F
C05B413A
C05B9784
C05BF174
C05C4F34
C05CB0F0
C05D16D6
C05D8116
C05DEFE3
C05E6372
C05EDBFC
C05F59BA
C05FDCEA
C06065CE
C060F4AA
C06189C4
C0622569
C062C7E7
C0637191
C06422C0
C064DBD0
C0659D22
C066671B
C0673A28
C06816BA
C068FD48
C069EE50
C06AEA58
C06BF1E9
C06D0599
C06E2601
C06F53C6
C0708F93
C071DA1F
C0733428
C0749E79
C07619E6
C077A74F
C079479F
C07AFBCF
C07CC4E2
C07EA3EC
C0804D07
C081543A
C082682F
C083898D
C084B902
C085F744
C0874513
C088A336
C08A127B
C08B93BC
C08D27D7
C08ECFB6
C0908C46
C0925E81
C0944761
C09647ED
C098612C
C09A942B
C09CE1FA
C09F4BAB
C0A1D250
C0A476F9
C0A73AB3
C0AA1E85
C0AD236E
C0B04A63
C0B3944D
C0B70207
C0BA9456
C0BE4BF0
C0C22971
C0C62D5E
C0CA5820
C0CEAA03
C0D32336
C0D7C3C7
C0DC8BA3
C0E17A99
C0E69054
C0EBCC60
C0F12E2C
C0F6B504
C0FC601D
C1011747
C1040FAD
C10718B5
C10A31CB
C10D5A56
C11091B2
C113D73A
C1172A44
C11A8A23
C11DF62B
C1216DAF
C124F004
C1287C82
C12C1282
C12FB163
C1335887
C1370758
C13ABD41
C13E79B5
C1423C2E
C1460429
C149D12B
C14DA2BE
C1517872
C15551DC
C1592E99
C15D0E47
C160F08C
C164D511
C168BB86
C16CA39B
C1708D08
C1747784
C17862CE
C17C4EA4
C1801D64
C182137F
C1840985
C185FF5B
C187F4E4
C189EA06
C18BDEA4
C18DD2A4
C18FC5EB
C191B85C
C193A9DC
C1959A4F
C1978995
C1997791
C19B6422
C19D4F27
C19F387C
C1A11FFC
C1A3057E
C1A4E8D8
C1A6C9DC
C1A8A85A
C1AA841B
C1AC5CEA
C1AE3287
C1B004B2
C1B1D325
C1B39D93
C1B563AD
C1B7251B
C1B8E182
C1BA9881
C1BC49B2
C1BDF4A4
C1BF98F2
C1C13626
C1C2CBBD
C1C45968
C1C5DE88
C1C75AC7
C1C8CD9F
C1CA36E2
C1CB95DB
C1CCEADE
C1CE360D
C1CF7470
C1D0A8D3
C1D1D2E6
C1D2EF60
C1D40638
C1D50EBC
C1D60C97
C1D7013A
C1D7ECD1
C1D8CD4B
C1D9A5F2
C1DA76BF
C1DB3E20
C1DBFE19
C1DCB6FA
C1DD6926
C1DE1506
C1DEBB03
C1DF5B83
C1DFF6E5
C1E08D85
C1E11FB9
C1E1ADD3
C1E2381C
C1E2BEDA
C1E3424E
C1E3C2B4
C1E44042
C1E4BB2A
C1E5339C
C1E5A9C3
C1E61DC6
C1E68FC9
C1E6FFEE
C1E76E54
C1E7DB18
C1E84653
C1E8B01E
C1E9188F
C1E97FBB
C1E9E5B5
C1EA4A90
C1EAAE5B
C1EB1126
C1EB72FF
C1EBD3F4
C1EC3410
C057F999
C0581360
C0582E32
C0584A18
C058671F
C0588552
C058A4BE
C058C570
C058E775
C0590ADD
C0592FB5
C059560D
C0597DF5
C059A77E
C059D2BA
C059FFBB
C05A2E95
C05A5F5B
C05A9223
C05AC702
C05AFE10
C05B3765
C05B7319
C05BB148
C05BF20C
C05C3583
C05C7BCB
C05CC502
C05D114C
C05D60CA
C05DB3A0
C05E09F4
C05E63F0
C05EC1BC
C05F2384
C05F8976
C05FF3C4
C060629E
C060D63C
C0614ED4
C061CCA2
C0624FE2
C062D8D7
C06367C4
C063FCF0
C06498A7
C0653B39
C065E4F8
C066963C
C0674F61
C06810C9
C068DADA
C069AE00
C06A8AAB
C06B7154
C06C6278
C06D5E9C
C06E664B
C06F7A19
C0709AA2
C071C888
C0730478
C0744F28
C075A957
C07713CF
C0788F65
C07A1CF8
C07BBD74
C07D71D1
C07F3B14
C0808D27
C0818852
C0828FA0
C083A3B1
C084C52B
C085F4BE
C0873320
C088810F
C089DF53
C08B4EBC
C08CD021
C08E6462
C0900C68
C091C922
C0939B87
C0958494
C097854E
C0999EBC
C09BD1ED
C09E1FF1
C0A089D8
C0A310B6
C0A5B599
C0A87990
C0AB5DA1
C0AE62CC
C0B18A06
C0B4D438
C0B8423B
C0BBD4D9
C0BF8CC3
C0C36A99
C0C76EDD
C0CB99FA
C0CFEC3C
C0D465D2
C0D906C9
C0DDCF11
C0E2BE76
C0E7D4A6
C0ED112C
C0F27376
C0F7FAD2
C0FDA675
C101BABB
C104B36B
C107BCC1
C10AD629
C10DFF08
C11136BD
C1147CA1
C117D00B
C11B304F
C11E9CC0
C12214B2
C125977A
C129246F
C12CBAEC
C1305A50
C13401FD
C137B15D
C13B67DB
C13F24EC
C142E809
C146B0AF
C14A7E65
C14E50B4
C152272E
C1560168
C159DEFD
C15DBF8F
C161A2C3
C1658844
C1696FC1
C16D58EC
C171437C
C1752F2C
C1791BB9
C17D08E4
C1807B38
C1827210
C18468DF
C1865F88
C18855F1
C18A4BFF
C18C4198
C18E36A2
C1902B02
C1921E9E
C194115C
C1960320
C197F3CE
C199E349
C19BD174
C19DBE2D
C19FA955
C1A192C8
C1A37A61
C1A55FF9
C1A74364
C1A92476
C1AB02FE
C1ACDEC8
C1AEB79B
C1B08D3C
C1B25F68
C1B42DD9
C1B5F844
C1B7BE59
C1B97FC1
C1BB3C20
C1BCF316
C1BEA439
C1C04F24
C1C1F35F
C1C39082
C1C5262A
C1C6B3AD
C1C838C0
C1C9B4C0
C1CB27BE
C1CC90F2
C1CDEFF6
C1CF4490
C1D08E09
C1D1D05B
C1D30285
C1D42CFF
C1D54AFE
C1D65D3E
C1D76758
C1D8660C
C1D95AF9
C1DA4655
C1DB25C4
C1DBFF20
C1DCCEFE
C1DD96C3
C1DE56E3
C1DF0FD1
C1DFC200
C1E06DDE
C1E113D7
C1E1B451
C1E24FAD
C1E2E648
C1E37878
C1E4068C
C1E490D0
C1E5178A
C1E59AFA
C1E61B5B
C1E698E5
C1E713CA
C1E78C39
C1E8025D
C1E8765D
C1E8E85D
C1E95880
C1E9C6E3
C1EA33A5
C1EA9EDD
C1EB08A6
C1EB7116
C1EBD840
C1EC3E39
C1ECA312
C1ED06DB
C1ED69A5
C1EDCB7D
C1EE2C70
C05A6B5E
C05A8528
C05A9FFD
C05ABBE7
C05AD8F2
C05AF729
C05B1699
C05B374F
C05B5959
C05B7CC5
C05BA1A1
C05BC7FE
C05BEFEB
C05C197A
C05C44BB
C05C71C2
C05CA0A2
C05CD16E
C05D043C
C05D3922
C05D7037
C05DA993
C05DE54F
C05E2385
C05E6451
C05EA7D0
C05EEE21
C05F3761
C05F83B4
C05FD33C
C060261C
C0607C7B
C060D681
C0613458
C061962C
C061FC2B
C0626685
C062D56D
C0634919
C063C1BF
C0643F9B
C064C2EC
C0654BF0
C065DAEE
C066702B
C0670BF4
C067AE99
C068586B
C06909C3
C069C2FE
C06A847C
C06B4EA3
C06C21E0
C06CFEA4
C06DE567
C06ED6A5
C06FD2E4
C070DAB1
C071EE9D
C0730F44
C0743D4A
C075795C
C076C42F
C0781E82
C0798920
C07B04DC
C07C9298
C07E333E
C07FE7C7
C080D89C
C081C851
C082C394
C083CAFC
C084DF27
C08600BE
C087306D
C0886EED
C089BCFB
C08B1B60
C08C8AEA
C08E0C72
C08FA0D8
C0914904
C09305E5
C094D873
C096C1AB
C098C291
C09ADC2E
C09D0F8F
C09F5DC5
C0A1C7E0
C0A44EF4
C0A6F410
C0A9B841
C0AC9C8F
C0AFA1F9
C0B2C975
C0B613EC
C0B98237
C0BD151F
C0C0CD57
C0C4AB7D
C0C8B016
C0CCDB8A
C0D12E28
C0D5A81C
C0DA4977
C0DF1226
C0E401F6
C0E91895
C0EE5590
C0F3B853
C0F9402F
C0FEEC55
C1025DF0
C10556E8
C1086088
C10B7A3E
C10EA36F
C111DB78
C11521B5
C118757C
C11BD620
C11F42F6
C122BB51
C1263E86
C129CBEE
C12D62E3
C13102C4
C134AAF4
C1385ADC
C13C11EA
C13FCF91
C143934A
C1475C95
C14B2AF6
C14EFDF9
C152D52F
C156B02E
C15A8E93
C15E6FFE
C1625416
C1663A87
C16A22FE
C16E0D32
C171F8D8
C175E5AC
C179D36D
C17DC1DB
C180D85E
C182CFEA
C184C776
C186BEE8
C188B625
C18AAD12
C18CA398
C18E999C
C1908F06
C19283BC
C19477A5
C1966AA7
C1985CA7
C19A4D8A
C19C3D34
C19E2B87
C1A01863
C1A203A9
C1A3ED36
C1A5D4E4
C1A7BA8E
C1A99E07
C1AB7F24
C1AD5DB5
C1AF3985
C1B1125B
C1B2E7FD
C1B4BA28
C1B68896
C1B852FD
C1BA190D
C1BBDA6D
C1BD96C5
C1BF4DAE
C1C0FEC8
C1C2A9B3
C1C44DD6
C1C5EAE0
C1C78081
C1C90DF4
C1CA9304
C1CC0F14
C1CD81E8
C1CEEAF2
C1D049BF
C1D19DE3
C1D2EA54
C1D4296A
C1D55C3F
C1D682F6
C1D7A42F
C1D8B8A3
C1D9C2AD
C1DABF2C
C1DBB43F
C1DC9EB0
C1DD8000
C1DE592B
C1DF283C
C1DFEFFC
C1E0B01A
C1E16906
C1E21B34
C1E2C710
C1E36D07
C1E40D7E
C1E4A8D7
C1E53F6F
C1E5D19A
C1E65FAB
C1E6E9EC
C1E770A2
C1E7F40E
C1E8746C
C1E8F1F2
C1E96CD4
C1E9E540
C1EA5B61
C1EACF5E
C1EB415B
C1EBB17C
C1EC1FDD
C1EC8C9C
C1ECF7D3
C1ED619A
C1EDCA07
C1EE3130
C1EE9727
C1EEFBFE
C1EF5FC6
C1EFC28E
C1F02465
C05CDD3F
C05CF70D
C05D11E5
C05D2DD3
C05D4AE1
C05D691B
C05D888F
C05DA94A
C05DCB58
C05DEEC8
C05E13A9
C05E3A0A
C05E61FD
C05E8B90
C05EB6D7
C05EE3E3
C05F12C8
C05F439B
C05F766F
C05FAB5B
C05FE277
C0601BD9
C060579C
C06095DA
C060D6AE
C0611A35
C061608E
C061A9D7
C061F633
C06245C4
C06298AE
C062EF17
C0634928
C063A70A
C06408E9
C0646EF4
C064D95A
C065484F
C065BC07
C06634BC
C066B2A6
C0673605
C067BF19
C0684E27
C068E375
C0697F50
C06A2206
C06ACBEB
C06B7D57
C06C36A6
C06CF839
C06DC276
C06E95CA
C06F72A5
C0705980
C0714AD8
C0724732
C0734F1A
C0746322
C07583E7
C076B20D
C077EE3E
C0793933
C07A93A9
C07BFE6B
C07D7A4D
C07F082F
C080547F
C0812ED9
C08213A7
C0830373
C083FECE
C085064E
C0861A93
C0873C44
C0886C10
C089AAAC
C08AF8D8
C08C575C
C08DC707
C08F48B1
C090DD3A
C092858A
C0944292
C0961547
C097FEA8
C099FFB9
C09C1982
C09E4D11
C0A09B77
C0A305C4
C0A58D0C
C0A8325E
C0AAF6C8
C0ADDB50
C0B0E0F8
C0B408B3
C0B7536C
C0BAC1FC
C0BE552B
C0C20DAE
C0C5EC22
C0C9F10B
C0CE1CD4
C0D26FC9
C0D6EA19
C0DB8BD2
C0E054E4
C0E5451C
C0EA5C26
C0EF9991
C0F4FCC9
C0FA851D
C10018E1
C10300E8
C105FA25
C109040D
C10C1E0E
C10F478D
C1127FE8
C115C679
C1191A98
C11C7B99
C11FE8CF
C123618F
C126E52E
C12A7303
C12E0A6B
C131AAC4
C1355371
C13903DC
C13CBB73
C14079A9
C1443DF8
C14807DF
C14BD6E5
C14FAA94
C153827E
C1575E39
C15B3D64
C15F1F9E
C1630490
C166EBE4
C16AD54B
C16EC07A
C172AD28
C1769B12
C17A89F7
C17E7999
C18134DF
C1832D16
C1852556
C1871D85
C189158A
C18B0D4C
C18D04B1
C18EFBA2
C190F207
C192E7C7
C194DCC9
C196D0F6
C198C435
C19AB66A
C19CA77C
C19E974E
C1A085C4
C1A272BF
C1A45E1F
C1A647C2
C1A82F82
C1AA153A
C1ABF8BF
C1ADD9E5
C1AFB87C
C1B1944F
C1B36D28
C1B542C8
C1B714F1
C1B8E35C
C1BAADBE
C1BC73C6
C1BE3520
C1BFF16B
C1C1A84B
C1C35964
C1C5042A
C1C6A851
C1C8454D
C1C9DAD0
C1CB684B
C1CCED3B
C1CE6962
C1CFDC07
C1D14545
C1D2A42B
C1D3F818
C1D542F7
C1D68079
C1D7B5FF
C1D8E470
C1D9FB42
C1DB0DFB
C1DC1A95
C1DD1A48
C1DE0E9F
C1DEF9B6
C1DFD75D
C1E0B072
C1E180F0
C1E248E1
C1E308B8
C1E3C0B6
C1E47250
C1E52171
C1E5C721
C1E66767
C1E7029B
C1E79917
C1E82B2E
C1E8B92E
C1E94362
C1E9CA0E
C1EA4D72
C1EACDC9
C1EB4B4A
C1EBC627
C1EC3E90
C1ECB4AD
C1ED28A7
C1ED9AA3
C1EE0AC1
C1EE7921
C1EEE5DE
C1EF5114
C1EFBAD9
C1F02346
C1F08A6D
C1F0F064
C1F1553A
C1F1B901
C1F21BC9
C05F4F3D
C05F690E
C05F83E9
C05F9FD9
C05FBCEB
C05FDB29
C05FFAA1
C0601B5F
C0603D71
C06060E5
C06085CB
C060AC31
C060D428
C060FDC0
C061290C
C061561D
C0618508
C061B5E0
C061E8BA
C0621DAD
C06254CE
C0628E38
C062CA02
C0630846
C0634922
C0638CB1
C063D311
C0641C63
C06468C8
C064B861
C0650B55
C06561C8
C065BBE3
C06619CF
C0667BB9
C066E1CF
C0674C41
C067BB42
C0682F08
C068A7C9
C06925C2
C069A92F
C06A3252
C06AC16F
C06B56CD
C06BF2B8
C06C9580
C06D3F77
C06DF0F6
C06EAA58
C06F6BFF
C0703652
C07109BB
C071E6AD
C072CDA0
C073BF10
C074BB84
C075C386
C076D7AA
C077F88C
C07926CF
C07A6320
C07BAE34
C07D08CC
C07E73B0
C07FEFB7
C080BEDF
C0818F5A
C08269C8
C0834EAC
C0843E8E
C08539FF
C0864197
C08755F5
C08877C0
C089A7A6
C08AE65E
C08C34A7
C08D9349
C08F0313
C09084DE
C0921989
C093C1FC
C0957F28
C0975203
C0993B8B
C09B3CC5
C09D56B9
C09F8A75
C0A1D909
C0A44386
C0A6CB00
C0A97086
C0AC3526
C0AF19E7
C0B21FC9
C0B547C2
C0B892BA
C0BC018C
C0BF9500
C0C34DCB
C0C72C89
C0CB31C0
C0CF5DD9
C0D3B123
C0D82BCA
C0DCCDDF
C0E1974F
C0E687EA
C0EB9F5C
C0F0DD32
C0F640DA
C0FBC9A3
C100BB61
C103A3A7
C1069D26
C109A753
C10CC19C
C10FEB65
C113240E
C1166AF1
C119BF65
C11D20BE
C1208E51
C1240771
C1278B75
C12B19B3
C12EB189
C1325254
C135FB7A
C139AC62
C13D647C
C141233B
C144E819
C148B296
C14C8239
C150568C
C1542F22
C1580B91
C15BEB78
C15FCE78
C163B439
C1679C67
C16B86B2
C16F72D1
C173607B
C1774F6D
C17B3F68
C17F302E
C18190C3
C183899C
C1858287
C1877B6B
C189742D
C18B6CB7
C18D64F1
C18F5CC2
C1915413
C1934ACE
C19540DA
C1973621
C1992A8B
C19B1DFE
C19D1063
C19F019D
C1A0F193
C1A2E028
C1A4CD3D
C1A6B8B3
C1A8A268
C1AA8A37
C1AC6FFA
C1AE5389
C1B034B5
C1B21350
C1B3EF26
C1B5C7FE
C1B79D9D
C1B96FC2
C1BB3E29
C1BD0884
C1BECE86
C1C08FD4
C1C24C16
C1C402F4
C1C5B3EF
C1C75EBD
C1C902CD
C1CA9FC7
C1CC3513
C1CDC299
C1CF47C7
C1D0C365
C1D235E4
C1D39FF6
C1D4FEBB
C1D650E1
C1D79CA3
C1D8DA2C
C1DA0FC5
C1DB39AD
C1DC5780
C1DD6892
C1DE7481
C1DF7327
C1E066D7
C1E151BD
C1E2335B
C1E30BFB
C1E3DC02
C1E4A3E0
C1E5640C
C1E61CFE
C1E6CE48
C1E77A08
C1E81FE6
C1E8C049
C1E95B91
C1E9F219
C1EA8437
C1EB123C
C1EB9C71
C1EC231D
C1ECA681
C1ED26D6
C1EDA455
C1EE1F30
C1EE9796
C1EF0DB0
C1EF81A8
C1EFF3A1
C1F063BC
C1F0D219
C1F13ED4
C1F1AA07
C1F213CA
C1F27C34
C1F2E35A
C1F3494E
C1F3AE23
C1F411E8
C061C154
C061DB28
C061F607
C06211FA
C0622F0F
C0624D51
C0626CCC
C0628D8E
C062AFA4
C062D31C
C062F806
C0631E70
C063466C
C0637009
C0639B59
C063C870
C063F760
C064283D
C0645B1D
C0649016
C064C73D
C06500AD
C0653C7E
C0657AC9
C065BBAC
C065FF42
C06645AB
C0668F05
C066DB71
C0672B14
C0677E10
C067D48D
C0682EB1
C0688CA8
C068EE9C
C06954BD
C069BF3B
C06A2E48
C06AA219
C06B1AE7
C06B98ED
C06C1C68
C06CA599
C06D34C5
C06DCA33
C06E662E
C06F0906
C06FB30F
C070649F
C0711E14
C071DFCF
C072AA36
C0737DB4
C0745ABD
C07541C6
C076334E
C0772FDA
C07837F5
C0794C34
C07A6D32
C07B9B91
C07CD800
C07E2333
C07F7DEB
C0807479
C081328D
C081F9A3
C082CA31
C083A4B2
C08489AA
C08579A1
C0867529
C0877CD8
C088914E
C089B331
C08AE331
C08C2203
C08D7069
C08ECF27
C0903F0F
C091C0F9
C09355C4
C094FE59
C096BBA8
C0988EA8
C09A7856
C09C79B8
C09E93D5
C0A0C7BB
C0A3167C
C0A58127
C0A808D1
C0AAAE89
C0AD735D
C0B05855
C0B35E6F
C0B686A2
C0B9D1D8
C0BD40E9
C0C0D4A0
C0C48DAF
C0C86CB5
C0CC7236
C0D09E9E
C0D4F238
C0D96D33
C0DE0FA0
C0E2D96C
C0E7CA65
C0ECE23A
C0F22077
C0F7848B
C0FD0DC4
C1015DAC
C104462F
C1073FED
C10A4A5C
C10D64E9
C1108EFB
C113C7EF
C1170F20
C11A63E5
C11DC593
C121337F
C124ACFB
C128315F
C12BC003
C12F5841
C132F97B
C136A313
C13A5474
C13E0D0B
C141CC4D
C14591B4
C1495CC0
C14D2CF9
C15101E9
C154DB23
C158B83E
C15C98D9
C1607C96
C164631D
C1684C1A
C16C373F
C1702441
C17412DB
C17802C9
C17BF3CC
C17FE5A9
C181EC13
C183E585
C185DF13
C187D8A1
C189D218
C18BCB60
C18DC462
C18FBD06
C191B538
C193ACE0
C195A3E7
C1979A38
C1998FBC
C19B845B
C19D77FD
C19F6A8B
C1A15BE9
C1A34BFE
C1A53AAD
C1A727D8
C1A91360
C1AAFD24
C1ACE4FF
C1AECACC
C1B0AE61
C1B28F92
C1B46E30
C1B64A05
C1B822DC
C1B9F878
C1BBCA9A
C1BD98FA
C1BF6350
C1C12946
C1C2EA8B
C1C4A6CB
C1C65D8F
C1C80E8F
C1C9B944
C1CB5D4C
C1CCFA46
C1CE8F9D
C1D01CCD
C1D1A1A8
C1D31DB2
C1D4905A
C1D5F92E
C1D75814
C1D8AD46
C1D9F34A
C1DB363D
C1DC6991
C1DD918C
C1DEB2A2
C1DFC4DB
C1E0CA1D
C1E1C9F0
C1E2BCCA
C1E3AB67
C1E48C1E
C1E56168
C1E633B1
C1E6FB85
C1E7BAD0
C1E872A8
C1E923C5
C1E9D4BF
C1EA79DF
C1EB19A7
C1EBB473
C1EC4A9A
C1ECDC6C
C1ED6A44
C1EDF476
C1EE7B1E
C1EEFE7E
C1EF7ED1
C1EFFC4D
C1F07725
C1F0EF87
C1F165A0
C1F1D995
C1F24B8C
C1F2BBA5
C1F32A00
C1F396B9
C1F401EA
C1F46BAC
C1F4D415
C1F53B39
C1F5A12C
C1F605FF
C0643386
C0644D5C
C064683E
C0648435
C064A14D
C064BF92
C064DF10
C064FFD6
C06521F0
C065456C
C0656A59
C06590C8
C065B8C8
C065E269
C0660DBF
C0663ADA
C06669CF
C0669AB2
C066CD97
C0670295
C06739C3
C0677339
C067AF0F
C067ED62
C0682E4B
C06871E9
C068B859
C06901BA
C0694E2F
C0699DDA
C069F0DF
C06A4764
C06AA192
C06AFF93
C06B6191
C06BC7BD
C06C3245
C06CA15D
C06D153B
C06D8E15
C06E0C28
C06E8FB0
C06F18EF
C06FA829
C0703DA6
C070D9B0
C0717C99
C07226B2
C072D854
C07391DB
C07453A8
C0751E22
C075F1B5
C076CED2
C077B5F1
C078A790
C079A434
C07AAC68
C07BC0C1
C07CE1D8
C07E1054
C07F4CDF
C0804C18
C080F983
C081AF17
C0826D3C
C0833464
C0840503
C084DF98
C085C4A3
C086B4AE
C087B04B
C088B810
C089CC9D
C08AEE98
C08C1EB0
C08D5D9D
C08EAC1C
C0900AF7
C0917AFC
C092FD04
C09491EE
C0963AA3
C097F814
C099CB37
C09BB50A
C09DB691
C09FD0D6
C0A204E6
C0A453D1
C0A6BEA9
C0A94681
C0ABEC69
C0AEB16F
C0B1969B
C0B49CEB
C0B7C557
C0BB10C7
C0BE8016
C0C2140C
C0C5CD5D
C0C9ACA8
C0CDB271
C0D1DF23
C0D6330B
C0DAAE57
C0DF5118
C0E41B3C
C0E90C91
C0EE24C5
C0F36365
C0F8C7DF
C0FE5184
C101FFC4
C104E881
C107E27C
C10AED2B
C10E07FA
C1113250
C1146B8C
C117B308
C11B081B
C11E6A1B
C121D85B
C1255231
C128D6F1
C12C65F5
C12FFE99
C133A03C
C1374A42
C13AFC15
C13EB524
C14274E4
C1463ACE
C14A0663
C14DD72B
C151ACB1
C1558688
C1596448
C15D458F
C1612A00
C1651143
C168FB06
C16CE6FB
C170D4D7
C174C455
C178B533
C17CA732
C1804D0B
C18246D5
C18440DA
C1863B01
C1883532
C18A2F53
C18C294F
C18E230F
C1901C7D
C1921582
C1940E0A
C19605FF
C197FD4B
C199F3D9
C19BE992
C19DDE60
C19FD22C
C1A1C4DD
C1A3B65A
C1A5A689
C1A7954F
C1A9828D
C1AB6E24
C1AD57F4
C1AF3FD9
C1B125AD
C1B30947
C1B4EA7B
C1B6C918
C1B8A4ED
C1BA7DC1
C1BC535A
C1BE2576
C1BFF3D1
C1C1BE1C
C1C38408
C1C5454C
C1C70175
C1C8B83D
C1CA6927
C1CC13CD
C1CDB7DB
C1CF54B7
C1D0EA04
C1D27776
C1D3FC0C
C1D5773D
C1D6EA7C
C1D8535B
C1D9B36A
C1DB0685
C1DC505B
C1DD8BA1
C1DEC362
C1DFFDE3
C1E10C4A
C1E21EBD
C1E32CAE
C1E42614
C1E51B50
C1E600D0
C1E6E263
C1E7BB06
C1E88B0E
C1E952EB
C1EA1314
C1EACC0B
C1EB7E70
C1EC2A62
C1ECD05C
C1ED70CE
C1EE0C1C
C1EEA2A6
C1EF34C3
C1EFC2C4
C1F04CF5
C1F0D39D
C1F156FB
C1F1D74B
C1F254C5
C1F2CF9B
C1F347FB
C1F3BE11
C1F43204
C1F4A3F9
C1F51410
C1F58269
C1F5EF20
C1F65A4F
C1F6C40F
C1F72C76
C1F79398
C1F7F989
C066A5D0
C066BFA9
C066DA8D
C066F687
C06713A2
C06731EB
C067516D
C0677235
C0679453
C067B7D3
C067DCC4
C0680337
C0682B3B
C06854E0
C068803A
C068AD5B
C068DC54
C0690D3C
C0694027
C069752A
C069AC5E
C069E5D9
C06A21B6
C06A600F
C06AA0FF
C06AE4A4
C06B2B1B
C06B7484
C06BC100
C06C10B3
C06C63C0
C06CBA4E
C06D1485
C06D728F
C06DD498
C06E3ACD
C06EA560
C06F1483
C06F886C
C0700152
C0707F71
C0710306
C0718C52
C0721B9A
C072B125
C0734D3F
C073F036
C0749A60
C0754C12
C07605AB
C076C78A
C0779217
C07865BD
C07942EF
C07A2A23
C07B1BD8
C07C1892
C07D20DE
C07E354F
C07F5680
C080428B
C080E0DE
C0818695
C0823410
C082E9B2
C083A7E8
C0846F20
C0853FD1
C0861A78
C086FF96
C087EFB5
C088EB66
C089F340
C08B07E3
C08C29F4
C08D5A25
C08E992A
C08FE7C3
C09146B9
C092B6D9
C09438FE
C095CE06
C09776DB
C099346C
C09B07B1
C09CF1A7
C09EF353
C0A10DBE
C0A341F5
C0A59109
C0A7FC0C
C0AA8410
C0AD2A27
C0AFEF5D
C0B2D4BB
C0B5DB40
C0B903E2
C0BC4F8A
C0BFBF14
C0C35347
C0C70CD8
C0CAEC64
C0CEF273
C0D31F6C
C0D7739F
C0DBEF39
C0E0924A
C0E55CC2
C0EA4E6F
C0EF66FE
C0F4A5FE
C0FA0ADB
C0FF94E7
C102A1AB
C1058AA1
C10884D6
C10B8FC1
C10EAAD0
C111D568
C1150EE9
C11856AD
C11BAC0B
C11F0E59
C1227CEB
C125F715
C1297C2E
C12D0B8F
C130A493
C134469B
C137F10A
C13BA34C
C13F5CCD
C1431D05
C146E36D
C14AAF85
C14E80D6
C15256EB
C1563158
C15A0FB5
C15DF1A1
C161D6BE
C165BEB5
C169A935
C16D95EF
C171849B
C17574F3
C17966B5
C17D59A4
C180A6C3
C182A110
C1849BA1
C186965A
C1889125
C18A8BE9
C18C8690
C18E8104
C1907B2F
C19274FD
C1946E59
C196672E
C1985F68
C19A56F1
C19C4DB4
C19E439D
C1A03894
C1A22C84
C1A41F54
C1A610EC
C1A80132
C1A9F00A
C1ABDD57
C1ADC8FB
C1AFB2D5
C1B19AC2
C1B3809A
C1B56437
C1B7456B
C1B92409
C1BAFFDB
C1BCD8AC
C1BEAE40
C1C08056
C1C24EA7
C1C418E8
C1C5DED6
C1C7A003
C1C95C2E
C1CB12E3
C1CCC3BB
C1CE6E6B
C1D0125B
C1D1AF2B
C1D34478
C1D4D19D
C1D65669
C1D7D27F
C1D94500
C1DAACFC
C1DC0C5C
C1DD5DC7
C1DEAD53
C1DFE13A
C1E11D38
C1E22EEA
C1E362AC
C1E474B7
C1E5875F
C1E6806D
C1E77317
C1E861EC
C1E93F12
C1EA176A
C1EAE73B
C1EBAEF2
C1EC6F00
C1ED27D8
C1EDD9ED
C1EE85B1
C1EF2B8D
C1EFCBEB
C1F0672B
C1F0FDAA
C1F18FBF
C1F21DBA
C1F2A7E5
C1F32E88
C1F3B1E2
C1F4322F
C1F4AFA5
C1F52A78
C1F5A2D5
C1F618E9
C1F68CDA
C1F6FECC
C1F76EE1
C1F7DD38
C1F849EE
C1F8B51B
C1F91EDA
C1F9873F
C1F9EE61
C0691832
C069320E
C0694CF4
C06968F1
C069860F
C069A45B
C069C3E0
C069E4AC
C06A06CD
C06A2A50
C06A4F45
C06A75BC
C06A9DC4
C06AC76E
C06AF2CC
C06B1FF1
C06B4EEF
C06B7FDC
C06BB2CB
C06BE7D4
C06C1F0D
C06C588F
C06C9471
C06CD2D0
C06D13C7
C06D5772
C06D9DF0
C06DE760
C06E33E4
C06E839E
C06ED6B4
C06F2D4A
C06F878A
C06FE59D
C07047AF
C070ADEE
C071188B
C07187B8
C071FBAC
C072749E
C072F2C8
C073766A
C073FFC3
C0748F18
C07524B0
C075C0D8
C07663DF
C0770E18
C077BFDA
C0787983
C0793B74
C07A0613
C07AD9CC
C07BB711
C07C9E5A
C07D9024
C07E8CF4
C07F9556
C08054F0
C080E595
C0817CEC
C0821B4D
C082C112
C0836E9A
C084244C
C084E291
C085A9D9
C0867A9B
C0875553
C0883A83
C0892AB5
C08A267A
C08B2E68
C08C4320
C08D6548
C08E958F
C08FD4AC
C091235E
C092826D
C093F2A9
C09574E9
C0970A0E
C098B301
C09A70B1
C09C4417
C09E2E2F
C0A02FFE
C0A24A8D
C0A47EEA
C0A6CE26
C0A93952
C0ABC181
C0AE67C4
C0B12D29
C0B412B7
C0B7196D
C0BA4244
C0BD8E22
C0C0FDE4
C0C49252
C0C84C20
C0CC2BED
C0D0323D
C0D45F7B
C0D8B3F6
C0DD2FDA
C0E1D33A
C0E69E03
C0EB9004
C0F0A8EB
C0F5E845
C0FB4D82
C1006BF9
C1034364
C1062C8F
C10926FC
C10C3222
C10F4D6E
C1127845
C115B208
C118FA11
C11C4FB7
C11FB250
C1232130
C1269BAC
C12A211A
C12DB0D3
C1314A34
C134EC9C
C1389771
C13C4A1B
C140040B
C143C4B6
C1478B96
C14B582C
C14F2A00
C153009E
C156DB9B
C15ABA8E
C15E9D16
C16282D7
C1666B7B
C16A56AF
C16E4427
C1723398
C17624C0
C17A175C
C17E0B2F
C1810000
C182FACC
C184F5E0
C186F125
C188EC82
C18AE7E0
C18CE32A
C18EDE49
C190D929
C192D3B5
C194CDDA
C196C783
C198C09C
C19AB913
C19CB0D1
C19EA7C4
C1A09DD6
C1A292F2
C1A48701
C1A679EC
C1A86B9A
C1AA5BF3
C1AC4ADB
C1AE3835
C1B023E3
C1B20DC5
C1B3F5B6
C1B5DB92
C1B7BF30
C1B9A064
C1BB7EFF
C1BD5ACE
C1BF339B
C1C1092A
C1C2DB37
C1C4A97E
C1C673C0
C1C83997
C1C9FAC7
C1CBB6E1
C1CD6D83
C1CF1E68
C1D0C8F9
C1D26CDA
C1D409A8
C1D59ED0
C1D72C19
C1D8B04B
C1DA2D47
C1DB9F66
C1DD08DA
C1DE6759
C1DFBABE
C1E105C8
C1E253DD
C1E37713
C1E48BE2
C1E5CA4C
C1E6CA62
C1E7DB9B
C1E8D596
C1E9CAFD
C1EABD85
C1EB9A12
C1EC7101
C1ED4041
C1EE0A9D
C1EEC121
C1EF7C3D
C1F02F9F
C1F0DC24
C1F18272
C1F22313
C1F2BE7C
C1F35513
C1F3E735
C1F47537
C1F4FF67
C1F5860C
C1F60966
C1F689B2
C1F70727
C1F781F8
C1F7FA54
C1F87065
C1F8E454
C1F95644
C1F9C657
C1FA34AD
C1FAA160
C1FB0C8C
C1FB7649
C1FBDEAC
C06B8AAA
C06BA489
C06BBF72
C06BDB72
C06BF893
C06C16E1
C06C3669
C06C5739
C06C795D
C06C9CE4
C06CC1DC
C06CE856
C06D1062
C06D3A10
C06D6573
C06D929C
C06DC19F
C06DF290
C06E2585
C06E5A92
C06E91D1
C06ECB58
C06F0740
C06F45A5
C06F86A2
C06FCA53
C07010D7
C0705A4F
C070A6DA
C070F69C
C07149B9
C071A057
C071FA9F
C07258BB
C072BAD6
C073211E
C0738BC5
C073FAFD
C0746EFB
C074E7F7
C075662D
C075E9DB
C0767340
C07702A2
C0779848
C078347D
C078D792
C07981DA
C07A33AC
C07AED65
C07BAF67
C07C7A17
C07D4DE2
C07E2B3A
C07F1296
C080023A
C08080AD
C08104E9
C0818F39
C0821FE9
C082B74D
C08355BB
C083FB8D
C084A923
C0855EE3
C0861D37
C086E48F
C087B561
C088902A
C089756B
C08A65B0
C08B6187
C08C6989
C08D7E55
C08EA092
C08FD0EF
C0911023
C0925EED
C093BE15
C0952E6A
C096B0C5
C0984606
C099EF16
C09BACE4
C09D8069
C09F6AA1
C0A16C92
C0A38744
C0A5BBC6
C0A80B28
C0AA767C
C0ACFED4
C0AFA542
C0B26AD3
C0B5508F
C0B85776
C0BB807E
C0BECC91
C0C23C89
C0C5D130
C0C98B38
C0CD6B42
C0D171D2
C0D59F53
C0D9F412
C0DE703F
C0E313E9
C0E7DEFF
C0ECD151
C0F1EA8D
C0F72A3F
C0FC8FD7
C1010D53
C103E4EF
C106CE4F
C109C8F2
C10CD44F
C10FEFD6
C1131AEA
C11654EC
C1199D37
C11CF322
C1205603
C123C52E
C1273FF8
C12AC5B8
C12E55C6
C131EF80
C1359244
C1393D7A
C13CF089
C140AAE2
C1446BFB
C148334E
C14C005C
C14FD2AE
C153A9CF
C1578555
C15B64D7
C15F47F6
C1632E54
C167179D
C16B037D
C16EF1A9
C172E1D7
C176D3C5
C17AC730
C17EBBDE
C18158CA
C183540D
C1854FA0
C1874B69
C1894752
C18B4342
C18D3F26
C18F3AE7
C1913672
C19331B3
C1952C96
C1972708
C19920F6
C19B1A4C
C19D12F8
C19F0AE7
C1A10203
C1A2F839
C1A4ED74
C1A6E19E
C1A8D4A0
C1AAC662
C1ACB6CA
C1AEA5BF
C1B09323
C1B27ED9
C1B468C0
C1B650B5
C1B83692
C1BA1A30
C1BBFB62
C1BDD9FA
C1BFB5C5
C1C18E8E
C1C36413
C1C53616
C1C7045F
C1C8CE8C
C1CA9466
C1CC5585
C1CE118C
C1CFC83D
C1D1790A
C1D32383
C1D4C764
C1D66415
C1D7F972
C1D98645
C1DB09F1
C1DC86B8
C1DDFA16
C1DF617D
C1E0BCDD
C1E2157D
C1E35D6E
C1E4AF1B
C1E5D0F1
C1E7104B
C1E818DF
C1E9310D
C1EA45B5
C1EB3883
C1EC272E
C1ED1249
C1EDEE38
C1EEC66E
C1EF9633
C1F05DE2
C1F11DE9
C1F1D6BB
C1F288CA
C1F33486
C1F3DA5B
C1F47AB1
C1F515E9
C1F5AC61
C1F63E6E
C1F6CC62
C1F75687
C1F7DD23
C1F86076
C1F8E0BD
C1F95E2E
C1F9D8FC
C1FA5154
C1FAC763
C1FB3B50
C1FBAD3E
C1FC1D4F
C1FC8BA3
C1FCF855
C1FD637F
C1FDCD3B
C06DFD39
C06E171A
C06E3206
C06E4E08
C06E6B2B
C06E897D
C06EA908
C06EC9DA
C06EEC02
C06F0F8C
C06F3488
C06F5B06
C06F8315
C06FACC7
C06FD82E
C070055B
C0703462
C0706558
C0709851
C070CD64
C07104A7
C0713E33
C0717A22
C071B88C
C071F98F
C0723D46
C07283D1
C072CD4F
C07319E1
C07369AA
C073BCCE
C0741375
C0746DC5
C074CBE8
C0752E0C
C075945E
C075FF0E
C0766E4F
C076E258
C0775B5F
C077D9A0
C0785D58
C078E6C9
C0797637
C07A0BEA
C07AA82D
C07B4B50
C07BF5A6
C07CA787
C07D614F
C07E2361
C07EEE22
C07FC1FF
C0804FB4
C080C36B
C0813C64
C081BAE1
C0823F28
C082C983
C0835A3F
C083F1AF
C0849028
C0853607
C085E3AB
C0869979
C08757DB
C0881F42
C088F023
C089CAFC
C08AB04E
C08BA0A4
C08C9C8D
C08DA4A2
C08EB982
C08FDBD3
C0910C46
C0924B8F
C0939A70
C094F9B0
C0966A1E
C097EC93
C09981EE
C09B2B1A
C09CE905
C09EBCA8
C0A0A700
C0A2A911
C0A4C3E5
C0A6F88A
C0A94810
C0ABB38A
C0AE3C0A
C0B0E2A1
C0B3A85D
C0B68E46
C0B9955B
C0BCBE94
C0C00AD9
C0C37B05
C0C70FE1
C0CACA23
C0CEAA67
C0D2B135
C0D6DEF5
C0DB33F6
C0DFB068
C0E4545A
C0E91FBB
C0EE125B
C0F32BE7
C0F86BEE
C0FDD1DE
C101AE84
C1048650
C1076FE1
C10A6AB8
C10D764B
C1109209
C113BD58
C116F797
C11A4022
C11D964F
C120F975
C12468E7
C127E3FC
C12B6A0A
C12EFA6A
C1329479
C1363797
C139E329
C13D9699
C1415157
C14512D9
C148DA9A
C14CA81B
C1507AE5
C1545284
C1582E8D
C15C0E99
C15FF247
C163D93C
C167C321
C16BAFA6
C16F9E7E
C1738F61
C177820B
C17B763D
C17F6BBA
C181B125
C183ACDB
C185A8E6
C187A52D
C189A19A
C18B9E16
C18D9A8C
C18F96E7
C1919315
C1938F00
C1958A98
C19785C8
C199807F
C19B7AAA
C19D7437
C19F6D13
C1A1652B
C1A35C6B
C1A552C1
C1A74817
C1A93C57
C1AB2F6C
C1AD213E
C1AF11B4
C1B100B3
C1B2EE1F
C1B4D9DA
C1B6C3C5
C1B8ABBB
C1BA9199
C1BC7535
C1BE5665
C1C034F9
C1C210C0
C1C3E97F
C1C5BEFB
C1C79101
C1C95F35
C1CB2964
C1CCEF2F
C1CEB03B
C1D06C53
C1D22300
C1D3D395
C1D57E4F
C1D721E1
C1D8BEDE
C1DA5318
C1DBE01E
C1DD6539
C1DEE25B
C1E05350
C1E1B9BD
C1E315F5
C1E46B25
C1E5AB9A
C1E711D9
C1E82AD4
C1E94B60
C1EA6EAF
C1EB865D
C1EC8130
C1ED8DC2
C1EE76EC
C1EF648E
C1F04880
C1F11AEF
C1F1FBFF
C1F2BE50
C1F37A7C
C1F43331
C1F4E529
C1F590D2
C1F63699
C1F6D6E3
C1F77211
C1F80880
C1F89A87
C1F92874
C1F9B294
C1FA392B
C1FABC7B
C1FB3CBE
C1FBBA2C
C1FC34F7
C1FCAD4D
C1FD235A
C1FD9744
C1FE0930
C1FE7940
C1FEE792
C1FF5442
C1FFBF6C
C0706FDC
C07089C0
C070A4AE
C070C0B3
C070DDD9
C070FC2D
C0711BBB
C0713C91
C0715EBB
C0718248
C071A748
C071CDC9
C071F5DC
C0721F92
C0724AFC
C072782D
C072A739
C072D833
C0730B31
C0734048
C0737790
C073B122
C073ED15
C0742B85
C0746C8D
C074B04B
C074F6DC
C0754060
C0758CF8
C075DCC8
C0762FF4
C07686A2
C076E0FA
C0773F25
C077A151
C07807AC
C0787265
C078E1B0
C07955C2
C079CED3
C07A4D1E
C07AD0E2
C07B5A5E
C07BE9D8
C07C7F97
C07D1BE7
C07DBF17
C07E697B
C07F1B6A
C07FD542
C0804BB1
C080B11A
C0811B11
C08189CE
C081FD8E
C0827691
C082F517
C0837968
C08403CD
C0849495
C0852C10
C085CA95
C0867080
C0871E31
C087D40C
C088927C
C08959F1
C08A2AE2
C08B05CA
C08BEB2D
C08CDB93
C08DD78E
C08EDFB5
C08FF4A7
C091170C
C0924793
C09386F2
C094D5E9
C096353F
C097A5C5
C0992852
C09ABDC8
C09C670E
C09E2516
C09FF8D5
C0A1E34B
C0A3E57B
C0A60070
C0A83537
C0AA84E0
C0ACF07F
C0AF7925
C0B21FE4
C0B4E5C9
C0B7CBDC
C0BAD31E
C0BDFC85
C0C148FA
C0C4B959
C0C84E69
C0CC08E1
C0CFE95E
C0D3F066
C0D81E63
C0DC73A4
C0E0F058
C0E5948F
C0EA6038
C0EF5323
C0F46CFD
C0F9AD55
C0FF1399
C1024F8D
C1052787
C1081148
C10B0C50
C10E1817
C111340B
C1145F92
C1179A0C
C11AE2D3
C11E3940
C1219CA8
C1250C60
C12887BC
C12C0E15
C12F9EC4
C1333924
C136DC97
C13A8881
C13E3C4E
C141F76D
C145B954
C149817F
C14D4F6E
C15122AB
C154FAC2
C158D749
C15CB7D8
C1609C0F
C1648393
C1686E0F
C16C5B31
C1704AAE
C1743C3D
C1782F9C
C17C248B
C1800D67
C1820917
C184053A
C18601B7
C187FE76
C189FB61
C18BF862
C18DF563
C18FF251
C191EF19
C193EBA7
C195E7EA
C197E3CF
C199DF44
C19BDA38
C19DD499
C19FCE55
C1A1C75B
C1A3BF97
C1A5B6F7
C1A7AD68
C1A9A2D5
C1AB9729
C1AD8A4E
C1AF7C2D
C1B16CAD
C1B35BB4
C1B54926
C1B734E6
C1B91ED2
C1BB06C8
C1BCECA5
C1BED03F
C1C0B16B
C1C28FFB
C1C46BB9
C1C6446F
C1C819EE
C1C9EBDF
C1CBBA16
C1CD8437
C1CF49EE
C1D10B0D
C1D2C72E
C1D47D7E
C1D62E16
C1D7D8A4
C1D97CCE
C1DB199A
C1DCAE08
C1DE39D9
C1DFC17E
C1E13B76
C1E2ABE2
C1E41691
C1E56F4D
C1E6C37D
C1E812FB
C1E94A22
C1EA84BA
C1EBE638
C1ECE242
C1EDD53D
C1EEF120
C1EFDD59
C1F0D128
C1F1B815
C1F2B25B
C1F382D3
C1F44F5C
C1F5157A
C1F5D4A3
C1F68CED
C1F73EA1
C1F7EAF9
C1F89350
C1F9356E
C1F9D1EE
C1FA6952
C1FAFC0B
C1FB8A7B
C1FC14F9
C1FC9BD6
C1FD1F56
C1FD9FBC
C1FE1D41
C1FE981B
C1FF107B
C1FF868C
C1FFFA77
C2003631
C2006E38
C200A55E
C200DBB4
C072E294
C072FC7A
C073176B
C0733372
C073509B
C0736EF1
C0738E82
C073AF5A
C073D188
C073F518
C0741A1B
C07440A0
C07468B6
C074926F
C074BDDD
C074EB13
C0751A22
C0754B20
C0757E22
C075B33E
C075EA8B
C0762421
C076601A
C0769E8F
C076DF9D
C0772360
C07769F7
C077B381
C0780020
C0784FF7
C078A329
C078F9DE
C079543D
C079B271
C07A14A5
C07A7B08
C07AE5CA
C07B551D
C07BC939
C07C4254
C07CC0A9
C07D4477
C07DCDFF
C07E5D84
C07EF34F
C07F8FAB
C0801974
C0806EAC
C080C7AB
C081249E
C08185B6
C081EB26
C0825525
C082C3EB
C08337B4
C083B0BF
C0842F4F
C084B3AA
C0853E19
C085CEEB
C0866671
C0870502
C087AAF9
C08858B6
C0890E9E
C089CD1B
C08A949E
C08B659D
C08C4094
C08D2606
C08E167D
C08F1288
C0901AC1
C0912FC5
C092523D
C09382D7
C094C24B
C0961157
C09770C3
C098E160
C09A6405
C09BF994
C09DA2F4
C09F6115
C0A134F1
C0A31F83
C0A521D2
C0A73CE6
C0A971CE
C0ABC199
C0AE2D5A
C0B0B625
C0B35D0A
C0B62317
C0B90953
C0BC10C0
C0BF3A53
C0C286F7
C0C5F786
C0C98CC8
C0CD4774
C0D12828
C0D52F68
C0D95DA1
C0DDB31F
C0E23012
C0E6D48B
C0EBA07A
C0F093AC
C0F5ADD1
C0FAEE77
C1002A86
C102F071
C105C897
C108B285
C10BADBD
C10EB9B6
C111D5DE
C115019A
C1183C4C
C11B854E
C11EDBF8
C1223F9F
C125AF99
C1292B3B
C12CB1DC
C13042D5
C133DD83
C1378148
C13B2D88
C13EE1AD
C1429D29
C1465F71
C14A2800
C14DF659
C151CA04
C155A28F
C1597F8D
C15D609A
C1614555
C1652D62
C169186E
C16D0626
C170F640
C174E874
C178DC7F
C17CD222
C1806491
C18260A4
C1845D2F
C1865A1A
C188574B
C18A54AE
C18C522D
C18E4FB3
C1904D2D
C1924A87
C19447AF
C1964495
C1984125
C19A3D4E
C19C3901
C19E342B
C1A02EBC
C1A228A2
C1A421CC
C1A61A28
C1A811A3
C1AA082B
C1ABFDAC
C1ADF210
C1AFE542
C1B1D72C
C1B3C7B4
C1B5B6C1
C1B7A437
C1B98FF8
C1BB79E5
C1BD61DA
C1BF47B5
C1C12B4B
C1C30C74
C1C4EAFB
C1C6C6B1
C1C89F6A
C1CA74D4
C1CC46C8
C1CE14F1
C1CFDEFF
C1D1A4CB
C1D365FA
C1D521A6
C1D6D82B
C1D888CE
C1DA33B2
C1DBD73A
C1DD7374
C1DF0881
C1E093E3
C1E21A7F
C1E3964C
C1E5091D
C1E67055
C1E7CFD2
C1E92B4A
C1EA667F
C1EBB0E8
C1ECDEA3
C1EDD77F
C1EF0D72
C1F04D08
C1F130DC
C1F23CE6
C1F31FE6
C1F4244A
C1F4FFAC
C1F5D80B
C1F6A7CB
C1F7667E
C1F8268F
C1F8DF3E
C1F9911A
C1FA3CA1
C1FAE245
C1FB826F
C1FC1D83
C1FCB3DB
C1FD45CD
C1FDD3AB
C1FE5DBD
C1FEE44A
C1FF6790
C1FFE7CC
C200329A
C2006FFC
C200AC25
C200E72A
C201211D
C2015A12
C2019218
C201C940
C0755560
C0756F48
C0758A3B
C075A644
C075C370
C075E1C9
C076015C
C0762237
C0764467
C07667FB
C0768D01
C076B388
C076DBA2
C077055F
C07730D1
C0775E0A
C0778D1D
C077BE1F
C077F126
C0782646
C0785D97
C0789732
C078D32F
C07911AA
C07952BD
C0799685
C079DD22
C07A26B2
C07A7357
C07AC334
C07B166E
C07B6D29
C07BC790
C07C25CB
C07C8807
C07CEE71
C07D593B
C07DC898
C07E3CBC
C07EB5E1
C07F3440
C07FB818
C08020D5
C080689D
C080B388
C08101BC
C0815361
C081A8A0
C08201A5
C0825E9F
C082BFBE
C0832536
C0838F3C
C083FE0A
C08471DB
C084EAEF
C0856988
C085EDEC
C0867866
C0870941
C087A0D2
C0883F6E
C088E570
C0899339
C08A492D
C08B07B7
C08BCF48
C08CA055
C08D7B5A
C08E60DB
C08F5161
C0904D7D
C09155C6
C0926ADC
C0938D66
C094BE13
C095FD9A
C0974CBB
C098AC3C
C09A1CEF
C09B9FAB
C09D3551
C09EDECA
C0A09D06
C0A270FC
C0A45BAA
C0A65E16
C0A87948
C0AAAE4F
C0ACFE3A
C0AF6A1E
C0B1F30C
C0B49A15
C0B76048
C0BA46AC
C0BD4E42
C0C07800
C0C3C4D1
C0C7358E
C0CACB01
C0CE85DF
C0D266C6
C0D66E3D
C0DA9CAE
C0DEF267
C0E36F98
C0E81451
C0ECE081
C0F1D3F9
C0F6EE65
C0FC2F56
C100CB1D
C1039130
C1066980
C109539A
C10C4F00
C10F5B29
C1127782
C115A372
C118DE5A
C11C2794
C11F7E78
C122E25C
C1265296
C129CE7A
C12D5560
C130E6A1
C134819B
C13825AD
C13BD23F
C13F86BA
C143428E
C1470533
C14ACE23
C14E9CE1
C15270F5
C15649EE
C15A2760
C15E08E5
C161EE1D
C165D6AE
C169C243
C16DB08B
C171A13B
C175940C
C17988BC
C17D7F0C
C180BB61
C182B7D2
C184B4C0
C186B212
C188AFB1
C18AAD87
C18CAB7E
C18EA982
C190A780
C192A566
C194A321
C196A0A0
C1989DD3
C19A9AA8
C19C970F
C19E92F8
C1A08E52
C1A2890D
C1A48317
C1A67C61
C1A874D8
C1AA6C6B
C1AC6307
C1AE5897
C1B04D09
C1B24046
C1B43238
C1B622C6
C1B811D7
C1B9FF4F
C1BBEB11
C1BDD4FD
C1BFBCF1
C1C1A2C7
C1C3865A
C1C5677A
C1C745F9
C1C921B2
C1CAFA58
C1CCCFC5
C1CEA1AC
C1D06FC1
C1D239E6
C1D3FF53
C1D5C072
C1D77C5B
C1D932CD
C1DAE3F9
C1DC8DF3
C1DE3163
C1DFCDFD
C1E16238
C1E2F0B6
C1E47457
C1E5EC41
C1E7635A
C1E8C72F
C1EA2800
C1EB7E01
C1ECDEC7
C1EDD3EC
C1EF388F
C1F07000
C1F15FAE
C1F27040
C1F3B6A7
C1F4A74A
C1F59255
C1F66930
C1F755F3
C1F83135
C1F8D0AC
C1F9C398
C1FA811A
C1FB37AE
C1FBE7DB
C1FC9210
C1FD36AC
C1FDD60A
C1FE707F
C1FF065D
C1FF97F2
C20012C4
C20057B2
C2009AE3
C200DC76
C2011C88
C2015B33
C201988E
C201D4B2
C2020FB3
C20249A3
C2028296
C202BA9B
C077C83F
C077E229
C077FD1E
C078192A
C0783657
C07854B3
C0787449
C0789526
C078B759
C078DAF0
C078FFF8
C0792683
C0794EA0
C0797860
C079A3D5
C079D112
C07A0029
C07A312F
C07A643A
C07A995E
C07AD0B4
C07B0A53
C07B4655
C07B84D4
C07BC5EC
C07C09BA
C07C505C
C07C99F2
C07CE69D
C07D3680
C07D89C0
C07DE082
C07E3AF0
C07E9932
C07EFB75
C07F61E8
C07FCCBA
C0801E0F
C0805826
C08094BD
C080D3F1
C08115E2
C0815AB0
C081A27D
C081ED6E
C0823BA8
C0828D52
C082E297
C0833BA3
C08398A3
C083F9C9
C0845F48
C084C956
C085382C
C085AC05
C0862522
C086A3C3
C0872830
C087B2B3
C0884398
C088DB33
C08979DA
C08A1FE7
C08ACDBB
C08B83BB
C08C4252
C08D09EF
C08DDB09
C08EB61C
C08F9BAC
C0908C41
C091886C
C09290C5
C093A5EC
C094C887
C095F947
C09738E1
C0988815
C099E7AB
C09B5872
C09CDB45
C09E7102
C0A01A92
C0A1D8E7
C0A3ACF7
C0A597C0
C0A79A47
C0A9B597
C0ABEABB
C0AE3AC6
C0B0A6CA
C0B32FDA
C0B5D707
C0B89D5E
C0BB83E8
C0BE8BA6
C0C1B58D
C0C50288
C0C87372
C0CC0914
C0CFC422
C0D3A53C
C0D7ACE7
C0DBDB8E
C0E03180
C0E4AEEB
C0E953E1
C0EE2051
C0F3140B
C0F82EBD
C0FD6FF5
C1016B92
C10431CC
C1070A45
C109F489
C10CF01B
C10FFC71
C11318FA
C116451C
C1198038
C11CC9A7
C12020C4
C12384E3
C126F559
C12A717D
C12DF8A5
C1318A2B
C135256D
C138C9CA
C13C76AA
C1402B77
C143E7A0
C147AA9E
C14B73EB
C14F430A
C1531783
C156F0E5
C15ACEC6
C15EB0BE
C162966E
C1667F7D
C16A6B95
C16E5A67
C1724BA6
C1763F0E
C17A345B
C17E2B50
C18111D9
C1830EA4
C1850BF1
C18709A7
C18907AE
C18B05F0
C18D0459
C18F02D6
C1910152
C192FFBD
C194FE03
C196FC16
C198F9E3
C19AF75A
C19CF46D
C19EF10A
C1A0ED23
C1A2E8A7
C1A4E386
C1A6DDB0
C1A8D716
C1AACFA4
C1ACC74B
C1AEBDF6
C1B0B395
C1B2A811
C1B49B57
C1B68D4F
C1B87DE1
C1BA6CF4
C1BC5A6D
C1BE462E
C1C03018
C1C21809
C1C3FDDD
C1C5E167
C1C7C27F
C1C9A102
C1CB7CA7
C1CD554F
C1CF2AB0
C1D0FC84
C1D2CAB1
C1D49479
C1D65A3F
C1D81B1E
C1D9D709
C1DB8E10
C1DD3E21
C1DEE847
C1E08BFD
C1E22816
C1E3BE7D
C1E54C29
C1E6CB6E
C1E84F90
C1E9BA20
C1EB2C70
C1EC78F2
C1EDB9B6
C1EF0AAF
C1F05806
C1F1927E
C1F319F7
C1F3F4C3
C1F4DDE3
C1F5E647
C1F71701
C1F80552
C1F8ED05
C1F9CA39
C1FA9EC2
C1FB6B66
C1FC2D54
C1FCE93F
C1FD9F94
C1FE5007
C1FEFAAC
C1FF9FBD
C2001FC1
C2006D28
C200B83B
C2010121
C2014801
C2018CFF
C201D03D
C20211D9
C20251F1
C20290A0
C202CDFF
C2030A24
C2034525
C2037F16
C203B809
C07A3B2F
C07A551B
C07A7013
C07A8C21
C07AA950
C07AC7AE
C07AE747
C07B0827
C07B2A5C
C07B4DF6
C07B7301
C07B998F
C07BC1AF
C07BEB72
C07C16EB
C07C442B
C07C7346
C07CA44F
C07CD75E
C07D0C86
C07D43E0
C07D7D84
C07DB98A
C07DF80E
C07E392B
C07E7CFE
C07EC3A5
C07F0D41
C07F59F2
C07FA9DB
C07FFD20
C08029F5
C080572F
C0808653
C080B778
C080EAB5
C0812022
C08157D9
C08191F4
C081CE8F
C0820DC7
C0824FBD
C0829490
C082DC62
C0832758
C0837597
C083C748
C0841C93
C08475A4
C084D2AB
C08533D8
C085995E
C0860373
C0867250
C086E631
C0875F55
C087DDFF
C0886275
C088ED01
C0897DF0
C08A1595
C08AB445
C08B5A5D
C08C083C
C08CBE47
C08D7CEA
C08E4493
C08F15BA
C08FF0DB
C090D678
C091C71B
C092C355
C093CBBE
C094E0F5
C09603A2
C0973472
C098741E
C099C365
C09B230F
C09C93EB
C09E16D2
C09FACA6
C0A1564D
C0A314B9
C0A4E8E2
C0A6D3C5
C0A8D667
C0AAF1D2
C0AD2714
C0AF773D
C0B1E360
C0B46C91
C0B713DF
C0B9DA5A
C0BCC109
C0BFC8EC
C0C2F2FB
C0C64020
C0C9B134
C0CD4702
C0D1023F
C0D4E389
C0D8EB66
C0DD1A42
C0E1706A
C0E5EE0E
C0EA933F
C0EF5FEC
C0F453E6
C0F96EDA
C0FEB057
C1020BE7
C104D247
C107AAE6
C10A9553
C10D910F
C1109D91
C113BA48
C116E69A
C11A21E7
C11D6B8B
C120C2DD
C1242734
C12797E5
C12B1445
C12E9BAD
C1322D75
C135C8FC
C1396DA2
C13D1ACD
C140CFE7
C1448C63
C1484FB5
C14C195B
C14FE8D7
C153BDB1
C1579779
C15B75C2
C15F5829
C1633E4D
C16727D4
C16B146A
C16F03BF
C172F588
C176E97F
C17ADF63
C17ED6F5
C18167FE
C1836520
C18562C7
C18760DB
C1895F45
C18B5DEF
C18D5CC6
C18F5BB5
C1915AAA
C1935992
C195585E
C19756FB
C199555B
C19B536D
C19D5123
C19F4E6B
C1A14B39
C1A3477B
C1A54324
C1A73E23
C1A93869
C1AB31E5
C1AD2A88
C1AF223F
C1B118F8
C1B30EA1
C1B50326
C1B6F672
C1B8E86E
C1BAD903
C1BCC817
C1BEB58F
C1C0A14F
C1C28B36
C1C47324
C1C658EF
C1C83C72
C1CA1D8D
C1CBFBFD
C1CDD7A5
C1CFB041
C1D1858F
C1D3577C
C1D5254F
C1D6EF69
C1D8B4DE
C1DA75E7
C1DC311E
C1DDE82A
C1DF9890
C1E142F1
C1E2E640
C1E48442
C1E616E6
C1E7A1D7
C1E928F8
C1EA9D49
C1EC16FB
C1ED8143
C1EEE7AF
C1F04693
C1F151BE
C1F2E7F9
C1F3EC6F
C1F44AEF
C1F5C468
C1F76120
C1F87E97
C1F901F5
C1F9EE77
C1FB1A75
C1FBEF9A
C1FCBE78
C1FDD9B2
C1FE9A73
C1FF555F
C2000533
C2005CD0
C200B19C
C20103B6
C2015342
C201A063
C201EB3F
C20233FC
C2027ABB
C202BFA0
C20302CA
C2034457
C2038463
C203C309
C2040061
C2043C81
C204777E
C204B16C
C07CAE32
C07CC81F
C07CE319
C07CFF29
C07D1C5B
C07D3ABB
C07D5A56
C07D7B38
C07D9D70
C07DC10C
C07DE61B
C07E0CAB
C07E34CE
C07E5E95
C07E8A10
C07EB754
C07EE672
C07F177F
C07F4A91
C07F7FBE
C07FB71C
C07FF0C3
C0801667
C08035AB
C080563C
C0807828
C0809B7E
C080C04F
C080E6AA
C0810EA1
C0813847
C08163AF
C08190EC
C081C014
C081F13C
C082247D
C08259ED
C08291A8
C082CBC7
C0830866
C08347A3
C083899D
C083CE75
C084164C
C0846147
C084AF8B
C0850141
C0855692
C085AFA9
C0860CB6
C0866DEA
C086D376
C0873D92
C087AC76
C088205F
C088998B
C089183D
C0899CBB
C08A2750
C08AB848
C08B4FF6
C08BEEB0
C08C94D2
C08D42BC
C08DF8D2
C08EB780
C08F7F35
C0905068
C0912B96
C0921140
C09301F1
C093FE3A
C09506B2
C0961BF8
C0973EB5
C0986F96
C099AF54
C09AFEAD
C09C5E69
C09DCF59
C09F5255
C0A0E83D
C0A291FB
C0A4507E
C0A624BE
C0A80FBA
C0AA1276
C0AC2DFC
C0AE635A
C0B0B3A0
C0B31FE1
C0B5A931
C0B850A0
C0BB173C
C0BDFE0E
C0C10617
C0C4304C
C0C77D98
C0CAEED6
C0CE84CF
C0D24038
C0D621B0
C0DA29BE
C0DE58CC
C0E2AF28
C0E72D02
C0EBD26C
C0F09F54
C0F5938B
C0FAAEBF
C0FFF07F
C102AC1D
C10572A1
C1084B66
C10B35F9
C10E31DE
C1113E8B
C1145B6D
C11787ED
C11AC36A
C11E0D3F
C12164C5
C124C952
C1283A3B
C12BB6D6
C12F3E7B
C132D083
C1366C4C
C13A1137
C13DBEA9
C141740F
C14530D9
C148F47D
C14CBE78
C1508E4D
C1546384
C1583DAD
C15C1C5B
C15FFF2B
C163E5BE
C167CFB8
C16BBCC6
C16FAC99
C1739EE5
C1779366
C17B89DA
C17F8202
C181BDD3
C183BB47
C185B945
C187B7B3
C189B67C
C18BB58A
C18DB4C8
C18FB424
C191B38C
C193B2ED
C195B237
C197B159
C199B044
C19BAEE9
C19DAD39
C19FAB24
C1A1A89D
C1A3A595
C1A5A1FC
C1A79DC4
C1A998DF
C1AB933C
C1AD8CCD
C1AF8580
C1B17D44
C1B37409
C1B569BA
C1B75E46
C1B95196
C1BB4394
C1BD342A
C1BF233E
C1C110B5
C1C2FC72
C1C4E656
C1C6CE3C
C1C8B3FF
C1CA9786
C1CC788E
C1CE5701
C1D0329E
C1D20B27
C1D3E08E
C1D5B222
C1D78042
C1D949F8
C1DB0FC6
C1DCD00E
C1DE8C72
C1E042AB
C1E1F34A
C1E39CB4
C1E5427A
C1E6DAFF
C1E86FCB
C1E9FF29
C1EB8558
C1ECFFD4
C1EE6491
C1EFDA9F
C1F1225F
C1F26B94
C1F3F154
C1F45071
C1F64663
C1F6E759
C1F823E1
C1F9075E
C1FA6CA8
C1FBBECC
C1FCA5BD
C1FDB7E5
C1FE479C
C1FF301A
C1FFAA04
C2004B92
C200B9C2
C20120F0
C2018229
C201DE46
C20235F2
C20289BC
C202DA18
C203276A
C20340A7
C20387E2
C203CC1D
C2040EC7
C2044FF6
C2048FBD
C204CE31
C2050B64
C205476C
C2058258
C07F2145
C07F3B34
C07F5630
C07F7242
C07F8F76
C07FADD8
C07FCD75
C07FEE5A
C080084A
C0801A19
C0802CA2
C0803FEC
C08053FF
C08068E3
C0807EA3
C0809546
C080ACD7
C080C55F
C080DEEA
C080F982
C0811533
C0813209
C0815010
C0816F57
C0818FEA
C081B1D8
C081D531
C081FA04
C0822061
C082485C
C0827204
C0829D6F
C082CAAF
C082F9DA
C0832B06
C0835E4A
C08393BE
C083CB7C
C084059F
C0844242
C0848184
C084C382
C085085E
C085503A
C0859B3A
C085E984
C0863B3F
C0869095
C086E9B2
C08746C5
C087A7FE
C0880D91
C08877B4
C088E69F
C0895A8F
C089D3C2
C08A527C
C08AD702
C08B619F
C08BF2A0
C08C8A57
C08D291B
C08DCF46
C08E7D3A
C08F335B
C08FF214
C090B9D5
C0918B14
C092664D
C0934C05
C0943CC3
C095391A
C09641A0
C09756F5
C09879C1
C099AAB3
C09AEA81
C09C39EC
C09D99BA
C09F0ABD
C0A08DCC
C0A223C9
C0A3CD9C
C0A58C35
C0A7608C
C0A94BA0
C0AB4E75
C0AD6A15
C0AF9F8D
C0B1EFEF
C0B45C4D
C0B6E5BB
C0B98D49
C0BC5406
C0BF3AFA
C0C24326
C0C56D80
C0C8BAF2
C0CC2C57
C0CFC279
C0D37E0E
C0D75FB3
C0DB67EF
C0DF972D
C0E3EDBB
C0E86BCA
C0ED116A
C0F1DE8B
C0F6D2FD
C0FBEE6E
C1009837
C1034C35
C10612DC
C108EBC5
C10BD67E
C10ED289
C111DF5E
C114FC6C
C1182917
C11B64C2
C11EAEC7
C122067E
C1256B3F
C128DC5E
C12C5931
C12FE111
C1337356
C1370F5E
C13AB48B
C13E6243
C14217F1
C145D506
C14998F9
C14D6346
C151336F
C15508FF
C158E385
C15CC294
C160A5CA
C1648CC5
C168772E
C16C64AF
C17054FA
C17447C5
C1783CC9
C17C33C6
C180163F
C182135C
C1841120
C1860F6F
C1880E34
C18A0D57
C18C0CC4
C18E0C66
C1900C2A
C1920BFE
C1940BD2
C1960B94
C1980B35
C19A0AA5
C19C09D6
C19E08B8
C1A0073E
C1A2055A
C1A402FC
C1A60019
C1A7FCA0
C1A9F884
C1ABF3B6
C1ADEE27
C1AFE7C8
C1B1E089
C1B3D858
C1B5CF25
C1B7C4DE
C1B9B96E
C1BBACC0
C1BD9EC0
C1BF8F56
C1C17E68
C1C36BDC
C1C55797
C1C74173
C1C92950
C1CB0F18
C1CCF28C
C1CED398
C1D0B200
C1D28D89
C1D4662D
C1D63B3D
C1D80D1A
C1D9DAC4
C1DBA4FF
C1DD69FD
C1DF2B5D
C1E0E701
C1E29D74
C1E44C6B
C1E5F99A
C1E79B13
C1E935B8
C1EACCF7
C1EC59E5
C1EDDF47
C1EF4325
C1F0C39E
C1F2319E
C1F3AD6F
C1F4D26F
C1F5CE23
C1F6DDE1
C1F8A059
C1F9206A
C1FB3AFD
C1FBB7A0
C1FD3949
C1FDE9BA
C1FEC339
C1FFA05E
C2006E6B
C200D95F
C2014009
C201A2CA
C20201E3
C2025D8D
C202B5FA
C2030B5D
C2035DE5
C203ADC0
C203FB1D
C2044625
C2048F02
C204D5D9
C2051ACF
C2055E06
C2059F9C
C205DFAF
C2061E59
C2065BB4
C20697D5
C080CA34
C080D72D
C080E4AB
C080F2B5
C0810150
C0811083
C0812052
C08130C6
C08141E4
C08153B5
C081663E
C0817989
C0818D9E
C081A284
C081B845
C081CEE9
C081E67C
C081FF06
C0821892
C082332C
C0824EDF
C0826BB7
C08289C0
C082A909
C082C99E
C082EB8F
C0830EEA
C08333BF
C0835A1F
C083821C
C083ABC8
C083D735
C0840478
C08433A6
C08464D5
C084981D
C084CD95
C0850556
C0853F7D
C0857C24
C085BB69
C085FD6C
C086424C
C0868A2D
C086D531
C0872380
C0877540
C087CA9B
C08823BE
C08880D7
C088E216
C08947AF
C089B1D8
C08A20CA
C08A94C0
C08B0DFB
C08B8CBC
C08C114A
C08C9BEF
C08D2CF8
C08DC4B8
C08E6385
C08F09BA
C08FB7B8
C0906DE3
C0912CA6
C091F472
C092C5BC
C093A102
C09486C5
C0957791
C09673F4
C0977C88
C09891EC
C099B4C7
C09AE5C8
C09C25A7
C09D7522
C09ED502
C0A04617
C0A1C939
C0A35F4A
C0A50931
C0A6C7DF
C0A89C4D
C0AA8777
C0AC8A64
C0AEA61C
C0B0DBAF
C0B32C2B
C0B598A6
C0B82230
C0BAC9DD
C0BD90B9
C0C077CE
C0C3801B
C0C6AA98
C0C9F82F
C0CD69BB
C0D10004
C0D4BBC2
C0D89D92
C0DCA5FA
C0E0D567
C0E52C26
C0E9AA67
C0EE503B
C0F31D92
C0F8123D
C0FD2DE9
C1013813
C103EC31
C106B2F9
C1098C04
C10C76E2
C10F7313
C112800F
C1159D44
C118CA1A
C11C05F1
C11F5023
C122A80B
C1260CFD
C1297E50
C12CFB59
C1308371
C13415F0
C137B236
C13B57A3
C13F059D
C142BB90
C14678ED
C14A3D2B
C14E07C6
C151D841
C155AE27
C1598905
C15D6872
C1614C08
C1653369
C1691E3B
C16D0C2B
C170FCE9
C174F02C
C178E5AE
C17CDD2F
C1806B38
C182689D
C18466AC
C186654A
C1886462
C18A63DB
C18C63A2
C18E63A3
C19063CA
C1926407
C1946447
C196647C
C1986495
C19A6484
C19C6439
C19E63A7
C1A062C0
C1A26176
C1A45FBC
C1A65D84
C1A85AC0
C1AA5763
C1AC535E
C1AE4EA4
C1B04926
C1B242D5
C1B43BA1
C1B63379
C1B82A4D
C1BA200A
C1BC149C
C1BE07F0
C1BFF9F0
C1C1EA84
C1C3D994
C1C5C706
C1C7B2B8
C1C99C8C
C1CB846F
C1CD6A24
C1CF4D9C
C1D12E9C
C1D30CF1
C1D4E896
C1D6C0E2
C1D89639
C1DA684F
C1DC35E7
C1DDFF44
C1DFC548
C1E185F7
C1E341D7
C1E4F630
C1E6AA15
C1E85164
C1E9F413
C1EB92CD
C1ED271D
C1EEB010
C1F035D0
C1F1A882
C1F313F4
C1F49E7F
C1F5DF26
C1F75B16
C1F8F608
C1F8F445
C1FAFA50
C1FD101B
C1FD37C7
C1FE90EB
C1FF9F2B
C200285D
C2008BB1
C2013E01
C2014E1C
C201FFB4
C2025926
C202B50D
C20312E7
C2036DA4
C203C562
C2041A42
C2046C67
C204BBF9
C205091D
C20553FB
C2059CB7
C205E375
C2062859
C2066B81
C206AD0C
C206ED16
C2072BBA
C2076910
C08203CD
C08210C7
C0821E46
C0822C51
C0823AED
C0824A21
C08259F1
C0826A66
C0827B86
C0828D57
C0829FE2
C082B32E
C082C744
C082DC2C
C082F1EE
C0830894
C0832028
C08338B4
C0835242
C0836CDD
C0838892
C083A56C
C083C377
C083E2C2
C0840359
C084254C
C08448A9
C0846D81
C08493E4
C084BBE3
C084E591
C0851101
C0853E47
C0856D78
C0859EAA
C085D1F5
C0860770
C0863F35
C086795F
C086B60A
C086F553
C087375A
C0877C3F
C087C424
C0880F2D
C0885D80
C088AF45
C08904A5
C0895DCD
C089BAEB
C08A1C30
C08A81CF
C08AEBFE
C08B5AF6
C08BCEF4
C08C4835
C08CC6FE
C08D4B93
C08DD640
C08E6751
C08EFF19
C08F9DEF
C090442D
C090F234
C091A869
C0926736
C0932F0D
C0940062
C094DBB3
C095C182
C096B25A
C097AECB
C098B76C
C099CCDE
C09AEFC7
C09C20D7
C09D60C5
C09EB051
C0A01042
C0A18168
C0A3049C
C0A49AC0
C0A644BA
C0A8037D
C0A9D800
C0ABC341
C0ADC644
C0AFE214
C0B217BF
C0B46856
C0B6D4EB
C0B95E91
C0BC065B
C0BECD55
C0C1B489
C0C4BCF7
C0C7E796
C0CB3550
C0CEA701
C0D23D70
C0D5F956
C0D9DB4F
C0DDE3E2
C0E2137C
C0E66A69
C0EAE8DA
C0EF8EE0
C0F45C6C
C0F9514D
C0FE6D32
C101D7D5
C1048C12
C10752F9
C10A2C26
C10D1726
C110137B
C113209C
C1163DF9
C1196AF7
C11CA6F8
C11FF157
C123496C
C126AE8E
C12A2013
C12D9D50
C131259D
C134B855
C13854D5
C13BFA7F
C13FA8B9
C1435EEE
C1471C90
C14AE116
C14EABFC
C1527CC6
C15652FE
C15A2E31
C15E0DF7
C161F1EA
C165D9AC
C169C4E3
C16DB33C
C171A469
C175981F
C1798E1A
C17D8619
C180BFEF
C182BD99
C184BBEF
C186BAD9
C188BA3F
C18ABA0B
C18CBA28
C18EBA83
C190BB0A
C192BBA9
C194BC52
C196BCF4
C198BD80
C19ABDE7
C19CBE1B
C19EBE0E
C1A0BDB2
C1A2BCFB
C1A4BBDC
C1A6BA46
C1A8B82E
C1AAB586
C1ACB240
C1AEAE50
C1B0A9A7
C1B2A436
C1B49DF0
C1B696C5
C1B88EA4
C1BA857C
C1BC7B3C
C1BE6FD0
C1C06323
C1C25522
C1C445B4
C1C634C1
C1C8222B
C1CA0DD6
C1CBF7AF
C1CDDF7F
C1CFC538
C1D1A8A4
C1D38992
C1D56803
C1D74351
C1D91BE3
C1DAF165
C1DCC2CB
C1DE9037
C1E05A8E
C1E21FEC
C1E3E0D9
C1E59DD6
C1E75384
C1E90102
C1EAAB50
C1EC511B
C1EDED16
C1EF7DF6
C1F106F2
C1F2833B
C1F4157B
C1F580FE
C1F70B82
C1F86650
C1F90C89
C1FB24E8
C1FCE9E6
C1FD544A
C1FD5EB3
C1FF5989
C2007659
C2006B0C
C20170F9
C201EC2B
C2026CA3
C20285D2
C203055D
C2037B89
C203F207
C203F56F
C2045C9D
C204BDD6
C20519F2
C205719F
C205C568
C20615C5
C2066317
C206ADB1
C206F5DA
C2073BCF
C2077FC4
C207C1E9
C2080265
C208415D
C0833D6E
C0834A69
C08357E9
C08365F5
C0837492
C08383C6
C0839398
C083A40D
C083B52E
C083C701
C083D98D
C083ECDB
C08400F1
C08415DA
C0842B9E
C0844246
C08459DB
C0847268
C0848BF8
C084A695
C084C24C
C084DF27
C084FD34
C0851C81
C0853D1A
C0855F0F
C085826E
C085A748
C085CDAE
C085F5AF
C0861F60
C0864AD3
C086781B
C086A74F
C086D885
C0870BD2
C0874150
C0877919
C087B346
C087EFF5
C0882F42
C088714C
C088B635
C088FE1E
C089492C
C0899783
C089E94D
C08A3EB2
C08A97DF
C08AF503
C08B564D
C08BBBF2
C08C2627
C08C9525
C08D0929
C08D8271
C08E0141
C08E85DD
C08F1091
C08FA1AA
C090397A
C090D858
C0917E9F
C0922CAF
C092E2EE
C093A1C5
C09469A5
C0953B05
C0961661
C096FC3C
C097ED20
C098E99C
C099F24B
C09B07CA
C09C2AC1
C09D5BDF
C09E9BDC
C09FEB77
C0A14B78
C0A2BCB0
C0A43FF6
C0A5D62B
C0A78039
C0A93F0F
C0AB13A6
C0ACFEFC
C0AF0216
C0B11DFD
C0B353C0
C0B5A46F
C0B8111E
C0BA9ADF
C0BD42C5
C0C009DC
C0C2F12E
C0C5F9BB
C0C9247B
C0CC7257
C0CFE42A
C0D37ABF
C0D736CA
C0DB18EB
C0DF21A8
C0E3516C
C0E7A886
C0EC2726
C0F0CD5C
C0F59B1A
C0FA902F
C0FFAC4B
C102777D
C1052BD8
C107F2DE
C10ACC2B
C10DB74C
C110B3C3
C113C109
C116DE8B
C11A0BB0
C11D47DA
C1209263
C123EAA4
C1274FF4
C12AC1A8
C12E3F17
C131C798
C1355A86
C138F73E
C13C9D23
C1404B9A
C144020F
C147BFF3
C14B84BE
C14F4FEC
C1532102
C156F787
C15AD30C
C15EB327
C1629773
C1667F92
C16A6B2B
C16E59E9
C1724B80
C1763FA4
C17A3612
C17E2E89
C1811466
C1831252
C18510ED
C187101F
C1890FD0
C18B0FEB
C18D105B
C18F110C
C19111ED
C19312EB
C19513F8
C1971502
C19915FB
C19B16D5
C19D1781
C19F17F2
C1A1181C
C1A317F0
C1A51764
C1A71669
C1A914F3
C1AB12F7
C1AD1066
C1AF0D35
C1B10955
C1B304BA
C1B4FF55
C1B6F918
C1B8F1F3
C1BAE9D7
C1BCE0B2
C1BED673
C1C0CB06
C1C2BE59
C1C4B056
C1C6A0E5
C1C88FEB
C1CA7D4D
C1CC68FD
C1CE52C4
C1D03A98
C1D22046
C1D403A0
C1D5E4AA
C1D7C2C4
C1D99E56
C1DB7708
C1DD4BF6
C1DF1D25
C1E0EB82
C1E2B53A
C1E47AD8
C1E63CA9
C1E7F7ED
C1E9AA7D
C1EB5C00
C1ED0854
C1EEAFF1
C1F043E9
C1F1E5EB
C1F36F2C
C1F4ED5B
C1F6568E
C1F7F7A1
C1F8E9FC
C1FA6646
C1FBA745
C1FD23B6
C1FD605A
C1FFAE45
C1FDAD4B
C2005256
C20183DA
C201D852
C202D108
C2029DC5
C20303FD
C2040581
C2046B09
C204CFA8
C20531E7
C205912A
C205ED3E
C2064625
C2069BFB
C206EEE6
C2073F14
C2078CB2
C207D7ED
C20820F0
C20867E3
C208ACEE
C208F032
C20931D2
C20971EA
C0847716
C0848412
C0849193
C0849F9F
C084AE3D
C084BD72
C084CD45
C084DDBC
C084EEDE
C08500B1
C085133F
C085268D
C0853AA6
C0854F90
C0856555
C0857BFE
C0859394
C085AC23
C085C5B5
C085E053
C085FC0B
C08618E9
C08636F8
C0865646
C08676E1
C08698D8
C086BC3A
C086E116
C087077D
C0872F81
C0875934
C08784AA
C087B1F5
C087E12C
C0881264
C08845B4
C0887B36
C088B301
C088ED32
C08929E4
C0896935
C089AB43
C089F030
C08A381D
C08A832E
C08AD18A
C08B2358
C08B78C2
C08BD1F5
C08C2F1D
C08C906D
C08CF617
C08D6052
C08DCF56
C08E4360
C08EBCAE
C08F3B85
C08FC028
C0904AE3
C090DC04
C09173DC
C09212C2
C092B911
C093672A
C0941D71
C094DC52
C095A43C
C09675A6
C097510C
C09836F2
C09927E1
C09A246A
C09B2D25
C09C42B0
C09D65B5
C09E96E1
C09FD6ED
C0A12697
C0A286A7
C0A3F7EF
C0A57B45
C0A7118C
C0A8BBAC
C0AA7A95
C0AC4F40
C0AE3AAA
C0B03DD9
C0B259D7
C0B48FB0
C0B6E077
C0B94D3F
C0BBD71A
C0BE7F1A
C0C1464E
C0C42DBD
C0C73668
C0CA6147
C0CDAF44
C0D12139
C0D4B7F1
C0D87421
C0DC5668
C0E05F4D
C0E48F3A
C0E8E67F
C0ED654B
C0F20BB0
C0F6D99F
C0FBCEE6
C100759B
C103170E
C105CB85
C10892A9
C10B6C14
C10E5755
C11153EE
C1146156
C1177EFC
C11AAC47
C11DE897
C1213349
C1248BB4
C127F130
C12B6312
C12EE0B1
C1326964
C135FC85
C1399974
C13D3F90
C140EE42
C144A4F4
C1486318
C14C2825
C14FF399
C153C4F6
C1579BC7
C15B779B
C15F5807
C1633CA9
C1672520
C16B1116
C16F0035
C172F231
C176E6BF
C17ADD9C
C17ED686
C18168A1
C18366CC
C18565A9
C187651F
C1896519
C18B657F
C18D663D
C18F6741
C1916878
C19369D1
C1956B3C
C1976CAA
C1996E0B
C19B6F52
C19D7071
C19F715B
C1A17203
C1A3725C
C1A5725B
C1A771F3
C1A97119
C1AB6FBF
C1AD6DDA
C1AF6B5E
C1B1683D
C1B3646B
C1B55FDC
C1B75A7F
C1B95449
C1BB4D29
C1BD450F
C1BF3BEC
C1C131AD
C1C32640
C1C51991
C1C70B8B
C1C8FC13
C1CAEB11
C1CCD879
C1CEC416
C1D0ADE1
C1D295AA
C1D47B45
C1D65EBC
C1D83F70
C1DA1DCD
C1DBF977
C1DDD1AB
C1DFA659
C1E17871
C1E34635
C1E5102F
C1E6D68A
C1E896F7
C1EA5425
C1EC068C
C1EDB8E7
C1EF5CE6
C1F10253
C1F2A6C2
C1F43974
C1F5C3F6
C1F74361
C1F8DDD1
C1F9EE3B
C1FBB4B5
C1FD2057
C1FE80E1
C1FF3822
C1FDCC27
C2010421
C201C3BA
C201D791
C2023078
C202E42F
C202F854
C203C75E
C20479AE
C2051702
C205A455
C2062510
C2069BA0
C20650EE
C206B815
C2070CDB
C2075F9D
C207B03A
C207FEAC
C2084AFA
C2089538
C208DD7C
C20923DF
C209687E
C209AB72
C209ECD5
C085B0C5
C085BDC1
C085CB43
C085D951
C085E7F0
C085F726
C08606F9
C0861771
C0862894
C0863A69
C0864CF7
C0866047
C0867460
C086894C
C0869F12
C086B5BC
C086CD54
C086E5E5
C086FF77
C0871A18
C08735D1
C08752B0
C08770C1
C0879011
C087B0AE
C087D2A7
C087F60B
C0881AE9
C0884152
C0886959
C088930E
C088BE86
C088EBD4
C0891B0D
C0894C48
C0897F9B
C089B520
C089ECEF
C08A2722
C08A63D8
C08AA32C
C08AE53E
C08B2A2E
C08B721F
C08BBD35
C08C0B95
C08C5D67
C08CB2D6
C08D0C0D
C08D693A
C08DCA8F
C08E303E
C08E9A7E
C08F0988
C08F7D98
C08FF6ED
C09075CA
C090FA74
C0918536
C092165D
C092AE3D
C0934D2B
C093F382
C094A1A3
C09557F3
C09616DD
C096DED0
C097B044
C0988BB5
C09971A5
C09A629F
C09B5F33
C09C67FA
C09D7D92
C09EA0A3
C09FD1DD
C0A111F6
C0A261AF
C0A3C1CE
C0A53325
C0A6B68C
C0A84CE4
C0A9F715
C0ABB611
C0AD8ACE
C0AF764C
C0B17990
C0B395A2
C0B5CB92
C0B81C70
C0BA894F
C0BD1343
C0BFBB5D
C0C282AC
C0C56A36
C0C872FF
C0CB9DFC
C0CEEC18
C0D25E2E
C0D5F508
C0D9B15B
C0DD93C7
C0E19CD1
C0E5CCE6
C0EA2454
C0EEA34C
C0F349DE
C0F817FA
C0FD0D72
C10114FA
C103B687
C1066B1A
C109325A
C10C0BE2
C10EF742
C111F3FB
C1150184
C1181F4D
C11B4CBC
C11E8931
C121D40A
C1252C9E
C1289244
C12C0452
C12F821F
C1330B02
C1369E55
C13A3B77
C13DE1CA
C14190B3
C14547A0
C1490601
C14CCB4E
C1509704
C15468A7
C1583FBF
C15C1BDE
C15FFC99
C163E18D
C167CA5A
C16BB6A8
C16FA625
C1739882
C1778D75
C17B84BB
C17F7E14
C181BCA2
C183BB09
C185BA25
C187B9DD
C189BA1B
C18BBAC9
C18DBBD3
C18FBD26
C191BEAF
C193C05F
C195C224
C197C3F1
C199C5B5
C19BC765
C19DC8F1
C19FCA4D
C1A1CB6E
C1A3CC46
C1A5CCCA
C1A7CCEE
C1A9CCA6
C1ABCBE7
C1ADCAA5
C1AFC8D4
C1B1C669
C1B3C356
C1B5BF90
C1B7BB09
C1B9B5B4
C1BBAF82
C1BDA865
C1BFA04D
C1C1972A
C1C38CEA
C1C5817B
C1C774C9
C1C966BC
C1CB573C
C1CD4640
C1CF3396
C1D11F37
C1D308F7
C1D4F0AE
C1D6D666
C1D8B987
C1DA9A7D
C1DC78EB
C1DE5429
C1E02C15
C1E201A7
C1E3D32B
C1E5A132
C1E76BCB
C1E930FE
C1EAF2A4
C1ECAB36
C1EE6344
C1F00F1D
C1F1B9A4
C1F3610B
C1F4FDB9
C1F6920F
C1F81188
C1F9B974
C1FB0DD1
C1FC9BB7
C1FDE3C0
C1FF8CE4
C2006AEF
C2005865
C201B82A
C2023120
C201EB06
C201FEDD
C203B205
C204ECB2
C2046A96
C204E58F
C20583AA
C20620B5
C206ADD0
C2072E5D
C206C2EC
C207311C
C2079849
C207F983
C208559F
C208AD4B
C2090115
C2095172
C2099EC4
C209E95D
C20A3186
C20A777B
C20ABB71
C086EA7B
C086F778
C08704FB
C0871309
C08721A9
C08730E0
C08740B4
C087512D
C0876250
C0877426
C08786B6
C0879A07
C087AE21
C087C30E
C087D8D5
C087EF81
C088071A
C0881FAC
C0883940
C08853E2
C0886F9D
C0888C7D
C088AA90
C088C9E2
C088EA81
C0890C7B
C0892FE1
C08954C1
C0897B2D
C089A335
C089CCED
C089F867
C08A25B8
C08A54F3
C08A8631
C08AB987
C08AEF0E
C08B26E0
C08B6117
C08B9DCF
C08BDD27
C08C1F3C
C08C6430
C08CAC25
C08CF73E
C08D45A3
C08D9779
C08DECEC
C08E4627
C08EA359
C08F04B3
C08F6A68
C08FD4AD
C09043BD
C090B7D2
C091312D
C091B010
C09234C0
C092BF89
C09350B7
C093E89E
C0948793
C0952DF2
C095DC1C
C0969274
C0975166
C0981963
C098EAE0
C099C65B
C09AAC55
C09B9D5A
C09C99F9
C09DA2CB
C09EB86F
C09FDB8D
C0A10CD3
C0A24CFA
C0A39CC0
C0A4FCEE
C0A66E54
C0A7F1CA
C0A98832
C0AB3274
C0ACF181
C0AEC651
C0B0B1E2
C0B2B539
C0B4D160
C0B70765
C0B95859
C0BBC54F
C0BE4F5B
C0C0F78E
C0C3BEF6
C0C6A69C
C0C9AF80
C0CCDA9A
C0D028D4
C0D39B0A
C0D73204
C0DAEE79
C0DED108
C0E2DA38
C0E70A73
C0EB6209
C0EFE129
C0F487E6
C0F9562F
C0FE4BD6
C101B444
C10455EB
C1070A97
C109D1F2
C10CAB97
C10F9714
C11293EC
C115A195
C118BF7F
C11BED10
C11F29AA
C12274A8
C125CD63
C1293332
C12CA56B
C1302363
C133AC74
C1373FF7
C13ADD4B
C13E83D1
C14232F1
C145EA16
C149A8B2
C14D6E3C
C1513A31
C1550C16
C158E374
C15CBFDB
C160A0E1
C1648623
C1686F42
C16C5BE6
C1704BBC
C1743E75
C17833CA
C17C2B75
C180129C
C182106B
C1840F0B
C1860E64
C1880E5B
C18A0EDB
C18C0FCE
C18E1120
C19012BE
C1921496
C1941698
C19618B4
C1981ADB
C19A1CFF
C19C1F11
C19E2106
C1A022D0
C1A22463
C1A425B3
C1A626B6
C1A8275F
C1AA27A3
C1AC2777
C1AE26D0
C1B025A2
C1B223E2
C1B42184
C1B61E7D
C1B81AC0
C1BA1640
C1BC10F0
C1BE0AC1
C1C003A6
C1C1FB8E
C1C3F26A
C1C5E828
C1C7DCB7
C1C9CFFE
C1CBC1E9
C1CDB26F
C1CFA161
C1D18EBA
C1D37A51
C1D563FF
C1D74BD3
C1D93136
C1DB1498
C1DCF59A
C1DED3AA
C1E0AE9A
C1E28766
C1E45C66
C1E62E2F
C1E7FCC0
C1E9C65D
C1EB8C3C
C1ED4A6E
C1EF07D4
C1F0BA7B
C1F26A4E
C1F41725
C1F5BB45
C1F74F83
C1F8C706
C1FA8C6F
C1FBE19D
C1FDA030
C1FEB9CF
C2001B81
C2006A95
C20174CD
C201D17F
C201F006
C2035E1F
C2021253
C204EBF1
C203D952
C20513FE
C2060CB5
C206DBBE
C2078E0F
C206D550
C20762E2
C207CA76
C2082C99
C2088BC8
C208E7CF
C20940AD
C209967C
C209E963
C20A398D
C20A8729
C20AD262
C20B1B64
C20B6257
C20BA762
C0882437
C0883135
C0883EB8
C0884CC8
C0885B68
C0886AA0
C0887A75
C0888AEF
C0889C13
C088ADEA
C088C07B
C088D3CC
C088E7E8
C088FCD6
C089129E
C089294B
C08940E6
C0895979
C089730E
C0898DB2
C089A96E
C089C650
C089E465
C08A03B8
C08A2459
C08A4655
C08A69BD
C08A8E9F
C08AB50C
C08ADD17
C08B06D1
C08B324D
C08B5FA0
C08B8EDE
C08BC01E
C08BF377
C08C2901
C08C60D6
C08C9B10
C08CD7CB
C08D1726
C08D593E
C08D9E36
C08DE62E
C08E314B
C08E7FB3
C08ED18E
C08F2705
C08F8045
C08FDD7B
C0903EDA
C090A493
C0910EDE
C0917DF3
C091F20E
C0926B6E
C092EA57
C0936F0D
C093F9DC
C0948B12
C09522FF
C095C1FC
C0966862
C0971693
C097CCF4
C0988BEE
C09953F4
C09A257A
C09B00FE
C09BE702
C09CD811
C09DD4BB
C09EDD98
C09FF347
C0A11671
C0A247C3
C0A387F7
C0A4D7CA
C0A63806
C0A7A97B
C0A92D00
C0AAC378
C0AC6DCA
C0AE2CE8
C0B001C9
C0B1ED6C
C0B3F0D6
C0B60D10
C0B8432A
C0BA9433
C0BD0140
C0BF8B62
C0C233AD
C0C4FB2E
C0C7E2EE
C0CAEBED
C0CE1723
C0D1657A
C0D4D7CD
C0D86EE7
C0DC2B7D
C0E00E2E
C0E41781
C0E847E0
C0EC9F9C
C0F11EE5
C0F5C5CB
C0FA943F
C0FF8A12
C1025379
C104F538
C107A9FE
C10A7173
C10D4B33
C11036CD
C11333C2
C116418A
C1195F93
C11C8D46
C11FCA03
C1231525
C1266E05
C129D3FB
C12D465C
C130C47F
C1344DBC
C137E16D
C13B7EF0
C13F25A8
C142D4FC
C1468C57
C14A4B2B
C14E10F0
C151DD22
C155AF47
C15986E7
C15D6394
C16144E2
C1652A6F
C16913DC
C16D00D2
C170F0FD
C174E410
C178D9C2
C17CD1CE
C18065FB
C18263FF
C18462D7
C1866269
C188629C
C18A635B
C18C6490
C18E6627
C190680D
C1926A31
C1946C82
C1966EF0
C198716D
C19A73EB
C19C765D
C19E78B5
C1A07AE7
C1A27CE7
C1A47EAB
C1A68026
C1A8814D
C1AA8216
C1AC8276
C1AE8262
C1B081CF
C1B280B2
C1B47F00
C1B67CAE
C1B879B0
C1BA75FA
C1BC717F
C1BE6C31
C1C06604
C1C25EE9
C1C456D1
C1C64DAA
C1C84367
C1CA37EE
C1CC2B2E
C1CE1D1F
C1D00D93
C1D1FC89
C1D3E9D8
C1D5D55C
C1D7BF28
C1D9A6A6
C1DB8C4A
C1DD6FB3
C1DF5063
C1E12E21
C1E309ED
C1E4E22A
C1E6B771
C1E889B4
C1EA5769
C1EC2142
C1EDE498
C1EFA6FE
C1F15FAD
C1F314BE
C1F4C7C4
C1F6721A
C1F80E29
C1F9AE19
C1FB5795
C1FCAF02
C1FE3478
C1FF9521
C200804B
C20169C6
C201CF26
C202301F
C2020159
C2022361
C2048B20
C202399F
C205133D
C206C666
C2053B4B
C2063401
C207030A
C207B55B
C20852AF
C208E002
C20960BC
C209D74C
C20A457D
C20AACAA
C20B0DE4
C20B6A00
C20BC1AC
C20C1576
C20C65D2
C20CB324
C20CFDBE
C20D45E7
C0895DFA
C0896AF8
C089787C
C089868C
C089952D
C089A466
C089B43C
C089C4B6
C089D5DC
C089E7B4
C089FA45
C08A0D98
C08A21B5
C08A36A3
C08A4C6D
C08A631B
C08A7AB7
C08A934B
C08AACE2
C08AC787
C08AE345
C08B0029
C08B1E3E
C08B3D93
C08B5E36
C08B8034
C08BA39D
C08BC881
C08BEEF1
C08C16FD
C08C40B9
C08C6C38
C08C998D
C08CC8CE
C08CFA10
C08D2D6B
C08D62F8
C08D9ACF
C08DD50C
C08E11CB
C08E5128
C08E9344
C08ED83F
C08F203B
C08F6B5C
C08FB9C7
C0900BA6
C0906121
C090BA65
C09117A0
C0917903
C091DEC1
C0924910
C092B82A
C0932C4A
C093A5B0
C094249F
C094A95B
C0953431
C095C56C
C0965D60
C096FC64
C097A2D1
C098510A
C0990772
C099C675
C09A8E83
C09B6012
C09C3B9F
C09D21AD
C09E12C5
C09F0F79
C0A01860
C0A12E1B
C0A25150
C0A382AE
C0A4C2EE
C0A612CF
C0A77318
C0A8E49A
C0AA682E
C0ABFEB4
C0ADA916
C0AF6844
C0B13D36
C0B328EB
C0B52C67
C0B748B4
C0B97EE1
C0BBCFFF
C0BE3D21
C0C0C75A
C0C36FBB
C0C63754
C0C91F2C
C0CC2846
C0CF5396
C0D2A209
C0D6147A
C0D9ABB2
C0DD6867
C0E14B39
C0E554AD
C0E98530
C0EDDD11
C0F25C80
C0F7038D
C0FBD22B
C1006414
C102F29B
C1059471
C108494F
C10B10DD
C10DEAB8
C110D66D
C113D37E
C116E163
C119FF8C
C11D2D5E
C1206A3C
C123B581
C1270E85
C12A74A1
C12DE729
C1316574
C134EEDB
C13882B8
C13C206A
C13FC752
C14376D7
C1472E66
C14AED70
C14EB36D
C1527FDA
C156523C
C15A2A1C
C15E070B
C161E89E
C165CE73
C169B82C
C16DA570
C17195ED
C1758955
C1797F60
C17D77CA
C180B929
C182B760
C184B66C
C186B636
C188B6A3
C18AB79E
C18CB912
C18EBAEB
C190BD16
C192BF82
C194C21E
C196C4DB
C198C7AB
C19ACA80
C19CCD4B
C19ED002
C1A0D298
C1A2D501
C1A4D731
C1A6D91F
C1A8DABF
C1AADC07
C1ACDCEC
C1AEDD63
C1B0DD64
C1B2DCE2
C1B4DBD3
C1B6DA2D
C1B8D7E4
C1BAD4EC
C1BCD13B
C1BECCC3
C1C0C777
C1C2C14A
C1C4BA2F
C1C6B214
C1C8A8EC
C1CA9EA1
C1CC9321
C1CE8667
C1D07846
C1D268BE
C1D457A9
C1D644E6
C1D83089
C1DA19FF
C1DC01BE
C1DDE766
C1DFCA86
C1E1AADF
C1E38976
C1E564B6
C1E73D3B
C1E912EF
C1EAE46E
C1ECB207
C1EE7A12
C1F04121
C1F1FF3F
C1F3B960
C1F5722E
C1F7227A
C1F8C585
C1FA6A67
C1FC1965
C1FDC6F5
C1FF1CEC
C20066BF
C20130D7
C201E3E8
C202C46E
C202D8A2
C203AA03
C204DF40
C202534B
C205B820
C20260EB
C2053A8A
C206EDB2
C208285F
C2092116
C209F01F
C207DCA7
C20879FB
C209074E
C2098809
C209FE99
C20A6CC9
C20AD3F6
C20B3530
C20B914C
C20BE8F8
C20C3CC2
C20C8D1F
C20CDA70
C20D250A
C08A97C2
C08AA4C1
C08AB246
C08AC057
C08ACEF8
C08ADE32
C08AEE09
C08AFE84
C08B0FAA
C08B2183
C08B3415
C08B4769
C08B5B87
C08B7077
C08B8642
C08B9CF1
C08BB48E
C08BCD23
C08BE6BC
C08C0162
C08C1D21
C08C3A06
C08C581D
C08C7774
C08C9818
C08CBA18
C08CDD83
C08D0268
C08D28DA
C08D50E8
C08D7AA6
C08DA627
C08DD37E
C08E02C1
C08E3406
C08E6764
C08E9CF3
C08ED4CD
C08F0F0C
C08F4BCE
C08F8B2E
C08FCD4D
C090124B
C0905A4A
C090A56F
C090F3DE
C09145C0
C0919B3F
C091F487
C09251C6
C092B32E
C09318F0
C0938344
C093F263
C0946689
C094DFF4
C0955EE8
C095E3AA
C0966E85
C096FFC7
C09797C2
C09836CC
C098DD40
C0998B80
C09A41F0
C09B00FA
C09BC910
C09C9AA7
C09D763D
C09E5C54
C09F4D76
C0A04A34
C0A15325
C0A268EA
C0A38C2A
C0A4BD94
C0A5FDE0
C0A74DCD
C0A8AE23
C0AA1FB2
C0ABA354
C0AD39E9
C0AEE45A
C0B0A397
C0B27899
C0B4645F
C0B667EC
C0B8844C
C0BABA8C
C0BD0BBD
C0BF78F4
C0C20342
C0C4ABB9
C0C77369
C0CA5B59
C0CD648B
C0D08FF6
C0D3DE84
C0D75110
C0DAE865
C0DEA538
C0E28829
C0E691BF
C0EAC264
C0EF1A68
C0F399FB
C0F8412F
C0FD0FF4
C101030E
C10391AA
C1063396
C108E88B
C10BB032
C10E8A26
C11175F5
C1147321
C1178123
C11A9F69
C11DCD5A
C1210A58
C12455BE
C127AEE5
C12B1524
C12E87D2
C1320644
C1358FD4
C13923DB
C13CC1B9
C14068CF
C1441884
C147D045
C14B8F83
C14F55B5
C153225B
C156F4F7
C15ACD15
C15EAA43
C1628C19
C1667233
C16A5C34
C16E49C3
C1723A8F
C1762E49
C17A24A9
C17E1D6C
C1810C29
C1830A90
C18509CF
C18709CD
C1890A72
C18B0BA7
C18D0D57
C18F0F6F
C19111DC
C193148C
C1951771
C1971A79
C1991D98
C19B20BF
C19D23E2
C19F26F3
C1A129E8
C1A32CB4
C1A52F4D
C1A731A8
C1A933BB
C1AB357B
C1AD36DE
C1AF37DB
C1B13867
C1B33879
C1B53804
C1B73701
C1B93564
C1BB3322
C1BD3030
C1BF2C82
C1C1280B
C1C322C0
C1C51C93
C1C71575
C1C90D59
C1CB042A
C1CCF9D7
C1CEEE5D
C1D0E191
C1D2D374
C1D4C3E2
C1D6B2BB
C1D8A016
C1DA8B64
C1DC751A
C1DE5CDA
C1E04240
C1E22506
C1E40637
C1E5E444
C1E7BFCC
C1E998B5
C1EB6DB8
C1ED3ED6
C1EF0B33
C1F0D698
C1F299A7
C1F45899
C1F616CC
C1F7CCBC
C1F97623
C1FB1FCB
C1FCD37E
C1FE8669
C1FFF492
C200D109
C2014B80
C2026097
C2029C39
C203CE0A
C204DF66
C203D7DE
C205103D
C202809A
C206E522
C2028837
C20561D6
C20714FE
C2084FAB
C2094862
C20A176B
C20AC9BC
C20B670F
C20BF462
C20C751D
C20CEBAD
C20D59DD
C20DC10B
C20E2244
C20E7E61
C20ED60D
C20F29D7
C20F7A33
C20FC785
C08BD190
C08BDE90
C08BEC15
C08BFA27
C08C08C9
C08C1803
C08C27DB
C08C3857
C08C497E
C08C5B58
C08C6DEB
C08C8140
C08C955F
C08CAA4F
C08CC01B
C08CD6CC
C08CEE6A
C08D0701
C08D209A
C08D3B41
C08D5702
C08D73E8
C08D9201
C08DB159
C08DD1FF
C08DF400
C08E176D
C08E3C54
C08E62C7
C08E8AD8
C08EB498
C08EE01A
C08F0D74
C08F3CB9
C08F6E00
C08FA160
C08FD6F2
C0900ECE
C0904910
C09085D5
C090C538
C091075A
C0914C5B
C091945D
C091DF85
C0922DF8
C0927FDE
C092D560
C0932EAC
C0938BEF
C093ED5B
C0945322
C094BD7A
C0952C9E
C095A0C8
C0961A38
C0969932
C0971DF9
C097A8DA
C0983A22
C098D223
C0997133
C09A17AE
C09AC5F5
C09B7C6C
C09C3B7E
C09D039C
C09DD53B
C09EB0D9
C09F96F9
C0A08824
C0A184EB
C0A28DE6
C0A3A3B5
C0A4C700
C0A5F875
C0A738CC
C0A888C5
C0A9E927
C0AB5AC3
C0ACDE72
C0AE7515
C0B01F94
C0B1DEE1
C0B3B3F3
C0B59FC8
C0B7A367
C0B9BFD8
C0BBF62A
C0BE476E
C0C0B4B8
C0C33F1B
C0C5E7A8
C0C8AF6E
C0CB9775
C0CEA0BF
C0D1CC42
C0D51AEA
C0D88D91
C0DC2502
C0DFE1F2
C0E3C501
C0E7CEB6
C0EBFF7C
C0F057A2
C0F4D758
C0F97EB1
C0FE4D9C
C101A1F6
C10430A6
C106D2A8
C10987B4
C10C4F72
C10F297E
C1121566
C11512AC
C11820C9
C11B3F2C
C11E6D3A
C121AA57
C124F5DD
C1284F25
C12BB587
C12F2859
C132A6F1
C13630A7
C139C4D8
C13D62DF
C1410A21
C144BA04
C14871F5
C14C3164
C14FF7CB
C153C4A7
C157977C
C15B6FD3
C15F4D3F
C1632F55
C16715B1
C16AFFF7
C16EEDCF
C172DEE6
C176D2EE
C17AC9A0
C17EC2B8
C1815EFC
C1835D91
C1855D01
C1875D32
C1895E0C
C18B5F78
C18D6162
C18F63B6
C1916662
C1936954
C1956C7D
C1976FCE
C1997338
C19B76AE
C19D7A23
C19F7D8B
C1A180DA
C1A38405
C1A58702
C1A789C5
C1A98C46
C1AB8E79
C1AD9055
C1AF91D0
C1B192E1
C1B3937E
C1B5939E
C1B79335
C1B9923B
C1BB90A5
C1BD8E68
C1BF8B79
C1C187CD
C1C38356
C1C57E0B
C1C777DB
C1C970BC
C1CB6899
C1CD5F62
C1CF5516
C1D1498A
C1D33CC2
C1D52E9B
C1D71EF7
C1D90DEE
C1DAFAF4
C1DCE682
C1DED038
C1E0B7BB
C1E29CC5
C1E48061
C1E66109
C1E83F5E
C1EA1B43
C1EBF389
C1EDC7F5
C1EF984A
C1F167B7
C1F32F4D
C1F4F2CA
C1F6B603
C1F87245
C1FA2081
C1FBCED4
C1FD884C
C1FF4014
C2003D6D
C201370F
C201FA41
C2027BB5
C20300E8
C203BEAD
C20468CC
C2050D73
C206B9A8
C2053E96
C202ABF5
C2081223
C202AF83
C2058922
C2073C4B
C20876F7
C2096FAE
C20A3EB7
C20AF108
C20B8E5B
C20C1BAF
C20C9C69
C20D12F9
C20D812A
C20DE857
C20E4990
C20EA5AD
C20EFD59
C20F5123
C20FA17F
C08D0B64
C08D1864
C08D25EA
C08D33FC
C08D429F
C08D51DA
C08D61B3
C08D7230
C08D8358
C08D9532
C08DA7C6
C08DBB1C
C08DCF3B
C08DE42D
C08DF9FA
C08E10AB
C08E284B
C08E40E3
C08E5A7D
C08E7526
C08E90E8
C08EADCF
C08ECBE9
C08EEB43
C08F0BEA
C08F2DED
C08F515B
C08F7644
C08F9CB9
C08FC4CC
C08FEE8D
C0901A12
C090476D
C09076B5
C090A7FE
C090DB60
C09110F4
C09148D3
C0918318
C091BFDF
C091FF45
C092416A
C092866E
C092CE73
C093199E
C0936814
C093B9FD
C0940F84
C09468D3
C094C61A
C095278A
C0958D55
C095F7B2
C09666DA
C096DB09
C097547E
C097D37C
C0985849
C098E330
C099747D
C09A0C84
C09AAB9A
C09B521C
C09C0069
C09CB6E7
C09D7600
C09E3E26
C09F0FCD
C09FEB73
C0A0D19B
C0A1C2CF
C0A2BF9F
C0A3C8A4
C0A4DE7D
C0A601D1
C0A73351
C0A873B3
C0A9C3B7
C0AB2425
C0AC95CE
C0AE198A
C0AFB03A
C0B15AC7
C0B31A22
C0B4EF43
C0B6DB28
C0B8DED7
C0BAFB58
C0BD31BC
C0BF8313
C0C1F070
C0C47AE6
C0C72387
C0C9EB62
C0CCD380
C0CFDCE0
C0D3087C
C0D6573C
C0D9C9FD
C0DD6189
C0E11E95
C0E501C1
C0E90B94
C0ED3C79
C0F194C0
C0F61498
C0FABC14
C0FF8B25
C10240CD
C104CF92
C10771A8
C10A26C9
C10CEE9D
C10FC8C0
C112B4C1
C115B220
C118C058
C11BDED5
C11F0D00
C1224A3A
C12595DF
C128EF47
C12C55CB
C12FC8BF
C133477B
C136D157
C13A65AE
C13E03DF
C141AB4B
C1455B5A
C1491378
C14CD318
C15099B1
C15466C0
C15839CB
C15C125B
C15FF001
C163D254
C167B8F0
C16BA379
C16F9196
C17382F5
C1777748
C17B6E49
C17F67B3
C181B1A4
C183B066
C185B004
C187B066
C189B172
C18BB313
C18DB534
C18FB7C2
C191BAAA
C193BDDC
C195C147
C197C4DD
C199C88F
C19BCC50
C19DD014
C19FD3CF
C1A1D774
C1A3DAFA
C1A5DE56
C1A7E17C
C1A9E465
C1ABE705
C1ADE954
C1AFEB48
C1B1ECD8
C1B3EDFA
C1B5EEA5
C1B7EED1
C1B9EE71
C1BBED7E
C1BDEBED
C1BFE9B3
C1C1E6C6
C1C3E31A
C1C5DEA4
C1C7D956
C1C9D325
C1CBCBFE
C1CDC3D4
C1CFBAA3
C1D1B045
C1D3A4BE
C1D597EB
C1D789B3
C1D97A2D
C1DB68D0
C1DD5616
C1DF41A0
C1E12B1E
C1E31244
C1E4F822
C1E6DB37
C1E8BC27
C1EA9AD4
C1EC7622
C1EE4DA6
C1F021A2
C1F1F4CF
C1F3C08E
C1F5884D
C1F75033
C1F91397
C1FAC511
C1FC77F1
C1FE376B
C1FFF3EC
C200AB03
C2019932
C20252C6
C202FB92
C203FE3A
C2046F69
C204E21C
C2060319
C20539B0
C206E85D
C2056AF1
C202D5DB
C2093F26
C202D6CF
C205B06E
C2076397
C2089E43
C20996FA
C20A6603
C20B1854
C20BB5A8
C20C42FB
C20CC3B5
C20D3A45
C20DA876
C20E0FA3
C20E70DD
C20ECCF9
C20F24A5
C20F786F
C08E453D
C08E523E
C08E5FC4
C08E6DD7
C08E7C7B
C08E8BB6
C08E9B90
C08EAC0D
C08EBD36
C08ECF11
C08EE1A6
C08EF4FD
C08F091D
C08F1E10
C08F33DE
C08F4A90
C08F6231
C08F7AC9
C08F9465
C08FAF0F
C08FCAD2
C08FE7BB
C09005D6
C0902531
C09045DA
C09067DE
C0908B4E
C090B039
C090D6B0
C090FEC4
C0912887
C091540E
C091816B
C091B0B4
C091E1FF
C0921564
C0924AFA
C09282DB
C092BD23
C092F9EC
C0933955
C0937B7C
C093C083
C094088C
C09453BA
C094A233
C094F420
C09549A9
C095A2FC
C0960047
C09661BB
C096C78A
C09731EB
C097A117
C098154B
C0988EC5
C0990DC8
C099929A
C09A1D86
C09AAED9
C09B46E5
C09BE602
C09C8C8A
C09D3ADD
C09DF162
C09EB082
C09F78AE
C0A04A5D
C0A1260B
C0A20C3B
C0A2FD77
C0A3FA50
C0A5035E
C0A61940
C0A73C9F
C0A86E28
C0A9AE95
C0AAFEA4
C0AC5F1E
C0ADD0D2
C0AF549B
C0B0EB57
C0B295F2
C0B4555B
C0B62A8A
C0B8167E
C0BA1A3C
C0BC36CE
C0BE6D43
C0C0BEAB
C0C32C1A
C0C5B6A3
C0C85F58
C0CB2748
C0CE0F7A
C0D118F1
C0D444A3
C0D7937C
C0DB0656
C0DE9DFB
C0E25B22
C0E63E6A
C0EA485A
C0EE795E
C0F2D1C3
C0F751BD
C0FBF95B
C1006447
C102DF94
C1056E6C
C1081096
C10AC5CC
C10D8DB6
C11067EF
C1135407
C116517E
C1195FCF
C11C7E67
C11FACAD
C122EA03
C12635C6
C1298F4D
C12CF5F0
C1306905
C133E7E4
C13771E4
C13B0661
C13EA4B8
C1424C4D
C145FC87
C149B4D1
C14D749F
C1513B67
C15508A8
C158DBE7
C15CB4AD
C160928C
C1647519
C1685BF3
C16C46BB
C170351A
C17426BE
C1781B5A
C17C12A6
C180062F
C1820423
C184030F
C18602DA
C188036A
C18A04A7
C18C067B
C18E08D1
C1900B96
C1920EB8
C1941226
C19615D0
C19819A8
C19A1D9F
C19C21A9
C19E25B8
C1A029C1
C1A22DBA
C1A43196
C1A6354C
C1A838D2
C1AA3C1E
C1AC3F27
C1AE41E3
C1B0444A
C1B24652
C1B447F3
C1B64923
C1B849DA
C1BA4A0E
C1BC49B6
C1BE48C9
C1C0473A
C1C24503
C1C44216
C1C63E69
C1C839F1
C1CA34A2
C1CC2E6A
C1CE273C
C1D01F17
C1D215D5
C1D40B7B
C1D5FFEA
C1D7F306
C1D9E4EB
C1DBD511
C1DDC3F4
C1DFB136
C1E19C8B
C1E385AA
C1E56DA4
C1E752FB
C1E93659
C1EB179E
C1ECF5BB
C1EED025
C1F0A780
C1F27E29
C1F44DBE
C1F61978
C1F7E5B6
C1F9AF52
C1FB643B
C1FD1B85
C1FEE0E0
C2005103
C20111AE
C201F7B5
C202ACBF
C2036E73
C2046308
C2050B8E
C20578B4
C206D017
C2062F73
C2081E51
C2071510
C20595CE
C202FEAB
C20A6C28
C202FE1B
C205D7BA
C2078AE3
C208C590
C209BE46
C20A8D50
C20B3FA0
C20BDCF4
C20C6A47
C20CEB02
C20D6191
C20DCFC2
C20E36EF
C20E9829
C20EF445
C20F4BF1
C08F7F1B
C08F8C1C
C08F99A4
C08FA7B7
C08FB65B
C08FC598
C08FD572
C08FE5F0
C08FF719
C09008F5
C0901B8B
C0902EE3
C0904304
C09057F7
C0906DC6
C090847A
C0909C1B
C090B4B5
C090CE52
C090E8FD
C09104C1
C09121AB
C0913FC8
C0915F24
C0917FCE
C091A1D4
C091C545
C091EA31
C09210AA
C09238BF
C0926285
C0928E0D
C092BB6C
C092EAB7
C0931C05
C0934F6B
C0938504
C093BCE7
C093F731
C09433FD
C0947368
C094B592
C094FA9C
C09542A7
C0958DD8
C095DC54
C0962E44
C09683D1
C096DD28
C0973A76
C0979BED
C09801C0
C0986C26
C098DB56
C0994F8E
C099C90D
C09A4814
C09ACCEB
C09B57DC
C09BE934
C09C8146
C09D2068
C09DC6F6
C09E7550
C09F2BDB
C09FEB02
C0A0B335
C0A184EB
C0A260A0
C0A346D8
C0A4381C
C0A534FE
C0A63E14
C0A75400
C0A87768
C0A9A8FB
C0AAE972
C0AC398C
C0AD9A10
C0AF0BD0
C0B08FA4
C0B2266E
C0B3D115
C0B5908B
C0B765C8
C0B951CB
C0BB5598
C0BD723A
C0BFA8BE
C0C1FA37
C0C467B8
C0C6F253
C0C99B1B
C0CC631E
C0CF4B65
C0D254F1
C0D580BA
C0D8CFA9
C0DC429B
C0DFDA59
C0E3979A
C0E77AFD
C0EB8509
C0EFB629
C0F40EAD
C0F88EC6
C0FD3685
C10102ED
C1037E4C
C1060D36
C108AF73
C10B64BD
C10E2CBB
C111070A
C113F338
C116F0C7
C119FF30
C11D1DE1
C1204C42
C12389B3
C126D592
C12A2F36
C12D95F8
C131092E
C134882E
C1381250
C13BA6F1
C13F456E
C142ED2A
C1469D8C
C14A5601
C14E15FB
C151DCF1
C155AA62
C1597DD2
C15D56CC
C16134E1
C16517A7
C168FEBB
C16CE9C1
C170D860
C174CA46
C178BF27
C17CB6BC
C1805860
C182567A
C1845590
C1865586
C1885642
C18A57AE
C18C59B2
C18E5C3B
C1905F35
C192628E
C1946636
C1966A1C
C1986E33
C19A726C
C19C76BB
C19E7B12
C1A07F67
C1A283AE
C1A487DD
C1A68BE9
C1A88FCA
C1AA9375
C1AC96E1
C1AE9A06
C1B09CDB
C1B29F56
C1B4A16F
C1B6A31E
C1B8A45A
C1BAA51A
C1BCA555
C1BEA503
C1C0A418
C1C2A28C
C1C4A054
C1C69D67
C1C899B9
C1CA953F
C1CC8FE8
C1CE89A9
C1D08282
C1D27A4B
C1D4710E
C1D666AA
C1D85B07
C1DA4E41
C1DC3FD2
C1DE3038
C1E01F15
C1E20C25
C1E3F71B
C1E5E10D
C1E7C880
C1E9AE21
C1EB91D0
C1ED728B
C1EF4FAB
C1F12A23
C1F30409
C1F4D729
C1F6A69A
C1F876E2
C1FA45FC
C1FBFE60
C1FDB9EB
C1FF84DD
C200A54A
C2017278
C20252D2
C2030A08
C203E45E
C204C700
C20597F6
C20614E4
C20780F1
C206FC84
C2091430
C2084B32
C2074043
C205BF8D
C20326B0
C20B992B
C2032568
C205FF06
C207B22F
C208ECDC
C209E592
C20AB49C
C20B66EC
C20C0440
C20C9193
C20D124E
C20D88DE
C20DF70E
C20E5E3B
C20EBF75
C20F1B91
C090B8FE
C090C600
C090D388
C090E19C
C090F041
C090FF7E
C0910F58
C0911FD7
C0913101
C09142DE
C0915575
C09168CD
C0917CEF
C09191E4
C091A7B3
C091BE68
C091D60A
C091EEA5
C0920843
C09222EF
C0923EB4
C0925BA0
C09279BD
C092991B
C092B9C6
C092DBCD
C092FF40
C093242E
C0934AA8
C09372BF
C0939C86
C093C810
C093F571
C09424BE
C094560D
C0948976
C094BF10
C094F6F6
C0953142
C0956E10
C095AD7E
C095EFAB
C09634B7
C0967CC5
C096C7F9
C0971678
C097686B
C097BDFB
C0981755
C09874A7
C098D622
C0993BF9
C099A662
C09A1596
C09A89D2
C09B0355
C09B8262
C09C073D
C09C9233
C09D2390
C09DBBA7
C09E5ACF
C09F0163
C09FAFC2
C0A06653
C0A12581
C0A1EDBB
C0A2BF77
C0A39B34
C0A48173
C0A572BF
C0A66FA9
C0A778C8
C0A88EBC
C0A9B22D
C0AAE3CA
C0AC244A
C0AD746E
C0AED4FE
C0B046C9
C0B1CAA8
C0B3617D
C0B50C31
C0B6CBB4
C0B8A0FE
C0BA8D0F
C0BC90EA
C0BEAD9B
C0C0E42F
C0C335B8
C0C5A34A
C0C82DF7
C0CAD6D1
C0CD9EE7
C0D08741
C0D390E2
C0D6BCC0
C0DA0BC5
C0DD7ECE
C0E116A4
C0E4D3FE
C0E8B77B
C0ECC1A1
C0F0F2DE
C0F54B7F
C0F9CBB6
C0FE7394
C101A185
C1041CF5
C106ABF0
C1094E40
C10C039D
C10ECBAF
C111A613
C1149256
C1178FFC
C11A9E7B
C11DBD45
C120EBBF
C124294A
C1277544
C12ACF05
C12E35E5
C131A939
C1352859
C138B29D
C13C4760
C13FE601
C1438DE3
C1473E6C
C14AF709
C14EB72D
C1527E50
C1564BEF
C15A1F8F
C15DF8BB
C161D703
C165B9FF
C169A14C
C16D8C8C
C1717B68
C1756D8E
C17962B2
C17D5A8C
C180AA6C
C182A8AC
C184A7E9
C186A808
C188A8EF
C18AAA87
C18CACBA
C18EAF73
C190B2A0
C192B62E
C194BA0D
C196BE2E
C198C281
C19AC6F9
C19CCB89
C19ED026
C1A0D4C3
C1A2D955
C1A4DDD3
C1A6E232
C1A8E669
C1AAEA6F
C1ACEE3A
C1AEF1C3
C1B0F4FF
C1B2F7E8
C1B4FA74
C1B6FC9C
C1B8FE57
C1BAFF9C
C1BD0063
C1BF00A4
C1C10054
C1C2FF6B
C1C4FDDF
C1C6FBA8
C1C8F8B8
C1CAF509
C1CCF088
C1CEEB2A
C1D0E4F1
C1D2DDB8
C1D4D586
C1D6CC3F
C1D8C1C9
C1DAB644
C1DCA92A
C1DE9AFB
C1E08B5B
C1E27A08
C1E466B7
C1E65280
C1E83BEC
C1EA23A9
C1EC0999
C1EDECC3
C1EFCC6D
C1F1A9C6
C1F386AE
C1F55D16
C1F72FFC
C1F90405
C1FAD804
C1FC93DA
C1FE5378
C20011D4
C200F6E7
C201CE34
C202AABB
C203643B
C203E99D
C20528A8
C20617F5
C206A155
C206CED4
C207AD6D
C209E154
C209412C
C208768F
C2076A54
C205E878
C2034E20
C20CC62E
C2034CB4
C2062652
C207D97B
C2091428
C20A0CDE
C20ADBE8
C20B8E38
C20C2B8C
C20CB8DF
C20D399A
C20DB02A
C20E1E5A
C20E8588
C20EE6C1
C091F2E6
C091FFE8
C0920D71
C0921B85
C0922A2B
C0923968
C0924943
C09259C3
C0926AEE
C0927CCB
C0928F63
C092A2BC
C092B6DF
C092CBD4
C092E1A5
C092F85A
C0930FFD
C0932899
C0934238
C0935CE5
C09378AC
C0939598
C093B3B7
C093D316
C093F3C2
C09415CB
C094393F
C0945E2E
C09484A9
C094ACC2
C094D68B
C0950216
C0952F79
C0955EC8
C0959019
C095C384
C095F920
C0963108
C0966B56
C096A827
C096E797
C09729C6
C0976ED5
C097B6E5
C098021C
C098509E
C098A294
C098F827
C0995185
C099AEDA
C09A1058
C09A7632
C09AE09F
C09B4FD8
C09BC418
C09C3D9F
C09CBCAF
C09D4190
C09DCC8A
C09E5DEC
C09EF609
C09F9536
C0A03BCF
C0A0EA34
C0A1A0CB
C0A25FFE
C0A3283F
C0A3FA02
C0A4D5C6
C0A5BC0C
C0A6AD60
C0A7AA51
C0A8B378
C0A9C975
C0AAECEE
C0AC1E94
C0AD5F1E
C0AEAF4C
C0B00FE5
C0B181BB
C0B305A6
C0B49C86
C0B64746
C0B806D5
C0B9DC2C
C0BBC84A
C0BDCC33
C0BFE8F3
C0C21F96
C0C4712F
C0C6DED0
C0C9698E
C0CC127A
C0CEDAA2
C0D1C30F
C0D4CCC4
C0D7F8B6
C0DB47D0
C0DEBAEF
C0E252DD
C0E6104E
C0E9F3E4
C0EDFE24
C0F22F7C
C0F68839
C0FB088D
C0FFB089
C102400F
C104BB8F
C1074A9C
C109ECFD
C10CA26C
C10F6A92
C1124509
C1153161
C1182F1C
C11B3DB3
C11E5C93
C1218B25
C124C8CA
C12814DE
C12B6EBA
C12ED5B6
C1324928
C135C866
C13952CA
C13CE7AF
C1408673
C1442E78
C147DF27
C14B97EC
C14F5838
C1531F85
C156ED50
C15AC11E
C15E9A7A
C16278F4
C1665C24
C16A43A7
C16E2F1F
C1721E36
C176109A
C17A05FD
C17DFE19
C180FC55
C182FAB9
C184FA1C
C186FA62
C188FB72
C18AFD35
C18CFF95
C18F027D
C19105DA
C193099B
C1950DAF
C1971207
C1991694
C19B1B48
C19D2017
C19F24F6
C1A129D8
C1A32EB2
C1A5337C
C1A7382A
C1A93CB3
C1AB4110
C1AD4536
C1AF491D
C1B14CBD
C1B3500E
C1B55308
C1B755A3
C1B957D6
C1BB599A
C1BD5AE7
C1BF5BB3
C1C15BF6
C1C35BA9
C1C55AC0
C1C75935
C1C956FB
C1CB540A
C1CD5053
C1CF4BCB
C1D14674
C1D3402A
C1D538F5
C1D730B9
C1D92760
C1DB1D09
C1DD1130
C1DF0456
C1E0F620
C1E2E651
C1E4D49D
C1E6C21F
C1E8AD62
C1EA9718
C1EC7F22
C1EE6490
C1F0469B
C1F2269E
C1F40653
C1F5DFC6
C1F7B5E4
C1F98D6A
C1FB65CF
C1FD2500
C1FEE87E
C2005EC8
C20145FE
C202258D
C202FFA3
C203BB78
C2045056
C2058763
C2068DEB
C207215A
C2075B4D
C20849B2
C207D889
C20A0E62
C2096CA3
C208A0CA
C207938F
C20610C6
C2037524
C20DF332
C2037400
C2064D9F
C20800C7
C2093B74
C20A342B
C20B0334
C20BB585
C20C52D8
C20CE02B
C20D60E6
C20DD776
C20E45A6
C20EACD4
C0932CD2
C09339D5
C093475E
C0935573
C0936419
C0937357
C0938333
C09393B3
C093A4DF
C093B6BD
C093C955
C093DCAF
C093F0D3
C09405C9
C0941B9A
C0943250
C09449F4
C0946291
C0947C31
C09496DF
C094B2A7
C094CF94
C094EDB5
C0950D14
C0952DC2
C0954FCC
C0957341
C0959832
C095BEAF
C095E6C9
C0961093
C0963C20
C0966985
C09698D5
C096CA28
C096FD95
C0973333
C0976B1D
C097A56D
C097E240
C09821B2
C09863E4
C098A8F5
C098F108
C0993C41
C0998AC6
C099DCBF
C09A3256
C09A8BB6
C09AE90E
C09B4A90
C09BB06E
C09C1ADE
C09C8A1A
C09CFE5E
C09D77E9
C09DF6FE
C09E7BE3
C09F06E2
C09F9849
C0A0306A
C0A0CF9C
C0A1763A
C0A224A5
C0A2DB42
C0A39A7B
C0A462C2
C0A5348C
C0A61056
C0A6F6A3
C0A7E7FE
C0A8E4F6
C0A9EE25
C0AB042A
C0AC27AC
C0AD595B
C0AE99EE
C0AFEA25
C0B14AC8
C0B2BCA8
C0B4409D
C0B5D789
C0B78254
C0B941EF
C0BB1753
C0BD037D
C0BF0774
C0C12441
C0C35AF3
C0C5AC9A
C0C81A4B
C0CAA519
C0CD4E16
C0D01650
C0D2FECF
C0D60897
C0D9349C
C0DC83CC
C0DFF700
C0E38F03
C0E74C8C
C0EB3039
C0EF3A93
C0F36C04
C0F7C4DC
C0FC454B
C10076B2
C102DE8C
C1055A1C
C107E939
C10A8BAC
C10D412C
C1100964
C112E3EF
C115D05A
C118CE2A
C11BDCD6
C11EFBCD
C1222A76
C1256833
C128B460
C12C0E57
C12F756E
C132E8FC
C1366858
C139F2DB
C13D87E0
C14126C5
C144CEED
C1487FC0
C14C38AA
C14FF91D
C153C093
C1578E88
C15B6283
C15F3C0C
C1631AB6
C166FE18
C16AE5CF
C16ED17D
C172C0CC
C176B36B
C17AA90B
C17EA167
C1814E1D
C1834CA4
C1854C2B
C1874C97
C1894DCE
C18B4FBA
C18D5244
C18F5559
C19158E5
C1935CD6
C195611D
C19765AA
C1996A6E
C19B6F5C
C19D7468
C19F7985
C1A17EA9
C1A383C9
C1A588DA
C1A78DD4
C1A992AD
C1AB975B
C1AD9BD8
C1AFA01A
C1B1A419
C1B3A7CE
C1B5AB30
C1B7AE38
C1B9B0DF
C1BBB31B
C1BDB4E6
C1BFB638
C1C1B708
C1C3B74D
C1C5B700
C1C7B617
C1C9B48A
C1CBB24F
C1CDAF57
C1CFAB99
C1D1A717
C1D3A1AF
C1D59B69
C1D7942A
C1D98BDD
C1DB82A2
C1DD77F7
C1DF6C5D
C1E15F7C
C1E35119
C1E540E9
C1E73007
C1E91D03
C1EB0891
C1ECF292
C1EEDA1E
C1F0BE6B
C1F2A0DE
C1F4832D
C1F65F73
C1F83891
C1FA1353
C1FBEFB3
C1FDB21F
C1FF7949
C200A971
C20192B4
C202790D
C20351B8
C2040FDE
C204B12C
C205E2FB
C206467E
C206B9F7
C207C59C
C208D633
C20874D8
C20ABF65
C20A39EB
C20996F8
C208CA2D
C207BC29
C20638A1
C2039BDB
C20F2036
C2039B4C
C20674EB
C2082813
C20962C0
C20A5B77
C20B2A80
C20BDCD1
C20C7A24
C20D0777
C20D8832
C20DFEC2
C20E6CF2
C09466C3
C09473C6
C0948150
C0948F65
C0949E0C
C094AD4B
C094BD27
C094CDA8
C094DED4
C094F0B3
C095034C
C09516A6
C0952ACB
C0953FC2
C0955594
C0956C4B
C09583F0
C0959C8D
C095B62E
C095D0DD
C095ECA6
C0960995
C09627B6
C0964717
C09667C6
C09689D1
C096AD47
C096D239
C096F8B8
C09720D3
C0974A9F
C097762E
C097A394
C097D2E6
C098043B
C09837A9
C0986D49
C098A535
C098DF87
C0991C5C
C0995BD1
C0999E04
C099E318
C09A2B2E
C09A7669
C09AC4F1
C09B16EC
C09B6C86
C09BC5E9
C09C2344
C09C84C9
C09CEAAA
C09D551E
C09DC45E
C09E38A6
C09EB235
C09F314E
C09FB637
C0A0413A
C0A0D2A5
C0A16ACB
C0A20A02
C0A2B0A5
C0A35F16
C0A415B8
C0A4D4F7
C0A59D43
C0A66F13
C0A74AE4
C0A83138
C0A92299
C0AA1F99
C0AB28D0
C0AC3EDC
C0AD6266
C0AE941E
C0AFD4B9
C0B124F9
C0B285A6
C0B3F790
C0B57B8F
C0B71285
C0B8BD5B
C0BA7D02
C0BC5271
C0BE3EA8
C0C042AC
C0C25F86
C0C49646
C0C6E7FC
C0C955BC
C0CBE09A
C0CE89A6
C0D151F1
C0D43A82
C0D7445C
C0DA7074
C0DDBFB7
C0E13300
C0E4CB19
C0E888B7
C0EC6C7C
C0F076ED
C0F4A877
C0F90169
C0FD81F3
C1011514
C1037CFD
C105F89B
C10887C8
C10B2A4B
C10DDFDD
C110A826
C11382C3
C1166F42
C1196D26
C11C7BE6
C11F9AF3
C122C9B2
C1260787
C12953CC
C12CADDC
C130150D
C13388B6
C137082F
C13A92CF
C13E27F3
C141C6F8
C1456F41
C1492037
C14CD945
C15099DE
C154617B
C1582F99
C15C03BD
C15FDD73
C163BC4B
C1679FDD
C16B87C5
C16F73A8
C173632D
C1775603
C17B4BDF
C17F4478
C1819FC6
C1839E6E
C1859E17
C1879EA7
C189A004
C18BA217
C18DA4CB
C18FA80A
C191ABC2
C193AFE2
C195B45A
C197B919
C199BE12
C19BC338
C19DC87E
C19FCDD7
C1A1D33A
C1A3D89C
C1A5DDF2
C1A7E334
C1A9E858
C1ABED56
C1ADF225
C1AFF6BE
C1B1FB18
C1B3FF2C
C1B602F2
C1B80662
C1BA0976
C1BC0C25
C1BE0E69
C1C0103A
C1C2118E
C1C41260
C1C612A6
C1C81259
C1CA116E
C1CC0FDF
C1CE0D9D
C1D00A9F
C1D206E7
C1D40254
C1D5FCEF
C1D7F6A0
C1D9EF50
C1DBE721
C1DDDD92
C1DFD326
C1E1C786
C1E3BA78
C1E5ABB3
C1E79C55
C1E98AEE
C1EB7835
C1ED640C
C1EF4D92
C1F133FC
C1F318B2
C1F4FD6F
C1F6DC54
C1F8B83C
C1FA9602
C1FC75FE
C1FE3B81
C2000311
C200F1F6
C201DD2C
C202C928
C203A129
C2046192
C2050CF2
C2063B72
C206AD3F
C20727AC
C2082714
C2095646
C2090161
C20B5BBE
C20AEAFA
C20A6450
C209C072
C208F2EE
C207E44D
C2066027
C203C25D
C2104D3A
C203C298
C2069C37
C2084F60
C2098A0C
C20A82C3
C20B51CC
C20C041D
C20CA170
C20D2EC4
C20DAF7E
C20E260E
C095A0B8
C095ADBC
C095BB46
C095C95C
C095D803
C095E742
C095F71F
C09607A1
C09618CD
C0962AAD
C0963D46
C09650A1
C09664C7
C09679BE
C0968F91
C096A649
C096BDEF
C096D68D
C096F02F
C0970ADF
C09726A9
C0974398
C09761BB
C097811D
C097A1CD
C097C3D9
C097E751
C0980C44
C09832C4
C0985AE1
C09884AE
C098B03E
C098DDA6
C0990CF9
C0993E50
C09971C0
C099A762
C099DF50
C09A19A4
C09A567A
C09A95F1
C09AD827
C09B1D3D
C09B6555
C09BB093
C09BFF1D
C09C511C
C09CA6B8
C09D001E
C09D5D7C
C09DBF04
C09E24E8
C09E8F60
C09EFEA3
C09F72EE
C09FEC81
C0A06B9E
C0A0F08B
C0A17B92
C0A20D02
C0A2A52C
C0A34468
C0A3EB10
C0A49985
C0A5502D
C0A60F71
C0A6D7C4
C0A7A99A
C0A88570
C0A96BCB
C0AA5D33
C0AB5A3A
C0AC6377
C0AD798B
C0AE9D1D
C0AFCEDD
C0B10F81
C0B25FCA
C0B3C07F
C0B53272
C0B6B67C
C0B84D7C
C0B9F85C
C0BBB80E
C0BD8D89
C0BF79CC
C0C17DDC
C0C39AC3
C0C5D190
C0C82354
C0CA9123
C0CD1C0F
C0CFC52B
C0D28D86
C0D57628
C0D88013
C0DBAC3E
C0DEFB94
C0E26EF0
C0E6071D
C0E9C4D1
C0EDA8AC
C0F1B334
C0F5E4D6
C0FA3DE1
C0FEBE85
C101B36B
C1041B61
C106970E
C109264A
C10BC8DD
C10E7E7F
C11146D9
C1142188
C1170E19
C11A0C10
C11D1AE4
C1203A05
C12368DB
C126A6C5
C129F322
C12D4D4A
C130B494
C1342858
C137A7EC
C13B32A8
C13EC7E9
C142670D
C1460F77
C149C08D
C14D79BE
C1513A7B
C155023E
C158D083
C15CA4D0
C1607EB0
C1645DB4
C1684174
C16C298C
C17015A1
C174055A
C177F866
C17BEE7A
C17FE74E
C181F14F
C183F017
C185EFE2
C187F094
C189F216
C18BF44F
C18DF729
C18FFA91
C191FE75
C19402C1
C1960767
C1980C57
C19A1183
C19C16DE
C19E1C5B
C1A021EE
C1A2278E
C1A42D2E
C1A632C7
C1A8384E
C1AA3DBA
C1AC4303
C1AE4821
C1B04D0D
C1B251BD
C1B4562C
C1B65A51
C1B85E25
C1BA61A1
C1BC64BE
C1BE6775
C1C069BE
C1C26B91
C1C46CE8
C1C66DBB
C1C86E00
C1CA6DB1
C1CC6CC5
C1CE6B2F
C1D068E6
C1D265EE
C1D46225
C1D65D96
C1D85828
C1DA51C7
C1DC4A95
C1DE4212
C1E038C3
C1E22E51
C1E42284
C1E61515
C1E80722
C1E9F73E
C1EBE622
C1EDD3B2
C1EFBF0F
C1F1A772
C1F38E46
C1F57546
C1F7569B
C1F9351D
C1FB15B0
C1FCF8F8
C1FEC16A
C20047A8
C201387D
C202258B
C2031640
C203EE22
C204B0BA
C2056454
C20690E1
C2070632
C2078E72
C20885AE
C209CC4E
C209817B
C20BE84F
C20B875D
C20B156B
C20A8DDB
C209E94B
C2091B37
C2080C1A
C2068770
C203E8B9
C2117A3E
C203E9E4
C206C383
C20876AC
C209B159
C20AAA0F
C20B7918
C20C2B69
C20CC8BD
C20D5610
C20DD6CA
C096DAB1
C096E7B5
C096F540
C0970356
C09711FE
C097213E
C097311B
C097419D
C09752CB
C09764AB
C0977745
C0978AA1
C0979EC6
C097B3BF
C097C992
C097E04B
C097F7F2
C0981091
C0982A34
C09844E4
C09860AF
C0987DA0
C0989BC3
C098BB26
C098DBD7
C098FDE5
C099215E
C0994652
C0996CD3
C09994F1
C099BEC0
C099EA52
C09A17BB
C09A4710
C09A7868
C09AABDA
C09AE17E
C09B196D
C09B53C3
C09B909C
C09BD014
C09C124D
C09C5765
C09C9F7F
C09CEABF
C09D394C
C09D8B4D
C09DE0EB
C09E3A54
C09E97B5
C09EF940
C09F5F28
C09FC9A2
C0A038E9
C0A0AD38
C0A126CE
C0A1A5EE
C0A22ADF
C0A2B5EB
C0A3475F
C0A3DF8D
C0A47ECE
C0A5257B
C0A5D3F5
C0A68AA1
C0A749EB
C0A81243
C0A8E41F
C0A9BFFB
C0AAA65C
C0AB97CA
C0AC94D8
C0AD9E1C
C0AEB438
C0AFD7D1
C0B10998
C0B24A44
C0B39A96
C0B4FB54
C0B66D50
C0B7F163
C0B9886D
C0BB3358
C0BCF314
C0BEC89A
C0C0B4E8
C0C2B904
C0C4D5F8
C0C70CD1
C0C95EA3
C0CBCC7F
C0CE577A
C0D100A5
C0D3C910
C0D6B1C2
C0D9BBBE
C0DCE7FA
C0E03762
C0E3AAD2
C0E74312
C0EB00DB
C0EEE4CB
C0F2EF69
C0F72122
C0FB7A44
C0FFFB02
C10251B6
C104B9BA
C1073575
C109C4BF
C10C6761
C10F1D13
C111E57E
C114C03D
C117ACE0
C11AAAE9
C11DB9D1
C120D906
C12407F0
C12745F0
C12A9263
C12DECA2
C1315405
C134C7E2
C1384790
C13BD268
C13F67C5
C1430706
C146AF8E
C14A60C5
C14E1A17
C151DAF7
C155A2DD
C1597148
C15D45BD
C1611FC5
C164FEF4
C168E2E0
C16CCB26
C170B76A
C174A755
C1789A96
C17C90E0
C18044F6
C18242BB
C18441A2
C186418D
C1884260
C18A4404
C18C4661
C18E4962
C1904CF1
C19250FD
C1945575
C1965A47
C1985F66
C19A64C2
C19C6A50
C19E7002
C1A075CD
C1A27BA6
C1A48183
C1A6875B
C1A88D23
C1AA92D5
C1AC9866
C1AE9DD0
C1B0A30A
C1B2A80D
C1B4ACD2
C1B6B152
C1B8B585
C1BAB965
C1BCBCEB
C1BEC00F
C1C0C2CB
C1C2C517
C1C4C6ED
C1C6C844
C1C8C916
C1CAC95A
C1CCC90A
C1CEC817
C1D0C67A
C1D2C437
C1D4C12E
C1D6BD69
C1D8B8D1
C1DAB351
C1DCAD0F
C1DEA589
C1E09D46
C1E293EF
C1E48951
C1E67D23
C1E87085
C1EA620C
C1EC5274
C1EE41A1
C1F02EB8
C1F218F2
C1F401BF
C1F5EADB
C1F7CE77
C1F9AF64
C1FB9292
C1FD78E0
C1FF4419
C2008A88
C2017D28
C2026BF4
C20360A5
C20438CE
C204FD7C
C205B7DC
C206E36F
C207586C
C207EF53
C208E130
C20A3A0C
C209F787
C20C686E
C20C13F5
C20BB1D7
C20B3F02
C20AB6C3
C20A11AB
C2094328
C20833A8
C206AE8C
C2040EFD
C212A743
C2041130
C206EACF
C2089DF8
C209D8A5
C20AD15B
C20BA065
C20C52B5
C20CF009
C20D7D5C
C09814AE
C09821B2
C0982F3D
C0983D54
C0984BFD
C0985B3D
C0986B1B
C0987B9E
C0988CCC
C0989EAC
C098B147
C098C4A3
C098D8CA
C098EDC3
C0990397
C0991A50
C09931F8
C0994A98
C099643C
C0997EED
C0999AB9
C099B7AA
C099D5CF
C099F533
C09A15E5
C09A37F4
C09A5B6E
C09A8063
C09AA6E5
C09ACF05
C09AF8D5
C09B2468
C09B51D2
C09B8129
C09BB283
C09BE5F6
C09C1B9C
C09C538D
C09C8DE5
C09CCABF
C09D0A3A
C09D4C74
C09D918E
C09DD9AB
C09E24ED
C09E737C
C09EC57F
C09F1B21
C09F748C
C09FD1F0
C0A0337E
C0A09968
C0A103E6
C0A17330
C0A1E782
C0A2611C
C0A2E040
C0A36534
C0A3F044
C0A481BC
C0A519EF
C0A5B933
C0A65FE5
C0A70E64
C0A7C515
C0A88464
C0A94CC1
C0AA1EA2
C0AAFA85
C0ABE0EB
C0ACD260
C0ADCF74
C0AED8BF
C0AFEEE1
C0B11282
C0B24450
C0B38504
C0B4D55E
C0B63624
C0B7A829
C0B92C45
C0BAC358
C0BC6E4D
C0BE2E13
C0C003A4
C0C1EFFD
C0C3F425
C0C61124
C0C8480A
C0CA99E8
C0CD07D2
C0CF92DB
C0D23C15
C0D5048E
C0D7ED50
C0DAF75C
C0DE23A9
C0E17323
C0E4E6A4
C0E87EF8
C0EC3CD4
C0F020D9
C0F42B8C
C0F85D5B
C0FCB695
C1009BB5
C102EFF6
C1055807
C107D3D0
C10A6328
C10D05D9
C10FBB99
C1128414
C1155EE4
C1184B98
C11B49B3
C11E58AC
C12177F4
C124A6F2
C127E507
C12B3190
C12E8BE5
C131F35F
C1356754
C138E71C
C13C720E
C1400786
C143A6E4
C1474F8A
C14B00DF
C14EBA51
C1527B53
C156435B
C15A11EA
C15DE684
C161C0B4
C165A00B
C1698422
C16D6C94
C1715906
C1754921
C1793C93
C17D3311
C180962A
C182940C
C184930F
C1869319
C188940C
C18A95D2
C18C9851
C18E9B76
C1909F2B
C192A35E
C194A7FF
C196ACFC
C198B247
C19AB7D2
C19CBD90
C19EC375
C1A0C975
C1A2CF85
C1A4D59C
C1A6DBB0
C1A8E1B8
C1AAE7AC
C1ACED82
C1AEF334
C1B0F8BA
C1B2FE0C
C1B50324
C1B707FA
C1B90C88
C1BB10C7
C1BD14B0
C1BF183D
C1C11B67
C1C31E26
C1C52074
C1C7224A
C1C923A2
C1CB2472
C1CD24B5
C1CF245D
C1D12363
C1D321CD
C1D51F79
C1D71C74
C1D918A5
C1DB13FC
C1DD0E9B
C1DF0804
C1E100BE
C1E2F873
C1E4EEF2
C1E6E3F2
C1E8D894
C1EACB72
C1ECBD45
C1EEADF4
C1F09CA9
C1F2889C
C1F47342
C1F65E57
C1F84410
C1FA2740
C1FC0CDC
C1FDF5EF
C1FFC3C7
C200CBD0
C201C019
C202B089
C203A89F
C2048155
C20547FF
C20607FE
C2073346
C207A88E
C2084B23
C2093998
C20AA0DA
C20A654A
C20CDE80
C20C941A
C20C3E76
C20BDB76
C20B67F5
C20ADF32
C20A39B1
C2096AD8
C2085B06
C206D58A
C2043532
C213D447
C204387D
C207121B
C208C544
C209FFF1
C20AF8A7
C20BC7B1
C20C7A01
C20D1755
C0994EAE
C0995BB4
C099693F
C0997756
C09985FF
C0999540
C099A51E
C099B5A2
C099C6D0
C099D8B1
C099EB4D
C099FEAA
C09A12D1
C09A27CA
C09A3DA0
C09A545A
C09A6C02
C09A84A3
C09A9E47
C09AB8FA
C09AD4C6
C09AF1B8
C09B0FDE
C09B2F43
C09B4FF6
C09B7205
C09B9581
C09BBA78
C09BE0FB
C09C091C
C09C32ED
C09C5E81
C09C8BED
C09CBB45
C09CECA0
C09D2015
C09D55BC
C09D8DAF
C09DC809
C09E04E5
C09E4462
C09E869E
C09ECBBA
C09F13D8
C09F5F1D
C09FADAF
C09FFFB4
C0A05558
C0A0AEC6
C0A10C2C
C0A16DBD
C0A1D3AA
C0A23E2B
C0A2AD78
C0A321CD
C0A39B6A
C0A41A92
C0A49F8A
C0A52A9D
C0A5BC19
C0A65450
C0A6F399
C0A79A4E
C0A848D2
C0A8FF88
C0A9BEDC
C0AA873E
C0AB5924
C0AC350C
C0AD1B79
C0AE0CF3
C0AF0A0D
C0B0135F
C0B12988
C0B24D2F
C0B37F05
C0B4BFC0
C0B61022
C0B770F1
C0B8E2FE
C0BA6722
C0BBFE3F
C0BDA93D
C0BF690D
C0C13EA8
C0C32B0C
C0C52F3E
C0C74C49
C0C9833B
C0CBD525
C0CE431C
C0D0CE32
C0D3777A
C0D64002
C0D928D3
C0DC32EE
C0DF5F4C
C0E2AED6
C0E62269
C0E9BACF
C0ED78BE
C0F15CD6
C0F5679E
C0F99982
C0FDF2D2
C10139DF
C1038E2D
C105F64A
C108721F
C10B0185
C10DA443
C1105A13
C113229C
C115FD7C
C118EA40
C11BE86C
C11EF778
C12216D2
C12545E3
C128840C
C12BD0A9
C12F2B14
C13292A5
C13606B1
C1398690
C13D119C
C140A72F
C14446A8
C147EF6A
C14BA0DD
C14F5A6E
C1531B8F
C156E3B9
C15AB26B
C15E8729
C162617E
C16640FC
C16A253B
C16E0DD8
C171FA76
C175EABF
C179DE61
C17DD511
C180E743
C182E540
C184E461
C186E487
C188E59A
C18AE77F
C18CEA1F
C18EED67
C190F140
C192F599
C194FA61
C196FF87
C19904FD
C19B0AB5
C19D10A2
C19F16B7
C1A11CE9
C1A3232F
C1A5297D
C1A72FCB
C1A9360F
C1AB3C42
C1AD425A
C1AF4851
C1B14E1F
C1B353BD
C1B55924
C1B75E4D
C1B96331
C1BB67CB
C1BD6C13
C1BF7003
C1C17396
C1C376C2
C1C57984
C1C77BD3
C1C97DA9
C1CB7EFE
C1CD7FCD
C1CF8009
C1D17FAB
C1D37EB8
C1D57D0F
C1D77AC0
C1D977B1
C1DB73D2
C1DD6F46
C1DF6991
C1E1633A
C1E35BED
C1E55378
C1E74994
C1E93F65
C1EB3383
C1ED26AC
C1EF18C6
C1F108FF
C1F2F690
C1F4E2EF
C1F6CFDB
C1F8B78F
C1FA9CDB
C1FC84BA
C1FE705C
C2002056
C2010B9B
C202016E
C202F368
C203BE1D
C204C7DE
C2059066
C206551C
C2078094
C207F68F
C208A28C
C2098EFD
C20B01C1
C20ACC1B
C20D4C47
C20D0A30
C20CBEA1
C20C681C
C20C0472
C20B906E
C20B0747
C20A6176
C2099258
C2088243
C206FC72
C2045B5E
C215014C
C2045FC9
C2073967
C208EC90
C20A273D
C20B1FF3
C20BEEFD
C20CA14E
C09A88B3
C09A95B8
C09AA344
C09AB15C
C09AC005
C09ACF46
C09ADF25
C09AEFA9
C09B00D8
C09B12BA
C09B2556
C09B38B3
C09B4CDB
C09B61D5
C09B77AB
C09B8E66
C09BA60F
C09BBEB1
C09BD856
C09BF309
C09C0ED6
C09C2BC9
C09C49F0
C09C6956
C09C8A0A
C09CAC1A
C09CCF97
C09CF48F
C09D1B13
C09D4335
C09D6D07
C09D989D
C09DC60A
C09DF564
C09E26C0
C09E5A37
C09E8FDF
C09EC7D4
C09F022F
C09F3F0D
C09F7E8B
C09FC0C9
C0A005E7
C0A04E08
C0A0994F
C0A0E7E3
C0A139EA
C0A18F90
C0A1E901
C0A2466A
C0A2A7FD
C0A30DED
C0A37871
C0A3E7C0
C0A45C19
C0A4D5B9
C0A554E4
C0A5D9E0
C0A664F6
C0A6F676
C0A78EB1
C0A82DFE
C0A8D4B8
C0A98340
C0AA39FA
C0AAF953
C0ABC1BA
C0AC93A5
C0AD6F93
C0AE5604
C0AF4785
C0B044A5
C0B14DFC
C0B2642C
C0B387DA
C0B4B9B7
C0B5FA79
C0B74AE2
C0B8ABB9
C0BA1DCE
C0BBA1FB
C0BD3920
C0BEE427
C0C0A401
C0C279A5
C0C46614
C0C66A50
C0C88766
C0CABE64
C0CD105A
C0CF7E5D
C0D20980
C0D4B2D5
C0D77B6B
C0DA644A
C0DD6E75
C0E09AE2
C0E3EA7D
C0E75E20
C0EAF698
C0EEB499
C0F298C4
C0F6A3A0
C0FAD599
C0FF2EFE
C101D800
C1042C59
C1069482
C1091064
C10B9FD7
C10E42A3
C110F880
C113C118
C1169C07
C11988DB
C11C8717
C11F9633
C122B5A0
C125E4C3
C12922FF
C12C6FB0
C12FCA30
C13331D6
C136A5F8
C13A25EF
C13DB113
C14146BF
C144E652
C1488F2F
C14C40BF
C14FFA6D
C153BBAD
C15783F7
C15B52CA
C15F27AB
C1630225
C166E1C8
C16AC62E
C16EAEF4
C1729BBC
C1768C31
C17A8002
C17E76E1
C1813845
C183365B
C1853597
C18735D9
C1893709
C18B390D
C18D3BCE
C18F3F36
C1914332
C19347AF
C1954C9D
C19751EA
C1995789
C19B5D6C
C19D6385
C19F69C9
C1A1702C
C1A376A5
C1A57D28
C1A783AD
C1A98A2B
C1AB909A
C1AD96F2
C1AF9D2B
C1B1A33E
C1B3A923
C1B5AED6
C1B7B44E
C1B9B985
C1BBBE75
C1BDC318
C1BFC768
C1C1CB5E
C1C3CEF3
C1C5D222
C1C7D4E4
C1C9D733
C1CBD907
C1CDDA5B
C1CFDB23
C1D1DB58
C1D3DB00
C1D5D9FC
C1D7D858
C1D9D5FF
C1DBD2DF
C1DDCF1E
C1DFCA3F
C1E1C4CA
C1E3BE6B
C1E5B6F3
C1E7AE1C
C1E9A509
C1EB9A55
C1ED8EBF
C1EF822F
C1F173D3
C1F362E8
C1F550E4
C1F73F8A
C1F92917
C1FB105A
C1FCFA56
C1FEE855
C2005D7C
C2014A04
C2024144
C20334B0
C20401EC
C2050C8A
C205D6D6
C2069F88
C207CB86
C2084277
C208F61B
C209E184
C20B5D96
C20B2D05
C20DB31B
C20D77FB
C20D34BB
C20CE84C
C20C911E
C20C2CF3
C20BB88E
C20B2F19
C20A8909
C209B9B4
C208A968
C207234B
C2048188
C2162E52
C2048715
C20760B4
C20913DC
C20A4E89
C20B4740
C20C1649
C09BC2BB
C09BCFC0
C09BDD4D
C09BEB65
C09BFA0F
C09C0950
C09C1930
C09C29B4
C09C3AE4
C09C4CC6
C09C5F62
C09C72C0
C09C86E9
C09C9BE4
C09CB1BA
C09CC875
C09CE01F
C09CF8C2
C09D1267
C09D2D1B
C09D48E9
C09D65DE
C09D8405
C09DA36C
C09DC421
C09DE632
C09E09B0
C09E2EA9
C09E552E
C09E7D51
C09EA725
C09ED2BB
C09F002A
C09F2F85
C09F60E3
C09F945B
C09FCA05
C0A001FB
C0A03C58
C0A07937
C0A0B8B7
C0A0FAF7
C0A14017
C0A1883A
C0A1D383
C0A22218
C0A27422
C0A2C9CA
C0A3233D
C0A380A9
C0A3E23E
C0A44831
C0A4B2B7
C0A5220A
C0A59666
C0A61009
C0A68F37
C0A71436
C0A79F50
C0A830D3
C0A8C912
C0A96863
C0AA0F21
C0AABDAD
C0AB746C
C0AC33C9
C0ACFC35
C0ADCE25
C0AEAA18
C0AF908F
C0B08215
C0B17F3A
C0B28898
C0B39ECD
C0B4C282
C0B5F465
C0B7352F
C0B8859F
C0B9E67D
C0BB589A
C0BCDCCF
C0BE73FD
C0C01F0C
C0C1DEEF
C0C3B49D
C0C5A115
C0C7A55C
C0C9C27D
C0CBF985
C0CE4B87
C0D0B996
C0D344C5
C0D5EE27
C0D8B6CA
C0DB9FB8
C0DEA9F1
C0E1D66D
C0E52617
C0E899CB
C0EC3253
C0EFF066
C0F3D4A3
C0F7DF92
C0FC119E
C100358C
C1027618
C104CA7C
C10732B0
C109AE9E
C10C3E1D
C10EE0F6
C11196E1
C1145F87
C1173A84
C11A2768
C11D25B3
C12034E0
C123545D
C1268392
C129C1E1
C12D0EA5
C1306939
C133D0F3
C137452B
C13AC539
C13E5073
C141E638
C14585E4
C1492EDC
C14CE086
C1509A51
C1545BAF
C1582418
C15BF30B
C15FC80D
C163A2A9
C1678271
C16B66FC
C16F4FE9
C1733CDA
C1772D7A
C17B2176
C17F1884
C181892E
C183875E
C18586B3
C1878711
C189885C
C18B8A7E
C18D8D5D
C18F90E5
C1919502
C19399A3
C1959EB4
C197A427
C199A9EE
C19BAFF9
C19DB63D
C19FBCAE
C1A1C340
C1A3C9E9
C1A5D09F
C1A7D759
C1A9DE0E
C1ABE4B7
C1ADEB4B
C1AFF1C3
C1B1F818
C1B3FE43
C1B6043E
C1B80A01
C1BA0F87
C1BC14CA
C1BE19C4
C1C01E6E
C1C222C3
C1C426BC
C1C62A54
C1C82D83
C1CA3045
C1CC3292
C1CE3465
C1D035B3
C1D23674
C1D436AF
C1D63646
C1D83546
C1DA3399
C1DC312E
C1DE2E2D
C1E02A18
C1E22578
C1E41FFC
C1E61973
C1E81199
C1EA0992
C1EBFFFB
C1EDF593
C1EFEA44
C1F1DD3E
C1F3CDBE
C1F5BD3E
C1F7AD82
C1F998C8
C1FB81E3
C1FD6DD8
C1FF5E07
C200996C
C2018723
C2027FB5
C203747C
C2044311
C2054F7D
C2061B71
C206E787
C2081445
C2088C57
C2094644
C20A3157
C20BB505
C20B88DE
C20E1409
C20DDED3
C20DA28A
C20D5E6B
C20D1153
C20CB9A6
C20C551A
C20BE06A
C20B56BA
C20AB07A
C209E0F8
C208D07C
C2074A1B
C204A7B1
C2175B57
C204AE61
C2078800
C2093B28
C20A75D5
C20B6E8C
C09CFCC6
C09D09CC
C09D1759
C09D2571
C09D341B
C09D435D
C09D533D
C09D63C2
C09D74F2
C09D86D5
C09D9972
C09DACD1
C09DC0FA
C09DD5F5
C09DEBCC
C09E0288
C09E1A32
C09E32D6
C09E4C7C
C09E6731
C09E8300
C09E9FF5
C09EBE1C
C09EDD84
C09EFE3A
C09F204D
C09F43CB
C09F68C5
C09F8F4B
C09FB770
C09FE144
C0A00CDC
C0A03A4C
C0A069A8
C0A09B08
C0A0CE81
C0A1042C
C0A13C24
C0A17682
C0A1B364
C0A1F2E5
C0A23527
C0A27A49
C0A2C26D
C0A30DB8
C0A35C50
C0A3AE5C
C0A40406
C0A45D7B
C0A4BAE9
C0A51C81
C0A58276
C0A5ECFF
C0A65C55
C0A6D0B3
C0A74A59
C0A7C98B
C0A84E8D
C0A8D9AA
C0A96B31
C0AA0373
C0AAA2C8
C0AB498A
C0ABF81A
C0ACAEDD
C0AD6E3F
C0AE36AF
C0AF08A4
C0AFE49B
C0B0CB17
C0B1BCA2
C0B2B9CE
C0B3C331
C0B4D96C
C0B5FD27
C0B72F11
C0B86FE1
C0B9C058
C0BB213D
C0BC9362
C0BE179F
C0BFAED4
C0C159ED
C0C319D8
C0C4EF8F
C0C6DC11
C0C8E061
C0CAFD8C
C0CD349F
C0CF86AC
C0D1F4C6
C0D48002
C0D72970
C0D9F220
C0DCDB1B
C0DFE562
C0E311EC
C0E661A5
C0E9D569
C0ED6E01
C0F12C25
C0F51074
C0F91B75
C0FD4D94
C100D391
C1031427
C1056895
C107D0D5
C10A4CCE
C10CDC5A
C10F7F3F
C1123536
C114FDEA
C117D8F5
C11AC5E7
C11DC442
C120D37E
C123F30C
C1272252
C12A60B2
C12DAD89
C1310830
C1346FFE
C137E44B
C13B646E
C13EEFBF
C142859A
C146255F
C149CE70
C14D8035
C1513A1B
C154FB95
C158C41B
C15C932D
C160684F
C164430C
C16822F7
C16C07A7
C16FF0B9
C173DDD1
C177CE99
C17BC2C0
C17FB9FA
C181DA00
C183D848
C185D7B6
C187D82E
C189D995
C18BDBD2
C18DDECF
C18FE275
C191E6B3
C193EB74
C195F0A8
C197F640
C199FC2C
C19C025F
C19E08CC
C1A00F67
C1A21625
C1A41CFD
C1A623E4
C1A82AD1
C1AA31BB
C1AC389B
C1AE3F69
C1B0461E
C1B24CB2
C1B4531F
C1B6595E
C1B85F6A
C1BA653C
C1BC6ACE
C1BE701A
C1C0751B
C1C279CB
C1C47E23
C1C6821E
C1C885B6
C1CA88E6
C1CC8BA6
C1CE8DF2
C1D08FBE
C1D29104
C1D491CC
C1D691F6
C1D89191
C1DA9088
C1DC8EC9
C1DE8C7E
C1E08928
C1E28553
C1E480AC
C1E67B05
C1E8741A
C1EA6D11
C1EC6486
C1EE5B3A
C1F05119
C1F24555
C1F4372A
C1F62817
C1F819DD
C1FA06C2
C1FBF196
C1FDDF62
C1FFD19A
C200D43B
C201C30E
C202BCDB
C203B2E5
C2048284
C20590D3
C2065E55
C2072D56
C2085AFA
C208D444
C2099368
C20A7EA3
C20C0898
C20BE04E
C20E6FE3
C20E3FC3
C20E0965
C20DCC3E
C20D8777
C20D39E0
C20CE1D3
C20C7CFE
C20C0815
C20B7E37
C20AD7D0
C20A082A
C208F785
C20770E5
C204CDDE
C218885C
C204D5AD
C207AF4C
C2096275
C20A9D21
C09E36D4
C09E43DB
C09E5168
C09E5F81
C09E6E2B
C09E7D6E
C09E8D4E
C09E9DD3
C09EAF04
C09EC0E7
C09ED384
C09EE6E4
C09EFB0D
C09F1009
C09F25E1
C09F3C9E
C09F5449
C09F6CEC
C09F8694
C09FA149
C09FBD19
C09FDA0E
C09FF837
C0A017A0
C0A03857
C0A05A6A
C0A07DE9
C0A0A2E4
C0A0C96C
C0A0F191
C0A11B67
C0A14700
C0A17471
C0A1A3CE
C0A1D52F
C0A208A9
C0A23E56
C0A2764F
C0A2B0AF
C0A2ED92
C0A32D15
C0A36F58
C0A3B47C
C0A3FCA2
C0A447EF
C0A49688
C0A4E897
C0A53E43
C0A597BA
C0A5F52B
C0A656C5
C0A6BCBD
C0A72748
C0A796A0
C0A80B01
C0A884AB
C0A903DF
C0A988E4
C0AA1405
C0AAA58F
C0AB3DD4
C0ABDD2D
C0AC83F2
C0AD3286
C0ADE94E
C0AEA8B3
C0AF7128
C0B04322
C0B11F1D
C0B2059E
C0B2F72F
C0B3F45F
C0B4FDC8
C0B61409
C0B737CA
C0B869BA
C0B9AA91
C0BAFB0E
C0BC5BFA
C0BDCE26
C0BF526A
C0C0E9A8
C0C294C8
C0C454BC
C0C62A7C
C0C81706
C0CA1B61
C0CC3895
C0CE6FB2
C0D0C1CA
C0D32FEF
C0D5BB36
C0D864B0
C0DB2D6C
C0DE1674
C0E120C8
C0E44D61
C0E79D28
C0EB10FB
C0EEA9A3
C0F267D7
C0F64C37
C0FA5749
C0FE897A
C101718D
C103B22D
C10606A6
C1086EF0
C10AEAF5
C10D7A8C
C1101D7D
C112D381
C1159C41
C118775A
C11B645A
C11E62C3
C121720F
C12491AC
C127C102
C12AFF73
C12E4C5C
C131A715
C1350EF7
C1388357
C13C038F
C13F8EF6
C14324E8
C146C4C3
C14A6DED
C14E1FCB
C151D9CB
C1559B60
C1596403
C15D3332
C1610873
C164E351
C168C35D
C16CA82F
C1709165
C1747EA3
C1786F92
C17C63E2
C1802DA3
C1822ABC
C184291B
C18628A1
C1882932
C18A2AB3
C18C2D0B
C18E3024
C19033E8
C1923844
C1943D25
C196427B
C1984835
C19A4E45
C19C549E
C19E5B32
C1A061F6
C1A268E0
C1A46FE4
C1A676F9
C1A87E17
C1AA8534
C1AC8C49
C1AE934E
C1B09A3D
C1B2A10D
C1B4A7B9
C1B6AE3B
C1B8B48C
C1BABAA5
C1BCC083
C1BEC61F
C1C0CB72
C1C2D079
C1C4D52B
C1C6D986
C1C8DD82
C1CAE11A
C1CCE447
C1CEE706
C1D0E94B
C1D2EB11
C1D4EC5E
C1D6ED14
C1D8ED43
C1DAECD4
C1DCEBB9
C1DEEA1A
C1E0E77A
C1E2E464
C1E4E087
C1E6DBB7
C1E8D5AD
C1EACF93
C1ECC806
C1EEBFC7
C1F0B6C2
C1F2AC2C
C1F49F42
C1F69185
C1F884B7
C1FA7320
C1FC5F91
C1FE4F17
C2002199
C2010DFD
C201FDDA
C202F8CC
C203F005
C204C0AA
C205D0AB
C2069FA1
C2077129
C2089FCB
C2091A57
C209DDD8
C20AC993
C20C58C5
C20C33E4
C20EC756
C20E9BA0
C20E6A58
C20E331C
C20DF54C
C20DB007
C20D6212
C20D09BC
C20CA4B0
C20C2F9B
C20BA59A
C20AFF14
C20A2F4F
C2091E86
C20797AC
C204F410
C219B562
C204FCF9
C207D698
C20989C1
C09F70E6
C09F7DED
C09F8B7A
C09F9993
C09FA83E
C09FB781
C09FC762
C09FD7E8
C09FE919
C09FFAFC
C0A00D9A
C0A020FA
C0A03524
C0A04A21
C0A05FF9
C0A076B6
C0A08E62
C0A0A706
C0A0C0AE
C0A0DB64
C0A0F734
C0A1142B
C0A13254
C0A151BE
C0A17275
C0A1948A
C0A1B80A
C0A1DD06
C0A2038E
C0A22BB5
C0A2558B
C0A28126
C0A2AE98
C0A2DDF6
C0A30F58
C0A342D4
C0A37882
C0A3B07C
C0A3EADE
C0A427C2
C0A46747
C0A4A98C
C0A4EEB1
C0A536D9
C0A58228
C0A5D0C3
C0A622D3
C0A67882
C0A6D1FB
C0A72F6D
C0A7910A
C0A7F704
C0A86192
C0A8D0ED
C0A94550
C0A9BEFC
C0AA3E33
C0AAC33C
C0AB4E5F
C0ABDFED
C0AC7836
C0AD1791
C0ADBE5B
C0AE6CF2
C0AF23BD
C0AFE327
C0B0ABA0
C0B17D9E
C0B2599E
C0B34024
C0B431B9
C0B52EEF
C0B6385D
C0B74EA4
C0B8726A
C0B9A460
C0BAE53D
C0BC35C1
C0BD96B4
C0BF08E6
C0C08D32
C0C22477
C0C3CF9F
C0C58F9B
C0C76563
C0C951F6
C0CB565A
C0CD7398
C0CFAABF
C0D1FCE0
C0D46B10
C0D6F662
C0D99FE8
C0DC68B0
C0DF51C4
C0E25C25
C0E588CB
C0E8D8A0
C0EC4C81
C0EFE538
C0F3A37C
C0F787EC
C0FB930F
C0FFC552
C1020F82
C104502C
C106A4AE
C1090D03
C10B8912
C10E18B4
C110BBB0
C11371C0
C1163A8D
C11915B3
C11C02C0
C11F0138
C1221092
C125303E
C1285FA4
C12B9E26
C12EEB1F
C13245EA
C135ADDE
C1392252
C13CA29D
C1402E19
C143C420
C1476412
C14B0D53
C14EBF49
C1527963
C1563B12
C15A03D0
C15DD31C
C161A87A
C1658377
C16963A3
C16D4896
C17131EF
C1751F51
C1791066
C17D04DD
C1807E35
C1827B63
C18479D8
C1867975
C1887A1E
C18A7BB7
C18C7E2A
C18E815E
C190853E
C19289B8
C1948EB7
C196942D
C1989A08
C19AA03B
C19CA6B8
C19EAD72
C1A0B45E
C1A2BB70
C1A4C29F
C1A6C9E1
C1A8D12D
C1AAD87B
C1ACDFC3
C1AEE6FD
C1B0EE23
C1B2F52D
C1B4FC16
C1B702D7
C1B90969
C1BB0FC8
C1BD15EE
C1BF1BD5
C1C12178
C1C326D1
C1C52BDA
C1C73090
C1C934EA
C1CB38E6
C1CD3C7C
C1CF3FA9
C1D14261
C1D3449F
C1D5466B
C1D747A7
C1D94862
C1DB4887
C1DD4807
C1DF470B
C1E14517
C1E342B8
C1E53F9A
C1E73B94
C1E93660
C1EB3128
C1ED2A8A
C1EF2348
C1F11B50
C1F311D6
C1F5061B
C1F6F99E
C1F8EE26
C1FADDFB
C1FCCBF0
C1FEBD13
C2005978
C20146C4
C2023799
C203339C
C2042BF2
C204FD95
C2060F1F
C206DF71
C207B32F
C208E2DA
C2095EAC
C20A25DC
C20B1253
C20CA5EC
C20C8412
C20F1AEE
C20EF315
C20EC638
C20E9411
C20E5C2E
C20E1DE1
C20DD83D
C20D8A00
C20D3174
C20CCC3D
C20C5707
C20BCCEA
C20B264A
C20A566C
C2094582
C207BE73
C2051A47
C21AE267
C2052445
C207FDE4
C0A0AAFA
C0A0B802
C0A0C58F
C0A0D3A9
C0A0E254
C0A0F198
C0A10179
C0A111FF
C0A12330
C0A13514
C0A147B3
C0A15B13
C0A16F3E
C0A1843B
C0A19A13
C0A1B0D1
C0A1C87D
C0A1E122
C0A1FACB
C0A21582
C0A23153
C0A24E4A
C0A26C74
C0A28BDE
C0A2AC97
C0A2CEAC
C0A2F22D
C0A3172A
C0A33DB3
C0A365DB
C0A38FB2
C0A3BB4E
C0A3E8C1
C0A41821
C0A44983
C0A47D00
C0A4B2B0
C0A4EAAC
C0A5250E
C0A561F4
C0A5A17B
C0A5E3C1
C0A628E8
C0A67111
C0A6BC62
C0A70AFF
C0A75D11
C0A7B2C1
C0A80C3D
C0A869B1
C0A8CB50
C0A9314C
C0A99BDD
C0AA0B3A
C0AA7FA0
C0AAF94F
C0AB7888
C0ABFD93
C0AC88BA
C0AD1A4B
C0ADB297
C0AE51F6
C0AEF8C3
C0AFA75E
C0B05E2D
C0B11D9A
C0B1E617
C0B2B819
C0B3941E
C0B47AA9
C0B56C42
C0B6697D
C0B772F0
C0B8893C
C0B9AD08
C0BADF04
C0BC1FE6
C0BD7070
C0BED16A
C0C043A3
C0C1C7F5
C0C35F42
C0C50A71
C0C6CA75
C0C8A045
C0CA8CE1
C0CC914D
C0CEAE94
C0D0E5C5
C0D337F0
C0D5A62A
C0D83187
C0DADB17
C0DDA3EB
C0E08D0B
C0E39778
C0E6C42B
C0EA140E
C0ED87FD
C0F120C2
C0F4DF15
C0F8C394
C0FCCEC8
C100808E
C102AD70
C104EE22
C10742AE
C109AB0D
C10C2726
C10EB6D3
C11159DA
C1140FF6
C116D8CF
C119B401
C11CA11B
C11F9FA0
C122AF08
C125CEC3
C128FE38
C12C3CC9
C12F89D3
C132E4AF
C1364CB5
C139C13B
C13D4199
C140CD29
C1446345
C148034D
C14BACA4
C14F5EB1
C15318E3
C156DAAC
C15AA384
C15E72EB
C1624866
C1662380
C16A03CA
C16DE8DE
C171D258
C175BFDD
C179B116
C17DA5B2
C180CEB3
C182CBF6
C184CA80
C186CA33
C188CAF3
C18ACCA4
C18CCF30
C18ED27E
C190D679
C192DB0F
C194E02C
C196E5C0
C198EBBB
C19AF20F
C19CF8AF
C19EFF8D
C1A1069E
C1A30DD8
C1A51530
C1A71C9D
C1A92416
C1AB2B92
C1AD330B
C1AF3A78
C1B141D3
C1B34914
C1B55037
C1B75734
C1B95E06
C1BB64A7
C1BD6B12
C1BF7141
C1C1772F
C1C37CD8
C1C58234
C1C7873F
C1C98BF5
C1CB9050
C1CD944A
C1CF97DF
C1D19B05
C1D39DB6
C1D59FFB
C1D7A1B5
C1D9A2F6
C1DBA3A7
C1DDA3BB
C1DFA35A
C1E1A20A
C1E3A056
C1E59DEE
C1E79AA8
C1E9963F
C1EB91DC
C1ED8C20
C1EF85CD
C1F17ED2
C1F37665
C1F56BC7
C1F76078
C1F95642
C1FB476C
C1FD36CD
C1FF2973
C200907B
C2017E9F
C202705E
C2036D5F
C20466BE
C2053959
C2064C47
C2071DDF
C207F38E
C2092448
C209A15C
C20A6BAF
C20B5908
C20CF05F
C20CD13B
C20F6B1E
C20F46AF
C20F1DAF
C20EEFF3
C20EBD26
C20E84C5
C20E461A
C20E002F
C20DB1BC
C20D5907
C20CF3B0
C20C7E5F
C20BF42C
C20B4D77
C20A7D82
C2096C7B
C207E53B
C2054086
C21C0F6D
C2054B92
C0A1E512
C0A1F219
C0A1FFA7
C0A20DC1
C0A21C6D
C0A22BB1
C0A23B92
C0A24C19
C0A25D4B
C0A26F2F
C0A281CE
C0A2952F
C0A2A95A
C0A2BE57
C0A2D431
C0A2EAEF
C0A3029C
C0A31B41
C0A334EA
C0A34FA2
C0A36B74
C0A3886C
C0A3A696
C0A3C601
C0A3E6BB
C0A408D1
C0A42C52
C0A45150
C0A477DA
C0A4A003
C0A4C9DB
C0A4F578
C0A522EC
C0A5524D
C0A583B1
C0A5B72F
C0A5ECE0
C0A624DD
C0A65F41
C0A69C28
C0A6DBB0
C0A71DF8
C0A76320
C0A7AB4B
C0A7F69D
C0A8453C
C0A89750
C0A8ED02
C0A94680
C0A9A3F6
C0AA0597
C0AA6B96
C0AAD628
C0AB4588
C0ABB9F0
C0AC33A1
C0ACB2DE
C0AD37EC
C0ADC315
C0AE54A9
C0AEECF8
C0AF8C5A
C0B0332A
C0B0E1C9
C0B1989C
C0B2580D
C0B3208D
C0B3F294
C0B4CE9D
C0B5B52C
C0B6A6CA
C0B7A409
C0B8AD81
C0B9C3D2
C0BAE7A4
C0BC19A5
C0BD5A8D
C0BEAB1D
C0C00C1D
C0C17E5D
C0C302B5
C0C49A09
C0C64540
C0C8054B
C0C9DB23
C0CBC7C7
C0CDCC3B
C0CFE98B
C0D220C4
C0D472F9
C0D6E13D
C0D96CA4
C0DC163F
C0DEDF1E
C0E1C849
C0E4D2C2
C0E7FF81
C0EB4F71
C0EEC36D
C0F25C41
C0F61AA2
C0F9FF30
C0FE0A74
C1011E6C
C1034B56
C1058C11
C107E0A7
C10A490F
C10CC532
C10F54E8
C111F7FB
C114AE21
C1177706
C11A5244
C11D3F6A
C1203DFC
C1234D72
C1266D3B
C1299CBF
C12CDB5F
C1302878
C1338365
C136EB7B
C13A6013
C13DE084
C1416C27
C1450257
C148A273
C14C4BDF
C14FFE04
C153B84D
C1577A2E
C15B431F
C15F12A0
C162E836
C166C36D
C16AA3D5
C16E8907
C17272A2
C1766048
C17A51A3
C17E4664
C1811F1F
C1831C75
C1851B13
C1871ADB
C1891BB1
C18B1D7A
C18D201D
C18F2384
C191279A
C1932C4A
C1953184
C1973735
C1993D4F
C19B43C3
C19D4A84
C19F5185
C1A158BA
C1A3601A
C1A56799
C1A76F2F
C1A976D3
C1AB7E7C
C1AD8623
C1AF8DC1
C1B1954E
C1B39CC5
C1B5A41F
C1B7AB56
C1B9B264
C1BBB944
C1BDBFF2
C1BFC666
C1C1CC9C
C1C3D290
C1C5D83B
C1C7DD9A
C1C9E2A6
C1CBE75C
C1CDEBB5
C1CFEFAE
C1D1F33C
C1D3F65B
C1D5F913
C1D7FB46
C1D9FD05
C1DBFE3C
C1DDFEDC
C1DFFF0F
C1E1FE5A
C1E3FD4A
C1E5FB8E
C1E7F8FD
C1E9F554
C1EBF1BC
C1EDECD5
C1EFE764
C1F1E159
C1F3D9E9
C1F5D057
C1F7C626
C1F9BD1D
C1FBAF89
C1FDA03F
C1FF9452
C200C6AF
C201B59F
C202A838
C203A626
C204A07F
C2057407
C2068839
C2075B02
C208326B
C2096433
C209E280
C20AAF86
C20B9DDA
C20D3866
C20D1BB0
C20FB848
C20F96E1
C20F714A
C20F476C
C20F190A
C20EE5BF
C20EAD01
C20E6E0F
C20E27EF
C20DD953
C20D807E
C20D1B0E
C20CA5A9
C20C1B64
C20B749E
C20AA495
C2099373
C2080C04
C20566CC
C21D3C73
