ROSSFAST_D3R_TABLE_V1 O10 241 58081
C00FE809
C0104BE1
C010B0D4
C01116EB
C0117E2C
C011E69D
C0125047
C012BB31
C0132762
C01394E1
C01403B7
C01473EA
C014E583
C0155889
C015CD05
C01642FE
C016BA7D
C017338A
C017AE2D
C0182A6F
C018A858
C01927F1
C019A944
C01A2C58
C01AB137
C01B37EA
C01BC07B
C01C4AF2
C01CD75A
C01D65BB
C01DF620
C01E8892
C01F1D1D
C01FB3C8
C0204CA0
C020E7AF
C02184FE
C0222499
C022C68A
C0236ADC
C024119B
C024BAD2
C025668C
C02614D4
C026C5B6
C027793E
C0282F78
C028E86F
C029A431
C02A62C8
C02B2442
C02BE8AB
C02CB010
C02D7A7D
C02E47FF
C02F18A4
C02FEC78
C030C388
C0319DE3
C0327B94
C0335CAA
C0344131
C0352939
C03614CD
C03703FD
C037F6D5
C038ED63
C039E7B5
C03AE5D8
C03BE7DB
C03CEDCB
C03DF7B5
C03F05A7
C04017AF
C0412DD9
C0424833
C04366CA
C04489AB
C045B0E2
C046DC7C
C0480C85
C0494109
C04A7A14
C04BB7B0
C04CF9E9
C04E40CA
C04F8C5B
C050DCA8
C05231B9
C0538B97
C054EA4A
C0564DDA
C057B64E
C05923AB
C05A95F8
C05C0D39
C05D8973
C05F0AAA
C06090DF
C0621C16
C063AC4E
C0654188
C066DBC4
C0687B00
C06A1F39
C06BC86D
C06D7696
C06F29AF
C070E1B3
C0729E9B
C074605D
C07626F1
C077F24E
C079C268
C07B9733
C07D70A4
C07F4EAC
C080989E
C0818C24
C08281DE
C08379C6
C08473D1
C0856FF7
C0866E2F
C0876E6F
C08870AE
C08974E0
C08A7AFD
C08B82F9
C08C8CC9
C08D9863
C08EA5BC
C08FB4C8
C090C57E
C091D7D0
C092EBB5
C0940121
C0951808
C0963060
C0974A1E
C0986536
C099819D
C09A9F4A
C09BBE30
C09CDE46
C09DFF81
C09F21D7
C0A0453D
C0A169AB
C0A28F16
C0A3B574
C0A4DCBE
C0A604E9
C0A72DEC
C0A857C0
C0A9825C
C0AAADB8
C0ABD9CB
C0AD068F
C0AE33FC
C0AF620A
C0B090B4
C0B1BFF1
C0B2EFBC
C0B4200F
C0B550E3
C0B68232
C0B7B3F7
C0B8E62D
C0BA18CE
C0BB4BD6
C0BC7F40
C0BDB306
C0BEE725
C0C01B99
C0C1505D
C0C2856D
C0C3BAC6
C0C4F064
C0C62645
C0C75C64
C0C892BE
C0C9C951
C0CB0019
C0CC3714
C0CD6E40
C0CEA59A
C0CFDD1F
C0D114CE
C0D24CA3
C0D3849E
C0D4BCBC
C0D5F4FC
C0D72D5B
C0D865D7
C0D99E71
C0DAD725
C0DC0FF2
C0DD48D8
C0DE81D4
C0DFBAE6
C0E0F40C
C0E22D45
C0E36691
C0E49FED
C0E5D95A
C0E712D6
C0E84C61
C0E985F9
C0EABF9E
C0EBF94F
C0ED330C
C0EE6CD3
C0EFA6A5
C0F0E080
C0F21A64
C0F35451
C0F48E46
C0F5C842
C0F70245
C0F83C4F
C0F9765F
C0FAB076
C0FBEA91
C0FD24B2
C0FE5ED8
C0FF9902
C1006998
C10106B2
C101A3CD
C10240EA
C102DE09
C1037B29
C104184B
C104B56E
C1055292
C105EFB7
C1068CDE
C1072A05
C107C72E
C1086457
C01017D5
C0107B65
C010E011
C01145E0
C011ACD9
C0121503
C0127E65
C012E908
C01354F1
C013C229
C01430B7
C014A0A3
C01511F4
C01584B4
C015F8E9
C0166E9B
C016E5D4
C0175E9A
C017D8F7
C01854F3
C018D297
C01951EB
C019D2F8
C01A55C8
C01ADA62
C01B60D1
C01BE91D
C01C7351
C01CFF75
C01D8D93
C01E1DB5
C01EAFE5
C01F442C
C01FDA96
C020732D
C0210DFA
C021AB08
C0224A62
C022EC13
C0239026
C02436A6
C024DF9E
C0258B19
C0263923
C026E9C8
C0279D12
C028530F
C0290BCB
C029C750
C02A85AC
C02B46EC
C02C0B1A
C02CD245
C02D9C79
C02E69C3
C02F3A2F
C0300DCC
C030E4A5
C031BEC9
C0329C44
C0337D24
C0346177
C035494B
C03634AC
C03723A8
C038164E
C0390CAA
C03A06CB
C03B04BE
C03C0692
C03D0C52
C03E160E
C03F23D3
C04035AD
C0414BAB
C04265DA
C0438446
C044A6FD
C045CE0B
C046F97C
C048295D
C0495DBA
C04A969E
C04BD415
C04D1629
C04E5CE5
C04FA853
C050F87D
C0524D6D
C053A729
C05505BC
C056692C
C057D181
C0593EC0
C05AB0EF
C05C2814
C05DA433
C05F254E
C060AB69
C0623686
C063C6A6
C0655BC8
C066F5ED
C0689512
C06A3936
C06BE254
C06D9069
C06F436F
C070FB60
C072B835
C07479E6
C0764069
C0780BB6
C079DBC0
C07BB07D
C07D89DF
C07F67D9
C080A52F
C08198AE
C0828E63
C0838644
C084804A
C0857C6B
C0867A9F
C0877ADA
C0887D14
C0898143
C08A875C
C08B8F54
C08C9921
C08DA4B8
C08EB20E
C08FC118
C090D1CA
C091E41A
C092F7FD
C0940D67
C095244C
C0963CA3
C097565F
C0987176
C0998DDC
C09AAB87
C09BCA6D
C09CEA82
C09E0BBC
C09F2E11
C0A05177
C0A175E4
C0A29B4F
C0A3C1AD
C0A4E8F7
C0A61121
C0A73A25
C0A863F9
C0A98E95
C0AAB9F1
C0ABE605
C0AD12C9
C0AE4036
C0AF6E45
C0B09CEE
C0B1CC2C
C0B2FBF8
C0B42C4B
C0B55D1F
C0B68E6F
C0B7C035
C0B8F26B
C0BA250D
C0BB5816
C0BC8B80
C0BDBF47
C0BEF366
C0C027DB
C0C15C9F
C0C291B0
C0C3C70A
C0C4FCA9
C0C6328A
C0C768AA
C0C89F05
C0C9D598
C0CB0C61
C0CC435D
C0CD7A8A
C0CEB1E4
C0CFE96A
C0D12119
C0D258EF
C0D390EB
C0D4C909
C0D60149
C0D739A9
C0D87226
C0D9AAC0
C0DAE375
C0DC1C43
C0DD5529
C0DE8E26
C0DFC738
C0E1005F
C0E23999
C0E372E5
C0E4AC42
C0E5E5AF
C0E71F2B
C0E858B6
C0E9924F
C0EACBF5
C0EC05A6
C0ED3F63
C0EE792B
C0EFB2FD
C0F0ECD9
C0F226BD
C0F360AA
C0F49A9F
C0F5D49C
C0F70EA0
C0F848AA
C0F982BB
C0FABCD1
C0FBF6ED
C0FD310E
C0FE6B34
C0FFA55F
C1006FC7
C1010CE0
C101A9FC
C1024719
C102E438
C1038158
C1041E7A
C104BB9D
C10558C1
C105F5E7
C106930E
C1073035
C107CD5E
C1086A87
C0104922
C010AC68
C01110CA
C011764E
C011DCFD
C01244DD
C012ADF5
C013184D
C01383ED
C013F0DB
C0145F1F
C014CEC2
C0153FCA
C015B240
C016262C
C0169B96
C0171286
C0178B04
C0180519
C01880CD
C018FE29
C0197D35
C019FDFB
C01A8083
C01B04D7
C01B8AFF
C01C1306
C01C9CF3
C01D28D1
C01DB6AA
C01E4687
C01ED873
C01F6C76
C020029C
C0209AEF
C0213579
C021D244
C022715C
C02312CB
C023B69D
C0245CDB
C0250592
C025B0CD
C0265E97
C0270EFD
C027C209
C02877C7
C0293044
C029EB8C
C02AA9AC
C02B6AAE
C02C2EA1
C02CF591
C02DBF8A
C02E8C99
C02F5CCC
C030302F
C03106CF
C031E0BB
C032BDFF
C0339EA8
C03482C5
C0356A63
C036558F
C0374457
C03836C9
C0392CF2
C03A26E1
C03B24A3
C03C2645
C03D2BD5
C03E3561
C03F42F7
C04054A3
C0416A74
C0428476
C043A2B6
C044C541
C045EC25
C047176C
C0484724
C0497B59
C04AB415
C04BF165
C04D3353
C04E79EA
C04FC534
C051153B
C0526A07
C053C3A2
C0552213
C0568563
C057ED97
C0595AB8
C05ACCC9
C05C43D1
C05DBFD3
C05F40D2
C060C6D2
C06251D5
C063E1DB
C06576E5
C06710F2
C068B000
C06A540D
C06BFD16
C06DAB16
C06F5E08
C07115E5
C072D2A8
C0749446
C0765AB9
C07825F5
C079F5EF
C07BCA9C
C07DA3F0
C07F81DC
C080B22A
C081A5A2
C0829B51
C083932D
C0848D2D
C085894A
C0868778
C08787AF
C08889E5
C0898E0F
C08A9424
C08B9C18
C08CA5E2
C08DB176
C08EBEC9
C08FCDD0
C090DE80
C091F0CE
C09304AE
C0941A16
C09530FA
C096494F
C0976309
C0987E1F
C0999A84
C09AB82E
C09BD712
C09CF726
C09E1860
C09F3AB5
C0A05E1A
C0A18287
C0A2A7F1
C0A3CE4F
C0A4F598
C0A61DC3
C0A746C7
C0A8709B
C0A99B37
C0AAC693
C0ABF2A7
C0AD1F6B
C0AE4CD9
C0AF7AE8
C0B0A992
C0B1D8D0
C0B3089D
C0B438F0
C0B569C5
C0B69B15
C0B7CCDC
C0B8FF13
C0BA31B6
C0BB64BF
C0BC9829
C0BDCBF1
C0BF0011
C0C03486
C0C1694C
C0C29E5D
C0C3D3B8
C0C50958
C0C63F39
C0C77559
C0C8ABB5
C0C9E249
C0CB1913
C0CC5010
C0CD873D
C0CEBE98
C0CFF61E
C0D12DCE
C0D265A5
C0D39DA1
C0D4D5C1
C0D60E01
C0D74662
C0D87EE0
C0D9B77A
C0DAF02F
C0DC28FE
C0DD61E5
C0DE9AE2
C0DFD3F5
C0E10D1C
C0E24656
C0E37FA3
C0E4B900
C0E5F26E
C0E72BEB
C0E86577
C0E99F10
C0EAD8B6
C0EC1268
C0ED4C25
C0EE85EE
C0EFBFC0
C0F0F99C
C0F23381
C0F36D6E
C0F4A764
C0F5E161
C0F71B65
C0F85570
C0F98F81
C0FAC997
C0FC03B4
C0FD3DD5
C0FE77FC
C0FFB227
C100762B
C1011344
C101B060
C1024D7D
C102EA9C
C10387BD
C10424DE
C104C202
C1055F26
C105FC4C
C1069973
C107369A
C107D3C3
C10870ED
C0107BF9
C010DEF2
C0114307
C011A83F
C0120EA1
C0127634
C012DF00
C013490C
C013B45F
C0142101
C0148EF9
C014FE50
C0156F0D
C015E137
C01654D8
C016C9F7
C017409B
C017B8CF
C0183299
C018AE03
C0192B15
C019A9D8
C01A2A55
C01AAC94
C01B309F
C01BB67E
C01C3E3C
C01CC7E2
C01D5379
C01DE10A
C01E70A0
C01F0245
C01F9602
C0202BE3
C020C3F0
C0215E35
C021FABB
C022998F
C0233ABA
C023DE48
C0248443
C0252CB8
C025D7B1
C0268539
C027355D
C027E828
C0289DA7
C02955E4
C02A10ED
C02ACECE
C02B8F92
C02C5347
C02D19FA
C02DE3B6
C02EB089
C02F8081
C03053A9
C0312A0F
C03203C1
C032E0CC
C033C13E
C034A523
C0358C89
C036777F
C0376611
C038584E
C0394E43
C03A47FE
C03B458C
C03C46FC
C03D4C5B
C03E55B6
C03F631B
C0407498
C0418A3A
C042A40E
C043C221
C044E480
C0460B37
C0473654
C04865E2
C04999ED
C04AD281
C04C0FA9
C04D5170
C04E97E0
C04FE305
C05132E7
C052878F
C053E107
C0553F56
C056A284
C0580A99
C0597799
C05AE98C
C05C6075
C05DDC59
C05F5D3D
C060E321
C0626E09
C063FDF5
C06592E5
C0672CDA
C068CBD0
C06A6FC6
C06C18B9
C06DC6A3
C06F7980
C071314A
C072EDF9
C074AF86
C07675E6
C0784111
C07A10FB
C07BE599
C07DBEDE
C07F9CBC
C080BF92
C081B305
C082A8AD
C083A083
C0849A7E
C0859695
C08694BE
C08794F1
C0889722
C0899B48
C08AA159
C08BA94A
C08CB310
C08DBEA0
C08ECBF0
C08FDAF5
C090EBA2
C091FDED
C09311CC
C0942731
C0953E13
C0965666
C0977020
C0988B33
C099A797
C09AC540
C09BE424
C09D0437
C09E2570
C09F47C4
C0A06B29
C0A18F95
C0A2B4FF
C0A3DB5D
C0A502A6
C0A62AD1
C0A753D5
C0A87DA9
C0A9A845
C0AAD3A1
C0ABFFB6
C0AD2C7A
C0AE59E8
C0AF87F8
C0B0B6A2
C0B1E5E1
C0B315AE
C0B44602
C0B576D7
C0B6A828
C0B7D9F0
C0B90C27
C0BA3ECB
C0BB71D4
C0BCA540
C0BDD908
C0BF0D29
C0C0419F
C0C17665
C0C2AB77
C0C3E0D3
C0C51673
C0C64C56
C0C78276
C0C8B8D3
C0C9EF68
C0CB2632
C0CC5D30
C0CD945E
C0CECBB9
C0D00341
C0D13AF1
C0D272C9
C0D3AAC6
C0D4E2E6
C0D61B27
C0D75388
C0D88C07
C0D9C4A2
C0DAFD58
C0DC3627
C0DD6F0E
C0DEA80C
C0DFE11F
C0E11A47
C0E25382
C0E38CCF
C0E4C62D
C0E5FF9B
C0E73919
C0E872A5
C0E9AC3F
C0EAE5E5
C0EC1F98
C0ED5956
C0EE931E
C0EFCCF1
C0F106CD
C0F240B3
C0F37AA1
C0F4B497
C0F5EE94
C0F72898
C0F862A3
C0F99CB5
C0FAD6CC
C0FC10E8
C0FD4B0A
C0FE8531
C0FFBF5C
C1007CC6
C10119E0
C101B6FB
C1025419
C102F138
C1038E58
C1042B7A
C104C89E
C10565C2
C10602E8
C106A00F
C1073D37
C107DA60
C1087789
C010B063
C011130C
C01176D2
C011DBBB
C01241CE
C012A912
C013118F
C0137B4C
C013E650
C01452A4
C014C04E
C0152F56
C0159FC5
C01611A2
C01684F5
C016F9C6
C017701E
C017E805
C0186182
C018DCA0
C0195966
C019D7DD
C01A580E
C01ADA02
C01B5DC1
C01BE356
C01C6ACA
C01CF426
C01D7F73
C01E0CBB
C01E9C08
C01F2D64
C01FC0D9
C0205672
C020EE37
C0218835
C0222475
C022C302
C02363E8
C0240730
C024ACE7
C0255517
C025FFCC
C026AD11
C0275CF2
C0280F7A
C028C4B7
C0297CB3
C02A377A
C02AF51A
C02BB59F
C02C7915
C02D3F88
C02E0907
C02ED59C
C02FA556
C0307842
C0314E6D
C03227E4
C03304B4
C033E4EB
C034C897
C035AFC5
C0369A83
C03788DE
C0387AE4
C03970A3
C03A6A28
C03B6782
C03C68BE
C03D6DEA
C03E7713
C03F8447
C0409593
C041AB05
C042C4A9
C043E28E
C04504BF
C0462B49
C047563A
C048859C
C049B97D
C04AF1E7
C04C2EE6
C04D7085
C04EB6CE
C05001CC
C0515189
C052A60C
C053FF60
C0555D8C
C056C098
C058288B
C059956B
C05B073D
C05C7E08
C05DF9CE
C05F7A94
C061005C
C0628B28
C0641AF9
C065AFD0
C06749AB
C068E889
C06A8C68
C06C3543
C06DE318
C06F95E0
C0714D95
C0730A31
C074CBAA
C07691F9
C0785D12
C07A2CEC
C07C0179
C07DDAAF
C07FB87E
C080CD6C
C081C0D8
C082B67A
C083AE4A
C084A83F
C085A451
C086A275
C087A2A3
C088A4CF
C089A8F1
C08AAEFE
C08BB6EB
C08CC0AE
C08DCC3B
C08ED988
C08FE889
C090F934
C0920B7D
C0931F59
C09434BC
C0954B9C
C09663EE
C0977DA5
C09898B8
C099B51B
C09AD2C3
C09BF1A5
C09D11B8
C09E32F0
C09F5543
C0A078A8
C0A19D14
C0A2C27D
C0A3E8DB
C0A51024
C0A6384E
C0A76152
C0A88B26
C0A9B5C3
C0AAE11F
C0AC0D34
C0AD39F9
C0AE6767
C0AF9578
C0B0C423
C0B1F362
C0B3232F
C0B45384
C0B5845A
C0B6B5AC
C0B7E773
C0B919AC
C0BA4C50
C0BB7F5A
C0BCB2C6
C0BDE690
C0BF1AB2
C0C04F28
C0C183EF
C0C2B902
C0C3EE5E
C0C523FF
C0C659E2
C0C79004
C0C8C661
C0C9FCF7
C0CB33C2
C0CC6AC0
C0CDA1EF
C0CED94C
C0D010D4
C0D14885
C0D2805D
C0D3B85B
C0D4F07B
C0D628BD
C0D7611F
C0D8999E
C0D9D23A
C0DB0AF1
C0DC43C1
C0DD7CA9
C0DEB5A7
C0DFEEBB
C0E127E3
C0E2611F
C0E39A6C
C0E4D3CB
C0E60D3A
C0E746B8
C0E88045
C0E9B9DF
C0EAF386
C0EC2D39
C0ED66F7
C0EEA0C0
C0EFDA94
C0F11470
C0F24E56
C0F38844
C0F4C23B
C0F5FC38
C0F7363D
C0F87049
C0F9AA5A
C0FAE472
C0FC1E8F
C0FD58B1
C0FE92D8
C0FFCD04
C100839A
C10120B4
C101BDCF
C1025AED
C102F80C
C103952D
C104324F
C104CF72
C1056C97
C10609BD
C106A6E4
C107440C
C107E135
C1087E5F
C010E66A
C01148C2
C011AC35
C01210CC
C012768E
C012DD80
C01345AC
C013AF18
C01419CB
C01485CD
C014F327
C01561DF
C015D1FD
C016438A
C016B68D
C0172B0E
C017A117
C01818AE
C01891DD
C0190CAC
C0198923
C01A074C
C01A872F
C01B08D6
C01B8C48
C01C1191
C01C98B8
C01D21C7
C01DACC8
C01E39C5
C01EC8C7
C01F59D9
C01FED03
C0208252
C02119CE
C021B383
C0224F7A
C022EDBF
C0238E5D
C024315E
C024D6CE
C0257EB7
C0262926
C026D626
C02785C2
C0283806
C028ECFF
C029A4B7
C02A5F3C
C02B1C9A
C02BDCDD
C02CA012
C02D6645
C02E2F83
C02EFBD9
C02FCB55
C0309E02
C03173F0
C0324D2A
C03329BE
C03409B9
C034ED2A
C035D41E
C036BEA2
C037ACC4
C0389E92
C039941A
C03A8D69
C03B8A8D
C03C8B94
C03D908B
C03E9980
C03FA681
C040B79B
C041CCDB
C042E64F
C0440404
C0452606
C0464C62
C0477726
C048A65C
C049DA10
C04B1250
C04C4F25
C04D909B
C04ED6BC
C0502192
C0517128
C052C586
C0541EB4
C0557CBC
C056DFA5
C0584775
C059B434
C05B25E6
C05C9C91
C05E1838
C05F98E0
C0611E8B
C062A93A
C06438F0
C065CDAC
C067676D
C0690632
C06AA9F9
C06C52BD
C06E007B
C06FB32D
C0716ACE
C0732755
C074E8BB
C076AEF7
C07879FE
C07A49C7
C07C1E44
C07DF76A
C07FD52A
C080DBBB
C081CF20
C082C4BC
C083BC86
C084B675
C085B281
C086B0A0
C087B0C8
C088B2F0
C089B70E
C08ABD16
C08BC500
C08CCEBF
C08DDA48
C08EE792
C08FF691
C0910739
C092197F
C0932D59
C09442BA
C0955999
C09671E8
C0978B9E
C098A6AF
C099C311
C09AE0B8
C09BFF99
C09D1FAB
C09E40E2
C09F6335
C0A08699
C0A1AB05
C0A2D06E
C0A3F6CC
C0A51E14
C0A6463F
C0A76F43
C0A89917
C0A9C3B4
C0AAEF11
C0AC1B26
C0AD47EB
C0AE755A
C0AFA36B
C0B0D216
C0B20156
C0B33124
C0B46179
C0B59250
C0B6C3A2
C0B7F56B
C0B927A4
C0BA5A49
C0BB8D54
C0BCC0C1
C0BDF48B
C0BF28AE
C0C05D25
C0C191EC
C0C2C700
C0C3FC5D
C0C531FF
C0C667E3
C0C79E06
C0C8D464
C0CA0AFA
C0CB41C6
C0CC78C5
C0CDAFF5
C0CEE752
C0D01EDB
C0D1568D
C0D28E66
C0D3C664
C0D4FE86
C0D636C8
C0D76F2B
C0D8A7AB
C0D9E047
C0DB18FF
C0DC51CF
C0DD8AB8
C0DEC3B7
C0DFFCCC
C0E135F5
C0E26F31
C0E3A87F
C0E4E1DE
C0E61B4D
C0E754CC
C0E88E59
C0E9C7F4
C0EB019B
C0EC3B4F
C0ED750E
C0EEAED7
C0EFE8AB
C0F12288
C0F25C6F
C0F3965D
C0F4D054
C0F60A52
C0F74457
C0F87E63
C0F9B875
C0FAF28D
C0FC2CAA
C0FD66CD
C0FEA0F4
C0FFDB20
C1008AA8
C10127C2
C101C4DE
C10261FC
C102FF1B
C1039C3C
C104395E
C104D682
C10573A7
C10610CD
C106ADF4
C1074B1C
C107E845
C108856F
C0111E18
C011801B
C011E33B
C012477D
C012ACEA
C0131389
C0137B60
C013E478
C0144ED8
C014BA87
C015278D
C01595F2
C01605BE
C01676F8
C016E9A9
C0175DD8
C017D38F
C0184AD5
C018C3B2
C0193E30
C019BA57
C01A382F
C01AB7C2
C01B3919
C01BBC3C
C01C4136
C01CC80E
C01D50CF
C01DDB82
C01E6832
C01EF6E7
C01F87AB
C0201A8A
C020AF8C
C02146BD
C021E026
C0227BD3
C02319CE
C023BA22
C0245CDA
C0250201
C025A9A2
C02653C9
C0270081
C027AFD7
C02861D5
C0291687
C029CDFB
C02A883B
C02B4555
C02C0554
C02CC846
C02D8E37
C02E5733
C02F2349
C02FF284
C030C4F2
C0319AA0
C032739B
C0334FF1
C0342FB0
C03512E4
C035F99C
C036E3E5
C037D1CD
C038C361
C039B8B0
C03AB1C7
C03BAEB4
C03CAF84
C03DB445
C03EBD05
C03FC9D2
C040DAB8
C041EFC6
C0430908
C044268B
C045485D
C0466E8A
C047991F
C048C827
C049FBAF
C04B33C2
C04C706C
C04DB1B8
C04EF7AF
C050425D
C05191CB
C052E602
C0543F0B
C0559CEE
C056FFB3
C0586760
C059D3FC
C05B458C
C05CBC16
C05E379E
C05FB827
C0613DB4
C062C847
C06457E0
C065EC80
C0678627
C06924D3
C06AC880
C06C712D
C06E1ED3
C06FD16F
C07188FA
C073456D
C07506BF
C076CCE8
C07897DD
C07A6794
C07C3C00
C07E1516
C07FF2C7
C080EA82
C081DDE0
C082D375
C083CB39
C084C522
C085C128
C086BF42
C087BF65
C088C189
C089C5A2
C08ACBA6
C08BD38B
C08CDD46
C08DE8CD
C08EF613
C090050F
C09115B4
C09227F8
C0933BD0
C094512F
C095680B
C0968059
C0979A0D
C098B51D
C099D17D
C09AEF23
C09C0E04
C09D2E15
C09E4F4B
C09F719D
C0A09501
C0A1B96C
C0A2DED6
C0A40533
C0A52C7C
C0A654A6
C0A77DAA
C0A8A77F
C0A9D21C
C0AAFD79
C0AC298E
C0AD5654
C0AE83C3
C0AFB1D5
C0B0E081
C0B20FC1
C0B33F90
C0B46FE6
C0B5A0BD
C0B6D210
C0B803DA
C0B93614
C0BA68B9
C0BB9BC5
C0BCCF33
C0BE02FE
C0BF3721
C0C06B99
C0C1A062
C0C2D577
C0C40AD4
C0C54077
C0C6765C
C0C7AC7F
C0C8E2DE
C0CA1976
C0CB5043
C0CC8742
C0CDBE73
C0CEF5D1
C0D02D5A
C0D1650D
C0D29CE7
C0D3D4E6
C0D50D08
C0D6454C
C0D77DAF
C0D8B630
C0D9EECD
C0DB2785
C0DC6056
C0DD993F
C0DED23F
C0E00B54
C0E1447E
C0E27DBB
C0E3B70A
C0E4F069
C0E629D9
C0E76359
C0E89CE6
C0E9D681
C0EB1029
C0EC49DD
C0ED839D
C0EEBD67
C0EFF73B
C0F13119
C0F26B00
C0F3A4EF
C0F4DEE6
C0F618E5
C0F752EA
C0F88CF6
C0F9C709
C0FB0121
C0FC3B3F
C0FD7562
C0FEAF8A
C0FFE9B6
C10091F3
C1012F0D
C101CC29
C1026947
C1030667
C103A388
C10440AA
C104DDCE
C1057AF3
C1061819
C106B540
C1075269
C107EF92
C1088CBC
C0115778
C011B923
C0121BEC
C0127FD7
C012E4ED
C0134B35
C013B2B6
C0141B78
C0148581
C014F0DA
C0155D8B
C015CB9A
C0163B11
C016ABF6
C0171E52
C017922D
C018078F
C0187E81
C018F70B
C0197136
C019ED0A
C01A6A90
C01AE9D1
C01B6AD5
C01BEDA7
C01C724F
C01CF8D7
C01D8147
C01E0BAA
C01E980A
C01F266F
C01FB6E5
C0204975
C020DE2A
C021750D
C0220E29
C022A989
C0234738
C023E740
C02489AC
C0252E89
C025D5DF
C0267FBD
C0272C2C
C027DB38
C0288CEE
C0294159
C029F886
C02AB280
C02B6F53
C02C2F0E
C02CF1BB
C02DB767
C02E8020
C02F4BF3
C0301AEB
C030ED18
C031C285
C0329B40
C0337757
C03456D7
C03539CD
C0362047
C0370A54
C037F800
C038E959
C039DE6D
C03AD74A
C03BD3FE
C03CD496
C03DD920
C03EE1AA
C03FEE41
C040FEF2
C04213CC
C0432CDB
C0444A2C
C0456BCC
C04691C9
C047BC2D
C048EB07
C04A1E60
C04B5646
C04C92C4
C04DD3E4
C04F19B1
C0506436
C051B37B
C053078A
C054606C
C055BE29
C05720C8
C0588851
C059F4CA
C05B6638
C05CDCA1
C05E5808
C05FD871
C0615DDF
C062E854
C06477D0
C0660C55
C067A5E0
C0694471
C06AE806
C06C9099
C06E3E29
C06FF0AE
C071A823
C0736480
C07525BE
C076EBD3
C078B6B5
C07A865A
C07C5AB5
C07E33BA
C08008AE
C080F9C5
C081ED1C
C082E2AA
C083DA67
C084D44A
C085D04B
C086CE5F
C087CE7D
C088D09C
C089D4B0
C08ADAB0
C08BE291
C08CEC49
C08DF7CC
C08F050F
C0901408
C09124AA
C09236EC
C0934AC1
C094601E
C09576F8
C0968F44
C097A8F7
C098C405
C099E064
C09AFE09
C09C1CE9
C09D3CF9
C09E5E2F
C09F8080
C0A0A3E3
C0A1C84E
C0A2EDB7
C0A41415
C0A53B5D
C0A66388
C0A78C8C
C0A8B661
C0A9E0FE
C0AB0C5C
C0AC3871
C0AD6538
C0AE92A7
C0AFC0B9
C0B0EF66
C0B21EA7
C0B34E76
C0B47ECD
C0B5AFA5
C0B6E0F9
C0B812C3
C0B944FE
C0BA77A4
C0BBAAB1
C0BCDE20
C0BE11EB
C0BF4610
C0C07A89
C0C1AF52
C0C2E468
C0C419C7
C0C54F6A
C0C68550
C0C7BB74
C0C8F1D4
C0CA286C
C0CB5F3A
C0CC963B
C0CDCD6C
C0CF04CB
C0D03C55
C0D17409
C0D2ABE4
C0D3E3E4
C0D51C07
C0D6544B
C0D78CAF
C0D8C530
C0D9FDCE
C0DB3687
C0DC6F59
C0DDA843
C0DEE143
C0E01A59
C0E15384
C0E28CC1
C0E3C611
C0E4FF71
C0E638E2
C0E77261
C0E8ABF0
C0E9E58B
C0EB1F34
C0EC58E9
C0ED92A9
C0EECC73
C0F00648
C0F14026
C0F27A0D
C0F3B3FD
C0F4EDF5
C0F627F4
C0F761FA
C0F89C06
C0F9D619
C0FB1032
C0FC4A50
C0FD8473
C0FEBE9B
C0FFF8C8
C100997C
C1013697
C101D3B3
C10270D1
C1030DF1
C103AB12
C1044834
C104E558
C105827E
C1061FA4
C106BCCB
C10759F4
C107F71D
C1089447
C0119292
C011F3E4
C0125652
C012B9E4
C0131EA1
C013848F
C013EBB7
C0145420
C014BDD0
C01528D1
C0159529
C01602E1
C01671FF
C016E28D
C0175492
C017C816
C0183D22
C018B3BE
C0192BF2
C019A5C7
C01A2146
C01A9E76
C01B1D63
C01B9E13
C01C2091
C01CA4E6
C01D2B1A
C01DB338
C01E3D49
C01EC956
C01F576B
C01FE78F
C02079CF
C0210E33
C021A4C6
C0223D93
C022D8A5
C0237605
C02415BF
C024B7DE
C0255C6E
C0260378
C026AD0A
C027592E
C02807F0
C028B95B
C0296D7D
C02A2460
C02ADE12
C02B9A9E
C02C5A11
C02D1C77
C02DE1DE
C02EAA52
C02F75E0
C0304495
C031167E
C031EBA8
C032C421
C0339FF7
C0347F36
C03561ED
C0364828
C03731F6
C0381F65
C0391081
C03A055A
C03AFDFC
C03BFA75
C03CFAD3
C03DFF25
C03F0776
C04013D6
C0412451
C04238F6
C04351D0
C0446EED
C045905B
C046B625
C047E059
C0490F02
C04A422C
C04B79E4
C04CB634
C04DF728
C04F3CC9
C0508723
C051D63E
C0532A24
C05482DE
C055E074
C05742EE
C058AA51
C05A16A6
C05B87F1
C05CFE37
C05E797D
C05FF9C6
C0617F14
C063096A
C06498C9
C0662D31
C067C6A0
C0696516
C06B0890
C06CB10B
C06E5E82
C07010F0
C071C84E
C0738496
C07545BE
C0770BBF
C078D68F
C07AA621
C07C7A6A
C07E535F
C0801878
C0810988
C081FCD7
C082F25E
C083EA15
C084E3F2
C085DFEC
C086DDFB
C087DE14
C088E02D
C089E43D
C08AEA39
C08BF216
C08CFBCA
C08E0749
C08F1489
C090237E
C091341E
C092465D
C0935A2F
C0946F8B
C0958663
C0969EAD
C097B85E
C098D36B
C099EFC9
C09B0D6C
C09C2C4B
C09D4C5A
C09E6D90
C09F8FE1
C0A0B344
C0A1D7AE
C0A2FD17
C0A42374
C0A54ABD
C0A672E8
C0A79BEC
C0A8C5C1
C0A9F05F
C0AB1BBC
C0AC47D3
C0AD7499
C0AEA20A
C0AFD01C
C0B0FECA
C0B22E0B
C0B35DDB
C0B48E33
C0B5BF0C
C0B6F060
C0B8222B
C0B95467
C0BA870E
C0BBBA1C
C0BCED8C
C0BE2158
C0BF557E
C0C089F7
C0C1BEC2
C0C2F3D8
C0C42938
C0C55EDD
C0C694C4
C0C7CAE9
C0C90149
C0CA37E3
C0CB6EB1
C0CCA5B3
C0CDDCE5
C0CF1445
C0D04BD0
C0D18385
C0D2BB60
C0D3F361
C0D52B85
C0D663CA
C0D79C2E
C0D8D4B1
C0DA0D50
C0DB4609
C0DC7EDC
C0DDB7C7
C0DEF0C8
C0E029DF
C0E16309
C0E29C48
C0E3D598
C0E50EF9
C0E6486A
C0E781EB
C0E8BB79
C0E9F516
C0EB2EBF
C0EC6874
C0EDA235
C0EEDC00
C0F015D5
C0F14FB4
C0F2899C
C0F3C38C
C0F4FD84
C0F63783
C0F7718A
C0F8AB97
C0F9E5AA
C0FB1FC3
C0FC59E2
C0FD9405
C0FECE2E
C100042D
C100A146
C1013E61
C101DB7D
C102789B
C10315BB
C103B2DC
C1044FFF
C104ED23
C1058A48
C106276F
C106C496
C10761BF
C107FEE8
C1089C13
C011CF72
C0123067
C0129279
C012F5AE
C0135A0E
C013BFA1
C014266D
C0148E7A
C014F7CF
C0156275
C015CE73
C0163BD0
C016AA94
C0171AC8
C0178C73
C017FF9E
C0187451
C018EA94
C0196270
C019DBED
C01A5714
C01AD3ED
C01B5283
C01BD2DD
C01C5504
C01CD903
C01D5EE2
C01DE6AB
C01E7067
C01EFC21
C01F89E1
C02019B3
C020AB9F
C0213FB1
C021D5F3
C0226E6E
C023092F
C023A63F
C02445A9
C024E779
C0258BBA
C0263276
C026DBBA
C0278790
C0283605
C028E725
C0299AFB
C02A5194
C02B0AFB
C02BC73D
C02C8667
C02D4885
C02E0DA4
C02ED5D1
C02FA118
C0306F88
C031412C
C0321612
C032EE47
C033C9DA
C034A8D7
C0358B4C
C0367147
C0375AD5
C0384805
C03938E3
C03A2D7E
C03B25E3
C03C2220
C03D2243
C03E265A
C03F2E73
C0403A9A
C0414ADD
C0425F4B
C04377EF
C04494D7
C045B611
C046DBA8
C04805A9
C0493421
C04A671B
C04B9EA3
C04CDAC4
C04E1B8A
C04F60FF
C050AB2C
C051FA1D
C0534DD9
C054A66A
C05603D8
C057662A
C058CD68
C05A3997
C05BAABE
C05D20E1
C05E9C05
C0601C2C
C061A15A
C0632B91
C064BAD1
C0664F1B
C067E86F
C06986C9
C06B2A28
C06CD289
C06E7FE7
C070323D
C071E984
C073A5B5
C07566C9
C0772CB5
C078F771
C07AC6F0
C07C9B28
C07E740B
C08028C6
C08119CE
C0820D16
C0830296
C083FA46
C084F41C
C085F010
C086EE19
C087EE2D
C088F041
C089F44C
C08AFA44
C08C021C
C08D0BCC
C08E1748
C08F2485
C0903377
C0914414
C0925650
C0936A20
C0947F79
C095964F
C096AE98
C097C847
C098E353
C099FFAF
C09B1D52
C09C3C30
C09D5C3E
C09E7D73
C09F9FC3
C0A0C326
C0A1E790
C0A30CF8
C0A43356
C0A55A9E
C0A682C9
C0A7ABCE
C0A8D5A3
C0AA0041
C0AB2B9F
C0AC57B6
C0AD847D
C0AEB1EE
C0AFE001
C0B10EAF
C0B23DF2
C0B36DC3
C0B49E1B
C0B5CEF5
C0B7004A
C0B83216
C0B96453
C0BA96FB
C0BBCA0A
C0BCFD7A
C0BE3148
C0BF656E
C0C099E9
C0C1CEB4
C0C303CC
C0C4392D
C0C56ED2
C0C6A4BA
C0C7DAE0
C0C91142
C0CA47DC
C0CB7EAC
C0CCB5AE
C0CDECE1
C0CF2442
C0D05BCE
C0D19384
C0D2CB60
C0D40362
C0D53B87
C0D673CC
C0D7AC32
C0D8E4B5
C0DA1D55
C0DB560F
C0DC8EE3
C0DDC7CE
C0DF00D0
C0E039E8
C0E17313
C0E2AC52
C0E3E5A3
C0E51F05
C0E65877
C0E791F8
C0E8CB87
C0EA0524
C0EB3ECE
C0EC7884
C0EDB245
C0EEEC11
C0F025E6
C0F15FC6
C0F299AE
C0F3D39F
C0F50D97
C0F64797
C0F7819E
C0F8BBAC
C0F9F5C0
C0FB2FD9
C0FC69F8
C0FDA41C
C0FEDE45
C1000C39
C100A952
C101466D
C101E389
C10280A8
C1031DC8
C103BAE9
C104580C
C104F530
C1059256
C1062F7C
C106CCA4
C10769CD
C10806F6
C108A421
C0120E21
C0126EB7
C012D069
C013333F
C0139740
C013FC74
C01462E2
C014CA91
C0153388
C0159DD0
C0160970
C0167670
C016E4D8
C01754AF
C017C5FE
C01838CE
C018AD25
C019230D
C0199A8E
C01A13B1
C01A8E7D
C01B0AFE
C01B893A
C01C093B
C01C8B0A
C01D0EB1
C01D9438
C01E1BAA
C01EA50F
C01F3073
C01FBDDD
C0204D59
C020DEF1
C02172AE
C022089C
C022A0C4
C0233B31
C023D7EF
C0247707
C0251885
C025BC75
C02662E1
C0270BD5
C027B75C
C0286583
C0291654
C029C9DD
C02A8029
C02B3944
C02BF53B
C02CB41A
C02D75ED
C02E3AC3
C02F02A7
C02FCDA6
C0309BCD
C0316D2A
C03241CA
C03319BB
C033F509
C034D3C2
C035B5F4
C0369BAC
C03784F9
C03871E8
C0396286
C03A56E1
C03B4F08
C03C4B08
C03D4AEF
C03E4ECA
C03F56A7
C0406295
C041729F
C04286D4
C0439F41
C044BBF3
C045DCF7
C0470259
C0482C27
C0495A6C
C04A8D34
C04BC48B
C04D007D
C04E4113
C04F865A
C050D05B
C0521F1F
C05372B1
C054CB18
C056285D
C0578A87
C058F19D
C05A5DA7
C05BCEA8
C05D44A7
C05EBFA8
C0603FAD
C061C4BA
C0634ED1
C064DDF2
C066721D
C0680B53
C069A991
C06B4CD5
C06CF51C
C06EA260
C070549D
C0720BCD
C073C7E7
C07588E5
C0774EBC
C0791964
C07AE8D0
C07CBCF5
C07E95C6
C080399B
C0812A9B
C0821DDB
C0831354
C0840AFD
C08504CD
C08600BB
C086FEBE
C087FECC
C08900DC
C08A04E2
C08B0AD4
C08C12A9
C08D1C55
C08E27CD
C08F3506
C09043F5
C091548F
C09266C9
C0937A96
C0948FED
C095A6C1
C096BF08
C097D8B6
C098F3C0
C09A101B
C09B2DBD
C09C4C9A
C09D6CA7
C09E8DDB
C09FB02B
C0A0D38D
C0A1F7F7
C0A31D60
C0A443BD
C0A56B06
C0A69331
C0A7BC36
C0A8E60B
C0AA10AA
C0AB3C08
C0AC6820
C0AD94E8
C0AEC259
C0AFF06D
C0B11F1C
C0B24E5F
C0B37E31
C0B4AE8A
C0B5DF65
C0B710BB
C0B84288
C0B974C5
C0BAA76F
C0BBDA7E
C0BD0DF0
C0BE41BE
C0BF75E6
C0C0AA62
C0C1DF2E
C0C31447
C0C449A8
C0C57F4F
C0C6B538
C0C7EB5F
C0C921C2
C0CA585D
C0CB8F2E
C0CCC631
C0CDFD65
C0CF34C7
C0D06C54
C0D1A40A
C0D2DBE8
C0D413EA
C0D54C10
C0D68457
C0D7BCBD
C0D8F541
C0DA2DE2
C0DB669D
C0DC9F71
C0DDD85E
C0DF1160
C0E04A79
C0E183A5
C0E2BCE5
C0E3F636
C0E52F99
C0E6690B
C0E7A28D
C0E8DC1D
C0EA15BB
C0EB4F65
C0EC891C
C0EDC2DD
C0EEFCAA
C0F03680
C0F17060
C0F2AA49
C0F3E43A
C0F51E33
C0F65834
C0F7923B
C0F8CC49
C0FA065D
C0FB4077
C0FC7A97
C0FDB4BB
C0FEEEE5
C1001489
C100B1A2
C1014EBD
C101EBDA
C10288F9
C1032619
C103C33A
C104605D
C104FD82
C1059AA7
C10637CE
C106D4F6
C107721F
C1080F48
C108AC73
C0124EAA
C012AEDD
C013102D
C01372A1
C013D641
C0143B13
C014A120
C015086E
C0157105
C015DAED
C016462D
C016B2CD
C01720D5
C017904E
C018013E
C01873AF
C018E7A9
C0195D33
C019D457
C01A4D1D
C01AC78D
C01B43B1
C01BC192
C01C4137
C01CC2AC
C01D45F8
C01DCB26
C01E523E
C01EDB4A
C01F6655
C01FF367
C020828C
C02113CC
C021A733
C0223CCA
C022D49D
C0236EB5
C0240B1E
C024A9E2
C0254B0D
C025EEA9
C02694C3
C0273D65
C027E89B
C0289671
C02946F3
C029FA2C
C02AB029
C02B68F6
C02C249F
C02CE331
C02DA4B9
C02E6942
C02F30DB
C02FFB90
C030C96F
C0319A83
C0326EDB
C0334684
C034218C
C034FFFF
C035E1ED
C036C761
C037B06A
C0389D16
C0398D73
C03A818E
C03B7975
C03C7536
C03D74DE
C03E787C
C03F801D
C0408BCF
C0419B9E
C042AF9A
C043C7CE
C044E448
C0460515
C0472A41
C04853DA
C04981EB
C04AB480
C04BEBA5
C04D2766
C04E67CC
C04FACE4
C050F6B6
C052454E
C05398B3
C054F0EF
C0564E0A
C057B00B
C05916FA
C05A82DC
C05BF3B7
C05D6991
C05EE46E
C0606450
C061E93B
C0637331
C0650232
C066963E
C0682F56
C069CD77
C06B709F
C06D18CB
C06EC5F5
C0707819
C0722F30
C073EB33
C075AC1A
C07771DC
C0793C6F
C07B0BC7
C07CDFDA
C07EB899
C0804AFC
C0813BF4
C0822F2C
C083249D
C0841C3F
C0851609
C08611F1
C0870FEE
C0880FF6
C0891200
C08A1601
C08B1BEF
C08C23C0
C08D2D67
C08E38DC
C08F4611
C09054FD
C0916594
C09277CB
C0938B97
C094A0EB
C095B7BD
C096D002
C097E9AF
C09904B7
C09A2111
C09B3EB1
C09C5D8D
C09D7D9A
C09E9ECE
C09FC11D
C0A0E47F
C0A208E9
C0A32E51
C0A454AE
C0A57BF7
C0A6A422
C0A7CD27
C0A8F6FE
C0AA219C
C0AB4CFC
C0AC7913
C0ADA5DC
C0AED34E
C0B00163
C0B13012
C0B25F57
C0B38F29
C0B4BF83
C0B5F05F
C0B721B6
C0B85384
C0B985C3
C0BAB86D
C0BBEB7E
C0BD1EF0
C0BE52C0
C0BF86E8
C0C0BB65
C0C1F033
C0C3254D
C0C45AAF
C0C59057
C0C6C641
C0C7FC69
C0C932CD
C0CA6969
C0CBA03B
C0CCD740
C0CE0E75
C0CF45D7
C0D07D66
C0D1B51D
C0D2ECFB
C0D424FF
C0D55D26
C0D6956D
C0D7CDD5
C0D9065A
C0DA3EFB
C0DB77B7
C0DCB08C
C0DDE979
C0DF227D
C0E05B96
C0E194C3
C0E2CE04
C0E40756
C0E540B9
C0E67A2D
C0E7B3AF
C0E8ED40
C0EA26DE
C0EB6089
C0EC9A40
C0EDD403
C0EF0DD0
C0F047A7
C0F18187
C0F2BB71
C0F3F562
C0F52F5C
C0F6695D
C0F7A365
C0F8DD74
C0FA1788
C0FB51A3
C0FC8BC3
C0FDC5E8
C0FF0011
C1001D20
C100BA39
C1015754
C101F471
C1029190
C1032EB0
C103CBD2
C10468F5
C105061A
C105A33F
C1064066
C106DD8E
C1077AB7
C10817E1
C108B50C
C0129117
C012F0E5
C01351D0
C013B3DF
C014171A
C0147B89
C014E131
C015481C
C015B04F
C01619D4
C01684B2
C016F0F0
C0175E96
C017CDAD
C0183E3C
C018B04D
C01923E6
C0199910
C01A0FD4
C01A883B
C01B024C
C01B7E12
C01BFB94
C01C7ADD
C01CFBF4
C01D7EE3
C01E03B5
C01E8A71
C01F1322
C01F9DD2
C0202A8A
C020B954
C0214A3B
C021DD49
C0227288
C0230A03
C023A3C3
C0243FD5
C024DE44
C0257F19
C0262260
C026C825
C0277073
C0281B56
C028C8D9
C0297909
C02A2BF0
C02AE19D
C02B9A19
C02C5573
C02D13B6
C02DD4F0
C02E992C
C02F6078
C0302AE2
C030F874
C031C93E
C0329D4D
C03374AD
C0344F6C
C0352D99
C0360F3F
C036F46E
C037DD32
C038C99A
C039B9B3
C03AAD8C
C03BA531
C03CA0B1
C03DA01A
C03EA379
C03FAADC
C040B651
C041C5E4
C042D9A5
C043F19F
C0450DDF
C0462E74
C0475369
C0487CCB
C049AAA7
C04ADD08
C04C13FA
C04D4F88
C04E8FBD
C04FD4A4
C0511E48
C0526CB1
C053BFE9
C05517F9
C05674E8
C057D6BF
C0593D85
C05AA93F
C05C19F4
C05D8FA8
C05F0A5F
C0608A1E
C0620EE6
C06398BA
C065279A
C066BB87
C0685480
C069F283
C06B958F
C06D3D9E
C06EEAAE
C0709CB8
C07253B6
C0740FA1
C075D072
C077961E
C079609B
C07B2FDF
C07D03DE
C07EDC8B
C0805CEC
C0814DDC
C082410C
C0833676
C0842E11
C08527D3
C08623B5
C08721AC
C08821AE
C08923B3
C08A27AF
C08B2D99
C08C3565
C08D3F08
C08E4A79
C08F57AB
C0906694
C0917728
C092895C
C0939D24
C094B277
C095C947
C096E18A
C097FB35
C099163C
C09A3295
C09B5034
C09C6F0F
C09D8F1B
C09EB04E
C09FD29D
C0A0F5FE
C0A21A68
C0A33FD0
C0A4662E
C0A58D77
C0A6B5A2
C0A7DEA8
C0A9087E
C0AA331D
C0AB5E7D
C0AC8A96
C0ADB75F
C0AEE4D2
C0B012E7
C0B14198
C0B270DD
C0B3A0B0
C0B4D10B
C0B601E8
C0B73341
C0B8650F
C0B9974F
C0BAC9FA
C0BBFD0C
C0BD3080
C0BE6451
C0BF987A
C0C0CCF8
C0C201C7
C0C336E2
C0C46C46
C0C5A1EF
C0C6D7DA
C0C80E03
C0C94468
C0CA7B05
C0CBB1D8
C0CCE8DE
C0CE2014
C0CF5778
C0D08F07
C0D1C6C0
C0D2FE9F
C0D436A4
C0D56ECB
C0D6A714
C0D7DF7C
C0D91802
C0DA50A5
C0DB8961
C0DCC238
C0DDFB26
C0DF342A
C0E06D44
C0E1A672
C0E2DFB3
C0E41906
C0E5526A
C0E68BDF
C0E7C562
C0E8FEF3
C0EA3892
C0EB723E
C0ECABF6
C0EDE5B9
C0EF1F86
C0F0595E
C0F1933F
C0F2CD29
C0F4071C
C0F54116
C0F67B17
C0F7B520
C0F8EF2F
C0FA2944
C0FB635F
C0FC9D7F
C0FDD7A5
C0FF11CF
C10025FF
C100C318
C1016034
C101FD51
C1029A70
C1033790
C103D4B2
C10471D6
C1050EFA
C105AC20
C1064947
C106E66F
C1078399
C10820C3
C108BDED
C012D572
C01334D8
C013955B
C013F703
C01459D7
C014BDDE
C0152320
C01589A4
C015F172
C0165A91
C016C509
C01730E3
C0179E25
C0180CD7
C0187D03
C018EEB0
C01961E6
C019D6AE
C01A4D10
C01AC515
C01B3EC5
C01BBA2A
C01C374C
C01CB634
C01D36EC
C01DB97C
C01E3DEF
C01EC44D
C01F4CA0
C01FD6F3
C020634E
C020F1BD
C0218248
C02214FA
C022A9DF
C02340FF
C023DA67
C0247620
C0251435
C025B4B3
C02657A3
C026FD11
C027A509
C0284F97
C028FCC5
C029ACA0
C02A5F35
C02B148E
C02BCCB8
C02C87C1
C02D45B3
C02E069D
C02ECA8A
C02F9187
C0305BA3
C03128E8
C031F966
C032CD29
C033A43E
C0347EB4
C0355C96
C0363DF5
C03722DC
C0380B59
C038F77C
C039E750
C03ADAE4
C03BD247
C03CCD84
C03DCCAC
C03ECFCA
C03FD6EE
C040E224
C041F17A
C04304FE
C0441CBC
C04538C2
C046591D
C0477DD9
C048A704
C049D4A9
C04B06D4
C04C3D91
C04D78EC
C04EB8EF
C04FFDA4
C0514717
C0529551
C053E85B
C055403D
C0569D01
C057FEAD
C0596548
C05AD0D9
C05C4166
C05DB6F3
C05F3185
C060B11E
C06235C3
C063BF74
C0654E33
C066E1FF
C0687AD9
C06A18BE
C06BBBAC
C06D639F
C06F1093
C070C283
C0727968
C074353B
C075F5F3
C077BB89
C07985F1
C07B5520
C07D290C
C07F01A6
C0806F70
C0816057
C0825380
C08348E2
C0844075
C0853A31
C086360C
C08733FC
C08833F9
C08935F9
C08A39F0
C08B3FD4
C08C479C
C08D513B
C08E5CA8
C08F69D6
C09078BC
C091894D
C0929B7E
C093AF45
C094C494
C095DB63
C096F3A4
C0980D4D
C0992853
C09A44AA
C09B6248
C09C8123
C09DA12E
C09EC260
C09FE4AF
C0A10810
C0A22C7A
C0A351E2
C0A4783F
C0A59F88
C0A6C7B4
C0A7F0BA
C0A91A91
C0AA4531
C0AB7091
C0AC9CAA
C0ADC975
C0AEF6E8
C0B024FF
C0B153B0
C0B282F6
C0B3B2CB
C0B4E327
C0B61404
C0B7455E
C0B8772E
C0B9A96F
C0BADC1B
C0BC0F2E
C0BD42A3
C0BE7675
C0BFAAA0
C0C0DF1F
C0C213EF
C0C3490B
C0C47E70
C0C5B41A
C0C6EA07
C0C82031
C0C95697
C0CA8D36
C0CBC40A
C0CCFB11
C0CE3248
C0CF69AD
C0D0A13D
C0D1D8F7
C0D310D7
C0D448DD
C0D58105
C0D6B94F
C0D7F1B9
C0D92A40
C0DA62E3
C0DB9BA1
C0DCD478
C0DE0D67
C0DF466C
C0E07F87
C0E1B8B6
C0E2F1F8
C0E42B4C
C0E564B1
C0E69E26
C0E7D7AA
C0E9113C
C0EA4ADC
C0EB8488
C0ECBE41
C0EDF804
C0EF31D3
C0F06BAB
C0F1A58D
C0F2DF77
C0F4196A
C0F55365
C0F68D67
C0F7C770
C0F90180
C0FA3B96
C0FB75B1
C0FCAFD2
C0FDE9F8
C0FF2422
C1002F29
C100CC42
C101695E
C102067B
C102A39B
C10340BB
C103DDDD
C1047B01
C1051826
C105B54C
C1065273
C106EF9C
C1078CC5
C10829EF
C108C71A
C0131BC6
C0137AC0
C013DAD9
C0143C16
C0149E80
C015021E
C01566F6
C015CD12
C0163477
C0169D2E
C017073E
C01772B0
C017DF8B
C0184DD7
C018BD9C
C0192EE3
C019A1B4
C01A1616
C01A8C14
C01B03B4
C01B7D01
C01BF802
C01C74C2
C01CF348
C01D739D
C01DF5CC
C01E79DE
C01EFFDC
C01F87CF
C02011C2
C0209DBF
C0212BCE
C021BBFC
C0224E51
C022E2D8
C023799C
C02412A8
C024AE06
C0254BC1
C025EBE4
C0268E7B
C0273391
C027DB31
C0288567
C029323E
C029E1C3
C02A9402
C02B4906
C02C00DD
C02CBB91
C02D7931
C02E39C9
C02EFD64
C02FC411
C0308DDD
C0315AD4
C0322B03
C032FE78
C033D541
C034AF6B
C0358D03
C0366E17
C03752B4
C0383AEA
C03926C4
C03A1652
C03B09A1
C03C00BE
C03CFBB8
C03DFA9C
C03EFD79
C040045B
C0410F51
C0421E68
C04331AE
C044492F
C04564F9
C0468519
C047A99B
C048D28C
C049FFF9
C04B31ED
C04C6875
C04DA39A
C04EE369
C05027ED
C051712E
C052BF37
C0541211
C05569C5
C056C65C
C05827DB
C0598E4C
C05AF9B3
C05C6A17
C05DDF7C
C05F59E7
C060D95B
C0625DDB
C063E769
C0657605
C06709B0
C068A26A
C06A4030
C06BE2FF
C06D8AD5
C06F37AE
C070E982
C072A04D
C0745C07
C0761CA8
C077E227
C079AC79
C07B7B93
C07D4F6A
C07F27F1
C080828D
C081736B
C082668B
C0835BE5
C0845371
C0854D26
C08648FA
C08746E4
C08846DB
C08948D5
C08A4CC7
C08B52A7
C08C5A6A
C08D6405
C08E6F6E
C08F7C99
C0908B7B
C0919C09
C092AE37
C093C1FB
C094D749
C095EE15
C0970654
C0981FFC
C0993B00
C09A5756
C09B74F4
C09C93CD
C09DB3D8
C09ED509
C09FF758
C0A11AB9
C0A23F22
C0A3648A
C0A48AE8
C0A5B231
C0A6DA5D
C0A80364
C0A92D3B
C0AA57DB
C0AB833D
C0ACAF57
C0ADDC22
C0AF0996
C0B037AD
C0B16660
C0B295A7
C0B3C57C
C0B4F5D9
C0B626B8
C0B75813
C0B889E4
C0B9BC26
C0BAEED4
C0BC21E8
C0BD555E
C0BE8932
C0BFBD5E
C0C0F1DE
C0C226AF
C0C35BCD
C0C49133
C0C5C6DE
C0C6FCCC
C0C832F8
C0C9695F
C0CA9FFF
C0CBD6D4
C0CD0DDC
C0CE4514
C0CF7C7A
C0D0B40C
C0D1EBC7
C0D323A8
C0D45BAF
C0D593D9
C0D6CC24
C0D8048E
C0D93D16
C0DA75BA
C0DBAE79
C0DCE751
C0DE2041
C0DF5948
C0E09263
C0E1CB93
C0E304D6
C0E43E2B
C0E57791
C0E6B106
C0E7EA8B
C0E9241E
C0EA5DBF
C0EB976C
C0ECD125
C0EE0AEA
C0EF44B9
C0F07E92
C0F1B874
C0F2F25F
C0F42C53
C0F5664E
C0F6A051
C0F7DA5B
C0F9146B
C0FA4E81
C0FB889D
C0FCC2BE
C0FDFCE5
C0FF3710
C10038A0
C100D5BA
C10172D6
C1020FF3
C102AD12
C1034A33
C103E756
C104847A
C105219F
C105BEC5
C1065BEC
C106F915
C107963E
C1083369
C108D094
C013641D
C013C2A9
C0142254
C0148325
C014E522
C0154853
C015ACBF
C016126F
C0167968
C016E1B4
C0174B5A
C017B662
C01822D3
C01890B6
C0190012
C01970F1
C019E359
C01A5754
C01ACCEB
C01B4425
C01BBD0B
C01C37A7
C01CB400
C01D3222
C01DB213
C01E33DE
C01EB78C
C01F3D27
C01FC4B8
C0204E4A
C020D9E5
C0216794
C021F761
C0228956
C0231D7F
C023B3E4
C0244C92
C024E792
C02584F1
C02624B8
C026C6F3
C0276BAE
C02812F3
C028BCD0
C029694E
C02A187B
C02ACA62
C02B7F0F
C02C3690
C02CF0EF
C02DAE3A
C02E6E7D
C02F31C6
C02FF820
C030C19A
C0318E40
C0325E1F
C0333145
C03407BF
C034E19B
C035BEE6
C0369FAE
C0378401
C0386BEC
C039577D
C03A46C3
C03B39CA
C03C30A1
C03D2B55
C03E29F5
C03F2C8E
C040332E
C0413DE2
C0424CB8
C0435FBE
C0447700
C045928D
C046B270
C047D6B7
C048FF6E
C04A2CA1
C04B5E5D
C04C94AD
C04DCF9D
C04F0F37
C0505386
C0519C95
C052EA6C
C0543D16
C055949A
C056F102
C0585255
C059B899
C05B23D5
C05C940F
C05E094C
C05F838F
C06102DD
C0628737
C06410A1
C0659F1A
C06732A3
C068CB3B
C06A68E1
C06C0B92
C06DB34B
C06F6006
C07111BF
C072C870
C0748410
C0764499
C0780A00
C079D43B
C07BA340
C07D7702
C07F4F75
C0809646
C081871B
C0827A33
C0836F85
C0846709
C08560B6
C0865C84
C0875A68
C0885A59
C0895C4D
C08A603A
C08B6614
C08C6DD3
C08D776A
C08E82CE
C08F8FF6
C0909ED5
C091AF5F
C092C18B
C093D54C
C094EA98
C0960162
C09719A0
C0983345
C0994E48
C09A6A9E
C09B883A
C09CA712
C09DC71C
C09EE84E
C0A00A9C
C0A12DFC
C0A25266
C0A377CE
C0A49E2C
C0A5C575
C0A6EDA2
C0A816A9
C0A94081
C0AA6B22
C0AB9684
C0ACC29E
C0ADEF6A
C0AF1CE0
C0B04AF8
C0B179AB
C0B2A8F4
C0B3D8CA
C0B50928
C0B63A09
C0B76B65
C0B89D37
C0B9CF7A
C0BB0229
C0BC353F
C0BD68B6
C0BE9C8B
C0BFD0B8
C0C1053A
C0C23A0C
C0C36F2B
C0C4A493
C0C5DA40
C0C7102E
C0C8465B
C0C97CC4
C0CAB365
C0CBEA3B
C0CD2145
C0CE587E
C0CF8FE6
C0D0C778
C0D1FF34
C0D33717
C0D46F1F
C0D5A74A
C0D6DF96
C0D81801
C0D9508B
C0DA8930
C0DBC1F0
C0DCFAC9
C0DE33BA
C0DF6CC1
C0E0A5DE
C0E1DF0F
C0E31852
C0E451A8
C0E58B0F
C0E6C485
C0E7FE0B
C0E9379F
C0EA7140
C0EBAAEE
C0ECE4A8
C0EE1E6D
C0EF583D
C0F09217
C0F1CBFA
C0F305E6
C0F43FDA
C0F579D6
C0F6B3DA
C0F7EDE4
C0F927F5
C0FA620B
C0FB9C28
C0FCD64A
C0FE1071
C0FF4A9D
C1004266
C100DF80
C1017C9C
C10219BA
C102B6DA
C10353FB
C103F11E
C1048E42
C1052B67
C105C88D
C10665B5
C10702DE
C107A007
C1083D32
C108DA5D
C013AE81
C0140C9D
C0146BD7
C014CC37
C0152DC5
C0159087
C015F484
C01659C5
C016C051
C017282F
C0179168
C017FC03
C0186808
C018D57E
C019446F
C019B4E3
C01A26E1
C01A9A72
C01B0F9E
C01B866F
C01BFEED
C01C7920
C01CF512
C01D72CC
C01DF257
C01E73BC
C01EF704
C01F7C3A
C0200366
C0208C93
C02117CB
C021A517
C0223481
C022C615
C02359DC
C023EFE1
C024882E
C02522CF
C025BFCE
C0265F37
C0270115
C027A572
C0284C5B
C028F5DC
C029A1FF
C02A50D2
C02B025F
C02BB6B3
C02C6DDB
C02D27E3
C02DE4D7
C02EA4C4
C02F67B8
C0302DBE
C030F6E4
C031C337
C03292C4
C0336599
C0343BC2
C035154F
C035F24B
C036D2C6
C037B6CB
C0389E6B
C03989B1
C03A78AC
C03B6B6A
C03C61F9
C03D5C66
C03E5ABF
C03F5D13
C040636F
C0416DE0
C0427C74
C0438F38
C044A63A
C045C188
C046E12D
C0480537
C0492DB2
C04A5AAB
C04B8C2D
C04CC245
C04DFCFD
C04F3C60
C050807A
C051C955
C05316F9
C0546971
C055C0C5
C0571CFE
C0587E22
C059E439
C05B4F49
C05CBF58
C05E346B
C05FAE86
C0612DAC
C062B1E0
C0643B25
C065C97A
C0675CE0
C068F557
C06A92DC
C06C356E
C06DDD08
C06F89A6
C0713B43
C072F1D8
C074AD5F
C0766DCE
C078331D
C079FD41
C07BCC30
C07D9FDE
C07F783D
C080AAA0
C0819B6C
C0828E7B
C08383C5
C0847B41
C08574E7
C08670AE
C0876E8C
C0886E77
C0897065
C08A744C
C08B7A22
C08C81DB
C08D8B6E
C08E96CF
C08FA3F3
C090B2CE
C091C356
C092D57F
C093E93D
C094FE86
C096154E
C0972D8A
C098472F
C0996230
C09A7E84
C09B9C1F
C09CBAF7
C09DDB00
C09EFC31
C0A01E7F
C0A141E0
C0A26649
C0A38BB1
C0A4B20F
C0A5D959
C0A70186
C0A82A8E
C0A95466
C0AA7F08
C0ABAA6B
C0ACD686
C0AE0353
C0AF30CA
C0B05EE3
C0B18D98
C0B2BCE1
C0B3ECB9
C0B51D18
C0B64DFA
C0B77F57
C0B8B12B
C0B9E36F
C0BB161F
C0BC4936
C0BD7CAF
C0BEB085
C0BFE4B4
C0C11937
C0C24E0B
C0C3832B
C0C4B894
C0C5EE42
C0C72432
C0C85A61
C0C990CB
C0CAC76D
C0CBFE45
C0CD3550
C0CE6C8B
C0CFA3F3
C0D0DB87
C0D21344
C0D34B28
C0D48332
C0D5BB5E
C0D6F3AB
C0D82C17
C0D964A2
C0DA9D48
C0DBD609
C0DD0EE3
C0DE47D5
C0DF80DE
C0E0B9FB
C0E1F32D
C0E32C72
C0E465C8
C0E59F30
C0E6D8A8
C0E8122E
C0E94BC3
C0EA8565
C0EBBF14
C0ECF8CF
C0EE3295
C0EF6C65
C0F0A640
C0F1E023
C0F31A10
C0F45405
C0F58E02
C0F6C806
C0F80211
C0F93C22
C0FA7639
C0FBB056
C0FCEA79
C0FE24A0
C0FF5ECD
C1004C7F
C100E999
C10186B5
C10223D3
C102C0F3
C1035E15
C103FB37
C104985C
C1053581
C105D2A8
C1066FD0
C1070CF8
C107AA22
C108474D
C108E478
C013FAFE
C01458A5
C014B76C
C015175A
C0157875
C015DAC4
C0163E50
C016A320
C017093B
C01770A9
C017D972
C018439D
C018AF33
C0191C3B
C0198ABE
C019FAC4
C01A6C55
C01ADF79
C01B543A
C01BCA9F
C01C42B1
C01CBC7A
C01D3802
C01DB552
C01E3473
C01EB570
C01F3850
C01FBD1E
C02043E3
C020CCAA
C021577B
C021E462
C0227367
C0230497
C02397FA
C0242D9C
C024C587
C0255FC6
C025FC64
C0269B6C
C0273CEA
C027E0E8
C0288773
C0293095
C029DC5B
C02A8AD1
C02B3C03
C02BEFFC
C02CA6C9
C02D6078
C02E1D13
C02EDCA8
C02F9F44
C03064F4
C0312DC4
C031F9C2
C032C8FB
C0339B7D
C0347154
C0354A8F
C036273B
C0370766
C037EB1D
C038D26F
C039BD68
C03AAC17
C03B9E8A
C03C94CF
C03D8EF3
C03E8D05
C03F8F12
C0409527
C0419F54
C042ADA4
C043C026
C044D6E6
C045F1F3
C0471159
C0483524
C0495D62
C04A8A1F
C04BBB66
C04CF144
C04E2BC3
C04F6AEF
C050AED3
C051F778
C05344E8
C054972D
C055EE50
C0574A57
C058AB4C
C05A1135
C05B7C18
C05CEBFB
C05E60E3
C05FDAD5
C06159D3
C062DDE0
C06466FE
C065F52F
C0678872
C06920C6
C06ABE2A
C06C609B
C06E0816
C06FB496
C0716616
C0731C90
C074D7FC
C0769851
C0785D88
C07A2795
C07BF66D
C07DCA05
C07FA250
C080BFA0
C081B062
C082A369
C08398AA
C084901F
C08589BE
C086857D
C0878354
C0888339
C0898521
C08A8903
C08B8ED4
C08C9689
C08DA017
C08EAB74
C08FB893
C090C76B
C091D7F0
C092EA16
C093FDD2
C0951319
C09629DF
C0974219
C0985BBC
C09976BC
C09A930F
C09BB0A9
C09CCF80
C09DEF89
C09F10B9
C0A03307
C0A15667
C0A27AD1
C0A3A039
C0A4C697
C0A5EDE2
C0A71610
C0A83F17
C0A968F1
C0AA9393
C0ABBEF7
C0ACEB14
C0AE17E1
C0AF4559
C0B07373
C0B1A229
C0B2D174
C0B4014D
C0B531AE
C0B66290
C0B793EF
C0B8C5C4
C0B9F80A
C0BB2ABC
C0BC5DD4
C0BD914E
C0BEC526
C0BFF956
C0C12DDB
C0C262B0
C0C397D2
C0C4CD3C
C0C602EC
C0C738DD
C0C86F0D
C0C9A579
C0CADC1C
C0CC12F6
C0CD4A02
C0CE813E
C0CFB8A8
C0D0F03D
C0D227FC
C0D35FE1
C0D497EB
C0D5D019
C0D70867
C0D840D5
C0D97960
C0DAB208
C0DBEACA
C0DD23A5
C0DE5C98
C0DF95A2
C0E0CEC1
C0E207F3
C0E34139
C0E47A91
C0E5B3F9
C0E6ED72
C0E826F9
C0E9608F
C0EA9A32
C0EBD3E2
C0ED0D9D
C0EE4764
C0EF8135
C0F0BB10
C0F1F4F5
C0F32EE2
C0F468D8
C0F5A2D5
C0F6DCDA
C0F816E6
C0F950F8
C0FA8B10
C0FBC52E
C0FCFF51
C0FE3979
C0FF73A5
C10056EB
C100F406
C1019122
C1022E41
C102CB61
C1036882
C10405A6
C104A2CA
C1053FF0
C105DD17
C1067A3F
C1071768
C107B492
C10851BC
C108EEE8
C014499C
C014A6CD
C015051E
C0156496
C015C53B
C0162716
C0168A2E
C016EE89
C0175431
C017BB2C
C0182382
C0188D3B
C018F860
C01964F7
C019D309
C01A429E
C01AB3C0
C01B2675
C01B9AC7
C01C10BD
C01C8862
C01D01BE
C01D7CD9
C01DF9BD
C01E7873
C01EF904
C01F7B7A
C01FFFDE
C020863A
C0210E97
C0219900
C022257F
C022B41E
C02344E6
C023D7E4
C0246D20
C02504A6
C0259E81
C0263ABC
C026D961
C0277A7D
C0281E1A
C028C443
C0296D06
C02A186D
C02AC684
C02B7757
C02C2AF3
C02CE165
C02D9AB7
C02E56F7
C02F1633
C02FD875
C0309DCC
C0316645
C03231EC
C03300CF
C033D2FC
C034A87F
C0358167
C0365DC1
C0373D9A
C0382101
C0390802
C039F2AD
C03AE10F
C03BD335
C03CC92E
C03DC308
C03EC0D0
C03FC294
C040C862
C041D248
C042E053
C043F290
C045090E
C04623D9
C04742FD
C0486689
C0498E88
C04ABB07
C04BEC12
C04D21B4
C04E5BFA
C04F9AED
C050DE99
C0522707
C0537443
C054C653
C0561D43
C0577919
C058D9DD
C05A3F97
C05BAA4C
C05D1A02
C05E8EBF
C0600886
C061875A
C0630B40
C0649437
C0662242
C067B560
C0694D91
C06AEAD3
C06C8D24
C06E347F
C06FE0E0
C0719243
C07348A0
C07503F1
C076C42D
C078894A
C07A533F
C07C2201
C07DF583
C07FCDB8
C080D54A
C081C603
C082B901
C083AE3A
C084A5A6
C0859F3D
C0869AF6
C08798C6
C08898A4
C0899A87
C08A9E63
C08BA42F
C08CABDF
C08DB569
C08EC0C1
C08FCDDD
C090DCB2
C091ED34
C092FF57
C0941310
C0952855
C0963F19
C0975751
C09870F2
C0998BF1
C09AA843
C09BC5DC
C09CE4B2
C09E04BB
C09F25EB
C0A04838
C0A16B98
C0A29002
C0A3B56B
C0A4DBC9
C0A60314
C0A72B42
C0A8544B
C0A97E25
C0AAA8C9
C0ABD42D
C0AD004B
C0AE2D1A
C0AF5A93
C0B088AE
C0B1B765
C0B2E6B1
C0B4168B
C0B546EE
C0B677D2
C0B7A932
C0B8DB08
C0BA0D50
C0BB4003
C0BC731D
C0BDA699
C0BEDA72
C0C00EA3
C0C1432A
C0C27800
C0C3AD24
C0C4E290
C0C61841
C0C74E34
C0C88465
C0C9BAD2
C0CAF177
C0CC2852
C0CD5F5F
C0CE969D
C0CFCE09
C0D1059F
C0D23D5F
C0D37546
C0D4AD51
C0D5E580
C0D71DD0
C0D8563F
C0D98ECC
C0DAC774
C0DC0038
C0DD3914
C0DE7208
C0DFAB13
C0E0E433
C0E21D67
C0E356AD
C0E49006
C0E5C970
C0E702E9
C0E83C71
C0E97608
C0EAAFAC
C0EBE95D
C0ED2319
C0EE5CE1
C0EF96B3
C0F0D08F
C0F20A74
C0F34462
C0F47E59
C0F5B857
C0F6F25C
C0F82C68
C0F9667B
C0FAA094
C0FBDAB2
C0FD14D6
C0FE4EFF
C0FF892C
C10061AF
C100FECA
C1019BE7
C1023905
C102D625
C1037347
C104106B
C104AD8F
C1054AB5
C105E7DC
C1068504
C107222E
C107BF58
C1085C83
C108F9AF
C0149A68
C014F71F
C01554F7
C015B3F6
C0161423
C0167586
C016D827
C0173C0C
C017A13D
C01807C2
C0186FA3
C018D8E8
C0194398
C019AFBB
C01A1D5A
C01A8C7D
C01AFD2C
C01B6F6F
C01BE350
C01C58D6
C01CD00B
C01D48F6
C01DC3A2
C01E4018
C01EBE60
C01F3E83
C01FC08C
C0204484
C020CA74
C0215266
C021DC65
C0226879
C022F6AE
C023870E
C02419A3
C024AE78
C0254597
C025DF0C
C0267AE1
C0271921
C027B9D8
C0285D11
C02902D8
C029AB38
C02A563E
C02B03F4
C02BB467
C02C67A4
C02D1DB7
C02DD6AC
C02E928F
C02F516E
C0301355
C030D852
C031A071
C0326BBF
C0333A4B
C0340C20
C034E14D
C035B9E0
C03695E5
C037756B
C038587F
C0393F30
C03A298A
C03B179C
C03C0975
C03CFF20
C03DF8AE
C03EF62A
C03FF7A4
C040FD29
C04206C7
C043148B
C0442682
C0453CBB
C0465742
C0477624
C048996F
C049C12E
C04AED6E
C04C1E3B
C04D53A1
C04E8DAB
C04FCC64
C0510FD7
C052580D
C053A512
C054F6ED
C0564DA9
C057A94C
C05909DF
C05A6F68
C05BD9EE
C05D4976
C05EBE06
C06037A2
C061B64C
C0633A09
C064C2D9
C06650BD
C067E3B6
C0697BC3
C06B18E2
C06CBB11
C06E624C
C0700E8E
C071BFD3
C0737613
C0753148
C076F169
C078B66D
C07A804A
C07C4EF4
C07E2260
C07FFA80
C080EBA4
C081DC53
C082CF48
C083C478
C084BBDD
C085B56C
C086B11D
C087AEE6
C088AEBE
C089B09B
C08AB471
C08BBA38
C08CC1E3
C08DCB69
C08ED6BD
C08FE3D5
C090F2A6
C0920325
C0931545
C09428FC
C0953E3E
C0965500
C0976D37
C09886D7
C099A1D4
C09ABE25
C09BDBBD
C09CFA93
C09E1A9B
C09F3BCA
C0A05E18
C0A18178
C0A2A5E2
C0A3CB4B
C0A4F1AA
C0A618F5
C0A74124
C0A86A2D
C0A99408
C0AABEAD
C0ABEA12
C0AD1631
C0AE4301
C0AF707B
C0B09E98
C0B1CD50
C0B2FC9E
C0B42C79
C0B55CDD
C0B68DC3
C0B7BF24
C0B8F0FD
C0BA2346
C0BB55FA
C0BC8916
C0BDBC93
C0BEF06E
C0C024A1
C0C15929
C0C28E01
C0C3C326
C0C4F894
C0C62E47
C0C7643B
C0C89A6E
C0C9D0DC
C0CB0783
C0CC3E5F
C0CD756E
C0CEACAE
C0CFE41A
C0D11BB3
C0D25374
C0D38B5C
C0D4C369
C0D5FB99
C0D733EA
C0D86C5A
C0D9A4E8
C0DADD92
C0DC1657
C0DD4F35
C0DE882A
C0DFC136
C0E0FA57
C0E2338C
C0E36CD4
C0E4A62D
C0E5DF98
C0E71912
C0E8529C
C0E98C34
C0EAC5D8
C0EBFF8A
C0ED3947
C0EE7310
C0EFACE3
C0F0E6C0
C0F220A6
C0F35A95
C0F4948C
C0F5CE8B
C0F70891
C0F8429E
C0F97CB1
C0FAB6CB
C0FBF0EA
C0FD2B0E
C0FE6537
C0FF9F65
C1006CCC
C10109E7
C101A704
C1024423
C102E143
C1037E66
C1041B89
C104B8AE
C10555D4
C105F2FB
C1069024
C1072D4D
C107CA78
C10867A3
C10904CF
C014ED6A
C01549A6
C015A701
C0160585
C0166537
C016C620
C0172846
C0178BB2
C017F06A
C0185677
C018BDE0
C01926AD
C01990E6
C019FC93
C01A69BD
C01AD86A
C01B48A4
C01BBA73
C01C2DE0
C01CA2F3
C01D19B5
C01D922F
C01E0C69
C01E886D
C01F0645
C01F85F8
C0200792
C0208B1B
C021109C
C0219821
C02221B3
C022AD5B
C0233B24
C023CB19
C0245D43
C024F1AE
C0258864
C0262170
C026BCDD
C0275AB6
C027FB07
C0289DDA
C029433C
C029EB37
C02A95D9
C02B432C
C02BF33D
C02CA619
C02D5BCB
C02E1460
C02ECFE4
C02F8E65
C0304FEF
C031148F
C031DC52
C032A746
C0337577
C03446F4
C0351BC9
C035F404
C036CFB4
C037AEE4
C03891A4
C0397801
C03A620A
C03B4FCB
C03C4152
C03D36AF
C03E2FEE
C03F2D1E
C0402E4C
C0413386
C0423CDA
C0434A55
C0445C06
C04571F8
C0468C3A
C047AAD8
C048CDE0
C049F55D
C04B215D
C04C51EB
C04D8713
C04EC0E0
C04FFF5D
C0514296
C0528A94
C053D761
C0552906
C0567F8C
C057DAFB
C0593B5B
C05AA0B3
C05C0B08
C05D7A62
C05EEEC4
C0606834
C061E6B3
C0636A46
C064F2ED
C06680AA
C068137D
C069AB66
C06B4861
C06CEA6E
C06E9187
C0703DAA
C071EED0
C073A4F3
C075600B
C0772011
C078E4FB
C07AAEBF
C07C7D51
C07E50A6
C0801458
C08102B2
C081F358
C082E643
C083DB6A
C084D2C6
C085CC4E
C086C7F8
C087C5BA
C088C58C
C089C762
C08ACB33
C08BD0F4
C08CD89A
C08DE21B
C08EED6C
C08FFA80
C091094E
C09219C9
C0932BE7
C0943F9B
C09554DB
C0966B9B
C09783D0
C0989D6E
C099B86A
C09AD4BA
C09BF251
C09D1126
C09E312E
C09F525D
C0A074AA
C0A1980B
C0A2BC75
C0A3E1DE
C0A5083E
C0A62F8A
C0A757B9
C0A880C3
C0A9AA9F
C0AAD545
C0AC00AC
C0AD2CCB
C0AE599D
C0AF8718
C0B0B536
C0B1E3F0
C0B3133F
C0B4431C
C0B57381
C0B6A469
C0B7D5CC
C0B907A6
C0BA39F0
C0BB6CA7
C0BC9FC4
C0BDD343
C0BF071F
C0C03B54
C0C16FDE
C0C2A4B8
C0C3D9DE
C0C50F4E
C0C64502
C0C77AF8
C0C8B12D
C0C9E79D
C0CB1E45
C0CC5523
C0CD8C34
C0CEC374
C0CFFAE3
C0D1327D
C0D26A3F
C0D3A229
C0D4DA37
C0D61269
C0D74ABB
C0D8832D
C0D9BBBC
C0DAF468
C0DC2D2E
C0DD660C
C0DE9F03
C0DFD810
C0E11132
C0E24A68
C0E383B1
C0E4BD0C
C0E5F678
C0E72FF3
C0E8697E
C0E9A317
C0EADCBC
C0EC166F
C0ED502D
C0EE89F7
C0EFC3CB
C0F0FDA8
C0F2378F
C0F3717F
C0F4AB77
C0F5E577
C0F71F7E
C0F8598B
C0F9939F
C0FACDB9
C0FC07D9
C0FD41FE
C0FE7C28
C0FFB657
C1007845
C1011560
C101B27E
C1024F9D
C102ECBE
C10389E0
C1042704
C104C429
C105614F
C105FE77
C1069BA0
C10738C9
C107D5F4
C108731F
C109104C
C01542AF
C0159E6B
C015FB48
C016594D
C016B881
C01718ED
C0177A97
C017DD86
C01841C3
C018A755
C0190E43
C0197696
C019E056
C01A4B8A
C01AB83B
C01B2670
C01B9633
C01C078B
C01C7A82
C01CEF1F
C01D656C
C01DDD71
C01E5737
C01ED2C8
C01F502C
C01FCF6E
C0205096
C020D3AD
C02158BE
C021DFD3
C02268F5
C022F42F
C023818A
C0241111
C024A2CE
C02536CD
C025CD18
C02665B9
C02700BB
C0279E2B
C0283E13
C028E07E
C0298578
C02A2D0D
C02AD749
C02B8437
C02C33E4
C02CE65C
C02D9BAB
C02E53DE
C02F0F01
C02FCD22
C0308E4C
C031528E
C03219F3
C032E48A
C033B260
C0348381
C03557FD
C0362FDF
C0370B36
C037EA10
C038CC7A
C039B282
C03A9C36
C03B89A4
C03C7ADA
C03D6FE5
C03E68D5
C03F65B6
C0406696
C0416B84
C042748C
C04381BD
C0449325
C045A8CF
C046C2CA
C047E123
C04903E6
C04A2B21
C04B56DF
C04C872C
C04DBC14
C04EF5A3
C05033E4
C05176E1
C052BEA5
C0540B39
C0555CA6
C056B2F6
C0580E30
C0596E5C
C05AD381
C05C3DA6
C05DACD0
C05F2103
C0609A45
C0621899
C0639C01
C065247F
C066B214
C06844C0
C069DC83
C06B795A
C06D1B43
C06EC23B
C0706E3D
C0721F44
C073D549
C0759044
C077502E
C07914FE
C07ADEA8
C07CAD22
C07E8060
C0802C2A
C0811A79
C0820B15
C082FDF7
C083F316
C084EA69
C085E3E9
C086DF8B
C087DD46
C088DD11
C089DEE2
C08AE2AD
C08BE869
C08CF00A
C08DF986
C08F04D2
C09011E3
C09120AD
C0923125
C0934340
C09456F2
C0956C30
C09682EE
C0979B21
C098B4BD
C099CFB9
C09AEC07
C09C099E
C09D2872
C09E4879
C09F69A9
C0A08BF6
C0A1AF56
C0A2D3C0
C0A3F92A
C0A51F8A
C0A646D7
C0A76F08
C0A89813
C0A9C1F0
C0AAEC96
C0AC17FE
C0AD441F
C0AE70F2
C0AF9E6F
C0B0CC8E
C0B1FB4A
C0B32A9A
C0B45A79
C0B58AE0
C0B6BBC9
C0B7ED2E
C0B91F09
C0BA5156
C0BB840E
C0BCB72D
C0BDEAAE
C0BF1E8C
C0C052C2
C0C1874E
C0C2BC2A
C0C3F152
C0C526C3
C0C65C79
C0C79271
C0C8C8A7
C0C9FF19
C0CB35C3
C0CC6CA3
C0CDA3B5
C0CEDAF7
C0D01267
C0D14A02
C0D281C7
C0D3B9B2
C0D4F1C2
C0D629F5
C0D76249
C0D89ABC
C0D9D34D
C0DB0BF9
C0DC44C1
C0DD7DA1
C0DEB699
C0DFEFA7
C0E128CA
C0E26202
C0E39B4C
C0E4D4A8
C0E60E15
C0E74791
C0E8811D
C0E9BAB7
C0EAF45E
C0EC2E11
C0ED67D0
C0EEA19B
C0EFDB70
C0F1154E
C0F24F36
C0F38927
C0F4C31F
C0F5FD20
C0F73728
C0F87136
C0F9AB4B
C0FAE566
C0FC1F86
C0FD59AC
C0FE93D7
C0FFCE06
C100841D
C1012139
C101BE56
C1025B76
C102F897
C10395B9
C10432DD
C104D003
C1056D29
C1060A51
C106A77A
C10744A4
C107E1CF
C1087EFB
C1091C27
C0159A3F
C015F579
C01651D4
C016AF58
C0170E0D
C0176DF8
C017CF23
C0183193
C0189552
C018FA66
C01960D7
C019C8AE
C01A31F1
C01A9CAA
C01B08DF
C01B769A
C01BE5E3
C01C56C2
C01CC940
C01D3D65
C01DB33A
C01E2AC8
C01EA418
C01F1F33
C01F9C22
C0201AEE
C0209BA2
C0211E46
C021A2E4
C0222987
C022B237
C0233CFF
C023C9EA
C0245901
C024EA50
C0257DE0
C02613BC
C026ABF0
C0274687
C027E38B
C0288307
C0292508
C029C999
C02A70C5
C02B1A99
C02BC720
C02C7666
C02D2878
C02DDD62
C02E9531
C02F4FF1
C0300DAF
C030CE78
C0319259
C032595F
C0332397
C033F10F
C034C1D4
C03595F3
C0366D7A
C0374877
C03826F8
C039090A
C039EEBB
C03AD819
C03BC532
C03CB615
C03DAACE
C03EA36B
C03F9FFC
C040A08D
C041A52C
C042ADE8
C043BACD
C044CBEA
C045E14B
C046FAFE
C0481910
C0493B8D
C04A6283
C04B8DFE
C04CBE09
C04DF2B1
C04F2C00
C0506A03
C051ACC3
C052F44B
C05440A5
C05591D9
C056E7F1
C05842F5
C059A2EC
C05B07DE
C05C71D0
C05DE0C9
C05F54CD
C060CDE1
C0624C07
C063CF44
C0655797
C066E504
C0687788
C06A0F25
C06BABD7
C06D4D9D
C06EF472
C070A053
C072513A
C0740720
C075C1FE
C07781CC
C0794680
C07B1010
C07CDE72
C07EB198
C08044BB
C08132FF
C0822391
C0831669
C0840B7F
C08502CA
C085FC41
C086F7DC
C087F590
C088F555
C089F71F
C08AFAE4
C08C009A
C08D0837
C08E11AF
C08F1CF7
C0902A04
C09138CA
C092493F
C0935B57
C0946F06
C0958442
C0969AFE
C097B32F
C098CCCA
C099E7C4
C09B0412
C09C21A8
C09D407C
C09E6083
C09F81B2
C0A0A3FF
C0A1C760
C0A2EBCA
C0A41135
C0A53795
C0A65EE3
C0A78714
C0A8B020
C0A9D9FE
C0AB04A6
C0AC300F
C0AD5C32
C0AE8906
C0AFB684
C0B0E4A6
C0B21363
C0B342B5
C0B47295
C0B5A2FE
C0B6D3E8
C0B8054F
C0B9372C
C0BA697B
C0BB9C35
C0BCCF56
C0BE02D8
C0BF36B8
C0C06AF1
C0C19F7E
C0C2D45C
C0C40986
C0C53EF9
C0C674B1
C0C7AAAA
C0C8E0E3
C0CA1756
C0CB4E02
C0CC84E3
C0CDBBF7
C0CEF33B
C0D02AAD
C0D1624A
C0D29A10
C0D3D1FC
C0D50A0E
C0D64242
C0D77A98
C0D8B30D
C0D9EB9F
C0DB244D
C0DC5D16
C0DD95F7
C0DECEF0
C0E00800
C0E14125
C0E27A5D
C0E3B3A9
C0E4ED06
C0E62674
C0E75FF2
C0E8997F
C0E9D319
C0EB0CC1
C0EC4676
C0ED8036
C0EEBA02
C0EFF3D7
C0F12DB7
C0F267A0
C0F3A191
C0F4DB8B
C0F6158C
C0F74F95
C0F889A4
C0F9C3BA
C0FAFDD5
C0FC37F7
C0FD721D
C0FEAC48
C0FFE678
C1009056
C1012D72
C101CA90
C10267B0
C10304D1
C103A1F4
C1043F19
C104DC3E
C1057965
C106168D
C106B3B7
C10750E1
C107EE0C
C1088B38
C1092864
C015F426
C0164EDB
C016AAB2
C01707B2
C01765E3
C017C54C
C01825F4
C01887E4
C018EB21
C0194FB5
C019B5A6
C01A1CFE
C01A85C2
C01AEFFD
C01B5BB5
C01BC8F3
C01C37C0
C01CA823
C01D1A25
C01D8DD0
C01E032B
C01E7A3F
C01EF316
C01F6DB9
C01FEA30
C0206885
C020E8C2
C0216AF0
C021EF19
C0227547
C022FD83
C02387D8
C0241450
C024A2F5
C02533D2
C025C6F1
C0265C5E
C026F422
C0278E4A
C0282AE0
C028C9EF
C0296B83
C02A0FA8
C02AB66A
C02B5FD3
C02C0BF0
C02CBACE
C02D6C79
C02E20FC
C02ED864
C02F92BF
C0305019
C031107E
C031D3FD
C0329AA1
C0336478
C0343190
C03501F6
C035D5B7
C036ACE2
C0378783
C03865A8
C0394760
C03A2CB9
C03B15BF
C03C0282
C03CF30E
C03DE773
C03EDFBD
C03FDBFC
C040DC3C
C041E08B
C042E8F8
C043F590
C0450660
C0461B76
C04734DF
C04852A9
C04974DF
C04A9B8F
C04BC6C5
C04CF68C
C04E2AF2
C04F6401
C050A1C4
C051E446
C0532B91
C05477AF
C055C8A9
C0571E89
C0587955
C059D916
C05B3DD3
C05CA792
C05E1659
C05F8A2D
C0610311
C062810A
C064041A
C0658C42
C0671985
C068ABE1
C06A4356
C06BDFE3
C06D8184
C06F2836
C070D3F5
C07284BC
C0743A82
C075F543
C077B4F4
C079798C
C07B4302
C07D114B
C07EE459
C0805E10
C0814C4A
C0823CD1
C0832F9F
C08424AC
C0851BEE
C086155E
C08710F0
C0880E9E
C0890E5B
C08A101F
C08B13DE
C08C198F
C08D2127
C08E2A9A
C08F35DE
C09042E7
C09151AA
C092621C
C0937431
C09487DD
C0959D17
C096B3D1
C097CC00
C098E59A
C09A0093
C09B1CE0
C09C3A75
C09D5949
C09E794F
C09F9A7E
C0A0BCCC
C0A1E02D
C0A30498
C0A42A03
C0A55064
C0A677B2
C0A79FE5
C0A8C8F2
C0A9F2D1
C0AB1D7A
C0AC48E5
C0AD7509
C0AEA1DF
C0AFCF5F
C0B0FD81
C0B22C40
C0B35B94
C0B48B76
C0B5BBE1
C0B6ECCD
C0B81E36
C0B95015
C0BA8265
C0BBB521
C0BCE844
C0BE1BC9
C0BF4FAB
C0C083E5
C0C1B874
C0C2ED54
C0C42280
C0C557F5
C0C68DAF
C0C7C3AA
C0C8F9E5
C0CA305A
C0CB6708
C0CC9DEB
C0CDD500
C0CF0C46
C0D043BA
C0D17B58
C0D2B320
C0D3EB0E
C0D52322
C0D65B58
C0D793AF
C0D8CC25
C0DA04B9
C0DB3D68
C0DC7632
C0DDAF15
C0DEE810
C0E02121
C0E15A47
C0E29381
C0E3CCCE
C0E5062C
C0E63F9C
C0E7791B
C0E8B2A9
C0E9EC44
C0EB25EE
C0EC5FA3
C0ED9965
C0EED331
C0F00D08
C0F146E8
C0F280D2
C0F3BAC5
C0F4F4BF
C0F62EC1
C0F768CB
C0F8A2DB
C0F9DCF1
C0FB170E
C0FC5130
C0FD8B57
C0FEC583
C0FFFFB4
C1009CF4
C1013A11
C101D72F
C102744F
C1031171
C103AE94
C1044BB9
C104E8DF
C1058606
C106232E
C106C057
C1075D82
C107FAAD
C10897D9
C1093506
C016506E
C016AA9B
C01705EB
C0176265
C017C010
C0181EF3
C0187F17
C018E082
C019433C
C019A74D
C01A0CBC
C01A7391
C01ADBD5
C01B458F
C01BB0C7
C01C1D86
C01C8BD3
C01CFBB8
C01D6D3D
C01DE06A
C01E5548
C01ECBE1
C01F443C
C01FBE64
C0203A61
C020B83D
C0213801
C021B9B7
C0223D68
C022C31F
C0234AE5
C023D4C4
C02460C6
C024EEF7
C0257F60
C026120D
C026A707
C0273E5A
C027D810
C0287436
C02912D6
C029B3FB
C02A57B2
C02AFE06
C02BA703
C02C52B5
C02D0128
C02DB268
C02E6682
C02F1D83
C02FD776
C0309469
C0315469
C0321783
C032DDC3
C033A738
C03473EE
C03543F3
C0361754
C036EE1F
C037C863
C038A62C
C0398788
C03A6C86
C03B5532
C03C419C
C03D31D2
C03E25E0
C03F1DD5
C04019C0
C04119AD
C0421DAB
C04325C8
C0443210
C0454293
C046575C
C047707A
C0488DF9
C049AFE7
C04AD64F
C04C013E
C04D30C1
C04E64E3
C04F9DB0
C050DB32
C0521D75
C0536482
C054B063
C0560122
C05756C7
C058B15B
C05A10E5
C05B756C
C05CDEF7
C05E4D8B
C05FC12D
C06139E1
C062B7AB
C0643A8E
C065C28A
C0674FA2
C068E1D5
C06A7922
C06C1588
C06DB704
C06F5D93
C0710930
C072B9D5
C0746F7C
C0762A1D
C077E9B1
C079AE2E
C07B7789
C07D45B8
C07F18AE
C080782F
C081665D
C08256DB
C083499F
C0843EA2
C08535DB
C0862F42
C0872ACD
C0882873
C089282A
C08A29E7
C08B2DA1
C08C334C
C08D3ADF
C08E444D
C08F4F8D
C0905C92
C0916B52
C0927BC0
C0938DD2
C094A17D
C095B6B4
C096CD6C
C097E59A
C098FF33
C09A1A2A
C09B3676
C09C540B
C09D72DE
C09E92E5
C09FB414
C0A0D661
C0A1F9C3
C0A31E2E
C0A4439A
C0A569FC
C0A6914B
C0A7B97F
C0A8E28D
C0AA0C6E
C0AB3718
C0AC6284
C0AD8EAA
C0AEBB81
C0AFE903
C0B11728
C0B245E8
C0B3753E
C0B4A522
C0B5D58E
C0B7067D
C0B837E8
C0B969C9
C0BA9C1B
C0BBCED9
C0BD01FE
C0BE3585
C0BF6969
C0C09DA5
C0C1D236
C0C30718
C0C43C46
C0C571BD
C0C6A779
C0C7DD77
C0C913B3
C0CA4A2A
C0CB80DA
C0CCB7BF
C0CDEED6
C0CF261E
C0D05D93
C0D19534
C0D2CCFD
C0D404ED
C0D53D02
C0D6753A
C0D7AD93
C0D8E60A
C0DA1EA0
C0DB5751
C0DC901D
C0DDC901
C0DF01FD
C0E03B10
C0E17437
C0E2AD73
C0E3E6C1
C0E52021
C0E65991
C0E79311
C0E8CCA1
C0EA063E
C0EB3FE8
C0EC799F
C0EDB361
C0EEED2F
C0F02707
C0F160E8
C0F29AD3
C0F3D4C6
C0F50EC2
C0F648C5
C0F782CF
C0F8BCE0
C0F9F6F8
C0FB3115
C0FC6B38
C0FDA560
C0FEDF8D
C1000CDF
C100A9FA
C1014717
C101E435
C1028156
C1031E78
C103BB9B
C10458C0
C104F5E6
C105930E
C1063036
C106CD60
C1076A8B
C10807B6
C108A4E3
C1094210
C016AF21
C01708C3
C0176389
C017BF7A
C0181C9D
C0187AF8
C018DA94
C0193B79
C0199DAD
C01A0138
C01A6622
C01ACC73
C01B3433
C01B9D6A
C01C081F
C01C745C
C01CE228
C01D518C
C01DC291
C01E353F
C01EA99E
C01F1FB8
C01F9796
C0201141
C0208CC1
C0210A21
C021896A
C0220AA5
C0228DDC
C0231319
C0239A66
C02423CD
C024AF59
C0253D13
C025CD06
C0265F3D
C026F3C2
C0278AA1
C02823E5
C028BF98
C0295DC6
C029FE7A
C02AA1C1
C02B47A6
C02BF034
C02C9B78
C02D497E
C02DFA52
C02EAE01
C02F6497
C0301E21
C030DAAC
C0319A44
C0325CF7
C03322D1
C033EBE1
C034B833
C03587D5
C0365AD5
C037313F
C0380B23
C038E88D
C039C98C
C03AAE2D
C03B967E
C03C828E
C03D726A
C03E6620
C03F5DBF
C0405953
C04158EC
C0425C97
C0436461
C0447059
C045808C
C0469507
C047ADD8
C048CB0C
C049ECAF
C04B12CE
C04C3D76
C04D6CB3
C04EA090
C04FD919
C0511659
C052585B
C0539F28
C054EACC
C0563B4E
C05790B8
C058EB12
C05A4A64
C05BAEB4
C05D180A
C05E8669
C05FF9D9
C061725C
C062EFF6
C06472AA
C065FA7A
C0678766
C069196F
C06AB094
C06C4CD3
C06DEE29
C06F9493
C071400C
C072F090
C074A616
C0766099
C078200F
C079E46F
C07BADAF
C07D7BC4
C07F4EA1
C080931D
C0818140
C08271B3
C083646D
C0845966
C0855097
C08649F6
C0874579
C0884317
C08942C7
C08A447E
C08B4832
C08C4DD8
C08D5565
C08E5ECF
C08F6A0A
C090770B
C09185C7
C0929633
C093A842
C094BBEA
C095D11F
C096E7D5
C0980002
C0991999
C09A3490
C09B50DB
C09C6E70
C09D8D42
C09EAD48
C09FCE78
C0A0F0C5
C0A21427
C0A33894
C0A45E00
C0A58463
C0A6ABB4
C0A7D3E8
C0A8FCF8
C0AA26DA
C0AB5186
C0AC7CF4
C0ADA91B
C0AED5F4
C0B00377
C0B1319E
C0B26060
C0B38FB8
C0B4BF9E
C0B5F00D
C0B720FD
C0B8526A
C0B9844D
C0BAB6A2
C0BBE962
C0BD1C89
C0BE5012
C0BF83F8
C0C0B837
C0C1ECCA
C0C321AE
C0C456DE
C0C58C57
C0C6C215
C0C7F815
C0C92E53
C0CA64CD
C0CB9B7E
C0CCD265
C0CE097F
C0CF40C8
C0D07840
C0D1AFE2
C0D2E7AD
C0D41F9F
C0D557B6
C0D68FEF
C0D7C84A
C0D900C3
C0DA395A
C0DB720D
C0DCAADB
C0DDE3C1
C0DF1CBE
C0E055D2
C0E18EFB
C0E2C838
C0E40188
C0E53AE9
C0E6745B
C0E7ADDC
C0E8E76D
C0EA210B
C0EB5AB7
C0EC946F
C0EDCE32
C0EF0801
C0F041DA
C0F17BBD
C0F2B5A8
C0F3EF9D
C0F52999
C0F6639D
C0F79DA9
C0F8D7BB
C0FA11D3
C0FB4BF1
C0FC8615
C0FDC03D
C0FEFA6B
C1001A4F
C100B76A
C1015487
C101F1A6
C1028EC7
C1032BE9
C103C90D
C1046632
C1050359
C105A080
C1063DA9
C106DAD3
C10777FE
C108152A
C108B257
C1094F84
C0171049
C017695F
C017C398
C0181EFD
C0187B94
C018D965
C0193878
C01998D3
C019FA7E
C01A5D81
C01AC1E4
C01B27AE
C01B8EE8
C01BF799
C01C61CA
C01CCD82
C01D3ACA
C01DA9AB
C01E1A2D
C01E8C59
C01F0037
C01F75D0
C01FED2E
C0206659
C020E15B
C0215E3C
C021DD07
C0225DC6
C022E080
C0236542
C023EC14
C0247501
C0250012
C0258D53
C0261CCE
C026AE8D
C027429C
C027D904
C02871D2
C0290D11
C029AACB
C02A4B0C
C02AEDE1
C02B9354
C02C3B71
C02CE646
C02D93DC
C02E4442
C02EF784
C02FADAD
C03066CC
C03122EC
C031E21A
C032A464
C03369D7
C0343280
C034FE6C
C035CDA9
C036A045
C037764D
C0384FCE
C0392CD8
C03A0D77
C03AF1BA
C03BD9AE
C03CC561
C03DB4E2
C03EA83F
C03F9F85
C0409AC2
C0419A05
C0429D5A
C043A4D1
C044B077
C045C058
C046D484
C047ED06
C04909EC
C04A2B44
C04B5119
C04C7B77
C04DAA6C
C04EDE03
C0501647
C0515344
C0529503
C053DB90
C05526F4
C0567739
C057CC66
C0592686
C05A859E
C05BE9B6
C05D52D5
C05EC100
C060343B
C061AC8C
C06329F6
C064AC7B
C066341D
C067C0DD
C06952BB
C06AE9B6
C06C85CD
C06E26FD
C06FCD42
C0717897
C07328F8
C074DE5E
C07698C1
C0785818
C07A1C5C
C07BE580
C07DB37A
C07F863E
C080AEE0
C0819CF7
C0828D5F
C083800F
C08474FF
C0856C27
C086657D
C08760F8
C0885E8F
C0895E38
C08A5FE8
C08B6396
C08C6936
C08D70BF
C08E7A24
C08F855B
C0909258
C091A111
C092B179
C093C386
C094D72B
C095EC5E
C0970313
C0981B3E
C09934D4
C09A4FCA
C09B6C14
C09C89A8
C09DA87A
C09EC881
C09FE9B0
C0A10BFE
C0A22F61
C0A353CE
C0A4793B
C0A59F9F
C0A6C6F1
C0A7EF27
C0A91838
C0AA421C
C0AB6CC9
C0AC9839
C0ADC462
C0AEF13D
C0B01EC2
C0B14CEA
C0B27BAF
C0B3AB09
C0B4DAF1
C0B60B62
C0B73C55
C0B86DC4
C0B99FA9
C0BAD200
C0BC04C2
C0BD37EB
C0BE6B77
C0BF9F5F
C0C0D3A0
C0C20836
C0C33D1C
C0C4724E
C0C5A7CA
C0C6DD8A
C0C8138C
C0C949CC
C0CA8048
C0CBB6FB
C0CCEDE4
C0CE2500
C0CF5C4C
C0D093C5
C0D1CB69
C0D30336
C0D43B2A
C0D57343
C0D6AB7E
C0D7E3DB
C0D91C56
C0DA54EF
C0DB8DA3
C0DCC672
C0DDFF5A
C0DF3859
C0E0716F
C0E1AA99
C0E2E3D8
C0E41D29
C0E5568B
C0E68FFE
C0E7C981
C0E90313
C0EA3CB3
C0EB7660
C0ECB019
C0EDE9DE
C0EF23AE
C0F05D88
C0F1976B
C0F2D158
C0F40B4E
C0F5454B
C0F67F51
C0F7B95D
C0F8F370
C0FA2D89
C0FB67A8
C0FCA1CC
C0FDDBF6
C0FF1624
C100282C
C100C547
C1016265
C101FF84
C1029CA5
C10339C8
C103D6EC
C1047412
C1051139
C105AE61
C1064B8A
C106E8B4
C10785DF
C108230B
C108C038
C1095D66
C01773F1
C017CC77
C0182621
C01880F8
C018DD01
C0193A45
C01998CB
C019F89A
C01A59BB
C01ABC33
C01B200C
C01B854D
C01BEBFE
C01C5427
C01CBDD0
C01D2902
C01D95C4
C01E041F
C01E741C
C01EE5C4
C01F591E
C01FCE34
C020450F
C020BDB9
C0213839
C021B49A
C02232E5
C022B324
C0233560
C023B9A4
C0243FF8
C024C868
C02552FE
C025DFC4
C0266EC4
C0270009
C027939F
C028298F
C028C1E5
C0295CAD
C029F9F1
C02A99BD
C02B3C1D
C02BE11C
C02C88C7
C02D3329
C02DE04E
C02E9044
C02F4316
C02FF8D1
C030B181
C0316D35
C0322BF7
C032EDD6
C033B2DF
C0347B1F
C03546A4
C036157A
C036E7B0
C037BD53
C0389671
C0397318
C03A5356
C03B3738
C03C1ECD
C03D0A22
C03DF947
C03EEC47
C03FE333
C040DE17
C041DD02
C042E001
C043E722
C044F274
C0460203
C04715DD
C0482E0F
C0494AA6
C04A6BB0
C04B9139
C04CBB4D
C04DE9F9
C04F1D48
C0505546
C05191FD
C052D379
C05419C4
C05564E8
C056B4EE
C05809DE
C05963C1
C05AC29E
C05C267E
C05D8F65
C05EFD59
C0607061
C061E87F
C06365B7
C064E80B
C0666F7F
C067FC12
C0698DC4
C06B2495
C06CC083
C06E618C
C07007AB
C071B2DC
C073631A
C075185E
C076D2A1
C07891D9
C07A55FF
C07C1F07
C07DECE7
C07FBF91
C080CB7D
C081B989
C082A9E6
C0839C8C
C0849172
C0858891
C08681DE
C0877D51
C0887AE1
C0897A82
C08A7C2C
C08B7FD4
C08C856F
C08D8CF2
C08E9652
C08FA185
C090AE7F
C091BD34
C092CD99
C093DFA3
C094F346
C0960877
C0971F2A
C0983753
C09950E8
C09A6BDD
C09B8827
C09CA5BB
C09DC48D
C09EE493
C0A005C3
C0A12812
C0A24B75
C0A36FE3
C0A49551
C0A5BBB7
C0A6E309
C0A80B41
C0A93453
C0AA5E39
C0AB88E8
C0ACB459
C0ADE084
C0AF0D61
C0B03AE9
C0B16913
C0B297DA
C0B3C736
C0B4F721
C0B62793
C0B75889
C0B889FA
C0B9BBE2
C0BAEE3B
C0BC2100
C0BD542B
C0BE87B9
C0BFBBA4
C0C0EFE7
C0C2247F
C0C35968
C0C48E9C
C0C5C41A
C0C6F9DD
C0C82FE1
C0C96623
C0CA9CA1
C0CBD357
C0CD0A42
C0CE4160
C0CF78AE
C0D0B029
C0D1E7D0
C0D31F9F
C0D45795
C0D58FAF
C0D6C7ED
C0D8004B
C0D938C8
C0DA7163
C0DBAA19
C0DCE2EA
C0DE1BD3
C0DF54D4
C0E08DEB
C0E1C717
C0E30057
C0E439AA
C0E5730E
C0E6AC83
C0E7E607
C0E91F9A
C0EA593B
C0EB92E9
C0ECCCA4
C0EE066A
C0EF403B
C0F07A16
C0F1B3FB
C0F2EDE9
C0F427E0
C0F561DF
C0F69BE5
C0F7D5F2
C0F91006
C0FA4A20
C0FB8440
C0FCBE65
C0FDF890
C0FF32BF
C1003679
C100D395
C10170B3
C1020DD3
C102AAF5
C1034818
C103E53C
C1048262
C1051F89
C105BCB2
C10659DB
C106F706
C1079431
C108315E
C108CE8B
C1096BB9
C017DA23
C0183216
C0188B2F
C018E575
C01940EE
C0199DA3
C019FB9A
C01A5ADA
C01ABB6D
C01B1D59
C01B80A5
C01BE55A
C01C4B80
C01CB31F
C01D1C3E
C01D86E7
C01DF320
C01E60F4
C01ED069
C01F418A
C01FB45E
C02028EF
C0209F45
C021176A
C0219167
C0220D45
C0228B0E
C0230ACB
C0238C87
C024104A
C024961F
C0251E10
C025A828
C0263470
C026C2F3
C02753BC
C027E6D6
C0287C4C
C0291428
C029AE77
C02A4B43
C02AEA97
C02B8C80
C02C310A
C02CD83F
C02D822D
C02E2EDF
C02EDE62
C02F90C3
C030460D
C030FE4E
C031B992
C03277E7
C0333959
C033FDF6
C034C5CB
C03590E6
C0365F53
C0373121
C038065E
C038DF16
C039BB59
C03A9B33
C03B7EB3
C03C65E7
C03D50DD
C03E3FA2
C03F3246
C04028D5
C041235E
C04221EF
C0432496
C0442B60
C045365C
C0464597
C047591D
C04870FE
C0498D45
C04AAE00
C04BD33C
C04CFD04
C04E2B65
C04F5E6B
C0509621
C051D292
C05313C9
C05459D1
C055A4B3
C056F478
C058492A
C059A2D0
C05B0171
C05C6517
C05DCDC5
C05F3B83
C060AE54
C062263E
C063A343
C0652567
C066ACAB
C0683910
C069CA96
C06B613C
C06CFD01
C06E9DE1
C07043DA
C071EEE6
C0739F01
C0755422
C0770E44
C078CD5E
C07A9166
C07C5A51
C07E2815
C07FFAA6
C080E8FB
C081D6FC
C082C74D
C083B9E9
C084AEC5
C085A5DA
C0869F1F
C0879A8A
C0889812
C08997AD
C08A9950
C08B9CF2
C08CA287
C08DAA05
C08EB361
C08FBE8F
C090CB85
C091DA37
C092EA99
C093FCA0
C0951041
C0962570
C0973C21
C0985449
C0996DDD
C09A88D1
C09BA51A
C09CC2AE
C09DE180
C09F0187
C0A022B7
C0A14506
C0A2686A
C0A38CD9
C0A4B248
C0A5D8AF
C0A70003
C0A8283C
C0A95150
C0AA7B37
C0ABA5E9
C0ACD15C
C0ADFD89
C0AF2A68
C0B057F2
C0B1861E
C0B2B4E7
C0B3E446
C0B51433
C0B644A8
C0B775A0
C0B8A714
C0B9D8FE
C0BB0B59
C0BC3E21
C0BD714F
C0BEA4DF
C0BFD8CC
C0C10D12
C0C241AD
C0C37698
C0C4ABCF
C0C5E14F
C0C71714
C0C84D1B
C0C98360
C0CAB9E0
C0CBF098
C0CD2786
C0CE5EA6
C0CF95F6
C0D0CD73
C0D2051C
C0D33CED
C0D474E5
C0D5AD02
C0D6E541
C0D81DA1
C0D95620
C0DA8EBD
C0DBC775
C0DD0048
C0DE3933
C0DF7236
C0E0AB4E
C0E1E47C
C0E31DBE
C0E45712
C0E59078
C0E6C9EE
C0E80374
C0E93D08
C0EA76AB
C0EBB05A
C0ECEA16
C0EE23DD
C0EF5DB0
C0F0978C
C0F1D173
C0F30B62
C0F4455A
C0F57F59
C0F6B961
C0F7F36F
C0F92D84
C0FA679F
C0FBA1C0
C0FCDBE6
C0FE1612
C0FF5042
C100453B
C100E258
C1017F76
C1021C96
C102B9B8
C10356DB
C103F400
C1049127
C1052E4E
C105CB77
C10668A1
C10705CB
C107A2F7
C1084024
C108DD51
C1097A80
C01842E9
C0189A48
C018F2CC
C0194C7E
C019A765
C01A0388
C01A60ED
C01ABF9D
C01B1FA0
C01B80FC
C01BE3BA
C01C47E1
C01CAD7A
C01D148C
C01D7D1F
C01DE73C
C01E52EA
C01EC033
C01F2F1F
C01F9FB7
C0201203
C020860C
C020FBDB
C021737A
C021ECF1
C022684A
C022E58E
C02364C8
C023E600
C0246940
C024EE93
C0257603
C025FF9A
C0268B63
C0271967
C027A9B2
C0283C4F
C028D147
C02968A8
C02A027B
C02A9ECC
C02B3DA7
C02BDF17
C02C8329
C02D29E7
C02DD35E
C02E7F9B
C02F2EAA
C02FE096
C030956E
C0314D3D
C0320810
C032C5F5
C03386F8
C0344B28
C0351290
C035DD3E
C036AB41
C0377CA5
C0385179
C03929CA
C03A05A6
C03AE51B
C03BC837
C03CAF08
C03D999C
C03E8802
C03F7A46
C0407077
C0416AA4
C04268D9
C0436B26
C0447198
C0457C3C
C0468B20
C0479E53
C048B5E0
C049D1D5
C04AF240
C04C172C
C04D40A7
C04E6EBC
C04FA177
C050D8E4
C052150E
C05355FF
C0549BC2
C055E661
C05735E5
C0588A56
C059E3BE
C05B4223
C05CA58D
C05E0E01
C05F7B87
C060EE22
C06265D7
C063E2A9
C065649B
C066EBAE
C06877E4
C06A093D
C06B9FB7
C06D3B52
C06EDC0A
C07081DB
C0722CC2
C073DCB8
C07591B7
C0774BB8
C0790AB2
C07ACE9B
C07C976A
C07E6512
C0801BC4
C0810760
C081F555
C082E59B
C083D82C
C084CCFE
C085C40A
C086BD46
C087B8A9
C088B629
C089B5BD
C08AB759
C08BBAF5
C08CC085
C08DC7FD
C08ED155
C08FDC7F
C090E971
C091F81F
C093087E
C0941A83
C0952E21
C096434E
C09759FE
C0987225
C0998BB8
C09AA6AB
C09BC2F4
C09CE087
C09DFF5A
C09F1F61
C0A04091
C0A162E1
C0A28646
C0A3AAB6
C0A4D027
C0A5F68F
C0A71DE5
C0A8461F
C0A96F35
C0AA991E
C0ABC3D1
C0ACEF47
C0AE1B76
C0AF4857
C0B075E3
C0B1A413
C0B2D2DE
C0B4023F
C0B5322E
C0B662A6
C0B793A0
C0B8C517
C0B9F704
C0BB2962
C0BC5C2C
C0BD8F5D
C0BEC2EF
C0BFF6DF
C0C12B28
C0C25FC5
C0C394B3
C0C4C9ED
C0C5FF6F
C0C73537
C0C86B40
C0C9A187
C0CAD80A
C0CC0EC5
C0CD45B4
C0CE7CD7
C0CFB429
C0D0EBA9
C0D22354
C0D35B27
C0D49322
C0D5CB40
C0D70382
C0D83BE4
C0D97465
C0DAAD04
C0DBE5BE
C0DD1E92
C0DE577F
C0DF9084
C0E0C99F
C0E202CE
C0E33C11
C0E47567
C0E5AECF
C0E6E846
C0E821CE
C0E95B64
C0EA9508
C0EBCEB9
C0ED0876
C0EE423F
C0EF7C12
C0F0B5F0
C0F1EFD8
C0F329C8
C0F463C1
C0F59DC2
C0F6D7CB
C0F811DA
C0F94BF0
C0FA860C
C0FBC02E
C0FCFA55
C0FE3482
C0FF6EB3
C1005474
C100F191
C1018EB0
C1022BD0
C102C8F3
C1036617
C104033C
C104A062
C1053D8A
C105DAB3
C10677DE
C1071509
C107B235
C1084F62
C108EC90
C10989BE
C018AE4D
C0190514
C0195D03
C019B61F
C01A1071
C01A6BFF
C01AC8D1
C01B26EE
C01B865E
C01BE729
C01C4955
C01CACEC
C01D11F5
C01D7878
C01DE07D
C01E4A0C
C01EB52D
C01F21EA
C01F904A
C0200056
C0207217
C020E596
C0215ADC
C021D1F2
C0224AE1
C022C5B3
C0234270
C023C124
C02441D6
C024C492
C0254961
C025D04E
C0265962
C026E4A9
C027722C
C02801F6
C0289413
C029288D
C029BF6F
C02A58C5
C02AF499
C02B92F8
C02C33EE
C02CD785
C02D7DCA
C02E26C9
C02ED28E
C02F8126
C030329D
C030E6FF
C0319E5A
C03258BB
C033162E
C033D6C0
C0349A7F
C0356179
C0362BB9
C036F94F
C037CA48
C0389EB1
C0397699
C03A520D
C03B311B
C03C13D1
C03CFA3D
C03DE46D
C03ED270
C03FC453
C040BA25
C041B3F3
C042B1CC
C043B3BD
C044B9D4
C045C41F
C046D2AC
C047E588
C048FCC0
C04A1863
C04B387B
C04C5D17
C04D8643
C04EB40A
C04FE679
C0511D9C
C052597D
C0539A27
C054DFA4
C05629FE
C057793F
C058CD70
C05A2698
C05B84BF
C05CE7EC
C05E5026
C05FBD72
C0612FD6
C062A755
C06423F2
C065A5B1
C0672C94
C068B89A
C06A49C5
C06BE013
C06D7B83
C06F1C11
C070C1BB
C0726C7B
C0741C4D
C075D129
C0778B08
C07949E1
C07B0DAC
C07CD65D
C07EA3E9
C0803B22
C08126B1
C082149A
C08304D5
C083F75C
C084EC24
C085E326
C086DC59
C087D7B4
C088D52C
C089D4B9
C08AD64F
C08BD9E4
C08CDF6E
C08DE6E2
C08EF035
C08FFB5B
C0910849
C09216F4
C0932750
C0943952
C0954CEE
C0966219
C09778C8
C09890ED
C099AA7F
C09AC572
C09BE1BB
C09CFF4E
C09E1E21
C09F3E28
C0A05F59
C0A181AA
C0A2A510
C0A3C981
C0A4EEF3
C0A6155D
C0A73CB4
C0A864F1
C0A98E09
C0AAB7F4
C0ABE2A9
C0AD0E20
C0AE3A52
C0AF6736
C0B094C4
C0B1C2F6
C0B2F1C4
C0B42127
C0B5511A
C0B68194
C0B7B291
C0B8E40A
C0BA15FA
C0BB485B
C0BC7B28
C0BDAE5B
C0BEE1F1
C0C015E4
C0C14A2F
C0C27ECF
C0C3B3BF
C0C4E8FC
C0C61E81
C0C7544B
C0C88A57
C0C9C0A1
C0CAF726
C0CC2DE3
C0CD64D6
C0CE9BFB
C0CFD350
C0D10AD2
C0D2427F
C0D37A55
C0D4B251
C0D5EA72
C0D722B6
C0D85B1A
C0D9939E
C0DACC3E
C0DC04FA
C0DD3DD1
C0DE76C0
C0DFAFC6
C0E0E8E3
C0E22214
C0E35B59
C0E494B1
C0E5CE1A
C0E70793
C0E8411C
C0E97AB4
C0EAB459
C0EBEE0C
C0ED27CB
C0EE6195
C0EF9B6A
C0F0D549
C0F20F32
C0F34924
C0F4831E
C0F5BD20
C0F6F72A
C0F8313A
C0F96B51
C0FAA56F
C0FBDF91
C0FD19BA
C0FE53E7
C0FF8E19
C1006428
C1010145
C1019E64
C1023B85
C102D8A8
C10375CC
C10412F2
C104B019
C1054D41
C105EA6B
C1068795
C10724C1
C107C1ED
C1085F1A
C108FC48
C1099977
C0191C59
C0197287
C019C9DD
C01A2261
C01A7C1B
C01AD712
C01B334E
C01B90D6
C01BEFB2
C01C4FE8
C01CB182
C01D1486
C01D78FD
C01DDEEE
C01E4663
C01EAF62
C01F19F4
C01F8622
C01FF3F4
C0206372
C020D4A7
C021479A
C021BC54
C02232DF
C022AB44
C023258C
C023A1C0
C0241FEB
C024A016
C025224B
C025A694
C0262CFB
C026B58B
C027404D
C027CD4D
C0285C95
C028EE30
C0298228
C02A188A
C02AB160
C02B4CB6
C02BEA97
C02C8B0F
C02D2E2A
C02DD3F4
C02E7C78
C02F27C4
C02FD5E3
C03086E2
C0313ACD
C031F1B3
C032AB9E
C033689D
C03428BC
C034EC0A
C035B292
C0367C63
C037498A
C0381A15
C038EE12
C039C58E
C03AA098
C03B7F3D
C03C618B
C03D4791
C03E315C
C03F1EFB
C040107B
C04105EB
C041FF59
C042FCD3
C043FE67
C0450422
C0460E12
C0471C46
C0482ECA
C04945AC
C04A60F9
C04B80BE
C04CA508
C04DCDE3
C04EFB5C
C0502D7E
C0516454
C0529FEB
C053E04C
C0552582
C0566F97
C057BE94
C0591282
C05A6B6A
C05BC952
C05D2C42
C05E9440
C0600152
C061737D
C062EAC5
C064672D
C065E8B8
C0676F69
C068FB3F
C06A8C3B
C06C225C
C06DBDA0
C06F5E04
C0710386
C072AE1F
C0745DCB
C0761283
C077CC40
C0798AF9
C07B4EA4
C07D1737
C07EE4A7
C0805B74
C08146F6
C08234D3
C0832503
C084177E
C0850C3C
C0860335
C086FC5F
C087F7B1
C088F522
C089F4A7
C08AF637
C08BF9C6
C08CFF4A
C08E06B9
C08F1007
C0901B29
C0912813
C09236BB
C0934714
C0945914
C0956CAE
C09681D7
C0979884
C098B0A9
C099CA3A
C09AE52D
C09C0175
C09D1F08
C09E3DDB
C09F5DE3
C0A07F15
C0A1A167
C0A2C4CE
C0A3E940
C0A50EB4
C0A6351F
C0A75C78
C0A884B7
C0A9ADD1
C0AAD7BE
C0AC0276
C0AD2DF0
C0AE5A24
C0AF870A
C0B0B49B
C0B1E2D0
C0B311A0
C0B44107
C0B570FC
C0B6A179
C0B7D279
C0B903F5
C0BA35E8
C0BB684B
C0BC9B1B
C0BDCE52
C0BF01EA
C0C035E0
C0C16A2E
C0C29ED1
C0C3D3C4
C0C50903
C0C63E8B
C0C77458
C0C8AA67
C0C9E0B4
C0CB173B
C0CC4DFB
C0CD84F0
C0CEBC18
C0CFF36F
C0D12AF4
C0D262A4
C0D39A7C
C0D4D27B
C0D60A9E
C0D742E4
C0D87B4B
C0D9B3D0
C0DAEC73
C0DC2531
C0DD5E0A
C0DE96FB
C0DFD003
C0E10922
C0E24255
C0E37B9C
C0E4B4F5
C0E5EE60
C0E727DB
C0E86166
C0E99AFF
C0EAD4A6
C0EC0E5A
C0ED481B
C0EE81E6
C0EFBBBD
C0F0F59D
C0F22F88
C0F3697B
C0F4A376
C0F5DD7A
C0F71784
C0F85196
C0F98BAF
C0FAC5CD
C0FBFFF1
C0FD3A1A
C0FE7449
C0FFAE7C
C100745A
C1011177
C101AE97
C1024BB9
C102E8DC
C1038600
C1042326
C104C04E
C1055D77
C105FAA0
C10697CB
C10734F7
C107D224
C1086F51
C1090C80
C109A9AF
C0198D18
C019E2AA
C01A3964
C01A914E
C01AEA6F
C01B44CD
C01BA071
C01BFD61
C01C5BA6
C01CBB47
C01D1C4B
C01D7EBA
C01DE29D
C01E47FB
C01EAEDC
C01F1749
C01F8149
C01FECE6
C0205A28
C020C917
C02139BC
C021AC21
C022204E
C022964B
C0230E24
C02387E0
C024038A
C024812A
C02500CB
C0258277
C0260638
C0268C17
C0271420
C0279E5C
C0282AD6
C028B999
C0294AB0
C029DE26
C02A7405
C02B0C59
C02BA72E
C02C448F
C02CE488
C02D8725
C02E2C71
C02ED479
C02F7F48
C0302CED
C030DD72
C03190E5
C0324752
C03300C6
C033BD4F
C0347CFA
C0353FD3
C03605E8
C036CF48
C0379BFE
C0386C1A
C0393FA8
C03A16B7
C03AF155
C03BCF8F
C03CB173
C03D9711
C03E8075
C03F6DAE
C0405ECA
C04153D6
C0424CE2
C04349FC
C0444B30
C045508D
C0465A22
C04767FA
C0487A25
C04990AF
C04AABA6
C04BCB16
C04CEF0C
C04E1796
C04F44BE
C0507691
C051AD1A
C052E865
C054287C
C0556D6A
C056B738
C05805F0
C059599B
C05AB240
C05C0FE8
C05D7299
C05EDA5B
C0604732
C061B923
C0633033
C064AC65
C0662DBC
C067B43A
C0693FDF
C06AD0AB
C06C669E
C06E01B6
C06FA1F0
C0714748
C072F1BA
C074A140
C07655D4
C0780F6E
C079CE05
C07B9191
C07D5A06
C07F275A
C0807CBF
C0816835
C0825605
C0834629
C084389A
C0852D4E
C086243D
C0871D5E
C08818A8
C0891611
C08A158F
C08B1718
C08C1AA1
C08D2020
C08E2789
C08F30D2
C0903BF0
C09148D7
C092577B
C09367D2
C09479CF
C0958D67
C096A28F
C097B93A
C098D15E
C099EAEF
C09B05E1
C09C2229
C09D3FBC
C09E5E90
C09F7E98
C0A09FCB
C0A1C21E
C0A2E586
C0A409FA
C0A52F70
C0A655DD
C0A77D38
C0A8A579
C0A9CE95
C0AAF885
C0AC233F
C0AD4EBB
C0AE7AF2
C0AFA7DB
C0B0D56F
C0B203A6
C0B3327A
C0B461E3
C0B591DB
C0B6C25B
C0B7F35E
C0B924DD
C0BA56D3
C0BB893A
C0BCBC0D
C0BDEF46
C0BF22E2
C0C056DA
C0C18B2C
C0C2BFD2
C0C3F4C8
C0C52A0A
C0C65F95
C0C79565
C0C8CB76
C0CA01C6
C0CB3851
C0CC6F13
C0CDA60B
C0CEDD35
C0D0148F
C0D14C17
C0D283C9
C0D3BBA4
C0D4F3A5
C0D62BCB
C0D76413
C0D89C7C
C0D9D504
C0DB0DA9
C0DC4669
C0DD7F44
C0DEB837
C0DFF142
C0E12A62
C0E26398
C0E39CE0
C0E4D63C
C0E60FA8
C0E74925
C0E882B2
C0E9BC4D
C0EAF5F6
C0EC2FAB
C0ED696D
C0EEA33A
C0EFDD12
C0F116F5
C0F250E0
C0F38AD5
C0F4C4D1
C0F5FED6
C0F738E2
C0F872F5
C0F9AD0F
C0FAE72E
C0FC2154
C0FD5B7E
C0FE95AE
C0FFCFE2
C100850D
C101222B
C101BF4C
C1025C6E
C102F991
C10396B6
C10433DD
C104D105
C1056E2E
C1060B58
C106A883
C10745AF
C107E2DC
C108800A
C1091D39
C109BA68
C01A0093
C01A5587
C01AABA4
C01B02F1
C01B5B76
C01BB539
C01C1043
C01C6C99
C01CCA45
C01D294D
C01D89BA
C01DEB92
C01E4EDF
C01EB3A7
C01F19F3
C01F81CC
C01FEB39
C0205643
C020C2F2
C021314F
C021A164
C0221338
C02286D4
C022FC43
C023738D
C023ECBB
C02467D8
C024E4EC
C0256401
C025E522
C0266858
C026EDAE
C027752D
C027FEE1
C0288AD4
C0291910
C029A9A1
C02A3C91
C02AD1EC
C02B69BC
C02C040E
C02CA0ED
C02D4065
C02DE281
C02E874D
C02F2ED6
C02FD928
C0308650
C0313659
C031E951
C0329F44
C0335840
C0341451
C034D384
C03595E8
C0365B88
C0372474
C037F0B8
C038C062
C0399380
C03A6A20
C03B444F
C03C221D
C03D0396
C03DE8C9
C03ED1C4
C03FBE95
C040AF4B
C041A3F3
C0429C9B
C0439952
C0449A26
C0459F24
C046A85A
C047B5D6
C048C7A6
C049DDD6
C04AF875
C04C178F
C04D3B30
C04E6366
C04F903D
C050C1C0
C051F7FA
C05332F8
C05472C4
C055B768
C05700EF
C0584F60
C059A2C6
C05AFB28
C05C588F
C05DBB01
C05F2284
C0608F1F
C06200D6
C06377AD
C064F3A8
C06674CA
C067FB13
C0698686
C06B1722
C06CACE7
C06E47D2
C06FE7E0
C0718D0F
C0733759
C074E6B9
C0769B28
C078549E
C07A1314
C07BD680
C07D9ED6
C07F6C0D
C0809F0B
C0818A73
C0827837
C0836850
C0845AB5
C0854F5F
C0864644
C0873F5D
C0883A9E
C08937FF
C08A3776
C08B38F8
C08C3C7B
C08D41F4
C08E4959
C08F529E
C0905DB7
C0916A9A
C092793C
C093898F
C0949B8A
C095AF21
C096C447
C097DAF1
C098F314
C09A0CA4
C09B2796
C09C43DE
C09D6171
C09E8045
C09FA04F
C0A0C183
C0A1E3D7
C0A30741
C0A42BB6
C0A5512E
C0A6779D
C0A79EFA
C0A8C73D
C0A9F05C
C0AB1A4E
C0AC450B
C0AD708A
C0AE9CC3
C0AFC9AF
C0B0F746
C0B22580
C0B35457
C0B483C3
C0B5B3BF
C0B6E442
C0B81548
C0B946CB
C0BA78C4
C0BBAB2E
C0BCDE04
C0BE1141
C0BF44DF
C0C078DB
C0C1AD30
C0C2E1D9
C0C416D2
C0C54C17
C0C681A5
C0C7B778
C0C8ED8D
C0CA23DF
C0CB5A6D
C0CC9133
C0CDC82D
C0CEFF5A
C0D036B7
C0D16E41
C0D2A5F6
C0D3DDD3
C0D515D7
C0D64E00
C0D7864B
C0D8BEB6
C0D9F740
C0DB2FE8
C0DC68AA
C0DDA187
C0DEDA7D
C0E01389
C0E14CAC
C0E285E3
C0E3BF2E
C0E4F88B
C0E631FA
C0E76B79
C0E8A507
C0E9DEA4
C0EB184F
C0EC5206
C0ED8BC9
C0EEC598
C0EFFF72
C0F13956
C0F27343
C0F3AD39
C0F4E737
C0F6213D
C0F75B4A
C0F8955F
C0F9CF7A
C0FB099A
C0FC43C1
C0FD7DEC
C0FEB81D
C0FFF252
C1009646
C1013365
C101D085
C1026DA8
C1030ACC
C103A7F1
C1044518
C104E241
C1057F6A
C1061C95
C106B9C0
C10756ED
C107F41A
C1089149
C1092E78
C109CBA8
C01A76D3
C01ACB27
C01B20A5
C01B7754
C01BCF3B
C01C2861
C01C82CE
C01CDE89
C01D3B9A
C01D9A08
C01DF9DB
C01E5B1A
C01EBDCE
C01F21FF
C01F87B4
C01FEEF6
C02057CD
C020C242
C0212E5D
C0219C27
C0220BA8
C0227CE9
C022EFF4
C02364D2
C023DB8B
C0245429
C024CEB7
C0254B3C
C025C9C4
C0264A57
C026CD01
C02751CB
C027D8BF
C02861E8
C028ED51
C0297B05
C02A0B0D
C02A9D76
C02B324A
C02BC995
C02C6362
C02CFFBD
C02D9EB1
C02E404A
C02EE495
C02F8B9E
C0303570
C030E219
C03191A4
C032441F
C032F996
C033B217
C0346DAE
C0352C68
C035EE54
C036B37E
C0377BF4
C03847C3
C03916FA
C039E9A6
C03ABFD5
C03B9995
C03C76F4
C03D57FF
C03E3CC7
C03F2557
C04011BF
C041020C
C041F64D
C042EE91
C043EAE4
C044EB55
C045EFF2
C046F8C8
C04805E6
C049175A
C04A2D2F
C04B4774
C04C6636
C04D8981
C04EB162
C04FDDE6
C0510F17
C0524502
C0537FB1
C054BF31
C056038A
C0574CC7
C0589AF1
C059EE11
C05B462F
C05CA353
C05E0585
C05F6CC9
C060D926
C0624AA2
C063C13F
C0653D03
C066BDEE
C0684403
C069CF43
C06B5FAE
C06CF543
C06E9001
C0702FE3
C071D4E8
C0737F09
C0752E42
C076E28C
C0789BDF
C07A5A33
C07C1D7D
C07DE5B5
C07FB2CE
C080C25E
C081ADB9
C0829B70
C0838B7D
C0847DD7
C0857277
C0866953
C0876262
C0885D9B
C0895AF4
C08A5A63
C08B5BDF
C08C5F5C
C08D64D0
C08E6C2F
C08F756F
C0908085
C0918D64
C0929C03
C093AC54
C094BE4C
C095D1E1
C096E705
C097FDAF
C09915D1
C09A2F60
C09B4A52
C09C669B
C09D842F
C09EA303
C09FC30E
C0A0E443
C0A20699
C0A32A04
C0A44E7C
C0A573F5
C0A69A66
C0A7C1C6
C0A8EA0B
C0AA132D
C0AB3D21
C0AC67E1
C0AD9363
C0AEBF9F
C0AFEC8E
C0B11A28
C0B24866
C0B37740
C0B4A6AF
C0B5D6AE
C0B70735
C0B8383E
C0B969C4
C0BA9BC0
C0BBCE2E
C0BD0107
C0BE3447
C0BF67E9
C0C09BE9
C0C1D041
C0C304ED
C0C439E9
C0C56F32
C0C6A4C3
C0C7DA9A
C0C910B1
C0CA4707
C0CB7D98
C0CCB460
C0CDEB5E
C0CF228E
C0D059EE
C0D1917B
C0D2C932
C0D40113
C0D53919
C0D67144
C0D7A992
C0D8E200
C0DA1A8C
C0DB5336
C0DC8BFB
C0DDC4DB
C0DEFDD2
C0E036E1
C0E17006
C0E2A940
C0E3E28D
C0E51BEC
C0E6555C
C0E78EDD
C0E8C86E
C0EA020C
C0EB3BB9
C0EC7572
C0EDAF37
C0EEE908
C0F022E3
C0F15CC8
C0F296B7
C0F3D0AE
C0F50AAE
C0F644B5
C0F77EC4
C0F8B8DA
C0F9F2F6
C0FB2D18
C0FC6740
C0FDA16D
C0FEDB9F
C1000AEA
C100A808
C1014527
C101E248
C1027F6B
C1031C90
C103B9B6
C10456DD
C104F406
C1059130
C1062E5B
C106CB87
C10768B4
C10805E2
C108A311
C1094040
C109DD70
C01AEFE4
C01B4396
C01B9872
C01BEE81
C01C45C8
C01C9E4F
C01CF81E
C01D533B
C01DAFAF
C01E0D80
C01E6CB8
C01ECD5C
C01F2F76
C01F930D
C01FF829
C0205ED3
C020C712
C02130F0
C0219C75
C02209A8
C0227894
C022E941
C0235BB8
C023D003
C0244629
C024BE36
C0253832
C025B427
C026321E
C026B223
C027343E
C027B87A
C0283EE1
C028C77E
C029525B
C029DF84
C02A6F02
C02B00E1
C02B952D
C02C2BF0
C02CC536
C02D610A
C02DFF79
C02EA08E
C02F4456
C02FEADC
C030942C
C0314054
C031EF5F
C032A15B
C0335655
C0340E58
C034C974
C03587B3
C0364925
C0370DD7
C037D5D5
C038A12E
C0396FF0
C03A4227
C03B17E3
C03BF132
C03CCE20
C03DAEBD
C03E9316
C03F7B3A
C0406737
C041571A
C0424AF3
C04342CF
C0443EBD
C0453ECA
C0464304
C0474B7A
C0485838
C049694D
C04A7EC6
C04B98B0
C04CB718
C04DDA0C
C04F0197
C0502DC5
C0515EA4
C052943D
C053CE9D
C0550DCF
C05651DC
C0579ACE
C058E8B0
C05A3B89
C05B9362
C05CF043
C05E5232
C05FB937
C0612556
C0629695
C0640CF8
C0658882
C0670937
C0688F17
C06A1A23
C06BAA5C
C06D3FC1
C06EDA50
C0707A06
C0721EE0
C073C8D8
C07577EA
C0772C0E
C078E53D
C07AA36E
C07C6698
C07E2EB0
C07FFBAB
C080E6BF
C081D20C
C082BFB7
C083AFB8
C084A207
C085969C
C0868D6E
C0878674
C08881A4
C0897EF6
C08A7E5E
C08B7FD3
C08C834A
C08D88B8
C08E9013
C08F994E
C090A460
C091B13C
C092BFD7
C093D026
C094E21D
C095F5AF
C0970AD3
C098217B
C099399C
C09A532C
C09B6E1D
C09C8A66
C09DA7FB
C09EC6D1
C09FE6DC
C0A10813
C0A22A6A
C0A34DD7
C0A47251
C0A597CC
C0A6BE40
C0A7E5A2
C0A90DEA
C0AA370E
C0AB6106
C0AC8BC8
C0ADB74E
C0AEE38D
C0B01080
C0B13E1D
C0B26C5E
C0B39B3B
C0B4CAAE
C0B5FAB0
C0B72B3B
C0B85C47
C0B98DD1
C0BABFD1
C0BBF242
C0BD251F
C0BE5862
C0BF8C08
C0C0C00B
C0C1F466
C0C32916
C0C45E16
C0C59362
C0C6C8F7
C0C7FED0
C0C934EB
C0CA6B44
C0CBA1D8
C0CCD8A4
C0CE0FA5
C0CF46D8
C0D07E3B
C0D1B5CA
C0D2ED85
C0D42568
C0D55D72
C0D695A0
C0D7CDF0
C0D90660
C0DA3EF0
C0DB779C
C0DCB064
C0DDE946
C0DF2240
C0E05B51
C0E19478
C0E2CDB4
C0E40703
C0E54064
C0E679D7
C0E7B35A
C0E8ECEC
C0EA268D
C0EB603B
C0EC99F6
C0EDD3BD
C0EF0D90
C0F0476C
C0F18153
C0F2BB44
C0F3F53D
C0F52F3E
C0F66947
C0F7A357
C0F8DD6E
C0FA178C
C0FB51AF
C0FC8BD8
C0FDC606
C0FF003A
C1001D39
C100BA56
C1015776
C101F498
C10291BC
C1032EE1
C103CC07
C104692F
C1050658
C105A383
C10640AE
C106DDDB
C1077B08
C1081836
C108B565
C1095295
C109EFC6
C01B6BCE
C01BBEDC
C01C1315
C01C6881
C01CBF27
C01D170D
C01D703C
C01DCAB9
C01E268E
C01E83C2
C01EE25C
C01F4263
C01FA3E1
C02006DC
C0206B5E
C020D16D
C0213913
C021A258
C0220D44
C02279E0
C022E835
C023584B
C023CA2C
C0243DE2
C024B374
C0252AEC
C025A455
C0261FB7
C0269D1D
C0271C90
C0279E1B
C02821C7
C028A79F
C0292FAE
C029B9FD
C02A4699
C02AD58B
C02B66DF
C02BFAA0
C02C90D9
C02D2996
C02DC4E3
C02E62CA
C02F0359
C02FA69B
C0304C9C
C030F569
C031A10E
C0324F98
C0330113
C033B58C
C0346D11
C03527AF
C035E572
C036A668
C0376A9F
C0383224
C038FD05
C039CB4F
C03A9D11
C03B7258
C03C4B33
C03D27AF
C03E07DB
C03EEBC5
C03FD37B
C040BF0B
C041AE83
C042A1F1
C0439965
C04494EB
C0459492
C0469868
C047A07B
C048ACD8
C049BD8E
C04AD2A8
C04BEC36
C04D0A43
C04E2CDE
C04F5411
C0507FEA
C051B074
C052E5BB
C0541FCA
C0555EAC
C056A26C
C057EB13
C05938AA
C05A8B3B
C05BE2CE
C05D3F6A
C05EA117
C06007DB
C06173BB
C062E4BC
C0645AE4
C065D635
C06756B1
C068DC5B
C06A6733
C06BF73A
C06D8C6E
C06F26CE
C070C657
C0726B05
C07414D4
C075C3BE
C07777BB
C07930C6
C07AEED4
C07CB1DD
C07E79D6
C0802359
C0810C34
C081F774
C082E512
C083D507
C084C74B
C085BBD6
C086B29E
C087AB9B
C088A6C3
C089A40C
C08AA36D
C08BA4DC
C08CA84D
C08DADB5
C08EB50B
C08FBE42
C090C950
C091D629
C092E4C1
C093F50D
C0950702
C0961A93
C0972FB5
C098465C
C0995E7D
C09A780D
C09B92FF
C09CAF48
C09DCCDE
C09EEBB4
C0A00BC1
C0A12CF9
C0A24F52
C0A372C2
C0A4973D
C0A5BCBB
C0A6E331
C0A80A96
C0A932E1
C0AA5C08
C0AB8603
C0ACB0C9
C0ADDC51
C0AF0894
C0B0358A
C0B1632B
C0B2916F
C0B3C050
C0B4EFC7
C0B61FCD
C0B7505B
C0B8816B
C0B9B2F8
C0BAE4FC
C0BC1771
C0BD4A52
C0BE7D99
C0BFB142
C0C0E549
C0C219A8
C0C34E5B
C0C4835F
C0C5B8AF
C0C6EE47
C0C82424
C0C95A42
C0CA909F
C0CBC736
C0CCFE05
C0CE3509
C0CF6C40
C0D0A3A6
C0D1DB39
C0D312F6
C0D44ADC
C0D582E9
C0D6BB1A
C0D7F36D
C0D92BE0
C0DA6472
C0DB9D21
C0DCD5EC
C0DE0ED0
C0DF47CD
C0E080E0
C0E1BA0A
C0E2F348
C0E42C99
C0E565FD
C0E69F72
C0E7D8F7
C0E9128B
C0EA4C2E
C0EB85DE
C0ECBF9B
C0EDF964
C0EF3338
C0F06D17
C0F1A6FF
C0F2E0F1
C0F41AEC
C0F554EF
C0F68EFA
C0F7C90B
C0F90324
C0FA3D43
C0FB7768
C0FCB192
C0FDEBC2
C0FF25F6
C1003017
C100CD36
C1016A56
C1020779
C102A49D
C10341C2
C103DEE9
C1047C12
C105193B
C105B666
C1065392
C106F0BF
C1078DED
C1082B1C
C108C84B
C109657B
C10A02AC
C01BEA9C
C01C3D04
C01C9099
C01CE560
C01D3B62
C01D92A6
C01DEB32
C01E450F
C01EA043
C01EFCD7
C01F5AD1
C01FBA3A
C0201B1A
C0207D78
C020E15C
C02146D0
C021ADDA
C0221684
C02280D6
C022ECD8
C0235A94
C023CA12
C0243B5C
C024AE7A
C0252376
C0259A59
C026132C
C0268DFA
C0270ACC
C02789AC
C0280AA4
C0288DBF
C0291306
C0299A84
C02A2444
C02AB051
C02B3EB5
C02BCF7C
C02C62B0
C02CF85E
C02D9090
C02E2B52
C02EC8B1
C02F68B7
C0300B72
C030B0EC
C0315933
C0320454
C032B25A
C0336352
C034174A
C034CE4E
C035886C
C03645B0
C0370629
C037C9E4
C03890ED
C0395B54
C03A2926
C03AFA70
C03BCF41
C03CA7A6
C03D83AF
C03E6368
C03F46E0
C0402E26
C0411947
C0420852
C042FB55
C043F25E
C044ED7C
C045ECBC
C046F02C
C047F7DA
C04903D5
C04A1429
C04B28E4
C04C4214
C04D5FC5
C04E8204
C04FA8DE
C050D460
C0520494
C0533987
C0547345
C055B1D7
C056F548
C0583DA2
C0598AEE
C05ADD36
C05C3481
C05D90D8
C05EF241
C06058C3
C061C463
C0633526
C064AB11
C0662627
C067A66B
C0692BDE
C06AB682
C06C4655
C06DDB58
C06F7589
C07114E4
C072B966
C074630A
C07611CC
C077C5A3
C0797E88
C07B3C73
C07CFF5A
C07EC733
C08049F9
C08132C5
C0821DF8
C0830B89
C083FB72
C084EDAB
C085E22B
C086D8E9
C087D1DD
C088CCFC
C089CA3E
C08AC998
C08BCB00
C08CCE6B
C08DD3CE
C08EDB1F
C08FE452
C090EF5C
C091FC32
C0930AC7
C0941B11
C0952D04
C0964093
C09755B4
C0986C5B
C099847C
C09A9E0B
C09BB8FD
C09CD547
C09DF2DE
C09F11B6
C0A031C4
C0A152FE
C0A27559
C0A398CB
C0A4BD49
C0A5E2C9
C0A70942
C0A830AA
C0A958F8
C0AA8222
C0ABAC20
C0ACD6EA
C0AE0276
C0AF2EBC
C0B05BB5
C0B1895A
C0B2B7A2
C0B3E687
C0B51602
C0B6460B
C0B7769D
C0B8A7B2
C0B9D943
C0BB0B4A
C0BC3DC3
C0BD70A8
C0BEA3F3
C0BFD7A0
C0C10BAB
C0C2400E
C0C374C5
C0C4A9CC
C0C5DF20
C0C714BC
C0C84A9C
C0C980BE
C0CAB71E
C0CBEDB9
C0CD248C
C0CE5B93
C0CF92CD
C0D0CA36
C0D201CD
C0D3398E
C0D47177
C0D5A986
C0D6E1BA
C0D81A10
C0D95286
C0DA8B1B
C0DBC3CD
C0DCFC9A
C0DE3581
C0DF6E81
C0E0A797
C0E1E0C3
C0E31A04
C0E45357
C0E58CBD
C0E6C635
C0E7FFBC
C0E93952
C0EA72F7
C0EBACA9
C0ECE668
C0EE2033
C0EF5A09
C0F093EA
C0F1CDD4
C0F307C8
C0F441C4
C0F57BC9
C0F6B5D5
C0F7EFE9
C0F92A03
C0FA6423
C0FB9E49
C0FCD875
C0FE12A6
C0FF4CDC
C100438B
C100E0AA
C1017DCB
C1021AEE
C102B813
C1035539
C103F260
C1048F89
C1052CB3
C105C9DF
C106670B
C1070438
C107A167
C1083E96
C108DBC6
C10978F6
C10A1628
C01C6C57
C01CBE18
C01D1106
C01D6527
C01DBA84
C01E1123
C01E690C
C01EC246
C01F1CD8
C01F78C9
C01FD623
C02034EB
C020952B
C020F6EA
C0215A30
C021BF06
C0222573
C0228D80
C022F736
C023629D
C023CFBE
C0243EA3
C024AF53
C02521D8
C025963B
C0260C87
C02684C3
C026FEFB
C0277B37
C027F982
C02879E6
C028FC6D
C0298122
C02A080E
C02A913C
C02B1CB8
C02BAA8D
C02C3AC4
C02CCD6A
C02D628A
C02DFA30
C02E9466
C02F3139
C02FD0B6
C03072E7
C03117D9
C031BF98
C0326A32
C03317B3
C033C826
C0347B9B
C035321C
C035EBB8
C036A87D
C0376876
C0382BB2
C038F23F
C039BC2A
C03A8981
C03B5A51
C03C2EAA
C03D0699
C03DE22B
C03EC170
C03FA476
C0408B4A
C04175FB
C0426497
C043572C
C0444DCA
C045487D
C0464753
C0474A5C
C04851A5
C0495D3B
C04A6D2C
C04B8186
C04C9A56
C04DB7AA
C04ED98D
C050000D
C0512B36
C0525B13
C0538FB1
C054C91B
C056075B
C0574A7D
C0589289
C059DF89
C05B3187
C05C888A
C05DE49A
C05F45BE
C060ABFD
C062175C
C06387E0
C064FD8E
C0667869
C067F873
C0697DAF
C06B081C
C06C97BC
C06E2C8D
C06FC68D
C07165BA
C0730A10
C074B38A
C0766222
C07815D2
C079CE92
C07B8C5A
C07D4F1F
C07F16D8
C08071BC
C0815A7A
C082459F
C0833323
C0842300
C085152E
C08609A3
C0870057
C087F942
C088F459
C089F193
C08AF0E6
C08BF247
C08CF5AC
C08DFB0A
C08F0256
C0900B85
C091168B
C092235E
C09331F1
C0944238
C0955429
C09667B8
C0977CD8
C098937E
C099AB9F
C09AC52E
C09BE021
C09CFC6C
C09E1A04
C09F38DD
C0A058ED
C0A17A29
C0A29C86
C0A3BFFA
C0A4E47B
C0A609FE
C0A7307A
C0A857E5
C0A98036
C0AAA964
C0ABD366
C0ACFE32
C0AE29C2
C0AF560C
C0B0830A
C0B1B0B2
C0B2DEFE
C0B40DE7
C0B53D66
C0B66D73
C0B79E0A
C0B8CF22
C0BA00B7
C0BB32C3
C0BC6540
C0BD9829
C0BECB78
C0BFFF2A
C0C13338
C0C2679F
C0C39C5A
C0C4D166
C0C606BD
C0C73C5D
C0C87242
C0C9A867
C0CADECB
C0CC156A
C0CD4C40
C0CE834B
C0CFBA88
C0D0F1F5
C0D2298F
C0D36153
C0D4993F
C0D5D152
C0D70989
C0D841E2
C0D97A5C
C0DAB2F4
C0DBEBA8
C0DD2478
C0DE5D62
C0DF9664
C0E0CF7D
C0E208AC
C0E341EF
C0E47B45
C0E5B4AE
C0E6EE27
C0E827B1
C0E96149
C0EA9AF0
C0EBD4A5
C0ED0E66
C0EE4833
C0EF820B
C0F0BBED
C0F1F5DA
C0F32FCF
C0F469CD
C0F5A3D4
C0F6DDE2
C0F817F7
C0F95212
C0FA8C34
C0FBC65C
C0FD0089
C0FE3ABB
C0FF74F3
C1005797
C100F4B7
C10191D9
C1022EFC
C102CC21
C1036948
C1040670
C104A39A
C10540C4
C105DDF0
C1067B1D
C107184B
C107B57A
C10852A9
C108EFDA
C1098D0B
C10A2A3C
C01CF108
C01D4220
C01D9466
C01DE7E1
C01E3C97
C01E9290
C01EE9D3
C01F4268
C01F9C56
C01FF7A5
C020545C
C020B282
C0211221
C021733F
C021D5E5
C0223A1B
C0229FE9
C0230758
C0237070
C023DB3A
C02447BF
C024B607
C025261C
C0259807
C0260BD0
C0268182
C026F926
C02772C6
C027EE6B
C0286C1F
C028EBED
C0296DDF
C029F1FE
C02A7856
C02B00F2
C02B8BDB
C02C191E
C02CA8C4
C02D3ADA
C02DCF6B
C02E6682
C02F002A
C02F9C71
C0303B61
C030DD07
C031816F
C03228A5
C032D2B6
C0337FAF
C0342F9D
C034E28B
C0359889
C03651A2
C0370DE4
C037CD5C
C0389018
C0395626
C03A1F93
C03AEC6E
C03BBCC3
C03C90A2
C03D6818
C03E4333
C03F2202
C0400492
C040EAF3
C041D532
C042C35E
C043B584
C044ABB4
C045A5FB
C046A467
C047A707
C048ADE8
C049B918
C04AC8A6
C04BDC9D
C04CF50D
C04E1201
C04F3387
C05059AB
C051847A
C052B3FF
C053E847
C055215C
C0565F49
C057A21A
C058E9D6
C05A368A
C05B883C
C05CDEF5
C05E3ABE
C05F9B9C
C0610197
C0626CB4
C063DCF9
C0655269
C066CD07
C0684CD7
C069D1DB
C06B5C12
C06CEB7D
C06E801B
C07019EB
C071B8E9
C0735D12
C0750661
C076B4D0
C0786858
C07A20F2
C07BDE96
C07DA139
C07F68D1
C0809AAA
C0818359
C0826E70
C0835BE8
C0844BB9
C0853DDB
C0863245
C08728F0
C08821D1
C0891CE0
C08A1A12
C08B195E
C08C1AB9
C08D1E18
C08E2371
C08F2AB8
C09033E3
C0913EE6
C0924BB5
C0935A46
C0946A8B
C0957C7B
C0969008
C097A527
C098BBCD
C099D3EE
C09AED7E
C09C0871
C09D24BD
C09E4256
C09F6132
C0A08144
C0A1A282
C0A2C4E1
C0A3E858
C0A50CDB
C0A63262
C0A758E1
C0A8804F
C0A9A8A4
C0AAD1D5
C0ABFBDA
C0AD26AB
C0AE523F
C0AF7E8D
C0B0AB8E
C0B1D93B
C0B3078B
C0B43679
C0B565FB
C0B6960D
C0B7C6A8
C0B8F7C5
C0BA295F
C0BB5B6F
C0BC8DF0
C0BDC0DD
C0BEF431
C0C027E6
C0C15BF9
C0C29064
C0C3C524
C0C4FA33
C0C62F8F
C0C76533
C0C89B1B
C0C9D145
C0CB07AD
C0CC3E4F
C0CD7529
C0CEAC38
C0CFE379
C0D11AE9
C0D25287
C0D38A4E
C0D4C23E
C0D5FA55
C0D7328F
C0D86AEB
C0D9A368
C0DADC03
C0DC14BA
C0DD4D8D
C0DE867A
C0DFBF7F
C0E0F89B
C0E231CC
C0E36B12
C0E4A46B
C0E5DDD6
C0E71752
C0E850DE
C0E98A79
C0EAC422
C0EBFDD9
C0ED379C
C0EE716B
C0EFAB45
C0F0E52A
C0F21F18
C0F3590F
C0F49310
C0F5CD18
C0F70727
C0F8413E
C0F97B5B
C0FAB57F
C0FBEFA8
C0FD29D7
C0FE640B
C0FF9E43
C1006C40
C1010961
C101A683
C10243A7
C102E0CD
C1037DF4
C1041B1D
C104B847
C1055572
C105F29F
C1068FCC
C1072CFA
C107CA2A
C108675A
C109048A
C109A1BC
C10A3EEE
C01D78BB
C01DC928
C01E1AC4
C01E6D96
C01EC1A4
C01F16F6
C01F6D92
C01FC581
C0201ECA
C0207973
C020D586
C0213309
C0219205
C021F280
C0225485
C022B81A
C0231D47
C0238416
C023EC8F
C02456BB
C024C2A1
C025304C
C0259FC4
C0261112
C0268440
C026F957
C0277061
C027E967
C0286473
C028E18E
C02960C5
C029E21F
C02A65A8
C02AEB6B
C02B7371
C02BFDC6
C02C8A75
C02D1989
C02DAB0D
C02E3F0C
C02ED593
C02F6EAC
C0300A64
C030A8C6
C03149DF
C031EDBB
C0329466
C0333DED
C033EA5D
C03499C2
C0354C2A
C03601A1
C036BA35
C03775F3
C03834E8
C038F723
C039BCB0
C03A859E
C03B51FA
C03C21D2
C03CF535
C03DCC31
C03EA6D3
C03F852A
C0406745
C0414D30
C04236FC
C04324B5
C044166B
C0450C2C
C0460605
C0470405
C048063A
C0490CB3
C04A177C
C04B26A3
C04C3A37
C04D5244
C04E6ED8
C04F8FFF
C050B5C6
C051E039
C0530F65
C0544355
C0557C15
C056B9AE
C057FC2C
C0594399
C05A8FFE
C05BE163
C05D37D2
C05E9352
C05FF3EA
C06159A0
C062C47B
C064347E
C065A9AF
C0672411
C068A3A6
C06A2870
C06BB271
C06D41A7
C06ED612
C0706FB0
C0720E7F
C073B27A
C0755B9D
C07709E3
C078BD43
C07A75B8
C07C3337
C07DF5B8
C07FBD2F
C080C4C9
C081AD6A
C0829873
C08385DE
C08475A3
C08567B9
C0865C19
C08752BA
C0884B92
C0894699
C08A43C3
C08B4308
C08C445C
C08D47B6
C08E4D09
C08F544C
C0905D73
C0916873
C092753F
C09383CD
C0949411
C095A5FF
C096B98B
C097CEAA
C098E550
C099FD71
C09B1701
C09C31F6
C09D4E43
C09E6BDE
C09F8ABB
C0A0AACF
C0A1CC10
C0A2EE72
C0A411EC
C0A53672
C0A65BFC
C0A7827E
C0A8A9F0
C0A9D248
C0AAFB7E
C0AC2587
C0AD505C
C0AE7BF4
C0AFA846
C0B0D54C
C0B202FD
C0B33152
C0B46043
C0B58FCB
C0B6BFE1
C0B7F081
C0B921A2
C0BA5340
C0BB8555
C0BCB7DB
C0BDEACC
C0BF1E25
C0C051DF
C0C185F6
C0C2BA66
C0C3EF29
C0C5243D
C0C6599D
C0C78F45
C0C8C532
C0C9FB60
C0CB31CC
C0CC6872
C0CD9F50
C0CED663
C0D00DA8
C0D1451C
C0D27CBD
C0D3B488
C0D4EC7C
C0D62496
C0D75CD3
C0D89533
C0D9CDB3
C0DB0651
C0DC3F0C
C0DD77E2
C0DEB0D2
C0DFE9DA
C0E122F9
C0E25C2D
C0E39575
C0E4CED1
C0E6083E
C0E741BD
C0E87B4C
C0E9B4E9
C0EAEE95
C0EC284E
C0ED6213
C0EE9BE4
C0EFD5C1
C0F10FA7
C0F24998
C0F38391
C0F4BD93
C0F5F79D
C0F731AF
C0F86BC7
C0F9A5E6
C0FAE00C
C0FC1A36
C0FD5467
C0FE8E9C
C0FFC8D6
C100818A
C1011EAB
C101BBCE
C10258F3
C102F61A
C1039342
C104306B
C104CD96
C1056AC1
C10607EE
C106A51C
C107424B
C107DF7B
C1087CAC
C10919DD
C109B70F
C10A5441
C01E0377
C01E5339
C01EA42A
C01EF651
C01F49B6
C01F9E5F
C01FF453
C0204B9B
C020A43C
C020FE40
C02159AD
C021B68B
C02214E2
C02274BA
C022D61B
C023390D
C0239D99
C02403C7
C0246B9F
C024D52A
C0254071
C025AD7D
C0261C56
C0268D07
C026FF97
C0277412
C027EA7F
C02862EA
C028DD5B
C02959DD
C029D879
C02A593B
C02ADC2C
C02B6157
C02BE8C7
C02C7286
C02CFEA0
C02D8D1F
C02E1E0F
C02EB17C
C02F4770
C02FDFF8
C0307B1F
C03118F2
C031B97C
C0325CCA
C03302E9
C033ABE4
C03457C9
C03506A4
C035B883
C0366D72
C037257F
C037E0B7
C0389F28
C03960DF
C03A25EA
C03AEE57
C03BBA33
C03C898D
C03D5C73
C03E32F2
C03F0D1A
C03FEAF7
C040CC9A
C041B20F
C0429B65
C04388AB
C04479EF
C0456F3E
C04668A9
C047663B
C0486804
C0496E12
C04A7873
C04B8733
C04C9A62
C04DB20B
C04ECE3D
C04FEF04
C051146C
C0523E83
C0536D55
C054A0EC
C055D954
C0571698
C05858C3
C0599FDF
C05AEBF4
C05C3D0C
C05D9330
C05EEE66
C0604EB6
C061B427
C0631EBE
C0648E80
C0660371
C0677D95
C068FCEF
C06A817F
C06C0B48
C06D9A48
C06F2E80
C070C7EC
C072668B
C0740A58
C075B350
C077616B
C07914A3
C07ACCF1
C07C8A4C
C07E4CAA
C0800A00
C080F022
C081D8B4
C082C3B0
C083B10E
C084A0C6
C08592D1
C0868727
C0877DBE
C088768D
C089718B
C08A6EAE
C08B6DEC
C08C6F3A
C08D728E
C08E77DC
C08F7F1B
C090883E
C091933A
C092A004
C093AE90
C094BED2
C095D0BF
C096E44A
C097F969
C099100E
C09A2830
C09B41C1
C09C5CB7
C09D7906
C09E96A3
C09FB582
C0A0D598
C0A1F6DB
C0A31941
C0A43CBD
C0A56147
C0A686D4
C0A7AD5A
C0A8D4D0
C0A9FD2C
C0AB2666
C0AC5073
C0AD7B4C
C0AEA6E9
C0AFD340
C0B1004A
C0B22E00
C0B35C59
C0B48B50
C0B5BADC
C0B6EAF7
C0B81B9B
C0B94CC2
C0BA7E65
C0BBB07E
C0BCE309
C0BE15FF
C0BF495C
C0C07D1B
C0C1B137
C0C2E5AB
C0C41A74
C0C54F8C
C0C684F0
C0C7BA9D
C0C8F08E
C0CA26C1
C0CB5D31
C0CC93DB
C0CDCABD
C0CF01D4
C0D0391D
C0D17095
C0D2A83A
C0D3E009
C0D51801
C0D6501E
C0D7885F
C0D8C0C2
C0D9F946
C0DB31E7
C0DC6AA6
C0DDA37F
C0DEDC72
C0E0157D
C0E14E9F
C0E287D6
C0E3C121
C0E4FA80
C0E633F0
C0E76D71
C0E8A703
C0E9E0A3
C0EB1A51
C0EC540C
C0ED8DD4
C0EEC7A8
C0F00186
C0F13B6F
C0F27561
C0F3AF5D
C0F4E961
C0F6236D
C0F75D80
C0F8979B
C0F9D1BC
C0FB0BE3
C0FC460F
C0FD8041
C0FEBA78
C0FFF4B4
C100977A
C101349C
C101D1BF
C1026EE5
C1030C0C
C103A935
C104465F
C104E38A
C10580B6
C1061DE4
C106BB12
C1075842
C107F572
C10892A3
C1092FD5
C109CD07
C10A6A3A
C01E9146
C01EE05B
C01F30A1
C01F821D
C01FD4D7
C02028D5
C0207E21
C020D4BF
C0212CB9
C0218615
C021E0DA
C0223D12
C0229AC4
C022F9F7
C0235AB3
C023BD01
C02420EA
C0248674
C024EDAA
C0255694
C025C13A
C0262DA5
C0269BDE
C0270BEF
C0277DE1
C027F1BD
C028678D
C028DF5B
C0295930
C029D516
C02A5317
C02AD33F
C02B5596
C02BDA28
C02C6100
C02CEA27
C02D75AA
C02E0393
C02E93EE
C02F26C6
C02FBC27
C030541B
C030EEB1
C0318BF2
C0322BEC
C032CEAB
C033743A
C0341CA8
C034C800
C0357650
C03627A4
C036DC0A
C037938E
C0384E3F
C0390C2A
C039CD5B
C03A91E2
C03B59CC
C03C2527
C03CF401
C03DC668
C03E9C69
C03F7614
C0405377
C04134A0
C042199D
C043027D
C043EF4D
C044E01D
C045D4FB
C046CDF4
C047CB18
C048CC74
C049D216
C04ADC0C
C04BEA64
C04CFD2C
C04E1470
C04F303E
C05050A4
C05175AD
C0529F66
C053CDDC
C0550119
C0563929
C0577617
C058B7ED
C059FEB6
C05B4A7B
C05C9B45
C05DF11C
C05F4C08
C060AC10
C062113A
C0637B8C
C064EB0C
C0665FBD
C067D9A3
C06958C0
C06ADD16
C06C66A6
C06DF570
C06F8973
C07122AE
C072C11C
C07464BB
C0760D86
C077BB77
C0796E87
C07B26AE
C07CE3E4
C07EA620
C08036AB
C0811CBD
C0820540
C082F02E
C083DD7E
C084CD2B
C085BF2B
C086B376
C087AA03
C088A2C9
C0899DBF
C08A9ADA
C08B9A11
C08C9B59
C08D9EA7
C08EA3F1
C08FAB2B
C090B44B
C091BF44
C092CC0B
C093DA95
C094EAD6
C095FCC1
C097104C
C098256B
C0993C11
C09A5433
C09B6DC6
C09C88BD
C09DA50D
C09EC2AC
C09FE18E
C0A101A7
C0A222ED
C0A34555
C0A468D5
C0A58D63
C0A6B2F4
C0A7D97E
C0A900F8
C0AA2958
C0AB5296
C0AC7CA8
C0ADA786
C0AED327
C0AFFF83
C0B12C92
C0B25A4C
C0B388AB
C0B4B7A6
C0B5E738
C0B71758
C0B84801
C0B9792C
C0BAAAD4
C0BBDCF3
C0BD0F83
C0BE427E
C0BF75E0
C0C0A9A4
C0C1DDC5
C0C3123E
C0C4470B
C0C57C28
C0C6B191
C0C7E743
C0C91D38
C0CA536F
C0CB89E4
C0CCC093
C0CDF779
C0CF2E94
C0D065E1
C0D19D5E
C0D2D507
C0D40CDA
C0D544D5
C0D67CF6
C0D7B53B
C0D8EDA2
C0DA2629
C0DB5ECE
C0DC9790
C0DDD06D
C0DF0963
C0E04271
C0E17B96
C0E2B4D1
C0E3EE1F
C0E52780
C0E660F4
C0E79A78
C0E8D40B
C0EA0DAE
C0EB475F
C0EC811D
C0EDBAE7
C0EEF4BD
C0F02E9E
C0F16889
C0F2A27E
C0F3DC7C
C0F51682
C0F65090
C0F78AA5
C0F8C4C1
C0F9FEE4
C0FB390D
C0FC733B
C0FDAD6F
C0FEE7A8
C10010F2
C100AE13
C1014B36
C101E85A
C1028581
C10322A8
C103BFD2
C1045CFC
C104FA28
C1059755
C1063483
C106D1B2
C1076EE2
C1080C13
C108A945
C1094677
C109E3AA
C10A80DE
C01F2233
C01F709A
C01FC032
C0201102
C0206310
C020B664
C0210B04
C02160F9
C021B849
C02210FC
C0226B1A
C022C6AA
C02323B4
C0238241
C023E258
C0244401
C024A744
C0250C2B
C02572BD
C025DB03
C0264507
C026B0D0
C0271E68
C0278DD8
C027FF2A
C0287267
C028E797
C0295EC6
C029D7FD
C02A5346
C02AD0AB
C02B5037
C02BD1F3
C02C55EA
C02CDC28
C02D64B7
C02DEFA1
C02E7CF2
C02F0CB6
C02F9EF8
C03033C3
C030CB23
C0316525
C03201D3
C032A13B
C0334369
C033E868
C0349047
C0353B11
C035E8D3
C036999B
C0374D76
C0380470
C038BE98
C0397BFA
C03A3CA6
C03B00A7
C03BC80D
C03C92E4
C03D613C
C03E3322
C03F08A5
C03FE1D2
C040BEB8
C0419F66
C04283E9
C0436C50
C04458AA
C0454905
C0463D6F
C04735F6
C04832A9
C0493396
C04A38CB
C04B4256
C04C5044
C04D62A4
C04E7982
C04F94EC
C050B4EE
C051D997
C05302F1
C0543109
C05563EB
C0569BA2
C057D838
C05919BA
C05A602F
C05BABA3
C05CFC1D
C05E51A7
C05FAC47
C0610C06
C06270E8
C063DAF6
C0654A32
C066BEA2
C0683848
C069B728
C06B3B44
C06CC49B
C06E532E
C06FE6FD
C0718004
C0731E42
C074C1B2
C0766A50
C0781816
C079CAFE
C07B82FE
C07D400F
C07F0228
C080649E
C0814AA0
C0823315
C0831DF5
C0840B39
C084FAD9
C085ECCD
C086E10E
C087D791
C088D04E
C089CB3C
C08AC850
C08BC780
C08CC8C2
C08DCC0B
C08ED150
C08FD886
C090E1A2
C091EC98
C092F95D
C09407E5
C0951825
C0962A10
C0973D9A
C09852B9
C099695F
C09A8183
C09B9B16
C09CB60F
C09DD262
C09EF003
C0A00EE7
C0A12F03
C0A2504D
C0A372B8
C0A4963C
C0A5BACD
C0A6E062
C0A806F1
C0A92E6F
C0AA56D4
C0AB8017
C0ACAA2D
C0ADD510
C0AF00B6
C0B02D17
C0B15A2B
C0B287EB
C0B3B64F
C0B4E54F
C0B614E6
C0B7450C
C0B875BA
C0B9A6EB
C0BAD898
C0BC0ABC
C0BD3D51
C0BE7052
C0BFA3B9
C0C0D782
C0C20BA8
C0C34026
C0C474F8
C0C5AA1A
C0C6DF89
C0C8153F
C0C94B39
C0CA8175
C0CBB7EE
C0CCEEA2
C0CE258D
C0CF5CAC
C0D093FE
C0D1CB7E
C0D3032B
C0D43B03
C0D57302
C0D6AB27
C0D7E370
C0D91BDB
C0DA5466
C0DB8D0F
C0DCC5D4
C0DDFEB4
C0DF37AE
C0E070C0
C0E1A9E8
C0E2E325
C0E41C77
C0E555DB
C0E68F52
C0E7C8D9
C0E9026F
C0EA3C15
C0EB75C8
C0ECAF89
C0EDE956
C0EF232E
C0F05D12
C0F196FF
C0F2D0F6
C0F40AF6
C0F544FE
C0F67F0E
C0F7B926
C0F8F344
C0FA2D69
C0FB6794
C0FCA1C4
C0FDDBF9
C0FF1634
C1002839
C100C55B
C101627E
C101FFA4
C1029CCB
C10339F3
C103D71D
C1047448
C1051175
C105AEA3
C1064BD1
C106E901
C1078632
C1082363
C108C095
C1095DC8
C109FAFC
C10A9830
C01FB646
C02003FF
C02052E9
C020A30B
C020F46C
C0214713
C0219B08
C021F052
C02246F8
C0229F01
C022F876
C023535D
C023AFBF
C0240DA4
C0246D14
C024CE16
C02530B4
C02594F5
C025FAE2
C0266284
C026CBE4
C027370A
C027A3FF
C02812CD
C028837E
C028F619
C0296AAA
C029E139
C02A59D0
C02AD47B
C02B5142
C02BD030
C02C514F
C02CD4AB
C02D5A4D
C02DE241
C02E6C91
C02EF949
C02F8875
C0301A1F
C030AE53
C031451D
C031DE89
C0327AA3
C0331978
C033BB12
C0345F80
C03506CE
C035B108
C0365E3C
C0370E76
C037C1C3
C0387832
C03931CF
C039EEA8
C03AAECB
C03B7245
C03C3925
C03D0378
C03DD14C
C03EA2B0
C03F77B2
C0405060
C0412CC8
C0420CF9
C042F101
C043D8EF
C044C4D0
C045B4B4
C046A8A9
C047A0BD
C0489CFE
C0499D7B
C04AA241
C04BAB5F
C04CB8E2
C04DCAD8
C04EE14F
C04FFC53
C0511BF2
C0524038
C0536932
C05496EC
C055C971
C05700CE
C0583D0C
C0597E37
C05AC458
C05C0F79
C05D5FA3
C05EB4DE
C0600F33
C0616EA7
C062D342
C0643D09
C065AC01
C067202F
C0689996
C06A1839
C06B9C18
C06D2536
C06EB392
C070472B
C071DFFF
C0737E0C
C075214D
C076C9BE
C0787759
C07A2A17
C07BE1F1
C07D9EDD
C07F60D2
C08093E3
C08179D5
C082623B
C0834D0D
C0843A44
C08529D8
C0861BC1
C0870FF7
C0880671
C088FF25
C089FA0B
C08AF717
C08BF641
C08CF77D
C08DFAC1
C08F0001
C0900734
C091104C
C0921B40
C0932803
C0943689
C09546C7
C09658B2
C0976C3C
C098815B
C0999803
C09AB027
C09BC9BC
C09CE4B7
C09E010C
C09F1EB0
C0A03D97
C0A15DB6
C0A27F03
C0A3A172
C0A4C4FA
C0A5E990
C0A70F29
C0A835BC
C0A95D3F
C0AA85A9
C0ABAEF0
C0ACD90C
C0AE03F4
C0AF2F9F
C0B05C06
C0B1891F
C0B2B6E4
C0B3E54E
C0B51454
C0B643F0
C0B7741B
C0B8A4CF
C0B9D606
C0BB07B8
C0BC39E2
C0BD6C7C
C0BE9F83
C0BFD2EF
C0C106BE
C0C23AE9
C0C36F6D
C0C4A444
C0C5D96C
C0C70EDF
C0C8449A
C0C97A9A
C0CAB0DA
C0CBE758
C0CD1E11
C0CE5501
C0CF8C25
C0D0C37B
C0D1FB00
C0D332B2
C0D46A8D
C0D5A291
C0D6DABA
C0D81307
C0D94B76
C0DA8405
C0DBBCB2
C0DCF57B
C0DE2E5F
C0DF675C
C0E0A071
C0E1D99D
C0E312DE
C0E44C32
C0E5859A
C0E6BF13
C0E7F89D
C0E93237
C0EA6BE0
C0EBA596
C0ECDF59
C0EE1929
C0EF5304
C0F08CEA
C0F1C6DA
C0F300D3
C0F43AD5
C0F574E0
C0F6AEF2
C0F7E90C
C0F9232C
C0FA5D53
C0FB9780
C0FCD1B2
C0FE0BE9
C0FF4625
C1004033
C100DD55
C1017A7A
C10217A0
C102B4C8
C10351F1
C103EF1C
C1048C48
C1052975
C105C6A3
C10663D3
C1070103
C1079E34
C1083B66
C108D899
C10975CC
C10A1300
C10AB035
C0204D89
C0209A92
C020E8CD
C0213841
C02188F5
C021DAEF
C0222E37
C02282D5
C022D8CF
C023302E
C02388F8
C023E336
C0243EEF
C0249C2B
C024FAF3
C0255B4E
C025BD44
C02620DF
C0268626
C026ED22
C02755DD
C027C05E
C0282CB0
C0289ADB
C0290AE8
C0297CE1
C029F0D0
C02A66BE
C02ADEB5
C02B58BF
C02BD4E7
C02C5336
C02CD3B7
C02D5675
C02DDB7B
C02E62D3
C02EEC88
C02F78A5
C0300737
C0309847
C0312BE3
C031C216
C0325AEB
C032F66F
C03394AE
C03435B5
C034D990
C035804B
C03629F4
C036D697
C0378641
C0383901
C038EEE2
C039A7F3
C03A6441
C03B23DA
C03BE6CC
C03CAD24
C03D76F1
C03E4440
C03F1521
C03FE9A0
C040C1CD
C0419DB5
C0427D68
C04360F4
C0444866
C04533CE
C046233A
C04716B8
C0480E57
C0490A25
C04A0A30
C04B0E87
C04C1736
C04D244D
C04E35D9
C04F4BE6
C0506684
C05185BD
C052A9A0
C053D239
C054FF93
C05631BB
C05768BC
C058A4A1
C059E575
C05B2B40
C05C760E
C05DC5E7
C05F1AD3
C06074DA
C061D403
C0633855
C064A1D6
C0661089
C0678475
C068FD9B
C06A7C00
C06BFFA3
C06D8887
C06F16AB
C070AA0F
C07242AF
C073E08B
C075839C
C0772BE0
C078D950
C07A8BE5
C07C4397
C07E005E
C07FC22F
C080C481
C081AA64
C08292BA
C0837D7E
C0846AA8
C0855A30
C0864C0E
C087403A
C08836AA
C0892F56
C08A2A33
C08B2739
C08C265C
C08D2792
C08E2AD1
C08F300D
C090373C
C0914051
C0924B42
C0935803
C0946688
C09576C6
C09688B0
C0979C3A
C098B15A
C099C803
C09AE028
C09BF9C0
C09D14BD
C09E3114
C09F4EBB
C0A06DA5
C0A18DC8
C0A2AF19
C0A3D18C
C0A4F518
C0A619B2
C0A73F50
C0A865E8
C0A98D70
C0AAB5DF
C0ABDF2C
C0AD094D
C0AE343A
C0AF5FEB
C0B08C57
C0B1B976
C0B2E741
C0B415B1
C0B544BD
C0B6745F
C0B7A490
C0B8D54A
C0BA0686
C0BB383F
C0BC6A6E
C0BD9D0E
C0BED01A
C0C0038D
C0C13761
C0C26B92
C0C3A01B
C0C4D4F8
C0C60A25
C0C73F9E
C0C8755E
C0C9AB63
C0CAE1A9
C0CC182C
C0CD4EEA
C0CE85DE
C0CFBD07
C0D0F462
C0D22BEC
C0D363A2
C0D49B82
C0D5D38B
C0D70BB8
C0D8440A
C0D97C7D
C0DAB50F
C0DBEDC0
C0DD268D
C0DE5F75
C0DF9876
C0E0D18F
C0E20ABE
C0E34402
C0E47D5B
C0E5B6C6
C0E6F042
C0E829CF
C0E9636C
C0EA9D18
C0EBD6D1
C0ED1097
C0EE4A69
C0EF8447
C0F0BE30
C0F1F822
C0F3321E
C0F46C23
C0F5A630
C0F6E044
C0F81A60
C0F95483
C0FA8EAC
C0FBC8DB
C0FD030F
C0FE3D48
C0FF7786
C10058E4
C100F608
C101932D
C1023054
C102CD7C
C1036AA6
C10407D2
C104A4FF
C105422D
C105DF5C
C1067C8C
C10719BD
C107B6EF
C1085421
C108F154
C1098E88
C10A2BBD
C10AC8F2
C020E806
C021345F
C02181EA
C021D0AF
C02220B4
C0227200
C022C49C
C023188C
C0236DDB
C023C48D
C0241CAD
C0247640
C024D14F
C0252DE1
C0258BFF
C025EBB2
C0264D00
C026AFF3
C0271493
C0277AE9
C027E2FD
C0284CD9
C028B886
C029260C
C0299575
C02A06CB
C02A7A16
C02AEF62
C02B66B7
C02BE020
C02C5BA7
C02CD956
C02D5938
C02DDB58
C02E5FBF
C02EE679
C02F6F91
C02FFB13
C0308909
C031197F
C031AC81
C032421B
C032DA58
C0337544
C03412ED
C034B35E
C03556A4
C035FCCB
C036A5E1
C03751F3
C038010C
C038B33C
C039688F
C03A2112
C03ADCD4
C03B9BE1
C03C5E49
C03D2418
C03DED5D
C03EBA26
C03F8A81
C0405E7D
C0413627
C042118F
C042F0C2
C043D3D0
C044BAC6
C045A5B3
C04694A5
C04787AB
C0487ED4
C0497A2E
C04A79C6
C04B7DAB
C04C85EB
C04D9294
C04EA3B4
C04FB958
C050D38D
C051F260
C05315DF
C0543E15
C0556B0F
C0569CD8
C057D37D
C0590F07
C05A4F82
C05B94F8
C05CDF71
C05E2EF8
C05F8394
C060DD4D
C0623C2A
C063A033
C065096C
C06677DA
C067EB83
C0696468
C06AE28E
C06C65F5
C06DEE9E
C06F7C8A
C0710FB7
C072A824
C07445CD
C075E8AF
C07790C6
C0793E0A
C07AF075
C07CA800
C07E64A1
C0801328
C080F680
C081DC53
C082C49B
C083AF52
C0849C6E
C0858BEA
C0867DBD
C08771DF
C0886845
C08960E8
C08A5BBE
C08B58BC
C08C57D9
C08D590A
C08E5C44
C08F617C
C09068A7
C09171BA
C0927CA9
C0938968
C09497EC
C095A829
C096BA13
C097CD9E
C098E2BE
C099F968
C09B1190
C09C2B29
C09D4629
C09E6284
C09F802D
C0A09F1B
C0A1BF42
C0A2E097
C0A4030E
C0A5269F
C0A64B3E
C0A770E1
C0A8977E
C0A9BF0B
C0AAE780
C0AC10D2
C0AD3AF9
C0AE65EC
C0AF91A3
C0B0BE15
C0B1EB3A
C0B3190B
C0B44780
C0B57693
C0B6A63B
C0B7D672
C0B90732
C0BA3875
C0BB6A33
C0BC9C69
C0BDCF0F
C0BF0221
C0C0359A
C0C16974
C0C29DAB
C0C3D23A
C0C5071D
C0C63C4F
C0C771CE
C0C8A794
C0C9DD9E
C0CB13E9
C0CC4A72
C0CD8135
C0CEB82F
C0CFEF5D
C0D126BD
C0D25E4B
C0D39607
C0D4CDEC
C0D605F8
C0D73E2B
C0D87680
C0D9AEF8
C0DAE78F
C0DC2044
C0DD5915
C0DE9201
C0DFCB06
C0E10422
C0E23D55
C0E3769D
C0E4AFF9
C0E5E967
C0E722E7
C0E85C78
C0E99618
C0EACFC7
C0EC0983
C0ED434C
C0EE7D21
C0EFB702
C0F0F0ED
C0F22AE2
C0F364E1
C0F49EE8
C0F5D8F8
C0F7130F
C0F84D2D
C0F98752
C0FAC17D
C0FBFBAE
C0FD35E4
C0FE701F
C0FFAA5F
C1007252
C1010F76
C101AC9C
C10249C4
C102E6ED
C1038418
C1042145
C104BE72
C1055BA1
C105F8D1
C1069601
C1073333
C107D066
C1086D99
C1090ACD
C109A801
C10A4536
C10AE26C
C02185C5
C021D16D
C0221E49
C0226C5E
C022BBB4
C0230C52
C0235E3F
C023B182
C0240624
C0245C2A
C024B39D
C0250C85
C02566E9
C025C2D1
C0262045
C0267F4E
C026DFF3
C027423D
C027A635
C0280BE3
C0287351
C028DC86
C029478C
C029B46D
C02A2331
C02A93E2
C02B0689
C02B7B31
C02BF1E4
C02C6AAA
C02CE58F
C02D629D
C02DE1DF
C02E635E
C02EE726
C02F6D41
C02FF5BB
C030809F
C0310DF9
C0319DD3
C032303A
C032C539
C0335CDC
C033F730
C0349441
C035341B
C035D6CB
C0367C5D
C03724DF
C037D05D
C0387EE4
C0393083
C039E545
C03A9D3A
C03B586D
C03C16EE
C03CD8CA
C03D9E0F
C03E66CB
C03F330C
C04002E1
C040D658
C041AD7E
C0428864
C0436716
C04449A4
C045301C
C0461A8C
C0470904
C047FB91
C048F243
C049ED26
C04AEC4A
C04BEFBD
C04CF78C
C04E03C7
C04F1479
C05029B2
C051437D
C05261E9
C0538503
C054ACD5
C055D96E
C0570AD8
C058411F
C0597C4E
C05ABC70
C05C018E
C05D4BB2
C05E9AE6
C05FEF31
C061489B
C062A72C
C0640AEA
C06573DB
C066E204
C0685569
C069CE0D
C06B4BF3
C06CCF1D
C06E578B
C06FE53E
C0717835
C073106E
C074ADE5
C0765097
C077F87F
C079A598
C07B57D9
C07D0F3D
C07ECBB9
C08046A2
C08129E9
C0820FAD
C082F7E6
C083E28F
C084CF9F
C085BF0F
C086B0D6
C087A4EE
C0889B4B
C08993E6
C08A8EB4
C08B8BAB
C08C8AC2
C08D8BED
C08E8F23
C08F9457
C0909B7F
C091A48F
C092AF7C
C093BC39
C094CABD
C095DAF9
C096ECE3
C098006F
C0991591
C09A2C3D
C09B4466
C09C5E02
C09D7905
C09E9563
C09FB310
C0A0D202
C0A1F22C
C0A31386
C0A43602
C0A55998
C0A67E3B
C0A7A3E4
C0A8CA86
C0A9F219
C0AB1A94
C0AC43EC
C0AD6E19
C0AE9912
C0AFC4CF
C0B0F148
C0B21E73
C0B34C4B
C0B47AC7
C0B5A9DF
C0B6D98E
C0B809CC
C0B93A92
C0BA6BDB
C0BB9DA0
C0BCCFDC
C0BE0289
C0BF35A2
C0C06920
C0C19D01
C0C2D13E
C0C405D3
C0C53ABC
C0C66FF5
C0C7A579
C0C8DB45
C0CA1155
C0CB47A6
C0CC7E34
C0CDB4FC
C0CEEBFC
C0D0232F
C0D15A94
C0D29228
C0D3C9E8
C0D501D2
C0D639E4
C0D7721B
C0D8AA75
C0D9E2F1
C0DB1B8D
C0DC5446
C0DD8D1B
C0DEC60B
C0DFFF14
C0E13835
C0E2716C
C0E3AAB7
C0E4E417
C0E61D89
C0E7570D
C0E890A1
C0E9CA44
C0EB03F6
C0EC3DB5
C0ED7782
C0EEB15A
C0EFEB3E
C0F1252C
C0F25F24
C0F39925
C0F4D32F
C0F60D41
C0F7475A
C0F8817B
C0F9BBA2
C0FAF5D0
C0FC3003
C0FD6A3B
C0FEA479
C0FFDEBB
C1008C80
C10129A6
C101C6CD
C10263F5
C1030120
C1039E4B
C1043B79
C104D8A7
C10575D6
C1061307
C106B039
C1074D6B
C107EA9E
C10887D2
C1092507
C109C23C
C10A5F72
C10AFCA8
C02226D1
C02271C8
C022BDF3
C0230B58
C02359FE
C023A9ED
C023FB2C
C0244DC1
C024A1B5
C024F70E
C0254DD5
C025A610
C025FFC8
C0265B05
C026B7CE
C027162D
C0277628
C027D7C9
C0283B18
C028A01E
C02906E3
C0296F71
C029D9D0
C02A460A
C02AB427
C02B2433
C02B9635
C02C0A39
C02C8047
C02CF86A
C02D72AC
C02DEF18
C02E6DB7
C02EEE95
C02F71BC
C02FF738
C0307F12
C0310958
C0319613
C0322551
C032B71B
C0334B7E
C033E287
C0347C41
C03518B8
C035B7FA
C0365A12
C036FF0E
C037A6FA
C03851E4
C038FFD8
C039B0E3
C03A6515
C03B1C78
C03BD71D
C03C9510
C03D565F
C03E1B18
C03EE349
C03FAF01
C0407E4E
C041513E
C04227E0
C0430242
C043E072
C044C27F
C045A878
C046926B
C0478066
C0487279
C04968B1
C04A631E
C04B61CD
C04C64CC
C04D6C29
C04E77F4
C04F8838
C0509D04
C051B665
C052D469
C053F71C
C0551E8A
C0564AC0
C0577BC9
C058B1B2
C059EC85
C05B2C4C
C05C7112
C05DBAE1
C05F09C1
C0605DBA
C061B6D5
C0631519
C064788C
C065E134
C0674F17
C068C237
C06A3A99
C06BB83F
C06D3B2C
C06EC35F
C07050D9
C071E399
C0737B9D
C07518E2
C076BB64
C078631E
C07A100B
C07BC223
C07D795E
C07F35B5
C0807B8E
C0815EC5
C0824479
C0832CA4
C084173E
C0850441
C085F3A6
C086E562
C087D970
C088CFC4
C089C856
C08AC31D
C08BC00E
C08CBF1E
C08DC045
C08EC376
C08FC8A6
C090CFCB
C091D8D9
C092E3C4
C093F080
C094FF03
C0960F40
C097212A
C09834B7
C09949DB
C09A6088
C09B78B4
C09C9253
C09DAD59
C09EC9BA
C09FE76C
C0A10661
C0A22691
C0A347EF
C0A46A70
C0A58E0B
C0A6B2B5
C0A7D862
C0A8FF0B
C0AA26A4
C0AB4F25
C0AC7883
C0ADA2B7
C0AECDB6
C0AFF97A
C0B125F9
C0B2532B
C0B3810A
C0B4AF8C
C0B5DEAC
C0B70E61
C0B83EA6
C0B96F73
C0BAA0C3
C0BBD28F
C0BD04D2
C0BE3785
C0BF6AA4
C0C09E2A
C0C1D211
C0C30654
C0C43AF0
C0C56FDF
C0C6A51E
C0C7DAA8
C0C9107A
C0CA4691
C0CB7CE7
C0CCB37B
C0CDEA49
C0CF214F
C0D05888
C0D18FF2
C0D2C78B
C0D3FF51
C0D53740
C0D66F56
C0D7A792
C0D8DFF2
C0DA1872
C0DB5112
C0DC89D0
C0DDC2AA
C0DEFB9F
C0E034AC
C0E16DD1
C0E2A70B
C0E3E05B
C0E519BF
C0E65334
C0E78CBC
C0E8C653
C0E9FFFA
C0EB39AF
C0EC7372
C0EDAD42
C0EEE71D
C0F02104
C0F15AF5
C0F294F0
C0F3CEF4
C0F50901
C0F64315
C0F77D31
C0F8B755
C0F9F17E
C0FB2BAE
C0FC65E4
C0FDA01E
C0FEDA5E
C1000A51
C100A775
C101449B
C101E1C3
C1027EED
C1031C18
C103B945
C1045673
C104F3A2
C10590D2
C1062E04
C106CB36
C1076869
C108059D
C108A2D2
C1094007
C109DD3D
C10A7A73
C10B17AA
C022CB33
C0231578
C02360F2
C023ADA6
C023FB9D
C0244ADC
C0249B6C
C024ED53
C0254098
C0259544
C025EB5E
C02642EC
C0269BF8
C026F689
C02752A7
C027B05A
C0280FAB
C02870A2
C028D347
C02937A3
C0299DC0
C02A05A5
C02A6F5C
C02ADAEE
C02B4865
C02BB7CA
C02C2926
C02C9C84
C02D11ED
C02D896C
C02E030A
C02E7ED2
C02EFCCE
C02F7D0A
C02FFF8F
C030846A
C0310BA4
C031954A
C0322166
C032B005
C0334132
C033D4F8
C0346B65
C0350484
C035A061
C0363F09
C036E088
C03784EC
C0382C41
C038D695
C03983F4
C03A346C
C03AE80A
C03B9EDD
C03C58F0
C03D1654
C03DD715
C03E9B41
C03F62E7
C0402E14
C040FCD8
C041CF40
C042A55C
C0437F38
C0445CE5
C0453E70
C04623E9
C0470D5D
C047FADB
C048EC72
C049E230
C04ADC24
C04BDA5D
C04CDCE7
C04DE3D2
C04EEF2B
C04FFF00
C051135F
C0522C55
C05349EF
C0546C3A
C0559342
C056BF15
C057EFBD
C0592547
C05A5FBC
C05B9F28
C05CE396
C05E2D0D
C05F7B99
C060CF40
C062280B
C0638601
C064E929
C0665187
C067BF22
C06931FE
C06AAA1E
C06C2784
C06DAA32
C06F322A
C070BF6B
C07251F4
C073E9C3
C07586D5
C0772926
C078D0B2
C07A7D73
C07C2F61
C07DE676
C07FA2A7
C080B1F5
C081951B
C0827AC0
C08362DC
C0844D69
C0853A5F
C08629B8
C0871B6A
C0880F6D
C08905B9
C089FE43
C08AF902
C08BF5EC
C08CF4F8
C08DF619
C08EF946
C08FFE73
C0910595
C0920EA1
C093198A
C0942646
C09534C9
C0964505
C09756F1
C0986A7F
C0997FA5
C09A9654
C09BAE83
C09CC825
C09DE32F
C09EFF94
C0A01D4A
C0A13C44
C0A25C78
C0A37DDC
C0A4A063
C0A5C403
C0A6E8B2
C0A80E66
C0A93515
C0AA5CB5
C0AB853C
C0ACAEA1
C0ADD8DB
C0AF03E2
C0B02FAC
C0B15C32
C0B2896C
C0B3B751
C0B4E5DB
C0B61502
C0B744BE
C0B8750A
C0B9A5DF
C0BAD735
C0BC0909
C0BD3B52
C0BE6E0D
C0BFA133
C0C0D4BF
C0C208AD
C0C33CF7
C0C4719A
C0C5A690
C0C6DBD5
C0C81166
C0C9473F
C0CA7D5B
C0CBB3B8
C0CCEA52
C0CE2126
C0CF5831
C0D08F70
C0D1C6E0
C0D2FE7F
C0D4364A
C0D56E3E
C0D6A65A
C0D7DE9B
C0D91700
C0DA4F85
C0DB882A
C0DCC0ED
C0DDF9CC
C0DF32C4
C0E06BD6
C0E1A4FF
C0E2DE3E
C0E41792
C0E550FA
C0E68A73
C0E7C3FE
C0E8FD9A
C0EA3744
C0EB70FD
C0ECAAC3
C0EDE496
C0EF1E75
C0F0585F
C0F19253
C0F2CC51
C0F40658
C0F54068
C0F67A7F
C0F7B49E
C0F8EEC4
C0FA28F0
C0FB6322
C0FC9D5A
C0FDD797
C0FF11D9
C1002610
C100C335
C101605C
C101FD85
C1029AB0
C10337DC
C103D50A
C1047239
C1050F69
C105AC9A
C10649CC
C106E6FF
C1078433
C1082168
C108BE9D
C1095BD3
C109F909
C10A9640
C10B3378
C02372F4
C023BC87
C0240750
C0245354
C024A09A
C024EF2A
C0253F0A
C0259042
C025E2D9
C02636D7
C0268C43
C026E324
C0273B83
C0279568
C027F0DA
C0284DE1
C028AC87
C0290CD3
C0296ECE
C029D280
C02A37F3
C02A9F2F
C02B083D
C02B7327
C02BDFF6
C02C4EB3
C02CBF69
C02D3220
C02DA6E3
C02E1DBC
C02E96B5
C02F11D9
C02F8F31
C0300ECA
C03090AC
C03114E5
C0319B7E
C0322482
C032AFFF
C0333DFE
C033CE8C
C03461B5
C034F784
C0359006
C0362B47
C036C955
C0376A3A
C0380E05
C038B4C3
C0395E7F
C03A0B48
C03ABB2B
C03B6E35
C03C2475
C03CDDF7
C03D9AC9
C03E5AFB
C03F1E99
C03FE5B1
C040B053
C0417E8D
C042506C
C0432600
C043FF56
C044DC7E
C045BD86
C046A27D
C0478B71
C0487871
C049698B
C04A5ECF
C04B5849
C04C560A
C04D581E
C04E5E95
C04F697C
C05078E1
C0518CD1
C052A55A
C053C28A
C054E46D
C0560B0F
C057367D
C05866C3
C0599BEC
C05AD604
C05C1514
C05D5928
C05EA248
C05FF07E
C06143D3
C0629C4D
C063F9F5
C0655CD0
C066C4E5
C0683238
C069A4CF
C06B1CAC
C06C99D1
C06E1C41
C06FA3FD
C0713104
C072C356
C0745AF0
C075F7CF
C07799F0
C079414E
C07AEDE3
C07C9FA7
C07E5694
C0800950
C080E9E0
C081CCF6
C082B28A
C0839A98
C0848517
C0857201
C086614E
C08752F6
C08846EF
C0893D32
C08A35B4
C08B306C
C08C2D51
C08D2C56
C08E2D73
C08F309C
C09035C6
C0913CE6
C09245EF
C09350D8
C0945D93
C0956C16
C0967C54
C0978E41
C098A1D1
C099B6F8
C09ACDAB
C09BE5DD
C09CFF82
C09E1A90
C09F36F9
C0A054B3
C0A173B3
C0A293ED
C0A3B555
C0A4D7E2
C0A5FB89
C0A7203E
C0A845F9
C0A96CAE
C0AA9454
C0ABBCE2
C0ACE64F
C0AE1090
C0AF3B9E
C0B06770
C0B193FD
C0B2C13E
C0B3EF2B
C0B51DBD
C0B64CEB
C0B77CAF
C0B8AD02
C0B9DDDE
C0BB0F3D
C0BC4117
C0BD7368
C0BEA62A
C0BFD958
C0C10CEB
C0C240E0
C0C37532
C0C4A9DB
C0C5DED8
C0C71424
C0C849BC
C0C97F9B
C0CAB5BE
C0CBEC22
C0CD22C2
C0CE599C
C0CF90AE
C0D0C7F3
C0D1FF69
C0D3370D
C0D46EDE
C0D5A6D8
C0D6DEF9
C0D81740
C0D94FAA
C0DA8834
C0DBC0DE
C0DCF9A6
C0DE3289
C0DF6B87
C0E0A49D
C0E1DDCB
C0E3170E
C0E45067
C0E589D2
C0E6C350
C0E7FCDF
C0E9367E
C0EA702D
C0EBA9E9
C0ECE3B3
C0EE1D8A
C0EF576C
C0F09159
C0F1CB50
C0F30551
C0F43F5C
C0F5796E
C0F6B388
C0F7EDAA
C0F927D3
C0FA6202
C0FB9C36
C0FCD671
C0FE10B0
C0FF4AF5
C100429F
C100DFC5
C1017CED
C1021A17
C102B743
C1035470
C103F19F
C1048ECF
C1052C00
C105C932
C1066665
C1070399
C107A0CD
C1083E03
C108DB39
C1097870
C10A15A7
C10AB2DE
C10B5017
C0241E1D
C02466FF
C024B116
C024FC6A
C0254900
C02596DF
C025E610
C0263699
C0268882
C026DBD1
C027308F
C02786C3
C027DE74
C02837AC
C0289272
C028EECD
C0294CC7
C029AC67
C02A0DB7
C02A70BF
C02AD587
C02B3C19
C02BA47E
C02C0EBF
C02C7AE6
C02CE8FB
C02D5909
C02DCB19
C02E3F35
C02EB567
C02F2DBB
C02FA839
C03024ED
C030A3E1
C0312520
C031A8B5
C0322EAC
C032B70F
C03341EA
C033CF49
C0345F37
C034F1C0
C03586F1
C0361ED6
C036B97B
C03756EC
C037F737
C0389A68
C039408C
C039E9B0
C03A95E2
C03B452E
C03BF7A4
C03CAD4F
C03D663E
C03E227F
C03EE220
C03FA52E
C0406BB9
C04135CE
C042037C
C042D4D1
C043A9DC
C04482AB
C0455F4E
C0463FD1
C0472445
C0480CB8
C048F938
C049E9D5
C04ADE9C
C04BD79C
C04CD4E4
C04DD681
C04EDC83
C04FE6F7
C050F5EA
C052096B
C0532187
C0543E4B
C0555FC5
C0568600
C057B109
C058E0EB
C05A15B4
C05B4F6D
C05C8E20
C05DD1DA
C05F1AA2
C0606882
C061BB83
C06313AC
C0647105
C065D393
C0673B5E
C068A869
C06A1ABA
C06B9253
C06D0F38
C06E916A
C07018E9
C071A5B6
C07337D0
C074CF35
C0766BE2
C0780DD2
C079B502
C07B616A
C07D1305
C07EC9CA
C08042D8
C0812357
C082065C
C082EBE1
C083D3E1
C084BE53
C085AB30
C0869A72
C0878C0F
C0887FFF
C0897639
C08A6EB4
C08B6965
C08C6643
C08D6544
C08E665C
C08F6982
C0906EA9
C09175C6
C0927ECF
C09389B6
C0949672
C095A4F5
C096B533
C097C722
C098DAB4
C099EFDE
C09B0694
C09C1EC9
C09D3873
C09E5385
C09F6FF3
C0A08DB2
C0A1ACB7
C0A2CCF7
C0A3EE65
C0A510F9
C0A634A5
C0A75962
C0A87F23
C0A9A5DF
C0AACD8D
C0ABF622
C0AD1F96
C0AE49DF
C0AF74F5
C0B0A0CF
C0B1CD64
C0B2FAAD
C0B428A2
C0B5573B
C0B68671
C0B7B63D
C0B8E698
C0BA177C
C0BB48E2
C0BC7AC5
C0BDAD1E
C0BEDFE7
C0C0131C
C0C146B8
C0C27AB4
C0C3AF0D
C0C4E3BE
C0C618C2
C0C74E15
C0C883B4
C0C9B99A
C0CAEFC4
C0CC262E
C0CD5CD6
C0CE93B6
C0CFCACE
C0D10219
C0D23996
C0D37140
C0D4A917
C0D5E117
C0D7193E
C0D8518A
C0D989F9
C0DAC289
C0DBFB39
C0DD3405
C0DE6CEE
C0DFA5F0
C0E0DF0C
C0E2183E
C0E35186
C0E48AE3
C0E5C453
C0E6FDD5
C0E83768
C0E9710B
C0EAAABE
C0EBE47E
C0ED1E4C
C0EE5826
C0EF920C
C0F0CBFC
C0F205F7
C0F33FFB
C0F47A09
C0F5B41E
C0F6EE3C
C0F82860
C0F9628C
C0FA9CBD
C0FBD6F5
C0FD1132
C0FE4B74
C0FF85BB
C1006003
C100FD2B
C1019A54
C102377F
C102D4AC
C10371DA
C1040F0A
C104AC3A
C105496C
C105E69F
C10683D3
C1072108
C107BE3D
C1085B74
C108F8AB
C10995E2
C10A331A
C10AD052
C10B6D8B
C024CCB9
C02514E9
C0255E4F
C025A8F2
C025F4D7
C0264207
C0269088
C026E062
C027319C
C027843D
C027D84C
C0282DD2
C02884D7
C028DD61
C029377A
C0299329
C029F076
C02A4F6B
C02AB00F
C02B126C
C02B768A
C02BDC72
C02C442C
C02CADC4
C02D1941
C02D86AD
C02DF612
C02E677B
C02EDAEF
C02F507B
C02FC828
C0304200
C030BE0E
C0313C5D
C031BCF8
C0323FE9
C032C53C
C0334CFC
C033D735
C03463F3
C034F340
C035852A
C03619BB
C036B101
C0374B09
C037E7DD
C038878C
C0392A21
C039CFAB
C03A7836
C03B23D0
C03BD285
C03C8464
C03D397A
C03DF1D5
C03EAD83
C03F6C92
C0402F10
C040F50C
C041BE93
C0428BB4
C0435C7E
C04430FF
C0450946
C045E561
C046C560
C047A950
C0489141
C0497D40
C04A6D5E
C04B61A8
C04C5A2C
C04D56FA
C04E5820
C04F5DAC
C05067AB
C051762C
C052893D
C053A0EB
C054BD43
C055DE52
C0570425
C0582EC8
C0595E47
C05A92AD
C05BCC07
C05D0A5D
C05E4DBB
C05F962B
C060E3B5
C0623661
C0638E38
C064EB42
C0664D83
C067B503
C06921C6
C06A93D1
C06C0B27
C06D87CA
C06F09BD
C0709100
C0721D93
C073AF75
C07546A5
C076E31E
C07884DE
C07A2BE0
C07BD81C
C07D898D
C07F402B
C0807DF6
C0815E63
C0824158
C08326CE
C0840EBF
C084F924
C085E5F5
C086D52C
C087C6BF
C088BAA5
C089B0D7
C08AA94A
C08BA3F5
C08CA0CE
C08D9FC9
C08EA0DE
C08FA400
C090A924
C091B040
C092B947
C093C42F
C094D0EA
C095DF6E
C096EFAE
C098019F
C0991534
C09A2A61
C09B411A
C09C5953
C09D7301
C09E8E18
C09FAA8B
C0A0C850
C0A1E75B
C0A307A1
C0A42916
C0A54BB0
C0A66F63
C0A79427
C0A8B9EF
C0A9E0B3
C0AB0869
C0AC3106
C0AD5A81
C0AE84D3
C0AFAFF0
C0B0DBD2
C0B20870
C0B335C1
C0B463BE
C0B5925F
C0B6C19E
C0B7F172
C0B921D6
C0BA52C2
C0BB8431
C0BCB61B
C0BDE87C
C0BF1B4E
C0C04E8B
C0C1822E
C0C2B633
C0C3EA93
C0C51F4C
C0C65457
C0C789B2
C0C8BF58
C0C9F546
C0CB2B77
C0CC61E8
C0CD9896
C0CECF7E
C0D0069C
C0D13DEE
C0D27571
C0D3AD22
C0D4E4FF
C0D61D05
C0D75532
C0D88D84
C0D9C5F9
C0DAFE8F
C0DC3744
C0DD7016
C0DEA904
C0DFE20B
C0E11B2B
C0E25463
C0E38DB0
C0E4C711
C0E60085
C0E73A0C
C0E873A4
C0E9AD4B
C0EAE701
C0EC20C6
C0ED5A98
C0EE9475
C0EFCE5F
C0F10853
C0F24251
C0F37C59
C0F4B66A
C0F5F083
C0F72AA3
C0F864CB
C0F99EF9
C0FAD92E
C0FC1368
C0FD4DA8
C0FE87ED
C0FFC236
C1007E42
C1011B6B
C101B895
C10255C2
C102F2EF
C103901F
C1042D4F
C104CA81
C10567B4
C10604E8
C106A21D
C1073F52
C107DC89
C10879C0
C10916F8
C109B430
C10A5169
C10AEEA2
C10B8BDB
C0257ED0
C025C64F
C0260F04
C02658F6
C026A42B
C026F0AC
C0273E7D
C0278DA8
C027DE32
C0283025
C0288386
C028D85E
C0292EB5
C0298692
C029DFFD
C02A3B00
C02A97A1
C02AF5EA
C02B55E2
C02BB793
C02C1B06
C02C8043
C02CE753
C02D5040
C02DBB14
C02E27D7
C02E9693
C02F0752
C02F7A1F
C02FEF03
C0306608
C030DF3A
C0315AA1
C031D84B
C0325840
C032DA8D
C0335F3C
C033E658
C0346FEE
C034FC09
C0358AB5
C0361BFE
C036AFEF
C0374696
C037DFFF
C0387C35
C0391B47
C039BD41
C03A622F
C03B0A20
C03BB520
C03C633D
C03D1485
C03DC905
C03E80CB
C03F3BE5
C03FFA61
C040BC4E
C04181B9
C0424AB1
C0431745
C043E783
C044BB79
C0459336
C0466ECA
C0474E42
C04831AD
C049191A
C04A0498
C04AF436
C04BE802
C04CE00A
C04DDC5D
C04EDD0A
C04FE21F
C050EBA9
C051F9B7
C0530C57
C0542396
C0553F81
C0566025
C057858F
C058AFCB
C059DEE5
C05B12E9
C05C4BE3
C05D89DB
C05ECCDE
C06014F4
C0616227
C062B47F
C0640C04
C06568BD
C066CAB1
C06831E6
C0699E60
C06B1024
C06C8736
C06E0398
C06F854C
C0710C52
C07298AB
C0742A56
C075C150
C0775D97
C078FF26
C07AA5F9
C07C520A
C07E0351
C07FB9C8
C080BAB2
C0819B0E
C0827DF2
C0836359
C0844B3C
C0853594
C0862259
C0871185
C088030E
C088F6EB
C089ED15
C08AE581
C08BE026
C08CDCF9
C08DDBF0
C08EDD01
C08FE020
C090E542
C091EC5D
C092F563
C094004B
C0950D07
C0961B8C
C0972BCE
C0983DC1
C0995159
C09A6689
C09B7D46
C09C9584
C09DAF37
C09ECA53
C09FE6CC
C0A10497
C0A223A8
C0A343F4
C0A46570
C0A58811
C0A6ABCC
C0A7D097
C0A8F668
C0AA1D34
C0AB44F1
C0AC6D96
C0AD971A
C0AEC174
C0AFEC9A
C0B11885
C0B2452B
C0B37285
C0B4A08B
C0B5CF35
C0B6FE7C
C0B82E59
C0B95EC6
C0BA8FBA
C0BBC132
C0BCF325
C0BE258E
C0BF5869
C0C08BAE
C0C1BF5A
C0C2F366
C0C427CF
C0C55C8F
C0C691A3
C0C7C706
C0C8FCB4
C0CA32A9
C0CB68E1
C0CC9F5A
C0CDD60F
C0CF0CFE
C0D04424
C0D17B7C
C0D2B306
C0D3EABE
C0D522A1
C0D65AAD
C0D792E1
C0D8CB39
C0DA03B4
C0DB3C4F
C0DC750A
C0DDADE2
C0DEE6D5
C0E01FE2
C0E15907
C0E29244
C0E3CB96
C0E504FC
C0E63E75
C0E77800
C0E8B19C
C0E9EB48
C0EB2503
C0EC5ECC
C0ED98A1
C0EED283
C0F00C71
C0F14669
C0F2806B
C0F3BA76
C0F4F48A
C0F62EA6
C0F768CA
C0F8A2F5
C0F9DD26
C0FB175E
C0FC519B
C0FD8BDE
C0FEC625
C1000039
C1009D61
C1013A8B
C101D7B7
C10274E4
C1031213
C103AF44
C1044C75
C104E9A8
C10586DC
C1062411
C106C147
C1075E7D
C107FBB5
C10898ED
C1093625
C109D35E
C10A7098
C10B0DD2
C10BAB0C
C026346C
C0267B3A
C026C33F
C0270C80
C0275706
C027A2D6
C027EFF9
C0283E74
C0288E50
C028DF93
C0293247
C0298671
C029DC1A
C02A3349
C02A8C08
C02AE65D
C02B4252
C02B9FEE
C02BFF3A
C02C6040
C02CC307
C02D2799
C02D8DFE
C02DF641
C02E606A
C02ECC83
C02F3A96
C02FAAAC
C0301CD0
C030910C
C0310769
C0317FF3
C031FAB4
C03277B7
C032F706
C03378AE
C033FCB8
C0348330
C0350C23
C035979B
C03625A4
C036B64B
C037499C
C037DFA2
C038786B
C0391403
C039B277
C03A53D4
C03AF826
C03B9F7C
C03C49E2
C03CF766
C03DA815
C03E5BFE
C03F132E
C03FCDB3
C0408B9C
C0414CF6
C04211D0
C042DA38
C043A63D
C04475EE
C0454958
C046208B
C046FB96
C047DA86
C048BD6C
C049A455
C04A8F51
C04B7E6E
C04C71BA
C04D6945
C04E651D
C04F6550
C05069ED
C0517301
C052809C
C05392C9
C054A998
C055C515
C056E54E
C0580A4E
C0593423
C05A62D8
C05B9679
C05CCF12
C05E0CAC
C05F4F52
C060970F
C061E3EA
C06335EC
C0648D1F
C065E988
C0674B2E
C068B217
C06A1E48
C06B8FC6
C06D0694
C06E82B4
C0700429
C0718AF2
C0731711
C074A884
C0763F48
C077DB5C
C0797CBB
C07B2360
C07CCF45
C07E8063
C0801B59
C080F915
C081D960
C082BC34
C083A18C
C0848961
C08573AC
C0866066
C0874F86
C0884106
C08934DB
C08A2AFC
C08B2362
C08C1E00
C08D1ACF
C08E19C2
C08F1ACF
C0901DEC
C091230C
C0922A25
C093332C
C0943E14
C0954AD1
C0965958
C097699C
C0987B92
C0998F2D
C09AA461
C09BBB23
C09CD366
C09DED1E
C09F083F
C0A024BF
C0A14290
C0A261A8
C0A381FB
C0A4A37E
C0A5C627
C0A6E9EA
C0A80EBD
C0A93496
C0AA5B6A
C0AB8330
C0ACABDE
C0ADD56B
C0AEFFCE
C0B02AFD
C0B156F1
C0B283A0
C0B3B103
C0B4DF12
C0B60DC5
C0B73D16
C0B86CFC
C0B99D72
C0BACE70
C0BBFFF0
C0BD31EC
C0BE645F
C0BF9742
C0C0CA90
C0C1FE44
C0C33259
C0C466CA
C0C59B93
C0C6D0AF
C0C8061A
C0C93BD0
C0CA71CD
C0CBA80E
C0CCDE8E
C0CE154B
C0CF4C41
C0D0836E
C0D1BACE
C0D2F25F
C0D42A1D
C0D56207
C0D69A1A
C0D7D254
C0D90AB3
C0DA4334
C0DB7BD6
C0DCB496
C0DDED74
C0DF266D
C0E05F7F
C0E198AA
C0E2D1EC
C0E40B43
C0E544AE
C0E67E2D
C0E7B7BD
C0E8F15D
C0EA2B0E
C0EB64CD
C0EC9E9A
C0EDD874
C0EF125A
C0F04C4B
C0F18647
C0F2C04D
C0F3FA5C
C0F53474
C0F66E93
C0F7A8BB
C0F8E2E9
C0FA1D1E
C0FB5758
C0FC9199
C0FDCBDE
C0FF0629
C100203C
C100BD65
C1015A90
C101F7BE
C10294EC
C103321D
C103CF4E
C1046C81
C10509B5
C105A6EA
C1064420
C106E157
C1077E8E
C1081BC6
C108B8FF
C1095639
C109F373
C10A90AD
C10B2DE8
C10BCB23
C026ED97
C02733B5
C0277B09
C027C39B
C0280D71
C0285892
C028A505
C028F2D1
C02941FF
C0299294
C029E499
C02A3815
C02A8D10
C02AE393
C02B3BA4
C02B954C
C02BF094
C02C4D84
C02CAC24
C02D0C7D
C02D6E99
C02DD27F
C02E383A
C02E9FD2
C02F0950
C02F74BF
C02FE228
C0305195
C030C310
C03136A3
C031AC58
C032243A
C0329E54
C0331AAF
C0339958
C0341A59
C0349DBE
C0352392
C035ABE0
C03636B4
C036C41A
C037541F
C037E6CE
C0387C33
C039145C
C039AF55
C03A4D2A
C03AEDE9
C03B919E
C03C3858
C03CE223
C03D8F0D
C03E3F23
C03EF274
C03FA90D
C04062FD
C0412051
C041E117
C042A55F
C0436D37
C04438AD
C04507CF
C045DAAD
C046B155
C0478BD5
C0486A3E
C0494C9D
C04A3301
C04B1D79
C04C0C14
C04CFEE1
C04DF5EE
C04EF149
C04FF102
C050F526
C051FDC4
C0530AEA
C0541CA5
C0553303
C0564E11
C0576DDD
C0589274
C059BBE0
C05AEA30
C05C1D6D
C05D55A4
C05E92E0
C05FD529
C0611C8B
C062690F
C063BABC
C065119B
C0666DB3
C067CF0B
C06935A8
C06AA191
C06C12C8
C06D8951
C06F0530
C0708665
C0720CF2
C07398D6
C0752A11
C076C0A0
C0785C81
C079FDB0
C07BA427
C07D4FE0
C07F00D5
C0805B7F
C0813929
C0821962
C082FC27
C083E170
C084C937
C085B376
C086A024
C0878F3A
C08880B0
C089747C
C08A6A97
C08B62F6
C08C5D8F
C08D5A58
C08E5947
C08F5A52
C0905D6C
C091628C
C09269A4
C09372AB
C0947D93
C0958A52
C09698DB
C097A922
C098BB1B
C099CEBA
C09AE3F3
C09BFABA
C09D1302
C09E2CC0
C09F47E7
C0A0646D
C0A18246
C0A2A165
C0A3C1C0
C0A4E34B
C0A605FC
C0A729C7
C0A84EA3
C0A97484
C0AA9B61
C0ABC330
C0ACEBE8
C0AE157E
C0AF3FEA
C0B06B23
C0B19720
C0B2C3D9
C0B3F146
C0B51F5E
C0B64E1B
C0B77D75
C0B8AD65
C0B9DDE4
C0BB0EEC
C0BC4076
C0BD727B
C0BEA4F7
C0BFD7E4
C0C10B3B
C0C23EF8
C0C37316
C0C4A791
C0C5DC62
C0C71187
C0C846FB
C0C97CB9
C0CAB2BE
C0CBE907
C0CD1F8F
C0CE5654
C0CF8D52
C0D0C486
C0D1FBEE
C0D33386
C0D46B4C
C0D5A33D
C0D6DB57
C0D81398
C0D94BFD
C0DA8484
C0DBBD2D
C0DCF5F3
C0DE2ED7
C0DF67D6
C0E0A0EE
C0E1DA1F
C0E31366
C0E44CC3
C0E58633
C0E6BFB7
C0E7F94C
C0E932F1
C0EA6CA7
C0EBA66A
C0ECE03C
C0EE1A1A
C0EF5405
C0F08DFA
C0F1C7FA
C0F30204
C0F43C17
C0F57632
C0F6B056
C0F7EA80
C0F924B2
C0FA5EEA
C0FB9928
C0FCD36C
C0FE0DB4
C0FF4802
C100412A
C100DE54
C1017B81
C10218B0
C102B5E0
C1035311
C103F044
C1048D78
C1052AAD
C105C7E3
C106651A
C1070252
C1079F8A
C1083CC4
C108D9FD
C1097738
C10A1473
C10AB1AE
C10B4EE9
C10BEC25
C027AA5A
C027EFC8
C028366D
C0287E4F
C028C776
C02911E8
C0295DAC
C029AACA
C029F949
C02A4930
C02A9A87
C02AED56
C02B41A4
C02B9779
C02BEEDD
C02C47D8
C02CA273
C02CFEB7
C02D5CAB
C02DBC58
C02E1DC8
C02E8103
C02EE612
C02F4CFF
C02FB5D2
C0302097
C0308D56
C030FC19
C0316CEA
C031DFD4
C03254E1
C032CC1A
C033458C
C033C140
C0343F42
C034BF9D
C035425C
C035C78A
C0364F33
C036D963
C0376626
C037F587
C0388794
C0391C58
C039B3DF
C03A4E38
C03AEB6E
C03B8B8E
C03C2EA6
C03CD4C3
C03D7DF2
C03E2A41
C03ED9BE
C03F8C76
C0404277
C040FBD0
C041B88F
C04278C2
C0433C77
C04403BD
C044CEA2
C0459D35
C0466F86
C04745A2
C0481F98
C048FD77
C049DF4F
C04AC52D
C04BAF21
C04C9D3A
C04D8F86
C04E8614
C04F80F2
C0508030
C05183DB
C0528C01
C05398B2
C054A9F9
C055BFE6
C056DA86
C057F9E5
C0591E10
C05A4714
C05B74FD
C05CA7D7
C05DDFAC
C05F1C88
C0605E74
C061A57C
C062F1A7
C06442FE
C065998A
C066F551
C068565A
C069BCAC
C06B284B
C06C993B
C06E0F80
C06F8B1C
C0710C12
C0729262
C0741E0D
C075AF10
C077456A
C078E118
C07A8216
C07C2860
C07DD3EE
C07F84BA
C0809D5E
C0817AF6
C0825B1F
C0833DD3
C084230E
C0850AC8
C085F4FA
C086E19D
C087D0A9
C088C216
C089B5DA
C08AABEE
C08BA446
C08C9EDA
C08D9B9F
C08E9A8B
C08F9B93
C0909EAC
C091A3CA
C092AAE3
C093B3EA
C094BED4
C095CB95
C096DA20
C097EA6A
C098FC67
C09A100B
C09B2548
C09C3C14
C09D5462
C09E6E27
C09F8955
C0A0A5E2
C0A1C3C2
C0A2E2E9
C0A4034C
C0A524E0
C0A64799
C0A76B6D
C0A89052
C0A9B63D
C0AADD24
C0AC04FC
C0AD2DBD
C0AE575D
C0AF81D3
C0B0AD16
C0B1D91D
C0B305E0
C0B43357
C0B5617A
C0B69041
C0B7BFA5
C0B8EF9F
C0BA2029
C0BB513A
C0BC82CE
C0BDB4DD
C0BEE763
C0C01A59
C0C14DBA
C0C28181
C0C3B5A9
C0C4EA2C
C0C61F07
C0C75435
C0C889B1
C0C9BF78
C0CAF586
C0CC2BD8
C0CD6268
C0CE9935
C0CFD03C
C0D10778
C0D23EE7
C0D37687
C0D4AE54
C0D5E64D
C0D71E6E
C0D856B6
C0D98F22
C0DAC7B0
C0DC005F
C0DD392C
C0DE7216
C0DFAB1B
C0E0E43A
C0E21D70
C0E356BD
C0E49020
C0E5C996
C0E7031E
C0E83CB9
C0E97663
C0EAB01E
C0EBE9E6
C0ED23BD
C0EE5DA0
C0EF978E
C0F0D188
C0F20B8D
C0F3459A
C0F47FB1
C0F5B9D1
C0F6F3F8
C0F82E26
C0F9685C
C0FAA297
C0FBDCD9
C0FD171F
C0FE516B
C0FF8BBC
C1006308
C1010034
C1019D63
C1023A92
C102D7C4
C10374F7
C104122B
C104AF60
C1054C96
C105E9CD
C1068705
C107243E
C107C178
C1085EB2
C108FBED
C1099928
C10A3664
C10AD3A0
C10B70DD
C10C0E19
C0286ABF
C028AF7E
C028F573
C0293CA7
C029851F
C029CEE3
C02A19F9
C02A6669
C02AB43A
C02B0373
C02B541D
C02BA63E
C02BF9DF
C02C4F06
C02CA5BE
C02CFE0D
C02D57FB
C02DB392
C02E10DA
C02E6FDB
C02ED09F
C02F332E
C02F9792
C02FFDD4
C03065FD
C030D017
C0313C2C
C031AA45
C0321A6C
C0328CAD
C0330110
C03377A1
C033F06B
C0346B77
C034E8D2
C0356886
C035EA9E
C0366F26
C036F62A
C0377FB5
C0380BD4
C0389A92
C0392BFB
C039C01D
C03A5703
C03AF0BB
C03B8D51
C03C2CD2
C03CCF4C
C03D74CB
C03E1D5E
C03EC912
C03F77F4
C0402A12
C040DF7C
C041983D
C0425466
C0431404
C043D725
C0449DD9
C045682D
C0463631
C04707F3
C047DD82
C048B6ED
C0499443
C04A7592
C04B5AEA
C04C4459
C04D31EF
C04E23B9
C04F19C8
C0501429
C05112EA
C052161B
C0531DCA
C0542A04
C0553AD8
C0565053
C0576A83
C0588974
C059AD34
C05AD5CF
C05C0351
C05D35C6
C05E6D3A
C05FA9B6
C060EB45
C06231F1
C0637DC3
C064CEC5
C06624FD
C0678073
C068E12E
C06A4733
C06BB288
C06D2331
C06E9932
C070148D
C0719543
C0731B57
C074A6C7
C0763792
C077CDB7
C0796933
C07B0A01
C07CB01D
C07E5B81
C0800612
C080E100
C081BE86
C0829E9E
C0838144
C0846670
C0854E1D
C0863843
C08724DB
C08813DD
C0890541
C089F8FE
C08AEF0B
C08BE75D
C08CE1ED
C08DDEAE
C08EDD97
C08FDE9D
C090E1B4
C091E6D2
C092EDEB
C093F6F3
C09501DF
C0960EA2
C0971D31
C0982D7F
C0993F80
C09A5328
C09B686C
C09C7F3D
C09D9792
C09EB15D
C09FCC93
C0A0E928
C0A2070F
C0A3263F
C0A446AA
C0A56847
C0A68B0A
C0A7AEE7
C0A8D3D6
C0A9F9CB
C0AB20BB
C0AC489E
C0AD7169
C0AE9B14
C0AFC594
C0B0F0E2
C0B21CF3
C0B349C1
C0B47743
C0B5A570
C0B6D442
C0B803B1
C0B933B5
C0BA6449
C0BB9565
C0BCC703
C0BDF91D
C0BF2BAD
C0C05EAD
C0C19218
C0C2C5E9
C0C3FA1A
C0C52EA8
C0C6638C
C0C798C3
C0C8CE49
C0CA041A
C0CB3A31
C0CC708B
C0CDA724
C0CEDDFA
C0D01509
C0D14C4D
C0D283C5
C0D3BB6C
C0D4F342
C0D62B42
C0D7636B
C0D89BBA
C0D9D42D
C0DB0CC3
C0DC4578
C0DD7E4C
C0DEB73D
C0DFF049
C0E1296D
C0E262AA
C0E39BFD
C0E4D565
C0E60EE1
C0E7486F
C0E8820F
C0E9BBBF
C0EAF57F
C0EC2F4C
C0ED6927
C0EEA30F
C0EFDD03
C0F11701
C0F2510A
C0F38B1C
C0F4C537
C0F5FF5A
C0F73986
C0F873B8
C0F9ADF1
C0FAE830
C0FC2275
C0FD5CBF
C0FE970E
C0FFD162
C10085DD
C101230B
C101C03A
C1025D6C
C102FA9E
C10397D3
C1043508
C104D23E
C1056F76
C1060CAE
C106A9E8
C1074722
C107E45C
C1088198
C1091ED3
C109BC10
C10A594C
C10AF689
C10B93C7
C10C3104
C0292ECF
C02972DF
C029B827
C029FEAD
C02A4677
C02A8F8D
C02AD9F5
C02B25B8
C02B72DC
C02BC168
C02C1164
C02C62D8
C02CB5CC
C02D0A47
C02D6052
C02DB7F4
C02E1137
C02E6C21
C02EC8BD
C02F2713
C02F872B
C02FE90F
C0304CC7
C030B25E
C03119DC
C031834B
C031EEB6
C0325C25
C032CBA2
C0333D39
C033B0F4
C03426DC
C0349EFD
C0351961
C0359614
C0361521
C0369693
C0371A75
C037A0D3
C03829B9
C038B533
C039434C
C039D413
C03A6792
C03AFDD6
C03B96EC
C03C32E2
C03CD1C3
C03D739E
C03E1880
C03EC075
C03F6B8D
C04019D4
C040CB59
C0418029
C0423853
C042F3E5
C043B2ED
C044757A
C0453B9B
C046055E
C046D2D1
C047A404
C0487906
C04951E5
C04A2EB0
C04B0F77
C04BF448
C04CDD32
C04DCA43
C04EBB8C
C04FB11A
C050AAFC
C051A942
C052ABF8
C053B32E
C054BEF2
C055CF52
C056E45A
C057FE1A
C0591C9D
C05A3FF2
C05B6823
C05C953E
C05DC74E
C05EFE5F
C0603A7A
C0617BAC
C062C1FD
C0640D76
C0655E21
C066B405
C0680F2A
C0696F96
C06AD550
C06C405B
C06DB0BD
C06F2679
C070A192
C072220A
C073A7E1
C0753317
C076C3AB
C078599B
C079F4E5
C07B9583
C07D3B72
C07EE6AB
C0804B93
C081266F
C08203E3
C082E3EB
C083C681
C084AB9F
C085933F
C0867D5A
C08769E8
C08858E0
C0894A3C
C08A3DF1
C08B33F8
C08C2C45
C08D26D0
C08E238E
C08F2274
C0902378
C091268F
C0922BAD
C09332C7
C0943BD1
C09546BF
C0965385
C0976217
C098726A
C0998470
C09A981E
C09BAD67
C09CC43F
C09DDC9B
C09EF66D
C0A011AB
C0A12E48
C0A24C38
C0A36B71
C0A48BE5
C0A5AD8C
C0A6D058
C0A7F440
C0A91939
C0AA3F38
C0AB6633
C0AC8E21
C0ADB6F7
C0AEE0AC
C0B00B38
C0B13690
C0B262AD
C0B38F86
C0B4BD12
C0B5EB4B
C0B71A28
C0B849A2
C0B979B2
C0BAAA50
C0BBDB77
C0BD0D20
C0BE3F45
C0BF71E0
C0C0A4EB
C0C1D860
C0C30C3C
C0C44077
C0C5750F
C0C6A9FD
C0C7DF3E
C0C914CE
C0CA4AA8
C0CB80C8
C0CCB72C
C0CDEDCF
C0CF24AD
C0D05BC5
C0D19312
C0D2CA92
C0D40242
C0D53A1F
C0D67227
C0D7AA58
C0D8E2AF
C0DA1B2A
C0DB53C7
C0DC8C84
C0DDC55F
C0DEFE56
C0E03769
C0E17094
C0E2A9D7
C0E3E330
C0E51C9E
C0E65620
C0E78FB4
C0E8C95A
C0EA0310
C0EB3CD4
C0EC76A7
C0EDB088
C0EEEA74
C0F0246D
C0F15E70
C0F2987D
C0F3D294
C0F50CB3
C0F646DB
C0F7810A
C0F8BB40
C0F9F57D
C0FB2FC0
C0FC6A09
C0FDA457
C0FEDEA9
C1000C80
C100A9AE
C10146DD
C101E40E
C1028141
C1031E75
C103BBAB
C10458E1
C104F619
C1059352
C106308C
C106CDC6
C1076B01
C108083D
C108A57A
C10942B7
C109DFF4
C10A7D32
C10B1A70
C10BB7AE
C10C54EC
C029F694
C02A39F7
C02A7E92
C02AC46A
C02B0B87
C02B53F0
C02B9DAC
C02BE8C2
C02C3539
C02C8318
C02CD268
C02D2330
C02D7577
C02DC946
C02E1EA5
C02E759B
C02ECE31
C02F2870
C02F8460
C02FE20A
C0304177
C030A2AF
C03105BD
C0316AA8
C031D17C
C0323A41
C032A500
C03311C5
C0338099
C033F187
C0346498
C034D9D7
C0355150
C035CB0C
C0364717
C036C57C
C0374647
C037C982
C0384F3A
C038D77B
C0396250
C039EFC5
C03A7FE8
C03B12C4
C03BA866
C03C40DA
C03CDC2F
C03D7A70
C03E1BAC
C03EBFEF
C03F6747
C04011C2
C040BF6E
C0417058
C042248E
C042DC20
C043971B
C044558D
C0451785
C045DD12
C046A643
C0477326
C04843C9
C049183D
C049F090
C04ACCD0
C04BAD0D
C04C9156
C04D79BA
C04E6647
C04F570D
C0504C1B
C051457F
C0524347
C0534582
C0544C40
C055578C
C0566777
C0577C0D
C058955C
C059B371
C05AD659
C05BFE21
C05D2AD4
C05E5C7F
C05F932D
C060CEE8
C0620FBB
C06355B1
C064A0D1
C065F126
C06746B6
C068A189
C06A01A7
C06B6714
C06CD1D6
C06E41F1
C06FB769
C0713240
C072B278
C0743813
C075C30F
C077536C
C078E928
C07A8440
C07C24AF
C07DCA71
C07F7580
C08092EA
C0816DB3
C0824B16
C0832B0E
C0840D95
C084F2A6
C085DA39
C086C449
C087B0CC
C0889FBC
C089910F
C08A84BE
C08B7ABE
C08C7307
C08D6D8E
C08E6A49
C08F692D
C0906A30
C0916D47
C0927265
C0937980
C094828C
C0958D7D
C0969A47
C097A8DE
C098B935
C099CB41
C09ADEF4
C09BF444
C09D0B24
C09E2387
C09F3D62
C0A058A8
C0A1754D
C0A29347
C0A3B289
C0A4D308
C0A5F4B8
C0A7178F
C0A83B81
C0A96085
C0AA868F
C0ABAD95
C0ACD58E
C0ADFE70
C0AF2831
C0B052C8
C0B17E2C
C0B2AA55
C0B3D739
C0B504D2
C0B63316
C0B761FF
C0B89184
C0B9C1A0
C0BAF24A
C0BC237D
C0BD5531
C0BE8761
C0BFBA07
C0C0ED1D
C0C2209E
C0C35484
C0C488CA
C0C5BD6C
C0C6F265
C0C827B1
C0C95D4A
C0CA932E
C0CBC959
C0CCFFC6
C0CE3672
C0CF6D5A
C0D0A47B
C0D1DBD1
C0D3135A
C0D44B13
C0D582F9
C0D6BB09
C0D7F342
C0D92BA1
C0DA6424
C0DB9CC8
C0DCD58D
C0DE0E6F
C0DF476E
C0E08087
C0E1B9B9
C0E2F303
C0E42C63
C0E565D7
C0E69F5F
C0E7D8FA
C0E912A5
C0EA4C60
C0EB862B
C0ECC003
C0EDF9E9
C0EF33DB
C0F06DD8
C0F1A7E0
C0F2E1F2
C0F41C0E
C0F55632
C0F6905E
C0F7CA91
C0F904CC
C0FA3F0D
C0FB7954
C0FCB3A0
C0FDEDF1
C0FF2848
C1003151
C100CE80
C1016BB1
C10208E4
C102A619
C103434E
C103E085
C1047DBD
C1051AF7
C105B831
C106556C
C106F2A7
C1078FE4
C1082D21
C108CA5E
C109679C
C10A04DB
C10AA219
C10B3F58
C10BDC98
C10C79D7
C02AC219
C02B04CF
C02B48BD
C02B8DE9
C02BD45A
C02C1C17
C02C6527
C02CAF91
C02CFB5C
C02D4890
C02D9734
C02DE74F
C02E38EB
C02E8C0E
C02EE0C1
C02F370C
C02F8EF6
C02FE88A
C03043CF
C030A0CD
C030FF8F
C031601C
C031C27F
C03226C0
C0328CE9
C032F503
C0335F19
C033CB33
C034395E
C034A9A1
C0351C09
C03590A0
C036076F
C0368083
C036FBE6
C03779A4
C037F9C7
C0387C5C
C039016E
C0398909
C03A1339
C03AA00A
C03B2F88
C03BC1C1
C03C56C0
C03CEE93
C03D8946
C03E26E7
C03EC783
C03F6B27
C04011E2
C040BBC0
C04168CF
C042191E
C042CCBB
C04383B4
C0443E17
C044FBF2
C045BD56
C046824F
C0474AEC
C048173E
C048E752
C049BB37
C04A92FC
C04B6EB1
C04C4E65
C04D3226
C04E1A03
C04F060C
C04FF64F
C050EADB
C051E3BF
C052E10A
C053E2CA
C054E90E
C055F3E4
C0570359
C058177C
C059305A
C05A4E00
C05B707C
C05C97D9
C05DC425
C05EF56A
C0602BB5
C0616710
C062A785
C063ED1F
C06537E6
C06687E4
C067DD20
C06937A2
C06A9771
C06BFC92
C06D670A
C06ED6DF
C0704C12
C071C6A8
C07346A2
C074CC00
C07656C3
C077E6E9
C0797C71
C07B1757
C07CB798
C07E5D2E
C0800409
C080DC20
C081B6D6
C0829428
C0837411
C084568A
C0853B8D
C0862314
C0870D19
C087F993
C088E87A
C089D9C6
C08ACD6E
C08BC369
C08CBBAD
C08DB631
C08EB2E9
C08FB1CC
C090B2CF
C091B5E5
C092BB05
C093C222
C094CB31
C095D625
C096E2F3
C097F18E
C09901EB
C09A13FD
C09B27B7
C09C3D0F
C09D53F6
C09E6C61
C09F8645
C0A0A194
C0A1BE43
C0A2DC47
C0A3FB93
C0A51C1C
C0A63DD7
C0A760B9
C0A884B7
C0A9A9C6
C0AACFDB
C0ABF6EE
C0AD1EF3
C0AE47E0
C0AF71AD
C0B09C51
C0B1C7C1
C0B2F3F6
C0B420E7
C0B54E8C
C0B67CDC
C0B7ABD1
C0B8DB63
C0BA0B8B
C0BB3C41
C0BC6D80
C0BD9F40
C0BED17C
C0C0042D
C0C1374F
C0C26ADB
C0C39ECD
C0C4D31E
C0C607CB
C0C73CCF
C0C87226
C0C9A7CA
C0CADDB8
C0CC13ED
C0CD4A64
C0CE811B
C0CFB80D
C0D0EF37
C0D22697
C0D35E29
C0D495EA
C0D5CDD9
C0D705F2
C0D83E34
C0D9769B
C0DAAF26
C0DBE7D3
C0DD209F
C0DE5989
C0DF928F
C0E0CBB0
C0E204E9
C0E33E3A
C0E477A0
C0E5B11C
C0E6EAAA
C0E8244B
C0E95DFC
C0EA97BE
C0EBD18E
C0ED0B6C
C0EE4557
C0EF7F4E
C0F0B951
C0F1F35E
C0F32D75
C0F46795
C0F5A1BE
C0F6DBEF
C0F81627
C0F95066
C0FA8AAB
C0FBC4F6
C0FCFF46
C0FE399B
C0FF73F5
C100572A
C100F45B
C101918E
C1022EC2
C102CBF8
C103692F
C1040668
C104A3A1
C10540DC
C105DE17
C1067B54
C1071891
C107B5CF
C108530D
C108F04B
C1098D8B
C10A2ACA
C10AC80A
C10B654A
C10C028A
C10C9FCB
C02B9165
C02BD371
C02C16B4
C02C5B35
C02CA0FB
C02CE80C
C02D3071
C02D7A2F
C02DC54F
C02E11D8
C02E5FD1
C02EAF42
C02F0032
C02F52AA
C02FA6B2
C02FFC52
C0305392
C030AC7A
C0310714
C0316368
C031C17F
C0322161
C0328319
C032E6B0
C0334C2E
C033B39F
C0341D0A
C034887B
C034F5FC
C0356596
C035D755
C0364B42
C036C16A
C03739D5
C037B490
C03831A6
C038B123
C0393311
C039B77C
C03A3E71
C03AC7FC
C03B5428
C03BE303
C03C7498
C03D08F4
C03DA024
C03E3A36
C03ED736
C03F7732
C0401A38
C040C054
C0416994
C0421608
C042C5BB
C04378BE
C0442F1D
C044E8E8
C045A62D
C04666FA
C0472B5F
C047F36A
C048BF29
C0498EAD
C04A6203
C04B393C
C04C1465
C04CF38E
C04DD6C6
C04EBE1D
C04FA9A0
C0509960
C0518D6B
C05285CF
C053829C
C05483E1
C05589AB
C0569409
C057A309
C058B6B8
C059CF25
C05AEC5C
C05C0E6B
C05D355E
C05E6142
C05F9222
C060C809
C0620303
C063431A
C0648858
C065D2C7
C067226E
C0687756
C069D187
C06B3107
C06C95DC
C06E000B
C06F6F99
C070E488
C0725EDD
C073DE98
C07563BA
C076EE44
C0787E34
C07A1388
C07BAE3E
C07D4E50
C07EF3BA
C0804F3B
C081273E
C08201E3
C082DF24
C083BEFD
C084A168
C085865F
C0866DDB
C08757D4
C0884445
C0893324
C08A2469
C08B180B
C08C0E01
C08D0641
C08E00C2
C08EFD79
C08FFC5B
C090FD5D
C0920075
C0930596
C0940CB6
C09515C8
C09620C0
C0972D93
C0983C34
C0994C97
C09A5EAF
C09B7271
C09C87D0
C09D9EC0
C09EB734
C09FD121
C0A0EC7A
C0A20933
C0A32741
C0A44698
C0A5672D
C0A688F3
C0A7ABE1
C0A8CFEB
C0A9F506
C0AB1B28
C0AC4246
C0AD6A58
C0AE9352
C0AFBD2C
C0B0E7DC
C0B2135A
C0B33F9B
C0B46C99
C0B59A4B
C0B6C8A9
C0B7F7AA
C0B92749
C0BA577D
C0BB8840
C0BCB98C
C0BDEB58
C0BF1DA1
C0C0505F
C0C1838C
C0C2B725
C0C3EB22
C0C51F7F
C0C65438
C0C78947
C0C8BEA9
C0C9F458
C0CB2A52
C0CC6091
C0CD9713
C0CECDD4
C0D004D0
C0D13C04
C0D2736E
C0D3AB09
C0D4E2D5
C0D61ACD
C0D752EF
C0D88B39
C0D9C3A9
C0DAFC3D
C0DC34F2
C0DD6DC6
C0DEA6B8
C0DFDFC6
C0E118EE
C0E2522F
C0E38B87
C0E4C4F5
C0E5FE77
C0E7380C
C0E871B3
C0E9AB6B
C0EAE533
C0EC1F09
C0ED58ED
C0EE92DE
C0EFCCDB
C0F106E3
C0F240F6
C0F37B12
C0F4B537
C0F5EF65
C0F7299A
C0F863D7
C0F99E1A
C0FAD863
C0FC12B3
C0FD4D07
C0FE8761
C0FFC1BE
C1007E10
C1011B43
C101B878
C10255AE
C102F2E5
C103901E
C1042D58
C104CA94
C10567D0
C106050D
C106A24A
C1073F89
C107DCC8
C1087A07
C1091747
C109B488
C10A51C8
C10AEF09
C10B8C4A
C10C298C
C10CC6CD
C02C6484
C02CA5E6
C02CE87F
C02D2C56
C02D7172
C02DB7D9
C02DFF94
C02E48A8
C02E931E
C02EDEFD
C02F2C4B
C02F7B12
C02FCB58
C0301D26
C0307083
C030C579
C0311C0E
C031744C
C031CE3C
C03229E5
C0328752
C032E68B
C0334798
C033AA85
C0340F59
C0347620
C034DEE2
C03549A9
C035B681
C0362572
C0369688
C03709CC
C0377F4B
C037F70F
C0387122
C038ED91
C0396C66
C039EDAD
C03A7172
C03AF7C2
C03B80A7
C03C0C2E
C03C9A64
C03D2B56
C03DBF0F
C03E559D
C03EEF0D
C03F8B6D
C0402AC9
C040CD2E
C04172AC
C0421B4F
C042C726
C043763E
C04428A6
C044DE6C
C045979E
C046544C
C0471484
C047D854
C0489FCB
C0496AF8
C04A39EB
C04B0CB2
C04BE35D
C04CBDFA
C04D9C99
C04E7F48
C04F6617
C0505115
C0514051
C05233DA
C0532BBF
C054280E
C05528D7
C0562E27
C057380D
C0584697
C05959D3
C05A71CE
C05B8E97
C05CB039
C05DD6C1
C05F023D
C06032B7
C061683B
C062A2D4
C063E28D
C0652770
C0667185
C067C0D6
C069156A
C06A6F4A
C06BCE7B
C06D3304
C06E9CEA
C0700C31
C07180DE
C072FAF1
C0747A6E
C075FF55
C07789A6
C0791961
C07AAE81
C07C4906
C07DE8EB
C07F8E2A
C0809C5F
C081744F
C0824EE3
C0832C14
C0840BDE
C084EE3B
C085D325
C086BA96
C087A485
C08890ED
C0897FC4
C08A7103
C08B649F
C08C5A91
C08D52CE
C08E4D4D
C08F4A02
C09048E4
C09149E7
C0924D00
C0935224
C0945946
C095625C
C0966D5A
C0977A32
C09888D9
C0999943
C09AAB62
C09BBF2C
C09CD494
C09DEB8D
C09F040B
C0A01E01
C0A13965
C0A25629
C0A37442
C0A493A5
C0A5B445
C0A6D618
C0A7F912
C0A91D28
C0AA4250
C0AB687F
C0AC8FAB
C0ADB7CA
C0AEE0D1
C0B00AB9
C0B13576
C0B26101
C0B38D51
C0B4BA5C
C0B5E81B
C0B71686
C0B84596
C0B97542
C0BAA583
C0BBD654
C0BD07AC
C0BE3986
C0BF6BDB
C0C09EA6
C0C1D1E1
C0C30585
C0C4398F
C0C56DF9
C0C6A2BD
C0C7D7D9
C0C90D46
C0CA4301
C0CB7906
C0CCAF51
C0CDE5DD
C0CF1CA9
C0D053AF
C0D18AEE
C0D2C262
C0D3FA08
C0D531DD
C0D669DF
C0D7A20A
C0D8DA5E
C0DA12D7
C0DB4B73
C0DC8431
C0DDBD0E
C0DEF608
C0E02F1E
C0E1684E
C0E2A197
C0E3DAF6
C0E5146C
C0E64DF5
C0E78791
C0E8C13F
C0E9FAFE
C0EB34CC
C0EC6EA8
C0EDA893
C0EEE28A
C0F01C8C
C0F1569A
C0F290B2
C0F3CAD4
C0F504FE
C0F63F31
C0F7796B
C0F8B3AD
C0F9EDF5
C0FB2843
C0FC6296
C0FD9CEF
C0FED74D
C10008D7
C100A60A
C101433F
C101E076
C1027DAE
C1031AE7
C103B821
C104555D
C104F29A
C1058FD8
C1062D16
C106CA55
C1076795
C10804D5
C108A216
C1093F57
C109DC99
C10A79DB
C10B171D
C10BB45F
C10C51A2
C10CEEE4
C02D3B80
C02D7C39
C02DBE29
C02E0157
C02E45CA
C02E8B89
C02ED29A
C02F1B06
C02F64D2
C02FB008
C02FFCAD
C0304ACA
C0309A67
C030EB8C
C0313E40
C031928B
C031E877
C032400C
C0329952
C032F452
C0335115
C033AFA4
C0341008
C034724B
C034D676
C0353C93
C035A4AC
C0360ECA
C0367AF9
C036E941
C03759AE
C037CC4B
C0384121
C038B83D
C03931A8
C039AD70
C03A2B9E
C03AAC3F
C03B2F5E
C03BB507
C03C3D47
C03CC82A
C03D55BC
C03DE609
C03E7920
C03F0F0B
C03FA7DA
C0404398
C040E254
C041841A
C04228F9
C042D0FF
C0437C39
C0442AB5
C044DC82
C04591AF
C0464A49
C047065F
C047C600
C048893B
C049501F
C04A1ABA
C04AE91C
C04BBB54
C04C9171
C04D6B81
C04E4995
C04F2BBC
C0501203
C050FC7C
C051EB34
C052DE3B
C053D5A0
C054D171
C055D1BD
C056D693
C057E001
C058EE15
C05A00DD
C05B1867
C05C34C0
C05D55F6
C05E7C14
C05FA727
C060D73B
C0620C5C
C0634695
C06485F0
C065CA77
C0671433
C068632D
C069B76E
C06B10FD
C06C6FE0
C06DD41D
C06F3DBB
C070ACBC
C0722125
C0739AF8
C0751A37
C0769EE3
C07828FC
C079B881
C07B4D6F
C07CE7C4
C07E877C
C0801648
C080EB7F
C081C35D
C0829DDF
C0837B00
C0845ABB
C0853D0B
C08621E9
C087094F
C087F336
C088DF95
C089CE65
C08ABF9E
C08BB335
C08CA923
C08DA15E
C08E9BDB
C08F988F
C0909771
C0919876
C0929B91
C093A0B8
C094A7DE
C095B0F9
C096BBFB
C097C8DA
C098D788
C099E7F9
C09AFA21
C09C0DF3
C09D2364
C09E3A67
C09F52EF
C0A06CF1
C0A1885F
C0A2A52F
C0A3C354
C0A4E2C3
C0A60370
C0A72550
C0A84857
C0A96C7A
C0AA91B0
C0ABB7ED
C0ACDF26
C0AE0753
C0AF3069
C0B05A5E
C0B1852A
C0B2B0C3
C0B3DD21
C0B50A3A
C0B63808
C0B76681
C0B8959F
C0B9C559
C0BAF5A8
C0BC2687
C0BD57ED
C0BE89D4
C0BFBC37
C0C0EF0F
C0C22257
C0C35609
C0C48A20
C0C5BE96
C0C6F367
C0C8288F
C0C95E09
C0CA93D0
C0CBC9E0
C0CD0037
C0CE36CF
C0CF6DA6
C0D0A4B8
C0D1DC01
C0D31380
C0D44B30
C0D5830F
C0D6BB1B
C0D7F351
C0D92BAE
C0DA6431
C0DB9CD6
C0DCD59D
C0DE0E83
C0DF4786
C0E080A4
C0E1B9DC
C0E2F32D
C0E42C94
C0E56611
C0E69FA2
C0E7D945
C0E912FA
C0EA4CC0
C0EB8695
C0ECC078
C0EDFA69
C0EF3466
C0F06E6F
C0F1A883
C0F2E2A0
C0F41CC8
C0F556F8
C0F69130
C0F7CB6F
C0F905B6
C0FA4002
C0FB7A55
C0FCB4AD
C0FDEF0B
C0FF296D
C10031E9
C100CF1E
C1016C55
C102098E
C102A6C7
C1034403
C103E13F
C1047E7C
C1051BBB
C105B8FA
C106563A
C106F37B
C10790BC
C1082DFE
C108CB40
C1096883
C10A05C5
C10AA309
C10B404C
C10BDD8F
C10C7AD3
C10D1817
C02E1661
C02E5673
C02E97BB
C02EDA42
C02F1E0E
C02F6325
C02FA98F
C02FF152
C0303A77
C0308504
C030D102
C0311E77
C0316D6B
C031BDE7
C0320FF2
C0326395
C032B8D9
C0330FC4
C0336862
C033C2B9
C0341ED3
C0347CB9
C034DC74
C0353E0E
C035A190
C0360705
C0366E75
C036D7EA
C0374370
C037B110
C03820D5
C03892CA
C03906F8
C0397D6C
C039F631
C03A7151
C03AEED8
C03B6ED3
C03BF14C
C03C7650
C03CFDEB
C03D8829
C03E1516
C03EA4C0
C03F3734
C03FCC7D
C04064AA
C040FFC7
C0419DE3
C0423F0A
C042E34A
C0438AB2
C044354F
C044E330
C0459462
C04648F5
C04700F6
C047BC75
C0487B80
C0493E26
C04A0476
C04ACE7F
C04B9C50
C04C6DF8
C04D4387
C04E1D0B
C04EFA94
C04FDC31
C050C1F1
C051ABE4
C0529A18
C0538C9D
C0548381
C0557ED4
C0567EA4
C0578300
C0588BF6
C0599994
C05AABE9
C05BC301
C05CDEEB
C05DFFB3
C05F2567
C0605012
C0617FC1
C062B47F
C063EE57
C0652D54
C066717F
C067BAE3
C0690987
C06A5D74
C06BB6B2
C06D1548
C06E793A
C06FE28F
C071514A
C072C571
C0743F04
C075BE06
C0774278
C078CC59
C07A5BA9
C07BF066
C07D8A8B
C07F2A17
C0806781
C0813CA4
C0821470
C082EEE1
C083CBF3
C084ABA0
C0858DE4
C08672B6
C0875A12
C08843EF
C0893047
C08A1F10
C08B1044
C08C03D7
C08CF9C2
C08DF1FA
C08EEC76
C08FE92B
C090E80E
C091E914
C092EC32
C093F15C
C094F888
C09601A7
C0970CB0
C0981995
C099284B
C09A38C4
C09B4AF5
C09C5ED1
C09D744C
C09E8B59
C09FA3ED
C0A0BDFA
C0A1D974
C0A2F650
C0A41482
C0A533FE
C0A654B8
C0A776A6
C0A899BB
C0A9BDEC
C0AAE330
C0AC097B
C0AD30C4
C0AE58FF
C0AF8224
C0B0AC28
C0B1D703
C0B302AA
C0B42F17
C0B55C40
C0B68A1C
C0B7B8A4
C0B8E7D0
C0BA1799
C0BB47F8
C0BC78E4
C0BDAA59
C0BEDC4F
C0C00EC0
C0C141A6
C0C274FC
C0C3A8BB
C0C4DCDF
C0C61163
C0C74642
C0C87B76
C0C9B0FD
C0CAE6D0
C0CC1CED
C0CD5350
C0CE89F4
C0CFC0D7
C0D0F7F4
C0D22F49
C0D366D3
C0D49E8E
C0D5D678
C0D70E8E
C0D846CE
C0D97F36
C0DAB7C2
C0DBF071
C0DD2941
C0DE6230
C0DF9B3C
C0E0D463
C0E20DA4
C0E346FD
C0E4806D
C0E5B9F2
C0E6F38A
C0E82D35
C0E966F2
C0EAA0BE
C0EBDA9A
C0ED1485
C0EE4E7C
C0EF8880
C0F0C28F
C0F1FCA9
C0F336CC
C0F470F9
C0F5AB2F
C0F6E56D
C0F81FB1
C0F959FD
C0FA944F
C0FBCEA7
C0FD0904
C0FE4366
C0FF7DCC
C1005C1B
C100F952
C101968B
C10233C6
C102D101
C1036E3F
C1040B7D
C104A8BC
C10545FC
C105E33D
C106807F
C1071DC1
C107BB04
C1085847
C108F58B
C10992CF
C10A3013
C10ACD57
C10B6A9C
C10C07E1
C10CA525
C10D426A
C02EF532
C02F349E
C02F7541
C02FB722
C02FFA47
C0303EB8
C030847C
C030CB99
C0311417
C0315DFD
C031A953
C031F621
C032446E
C0329443
C032E5A7
C03338A2
C0338D3D
C033E381
C0343B76
C0349526
C034F097
C0354DD5
C035ACE9
C0360DDB
C03670B5
C036D581
C0373C49
C037A516
C0380FF4
C0387CEC
C038EC0A
C0395D56
C039D0DE
C03A46AA
C03ABEC8
C03B3941
C03BB623
C03C3577
C03CB74A
C03D3BA9
C03DC29F
C03E4C39
C03ED882
C03F6789
C03FF95A
C0408E01
C041258C
C041C009
C0425D84
C042FE0C
C043A1AE
C0444878
C044F278
C0459FBD
C0465055
C047044E
C047BBB6
C048769E
C0493512
C049F723
C04ABCDF
C04B8656
C04C5396
C04D24AE
C04DF9AF
C04ED2A7
C04FAFA5
C05090B8
C05175F1
C0525F5E
C0534D0E
C0543F11
C0553575
C056304A
C0572F9D
C058337F
C0593BFD
C05A4925
C05B5B06
C05C71AD
C05D8D28
C05EAD83
C05FD2CD
C060FD10
C0622C59
C06360B4
C0649A2C
C065D8CB
C0671C9B
C06865A6
C069B3F5
C06B078F
C06C607D
C06DBEC5
C06F226C
C0708B79
C071F9F0
C0736DD4
C074E728
C07665ED
C077EA25
C07973D0
C07B02EC
C07C9777
C07E316F
C07FD0CE
C080BAC8
C0818FD8
C0826793
C08341F4
C0841EF7
C084FE97
C085E0CE
C086C596
C087ACE8
C08896BD
C089830D
C08A71D1
C08B62FF
C08C568F
C08D4C77
C08E44AE
C08F3F2A
C0903BDF
C0913AC3
C0923BCC
C0933EEE
C094441D
C0954B4D
C0965473
C0975F83
C0986C70
C0997B2D
C09A8BB0
C09B9DEB
C09CB1D1
C09DC757
C09EDE6F
C09FF70E
C0A11127
C0A22CAF
C0A34998
C0A467D8
C0A58761
C0A6A82A
C0A7CA25
C0A8ED49
C0AA118A
C0AB36DC
C0AC5D37
C0AD848E
C0AEACD9
C0AFD60D
C0B10021
C0B22B0B
C0B356C3
C0B4833F
C0B5B078
C0B6DE63
C0B80CFB
C0B93C37
C0BA6C0F
C0BB9C7D
C0BCCD79
C0BDFEFC
C0BF3101
C0C06381
C0C19676
C0C2C9DA
C0C3FDA8
C0C531DA
C0C6666C
C0C79B58
C0C8D09A
C0CA062E
C0CB3C0F
C0CC7239
C0CDA8A8
C0CEDF59
C0D01648
C0D14D71
C0D284D2
C0D3BC67
C0D4F42E
C0D62C23
C0D76444
C0D89C8F
C0D9D500
C0DB0D97
C0DC4650
C0DD7F2A
C0DEB823
C0DFF138
C0E12A68
C0E263B2
C0E39D14
C0E4D68C
C0E61019
C0E749BA
C0E8836D
C0E9BD31
C0EAF705
C0EC30E9
C0ED6ADA
C0EEA4D8
C0EFDEE2
C0F118F8
C0F25319
C0F38D43
C0F4C776
C0F601B1
C0F73BF4
C0F8763F
C0F9B090
C0FAEAE7
C0FC2544
C0FD5FA6
C0FE9A0D
C0FFD478
C1008774
C10124AD
C101C1E8
C1025F24
C102FC62
C10399A1
C10436E1
C104D422
C1057164
C1060EA7
C106ABEA
C107492E
C107E673
C10883B7
C10920FD
C109BE42
C10A5B88
C10AF8CD
C10B9613
C10C3359
C10CD09F
C10D6DE5
C02FD7FD
C03016C5
C03056C4
C0309800
C030DA81
C0311E4D
C031636C
C031A9E3
C031F1BC
C0323AFD
C03285AD
C032D1D5
C0331F7C
C0336EAA
C033BF68
C03411BC
C03465B1
C034BB4E
C035129C
C0356BA4
C035C66F
C0362306
C0368172
C036E1BC
C03743EF
C037A813
C0380E34
C038765A
C038E091
C0394CE2
C039BB58
C03A2BFE
C03A9EDE
C03B1404
C03B8B7B
C03C054F
C03C818A
C03D0039
C03D8167
C03E0520
C03E8B72
C03F1467
C03FA00E
C0402E71
C040BF9F
C04153A5
C041EA8F
C042846B
C0432146
C043C12F
C0446432
C0450A5F
C045B3C3
C046606C
C0471069
C047C3C8
C0487A98
C04934E8
C049F2C6
C04AB442
C04B796B
C04C424F
C04D0EFE
C04DDF87
C04EB3F9
C04F8C64
C05068D8
C0514962
C0522E13
C05316FA
C0540427
C054F5A7
C055EB8B
C056E5E2
C057E4B9
C058E821
C059F027
C05AFCD9
C05C0E47
C05D247C
C05E3F88
C05F5F77
C0608456
C061AE32
C062DD16
C064110F
C0654A26
C0668868
C067CBDD
C0691490
C06A628A
C06BB5D1
C06D0E6F
C06E6C6A
C06FCFC7
C071388D
C072A6BF
C0741A61
C0759376
C0771200
C07895FF
C07A1F73
C07BAE5C
C07D42B7
C07EDC81
C0803DDB
C0811029
C081E526
C082BCCF
C0839721
C0847415
C08553A8
C08635D4
C0871A91
C08801DA
C088EBA7
C089D7F1
C08AC6B0
C08BB7DA
C08CAB67
C08DA14D
C08E9984
C08F93FF
C09090B6
C0918F9D
C09290A9
C09393CF
C0949903
C095A03A
C096A967
C097B47E
C098C173
C099D03A
C09AE0C6
C09BF30C
C09D06FD
C09E1C8E
C09F33B3
C0A04C5F
C0A16685
C0A2821A
C0A39F11
C0A4BD5F
C0A5DCF8
C0A6FDCF
C0A81FDA
C0A9430D
C0AA675D
C0AB8CC0
C0ACB32A
C0ADDA92
C0AF02ED
C0B02C31
C0B15656
C0B28150
C0B3AD18
C0B4D9A5
C0B606EE
C0B734EA
C0B86392
C0B992DE
C0BAC2C6
C0BBF344
C0BD2450
C0BE55E3
C0BF87F7
C0C0BA87
C0C1ED8B
C0C320FE
C0C454DB
C0C5891C
C0C6BDBC
C0C7F2B7
C0C92807
C0CA5DA9
C0CB9397
C0CCC9CF
C0CE004B
C0CF3709
C0D06E04
C0D1A53A
C0D2DCA8
C0D41449
C0D54C1B
C0D6841C
C0D7BC49
C0D8F49E
C0DA2D1B
C0DB65BC
C0DC9E80
C0DDD764
C0DF1067
C0E04986
C0E182C0
C0E2BC13
C0E3F57E
C0E52EFE
C0E66894
C0E7A23D
C0E8DBF8
C0EA15C5
C0EB4FA1
C0EC898C
C0EDC384
C0EEFD8A
C0F0379B
C0F171B8
C0F2ABDF
C0F3E60F
C0F52049
C0F65A8A
C0F794D4
C0F8CF24
C0FA097B
C0FB43D7
C0FC7E3A
C0FDB8A1
C0FEF30D
C10016BE
C100B3F8
C1015134
C101EE71
C1028BB0
C10328F0
C103C631
C1046373
C10500B6
C1059DFA
C1063B3E
C106D883
C10775C9
C108130F
C108B055
C1094D9C
C109EAE3
C10A882A
C10B2571
C10BC2B8
C10C6000
C10CFD47
C10D9A8E
C030BECB
C030FCF1
C0313C4D
C0317CE7
C031BEC5
C03201EE
C0324669
C0328C3D
C032D371
C0331C0E
C033661A
C033B19D
C033FE9F
C0344D28
C0349D40
C034EEF0
C035423F
C0359736
C035EDDE
C0364640
C036A065
C036FC55
C0375A1B
C037B9BF
C0381B4B
C0387EC9
C038E443
C0394BC3
C039B553
C03A20FD
C03A8ECD
C03AFECC
C03B7106
C03BE587
C03C5C58
C03CD586
C03D511B
C03DCF25
C03E4FAE
C03ED2C4
C03F5871
C03FE0C3
C0406BC6
C040F987
C0418A13
C0421D77
C042B3BF
C0434CFB
C043E937
C0448881
C0452AE6
C045D075
C046793D
C047254B
C047D4AD
C0488773
C0493DAB
C049F763
C04AB4AC
C04B7593
C04C3A28
C04D027A
C04DCE98
C04E9E91
C04F7276
C0504A55
C051263D
C052063E
C052EA68
C053D2CA
C054BF72
C055B071
C056A5D5
C0579FAD
C0589E09
C059A0F7
C05AA885
C05BB4C2
C05CC5BC
C05DDB81
C05EF61E
C06015A0
C0613A16
C062638A
C0639209
C064C5A0
C065FE58
C0673C3C
C0687F57
C069C7B3
C06B1557
C06C684D
C06DC09B
C06F1E49
C070815D
C071E9DC
C07357CA
C074CB2C
C0764403
C077C251
C0794618
C07ACF57
C07C5E0E
C07DF239
C07F8BD7
C0809571
C08167AB
C0823C97
C083142F
C083EE72
C084CB59
C085AADF
C0868CFF
C08771B3
C08858F4
C08942BA
C08A2EFE
C08B1DB8
C08C0EDF
C08D0269
C08DF84F
C08EF085
C08FEB02
C090E7BB
C091E6A5
C092E7B5
C093EAE0
C094F01A
C095F758
C097008C
C0980BAC
C09918AB
C09A277C
C09B3813
C09C4A63
C09D5E60
C09E73FE
C09F8B30
C0A0A3E9
C0A1BE1E
C0A2D9C1
C0A3F6C7
C0A51524
C0A634CC
C0A755B3
C0A877CE
C0A99B11
C0AABF72
C0ABE4E6
C0AD0B61
C0AE32DA
C0AF5B46
C0B0849B
C0B1AED1
C0B2D9DD
C0B405B6
C0B53254
C0B65FAD
C0B78DBB
C0B8BC74
C0B9EBD1
C0BB1BCA
C0BC4C58
C0BD7D75
C0BEAF18
C0BFE13D
C0C113DD
C0C246F1
C0C37A74
C0C4AE60
C0C5E2B0
C0C71760
C0C84C69
C0C981C8
C0CAB779
C0CBED75
C0CD23BB
C0CE5A45
C0CF9111
C0D0C819
C0D1FF5C
C0D336D6
C0D46E84
C0D5A663
C0D6DE70
C0D816A8
C0D94F0A
C0DA8792
C0DBC03E
C0DCF90D
C0DE31FB
C0DF6B08
C0E0A431
C0E1DD75
C0E316D2
C0E45046
C0E589D0
C0E6C36F
C0E7FD21
C0E936E5
C0EA70B9
C0EBAA9E
C0ECE490
C0EE1E91
C0EF589E
C0F092B7
C0F1CCDA
C0F30708
C0F4413F
C0F57B7F
C0F6B5C7
C0F7F017
C0F92A6D
C0FA64CA
C0FB9F2C
C0FCD994
C0FE1401
C0FF4E72
C1004473
C100E1B0
C1017EEE
C1021C2D
C102B96E
C10356B0
C103F3F3
C1049138
C1052E7D
C105CBC2
C1066909
C1070650
C107A397
C10840DF
C108DE27
C1097B6F
C10A18B8
C10AB600
C10B5349
C10BF092
C10C8DDA
C10D2B23
C10DC86B
C031A9A8
C031E72D
C03225E8
C03265E1
C032A71D
C032E9A5
C0332D7D
C03372AF
C033B941
C034013B
C0344AA4
C0349584
C034E1E3
C0352FC8
C0357F3C
C035D047
C03622F2
C0367745
C036CD48
C0372505
C0377E85
C037D9D0
C03836F0
C03895EE
C038F6D5
C03959AD
C039BE82
C03A255C
C03A8E46
C03AF94B
C03B6675
C03BD5CF
C03C4764
C03CBB3E
C03D316A
C03DA9F3
C03E24E4
C03EA249
C03F222F
C03FA4A0
C04029AA
C040B159
C0413BB9
C041C8D8
C04258C2
C042EB84
C043812D
C04419C9
C044B565
C0455410
C045F5D8
C0469ACB
C04742F6
C047EE68
C0489D31
C0494F5D
C04A04FD
C04ABE1F
C04B7AD1
C04C3B24
C04CFF26
C04DC6E5
C04E9273
C04F61DE
C0503534
C0510C87
C051E7E5
C052C75E
C053AB00
C05492DC
C0557F01
C0566F7E
C0576462
C0585DBD
C0595B9D
C05A5E11
C05B6528
C05C70F0
C05D8177
C05E96CB
C05FB0FA
C060D010
C061F41C
C0631D2A
C0644B45
C0657E79
C066B6D2
C067F45A
C069371B
C06A7F20
C06BCC70
C06D1F14
C06E7714
C06FD476
C0713741
C0729F7A
C0740D25
C0758046
C076F8E0
C07876F4
C079FA84
C07B838F
C07D1214
C07EA611
C0801FC2
C080EF33
C081C15A
C0829634
C0836DBD
C08447F1
C08524CB
C0860445
C086E65B
C087CB06
C088B23F
C0899BFF
C08A883E
C08B76F3
C08C6818
C08D5BA1
C08E5186
C08F49BD
C090443C
C09140F8
C0923FE6
C09340FB
C094442C
C095496D
C09650B2
C09759EF
C0986518
C0997221
C09A80FD
C09B91A0
C09CA3FC
C09DB806
C09ECDB2
C09FE4F1
C0A0FDB9
C0A217FC
C0A333AF
C0A450C5
C0A56F32
C0A68EEA
C0A7AFE2
C0A8D20E
C0A9F562
C0AB19D5
C0AC3F59
C0AD65E6
C0AE8D71
C0AFB5EF
C0B0DF56
C0B2099E
C0B334BC
C0B460A7
C0B58D57
C0B6BAC3
C0B7E8E2
C0B917AD
C0BA471B
C0BB7726
C0BCA7C6
C0BDD8F4
C0BF0AA9
C0C03CDF
C0C16F8F
C0C2A2B3
C0C3D647
C0C50A43
C0C63EA4
C0C77363
C0C8A87C
C0C9DDEB
C0CB13AA
C0CC49B6
C0CD800A
C0CEB6A2
C0CFED7C
C0D12493
C0D25BE3
C0D3936B
C0D4CB26
C0D60311
C0D73B2B
C0D8736F
C0D9ABDD
C0DAE471
C0DC1D29
C0DD5602
C0DE8EFC
C0DFC814
C0E10148
C0E23A96
C0E373FD
C0E4AD7B
C0E5E70F
C0E720B7
C0E85A72
C0E9943E
C0EACE1C
C0EC0808
C0ED4203
C0EE7C0C
C0EFB620
C0F0F041
C0F22A6C
C0F364A1
C0F49EDF
C0F5D926
C0F71375
C0F84DCB
C0F98827
C0FAC28A
C0FBFCF2
C0FD3760
C0FE71D2
C0FFAC48
C1007361
C10110A0
C101ADE1
C1024B23
C102E866
C10385AA
C10422F0
C104C036
C1055D7D
C105FAC5
C106980D
C1073556
C107D29F
C1086FE9
C1090D33
C109AA7D
C10A47C7
C10AE511
C10B825B
C10C1FA5
C10CBCEF
C10D5A39
C10DF783
C032989C
C032D582
C033139F
C03352F8
C0339395
C033D57C
C03418B4
C0345D46
C034A337
C034EA8F
C0353357
C0357D95
C035C952
C0361695
C0366566
C036B5CE
C03707D6
C0375B85
C037B0E5
C03807FE
C03860DA
C038BB81
C03917FD
C0397657
C039D699
C03A38CD
C03A9CFC
C03B0332
C03B6B77
C03BD5D7
C03C425D
C03CB112
C03D2202
C03D9538
C03E0AC0
C03E82A4
C03EFCF2
C03F79B3
C03FF8F5
C0407AC3
C040FF2A
C0418636
C0420FF4
C0429C71
C0432BBA
C043BDDC
C04452E5
C044EAE1
C04585DF
C04623EC
C046C517
C047696D
C04810FC
C048BBD4
C0496A03
C04A1B97
C04AD09F
C04B892A
C04C4547
C04D0505
C04DC874
C04E8FA2
C04F5AA0
C050297B
C050FC45
C051D30C
C052ADDF
C0538CCF
C0546FEB
C0555742
C05642E4
C05732E0
C0582745
C0592022
C05A1D86
C05B1F81
C05C2621
C05D3174
C05E4188
C05F566C
C060702D
C0618ED9
C062B27C
C063DB22
C06508DA
C0663BAD
C06773A7
C068B0D3
C069F33B
C06B3AE9
C06C87E6
C06DDA39
C06F31EB
C0708F02
C071F185
C0735979
C074C6E2
C07639C4
C077B221
C0792FFC
C07AB355
C07C3C2D
C07DCA82
C07F5E51
C0807BCD
C0814B2A
C0821D3F
C082F208
C083C982
C084A3A8
C0858075
C0865FE5
C08741F1
C0882694
C0890DC5
C089F780
C08AE3BA
C08BD26D
C08CC38F
C08DB718
C08EACFD
C08FA536
C0909FB8
C0919C77
C0929B6A
C0939C85
C0949FBD
C095A506
C096AC53
C097B59A
C098C0CE
C099CDE1
C09ADCC9
C09BED78
C09CFFE2
C09E13FA
C09F29B3
C0A04102
C0A159D9
C0A2742C
C0A38FEF
C0A4AD15
C0A5CB93
C0A6EB5D
C0A80C67
C0A92EA4
C0AA520B
C0AB768F
C0AC9C27
C0ADC2C6
C0AEEA64
C0B012F4
C0B13C6F
C0B266C9
C0B391FA
C0B4BDF8
C0B5EABB
C0B71839
C0B8466B
C0B97549
C0BAA4CA
C0BBD4E7
C0BD0599
C0BE36D9
C0BF68A0
C0C09AE7
C0C1CDA9
C0C300DF
C0C43484
C0C56891
C0C69D03
C0C7D1D2
C0C906FC
C0CA3C7A
C0CB7249
C0CCA864
C0CDDEC8
C0CF156F
C0D04C57
C0D1837D
C0D2BADC
C0D3F271
C0D52A39
C0D66232
C0D79A59
C0D8D2AA
C0DA0B24
C0DB43C5
C0DC7C89
C0DDB56E
C0DEEE73
C0E02796
C0E160D5
C0E29A2E
C0E3D39F
C0E50D28
C0E646C5
C0E78077
C0E8BA3C
C0E9F412
C0EB2DF8
C0EC67ED
C0EDA1F1
C0EEDC02
C0F0161F
C0F15047
C0F28A7A
C0F3C4B6
C0F4FEFC
C0F6394A
C0F7739F
C0F8ADFC
C0F9E85F
C0FB22C8
C0FC5D37
C0FD97AA
C0FED222
C100064F
C100A38F
C10140D1
C101DE14
C1027B58
C103189E
C103B5E5
C104532C
C104F075
C1058DBE
C1062B08
C106C852
C107659D
C10802E8
C108A034
C1093D7F
C109DACB
C10A7817
C10B1562
C10BB2AE
C10C4FFA
C10CED45
C10D8A91
C10E27DC
C0338BB1
C033C7FB
C034057A
C0344436
C0348435
C034C57E
C0350818
C0354C0A
C035915C
C035D815
C036203D
C03669DB
C036B4F7
C0370199
C0374FC9
C0379F90
C037F0F6
C0384403
C03898C1
C038EF37
C0394770
C039A174
C039FD4D
C03A5B04
C03ABAA3
C03B1C33
C03B7FBF
C03BE551
C03C4CF3
C03CB6AF
C03D2290
C03D90A2
C03E00EE
C03E7381
C03EE865
C03F5FA6
C03FD950
C040556F
C040D40E
C0415539
C041D8FE
C0425F69
C042E886
C0437462
C044030A
C044948C
C04528F5
C045C053
C0465AB3
C046F822
C04798B0
C0483C6A
C048E35F
C0498D9C
C04A3B32
C04AEC2D
C04BA09E
C04C5893
C04D141B
C04DD346
C04E9622
C04F5CBF
C050272D
C050F57A
C051C7B7
C0529DF2
C053783C
C05456A4
C0553939
C056200C
C0570B2B
C057FAA6
C058EE8C
C059E6EC
C05AE3D6
C05BE558
C05CEB81
C05DF660
C05F0602
C0601A76
C06133CA
C062520A
C0637545
C0649D86
C065CADA
C066FD4C
C06834E8
C06971B9
C06AB3C9
C06BFB21
C06D47CB
C06E99CE
C06FF133
C0714E00
C072B03C
C07417EB
C0758513
C076F7B6
C0786FD9
C079ED7B
C07B709F
C07CF945
C07E876A
C0800D87
C080DA16
C081A961
C0827B64
C083501D
C0842788
C08501A1
C085DE62
C086BDC8
C0879FCB
C0888466
C0896B92
C08A5547
C08B417E
C08C302E
C08D214F
C08E14D8
C08F0ABF
C09002FA
C090FD7F
C091FA44
C092F93D
C093FA5E
C094FD9E
C09602EF
C0970A47
C0981398
C0991ED6
C09A2BF6
C09B3AEA
C09C4BA7
C09D5E1F
C09E7245
C09F880E
C0A09F6D
C0A1B854
C0A2D2B8
C0A3EE8C
C0A50BC4
C0A62A54
C0A74A30
C0A86B4C
C0A98D9D
C0AAB117
C0ABD5AE
C0ACFB59
C0AE220C
C0AF49BD
C0B07261
C0B19BF0
C0B2C65E
C0B3F1A2
C0B51DB4
C0B64A8B
C0B7781D
C0B8A662
C0B9D553
C0BB04E8
C0BC3518
C0BD65DD
C0BE9730
C0BFC90A
C0C0FB64
C0C22E38
C0C36180
C0C49537
C0C5C956
C0C6FDD8
C0C832B9
C0C967F4
C0CA9D83
C0CBD362
C0CD098D
C0CE4001
C0CF76B8
C0D0ADAF
C0D1E4E4
C0D31C51
C0D453F5
C0D58BCC
C0D6C3D3
C0D7FC07
C0D93466
C0DA6CED
C0DBA59A
C0DCDE6A
C0DE175C
C0DF506D
C0E0899C
C0E1C2E6
C0E2FC4A
C0E435C6
C0E56F59
C0E6A901
C0E7E2BD
C0E91C8C
C0EA566B
C0EB905B
C0ECCA59
C0EE0466
C0EF3E7F
C0F078A5
C0F1B2D5
C0F2ED10
C0F42755
C0F561A2
C0F69BF7
C0F7D654
C0F910B7
C0FA4B21
C0FB8591
C0FCC006
C0FDFA7F
C0FF34FE
C10037C0
C100D503
C1017247
C1020F8D
C102ACD4
C1034A1C
C103E765
C10484AF
C10521FA
C105BF46
C1065C92
C106F9DE
C107972B
C1083478
C108D1C5
C1096F13
C10A0C60
C10AA9AE
C10B46FB
C10BE449
C10C8196
C10D1EE3
C10DBC30
C10E597D
C03482F3
C034BEA1
C034FB85
C03539A5
C0357908
C035B9B5
C035FBB2
C0363F07
C03683BC
C036C9D7
C0371160
C0375A5F
C037A4DC
C037F0DF
C0383E70
C0388D97
C038DE5D
C03930C9
C03984E6
C039DABC
C03A3253
C03A8BB6
C03AE6ED
C03B4402
C03BA2FE
C03C03ED
C03C66D6
C03CCBC5
C03D32C4
C03D9BDE
C03E071D
C03E748C
C03EE435
C03F5625
C03FCA67
C0404106
C040BA0E
C041358A
C041B387
C0423411
C042B735
C0433CFE
C043C57A
C04450B6
C044DEBF
C0456FA2
C046036C
C0469A2C
C04733EE
C047D0C1
C04870B3
C04913D1
C049BA2C
C04A63D0
C04B10CC
C04BC130
C04C750A
C04D2C6A
C04DE75E
C04EA5F5
C04F683F
C0502E4C
C050F82A
C051C5E9
C052979A
C0536D4A
C054470B
C05524EB
C05606FB
C056ED49
C057D7E6
C058C6E1
C059BA48
C05AB22C
C05BAE9C
C05CAFA6
C05DB559
C05EBFC3
C05FCEF4
C060E2FA
C061FBE1
C06319B7
C0643C8A
C0656466
C0669157
C067C369
C068FAA8
C06A371F
C06B78D7
C06CBFDA
C06E0C32
C06F5DE6
C070B4FF
C0721183
C0737378
C074DAE4
C07647CC
C077BA32
C079321A
C07AAF85
C07C3275
C07DBAEA
C07F48E1
C0806E2D
C0813AA8
C08209E0
C082DBD3
C083B07D
C08487DA
C08561E6
C0863E9C
C0871DF8
C087FFF3
C088E487
C089CBAE
C08AB55F
C08BA193
C08C9042
C08D8163
C08E74ED
C08F6AD6
C0906315
C0915D9E
C0925A68
C0935968
C0945A91
C0955DD9
C0966334
C0976A96
C09873F3
C0997F3E
C09A8C6A
C09B9B6C
C09CAC37
C09DBEBE
C09ED2F5
C09FE8CE
C0A1003D
C0A21936
C0A333AC
C0A44F92
C0A56CDD
C0A68B80
C0A7AB6F
C0A8CC9E
C0A9EF03
C0AB1291
C0AC373D
C0AD5CFC
C0AE83C3
C0AFAB89
C0B0D442
C0B1FDE5
C0B32868
C0B453C1
C0B57FE8
C0B6ACD3
C0B7DA79
C0B908D3
C0BA37D9
C0BB6781
C0BC97C6
C0BDC89F
C0BEFA05
C0C02BF2
C0C15E60
C0C29147
C0C3C4A2
C0C4F86B
C0C62C9D
C0C76132
C0C89624
C0C9CB70
C0CB0111
C0CC3701
C0CD6D3D
C0CEA3C1
C0CFDA89
C0D11190
C0D248D4
C0D38051
C0D4B804
C0D5EFE9
C0D727FF
C0D86041
C0D998AE
C0DAD143
C0DC09FD
C0DD42DA
C0DE7BD9
C0DFB4F7
C0E0EE31
C0E22787
C0E360F7
C0E49A7F
C0E5D41D
C0E70DD0
C0E84796
C0E9816F
C0EABB58
C0EBF552
C0ED2F5A
C0EE696F
C0EFA392
C0F0DDC0
C0F217F9
C0F3523C
C0F48C89
C0F5C6DE
C0F7013B
C0F83B9F
C0F9760A
C0FAB07B
C0FBEAF1
C0FD256D
C0FE5FED
C0FF9A71
C1006A7D
C10107C2
C101A50A
C1024252
C102DF9C
C1037CE7
C1041A33
C104B77F
C10554CC
C105F21A
C1068F69
C1072CB7
C107CA06
C1086755
C10904A5
C109A1F4
C10A3F43
C10ADC93
C10B79E2
C10C1731
C10CB480
C10D51CF
C10DEF1D
C10E8C6B
C0357E69
C035B97F
C035F5CA
C0363350
C0367219
C036B22B
C036F38E
C0373648
C0377A60
C037BFDF
C03806CC
C0384F2E
C038990E
C038E473
C0393166
C0397FEF
C039D015
C03A21E3
C03A7561
C03ACA97
C03B218E
C03B7A51
C03BD4E7
C03C315C
C03C8FB7
C03CF004
C03D524D
C03DB69B
C03E1CF8
C03E8571
C03EF00E
C03F5CDB
C03FCBE3
C0403D32
C040B0D2
C04126CF
C0419F36
C0421A11
C042976D
C0431757
C04399DA
C0441F03
C044A6E0
C045317D
C045BEE7
C0464F2B
C046E257
C047787A
C048119F
C048ADD6
C0494D2C
C049EFB1
C04A9571
C04B3E7C
C04BEAE1
C04C9AAE
C04D4DF2
C04E04BD
C04EBF1D
C04F7D21
C0503EDA
C0510457
C051CDA6
C0529AD9
C0536BFD
C0544124
C0551A5C
C055F7B5
C056D940
C057BF0B
C058A926
C05997A1
C05A8A8A
C05B81F3
C05C7DE8
C05D7E7B
C05E83B9
C05F8DB0
C0609C71
C061B007
C062C882
C063E5EF
C065085B
C0662FD3
C0675C62
C0688E16
C069C4F8
C06B0115
C06C4277
C06D8926
C06ED52D
C0702693
C0717D60
C072D99C
C0743B4C
C075A276
C0770F1E
C0788148
C079F8F7
C07B762D
C07CF8EA
C07E812F
C080077D
C080D124
C0819D8C
C0826CB3
C0833E95
C0841330
C084EA80
C085C480
C086A12D
C0878080
C0886273
C0894702
C08A2E23
C08B17D1
C08C0404
C08CF2B2
C08DE3D4
C08ED760
C08FCD4C
C090C58F
C091C01E
C092BCEF
C093BBF6
C094BD28
C095C07A
C096C5E0
C097CD4D
C098D6B6
C099E20E
C09AEF49
C09BFE5A
C09D0F34
C09E21CB
C09F3612
C0A04BFD
C0A1637E
C0A27C89
C0A39712
C0A4B30B
C0A5D06A
C0A6EF21
C0A80F24
C0A93069
C0AA52E2
C0AB7685
C0AC9B46
C0ADC11A
C0AEE7F7
C0B00FD2
C0B138A1
C0B2625A
C0B38CF2
C0B4B861
C0B5E49E
C0B7119E
C0B83F5A
C0B96DCA
C0BA9CE4
C0BBCCA2
C0BCFCFB
C0BE2DE9
C0BF5F64
C0C09166
C0C1C3E7
C0C2F6E2
C0C42A51
C0C55E2E
C0C69273
C0C7C71A
C0C8FC20
C0CA317E
C0CB6731
C0CC9D33
C0CDD381
C0CF0A16
C0D040EE
C0D17806
C0D2AF5A
C0D3E6E7
C0D51EAA
C0D6569F
C0D78EC3
C0D8C714
C0D9FF8F
C0DB3832
C0DC70FA
C0DDA9E5
C0DEE2F1
C0E01C1C
C0E15563
C0E28EC6
C0E3C841
C0E501D5
C0E63B7E
C0E7753C
C0E8AF0E
C0E9E8F1
C0EB22E5
C0EC5CE8
C0ED96FA
C0EED11A
C0F00B46
C0F1457D
C0F27FBF
C0F3BA0B
C0F4F460
C0F62EBD
C0F76922
C0F8A38E
C0F9DE00
C0FB1878
C0FC52F6
C0FD8D78
C0FEC7FF
C1000145
C1009E8C
C1013BD5
C101D91F
C102766B
C10313B8
C103B105
C1044E54
C104EBA3
C10588F2
C1062643
C106C393
C10760E4
C107FE35
C1089B87
C10938D8
C109D629
C10A737B
C10B10CC
C10BAE1D
C10C4B6E
C10CE8BF
C10D860F
C10E235F
C10EC0AF
C0367E1F
C036B89E
C036F452
C0373141
C0376F72
C037AEEB
C037EFB5
C03831D5
C0387554
C038BA39
C039008B
C0394852
C0399196
C039DC5F
C03A28B6
C03A76A1
C03AC62B
C03B175C
C03B6A3B
C03BBED3
C03C152C
C03C6D50
C03CC748
C03D231D
C03D80D9
C03DE087
C03E422F
C03EA5DD
C03F0B9B
C03F7373
C03FDD70
C040499D
C040B805
C04128B3
C0419BB3
C0421110
C04288D6
C0430311
C0437FCE
C043FF17
C04480FB
C0450586
C0458CC4
C04616C2
C046A38E
C0473335
C047C5C4
C0485B4A
C048F3D4
C0498F6F
C04A2E2B
C04AD016
C04B753D
C04C1DB1
C04CC97E
C04D78B5
C04E2B64
C04EE19A
C04F9B67
C05058DA
C0511A03
C051DEF0
C052A7B2
C0537457
C05444F1
C055198E
C055F23E
C056CF11
C057B017
C058955F
C0597EFA
C05A6CF6
C05B5F62
C05C5650
C05D51CD
C05E51E8
C05F56B2
C0606037
C0616E87
C06281B1
C06399C1
C064B6C5
C065D8CB
C066FFDF
C0682C0D
C0695D63
C06A93EA
C06BCFAE
C06D10BA
C06E5716
C06FA2CD
C070F3E6
C0724A69
C073A65E
C07507CA
C0766EB3
C077DB1D
C0794D0C
C07AC484
C07C4185
C07DC410
C07F4C27
C0806CE3
C0813677
C08202CC
C082D1E2
C083A3B4
C0847841
C0854F85
C086297B
C087061E
C087E569
C088C756
C089ABDF
C08A92FD
C08B7CA9
C08C68DA
C08D5789
C08E48AC
C08F3C3B
C090322C
C0912A74
C092250A
C09321E2
C09420F2
C095222E
C096258A
C0972AFC
C0983276
C0993BEC
C09A4752
C09B549C
C09C63BD
C09D74A8
C09E8750
C09F9BA9
C0A0B1A6
C0A1C93A
C0A2E259
C0A3FCF6
C0A51904
C0A63677
C0A75543
C0A8755C
C0A996B6
C0AAB945
C0ABDCFE
C0AD01D5
C0AE27C0
C0AF4EB4
C0B076A6
C0B19F8B
C0B2C95A
C0B3F40A
C0B51F8F
C0B64BE2
C0B778F9
C0B8A6CC
C0B9D551
C0BB0482
C0BC3456
C0BD64C5
C0BE95C9
C0BFC759
C0C0F970
C0C22C06
C0C35F16
C0C4929A
C0C5C68B
C0C6FAE3
C0C82F9F
C0C964B8
C0CA9A29
C0CBCFEF
C0CD0603
C0CE3C63
C0CF730A
C0D0A9F4
C0D1E11D
C0D31883
C0D45020
C0D587F3
C0D6BFF8
C0D7F82C
C0D9308C
C0DA6917
C0DBA1C8
C0DCDA9F
C0DE1398
C0DF4CB1
C0E085EA
C0E1BF3E
C0E2F8AD
C0E43236
C0E56BD5
C0E6A58B
C0E7DF54
C0E91931
C0EA531F
C0EB8D1E
C0ECC72C
C0EE0149
C0EF3B72
C0F075A8
C0F1AFE8
C0F2EA34
C0F42488
C0F55EE6
C0F6994C
C0F7D3B9
C0F90E2D
C0FA48A7
C0FB8327
C0FCBDAC
C0FDF836
C0FF32C4
C10036AB
C100D3F5
C1017141
C1020E8F
C102ABDD
C103492D
C103E67D
C10483CE
C1052120
C105BE72
C1065BC5
C106F918
C107966B
C10833BF
C108D112
C1096E66
C10A0BBA
C10AA90D
C10B4660
C10BE3B3
C10C8106
C10D1E58
C10DBBAA
C10E58FC
C10EF64D
C037821F
C037BC09
C037F728
C0383381
C038711C
C038AFFF
C038F031
C03931BA
C03974A1
C039B8ED
C039FEA7
C03A45D5
C03A8E7F
C03AD8AE
C03B246A
C03B71BB
C03BC0A9
C03C113E
C03C6381
C03CB77D
C03D0D39
C03D64C0
C03DBE1A
C03E1951
C03E7670
C03ED57F
C03F3689
C03F9998
C03FFEB7
C04065F0
C040CF4E
C0413ADC
C041A8A5
C04218B4
C0428B15
C042FFD3
C04376FA
C043F097
C0446CB5
C044EB60
C0456CA6
C045F092
C0467732
C0470093
C0478CC2
C0481BCD
C048ADC0
C04942AB
C049DA9A
C04A759B
C04B13BE
C04BB50F
C04C599F
C04D017B
C04DACB2
C04E5B54
C04F0D6E
C04FC311
C0507C4C
C051392E
C051F9C7
C052BE26
C053865A
C0545274
C0552284
C055F698
C056CEC1
C057AB0F
C0588B91
C0597058
C05A5972
C05B46F0
C05C38E0
C05D2F54
C05E2A59
C05F29FE
C0602E54
C0613768
C0624549
C0635806
C0646FAC
C0658C48
C066ADE9
C067D49A
C0690069
C06A3162
C06B678E
C06CA2FB
C06DE3B2
C06F29BD
C0707524
C071C5F2
C0731C2C
C07477DB
C075D904
C0773FAD
C078ABDB
C07A1D91
C07B94D2
C07D119F
C07E93FB
C0800DF2
C080D4AD
C0819E2D
C0826A71
C0833976
C0840B3B
C084DFBB
C085B6F3
C08690DE
C0876D79
C0884CBD
C0892EA4
C08A1329
C08AFA45
C08BE3EF
C08CD021
C08DBED1
C08EAFF7
C08FA38A
C090997F
C09191CE
C0928C6B
C093894C
C0948866
C09589AD
C0968D15
C0979293
C0989A1B
C099A3A0
C09AAF16
C09BBC70
C09CCBA2
C09DDC9E
C09EEF59
C0A003C5
C0A119D5
C0A2317E
C0A34AB1
C0A46563
C0A58186
C0A69F0F
C0A7BDF1
C0A8DE21
C0A9FF92
C0AB2238
C0AC4608
C0AD6AF7
C0AE90F9
C0AFB804
C0B0E00E
C0B2090B
C0B332F2
C0B45DB9
C0B58956
C0B6B5C1
C0B7E2EF
C0B910D9
C0BA3F76
C0BB6EBE
C0BC9EA9
C0BDCF2F
C0BF0049
C0C031F0
C0C1641D
C0C296C9
C0C3C9EF
C0C4FD88
C0C6318D
C0C765FB
C0C89ACB
C0C9CFF8
C0CB057E
C0CC3B57
C0CD717F
C0CEA7F1
C0CFDEAB
C0D115A7
C0D24CE3
C0D38459
C0D4BC08
C0D5F3EC
C0D72C02
C0D86446
C0D99CB6
C0DAD550
C0DC0E11
C0DD46F7
C0DE7FFE
C0DFB926
C0E0F26C
C0E22BCF
C0E3654B
C0E49EE1
C0E5D88D
C0E7124F
C0E84C25
C0E9860D
C0EAC007
C0EBFA11
C0ED342A
C0EE6E51
C0EFA885
C0F0E2C5
C0F21D0F
C0F35764
C0F491C2
C0F5CC29
C0F70698
C0F8410D
C0F97B8A
C0FAB60C
C0FBF094
C0FD2B20
C0FE65B2
C0FFA047
C1006D70
C1010ABE
C101A80D
C102455E
C102E2AF
C1038002
C1041D55
C104BAA9
C10557FE
C105F553
C10692A8
C1072FFE
C107CD54
C1086AA9
C10907FF
C109A555
C10A42AB
C10AE000
C10B7D56
C10C1AAA
C10CB7FF
C10D5553
C10DF2A7
C10E8FFB
C10F2D4E
C0388A71
C038C3C9
C038FE55
C0393A1B
C0397722
C039B570
C039F50E
C03A3601
C03A7852
C03ABC08
C03B012A
C03B47C1
C03B8FD3
C03BD96A
C03C248D
C03C7145
C03CBF99
C03D0F94
C03D613D
C03DB49E
C03E09BF
C03E60AA
C03EB968
C03F1404
C03F7086
C03FCEF8
C0402F66
C04091D8
C040F65A
C0415CF5
C041C5B6
C04230A6
C0429DD1
C0430D43
C0437F06
C043F326
C04469B0
C044E2AE
C0455E2F
C045DC3D
C0465CE5
C046E035
C0476639
C047EEFE
C0487A91
C0490900
C0499A59
C04A2EA9
C04AC5FE
C04B6066
C04BFDF0
C04C9EAA
C04D42A3
C04DE9E9
C04E948B
C04F4298
C04FF41F
C050A930
C05161DA
C0521E2C
C052DE36
C053A207
C05469AF
C055353F
C05604C5
C056D852
C057AFF5
C0588BBE
C0596BBE
C05A5003
C05B389E
C05C259F
C05D1714
C05E0D0E
C05F079C
C06006CD
C0610AB0
C0621354
C06320C7
C0643318
C0654A54
C066668A
C06787C7
C068AE17
C069D987
C06B0A23
C06C3FF7
C06D7B0D
C06EBB71
C070012B
C0714C45
C0729CC7
C073F2BA
C0754E24
C076AF0C
C0781577
C079816A
C07AF2E7
C07C69F3
C07DE690
C07F68BD
C080783D
C0813EE4
C0820852
C082D485
C083A37B
C0847531
C08549A5
C08620D2
C086FAB5
C087D748
C088B686
C0899869
C08A7CEB
C08B6404
C08C4DAF
C08D39E1
C08E2894
C08F19BD
C0900D55
C0910351
C091FBA7
C092F64D
C093F338
C094F25C
C095F3AF
C096F725
C097FCB1
C0990447
C09A0DDC
C09B1962
C09C26CE
C09D3612
C09E4721
C09F59EF
C0A06E70
C0A18495
C0A29C52
C0A3B59B
C0A4D063
C0A5EC9E
C0A70A3E
C0A82937
C0A9497E
C0AA6B07
C0AB8DC5
C0ACB1AE
C0ADD6B5
C0AEFCD0
C0B023F4
C0B14C17
C0B2752D
C0B39F2C
C0B4CA0C
C0B5F5C2
C0B72245
C0B84F8C
C0B97D8F
C0BAAC44
C0BBDBA4
C0BD0BA7
C0BE3C45
C0BF6D76
C0C09F35
C0C1D179
C0C3043C
C0C43778
C0C56B27
C0C69F43
C0C7D3C6
C0C908AB
C0CA3DEE
C0CB7388
C0CCA975
C0CDDFB1
C0CF1638
C0D04D05
C0D18414
C0D2BB62
C0D3F2EB
C0D52AAC
C0D662A1
C0D79AC8
C0D8D31E
C0DA0B9F
C0DB4449
C0DC7D1A
C0DDB60F
C0DEEF26
C0E0285C
C0E161B1
C0E29B21
C0E3D4AC
C0E50E4F
C0E64808
C0E781D7
C0E8BBBA
C0E9F5AE
C0EB2FB4
C0EC69CA
C0EDA3EE
C0EEDE20
C0F0185F
C0F152A9
C0F28CFE
C0F3C75D
C0F501C5
C0F63C35
C0F776AD
C0F8B12B
C0F9EBB1
C0FB263B
C0FC60CB
C0FD9B60
C0FED5F9
C100084B
C100A59B
C10142EC
C101E03F
C1027D93
C1031AE8
C103B83E
C1045594
C104F2EB
C1059043
C1062D9B
C106CAF3
C107684B
C10805A3
C108A2FB
C1094054
C109DDAC
C10A7B04
C10B185B
C10BB5B3
C10C530A
C10CF061
C10D8DB7
C10E2B0D
C10EC862
C10F65B7
C0399720
C039CFE9
C03A09E4
C03A4518
C03A818D
C03ABF49
C03AFE54
C03B3EB4
C03B8071
C03BC393
C03C0820
C03C4E21
C03C959D
C03CDE9E
C03D292A
C03D754A
C03DC307
C03E1269
C03E637A
C03EB641
C03F0AC9
C03F611B
C03FB93F
C0401340
C0406F27
C040CCFF
C0412CD1
C0418EA7
C041F28D
C042588D
C042C0B2
C0432B06
C0439795
C044066A
C0447790
C044EB14
C0456102
C045D964
C0465449
C046D1BB
C04751C8
C047D47C
C04859E4
C048E20E
C0496D07
C049FADC
C04A8B9B
C04B1F52
C04BB60E
C04C4FDF
C04CECD1
C04D8CF5
C04E3058
C04ED708
C04F8116
C0502E90
C050DF85
C0519405
C0524C1E
C05307E1
C053C75E
C0548AA2
C05551C0
C0561CC5
C056EBC3
C057BEC9
C05895E7
C059712D
C05A50AB
C05B3470
C05C1C8D
C05D0912
C05DFA0D
C05EEF8F
C05FE9A7
C060E864
C061EBD5
C062F40A
C0640110
C06512F7
C06629CB
C067459C
C0686675
C0698C65
C06AB778
C06BE7B9
C06D1D35
C06E57F6
C06F9807
C070DD72
C0722840
C0737879
C074CE26
C076294D
C07789F5
C078F023
C07A5BDB
C07BCD23
C07D43FB
C07EC067
C0802134
C080E4FE
C081AB92
C08274EE
C0834111
C0840FF8
C084E1A2
C085B60A
C0868D2E
C0876708
C0884395
C08922CE
C08A04AD
C08AE92D
C08BD046
C08CB9F1
C08DA625
C08E94DB
C08F860A
C09079A8
C0916FAB
C092680A
C09362BA
C0945FAF
C0955EE0
C0966040
C09763C3
C098695E
C0997105
C09A7AAB
C09B8643
C09C93C1
C09DA318
C09EB43C
C09FC71F
C0A0DBB4
C0A1F1F0
C0A309C4
C0A42324
C0A53E03
C0A65A55
C0A7780D
C0A89720
C0A9B780
C0AAD922
C0ABFBF9
C0AD1FFB
C0AE451C
C0AF6B51
C0B0928F
C0B1BACB
C0B2E3FB
C0B40E15
C0B5390E
C0B664DE
C0B7917B
C0B8BEDC
C0B9ECF8
C0BB1BC7
C0BC4B40
C0BD7B5B
C0BEAC12
C0BFDD5C
C0C10F33
C0C2418F
C0C3746A
C0C4A7BD
C0C5DB83
C0C70FB6
C0C84450
C0C9794C
C0CAAEA4
C0CBE453
C0CD1A56
C0CE50A7
C0CF8742
C0D0BE23
C0D1F546
C0D32CA8
C0D46444
C0D59C18
C0D6D41F
C0D80C58
C0D944BF
C0DA7D52
C0DBB60D
C0DCEEEE
C0DE27F3
C0DF611A
C0E09A60
C0E1D3C4
C0E30D43
C0E446DC
C0E5808D
C0E6BA54
C0E7F430
C0E92E20
C0EA6822
C0EBA234
C0ECDC56
C0EE1686
C0EF50C3
C0F08B0D
C0F1C562
C0F2FFC2
C0F43A2B
C0F5749D
C0F6AF17
C0F7E998
C0F92420
C0FA5EAF
C0FB9942
C0FCD3DB
C0FE0E78
C0FF4919
C10041DF
C100DF32
C1017C88
C10219DE
C102B735
C103548E
C103F1E7
C1048F40
C1052C9A
C105C9F5
C1066750
C10704AB
C107A206
C1083F61
C108DCBB
C1097A16
C10A1771
C10AB4CB
C10B5225
C10BEF7F
C10C8CD8
C10D2A30
C10DC789
C10E64E0
C10F0238
C10F9F8E
C03AA836
C03AE070
C03B19DD
C03B5483
C03B9068
C03BCD94
C03C0C0E
C03C4BDD
C03C8D08
C03CCF97
C03D1392
C03D58FF
C03D9FE8
C03DE854
C03E324B
C03E7DD6
C03ECAFD
C03F19C9
C03F6A42
C03FBC73
C0401063
C040661C
C040BDA8
C0411710
C041725E
C041CF9D
C0422ED5
C0429012
C042F35E
C04358C3
C043C04D
C0442A07
C04495FB
C0450435
C04574C1
C045E7AA
C0465CFD
C046D4C5
C0474F0E
C047CBE6
C0484B58
C048CD72
C0495241
C049D9D1
C04A6431
C04AF16D
C04B8194
C04C14B3
C04CAAD8
C04D4412
C04DE06E
C04E7FFC
C04F22CA
C04FC8E7
C0507262
C0511F4A
C051CFAE
C052839D
C0533B28
C053F65D
C054B54D
C0557806
C0563E99
C0570917
C057D78D
C058AA0E
C05980A8
C05A5B6B
C05B3A69
C05C1DAF
C05D054F
C05DF159
C05EE1DB
C05FD6E6
C060D089
C061CED3
C062D1D4
C063D99B
C064E635
C065F7B3
C0670E20
C068298D
C0694A05
C06A6F96
C06B9A4C
C06CCA34
C06DFF59
C06F39C6
C0707987
C071BEA4
C0730927
C0745918
C075AE80
C0770965
C07869CF
C079CFC1
C07B3B42
C07CAC54
C07E22FB
C07F9F39
C0809087
C081543D
C0821ABF
C082E40A
C083B01E
C0847EF8
C0855096
C08624F4
C086FC0F
C087D5E2
C088B269
C089919E
C08A737B
C08B57F9
C08C3F13
C08D28C0
C08E14F7
C08F03B2
C08FF4E7
C090E88C
C091DE98
C092D700
C093D1BB
C094CEBD
C095CDFB
C096CF69
C097D2FC
C098D8A7
C099E05F
C09AEA17
C09BF5C2
C09D0354
C09E12C0
C09F23F9
C0A036F2
C0A14B9E
C0A261F0
C0A379DC
C0A49354
C0A5AE4D
C0A6CAB8
C0A7E88A
C0A907B6
C0AA2830
C0AB49EC
C0AC6CDE
C0AD90FB
C0AEB637
C0AFDC87
C0B103E0
C0B22C37
C0B35582
C0B47FB7
C0B5AACB
C0B6D6B6
C0B8036E
C0B930EA
C0BA5F20
C0BB8E09
C0BCBD9D
C0BDEDD2
C0BF1EA3
C0C05007
C0C181F6
C0C2B46B
C0C3E75F
C0C51ACB
C0C64EA9
C0C782F4
C0C8B7A5
C0C9ECB8
C0CB2227
C0CC57ED
C0CD8E06
C0CEC46D
C0CFFB1D
C0D13213
C0D2694B
C0D3A0C0
C0D4D870
C0D61058
C0D74872
C0D880BE
C0D9B937
C0DAF1DB
C0DC2AA8
C0DD639B
C0DE9CB1
C0DFD5E8
C0E10F3E
C0E248B1
C0E38240
C0E4BBE8
C0E5F5A7
C0E72F7D
C0E86967
C0E9A364
C0EADD73
C0EC1792
C0ED51C1
C0EE8BFD
C0EFC647
C0F1009C
C0F23AFD
C0F37567
C0F4AFDB
C0F5EA58
C0F724DC
C0F85F67
C0F999F9
C0FAD490
C0FC0F2D
C0FD49CE
C0FE8474
C0FFBF1D
C1007CE5
C1011A3D
C101B796
C10254F0
C102F24B
C1038FA7
C1042D03
C104CA60
C10567BE
C106051B
C106A279
C1073FD7
C107DD35
C1087A92
C10917F0
C109B54D
C10A52AA
C10AF007
C10B8D63
C10C2ABF
C10CC81B
C10D6575
C10E02D0
C10EA029
C10F3D83
C10FDADB
C03BBDBC
C03BF56B
C03C2E4B
C03C6864
C03CA3BC
C03CE05A
C03D1E46
C03D5D85
C03D9E21
C03DE020
C03E2389
C03E6865
C03EAEBC
C03EF695
C03F3FFA
C03F8AF1
C03FD784
C04025BC
C04075A0
C040C73B
C0411A96
C0416FB9
C041C6AE
C0421F80
C0427A37
C042D6DD
C043357E
C0439622
C043F8D6
C0445DA3
C044C494
C0452DB4
C045990F
C04606B0
C04676A3
C046E8F3
C0475DAC
C047D4DB
C0484E8B
C048CACA
C04949A4
C049CB25
C04A4F5B
C04AD653
C04B601B
C04BECC0
C04C7C50
C04D0ED8
C04DA467
C04E3D0B
C04ED8D3
C04F77CD
C0501A08
C050BF92
C051687B
C05214D2
C052C4A6
C0537807
C0542F04
C054E9AD
C055A811
C0566A40
C057304B
C057FA41
C058C832
C0599A2E
C05A7045
C05B4A87
C05C2905
C05D0BCE
C05DF2F3
C05EDE82
C05FCE8D
C060C322
C061BC52
C062BA2B
C063BCBD
C064C416
C065D046
C066E15B
C067F764
C069126D
C06A3285
C06B57B8
C06C8214
C06DB1A4
C06EE674
C070208F
C0716000
C072A4D0
C073EF0A
C0753EB5
C07693DA
C077EE7F
C0794EAC
C07AB465
C07C1FAF
C07D908E
C07F0705
C080418B
C0810261
C081C604
C0828C74
C08355B0
C08421B5
C084F083
C085C216
C086966B
C0876D7E
C088474C
C08923CE
C08A0300
C08AE4DB
C08BC95A
C08CB075
C08D9A25
C08E8661
C08F7522
C090665D
C0915A0B
C0925021
C0934894
C094435B
C095406A
C0963FB7
C0974134
C09844D8
C0994A95
C09A525F
C09B5C2B
C09C67EA
C09D7591
C09E8513
C09F9663
C0A0A973
C0A1BE37
C0A2D4A2
C0A3ECA7
C0A50639
C0A6214B
C0A73DD0
C0A85BBD
C0A97B04
C0AA9B9A
C0ABBD71
C0ACE07F
C0AE04B8
C0AF2A10
C0B0507C
C0B177F2
C0B2A065
C0B3C9CC
C0B4F41E
C0B61F4E
C0B74B55
C0B87829
C0B9A5C1
C0BAD413
C0BC0318
C0BD32C6
C0BE6317
C0BF9403
C0C0C581
C0C1F78B
C0C32A1A
C0C45D28
C0C590AD
C0C6C4A5
C0C7F908
C0C92DD2
C0CA62FC
C0CB9883
C0CCCE61
C0CE0490
C0CF3B0D
C0D071D4
C0D1A8E0
C0D2E02D
C0D417B8
C0D54F7C
C0D68778
C0D7BFA6
C0D8F805
C0DA3092
C0DB6949
C0DCA227
C0DDDB2C
C0DF1453
C0E04D9C
C0E18703
C0E2C086
C0E3FA25
C0E533DC
C0E66DAB
C0E7A78F
C0E8E188
C0EA1B93
C0EB55B0
C0EC8FDC
C0EDCA18
C0EF0461
C0F03EB7
C0F17919
C0F2B385
C0F3EDFB
C0F5287A
C0F66302
C0F79D90
C0F8D826
C0FA12C2
C0FB4D63
C0FC8809
C0FDC2B4
C0FEFD62
C1001C0A
C100B965
C10156C0
C101F41E
C102917B
C1032EDA
C103CC3A
C104699A
C10506FA
C105A45B
C10641BC
C106DF1D
C1077C7D
C10819DE
C108B73F
C109549F
C109F1FF
C10A8F5F
C10B2CBE
C10BCA1D
C10C677B
C10D04D9
C10DA236
C10E3F92
C10EDCEE
C10F7A49
C11017A4
C03CD7BB
C03D0EE1
C03D4737
C03D80C6
C03DBB93
C03DF7A5
C03E3504
C03E73B7
C03EB3C5
C03EF536
C03F3811
C03F7C5E
C03FC225
C040096E
C0405241
C0409CA7
C040E8A8
C041364D
C041859F
C041D6A7
C042296D
C0427DFC
C042D45D
C0432C99
C04386BA
C043E2CB
C04440D6
C044A0E4
C0450301
C0456737
C045CD91
C046361A
C046A0DE
C0470DE7
C0477D42
C047EEFB
C048631C
C048D9B3
C04952CC
C049CE73
C04A4CB5
C04ACDA0
C04B513F
C04BD7A1
C04C60D2
C04CECE1
C04D7BDB
C04E0DCE
C04EA2C9
C04F3AD9
C04FD60E
C0507475
C051161D
C051BB17
C052636F
C0530F37
C053BE7D
C0547150
C05527C1
C055E1DE
C0569FB8
C057615F
C05826E2
C058F052
C059BDBE
C05A8F37
C05B64CD
C05C3E90
C05D1C8F
C05DFEDC
C05EE586
C05FD09E
C060C032
C061B453
C062AD10
C063AA79
C064AC9D
C065B38B
C066BF52
C067D001
C068E5A5
C06A004D
C06B2006
C06C44DD
C06D6EE0
C06E9E19
C06FD295
C0710C60
C0724B83
C0739009
C074D9FB
C0762961
C0777E44
C078D8AC
C07A389D
C07B9E1E
C07D0934
C07E79E2
C07FF02B
C080B609
C08176CB
C0823A5C
C08300BB
C083C9E8
C08495E1
C08564A3
C086362C
C0870A79
C087E186
C088BB4E
C08997CD
C08A76FD
C08B58D8
C08C3D58
C08D2476
C08E0E2A
C08EFA6C
C08FE933
C090DA78
C091CE2F
C092C450
C093BCD0
C094B7A4
C095B4C2
C096B41E
C097B5AC
C098B962
C099BF32
C09AC710
C09BD0F0
C09CDCC6
C09DEA83
C09EFA1C
C0A00B84
C0A11EAD
C0A2338A
C0A34A0F
C0A4622E
C0A57BDB
C0A69708
C0A7B3A9
C0A8D1B2
C0A9F116
C0AB11C8
C0AC33BD
C0AD56E8
C0AE7B3E
C0AFA0B3
C0B0C73D
C0B1EED0
C0B31761
C0B440E6
C0B56B54
C0B696A3
C0B7C2C7
C0B8EFB8
C0BA1D6D
C0BB4BDC
C0BC7AFD
C0BDAAC8
C0BEDB36
C0C00C3D
C0C13DD7
C0C26FFD
C0C3A2A7
C0C4D5CF
C0C6096F
C0C73D81
C0C871FE
C0C9A6E1
C0CADC25
C0CC11C4
C0CD47BA
C0CE7E01
C0CFB496
C0D0EB74
C0D22296
C0D359F9
C0D4919A
C0D5C974
C0D70184
C0D839C8
C0D9723B
C0DAAADB
C0DBE3A5
C0DD1C97
C0DE55AE
C0DF8EE7
C0E0C841
C0E201BA
C0E33B4E
C0E474FD
C0E5AEC5
C0E6E8A4
C0E82297
C0E95C9F
C0EA96B9
C0EBD0E4
C0ED0B1E
C0EE4568
C0EF7FBE
C0F0BA21
C0F1F48F
C0F32F08
C0F4698A
C0F5A414
C0F6DEA7
C0F81941
C0F953E1
C0FA8E87
C0FBC932
C0FD03E2
C0FE3E97
C0FF794E
C1005A05
C100F764
C10194C4
C1023225
C102CF87
C1036CEA
C1040A4D
C104A7B1
C1054515
C105E279
C1067FDD
C1071D41
C107BAA5
C1085809
C108F56D
C10992D0
C10A3033
C10ACD95
C10B6AF7
C10C0858
C10CA5B9
C10D4319
C10DE078
C10E7DD7
C10F1B35
C10FB892
C11055EF
C03DF63D
C03E2CDC
C03E64AB
C03E9DB1
C03ED7F6
C03F137F
C03F5054
C03F8E7C
C03FCDFF
C0400EE3
C0405132
C04094F2
C040DA2B
C04120E6
C041692A
C041B301
C041FE72
C0424B87
C0429A48
C042EABE
C0433CF3
C04390EF
C043E6BD
C0443E66
C04497F4
C044F371
C04550E8
C045B061
C04611E9
C046758A
C046DB4F
C0474343
C047AD71
C04819E5
C04888AA
C048F9CC
C0496D58
C049E359
C04A5BDC
C04AD6ED
C04B549A
C04BD4EE
C04C57F8
C04CDDC5
C04D6662
C04DF1DC
C04E8042
C04F11A2
C04FA60A
C0503D87
C050D82A
C0517600
C0521718
C052BB82
C053634B
C0540E85
C054BD3E
C0556F85
C056256B
C056DEFE
C0579C50
C0585D6F
C059226C
C059EB57
C05AB841
C05B8938
C05C5E4E
C05D3792
C05E1516
C05EF6E8
C05FDD19
C060C7B9
C061B6D8
C062AA86
C063A2D3
C0649FCD
C065A185
C066A809
C067B369
C068C3B2
C069D8F4
C06AF33C
C06C1298
C06D3714
C06E60BF
C06F8FA3
C070C3CE
C071FD49
C0733C20
C074805D
C075CA09
C077192D
C0786DD0
C079C7FB
C07B27B3
C07C8CFE
C07DF7E1
C07F6860
C0806F3E
C0812D1D
C081EDCD
C082B14D
C083779D
C08440BC
C0850CA9
C085DB61
C086ACE1
C0878127
C088582E
C08931F3
C08A0E6F
C08AED9F
C08BCF7B
C08CB3FE
C08D9B1F
C08E84D8
C08F7121
C0905FF1
C091513F
C0924501
C0933B2E
C09433BC
C0952E9F
C0962BCD
C0972B3A
C0982CDB
C09930A4
C09A3688
C09B3E7C
C09C4872
C09D545E
C09E6234
C09F71E5
C0A08366
C0A196A9
C0A2ABA1
C0A3C241
C0A4DA7C
C0A5F445
C0A70F8F
C0A82C4E
C0A94A74
C0AA69F5
C0AB8AC6
C0ACACD9
C0ADD022
C0AEF497
C0B01A2B
C0B140D4
C0B26885
C0B39135
C0B4BAD9
C0B5E566
C0B710D3
C0B83D16
C0B96A26
C0BA97F9
C0BBC686
C0BCF5C5
C0BE25AE
C0BF5639
C0C0875D
C0C1B914
C0C2EB56
C0C41E1D
C0C55161
C0C6851C
C0C7B949
C0C8EDE1
C0CA22DE
C0CB583C
C0CC8DF5
C0CDC404
C0CEFA64
C0D03111
C0D16807
C0D29F41
C0D3D6BC
C0D50E73
C0D64663
C0D77E89
C0D8B6E2
C0D9EF6A
C0DB281F
C0DC60FD
C0DD9A03
C0DED32D
C0E00C79
C0E145E6
C0E27F70
C0E3B916
C0E4F2D6
C0E62CAF
C0E7669E
C0E8A0A2
C0E9DAB9
C0EB14E2
C0EC4F1C
C0ED8965
C0EEC3BC
C0EFFE20
C0F13891
C0F2730C
C0F3AD91
C0F4E81F
C0F622B6
C0F75D55
C0F897FA
C0F9D2A5
C0FB0D56
C0FC480C
C0FD82C6
C0FEBD84
C0FFF846
C1009985
C10136E8
C101D44D
C10271B2
C1030F19
C103AC7F
C10449E7
C104E74E
C10584B6
C106221D
C106BF85
C1075CED
C107FA54
C10897BB
C1093522
C109D288
C10A6FEE
C10B0D53
C10BAAB8
C10C481B
C10CE57F
C10D82E1
C10E2043
C10EBDA4
C10F5B04
C10FF864
C11095C2
C03F194A
C03F4F65
C03F86AF
C03FBF30
C03FF8EE
C04033F0
C040703D
C040ADDD
C040ECD7
C0412D32
C0416EF6
C041B22B
C041F6D9
C0423D07
C04284BF
C042CE09
C04318EC
C0436572
C043B3A5
C044038B
C0445530
C044A89D
C044FDDA
C04554F2
C045ADEE
C04608D9
C04665BD
C046C4A5
C047259A
C04788A8
C047EDD9
C0485539
C048BED3
C0492AB3
C04998E4
C04A0972
C04A7C6A
C04AF1D7
C04B69C5
C04BE443
C04C615B
C04CE11C
C04D6392
C04DE8CC
C04E70D5
C04EFBBD
C04F8991
C0501A5F
C050AE35
C0514522
C051DF34
C0527C7B
C0531D04
C053C0DF
C054681C
C05512C9
C055C0F6
C05672B3
C057280F
C057E11B
C0589DE5
C0595E7F
C05A22F7
C05AEB5F
C05BB7C7
C05C883E
C05D5CD6
C05E359D
C05F12A5
C05FF3FE
C060D9B8
C061C3E3
C062B28E
C063A5CB
C0649DA8
C0659A36
C0669B83
C067A19F
C068AC98
C069BC7E
C06AD15F
C06BEB49
C06D0A49
C06E2E6D
C06F57C2
C0708653
C071BA2D
C072F35B
C07431E8
C07575DD
C076BF45
C0780E28
C079628E
C07ABC7E
C07C1BFF
C07D8116
C07EEBC8
C0802E0D
C080E906
C081A6D2
C082676F
C0832AE0
C083F122
C084BA34
C0858616
C08654C5
C087263E
C087FA7E
C088D181
C089AB42
C08A87BE
C08B66EE
C08C48CD
C08D2D53
C08E147A
C08EFE3A
C08FEA8B
C090D964
C091CABD
C092BE8C
C093B4C6
C094AD63
C095A856
C096A595
C097A515
C098A6CA
C099AAA7
C09AB0A1
C09BB8AB
C09CC2B9
C09DCEBE
C09EDCAD
C09FEC78
C0A0FE14
C0A21173
C0A32687
C0A43D43
C0A5559C
C0A66F82
C0A78AEB
C0A8A7C8
C0A9C60D
C0AAE5AD
C0AC069D
C0AD28D0
C0AE4C39
C0AF70CE
C0B09682
C0B1BD4B
C0B2E51D
C0B40DED
C0B537B1
C0B6625E
C0B78DEB
C0B8BA4E
C0B9E77D
C0BB1570
C0BC441D
C0BD737B
C0BEA383
C0BFD42C
C0C1056E
C0C23743
C0C369A3
C0C49C87
C0C5CFE8
C0C703C0
C0C83809
C0C96CBD
C0CAA1D6
C0CBD74F
C0CD0D22
C0CE434B
C0CF79C5
C0D0B08C
C0D1E79A
C0D31EED
C0D4567F
C0D58E4E
C0D6C656
C0D7FE93
C0D93701
C0DA6F9F
C0DBA869
C0DCE15C
C0DE1A76
C0DF53B5
C0E08D14
C0E1C694
C0E30031
C0E439EA
C0E573BC
C0E6ADA6
C0E7E7A5
C0E921BA
C0EA5BE1
C0EB961A
C0ECD063
C0EE0ABC
C0EF4521
C0F07F94
C0F1BA12
C0F2F49B
C0F42F2D
C0F569C9
C0F6A46C
C0F7DF16
C0F919C7
C0FA547E
C0FB8F3A
C0FCC9FB
C0FE04C0
C0FF3F88
C1003D2A
C100DA91
C10177F9
C1021562
C102B2CC
C1035037
C103EDA2
C1048B0D
C1052878
C105C5E4
C106634F
C10700BB
C1079E26
C1083B91
C108D8FB
C1097665
C10A13CE
C10AB137
C10B4E9F
C10BEC06
C10C896D
C10D26D3
C10DC438
C10E619C
C10EFF00
C10F9C63
C11039C4
C110D725
C04040EC
C0407685
C040AD4D
C040E54A
C0411E84
C0415901
C04194C9
C041D1E3
C0421056
C042502A
C0429166
C042D412
C0431837
C0435DDC
C043A509
C043EDC8
C044381F
C044841A
C044D1BF
C0452119
C0457230
C045C50E
C04619BD
C0467046
C046C8B3
C047230E
C0477F62
C047DDB8
C0483E1C
C048A099
C0490539
C0496C07
C049D510
C04A405D
C04AADFC
C04B1DF8
C04B905D
C04C0538
C04C7C94
C04CF67F
C04D7305
C04DF234
C04E7419
C04EF8C1
C04F8039
C0500A90
C05097D3
C0512810
C051BB57
C05251B5
C052EB38
C05387F1
C05427ED
C054CB3C
C05571ED
C0561C0F
C056C9B2
C0577AE6
C0582FBB
C058E840
C059A485
C05A649A
C05B2890
C05BF076
C05CBC5E
C05D8C57
C05E6071
C05F38BE
C060154C
C060F62D
C061DB71
C062C528
C063B362
C064A62F
C0659D9F
C06699C1
C0679AA5
C068A05A
C069AAF0
C06ABA74
C06BCEF6
C06CE883
C06E072A
C06F2AF6
C07053F7
C0718237
C072B5C2
C073EEA5
C0752CE9
C076709A
C077B9BF
C0790863
C07A5C8D
C07BB645
C07D1590
C07E7A75
C07FE4F9
C080AA90
C0816575
C082232E
C082E3BC
C083A71D
C0846D52
C0853659
C0860231
C086D0D8
C087A24A
C0887685
C0894D86
C08A2746
C08B03C2
C08BE2F4
C08CC4D6
C08DA961
C08E908E
C08F7A57
C09066B1
C0915596
C09246FB
C0933AD7
C0943121
C09529CE
C09624D3
C0972225
C09821B8
C0992382
C09A2776
C09B2D87
C09C35A9
C09D3FD0
C09E4BEF
C09F59F8
C0A069E0
C0A17B98
C0A28F13
C0A3A445
C0A4BB20
C0A5D396
C0A6ED9C
C0A80924
C0A92621
C0AA4487
C0AB6448
C0AC8559
C0ADA7AC
C0AECB37
C0AFEFED
C0B115C3
C0B23CAD
C0B364A1
C0B48D93
C0B5B778
C0B6E247
C0B80DF5
C0B93A79
C0BA67CA
C0BB95DD
C0BCC4AA
C0BDF429
C0BF2451
C0C0551A
C0C1867C
C0C2B870
C0C3EAEF
C0C51DF1
C0C65170
C0C78566
C0C8B9CC
C0C9EE9D
C0CB23D3
C0CC5968
C0CD8F57
C0CEC59B
C0CFFC30
C0D13311
C0D26A39
C0D3A1A5
C0D4D950
C0D61138
C0D74957
C0D881AC
C0D9BA31
C0DAF2E6
C0DC2BC6
C0DD64CF
C0DE9DFE
C0DFD751
C0E110C5
C0E24A59
C0E38409
C0E4BDD5
C0E5F7B9
C0E731B5
C0E86BC7
C0E9A5EC
C0EAE025
C0EC1A6E
C0ED54C7
C0EE8F2F
C0EFC9A4
C0F10425
C0F23EB2
C0F37949
C0F4B3E9
C0F5EE92
C0F72942
C0F863F9
C0F99EB6
C0FAD979
C0FC1441
C0FD4F0D
C0FE89DD
C0FFC4B0
C1007FC3
C1011D2F
C101BA9C
C102580A
C102F579
C10392E8
C1043057
C104CDC6
C1056B36
C10608A5
C106A615
C1074384
C107E0F3
C1087E61
C1091BCF
C109B93C
C10A56A8
C10AF414
C10B917F
C10C2EEA
C10CCC53
C10D69BC
C10E0724
C10EA48B
C10F41F1
C10FDF56
C1107CBA
C1111A1D
C0416D2C
C041A245
C041D88D
C0421009
C04248C1
C04282BC
C042BE01
C042FA98
C0433886
C04377D5
C043B88B
C043FAB2
C0443E4F
C044836C
C044CA12
C0451247
C0455C16
C045A786
C045F4A1
C046436F
C04693FB
C046E64D
C0473A6F
C047906B
C047E84B
C0484218
C0489DDE
C048FBA6
C0495B7B
C049BD68
C04A2179
C04A87B7
C04AF030
C04B5AED
C04BC7FC
C04C3768
C04CA93C
C04D1D86
C04D9452
C04E0DAD
C04E89A3
C04F0842
C04F8996
C0500DAE
C0509497
C0511E5F
C051AB13
C0523AC2
C052CD7B
C053634B
C053FC42
C054986E
C05537DF
C055DAA3
C05680CA
C0572A63
C057D77F
C058882B
C0593C7A
C059F47A
C05AB03B
C05B6FCE
C05C3342
C05CFAA9
C05DC613
C05E958F
C05F692E
C0604101
C0611D18
C061FD83
C062E253
C063CB98
C064B961
C065ABC0
C066A2C4
C0679E7D
C0689EFA
C069A44A
C06AAE7D
C06BBDA2
C06CD1C6
C06DEAF9
C06F0947
C0702CBF
C071556D
C072835D
C073B69C
C074EF36
C0762D34
C07770A0
C078B986
C07A07ED
C07B5BDD
C07CB55E
C07E1477
C07F792C
C08071C2
C08129C0
C081E493
C082A23B
C08362B9
C084260D
C084EC36
C085B533
C0868102
C0874FA2
C088210F
C088F547
C089CC46
C08AA606
C08B8284
C08C61B9
C08D43A0
C08E2831
C08F0F66
C08FF938
C090E59E
C091D48E
C092C601
C093B9ED
C094B047
C095A906
C096A41E
C097A184
C098A12D
C099A30D
C09AA719
C09BAD43
C09CB57F
C09DBFC0
C09ECBFA
C09FDA20
C0A0EA24
C0A1FBFA
C0A30F94
C0A424E5
C0A53BDF
C0A65477
C0A76E9D
C0A88A46
C0A9A765
C0AAC5EC
C0ABE5CF
C0AD0702
C0AE2979
C0AF4D26
C0B071FF
C0B197F8
C0B2BF05
C0B3E71C
C0B51031
C0B63A39
C0B7652B
C0B890FC
C0B9BDA3
C0BAEB15
C0BC194B
C0BD483A
C0BE77DA
C0BFA824
C0C0D90E
C0C20A91
C0C33CA5
C0C46F44
C0C5A266
C0C6D604
C0C80A19
C0C93E9E
C0CA738D
C0CBA8E0
C0CCDE92
C0CE149E
C0CF4AFE
C0D081AF
C0D1B8AB
C0D2EFEE
C0D42775
C0D55F3A
C0D6973B
C0D7CF73
C0D907E0
C0DA407E
C0DB794A
C0DCB241
C0DDEB60
C0DF24A5
C0E05E0E
C0E19797
C0E2D13F
C0E40B04
C0E544E3
C0E67EDB
C0E7B8E9
C0E8F30D
C0EA2D45
C0EB678E
C0ECA1E9
C0EDDC53
C0EF16CB
C0F0514F
C0F18BE0
C0F2C67C
C0F40121
C0F53BD0
C0F67686
C0F7B144
C0F8EC08
C0FA26D2
C0FB61A1
C0FC9C75
C0FDD74D
C0FF1228
C1002683
C100C3F4
C1016165
C101FED7
C1029C4A
C10339BD
C103D731
C10474A5
C1051219
C105AF8D
C1064D00
C106EA74
C10787E7
C1082559
C108C2CB
C109603C
C109FDAD
C10A9B1D
C10B388C
C10BD5FA
C10C7368
C10D10D4
C10DAE40
C10E4BAA
C10EE914
C10F867D
C11023E4
C110C14B
C1115EB0
C0429E12
C042D2AE
C0430878
C0433F75
C04377AF
C043B12A
C043EBEE
C0442803
C0446570
C044A43C
C044E46F
C0452611
C045692A
C045ADC2
C045F3E1
C0463B90
C04684D7
C046CFC0
C0471C53
C0476A98
C047BA9B
C0480C63
C0485FFB
C048B56C
C0490CC0
C0496602
C049C13B
C04A1E77
C04A7DBF
C04ADF1F
C04B42A2
C04BA853
C04C103E
C04C7A6D
C04CE6EE
C04D55CB
C04DC711
C04E3ACD
C04EB10A
C04F29D7
C04FA53E
C050234F
C050A415
C051279F
C051ADFB
C0523735
C052C35C
C053527F
C053E4AB
C05479F0
C055125C
C055ADFE
C0564CE5
C056EF20
C05794BF
C0583DD1
C058EA66
C0599A8E
C05A4E58
C05B05D5
C05BC114
C05C8026
C05D431C
C05E0A04
C05ED4F1
C05FA3F2
C0607718
C0614E73
C0622A14
C0630A0B
C063EE69
C064D73E
C065C499
C066B68C
C067AD26
C068A877
C069A88E
C06AAD7C
C06BB74E
C06CC615
C06DD9DE
C06EF2B8
C07010B0
C07133D5
C0725C32
C07389D5
C074BCCA
C075F51C
C07732D5
C0787601
C079BEA9
C07B0CD5
C07C608D
C07DB9DA
C07F18C2
C0803EA5
C080F3BB
C081ABA7
C0826668
C0832400
C083E470
C084A7B7
C0856DD5
C08636C9
C0870291
C087D12C
C088A296
C08976CB
C08A4DC9
C08B278B
C08C040C
C08CE345
C08DC532
C08EA9CC
C08F910A
C0907AE7
C0916759
C0925657
C09347DA
C0943BD6
C0953242
C0962B14
C0972641
C09823BD
C099237D
C09A2575
C09B2999
C09C2FDE
C09D3835
C09E4293
C09F4EEA
C0A05D2D
C0A16D50
C0A27F45
C0A392FF
C0A4A871
C0A5BF8D
C0A6D845
C0A7F28E
C0A90E5A
C0AA2B9C
C0AB4A46
C0AC6A4D
C0AD8BA4
C0AEAE3F
C0AFD211
C0B0F70E
C0B21D2B
C0B3445D
C0B46C98
C0B595D1
C0B6BFFE
C0B7EB14
C0B91709
C0BA43D4
C0BB716A
C0BC9FC3
C0BDCED6
C0BEFE99
C0C02F05
C0C16012
C0C291B7
C0C3C3ED
C0C4F6AD
C0C629F0
C0C75DAF
C0C891E4
C0C9C688
C0CAFB96
C0CC3108
C0CD66D9
C0CE9D02
C0CFD380
C0D10A4E
C0D24166
C0D378C5
C0D4B067
C0D5E847
C0D72062
C0D858B4
C0D9913B
C0DAC9F1
C0DC02D6
C0DD3BE4
C0DE751B
C0DFAE77
C0E0E7F6
C0E22195
C0E35B53
C0E4952C
C0E5CF20
C0E7092B
C0E8434E
C0E97D85
C0EAB7CF
C0EBF22A
C0ED2C97
C0EE6712
C0EFA19A
C0F0DC30
C0F216D0
C0F3517B
C0F48C30
C0F5C6ED
C0F701B2
C0F83C7E
C0F9774F
C0FAB227
C0FBED03
C0FD27E3
C0FE62C7
C0FF9DAE
C1006C4C
C10109C2
C101A739
C10244B0
C102E228
C1037FA1
C1041D19
C104BA92
C105580A
C105F582
C10692FA
C1073072
C107CDE9
C1086B5F
C10908D5
C109A64A
C10A43BE
C10AE132
C10B7EA4
C10C1C16
C10CB986
C10D56F6
C10DF465
C10E91D2
C10F2F3E
C10FCCAA
C1106A14
C111077D
C111A4E5
C043D3A5
C04407C7
C0443D15
C0447397
C044AB54
C044E451
C0451E98
C0455A2D
C045971B
C045D566
C0461518
C0465639
C04698CF
C046DCE4
C0472280
C04769AB
C047B26D
C047FCD1
C04848DD
C048969C
C048E618
C0493758
C0498A68
C049DF50
C04A361B
C04A8ED3
C04AE983
C04B4634
C04BA4F2
C04C05C7
C04C68BF
C04CCDE5
C04D3543
C04D9EE7
C04E0ADB
C04E792C
C04EE9E6
C04F5D15
C04FD2C6
C0504B06
C050C5E1
C0514366
C051C3A0
C052469E
C052CC6E
C053551D
C053E0B9
C0546F51
C05500F4
C05595AF
C0562D92
C056C8AB
C057670B
C05808BF
C058ADD8
C0595664
C05A0275
C05AB219
C05B6561
C05C1C5C
C05CD71B
C05D95AF
C05E5827
C05F1E94
C05FE906
C060B78E
C0618A3C
C0626122
C0633C4E
C0641BD3
C064FFC1
C065E827
C066D516
C067C69F
C068BCD1
C069B7BC
C06AB770
C06BBBFC
C06CC570
C06DD3DB
C06EE74B
C06FFFCE
C0711D72
C0724046
C0736855
C07495AD
C075C859
C0770066
C0783DDD
C07980CA
C07AC935
C07C1729
C07D6AAC
C07EC3C7
C0801140
C080C36F
C0817871
C082304A
C082EAFB
C083A885
C08468E7
C0852C23
C085F238
C086BB25
C08786E7
C088557D
C08926E5
C089FB1A
C08AD219
C08BABDD
C08C8862
C08D67A2
C08E4996
C08F2E39
C0901582
C090FF6B
C091EBEB
C092DAF9
C093CC8C
C094C09A
C095B71A
C096B001
C097AB44
C098A8D7
C099A8B0
C09AAAC2
C09BAF01
C09CB561
C09DBDD5
C09EC850
C09FD4C6
C0A0E329
C0A1F36C
C0A30583
C0A4195E
C0A52EF2
C0A64630
C0A75F0D
C0A87979
C0A99569
C0AAB2D0
C0ABD19F
C0ACF1CC
C0AE1348
C0AF3608
C0B05A00
C0B17F23
C0B2A567
C0B3CCBE
C0B4F51F
C0B61E7E
C0B748D1
C0B8740D
C0B9A028
C0BACD18
C0BBFAD3
C0BD2951
C0BE5888
C0BF8870
C0C0B900
C0C1EA31
C0C31BF9
C0C44E52
C0C58135
C0C6B49A
C0C7E87B
C0C91CD1
C0CA5196
C0CB86C5
C0CCBC56
C0CDF246
C0CF288F
C0D05F2B
C0D19617
C0D2CD4D
C0D404C9
C0D53C87
C0D67483
C0D7ACB9
C0D8E526
C0DA1DC7
C0DB5697
C0DC8F95
C0DDC8BC
C0DF020B
C0E03B7F
C0E17515
C0E2AECB
C0E3E89F
C0E5228E
C0E65C96
C0E796B7
C0E8D0ED
C0EA0B38
C0EB4595
C0EC8004
C0EDBA82
C0EEF50F
C0F02FA9
C0F16A50
C0F2A501
C0F3DFBC
C0F51A81
C0F6554D
C0F79021
C0F8CAFB
C0FA05DB
C0FB40C0
C0FC7BA9
C0FDB697
C0FEF187
C100163D
C100B3B8
C1015134
C101EEB0
C1028C2D
C10329AB
C103C728
C10464A6
C1050223
C1059FA0
C1063D1D
C106DA9A
C1077816
C1081591
C108B30B
C1095085
C109EDFE
C10A8B76
C10B28ED
C10BC663
C10C63D8
C10D014C
C10D9EBE
C10E3C30
C10ED9A1
C10F7710
C110147E
C110B1EB
C1114F57
C111ECC1
C0450DEF
C0454199
C045766E
C045AC77
C045E3B9
C0461C3B
C0465606
C046911F
C046CD8F
C0470B5D
C0474A91
C0478B32
C047CD48
C04810DD
C04855F7
C0489CA0
C048E4E0
C0492EC0
C0497A49
C049C784
C04A167A
C04A6735
C04AB9BF
C04B0E21
C04B6465
C04BBC96
C04C16BE
C04C72E7
C04CD11D
C04D3169
C04D93D8
C04DF874
C04E5F49
C04EC863
C04F33CD
C04FA194
C05011C3
C0508468
C050F98F
C0517144
C051EB96
C0526890
C052E840
C0536AB4
C053EFFA
C0547820
C0550334
C0559143
C056225E
C056B691
C0574DED
C057E880
C058865A
C0592789
C059CC1E
C05A7427
C05B1FB5
C05BCED8
C05C819F
C05D381B
C05DF25D
C05EB073
C05F726F
C0603862
C061025C
C061D06D
C062A2A6
C0637917
C06453D2
C06532E7
C0661666
C066FE5F
C067EAE5
C068DC05
C069D1D1
C06ACC58
C06BCBAB
C06CCFD9
C06DD8F0
C06EE701
C06FFA19
C0711248
C0722F9B
C073521F
C07479E2
C075A6F1
C076D957
C0781121
C0794E58
C07A9108
C07BD93A
C07D26F8
C07E7A48
C07FD334
C08098E0
C0814AFA
C081FFEA
C082B7B3
C0837254
C0842FD0
C084F028
C085B35A
C0867966
C087424D
C0880E0A
C088DC9E
C089AE04
C08A823A
C08B593B
C08C3304
C08D0F8E
C08DEED6
C08ED0D3
C08FB581
C0909CD6
C09186CD
C092735C
C093627B
C0945421
C0954843
C0963ED8
C09737D5
C098332F
C09930DC
C09A30CF
C09B32FC
C09C3758
C09D3DD5
C09E4668
C09F5102
C0A05D98
C0A16C1D
C0A27C82
C0A38EBA
C0A4A2B9
C0A5B871
C0A6CFD4
C0A7E8D5
C0A90368
C0AA1F7D
C0AB3D0A
C0AC5C00
C0AD7C53
C0AE9DF7
C0AFC0DE
C0B0E4FE
C0B20A48
C0B330B3
C0B45833
C0B580BB
C0B6AA42
C0B7D4BC
C0B9001F
C0BA2C61
C0BB5978
C0BC875A
C0BDB5FE
C0BEE55C
C0C01569
C0C1461F
C0C27774
C0C3A961
C0C4DBDF
C0C60EE5
C0C7426E
C0C87672
C0C9AAEB
C0CADFD2
C0CC1522
C0CD4AD5
C0CE80E6
C0CFB74E
C0D0EE0A
C0D22515
C0D35C69
C0D49403
C0D5CBDF
C0D703F8
C0D83C4B
C0D974D3
C0DAAD8F
C0DBE67A
C0DD1F92
C0DE58D3
C0DF923C
C0E0CBC8
C0E20576
C0E33F43
C0E4792E
C0E5B334
C0E6ED52
C0E82788
C0E961D4
C0EA9C33
C0EBD6A4
C0ED1126
C0EE4BB7
C0EF8657
C0F0C103
C0F1FBBB
C0F3367D
C0F47149
C0F5AC1E
C0F6E6FA
C0F821DE
C0F95CC7
C0FA97B5
C0FBD2A9
C0FD0DA0
C0FE489B
C0FF8399
C1005F4C
C100FCCD
C1019A4F
C10237D1
C102D554
C10372D7
C104105A
C104ADDD
C1054B5F
C105E8E1
C1068663
C10723E4
C107C164
C1085EE4
C108FC63
C10999E1
C10A375D
C10AD4D9
C10B7254
C10C0FCE
C10CAD46
C10D4ABD
C10DE833
C10E85A8
C10F231C
C10FC08E
C1105DFF
C110FB6F
C11198DD
C112364A
C0464CF6
C046802A
C046B48A
C046EA1B
C04720E5
C04758EF
C0479240
C047CCE0
C04808D5
C0484627
C04884DF
C048C503
C049069C
C04949B2
C0498E4E
C049D477
C04A1C37
C04A6596
C04AB09E
C04AFD57
C04B4BCB
C04B9C03
C04BEE09
C04C41E7
C04C97A7
C04CEF53
C04D48F5
C04DA498
C04E0247
C04E620D
C04EC3F5
C04F280A
C04F8E58
C04FF6EA
C05061CC
C050CF0B
C0513EB3
C051B0CF
C052256E
C0529C9B
C0531664
C05392D6
C05411FF
C05493EC
C05518AA
C055A049
C0562AD5
C056B85F
C05748F3
C057DCA1
C0587378
C0590D87
C059AADD
C05A4B89
C05AEF9B
C05B9724
C05C4231
C05CF0D5
C05DA31E
C05E591D
C05F12E2
C05FD07E
C0609201
C061577B
C06220FE
C062EE9A
C063C060
C064965F
C06570AA
C0664F51
C0673264
C06819F3
C0690610
C069F6CA
C06AEC33
C06BE659
C06CE54C
C06DE91D
C06EF1DA
C06FFF93
C0711257
C0722A33
C0734736
C074696E
C07590E7
C076BDAF
C077EFD1
C079275A
C07A6454
C07BA6CA
C07CEEC5
C07E3C4F
C07F8F6F
C0807417
C0812348
C081D54F
C0828A2E
C08341E6
C083FC7A
C084B9EA
C0857A37
C0863D61
C0870367
C087CC48
C0889803
C0896695
C08A37FC
C08B0C33
C08BE339
C08CBD07
C08D9999
C08E78E9
C08F5AF1
C0903FAB
C091270F
C0921115
C092FDB5
C093ECE6
C094DEA0
C095D2D7
C096C983
C097C298
C098BE0C
C099BBD3
C09ABBE2
C09BBE2C
C09CC2A6
C09DC942
C09ED1F5
C09FDCB1
C0A0E969
C0A1F810
C0A30899
C0A41AF6
C0A52F1A
C0A644F7
C0A75C80
C0A875A8
C0A99062
C0AAAC9F
C0ABCA54
C0ACE972
C0AE09EE
C0AF2BBA
C0B04ECB
C0B17313
C0B29887
C0B3BF1B
C0B4E6C3
C0B60F75
C0B73925
C0B863C8
C0B98F54
C0BABBBE
C0BBE8FE
C0BD1708
C0BE45D4
C0BF7559
C0C0A58E
C0C1D66A
C0C307E6
C0C439FA
C0C56C9D
C0C69FC9
C0C7D376
C0C9079E
C0CA3C3B
C0CB7146
C0CCA6B9
C0CDDC8E
C0CF12C0
C0D0494B
C0D18027
C0D2B752
C0D3EEC6
C0D5267F
C0D65E79
C0D796B0
C0D8CF20
C0DA07C6
C0DB409E
C0DC79A5
C0DDB2D8
C0DEEC34
C0E025B6
C0E15F5C
C0E29923
C0E3D309
C0E50D0B
C0E64728
C0E7815E
C0E8BBAA
C0E9F60B
C0EB307F
C0EC6B05
C0EDA59C
C0EEE041
C0F01AF3
C0F155B2
C0F2907C
C0F3CB51
C0F5062E
C0F64114
C0F77C00
C0F8B6F3
C0F9F1EC
C0FB2CEA
C0FC67EC
C0FDA2F2
C0FEDDFB
C1000C83
C100AA0A
C1014791
C101E519
C10282A2
C103202A
C103BDB3
C1045B3B
C104F8C3
C105964B
C10633D2
C106D159
C1076EDF
C1080C64
C108A9E8
C109476B
C109E4ED
C10A826E
C10B1FEE
C10BBD6D
C10C5AEA
C10CF866
C10D95E1
C10E335A
C10ED0D3
C10F6E49
C1100BBF
C110A933
C11146A6
C111E417
C1128187
C04790C2
C047C383
C047F76F
C0482C8C
C04862E1
C0489A75
C048D34F
C0490D77
C04948F4
C04985CD
C049C40B
C04A03B5
C04A44D3
C04A876D
C04ACB8C
C04B1138
C04B587A
C04BA15B
C04BEBE4
C04C381D
C04C8611
C04CD5C8
C04D274D
C04D7AA9
C04DCFE7
C04E2710
C04E802F
C04EDB4F
C04F387A
C04F97BC
C04FF91F
C0505CAF
C050C278
C0512A85
C05194E1
C052019B
C05270BC
C052E253
C053566C
C053CD13
C0544656
C054C242
C05540E5
C055C24D
C0564686
C056CD9F
C05757A7
C057E4AC
C05874BD
C05907E8
C0599E3C
C05A37C8
C05AD49D
C05B74C8
C05C185B
C05CBF64
C05D69F3
C05E181A
C05EC9E6
C05F7F6A
C06038B6
C060F5D9
C061B6E4
C0627BE9
C06344F8
C0641221
C064E375
C065B905
C06692E2
C067711D
C06853C6
C0693AED
C06A26A4
C06B16FA
C06C0C01
C06D05C8
C06E045E
C06F07D4
C070103A
C0711D9D
C072300E
C073479A
C0746450
C075863E
C076AD70
C077D9F3
C0790BD4
C07A431F
C07B7FDE
C07CC21B
C07E09E2
C07F573A
C0805516
C0810160
C081B07E
C0826274
C0831742
C083CEED
C0848974
C08546D9
C086071D
C086CA40
C0879041
C088591E
C08924D7
C089F36A
C08AC4D2
C08B990E
C08C7018
C08D49EE
C08E2688
C08F05E3
C08FE7F8
C090CCBF
C091B432
C0929E4A
C0938AFC
C0947A42
C0956C11
C096605F
C0975724
C0985053
C0994BE2
C09A49C5
C09B49F1
C09C4C5A
C09D50F4
C09E57B1
C09F6086
C0A06B64
C0A17840
C0A2870C
C0A397BA
C0A4AA3D
C0A5BE87
C0A6D48C
C0A7EC3D
C0A9058E
C0AA2070
C0AB3CD7
C0AC5AB5
C0AD79FE
C0AE9AA4
C0AFBC9A
C0B0DFD5
C0B20448
C0B329E7
C0B450A6
C0B5787A
C0B6A156
C0B7CB30
C0B8F5FE
C0BA21B4
C0BB4E49
C0BC7BB2
C0BDA9E6
C0BED8DC
C0C0088A
C0C138E8
C0C269ED
C0C39B90
C0C4CDCB
C0C60096
C0C733E8
C0C867BC
C0C99C0A
C0CAD0CC
C0CC05FB
C0CD3B92
C0CE718B
C0CFA7E1
C0D0DE8D
C0D2158C
C0D34CD8
C0D4846D
C0D5BC47
C0D6F460
C0D82CB6
C0D96545
C0DA9E09
C0DBD6FE
C0DD1022
C0DE4971
C0DF82E8
C0E0BC86
C0E1F646
C0E33027
C0E46A26
C0E5A441
C0E6DE76
C0E818C3
C0E95326
C0EA8D9E
C0EBC828
C0ED02C4
C0EE3D6F
C0EF7828
C0F0B2EF
C0F1EDC1
C0F3289F
C0F46385
C0F59E75
C0F6D96C
C0F81469
C0F94F6D
C0FA8A76
C0FBC584
C0FD0095
C0FE3BAA
C0FF76C1
C10058ED
C100F67B
C1019409
C1023197
C102CF26
C1036CB5
C1040A43
C104A7D2
C105455F
C105E2ED
C1068079
C1071E05
C107BB90
C108591A
C108F6A2
C109942A
C10A31B1
C10ACF36
C10B6CBA
C10C0A3D
C10CA7BE
C10D453E
C10DE2BC
C10E8039
C10F1DB5
C10FBB2F
C11058A8
C110F61F
C1119395
C1123109
C112CE7B
C048D95A
C0490BAB
C0493F25
C04973D0
C049A9B2
C049E0D2
C04A1938
C04A52EB
C04A8DF2
C04ACA55
C04B081B
C04B474D
C04B87F2
C04BCA13
C04C0DB8
C04C52EA
C04C99B1
C04CE216
C04D2C22
C04D77DE
C04DC554
C04E148D
C04E6593
C04EB870
C04F0D2D
C04F63D6
C04FBC75
C0501713
C05073BD
C050D27D
C051335E
C051966B
C051FBB1
C052633B
C052CD14
C053394A
C053A7E8
C05418FB
C0548C90
C05502B4
C0557B73
C055F6DC
C05674FC
C056F5E0
C0577996
C058002D
C05889B2
C0591635
C059A5C4
C05A386E
C05ACE42
C05B674E
C05C03A3
C05CA350
C05D4665
C05DECF1
C05E9705
C05F44B0
C05FF603
C060AB0E
C06163E1
C062208E
C062E125
C063A5B6
C0646E52
C0653B0A
C0660BF0
C066E113
C067BA84
C0689855
C0697A96
C06A6158
C06B4CAB
C06C3CA0
C06D3147
C06E2AB1
C06F28EC
C0702C0B
C071341A
C072412B
C073534B
C0746A8A
C07586F5
C076A89A
C077CF87
C078FBC9
C07A2D6B
C07B647A
C07CA100
C07DE309
C07F2A9D
C0803BE4
C080E547
C081917D
C0824089
C082F26E
C083A72E
C0845ECB
C0851948
C085D6A4
C08696E0
C08759FE
C0881FFA
C088E8D6
C089B48F
C08A8323
C08B548F
C08C28CF
C08CFFE1
C08DD9BF
C08EB664
C08F95CB
C09077ED
C0915CC4
C0924449
C0932E73
C0941B3A
C0950A95
C095FC7B
C096F0E3
C097E7C1
C098E10C
C099DCB7
C09ADAB9
C09BDB04
C09CDD8E
C09DE249
C09EE929
C09FF221
C0A0FD24
C0A20A26
C0A31917
C0A429ED
C0A53C98
C0A6510B
C0A76739
C0A87F14
C0A9988E
C0AAB39B
C0ABD02D
C0ACEE37
C0AE0DAB
C0AF2E7D
C0B050A0
C0B17407
C0B298A7
C0B3BE72
C0B4E55E
C0B60D5E
C0B73666
C0B8606D
C0B98B67
C0BAB749
C0BBE40A
C0BD119F
C0BE3FFE
C0BF6F1F
C0C09EF7
C0C1CF7F
C0C300AE
C0C4327B
C0C564DF
C0C697D2
C0C7CB4D
C0C8FF48
C0CA33BD
C0CB68A6
C0CC9DFB
C0CDD3B8
C0CF09D6
C0D04050
C0D17720
C0D2AE42
C0D3E5B1
C0D51D68
C0D65563
C0D78D9D
C0D8C614
C0D9FEC2
C0DB37A5
C0DC70B8
C0DDA9FA
C0DEE366
C0E01CFA
C0E156B3
C0E2908F
C0E3CA8B
C0E504A4
C0E63ED9
C0E77927
C0E8B38C
C0E9EE08
C0EB2896
C0EC6338
C0ED9DE9
C0EED8AA
C0F01379
C0F14E54
C0F2893B
C0F3C42C
C0F4FF25
C0F63A27
C0F77531
C0F8B040
C0F9EB55
C0FB266F
C0FC618D
C0FD9CAE
C0FED7D2
C100097C
C100A710
C10144A5
C101E23A
C1027FCF
C1031D64
C103BAF9
C104588E
C104F622
C10593B6
C1063149
C106CEDB
C1076C6C
C10809FC
C108A78B
C1094518
C109E2A5
C10A8030
C10B1DBA
C10BBB42
C10C58C9
C10CF64E
C10D93D2
C10E3154
C10ECED5
C10F6C54
C11009D2
C110A74E
C11144C8
C111E241
C1127FB8
C1131D2E
C04A26C5
C04A58A7
C04A8BB3
C04ABFEE
C04AF55F
C04B2C0F
C04B6403
C04B9D43
C04BD7D7
C04C13C6
C04C5117
C04C8FD3
C04CD002
C04D11AD
C04D54DA
C04D9993
C04DDFE1
C04E27CC
C04E715E
C04EBCA0
C04F099A
C04F5857
C04FA8E1
C04FFB41
C0504F81
C050A5AC
C050FDCC
C05157EC
C051B417
C0521257
C05272B8
C052D545
C0533A0A
C053A113
C0540A6C
C0547621
C054E43E
C05554D0
C055C7E3
C0563D86
C056B5C4
C05730AB
C057AE4A
C0582EAD
C058B1E2
C05937F9
C059C0FE
C05A4D01
C05ADC11
C05B6E3C
C05C0391
C05C9C20
C05D37F8
C05DD729
C05E79C2
C05F1FD4
C05FC96E
C06076A0
C061277B
C061DC10
C062946E
C06350A7
C06410CB
C064D4EA
C0659D17
C0666961
C06739D9
C0680E91
C068E799
C069C503
C06AA6DE
C06B8D3D
C06C782F
C06D67C4
C06E5C0F
C06F551E
C0705301
C07155CA
C0725D86
C0736A46
C0747C19
C075930C
C076AF2F
C077D08F
C078F73A
C07A233C
C07B54A2
C07C8B77
C07DC7C8
C07F099E
C0802882
C080CF00
C0817850
C0822473
C082D36E
C0838544
C08439F7
C084F189
C085ABFC
C0866950
C0872987
C087ECA0
C088B29A
C0897B76
C08A4730
C08B15C7
C08BE738
C08CBB7F
C08D9299
C08E6C81
C08F4933
C09028A8
C0910AD9
C091EFC1
C092D759
C093C197
C094AE74
C0959DE7
C0968FE6
C0978468
C0987B62
C09974CA
C09A7094
C09B6EB6
C09C6F22
C09D71CE
C09E76AC
C09F7DB1
C0A086CF
C0A191F8
C0A29F21
C0A3AE3B
C0A4BF39
C0A5D20E
C0A6E6AB
C0A7FD04
C0A9150B
C0AA2EB1
C0AB49EB
C0AC66AA
C0AD84E0
C0AEA482
C0AFC582
C0B0E7D3
C0B20B69
C0B33036
C0B45630
C0B57D4A
C0B6A578
C0B7CEAF
C0B8F8E4
C0BA240B
C0BB501C
C0BC7D0A
C0BDAACC
C0BED958
C0C008A5
C0C138AA
C0C2695E
C0C39AB8
C0C4CCB0
C0C5FF3F
C0C7325C
C0C86600
C0C99A24
C0CACEC2
C0CC03D3
C0CD3950
C0CE6F33
C0CFA577
C0D0DC17
C0D2130C
C0D34A53
C0D481E5
C0D5B9C0
C0D6F1DD
C0D82A3A
C0D962D1
C0DA9BA0
C0DBD4A3
C0DD0DD6
C0DE4737
C0DF80C1
C0E0BA73
C0E1F449
C0E32E41
C0E46859
C0E5A28D
C0E6DCDC
C0E81744
C0E951C3
C0EA8C57
C0EBC6FE
C0ED01B7
C0EE3C80
C0EF7758
C0F0B23C
C0F1ED2D
C0F32828
C0F4632D
C0F59E3B
C0F6D950
C0F8146C
C0F94F8E
C0FA8AB5
C0FBC5E0
C0FD010F
C0FE3C41
C0FF7775
C1005955
C100F6F1
C101948D
C1023229
C102CFC5
C1036D61
C1040AFD
C104A898
C1054633
C105E3CC
C1068165
C1071EFD
C107BC93
C1085A29
C108F7BD
C109954F
C10A32E1
C10AD071
C10B6DFF
C10C0B8C
C10CA917
C10D46A0
C10DE428
C10E81AF
C10F1F33
C10FBCB6
C1105A37
C110F7B7
C1119535
C11232B1
C112D02B
C1136DA4
C04B7907
C04BAA7E
C04BDD1D
C04C10EC
C04C45EF
C04C7C30
C04CB3B5
C04CEC85
C04D26A8
C04D6225
C04D9F04
C04DDD4D
C04E1D09
C04E5E3E
C04EA0F7
C04EE53A
C04F2B12
C04F7286
C04FBBA0
C0500669
C05052EB
C050A12E
C050F13E
C0514323
C05196E9
C051EC98
C052443C
C0529DE0
C052F98E
C0535751
C053B734
C0541944
C0547D8B
C054E416
C0554CF0
C055B826
C05625C4
C05695D7
C057086C
C0577D8F
C057F54E
C0586FB7
C058ECD7
C0596CBB
C059EF72
C05A750B
C05AFD93
C05B8919
C05C17AB
C05CA95A
C05D3E33
C05DD647
C05E71A4
C05F105B
C05FB27B
C0605814
C0610137
C061ADF3
C0625E59
C0631279
C063CA64
C064862B
C06545DF
C0660990
C066D14E
C0679D2D
C0686D3B
C069418A
C06A1A2C
C06AF730
C06BD8A9
C06CBEA6
C06DA939
C06E9872
C06F8C62
C0708519
C07182A7
C072851C
C0738C87
C07498F9
C075AA80
C076C12B
C077DD08
C078FE26
C07A2491
C07B5056
C07C8182
C07DB822
C07EF43F
C0801AF2
C080BE8F
C08164F9
C0820E36
C082BA48
C0836934
C0841AFC
C084CFA3
C085872B
C0864196
C086FEE4
C087BF16
C088822C
C0894826
C08A1103
C08ADCC0
C08BAB5B
C08C7CD3
C08D5123
C08E2847
C08F023B
C08FDEFA
C090BE7F
C091A0C2
C09285BD
C0936D68
C09457BD
C09544B2
C096343E
C0972658
C0981AF6
C099120E
C09A0B95
C09B0780
C09C05C3
C09D0652
C09E0922
C09F0E26
C0A01550
C0A11E95
C0A229E7
C0A33739
C0A4467D
C0A557A6
C0A66AA6
C0A77F70
C0A895F6
C0A9AE2A
C0AAC7FE
C0ABE366
C0AD0054
C0AE1EBA
C0AF3E8B
C0B05FBA
C0B1823B
C0B2A601
C0B3CAFE
C0B4F128
C0B61872
C0B740D0
C0B86A37
C0B9949C
C0BABFF3
C0BBEC33
C0BD1950
C0BE4741
C0BF75FC
C0C0A577
C0C1D5AA
C0C3068B
C0C43812
C0C56A37
C0C69CF2
C0C7D03A
C0C9040A
C0CA3859
C0CB6D20
C0CCA25A
C0CDD800
C0CF0E0C
C0D04478
C0D17B3E
C0D2B25A
C0D3E9C6
C0D5217E
C0D6597D
C0D791BE
C0D8CA3E
C0DA02F8
C0DB3BE9
C0DC750E
C0DDAE61
C0DEE7E2
C0E0218C
C0E15B5C
C0E29550
C0E3CF66
C0E5099A
C0E643EA
C0E77E55
C0E8B8D8
C0E9F371
C0EB2E1F
C0EC68DF
C0EDA3B0
C0EEDE91
C0F01980
C0F1547B
C0F28F82
C0F3CA93
C0F505AD
C0F640D0
C0F77BF9
C0F8B729
C0F9F25D
C0FB2D97
C0FC68D4
C0FDA414
C0FEDF57
C1000D4E
C100AAF1
C1014894
C101E638
C10283DC
C103217F
C103BF22
C1045CC5
C104FA66
C1059807
C10635A7
C106D346
C10770E3
C1080E80
C108AC1B
C10949B4
C109E74C
C10A84E2
C10B2277
C10BC00A
C10C5D9C
C10CFB2B
C10D98B9
C10E3646
C10ED3D0
C10F7158
C1100EDF
C110AC64
C11149E7
C111E769
C11284E8
C1132266
C113BFE2
C04CD028
C04D0136
C04D336B
C04D66CF
C04D9B67
C04DD13C
C04E0854
C04E40B6
C04E7A6B
C04EB579
C04EF1E8
C04F2FC1
C04F6F0B
C04FAFCF
C04FF214
C05035E4
C0507B48
C050C248
C0510AEC
C0515540
C051A14B
C051EF18
C0523EB0
C052901D
C052E36A
C05338A0
C0538FCB
C053E8F5
C0544428
C054A170
C05500D9
C055626D
C055C639
C0562C48
C05694A6
C056FF60
C0576C81
C057DC18
C0584E30
C058C2D7
C0593A1A
C059B406
C05A30A9
C05AB012
C05B324D
C05BB76A
C05C3F76
C05CCA81
C05D589A
C05DE9CE
C05E7E2E
C05F15C9
C05FB0AE
C0604EED
C060F097
C06195BA
C0623E68
C062EAB0
C0639AA3
C0644E51
C06505CC
C065C124
C0668069
C06743AD
C0680B01
C068D676
C069A61C
C06A7A06
C06B5243
C06C2EE5
C06D0FFD
C06DF59C
C06EDFD2
C06FCEB1
C070C249
C071BAAA
C072B7E5
C073BA09
C074C127
C075CD4D
C076DE8C
C077F4F1
C079108B
C07A3168
C07B5796
C07C8321
C07DB417
C07EEA82
C0801338
C080B3F4
C081577C
C081FDD3
C082A6FE
C0835301
C08401DF
C084B39B
C0856838
C0861FB7
C086DA1B
C0879765
C0885794
C0891AA9
C089E0A4
C08AA983
C08B7545
C08C43E7
C08D1566
C08DE9C0
C08EC0F1
C08F9AF3
C09077C1
C0915756
C09239AC
C0931EBC
C094067E
C094F0EA
C095DDF9
C096CDA0
C097BFD7
C098B493
C099ABCA
C09AA572
C09BA17F
C09C9FE6
C09DA09A
C09EA390
C09FA8BB
C0A0B00E
C0A1B97C
C0A2C4F8
C0A3D275
C0A4E1E5
C0A5F33B
C0A70668
C0A81B60
C0A93215
C0AA4A78
C0AB647C
C0AC8014
C0AD9D33
C0AEBBCA
C0AFDBCC
C0B0FD2D
C0B21FE0
C0B343D7
C0B46906
C0B58F62
C0B6B6DE
C0B7DF6E
C0B90906
C0BA339D
C0BB5F25
C0BC8B96
C0BDB8E4
C0BEE706
C0C015F1
C0C1459C
C0C275FF
C0C3A70F
C0C4D8C5
C0C60B18
C0C73E00
C0C87176
C0C9A572
C0CAD9ED
C0CC0EE0
C0CD4445
C0CE7A15
C0CFB04B
C0D0E6E0
C0D21DCF
C0D35512
C0D48CA6
C0D5C484
C0D6FCA9
C0D8350F
C0D96DB3
C0DAA691
C0DBDFA6
C0DD18EC
C0DE5262
C0DF8C03
C0E0C5CE
C0E1FFBE
C0E339D1
C0E47405
C0E5AE57
C0E6E8C5
C0E8234C
C0E95DEB
C0EA989F
C0EBD367
C0ED0E41
C0EE492C
C0EF8425
C0F0BF2C
C0F1FA3F
C0F3355D
C0F47085
C0F5ABB5
C0F6E6EC
C0F8222A
C0F95D6E
C0FA98B7
C0FBD403
C0FD0F53
C0FE4AA6
C0FF85FA
C10060A8
C100FE53
C1019BFF
C10239AB
C102D756
C1037501
C10412AB
C104B055
C1054DFD
C105EBA5
C106894B
C10726F0
C107C494
C1086236
C108FFD7
C1099D76
C10A3B13
C10AD8AF
C10B7649
C10C13E1
C10CB177
C10D4F0B
C10DEC9E
C10E8A2E
C10F27BD
C10FC54A
C11062D4
C111005D
C1119DE4
C1123B69
C112D8EC
C113766D
C11413EC
C04E2C2C
C04E5CD3
C04E8EA1
C04EC19D
C04EF5CD
C04F2B38
C04F61E5
C04F99DD
C04FD325
C0500DC7
C05049C9
C0508733
C050C60F
C0510663
C0514838
C0518B97
C051D089
C0521717
C0525F49
C052A929
C052F4C0
C0534219
C053913C
C053E234
C054350A
C05489CA
C054E07E
C0553930
C05593EB
C055F0BC
C0564FAC
C056B0C7
C057141A
C05779AF
C057E194
C0584BD4
C058B87C
C0592798
C0599936
C05A0D63
C05A842C
C05AFD9E
C05B79C8
C05BF8B7
C05C7A79
C05CFF1C
C05D86B0
C05E1142
C05E9EE2
C05F2F9F
C05FC388
C0605AAD
C060F51C
C06192E7
C062341C
C062D8CC
C0638107
C0642CDE
C064DC60
C0658FA0
C06646AC
C0670197
C067C071
C068834B
C0694A37
C06A1544
C06AE485
C06BB80B
C06C8FE6
C06D6C29
C06E4CE3
C06F3226
C0701C02
C0710A8A
C071FDCC
C072F5DB
C073F2C5
C074F49B
C075FB6E
C077074B
C0781844
C0792E66
C07A49BF
C07B6A5F
C07C9053
C07DBBA7
C07EEC68
C0801152
C080AF31
C0814FD9
C081F34D
C0829992
C08342AD
C083EEA2
C0849D74
C0854F25
C08603BA
C086BB32
C0877591
C08832D8
C088F306
C089B61B
C08A7C18
C08B44FC
C08C10C4
C08CDF6E
C08DB0F7
C08E855D
C08F5C9B
C09036AC
C091138C
C091F334
C092D59F
C093BAC5
C094A29F
C0958D25
C0967A4F
C0976A13
C0985C69
C0995145
C09A489E
C09B4268
C09C3E99
C09D3D26
C09E3E01
C09F411E
C0A04672
C0A14DEF
C0A25788
C0A36331
C0A470DB
C0A58079
C0A691FD
C0A7A55A
C0A8BA82
C0A9D167
C0AAE9FC
C0AC0432
C0AD1FFC
C0AE3D4D
C0AF5C17
C0B07C4C
C0B19DE1
C0B2C0C7
C0B3E4F2
C0B50A55
C0B630E5
C0B75894
C0B88158
C0B9AB24
C0BAD5EE
C0BC01AA
C0BD2E4D
C0BE5BCE
C0BF8A22
C0C0B93F
C0C1E91C
C0C319B0
C0C44AF1
C0C57CD7
C0C6AF5A
C0C7E271
C0C91616
C0CA4A40
C0CB7EE9
C0CCB409
C0CDE99A
C0CF1F96
C0D055F7
C0D18CB6
C0D2C3CF
C0D3FB3C
C0D532F8
C0D66AFE
C0D7A34A
C0D8DBD7
C0DA14A1
C0DB4DA4
C0DC86DD
C0DDC047
C0DEF9E0
C0E033A3
C0E16D8F
C0E2A7A0
C0E3E1D4
C0E51C27
C0E65698
C0E79124
C0E8CBC9
C0EA0684
C0EB4155
C0EC7C39
C0EDB72E
C0EEF233
C0F02D46
C0F16866
C0F2A391
C0F3DEC7
C0F51A05
C0F6554C
C0F79099
C0F8CBED
C0FA0746
C0FB42A3
C0FC7E03
C0FDB966
C0FEF4CC
C1001819
C100B5CD
C1015381
C101F135
C1028EE9
C1032C9C
C103CA4F
C1046801
C10505B2
C105A361
C1064110
C106DEBD
C1077C69
C1081A13
C108B7BB
C1095562
C109F306
C10A90A9
C10B2E4B
C10BCBEA
C10C6987
C10D0722
C10DA4BB
C10E4252
C10EDFE7
C10F7D7A
C1101B0B
C110B89A
C1115627
C111F3B2
C112913B
C1132EC1
C113CC46
C11469C9
C04F8D17
C04FBD5B
C04FEEC4
C050215A
C0505524
C0508A28
C050C06D
C050F7FC
C05130DB
C0516B12
C051A6AA
C051E3A9
C0522218
C05261FF
C052A367
C052E658
C0532ADB
C05370F9
C053B8BB
C054022A
C0544D50
C0549A36
C054E8E7
C055396B
C0558BCE
C055E01A
C0563659
C0568E97
C056E8DD
C0574537
C057A3B1
C0580456
C0586732
C058CC51
C05933BF
C0599D87
C05A09B8
C05A785D
C05AE984
C05B5D39
C05BD38A
C05C4C85
C05CC838
C05D46AF
C05DC7FA
C05E4C27
C05ED345
C05F5D61
C05FEA8C
C0607AD4
C0610E48
C061A4F9
C0623EF5
C062DC4D
C0637D11
C0642150
C064C91B
C0657483
C0662398
C066D66A
C0678D0C
C068478C
C06905FD
C069C870
C06A8EF6
C06B599F
C06C287D
C06CFBA2
C06DD31E
C06EAF03
C06F8F62
C070744B
C0715DD1
C0724C03
C0733EF3
C07436B2
C075334E
C07634D9
C0773B63
C07846FB
C07957B0
C07A6D91
C07B88AE
C07CA913
C07DCECF
C07EF9EF
C0801540
C080B046
C0814E10
C081EEA4
C0829206
C083383C
C083E149
C0848D31
C0853BF7
C085EDA0
C086A22D
C08759A1
C08813FC
C088D141
C089916F
C08A5487
C08B1A89
C08BE372
C08CAF42
C08D7DF6
C08E4F8B
C08F23FE
C08FFB4B
C090D56E
C091B261
C092921E
C093749F
C09459DD
C09541D1
C0962C73
C09719BA
C098099D
C098FC12
C099F111
C09AE88D
C09BE27C
C09CDED3
C09DDD87
C09EDE8B
C09FE1D2
C0A0E751
C0A1EEFA
C0A2F8C1
C0A40497
C0A51270
C0A6223E
C0A733F3
C0A84781
C0A95CDB
C0AA73F3
C0AB8CBB
C0ACA725
C0ADC323
C0AEE0A8
C0AFFFA7
C0B12012
C0B241DC
C0B364F7
C0B48958
C0B5AEF1
C0B6D5B6
C0B7FD9B
C0B92694
C0BA5096
C0BB7B95
C0BCA786
C0BDD45E
C0BF0214
C0C0309C
C0C15FED
C0C28FFD
C0C3C0C4
C0C4F237
C0C6244F
C0C75704
C0C88A4C
C0C9BE21
C0CAF27B
C0CC2753
C0CD5CA2
C0CE9261
C0CFC88B
C0D0FF18
C0D23604
C0D36D48
C0D4A4DF
C0D5DCC5
C0D714F5
C0D84D69
C0D9861E
C0DABF0F
C0DBF838
C0DD3197
C0DE6B26
C0DFA4E3
C0E0DECA
C0E218D8
C0E3530C
C0E48D60
C0E5C7D4
C0E70265
C0E83D10
C0E977D4
C0EAB2AD
C0EBED9B
C0ED289B
C0EE63AC
C0EF9ECC
C0F0D9FA
C0F21533
C0F35078
C0F48BC6
C0F5C71D
C0F7027B
C0F83DDF
C0F97949
C0FAB4B8
C0FBF02A
C0FD2B9F
C0FE6716
C0FFA28F
C1006F04
C1010CC1
C101AA7E
C102483B
C102E5F8
C10383B3
C104216E
C104BF27
C1055CE0
C105FA97
C106984D
C1073601
C107D3B3
C1087164
C1090F12
C109ACBF
C10A4A6A
C10AE813
C10B85BA
C10C235E
C10CC101
C10D5EA1
C10DFC3F
C10E99DB
C10F3775
C10FD50D
C11072A2
C1111035
C111ADC6
C1124B55
C112E8E2
C113866C
C11423F4
C114C17B
C050F2EF
C05122D1
C05153D8
C051860B
C051B970
C051EE10
C05223F0
C0525B19
C0529391
C052CD61
C053088F
C0534525
C053832B
C053C2A7
C05403A4
C0544629
C0548A40
C054CFF1
C0551745
C0556046
C055AAFD
C055F774
C05645B4
C05695C9
C056E7BB
C0573B95
C0579162
C057E92D
C0584301
C0589EE8
C058FCEE
C0595D20
C059BF88
C05A2432
C05A8B2B
C05AF47F
C05B603B
C05BCE6B
C05C3F1D
C05CB25D
C05D283A
C05DA0C0
C05E1BFD
C05E9A00
C05F1AD7
C05F9E90
C060253A
C060AEE3
C0613B9B
C061CB70
C0625E73
C062F4B2
C0638E3E
C0642B26
C064CB7A
C0656F4B
C06616A9
C066C1A5
C067704F
C06822B7
C068D8F0
C0699309
C06A5114
C06B1321
C06BD944
C06CA38B
C06D720A
C06E44D0
C06F1BF0
C06FF77A
C070D780
C071BC13
C072A545
C0739325
C07485C5
C0757D36
C0767987
C0777ACA
C078810E
C0798C62
C07A9CD7
C07BB27B
C07CCD5D
C07DED8A
C07F1312
C0801F00
C080B731
C0815222
C081EFD9
C082905B
C08333AD
C083D9D3
C08482D3
C0852EB0
C085DD6E
C0868F0F
C0874397
C087FB06
C088B560
C08972A5
C08A32D5
C08AF5F1
C08BBBF8
C08C84EA
C08D50C3
C08E1F82
C08EF125
C08FC5A8
C0909D06
C091773B
C0925443
C0933417
C09416B0
C094FC09
C095E419
C096CED8
C097BC3E
C098AC42
C0999ED9
C09A93FB
C09B8B9D
C09C85B3
C09D8232
C09E810F
C09F823D
C0A085B1
C0A18B5D
C0A29334
C0A39D29
C0A4A930
C0A5B73A
C0A6C73A
C0A7D921
C0A8ECE3
C0AA0271
C0AB19BE
C0AC32BB
C0AD4D5A
C0AE698F
C0AF874B
C0B0A681
C0B1C723
C0B2E924
C0B40C77
C0B5310F
C0B656E0
C0B77DDC
C0B8A5F9
C0B9CF2A
C0BAF963
C0BC2499
C0BD50C1
C0BE7DD0
C0BFABBC
C0C0DA7A
C0C20A00
C0C33A46
C0C46B41
C0C59CE9
C0C6CF35
C0C8021C
C0C93598
C0CA699F
C0CB9E2A
C0CCD333
C0CE08B2
C0CF3EA1
C0D074F9
C0D1ABB5
C0D2E2CE
C0D41A3F
C0D55203
C0D68A14
C0D7C26E
C0D8FB0C
C0DA33EA
C0DB6D04
C0DCA655
C0DDDFDA
C0DF198F
C0E05372
C0E18D7E
C0E2C7B0
C0E40206
C0E53C7E
C0E67714
C0E7B1C5
C0E8EC91
C0EA2774
C0EB626C
C0EC9D78
C0EDD896
C0EF13C3
C0F04F00
C0F18A49
C0F2C59D
C0F400FC
C0F53C64
C0F677D3
C0F7B34A
C0F8EEC6
C0FA2A47
C0FB65CB
C0FCA153
C0FDDCDE
C0FF186A
C10029FB
C100C7C2
C1016589
C102034F
C102A115
C1033EDA
C103DC9E
C1047A61
C1051823
C105B5E3
C10653A2
C106F15F
C1078F1A
C1082CD4
C108CA8B
C1096840
C10A05F4
C10AA3A5
C10B4154
C10BDF00
C10C7CAB
C10D1A53
C10DB7F8
C10E559C
C10EF33D
C10F90DB
C1102E78
C110CC12
C11169A9
C112073F
C112A4D2
C1134262
C113DFF1
C1147D7D
C1151B07
C0525DB6
C0528D39
C052BDE0
C052EFB2
C05322B6
C05356F4
C0538C71
C053C336
C053FB4A
C05434B4
C0546F7E
C054ABAD
C054E94B
C0552860
C05568F4
C055AB10
C055EEBD
C0563403
C0567AEC
C056C381
C0570DCC
C05759D6
C057A7A9
C057F74F
C05848D3
C0589C3E
C058F19C
C05948F7
C059A25A
C059FDD1
C05A5B67
C05ABB27
C05B1D1D
C05B8156
C05BE7DD
C05C50BF
C05CBC09
C05D29C6
C05D9A06
C05E0CD4
C05E823E
C05EFA52
C05F751D
C05FF2AE
C0607313
C060F65B
C0617C93
C06205CC
C0629213
C0632179
C063B40C
C06449DD
C064E2FB
C0657F76
C0661F5E
C066C2C3
C06769B7
C0681449
C068C28A
C069748B
C06A2A5D
C06AE411
C06BA1B9
C06C6365
C06D2926
C06DF30F
C06EC130
C06F939B
C0706A61
C0714593
C0722544
C0730983
C073F263
C074DFF4
C075D247
C076C96D
C077C576
C078C673
C079CC74
C07AD788
C07BE7BF
C07CFD29
C07E17D3
C07F37CC
C0802E91
C080C3F1
C0815C0D
C081F6EA
C082948E
C08334FF
C083D842
C0847E5C
C0852751
C085D324
C08681DA
C0873376
C087E7FA
C0889F67
C08959C1
C08A1708
C08AD73C
C08B9A5D
C08C606C
C08D2967
C08DF54B
C08EC418
C08F95CA
C0906A5E
C09141CF
C0921C19
C092F937
C093D924
C094BBD7
C095A14C
C0968979
C0977458
C09861DF
C0995206
C09A44C2
C09B3A0A
C09C31D2
C09D2C11
C09E28BA
C09F27C3
C0A0291E
C0A12CBF
C0A2329A
C0A33AA1
C0A444C8
C0A55101
C0A65F3E
C0A76F71
C0A8818E
C0A99585
C0AAAB49
C0ABC2CC
C0ACDC01
C0ADF6D8
C0AF1345
C0B0313A
C0B150A8
C0B27183
C0B393BE
C0B4B74A
C0B5DC1C
C0B70227
C0B8295D
C0B951B3
C0BA7B1D
C0BBA590
C0BCD0FF
C0BDFD60
C0BF2AA7
C0C058CB
C0C187C1
C0C2B77F
C0C3E7FC
C0C5192D
C0C64B0B
C0C77D8D
C0C8B0A9
C0C9E459
C0CB1894
C0CC4D53
C0CD828E
C0CEB83F
C0CFEE5F
C0D124E8
C0D25BD3
C0D3931B
C0D4CABB
C0D602AC
C0D73AEA
C0D87370
C0D9AC3A
C0DAE542
C0DC1E86
C0DD5800
C0DE91AD
C0DFCB8A
C0E10593
C0E23FC5
C0E37A1D
C0E4B498
C0E5EF33
C0E729EB
C0E864BF
C0E99FAC
C0EADAB0
C0EC15C8
C0ED50F3
C0EE8C30
C0EFC77B
C0F102D4
C0F23E3A
C0F379AA
C0F4B524
C0F5F0A6
C0F72C30
C0F867BF
C0F9A354
C0FADEEC
C0FC1A88
C0FD5627
C0FE91C7
C0FFCD69
C1008485
C1012256
C101C027
C1025DF7
C102FBC6
C1039994
C1043761
C104D52D
C10572F7
C10610BF
C106AE86
C1074C4B
C107EA0E
C10887CE
C109258D
C109C349
C10A6103
C10AFEBA
C10B9C6F
C10C3A22
C10CD7D2
C10D7580
C10E132B
C10EB0D4
C10F4E7A
C10FEC1E
C11089BF
C111275E
C111C4FA
C1126294
C113002B
C1139DC0
C1143B53
C114D8E3
C1157670
C053CD6F
C053FC95
C0542CDF
C0545E53
C05490F9
C054C4D6
C054F9F3
C0553057
C0556809
C055A111
C055DB77
C0561742
C056547B
C056932B
C056D359
C057150E
C0575853
C0579D32
C057E3B2
C0582BDE
C05875BF
C058C15E
C0590EC7
C0595E01
C059AF19
C05A0218
C05A5709
C05AADF7
C05B06ED
C05B61F6
C05BBF1D
C05C1E6E
C05C7FF6
C05CE3BF
C05D49D7
C05DB24A
C05E1D24
C05E8A72
C05EFA42
C05F6CA0
C05FE19A
C060593F
C060D39A
C06150BC
C061D0B2
C062538B
C062D955
C0636220
C063EDF9
C0647CF2
C0650F19
C065A47E
C0663D30
C066D940
C06778BF
C0681BBB
C068C247
C0696C72
C06A1A4D
C06ACBEA
C06B8159
C06C3AAB
C06CF7F1
C06DB93E
C06E7EA2
C06F482E
C07015F4
C070E807
C071BE76
C0729953
C07378B1
C0745C9F
C0754530
C0763274
C077247D
C0781B5C
C0791720
C07A17DA
C07B1D9B
C07C2872
C07D386F
C07E4DA1
C07F6816
C08043EF
C080D683
C0816BCD
C08203D5
C0829E9F
C0833C33
C083DC95
C0847FCB
C08525D9
C085CEC4
C0867A90
C0872940
C087DAD8
C0888F59
C08946C7
C08A0122
C08ABE6C
C08B7EA6
C08C41CF
C08D07E7
C08DD0EC
C08E9CDE
C08F6BBA
C0903D7D
C0911224
C091E9AA
C092C40B
C093A142
C0948148
C0956418
C09649AA
C09731F8
C0981CF8
C0990AA2
C099FAED
C09AEDCF
C09BE33F
C09CDB31
C09DD59A
C09ED270
C09FD1A5
C0A0D32F
C0A1D700
C0A2DD0C
C0A3E546
C0A4EFA0
C0A5FC0D
C0A70A7F
C0A81AE9
C0A92D3C
C0AA416B
C0AB5767
C0AC6F23
C0AD8891
C0AEA3A3
C0AFC04A
C0B0DE79
C0B1FE23
C0B31F39
C0B441AF
C0B56577
C0B68A84
C0B7B0CA
C0B8D83C
C0BA00CE
C0BB2A74
C0BC5521
C0BD80CC
C0BEAD67
C0BFDAE9
C0C10947
C0C23877
C0C3686E
C0C49924
C0C5CA8E
C0C6FCA4
C0C82F5D
C0C962B0
C0CA9696
C0CBCB06
C0CCFFFA
C0CE3569
C0CF6B4E
C0D0A1A1
C0D1D85C
C0D30F79
C0D446F1
C0D57EC1
C0D6B6E1
C0D7EF4E
C0D92801
C0DA60F8
C0DB9A2C
C0DCD39B
C0DE0D40
C0DF4717
C0E0811D
C0E1BB4E
C0E2F5A7
C0E43025
C0E56AC5
C0E6A585
C0E7E062
C0E91B59
C0EA5669
C0EB918E
C0ECCCC8
C0EE0813
C0EF436F
C0F07ED9
C0F1BA51
C0F2F5D4
C0F43161
C0F56CF7
C0F6A894
C0F7E438
C0F91FE1
C0FA5B8F
C0FB9741
C0FCD2F5
C0FE0EAB
C0FF4A62
C100430D
C100E0E9
C1017EC4
C1021C9F
C102BA79
C1035852
C103F629
C1049400
C10531D4
C105CFA7
C1066D78
C1070B47
C107A913
C10846DE
C108E4A6
C109826C
C10A202F
C10ABDF0
C10B5BAE
C10BF96A
C10C9723
C10D34D9
C10DD28D
C10E703E
C10F0DEC
C10FAB98
C1104941
C110E6E7
C111848B
C112222C
C112BFCA
C1135D66
C113FAFF
C1149896
C115362A
C115D3BB
C055421D
C05570E9
C055A0D8
C055D1F1
C0560439
C05637BA
C0566C79
C056A27E
C056D9D0
C0571278
C0574C7D
C05787E7
C057C4BE
C058030B
C05842D5
C0588426
C058C706
C0590B7F
C059519A
C059995F
C059E2D8
C05A2E10
C05A7B10
C05AC9E2
C05B1A90
C05B6D26
C05BC1AD
C05C1830
C05C70BA
C05CCB58
C05D2814
C05D86F9
C05DE814
C05E4B71
C05EB11C
C05F1922
C05F838F
C05FF070
C0605FD3
C060D1C4
C0614652
C061BD89
C0623778
C062B42D
C06333B7
C063B623
C0643B82
C064C3E1
C0654F50
C065DDDE
C0666F9B
C0670497
C0679CE1
C0683889
C068D7A0
C0697A37
C06A205D
C06ACA24
C06B779D
C06C28D7
C06CDDE5
C06D96D8
C06E53C1
C06F14B1
C06FD9B9
C070A2EC
C071705B
C0724218
C0731833
C073F2BE
C074D1CB
C075B56C
C0769DB1
C0778AAC
C0787C6D
C0797307
C07A6E89
C07B6F03
C07C7487
C07D7F24
C07E8EE9
C07FA3E7
C0805F15
C080EEE2
C0818160
C0821696
C082AE8B
C0834945
C083E6CA
C084871F
C0852A49
C085D04E
C0867931
C08724F6
C087D3A2
C0888537
C08939B8
C089F127
C08AAB86
C08B68D5
C08C2916
C08CEC48
C08DB26B
C08E7B7E
C08F477F
C090166C
C090E842
C091BCFD
C092949A
C0936F13
C0944C64
C0952C87
C0960F75
C096F528
C097DD97
C098C8BA
C099B689
C09AA6FB
C09B9A05
C09C8F9F
C09D87BC
C09E8252
C09F7F56
C0A07EBB
C0A18076
C0A28479
C0A38AB8
C0A49326
C0A59DB5
C0A6AA58
C0A7B902
C0A8C9A4
C0A9DC30
C0AAF098
C0AC06CF
C0AD1EC6
C0AE3870
C0AF53BD
C0B070A1
C0B18F0D
C0B2AEF3
C0B3D047
C0B4F2FA
C0B61700
C0B73C4B
C0B862CF
C0B98A7F
C0BAB34E
C0BBDD31
C0BD081C
C0BE3403
C0BF60DC
C0C08E9A
C0C1BD34
C0C2ECA0
C0C41CD2
C0C54DC3
C0C67F67
C0C7B1B7
C0C8E4A9
C0CA1835
C0CB4C53
C0CC80FB
C0CDB625
C0CEEBCA
C0D021E4
C0D1586C
C0D28F5A
C0D3C6AA
C0D4FE55
C0D63656
C0D76EA7
C0D8A744
C0D9E027
C0DB194B
C0DC52AD
C0DD8C49
C0DEC619
C0E0001B
C0E13A4B
C0E274A6
C0E3AF28
C0E4E9CE
C0E62495
C0E75F7B
C0E89A7D
C0E9D599
C0EB10CC
C0EC4C15
C0ED8770
C0EEC2DD
C0EFFE5A
C0F139E4
C0F2757A
C0F3B11C
C0F4ECC6
C0F62879
C0F76433
C0F89FF3
C0F9DBB7
C0FB177F
C0FC534A
C0FD8F17
C0FECAE5
C100035A
C100A141
C1013F28
C101DD0F
C1027AF4
C10318D8
C103B6BB
C104549D
C104F27C
C105905A
C1062E36
C106CC10
C10769E7
C10807BC
C108A58E
C109435E
C109E12C
C10A7EF6
C10B1CBE
C10BBA83
C10C5846
C10CF605
C10D93C2
C10E317C
C10ECF33
C10F6CE7
C1100A98
C110A846
C11145F2
C111E39B
C1128141
C1131EE4
C113BC84
C1145A22
C114F7BD
C1159555
C11632EB
C056BBC1
C056EA36
C05719CC
C0574A8B
C0577C7A
C057AFA0
C057E403
C05819AC
C05850A2
C05888EC
C058C293
C058FD9D
C0593A15
C0597801
C059B76A
C059F859
C05A3AD7
C05A7EED
C05AC4A4
C05B0C05
C05B551A
C05B9FED
C05BEC87
C05C3AF3
C05C8B3A
C05CDD68
C05D3187
C05D87A3
C05DDFC5
C05E39FA
C05E964C
C05EF4C8
C05F557A
C05FB86D
C0601DAE
C060854A
C060EF4D
C0615BC4
C061CABC
C0623C42
C062B065
C0632732
C063A0B8
C0641D03
C0649C23
C0651E26
C065A31B
C0662B12
C066B619
C067443F
C067D595
C0686A2A
C069020E
C0699D52
C06A3C05
C06ADE38
C06B83FC
C06C2D62
C06CDA7A
C06D8B55
C06E4006
C06EF89C
C06FB529
C07075C0
C0713A70
C072034D
C072D067
C073A1D0
C074779A
C07551D6
C0763097
C07713EC
C077FBE8
C078E89D
C079DA1A
C07AD072
C07BCBB4
C07CCBF2
C07DD13C
C07EDBA2
C07FEB33
C0807FFF
C0810D0A
C0819CC1
C0822F2B
C082C44F
C0835C33
C083F6DE
C0849455
C085349E
C085D7BF
C0867DBB
C0872698
C087D259
C0888102
C0893297
C089E719
C08A9E8B
C08B58EF
C08C1645
C08CD68F
C08D99CC
C08E5FFC
C08F291E
C08FF52F
C090C42F
C091961A
C0926AEC
C09342A1
C0941D35
C094FAA3
C095DAE4
C096BDF2
C097A3C6
C0988C59
C09977A1
C09A6597
C09B5632
C09C4967
C09D3F2C
C09E3777
C09F323C
C0A02F70
C0A12F06
C0A230F4
C0A3352B
C0A43BA0
C0A54444
C0A64F0B
C0A75BE6
C0A86AC9
C0A97BA5
C0AA8E6D
C0ABA311
C0ACB984
C0ADD1B9
C0AEEB9F
C0B0072B
C0B1244D
C0B242F8
C0B3631E
C0B484B1
C0B5A7A4
C0B6CBEA
C0B7F175
C0B91838
C0BA4028
C0BB6937
C0BC935A
C0BDBE84
C0BEEAAA
C0C017C1
C0C145BE
C0C27497
C0C3A440
C0C4D4B0
C0C605DD
C0C737BD
C0C86A49
C0C99D76
C0CAD13C
C0CC0594
C0CD3A75
C0CE6FD7
C0CFA5B5
C0D0DC06
C0D212C3
C0D349E8
C0D4816C
C0D5B94B
C0D6F17F
C0D82A03
C0D962D1
C0DA9BE4
C0DBD539
C0DD0ECA
C0DE4893
C0DF8291
C0E0BCC0
C0E1F71B
C0E331A1
C0E46C4C
C0E5A71C
C0E6E20B
C0E81D19
C0E95842
C0EA9383
C0EBCEDB
C0ED0A48
C0EE45C7
C0EF8156
C0F0BCF4
C0F1F8A0
C0F33456
C0F47017
C0F5ABE0
C0F6E7B1
C0F82388
C0F95F64
C0FA9B44
C0FBD728
C0FD130D
C0FE4EF4
C0FF8ADB
C1006361
C1010154
C1019F47
C1023D39
C102DB29
C1037918
C1041705
C104B4F1
C10552DA
C105F0C2
C1068EA7
C1072C89
C107CA6A
C1086847
C1090622
C109A3FA
C10A41CF
C10ADFA1
C10B7D70
C10C1B3D
C10CB906
C10D56CC
C10DF490
C10E9250
C10F300D
C10FCDC7
C1106B7E
C1110932
C111A6E3
C1124491
C112E23C
C1137FE4
C1141D8A
C114BB2C
C11558CC
C115F668
C1169402
C0583A5D
C058687C
C05897BC
C058C825
C058F9BC
C0592C89
C0596094
C05995E3
C059CC7E
C05A046D
C05A3DB7
C05A7866
C05AB480
C05AF20E
C05B3119
C05B71A9
C05BB3C7
C05BF77D
C05C3CD2
C05C83D2
C05CCC85
C05D16F5
C05D632C
C05DB134
C05E0117
C05E52E1
C05EA69B
C05EFC51
C05F540D
C05FADDC
C06009C8
C06067DD
C060C828
C0612AB4
C0618F8E
C061F6C2
C062605D
C062CC6C
C0633AFD
C063AC1C
C0641FD7
C064963D
C0650F5A
C0658B3E
C06609F7
C0668B94
C0671023
C06797B4
C0682255
C068B017
C0694108
C069D53A
C06A6CBB
C06B079C
C06BA5EE
C06C47C1
C06CED25
C06D962C
C06E42E7
C06EF366
C06FA7BC
C0705FF8
C0711C2E
C071DC6D
C072A0C9
C0736952
C074361A
C0750733
C075DCAF
C076B69F
C0779515
C0787822
C0795FD8
C07A4C49
C07B3D85
C07C339E
C07D2EA5
C07E2EA9
C07F33BC
C0801EF7
C080A6A7
C08130F5
C081BDEB
C0824D8D
C082DFE5
C08374F8
C0840CCD
C084A76A
C08544D6
C085E515
C086882D
C0872E23
C087D6FB
C08882B9
C0893162
C089E2F7
C08A977C
C08B4EF3
C08C095E
C08CC6BD
C08D8712
C08E4A5C
C08F109B
C08FD9CD
C090A5F2
C0917506
C0924707
C0931BF2
C093F3C2
C094CE72
C095ABFE
C0968C5F
C0976F90
C0985588
C0993E40
C09A29B0
C09B17CF
C09C0894
C09CFBF6
C09DF1E9
C09EEA63
C09FE559
C0A0E2BF
C0A1E28A
C0A2E4AC
C0A3E91A
C0A4EFC5
C0A5F8A2
C0A703A3
C0A810B9
C0A91FD8
C0AA30F0
C0AB43F5
C0AC58D7
C0AD6F89
C0AE87FD
C0AFA223
C0B0BDEF
C0B1DB52
C0B2FA3E
C0B41AA6
C0B53C7A
C0B65FAF
C0B78437
C0B8AA04
C0B9D109
C0BAF93B
C0BC228C
C0BD4CF0
C0BE785B
C0BFA4C3
C0C0D21B
C0C20058
C0C32F71
C0C45F5A
C0C59009
C0C6C174
C0C7F393
C0C9265C
C0CA59C6
C0CB8DC9
C0CCC25C
C0CDF778
C0CF2D15
C0D0632C
C0D199B6
C0D2D0AC
C0D40807
C0D53FC2
C0D677D7
C0D7B040
C0D8E8F7
C0DA21F8
C0DB5B3E
C0DC94C4
C0DDCE86
C0DF087F
C0E042AC
C0E17D08
C0E2B791
C0E3F242
C0E52D19
C0E66813
C0E7A32C
C0E8DE63
C0EA19B3
C0EB551C
C0EC909A
C0EDCC2C
C0EF07CF
C0F04383
C0F17F44
C0F2BB11
C0F3F6E9
C0F532CA
C0F66EB3
C0F7AAA3
C0F8E698
C0FA2292
C0FB5E8F
C0FC9A8E
C0FDD68F
C0FF1290
C1002749
C100C549
C1016349
C1020147
C1029F44
C1033D40
C103DB3A
C1047932
C1051728
C105B51C
C106530D
C106F0FC
C1078EE8
C1082CD1
C108CAB8
C109689B
C10A067B
C10AA458
C10B4233
C10BE009
C10C7DDD
C10D1BAE
C10DB97B
C10E5745
C10EF50C
C10F92CF
C1103090
C110CE4D
C1116C06
C11209BD
C112A771
C1134521
C113E2CE
C1148079
C1151E20
C115BBC4
C1165965
C116F704
C059BDF0
C059EBBC
C05A1AA9
C05A4ABD
C05A7BFF
C05AAE76
C05AE22A
C05B1722
C05B4D65
C05B84FB
C05BBDEC
C05BF840
C05C3400
C05C7132
C05CAFE1
C05CF015
C05D31D6
C05D752D
C05DBA25
C05E00C5
C05E4918
C05E9328
C05EDEFE
C05F2CA5
C05F7C27
C05FCD8F
C06020E7
C060763A
C060CD93
C06126FE
C0618286
C061E038
C062401E
C062A246
C06306BB
C0636D8A
C063D6C0
C064426A
C064B096
C0652150
C06594A7
C0660AA7
C0668360
C066FEE0
C0677D35
C067FE6E
C0688299
C06909C7
C0699405
C06A2165
C06AB1F5
C06B45C6
C06BDCE7
C06C7769
C06D155C
C06DB6D1
C06E5BD9
C06F0484
C06FB0E5
C070610B
C0711508
C071CCEE
C07288CE
C07348BA
C0740CC3
C074D4FB
C075A174
C0767240
C0774771
C0782118
C078FF47
C079E20F
C07AC982
C07BB5B3
C07CA6B1
C07D9C8E
C07E975B
C07F9729
C0804E04
C080D305
C0815A9D
C081E4D7
C08271B8
C0830148
C083938F
C0842893
C084C05A
C0855AEB
C085F84D
C0869884
C0873B95
C087E186
C0888A5C
C0893619
C089E4C2
C08A965B
C08B4AE4
C08C0262
C08CBCD5
C08D7A3F
C08E3AA1
C08EFDF9
C08FC449
C0908D8E
C09159C7
C09228F2
C092FB0B
C093D011
C094A7FD
C09582CC
C0966078
C09740FC
C0982450
C0990A6E
C099F34E
C09ADEE7
C09BCD32
C09CBE24
C09DB1B3
C09EA7D7
C09FA082
C0A09BAB
C0A19946
C0A29946
C0A39BA0
C0A4A046
C0A5A72B
C0A6B043
C0A7BB7F
C0A8C8D3
C0A9D82F
C0AAE986
C0ABFCCA
C0AD11ED
C0AE28E0
C0AF4195
C0B05BFD
C0B1780C
C0B295B2
C0B3B4E1
C0B4D58C
C0B5F7A5
C0B71B1D
C0B83FE9
C0B965FA
C0BA8D44
C0BBB5B9
C0BCDF4E
C0BE09F6
C0BF35A5
C0C06250
C0C18FEB
C0C2BE6B
C0C3EDC6
C0C51DF0
C0C64EE0
C0C7808D
C0C8B2EC
C0C9E5F4
C0CB199D
C0CC4DDE
C0CD82AF
C0CEB808
C0CFEDE2
C0D12434
C0D25AF8
C0D39228
C0D4C9BC
C0D601AF
C0D739FB
C0D8729B
C0D9AB88
C0DAE4BE
C0DC1E38
C0DD57F1
C0DE91E4
C0DFCC0F
C0E1066C
C0E240F8
C0E37BAF
C0E4B68E
C0E5F192
C0E72CB8
C0E867FC
C0E9A35C
C0EADED6
C0EC1A67
C0ED560D
C0EE91C5
C0EFCD8E
C0F10966
C0F2454B
C0F3813C
C0F4BD36
C0F5F939
C0F73543
C0F87153
C0F9AD68
C0FAE980
C0FC259A
C0FD61B6
C0FE9DD3
C0FFD9F0
C1008B06
C1012914
C101C720
C102652B
C1030334
C103A13C
C1043F41
C104DD44
C1057B45
C1061943
C106B73F
C1075538
C107F32D
C1089120
C1092F0F
C109CCFC
C10A6AE5
C10B08CA
C10BA6AC
C10C448B
C10CE267
C10D803F
C10E1E13
C10EBBE4
C10F59B2
C10FF77C
C1109543
C1113306
C111D0C6
C1126E82
C1130C3C
C113A9F1
C11447A4
C114E553
C1158300
C11620A9
C116BE4F
C1175BF2
C05B467A
C05B73F6
C05BA291
C05BD253
C05C0342
C05C3566
C05C68C5
C05C9D68
C05CD356
C05D0A96
C05D4330
C05D7D2D
C05DB894
C05DF56D
C05E33C3
C05E739C
C05EB502
C05EF7FE
C05F3C9A
C05F82DE
C05FCAD4
C0601486
C0605FFF
C060AD47
C060FC6A
C0614D72
C061A06A
C061F55D
C0624C56
C062A560
C0630087
C0635DD7
C063BD5C
C0641F22
C0648335
C064E9A2
C0655276
C065BDBE
C0662B87
C0669BDF
C0670ED3
C0678472
C067FCC9
C06877E7
C068F5DB
C06976B2
C069FA7D
C06A814B
C06B0B2A
C06B982A
C06C285B
C06CBBCE
C06D5292
C06DECB7
C06E8A4F
C06F2B69
C06FD017
C070786A
C0712473
C071D442
C07287EA
C0733F7C
C073FB0A
C074BAA5
C0757E5F
C076464A
C0771277
C077E2F9
C078B7E1
C0799142
C07A6F2D
C07B51B3
C07C38E7
C07D24DA
C07E159D
C07F0B41
C08002EC
C08082BA
C0810511
C08189FA
C082117E
C0829BA3
C0832872
C083B7F2
C0844A29
C084DF1F
C08576DB
C0861162
C086AEBB
C0874EEB
C087F1F8
C08897E6
C08940BA
C089EC78
C08A9B24
C08B4CC1
C08C0151
C08CB8D8
C08D7355
C08E30CC
C08EF13C
C08FB4A5
C0907B06
C0914460
C09210B0
C092DFF3
C093B227
C0948749
C0955F54
C0963A43
C0971812
C097F8BA
C098DC34
C099C27A
C09AAB83
C09B9748
C09C85C0
C09D76E1
C09E6AA1
C09F60F6
C0A059D6
C0A15534
C0A25305
C0A3533E
C0A455D1
C0A55AB1
C0A661D3
C0A76B27
C0A876A2
C0A98434
C0AA93D0
C0ABA568
C0ACB8EE
C0ADCE53
C0AEE589
C0AFFE82
C0B1192F
C0B23582
C0B3536D
C0B472E2
C0B593D3
C0B6B631
C0B7D9F0
C0B8FF02
C0BA2559
C0BB4CE9
C0BC75A5
C0BD9F80
C0BECA6E
C0BFF663
C0C12353
C0C25133
C0C37FF8
C0C4AF97
C0C5E005
C0C71139
C0C84328
C0C975C9
C0CAA913
C0CBDCFD
C0CD117E
C0CE468F
C0CF7C27
C0D0B23E
C0D1E8CD
C0D31FCE
C0D45739
C0D58F09
C0D6C736
C0D7FFBB
C0D93893
C0DA71B7
C0DBAB24
C0DCE4D3
C0DE1EC1
C0DF58E8
C0E09345
C0E1CDD4
C0E30891
C0E44379
C0E57E87
C0E6B9B9
C0E7F50C
C0E9307C
C0EA6C08
C0EBA7AC
C0ECE367
C0EE1F35
C0EF5B16
C0F09706
C0F1D304
C0F30F0F
C0F44B23
C0F58741
C0F6C367
C0F7FF93
C0F93BC4
C0FA77F9
C0FBB430
C0FCF069
C0FE2CA4
C0FF68DE
C100528C
C100F0A8
C1018EC2
C1022CDC
C102CAF4
C1036909
C104071D
C104A52E
C105433D
C105E149
C1067F52
C1071D58
C107BB5B
C108595B
C108F757
C1099550
C10A3346
C10AD138
C10B6F26
C10C0D11
C10CAAF8
C10D48DB
C10DE6BB
C10E8497
C10F226F
C10FC044
C1105E15
C110FBE2
C11199AC
C1123772
C112D535
C11372F4
C11410AF
C114AE67
C1154C1C
C115E9CE
C116877C
C1172527
C117C2CE
C05CD3FB
C05D0128
C05D2F74
C05D5EE6
C05D8F85
C05DC157
C05DF465
C05E28B6
C05E5E50
C05E953C
C05ECD82
C05F0729
C05F423A
C05F7EBE
C05FBCBC
C05FFC3D
C0603D4B
C0607FEF
C060C431
C0610A1B
C06151B6
C0619B0E
C061E62B
C0623317
C06281DE
C062D289
C0632524
C06379B9
C063D054
C0642900
C06483C9
C064E0BA
C0653FE0
C065A147
C06604FA
C0666B08
C066D37D
C0673E65
C067ABCF
C0681BC7
C0688E5C
C069039C
C0697B94
C069F653
C06A73E8
C06AF461
C06B77CE
C06BFE3E
C06C87C0
C06D1464
C06DA439
C06E3751
C06ECDBA
C06F6786
C07004C5
C070A588
C07149DF
C071F1DC
C0729D90
C0734D0C
C0740062
C074B7A3
C07572E1
C076322E
C076F59C
C077BD3C
C0788921
C079595C
C07A2DFF
C07B071D
C07BE4C6
C07CC70E
C07DAE05
C07E99BD
C07F8A49
C0803FDC
C080BD0E
C0813CC4
C081BF04
C08243D8
C082CB48
C083555B
C083E219
C0847189
C08503B3
C085989E
C086304F
C086CACE
C0876820
C088084B
C088AB55
C0895141
C089FA16
C08AA5D7
C08B5487
C08C062B
C08CBAC3
C08D7254
C08E2CDE
C08EEA63
C08FAAE3
C0906E5E
C09134D5
C091FE45
C092CAAD
C0939A0B
C0946C5B
C095419B
C09619C7
C096F4D8
C097D2CB
C098B399
C099973C
C09A7DAB
C09B66E1
C09C52D3
C09D417A
C09E32CC
C09F26BF
C0A01D49
C0A1165E
C0A211F4
C0A30FFE
C0A41070
C0A5133F
C0A6185C
C0A71FBC
C0A82950
C0A9350A
C0AA42DE
C0AB52BC
C0AC6497
C0AD7861
C0AE8E0B
C0AFA586
C0B0BEC5
C0B1D9B8
C0B2F652
C0B41485
C0B53441
C0B6557A
C0B77821
C0B89C28
C0B9C183
C0BAE823
C0BC0FFB
C0BD38FF
C0BE6323
C0BF8E59
C0C0BA95
C0C1E7CD
C0C315F4
C0C44500
C0C574E5
C0C6A599
C0C7D712
C0C90946
C0CA3C2C
C0CB6FBA
C0CCA3E6
C0CDD8AA
C0CF0DFC
C0D043D5
C0D17A2C
C0D2B0FB
C0D3E83A
C0D51FE3
C0D657EF
C0D79058
C0D8C918
C0DA0229
C0DB3B87
C0DC752B
C0DDAF12
C0DEE936
C0E02393
C0E15E25
C0E298E7
C0E3D3D7
C0E50EEF
C0E64A2E
C0E78590
C0E8C111
C0E9FCB0
C0EB3868
C0EC7439
C0EDB01E
C0EEEC17
C0F02820
C0F16439
C0F2A05E
C0F3DC8F
C0F518CA
C0F6550D
C0F79156
C0F8CDA5
C0FA09F8
C0FB464E
C0FC82A6
C0FDBEFF
C0FEFB58
C1001BD8
C100BA04
C101582E
C101F657
C102947E
C10332A3
C103D0C6
C1046EE6
C1050D04
C105AB1E
C1064936
C106E74A
C107855B
C1082369
C108C173
C1095F79
C109FD7C
C10A9B7B
C10B3976
C10BD76D
C10C7561
C10D1350
C10DB13C
C10E4F24
C10EED07
C10F8AE7
C11028C3
C110C69B
C111646F
C1120240
C112A00C
C1133DD5
C113DB9B
C114795C
C115171A
C115B4D4
C116528B
C116F03E
C1178DEE
C1182B9B
C05E666F
C05E9350
C05EC14F
C05EF074
C05F20C5
C05F5249
C05F8507
C05FB907
C05FEE51
C06024EB
C0605CDF
C0609633
C060D0F1
C0610D21
C0614ACA
C06189F7
C061CAAF
C0620CFC
C06250E7
C0629679
C062DDBD
C06326BC
C0637180
C063BE13
C0640C80
C0645CD1
C064AF11
C065034C
C065598C
C065B1DC
C0660C49
C06668DE
C066C7A8
C06728B2
C0678C09
C067F1BA
C06859D2
C068C45D
C069316A
C069A106
C06A133E
C06A8821
C06AFFBD
C06B7A20
C06BF759
C06C7777
C06CFA89
C06D809E
C06E09C6
C06E9611
C06F258D
C06FB84D
C0704E5F
C070E7D4
C07184BD
C072252A
C072C92E
C07370D8
C0741C3A
C074CB66
C0757E6D
C0763560
C076F052
C077AF54
C0787279
C07939D1
C07A0570
C07AD567
C07BA9C8
C07C82A6
C07D6011
C07E421D
C07F28DB
C0800A2E
C0808259
C080FCF8
C0817A12
C081F9B1
C0827BDD
C083009D
C08387FB
C08411FD
C0849EAC
C0852E0F
C085C02D
C086550D
C086ECB6
C087872E
C088247B
C088C4A3
C08967AB
C08A0D99
C08AB670
C08B6235
C08C10EB
C08CC297
C08D773A
C08E2ED7
C08EE96F
C08FA704
C0906796
C0912B26
C091F1B2
C092BB3B
C09387BD
C0945737
C09529A6
C095FF07
C096D755
C097B28B
C09890A4
C099719A
C09A5567
C09B3C03
C09C2566
C09D1188
C09E0061
C09EF1E6
C09FE60D
C0A0DCCD
C0A1D61B
C0A2D1EA
C0A3D02F
C0A4D0DE
C0A5D3EA
C0A6D947
C0A7E0E6
C0A8EABB
C0A9F6B8
C0AB04CF
C0AC14F2
C0AD2713
C0AE3B23
C0AF5113
C0B068D6
C0B1825D
C0B29D9A
C0B3BA7D
C0B4D8F9
C0B5F900
C0B71A83
C0B83D74
C0B961C6
C0BA876B
C0BBAE56
C0BCD679
C0BDFFC8
C0BF2A36
C0C055B6
C0C1823D
C0C2AFBF
C0C3DE2F
C0C50D84
C0C63DB2
C0C76EAE
C0C8A06E
C0C9D2E9
C0CB0615
C0CC39E8
C0CD6E5A
C0CEA362
C0CFD8F8
C0D10F13
C0D245AC
C0D37CBC
C0D4B43B
C0D5EC24
C0D7246E
C0D85D15
C0D99612
C0DACF5F
C0DC08F8
C0DD42D6
C0DE7CF6
C0DFB752
C0E0F1E6
C0E22CAE
C0E367A5
C0E4A2C9
C0E5DE15
C0E71986
C0E85519
C0E990CA
C0EACC98
C0EC087F
C0ED447D
C0EE808E
C0EFBCB2
C0F0F8E7
C0F23529
C0F37177
C0F4ADCF
C0F5EA31
C0F72699
C0F86308
C0F99F7B
C0FADBF1
C0FC186A
C0FD54E3
C0FE915D
C0FFCDD6
C1008527
C1012362
C101C19B
C1025FD2
C102FE07
C1039C3A
C1043A6A
C104D897
C10576C1
C10614E8
C106B30C
C107512C
C107EF48
C1088D61
C1092B76
C109C987
C10A6793
C10B059C
C10BA3A1
C10C41A2
C10CDF9E
C10D7D96
C10E1B8A
C10EB97A
C10F5766
C10FF54E
C1109331
C1113111
C111CEEC
C1126CC3
C1130A97
C113A866
C1144631
C114E3F9
C11581BD
C1161F7D
C116BD39
C1175AF2
C117F8A7
C1189659
C05FFDD5
C0602A6C
C0605821
C06086FA
C060B6FF
C060E837
C0611AA8
C0614E5A
C0618355
C061B9A1
C061F145
C0622A49
C06264B6
C062A094
C062DDEB
C0631CC5
C0635D29
C0639F22
C063E2B9
C06427F7
C0646EE5
C064B78E
C06501FC
C0654E38
C0659C4E
C065EC48
C0663E30
C0669212
C066E7F9
C0673FF1
C0679A04
C067F640
C06854B0
C068B560
C069185E
C0697DB5
C069E572
C06A4FA4
C06ABC57
C06B2B99
C06B9D77
C06C1200
C06C8943
C06D034D
C06D802D
C06DFFF2
C06E82AC
C06F0869
C06F913A
C0701D2E
C070AC54
C0713EBE
C071D47B
C0726D9D
C0730A33
C073AA4E
C0744E01
C074F55B
C075A06F
C0764F4D
C0770207
C077B8B0
C0787359
C0793213
C079F4F1
C07ABC05
C07B8761
C07C5718
C07D2B3A
C07E03DA
C07EE10B
C07FC2DE
C08054B3
C080CA5A
C081426C
C081BCF3
C08239F8
C082B982
C0833B9A
C083C048
C0844795
C084D189
C0855E2A
C085ED81
C0867F95
C087146C
C087AC0E
C0884681
C088E3CB
C08983F2
C08A26FA
C08ACCEA
C08B75C5
C08C2190
C08CD04F
C08D8205
C08E36B3
C08EEE5E
C08FA906
C09066AD
C0912754
C091EAFA
C092B19E
C0937B41
C09447E0
C0951778
C095EA08
C096BF8B
C09797FD
C098735A
C099519B
C09A32BC
C09B16B4
C09BFD7E
C09CE712
C09DD366
C09EC272
C09FB42C
C0A0A88B
C0A19F83
C0A2990B
C0A39516
C0A49398
C0A59485
C0A697D2
C0A79D6F
C0A8A551
C0A9AF6A
C0AABBAC
C0ABCA09
C0ACDA72
C0ADECDB
C0AF0133
C0B0176D
C0B12F7A
C0B2494B
C0B364D2
C0B48201
C0B5A0CA
C0B6C11D
C0B7E2EC
C0B9062A
C0BA2AC9
C0BB50BB
C0BC77F3
C0BDA063
C0BEC9FF
C0BFF4BA
C0C12087
C0C24D5A
C0C37B27
C0C4A9E3
C0C5D983
C0C709FB
C0C83B42
C0C96D4C
C0CAA010
C0CBD384
C0CD079F
C0CE3C58
C0CF71A6
C0D0A782
C0D1DDE2
C0D314BF
C0D44C12
C0D583D3
C0D6BBFD
C0D7F488
C0D92D6E
C0DA66AA
C0DBA035
C0DCDA0A
C0DE1424
C0DF4E7E
C0E08914
C0E1C3E1
C0E2FEE0
C0E43A0F
C0E57568
C0E6B0E9
C0E7EC8E
C0E92853
C0EA6437
C0EBA035
C0ECDC4C
C0EE1878
C0EF54B8
C0F09109
C0F1CD69
C0F309D6
C0F4464E
C0F582CF
C0F6BF59
C0F7FBE8
C0F9387D
C0FA7516
C0FBB1B0
C0FCEE4D
C0FE2AE9
C0FF6785
C100520F
C100F05B
C1018EA6
C1022CEE
C102CB34
C1036978
C10407B9
C104A5F7
C1054431
C105E269
C106809C
C1071ECC
C107BCF8
C1085B21
C108F945
C1099764
C10A3580
C10AD397
C10B71AA
C10C0FB9
C10CADC3
C10D4BC9
C10DE9CA
C10E87C7
C10F25C0
C10FC3B4
C11061A3
C110FF8F
C1119D76
C1123B58
C112D937
C1137711
C11414E7
C114B2B9
C1155087
C115EE51
C1168C17
C11729D9
C117C798
C1186552
C1190309
C0619A28
C061C678
C061F3E5
C0622275
C0625231
C062831E
C062B544
C062E8AB
C0631D5A
C0635359
C0638AAF
C063C366
C063FD84
C0643913
C064761A
C064B4A3
C064F4B7
C065365F
C06579A4
C065BE8F
C066052B
C0664D80
C066979A
C066E382
C0673143
C06780E8
C067D27B
C0682607
C0687B98
C068D33A
C0692CF7
C06988DC
C069E6F5
C06A474E
C06AA9F4
C06B0EF4
C06B765A
C06BE035
C06C4C90
C06CBB7B
C06D2D02
C06DA134
C06E1820
C06E91D4
C06F0E5E
C06F8DCD
C0701031
C070959A
C0711E16
C071A9B6
C072388A
C072CAA1
C073600D
C073F8DD
C0749523
C07534F0
C075D854
C0767F62
C0772A29
C077D8BD
C0788B2F
C0794190
C079FBF2
C07ABA67
C07B7D03
C07C43D5
C07D0EF2
C07DDE6A
C07EB250
C07F8AB7
C08033D8
C080A4A7
C08117D1
C0818D60
C082055B
C0827FCC
C082FCBC
C0837C33
C083FE39
C08482D7
C0850A15
C08593FB
C0862091
C086AFDE
C08741E9
C087D6BA
C0886E57
C08908C6
C089A60F
C08A4636
C08AE940
C08B8F34
C08C3815
C08CE3E8
C08D92B1
C08E4472
C08EF92F
C08FB0E9
C0906BA4
C091295E
C091EA1B
C092ADD9
C0937498
C0943E56
C0950B13
C095DACC
C096AD7E
C0978326
C0985BBE
C0993743
C09A15AF
C09AF6FC
C09BDB23
C09CC21D
C09DABE2
C09E986A
C09F87AC
C0A0799E
C0A16E36
C0A26569
C0A35F2D
C0A45B75
C0A55A37
C0A65B65
C0A75EF4
C0A864D5
C0A96CFC
C0AA775A
C0AB83E3
C0AC9288
C0ADA33B
C0AEB5ED
C0AFCA90
C0B0E115
C0B1F96E
C0B3138C
C0B42F61
C0B54CDE
C0B66BF4
C0B78C96
C0B8AEB4
C0B9D242
C0BAF730
C0BC1D71
C0BD44F8
C0BE6DB8
C0BF97A3
C0C0C2AC
C0C1EEC8
C0C31BEA
C0C44A05
C0C5790F
C0C6A8FC
C0C7D9C2
C0C90B55
C0CA3DAB
C0CB70BA
C0CCA478
C0CDD8DD
C0CF0DDF
C0D04376
C0D17999
C0D2B040
C0D3E763
C0D51EFB
C0D65701
C0D78F6E
C0D8C83B
C0DA0163
C0DB3ADF
C0DC74A9
C0DDAEBD
C0DEE915
C0E023AC
C0E15E7D
C0E29984
C0E3D4BD
C0E51024
C0E64BB5
C0E7876C
C0E8C346
C0E9FF40
C0EB3B56
C0EC7787
C0EDB3CF
C0EEF02C
C0F02C9B
C0F1691A
C0F2A5A7
C0F3E240
C0F51EE3
C0F65B8F
C0F79842
C0F8D4FA
C0FA11B6
C0FB4E75
C0FC8B36
C0FDC7F7
C0FF04B7
C10020BB
C100BF19
C1015D76
C101FBD0
C1029A28
C103387E
C103D6D1
C1047520
C105136C
C105B1B5
C1064FFA
C106EE3B
C1078C77
C1082AB0
C108C8E4
C1096714
C10A053F
C10AA366
C10B4188
C10BDFA6
C10C7DBE
C10D1BD3
C10DB9E2
C10E57ED
C10EF5F3
C10F93F4
C11031F1
C110CFE9
C1116DDC
C1120BCB
C112A9B5
C113479B
C113E57D
C114835A
C1152132
C115BF07
C1165CD7
C116FAA3
C117986C
C1183630
C118D3F0
C11971AC
C0633B65
C0636770
C0639496
C063C2E0
C063F255
C06422FA
C06454D8
C06487F6
C064BC5B
C064F20F
C065291A
C0656185
C0659B57
C065D699
C0661353
C066518F
C0669154
C066D2AD
C06715A2
C0675A3E
C067A089
C067E88E
C0683256
C0687DED
C068CB5B
C0691AAE
C0696BEE
C069BF27
C06A1465
C06A6BB2
C06AC51C
C06B20AC
C06B7E71
C06BDE76
C06C40C8
C06CA573
C06D0C85
C06D760A
C06DE211
C06E50A7
C06EC1DB
C06F35B9
C06FAC50
C07025B0
C070A1E7
C0712104
C071A315
C072282C
C072B057
C0733BA6
C073CA29
C0745BF1
C074F10D
C0758990
C0762589
C076C50A
C0776823
C0780EE7
C078B966
C07967B2
C07A19DD
C07ACFF9
C07B8A18
C07C484C
C07D0AA7
C07DD13C
C07E9C1C
C07F6B59
C0801F84
C0808B9C
C080F9FE
C0816AB4
C081DDC6
C082533D
C082CB23
C0834580
C083C25D
C08441C2
C084C3B8
C0854848
C085CF79
C0865953
C086E5DF
C0877523
C0880728
C0889BF3
C089338D
C089CDFB
C08A6B43
C08B0B6C
C08BAE7B
C08C5474
C08CFD5D
C08DA93A
C08E580E
C08F09DD
C08FBEA9
C0907676
C0913144
C091EF14
C092AFE9
C09373C0
C0943A9B
C0950478
C095D156
C096A131
C0977407
C09849D5
C0992296
C099FE45
C09ADCDD
C09BBE59
C09CA2B0
C09D89DD
C09E73D6
C09F6094
C0A0500D
C0A14239
C0A2370C
C0A32E7C
C0A4287E
C0A52507
C0A6240A
C0A7257C
C0A8294E
C0A92F75
C0AA37E3
C0AB428A
C0AC4F5C
C0AD5E4B
C0AE6F49
C0AF8247
C0B09737
C0B1AE0A
C0B2C6B2
C0B3E11F
C0B4FD44
C0B61B11
C0B73A78
C0B85B6A
C0B97DDA
C0BAA1B8
C0BBC6F8
C0BCED8B
C0BE1564
C0BF3E75
C0C068B1
C0C1940C
C0C2C079
C0C3EDEB
C0C51C57
C0C64BB1
C0C77BEE
C0C8AD03
C0C9DEE4
C0CB1188
C0CC44E5
C0CD78F0
C0CEADA1
C0CFE2EE
C0D118CF
C0D24F3C
C0D3862B
C0D4BD97
C0D5F576
C0D72DC2
C0D86674
C0D99F86
C0DAD8F1
C0DC12AF
C0DD4CBB
C0DE870F
C0DFC1A6
C0E0FC7C
C0E2378A
C0E372CE
C0E4AE42
C0E5E9E3
C0E725AD
C0E8619C
C0E99DAD
C0EAD9DD
C0EC1628
C0ED528D
C0EE8F08
C0EFCB96
C0F10836
C0F244E4
C0F381A0
C0F4BE67
C0F5FB37
C0F7380F
C0F874EC
C0F9B1CE
C0FAEEB3
C0FC2B9A
C0FD6881
C0FEA568
C0FFE24D
C1008F98
C1012E08
C101CC75
C1026AE1
C1030949
C103A7AF
C1044611
C104E470
C10582CB
C1062121
C106BF74
C1075DC3
C107FC0D
C1089A52
C1093893
C109D6CF
C10A7506
C10B1338
C10BB165
C10C4F8E
C10CEDB1
C10D8BD0
C10E29E9
C10EC7FE
C10F660D
C1100417
C110A21D
C111401E
C111DE19
C1127C10
C1131A03
C113B7F0
C11455D9
C114F3BD
C115919D
C1162F78
C116CD4F
C1176B22
C11808F0
C118A6BA
C1194480
C119E242
C064E186
C0650D4E
C0653A31
C0656837
C0659766
C065C7C5
C065F95D
C0662C34
C0666051
C06695BE
C066CC80
C06704A2
C0673E2A
C0677921
C067B591
C067F381
C06832FA
C0687406
C068B6AF
C068FAFD
C06940FA
C06988B0
C069D22A
C06A1D71
C06A6A91
C06AB993
C06B0A83
C06B5D6B
C06BB258
C06C0955
C06C626D
C06CBDAC
C06D1B1F
C06D7AD3
C06DDCD2
C06E412C
C06EA7EC
C06F111F
C06F7CD5
C06FEB19
C0705BFA
C070CF87
C07145CE
C071BEDD
C0723AC3
C072B990
C0733B52
C073C019
C07447F5
C074D2F6
C075612C
C075F2A7
C0768778
C0771FB0
C077BB5F
C0785A96
C078FD67
C079A3E4
C07A4E1D
C07AFC25
C07BAE0D
C07C63E8
C07D1DC7
C07DDBBC
C07E9DDA
C07F6433
C080176D
C0807EF0
C080E8AC
C08154AA
C081C2F4
C0823392
C082A68E
C0831BF0
C08393C2
C0840E0C
C0848AD8
C0850A2D
C0858C15
C0861097
C08697BD
C087218D
C087AE10
C0883D4E
C088CF4D
C0896416
C089FBAE
C08A961C
C08B3366
C08BD393
C08C76A7
C08D1CA8
C08DC59A
C08E7183
C08F2064
C08FD243
C0908721
C0913F00
C091F9E4
C092B7CC
C09378BA
C0943CAE
C09503A7
C095CDA4
C0969AA3
C0976AA3
C0983D9F
C0991395
C099EC81
C09AC85D
C09BA723
C09C88CF
C09D6D59
C09E54BA
C09F3EE9
C0A02BDF
C0A11B93
C0A20DFA
C0A3030A
C0A3FABA
C0A4F4FC
C0A5F1C7
C0A6F10E
C0A7F2C5
C0A8F6DE
C0A9FD4D
C0AB0604
C0AC10F5
C0AD1E13
C0AE2D4E
C0AF3E9A
C0B051E7
C0B16726
C0B27E49
C0B39742
C0B4B200
C0B5CE77
C0B6EC96
C0B80C50
C0B92D96
C0BA5059
C0BB748B
C0BC9A1F
C0BDC106
C0BEE933
C0C01298
C0C13D28
C0C268D6
C0C39596
C0C4C35C
C0C5F21B
C0C721C7
C0C85255
C0C983BB
C0CAB5ED
C0CBE8E2
C0CD1C8E
C0CE50E8
C0CF85E7
C0D0BB82
C0D1F1B0
C0D32868
C0D45FA3
C0D59758
C0D6CF80
C0D80815
C0D9410E
C0DA7A66
C0DBB417
C0DCEE19
C0DE2869
C0DF62FF
C0E09DD7
C0E1D8ED
C0E3143A
C0E44FBC
C0E58B6D
C0E6C74A
C0E8034F
C0E93F78
C0EA7BC1
C0EBB829
C0ECF4AB
C0EE3145
C0EF6DF4
C0F0AAB5
C0F1E787
C0F32467
C0F46153
C0F59E49
C0F6DB47
C0F8184C
C0F95555
C0FA9262
C0FBCF71
C0FD0C81
C0FE4990
C0FF869E
C10061D5
C1010059
C1019EDB
C1023D5A
C102DBD7
C1037A50
C10418C6
C104B738
C10555A7
C105F411
C1069276
C10730D8
C107CF34
C1086D8C
C1090BDE
C109AA2C
C10A4875
C10AE6B8
C10B84F6
C10C232F
C10CC163
C10D5F91
C10DFDBA
C10E9BDE
C10F39FC
C10FD816
C1107629
C1111438
C111B242
C1125046
C112EE46
C1138C40
C1142A35
C114C826
C1156612
C11603F9
C116A1DB
C1173FB9
C117DD92
C1187B67
C1191937
C119B703
C11A54CB
C0668C86
C066B80D
C066E4AE
C0671272
C067415E
C067717A
C067A2CE
C067D560
C0680938
C0683E5F
C06874DB
C068ACB5
C068E5F6
C06920A5
C0695CCC
C0699A73
C069D9A3
C06A1A65
C06A5CC3
C06AA0C6
C06AE677
C06B2DE2
C06B770F
C06BC20A
C06C0EDC
C06C5D91
C06CAE33
C06D00CE
C06D556C
C06DAC1B
C06E04E4
C06E5FD5
C06EBCF9
C06F1C5D
C06F7E0D
C06FE217
C0704888
C070B16D
C0711CD3
C0718AC8
C071FB5B
C0726E99
C072E492
C0735D52
C073D8EB
C074576A
C074D8DF
C0755D5A
C075E4EB
C0766FA1
C076FD8C
C0778EBD
C0782345
C078BB35
C079569D
C079F58E
C07A981A
C07B3E53
C07BE84A
C07C9610
C07D47B8
C07DFD54
C07EB6F5
C07F74AF
C0801B4A
C0807E5A
C080E392
C0814AFB
C081B49E
C0822084
C0828EB7
C082FF3F
C0837226
C083E775
C0845F34
C084D96E
C0855629
C085D570
C086574B
C086DBC2
C08762DE
C087ECA6
C0887922
C089085B
C0899A57
C08A2F1D
C08AC6B5
C08B6125
C08BFE73
C08C9EA5
C08D41C1
C08DE7CC
C08E90C9
C08F3CBF
C08FEBB0
C0909D9F
C0915291
C0920A86
C092C581
C0938383
C094448C
C095089E
C095CFB7
C09699D6
C09766F9
C098371F
C0990A43
C099E064
C09AB97C
C09B9586
C09C747D
C09D565C
C09E3B1A
C09F22B1
C0A00D19
C0A0FA49
C0A1EA39
C0A2DCDD
C0A3D22D
C0A4CA1E
C0A5C4A4
C0A6C1B3
C0A7C140
C0A8C33E
C0A9C7A0
C0AACE59
C0ABD75B
C0ACE299
C0ADF005
C0AEFF8F
C0B0112B
C0B124C8
C0B23A59
C0B351CF
C0B46B1A
C0B5862D
C0B6A2F7
C0B7C16C
C0B8E17B
C0BA0316
C0BB262F
C0BC4AB7
C0BD70A1
C0BE97DF
C0BFC061
C0C0EA1D
C0C21503
C0C34107
C0C46E1D
C0C59C38
C0C6CB4B
C0C7FB4C
C0C92C2F
C0CA5DE8
C0CB906E
C0CCC3B4
C0CDF7B2
C0CF2C5E
C0D061AD
C0D19798
C0D2CE14
C0D4051A
C0D53CA2
C0D674A3
C0D7AD17
C0D8E5F6
C0DA1F39
C0DB58D9
C0DC92D1
C0DDCD1A
C0DF07AE
C0E04289
C0E17DA4
C0E2B8FC
C0E3F48B
C0E5304C
C0E66C3C
C0E7A856
C0E8E498
C0EA20FC
C0EB5D80
C0EC9A21
C0EDD6DB
C0EF13AC
C0F05091
C0F18D87
C0F2CA8D
C0F407A0
C0F544BD
C0F681E3
C0F7BF11
C0F8FC44
C0FA397B
C0FB76B4
C0FCB3EE
C0FDF128
C0FF2E61
C10035CC
C100D465
C10172FC
C1021191
C102B023
C1034EB1
C103ED3C
C1048BC3
C1052A46
C105C8C4
C106673E
C10705B3
C107A423
C108428E
C108E0F4
C1097F54
C10A1DAF
C10ABC05
C10B5A55
C10BF89F
C10C96E4
C10D3523
C10DD35D
C10E7191
C10F0FC0
C10FADE8
C1104C0C
C110EA29
C1118842
C1122654
C112C462
C113626A
C114006D
C1149E6A
C1153C63
C115DA56
C1167845
C117162E
C117B413
C11851F3
C118EFCE
C1198DA5
C11A2B77
C11AC945
C0683C5E
C06867A5
C0689407
C068C18B
C068F036
C0692011
C0695123
C0698373
C069B708
C069EBEB
C06A2223
C06A59B9
C06A92B4
C06ACD1E
C06B08FE
C06B465E
C06B8547
C06BC5C1
C06C07D7
C06C4B91
C06C90FA
C06CD81B
C06D20FE
C06D6BAF
C06DB837
C06E06A0
C06E56F7
C06EA947
C06EFD9A
C06F53FC
C06FAC79
C070071E
C07063F5
C070C30D
C0712471
C071882F
C071EE53
C07256EB
C072C205
C0732FAE
C0739FF5
C07412E7
C0748894
C0750109
C0757C57
C075FA8C
C0767BB7
C076FFE8
C0778730
C078119D
C0789F41
C079302C
C079C46E
C07A5C18
C07AF73C
C07B95EA
C07C3834
C07CDE2C
C07D87E3
C07E356B
C07EE6D6
C07F9C36
C0802ACF
C080898F
C080EA66
C0814D5C
C081B27A
C08219CA
C0828356
C082EF25
C0835D42
C083CDB6
C084408A
C084B5C7
C0852D76
C085A7A0
C086244D
C086A388
C0872557
C087A9C5
C08830D8
C088BA99
C0894711
C089D646
C08A6840
C08AFD07
C08B94A0
C08C2F14
C08CCC67
C08D6CA1
C08E0FC6
C08EB5DB
C08F5EE6
C0900AEA
C090B9EC
C0916BEF
C09220F5
C092D902
C0939416
C0945234
C095135B
C095D78C
C0969EC6
C0976909
C0983653
C09906A0
C099D9EF
C09AB03C
C09B8982
C09C65BD
C09D44E7
C09E26FA
C09F0BEF
C09FF3BE
C0A0DE61
C0A1CBCD
C0A2BBFB
C0A3AEDF
C0A4A471
C0A59CA5
C0A69770
C0A794C6
C0A8949B
C0A996E3
C0AA9B90
C0ABA295
C0ACABE5
C0ADB772
C0AEC52D
C0AFD509
C0B0E6F6
C0B1FAE7
C0B310CC
C0B42896
C0B54237
C0B65D9F
C0B77AC1
C0B8998C
C0B9B9F3
C0BADBE6
C0BBFF57
C0BD2438
C0BE4A7A
C0BF7210
C0C09AEC
C0C1C4FF
C0C2F03E
C0C41C9B
C0C54A08
C0C6787B
C0C7A7E6
C0C8D83E
C0CA0977
C0CB3B86
C0CC6E60
C0CDA1FC
C0CED64E
C0D00B4C
C0D140EE
C0D2772B
C0D3ADF8
C0D4E54E
C0D61D25
C0D75575
C0D88E36
C0D9C761
C0DB00F0
C0DC3ADA
C0DD751C
C0DEAFAD
C0DFEA89
C0E125A9
C0E2610A
C0E39CA5
C0E4D877
C0E6147A
C0E750AB
C0E88D04
C0E9C984
C0EB0626
C0EC42E6
C0ED7FC1
C0EEBCB5
C0EFF9BF
C0F136DB
C0F27408
C0F3B143
C0F4EE8A
C0F62BDB
C0F76933
C0F8A691
C0F9E3F4
C0FB215A
C0FC5EC1
C0FD9C28
C0FED98E
C1000B78
C100AA28
C10148D6
C101E781
C1028629
C10324CE
C103C36F
C104620C
C10500A4
C1059F38
C1063DC7
C106DC51
C1077AD6
C1081955
C108B7CF
C1095643
C109F4B2
C10A931B
C10B317E
C10BCFDB
C10C6E32
C10D0C83
C10DAACF
C10E4914
C10EE753
C10F858D
C11023C0
C110C1EE
C1116016
C111FE38
C1129C54
C1133A6B
C113D87C
C1147688
C115148E
C115B28E
C116508A
C116EE80
C1178C71
C1182A5D
C118C844
C1196626
C11A0404
C11AA1DC
C11B3FB0
C069F105
C06A1C10
C06A4835
C06A757A
C06AA3E7
C06AD383
C06B0455
C06B3665
C06B69B9
C06B9E5B
C06BD451
C06C0BA4
C06C445D
C06C7E83
C06CBA1F
C06CF73B
C06D35DF
C06D7614
C06DB7E3
C06DFB57
C06E4079
C06E8753
C06ECFEF
C06F1A58
C06F6698
C06FB4B9
C07004C8
C07056CE
C070AAD8
C07100F1
C0715925
C071B37F
C072100D
C0726EDB
C072CFF5
C0733369
C0739943
C0740192
C0746C62
C074D9C1
C07549BF
C075BC68
C07631CC
C076A9F9
C07724FF
C077A2EC
C07823D0
C078A7BA
C0792EBC
C079B8E4
C07A4643
C07AD6EA
C07B6AE8
C07C0251
C07C9D33
C07D3BA1
C07DDDAC
C07E8365
C07F2CE0
C07FDA2C
C08045AE
C080A042
C080FCDA
C0815B80
C081BC3D
C0821F1A
C0828420
C082EB5A
C08354CF
C083C089
C0842E92
C0849EF3
C08511B6
C08586E2
C085FE82
C086789E
C086F53F
C087746E
C087F635
C0887A9A
C08901A6
C0898B63
C08A17D7
C08AA70A
C08B3904
C08BCDCD
C08C656A
C08CFFE3
C08D9D3D
C08E3D80
C08EE0AF
C08F86D2
C0902FEC
C090DC01
C0918B16
C0923D2D
C092F24B
C093AA70
C09465A0
C09523DA
C095E521
C096A973
C09770D2
C0983B3A
C09908AC
C099D923
C09AAC9F
C09B831A
C09C5C90
C09D38FD
C09E185C
C09EFAA5
C09FDFD3
C0A0C7DD
C0A1B2BC
C0A2A066
C0A390D4
C0A483FB
C0A579D0
C0A6724A
C0A76D5C
C0A86AFB
C0A96B1A
C0AA6DAD
C0AB72A8
C0AC79FC
C0AD839C
C0AE8F79
C0AF9D87
C0B0ADB6
C0B1BFF8
C0B2D43E
C0B3EA79
C0B5029A
C0B61C93
C0B73854
C0B855CE
C0B974F3
C0BA95B3
C0BBB801
C0BCDBCC
C0BE0108
C0BF27A5
C0C04F96
C0C178CC
C0C2A33B
C0C3CED4
C0C4FB8B
C0C62953
C0C75820
C0C887E4
C0C9B895
C0CAEA27
C0CC1C8F
C0CD4FC1
C0CE83B3
C0CFB85B
C0D0EDB0
C0D223A6
C0D35A37
C0D49157
C0D5C900
C0D70128
C0D839C8
C0D972D9
C0DAAC52
C0DBE62E
C0DD2066
C0DE5AF2
C0DF95CE
C0E0D0F3
C0E20C5C
C0E34803
C0E483E4
C0E5BFFB
C0E6FC41
C0E838B5
C0E97550
C0EAB20F
C0EBEEF0
C0ED2BEE
C0EE6906
C0EFA636
C0F0E37A
C0F220CF
C0F35E34
C0F49BA6
C0F5D923
C0F716A8
C0F85434
C0F991C5
C0FACF59
C0FC0CEE
C0FD4A85
C0FE881A
C0FFC5AC
C100819E
C1012063
C101BF26
C1025DE6
C102FCA2
C1039B5A
C1043A0E
C104D8BD
C1057768
C106160D
C106B4AD
C1075348
C107F1DD
C108906C
C1092EF5
C109CD79
C10A6BF6
C10B0A6D
C10BA8DE
C10C4749
C10CE5AD
C10D840B
C10E2263
C10EC0B4
C10F5EFF
C10FFD44
C1109B83
C11139BB
C111D7ED
C112761A
C1131440
C113B260
C114507A
C114EE8F
C1158C9E
C1162AA7
C116C8AB
C11766A9
C11804A2
C118A295
C1194084
C119DE6D
C11A7C51
C11B1A30
C11BB80B
C06BAA75
C06BD545
C06C012E
C06C2E38
C06C5C68
C06C8BC7
C06CBC5C
C06CEE2D
C06D2143
C06D55A5
C06D8B5C
C06DC26F
C06DFAE6
C06E34CB
C06E7026
C06EAD00
C06EEB61
C06F2B53
C06F6CDF
C06FB00F
C06FF4ED
C0703B82
C07083D9
C070CDFC
C07119F6
C07167D2
C071B79A
C072095A
C0725D1D
C072B2F0
C0730ADC
C07364F0
C073C137
C0741FBD
C0748090
C074E3BD
C0754950
C075B157
C0761BE0
C07688F9
C076F8B0
C0776B13
C077E030
C0785818
C078D2D8
C0795080
C079D120
C07A54C7
C07ADB85
C07B656A
C07BF287
C07C82ED
C07D16AC
C07DADD4
C07E4878
C07EE6A9
C07F8878
C08016FB
C0806B9B
C080C225
C0811AA2
C081751B
C081D199
C0823026
C08290CA
C082F390
C0835880
C083BFA3
C0842904
C08494AB
C08502A2
C08572F2
C085E5A4
C0865AC1
C086D254
C0874C63
C087C8FA
C0884820
C088C9DE
C0894E3D
C089D544
C08A5EFD
C08AEB70
C08B7AA3
C08C0C9F
C08CA16A
C08D390D
C08DD38D
C08E70F0
C08F113D
C08FB47A
C0905AAB
C09103D5
C091AFFD
C0925F26
C0931154
C093C68B
C0947ECB
C0953A17
C095F871
C096B9D9
C0977E4F
C09845D3
C0991063
C099DDFE
C09AAEA2
C09B824B
C09C58F7
C09D329F
C09E0F41
C09EEED6
C09FD158
C0A0B6C0
C0A19F07
C0A28A24
C0A3780F
C0A468BF
C0A55C2A
C0A65245
C0A74B06
C0A84662
C0A9444B
C0AA44B7
C0AB4799
C0AC4CE3
C0AD5487
C0AE5E79
C0AF6AAA
C0B0790D
C0B18991
C0B29C2A
C0B3B0C7
C0B4C75B
C0B5DFD5
C0B6FA28
C0B81644
C0B93419
C0BA539A
C0BB74B7
C0BC9760
C0BDBB89
C0BEE122
C0C0081C
C0C1306A
C0C259FE
C0C384C9
C0C4B0C0
C0C5DDD4
C0C70BF8
C0C83B21
C0C96B42
C0CA9C4E
C0CBCE3B
C0CD00FD
C0CE3489
C0CF68D4
C0D09DD5
C0D1D381
C0D309CF
C0D440B5
C0D5782B
C0D6B029
C0D7E8A4
C0D92197
C0DA5AFA
C0DB94C4
C0DCCEEF
C0DE0975
C0DF444F
C0E07F77
C0E1BAE7
C0E2F69A
C0E4328B
C0E56EB4
C0E6AB11
C0E7E79D
C0E92455
C0EA6133
C0EB9E35
C0ECDB56
C0EE1894
C0EF55EA
C0F09357
C0F1D0D7
C0F30E68
C0F44C06
C0F589B0
C0F6C764
C0F80520
C0F942E1
C0FA80A5
C0FBBE6C
C0FCFC34
C0FE39FA
C0FF77BF
C1005AC0
C100F99E
C101987A
C1023752
C102D627
C10374F8
C10413C4
C104B28B
C105514E
C105F00B
C1068EC2
C1072D74
C107CC20
C1086AC6
C1090966
C109A7FF
C10A4692
C10AE51E
C10B83A4
C10C2223
C10CC09C
C10D5F0E
C10DFD79
C10E9BDD
C10F3A3B
C10FD892
C11076E3
C111152D
C111B371
C11251AE
C112EFE4
C1138E15
C1142C3F
C114CA63
C1156881
C1160699
C116A4AB
C11742B7
C117E0BE
C1187EBE
C1191CBA
C119BAB0
C11A58A0
C11AF68C
C11B9472
C11C3253
C06D68A2
C06D933A
C06DBEEA
C06DEBBA
C06E19B0
C06E48D4
C06E792D
C06EAAC2
C06EDD9C
C06F11C1
C06F473A
C06F7E0F
C06FB648
C06FEFEE
C0702B09
C07067A3
C070A5C3
C070E575
C07126C0
C07169AE
C071AE4A
C071F49D
C0723CB2
C0728692
C072D249
C0731FE1
C0736F65
C073C0E1
C0741460
C07469EE
C074C197
C0751B66
C0757768
C075D5AA
C0763638
C0769920
C076FE6E
C0776631
C077D076
C0783D4A
C078ACBD
C0791EDC
C07993B7
C07A0B5B
C07A85D9
C07B033F
C07B839D
C07C0702
C07C8D80
C07D1726
C07DA404
C07E342B
C07EC7AD
C07F5E99
C07FF901
C0804B7C
C0809C46
C080EEEA
C081436E
C08199DE
C081F240
C0824CA0
C082A906
C083077B
C0836808
C083CAB8
C0842F93
C08496A2
C084FFF0
C0856B85
C085D96B
C08649AB
C086BC4F
C087315F
C087A8E5
C08822EB
C0889F78
C0891E96
C089A04E
C08A24A8
C08AABAC
C08B3563
C08BC1D6
C08C510B
C08CE30A
C08D77DA
C08E0F84
C08EAA0C
C08F477A
C08FE7D4
C0908B1E
C0913160
C091DA9C
C09286D8
C0933618
C093E85F
C0949DB0
C095560D
C0961178
C096CFF3
C097917D
C0985619
C0991DC4
C099E87E
C09AB644
C09B8716
C09C5AEF
C09D31CD
C09E0BAA
C09EE882
C09FC850
C0A0AB0C
C0A190B0
C0A27936
C0A36494
C0A452C1
C0A543B6
C0A63767
C0A72DCA
C0A826D5
C0A9227B
C0AA20B2
C0AB216D
C0AC249E
C0AD2A3A
C0AE3231
C0AF3C78
C0B048FF
C0B157B7
C0B26894
C0B37B85
C0B4907D
C0B5A76B
C0B6C041
C0B7DAF0
C0B8F769
C0BA159C
C0BB357A
C0BC56F6
C0BD79FE
C0BE9E86
C0BFC47E
C0C0EBD8
C0C21486
C0C33E79
C0C469A4
C0C595FA
C0C6C36D
C0C7F1F1
C0C92178
C0CA51F7
C0CB8361
C0CCB5AB
C0CDE8CA
C0CF1CB2
C0D05159
C0D186B5
C0D2BCBB
C0D3F362
C0D52AA1
C0D6626F
C0D79AC2
C0D8D394
C0DA0CDC
C0DB4692
C0DC80AF
C0DDBB2C
C0DEF602
C0E0312C
C0E16CA2
C0E2A860
C0E3E45F
C0E5209B
C0E65D0E
C0E799B3
C0E8D687
C0EA1385
C0EB50A8
C0EC8DEE
C0EDCB52
C0EF08D1
C0F04668
C0F18413
C0F2C1D1
C0F3FF9E
C0F53D78
C0F67B5C
C0F7B949
C0F8F73C
C0FA3534
C0FB732E
C0FCB129
C0FDEF24
C0FF2D1D
C1003589
C100D481
C1017377
C102126A
C102B158
C1035043
C103EF28
C1048E09
C1052CE5
C105CBBB
C1066A8C
C1070956
C107A81A
C10846D8
C108E58F
C109843F
C10A22E9
C10AC18C
C10B6028
C10BFEBD
C10C9D4B
C10D3BD2
C10DDA52
C10E78CB
C10F173C
C10FB5A7
C110540B
C110F268
C11190BD
C1122F0C
C112CD55
C1136B96
C11409D1
C114A806
C1154634
C115E45B
C116827C
C1172097
C117BEAC
C1185CBC
C118FAC5
C11998C8
C11A36C6
C11AD4BE
C11B72B1
C11C109E
C11CAE86
C06F2B85
C06F55E5
C06F815E
C06FADF6
C06FDBB4
C0700A9F
C0703ABF
C0706C1A
C0709EB9
C070D2A3
C07107E1
C0713E7A
C0717677
C071AFE0
C071EABE
C072271A
C07264FC
C072A46F
C072E57B
C073282B
C0736C87
C073B29A
C073FA6E
C074440E
C0748F84
C074DCDB
C0752C1E
C0757D59
C075D096
C07625E2
C0767D48
C076D6D5
C0773295
C0779095
C077F0E1
C0785387
C078B893
C0792014
C0798A17
C079F6AA
C07A65DC
C07AD7BA
C07B4C54
C07BC3B8
C07C3DF5
C07CBB1C
C07D3B3B
C07DBE63
C07E44A2
C07ECE0B
C07F5AAD
C07FEA99
C0803EF0
C0808A49
C080D761
C0812640
C08176F0
C081C979
C0821DE3
C0827439
C082CC84
C08326CB
C083831A
C083E179
C08441F1
C084A48C
C0850953
C0857050
C085D98C
C0864511
C086B2E8
C087231A
C08795B1
C0880AB5
C0888231
C088FC2E
C08978B3
C089F7CB
C08A797E
C08AFDD5
C08B84D7
C08C0E8F
C08C9B02
C08D2A3B
C08DBC3F
C08E5116
C08EE8C8
C08F835A
C09020D5
C090C13C
C0916497
C0920AEB
C092B43B
C093608D
C0940FE5
C094C246
C09577B3
C096302F
C096EBBB
C097AA58
C0986C08
C09930CA
C099F89E
C09AC383
C09B9178
C09C6279
C09D3685
C09E0D96
C09EE7A9
C09FC4BA
C0A0A4C2
C0A187BA
C0A26D9E
C0A35663
C0A44204
C0A53076
C0A621B1
C0A715AA
C0A80C57
C0A905AE
C0AA01A2
C0AB0028
C0AC0133
C0AD04B7
C0AE0AA6
C0AF12F3
C0B01D90
C0B12A6E
C0B23980
C0B34AB7
C0B45E03
C0B57357
C0B68AA2
C0B7A3D6
C0B8BEE4
C0B9DBBB
C0BAFA4F
C0BC1A8E
C0BD3C6A
C0BE5FD4
C0BF84BD
C0C0AB16
C0C1D2D2
C0C2FBE2
C0C42637
C0C551C4
C0C67E7C
C0C7AC50
C0C8DB35
C0CA0B1D
C0CB3BFD
C0CC6DC7
C0CDA071
C0CED3EF
C0D00835
C0D13D3A
C0D272F3
C0D3A955
C0D4E058
C0D617F2
C0D75019
C0D888C6
C0D9C1F0
C0DAFB8E
C0DC359A
C0DD700C
C0DEAADD
C0DFE607
C0E12182
C0E25D49
C0E39956
C0E4D5A3
C0E6122C
C0E74EEB
C0E88BDB
C0E9C8F8
C0EB063E
C0EC43A8
C0ED8133
C0EEBEDC
C0EFFC9E
C0F13A77
C0F27864
C0F3B661
C0F4F46C
C0F63283
C0F770A3
C0F8AECB
C0F9ECF7
C0FB2B27
C0FC6958
C0FDA789
C0FEE5B9
C10011F2
C100B106
C1015017
C101EF25
C1028E2F
C1032D35
C103CC35
C1046B31
C1050A27
C105A918
C1064802
C106E6E6
C10785C4
C108249B
C108C36B
C1096234
C10A00F6
C10A9FB1
C10B3E64
C10BDD10
C10C7BB5
C10D1A52
C10DB8E8
C10E5776
C10EF5FD
C10F947D
C11032F5
C110D165
C1116FCF
C1120E31
C112AC8C
C1134ADF
C113E92C
C1148772
C11525B1
C115C3E9
C116621B
C1170046
C1179E6A
C1183C88
C118DAA0
C11978B2
C11A16BD
C11AB4C3
C11B52C3
C11BF0BE
C11C8EB2
C11D2CA2
C070F311
C0711D3D
C0714880
C07174E2
C071A26A
C071D11E
C0720106
C0723229
C0726490
C0729842
C072CD46
C07303A5
C0733B68
C0737496
C073AF39
C073EB59
C0742900
C0746836
C074A906
C074EB78
C0752F97
C075756C
C075BD03
C0760664
C076519C
C0769EB4
C076EDB8
C0773EB4
C07791B2
C077E6BE
C0783DE5
C0789733
C078F2B3
C0795073
C079B080
C07A12E6
C07A77B3
C07ADEF5
C07B48B8
C07BB50D
C07C23FF
C07C959F
C07D09FB
C07D8121
C07DFB22
C07E780B
C07EF7EE
C07F7ADA
C0800070
C0804507
C0808B3B
C080D315
C0811C9C
C08167DA
C081B4D7
C082039C
C0825432
C082A6A1
C082FAF4
C0835132
C083A965
C0840396
C0845FCF
C084BE19
C0851E7E
C0858106
C085E5BB
C0864CA7
C086B5D3
C0872149
C0878F12
C087FF38
C08871C3
C088E6BE
C0895E31
C089D826
C08A54A5
C08AD3B8
C08B5568
C08BD9BD
C08C60C0
C08CEA78
C08D76EF
C08E062C
C08E9837
C08F2D17
C08FC4D3
C0905F71
C090FCF9
C0919D71
C09240DD
C092E745
C09390AB
C0943D15
C094EC87
C0959F04
C096548F
C0970D2A
C097C8D8
C098879A
C0994971
C09A0E5C
C09AD65B
C09BA16D
C09C6F91
C09D40C4
C09E1503
C09EEC4B
C09FC696
C0A0A3E1
C0A18425
C0A2675C
C0A34D80
C0A43688
C0A5226D
C0A61125
C0A702A9
C0A7F6EC
C0A8EDE6
C0A9E78A
C0AAE3CE
C0ABE2A5
C0ACE403
C0ADE7DB
C0AEEE20
C0AFF6C4
C0B101BA
C0B20EF2
C0B31E5F
C0B42FF2
C0B5439C
C0B6594E
C0B770F8
C0B88A8C
C0B9A5FB
C0BAC334
C0BBE229
C0BD02CB
C0BE250A
C0BF48D8
C0C06E24
C0C194E2
C0C2BD02
C0C3E676
C0C5112F
C0C63D21
C0C76A3C
C0C89875
C0C9C7BD
C0CAF809
C0CC294B
C0CD5B78
C0CE8E84
C0CFC263
C0D0F70A
C0D22C6F
C0D36288
C0D49949
C0D5D0A9
C0D708A0
C0D84123
C0D97A2B
C0DAB3AF
C0DBEDA7
C0DD280B
C0DE62D4
C0DF9DFB
C0E0D97A
C0E21549
C0E35162
C0E48DC1
C0E5CA5E
C0E70736
C0E84443
C0E98180
C0EABEE8
C0EBFC78
C0ED3A2C
C0EE77FE
C0EFB5ED
C0F0F3F5
C0F23211
C0F37040
C0F4AE7F
C0F5ECCA
C0F72B20
C0F8697E
C0F9A7E2
C0FAE649
C0FC24B3
C0FD631D
C0FEA185
C0FFDFEB
C1008F26
C1012E54
C101CD7E
C1026CA5
C1030BC7
C103AAE4
C10449FC
C104E90E
C105881A
C1062720
C106C620
C1076518
C108040A
C108A2F4
C10941D7
C109E0B3
C10A7F87
C10B1E53
C10BBD17
C10C5BD4
C10CFA89
C10D9936
C10E37DB
C10ED678
C10F750D
C110139B
C110B221
C111509F
C111EF15
C1128D84
C1132BEB
C113CA4A
C11468A3
C11506F4
C115A53E
C1164381
C116E1BC
C1177FF1
C1181E1F
C118BC47
C1195A68
C119F883
C11A9697
C11B34A5
C11BD2AD
C11C70AF
C11D0EAC
C11DACA2
C072BF3A
C072E933
C0731444
C0734072
C0736DC5
C0739C44
C073CBF7
C073FCE4
C0742F15
C074628F
C074975C
C074CD84
C075050E
C0753E04
C075786E
C075B455
C075F1C2
C07630BF
C0767154
C076B38B
C076F76F
C0773D09
C0778463
C077CD89
C0781884
C0786560
C078B428
C07904E7
C07957A8
C079AC77
C07A0361
C07A5C72
C07AB7B5
C07B1538
C07B7507
C07BD730
C07C3BC0
C07CA2C5
C07D0C4C
C07D7864
C07DE71B
C07E587F
C07ECC9F
C07F438B
C07FBD50
C0801D00
C0805CD5
C0809E2E
C080E115
C0812590
C0816BA9
C081B368
C081FCD5
C08247F9
C08294DC
C082E388
C0833406
C083865E
C083DA99
C08430C0
C08488DE
C084E2FA
C0853F1F
C0859D56
C085FDA8
C086601F
C086C4C3
C0872BA0
C08794BE
C0880026
C0886DE3
C088DDFD
C089507F
C089C571
C08A3CDD
C08AB6CB
C08B3346
C08BB257
C08C3405
C08CB85A
C08D3F5E
C08DC91A
C08E5595
C08EE4D9
C08F76EB
C0900BD5
C090A39D
C0913E49
C091DBE1
C0927C6A
C0931FEA
C093C666
C0946FE4
C0951C67
C095CBF5
C0967E8F
C097343A
C097ECF7
C098A8C9
C09967B2
C09A29B0
C09AEEC6
C09BB6F2
C09C8234
C09D5089
C09E21EF
C09EF664
C09FCDE3
C0A0A868
C0A185EF
C0A26671
C0A349E9
C0A4304F
C0A5199B
C0A605C7
C0A6F4C8
C0A7E695
C0A8DB25
C0A9D26D
C0AACC61
C0ABC8F6
C0ACC821
C0ADC9D4
C0AECE02
C0AFD49F
C0B0DD9D
C0B1E8ED
C0B2F682
C0B4064C
C0B5183D
C0B62C47
C0B74259
C0B85A65
C0B9745B
C0BA902D
C0BBADCA
C0BCCD23
C0BDEE2A
C0BF10CF
C0C03502
C0C15AB5
C0C281D9
C0C3AA5F
C0C4D43A
C0C5FF5A
C0C72BB2
C0C85934
C0C987D2
C0CAB781
C0CBE832
C0CD19D9
C0CE4C6B
C0CF7FDB
C0D0B41E
C0D1E928
C0D31EF0
C0D4556A
C0D58C8C
C0D6C44C
C0D7FCA2
C0D93584
C0DA6EEA
C0DBA8CA
C0DCE31D
C0DE1DDC
C0DF58FE
C0E0947D
C0E1D053
C0E30C78
C0E448E6
C0E58598
C0E6C288
C0E7FFB1
C0E93D0E
C0EA7A99
C0EBB84F
C0ECF62B
C0EE342A
C0EF7246
C0F0B07D
C0F1EECB
C0F32D2E
C0F46BA1
C0F5AA23
C0F6E8B0
C0F82747
C0F965E4
C0FAA486
C0FBE32A
C0FD21CF
C0FE6073
C0FF9F14
C1006ED9
C1010E25
C101AD6D
C1024CB2
C102EBF2
C1038B2D
C1042A62
C104C992
C10568BB
C10607DE
C106A6FA
C107460F
C107E51D
C1088423
C1092321
C109C218
C10A6106
C10AFFED
C10B9ECB
C10C3DA1
C10CDC6F
C10D7B34
C10E19F2
C10EB8A7
C10F5753
C10FF5F7
C1109493
C1113327
C111D1B3
C1127037
C1130EB2
C113AD26
C1144B92
C114E9F7
C1158853
C11626A8
C116C4F6
C117633D
C118017C
C1189FB4
C1193DE5
C119DC10
C11A7A34
C11B1851
C11BB668
C11C5478
C11CF282
C11D9086
C11E2E85
C0748FF6
C074B9BE
C074E49C
C0751099
C0753DB9
C0756C05
C0759B85
C075CC3E
C075FE3A
C0763180
C0766618
C0769C0A
C076D35E
C0770C1E
C0774651
C0778200
C077BF36
C077FDFA
C0783E57
C0788056
C078C401
C0790962
C0795083
C079996F
C079E430
C07A30D2
C07A7F5F
C07ACFE4
C07B226A
C07B76FF
C07BCDAE
C07C2684
C07C818D
C07CDED5
C07D3E6A
C07DA058
C07E04AE
C07E6B78
C07ED4C6
C07F40A3
C07FAF21
C0801026
C0804A19
C0808573
C080C23A
C0810076
C081402F
C081816E
C081C43A
C082089B
C0824E9A
C082963F
C082DF93
C0832A9E
C0837769
C083C5FE
C0841664
C08468A6
C084BCCB
C08512DE
C0856AE7
C085C4F0
C0862102
C0867F27
C086DF68
C08741CF
C087A665
C0880D33
C0887644
C088E1A0
C0894F52
C089BF63
C08A31DC
C08AA6C7
C08B1E2D
C08B9818
C08C1490
C08C939E
C08D154C
C08D99A3
C08E20AA
C08EAA6A
C08F36EC
C08FC638
C0905854
C090ED49
C091851E
C0921FDA
C092BD83
C0935E1F
C09401B4
C094A847
C09551DE
C095FE7C
C096AE27
C09760E1
C09816AD
C098CF8E
C0998B86
C09A4A96
C09B0CBF
C09BD201
C09C9A5B
C09D65CE
C09E3456
C09F05F1
C09FDA9D
C0A0B256
C0A18D17
C0A26ADC
C0A34B9E
C0A42F58
C0A51602
C0A5FF95
C0A6EC09
C0A7DB54
C0A8CD6E
C0A9C24C
C0AAB9E3
C0ABB42A
C0ACB113
C0ADB092
C0AEB29C
C0AFB724
C0B0BE1B
C0B1C774
C0B2D321
C0B3E114
C0B4F13D
C0B6038F
C0B717FA
C0B82E6F
C0B946DF
C0BA613A
C0BB7D70
C0BC9B73
C0BDBB34
C0BEDCA1
C0BFFFAD
C0C12449
C0C24A64
C0C371F1
C0C49AE0
C0C5C523
C0C6F0AC
C0C81D6D
C0C94B58
C0CA7A5F
C0CBAA75
C0CCDB8F
C0CE0D9E
C0CF4096
C0D0746D
C0D1A916
C0D2DE86
C0D414B2
C0D54B90
C0D68315
C0D7BB38
C0D8F3F0
C0DA2D32
C0DB66F7
C0DCA136
C0DDDBE7
C0DF1702
C0E05280
C0E18E5A
C0E2CA89
C0E40706
C0E543CB
C0E680D3
C0E7BE17
C0E8FB94
C0EA3942
C0EB771E
C0ECB524
C0EDF34E
C0EF3199
C0F07001
C0F1AE82
C0F2ED1A
C0F42BC4
C0F56A7D
C0F6A944
C0F7E815
C0F926EE
C0FA65CC
C0FBA4AD
C0FCE390
C0FE2272
C0FF6152
C1005017
C100EF82
C1018EEA
C1022E4E
C102CDAE
C1036D08
C1040C5C
C104ABAB
C1054AF3
C105EA34
C106896F
C10728A1
C107C7CD
C10866F0
C109060B
C109A51E
C10A4429
C10AE32B
C10B8225
C10C2115
C10CBFFE
C10D5EDD
C10DFDB4
C10E9C82
C10F3B47
C10FDA03
C11078B7
C1111762
C111B605
C112549F
C112F330
C11391B9
C114303A
C114CEB3
C1156D23
C1160B8C
C116A9ED
C1174846
C117E697
C11884E1
C1192324
C119C15F
C11A5F93
C11AFDC1
C11B9BE7
C11C3A07
C11CD820
C11D7633
C11E143F
C11EB245
C0766536
C0768ECE
C076B97D
C076E549
C0771239
C0774054
C0776FA2
C077A02A
C077D1F3
C0780506
C078396B
C0786F29
C078A64A
C078DED5
C07918D3
C079544D
C079914D
C079CFDC
C07A1002
C07A51CB
C07A953F
C07ADA69
C07B2153
C07B6A07
C07BB491
C07C00FB
C07C4F51
C07C9F9D
C07CF1EB
C07D4648
C07D9CBF
C07DF55C
C07E502C
C07EAD3C
C07F0C98
C07F6E4F
C07FD26D
C0801C80
C080510A
C08086DE
C080BE01
C080F67B
C0813054
C0816B92
C081A83E
C081E660
C08225FF
C0826724
C082A9D6
C082EE1E
C0833405
C0837B91
C083C4CE
C0840FC2
C0845C76
C084AAF5
C084FB45
C0854D72
C085A183
C085F782
C0864F79
C086A970
C0870571
C0876385
C087C3B6
C088260F
C0888A97
C088F159
C0895A5E
C089C5B0
C08A3359
C08AA361
C08B15D4
C08B8AB9
C08C021B
C08C7C02
C08CF879
C08D7787
C08DF937
C08E7D90
C08F049C
C08F8E62
C0901AEC
C090AA41
C0913C69
C091D16B
C092694F
C093041B
C093A1D7
C0944288
C094E633
C0958CDF
C0963691
C096E34C
C0979315
C09845F0
C098FBDF
C099B4E6
C09A7105
C09B303E
C09BF293
C09CB803
C09D808E
C09E4C33
C09F1AF0
C09FECC2
C0A0C1A7
C0A1999B
C0A2749A
C0A3529E
C0A433A2
C0A517A0
C0A5FE91
C0A6E86C
C0A7D52A
C0A8C4C1
C0A9B729
C0AAAC57
C0ABA441
C0AC9EDB
C0AD9C19
C0AE9BF0
C0AF9E53
C0B0A335
C0B1AA88
C0B2B43F
C0B3C04B
C0B4CE9E
C0B5DF29
C0B6F1DE
C0B806AC
C0B91D86
C0BA365C
C0BB511D
C0BC6DBB
C0BD8C27
C0BEAC50
C0BFCE27
C0C0F19D
C0C216A2
C0C33D28
C0C46520
C0C58E7A
C0C6B928
C0C7E51C
C0C91248
C0CA409E
C0CB7010
C0CCA091
C0CDD215
C0CF048E
C0D037F0
C0D16C2F
C0D2A141
C0D3D718
C0D50DAB
C0D644EF
C0D77CDA
C0D8B562
C0D9EE7D
C0DB2823
C0DC624A
C0DD9CEA
C0DED7FB
C0E01375
C0E14F50
C0E28B87
C0E3C811
C0E504E8
C0E64207
C0E77F66
C0E8BD02
C0E9FAD3
C0EB38D6
C0EC7705
C0EDB55B
C0EEF3D6
C0F03270
C0F17125
C0F2AFF3
C0F3EED5
C0F52DC8
C0F66CCA
C0F7ABD8
C0F8EAEE
C0FA2A0B
C0FB692C
C0FCA84F
C0FDE772
C0FF2693
C10032D8
C100D264
C10171ED
C1021172
C102B0F2
C103506D
C103EFE2
C1048F51
C1052EBA
C105CE1B
C1066D75
C1070CC7
C107AC11
C1084B53
C108EA8D
C10989BE
C10A28E6
C10AC806
C10B671C
C10C0629
C10CA52D
C10D4428
C10DE31A
C10E8202
C10F20E2
C10FBFB7
C1105E84
C110FD48
C1119C03
C1123AB4
C112D95D
C11377FC
C1141694
C114B522
C11553A8
C115F225
C116909A
C1172F07
C117CD6C
C1186BC8
C1190A1D
C119A86B
C11A46B0
C11AE4EF
C11B8326
C11C2156
C11CBF7E
C11D5DA0
C11DFBBC
C11E99D1
C11F37DF
C0783EEC
C0786858
C07892D8
C078BE76
C078EB37
C0791923
C0794841
C0797899
C079AA32
C079DD14
C07A1147
C07A46D4
C07A7DC2
C07AB61A
C07AEFE6
C07B2B2D
C07B67FA
C07BA655
C07BE647
C07C27DB
C07C6B1B
C07CB010
C07CF6C5
C07D3F44
C07D8998
C07DD5CD
C07E23ED
C07E7403
C07EC61B
C07F1A42
C07F7083
C07FC8EA
C08011C2
C080402F
C0806FC2
C080A083
C080D277
C08105A5
C0813A16
C0816FCF
C081A6D7
C081DF37
C08218F6
C082541B
C08290AE
C082CEB7
C0830E3D
C0834F49
C08391E3
C083D614
C0841BE2
C0846358
C084AC7E
C084F75C
C08543FC
C0859265
C085E2A2
C08634BA
C08688B9
C086DEA6
C087368B
C0879071
C087EC62
C0884A67
C088AA8B
C0890CD6
C0897152
C089D808
C08A4104
C08AAC4D
C08B19ED
C08B89F0
C08BFC5C
C08C713E
C08CE89D
C08D6283
C08DDEF9
C08E5E09
C08EDFBB
C08F6419
C08FEB2B
C09074F9
C091018C
C09190EC
C0922321
C092B832
C0935026
C093EB05
C09488D5
C095299B
C095CD5F
C0967425
C0971DF3
C097CACD
C0987AB6
C0992DB4
C099E3C8
C09A9CF5
C09B593D
C09C18A2
C09CDB24
C09DA0C4
C09E6981
C09F355A
C0A0044D
C0A0D658
C0A1AB78
C0A283A9
C0A35EE7
C0A43D2D
C0A51E74
C0A602B8
C0A6E9F0
C0A7D415
C0A8C11F
C0A9B105
C0AAA3BD
C0AB993D
C0AC917B
C0AD8C6A
C0AE8A00
C0AF8A31
C0B08CEE
C0B1922D
C0B299DE
C0B3A3F4
C0B4B061
C0B5BF16
C0B6D005
C0B7E31E
C0B8F853
C0BA0F94
C0BB28D1
C0BC43FB
C0BD6103
C0BE7FD9
C0BFA06D
C0C0C2AF
C0C1E692
C0C30C04
C0C432F6
C0C55B5B
C0C68523
C0C7B03E
C0C8DCA0
C0CA0A39
C0CB38FC
C0CC68DB
C0CD99C9
C0CECBB9
C0CFFE9E
C0D1326C
C0D26717
C0D39C93
C0D4D2D5
C0D609D1
C0D7417E
C0D879D0
C0D9B2BF
C0DAEC41
C0DC264B
C0DD60D6
C0DE9BDA
C0DFD74D
C0E11328
C0E24F64
C0E38BF9
C0E4C8E0
C0E60614
C0E7438E
C0E88148
C0E9BF3C
C0EAFD65
C0EC3BBD
C0ED7A41
C0EEB8EC
C0EFF7B8
C0F136A3
C0F275A8
C0F3B4C4
C0F4F3F3
C0F63331
C0F7727D
C0F8B1D4
C0F9F131
C0FB3094
C0FC6FFA
C0FDAF60
C0FEEEC5
C1001713
C100B6C2
C101566D
C101F614
C10295B6
C1033554
C103D4EB
C104747C
C1051406
C105B389
C1065304
C106F277
C10791E2
C1083145
C108D09E
C1096FEF
C10A0F36
C10AAE74
C10B4DA9
C10BECD4
C10C8BF6
C10D2B0E
C10DCA1C
C10E6920
C10F081B
C10FA70C
C11045F3
C110E4D1
C11183A5
C1122270
C112C131
C1135FE9
C113FE97
C1149D3C
C1153BD9
C115DA6C
C11678F6
C1171778
C117B5F1
C1185462
C118F2CB
C119912B
C11A2F83
C11ACDD4
C11B6C1D
C11C0A5E
C11CA897
C11D46CA
C11DE4F5
C11E8319
C11F2137
C11FBF4E
C07A1D0B
C07A464A
C07A709F
C07A9C10
C07AC8A4
C07AF663
C07B2553
C07B557C
C07B86E7
C07BB99A
C07BED9D
C07C22FA
C07C59B8
C07C91E0
C07CCB7B
C07D0691
C07D432C
C07D8155
C07DC116
C07E0278
C07E4585
C07E8A47
C07ED0C9
C07F1915
C07F6336
C07FAF37
C07FFD24
C0802683
C0804F76
C080796F
C080A475
C080D08F
C080FDC2
C0812C16
C0815B8F
C0818C36
C081BE10
C081F126
C082257C
C0825B1C
C082920C
C082CA53
C08303F9
C0833F06
C0837B80
C083B971
C083F8E0
C08439D5
C0847C58
C084C072
C085062B
C0854D8B
C085969C
C085E165
C0862DF1
C0867C47
C086CC70
C0871E77
C0877264
C087C840
C0882014
C08879EB
C088D5CE
C08933C6
C08993DC
C089F61C
C08A5A8D
C08AC13A
C08B2A2C
C08B956E
C08C0308
C08C7305
C08CE56E
C08D5A4C
C08DD1AA
C08E4B90
C08EC808
C08F471A
C08FC8D1
C0904D35
C090D44E
C0915E26
C091EAC4
C0927A30
C0930C73
C093A194
C094399A
C094D48D
C0957272
C0961351
C096B72E
C0975E10
C09807FC
C098B4F5
C0996501
C09A1822
C09ACE5C
C09B87B2
C09C4425
C09D03B7
C09DC668
C09E8C39
C09F5529
C0A02138
C0A0F063
C0A1C2A8
C0A29805
C0A37075
C0A44BF4
C0A52A7D
C0A60C0A
C0A6F095
C0A7D817
C0A8C288
C0A9AFE0
C0AAA015
C0AB931F
C0AC88F3
C0AD8186
C0AE7CCD
C0AF7ABD
C0B07B48
C0B17E63
C0B283FF
C0B38C11
C0B49688
C0B5A358
C0B6B272
C0B7C3C6
C0B8D746
C0B9ECE3
C0BB048C
C0BC1E34
C0BD39C9
C0BE573C
C0BF767F
C0C09780
C0C1BA30
C0C2DE81
C0C40461
C0C52BC3
C0C65497
C0C77ECE
C0C8AA59
C0C9D72B
C0CB0534
C0CC3466
C0CD64B5
C0CE9612
C0CFC871
C0D0FBC4
C0D23000
C0D36518
C0D49B01
C0D5D1AF
C0D70917
C0D8412F
C0D979EC
C0DAB344
C0DBED2D
C0DD27A0
C0DE6291
C0DF9DFA
C0E0D9D1
C0E21610
C0E352AE
C0E48FA4
C0E5CCEC
C0E70A7E
C0E84855
C0E9866B
C0EAC4BA
C0EC033D
C0ED41EE
C0EE80C9
C0EFBFC9
C0F0FEEA
C0F23E27
C0F37D7E
C0F4BCEA
C0F5FC67
C0F73BF4
C0F87B8C
C0F9BB2C
C0FAFAD3
C0FC3A7E
C0FD7A2A
C0FEB9D5
C0FFF97E
C1009C91
C1013C60
C101DC2B
C1027BF1
C1031BB2
C103BB6D
C1045B22
C104FACF
C1059A75
C1063A13
C106D9A9
C1077936
C10818BB
C108B836
C10957A8
C109F710
C10A966F
C10B35C3
C10BD50E
C10C744F
C10D1385
C10DB2B1
C10E51D3
C10EF0EB
C10F8FF9
C1102EFC
C110CDF5
C1116CE4
C1120BC9
C112AAA4
C1134975
C113E83D
C11486FA
C11525AE
C115C459
C11662FA
C1170192
C117A021
C1183EA7
C118DD25
C1197B99
C11A1A05
C11AB869
C11B56C5
C11BF518
C11C9364
C11D31A7
C11DCFE4
C11E6E19
C11F0C46
C11FAA6D
C120488C
C07BFF82
C07C2897
C07C52C2
C07C7E08
C07CAA71
C07CD804
C07D06C8
C07D36C5
C07D6802
C07D9A88
C07DCE5E
C07E038D
C07E3A1D
C07E7217
C07EAB82
C07EE66A
C07F22D5
C07F60CE
C07FA05F
C07FE191
C0801237
C080347F
C08057A8
C0807BB6
C080A0AD
C080C695
C080ED73
C081154B
C0813E25
C0816806
C08192F3
C081BEF4
C081EC0F
C0821A49
C08249AA
C0827A38
C082ABFB
C082DEF7
C0831336
C08348BE
C0837F96
C083B7C5
C083F154
C0842C49
C08468AD
C084A687
C084E5E0
C08526BF
C085692C
C085AD31
C085F2D5
C0863A21
C086831E
C086CDD4
C0871A4C
C0876890
C087B8A8
C0880A9E
C0885E7A
C088B447
C0890C0D
C08965D6
C089C1AB
C08A1F97
C08A7FA2
C08AE1D7
C08B463F
C08BACE3
C08C15CE
C08C810A
C08CEE9F
C08D5E98
C08DD0FE
C08E45DB
C08EBD39
C08F3720
C08FB39B
C09032B2
C090B46F
C09138DA
C091BFFC
C09249DE
C092D688
C0936603
C093F856
C0948D88
C09525A2
C095C0AA
C0965EA6
C096FF9E
C097A397
C0984A96
C098F4A0
C099A1BB
C09A51EA
C09B0531
C09BBB93
C09C7513
C09D31B2
C09DF172
C09EB454
C09F7A58
C0A0437D
C0A10FC3
C0A1DF28
C0A2B1A9
C0A38744
C0A45FF4
C0A53BB6
C0A61A84
C0A6FC58
C0A7E12C
C0A8C8F9
C0A9B3B8
C0AAA15F
C0AB91E6
C0AC8544
C0AD7B6D
C0AE7458
C0AF6FF9
C0B06E43
C0B16F2C
C0B272A5
C0B378A2
C0B48115
C0B58BF0
C0B69925
C0B7A8A5
C0B8BA60
C0B9CE49
C0BAE450
C0BBFC65
C0BD1678
C0BE327A
C0BF505B
C0C0700C
C0C1917D
C0C2B49D
C0C3D95E
C0C4FFAF
C0C62782
C0C750C8
C0C87B70
C0C9A76E
C0CAD4B1
C0CC032C
C0CD32D0
C0CE6390
C0CF955F
C0D0C82F
C0D1FBF3
C0D3309F
C0D46627
C0D59C7F
C0D6D39C
C0D80B72
C0D943F6
C0DA7D20
C0DBB6E3
C0DCF138
C0DE2C14
C0DF676E
C0E0A33E
C0E1DF7D
C0E31C21
C0E45923
C0E5967D
C0E6D426
C0E8121A
C0E95051
C0EA8EC5
C0EBCD71
C0ED0C4F
C0EE4B5B
C0EF8A8F
C0F0C9E6
C0F2095E
C0F348F0
C0F4889A
C0F5C858
C0F70827
C0F84802
C0F987E8
C0FAC7D6
C0FC07C8
C0FD47BC
C0FE87B0
C0FFC7A3
C10083C8
C10123BC
C101C3AD
C1026398
C103037F
C103A35F
C1044339
C104E30B
C10582D6
C1062299
C106C253
C1076204
C10801AC
C108A14B
C10940E0
C109E06A
C10A7FEB
C10B1F61
C10BBECD
C10C5E2F
C10CFD85
C10D9CD1
C10E3C12
C10EDB49
C10F7A74
C1101995
C110B8AC
C11157B7
C111F6B8
C11295AF
C113349B
C113D37C
C1147254
C1151121
C115AFE4
C1164E9E
C116ED4D
C1178BF4
C1182A90
C118C923
C11967AD
C11A062F
C11AA4A7
C11B4316
C11BE17D
C11C7FDC
C11D1E32
C11DBC80
C11E5AC7
C11EF906
C11F973D
C120356C
C120D395
C07DE642
C07E0F2F
C07E3931
C07E644E
C07E908D
C07EBDF6
C07EEC90
C07F1C62
C07F4D74
C07F7FCF
C07FB379
C07FE87C
C0800F70
C0802B56
C08047F6
C0806553
C0808372
C080A257
C080C209
C080E28A
C08103E1
C0812613
C0814924
C0816D1A
C08191FB
C081B7CB
C081DE91
C0820651
C0822F13
C08258DC
C08283B2
C082AF9C
C082DC9F
C0830AC2
C0833A0B
C0836A82
C0839C2D
C083CF12
C084033A
C08438AB
C0846F6C
C084A785
C084E0FE
C0851BDD
C085582B
C08595F0
C085D533
C08615FD
C0865857
C0869C47
C086E1D8
C0872911
C08771FB
C087BC9F
C0880906
C0885739
C088A741
C088F927
C0894CF4
C089A2B3
C089FA6B
C08A5428
C08AAFF1
C08B0DD2
C08B6DD3
C08BCFFF
C08C345E
C08C9AFC
C08D03E1
C08D6F17
C08DDCA9
C08E4C9F
C08EBF04
C08F33E2
C08FAB41
C090252B
C090A1AA
C09120C6
C091A28A
C09226FE
C092AE2A
C0933818
C093C4D0
C094545A
C094E6BE
C0957C04
C0961432
C096AF51
C0974D66
C097EE78
C098928E
C09939AC
C099E3D7
C09A9115
C09B4169
C09BF4D7
C09CAB62
C09D650D
C09E21DA
C09EE1CA
C09FA4DE
C0A06B16
C0A13472
C0A200F1
C0A2D091
C0A3A350
C0A4792A
C0A5521C
C0A62E22
C0A70D36
C0A7EF53
C0A8D472
C0A9BC8D
C0AAA79A
C0AB9593
C0AC866D
C0AD7A20
C0AE70A1
C0AF69E5
C0B065E1
C0B16488
C0B265CF
C0B369A9
C0B47008
C0B578DF
C0B6841F
C0B791BB
C0B8A1A3
C0B9B3C8
C0BAC81C
C0BBDE8E
C0BCF710
C0BE1191
C0BF2E03
C0C04C54
C0C16C75
C0C28E57
C0C3B1E9
C0C4D71C
C0C5FDE1
C0C72627
C0C84FE0
C0C97AFD
C0CAA76E
C0CBD525
C0CD0414
C0CE342D
C0CF6561
C0D097A3
C0D1CAE6
C0D2FF1D
C0D4343C
C0D56A36
C0D6A0FF
C0D7D88D
C0D910D3
C0DA49C7
C0DB835F
C0DCBD91
C0DDF852
C0DF339A
C0E06F5F
C0E1AB9A
C0E2E841
C0E4254D
C0E562B6
C0E6A075
C0E7DE83
C0E91CDA
C0EA5B72
C0EB9A47
C0ECD952
C0EE188F
C0EF57F7
C0F09786
C0F1D737
C0F31707
C0F456F1
C0F596F0
C0F6D703
C0F81724
C0F95751
C0FA9787
C0FBD7C3
C0FD1802
C0FE5842
C0FF9880
C1006C5E
C1010C78
C101AC8F
C1024CA2
C102ECAF
C1038CB6
C1042CB7
C104CCB0
C1056CA1
C1060C8A
C106AC6B
C1074C42
C107EC0F
C1088BD3
C1092B8C
C109CB3B
C10A6AE0
C10B0A79
C10BAA08
C10C498C
C10CE904
C10D8872
C10E27D4
C10EC72B
C10F6676
C11005B6
C110A4EB
C1114415
C111E334
C1128247
C113214F
C113C04D
C1145F40
C114FE28
C1159D05
C1163BD8
C116DAA1
C117795F
C1181814
C118B6BE
C119555F
C119F3F7
C11A9285
C11B3109
C11BCF85
C11C6DF8
C11D0C62
C11DAAC3
C11E491C
C11EE76D
C11F85B6
C12023F7
C120C231
C1216062
C07FD13B
C07FFA01
C08011EE
C0802768
C0803D74
C0805414
C0806B4D
C0808322
C0809B96
C080B4AF
C080CE6F
C080E8DB
C08103F8
C0811FC9
C0813C53
C081599A
C08177A3
C0819673
C081B60E
C081D67A
C081F7BA
C08219D5
C0823CD0
C08260B0
C082857A
C082AB33
C082D1E3
C082F98D
C0832238
C0834BEA
C08376AA
C083A27D
C083CF69
C083FD76
C0842CA9
C0845D09
C0848E9E
C084C16D
C084F57F
C0852ADA
C0856186
C085998A
C085D2ED
C0860DB8
C08649F1
C08687A2
C086C6D1
C0870788
C08749CE
C0878DAC
C087D32A
C0881A51
C088632A
C088ADBD
C088FA14
C0894837
C0899830
C089EA08
C08A3DC8
C08A9379
C08AEB25
C08B44D6
C08BA095
C08BFE6C
C08C5E65
C08CC089
C08D24E1
C08D8B79
C08DF45A
C08E5F8D
C08ECD1C
C08F3D11
C08FAF76
C0902455
C0909BB6
C09115A5
C0919229
C092114D
C0929319
C0931797
C0939ECF
C09428CB
C094B592
C095452C
C095D7A3
C0966CFD
C0970541
C097A078
C0983EA7
C098DFD6
C0998409
C09A2B47
C09AD594
C09B82F6
C09C3371
C09CE707
C09D9DBD
C09E5795
C09F1491
C09FD4B2
C0A097FA
C0A15E68
C0A227FC
C0A2F4B6
C0A3C492
C0A49790
C0A56DAC
C0A646E1
C0A7232D
C0A80289
C0A8E4F0
C0A9CA5C
C0AAB2C5
C0AB9E23
C0AC8C6F
C0AD7D9E
C0AE71A8
C0AF6881
C0B06220
C0B15E79
C0B25D7F
C0B35F27
C0B46363
C0B56A26
C0B67362
C0B77F0A
C0B88D0E
C0B99D60
C0BAAFF1
C0BBC4B1
C0BCDB91
C0BDF482
C0BF0F73
C0C02C55
C0C14B18
C0C26BAC
C0C38E01
C0C4B208
C0C5D7AF
C0C6FEE9
C0C827A5
C0C951D3
C0CA7D66
C0CBAA4D
C0CCD87B
C0CE07E0
C0CF386F
C0D06A19
C0D19CD1
C0D2D089
C0D40536
C0D53AC9
C0D67138
C0D7A875
C0D8E075
C0DA192E
C0DB5294
C0DC8C9D
C0DDC73E
C0DF026F
C0E03E25
C0E17A58
C0E2B6FF
C0E3F411
C0E53187
C0E66F59
C0E7AD80
C0E8EBF5
C0EA2AB0
C0EB69AD
C0ECA8E5
C0EDE851
C0EF27EE
C0F067B4
C0F1A7A1
C0F2E7AF
C0F427D9
C0F5681B
C0F6A873
C0F7E8DB
C0F92951
C0FA69D2
C0FBAA5A
C0FCEAE6
C0FE2B74
C0FF6C02
C1005646
C100F689
C10196C8
C1023703
C102D739
C1037769
C1041791
C104B7B3
C10557CD
C105F7DE
C10697E5
C10737E4
C107D7D9
C10877C3
C10917A3
C109B778
C10A5742
C10AF701
C10B96B5
C10C365D
C10CD5F9
C10D7589
C10E150E
C10EB487
C10F53F4
C10FF355
C11092AA
C11131F4
C111D132
C1127064
C1130F8A
C113AEA5
C1144DB5
C114ECB9
C1158BB2
C1162AA0
C116C984
C117685C
C118072A
C118A5ED
C11944A6
C119E355
C11A81FA
C11B2095
C11BBF27
C11C5DAF
C11CFC2E
C11D9AA4
C11E3911
C11ED775
C11F75D1
C1201424
C120B270
C12150B3
C121EEEE
C080E02D
C080F47E
C0810958
C0811EC0
C08134B9
C0814B46
C081626B
C0817A2C
C081928C
C081AB91
C081C53D
C081DF95
C081FA9D
C082165A
C08232CF
C0825001
C0826DF6
C0828CB0
C082AC36
C082CC8D
C082EDB8
C0830FBE
C08332A3
C083566D
C0837B22
C083A0C6
C083C75F
C083EEF4
C084178A
C0844127
C0846BD0
C084978E
C084C465
C084F25C
C085217A
C08551C5
C0858344
C085B5FF
C085E9FC
C0861F43
C08655DA
C0868DC9
C086C719
C08701D0
C0873DF6
C0877B93
C087BAB0
C087FB54
C0883D89
C0888155
C088C6C2
C0890DD9
C08956A1
C089A125
C089ED6D
C08A3B81
C08A8B6C
C08ADD37
C08B30EA
C08B8690
C08BDE31
C08C37D8
C08C938E
C08CF15C
C08D514D
C08DB36B
C08E17BE
C08E7E51
C08EE72E
C08F525F
C08FBFED
C0902FE3
C090A249
C091172A
C0918E90
C0920884
C092850F
C093043B
C0938611
C0940A9A
C09491E0
C0951BEA
C095A8C1
C096386E
C096CAF8
C0976068
C097F8C4
C0989414
C099325F
C099D3AB
C09A77FD
C09B1F5D
C09BC9CE
C09C7755
C09D27F7
C09DDBB8
C09E929A
C09F4CA0
C0A009CC
C0A0CA20
C0A18D9D
C0A25442
C0A31E10
C0A3EB05
C0A4BB20
C0A58E5E
C0A664BD
C0A73E37
C0A81ACA
C0A8FA70
C0A9DD23
C0AAC2DC
C0ABAB95
C0AC9746
C0AD85E6
C0AE776C
C0AF6BCE
C0B06303
C0B15CFE
C0B259B5
C0B3591C
C0B45B26
C0B55FC6
C0B666EE
C0B77092
C0B87CA2
C0B98B11
C0BA9BCF
C0BBAECD
C0BCC3FB
C0BDDB4B
C0BEF4AD
C0C01010
C0C12D65
C0C24C9B
C0C36DA4
C0C4906E
C0C5B4EB
C0C6DB09
C0C802BA
C0C92BED
C0CA5694
C0CB829E
C0CCAFFE
C0CDDEA4
C0CF0E81
C0D03F88
C0D171AA
C0D2A4DA
C0D3D90B
C0D50E2F
C0D64439
C0D77B1E
C0D8B2D1
C0D9EB47
C0DB2474
C0DC5E4E
C0DD98CA
C0DED3DE
C0E00F80
C0E14BA7
C0E28849
C0E3C55E
C0E502DE
C0E640C1
C0E77EFE
C0E8BD8F
C0E9FC6C
C0EB3B90
C0EC7AF3
C0EDBA8F
C0EEFA5F
C0F03A5E
C0F17A86
C0F2BAD2
C0F3FB3D
C0F53BC4
C0F67C62
C0F7BD13
C0F8FDD4
C0FA3EA1
C0FB7F77
C0FCC053
C0FE0131
C0FF4210
C1004177
C100E1E3
C101824C
C10222B1
C102C311
C103636B
C10403BE
C104A409
C105444D
C105E487
C10684B9
C10724E1
C107C4FE
C1086511
C109051A
C109A517
C10A4508
C10AE4EE
C10B84C8
C10C2496
C10CC458
C10D640D
C10E03B7
C10EA353
C10F42E4
C10FE268
C11081DF
C111214A
C111C0A9
C1125FFB
C112FF41
C1139E7C
C1143DAA
C114DCCC
C1157BE2
C1161AED
C116B9EC
C11758E0
C117F7C9
C11896A6
C1193579
C119D441
C11A72FE
C11B11B1
C11BB05A
C11C4EF9
C11CED8E
C11D8C1A
C11E2A9C
C11EC915
C11F6785
C12005EC
C120A44A
C12142A0
C121E0ED
C1227F32
C081D9C8
C081EE07
C08202CF
C0821825
C0822E0B
C0824485
C0825B98
C0827346
C0828B94
C082A485
C082BE1E
C082D863
C082F357
C0830F00
C0832B61
C0834880
C0836660
C0838507
C083A479
C083C4BB
C083E5D2
C08407C3
C0842A94
C0844E4A
C08472EA
C0849879
C084BEFE
C084E67E
C0850EFF
C0853887
C085631D
C0858EC5
C085BB88
C085E96B
C0861874
C08648AB
C0867A17
C086ACBE
C086E0A7
C08715DA
C0874C5E
C087843A
C087BD77
C087F81B
C088342F
C08871BB
C088B0C6
C088F159
C089337C
C0897738
C089BC96
C08A039D
C08A4C56
C08A96CC
C08AE305
C08B310D
C08B80EB
C08BD2AA
C08C2652
C08C7BED
C08CD385
C08D2D23
C08D88D0
C08DE698
C08E4682
C08EA89A
C08F0CE9
C08F737A
C08FDC54
C0904784
C090B512
C0912509
C0919772
C0920C58
C09283C3
C092FDBD
C0937A50
C093F986
C0947B67
C094FFFD
C0958751
C096116B
C0969E54
C0972E14
C097C0B3
C098563A
C098EEAF
C0998A1A
C09A2881
C09AC9EC
C09B6E5F
C09C15E1
C09CC077
C09D6E25
C09E1EF0
C09ED2DC
C09F89EC
C0A04421
C0A10180
C0A1C208
C0A285BB
C0A34C99
C0A416A2
C0A4E3D4
C0A5B42F
C0A687AE
C0A75E51
C0A83812
C0A914EE
C0A9F4DE
C0AAD7DE
C0ABBDE7
C0ACA6F2
C0AD92F6
C0AE81EC
C0AF73CA
C0B06887
C0B16017
C0B25A71
C0B35788
C0B45751
C0B559BE
C0B65EC4
C0B76654
C0B87061
C0B97CDB
C0BA8BB6
C0BB9CE1
C0BCB04E
C0BDC5ED
C0BEDDAE
C0BFF783
C0C11359
C0C23123
C0C350CF
C0C4724E
C0C59590
C0C6BA84
C0C7E11B
C0C90945
C0CA32F2
C0CB5E12
C0CC8A97
C0CDB871
C0CEE791
C0D017E9
C0D1496A
C0D27C07
C0D3AFB1
C0D4E45C
C0D619F9
C0D7507D
C0D887DA
C0D9C005
C0DAF8F3
C0DC3297
C0DD6CE7
C0DEA7D9
C0DFE361
C0E11F77
C0E25C10
C0E39924
C0E4D6AA
C0E6149A
C0E752EB
C0E89196
C0E9D093
C0EB0FDB
C0EC4F68
C0ED8F34
C0EECF37
C0F00F6D
C0F14FD0
C0F2905B
C0F3D109
C0F511D5
C0F652BA
C0F793B6
C0F8D4C3
C0FA15DE
C0FB5704
C0FC9831
C0FDD963
C0FF1A96
C1002DE4
C100CE7B
C1016F10
C1020FA0
C102B02B
C10350B1
C103F130
C10491A7
C1053216
C105D27C
C10672D9
C107132C
C107B374
C10853B2
C108F3E4
C109940B
C10A3426
C10AD435
C10B7437
C10C142D
C10CB416
C10D53F3
C10DF3C2
C10E9385
C10F333A
C10FD2E3
C110727E
C111120D
C111B18E
C1125103
C112F06A
C1138FC5
C1142F14
C114CE55
C1156D8B
C1160CB4
C116ABD0
C1174AE1
C117E9E6
C11888E0
C11927CE
C119C6B0
C11A6588
C11B0454
C11BA316
C11C41CD
C11CE079
C11D7F1C
C11E1DB4
C11EBC43
C11F5AC8
C11FF944
C12097B6
C1213620
C121D480
C12272D8
C1231128
C082D565
C082E992
C082FE49
C083138E
C0832962
C0833FCB
C08356CC
C0836E68
C08386A3
C0839F82
C083B909
C083D33B
C083EE1D
C08409B3
C0842601
C084430D
C08460DA
C0847F6D
C0849ECC
C084BEFA
C084DFFE
C08501DC
C0852499
C085483B
C0856CC7
C0859243
C085B8B5
C085E021
C086088E
C0863203
C0865C85
C086881A
C086B4C9
C086E298
C087118F
C08741B3
C087730B
C087A59F
C087D976
C0880E97
C0884508
C0887CD3
C088B5FE
C088F091
C0892C93
C0896A0E
C089A909
C089E98C
C08A2B9F
C08A6F4C
C08AB49A
C08AFB93
C08B443F
C08B8EA7
C08BDAD4
C08C28CF
C08C78A2
C08CCA56
C08D1DF4
C08D7386
C08DCB15
C08E24AB
C08E8052
C08EDE14
C08F3DF9
C08FA00D
C0900459
C0906AE7
C090D3C1
C0913EF1
C091AC81
C0921C7A
C0928EE7
C09303D1
C0937B43
C093F545
C09471E2
C094F122
C0957310
C095F7B4
C0967F17
C0970942
C097963E
C0982613
C098B8C9
C0994E68
C099E6F7
C09A827E
C09B2103
C09BC28D
C09C6723
C09D0EC9
C09DB984
C09E675B
C09F1851
C09FCC69
C0A083A7
C0A13E0E
C0A1FB9F
C0A2BC5D
C0A38047
C0A4475F
C0A511A4
C0A5DF15
C0A6AFB1
C0A78374
C0A85A5C
C0A93465
C0AA118A
C0AAF1C7
C0ABD516
C0ACBB70
C0ADA4CD
C0AE9127
C0AF8074
C0B072AC
C0B167C4
C0B25FB2
C0B35A6B
C0B457E4
C0B55810
C0B65AE3
C0B76050
C0B86849
C0B972C0
C0BA7FA7
C0BB8EEF
C0BCA08A
C0BDB467
C0BECA78
C0BFE2AD
C0C0FCF5
C0C21942
C0C33782
C0C457A6
C0C5799D
C0C69D58
C0C7C2C6
C0C8E9D7
C0CA127C
C0CB3CA4
C0CC6840
C0CD9541
C0CEC398
C0CFF334
C0D12409
C0D25607
C0D38920
C0D4BD46
C0D5F26D
C0D72886
C0D85F85
C0D9975D
C0DAD002
C0DC096A
C0DD4387
C0DE7E50
C0DFB9B9
C0E0F5B8
C0E23244
C0E36F52
C0E4ACDA
C0E5EAD3
C0E72935
C0E867F6
C0E9A711
C0EAE67C
C0EC2632
C0ED662B
C0EEA661
C0EFE6CE
C0F1276C
C0F26836
C0F3A926
C0F4EA37
C0F62B66
C0F76CAC
C0F8AE07
C0F9EF72
C0FB30EA
C0FC726B
C0FDB3F2
C0FEF57B
C1001B82
C100BC46
C1015D07
C101FDC4
C1029E7D
C1033F30
C103DFDC
C1048081
C105211D
C105C1B1
C106623A
C10702BA
C107A32F
C1084399
C108E3F8
C109844A
C10A2490
C10AC4CA
C10B64F7
C10C0517
C10CA529
C10D452E
C10DE526
C10E8510
C10F24ED
C10FC4BC
C110647D
C1110431
C111A3D7
C112436F
C112E2FA
C1138278
C11421E8
C114C14B
C11560A1
C115FFEA
C1169F26
C1173E56
C117DD79
C1187C90
C1191B9A
C119BA99
C11A598C
C11AF873
C11B974F
C11C3620
C11CD4E5
C11D73A0
C11E1250
C11EB0F6
C11F4F92
C11FEE24
C1208CAB
C1212B2A
C121C99F
C122680B
C123066E
C123A4C8
C083D2FA
C083E717
C083FBBE
C08410F1
C08426B5
C0843D0D
C08453FC
C0846B87
C08483B1
C0849C7F
C084B5F4
C084D014
C084EAE4
C0850668
C08522A4
C0853F9D
C0855D58
C0857BD9
C0859B26
C085BB42
C085DC33
C085FDFE
C08620A9
C0864438
C08668B1
C0868E1B
C086B479
C086DBD3
C087042E
C0872D90
C08757FF
C0878382
C087B01E
C087DDDB
C0880CBF
C0883CD1
C0886E18
C088A09A
C088D45F
C089096E
C0893FCF
C0897788
C089B0A2
C089EB25
C08A2718
C08A6483
C08AA36E
C08AE3E2
C08B25E7
C08B6985
C08BAEC6
C08BF5B1
C08C3E51
C08C88AC
C08CD4CE
C08D22BE
C08D7287
C08DC431
C08E17C6
C08E6D50
C08EC4D8
C08F1E67
C08F7A08
C08FD7C5
C09037A7
C09099B8
C090FE02
C091648F
C091CD69
C092389B
C092A62D
C093162A
C093889C
C093FD8D
C0947506
C094EF11
C0956BB9
C095EB05
C0966D00
C096F1B3
C0977927
C0980364
C0989074
C099205F
C099B32D
C09A48E5
C09AE18F
C09B7D33
C09C1BD8
C09CBD83
C09D623C
C09E0A07
C09EB4EA
C09F62EA
C0A0140B
C0A0C851
C0A17FBF
C0A23A58
C0A2F81E
C0A3B912
C0A47D36
C0A54489
C0A60F0B
C0A6DCBC
C0A7AD9A
C0A881A1
C0A958D0
C0AA3322
C0AB1093
C0ABF11D
C0ACD4BC
C0ADBB68
C0AEA51A
C0AF91CA
C0B08170
C0B17403
C0B26978
C0B361C5
C0B45CDF
C0B55ABB
C0B65B4C
C0B75E86
C0B8645C
C0B96CBF
C0BA77A2
C0BB84F7
C0BC94AF
C0BDA6BA
C0BEBB0A
C0BFD18E
C0C0EA38
C0C204F7
C0C321BA
C0C44073
C0C56110
C0C68381
C0C7A7B7
C0C8CDA1
C0C9F52E
C0CB1E50
C0CC48F5
C0CD750F
C0CEA28E
C0CFD163
C0D1017E
C0D232D1
C0D3654E
C0D498E5
C0D5CD8A
C0D7032E
C0D839C5
C0D97141
C0DAA997
C0DBE2B9
C0DD1C9C
C0DE5735
C0DF9278
C0E0CE5B
C0E20AD3
C0E347D7
C0E4855C
C0E5C35B
C0E701C9
C0E8409E
C0E97FD3
C0EABF5F
C0EBFF3C
C0ED3F61
C0EE7FC8
C0EFC06B
C0F10144
C0F2424C
C0F3837E
C0F4C4D6
C0F6064D
C0F747E0
C0F8898A
C0F9CB46
C0FB0D12
C0FC4EE8
C0FD90C6
C0FED2A8
C1000A46
C100AB37
C1014C26
C101ED12
C1028DF9
C1032EDB
C103CFB6
C104708A
C1051155
C105B218
C10652D1
C106F37F
C1079423
C10834BB
C108D548
C10975C8
C10A163B
C10AB6A2
C10B56FB
C10BF746
C10C9784
C10D37B4
C10DD7D6
C10E77EA
C10F17F0
C10FB7E7
C11057D0
C110F7AB
C1119778
C1123736
C112D6E6
C1137688
C114161C
C114B5A3
C115551B
C115F486
C11693E3
C1173333
C117D276
C11871AC
C11910D5
C119AFF1
C11A4F01
C11AEE05
C11B8CFC
C11C2BE8
C11CCAC8
C11D699D
C11E0866
C11EA725
C11F45D8
C11FE481
C1208320
C12121B5
C121C03F
C1225EC0
C122FD38
C1239BA6
C1243A0B
C084D27E
C084E68B
C084FB22
C0851046
C08525F9
C0853C41
C0855320
C0856A9A
C08582B4
C0859B71
C085B4D5
C085CEE4
C085E9A3
C0860516
C0862141
C0863E29
C0865BD2
C0867A42
C086997C
C086B987
C086DA66
C086FC20
C0871EB8
C0874236
C087669E
C0878BF5
C087B242
C087D98A
C08801D3
C0882B23
C0885581
C08880F2
C088AD7D
C088DB28
C08909FB
C08939FC
C0896B32
C0899DA3
C089D158
C08A0656
C08A3CA7
C08A7450
C08AAD5B
C08AE7CE
C08B23B2
C08B610E
C08B9FEB
C08BE051
C08C2248
C08C65DA
C08CAB0E
C08CF1ED
C08D3A81
C08D84D1
C08DD0E8
C08E1ECF
C08E6E8E
C08EC030
C08F13BD
C08F6940
C08FC0C1
C0901A4B
C09075E8
C090D3A1
C0913380
C091958F
C091F9D8
C0926066
C092C941
C0933475
C093A20B
C094120D
C0948485
C094F97E
C0957100
C095EB15
C09667C8
C096E722
C097692C
C097EDEF
C0987575
C098FFC6
C0998CEB
C09A1CEC
C09AAFD3
C09B45A5
C09BDE6C
C09C7A2F
C09D18F4
C09DBAC1
C09E5F9E
C09F0790
C09FB29B
C0A060C6
C0A11214
C0A1C688
C0A27E27
C0A338F4
C0A3F6EF
C0A4B81B
C0A57C79
C0A64408
C0A70ECA
C0A7DCBC
C0A8ADDC
C0A98229
C0AA59A0
C0AB343C
C0AC11FA
C0ACF2D3
C0ADD6C3
C0AEBDC2
C0AFA7CA
C0B094D2
C0B184D2
C0B277C1
C0B36D95
C0B46642
C0B561BF
C0B65FFF
C0B760F7
C0B86499
C0B96AD9
C0BA73A8
C0BB7EF9
C0BC8CBD
C0BD9CE6
C0BEAF63
C0BFC427
C0C0DB21
C0C1F441
C0C30F77
C0C42CB3
C0C54BE6
C0C66CFE
C0C78FEB
C0C8B49E
C0C9DB05
C0CB0311
C0CC2CB1
C0CD57D6
C0CE846F
C0CFB26E
C0D0E1C3
C0D2125F
C0D34432
C0D4772F
C0D5AB47
C0D6E06C
C0D81691
C0D94DA7
C0DA85A3
C0DBBE78
C0DCF818
C0DE3279
C0DF6D8F
C0E0A94F
C0E1E5AE
C0E322A1
C0E46020
C0E59E1F
C0E6DC95
C0E81B7B
C0E95AC7
C0EA9A71
C0EBDA71
C0ED1AC0
C0EE5B57
C0EF9C2F
C0F0DD41
C0F21E87
C0F35FFC
C0F4A199
C0F5E35B
C0F7253A
C0F86734
C0F9A943
C0FAEB63
C0FC2D90
C0FD6FC8
C0FEB205
C0FFF445
C1009B42
C1013C61
C101DD7C
C1027E94
C1031FA6
C103C0B2
C10461B6
C10502B3
C105A3A6
C1064490
C106E56F
C1078643
C108270C
C108C7C8
C1096878
C10A091A
C10AA9AF
C10B4A37
C10BEAB0
C10C8B1C
C10D2B78
C10DCBC7
C10E6C06
C10F0C37
C10FAC59
C1104C6C
C110EC70
C1118C65
C1122C4B
C112CC22
C1136BEB
C1140BA4
C114AB50
C1154AED
C115EA7B
C11689FB
C117296D
C117C8D2
C1186828
C1190772
C119A6AD
C11A45DC
C11AE4FE
C11B8413
C11C231B
C11CC217
C11D6107
C11DFFEB
C11E9EC4
C11F3D91
C11FDC53
C1207B0A
C12119B6
C121B857
C12256EF
C122F57C
C12393FF
C1243279
C124D0EA
C085D3E7
C085E7E6
C085FC6D
C0861182
C0862726
C0863D5E
C086542D
C0866B98
C08683A2
C0869C4F
C086B5A2
C086CFA1
C086EA50
C08705B2
C08721CD
C0873EA4
C0875C3D
C0877A9C
C08799C6
C087B9BF
C087DA8E
C087FC37
C0881EBF
C088422B
C0886682
C0888BC8
C088B204
C088D93B
C0890173
C0892AB3
C0895500
C0898060
C089ACDB
C089DA76
C08A0938
C08A3929
C08A6A4F
C08A9CB0
C08AD055
C08B0544
C08B3B86
C08B7320
C08BAC1C
C08BE681
C08C2257
C08C5FA5
C08C9E75
C08CDECE
C08D20B9
C08D643E
C08DA966
C08DF03B
C08E38C4
C08E830A
C08ECF18
C08F1CF6
C08F6CAD
C08FBE47
C09011CE
C090674A
C090BEC7
C091184C
C09173E5
C091D19C
C0923179
C0929387
C092F7D1
C0935E60
C093C73E
C0943275
C094A010
C0951018
C0958298
C095F799
C0966F25
C096E945
C0976605
C097E56D
C0986787
C098EC5B
C09973F4
C099FE5A
C09A8B95
C09B1BAF
C09BAEAF
C09C449D
C09CDD82
C09D7964
C09E184A
C09EBA3B
C09F5F3D
C0A00756
C0A0B28B
C0A160E1
C0A2125D
C0A2C702
C0A37ED3
C0A439D4
C0A4F806
C0A5B96B
C0A67E04
C0A745D1
C0A810D2
C0A8DF06
C0A9B06B
C0AA84FF
C0AB5CBF
C0AC37A7
C0AD15B2
C0ADF6DB
C0AEDB1E
C0AFC272
C0B0ACD0
C0B19A32
C0B28A8D
C0B37DD9
C0B4740C
C0B56D1B
C0B668FC
C0B767A2
C0B86902
C0B96D0D
C0BA73B8
C0BB7CF5
C0BC88B5
C0BD96EA
C0BEA785
C0BFBA76
C0C0CFAF
C0C1E720
C0C300B8
C0C41C67
C0C53A1E
C0C659CC
C0C77B61
C0C89ECC
C0C9C3FD
C0CAEAE3
C0CC136F
C0CD3D8F
C0CE6935
C0CF9650
C0D0C4D1
C0D1F4A8
C0D325C6
C0D4581C
C0D58B9B
C0D6C036
C0D7F5DD
C0D92C84
C0DA641C
C0DB9C99
C0DCD5EF
C0DE1010
C0DF4AF2
C0E08687
C0E1C2C6
C0E2FFA3
C0E43D13
C0E57B0E
C0E6B988
C0E7F87A
C0E937D9
C0EA779D
C0EBB7BF
C0ECF835
C0EE38FA
C0EF7A04
C0F0BB4F
C0F1FCD2
C0F33E88
C0F4806C
C0F5C276
C0F704A3
C0F846ED
C0F98950
C0FACBC6
C0FC0E4C
C0FD50DE
C0FE9378
C0FFD616
C1008C5B
C1012DAA
C101CEF7
C1027040
C1031184
C103B2C2
C10453F9
C104F528
C105964E
C106376B
C106D87C
C1077983
C1081A7D
C108BB6B
C1095C4D
C109FD20
C10A9DE6
C10B3E9E
C10BDF48
C10C7FE2
C10D206E
C10DC0EB
C10E6158
C10F01B6
C10FA204
C1104243
C110E272
C1118292
C11222A2
C112C2A2
C1136293
C1140275
C114A247
C115420A
C115E1BE
C1168163
C11720FA
C117C081
C1185FFB
C118FF66
C1199EC3
C11A3E12
C11ADD53
C11B7C87
C11C1BAE
C11CBAC8
C11D59D5
C11DF8D5
C11E97C9
C11F36B1
C11FD58E
C120745E
C1211323
C121B1DD
C122508C
C122EF31
C1238DCB
C1242C5A
C124CAE0
C125695C
C086D72C
C086EB1C
C086FF95
C087149B
C0872A31
C087405A
C087571A
C0876E76
C0878670
C0879F0E
C087B852
C087D242
C087ECE1
C0880834
C088243F
C0884106
C0885E8F
C0887CDE
C0889BF8
C088BBE2
C088DCA0
C088FE39
C08920B0
C089440D
C0896853
C0898D8A
C089B3B6
C089DADD
C08A0305
C08A2C34
C08A5671
C08A81C2
C08AAE2D
C08ADBB9
C08B0A6C
C08B3A4D
C08B6B64
C08B9DB7
C08BD14D
C08C062E
C08C3C61
C08C73ED
C08CACDB
C08CE733
C08D22FB
C08D603D
C08D9F01
C08DDF4E
C08E212D
C08E64A7
C08EA9C5
C08EF08F
C08F390F
C08F834C
C08FCF52
C0901D28
C0906CD8
C090BE6C
C09111EC
C0916764
C091BEDC
C092185F
C09273F5
C092D1AA
C0933187
C0939395
C093F7E0
C0945E72
C094C753
C095328F
C095A030
C096103F
C09682C7
C096F7D1
C0976F68
C097E996
C0986663
C098E5DA
C0996805
C099ECEC
C09A7498
C09AFF14
C09B8C67
C09C1C99
C09CAFB4
C09D45C0
C09DDEC3
C09E7AC5
C09F19CE
C09FBBE3
C0A0610C
C0A1094D
C0A1B4AD
C0A26330
C0A314DA
C0A3C9B0
C0A481B5
C0A53CEB
C0A5FB54
C0A6BCF3
C0A781C9
C0A849D4
C0A91516
C0A9E38E
C0AAB538
C0AB8A14
C0AC621E
C0AD3D53
C0AE1BAD
C0AEFD28
C0AFE1BD
C0B0C967
C0B1B41E
C0B2A1D9
C0B39291
C0B4863C
C0B57CD0
C0B67642
C0B77288
C0B87195
C0B9735D
C0BA77D4
C0BB7EEC
C0BC8897
C0BD94C7
C0BEA36E
C0BFB47D
C0C0C7E4
C0C1DD93
C0C2F57C
C0C40F8D
C0C52BB8
C0C649EB
C0C76A16
C0C88C29
C0C9B013
C0CAD5C4
C0CBFD2B
C0CD2638
C0CE50DB
C0CF7D04
C0D0AAA2
C0D1D9A6
C0D30A01
C0D43BA3
C0D56E7D
C0D6A281
C0D7D7A0
C0D90DCB
C0DA44F6
C0DB7D13
C0DCB613
C0DDEFEC
C0DF2A90
C0E065F3
C0E1A20B
C0E2DECA
C0E41C27
C0E55A17
C0E69890
C0E7D789
C0E916F7
C0EA56D2
C0EB9711
C0ECD7AC
C0EE189B
C0EF59D6
C0F09B57
C0F1DD16
C0F31F0D
C0F46135
C0F5A38A
C0F6E604
C0F8289F
C0F96B55
C0FAAE23
C0FBF102
C0FD33F1
C0FE76E9
C0FFB9E8
C1007E75
C1011FF6
C101C175
C10262F1
C1030469
C103A5DA
C1044746
C104E8A9
C1058A03
C1062B54
C106CC9A
C1076DD5
C1080F03
C108B025
C109513A
C109F241
C10A933A
C10B3424
C10BD500
C10C75CC
C10D1689
C10DB736
C10E57D3
C10EF860
C10F98DD
C110394A
C110D9A6
C11179F3
C1121A2F
C112BA5A
C1135A76
C113FA81
C1149A7D
C1153A68
C115DA43
C1167A0F
C11719CC
C117B979
C1185917
C118F8A5
C1199825
C11A3797
C11AD6FA
C11B764F
C11C1596
C11CB4CF
C11D53FA
C11DF319
C11E922A
C11F312F
C11FD027
C1206F13
C1210DF2
C121ACC6
C1224B8E
C122EA4B
C12388FD
C12427A4
C124C641
C12564D3
C126035B
C087DC42
C087F025
C0880490
C0881988
C0882F0F
C088452B
C0885BDD
C088732A
C0888B16
C088A3A5
C088BCDB
C088D6BC
C088F14C
C0890C90
C089288B
C0894544
C08962BE
C08980FE
C089A008
C089BFE3
C089E092
C08A021B
C08A2484
C08A47D1
C08A6C08
C08A912F
C08AB74C
C08ADE64
C08B067D
C08B2F9D
C08B59CB
C08B850D
C08BB169
C08BDEE6
C08C0D8B
C08C3D5E
C08C6E66
C08CA0AB
C08CD434
C08D0907
C08D3F2D
C08D76AC
C08DAF8E
C08DE9D9
C08E2595
C08E62CB
C08EA183
C08EE1C5
C08F239A
C08F670A
C08FAC1E
C08FF2DF
C0903B56
C090858C
C090D18A
C0911F59
C0916F03
C091C091
C092140E
C0926981
C092C0F6
C0931A76
C093760B
C093D3C0
C094339D
C09495AD
C094F9FA
C095608F
C095C975
C09634B7
C096A25E
C0971276
C0978507
C097FA1C
C09871BF
C098EBFA
C09968D6
C099E85D
C09A6A9A
C09AEF94
C09B7756
C09C01E8
C09C8F53
C09D1FA0
C09DB2D7
C09E4900
C09EE222
C09F7E46
C0A01D72
C0A0BFAD
C0A164FD
C0A20D68
C0A2B8F3
C0A367A4
C0A4197E
C0A4CE86
C0A586BF
C0A6422B
C0A700CE
C0A7C2A8
C0A887BA
C0A95006
C0AA1B8A
C0AAEA45
C0ABBC36
C0AC915B
C0AD69B0
C0AE4532
C0AF23DC
C0B005A9
C0B0EA94
C0B1D294
C0B2BDA4
C0B3ABBB
C0B49CD0
C0B590DB
C0B687D1
C0B781A7
C0B87E53
C0B97DC8
C0BA7FFB
C0BB84DE
C0BC8C64
C0BD967F
C0BEA321
C0BFB23B
C0C0C3BE
C0C1D79C
C0C2EDC4
C0C40626
C0C520B2
C0C63D59
C0C75C0A
C0C87CB3
C0C99F46
C0CAC3B1
C0CBE9E3
C0CD11CD
C0CE3B5D
C0CF6684
C0D09331
C0D1C154
C0D2F0DD
C0D421BE
C0D553E6
C0D68746
C0D7BBD0
C0D8F175
C0DA2827
C0DB5FD8
C0DC987A
C0DDD200
C0DF0C5E
C0E04786
C0E1836E
C0E2C009
C0E3FD4B
C0E53B2B
C0E6799C
C0E7B896
C0E8F80E
C0EA37FB
C0EB7854
C0ECB910
C0EDFA27
C0EF3B90
C0F07D45
C0F1BF3E
C0F30174
C0F443E0
C0F5867D
C0F6C944
C0F80C30
C0F94F3B
C0FA9260
C0FBD59B
C0FD18E7
C0FE5C3F
C0FF9FA0
C1007183
C1011337
C101B4EA
C102569A
C102F846
C10399EE
C1043B8E
C104DD27
C1057EB8
C106203F
C106C1BB
C107632B
C1080490
C108A5E8
C1094732
C109E86F
C10A899D
C10B2ABB
C10BCBCB
C10C6CCB
C10D0DBB
C10DAE9A
C10E4F6A
C10EF028
C10F90D6
C1103173
C110D1FF
C111727A
C11212E4
C112B33D
C1135386
C113F3BD
C11493E3
C11533F9
C115D3FE
C11673F3
C11713D8
C117B3AC
C1185370
C118F325
C11992CA
C11A325F
C11AD1E6
C11B715D
C11C10C6
C11CB020
C11D4F6D
C11DEEAB
C11E8DDB
C11F2CFE
C11FCC13
C1206B1C
C1210A17
C121A907
C12247EA
C122E6C1
C123858C
C124244C
C124C300
C12561AA
C1260049
C1269EDD
C088E320
C088F6F5
C0890B54
C089203E
C08935B8
C0894BC6
C089626A
C08979AA
C0899188
C089AA09
C089C331
C089DD04
C089F786
C08A12BB
C08A2EA9
C08A4B53
C08A68BF
C08A86F0
C08AA5EC
C08AC5B8
C08AE659
C08B07D4
C08B2A2E
C08B4D6C
C08B7195
C08B96AE
C08BBCBC
C08BE3C5
C08C0BD0
C08C34E3
C08C5F02
C08C8A36
C08CB685
C08CE3F4
C08D128B
C08D4250
C08D734B
C08DA583
C08DD8FF
C08E0DC5
C08E43DF
C08E7B52
C08EB428
C08EEE67
C08F2A18
C08F6744
C08FA5F1
C08FE629
C09027F4
C0906B5B
C090B067
C090F720
C0913F8F
C09189BE
C091D5B5
C092237F
C0927323
C092C4AD
C0931826
C0936D96
C093C509
C0941E88
C0947A1D
C094D7D1
C09537B0
C09599C2
C095FE13
C09664AC
C096CD98
C09738E0
C097A68F
C09816B0
C098894B
C098FE6C
C099761C
C099F065
C09A6D51
C09AECEA
C09B6F39
C09BF447
C09C7C1F
C09D06C9
C09D944D
C09E24B5
C09EB809
C09F4E51
C09FE794
C0A083DA
C0A1232B
C0A1C58C
C0A26B04
C0A3139A
C0A3BF51
C0A46E31
C0A5203C
C0A5D576
C0A68DE4
C0A74988
C0A80864
C0A8CA7A
C0A98FCB
C0AA5857
C0AB241D
C0ABF31E
C0ACC557
C0AD9AC5
C0AE7367
C0AF4F37
C0B02E32
C0B11053
C0B1F592
C0B2DDEB
C0B3C955
C0B4B7C8
C0B5A93C
C0B69DA7
C0B79500
C0B88F3C
C0B98C4F
C0BA8C2D
C0BB8ECB
C0BC941B
C0BD9C10
C0BEA69C
C0BFB3B1
C0C0C340
C0C1D53A
C0C2E98F
C0C40030
C0C5190D
C0C63416
C0C7513B
C0C8706A
C0C99194
C0CAB4A7
C0CBD994
C0CD004A
C0CE28B7
C0CF52CC
C0D07E79
C0D1ABAC
C0D2DA55
C0D40A66
C0D53BCE
C0D66E7D
C0D7A265
C0D8D777
C0DA0DA4
C0DB44DE
C0DC7D16
C0DDB640
C0DEF04E
C0E02B33
C0E166E2
C0E2A350
C0E3E070
C0E51E38
C0E65C9B
C0E79B90
C0E8DB0D
C0EA1B07
C0EB5B75
C0EC9C4D
C0EDDD88
C0EF1F1D
C0F06103
C0F1A334
C0F2E5A7
C0F42856
C0F56B3B
C0F6AE4E
C0F7F18A
C0F934E9
C0FA7867
C0FBBBFD
C0FCFFA7
C0FE4360
C0FF8725
C1006578
C1010760
C101A948
C1024B2D
C102ED10
C1038EEE
C10430C6
C104D296
C105745E
C106161D
C106B7D1
C107597A
C107FB17
C1089CA6
C1093E28
C109DF9C
C10A8101
C10B2256
C10BC39C
C10C64D2
C10D05F7
C10DA70B
C10E480F
C10EE901
C10F89E2
C1102AB1
C110CB6F
C1116C1B
C1120CB6
C112AD3E
C1134DB5
C113EE1B
C1148E6F
C1152EB1
C115CEE2
C1166F02
C1170F10
C117AF0E
C1184EFB
C118EED7
C1198EA3
C11A2E5F
C11ACE0B
C11B6DA7
C11C0D34
C11CACB1
C11D4C1F
C11DEB7F
C11E8AD0
C11F2A13
C11FC947
C120686E
C1210788
C121A694
C1224593
C122E486
C123836C
C1242246
C124C114
C1255FD7
C125FE8E
C1269D3A
C1273BDB
C089EBBA
C089FF83
C08A13D5
C08A28B3
C08A3E20
C08A5421
C08A6AB9
C08A81EB
C08A99BC
C08AB230
C08ACB4A
C08AE510
C08AFF84
C08B1AAD
C08B368D
C08B5329
C08B7087
C08B8EAB
C08BAD99
C08BCD57
C08BEDEA
C08C0F57
C08C31A4
C08C54D5
C08C78F0
C08C9DFB
C08CC3FB
C08CEAF7
C08D12F4
C08D3BF9
C08D660C
C08D9132
C08DBD74
C08DEAD6
C08E1960
C08E4919
C08E7A08
C08EAC33
C08EDFA3
C08F145D
C08F4A6B
C08F81D3
C08FBA9E
C08FF4D3
C090307A
C0906D9B
C090AC3F
C090EC6E
C0912E31
C091718F
C091B693
C091FD45
C09245AD
C0928FD6
C092DBC8
C093298C
C093792D
C093CAB3
C0941E29
C0947397
C094CB09
C0952487
C095801C
C095DDD2
C0963DB3
C0969FC9
C097041E
C0976ABC
C097D3AF
C0983EFE
C098ACB6
C0991CE1
C0998F87
C09A04B5
C09A7C73
C09AF6CB
C09B73C8
C09BF373
C09C75D5
C09CFAF9
C09D82E8
C09E0DAA
C09E9B49
C09F2BCD
C09FBF3E
C0A055A5
C0A0EF0A
C0A18B74
C0A22AE9
C0A2CD72
C0A37313
C0A41BD4
C0A4C7B9
C0A576C8
C0A62905
C0A6DE73
C0A79717
C0A852F3
C0A9120A
C0A9D45C
C0AA99EC
C0AB62B9
C0AC2EC4
C0ACFE0B
C0ADD08C
C0AEA645
C0AF7F34
C0B05B53
C0B13AA0
C0B21D14
C0B302AB
C0B3EB5C
C0B4D721
C0B5C5F1
C0B6B7C5
C0B7AC92
C0B8A44F
C0B99EF0
C0BA9C6C
C0BB9CB5
C0BC9FBF
C0BDA57D
C0BEADE3
C0BFB8E1
C0C0C66A
C0C1D66E
C0C2E8DF
C0C3FDAE
C0C514CA
C0C62E23
C0C749A9
C0C8674C
C0C986FC
C0CAA8A7
C0CBCC3D
C0CCF1AE
C0CE18E8
C0CF41DB
C0D06C76
C0D198A9
C0D2C663
C0D3F595
C0D5262E
C0D6581F
C0D78B58
C0D8BFCA
C0D9F565
C0DB2C1C
C0DC63DF
C0DD9CA2
C0DED655
C0E010EC
C0E14C59
C0E28891
C0E3C587
C0E5032F
C0E6417D
C0E78067
C0E8BFE2
C0E9FFE3
C0EB4061
C0EC8152
C0EDC2AD
C0EF0469
C0F0467D
C0F188E2
C0F2CB91
C0F40E80
C0F551AB
C0F69509
C0F7D895
C0F91C48
C0FA601E
C0FBA40F
C0FCE818
C0FE2C34
C0FF705D
C1005A48
C100FC65
C1019E82
C102409F
C102E2B8
C10384CE
C10426DF
C104C8E8
C1056AEA
C1060CE2
C106AED0
C10750B2
C107F289
C1089452
C109360D
C109D7BA
C10A7958
C10B1AE7
C10BBC65
C10C5DD3
C10CFF30
C10DA07B
C10E41B5
C10EE2DD
C10F83F3
C11024F7
C110C5E9
C11166C8
C1120795
C112A850
C11348F8
C113E98E
C1148A11
C1152A82
C115CAE1
C1166B2E
C1170B69
C117AB92
C1184BAA
C118EBB0
C1198BA5
C11A2B89
C11ACB5D
C11B6B1F
C11C0AD2
C11CAA74
C11D4A06
C11DE989
C11E88FD
C11F2861
C11FC7B7
C12066FE
C1210637
C121A562
C1224480
C122E38F
C1238292
C1242188
C124C071
C1255F4E
C125FE1F
C1269CE4
C1273B9D
C127DA4B
C08AF608
C08B09C5
C08B1E0B
C08B32DC
C08B483E
C08B5E32
C08B74BD
C08B8BE3
C08BA3A8
C08BBC0F
C08BD51D
C08BEED6
C08C093D
C08C2459
C08C402C
C08C5CBB
C08C7A0C
C08C9823
C08CB704
C08CD6B6
C08CF73C
C08D189C
C08D3ADB
C08D5DFF
C08D820D
C08DA70B
C08DCCFF
C08DF3EE
C08E1BDE
C08E44D6
C08E6EDC
C08E99F7
C08EC62C
C08EF382
C08F2200
C08F51AD
C08F8290
C08FB4B0
C08FE814
C0901CC4
C09052C7
C0908A25
C090C2E6
C090FD11
C09138AE
C09175C6
C091B462
C091F488
C0923643
C092799A
C092BE97
C0930543
C0934DA5
C09397C9
C093E3B6
C0943176
C0948114
C094D297
C095260B
C0957B79
C095D2EA
C0962C69
C09687FF
C096E5B7
C097459B
C097A7B5
C0980C0F
C09872B4
C098DBAD
C0994706
C099B4C7
C09A24FD
C09A97AF
C09B0CEA
C09B84B7
C09BFF1F
C09C7C2E
C09CFBEC
C09D7E63
C09E039D
C09E8BA3
C09F167F
C09FA439
C0A034D9
C0A0C869
C0A15EF1
C0A1F878
C0A29506
C0A334A1
C0A3D752
C0A47D1D
C0A5260A
C0A5D21E
C0A6815C
C0A733CC
C0A7E96F
C0A8A24A
C0A95E5F
C0AA1DB1
C0AAE041
C0ABA610
C0AC6F20
C0AD3B6F
C0AE0AFC
C0AEDDC7
C0AFB3CB
C0B08D08
C0B16978
C0B24917
C0B32BE0
C0B411CE
C0B4FAD9
C0B5E6F9
C0B6D628
C0B7C85C
C0B8BD8C
C0B9B5AE
C0BAB0B6
C0BBAE9B
C0BCAF4F
C0BDB2C6
C0BEB8F4
C0BFC1CB
C0C0CD3C
C0C1DB3A
C0C2EBB5
C0C3FE9F
C0C513E7
C0C62B7F
C0C74555
C0C8615B
C0C97F7E
C0CA9FAF
C0CBC1DD
C0CCE5F7
C0CE0BEC
C0CF33AC
C0D05D25
C0D18848
C0D2B504
C0D3E347
C0D51303
C0D64426
C0D776A1
C0D8AA65
C0D9DF62
C0DB1589
C0DC4CCB
C0DD851A
C0DEBE67
C0DFF8A6
C0E133C8
C0E26FC0
C0E3AC82
C0E4EA02
C0E62833
C0E7670A
C0E8A67C
C0E9E67F
C0EB2707
C0EC680A
C0EDA980
C0EEEB5F
C0F02D9E
C0F17035
C0F2B31B
C0F3F649
C0F539B7
C0F67D5F
C0F7C139
C0F90540
C0FA496D
C0FB8DBA
C0FCD222
C0FE16A1
C0FF5B30
C1004FE6
C100F238
C101948C
C10236E0
C102D932
C1037B81
C1041DCC
C104C010
C105624C
C106047F
C106A6A8
C10748C6
C107EAD8
C1088CDD
C1092ED4
C109D0BD
C10A7296
C10B145F
C10BB618
C10C57C0
C10CF956
C10D9ADB
C10E3C4E
C10EDDAE
C10F7EFC
C1102037
C110C15F
C1116274
C1120376
C112A465
C1134540
C113E608
C11486BE
C1152760
C115C7EF
C116686B
C11708D5
C117A92C
C1184970
C118E9A3
C11989C3
C11A29D1
C11AC9CE
C11B69BA
C11C0994
C11CA95D
C11D4916
C11DE8BE
C11E8856
C11F27DE
C11FC757
C12066C0
C121061A
C121A566
C12244A3
C122E3D1
C12382F2
C1242205
C124C10B
C1256004
C125FEF0
C1269DD0
C1273CA3
C127DB6B
C1287A27
C08C01FD
C08C15AF
C08C29EA
C08C3EB0
C08C5405
C08C69EE
C08C806E
C08C9788
C08CAF41
C08CC79C
C08CE09E
C08CFA4A
C08D14A6
C08D2FB5
C08D4B7C
C08D67FF
C08D8544
C08DA34E
C08DC223
C08DE1C8
C08E0242
C08E2395
C08E45C8
C08E68E0
C08E8CE2
C08EB1D4
C08ED7BB
C08EFE9E
C08F2683
C08F4F6F
C08F7969
C08FA478
C08FD0A1
C08FFDEC
C0902C5F
C0905C01
C0908CD9
C090BEEF
C090F248
C09126EE
C0915CE7
C091943C
C091CCF3
C0920715
C09242AA
C0927FBA
C092BE4D
C092FE6D
C0934020
C0938371
C093C868
C0940F0E
C094576B
C094A18A
C094ED74
C0953B31
C0958ACC
C095DC4E
C0962FC1
C096852E
C096DC9F
C0973620
C09791B8
C097EF73
C0984F5B
C098B17A
C09915DB
C0997C86
C099E588
C09A50EA
C09ABEB6
C09B2EF7
C09BA1B7
C09C16FF
C09C8EDC
C09D0955
C09D8676
C09E0648
C09E88D4
C09F0E26
C09F9644
C0A0213A
C0A0AF10
C0A13FCE
C0A1D37D
C0A26A26
C0A303D0
C0A3A083
C0A44045
C0A4E31E
C0A58915
C0A6322E
C0A6DE71
C0A78DE1
C0A84083
C0A8F65B
C0A9AF6E
C0AA6BBD
C0AB2B4B
C0ABEE19
C0ACB429
C0AD7D7C
C0AE4A10
C0AF19E5
C0AFECF9
C0B0C34A
C0B19CD5
C0B27996
C0B35989
C0B43CA8
C0B522ED
C0B60C52
C0B6F8D0
C0B7E85D
C0B8DAF3
C0B9D086
C0BAC90D
C0BBC47E
C0BCC2CC
C0BDC3ED
C0BEC7D2
C0BFCE70
C0C0D7B9
C0C1E39E
C0C2F212
C0C40305
C0C51668
C0C62C2C
C0C74440
C0C85E95
C0C97B1A
C0CA99BF
C0CBBA72
C0CCDD24
C0CE01C3
C0CF283E
C0D05085
C0D17A87
C0D2A632
C0D3D378
C0D50246
C0D6328C
C0D7643B
C0D89742
C0D9CB93
C0DB011C
C0DC37D0
C0DD6F9F
C0DEA87B
C0DFE255
C0E11D21
C0E258CF
C0E39554
C0E4D2A3
C0E610AE
C0E74F6B
C0E88ECD
C0E9CEC9
C0EB0F55
C0EC5065
C0ED91F1
C0EED3EE
C0F01653
C0F15917
C0F29C32
C0F3DF9B
C0F5234B
C0F6673A
C0F7AB61
C0F8EFB9
C0FA343D
C0FB78E5
C0FCBDAD
C0FE028E
C0FF4783
C1004644
C100E8CC
C1018B57
C1022DE4
C102D070
C10372F9
C104157F
C104B7FE
C1055A77
C105FCE7
C1069F4D
C10741A9
C107E3F8
C108863A
C109286F
C109CA95
C10A6CAB
C10B0EB1
C10BB0A7
C10C528B
C10CF45E
C10D961E
C10E37CC
C10ED966
C10F7AEE
C1101C62
C110BDC3
C1115F10
C1120049
C112A16E
C1134280
C113E37D
C1148466
C115253C
C115C5FE
C11666AC
C1170746
C117A7CD
C1184841
C118E8A1
C11988EF
C11A292A
C11AC953
C11B6969
C11C096D
C11CA95F
C11D4940
C11DE910
C11E88CE
C11F287C
C11FC819
C12067A7
C1210724
C121A692
C12245F0
C122E540
C1238481
C12423B3
C124C2D7
C12561EE
C12600F7
C1269FF3
C1273EE1
C127DDC4
C1287C99
C1291B63
C08D0F91
C08D2338
C08D3768
C08D4C23
C08D616E
C08D774B
C08D8DC0
C08DA4CE
C08DBC7C
C08DD4CC
C08DEDC2
C08E0763
C08E21B3
C08E3CB7
C08E5872
C08E74EA
C08E9223
C08EB021
C08ECEEB
C08EEE84
C08F0EF2
C08F303A
C08F5261
C08F756D
C08F9964
C08FBE4A
C08FE426
C0900AFE
C09032D7
C0905BB8
C09085A7
C090B0AB
C090DCCA
C0910A0A
C0913872
C091680A
C09198D8
C091CAE4
C091FE34
C09232D0
C09268C0
C092A00C
C092D8BA
C09312D4
C0934E61
C0938B6A
C093C9F6
C0940A0F
C0944BBC
C0948F08
C094D3F9
C0951A9A
C09562F4
C095AD0F
C095F8F6
C09646B1
C096964A
C096E7CB
C0973B3D
C09790AB
C097E81E
C09841A0
C0989D3C
C098FAFB
C0995AE8
C099BD0D
C09A2174
C09A8827
C09AF132
C09B5C9E
C09BCA75
C09C3AC2
C09CAD90
C09D22E8
C09D9AD5
C09E1560
C09E9294
C09F127A
C09F951D
C0A01A86
C0A0A2BE
C0A12DCF
C0A1BBC1
C0A24C9D
C0A2E06D
C0A37737
C0A41105
C0A4ADDD
C0A54DC7
C0A5F0CA
C0A696EC
C0A74033
C0A7ECA5
C0A89C47
C0A94F1D
C0AA052B
C0AABE76
C0AB7AFF
C0AC3ACA
C0ACFDD7
C0ADC429
C0AE8DBF
C0AF5A99
C0B02AB6
C0B0FE15
C0B1D4B3
C0B2AE8D
C0B38BA0
C0B46BE6
C0B54F5C
C0B635FA
C0B71FBA
C0B80C95
C0B8FC82
C0B9EF79
C0BAE571
C0BBDE5F
C0BCDA38
C0BDD8F1
C0BEDA7E
C0BFDED3
C0C0E5E2
C0C1EF9D
C0C2FBF8
C0C40AE2
C0C51C4E
C0C6302B
C0C7466B
C0C85EFD
C0C979D1
C0CA96D7
C0CBB5FE
C0CCD735
C0CDFA6C
C0CF1F91
C0D04693
C0D16F63
C0D299EE
C0D3C624
C0D4F3F4
C0D6234E
C0D75420
C0D8865C
C0D9B9F1
C0DAEECF
C0DC24E7
C0DD5C29
C0DE9487
C0DFCDF1
C0E1085B
C0E243B5
C0E37FF2
C0E4BD05
C0E5FAE1
C0E7397A
C0E878C4
C0E9B8B2
C0EAF93A
C0EC3A51
C0ED7BEC
C0EEBE02
C0F00088
C0F14375
C0F286C0
C0F3CA61
C0F50E4F
C0F65283
C0F796F4
C0F8DB9D
C0FA2076
C0FB6578
C0FCAA9E
C0FDEFE2
C0FF353E
C1003D56
C100E015
C10182D8
C102259E
C102C864
C1036B29
C1040DEB
C104B0A7
C105535D
C105F60B
C10698B0
C1073B4B
C107DDD9
C108805B
C10922CF
C109C534
C10A6789
C10B09CF
C10BAC03
C10C4E26
C10CF036
C10D9234
C10E3420
C10ED5F7
C10F77BB
C110196B
C110BB07
C1115C8E
C111FE01
C1129F5F
C11340A8
C113E1DD
C11482FD
C1152408
C115C4FF
C11665E1
C11706AF
C117A768
C118480E
C118E89F
C119891C
C11A2986
C11AC9DC
C11B6A20
C11C0A50
C11CAA6D
C11D4A79
C11DEA72
C11E8A59
C11F2A2E
C11FC9F3
C12069A6
C1210948
C121A8DA
C122485C
C122E7CE
C1238731
C1242684
C124C5C9
C12564FF
C1260426
C126A340
C127424C
C127E14A
C128803C
C1291F20
C129BDF9
C08E1EB8
C08E3255
C08E467A
C08E5B2B
C08E706B
C08E863E
C08E9CA8
C08EB3AC
C08ECB4F
C08EE394
C08EFC7F
C08F1616
C08F305B
C08F4B53
C08F6704
C08F8370
C08FA09E
C08FBE92
C08FDD50
C08FFCDE
C0901D41
C0903E7E
C090609A
C090839C
C090A787
C090CC63
C090F234
C0911901
C09140D0
C09169A6
C091938B
C091BE85
C091EA99
C09217CF
C092462E
C09275BC
C092A681
C092D884
C0930BCB
C093405F
C0937646
C093AD8A
C093E631
C0942043
C0945BC9
C09498CB
C094D751
C0951764
C095590C
C0959C52
C095E13F
C09627DC
C0967033
C096BA4B
C0970630
C09753E9
C097A381
C097F502
C0984875
C0989DE4
C098F559
C0994EDE
C099AA7E
C09A0841
C09A6834
C09ACA5F
C09B2ECE
C09B958A
C09BFE9F
C09C6A15
C09CD7F9
C09D4853
C09DBB2F
C09E3097
C09EA895
C09F2333
C09FA07A
C0A02076
C0A0A330
C0A128B1
C0A1B103
C0A23C2F
C0A2CA3F
C0A35B3A
C0A3EF2B
C0A48618
C0A5200A
C0A5BD08
C0A65D1B
C0A70047
C0A7A696
C0A8500B
C0A8FCAD
C0A9AC81
C0AA5F8C
C0AB15D1
C0ABCF54
C0AC8C19
C0AD4C20
C0AE0F6D
C0AED601
C0AF9FDB
C0B06CFB
C0B13D61
C0B2110B
C0B2E7F7
C0B3C221
C0B49F86
C0B58021
C0B663ED
C0B74AE5
C0B83500
C0B92239
C0BA1287
C0BB05E1
C0BBFC3D
C0BCF592
C0BDF1D4
C0BEF0F9
C0BFF2F4
C0C0F7B8
C0C1FF39
C0C30968
C0C41638
C0C5259A
C0C6377F
C0C74BD8
C0C86295
C0C97BA6
C0CA96FA
C0CBB482
C0CCD42C
C0CDF5E7
C0CF19A4
C0D03F50
C0D166DB
C0D29034
C0D3BB49
C0D4E80B
C0D61667
C0D7464E
C0D877AE
C0D9AA78
C0DADE9C
C0DC1409
C0DD4AB1
C0DE8283
C0DFBB70
C0E0F56B
C0E23065
C0E36C4F
C0E4A91C
C0E5E6BF
C0E7252B
C0E86453
C0E9A42B
C0EAE4A8
C0EC25BE
C0ED6762
C0EEA98A
C0EFEC2B
C0F12F3C
C0F272B3
C0F3B687
C0F4FAB0
C0F63F25
C0F783DF
C0F8C8D5
C0FA0E01
C0FB535D
C0FC98E0
C0FDDE86
C0FF2448
C1003510
C100D806
C1017B01
C1021E01
C102C102
C1036403
C1040702
C104A9FC
C1054CF1
C105EFDF
C10692C4
C107359E
C107D86E
C1087B30
C1091DE5
C109C08C
C10A6323
C10B05A9
C10BA81E
C10C4A82
C10CECD3
C10D8F11
C10E313B
C10ED352
C10F7555
C1101743
C110B91C
C1115AE0
C111FC8F
C1129E28
C1133FAC
C113E11B
C1148274
C11523B7
C115C4E5
C11665FE
C1170701
C117A7F0
C11848C9
C118E98D
C1198A3C
C11A2AD7
C11ACB5E
C11B6BD1
C11C0C2F
C11CAC7A
C11D4CB2
C11DECD7
C11E8CE9
C11F2CE8
C11FCCD5
C1206CB1
C1210C7A
C121AC33
C1224BDA
C122EB71
C1238AF7
C1242A6D
C124C9D4
C125692B
C1260873
C126A7AC
C12746D6
C127E5F3
C1288502
C1292403
C129C2F7
C12A61DE
C08F2F69
C08F42FC
C08F5717
C08F6BBE
C08F80F4
C08F96BD
C08FAD1D
C08FC417
C08FDBAF
C08FF3EA
C0900CCB
C0902657
C0904092
C0905B80
C0907726
C0909388
C090B0AB
C090CE95
C090ED49
C0910CCC
C0912D25
C0914E57
C0917069
C0919360
C091B742
C091DC13
C09201DA
C092289D
C0925062
C092792F
C092A30A
C092CDFA
C092FA05
C0932732
C0935588
C093850D
C093B5C9
C093E7C3
C0941B02
C0944F8E
C094856E
C094BCAA
C094F54A
C0952F56
C0956AD6
C095A7D2
C095E652
C0962660
C0966803
C096AB45
C096F02F
C09736C9
C0977F1C
C097C933
C0981516
C09862CE
C098B266
C09903E8
C099575C
C099ACCD
C09A0445
C09A5DCE
C09AB972
C09B173B
C09B7734
C09BD966
C09C3DDD
C09CA4A3
C09D0DC2
C09D7944
C09DE734
C09E579D
C09ECA88
C09F4000
C09FB810
C0A032C1
C0A0B01D
C0A1302F
C0A1B300
C0A2389A
C0A2C107
C0A34C50
C0A3DA7D
C0A46B98
C0A4FFAA
C0A596BA
C0A630D1
C0A6CDF6
C0A76E31
C0A81189
C0A8B804
C0A961A8
C0AA0E7B
C0AABE82
C0AB71C1
C0AC283E
C0ACE1FA
C0AD9EFA
C0AE5F40
C0AF22CD
C0AFE9A3
C0B0B3C2
C0B18129
C0B251D8
C0B325CE
C0B3FD08
C0B4D782
C0B5B53A
C0B6962A
C0B77A4E
C0B8619F
C0B94C17
C0BA39AE
C0BB2A5D
C0BC1E1A
C0BD14DB
C0BE0E98
C0BF0B44
C0C00AD5
C0C10D3E
C0C21272
C0C31A65
C0C42509
C0C53250
C0C6422A
C0C7548A
C0C8695E
C0C98099
C0CA9A29
C0CBB5FE
C0CCD409
C0CDF437
C0CF1678
C0D03ABB
C0D160F0
C0D28904
C0D3B2E7
C0D4DE88
C0D60BD6
C0D73AC0
C0D86B35
C0D99D24
C0DAD07E
C0DC0532
C0DD3B30
C0DE7268
C0DFAACB
C0E0E44A
C0E21ED7
C0E35A62
C0E496DE
C0E5D43D
C0E71271
C0E8516E
C0E99127
C0EAD190
C0EC129D
C0ED5442
C0EE9675
C0EFD92B
C0F11C5A
C0F25FF7
C0F3A3FA
C0F4E859
C0F62D0C
C0F7720A
C0F8B74C
C0F9FCC9
C0FB427B
C0FC885A
C0FDCE61
C0FF1488
C1002D65
C100D091
C10173C5
C10216FF
C102BA3C
C1035D7A
C10400B6
C104A3F0
C1054725
C105EA53
C1068D7A
C1073096
C107D3A8
C10876AD
C10919A5
C109BC8F
C10A5F68
C10B0232
C10BA4EA
C10C4790
C10CEA24
C10D8CA4
C10E2F11
C10ED169
C10F73AC
C11015DB
C110B7F3
C11159F7
C111FBE4
C1129DBB
C1133F7D
C113E127
C11482BC
C115243A
C115C5A2
C11666F4
C117082F
C117A955
C1184A64
C118EB5E
C1198C42
C11A2D11
C11ACDCA
C11B6E6E
C11C0EFE
C11CAF79
C11D4FDF
C11DF032
C11E9071
C11F309C
C11FD0B5
C12070BA
C12110AD
C121B08E
C122505C
C122F01A
C1238FC6
C1242F61
C124CEEB
C1256E65
C1260DCF
C126AD2A
C1274C75
C127EBB2
C1288ADF
C12929FF
C129C910
C12A6814
C12B070A
C0904197
C0905521
C0906933
C0907DD1
C09092FD
C090A8BD
C090BF13
C090D603
C090ED92
C09105C3
C0911E9B
C091381D
C091524E
C0916D32
C09188CE
C091A526
C091C240
C091E01F
C091FEC9
C0921E43
C0923E92
C0925FBB
C09281C3
C092A4B0
C092C888
C092ED50
C093130D
C09339C7
C0936183
C0938A46
C093B419
C093DEFF
C0940B02
C0943826
C0946674
C09495F1
C094C6A5
C094F897
C0952BCF
C0956053
C095962D
C095CD62
C09605FC
C0964001
C0967B7B
C096B872
C096F6EE
C09736F7
C0977896
C097BBD5
C09800BB
C0984753
C0988FA5
C098D9BA
C099259C
C0997355
C099C2ED
C09A1470
C09A67E6
C09ABD5A
C09B14D5
C09B6E62
C09BCA0C
C09C27DB
C09C87DB
C09CEA16
C09D4E96
C09DB565
C09E1E8F
C09E8A1E
C09EF81B
C09F6892
C09FDB8D
C0A05117
C0A0C939
C0A143FD
C0A1C16F
C0A24198
C0A2C481
C0A34A35
C0A3D2BD
C0A45E22
C0A4EC6E
C0A57DA9
C0A611DD
C0A6A911
C0A7434E
C0A7E09A
C0A880FF
C0A92482
C0A9CB2A
C0AA74FD
C0AB2201
C0ABD23B
C0AC85B1
C0AD3C65
C0ADF65B
C0AEB397
C0AF741B
C0B037E9
C0B0FF01
C0B1C965
C0B29714
C0B3680D
C0B43C4F
C0B513D7
C0B5EEA2
C0B6CCAD
C0B7ADF3
C0B8926F
C0B97A1A
C0BA64EF
C0BB52E5
C0BC43F5
C0BD3815
C0BE2F3D
C0BF2962
C0C02678
C0C12675
C0C2294D
C0C32EF3
C0C43759
C0C54271
C0C6502F
C0C76082
C0C8735C
C0C988AE
C0CAA067
C0CBBA77
C0CCD6CE
C0CDF55C
C0CF160F
C0D038D7
C0D15DA2
C0D2845F
C0D3ACFE
C0D4D76C
C0D6039A
C0D73175
C0D860ED
C0D991F2
C0DAC471
C0DBF85B
C0DD2DA0
C0DE6430
C0DF9BFA
C0E0D4F0
C0E20F02
C0E34A22
C0E48640
C0E5C34F
C0E70141
C0E84008
C0E97F98
C0EABFE4
C0EC00DF
C0ED427D
C0EE84B4
C0EFC778
C0F10ABE
C0F24E7C
C0F392A8
C0F4D738
C0F61C24
C0F76163
C0F8A6EC
C0F9ECB7
C0FB32BD
C0FC78F6
C0FDBF5C
C0FF05E8
C100264A
C100C9AC
C1016D19
C102108C
C102B405
C1035780
C103FAFC
C1049E75
C10541EB
C105E55B
C10688C4
C1072C24
C107CF79
C10872C3
C10915FF
C109B92E
C10A5C4C
C10AFF5B
C10BA258
C10C4543
C10CE81B
C10D8AE0
C10E2D91
C10ED02C
C10F72B3
C1101524
C110B77F
C11159C4
C111FBF3
C1129E0A
C113400B
C113E1F5
C11483C7
C1152583
C115C727
C11668B4
C1170A2B
C117AB8A
C1184CD2
C118EE04
C1198F1F
C11A3023
C11AD112
C11B71EA
C11C12AD
C11CB35A
C11D53F2
C11DF475
C11E94E3
C11F353D
C11FD583
C12075B5
C12115D3
C121B5DE
C12255D7
C122F5BD
C1239590
C1243552
C124D503
C12574A2
C1261430
C126B3AE
C127531C
C127F27A
C12891C8
C1293107
C129D038
C12A6F5A
C12B0E6E
C12BAD74
C091553A
C09168BB
C0917CC4
C0919159
C091A67D
C091BC33
C091D280
C091E968
C09200ED
C0921915
C09231E3
C0924B5C
C0926584
C092805F
C0929BF1
C092B841
C092D551
C092F327
C09311C8
C0933138
C093517E
C093729D
C093949C
C093B780
C093DB4F
C094000E
C09425C3
C0944C74
C0947427
C0949CE2
C094C6AC
C094F18A
C0951D85
C0954AA1
C09578E7
C095A85D
C095D909
C0960AF4
C0963E25
C09672A3
C096A876
C096DFA6
C0971839
C097523A
C0978DAF
C097CAA1
C0980919
C098491E
C0988ABA
C098CDF6
C09912DA
C0995970
C099A1C0
C099EBD5
C09A37B7
C09A8570
C09AD50A
C09B268E
C09B7A07
C09BCF7E
C09C26FE
C09C8090
C09CDC3F
C09D3A16
C09D9A1D
C09DFC61
C09E60EA
C09EC7C5
C09F30FA
C09F9C96
C0A00AA1
C0A07B28
C0A0EE33
C0A163CE
C0A1DC03
C0A256DC
C0A2D464
C0A354A3
C0A3D7A5
C0A45D73
C0A4E617
C0A5719A
C0A60005
C0A69161
C0A725B7
C0A7BD0F
C0A85772
C0A8F4E7
C0A99575
C0AA3923
C0AADFF9
C0AB89FC
C0AC3732
C0ACE7A0
C0AD9B4B
C0AE5238
C0AF0C68
C0AFC9E1
C0B08AA3
C0B14EB2
C0B2160E
C0B2E0B7
C0B3AEAE
C0B47FF1
C0B5547F
C0B62C56
C0B70773
C0B7E5D1
C0B8C76D
C0B9AC41
C0BA9447
C0BB7F79
C0BC6DCE
C0BD5F40
C0BE53C4
C0BF4B52
C0C045DF
C0C14361
C0C243CB
C0C34712
C0C44D29
C0C55602
C0C66191
C0C76FC6
C0C88093
C0C993E8
C0CAA9B7
C0CBC1EF
C0CCDC80
C0CDF959
C0CF186B
C0D039A4
C0D15CF3
C0D28246
C0D3A98D
C0D4D2B7
C0D5FDB2
C0D72A6D
C0D858D7
C0D988DE
C0DABA73
C0DBED83
C0DD21FF
C0DE57D7
C0DF8EF9
C0E0C757
C0E200E1
C0E33B87
C0E4773B
C0E5B3EE
C0E6F191
C0E83018
C0E96F73
C0EAAF98
C0EBF077
C0ED3206
C0EE7438
C0EFB701
C0F0FA57
C0F23E2F
C0F3827E
C0F4C73A
C0F60C5A
C0F751D5
C0F897A1
C0F9DDB7
C0FB240E
C0FC6A9F
C0FDB161
C0FEF84F
C1001FB1
C100C34A
C10166EE
C1020A9C
C102AE51
C103520A
C103F5C4
C104997E
C1053D36
C105E0E9
C1068495
C107283A
C107CBD4
C1086F63
C10912E6
C109B65B
C10A59C0
C10AFD16
C10BA05A
C10C438C
C10CE6AB
C10D89B6
C10E2CAD
C10ECF8E
C10F725B
C1101511
C110B7B1
C1115A39
C111FCAB
C1129F06
C1134149
C113E374
C1148587
C1152782
C115C966
C1166B31
C1170CE4
C117AE80
C1185004
C118F170
C11992C4
C11A3402
C11AD528
C11B7637
C11C172F
C11CB811
C11D58DD
C11DF992
C11E9A32
C11F3ABD
C11FDB32
C1207B93
C1211BDF
C121BC17
C1225C3B
C122FC4C
C1239C4A
C1243C35
C124DC0D
C1257BD3
C1261B88
C126BB2B
C1275ABD
C127FA3F
C12899B0
C1293911
C129D862
C12A77A5
C12B16D8
C12BB5FC
C12C5513
C0926A47
C0927DC0
C09291C0
C092A64D
C092BB68
C092D116
C092E75A
C092FE39
C09315B6
C0932DD5
C093469A
C093600A
C0937A29
C09394FC
C093B086
C093CCCC
C093E9D3
C09407A1
C0942639
C09445A0
C09465DD
C09486F4
C094A8EB
C094CBC6
C094EF8D
C0951443
C09539F0
C0956098
C0958843
C095B0F7
C095DAB8
C0960590
C0963182
C0965E98
C0968CD6
C096BC45
C096ECEB
C0971ED0
C09751FA
C0978672
C097BC3F
C097F36A
C0982BF8
C09865F4
C098A165
C098DE53
C0991CC7
C0995CCA
C0999E63
C099E19D
C09A267F
C09A6D14
C09AB563
C09AFF78
C09B4B5B
C09B9915
C09BE8B1
C09C3A38
C09C8DB4
C09CE32F
C09D3AB4
C09D944C
C09DF001
C09E4DDF
C09EADEF
C09F103B
C09F74CF
C09FDBB5
C0A044F7
C0A0B0A0
C0A11EBA
C0A18F50
C0A2026D
C0A2781A
C0A2F062
C0A36B50
C0A3E8EE
C0A46946
C0A4EC61
C0A5724A
C0A5FB0A
C0A686AB
C0A71535
C0A7A6B2
C0A83B2B
C0A8D2A8
C0A96D31
C0AA0ACE
C0AAAB87
C0AB4F62
C0ABF665
C0ACA099
C0AD4E01
C0ADFEA3
C0AEB284
C0AF69A9
C0B02414
C0B0E1CA
C0B1A2CB
C0B2671B
C0B32EBB
C0B3F9AA
C0B4C7E9
C0B59976
C0B66E51
C0B74677
C0B821E6
C0B90098
C0B9E28A
C0BAC7B6
C0BBB018
C0BC9BA7
C0BD8A5C
C0BE7C2F
C0BF7118
C0C0690D
C0C16403
C0C261EF
C0C362C7
C0C4667D
C0C56D06
C0C67653
C0C78257
C0C89104
C0C9A24B
C0CAB61C
C0CBCC69
C0CCE520
C0CE0033
C0CF1D90
C0D03D26
C0D15EE5
C0D282BB
C0D3A898
C0D4D06A
C0D5FA20
C0D725A8
C0D852F1
C0D981EA
C0DAB282
C0DBE4A7
C0DD184A
C0DE4D59
C0DF83C4
C0E0BB7A
C0E1F46D
C0E32E8B
C0E469C7
C0E5A610
C0E6E359
C0E82192
C0E960AE
C0EAA0A0
C0EBE15A
C0ED22CF
C0EE64F3
C0EFA7BA
C0F0EB17
C0F22F01
C0F3736C
C0F4B84E
C0F5FD9C
C0F7434E
C0F88959
C0F9CFB5
C0FB1659
C0FC5D3E
C0FDA45B
C0FEEBA9
C1001991
C100BD5E
C101613B
C1020523
C102A913
C1034D0A
C103F104
C10494FF
C10538F8
C105DCEF
C10680E0
C10724CA
C107C8AA
C1086C81
C109104B
C109B408
C10A57B5
C10AFB53
C10B9EE0
C10C425B
C10CE5C3
C10D8917
C10E2C56
C10ECF80
C10F7294
C1101592
C110B878
C1115B48
C111FDFF
C112A09F
C1134327
C113E596
C11487EC
C1152A2A
C115CC4F
C1166E5B
C117104E
C117B229
C11853EA
C118F594
C1199724
C11A389D
C11AD9FD
C11B7B45
C11C1C76
C11CBD8F
C11D5E91
C11DFF7C
C11EA050
C11F410E
C11FE1B5
C1208247
C12122C3
C121C32B
C122637D
C12303BB
C123A3E5
C12443FB
C124E3FD
C12583ED
C12623CA
C126C394
C127634D
C12802F4
C128A28A
C129420F
C129E183
C12A80E7
C12B203C
C12BBF80
C12C5EB6
C12CFDDD
C09380B3
C0939424
C093A81D
C093BCA1
C093D1B4
C093E75A
C093FD96
C094146D
C0942BE1
C09443F8
C0945CB6
C094761D
C0949034
C094AAFE
C094C680
C094E2BE
C094FFBD
C0951D82
C0953C12
C0955B71
C0957BA6
C0959CB5
C095BEA3
C095E177
C0960535
C09629E4
C0964F89
C096762A
C0969DCD
C096C679
C096F034
C0971B04
C09746F0
C09773FE
C097A236
C097D19F
C098023F
C098341E
C0986743
C0989BB5
C098D17E
C09908A3
C099412D
C0997B25
C099B692
C099F37D
C09A31EE
C09A71EE
C09AB385
C09AF6BD
C09B3B9F
C09B8233
C09BCA83
C09C1498
C09C607C
C09CAE38
C09CFDD6
C09D4F60
C09DA2E0
C09DF860
C09E4FEA
C09EA988
C09F0545
C09F632A
C09FC343
C0A0259A
C0A08A38
C0A0F12A
C0A15A79
C0A1C630
C0A23459
C0A2A500
C0A3182E
C0A38DEE
C0A4064A
C0A4814E
C0A4FF02
C0A57F72
C0A602A7
C0A688AB
C0A71188
C0A79D47
C0A82BF1
C0A8BD90
C0A9522D
C0A9E9CF
C0AA847F
C0AB2244
C0ABC327
C0AC672F
C0AD0E61
C0ADB8C5
C0AE665F
C0AF1736
C0AFCB4E
C0B082AB
C0B13D52
C0B1FB44
C0B2BC85
C0B38117
C0B448FA
C0B5142F
C0B5E2B6
C0B6B48F
C0B789B7
C0B8622C
C0B93DEC
C0BA1CF2
C0BAFF3B
C0BBE4C0
C0BCCD7D
C0BDB969
C0BEA87E
C0BF9AB4
C0C09001
C0C1885D
C0C283BC
C0C38214
C0C48359
C0C58780
C0C68E7A
C0C7983C
C0C8A4B6
C0C9B3DB
C0CAC59C
C0CBD9EA
C0CCF0B5
C0CE09EC
C0CF2580
C0D04361
C0D1637C
C0D285C2
C0D3AA21
C0D4D087
C0D5F8E5
C0D72327
C0D84F3C
C0D97D15
C0DAAC9E
C0DBDDC7
C0DD107E
C0DE44B4
C0DF7A56
C0E0B156
C0E1E9A1
C0E32329
C0E45DDE
C0E599B0
C0E6D690
C0E8146F
C0E95340
C0EA92F3
C0EBD37C
C0ED14CD
C0EE56D9
C0EF9994
C0F0DCF1
C0F220E5
C0F36564
C0F4AA64
C0F5EFDA
C0F735BC
C0F87C00
C0F9C29D
C0FB098B
C0FC50BF
C0FD9833
C0FEDFDF
C10013DD
C100B7DF
C1015BF2
C1020014
C102A440
C1034874
C103ECAD
C10490E9
C1053526
C105D960
C1067D96
C10721C7
C107C5EF
C1086A0D
C1090E20
C109B226
C10A561E
C10AFA06
C10B9DDE
C10C41A3
C10CE555
C10D88F4
C10E2C7E
C10ECFF2
C10F7350
C1101698
C110B9C8
C1115CE0
C111FFE0
C112A2C8
C1134596
C113E84C
C1148AE8
C1152D6B
C115CFD4
C1167223
C1171459
C117B675
C1185878
C118FA61
C1199C30
C11A3DE7
C11ADF84
C11B8108
C11C2273
C11CC3C6
C11D6501
C11E0624
C11EA72E
C11F4822
C11FE8FE
C12089C4
C1212A73
C121CB0B
C1226B8E
C1230BFC
C123AC54
C1244C97
C124ECC7
C1258CE2
C1262CE9
C126CCDD
C1276CBE
C1280C8D
C128AC49
C1294BF4
C129EB8D
C12A8B15
C12B2A8C
C12BC9F4
C12C694B
C12D0892
C12DA7CA
C0949875
C094ABDE
C094BFD0
C094D44C
C094E958
C094FEF6
C095152A
C0952BF9
C0954366
C0955B75
C095742B
C0958D8B
C095A799
C095C25C
C095DDD5
C095FA0C
C0961703
C09634C0
C0965348
C09672A0
C09692CD
C096B3D5
C096D5BC
C096F888
C0971C3F
C09740E6
C0976684
C0978D1E
C097B4BA
C097DD5F
C0980714
C09831DD
C0985DC3
C0988ACB
C098B8FD
C098E860
C09918FA
C0994AD4
C0997DF3
C099B261
C099E825
C09A1F46
C09A57CD
C09A91C1
C09ACD2B
C09B0A13
C09B4882
C09B8880
C09BCA16
C09C0D4D
C09C522E
C09C98C2
C09CE112
C09D2B29
C09D770E
C09DC4CD
C09E146E
C09E65FC
C09EB981
C09F0F06
C09F6696
C09FC03A
C0A01BFF
C0A079ED
C0A0DA0F
C0A13C70
C0A1A11A
C0A20818
C0A27174
C0A2DD3A
C0A34B73
C0A3BC2A
C0A42F6A
C0A4A53D
C0A51DAF
C0A598C8
C0A61694
C0A6971C
C0A71A6B
C0A7A08B
C0A82985
C0A8B563
C0A9442D
C0A9D5EE
C0AA6AAE
C0AB0276
C0AB9D4D
C0AC3B3C
C0ACDC4A
C0AD807E
C0AE27DF
C0AED273
C0AF8041
C0B0314C
C0B0E59B
C0B19D32
C0B25813
C0B31643
C0B3D7C3
C0B49C96
C0B564BE
C0B63039
C0B6FF09
C0B7D12C
C0B8A6A2
C0B97F67
C0BA5B78
C0BB3AD3
C0BC1D72
C0BD0351
C0BDEC68
C0BED8B2
C0BFC828
C0C0BAC0
C0C1B072
C0C2A934
C0C3A4FD
C0C4A3C0
C0C5A574
C0C6AA0A
C0C7B177
C0C8BBAD
C0C9C89E
C0CAD83B
C0CBEA77
C0CCFF41
C0CE168A
C0CF3042
C0D04C59
C0D16ABD
C0D28B5E
C0D3AE2B
C0D4D313
C0D5FA04
C0D722EC
C0D84DBC
C0D97A60
C0DAA8C8
C0DBD8E2
C0DD0A9C
C0DE3DE7
C0DF72B0
C0E0A8E7
C0E1E07C
C0E3195D
C0E4537C
C0E58EC8
C0E6CB31
C0E808A9
C0E94720
C0EA8689
C0EBC6D5
C0ED07F6
C0EE49E0
C0EF8C84
C0F0CFD6
C0F213CB
C0F35856
C0F49D6D
C0F5E303
C0F7290F
C0F86F86
C0F9B65F
C0FAFD90
C0FC4510
C0FD8CD7
C0FED4DC
C1000E8C
C100B2C1
C101570A
C101FB64
C1029FCB
C103443C
C103E8B5
C1048D32
C10531B1
C105D630
C1067AAC
C1071F23
C107C394
C10867FB
C1090C58
C109B0A9
C10A54EC
C10AF920
C10B9D44
C10C4155
C10CE554
C10D8940
C10E2D16
C10ED0D7
C10F7481
C1101815
C110BB90
C1115EF4
C112023F
C112A570
C1134889
C113EB87
C1148E6C
C1153136
C115D3E6
C116767B
C11718F6
C117BB57
C1185D9D
C118FFC8
C119A1D9
C11A43D0
C11AE5AD
C11B8770
C11C2919
C11CCAA8
C11D6C1E
C11E0D7B
C11EAEBF
C11F4FEB
C11FF0FF
C12091FA
C12132DE
C121D3AB
C1227461
C1231500
C123B58A
C12455FD
C124F65B
C12596A4
C12636D8
C126D6F8
C1277704
C12816FC
C128B6E1
C12956B4
C129F674
C12A9622
C12B35BE
C12BD549
C12C74C4
C12D142E
C12DB387
C12E52D1
C095B182
C095C4E4
C095D8CE
C095ED44
C0960248
C09617DF
C0962E0C
C09644D4
C0965C39
C0967441
C0968CEF
C096A648
C096C04F
C096DB0A
C096F67C
C09712AB
C0972F9B
C0974D51
C0976BD2
C0978B23
C097AB49
C097CC49
C097EE29
C09810EE
C098349E
C098593F
C0987ED6
C098A56A
C098CD00
C098F59E
C0991F4C
C0994A10
C09975EF
C099A2F2
C099D11F
C09A007C
C09A3112
C09A62E6
C09A9602
C09ACA6C
C09B002B
C09B3749
C09B6FCC
C09BA9BE
C09BE525
C09C220B
C09C6078
C09CA074
C09CE20A
C09D2540
C09D6A21
C09DB0B6
C09DF907
C09E431F
C09E8F07
C09EDCC9
C09F2C6E
C09F7E00
C09FD189
C0A02714
C0A07EAB
C0A0D857
C0A13423
C0A1921A
C0A1F246
C0A254B2
C0A2B968
C0A32073
C0A389DD
C0A3F5B1
C0A463FB
C0A4D4C3
C0A54816
C0A5BDFD
C0A63683
C0A6B1B3
C0A72F96
C0A7B038
C0A833A1
C0A8B9DD
C0A942F4
C0A9CEF1
C0AA5DDD
C0AAEFC0
C0AB84A4
C0AC1C91
C0ACB790
C0AD55A8
C0ADF6E1
C0AE9B42
C0AF42D2
C0AFED98
C0B09B98
C0B14CD9
C0B2015F
C0B2B92E
C0B3744B
C0B432B8
C0B4F478
C0B5B98D
C0B681F9
C0B74DBB
C0B81CD3
C0B8EF41
C0B9C504
C0BA9E19
C0BB7A7C
C0BC5A2C
C0BD3D21
C0BE2359
C0BF0CCC
C0BFF974
C0C0E949
C0C1DC44
C0C2D25B
C0C3CB85
C0C4C7B6
C0C5C6E6
C0C6C907
C0C7CE0D
C0C8D5ED
C0C9E097
C0CAEDFF
C0CBFE15
C0CD10CC
C0CE2613
C0CF3DDB
C0D05813
C0D174AC
C0D29394
C0D3B4BC
C0D4D810
C0D5FD81
C0D724FD
C0D84E72
C0D979CF
C0DAA702
C0DBD5FA
C0DD06A5
C0DE38F2
C0DF6CD0
C0E0A22E
C0E1D8FA
C0E31125
C0E44A9D
C0E58553
C0E6C137
C0E7FE39
C0E93C4A
C0EA7B5A
C0EBBB5D
C0ECFC42
C0EE3DFD
C0EF8080
C0F0C3BD
C0F207A9
C0F34C37
C0F4915B
C0F5D70A
C0F71D38
C0F863DC
C0F9AAEA
C0FAF259
C0FC3A1F
C0FD8234
C0FECA8E
C1000993
C100ADFA
C1015278
C101F709
C1029BAA
C1034057
C103E50F
C10489CD
C1052E8F
C105D352
C1067814
C1071CD3
C107C18C
C108663E
C1090AE6
C109AF82
C10A5412
C10AF893
C10B9D04
C10C4164
C10CE5B1
C10D89EB
C10E2E10
C10ED21F
C10F7618
C11019F9
C110BDC3
C1116174
C112050C
C112A88B
C1134BEF
C113EF39
C1149268
C115357D
C115D876
C1167B54
C1171E17
C117C0BF
C118634B
C11905BB
C119A811
C11A4A4B
C11AEC6A
C11B8E6E
C11C3057
C11CD226
C11D73DA
C11E1574
C11EB6F4
C11F585B
C11FF9A9
C1209ADD
C1213BF9
C121DCFC
C1227DE8
C1231EBB
C123BF78
C124601E
C12500AD
C125A126
C1264189
C126E1D7
C1278210
C1282234
C128C245
C1296241
C12A022A
C12AA200
C12B41C4
C12BE175
C12C8115
C12D20A3
C12DC020
C12E5F8C
C12EFEE9
C096CBD0
C096DF2C
C096F30F
C097077E
C0971C7B
C097320B
C0974831
C0975EF2
C0977651
C0978E52
C097A6F9
C097C04A
C097DA4B
C097F4FF
C098106A
C0982C93
C098497C
C098672B
C09885A5
C098A4EF
C098C50E
C098E608
C09907E1
C0992AA0
C0994E4A
C09972E4
C0999875
C099BF02
C099E692
C09A0F2B
C09A38D4
C09A6392
C09A8F6C
C09ABC6A
C09AEA91
C09B19EA
C09B4A7B
C09B7C4B
C09BAF63
C09BE3C9
C09C1985
C09C50A0
C09C8920
C09CC30F
C09CFE75
C09D3B59
C09D79C4
C09DB9C0
C09DFB55
C09E3E8C
C09E836D
C09ECA03
C09F1256
C09F5C70
C09FA85B
C09FF620
C0A045C9
C0A09760
C0A0EAEF
C0A14080
C0A1981D
C0A1F1D2
C0A24DA7
C0A2ABA7
C0A30BDE
C0A36E55
C0A3D317
C0A43A2F
C0A4A3A8
C0A50F8B
C0A57DE5
C0A5EEBF
C0A66225
C0A6D820
C0A750BB
C0A7CC02
C0A849FD
C0A8CAB8
C0A94E3D
C0A9D494
C0AA5DCA
C0AAE9E6
C0AB78F2
C0AC0AF8
C0ACA001
C0AD3814
C0ADD33A
C0AE717C
C0AF12E1
C0AFB76F
C0B05F2E
C0B10A25
C0B1B858
C0B269CE
C0B31E8B
C0B3D694
C0B491EC
C0B55097
C0B61297
C0B6D7EE
C0B7A09E
C0B86CA6
C0B93C07
C0BA0EC1
C0BAE4D1
C0BBBE35
C0BC9AEB
C0BD7AEE
C0BE5E3B
C0BF44CB
C0C02E9A
C0C11BA0
C0C20BD5
C0C2FF32
C0C3F5AE
C0C4EF3F
C0C5EBDA
C0C6EB76
C0C7EE05
C0C8F37B
C0C9FBCD
C0CB06EC
C0CC14CB
C0CD255A
C0CE388B
C0CF4E4F
C0D06696
C0D1814F
C0D29E6B
C0D3BDD8
C0D4DF85
C0D60362
C0D7295C
C0D85163
C0D97B65
C0DAA750
C0DBD512
C0DD049B
C0DE35D8
C0DF68B8
C0E09D2A
C0E1D31D
C0E30A80
C0E44341
C0E57D51
C0E6B89F
C0E7F51C
C0E932B7
C0EA7161
C0EBB10C
C0ECF1A9
C0EE3329
C0EF757E
C0F0B89C
C0F1FC74
C0F340FB
C0F48623
C0F5CBE1
C0F7122A
C0F858F1
C0F9A02D
C0FAE7D4
C0FC2FDA
C0FD7838
C0FEC0E3
C10004E9
C100A980
C1014E30
C101F2F7
C10297D1
C1033CBA
C103E1B0
C10486AE
C1052BB2
C105D0BA
C10675C2
C1071AC9
C107BFCB
C10864C8
C10909BB
C109AEA5
C10A5382
C10AF851
C10B9D11
C10C41C1
C10CE65E
C10D8AE8
C10E2F5D
C10ED3BD
C10F7806
C1101C38
C110C051
C1116452
C112083A
C112AC07
C1134FBA
C113F352
C11496CF
C1153A30
C115DD76
C116809F
C11723AD
C117C69E
C1186973
C1190C2C
C119AEC8
C11A5148
C11AF3AC
C11B95F4
C11C3820
C11CDA31
C11D7C26
C11E1E00
C11EBFBF
C11F6164
C12002EE
C120A45D
C12145B4
C121E6F0
C1228814
C123291F
C123CA11
C1246AEC
C1250BAF
C125AC5A
C1264CEF
C126ED6E
C1278DD6
C1282E29
C128CE66
C1296E8F
C12A0EA4
C12AAEA4
C12B4E91
C12BEE6A
C12C8E31
C12D2DE6
C12DCD88
C12E6D19
C12F0C99
C12FAC08
C097E756
C097FAAB
C0980E88
C09822F0
C09837E7
C0984D70
C0986390
C0987A4A
C09891A3
C098A99D
C098C23E
C098DB89
C098F583
C0991030
C0992B95
C09947B7
C099649A
C0998243
C099A0B6
C099BFFA
C099E013
C09A0106
C09A22DA
C09A4592
C09A6936
C09A8DCB
C09AB356
C09AD9DE
C09B0168
C09B29FC
C09B539F
C09B7E58
C09BAA2E
C09BD727
C09C054A
C09C349E
C09C652B
C09C96F8
C09CCA0C
C09CFE6F
C09D3428
C09D6B40
C09DA3BF
C09DDDAB
C09E190F
C09E55F2
C09E945D
C09ED459
C09F15EE
C09F5925
C09F9E07
C09FE49F
C0A02CF4
C0A07711
C0A0C2FF
C0A110C8
C0A16076
C0A1B212
C0A205A7
C0A25B3E
C0A2B2E3
C0A30C9F
C0A3687E
C0A3C688
C0A426C9
C0A4894C
C0A4EE1B
C0A55541
C0A5BEC8
C0A62ABC
C0A69926
C0A70A13
C0A77D8B
C0A7F39B
C0A86C4C
C0A8E7A9
C0A965BD
C0A9E692
C0AA6A31
C0AAF0A6
C0AB79F9
C0AC0635
C0AC9563
C0AD278C
C0ADBCB9
C0AE54F2
C0AEF040
C0AF8EAC
C0B0303C
C0B0D4F8
C0B17CE7
C0B2280E
C0B2D675
C0B38820
C0B43D15
C0B4F557
C0B5B0EB
C0B66FD3
C0B73213
C0B7F7AC
C0B8C09F
C0B98CEE
C0BA5C98
C0BB2F9D
C0BC05FA
C0BCDFAE
C0BDBCB6
C0BE9D0E
C0BF80B1
C0C0679A
C0C151C4
C0C23F28
C0C32FBE
C0C4237D
C0C51A5E
C0C61456
C0C7115B
C0C81161
C0C9145E
C0CA1A45
C0CB230A
C0CC2E9D
C0CD3CF3
C0CE4DFB
C0CF61A7
C0D077E8
C0D190AE
C0D2ABE8
C0D3C986
C0D4E978
C0D60BAC
C0D73010
C0D85695
C0D97F27
C0DAA9B5
C0DBD62F
C0DD0481
C0DE349B
C0DF666A
C0E099DE
C0E1CEE5
C0E3056D
C0E43D66
C0E576BF
C0E6B167
C0E7ED4E
C0E92A64
C0EA689A
C0EBA7DF
C0ECE825
C0EE295D
C0EF6B78
C0F0AE6A
C0F1F223
C0F33697
C0F47BB9
C0F5C17D
C0F707D7
C0F84EBA
C0F9961D
C0FADDF3
C0FC2633
C0FD6ED3
C0FEB7C9
C1000086
C100A549
C1014A2B
C101EF26
C1029437
C103395A
C103DE8D
C10483CA
C1052911
C105CE5C
C10673AB
C10718F9
C107BE45
C108638C
C10908CC
C109AE03
C10A532F
C10AF84E
C10B9D5E
C10C425E
C10CE74C
C10D8C28
C10E30EF
C10ED5A1
C10F7A3D
C1101EC1
C110C32D
C1116780
C1120BB9
C112AFD8
C11353DC
C113F7C4
C1149B91
C1153F42
C115E2D6
C116864E
C11729A8
C117CCE6
C1187006
C119130A
C119B5F0
C11A58B9
C11AFB65
C11B9DF4
C11C4066
C11CE2BB
C11D84F4
C11E2711
C11EC911
C11F6AF6
C1200CBF
C120AE6E
C1215001
C121F179
C12292D8
C123341C
C123D548
C124765A
C1251753
C125B834
C12658FD
C126F9AE
C1279A48
C1283ACC
C128DB39
C1297B91
C12A1BD3
C12ABC00
C12B5C18
C12BFC1C
C12C9C0C
C12D3BE9
C12DDBB3
C12E7B6B
C12F1B10
C12FBAA3
C1305A26
C0990409
C0991758
C0992B2F
C0993F91
C0995482
C0996A05
C099801F
C09996D3
C099AE25
C099C619
C099DEB4
C099F7F9
C09A11ED
C09A2C94
C09A47F3
C09A640F
C09A80EC
C09A9E8E
C09ABCFC
C09ADC3A
C09AFC4D
C09B1D3B
C09B3F09
C09B61BC
C09B855A
C09BA9E9
C09BCF6F
C09BF5F2
C09C1D77
C09C4606
C09C6FA4
C09C9A59
C09CC62A
C09CF31F
C09D213E
C09D508F
C09D8118
C09DB2E2
C09DE5F3
C09E1A53
C09E500A
C09E8720
C09EBF9C
C09EF988
C09F34EA
C09F71CD
C09FB037
C09FF033
C0A031C8
C0A07501
C0A0B9E5
C0A1007E
C0A148D6
C0A192F6
C0A1DEE8
C0A22CB5
C0A27C68
C0A2CE0A
C0A321A5
C0A37744
C0A3CEF1
C0A428B5
C0A4849D
C0A4E2B2
C0A542FE
C0A5A58D
C0A60A69
C0A6719D
C0A6DB34
C0A74737
C0A7B5B3
C0A826B2
C0A89A3E
C0A91062
C0A9892A
C0AA049E
C0AA82CB
C0AB03B9
C0AB8774
C0AC0E06
C0AC9777
C0AD23D3
C0ADB322
C0AE456E
C0AEDABF
C0AF731F
C0B00E96
C0B0AD2B
C0B14EE7
C0B1F3D0
C0B29BEE
C0B34747
C0B3F5E1
C0B4A7C2
C0B55CEE
C0B61569
C0B6D139
C0B7905F
C0B852DE
C0B918B9
C0B9E1F1
C0BAAE86
C0BB7E79
C0BC51C8
C0BD2873
C0BE0277
C0BEDFD0
C0BFC07C
C0C0A476
C0C18BB9
C0C2763E
C0C363FF
C0C454F5
C0C54917
C0C6405C
C0C73ABB
C0C83829
C0C9389B
C0CA3C06
C0CB425D
C0CC4B94
C0CD579C
C0CE6668
C0CF77E9
C0D08C10
C0D1A2CE
C0D2BC13
C0D3D7CE
C0D4F5EF
C0D61666
C0D73920
C0D85E0D
C0D9851B
C0DAAE39
C0DBD955
C0DD065D
C0DE353F
C0DF65EA
C0E0984C
C0E1CC54
C0E301EF
C0E4390E
C0E5719E
C0E6AB8F
C0E7E6D0
C0E92351
C0EA6101
C0EB9FD1
C0ECDFB2
C0EE2094
C0EF6268
C0F0A520
C0F1E8AE
C0F32D04
C0F47215
C0F5B7D4
C0F6FE35
C0F8452B
C0F98CAB
C0FAD4A9
C0FC1D1B
C0FD65F6
C0FEAF30
C0FFF8C0
C100A14E
C101465E
C101EB8B
C10290D1
C103362E
C103DB9B
C1048118
C105269F
C105CC2E
C10671C2
C1071758
C107BCED
C1086280
C109080C
C109AD91
C10A530C
C10AF87B
C10B9DDC
C10C432F
C10CE870
C10D8D9E
C10E32B9
C10ED7BF
C10F7CAF
C1102187
C110C647
C1116AEE
C1120F7B
C112B3EE
C1135845
C113FC81
C114A0A0
C11544A2
C115E888
C1168C50
C1172FFB
C117D387
C11876F6
C1191A47
C119BD7A
C11A608E
C11B0385
C11BA65D
C11C4918
C11CEBB5
C11D8E35
C11E3097
C11ED2DC
C11F7504
C1201710
C120B8FF
C1215AD2
C121FC89
C1229E25
C1233FA6
C123E10D
C1248259
C125238B
C125C4A4
C12665A4
C127068B
C127A759
C1284810
C128E8B0
C1298938
C12A29AA
C12ACA06
C12B6A4C
C12C0A7D
C12CAA99
C12D4AA1
C12DEA94
C12E8A74
C12F2A41
C12FC9FC
C13069A4
C131093A
C09A21E0
C09A352A
C09A48FB
C09A5D57
C09A7242
C09A87C0
C09A9DD4
C09AB482
C09ACBCE
C09AE3BD
C09AFC52
C09B1591
C09B2F7F
C09B4A21
C09B657A
C09B8190
C09B9E67
C09BBC04
C09BDA6D
C09BF9A5
C09C19B3
C09C3A9B
C09C5C64
C09C7F12
C09CA2AB
C09CC735
C09CECB6
C09D1334
C09D3AB5
C09D633F
C09D8CD9
C09DB78A
C09DE357
C09E1048
C09E3E64
C09E6DB1
C09E9E38
C09ECFFE
C09F030D
C09F376B
C09F6D20
C09FA434
C09FDCAF
C0A01699
C0A051FB
C0A08EDD
C0A0CD48
C0A10D44
C0A14EDB
C0A19215
C0A1D6FB
C0A21D97
C0A265F2
C0A2B015
C0A2FC0B
C0A349DD
C0A39995
C0A3EB3D
C0A43EDF
C0A49485
C0A4EC3A
C0A54608
C0A5A1FA
C0A60019
C0A66071
C0A6C30D
C0A727F6
C0A78F38
C0A7F8DE
C0A864F3
C0A8D380
C0A94491
C0A9B831
C0AA2E6B
C0AAA748
C0AB22D4
C0ABA11A
C0AC2222
C0ACA5F9
C0AD2CA7
C0ADB638
C0AE42B3
C0AED224
C0AF6493
C0AFFA09
C0B09290
C0B12E2E
C0B1CCEE
C0B26ED5
C0B313EC
C0B3BC3A
C0B467C4
C0B51692
C0B5C8A7
C0B67E0A
C0B736BF
C0B7F2CA
C0B8B22E
C0B974ED
C0BA3B0A
C0BB0486
C0BBD161
C0BCA19D
C0BD7537
C0BE4C2F
C0BF2682
C0C0042D
C0C0E52D
C0C1C97D
C0C2B118
C0C39BF9
C0C48A17
C0C57B6D
C0C66FF1
C0C7679B
C0C86260
C0C96038
C0CA6115
C0CB64EE
C0CC6BB5
C0CD755E
C0CE81DA
C0CF911D
C0D0A317
C0D1B7B9
C0D2CEF4
C0D3E8B7
C0D504F3
C0D62397
C0D74492
C0D867D3
C0D98D48
C0DAB4E1
C0DBDE8A
C0DD0A33
C0DE37CA
C0DF673C
C0E09879
C0E1CB6E
C0E3000A
C0E4363B
C0E56DF0
C0E6A718
C0E7E1A1
C0E91D7B
C0EA5A96
C0EB98E2
C0ECD84D
C0EE18CA
C0EF5A48
C0F09CB9
C0F1E00F
C0F3243A
C0F4692E
C0F5AEDD
C0F6F53A
C0F83C38
C0F983CC
C0FACBE9
C0FC1485
C0FD5D94
C0FEA70B
C0FFF0E2
C1009D86
C10142C2
C101E81E
C1028D98
C103332B
C103D8D3
C1047E8C
C1052453
C105CA24
C1066FFD
C10715DA
C107BBB9
C1086196
C109076F
C109AD42
C10A530D
C10AF8CD
C10B9E80
C10C4425
C10CE9BA
C10D8F3D
C10E34AD
C10EDA08
C10F7F4E
C110247C
C110C992
C1116E90
C1121373
C112B83B
C1135CE8
C1140179
C114A5ED
C1154A44
C115EE7D
C1169298
C1173695
C117DA74
C1187E34
C11921D5
C119C557
C11A68BA
C11B0BFE
C11BAF23
C11C5229
C11CF511
C11D97DA
C11E3A84
C11EDD11
C11F7F7F
C12021D0
C120C403
C1216618
C1220811
C122A9EE
C1234BAE
C123ED53
C1248EDC
C125304A
C125D19D
C12672D6
C12713F5
C127B4FB
C12855E8
C128F6BC
C1299778
C12A381D
C12AD8AA
C12B7920
C12C1980
C12CB9CA
C12D59FF
C12DFA1F
C12E9A2A
C12F3A20
C12FDA04
C13079D3
C1311990
C131B93B
C09B40D2
C09B5416
C09B67E2
C09B7C39
C09B911F
C09BA697
C09BBCA5
C09BD34E
C09BEA95
C09C027E
C09C1B0E
C09C3447
C09C4E30
C09C68CC
C09C8421
C09CA031
C09CBD03
C09CDA9B
C09CF8FE
C09D1832
C09D383A
C09D591E
C09D7AE1
C09D9D8A
C09DC11F
C09DE5A5
C09E0B21
C09E319B
C09E5918
C09E819E
C09EAB34
C09ED5E1
C09F01AB
C09F2E98
C09F5CB1
C09F8BFC
C09FBC7F
C09FEE44
C0A02150
C0A055AC
C0A08B5F
C0A0C272
C0A0FAEC
C0A134D6
C0A17038
C0A1AD1A
C0A1EB86
C0A22B83
C0A26D1B
C0A2B056
C0A2F53F
C0A33BDD
C0A3843C
C0A3CE63
C0A41A5E
C0A46835
C0A4B7F3
C0A509A1
C0A55D4A
C0A5B2F9
C0A60AB6
C0A6648E
C0A6C089
C0A71EB4
C0A77F18
C0A7E1C0
C0A846B7
C0A8AE08
C0A917BE
C0A983E2
C0A9F282
C0AA63A6
C0AAD75A
C0AB4DA9
C0ABC69D
C0AC4241
C0ACC09F
C0AD41C2
C0ADC5B5
C0AE4C80
C0AED62F
C0AF62CB
C0AFF25D
C0B084F0
C0B11A8B
C0B1B338
C0B24EFF
C0B2EDE8
C0B38FFB
C0B43540
C0B4DDBD
C0B58979
C0B63879
C0B6EAC4
C0B7A05F
C0B8594D
C0B91593
C0B9D534
C0BA9833
C0BB5E91
C0BC2851
C0BCF573
C0BDC5F7
C0BE99DB
C0BF7120
C0C04BC2
C0C129BF
C0C20B13
C0C2EFB9
C0C3D7AD
C0C4C2E8
C0C5B164
C0C6A319
C0C797FF
C0C8900D
C0C98B39
C0CA8979
C0CB8AC2
C0CC8F08
C0CD963F
C0CEA05A
C0CFAD4B
C0D0BD04
C0D1CF76
C0D2E493
C0D3FC4A
C0D5168C
C0D63349
C0D75270
C0D873F0
C0D997B7
C0DABDB4
C0DBE5D6
C0DD100C
C0DE3C42
C0DF6A67
C0E09A6A
C0E1CC39
C0E2FFC1
C0E434F1
C0E56BB8
C0E6A404
C0E7DDC3
C0E918E6
C0EA555A
C0EB930F
C0ECD1F6
C0EE11FE
C0EF5317
C0F09533
C0F1D841
C0F31C35
C0F460FF
C0F5A691
C0F6ECDF
C0F833DB
C0F97B78
C0FAC3AA
C0FC0C66
C0FD55A0
C0FE9F4D
C0FFE962
C10099EB
C1013F4F
C101E4D8
C1028A82
C1033049
C103D629
C1047C1D
C1052223
C105C835
C1066E52
C1071475
C107BA9C
C10860C4
C10906EA
C109AD0B
C10A5325
C10AF937
C10B9F3D
C10C4536
C10CEB1F
C10D90F8
C10E36BE
C10EDC70
C10F820D
C1102793
C110CD01
C1117256
C1121791
C112BCB1
C11361B6
C114069E
C114AB69
C1155017
C115F4A6
C1169917
C1173D6A
C117E19D
C11885B0
C11929A4
C119CD78
C11A712D
C11B14C1
C11BB836
C11C5B8A
C11CFEBF
C11DA1D5
C11E44CA
C11EE7A1
C11F8A58
C1202CF1
C120CF6B
C12171C6
C1221404
C122B624
C1235826
C123FA0B
C1249BD4
C1253D81
C125DF11
C1268087
C12721E1
C127C320
C1286446
C1290551
C129A644
C12A471D
C12AE7DE
C12B8887
C12C2919
C12CC993
C12D69F7
C12E0A45
C12EAA7E
C12F4AA1
C12FEAAF
C1308AA9
C1312A8F
C131CA61
C1326A21
C09C60D5
C09C7414
C09C87DB
C09C9C2D
C09CB10D
C09CC681
C09CDC8A
C09CF32E
C09D0A70
C09D2254
C09D3ADE
C09D5413
C09D6DF7
C09D888E
C09DA3DD
C09DBFE9
C09DDCB6
C09DFA49
C09E18A7
C09E37D6
C09E57DA
C09E78B9
C09E9A78
C09EBD1D
C09EE0AD
C09F052E
C09F2AA7
C09F511D
C09F7896
C09FA118
C09FCAAB
C09FF554
C0A0211B
C0A04E06
C0A07C1C
C0A0AB64
C0A0DBE5
C0A10DA8
C0A140B2
C0A1750D
C0A1AABF
C0A1E1D1
C0A21A4A
C0A25434
C0A28F96
C0A2CC79
C0A30AE5
C0A34AE4
C0A38C7D
C0A3CFBB
C0A414A6
C0A45B48
C0A4A3AB
C0A4EDD7
C0A539D6
C0A587B3
C0A5D777
C0A6292C
C0A67CDC
C0A6D293
C0A72A59
C0A7843A
C0A7E041
C0A83E76
C0A89EE6
C0A9019C
C0A966A1
C0A9CE01
C0AA37C6
C0AAA3FC
C0AB12AE
C0AB83E5
C0ABF7AD
C0AC6E12
C0ACE71C
C0AD62D8
C0ADE150
C0AE628D
C0AEE69C
C0AF6D85
C0AFF752
C0B0840E
C0B113C2
C0B1A678
C0B23C38
C0B2D50C
C0B370FB
C0B4100E
C0B4B24D
C0B557C0
C0B6006C
C0B6AC59
C0B75B8D
C0B80E0D
C0B8C3DE
C0B97D06
C0BA3987
C0BAF965
C0BBBCA4
C0BC8344
C0BD4D47
C0BE1AAF
C0BEEB7B
C0BFBFAA
C0C0973B
C0C1722C
C0C2507A
C0C33222
C0C4171E
C0C4FF6A
C0C5EB00
C0C6D9D8
C0C7CBEC
C0C8C134
C0C9B9A6
C0CAB538
C0CBB3E1
C0CCB595
C0CDBA48
C0CEC1EE
C0CFCC7A
C0D0D9DF
C0D1EA0E
C0D2FCF9
C0D41290
C0D52AC4
C0D64585
C0D762C2
C0D8826B
C0D9A46F
C0DAC8BD
C0DBEF42
C0DD17EE
C0DE42AF
C0DF6F73
C0E09E27
C0E1CEBA
C0E3011B
C0E43536
C0E56AFB
C0E6A257
C0E7DB3A
C0E91592
C0EA514D
C0EB8E5C
C0ECCCAC
C0EE0C2F
C0EF4CD3
C0F08E8A
C0F1D143
C0F314F0
C0F45982
C0F59EEB
C0F6E51D
C0F82C0A
C0F973A6
C0FABBE3
C0FC04B5
C0FD4E10
C0FE97E9
C0FFE235
C1009675
C1013BFD
C101E1B0
C1028788
C1032D81
C103D396
C10479C3
C1052005
C105C657
C1066CB6
C107131E
C107B98D
C1085FFF
C1090671
C109ACE0
C10A534A
C10AF9AD
C10BA006
C10C4653
C10CEC92
C10D92C1
C10E38DF
C10EDEE9
C10F84DE
C1102ABD
C110D084
C1117633
C1121BC8
C112C142
C11366A1
C1140BE2
C114B107
C115560E
C115FAF6
C1169FBF
C1174469
C117E8F3
C1188D5D
C11931A7
C119D5D0
C11A79D8
C11B1DC0
C11BC187
C11C652D
C11D08B2
C11DAC16
C11E4F5B
C11EF27E
C11F9582
C1203865
C120DB29
C1217DCD
C1222052
C122C2B8
C12364FF
C1240728
C124A934
C1254B22
C125ECF3
C1268EA7
C127303F
C127D1BB
C128731C
C1291461
C129B58D
C12A569E
C12AF795
C12B9874
C12C393A
C12CD9E7
C12D7A7D
C12E1AFC
C12EBB64
C12F5BB5
C12FFBF1
C1309C17
C1313C28
C131DC25
C1327C0E
C1331BE3
C09D81E0
C09D951B
C09DA8DD
C09DBD2A
C09DD206
C09DE774
C09DFD79
C09E1418
C09E2B55
C09E4334
C09E5BBA
C09E74EA
C09E8EC9
C09EA95B
C09EC4A6
C09EE0AD
C09EFD75
C09F1B04
C09F395E
C09F5888
C09F7888
C09F9963
C09FBB1E
C09FDDBE
C0A0014B
C0A025C8
C0A04B3D
C0A071AF
C0A09925
C0A0C1A5
C0A0EB34
C0A115DB
C0A1419F
C0A16E87
C0A19C9A
C0A1CBE0
C0A1FC60
C0A22E20
C0A2612A
C0A29583
C0A2CB34
C0A30246
C0A33ABF
C0A374A9
C0A3B00C
C0A3ECEF
C0A42B5D
C0A46B5D
C0A4ACF9
C0A4F03A
C0A53528
C0A57BCE
C0A5C434
C0A60E64
C0A65A69
C0A6A84C
C0A6F816
C0A749D2
C0A79D8B
C0A7F34A
C0A84B19
C0A8A504
C0A90115
C0A95F57
C0A9BFD3
C0AA2296
C0AA87A9
C0AAEF19
C0AB58EE
C0ABC535
C0AC33F9
C0ACA544
C0AD1921
C0AD8F9A
C0AE08BC
C0AE8490
C0AF0321
C0AF8479
C0B008A3
C0B08FAA
C0B11996
C0B1A673
C0B23649
C0B2C921
C0B35F07
C0B3F801
C0B49418
C0B53355
C0B5D5C0
C0B67B60
C0B7243C
C0B7D05A
C0B87FC1
C0B93276
C0B9E87E
C0BAA1DF
C0BB5E9B
C0BC1EB6
C0BCE234
C0BDA915
C0BE735C
C0BF4109
C0C0121D
C0C0E696
C0C1BE74
C0C299B4
C0C37852
C0C45A4D
C0C53F9F
C0C62842
C0C71432
C0C80367
C0C8F5DA
C0C9EB83
C0CAE458
C0CBE051
C0CCDF61
C0CDE180
C0CEE6A0
C0CFEEB5
C0D0F9B2
C0D2078A
C0D3182F
C0D42B92
C0D541A3
C0D65A53
C0D77592
C0D89350
C0D9B37B
C0DAD603
C0DBFAD7
C0DD21E4
C0DE4B1A
C0DF7666
C0E0A3B7
C0E1D2FA
C0E3041E
C0E43710
C0E56BBF
C0E6A218
C0E7DA0B
C0E91384
C0EA4E74
C0EB8AC9
C0ECC872
C0EE075E
C0EF477D
C0F088BE
C0F1CB12
C0F30E6A
C0F452B6
C0F597E7
C0F6DDF0
C0F824C2
C0F96C50
C0FAB48B
C0FBFD69
C0FD46DC
C0FE90D7
C0FFDB51
C100931F
C10138C8
C101DEA1
C10284A3
C1032ACB
C103D113
C1047776
C1051DF2
C105C481
C1066B21
C10711CD
C107B882
C1085F3D
C10905FA
C109ACB7
C10A5371
C10AFA25
C10BA0D1
C10C4772
C10CEE07
C10D948D
C10E3B03
C10EE166
C10F87B5
C1102DEE
C110D410
C1117A1A
C112200B
C112C5E1
C1136B9B
C1141138
C114B6B8
C1155C1A
C116015E
C116A682
C1174B85
C117F069
C118952C
C11939CE
C119DE4F
C11A82AE
C11B26EB
C11BCB07
C11C6F02
C11D12DA
C11DB691
C11E5A26
C11EFD9A
C11FA0EC
C120441E
C120E72E
C1218A1E
C1222CED
C122CF9C
C123722C
C124149C
C124B6ED
C125591F
C125FB33
C1269D29
C1273F02
C127E0BD
C128825C
C12923DF
C129C545
C12A6691
C12B07C2
C12BA8D8
C12C49D5
C12CEAB8
C12D8B83
C12E2C35
C12ECCCE
C12F6D51
C1300DBC
C130AE11
C1314E50
C131EE79
C1328E8E
C1332E8D
C133CE79
C09EA3EB
C09EB721
C09ECADE
C09EDF27
C09EF3FF
C09F0968
C09F1F69
C09F3603
C09F4D3C
C09F6516
C09F7D98
C09F96C3
C09FB09E
C09FCB2C
C09FE672
C0A00275
C0A01F39
C0A03CC4
C0A05B1A
C0A07A40
C0A09A3C
C0A0BB13
C0A0DCCA
C0A0FF67
C0A122F0
C0A1476A
C0A16CDB
C0A1934A
C0A1BABD
C0A1E339
C0A20CC6
C0A2376A
C0A2632C
C0A29012
C0A2BE23
C0A2ED67
C0A31DE5
C0A34FA5
C0A382AD
C0A3B706
C0A3ECB7
C0A423C8
C0A45C42
C0A4962C
C0A4D18F
C0A50E74
C0A54CE3
C0A58CE6
C0A5CE84
C0A611C7
C0A656B9
C0A69D63
C0A6E5CE
C0A73003
C0A77C0D
C0A7C9F6
C0A819C7
C0A86B8B
C0A8BF4C
C0A91513
C0A96CEC
C0A9C6E2
C0AA22FE
C0AA814B
C0AAE1D4
C0AB44A4
C0ABA9C6
C0AC1145
C0AC7B2B
C0ACE783
C0AD5659
C0ADC7B8
C0AE3BA9
C0AEB239
C0AF2B71
C0AFA75D
C0B02607
C0B0A77B
C0B12BC1
C0B1B2E5
C0B23CF0
C0B2C9ED
C0B359E5
C0B3ECE1
C0B482EB
C0B51C0B
C0B5B84B
C0B657B2
C0B6FA49
C0B7A016
C0B84921
C0B8F570
C0B9A509
C0BA57F3
C0BB0E33
C0BBC7CC
C0BC84C3
C0BD451B
C0BE08D7
C0BECFFA
C0BF9A84
C0C06876
C0C139D2
C0C20E95
C0C2E6BE
C0C3C24C
C0C4A13B
C0C58389
C0C6692F
C0C7522B
C0C83E74
C0C92E05
C0CA20D7
C0CB16E0
C0CC1018
C0CD0C76
C0CE0BEE
C0CF0E77
C0D01403
C0D11C87
C0D227F5
C0D33640
C0D4475A
C0D55B34
C0D671BF
C0D78AEB
C0D8A6A7
C0D9C4E5
C0DAE592
C0DC089E
C0DD2DF8
C0DE558D
C0DF7F4C
C0E0AB24
C0E1D901
C0E308D3
C0E43A87
C0E56E0B
C0E6A34C
C0E7DA3B
C0E912C3
C0EA4CD4
C0EB885C
C0ECC54B
C0EE038E
C0EF4316
C0F083D1
C0F1C5AF
C0F308A2
C0F44C98
C0F59183
C0F6D755
C0F81DFE
C0F96570
C0FAAD9F
C0FBF67C
C0FD3FFB
C0FE8A0F
C0FFD4AC
C1008FE4
C10135AA
C101DBA4
C10281CD
C1032820
C103CE97
C104752E
C1051BE2
C105C2AC
C106698A
C1071078
C107B772
C1085E74
C109057C
C109AC85
C10A538E
C10AFA93
C10BA192
C10C4888
C10CEF73
C10D9650
C10E3D1F
C10EE3DB
C10F8A85
C110311A
C110D798
C1117DFF
C112244C
C112CA7F
C1137097
C1141692
C114BC70
C115622F
C11607D0
C116AD50
C11752B1
C117F7F0
C1189D0F
C119420C
C119E6E7
C11A8B9F
C11B3036
C11BD4A9
C11C78FB
C11D1D29
C11DC135
C11E651F
C11F08E5
C11FAC8A
C120500C
C120F36C
C12196AA
C12239C7
C122DCC3
C1237F9D
C1242257
C124C4F1
C125676A
C12609C4
C126ABFF
C1274E1B
C127F019
C12891F9
C12933BB
C129D561
C12A76EA
C12B1857
C12BB9A8
C12C5ADE
C12CFBFA
C12D9CFB
C12E3DE3
C12EDEB1
C12F7F67
C1302005
C130C08B
C13160FA
C1320152
C132A194
C13341C1
C133E1D8
C13481DA
C09FC6EC
C09FDA1E
C09FEDD7
C0A0021C
C0A016EF
C0A02C55
C0A04251
C0A058E7
C0A0701B
C0A087F2
C0A0A06F
C0A0B997
C0A0D36D
C0A0EDF7
C0A10939
C0A12538
C0A141F9
C0A15F7F
C0A17DD1
C0A19CF4
C0A1BCEC
C0A1DDBF
C0A1FF73
C0A2220D
C0A24592
C0A26A09
C0A28F78
C0A2B5E4
C0A2DD54
C0A305CE
C0A32F58
C0A359FA
C0A385B9
C0A3B29D
C0A3E0AD
C0A40FF0
C0A4406D
C0A4722B
C0A4A533
C0A4D98B
C0A50F3C
C0A5464D
C0A57EC7
C0A5B8B3
C0A5F417
C0A630FE
C0A66F6F
C0A6AF73
C0A6F115
C0A7345B
C0A77951
C0A7BFFF
C0A8086E
C0A852A9
C0A89EB9
C0A8ECA8
C0A93C80
C0A98E4C
C0A9E215
C0AA37E5
C0AA8FC8
C0AAE9C8
C0AB45EF
C0ABA448
C0AC04DF
C0AC67BD
C0ACCCED
C0AD347B
C0AD9E72
C0AE0ADC
C0AE79C4
C0AEEB36
C0AF5F3D
C0AFD5E2
C0B04F31
C0B0CB36
C0B149FA
C0B1CB88
C0B24FEA
C0B2D72B
C0B36155
C0B3EE72
C0B47E8C
C0B511AC
C0B5A7DA
C0B64121
C0B6DD89
C0B77D1A
C0B81FDC
C0B8C5D6
C0B96F10
C0BA1B90
C0BACB5C
C0BB7E7B
C0BC34F1
C0BCEEC2
C0BDABF4
C0BE6C88
C0BF3083
C0BFF7E6
C0C0C2B3
C0C190EB
C0C2628D
C0C33799
C0C4100E
C0C4EBEA
C0C5CB29
C0C6ADC9
C0C793C4
C0C87D16
C0C969B9
C0CA59A6
C0CB4CD5
C0CC433F
C0CD3CD9
C0CE399C
C0CF397B
C0D03C6D
C0D14265
C0D24B57
C0D35736
C0D465F3
C0D57782
C0D68BD3
C0D7A2D7
C0D8BC7E
C0D9D8B8
C0DAF775
C0DC18A4
C0DD3C33
C0DE6212
C0DF8A2F
C0E0B477
C0E1E0D9
C0E30F44
C0E43FA4
C0E571E7
C0E6A5FD
C0E7DBD2
C0E91354
C0EA4C73
C0EB871B
C0ECC33C
C0EE00C4
C0EF3FA2
C0F07FC5
C0F1C11D
C0F30399
C0F4472A
C0F58BBF
C0F6D14A
C0F817BC
C0F95F06
C0FAA719
C0FBEFE9
C0FD3968
C0FE8389
C0FFCE3F
C1008CBF
C101329E
C101D8B6
C1027F01
C103257B
C103CC1E
C10472E5
C10519CD
C105C0D0
C10667EA
C1070F17
C107B654
C1085D9C
C10904ED
C109AC42
C10A5399
C10AFAEE
C10BA23F
C10C4989
C10CF0CA
C10D97FF
C10E3F27
C10EE63D
C10F8D42
C1103434
C110DB0F
C11181D3
C112287F
C112CF11
C1137588
C1141BE2
C114C21F
C115683E
C1160E3E
C116B41E
C11759DD
C117FF7B
C118A4F7
C1194A52
C119EF89
C11A949E
C11B3990
C11BDE5F
C11C830A
C11D2791
C11DCBF5
C11E7036
C11F1452
C11FB84C
C1205C22
C120FFD5
C121A365
C12246D2
C122EA1D
C1238D46
C124304C
C124D331
C12575F5
C1261899
C126BB1B
C1275D7E
C127FFC1
C128A1E5
C12943EA
C129E5D1
C12A879A
C12B2946
C12BCAD5
C12C6C47
C12D0D9E
C12DAED9
C12E4FF9
C12EF0FF
C12F91EC
C13032BE
C130D378
C131741A
C13214A3
C132B515
C1335571
C133F5B6
C13495E5
C13535FE
C0A0EADC
C0A0FE09
C0A111BF
C0A125FF
C0A13ACF
C0A15030
C0A16628
C0A17CBB
C0A193EB
C0A1ABBE
C0A1C437
C0A1DD5B
C0A1F72E
C0A211B4
C0A22CF2
C0A248EE
C0A265AA
C0A2832E
C0A2A17C
C0A2C09B
C0A2E090
C0A30160
C0A32311
C0A345A7
C0A3692A
C0A38D9E
C0A3B30A
C0A3D973
C0A400E1
C0A42958
C0A452E1
C0A47D80
C0A4A93E
C0A4D621
C0A5042F
C0A53371
C0A563ED
C0A595AA
C0A5C8B2
C0A5FD0A
C0A632BB
C0A669CD
C0A6A248
C0A6DC34
C0A7179A
C0A75482
C0A792F6
C0A7D2FD
C0A814A1
C0A857EC
C0A89CE5
C0A8E398
C0A92C0C
C0A9764C
C0A9C263
C0AA1058
C0AA6038
C0AAB20B
C0AB05DD
C0AB5BB6
C0ABB3A3
C0AC0DAE
C0AC69E0
C0ACC846
C0AD28E9
C0AD8BD5
C0ADF115
C0AE58B2
C0AEC2BA
C0AF2F35
C0AF9E31
C0B00FB6
C0B083D1
C0B0FA8D
C0B173F3
C0B1F010
C0B26EED
C0B2F096
C0B37514
C0B3FC73
C0B486BC
C0B513F9
C0B5A434
C0B63777
C0B6CDCB
C0B76738
C0B803C8
C0B8A382
C0B9466F
C0B9EC97
C0BA95FF
C0BB42B0
C0BBF2AF
C0BCA601
C0BD5CAD
C0BE16B7
C0BED423
C0BF94F3
C0C0592D
C0C120D0
C0C1EBDF
C0C2BA5B
C0C38C44
C0C46199
C0C53A59
C0C61682
C0C6F611
C0C7D903
C0C8BF52
C0C9A8FB
C0CA95F6
C0CB863E
C0CC79CA
C0CD7093
C0CE6A90
C0CF67B7
C0D067FD
C0D16B57
C0D271BB
C0D37B1A
C0D48768
C0D59698
C0D6A89B
C0D7BD62
C0D8D4DE
C0D9EF00
C0DB0BB7
C0DC2AF3
C0DD4CA3
C0DE70B6
C0DF9719
C0E0BFBD
C0E1EA8E
C0E3177B
C0E44671
C0E5775F
C0E6AA33
C0E7DEDA
C0E91541
C0EA4D58
C0EB870C
C0ECC24C
C0EDFF05
C0EF3D26
C0F07C9F
C0F1BD5E
C0F2FF52
C0F4426C
C0F5869C
C0F6CBD0
C0F811FB
C0F9590E
C0FAA0F9
C0FBE9AE
C0FD3320
C0FE7D42
C0FFC805
C10089AF
C1012FA0
C101D5D0
C1027C39
C10322D6
C103C9A1
C1047095
C10517AE
C105BEE6
C1066639
C1070DA4
C107B521
C1085CAD
C1090445
C109ABE4
C10A5387
C10AFB2C
C10BA2CF
C10C4A6D
C10CF203
C10D9990
C10E4110
C10EE881
C10F8FE2
C1103730
C110DE69
C111858D
C1122C98
C112D38A
C1137A61
C114211D
C114C7BB
C1156E3B
C116149C
C116BADD
C11760FD
C11806FC
C118ACD8
C1195292
C119F829
C11A9D9D
C11B42ED
C11BE819
C11C8D21
C11D3204
C11DD6C3
C11E7B5D
C11F1FD3
C11FC424
C1206851
C1210C5A
C121B03F
C12253FF
C122F79D
C1239B16
C1243E6D
C124E1A1
C12584B2
C12627A2
C126CA6F
C1276D1C
C1280FA7
C128B212
C129545D
C129F688
C12A9894
C12B3A82
C12BDC51
C12C7E03
C12D1F98
C12DC10F
C12E626B
C12F03AB
C12FA4D0
C13045DB
C130E6CB
C13187A1
C132285F
C132C904
C1336991
C1340A06
C134AA64
C1354AAC
C135EADE
C0A20FB1
C0A222DB
C0A2368C
C0A24AC9
C0A25F95
C0A274F3
C0A28AE7
C0A2A176
C0A2B8A3
C0A2D072
C0A2E8E7
C0A30208
C0A31BD7
C0A3365A
C0A35195
C0A36D8D
C0A38A46
C0A3A7C6
C0A3C611
C0A3E52D
C0A4051F
C0A425EC
C0A4479A
C0A46A2E
C0A48DAD
C0A4B21F
C0A4D788
C0A4FDF0
C0A5255B
C0A54DD1
C0A57757
C0A5A1F5
C0A5CDB2
C0A5FA93
C0A628A0
C0A657E1
C0A6885C
C0A6BA1A
C0A6ED21
C0A72179
C0A7572B
C0A78E3D
C0A7C6B9
C0A800A7
C0A83C0F
C0A878FA
C0A8B770
C0A8F77A
C0A93921
C0A97C6F
C0A9C16D
C0AA0824
C0AA509E
C0AA9AE4
C0AAE701
C0AB34FD
C0AB84E4
C0ABD6C0
C0AC2A9A
C0AC807D
C0ACD874
C0AD328A
C0AD8EC8
C0ADED3A
C0AE4DEA
C0AEB0E4
C0AF1633
C0AF7DE0
C0AFE7F8
C0B05486
C0B0C394
C0B1352D
C0B1A95D
C0B2202E
C0B299AC
C0B315E1
C0B394D8
C0B4169B
C0B49B36
C0B522B2
C0B5AD1A
C0B63A77
C0B6CAD4
C0B75E3A
C0B7F4B2
C0B88E45
C0B92AFD
C0B9CAE1
C0BA6DF9
C0BB144D
C0BBBDE4
C0BC6AC5
C0BD1AF6
C0BDCE7C
C0BE855E
C0BF3FA0
C0BFFD45
C0C0BE52
C0C182C9
C0C24AAC
C0C315FD
C0C3E4BD
C0C4B6EC
C0C58C8A
C0C66594
C0C7420A
C0C821E8
C0C9052B
C0C9EBCE
C0CAD5CC
C0CBC31F
C0CCB3C1
C0CDA7AA
C0CE9ED3
C0CF9931
C0D096BB
C0D19767
C0D29B2A
C0D3A1F7
C0D4ABC3
C0D5B881
C0D6C822
C0D7DA98
C0D8EFD5
C0DA07CA
C0DB2266
C0DC3F99
C0DD5F53
C0DE8184
C0DFA618
C0E0CD01
C0E1F62A
C0E32184
C0E44EFB
C0E57E7D
C0E6AFF9
C0E7E35C
C0E91893
C0EA4F8E
C0EB8839
C0ECC282
C0EDFE58
C0EF3BAA
C0F07A65
C0F1BA78
C0F2FBD3
C0F43E64
C0F5821C
C0F6C6EA
C0F80CBE
C0F95389
C0FA9B3C
C0FBE3C9
C0FD2D21
C0FE7735
C0FFC1F9
C10086B0
C1012CAE
C101D2F1
C1027973
C103202E
C103C71C
C1046E39
C105157F
C105BCE9
C1066472
C1070C17
C107B3D2
C1085B9F
C109037C
C109AB63
C10A5352
C10AFB44
C10BA337
C10C4B28
C10CF313
C10D9AF7
C10E42D0
C10EEA9C
C10F9259
C1103A04
C110E19C
C111891F
C112308A
C112D7DE
C1137F17
C1142634
C114CD35
C1157418
C1161ADC
C116C180
C1176803
C1180E64
C118B4A4
C1195AC0
C11A00B9
C11AA68E
C11B4C3E
C11BF1CA
C11C9731
C11D3C73
C11DE190
C11E8687
C11F2B59
C11FD005
C120748C
C12118ED
C121BD2A
C1226141
C1230534
C123A902
C1244CAB
C124F031
C1259393
C12636D2
C126D9ED
C1277CE6
C1281FBD
C128C272
C1296506
C12A0779
C12AA9CB
C12B4BFD
C12BEE10
C12C9004
C12D31DA
C12DD391
C12E752B
C12F16A8
C12FB809
C130594D
C130FA77
C1319B85
C1323C79
C132DD54
C1337E15
C1341EBD
C134BF4D
C1355FC5
C1360027
C136A071
C0A33563
C0A3488A
C0A35C38
C0A37071
C0A3853A
C0A39A94
C0A3B085
C0A3C710
C0A3DE3A
C0A3F606
C0A40E78
C0A42795
C0A44161
C0A45BE0
C0A47718
C0A4930D
C0A4AFC3
C0A4CD40
C0A4EB88
C0A50AA1
C0A52A91
C0A54B5B
C0A56D06
C0A58F97
C0A5B315
C0A5D784
C0A5FCEB
C0A62351
C0A64ABA
C0A6732E
C0A69CB3
C0A6C750
C0A6F30B
C0A71FEB
C0A74DF8
C0A77D38
C0A7ADB3
C0A7DF71
C0A81278
C0A846D0
C0A87C83
C0A8B396
C0A8EC14
C0A92603
C0A9616D
C0A99E5A
C0A9DCD3
C0AA1CE0
C0AA5E8C
C0AAA1DE
C0AAE6E0
C0AB2D9C
C0AB761B
C0ABC067
C0AC0C8A
C0AC5A8E
C0ACAA7D
C0ACFC60
C0AD5044
C0ADA631
C0ADFE32
C0AE5852
C0AEB49C
C0AF131B
C0AF73D9
C0AFD6E1
C0B03C3E
C0B0A3FC
C0B10E25
C0B17AC4
C0B1E9E5
C0B25B92
C0B2CFD7
C0B346BE
C0B3C053
C0B43CA0
C0B4BBB0
C0B53D8F
C0B5C245
C0B649DE
C0B6D465
C0B761E2
C0B7F261
C0B885E9
C0B91C86
C0B9B63F
C0BA531E
C0BAF32B
C0BB966E
C0BC3CEF
C0BCE6B4
C0BD93C5
C0BE4428
C0BEF7E2
C0BFAEF9
C0C06972
C0C12751
C0C1E899
C0C2AD4D
C0C37570
C0C44102
C0C51006
C0C5E27B
C0C6B860
C0C791B4
C0C86E76
C0C94EA3
C0CA3236
C0CB192C
C0CC037F
C0CCF12A
C0CDE226
C0CED66B
C0CFCDF1
C0D0C8B0
C0D1C69D
C0D2C7AF
C0D3CBD9
C0D4D310
C0D5DD48
C0D6EA74
C0D7FA86
C0D90D6F
C0DA2321
C0DB3B8D
C0DC56A2
C0DD7451
C0DE9489
C0DFB739
C0E0DC50
C0E203BC
C0E32D6B
C0E4594C
C0E5874D
C0E6B75B
C0E7E964
C0E91D55
C0EA531E
C0EB8AAA
C0ECC3E9
C0EDFEC7
C0EF3B34
C0F0791E
C0F1B872
C0F2F920
C0F43B16
C0F57E44
C0F6C29A
C0F80806
C0F94E7A
C0FA95E6
C0FBDE3A
C0FD2769
C0FE7162
C0FFBC1A
C10083C1
C10129C6
C101D016
C10276AB
C1031D7F
C103C48C
C1046BCC
C105133B
C105BAD3
C106628F
C1070A6A
C107B260
C1085A6C
C109028B
C109AAB8
C10A52F0
C10AFB2E
C10BA371
C10C4BB3
C10CF3F2
C10D9C2C
C10E445D
C10EEC84
C10F949C
C1103CA5
C110E49C
C1118C7E
C112344B
C112DC00
C113839C
C1142B1D
C114D282
C11579C9
C11620F2
C116C7FA
C1176EE2
C11815A9
C118BC4D
C11962CD
C11A092A
C11AAF63
C11B5577
C11BFB65
C11CA12E
C11D46D1
C11DEC4E
C11E91A5
C11F36D5
C11FDBE0
C12080C3
C1212581
C121CA18
C1226E89
C12312D4
C123B6F9
C1245AF9
C124FED4
C125A28A
C126461B
C126E987
C1278CD0
C1282FF6
C128D2F8
C12975D8
C12A1895
C12ABB30
C12B5DAB
C12C0004
C12CA23D
C12D4457
C12DE651
C12E882C
C12F29E9
C12FCB88
C1306D0A
C1310E6F
C131AFB8
C13250E6
C132F1F8
C13392F0
C13433CE
C134D492
C135753E
C13615D1
C136B64C
C13756B0
C0A45BEC
C0A46F0F
C0A482BA
C0A496F0
C0A4ABB5
C0A4C10C
C0A4D6FA
C0A4ED82
C0A504A8
C0A51C71
C0A534E0
C0A54DFA
C0A567C3
C0A58240
C0A59D74
C0A5B966
C0A5D61A
C0A5F394
C0A611D9
C0A630F0
C0A650DC
C0A671A4
C0A6934D
C0A6B5DC
C0A6D958
C0A6FDC5
C0A7232A
C0A7498E
C0A770F6
C0A79968
C0A7C2EC
C0A7ED88
C0A81942
C0A84621
C0A8742E
C0A8A36E
C0A8D3E9
C0A905A6
C0A938AE
C0A96D07
C0A9A2BA
C0A9D9CF
C0AA124E
C0AA4C40
C0AA87AC
C0AAC49C
C0AB0317
C0AB4328
C0AB84D7
C0ABC82D
C0AC0D34
C0AC53F6
C0AC9C7B
C0ACE6CD
C0AD32F7
C0AD8102
C0ADD0F8
C0AE22E4
C0AE76D1
C0AECCC7
C0AF24D3
C0AF7EFF
C0AFDB55
C0B039E0
C0B09AAB
C0B0FDC1
C0B1632E
C0B1CAFC
C0B23535
C0B2A1E7
C0B3111A
C0B382DB
C0B3F735
C0B46E32
C0B4E7DE
C0B56443
C0B5E36D
C0B66566
C0B6EA38
C0B771EF
C0B7FC94
C0B88A31
C0B91AD1
C0B9AE7C
C0BA453D
C0BADF1C
C0BB7C22
C0BC1C58
C0BCBFC6
C0BD6672
C0BE1066
C0BEBDA6
C0BF6E3A
C0C02228
C0C0D974
C0C19424
C0C2523C
C0C313BF
C0C3D8B0
C0C4A111
C0C56CE5
C0C63C2B
C0C70EE5
C0C7E511
C0C8BEAF
C0C99BBD
C0CA7C37
C0CB601A
C0CC4762
C0CD320A
C0CE200C
C0CF1160
C0D00601
C0D0FDE5
C0D1F903
C0D2F753
C0D3F8C9
C0D4FD5A
C0D604FA
C0D70F9E
C0D81D37
C0D92DB9
C0DA4114
C0DB573B
C0DC701D
C0DD8BAB
C0DEA9D5
C0DFCA8A
C0E0EDB9
C0E21350
C0E33B40
C0E46574
C0E591DC
C0E6C066
C0E7F0FE
C0E92394
C0EA5814
C0EB8E6C
C0ECC68B
C0EE005C
C0EF3BD0
C0F078D3
C0F1B754
C0F2F741
C0F43889
C0F57B1B
C0F6BEE6
C0F803D9
C0F949E4
C0FA90F8
C0FBD904
C0FD21FA
C0FE6BCA
C0FFB666
C10080E0
C10126E6
C101CD3D
C10273DF
C1031AC7
C103C1ED
C104694C
C10510DF
C105B8A1
C106608B
C1070899
C107B0C6
C108590E
C109016C
C109A9DD
C10A525B
C10AFAE4
C10BA373
C10C4C05
C10CF497
C10D9D26
C10E45AF
C10EEE2F
C10F96A3
C1103F09
C110E75E
C1118FA1
C11237D0
C112DFE7
C11387E7
C1142FCC
C114D796
C1157F43
C11626D1
C116CE41
C117758F
C1181CBC
C118C3C6
C1196AAE
C11A1171
C11AB80F
C11B5E89
C11C04DC
C11CAB0A
C11D5110
C11DF6F1
C11E9CAA
C11F423C
C11FE7A7
C1208CEA
C1213206
C121D6FB
C1227BC9
C1232070
C123C4F0
C1246949
C1250D7C
C125B188
C126556F
C126F930
C1279CCC
C1284043
C128E395
C12986C4
C12A29CF
C12ACCB7
C12B6F7C
C12C1220
C12CB4A1
C12D5701
C12DF941
C12E9B60
C12F3D60
C12FDF41
C1308103
C13122A7
C131C42D
C1326597
C13306E4
C133A816
C134492C
C134EA27
C1358B09
C1362BD0
C136CC7F
C1376D15
C1380D92
C0A58342
C0A59662
C0A5AA0A
C0A5BE3D
C0A5D2FF
C0A5E853
C0A5FE3E
C0A614C3
C0A62BE7
C0A643AC
C0A65C18
C0A6752F
C0A68EF6
C0A6A970
C0A6C4A2
C0A6E091
C0A6FD42
C0A71AB9
C0A738FD
C0A75811
C0A777FB
C0A798C1
C0A7BA67
C0A7DCF4
C0A8006E
C0A824DA
C0A84A3D
C0A8709F
C0A89806
C0A8C077
C0A8E9FA
C0A91495
C0A9404E
C0A96D2D
C0A99B39
C0A9CA79
C0A9FAF4
C0AA2CB2
C0AA5FBA
C0AA9415
C0AAC9C9
C0AB00E0
C0AB3961
C0AB7354
C0ABAEC3
C0ABEBB5
C0AC2A34
C0AC6A49
C0ACABFC
C0ACEF57
C0AD3462
C0AD7B29
C0ADC3B4
C0AE0E0C
C0AE5A3D
C0AEA850
C0AEF84E
C0AF4A43
C0AF9E38
C0AFF439
C0B04C4F
C0B0A686
C0B102E8
C0B16180
C0B1C259
C0B2257E
C0B28AF9
C0B2F2D7
C0B35D22
C0B3C9E5
C0B4392B
C0B4AB00
C0B51F6F
C0B59682
C0B61045
C0B68CC2
C0B70C05
C0B78E19
C0B81307
C0B89ADA
C0B9259E
C0B9B35B
C0BA441B
C0BAD7E9
C0BB6ECE
C0BC08D3
C0BCA600
C0BD465E
C0BDE9F6
C0BE90CF
C0BF3AEF
C0BFE85F
C0C09924
C0C14D45
C0C204C6
C0C2BFAC
C0C37DFC
C0C43FB9
C0C504E7
C0C5CD86
C0C6999A
C0C76923
C0C83C22
C0C91295
C0C9EC7B
C0CAC9D4
C0CBAA9B
C0CC8ECD
C0CD7667
C0CE6163
C0CF4FBA
C0D04167
C0D13662
C0D22EA3
C0D32A20
C0D428D1
C0D52AAB
C0D62FA2
C0D737AA
C0D842B9
C0D950BF
C0DA61AF
C0DB757C
C0DC8C16
C0DDA56E
C0DEC174
C0DFE018
C0E10149
C0E224F6
C0E34B0F
C0E47380
C0E59E39
C0E6CB28
C0E7FA39
C0E92B5C
C0EA5E7E
C0EB938C
C0ECCA73
C0EE0323
C0EF3D87
C0F0798F
C0F1B728
C0F2F640
C0F436C6
C0F578A8
C0F6BBD5
C0F8003D
C0F945CD
C0FA8C77
C0FBD42A
C0FD1CD7
C0FE666E
C0FFB0E0
C1007E10
C101240F
C101CA66
C102710F
C1031804
C103BF3E
C10466B7
C1050E69
C105B64F
C1065E62
C107069F
C107AF00
C1085780
C109001A
C109A8CB
C10A518D
C10AFA5D
C10BA337
C10C4C18
C10CF4FB
C10D9DDE
C10E46BD
C10EEF95
C10F9864
C1104126
C110E9DB
C111927E
C1123B0E
C112E388
C1138BEC
C1143436
C114DC66
C115847A
C1162C6F
C116D446
C1177BFD
C1182392
C118CB05
C1197254
C11A1980
C11AC086
C11B6767
C11C0E22
C11CB4B7
C11D5B24
C11E016A
C11EA788
C11F4D7E
C11FF34D
C12098F3
C1213E71
C121E3C7
C12288F4
C1232DF9
C123D2D7
C124778C
C1251C1A
C125C081
C12664C0
C12708D9
C127ACCB
C1285097
C128F43D
C12997BE
C12A3B1A
C12ADE52
C12B8165
C12C2455
C12CC722
C12D69CC
C12E0C54
C12EAEBB
C12F5101
C12FF326
C130952B
C1313711
C131D8D8
C1327A81
C1331C0C
C133BD7A
C1345ECB
C1350000
C135A11A
C1364219
C136E2FD
C13783C8
C1382479
C138C512
C0A6AB5E
C0A6BE7C
C0A6D221
C0A6E651
C0A6FB10
C0A71062
C0A7264A
C0A73CCC
C0A753ED
C0A76BB0
C0A78419
C0A79D2E
C0A7B6F1
C0A7D169
C0A7EC98
C0A80885
C0A82533
C0A842A9
C0A860EA
C0A87FFC
C0A89FE4
C0A8C0A8
C0A8E24C
C0A904D8
C0A92850
C0A94CBA
C0A9721C
C0A9987D
C0A9BFE2
C0A9E853
C0AA11D5
C0AA3C6F
C0AA6828
C0AA9507
C0AAC313
C0AAF253
C0AB22CE
C0AB548D
C0AB8796
C0ABBBF1
C0ABF1A7
C0AC28C0
C0AC6143
C0AC9B38
C0ACD6AA
C0AD139F
C0AD5222
C0AD923A
C0ADD3F1
C0AE1751
C0AE5C62
C0AEA32E
C0AEEBBE
C0AF361E
C0AF8255
C0AFD06F
C0B02076
C0B07274
C0B0C673
C0B11C7D
C0B1749E
C0B1CEE0
C0B22B4E
C0B289F3
C0B2EAD9
C0B34E0C
C0B3B397
C0B41B85
C0B485E1
C0B4F2B6
C0B5620F
C0B5D3F8
C0B6487B
C0B6BFA4
C0B7397E
C0B7B614
C0B83570
C0B8B79E
C0B93CA7
C0B9C498
C0BA4F79
C0BADD56
C0BB6E37
C0BC0228
C0BC9930
C0BD335A
C0BDD0AE
C0BE7135
C0BF14F6
C0BFBBFA
C0C06648
C0C113E7
C0C1C4DC
C0C2792F
C0C330E4
C0C3EC01
C0C4AA89
C0C56C80
C0C631E9
C0C6FAC6
C0C7C71A
C0C896E5
C0C96A27
C0CA40E0
C0CB1B0E
C0CBF8B1
C0CCD9C5
C0CDBE46
C0CEA630
C0CF917E
C0D0802B
C0D17230
C0D26784
C0D36021
C0D45BFD
C0D55B0E
C0D65D4A
C0D762A7
C0D86B17
C0D9768E
C0DA8501
C0DB965F
C0DCAA9D
C0DDC1A9
C0DEDB76
C0DFF7F3
C0E11710
C0E238BD
C0E35CE8
C0E4837F
C0E5AC72
C0E6D7AF
C0E80523
C0E934BD
C0EA6669
C0EB9A16
C0ECCFB1
C0EE0727
C0EF4067
C0F07B5E
C0F1B7FA
C0F2F628
C0F435D7
C0F576F5
C0F6B971
C0F7FD39
C0F9423C
C0FA886A
C0FBCFB2
C0FD1805
C0FE6152
C0FFAB8A
C1007B4F
C1012140
C101C791
C1026E3A
C1031536
C103BC7D
C1046409
C1050BD5
C105B3DA
C1065C13
C107047A
C107AD0A
C10855BE
C108FE90
C109A77E
C10A5081
C10AF996
C10BA2B8
C10C4BE4
C10CF516
C10D9E4B
C10E477E
C10EF0AE
C10F99D7
C11042F5
C110EC07
C111950A
C1123DFC
C112E6D9
C1138FA1
C1143851
C114E0E7
C1158962
C11631C0
C116DA00
C1178220
C1182A1F
C118D1FC
C11979B5
C11A214B
C11AC8BB
C11B7006
C11C172B
C11CBE28
C11D64FE
C11E0BAD
C11EB233
C11F5890
C11FFEC4
C120A4D0
C1214AB2
C121F06C
C12295FC
C1233B63
C123E0A1
C12485B6
C1252AA2
C125CF66
C1267401
C1271875
C127BCC0
C12860E4
C12904E1
C129A8B8
C12A4C68
C12AEFF2
C12B9357
C12C3697
C12CD9B2
C12D7CAA
C12E1F7E
C12EC22F
C12F64BE
C130072B
C130A976
C1314BA1
C131EDAB
C1328F96
C1333162
C133D30F
C134749E
C1351610
C135B765
C136589E
C136F9BB
C1379ABD
C1383BA5
C138DC72
C1397D27
C0A7D43A
C0A7E755
C0A7FAF7
C0A80F25
C0A823E1
C0A83930
C0A84F16
C0A86595
C0A87CB3
C0A89474
C0A8ACDB
C0A8C5ED
C0A8DFAE
C0A8FA23
C0A91551
C0A9313B
C0A94DE8
C0A96B5B
C0A9899A
C0A9A8AA
C0A9C890
C0A9E952
C0AA0AF5
C0AA2D7F
C0AA50F6
C0AA755E
C0AA9AC0
C0AAC11F
C0AAE884
C0AB10F3
C0AB3A75
C0AB650E
C0AB90C7
C0ABBDA6
C0ABEBB2
C0AC1AF3
C0AC4B6F
C0AC7D2E
C0ACB038
C0ACE495
C0AD1A4D
C0AD5167
C0AD89EC
C0ADC3E5
C0ADFF59
C0AE3C51
C0AE7AD7
C0AEBAF4
C0AEFCAF
C0AF4014
C0AF852A
C0AFCBFC
C0B01492
C0B05EF8
C0B0AB37
C0B0F959
C0B14968
C0B19B6E
C0B1EF77
C0B2458B
C0B29DB7
C0B2F805
C0B3547F
C0B3B330
C0B41424
C0B47766
C0B4DD00
C0B544FE
C0B5AF6A
C0B61C51
C0B68BBD
C0B6FDBA
C0B77252
C0B7E991
C0B86381
C0B8E02F
C0B95FA4
C0B9E1EC
C0BA6712
C0BAEF1F
C0BB7A1E
C0BC081A
C0BC991C
C0BD2D2E
C0BDC45A
C0BE5EA9
C0BEFC23
C0BF9CD2
C0C040BD
C0C0E7EC
C0C19266
C0C24033
C0C2F159
C0C3A5DE
C0C45DC7
C0C51919
C0C5D7D8
C0C69A08
C0C75FAC
C0C828C7
C0C8F55A
C0C9C566
C0CA98EB
C0CB6FE9
C0CC4A5F
C0CD284B
C0CE09AA
C0CEEE79
C0CFD6B4
C0D0C254
C0D1B155
C0D2A3B0
C0D3995E
C0D49256
C0D58E8F
C0D68E00
C0D7909E
C0D8965E
C0D99F35
C0DAAB16
C0DBB9F3
C0DCCBBF
C0DDE06B
C0DEF7EA
C0E0122B
C0E12F1E
C0E24EB3
C0E370DA
C0E49582
C0E5BC98
C0E6E60C
C0E811CC
C0E93FC4
C0EA6FE5
C0EBA21A
C0ECD651
C0EE0C78
C0EF447D
C0F07E4D
C0F1B9D5
C0F2F704
C0F435C7
C0F5760D
C0F6B7C3
C0F7FAD7
C0F93F3A
C0FA84D9
C0FBCBA4
C0FD138A
C0FE5C7C
C0FFA669
C10078A1
C1011E7C
C101C4BF
C1026B61
C103125C
C103B9AA
C1046144
C1050923
C105B142
C106599A
C1070226
C107AAE0
C10853C4
C108FCCB
C109A5F1
C10A4F31
C10AF887
C10BA1EF
C10C4B64
C10CF4E3
C10D9E67
C10E47ED
C10EF173
C10F9AF4
C110446D
C110EDDC
C111973E
C1124090
C112E9D1
C11392FD
C1143C13
C114E510
C1158DF3
C11636BA
C116DF63
C11787ED
C1183057
C118D89F
C11980C5
C11A28C6
C11AD0A2
C11B7859
C11C1FE9
C11CC752
C11D6E93
C11E15AC
C11EBC9C
C11F6363
C1200A01
C120B074
C12156BE
C121FCDE
C122A2D4
C123489F
C123EE41
C12493B8
C1253906
C125DE2A
C1268324
C12727F6
C127CC9E
C128711D
C1291574
C129B9A4
C12A5DAB
C12B018B
C12BA545
C12C48D8
C12CEC45
C12D8F8D
C12E32B0
C12ED5AF
C12F788A
C1301B42
C130BDD7
C1316049
C132029A
C132A4CA
C13346DA
C133E8C9
C1348A9A
C1352C4B
C135CDDF
C1366F54
C13710AD
C137B1E9
C138530A
C138F40F
C13994F9
C13A35C9
C0A8FDCE
C0A910E6
C0A92486
C0A938B1
C0A94D6B
C0A962B7
C0A9789A
C0A98F18
C0A9A634
C0A9BDF2
C0A9D657
C0A9EF66
C0AA0925
C0AA2398
C0AA3EC4
C0AA5AAC
C0AA7756
C0AA94C8
C0AAB305
C0AAD213
C0AAF1F8
C0AB12B8
C0AB345A
C0AB56E3
C0AB7A58
C0AB9EC0
C0ABC420
C0ABEA7F
C0AC11E2
C0AC3A52
C0AC63D3
C0AC8E6C
C0ACBA25
C0ACE704
C0AD1510
C0AD4451
C0AD74CE
C0ADA68F
C0ADD99A
C0AE0DF9
C0AE43B2
C0AE7ACE
C0AEB356
C0AEED51
C0AF28C8
C0AF65C4
C0AFA44E
C0AFE46E
C0B0262F
C0B06998
C0B0AEB3
C0B0F58B
C0B13E28
C0B18895
C0B1D4DB
C0B22305
C0B2731C
C0B2C52B
C0B3193D
C0B36F5C
C0B3C793
C0B421EB
C0B47E72
C0B4DD30
C0B53E32
C0B5A182
C0B6072B
C0B66F39
C0B6D9B6
C0B746AF
C0B7B62E
C0B8283E
C0B89CEB
C0B9143F
C0B98E47
C0BA0B0C
C0BA8A9A
C0BB0CFC
C0BB923D
C0BC1A66
C0BCA583
C0BD339E
C0BDC4C1
C0BE58F5
C0BEF044
C0BF8AB7
C0C02857
C0C0C92E
C0C16D42
C0C2149B
C0C2BF42
C0C36D3D
C0C41E93
C0C4D349
C0C58B65
C0C646EC
C0C705E2
C0C7C84A
C0C88E29
C0C95780
C0CA2451
C0CAF49E
C0CBC865
C0CC9FA8
C0CD7A65
C0CE589A
C0CF3A44
C0D01F5F
C0D107E9
C0D1F3DB
C0D2E32F
C0D3D5E0
C0D4CBE6
C0D5C538
C0D6C1CD
C0D7C19D
C0D8C49C
C0D9CAC0
C0DAD3FC
C0DBE044
C0DCEF8B
C0DE01C4
C0DF16DF
C0E02ECE
C0E14982
C0E266EA
C0E386F7
C0E4A997
C0E5CEBB
C0E6F64F
C0E82043
C0E94C84
C0EA7B01
C0EBABA7
C0ECDE64
C0EE1325
C0EF49D8
C0F0826A
C0F1BCC9
C0F2F8E2
C0F436A4
C0F575FB
C0F6B6D6
C0F7F923
C0F93CD1
C0FA81CD
C0FBC807
C0FD0F6F
C0FE57F3
C0FFA183
C1007608
C1011BC5
C101C1F1
C1026885
C1030F79
C103B6C7
C1045E67
C1050653
C105AE86
C10656F7
C106FFA3
C107A882
C1085190
C108FAC7
C109A421
C10A4D9B
C10AF72F
C10BA0D8
C10C4A93
C10CF45B
C10D9E2D
C10E4804
C10EF1DD
C10F9BB4
C1104587
C110EF51
C1119912
C11242C4
C112EC67
C11395F7
C1143F72
C114E8D6
C1159221
C1163B52
C116E466
C1178D5B
C1183631
C118DEE5
C1198778
C11A2FE6
C11AD830
C11B8054
C11C2852
C11CD028
C11D77D7
C11E1F5C
C11EC6B9
C11F6DEC
C12014F5
C120BBD3
C1216287
C1220910
C122AF6E
C12355A1
C123FBA9
C124A186
C1254739
C125ECC0
C126921D
C127374F
C127DC57
C1288135
C12925E9
C129CA74
C12A6ED6
C12B1310
C12BB721
C12C5B0B
C12CFECE
C12DA269
C12E45DF
C12EE92E
C12F8C59
C1302F5E
C130D240
C13174FE
C1321799
C132BA11
C1335C67
C133FE9C
C134A0B0
C13542A5
C135E479
C136862F
C13727C6
C137C93F
C1386A9B
C1390BDB
C139ACFE
C13A4E06
C13AEEF4
C0AA2812
C0AA3B28
C0AA4EC6
C0AA62EE
C0AA77A6
C0AA8CF1
C0AAA2D1
C0AAB94D
C0AAD066
C0AAE822
C0AB0085
C0AB1993
C0AB3350
C0AB4DC1
C0AB68EA
C0AB84D1
C0ABA179
C0ABBEE9
C0ABDD25
C0ABFC31
C0AC1C15
C0AC3CD4
C0AC5E74
C0AC80FC
C0ACA470
C0ACC8D6
C0ACEE36
C0AD1494
C0AD3BF7
C0AD6466
C0AD8DE7
C0ADB880
C0ADE439
C0AE1119
C0AE3F26
C0AE6E67
C0AE9EE5
C0AED0A7
C0AF03B4
C0AF3814
C0AF6DCF
C0AFA4EE
C0AFDD78
C0B01776
C0B052F1
C0B08FF0
C0B0CE7E
C0B10EA3
C0B15067
C0B193D6
C0B1D8F7
C0B21FD4
C0B26878
C0B2B2EB
C0B2FF39
C0B34D6A
C0B39D8A
C0B3EFA2
C0B443BE
C0B499E7
C0B4F228
C0B54C8D
C0B5A91F
C0B607EB
C0B668FA
C0B6CC58
C0B73211
C0B79A2E
C0B804BD
C0B871C7
C0B8E159
C0B9537C
C0B9C83E
C0BA3FA8
C0BAB9C6
C0BB36A3
C0BBB64A
C0BC38C6
C0BCBE21
C0BD4667
C0BDD1A1
C0BE5FDB
C0BEF11E
C0BF8573
C0C01CE5
C0C0B77C
C0C15542
C0C1F63F
C0C29A7C
C0C34200
C0C3ECD3
C0C49AFB
C0C54C80
C0C60167
C0C6B9B5
C0C77571
C0C8349D
C0C8F73E
C0C9BD56
C0CA86E9
C0CB53F8
C0CC2484
C0CCF88D
C0CDD014
C0CEAB16
C0CF8993
C0D06B87
C0D150EF
C0D239C6
C0D32609
C0D415B0
C0D508B6
C0D5FF12
C0D6F8BE
C0D7F5AF
C0D8F5DC
C0D9F93B
C0DAFFC1
C0DC0962
C0DD1611
C0DE25C1
C0DF3865
C0E04DED
C0E1664C
C0E28172
C0E39F4E
C0E4BFD2
C0E5E2EB
C0E70888
C0E8309A
C0E95B0C
C0EA87CF
C0EBB6CE
C0ECE7F9
C0EE1B3D
C0EF5087
C0F087C5
C0F1C0E4
C0F2FBD1
C0F4387A
C0F576CE
C0F6B6B8
C0F7F828
C0F93B0C
C0FA7F51
C0FBC4E7
C0FD0BBD
C0FE53C0
C0FF9CE1
C1007388
C101191F
C101BF2C
C10265A9
C1030C8E
C103B3D3
C1045B73
C1050366
C105ABA5
C106542A
C106FCEF
C107A5EE
C1084F21
C108F882
C109A20C
C10A4BBB
C10AF588
C10B9F70
C10C496D
C10CF37C
C10D9D97
C10E47BC
C10EF1E6
C10F9C12
C110463C
C110F061
C1119A7D
C112448F
C112EE93
C1139886
C1144267
C114EC32
C11595E5
C1163F7F
C116E8FE
C117925F
C1183BA1
C118E4C3
C1198DC4
C11A36A1
C11ADF59
C11B87ED
C11C305A
C11CD89F
C11D80BD
C11E28B1
C11ED07C
C11F781D
C1201F94
C120C6E0
C1216E00
C12214F5
C122BBBF
C123625C
C12408CD
C124AF13
C125552D
C125FB1A
C126A0DC
C1274673
C127EBDE
C128911D
C1293632
C129DB1D
C12A7FDD
C12B2473
C12BC8E0
C12C6D23
C12D113E
C12DB531
C12E58FC
C12EFCA0
C12FA01D
C1304374
C130E6A5
C13189B1
C1322C99
C132CF5D
C13371FD
C134147B
C134B6D6
C1355910
C135FB29
C1369D21
C1373EFA
C137E0B3
C138824E
C13923CB
C139C52A
C13A666D
C13B0793
C13BA89E
C0AB5301
C0AB6615
C0AB79B0
C0AB8DD7
C0ABA28C
C0ABB7D5
C0ABCDB3
C0ABE42D
C0ABFB44
C0AC12FE
C0AC2B5F
C0AC446B
C0AC5E26
C0AC7895
C0AC93BD
C0ACAFA2
C0ACCC49
C0ACE9B7
C0AD07F2
C0AD26FD
C0AD46DF
C0AD679D
C0AD893C
C0ADABC3
C0ADCF36
C0ADF39C
C0AE18FB
C0AE3F59
C0AE66BB
C0AE8F2A
C0AEB8AB
C0AEE344
C0AF0EFE
C0AF3BDE
C0AF69EB
C0AF992E
C0AFC9AD
C0AFFB70
C0B02E7F
C0B062E1
C0B0989E
C0B0CFBF
C0B1084C
C0B1424D
C0B17DCB
C0B1BACE
C0B1F960
C0B23989
C0B27B52
C0B2BEC6
C0B303EC
C0B34AD0
C0B3937A
C0B3DDF5
C0B42A49
C0B47883
C0B4C8AB
C0B51ACD
C0B56EF2
C0B5C525
C0B61D71
C0B677E1
C0B6D480
C0B73358
C0B79475
C0B7F7E2
C0B85DA9
C0B8C5D7
C0B93076
C0B99D92
C0BA0D36
C0BA7F6D
C0BAF443
C0BB6BC2
C0BBE5F7
C0BC62EB
C0BCE2AB
C0BD6540
C0BDEAB7
C0BE7318
C0BEFE70
C0BF8CC8
C0C01E2B
C0C0B2A1
C0C14A35
C0C1E4F0
C0C282DC
C0C32400
C0C3C865
C0C47012
C0C51B10
C0C5C966
C0C67B19
C0C73030
C0C7E8B1
C0C8A4A0
C0C96401
C0CA26D9
C0CAED2B
C0CBB6F9
C0CC8445
C0CD5510
C0CE295B
C0CF0124
C0CFDC6B
C0D0BB2F
C0D19D6C
C0D2831F
C0D36C44
C0D458D6
C0D548CF
C0D63C28
C0D732DB
C0D82CDF
C0D92A2A
C0DA2AB4
C0DB2E73
C0DC355A
C0DD3F5E
C0DE4C73
C0DF5C8B
C0E06F98
C0E1858E
C0E29E5B
C0E3B9F2
C0E4D842
C0E5F93A
C0E71CCB
C0E842E2
C0E96B6F
C0EA965F
C0EBC3A2
C0ECF323
C0EE24D2
C0EF589C
C0F08E6E
C0F1C636
C0F2FFE0
C0F43B5B
C0F57894
C0F6B778
C0F7F7F5
C0F939F9
C0FA7D73
C0FBC250
C0FD087E
C0FE4FEE
C0FF988D
C1007126
C101168C
C101BC72
C10262D0
C103099D
C103B0D3
C104586A
C105005C
C105A8A1
C1065133
C106FA0B
C107A323
C1084C75
C108F5FC
C1099FB1
C10A498F
C10AF391
C10B9DB3
C10C47EF
C10CF240
C10D9CA2
C10E4712
C10EF18A
C10F9C08
C1104687
C110F104
C1119B7B
C11245EB
C112F04E
C1139AA4
C11444E9
C114EF1A
C1159935
C1164339
C116ED22
C11796EF
C118409F
C118EA2F
C119939E
C11A3CEB
C11AE613
C11B8F17
C11C37F5
C11CE0AB
C11D893A
C11E319F
C11ED9DB
C11F81EC
C12029D3
C120D18E
C121791E
C1222081
C122C7B8
C1236EC3
C12415A1
C124BC51
C12562D5
C126092D
C126AF57
C1275554
C127FB26
C128A0CA
C1294643
C129EB90
C12A90B1
C12B35A7
C12BDA72
C12C7F13
C12D238A
C12DC7D7
C12E6BFB
C12F0FF6
C12FB3C9
C1305775
C130FAF9
C1319E57
C132418F
C132E4A1
C133878F
C1342A58
C134CCFE
C1356F81
C13611E1
C136B41F
C137563D
C137F839
C1389A15
C1393BD3
C139DD71
C13A7EF1
C13B2053
C13BC199
C13C62C2
C0AC7E93
C0AC91A5
C0ACA53F
C0ACB963
C0ACCE17
C0ACE35D
C0ACF93A
C0AD0FB2
C0AD26C7
C0AD3E80
C0AD56DF
C0AD6FE9
C0AD89A2
C0ADA410
C0ADBF36
C0ADDB1A
C0ADF7BF
C0AE152C
C0AE3365
C0AE526F
C0AE7250
C0AE930D
C0AEB4AC
C0AED731
C0AEFAA4
C0AF1F09
C0AF4468
C0AF6AC5
C0AF9228
C0AFBA96
C0AFE417
C0B00EB1
C0B03A6B
C0B0674C
C0B0955A
C0B0C49E
C0B0F51E
C0B126E3
C0B159F3
C0B18E57
C0B1C417
C0B1FB3B
C0B233CA
C0B26DCE
C0B2A950
C0B2E657
C0B324EC
C0B3651A
C0B3A6E8
C0B3EA61
C0B42F8E
C0B47677
C0B4BF28
C0B509A9
C0B55606
C0B5A447
C0B5F478
C0B646A3
C0B69AD1
C0B6F10F
C0B74966
C0B7A3E2
C0B8008C
C0B85F71
C0B8C09C
C0B92417
C0B989ED
C0B9F22B
C0BA5CDB
C0BACA08
C0BB39BF
C0BBAC09
C0BC20F3
C0BC9888
C0BD12D2
C0BD8FDE
C0BE0FB6
C0BE9265
C0BF17F6
C0BFA073
C0C02BE8
C0C0BA5E
C0C14BE0
C0C1E077
C0C2782D
C0C3130C
C0C3B11C
C0C45266
C0C4F6F3
C0C59ECA
C0C649F3
C0C6F875
C0C7AA56
C0C85F9D
C0C9184F
C0C9D471
C0CA9407
C0CB5716
C0CC1DA1
C0CCE7A9
C0CDB531
C0CE863A
C0CF5AC5
C0D032D0
C0D10E5C
C0D1ED66
C0D2CFEB
C0D3B5E8
C0D49F5A
C0D58C3A
C0D67C84
C0D77030
C0D86738
C0D96193
C0DA5F38
C0DB601E
C0DC643A
C0DD6B81
C0DE75E7
C0DF8361
C0E093E0
C0E1A757
C0E2BDB7
C0E3D6F2
C0E4F2F9
C0E611BB
C0E73327
C0E8572E
C0E97DBE
C0EAA6C5
C0EBD233
C0ECFFF4
C0EE2FF7
C0EF6229
C0F09677
C0F1CCD0
C0F30520
C0F43F56
C0F57B5D
C0F6B924
C0F7F898
C0F939A8
C0FA7C3F
C0FBC04E
C0FD05C1
C0FE4C88
C0FF9491
C1006EE6
C1011413
C101B9C8
C1025FFD
C10306AB
C103ADC9
C1045550
C104FD38
C105A57C
C1064E13
C106F6F7
C107A022
C108498E
C108F334
C1099D0E
C10A4717
C10AF149
C10B9BA0
C10C4615
C10CF0A5
C10D9B4B
C10E4601
C10EF0C5
C10F9B91
C1104663
C110F135
C1119C06
C11246D1
C112F193
C1139C49
C11446F1
C114F188
C1159C0A
C1164677
C116F0CB
C1179B04
C1184521
C118EF20
C11998FE
C11A42BB
C11AEC55
C11B95CA
C11C3F19
C11CE842
C11D9143
C11E3A1B
C11EE2C9
C11F8B4D
C12033A6
C120DBD3
C12183D4
C1222BA8
C122D350
C1237ACA
C1242216
C124C935
C1257026
C12616EA
C126BD7F
C12763E7
C1280A22
C128B02E
C129560E
C129FBC0
C12AA146
C12B469F
C12BEBCC
C12C90CD
C12D35A3
C12DDA4E
C12E7ECE
C12F2324
C12FC751
C1306B54
C1310F2F
C131B2E2
C132566E
C132F9D2
C1339D10
C1344029
C134E31C
C13585EB
C1362896
C136CB1D
C1376D82
C1380FC5
C138B1E6
C13953E6
C139F5C7
C13A9787
C13B3929
C13BDAAC
C13C7C11
C13D1D5A
C0ADAAC3
C0ADBDD3
C0ADD16B
C0ADE58E
C0ADFA40
C0AE0F84
C0AE2560
C0AE3BD5
C0AE52E9
C0AE6AA0
C0AE82FD
C0AE9C06
C0AEB5BE
C0AED02A
C0AEEB4F
C0AF0731
C0AF23D6
C0AF4141
C0AF5F79
C0AF7E82
C0AF9E62
C0AFBF1E
C0AFE0BC
C0B00341
C0B026B3
C0B04B18
C0B07076
C0B096D3
C0B0BE36
C0B0E6A5
C0B11026
C0B13AC0
C0B1667B
C0B1935C
C0B1C16C
C0B1F0B1
C0B22132
C0B252F9
C0B2860B
C0B2BA71
C0B2F033
C0B32759
C0B35FEC
C0B399F3
C0B3D578
C0B41283
C0B4511D
C0B49150
C0B4D323
C0B516A1
C0B55BD3
C0B5A2C3
C0B5EB7A
C0B63603
C0B68267
C0B6D0B0
C0B720EA
C0B7731D
C0B7C756
C0B81D9E
C0B87600
C0B8D087
C0B92D3D
C0B98C2F
C0B9ED67
C0BA50F1
C0BAB6D6
C0BB1F24
C0BB89E4
C0BBF723
C0BC66EB
C0BCD949
C0BD4E47
C0BDC5F1
C0BE4051
C0BEBD74
C0BF3D64
C0BFC02C
C0C045D7
C0C0CE70
C0C15A02
C0C1E896
C0C27A36
C0C30EEE
C0C3A6C6
C0C441C7
C0C4DFFC
C0C5816C
C0C62620
C0C6CE20
C0C77973
C0C82820
C0C8DA2F
C0C98FA5
C0CA4888
C0CB04DC
C0CBC4A7
C0CC87EC
C0CD4EAE
C0CE18F0
C0CEE6B4
C0CFB7FA
C0D08CC4
C0D16511
C0D240E0
C0D3202F
C0D402FB
C0D4E942
C0D5D2FF
C0D6C02D
C0D7B0C6
C0D8A4C5
C0D99C20
C0DA96D1
C0DB94CF
C0DC960F
C0DD9A88
C0DEA22F
C0DFACF6
C0E0BAD3
C0E1CBB8
C0E2DF97
C0E3F662
C0E51009
C0E62C7E
C0E74BB1
C0E86D90
C0E9920D
C0EAB914
C0EBE295
C0ED0E7E
C0EE3CBD
C0EF6D3F
C0F09FF3
C0F1D4C6
C0F30BA4
C0F4447C
C0F57F3B
C0F6BBCE
C0F7FA23
C0F93A26
C0FA7BC6
C0FBBEF1
C0FD0393
C0FE499D
C0FF90FB
C1006CCE
C10111B9
C101B734
C1025D37
C10303BC
C103AAB9
C1045227
C104F9FF
C105A239
C1064ACE
C106F3B7
C1079CEE
C108466C
C108F02A
C1099A24
C10A4452
C10AEEAE
C10B9935
C10C43E0
C10CEEAA
C10D998E
C10E4488
C10EEF93
C10F9AAB
C11045CB
C110F0F1
C1119C18
C112473C
C112F25B
C1139D70
C114487A
C114F374
C1159E5D
C1164932
C116F3F0
C1179E95
C118491F
C118F38C
C1199DDA
C11A4808
C11AF213
C11B9BFB
C11C45BD
C11CEF5A
C11D98CE
C11E421A
C11EEB3D
C11F9435
C1203D01
C120E5A2
C1218E17
C122365E
C122DE78
C1238664
C1242E22
C124D5B2
C1257D13
C1262446
C126CB4A
C127721F
C12818C5
C128BF3D
C1296587
C12A0BA2
C12AB18F
C12B574F
C12BFCE1
C12CA246
C12D477E
C12DEC8A
C12E916A
C12F361E
C12FDAA7
C1307F06
C131233B
C131C746
C1326B29
C1330EE3
C133B275
C13455E0
C134F924
C1359C42
C1363F3B
C136E20E
C13784BE
C138274A
C138C9B3
C1396BFA
C13A0E1F
C13AB023
C13B5207
C13BF3CB
C13C9570
C13D36F6
C13DD85E
C0AED78B
C0AEEA99
C0AEFE2F
C0AF1250
C0AF2700
C0AF3C43
C0AF521D
C0AF6891
C0AF7FA4
C0AF9759
C0AFAFB5
C0AFC8BC
C0AFE273
C0AFFCDD
C0B01801
C0B033E2
C0B05085
C0B06DF0
C0B08C27
C0B0AB2F
C0B0CB0E
C0B0EBCA
C0B10D67
C0B12FEB
C0B1535D
C0B177C2
C0B19D20
C0B1C37D
C0B1EAE0
C0B2134F
C0B23CD0
C0B2676B
C0B29326
C0B2C009
C0B2EE19
C0B31D60
C0B34DE3
C0B37FAB
C0B3B2BF
C0B3E728
C0B41CED
C0B45416
C0B48CAB
C0B4C6B6
C0B5023E
C0B53F4D
C0B57DEC
C0B5BE23
C0B5FFFB
C0B6437F
C0B688B6
C0B6CFAD
C0B7186A
C0B762FA
C0B7AF66
C0B7FDB7
C0B84DF9
C0B8A036
C0B8F478
C0B94ACA
C0B9A337
C0B9FDCA
C0BA5A8D
C0BAB98B
C0BB1AD1
C0BB7E68
C0BBE45D
C0BC4CBA
C0BCB78B
C0BD24DB
C0BD94B5
C0BE0726
C0BE7C38
C0BEF3F6
C0BF6E6D
C0BFEBA6
C0C06BAE
C0C0EE8F
C0C17454
C0C1FD08
C0C288B6
C0C31767
C0C3A927
C0C43DFE
C0C4D5F7
C0C5711C
C0C60F74
C0C6B109
C0C755E4
C0C7FE0C
C0C8A989
C0C95862
C0CA0A9D
C0CAC042
C0CB7955
C0CC35DB
C0CCF5D9
C0CDB953
C0CE804D
C0CF4AC7
C0D018C6
C0D0EA49
C0D1BF51
C0D297DE
C0D373F0
C0D45383
C0D53696
C0D61D25
C0D7072D
C0D7F4A7
C0D8E58F
C0D9D9DE
C0DAD18D
C0DBCC93
C0DCCAE8
C0DDCC82
C0DED157
C0DFD95B
C0E0E483
C0E1F2C2
C0E3040B
C0E41851
C0E52F85
C0E64997
C0E7667A
C0E8861C
C0E9A86E
C0EACD5E
C0EBF4DB
C0ED1ED5
C0EE4B38
C0EF79F3
C0F0AAF5
C0F1DE29
C0F3137E
C0F44AE2
C0F58441
C0F6BF88
C0F7FCA6
C0F93B86
C0FA7C18
C0FBBE48
C0FD0204
C0FE473A
C0FF8DD9
C1006AE7
C1010F84
C101B4BB
C1025A83
C10300D5
C103A7A8
C1044EF5
C104F6B3
C1059EDB
C1064766
C106F04D
C1079988
C1084311
C108ECE2
C10996F3
C10A4140
C10AEBC2
C10B9672
C10C414D
C10CEC4C
C10D976A
C10E42A3
C10EEDF2
C10F9951
C11044BE
C110F033
C1119BAD
C1124728
C112F2A1
C1139E13
C114497D
C114F4DA
C115A028
C1164B63
C116F68B
C117A19B
C1184C92
C118F76D
C119A22B
C11A4CCA
C11AF747
C11BA1A1
C11C4BD8
C11CF5E8
C11D9FD2
C11E4993
C11EF32B
C11F9C98
C12045DB
C120EEF2
C12197DC
C1224098
C122E927
C1239188
C12439BA
C124E1BD
C1258990
C1263135
C126D8AA
C1277FEF
C1282704
C128CDEA
C12974A1
C12A1B28
C12AC180
C12B67A9
C12C0DA3
C12CB36F
C12D590D
C12DFE7D
C12EA3C0
C12F48D6
C12FEDC0
C130927D
C131370F
C131DB76
C1327FB3
C13323C6
C133C7AF
C1346B70
C1350F08
C135B279
C13655C3
C136F8E7
C1379BE5
C1383EBD
C138E172
C1398402
C13A266F
C13AC8BA
C13B6AE3
C13C0CEB
C13CAED2
C13D5099
C13DF240
C13E93C9
C0B004E4
C0B017F0
C0B02B85
C0B03FA4
C0B05453
C0B06995
C0B07F6D
C0B095DF
C0B0ACF0
C0B0C4A4
C0B0DCFF
C0B0F605
C0B10FBA
C0B12A24
C0B14546
C0B16126
C0B17DC9
C0B19B32
C0B1B968
C0B1D870
C0B1F84E
C0B21909
C0B23AA6
C0B25D2A
C0B2809B
C0B2A500
C0B2CA5E
C0B2F0BB
C0B3181F
C0B3408E
C0B36A10
C0B394AC
C0B3C068
C0B3ED4B
C0B41B5D
C0B44AA5
C0B47B2A
C0B4ACF4
C0B4E00A
C0B51475
C0B54A3C
C0B58168
C0B5BA01
C0B5F40F
C0B62F9C
C0B66CAF
C0B6AB51
C0B6EB8D
C0B72D6B
C0B770F3
C0B7B631
C0B7FD2E
C0B845F2
C0B89089
C0B8DCFC
C0B92B56
C0B97BA1
C0B9CDE7
C0BA2232
C0BA788F
C0BAD106
C0BB2BA4
C0BB8873
C0BBE77E
C0BC48D1
C0BCAC77
C0BD127A
C0BD7AE7
C0BDE5C8
C0BE5329
C0BEC316
C0BF3599
C0BFAABF
C0C02292
C0C09D1E
C0C11A6E
C0C19A8D
C0C21D87
C0C2A366
C0C32C35
C0C3B7FE
C0C446CD
C0C4D8AA
C0C56DA1
C0C605BB
C0C6A102
C0C73F7D
C0C7E138
C0C88639
C0C92E88
C0C9DA2E
C0CA8932
C0CB3B9A
C0CBF16C
C0CCAAAE
C0CD6766
C0CE2797
C0CEEB45
C0CFB275
C0D07D28
C0D14B60
C0D21D1F
C0D2F265
C0D3CB31
C0D4A784
C0D5875B
C0D66AB3
C0D7518A
C0D83BDB
C0D929A1
C0DA1AD7
C0DB0F76
C0DC0776
C0DD02D0
C0DE017B
C0DF036E
C0E0089D
C0E110FE
C0E21C85
C0E32B25
C0E43CD2
C0E5517D
C0E66918
C0E78395
C0E8A0E4
C0E9C0F4
C0EAE3B7
C0EC091A
C0ED310C
C0EE5B7C
C0EF8859
C0F0B790
C0F1E90F
C0F31CC3
C0F45299
C0F58A80
C0F6C465
C0F80034
C0F93DDB
C0FA7D47
C0FBBE66
C0FD0125
C0FE4571
C0FF8B3A
C1006936
C1010D7B
C101B264
C10257E7
C102FDFD
C103A49C
C1044BBE
C104F359
C1059B67
C10643E0
C106ECBB
C10795F3
C1083F81
C108E95C
C109937F
C10A3DE4
C10AE884
C10B9359
C10C3E5E
C10CE98D
C10D94E0
C10E4053
C10EEBE0
C10F9783
C1104338
C110EEF9
C1119AC3
C1124692
C112F262
C1139E2F
C11449F6
C114F5B3
C115A164
C1164D06
C116F895
C117A40F
C1184F72
C118FABB
C119A5E8
C11A50F8
C11AFBE7
C11BA6B5
C11C515F
C11CFBE5
C11DA644
C11E507B
C11EFA8A
C11FA46F
C1204E29
C120F7B6
C121A118
C1224A4C
C122F351
C1239C28
C12444D1
C124ED49
C1259592
C1263DAB
C126E593
C1278D4B
C12834D3
C128DC2A
C1298350
C12A2A46
C12AD10C
C12B77A2
C12C1E08
C12CC43E
C12D6A45
C12E101D
C12EB5C6
C12F5B41
C130008E
C130A5AD
C1314AA0
C131EF66
C1329401
C1333870
C133DCB4
C13480CE
C13524BE
C135C885
C1366C23
C1370F9A
C137B2E9
C1385612
C138F915
C1399BF2
C13A3EAB
C13AE13F
C13B83B1
C13C25FF
C13CC82B
C13D6A36
C13E0C21
C13EADEB
C13F4F95
C0B132C8
C0B145D3
C0B15966
C0B16D85
C0B18232
C0B19772
C0B1AD49
C0B1C3BA
C0B1DACA
C0B1F27C
C0B20AD6
C0B223DB
C0B23D8F
C0B257F8
C0B27319
C0B28EF8
C0B2AB9A
C0B2C903
C0B2E738
C0B3063F
C0B3261D
C0B346D7
C0B36874
C0B38AF7
C0B3AE69
C0B3D2CD
C0B3F82B
C0B41E89
C0B445ED
C0B46E5D
C0B497DF
C0B4C27C
C0B4EE39
C0B51B1E
C0B54931
C0B5787A
C0B5A901
C0B5DACD
C0B60DE6
C0B64253
C0B6781D
C0B6AF4C
C0B6E7E8
C0B721FA
C0B75D8A
C0B79AA1
C0B7D948
C0B81988
C0B85B6B
C0B89EFA
C0B8E43D
C0B92B40
C0B9740B
C0B9BEA9
C0BA0B24
C0BA5986
C0BAA9D9
C0BAFC28
C0BB507E
C0BBA6E4
C0BBFF66
C0BC5A10
C0BCB6EB
C0BD1602
C0BD7763
C0BDDB16
C0BE4128
C0BEA9A4
C0BF1495
C0BF8207
C0BFF206
C0C0649C
C0C0D9D5
C0C151BD
C0C1CC5E
C0C249C4
C0C2C9FB
C0C34D0D
C0C3D305
C0C45BEE
C0C4E7D3
C0C576BF
C0C608BA
C0C69DD0
C0C7360B
C0C7D173
C0C87011
C0C911F0
C0C9B717
C0CA5F8D
C0CB0B5C
C0CBBA8A
C0CC6D1D
C0CD231D
C0CDDC8E
C0CE9975
C0CF59D9
C0D01DBB
C0D0E520
C0D1B00A
C0D27E7B
C0D35075
C0D425F8
C0D4FF03
C0D5DB96
C0D6BBB0
C0D79F4D
C0D8866A
C0D97103
C0DA5F14
C0DB5096
C0DC4583
C0DD3DD5
C0DE3982
C0DF3882
C0E03ACB
C0E14054
C0E24910
C0E354F5
C0E463F5
C0E57604
C0E68B14
C0E7A316
C0E8BDFB
C0E9DBB5
C0EAFC33
C0EC1F64
C0ED4538
C0EE6D9F
C0EF9885
C0F0C5DA
C0F1F58A
C0F32785
C0F45BB8
C0F5920F
C0F6CA78
C0F804E1
C0F94136
C0FA7F65
C0FBBF5C
C0FD0106
C0FE4453
C0FF8930
C10067C5
C1010BA7
C101B037
C102556B
C102FB3A
C103A19C
C1044889
C104EFF9
C10597E3
C1064040
C106E908
C1079235
C1083BBE
C108E59C
C1098FCA
C10A3A40
C10AE4F7
C10B8FEA
C10C3B13
C10CE66C
C10D91EF
C10E3D96
C10EE95E
C10F9540
C1104138
C110ED41
C1119957
C1124576
C112F19A
C1139DBF
C11449E1
C114F5FC
C115A20E
C1164E13
C116FA09
C117A5EC
C11851B9
C118FD6F
C119A90B
C11A548B
C11AFFEC
C11BAB2D
C11C564C
C11D0147
C11DAC1C
C11E56CB
C11F0151
C11FABAE
C12055E0
C120FFE7
C121A9C1
C122536E
C122FCEC
C123A63C
C1244F5C
C124F84D
C125A10D
C126499D
C126F1FB
C1279A29
C1284225
C128E9F0
C1299189
C12A38F1
C12AE028
C12B872D
C12C2E02
C12CD4A5
C12D7B18
C12E215B
C12EC76E
C12F6D51
C1301305
C130B88A
C1315DE1
C132030A
C132A805
C1334CD4
C133F176
C13495EC
C1353A37
C135DE58
C136824F
C137261C
C137C9C0
C1386D3C
C1391090
C139B3BE
C13A56C5
C13AF9A7
C13B9C64
C13C3EFD
C13CE172
C13D83C4
C13E25F4
C13EC802
C13F69EF
C1400BBC
C0B26133
C0B2743D
C0B287CE
C0B29BEB
C0B2B097
C0B2C5D6
C0B2DBAC
C0B2F21C
C0B3092B
C0B320DC
C0B33935
C0B35238
C0B36BEC
C0B38653
C0B3A174
C0B3BD52
C0B3D9F3
C0B3F75B
C0B41590
C0B43497
C0B45474
C0B4752E
C0B496CA
C0B4B94E
C0B4DCBF
C0B50124
C0B52682
C0B54CE0
C0B57444
C0B59CB5
C0B5C638
C0B5F0D6
C0B61C94
C0B6497A
C0B6778F
C0B6A6DA
C0B6D763
C0B70931
C0B73C4C
C0B770BB
C0B7A688
C0B7DDBA
C0B81659
C0B8506F
C0B88C03
C0B8C91E
C0B907CA
C0B9480F
C0B989F7
C0B9CD8B
C0BA12D5
C0BA59DE
C0BAA2B0
C0BAED55
C0BB39D7
C0BB8841
C0BBD89D
C0BC2AF5
C0BC7F54
C0BCD5C5
C0BD2E52
C0BD8906
C0BDE5ED
C0BE4511
C0BEA67F
C0BF0A40
C0BF7060
C0BFD8EC
C0C043ED
C0C0B170
C0C12180
C0C19428
C0C20975
C0C28171
C0C2FC27
C0C379A3
C0C3F9F1
C0C47D1B
C0C5032C
C0C58C2F
C0C61830
C0C6A737
C0C73950
C0C7CE85
C0C866DF
C0C90268
C0C9A12A
C0CA432C
C0CAE878
C0CB9115
C0CC3D0C
C0CCEC63
C0CD9F22
C0CE554D
C0CF0EED
C0CFCC04
C0D08C98
C0D150AE
C0D21848
C0D2E368
C0D3B212
C0D48445
C0D55A04
C0D6334D
C0D71020
C0D7F07B
C0D8D45B
C0D9BBBD
C0DAA69E
C0DB94F8
C0DC86C6
C0DD7C01
C0DE74A2
C0DF70A1
C0E06FF5
C0E17294
C0E27875
C0E3818C
C0E48DCD
C0E59D2C
C0E6AF9B
C0E7C50E
C0E8DD75
C0E9F8C2
C0EB16E6
C0EC37CF
C0ED5B6F
C0EE81B3
C0EFAA8C
C0F0D5E7
C0F203B2
C0F333DC
C0F46651
C0F59B01
C0F6D1D7
C0F80AC1
C0F945AD
C0FA8288
C0FBC13E
C0FD01BD
C0FE43F3
C0FF87CC
C100669C
C1010A11
C101AE3C
C1025316
C102F894
C1039EAF
C104455D
C104EC97
C1059454
C1063C8D
C106E539
C1078E51
C10837CD
C108E1A7
C1098BD7
C10A3656
C10AE11E
C10B8C28
C10C376F
C10CE2EB
C10D8E97
C10E3A6E
C10EE66A
C10F9286
C1103EBD
C110EB0A
C1119768
C11243D4
C112F048
C1139CC0
C114493A
C114F5B1
C115A221
C1164E88
C116FAE2
C117A72C
C1185363
C118FF85
C119AB8E
C11A577E
C11B0350
C11BAF04
C11C5A97
C11D0607
C11DB153
C11E5C79
C11F0778
C11FB24E
C1205CF9
C121077A
C121B1CE
C1225BF5
C12305EE
C123AFB8
C1245953
C12502BD
C125ABF7
C12654FF
C126FDD7
C127A67C
C1284EEF
C128F731
C1299F40
C12A471C
C12AEEC7
C12B963F
C12C3D85
C12CE499
C12D8B7C
C12E322D
C12ED8AC
C12F7EFB
C1302519
C130CB07
C13170C5
C1321654
C132BBB4
C13360E6
C13405E9
C134AAC0
C1354F6A
C135F3E7
C1369839
C1373C60
C137E05D
C1388430
C13927D9
C139CB5B
C13A6EB4
C13B11E6
C13BB4F2
C13C57D8
C13CFA99
C13D9D35
C13E3FAE
C13EE203
C13F8436
C1402648
C140C838
C0B3901F
C0B3A327
C0B3B6B8
C0B3CAD3
C0B3DF7E
C0B3F4BC
C0B40A90
C0B420FF
C0B4380D
C0B44FBE
C0B46815
C0B48118
C0B49ACA
C0B4B531
C0B4D051
C0B4EC2F
C0B508CF
C0B52637
C0B5446B
C0B56371
C0B5834E
C0B5A408
C0B5C5A4
C0B5E828
C0B60B99
C0B62FFE
C0B6555D
C0B67BBB
C0B6A320
C0B6CB91
C0B6F516
C0B71FB4
C0B74B74
C0B7785B
C0B7A671
C0B7D5BE
C0B80649
C0B83819
C0B86B36
C0B89FA9
C0B8D578
C0B90CAD
C0B94550
C0B97F69
C0B9BB01
C0B9F821
C0BA36D1
C0BA771B
C0BAB908
C0BAFCA2
C0BB41F1
C0BB8901
C0BBD1D9
C0BC1C86
C0BC6910
C0BCB782
C0BD07E6
C0BD5A47
C0BDAEB0
C0BE052A
C0BE5DC2
C0BEB882
C0BF1574
C0BF74A5
C0BFD61F
C0C039EE
C0C0A01D
C0C108B8
C0C173C9
C0C1E15C
C0C2517E
C0C2C438
C0C33998
C0C3B1A7
C0C42C73
C0C4AA05
C0C52A69
C0C5ADAB
C0C633D5
C0C6BCF2
C0C7490D
C0C7D830
C0C86A66
C0C8FFB9
C0C99833
C0CA33DD
C0CAD2C0
C0CB74E6
C0CC1A56
C0CCC31A
C0CD6F38
C0CE1EB8
C0CED1A0
C0CF87F8
C0D041C5
C0D0FF0B
C0D1BFD0
C0D28418
C0D34BE5
C0D4173B
C0D4E61C
C0D5B889
C0D68E82
C0D76808
C0D8451A
C0D925B5
C0DA09D8
C0DAF17F
C0DBDCA6
C0DCCB48
C0DDBD60
C0DEB2E8
C0DFABD7
C0E0A827
C0E1A7CD
C0E2AAC2
C0E3B0F9
C0E4BA69
C0E5C705
C0E6D6C2
C0E7E991
C0E8FF65
C0EA1830
C0EB33E4
C0EC526F
C0ED73C3
C0EE97CF
C0EFBE83
C0F0E7CC
C0F2139A
C0F341DB
C0F4727C
C0F5A56B
C0F6DA96
C0F811EA
C0F94B55
C0FA86C2
C0FBC421
C0FD035D
C0FE4464
C0FF8723
C10065C4
C10108C0
C101AC7D
C10250F1
C102F613
C1039BDC
C1044241
C104E93C
C10590C2
C10638CC
C106E153
C1078A4E
C10833B5
C108DD81
C10987AB
C10A322C
C10ADCFD
C10B8817
C10C3373
C10CDF0D
C10D8ADC
C10E36DC
C10EE307
C10F8F57
C1103BC8
C110E853
C11194F5
C11241A8
C112EE69
C1139B32
C1144800
C114F4CF
C115A19B
C1164E61
C116FB1D
C117A7CB
C118546A
C11900F6
C119AD6C
C11A59C9
C11B060C
C11BB232
C11C5E39
C11D0A1F
C11DB5E1
C11E617F
C11F0CF6
C11FB845
C120636B
C1210E67
C121B936
C12263D9
C1230E4D
C123B893
C12462AA
C1250C90
C125B645
C1265FC9
C127091B
C127B23A
C1285B27
C12903E2
C129AC69
C12A54BD
C12AFCDE
C12BA4CC
C12C4C87
C12CF40E
C12D9B63
C12E4285
C12EE975
C12F9032
C13036BE
C130DD18
C1318341
C1322939
C132CF01
C1337499
C1341A02
C134BF3C
C1356448
C1360926
C136ADD7
C137525B
C137F6B4
C1389AE1
C1393EE3
C139E2BB
C13A866A
C13B29F1
C13BCD4F
C13C7086
C13D1396
C13DB680
C13E5944
C13EFBE4
C13F9E60
C14040B9
C140E2EF
C1418503
C0B4BF86
C0B4D28E
C0B4E61D
C0B4FA38
C0B50EE1
C0B5241E
C0B539F1
C0B5505F
C0B5676C
C0B57F1C
C0B59772
C0B5B074
C0B5CA26
C0B5E48C
C0B5FFAC
C0B61B89
C0B63828
C0B65590
C0B673C4
C0B692C9
C0B6B2A6
C0B6D360
C0B6F4FC
C0B71780
C0B73AF2
C0B75F57
C0B784B6
C0B7AB15
C0B7D27A
C0B7FAEC
C0B82472
C0B84F11
C0B87AD2
C0B8A7BB
C0B8D5D3
C0B90522
C0B935AE
C0B96781
C0B99AA0
C0B9CF16
C0BA04E8
C0BA3C20
C0BA74C6
C0BAAEE3
C0BAEA7F
C0BB27A3
C0BB6658
C0BBA6A7
C0BBE899
C0BC2C38
C0BC718E
C0BCB8A4
C0BD0183
C0BD4C37
C0BD98C8
C0BDE742
C0BE37AF
C0BE8A19
C0BEDE8B
C0BF3510
C0BF8DB2
C0BFE87D
C0C0457B
C0C0A4B8
C0C1063F
C0C16A1C
C0C1D059
C0C23902
C0C2A423
C0C311C7
C0C381FA
C0C3F4C6
C0C46A38
C0C4E25C
C0C55D3B
C0C5DAE3
C0C65B5E
C0C6DEB7
C0C764F9
C0C7EE2F
C0C87A65
C0C909A4
C0C99BF6
C0CA3167
C0CACA00
C0CB65CA
C0CC04CF
C0CCA717
C0CD4CAB
C0CDF594
C0CEA1D9
C0CF5181
C0D00494
C0D0BB16
C0D17510
C0D23284
C0D2F379
C0D3B7F2
C0D47FF3
C0D54B7E
C0D61A95
C0D6ED3A
C0D7C36D
C0D89D2F
C0D97A7E
C0DA5B59
C0DB3FBD
C0DC27A7
C0DD1314
C0DE01FD
C0DEF45F
C0DFEA32
C0E0E36E
C0E1E00D
C0E2E005
C0E3E34D
C0E4E9DA
C0E5F3A2
C0E70098
C0E810B1
C0E923DE
C0EA3A13
C0EB5341
C0EC6F59
C0ED8E4B
C0EEB008
C0EFD480
C0F0FBA1
C0F2255A
C0F3519A
C0F4804E
C0F5B165
C0F6E4CD
C0F81A72
C0F95243
C0FA8C2B
C0FBC819
C0FD05FA
C0FE45BB
C0FF8748
C1006548
C10107C0
C101AB02
C1024F05
C102F3C1
C103992D
C1043F3F
C104E5EF
C1058D34
C1063506
C106DD5D
C1078631
C1082F7A
C108D930
C109834C
C10A2DC6
C10AD898
C10B83BA
C10C2F25
C10CDAD4
C10D86C0
C10E32E2
C10EDF36
C10F8BB5
C1103859
C110E51E
C11191FE
C1123EF5
C112EBFD
C1139913
C1144631
C114F355
C115A079
C1164D9B
C116FAB6
C117A7C7
C11854CA
C11901BE
C119AE9F
C11A5B69
C11B081B
C11BB4B3
C11C612C
C11D0D87
C11DB9BF
C11E65D4
C11F11C4
C11FBD8E
C120692E
C12114A5
C121BFF0
C1226B0F
C1231601
C123C0C4
C1246B58
C12515BB
C125BFEE
C12669EF
C12713BD
C127BD59
C12866C2
C1290FF8
C129B8FA
C12A61C8
C12B0A63
C12BB2C9
C12C5AFB
C12D02F9
C12DAAC3
C12E525A
C12EF9BC
C12FA0EC
C13047E8
C130EEB2
C1319549
C1323BAE
C132E1E1
C13387E3
C1342DB4
C134D355
C13578C6
C1361E08
C136C31C
C1376801
C1380CB9
C138B143
C13955A2
C139F9D5
C13A9DDD
C13B41BA
C13BE56E
C13C88F9
C13D2C5C
C13DCF97
C13E72AB
C13F1599
C13FB861
C1405B05
C140FD84
C1419FE0
C1424219
C0B5EF64
C0B6026B
C0B615F9
C0B62A13
C0B63EBB
C0B653F7
C0B669CA
C0B68037
C0B69743
C0B6AEF1
C0B6C747
C0B6E049
C0B6F9FA
C0B71460
C0B72F7E
C0B74B5B
C0B767FA
C0B78561
C0B7A395
C0B7C29A
C0B7E277
C0B80331
C0B824CD
C0B84751
C0B86AC3
C0B88F29
C0B8B488
C0B8DAE8
C0B9024E
C0B92AC1
C0B95448
C0B97EE8
C0B9AAAA
C0B9D795
C0BA05AF
C0BA34FF
C0BA658E
C0BA9762
C0BACA85
C0BAFEFD
C0BB34D2
C0BB6C0D
C0BBA4B7
C0BBDED8
C0BC1A77
C0BC57A0
C0BC9659
C0BCD6AD
C0BD18A5
C0BD5C49
C0BDA1A5
C0BDE8C1
C0BE31A7
C0BE7C62
C0BEC8FB
C0BF177D
C0BF67F2
C0BFBA65
C0C00EE1
C0C0656F
C0C0BE1C
C0C118F2
C0C175FB
C0C1D545
C0C236D9
C0C29AC2
C0C3010E
C0C369C6
C0C3D4F6
C0C442AA
C0C4B2EE
C0C525CC
C0C59B51
C0C61388
C0C68E7C
C0C70C38
C0C78CC9
C0C81039
C0C89693
C0C91FE3
C0C9AC32
C0CA3B8C
C0CACDFB
C0CB6389
C0CBFC40
C0CC982A
C0CD3750
C0CDD9BA
C0CE7F72
C0CF2880
C0CFD4EB
C0D084BA
C0D137F6
C0D1EEA3
C0D2A8C8
C0D3666A
C0D4278E
C0D4EC37
C0D5B46A
C0D68029
C0D74F76
C0D82252
C0D8F8BF
C0D9D2BB
C0DAB047
C0DB9160
C0DC7605
C0DD5E32
C0DE49E2
C0DF3912
C0E02BBB
C0E121D8
C0E21B61
C0E3184E
C0E41896
C0E51C31
C0E62312
C0E72D30
C0E83A7F
C0E94AF2
C0EA5E7D
C0EB7511
C0EC8EA0
C0EDAB1B
C0EECA73
C0EFEC98
C0F11179
C0F23906
C0F3632E
C0F48FDE
C0F5BF05
C0F6F091
C0F8246F
C0F95A8D
C0FA92D9
C0FBCD3F
C0FD09AC
C0FE480E
C0FF8851
C1006532
C1010719
C101A9D5
C1024D5D
C102F1A7
C10396AA
C1043C5E
C104E2B9
C10589B2
C1063142
C106D960
C1078204
C1082B25
C108D4BB
C1097EBF
C10A292A
C10AD3F4
C10B7F16
C10C2A89
C10CD646
C10D8246
C10E2E85
C10EDAFA
C10F87A1
C1103473
C110E16B
C1118E84
C1123BB9
C112E905
C1139662
C11443CD
C114F141
C1159EBA
C1164C34
C116F9AB
C117A71B
C1185482
C11901DB
C119AF24
C11A5C5A
C11B0979
C11BB680
C11C636C
C11D103A
C11DBCE8
C11E6974
C11F15DD
C11FC21F
C1206E3B
C1211A2D
C121C5F5
C1227192
C1231D01
C123C842
C1247355
C1251E37
C125C8E8
C1267368
C1271DB5
C127C7CF
C12871B6
C1291B6A
C129C4E9
C12A6E33
C12B1749
C12BC02B
C12C68D7
C12D114E
C12DB991
C12E619E
C12F0977
C12FB11C
C130588C
C130FFC8
C131A6D1
C1324DA5
C132F447
C1339AB7
C13440F4
C134E6FF
C1358CD9
C1363283
C136D7FC
C1377D46
C1382260
C138C74C
C1396C0A
C13A109B
C13AB500
C13B5938
C13BFD45
C13CA128
C13D44E1
C13DE870
C13E8BD7
C13F2F16
C13FD22E
C140751F
C14117EB
C141BA92
C1425D14
C142FF73
C0B71FB5
C0B732BA
C0B74647
C0B75A60
C0B76F08
C0B78443
C0B79A14
C0B7B081
C0B7C78C
C0B7DF3A
C0B7F78F
C0B81090
C0B82A41
C0B844A6
C0B85FC4
C0B87BA0
C0B8983F
C0B8B5A6
C0B8D3D9
C0B8F2DF
C0B912BC
C0B93376
C0B95512
C0B97796
C0B99B08
C0B9BF6F
C0B9E4CF
C0BA0B2F
C0BA3296
C0BA5B0A
C0BA8492
C0BAAF34
C0BADAF7
C0BB07E3
C0BB35FF
C0BB6551
C0BB95E2
C0BBC7B9
C0BBFADE
C0BC2F59
C0BC6531
C0BC9C70
C0BCD51D
C0BD0F41
C0BD4AE5
C0BD8812
C0BDC6D0
C0BE0729
C0BE4926
C0BE8CD0
C0BED231
C0BF1954
C0BF6241
C0BFAD02
C0BFF9A3
C0C0482D
C0C098AB
C0C0EB26
C0C13FAB
C0C19643
C0C1EEFA
C0C249DB
C0C2A6F0
C0C30646
C0C367E6
C0C3CBDD
C0C43237
C0C49AFD
C0C5063D
C0C57401
C0C5E455
C0C65745
C0C6CCDC
C0C74526
C0C7C02E
C0C83DFF
C0C8BEA6
C0C9422C
C0C9C89E
C0CA5206
C0CADE6F
C0CB6DE4
C0CC006F
C0CC961A
C0CD2EEF
C0CDCAF8
C0CE6A3D
C0CF0CCA
C0CFB2A4
C0D05BD6
C0D10867
C0D1B85D
C0D26BC1
C0D32298
C0D3DCE8
C0D49AB7
C0D55C09
C0D620E2
C0D6E947
C0D7B538
C0D884BA
C0D957CD
C0DA2E71
C0DB08A8
C0DBE66F
C0DCC7C6
C0DDACAA
C0DE9517
C0DF810B
C0E07080
C0E16370
C0E259D6
C0E353AA
C0E450E4
C0E5517B
C0E65566
C0E75C9B
C0E8670F
C0E974B5
C0EA8581
C0EB9967
C0ECB059
C0EDCA48
C0EEE725
C0F006E1
C0F1296C
C0F24EB6
C0F376AE
C0F4A142
C0F5CE61
C0F6FDF9
C0F82FF9
C0F9644C
C0FA9AE2
C0FBD3A7
C0FD0E88
C0FE4B73
C0FF8A55
C100658D
C10106D8
C101A902
C1024C02
C102EFCF
C103945E
C10439A8
C104DFA3
C1058647
C1062D8A
C106D564
C1077DCC
C10826BB
C108D029
C1097A0C
C10A245F
C10ACF18
C10B7A31
C10C25A3
C10CD166
C10D7D74
C10E29C7
C10ED657
C10F831F
C1103018
C110DD3E
C1118A8A
C11237F7
C112E581
C1139321
C11440D3
C114EE93
C1159C5D
C1164A2B
C116F7FA
C117A5C7
C118538D
C1190149
C119AEF8
C11A5C97
C11B0A22
C11BB797
C11C64F2
C11D1233
C11DBF56
C11E6C58
C11F1938
C11FC5F4
C120728B
C1211EF9
C121CB3E
C1227758
C1232346
C123CF06
C1247A98
C12525FA
C125D12B
C1267C2B
C12726F8
C127D193
C1287BFA
C129262D
C129D02B
C12A79F4
C12B2388
C12BCCE7
C12C7610
C12D1F03
C12DC7C1
C12E7049
C12F189B
C12FC0B7
C130689E
C1311050
C131B7CD
C1325F15
C1330629
C133AD09
C13453B5
C134FA2F
C135A075
C1364689
C136EC6C
C137921D
C138379E
C138DCEF
C1398210
C13A2703
C13ACBC7
C13B705E
C13C14C8
C13CB906
C13D5D18
C13E0100
C13EA4BD
C13F4850
C13FEBBB
C1408EFE
C141321A
C141D50F
C14277DE
C1431A88
C143BD0D
C0B85072
C0B86377
C0B87703
C0B88B1B
C0B89FC2
C0B8B4FC
C0B8CACD
C0B8E139
C0B8F843
C0B90FF1
C0B92845
C0B94146
C0B95AF6
C0B9755A
C0B99078
C0B9AC54
C0B9C8F3
C0B9E659
C0BA048D
C0BA2392
C0BA436F
C0BA6429
C0BA85C6
C0BAA84A
C0BACBBD
C0BAF024
C0BB1585
C0BB3BE6
C0BB634E
C0BB8BC3
C0BBB54C
C0BBDFEF
C0BC0BB4
C0BC38A2
C0BC66BF
C0BC9614
C0BCC6A7
C0BCF880
C0BD2BA8
C0BD6025
C0BD9601
C0BDCD43
C0BE05F3
C0BE401B
C0BE7BC3
C0BEB8F4
C0BEF7B7
C0BF3815
C0BF7A17
C0BFBDC7
C0C0032E
C0C04A57
C0C0934B
C0C0DE13
C0C12ABB
C0C1794D
C0C1C9D3
C0C21C58
C0C270E6
C0C2C788
C0C32049
C0C37B34
C0C3D855
C0C437B6
C0C49963
C0C4FD67
C0C563CE
C0C5CCA3
C0C637F2
C0C6A5C6
C0C7162A
C0C7892B
C0C7FED5
C0C87731
C0C8F24D
C0C97033
C0C9F0EE
C0CA748B
C0CAFB14
C0CB8495
C0CC1117
C0CCA0A6
C0CD334C
C0CDC913
C0CE6206
C0CEFE2D
C0CF9D93
C0D04040
C0D0E63D
C0D18F93
C0D23C48
C0D2EC65
C0D39FF0
C0D456F0
C0D5116B
C0D5CF65
C0D690E5
C0D755ED
C0D81E82
C0D8EAA6
C0D9BA5B
C0DA8DA4
C0DB647F
C0DC3EEF
C0DD1CF1
C0DDFE84
C0DEE3A6
C0DFCC54
C0E0B889
C0E1A842
C0E29B78
C0E39226
C0E48C43
C0E589C9
C0E68AAE
C0E78EE9
C0E89670
C0E9A137
C0EAAF33
C0EBC058
C0ECD498
C0EDEBE6
C0EF0633
C0F02371
C0F14390
C0F26680
C0F38C31
C0F4B492
C0F5DF91
C0F70D1E
C0F83D25
C0F96F96
C0FAA45E
C0FBDB69
C0FD14A6
C0FE5002
C0FF8D69
C1006665
C1010707
C101A894
C1024B00
C102EE43
C1039254
C1043728
C104DCB8
C10582FA
C10629E5
C106D171
C1077994
C1082247
C108CB82
C109753B
C10A1F6B
C10ACA0B
C10B7512
C10C207A
C10CCC3B
C10D784F
C10E24AD
C10ED151
C10F7E33
C1102B4D
C110D899
C1118612
C11233B2
C112E173
C1138F51
C1143D45
C114EB4D
C1159962
C1164780
C116F5A4
C117A3C9
C11851EB
C1190007
C119AE19
C11A5C1E
C11B0A12
C11BB7F3
C11C65BD
C11D136E
C11DC104
C11E6E7C
C11F1BD3
C11FC908
C1207618
C1212302
C121CFC3
C1227C5B
C12328C8
C123D508
C1248119
C1252CFC
C125D8AF
C1268430
C1272F7F
C127DA9B
C1288583
C1293038
C129DAB7
C12A8501
C12B2F15
C12BD8F4
C12C829C
C12D2C0E
C12DD549
C12E7E4E
C12F271C
C12FCFB3
C1307814
C131203F
C131C833
C1326FF2
C133177B
C133BECF
C13465ED
C1350CD8
C135B38E
C1365A11
C1370060
C137A67D
C1384C67
C138F220
C13997A9
C13A3D00
C13AE228
C13B8721
C13C2BEB
C13CD088
C13D74F7
C13E193A
C13EBD51
C13F613D
C14004FE
C140A896
C1414C05
C141EF4B
C142926A
C1433563
C143D835
C1447AE1
C0B98198
C0B9949C
C0B9A828
C0B9BC3F
C0B9D0E5
C0B9E61F
C0B9FBEF
C0BA125A
C0BA2964
C0BA4111
C0BA5965
C0BA7265
C0BA8C15
C0BAA679
C0BAC197
C0BADD72
C0BAFA11
C0BB1777
C0BB35AB
C0BB54B0
C0BB748D
C0BB9548
C0BBB6E4
C0BBD96A
C0BBFCDD
C0BC2144
C0BC46A6
C0BC6D08
C0BC9471
C0BCBCE7
C0BCE671
C0BD1116
C0BD3CDD
C0BD69CC
C0BD97EB
C0BDC742
C0BDF7D7
C0BE29B3
C0BE5CDD
C0BE915D
C0BEC73C
C0BEFE81
C0BF3736
C0BF7161
C0BFAD0D
C0BFEA43
C0C0290A
C0C0696D
C0C0AB74
C0C0EF29
C0C13497
C0C17BC6
C0C1C4C0
C0C20F90
C0C25C3F
C0C2AAD9
C0C2FB67
C0C34DF4
C0C3A28B
C0C3F937
C0C45202
C0C4ACF8
C0C50A24
C0C56991
C0C5CB4A
C0C62F5B
C0C695D0
C0C6FEB3
C0C76A10
C0C7D7F4
C0C84869
C0C8BB7B
C0C93136
C0C9A9A5
C0CA24D4
C0CAA2CE
C0CB239F
C0CBA751
C0CC2DF1
C0CCB789
C0CD4424
C0CDD3CD
C0CE668E
C0CEFC71
C0CF9581
C0D031C6
C0D0D14B
C0D17419
C0D21A38
C0D2C3B0
C0D37089
C0D420CC
C0D4D47E
C0D58BA6
C0D6464B
C0D70471
C0D7C61D
C0D88B53
C0D95418
C0DA206D
C0DAF055
C0DBC3D2
C0DC9AE4
C0DD758B
C0DE53C7
C0DF3595
C0E01AF5
C0E103E1
C0E1F058
C0E2E053
C0E3D3CE
C0E4CAC2
C0E5C528
C0E6C2F8
C0E7C42A
C0E8C8B3
C0E9D08A
C0EADBA4
C0EBE9F5
C0ECFB70
C0EE1009
C0EF27B2
C0F0425C
C0F15FF9
C0F2807A
C0F3A3CD
C0F4C9E3
C0F5F2AC
C0F71E15
C0F84C0E
C0F97C84
C0FAAF65
C0FBE49F
C0FD1C1F
C0FE55D2
C0FF91A7
C10067C4
C10107B3
C101A895
C1024A62
C102ED10
C1039095
C10434E9
C104DA02
C1057FD7
C106265F
C106CD91
C1077565
C1081DD1
C108C6CE
C1097053
C10A1A57
C10AC4D4
C10B6FC0
C10C1B15
C10CC6CC
C10D72DC
C10E1F3F
C10ECBEE
C10F78E2
C1102615
C110D381
C1118120
C1122EEC
C112DCDF
C1138AF4
C1143925
C114E76E
C11595CA
C1164435
C116F2A8
C117A122
C1184F9C
C118FE14
C119AC86
C11A5AEE
C11B0948
C11BB792
C11C65C9
C11D13E9
C11DC1F0
C11E6FDB
C11F1DA8
C11FCB54
C12078DD
C1212642
C121D380
C1228096
C1232D81
C123DA41
C12486D3
C1253337
C125DF6B
C1268B6F
C1273741
C127E2DF
C1288E4B
C1293982
C129E484
C12A8F51
C12B39E8
C12BE448
C12C8E71
C12D3864
C12DE21F
C12E8BA3
C12F34F0
C12FDE05
C13086E2
C1312F89
C131D7F8
C1328030
C1332831
C133CFFC
C1347791
C1351EF0
C135C619
C1366D0D
C13713CD
C137BA58
C13860B0
C13906D5
C139ACC7
C13A5288
C13AF817
C13B9D75
C13C42A3
C13CE7A2
C13D8C72
C13E3114
C13ED588
C13F79D0
C1401DEB
C140C1DB
C14165A1
C142093D
C142ACAF
C1434FF9
C143F31C
C1449617
C14538EC
C0BAB323
C0BAC626
C0BAD9B1
C0BAEDC8
C0BB026D
C0BB17A6
C0BB2D76
C0BB43E1
C0BB5AEA
C0BB7296
C0BB8AEA
C0BBA3EA
C0BBBD99
C0BBD7FD
C0BBF31B
C0BC0EF6
C0BC2B95
C0BC48FB
C0BC672E
C0BC8634
C0BCA612
C0BCC6CC
C0BCE869
C0BD0AEF
C0BD2E63
C0BD52CB
C0BD782D
C0BD9E90
C0BDC5FA
C0BDEE72
C0BE17FD
C0BE42A3
C0BE6E6C
C0BE9B5D
C0BEC97E
C0BEF8D7
C0BF296E
C0BF5B4D
C0BF8E79
C0BFC2FD
C0BFF8DE
C0C03027
C0C068DF
C0C0A30E
C0C0DEBE
C0C11BF8
C0C15AC4
C0C19B2B
C0C1DD38
C0C220F3
C0C26666
C0C2AD9B
C0C2F69C
C0C34173
C0C38E2A
C0C3DCCB
C0C42D61
C0C47FF7
C0C4D497
C0C52B4C
C0C58422
C0C5DF22
C0C63C59
C0C69BD1
C0C6FD97
C0C761B5
C0C7C836
C0C83128
C0C89C94
C0C90A86
C0C97B0B
C0C9EE2E
C0CA63FA
C0CADC7C
C0CB57BE
C0CBD5CC
C0CC56B1
C0CCDA79
C0CD6130
C0CDEADF
C0CE7793
C0CF0755
C0CF9A30
C0D0302E
C0D0C95A
C0D165BE
C0D20561
C0D2A84F
C0D34E8F
C0D3F829
C0D4A526
C0D5558E
C0D60966
C0D6C0B6
C0D77B83
C0D839D3
C0D8FBAB
C0D9C10F
C0DA8A02
C0DB5688
C0DC26A2
C0DCFA53
C0DDD19A
C0DEAC78
C0DF8AEC
C0E06CF5
C0E15291
C0E23BBB
C0E32871
C0E418AF
C0E50C6D
C0E603A6
C0E6FE54
C0E7FC6D
C0E8FDEA
C0EA02C0
C0EB0AE6
C0EC1651
C0ED24F5
C0EE36C6
C0EF4BB6
C0F063B9
C0F17EBE
C0F29CB9
C0F3BD99
C0F4E14F
C0F607C9
C0F730F8
C0F85CC9
C0F98B2C
C0FABC0F
C0FBEF5F
C0FD250A
C0FE5CFD
C0FF9725
C10069B8
C10108E6
C101A912
C1024A33
C102EC3F
C1038F2E
C10432F5
C104D78B
C1057CE8
C1062302
C106C9CF
C1077148
C1081963
C108C218
C1096B5D
C10A152C
C10ABF7B
C10B6A43
C10C157C
C10CC11E
C10D6D22
C10E1981
C10EC633
C10F7332
C1102076
C110CDFB
C1117BB8
C11229A9
C112D7C7
C113860D
C1143476
C114E2FB
C1159199
C1164049
C116EF08
C1179DD1
C1184CA0
C118FB70
C119AA3D
C11A5905
C11B07C2
C11BB673
C11C6513
C11D13A0
C11DC216
C11E7072
C11F1EB3
C11FCCD5
C1207AD7
C12128B6
C121D66F
C1228402
C123316C
C123DEAB
C1248BBE
C12538A4
C125E55A
C12691E1
C1273E36
C127EA59
C1289648
C1294204
C129ED8A
C12A98DB
C12B43F6
C12BEEDA
C12C9987
C12D43FC
C12DEE3A
C12E9840
C12F420D
C12FEBA3
C1309500
C1313E24
C131E711
C1328FC5
C1333842
C133E087
C1348895
C135306B
C135D80B
C1367F74
C13726A7
C137CDA5
C138746E
C1391B02
C139C162
C13A678E
C13B0D88
C13BB34F
C13C58E5
C13CFE49
C13DA37E
C13E4882
C13EED57
C13F91FE
C1403677
C140DAC3
C1417EE3
C14222D7
C142C6A1
C1436A40
C1440DB6
C144B104
C1455429
C145F727
C0BBE50F
C0BBF811
C0BC0B9B
C0BC1FB1
C0BC3456
C0BC498F
C0BC5F5E
C0BC75C8
C0BC8CD1
C0BCA47D
C0BCBCD0
C0BCD5D0
C0BCEF7F
C0BD09E3
C0BD2500
C0BD40DB
C0BD5D7A
C0BD7AE0
C0BD9914
C0BDB81A
C0BDD7F8
C0BDF8B2
C0BE1A50
C0BE3CD6
C0BE604B
C0BE84B4
C0BEAA17
C0BED07B
C0BEF7E6
C0BF205E
C0BF49EB
C0BF7493
C0BFA05D
C0BFCD50
C0BFFB73
C0C02ACE
C0C05B68
C0C08D49
C0C0C078
C0C0F4FE
C0C12AE3
C0C1622F
C0C19AEA
C0C1D51E
C0C210D2
C0C24E10
C0C28CE0
C0C2CD4D
C0C30F5F
C0C3531F
C0C39898
C0C3DFD3
C0C428DB
C0C473B8
C0C4C076
C0C50F1F
C0C55FBE
C0C5B25C
C0C60705
C0C65DC4
C0C6B6A3
C0C711AE
C0C76EEF
C0C7CE73
C0C83045
C0C8946F
C0C8FAFE
C0C963FD
C0C9CF77
C0CA3D79
C0CAAE0E
C0CB2141
C0CB971E
C0CC0FB1
C0CC8B06
C0CD0928
C0CD8A21
C0CE0DFF
C0CE94CB
C0CF1E92
C0CFAB5D
C0D03B38
C0D0CE2D
C0D16447
C0D1FD8F
C0D29A0F
C0D339D1
C0D3DCDE
C0D4833E
C0D52CFA
C0D5DA1A
C0D68AA6
C0D73EA3
C0D7F61A
C0D8B110
C0D96F89
C0DA318C
C0DAF71D
C0DBC03E
C0DC8CF3
C0DD5D3E
C0DE3121
C0DF089D
C0DFE3B1
C0E0C25D
C0E1A49F
C0E28A75
C0E373DD
C0E460D2
C0E5514F
C0E64550
C0E73CCD
C0E837C0
C0E93622
C0EA37E8
C0EB3D0B
C0EC457F
C0ED513A
C0EE602F
C0EF7254
C0F0879A
C0F19FF5
C0F2BB55
C0F3D9AC
C0F4FAEA
C0F61F00
C0F745DD
C0F86F70
C0F99BA9
C0FACA75
C0FBFBC2
C0FD2F7F
C0FE6599
C0FF9DFE
C1006C4D
C1010AAD
C101AA17
C1024A80
C102EBDF
C1038E2A
C1043158
C104D560
C1057A39
C1061FD8
C106C636
C1076D48
C1081507
C108BD68
C1096665
C10A0FF3
C10ABA0B
C10B64A4
C10C0FB7
C10CBB3B
C10D672A
C10E137B
C10EC028
C10F6D28
C1101A76
C110C80B
C11175E0
C11223EF
C112D231
C11380A2
C1142F3B
C114DDF6
C1158CCF
C1163BC0
C116EAC5
C11799D9
C11848F7
C118F81B
C119A740
C11A5663
C11B0581
C11BB494
C11C639B
C11D1291
C11DC174
C11E7040
C11F1EF2
C11FCD89
C1207C01
C1212A58
C121D88C
C122869B
C1233483
C123E241
C1248FD5
C1253D3C
C125EA75
C126977F
C1274458
C127F0FF
C1289D74
C12949B5
C129F5C1
C12AA197
C12B4D38
C12BF8A1
C12CA3D3
C12D4ECE
C12DF990
C12EA419
C12F4E6A
C12FF882
C130A261
C1314C07
C131F574
C1329EA8
C13347A3
C133F065
C13498EE
C1354140
C135E959
C136913A
C13738E4
C137E058
C1388794
C1392E9B
C139D56C
C13A7C09
C13B2270
C13BC8A4
C13C6EA5
C13D1473
C13DBA0F
C13E5F79
C13F04B3
C13FA9BD
C1404E97
C140F343
C14197C0
C1423C11
C142E035
C143842D
C14427FA
C144CB9D
C1456F17
C1461267
C146B590
C0BD1756
C0BD2A58
C0BD3DE2
C0BD51F7
C0BD669C
C0BD7BD4
C0BD91A3
C0BDA80C
C0BDBF15
C0BDD6C1
C0BDEF14
C0BE0813
C0BE21C2
C0BE3C25
C0BE5743
C0BE731E
C0BE8FBD
C0BEAD23
C0BECB57
C0BEEA5D
C0BF0A3B
C0BF2AF7
C0BF4C95
C0BF6F1B
C0BF9291
C0BFB6FA
C0BFDC5F
C0C002C4
C0C02A30
C0C052AA
C0C07C38
C0C0A6E1
C0C0D2AD
C0C0FFA2
C0C12DC7
C0C15D24
C0C18DC0
C0C1BFA3
C0C1F2D6
C0C2275F
C0C25D47
C0C29496
C0C2CD55
C0C3078C
C0C34344
C0C38086
C0C3BF5B
C0C3FFCD
C0C441E4
C0C485AA
C0C4CB28
C0C5126A
C0C55B77
C0C5A65C
C0C5F321
C0C641D2
C0C69278
C0C6E51F
C0C739D0
C0C79098
C0C7E981
C0C84496
C0C8A1E3
C0C90172
C0C9634F
C0C9C786
C0CA2E22
C0CA972E
C0CB02B7
C0CB70C7
C0CBE16B
C0CC54AF
C0CCCA9D
C0CD4342
C0CDBEA9
C0CE3CDE
C0CEBDEB
C0CF41DE
C0CFC8C0
C0D0529D
C0D0DF7F
C0D16F73
C0D20281
C0D298B5
C0D33219
C0D3CEB5
C0D46E95
C0D511C0
C0D5B841
C0D6621E
C0D70F60
C0D7C00F
C0D87432
C0D92BCE
C0D9E6EB
C0DAA58E
C0DB67BB
C0DC2D77
C0DCF6C6
C0DDC3A9
C0DE9425
C0DF6839
C0E03FE8
C0E11B31
C0E1FA13
C0E2DC8E
C0E3C29E
C0E4AC41
C0E59974
C0E68A30
C0E77E72
C0E87632
C0E9716B
C0EA7012
C0EB7222
C0EC778F
C0ED804F
C0EE8C59
C0EF9B9F
C0F0AE16
C0F1C3B1
C0F2DC62
C0F3F81A
C0F516CC
C0F63867
C0F75CDC
C0F8841A
C0F9AE11
C0FADAAE
C0FC09E2
C0FD3B99
C0FE6FC1
C0FFA649
C1006F8F
C1010D16
C101ABB0
C1024B55
C102EBFA
C1038D96
C104301F
C104D38D
C10577D5
C1061CEF
C106C2D0
C1076971
C10810C7
C108B8CB
C1096172
C10A0AB5
C10AB48B
C10B5EEC
C10C09CF
C10CB52C
C10D60FB
C10E0D36
C10EB9D4
C10F66CE
C110141C
C110C1B9
C1116F9D
C1121DC2
C112CC22
C1137AB6
C1142978
C114D863
C1158771
C116369E
C116E5E3
C117953C
C11844A4
C118F416
C119A38F
C11A530A
C11B0283
C11BB1F6
C11C615F
C11D10BC
C11DC008
C11E6F41
C11F1E63
C11FCD6C
C1207C59
C1212B27
C121D9D4
C122885E
C12336C2
C123E4FF
C1249312
C12540FB
C125EEB6
C1269C43
C12749A1
C127F6CD
C128A3C7
C129508E
C129FD21
C12AA97E
C12B55A5
C12C0196
C12CAD4F
C12D58D0
C12E0418
C12EAF28
C12F59FE
C130049B
C130AEFE
C1315928
C1320318
C132ACCD
C1335649
C133FF8B
C134A894
C1355163
C135F9F8
C136A255
C1374A7A
C137F266
C1389A1A
C1394197
C139E8DC
C13A8FEC
C13B36C5
C13BDD69
C13C83D8
C13D2A13
C13DD01A
C13E75EF
C13F1B90
C13FC101
C1406640
C1410B4F
C141B02E
C14254DE
C142F960
C1439DB5
C14441DD
C144E5D9
C14589A9
C1462D50
C146D0CC
C1477420
C0BE49F7
C0BE5CF8
C0BE7081
C0BE8496
C0BE993B
C0BEAE72
C0BEC440
C0BEDAAA
C0BEF1B2
C0BF095D
C0BF21B0
C0BF3AAF
C0BF545E
C0BF6EC2
C0BF89DF
C0BFA5BA
C0BFC259
C0BFDFC0
C0BFFDF4
C0C01CFA
C0C03CD9
C0C05D95
C0C07F33
C0C0A1BB
C0C0C531
C0C0E99B
C0C10F00
C0C13566
C0C15CD4
C0C1854F
C0C1AEDF
C0C1D98A
C0C20557
C0C2324E
C0C26075
C0C28FD4
C0C2C073
C0C2F259
C0C3258D
C0C35A19
C0C39004
C0C3C757
C0C40019
C0C43A54
C0C47611
C0C4B357
C0C4F231
C0C532A7
C0C574C3
C0C5B88E
C0C5FE13
C0C6455A
C0C68E6E
C0C6D95A
C0C72626
C0C774DE
C0C7C58C
C0C8183B
C0C86CF5
C0C8C3C7
C0C91CB9
C0C977D8
C0C9D52F
C0CA34CA
C0CA96B2
C0CAFAF5
C0CB619E
C0CBCAB7
C0CC364E
C0CCA46D
C0CD1520
C0CD8874
C0CDFE72
C0CE7729
C0CEF2A2
C0CF70E9
C0CFF20A
C0D07611
C0D0FD09
C0D186FC
C0D213F6
C0D2A401
C0D33728
C0D3CD76
C0D466F4
C0D503AD
C0D5A3AA
C0D646F3
C0D6ED93
C0D79790
C0D844F4
C0D8F5C6
C0D9AA0D
C0DA61CF
C0DB1D12
C0DBDBDD
C0DC9E34
C0DD641A
C0DE2D95
C0DEFAA6
C0DFCB51
C0E09F96
C0E17777
C0E252F4
C0E3320C
C0E414BE
C0E4FB07
C0E5E4E5
C0E6D253
C0E7C34E
C0E8B7D0
C0E9AFD2
C0EAAB4E
C0EBAA3B
C0ECAC91
C0EDB248
C0EEBB53
C0EFC7AA
C0F0D73F
C0F1EA07
C0F2FFF5
C0F418FB
C0F5350B
C0F65416
C0F7760D
C0F89ADF
C0F9C27C
C0FAECD4
C0FC19D6
C0FD496F
C0FE7B8E
C0FFB020
C100738A
C101102B
C101ADEB
C1024CBE
C102EC9D
C1038D7D
C1042F56
C104D21D
C10575C9
C1061A50
C106BFAA
C10765CD
C1080CB0
C108B44A
C1095C92
C10A057E
C10AAF08
C10B5924
C10C03CD
C10CAEF9
C10D5A9F
C10E06B9
C10EB33F
C10F6029
C1100D70
C110BB0C
C11168F7
C112172A
C112C59F
C113744E
C1142333
C114D247
C1158184
C11630E5
C116E064
C1178FFC
C1183FA9
C118EF65
C1199F2D
C11A4EFA
C11AFECA
C11BAE99
C11C5E61
C11D0E21
C11DBDD3
C11E6D76
C11F1D05
C11FCC7D
C1207BDC
C1212B1F
C121DA43
C1228947
C1233826
C123E6E0
C1249573
C12543DC
C125F219
C126A029
C1274E0B
C127FBBC
C128A93D
C129568A
C12A03A4
C12AB089
C12B5D38
C12C09B0
C12CB5F1
C12D61FA
C12E0DCB
C12EB962
C12F64C0
C1300FE4
C130BACE
C131657D
C1320FF2
C132BA2C
C133642C
C1340DF0
C134B77A
C13560CA
C13609DF
C136B2BB
C1375B5C
C13803C4
C138ABF3
C13953E9
C139FBA7
C13AA32D
C13B4A7B
C13BF193
C13C9874
C13D3F1F
C13DE595
C13E8BD7
C13F31E5
C13FD7BF
C1407D66
C14122DC
C141C820
C1426D34
C1431218
C143B6CC
C1445B53
C144FFAB
C145A3D7
C14647D6
C146EBAA
C1478F54
C14832D3
C0BF7CEC
C0BF8FED
C0BFA376
C0BFB78A
C0BFCC2E
C0BFE165
C0BFF733
C0C00D9C
C0C024A4
C0C03C50
C0C054A2
C0C06DA1
C0C08750
C0C0A1B4
C0C0BCD1
C0C0D8AC
C0C0F54B
C0C112B2
C0C130E7
C0C14FED
C0C16FCC
C0C19089
C0C1B228
C0C1D4B0
C0C1F827
C0C21C92
C0C241F8
C0C26860
C0C28FCE
C0C2B84B
C0C2E1DC
C0C30C89
C0C33858
C0C36550
C0C39379
C0C3C2DB
C0C3F37C
C0C42564
C0C4589C
C0C48D2B
C0C4C319
C0C4FA6F
C0C53335
C0C56D74
C0C5A934
C0C5E67F
C0C6255D
C0C665D8
C0C6A7F9
C0C6EBCA
C0C73154
C0C778A1
C0C7C1BB
C0C80CAD
C0C85981
C0C8A840
C0C8F8F6
C0C94BAD
C0C9A070
C0C9F74A
C0CA5046
C0CAAB6F
C0CB08D1
C0CB6876
C0CBCA6A
C0CC2EB9
C0CC956E
C0CCFE95
C0CD6A39
C0CDD866
C0CE4928
C0CEBC8B
C0CF329A
C0CFAB62
C0D026EC
C0D0A546
C0D1267B
C0D1AA96
C0D231A2
C0D2BBAB
C0D348BB
C0D3D8DE
C0D46C1E
C0D50285
C0D59C1E
C0D638F2
C0D6D90B
C0D77C72
C0D82330
C0D8CD4E
C0D97AD2
C0DA2BC6
C0DAE030
C0DB9817
C0DC5381
C0DD1273
C0DDD4F2
C0DE9B02
C0DF64A8
C0E031E7
C0E102C0
C0E1D735
C0E2AF47
C0E38AF7
C0E46A43
C0E54D2B
C0E633AC
C0E71DC3
C0E80B6D
C0E8FCA5
C0E9F165
C0EAE9A7
C0EBE565
C0ECE497
C0EDE733
C0EEED31
C0EFF687
C0F10329
C0F2130C
C0F32624
C0F43C64
C0F555BE
C0F67223
C0F79186
C0F8B3D6
C0F9D904
C0FB0100
C0FC2BB8
C0FD591B
C0FE8918
C0FFBB9E
C100784C
C10113FC
C101B0D3
C1024ECA
C102EDD6
C1038DEE
C1042F09
C104D11D
C1057420
C106180A
C106BCD0
C1076269
C10808CD
C108AFF2
C10957CE
C10A0059
C10AA98A
C10B5359
C10BFDBC
C10CA8AC
C10D541F
C10E000F
C10EAC73
C10F5943
C1100679
C110B40C
C11161F5
C112102E
C112BEAF
C1136D73
C1141C72
C114CBA7
C1157B0C
C1162A9A
C116DA4D
C1178A1F
C1183A0A
C118EA0B
C1199A1B
C11A4A37
C11AFA59
C11BAA7E
C11C5AA2
C11D0AC0
C11DBAD5
C11E6ADD
C11F1AD6
C11FCABB
C1207A8A
C1212A3F
C121D9D8
C1228953
C12338AC
C123E7E2
C12496F2
C12545DB
C125F499
C126A32C
C1275191
C127FFC8
C128ADCE
C1295BA2
C12A0943
C12AB6B0
C12B63E8
C12C10EA
C12CBDB4
C12D6A47
C12E16A0
C12EC2C1
C12F6EA8
C1301A55
C130C5C7
C13170FE
C1321BFA
C132C6BB
C1337141
C1341B8B
C134C599
C1356F6C
C1361904
C136C261
C1376B83
C138146A
C138BD16
C1396589
C13A0DC2
C13AB5C1
C13B5D88
C13C0517
C13CAC6D
C13D538D
C13DFA75
C13EA128
C13F47A5
C13FEDEC
C1409400
C14139E0
C141DF8D
C1428508
C1432A51
C143CF69
C1447451
C145190A
C145BD94
C14661F1
C1470620
C147AA23
C1484DFA
C148F1A7
C0C0B033
C0C0C333
C0C0D6BC
C0C0EAD0
C0C0FF74
C0C114AA
C0C12A78
C0C140E1
C0C157E9
C0C16F94
C0C187E7
C0C1A0E5
C0C1BA94
C0C1D4F8
C0C1F015
C0C20BF1
C0C22890
C0C245F7
C0C2642C
C0C28333
C0C2A312
C0C2C3CF
C0C2E56F
C0C307F8
C0C32B70
C0C34FDC
C0C37543
C0C39BAC
C0C3C31B
C0C3EB99
C0C4152C
C0C43FDA
C0C46BAB
C0C498A5
C0C4C6D1
C0C4F634
C0C526D8
C0C558C3
C0C58BFD
C0C5C08F
C0C5F680
C0C62DD9
C0C666A3
C0C6A0E5
C0C6DCAA
C0C719F9
C0C758DB
C0C7995B
C0C7DB81
C0C81F57
C0C864E7
C0C8AC3A
C0C8F55B
C0C94053
C0C98D2E
C0C9DBF4
C0CA2CB2
C0CA7F71
C0CAD43C
C0CB2B1F
C0CB8425
C0CBDF57
C0CC3CC3
C0CC9C73
C0CCFE72
C0CD62CD
C0CDC98E
C0CE32C2
C0CE9E74
C0CF0CAF
C0CF7D80
C0CFF0F2
C0D06711
C0D0DFE9
C0D15B85
C0D1D9F1
C0D25B39
C0D2DF67
C0D36688
C0D3F0A6
C0D47DCD
C0D50E06
C0D5A15E
C0D637DE
C0D6D191
C0D76E80
C0D80EB5
C0D8B239
C0D95915
C0DA0352
C0DAB0F7
C0DB620C
C0DC1699
C0DCCEA3
C0DD8A32
C0DE494A
C0DF0BF1
C0DFD22B
C0E09BFC
C0E16966
C0E23A6C
C0E30F10
C0E3E753
C0E4C334
C0E5A2B4
C0E685D1
C0E76C89
C0E856D8
C0E944BC
C0EA3630
C0EB2B2D
C0EC23AF
C0ED1FAE
C0EE1F23
C0EF2204
C0F02848
C0F131E6
C0F23ED3
C0F34F02
C0F46269
C0F578F8
C0F692A4
C0F7AF5E
C0F8CF17
C0F9F1C0
C0FB1748
C0FC3FA0
C0FD6AB6
C0FE987A
C0FFC8DA
C1007DE2
C1011893
C101B477
C1025184
C102EFB1
C1038EF5
C1042F45
C104D09A
C10572E8
C1061628
C106BA4E
C1075F52
C108052A
C108ABCE
C1095333
C109FB51
C10AA41F
C10B4D94
C10BF7A7
C10CA250
C10D4D86
C10DF941
C10EA579
C10F5226
C10FFF40
C110ACC0
C1115A9F
C11208D4
C112B75A
C1136629
C114153B
C114C48A
C115740F
C11623C4
C116D3A4
C11783A8
C11833CC
C118E40A
C119945E
C11A44C2
C11AF531
C11BA5A8
C11C5622
C11D069B
C11DB70E
C11E6779
C11F17D7
C11FC826
C1207861
C1212886
C121D892
C1228881
C1233852
C123E802
C124978E
C12546F5
C125F633
C126A547
C1275430
C12802EB
C128B176
C1295FD1
C12A0DFA
C12ABBF0
C12B69B1
C12C173C
C12CC490
C12D71AD
C12E1E91
C12ECB3D
C12F77AE
C13023E5
C130CFE2
C1317BA3
C1322729
C132D272
C1337D80
C1342852
C134D2E7
C1357D40
C136275D
C136D13E
C1377AE3
C138244C
C138CD79
C139766B
C13A1F23
C13AC79F
C13B6FE2
C13C17EB
C13CBFBA
C13D6751
C13E0EAF
C13EB5D6
C13F5CC6
C140037F
C140AA02
C1415050
C141F669
C1429C4F
C1434201
C143E780
C1448CCE
C14531EB
C145D6D7
C1467B94
C1472022
C147C482
C14868B5
C1490CBB
C149B095
C0C1E3C8
C0C1F6C8
C0C20A50
C0C21E64
C0C23307
C0C2483E
C0C25E0B
C0C27474
C0C28B7B
C0C2A327
C0C2BB79
C0C2D478
C0C2EE26
C0C3088A
C0C323A8
C0C33F84
C0C35C23
C0C3798A
C0C397C0
C0C3B6C7
C0C3D6A7
C0C3F765
C0C41905
C0C43B8F
C0C45F08
C0C48375
C0C4A8DD
C0C4CF47
C0C4F6B8
C0C51F37
C0C548CB
C0C5737B
C0C59F4E
C0C5CC4A
C0C5FA77
C0C629DD
C0C65A83
C0C68C71
C0C6BFAE
C0C6F442
C0C72A37
C0C76193
C0C79A60
C0C7D4A7
C0C8106F
C0C84DC2
C0C88CA9
C0C8CD2E
C0C90F59
C0C95334
C0C998C9
C0C9E022
C0CA2949
C0CA7448
C0CAC129
C0CB0FF7
C0CB60BC
C0CBB383
C0CC0857
C0CC5F42
C0CCB851
C0CD138D
C0CD7103
C0CDD0BE
C0CE32C8
C0CE972E
C0CEFDFB
C0CF673C
C0CFD2FB
C0D04144
C0D0B223
C0D125A4
C0D19BD3
C0D214BB
C0D29068
C0D30EE6
C0D39040
C0D41482
C0D49BB7
C0D525EA
C0D5B326
C0D64376
C0D6D6E6
C0D76D7E
C0D8074A
C0D8A454
C0D944A4
C0D9E844
C0DA8F3E
C0DB3999
C0DBE75E
C0DC9894
C0DD4D42
C0DE0570
C0DEC123
C0DF8061
C0E0432F
C0E10991
C0E1D38B
C0E2A121
C0E37253
C0E44725
C0E51F97
C0E5FBAA
C0E6DB5C
C0E7BEAD
C0E8A59A
C0E99021
C0EA7E3E
C0EB6FEC
C0EC6526
C0ED5DE6
C0EE5A24
C0EF59DA
C0F05CFF
C0F16389
C0F26D6E
C0F37AA4
C0F48B1E
C0F59ED1
C0F6B5B0
C0F7CFAC
C0F8ECB9
C0FA0CC6
C0FB2FC6
C0FC55A7
C0FD7E5A
C0FEA9CD
C0FFD7F0
C1008458
C1011DFF
C101B8E2
C10254FA
C102F23B
C103909E
C1043019
C104D0A1
C105722F
C10614B7
C106B831
C1075C93
C10801D4
C108A7EB
C1094ECD
C109F672
C10A9ED1
C10B47E1
C10BF199
C10C9BF0
C10D46DD
C10DF259
C10E9E5B
C10F4ADA
C10FF7D0
C110A533
C11152FD
C1120127
C112AFA8
C1135E7A
C1140D97
C114BCF7
C1156C94
C1161C68
C116CC6D
C1177C9E
C1182CF3
C118DD69
C1198DFA
C11A3EA0
C11AEF57
C11BA01A
C11C50E5
C11D01B3
C11DB281
C11E634A
C11F140A
C11FC4BE
C1207562
C12125F4
C121D66F
C12286D1
C1233717
C123E73F
C1249745
C1254728
C125F6E4
C126A679
C12755E3
C1280522
C128B432
C1296314
C12A11C4
C12AC042
C12B6E8C
C12C1CA1
C12CCA80
C12D7828
C12E2598
C12ED2CF
C12F7FCC
C1302C8F
C130D917
C1318564
C1323174
C132DD49
C13388E1
C134343C
C134DF5B
C1358A3C
C13634E1
C136DF48
C1378973
C1383361
C138DD12
C1398687
C13A2FC0
C13AD8BD
C13B817E
C13C2A04
C13CD250
C13D7A61
C13E2239
C13EC9D8
C13F713E
C140186C
C140BF62
C1416621
C1420CAB
C142B2FE
C143591D
C143FF08
C144A4BF
C1454A43
C145EF95
C14694B6
C14739A7
C147DE67
C14882F9
C149275C
C149CB92
C14A6F9B
C0C317A7
C0C32AA7
C0C33E2F
C0C35242
C0C366E5
C0C37C1C
C0C391E9
C0C3A852
C0C3BF59
C0C3D704
C0C3EF57
C0C40855
C0C42204
C0C43C68
C0C45786
C0C47362
C0C49002
C0C4AD6A
C0C4CB9F
C0C4EAA7
C0C50A88
C0C52B46
C0C54CE7
C0C56F72
C0C592EB
C0C5B759
C0C5DCC3
C0C6032E
C0C62AA0
C0C65321
C0C67CB6
C0C6A768
C0C6D33C
C0C7003B
C0C72E6A
C0C75DD2
C0C78E7A
C0C7C06A
C0C7F3AA
C0C82842
C0C85E39
C0C89599
C0C8CE6A
C0C908B4
C0C94480
C0C981D7
C0C9C0C3
C0CA014C
C0CA437C
C0CA875C
C0CACCF7
C0CB1456
C0CB5D83
C0CBA888
C0CBF570
C0CC4444
C0CC9511
C0CCE7E0
C0CD3CBC
C0CD93B0
C0CDECC8
C0CE480D
C0CEA58D
C0CF0552
C0CF6767
C0CFCBD9
C0D032B2
C0D09BFE
C0D107CA
C0D17621
C0D1E70E
C0D25A9E
C0D2D0DC
C0D349D5
C0D3C592
C0D44422
C0D4C58E
C0D549E2
C0D5D12B
C0D65B72
C0D6E8C4
C0D7792B
C0D80CB1
C0D8A361
C0D93D46
C0D9DA69
C0DA7AD4
C0DB1E90
C0DBC5A7
C0DC7020
C0DD1E03
C0DDCF5A
C0DE8429
C0DF3C7A
C0DFF850
C0E0B7B3
C0E17AA7
C0E24131
C0E30B54
C0E3D913
C0E4AA71
C0E57F70
C0E65811
C0E73453
C0E81437
C0E8F7BB
C0E9DEDD
C0EAC99A
C0EBB7EE
C0ECA9D5
C0ED9F4A
C0EE9847
C0EF94C5
C0F094BB
C0F19821
C0F29EEF
C0F3A91A
C0F4B697
C0F5C75B
C0F6DB5A
C0F7F286
C0F90CD2
C0FA2A2F
C0FB4A90
C0FC6DE5
C0FD941D
C0FEBD29
C0FFE8F8
C1008BBC
C101244C
C101BE23
C1025939
C102F583
C10392F8
C1043190
C104D140
C1057200
C10613C5
C106B687
C1075A3B
C107FED8
C108A455
C1094AA9
C109F1C9
C10A99AE
C10B424D
C10BEB9E
C10C9598
C10D4032
C10DEB63
C10E9724
C10F436B
C10FF032
C1109D6F
C1114B1B
C111F92E
C112A7A2
C113566E
C114058C
C114B4F5
C11564A3
C116148E
C116C4B1
C1177506
C1182586
C118D62C
C11986F3
C11A37D6
C11AE8CE
C11B99D8
C11C4AEF
C11CFC0E
C11DAD30
C11E5E52
C11F0F70
C11FC085
C120718F
C1212289
C121D370
C1228442
C12334FA
C123E597
C1249615
C1254672
C125F6AB
C126A6BE
C12756A9
C128066A
C128B5FE
C1296565
C12A149C
C12AC3A2
C12B7275
C12C2114
C12CCF7E
C12D7DB1
C12E2BAD
C12ED971
C12F86FA
C130344A
C130E15F
C1318E39
C1323AD6
C132E737
C133935C
C1343F43
C134EAED
C1359659
C1364187
C136EC78
C137972B
C13841A0
C138EBD8
C13995D2
C13A3F8F
C13AE90F
C13B9253
C13C3B5A
C13CE425
C13D8CB4
C13E3509
C13EDD22
C13F8502
C1402CA8
C140D415
C1417B4A
C1422246
C142C90C
C1436F9B
C14415F4
C144BC18
C1456208
C14607C3
C146AD4C
C14752A3
C147F7C8
C1489CBC
C1494180
C149E615
C14A8A7B
C14B2EB4
C0C44BCF
C0C45ECE
C0C47255
C0C48669
C0C49B0C
C0C4B042
C0C4C60F
C0C4DC77
C0C4F37F
C0C50B2A
C0C5237D
C0C53C7B
C0C5562A
C0C5708E
C0C58BAC
C0C5A789
C0C5C429
C0C5E191
C0C5FFC7
C0C61ED0
C0C63EB1
C0C65F6F
C0C68112
C0C6A39D
C0C6C717
C0C6EB87
C0C710F1
C0C7375D
C0C75ED1
C0C78753
C0C7B0EA
C0C7DB9D
C0C80774
C0C83474
C0C862A5
C0C89210
C0C8C2BA
C0C8F4AD
C0C927EF
C0C95C8A
C0C99284
C0C9C9E7
C0CA02BB
C0CA3D09
C0CA78D9
C0CAB635
C0CAF524
C0CB35B2
C0CB77E7
C0CBBBCC
C0CC016D
C0CC48D1
C0CC9204
C0CCDD0F
C0CD29FE
C0CD78DA
C0CDC9AE
C0CE1C84
C0CE7168
C0CEC865
C0CF2185
C0CF7CD4
C0CFDA5E
C0D03A2D
C0D09C4C
C0D100C9
C0D167AE
C0D1D107
C0D23CDF
C0D2AB43
C0D31C3E
C0D38FDD
C0D4062A
C0D47F32
C0D4FB00
C0D579A0
C0D5FB1E
C0D67F85
C0D706E1
C0D7913D
C0D81EA3
C0D8AF1F
C0D942BC
C0D9D984
C0DA7381
C0DB10BD
C0DBB143
C0DC551A
C0DCFC4C
C0DDA6E3
C0DE54E5
C0DF065A
C0DFBB4B
C0E073BD
C0E12FB6
C0E1EF3D
C0E2B257
C0E37907
C0E44352
C0E5113A
C0E5E2C3
C0E6B7EE
C0E790BC
C0E86D2D
C0E94D42
C0EA30F7
C0EB184D
C0EC033F
C0ECF1CA
C0EDE3E9
C0EED998
C0EFD2D1
C0F0CF8B
C0F1CFC1
C0F2D368
C0F3DA79
C0F4E4E8
C0F5F2AB
C0F703B7
C0F81800
C0F92F77
C0FA4A11
C0FB67BF
C0FC8871
C0FDAC19
C0FED2A8
C0FFFC0B
C100941A
C1012B88
C101C447
C1025E4E
C102F994
C1039610
C10433B9
C104D285
C105726A
C1061360
C106B55C
C1075856
C107FC43
C108A11B
C10946D3
C109ED63
C10A94C1
C10B3CE3
C10BE5C2
C10C8F53
C10D398E
C10DE46A
C10E8FDF
C10F3BE4
C10FE871
C110957D
C1114301
C111F0F5
C1129F51
C1134E0E
C113FD24
C114AC8E
C1155C43
C1160C3D
C116BC76
C1176CE7
C1181D8A
C118CE5A
C1197F50
C11A3068
C11AE19C
C11B92E7
C11C4443
C11CF5AD
C11DA71F
C11E5895
C11F0A0C
C11FBB7E
C1206CE9
C1211E47
C121CF97
C12280D4
C12331FC
C123E30A
C12493FD
C12544D2
C125F585
C126A615
C127567F
C12806C0
C128B6D8
C12966C3
C12A1680
C12AC60D
C12B7569
C12C2491
C12CD386
C12D8245
C12E30CD
C12EDF1D
C12F8D34
C1303B12
C130E8B5
C131961C
C1324348
C132F037
C1339CE9
C134495D
C134F594
C135A18D
C1364D48
C136F8C4
C137A402
C1384F01
C138F9C1
C139A444
C13A4E88
C13AF88E
C13BA256
C13C4BE1
C13CF52F
C13D9E40
C13E4714
C13EEFAC
C13F9809
C140402A
C140E812
C1418FBF
C1423732
C142DE6D
C1438570
C1442C3C
C144D2D0
C145792F
C1461F57
C146C54C
C1476B0C
C1481099
C148B5F3
C1495B1C
C14A0014
C14AA4DB
C14B4974
C14BEDDD
C0C5803A
C0C59339
C0C5A6C1
C0C5BAD4
C0C5CF77
C0C5E4AC
C0C5FA7A
C0C610E2
C0C627EA
C0C63F95
C0C657E7
C0C670E6
C0C68A95
C0C6A4FA
C0C6C018
C0C6DBF4
C0C6F895
C0C715FD
C0C73434
C0C7533D
C0C7731F
C0C793DE
C0C7B581
C0C7D80D
C0C7FB89
C0C81FF9
C0C84565
C0C86BD2
C0C89347
C0C8BBCB
C0C8E563
C0C91018
C0C93BF0
C0C968F3
C0C99726
C0C9C693
C0C9F740
C0CA2935
C0CA5C7A
C0CA9117
C0CAC715
C0CAFE7B
C0CB3753
C0CB71A4
C0CBAD78
C0CBEAD7
C0CC29CB
C0CC6A5E
C0CCAC97
C0CCF082
C0CD3627
C0CD7D91
C0CDC6CA
C0CE11DC
C0CE5ED1
C0CEADB3
C0CEFE8E
C0CF516D
C0CFA659
C0CFFD5D
C0D05686
C0D0B1DF
C0D10F72
C0D16F4A
C0D1D175
C0D235FC
C0D29CED
C0D30651
C0D37236
C0D3E0A7
C0D451B0
C0D4C55D
C0D53BB8
C0D5B4D0
C0D630AE
C0D6AF5F
C0D730EE
C0D7B568
C0D83CD6
C0D8C745
C0D954C0
C0D9E551
C0DA7904
C0DB0FE3
C0DBA9F8
C0DC474D
C0DCE7EC
C0DD8BDE
C0DE332C
C0DEDDDF
C0DF8BFF
C0E03D93
C0E0F2A3
C0E1AB36
C0E26752
C0E326FC
C0E3EA3A
C0E4B110
C0E57B82
C0E64993
C0E71B46
C0E7F09C
C0E8C996
C0E9A635
C0EA8679
C0EB6A5F
C0EC51E7
C0ED3D0D
C0EE2BCE
C0EF1E24
C0F0140C
C0F10D7F
C0F20A75
C0F30AE9
C0F40ED0
C0F51621
C0F620D4
C0F72EDC
C0F8402F
C0F954C0
C0FA6C82
C0FB8768
C0FCA564
C0FDC667
C0FEEA61
C10008A2
C1009D7E
C10133BF
C101CB5A
C1026447
C102FE7D
C10399F3
C10436A1
C104D47B
C105737A
C1061394
C106B4BF
C10756F2
C107FA23
C1089E48
C1094359
C109E94C
C10A9017
C10B37B1
C10BE012
C10C892E
C10D32FF
C10DDD7B
C10E8898
C10F3450
C10FE098
C1108D69
C1113ABA
C111E884
C11296BF
C1134563
C113F469
C114A3C9
C115537D
C116037D
C116B3C3
C1176449
C1181508
C118C5F9
C1197718
C11A285E
C11AD9C6
C11B8B4B
C11C3CE7
C11CEE95
C11DA052
C11E5217
C11F03E1
C11FB5AB
C1206772
C1211931
C121CAE5
C1227C8A
C1232E1D
C123DF9A
C12490FF
C1254248
C125F373
C126A47D
C1275564
C1280624
C128B6BC
C129672A
C12A176C
C12AC77F
C12B7763
C12C2715
C12CD693
C12D85DE
C12E34F2
C12EE3CF
C12F9274
C13040E0
C130EF11
C1319D08
C1324AC2
C132F840
C133A582
C1345285
C134FF4B
C135ABD2
C136581B
C1370424
C137AFEF
C1385B7A
C13906C6
C139B1D3
C13A5CA1
C13B0730
C13BB180
C13C5B92
C13D0565
C13DAEFA
C13E5851
C13F016B
C13FAA48
C14052E9
C140FB4D
C141A376
C1424B65
C142F319
C1439A93
C14441D4
C144E8DD
C1458FAD
C1463647
C146DCAA
C14782D8
C14828D1
C148CE95
C1497426
C14A1985
C14ABEB1
C14B63AC
C14C0877
C14CAD12
C0C6B4E8
C0C6C7E6
C0C6DB6E
C0C6EF81
C0C70423
C0C71959
C0C72F26
C0C7458F
C0C75C96
C0C77441
C0C78C94
C0C7A593
C0C7BF42
C0C7D9A7
C0C7F4C5
C0C810A2
C0C82D43
C0C84AAC
C0C868E3
C0C887ED
C0C8A7CF
C0C8C890
C0C8EA33
C0C90CC0
C0C9303D
C0C954AE
C0C97A1B
C0C9A089
C0C9C800
C0C9F085
C0CA1A1F
C0CA44D6
C0CA70B0
C0CA9DB4
C0CACBE9
C0CAFB58
C0CB2C07
C0CB5DFF
C0CB9147
C0CBC5E7
C0CBFBE8
C0CC3351
C0CC6C2C
C0CCA681
C0CCE259
C0CD1FBC
C0CD5EB4
C0CD9F4B
C0CDE189
C0CE2579
C0CE6B24
C0CEB293
C0CEFBD2
C0CF46EA
C0CF93E5
C0CFE2CE
C0D033B1
C0D08696
C0D0DB8A
C0D13297
C0D18BC8
C0D1E72A
C0D244C6
C0D2A4A8
C0D306DD
C0D36B6F
C0D3D26B
C0D43BDB
C0D4A7CC
C0D5164A
C0D58760
C0D5FB1A
C0D67185
C0D6EAAB
C0D76699
C0D7E55A
C0D866FB
C0D8EB86
C0D97307
C0D9FD89
C0DA8B18
C0DB1BBE
C0DBAF86
C0DC467C
C0DCE0A8
C0DD7E15
C0DE1ECD
C0DEC2D9
C0DF6A42
C0E01511
C0E0C34E
C0E17500
C0E22A2F
C0E2E2E3
C0E39F20
C0E45EED
C0E5224E
C0E5E949
C0E6B3E1
C0E7821A
C0E853F5
C0E92976
C0EA029C
C0EADF68
C0EBBFDA
C0ECA3F0
C0ED8BA9
C0EE7702
C0EF65F7
C0F05884
C0F14EA3
C0F2484F
C0F34580
C0F44630
C0F54A55
C0F651E7
C0F75CDB
C0F86B27
C0F97CBF
C0FA9197
C0FBA9A2
C0FCC4D3
C0FDE31C
C0FF046D
C100145C
C100A7F6
C1013CFE
C101D369
C1026B30
C103044B
C1039EAF
C1043A55
C104D732
C105753E
C1061470
C106B4BD
C107561C
C107F884
C1089BEC
C1094049
C109E592
C10A8BBF
C10B32C4
C10BDA9A
C10C8337
C10D2C91
C10DD6A1
C10E815C
C10F2CBA
C10FD8B3
C110853E
C1113252
C111DFE8
C1128DF7
C1133C78
C113EB64
C1149AB1
C1154A5B
C115FA58
C116AAA3
C1175B34
C1180C06
C118BD12
C1196E51
C11A1FBE
C11AD153
C11B830B
C11C34E0
C11CE6CD
C11D98CD
C11E4ADB
C11EFCF3
C11FAF10
C120612E
C1211349
C121C55D
C1227766
C1232960
C123DB48
C1248D1B
C1253ED6
C125F076
C126A1F7
C1275357
C1280494
C128B5AB
C129669A
C12A175F
C12AC7F7
C12B7861
C12C289B
C12CD8A3
C12D8878
C12E3818
C12EE782
C12F96B5
C13045AF
C130F470
C131A2F6
C1325140
C132FF4E
C133AD20
C1345AB4
C1350809
C135B521
C13661F9
C1370E92
C137BAEB
C1386705
C13912DF
C139BE79
C13A69D3
C13B14ED
C13BBFC7
C13C6A62
C13D14BE
C13DBEDA
C13E68B7
C13F1256
C13FBBB6
C14064D9
C1410DBE
C141B667
C1425ED3
C1430703
C143AEF8
C14456B3
C144FE33
C145A57A
C1464C88
C146F35E
C14799FD
C1484065
C148E697
C1498C94
C14A325D
C14AD7F1
C14B7D53
C14C2283
C14CC782
C14D6C50
C0C7E9D4
C0C7FCD3
C0C8105A
C0C8246C
C0C8390F
C0C84E45
C0C86412
C0C87A7A
C0C89182
C0C8A92D
C0C8C180
C0C8DA7F
C0C8F42F
C0C90E93
C0C929B2
C0C94590
C0C96231
C0C97F9A
C0C99DD2
C0C9BCDC
C0C9DCBF
C0C9FD80
C0CA1F25
C0CA41B3
C0CA6530
C0CA89A3
C0CAAF10
C0CAD580
C0CAFCF8
C0CB257F
C0CB4F1B
C0CB79D3
C0CBA5AE
C0CBD2B4
C0CC00EC
C0CC305D
C0CC610F
C0CC9309
C0CCC654
C0CCFAF7
C0CD30FA
C0CD6867
C0CDA145
C0CDDB9D
C0CE1779
C0CE54E0
C0CE93DD
C0CED478
C0CF16BB
C0CF5AAF
C0CFA05F
C0CFE7D4
C0D03119
C0D07C36
C0D0C938
C0D11828
C0D16911
C0D1BBFE
C0D210F9
C0D2680E
C0D2C148
C0D31CB2
C0D37A57
C0D3DA44
C0D43C82
C0D4A11F
C0D50825
C0D571A1
C0D5DD9E
C0D64C28
C0D6BD4C
C0D73113
C0D7A78C
C0D820C1
C0D89CBE
C0D91B90
C0D99D41
C0DA21DD
C0DAA970
C0DB3405
C0DBC1A8
C0DC5262
C0DCE640
C0DD7D4B
C0DE178E
C0DEB512
C0DF55E3
C0DFFA08
C0E0A18C
C0E14C76
C0E1FACF
C0E2AC9F
C0E361ED
C0E41AC0
C0E4D71D
C0E5970C
C0E65A91
C0E721B0
C0E7EC6D
C0E8BACD
C0E98CD0
C0EA6279
C0EB3BCA
C0EC18C2
C0ECF961
C0EDDDA7
C0EEC590
C0EFB11A
C0F0A043
C0F19304
C0F2895A
C0F3833E
C0F480A9
C0F58194
C0F685F6
C0F78DC6
C0F898FB
C0F9A789
C0FAB965
C0FBCE83
C0FCE6D6
C0FE0250
C0FF20E4
C1002141
C100B38E
C1014751
C101DC82
C1027318
C1030B0A
C103A451
C1043EE3
C104DAB7
C10577C4
C1061601
C106B563
C10755E3
C107F776
C1089A13
C1093DB0
C109E243
C10A87C5
C10B2E2A
C10BD569
C10C7D7A
C10D2652
C10DCFE9
C10E7A36
C10F2530
C10FD0CE
C1107D08
C11129D4
C111D72B
C1128505
C1133359
C113E21F
C1149151
C11540E6
C115F0D7
C116A11D
C11751B2
C118028E
C118B3AB
C1196503
C11A168F
C11AC84A
C11B7A2E
C11C2C35
C11CDE5A
C11D9097
C11E42E8
C11EF548
C11FA7B2
C1205A22
C1210C93
C121BF02
C1227169
C12323C7
C123D616
C1248853
C1253A7C
C125EC8D
C1269E82
C127505A
C1280211
C128B3A4
C1296512
C12A1657
C12AC773
C12B7862
C12C2923
C12CD9B3
C12D8A12
C12E3A3D
C12EEA34
C12F99F4
C130497C
C130F8CC
C131A7E2
C13256BC
C133055B
C133B3BE
C13461E3
C1350FCA
C135BD72
C1366ADC
C1371805
C137C4EF
C1387199
C1391E03
C139CA2C
C13A7614
C13B21BC
C13BCD23
C13C784A
C13D2330
C13DCDD7
C13E783D
C13F2263
C13FCC4A
C14075F2
C1411F5C
C141C887
C1427174
C1431A24
C143C297
C1446ACE
C14512CA
C145BA8B
C1466211
C147095D
C147B071
C148574C
C148FDEF
C149A45C
C14A4A92
C14AF093
C14B9660
C14C3BF8
C14CE15D
C14D8690
C14E2B92
C0C91EFC
C0C931FB
C0C94582
C0C95995
C0C96E37
C0C9836D
C0C9993A
C0C9AFA2
C0C9C6AA
C0C9DE55
C0C9F6A8
C0CA0FA8
C0CA2957
C0CA43BD
C0CA5EDC
C0CA7AB9
C0CA975B
C0CAB4C5
C0CAD2FD
C0CAF208
C0CB11EC
C0CB32AE
C0CB5453
C0CB76E2
C0CB9A60
C0CBBED4
C0CBE443
C0CC0AB4
C0CC322D
C0CC5AB5
C0CC8453
C0CCAF0D
C0CCDAEA
C0CD07F2
C0CD362C
C0CD659F
C0CD9653
C0CDC850
C0CDFB9D
C0CE3043
C0CE6649
C0CE9DB9
C0CED69B
C0CF10F6
C0CF4CD6
C0CF8A41
C0CFC942
C0D009E1
C0D04C29
C0D09022
C0D0D5D7
C0D11D51
C0D1669B
C0D1B1BF
C0D1FEC7
C0D24DBD
C0D29EAD
C0D2F1A1
C0D346A4
C0D39DC1
C0D3F703
C0D45275
C0D4B024
C0D51019
C0D57262
C0D5D709
C0D63E1A
C0D6A7A1
C0D713AA
C0D78240
C0D7F370
C0D86745
C0D8DDCB
C0D9570F
C0D9D31B
C0DA51FC
C0DAD3BE
C0DB586B
C0DBE010
C0DC6AB7
C0DCF86C
C0DD893B
C0DE1D2D
C0DEB44D
C0DF4EA7
C0DFEC43
C0E08D2B
C0E13169
C0E1D907
C0E2840C
C0E33280
C0E3E46D
C0E499D9
C0E552CA
C0E60F48
C0E6CF58
C0E792FE
C0E85A41
C0E92523
C0E9F3A8
C0EAC5D3
C0EB9BA4
C0EC751F
C0ED5242
C0EE330D
C0EF1780
C0EFFF99
C0F0EB54
C0F1DAAE
C0F2CDA4
C0F3C42F
C0F4BE49
C0F5BBED
C0F6BD12
C0F7C1B0
C0F8C9BD
C0F9D531
C0FAE400
C0FBF61E
C0FD0B80
C0FE2419
C0FF3FDC
C1002F5D
C100C052
C10152C6
C101E6B0
C1027C0A
C10312C9
C103AAE7
C1044459
C104DF18
C1057B19
C1061855
C106B6C1
C1075654
C107F706
C10898CB
C1093B9C
C109DF6D
C10A8437
C10B29EF
C10BD08B
C10C7804
C10D204E
C10DC962
C10E7335
C10F1DBF
C10FC8F6
C11074D3
C111214D
C111CE5A
C1127BF3
C1132A0F
C113D8A6
C11487B2
C1153729
C115E704
C116973D
C11747CC
C117F8A9
C118A9CF
C1195B37
C11A0CDB
C11ABEB3
C11B70BB
C11C22ED
C11CD542
C11D87B6
C11E3A43
C11EECE5
C11F9F96
C1205252
C1210514
C121B7D8
C1226A9A
C1231D55
C123D007
C12482AA
C125353D
C125E7BB
C1269A21
C1274C6C
C127FE9A
C128B0A7
C1296291
C12A1455
C12AC5F2
C12B7764
C12C28AA
C12CD9C1
C12D8AA9
C12E3B5E
C12EEBE0
C12F9C2D
C1304C43
C130FC22
C131ABC7
C1325B32
C1330A62
C133B956
C134680D
C1351686
C135C4C1
C13672BD
C1372079
C137CDF5
C1387B31
C139282C
C139D4E6
C13A815E
C13B2D96
C13BD98C
C13C8541
C13D30B5
C13DDBE8
C13E86DA
C13F318B
C13FDBFB
C140862B
C141301C
C141D9CC
C142833E
C1432C71
C143D566
C1447E1D
C1452698
C145CED5
C14676D7
C1471E9D
C147C629
C1486D7B
C1491493
C149BB73
C14A621B
C14B088C
C14BAEC6
C14C54CB
C14CFA9B
C14DA037
C14E45A0
C14EEAD6
C0CA545E
C0CA675D
C0CA7AE4
C0CA8EF6
C0CAA399
C0CAB8CF
C0CACE9C
C0CAE504
C0CAFC0C
C0CB13B8
C0CB2C0B
C0CB450A
C0CB5EBA
C0CB7920
C0CB943F
C0CBB01D
C0CBCCBF
C0CBEA2A
C0CC0863
C0CC276F
C0CC4753
C0CC6816
C0CC89BC
C0CCAC4C
C0CCCFCB
C0CCF43F
C0CD19B0
C0CD4022
C0CD679D
C0CD9026
C0CDB9C5
C0CDE481
C0CE1060
C0CE3D6A
C0CE6BA6
C0CE9B1B
C0CECBD1
C0CEFDD1
C0CF3120
C0CF65C9
C0CF9BD2
C0CFD345
C0D00C2A
C0D04689
C0D0826C
C0D0BFDB
C0D0FEE0
C0D13F84
C0D181D0
C0D1C5CE
C0D20B88
C0D25307
C0D29C57
C0D2E780
C0D3348E
C0D3838B
C0D3D482
C0D4277C
C0D47C87
C0D4D3AB
C0D52CF5
C0D58870
C0D5E627
C0D64626
C0D6A878
C0D70D29
C0D77445
C0D7DDD7
C0D849EB
C0D8B88E
C0D929CA
C0D99DAC
C0DA1440
C0DA8D92
C0DB09AD
C0DB889D
C0DC0A6E
C0DC8F2C
C0DD16E2
C0DDA19C
C0DE2F64
C0DEC045
C0DF544C
C0DFEB81
C0E085F0
C0E123A3
C0E1C4A2
C0E268F9
C0E310B0
C0E3BBCF
C0E46A5F
C0E51C67
C0E5D1F0
C0E68B00
C0E7479D
C0E807CD
C0E8CB95
C0E992FA
C0EA5E00
C0EB2CAA
C0EBFEFB
C0ECD4F4
C0EDAE97
C0EE8BE4
C0EF6CDB
C0F0517B
C0F139C1
C0F225AC
C0F31538
C0F4085F
C0F4FF1E
C0F5F96F
C0F6F74A
C0F7F8A7
C0F8FD80
C0FA05C9
C0FB117B
C0FC2089
C0FD32E9
C0FE488E
C0FF616B
C1003EBA
C100CE4D
C1015F67
C101F201
C1028613
C1031B94
C103B27C
C1044AC4
C104E461
C1057F4B
C1061B7A
C106B8E3
C107577E
C107F741
C1089823
C1093A1B
C109DD1E
C10A8123
C10B2622
C10BCC10
C10C72E3
C10D1A93
C10DC317
C10E6C64
C10F1672
C10FC138
C1106CAD
C11118C8
C111C580
C11272CD
C11320A7
C113CF05
C1147DE0
C1152D2F
C115DCEB
C1168D0C
C1173D8B
C117EE61
C1189F87
C11950F6
C11A02A8
C11AB496
C11B66BB
C11C190F
C11CCB8E
C11D7E31
C11E30F4
C11EE3D0
C11F96C2
C12049C3
C120FCD0
C121AFE4
C12262FB
C123160F
C123C91E
C1247C23
C1252F1B
C125E202
C12694D5
C1274791
C127FA32
C128ACB5
C1295F19
C12A1159
C12AC374
C12B7567
C12C2730
C12CD8CD
C12D8A3B
C12E3B79
C12EEC85
C12F9D5E
C1304E02
C130FE6E
C131AEA3
C1325E9F
C1330E60
C133BDE5
C1346D2F
C1351C3A
C135CB08
C1367997
C13727E6
C137D5F6
C13883C4
C1393152
C139DE9F
C13A8BAA
C13B3874
C13BE4FB
C13C9141
C13D3D44
C13DE906
C13E9486
C13F3FC4
C13FEAC0
C140957B
C1413FF6
C141EA2F
C1429428
C1433DE2
C143E75B
C1449096
C1453992
C145E250
C1468AD1
C1473315
C147DB1C
C14882E8
C1492A79
C149D1D0
C14A78ED
C14B1FD2
C14BC67E
C14C6CF3
C14D1331
C14DB93A
C14E5F0D
C14F04AC
C14FAA18
C0CB89F7
C0CB9CF6
C0CBB07D
C0CBC490
C0CBD932
C0CBEE68
C0CC0435
C0CC1A9E
C0CC31A6
C0CC4951
C0CC61A5
C0CC7AA4
C0CC9455
C0CCAEBA
C0CCC9DA
C0CCE5B9
C0CD025B
C0CD1FC7
C0CD3E00
C0CD5D0C
C0CD7CF2
C0CD9DB5
C0CDBF5C
C0CDE1ED
C0CE056D
C0CE29E3
C0CE4F54
C0CE75C8
C0CE9D44
C0CEC5CF
C0CEEF6F
C0CF1A2D
C0CF460E
C0CF7319
C0CFA157
C0CFD0CF
C0D00187
C0D03389
C0D066DB
C0D09B87
C0D0D193
C0D10909
C0D141F1
C0D17C54
C0D1B83A
C0D1F5AD
C0D234B6
C0D2755E
C0D2B7AE
C0D2FBB1
C0D34170
C0D388F4
C0D3D249
C0D41D78
C0D46A8C
C0D4B98F
C0D50A8C
C0D55D8E
C0D5B2A0
C0D609CC
C0D6631E
C0D6BEA1
C0D71C61
C0D77C69
C0D7DEC4
C0D8437F
C0D8AAA5
C0D91442
C0D98061
C0D9EF0F
C0DA6058
C0DAD446
C0DB4AE8
C0DBC447
C0DC4070
C0DCBF70
C0DD4151
C0DDC61F
C0DE4DE6
C0DED8B0
C0DF668B
C0DFF77F
C0E08B99
C0E122E3
C0E1BD68
C0E25B30
C0E2FC47
C0E3A0B5
C0E44885
C0E4F3BD
C0E5A268
C0E6548C
C0E70A31
C0E7C35E
C0E88019
C0E94069
C0EA0452
C0EACBD9
C0EB9702
C0EC65D0
C0ED3846
C0EE0E65
C0EEE830
C0EFC5A6
C0F0A6C8
C0F18B93
C0F27407
C0F36021
C0F44FDC
C0F54335
C0F63A27
C0F734AC
C0F832BD
C0F93452
C0FA3963
C0FB41E8
C0FC4DD6
C0FD5D22
C0FE6FC2
C0FF85A8
C1004F65
C100DD8C
C1016D42
C101FE81
C1029140
C1032577
C103BB20
C1045230
C104EAA1
C1058468
C1061F7D
C106BBD8
C107596E
C107F837
C1089829
C109393B
C109DB63
C10A7E98
C10B22D1
C10BC803
C10C6E26
C10D1530
C10DBD17
C10E65D2
C10F0F59
C10FB9A1
C11064A2
C1111053
C111BCAB
C11269A1
C113172E
C113C547
C11473E7
C1152303
C115D295
C1168295
C11732FB
C117E3C0
C11894DC
C119464A
C119F802
C11AA9FD
C11B5C35
C11C0EA4
C11CC144
C11D7410
C11E2700
C11EDA11
C11F8D3C
C120407D
C120F3CF
C121A72C
C1225A91
C1230DF9
C123C160
C12474C2
C125281B
C125DB67
C1268EA2
C12741CA
C127F4DA
C128A7D1
C1295AAA
C12A0D63
C12ABFFA
C12B726B
C12C24B5
C12CD6D4
C12D88C8
C12E3A8D
C12EEC22
C12F9D85
C1304EB5
C130FFAF
C131B073
C13260FE
C1331150
C133C167
C1347142
C13520E1
C135D042
C1367F65
C1372E48
C137DCEC
C1388B4F
C1393971
C139E752
C13A94F1
C13B424E
C13BEF68
C13C9C40
C13D48D6
C13DF529
C13EA139
C13F4D06
C13FF892
C140A3DB
C1414EE1
C141F9A6
C142A42A
C1434E6C
C143F86E
C144A22F
C1454BB1
C145F4F2
C1469DF5
C14746BA
C147EF41
C148978B
C1493F98
C149E769
C14A8EFF
C14B365B
C14BDD7D
C14C8465
C14D2B16
C14DD18E
C14E77D0
C14F1DDC
C14FC3B3
C1506956
C0CCBFC6
C0CCD2C4
C0CCE64B
C0CCFA5E
C0CD0F00
C0CD2436
C0CD3A03
C0CD506C
C0CD6774
C0CD7F20
C0CD9773
C0CDB073
C0CDCA24
C0CDE48A
C0CDFFAB
C0CE1B8A
C0CE382D
C0CE5598
C0CE73D2
C0CE92DF
C0CEB2C5
C0CED389
C0CEF531
C0CF17C3
C0CF3B44
C0CF5FBB
C0CF852E
C0CFABA3
C0CFD320
C0CFFBAC
C0D0254F
C0D0500E
C0D07BF0
C0D0A8FE
C0D0D73E
C0D106B8
C0D13773
C0D16976
C0D19CCB
C0D1D179
C0D20789
C0D23F02
C0D277ED
C0D2B253
C0D2EE3D
C0D32BB3
C0D36AC0
C0D3AB6C
C0D3EDC1
C0D431C8
C0D4778C
C0D4BF16
C0D50870
C0D553A5
C0D5A0BE
C0D5EFC8
C0D640CB
C0D693D3
C0D6E8EC
C0D7401F
C0D79979
C0D7F504
C0D852CD
C0D8B2DD
C0D91542
C0D97A07
C0D9E136
C0DA4ADE
C0DAB708
C0DB25C2
C0DB9716
C0DC0B11
C0DC81BF
C0DCFB2C
C0DD7764
C0DDF672
C0DE7862
C0DEFD40
C0DF8517
C0E00FF3
C0E09DDF
C0E12EE7
C0E1C314
C0E25A72
C0E2F50B
C0E392E9
C0E43416
C0E4D89B
C0E58083
C0E62BD4
C0E6DA99
C0E78CD8
C0E84299
C0E8FBE2
C0E9B8BC
C0EA792A
C0EB3D33
C0EC04DB
C0ECD025
C0ED9F17
C0EE71B1
C0EF47F7
C0F021E8
C0F0FF87
C0F1E0D2
C0F2C5C8
C0F3AE68
C0F49AAF
C0F58A99
C0F67E23
C0F77546
C0F86FFE
C0F96E44
C0FA7010
C0FB7559
C0FC7E17
C0FD8A40
C0FE99C9
C0FFACA7
C1006167
C100EE18
C1017C61
C1020C3A
C1029D9D
C1033080
C103C4DD
C1045AAC
C104F1E4
C1058A7C
C106246D
C106BFAC
C1075C32
C107F9F4
C10898EA
C109390A
C109DA4B
C10A7CA4
C10B200A
C10BC475
C10C69DA
C10D1031
C10DB770
C10E5F8D
C10F0880
C10FB23E
C1105CC0
C11107FB
C111B3E7
C112607B
C1130DAF
C113BB79
C11469D2
C11518B2
C115C80F
C11677E3
C1172826
C117D8D0
C11889DA
C1193B3D
C119ECF1
C11A9EF0
C11B5134
C11C03B6
C11CB66F
C11D695A
C11E1C71
C11ECFAE
C11F830C
C1203685
C120EA15
C1219DB6
C1225164
C123051A
C123B8D3
C1246C8C
C1252040
C125D3EC
C126878B
C1273B1A
C127EE96
C128A1FC
C1295547
C12A0876
C12ABB85
C12B6E71
C12C2139
C12CD3D9
C12D864F
C12E389A
C12EEAB6
C12F9CA2
C1304E5C
C130FFE2
C131B133
C132624E
C1331330
C133C3D8
C1347446
C1352477
C135D46C
C1368423
C137339B
C137E2D3
C13891CC
C1394083
C139EEF9
C13A9D2D
C13B4B1E
C13BF8CE
C13CA63A
C13D5363
C13E0049
C13EACEC
C13F594B
C1400568
C140B141
C1415CD7
C142082A
C142B33B
C1435E09
C1440896
C144B2E0
C1455CEA
C14606B3
C146B03B
C1475984
C148028E
C148AB59
C14953E5
C149FC35
C14AA447
C14B4C1E
C14BF3B8
C14C9B19
C14D423F
C14DE92B
C14E8FE0
C14F365C
C14FDCA2
C15082B1
C151288B
C0CDF5C6
C0CE08C5
C0CE1C4B
C0CE305E
C0CE4501
C0CE5A37
C0CE7004
C0CE866D
C0CE9D75
C0CEB521
C0CECD75
C0CEE675
C0CF0027
C0CF1A8D
C0CF35AE
C0CF518D
C0CF6E31
C0CF8B9D
C0CFA9D8
C0CFC8E5
C0CFE8CC
C0D00991
C0D02B3A
C0D04DCD
C0D0714F
C0D095C7
C0D0BB3B
C0D0E1B1
C0D1092F
C0D131BD
C0D15B61
C0D18622
C0D1B206
C0D1DF16
C0D20D58
C0D23CD3
C0D26D90
C0D29F97
C0D2D2EE
C0D3079F
C0D33DB1
C0D3752D
C0D3AE1B
C0D3E885
C0D42472
C0D461EC
C0D4A0FD
C0D4E1AD
C0D52406
C0D56812
C0D5ADDA
C0D5F569
C0D63EC8
C0D68A03
C0D6D722
C0D72631
C0D7773B
C0D7CA4A
C0D81F69
C0D876A4
C0D8D005
C0D92B99
C0D98969
C0D9E982
C0DA4BF0
C0DAB0BE
C0DB17F8
C0DB81A9
C0DBEDDE
C0DC5CA3
C0DCCE03
C0DD420B
C0DDB8C5
C0DE323F
C0DEAE85
C0DF2DA1
C0DFAFA0
C0E0348D
C0E0BC75
C0E14761
C0E1D55F
C0E26678
C0E2FAB8
C0E3922A
C0E42CD7
C0E4CACA
C0E56C0D
C0E610A9
C0E6B8A8
C0E76412
C0E812F0
C0E8C549
C0E97B25
C0EA348B
C0EAF181
C0EBB20D
C0EC7635
C0ED3DFD
C0EE096A
C0EED87D
C0EFAB3B
C0F081A6
C0F15BBD
C0F23983
C0F31AF6
C0F40016
C0F4E8E1
C0F5D555
C0F6C56D
C0F7B926
C0F8B07A
C0F9AB64
C0FAA9DE
C0FBABDE
C0FCB15F
C0FDBA55
C0FEC6B8
C0FFD67C
C10074CC
C100FFFF
C1018CD0
C1021B3A
C102AB35
C1033CBA
C103CFC2
C1046443
C104FA38
C1059196
C1062A56
C106C46F
C1075FD8
C107FC87
C1089A75
C1093997
C109D9E5
C10A7B54
C10B1DDC
C10BC172
C10C660E
C10D0BA6
C10DB230
C10E59A3
C10F01F5
C10FAB1E
C1105514
C110FFCE
C111AB42
C1125769
C1130438
C113B1A8
C1145FB0
C1150E47
C115BD66
C1166D04
C1171D19
C117CD9E
C1187E8B
C1192FD9
C119E181
C11A937B
C11B45C1
C11BF84C
C11CAB17
C11D5E19
C11E114F
C11EC4B1
C11F783A
C1202BE4
C120DFAB
C1219389
C1224779
C122FB76
C123AF7C
C1246386
C1251790
C125CB96
C1267F94
C1273387
C127E76A
C1289B3A
C1294EF3
C12A0294
C12AB617
C12B697C
C12C1CBE
C12CCFDC
C12D82D2
C12E359F
C12EE840
C12F9AB3
C1304CF6
C130FF07
C131B0E4
C132628C
C13313FD
C133C536
C1347636
C13526FA
C135D782
C13687CD
C13737DA
C137E7A7
C1389735
C1394682
C139F58E
C13AA458
C13B52E0
C13C0125
C13CAF27
C13D5CE6
C13E0A61
C13EB798
C13F648B
C140113B
C140BDA6
C14169CE
C14215B2
C142C152
C1436CAF
C14417CA
C144C2A1
C1456D36
C1461789
C146C19A
C1476B6A
C14814FA
C148BE49
C1496759
C14A1029
C14AB8BC
C14B6110
C14C0928
C14CB103
C14D58A3
C14E0007
C14EA731
C14F4E22
C14FF4DA
C1509B5A
C15141A3
C151E7B5
C0CF2BF7
C0CF3EF6
C0CF527C
C0CF668F
C0CF7B32
C0CF9068
C0CFA636
C0CFBC9F
C0CFD3A7
C0CFEB53
C0D003A7
C0D01CA8
C0D03659
C0D050C0
C0D06BE1
C0D087C2
C0D0A466
C0D0C1D2
C0D0E00E
C0D0FF1C
C0D11F04
C0D13FC9
C0D16173
C0D18407
C0D1A78A
C0D1CC03
C0D1F178
C0D217EF
C0D23F6F
C0D267FF
C0D291A4
C0D2BC66
C0D2E84D
C0D3155E
C0D343A2
C0D37320
C0D3A3DF
C0D3D5E8
C0D40942
C0D43DF5
C0D4740A
C0D4AB89
C0D4E47A
C0D51EE7
C0D55AD7
C0D59855
C0D5D76A
C0D6181E
C0D65A7B
C0D69E8B
C0D6E458
C0D72BEC
C0D77550
C0D7C090
C0D80DB5
C0D85CCA
C0D8ADDA
C0D900F0
C0D95616
C0D9AD57
C0DA06C0
C0DA625B
C0DAC034
C0DB2055
C0DB82CC
C0DBE7A3
C0DC4EE6
C0DCB8A2
C0DD24E2
C0DD93B1
C0DE051C
C0DE7930
C0DEEFF7
C0DF697E
C0DFE5D1
C0E064FB
C0E0E708
C0E16C05
C0E1F3FC
C0E27EF9
C0E30D07
C0E39E32
C0E43285
C0E4CA09
C0E564CA
C0E602D2
C0E6A42A
C0E748DD
C0E7F0F2
C0E89C74
C0E94B6A
C0E9FDDD
C0EAB3D3
C0EB6D55
C0EC2A67
C0ECEB11
C0EDAF58
C0EE773F
C0EF42CC
C0F01201
C0F0E4E2
C0F1BB70
C0F295AD
C0F37399
C0F45534
C0F53A7D
C0F62372
C0F71011
C0F80056
C0F8F43D
C0F9EBC1
C0FAE6DC
C0FBE588
C0FCE7BC
C0FDED72
C0FEF69F
C100019D
C100899D
C1011348
C1019E9A
C1022B8B
C102BA15
C1034A32
C103DBD9
C1046F03
C10503A9
C10599C2
C1063146
C106CA2D
C107646D
C107FFFE
C1089CD8
C1093AF0
C109DA3D
C10A7AB7
C10B1C54
C10BBF0A
C10C62CF
C10D079C
C10DAD65
C10E5421
C10EFBC8
C10FA44E
C1104DAD
C110F7D9
C111A2CA
C1124E77
C112FAD7
C113A7E1
C114558C
C11503D0
C115B2A5
C1166202
C11711DF
C117C235
C11872FB
C119242B
C119D5BC
C11A87A7
C11B39E7
C11BEC73
C11C9F45
C11D5257
C11E05A2
C11EB921
C11F6CCE
C12020A2
C120D498
C12188AB
C1223CD7
C122F115
C123A561
C12459B6
C1250E11
C125C26C
C12676C3
C1272B14
C127DF58
C128938E
C12947B2
C129FBC0
C12AAFB4
C12B638D
C12C1747
C12CCADF
C12D7E52
C12E319E
C12EE4C2
C12F97B9
C1304A83
C130FD1C
C131AF84
C13261B9
C13313B8
C133C580
C1347710
C1352866
C135D981
C1368A60
C1373B01
C137EB64
C1389B88
C1394B6B
C139FB0E
C13AAA6F
C13B598E
C13C086A
C13CB703
C13D6558
C13E1369
C13EC137
C13F6EC0
C1401C04
C140C904
C14175C0
C1422237
C142CE69
C1437A58
C1442602
C144D169
C1457C8C
C146276B
C146D208
C1477C63
C148267B
C148D053
C14979E9
C14A233E
C14ACC54
C14B752A
C14C1DC2
C14CC61C
C14D6E38
C14E1618
C14EBDBC
C14F6524
C1500C52
C150B347
C1515A02
C1520086
C152A6D2
C0D06257
C0D07555
C0D088DC
C0D09CEF
C0D0B192
C0D0C6C8
C0D0DC95
C0D0F2FF
C0D10A07
C0D121B4
C0D13A08
C0D15309
C0D16CBB
C0D18722
C0D1A244
C0D1BE24
C0D1DAC9
C0D1F836
C0D21672
C0D23581
C0D2556A
C0D27630
C0D297DB
C0D2BA6F
C0D2DDF4
C0D3026E
C0D327E4
C0D34E5D
C0D375DE
C0D39E6F
C0D3C816
C0D3F2DA
C0D41EC2
C0D44BD5
C0D47A1B
C0D4A99B
C0D4DA5C
C0D50C67
C0D53FC3
C0D57479
C0D5AA91
C0D5E213
C0D61B07
C0D65577
C0D6916B
C0D6CEED
C0D70E05
C0D74EBD
C0D7911E
C0D7D533
C0D81B04
C0D8629C
C0D8AC06
C0D8F74B
C0D94475
C0D99390
C0D9E4A6
C0DA37C2
C0DA8CEF
C0DAE437
C0DB3DA7
C0DB994A
C0DBF72A
C0DC5754
C0DCB9D3
C0DD1EB3
C0DD8600
C0DDEFC6
C0DE5C0F
C0DECAEA
C0DF3C60
C0DFB07F
C0E02752
C0E0A0E6
C0E11D45
C0E19C7D
C0E21E99
C0E2A3A4
C0E32BAB
C0E3B6B8
C0E444D7
C0E4D613
C0E56A77
C0E6020E
C0E69CE3
C0E73AFE
C0E7DC6B
C0E88133
C0E9295F
C0E9D4F8
C0EA8407
C0EB3692
C0EBECA3
C0ECA63F
C0ED636D
C0EE2434
C0EEE898
C0EFB09E
C0F07C4A
C0F14BA0
C0F21EA3
C0F2F554
C0F3CFB5
C0F4ADC7
C0F58F88
C0F674F9
C0F75E17
C0F84AE1
C0F93B51
C0FA2F65
C0FB2718
C0FC2263
C0FD2140
C0FE23A8
C0FF2991
C100197A
C1009FE4
C10127FF
C101B1C8
C1023D38
C102CA48
C10358F2
C103E92F
C1047AF7
C1050E44
C105A30D
C106394A
C106D0F3
C10769FF
C1080467
C108A020
C1093D22
C109DB63
C10A7ADB
C10B1B81
C10BBD4A
C10C602D
C10D0422
C10DA91D
C10E4F17
C10EF605
C10F9DDD
C1104698
C110F02A
C1119A8C
C11245B4
C112F198
C1139E30
C1144B74
C114F95A
C115A7D9
C11656EA
C1170685
C117B6A1
C1186736
C119183D
C119C9AD
C11A7B81
C11B2DB0
C11BE034
C11C9305
C11D461D
C11DF976
C11EAD09
C11F60D1
C12014C7
C120C8E5
C1217D27
C1223186
C122E5FE
C1239A8A
C1244F24
C12503C8
C125B872
C1266D1E
C12721C6
C127D668
C1288AFF
C1293F87
C129F3FE
C12AA85F
C12B5CA8
C12C10D5
C12CC4E4
C12D78D1
C12E2C9A
C12EE03C
C12F93B5
C1304703
C130FA23
C131AD14
C1325FD3
C133125E
C133C4B4
C13476D3
C13528BA
C135DA67
C1368BD9
C1373D0F
C137EE07
C1389EC0
C1394F3A
C139FF74
C13AAF6C
C13B5F23
C13C0E96
C13CBDC7
C13D6CB4
C13E1B5E
C13EC9C2
C13F77E3
C14025BE
C140D354
C14180A6
C1422DB2
C142DA79
C14386FB
C1443338
C144DF30
C1458AE4
C1463653
C146E17F
C1478C67
C148370B
C148E16D
C1498B8D
C14A356A
C14ADF06
C14B8862
C14C317D
C14CDA59
C14D82F6
C14E2B55
C14ED376
C14F7B5A
C1502302
C150CA6E
C15171A0
C1521898
C152BF57
C15365DD
C0D198E2
C0D1ABE1
C0D1BF68
C0D1D37B
C0D1E81E
C0D1FD54
C0D21322
C0D2298B
C0D24094
C0D25841
C0D27096
C0D28997
C0D2A349
C0D2BDB1
C0D2D8D3
C0D2F4B4
C0D31159
C0D32EC7
C0D34D03
C0D36C13
C0D38BFC
C0D3ACC4
C0D3CE6F
C0D3F105
C0D4148A
C0D43905
C0D45E7D
C0D484F7
C0D4AC79
C0D4D50B
C0D4FEB4
C0D52979
C0D55563
C0D58278
C0D5B0C0
C0D5E042
C0D61105
C0D64313
C0D67671
C0D6AB2A
C0D6E144
C0D718C9
C0D751C0
C0D78C33
C0D7C82B
C0D805B0
C0D844CB
C0D88587
C0D8C7ED
C0D90C05
C0D951DB
C0D99978
C0D9E2E7
C0DA2E31
C0DA7B61
C0DACA81
C0DB1B9D
C0DB6EBF
C0DBC3F2
C0DC1B42
C0DC74B9
C0DCD062
C0DD2E4B
C0DD8E7D
C0DDF104
C0DE55ED
C0DEBD43
C0DF2712
C0DF9366
C0E0024A
C0E073CC
C0E0E7F6
C0E15ED5
C0E1D875
C0E254E1
C0E2D426
C0E35650
C0E3DB6A
C0E4637F
C0E4EE9C
C0E57CCB
C0E60E18
C0E6A28E
C0E73A37
C0E7D51E
C0E8734D
C0E914CF
C0E9B9AC
C0EA61EE
C0EB0D9D
C0EBBCC3
C0EC6F67
C0ED2590
C0EDDF47
C0EE9C90
C0EF5D72
C0F021F3
C0F0EA17
C0F1B5E3
C0F28559
C0F3587D
C0F42F50
C0F509D5
C0F5E80B
C0F6C9F2
C0F7AF8A
C0F898D0
C0F985C3
C0FA765E
C0FB6A9E
C0FC627E
C0FD5DF8
C0FE5D05
C0FF5F9E
C10032DE
C100B7A9
C1013E2E
C101C666
C102504B
C102DBD8
C1036906
C103F7CF
C104882C
C1051A15
C105AD83
C106426F
C106D8CF
C107709C
C10809CE
C108A45B
C109403B
C109DD65
C10A7BCF
C10B1B71
C10BBC41
C10C5E36
C10D0146
C10DA568
C10E4A92
C10EF0BB
C10F97D9
C1103FE4
C110E8D1
C1119297
C1123D2D
C112E88A
C11394A5
C1144175
C114EEF1
C1159D10
C1164BCB
C116FB17
C117AAEE
C1185B48
C1190C1B
C119BD62
C11A6F13
C11B2128
C11BD39A
C11C8660
C11D3976
C11DECD4
C11EA073
C11F544D
C120085C
C120BC9B
C1217103
C122258F
C122DA3A
C1238EFE
C12443D6
C124F8BE
C125ADB0
C12662A9
C12717A4
C127CC9D
C1288190
C1293678
C129EB53
C12AA01C
C12B54D1
C12C096D
C12CBDEE
C12D7251
C12E2693
C12EDAB2
C12F8EAA
C1304279
C130F61D
C131A993
C1325CDA
C1330FF0
C133C2D2
C134757F
C13527F6
C135DA34
C1368C38
C1373E01
C137EF8D
C138A0DC
C13951EC
C13A02BD
C13AB34D
C13B639B
C13C13A7
C13CC370
C13D72F6
C13E2238
C13ED136
C13F7FEF
C1402E62
C140DC90
C1418A79
C142381C
C142E57A
C1439291
C1443F63
C144EBF0
C1459837
C1464438
C146EFF5
C1479B6D
C14846A1
C148F190
C1499C3C
C14A46A5
C14AF0CB
C14B9AAF
C14C4451
C14CEDB2
C14D96D3
C14E3FB4
C14EE856
C14F90B9
C15038DE
C150E0C6
C1518872
C1522FE3
C152D718
C1537E13
C15424D5
C0D2CF98
C0D2E297
C0D2F61E
C0D30A31
C0D31ED4
C0D3340B
C0D349D9
C0D36042
C0D3774B
C0D38EF8
C0D3A74D
C0D3C04F
C0D3DA02
C0D3F46A
C0D40F8C
C0D42B6E
C0D44813
C0D46582
C0D483BF
C0D4A2D0
C0D4C2BA
C0D4E382
C0D5052E
C0D527C5
C0D54B4B
C0D56FC7
C0D59540
C0D5BBBB
C0D5E33F
C0D60BD3
C0D6357D
C0D66044
C0D68C2F
C0D6B946
C0D6E790
C0D71714
C0D747D9
C0D779E9
C0D7AD4A
C0D7E205
C0D81822
C0D84FA9
C0D888A3
C0D8C319
C0D8FF14
C0D93C9D
C0D97BBC
C0D9BC7C
C0D9FEE5
C0DA4302
C0DA88DC
C0DAD07E
C0DB19F1
C0DB6540
C0DBB275
C0DC019B
C0DC52BD
C0DCA5E5
C0DCFB1E
C0DD5274
C0DDABF2
C0DE07A3
C0DE6593
C0DEC5CD
C0DF285D
C0DF8D4E
C0DFF4AD
C0E05E86
C0E0CAE3
C0E139D2
C0E1AB5E
C0E21F93
C0E2967E
C0E31029
C0E38CA2
C0E40BF4
C0E48E2B
C0E51353
C0E59B77
C0E626A3
C0E6B4E2
C0E7463F
C0E7DAC6
C0E87281
C0E90D7A
C0E9ABBD
C0EA4D52
C0EAF243
C0EB9A9B
C0EC4660
C0ECF59D
C0EDA859
C0EE5E9B
C0EF186A
C0EFD5CE
C0F096CC
C0F15B69
C0F223AA
C0F2EF94
C0F3BF2A
C0F4926E
C0F56963
C0F64409
C0F72263
C0F8046F
C0F8EA2D
C0F9D39A
C0FAC0B5
C0FBB17B
C0FCA5E6
C0FD9DF2
C0FE9999
C0FF98D6
C1004DD0
C100D0F7
C10155DD
C101DC7B
C10264CE
C102EECF
C1037A79
C10407C5
C10496AC
C1052728
C105B931
C1064CC0
C106E1CD
C1077850
C1081041
C108A997
C1094449
C109E04F
C10A7DA0
C10B1C32
C10BBBFD
C10C5CF7
C10CFF16
C10DA252
C10E46A1
C10EEBF9
C10F9250
C110399E
C110E1D9
C1118AF8
C11234F1
C112DFBB
C1138B4D
C114379D
C114E4A4
C1159257
C11640AF
C116EFA3
C1179F2B
C1184F3E
C118FFD4
C119B0E5
C11A626A
C11B145B
C11BC6B0
C11C7963
C11D2C6D
C11DDFC6
C11E9368
C11F474C
C11FFB6C
C120AFC3
C1216449
C12218FA
C122CDD0
C12382C5
C12437D4
C124ECF9
C125A22D
C126576E
C1270CB5
C127C1FF
C1287748
C1292C8A
C129E1C4
C12A96F0
C12B4C0C
C12C0113
C12CB602
C12D6AD7
C12E1F8F
C12ED425
C12F8898
C1303CE6
C130F10A
C131A504
C13258D1
C1330C6F
C133BFDB
C1347314
C1352618
C135D8E5
C1368B7A
C1373DD6
C137EFF6
C138A1D9
C139537F
C13A04E6
C13AB60D
C13B66F4
C13C1798
C13CC7FB
C13D781A
C13E27F5
C13ED78C
C13F86DE
C14035EB
C140E4B3
C1419335
C1424170
C142EF66
C1439D15
C1444A7E
C144F7A1
C145A47D
C1465113
C146FD64
C147A96E
C1485534
C14900B4
C149ABEF
C14A56E6
C14B0199
C14BAC08
C14C5635
C14D001F
C14DA9C7
C14E532D
C14EFC53
C14FA539
C1504DDF
C150F647
C1519E70
C152465C
C152EE0C
C1539580
C1543CB9
C154E3B7
C0D40677
C0D41976
C0D42CFD
C0D44110
C0D455B3
C0D46AEA
C0D480B8
C0D49722
C0D4AE2B
C0D4C5D9
C0D4DE2E
C0D4F730
C0D510E3
C0D52B4C
C0D5466E
C0D56251
C0D57EF7
C0D59C66
C0D5BAA4
C0D5D9B5
C0D5F9A0
C0D61A69
C0D63C16
C0D65EAD
C0D68235
C0D6A6B2
C0D6CC2C
C0D6F2A8
C0D71A2E
C0D742C3
C0D76C6E
C0D79737
C0D7C324
C0D7F03C
C0D81E88
C0D84E0E
C0D87ED6
C0D8B0E7
C0D8E44B
C0D91908
C0D94F28
C0D986B2
C0D9BFAF
C0D9FA28
C0DA3626
C0DA73B2
C0DAB2D5
C0DAF398
C0DB3605
C0DB7A26
C0DBC005
C0DC07AB
C0DC5123
C0DC9C77
C0DCE9B1
C0DD38DC
C0DD8A04
C0DDDD32
C0DE3271
C0DE89CE
C0DEE352
C0DF3F0B
C0DF9D02
C0DFFD43
C0E05FDB
C0E0C4D5
C0E12C3D
C0E1961E
C0E20285
C0E2717E
C0E2E314
C0E35754
C0E3CE4A
C0E44801
C0E4C486
C0E543E5
C0E5C629
C0E64B5F
C0E6D391
C0E75ECC
C0E7ED1A
C0E87E87
C0E9131F
C0E9AAEB
C0EA45F6
C0EAE44B
C0EB85F4
C0EC2AF9
C0ECD365
C0ED7F40
C0EE2E93
C0EEE166
C0EF97C0
C0F051A9
C0F10F26
C0F1D03E
C0F294F7
C0F35D55
C0F4295C
C0F4F910
C0F5CC74
C0F6A389
C0F77E52
C0F85CCE
C0F93EFE
C0FA24E1
C0FB0E74
C0FBFBB7
C0FCECA5
C0FDE13A
C0FED972
C0FFD546
C1006A58
C100EBD4
C1016F14
C101F413
C1027ACB
C1030339
C1038D55
C104191B
C104A684
C1053589
C105C623
C106584B
C106EBFB
C1078129
C10817CD
C108AFE1
C109495A
C109E431
C10A805C
C10B1DD3
C10BBC8D
C10C5C7F
C10CFDA2
C10D9FEC
C10E4352
C10EE7CD
C10F8D51
C11033D7
C110DB54
C11183BF
C1122D0E
C112D739
C1138235
C1142DFB
C114DA80
C11587BC
C11635A7
C116E436
C1179363
C1184324
C118F372
C119A444
C11A5592
C11B0754
C11BB984
C11C6C19
C11D1F0D
C11DD258
C11E85F3
C11F39D9
C11FEE01
C120A267
C1215704
C1220BD2
C122C0CA
C12375E9
C1242B28
C124E082
C12595F1
C1264B72
C12700FF
C127B694
C1286C2D
C12921C4
C129D757
C12A8CE1
C12B425E
C12BF7CB
C12CAD24
C12D6267
C12E178F
C12ECC9A
C12F8185
C130364D
C130EAEF
C1319F69
C13253B9
C13307DB
C133BBCF
C1346F92
C1352322
C135D67C
C13689A1
C1373C8D
C137EF3F
C138A1B6
C13953F1
C13A05EE
C13AB7AC
C13B692A
C13C1A67
C13CCB62
C13D7C1B
C13E2C90
C13EDCC1
C13F8CAE
C1403C55
C140EBB7
C1419AD3
C14249A9
C142F838
C143A680
C1445482
C145023D
C145AFB1
C1465CDE
C14709C4
C147B664
C14862BD
C1490ED0
C149BA9E
C14A6626
C14B1168
C14BBC66
C14C6720
C14D1196
C14DBBC8
C14E65B7
C14F0F65
C14FB8D1
C15061FB
C1510AE6
C151B390
C1525BFC
C153042A
C153AC1A
C15453CD
C154FB44
C155A280
C0D53D7D
C0D5507C
C0D56403
C0D57816
C0D58CB9
C0D5A1F0
C0D5B7BF
C0D5CE29
C0D5E532
C0D5FCE0
C0D61536
C0D62E38
C0D647EB
C0D66254
C0D67D78
C0D6995A
C0D6B601
C0D6D371
C0D6F1AF
C0D710C2
C0D730AD
C0D75177
C0D77325
C0D795BD
C0D7B946
C0D7DDC4
C0D8033F
C0D829BD
C0D85143
C0D879DA
C0D8A386
C0D8CE51
C0D8FA3F
C0D9275A
C0D955A7
C0D9852F
C0D9B5F9
C0D9E80D
C0DA1B72
C0DA5032
C0DA8654
C0DABDE1
C0DAF6E1
C0DB315D
C0DB6D5E
C0DBAAED
C0DBEA14
C0DC2ADA
C0DC6D4C
C0DCB171
C0DCF753
C0DD3EFE
C0DD887A
C0DDD3D3
C0DE2112
C0DE7043
C0DEC170
C0DF14A3
C0DF69E9
C0DFC14C
C0E01AD7
C0E07696
C0E0D495
C0E134DE
C0E1977D
C0E1FC7F
C0E263F0
C0E2CDDA
C0E33A4A
C0E3A94D
C0E41AED
C0E48F37
C0E50638
C0E57FFB
C0E5FC8C
C0E67BF7
C0E6FE48
C0E7838B
C0E80BCB
C0E89714
C0E92571
C0E9B6EE
C0EA4B96
C0EAE373
C0EB7E90
C0EC1CF7
C0ECBEB2
C0ED63CB
C0EE0C4B
C0EEB83B
C0EF67A4
C0F01A8D
C0F0D0FF
C0F18B00
C0F24896
C0F309C8
C0F3CE9C
C0F49716
C0F56339
C0F6330B
C0F7068E
C0F7DDC3
C0F8B8AC
C0F9974A
C0FA799D
C0FB5FA4
C0FC495D
C0FD36C6
C0FE27DC
C0FF1C9A
C1000A7E
C100887E
C1010849
C10189DD
C1020D34
C102924B
C103191D
C103A1A4
C1042BDC
C104B7BD
C1054542
C105D464
C106651C
C106F763
C1078B31
C108207F
C108B745
C1094F7A
C109E917
C10A8411
C10B2061
C10BBDFD
C10C5CDD
C10CFCF7
C10D9E42
C10E40B5
C10EE446
C10F88EB
C1102E9C
C110D54E
C1117CF9
C1122592
C112CF12
C113796D
C114249B
C114D094
C1157D4D
C1162ABE
C116D8DE
C11787A5
C1183709
C118E703
C119978A
C11A4897
C11AFA21
C11BAC20
C11C5E8E
C11D1162
C11DC495
C11E7821
C11F2BFE
C11FE026
C1209492
C121493D
C121FE1F
C122B333
C1236873
C1241DD9
C124D361
C1258905
C1263EBF
C126F48B
C127AA65
C1286047
C129162D
C129CC12
C12A81F4
C12B37CE
C12BED9C
C12CA35A
C12D5905
C12E0E99
C12EC414
C12F7972
C1302EB1
C130E3CD
C13198C4
C1324D93
C1330238
C133B6B1
C1346AFA
C1351F13
C135D2FA
C13686AB
C1373A26
C137ED69
C138A073
C1395341
C13A05D3
C13AB827
C13B6A3C
C13C1C11
C13CCDA5
C13D7EF7
C13E3006
C13EE0D2
C13F9159
C140419C
C140F199
C141A150
C14250C0
C142FFEA
C143AECD
C1445D69
C1450BBE
C145B9CB
C1466791
C147150F
C147C247
C1486F36
C1491BDF
C149C841
C14A745C
C14B2032
C14BCBC1
C14C770A
C14D220F
C14DCCCF
C14E774B
C14F2183
C14FCB78
C150752A
C1511E9B
C151C7CA
C15270B9
C1531968
C153C1D8
C1546A09
C15511FC
C155B9B3
C156612D
C0D674A8
C0D687A6
C0D69B2E
C0D6AF41
C0D6C3E5
C0D6D91C
C0D6EEEA
C0D70555
C0D71C5F
C0D7340D
C0D74C63
C0D76565
C0D77F19
C0D79982
C0D7B4A6
C0D7D089
C0D7ED31
C0D80AA1
C0D828E0
C0D847F3
C0D867DF
C0D888AA
C0D8AA59
C0D8CCF2
C0D8F07C
C0D914FB
C0D93A77
C0D960F6
C0D9887E
C0D9B116
C0D9DAC4
C0DA0590
C0DA3180
C0DA5E9C
C0DA8CEB
C0DABC75
C0DAED41
C0DB1F57
C0DB52BF
C0DB8781
C0DBBDA6
C0DBF535
C0DC2E38
C0DC68B7
C0DCA4BB
C0DCE24D
C0DD2177
C0DD6241
C0DDA4B6
C0DDE8DF
C0DE2EC6
C0DE7675
C0DEBFF6
C0DF0B53
C0DF5897
C0DFA7CD
C0DFF8FF
C0E04C39
C0E0A184
C0E0F8ED
C0E1527F
C0E1AE45
C0E20C4A
C0E26C9A
C0E2CF42
C0E3344C
C0E39BC4
C0E405B7
C0E47231
C0E4E13C
C0E552E7
C0E5C73B
C0E63E47
C0E6B815
C0E734B1
C0E7B428
C0E83686
C0E8BBD6
C0E94423
C0E9CF7A
C0EA5DE6
C0EAEF73
C0EB842A
C0EC1C17
C0ECB745
C0ED55BE
C0EDF78B
C0EE9CB8
C0EF454B
C0EFF150
C0F0A0CE
C0F153CD
C0F20A55
C0F2C46E
C0F3821D
C0F44368
C0F50856
C0F5D0EB
C0F69D2B
C0F76D19
C0F840BA
C0F9180E
C0F9F317
C0FAD1D6
C0FBB44B
C0FC9A75
C0FD8453
C0FE71E2
C0FF631E
C1002C02
C100A847
C101265D
C101A63E
C10227E8
C102AB57
C1033086
C103B770
C1044011
C104CA62
C105565E
C105E3FE
C106733D
C1070412
C1079677
C1082A64
C108BFD2
C10956B8
C109EF0E
C10A88CC
C10B23EA
C10BC05D
C10C5E1E
C10CFD24
C10D9D64
C10E3ED7
C10EE171
C10F852B
C11029FB
C110CFD7
C11176B5
C1121E8D
C112C754
C1137102
C1141B8E
C114C6ED
C1157317
C1162003
C116CDA8
C1177BFD
C1182AFA
C118DA95
C1198AC7
C11A3B87
C11AECCE
C11B9E92
C11C50CE
C11D0378
C11DB68A
C11E69FC
C11F1DC7
C11FD1E5
C120864F
C1213AFE
C121EFEC
C122A513
C1235A6C
C1240FF2
C124C5A0
C1257B70
C126315D
C126E761
C1279D78
C128539D
C12909CB
C129BFFE
C12A7631
C12B2C62
C12BE28A
C12C98A8
C12D4EB6
C12E04B2
C12EBA99
C12F7066
C1302617
C130DBA9
C1319119
C1324664
C132FB88
C133B082
C1346550
C13519EF
C135CE5E
C136829B
C13736A3
C137EA75
C1389E0F
C139516F
C13A0495
C13AB77E
C13B6A29
C13C1C95
C13CCEC1
C13D80AC
C13E3255
C13EE3BB
C13F94DE
C14045BB
C140F654
C141A6A7
C14256B3
C1430679
C143B5F8
C144652F
C145141F
C145C2C7
C1467128
C1471F40
C147CD10
C1487A98
C14927D9
C149D4D2
C14A8183
C14B2DED
C14BDA11
C14C85ED
C14D3183
C14DDCD4
C14E87DE
C14F32A4
C14FDD26
C1508763
C151315D
C151DB15
C152848A
C1532DBE
C153D6B1
C1547F64
C15527D7
C155D00C
C1567803
C1571FBD
C0D7ABF6
C0D7BEF5
C0D7D27C
C0D7E690
C0D7FB33
C0D8106B
C0D8263A
C0D83CA4
C0D853AE
C0D86B5D
C0D883B3
C0D89CB6
C0D8B66A
C0D8D0D4
C0D8EBF9
C0D907DC
C0D92484
C0D941F5
C0D96035
C0D97F49
C0D99F35
C0D9C001
C0D9E1B1
C0DA044B
C0DA27D5
C0DA4C56
C0DA71D3
C0DA9853
C0DABFDC
C0DAE875
C0DB1225
C0DB3CF2
C0DB68E4
C0DB9602
C0DBC453
C0DBF3DF
C0DC24AD
C0DC56C5
C0DC8A2F
C0DCBEF3
C0DCF51A
C0DD2CAC
C0DD65B2
C0DDA034
C0DDDC3B
C0DE19D0
C0DE58FD
C0DE99CB
C0DEDC44
C0DF2070
C0DF665B
C0DFAE0E
C0DFF793
C0E042F5
C0E0903E
C0E0DF79
C0E130B1
C0E183F0
C0E1D941
C0E230B0
C0E28A48
C0E2E614
C0E34420
C0E3A478
C0E40727
C0E46C39
C0E4D3B9
C0E53DB5
C0E5AA37
C0E6194C
C0E68B00
C0E6FF5E
C0E77674
C0E7F04D
C0E86CF5
C0E8EC77
C0E96EE1
C0E9F43E
C0EA7C98
C0EB07FD
C0EB9678
C0EC2813
C0ECBCD9
C0ED54D7
C0EDF015
C0EE8E9F
C0EF307E
C0EFD5BD
C0F07E64
C0F12A7D
C0F1DA0F
C0F28D24
C0F343C2
C0F3FDF2
C0F4BBB8
C0F57D1D
C0F64224
C0F70AD3
C0F7D72E
C0F8A739
C0F97AF6
C0FA5269
C0FB2D91
C0FC0C71
C0FCEF07
C0FDD554
C0FEBF55
C0FFAD08
C1004F35
C100C9BC
C1014615
C101C43F
C1024436
C102C5F6
C103497B
C103CEC2
C10455C4
C104DE7D
C10568E8
C105F4FE
C10682B9
C1071213
C107A305
C1083587
C108C992
C1095F1F
C109F624
C10A8E9B
C10B287B
C10BC3BA
C10C6051
C10CFE36
C10D9D60
C10E3DC6
C10EDF5F
C10F8221
C1102603
C110CAFC
C1117102
C112180B
C112C00F
C1136904
C11412E0
C114BD9A
C115692A
C1161585
C116C2A3
C117707B
C1181F04
C118CE35
C1197E07
C11A2E6F
C11ADF68
C11B90E7
C11C42E6
C11CF55C
C11DA842
C11E5B91
C11F0F41
C11FC34B
C12077A9
C1212C54
C121E144
C1229675
C1234BDF
C124017D
C124B749
C1256D3D
C1262355
C126D989
C1278FD6
C1284637
C128FCA7
C129B320
C12A699F
C12B2020
C12BD69E
C12C8D15
C12D4382
C12DF9E0
C12EB02D
C12F6664
C1301C83
C130D287
C131886B
C1323E2F
C132F3CE
C133A946
C1345E94
C13513B7
C135C8AC
C1367D71
C1373204
C137E662
C1389A8B
C1394E7B
C13A0233
C13AB5AF
C13B68EF
C13C1BF2
C13CCEB5
C13D8139
C13E337B
C13EE57B
C13F9738
C14048B1
C140F9E5
C141AAD4
C1425B7D
C1430BE0
C143BBFB
C1446BCF
C1451B5B
C145CAA0
C146799C
C1472850
C147D6BB
C14884DE
C14932B8
C149E04A
C14A8D93
C14B3A95
C14BE74E
C14C93C0
C14D3FEB
C14DEBCE
C14E976B
C14F42C2
C14FEDD3
C150989E
C1514325
C151ED68
C1529767
C1534123
C153EA9D
C15493D5
C1553CCC
C155E583
C1568DFA
C1573632
C157DE2C
C0D8E366
C0D8F665
C0D909ED
C0D91E01
C0D932A4
C0D947DC
C0D95DAB
C0D97416
C0D98B20
C0D9A2CF
C0D9BB26
C0D9D429
C0D9EDDE
C0DA0848
C0DA236D
C0DA3F51
C0DA5BFA
C0DA796B
C0DA97AC
C0DAB6C0
C0DAD6AE
C0DAF77A
C0DB192B
C0DB3BC6
C0DB5F51
C0DB83D3
C0DBA951
C0DBCFD2
C0DBF75D
C0DC1FF7
C0DC49A8
C0DC7477
C0DCA06B
C0DCCD8A
C0DCFBDD
C0DD2B6A
C0DD5C3A
C0DD8E54
C0DDC1C1
C0DDF687
C0DE2CB1
C0DE6445
C0DE9D4D
C0DED7D2
C0DF13DC
C0DF5175
C0DF90A5
C0DFD176
C0E013F2
C0E05823
C0E09E11
C0E0E5C8
C0E12F52
C0E17AB8
C0E1C806
C0E21746
C0E26882
C0E2BBC7
C0E3111E
C0E36893
C0E3C231
C0E41E03
C0E47C16
C0E4DC75
C0E53F2B
C0E5A444
C0E60BCD
C0E675D1
C0E6E25B
C0E75179
C0E7C336
C0E8379F
C0E8AEBF
C0E928A2
C0E9A555
C0EA24E3
C0EAA759
C0EB2CC1
C0EBB529
C0EC409B
C0ECCF23
C0ED60CD
C0EDF5A3
C0EE8DAF
C0EF28FE
C0EFC799
C0F0698A
C0F10EDA
C0F1B794
C0F263C0
C0F31367
C0F3C690
C0F47D44
C0F5378A
C0F5F568
C0F6B6E4
C0F77C04
C0F844CD
C0F91143
C0F9E169
C0FAB543
C0FB8CD3
C0FC681A
C0FD4718
C0FE29CF
C0FF103D
C0FFFA61
C100741C
C100ECDF
C1016779
C101E3E6
C1026224
C102E230
C1036405
C103E7A1
C1046CFE
C104F418
C1057CE9
C106076D
C106939C
C1072172
C107B0E7
C10841F4
C108D493
C10968BB
C109FE66
C10A958B
C10B2E21
C10BC821
C10C6382
C10D003B
C10D9E43
C10E3D91
C10EDE1C
C10F7FDA
C11022C3
C110C6CD
C1116BEE
C112121D
C112B951
C1136180
C1140AA1
C114B4AA
C1155F93
C1160B51
C116B7DD
C117652C
C1181335
C118C1F2
C1197157
C11A215D
C11AD1FC
C11B832B
C11C34E3
C11CE71A
C11D99CB
C11E4CEC
C11F0077
C11FB464
C12068AC
C1211D49
C121D233
C1228765
C1233CD7
C123F284
C124A866
C1255E76
C12614B0
C126CB0E
C127818A
C128381F
C128EEC9
C129A582
C12A5C47
C12B1311
C12BC9DE
C12C80A9
C12D376E
C12DEE2A
C12EA4D7
C12F5B74
C13011FC
C130C86C
C1317EC1
C13234F8
C132EB0E
C133A100
C13456CC
C1350C6F
C135C1E7
C1367731
C1372C4B
C137E134
C13895E8
C1394A67
C139FEAE
C13AB2BD
C13B6690
C13C1A27
C13CCD81
C13D809B
C13E3376
C13EE610
C13F9867
C1404A7B
C140FC4B
C141ADD6
C1425F1B
C143101B
C143C0D3
C1447145
C145216E
C145D150
C14680E9
C147303A
C147DF41
C1488E00
C1493C76
C149EAA3
C14A9887
C14B4622
C14BF374
C14CA07D
C14D4D3F
C14DF9B8
C14EA5EA
C14F51D4
C14FFD77
C150A8D4
C15153EA
C151FEBC
C152A948
C153538F
C153FD93
C154A753
C15550D1
C155FA0D
C156A308
C1574BC3
C157F43D
C1589C79
C0DA1AF7
C0DA2DF6
C0DA417E
C0DA5592
C0DA6A36
C0DA7F6E
C0DA953D
C0DAABA8
C0DAC2B3
C0DADA62
C0DAF2B9
C0DB0BBD
C0DB2572
C0DB3FDD
C0DB5B02
C0DB76E7
C0DB9390
C0DBB102
C0DBCF43
C0DBEE58
C0DC0E46
C0DC2F14
C0DC50C5
C0DC7361
C0DC96EE
C0DCBB70
C0DCE0F0
C0DD0772
C0DD2EFE
C0DD5799
C0DD814C
C0DDAC1C
C0DDD811
C0DE0532
C0DE3387
C0DE6316
C0DE93E8
C0DEC604
C0DEF972
C0DF2E3B
C0DF6467
C0DF9BFE
C0DFD509
C0E00F90
C0E04B9D
C0E08939
C0E0C86C
C0E10941
C0E14BC0
C0E18FF4
C0E1D5E7
C0E21DA2
C0E26730
C0E2B29A
C0E2FFED
C0E34F31
C0E3A073
C0E3F3BC
C0E44919
C0E4A094
C0E4FA38
C0E55611
C0E5B42A
C0E6148F
C0E6774D
C0E6DC6D
C0E743FE
C0E7AE09
C0E81A9C
C0E889C3
C0E8FB89
C0E96FFB
C0E9E725
C0EA6113
C0EADDD0
C0EB5D69
C0EBDFEB
C0EC655F
C0ECEDD4
C0ED7953
C0EE07E9
C0EE99A0
C0EF2E84
C0EFC6A0
C0F061FF
C0F100AA
C0F1A2AB
C0F2480E
C0F2F0DA
C0F39D18
C0F44CD3
C0F50011
C0F5B6DA
C0F67135
C0F72F2A
C0F7F0BD
C0F8B5F5
C0F97ED7
C0FA4B67
C0FB1BA8
C0FBEF9E
C0FCC74A
C0FDA2AF
C0FE81CC
C0FF64A3
C1002599
C1009ABB
C10111B8
C1018A8E
C102053A
C10281BA
C103000C
C103802C
C1040216
C10485C7
C1050B3B
C105926B
C1061B54
C106A5F0
C1073239
C107C028
C1084FB7
C108E0E0
C109739A
C10A07DF
C10A9DA7
C10B34EA
C10BCD9F
C10C67BF
C10D0340
C10DA01B
C10E3E45
C10EDDB6
C10F7E65
C1102049
C110C357
C1116788
C1120CD1
C112B328
C1135A86
C11402DF
C114AC2B
C1155661
C1160177
C116AD63
C1175A1E
C118079D
C118B5D8
C11964C6
C11A145F
C11AC499
C11B756D
C11C26D2
C11CD8C1
C11D8B30
C11E3E1A
C11EF175
C11FA53B
C1205964
C1210DE9
C121C2C4
C12277ED
C1232D5F
C123E312
C1249901
C1254F25
C126057A
C126BBF8
C127729B
C128295E
C128E03B
C129972D
C12A4E2F
C12B053D
C12BBC53
C12C736B
C12D2A83
C12DE195
C12E989E
C12F4F9A
C1300686
C130BD5D
C131741E
C1322AC4
C132E14D
C13397B6
C1344DFB
C135041A
C135BA11
C1366FDD
C137257C
C137DAEC
C1389029
C1394534
C139FA09
C13AAEA6
C13B630B
C13C1735
C13CCB24
C13D7ED4
C13E3246
C13EE578
C13F9869
C1404B17
C140FD82
C141AFA9
C142618C
C1431328
C143C47E
C144758D
C1452655
C145D6D4
C146870B
C14736FA
C147E69F
C14895FB
C149450E
C149F3D8
C14AA257
C14B508E
C14BFE7B
C14CAC1E
C14D5979
C14E068A
C14EB353
C14F5FD3
C1500C0B
C150B7FC
C15163A5
C1520F08
C152BA24
C15364FA
C1540F8B
C154B9D7
C15563E0
C1560DA4
C156B726
C1576066
C1580965
C158B222
C1595AA0
C0DB52A7
C0DB65A7
C0DB792E
C0DB8D43
C0DBA1E7
C0DBB71F
C0DBCCEE
C0DBE35A
C0DBFA65
C0DC1214
C0DC2A6B
C0DC4370
C0DC5D25
C0DC7790
C0DC92B6
C0DCAE9B
C0DCCB45
C0DCE8B8
C0DD06FA
C0DD260F
C0DD45FE
C0DD66CC
C0DD887F
C0DDAB1C
C0DDCEA9
C0DDF32D
C0DE18AD
C0DE3F31
C0DE66BE
C0DE8F5B
C0DEB90E
C0DEE3E0
C0DF0FD7
C0DF3CF9
C0DF6B50
C0DF9AE1
C0DFCBB4
C0DFFDD2
C0E03143
C0E0660E
C0E09C3C
C0E0D3D6
C0E10CE3
C0E1476D
C0E1837D
C0E1C11B
C0E20052
C0E2412A
C0E283AC
C0E2C7E4
C0E30DDA
C0E35599
C0E39F2B
C0E3EA9A
C0E437F1
C0E4873A
C0E4D881
C0E52BCF
C0E58131
C0E5D8B1
C0E6325B
C0E68E3A
C0E6EC5A
C0E74CC6
C0E7AF8A
C0E814B2
C0E87C4A
C0E8E65E
C0E952F9
C0E9C228
C0EA33F7
C0EAA872
C0EB1FA6
C0EB999D
C0EC1665
C0EC9609
C0ED1896
C0ED9E16
C0EE2697
C0EEB223
C0EF40C5
C0EFD28B
C0F0677D
C0F0FFA8
C0F19B15
C0F239D0
C0F2DBE3
C0F38156
C0F42A34
C0F4D685
C0F58652
C0F639A4
C0F6F081
C0F7AAF2
C0F868FD
C0F92AA7
C0F9EFF7
C0FAB8F1
C0FB859A
C0FC55F5
C0FD2A06
C0FE01CE
C0FEDD50
C0FFBC8B
C1004FC0
C100C317
C101384B
C101AF58
C102283F
C102A2FD
C1031F90
C1039DF5
C1041E29
C104A028
C10523EE
C105A977
C10630BE
C106B9BE
C1074471
C107D0D2
C1085EDB
C108EE84
C1097FC7
C10A129C
C10AA6FD
C10B3CE2
C10BD442
C10C6D16
C10D0755
C10DA2F6
C10E3FF1
C10EDE3D
C10F7DD0
C1101EA2
C110C0AA
C11163DE
C1120834
C112ADA4
C1135423
C113FBA9
C114A42C
C1154DA3
C115F804
C116A346
C1174F5F
C117FC48
C118A9F6
C1195862
C11A0781
C11AB74C
C11B67B9
C11C18C1
C11CCA5C
C11D7C80
C11E2F27
C11EE249
C11F95DD
C12049DD
C120FE41
C121B302
C122681A
C1231D82
C123D332
C1248925
C1253F55
C125F5BC
C126AC53
C1276315
C12819FD
C128D105
C1298828
C12A3F62
C12AF6AC
C12BAE04
C12C6563
C12D1CC7
C12DD429
C12E8B88
C12F42DE
C12FFA28
C130B162
C131688A
C1321F9A
C132D691
C1338D6B
C1344425
C134FABD
C135B12F
C1366779
C1371D99
C137D38D
C1388951
C1393EE4
C139F444
C13AA96F
C13B5E62
C13C131E
C13CC79E
C13D7BE3
C13E2FEB
C13EE3B4
C13F973D
C1404A85
C140FD8B
C141B04D
C14262CC
C1431505
C143C6F8
C14478A5
C1452A0B
C145DB29
C1468BFF
C1473C8C
C147ECD0
C1489CCB
C1494C7C
C149FBE3
C14AAB00
C14B59D4
C14C085D
C14CB69D
C14D6492
C14E123E
C14EBFA0
C14F6CB9
C1501989
C150C610
C151724F
C1521E45
C152C9F4
C153755C
C154207D
C154CB59
C15575EE
C156203F
C156CA4C
C1577414
C1581D9A
C158C6DE
C1596FDF
C15A18A0
C0DC8A75
C0DC9D75
C0DCB0FD
C0DCC511
C0DCD9B5
C0DCEEEE
C0DD04BD
C0DD1B29
C0DD3234
C0DD49E4
C0DD623C
C0DD7B40
C0DD94F6
C0DDAF62
C0DDCA88
C0DDE66E
C0DE0318
C0DE208C
C0DE3ECE
C0DE5DE5
C0DE7DD4
C0DE9EA3
C0DEC056
C0DEE2F4
C0DF0682
C0DF2B07
C0DF5089
C0DF770D
C0DF9E9B
C0DFC73A
C0DFF0EF
C0E01BC2
C0E047BA
C0E074DE
C0E0A336
C0E0D2C9
C0E1039E
C0E135BE
C0E16931
C0E19DFE
C0E1D42F
C0E20BCB
C0E244DA
C0E27F67
C0E2BB79
C0E2F91B
C0E33854
C0E3792F
C0E3BBB6
C0E3FFF1
C0E445EB
C0E48DAD
C0E4D743
C0E522B6
C0E57012
C0E5BF60
C0E610AB
C0E663FE
C0E6B965
C0E710EB
C0E76A9B
C0E7C67F
C0E824A5
C0E88518
C0E8E7E3
C0E94D12
C0E9B4B1
C0EA1ECC
C0EA8B6F
C0EAFAA7
C0EB6C7F
C0EBE103
C0EC5840
C0ECD241
C0ED4F13
C0EDCEC2
C0EE5159
C0EED6E5
C0EF5F71
C0EFEB09
C0F079B9
C0F10B8B
C0F1A08C
C0F238C5
C0F2D441
C0F3730C
C0F4152E
C0F4BAB2
C0F563A1
C0F61004
C0F6BFE4
C0F77349
C0F82A3B
C0F8E4C0
C0F9A2E0
C0FA64A0
C0FB2A07
C0FBF319
C0FCBFDB
C0FD904F
C0FE647A
C0FF3C5E
C1000BFE
C1007BAA
C100ED33
C101609A
C101D5DD
C1024CFC
C102C5F4
C10340C3
C103BD68
C1043BE0
C104BC27
C1053E3A
C105C215
C10647B3
C106CF0F
C1075826
C107E2F0
C1086F69
C108FD8A
C1098D4C
C10A1EA9
C10AB199
C10B4615
C10BDC16
C10C7393
C10D0C84
C10DA6E1
C10E42A2
C10EDFBD
C10F7E29
C1101DDE
C110BED3
C11160FE
C1120456
C112A8D1
C1134E67
C113F50D
C1149CBB
C1154566
C115EF06
C1169992
C11744FF
C117F146
C1189E5C
C1194C38
C119FAD3
C11AAA22
C11B5A1E
C11C0ABE
C11CBBF9
C11D6DC8
C11E2022
C11ED2FF
C11F8657
C1203A24
C120EE5D
C121A2FB
C12257F8
C1230D4C
C123C2F0
C12478DF
C1252F11
C125E581
C1269C28
C1275302
C1280A07
C128C132
C129787F
C12A2FE8
C12AE768
C12B9EFA
C12C569A
C12D0E42
C12DC5F0
C12E7D9D
C12F3547
C12FECEA
C130A481
C1315C09
C132137F
C132CADF
C1338226
C1343951
C134F05C
C135A745
C1365E0A
C13714A7
C137CB1B
C1388162
C139377B
C139ED63
C13AA318
C13B5898
C13C0DE2
C13CC2F3
C13D77CA
C13E2C66
C13EE0C4
C13F94E4
C14048C5
C140FC64
C141AFC1
C14262DB
C14315B0
C143C841
C1447A8B
C1452C8F
C145DE4C
C1468FC0
C14740ED
C147F1D0
C148A26A
C14952BA
C14A02C1
C14AB27D
C14B61EF
C14C1116
C14CBFF3
C14D6E86
C14E1CCE
C14ECACB
C14F787F
C15025E9
C150D309
C1517FDF
C1522C6D
C152D8B1
C15384AE
C1543062
C154DBD0
C15586F6
C15631D6
C156DC70
C15786C5
C15830D5
C158DAA2
C159842B
C15A2D72
C15AD677
C0DDC260
C0DDD55F
C0DDE8E7
C0DDFCFC
C0DE11A0
C0DE26D9
C0DE3CA9
C0DE5315
C0DE6A21
C0DE81D0
C0DE9A29
C0DEB32E
C0DECCE4
C0DEE750
C0DF0277
C0DF1E5D
C0DF3B08
C0DF587C
C0DF76BF
C0DF95D6
C0DFB5C7
C0DFD696
C0DFF84A
C0E01AE9
C0E03E78
C0E062FE
C0E08881
C0E0AF06
C0E0D695
C0E0FF35
C0E128EC
C0E153C0
C0E17FBA
C0E1ACDF
C0E1DB39
C0E20ACD
C0E23BA5
C0E26DC7
C0E2A13B
C0E2D60B
C0E30C3D
C0E343DB
C0E37CEE
C0E3B77D
C0E3F392
C0E43136
C0E47072
C0E4B151
C0E4F3DA
C0E53819
C0E57E16
C0E5C5DD
C0E60F76
C0E65AEE
C0E6A84D
C0E6F79F
C0E748EF
C0E79C48
C0E7F1B4
C0E8493F
C0E8A2F4
C0E8FEDF
C0E95D0B
C0E9BD83
C0EA2055
C0EA858B
C0EAED31
C0EB5754
C0EBC3FF
C0EC333E
C0ECA51E
C0ED19AB
C0ED90F1
C0EE0AFC
C0EE87D8
C0EF0791
C0EF8A33
C0F00FCA
C0F09862
C0F12406
C0F1B2C2
C0F244A1
C0F2D9AF
C0F371F6
C0F40D81
C0F4AC5B
C0F54E8D
C0F5F421
C0F69D21
C0F74995
C0F7F987
C0F8ACFF
C0F96404
C0FA1E9D
C0FADCD2
C0FB9EA8
C0FC6425
C0FD2D4E
C0FDFA28
C0FECAB5
C0FF9EFA
C1003B7C
C100A958
C1011913
C1018AAB
C101FE21
C1027373
C102EAA2
C10363AA
C103DE8B
C1045B42
C104D9CC
C1055A26
C105DC4C
C106603B
C106E5ED
C1076D5F
C107F68C
C108816C
C1090DFC
C1099C35
C10A2C0F
C10ABD85
C10B5090
C10BE526
C10C7B43
C10D12DC
C10DABEA
C10E4665
C10EE243
C10F7F7E
C1101E0A
C110BDE0
C1115EF7
C1120144
C112A4BF
C113495F
C113EF1A
C11495E6
C1153DBA
C115E68E
C1169057
C1173B0C
C117E6A4
C1189316
C1194058
C119EE62
C11A9D2B
C11B4CAA
C11BFCD6
C11CADA7
C11D5F15
C11E1117
C11EC3A5
C11F76B7
C1202A46
C120DE49
C12192BB
C1224792
C122FCC9
C123B258
C1246839
C1251E65
C125D4D5
C1268B84
C127426B
C127F986
C128B0CD
C129683B
C12A1FCC
C12AD77A
C12B8F3F
C12C4718
C12CFEFF
C12DB6F0
C12E6EE6
C12F26DE
C12FDED3
C13096C1
C1314EA5
C132067A
C132BE3E
C13375ED
C1342D83
C134E4FD
C1359C59
C1365394
C1370AAB
C137C19A
C1387861
C1392EFB
C139E568
C13A9BA4
C13B51AE
C13C0784
C13CBD23
C13D728A
C13E27B8
C13EDCAA
C13F915F
C14045D6
C140FA0D
C141AE03
C14261B8
C1431529
C143C856
C1447B3D
C1452DDF
C145E03A
C146924E
C147441A
C147F59D
C148A6D6
C14957C7
C14A086D
C14AB8C9
C14B68DA
C14C18A1
C14CC81D
C14D774E
C14E2634
C14ED4CF
C14F8320
C1503125
C150DEE0
C1518C51
C1523978
C152E655
C15392E8
C1543F33
C154EB35
C15596EE
C1564261
C156ED8C
C1579870
C158430E
C158ED67
C159977C
C15A414C
C15AEAD9
C15B9423
C0DEFA65
C0DF0D65
C0DF20ED
C0DF3502
C0DF49A7
C0DF5EDF
C0DF74B0
C0DF8B1C
C0DFA228
C0DFB9D8
C0DFD231
C0DFEB36
C0E004ED
C0E01F5A
C0E03A81
C0E05668
C0E07313
C0E09088
C0E0AECB
C0E0CDE3
C0E0EDD4
C0E10EA5
C0E1305A
C0E152F9
C0E17689
C0E19B10
C0E1C094
C0E1E71A
C0E20EAB
C0E2374B
C0E26103
C0E28BD9
C0E2B7D4
C0E2E4FB
C0E31356
C0E342ED
C0E373C6
C0E3A5EA
C0E3D960
C0E40E32
C0E44466
C0E47C07
C0E4B51B
C0E4EFAD
C0E52BC5
C0E5696C
C0E5A8AB
C0E5E98C
C0E62C19
C0E6705B
C0E6B65C
C0E6FE26
C0E747C3
C0E7933F
C0E7E0A2
C0E82FF9
C0E8814D
C0E8D4AA
C0E92A1C
C0E981AC
C0E9DB66
C0EA3757
C0EA9588
C0EAF607
C0EB58DF
C0EBBE1C
C0EC25C9
C0EC8FF3
C0ECFCA5
C0ED6BED
C0EDDDD5
C0EE526B
C0EEC9B9
C0EF43CD
C0EFC0B3
C0F04076
C0F0C322
C0F148C4
C0F1D167
C0F25D17
C0F2EBDF
C0F37DCB
C0F412E6
C0F4AB3B
C0F546D4
C0F5E5BC
C0F687FD
C0F72DA1
C0F7D6B1
C0F88337
C0F9333A
C0F9E6C4
C0FA9DDC
C0FB5889
C0FC16D2
C0FCD8BD
C0FD9E50
C0FE678F
C0FF3480
C1000293
C1006CC2
C100D8CD
C10146B7
C101B67F
C1022826
C1029BAA
C103110C
C103884A
C1040163
C1047C55
C104F91D
C10577B8
C105F824
C1067A5E
C106FE60
C1078426
C1080BAD
C10894EF
C1091FE6
C109AC8C
C10A3ADC
C10ACACE
C10B5C5D
C10BEF80
C10C8431
C10D1A68
C10DB21D
C10E4B47
C10EE5DF
C10F81DB
C1101F34
C110BDE0
C1115DD6
C111FF0D
C112A17C
C113451A
C113E9DD
C1148FBC
C11536AE
C115DEA8
C11687A3
C1173194
C117DC71
C1188833
C11934D0
C119E23E
C11A9074
C11B3F6B
C11BEF18
C11C9F74
C11D5075
C11E0214
C11EB448
C11F6709
C1201A50
C120CE14
C121824E
C12236F6
C122EC06
C123A176
C124573F
C1250D5B
C125C3C3
C1267A71
C127315E
C127E885
C1289FDF
C1295767
C12A0F18
C12AC6EB
C12B7EDD
C12C36E7
C12CEF06
C12DA733
C12E5F6C
C12F17AB
C12FCFEC
C130882B
C1314064
C131F893
C132B0B5
C13368C6
C13420C2
C134D8A7
C1359071
C136481D
C136FFA8
C137B710
C1386E52
C139256B
C139DC58
C13A9318
C13B49A9
C13C0007
C13CB631
C13D6C26
C13E21E3
C13ED766
C13F8CAE
C14041BA
C140F687
C141AB16
C1425F63
C143136E
C143C737
C1447ABB
C1452DFA
C145E0F3
C14693A6
C1474610
C147F833
C148AA0D
C1495B9D
C14A0CE4
C14ABDE1
C14B6E93
C14C1EFA
C14CCF16
C14D7EE7
C14E2E6C
C14EDDA6
C14F8C95
C1503B39
C150E991
C151979E
C1524560
C152F2D8
C153A005
C1544CE8
C154F981
C155A5D1
C15651D8
C156FD97
C157A90E
C158543D
C158FF26
C159A9C9
C15A5425
C15AFE3D
C15BA811
C15C51A1
C0E03285
C0E04585
C0E0590D
C0E06D22
C0E081C7
C0E09700
C0E0ACD1
C0E0C33D
C0E0DA4A
C0E0F1FA
C0E10A53
C0E12359
C0E13D10
C0E1577D
C0E172A5
C0E18E8C
C0E1AB38
C0E1C8AE
C0E1E6F2
C0E2060A
C0E225FC
C0E246CD
C0E26883
C0E28B23
C0E2AEB4
C0E2D33C
C0E2F8C1
C0E31F48
C0E346DA
C0E36F7C
C0E39935
C0E3C40C
C0E3F009
C0E41D31
C0E44B8E
C0E47B26
C0E4AC01
C0E4DE26
C0E5119F
C0E54672
C0E57CA9
C0E5B44C
C0E5ED63
C0E627F7
C0E66411
C0E6A1BB
C0E6E0FD
C0E721E1
C0E76471
C0E7A8B6
C0E7EEBA
C0E83688
C0E88029
C0E8CBA8
C0E91910
C0E9686B
C0E9B9C4
C0EA0D25
C0EA629B
C0EABA30
C0EB13F0
C0EB6FE6
C0EBCE1E
C0EC2EA2
C0EC9180
C0ECF6C3
C0ED5E77
C0EDC8A8
C0EE3562
C0EEA4B1
C0EF16A2
C0EF8B3F
C0F00297
C0F07CB4
C0F0F9A3
C0F1796F
C0F1FC26
C0F281D2
C0F30A80
C0F3963B
C0F4250F
C0F4B708
C0F54C2F
C0F5E491
C0F68038
C0F71F2E
C0F7C17E
C0F86732
C0F91052
C0F9BCE8
C0FA6CFC
C0FB2098
C0FBD7C2
C0FC9282
C0FD50DF
C0FE12DE
C0FED886
C0FFA1DC
C1003772
C1009FD0
C1010A0B
C1017623
C101E41A
C10253F0
C102C5A4
C1033937
C103AEA8
C10425F5
C1049F1D
C1051A1F
C10596F8
C10615A5
C1069623
C107186E
C1079C84
C108225E
C108A9F9
C109334F
C109BE5B
C10A4B18
C10AD97E
C10B6988
C10BFB2F
C10C8E6B
C10D2335
C10DB986
C10E5155
C10EEA9B
C10F854F
C1102169
C110BEDF
C1115DAA
C111FDBF
C1129F16
C11341A7
C113E566
C1148A4C
C115304E
C115D764
C1167F84
C11728A5
C117D2BD
C1187DC2
C11929AD
C119D673
C11A840C
C11B326E
C11BE191
C11C916C
C11D41F6
C11DF327
C11EA4F6
C11F575C
C1200A4F
C120BDC9
C12171C1
C1222631
C122DB0F
C1239057
C12445FF
C124FC01
C125B258
C12668FB
C1271FE5
C127D70F
C1288E74
C129460D
C129FDD6
C12AB5C7
C12B6DDD
C12C2611
C12CDE60
C12D96C3
C12E4F36
C12F07B5
C12FC03C
C13078C5
C131314D
C131E9D1
C132A24B
C1335AB8
C1341316
C134CB5F
C1358392
C1363BAB
C136F3A6
C137AB82
C138633A
C1391ACD
C139D238
C13A8978
C13B408B
C13BF76F
C13CAE21
C13D64A0
C13E1AE9
C13ED0FB
C13F86D4
C1403C73
C140F1D4
C141A6F8
C1425BDD
C1431082
C143C4E4
C1447904
C1452CDF
C145E075
C14693C6
C14746D0
C147F992
C148AC0C
C1495E3D
C14A1024
C14AC1C2
C14B7315
C14C241D
C14CD4DA
C14D854C
C14E3572
C14EE54C
C14F94DB
C150441E
C150F315
C151A1C0
C1525020
C152FE34
C153ABFD
C154597B
C15506AE
C155B397
C1566036
C1570C8B
C157B897
C158645B
C1590FD6
C159BB0A
C15A65F7
C15B109D
C15BBAFE
C15C6519
C15D0EF0
C0E16ABE
C0E17DBE
C0E19146
C0E1A55C
C0E1BA01
C0E1CF3A
C0E1E50B
C0E1FB78
C0E21284
C0E22A35
C0E2428E
C0E25B95
C0E2754C
C0E28FBA
C0E2AAE2
C0E2C6CA
C0E2E376
C0E300EC
C0E31F31
C0E33E4A
C0E35E3D
C0E37F0E
C0E3A0C5
C0E3C366
C0E3E6F8
C0E40B81
C0E43107
C0E4578F
C0E47F22
C0E4A7C5
C0E4D180
C0E4FC58
C0E52856
C0E55580
C0E583DE
C0E5B378
C0E5E454
C0E6167C
C0E649F6
C0E67ECB
C0E6B504
C0E6ECA9
C0E725C2
C0E76059
C0E79C76
C0E7DA22
C0E81967
C0E85A4E
C0E89CE0
C0E8E129
C0E92730
C0E96F01
C0E9B8A6
C0EA0429
C0EA5195
C0EAA0F4
C0EAF251
C0EB45B7
C0EB9B32
C0EBF2CC
C0EC4C91
C0ECA88C
C0ED06C9
C0ED6754
C0EDCA38
C0EE2F81
C0EE973C
C0EF0174
C0EF6E35
C0EFDD8B
C0F04F83
C0F0C429
C0F13B89
C0F1B5AE
C0F232A6
C0F2B27C
C0F3353D
C0F3BAF3
C0F443AC
C0F4CF72
C0F55E52
C0F5F056
C0F6858A
C0F71DF9
C0F7B9AD
C0F858B1
C0F8FB0F
C0F9A0D2
C0FA4A01
C0FAF6A7
C0FBA6CD
C0FC5A7A
C0FD11B6
C0FDCC88
C0FE8AF8
C0FF4D0B
C1000964
C1006E19
C100D4A8
C1013D12
C101A759
C102137D
C1028181
C102F163
C1036325
C103D6C6
C1044C45
C104C3A1
C1053CD9
C105B7EB
C10634D4
C106B391
C1073421
C107B67E
C1083AA6
C108C093
C1094842
C109D1AC
C10A5CCD
C10AE99F
C10B781C
C10C083C
C10C99FA
C10D2D4E
C10DC231
C10E589C
C10EF085
C10F89E6
C11024B6
C110C0EB
C1115E7F
C111FD67
C1129D9B
C1133F12
C113E1C3
C11485A3
C1152AAB
C115D0D0
C116780A
C117204E
C117C994
C11873D2
C1191EFF
C119CB11
C11A7800
C11B25C3
C11BD450
C11C839E
C11D33A6
C11DE45D
C11E95BD
C11F47BC
C11FFA52
C120AD77
C1216123
C122154F
C122C9F2
C1237F06
C1243484
C124EA63
C125A09E
C126572E
C1270E0B
C127C530
C1287C97
C1293439
C129EC11
C12AA418
C12B5C4A
C12C14A1
C12CCD17
C12D85A9
C12E3E50
C12EF708
C12FAFCD
C130689A
C131216B
C131DA3C
C1329308
C1334BCC
C1340485
C134BD2E
C13575C4
C1362E44
C136E6AB
C1379EF5
C1385720
C1390F28
C139C70C
C13A7EC8
C13B365A
C13BEDC0
C13CA4F6
C13D5BFC
C13E12CF
C13EC96D
C13F7FD4
C1403602
C140EBF6
C141A1AE
C1425728
C1430C63
C143C15E
C1447618
C1452A8E
C145DEC1
C14692AF
C1474657
C147F9B8
C148ACD1
C1495FA2
C14A122B
C14AC469
C14B765D
C14C2807
C14CD966
C14D8A79
C14E3B41
C14EEBBD
C14F9BED
C1504BD1
C150FB68
C151AAB3
C15259B2
C1530865
C153B6CC
C15464E7
C15512B6
C155C03A
C1566D73
C1571A61
C157C706
C1587360
C1591F71
C159CB39
C15A76B8
C15B21F0
C15BCCE1
C15C778B
C15D21EF
C15DCC0E
C0E2A30E
C0E2B60E
C0E2C997
C0E2DDAD
C0E2F252
C0E3078B
C0E31D5D
C0E333CA
C0E34AD7
C0E36288
C0E37AE2
C0E393E8
C0E3ADA0
C0E3C80E
C0E3E337
C0E3FF1F
C0E41BCC
C0E43943
C0E45788
C0E476A2
C0E49695
C0E4B768
C0E4D91F
C0E4FBC1
C0E51F54
C0E543DE
C0E56964
C0E58FEE
C0E5B782
C0E5E026
C0E609E2
C0E634BB
C0E660BB
C0E68DE6
C0E6BC46
C0E6EBE1
C0E71CBF
C0E74EE8
C0E78264
C0E7B73C
C0E7ED77
C0E8251E
C0E85E39
C0E898D2
C0E8D4F1
C0E912A0
C0E951E7
C0E992D1
C0E9D567
C0EA19B2
C0EA5FBD
C0EAA792
C0EAF13A
C0EB3CC1
C0EB8A30
C0EBD993
C0EC2AF4
C0EC7E5F
C0ECD3DE
C0ED2B7D
C0ED8547
C0EDE147
C0EE3F8A
C0EEA01A
C0EF0304
C0EF6854
C0EFD015
C0F03A53
C0F0A71B
C0F11679
C0F18878
C0F1FD26
C0F2748E
C0F2EEBC
C0F36BBD
C0F3EB9C
C0F46E66
C0F4F427
C0F57CEA
C0F608BB
C0F697A5
C0F729B5
C0F7BEF5
C0F85770
C0F8F332
C0F99243
C0FA34B0
C0FADA80
C0FB83BF
C0FC3075
C0FCE0AA
C0FD9468
C0FE4BB5
C0FF069A
C0FFC51C
C10043A2
C100A68A
C1010B4A
C10171E3
C101DA58
C10244AA
C102B0DB
C1031EEA
C1038ED9
C10400A8
C1047457
C104E9E4
C105614E
C105DA95
C10655B6
C106D2AF
C107517E
C107D21E
C108548D
C108D8C6
C1095EC6
C109E688
C10A7006
C10AFB3C
C10B8822
C10C16B4
C10CA6EB
C10D38C0
C10DCC2C
C10E6127
C10EF7AA
C10F8FAD
C1102928
C110C412
C1116064
C111FE14
C1129D19
C1133D6B
C113DF01
C11481D1
C11525D2
C115CAFA
C1167141
C117189E
C117C106
C1186A70
C11914D3
C119C026
C11A6C60
C11B1977
C11BC763
C11C7619
C11D2593
C11DD5C6
C11E86AA
C11F3837
C11FEA65
C1209D2A
C121507F
C122045D
C122B8BB
C1236D92
C12422DB
C124D88E
C1258EA4
C1264516
C126FBDE
C127B2F5
C1286A54
C12921F6
C129D9D5
C12A91E9
C12B4A2F
C12C02A0
C12CBB37
C12D73EF
C12E2CC2
C12EE5AD
C12F9EA9
C13057B3
C13110C5
C131C9DD
C13282F5
C1333C0A
C133F518
C134AE1A
C135670E
C1361FF0
C136D8BD
C1379171
C1384A09
C1390282
C139BADA
C13A730E
C13B2B1B
C13BE2FE
C13C9AB6
C13D523F
C13E0998
C13EC0BE
C13F77B0
C1402E6C
C140E4EF
C1419B38
C1425145
C1430716
C143BCA7
C14471F9
C1452709
C145DBD6
C1469060
C14744A5
C147F8A4
C148AC5D
C1495FCD
C14A12F6
C14AC5D5
C14B786B
C14C2AB7
C14CDCB8
C14D8E6D
C14E3FD7
C14EF0F5
C14FA1C7
C150524C
C1510285
C151B272
C1526212
C1531165
C153C06B
C1546F25
C1551D92
C155CBB4
C1567989
C1572713
C157D452
C1588146
C1592DEF
C159DA4E
C15A8663
C15B322F
C15BDDB3
C15C88EF
C15D33E3
C15DDE91
C15E88F8
C0E3DB75
C0E3EE76
C0E401FF
C0E41615
C0E42ABA
C0E43FF4
C0E455C5
C0E46C33
C0E48340
C0E49AF2
C0E4B34C
C0E4CC52
C0E4E60B
C0E50079
C0E51BA2
C0E5378B
C0E55439
C0E571B0
C0E58FF6
C0E5AF10
C0E5CF04
C0E5EFD8
C0E61190
C0E63433
C0E657C6
C0E67C51
C0E6A1D8
C0E6C863
C0E6EFF8
C0E7189E
C0E7425A
C0E76D35
C0E79936
C0E7C663
C0E7F4C4
C0E82461
C0E85540
C0E8876B
C0E8BAE9
C0E8EFC3
C0E925FF
C0E95DA8
C0E996C6
C0E9D161
C0EA0D83
C0EA4B34
C0EA8A7E
C0EACB6B
C0EB0E03
C0EB5251
C0EB985F
C0EBE037
C0EC29E3
C0EC756D
C0ECC2E0
C0ED1247
C0ED63AD
C0EDB71C
C0EE0C9F
C0EE6443
C0EEBE11
C0EF1A17
C0EF785F
C0EFD8F5
C0F03BE4
C0F0A13A
C0F10901
C0F17346
C0F1E015
C0F24F7A
C0F2C180
C0F33636
C0F3ADA6
C0F427DC
C0F4A4E5
C0F524CE
C0F5A7A1
C0F62D6B
C0F6B638
C0F74214
C0F7D109
C0F86324
C0F8F870
C0F990F7
C0FA2CC5
C0FACBE4
C0FB6E5E
C0FC143D
C0FCBD8A
C0FD6A4F
C0FE1A94
C0FECE62
C0FF85C0
C100205B
C1007FA6
C100E0C2
C10143B4
C101A87E
C1020F22
C10277A2
C102E1FF
C1034E3B
C103BC57
C1042C52
C1049E2E
C10511E9
C1058784
C105FEFD
C1067852
C106F382
C107708B
C107EF69
C108701A
C108F29A
C10976E5
C109FCF7
C10A84CB
C10B0E5D
C10B99A6
C10C26A1
C10CB548
C10D4594
C10DD77F
C10E6B02
C10F0014
C10F96B0
C1102ECB
C110C860
C1116365
C111FFD1
C1129D9D
C1133CBF
C113DD2E
C1147EE2
C11521D0
C115C5F1
C1166B3A
C11711A2
C117B920
C11861AB
C1190B39
C119B5C1
C11A6139
C11B0D99
C11BBAD8
C11C68EB
C11D17CB
C11DC76E
C11E77CC
C11F28DC
C11FDA96
C1208CF1
C1213FE5
C121F36A
C122A778
C1235C08
C1241111
C124C68D
C1257C75
C12632C0
C126E969
C127A068
C12857B7
C1290F50
C129C72C
C12A7F46
C12B3797
C12BF01A
C12CA8CA
C12D61A0
C12E1A98
C12ED3AC
C12F8CD9
C1304618
C130FF66
C131B8BE
C132721B
C1332B7A
C133E4D6
C1349E2C
C1355778
C13610B6
C136C9E3
C13782FB
C1383BFC
C138F4E2
C139ADA9
C13A6650
C13B1ED3
C13BD730
C13C8F64
C13D476D
C13DFF48
C13EB6F4
C13F6E6D
C14025B2
C140DCC2
C141939A
C1424A38
C143009A
C143B6C0
C1446CA8
C1452250
C145D7B6
C1468CDB
C14741BB
C147F657
C148AAAE
C1495EBD
C14A1286
C14AC606
C14B793C
C14C2C2A
C14CDECC
C14D9124
C14E4331
C14EF4F1
C14FA666
C150578E
C151086A
C151B8F9
C152693A
C153192F
C153C8D6
C1547831
C155273F
C155D5FF
C1568473
C157329B
C157E076
C1588E06
C1593B4A
C159E842
C15A94F0
C15B4154
C15BED6D
C15C993E
C15D44C5
C15DF005
C15E9AFD
C15F45AD
C0E513F3
C0E526F3
C0E53A7D
C0E54E92
C0E56338
C0E57872
C0E58E44
C0E5A4B2
C0E5BBBF
C0E5D371
C0E5EBCB
C0E604D3
C0E61E8B
C0E638FA
C0E65424
C0E6700D
C0E68CBB
C0E6AA33
C0E6C87A
C0E6E795
C0E70789
C0E7285D
C0E74A16
C0E76CBA
C0E7904F
C0E7B4DA
C0E7DA62
C0E800EE
C0E82884
C0E8512B
C0E87AE9
C0E8A5C5
C0E8D1C7
C0E8FEF5
C0E92D58
C0E95CF6
C0E98DD7
C0E9C004
C0E9F383
C0EA285F
C0EA5E9D
C0EA9648
C0EACF68
C0EB0A05
C0EB4629
C0EB83DD
C0EBC32A
C0EC0419
C0EC46B4
C0EC8B05
C0ECD116
C0ED18F1
C0ED62A1
C0EDAE2E
C0EDFBA5
C0EE4B10
C0EE9C79
C0EEEFEC
C0EF4574
C0EF9D1C
C0EFF6F0
C0F052FA
C0F0B147
C0F111E2
C0F174D7
C0F1DA33
C0F24200
C0F2AC4B
C0F31921
C0F3888C
C0F3FA9A
C0F46F57
C0F4E6CF
C0F5610D
C0F5DE1F
C0F65E10
C0F6E0EC
C0F766C0
C0F7EF97
C0F87B7C
C0F90A7C
C0F99CA2
C0FA31F9
C0FACA8D
C0FB6667
C0FC0592
C0FCA819
C0FD4E06
C0FDF761
C0FEA435
C0FF5489
C1000434
C1005FEB
C100BD6F
C1011CC2
C1017DE8
C101E0E3
C10245B7
C102AC65
C10314EF
C1037F57
C103EB9E
C10459C6
C104C9CD
C1053BB5
C105AF7E
C1062525
C1069CAC
C107160F
C107914E
C1080E66
C1088D53
C1090E14
C10990A5
C10A1501
C10A9B25
C10B230B
C10BACAF
C10C380C
C10CC51B
C10D53D6
C10DE437
C10E7638
C10F09D1
C10F9EFA
C11035AD
C110CDE1
C111678F
C11202AD
C1129F34
C1133D1B
C113DC58
C1147CE4
C1151EB5
C115C1C2
C1166601
C1170B6A
C117B1F2
C1185992
C119023E
C119ABEF
C11A569B
C11B0238
C11BAEBD
C11C5C22
C11D0A5D
C11DB965
C11E6931
C11F19B9
C11FCAF4
C1207CD9
C1212F61
C121E283
C1229636
C1234A74
C123FF34
C124B46F
C1256A1E
C1262039
C126D6B8
C1278D97
C12844CC
C128FC53
C129B424
C12A6C3A
C12B248E
C12BDD1B
C12C95DA
C12D4EC7
C12E07DB
C12EC112
C12F7A67
C13033D5
C130ED56
C131A6E7
C1326083
C1331A25
C133D3CA
C1348D6D
C135470B
C136009F
C136BA26
C137739D
C1382D01
C138E64D
C1399F7F
C13A5894
C13B1189
C13BCA5B
C13C8307
C13D3B8B
C13DF3E5
C13EAC12
C13F640F
C1401BDB
C140D373
C1418AD7
C1424202
C142F8F5
C143AFAC
C1446628
C1451C65
C145D263
C1468820
C1473D9A
C147F2D2
C148A7C5
C1495C72
C14A10D9
C14AC4F9
C14B78D0
C14C2C5F
C14CDFA3
C14D929D
C14E454C
C14EF7B0
C14FA9C8
C1505B93
C1510D12
C151BE44
C1526F28
C1531FC0
C153D00A
C1548006
C1552FB6
C155DF17
C1568E2C
C1573CF3
C157EB6D
C158999A
C159477B
C159F510
C15AA259
C15B4F56
C15BFC09
C15CA871
C15D548E
C15E0063
C15EABEE
C15F5731
C160022C
C0E64C85
C0E65F86
C0E6730F
C0E68725
C0E69BCB
C0E6B105
C0E6C6D7
C0E6DD45
C0E6F453
C0E70C05
C0E72460
C0E73D68
C0E75721
C0E77190
C0E78CBA
C0E7A8A4
C0E7C553
C0E7E2CB
C0E80112
C0E8202E
C0E84023
C0E860F8
C0E882B2
C0E8A556
C0E8C8EC
C0E8ED78
C0E91301
C0E9398E
C0E96125
C0E989CD
C0E9B38C
C0E9DE69
C0EA0A6C
C0EA379C
C0EA6600
C0EA959F
C0EAC682
C0EAF8B0
C0EB2C32
C0EB610F
C0EB974F
C0EBCEFC
C0EC081E
C0EC42BE
C0EC7EE4
C0ECBC9A
C0ECFBE9
C0ED3CDB
C0ED7F79
C0EDC3CD
C0EE09E1
C0EE51BF
C0EE9B72
C0EEE703
C0EF347D
C0EF83EB
C0EFD559
C0F028D0
C0F07E5C
C0F0D608
C0F12FE0
C0F18BF0
C0F1EA42
C0F24AE2
C0F2ADDD
C0F3133E
C0F37B11
C0F3E562
C0F4523E
C0F4C1B0
C0F533C5
C0F5A889
C0F62008
C0F69A4F
C0F71768
C0F79762
C0F81A47
C0F8A024
C0F92904
C0F9B4F3
C0FA43FE
C0FAD62E
C0FB6B91
C0FC042F
C0FCA015
C0FD3F4D
C0FDE1E1
C0FE87DB
C0FF3144
C0FFDE26
C1004745
C100A13B
C100FCFB
C1015A87
C101B9E2
C1021B11
C1027E16
C102E2F3
C10349AB
C103B23F
C1041CB2
C1048904
C104F737
C105674A
C105D93E
C1064D13
C106C2C8
C1073A5B
C107B3CD
C1082F1A
C108AC40
C1092B3D
C109AC0D
C10A2EAE
C10AB31B
C10B394F
C10BC147
C10C4AFE
C10CD66D
C10D638F
C10DF25F
C10E82D4
C10F14EA
C10FA899
C1103DD9
C110D4A2
C1116CEE
C11206B4
C112A1EB
C1133E8C
C113DC8D
C1147BE6
C1151C8D
C115BE7B
C11661A5
C1170602
C117AB89
C1185232
C118F9F2
C119A2C0
C11A4C93
C11AF761
C11BA322
C11C4FCC
C11CFD56
C11DABB7
C11E5AE6
C11F0ADB
C11FBB8C
C1206CF1
C1211F01
C121D1B4
C1228503
C12338E4
C123ED51
C124A241
C12557AC
C1260D8C
C126C3DA
C1277A8D
C12831A0
C128E90B
C129A0C8
C12A58D1
C12B111F
C12BC9AC
C12C8273
C12D3B6E
C12DF497
C12EADE9
C12F675F
C13020F3
C130DAA0
C1319463
C1324E36
C1330815
C133C1FB
C1347BE5
C13535CE
C135EFB2
C136A98E
C137635E
C1381D1F
C138D6CC
C1399063
C13A49E1
C13B0343
C13BBC85
C13C75A5
C13D2EA0
C13DE774
C13EA01E
C13F589B
C14010EA
C140C908
C14180F3
C14238A9
C142F028
C143A76F
C1445E7B
C145154B
C145CBDE
C1468231
C1473844
C147EE15
C148A3A3
C14958ED
C14A0DF2
C14AC2B0
C14B7727
C14C2B55
C14CDF3B
C14D92D7
C14E4628
C14EF92F
C14FABEA
C1505E59
C151107B
C151C251
C15273D9
C1532514
C153D602
C15486A1
C15536F3
C155E6F7
C15696AE
C1574616
C157F531
C158A3FE
C159527E
C15A00B1
C15AAE98
C15B5C31
C15C097F
C15CB681
C15D6338
C15E0FA4
C15EBBC5
C15F679D
C160132C
C160BE72
C0E7852B
C0E7982C
C0E7ABB6
C0E7BFCC
C0E7D472
C0E7E9AC
C0E7FF7F
C0E815ED
C0E82CFB
C0E844AE
C0E85D09
C0E87611
C0E88FCA
C0E8AA3A
C0E8C565
C0E8E14F
C0E8FDFE
C0E91B77
C0E939BF
C0E958DB
C0E978D1
C0E999A6
C0E9BB61
C0E9DE06
C0EA019C
C0EA2629
C0EA4BB4
C0EA7242
C0EA99D9
C0EAC282
C0EAEC42
C0EB1721
C0EB4325
C0EB7056
C0EB9EBC
C0EBCE5D
C0EBFF41
C0EC3171
C0EC64F4
C0EC99D3
C0ECD015
C0ED07C4
C0ED40E8
C0ED7B89
C0EDB7B2
C0EDF56A
C0EE34BC
C0EE75B0
C0EEB851
C0EEFCA8
C0EF42BE
C0EF8AA0
C0EFD455
C0F01FEA
C0F06D67
C0F0BCD9
C0F10E4A
C0F161C6
C0F1B756
C0F20F06
C0F268E3
C0F2C4F7
C0F3234E
C0F383F3
C0F3E6F3
C0F44C59
C0F4B432
C0F51E8A
C0F58B6C
C0F5FAE4
C0F66D00
C0F6E1CB
C0F75951
C0F7D39F
C0F850C1
C0F8D0C3
C0F953B0
C0F9D996
C0FA6280
C0FAEE79
C0FB7D8D
C0FC0FC8
C0FCA535
C0FD3DDF
C0FDD9D0
C0FE7914
C0FF1BB5
C0FFC1BB
C1003599
C1008C11
C100E44A
C1013E48
C1019A0F
C101F7A3
C1025707
C102B83E
C1031B4C
C1038032
C103E6F4
C1044F92
C104BA0F
C105266C
C10594A9
C10604C8
C10676C8
C106EAA9
C107606A
C107D80B
C108518A
C108CCE4
C1094A19
C109C924
C10A4A04
C10ACCB4
C10B5131
C10BD777
C10C5F80
C10CE948
C10D74CA
C10E01FF
C10E90E1
C10F216B
C10FB396
C1104759
C110DCAF
C111738F
C1120BF2
C112A5CF
C113411F
C113DDD9
C1147BF3
C1151B67
C115BC29
C1165E33
C1170179
C117A5F4
C1184B9A
C118F261
C1199A40
C11A432F
C11AED23
C11B9814
C11C43F8
C11CF0C5
C11D9E74
C11E4CFB
C11EFC50
C11FAC6C
C1205D45
C1210ED3
C121C10D
C12273EC
C1232766
C123DB74
C124900F
C125452D
C125FAC9
C126B0D9
C1276758
C1281E3E
C128D584
C1298D24
C12A4516
C12AFD56
C12BB5DB
C12C6EA1
C12D27A2
C12DE0D7
C12E9A3B
C12F53CA
C1300D7D
C130C74F
C131813C
C1323B3F
C132F553
C133AF74
C134699E
C13523CC
C135DDFA
C1369824
C1375247
C1380C5E
C138C667
C139805E
C13A3A3F
C13AF408
C13BADB6
C13C6744
C13D20B2
C13DD9FB
C13E931D
C13F4C17
C14004E4
C140BD84
C14175F3
C1422E30
C142E639
C1439E0B
C14455A6
C1450D06
C145C42B
C1467B12
C14731BB
C147E824
C1489E4B
C149542F
C14A09D0
C14ABF2B
C14B7440
C14C290E
C14CDD94
C14D91D1
C14E45C4
C14EF96D
C14FACCB
C1505FDD
C15112A3
C151C51D
C1527749
C1532929
C153DABA
C1548BFE
C1553CF4
C155ED9C
C1569DF5
C1574E00
C157FDBE
C158AD2D
C1595C4E
C15A0B21
C15AB9A6
C15B67DF
C15C15CA
C15CC368
C15D70BB
C15E1DC1
C15ECA7C
C15F76EC
C1602311
C160CEED
C1617A7F
C0E8BDE4
C0E8D0E5
C0E8E46F
C0E8F886
C0E90D2C
C0E92267
C0E93839
C0E94EA8
C0E965B6
C0E97D69
C0E995C5
C0E9AECD
C0E9C887
C0E9E2F7
C0E9FE22
C0EA1A0D
C0EA36BD
C0EA5436
C0EA727E
C0EA919B
C0EAB192
C0EAD268
C0EAF423
C0EB16C9
C0EB3A60
C0EB5EEE
C0EB8479
C0EBAB08
C0EBD2A1
C0EBFB4B
C0EC250C
C0EC4FEC
C0EC7BF1
C0ECA923
C0ECD78A
C0ED072C
C0ED3812
C0ED6A44
C0ED9DC9
C0EDD2A9
C0EE08ED
C0EE409E
C0EE79C4
C0EEB467
C0EEF092
C0EF2E4C
C0EF6DA0
C0EFAE97
C0EFF13A
C0F03594
C0F07BAE
C0F0C392
C0F10D4A
C0F158E2
C0F1A663
C0F1F5D9
C0F2474E
C0F29ACC
C0F2F061
C0F34815
C0F3A1F6
C0F3FE0F
C0F45C6A
C0F4BD15
C0F5201A
C0F58586
C0F5ED64
C0F657C1
C0F6C4A9
C0F73428
C0F7A64A
C0F81B1C
C0F892AA
C0F90CFF
C0F98A28
C0FA0A32
C0FA8D28
C0FB1316
C0FB9C09
C0FC280B
C0FCB729
C0FD496E
C0FDDEE5
C0FE779A
C0FF1397
C0FFB2E7
C1002ACA
C1007DD3
C100D295
C1012914
C1018154
C101DB59
C1023728
C10294C3
C102F430
C103556F
C103B886
C1041D75
C1048440
C104ECE8
C105576F
C105C3D6
C106321E
C106A248
C1071453
C1078840
C107FE0D
C10875BB
C108EF46
C1096AAE
C109E7F1
C10A670B
C10AE7F9
C10B6AB9
C10BEF45
C10C759B
C10CFDB5
C10D878E
C10E1322
C10EA069
C10F2F5F
C10FBFFC
C110523A
C110E612
C1117B7D
C1121273
C112AAED
C11344E1
C113E049
C1147D1A
C1151B4E
C115BADB
C1165BB9
C116FDDD
C117A140
C11845D7
C118EB9A
C119927F
C11A3A7E
C11AE38C
C11B8DA1
C11C38B3
C11CE4B9
C11D91AA
C11E3F7C
C11EEE28
C11F9DA3
C1204DE5
C120FEE5
C121B09B
C12262FF
C1231607
C123C9AD
C1247DE7
C12532AE
C125E7FA
C1269DC4
C1275405
C1280AB4
C128C1CC
C1297944
C12A3118
C12AE93F
C12BA1B4
C12C5A70
C12D136D
C12DCCA6
C12E8615
C12F3FB4
C12FF97D
C130B36D
C1316D7D
C13227A8
C132E1EA
C1339C3F
C13456A1
C135110D
C135CB7E
C13685F0
C137405F
C137FAC8
C138B526
C1396F77
C13A29B6
C13AE3E1
C13B9DF4
C13C57EC
C13D11C7
C13DCB81
C13E8517
C13F3E88
C13FF7D0
C140B0ED
C14169DD
C142229D
C142DB2C
C1439386
C1444BAB
C1450399
C145BB4D
C14672C5
C1472A02
C147E0FF
C14897BD
C1494E3A
C14A0475
C14ABA6B
C14B701D
C14C2589
C14CDAAE
C14D8F8B
C14E441F
C14EF86A
C14FAC6A
C1506020
C1511389
C151C6A7
C1527978
C1532BFB
C153DE32
C154901A
C15541B5
C155F301
C156A3FF
C15754AE
C158050E
C158B521
C15964E4
C15A1459
C15AC380
C15B7259
C15C20E4
C15CCF21
C15D7D11
C15E2AB4
C15ED80B
C15F8515
C16031D4
C160DE48
C1618A71
C1623650
C0E9F6B0
C0EA09B1
C0EA1D3B
C0EA3152
C0EA45F8
C0EA5B33
C0EA7106
C0EA8775
C0EA9E84
C0EAB637
C0EACE93
C0EAE79B
C0EB0156
C0EB1BC6
C0EB36F2
C0EB52DD
C0EB6F8D
C0EB8D07
C0EBAB50
C0EBCA6E
C0EBEA65
C0EC0B3C
C0EC2CF7
C0EC4F9E
C0EC7336
C0EC97C5
C0ECBD51
C0ECE3E0
C0ED0B7A
C0ED3425
C0ED5DE7
C0ED88C8
C0EDB4CF
C0EDE203
C0EE106A
C0EE400E
C0EE70F6
C0EEA328
C0EED6AF
C0EF0B91
C0EF41D7
C0EF7989
C0EFB2B1
C0EFED57
C0F02983
C0F06740
C0F0A696
C0F0E790
C0F12A35
C0F16E92
C0F1B4AE
C0F1FC95
C0F24651
C0F291EB
C0F2DF70
C0F32EE9
C0F38061
C0F3D3E4
C0F4297C
C0F48135
C0F4DB1A
C0F53736
C0F59597
C0F5F646
C0F65950
C0F6BEC1
C0F726A5
C0F79108
C0F7FDF5
C0F86D7B
C0F8DFA3
C0F9547C
C0F9CC10
C0FA466C
C0FAC39D
C0FB43AF
C0FBC6AD
C0FC4CA3
C0FCD59E
C0FD61AA
C0FDF0D1
C0FE8320
C0FF18A2
C0FFB161
C10026B4
C1007662
C100C7BE
C1011ACE
C1016F96
C101C61B
C1021E62
C102786E
C102D444
C10331E8
C103915C
C103F2A4
C10455C2
C104BABA
C105218E
C1058A40
C105F4D0
C1066141
C106CF94
C1073FC8
C107B1DF
C10825D7
C1089BB0
C109136A
C1098D02
C10A0877
C10A85C7
C10B04EF
C10B85EC
C10C08BA
C10C8D56
C10D13BC
C10D9BE6
C10E25D0
C10EB175
C10F3ECE
C10FCDD6
C1105E86
C110F0D8
C11184C4
C1121A44
C112B14F
C11349DE
C113E3E9
C1147F68
C1151C51
C115BA9E
C1165A44
C116FB3B
C1179D7A
C11840F8
C118E5AB
C1198B8B
C11A328E
C11ADAAA
C11B83D8
C11C2E0C
C11CD93F
C11D8566
C11E3279
C11EE06F
C11F8F3E
C1203EDE
C120EF45
C121A06C
C122524A
C12304D6
C123B807
C1246BD7
C125203C
C125D52F
C1268AA8
C12740A0
C127F70F
C128ADEE
C1296536
C12A1CE1
C12AD4E6
C12B8D41
C12C45EA
C12CFEDC
C12DB810
C12E7181
C12F2B28
C12FE500
C1309F04
C131592F
C132137C
C132CDE4
C1338865
C13442F9
C134FD9C
C135B849
C13672FC
C1372DB1
C137E864
C138A312
C1395DB6
C13A184E
C13AD2D5
C13B8D48
C13C47A4
C13D01E7
C13DBC0D
C13E7612
C13F2FF6
C13FE9B4
C140A34A
C1415CB6
C14215F5
C142CF05
C14387E5
C1444091
C144F908
C145B148
C146694F
C147211B
C147D8AC
C1488FFE
C1494711
C149FDE3
C14AB473
C14B6AC0
C14C20C8
C14CD68B
C14D8C06
C14E413A
C14EF626
C14FAAC8
C1505F20
C151132C
C151C6EE
C1527A62
C1532D8B
C153E066
C15492F3
C1554533
C155F724
C156A8C7
C1575A1B
C1580B20
C158BBD7
C1596C3E
C15A1C57
C15ACC20
C15B7B9C
C15C2AC8
C15CD9A6
C15D8836
C15E3678
C15EE46D
C15F9214
C1603F6F
C160EC7D
C1619940
C16245B7
C162F1E3
C0EB2F8D
C0EB428E
C0EB5618
C0EB6A2F
C0EB7ED6
C0EB9411
C0EBA9E4
C0EBC053
C0EBD763
C0EBEF16
C0EC0772
C0EC207B
C0EC3A36
C0EC54A7
C0EC6FD3
C0EC8BBF
C0ECA86F
C0ECC5EA
C0ECE433
C0ED0351
C0ED2349
C0ED4421
C0ED65DD
C0ED8885
C0EDAC1D
C0EDD0AD
C0EDF63A
C0EE1CCA
C0EE4465
C0EE6D11
C0EE96D4
C0EEC1B6
C0EEEDBE
C0EF1AF3
C0EF495C
C0EF7901
C0EFA9EA
C0EFDC1E
C0F00FA6
C0F0448A
C0F07AD1
C0F0B286
C0F0EBAF
C0F12657
C0F16286
C0F1A045
C0F1DF9D
C0F22099
C0F26341
C0F2A79F
C0F2EDBF
C0F335A8
C0F37F67
C0F3CB05
C0F4188C
C0F46809
C0F4B984
C0F50D0B
C0F562A6
C0F5BA63
C0F6144C
C0F6706E
C0F6CED2
C0F72F86
C0F79295
C0F7F80B
C0F85FF4
C0F8CA5C
C0F93750
C0F9A6DB
C0FA190A
C0FA8DE9
C0FB0584
C0FB7FE7
C0FBFD1F
C0FC7D38
C0FD003E
C0FD863D
C0FE0F40
C0FE9B54
C0FF2A85
C0FFBCDD
C1002934
C1007599
C100C3A2
C1011355
C10164B7
C101B7CD
C1020C9B
C1026327
C102BB74
C1031588
C1037165
C103CF0F
C1042E8B
C1048FDB
C104F302
C1055802
C105BEDF
C1062799
C1069233
C106FEAE
C1076D0B
C107DD4A
C1084F6B
C108C36E
C1093953
C109B119
C10A2ABD
C10AA63F
C10B239C
C10BA2D1
C10C23DC
C10CA6B9
C10D2B64
C10DB1D9
C10E3A13
C10EC40D
C10F4FC3
C10FDD2D
C1106C47
C110FD0A
C1118F6F
C112236E
C112B902
C1135022
C113E8C6
C11482E7
C1151E7D
C115BB7D
C11659E2
C116F9A0
C1179AB0
C1183D09
C118E0A2
C1198570
C11A2B6C
C11AD28C
C11B7AC6
C11C2411
C11CCE65
C11D79B7
C11E25FF
C11ED334
C11F814B
C120303E
C120E001
C121908E
C12241DA
C122F3DE
C123A692
C12459EC
C1250DE4
C125C273
C1267791
C1272D36
C127E35B
C12899F8
C1295106
C12A087E
C12AC059
C12B7890
C12C311E
C12CE9FB
C12DA321
C12E5C8B
C12F1632
C12FD010
C1308A21
C131445F
C131FEC4
C132B94C
C13373F2
C1342EB0
C134E982
C135A464
C1365F51
C1371A46
C137D53D
C1389034
C1394B25
C13A060F
C13AC0EC
C13B7BBA
C13C3675
C13CF11A
C13DABA6
C13E6616
C13F2066
C13FDA96
C14094A0
C1414E84
C142083E
C142C1CC
C1437B2C
C144345B
C144ED58
C145A621
C1465EB3
C147170D
C147CF2C
C1488710
C1493EB6
C149F61E
C14AAD45
C14B642B
C14C1ACD
C14CD12B
C14D8744
C14E3D17
C14EF2A2
C14FA7E4
C1505CDD
C151118C
C151C5F0
C1527A09
C1532DD5
C153E155
C1549487
C155476C
C155FA03
C156AC4B
C1575E45
C1580FF0
C158C14B
C1597258
C15A2315
C15AD383
C15B83A2
C15C3372
C15CE2F2
C15D9224
C15E4107
C15EEF9C
C15F9DE3
C1604BDC
C160F987
C161A6E6
C16253F8
C16300BE
C163AD38
C0EC687A
C0EC7B7C
C0EC8F06
C0ECA31E
C0ECB7C5
C0ECCD00
C0ECE2D3
C0ECF943
C0ED1052
C0ED2806
C0ED4062
C0ED596C
C0ED7327
C0ED8D98
C0EDA8C5
C0EDC4B1
C0EDE162
C0EDFEDD
C0EE1D27
C0EE3C46
C0EE5C3E
C0EE7D16
C0EE9ED3
C0EEC17C
C0EEE515
C0EF09A5
C0EF2F33
C0EF55C5
C0EF7D60
C0EFA60D
C0EFCFD1
C0EFFAB5
C0F026BD
C0F053F3
C0F0825E
C0F0B204
C0F0E2EE
C0F11524
C0F148AE
C0F17D93
C0F1B3DC
C0F1EB92
C0F224BD
C0F25F67
C0F29B98
C0F2D959
C0F318B3
C0F359B1
C0F39C5C
C0F3E0BD
C0F426DF
C0F46ECB
C0F4B88D
C0F5042D
C0F551B8
C0F5A138
C0F5F2B7
C0F64640
C0F69BE0
C0F6F3A1
C0F74D8E
C0F7A9B3
C0F8081C
C0F868D4
C0F8CBE8
C0F93163
C0F99951
C0FA03BF
C0FA70B8
C0FAE049
C0FB527E
C0FBC763
C0FC3F04
C0FCB96E
C0FD36AD
C0FDB6CE
C0FE39DB
C0FEBFE2
C0FF48ED
C0FFD50A
C1003222
C1007B53
C100C61D
C1011287
C1016095
C101B04D
C10201B5
C10254D0
C102A9A5
C1030037
C103588A
C103B2A4
C1040E88
C1046C3A
C104CBBD
C1052D15
C1059044
C105F54C
C1065C32
C106C4F5
C1072F98
C1079C1C
C1080A83
C1087ACC
C108ECF7
C1096105
C109D6F6
C10A4EC7
C10AC877
C10B4405
C10BC16F
C10C40B2
C10CC1CA
C10D44B5
C10DC96E
C10E4FF2
C10ED83C
C10F6246
C10FEE0C
C1107B87
C1110AB2
C1119B87
C1122DFE
C112C211
C11357B8
C113EEEC
C11487A6
C11521DC
C115BD87
C1165A9F
C116F91A
C11798F1
C1183A19
C118DC8B
C119803D
C11A2527
C11ACB3E
C11B7279
C11C1AD0
C11CC439
C11D6EAB
C11E1A1D
C11EC684
C11F73D9
C1202213
C120D127
C121810E
C12231BF
C122E330
C123955A
C1244833
C124FBB5
C125AFD5
C126648E
C12719D6
C127CFA6
C12885F7
C1293CC1
C129F3FC
C12AABA3
C12B63AE
C12C1C16
C12CD4D5
C12D8DE5
C12E473F
C12F00DD
C12FBABA
C13074CF
C1312F17
C131E98E
C132A42D
C1335EEF
C13419D0
C134D4CA
C1358FDA
C1364AFA
C1370627
C137C15C
C1387C95
C13937CD
C139F302
C13AAE30
C13B6952
C13C2466
C13CDF68
C13D9A54
C13E5529
C13F0FE2
C13FCA7D
C14084F7
C1413F4E
C141F97E
C142B386
C1436D62
C1442711
C144E090
C14599DD
C14652F6
C1470BDA
C147C485
C1487CF8
C149352F
C149ED29
C14AA4E5
C14B5C60
C14C139B
C14CCA93
C14D8147
C14E37B6
C14EEDDE
C14FA3C0
C1505959
C1510EA9
C151C3B0
C152786B
C1532CDB
C153E0FF
C15494D6
C1554860
C155FB9C
C156AE8A
C157612A
C158137A
C158C57C
C159772E
C15A2891
C15AD9A4
C15B8A68
C15C3ADC
C15CEB01
C15D9AD6
C15E4A5C
C15EF993
C15FA87B
C1605715
C1610560
C161B35D
C162610C
C1630E6F
C163BB84
C164684E
C0EDA178
C0EDB47A
C0EDC805
C0EDDC1C
C0EDF0C3
C0EE05FF
C0EE1BD2
C0EE3242
C0EE4952
C0EE6106
C0EE7963
C0EE926D
C0EEAC28
C0EEC69A
C0EEE1C7
C0EEFDB3
C0EF1A65
C0EF37E0
C0EF562B
C0EF754A
C0EF9543
C0EFB61C
C0EFD7DA
C0EFFA83
C0F01E1D
C0F042AE
C0F0683C
C0F08ECF
C0F0B66B
C0F0DF19
C0F108DE
C0F133C2
C0F15FCC
C0F18D04
C0F1BB6F
C0F1EB17
C0F21C02
C0F24E3A
C0F281C4
C0F2B6AB
C0F2ECF6
C0F324AE
C0F35DDB
C0F39886
C0F3D4B9
C0F4127C
C0F451D9
C0F492D9
C0F4D586
C0F519E9
C0F5600E
C0F5A7FD
C0F5F1C1
C0F63D64
C0F68AF2
C0F6DA75
C0F72BF7
C0F77F84
C0F7D528
C0F82CEC
C0F886DD
C0F8E306
C0F94173
C0F9A230
C0FA0548
C0FA6AC8
C0FAD2BB
C0FB3D2E
C0FBAA2C
C0FC19C3
C0FC8BFE
C0FD00E9
C0FD7890
C0FDF301
C0FE7047
C0FEF06F
C0FF7383
C0FFF992
C1004153
C1008765
C100CF06
C101183B
C101630B
C101AF79
C101FD8C
C1024D4A
C1029EB7
C102F1D8
C10346B2
C1039D4A
C103F5A4
C1044FC4
C104ABAF
C1050968
C10568F2
C105CA51
C1062D88
C1069299
C106F986
C1076252
C107CCFE
C108398B
C108A7FB
C109184E
C1098A84
C109FE9D
C10A7498
C10AEC74
C10B6630
C10BE1CA
C10C5F40
C10CDE90
C10D5FB5
C10DE2AE
C10E6775
C10EEE08
C10F7660
C110007A
C1108C50
C11119DC
C111A918
C11239FE
C112CC87
C11360AC
C113F667
C1148DAE
C115267C
C115C0C7
C1165C87
C116F9B5
C1179847
C1183835
C118D975
C1197C00
C11A1FCB
C11AC4CF
C11B6B00
C11C1257
C11CBACA
C11D6450
C11E0EDF
C11EBA6F
C11F66F6
C120146B
C120C2C5
C12171FB
C1222204
C122D2D8
C123846D
C12436BB
C124E9BB
C1259D63
C12651AB
C127068C
C127BBFD
C12871F7
C1292873
C129DF69
C12A96D2
C12B4EA6
C12C06E0
C12CBF78
C12D7868
C12E31A9
C12EEB36
C12FA507
C1305F19
C1311964
C131D3E3
C1328E91
C1334968
C1340464
C134BF7F
C1357AB5
C1363602
C136F15F
C137ACCB
C138683F
C13923B8
C139DF32
C13A9AA9
C13B561A
C13C1180
C13CCCD9
C13D8821
C13E4354
C13EFE71
C13FB972
C1407457
C1412F1B
C141E9BD
C142A439
C1435E8D
C14418B7
C144D2B4
C1458C82
C146461E
C146FF88
C147B8BC
C14871BA
C1492A7E
C149E307
C14A9B55
C14B5364
C14C0B34
C14CC2C3
C14D7A10
C14E3119
C14EE7DE
C14F9E5D
C1505495
C1510A85
C151C02C
C1527589
C1532A9C
C153DF63
C15493DE
C155480D
C155FBEE
C156AF82
C15762C7
C15815BE
C158C866
C1597ABF
C15A2CC8
C15ADE81
C15B8FEB
C15C4105
C15CF1CF
C15DA249
C15E5273
C15F024E
C15FB1D9
C1606115
C1611001
C161BE9F
C1626CEE
C1631AEF
C163C8A3
C1647608
C1652321
C0EEDA85
C0EEED87
C0EF0112
C0EF1529
C0EF29D1
C0EF3F0D
C0EF54E1
C0EF6B51
C0EF8261
C0EF9A15
C0EFB272
C0EFCB7C
C0EFE538
C0EFFFAA
C0F01AD8
C0F036C5
C0F05377
C0F070F3
C0F08F3E
C0F0AE5E
C0F0CE57
C0F0EF30
C0F110EF
C0F13399
C0F15733
C0F17BC5
C0F1A155
C0F1C7E8
C0F1EF85
C0F21834
C0F241FA
C0F26CDF
C0F298EB
C0F2C623
C0F2F490
C0F32439
C0F35525
C0F3875E
C0F3BAEA
C0F3EFD2
C0F4261F
C0F45DD8
C0F49707
C0F4D1B4
C0F50DE9
C0F54BAE
C0F58B0D
C0F5CC0F
C0F60EBE
C0F65324
C0F6994B
C0F6E13C
C0F72B03
C0F776AA
C0F7C43A
C0F813C0
C0F86546
C0F8B8D6
C0F90E7D
C0F96645
C0F9C039
C0FA1C66
C0FA7AD8
C0FADB99
C0FB3EB5
C0FBA43A
C0FC0C32
C0FC76AA
C0FCE3AD
C0FD5349
C0FDC589
C0FE3A7A
C0FEB228
C0FF2CA0
C0FFA9EC
C100150D
C100569B
C10099A6
C100DE34
C101244A
C1016BEF
C101B529
C101FFFD
C1024C70
C1029A88
C102EA4B
C1033BBD
C1038EE3
C103E3C3
C1043A61
C10492C1
C104ECE7
C10548D9
C105A698
C1060629
C1066790
C106CACE
C1072FE7
C10796DC
C107FFB0
C1086A65
C108D6FB
C1094574
C109B5D1
C10A2810
C10A9C33
C10B1239
C10B8A20
C10C03E8
C10C7F8D
C10CFD10
C10D7C6B
C10DFD9E
C10E80A4
C10F0579
C10F8C19
C1101480
C1109EA9
C1112A8E
C111B82A
C1124777
C112D86E
C1136B08
C113FF40
C114950D
C1152C68
C115C549
C1165FA8
C116FB7D
C11798C0
C1183768
C118D76D
C11978C5
C11A1B67
C11ABF4B
C11B6468
C11C0AB4
C11CB225
C11D5AB4
C11E0456
C11EAF02
C11F5AAF
C1200754
C120B4E8
C1216362
C12212B9
C122C2E4
C12373D9
C1242592
C124D804
C1258B29
C1263EF6
C126F365
C127A86D
C1285E07
C129142A
C129CAD0
C12A81F1
C12B3986
C12BF188
C12CA9EF
C12D62B6
C12E1BD6
C12ED548
C12F8F06
C130490A
C131034F
C131BDCF
C1327884
C1333368
C133EE77
C134A9AB
C1356500
C1362071
C136DBF9
C1379793
C138533C
C1390EEE
C139CAA7
C13A8661
C13B421A
C13BFDCD
C13CB977
C13D7513
C13E30A0
C13EEC1A
C13FA77D
C14062C7
C1411DF4
C141D902
C14293ED
C1434EB5
C1440955
C144C3CB
C1457E15
C1463831
C146F21D
C147ABD6
C148655B
C1491EA9
C149D7BF
C14A909A
C14B493A
C14C019D
C14CB9C0
C14D71A4
C14E2945
C14EE0A4
C14F97BE
C1504E92
C1510520
C151BB67
C1527164
C1532718
C153DC82
C15491A0
C1554673
C155FAF9
C156AF32
C157631D
C15816BA
C158CA08
C1597D07
C15A2FB7
C15AE217
C15B9428
C15C45E8
C15CF758
C15DA879
C15E5949
C15F09C8
C15FB9F8
C16069D8
C1611968
C161C8A8
C1627799
C163263B
C163D48E
C1648293
C1653049
C165DDB3
C0F013A1
C0F026A3
C0F03A2E
C0F04E46
C0F062EE
C0F0782A
C0F08DFE
C0F0A46E
C0F0BB7E
C0F0D333
C0F0EB90
C0F1049B
C0F11E57
C0F138CA
C0F153F7
C0F16FE5
C0F18C97
C0F1AA14
C0F1C85F
C0F1E780
C0F2077A
C0F22854
C0F24A13
C0F26CBD
C0F29059
C0F2B4EB
C0F2DA7B
C0F3010F
C0F328AE
C0F3515D
C0F37B25
C0F3A60B
C0F3D217
C0F3FF50
C0F42DBE
C0F45D68
C0F48E56
C0F4C090
C0F4F41E
C0F52908
C0F55F56
C0F59711
C0F5D041
C0F60AF0
C0F64726
C0F684ED
C0F6C44E
C0F70552
C0F74804
C0F78C6C
C0F7D295
C0F81A89
C0F86453
C0F8AFFC
C0F8FD8F
C0F94D18
C0F99EA1
C0F9F234
C0FA47DE
C0FA9FAA
C0FAF9A2
C0FB55D3
C0FBB448
C0FC150E
C0FC782F
C0FCDDB7
C0FD45B4
C0FDB031
C0FE1D3A
C0FE8CDB
C0FEFF21
C0FF7417
C0FFEBCB
C1003324
C10071CE
C100B1E8
C100F37A
C1013688
C1017B1A
C101C134
C10208DD
C102521B
C1029CF3
C102E96B
C1033788
C103874F
C103D8C6
C1042BF2
C10480D7
C104D77B
C1052FE1
C1058A0D
C105E605
C10643CB
C106A363
C10704D0
C1076816
C107CD36
C1083433
C1089D10
C10907CD
C109746C
C109E2EE
C10A5353
C10AC59D
C10B39CA
C10BAFD9
C10C27CB
C10CA19E
C10D1D4F
C10D9ADD
C10E1A45
C10E9B84
C10F1E96
C10FA379
C1102A27
C110B29C
C1113CD3
C111C8C8
C1125673
C112E5D0
C11376D7
C1140983
C1149DCC
C11533AB
C115CB18
C116640D
C116FE80
C1179A69
C11837C1
C118D67F
C1197699
C11A1808
C11ABAC2
C11B5EBE
C11C03F3
C11CAA58
C11D51E3
C11DFA8D
C11EA44A
C11F4F12
C11FFADC
C120A79F
C1215552
C12203EB
C122B361
C12363AD
C12414C4
C124C69F
C1257935
C1262C7D
C126E06F
C1279504
C1284A33
C128FFF4
C129B640
C12A6D0F
C12B245A
C12BDC1A
C12C9447
C12D4CDC
C12E05D1
C12EBF1F
C12F78C1
C13032B0
C130ECE6
C131A75E
C1326211
C1331CFB
C133D815
C134935A
C1354EC6
C1360A54
C136C5FE
C13781C0
C1383D96
C138F97B
C139B56C
C13A7163
C13B2D5C
C13BE955
C13CA54A
C13D6136
C13E1D16
C13ED8E7
C13F94A5
C140504F
C1410BDF
C141C754
C14282AA
C1433DE0
C143F8F1
C144B3DC
C1456E9E
C1462935
C146E39F
C1479DD9
C14857E1
C14911B5
C149CB53
C14A84BA
C14B3DE7
C14BF6D9
C14CAF8E
C14D6805
C14E203C
C14ED832
C14F8FE5
C1504754
C150FE7E
C151B562
C1526BFE
C1532252
C153D85D
C1548E1D
C1554393
C155F8BD
C156AD9A
C157622A
C158166D
C158CA61
C1597E07
C15A315E
C15AE465
C15B971C
C15C4984
C15CFB9B
C15DAD62
C15E5ED8
C15F0FFF
C15FC0D4
C1607159
C161218E
C161D172
C1628107
C163304C
C163DF41
C1648DE7
C1653C3D
C165EA46
C1669800
C0F14CCA
C0F15FCD
C0F17358
C0F18770
C0F19C18
C0F1B154
C0F1C729
C0F1DD99
C0F1F4AA
C0F20C5F
C0F224BC
C0F23DC7
C0F25784
C0F271F7
C0F28D25
C0F2A913
C0F2C5C6
C0F2E343
C0F3018F
C0F320B0
C0F340AA
C0F36185
C0F38345
C0F3A5EF
C0F3C98C
C0F3EE1F
C0F413B0
C0F43A45
C0F461E4
C0F48A94
C0F4B45C
C0F4DF44
C0F50B51
C0F5388B
C0F566FA
C0F596A6
C0F5C795
C0F5F9D0
C0F62D5F
C0F6624A
C0F6989A
C0F6D056
C0F70988
C0F74439
C0F78071
C0F7BE3A
C0F7FD9D
C0F83EA3
C0F88157
C0F8C5C1
C0F90BEC
C0F953E3
C0F99DAF
C0F9E95B
C0FA36F1
C0FA867D
C0FAD808
C0FB2B9F
C0FB814C
C0FBD91B
C0FC3317
C0FC8F4C
C0FCEDC5
C0FD4E8E
C0FDB1B3
C0FE1740
C0FE7F42
C0FEE9C3
C0FF56D1
C0FFC677
C1001C61
C10056DF
C10092BC
C100CFFE
C1010EAA
C1014EC8
C101905D
C101D36F
C1021804
C1025E22
C102A5CF
C102EF11
C10339ED
C103866A
C103D48B
C1042457
C10475D3
C104C904
C1051DEF
C1057498
C105CD03
C1062736
C1068334
C106E100
C107409F
C107A213
C1080560
C1086A87
C108D18C
C1093A70
C109A535
C10A11DD
C10A8068
C10AF0D6
C10B6329
C10BD75F
C10C4D79
C10CC575
C10D3F52
C10DBB0E
C10E38A8
C10EB81B
C10F3966
C10FBC85
C1104175
C110C830
C11150B3
C111DAF9
C11266FC
C112F4B7
C1138423
C114153A
C114A7F7
C1153C51
C115D241
C11669C1
C11702C7
C1179D4E
C118394B
C118D6B7
C119758A
C11A15BA
C11AB73E
C11B5A0F
C11BFE22
C11CA370
C11D49ED
C11DF192
C11E9A55
C11F442D
C11FEF11
C1209AF8
C12147D7
C121F5A7
C122A45F
C12353F5
C1240460
C124B598
C1256794
C1261A4C
C126CDB8
C12781CE
C1283688
C128EBDC
C129A1C4
C12A5838
C12B0F2F
C12BC6A4
C12C7E8E
C12D36E6
C12DEFA7
C12EA8C9
C12F6245
C1301C16
C130D635
C131909C
C1324B45
C133062B
C133C148
C1347C97
C1353812
C135F3B5
C136AF7A
C1376B5D
C1382759
C138E369
C1399F8A
C13A5BB6
C13B17EB
C13BD423
C13C905C
C13D4C90
C13E08BE
C13EC4E0
C13F80F4
C1403CF7
C140F8E5
C141B4BC
C1427078
C1432C16
C143E794
C144A2EF
C1455E24
C1461931
C146D414
C1478ECB
C1484952
C14903A8
C149BDCB
C14A77B9
C14B3170
C14BEAEE
C14CA431
C14D5D39
C14E1602
C14ECE8C
C14F86D6
C1503EDD
C150F6A1
C151AE20
C1526559
C1531C4B
C153D2F5
C1548956
C1553F6E
C155F53A
C156AABB
C1575FEF
C15814D7
C158C971
C1597DBD
C15A31BA
C15AE568
C15B98C7
C15C4BD6
C15CFE94
C15DB103
C15E6321
C15F14EE
C15FC66A
C1607796
C1612871
C161D8FB
C1628935
C163391E
C163E8B7
C16497FF
C16546F8
C165F5A2
C166A3FD
C1675208
C0F28601
C0F29904
C0F2AC8F
C0F2C0A7
C0F2D550
C0F2EA8C
C0F30061
C0F316D2
C0F32DE2
C0F34598
C0F35DF6
C0F37701
C0F390BE
C0F3AB31
C0F3C660
C0F3E24E
C0F3FF01
C0F41C7F
C0F43ACC
C0F459ED
C0F479E8
C0F49AC3
C0F4BC83
C0F4DF2F
C0F502CC
C0F52760
C0F54CF2
C0F57387
C0F59B27
C0F5C3D8
C0F5EDA2
C0F6188A
C0F64498
C0F671D3
C0F6A043
C0F6CFF0
C0F700E0
C0F7331D
C0F766AD
C0F79B9A
C0F7D1EB
C0F809A9
C0F842DC
C0F87D8F
C0F8B9C9
C0F8F793
C0F936F8
C0F97800
C0F9BAB6
C0F9FF22
C0FA4550
C0FA8D49
C0FAD717
C0FB22C6
C0FB705F
C0FBBFED
C0FC117C
C0FC6516
C0FCBAC6
C0FD1298
C0FD6C98
C0FDC8D0
C0FE274D
C0FE881A
C0FEEB43
C0FF50D4
C0FFB8DA
C10011B0
C1004839
C100800F
C100B937
C100F3B8
C1012F97
C1016CDC
C101AB8C
C101EBAD
C1022D45
C102705A
C102B4F3
C102FB15
C10342C6
C1038C0B
C103D6EC
C104236C
C1047192
C104C163
C10512E4
C105661A
C105BB09
C10611B8
C1066A29
C106C461
C1072065
C1077E37
C107DDDD
C1083F57
C108A2AB
C10907D9
C1096EE5
C109D7D1
C10A429E
C10AAF4E
C10B1DE1
C10B8E59
C10C00B4
C10C74F4
C10CEB18
C10D631E
C10DDD05
C10E58CC
C10ED670
C10F55EF
C10FD746
C1105A71
C110DF6D
C1116636
C111EEC6
C112791A
C113052B
C11392F4
C1142270
C114B397
C1154663
C115DACE
C11670CF
C1170860
C117A179
C1183C12
C118D823
C11975A3
C11A148A
C11AB4CE
C11B5669
C11BF950
C11C9D7A
C11D42DE
C11DE974
C11E9132
C11F3A0E
C11FE400
C1208EFF
C1213B01
C121E7FD
C12295EA
C12344BF
C123F473
C124A4FD
C1255655
C1260873
C126BB4C
C1276EDA
C1282314
C128D7F1
C1298D6B
C12A4378
C12AFA12
C12BB131
C12C68CE
C12D20E2
C12DD965
C12E9250
C12F4B9E
C1300547
C130BF46
C1317994
C132342B
C132EF05
C133AA1D
C134656C
C13520EF
C135DC9F
C1369877
C1375473
C138108E
C138CCC2
C139890C
C13A4567
C13B01D0
C13BBE41
C13C7AB7
C13D372D
C13DF3A2
C13EB00F
C13F6C73
C14028CA
C140E510
C141A142
C1425D5E
C143195F
C143D544
C144910A
C1454CAE
C146082D
C146C384
C1477EB2
C14839B4
C148F488
C149AF2C
C14A699D
C14B23DA
C14BDDE1
C14C97AF
C14D5143
C14E0A9C
C14EC3B8
C14F7C95
C1503531
C150ED8C
C151A5A4
C1525D78
C1531506
C153CC4E
C154834D
C1553A05
C155F072
C156A695
C1575C6D
C15811F9
C158C738
C1597C29
C15A30CC
C15AE521
C15B9927
C15C4CDD
C15D0043
C15DB359
C15E661E
C15F1893
C15FCAB7
C1607C8B
C1612E0D
C161DF3E
C162901E
C16340AD
C163F0EB
C164A0D9
C1655076
C165FFC2
C166AEBF
C1675D6C
C1680BCA
C0F3BF45
C0F3D248
C0F3E5D4
C0F3F9EC
C0F40E94
C0F423D1
C0F439A6
C0F45017
C0F46728
C0F47EDE
C0F4973C
C0F4B048
C0F4CA05
C0F4E479
C0F4FFA7
C0F51B96
C0F5384A
C0F555C8
C0F57415
C0F59337
C0F5B333
C0F5D40E
C0F5F5CF
C0F6187B
C0F63C19
C0F660AD
C0F68640
C0F6ACD6
C0F6D477
C0F6FD29
C0F726F3
C0F751DC
C0F77DEB
C0F7AB28
C0F7D999
C0F80947
C0F83A38
C0F86C76
C0F8A008
C0F8D4F5
C0F90B48
C0F94307
C0F97C3D
C0F9B6F0
C0F9F32C
C0FA30F8
C0FA705F
C0FAB169
C0FAF421
C0FB388F
C0FB7EBF
C0FBC6BB
C0FC108B
C0FC5C3C
C0FCA9D8
C0FCF969
C0FD4AFA
C0FD9E97
C0FDF44B
C0FE4C20
C0FEA623
C0FF025E
C0FF60DF
C0FFC1B0
C100126E
C1004539
C100793E
C100AE83
C100E50F
C1011CE7
C1015612
C1019095
C101CC77
C10209BF
C1024871
C1028895
C102CA31
C1030D49
C10351E5
C103980B
C103DFC0
C1042909
C10473EE
C104C072
C1050E9C
C1055E72
C105AFF7
C1060332
C1065827
C106AEDA
C1070751
C107618F
C107BD98
C1081B71
C1087B1C
C108DC9D
C1093FF7
C109A52D
C10A0C40
C10A7533
C10AE008
C10B4CC0
C10BBB5B
C10C2BDB
C10C9E3F
C10D1288
C10D88B5
C10E00C5
C10E7AB6
C10EF688
C10F7437
C10FF3C1
C1107523
C110F85A
C1117D62
C1120437
C1128CD5
C1131736
C113A355
C114312C
C114C0B6
C11551ED
C115E4C9
C1167943
C1170F55
C117A6F8
C1184022
C118DACD
C11976F1
C11A1484
C11AB37E
C11B53D8
C11BF587
C11C9883
C11D3CC4
C11DE23F
C11E88EC
C11F30C2
C11FD9B7
C12083C3
C1212EDB
C121DAF8
C122880F
C1233619
C123E50B
C12494DC
C1254585
C125F6FD
C126A93A
C1275C34
C1280FE4
C128C440
C1297941
C12A2EDE
C12AE511
C12B9BD0
C12C5316
C12D0ADB
C12DC316
C12E7BC3
C12F34D9
C12FEE51
C130A827
C1316253
C1321CCE
C132D794
C133929E
C1344DE7
C1350968
C135C51E
C1368101
C1373D0E
C137F940
C138B591
C13971FD
C13A2E80
C13AEB15
C13BA7B8
C13C6464
C13D2117
C13DDDCB
C13E9A7E
C13F572B
C14013CF
C140D067
C1418CEF
C1424965
C14305C5
C143C20C
C1447E37
C1453A43
C145F62F
C146B1F6
C1476D97
C1482910
C148E45D
C1499F7D
C14A5A6D
C14B152C
C14BCFB7
C14C8A0C
C14D442A
C14DFE0F
C14EB7B9
C14F7126
C1502A55
C150E344
C1519BF2
C152545E
C1530C85
C153C468
C1547C05
C155335A
C155EA67
C156A12B
C15757A5
C1580DD3
C158C3B6
C159794C
C15A2E94
C15AE38F
C15B983B
C15C4C98
C15D00A6
C15DB463
C15E67D1
C15F1AEE
C15FCDBA
C1608035
C161325F
C161E438
C16295BF
C16346F5
C163F7DA
C164A86E
C16558B1
C16608A2
C166B843
C1676794
C1681694
C168C545
C0F4F895
C0F50B98
C0F51F24
C0F5333D
C0F547E5
C0F55D22
C0F572F7
C0F58969
C0F5A07A
C0F5B830
C0F5D08F
C0F5E99A
C0F60358
C0F61DCC
C0F638FB
C0F654EA
C0F6719F
C0F68F1D
C0F6AD6B
C0F6CC8D
C0F6EC89
C0F70D65
C0F72F27
C0F751D4
C0F77572
C0F79A07
C0F7BF9A
C0F7E631
C0F80DD3
C0F83686
C0F86051
C0F88B3B
C0F8B74B
C0F8E488
C0F912FA
C0F942A9
C0F9739C
C0F9A5DB
C0F9D96E
C0FA0E5D
C0FA44B1
C0FA7C72
C0FAB5A8
C0FAF05E
C0FB2C9B
C0FB6A69
C0FBA9D1
C0FBEADD
C0FC2D97
C0FC7208
C0FCB83A
C0FD0037
C0FD4A0A
C0FD95BE
C0FDE35C
C0FE32EF
C0FE8484
C0FED823
C0FF2DDA
C0FF85B2
C0FFDFB8
C1001DFC
C1004D3E
C1007DA8
C100AF40
C100E20D
C1011614
C1014B5C
C10181E9
C101B9C4
C101F2F1
C1022D77
C102695C
C102A6A6
C102E55B
C1032582
C1036721
C103AA3D
C103EEDC
C1043505
C1047CBD
C104C60B
C10510F3
C1055D7B
C105ABAA
C105FB83
C1064D0D
C106A04D
C106F546
C1074BFF
C107A47B
C107FEBE
C1085ACD
C108B8AB
C109185D
C10979E4
C109DD45
C10A4281
C10AA99B
C10B1295
C10B7D72
C10BEA31
C10C58D4
C10CC95C
C10D3BC9
C10DB01B
C10E2651
C10E9E6A
C10F1866
C10F9441
C11011FA
C110918F
C11112FD
C111963F
C1121B53
C112A235
C1132ADF
C113B54C
C1144179
C114CF5E
C1155EF7
C115F03C
C1168327
C11717B1
C117ADD4
C1184587
C118DEC3
C119797F
C11A15B5
C11AB35B
C11B5268
C11BF2D6
C11C9499
C11D37AB
C11DDC01
C11E8192
C11F2856
C11FD043
C1207951
C1212375
C121CEA7
C1227ADE
C1232810
C123D635
C1248543
C1253532
C125E5F8
C126978E
C12749EB
C127FD05
C128B0D5
C1296553
C12A1A76
C12AD037
C12B868D
C12C3D72
C12CF4DE
C12DACC9
C12E652C
C12F1E01
C12FD740
C13090E3
C1314AE4
C132053C
C132BFE5
C1337AD8
C1343611
C134F18A
C135AD3C
C1366923
C137253A
C137E17A
C1389DE1
C1395A67
C13A170A
C13AD3C5
C13B9092
C13C4D6F
C13D0A56
C13DC744
C13E8435
C13F4125
C13FFE11
C140BAF4
C14177CD
C1423497
C142F14E
C143ADF1
C1446A7D
C14526ED
C145E33F
C1469F72
C1475B81
C148176B
C148D32C
C1498EC4
C14A4A2F
C14B056B
C14BC077
C14C7B4F
C14D35F3
C14DF060
C14EAA94
C14F648E
C1501E4C
C150D7CD
C151910E
C1524A0F
C15302CE
C153BB49
C1547380
C1552B72
C155E31C
C1569A7F
C1575198
C1580868
C158BEED
C1597526
C15A2B12
C15AE0B2
C15B9604
C15C4B08
C15CFFBC
C15DB421
C15E6836
C15F1BFB
C15FCF70
C1608293
C1613566
C161E7E7
C1629A17
C1634BF5
C163FD81
C164AEBC
C1655FA6
C166103E
C166C085
C167707A
C168201F
C168CF73
C1697E77
C0F631F1
C0F644F4
C0F65880
C0F66C99
C0F68142
C0F6967F
C0F6AC54
C0F6C2C6
C0F6D9D8
C0F6F18E
C0F709ED
C0F722F9
C0F73CB7
C0F7572B
C0F7725B
C0F78E4A
C0F7AAFF
C0F7C87E
C0F7E6CC
C0F805EE
C0F825EB
C0F846C8
C0F8688A
C0F88B38
C0F8AED6
C0F8D36C
C0F8F900
C0F91F98
C0F9473A
C0F96FEE
C0F999BA
C0F9C4A4
C0F9F0B5
C0FA1DF4
C0FA4C67
C0FA7C17
C0FAAD0B
C0FADF4B
C0FB12DF
C0FB47CF
C0FB7E24
C0FBB5E7
C0FBEF1F
C0FC29D6
C0FC6615
C0FCA3E5
C0FCE34F
C0FD245D
C0FD6718
C0FDAB8B
C0FDF1BF
C0FE39BE
C0FE8394
C0FECF49
C0FF1CEA
C0FF6C80
C0FFBE17
C10008DD
C10033B9
C1005FA7
C1008CAC
C100BACD
C100EA11
C1011A7D
C1014C17
C1017EE6
C101B2EF
C101E838
C1021EC8
C10256A5
C1028FD4
C102CA5D
C1030644
C1034391
C1038249
C103C273
C1040414
C1044733
C1048BD6
C104D202
C10519BE
C105630F
C105ADFB
C105FA88
C10648BA
C1069898
C106EA26
C1073D6A
C1079268
C107E926
C10841A7
C1089BEF
C108F804
C10955E8
C109B59F
C10A172C
C10A7A93
C10ADFD6
C10B46F7
C10BAFF8
C10C1ADC
C10C87A2
C10CF64D
C10D66DE
C10DD953
C10E4DAD
C10EC3EC
C10F3C0E
C10FB613
C11031F8
C110AFBC
C1112F5B
C111B0D3
C1123421
C112B940
C113402E
C113C8E4
C114535E
C114DF98
C1156D8B
C115FD31
C1168E85
C117217F
C117B618
C1184C4A
C118E40E
C1197D5A
C11A1828
C11AB46F
C11B5227
C11BF148
C11C91C8
C11D33A0
C11DD6C6
C11E7B30
C11F20D8
C11FC7B2
C1206FB6
C12118DB
C121C317
C1226E62
C1231AB2
C123C7FE
C124763E
C1252568
C125D573
C1268657
C127380A
C127EA85
C1289DBF
C12951AF
C12A064D
C12ABB92
C12B7175
C12C27EF
C12CDEF8
C12D9689
C12E4E9A
C12F0724
C12FC020
C1307988
C1313354
C131ED7F
C132A802
C13362D7
C1341DF8
C134D95F
C1359506
C13650E8
C1370D00
C137C948
C13885BC
C1394256
C139FF12
C13ABBEA
C13B78DB
C13C35E0
C13CF2F5
C13DB016
C13E6D3F
C13F2A6B
C13FE798
C140A4C1
C14161E4
C1421EFC
C142DC06
C14398FF
C14455E4
C14512B3
C145CF67
C1468BFF
C1474877
C14804CD
C148C0FF
C1497D09
C14A38EB
C14AF4A0
C14BB027
C14C6B7F
C14D26A4
C14DE195
C14E9C50
C14F56D3
C150111D
C150CB2B
C15184FD
C1523E8F
C152F7E2
C153B0F4
C15469C3
C155224E
C155DA93
C1569292
C1574A4A
C15801B9
C158B8DE
C1596FB9
C15A2649
C15ADC8C
C15B9283
C15C482C
C15CFD87
C15DB292
C15E674F
C15F1BBC
C15FCFD8
C16083A4
C161371F
C161EA49
C1629D21
C1634FA8
C16401DD
C164B3C0
C1656552
C1661691
C166C77F
C167781C
C1682866
C168D860
C1698808
C16A3760
C0F76B58
C0F77E5B
C0F791E8
C0F7A601
C0F7BAAA
C0F7CFE7
C0F7E5BD
C0F7FC2E
C0F81340
C0F82AF7
C0F84356
C0F85C62
C0F87621
C0F89095
C0F8ABC5
C0F8C7B5
C0F8E46A
C0F901EA
C0F92038
C0F93F5B
C0F95F59
C0F98036
C0F9A1F8
C0F9C4A6
C0F9E846
C0FA0CDC
C0FA3271
C0FA5909
C0FA80AD
C0FAA961
C0FAD32E
C0FAFE19
C0FB2A2B
C0FB576A
C0FB85DF
C0FBB590
C0FBE685
C0FC18C6
C0FC4C5B
C0FC814D
C0FCB7A3
C0FCEF67
C0FD28A0
C0FD6359
C0FD9F99
C0FDDD6B
C0FE1CD6
C0FE5DE6
C0FEA0A3
C0FEE518
C0FF2B4E
C0FF7350
C0FFBD27
C1000470
C1002B41
C100530D
C1007BDA
C100A5AD
C100D08B
C100FC7A
C1012980
C10157A3
C10186E8
C101B756
C101E8F2
C1021BC3
C1024FCE
C1028519
C102BBAB
C102F38A
C1032CBC
C1036747
C103A331
C103E080
C1041F3B
C1045F68
C104A10C
C104E42E
C10528D4
C1056F03
C105B6C2
C1060017
C1064B07
C1069797
C106E5CD
C10735AF
C1078742
C107DA8A
C1082F8D
C108864F
C108DED5
C1093922
C109953C
C109F325
C10A52E2
C10AB476
C10B17E2
C10B7D2B
C10BE453
C10C4D5B
C10CB846
C10D2514
C10D93C6
C10E045E
C10E76DB
C10EEB3E
C10F6185
C10FD9B1
C11053BE
C110CFAD
C1114D7A
C111CD24
C1124EA7
C112D1FF
C113572A
C113DE23
C11466E5
C114F16C
C1157DB2
C1160BB2
C1169B66
C1172CC7
C117BFCF
C1185478
C118EAB9
C119828C
C11A1BE9
C11AB6C7
C11B5320
C11BF0EA
C11C901C
C11D30B0
C11DD29B
C11E75D4
C11F1A54
C11FC010
C1206700
C1210F1A
C121B856
C12262AA
C1230E0D
C123BA76
C12467DB
C1251635
C125C57A
C12675A0
C12726A0
C127D871
C1288B09
C1293E62
C129F271
C12AA730
C12B5C95
C12C129A
C12CC937
C12D8063
C12E3817
C12EF04D
C12FA8FD
C1306220
C1311BAF
C131D5A4
C1328FF9
C1334AA6
C13405A6
C134C0F3
C1357C87
C136385C
C136F46E
C137B0B5
C1386D2E
C13929D4
C139E6A1
C13AA390
C13B609D
C13C1DC4
C13CDB00
C13D984D
C13E55A6
C13F1308
C13FD06F
C1408DD8
C1414B3E
C142089D
C142C5F4
C143833E
C1444077
C144FD9E
C145BAAF
C14677A6
C1473482
C147F140
C148ADDC
C1496A54
C14A26A7
C14AE2D1
C14B9ECF
C14C5AA1
C14D1644
C14DD1B5
C14E8CF3
C14F47FB
C15002CD
C150BD65
C15177C3
C15231E5
C152EBC9
C153A56D
C1545ED1
C15517F2
C155D0D0
C156896A
C15741BD
C157F9C9
C158B18D
C1596908
C15A2039
C15AD71F
C15B8DB9
C15C4406
C15CFA06
C15DAFB8
C15E651B
C15F1A2F
C15FCEF3
C1608367
C161378A
C161EB5D
C1629EDE
C163520E
C16404EC
C164B778
C16569B2
C1661B9A
C166CD30
C1677E74
C1682F67
C168E007
C1699055
C16A4052
C16AEFFE
C0F8A4CA
C0F8B7CD
C0F8CB5A
C0F8DF73
C0F8F41C
C0F9095A
C0F91F30
C0F935A2
C0F94CB4
C0F9646A
C0F97CCA
C0F995D7
C0F9AF95
C0F9CA0A
C0F9E53B
C0FA012B
C0FA1DE0
C0FA3B60
C0FA59AF
C0FA78D3
C0FA98D1
C0FAB9AE
C0FADB71
C0FAFE20
C0FB21C0
C0FB4657
C0FB6BEC
C0FB9285
C0FBBA29
C0FBE2DF
C0FC0CAC
C0FC3798
C0FC63AB
C0FC90EB
C0FCBF61
C0FCEF12
C0FD2009
C0FD524B
C0FD85E1
C0FDBAD4
C0FDF12C
C0FE28F1
C0FE622C
C0FE9CE6
C0FED927
C0FF16FA
C0FF5668
C0FF9779
C0FFDA38
C1000F57
C1003273
C1005675
C1007B62
C100A13F
C100C812
C100EFDF
C10118AD
C1014281
C1016D61
C1019951
C101C659
C101F47D
C10223C4
C1025434
C10285D2
C102B8A4
C102ECB1
C10321FE
C1035893
C1039074
C103C9A8
C1040435
C1044021
C1047D73
C104BC30
C104FC60
C1053E07
C105812C
C105C5D4
C1060C07
C10653CA
C1069D22
C106E815
C10734A9
C10782E3
C107D2C9
C108245F
C10877AC
C108CCB3
C109237A
C1097C04
C109D657
C10A3276
C10A9064
C10AF027
C10B51C0
C10BB533
C10C1A82
C10C81B0
C10CEABE
C10D55AF
C10DC284
C10E313E
C10EA1DE
C10F1463
C10F88CD
C10FFF1D
C1107751
C110F168
C1116D60
C111EB37
C1126AEA
C112EC77
C1136FDA
C113F50F
C1147C13
C11504E1
C1158F74
C1161BC7
C116A9D3
C1173994
C117CB03
C1185E19
C118F2D0
C1198921
C11A2103
C11ABA6F
C11B555E
C11BF1C7
C11C8FA2
C11D2EE7
C11DCF8C
C11E718A
C11F14D7
C11FB96A
C1205F3B
C1210640
C121AE70
C12257C2
C123022D
C123ADA7
C1245A28
C12507A7
C125B61A
C1266579
C12715BA
C127C6D6
C12878C3
C1292B78
C129DEEE
C12A931C
C12B47FA
C12BFD80
C12CB3A6
C12D6A64
C12E21B2
C12ED98A
C12F91E4
C1304AB9
C1310402
C131BDB8
C13277D5
C1333251
C133ED28
C134A852
C13563CA
C1361F8B
C136DB8D
C13797CC
C1385443
C13910EC
C139CDC2
C13A8AC1
C13B47E3
C13C0524
C13CC27F
C13D7FF1
C13E3D74
C13EFB06
C13FB8A1
C1407641
C14133E4
C141F186
C142AF22
C1436CB6
C1442A3F
C144E7B8
C145A51F
C1466271
C1471FAB
C147DCCA
C14899CC
C14956AD
C14A136C
C14AD005
C14B8C77
C14C48BE
C14D04D9
C14DC0C6
C14E7C83
C14F380C
C14FF362
C150AE81
C1516967
C1522414
C152DE86
C15398BA
C15452AF
C1550C64
C155C5D8
C1567F09
C15737F5
C157F09C
C158A8FD
C1596115
C15A18E5
C15AD06C
C15B87A7
C15C3E97
C15CF53B
C15DAB92
C15E619A
C15F1755
C15FCCC0
C16081DB
C16136A7
C161EB22
C1629F4C
C1635325
C16406AC
C164B9E1
C1656CC5
C1661F56
C166D195
C1678382
C168351C
C168E665
C169975B
C16A47FF
C16AF851
C16BA851
C0F9DE46
C0F9F14A
C0FA04D6
C0FA18EF
C0FA2D99
C0FA42D7
C0FA58AD
C0FA6F1F
C0FA8631
C0FA9DE8
C0FAB648
C0FACF55
C0FAE914
C0FB038A
C0FB1EBA
C0FB3AAB
C0FB5761
C0FB74E1
C0FB9330
C0FBB254
C0FBD253
C0FBF331
C0FC14F4
C0FC37A4
C0FC5B44
C0FC7FDC
C0FCA572
C0FCCC0C
C0FCF3B0
C0FD1C66
C0FD4634
C0FD7122
C0FD9D35
C0FDCA76
C0FDF8EC
C0FE289F
C0FE5996
C0FE8BDA
C0FEBF71
C0FEF465
C0FF2ABE
C0FF6284
C0FF9BC1
C0FFD67C
C1000960
C100284A
C1004801
C100688B
C10089EB
C100AC27
C100CF44
C100F347
C1011835
C1013E13
C10164E7
C1018CB6
C101B585
C101DF5A
C1020A3B
C102362D
C1026336
C102915C
C102C0A4
C102F115
C10322B5
C1035589
C1038998
C103BEE7
C103F57E
C1042D61
C1046697
C104A126
C104DD15
C1051A69
C1055929
C105995B
C105DB05
C1061E2D
C10662D8
C106A90E
C106F0D4
C1073A2F
C1078525
C107D1BD
C1081FFB
C1086FE4
C108C17F
C10914D0
C10969DB
C109C0A6
C10A1936
C10A738D
C10ACFB1
C10B2DA5
C10B8D6C
C10BEF0B
C10C5283
C10CB7D8
C10D1F0C
C10D8821
C10DF319
C10E5FF5
C10ECEB6
C10F3F5D
C10FB1E9
C110265C
C1109CB4
C11114F0
C1118F0F
C1120B10
C11288F0
C11308AD
C1138A44
C1140DB1
C11492F1
C1151A00
C115A2D9
C1162D77
C116B9D6
C11747EF
C117D7BD
C1186939
C118FC5D
C1199122
C11A2780
C11ABF71
C11B58ED
C11BF3EC
C11C9065
C11D2E51
C11DCDA7
C11E6E5E
C11F106E
C11FB3CE
C1205875
C120FE59
C121A572
C1224DB8
C122F71F
C123A1A0
C1244D32
C124F9CA
C125A761
C12655ED
C1270566
C127B5C1
C12866F8
C1291900
C129CBD2
C12A7F65
C12B33B1
C12BE8AD
C12C9E52
C12D5498
C12E0B77
C12EC2E7
C12F7AE2
C130335F
C130EC58
C131A5C6
C1325FA2
C13319E5
C133D48A
C1348F89
C1354ADC
C136067F
C136C26A
C1377E99
C1383B05
C138F7AA
C139B482
C13A7188
C13B2EB7
C13BEC0B
C13CA97F
C13D670E
C13E24B5
C13EE26E
C13FA036
C1405E08
C1411BE2
C141D9BF
C142979B
C1435573
C1441343
C144D109
C1458EC1
C1464C68
C14709FA
C147C776
C14884D7
C149421C
C149FF42
C14ABC45
C14B7925
C14C35DD
C14CF26C
C14DAED0
C14E6B07
C14F270D
C14FE2E2
C1509E84
C15159EF
C1521524
C152D01F
C1538ADF
C1544563
C154FFA8
C155B9AF
C1567374
C1572CF7
C157E636
C1589F30
C15957E4
C15A1051
C15AC876
C15B8051
C15C37E3
C15CEF28
C15DA622
C15E5CCF
C15F132F
C15FC940
C1607F02
C1613475
C161E998
C1629E6A
C16352EC
C164071C
C164BAFB
C1656E88
C16621C3
C166D4AB
C1678741
C1683985
C168EB76
C1699D15
C16A4E61
C16AFF5B
C16BB003
C16C6058
C0FB17CC
C0FB2AD0
C0FB3E5C
C0FB5276
C0FB6720
C0FB7C5E
C0FB9234
C0FBA8A6
C0FBBFB9
C0FBD770
C0FBEFD0
C0FC08DE
C0FC229D
C0FC3D13
C0FC5843
C0FC7435
C0FC90EB
C0FCAE6B
C0FCCCBB
C0FCEBDF
C0FD0BDE
C0FD2CBD
C0FD4E81
C0FD7131
C0FD94D2
C0FDB96A
C0FDDF01
C0FE059B
C0FE2D40
C0FE55F7
C0FE7FC6
C0FEAAB4
C0FED6C9
C0FF040B
C0FF3282
C0FF6235
C0FF932D
C0FFC572
C0FFF90A
C1001700
C100322D
C1004E11
C1006AAF
C100880E
C100A630
C100C51B
C100E4D3
C101055E
C10126BF
C10148FC
C1016C1A
C101901E
C101B50D
C101DAEC
C10201C1
C1022990
C1025261
C1027C37
C102A719
C102D30D
C1030017
C1032E3E
C1035D88
C1038DFB
C103BF9C
C103F272
C1042683
C1045BD4
C104926C
C104CA51
C1050389
C1053E1B
C1057A0C
C105B763
C105F625
C1063659
C1067806
C106BB30
C106FFDF
C1074618
C1078DE0
C107D73F
C1082239
C1086ED4
C108BD15
C1090D02
C1095EA1
C109B1F6
C10A0705
C10A5DD5
C10AB668
C10B10C4
C10B6CED
C10BCAE6
C10C2AB3
C10C8C56
C10CEFD4
C10D552F
C10DBC69
C10E2584
C10E9083
C10EFD65
C10F6C2D
C10FDCDB
C1104F6F
C110C3E9
C1113A48
C111B28D
C1122CB4
C112A8BE
C11326A7
C113A66D
C114280E
C114AB85
C11530CF
C115B7E8
C11640CC
C116CB76
C11757E0
C117E605
C11875DF
C1190768
C1199A99
C11A2F6C
C11AC5D8
C11B5DD8
C11BF763
C11C9271
C11D2EFA
C11DCCF6
C11E6C5D
C11F0D25
C11FAF47
C12052B9
C120F773
C1219D6B
C1224498
C122ECF2
C123966E
C1244105
C124ECAD
C125995C
C126470B
C126F5AF
C127A540
C12855B5
C1290706
C129B929
C12A6C17
C12B1FC6
C12BD42F
C12C8949
C12D3F0D
C12DF572
C12EAC71
C12F6402
C1301C1E
C130D4BE
C1318DDA
C132476C
C133016D
C133BBD7
C13476A2
C13531C8
C135ED45
C136A911
C1376526
C1382180
C138DE18
C1399AEA
C13A57F0
C13B1525
C13BD285
C13C900A
C13D4DAF
C13E0B71
C13EC94B
C13F8739
C1404537
C1410340
C141C152
C1427F67
C1433D7D
C143FB8F
C144B99C
C145779E
C1463593
C146F379
C147B14B
C1486F07
C1492CAA
C149EA31
C14AA79A
C14B64E2
C14C2206
C14CDF05
C14D9BDB
C14E5887
C14F1506
C14FD156
C1508D75
C1514962
C1520519
C152C09A
C1537BE3
C15436F1
C154F1C4
C155AC59
C15666B0
C15720C6
C157DA9B
C158942C
C1594D79
C15A0680
C15ABF41
C15B77BA
C15C2FEA
C15CE7D0
C15D9F6C
C15E56BB
C15F0DBE
C15FC474
C1607ADC
C16130F5
C161E6BF
C1629C3A
C1635163
C164063C
C164BAC4
C1656EFB
C16622DF
C166D671
C16789B1
C1683C9F
C168EF39
C169A182
C16A5377
C16B051A
C16BB66A
C16C6767
C16D1812
C0FC515B
C0FC645F
C0FC77EC
C0FC8C06
C0FCA0B0
C0FCB5EE
C0FCCBC4
C0FCE237
C0FCF94A
C0FD1101
C0FD2962
C0FD426F
C0FD5C2F
C0FD76A5
C0FD91D6
C0FDADC7
C0FDCA7E
C0FDE7FF
C0FE064F
C0FE2574
C0FE4573
C0FE6652
C0FE8817
C0FEAAC7
C0FECE69
C0FEF302
C0FF1899
C0FF3F34
C0FF66DA
C0FF8F91
C0FFB961
C0FFE450
C1000833
C1001ED4
C1003610
C1004DEA
C1006667
C1007F89
C1009956
C100B3D1
C100CEFF
C100EAE3
C1010783
C10124E2
C1014305
C10161F1
C10181AA
C101A235
C101C397
C101E5D5
C10208F3
C1022CF8
C10251E8
C10277C8
C1029E9E
C102C66F
C102EF41
C1031918
C10343FC
C1036FF0
C1039CFC
C103CB25
C103FA70
C1042AE4
C1045C87
C1048F5F
C104C371
C104F8C4
C1052F5E
C1056745
C105A07F
C105DB13
C1061706
C106545F
C1069324
C106D35B
C107150A
C1075837
C1079CE8
C107E324
C1082AF0
C1087451
C108BF4E
C1090BEC
C1095A31
C109AA22
C109FBC5
C10A4F1D
C10AA431
C10AFB04
C10B539C
C10BADFD
C10C0A2A
C10C6828
C10CC7FA
C10D29A3
C10D8D26
C10DF286
C10E59C6
C10EC2E7
C10F2DEC
C10F9AD5
C11009A3
C1107A58
C110ECF3
C1116174
C111D7DB
C1125028
C112CA58
C113466A
C113C45B
C114442A
C114C5D4
C1154955
C115CEA9
C11655CD
C116DEBB
C1176970
C117F5E5
C1188416
C11913FC
C119A592
C11A38CF
C11ACDAF
C11B6429
C11BFC37
C11C95D0
C11D30ED
C11DCD85
C11E6B91
C11F0B08
C11FABE2
C1204E15
C120F199
C1219665
C1223C70
C122E3B0
C1238C1E
C12435AF
C124E05B
C1258C19
C12638DE
C126E6A4
C1279560
C1284509
C128F597
C129A701
C12A593F
C12B0C47
C12BC012
C12C7497
C12D29CF
C12DDFB0
C12E9634
C12F4D52
C1300503
C130BD40
C1317602
C1322F41
C132E8F6
C133A31B
C1345DA9
C135189A
C135D3E8
C1368F8C
C1374B80
C13807BF
C138C443
C1398107
C13A3E05
C13AFB38
C13BB89B
C13C762A
C13D33DE
C13DF1B5
C13EAFA9
C13F6DB6
C1402BD7
C140EA0A
C141A849
C1426691
C14324DE
C143E32C
C144A179
C1455FC0
C1461DFE
C146DC30
C1479A52
C1485863
C149165F
C149D442
C14A920B
C14B4FB6
C14C0D41
C14CCAAA
C14D87EE
C14E450A
C14F01FD
C14FBEC3
C1507B5C
C15137C5
C151F3FC
C152AFFF
C1536BCC
C1542761
C154E2BD
C1559DDE
C15658C3
C1571369
C157CDCF
C15887F5
C15941D7
C159FB77
C15AB4D1
C15B6DE5
C15C26B1
C15CDF36
C15D9771
C15E4F61
C15F0706
C15FBE5F
C160756B
C1612C2A
C161E29A
C16298BA
C1634E8C
C164040D
C164B93D
C1656E1D
C16622AA
C166D6E6
C1678AD0
C1683E67
C168F1AC
C169A49E
C16A573E
C16B098A
C16BBB83
C16C6D2A
C16D1E7E
C16DCF7E
C0FD8AF3
C0FD9DF7
C0FDB185
C0FDC59E
C0FDDA48
C0FDEF87
C0FE055E
C0FE1BD0
C0FE32E3
C0FE4A9B
C0FE62FC
C0FE7C0A
C0FE95CA
C0FEB040
C0FECB72
C0FEE763
C0FF041A
C0FF219B
C0FF3FEC
C0FF5F11
C0FF7F11
C0FF9FF1
C0FFC1B6
C0FFE467
C1000404
C1001651
C100291D
C1003C6B
C100503E
C100649A
C1007982
C1008EFA
C100A505
C100BBA7
C100D2E3
C100EABE
C101033B
C1011C5E
C101362C
C10150A7
C1016BD5
C10187BA
C101A45A
C101C1BA
C101DFDE
C101FECA
C1021E84
C1023F10
C1026073
C10282B1
C102A5D1
C102C9D7
C102EEC7
C10314A9
C1033B80
C1036352
C1038C24
C103B5FD
C103E0E2
C1040CD8
C10439E5
C104680F
C104975C
C104C7D1
C104F976
C1052C4F
C1056063
C10595B8
C105CC53
C106043C
C1063D78
C106780E
C106B403
C106F15F
C1073026
C107705F
C107B210
C107F540
C10839F4
C1088033
C108C801
C1091166
C1095C66
C109A907
C109F750
C10A4744
C10A98EA
C10AEC46
C10B415E
C10B9835
C10BF0D2
C10C4B37
C10CA768
C10D056B
C10D6541
C10DC6EF
C10E2A78
C10E8FDE
C10EF723
C10F604A
C10FCB54
C1103844
C110A718
C11117D4
C1118A76
C111FEFE
C112756D
C112EDC1
C11367F9
C113E413
C114620D
C114E1E5
C1156397
C115E722
C1166C7F
C116F3AD
C1177CA6
C1180765
C11893E5
C1192222
C119B213
C11A43B5
C11AD6FF
C11B6BEB
C11C0273
C11C9A8E
C11D3435
C11DCF61
C11E6C08
C11F0A24
C11FA9AA
C1204A94
C120ECD8
C121906D
C122354B
C122DB68
C12382BC
C1242B3D
C124D4E2
C1257FA3
C1262B75
C126D851
C127862D
C12834FF
C128E4C0
C1299567
C12A46EA
C12AF941
C12BAC63
C12C6049
C12D14EA
C12DCA3E
C12E803C
C12F36DE
C12FEE1B
C130A5EB
C1315E49
C132172B
C132D08C
C1338A63
C13444AC
C134FF5E
C135BA74
C13675E8
C13731B2
C137EDCE
C138AA36
C13966E3
C13A23D1
C13AE0FB
C13B9E5A
C13C5BEA
C13D19A6
C13DD78A
C13E9591
C13F53B6
C14011F4
C140D049
C1418EAF
C1424D23
C1430BA1
C143CA24
C14488AB
C1454730
C14605B0
C146C429
C1478297
C14840F6
C148FF44
C149BD7E
C14A7BA1
C14B39AA
C14BF797
C14CB565
C14D7311
C14E3099
C14EEDFA
C14FAB33
C1506841
C1512521
C151E1D3
C1529E53
C1535AA0
C15416B9
C154D29A
C1558E43
C15649B1
C15704E4
C157BFD9
C1587A8F
C1593505
C159EF39
C15AA929
C15B62D6
C15C1C3C
C15CD55C
C15D8E34
C15E46C3
C15EFF09
C15FB703
C1606EB1
C1612613
C161DD28
C16293EE
C1634A66
C164008E
C164B666
C1656BEE
C1662125
C166D60A
C1678A9D
C1683EDF
C168F2CE
C169A66A
C16A59B4
C16B0CAA
C16BBF4E
C16C719E
C16D239B
C16DD545
C16E869C
C0FEC494
C0FED798
C0FEEB26
C0FEFF40
C0FF13EA
C0FF2929
C0FF3EFF
C0FF5572
C0FF6C86
C0FF843E
C0FF9C9F
C0FFB5AD
C0FFCF6D
C0FFE9E4
C100028B
C1001084
C1001EDF
C1002DA0
C1003CC9
C1004C5C
C1005C5C
C1006CCC
C1007DAF
C1008F07
C100A0D8
C100B326
C100C5F2
C100D940
C100ED13
C1010170
C1011658
C1012BD0
C10141DC
C101587E
C1016FBB
C1018796
C101A014
C101B937
C101D305
C101ED81
C10208B0
C1022495
C1024136
C1025E96
C1027CBB
C1029BA8
C102BB62
C102DBEF
C102FD52
C1031F92
C10342B2
C10366B9
C1038BAB
C103B18D
C103D865
C1040038
C104290C
C10452E5
C1047DCB
C104A9C2
C104D6D1
C10504FC
C105344A
C10564C2
C1059667
C105C942
C105FD58
C10632AE
C106694C
C106A136
C106DA74
C107150C
C1075104
C1078E61
C107CD2A
C1080D66
C1084F1A
C108924C
C108D702
C1091D43
C1096515
C109AE7C
C109F980
C10A4624
C10A9470
C10AE468
C10B3611
C10B8971
C10BDE8C
C10C3568
C10C8E08
C10CE871
C10D44A7
C10DA2AE
C10E028A
C10E643D
C10EC7CA
C10F2D35
C10F9480
C10FFDAD
C11068BD
C110D5B2
C111448D
C111B54F
C11227F7
C1129C87
C11312FD
C1138B58
C1140597
C11481B9
C114FFBC
C1157F9C
C1160158
C11684EB
C1170A52
C1179189
C1181A8C
C118A556
C11931E1
C119C028
C11A5025
C11AE1D2
C11B7528
C11C0A21
C11CA0B5
C11D38DE
C11DD293
C11E6DCC
C11F0A82
C11FA8AD
C1204843
C120E93C
C1218B91
C1222F37
C122D426
C1237A55
C12421BB
C124CA4F
C1257408
C1261EDC
C126CAC3
C12777B4
C12825A5
C128D48F
C1298466
C12A3524
C12AE6C0
C12B9930
C12C4C6C
C12D006C
C12DB528
C12E6A97
C12F20B2
C12FD771
C1308ECB
C13146BB
C131FF37
C132B83A
C13371BB
C1342BB5
C134E620
C135A0F5
C1365C30
C13717C8
C137D3B9
C1388FFB
C1394C8B
C13A0961
C13AC678
C13B83CC
C13C4156
C13CFF13
C13DBCFC
C13E7B0E
C13F3943
C13FF798
C140B608
C141748E
C1423327
C142F1CF
C143B081
C1446F3B
C1452DF8
C145ECB5
C146AB6E
C1476A20
C14828C9
C148E764
C149A5EF
C14A6466
C14B22C8
C14BE110
C14C9F3E
C14D5D4D
C14E1B3B
C14ED906
C14F96AC
C150542A
C151117E
C151CEA6
C1528B9F
C1534868
C15404FF
C154C161
C1557D8E
C1563982
C156F53E
C157B0BE
C1586C01
C1592706
C159E1CC
C15A9C50
C15B5692
C15C108F
C15CCA48
C15D83BB
C15E3CE6
C15EF5C9
C15FAE63
C16066B2
C1611EB5
C161D66D
C1628DD7
C16344F3
C163FBC2
C164B240
C1656870
C1661E4E
C166D3DC
C1678919
C1683E04
C168F29D
C169A6E4
C16A5AD7
C16B0E78
C16BC1C6
C16C74C1
C16D2768
C16DD9BD
C16E8BBD
C16F3D6B
C0FFFE3D
C10008A1
C1001268
C1001C75
C10026CA
C1003169
C1003C55
C100478E
C1005318
C1005EF4
C1006B25
C10077AC
C100848C
C10091C8
C1009F61
C100AD5A
C100BBB6
C100CA77
C100D9A0
C100E933
C100F933
C10109A3
C1011A86
C1012BDF
C1013DB1
C1014FFE
C10162CA
C1017619
C10189ED
C1019E49
C101B332
C101C8AB
C101DEB6
C101F559
C1020C96
C1022472
C1023CF0
C1025614
C1026FE2
C1028A5F
C102A58E
C102C174
C102DE16
C102FB76
C103199B
C1033889
C1035844
C10378D2
C1039A36
C103BC76
C103DF98
C104039F
C1042892
C1044E75
C104754D
C1049D22
C104C5F6
C104EFD1
C1051AB8
C10546B0
C10573C0
C105A1ED
C105D13C
C10601B5
C106335C
C1066638
C1069A50
C106CFA8
C1070647
C1073E33
C1077773
C107B20D
C107EE06
C1082B66
C1086A31
C108AA6F
C108EC25
C1092F5A
C1097413
C109BA57
C10A022B
C10A4B95
C10A969B
C10AE343
C10B3192
C10B818D
C10BD339
C10C269D
C10C7BBC
C10CD29B
C10D2B3F
C10D85AD
C10DE1E7
C10E3FF2
C10E9FD2
C10F018A
C10F651C
C10FCA8D
C11031DD
C1109B0F
C1110624
C111731F
C111E201
C11252C9
C112C578
C1133A0E
C113B08B
C11428ED
C114A334
C1151F5E
C1159D68
C1161D51
C1169F14
C11722B0
C117A821
C1182F61
C118B86E
C1194341
C119CFD7
C11A5E28
C11AEE31
C11B7FE9
C11C134B
C11CA850
C11D3EF1
C11DD726
C11E70E8
C11F0C2F
C11FA8F4
C120472C
C120E6D2
C12187DB
C1222A3F
C122CDF5
C12372F5
C1241936
C124C0AE
C1256954
C1261320
C126BE08
C1276A03
C1281708
C128C50F
C129740E
C12A23FC
C12AD4D1
C12B8684
C12C390C
C12CEC61
C12DA07B
C12E5551
C12F0ADB
C12FC112
C13077ED
C1312F64
C131E772
C132A00D
C133592F
C13412D0
C134CCEB
C1358777
C1364270
C136FDCD
C137B98A
C13875A0
C1393208
C139EEBE
C13AABBC
C13B68FC
C13C2679
C13CE42E
C13DA215
C13E602B
C13F1E6A
C13FDCCE
C1409B51
C14159F1
C14218A8
C142D773
C143964E
C1445534
C1451422
C145D315
C1469208
C14750F9
C1480FE5
C148CEC7
C1498D9C
C14A4C63
C14B0B17
C14BC9B6
C14C883D
C14D46AA
C14E04FA
C14EC32A
C14F8137
C1503F20
C150FCE2
C151BA7B
C15277E9
C153352A
C153F23A
C154AF1A
C1556BC6
C156283D
C156E47D
C157A084
C1585C51
C15917E2
C159D335
C15A8E49
C15B491D
C15C03AF
C15CBDFE
C15D7809
C15E31CE
C15EEB4C
C15FA482
C1605D6F
C1611612
C161CE6A
C1628677
C1633E37
C163F5A9
C164ACCD
C16563A3
C1661A29
C166D05E
C1678644
C1683BD8
C168F11A
C169A60A
C16A5AA8
C16B0EF4
C16BC2EC
C16C7692
C16D29E4
C16DDCE3
C16E8F8E
C16F41E6
C16FF3EA
C1009BF7
C100A579
C100AF40
C100B94D
C100C3A3
C100CE42
C100D92E
C100E467
C100EFF1
C100FBCE
C10107FE
C1011486
C1012166
C1012EA2
C1013C3B
C1014A34
C1015890
C1016751
C101767A
C101860D
C101960E
C101A67E
C101B762
C101C8BB
C101DA8D
C101ECDA
C101FFA7
C10212F6
C10226CA
C1023B27
C1025010
C1026589
C1027B95
C1029238
C102A976
C102C152
C102D9D0
C102F2F4
C1030CC3
C1032740
C1034270
C1035E57
C1037AF9
C103985A
C103B680
C103D56E
C103F52A
C10415B8
C104371D
C104595E
C1047C80
C104A088
C104C57C
C104EB60
C105123A
C1053A0F
C10562E4
C1058CC0
C105B7A8
C105E3A2
C10610B3
C1063EE1
C1066E32
C1069EAB
C106D054
C1070332
C107374A
C1076CA4
C107A345
C107DB33
C1081475
C1084F10
C1088B0C
C108C86D
C109073B
C109477B
C1098933
C109CC6A
C10A1126
C10A576C
C10A9F43
C10AE8AF
C10B33B8
C10B8063
C10BCEB5
C10C1EB3
C10C7063
C10CC3CA
C10D18ED
C10D6FD0
C10DC878
C10E22E9
C10E7F27
C10EDD37
C10F3D1B
C10F9ED8
C110026F
C11067E4
C110CF39
C1113870
C111A38C
C112108C
C1127F73
C112F041
C11362F7
C113D793
C1144E17
C114C680
C11540CE
C115BD00
C1163B12
C116BB02
C1173CCE
C117C073
C11845EC
C118CD35
C119564B
C119E129
C11A6DC8
C11AFC24
C11B8C37
C11C1DFA
C11CB168
C11D4678
C11DDD25
C11E7567
C11F0F36
C11FAA8B
C120475C
C120E5A3
C1218557
C122266F
C122C8E3
C1236CA9
C12411BA
C124B80B
C1255F94
C126084C
C126B22A
C1275D25
C1280934
C128B64D
C1296469
C12A137D
C12AC381
C12B746C
C12C2636
C12CD8D6
C12D8C43
C12E4076
C12EF566
C12FAB0A
C130615C
C1311852
C131CFE6
C1328811
C13340CA
C133FA0A
C134B3CB
C1356E06
C13628B3
C136E3CD
C1379F4E
C1385B2E
C1391767
C139D3F5
C13A90D1
C13B4DF6
C13C0B5D
C13CC903
C13D86E1
C13E44F3
C13F0334
C13FC19F
C1408030
C1413EE2
C141FDB0
C142BC98
C1437B93
C1443AA0
C144F9B9
C145B8DB
C1467802
C147372C
C147F653
C148B576
C1497491
C14A33A0
C14AF2A2
C14BB191
C14C706D
C14D2F32
C14DEDDD
C14EAC6D
C14F6ADD
C150292C
C150E757
C151A55D
C152633A
C15320ED
C153DE74
C1549BCB
C15558F3
C15615E8
C156D2A8
C1578F32
C1584B85
C159079E
C159C37B
C15A7F1C
C15B3A7F
C15BF5A2
C15CB083
C15D6B22
C15E257E
C15EDF94
C15F9965
C16052ED
C1610C2E
C161C525
C1627DD1
C1633633
C163EE48
C164A610
C1655D8A
C16614B5
C166CB92
C167821E
C168385A
C168EE45
C169A3DF
C16A5927
C16B0E1C
C16BC2BF
C16C770F
C16D2B0C
C16DDEB6
C16E920C
C16F450F
C16FF7BE
C170AA19
C10138D3
C1014256
C1014C1C
C101562A
C101607F
C1016B1F
C101760A
C1018144
C1018CCE
C10198AB
C101A4DB
C101B163
C101BE43
C101CB7F
C101D919
C101E712
C101F56E
C1020430
C1021359
C10222EC
C10232ED
C102435D
C1025441
C102659A
C102776C
C10289BA
C1029C87
C102AFD6
C102C3AB
C102D808
C102ECF1
C103026B
C1031877
C1032F1A
C1034658
C1035E35
C10376B4
C1038FD8
C103A9A8
C103C425
C103DF56
C103FB3D
C10417DF
C1043541
C1045367
C1047256
C1049213
C104B2A1
C104D407
C104F649
C105196C
C1053D75
C1056269
C105884E
C105AF29
C105D6FF
C105FFD6
C10629B3
C106549C
C1068096
C106ADA8
C106DBD7
C1070B2A
C1073BA5
C1076D4F
C107A02E
C107D448
C10809A3
C1084046
C1087836
C108B179
C108EC16
C1092813
C1096577
C109A446
C109E488
C10A2643
C10A697C
C10AAE3A
C10AF483
C10B3C5C
C10B85CC
C10BD0D8
C10C1D85
C10C6BDA
C10CBBDB
C10D0D8E
C10D60F9
C10DB61F
C10E0D05
C10E65B1
C10EC026
C10F1C68
C10F7A7C
C10FDA65
C1103C25
C1109FC1
C111053B
C1116C95
C111D5D2
C11240F2
C112ADF8
C1131CE5
C1138DB9
C1140074
C1147517
C114EBA1
C1156412
C115DE67
C1165A9F
C116D8B8
C11758B1
C117DA85
C1185E32
C118E3B3
C1196B06
C119F425
C11A7F0B
C11B0BB4
C11B9A1A
C11C2A38
C11CBC06
C11D4F7E
C11DE49A
C11E7B53
C11F13A1
C11FAD7D
C12048DE
C120E5BD
C1218412
C12223D4
C122C4FA
C123677D
C1240B53
C124B073
C12556D5
C125FE6F
C126A738
C1275128
C127FC36
C128A857
C1295584
C12A03B4
C12AB2DC
C12B62F5
C12C13F7
C12CC5D7
C12D788E
C12E2C13
C12EE05E
C12F9566
C1304B24
C1310190
C131B8A2
C1327052
C1332898
C133E16E
C1349ACD
C13554AC
C1360F06
C136C9D4
C137850F
C13840B1
C138FCB4
C139B911
C13A75C3
C13B32C4
C13BF00E
C13CAD9D
C13D6B6A
C13E2971
C13EE7AC
C13FA617
C14064AE
C141236B
C141E24A
C142A146
C143605D
C1441F88
C144DEC6
C1459E11
C1465D66
C1471CC1
C147DC1F
C1489B7D
C1495AD6
C14A1A29
C14AD971
C14B98AC
C14C57D6
C14D16EE
C14DD5EF
C14E94D8
C14F53A6
C1501256
C150D0E5
C1518F52
C1524D9A
C1530BBB
C153C9B2
C154877D
C155451B
C156028A
C156BFC6
C1577CD0
C15839A3
C158F640
C159B2A4
C15A6ECE
C15B2ABC
C15BE66C
C15CA1DD
C15D5D0D
C15E17FC
C15ED2A8
C15F8D10
C1604731
C161010C
C161BAA0
C16273EA
C1632CEA
C163E5A0
C1649E09
C1655626
C1660DF6
C166C577
C1677CAA
C168338D
C168EA20
C169A062
C16A5653
C16B0BF2
C16BC13F
C16C7639
C16D2AE1
C16DDF35
C16E9337
C16F46E4
C16FFA3E
C170AD44
C1715FF7
C101D5B3
C101DF36
C101E8FC
C101F30A
C101FD5F
C10207FF
C10212EB
C1021E25
C10229AF
C102358B
C10241BC
C1024E44
C1025B24
C1026860
C10275FA
C10283F4
C1029250
C102A111
C102B03A
C102BFCE
C102CFCF
C102E040
C102F124
C103027D
C103144F
C103269E
C103396B
C1034CBA
C103608F
C10374EC
C10389D6
C1039F50
C103B55C
C103CC00
C103E33F
C103FB1B
C104139B
C1042CC0
C1044690
C104610E
C1047C3F
C1049826
C104B4C9
C104D22C
C104F052
C1050F42
C1052EFF
C1054F8E
C10570F5
C1059337
C105B65B
C105DA65
C105FF5A
C106253F
C1064C1B
C10673F2
C1069CCA
C106C6A8
C106F192
C1071D8D
C1074AA1
C10778D1
C107A824
C107D8A1
C1080A4C
C1083D2D
C1087148
C108A6A5
C108DD49
C109153A
C1094E80
C109891E
C109C51D
C10A0283
C10A4154
C10A8198
C10AC355
C10B0691
C10B4B51
C10B919C
C10BD978
C10C22EA
C10C6DF8
C10CBAA8
C10D0900
C10D5904
C10DAABB
C10DFE28
C10E5351
C10EAA3C
C10F02EB
C10F5D63
C10FB9AA
C11017C2
C11077AE
C110D973
C1113D14
C111A292
C11209F1
C1127332
C112DE58
C1134B63
C113BA56
C1142B2F
C1149DF1
C115129A
C115892A
C11601A1
C1167BFD
C116F83C
C117765D
C117F65C
C1187838
C118FBED
C1198177
C11A08D2
C11A91FA
C11B1CEA
C11BA99C
C11C380C
C11CC833
C11D5A0C
C11DED8F
C11E82B6
C11F197A
C11FB1D4
C1204BBB
C120E729
C1218415
C1222277
C122C247
C123637C
C124060D
C124A9F2
C1254F22
C125F593
C1269D3E
C1274618
C127F01A
C1289B39
C129476D
C129F4AD
C12AA2F0
C12B522C
C12C025A
C12CB371
C12D6567
C12E1834
C12ECBD0
C12F8033
C1303554
C130EB2B
C131A1B0
C13258DC
C13310A7
C133C909
C13481FC
C1353B77
C135F575
C136AFED
C1376ADA
C1382636
C138E1F8
C1399E1D
C13A5A9D
C13B1772
C13BD497
C13C9207
C13D4FBB
C13E0DAF
C13ECBDD
C13F8A41
C14048D6
C1410797
C141C67F
C142858A
C14344B4
C14403F8
C144C353
C14582C1
C146423C
C14701C3
C147C151
C14880E3
C1494076
C14A0005
C14ABF8E
C14B7F0E
C14C3E82
C14CFDE6
C14DBD38
C14E7C75
C14F3B9B
C14FFAA6
C150B995
C1517864
C1523711
C152F59B
C153B3FE
C1547238
C1553048
C155EE2B
C156ABDF
C1576963
C15826B4
C158E3D1
C159A0B7
C15A5D65
C15B19DA
C15BD614
C15C9211
C15D4DD0
C15E094F
C15EC48C
C15F7F88
C1603A40
C160F4B2
C161AEDF
C16268C4
C1632261
C163DBB5
C16494BE
C1654D7C
C16605EE
C166BE13
C16775EA
C1682D72
C168E4AB
C1699B94
C16A522D
C16B0875
C16BBE6B
C16C7410
C16D2961
C16DDE61
C16E930D
C16F4765
C16FFB6B
C170AF1C
C171627A
C1721584
C1027296
C1027C19
C10285E0
C1028FED
C1029A43
C102A4E3
C102AFCF
C102BB09
C102C693
C102D26F
C102DEA0
C102EB28
C102F809
C1030545
C10312DF
C10320D8
C1032F35
C1033DF6
C1034D20
C1035CB4
C1036CB5
C1037D26
C1038E0A
C1039F63
C103B136
C103C384
C103D652
C103E9A1
C103FD76
C10411D4
C10426BE
C1043C38
C1045245
C10468E9
C1048028
C1049805
C104B085
C104C9AB
C104E37B
C104FDF9
C105192B
C1053513
C10551B6
C1056F19
C1058D40
C105AC31
C105CBEE
C105EC7E
C1060DE5
C1063029
C106534D
C1067757
C1069C4D
C106C234
C106E910
C10710E8
C10739C1
C10763A0
C1078E8B
C107BA87
C107E79C
C10815CD
C1084522
C108759F
C108A74C
C108DA2E
C1090E4B
C10943A9
C1097A4E
C109B242
C109EB88
C10A2629
C10A622A
C10A9F91
C10ADE64
C10B1EAA
C10B6069
C10BA3A7
C10BE869
C10C2EB6
C10C7695
C10CC009
C10D0B1A
C10D57CD
C10DA628
C10DF62F
C10E47E8
C10E9B59
C10EF085
C10F4773
C10FA025
C10FFAA2
C11056EC
C110B507
C11114F8
C11176C1
C111DA66
C1123FE9
C112A74C
C1131092
C1137BBD
C113E8CE
C11457C5
C114C8A4
C1153B6B
C115B01A
C11626B1
C1169F2E
C1171990
C11795D6
C11813FE
C1189405
C11915E9
C11999A5
C11A1F37
C11AA69A
C11B2FCB
C11BBAC3
C11C477F
C11CD5F8
C11D6629
C11DF80C
C11E8B99
C11F20CB
C11FB79B
C1205000
C120E9F3
C121856D
C1222266
C122C0D5
C12360B2
C12401F4
C124A494
C1254887
C125EDC6
C1269447
C1273C02
C127E4EC
C1288EFF
C1293A2F
C129E675
C12A93C8
C12B421D
C12BF16E
C12CA1B0
C12D52DB
C12E04E6
C12EB7C9
C12F6B7C
C1301FF5
C130D52E
C1318B1D
C13241BB
C132F901
C133B0E6
C1346964
C1352272
C135DC0A
C1369624
C13750BB
C1380BC7
C138C741
C1398324
C13A3F69
C13AFC0B
C13BB903
C13C764B
C13D33DF
C13DF1B9
C13EAFD3
C13F6E28
C1402CB4
C140EB71
C141AA5B
C142696E
C14328A4
C143E7FA
C144A76C
C14566F4
C1462691
C146E63D
C147A5F4
C14865B4
C1492579
C149E53F
C14AA503
C14B64C2
C14C2479
C14CE424
C14DA3C1
C14E634D
C14F22C5
C14FE226
C150A16E
C151609A
C1521FA8
C152DE95
C1539D5F
C1545C04
C1551A80
C155D8D4
C15696FB
C15754F5
C15812BE
C158D056
C1598DBB
C15A4AEA
C15B07E2
C15BC4A1
C15C8126
C15D3D6F
C15DF97A
C15EB547
C15F70D3
C1602C1D
C160E725
C161A1E8
C1625C65
C163169C
C163D08C
C1648A32
C165438F
C165FCA0
C166B566
C1676DE0
C168260C
C168DDEA
C1699579
C16A4CB8
C16B03A8
C16BBA46
C16C7093
C16D268F
C16DDC38
C16E918E
C16F4692
C16FFB42
C170AF9F
C17163A8
C172175D
C172CABF
C1030F7D
C10318FF
C10322C7
C1032CD4
C103372A
C10341CA
C1034CB6
C10357F0
C103637A
C1036F57
C1037B88
C1038810
C10394F1
C103A22D
C103AFC7
C103BDC0
C103CC1D
C103DADF
C103EA08
C103F99C
C104099E
C1041A0F
C1042AF3
C1043C4D
C1044E20
C104606E
C104733C
C104868C
C1049A61
C104AEBF
C104C3AA
C104D924
C104EF31
C10505D6
C1051D15
C10534F2
C1054D72
C1056698
C1058069
C1059AE8
C105B61A
C105D202
C105EEA6
C1060C0A
C1062A32
C1064922
C10668E1
C1068971
C106AAD9
C106CD1D
C106F042
C107144D
C1073944
C1075F2B
C1078608
C107ADE1
C107D6BA
C108009A
C1082B86
C1085784
C1088499
C108B2CC
C108E222
C10912A1
C109444E
C1097732
C109AB50
C109E0AF
C10A1756
C10A4F4B
C10A8893
C10AC336
C10AFF38
C10B3CA1
C10B7B76
C10BBBBE
C10BFD7F
C10C40BE
C10C8583
C10CCBD3
C10D13B3
C10D5D2A
C10DA83E
C10DF4F3
C10E4350
C10E935A
C10EE517
C10F388A
C10F8DBA
C10FE4AA
C1103D60
C11097E0
C110F42E
C111524D
C111B242
C112140F
C11277B8
C112DD3F
C11344A7
C113ADF2
C1141921
C1148637
C114F534
C1156618
C115D8E5
C1164D9A
C116C436
C1173CB9
C117B722
C118336F
C118B19D
C11931AB
C119B396
C11A375A
C11ABCF4
C11B445F
C11BCD98
C11C5899
C11CE55D
C11D73E0
C11E041A
C11E9607
C11F299E
C11FBEDB
C12055B5
C120EE25
C1218824
C12223AA
C122C0AE
C1235F2A
C123FF14
C124A064
C1254311
C125E712
C1268C60
C12732F0
C127DABA
C12883B5
C1292DD8
C129D919
C12A8571
C12B32D5
C12BE13D
C12C90A0
C12D40F6
C12DF235
C12EA455
C12F574D
C1300B16
C130BFA6
C13174F5
C1322AFC
C132E1B3
C1339911
C1345110
C13509A8
C135C2D1
C1367C85
C13736BC
C137F16F
C138AC99
C1396832
C13A2435
C13AE09A
C13B9D5D
C13C5A76
C13D17E1
C13DD599
C13E9396
C13F51D5
C1401051
C140CF03
C1418DE8
C1424CFB
C1430C37
C143CB98
C1448B19
C1454AB7
C1460A6D
C146CA37
C1478A12
C14849FA
C14909EB
C149C9E1
C14A89DA
C14B49D2
C14C09C6
C14CC9B3
C14D8995
C14E4969
C14F092E
C14FC8E0
C150887B
C15147FF
C1520768
C152C6B3
C15385DF
C15444E8
C15503CD
C155C28C
C1568121
C1573F8C
C157FDCA
C158BBD9
C15979B7
C15A3762
C15AF4D9
C15BB21A
C15C6F23
C15D2BF2
C15DE886
C15EA4DD
C15F60F7
C1601CD0
C160D869
C16193C0
C1624ED2
C16309A0
C163C428
C1647E69
C1653862
C165F211
C166AB76
C1676490
C1681D5E
C168D5DE
C1698E11
C16A45F6
C16AFD8B
C16BB4D1
C16C6BC6
C16D226A
C16DD8BC
C16E8EBC
C16F446A
C16FF9C5
C170AECD
C1716382
C17217E2
C172CBEF
C1737FA7
C103AC67
C103B5E9
C103BFB0
C103C9BE
C103D414
C103DEB4
C103E9A0
C103F4DA
C1040064
C1040C41
C1041872
C10424FA
C10431DB
C1043F18
C1044CB2
C1045AAC
C1046908
C10477CA
C10486F4
C1049688
C104A68A
C104B6FB
C104C7DF
C104D93A
C104EB0D
C104FD5B
C1051029
C1052379
C105374F
C1054BAD
C1056098
C1057612
C1058C20
C105A2C5
C105BA04
C105D1E2
C105EA63
C1060389
C1061D5A
C10637D9
C106530C
C1066EF5
C1068B99
C106A8FD
C106C726
C106E617
C10705D6
C1072667
C10747CF
C1076A14
C1078D39
C107B145
C107D63D
C107FC25
C1082303
C1084ADC
C10873B7
C1089D98
C108C885
C108F483
C109219A
C1094FCD
C1097F24
C109AFA4
C109E153
C10A1437
C10A4857
C10A7DB8
C10AB460
C10AEC56
C10B25A0
C10B6044
C10B9C48
C10BD9B3
C10C188A
C10C58D4
C10C9A96
C10CDDD8
C10D229F
C10D68F0
C10DB0D3
C10DFA4C
C10E4562
C10E921A
C10EE07A
C10F3087
C10F8246
C10FD5BC
C1102AEF
C11081E3
C110DA9C
C111351F
C1119170
C111EF93
C1124F8C
C112B15D
C113150A
C1137A95
C113E201
C1144B51
C114B685
C115239F
C11592A1
C116038B
C116765D
C116EB17
C11761B9
C117DA42
C11854B1
C118D104
C1194F3A
C119CF4E
C11A5140
C11AD50B
C11B5AAD
C11BE220
C11C6B61
C11CF66A
C11D8337
C11E11C3
C11EA206
C11F33FC
C11FC79D
C1205CE4
C120F3C8
C1218C43
C122264D
C122C1DF
C1235EEF
C123FD77
C1249D6D
C1253ECA
C125E185
C1268594
C1272AF0
C127D18F
C1287968
C1292272
C129CCA5
C12A77F7
C12B245F
C12BD1D5
C12C804F
C12D2FC5
C12DE02D
C12E9180
C12F43B4
C12FF6C1
C130AA9F
C1315F44
C13214AA
C132CAC8
C1338197
C134390E
C134F125
C135A9D7
C136631A
C1371CE9
C137D73B
C138920C
C1394D52
C13A090A
C13AC52B
C13B81AF
C13C3E92
C13CFBCD
C13DB95A
C13E7733
C13F3555
C13FF3B8
C140B258
C1417131
C142303C
C142EF77
C143AEDB
C1446E66
C1452E11
C145EDDA
C146ADBD
C1476DB4
C1482DBD
C148EDD4
C149ADF5
C14A6E1C
C14B2E47
C14BEE72
C14CAE9A
C14D6EBB
C14E2ED3
C14EEEDE
C14FAEDB
C1506EC5
C1512E9B
C151EE59
C152ADFD
C1536D85
C1542CEF
C154EC37
C155AB5B
C1566A5A
C1572931
C157E7DE
C158A660
C15964B3
C15A22D6
C15AE0C8
C15B9E86
C15C5C0E
C15D1960
C15DD679
C15E9357
C15F4FFA
C1600C5F
C160C885
C161846C
C1624010
C162FB72
C163B690
C1647168
C1652BFA
C165E644
C166A046
C16759FD
C168136A
C168CC8C
C1698561
C16A3DE9
C16AF623
C16BAE0D
C16C65A9
C16D1CF4
C16DD3EE
C16E8A97
C16F40EF
C16FF6F4
C170ACA6
C1716205
C1721711
C172CBCA
C173802E
C174343E
C1044953
C10452D6
C1045C9D
C10466AB
C1047101
C1047BA1
C104868D
C10491C7
C1049D52
C104A92F
C104B560
C104C1E8
C104CEC9
C104DC06
C104E9A0
C104F79A
C10505F7
C10514B9
C10523E3
C1053377
C1054379
C10553EA
C10564CF
C1057629
C10587FC
C1059A4B
C105AD19
C105C06A
C105D440
C105E89E
C105FD89
C1061304
C1062912
C1063FB7
C10656F7
C1066ED5
C1068756
C106A07D
C106BA4E
C106D4CE
C106F000
C1070BEA
C107288F
C10745F3
C107641C
C107830E
C107A2CD
C107C35F
C107E4C8
C108070D
C1082A34
C1084E40
C1087338
C1089921
C108C000
C108E7DA
C10910B6
C1093A97
C1096585
C1099185
C109BE9C
C109ECD1
C10A1C29
C10A4CAA
C10A7E5A
C10AB140
C10AE560
C10B1AC3
C10B516C
C10B8964
C10BC2AF
C10BFD55
C10C395A
C10C76C6
C10CB59F
C10CF5EB
C10D37AF
C10D7AF3
C10DBFBC
C10E060F
C10E4DF4
C10E9770
C10EE288
C10F2F43
C10F7DA5
C10FCDB4
C1101F76
C11072EF
C110C825
C1111F1C
C11177D8
C111D25F
C1122EB3
C1128CDA
C112ECD6
C1134EAB
C113B25B
C11417EB
C1147F5B
C114E8AF
C11553E8
C115C107
C116300D
C116A0FC
C11713D3
C1178893
C117FF3B
C11877CA
C118F23F
C1196E98
C119ECD3
C11A6CEF
C11AEEE7
C11B72BA
C11BF862
C11C7FDD
C11D0926
C11D9437
C11E210D
C11EAFA1
C11F3FED
C11FD1EC
C1206597
C120FAE7
C12191D6
C1222A5B
C122C470
C123600C
C123FD28
C1249BBC
C1253BBF
C125DD28
C1267FF0
C127240C
C127C976
C1287023
C129180B
C129C124
C12A6B66
C12B16C8
C12BC341
C12C70C8
C12D1F53
C12DCEDB
C12E7F56
C12F30BC
C12FE303
C1309624
C1314A17
C131FED2
C132B44E
C1336A82
C1342168
C134D8F6
C1359126
C13649F0
C137034E
C137BD36
C13877A4
C1393290
C139EDF3
C13AA9C8
C13B6607
C13C22AA
C13CDFAC
C13D9D07
C13E5AB5
C13F18B0
C13FD6F4
C140957B
C141543F
C142133D
C142D26F
C14391D0
C144515C
C145110F
C145D0E4
C14690D8
C14750E5
C1481109
C148D13F
C1499184
C14A51D4
C14B122B
C14BD287
C14C92E4
C14D533E
C14E1394
C14ED3E0
C14F9422
C1505455
C1511477
C151D485
C152947D
C153545C
C1541420
C154D3C6
C155934B
C15652AF
C15711ED
C157D105
C1588FF3
C1594EB7
C15A0D4D
C15ACBB5
C15B89EC
C15C47F0
C15D05BF
C15DC359
C15E80BA
C15F3DE2
C15FFACF
C160B780
C16173F2
C1623025
C162EC18
C163A7C8
C1646334
C1651E5C
C165D93F
C16693DA
C1674E2D
C1680837
C168C1F7
C1697B6C
C16A3494
C16AED70
C16BA5FF
C16C5E3F
C16D1630
C16DCDD1
C16E8521
C16F3C21
C16FF2CF
C170A92B
C1715F35
C17214EB
C172CA4E
C1737F5E
C174341A
C174E882
