ROSSFAST_D3R_TABLE_V1 O11 241 58081
C053F1C4
C0549929
C055419E
C055EB2E
C05695E1
C05741C1
C057EED7
C0589D2D
C0594CCD
C059FDC0
C05AB012
C05B63CD
C05C18FB
C05CCFA7
C05D87DC
C05E41A5
C05EFD0E
C05FBA22
C06078EC
C0613977
C061FBD0
C062C003
C063861A
C0644E23
C0651829
C065E438
C066B25E
C06782A5
C068551C
C06929CD
C06A00C7
C06ADA15
C06BB5C4
C06C93E2
C06D747B
C06E579D
C06F3D54
C07025AE
C07110B8
C071FE7F
C072EF11
C073E27A
C074D8CA
C075D20C
C076CE4F
C077CDA0
C078D00D
C079D5A4
C07ADE71
C07BEA84
C07CF9E8
C07E0CAD
C07F22DF
C0801E46
C080ACE1
C0813D47
C081CF7E
C082638E
C082F97D
C0839152
C0842B12
C084C6C5
C0856470
C086041B
C086A5CA
C0874984
C087EF4F
C0889731
C089412E
C089ED4E
C08A9B94
C08B4C06
C08BFEA9
C08CB382
C08D6A95
C08E23E5
C08EDF78
C08F9D51
C0905D74
C0911FE3
C091E4A1
C092ABB1
C0937515
C09440D0
C0950EE2
C095DF4D
C096B211
C0978730
C0985EA8
C099387B
C09A14A6
C09AF329
C09BD401
C09CB72E
C09D9CAD
C09E847A
C09F6E92
C0A05AF1
C0A14994
C0A23A76
C0A32D90
C0A422DF
C0A51A5C
C0A61400
C0A70FC5
C0A80DA4
C0A90D95
C0AA0F91
C0AB138E
C0AC1985
C0AD216D
C0AE2B3C
C0AF36E9
C0B0446B
C0B153B7
C0B264C4
C0B37786
C0B48BF4
C0B5A203
C0B6B9A8
C0B7D2D8
C0B8ED88
C0BA09AE
C0BB273E
C0BC462D
C0BD6670
C0BE87FD
C0BFAAC7
C0C0CEC6
C0C1F3ED
C0C31A31
C0C4418A
C0C569EB
C0C6934C
C0C7BDA1
C0C8E8E1
C0CA1502
C0CB41FB
C0CC6FC2
C0CD9E4F
C0CECD98
C0CFFD95
C0D12E3D
C0D25F8A
C0D39171
C0D4C3ED
C0D5F6F5
C0D72A83
C0D85E8F
C0D99313
C0DAC808
C0DBFD69
C0DD332F
C0DE6955
C0DF9FD6
C0E0D6AB
C0E20DD1
C0E34541
C0E47CF9
C0E5B4F3
C0E6ED2B
C0E8259E
C0E95E47
C0EA9723
C0EBD02F
C0ED0967
C0EE42C8
C0EF7C50
C0F0B5FC
C0F1EFC8
C0F329B3
C0F463BA
C0F59DDC
C0F6D815
C0F81265
C0F94CC9
C0FA873F
C0FBC1C6
C0FCFC5D
C0FE3702
C0FF71B4
C1005638
C100F39C
C1019104
C1022E70
C102CBE0
C1036954
C10406C9
C104A442
C10541BC
C105DF38
C1067CB6
C1071A34
C107B7B4
C1085534
C108F2B5
C1099036
C10A2DB6
C10ACB37
C10B68B8
C10C0638
C10CA3B7
C10D4136
C10DDEB4
C10E7C32
C10F19AE
C10FB729
C11054A4
C110F21D
C1118F95
C1122D0C
C112CA81
C11367F6
C1140569
C114A2DA
C115404B
C115DDBA
C1167B27
C1171893
C117B5FE
C1185368
C118F0D0
C1198E37
C11A2B9C
C11AC901
C11B6663
C11C03C5
C11CA125
C11D3E84
C11DDBE2
C11E793E
C11F169A
C11FB3F4
C120514D
C120EEA4
C1218BFB
C1222950
C122C6A5
C12363F8
C124014B
C1249E9C
C0542AFA
C054D230
C0557A76
C05623D5
C056CE56
C0577A04
C05826E6
C058D507
C0598472
C05A352F
C05AE74A
C05B9ACD
C05C4FC3
C05D0636
C05DBE33
C05E77C2
C05F32F1
C05FEFCA
C060AE59
C0616EAA
C06230C8
C062F4BE
C063BA9A
C0648267
C0654C31
C0661805
C066E5EE
C067B5F9
C0688833
C0695CA9
C06A3366
C06B0C78
C06BE7EC
C06CC5CE
C06DA62C
C06E8912
C06F6E8E
C07056AD
C071417C
C0722F09
C0731F60
C0741290
C07508A6
C07601B0
C076FDBA
C077FCD3
C078FF08
C07A0467
C07B0CFD
C07C18D9
C07D2808
C07E3A97
C07F5094
C0803506
C080C387
C08153D4
C081E5F2
C08279E9
C0830FBF
C083A77B
C0844124
C084DCBF
C0857A53
C08619E6
C086BB7E
C0875F22
C08804D7
C088ACA3
C089568C
C08A0296
C08AB0C8
C08B6126
C08C13B6
C08CC87B
C08D7F7B
C08E38B9
C08EF43A
C08FB202
C0907213
C0913471
C091F91F
C092C01F
C0938975
C0945520
C0952324
C095F380
C096C637
C0979B49
C09872B4
C0994C7A
C09A2899
C09B0711
C09BE7DF
C09CCB01
C09DB075
C09E9838
C09F8247
C0A06E9E
C0A15D38
C0A24E12
C0A34125
C0A4366C
C0A52DE2
C0A62780
C0A7233F
C0A82118
C0A92104
C0AA22FA
C0AB26F3
C0AC2CE6
C0AD34CA
C0AE3E96
C0AF4A40
C0B057BE
C0B16708
C0B27812
C0B38AD3
C0B49F3F
C0B5B54C
C0B6CCF0
C0B7E61F
C0B900CE
C0BA1CF3
C0BB3A83
C0BC5972
C0BD79B5
C0BE9B42
C0BFBE0D
C0C0E20C
C0C20734
C0C32D7A
C0C454D3
C0C57D36
C0C6A698
C0C7D0EE
C0C8FC30
C0CA2853
C0CB554D
C0CC8317
C0CDB1A5
C0CEE0F0
C0D010F0
C0D1419A
C0D272E9
C0D3A4D3
C0D4D751
C0D60A5B
C0D73DEB
C0D871FA
C0D9A680
C0DADB78
C0DC10DB
C0DD46A4
C0DE7CCC
C0DFB34F
C0E0EA27
C0E2214F
C0E358C2
C0E4907C
C0E5C879
C0E700B3
C0E83928
C0E971D4
C0EAAAB2
C0EBE3C0
C0ED1CFA
C0EE565E
C0EF8FE8
C0F0C995
C0F20364
C0F33D51
C0F4775B
C0F5B17E
C0F6EBB9
C0F8260B
C0F96071
C0FA9AE9
C0FBD572
C0FD100B
C0FE4AB1
C0FF8564
C1006012
C100FD76
C1019ADF
C102384C
C102D5BD
C1037331
C10410A7
C104AE20
C1054B9B
C105E918
C1068696
C1072416
C107C196
C1085F17
C108FC98
C1099A19
C10A379B
C10AD51C
C10B729D
C10C101E
C10CAD9E
C10D4B1D
C10DE89C
C10E8619
C10F2396
C10FC112
C1105E8D
C110FC06
C111997F
C11236F6
C112D46C
C11371E0
C1140F54
C114ACC6
C1154A36
C115E7A6
C1168514
C1172280
C117BFEB
C1185D55
C118FABE
C1199825
C11A358A
C11AD2EF
C11B7052
C11C0DB4
C11CAB14
C11D4873
C11DE5D1
C11E832E
C11F2089
C11FBDE3
C1205B3D
C120F894
C12195EB
C1223341
C122D096
C1236DE9
C1240B3C
C124A88D
C0546619
C0550D1E
C055B532
C0565E5E
C05708AC
C057B424
C05860D0
C0590EBA
C059BDED
C05A6E72
C05B2054
C05BD39D
C05C8858
C05D3E90
C05DF651
C05EAFA5
C05F6A97
C0602733
C060E585
C061A598
C0626778
C0632B31
C063F0CF
C064B85D
C06581E9
C0664D7E
C0671B29
C067EAF6
C068BCF2
C0699129
C06A67A8
C06B407C
C06C1BB1
C06CF956
C06DD976
C06EBC1E
C06FA15D
C070893F
C07173D1
C0726122
C073513D
C0744432
C0753A0C
C07632DA
C0772EAA
C0782D89
C0792F84
C07A34AA
C07B3D08
C07C48AB
C07D57A2
C07E69FA
C07F7FC0
C0804C81
C080DAE8
C0816B19
C081FD1E
C08290FB
C08326B7
C083BE5A
C08457EA
C084F36C
C08590E8
C0863064
C086D1E5
C0877572
C0881B10
C088C2C6
C0896C98
C08A188E
C08AC6AA
C08B76F4
C08C296F
C08CDE21
C08D950D
C08E4E38
C08F09A7
C08FC75C
C090875C
C09149A9
C0920E46
C092D536
C0939E7B
C0946A17
C095380C
C096085A
C096DB03
C097B007
C0988765
C099611E
C09A3D31
C09B1B9D
C09BFC60
C09CDF77
C09DC4E1
C09EAC9A
C09F969F
C0A082ED
C0A1717F
C0A26250
C0A3555B
C0A44A9B
C0A5420A
C0A63BA1
C0A7375A
C0A8352D
C0A93514
C0AA3705
C0AB3AF9
C0AC40E8
C0AD48C8
C0AE5290
C0AF5E36
C0B06BB2
C0B17AF9
C0B28C01
C0B39EBF
C0B4B329
C0B5C935
C0B6E0D8
C0B7FA06
C0B914B5
C0BA30D9
C0BB4E68
C0BC6D57
C0BD8D9B
C0BEAF28
C0BFD1F4
C0C0F5F4
C0C21B1C
C0C34163
C0C468BE
C0C59122
C0C6BA85
C0C7E4DD
C0C91020
C0CA3C45
C0CB6942
C0CC970D
C0CDC59D
C0CEF4EB
C0D024EC
C0D15599
C0D286EA
C0D3B8D6
C0D4EB56
C0D61E63
C0D751F6
C0D88607
C0D9BA90
C0DAEF8A
C0DC24F0
C0DD5ABB
C0DE90E6
C0DFC76C
C0E0FE46
C0E23570
C0E36CE6
C0E4A4A3
C0E5DCA2
C0E714DF
C0E84D56
C0E98604
C0EABEE5
C0EBF7F5
C0ED3132
C0EE6A98
C0EFA424
C0F0DDD4
C0F217A5
C0F35194
C0F48B9F
C0F5C5C5
C0F70002
C0F83A56
C0F974BE
C0FAAF38
C0FBE9C3
C0FD245D
C0FE5F06
C0FF99BB
C1006A3E
C10107A3
C101A50D
C102427B
C102DFEC
C1037D61
C1041AD8
C104B852
C10555CE
C105F34B
C10690CA
C1072E4A
C107CBCB
C108694C
C10906CE
C109A450
C10A41D2
C10ADF54
C10B7CD5
C10C1A56
C10CB7D7
C10D5557
C10DF2D6
C10E9054
C10F2DD1
C10FCB4E
C11068C9
C1110643
C111A3BC
C1124133
C112DEA9
C1137C1E
C1141992
C114B705
C1155475
C115F1E5
C1168F53
C1172CC0
C117CA2C
C1186796
C11904FE
C119A266
C11A3FCC
C11ADD30
C11B7A94
C11C17F6
C11CB556
C11D52B6
C11DF014
C11E8D71
C11F2ACC
C11FC827
C1206580
C12102D8
C121A02F
C1223D85
C122DADA
C123782D
C1241580
C124B2D2
C054A330
C0554A01
C055F1E1
C0569AD8
C05744EF
C057F02F
C0589CA3
C0594A53
C059F94C
C05AA995
C05B5B3B
C05C0E48
C05CC2C6
C05D78C1
C05E3043
C05EE958
C05FA40C
C0606069
C0611E7B
C061DE4E
C0629FEE
C0636367
C06428C4
C064F012
C065B95D
C06684B1
C067521B
C06821A7
C068F362
C069C759
C06A9D97
C06B762B
C06C5120
C06D2E84
C06E0E64
C06EF0CE
C06FD5CD
C070BD70
C071A7C3
C07294D5
C07384B2
C0747769
C0756D06
C0766597
C077612A
C0785FCD
C079618D
C07A6677
C07B6E9A
C07C7A04
C07D88C1
C07E9AE0
C07FB06E
C08064BC
C080F307
C081831D
C0821506
C082A8C9
C0833E6B
C083D5F4
C0846F6A
C0850AD3
C085A836
C0864799
C086E902
C0878C77
C08831FE
C088D99D
C0898359
C08A2F38
C08ADD3F
C08B8D74
C08C3FDA
C08CF477
C08DAB4F
C08E6467
C08F1FC3
C08FDD65
C0909D53
C0915F8E
C092241A
C092EAF9
C093B42E
C0947FBA
C0954DA0
C0961DDF
C096F079
C097C56F
C0989CC0
C099766C
C09A5273
C09B30D2
C09C1189
C09CF495
C09DD9F4
C09EC1A3
C09FAB9F
C0A097E3
C0A1866C
C0A27734
C0A36A38
C0A45F70
C0A556D8
C0A65068
C0A74C1B
C0A849E8
C0A949C9
C0AA4BB5
C0AB4FA5
C0AC558F
C0AD5D6A
C0AE672F
C0AF72D2
C0B0804B
C0B18F8F
C0B2A094
C0B3B351
C0B4C7B9
C0B5DDC3
C0B6F564
C0B80E92
C0B92940
C0BA4564
C0BB62F3
C0BC81E2
C0BDA226
C0BEC3B3
C0BFE680
C0C10A80
C0C22FAA
C0C355F2
C0C47D4D
C0C5A5B3
C0C6CF18
C0C7F971
C0C924B6
C0CA50DD
C0CB7DDC
C0CCABA9
C0CDDA3C
C0CF098B
C0D0398F
C0D16A3E
C0D29B91
C0D3CD80
C0D50003
C0D63312
C0D766A7
C0D89ABB
C0D9CF47
C0DB0444
C0DC39AC
C0DD6F7A
C0DEA5A8
C0DFDC30
C0E1130D
C0E24A3A
C0E381B2
C0E4B972
C0E5F173
C0E729B3
C0E8622D
C0E99ADD
C0EAD3C0
C0EC0CD3
C0ED4612
C0EE7F7B
C0EFB909
C0F0F2BB
C0F22C8E
C0F36680
C0F4A08E
C0F5DAB5
C0F714F5
C0F84F4B
C0F989B4
C0FAC431
C0FBFEBE
C0FD395A
C0FE7404
C0FFAEBB
C10074BF
C1011225
C101AF90
C1024CFE
C102EA71
C10387E6
C104255E
C104C2D9
C1056055
C105FDD3
C1069B53
C10738D4
C107D655
C10873D7
C109115A
C109AEDC
C10A4C5F
C10AE9E1
C10B8763
C10C24E5
C10CC266
C10D5FE6
C10DFD66
C10E9AE5
C10F3862
C10FD5DF
C110735B
C11110D5
C111AE4E
C1124BC6
C112E93D
C11386B2
C1142427
C114C199
C1155F0B
C115FC7A
C11699E9
C1173756
C117D4C2
C118722C
C1190F95
C119ACFD
C11A4A63
C11AE7C8
C11B852C
C11C228E
C11CBFEF
C11D5D4E
C11DFAAD
C11E980A
C11F3566
C11FD2C0
C120701A
C1210D72
C121AAC9
C122481F
C122E574
C12382C8
C124201B
C124BD6D
C054E24C
C05588E8
C0563091
C056D94F
C057832D
C0582E33
C058DA6B
C05987E0
C05A369B
C05AE6A7
C05B980E
C05C4ADC
C05CFF1A
C05DB4D5
C05E6C17
C05F24EB
C05FDF5C
C0609B77
C0615948
C06218D8
C062DA35
C0639D6B
C0646285
C0652990
C065F298
C066BDA9
C0678AD0
C0685A19
C0692B91
C069FF45
C06AD540
C06BAD91
C06C8844
C06D6566
C06E4504
C06F272B
C0700BE9
C070F34A
C071DD5D
C072CA2E
C073B9CB
C074AC41
C075A19F
C07699F1
C0779546
C07893AA
C079952C
C07A99DA
C07BA1C0
C07CACEE
C07DBB6F
C07ECD53
C07FE2A7
C0807DBC
C0810BEA
C0819BE4
C0822DB2
C082C159
C08356E0
C083EE4E
C08487A9
C08522F9
C085C042
C0865F8B
C08700DC
C087A438
C08849A7
C088F12E
C0899AD3
C08A469B
C08AF48C
C08BA4AA
C08C56FB
C08D0B83
C08DC247
C08E7B4B
C08F3693
C08FF422
C090B3FD
C0917626
C0923AA0
C093016E
C093CA92
C094960E
C09563E3
C0963413
C097069F
C097DB86
C098B2CA
C0998C68
C09A6862
C09B46B5
C09C2760
C09D0A60
C09DEFB5
C09ED759
C09FC14A
C0A0AD85
C0A19C05
C0A28CC5
C0A37FC0
C0A474F0
C0A56C51
C0A665DA
C0A76186
C0A85F4D
C0A95F28
C0AA610F
C0AB64FA
C0AC6ADF
C0AD72B7
C0AE7C78
C0AF8817
C0B0958D
C0B1A4CF
C0B2B5D1
C0B3C88C
C0B4DCF2
C0B5F2FB
C0B70A9B
C0B823C7
C0B93E75
C0BA5A98
C0BB7827
C0BC9716
C0BDB75A
C0BED8E8
C0BFFBB5
C0C11FB6
C0C244E1
C0C36B2A
C0C49288
C0C5BAEE
C0C6E455
C0C80EB0
C0C939F7
C0CA6620
C0CB9320
C0CCC0F0
C0CDEF85
C0CF1ED7
C0D04EDD
C0D17F8F
C0D2B0E4
C0D3E2D6
C0D5155B
C0D6486D
C0D77C05
C0D8B01C
C0D9E4AA
C0DB19AA
C0DC4F15
C0DD84E6
C0DEBB16
C0DFF1A1
C0E12881
C0E25FB1
C0E3972C
C0E4CEEE
C0E606F2
C0E73F34
C0E877B1
C0E9B064
C0EAE94A
C0EC225F
C0ED5BA1
C0EE950C
C0EFCE9D
C0F10851
C0F24227
C0F37C1A
C0F4B62A
C0F5F054
C0F72A96
C0F864EE
C0F99F5A
C0FAD9D8
C0FC1467
C0FD4F06
C0FE89B2
C0FFC46B
C1007F97
C1011CFF
C101BA6A
C10257DA
C102F54D
C10392C3
C104303C
C104CDB8
C1056B35
C10608B4
C106A634
C10743B5
C107E137
C1087EBA
C1091C3D
C109B9C1
C10A5744
C10AF4C7
C10B9249
C10C2FCC
C10CCD4D
C10D6ACE
C10E084E
C10EA5CE
C10F434C
C10FE0C9
C1107E45
C1111BC0
C111B93A
C11256B2
C112F429
C113919F
C1142F13
C114CC86
C11569F8
C1160768
C116A4D7
C1174245
C117DFB1
C1187D1B
C1191A85
C119B7ED
C11A5553
C11AF2B8
C11B901C
C11C2D7F
C11CCAE0
C11D6840
C11E059E
C11EA2FB
C11F4058
C11FDDB2
C1207B0C
C1211865
C121B5BC
C1225312
C122F067
C1238DBB
C1242B0E
C124C860
C055237B
C055C9DF
C056714E
C05719D2
C057C373
C0586E3C
C0591A37
C059C76C
C05A75E8
C05B25B3
C05BD6DA
C05C8965
C05D3D62
C05DF2D9
C05EA9D7
C05F6268
C0601C95
C060D86C
C06195F7
C0625543
C063165B
C063D94B
C0649E20
C06564E5
C0662DA7
C066F873
C067C554
C0689458
C069658A
C06A38F8
C06B0EAE
C06BE6BA
C06CC128
C06D9E05
C06E7D5F
C06F5F42
C07043BC
C0712AD9
C07214A9
C0730137
C073F092
C074E2C6
C075D7E2
C076CFF4
C077CB07
C078C92C
C079CA6E
C07ACEDC
C07BD684
C07CE174
C07DEFB8
C07F015F
C0800B3B
C0809786
C0812597
C081B574
C0824725
C082DAAF
C083701A
C084076D
C084A0AD
C0853BE1
C085D910
C0867840
C0871976
C087BCBA
C0886210
C089097F
C089B30C
C08A5EBC
C08B0C96
C08BBC9E
C08C6ED8
C08D234B
C08DD9FA
C08E92E9
C08F4E1C
C0900B98
C090CB5F
C0918D76
C09251DD
C093189A
C093E1AC
C094AD18
C0957ADD
C0964AFD
C0971D79
C097F252
C098C987
C099A318
C09A7F04
C09B5D4A
C09C3DE9
C09D20DE
C09E0626
C09EEDC0
C09FD7A7
C0A0C3D8
C0A1B24E
C0A2A305
C0A395F8
C0A48B20
C0A58279
C0A67BFC
C0A777A1
C0A87562
C0A97537
C0AA7719
C0AB7AFE
C0AC80DF
C0AD88B2
C0AE926F
C0AF9E0C
C0B0AB7E
C0B1BABD
C0B2CBBD
C0B3DE75
C0B4F2DA
C0B608E1
C0B72080
C0B839AB
C0B95458
C0BA707B
C0BB8E0A
C0BCACF9
C0BDCD3E
C0BEEECC
C0C0119A
C0C1359C
C0C25AC8
C0C38112
C0C4A871
C0C5D0D9
C0C6FA41
C0C8249F
C0C94FE8
C0CA7C12
C0CBA915
C0CCD6E7
C0CE057E
C0CF34D3
C0D064DB
C0D19590
C0D2C6E8
C0D3F8DC
C0D52B65
C0D65E7A
C0D79214
C0D8C62D
C0D9FABE
C0DB2FC1
C0DC652F
C0DD9B03
C0DED136
C0E007C4
C0E13EA7
C0E275D9
C0E3AD57
C0E4E51C
C0E61D23
C0E75568
C0E88DE8
C0E9C69E
C0EAFF86
C0EC389E
C0ED71E2
C0EEAB50
C0EFE4E3
C0F11E9A
C0F25872
C0F39269
C0F4CC7B
C0F606A7
C0F740EC
C0F87B46
C0F9B5B4
C0FAF034
C0FC2AC6
C0FD6566
C0FEA014
C0FFDACF
C1008ACB
C1012833
C101C59F
C1026310
C1030084
C1039DFB
C1043B75
C104D8F1
C105766F
C10613EF
C106B170
C1074EF2
C107EC75
C10889F8
C109277C
C109C500
C10A6284
C10B0007
C10B9D8B
C10C3B0D
C10CD890
C10D7611
C10E1392
C10EB111
C10F4E90
C10FEC0E
C110898A
C1112706
C111C480
C11261F9
C112FF70
C1139CE6
C1143A5B
C114D7CF
C1157541
C11612B1
C116B021
C1174D8E
C117EAFB
C1188866
C11925CF
C119C338
C11A609E
C11AFE04
C11B9B68
C11C38CB
C11CD62C
C11D738C
C11E10EB
C11EAE48
C11F4BA5
C11FE900
C120865A
C12123B2
C121C10A
C1225E60
C122FBB6
C123990A
C124365D
C124D3AF
C05566CD
C0560CF6
C056B428
C0575C6E
C05805D1
C058B05A
C0595C13
C05A0907
C05AB740
C05B66C9
C05C17AB
C05CC9F2
C05D7DA9
C05E32DB
C05EE993
C05FA1DD
C0605BC3
C0611753
C061D496
C062939A
C063546B
C0641713
C064DB9F
C065A21D
C0666A97
C067351A
C06801B3
C068D06E
C069A159
C06A747F
C06B49ED
C06C21B2
C06CFBD8
C06DD86E
C06EB781
C06F991E
C0707D51
C071642A
C0724DB3
C07339FD
C0742913
C0751B03
C0760FDB
C07707A9
C078027A
C079005C
C07A015D
C07B058A
C07C0CF2
C07D17A1
C07E25A6
C07F370E
C08025F4
C080B220
C0814012
C081CFD2
C0826165
C082F4D2
C0838A20
C0842156
C084BA7A
C0855593
C085F2A7
C08691BB
C08732D7
C087D601
C0887B3D
C0892293
C089CC07
C08A77A0
C08B2562
C08BD552
C08C8776
C08D3BD3
C08DF26B
C08EAB45
C08F6664
C09023CB
C090E37F
C091A582
C09269D7
C0933081
C093F982
C094C4DC
C0959290
C09662A0
C097350D
C09809D6
C098E0FC
C099BA7F
C09A965E
C09B7497
C09C5529
C09D3812
C09E1D4F
C09F04DD
C09FEEBA
C0A0DAE1
C0A1C94D
C0A2B9FB
C0A3ACE5
C0A4A206
C0A59956
C0A692D2
C0A78E70
C0A88C2B
C0A98BFA
C0AA8DD6
C0AB91B7
C0AC9793
C0AD9F62
C0AEA91B
C0AFB4B4
C0B0C223
C0B1D15F
C0B2E25D
C0B3F513
C0B50976
C0B61F7C
C0B73719
C0B85043
C0B96AEF
C0BA8712
C0BBA4A1
C0BCC390
C0BDE3D5
C0BF0564
C0C02833
C0C14C36
C0C27163
C0C397AE
C0C4BF0F
C0C5E779
C0C710E3
C0C83B42
C0C9668D
C0CA92BA
C0CBBFBF
C0CCED93
C0CE1C2D
C0CF4B84
C0D07B8F
C0D1AC47
C0D2DDA2
C0D40F99
C0D54224
C0D6753C
C0D7A8D9
C0D8DCF5
C0DA118A
C0DB468F
C0DC7C00
C0DDB1D7
C0DEE80D
C0E01E9E
C0E15584
C0E28CBA
C0E3C43B
C0E4FC02
C0E6340C
C0E76C54
C0E8A4D7
C0E9DD8F
C0EB167B
C0EC4F96
C0ED88DD
C0EEC24D
C0EFFBE3
C0F1359D
C0F26F77
C0F3A970
C0F4E385
C0F61DB4
C0F757FA
C0F89257
C0F9CCC7
C0FB074A
C0FC41DD
C0FD7C80
C0FEB730
C0FFF1ED
C100965B
C10133C4
C101D131
C1026EA3
C1030C18
C103A990
C104470A
C104E487
C1058206
C1061F87
C106BD09
C1075A8C
C107F80F
C1089593
C1093318
C109D09C
C10A6E21
C10B0BA5
C10BA929
C10C46AD
C10CE42F
C10D81B1
C10E1F33
C10EBCB3
C10F5A32
C10FF7B0
C110952D
C11132A9
C111D024
C1126D9D
C1130B15
C113A88C
C1144601
C114E375
C11580E7
C1161E58
C116BBC8
C1175936
C117F6A3
C118940E
C1193178
C119CEE1
C11A6C48
C11B09AD
C11BA712
C11C4475
C11CE1D6
C11D7F37
C11E1C96
C11EB9F4
C11F5750
C11FF4AB
C1209205
C1212F5E
C121CCB6
C1226A0D
C1230762
C123A4B6
C124420A
C124DF5C
C055AC4F
C056523A
C056F92D
C057A132
C0584A53
C058F499
C059A00F
C05A4CBE
C05AFAB2
C05BA9F4
C05C5A8F
C05D0C8F
C05DBFFE
C05E74E7
C05F2B56
C05FE357
C0609CF4
C0615839
C0621533
C062D3EC
C0639472
C06456CF
C0651B11
C065E143
C066A972
C06773AB
C0683FF9
C0690E6A
C069DF0A
C06AB1E5
C06B870A
C06C5E84
C06D3861
C06E14AD
C06EF377
C06FD4CB
C070B8B6
C0719F46
C0728888
C073748A
C0746359
C0755503
C0764996
C077411E
C0783BAA
C0793948
C07A3A05
C07B3DEF
C07C4514
C07D4F81
C07E5D45
C07F6E6C
C0804183
C080CD8F
C0815B62
C081EB03
C0827C77
C0830FC6
C083A4F7
C0843C10
C084D517
C0857013
C0860D0B
C086AC04
C0874D04
C087F013
C0889535
C0893C71
C089E5CC
C08A914C
C08B3EF5
C08BEECE
C08CA0DB
C08D5520
C08E0BA2
C08EC466
C08F7F6F
C0903CC2
C090FC61
C091BE50
C0928292
C0934929
C0941218
C094DD60
C095AB03
C0967B03
C0974D5F
C0982219
C098F930
C099D2A4
C09AAE75
C09B8CA0
C09C6D25
C09D5002
C09E3533
C09F1CB6
C0A00688
C0A0F2A4
C0A1E107
C0A2D1AC
C0A3C48D
C0A4B9A5
C0A5B0EE
C0A6AA62
C0A7A5F9
C0A8A3AD
C0A9A376
C0AAA54D
C0ABA928
C0ACAEFF
C0ADB6CA
C0AEC07F
C0AFCC14
C0B0D981
C0B1E8B9
C0B2F9B5
C0B40C69
C0B520CA
C0B636CE
C0B74E6B
C0B86794
C0B98240
C0BA9E62
C0BBBBF1
C0BCDAE0
C0BDFB25
C0BF1CB5
C0C03F85
C0C16389
C0C288B7
C0C3AF04
C0C4D666
C0C5FED2
C0C7283E
C0C8529F
C0C97DED
C0CAAA1C
C0CBD723
C0CD04FA
C0CE3397
C0CF62F0
C0D092FE
C0D1C3B8
C0D2F516
C0D42710
C0D5599E
C0D68CB9
C0D7C05A
C0D8F479
C0DA2911
C0DB5E19
C0DC938E
C0DDC968
C0DEFFA1
C0E03635
C0E16D1E
C0E2A457
C0E3DBDB
C0E513A6
C0E64BB3
C0E783FE
C0E8BC83
C0E9F53F
C0EB2E2D
C0EC674B
C0EDA095
C0EEDA07
C0F013A0
C0F14D5D
C0F2873A
C0F3C136
C0F4FB4D
C0F6357E
C0F76FC8
C0F8AA26
C0F9E499
C0FB1F1E
C0FC59B4
C0FD9459
C0FECF0C
C10004E5
C100A24A
C1013FB5
C101DD23
C1027A96
C103180B
C103B584
C1045300
C104F07E
C1058DFE
C1062B7F
C106C902
C1076685
C108040A
C108A18F
C1093F14
C109DC99
C10A7A1E
C10B17A3
C10BB528
C10C52AC
C10CF030
C10D8DB2
C10E2B34
C10EC8B5
C10F6635
C11003B3
C110A131
C1113EAD
C111DC28
C11279A2
C113171B
C113B492
C1145207
C114EF7C
C1158CEE
C1162A60
C116C7D0
C117653E
C11802AB
C118A017
C1193D81
C119DAEA
C11A7852
C11B15B8
C11BB31C
C11C507F
C11CEDE1
C11D8B42
C11E28A1
C11EC5FF
C11F635C
C12000B8
C1209E12
C1213B6B
C121D8C3
C122761A
C123136F
C123B0C4
C1244E17
C124EB6A
C055F411
C05699BA
C057406A
C057E82C
C0589108
C0593B08
C059E637
C05A929F
C05B404A
C05BEF43
C05C9F95
C05D514A
C05E046E
C05EB90C
C05F6F2F
C06026E3
C060E034
C0619B2C
C06257D8
C0631645
C063D67D
C064988D
C0655C81
C0662266
C066EA47
C067B432
C0688033
C0694E57
C06A1EA9
C06AF138
C06BC610
C06C9D3D
C06D76CE
C06E52CF
C06F314D
C0701255
C070F5F5
C071DC3B
C072C533
C073B0EB
C0749F71
C07590D2
C076851D
C0777C5D
C07876A2
C07973FA
C07A7471
C07B7815
C07C7EF5
C07D891F
C07E969F
C07FA784
C0805DEE
C080E9DA
C081778D
C082070D
C0829862
C0832B92
C083C0A4
C084579F
C084F088
C0858B67
C0862841
C086C71E
C0876803
C0880AF6
C088AFFD
C089571F
C08A005F
C08AABC5
C08B5956
C08C0916
C08CBB0A
C08D6F38
C08E25A3
C08EDE51
C08F9944
C0905681
C091160B
C091D7E6
C0929C14
C0936298
C0942B74
C094F6AA
C095C43B
C0969429
C0976675
C0983B1F
C0991227
C099EB8C
C09AC74E
C09BA56C
C09C85E4
C09D68B3
C09E4DD8
C09F3550
C0A01F16
C0A10B28
C0A1F981
C0A2EA1C
C0A3DCF4
C0A4D203
C0A5C944
C0A6C2B0
C0A7BE41
C0A8BBEE
C0A9BBB1
C0AABD82
C0ABC158
C0ACC72B
C0ADCEF1
C0AED8A2
C0AFE433
C0B0F19C
C0B200D2
C0B311CB
C0B4247D
C0B538DD
C0B64EDF
C0B7667A
C0B87FA3
C0B99A4E
C0BAB670
C0BBD3FF
C0BCF2EF
C0BE1334
C0BF34C5
C0C05795
C0C17B9B
C0C2A0CA
C0C3C719
C0C4EE7C
C0C616EA
C0C74058
C0C86ABC
C0C9960B
C0CAC23D
C0CBEF47
C0CD1D20
C0CE4BC0
C0CF7B1C
C0D0AB2D
C0D1DBEB
C0D30D4C
C0D43F49
C0D571DA
C0D6A4F8
C0D7D89C
C0D90CBE
C0DA4159
C0DB7665
C0DCABDD
C0DDE1BA
C0DF17F7
C0E04E8E
C0E1857A
C0E2BCB6
C0E3F43D
C0E52C0B
C0E6641C
C0E79C6A
C0E8D4F2
C0EA0DB1
C0EB46A2
C0EC7FC3
C0EDB910
C0EEF286
C0F02C22
C0F165E1
C0F29FC1
C0F3D9BF
C0F513DA
C0F64E0E
C0F78859
C0F8C2BB
C0F9FD30
C0FB37B8
C0FC7250
C0FDACF7
C0FEE7AC
C1001137
C100AE9D
C1014C08
C101E978
C10286EB
C1032462
C103C1DC
C1045F59
C104FCD7
C1059A58
C10637DA
C106D55E
C10772E2
C1081067
C108ADED
C1094B73
C109E8F9
C10A867F
C10B2405
C10BC18A
C10C5F0F
C10CFC93
C10D9A16
C10E3799
C10ED51A
C10F729A
C110101A
C110AD98
C1114B15
C111E890
C112860B
C1132383
C113C0FB
C1145E71
C114FBE6
C1159959
C11636CB
C116D43B
C11771AA
C1180F18
C118AC84
C11949EE
C119E757
C11A84BF
C11B2225
C11BBF8A
C11C5CEE
C11CFA50
C11D97B1
C11E3511
C11ED26F
C11F6FCC
C1200D28
C120AA82
C12147DB
C121E534
C122828B
C1231FE0
C123BD35
C1245A89
C124F7DB
C0563E20
C056E385
C05789F0
C058316A
C058D9FE
C05983B6
C05A2E9B
C05ADAB8
C05B8818
C05C36C4
C05CE6C9
C05D9831
C05E4B07
C05EFF56
C05FB52B
C0606C8F
C0612590
C061E039
C0629C95
C0635AB1
C0641A99
C064DC59
C0659FFD
C0666591
C0672D22
C067F6BD
C068C26E
C0699041
C06A6044
C06B3283
C06C070C
C06CDDEA
C06DB72C
C06E92DE
C06F710E
C07051C9
C071351C
C0721B14
C07303C0
C073EF2C
C074DD67
C075CE7D
C076C27C
C077B973
C078B36F
C079B07E
C07AB0AD
C07BB40A
C07CBAA3
C07DC486
C07ED1C1
C07FE262
C0807B3B
C0810705
C0819497
C08223F6
C082B52B
C083483B
C083DD2E
C0847409
C0850CD4
C085A794
C0864451
C086E310
C08783D8
C08826AF
C088CB9B
C08972A0
C08A1BC6
C08AC712
C08B7489
C08C242F
C08CD60B
C08D8A20
C08E4074
C08EF90A
C08FB3E7
C090710E
C0913083
C091F248
C092B662
C0937CD2
C094459B
C09510BE
C095DE3D
C096AE1A
C0978054
C09854EE
C0992BE6
C09A053C
C09AE0EF
C09BBEFF
C09C9F69
C09D822C
C09E6744
C09F4EB0
C0A0386B
C0A12472
C0A212C0
C0A30351
C0A3F620
C0A4EB27
C0A5E25F
C0A6DBC4
C0A7D74D
C0A8D4F4
C0A9D4B0
C0AAD67B
C0ABDA4C
C0ACE019
C0ADE7DB
C0AEF188
C0AFFD16
C0B10A7B
C0B219AF
C0B32AA5
C0B43D55
C0B551B2
C0B667B4
C0B77F4E
C0B89876
C0B9B320
C0BACF42
C0BBECD1
C0BD0BC1
C0BE2C07
C0BF4D98
C0C0706A
C0C19470
C0C2B9A1
C0C3DFF2
C0C50757
C0C62FC7
C0C75937
C0C8839D
C0C9AEEF
C0CADB24
C0CC0830
C0CD360C
C0CE64AF
C0CF940E
C0D0C422
C0D1F4E3
C0D32647
C0D45847
C0D58ADC
C0D6BDFD
C0D7F1A4
C0D925CA
C0DA5A68
C0DB8F78
C0DCC4F3
C0DDFAD3
C0DF3114
C0E067AE
C0E19E9E
C0E2D5DD
C0E40D68
C0E54539
C0E67D4D
C0E7B59F
C0E8EE2A
C0EA26EC
C0EB5FE1
C0EC9905
C0EDD255
C0EF0BCE
C0F0456D
C0F17F2F
C0F2B912
C0F3F313
C0F52D30
C0F66767
C0F7A1B5
C0F8DC19
C0FA1691
C0FB511B
C0FC8BB6
C0FDC660
C0FF0117
C1001DED
C100BB55
C10158C1
C101F632
C10293A6
C103311E
C103CE99
C1046C17
C1050996
C105A718
C106449B
C106E220
C1077FA5
C1081D2B
C108BAB2
C1095838
C109F5BF
C10A9346
C10B30CC
C10BCE52
C10C6BD8
C10D095C
C10DA6E0
C10E4463
C10EE1E5
C10F7F66
C1101CE6
C110BA65
C11157E2
C111F55E
C11292D9
C1133053
C113CDCB
C1146B41
C11508B6
C115A62A
C116439C
C116E10D
C1177E7C
C1181BEA
C118B957
C11956C2
C119F42B
C11A9193
C11B2EFA
C11BCC5F
C11C69C3
C11D0725
C11DA487
C11E41E6
C11EDF45
C11F7CA2
C12019FE
C120B759
C12154B2
C121F20B
C1228F62
C1232CB8
C123CA0D
C1246761
C12504B4
C0568A8C
C0572FA9
C057D5CB
C0587CFC
C0592545
C059CEB0
C05A7948
C05B2518
C05BD228
C05C8086
C05D303A
C05DE151
C05E93D6
C05F47D4
C05FFD56
C060B469
C0616D17
C062276D
C062E377
C063A140
C06460D4
C0652241
C065E591
C066AAD2
C0677211
C0683B58
C06906B6
C069D437
C06AA3E7
C06B75D4
C06C4A0A
C06D2097
C06DF988
C06ED4E9
C06FB2C8
C0709332
C0717635
C0725BDF
C073443B
C0742F59
C0751D46
C0760E0E
C07701C1
C077F86C
C078F21C
C079EEE0
C07AEEC4
C07BF1D8
C07CF828
C07E01C3
C07F0EB7
C0800F88
C080996F
C0812517
C081B286
C08241C4
C082D2D7
C08365C7
C083FA99
C0849154
C08529FF
C085C4A1
C086613F
C086FFE0
C087A08A
C0884344
C088E813
C0898EFD
C08A3807
C08AE338
C08B9094
C08C4020
C08CF1E3
C08DA5DF
C08E5C1A
C08F1499
C08FCF5E
C0908C6E
C0914BCD
C0920D7D
C092D182
C09397DD
C0946092
C0952BA2
C095F90F
C096C8D9
C0979B03
C0986F8B
C0994673
C09A1FB9
C09AFB5D
C09BD95F
C09CB9BB
C09D9C70
C09E817C
C09F68DB
C0A0528B
C0A13E86
C0A22CCA
C0A31D51
C0A41016
C0A50514
C0A5FC44
C0A6F5A1
C0A7F123
C0A8EEC2
C0A9EE79
C0AAF03E
C0ABF409
C0ACF9D1
C0AE018E
C0AF0B37
C0B016C1
C0B12424
C0B23354
C0B34448
C0B456F5
C0B56B51
C0B68151
C0B798EA
C0B8B211
C0B9CCBB
C0BAE8DD
C0BC066C
C0BD255C
C0BE45A3
C0BF6736
C0C08A08
C0C1AE10
C0C2D343
C0C3F995
C0C520FC
C0C6496F
C0C772E1
C0C89D49
C0C9C89E
C0CAF4D5
C0CC21E4
C0CD4FC4
C0CE7E69
C0CFADCC
C0D0DDE3
C0D20EA6
C0D3400E
C0D47212
C0D5A4AA
C0D6D7CF
C0D80B79
C0D93FA3
C0DA7444
C0DBA958
C0DCDED6
C0DE14BA
C0DF4AFE
C0E0819C
C0E1B88F
C0E2EFD2
C0E42761
C0E55F36
C0E6974D
C0E7CFA2
C0E90831
C0EA40F6
C0EB79EE
C0ECB315
C0EDEC68
C0EF25E4
C0F05F86
C0F1994C
C0F2D332
C0F40D36
C0F54756
C0F68190
C0F7BBE1
C0F8F648
C0FA30C2
C0FB6B4F
C0FCA5EC
C0FDE099
C0FF1B53
C1002B0C
C100C875
C10165E2
C1020354
C102A0CA
C1033E43
C103DBBF
C104793D
C10516BE
C105B441
C10651C5
C106EF4A
C1078CD0
C1082A57
C108C7DF
C1096566
C10A02EE
C10AA075
C10B3DFD
C10BDB83
C10C790A
C10D168F
C10DB414
C10E5197
C10EEF1A
C10F8C9C
C1102A1C
C110C79B
C1116519
C1120296
C112A011
C1133D8B
C113DB04
C114787B
C11515F0
C115B364
C11650D7
C116EE48
C1178BB8
C1182926
C118C693
C11963FE
C11A0168
C11A9ED1
C11B3C38
C11BD99D
C11C7701
C11D1464
C11DB1C6
C11E4F26
C11EEC85
C11F89E2
C120273E
C120C499
C12161F3
C121FF4C
C1229CA3
C12339F9
C123D74F
C12474A3
C12511F6
C056D965
C0577E37
C058240D
C058CAF0
C05972EA
C05A1C06
C05AC64E
C05B71CC
C05C1E8A
C05CCC95
C05D7BF6
C05E2CBA
C05EDEEA
C05F9293
C06047C0
C060FE7E
C061B6D6
C06270D6
C0632C8A
C063E9FD
C064A93B
C0656A51
C0662D4C
C066F237
C067B91F
C0688211
C0694D19
C06A1A44
C06AE99F
C06BBB37
C06C8F19
C06D6551
C06E3DED
C06F18FB
C06FF687
C070D69E
C071B94F
C0729EA6
C07386B1
C074717E
C0755F1B
C0764F94
C07742F7
C0783954
C07932B6
C07A2F2C
C07B2EC4
C07C318C
C07D3791
C07E40E2
C07F4D8C
C0802ECE
C080B891
C0814415
C081D161
C082607D
C082F16E
C083843B
C08418EC
C084AF86
C0854811
C085E292
C0867F11
C0871D93
C087BE1F
C08860BB
C089056C
C089AC39
C08A5527
C08B003C
C08BAD7C
C08C5CEE
C08D0E96
C08DC279
C08E789B
C08F3101
C08FEBAF
C090A8A8
C09167F0
C092298A
C092ED79
C093B3C0
C0947C60
C095475C
C09614B6
C096E46E
C097B685
C0988AFD
C09961D3
C09A3B0A
C09B169F
C09BF491
C09CD4DF
C09DB786
C09E9C85
C09F83D8
C0A06D7B
C0A1596B
C0A247A4
C0A33821
C0A42ADD
C0A51FD1
C0A616F9
C0A7104D
C0A80BC8
C0A90960
C0AA0910
C0AB0ACF
C0AC0E95
C0AD1458
C0AE1C11
C0AF25B5
C0B0313C
C0B13E9B
C0B24DC8
C0B35EBA
C0B47165
C0B585BF
C0B69BBD
C0B7B355
C0B8CC7C
C0B9E725
C0BB0347
C0BC20D6
C0BD3FC7
C0BE600F
C0BF81A2
C0C0A476
C0C1C87F
C0C2EDB4
C0C41408
C0C53B71
C0C663E6
C0C78D5A
C0C8B7C5
C0C9E31D
C0CB0F57
C0CC3C69
C0CD6A4B
C0CE98F4
C0CFC85A
C0D0F875
C0D2293C
C0D35AA7
C0D48CAE
C0D5BF4A
C0D6F272
C0D82621
C0D95A4E
C0DA8EF3
C0DBC40A
C0DCF98C
C0DE2F74
C0DF65BC
C0E09C5E
C0E1D354
C0E30A9B
C0E4422D
C0E57A06
C0E6B220
C0E7EA79
C0E9230C
C0EA5BD4
C0EB94D0
C0ECCDFA
C0EE0751
C0EF40D0
C0F07A76
C0F1B43E
C0F2EE27
C0F4282F
C0F56252
C0F69C8E
C0F7D6E2
C0F9114C
C0FA4BCA
C0FB8659
C0FCC0F9
C0FDFBA8
C0FF3665
C1003897
C100D600
C101736F
C10210E2
C102AE59
C1034BD3
C103E950
C10486D0
C1052452
C105C1D5
C1065F5A
C106FCE1
C1079A68
C10837F0
C108D578
C1097300
C10A1089
C10AAE11
C10B4B99
C10BE921
C10C86A8
C10D242E
C10DC1B3
C10E5F37
C10EFCBB
C10F9A3D
C11037BE
C110D53E
C11172BC
C112103A
C112ADB6
C1134B30
C113E8A9
C1148621
C1152397
C115C10B
C1165E7E
C116FBF0
C1179960
C11836CF
C118D43C
C11971A8
C11A0F12
C11AAC7B
C11B49E2
C11BE748
C11C84AD
C11D2210
C11DBF71
C11E5CD2
C11EFA31
C11F978F
C12034EB
C120D247
C1216FA1
C1220CF9
C122AA51
C12347A8
C123E4FD
C1248251
C1251FA4
C0572AB9
C057CF3C
C05874C2
C0591B55
C059C2FD
C05A6BC6
C05B15BA
C05BC0E3
C05C6D4C
C05D1B01
C05DCA0C
C05E7A78
C05F2C51
C05FDFA2
C0609477
C0614ADB
C06202DB
C062BC82
C06377DC
C06434F6
C064F3DB
C065B498
C066773A
C0673BCC
C068025B
C068CAF4
C06995A3
C06A6276
C06B3179
C06C02B9
C06CD643
C06DAC25
C06E846A
C06F5F21
C0703C57
C0711C19
C071FE75
C072E378
C073CB2F
C074B5A9
C075A2F2
C0769319
C077862B
C0787C36
C0797549
C07A716F
C07B70B9
C07C7332
C07D78EA
C07E81EE
C07F8E4C
C0804F09
C080D8A7
C0816406
C081F12E
C0828026
C08310F3
C083A39E
C084382C
C084CEA5
C085670E
C086016F
C0869DCD
C0873C2F
C087DC9C
C0887F19
C08923AC
C089CA5B
C08A732C
C08B1E24
C08BCB49
C08C7A9F
C08D2C2C
C08DDFF5
C08E95FD
C08F4E4A
C09008DF
C090C5C0
C09184F1
C0924674
C0930A4D
C093D07E
C094990A
C09563F2
C0963138
C09700DD
C097D2E2
C098A748
C0997E0E
C09A5733
C09B32B8
C09C109B
C09CF0DA
C09DD374
C09EB865
C09F9FAB
C0A08942
C0A17527
C0A26355
C0A353C7
C0A44679
C0A53B64
C0A63283
C0A72BCF
C0A82742
C0A924D3
C0AA247D
C0AB2635
C0AC29F5
C0AD2FB3
C0AE3767
C0AF4107
C0B04C8A
C0B159E6
C0B26910
C0B379FF
C0B48CA9
C0B5A101
C0B6B6FE
C0B7CE95
C0B8E7BB
C0BA0264
C0BB1E86
C0BC3C15
C0BD5B07
C0BE7B4F
C0BF9CE4
C0C0BFB9
C0C1E3C4
C0C308FA
C0C42F50
C0C556BC
C0C67F33
C0C7A8AA
C0C8D318
C0C9FE72
C0CB2AAF
C0CC57C5
C0CD85AA
C0CEB456
C0CFE3BF
C0D113DE
C0D244A8
C0D37617
C0D4A822
C0D5DAC1
C0D70DEE
C0D841A0
C0D975D1
C0DAAA7A
C0DBDF95
C0DD151B
C0DE4B07
C0DF8153
C0E0B7F8
C0E1EEF3
C0E3263E
C0E45DD4
C0E595B0
C0E6CDCE
C0E8062B
C0E93EC1
C0EA778D
C0EBB08C
C0ECE9BB
C0EE2315
C0EF5C97
C0F09640
C0F1D00C
C0F309F9
C0F44403
C0F57E29
C0F6B869
C0F7F2C0
C0F92D2D
C0FA67AE
C0FBA240
C0FCDCE3
C0FE1795
C0FF5254
C100468F
C100E3FA
C101816A
C1021EDF
C102BC57
C10359D2
C103F750
C10494D1
C1053254
C105CFD9
C1066D5F
C1070AE6
C107A86E
C10845F7
C108E380
C1098109
C10A1E93
C10ABC1C
C10B59A5
C10BF72D
C10C94B5
C10D323C
C10DCFC2
C10E6D47
C10F0ACB
C10FA84E
C11045D0
C110E350
C11180CF
C1121E4D
C112BBC9
C1135944
C113F6BE
C1149436
C11531AD
C115CF22
C1166C95
C1170A07
C117A778
C11844E7
C118E255
C1197FC1
C11A1D2B
C11ABA95
C11B57FC
C11BF563
C11C92C7
C11D302B
C11DCD8D
C11E6AEE
C11F084D
C11FA5AB
C1204308
C120E063
C1217DBE
C1221B17
C122B86F
C12355C5
C123F31B
C1249070
C1252DC3
C0577E97
C05822C9
C058C7FB
C0596E39
C05A158C
C05ABDFF
C05B679B
C05C126C
C05CBE7D
C05D6BD8
C05E1A89
C05ECA9A
C05F7C18
C0602F0E
C060E387
C0619990
C0625134
C0630A7F
C063C57D
C064823A
C06540C3
C0660124
C066C369
C067879F
C0684DD2
C069160F
C069E063
C06AACDB
C06B7B83
C06C4C68
C06D1F98
C06DF51F
C06ECD0B
C06FA769
C0708447
C07163B1
C07245B5
C0732A60
C07411C1
C074FBE5
C075E8D9
C076D8AB
C077CB69
C078C121
C079B9E1
C07AB5B6
C07BB4AE
C07CB6D7
C07DBC3F
C07EC4F5
C07FD105
C080703F
C080F9B6
C08184F0
C08211F3
C082A0C6
C083316F
C083C3F6
C0845861
C084EEB6
C08586FD
C086213C
C086BD79
C0875BBB
C087FC07
C0889E64
C08942D8
C089E969
C08A921C
C08B3CF7
C08BE9FF
C08C9939
C08D4AAA
C08DFE58
C08EB446
C08F6C79
C09026F5
C090E3BE
C091A2D6
C0926442
C0932805
C093EE20
C094B696
C0958169
C0964E9B
C0971E2D
C097F01F
C098C472
C0999B27
C09A743C
C09B4FB0
C09C2D84
C09D0DB4
C09DF03F
C09ED523
C09FBC5B
C0A0A5E6
C0A191BF
C0A27FE2
C0A37049
C0A462F1
C0A557D2
C0A64EE8
C0A7482C
C0A84397
C0A94121
C0AA40C4
C0AB4276
C0AC4630
C0AD4BE9
C0AE5398
C0AF5D34
C0B068B3
C0B1760C
C0B28533
C0B39620
C0B4A8C7
C0B5BD1D
C0B6D319
C0B7EAAF
C0B903D4
C0BA1E7E
C0BB3A9F
C0BC582F
C0BD7721
C0BE976B
C0BFB900
C0C0DBD7
C0C1FFE4
C0C3251C
C0C44B74
C0C572E2
C0C69B5C
C0C7C4D6
C0C8EF46
C0CA1AA4
C0CB46E4
C0CC73FD
C0CDA1E6
C0CED095
C0D00002
C0D13024
C0D260F3
C0D39265
C0D4C474
C0D5F717
C0D72A48
C0D85DFE
C0D99233
C0DAC6E0
C0DBFBFF
C0DD318A
C0DE677A
C0DF9DC9
C0E0D473
C0E20B72
C0E342C0
C0E47A5A
C0E5B23A
C0E6EA5D
C0E822BD
C0E95B57
C0EA9427
C0EBCD2A
C0ED065C
C0EE3FBA
C0EF7940
C0F0B2EC
C0F1ECBC
C0F326AC
C0F460BA
C0F59AE3
C0F6D526
C0F80F81
C0F949F0
C0FA8474
C0FBBF09
C0FCF9AF
C0FE3464
C0FF6F26
C10054FA
C100F266
C1018FD7
C1022D4D
C102CAC6
C1036843
C10405C2
C104A344
C10540C8
C105DE4E
C1067BD5
C107195E
C107B6E7
C1085470
C108F1FB
C1098F85
C10A2D0F
C10ACA99
C10B6823
C10C05AC
C10CA334
C10D40BC
C10DDE43
C10E7BC9
C10F194E
C10FB6D1
C1105454
C110F1D5
C1118F54
C1122CD3
C112CA50
C11367CC
C1140546
C114A2BE
C1154035
C115DDAB
C1167B1F
C1171892
C117B603
C1185372
C118F0E0
C1198E4D
C11A2BB8
C11AC921
C11B6689
C11C03F0
C11CA155
C11D3EB9
C11DDC1B
C11E797D
C11F16DC
C11FB43B
C1205198
C120EEF4
C1218C4E
C12229A7
C122C700
C1236457
C12401AC
C1249F01
C1253C55
C057D510
C05878EB
C0591DC7
C059C3AD
C05A6AA7
C05B12BF
C05BBC01
C05C6676
C05D122A
C05DBF29
C05E6D7C
C05F1D2F
C05FCE4F
C06080E6
C0613500
C061EAAA
C062A1EE
C0635ADA
C0641578
C064D1D6
C0658FFF
C0665001
C06711E6
C067D5BD
C0689B91
C0696370
C06A2D65
C06AF97E
C06BC7C9
C06C9850
C06D6B23
C06E404E
C06F17DE
C06FF1E0
C070CE62
C071AD71
C0728F1B
C073736D
C0745A75
C0754440
C07630DC
C0772057
C07812BF
C0790821
C07A008B
C07AFC0C
C07BFAB1
C07CFC87
C07E019D
C07F0A02
C0800AE1
C0809276
C0811BC6
C081A6D9
C08233B6
C082C262
C08352E7
C083E549
C084798F
C0850FC1
C085A7E5
C0864201
C086DE1C
C0877C3C
C0881C67
C088BEA4
C08962F8
C08A0969
C08AB1FD
C08B5CBA
C08C09A4
C08CB8C1
C08D6A17
C08E1DA9
C08ED37C
C08F8B94
C09045F6
C09102A6
C091C1A6
C09282FA
C09346A5
C0940CAA
C094D50A
C0959FC8
C0966CE5
C0973C63
C0980E42
C098E283
C099B925
C09A9229
C09B6D8D
C09C4B50
C09D2B71
C09E0DED
C09EF2C3
C09FD9EE
C0A0C36C
C0A1AF39
C0A29D50
C0A38DAD
C0A4804A
C0A57522
C0A66C2F
C0A7656A
C0A860CD
C0A95E50
C0AA5DEB
C0AB5F97
C0AC634C
C0AD68FF
C0AE70AA
C0AF7A41
C0B085BD
C0B19312
C0B2A236
C0B3B320
C0B4C5C5
C0B5DA1A
C0B6F015
C0B807AA
C0B920CF
C0BA3B78
C0BB579A
C0BC752A
C0BD941D
C0BEB467
C0BFD5FE
C0C0F8D7
C0C21CE5
C0C3421F
C0C4687A
C0C58FEB
C0C6B867
C0C7E1E4
C0C90C57
C0CA37B8
C0CB63FB
C0CC9118
C0CDBF04
C0CEEDB7
C0D01D28
C0D14D4E
C0D27E21
C0D3AF97
C0D4E1AA
C0D61452
C0D74786
C0D87B41
C0D9AF7A
C0DAE42C
C0DC194F
C0DD4EDD
C0DE84D1
C0DFBB25
C0E0F1D3
C0E228D6
C0E36029
C0E497C7
C0E5CFAB
C0E707D2
C0E84036
C0E978D4
C0EAB1A9
C0EBEAAF
C0ED23E5
C0EE5D47
C0EF96D1
C0F0D081
C0F20A54
C0F34447
C0F47E59
C0F5B886
C0F6F2CC
C0F82D2A
C0F9679D
C0FAA224
C0FBDCBC
C0FD1765
C0FE521D
C0FF8CE1
C10063D9
C1010147
C1019EB9
C1023C30
C102D9AB
C1037729
C10414A9
C104B22D
C1054FB2
C105ED39
C1068AC1
C107284A
C107C5D5
C108635F
C10900EB
C1099E76
C10A3C01
C10AD98C
C10B7717
C10C14A1
C10CB22A
C10D4FB2
C10DED3A
C10E8AC1
C10F2846
C10FC5CA
C110634E
C11100CF
C1119E50
C1123BCF
C112D94C
C11376C9
C1141443
C114B1BD
C1154F34
C115ECAA
C1168A1F
C1172792
C117C504
C1186274
C118FFE2
C1199D4F
C11A3ABA
C11AD824
C11B758D
C11C12F4
C11CB059
C11D4DBE
C11DEB20
C11E8882
C11F25E2
C11FC340
C120609E
C120FDFA
C1219B55
C12238AE
C122D607
C123735E
C12410B4
C124AE09
C1254B5D
C0582E32
C058D1B4
C0597635
C05A1BBF
C05AC25C
C05B6A17
C05C12FA
C05CBD10
C05D6864
C05E1501
C05EC2F4
C05F7246
C0602303
C060D538
C06188F0
C0623E37
C062F519
C063ADA1
C06467DD
C06523D8
C065E19F
C066A13D
C06762C0
C0682635
C068EBA7
C069B324
C06A7CB8
C06B4870
C06C1659
C06CE680
C06DB8F3
C06E8DBE
C06F64EF
C0703E92
C0711AB6
C071F968
C072DAB5
C073BEAA
C074A556
C0758EC6
C0767B08
C0776A2A
C0785C38
C0795142
C07A4955
C07B447F
C07C42CE
C07D444F
C07E4911
C07F5122
C0802E48
C080B5B4
C0813EDC
C081C9C7
C082567C
C082E503
C0837560
C084079C
C0849BBE
C08531CB
C085C9CA
C08663C3
C086FFBB
C0879DB8
C0883DC1
C088DFDD
C0898410
C08A2A61
C08AD2D6
C08B7D73
C08C2A3F
C08CD93F
C08D8A77
C08E3DED
C08EF3A4
C08FABA1
C09065E9
C091227F
C091E166
C092A2A1
C0936635
C0942C22
C094F46C
C095BF14
C0968C1C
C0975B86
C0982D51
C099017F
C099D80F
C09AB100
C09B8C53
C09C6A06
C09D4A18
C09E2C85
C09F114C
C09FF86A
C0A0E1DB
C0A1CD9B
C0A2BBA6
C0A3ABF8
C0A49E8B
C0A59359
C0A68A5D
C0A7838F
C0A87EEA
C0A97C65
C0AA7BFA
C0AB7D9F
C0AC814E
C0AD86FC
C0AE8EA2
C0AF9835
C0B0A3AC
C0B1B0FE
C0B2C020
C0B3D107
C0B4E3AA
C0B5F7FE
C0B70DF7
C0B8258C
C0B93EB0
C0BA5958
C0BB757B
C0BC930C
C0BDB1FF
C0BED24B
C0BFF3E4
C0C116BE
C0C23ACE
C0C3600B
C0C48668
C0C5ADDB
C0C6D65A
C0C7FFDA
C0C92A51
C0CA55B5
C0CB81FC
C0CCAF1C
C0CDDD0C
C0CF0BC3
C0D03B38
C0D16B62
C0D29C39
C0D3CDB4
C0D4FFCB
C0D63277
C0D765B0
C0D8996E
C0D9CDAC
C0DB0262
C0DC378A
C0DD6D1D
C0DEA315
C0DFD96E
C0E11020
C0E24728
C0E37E7F
C0E4B621
C0E5EE0A
C0E72634
C0E85E9D
C0E9973F
C0EAD018
C0EC0922
C0ED425C
C0EE7BC2
C0EFB550
C0F0EF04
C0F228DB
C0F362D2
C0F49CE7
C0F5D717
C0F71161
C0F84BC2
C0F98639
C0FAC0C3
C0FBFB5F
C0FD360B
C0FE70C6
C0FFAB8D
C1007331
C10110A0
C101AE14
C1024B8C
C102E908
C1038687
C1042409
C104C18E
C1055F14
C105FC9C
C1069A25
C10737B0
C107D53B
C10872C7
C1091053
C109ADE0
C10A4B6C
C10AE8F8
C10B8683
C10C240E
C10CC198
C10D5F22
C10DFCAA
C10E9A32
C10F37B8
C10FD53D
C11072C1
C1111043
C111ADC4
C1124B44
C112E8C2
C113863F
C11423BA
C114C134
C1155EAC
C115FC23
C1169998
C117370C
C117D47E
C11871EE
C1190F5D
C119ACCB
C11A4A37
C11AE7A1
C11B850A
C11C2271
C11CBFD7
C11D5D3C
C11DFA9F
C11E9801
C11F3561
C11FD2C0
C120701E
C1210D7A
C121AAD5
C122482F
C122E588
C12382DF
C1242036
C124BD8B
C1255ADF
C0588A0D
C0592D32
C059D155
C05A767F
C05B1CBB
C05BC414
C05C6C95
C05D1648
C05DC138
C05E6D71
C05F1AFF
C05FC9EC
C0607A44
C0612C13
C061DF65
C0629446
C0634AC1
C06402E4
C064BCB9
C065784E
C06635AF
C066F4E7
C067B605
C0687914
C0693E21
C06A0538
C06ACE68
C06B99BC
C06C6741
C06D3705
C06E0915
C06EDD7D
C06FB44C
C0708D8E
C0716951
C07247A2
C073288F
C0740C26
C074F274
C075DB86
C076C76B
C077B630
C078A7E3
C0799C92
C07A944B
C07B8F1C
C07C8D12
C07D8E3D
C07E92A8
C07F9A63
C08052BE
C080DA00
C08162FF
C081EDC1
C0827A4E
C08308AC
C08398E3
C0842AF8
C084BEF3
C08554DA
C085ECB5
C0868689
C087225C
C087C036
C088601D
C0890216
C089A628
C08A4C58
C08AF4AC
C08B9F2A
C08C4BD7
C08CFAB8
C08DABD2
C08E5F2B
C08F14C5
C08FCCA7
C09086D3
C091434F
C092021C
C092C33E
C09386B9
C0944C8F
C09514C2
C095DF54
C096AC47
C0977B9B
C0984D52
C099216C
C099F7E9
C09AD0C9
C09BAC0B
C09C89AD
C09D69AE
C09E4C0C
C09F30C5
C0A017D5
C0A10138
C0A1ECEC
C0A2DAEB
C0A3CB31
C0A4BDB9
C0A5B27D
C0A6A978
C0A7A2A1
C0A89DF4
C0A99B67
C0AA9AF5
C0AB9C94
C0ACA03D
C0ADA5E6
C0AEAD86
C0AFB715
C0B0C289
C0B1CFD7
C0B2DEF6
C0B3EFDB
C0B5027C
C0B616CE
C0B72CC6
C0B8445A
C0B95D7E
C0BA7827
C0BB9449
C0BCB1DB
C0BDD0D0
C0BEF11D
C0C012B7
C0C13593
C0C259A6
C0C37EE4
C0C4A544
C0C5CCBA
C0C6F53C
C0C81EC0
C0C9493A
C0CA74A1
C0CBA0EC
C0CCCE10
C0CDFC04
C0CF2ABF
C0D05A38
C0D18A67
C0D2BB42
C0D3ECC1
C0D51EDD
C0D6518D
C0D784CA
C0D8B88E
C0D9ECD0
C0DB218B
C0DC56B7
C0DD8C4F
C0DEC24C
C0DFF8A9
C0E12F60
C0E2666C
C0E39DC8
C0E4D56F
C0E60D5C
C0E7458B
C0E87DF8
C0E9B69F
C0EAEF7B
C0EC288A
C0ED61C8
C0EE9B32
C0EFD4C4
C0F10E7C
C0F24857
C0F38252
C0F4BC6B
C0F5F69F
C0F730ED
C0F86B51
C0F9A5CB
C0FAE059
C0FC1AF8
C0FD55A7
C0FE9065
C0FFCB30
C1008304
C1012074
C101BDEA
C1025B64
C102F8E1
C1039661
C10433E5
C104D16A
C1056EF2
C1060C7B
C106AA06
C1074792
C107E51E
C10882AB
C1092039
C109BDC6
C10A5B53
C10AF8E0
C10B966C
C10C33F8
C10CD183
C10D6F0E
C10E0C97
C10EAA1F
C10F47A6
C10FE52C
C11082B1
C1112034
C111BDB6
C1125B36
C112F8B5
C1139633
C11433AE
C114D129
C1156EA2
C1160C19
C116A98F
C1174703
C117E475
C11881E6
C1191F56
C119BCC4
C11A5A30
C11AF79B
C11B9504
C11C326C
C11CCFD2
C11D6D37
C11E0A9B
C11EA7FD
C11F455D
C11FE2BD
C120801B
C1211D77
C121BAD3
C122582D
C122F586
C12392DE
C1243034
C124CD8A
C1256ADE
C058E8B2
C0598B75
C05A2F35
C05AD3FB
C05B79D3
C05C20C7
C05CC8E1
C05D722D
C05E1CB6
C05EC887
C05F75AC
C0602430
C060D41F
C0618585
C062386E
C062ECE5
C063A2F7
C0645AAF
C065141B
C065CF47
C0668C3E
C0674B0D
C0680BC2
C068CE68
C069930D
C06A59BC
C06B2284
C06BED70
C06CBA8F
C06D89EC
C06E5B96
C06F2F99
C0700603
C070DEE1
C071BA40
C072982E
C07378B9
C0745BEE
C07541DA
C0762A8C
C0771611
C0780478
C078F5CD
C079EA1E
C07AE17B
C07BDBF0
C07CD98C
C07DDA5C
C07EDE6F
C07FE5D2
C080784A
C080FF61
C0818835
C08212CE
C0829F31
C0832D66
C083BD74
C0844F62
C084E335
C08578F6
C08610AA
C086AA59
C0874607
C087E3BD
C0888380
C0892556
C089C945
C08A6F53
C08B1786
C08BC1E4
C08C6E71
C08D1D32
C08DCE2E
C08E8169
C08F36E6
C08FEEAB
C090A8BC
C091651C
C09223CF
C092E4D8
C093A83A
C0946DF7
C0953613
C096008E
C096CD6A
C0979CAA
C0986E4C
C0994252
C09A18BC
C09AF189
C09BCCB9
C09CAA4A
C09D8A3B
C09E6C8A
C09F5133
C0A03834
C0A1218A
C0A20D31
C0A2FB24
C0A3EB5F
C0A4DDDC
C0A5D296
C0A6C986
C0A7C2A7
C0A8BDF1
C0A9BB5D
C0AABAE4
C0ABBC7C
C0ACC01F
C0ADC5C2
C0AECD5E
C0AFD6E9
C0B0E258
C0B1EFA3
C0B2FEBF
C0B40FA2
C0B52241
C0B63692
C0B74C89
C0B8641C
C0B97D3F
C0BA97E8
C0BBB40C
C0BCD19E
C0BDF094
C0BF10E2
C0C0327E
C0C1555C
C0C27972
C0C39EB3
C0C4C516
C0C5EC8F
C0C71514
C0C83E9B
C0C96918
C0CA9484
C0CBC0D2
C0CCEDFA
C0CE1BF3
C0CF4AB2
C0D07A30
C0D1AA62
C0D2DB42
C0D40CC6
C0D53EE6
C0D6719B
C0D7A4DD
C0D8D8A6
C0DA0CED
C0DB41AC
C0DC76DE
C0DDAC7A
C0DEE27C
C0E018DE
C0E14F9A
C0E286AB
C0E3BE0B
C0E4F5B7
C0E62DA9
C0E765DC
C0E89E4E
C0E9D6F9
C0EB0FDA
C0EC48EE
C0ED8230
C0EEBB9E
C0EFF534
C0F12EF1
C0F268CF
C0F3A2CE
C0F4DCEB
C0F61724
C0F75175
C0F88BDD
C0F9C65B
C0FB00EC
C0FC3B8F
C0FD7642
C0FEB103
C0FFEBD1
C1009356
C10130C8
C101CE3F
C1026BBA
C1030939
C103A6BB
C1044440
C104E1C7
C1057F50
C1061CDA
C106BA66
C10757F3
C107F581
C108930F
C109309D
C109CE2C
C10A6BBA
C10B0948
C10BA6D5
C10C4462
C10CE1EE
C10D7F79
C10E1D04
C10EBA8D
C10F5815
C10FF59B
C1109321
C11130A5
C111CE27
C1126BA8
C1130928
C113A6A6
C1144423
C114E19E
C1157F17
C1161C8F
C116BA05
C117577A
C117F4ED
C118925F
C1192FCF
C119CD3D
C11A6AAA
C11B0815
C11BA57F
C11C42E7
C11CE04E
C11D7DB3
C11E1B17
C11EB879
C11F55DA
C11FF33A
C1209099
C1212DF6
C121CB51
C12268AC
C1230605
C123A35D
C12440B4
C124DE0A
C1257B5E
C0594A2E
C059EC8C
C05A8FE5
C05B3444
C05BD9B3
C05C803D
C05D27ED
C05DD0CE
C05E7AEC
C05F2651
C05FD30A
C0608122
C06130A4
C061E19D
C0629418
C0634822
C063FDC7
C064B512
C0656E11
C06628D0
C066E55A
C067A3BD
C0686406
C0692640
C069EA79
C06AB0BD
C06B791A
C06C439C
C06D1050
C06DDF44
C06EB085
C06F841F
C0705A21
C0713298
C0720D91
C072EB19
C073CB3E
C074AE0E
C0759397
C0767BE6
C0776709
C078550E
C0794602
C07A39F4
C07B30F2
C07C2B09
C07D2847
C07E28BB
C07F2C73
C08019BE
C0809EF2
C08125DD
C081AE86
C08238F3
C082C52C
C0835337
C083E31B
C08474E0
C085088B
C0859E24
C08635B1
C086CF39
C0876AC2
C0880852
C088A7F0
C08949A2
C089ED6E
C08A935A
C08B3B6B
C08BE5A7
C08C9213
C08D40B5
C08DF192
C08EA4AD
C08F5A0D
C09011B5
C090CBA9
C09187EE
C0924685
C0930774
C093CABC
C0949061
C0955864
C09622C8
C096EF8E
C097BEB7
C0989045
C0996436
C09A3A8D
C09B1347
C09BEE65
C09CCBE4
C09DABC4
C09E8E03
C09F729D
C0A05990
C0A142D8
C0A22E72
C0A31C58
C0A40C87
C0A4FEF9
C0A5F3A9
C0A6EA90
C0A7E3A7
C0A8DEE9
C0A9DC4D
C0AADBCC
C0ABDD5E
C0ACE0FA
C0ADE699
C0AEEE30
C0AFF7B6
C0B10322
C0B21069
C0B31F82
C0B43063
C0B54300
C0B6574F
C0B76D45
C0B884D8
C0B99DFB
C0BAB8A4
C0BBD4C8
C0BCF25C
C0BE1153
C0BF31A3
C0C05341
C0C17621
C0C29A39
C0C3BF7D
C0C4E5E2
C0C60D5F
C0C735E7
C0C85F72
C0C989F3
C0CAB563
C0CBE1B5
C0CD0EE2
C0CE3CDF
C0CF6BA2
C0D09B24
C0D1CB5C
C0D2FC40
C0D42DC9
C0D55FEE
C0D692A8
C0D7C5F0
C0D8F9BD
C0DA2E09
C0DB62CE
C0DC9804
C0DDCDA6
C0DF03AD
C0E03A13
C0E170D4
C0E2A7EA
C0E3DF50
C0E51700
C0E64EF7
C0E7872F
C0E8BFA6
C0E9F856
C0EB313C
C0EC6A54
C0EDA39B
C0EEDD0D
C0F016A8
C0F15068
C0F28A4B
C0F3C44F
C0F4FE70
C0F638AC
C0F77301
C0F8AD6E
C0F9E7EF
C0FB2284
C0FC5D2B
C0FD97E1
C0FED2A6
C10006BC
C100A42A
C101419E
C101DF17
C1027C94
C1031A14
C103B798
C104551E
C104F2A6
C1059031
C1062DBC
C106CB4A
C10768D8
C1080667
C108A3F6
C1094186
C109DF15
C10A7CA5
C10B1A34
C10BB7C2
C10C5550
C10CF2DD
C10D9069
C10E2DF4
C10ECB7E
C10F6907
C110068E
C110A415
C1114199
C111DF1D
C1127C9F
C1131A1F
C113B79E
C114551B
C114F297
C1159011
C1162D89
C116CB00
C1176875
C11805E9
C118A35B
C11940CC
C119DE3A
C11A7BA8
C11B1914
C11BB67E
C11C53E6
C11CF14E
C11D8EB3
C11E2C18
C11EC97A
C11F66DC
C120043C
C120A19B
C1213EF8
C121DC54
C12279AF
C1231708
C123B461
C12451B8
C124EF0E
C1258C63
C059AE93
C05A5087
C05AF376
C05B9768
C05C3C6B
C05CE287
C05D89C9
C05E323B
C05EDBEA
C05F86DF
C0603328
C060E0CF
C0618FE1
C0624069
C062F274
C063A60D
C0645B41
C065121C
C065CAAA
C06684F8
C0674112
C067FF05
C068BEDE
C06980A9
C06A4473
C06B0A48
C06BD237
C06C9C4C
C06D6893
C06E371A
C06F07EF
C06FDB1E
C070B0B5
C07188C2
C0726351
C0734070
C074202E
C0750296
C075E7B9
C076CFA2
C077BA60
C078A800
C0799891
C07A8C21
C07B82BD
C07C7C73
C07D7952
C07E7967
C07F7CC1
C08041B7
C080C6BD
C0814D7B
C081D5F7
C0826038
C082EC45
C0837A25
C08409DF
C0849B79
C0852EFC
C085C46C
C0865BD1
C086F531
C0879093
C0882DFD
C088CD76
C0896F03
C08A12AA
C08AB872
C08B6060
C08C0A7A
C08CB6C5
C08D6546
C08E1603
C08EC8FF
C08F7E40
C09035CA
C090EFA1
C091ABC9
C0926A46
C0932B19
C093EE48
C094B3D3
C0957BBD
C0964609
C09712B8
C097E1CB
C098B343
C0998720
C09A5D62
C09B3609
C09C1114
C09CEE82
C09DCE51
C09EB07F
C09F950A
C0A07BEE
C0A16528
C0A250B4
C0A33E8E
C0A42EB1
C0A52118
C0A615BD
C0A70C9A
C0A805A8
C0A900E1
C0A9FE3D
C0AAFDB5
C0ABFF40
C0AD02D6
C0AE086F
C0AF1001
C0B01983
C0B124EB
C0B2322F
C0B34146
C0B45224
C0B564BF
C0B6790D
C0B78F03
C0B8A695
C0B9BFB8
C0BADA61
C0BBF686
C0BD141A
C0BE3313
C0BF5365
C0C07505
C0C197E8
C0C2BC02
C0C3E149
C0C507B2
C0C62F32
C0C757BE
C0C8814C
C0C9ABD2
C0CAD745
C0CC039C
C0CD30CD
C0CE5ECE
C0CF8D97
C0D0BD1E
C0D1ED5A
C0D31E44
C0D44FD1
C0D581FC
C0D6B4BB
C0D7E808
C0D91BDA
C0DA502C
C0DB84F6
C0DCBA31
C0DDEFD8
C0DF25E5
C0E05C51
C0E19317
C0E2CA32
C0E4019C
C0E53952
C0E6714E
C0E7A98C
C0E8E207
C0EA1ABC
C0EB53A7
C0EC8CC3
C0EDC60F
C0EEFF86
C0F03926
C0F172EB
C0F2ACD2
C0F3E6DA
C0F520FF
C0F65B40
C0F79599
C0F8D00A
C0FA0A8F
C0FB4528
C0FC7FD2
C0FDBA8C
C0FEF555
C1001815
C100B585
C10152FB
C101F075
C1028DF4
C1032B76
C103C8FB
C1046682
C105040C
C105A198
C1063F25
C106DCB4
C1077A43
C10817D4
C108B564
C10952F5
C109F086
C10A8E16
C10B2BA6
C10BC936
C10C66C5
C10D0453
C10DA1E0
C10E3F6C
C10EDCF7
C10F7A81
C1101809
C110B590
C1115316
C111F09A
C1128E1C
C1132B9E
C113C91D
C114669B
C1150417
C115A192
C1163F0B
C116DC83
C11779F9
C118176D
C118B4E0
C1195251
C119EFC0
C11A8D2E
C11B2A9A
C11BC805
C11C656E
C11D02D5
C11DA03C
C11E3DA0
C11EDB04
C11F7865
C12015C6
C120B325
C1215083
C121EDDF
C1228B3A
C1232894
C123C5ED
C1246344
C125009A
C1259DEF
C05A15F0
C05AB776
C05B59F5
C05BFD78
C05CA209
C05D47B4
C05DEE83
C05E9683
C05F3FBE
C05FEA40
C0609614
C0614347
C061F1E5
C062A1F8
C063538E
C06406B3
C064BB72
C06571D9
C06629F3
C066E3CD
C0679F74
C0685CF4
C0691C59
C069DDB2
C06AA109
C06B666D
C06C2DEB
C06CF78E
C06DC365
C06E917D
C06F61E3
C07034A3
C07109CD
C071E16C
C072BB8F
C0739842
C0747795
C0755993
C0763E4C
C07725CD
C0781023
C078FD5D
C079ED88
C07AE0B2
C07BD6EA
C07CD03D
C07DCCBA
C07ECC6E
C07FCF68
C0806ADB
C080EFB2
C0817641
C081FE8F
C08288A3
C0831483
C083A237
C08431C5
C084C335
C085568D
C085EBD3
C086830F
C0871C47
C087B781
C08854C4
C088F416
C089957D
C08A3900
C08ADEA3
C08B866E
C08C3065
C08CDC8D
C08D8AED
C08E3B89
C08EEE65
C08FA387
C0905AF2
C09114AB
C091D0B6
C0928F16
C0934FCE
C09412E2
C094D853
C095A025
C0966A58
C09736EF
C09805EB
C098D74D
C099AB15
C09A8142
C09B59D6
C09C34CE
C09D122A
C09DF1E7
C09ED405
C09FB880
C0A09F54
C0A18880
C0A273FF
C0A361CC
C0A451E3
C0A5443E
C0A638D8
C0A72FAB
C0A828B0
C0A923E0
C0AA2134
C0AB20A5
C0AC2229
C0AD25BA
C0AE2B4D
C0AF32DA
C0B03C57
C0B147BC
C0B254FD
C0B36410
C0B474EC
C0B58786
C0B69BD3
C0B7B1C7
C0B8C959
C0B9E27C
C0BAFD26
C0BC194C
C0BD36E1
C0BE55DC
C0BF7630
C0C097D2
C0C1BAB7
C0C2DED4
C0C4041F
C0C52A8B
C0C6520E
C0C77A9E
C0C8A430
C0C9CEBA
C0CAFA32
C0CC268E
C0CD53C3
C0CE81CA
C0CFB097
C0D0E023
C0D21065
C0D34153
C0D472E6
C0D5A516
C0D6D7DB
C0D80B2D
C0D93F05
C0DA735C
C0DBA82C
C0DCDD6D
C0DE1319
C0DF492B
C0E07F9D
C0E1B668
C0E2ED89
C0E424F9
C0E55CB4
C0E694B5
C0E7CCF8
C0E90578
C0EA3E32
C0EB7722
C0ECB044
C0EDE995
C0EF2311
C0F05CB5
C0F1967F
C0F2D06B
C0F40A77
C0F544A1
C0F67EE6
C0F7B943
C0F8F3B8
C0FA2E42
C0FB68DF
C0FCA38D
C0FDDE4B
C0FF1917
C10029F8
C100C76A
C10164E2
C102025E
C1029FDE
C1033D61
C103DAE8
C1047871
C10515FD
C105B38A
C1065119
C106EEA9
C1078C3A
C10829CB
C108C75D
C10964EF
C10A0281
C10AA013
C10B3DA4
C10BDB35
C10C78C5
C10D1654
C10DB3E2
C10E516F
C10EEEFB
C10F8C85
C1102A0F
C110C797
C111651D
C11202A2
C112A026
C1133DA8
C113DB28
C11478A7
C1151624
C115B39F
C1165119
C116EE91
C1178C07
C118297C
C118C6EF
C1196461
C11A01D1
C11A9F3F
C11B3CAC
C11BDA17
C11C7781
C11D14E9
C11DB250
C11E4FB5
C11EED18
C11F8A7B
C12027DB
C120C53B
C1216299
C121FFF6
C1229D51
C1233AAB
C123D804
C124755C
C12512B3
C125B008
C05A8054
C05B2167
C05BC373
C05C6681
C05D0A9D
C05DAFD2
C05E562B
C05EFDB4
C05FA677
C0605081
C060FBDE
C061A899
C06256BE
C0630659
C063B777
C0646A23
C0651E6B
C065D459
C0668BFC
C067455E
C068008E
C068BD97
C0697C86
C06A3D68
C06B004A
C06BC539
C06C8C42
C06D5572
C06E20D5
C06EEE7A
C06FBE6E
C07090BD
C0716575
C0723CA5
C0731658
C073F29D
C074D182
C075B313
C0769760
C0777E75
C0786861
C0795531
C07A44F3
C07B37B6
C07C2D88
C07D2675
C07E228D
C07F21DE
C080123A
C0809530
C08119D7
C081A037
C0822856
C082B23B
C0833DED
C083CB74
C0845AD6
C084EC19
C0857F46
C0861461
C086AB73
C0874481
C087DF93
C0887CAE
C0891BD9
C089BD19
C08A6076
C08B05F4
C08BAD9A
C08C576D
C08D0372
C08DB1B0
C08E622A
C08F14E5
C08FC9E7
C0908133
C0913ACE
C091F6BB
C092B4FE
C093759A
C0943892
C094FDE9
C095C5A1
C0968FBB
C0975C3A
C0982B1F
C098FC6A
C099D01C
C09AA635
C09B7EB4
C09C5999
C09D36E2
C09E168E
C09EF89B
C09FDD05
C0A0C3CB
C0A1ACE8
C0A29859
C0A38619
C0A47623
C0A56873
C0A65D02
C0A753CB
C0A84CC6
C0A947EE
C0AA453A
C0AB44A3
C0AC4621
C0AD49AB
C0AE4F38
C0AF56C0
C0B0603A
C0B16B9A
C0B278D8
C0B387E9
C0B498C3
C0B5AB5B
C0B6BFA6
C0B7D59A
C0B8ED2C
C0BA064F
C0BB20FA
C0BC3D21
C0BD5AB8
C0BE79B4
C0BF9A0A
C0C0BBAF
C0C1DE97
C0C302B7
C0C42805
C0C54E74
C0C675FC
C0C79E90
C0C8C826
C0C9F2B5
C0CB1E31
C0CC4A91
C0CD77CC
C0CEA5D7
C0CFD4AA
C0D1043C
C0D23483
C0D36577
C0D4970F
C0D5C945
C0D6FC0F
C0D82F67
C0D96345
C0DA97A2
C0DBCC77
C0DD01BE
C0DE3770
C0DF6D87
C0E0A3FF
C0E1DAD0
C0E311F6
C0E4496C
C0E5812D
C0E6B933
C0E7F17C
C0E92A02
C0EA62C1
C0EB9BB6
C0ECD4DD
C0EE0E33
C0EF47B4
C0F0815D
C0F1BB2C
C0F2F51D
C0F42F2E
C0F5695C
C0F6A3A6
C0F7DE08
C0F91881
C0FA530F
C0FB8DB0
C0FCC863
C0FE0325
C0FF3DF5
C1003C69
C100D9DD
C1017756
C10214D4
C102B256
C1034FDB
C103ED63
C1048AEE
C105287B
C105C60A
C106639A
C107012C
C1079EBE
C1083C51
C108D9E4
C1097778
C10A150B
C10AB29E
C10B5030
C10BEDC2
C10C8B53
C10D28E3
C10DC673
C10E6401
C10F018E
C10F9F19
C1103CA4
C110DA2C
C11177B4
C112153A
C112B2BE
C1135041
C113EDC2
C1148B41
C11528BF
C115C63B
C11663B6
C117012F
C1179EA6
C1183C1B
C118D98F
C1197701
C11A1472
C11AB1E0
C11B4F4E
C11BECB9
C11C8A24
C11D278C
C11DC4F3
C11E6259
C11EFFBD
C11F9D20
C1203A81
C120D7E1
C121753F
C122129C
C122AFF8
C1234D53
C123EAAC
C1248804
C125255B
C125C2B1
C05AEDCF
C05B8E6B
C05C2FFF
C05CD294
C05D7637
C05E1AF2
C05EC0D0
C05F67DD
C0601025
C060B9B3
C0616494
C06210D3
C062BE7C
C0636D9B
C0641E3D
C064D06D
C0658438
C06639AB
C066F0D2
C067A9BA
C068646F
C06920FD
C069DF73
C06A9FDC
C06B6245
C06C26BB
C06CED4C
C06DB605
C06E80F2
C06F4E21
C0701D9F
C070EF79
C071C3BE
C0729A7A
C07373BB
C0744F8E
C0752E02
C0760F24
C076F302
C077D9A9
C078C327
C079AF8B
C07A9EE2
C07B913B
C07C86A3
C07D7F28
C07E7AD9
C07F79C3
C0803DFB
C080C0BF
C0814534
C081CB63
C0825352
C082DD07
C083688B
C083F5E3
C0848517
C085162E
C085A92D
C0863E1D
C086D504
C0876DE8
C08808D0
C088A5C1
C08944C4
C089E5DD
C08A8912
C08B2E6A
C08BD5EB
C08C7F99
C08D2B7B
C08DD995
C08E89ED
C08F3C87
C08FF168
C090A894
C0916210
C0921DDE
C092DC04
C0939C83
C0945F5F
C095249B
C095EC39
C096B63A
C09782A0
C098516D
C09922A1
C099F63D
C09ACC40
C09BA4AB
C09C7F7C
C09D5CB3
C09E3C4C
C09F1E48
C0A002A2
C0A0E958
C0A1D266
C0A2BDC9
C0A3AB7B
C0A49B79
C0A58DBD
C0A68241
C0A77900
C0A871F2
C0A96D10
C0AA6A54
C0AB69B6
C0AC6B2D
C0AD6EB1
C0AE7439
C0AF7BBC
C0B08531
C0B1908E
C0B29DC8
C0B3ACD7
C0B4BDAF
C0B5D045
C0B6E490
C0B7FA83
C0B91214
C0BA2B38
C0BB45E4
C0BC620C
C0BD7FA4
C0BE9EA3
C0BFBEFB
C0C0E0A2
C0C2038D
C0C327B1
C0C44D02
C0C57376
C0C69B01
C0C7C399
C0C8ED34
C0CA17C8
C0CB4349
C0CC6FAE
C0CD9CEE
C0CECAFF
C0CFF9D7
C0D1296E
C0D259BB
C0D38AB5
C0D4BC53
C0D5EE8F
C0D7215F
C0D854BD
C0D988A1
C0DABD03
C0DBF1DF
C0DD272B
C0DE5CE4
C0DF9301
C0E0C97F
C0E20056
C0E33782
C0E46EFE
C0E5A6C4
C0E6DED1
C0E8171F
C0E94FAA
C0EA886F
C0EBC16A
C0ECFA97
C0EE33F2
C0EF6D78
C0F0A726
C0F1E0FA
C0F31AF0
C0F45506
C0F58F39
C0F6C988
C0F803EF
C0F93E6C
C0FA78FF
C0FBB3A4
C0FCEE5B
C0FE2921
C0FF63F5
C1004F6B
C100ECE1
C1018A5C
C10227DC
C102C560
C10362E7
C1040071
C1049DFD
C1053B8C
C105D91C
C10676AE
C1071441
C107B1D5
C1084F69
C108ECFE
C1098A93
C10A2827
C10AC5BC
C10B634F
C10C00E2
C10C9E75
C10D3C06
C10DD996
C10E7726
C10F14B4
C10FB240
C1104FCB
C110ED55
C1118ADE
C1122864
C112C5E9
C113636D
C11400EF
C1149E6F
C1153BEE
C115D96B
C11676E6
C117145F
C117B1D7
C1184F4D
C118ECC2
C1198A35
C11A27A6
C11AC515
C11B6283
C11BFFEF
C11C9D5A
C11D3AC3
C11DD82A
C11E7590
C11F12F5
C11FB058
C1204DBA
C120EB1A
C1218879
C12225D6
C122C333
C123608E
C123FDE7
C1249B40
C1253897
C125D5ED
C05B5E70
C05BFE91
C05C9FA8
C05D41C0
C05DE4E5
C05E8921
C05F2E80
C05FD50E
C0607CD6
C06125E5
C061D045
C0627C04
C063292D
C063D7CC
C06487ED
C065399E
C065ECEA
C066A1DE
C0675886
C06810EE
C068CB25
C0698736
C06A452E
C06B051A
C06BC707
C06C8B01
C06D5117
C06E1955
C06EE3C8
C06FB07E
C0707F84
C07150E7
C07224B4
C072FAFA
C073D3C6
C074AF25
C0758D25
C0766DD4
C0775140
C0783776
C0792084
C07A0C79
C07AFB63
C07BED4E
C07CE24A
C07DDA65
C07ED5AC
C07FD42E
C0806AFC
C080ED8D
C08171D0
C081F7CD
C0827F8A
C083090F
C0839462
C084218B
C084B090
C0854178
C085D44B
C086690E
C086FFC8
C0879881
C088333E
C088D006
C0896EDF
C08A0FCF
C08AB2DD
C08B580E
C08BFF68
C08CA8F1
C08D54AE
C08E02A5
C08EB2D9
C08F6551
C0901A10
C090D11C
C0918A78
C0924627
C093042F
C093C491
C0948750
C0954C70
C09613F3
C096DDDA
C097AA27
C09878DC
C09949F9
C09A1D7E
C09AF36C
C09BCBC1
C09CA67E
C09D83A2
C09E6329
C09F4513
C0A0295C
C0A11002
C0A1F902
C0A2E456
C0A3D1FB
C0A4C1EC
C0A5B424
C0A6A89D
C0A79F51
C0A8983A
C0A9934F
C0AA908B
C0AB8FE5
C0AC9155
C0AD94D3
C0AE9A55
C0AFA1D4
C0B0AB44
C0B1B69D
C0B2C3D5
C0B3D2E1
C0B4E3B7
C0B5F64C
C0B70A96
C0B82089
C0B9381A
C0BA513F
C0BB6BEB
C0BC8814
C0BDA5AF
C0BEC4AF
C0BFE50A
C0C106B4
C0C229A3
C0C34DCA
C0C4731F
C0C59996
C0C6C126
C0C7E9C3
C0C91363
C0CA3DFB
C0CB6981
C0CC95EC
C0CDC332
C0CEF148
C0D02026
C0D14FC3
C0D28015
C0D3B115
C0D4E2BA
C0D614FB
C0D747D2
C0D87B36
C0D9AF20
C0DAE389
C0DC186B
C0DD4DBE
C0DE837D
C0DFB9A1
C0E0F024
C0E22702
C0E35E34
C0E495B6
C0E5CD82
C0E70595
C0E83DE9
C0E9767A
C0EAAF45
C0EBE845
C0ED2178
C0EE5AD8
C0EF9464
C0F0CE18
C0F207F1
C0F341EC
C0F47C07
C0F5B640
C0F6F093
C0F82AFF
C0F96581
C0FAA018
C0FBDAC2
C0FD157E
C0FE5048
C0FF8B21
C1006303
C101007B
C1019DF8
C1023B7A
C102D8FF
C1037688
C1041414
C104B1A2
C1054F33
C105ECC5
C1068A58
C10727ED
C107C582
C1086318
C10900AE
C1099E44
C10A3BDA
C10AD970
C10B7705
C10C1499
C10CB22D
C10D4FBF
C10DED51
C10E8AE1
C10F2870
C10FC5FE
C110638A
C1110115
C1119E9E
C1123C26
C112D9AC
C1137731
C11414B3
C114B234
C1154FB4
C115ED31
C1168AAD
C1172828
C117C5A0
C1186317
C119008C
C1199DFF
C11A3B71
C11AD8E1
C11B7650
C11C13BC
C11CB128
C11D4E91
C11DEBF9
C11E8960
C11F26C5
C11FC428
C120618A
C120FEEB
C1219C4A
C12239A8
C122D705
C1237460
C12411BA
C124AF13
C1254C6A
C125E9C1
C05BD248
C05C71E8
C05D127E
C05DB414
C05E56B6
C05EFA6F
C05F9F4B
C0604555
C060EC9A
C0619524
C0623F00
C062EA3B
C06396DF
C06444FA
C064F498
C065A5C5
C066588E
C0670CFE
C067C324
C0687B0A
C06934BF
C069F04E
C06AADC5
C06B6D31
C06C2E9E
C06CF21A
C06DB7B1
C06E7F71
C06F4968
C07015A1
C070E42B
C071B513
C0728867
C0735E33
C0743687
C075116E
C075EEF8
C076CF31
C077B228
C07897EB
C0798087
C07A6C0A
C07B5A83
C07C4BFF
C07D408C
C07E3839
C07F3314
C0801895
C0809946
C0811BA2
C0819FB1
C082257B
C082AD06
C0833659
C083C17B
C0844E73
C084DD48
C0856E01
C08600A5
C086953A
C0872BC8
C087C454
C0885EE5
C088FB82
C0899A31
C08A3AF8
C08ADDDD
C08B82E6
C08C2A19
C08CD37C
C08D7F13
C08E2CE5
C08EDCF6
C08F8F4A
C09043E8
C090FAD2
C091B40D
C0926F9D
C0932D86
C093EDCA
C094B06C
C0957570
C0963CD7
C09706A4
C097D2D8
C098A173
C0997278
C09A45E6
C09B1BBE
C09BF3FE
C09CCEA7
C09DABB7
C09E8B2C
C09F6D04
C0A0513C
C0A137D2
C0A220C2
C0A30C08
C0A3F99F
C0A4E983
C0A5DBAF
C0A6D01D
C0A7C6C6
C0A8BFA5
C0A9BAB1
C0AAB7E5
C0ABB737
C0ACB8A0
C0ADBC18
C0AEC195
C0AFC90F
C0B0D27B
C0B1DDD1
C0B2EB05
C0B3FA0F
C0B50AE3
C0B61D77
C0B731C0
C0B847B2
C0B95F44
C0BA7869
C0BB9317
C0BCAF42
C0BDCCDE
C0BEEBE1
C0C00C3F
C0C12DEC
C0C250DE
C0C37509
C0C49A62
C0C5C0DE
C0C6E872
C0C81114
C0C93AB9
C0CA6556
C0CB90E2
C0CCBD52
C0CDEA9E
C0CF18BA
C0D0479E
C0D17741
C0D2A79A
C0D3D8A0
C0D50A4B
C0D63C93
C0D76F70
C0D8A2DB
C0D9D6CB
C0DB0B3B
C0DC4023
C0DD757D
C0DEAB42
C0DFE16D
C0E117F7
C0E24EDB
C0E38613
C0E4BD9C
C0E5F56E
C0E72D87
C0E865E2
C0E99E79
C0EAD74A
C0EC1050
C0ED4989
C0EE82EF
C0EFBC81
C0F0F63A
C0F23019
C0F36A1A
C0F4A43A
C0F5DE78
C0F718D0
C0F85341
C0F98DC8
C0FAC864
C0FC0313
C0FD3DD3
C0FE78A2
C0FFB37F
C1007734
C10114AF
C101B22E
C1024FB1
C102ED39
C1038AC4
C1042851
C104C5E2
C1056374
C1060108
C1069E9D
C1073C33
C107D9CA
C1087761
C10914F9
C109B291
C10A5028
C10AEDBF
C10B8B55
C10C28EB
C10CC680
C10D6414
C10E01A6
C10E9F38
C10F3CC8
C10FDA57
C11077E4
C1111570
C111B2FA
C1125083
C112EE0A
C1138B8F
C1142913
C114C695
C1156415
C1160194
C1169F10
C1173C8B
C117DA05
C118777C
C11914F2
C119B266
C11A4FD8
C11AED49
C11B8AB8
C11C2825
C11CC591
C11D62FB
C11E0064
C11E9DCB
C11F3B30
C11FD894
C12075F7
C1211358
C121B0B8
C1224E16
C122EB73
C12388CF
C1242629
C124C382
C12560DA
C125FE31
C05C4964
C05CE87F
C05D888F
C05E299F
C05ECBBA
C05F6EEC
C0601340
C060B8C2
C0615F7E
C0620780
C062B0D4
C0635B86
C06407A3
C064B536
C065644C
C06614F1
C066C733
C0677B1C
C06830BB
C068E81C
C069A14B
C06A5C56
C06B1949
C06BD830
C06C991A
C06D5C14
C06E2129
C06EE868
C06FB1DE
C0707D98
C0714BA3
C0721C0D
C072EEE4
C073C434
C0749C0C
C075767A
C076538A
C077334B
C07815CA
C078FB16
C079E33D
C07ACE4B
C07BBC51
C07CAD5A
C07DA177
C07E98B4
C07F9320
C0804864
C080C8DE
C0814B05
C081CEE0
C0825475
C082DBCC
C08364EC
C083EFDB
C0847CA2
C0850B46
C0859BCF
C0862E43
C086C2A9
C0875909
C087F167
C0888BCC
C089283D
C089C6C1
C08A675D
C08B0A19
C08BAEFA
C08C5605
C08CFF40
C08DAAB1
C08E585E
C08F084A
C08FBA7B
C0906EF5
C09125BD
C091DED7
C0929A47
C0935810
C0941835
C094DABA
C0959FA1
C09666ED
C097309E
C097FCB8
C098CB3A
C0999C27
C09A6F7D
C09B453E
C09C1D69
C09CF7FD
C09DD4F9
C09EB45B
C09F9621
C0A07A48
C0A160CD
C0A249AE
C0A334E5
C0A4226E
C0A51246
C0A60465
C0A6F8C8
C0A7EF66
C0A8E83B
C0A9E33F
C0AAE06A
C0ABDFB4
C0ACE117
C0ADE488
C0AEEA00
C0AFF174
C0B0FADD
C0B2062F
C0B31361
C0B42268
C0B5333A
C0B645CD
C0B75A15
C0B87008
C0B9879A
C0BAA0C0
C0BBBB6F
C0BCD79C
C0BDF53A
C0BF1440
C0C034A1
C0C15651
C0C27947
C0C39D76
C0C4C2D3
C0C5E954
C0C710ED
C0C83994
C0C9633E
C0CA8DE1
C0CBB973
C0CCE5E9
C0CE133A
C0CF415D
C0D07047
C0D19FF0
C0D2D050
C0D4015D
C0D5330E
C0D6655D
C0D79841
C0D8CBB3
C0D9FFAA
C0DB3421
C0DC6910
C0DD9E70
C0DED43D
C0E00A6E
C0E140FF
C0E277EA
C0E3AF29
C0E4E6B8
C0E61E91
C0E756B1
C0E88F11
C0E9C7AF
C0EB0087
C0EC3993
C0ED72D2
C0EEAC3E
C0EFE5D6
C0F11F95
C0F25979
C0F39380
C0F4CDA6
C0F607E9
C0F74247
C0F87CBD
C0F9B74A
C0FAF1EB
C0FC2C9E
C0FD6763
C0FEA237
C0FFDD18
C1008C03
C1012980
C101C701
C1026487
C1030211
C1039F9D
C1043D2D
C104DABF
C1057853
C10615E9
C106B380
C1075118
C107EEB0
C1088C49
C10929E3
C109C77C
C10A6515
C10B02AD
C10BA045
C10C3DDC
C10CDB72
C10D7907
C10E169B
C10EB42E
C10F51BF
C10FEF4F
C1108CDD
C1112A6A
C111C7F6
C112657F
C1130307
C113A08E
C1143E12
C114DB95
C1157916
C1161695
C116B413
C117518F
C117EF09
C1188C81
C11929F7
C119C76C
C11A64DF
C11B0251
C11B9FC0
C11C3D2E
C11CDA9A
C11D7805
C11E156E
C11EB2D6
C11F503C
C11FEDA0
C1208B03
C1212865
C121C5C5
C1226324
C1230081
C1239DDD
C1243B38
C124D892
C12575EA
C1261341
C05CC3D4
C05D6266
C05E01EC
C05EA270
C05F4400
C05FE6A6
C0608A6D
C0612F63
C061D593
C0627D08
C06325D0
C063CFF5
C0647B85
C065288D
C065D717
C0668731
C06738E7
C067EC46
C068A15B
C0695832
C06A10D8
C06ACB5B
C06B87C5
C06C4626
C06D068A
C06DC8FD
C06E8D8D
C06F5448
C0701D3A
C070E871
C071B5FB
C07285E4
C073583A
C0742D0C
C0750465
C075DE55
C076BAE9
C0779A2E
C0787C33
C0796106
C07A48B4
C07B334C
C07C20DB
C07D1170
C07E0519
C07EFBE3
C07FF5DE
C080798B
C080F9CE
C0817BBE
C081FF62
C08284C1
C0830BE4
C08394CF
C0841F8C
C084AC1F
C0853A91
C085CAE9
C0865D2C
C086F163
C0878793
C0881FC3
C088B9FA
C089563E
C089F496
C08A9507
C08B3799
C08BDC50
C08C8332
C08D2C46
C08DD790
C08E8516
C08F34DC
C08FE6E9
C0909B3F
C09151E5
C0920ADD
C092C62C
C09383D4
C09443DB
C0950641
C095CB0B
C096923A
C0975BD0
C09827CF
C098F638
C099C70C
C09A9A4A
C09B6FF4
C09C4809
C09D2288
C09DFF70
C09EDEBE
C09FC072
C0A0A487
C0A18AFC
C0A273CD
C0A35EF5
C0A44C70
C0A53C3B
C0A62E4E
C0A722A5
C0A81939
C0A91203
C0AA0CFE
C0AB0A21
C0AC0964
C0AD0ABF
C0AE0E2B
C0AF139D
C0B01B0D
C0B12471
C0B22FC0
C0B33CEF
C0B44BF4
C0B55CC5
C0B66F56
C0B7839E
C0B89991
C0B9B123
C0BACA4B
C0BBE4FB
C0BD012A
C0BE1ECB
C0BF3DD3
C0C05E37
C0C17FEC
C0C2A2E5
C0C3C718
C0C4EC7A
C0C61300
C0C73A9E
C0C8634A
C0C98CFA
C0CAB7A3
C0CBE33B
C0CD0FB7
C0CE3D0F
C0CF6B38
C0D09A29
C0D1C9D9
C0D2FA40
C0D42B53
C0D55D0C
C0D68F62
C0D7C24D
C0D8F5C6
C0DA29C5
C0DB5E42
C0DC9339
C0DDC8A0
C0DEFE74
C0E034AC
C0E16B44
C0E2A236
C0E3D97C
C0E51112
C0E648F3
C0E78119
C0E8B980
C0E9F225
C0EB2B03
C0EC6416
C0ED9D5B
C0EED6CE
C0F0106B
C0F14A31
C0F2841B
C0F3BE28
C0F4F854
C0F6329C
C0F76D00
C0F8A77B
C0F9E20D
C0FB1CB4
C0FC576D
C0FD9236
C0FECD0F
C10003FB
C100A174
C1013EF3
C101DC77
C10279FF
C103178A
C103B519
C10452AB
C104F03F
C1058DD5
C1062B6C
C106C905
C107669F
C1080439
C108A1D4
C1093F6F
C109DD0A
C10A7AA4
C10B183E
C10BB5D7
C10C5370
C10CF107
C10D8E9E
C10E2C33
C10EC9C7
C10F6759
C11004EB
C110A27A
C1114008
C111DD95
C1127B1F
C11318A8
C113B630
C11453B5
C114F139
C1158EBB
C1162C3B
C116C9BA
C1176736
C11804B1
C118A22A
C1193FA1
C119DD17
C11A7A8A
C11B17FC
C11BB56D
C11C52DB
C11CF048
C11D8DB3
C11E2B1D
C11EC885
C11F65EC
C1200351
C120A0B4
C1213E16
C121DB77
C12278D6
C1231634
C123B390
C12450EC
C124EE45
C1258B9E
C12628F5
C05D41A8
C05DDFAB
C05E7EA1
C05F1E96
C05FBF96
C06061AB
C06104E2
C061A947
C0624EE6
C062F5CA
C0639E01
C0644796
C064F296
C0659F0D
C0664D08
C066FC93
C067ADBA
C068608B
C0691512
C069CB5C
C06A8375
C06B3D6B
C06BF94B
C06CB721
C06D76FA
C06E38E4
C06EFCEC
C06FC31F
C0708B8B
C071563C
C0722340
C072F2A5
C073C478
C07498C7
C0756FA0
C076490F
C0772523
C07803EB
C078E573
C079C9C9
C07AB0FC
C07B9B1A
C07C8830
C07D784E
C07E6B80
C07F61D5
C0802DAE
C080AC11
C0812C1B
C081ADD3
C082313F
C082B668
C0833D55
C083C60B
C0845092
C084DCF2
C0856B31
C085FB56
C0868D68
C087216E
C087B76D
C0884F6E
C088E977
C089858D
C08A23B8
C08AC3FD
C08B6663
C08C0AF0
C08CB1A8
C08D5A93
C08E05B5
C08EB314
C08F62B5
C090149C
C090C8CE
C0917F50
C0923826
C092F353
C093B0DB
C09470C2
C0953309
C095F7B5
C096BEC7
C0978841
C0985425
C0992274
C099F32E
C09AC655
C09B9BE8
C09C73E6
C09D4E4F
C09E2B22
C09F0A5D
C09FEBFE
C0A0D002
C0A1B666
C0A29F26
C0A38A40
C0A477AD
C0A5676A
C0A65971
C0A74DBC
C0A84445
C0A93D06
C0AA37F7
C0AB3511
C0AC344D
C0AD35A2
C0AE3907
C0AF3E74
C0B045DF
C0B14F3F
C0B25A8A
C0B367B7
C0B476BA
C0B58789
C0B69A1A
C0B7AE62
C0B8C455
C0B9DBE8
C0BAF511
C0BC0FC4
C0BD2BF4
C0BE4998
C0BF68A4
C0C0890B
C0C1AAC3
C0C2CDC1
C0C3F1F9
C0C51760
C0C63DEA
C0C7658E
C0C88E40
C0C9B7F6
C0CAE2A5
C0CC0E43
C0CD3AC6
C0CE6825
C0CF9654
C0D0C54D
C0D1F504
C0D32571
C0D4568C
C0D5884D
C0D6BAAA
C0D7ED9C
C0D9211C
C0DA5523
C0DB89A8
C0DCBEA6
C0DDF415
C0DF29F0
C0E06030
C0E196CF
C0E2CDC9
C0E40516
C0E53CB3
C0E6749B
C0E7ACC8
C0E8E537
C0EA1DE3
C0EB56C7
C0EC8FE1
C0EDC92D
C0EF02A6
C0F03C4A
C0F17616
C0F2B007
C0F3EA19
C0F5244B
C0F65E9A
C0F79903
C0F8D385
C0FA0E1C
C0FB48C8
C0FC8386
C0FDBE55
C0FEF933
C1001A0F
C100B78B
C101550C
C101F292
C102901D
C1032DAB
C103CB3C
C10468CF
C1050666
C105A3FE
C1064197
C106DF32
C1077CCD
C1081A69
C108B806
C10955A3
C109F33F
C10A90DB
C10B2E76
C10BCC11
C10C69AB
C10D0744
C10DA4DC
C10E4273
C10EE008
C10F7D9C
C1101B2E
C110B8BF
C111564E
C111F3DC
C1129167
C1132EF2
C113CC7A
C1146A00
C1150785
C115A508
C1164289
C116E008
C1177D86
C1181B01
C118B87B
C11955F3
C119F369
C11A90DE
C11B2E51
C11BCBC1
C11C6931
C11D069E
C11DA40A
C11E4174
C11EDEDD
C11F7C44
C12019AA
C120B70E
C1215470
C121F1D1
C1228F31
C1232C8F
C123C9EC
C1246748
C12504A2
C125A1FB
C1263F53
C05DC2ED
C05E605D
C05EFEBF
C05F9E20
C0603E8A
C060E00B
C06182AD
C062267C
C062CB86
C06371D5
C0641977
C064C278
C0656CE3
C06618C6
C066C62D
C0677525
C06825BA
C068D7F8
C0698BEE
C06A41A7
C06AF930
C06BB296
C06C6DE7
C06D2B2F
C06DEA7B
C06EABD8
C06F6F55
C07034FD
C070FCDE
C071C706
C0729382
C0736260
C07433AD
C0750776
C075DDCA
C076B6B6
C0779249
C078708F
C0795196
C07A356E
C07B1C23
C07C05C4
C07CF25F
C07DE202
C07ED4BC
C07FCA99
C08061D5
C080DFFD
C0815FCD
C081E14C
C0826480
C082E971
C0837026
C083F8A6
C08482F7
C0850F22
C0859D2D
C0862D1E
C086BEFE
C08752D1
C087E8A0
C0888070
C0891A49
C089B631
C08A542E
C08AF446
C08B9680
C08C3AE1
C08CE16F
C08D8A30
C08E352A
C08EE261
C08F91DB
C090439C
C090F7A9
C091AE07
C09266B9
C09321C4
C093DF2B
C0949EF1
C095611A
C09625A7
C096EC9C
C097B5F9
C09881C1
C0994FF5
C09A2096
C09AF3A4
C09BC91F
C09CA107
C09D7B5A
C09E5819
C09F3740
C0A018CD
C0A0FCBF
C0A1E312
C0A2CBC3
C0A3B6CC
C0A4A42C
C0A593DB
C0A685D5
C0A77A15
C0A87093
C0A9694A
C0AA6432
C0AB6144
C0AC6078
C0AD61C6
C0AE6525
C0AF6A8C
C0B071F3
C0B17B4F
C0B28698
C0B393C1
C0B4A2C3
C0B5B391
C0B6C621
C0B7DA69
C0B8F05C
C0BA07F1
C0BB211B
C0BC3BCF
C0BD5803
C0BE75AA
C0BF94B8
C0C0B524
C0C1D6E0
C0C2F9E2
C0C41E1F
C0C5438B
C0C66A1B
C0C791C5
C0C8BA7D
C0C9E439
C0CB0EEF
C0CC3A93
C0CD671D
C0CE9483
C0CFC2BA
C0D0F1B9
C0D22178
C0D351ED
C0D48310
C0D5B4D8
C0D6E73D
C0D81A37
C0D94DBF
C0DA81CD
C0DBB65B
C0DCEB60
C0DE20D7
C0DF56BA
C0E08D02
C0E1C3A9
C0E2FAAA
C0E431FF
C0E569A4
C0E6A193
C0E7D9C7
C0E9123D
C0EA4AF0
C0EB83DC
C0ECBCFD
C0EDF650
C0EF2FD0
C0F0697B
C0F1A34E
C0F2DD45
C0F4175E
C0F55196
C0F68BEB
C0F7C65A
C0F900E1
C0FA3B7F
C0FB7630
C0FCB0F4
C0FDEBC9
C0FF26AC
C10030CE
C100CE4D
C1016BD0
C1020959
C102A6E5
C1034476
C103E209
C1047F9F
C1051D37
C105BAD1
C106586D
C106F60A
C10793A7
C1083145
C108CEE3
C1096C82
C10A0A20
C10AA7BE
C10B455B
C10BE2F7
C10C8093
C10D1E2D
C10DBBC6
C10E595E
C10EF6F5
C10F948A
C110321E
C110CFB0
C1116D40
C1120ACF
C112A85C
C11345E7
C113E371
C11480F8
C1151E7E
C115BC02
C1165984
C116F704
C1179482
C11831FF
C118CF79
C1196CF2
C11A0A69
C11AA7DE
C11B4552
C11BE2C3
C11C8033
C11D1DA2
C11DBB0E
C11E5879
C11EF5E2
C11F934A
C12030B0
C120CE15
C1216B78
C12208D9
C122A639
C1234398
C123E0F5
C1247E51
C1251BAC
C125B905
C126565E
C05E47B3
C05EE48B
C05F8254
C060211C
C060C0ED
C06161D3
C06203DC
C062A712
C0634B82
C063F138
C0649840
C06540A8
C065EA7B
C06695C6
C0674296
C067F0F6
C068A0F4
C069529D
C06A05FD
C06ABB22
C06B7217
C06C2AEA
C06CE5A8
C06DA25E
C06E611A
C06F21E7
C06FE4D5
C070A9EE
C0717143
C0723ADE
C07306CF
C073D522
C074A5E6
C0757927
C0764EF3
C0772759
C0780267
C078E029
C079C0AE
C07AA403
C07B8A38
C07C735A
C07D5F77
C07E4E9D
C07F40DA
C0801B1F
C080976A
C0811557
C08194EC
C0821630
C082992A
C0831DE2
C083A45F
C0842CA7
C084B6C2
C08542B7
C085D08C
C0866049
C086F1F4
C0878595
C0881B31
C088B2D1
C0894C79
C089E831
C08A85FF
C08B25E9
C08BC7F6
C08C6C2B
C08D128E
C08DBB25
C08E65F5
C08F1303
C08FC255
C09073F0
C09127D8
C091DE11
C092969F
C0935187
C0940ECC
C094CE71
C095907A
C09654E8
C0971BBF
C097E4FF
C098B0AB
C0997EC4
C09A4F4B
C09B2240
C09BF7A3
C09CCF74
C09DA9B1
C09E865A
C09F656D
C0A046E8
C0A12AC7
C0A21109
C0A2F9A9
C0A3E4A3
C0A4D1F4
C0A5C196
C0A6B383
C0A7A7B7
C0A89E2A
C0A996D7
C0AA91B6
C0AB8EC0
C0AC8DEC
C0AD8F33
C0AE928C
C0AF97EF
C0B09F51
C0B1A8AA
C0B2B3EF
C0B3C116
C0B4D016
C0B5E0E3
C0B6F373
C0B807BA
C0B91DAF
C0BA3544
C0BB4E70
C0BC6927
C0BD855D
C0BEA307
C0BFC21A
C0C0E289
C0C2044A
C0C32751
C0C44B93
C0C57105
C0C6979B
C0C7BF4B
C0C8E809
C0CA11CC
C0CB3C88
C0CC6834
C0CD94C5
C0CEC232
C0CFF071
C0D11F78
C0D24F3F
C0D37FBC
C0D4B0E6
C0D5E2B6
C0D71524
C0D84826
C0D97BB6
C0DAAFCD
C0DBE462
C0DD1970
C0DE4EEF
C0DF84DA
C0E0BB2A
C0E1F1D9
C0E328E2
C0E4603F
C0E597EC
C0E6CFE3
C0E8081F
C0E9409D
C0EA7957
C0EBB24B
C0ECEB73
C0EE24CD
C0EF5E54
C0F09806
C0F1D1E0
C0F30BDE
C0F445FD
C0F5803C
C0F6BA98
C0F7F50D
C0F92F9B
C0FA6A3E
C0FBA4F6
C0FCDFBF
C0FE1A99
C0FF5582
C100483C
C100E5BD
C1018344
C10220CF
C102BE5E
C1035BF0
C103F986
C104971E
C10534B9
C105D255
C1066FF3
C1070D91
C107AB31
C10848D1
C108E671
C1098411
C10A21B1
C10ABF51
C10B5CF0
C10BFA8E
C10C982B
C10D35C7
C10DD361
C10E70FB
C10F0E93
C10FAC2A
C11049BF
C110E752
C11184E4
C1122274
C112C002
C1135D8E
C113FB19
C11498A1
C1153628
C115D3AD
C1167130
C1170EB1
C117AC30
C11849AD
C118E729
C11984A3
C11A221A
C11ABF90
C11B5D04
C11BFA77
C11C97E7
C11D3556
C11DD2C4
C11E702F
C11F0D99
C11FAB01
C1204868
C120E5CD
C1218331
C1222093
C122BDF3
C1235B53
C123F8B0
C124960D
C1253368
C125D0C2
C1266E1A
C05ED009
C05F6C43
C060096E
C060A798
C06146CB
C061E713
C062887D
C0632B15
C063CEE7
C0647400
C0651A6B
C065C236
C0666B6C
C067161B
C067C24F
C0687015
C0691F79
C069D088
C06A834F
C06B37DB
C06BEE39
C06CA675
C06D609E
C06E1CBF
C06EDAE6
C06F9B20
C0705D7B
C0712203
C071E8C7
C072B1D3
C0737D35
C0744AFB
C0751B32
C075EDE8
C076C32A
C0779B07
C078758C
C07952C7
C07A32C7
C07B1598
C07BFB49
C07CE3E9
C07DCF85
C07EBE2C
C07FAFEB
C0805269
C080CE77
C0814C26
C081CB7E
C0824C87
C082CF46
C08353C4
C083DA07
C0846217
C084EBFA
C08577B7
C0860556
C08694DD
C0872654
C087B9C1
C0884F2A
C088E697
C089800E
C08A1B95
C08AB934
C08B58EF
C08BFACE
C08C9ED6
C08D450D
C08DED78
C08E981E
C08F4503
C08FF42D
C090A5A0
C0915961
C0920F75
C092C7DF
C09382A3
C0943FC6
C094FF49
C095C131
C0968580
C0974C38
C098155B
C098E0EB
C099AEE9
C09A7F55
C09B5230
C09C277B
C09CFF34
C09DD95B
C09EB5EF
C09F94ED
C0A07654
C0A15A21
C0A24051
C0A328E1
C0A413CC
C0A5010E
C0A5F0A2
C0A6E283
C0A7D6AB
C0A8CD13
C0A9C5B6
C0AAC08C
C0ABBD8D
C0ACBCB2
C0ADBDF2
C0AEC146
C0AFC6A3
C0B0CE01
C0B1D756
C0B2E298
C0B3EFBD
C0B4FEBB
C0B60F88
C0B72217
C0B8365F
C0B94C54
C0BA63EC
C0BB7D1A
C0BC97D3
C0BDB40D
C0BED1BA
C0BFF0D1
C0C11144
C0C2330A
C0C35617
C0C47A5E
C0C59FD5
C0C6C672
C0C7EE28
C0C916ED
C0CA40B7
C0CB6B7B
C0CC972E
C0CDC3C7
C0CEF13B
C0D01F82
C0D14E91
C0D27E60
C0D3AEE5
C0D4E018
C0D611F1
C0D74467
C0D87772
C0D9AB0A
C0DADF29
C0DC13C7
C0DD48DE
C0DE7E66
C0DFB459
C0E0EAB1
C0E22169
C0E3587A
C0E48FE0
C0E5C795
C0E6FF94
C0E837D8
C0E9705E
C0EAA920
C0EBE21C
C0ED1B4C
C0EE54AD
C0EF8E3C
C0F0C7F5
C0F201D6
C0F33BDB
C0F47602
C0F5B047
C0F6EAA9
C0F82525
C0F95FB9
C0FA9A63
C0FBD521
C0FD0FF0
C0FE4AD0
C0FF85BF
C100605D
C100FDE1
C1019B6A
C10238F8
C102D68A
C103741F
C10411B7
C104AF52
C1054CEE
C105EA8D
C106882D
C10725CE
C107C36F
C1086111
C108FEB4
C1099C56
C10A39F7
C10AD799
C10B7539
C10C12D9
C10CB078
C10D4E15
C10DEBB2
C10E894D
C10F26E6
C10FC47E
C1106215
C110FFA9
C1119D3C
C1123ACE
C112D85D
C11375EB
C1141376
C114B100
C1154E88
C115EC0E
C1168992
C1172714
C117C494
C1186212
C118FF8F
C1199D09
C11A3A82
C11AD7F8
C11B756D
C11C12E1
C11CB052
C11D4DC2
C11DEB2F
C11E889C
C11F2606
C11FC36F
C12060D6
C120FE3C
C1219BA0
C1223903
C122D664
C12373C4
C1241122
C124AE7F
C1254BDA
C125E935
C126868E
C05F5BFB
C05FF793
C060941C
C06131A3
C061D033
C0626FD8
C06310A0
C063B295
C06455C5
C064FA3C
C065A005
C066472F
C066EFC5
C06799D4
C0684568
C068F28F
C069A155
C06A51C7
C06B03F1
C06BB7E1
C06C6DA4
C06D2546
C06DDED5
C06E9A5E
C06F57EE
C0701791
C070D956
C0719D4A
C072637A
C0732BF4
C073F6C4
C074C3F9
C07593A1
C07665C8
C0773A7D
C07811CE
C078EBC8
C079C87A
C07AA7F1
C07B8A3B
C07C6F66
C07D5781
C07E429A
C07F30BE
C08010FE
C0808B32
C0810701
C0818472
C082038D
C0828458
C08306DC
C0838B1E
C0841126
C08498FC
C08522A6
C085AE2B
C0863B93
C086CAE3
C0875C24
C087EF5B
C0888491
C0891BCA
C089B50F
C08A5065
C08AEDD3
C08B8D5E
C08C2F0E
C08CD2E8
C08D78F2
C08E2132
C08ECBAD
C08F7868
C0902768
C090D8B3
C0918C4D
C092423B
C092FA80
C093B520
C0947220
C0953181
C095F348
C096B777
C0977E10
C0984715
C0991288
C099E06A
C09AB0BB
C09B837D
C09C58AE
C09D3050
C09E0A60
C09EE6DE
C09FC5C8
C0A0A71B
C0A18AD6
C0A270F4
C0A35973
C0A4444E
C0A53182
C0A62108
C0A712DC
C0A806F8
C0A8FD56
C0A9F5EE
C0AAF0BB
C0ABEDB4
C0ACECD1
C0ADEE0B
C0AEF159
C0AFF6B1
C0B0FE0B
C0B2075C
C0B3129C
C0B41FBF
C0B52EBC
C0B63F87
C0B75217
C0B86660
C0B97C56
C0BA93EF
C0BBAD20
C0BCC7DC
C0BDE419
C0BF01CA
C0C020E5
C0C1415E
C0C26328
C0C3863A
C0C4AA88
C0C5D005
C0C6F6A8
C0C81E65
C0C94732
C0CA7103
C0CB9BCE
C0CCC789
C0CDF42A
C0CF21A7
C0D04FF6
C0D17F0E
C0D2AEE5
C0D3DF73
C0D510AF
C0D64290
C0D7750F
C0D8A823
C0D9DBC5
C0DB0FED
C0DC4494
C0DD79B3
C0DEAF44
C0DFE540
C0E11BA1
C0E25262
C0E3897C
C0E4C0EA
C0E5F8A8
C0E730AF
C0E868FC
C0E9A18A
C0EADA55
C0EC1358
C0ED4C90
C0EE85F9
C0EFBF90
C0F0F951
C0F23339
C0F36D45
C0F4A773
C0F5E1C0
C0F71C29
C0F856AC
C0F99147
C0FACBF7
C0FC06BB
C0FD4191
C0FE7C77
C0FFB76C
C1007937
C10116BE
C101B449
C10251DA
C102EF6E
C1038D06
C1042AA1
C104C83E
C10565DD
C106037E
C106A120
C1073EC3
C107DC67
C1087A0B
C10917AF
C109B553
C10A52F7
C10AF09A
C10B8E3D
C10C2BDE
C10CC97F
C10D671E
C10E04BC
C10EA259
C10F3FF4
C10FDD8D
C1107B25
C11118BB
C111B650
C11253E2
C112F173
C1138F01
C1142C8E
C114CA19
C11567A2
C1160529
C116A2AE
C1174031
C117DDB3
C1187B32
C11918AF
C119B62A
C11A53A4
C11AF11C
C11B8E91
C11C2C05
C11CC977
C11D66E8
C11E0456
C11EA1C3
C11F3F2E
C11FDC98
C1207A00
C1211766
C121B4CB
C122522E
C122EF90
C1238CF0
C1242A4F
C124C7AC
C1256508
C1260263
C1269FBC
C05FEB99
C060868A
C061226B
C061BF4A
C0625D33
C062FC31
C0639C51
C0643DA0
C064E029
C06583F9
C066291E
C066CFA2
C0677793
C06820FE
C068CBEF
C0697874
C06A2698
C06AD668
C06B87F2
C06C3B43
C06CF067
C06DA76C
C06E605E
C06F1B4B
C06FD83F
C0709749
C0715875
C0721BD1
C072E16A
C073A94E
C074738A
C075402B
C0760F40
C076E0D6
C077B4FC
C0788BBD
C079652A
C07A414F
C07B203A
C07C01FA
C07CE69D
C07DCE31
C07EB8C3
C07FA663
C0804B8F
C080C582
C0814110
C081BE42
C0823D1E
C082BDAB
C0833FF1
C083C3F7
C08449C4
C084D15F
C0855ACE
C085E61A
C0867349
C0870262
C087936C
C088266D
C088BB6E
C0895273
C089EB84
C08A86A8
C08B23E4
C08BC33F
C08C64BF
C08D086B
C08DAE47
C08E565A
C08F00A9
C08FAD39
C0905C10
C0910D32
C091C0A5
C092766B
C0932E8A
C093E906
C094A5E2
C0956521
C09626C6
C096EAD4
C097B14E
C0987A35
C099458A
C09A1350
C09AE386
C09BB62D
C09C8B46
C09D62CF
C09E3CC9
C09F1931
C09FF805
C0A0D945
C0A1BCED
C0A2A2F9
C0A38B67
C0A47633
C0A56357
C0A652D0
C0A74497
C0A838A7
C0A92EFA
C0AA2788
C0AB224C
C0AC1F3C
C0AD1E53
C0AE1F86
C0AF22CE
C0B02821
C0B12F77
C0B238C5
C0B34402
C0B45124
C0B5601F
C0B670EA
C0B7837A
C0B897C4
C0B9ADBC
C0BAC557
C0BBDE8A
C0BCF94A
C0BE158A
C0BF3340
C0C0525F
C0C172DD
C0C294AE
C0C3B7C5
C0C4DC19
C0C6019D
C0C72847
C0C8500C
C0C978E0
C0CAA2B9
C0CBCD8C
C0CCF94F
C0CE25F9
C0CF537E
C0D081D6
C0D1B0F6
C0D2E0D7
C0D4116E
C0D542B3
C0D6749E
C0D7A726
C0D8DA43
C0DA0DEE
C0DB421F
C0DC76D0
C0DDABF8
C0DEE193
C0E01798
C0E14E03
C0E284CC
C0E3BBEF
C0E4F367
C0E62B2D
C0E7633E
C0E89B93
C0E9D42A
C0EB0CFD
C0EC4609
C0ED7F49
C0EEB8BA
C0EFF259
C0F12C22
C0F26612
C0F3A026
C0F4DA5C
C0F614B0
C0F74F20
C0F889AA
C0F9C44C
C0FAFF03
C0FC39CE
C0FD74AB
C0FEAF97
C0FFEA92
C10092CD
C1013057
C101CDE5
C1026B79
C1030910
C103A6AA
C1044448
C104E1E7
C1057F89
C1061D2C
C106BAD1
C1075877
C107F61D
C10893C3
C1093169
C109CF0F
C10A6CB5
C10B0A5A
C10BA7FF
C10C45A2
C10CE344
C10D80E5
C10E1E85
C10EBC23
C10F59C0
C10FF75B
C11094F4
C111328C
C111D022
C1126DB6
C1130B48
C113A8D8
C1144666
C114E3F2
C115817C
C1161F04
C116BC8A
C1175A0F
C117F791
C1189511
C119328F
C119D00C
C11A6D86
C11B0AFE
C11BA875
C11C45EA
C11CE35D
C11D80CE
C11E1E3D
C11EBBAB
C11F5916
C11FF681
C12093E9
C1213150
C121CEB5
C1226C19
C123097B
C123A6DC
C124443C
C124E199
C1257EF6
C1261C51
C126B9AB
C0607EF0
C0611934
C061B46A
C062509C
C062EDD9
C0638C2B
C0642BA0
C064CC43
C0656E21
C0661147
C066B5C1
C0675B9D
C06802E5
C068ABA8
C06955F2
C06A01D0
C06AAF4E
C06B5E7A
C06C0F60
C06CC20E
C06D7690
C06E2CF3
C06EE545
C06F9F93
C0705BE9
C0711A56
C071DAE6
C0729DA7
C07362A6
C07429F0
C074F395
C075BFA0
C0768E1F
C0775F21
C07832B3
C07908E3
C079E1BF
C07ABD55
C07B9BB2
C07C7CE6
C07D60FD
C07E4807
C07F3210
C0800F94
C08087AF
C081015F
C0817CAD
C081F99D
C0827839
C082F888
C0837A8F
C083FE57
C08483E7
C0850B46
C085947A
C0861F8C
C086AC81
C0873B61
C087CC33
C0885EFE
C088F3C8
C0898A99
C08A2376
C08ABE66
C08B5B70
C08BFA99
C08C9BE9
C08D3F65
C08DE513
C08E8CF8
C08F371A
C08FE37F
C090922C
C0914324
C091F66E
C092AC0D
C0936406
C0941E5D
C094DB14
C0959A30
C0965BB3
C0971FA1
C097E5FA
C098AEC2
C09979FA
C09A47A2
C09B17BD
C09BEA4A
C09CBF49
C09D96BA
C09E709C
C09F4CEE
C0A02BAE
C0A10CD9
C0A1F06E
C0A2D669
C0A3BEC6
C0A4A981
C0A59697
C0A68602
C0A777BC
C0A86BC0
C0A96208
C0AA5A8C
C0AB5547
C0AC522F
C0AD513E
C0AE526B
C0AF55AD
C0B05AFC
C0B1624E
C0B26B99
C0B376D4
C0B483F4
C0B592EF
C0B6A3BA
C0B7B64A
C0B8CA95
C0B9E08F
C0BAF82C
C0BC1162
C0BD2C25
C0BE486A
C0BF6624
C0C08549
C0C1A5CC
C0C2C7A2
C0C3EAC0
C0C50F1B
C0C634A6
C0C75B57
C0C88324
C0C9AC00
C0CAD5E1
C0CC00BC
C0CD2C89
C0CE593B
C0CF86C9
C0D0B52A
C0D1E454
C0D3143E
C0D444DF
C0D5762D
C0D6A822
C0D7DAB3
C0D90DDA
C0DA418F
C0DB75CA
C0DCAA85
C0DDDFB7
C0DF155B
C0E04B6A
C0E181DE
C0E2B8B2
C0E3EFDE
C0E5275F
C0E65F2F
C0E79749
C0E8CFA8
C0EA0847
C0EB4123
C0EC7A38
C0EDB381
C0EEECFB
C0F026A2
C0F16073
C0F29A6B
C0F3D488
C0F50EC5
C0F64921
C0F78399
C0F8BE2A
C0F9F8D3
C0FB3392
C0FC6E63
C0FDA947
C0FEE43A
C1000F9E
C100AD25
C1014AB2
C101E843
C10285DA
C1032374
C103C111
C1045EB1
C104FC53
C10599F8
C106379E
C106D545
C10772ED
C1081095
C108AE3E
C1094BE6
C109E98F
C10A8736
C10B24DE
C10BC284
C10C6029
C10CFDCD
C10D9B70
C10E3912
C10ED6B2
C10F7450
C11011ED
C110AF88
C1114D21
C111EAB8
C112884D
C11325E1
C113C372
C1146101
C114FE8F
C1159C1A
C11639A3
C116D72B
C11774B0
C1181233
C118AFB5
C1194D34
C119EAB1
C11A882C
C11B25A6
C11BC31D
C11C6093
C11CFE07
C11D9B78
C11E38E9
C11ED657
C11F73C3
C120112E
C120AE98
C1214BFF
C121E965
C12286C9
C123242C
C123C18E
C1245EEE
C124FC4C
C12599A9
C1263705
C126D45F
C061160D
C061AFA0
C0624A25
C062E5A6
C0638232
C0641FD4
C064BE98
C0655E8C
C065FFBB
C066A232
C06745FF
C067EB2D
C06891C9
C06939E0
C069E37F
C06A8EB2
C06B3B87
C06BEA0B
C06C9A4A
C06D4C51
C06E002D
C06EB5EC
C06F6D9A
C0702745
C070E2FA
C071A0C6
C07260B7
C07322D9
C073E73B
C074ADEA
C07576F4
C0764265
C077104C
C077E0B7
C078B3B3
C079894F
C07A6197
C07B3C9B
C07C1A68
C07CFB0C
C07DDE95
C07EC512
C07FAE91
C0804D90
C080C566
C0813ED3
C081B9DD
C082368C
C082B4E7
C08334F5
C083B6BD
C0843A47
C084BF98
C08546BA
C085CFB2
C0865A88
C086E743
C08775E9
C0880683
C0889915
C0892DA8
C089C443
C08A5CEA
C08AF7A6
C08B947D
C08C3375
C08CD493
C08D77DF
C08E1D5D
C08EC514
C08F6F09
C0901B42
C090C9C3
C0917A92
C0922DB2
C092E329
C0939AFB
C094552C
C09511BF
C095D0B7
C0969218
C09755E3
C0981C1D
C098E4C5
C099AFDF
C09A7D6A
C09B4D69
C09C1FDB
C09CF4C1
C09DCC19
C09EA5E4
C09F821F
C0A060C9
C0A141E1
C0A22562
C0A30B4B
C0A3F397
C0A4DE42
C0A5CB49
C0A6BAA6
C0A7AC53
C0A8A04B
C0A99688
C0AA8F03
C0AB89B4
C0AC8695
C0AD859C
C0AE86C3
C0AF8A00
C0B08F4A
C0B19698
C0B29FE1
C0B3AB19
C0B4B838
C0B5C732
C0B6D7FD
C0B7EA8F
C0B8FEDB
C0BA14D7
C0BB2C77
C0BC45B1
C0BD6078
C0BE7CC1
C0BF9A80
C0C0B9AA
C0C1DA33
C0C2FC10
C0C41F35
C0C54396
C0C66929
C0C78FE2
C0C8B7B6
C0C9E09B
C0CB0A84
C0CC3569
C0CD613E
C0CE8DFA
C0CFBB92
C0D0E9FD
C0D21930
C0D34924
C0D479CF
C0D5AB27
C0D6DD26
C0D80FC2
C0D942F3
C0DA76B2
C0DBAAF8
C0DCDFBC
C0DE14F9
C0DF4AA7
C0E080C0
C0E1B73F
C0E2EE1C
C0E42552
C0E55CDD
C0E694B7
C0E7CCDA
C0E90542
C0EA3DEB
C0EB76D1
C0ECAFEF
C0EDE941
C0EF22C3
C0F05C73
C0F1964D
C0F2D04E
C0F40A73
C0F544B8
C0F67F1C
C0F7B99C
C0F8F435
C0FA2EE5
C0FB69AB
C0FCA484
C0FDDF6F
C0FF1A69
C1002AB9
C100C843
C10165D3
C1020368
C102A101
C1033E9E
C103DC3F
C10479E2
C1051787
C105B52E
C10652D6
C106F080
C1078E2A
C1082BD5
C108C980
C109672B
C10A04D6
C10AA280
C10B4029
C10BDDD2
C10C7B79
C10D191F
C10DB6C4
C10E5467
C10EF209
C10F8FA9
C1102D47
C110CAE4
C111687E
C1120617
C112A3AE
C1134143
C113DED6
C1147C66
C11519F5
C115B782
C116550C
C116F295
C117901B
C1182D9F
C118CB22
C11968A2
C11A0620
C11AA39D
C11B4117
C11BDE8F
C11C7C06
C11D197A
C11DB6ED
C11E545E
C11EF1CD
C11F8F3A
C1202CA6
C120CA10
C1216778
C12204DF
C122A244
C1233FA7
C123DD09
C1247A6A
C12517C9
C125B526
C1265282
C126EFDD
C061B0FE
C06249DB
C062E3A9
C0637E76
C0641A4C
C064B739
C0655548
C065F488
C0669504
C06736C9
C067D9E3
C0687E60
C069244B
C069CBB3
C06A74A3
C06B1F29
C06BCB51
C06C7928
C06D28BC
C06DDA19
C06E8D4C
C06F4263
C06FF96A
C070B26F
C0716D80
C0722AA8
C072E9F6
C073AB78
C0746F3A
C075354A
C075FDB5
C076C88A
C07795D6
C07865A7
C079380B
C07A0D0F
C07AE4C1
C07BBF30
C07C9C69
C07D7C7B
C07E5F74
C07F4562
C0801729
C0808D2B
C08104BC
C0817DE4
C081F8AA
C0827516
C082F32F
C08372FB
C083F483
C08477CC
C084FCDF
C08583C2
C0860C7D
C0869717
C0872396
C087B202
C0884261
C088D4BB
C0896916
C089FF79
C08A97EB
C08B3272
C08BCF14
C08C6DD9
C08D0EC5
C08DB1E0
C08E572E
C08EFEB6
C08FA87D
C0905489
C09102DE
C091B382
C0926679
C0931BC8
C093D372
C0948D7C
C09549EA
C09608BE
C096C9FB
C0978DA5
C09853BD
C0991C46
C099E741
C09AB4B0
C09B8492
C09C56E9
C09D2BB4
C09E02F4
C09EDCA7
C09FB8CB
C0A09760
C0A17863
C0A25BD1
C0A341A8
C0A429E3
C0A5147E
C0A60176
C0A6F0C5
C0A7E265
C0A8D651
C0A9CC83
C0AAC4F4
C0ABBF9D
C0ACBC75
C0ADBB76
C0AEBC97
C0AFBFCE
C0B0C514
C0B1CC5F
C0B2D5A5
C0B3E0DB
C0B4EDF9
C0B5FCF3
C0B70DBF
C0B82051
C0B9349F
C0BA4A9E
C0BB6241
C0BC7B7E
C0BD964A
C0BEB297
C0BFD05C
C0C0EF8C
C0C2101B
C0C331FF
C0C4552B
C0C57994
C0C69F2F
C0C7C5F0
C0C8EDCD
C0CA16BA
C0CB40AD
C0CC6B9B
C0CD977A
C0CEC43F
C0CFF1E1
C0D12056
C0D24F94
C0D37F92
C0D4B047
C0D5E1AB
C0D713B4
C0D8465A
C0D97996
C0DAAD60
C0DBE1B0
C0DD167F
C0DE4BC7
C0DF8180
C0E0B7A4
C0E1EE2C
C0E32514
C0E45C55
C0E593EA
C0E6CBCE
C0E803FB
C0E93C6D
C0EA7520
C0EBAE0F
C0ECE737
C0EE2092
C0EF5A1E
C0F093D7
C0F1CDBA
C0F307C4
C0F441F1
C0F57C3F
C0F6B6AB
C0F7F133
C0F92BD5
C0FA668D
C0FBA15B
C0FCDC3B
C0FE172D
C0FF522E
C100469F
C100E42D
C10181C0
C1021F58
C102BCF5
C1035A95
C103F838
C10495DE
C1053386
C105D130
C1066EDC
C1070C88
C107AA35
C10847E2
C108E590
C109833D
C10A20EA
C10ABE96
C10B5C42
C10BF9EC
C10C9796
C10D353E
C10DD2E5
C10E708A
C10F0E2E
C10FABCF
C110496F
C110E70E
C11184AA
C1122244
C112BFDD
C1135D73
C113FB07
C1149899
C1153629
C115D3B7
C1167143
C1170ECD
C117AC55
C11849DA
C118E75E
C11984DF
C11A225E
C11ABFDC
C11B5D57
C11BFAD0
C11C9848
C11D35BD
C11DD331
C11E70A2
C11F0E12
C11FAB80
C12048ED
C120E657
C12183C0
C1222127
C122BE8D
C1235BF1
C123F954
C12496B5
C1253414
C125D172
C1266ECF
C1270C2A
C0624FCF
C062E7F1
C0638105
C0641B17
C064B633
C0655267
C065EFBE
C0668E45
C0672E09
C067CF17
C068717C
C0691543
C069BA7A
C06A612F
C06B096C
C06BB340
C06C5EB8
C06D0BE0
C06DBAC5
C06E6B74
C06F1DFB
C06FD267
C07088C4
C0714120
C071FB89
C072B80A
C07376B3
C0743790
C074FAAF
C075C01D
C07687E8
C077521E
C0781ECC
C078EE00
C079BFC8
C07A9431
C07B6B4B
C07C4523
C07D21C6
C07E0144
C07EE3A9
C07FC905
C08058B3
C080CE6D
C08145B7
C081BE9A
C082391B
C082B543
C0833318
C083B2A2
C08433E7
C084B6F0
C0853BC2
C085C266
C0864AE3
C086D53F
C0876182
C087EFB2
C0887FD6
C08911F7
C089A619
C08A3C44
C08AD47F
C08B6ED0
C08C0B3E
C08CA9CE
C08D4A87
C08DED70
C08E928E
C08F39E6
C08FE37E
C0908F5C
C0913D85
C091EDFE
C092A0CA
C09355F0
C0940D72
C094C755
C095839D
C096424C
C0970366
C097C6EE
C0988CE5
C099554E
C09A202A
C09AED7A
C09BBD40
C09C8F7C
C09D642D
C09E3B53
C09F14EE
C09FF0FC
C0A0CF7B
C0A1B069
C0A293C4
C0A37988
C0A461B2
C0A54C3E
C0A63926
C0A72867
C0A819FB
C0A90DDB
C0AA0402
C0AAFC69
C0ABF709
C0ACF3DA
C0ADF2D4
C0AEF3EE
C0AFF721
C0B0FC63
C0B203AA
C0B30CEE
C0B41823
C0B52540
C0B6343A
C0B74506
C0B8579A
C0B96BEA
C0BA81EC
C0BB9993
C0BCB2D4
C0BDCDA4
C0BEE9F7
C0C007C1
C0C126F8
C0C2478E
C0C36979
C0C48CAC
C0C5B11D
C0C6D6C1
C0C7FD8B
C0C92570
C0CA4E67
C0CB7864
C0CCA35C
C0CDCF45
C0CEFC14
C0D029C1
C0D15840
C0D28789
C0D3B792
C0D4E852
C0D619C1
C0D74BD5
C0D87E87
C0D9B1CE
C0DAE5A3
C0DC19FE
C0DD4ED8
C0DE842B
C0DFB9EF
C0E0F01E
C0E226B1
C0E35DA4
C0E494F0
C0E5CC90
C0E7047E
C0E83CB6
C0E97533
C0EAADF0
C0EBE6E9
C0ED201A
C0EE597F
C0EF9315
C0F0CCD8
C0F206C4
C0F340D7
C0F47B0D
C0F5B564
C0F6EFD9
C0F82A69
C0F96513
C0FA9FD4
C0FBDAA9
C0FD1592
C0FE508B
C0FF8B94
C1006356
C10100E7
C1019E7E
C1023C1A
C102D9B9
C103775D
C1041503
C104B2AC
C1055058
C105EE04
C1068BB3
C1072962
C107C711
C10864C1
C1090271
C109A021
C10A3DD1
C10ADB7F
C10B792D
C10C16DA
C10CB486
C10D5230
C10DEFD9
C10E8D80
C10F2B25
C10FC8C9
C110666B
C111040B
C111A1A9
C1123F45
C112DCDF
C1137A77
C114180C
C114B5A0
C1155331
C115F0C1
C1168E4E
C1172BD9
C117C962
C11866E8
C119046D
C119A1F0
C11A3F70
C11ADCEE
C11B7A6B
C11C17E5
C11CB55D
C11D52D4
C11DF048
C11E8DBB
C11F2B2B
C11FC89A
C1206608
C1210373
C121A0DD
C1223E45
C122DBAB
C1237910
C1241673
C124B3D4
C1255135
C125EE93
C1268BF0
C127294C
C062F28E
C06389F0
C0642244
C064BB97
C06555F5
C065F16B
C0668E05
C0672BD0
C067CAD9
C0686B2C
C0690CD6
C069AFE4
C06A5464
C06AFA61
C06BA1E8
C06C4B07
C06CF5CB
C06DA23F
C06E5073
C06F0071
C06FB249
C0706606
C0711BB6
C071D366
C0728D23
C07348FB
C07406FB
C074C731
C07589A9
C0764E73
C077159A
C077DF2E
C078AB3B
C07979CF
C07A4AF9
C07B1EC6
C07BF545
C07CCE82
C07DAA8D
C07E8973
C07F6B43
C0802806
C0809BED
C081115E
C0818861
C08200FC
C0827B37
C082F71A
C08374AA
C083F3F0
C08474F3
C084F7B9
C0857C4B
C08602AF
C0868AEC
C0871509
C087A10E
C0882F02
C088BEEB
C08950D0
C089E4B9
C08A7AAB
C08B12AE
C08BACC9
C08C4900
C08CE75C
C08D87E2
C08E2A98
C08ECF84
C08F76AC
C0902015
C090CBC5
C09179C0
C0922A0D
C092DCAF
C09391AA
C0944904
C09502C0
C095BEE1
C0967D6B
C0973E61
C09801C6
C098C79B
C0998FE4
C09A5AA0
C09B27D3
C09BF77C
C09CC99C
C09D9E32
C09E753F
C09F4EC2
C0A02AB9
C0A10922
C0A1E9FC
C0A2CD43
C0A3B2F5
C0A49B0D
C0A58589
C0A67263
C0A76195
C0A8531C
C0A946F1
C0AA3D0E
C0AB356B
C0AC3002
C0AD2CCB
C0AE2BBE
C0AF2CD3
C0B03001
C0B1353F
C0B23C84
C0B345C5
C0B450F9
C0B55E16
C0B66D10
C0B77DDD
C0B89073
C0B9A4C6
C0BABACB
C0BBD276
C0BCEBBB
C0BE0690
C0BF22E9
C0C040BA
C0C15FF7
C0C28094
C0C3A286
C0C4C5C2
C0C5EA3C
C0C70FE8
C0C836BB
C0C95EAB
C0CA87AB
C0CBB1B2
C0CCDCB5
C0CE08A8
C0CF3583
C0D0633A
C0D191C5
C0D2C119
C0D3F12D
C0D521F9
C0D65373
C0D78593
C0D8B850
C0D9EBA3
C0DB1F84
C0DC53EB
C0DD88D1
C0DEBE2F
C0DFF3FE
C0E12A39
C0E260D8
C0E397D6
C0E4CF2D
C0E606D8
C0E73ED1
C0E87714
C0E9AF9C
C0EAE864
C0EC2167
C0ED5AA3
C0EE9412
C0EFCDB2
C0F1077F
C0F24175
C0F37B91
C0F4B5D1
C0F5F031
C0F72AAF
C0F86548
C0F99FFB
C0FADAC4
C0FC15A2
C0FD5093
C0FE8B94
C0FFC6A5
C10080E2
C1011E77
C101BC11
C10259B1
C102F754
C10394FB
C10432A5
C104D051
C1056DFF
C1060BAF
C106A960
C1074712
C107E4C5
C1088278
C109202A
C109BDDD
C10A5B8F
C10AF940
C10B96F0
C10C349F
C10CD24D
C10D6FF9
C10E0DA4
C10EAB4E
C10F48F5
C10FE69B
C110843E
C11121E0
C111BF80
C1125D1E
C112FAB9
C1139853
C11435EA
C114D37F
C1157112
C1160EA3
C116AC31
C11749BE
C117E748
C11884D0
C1192256
C119BFD9
C11A5D5B
C11AFADA
C11B9858
C11C35D3
C11CD34C
C11D70C4
C11E0E39
C11EABAD
C11F491E
C11FE68E
C12083FC
C1212168
C121BED2
C1225C3B
C122F9A2
C1239708
C124346B
C124D1CE
C1256F2E
C1260C8E
C126A9EC
C1274748
C0639945
C0642FE3
C064C774
C0656003
C065F99E
C0669452
C067302B
C067CD35
C0686B7E
C0690B12
C069ABFF
C06A4E51
C06AF214
C06B9756
C06C3E24
C06CE68A
C06D9096
C06E3C55
C06EE9D3
C06F991E
C0704A42
C070FD4D
C071B24D
C072694D
C073225C
C073DD88
C0749ADC
C0755A68
C0761C38
C076E059
C077A6DB
C0786FC9
C0793B33
C07A0925
C07AD9AE
C07BACDC
C07C82BC
C07D5B5D
C07E36CD
C07F151A
C07FF651
C0806D41
C080E0DE
C0815606
C081CCBF
C0824513
C082BF07
C0833AA2
C083B7ED
C08436EE
C084B7AD
C0853A31
C085BE80
C08644A2
C086CC9F
C087567D
C087E244
C0886FFA
C088FFA6
C0899150
C08A24FE
C08ABAB7
C08B5281
C08BEC64
C08C8865
C08D268C
C08DC6DD
C08E6960
C08F0E19
C08FB510
C0905E49
C09109CA
C091B798
C09267B8
C0931A2E
C093CEFF
C0948630
C0953FC4
C095FBBE
C096BA23
C0977AF4
C0983E36
C09903E9
C099CC11
C09A96AE
C09B63C2
C09C334E
C09D0552
C09DD9CE
C09EB0C1
C09F8A2B
C0A0660B
C0A1445F
C0A22524
C0A30857
C0A3EDF6
C0A4D5FE
C0A5C069
C0A6AD34
C0A79C59
C0A88DD3
C0A9819C
C0AA77AE
C0AB7002
C0AC6A90
C0AD6752
C0AE663F
C0AF674E
C0B06A78
C0B16FB2
C0B276F4
C0B38034
C0B48B67
C0B59883
C0B6A77E
C0B7B84D
C0B8CAE5
C0B9DF3B
C0BAF543
C0BC0CF2
C0BD263D
C0BE4118
C0BF5D77
C0C07B4E
C0C19A92
C0C2BB37
C0C3DD32
C0C50076
C0C624F9
C0C74AAF
C0C8718C
C0C99985
C0CAC290
C0CBECA2
C0CD17AF
C0CE43AE
C0CF7094
C0D09E57
C0D1CCED
C0D2FC4D
C0D42C6D
C0D55D45
C0D68ECB
C0D7C0F7
C0D8F3C1
C0DA2720
C0DB5B0D
C0DC8F80
C0DDC472
C0DEF9DD
C0E02FB8
C0E165FF
C0E29CAA
C0E3D3B4
C0E50B17
C0E642CD
C0E77AD2
C0E8B320
C0E9EBB3
C0EB2486
C0EC5D95
C0ED96DB
C0EED056
C0F00A00
C0F143D7
C0F27DD7
C0F3B7FD
C0F4F247
C0F62CB1
C0F76738
C0F8A1DB
C0F9DC96
C0FB1768
C0FC524F
C0FD8D48
C0FEC852
C10001B5
C1009F49
C1013CE2
C101DA80
C1027823
C10315CA
C103B374
C1045122
C104EED1
C1058C83
C1062A36
C106C7EA
C107659F
C1080355
C108A10A
C1093EC0
C109DC75
C10A7A29
C10B17DD
C10BB590
C10C5341
C10CF0F1
C10D8EA0
C10E2C4D
C10EC9F9
C10F67A2
C110054A
C110A2F0
C1114093
C111DE35
C1127BD5
C1131972
C113B70D
C11454A6
C114F23D
C1158FD1
C1162D63
C116CAF3
C1176881
C118060C
C118A396
C119411D
C119DEA2
C11A7C24
C11B19A5
C11BB724
C11C54A0
C11CF21A
C11D8F93
C11E2D09
C11ECA7D
C11F67F0
C1200560
C120A2CF
C121403C
C121DDA7
C1227B11
C1231879
C123B5DF
C1245343
C124F0A6
C1258E08
C1262B67
C126C8C6
C1276623
C0644402
C064D9D7
C065709F
C0660867
C066A13B
C0673B28
C067D63B
C0687281
C0691007
C069AED9
C06A4F04
C06AF095
C06B9399
C06C381C
C06CDE2D
C06D85D7
C06E2F28
C06EDA2D
C06F86F3
C0703586
C070E5F4
C071984B
C0724C97
C07302E5
C073BB43
C07475BF
C0753265
C075F144
C076B268
C07775DF
C0783BB7
C07903FE
C079CEC1
C07A9C0F
C07B6BF5
C07C3E80
C07D13C0
C07DEBC2
C07EC694
C07FA445
C0804271
C080B43E
C081278E
C0819C6B
C08212DB
C0828AE5
C0830490
C0837FE5
C083FCE9
C0847BA4
C084FC1E
C0857E5D
C0860269
C086884A
C0871005
C08799A3
C088252A
C088B2A1
C0894210
C089D37E
C08A66F0
C08AFC6F
C08B9400
C08C2DAA
C08CC974
C08D6764
C08E0780
C08EA9CF
C08F4E56
C08FF51B
C0909E23
C0914974
C091F714
C092A706
C0935951
C0940DF7
C094C4FE
C0957E69
C0963A3D
C096F87B
C097B928
C0987C46
C09941D7
C09A09DD
C09AD45B
C09BA150
C09C70BF
C09D42A6
C09E1707
C09EEDE1
C09FC733
C0A0A2FB
C0A18139
C0A261E9
C0A34509
C0A42A96
C0A5128C
C0A5FCE7
C0A6E9A3
C0A7D8BA
C0A8CA27
C0A9BDE5
C0AAB3ED
C0ABAC37
C0ACA6BD
C0ADA378
C0AEA25E
C0AFA369
C0B0A68E
C0B1ABC5
C0B2B305
C0B3BC43
C0B4C775
C0B5D492
C0B6E38E
C0B7F45F
C0B906F9
C0BA1B53
C0BB315F
C0BC4913
C0BD6263
C0BE7D44
C0BF99AA
C0C0B788
C0C1D6D4
C0C2F781
C0C41985
C0C53CD2
C0C6615F
C0C7871E
C0C8AE06
C0C9D60A
C0CAFF20
C0CC293D
C0CD5455
C0CE8060
C0CFAD52
C0D0DB21
C0D209C3
C0D33930
C0D4695D
C0D59A41
C0D6CBD4
C0D7FE0D
C0D930E3
C0DA644F
C0DB9849
C0DCCCC9
C0DE01C8
C0DF373F
C0E06D27
C0E1A37A
C0E2DA32
C0E41148
C0E548B7
C0E6807A
C0E7B88B
C0E8F0E5
C0EA2983
C0EB6262
C0EC9B7C
C0EDD4CE
C0EF0E53
C0F04808
C0F181EA
C0F2BBF5
C0F3F625
C0F53079
C0F66AED
C0F7A57E
C0F8E02B
C0FA1AEF
C0FB55CB
C0FC90BA
C0FDCBBC
C0FF06CF
C10020F8
C100BE90
C1015C2D
C101F9CF
C1029776
C1033521
C103D2CF
C104707F
C1050E32
C105ABE7
C106499E
C106E755
C107850E
C10822C6
C108C07F
C1095E37
C109FBEF
C10A99A6
C10B375D
C10BD512
C10C72C6
C10D1079
C10DAE2A
C10E4BD9
C10EE987
C10F8732
C11024DC
C110C284
C111602A
C111FDCD
C1129B6F
C113390E
C113D6AB
C1147445
C11511DE
C115AF74
C1164D07
C116EA99
C1178828
C11825B5
C118C33F
C11960C8
C119FE4E
C11A9BD2
C11B3954
C11BD6D3
C11C7451
C11D11CC
C11DAF46
C11E4CBD
C11EEA32
C11F87A6
C1202517
C120C287
C1215FF5
C121FD61
C1229ACB
C1233834
C123D59A
C1247300
C1251063
C125ADC5
C1264B26
C126E885
C12785E2
C064F2CF
C06587D7
C0661DD2
C066B4CE
C0674CD7
C067E5F9
C0688043
C0691BC1
C069B87F
C06A568A
C06AF5F0
C06B96BD
C06C38FE
C06CDCC0
C06D8210
C06E28FB
C06ED18E
C06F7BD6
C07027E0
C070D5B9
C071856E
C072370D
C072EAA2
C073A03B
C07457E5
C07511AF
C075CDA4
C0768BD2
C0774C48
C0780F12
C078D43F
C0799BDB
C07A65F6
C07B329C
C07C01DC
C07CD3C3
C07DA860
C07E7FC0
C07F59F3
C0801B83
C0808B83
C080FD02
C0817006
C081E496
C0825ABB
C082D27B
C0834BDD
C083C6E8
C08443A5
C084C219
C085424D
C085C447
C086480F
C086CDAC
C0875525
C087DE82
C08869C9
C088F701
C0898631
C08A1761
C08AAA98
C08B3FDB
C08BD732
C08C70A3
C08D0C35
C08DA9EE
C08E49D4
C08EEBEE
C08F9042
C09036D4
C090DFAB
C0918ACC
C092383D
C092E802
C0939A1F
C0944E9A
C0950577
C095BEBA
C0967A65
C097387D
C097F905
C098BBFF
C099816D
C09A4952
C09B13AF
C09BE086
C09CAFD7
C09D81A2
C09E55E8
C09F2CA8
C0A005E1
C0A0E192
C0A1BFB9
C0A2A054
C0A38361
C0A468DB
C0A550C0
C0A63B0B
C0A727B8
C0A816C2
C0A90823
C0A9FBD5
C0AAF1D2
C0ABEA14
C0ACE492
C0ADE145
C0AEE026
C0AFE12B
C0B0E44D
C0B1E981
C0B2F0BE
C0B3F9FB
C0B5052E
C0B6124B
C0B72149
C0B8321C
C0B944BA
C0BA5917
C0BB6F28
C0BC86E1
C0BDA037
C0BEBB1E
C0BFD78B
C0C0F571
C0C214C6
C0C3357C
C0C45789
C0C57AE0
C0C69F76
C0C7C540
C0C8EC33
C0CA1442
C0CB3D64
C0CC678C
C0CD92B1
C0CEBEC8
C0CFEBC7
C0D119A2
C0D24852
C0D377CB
C0D4A805
C0D5D8F7
C0D70A97
C0D83CDD
C0D96FC1
C0DAA33A
C0DBD741
C0DD0BCF
C0DE40DB
C0DF765F
C0E0AC54
C0E1E2B5
C0E31979
C0E4509C
C0E58818
C0E6BFE8
C0E7F805
C0E9306C
C0EA6916
C0EBA201
C0ECDB27
C0EE1485
C0EF4E16
C0F087D6
C0F1C1C3
C0F2FBD9
C0F43614
C0F57073
C0F6AAF1
C0F7E58C
C0F92043
C0FA5B12
C0FB95F7
C0FCD0F0
C0FE0BFB
C0FF4716
C1004120
C100DEBC
C1017C5D
C1021A04
C102B7AF
C103555D
C103F30F
C10490C4
C1052E7A
C105CC33
C10669ED
C10707A8
C107A563
C108431F
C108E0DA
C1097E96
C10A1C51
C10ABA0B
C10B57C4
C10BF57C
C10C9333
C10D30E8
C10DCE9B
C10E6C4D
C10F09FD
C10FA7AB
C1104557
C110E301
C11180A9
C1121E4E
C112BBF1
C1135992
C113F731
C11494CD
C1153267
C115CFFF
C1166D95
C1170B28
C117A8B8
C1184647
C118E3D3
C119815C
C11A1EE4
C11ABC69
C11B59EC
C11BF76D
C11C94EB
C11D3268
C11DCFE2
C11E6D5B
C11F0AD1
C11FA846
C12045B8
C120E329
C1218097
C1221E04
C122BB6F
C12358D8
C123F640
C12493A6
C125310A
C125CE6D
C1266BCE
C127092E
C127A68C
C065A5B9
C06639EE
C066CF18
C0676544
C067FC7D
C06894D2
C0692E4E
C069C900
C06A64F3
C06B0234
C06BA0D1
C06C40D6
C06CE251
C06D854E
C06E29DA
C06ED002
C06F77D4
C070215C
C070CCA7
C07179C3
C07228BC
C072D9A0
C0738C7B
C074415D
C074F850
C075B164
C0766CA5
C0772A21
C077E9E6
C078AC00
C079707F
C07A376F
C07B00DE
C07BCCDA
C07C9B72
C07D6CB2
C07E40AA
C07F1766
C07FF0F6
C08066B4
C080D665
C0814795
C081BA4B
C0822E8F
C082A467
C0831BDB
C08394F3
C0840FB5
C0848C28
C0850A55
C0858A42
C0860BF6
C0868F79
C08714D2
C0879C08
C0882522
C088B028
C0893D20
C089CC11
C08A5D03
C08AEFFC
C08B8503
C08C1C1F
C08CB557
C08D50B0
C08DEE31
C08E8DE1
C08F2FC6
C08FD3E5
C0907A44
C09122EA
C091CDDA
C0927B1B
C0932AB2
C093DCA2
C09490F2
C09547A4
C09600BD
C096BC40
C0977A32
C0983A94
C098FD69
C099C2B5
C09A8A78
C09B54B5
C09C216C
C09CF09F
C09DC24E
C09E9678
C09F6D1E
C0A0463F
C0A121D8
C0A1FFE9
C0A2E070
C0A3C368
C0A4A8D0
C0A590A4
C0A67ADF
C0A7677D
C0A8567A
C0A947CE
C0AA3B75
C0AB3168
C0AC29A1
C0AD2417
C0AE20C4
C0AF1F9F
C0B020A0
C0B123BE
C0B228EF
C0B3302B
C0B43967
C0B5449A
C0B651B8
C0B760B8
C0B8718E
C0B9842F
C0BA9890
C0BBAEA6
C0BCC666
C0BDDFC2
C0BEFAB1
C0C01725
C0C13514
C0C25471
C0C37530
C0C49747
C0C5BAA9
C0C6DF4A
C0C8051F
C0C92C1D
C0CA5438
C0CB7D66
C0CCA79B
C0CDD2CD
C0CEFEF1
C0D02BFC
C0D159E5
C0D288A2
C0D3B829
C0D4E871
C0D61970
C0D74B1E
C0D87D73
C0D9B064
C0DAE3EC
C0DC1801
C0DD4C9C
C0DE81B6
C0DFB748
C0E0ED4B
C0E223B9
C0E35A8B
C0E491BC
C0E5C945
C0E70122
C0E8394C
C0E971C0
C0EAAA77
C0EBE36F
C0ED1CA1
C0EE560B
C0EF8FA8
C0F0C974
C0F2036D
C0F33D8E
C0F477D5
C0F5B23E
C0F6ECC7
C0F8276E
C0F9622E
C0FA9D07
C0FBD7F6
C0FD12F9
C0FE4E0E
C0FF8933
C1006233
C100FFD3
C1019D79
C1023B24
C102D8D3
C1037685
C104143B
C104B1F4
C1054FAE
C105ED6A
C1068B28
C10728E6
C107C6A5
C1086464
C1090223
C1099FE2
C10A3D9F
C10ADB5D
C10B7919
C10C16D3
C10CB48D
C10D5244
C10DEFFB
C10E8DAF
C10F2B61
C10FC911
C11066C0
C111046C
C111A216
C1123FBD
C112DD63
C1137B06
C11418A6
C114B644
C11553E0
C115F17A
C1168F11
C1172CA5
C117CA37
C11867C7
C1190555
C119A2E0
C11A4069
C11ADDEF
C11B7B73
C11C18F5
C11CB675
C11D53F3
C11DF16F
C11E8EE8
C11F2C5F
C11FC9D5
C1206748
C12104BA
C121A229
C1223F97
C122DD03
C1237A6D
C12417D6
C124B53C
C12552A1
C125F005
C1268D67
C1272AC7
C127C826
C0665CC9
C066F028
C067847D
C06819D4
C068B03A
C06947BD
C069E068
C06A7A49
C06B156E
C06BB1E2
C06C4FB2
C06CEEED
C06D8F9E
C06E31D2
C06ED597
C06F7AFA
C0702207
C070CACC
C0717555
C07221B1
C072CFEB
C0738011
C0743231
C074E657
C0759C92
C07654ED
C0770F78
C077CC3F
C0788B50
C0794CB8
C07A1086
C07AD6C7
C07B9F88
C07C6AD8
C07D38C5
C07E095C
C07EDCAC
C07FB2C3
C08045D7
C080B3BF
C081231F
C08193FF
C0820666
C0827A5C
C082EFE7
C083670F
C083DFDB
C0845A52
C084D67C
C0855460
C085D405
C0865572
C086D8AF
C0875DC3
C087E4B5
C0886D8C
C088F850
C0898507
C08A13B8
C08AA46B
C08B3726
C08BCBF1
C08C62D1
C08CFBCE
C08D96EE
C08E3437
C08ED3AF
C08F755E
C0901948
C090BF74
C09167E7
C09212A6
C092BFB7
C0936F1F
C09420E2
C094D505
C0958B8C
C096447B
C096FFD6
C097BDA0
C0987DDD
C099408E
C09A05B6
C09ACD57
C09B9773
C09C640B
C09D3320
C09E04B2
C09ED8C1
C09FAF4D
C0A08855
C0A163D7
C0A241D2
C0A32243
C0A40528
C0A4EA7E
C0A5D241
C0A6BC6C
C0A7A8FC
C0A897EA
C0A98933
C0AA7CCF
C0AB72B8
C0AC6AE8
C0AD6557
C0AE61FD
C0AF60D3
C0B061CF
C0B164EA
C0B26A19
C0B37154
C0B47A8F
C0B585C3
C0B692E3
C0B7A1E5
C0B8B2BE
C0B9C563
C0BAD9CA
C0BBEFE5
C0BD07AB
C0BE210F
C0BF3C05
C0C05881
C0C17679
C0C295DF
C0C3B6A9
C0C4D8CA
C0C5FC37
C0C720E3
C0C846C4
C0C96DCF
C0CA95F6
C0CBBF31
C0CCE973
C0CE14B2
C0CF40E4
C0D06DFD
C0D19BF4
C0D2CABF
C0D3FA55
C0D52AAB
C0D65BB9
C0D78D75
C0D8BFD8
C0D9F2D8
C0DB266E
C0DC5A92
C0DD8F3B
C0DEC464
C0DFFA05
C0E13016
C0E26692
C0E39D73
C0E4D4B1
C0E60C49
C0E74433
C0E87C6B
C0E9B4EC
C0EAEDB1
C0EC26B5
C0ED5FF5
C0EE996B
C0EFD315
C0F10CED
C0F246F2
C0F3811F
C0F4BB72
C0F5F5E7
C0F7307B
C0F86B2C
C0F9A5F8
C0FAE0DC
C0FC1BD5
C0FD56E2
C0FE9201
C0FFCD30
C1008436
C10121DB
C101BF86
C1025D35
C102FAE8
C103989F
C1043659
C104D415
C10571D4
C1060F94
C106AD55
C1074B17
C107E8D9
C108869C
C109245E
C109C220
C10A5FE1
C10AFDA1
C10B9B60
C10C391E
C10CD6DA
C10D7494
C10E124D
C10EB004
C10F4DB9
C10FEB6C
C110891C
C11126CB
C111C477
C1126220
C112FFC8
C1139D6D
C1143B0F
C114D8AF
C115764D
C11613E8
C116B181
C1174F17
C117ECAB
C1188A3D
C11927CC
C119C558
C11A62E2
C11B006A
C11B9DF0
C11C3B73
C11CD8F4
C11D7673
C11E13F0
C11EB16B
C11F4EE3
C11FEC5A
C12089CE
C1212740
C121C4B1
C1226220
C122FF8C
C1239CF7
C1243A61
C124D7C8
C125752E
C1261292
C126AFF5
C1274D56
C127EAB5
C067180B
C067AA90
C0683E0B
C068D28A
C0696819
C069FEC5
C06A969C
C06B2FAA
C06BC9FC
C06C659F
C06D02A0
C06DA10C
C06E40F0
C06EE25A
C06F8554
C07029EE
C070D034
C0717833
C07221F8
C072CD90
C0737B08
C0742A6E
C074DBCF
C0758F38
C07644B7
C076FC58
C077B62A
C0787239
C0793094
C079F148
C07AB462
C07B79F1
C07C4202
C07D0CA4
C07DD9E4
C07EA9D0
C07F7C76
C08028F2
C0809515
C08102AA
C08171B8
C081E247
C082545F
C082C805
C0833D42
C083B41C
C0842C9C
C084A6C8
C08522A7
C085A041
C0861F9D
C086A0C3
C08723B9
C087A887
C0882F34
C088B7C7
C0894248
C089CEBD
C08A5D2E
C08AEDA1
C08B801E
C08C14AB
C08CAB4F
C08D4410
C08DDEF6
C08E7C06
C08F1B47
C08FBCBF
C0906074
C091066B
C091AEAB
C0925939
C0930619
C093B552
C09466E7
C0951ADD
C095D139
C09689FE
C0974530
C09802D3
C098C2E9
C0998575
C09A4A7A
C09B11F9
C09BDBF4
C09CA86D
C09D7763
C09E48D8
C09F1CCC
C09FF33E
C0A0CC2D
C0A1A797
C0A2857C
C0A365D8
C0A448AA
C0A52DED
C0A6159F
C0A6FFBB
C0A7EC3C
C0A8DB1D
C0A9CC5A
C0AABFEB
C0ABB5CB
C0ACADF2
C0ADA85A
C0AEA4FA
C0AFA3CB
C0B0A4C3
C0B1A7DB
C0B2AD08
C0B3B442
C0B4BD7E
C0B5C8B2
C0B6D5D4
C0B7E4D9
C0B8F5B6
C0BA0861
C0BB1CCC
C0BC32EE
C0BD4ABB
C0BE6426
C0BF7F24
C0C09BAA
C0C1B9AB
C0C2D91C
C0C3F9F0
C0C51C1C
C0C63F94
C0C7644D
C0C88A3B
C0C9B151
C0CAD987
C0CC02CF
C0CD2D1F
C0CE586C
C0CF84AB
C0D0B1D3
C0D1DFD9
C0D30EB3
C0D43E57
C0D56EBD
C0D69FDA
C0D7D1A5
C0D90417
C0DA3727
C0DB6ACC
C0DC9EFF
C0DDD3B8
C0DF08F0
C0E03E9F
C0E174C0
C0E2AB4B
C0E3E23A
C0E51987
C0E6512D
C0E78926
C0E8C16C
C0E9F9FB
C0EB32CE
C0EC6BE0
C0EDA52D
C0EEDEB0
C0F01867
C0F1524D
C0F28C5E
C0F3C698
C0F500F7
C0F63B77
C0F77618
C0F8B0D4
C0F9EBAB
C0FB269A
C0FC619E
C0FD9CB6
C0FED7DF
C100098C
C100A730
C10144D9
C101E288
C102803C
C1031DF4
C103BBAF
C104596D
C104F72E
C10594F1
C10632B5
C106D07A
C1076E3F
C1080C06
C108A9CC
C1094791
C109E556
C10A831B
C10B20DE
C10BBEA0
C10C5C61
C10CFA20
C10D97DD
C10E3599
C10ED353
C10F710A
C1100EBF
C110AC72
C1114A23
C111E7D1
C112857D
C1132327
C113C0CE
C1145E73
C114FC15
C11599B4
C1163751
C116D4EC
C1177284
C1181019
C118ADAC
C1194B3D
C119E8CB
C11A8657
C11B23E0
C11BC167
C11C5EEC
C11CFC6E
C11D99EE
C11E376C
C11ED4E8
C11F7262
C1200FD9
C120AD4F
C1214AC2
C121E834
C12285A3
C1232311
C123C07D
C1245DE7
C124FB4F
C12598B6
C126361B
C126D37E
C12770E0
C1280E40
C067D789
C068692F
C068FBCD
C0698F70
C06A2424
C06AB9F7
C06B50F5
C06BE92C
C06C82A9
C06D1D78
C06DB9A6
C06E5741
C06EF655
C06F96F0
C070391D
C070DCEC
C0718267
C072299D
C072D29B
C0737D6D
C0742A21
C074D8C5
C0758964
C0763C0D
C076F0CD
C077A7B1
C07860C7
C0791C1D
C079D9BF
C07A99BC
C07B5C21
C07C20FC
C07CE85B
C07DB24C
C07E7EDD
C07F4E1B
C080100A
C0807A6D
C080E63B
C081537C
C081C238
C0823276
C082A43C
C0831792
C0838C80
C084030C
C0847B3E
C084F51D
C08570B1
C085EE01
C0866D13
C086EDF0
C087709E
C087F526
C0887B8D
C08903DC
C0898E19
C08A1A4C
C08AA87B
C08B38AE
C08BCAEB
C08C5F3A
C08CF5A1
C08D8E26
C08E28D1
C08EC5A8
C08F64B0
C09005F1
C090A970
C0914F33
C091F73F
C092A19A
C0934E4A
C093FD53
C094AEBA
C0956283
C09618B3
C096D14D
C0978C57
C09849D1
C09909C1
C099CC28
C09A9109
C09B5866
C09C2240
C09CEE99
C09DBD71
C09E8EC9
C09F62A1
C0A038F9
C0A111CF
C0A1ED22
C0A2CAF1
C0A3AB38
C0A48DF6
C0A57328
C0A65AC8
C0A744D4
C0A83147
C0A9201C
C0AA114C
C0AB04D3
C0ABFAAA
C0ACF2C9
C0ADED2A
C0AEE9C4
C0AFE890
C0B0E985
C0B1EC9B
C0B2F1C7
C0B3F900
C0B5023D
C0B60D73
C0B71A97
C0B829A0
C0B93A81
C0BA4D30
C0BB61A2
C0BC77CB
C0BD8F9F
C0BEA912
C0BFC419
C0C0E0A9
C0C1FEB4
C0C31E2F
C0C43F0F
C0C56147
C0C684CB
C0C7A991
C0C8CF8C
C0C9F6B0
C0CB1EF3
C0CC4849
C0CD72A8
C0CE9E04
C0CFCA52
C0D0F78A
C0D2259F
C0D35488
C0D4843C
C0D5B4B1
C0D6E5DE
C0D817BA
C0D94A3C
C0DA7D5B
C0DBB110
C0DCE553
C0DE1A1C
C0DF4F64
C0E08523
C0E1BB53
C0E2F1EE
C0E428EC
C0E56049
C0E697FE
C0E7D005
C0E9085A
C0EA40F8
C0EB79D9
C0ECB2F9
C0EDEC54
C0EF25E6
C0F05FAA
C0F1999D
C0F2D3BC
C0F40E02
C0F5486E
C0F682FB
C0F7BDA8
C0F8F871
C0FA3353
C0FB6E4E
C0FCA95D
C0FDE480
C0FF1FB4
C1002D7C
C100CB24
C10168D3
C1020687
C102A440
C10341FC
C103DFBC
C1047D7F
C1051B44
C105B90B
C10656D3
C106F49C
C1079266
C108302F
C108CDF9
C1096BC3
C10A098B
C10AA753
C10B451A
C10BE2DF
C10C80A3
C10D1E65
C10DBC25
C10E59E4
C10EF7A0
C10F955A
C1103312
C110D0C8
C1116E7B
C1120C2C
C112A9DA
C1134786
C113E52F
C11482D6
C115207A
C115BE1C
C1165BBA
C116F957
C11796F1
C1183488
C118D21D
C1196FAF
C11A0D3F
C11AAACC
C11B4857
C11BE5DF
C11C8365
C11D20E9
C11DBE6A
C11E5BE9
C11EF966
C11F96E1
C120345A
C120D1D1
C1216F45
C1220CB8
C122AA28
C1234797
C123E504
C124826F
C1251FD8
C125BD3F
C1265AA5
C126F809
C127956C
C12832CD
C0689B4C
C0692C10
C069BDCD
C06A5090
C06AE466
C06B795B
C06C0F7E
C06CA6DB
C06D3F7F
C06DD977
C06E74CF
C06F1196
C06FAFD7
C0704FA0
C070F0FE
C07193FE
C07238AD
C072DF18
C073874B
C0743155
C074DD42
C0758B20
C0763AFC
C076ECE2
C077A0E1
C0785706
C0790F5F
C079C9F8
C07A86E0
C07B4623
C07C07D1
C07CCBF6
C07D92A0
C07E5BDE
C07F27BE
C07FF64C
C08063CC
C080CDD8
C0813951
C081A63E
C08214A6
C0828491
C082F605
C083690B
C083DDA8
C08453E5
C084CBC9
C085455B
C085C0A2
C0863DA6
C086BC6E
C0873D01
C087BF67
C08843A7
C088C9C8
C08951D1
C089DBCA
C08A67BA
C08AF5A7
C08B8599
C08C1796
C08CABA6
C08D41CF
C08DDA18
C08E7488
C08F1124
C08FAFF4
C09050FD
C090F445
C09199D3
C09241AB
C092EBD4
C0939852
C094472B
C094F863
C095ABFF
C0966202
C0971A72
C097D552
C09892A5
C099526E
C09A14AF
C09AD96C
C09BA0A7
C09C6A60
C09D3699
C09E0553
C09ED68E
C09FAA4A
C0A08088
C0A15945
C0A23480
C0A31239
C0A3F26C
C0A4D517
C0A5BA36
C0A6A1C6
C0A78BC3
C0A87827
C0A966EF
C0AA5814
C0AB4B91
C0AC415F
C0AD3976
C0AE33D0
C0AF3065
C0B02F2D
C0B1301F
C0B23333
C0B3385E
C0B43F97
C0B548D5
C0B6540D
C0B76135
C0B87041
C0B98128
C0BA93DD
C0BBA855
C0BCBE85
C0BDD661
C0BEEFDE
C0C00AEF
C0C12788
C0C2459E
C0C36525
C0C48611
C0C5A855
C0C6CBE7
C0C7F0BA
C0C916C2
C0CA3DF5
C0CB6647
C0CC8FAC
C0CDBA1A
C0CEE585
C0D011E3
C0D13F2B
C0D26D50
C0D39C4A
C0D4CC0E
C0D5FC94
C0D72DD1
C0D85FBD
C0D99250
C0DAC580
C0DBF946
C0DD2D99
C0DE6273
C0DF97CB
C0E0CD9B
C0E203DB
C0E33A86
C0E47194
C0E5A901
C0E6E0C6
C0E818DD
C0E95141
C0EA89EE
C0EBC2DE
C0ECFC0D
C0EE3577
C0EF6F17
C0F0A8EA
C0F1E2EB
C0F31D17
C0F4576B
C0F591E4
C0F6CC7E
C0F80737
C0F9420D
C0FA7CFC
C0FBB802
C0FCF31D
C0FE2E4B
C0FF698B
C100526D
C100F01B
C1018DCF
C1022B88
C102C945
C1036707
C10404CB
C104A293
C105405C
C105DE28
C1067BF4
C10719C1
C107B78F
C108555D
C108F32B
C10990F8
C10A2EC4
C10ACC8F
C10B6A59
C10C0822
C10CA5E9
C10D43AF
C10DE172
C10E7F33
C10F1CF3
C10FBAB0
C110586A
C110F622
C11193D8
C112318C
C112CF3C
C1136CEA
C1140A96
C114A83F
C11545E5
C115E389
C116812A
C1171EC8
C117BC64
C11859FD
C118F793
C1199527
C11A32B9
C11AD047
C11B6DD4
C11C0B5E
C11CA8E5
C11D466A
C11DE3ED
C11E816E
C11F1EEC
C11FBC68
C12059E2
C120F759
C12194CF
C1223243
C122CFB4
C1236D24
C1240A92
C124A7FE
C1254568
C125E2D0
C1268037
C1271D9C
C127BAFF
C1285861
C069635E
C069F33C
C06A8415
C06B15F4
C06BA8E8
C06C3CFE
C06CD242
C06D68C2
C06E008A
C06E99A7
C06F3427
C06FD016
C0706D82
C0710C77
C071AD03
C0724F32
C072F311
C07398AE
C0744015
C074E954
C0759478
C076418E
C076F0A3
C077A1C5
C0785501
C0790A65
C079C1FD
C07A7BD8
C07B3803
C07BF68B
C07CB77F
C07D7AEC
C07E40E0
C07F0969
C07FD495
C0805139
C080B987
C081233C
C0818E5E
C081FAF6
C082690A
C082D8A1
C08349C2
C083BC76
C08430C2
C084A6AF
C0851E44
C0859788
C0861282
C0868F39
C0870DB6
C0878DFF
C088101C
C0889414
C08919ED
C089A1B0
C08A2B64
C08AB710
C08B44BA
C08BD46A
C08C6627
C08CF9F7
C08D8FE2
C08E27EE
C08EC222
C08F5E84
C08FFD1A
C0909DEB
C09140FC
C091E654
C0928DF8
C09337EE
C093E43A
C09492E2
C09543EB
C095F759
C096AD30
C0976575
C098202B
C098DD56
C0999CF8
C09A5F14
C09B23AD
C09BEAC4
C09CB45C
C09D8075
C09E4F11
C09F202F
C09FF3D0
C0A0C9F3
C0A1A297
C0A27DBC
C0A35B5E
C0A43B7D
C0A51E14
C0A60322
C0A6EAA1
C0A7D48F
C0A8C0E6
C0A9AFA1
C0AAA0BB
C0AB942E
C0AC89F3
C0AD8203
C0AE7C57
C0AF78E7
C0B077AB
C0B1789B
C0B27BAD
C0B380D7
C0B48812
C0B59151
C0B69C8C
C0B7A9B7
C0B8B8C8
C0B9C9B4
C0BADC70
C0BBF0EF
C0BD0727
C0BE1F0C
C0BF3892
C0C053AE
C0C17052
C0C28E74
C0C3AE07
C0C4CEFF
C0C5F151
C0C714F0
C0C839D1
C0C95FE9
C0CA872B
C0CBAF8C
C0CCD901
C0CE037E
C0CF2EFA
C0D05B69
C0D188C1
C0D2B6F7
C0D3E602
C0D515D8
C0D6466E
C0D777BD
C0D8A9BB
C0D9DC5F
C0DB0FA0
C0DC4378
C0DD77DC
C0DEACC7
C0DFE231
C0E11811
C0E24E63
C0E3851F
C0E4BC3E
C0E5F3BB
C0E72B90
C0E863B8
C0E99C2C
C0EAD4E9
C0EC0DE9
C0ED4727
C0EE80A0
C0EFBA4F
C0F0F430
C0F22E40
C0F3687B
C0F4A2DD
C0F5DD63
C0F7180B
C0F852D2
C0F98DB4
C0FAC8B0
C0FC03C2
C0FD3EEA
C0FE7A24
C0FFB56F
C1007865
C1011618
C101B3D2
C1025190
C102EF53
C1038D19
C1042AE3
C104C8AF
C105667E
C106044D
C106A21E
C1073FF0
C107DDC2
C1087B94
C1091966
C109B737
C10A5507
C10AF2D6
C10B90A3
C10C2E70
C10CCC3A
C10D6A03
C10E07C9
C10EA58E
C10F4350
C10FE110
C1107ECE
C1111C89
C111BA41
C11257F7
C112F5AA
C113935B
C1143109
C114CEB4
C1156C5C
C1160A02
C116A7A5
C1174545
C117E2E3
C118807E
C1191E16
C119BBAC
C11A593F
C11AF6CF
C11B945D
C11C31E9
C11CCF72
C11D6CF8
C11E0A7D
C11EA7FF
C11F457E
C11FE2FB
C1208076
C1211DEF
C121BB66
C12258DB
C122F64E
C12393BE
C124312D
C124CE9A
C1256C05
C126096E
C126A6D6
C127443B
C127E19F
C1287F02
C06A2FC9
C06ABEBD
C06B4EAE
C06BDFA7
C06C71B6
C06D04E8
C06D994B
C06E2EEA
C06EC5D3
C06F5E14
C06FF7B8
C07092CE
C0712F61
C071CD80
C0726D36
C0730E91
C073B19F
C074566B
C074FD04
C075A576
C0764FCE
C076FC1A
C077AA67
C0785AC2
C0790D39
C079C1D9
C07A78AF
C07B31CA
C07BED35
C07CAB01
C07D6B39
C07E2DEC
C07EF327
C07FBAFA
C08042B8
C080A94D
C0811142
C0817A9F
C081E56A
C08251AC
C082BF6A
C0832EAC
C0839F7A
C08411DB
C08485D6
C084FB72
C08572B7
C085EBAB
C0866657
C086E2C2
C08760F3
C087E0F1
C08862C4
C088E672
C0896C04
C089F381
C08A7CEF
C08B0855
C08B95BC
C08C252A
C08CB6A6
C08D4A36
C08DDFE2
C08E77B1
C08F11A8
C08FADCE
C0904C2B
C090ECC3
C0918F9D
C09234BF
C092DC2E
C09385F0
C094320A
C094E082
C095915B
C096449B
C096FA46
C097B25F
C0986CEB
C09929ED
C099E968
C09AAB5F
C09B6FD4
C09C36C8
C09D003F
C09DCC38
C09E9AB5
C09F6BB6
C0A03F3B
C0A11544
C0A1EDD0
C0A2C8DD
C0A3A66A
C0A48674
C0A568F8
C0A64DF4
C0A73563
C0A81F42
C0A90B8C
C0A9FA3B
C0AAEB4A
C0ABDEB4
C0ACD470
C0ADCC79
C0AEC6C8
C0AFC354
C0B0C214
C0B1C302
C0B2C612
C0B3CB3D
C0B4D279
C0B5DBBB
C0B6E6F9
C0B7F428
C0B9033F
C0BA1431
C0BB26F4
C0BC3B7B
C0BD51BC
C0BE69AB
C0BF833B
C0C09E61
C0C1BB11
C0C2D93F
C0C3F8DF
C0C519E5
C0C63C45
C0C75FF3
C0C884E3
C0C9AB0A
C0CAD25C
C0CBFACD
C0CD2452
C0CE4EE1
C0CF7A6E
C0D0A6EE
C0D1D457
C0D302A0
C0D431BC
C0D561A4
C0D6924D
C0D7C3AE
C0D8F5BD
C0DA2874
C0DB5BC7
C0DC8FB1
C0DDC428
C0DEF925
C0E02EA0
C0E16493
C0E29AF6
C0E3D1C3
C0E508F4
C0E64082
C0E77869
C0E8B0A1
C0E9E926
C0EB21F4
C0EC5B04
C0ED9453
C0EECDDB
C0F0079A
C0F1418A
C0F27BA9
C0F3B5F3
C0F4F063
C0F62AF8
C0F765AE
C0F8A083
C0F9DB72
C0FB167B
C0FC519B
C0FD8CCF
C0FEC816
C10001B7
C1009F6A
C1013D23
C101DAE2
C10278A6
C103166E
C103B43A
C1045209
C104EFDA
C1058DAD
C1062B82
C106C958
C107672E
C1080504
C108A2DA
C10940B0
C109DE85
C10A7C59
C10B1A2C
C10BB7FE
C10C55CE
C10CF39C
C10D9168
C10E2F32
C10ECCF9
C10F6ABF
C1100882
C110A642
C1114400
C111E1BB
C1127F74
C1131D2A
C113BADD
C114588D
C114F63B
C11593E5
C116318D
C116CF33
C1176CD5
C1180A75
C118A812
C11945AC
C119E343
C11A80D8
C11B1E6A
C11BBBFA
C11C5987
C11CF712
C11D949A
C11E321F
C11ECFA3
C11F6D24
C1200AA2
C120A81E
C1214599
C121E311
C1228086
C1231DFA
C123BB6C
C12458DC
C124F64A
C12593B6
C1263120
C126CE88
C1276BEF
C1280954
C128A6B7
C06B0095
C06B8E9C
C06C1DA1
C06CADB1
C06D3ED8
C06DD124
C06E64A2
C06EF95E
C06F8F66
C07026C7
C070BF8E
C07159C7
C071F57F
C07292C5
C07331A4
C073D229
C0747463
C075185D
C075BE24
C07665C7
C0770F52
C077BAD2
C0786854
C07917E6
C079C996
C07A7D70
C07B3382
C07BEBDA
C07CA685
C07D6391
C07E230C
C07EE503
C07FA984
C080384F
C0809D2F
C0810369
C0816B05
C081D409
C0823E7C
C082AA66
C08317CE
C08386BB
C083F735
C0846942
C084DCEA
C0855234
C085C929
C08641CE
C086BC2B
C0873848
C087B62C
C08835DE
C088B766
C0893ACC
C089C015
C08A474A
C08AD072
C08B5B93
C08BE8B6
C08C77E1
C08D091B
C08D9C6B
C08E31D7
C08EC968
C08F6322
C08FFF0D
C0909D2F
C0913D8E
C091E030
C092851B
C0932C55
C093D5E4
C09481CB
C0953012
C095E0BC
C09693CD
C097494B
C0980139
C098BB9B
C0997874
C09A37C8
C09AF999
C09BBDE9
C09C84BB
C09D4E10
C09E19EA
C09EE848
C09FB92C
C0A08C96
C0A16285
C0A23AF8
C0A315EE
C0A3F365
C0A4D35B
C0A5B5CC
C0A69AB7
C0A78216
C0A86BE7
C0A95823
C0AA46C6
C0AB37CB
C0AC2B2B
C0AD20E0
C0AE18E3
C0AF132C
C0B00FB4
C0B10E72
C0B20F5E
C0B3126E
C0B4179A
C0B51ED7
C0B6281C
C0B7335E
C0B84093
C0B94FAF
C0BA60A8
C0BB7372
C0BC8803
C0BD9E4D
C0BEB646
C0BFCFE1
C0C0EB13
C0C207D0
C0C3260B
C0C445B9
C0C566CD
C0C6893C
C0C7ACF9
C0C8D1F9
C0C9F830
C0CB1F93
C0CC4815
C0CD71AC
C0CE9C4C
C0CFC7EB
C0D0F47E
C0D221F9
C0D35054
C0D47F83
C0D5AF7E
C0D6E039
C0D811AD
C0D943D0
C0DA7699
C0DBAA00
C0DCDDFD
C0DE1286
C0DF4796
C0E07D24
C0E1B32A
C0E2E99F
C0E4207F
C0E557C2
C0E68F63
C0E7C75B
C0E8FFA5
C0EA383C
C0EB711A
C0ECAA3B
C0EDE39B
C0EF1D34
C0F05703
C0F19103
C0F2CB32
C0F4058B
C0F5400B
C0F67AAF
C0F7B573
C0F8F056
C0FA2B54
C0FB666B
C0FCA198
C0FDDCD9
C0FF182D
C10029C8
C100C782
C1016541
C1020306
C102A0D0
C1033E9E
C103DC6F
C1047A43
C105181A
C105B5F2
C10653CC
C106F1A6
C1078F81
C1082D5C
C108CB37
C1096911
C10A06EA
C10AA4C2
C10B4299
C10BE06E
C10C7E42
C10D1C14
C10DB9E3
C10E57B1
C10EF57C
C10F9344
C110310B
C110CECE
C1116C8F
C1120A4D
C112A808
C11345C1
C113E377
C114812A
C1151EDA
C115BC87
C1165A31
C116F7D9
C117957D
C118331F
C118D0BE
C1196E5A
C11A0BF4
C11AA98A
C11B471E
C11BE4B0
C11C823E
C11D1FCB
C11DBD54
C11E5ADB
C11EF860
C11F95E2
C1203362
C120D0E0
C1216E5B
C1220BD5
C122A94C
C12346C1
C123E434
C12481A4
C1251F13
C125BC80
C12659EB
C126F755
C12794BC
C1283222
C128CF86
C06BD5CA
C06C62E2
C06CF0F9
C06D801C
C06E1058
C06EA1BB
C06F3452
C06FC828
C0705D4D
C070F3CB
C0718BB1
C072250C
C072BFE8
C0735C52
C073FA57
C0749A05
C0753B68
C075DE8D
C0768382
C0772A53
C077D30E
C0787DC0
C0792A76
C079D93E
C07A8A24
C07B3D37
C07BF283
C07CAA17
C07D63FF
C07E204A
C07EDF06
C07FA03F
C0803202
C0809532
C080F9B6
C0815F95
C081C6D5
C0822F80
C082999A
C083052C
C083723D
C083E0D4
C08450F9
C084C2B2
C0853607
C085AAFF
C08621A1
C08699F6
C0871404
C0878FD3
C0880D69
C0888CCF
C0890E0C
C0899127
C08A1627
C08A9D14
C08B25F5
C08BB0D1
C08C3DAF
C08CCC96
C08D5D8E
C08DF09D
C08E85CA
C08F1D1B
C08FB698
C0905247
C090F02F
C0919054
C09232BE
C092D773
C0937E77
C09427D1
C094D386
C095819B
C0963215
C096E4F8
C0979A49
C098520B
C0990C43
C099C8F4
C09A8820
C09B49CB
C09C0DF7
C09CD4A6
C09D9DDA
C09E6993
C09F37D3
C0A0089B
C0A0DBE9
C0A1B1BE
C0A28A19
C0A364F8
C0A44259
C0A5223B
C0A6049A
C0A6E974
C0A7D0C3
C0A8BA85
C0A9A6B5
C0AA954D
C0AB8648
C0AC799F
C0AD6F4D
C0AE674A
C0AF618E
C0B05E12
C0B15CCE
C0B25DB9
C0B360CA
C0B465F7
C0B56D37
C0B6767F
C0B781C6
C0B88F00
C0B99E23
C0BAAF24
C0BBC1F7
C0BCD690
C0BDECE5
C0BF04E9
C0C01E90
C0C139CF
C0C25699
C0C374E2
C0C4949E
C0C5B5C2
C0C6D840
C0C7FC0E
C0C9211F
C0CA4767
C0CB6EDB
C0CC976F
C0CDC118
C0CEEBCB
C0D0177D
C0D14422
C0D271B1
C0D3A01F
C0D4CF62
C0D5FF70
C0D73040
C0D861C8
C0D993FE
C0DAC6DB
C0DBFA56
C0DD2E66
C0DE6304
C0DF9827
C0E0CDC9
C0E203E2
C0E33A6B
C0E4715E
C0E5A8B4
C0E6E067
C0E81872
C0E950CE
C0EA8977
C0EBC268
C0ECFB9B
C0EE350C
C0EF6EB6
C0F0A896
C0F1E2A7
C0F31CE6
C0F4574F
C0F591DF
C0F6CC92
C0F80766
C0F94258
C0FA7D64
C0FBB889
C0FCF3C5
C0FE2F14
C0FF6A75
C10052F3
C100F0B3
C1018E78
C1022C44
C102CA13
C10367E7
C10405BE
C104A398
C1054174
C105DF51
C1067D30
C1071B10
C107B8EF
C10856CF
C108F4AF
C109928D
C10A306B
C10ACE47
C10B6C22
C10C09FC
C10CA7D3
C10D45A9
C10DE37C
C10E814D
C10F1F1C
C10FBCE8
C1105AB1
C110F878
C111963C
C11233FD
C112D1BB
C1136F77
C1140D2F
C114AAE5
C1154897
C115E647
C11683F4
C117219D
C117BF44
C1185CE8
C118FA89
C1199827
C11A35C3
C11AD35C
C11B70F1
C11C0E85
C11CAC15
C11D49A3
C11DE72E
C11E84B7
C11F223D
C11FBFC1
C1205D42
C120FAC1
C121983E
C12235B9
C122D331
C12370A7
C1240E1B
C124AB8D
C12548FD
C125E66B
C12683D7
C1272142
C127BEAA
C1285C11
C128F976
C06CAF71
C06D3B96
C06DC8BC
C06E56F0
C06EE63F
C06F76B6
C0700863
C0709B52
C0712F90
C071C52A
C0725C2E
C072F4A7
C0738EA4
C0742A31
C074C75A
C075662E
C07606B9
C076A908
C0774D27
C077F326
C0789B0F
C07944F1
C079F0D9
C07A9ED4
C07B4EF0
C07C0139
C07CB5BE
C07D6C8C
C07E25B0
C07EE138
C07F9F33
C0802FD7
C080915B
C080F42C
C0815853
C081BDD6
C08224BB
C0828D0B
C082F6CC
C0836206
C083CEBF
C0843CFF
C084ACCE
C0851E32
C0859133
C08605D8
C0867C28
C086F42C
C0876DEA
C087E969
C08866B2
C088E5CB
C08966BC
C089E98C
C08A6E43
C08AF4E7
C08B7D81
C08C0816
C08C94AF
C08D2353
C08DB408
C08E46D5
C08EDBC2
C08F72D5
C0900C14
C090A786
C0914532
C091E51E
C0928750
C0932BCD
C093D29C
C0947BC1
C0952744
C095D527
C0968570
C0973825
C097ED48
C098A4DF
C0995EEC
C09A1B74
C09ADA79
C09B9BFE
C09C6006
C09D2692
C09DEFA4
C09EBB3E
C09F8960
C0A05A0A
C0A12D3E
C0A202F9
C0A2DB3B
C0A3B604
C0A49350
C0A5731E
C0A6556B
C0A73A34
C0A82174
C0A90B28
C0A9F74C
C0AAE5D9
C0ABD6CA
C0ACCA19
C0ADBFC0
C0AEB7B7
C0AFB1F8
C0B0AE79
C0B1AD33
C0B2AE1E
C0B3B12F
C0B4B65E
C0B5BDA1
C0B6C6EE
C0B7D23A
C0B8DF7B
C0B9EEA5
C0BAFFAE
C0BC128A
C0BD272E
C0BE3D8E
C0BF559E
C0C06F52
C0C18A9E
C0C2A776
C0C3C5CE
C0C4E59A
C0C606CE
C0C7295D
C0C84D3C
C0C9725E
C0CA98B8
C0CBC03F
C0CCE8E6
C0CE12A2
C0CF3D69
C0D0692E
C0D195E8
C0D2C38B
C0D3F20D
C0D52165
C0D65187
C0D7826C
C0D8B408
C0D9E654
C0DB1945
C0DC4CD5
C0DD80FA
C0DEB5AC
C0DFEAE4
C0E1209A
C0E256C7
C0E38D64
C0E4C46B
C0E5FBD5
C0E7339C
C0E86BBA
C0E9A42A
C0EADCE6
C0EC15E9
C0ED4F2E
C0EE88B1
C0EFC26D
C0F0FC5F
C0F23682
C0F370D2
C0F4AB4B
C0F5E5EC
C0F720AF
C0F85B93
C0F99694
C0FAD1B0
C0FC0CE4
C0FD482E
C0FE838C
C0FFBEFB
C1007D3D
C1011B03
C101B8CF
C10256A1
C102F477
C1039251
C104302E
C104CE0D
C1056BEF
C10609D2
C106A7B6
C107459B
C107E380
C1088164
C1091F49
C109BD2C
C10A5B0E
C10AF8EF
C10B96CE
C10C34AC
C10CD288
C10D7061
C10E0E38
C10EAC0D
C10F49DF
C10FE7AF
C110857C
C1112346
C111C10D
C1125ED1
C112FC92
C1139A51
C114380C
C114D5C4
C115737A
C116112C
C116AEDB
C1174C87
C117EA30
C11887D7
C119257A
C119C31A
C11A60B8
C11AFE52
C11B9BEA
C11C397F
C11CD711
C11D74A1
C11E122E
C11EAFB8
C11F4D40
C11FEAC6
C1208848
C12125C9
C121C347
C12260C3
C122FE3C
C1239BB4
C1243929
C124D69C
C125740D
C126117C
C126AEEA
C1274C55
C127E9BE
C1288726
C129248C
C06D8D92
C06E18C2
C06EA4F4
C06F3236
C06FC096
C070501F
C070E0E0
C07172E4
C072063A
C0729AEE
C073310D
C073C8A3
C07461BF
C074FC6C
C07598B8
C07636B0
C076D661
C07777D8
C0781B21
C078C04A
C0796760
C07A1071
C07ABB89
C07B68B6
C07C1805
C07CC984
C07D7D3F
C07E3346
C07EEBA4
C07FA669
C08031D0
C08091AD
C080F2D2
C0815545
C081B90E
C0821E34
C08284BD
C082ECB2
C0835619
C083C0F9
C0842D5A
C0849B43
C0850ABB
C0857BC9
C085EE75
C08662C7
C086D8C5
C0875077
C087C9E4
C0884514
C088C20E
C08940DA
C089C17F
C08A4404
C08AC870
C08B4ECB
C08BD71D
C08C616C
C08CEDBF
C08D7C1E
C08E0C90
C08E9F1C
C08F33C8
C08FCA9B
C090639C
C090FED2
C0919C42
C0923BF4
C092DDED
C0938233
C09428CC
C094D1BD
C0957D0C
C0962ABD
C096DAD6
C0978D5C
C0984252
C098F9BD
C099B3A0
C09A6FFF
C09B2EDC
C09BF03C
C09CB41F
C09D7A88
C09E4379
C09F0EF3
C09FDCF7
C0A0AD85
C0A1809D
C0A2563F
C0A32E69
C0A4091B
C0A4E652
C0A5C60D
C0A6A848
C0A78D00
C0A87432
C0A95DD9
C0AA49F0
C0AB3873
C0AC295B
C0AD1CA3
C0AE1243
C0AF0A35
C0B00472
C0B100F1
C0B1FFAB
C0B30095
C0B403A8
C0B508DA
C0B61021
C0B71973
C0B824C5
C0B9320D
C0BA4140
C0BB5252
C0BC6538
C0BD79E7
C0BE9053
C0BFA870
C0C0C232
C0C1DD8C
C0C2FA73
C0C418DB
C0C538B7
C0C659FC
C0C77C9D
C0C8A08D
C0C9C5C2
C0CAEC30
C0CC13CA
C0CD3C85
C0CE6655
C0CF9130
C0D0BD0A
C0D1E9D9
C0D31791
C0D44629
C0D57596
C0D6A5CE
C0D7D6C8
C0D9087A
C0DA3ADB
C0DB6DE2
C0DCA188
C0DDD5C2
C0DF0A8A
C0E03FD7
C0E175A2
C0E2ABE5
C0E3E297
C0E519B3
C0E65131
C0E7890C
C0E8C13F
C0E9F9C2
C0EB3292
C0EC6BA9
C0EDA501
C0EEDE97
C0F01866
C0F1526A
C0F28C9F
C0F3C700
C0F5018C
C0F63C3D
C0F77711
C0F8B206
C0F9ED17
C0FB2843
C0FC6387
C0FD9EE0
C0FEDA4C
C1000AE5
C100A8AC
C1014679
C101E44C
C1028224
C1032001
C103BDE1
C1045BC4
C104F9A9
C1059791
C106357A
C106D363
C107714E
C1080F38
C108AD22
C1094B0B
C109E8F3
C10A86DA
C10B24C0
C10BC2A4
C10C6085
C10CFE65
C10D9C43
C10E3A1E
C10ED7F7
C10F75CD
C11013A0
C110B170
C1114F3E
C111ED08
C1128AD0
C1132894
C113C656
C1146414
C11501CF
C1159F87
C1163D3C
C116DAEE
C117789C
C1181648
C118B3F1
C1195196
C119EF39
C11A8CD8
C11B2A75
C11BC80F
C11C65A6
C11D033A
C11DA0CC
C11E3E5A
C11EDBE6
C11F7970
C12016F7
C120B47B
C12151FD
C121EF7D
C1228CFA
C1232A75
C123C7ED
C1246564
C12502D8
C125A04B
C1263DBB
C126DB29
C1277895
C1281600
C128B368
C12950CF
C06E7034
C06EFA6C
C06F85A8
C07011F7
C0709F64
C0712DFD
C071BDD0
C0724EE8
C072E154
C073751F
C0740A57
C074A10A
C0753942
C075D30F
C0766E7C
C0770B96
C077AA6B
C0784B08
C078ED79
C07991CC
C07A380D
C07AE04B
C07B8A91
C07C36EF
C07CE570
C07D9622
C07E4914
C07EFE51
C07FB5E8
C08037F4
C080962E
C080F5AA
C081566E
C081B882
C0821BED
C08280B5
C082E6E2
C0834E7B
C083B787
C084220D
C0848E15
C084FBA6
C0856AC7
C085DB7F
C0864DD6
C086C1D4
C087377F
C087AEDE
C08827FB
C088A2DB
C0891F86
C0899E03
C08A1E5B
C08AA094
C08B24B6
C08BAAC8
C08C32D1
C08CBCD9
C08D48E6
C08DD701
C08E672F
C08EF978
C08F8DE3
C0902477
C090BD3A
C0915832
C091F567
C09294DE
C093369E
C093DAAD
C094810F
C09529CB
C095D4E7
C0968267
C0973250
C097E4A6
C098996F
C09950AE
C09A0A66
C09AC69C
C09B8552
C09C468C
C09D0A4B
C09DD092
C09E9962
C09F64BC
C0A032A2
C0A10313
C0A1D610
C0A2AB99
C0A383AC
C0A45E47
C0A53B6A
C0A61B12
C0A6FD3B
C0A7E1E4
C0A8C907
C0A9B2A1
C0AA9EAD
C0AB8D25
C0AC7E05
C0AD7145
C0AE66E0
C0AF5ECE
C0B05908
C0B15586
C0B2543F
C0B3552B
C0B45840
C0B55D75
C0B664C1
C0B76E18
C0B87971
C0B986C1
C0BA95FD
C0BBA71A
C0BCBA0B
C0BDCEC6
C0BEE53F
C0BFFD69
C0C11739
C0C232A3
C0C34F9A
C0C46E13
C0C58E01
C0C6AF57
C0C7D20A
C0C8F60E
C0CA1B57
C0CB41D8
C0CC6987
C0CD9256
C0CEBC3C
C0CFE72C
C0D1131C
C0D24001
C0D36DCF
C0D49C7D
C0D5CC00
C0D6FC4F
C0D82D60
C0D95F28
C0DA91A0
C0DBC4BE
C0DCF87A
C0DE2CCB
C0DF61A9
C0E0970D
C0E1CCEF
C0E30347
C0E43A0F
C0E57140
C0E6A8D4
C0E7E0C5
C0E9190C
C0EA51A5
C0EB8A89
C0ECC3B4
C0EDFD20
C0EF36CA
C0F070AD
C0F1AAC3
C0F2E50B
C0F41F7F
C0F55A1D
C0F694E0
C0F7CFC6
C0F90ACB
C0FA45ED
C0FB812A
C0FCBC7D
C0FDF7E6
C0FF3363
C1003778
C100D546
C101731A
C10210F4
C102AED3
C1034CB7
C103EA9D
C1048887
C1052673
C105C460
C106624F
C107003F
C1079E2E
C1083C1E
C108DA0D
C10977FC
C10A15E9
C10AB3D5
C10B51C0
C10BEFA8
C10C8D8F
C10D2B73
C10DC955
C10E6734
C10F0511
C10FA2EA
C11040C1
C110DE96
C1117C67
C1121A35
C112B7FF
C11355C7
C113F38C
C114914D
C1152F0B
C115CCC6
C1166A7E
C1170832
C117A5E4
C1184392
C118E13D
C1197EE5
C11A1C8A
C11ABA2C
C11B57CA
C11BF566
C11C92FF
C11D3095
C11DCE29
C11E6BB9
C11F0947
C11FA6D2
C120445B
C120E1E1
C1217F64
C1221CE5
C122BA64
C12357E0
C123F55A
C12492D2
C1253048
C125CDBB
C1266B2D
C127089C
C127A60A
C1284375
C128E0DF
C1297E47
C06F575E
C06FE09C
C0706AE1
C070F639
C07182B2
C072105A
C0729F3C
C0732F67
C073C0E6
C07453C8
C074E818
C0757DE4
C0761538
C076AE22
C07748AE
C077E4EA
C07882E1
C07922A3
C079C43A
C07A67B5
C07B0D21
C07BB48A
C07C5DFE
C07D098A
C07DB73C
C07E6721
C07F1947
C07FCDBA
C0804245
C0809EE1
C080FCB9
C0815BD3
C081BC36
C0821DEB
C08280F6
C082E560
C0834B30
C083B26D
C0841B1E
C084854A
C084F0F8
C0855E30
C085CCF9
C0863D5B
C086AF5D
C0872305
C087985C
C0880F6A
C0888834
C08902C4
C0897F1F
C089FD4F
C08A7D59
C08AFF46
C08B831D
C08C08E5
C08C90A5
C08D1A66
C08DA62D
C08E3402
C08EC3ED
C08F55F3
C08FEA1D
C0908071
C09118F5
C091B3B0
C09250A9
C092EFE6
C093916C
C0943543
C094DB6F
C09583F6
C0962EDE
C096DC2C
C0978BE5
C0983E0C
C098F2A7
C099A9BA
C09A6348
C09B1F55
C09BDDE5
C09C9EF8
C09D6293
C09E28B7
C09EF166
C09FBCA1
C0A08A69
C0A15ABF
C0A22DA1
C0A30311
C0A3DB0C
C0A4B592
C0A592A1
C0A67236
C0A7544E
C0A838E7
C0A91FFC
C0AA098A
C0AAF58B
C0ABE3FA
C0ACD4D2
C0ADC80C
C0AEBDA2
C0AFB58C
C0B0AFC4
C0B1AC40
C0B2AAFA
C0B3ABE7
C0B4AF00
C0B5B439
C0B6BB8A
C0B7C4E8
C0B8D049
C0B9DDA2
C0BAECE8
C0BBFE0F
C0BD110D
C0BE25D5
C0BF3C5B
C0C05494
C0C16E74
C0C289EE
C0C3A6F6
C0C4C581
C0C5E581
C0C706EA
C0C829B1
C0C94DC9
C0CA7326
C0CB99BD
C0CCC181
C0CDEA66
C0CF1462
C0D03F69
C0D16B6F
C0D2986B
C0D3C651
C0D4F516
C0D624B1
C0D75517
C0D8863F
C0D9B820
C0DAEAAF
C0DC1DE5
C0DD51B8
C0DE8621
C0DFBB16
C0E0F091
C0E2268A
C0E35CF9
C0E493D8
C0E5CB20
C0E702CB
C0E83AD1
C0E9732F
C0EAABDD
C0EBE4D6
C0ED1E16
C0EE5798
C0EF9156
C0F0CB4D
C0F20577
C0F33FD2
C0F47A5A
C0F5B50A
C0F6EFE0
C0F82AD8
C0F965EF
C0FAA123
C0FBDC71
C0FD17D5
C0FE534F
C0FF8EDB
C100653C
C1010311
C101A0ED
C1023ECF
C102DCB5
C1037AA0
C104188D
C104B67D
C1055470
C105F264
C1069059
C1072E4E
C107CC44
C1086A39
C109082E
C109A622
C10A4415
C10AE206
C10B7FF5
C10C1DE2
C10CBBCE
C10D59B6
C10DF79D
C10E9580
C10F3361
C10FD13F
C1106F1A
C1110CF2
C111AAC7
C1124898
C112E667
C1138432
C11421FA
C114BFBE
C1155D80
C115FB3D
C11698F8
C11736AF
C117D463
C1187214
C1190FC2
C119AD6C
C11A4B14
C11AE8B8
C11B8659
C11C23F7
C11CC192
C11D5F2A
C11DFCBF
C11E9A52
C11F37E1
C11FD56E
C12072F9
C1211080
C121AE05
C1224B88
C122E908
C1238686
C1242401
C124C17B
C1255EF1
C125FC66
C12699D9
C1273749
C127D4B8
C1287225
C1290F8F
C129ACF8
C0704318
C070CB5A
C07154A4
C071DF05
C0726A89
C072F73D
C073852E
C0741469
C074A4FB
C07536F0
C075CA57
C0765F3B
C076F5A9
C0778DAF
C0782759
C078C2B5
C0795FCE
C079FEB3
C07A9F6F
C07B4211
C07BE6A6
C07C8D39
C07D35DA
C07DE094
C07E8D75
C07F3C8C
C07FEDE4
C08050C6
C080ABC9
C0810801
C0816576
C081C42E
C0822431
C0828585
C082E831
C0834C3C
C083B1AF
C084188E
C08480E3
C084EAB4
C0855609
C085C2E8
C0863159
C086A164
C087130F
C0878663
C087FB66
C0887220
C088EA99
C08964D7
C089E0E3
C08A5EC3
C08ADE80
C08B6021
C08BE3AC
C08C692A
C08CF0A1
C08D7A1A
C08E059A
C08E932A
C08F22D1
C08FB495
C090487D
C090DE90
C09176D6
C0921153
C092AE10
C0934D12
C093EE5F
C09491FE
C09537F4
C095E046
C0968AFB
C0973816
C097E79E
C0989997
C0994E05
C09A04EB
C09ABE4F
C09B7A34
C09C389C
C09CF98A
C09DBD01
C09E8302
C09F4B91
C0A016AD
C0A0E457
C0A1B491
C0A28759
C0A35CB0
C0A43494
C0A50F05
C0A5EC00
C0A6CB82
C0A7AD8A
C0A89214
C0A9791C
C0AA629D
C0AB4E94
C0AC3CFA
C0AD2DCB
C0AE20FF
C0AF1691
C0B00E78
C0B108AE
C0B2052B
C0B303E6
C0B404D6
C0B507F2
C0B60D30
C0B71488
C0B81DEE
C0B92957
C0BA36BA
C0BB460B
C0BC573E
C0BD6A48
C0BE7F1E
C0BF95B3
C0C0ADFC
C0C1C7EC
C0C2E378
C0C40092
C0C51F2F
C0C63F43
C0C760C0
C0C8839C
C0C9A7C9
C0CACD3C
C0CBF3E8
C0CD1BC3
C0CE44BF
C0CF6ED3
C0D099F1
C0D1C60F
C0D2F323
C0D42121
C0D54FFF
C0D67FB2
C0D7B031
C0D8E172
C0DA136B
C0DB4613
C0DC7961
C0DDAD4D
C0DEE1CE
C0E016DC
C0E14C70
C0E28281
C0E3B908
C0E4EFFF
C0E6275E
C0E75F20
C0E8973E
C0E9CFB2
C0EB0876
C0EC4186
C0ED7ADC
C0EEB473
C0EFEE47
C0F12853
C0F26292
C0F39D02
C0F4D79D
C0F61261
C0F74D4A
C0F88855
C0F9C37F
C0FAFEC5
C0FC3A24
C0FD759B
C0FEB125
C0FFECC2
C1009438
C1013215
C101CFF9
C1026DE2
C1030BD0
C103A9C2
C10447B6
C104E5AE
C10583A7
C10621A1
C106BF9D
C1075D99
C107FB94
C1089990
C109378A
C109D584
C10A737C
C10B1172
C10BAF67
C10C4D59
C10CEB49
C10D8937
C10E2722
C10EC50A
C10F62EF
C11000D1
C1109EB0
C1113C8C
C111DA65
C112783A
C113160C
C113B3DB
C11451A6
C114EF6E
C1158D33
C1162AF4
C116C8B1
C117666B
C1180422
C118A1D6
C1193F86
C119DD33
C11A7ADD
C11B1883
C11BB627
C11C53C7
C11CF164
C11D8EFF
C11E2C96
C11ECA2A
C11F67BC
C120054B
C120A2D7
C1214060
C121DDE7
C1227B6B
C12318ED
C123B66C
C12453E9
C124F164
C1258EDC
C1262C52
C126C9C6
C1276738
C12804A7
C128A215
C1293F81
C129DCEB
C0713368
C071BAAC
C07242FB
C072CC62
C07356EF
C073E2AD
C0746FAB
C074FDF5
C0758D99
C0761EA1
C076B11D
C0774518
C077DAA0
C07871C1
C0790A87
C079A501
C07A413B
C07ADF42
C07B7F23
C07C20EB
C07CC4A7
C07D6A64
C07E122F
C07EBC17
C07F6827
C0800B37
C080637C
C080BCEA
C0811788
C081735C
C081D06D
C0822EC3
C0828E64
C082EF56
C08351A3
C083B54F
C0841A63
C08480E6
C084E8DF
C0855254
C085BD4E
C08629D4
C08697ED
C08707A0
C08778F5
C087EBF3
C08860A2
C088D709
C0894F2F
C089C91C
C08A44D8
C08AC269
C08B41D8
C08BC32C
C08C466B
C08CCB9F
C08D52CD
C08DDBFD
C08E6737
C08EF481
C08F83E3
C0901564
C090A90B
C0913EDE
C091D6E4
C0927124
C0930DA5
C093AC6C
C0944D80
C094F0E6
C09596A5
C0963EC3
C096E944
C097962E
C0984585
C098F74F
C099AB8F
C09A624A
C09B1B84
C09BD740
C09C9580
C09D5649
C09E199C
C09EDF7C
C09FA7EA
C0A072E7
C0A14074
C0A21092
C0A2E341
C0A3B87F
C0A4904D
C0A56AA9
C0A64790
C0A72701
C0A808F9
C0A8ED74
C0A9D46F
C0AABDE6
C0ABA9D3
C0AC9831
C0AD88FB
C0AE7C2A
C0AF71B8
C0B0699D
C0B163D2
C0B26050
C0B35F0C
C0B46000
C0B56321
C0B66865
C0B76FC4
C0B87932
C0B984A5
C0BA9213
C0BBA16F
C0BCB2B0
C0BDC5C8
C0BEDAAD
C0BFF152
C0C109AB
C0C223AD
C0C33F4B
C0C45C78
C0C57B29
C0C69B51
C0C7BCE4
C0C8DFD6
C0CA0419
C0CB29A3
C0CC5067
C0CD7859
C0CEA16D
C0CFCB99
C0D0F6D0
C0D22307
C0D35034
C0D47E4B
C0D5AD43
C0D6DD10
C0D80DA8
C0D93F03
C0DA7116
C0DBA3D8
C0DCD740
C0DE0B46
C0DF3FE0
C0E07508
C0E1AAB4
C0E2E0DE
C0E4177F
C0E54E8E
C0E68606
C0E7BDE0
C0E8F616
C0EA2EA2
C0EB677E
C0ECA0A5
C0EDDA12
C0EF13C0
C0F04DAA
C0F187CB
C0F2C220
C0F3FCA5
C0F53755
C0F6722E
C0F7AD2B
C0F8E84A
C0FA2387
C0FB5EE0
C0FC9A52
C0FDD5DA
C0FF1176
C1002692
C100C471
C1016257
C1020043
C1029E35
C1033C2A
C103DA23
C104781F
C105161E
C105B41E
C1065220
C106F022
C1078E24
C1082C26
C108CA28
C1096828
C10A0628
C10AA425
C10B4221
C10BE01B
C10C7E13
C10D1C08
C10DB9FB
C10E57EA
C10EF5D7
C10F93C1
C11031A8
C110CF8B
C1116D6B
C1120B48
C112A921
C11346F7
C113E4C9
C1148298
C1152063
C115BE2B
C1165BEF
C116F9B0
C117976D
C1183527
C118D2DD
C1197090
C11A0E40
C11AABEC
C11B4995
C11BE73B
C11C84DE
C11D227D
C11DC01A
C11E5DB3
C11EFB4A
C11F98DD
C120366E
C120D3FC
C1217187
C1220F10
C122AC95
C1234A19
C123E79A
C1248518
C1252294
C125C00E
C1265D85
C126FAFA
C127986D
C12835DE
C128D34D
C12970BA
C12A0E25
C0722853
C072AE98
C07335EA
C073BE57
C07447EB
C074D2B4
C0755EBE
C075EC16
C0767AC9
C0770AE4
C0779C73
C0782F85
C078C424
C0795A5F
C079F242
C07A8BD9
C07B2733
C07BC45B
C07C635F
C07D044C
C07DA72E
C07E4C14
C07EF30A
C07F9C1D
C08023AE
C0807A69
C080D247
C0812B4F
C0818587
C081E0F6
C0823DA3
C0829B96
C082FAD5
C0835B66
C083BD52
C08420A0
C0848555
C084EB7A
C0855316
C085BC30
C08626D0
C08692FC
C08700BC
C0877017
C087E115
C08853BD
C088C817
C0893E2A
C089B5FE
C08A2F9A
C08AAB05
C08B2847
C08BA768
C08C286E
C08CAB62
C08D304B
C08DB72F
C08E4017
C08ECB0A
C08F580F
C08FE72C
C090786A
C0910BCF
C091A161
C0923928
C092D32B
C0936F6F
C0940DFB
C094AED5
C0955204
C095F78D
C0969F75
C09749C3
C097F67B
C098A5A2
C099573C
C09A0B4F
C09AC1DF
C09B7AEF
C09C3682
C09CF49C
C09DB540
C09E786F
C09F3E2D
C0A0067B
C0A0D159
C0A19ECA
C0A26ECC
C0A34161
C0A41688
C0A4EE40
C0A5C887
C0A6A55C
C0A784BC
C0A866A4
C0A94B12
C0AA3200
C0AB1B6C
C0AC0750
C0ACF5A7
C0ADE66B
C0AED995
C0AFCF20
C0B0C704
C0B1C13A
C0B2BDB9
C0B3BC78
C0B4BD70
C0B5C096
C0B6C5E2
C0B7CD49
C0B8D6C1
C0B9E23E
C0BAEFB8
C0BBFF21
C0BD106F
C0BE2397
C0BF388B
C0C04F41
C0C167AD
C0C281C1
C0C39D73
C0C4BAB4
C0C5D97A
C0C6F9B8
C0C81B61
C0C93E69
C0CA62C4
C0CB8866
C0CCAF42
C0CDD74D
C0CF007B
C0D02AC0
C0D15611
C0D28263
C0D3AFAA
C0D4DDDC
C0D60CEE
C0D73CD6
C0D86D89
C0D99EFF
C0DAD12C
C0DC0409
C0DD378C
C0DE6BAD
C0DFA062
C0E0D5A4
C0E20B6B
C0E341B0
C0E4786A
C0E5AF93
C0E6E725
C0E81F18
C0E95767
C0EA900C
C0EBC900
C0ED0240
C0EE3BC4
C0EF7589
C0F0AF8A
C0F1E9C3
C0F3242E
C0F45EC9
C0F5998F
C0F6D47D
C0F80F8F
C0F94AC2
C0FA8613
C0FBC180
C0FCFD05
C0FE38A0
C0FF744F
C1005808
C100F5F0
C10193DE
C10231D3
C102CFCC
C1036DCA
C1040BCB
C104A9CF
C10547D5
C105E5DC
C10683E5
C10721EE
C107BFF7
C1085E00
C108FC08
C1099A0F
C10A3814
C10AD618
C10B741A
C10C1219
C10CB016
C10D4E11
C10DEC08
C10E89FD
C10F27EF
C10FC5DD
C11063C8
C11101B0
C1119F95
C1123D75
C112DB53
C113792C
C1141703
C114B4D5
C11552A4
C115F06F
C1168E37
C1172BFB
C117C9BB
C1186778
C1190531
C119A2E7
C11A409A
C11ADE49
C11B7BF4
C11C199D
C11CB742
C11D54E4
C11DF282
C11E901E
C11F2DB7
C11FCB4C
C12068DF
C121066F
C121A3FC
C1224186
C122DF0E
C1237C93
C1241A15
C124B795
C1255513
C125F28E
C1269007
C1272D7D
C127CAF2
C1286864
C12905D4
C129A342
C12A40AE
C07321E2
C073A726
C0742D7A
C074B4EB
C0753D86
C075C757
C076526C
C076DED1
C0776C93
C077FBBF
C0788C62
C0791E88
C079B23F
C07A4793
C07ADE91
C07B7745
C07C11BE
C07CAE07
C07D4C2D
C07DEC3E
C07E8E47
C07F3255
C07FD874
C0804059
C080958F
C080EBE2
C0814358
C0819BF9
C081F5CB
C08250D5
C082AD1F
C0830AAE
C083698A
C083C9BB
C0842B46
C0848E34
C084F28A
C0855852
C085BF91
C086284F
C0869293
C086FE65
C0876BCC
C087DACF
C0884B76
C088BDC9
C08931CE
C089A78D
C08A1F0E
C08A9857
C08B1372
C08B9064
C08C0F37
C08C8FF0
C08D1298
C08D9735
C08E1DD0
C08EA670
C08F311C
C08FBDDA
C0904CB3
C090DDAE
C09170D1
C0920623
C0929DAA
C093376F
C093D377
C09471C8
C0951269
C095B560
C0965AB2
C0970266
C097AC80
C0985906
C09907FC
C099B969
C09A6D4F
C09B23B3
C09BDC98
C09C9803
C09D55F7
C09E1676
C09ED982
C09F9F1F
C0A0674C
C0A1320D
C0A1FF61
C0A2CF49
C0A3A1C5
C0A476D4
C0A54E76
C0A628AA
C0A7056C
C0A7E4BC
C0A8C695
C0A9AAF5
C0AA91D8
C0AB7B3A
C0AC6716
C0AD5566
C0AE4625
C0AF394C
C0B02ED5
C0B126B8
C0B220EF
C0B31D70
C0B41C33
C0B51D30
C0B6205D
C0B725B1
C0B82D21
C0B936A3
C0BA422D
C0BB4FB3
C0BC5F2A
C0BD7087
C0BE83BF
C0BF98C5
C0C0AF8D
C0C1C80B
C0C2E233
C0C3FDFA
C0C51B51
C0C63A2D
C0C75A82
C0C87C42
C0C99F63
C0CAC3D6
C0CBE991
C0CD1087
C0CE38AC
C0CF61F5
C0D08C55
C0D1B7C1
C0D2E42E
C0D41190
C0D53FDE
C0D66F0C
C0D79F0F
C0D8CFDF
C0DA0171
C0DB33BB
C0DC66B4
C0DD9A53
C0DECE8F
C0E00360
C0E138BE
C0E26EA0
C0E3A500
C0E4DBD5
C0E6131A
C0E74AC6
C0E882D4
C0E9BB3D
C0EAF3FB
C0EC2D09
C0ED6662
C0EE9FFF
C0EFD9DD
C0F113F6
C0F24E46
C0F388C9
C0F4C37A
C0F5FE57
C0F7395B
C0F87482
C0F9AFCB
C0FAEB31
C0FC26B2
C0FD624C
C0FE9DFB
C0FFD9BD
C1008AC8
C10128B9
C101C6B1
C10264AE
C10302B0
C103A0B6
C1043EBF
C104DCCB
C1057AD9
C10618E8
C106B6F8
C1075508
C107F319
C1089128
C1092F37
C109CD44
C10A6B50
C10B095A
C10BA762
C10C4567
C10CE36A
C10D816A
C10E1F67
C10EBD61
C10F5B57
C10FF94B
C110973B
C1113527
C111D310
C11270F5
C1130ED7
C113ACB4
C1144A8E
C114E865
C1158637
C1162406
C116C1D1
C1175F99
C117FD5C
C1189B1C
C11938D9
C119D692
C11A7447
C11B11F9
C11BAFA7
C11C4D52
C11CEAFA
C11D889E
C11E263F
C11EC3DD
C11F6178
C11FFF10
C1209CA4
C1213A36
C121D7C5
C1227551
C12312DB
C123B062
C1244DE6
C124EB67
C12588E6
C1262663
C126C3DD
C1276155
C127FECB
C1289C3F
C12939B0
C129D71F
C12A748D
C0742018
C074A45B
C07529B0
C075B024
C07637C5
C076C09E
C0774ABD
C077D62E
C07862FF
C078F13B
C07980F1
C07A122C
C07AA4F9
C07B3966
C07BCF7E
C07C674F
C07D00E5
C07D9C4F
C07E3997
C07ED8CC
C07F79FA
C0800E98
C080613C
C080B4F1
C08109BD
C0815FA7
C081B6B5
C0820EEF
C082685B
C082C300
C0831EE5
C0837C11
C083DA8B
C0843A59
C0849B84
C084FE11
C0856209
C085C773
C0862E54
C08696B6
C087009F
C0876C17
C087D925
C08847D0
C088B820
C0892A1C
C0899DCB
C08A1336
C08A8A64
C08B035C
C08B7E26
C08BFAC9
C08C794C
C08CF9B8
C08D7C14
C08E0067
C08E86B8
C08F0F0F
C08F9973
C09025EC
C090B480
C0914538
C091D818
C0926D2A
C0930472
C0939DF9
C09439C5
C094D7DB
C0957843
C0961B02
C096C01E
C097679C
C0981183
C098BDD7
C0996C9E
C09A1DDC
C09AD195
C09B87CE
C09C408A
C09CFBCD
C09DB99A
C09E79F5
C09F3CDE
C0A0025A
C0A0CA68
C0A1950B
C0A26243
C0A33210
C0A40474
C0A4D96D
C0A5B0FA
C0A68B1A
C0A767CA
C0A8470A
C0A928D5
C0AA0D29
C0AAF401
C0ABDD5A
C0ACC92E
C0ADB778
C0AEA833
C0AF9B57
C0B090DF
C0B188C3
C0B282FB
C0B37F80
C0B47E48
C0B57F4B
C0B68280
C0B787DC
C0B88F57
C0B998E4
C0BAA47A
C0BBB20E
C0BCC195
C0BDD302
C0BEE64B
C0BFFB63
C0C1123F
C0C22AD1
C0C3450F
C0C460EB
C0C57E59
C0C69D4C
C0C7BDB9
C0C8DF92
C0CA02CC
C0CB275A
C0CC4D2F
C0CD7440
C0CE9C81
C0CFC5E5
C0D0F061
C0D21BE9
C0D34873
C0D475F2
C0D5A45D
C0D6D3A8
C0D803C9
C0D934B6
C0DA6665
C0DB98CC
C0DCCBE2
C0DDFF9F
C0DF33F8
C0E068E6
C0E19E61
C0E2D460
C0E40ADC
C0E541CE
C0E6792E
C0E7B0F6
C0E8E91F
C0EA21A3
C0EB5A7D
C0EC93A5
C0EDCD18
C0EF06CF
C0F040C6
C0F17AF8
C0F2B561
C0F3EFFC
C0F52AC5
C0F665B9
C0F7A0D4
C0F8DC13
C0FA1771
C0FB52ED
C0FC8E84
C0FDCA32
C0FF05F5
C10020E6
C100BED9
C1015CD4
C101FAD5
C10298DB
C10336E6
C103D4F5
C1047307
C105111B
C105AF31
C1064D48
C106EB60
C1078978
C108278F
C108C5A6
C10963BB
C10A01CF
C10A9FE2
C10B3DF2
C10BDC00
C10C7A0B
C10D1814
C10DB61A
C10E541C
C10EF21C
C10F9018
C1102E10
C110CC05
C11169F6
C11207E4
C112A5CD
C11343B3
C113E195
C1147F73
C1151D4E
C115BB24
C11658F7
C116F6C5
C1179490
C1183258
C118D01B
C1196DDB
C11A0B96
C11AA94F
C11B4703
C11BE4B5
C11C8262
C11D200D
C11DBDB3
C11E5B57
C11EF8F7
C11F9694
C120342E
C120D1C5
C1216F59
C1220CEA
C122AA78
C1234803
C123E58C
C1248312
C1252095
C125BE16
C1265B94
C126F910
C1279689
C1283401
C128D176
C1296EE8
C12A0C59
C12AA9C8
C07522FB
C075A63C
C0762A92
C076B009
C07736AF
C077BE8F
C07847B8
C078D235
C0795E13
C079EB60
C07A7A28
C07B0A77
C07B9C5B
C07C2FDF
C07CC512
C07D5BFF
C07DF4B3
C07E8F3C
C07F2BA6
C07FC9FE
C0803529
C0808657
C080D890
C0812BDA
C081803C
C081D5BD
C0822C63
C0828436
C082DD3C
C083377B
C08392FC
C083EFC4
C0844DDB
C084AD48
C0850E11
C085703F
C085D3D8
C08638E3
C0869F67
C087076D
C08770FB
C087DC18
C08848CC
C088B71F
C0892717
C08998BD
C08A0C18
C08A812E
C08AF809
C08B70AF
C08BEB28
C08C677B
C08CE5B0
C08D65CE
C08DE7DD
C08E6BE5
C08EF1ED
C08F79FB
C0900418
C090904B
C0911E9B
C091AF0F
C09241AE
C092D67E
C0936D88
C09406D1
C094A261
C095403C
C095E06B
C09682F2
C09727D7
C097CF21
C09878D5
C09924F8
C099D38F
C09A849E
C09B382B
C09BEE39
C09CA6CC
C09D61E7
C09E1F8F
C09EDFC5
C09FA28C
C0A067E7
C0A12FD6
C0A1FA5C
C0A2C778
C0A3972C
C0A46978
C0A53E5A
C0A615D3
C0A6EFE0
C0A7CC80
C0A8ABB0
C0A98D6E
C0AA71B6
C0AB5885
C0AC41D5
C0AD2DA2
C0AE1BE7
C0AF0C9E
C0AFFFC1
C0B0F548
C0B1ED2E
C0B2E769
C0B3E3F2
C0B4E2C0
C0B5E3CA
C0B6E708
C0B7EC6E
C0B8F3F4
C0B9FD8E
C0BB0932
C0BC16D5
C0BD266C
C0BE37EB
C0BF4B46
C0C06072
C0C17762
C0C2900A
C0C3AA5E
C0C4C651
C0C5E3D7
C0C702E3
C0C82369
C0C9455D
C0CA68B1
C0CB8D5A
C0CCB34B
C0CDDA79
C0CF02D6
C0D02C57
C0D156F0
C0D28296
C0D3AF3E
C0D4DCDB
C0D60B64
C0D73ACE
C0D86B0D
C0D99C19
C0DACDE7
C0DC006C
C0DD33A1
C0DE677C
C0DF9BF4
C0E0D100
C0E20699
C0E33CB6
C0E47350
C0E5AA5F
C0E6E1DC
C0E819C1
C0E95207
C0EA8AA7
C0EBC39D
C0ECFCE1
C0EE366F
C0EF7041
C0F0AA52
C0F1E49E
C0F31F21
C0F459D5
C0F594B7
C0F6CFC4
C0F80AF6
C0F9464C
C0FA81C2
C0FBBD55
C0FCF901
C0FE34C5
C0FF709E
C1005644
C100F442
C1019247
C1023052
C102CE61
C1036C76
C1040A8E
C104A8A8
C10546C5
C105E4E3
C1068303
C1072122
C107BF42
C1085D61
C108FB7F
C109999C
C10A37B7
C10AD5D0
C10B73E7
C10C11FC
C10CB00D
C10D4E1C
C10DEC28
C10E8A30
C10F2835
C10FC636
C1106434
C111022E
C111A024
C1123E16
C112DC05
C11379EF
C11417D6
C114B5B8
C1155397
C115F171
C1168F48
C1172D1A
C117CAE9
C11868B3
C119067A
C119A43D
C11A41FC
C11ADFB8
C11B7D6F
C11C1B24
C11CB8D4
C11D5681
C11DF42A
C11E91D1
C11F2F73
C11FCD13
C1206AAF
C1210848
C121A5DE
C1224371
C122E101
C1237E8F
C1241C19
C124B9A1
C1255726
C125F4A8
C1269228
C1272FA6
C127CD21
C1286A99
C1290810
C129A584
C12A42F6
C12AE066
C0762A92
C076ACD0
C0773026
C077B4A0
C0783A4A
C078C131
C0794963
C079D2EC
C07A5DD8
C07AEA35
C07B780F
C07C0772
C07C986B
C07D2B08
C07DBF54
C07E555D
C07EED2F
C07F86D8
C0801132
C0805FEF
C080AFAC
C081006D
C081523A
C081A51A
C081F912
C0824E2A
C082A468
C082FBD3
C0835473
C083AE4D
C0840969
C08465CD
C084C381
C085228C
C08582F5
C085E4C2
C08647FC
C086ACA8
C08712D0
C0877A79
C087E3AB
C0884E6E
C088BAC9
C08928C3
C0899864
C08A09B4
C08A7CB9
C08AF17B
C08B6803
C08BE056
C08C5A7E
C08CD681
C08D5468
C08DD439
C08E55FC
C08ED9B9
C08F5F76
C08FE73C
C0907112
C090FCFF
C0918B0A
C0921B3B
C092AD98
C0934229
C093D8F3
C09471FF
C0950D52
C095AAF3
C0964AE8
C096ED38
C09791E8
C09838FD
C098E27E
C0998E70
C09A3CD7
C09AEDB9
C09BA119
C09C56FC
C09D0F66
C09DCA5B
C09E87DD
C09F47EF
C0A00A95
C0A0CFCF
C0A197A0
C0A26209
C0A32F0B
C0A3FEA6
C0A4D0DA
C0A5A5A7
C0A67D0C
C0A75707
C0A83397
C0A912B8
C0A9F46A
C0AAD8A7
C0ABBF6C
C0ACA8B4
C0AD947C
C0AE82BD
C0AF7371
C0B06693
C0B15C1B
C0B25403
C0B34E42
C0B44AD0
C0B549A5
C0B64AB8
C0B74DFF
C0B85371
C0B95B03
C0BA64AB
C0BB705F
C0BC7E12
C0BD8DBA
C0BE9F4C
C0BFB2BB
C0C0C7FB
C0C1DF01
C0C2F7C0
C0C4122B
C0C52E37
C0C64BD6
C0C76AFC
C0C88B9D
C0C9ADAC
C0CAD11D
C0CBF5E3
C0CD1BF1
C0CE433C
C0CF6BB7
C0D09556
C0D1C00F
C0D2EBD4
C0D4189B
C0D54658
C0D67500
C0D7A48A
C0D8D4E9
C0DA0615
C0DB3802
C0DC6AA8
C0DD9DFD
C0DED1F7
C0E0068F
C0E13BBB
C0E27173
C0E3A7AF
C0E4DE67
C0E61595
C0E74D31
C0E88534
C0E9BD97
C0EAF655
C0EC2F68
C0ED68C8
C0EEA273
C0EFDC61
C0F1168E
C0F250F5
C0F38B92
C0F4C660
C0F6015C
C0F73C82
C0F877CE
C0F9B33C
C0FAEECA
C0FC2A74
C0FD6638
C0FEA212
C0FFDE01
C1008D01
C1012B09
C101C918
C102672D
C1030547
C103A365
C1044186
C104DFAA
C1057DD0
C1061BF7
C106BA1F
C1075847
C107F66E
C1089495
C10932BB
C109D0DF
C10A6F02
C10B0D22
C10BAB40
C10C495B
C10CE773
C10D8588
C10E239A
C10EC1A9
C10F5FB3
C10FFDBA
C1109BBD
C11139BD
C111D7B8
C11275AF
C11313A3
C113B192
C1144F7D
C114ED64
C1158B47
C1162925
C116C700
C11764D6
C11802A9
C118A077
C1193E41
C119DC08
C11A79CA
C11B1789
C11BB544
C11C52FB
C11CF0AE
C11D8E5E
C11E2C0A
C11EC9B3
C11F6758
C12004FA
C120A299
C1214034
C121DDCD
C1227B62
C12318F4
C123B683
C1245410
C124F199
C1258F20
C1262CA4
C126CA26
C12767A5
C1280522
C128A29C
C1294014
C129DD89
C12A7AFD
C12B186E
C07736E0
C077B81C
C0783A72
C078BDED
C079429C
C079C88B
C07A4FC6
C07AD85A
C07B6254
C07BEDC1
C07C7AAC
C07D0924
C07D9933
C07E2AE8
C07EBE4E
C07F5373
C07FEA63
C0804195
C0808EEC
C080DD3B
C0812C8A
C0817CDF
C081CE40
C08220B5
C0827443
C082C8F2
C0831EC8
C08375CC
C083CE05
C084277A
C0848231
C084DE32
C0853B83
C0859A2C
C085FA33
C0865BA1
C086BE7B
C08722CA
C0878894
C087EFE0
C08858B7
C088C320
C0892F21
C0899CC3
C08A0C0D
C08A7D05
C08AEFB5
C08B6424
C08BDA58
C08C525A
C08CCC30
C08D47E4
C08DC57C
C08E44FF
C08EC676
C08F49E8
C08FCF5C
C09056DA
C090E068
C0916C10
C091F9D6
C09289C4
C0931BDF
C093B030
C09446BB
C094DF8A
C0957AA1
C0961808
C096B7C4
C09759DC
C097FE56
C098A538
C0994E86
C099FA47
C09AA87F
C09B5933
C09C0C68
C09CC221
C09D7A63
C09E3530
C09EF28D
C09FB27D
C0A07501
C0A13A1B
C0A201CE
C0A2CC1B
C0A39903
C0A46885
C0A53AA3
C0A60F5B
C0A6E6AD
C0A7C097
C0A89D17
C0A97C2B
C0AA5DD0
C0AB4203
C0AC28C0
C0AD1202
C0ADFDC5
C0AEEC02
C0AFDCB5
C0B0CFD7
C0B1C561
C0B2BD4C
C0B3B790
C0B4B425
C0B5B302
C0B6B41E
C0B7B771
C0B8BCEF
C0B9C48F
C0BACE46
C0BBDA09
C0BCE7CF
C0BDF78A
C0BF092F
C0C01CB3
C0C1320A
C0C24926
C0C361FD
C0C47C82
C0C598A7
C0C6B661
C0C7D5A3
C0C8F660
C0CA188C
C0CB3C1A
C0CC60FE
C0CD872B
C0CEAE95
C0CFD72F
C0D100EF
C0D22BC7
C0D357AD
C0D48494
C0D5B273
C0D6E13C
C0D810E7
C0D94167
C0DA72B4
C0DBA4C3
C0DCD78A
C0DE0B00
C0DF3F1C
C0E073D4
C0E1A921
C0E2DEFA
C0E41556
C0E54C2F
C0E6837D
C0E7BB38
C0E8F35A
C0EA2BDD
C0EB64B9
C0EC9DEA
C0EDD769
C0EF1130
C0F04B3B
C0F18585
C0F2C008
C0F3FAC1
C0F535AB
C0F670C2
C0F7AC02
C0F8E767
C0FA22EF
C0FB5E96
C0FC9A58
C0FDD634
C0FF1226
C1002716
C100C521
C1016335
C102014E
C1029F6E
C1033D92
C103DBBA
C10479E5
C1051812
C105B641
C1065472
C106F2A2
C10790D3
C1082F03
C108CD32
C1096B60
C10A098C
C10AA7B6
C10B45DE
C10BE403
C10C8225
C10D2044
C10DBE60
C10E5C78
C10EFA8D
C10F989D
C11036AA
C110D4B3
C11172B8
C11210B9
C112AEB5
C1134CAE
C113EAA2
C1148891
C115267D
C115C464
C1166247
C1170026
C1179E00
C1183BD7
C118D9A9
C1197777
C11A1541
C11AB307
C11B50C9
C11BEE87
C11C8C41
C11D29F8
C11DC7AA
C11E655A
C11F0305
C11FA0AD
C1203E52
C120DBF3
C1217991
C122172B
C122B4C3
C1235257
C123EFE8
C1248D77
C1252B02
C125C88B
C1266611
C1270395
C127A115
C1283E94
C128DC0F
C1297989
C12A1700
C12AB475
C12B51E7
C07847EB
C078C824
C079497A
C079CBF8
C07A4FAC
C07AD4A2
C07B5AE6
C07BE286
C07C6B8E
C07CF60B
C07D8208
C07E0F94
C07E9EB9
C07F2F86
C07FC206
C0802B24
C080762B
C080C21E
C0810F06
C0815CE7
C081ABC8
C081FBB1
C0824CA7
C0829EB0
C082F1D5
C083461B
C0839B89
C083F226
C08449F9
C084A308
C084FD5A
C08558F7
C085B5E6
C086142D
C08673D3
C086D4E1
C087375C
C0879B4C
C08800B9
C08867A9
C088D025
C0893A33
C089A5DB
C08A1324
C08A8217
C08AF2B9
C08B6514
C08BD92E
C08C4F0F
C08CC6BF
C08D4045
C08DBBA9
C08E38F2
C08EB829
C08F3953
C08FBC7A
C09041A5
C090C8DA
C0915222
C091DD84
C0926B06
C092FAB1
C0938C8B
C094209B
C094B6E8
C0954F79
C095EA55
C0968782
C0972706
C097C8E7
C0986D2C
C09913D9
C099BCF6
C09A6886
C09B168F
C09BC716
C09C7A1F
C09D2FAF
C09DE7C8
C09EA270
C09F5FA9
C0A01F75
C0A0E1D8
C0A1A6D4
C0A26E6A
C0A3389B
C0A40569
C0A4D4D4
C0A5A6DC
C0A67B80
C0A752BF
C0A82C99
C0A9090A
C0A9E812
C0AAC9AC
C0ABADD6
C0AC948B
C0AD7DC7
C0AE6986
C0AF57C1
C0B04874
C0B13B97
C0B23124
C0B32914
C0B4235E
C0B51FFA
C0B61EE0
C0B72008
C0B82366
C0B928F2
C0BA30A0
C0BB3A68
C0BC463D
C0BD5415
C0BE63E5
C0BF759F
C0C0893A
C0C19EA8
C0C2B5DD
C0C3CECE
C0C4E96D
C0C605AD
C0C72384
C0C842E2
C0C963BD
C0CA8608
C0CBA9B5
C0CCCEB8
C0CDF505
C0CF1C8F
C0D0454B
C0D16F2B
C0D29A25
C0D3C62D
C0D4F337
C0D62137
C0D75024
C0D87FF1
C0D9B094
C0DAE204
C0DC1435
C0DD471F
C0DE7AB8
C0DFAEF6
C0E0E3D1
C0E21940
C0E34F3A
C0E485B9
C0E5BCB3
C0E6F422
C0E82BFE
C0E96441
C0EA9CE4
C0EBD5E0
C0ED0F30
C0EE48CE
C0EF82B4
C0F0BCDD
C0F1F745
C0F331E5
C0F46CBB
C0F5A7C1
C0F6E2F4
C0F81E4F
C0F959D0
C0FA9572
C0FBD132
C0FD0D0E
C0FE4903
C0FF850D
C1006095
C100FEAD
C1019CCB
C1023AF0
C102D91B
C1037749
C104157C
C104B3B1
C10551E8
C105F021
C1068E5B
C1072C95
C107CACE
C1086907
C109073F
C109A575
C10A43A9
C10AE1DB
C10B800B
C10C1E37
C10CBC61
C10D5A87
C10DF8A9
C10E96C8
C10F34E3
C10FD2FA
C110710D
C1110F1C
C111AD27
C1124B2D
C112E92F
C113872C
C1142526
C114C31A
C115610B
C115FEF6
C1169CDE
C1173AC1
C117D8A0
C118767A
C1191450
C119B222
C11A4FF0
C11AEDB9
C11B8B7F
C11C2940
C11CC6FE
C11D64B8
C11E026D
C11EA01F
C11F3DCE
C11FDB79
C1207920
C12116C4
C121B464
C1225201
C122EF9B
C1238D31
C1242AC5
C124C855
C12565E3
C126036E
C126A0F6
C1273E7B
C127DBFD
C128797D
C12916FB
C129B476
C12A51EE
C12AEF65
C12B8CD9
C0795DB6
C079DCEE
C07A5D44
C07ADEC5
C07B617E
C07BE57B
C07C6AC9
C07CF175
C07D798C
C07E0319
C07E8E29
C07F1AC9
C07FA905
C0801C75
C0806543
C080AEF1
C080F987
C081450B
C0819184
C081DEF7
C0822D6B
C0827CE7
C082CD72
C0831F11
C08371CC
C083C5A9
C0841AAF
C08470E5
C084C851
C08520FB
C0857AE9
C085D623
C08632AF
C0869094
C086EFDA
C0875087
C087B2A3
C0881635
C0887B45
C088E1D9
C08949FA
C089B3AE
C08A1EFC
C08A8BEE
C08AFA89
C08B6AD5
C08BDCDB
C08C50A1
C08CC62F
C08D3D8D
C08DB6C3
C08E31D7
C08EAED2
C08F2DBB
C08FAE9A
C0903177
C090B658
C0913D45
C091C646
C0925162
C092DEA1
C0936E09
C093FFA2
C0949372
C0952981
C095C1D6
C0965C76
C096F969
C09798B5
C0983A5F
C098DE6F
C09984E9
C09A2DD4
C09AD934
C09B870F
C09C3769
C09CEA48
C09D9FAE
C09E57A0
C09F1222
C09FCF37
C0A08EE2
C0A15125
C0A21602
C0A2DD7B
C0A3A792
C0A47447
C0A5439B
C0A6158D
C0A6EA1E
C0A7C14C
C0A89B16
C0A9777A
C0AA5675
C0AB3806
C0AC1C27
C0AD02D6
C0ADEC0E
C0AED7C9
C0AFC604
C0B0B6B7
C0B1A9DC
C0B29F6D
C0B39762
C0B491B4
C0B58E59
C0B68D4A
C0B78E7D
C0B891E9
C0B99783
C0BA9F43
C0BBA91C
C0BCB504
C0BDC2F1
C0BED2D5
C0BFE4A7
C0C0F859
C0C20DE0
C0C32530
C0C43E3B
C0C558F6
C0C67554
C0C79348
C0C8B2C5
C0C9D3BF
C0CAF629
C0CC19F6
C0CD3F1B
C0CE6589
C0CF8D36
C0D0B614
C0D1E017
C0D30B35
C0D43760
C0D5648D
C0D692B2
C0D7C1C2
C0D8F1B3
C0DA227B
C0DB540F
C0DC8664
C0DDB972
C0DEED2F
C0E02191
C0E15690
C0E28C22
C0E3C240
C0E4F8E2
C0E62FFF
C0E76791
C0E89F8F
C0E9D7F4
C0EB10B8
C0EC49D5
C0ED8346
C0EEBD04
C0EFF70A
C0F13153
C0F26BD9
C0F3A699
C0F4E18C
C0F61CB0
C0F75800
C0F89377
C0F9CF14
C0FB0AD2
C0FC46AD
C0FD82A3
C0FEBEB2
C0FFFAD5
C1009B86
C10139A9
C101D7D4
C1027604
C103143A
C103B274
C10450B1
C104EEF1
C1058D33
C1062B76
C106C9B9
C10767FD
C1080640
C108A482
C10942C2
C109E101
C10A7F3E
C10B1D78
C10BBBAF
C10C59E3
C10CF814
C10D9641
C10E346B
C10ED291
C10F70B3
C1100ED0
C110ACEA
C1114AFF
C111E90F
C112871B
C1132523
C113C326
C1146124
C114FF1E
C1159D14
C1163B04
C116D8F0
C11776D8
C11814BB
C118B29A
C1195074
C119EE4A
C11A8C1C
C11B29E9
C11BC7B2
C11C6577
C11D0338
C11DA0F5
C11E3EAE
C11EDC63
C11F7A14
C12017C2
C120B56C
C1215312
C121F0B5
C1228E55
C1232BF1
C123C98A
C1246720
C12504B3
C125A242
C1263FCF
C126DD59
C1277AE0
C1281864
C128B5E6
C1295365
C129F0E2
C12A8E5C
C12B2BD4
C12BC94A
C07A7847
C07AF67D
C07B75D4
C07BF658
C07C7817
C07CFB1D
C07D7F75
C07E052E
C07E8C53
C07F14F1
C07F9F15
C0801565
C0805C0F
C080A38E
C080EBE9
C0813526
C0817F4C
C081CA60
C0821669
C082636F
C082B176
C0830086
C08350A5
C083A1DA
C083F42C
C08447A1
C0849C3F
C084F20E
C0854915
C085A159
C085FAE3
C08655BA
C086B1E3
C0870F67
C0876E4C
C087CE9A
C0883057
C088938B
C088F83E
C0895E76
C089C63C
C08A2F96
C08A9A8B
C08B0724
C08B7569
C08BE55F
C08C5710
C08CCA82
C08D3FBE
C08DB6CA
C08E2FAF
C08EAA75
C08F2722
C08FA5BE
C0902651
C090A8E3
C0912D7C
C091B421
C0923CDC
C092C7B3
C09354AE
C093E3D4
C094752C
C09508BD
C0959E8E
C09636A6
C096D10B
C0976DC5
C0980CD9
C098AE4D
C0995228
C099F870
C09AA129
C09B4C5A
C09BFA07
C09CAA35
C09D5CE9
C09E1227
C09EC9F2
C09F844F
C0A04141
C0A100CA
C0A1C2EE
C0A287AD
C0A34F0B
C0A41907
C0A4E5A4
C0A5B4E2
C0A686C0
C0A75B3F
C0A8325C
C0A90C17
C0A9E86E
C0AAC75F
C0ABA8E6
C0AC8D00
C0AD73AA
C0AE5CDE
C0AF4898
C0B036D3
C0B12787
C0B21AB0
C0B31047
C0B40843
C0B5029D
C0B5FF4C
C0B6FE49
C0B7FF89
C0B90304
C0BA08AF
C0BB107F
C0BC1A6C
C0BD2669
C0BE346B
C0BF4466
C0C05650
C0C16A1C
C0C27FBD
C0C39728
C0C4B050
C0C5CB29
C0C6E7A5
C0C805B8
C0C92555
C0CA4670
C0CB68FB
C0CC8CEB
C0CDB232
C0CED8C4
C0D00094
C0D12996
C0D253BE
C0D37F00
C0D4AB50
C0D5D8A3
C0D706ED
C0D83623
C0D9663A
C0DA9727
C0DBC8E1
C0DCFB5C
C0DE2E90
C0DF6272
C0E096FA
C0E1CC1E
C0E301D5
C0E43818
C0E56EDE
C0E6A620
C0E7DDD5
C0E915F7
C0EA4E7F
C0EB8766
C0ECC0A6
C0EDFA39
C0EF3419
C0F06E40
C0F1A8A9
C0F2E350
C0F41E2F
C0F55941
C0F69484
C0F7CFF2
C0F90B87
C0FA4741
C0FB831B
C0FCBF12
C0FDFB24
C0FF374D
C10039C6
C100D7EE
C101761E
C1021455
C102B291
C10350D3
C103EF18
C1048D61
C1052BAB
C105C9F8
C1066845
C1070693
C107A4E0
C108432D
C108E179
C1097FC2
C10A1E0A
C10ABC4F
C10B5A92
C10BF8D2
C10C970E
C10D3547
C10DD37C
C10E71AD
C10F0FDA
C10FAE02
C1104C27
C110EA47
C1118862
C1122679
C112C48B
C1136298
C11400A1
C1149EA5
C1153CA4
C115DA9F
C1167894
C1171685
C117B472
C1185259
C118F03D
C1198E1B
C11A2BF5
C11AC9CB
C11B679C
C11C0569
C11CA331
C11D40F6
C11DDEB6
C11E7C72
C11F1A2B
C11FB7DF
C1205590
C120F33D
C12190E6
C1222E8C
C122CC2E
C12369CC
C1240768
C124A500
C1254295
C125E027
C1267DB6
C1271B42
C127B8CB
C1285651
C128F3D5
C1299156
C12A2ED4
C12ACC50
C12B69CA
C12C0741
C07B97A2
C07C14D6
C07C932F
C07D12B8
C07D937D
C07E158C
C07E98F0
C07F1DB6
C07FA3EB
C08015CD
C0805A69
C0809FCF
C080E604
C0812D11
C08174F9
C081BDC5
C082077B
C0825220
C0829DBB
C082EA53
C08337EE
C0838692
C083D647
C0842712
C08478FA
C084CC06
C085203E
C08575A6
C085CC47
C0862427
C0867D4D
C086D7C1
C0873388
C08790AA
C087EF2F
C0884F1D
C088B07C
C0891353
C08977A9
C089DD86
C08A44F0
C08AADF1
C08B188E
C08B84CF
C08BF2BC
C08C625D
C08CD3B9
C08D46D8
C08DBBC2
C08E327D
C08EAB12
C08F2588
C08FA1E7
C0902037
C090A07F
C09122C7
C091A717
C0922D75
C092B5EA
C093407C
C093CD34
C0945C18
C094ED2F
C0958081
C0961615
C096ADF1
C097481C
C097E49C
C0988379
C09924B8
C099C85F
C09A6E74
C09B16FD
C09BC1FF
C09C6F7F
C09D1F81
C09DD20B
C09E8721
C09F3EC7
C09FF8FF
C0A0B5CE
C0A17537
C0A2373C
C0A2FBDE
C0A3C321
C0A48D05
C0A5598A
C0A628B3
C0A6FA7D
C0A7CEEA
C0A8A5F8
C0A97FA6
C0AA5BF1
C0AB3AD8
C0AC1C57
C0AD006B
C0ADE710
C0AED042
C0AFBBFB
C0B0AA37
C0B19AEF
C0B28E1D
C0B383B9
C0B47BBD
C0B57621
C0B672DC
C0B771E6
C0B87335
C0B976C0
C0BA7C7C
C0BB8461
C0BC8E62
C0BD9A74
C0BEA88E
C0BFB8A2
C0C0CAA5
C0C1DE8C
C0C2F449
C0C40BD1
C0C52518
C0C6400F
C0C75CAB
C0C87ADF
C0C99A9E
C0CABBDB
C0CBDE8A
C0CD029D
C0CE2808
C0CF4EBF
C0D076B4
C0D19FDC
C0D2CA2A
C0D3F593
C0D5220A
C0D64F83
C0D77DF4
C0D8AD51
C0D9DD90
C0DB0EA5
C0DC4086
C0DD7329
C0DEA683
C0DFDA8D
C0E10F3B
C0E24486
C0E37A64
C0E4B0CD
C0E5E7BA
C0E71F21
C0E856FC
C0E98F43
C0EAC7EF
C0EC00FB
C0ED3A5F
C0EE7415
C0EFAE17
C0F0E861
C0F222EC
C0F35DB4
C0F498B4
C0F5D3E7
C0F70F49
C0F84AD7
C0F9868B
C0FAC263
C0FBFE5A
C0FD3A6F
C0FE769D
C0FFB2E2
C100779E
C10115D3
C101B410
C1025254
C102F09D
C1038EEB
C1042D3C
C104CB91
C10569E7
C106083E
C106A697
C10744EF
C107E347
C108819E
C1091FF3
C109BE46
C10A5C97
C10AFAE6
C10B9931
C10C3779
C10CD5BE
C10D73FF
C10E123C
C10EB074
C10F4EA9
C10FECD9
C1108B04
C111292B
C111C74D
C112656A
C1130383
C113A196
C1143FA5
C114DDAE
C1157BB3
C11619B3
C116B7AE
C11755A4
C117F395
C1189182
C1192F69
C119CD4C
C11A6B2B
C11B0904
C11BA6DA
C11C44AA
C11CE277
C11D803F
C11E1E03
C11EBBC2
C11F597E
C11FF736
C12094E9
C1213299
C121D045
C1226DEE
C1230B93
C123A934
C12446D2
C124E46D
C1258204
C1261F98
C126BD29
C1275AB8
C127F843
C12895CB
C1293351
C129D0D3
C12A6E54
C12B0BD1
C12BA94C
C12C46C5
C07CBBC9
C07D37FE
C07DB559
C07E33E7
C07EB3B4
C07F34CD
C07FB73E
C0801D89
C080602C
C080A38D
C080E7B3
C0812CA4
C0817267
C081B900
C0820078
C08248D3
C0829219
C082DC4F
C083277C
C08373A7
C083C0D6
C0840F0F
C0845E59
C084AEBB
C085003A
C08552DF
C085A6AF
C085FBB2
C08651ED
C086A969
C087022C
C0875C3C
C087B7A2
C0881463
C0887288
C088D217
C0893318
C0899592
C089F98C
C08A5F0D
C08AC61D
C08B2EC4
C08B9909
C08C04F3
C08C728A
C08CE1D5
C08D52DD
C08DC5A9
C08E3A40
C08EB0AB
C08F28F0
C08FA318
C0901F2A
C0909D2D
C0911D2B
C0919F29
C0922330
C092A947
C0933177
C093BBC5
C0944839
C094D6DC
C09567B3
C095FAC7
C096901D
C09727BE
C097C1AF
C0985DF7
C098FC9D
C0999DA7
C09A411B
C09AE6FE
C09B8F57
C09C3A2A
C09CE77D
C09D9755
C09E49B6
C09EFEA5
C09FB625
C0A0703A
C0A12CE7
C0A1EC30
C0A2AE17
C0A3729D
C0A439C6
C0A50391
C0A5D001
C0A69F15
C0A770CD
C0A84529
C0A91C29
C0A9F5CA
C0AAD20A
C0ABB0E8
C0AC9260
C0AD766F
C0AE5D11
C0AF4642
C0B031FC
C0B1203A
C0B210F6
C0B3042A
C0B3F9CF
C0B4F1DC
C0B5EC4B
C0B6E913
C0B7E82C
C0B8E98B
C0B9ED27
C0BAF2F7
C0BBFAF0
C0BD0507
C0BE1131
C0BF1F63
C0C02F92
C0C141B0
C0C255B3
C0C36B8F
C0C48335
C0C59C9B
C0C6B7B3
C0C7D471
C0C8F2C8
C0CA12AA
C0CB340B
C0CC56DE
C0CD7B17
C0CEA0A8
C0CFC785
C0D0EFA2
C0D218F1
C0D34367
C0D46EF8
C0D59B97
C0D6C939
C0D7F7D3
C0D92759
C0DA57C1
C0DB88FF
C0DCBB09
C0DDEDD4
C0DF2158
C0E0558A
C0E18A62
C0E2BFD5
C0E3F5DB
C0E52C6C
C0E66380
C0E79B0E
C0E8D310
C0EA0B7E
C0EB4451
C0EC7D82
C0EDB70B
C0EEF0E6
C0F02B0D
C0F1657A
C0F2A028
C0F3DB13
C0F51635
C0F6518A
C0F78D0D
C0F8C8BB
C0FA048F
C0FB4086
C0FC7C9D
C0FDB8D0
C0FEF51C
C10018BF
C100B6FA
C101553D
C101F388
C10291D9
C103302F
C103CE8A
C1046CE7
C1050B48
C105A9AA
C106480D
C106E670
C10784D4
C1082336
C108C198
C1095FF7
C109FE54
C10A9CAF
C10B3B07
C10BD95C
C10C77AD
C10D15FA
C10DB443
C10E5288
C10EF0C9
C10F8F05
C1102D3D
C110CB6F
C111699D
C11207C6
C112A5EA
C1134409
C113E223
C1148038
C1151E47
C115BC52
C1165A57
C116F857
C1179653
C1183449
C118D23A
C1197027
C11A0E0E
C11AABF1
C11B49CF
C11BE7A9
C11C857E
C11D234E
C11DC11A
C11E5EE1
C11EFCA5
C11F9A64
C120381F
C120D5D6
C1217389
C1221138
C122AEE3
C1234C8B
C123EA2F
C12487D0
C125256D
C125C307
C126609D
C126FE31
C1279BC1
C128394E
C128D6D9
C1297460
C12A11E5
C12AAF67
C12B4CE6
C12BEA63
C12C87DE
C07DE4C1
C07E5FF7
C07EDC57
C07F59EB
C07FD8C1
C0802C73
C0806D32
C080AEA4
C080F0D0
C08133BB
C081776C
C081BBEA
C0820139
C0824760
C0828E67
C082D652
C0831F29
C08368F1
C083B3B0
C083FF6F
C0844C32
C0849A00
C084E8E0
C08538D9
C08589F1
C085DC2E
C0862F98
C0868434
C086DA0B
C0873123
C0878983
C087E331
C0883E36
C0889A97
C088F85C
C089578D
C089B830
C08A1A4D
C08A7DEA
C08AE311
C08B49C7
C08BB215
C08C1C02
C08C8795
C08CF4D6
C08D63CD
C08DD481
C08E46FA
C08EBB40
C08F315A
C08FA950
C0902329
C0909EEF
C0911CA7
C0919C5A
C0921E0F
C092A1CE
C093279F
C093AF89
C0943993
C094C5C5
C0955427
C095E4BF
C0967794
C0970CAF
C097A414
C0983DCC
C098D9DD
C099784C
C09A1922
C09ABC63
C09B6215
C09C0A3E
C09CB4E4
C09D620B
C09E11B9
C09EC3F1
C09F78BA
C0A03015
C0A0EA07
C0A1A694
C0A265BE
C0A32787
C0A3EBF3
C0A4B302
C0A57CB6
C0A64910
C0A71811
C0A7E9B8
C0A8BE04
C0A994F6
C0AA6E8C
C0AB4AC3
C0AC2999
C0AD0B0B
C0ADEF17
C0AED5B7
C0AFBEE7
C0B0AAA3
C0B198E5
C0B289A7
C0B37CE2
C0B47290
C0B56AA8
C0B66524
C0B761FA
C0B86123
C0B96293
C0BA6643
C0BB6C28
C0BC7437
C0BD7E65
C0BE8AA9
C0BF98F5
C0C0A93F
C0C1BB7B
C0C2CF9D
C0C3E597
C0C4FD5E
C0C616E6
C0C73220
C0C84F01
C0C96D7C
C0CA8D83
C0CBAF0A
C0CCD204
C0CDF664
C0CF1C1D
C0D04323
C0D16B68
C0D294E0
C0D3BF80
C0D4EB3A
C0D61804
C0D745D1
C0D87495
C0D9A446
C0DAD4D8
C0DC0640
C0DD3875
C0DE6B6C
C0DF9F1A
C0E0D377
C0E20878
C0E33E15
C0E47445
C0E5AB00
C0E6E23D
C0E819F4
C0E9521E
C0EA8AB4
C0EBC3AF
C0ECFD07
C0EE36B7
C0EF70B8
C0F0AB04
C0F1E597
C0F3206A
C0F45B79
C0F596BF
C0F6D236
C0F80DDC
C0F949AC
C0FA85A1
C0FBC1B9
C0FCFDEF
C0FE3A41
C0FF76AC
C1005996
C100F7E0
C1019632
C102348B
C102D2E9
C103714D
C1040FB5
C104AE20
C1054C8D
C105EAFB
C106896A
C10727D9
C107C648
C10864B6
C1090322
C109A18C
C10A3FF4
C10ADE58
C10B7CBA
C10C1B18
C10CB973
C10D57C9
C10DF61B
C10E9469
C10F32B1
C10FD0F6
C1106F35
C1110D6F
C111ABA5
C11249D5
C112E800
C1138625
C1142446
C114C261
C1156076
C115FE87
C1169C92
C1173A98
C117D899
C1187694
C119148B
C119B27C
C11A5069
C11AEE50
C11B8C33
C11C2A11
C11CC7EA
C11D65BE
C11E038E
C11EA159
C11F3F20
C11FDCE3
C1207AA1
C121185C
C121B612
C12253C4
C122F172
C1238F1D
C1242CC4
C124CA67
C1256807
C12605A4
C126A33D
C12740D2
C127DE65
C1287BF5
C1291981
C129B70B
C12A5491
C12AF215
C12B8F97
C12C2D15
C12CCA92
C07F128C
C07F8CC6
C0800416
C0804264
C0808154
C080C0EC
C0810133
C081422E
C08183E4
C081C65A
C0820997
C0824DA0
C082927D
C082D834
C0831ECA
C0836646
C083AEAE
C083F808
C084425B
C0848DAE
C084DA06
C085276A
C08575E1
C085C571
C0861621
C08667F7
C086BAFB
C0870F33
C08764A6
C087BB5A
C0881357
C0886CA4
C088C748
C0892349
C08980AF
C089DF82
C08A3FC8
C08AA188
C08B04CB
C08B6997
C08BCFF4
C08C37E9
C08CA17F
C08D0CBB
C08D79A7
C08DE84A
C08E58AA
C08ECAD1
C08F3EC6
C08FB490
C0902C37
C090A5C3
C091213C
C0919EA9
C0921E12
C0929F7E
C09322F6
C093A881
C0943026
C094B9EE
C09545DE
C095D3FF
C0966459
C096F6F1
C0978BCF
C09822FA
C098BC79
C0995853
C099F68D
C09A972F
C09B3A3D
C09BDFBF
C09C87BA
C09D3233
C09DDF2F
C09E8EB3
C09F40C4
C09FF567
C0A0AC9E
C0A1666F
C0A222DB
C0A2E1E7
C0A3A395
C0A467E6
C0A52EDD
C0A5F87B
C0A6C4C0
C0A793AF
C0A86545
C0A93984
C0AA1069
C0AAE9F4
C0ABC623
C0ACA4F3
C0AD8661
C0AE6A69
C0AF5109
C0B03A3B
C0B125FA
C0B21441
C0B3050A
C0B3F84E
C0B4EE06
C0B5E62B
C0B6E0B5
C0B7DD9B
C0B8DCD5
C0B9DE59
C0BAE21D
C0BBE818
C0BCF03F
C0BDFA87
C0BF06E5
C0C0154E
C0C125B5
C0C23810
C0C34C51
C0C4626D
C0C57A56
C0C69401
C0C7AF5F
C0C8CC66
C0C9EB06
C0CB0B35
C0CC2CE3
C0CD5006
C0CE748F
C0CF9A71
C0D0C1A1
C0D1EA10
C0D313B4
C0D43E7F
C0D56A65
C0D6975B
C0D7C554
C0D8F444
C0DA2422
C0DB54E0
C0DC8675
C0DDB8D7
C0DEEBFA
C0E01FD4
C0E1545D
C0E2898A
C0E3BF53
C0E4F5AF
C0E62C95
C0E763FC
C0E89BDE
C0E9D432
C0EB0CF2
C0EC4615
C0ED7F96
C0EEB96E
C0EFF397
C0F12E0B
C0F268C4
C0F3A3BE
C0F4DEF2
C0F61A5D
C0F755F9
C0F891C2
C0F9CDB5
C0FB09CD
C0FC4606
C0FD825E
C0FEBED1
C0FFFB5B
C1009BFE
C1013A56
C101D8B7
C102771F
C103158C
C103B3FE
C1045273
C104F0EB
C1058F65
C1062DE1
C106CC5C
C1076AD8
C1080952
C108A7CC
C1094643
C109E4B8
C10A832B
C10B219A
C10BC006
C10C5E6E
C10CFCD2
C10D9B31
C10E398C
C10ED7E3
C10F7634
C1101481
C110B2C8
C111510B
C111EF48
C1128D7F
C1132BB1
C113C9DE
C1146805
C1150627
C115A443
C116425A
C116E06B
C1177E77
C1181C7D
C118BA7E
C119587A
C119F670
C11A9462
C11B324E
C11BD035
C11C6E18
C11D0BF5
C11DA9CE
C11E47A2
C11EE571
C11F833C
C1202102
C120BEC4
C1215C82
C121FA3C
C12297F1
C12335A3
C123D350
C12470FA
C1250EA0
C125AC43
C12649E2
C126E77E
C1278516
C12822AB
C128C03D
C1295DCB
C129FB57
C12A98E0
C12B3666
C12BD3E9
C12C716A
C12D0EE8
C0802297
C0805F37
C0809C6D
C080DA40
C08118B7
C08157D6
C08197A5
C081D829
C0821969
C0825B6B
C0829E35
C082E1CC
C0832638
C0836B7D
C083B1A4
C083F8B1
C08440AB
C0848998
C084D380
C0851E67
C0856A55
C085B74F
C086055E
C0865486
C086A4CF
C086F63F
C08748DE
C0879CB1
C087F1C1
C0884812
C0889FAE
C088F899
C08952DD
C089AE7F
C08A0B87
C08A69FC
C08AC9E5
C08B2B4A
C08B8E32
C08BF2A4
C08C58A8
C08CC045
C08D2984
C08D946B
C08E0102
C08E6F50
C08EDF5E
C08F5134
C08FC4D8
C0903A52
C090B1AB
C0912AEA
C091A617
C092233A
C092A259
C093237E
C093A6AF
C0942BF5
C094B356
C0953CDB
C095C88A
C096566C
C096E686
C09778E2
C0980D85
C098A477
C0993DBE
C099D961
C09A7767
C09B17D5
C09BBAB2
C09C6005
C09D07D1
C09DB21E
C09E5EF0
C09F0E4C
C09FC036
C0A074B4
C0A12BC9
C0A1E578
C0A2A1C6
C0A360B4
C0A42246
C0A4E67F
C0A5AD5E
C0A676E7
C0A7431A
C0A811F7
C0A8E37E
C0A9B7AF
C0AA8E89
C0AB680B
C0AC4433
C0AD22FD
C0AE0468
C0AEE870
C0AFCF10
C0B0B844
C0B1A408
C0B29256
C0B38327
C0B47675
C0B56C3A
C0B6646D
C0B75F06
C0B85BFE
C0B95B4B
C0BA5CE3
C0BB60BE
C0BC66D1
C0BD6F12
C0BE7975
C0BF85EF
C0C09476
C0C1A4FD
C0C2B778
C0C3CBDB
C0C4E219
C0C5FA26
C0C713F6
C0C82F7B
C0C94CA8
C0CA6B71
C0CB8BC8
C0CCADA0
C0CDD0ED
C0CEF5A0
C0D01BAF
C0D1430A
C0D26BA6
C0D39577
C0D4C06F
C0D5EC83
C0D719A6
C0D847CD
C0D976EC
C0DAA6F8
C0DBD7E5
C0DD09A8
C0DE3C38
C0DF6F89
C0E0A392
C0E1D849
C0E30DA4
C0E4439A
C0E57A23
C0E6B136
C0E7E8CA
C0E920D8
C0EA5958
C0EB9242
C0ECCB91
C0EE053C
C0EF3F3E
C0F07990
C0F1B42D
C0F2EF0E
C0F42A2F
C0F5658B
C0F6A11B
C0F7DCDD
C0F918CC
C0FA54E3
C0FB911F
C0FCCD7B
C0FE09F6
C0FF468A
C100419B
C100DFFB
C1017E64
C1021CD4
C102BB4B
C10359C7
C103F848
C10496CB
C1053551
C105D3D9
C1067261
C10710EA
C107AF72
C1084DF9
C108EC7E
C1098B02
C10A2982
C10AC800
C10B667A
C10C04F0
C10CA362
C10D41D0
C10DE03A
C10E7E9E
C10F1CFE
C10FBB58
C11059AE
C110F7FE
C1119648
C112348D
C112D2CC
C1137106
C1140F3A
C114AD68
C1154B90
C115E9B3
C11687D0
C11725E8
C117C3FA
C1186206
C119000D
C1199E0E
C11A3C0A
C11ADA00
C11B77F2
C11C15DE
C11CB3C5
C11D51A7
C11DEF84
C11E8D5C
C11F2B30
C11FC8FE
C12066C9
C121048E
C121A250
C122400D
C122DDC6
C1237B7B
C124192B
C124B6D8
C1255481
C125F227
C1268FC9
C1272D67
C127CB02
C1286899
C129062E
C129A3BF
C12A414D
C12ADED8
C12B7C60
C12C19E5
C12CB767
C12D54E7
C080BE56
C080FA78
C0813733
C081748C
C081B28A
C081F131
C082308A
C0827098
C082B164
C082F2F2
C0833549
C083786F
C083BC69
C0840140
C08446F7
C0848D96
C084D523
C0851DA5
C0856721
C085B19E
C085FD22
C08649B4
C086975A
C086E61B
C08735FE
C0878709
C087D943
C0882CB3
C088815F
C088D74F
C0892E89
C0898715
C089E0F8
C08A3C3C
C08A98E6
C08AF6FE
C08B568B
C08BB795
C08C1A23
C08C7E3C
C08CE3E8
C08D4B2E
C08DB416
C08E1EA8
C08E8AEB
C08EF8E6
C08F68A2
C08FDA27
C0904D7B
C090C2A7
C09139B2
C091B2A5
C0922D87
C092AA5F
C0932936
C093AA13
C0942CFF
C094B1FF
C095391D
C095C260
C0964DCF
C096DB72
C0976B4F
C097FD6F
C09891D7
C0992890
C099C1A0
C09A5D0D
C09AFADF
C09B9B1B
C09C3DC8
C09CE2EB
C09D8A8B
C09E34AC
C09EE155
C09F9089
C0A0424E
C0A0F6A8
C0A1AD9B
C0A2672A
C0A3235A
C0A3E22C
C0A4A3A4
C0A567C4
C0A62E8E
C0A6F803
C0A7C423
C0A892F0
C0A96469
C0AA388F
C0AB0F5F
C0ABE8D9
C0ACC4FA
C0ADA3C1
C0AE852A
C0AF6932
C0B04FD4
C0B1390D
C0B224D7
C0B3132C
C0B40408
C0B4F762
C0B5ED34
C0B6E576
C0B7E021
C0B8DD2C
C0B9DC8E
C0BADE3D
C0BBE230
C0BCE85C
C0BDF0B8
C0BEFB38
C0C007D1
C0C11677
C0C2271F
C0C339BC
C0C44E43
C0C564A6
C0C67CD9
C0C796D0
C0C8B27D
C0C9CFD3
C0CAEEC6
C0CC0F47
C0CD314B
C0CE54C4
C0CF79A4
C0D09FE0
C0D1C769
C0D2F034
C0D41A33
C0D5455B
C0D6719E
C0D79EF1
C0D8CD48
C0D9FC97
C0DB2CD3
C0DC5DF0
C0DD8FE4
C0DEC2A4
C0DFF625
C0E12A5E
C0E25F45
C0E394CF
C0E4CAF5
C0E601AD
C0E738EE
C0E870B1
C0E9A8ED
C0EAE19A
C0EC1AB2
C0ED542D
C0EE8E04
C0EFC831
C0F102AE
C0F23D75
C0F37880
C0F4B3CA
C0F5EF4E
C0F72B07
C0F866F0
C0F9A305
C0FADF42
C0FC1BA3
C0FD5824
C0FE94C2
C0FFD17A
C1008724
C1012595
C101C40E
C102628F
C1030116
C1039FA1
C1043E31
C104DCC3
C1057B58
C10619EE
C106B884
C107571A
C107F5AF
C1089443
C10932D5
C109D164
C10A6FF0
C10B0E79
C10BACFF
C10C4B80
C10CE9FD
C10D8875
C10E26E9
C10EC557
C10F63C0
C1100224
C110A082
C1113EDB
C111DD2E
C1127B7B
C11319C2
C113B804
C114563F
C114F475
C11592A4
C11630CE
C116CEF2
C1176D10
C1180B28
C118A93A
C1194747
C119E54E
C11A8350
C11B214C
C11BBF42
C11C5D33
C11CFB1F
C11D9906
C11E36E7
C11ED4C4
C11F729C
C120106F
C120AE3D
C1214C07
C121E9CC
C122878C
C1232549
C123C301
C12460B5
C124FE65
C1259C12
C12639BA
C126D75F
C1277500
C128129D
C128B037
C1294DCE
C129EB61
C12A88F2
C12B267F
C12BC409
C12C6191
C12CFF15
C12D9C97
C0815C82
C0819829
C081D46A
C082114A
C0824ECF
C0828D00
C082CBE3
C0830B7D
C0834BD4
C0838CF0
C083CED5
C084118A
C0845516
C084997D
C084DEC7
C08524F9
C0856C1A
C085B430
C085FD41
C0864755
C0869270
C086DE9A
C0872BDA
C0877A35
C087C9B2
C0881A59
C0886C2F
C088BF3C
C0891386
C0896914
C089BFEE
C08A181A
C08A719F
C08ACC85
C08B28D2
C08B868E
C08BE5C0
C08C466F
C08CA8A3
C08D0C64
C08D71B9
C08DD8A8
C08E413B
C08EAB78
C08F1767
C08F8510
C08FF47B
C09065AF
C090D8B4
C0914D92
C091C451
C0923CF8
C092B78F
C093341E
C093B2AD
C0943344
C094B5EA
C0953AA7
C095C182
C0964A84
C096D5B3
C0976317
C097F2B8
C098849C
C09918CB
C099AF4C
C09A4826
C09AE35E
C09B80FD
C09C2108
C09CC385
C09D687A
C09E0FEE
C09EB9E5
C09F6665
C0A01573
C0A0C713
C0A17B4A
C0A2321C
C0A2EB8C
C0A3A79F
C0A46656
C0A527B6
C0A5EBBF
C0A6B273
C0A77BD5
C0A847E5
C0A916A3
C0A9E80F
C0AABC2A
C0AB92F2
C0AC6C65
C0AD4882
C0AE2746
C0AF08AF
C0AFECB8
C0B0D35E
C0B1BC9C
C0B2A86E
C0B396CD
C0B487B4
C0B57B1B
C0B670FD
C0B76950
C0B8640E
C0B9612E
C0BA60A6
C0BB626D
C0BC667A
C0BD6CC3
C0BE753B
C0BF7FDA
C0C08C93
C0C19B5A
C0C2AC25
C0C3BEE7
C0C4D393
C0C5EA1D
C0C70278
C0C81C97
C0C9386E
C0CA55EF
C0CB750E
C0CC95BC
C0CDB7ED
C0CEDB94
C0D000A4
C0D1270F
C0D24EC8
C0D377C3
C0D4A1F4
C0D5CD4D
C0D6F9C1
C0D82746
C0D955CF
C0DA8550
C0DBB5BE
C0DCE70E
C0DE1934
C0DF4C26
C0E07FD9
C0E1B444
C0E2E95C
C0E41F18
C0E5556F
C0E68C58
C0E7C3CA
C0E8FBBC
C0EA3428
C0EB6D04
C0ECA64B
C0EDDFF4
C0EF19F9
C0F05453
C0F18EFD
C0F2C9F0
C0F40526
C0F5409B
C0F67C49
C0F7B82B
C0F8F43D
C0FA307A
C0FB6CDE
C0FCA966
C0FDE60D
C0FF22D0
C1002FD6
C100CE4F
C1016CD2
C1020B5C
C102A9EE
C1034885
C103E720
C10485C0
C1052461
C105C305
C10661A9
C107004E
C1079EF2
C1083D95
C108DC36
C1097AD5
C10A1971
C10AB809
C10B569E
C10BF52F
C10C93BC
C10D3244
C10DD0C7
C10E6F45
C10F0DBE
C10FAC31
C1104A9E
C110E906
C1118768
C11225C3
C112C419
C1136269
C11400B2
C1149EF5
C1153D33
C115DB6A
C116799A
C11717C5
C117B5EA
C1185409
C118F221
C1199034
C11A2E41
C11ACC48
C11B6A4A
C11C0846
C11CA63C
C11D442D
C11DE219
C11E7FFF
C11F1DE0
C11FBBBC
C1205994
C120F766
C1219534
C12232FD
C122D0C1
C1236E81
C1240C3D
C124A9F5
C12547A8
C125E557
C1268303
C12720AA
C127BE4E
C1285BEF
C128F98B
C1299725
C12A34BB
C12AD24D
C12B6FDD
C12C0D6A
C12CAAF3
C12D487A
C12DE5FE
C081FD1E
C082384B
C0827412
C082B07A
C082ED89
C0832B44
C08369B2
C083A8D8
C083E8BE
C0842968
C0846ADC
C084AD22
C084F03E
C0853438
C0857915
C085BEDB
C0860591
C0864D3D
C08695E5
C086DF8F
C0872A43
C0877606
C087C2DF
C08810D5
C0885FEE
C088B031
C08901A4
C089544F
C089A838
C089FD66
C08A53E0
C08AABAD
C08B04D4
C08B5F5D
C08BBB4D
C08C18AE
C08C7786
C08CD7DC
C08D39B7
C08D9D20
C08E021E
C08E68B8
C08ED0F6
C08F3ADF
C08FA67C
C09013D3
C09082ED
C090F3D2
C0916688
C091DB19
C092518B
C092C9E8
C0934435
C093C07C
C0943EC4
C094BF15
C0954177
C095C5F0
C0964C8A
C096D54B
C097603C
C097ED63
C0987CC7
C0990E71
C099A268
C09A38B1
C09AD155
C09B6C5A
C09C09C6
C09CA9A1
C09D4BEF
C09DF0B8
C09E9800
C09F41CE
C09FEE26
C0A09D0F
C0A14E8B
C0A202A0
C0A2B952
C0A372A5
C0A42E9C
C0A4ED3A
C0A5AE81
C0A67274
C0A73915
C0A80265
C0A8CE65
C0A99D16
C0AA6E77
C0AB4288
C0AC1949
C0ACF2B7
C0ADCED1
C0AEAD94
C0AF8EFD
C0B0730A
C0B159B5
C0B242FB
C0B32ED5
C0B41D40
C0B50E33
C0B601AA
C0B6F79D
C0B7F003
C0B8EAD6
C0B9E80C
C0BAE79C
C0BBE97E
C0BCEDA6
C0BDF40C
C0BEFCA4
C0C00763
C0C1143E
C0C22329
C0C33419
C0C44700
C0C55BD4
C0C67286
C0C78B0C
C0C8A556
C0C9C159
C0CADF07
C0CBFE53
C0CD1F30
C0CE4191
C0CF6568
C0D08AA9
C0D1B145
C0D2D931
C0D4025F
C0D52CC2
C0D6584E
C0D784F6
C0D8B2AF
C0D9E16C
C0DB1122
C0DC41C4
C0DD7348
C0DEA5A2
C0DFD8C8
C0E10CB0
C0E2414E
C0E3769A
C0E4AC89
C0E5E313
C0E71A2F
C0E851D3
C0E989F8
C0EAC295
C0EBFBA2
C0ED3519
C0EE6EF2
C0EFA927
C0F0E3B0
C0F21E88
C0F359A9
C0F4950C
C0F5D0AD
C0F70C87
C0F84894
C0F984D0
C0FAC136
C0FBFDC3
C0FD3A73
C0FE7741
C0FFB42B
C1007897
C1011722
C101B5B7
C1025453
C102F2F6
C103919E
C104304B
C104CEFA
C1056DAC
C1060C5F
C106AB13
C10749C6
C107E879
C108872A
C10925D8
C109C485
C10A632E
C10B01D3
C10BA075
C10C3F12
C10CDDAA
C10D7C3E
C10E1ACC
C10EB955
C10F57D8
C10FF655
C11094CD
C111333E
C111D1A9
C112700E
C1130E6D
C113ACC5
C1144B17
C114E963
C11587A8
C11625E6
C116C41F
C1176251
C118007C
C1189EA2
C1193CC1
C119DADA
C11A78ED
C11B16FB
C11BB502
C11C5303
C11CF0FF
C11D8EF5
C11E2CE6
C11ECAD1
C11F68B7
C1200698
C120A474
C121424B
C121E01D
C1227DEA
C1231BB2
C123B976
C1245735
C124F4F0
C12592A7
C126305A
C126CE08
C1276BB3
C128095A
C128A6FD
C129449D
C129E239
C12A7FD1
C12B1D67
C12BBAF9
C12C5887
C12CF613
C12D939C
C12E3122
C082A02A
C082DADE
C083162D
C083521E
C0838EB7
C083CBFE
C08409F9
C08448AD
C0848821
C084C85A
C0850960
C0854B37
C0858DE6
C085D172
C08615E3
C0865B3F
C086A18A
C086E8CD
C087310D
C0877A50
C087C49D
C0880FFA
C0885C6E
C088A9FF
C088F8B5
C0894895
C08999A6
C089EBF0
C08A3F78
C08A9447
C08AEA62
C08B41D1
C08B9A9B
C08BF4C7
C08C505D
C08CAD63
C08D0BE1
C08D6BDF
C08DCD62
C08E3075
C08E951C
C08EFB61
C08F634B
C08FCCE2
C090382C
C090A533
C09113FD
C0918493
C091F6FC
C0926B40
C092E168
C093597A
C093D37F
C0944F7E
C094CD80
C0954D8C
C095CFAA
C09653E1
C096DA3A
C09762BC
C097ED6E
C0987A59
C0990982
C0999AF3
C09A2EB1
C09AC4C5
C09B5D34
C09BF806
C09C9541
C09D34EC
C09DD70D
C09E7BA9
C09F22C8
C09FCC6D
C0A0789F
C0A12763
C0A1D8BD
C0A28CB2
C0A34345
C0A3FC7B
C0A4B857
C0A576DC
C0A6380D
C0A6FBEC
C0A7C27A
C0A88BBA
C0A957AC
C0AA2650
C0AAF7A7
C0ABCBB1
C0ACA26B
C0AD7BD6
C0AE57EE
C0AF36B2
C0B0181E
C0B0FC2F
C0B1E2E1
C0B2CC2F
C0B3B815
C0B4A68C
C0B5978F
C0B68B16
C0B7811B
C0B87997
C0B97480
C0BA71CE
C0BB7179
C0BC7376
C0BD77BD
C0BE7E41
C0BF86FA
C0C091DC
C0C19EDB
C0C2ADEB
C0C3BF02
C0C4D212
C0C5E70F
C0C6FDEC
C0C8169D
C0C93115
C0CA4D46
C0CB6B23
C0CC8A9F
C0CDABAD
C0CECE40
C0CFF249
C0D117BD
C0D23E8D
C0D366AD
C0D4900F
C0D5BAA7
C0D6E669
C0D81347
C0D94136
C0DA7029
C0DBA015
C0DCD0EE
C0DE02A8
C0DF3538
C0E06895
C0E19CB2
C0E2D187
C0E40708
C0E53D2D
C0E673EC
C0E7AB3C
C0E8E315
C0EA1B6D
C0EB543E
C0EC8D7F
C0EDC728
C0EF0133
C0F03B99
C0F17653
C0F2B15A
C0F3ECAA
C0F5283C
C0F6640C
C0F7A012
C0F8DC4C
C0FA18B4
C0FB5546
C0FC91FD
C0FDCED6
C0FF0BCE
C1002470
C100C304
C10161A3
C102004B
C1029EFA
C1033DAF
C103DC68
C1047B26
C10519E7
C105B8A9
C106576C
C106F630
C10794F2
C10833B4
C108D274
C1097131
C10A0FEB
C10AAEA2
C10B4D55
C10BEC03
C10C8AAD
C10D2951
C10DC7F1
C10E668B
C10F051F
C10FA3AD
C1104235
C110E0B7
C1117F32
C1121DA7
C112BC16
C1135A7E
C113F8DF
C1149739
C115358D
C115D3DB
C1167221
C1171061
C117AE9B
C1184CCE
C118EAFA
C1198920
C11A2740
C11AC55A
C11B636D
C11C017A
C11C9F82
C11D3D83
C11DDB7F
C11E7975
C11F1765
C11FB550
C1205336
C120F116
C1218EF1
C1222CC8
C122CA99
C1236865
C124062D
C124A3F0
C12541AF
C125DF69
C1267D1F
C1271AD1
C127B87F
C1285629
C128F3D0
C1299172
C12A2F11
C12ACCAC
C12B6A44
C12C07D8
C12CA56A
C12D42F8
C12DE083
C12E7E0B
C08345A7
C0837FE3
C083BABC
C083F638
C084325D
C0846F30
C084ACB9
C084EAFC
C0852A00
C08569CA
C085AA61
C085EBCB
C0862E0D
C086712F
C086B535
C086FA26
C0874009
C08786E4
C087CEBC
C0881798
C0886180
C088AC78
C088F888
C08945B6
C0899409
C089E387
C08A3437
C08A8621
C08AD94A
C08B2DBA
C08B8377
C08BDA8A
C08C32F8
C08C8CC9
C08CE804
C08D44B0
C08DA2D6
C08E027B
C08E63A9
C08EC665
C08F2AB8
C08F90A9
C08FF83F
C0906184
C090CC7D
C0913934
C091A7B0
C09217F8
C0928A14
C092FE0D
C09373EA
C093EBB3
C0946570
C094E129
C0955EE5
C095DEAD
C0966088
C096E47E
C0976A97
C097F2DA
C0987D50
C09909FF
C09998EE
C09A2A27
C09ABDAE
C09B538C
C09BEBC8
C09C8668
C09D2373
C09DC2F0
C09E64E4
C09F0956
C09FB04B
C0A059C9
C0A105D6
C0A1B477
C0A265AF
C0A31984
C0A3CFFA
C0A48915
C0A544D8
C0A60345
C0A6C461
C0A7882C
C0A84EAA
C0A917DA
C0A9E3BF
C0AAB259
C0AB83A8
C0AC57AA
C0AD2E61
C0AE07C9
C0AEE3E1
C0AFC2A7
C0B0A417
C0B1882F
C0B26EE9
C0B35842
C0B44434
C0B532BA
C0B623CD
C0B71767
C0B80D81
C0B90613
C0BA0114
C0BAFE7D
C0BBFE44
C0BD005F
C0BE04C5
C0BF0B6B
C0C01447
C0C11F4D
C0C22C72
C0C33BAA
C0C44CE9
C0C56024
C0C6754C
C0C78C57
C0C8A536
C0C9BFDC
C0CADC3E
C0CBFA4C
C0CD19FB
C0CE3B3C
C0CF5E02
C0D08240
C0D1A7E9
C0D2CEEF
C0D3F745
C0D520DE
C0D64BAE
C0D777A7
C0D8A4BE
C0D9D2E5
C0DB0210
C0DC3234
C0DD6346
C0DE9538
C0DFC801
C0E0FB96
C0E22FEC
C0E364F9
C0E49AB2
C0E5D10E
C0E70804
C0E83F8B
C0E9779A
C0EAB029
C0EBE92E
C0ED22A4
C0EE5C82
C0EF96C0
C0F0D159
C0F20C46
C0F3477F
C0F48300
C0F5BEC3
C0F6FAC2
C0F836F8
C0F97360
C0FAAFF5
C0FBECB3
C0FD2997
C0FE669B
C0FFA3BD
C100707C
C1010F25
C101ADD8
C1024C93
C102EB55
C1038A1D
C10428E9
C104C7B9
C105668B
C106055E
C106A432
C1074306
C107E1D9
C10880AA
C1091F79
C109BE45
C10A5D0E
C10AFBD3
C10B9A93
C10C394F
C10CD806
C10D76B7
C10E1563
C10EB409
C10F52A9
C10FF142
C1108FD6
C1112E62
C111CCE8
C1126B67
C11309DF
C113A851
C11446BB
C114E51F
C115837C
C11621D2
C116C021
C1175E69
C117FCAA
C1189AE4
C1193918
C119D745
C11A756C
C11B138C
C11BB1A6
C11C4FBA
C11CEDC7
C11D8BCE
C11E29D0
C11EC7CB
C11F65C1
C12003B1
C120A19C
C1213F81
C121DD61
C1227B3B
C1231911
C123B6E2
C12454AE
C124F275
C1259037
C1262DF5
C126CBAF
C1276964
C1280716
C128A4C3
C129426C
C129E012
C12A7DB3
C12B1B51
C12BB8EC
C12C5683
C12CF417
C12D91A7
C12E2F35
C12ECCBF
C083ED97
C084275C
C08461C0
C0849CC8
C084D87A
C08514DC
C08551F3
C0858FC7
C085CE5B
C0860DB8
C0864DE2
C0868EE0
C086D0B7
C087136E
C087570B
C0879B94
C087E10F
C0882782
C0886EF4
C088B76C
C08900EE
C0894B83
C0899730
C089E3FB
C08A31ED
C08A810A
C08AD15B
C08B22E5
C08B75B0
C08BC9C2
C08C1F23
C08C75DA
C08CCDED
C08D2763
C08D8245
C08DDE99
C08E3C67
C08E9BB6
C08EFC8D
C08F5EF4
C08FC2F3
C0902891
C0908FD6
C090F8C9
C0916373
C091CFDB
C0923E08
C092AE03
C0931FD4
C0939382
C0940916
C0948097
C094FA0D
C0957580
C095F2F8
C096727D
C096F416
C09777CC
C097FDA6
C09885AC
C0990FE5
C0999C5A
C09A2B10
C09ABC11
C09B4F63
C09BE50D
C09C7D16
C09D1786
C09DB462
C09E53B1
C09EF579
C09F99C1
C0A0408F
C0A0E9E7
C0A195D0
C0A2444E
C0A2F567
C0A3A91E
C0A45F78
C0A51878
C0A5D423
C0A6927B
C0A75382
C0A8173C
C0A8DDAA
C0A9A6CD
C0AA72A6
C0AB4137
C0AC127E
C0ACE67C
C0ADBD30
C0AE9697
C0AF72B1
C0B0517A
C0B132F1
C0B21710
C0B2FDD5
C0B3E73A
C0B4D33A
C0B5C1D0
C0B6B2F6
C0B7A6A4
C0B89CD5
C0B9957F
C0BA909A
C0BB8E1F
C0BC8E04
C0BD903F
C0BE94C7
C0BF9B90
C0C0A491
C0C1AFBE
C0C2BD0B
C0C3CC6D
C0C4DDD7
C0C5F13E
C0C70694
C0C81DCE
C0C936DD
C0CA51B5
C0CB6E49
C0CC8C8B
C0CDAC6E
C0CECDE4
C0CFF0E1
C0D11556
C0D23B36
C0D36274
C0D48B03
C0D5B4D6
C0D6DFDF
C0D80C12
C0D93963
C0DA67C4
C0DB972B
C0DCC78A
C0DDF8D5
C0DF2B03
C0E05E07
C0E191D6
C0E2C666
C0E3FBAD
C0E531A0
C0E66836
C0E79F66
C0E8D725
C0EA0F6D
C0EB4833
C0EC8170
C0EDBB1D
C0EEF531
C0F02FA5
C0F16A73
C0F2A594
C0F3E102
C0F51CB6
C0F658AA
C0F794DB
C0F8D141
C0FA0DD9
C0FB4A9E
C0FC878B
C0FDC49C
C0FF01CD
C1001F8D
C100BE41
C1015CFF
C101FBC6
C1029A96
C103396C
C103D847
C1047726
C1051609
C105B4ED
C10653D2
C106F2B8
C107919C
C1083080
C108CF61
C1096E40
C10A0D1C
C10AABF3
C10B4AC7
C10BE996
C10C885F
C10D2724
C10DC5E2
C10E649B
C10F034D
C10FA1F9
C110409F
C110DF3D
C1117DD5
C1121C66
C112BAF0
C1135972
C113F7ED
C1149662
C11534CF
C115D335
C1167193
C1170FEB
C117AE3B
C1184C84
C118EAC7
C1198902
C11A2737
C11AC564
C11B638C
C11C01AC
C11C9FC6
C11D3DDA
C11DDBE7
C11E79EE
C11F17F0
C11FB5EB
C12053E0
C120F1D0
C1218FBA
C1222D9F
C122CB7E
C1236959
C124072E
C124A4FE
C12542C9
C125E08F
C1267E51
C1271C0F
C127B9C8
C128577C
C128F52D
C12992D9
C12A3082
C12ACE27
C12B6BC8
C12C0965
C12CA6FF
C12D4495
C12DE229
C12E7FB8
C12F1D45
C08497F8
C084D149
C0850B3A
C08545CF
C0858110
C085BD01
C085F9A9
C086370E
C0867536
C086B426
C086F3E4
C0873477
C08775E5
C087B833
C087FB67
C0883F89
C088849D
C088CAAB
C08911B8
C08959CB
C089A2EA
C089ED1C
C08A3867
C08A84D2
C08AD263
C08B2121
C08B7113
C08BC23F
C08C14AD
C08C6863
C08CBD68
C08D13C4
C08D6B7D
C08DC49A
C08E1F24
C08E7B20
C08ED898
C08F3791
C08F9813
C08FFA26
C0905DD2
C090C31E
C0912A12
C09192B5
C091FD10
C092692A
C092D70A
C09346BA
C093B840
C0942BA5
C094A0F0
C095182A
C095915A
C0960C88
C09689BD
C0970900
C0978A59
C0980DCF
C098936B
C0991B35
C099A533
C09A316E
C09ABFED
C09B50B8
C09BE3D5
C09C794C
C09D1124
C09DAB64
C09E4812
C09EE735
C09F88D3
C0A02CF3
C0A0D399
C0A17CCD
C0A22893
C0A2D6F1
C0A387EA
C0A43B84
C0A4F1C3
C0A5AAAB
C0A6663F
C0A72482
C0A7E577
C0A8A921
C0A96F80
C0AA3897
C0AB0467
C0ABD2EF
C0ACA431
C0AD782C
C0AE4EDE
C0AF2847
C0B00464
C0B0E333
C0B1C4B1
C0B2A8DA
C0B38FAA
C0B4791D
C0B5652E
C0B653D6
C0B74510
C0B838D5
C0B92F1D
C0BA27E2
C0BB231A
C0BC20BD
C0BD20C2
C0BE231F
C0BF27CA
C0C02EB9
C0C137E1
C0C24336
C0C350AE
C0C4603C
C0C571D3
C0C68569
C0C79AF0
C0C8B25A
C0C9CB9C
C0CAE6A8
C0CC0371
C0CD21E8
C0CE4202
C0CF63B0
C0D086E5
C0D1AB93
C0D2D1AD
C0D3F926
C0D521F0
C0D64BFE
C0D77744
C0D8A3B3
C0D9D140
C0DAFFDE
C0DC2F82
C0DD601E
C0DE91A7
C0DFC411
C0E0F752
C0E22B5E
C0E3602B
C0E495AE
C0E5CBDE
C0E702AF
C0E83A1A
C0E97215
C0EAAA97
C0EBE397
C0ED1D0E
C0EE56F3
C0EF9140
C0F0CBEC
C0F206F1
C0F34248
C0F47DEB
C0F5B9D4
C0F6F5FD
C0F83261
C0F96EFA
C0FAABC4
C0FBE8BA
C0FD25D7
C0FE6317
C0FFA077
C1006EF9
C1010DC3
C101AC97
C1024B74
C102EA58
C1038943
C1042832
C104C725
C105661B
C1060512
C106A40A
C1074302
C107E1F8
C10880ED
C1091FDF
C109BECE
C10A5DBA
C10AFCA1
C10B9B84
C10C3A61
C10CD939
C10D780C
C10E16D8
C10EB59E
C10F545D
C10FF316
C11091C8
C1113072
C111CF16
C1126DB2
C1130C46
C113AAD4
C1144959
C114E7D8
C115864E
C11624BE
C116C325
C1176186
C117FFDF
C1189E31
C1193C7B
C119DABE
C11A78FA
C11B1730
C11BB55E
C11C5385
C11CF1A6
C11D8FC0
C11E2DD4
C11ECBE1
C11F69E9
C12007EA
C120A5E5
C12143DA
C121E1C9
C1227FB3
C1231D97
C123BB76
C1245950
C124F724
C12594F4
C12632BE
C126D084
C1276E45
C1280C02
C128A9BA
C129476E
C129E51E
C12A82CA
C12B2072
C12BBE16
C12C5BB6
C12CF953
C12D96EC
C12E3482
C12ED214
C12F6FA3
C08544CD
C0857DAB
C085B72A
C085F14E
C0862C1F
C08667A1
C086A3DC
C086E0D4
C0871E8F
C0875D14
C0879C68
C087DC92
C0881D97
C0885F7D
C088A24B
C088E607
C0892AB6
C089705F
C089B709
C089FEB9
C08A4776
C08A9147
C08ADC31
C08B283C
C08B756E
C08BC3CE
C08C1362
C08C6431
C08CB643
C08D099E
C08D5E49
C08DB44A
C08E0BAB
C08E6470
C08EBEA3
C08F1A49
C08F776B
C08FD60F
C090363E
C09097FE
C090FB58
C0916053
C091C6F7
C0922F4C
C0929958
C0930525
C09372BA
C093E21F
C094535C
C094C678
C0953B7C
C095B270
C0962B5B
C096A646
C0972338
C097A23A
C0982353
C098A68C
C0992BEB
C099B379
C09A3D3E
C09AC941
C09B5789
C09BE81F
C09C7B08
C09D104D
C09DA7F5
C09E4206
C09EDE88
C09F7D80
C0A01EF5
C0A0C2EE
C0A1696F
C0A21280
C0A2BE24
C0A36C62
C0A41D3E
C0A4D0BD
C0A586E2
C0A63FB3
C0A6FB31
C0A7B961
C0A87A45
C0A93DE0
C0AA0433
C0AACD3F
C0AB9906
C0AC6789
C0AD38C7
C0AE0CC0
C0AEE373
C0AFBCDE
C0B09900
C0B177D6
C0B2595D
C0B33D92
C0B42470
C0B50DF3
C0B5FA15
C0B6E8D2
C0B7DA22
C0B8CDFF
C0B9C462
C0BABD43
C0BBB89A
C0BCB65D
C0BDB684
C0BEB905
C0BFBDD6
C0C0C4ED
C0C1CE3E
C0C2D9BE
C0C3E762
C0C4F71E
C0C608E6
C0C71CAC
C0C83265
C0C94A03
C0CA637A
C0CB7EBC
C0CC9BBC
C0CDBA6C
C0CEDABF
C0CFFCA7
C0D12017
C0D24501
C0D36B57
C0D4930D
C0D5BC14
C0D6E660
C0D811E4
C0D93E92
C0DA6C5E
C0DB9B3C
C0DCCB1E
C0DDFBF9
C0DF2DC2
C0E0606C
C0E193EC
C0E2C837
C0E3FD43
C0E53305
C0E66973
C0E7A083
C0E8D82B
C0EA1063
C0EB4922
C0EC825F
C0EDBC11
C0EEF632
C0F030B9
C0F16B9F
C0F2A6DD
C0F3E26C
C0F51E47
C0F65A67
C0F796C6
C0F8D35F
C0FA102D
C0FB4D2A
C0FC8A53
C0FDC7A2
C0FF0513
C1002152
C100C027
C1015F08
C101FDF3
C1029CE6
C1033BE0
C103DAE0
C10479E5
C10518EC
C105B7F6
C1065701
C106F60C
C1079516
C108341F
C108D325
C1097229
C10A1129
C10AB025
C10B4F1D
C10BEE0F
C10C8CFC
C10D2BE3
C10DCAC4
C10E699F
C10F0873
C10FA73F
C1104605
C110E4C4
C111837A
C112222A
C112C0D2
C1135F72
C113FE0A
C1149C9A
C1153B23
C115D9A4
C116781D
C117168E
C117B4F8
C118535A
C118F1B4
C1199007
C11A2E53
C11ACC97
C11B6AD4
C11C0909
C11CA738
C11D4560
C11DE381
C11E819B
C11F1FAF
C11FBDBC
C1205BC3
C120F9C4
C12197BE
C12235B3
C122D3A2
C123718B
C1240F6F
C124AD4E
C1254B27
C125E8FB
C12686C9
C1272493
C127C259
C1286019
C128FDD5
C1299B8D
C12A3940
C12AD6EF
C12B749A
C12C1242
C12CAFE5
C12D4D85
C12DEB20
C12E88B9
C12F264E
C12FC3E0
C085F416
C0862C82
C0866590
C0869F45
C086D9A8
C08714BD
C087508B
C0878D18
C087CA69
C0880884
C0884770
C0888732
C088C7D0
C0890950
C0894BB8
C0898F0F
C089D35B
C08A18A1
C08A5EE8
C08AA637
C08AEE93
C08B3804
C08B828F
C08BCE3B
C08C1B0F
C08C6912
C08CB84A
C08D08BE
C08D5A75
C08DAD75
C08E01C7
C08E5770
C08EAE79
C08F06E8
C08F60C4
C08FBC15
C09018E2
C0907733
C090D710
C091387F
C0919B88
C0920033
C0926688
C092CE8F
C093384F
C093A3D0
C094111B
C0948036
C094F12A
C09563FF
C095D8BD
C0964F6C
C096C813
C09742BC
C097BF6D
C0983E2F
C098BF0A
C0994206
C099C72A
C09A4E7E
C09AD80A
C09B63D6
C09BF1E8
C09C824A
C09D1501
C09DAA16
C09E418F
C09EDB73
C09F77C9
C0A01697
C0A0B7E5
C0A15BB7
C0A20215
C0A2AB03
C0A35688
C0A404A7
C0A4B567
C0A568CC
C0A61EDA
C0A6D794
C0A792FF
C0A8511D
C0A911F2
C0A9D57F
C0AA9BC7
C0AB64CA
C0AC308B
C0ACFF09
C0ADD045
C0AEA43D
C0AF7AF3
C0B05462
C0B1308B
C0B20F6A
C0B2F0FD
C0B3D53F
C0B4BC2C
C0B5A5C1
C0B691F8
C0B780CA
C0B87233
C0B9662A
C0BA5CAA
C0BB55A9
C0BC5120
C0BD4F06
C0BE4F51
C0BF51F9
C0C056F2
C0C15E32
C0C267AF
C0C3735C
C0C4812F
C0C5911C
C0C6A315
C0C7B70F
C0C8CCFD
C0C9E4D1
C0CAFE7F
C0CC19FA
C0CD3733
C0CE561E
C0CF76AC
C0D098D1
C0D1BC7E
C0D2E1A6
C0D4083B
C0D53030
C0D65977
C0D78404
C0D8AFC8
C0D9DCB8
C0DB0AC5
C0DC39E4
C0DD6A09
C0DE9B26
C0DFCD30
C0E1001C
C0E233DE
C0E3686B
C0E49DB8
C0E5D3BB
C0E70A6A
C0E841BA
C0E979A3
C0EAB21A
C0EBEB18
C0ED2493
C0EE5E83
C0EF98E1
C0F0D3A5
C0F20EC7
C0F34A40
C0F4860A
C0F5C21F
C0F6FE77
C0F83B0F
C0F977DF
C0FAB4E3
C0FBF216
C0FD2F73
C0FE6CF6
C0FFAA9A
C100742E
C101131C
C101B215
C1025117
C102F022
C1038F33
C1042E49
C104CD63
C1056C80
C1060B9F
C106AABE
C10749DD
C107E8FA
C1088816
C109272F
C109C645
C10A6557
C10B0464
C10BA36C
C10C426F
C10CE16C
C10D8063
C10E1F53
C10EBE3C
C10F5D1E
C10FFBF9
C1109ACC
C1113998
C111D85C
C1127718
C11315CB
C113B477
C114531B
C114F1B7
C115904A
C1162ED5
C116CD59
C1176BD4
C1180A47
C118A8B2
C1194716
C119E571
C11A83C5
C11B2212
C11BC057
C11C5E94
C11CFCCA
C11D9AF9
C11E3921
C11ED742
C11F755D
C1201370
C120B17D
C1214F84
C121ED85
C1228B7F
C1232973
C123C762
C124654B
C125032E
C125A10C
C1263EE4
C126DCB7
C1277A86
C128184F
C128B614
C12953D4
C129F18F
C12A8F46
C12B2CF9
C12BCAA7
C12C6851
C12D05F8
C12DA39B
C12E4139
C12EDED5
C12F7C6D
C1301A01
C086A5D2
C086DDCE
C087166E
C0874FB5
C08789AB
C087C455
C087FFB8
C0883BDB
C08878C3
C088B677
C088F4FB
C0893457
C089748F
C089B5AB
C089F7AF
C08A3AA3
C08A7E8C
C08AC371
C08B0957
C08B5045
C08B9842
C08BE154
C08C2B81
C08C76D0
C08CC348
C08D10EF
C08D5FCC
C08DAFE6
C08E0143
C08E53EB
C08EA7E5
C08EFD37
C08F53E9
C08FAC02
C090058A
C0906087
C090BD02
C0911B00
C0917A8B
C091DBAA
C0923E64
C092A2C1
C09308C8
C0937082
C093D9F7
C094452D
C094B22E
C0952101
C09591AE
C096043D
C09678B6
C096EF21
C0976787
C097E1EE
C0985E5F
C098DCE3
C0995D81
C099E040
C09A652A
C09AEC45
C09B759A
C09C0130
C09C8F0F
C09D1F3D
C09DB1C4
C09E46A9
C09EDDF5
C09F77AD
C0A013D9
C0A0B27F
C0A153A6
C0A1F754
C0A29D8F
C0A3465D
C0A3F1C3
C0A49FC6
C0A5506B
C0A603B7
C0A6B9AE
C0A77254
C0A82DAD
C0A8EBBB
C0A9AC82
C0AA7003
C0AB3641
C0ABFF3E
C0ACCAF9
C0AD9975
C0AE6AB0
C0AF3EAB
C0B01564
C0B0EEDA
C0B1CB0B
C0B2A9F5
C0B38B94
C0B46FE6
C0B556E5
C0B6408E
C0B72CDA
C0B81BC5
C0B90D48
C0BA015C
C0BAF7FA
C0BBF11A
C0BCECB3
C0BDEABE
C0BEEB30
C0BFEE00
C0C0F323
C0C1FA90
C0C3043A
C0C41017
C0C51E1C
C0C62E3B
C0C74068
C0C85498
C0C96ABD
C0CA82CA
C0CB9CB2
C0CCB867
C0CDD5DC
C0CEF504
C0D015D1
C0D13834
C0D25C21
C0D3818A
C0D4A861
C0D5D098
C0D6FA21
C0D824F1
C0D950F9
C0DA7E2C
C0DBAC7D
C0DCDBE1
C0DE0C49
C0DF3DAB
C0E06FFA
C0E1A32A
C0E2D730
C0E40C01
C0E54192
C0E677D9
C0E7AECA
C0E8E65E
C0EA1E89
C0EB5742
C0EC9081
C0EDCA3D
C0EF046E
C0F03F0B
C0F17A0D
C0F2B56D
C0F3F124
C0F52D2B
C0F6697B
C0F7A60F
C0F8E2E1
C0FA1FEA
C0FB5D27
C0FC9A91
C0FDD825
C0FF15DE
C10029DB
C100C8D6
C10167DD
C10206EF
C102A60A
C103452D
C103E455
C1048383
C10522B3
C105C1E6
C106611A
C107004E
C1079F82
C1083EB4
C108DDE3
C1097D0F
C10A1C38
C10ABB5C
C10B5A7B
C10BF995
C10C98A9
C10D37B6
C10DD6BD
C10E75BD
C10F14B5
C10FB3A6
C1105290
C110F171
C111904A
C1122F1B
C112CDE4
C1136CA5
C1140B5D
C114AA0C
C11548B4
C115E752
C11685E9
C1172476
C117C2FC
C1186179
C118FFEE
C1199E5B
C11A3CBF
C11ADB1C
C11B7971
C11C17BE
C11CB604
C11D5442
C11DF278
C11E90A7
C11F2ED0
C11FCCF1
C1206B0B
C121091E
C121A72B
C1224532
C122E332
C123812C
C1241F20
C124BD0E
C1255AF6
C125F8D9
C12696B6
C127348E
C127D261
C128702F
C1290DF7
C129ABBB
C12A497B
C12AE735
C12B84EC
C12C229E
C12CC04B
C12D5DF5
C12DFB9B
C12E993D
C12F36DB
C12FD476
C130720D
C0875A01
C0879190
C087C9C2
C088029E
C0883C29
C0887669
C088B163
C088ED1E
C089299F
C08966EC
C089A50B
C089E401
C08A23D6
C08A648E
C08AA631
C08AE8C3
C08B2C4B
C08B70CF
C08BB656
C08BFCE6
C08C4485
C08C8D3A
C08CD70A
C08D21FE
C08D6E1A
C08DBB67
C08E09EA
C08E59AB
C08EAAB0
C08EFD01
C08F50A4
C08FA5A1
C08FFBFE
C09053C3
C090ACF7
C09107A1
C09163CA
C091C178
C09220B3
C0928182
C092E3EE
C09347FD
C093ADB9
C0941528
C0947E52
C094E93F
C09555F8
C095C484
C09634EB
C096A735
C0971B6A
C0979193
C09809B7
C09883DF
C0990012
C0997E58
C099FEBA
C09A813F
C09B05F0
C09B8CD4
C09C15F2
C09CA154
C09D2EFF
C09DBEFD
C09E5154
C09EE60B
C09F7D2A
C0A016B8
C0A0B2BB
C0A1513B
C0A1F23D
C0A295C8
C0A33BE2
C0A3E490
C0A48FD9
C0A53DC1
C0A5EE4D
C0A6A182
C0A75764
C0A80FF8
C0A8CB40
C0A9893F
C0AA49FA
C0AB0D71
C0ABD3A8
C0AC9C9F
C0AD6857
C0AE36D1
C0AF080E
C0AFDC0C
C0B0B2CB
C0B18C49
C0B26885
C0B3477C
C0B4292A
C0B50D8D
C0B5F4A0
C0B6DE5E
C0B7CAC3
C0B8B9C8
C0B9AB67
C0BA9F9A
C0BB9658
C0BC8F9B
C0BD8B5A
C0BE898B
C0BF8A26
C0C08D20
C0C19270
C0C29A0B
C0C3A3E6
C0C4AFF5
C0C5BE2D
C0C6CE82
C0C7E0E6
C0C8F54E
C0CA0BAC
C0CB23F4
C0CC3E19
C0CD5A0C
C0CE77C0
C0CF9727
C0D0B834
C0D1DADA
C0D2FF09
C0D424B5
C0D54BCF
C0D6744B
C0D79E1A
C0D8C92F
C0D9F57D
C0DB22F6
C0DC518E
C0DD8139
C0DEB1E8
C0DFE391
C0E11626
C0E2499D
C0E37DEA
C0E4B302
C0E5E8D9
C0E71F66
C0E8569E
C0E98E76
C0EAC6E6
C0EBFFE4
C0ED3966
C0EE7366
C0EFADD9
C0F0E8B8
C0F223FB
C0F35F9C
C0F49B92
C0F5D7D8
C0F71466
C0F85137
C0F98E45
C0FACB8A
C0FC0901
C0FD46A6
C0FE8472
C0FFC262
C1008039
C1011F4F
C101BE70
C1025D9C
C102FCD0
C1039C0C
C1043B4C
C104DA92
C10579DA
C1061923
C106B86E
C10757B8
C107F701
C1089647
C109358B
C109D4CC
C10A7408
C10B133F
C10BB270
C10C519C
C10CF0C1
C10D8FE0
C10E2EF8
C10ECE08
C10F6D10
C1100C11
C110AB09
C11149F9
C111E8E0
C11287BF
C1132696
C113C563
C1146428
C11502E4
C115A197
C1164041
C116DEE3
C1177D7C
C1181C0C
C118BA93
C1195912
C119F789
C11A95F7
C11B345D
C11BD2BA
C11C7110
C11D0F5E
C11DADA4
C11E4BE2
C11EEA19
C11F8849
C1202671
C120C492
C12162AC
C12200BF
C1229ECC
C1233CD2
C123DAD2
C12478CC
C12516BF
C125B4AD
C1265295
C126F077
C1278E54
C1282C2B
C128C9FD
C12967CA
C12A0592
C12AA356
C12B4114
C12BDECE
C12C7C84
C12D1A35
C12DB7E2
C12E558B
C12EF330
C12F90D2
C1302E6F
C130CC09
C08810A3
C08847C6
C0887F8E
C088B7FF
C088F121
C0892AF9
C089658C
C089A0E0
C089DCFC
C08A19E4
C08A579F
C08A9633
C08AD5A5
C08B15FC
C08B573D
C08B996F
C08BDC98
C08C20BE
C08C65E7
C08CAC1A
C08CF35C
C08D3BB5
C08D852B
C08DCFC4
C08E1B87
C08E687B
C08EB6A6
C08F060F
C08F56BE
C08FA8B8
C08FFC06
C09050AE
C090A6B8
C090FE2A
C091570C
C091B165
C0920D3D
C0926A9C
C092C988
C0932A09
C0938C28
C093EFEC
C094555C
C094BC81
C0952562
C0959008
C095FC7A
C0966AC0
C096DAE2
C0974CE9
C097C0DC
C09836C4
C098AEA8
C0992891
C099A487
C09A2291
C09AA2B9
C09B2505
C09BA97E
C09C302B
C09CB915
C09D4444
C09DD1BE
C09E618C
C09EF3B4
C09F883F
C0A01F33
C0A0B898
C0A15474
C0A1F2CE
C0A293AD
C0A33717
C0A3DD11
C0A485A2
C0A530CF
C0A5DE9D
C0A68F12
C0A74231
C0A7F800
C0A8B082
C0A96BBB
C0AA29AE
C0AAEA5E
C0ABADCD
C0AC73FE
C0AD3CF1
C0AE08A8
C0AED723
C0AFA862
C0B07C66
C0B1532D
C0B22CB5
C0B308FD
C0B3E803
C0B4C9C2
C0B5AE38
C0B69561
C0B77F37
C0B86BB6
C0B95AD8
C0BA4C96
C0BB40E9
C0BC37CA
C0BD3132
C0BE2D18
C0BF2B72
C0C02C39
C0C12F60
C0C234DF
C0C33CAB
C0C446B9
C0C552FC
C0C6616A
C0C771F6
C0C88494
C0C99937
C0CAAFD2
C0CBC857
C0CCE2BA
C0CDFEED
C0CF1CE3
C0D03C8D
C0D15DDD
C0D280C7
C0D3A53B
C0D4CB2D
C0D5F28E
C0D71B51
C0D84568
C0D970C5
C0DA9D5C
C0DBCB1E
C0DCFA00
C0DE29F3
C0DF5AEC
C0E08CDE
C0E1BFBE
C0E2F37E
C0E42815
C0E55D76
C0E69396
C0E7CA6B
C0E901EB
C0EA3A0B
C0EB72C2
C0ECAC07
C0EDE5D0
C0EF2015
C0F05ACD
C0F195F0
C0F2D177
C0F40D5B
C0F54993
C0F6861A
C0F7C2E9
C0F8FFF9
C0FA3D45
C0FB7AC8
C0FCB87C
C0FDF65B
C0FF3462
C1003946
C100D86A
C101779C
C10216D9
C102B61F
C103556E
C103F4C3
C104941D
C105337B
C105D2DB
C106723D
C107119E
C107B0FF
C108505E
C108EFBB
C1098F14
C10A2E68
C10ACDB9
C10B6D03
C10C0C48
C10CAB87
C10D4ABE
C10DE9EF
C10E8918
C10F2839
C10FC751
C1106662
C111056A
C111A469
C112435F
C112E24C
C1138131
C114200C
C114BEDE
C1155DA6
C115FC66
C1169B1C
C11739CA
C117D86E
C1187709
C119159B
C119B424
C11A52A5
C11AF11D
C11B8F8C
C11C2DF3
C11CCC52
C11D6AA8
C11E08F7
C11EA73D
C11F457C
C11FE3B3
C12081E2
C121200B
C121BE2C
C1225C46
C122FA59
C1239865
C124366B
C124D46B
C1257264
C1261057
C126AE44
C1274C2C
C127EA0D
C12887E9
C12925C0
C129C392
C12A615E
C12AFF26
C12B9CE8
C12C3AA6
C12CD860
C12D7615
C12E13C5
C12EB172
C12F4F1A
C12FECBF
C1308A5F
C13127FC
C088C9B9
C0890071
C08937D0
C0896FD9
C089A894
C089E205
C08A1C33
C08A5723
C08A92DA
C08ACF60
C08B0CB8
C08B4AEB
C08B89FC
C08BC9F3
C08C0AD6
C08C4CA9
C08C8F74
C08CD33D
C08D180A
C08D5DE1
C08DA4C9
C08DECC7
C08E35E3
C08E8024
C08ECB8E
C08F182B
C08F65FF
C08FB513
C090056C
C0905712
C090AA0C
C090FE61
C0915418
C091AB39
C09203CA
C0925DD4
C092B95D
C093166D
C093750C
C093D541
C0943715
C0949A8E
C094FFB4
C0956691
C095CF2A
C0963989
C096A5B6
C09713B7
C0978397
C097F55B
C098690D
C098DEB5
C099565B
C099D007
C09A4BC1
C09AC991
C09B497F
C09BCB94
C09C4FD6
C09CD64F
C09D5F06
C09DEA03
C09E774D
C09F06EC
C09F98E8
C0A02D48
C0A0C413
C0A15D50
C0A1F906
C0A2973D
C0A337F9
C0A3DB43
C0A4811F
C0A52994
C0A5D4A7
C0A6825D
C0A732BC
C0A7E5C8
C0A89B85
C0A953F8
C0AA0F23
C0AACD0B
C0AB8DB3
C0AC511B
C0AD1747
C0ADE038
C0AEABF0
C0AF7A6D
C0B04BB2
C0B11FBD
C0B1F68E
C0B2D022
C0B3AC79
C0B48B8F
C0B56D62
C0B651ED
C0B7392E
C0B8231E
C0B90FB9
C0B9FEF9
C0BAF0D8
C0BBE54E
C0BCDC55
C0BDD5E4
C0BED1F4
C0BFD07A
C0C0D16D
C0C1D4C5
C0C2DA75
C0C3E275
C0C4ECB7
C0C5F932
C0C707D9
C0C8189F
C0C92B79
C0CA4059
C0CB5732
C0CC6FF8
C0CD8A9D
C0CEA713
C0CFC54C
C0D0E53B
C0D206D2
C0D32A02
C0D44EBF
C0D574F9
C0D69CA3
C0D7C5B0
C0D8F012
C0DA1BBA
C0DB489C
C0DC76AA
C0DDA5D7
C0DED617
C0E0075D
C0E1399B
C0E26CC7
C0E3A0D4
C0E4D5B6
C0E60B63
C0E741CF
C0E878EF
C0E9B0BA
C0EAE925
C0EC2226
C0ED5BB4
C0EE95C6
C0EFD052
C0F10B52
C0F246BC
C0F38289
C0F4BEB2
C0F5FB2F
C0F737F9
C0F8750A
C0F9B25C
C0FAEFE9
C0FC2DAC
C0FD6B9E
C0FEA9BC
C0FFE800
C1009333
C1013274
C101D1C2
C102711C
C103107E
C103AFE8
C1044F58
C104EECC
C1058E43
C1062DBD
C106CD37
C1076CB0
C1080C29
C108AB9F
C1094B12
C109EA81
C10A89EB
C10B2950
C10BC8AF
C10C6808
C10D075A
C10DA6A4
C10E45E7
C10EE522
C10F8454
C110237E
C110C29F
C11161B7
C11200C6
C1129FCC
C1133EC8
C113DDBB
C1147CA4
C1151B83
C115BA59
C1165926
C116F7E9
C11796A2
C1183552
C118D3F9
C1197296
C11A112A
C11AAFB5
C11B4E37
C11BECB0
C11C8B21
C11D2989
C11DC7E8
C11E663F
C11F048E
C11FA2D5
C1204114
C120DF4B
C1217D7B
C1221BA3
C122B9C4
C12357DE
C123F5F1
C12493FD
C1253203
C125D002
C1266DFA
C1270BED
C127A9DA
C12847C0
C128E5A2
C129837D
C12A2153
C12ABF24
C12B5CF0
C12BFAB7
C12C9879
C12D3636
C12DD3EF
C12E71A3
C12F0F53
C12FACFF
C1304AA7
C130E84B
C13185EB
C0898540
C089BB91
C089F288
C08A2A2B
C08A6280
C08A9B8D
C08AD557
C08B0FE4
C08B4B3A
C08B875E
C08BC456
C08C0229
C08C40DC
C08C8075
C08CC0F9
C08D0270
C08D44DF
C08D884D
C08DCCBF
C08E123C
C08E58CA
C08EA070
C08EE934
C08F331D
C08F7E32
C08FCA78
C09017F7
C09066B6
C090B6BC
C091080F
C0915AB6
C091AEBA
C0920420
C0925AF1
C092B333
C0930CEE
C093682A
C093C4ED
C0942340
C094832B
C094E4B4
C09547E4
C095ACC3
C0961358
C0967BAB
C096E5C5
C09751AD
C097BF6C
C0982F09
C098A08D
C0991400
C099896A
C09A00D3
C09A7A43
C09AF5C2
C09B7359
C09BF310
C09C74EE
C09CF8FC
C09D7F41
C09E07C6
C09E9293
C09F1FAE
C09FAF21
C0A040F1
C0A0D528
C0A16BCB
C0A204E2
C0A2A075
C0A33E89
C0A3DF25
C0A48250
C0A52810
C0A5D06A
C0A67B64
C0A72904
C0A7D94F
C0A88C49
C0A941F6
C0A9FA5B
C0AAB57B
C0AB735A
C0AC33FA
C0ACF75E
C0ADBD88
C0AE8679
C0AF5233
C0B020B5
C0B0F201
C0B1C615
C0B29CF1
C0B37694
C0B452FB
C0B53224
C0B6140C
C0B6F8AF
C0B7E00A
C0B8CA16
C0B9B6D0
C0BAA631
C0BB9833
C0BC8CCF
C0BD83FD
C0BE7DB6
C0BF79F1
C0C078A5
C0C179C9
C0C27D52
C0C38337
C0C48B6C
C0C595E7
C0C6A29B
C0C7B17D
C0C8C280
C0C9D598
C0CAEAB9
C0CC01D4
C0CD1ADD
C0CE35C5
C0CF5281
C0D07101
C0D19138
C0D2B317
C0D3D691
C0D4FB98
C0D6221E
C0D74A15
C0D8736E
C0D99E1D
C0DACA13
C0DBF744
C0DD25A0
C0DE551D
C0DF85AB
C0E0B740
C0E1E9CE
C0E31D48
C0E451A4
C0E586D6
C0E6BCD1
C0E7F38B
C0E92AFA
C0EA6312
C0EB9BCA
C0ECD517
C0EE0EF1
C0EF494E
C0F08426
C0F1BF70
C0F2FB23
C0F43739
C0F573A9
C0F6B06C
C0F7ED7D
C0F92AD3
C0FA6869
C0FBA639
C0FCE43E
C0FE2271
C0FF60CF
C1004FA9
C100EEFA
C1018E5A
C1022DC7
C102CD3D
C1036CBC
C1040C42
C104ABCE
C1054B5D
C105EAEF
C1068A83
C1072A16
C107C9A9
C1086939
C10908C7
C109A851
C10A47D7
C10AE757
C10B86D2
C10C2646
C10CC5B4
C10D651A
C10E0478
C10EA3CE
C10F431B
C10FE260
C110819C
C11120CE
C111BFF7
C1125F16
C112FE2B
C1139D37
C1143C38
C114DB30
C1157A1E
C1161902
C116B7DB
C11756AB
C117F571
C118942D
C11932E0
C119D189
C11A7028
C11B0EBE
C11BAD4B
C11C4BCE
C11CEA48
C11D88BA
C11E2722
C11EC582
C11F63DA
C1200229
C120A071
C1213EB0
C121DCE7
C1227B17
C123193F
C123B760
C1245579
C124F38C
C1259198
C1262F9D
C126CD9C
C1276B94
C1280986
C128A773
C1294559
C129E339
C12A8114
C12B1EEA
C12BBCBA
C12C5A86
C12CF84C
C12D960D
C12E33CA
C12ED182
C12F6F36
C1300CE5
C130AA90
C1314837
C131E5DB
C08A4339
C08A7923
C08AAFB5
C08AE6F4
C08B1EE6
C08B5790
C08B90F8
C08BCB25
C08C061A
C08C41DF
C08C7E79
C08CBBED
C08CFA43
C08D397F
C08D79A8
C08DBAC4
C08DFCD9
C08E3FED
C08E8406
C08EC92A
C08F0F61
C08F56B0
C08F9F1E
C08FE8B1
C0903370
C0907F62
C090CC8E
C0911AFA
C0916AAD
C091BBAF
C0920E06
C09261B9
C092B6D1
C0930D53
C0936547
C093BEB5
C09419A5
C094761D
C094D426
C09533C7
C0959508
C095F7F0
C0965C88
C096C2D7
C0972AE6
C09794BC
C0980062
C0986DDF
C098DD3C
C0994E81
C099C1B6
C09A36E3
C09AAE10
C09B2746
C09BA28C
C09C1FEC
C09C9F6C
C09D2115
C09DA4F0
C09E2B04
C09EB359
C09F3DF7
C09FCAE5
C0A05A2C
C0A0EBD3
C0A17FE1
C0A2165E
C0A2AF51
C0A34AC1
C0A3E8B4
C0A48932
C0A52C40
C0A5D1E5
C0A67A27
C0A7250A
C0A7D296
C0A882CE
C0A935B7
C0A9EB57
C0AAA3B0
C0AB5EC6
C0AC1C9E
C0ACDD39
C0ADA09A
C0AE66C3
C0AF2FB6
C0AFFB74
C0B0C9FD
C0B19B51
C0B26F71
C0B3465B
C0B4200E
C0B4FC88
C0B5DBC6
C0B6BDC5
C0B7A282
C0B889F9
C0B97424
C0BA60FE
C0BB5083
C0BC42AA
C0BD376E
C0BE2EC6
C0BF28AB
C0C02515
C0C123F9
C0C2254F
C0C3290D
C0C42F29
C0C53796
C0C6424B
C0C74F3C
C0C85E5B
C0C96F9E
C0CA82F8
C0CB985B
C0CCAFBA
C0CDC909
C0CEE439
C0D0013D
C0D12006
C0D24088
C0D362B3
C0D4867A
C0D5ABCE
C0D6D2A2
C0D7FAE8
C0D92491
C0DA4F90
C0DB7BD7
C0DCA958
C0DDD807
C0DF07D5
C0E038B5
C0E16A9C
C0E29D7B
C0E3D148
C0E505F6
C0E63B79
C0E771C6
C0E8A8D1
C0E9E090
C0EB18F9
C0EC5200
C0ED8B9D
C0EEC5C6
C0F00071
C0F13B96
C0F2772D
C0F3B32C
C0F4EF8D
C0F62C47
C0F76954
C0F8A6AC
C0F9E44A
C0FB2227
C0FC603C
C0FD9E85
C0FEDCFC
C1000DCE
C100AD30
C1014CA2
C101EC21
C1028BAC
C1032B41
C103CADE
C1046A82
C1050A2A
C105A9D5
C1064983
C106E931
C10788DF
C108288B
C108C835
C10967DB
C10A077E
C10AA71B
C10B46B2
C10BE643
C10C85CE
C10D2550
C10DC4CB
C10E643E
C10F03A8
C10FA308
C1104260
C110E1AE
C11180F2
C112202C
C112BF5C
C1135E82
C113FD9D
C1149CAE
C1153BB5
C115DAB2
C11679A4
C117188B
C117B769
C118563C
C118F505
C11993C4
C11A3278
C11AD123
C11B6FC4
C11C0E5C
C11CACEA
C11D4B6F
C11DE9EA
C11E885C
C11F26C6
C11FC526
C120637E
C12101CE
C121A015
C1223E55
C122DC8C
C1237ABC
C12418E4
C124B705
C125551E
C125F330
C126913C
C1272F41
C127CD3F
C1286B37
C1290929
C129A714
C12A44FA
C12AE2DA
C12B80B5
C12C1E8A
C12CBC59
C12D5A24
C12DF7E9
C12E95AA
C12F3366
C12FD11E
C1306ED1
C1310C80
C131AA2A
C13247D1
C08B03A2
C08B3928
C08B6F57
C08BA634
C08BDDC4
C08C160E
C08C4F16
C08C88E3
C08CC37A
C08CFEE2
C08D3B1F
C08D7837
C08DB632
C08DF513
C08E34E2
C08E75A5
C08EB761
C08EFA1D
C08F3DDE
C08F82AC
C08FC88D
C0900F87
C09057A0
C090A0DF
C090EB4B
C09136EA
C09183C4
C091D1DF
C0922141
C09271F3
C092C3FB
C0931760
C0936C29
C093C25F
C0941A07
C094732A
C094CDCF
C09529FD
C09587BD
C095E716
C0964810
C096AAB2
C0970F05
C0977510
C097DCDC
C0984670
C098B1D5
C0991F12
C0998E30
C099FF37
C09A722F
C09AE721
C09B5E14
C09BD711
C09C5220
C09CCF4A
C09D4E95
C09DD00C
C09E53B5
C09ED998
C09F61BE
C09FEC2F
C0A078F2
C0A1080F
C0A1998E
C0A22D76
C0A2C3CF
C0A35C9F
C0A3F7EE
C0A495C2
C0A53623
C0A5D916
C0A67EA1
C0A726CC
C0A7D19B
C0A87F13
C0A92F3B
C0A9E216
C0AA97A9
C0AB4FF8
C0AC0B06
C0ACC8D8
C0AD8970
C0AE4CD0
C0AF12FB
C0AFDBF2
C0B0A7B6
C0B17647
C0B247A7
C0B31BD4
C0B3F2CE
C0B4CC94
C0B5A922
C0B68877
C0B76A90
C0B84F69
C0B936FE
C0BA214A
C0BB0E48
C0BBFDF2
C0BCF041
C0BDE52F
C0BEDCB4
C0BFD6C8
C0C0D362
C0C1D279
C0C2D405
C0C3D7FA
C0C4DE4E
C0C5E6F7
C0C6F1E9
C0C7FF18
C0C90E79
C0CA1FFE
C0CB339C
C0CC4944
C0CD60EB
C0CE7A82
C0CF95FC
C0D0B34B
C0D1D261
C0D2F330
C0D415A9
C0D539C0
C0D65F65
C0D7868A
C0D8AF22
C0D9D91E
C0DB0470
C0DC310A
C0DD5EE0
C0DE8DE2
C0DFBE05
C0E0EF3A
C0E22176
C0E354AB
C0E488CC
C0E5BDCF
C0E6F3A6
C0E82A47
C0E961A7
C0EA99B9
C0EBD275
C0ED0BCF
C0EE45BE
C0EF8039
C0F0BB35
C0F1F6AA
C0F33290
C0F46EDD
C0F5AB8C
C0F6E893
C0F825EC
C0F9638F
C0FAA177
C0FBDF9C
C0FD1DFA
C0FE5C89
C0FF9B46
C1006D15
C1010C99
C101AC2C
C1024BCC
C102EB77
C1038B2C
C1042AE7
C104CAA9
C1056A6F
C1060A37
C106AA01
C10749CB
C107E995
C108895C
C1092920
C109C8E0
C10A689B
C10B0850
C10BA800
C10C47A8
C10CE749
C10D86E2
C10E2673
C10EC5FA
C10F6578
C11004ED
C110A458
C11143B9
C111E310
C112825C
C113219D
C113C0D4
C1146000
C114FF22
C1159E38
C1163D44
C116DC44
C1177B3B
C1181A26
C118B906
C11957DD
C119F6A8
C11A9569
C11B3420
C11BD2CD
C11C7170
C11D1009
C11DAE98
C11E4D1E
C11EEB9A
C11F8A0D
C1202877
C120C6D8
C1216531
C1220381
C122A1C8
C1234008
C123DE3F
C1247C6F
C1251A97
C125B8B7
C12656D0
C126F4E3
C12792EE
C12830F2
C128CEF0
C1296CE8
C12A0AD9
C12AA8C4
C12B46A9
C12BE489
C12C8262
C12D2037
C12DBE06
C12E5BD0
C12EF995
C12F9755
C1303511
C130D2C7
C131707A
C1320E28
C132ABD2
C08BC67A
C08BFB9E
C08C316C
C08C67E8
C08C9F19
C08CD704
C08D0FAF
C08D491F
C08D8359
C08DBE65
C08DFA47
C08E3706
C08E74A6
C08EB32F
C08EF2A6
C08F3311
C08F7476
C08FB6DC
C08FFA48
C0903EC1
C090844D
C090CAF3
C09112B9
C0915BA6
C091A5C1
C091F10F
C0923D98
C0928B63
C092DA77
C0932ADB
C0937C95
C093CFAD
C094242A
C0947A14
C094D172
C0952A4B
C09584A7
C095E08E
C0963E06
C0969D19
C096FDCD
C097602B
C097C43A
C0982A03
C098918D
C098FAE0
C0996605
C099D304
C09A41E5
C09AB2B0
C09B256D
C09B9A25
C09C10E0
C09C89A6
C09D047F
C09D8174
C09E008D
C09E81D2
C09F054A
C09F8AFF
C0A012F8
C0A09D3E
C0A129D7
C0A1B8CC
C0A24A24
C0A2DDE8
C0A3741D
C0A40CCC
C0A4A7FC
C0A545B3
C0A5E5F8
C0A688D2
C0A72E47
C0A7D65C
C0A88117
C0A92E7F
C0A9DE97
C0AA9166
C0AB46EE
C0ABFF35
C0ACBA3E
C0AD780C
C0AE38A3
C0AEFC04
C0AFC232
C0B08B2F
C0B156FB
C0B22597
C0B2F704
C0B3CB41
C0B4A24D
C0B57C27
C0B658CC
C0B7383B
C0B81A70
C0B8FF67
C0B9E71D
C0BAD18C
C0BBBEAF
C0BCAE81
C0BDA0FB
C0BE9615
C0BF8DC9
C0C0880E
C0C184DC
C0C28429
C0C385EC
C0C48A1B
C0C590AB
C0C69992
C0C7A4C4
C0C8B234
C0C9C1D8
C0CAD3A3
C0CBE787
C0CCFD78
C0CE1569
C0CF2F4B
C0D04B12
C0D168AF
C0D28814
C0D3A934
C0D4CBFF
C0D5F068
C0D71660
C0D83DDA
C0D966C7
C0DA9118
C0DBBCC0
C0DCE9B2
C0DE17DE
C0DF4738
C0E077B2
C0E1A940
C0E2DBD3
C0E40F60
C0E543D9
C0E67933
C0E7AF63
C0E8E65B
C0EA1E11
C0EB567A
C0EC8F8C
C0EDC93C
C0EF0380
C0F03E4F
C0F1799E
C0F2B566
C0F3F19E
C0F52E3D
C0F66B3C
C0F7A892
C0F8E63A
C0FA242B
C0FB625F
C0FCA0D0
C0FDDF78
C0FF1E51
C1002EAB
C100CE40
C1016DE7
C1020D9C
C102AD5E
C1034D2B
C103ED00
C1048CDB
C1052CBC
C105CCA1
C1066C87
C1070C6F
C107AC56
C1084C3B
C108EC1E
C1098BFD
C10A2BD8
C10ACBAD
C10B6B7C
C10C0B44
C10CAB04
C10D4ABD
C10DEA6D
C10E8A13
C10F29B1
C10FC944
C11068CE
C111084D
C111A7C2
C112472B
C112E68A
C11385DE
C1142526
C114C464
C1156396
C11602BC
C116A1D8
C11740E8
C117DFED
C1187EE7
C1191DD5
C119BCB9
C11A5B92
C11AFA60
C11B9923
C11C37DC
C11CD68B
C11D752F
C11E13C9
C11EB25A
C11F50E1
C11FEF5E
C1208DD1
C1212C3C
C121CA9E
C12268F6
C1230747
C123A58E
C12443CE
C124E205
C1258035
C1261E5C
C126BC7D
C1275A96
C127F8A7
C12896B2
C12934B6
C129D2B4
C12A70AB
C12B0E9B
C12BAC86
C12C4A6B
C12CE84A
C12D8623
C12E23F7
C12EC1C5
C12F5F8F
C12FFD53
C1309B13
C13138CE
C131D684
C1327436
C13311E3
C08C8BC0
C08CC084
C08CF5F2
C08D2C11
C08D62E4
C08D9A72
C08DD2C1
C08E0BD6
C08E45B6
C08E8068
C08EBBF1
C08EF858
C08F35A1
C08F73D2
C08FB2F3
C08FF308
C0903418
C0907629
C090B942
C090FD68
C09142A1
C09188F6
C091D06A
C0921907
C09262D1
C092ADD0
C092FA0B
C0934788
C093964E
C093E665
C09437D3
C0948AA0
C094DED3
C0953474
C0958B88
C095E419
C0963E2E
C09699CE
C096F701
C09755CF
C097B63F
C098185A
C0987C27
C098E1AF
C09948F9
C099B20E
C09A1CF5
C09A89B7
C09AF85C
C09B68EC
C09BDB70
C09C4FF0
C09CC674
C09D3F05
C09DB9AA
C09E366C
C09EB553
C09F3668
C09FB9B2
C0A03F3A
C0A0C708
C0A15123
C0A1DD94
C0A26C63
C0A2FD96
C0A39137
C0A4274B
C0A4BFDB
C0A55AED
C0A5F889
C0A698B4
C0A73B76
C0A7E0D5
C0A888D7
C0A93381
C0A9E0DA
C0AA90E5
C0AB43A9
C0ABF929
C0ACB169
C0AD6C6E
C0AE2A3B
C0AEEAD2
C0AFAE36
C0B0746A
C0B13D6F
C0B20945
C0B2D7EE
C0B3A96B
C0B47DB9
C0B554DA
C0B62ECA
C0B70B89
C0B7EB13
C0B8CD66
C0B9B27E
C0BA9A57
C0BB84EC
C0BC7237
C0BD6233
C0BE54DA
C0BF4A23
C0C04208
C0C13C81
C0C23985
C0C3390A
C0C43B08
C0C53F73
C0C64642
C0C74F6A
C0C85ADE
C0C96893
C0CA787D
C0CB8A90
C0CC9EBE
C0CDB4FA
C0CECD38
C0CFE769
C0D1037F
C0D2216D
C0D34125
C0D46297
C0D585B7
C0D6AA76
C0D7D0C5
C0D8F896
C0DA21DA
C0DB4C85
C0DC7886
C0DDA5D1
C0DED458
C0E0040C
C0E134E1
C0E266C9
C0E399B8
C0E4CD9F
C0E60274
C0E73829
C0E86EB2
C0E9A605
C0EADE15
C0EC16D8
C0ED5043
C0EE8A4B
C0EFC4E7
C0F1000D
C0F23BB3
C0F377D1
C0F4B45D
C0F5F151
C0F72EA2
C0F86C4B
C0F9AA44
C0FAE885
C0FC2708
C0FD65C7
C0FEA4BC
C0FFE3E1
C1009198
C1013153
C101D11E
C10270F6
C10310DB
C103B0CA
C10450C1
C104F0BD
C10590BF
C10630C3
C106D0C9
C10770CF
C10810D4
C108B0D7
C10950D6
C109F0D1
C10A90C7
C10B30B7
C10BD0A0
C10C7081
C10D105B
C10DB02C
C10E4FF3
C10EEFB1
C10F8F65
C1102F0F
C110CEAE
C1116E42
C1120DCB
C112AD49
C1134CBB
C113EC21
C1148B7C
C1152ACB
C115CA0F
C1166946
C1170872
C117A792
C11846A6
C118E5AF
C11984AC
C11A239E
C11AC285
C11B6160
C11C0031
C11C9EF6
C11D3DB1
C11DDC61
C11E7B07
C11F19A2
C11FB834
C12056BB
C120F539
C12193AD
C1223219
C122D07B
C1236ED4
C1240D24
C124AB6C
C12549AB
C125E7E2
C1268612
C1272439
C127C259
C1286072
C128FE83
C1299C8E
C12A3A92
C12AD88F
C12B7685
C12C1475
C12CB25F
C12D5044
C12DEE22
C12E8BFB
C12F29CE
C12FC79C
C1306565
C1310328
C131A0E7
C1323EA2
C132DC57
C1337A09
C08D5371
C08D87D8
C08DBCE9
C08DF2AB
C08E2923
C08E6057
C08E984C
C08ED107
C08F0A8F
C08F44EA
C08F801C
C08FBC2B
C08FF91F
C09036FB
C09075C7
C090B589
C090F646
C0913804
C0917ACA
C091BE9F
C0920388
C092498C
C09290B1
C092D8FF
C093227B
C0936D2C
C093B91A
C094064B
C09454C6
C094A492
C094F5B6
C0954839
C0959C23
C095F17C
C0964849
C096A094
C096FA63
C09755BE
C097B2AD
C0981138
C0987166
C098D33F
C09936CC
C0999C14
C09A0320
C09A6BF7
C09AD6A2
C09B4329
C09BB194
C09C21EC
C09C9438
C09D0882
C09D7ED0
C09DF72D
C09E719F
C09EEE30
C09F6CE8
C09FEDCE
C0A070EB
C0A0F648
C0A17DEC
C0A207DF
C0A2942A
C0A322D4
C0A3B3E5
C0A44764
C0A4DD59
C0A575CB
C0A610C1
C0A6AE43
C0A74E57
C0A7F103
C0A8964F
C0A93E3F
C0A9E8DA
C0AA9625
C0AB4625
C0ABF8E0
C0ACAE59
C0AD6695
C0AE2198
C0AEDF65
C0AF9FFF
C0B06369
C0B129A4
C0B1F2B3
C0B2BE96
C0B38D4E
C0B45EDC
C0B5333E
C0B60A75
C0B6E47E
C0B7C159
C0B8A101
C0B98375
C0BA68B0
C0BB50AE
C0BC3B6B
C0BD28E1
C0BE190A
C0BF0BE0
C0C0015B
C0C0F974
C0C1F423
C0C2F160
C0C3F120
C0C4F35B
C0C5F805
C0C6FF16
C0C80880
C0C9143A
C0CA2236
C0CB326A
C0CC44C7
C0CD5942
C0CE6FCD
C0CF885A
C0D0A2DC
C0D1BF45
C0D2DD88
C0D3FD94
C0D51F5E
C0D642D5
C0D767ED
C0D88E95
C0D9B6C0
C0DAE060
C0DC0B66
C0DD37C4
C0DE656C
C0DF9450
C0E0C462
C0E1F595
C0E327DB
C0E45B27
C0E58F6D
C0E6C4A0
C0E7FAB3
C0E9319A
C0EA694A
C0EBA1B7
C0ECDAD7
C0EE149D
C0EF4F01
C0F089F8
C0F1C578
C0F30177
C0F43DEE
C0F57AD2
C0F6B81D
C0F7F5C4
C0F933C2
C0FA720F
C0FBB0A3
C0FCEF78
C0FE2E88
C0FF6DCC
C10056A0
C100F66E
C101964F
C102363F
C102D63D
C1037646
C1041658
C104B671
C1055690
C105F6B3
C10696D9
C10736FF
C107D724
C1087748
C1091769
C109B786
C10A579E
C10AF7B1
C10B97BC
C10C37C0
C10CD7BC
C10D77B0
C10E179A
C10EB77A
C10F5750
C10FF71C
C11096DC
C1113691
C111D63B
C11275D9
C113156B
C113B4F1
C114546B
C114F3D9
C115933B
C1163290
C116D1D9
C1177116
C1181046
C118AF6B
C1194E83
C119ED8F
C11A8C90
C11B2B85
C11BCA6E
C11C694C
C11D081E
C11DA6E6
C11E45A2
C11EE454
C11F82FB
C1202197
C120C02A
C1215EB2
C121FD30
C1229BA5
C1233A11
C123D873
C12476CC
C125151D
C125B365
C12651A4
C126EFDB
C1278E0B
C1282C32
C128CA52
C129686A
C12A067B
C12AA485
C12B4288
C12BE085
C12C7E7B
C12D1C6B
C12DBA54
C12E5838
C12EF616
C12F93EE
C13031C0
C130CF8E
C1316D56
C1320B19
C132A8D8
C1334691
C133E446
C08E1D8C
C08E5197
C08E864E
C08EBBB6
C08EF1D4
C08F28B0
C08F604D
C08F98B1
C08FD1E3
C0900BE7
C09046C4
C090827F
C090BF1F
C090FCA8
C0913B22
C0917A91
C091BAFC
C091FC6A
C0923EE0
C0928265
C092C700
C0930CB5
C093538D
C0939B8D
C093E4BD
C0942F22
C0947AC5
C094C7AB
C09515DC
C095655F
C095B63B
C0960876
C0965C19
C096B12B
C09707B3
C0975FB9
C097B944
C098145C
C0987109
C098CF52
C0992F40
C09990DA
C099F428
C09A5932
C09AC001
C09B289D
C09B930D
C09BFF5B
C09C6D8D
C09CDDAE
C09D4FC4
C09DC3D9
C09E39F4
C09EB21E
C09F2C60
C09FA8C1
C0A0274B
C0A0A804
C0A12AF7
C0A1B02A
C0A237A6
C0A2C173
C0A34D99
C0A3DC20
C0A46D0F
C0A5006F
C0A59646
C0A62E9D
C0A6C979
C0A766E3
C0A806E1
C0A8A97A
C0A94EB3
C0A9F694
C0AAA121
C0AB4E61
C0ABFE58
C0ACB10B
C0AD6680
C0AE1EBA
C0AED9BD
C0AF978C
C0B0582B
C0B11B9C
C0B1E1E1
C0B2AAFC
C0B376ED
C0B445B7
C0B51758
C0B5EBD1
C0B6C321
C0B79D45
C0B87A3D
C0B95A06
C0BA3C9D
C0BB21FD
C0BC0A24
C0BCF50B
C0BDE2AE
C0BED306
C0BFC60E
C0C0BBBE
C0C1B40E
C0C2AEF6
C0C3AC6E
C0C4AC6C
C0C5AEE6
C0C6B3D3
C0C7BB27
C0C8C4D8
C0C9D0DA
C0CADF20
C0CBEFA0
C0CD024B
C0CE1715
C0CF2DF1
C0D046D2
C0D161A8
C0D27E67
C0D39D01
C0D4BD66
C0D5DF89
C0D7035B
C0D828CE
C0D94FD4
C0DA785C
C0DBA25B
C0DCCDC0
C0DDFA7D
C0DF2885
C0E057CA
C0E1883D
C0E2B9D1
C0E3EC78
C0E52026
C0E654CD
C0E78A60
C0E8C0D4
C0E9F81D
C0EB302D
C0EC68FA
C0EDA279
C0EEDC9F
C0F01762
C0F152B7
C0F28E94
C0F3CAF0
C0F507C2
C0F64501
C0F782A5
C0F8C0A6
C0F9FEFC
C0FB3D9F
C0FC7C89
C0FDBBB3
C0FEFB16
C1001D57
C100BD39
C1015D2F
C101FD37
C1029D4E
C1033D72
C103DDA0
C1047DD7
C1051E15
C105BE57
C1065E9D
C106FEE4
C1079F2B
C1083F72
C108DFB6
C1097FF6
C10A2032
C10AC068
C10B6098
C10C00C0
C10CA0E0
C10D40F8
C10DE106
C10E810A
C10F2104
C10FC0F3
C11060D6
C11100AE
C111A07B
C112403B
C112DFEF
C1137F96
C1141F31
C114BEBF
C1155E41
C115FDB5
C1169D1D
C1173C78
C117DBC7
C1187B08
C1191A3D
C119B966
C11A5882
C11AF792
C11B9695
C11C358D
C11CD478
C11D7358
C11E122D
C11EB0F6
C11F4FB4
C11FEE67
C1208D0F
C1212BAD
C121CA40
C12268C9
C1230748
C123A5BD
C1244429
C124E28C
C12580E5
C1261F36
C126BD7D
C1275BBD
C127F9F4
C1289823
C129364A
C129D469
C12A7281
C12B1092
C12BAE9C
C12C4C9F
C12CEA9B
C12D8890
C12E267F
C12EC468
C12F624C
C1300029
C1309E00
C1313BD3
C131D99F
C1327767
C133152A
C133B2E8
C13450A1
C08EEA0F
C08F1DC0
C08F521E
C08F872E
C08FBCF6
C08FF37B
C0902AC2
C09062D1
C0909BAE
C090D55F
C0910FE9
C0914B51
C091879F
C091C4D7
C0920300
C092421F
C092823B
C092C35A
C0930582
C09348B9
C0938D06
C093D26F
C09418FB
C09460B0
C094A995
C094F3B1
C0953F0A
C0958BA7
C095D990
C09628CC
C0967960
C096CB56
C0971EB4
C0977381
C097C9C5
C0982188
C0987AD1
C098D5A8
C0993214
C099901D
C099EFCC
C09A5128
C09AB439
C09B1908
C09B7F9C
C09BE7FD
C09C5235
C09CBE4A
C09D2C46
C09D9C31
C09E0E13
C09E81F5
C09EF7DE
C09F6FD8
C09FE9EB
C0A0661E
C0A0E47C
C0A1650A
C0A1E7D3
C0A26CDF
C0A2F435
C0A37DDD
C0A409E0
C0A49846
C0A52916
C0A5BC58
C0A65213
C0A6EA50
C0A78514
C0A82268
C0A8C252
C0A964D9
C0AA0A02
C0AAB1D5
C0AB5C56
C0AC098D
C0ACB97D
C0AD6C2B
C0AE219E
C0AED9D7
C0AF94DC
C0B052B0
C0B11356
C0B1D6D0
C0B29D21
C0B3664A
C0B4324D
C0B50129
C0B5D2E1
C0B6A772
C0B77EDD
C0B8591F
C0B93637
C0BA1623
C0BAF8DF
C0BBDE67
C0BCC6B8
C0BDB1CC
C0BE9F9F
C0BF9029
C0C08365
C0C1794C
C0C271D6
C0C36CF9
C0C46AAF
C0C56AEE
C0C66DAB
C0C772DC
C0C87A78
C0C98472
C0CA90BF
C0CB9F52
C0CCB021
C0CDC31D
C0CED83A
C0CFEF6A
C0D108A0
C0D223CF
C0D340E7
C0D45FDA
C0D5809B
C0D6A31B
C0D7C74B
C0D8ED1D
C0DA1482
C0DB3D6C
C0DC67CC
C0DD9393
C0DEC0B3
C0DFEF1F
C0E11EC7
C0E24F9E
C0E38196
C0E4B4A2
C0E5E8B5
C0E71DC0
C0E853B8
C0E98A91
C0EAC23D
C0EBFAB1
C0ED33E2
C0EE6DC4
C0EFA84C
C0F0E370
C0F21F26
C0F35B63
C0F4981F
C0F5D550
C0F712ED
C0F850EE
C0F98F4B
C0FACDFB
C0FC0CF8
C0FD4C3B
C0FE8BBD
C0FFCB76
C10085B1
C10125BD
C101C5DD
C102660D
C103064C
C103A697
C10446ED
C104E749
C10587AC
C1062813
C106C87D
C10768E8
C1080952
C108A9BA
C1094A1F
C109EA80
C10A8ADB
C10B2B31
C10BCB7F
C10C6BC5
C10D0C02
C10DAC36
C10E4C60
C10EEC7F
C10F8C93
C1102C9C
C110CC98
C1116C89
C1120C6D
C112AC45
C1134C0F
C113EBCD
C1148B7D
C1152B20
C115CAB6
C1166A3E
C11709BA
C117A927
C1184888
C118E7DB
C1198721
C11A265B
C11AC587
C11B64A6
C11C03B9
C11CA2C0
C11D41BA
C11DE0A8
C11E7F8A
C11F1E60
C11FBD2B
C1205BEA
C120FA9E
C1219947
C12237E6
C122D67A
C1237504
C1241383
C124B1F9
C1255065
C125EEC8
C1268D21
C1272B72
C127C9BA
C12867F9
C1290630
C129A45F
C12A4285
C12AE0A5
C12B7EBC
C12C1CCD
C12CBAD6
C12D58D8
C12DF6D4
C12E94C9
C12F32B8
C12FD0A0
C1306E83
C1310C5F
C131AA36
C1324808
C132E5D4
C133839B
C134215D
C134BF1B
C08FB8F7
C08FEC51
C0902058
C0905512
C0908A85
C090C0B5
C090F7A9
C0912F65
C09167F0
C091A14F
C091DB87
C092169F
C092529D
C0928F86
C092CD60
C0930C31
C0934BFF
C0938CD1
C093CEAD
C0941198
C094559A
C0949AB8
C094E0FA
C0952866
C0957102
C095BAD5
C09605E7
C096523D
C0969FE0
C096EED5
C0973F25
C09790D7
C097E3F1
C098387B
C0988E7E
C098E5FF
C0993F07
C099999E
C099F5CC
C09A5397
C09AB309
C09B1429
C09B76FF
C09BDB93
C09C41EE
C09CAA17
C09D1417
C09D7FF7
C09DEDBE
C09E5D75
C09ECF25
C09F42D5
C09FB88E
C0A03059
C0A0AA3F
C0A12646
C0A1A479
C0A224DF
C0A2A780
C0A32C65
C0A3B397
C0A43D1C
C0A4C8FE
C0A55745
C0A5E7F7
C0A67B1D
C0A710BF
C0A7A8E3
C0A84392
C0A8E0D1
C0A980A9
C0AA2320
C0AAC83B
C0AB7002
C0AC1A7A
C0ACC7A9
C0AD7794
C0AE2A40
C0AEDFB1
C0AF97EC
C0B052F6
C0B110D0
C0B1D17F
C0B29505
C0B35B64
C0B4249D
C0B4F0B3
C0B5BFA5
C0B69175
C0B76621
C0B83DA9
C0B9180C
C0B9F546
C0BAD557
C0BBB83B
C0BC9DEE
C0BD866C
C0BE71AF
C0BF5FB4
C0C05073
C0C143E7
C0C23A07
C0C332CC
C0C42E2F
C0C52C25
C0C62CA7
C0C72FAA
C0C83523
C0C93D08
C0CA474E
C0CB53E9
C0CC62CD
C0CD73EE
C0CE873E
C0CF9CB0
C0D0B438
C0D1CDC7
C0D2E950
C0D406C4
C0D52615
C0D64735
C0D76A15
C0D88EA6
C0D9B4DB
C0DADCA3
C0DC05F1
C0DD30B5
C0DE5CE2
C0DF8A69
C0E0B93B
C0E1E94A
C0E31A88
C0E44CE8
C0E5805C
C0E6B4D6
C0E7EA4A
C0E920AA
C0EA57EA
C0EB8FFD
C0ECC8D8
C0EE0270
C0EF3CB8
C0F077A6
C0F1B32F
C0F2EF49
C0F42BEA
C0F56908
C0F6A69B
C0F7E499
C0F922FA
C0FA61B6
C0FBA0C4
C0FCE01E
C0FE1FBC
C0FF5F98
C1004FD6
C100EFF8
C101902F
C1023079
C102D0D4
C103713C
C10411B0
C104B22D
C10552B1
C105F33B
C10693C8
C1073457
C107D4E6
C1087573
C10915FF
C109B686
C10A5708
C10AF785
C10B97FA
C10C3868
C10CD8CC
C10D7928
C10E1979
C10EB9BF
C10F59FB
C10FFA2A
C1109A4D
C1113A64
C111DA6E
C1127A6B
C1131A5B
C113BA3D
C1145A11
C114F9D8
C1159990
C116393B
C116D8D8
C1177867
C11817E9
C118B75C
C11956C2
C119F61A
C11A9564
C11B34A1
C11BD3D1
C11C72F4
C11D120A
C11DB113
C11E500F
C11EEEFF
C11F8DE3
C1202CBB
C120CB87
C1216A48
C12208FD
C122A7A7
C1234646
C123E4DB
C1248365
C12521E5
C125C05C
C1265EC8
C126FD2B
C1279B84
C12839D5
C128D81D
C129765C
C12A1492
C12AB2C1
C12B50E8
C12BEF06
C12C8D1E
C12D2B2E
C12DC936
C12E6738
C12F0534
C12FA328
C1304116
C130DEFE
C1317CE0
C1321ABD
C132B893
C1335664
C133F430
C13491F6
C1352FB8
C0908A41
C090BD46
C090F0F9
C091255F
C0915A7F
C091905D
C091C6FF
C091FE6A
C09236A4
C0926FB3
C092A99D
C092E467
C0932016
C0935CB2
C0939A3F
C093D8C4
C0941846
C09458CD
C0949A5E
C094DD00
C09520B8
C095658E
C095AB87
C095F2AB
C0963B00
C096848D
C096CF59
C0971B6A
C09768C8
C097B77A
C0980787
C09858F6
C098ABCE
C0990018
C09955DA
C099AD1C
C09A05E5
C09A603E
C09ABC2E
C09B19BE
C09B78F4
C09BD9D9
C09C3C76
C09CA0D2
C09D06F5
C09D6EE8
C09DD8B3
C09E445E
C09EB1F2
C09F2177
C09F92F6
C0A00677
C0A07C02
C0A0F3A0
C0A16D5A
C0A1E937
C0A26741
C0A2E780
C0A369FB
C0A3EEBC
C0A475CB
C0A4FF30
C0A58AF2
C0A6191B
C0A6A9B2
C0A73CBE
C0A7D247
C0A86A56
C0A904F0
C0A9A21E
C0AA41E5
C0AAE44D
C0AB895D
C0AC311A
C0ACDB8A
C0AD88B4
C0AE389C
C0AEEB47
C0AFA0BA
C0B058F9
C0B11408
C0B1D1EC
C0B292A6
C0B35639
C0B41CA8
C0B4E5F5
C0B5B220
C0B6812A
C0B75314
C0B827DE
C0B8FF85
C0B9DA0A
C0BAB76A
C0BB97A3
C0BC7AB1
C0BD6090
C0BE493E
C0BF34B4
C0C022ED
C0C113E4
C0C20791
C0C2FDED
C0C3F6F2
C0C4F295
C0C5F0D0
C0C6F197
C0C7F4E2
C0C8FAA6
C0CA02D8
C0CB0D6D
C0CC1A59
C0CD2990
C0CE3B06
C0CF4EAD
C0D06478
C0D17C5B
C0D29646
C0D3B22D
C0D4D000
C0D5EFB2
C0D71134
C0D83477
C0D9596D
C0DA8007
C0DBA835
C0DCD1EB
C0DDFD17
C0DF29AD
C0E0579D
C0E186D9
C0E2B753
C0E3E8FC
C0E51BC7
C0E64FA6
C0E7848C
C0E8BA6B
C0E9F136
C0EB28E1
C0EC615F
C0ED9AA4
C0EED4A6
C0F00F57
C0F14AAE
C0F2869F
C0F3C321
C0F50029
C0F63DAD
C0F77BA5
C0F8BA07
C0F9F8CB
C0FB37E9
C0FC7758
C0FDB712
C0FEF70F
C1001BA4
C100BBDC
C1015C2B
C101FC8F
C1029D06
C1033D8C
C103DE1F
C1047EBD
C1051F63
C105C010
C10660C1
C1070176
C107A22B
C10842DF
C108E392
C1098442
C10A24EC
C10AC592
C10B6630
C10C06C7
C10CA755
C10D47D9
C10DE854
C10E88C3
C10F2927
C10FC980
C11069CB
C1110A0A
C111AA3C
C1124A60
C112EA77
C1138A7F
C1142A7A
C114CA66
C1156A43
C1160A13
C116A9D3
C1174985
C117E929
C11888BE
C1192845
C119C7BE
C11A6728
C11B0685
C11BA5D3
C11C4514
C11CE447
C11D836D
C11E2286
C11EC191
C11F6090
C11FFF82
C1209E67
C1213D41
C121DC0E
C1227AD0
C1231986
C123B831
C12456D2
C124F567
C12593F2
C1263272
C126D0E8
C1276F55
C1280DB8
C128AC12
C1294A62
C129E8AA
C12A86E9
C12B251F
C12BC34D
C12C6174
C12CFF92
C12D9DA9
C12E3BB9
C12ED9C1
C12F77C2
C13015BD
C130B3B1
C131519F
C131EF86
C1328D68
C1332B44
C133C91A
C13466EA
C13504B5
C135A27B
C0915DEA
C091909C
C091C3FD
C091F812
C0922CE0
C092626E
C09298C0
C092CFDD
C09307C9
C093408A
C0937A27
C093B4A4
C093F007
C0942C57
C094699A
C094A7D4
C094E70D
C095274B
C0956893
C095AAED
C095EE5E
C09632ED
C09678A0
C096BF7E
C097078E
C09750D6
C0979B5E
C097E72C
C0983448
C09882B7
C098D283
C09923B1
C099764A
C099CA54
C09A1FD7
C09A76DB
C09ACF68
C09B2985
C09B853A
C09BE28F
C09C418C
C09CA238
C09D049D
C09D68C2
C09DCEB0
C09E366E
C09EA005
C09F0B7E
C09F78E1
C09FE836
C0A05985
C0A0CCD8
C0A14237
C0A1B9AA
C0A2333A
C0A2AEEF
C0A32CD2
C0A3ACEB
C0A42F43
C0A4B3E2
C0A53AD0
C0A5C415
C0A64FBB
C0A6DDC8
C0A76E44
C0A80138
C0A896AC
C0A92EA6
C0A9C92E
C0AA664B
C0AB0604
C0ABA861
C0AC4D66
C0ACF51B
C0AD9F86
C0AE4CAC
C0AEFC93
C0AFAF3F
C0B064B6
C0B11CFB
C0B1D813
C0B29601
C0B356C9
C0B41A6C
C0B4E0ED
C0B5AA4F
C0B67692
C0B745B6
C0B817BD
C0B8ECA6
C0B9C470
C0BA9F1A
C0BB7CA1
C0BC5D04
C0BD403F
C0BE264E
C0BF0F2E
C0BFFAD8
C0C0E949
C0C1DA79
C0C2CE63
C0C3C4FF
C0C4BE45
C0C5BA2C
C0C6B8AD
C0C7B9BE
C0C8BD54
C0C9C365
C0CACBE7
C0CBD6CE
C0CCE40E
C0CDF39C
C0CF0569
C0D0196A
C0D12F92
C0D247D2
C0D3621D
C0D47E64
C0D59C9A
C0D6BCB0
C0D7DE97
C0D90241
C0DA279F
C0DB4EA1
C0DC773A
C0DDA15A
C0DECCF2
C0DFF9F5
C0E12852
C0E257FB
C0E388E3
C0E4BAFA
C0E5EE34
C0E72281
C0E857D6
C0E98E23
C0EAC55D
C0EBFD76
C0ED3662
C0EE7016
C0EFAA84
C0F0E5A3
C0F22166
C0F35DC3
C0F49AAF
C0F5D821
C0F7160F
C0F8546F
C0F99338
C0FAD263
C0FC11E6
C0FD51B9
C0FE91D6
C0FFD235
C1008967
C10129CF
C101CA4D
C1026AE0
C1030B84
C103AC36
C1044CF6
C104EDBF
C1058E90
C1062F67
C106D041
C107711E
C10811FB
C108B2D7
C10953B0
C109F484
C10A9554
C10B361D
C10BD6DF
C10C7798
C10D1847
C10DB8ED
C10E5987
C10EFA16
C10F9A99
C1103B10
C110DB79
C1117BD4
C1121C22
C112BC61
C1135C92
C113FCB4
C1149CC8
C1153CCC
C115DCC2
C1167CA8
C1171C80
C117BC48
C1185C01
C118FBAB
C1199B46
C11A3AD3
C11ADA50
C11B79BF
C11C1920
C11CB872
C11D57B6
C11DF6EC
C11E9615
C11F3530
C11FD43E
C120733E
C1211232
C121B11A
C1224FF4
C122EEC3
C1238D86
C1242C3D
C124CAE9
C125698A
C1260820
C126A6AB
C127452C
C127E3A2
C128820F
C1292072
C129BECC
C12A5D1C
C12AFB63
C12B99A2
C12C37D8
C12CD606
C12D742C
C12E124B
C12EB061
C12F4E70
C12FEC78
C1308A79
C1312873
C131C667
C1326454
C133023B
C133A01C
C1343DF7
C134DBCD
C135799D
C1361768
C09233EF
C0926650
C0929961
C092CD26
C09301A6
C09336E6
C0936CEB
C093A3BB
C093DB5B
C09413D0
C0944D22
C0948754
C094C26E
C094FE74
C0953B6E
C0957960
C095B851
C095F848
C0963949
C0967B5D
C096BE88
C09702D2
C0974840
C0978EDB
C097D6A7
C0981FAD
C09869F3
C098B580
C099025A
C099508A
C099A016
C099F105
C09A435F
C09A972C
C09AEC73
C09B433B
C09B9B8D
C09BF56F
C09C50EB
C09CAE07
C09D0CCC
C09D6D42
C09DCF71
C09E3361
C09E991B
C09F00A6
C09F6A0C
C09FD554
C0A04287
C0A0B1AE
C0A122D0
C0A195F7
C0A20B2B
C0A28275
C0A2FBDD
C0A3776B
C0A3F529
C0A4751F
C0A4F754
C0A57BD3
C0A602A2
C0A68BCA
C0A71754
C0A7A547
C0A835AC
C0A8C88A
C0A95DE9
C0A9F5D1
C0AA9049
C0AB2D58
C0ABCD05
C0AC6F57
C0AD1454
C0ADBC04
C0AE666B
C0AF1390
C0AFC377
C0B07627
C0B12BA3
C0B1E3F1
C0B29F13
C0B35D0E
C0B41DE6
C0B4E19B
C0B5A831
C0B671AA
C0B73E07
C0B80D48
C0B8DF6E
C0B9B479
C0BA8C68
C0BB6739
C0BC44EA
C0BD2579
C0BE08E4
C0BEEF25
C0BFD839
C0C0C41B
C0C1B2C6
C0C2A433
C0C3985C
C0C48F39
C0C588C4
C0C684F2
C0C783BD
C0C88519
C0C988FD
C0CA8F5F
C0CB9834
C0CCA370
C0CDB107
C0CEC0EE
C0CFD317
C0D0E775
C0D1FDFB
C0D3169C
C0D4314A
C0D54DF6
C0D66C91
C0D78D0F
C0D8AF5F
C0D9D372
C0DAF93B
C0DC20AA
C0DD49B0
C0DE743E
C0DFA046
C0E0CDB8
C0E1FC85
C0E32CA0
C0E45DF9
C0E59082
C0E6C42D
C0E7F8ED
C0E92EB3
C0EA6573
C0EB9D1F
C0ECD5AA
C0EE0F08
C0EF492D
C0F0840C
C0F1BF9B
C0F2FBCE
C0F4389A
C0F575F4
C0F6B3D4
C0F7F22E
C0F930FA
C0FA702E
C0FBAFC2
C0FCEFAD
C0FE2FE8
C0FF706B
C1005897
C100F916
C10199AF
C1023A5D
C102DB20
C1037BF3
C1041CD4
C104BDC1
C1055EB7
C105FFB4
C106A0B7
C10741BC
C107E2C2
C10883C8
C10924CC
C109C5CD
C10A66C8
C10B07BE
C10BA8AC
C10C4992
C10CEA6E
C10D8B41
C10E2C08
C10ECCC4
C10F6D74
C1100E16
C110AEAC
C1114F33
C111EFAC
C1129016
C1133072
C113D0BE
C11470FB
C1151129
C115B147
C1165155
C116F153
C1179142
C1183121
C118D0F0
C11970B0
C11A1060
C11AB001
C11B4F92
C11BEF15
C11C8E88
C11D2DEC
C11DCD42
C11E6C89
C11F0BC3
C11FAAEE
C1204A0B
C120E91B
C121881E
C1222713
C122C5FC
C12364D8
C12403A8
C124A26C
C1254124
C125DFD0
C1267E72
C1271D08
C127BB94
C1285A15
C128F88B
C12996F8
C12A355B
C12AD3B5
C12B7205
C12C104C
C12CAE8B
C12D4CC1
C12DEAEF
C12E8914
C12F2732
C12FC548
C1306357
C131015F
C1319F5F
C1323D59
C132DB4C
C1337939
C134171F
C134B500
C13552DA
C135F0AF
C1368E7F
C0930C4C
C0933E5E
C0937121
C093A49A
C093D8CD
C0940DC1
C094437B
C0947A00
C094B155
C094E981
C0952289
C0955C74
C0959745
C095D304
C0960FB7
C0964D63
C0968C0E
C096CBBF
C0970C7C
C0974E4B
C0979133
C097D53A
C0981A66
C09860BE
C098A849
C098F10E
C0993B14
C0998661
C099D2FD
C09A20EE
C09A703C
C09AC0EF
C09B130D
C09B669E
C09BBBAA
C09C1238
C09C6A50
C09CC3FA
C09D1F3E
C09D7C23
C09DDAB3
C09E3AF4
C09E9CEE
C09F00AC
C09F6633
C09FCD8D
C0A036C3
C0A0A1DC
C0A10EE2
C0A17DDC
C0A1EED3
C0A261D0
C0A2D6DB
C0A34DFD
C0A3C73F
C0A442A9
C0A4C044
C0A54017
C0A5C22D
C0A6468D
C0A6CD3F
C0A7564C
C0A7E1BC
C0A86F98
C0A8FFE6
C0A992B0
C0AA27FD
C0AABFD4
C0AB5A3E
C0ABF740
C0AC96E3
C0AD392D
C0ADDE25
C0AE85D0
C0AF3036
C0AFDD5B
C0B08D46
C0B13FFB
C0B1F580
C0B2ADD7
C0B36907
C0B42711
C0B4E7FA
C0B5ABC4
C0B67272
C0B73C04
C0B8087D
C0B8D7DD
C0B9AA25
C0BA7F54
C0BB576A
C0BC3264
C0BD1042
C0BDF101
C0BED49D
C0BFBB13
C0C0A45E
C0C1907B
C0C27F62
C0C3710E
C0C46579
C0C55C9B
C0C6566D
C0C752E5
C0C851FC
C0C953A7
C0CA57DC
C0CB5E92
C0CC67BC
C0CD7350
C0CE8142
C0CF9185
C0D0A40C
C0D1B8CB
C0D2CFB4
C0D3E8B9
C0D503CC
C0D620DF
C0D73FE4
C0D860CC
C0D98388
C0DAA809
C0DBCE41
C0DCF61F
C0DE1F96
C0DF4A96
C0E07710
C0E1A4F5
C0E2D436
C0E404C5
C0E53693
C0E66992
C0E79DB3
C0E8D2E8
C0EA0925
C0EB405A
C0EC787B
C0EDB17C
C0EEEB4F
C0F025E9
C0F1613C
C0F29D3F
C0F3D9E5
C0F51723
C0F654F0
C0F79340
C0F8D20A
C0FA1145
C0FB50E7
C0FC90E8
C0FDD140
C0FF11E5
C1002969
C100C9FF
C1016AB1
C1020B7C
C102AC5D
C1034D51
C103EE54
C1048F66
C1053082
C105D1A6
C10672D1
C1071400
C107B531
C1085663
C108F793
C10998C0
C10A39EA
C10ADB0D
C10B7C2A
C10C1D3F
C10CBE4A
C10D5F4B
C10E0042
C10EA12D
C10F420B
C10FE2DC
C11083A0
C1112455
C111C4FB
C1126593
C113061B
C113A694
C11446FD
C114E755
C115879E
C11627D6
C116C7FE
C1176815
C118081C
C118A813
C11947F9
C119E7CF
C11A8795
C11B274A
C11BC6F0
C11C6687
C11D060D
C11DA584
C11E44EC
C11EE446
C11F8390
C12022CC
C120C1FA
C1216119
C122002B
C1229F2F
C1233E26
C123DD10
C1247BEE
C1251ABF
C125B984
C126583C
C126F6EA
C127958B
C1283422
C128D2AE
C129712F
C12A0FA6
C12AAE13
C12B4C76
C12BEAD0
C12C8920
C12D2767
C12DC5A5
C12E63DB
C12F0208
C12FA02E
C1303E4B
C130DC61
C1317A6F
C1321876
C132B676
C1335470
C133F262
C134904F
C1352E35
C135CC15
C13669EF
C13707C3
C093E6FD
C09418C3
C0944B3A
C0947E68
C094B251
C094E6FB
C0951C6B
C09552A8
C09589B5
C095C19A
C095FA5B
C09633FE
C0966E8A
C096AA04
C096E671
C09723D9
C0976240
C097A1AE
C097E228
C09823B5
C098665B
C098AA20
C098EF0C
C0993524
C0997C70
C099C4F6
C09A0EBD
C09A59CD
C09AA62B
C09AF3E0
C09B42F2
C09B936A
C09BE54D
C09C38A5
C09C8D78
C09CE3CE
C09D3BAE
C09D9522
C09DF030
C09E4CE0
C09EAB3B
C09F0B49
C09F6D12
C09FD09E
C0A035F5
C0A09D20
C0A10628
C0A17114
C0A1DDED
C0A24CBD
C0A2BD8A
C0A3305F
C0A3A543
C0A41C40
C0A4955E
C0A510A5
C0A58E1E
C0A60DD2
C0A68FC9
C0A7140C
C0A79AA3
C0A82397
C0A8AEF0
C0A93CB5
C0A9CCF0
C0AA5FA7
C0AAF4E4
C0AB8CAD
C0AC270A
C0ACC402
C0AD639D
C0AE05E1
C0AEAAD4
C0AF527E
C0AFFCE4
C0B0AA0D
C0B159FD
C0B20CB9
C0B2C248
C0B37AAC
C0B435EA
C0B4F407
C0B5B504
C0B678E4
C0B73FAB
C0B80959
C0B8D5F1
C0B9A572
C0BA77DE
C0BB4D34
C0BC2573
C0BD009A
C0BDDEA7
C0BEBF97
C0BFA368
C0C08A15
C0C1739A
C0C25FF3
C0C34F1A
C0C44109
C0C535B8
C0C62D22
C0C7273D
C0C82402
C0C92368
C0CA2565
C0CB29EE
C0CC30FA
C0CD3A7E
C0CE466D
C0CF54BC
C0D0655E
C0D17847
C0D28D69
C0D3A4B8
C0D4BE24
C0D5D9A1
C0D6F71F
C0D81690
C0D937E6
C0DA5B12
C0DB8004
C0DCA6AD
C0DDCEFF
C0DEF8EA
C0E0245F
C0E1514F
C0E27FAB
C0E3AF64
C0E4E06B
C0E612B1
C0E74629
C0E87AC3
C0E9B071
C0EAE727
C0EC1ED6
C0ED5770
C0EE90EA
C0EFCB36
C0F10648
C0F24213
C0F37E8D
C0F4BBAA
C0F5F95F
C0F737A0
C0F87665
C0F9B5A3
C0FAF550
C0FC3564
C0FD75D5
C0FEB69C
C0FFF7AF
C1009C84
C1013D50
C101DE37
C1027F37
C103204B
C103C172
C10462A8
C10503EA
C105A537
C106468B
C106E7E5
C1078942
C1082AA1
C108CBFF
C1096D5B
C10A0EB4
C10AB007
C10B5154
C10BF299
C10C93D6
C10D3508
C10DD62F
C10E774B
C10F185A
C10FB95C
C1105A50
C110FB35
C1119C0C
C1123CD3
C112DD8A
C1137E31
C1141EC8
C114BF4E
C1155FC3
C1160028
C116A07B
C11740BD
C117E0EE
C118810E
C119211D
C119C11B
C11A6108
C11B00E5
C11BA0B0
C11C406B
C11CE016
C11D7FB1
C11E1F3C
C11EBEB7
C11F5E22
C11FFD7E
C1209CCC
C1213C0A
C121DB3A
C1227A5C
C123196F
C123B875
C124576E
C124F659
C1259538
C1263409
C126D2CF
C1277189
C1281036
C128AED9
C1294D70
C129EBFC
C12A8A7D
C12B28F4
C12BC761
C12C65C4
C12D041D
C12DA26E
C12E40B5
C12EDEF3
C12F7D28
C1301B55
C130B97A
C1315797
C131F5AD
C13293BB
C13331C1
C133CFC1
C1346DBA
C1350BAC
C135A998
C136477D
C136E55D
C1378336
C094C3FE
C094F57A
C09527A8
C0955A8D
C0958E2D
C095C290
C095F7B9
C0962DAE
C0966476
C0969C15
C096D491
C0970DF0
C0974838
C097836E
C097BF99
C097FCBE
C0983AE4
C0987A10
C098BA49
C098FB96
C0993DFC
C0998182
C099C62F
C09A0C09
C09A5317
C09A9B60
C09AE4EB
C09B2FBE
C09B7BE1
C09BC95C
C09C1834
C09C6872
C09CBA1D
C09D0D3D
C09D61D9
C09DB7F8
C09E0FA3
C09E68E2
C09EC3BC
C09F2039
C09F7E62
C09FDE3F
C0A03FD7
C0A0A334
C0A1085C
C0A16F5A
C0A1D835
C0A242F6
C0A2AFA6
C0A31E4C
C0A38EF2
C0A401A1
C0A47660
C0A4ED39
C0A56634
C0A5E15B
C0A65EB4
C0A6DE4A
C0A76025
C0A7E44D
C0A86ACB
C0A8F3A8
C0A97EEA
C0AA0C9C
C0AA9CC4
C0AB2F6C
C0ABC49A
C0AC5C57
C0ACF6A9
C0AD9399
C0AE332E
C0AED56D
C0AF7A5F
C0B0220A
C0B0CC72
C0B179A0
C0B22997
C0B2DC5E
C0B391F8
C0B44A6B
C0B505BB
C0B5C3EA
C0B684FE
C0B748F7
C0B80FDA
C0B8D9A6
C0B9A65F
C0BA7604
C0BB4896
C0BC1E15
C0BCF680
C0BDD1D6
C0BEB014
C0BF9139
C0C07541
C0C15C28
C0C245EA
C0C33282
C0C421EB
C0C5141E
C0C60915
C0C700C9
C0C7FB32
C0C8F846
C0C9F7FE
C0CAFA4F
C0CBFF30
C0CD0695
C0CE1075
C0CF1CC2
C0D02B71
C0D13C76
C0D24FC4
C0D3654D
C0D47D04
C0D596DB
C0D6B2C5
C0D7D0B1
C0D8F092
C0DA125A
C0DB35F8
C0DC5B5E
C0DD827D
C0DEAB46
C0DFD5A9
C0E10196
C0E22F00
C0E35DD6
C0E48E0A
C0E5BF8D
C0E6F24F
C0E82643
C0E95B5A
C0EA9186
C0EBC8B8
C0ED00E4
C0EE39FC
C0EF73F2
C0F0AEBA
C0F1EA48
C0F3268F
C0F46384
C0F5A11B
C0F6DF4A
C0F81E04
C0F95D41
C0FA9CF6
C0FBDD19
C0FD1DA2
C0FE5E87
C0FF9FC0
C10070A3
C1011187
C101B28A
C10253A8
C102F4DE
C1039628
C1043783
C104D8ED
C1057A62
C1061BE1
C106BD67
C1075EF1
C108007E
C108A20C
C1094398
C109E521
C10A86A6
C10B2825
C10BC99D
C10C6B0C
C10D0C71
C10DADCC
C10E4F1A
C10EF05C
C10F9191
C11032B8
C110D3D0
C11174D8
C11215D1
C112B6B9
C1135791
C113F858
C114990E
C11539B3
C115DA45
C1167AC7
C1171B36
C117BB94
C1185BDF
C118FC19
C1199C42
C11A3C58
C11ADC5D
C11B7C51
C11C1C33
C11CBC04
C11D5BC4
C11DFB74
C11E9B13
C11F3AA1
C11FDA20
C120798E
C12118EE
C121B83D
C122577E
C122F6B0
C12395D4
C12434E9
C124D3F1
C12572EB
C12611D7
C126B0B7
C1274F89
C127EE50
C1288D0A
C1292BB8
C129CA5B
C12A68F2
C12B077E
C12BA600
C12C4477
C12CE2E4
C12D8147
C12E1FA0
C12EBDF0
C12F5C37
C12FFA75
C13098AA
C13136D7
C131D4FB
C1327318
C133112D
C133AF3A
C1344D41
C134EB40
C1358938
C136272A
C136C515
C13762FA
C13800D9
C095A34A
C095D47F
C0960665
C0963903
C0966C5E
C096A07A
C096D55F
C0970B10
C0974193
C09778EF
C097B128
C097EA44
C098244A
C0985F3F
C0989B29
C098D80D
C09915F3
C09954E0
C09994DA
C099D5E8
C09A1810
C09A5B59
C09A9FC9
C09AE567
C09B2C3A
C09B7447
C09BBD98
C09C0831
C09C541B
C09CA15D
C09CEFFD
C09D4004
C09D9178
C09DE462
C09E38C8
C09E8EB3
C09EE62B
C09F3F36
C09F99DE
C09FF62A
C0A05423
C0A0B3D0
C0A1153A
C0A17868
C0A1DD65
C0A24437
C0A2ACE8
C0A31780
C0A38407
C0A3F286
C0A46307
C0A4D591
C0A54A2D
C0A5C0E4
C0A639BF
C0A6B4C6
C0A73202
C0A7B17C
C0A8333C
C0A8B74C
C0A93DB2
C0A9C679
C0AA51A8
C0AADF48
C0AB6F60
C0AC01F9
C0AC971B
C0AD2ECD
C0ADC918
C0AE6601
C0AF0592
C0AFA7CF
C0B04CC1
C0B0F46E
C0B19EDC
C0B24C10
C0B2FC11
C0B3AEE3
C0B4648C
C0B51D10
C0B5D873
C0B696B9
C0B757E5
C0B81BFA
C0B8E2FA
C0B9ACE7
C0BA79C3
C0BB498E
C0BC1C4A
C0BCF1F4
C0BDCA8E
C0BEA614
C0BF8487
C0C065E2
C0C14A23
C0C23147
C0C31B48
C0C40822
C0C4F7D0
C0C5EA4B
C0C6DF8D
C0C7D78E
C0C8D246
C0C9CFAD
C0CACFB9
C0CBD262
C0CCD79D
C0CDDF5F
C0CEE99D
C0CFF64C
C0D1055F
C0D216CA
C0D32A7F
C0D44073
C0D55896
C0D672DB
C0D78F34
C0D8AD92
C0D9CDE7
C0DAF023
C0DC1438
C0DD3A16
C0DE61AE
C0DF8AF0
C0E0B5CE
C0E1E239
C0E3101F
C0E43F74
C0E57026
C0E6A228
C0E7D56B
C0E909DF
C0EA3F76
C0EB7622
C0ECADD6
C0EDE682
C0EF201A
C0F05A91
C0F195D9
C0F2D1E7
C0F40EAD
C0F54C21
C0F68A36
C0F7C8E1
C0F90819
C0FA47D1
C0FB8800
C0FCC89E
C0FE099F
C0FF4AFB
C1004655
C100E753
C1018871
C10229AD
C102CB04
C1036C71
C1040DF2
C104AF83
C1055122
C105F2CC
C106947F
C1073637
C107D7F4
C10879B2
C1091B70
C109BD2C
C10A5EE4
C10B0097
C10BA243
C10C43E7
C10CE581
C10D8710
C10E2894
C10ECA0C
C10F6B75
C1100CD1
C110AE1E
C1114F5B
C111F087
C11291A4
C11332AF
C113D3A8
C1147490
C1151566
C115B62A
C11656DC
C116F77B
C1179807
C1183881
C118D8E9
C119793D
C11A1980
C11AB9B0
C11B59CE
C11BF9D9
C11C99D3
C11D39BB
C11DD991
C11E7956
C11F190A
C11FB8AD
C120583F
C120F7C1
C1219732
C1223694
C122D5E7
C123752A
C124145E
C124B383
C125529A
C125F1A3
C126909E
C1272F8B
C127CE6C
C1286D3F
C1290C06
C129AAC1
C12A4970
C12AE813
C12B86AA
C12C2537
C12CC3B8
C12D6230
C12E009C
C12E9EFF
C12F3D59
C12FDBA8
C13079EF
C131182C
C131B661
C132548E
C132F2B2
C13390CE
C1342EE3
C134CCF0
C1356AF6
C13608F5
C136A6ED
C13744DE
C137E2C9
C13880AD
C09684DE
C096B5CC
C096E76E
C09719C7
C0974CDD
C09780B6
C097B558
C097EAC6
C0982108
C0985822
C098901A
C098C8F6
C09902BC
C0993D71
C099791C
C099B5C2
C099F36A
C09A3219
C09A71D7
C09AB2A8
C09AF494
C09B37A2
C09B7BD7
C09BC13A
C09C07D3
C09C4FA7
C09C98BF
C09CE320
C09D2ED3
C09D7BDE
C09DCA48
C09E1A19
C09E6B59
C09EBE0E
C09F1241
C09F67FA
C09FBF3F
C0A0181A
C0A07291
C0A0CEAE
C0A12C78
C0A18BF7
C0A1ED34
C0A25038
C0A2B509
C0A31BB2
C0A3843A
C0A3EEAB
C0A45B0C
C0A4C966
C0A539C2
C0A5AC2A
C0A620A5
C0A6973C
C0A70FF8
C0A78AE2
C0A80803
C0A88762
C0A9090A
C0A98D03
C0AA1354
C0AA9C07
C0AB2724
C0ABB4B4
C0AC44BE
C0ACD74B
C0AD6C62
C0AE040C
C0AE9E50
C0AF3B36
C0AFDAC4
C0B07D02
C0B121F6
C0B1C9A7
C0B2741C
C0B32159
C0B3D166
C0B48446
C0B53A00
C0B5F297
C0B6AE0F
C0B76C6D
C0B82DB4
C0B8F1E6
C0B9B907
C0BA8317
C0BB5019
C0BC200C
C0BCF2F3
C0BDC8CB
C0BEA196
C0BF7D50
C0C05BF9
C0C13D8E
C0C2220B
C0C3096E
C0C3F3B1
C0C4E0D0
C0C5D0C5
C0C6C38B
C0C7B91A
C0C8B16A
C0C9AC75
C0CAAA31
C0CBAA96
C0CCAD99
C0CDB331
C0CEBB53
C0CFC5F3
C0D0D306
C0D1E280
C0D2F454
C0D40874
C0D51ED5
C0D63768
C0D7521E
C0D86EEA
C0D98DBD
C0DAAE89
C0DBD13D
C0DCF5CC
C0DE1C25
C0DF443A
C0E06DFA
C0E19957
C0E2C641
C0E3F4A9
C0E5247F
C0E655B4
C0E78839
C0E8BBFF
C0E9F0F7
C0EB2712
C0EC5E43
C0ED967B
C0EECFAB
C0F009C8
C0F144C3
C0F2808F
C0F3BD20
C0F4FA6A
C0F63860
C0F776F6
C0F8B623
C0F9F5DA
C0FB3612
C0FC76C0
C0FDB7DA
C0FEF958
C1001D98
C100BEAC
C1015FE6
C1020140
C102A2B7
C1034447
C103E5EE
C10487A7
C1052971
C105CB47
C1066D27
C1070F0F
C107B0FC
C10852ED
C108F4DE
C10996CE
C10A38BB
C10ADAA3
C10B7C85
C10C1E5F
C10CC031
C10D61F7
C10E03B3
C10EA561
C10F4703
C10FE896
C1108A19
C1112B8D
C111CCF0
C1126E43
C1130F84
C113B0B3
C11451CF
C114F2D9
C11593D1
C11634B5
C116D586
C1177644
C11816EE
C118B786
C1195809
C119F87A
C11A98D8
C11B3922
C11BD959
C11C797E
C11D1990
C11DB98F
C11E597C
C11EF957
C11F9921
C12038D9
C120D87F
C1217815
C122179A
C122B70E
C1235673
C123F5C7
C124950D
C1253442
C125D369
C1267282
C127118C
C127B088
C1284F77
C128EE58
C1298D2C
C12A2BF4
C12ACAAF
C12B695E
C12C0801
C12CA699
C12D4526
C12DE3A8
C12E821F
C12F208C
C12FBEEE
C1305D47
C130FB97
C13199DD
C132381B
C132D64F
C133747B
C134129F
C134B0BB
C1354ECF
C135ECDC
C1368AE1
C13728E0
C137C6D7
C13864C8
C13902B2
C09768B2
C097995D
C097CABB
C097FCD2
C0982FA7
C098633E
C098979F
C098CCCD
C09902CE
C09939A9
C0997162
C099AA00
C099E388
C09A1E00
C09A596D
C09A95D7
C09AD343
C09B11B7
C09B5139
C09B91D0
C09BD382
C09C1656
C09C5A52
C09C9F7D
C09CE5DE
C09D2D7B
C09D765C
C09DC087
C09E0C04
C09E58D9
C09EA70F
C09EF6AD
C09F47B9
C09F9A3D
C09FEE3E
C0A043C6
C0A09ADB
C0A0F387
C0A14DD0
C0A1A9BF
C0A2075C
C0A266B0
C0A2C7C2
C0A32A9C
C0A38F45
C0A3F5C6
C0A45E27
C0A4C872
C0A534AE
C0A5A2E6
C0A61320
C0A68567
C0A6F9C2
C0A7703B
C0A7E8DB
C0A863AA
C0A8E0B0
C0A95FF8
C0A9E189
C0AA656C
C0AAEBAB
C0AB744C
C0ABFF59
C0AC8CDB
C0AD1CD9
C0ADAF5B
C0AE446A
C0AEDC0E
C0AF764E
C0B01331
C0B0B2BF
C0B154FF
C0B1F9F7
C0B2A1AF
C0B34C2D
C0B3F976
C0B4A990
C0B55C81
C0B6124D
C0B6CAF9
C0B7868A
C0B84502
C0B90666
C0B9CAB8
C0BA91FB
C0BB5C31
C0BC295A
C0BCF979
C0BDCC8D
C0BEA296
C0BF7B93
C0C05784
C0C13666
C0C21837
C0C2FCF3
C0C3E497
C0C4CF1F
C0C5BC86
C0C6ACC5
C0C79FD8
C0C895B6
C0C98E5A
C0CA89BA
C0CB87CF
C0CC888E
C0CD8BEF
C0CE91E7
C0CF9A6B
C0D0A570
C0D1B2EB
C0D2C2CF
C0D3D50F
C0D4E99E
C0D6006F
C0D71975
C0D834A0
C0D951E2
C0DA712E
C0DB9273
C0DCB5A4
C0DDDAB0
C0DF0188
C0E02A1C
C0E1545E
C0E2803E
C0E3ADAB
C0E4DC98
C0E60CF3
C0E73EAE
C0E871BA
C0E9A607
C0EADB86
C0EC122A
C0ED49E2
C0EE82A2
C0EFBC5C
C0F0F700
C0F23283
C0F36ED7
C0F4ABEF
C0F5E9BF
C0F7283C
C0F86758
C0F9A709
C0FAE745
C0FC27FF
C0FD692F
C0FEAACB
C0FFECC8
C100978F
C10138E3
C101DA5A
C1027BF1
C1031DA5
C103BF72
C1046153
C1050347
C105A54A
C1064759
C106E971
C1078B90
C1082DB4
C108CFDA
C10971FF
C10A1423
C10AB642
C10B585C
C10BFA6F
C10C9C79
C10D3E79
C10DE06E
C10E8257
C10F2432
C10FC5FE
C11067BB
C1110969
C111AB05
C1124C90
C112EE09
C1138F70
C11430C4
C114D204
C1157332
C116144B
C116B551
C1175643
C117F721
C11897EA
C11938A0
C119D941
C11A79CF
C11B1A48
C11BBAAE
C11C5B00
C11CFB3E
C11D9B69
C11E3B81
C11EDB86
C11F7B78
C1201B58
C120BB25
C1215AE1
C121FA8B
C1229A24
C12339AC
C123D923
C124788A
C12517E0
C125B727
C126565F
C126F588
C12794A1
C12833AD
C128D2AA
C1297199
C12A107B
C12AAF50
C12B4E18
C12BECD4
C12C8B83
C12D2A27
C12DC8BF
C12E674C
C12F05CE
C12FA445
C13042B1
C130E114
C1317F6D
C1321DBC
C132BC02
C1335A3F
C133F874
C134969F
C13534C3
C135D2DF
C13670F2
C1370EFF
C137AD04
C1384B02
C138E8F9
C13986E9
C0984EC3
C0987F2C
C098B04A
C098E220
C09914B5
C099480D
C0997C2E
C099B11E
C099E6E2
C09A1D7F
C09A54FB
C09A8D5C
C09AC6A8
C09B00E5
C09B3C17
C09B7846
C09BB578
C09BF3B2
C09C32FB
C09C735A
C09CB4D4
C09CF770
C09D3B35
C09D8029
C09DC654
C09E0DBC
C09E5668
C09EA05F
C09EEBA8
C09F384A
C09F864E
C09FD5BA
C0A02695
C0A078E8
C0A0CCBA
C0A12212
C0A178FA
C0A1D178
C0A22B94
C0A28758
C0A2E4CA
C0A343F4
C0A3A4DE
C0A4078F
C0A46C11
C0A4D26C
C0A53AA9
C0A5A4D0
C0A610EA
C0A67F00
C0A6EF1A
C0A76142
C0A7D580
C0A84BDC
C0A8C461
C0A93F17
C0A9BC06
C0AA3B37
C0AABCB3
C0AB4084
C0ABC6B0
C0AC4F42
C0ACDA42
C0AD67B7
C0ADF7AB
C0AE8A25
C0AF1F2E
C0AFB6CD
C0B0510A
C0B0EDED
C0B18D7D
C0B22FC1
C0B2D4C0
C0B37C81
C0B42709
C0B4D460
C0B5848A
C0B6378D
C0B6ED6E
C0B7A632
C0B861DC
C0B92071
C0B9E1F5
C0BAA669
C0BB6DD1
C0BC382E
C0BD0582
C0BDD5CE
C0BEA912
C0BF7F4E
C0C05881
C0C134AB
C0C213C8
C0C2F5D7
C0C3DAD5
C0C4C2BE
C0C5AD8D
C0C69B3D
C0C78BCA
C0C87F2C
C0C9755E
C0CA6E56
C0CB6A0F
C0CC687E
C0CD699C
C0CE6D5D
C0CF73B8
C0D07CA2
C0D18810
C0D295F5
C0D3A646
C0D4B8F5
C0D5CDF6
C0D6E53B
C0D7FEB6
C0D91A5A
C0DA3816
C0DB57DE
C0DC79A1
C0DD9D50
C0DEC2DD
C0DFEA37
C0E11350
C0E23E17
C0E36A7C
C0E49871
C0E5C7E6
C0E6F8CA
C0E82B0F
C0E95EA5
C0EA937D
C0EBC988
C0ED00B7
C0EE38FC
C0EF7248
C0F0AC8D
C0F1E7BE
C0F323CC
C0F460AC
C0F59E4F
C0F6DCAA
C0F81BB0
C0F95B56
C0FA9B90
C0FBDC53
C0FD1D94
C0FE5F4A
C0FFA16A
C10071F6
C1011362
C101B4F6
C10256AD
C102F884
C1039A76
C1043C80
C104DE9F
C10580CF
C106230D
C106C557
C10767A9
C1080A01
C108AC5C
C1094EB9
C109F114
C10A936D
C10B35C1
C10BD80E
C10C7A53
C10D1C8F
C10DBEC0
C10E60E4
C10F02FB
C10FA503
C11046FD
C110E8E6
C1118ABE
C1122C84
C112CE38
C1136FD9
C1141167
C114B2E1
C1155447
C115F599
C11696D6
C11737FE
C117D912
C1187A11
C1191AFB
C119BBCF
C11A5C8F
C11AFD3A
C11B9DD1
C11C3E52
C11CDEC0
C11D7F19
C11E1F5D
C11EBF8F
C11F5FAC
C11FFFB6
C1209FAD
C1213F91
C121DF63
C1227F22
C1231ED0
C123BE6B
C1245DF6
C124FD70
C1259CD9
C1263C31
C126DB7A
C1277AB3
C12819DD
C128B8F8
C1295805
C129F703
C12A95F3
C12B34D6
C12BD3AC
C12C7274
C12D1130
C12DAFE0
C12E4E84
C12EED1C
C12F8BA9
C1302A2A
C130C8A1
C131670E
C1320571
C132A3C9
C1334218
C133E05E
C1347E9B
C1351CCF
C135BAFA
C136591E
C136F739
C137954C
C1383358
C138D15D
C1396F5A
C13A0D51
C099370A
C0996734
C0999812
C099C9AA
C099FC01
C09A2F1C
C09A6301
C09A97B4
C09ACD3C
C09B039E
C09B3ADF
C09B7306
C09BAC17
C09BE61A
C09C2114
C09C5D0A
C09C9A04
C09CD806
C09D1718
C09D5740
C09D9884
C09DDAEA
C09E1E7A
C09E633A
C09EA930
C09EF064
C09F38DD
C09F82A2
C09FCDB9
C0A01A2A
C0A067FD
C0A0B739
C0A107E5
C0A15A09
C0A1ADAD
C0A202D9
C0A25994
C0A2B1E7
C0A30BD9
C0A36772
C0A3C4BC
C0A423BE
C0A48480
C0A4E70B
C0A54B68
C0A5B19F
C0A619B9
C0A683BE
C0A6EFB7
C0A75DAE
C0A7CDAA
C0A83FB5
C0A8B3D7
C0A92A19
C0A9A285
C0AA1D23
C0AA99FD
C0AB1919
C0AB9A83
C0AC1E42
C0ACA45F
C0AD2CE3
C0ADB7D7
C0AE4542
C0AED52D
C0AF67A1
C0AFFCA6
C0B09442
C0B12E7F
C0B1CB64
C0B26AF8
C0B30D43
C0B3B24A
C0B45A16
C0B504AB
C0B5B211
C0B6624D
C0B71565
C0B7CB5D
C0B8843A
C0B94001
C0B9FEB5
C0BAC05A
C0BB84F3
C0BC4C81
C0BD1709
C0BDE489
C0BEB505
C0BF887B
C0C05EEC
C0C13858
C0C214BD
C0C2F418
C0C3D669
C0C4BBAA
C0C5A3DA
C0C68EF3
C0C77CF0
C0C86DCC
C0C96181
C0CA5808
C0CB5159
C0CC4D6D
C0CD4C3B
C0CE4DB8
C0CF51DD
C0D0589E
C0D161F1
C0D26DCA
C0D37C1D
C0D48CDE
C0D5A000
C0D6B576
C0D7CD32
C0D8E727
C0DA0345
C0DB217F
C0DC41C6
C0DD640A
C0DE883C
C0DFAE4D
C0E0D62D
C0E1FFCD
C0E32B1D
C0E4580C
C0E5868C
C0E6B68C
C0E7E7FD
C0E91AD0
C0EA4EF4
C0EB845B
C0ECBAF5
C0EDF2B4
C0EF2B88
C0F06564
C0F1A039
C0F2DBFA
C0F41898
C0F55607
C0F69439
C0F7D322
C0F912B7
C0FA52EA
C0FB93B0
C0FCD4FF
C0FE16CB
C0FF590A
C1004DDA
C100EF5E
C101910D
C10232E4
C102D4DD
C10376F5
C1041927
C104BB71
C1055DCE
C106003C
C106A2B8
C107453D
C107E7CB
C1088A5D
C1092CF2
C109CF87
C10A721B
C10B14AA
C10BB734
C10C59B6
C10CFC2F
C10D9E9E
C10E4101
C10EE356
C10F859D
C11027D5
C110C9FC
C1116C12
C1120E16
C112B008
C11351E6
C113F3B0
C1149567
C1153708
C115D895
C1167A0C
C1171B6E
C117BCBA
C1185DF1
C118FF12
C119A01D
C11A4112
C11AE1F1
C11B82BB
C11C236F
C11CC40E
C11D6498
C11E050C
C11EA56C
C11F45B7
C11FE5EE
C1208611
C1212620
C121C61B
C1226603
C12305D9
C123A59C
C124454C
C124E4EB
C1258478
C12623F4
C126C35F
C12762BA
C1280204
C128A13F
C129406A
C129DF86
C12A7E94
C12B1D93
C12BBC84
C12C5B67
C12CFA3D
C12D9906
C12E37C3
C12ED673
C12F7517
C13013AF
C130B23C
C13150BD
C131EF34
C1328DA1
C1332C03
C133CA5C
C13468AB
C13506F0
C135A52D
C1364360
C136E18C
C1377FAE
C1381DC9
C138BBDC
C13959E8
C139F7EC
C13A95E9
C09A2181
C09A516E
C09A820F
C09AB36B
C09AE586
C09B1866
C09B4C10
C09B8089
C09BB5D6
C09BEBFF
C09C2307
C09C5AF5
C09C93CF
C09CCD9A
C09D085D
C09D441C
C09D80DF
C09DBEAC
C09DFD89
C09E3D7C
C09E7E8B
C09EC0BE
C09F041A
C09F48A7
C09F8E6B
C09FD56E
C0A01DB5
C0A06749
C0A0B231
C0A0FE73
C0A14C17
C0A19B25
C0A1EBA3
C0A23D9B
C0A29113
C0A2E613
C0A33CA4
C0A394CD
C0A3EE96
C0A44A08
C0A4A72A
C0A50606
C0A566A3
C0A5C90A
C0A62D43
C0A69358
C0A6FB51
C0A76536
C0A7D111
C0A83EE9
C0A8AEC9
C0A920B9
C0A994C1
C0AA0AEB
C0AA8340
C0AAFDC9
C0AB7A8E
C0ABF998
C0AC7AF1
C0ACFEA1
C0AD84B1
C0AE0D29
C0AE9812
C0AF2575
C0AFB55A
C0B047CA
C0B0DCCC
C0B17468
C0B20EA7
C0B2AB8F
C0B34B29
C0B3ED7C
C0B4928E
C0B53A66
C0B5E50B
C0B69283
C0B742D3
C0B7F601
C0B8AC13
C0B9650C
C0BA20F1
C0BADFC6
C0BBA18F
C0BC664E
C0BD2E06
C0BDF8BA
C0BEC669
C0BF9717
C0C06AC2
C0C1416B
C0C21B11
C0C2F7B4
C0C3D750
C0C4B9E4
C0C59F6C
C0C687E5
C0C7734A
C0C86197
C0C952C6
C0CA46D0
C0CB3DAF
C0CC375B
C0CD33CD
C0CE32FB
C0CF34DD
C0D03968
C0D14092
C0D24A51
C0D35698
C0D4655C
C0D57690
C0D68A28
C0D7A016
C0D8B84D
C0D9D2BE
C0DAEF5B
C0DC0E16
C0DD2EDF
C0DE51A8
C0DF7660
C0E09CF9
C0E1C563
C0E2EF8D
C0E41B69
C0E548E6
C0E677F4
C0E7A884
C0E8DA86
C0EA0DEA
C0EB42A0
C0EC7899
C0EDAFC6
C0EEE819
C0F02181
C0F15BF0
C0F29759
C0F3D3AE
C0F510E0
C0F64EE2
C0F78DA7
C0F8CD23
C0FA0D48
C0FB4E0D
C0FC8F63
C0FDD142
C0FF139D
C1002B35
C100CCCF
C1016E99
C102108E
C102B2A9
C10354E5
C103F740
C10499B5
C1053C40
C105DEDE
C106818C
C1072446
C107C70A
C10869D4
C1090CA3
C109AF73
C10A5243
C10AF510
C10B97D8
C10C3A99
C10CDD52
C10D8001
C10E22A4
C10EC53A
C10F67C2
C1100A3B
C110ACA3
C1114EFA
C111F13E
C1129370
C113358E
C113D798
C114798D
C1151B6D
C115BD37
C1165EEC
C117008A
C117A212
C1184383
C118E4DE
C1198622
C11A274F
C11AC866
C11B6966
C11C0A50
C11CAB23
C11D4BE0
C11DEC87
C11E8D18
C11F2D93
C11FCDF9
C1206E4A
C1210E87
C121AEAE
C1224EC2
C122EEC1
C1238EAE
C1242E86
C124CE4C
C1256E00
C1260DA1
C126AD31
C1274CAF
C127EC1C
C1288B78
C1292AC5
C129CA01
C12A692D
C12B084A
C12BA759
C12C4659
C12CE54A
C12D842E
C12E2305
C12EC1CE
C12F608B
C12FFF3B
C1309DDF
C1313C77
C131DB04
C1327986
C13317FD
C133B669
C13454CC
C134F324
C1359173
C1362FB8
C136CDF4
C1376C27
C1380A52
C138A875
C139468F
C139E4A2
C13A82AD
C13B20B0
C09B0E22
C09B3DD4
C09B6E3B
C09B9F5C
C09BD13D
C09C03E4
C09C3755
C09C6B95
C09CA0AB
C09CD69C
C09D0D6D
C09D4525
C09D7DC8
C09DB75E
C09DF1EB
C09E2D76
C09E6A05
C09EA79E
C09EE647
C09F2607
C09F66E4
C09FA8E4
C09FEC0F
C0A0306B
C0A075FF
C0A0BCD2
C0A104EA
C0A14E4F
C0A19908
C0A1E51D
C0A23294
C0A28176
C0A2D1C9
C0A32395
C0A376E3
C0A3CBBA
C0A42222
C0A47A23
C0A4D3C5
C0A52F11
C0A58C0E
C0A5EAC5
C0A64B3F
C0A6AD84
C0A7119C
C0A77790
C0A7DF6A
C0A84931
C0A8B4EE
C0A922AB
C0A99271
C0AA0447
C0AA7838
C0AAEE4B
C0AB668B
C0ABE100
C0AC5DB3
C0ACDCAD
C0AD5DF7
C0ADE199
C0AE679D
C0AEF00B
C0AF7AEC
C0B00849
C0B0982A
C0B12A97
C0B1BF98
C0B25736
C0B2F179
C0B38E67
C0B42E09
C0B4D066
C0B57585
C0B61D6C
C0B6C822
C0B775AE
C0B82614
C0B8D95B
C0B98F88
C0BA489F
C0BB04A5
C0BBC39D
C0BC858C
C0BD4A74
C0BE1258
C0BEDD39
C0BFAB1B
C0C07BFC
C0C14FDF
C0C226C2
C0C300A5
C0C3DD88
C0C4BD67
C0C5A041
C0C68612
C0C76ED7
C0C85A8B
C0C9492A
C0CA3AAE
C0CB2F10
C0CC264A
C0CD2055
C0CE1D27
C0CF1CB9
C0D01F01
C0D123F6
C0D22B8C
C0D335B9
C0D44272
C0D551AA
C0D66354
C0D77765
C0D88DCF
C0D9A683
C0DAC174
C0DBDE93
C0DCFDD2
C0DE1F21
C0DF4272
C0E067B4
C0E18ED8
C0E2B7CF
C0E3E288
C0E50EF4
C0E63D02
C0E76CA2
C0E89DC6
C0E9D05C
C0EB0454
C0EC39A0
C0ED7030
C0EEA7F4
C0EFE0DE
C0F11ADD
C0F255E5
C0F391E6
C0F4CED1
C0F60C9B
C0F74B34
C0F88A90
C0F9CAA2
C0FB0B5E
C0FC4CB7
C0FD8EA2
C0FED114
C1000A01
C100ABB0
C1014D93
C101EFA4
C10291E0
C1033441
C103D6C3
C1047963
C1051C1C
C105BEEA
C10661CB
C10704BA
C107A7B5
C1084AB9
C108EDC3
C10990CF
C10A33DD
C10AD6E8
C10B79F0
C10C1CF3
C10CBFED
C10D62DE
C10E05C4
C10EA89D
C10F4B69
C10FEE25
C11090D0
C111336B
C111D5F3
C1127868
C1131AC8
C113BD15
C1145F4B
C115016D
C115A378
C116456C
C116E749
C1178910
C1182ABF
C118CC56
C1196DD6
C11A0F3F
C11AB090
C11B51C9
C11BF2EB
C11C93F5
C11D34E8
C11DD5C4
C11E7689
C11F1738
C11FB7D0
C1205852
C120F8BE
C1219915
C1223956
C122D983
C123799B
C124199E
C124B98E
C125596A
C125F933
C12698EA
C127388D
C127D81F
C128779F
C129170E
C129B66C
C12A55BA
C12AF4F7
C12B9425
C12C3343
C12CD252
C12D7153
C12E1045
C12EAF2A
C12F4E01
C12FECCB
C1308B87
C1312A38
C131C8DC
C1326774
C1330601
C133A483
C13442FA
C134E166
C1357FC8
C1361E20
C136BC6E
C1375AB3
C137F8EF
C1389722
C139354D
C139D36F
C13A7189
C13B0F9B
C13BADA6
C09BFCE6
C09C2C5F
C09C5C8D
C09C8D76
C09CBF20
C09CF18F
C09D24C9
C09D58D3
C09D8DB3
C09DC36E
C09DFA0B
C09E318D
C09E69FD
C09EA35E
C09EDDB8
C09F1910
C09F556C
C09F92D3
C09FD14B
C0A010DA
C0A05186
C0A09357
C0A0D652
C0A11A7F
C0A15FE4
C0A1A689
C0A1EE73
C0A237AC
C0A28239
C0A2CE21
C0A31B6E
C0A36A25
C0A3BA4E
C0A40BF2
C0A45F17
C0A4B3C7
C0A50A08
C0A561E3
C0A5BB60
C0A61687
C0A67361
C0A6D1F6
C0A7324E
C0A79472
C0A7F86A
C0A85E40
C0A8C5FC
C0A92FA7
C0A99B4A
C0AA08ED
C0AA7899
C0AAEA58
C0AB5E33
C0ABD432
C0AC4C5E
C0ACC6C1
C0AD4364
C0ADC24F
C0AE438C
C0AEC723
C0AF4D1D
C0AFD583
C0B0605E
C0B0EDB7
C0B17D95
C0B21001
C0B2A504
C0B33CA6
C0B3D6EE
C0B473E4
C0B51390
C0B5B5F9
C0B65B27
C0B7031F
C0B7ADE8
C0B85B8A
C0B90C08
C0B9BF6A
C0BA75B4
C0BB2EEB
C0BBEB14
C0BCAA32
C0BD6C49
C0BE315C
C0BEF96E
C0BFC480
C0C09295
C0C163AD
C0C237C9
C0C30EE9
C0C3E90C
C0C4C630
C0C5A655
C0C68978
C0C76F94
C0C858A8
C0C944AE
C0CA33A2
C0CB257D
C0CC1A3A
C0CD11D2
C0CE0C3D
C0CF0973
C0D0096B
C0D10C1D
C0D2117E
C0D31983
C0D42422
C0D5314F
C0D640FE
C0D75322
C0D867AF
C0D97E97
C0DA97CC
C0DBB340
C0DCD0E5
C0DDF0AB
C0DF1284
C0E03660
C0E15C2F
C0E283E3
C0E3AD6A
C0E4D8B5
C0E605B4
C0E73457
C0E8648D
C0E99648
C0EAC975
C0EBFE07
C0ED33ED
C0EE6B17
C0EFA376
C0F0DCFA
C0F21795
C0F35338
C0F48FD5
C0F5CD5C
C0F70BC1
C0F84AF6
C0F98AED
C0FACB99
C0FC0CEF
C0FD4EE1
C0FE9164
C0FFD46E
C1008BF9
C1012DF3
C101D020
C102727B
C1031500
C103B7A9
C1045A73
C104FD59
C105A058
C106436C
C106E691
C10789C4
C1082D01
C108D047
C1097391
C10A16DE
C10ABA2A
C10B5D74
C10C00B9
C10CA3F7
C10D472C
C10DEA57
C10E8D76
C10F3087
C10FD389
C110767B
C111195C
C111BC2A
C1125EE4
C113018B
C113A41C
C1144698
C114E8FD
C1158B4C
C1162D83
C116CFA3
C11771AB
C118139A
C118B572
C1195731
C119F8D8
C11A9A66
C11B3BDB
C11BDD38
C11C7E7D
C11D1FA9
C11DC0BD
C11E61B9
C11F029E
C11FA36B
C1204421
C120E4C0
C1218548
C12225BA
C122C616
C123665C
C124068D
C124A6A9
C12546B0
C125E6A3
C1268683
C127264F
C127C607
C12865AE
C1290542
C129A4C4
C12A4434
C12AE394
C12B82E3
C12C2221
C12CC150
C12D606F
C12DFF7F
C12E9E80
C12F3D73
C12FDC58
C1307B30
C13119FA
C131B8B7
C1325767
C132F60C
C13394A4
C1343331
C134D1B2
C1357029
C1360E95
C136ACF7
C1374B4F
C137E99D
C13887E2
C139261D
C139C450
C13A627A
C13B009C
C13B9EB6
C13C3CC8
C09CEDC7
C09D1D09
C09D4D00
C09D7DB3
C09DAF27
C09DE161
C09E1466
C09E483B
C09E7CE7
C09EB26F
C09EE8D8
C09F2028
C09F5865
C09F9195
C09FCBBD
C0A006E4
C0A0430F
C0A08046
C0A0BE8E
C0A0FDEE
C0A13E6B
C0A1800D
C0A1C2DB
C0A206DB
C0A24C13
C0A2928B
C0A2DA4B
C0A32358
C0A36DBA
C0A3B979
C0A4069C
C0A4552B
C0A4A52C
C0A4F6A8
C0A549A8
C0A59E31
C0A5F44D
C0A64C04
C0A6A55E
C0A70062
C0A75D1A
C0A7BB8E
C0A81BC7
C0A87DCC
C0A8E1A7
C0A94760
C0A9AF01
C0AA1891
C0AA841A
C0AAF1A5
C0AB613B
C0ABD2E4
C0AC46AB
C0ACBC97
C0AD34B2
C0ADAF05
C0AE2B99
C0AEAA77
C0AF2BA9
C0AFAF36
C0B03529
C0B0BD89
C0B1485F
C0B1D5B5
C0B26593
C0B2F801
C0B38D07
C0B424AE
C0B4BEFE
C0B55BFE
C0B5FBB6
C0B69E2D
C0B7436B
C0B7EB76
C0B89655
C0B9440E
C0B9F4A7
C0BAA826
C0BB5E90
C0BC17E9
C0BCD436
C0BD937C
C0BE55BE
C0BF1AFE
C0BFE340
C0C0AE85
C0C17CD0
C0C24E21
C0C32278
C0C3F9D7
C0C4D43C
C0C5B1A5
C0C69212
C0C7757F
C0C85BEA
C0C9454F
C0CA31A9
C0CB20F4
C0CC132A
C0CD0844
C0CE003C
C0CEFB0B
C0CFF8A7
C0D0F909
C0D1FC27
C0D301F6
C0D40A6E
C0D51581
C0D62326
C0D7334F
C0D845F0
C0D95AFC
C0DA7266
C0DB8C1F
C0DCA819
C0DDC647
C0DEE698
C0E008FD
C0E12D68
C0E253C8
C0E37C0E
C0E4A629
C0E5D20A
C0E6FFA0
C0E82EDB
C0E95FAB
C0EA9200
C0EBC5CA
C0ECFAF9
C0EE317C
C0EF6944
C0F0A241
C0F1DC65
C0F3179F
C0F453E2
C0F5911E
C0F6CF45
C0F80E49
C0F94E1D
C0FA8EB3
C0FBCFFE
C0FD11F1
C0FE5481
C0FF97A0
C1006DA3
C1010FB2
C101B1F9
C1025472
C102F719
C10399E8
C1043CDC
C104DFEF
C105831E
C1062665
C106C9C0
C1076D2C
C10810A4
C108B426
C10957AF
C109FB3C
C10A9ECA
C10B4258
C10BE5E1
C10C8965
C10D2CE0
C10DD053
C10E73B9
C10F1712
C10FBA5D
C1105D98
C11100C1
C111A3D8
C11246DB
C112E9CA
C1138CA3
C1142F67
C114D213
C11574A9
C1161726
C116B98C
C1175BD8
C117FE0C
C118A026
C1194228
C119E410
C11A85DE
C11B2793
C11BC92E
C11C6AB0
C11D0C18
C11DAD68
C11E4E9E
C11EEFBC
C11F90C0
C12031AD
C120D281
C121733E
C12213E3
C122B472
C12354E9
C123F54A
C1249595
C12535CA
C125D5EA
C12675F5
C12715EB
C127B5CD
C128559C
C128F557
C1299500
C12A3496
C12AD419
C12B738C
C12C12ED
C12CB23D
C12D517C
C12DF0AC
C12E8FCC
C12F2EDD
C12FCDDF
C1306CD2
C1310BB8
C131AA8F
C132495A
C132E817
C13386C7
C134256C
C134C404
C1356291
C1360113
C1369F89
C1373DF5
C137DC57
C1387AAE
C13918FC
C139B741
C13A557C
C13AF3AE
C13B91D8
C13C2FF9
C13CCE13
C09DE0BE
C09E0FCA
C09E3F8C
C09E700B
C09EA14B
C09ED351
C09F0623
C09F39C6
C09F6E40
C09FA396
C09FD9CE
C0A010ED
C0A048F9
C0A081F9
C0A0BBF1
C0A0F6E9
C0A132E6
C0A16FEE
C0A1AE08
C0A1ED3A
C0A22D8B
C0A26F01
C0A2B1A3
C0A2F577
C0A33A84
C0A380D2
C0A3C867
C0A4114B
C0A45B85
C0A4A71C
C0A4F417
C0A5427F
C0A5925A
C0A5E3B1
C0A6368C
C0A68AF1
C0A6E0EA
C0A7387F
C0A791B7
C0A7EC9B
C0A84933
C0A8A788
C0A907A2
C0A9698B
C0A9CD4A
C0AA32E8
C0AA9A6E
C0AB03E6
C0AB6F58
C0ABDCCC
C0AC4C4D
C0ACBDE3
C0AD3197
C0ADA772
C0AE1F7D
C0AE99C3
C0AF164A
C0AF951D
C0B01645
C0B099CB
C0B11FB7
C0B1A813
C0B232E7
C0B2C03D
C0B3501C
C0B3E28D
C0B47799
C0B50F47
C0B5A9A0
C0B646AC
C0B6E672
C0B788F9
C0B82E4A
C0B8D66A
C0B98160
C0BA2F33
C0BADFE8
C0BB9386
C0BC4A11
C0BD038F
C0BDC003
C0BE7F73
C0BF41E1
C0C00750
C0C0CFC4
C0C19B3F
C0C269C2
C0C33B4E
C0C40FE4
C0C4E783
C0C5C22C
C0C69FDD
C0C78094
C0C8644F
C0C94B0A
C0CA34C2
C0CB2173
C0CC1118
C0CD03AB
C0CDF925
C0CEF180
C0CFECB5
C0D0EABA
C0D1EB88
C0D2EF15
C0D3F556
C0D4FE42
C0D609CE
C0D717EC
C0D82893
C0D93BB4
C0DA5142
C0DB6931
C0DC8371
C0DD9FF5
C0DEBEAE
C0DFDF8E
C0E10283
C0E22780
C0E34E74
C0E47750
C0E5A203
C0E6CE7D
C0E7FCAE
C0E92C85
C0EA5DF3
C0EB90E6
C0ECC54F
C0EDFB1E
C0EF3243
C0F06AAD
C0F1A44D
C0F2DF13
C0F41AF1
C0F557D7
C0F695B7
C0F7D482
C0F91429
C0FA54A0
C0FB95D9
C0FCD7C6
C0FE1A5B
C0FF5D8C
C10050A6
C100F2C8
C1019527
C10237BD
C102DA84
C1037D78
C1042095
C104C3D5
C1056734
C1060AAE
C106AE3E
C10751E3
C107F596
C1089956
C1093D1F
C109E0ED
C10A84BF
C10B2891
C10BCC60
C10C702C
C10D13F0
C10DB7AB
C10E5B5C
C10EFF00
C10FA295
C110461B
C110E990
C1118CF2
C1123041
C112D37B
C11376A0
C11419AE
C114BCA5
C1155F84
C116024B
C116A4F9
C117478D
C117EA08
C1188C69
C1192EB0
C119D0DC
C11A72EE
C11B14E6
C11BB6C2
C11C5885
C11CFA2D
C11D9BBA
C11E3D2E
C11EDE88
C11F7FC7
C12020EE
C120C1FB
C12162EF
C12203CB
C122A48E
C1234539
C123E5CD
C124864A
C12526AF
C125C6FE
C1266737
C127075B
C127A769
C1284763
C128E748
C1298719
C12A26D7
C12AC681
C12B6619
C12C059E
C12CA512
C12D4474
C12DE3C6
C12E8306
C12F2237
C12FC158
C1306069
C130FF6C
C1319E60
C1323D45
C132DC1D
C1337AE8
C13419A5
C134B856
C13556FA
C135F593
C1369420
C13732A1
C137D117
C1386F83
C1390DE5
C139AC3C
C13A4A8A
C13AE8CE
C13B8709
C13C253B
C13CC364
C13D6185
C09ED5C2
C09F049A
C09F342B
C09F6477
C09F9585
C09FC759
C09FF9FA
C0A02D6D
C0A061B6
C0A096DC
C0A0CCE4
C0A103D4
C0A13BB2
C0A17483
C0A1AE4E
C0A1E919
C0A224E8
C0A261C4
C0A29FB2
C0A2DEB9
C0A31EDE
C0A36029
C0A3A2A1
C0A3E64B
C0A42B2F
C0A47155
C0A4B8C2
C0A5017E
C0A54B91
C0A59702
C0A5E3D7
C0A6321A
C0A681D1
C0A6D304
C0A725BC
C0A779FF
C0A7CFD7
C0A8274A
C0A88062
C0A8DB27
C0A937A2
C0A995DA
C0A9F5D8
C0AA57A5
C0AABB4A
C0AB20CF
C0AB883D
C0ABF19E
C0AC5CFA
C0ACCA5A
C0AD39C8
C0ADAB4B
C0AE1EEF
C0AE94BB
C0AF0CB8
C0AF86F1
C0B0036E
C0B08238
C0B10358
C0B186D8
C0B20CC0
C0B2951A
C0B31FED
C0B3AD44
C0B43D26
C0B4CF9C
C0B564AF
C0B5FC67
C0B696CC
C0B733E5
C0B7D3BB
C0B87655
C0B91BB9
C0B9C3F0
C0BA6F00
C0BB1CEF
C0BBCDC2
C0BC8181
C0BD3830
C0BDF1D4
C0BEAE71
C0BF6E0C
C0C030A9
C0C0F64A
C0C1BEF2
C0C28AA4
C0C35961
C0C42B2B
C0C50001
C0C5D7E4
C0C6B2D3
C0C790CE
C0C871D1
C0C955DC
C0CA3CEA
C0CB26F8
C0CC1403
C0CD0403
C0CDF6F5
C0CEECD2
C0CFE593
C0D0E130
C0D1DFA2
C0D2E0DE
C0D3E4DD
C0D4EB93
C0D5F4F7
C0D700FD
C0D80F99
C0D920BF
C0DA3463
C0DB4A77
C0DC62ED
C0DD7DB8
C0DE9AC9
C0DFBA12
C0E0DB82
C0E1FF0B
C0E3249E
C0E44C2A
C0E5759F
C0E6A0ED
C0E7CE03
C0E8FCD2
C0EA2D49
C0EB5F58
C0EC92EE
C0EDC7FA
C0EEFE6D
C0F03637
C0F16F46
C0F2A98D
C0F3E4FA
C0F5217F
C0F65F0D
C0F79D94
C0F8DD07
C0FA1D56
C0FB5E74
C0FCA054
C0FDE2E7
C0FF2622
C10034FC
C100D72F
C10179A3
C1021C53
C102BF39
C1036251
C1040595
C104A900
C1054C8E
C105F03B
C1069402
C10737DF
C107DBCE
C1087FCC
C10923D5
C109C7E6
C10A6BFC
C10B1014
C10BB42C
C10C5840
C10CFC4E
C10DA055
C10E4452
C10EE843
C10F8C26
C1102FFA
C110D3BD
C111776D
C1121B0A
C112BE93
C1136206
C1140562
C114A8A6
C1154BD2
C115EEE6
C11691DF
C11734BF
C117D784
C1187A2F
C1191CBE
C119BF33
C11A618B
C11B03C9
C11BA5EB
C11C47F1
C11CE9DC
C11D8BAB
C11E2D5F
C11ECEF8
C11F7076
C12011D9
C120B322
C1215451
C121F566
C1229661
C1233744
C123D80D
C12478BE
C1251957
C125B9D8
C1265A43
C126FA96
C1279AD3
C1283AFA
C128DB0B
C1297B08
C12A1AEF
C12ABAC3
C12B5A82
C12BFA2F
C12C99C8
C12D3950
C12DD8C5
C12E7828
C12F177B
C12FB6BC
C13055EE
C130F50F
C1319421
C1323324
C132D219
C13370FF
C1340FD7
C134AEA2
C1354D5F
C135EC10
C1368AB4
C137294D
C137C7D9
C138665B
C13904D1
C139A33D
C13A419E
C13ADFF5
C13B7E42
C13C1C86
C13CBAC1
C13D58F3
C13DF71C
C09FCCCC
C09FFB74
C0A02AD3
C0A05AEE
C0A08BCC
C0A0BD71
C0A0EFE3
C0A12326
C0A15741
C0A18C39
C0A1C214
C0A1F8D7
C0A23088
C0A2692C
C0A2A2CB
C0A2DD6A
C0A3190F
C0A355C0
C0A39383
C0A3D260
C0A4125C
C0A4537E
C0A495CD
C0A4D950
C0A51E0D
C0A5640B
C0A5AB52
C0A5F3E8
C0A63DD6
C0A68922
C0A6D5D4
C0A723F3
C0A77388
C0A7C499
C0A8172F
C0A86B52
C0A8C10A
C0A9185E
C0A97159
C0A9CC00
C0AA285E
C0AA867B
C0AAE65E
C0AB4812
C0ABAB9E
C0AC110C
C0AC7864
C0ACE1B0
C0AD4CF8
C0ADBA45
C0AE29A1
C0AE9B15
C0AF0EAA
C0AF8468
C0AFFC5A
C0B07688
C0B0F2FC
C0B171BE
C0B1F2D9
C0B27655
C0B2FC3A
C0B38493
C0B40F68
C0B49CC2
C0B52CA9
C0B5BF26
C0B65442
C0B6EC05
C0B78677
C0B823A0
C0B8C387
C0B96635
C0BA0BB0
C0BAB400
C0BB5F2B
C0BC0D37
C0BCBE2B
C0BD720D
C0BE28E1
C0BEE2AD
C0BF9F76
C0C05F3F
C0C1220C
C0C1E7E1
C0C2B0C0
C0C37CAB
C0C44BA5
C0C51DAD
C0C5F2C6
C0C6CAEF
C0C7A627
C0C8846D
C0C965BF
C0CA4A1C
C0CB3180
C0CC1BE6
C0CD094C
C0CDF9AC
C0CEED00
C0CFE342
C0D0DC6B
C0D1D873
C0D2D753
C0D3D901
C0D4DD74
C0D5E4A2
C0D6EE80
C0D7FB03
C0D90A20
C0DA1BC9
C0DB2FF2
C0DC468F
C0DD5F90
C0DE7AE9
C0DF988A
C0E0B865
C0E1DA6A
C0E2FE8A
C0E424B5
C0E54CDC
C0E676EE
C0E7A2DA
C0E8D091
C0EA0002
C0EB311D
C0EC63D0
C0ED980B
C0EECDBF
C0F004DA
C0F13D4C
C0F27706
C0F3B1F6
C0F4EE0E
C0F62B3F
C0F76978
C0F8A8AA
C0F9E8C8
C0FB29C3
C0FC6B8D
C0FDAE17
C0FEF156
C1001A9D
C100BCDD
C1015F64
C102022C
C102A52F
C1034869
C103EBD3
C1048F68
C1053325
C105D703
C1067AFF
C1071F15
C107C340
C108677C
C1090BC7
C109B01B
C10A5477
C10AF8D6
C10B9D37
C10C4196
C10CE5F0
C10D8A44
C10E2E8F
C10ED2CF
C10F7702
C1101B27
C110BF3A
C111633C
C112072A
C112AB04
C1134EC8
C113F275
C114960A
C1153986
C115DCE9
C1168032
C1172361
C117C674
C118696B
C1190C47
C119AF07
C11A51AA
C11AF431
C11B969B
C11C38E8
C11CDB19
C11D7D2E
C11E1F25
C11EC101
C11F62C1
C1200464
C120A5EC
C1214759
C121E8AA
C12289E1
C1232AFE
C123CC00
C1246CE9
C1250DB8
C125AE6E
C1264F0C
C126EF92
C1279001
C1283058
C128D098
C12970C3
C12A10D7
C12AB0D6
C12B50C0
C12BF096
C12C9058
C12D3006
C12DCFA1
C12E6F2A
C12F0EA0
C12FAE05
C1304D58
C130EC9B
C1318BCD
C1322AEF
C132CA02
C1336905
C13407FA
C134A6E0
C13545B9
C135E484
C1368341
C13721F2
C137C097
C1385F2F
C138FDBC
C1399C3D
C13A3AB3
C13AD91E
C13B777F
C13C15D6
C13CB423
C13D5267
C13DF0A1
C13E8ED3
C0A0C5D5
C0A0F44D
C0A1237D
C0A1536A
C0A1841A
C0A1B591
C0A1E7D5
C0A21AEB
C0A24EDA
C0A283A5
C0A2B954
C0A2EFEB
C0A32771
C0A35FEB
C0A39960
C0A3D3D5
C0A40F50
C0A44BD8
C0A48973
C0A4C827
C0A507FC
C0A548F7
C0A58B1F
C0A5CE7B
C0A61313
C0A658EC
C0A6A00E
C0A6E881
C0A7324B
C0A77D74
C0A7CA04
C0A81801
C0A86775
C0A8B866
C0A90ADD
C0A95EE1
C0A9B47B
C0AA0BB2
C0AA6490
C0AABF1C
C0AB1B5F
C0AB7962
C0ABD92D
C0AC3AC9
C0AC9E3F
C0AD0397
C0AD6ADB
C0ADD413
C0AE3F49
C0AEAC85
C0AF1BD1
C0AF8D36
C0B000BE
C0B07671
C0B0EE58
C0B1687D
C0B1E4EA
C0B263A7
C0B2E4BE
C0B36837
C0B3EE1C
C0B47676
C0B5014E
C0B58EAC
C0B61E9A
C0B6B120
C0B74647
C0B7DE17
C0B87898
C0B915D2
C0B9B5CD
C0BA5891
C0BAFE24
C0BBA68F
C0BC51D7
C0BD0003
C0BDB119
C0BE6520
C0BF1C1C
C0BFD612
C0C09308
C0C15300
C0C21600
C0C2DC0B
C0C3A522
C0C47149
C0C54081
C0C612CB
C0C6E829
C0C7C099
C0C89C1C
C0C97AB0
C0CA5C54
C0CB4105
C0CC28C0
C0CD1381
C0CE0145
C0CEF206
C0CFE5BE
C0D0DC68
C0D1D5FB
C0D2D272
C0D3D1C2
C0D4D3E5
C0D5D8CF
C0D6E077
C0D7EAD2
C0D8F7D6
C0DA0775
C0DB19A4
C0DC2E57
C0DD457E
C0DE5F0E
C0DF7AF7
C0E0992B
C0E1B99B
C0E2DC38
C0E400F3
C0E527BA
C0E6507F
C0E77B31
C0E8A7C0
C0E9D61B
C0EB0631
C0EC37F2
C0ED6B4E
C0EEA033
C0EFD691
C0F10E58
C0F24777
C0F381DE
C0F4BD7C
C0F5FA43
C0F73823
C0F8770B
C0F9B6ED
C0FAF7BB
C0FC3965
C0FD7BDE
C0FEBF18
C1000182
C100A3CC
C1014663
C101E940
C1028C5E
C1032FB6
C103D345
C1047703
C1051AED
C105BEFC
C106632D
C107077B
C107ABE2
C108505D
C108F4E8
C1099981
C10A3E23
C10AE2CB
C10B8776
C10C2C21
C10CD0C9
C10D756C
C10E1A08
C10EBE99
C10F631E
C1100795
C110ABFC
C1115052
C111F494
C11298C2
C1133CDA
C113E0DB
C11484C4
C1152894
C115CC4A
C1166FE5
C1171365
C117B6CA
C1185A12
C118FD3D
C119A04C
C11A433D
C11AE610
C11B88C7
C11C2B5F
C11CCDDA
C11D7036
C11E1276
C11EB498
C11F569C
C11FF884
C1209A4E
C1213BFC
C121DD8D
C1227F03
C123205D
C123C19B
C12462BE
C12503C7
C125A4B6
C126458B
C126E646
C12786E9
C1282774
C128C7E6
C1296841
C12A0885
C12AA8B2
C12B48C9
C12BE8CB
C12C88B7
C12D288F
C12DC853
C12E6803
C12F07A0
C12FA72A
C13046A1
C130E607
C131855B
C132249F
C132C3D2
C13362F4
C1340207
C134A10B
C1354000
C135DEE7
C1367DC0
C1371C8B
C137BB48
C13859F9
C138F89E
C1399736
C13A35C2
C13AD444
C13B72B9
C13C1125
C13CAF85
C13D4DDC
C13DEC29
C13E8A6C
C13F28A6
C0A1C0D4
C0A1EF1E
C0A21E21
C0A24DE1
C0A27E64
C0A2AFAF
C0A2E1C8
C0A314B3
C0A34877
C0A37D18
C0A3B29C
C0A3E90A
C0A42066
C0A458B7
C0A49203
C0A4CC50
C0A507A4
C0A54404
C0A58179
C0A5C007
C0A5FFB5
C0A6408B
C0A6828E
C0A6C5C6
C0A70A39
C0A74FEF
C0A796EE
C0A7DF3F
C0A828E7
C0A873EF
C0A8C05E
C0A90E3C
C0A95D90
C0A9AE63
C0AA00BB
C0AA54A3
C0AAAA20
C0AB013C
C0AB59FF
C0ABB472
C0AC109C
C0AC6E87
C0ACCE3B
C0AD2FC1
C0AD9321
C0ADF865
C0AE5F96
C0AEC8BD
C0AF33E2
C0AFA10F
C0B0104D
C0B081A6
C0B0F522
C0B16ACB
C0B1E2A9
C0B25CC8
C0B2D92F
C0B357E8
C0B3D8FC
C0B45C75
C0B4E25B
C0B56AB8
C0B5F594
C0B682FA
C0B712F0
C0B7A581
C0B83AB4
C0B8D293
C0B96D25
C0BA0A72
C0BAAA83
C0BB4D5E
C0BBF30B
C0BC9B92
C0BD46F9
C0BDF547
C0BEA681
C0BF5AAF
C0C011D4
C0C0CBF7
C0C1891B
C0C24946
C0C30C7A
C0C3D2BC
C0C49C0E
C0C56873
C0C637EB
C0C70A79
C0C7E01D
C0C8B8D7
C0C994A7
C0CA738C
C0CB5583
C0CC3A8A
C0CD229F
C0CE0DBE
C0CEFBE2
C0CFED06
C0D0E125
C0D1D839
C0D2D23A
C0D3CF20
C0D4CEE5
C0D5D17E
C0D6D6E2
C0D7DF07
C0D8E9E2
C0D9F768
C0DB078D
C0DC1A45
C0DD2F83
C0DE4739
C0DF615A
C0E07DD7
C0E19CA1
C0E2BDAA
C0E3E0E2
C0E50639
C0E62DA1
C0E75707
C0E8825D
C0E9AF91
C0EADE93
C0EC0F52
C0ED41BE
C0EE75C5
C0EFAB57
C0F0E264
C0F21ADA
C0F354AA
C0F48FC2
C0F5CC12
C0F7098C
C0F8481E
C0F987BA
C0FAC850
C0FC09D1
C0FD4C2F
C0FE8F5B
C0FFD348
C1008BF4
C1012E97
C101D186
C10274BC
C1031832
C103BBE2
C1045FC7
C10503DC
C105A81C
C1064C80
C106F106
C10795A7
C1083A61
C108DF2E
C109840B
C10A28F4
C10ACDE5
C10B72DC
C10C17D4
C10CBCCC
C10D61C0
C10E06AD
C10EAB92
C10F506B
C10FF537
C11099F4
C1113EA0
C111E339
C11287BE
C1132C2D
C113D085
C11474C5
C11518EC
C115BCF8
C11660EA
C11704C0
C117A879
C1184C15
C118EF94
C11992F5
C11A3637
C11AD95B
C11B7C61
C11C1F48
C11CC210
C11D64B9
C11E0743
C11EA9AF
C11F4BFC
C11FEE2B
C120903B
C121322E
C121D403
C12275BA
C1231755
C123B8D3
C1245A34
C124FB7A
C1259CA4
C1263DB3
C126DEA8
C1277F82
C1282042
C128C0E9
C1296178
C12A01EE
C12AA24D
C12B4294
C12BE2C4
C12C82DE
C12D22E2
C12DC2D0
C12E62AA
C12F0270
C12FA221
C13041BF
C130E14B
C13180C3
C132202A
C132BF7F
C1335EC4
C133FDF7
C1349D1A
C1353C2E
C135DB32
C1367A28
C137190F
C137B7E7
C13856B3
C138F570
C1399421
C13A32C6
C13AD15E
C13B6FEA
C13C0E6B
C13CACE1
C13D4B4C
C13DE9AC
C13E8803
C13F264F
C13FC492
C0A2BDC0
C0A2EBDF
C0A31AB6
C0A34A4C
C0A37AA4
C0A3ABC5
C0A3DDB4
C0A41075
C0A4440F
C0A47888
C0A4ADE4
C0A4E42A
C0A51B5E
C0A55388
C0A58CAD
C0A5C6D4
C0A60201
C0A63E3C
C0A67B8C
C0A6B9F5
C0A6F97F
C0A73A31
C0A77C11
C0A7BF26
C0A80377
C0A8490B
C0A88FE9
C0A8D819
C0A921A1
C0A96C89
C0A9B8D9
C0AA0699
C0AA55D0
C0AAA685
C0AAF8C2
C0AB4C8E
C0ABA1F1
C0ABF8F3
C0AC519D
C0ACABF7
C0AD080A
C0AD65DF
C0ADC57D
C0AE26EF
C0AE8A3C
C0AEEF6E
C0AF568E
C0AFBFA4
C0B02ABA
C0B097DA
C0B1070C
C0B17859
C0B1EBCB
C0B2616C
C0B2D944
C0B3535D
C0B3CFC0
C0B44E77
C0B4CF8B
C0B55304
C0B5D8ED
C0B6614F
C0B6EC32
C0B7799F
C0B809A0
C0B89C3D
C0B9317F
C0B9C96E
C0BA6413
C0BB0175
C0BBA19C
C0BC4491
C0BCEA5B
C0BD9300
C0BE3E88
C0BEECF9
C0BF9E59
C0C052AF
C0C109FF
C0C1C450
C0C281A5
C0C34204
C0C4056F
C0C4CBEA
C0C59579
C0C6621D
C0C731D8
C0C804AC
C0C8DA98
C0C9B39F
C0CA8FBE
C0CB6EF4
C0CC5141
C0CD36A1
C0CE1F12
C0CF0A90
C0CFF916
C0D0EAA1
C0D1DF29
C0D2D6A9
C0D3D119
C0D4CE73
C0D5CEAD
C0D6D1BF
C0D7D79F
C0D8E044
C0D9EBA2
C0DAF9AE
C0DC0A5B
C0DD1D9F
C0DE336B
C0DF4BB2
C0E06667
C0E1837A
C0E2A2DE
C0E3C483
C0E4E859
C0E60E51
C0E7365B
C0E86066
C0E98C62
C0EABA3F
C0EBE9EC
C0ED1B58
C0EE4E71
C0EF8328
C0F0B96B
C0F1F12A
C0F32A53
C0F464D7
C0F5A0A4
C0F6DDAA
C0F81BDA
C0F95B23
C0FA9B76
C0FBDCC4
C0FD1EFC
C0FE6212
C0FFA5F6
C100754D
C10117F8
C101BAF6
C1025E41
C10301D1
C103A5A1
C10449AB
C104EDE9
C1059257
C10636EE
C106DBAA
C1078086
C108257E
C108CA8C
C1096FAE
C10A14DE
C10ABA19
C10B5F5C
C10C04A3
C10CA9EB
C10D4F32
C10DF473
C10E99AD
C10F3EDD
C10FE400
C1108915
C1112E1A
C111D30D
C11277EC
C1131CB5
C113C167
C1146601
C1150A82
C115AEE8
C1165333
C116F761
C1179B73
C1183F66
C118E33C
C11986F3
C11A2A8B
C11ACE03
C11B715C
C11C1495
C11CB7AE
C11D5AA8
C11DFD81
C11EA03A
C11F42D3
C11FE54D
C12087A7
C12129E2
C121CBFE
C1226DFC
C1230FDA
C123B19B
C124533E
C124F4C4
C125962D
C126377A
C126D8AA
C12779BF
C1281AB9
C128BB98
C1295C5D
C129FD09
C12A9D9B
C12B3E15
C12BDE77
C12C7EC1
C12D1EF4
C12DBF10
C12E5F16
C12EFF07
C12F9EE3
C1303EAA
C130DE5D
C1317DFC
C1321D89
C132BD03
C1335C6A
C133FBC0
C1349B05
C1353A3A
C135D95D
C1367871
C1371776
C137B66C
C1385553
C138F42C
C13992F7
C13A31B5
C13AD066
C13B6F0A
C13C0DA2
C13CAC2E
C13D4AAF
C13DE925
C13E878F
C13F25F0
C13FC446
C1406292
C0A3BC92
C0A3EA87
C0A41935
C0A448A1
C0A478D0
C0A4A9C9
C0A4DB8F
C0A50E29
C0A5419B
C0A575ED
C0A5AB22
C0A5E141
C0A61850
C0A65055
C0A68955
C0A6C356
C0A6FE5F
C0A73A77
C0A777A2
C0A7B5E9
C0A7F550
C0A835E0
C0A8779E
C0A8BA92
C0A8FEC2
C0A94436
C0A98AF5
C0A9D305
C0AA1C6F
C0AA6739
C0AAB36C
C0AB010F
C0AB502A
C0ABA0C5
C0ABF2E7
C0AC4699
C0AC9BE2
C0ACF2CD
C0AD4B5F
C0ADA5A3
C0AE01A0
C0AE5F60
C0AEBEEB
C0AF204A
C0AF8385
C0AFE8A7
C0B04FB7
C0B0B8BF
C0B123C8
C0B190DB
C0B20002
C0B27146
C0B2E4B1
C0B35A4A
C0B3D21D
C0B44C33
C0B4C894
C0B5474A
C0B5C85E
C0B64BDB
C0B6D1C8
C0B75A30
C0B7E51B
C0B87293
C0B902A0
C0B9954B
C0BA2A9D
C0BAC29E
C0BB5D57
C0BBFAD0
C0BC9B10
C0BD3E20
C0BDE407
C0BE8CCC
C0BF3877
C0BFE70D
C0C09895
C0C14D15
C0C20493
C0C2BF13
C0C37C9B
C0C43D2F
C0C500D3
C0C5C78A
C0C69157
C0C75E3C
C0C82E3B
C0C90157
C0C9D78E
C0CAB0E2
C0CB8D52
C0CC6CDD
C0CD4F82
C0CE353D
C0CF1E0C
C0D009EB
C0D0F8D7
C0D1EAC9
C0D2DFBC
C0D3D7AB
C0D4D28D
C0D5D05C
C0D6D10E
C0D7D49C
C0D8DAFC
C0D9E422
C0DAF005
C0DBFE99
C0DD0FD2
C0DE23A4
C0DF3A01
C0E052DD
C0E16E28
C0E28BD5
C0E3ABD5
C0E4CE18
C0E5F28F
C0E7192B
C0E841DB
C0E96C8E
C0EA9935
C0EBC7BE
C0ECF818
C0EE2A34
C0EF5DFF
C0F09369
C0F1CA60
C0F302D4
C0F43CB5
C0F577F0
C0F6B476
C0F7F236
C0F93120
C0FA7124
C0FBB232
C0FCF43B
C0FE372F
C0FF7B00
C1005FD0
C1010280
C101A588
C10248E4
C102EC8B
C1039078
C10434A4
C104D90A
C1057DA4
C106226C
C106C75D
C1076C73
C10811A7
C108B6F7
C1095C5D
C10A01D4
C10AA75A
C10B4CEA
C10BF280
C10C981A
C10D3DB4
C10DE34B
C10E88DB
C10F2E64
C10FD3E1
C1107951
C1111EB1
C111C400
C112693B
C1130E61
C113B370
C1145868
C114FD46
C115A209
C11646B0
C116EB3B
C1178FA9
C11833F8
C118D828
C1197C39
C11A202A
C11AC3FA
C11B67AA
C11C0B39
C11CAEA7
C11D51F4
C11DF520
C11E982B
C11F3B14
C11FDDDD
C1208085
C121230C
C121C573
C12267B9
C12309E0
C123ABE7
C1244DD0
C124EF99
C1259145
C12632D2
C126D442
C1277595
C12816CC
C128B7E6
C12958E5
C129F9C9
C12A9A93
C12B3B42
C12BDBD8
C12C7C55
C12D1CBA
C12DBD07
C12E5D3D
C12EFD5B
C12F9D64
C1303D57
C130DD34
C1317CFD
C1321CB1
C132BC52
C1335BE0
C133FB5A
C1349AC3
C1353A1A
C135D95F
C1367894
C13717B8
C137B6CD
C13855D2
C138F4C8
C13993AF
C13A3288
C13AD153
C13B7011
C13C0EC2
C13CAD66
C13D4BFE
C13DEA8A
C13E890B
C13F2780
C13FC5EB
C140644B
C14102A1
C0A4BD41
C0A4EB0D
C0A51993
C0A548D7
C0A578E0
C0A5A9B1
C0A5DB51
C0A60DC5
C0A64112
C0A6753E
C0A6AA4E
C0A6E048
C0A71733
C0A74F14
C0A787F0
C0A7C1CE
C0A7FCB5
C0A838AA
C0A875B3
C0A8B3D8
C0A8F31F
C0A9338E
C0A9752C
C0A9B800
C0A9FC12
C0AA4167
C0AA8808
C0AACFFB
C0AB1948
C0AB63F6
C0ABB00D
C0ABFD95
C0AC4C95
C0AC9D16
C0ACEF20
C0AD42B9
C0AD97EC
C0ADEEBF
C0AE473C
C0AEA16B
C0AEFD54
C0AF5B01
C0AFBA7A
C0B01BC7
C0B07EF3
C0B0E405
C0B14B07
C0B1B402
C0B21F00
C0B28C09
C0B2FB27
C0B36C63
C0B3DFC7
C0B4555B
C0B4CD2B
C0B5473E
C0B5C39E
C0B64256
C0B6C36D
C0B746EE
C0B7CCE1
C0B85551
C0B8E046
C0B96DC9
C0B9FDE4
C0BA909E
C0BB2602
C0BBBE17
C0BC58E6
C0BCF677
C0BD96D2
C0BE39FF
C0BEE005
C0BF88EC
C0C034BB
C0C0E378
C0C19529
C0C249D5
C0C30182
C0C3BC34
C0C479F1
C0C53ABC
C0C5FE9A
C0C6C58E
C0C78F9B
C0C85CC4
C0C92D0A
C0CA006E
C0CAD6F3
C0CBB096
C0CC8D5A
C0CD6D3B
C0CE5039
C0CF3651
C0D01F80
C0D10BC3
C0D1FB15
C0D2ED72
C0D3E2D3
C0D4DB32
C0D5D688
C0D6D4CF
C0D7D5FC
C0D8DA08
C0D9E0E9
C0DAEA94
C0DBF6FE
C0DD061D
C0DE17E4
C0DF2C47
C0E04338
C0E15CAA
C0E2788F
C0E396D8
C0E4B777
C0E5DA5C
C0E6FF78
C0E826BA
C0E95013
C0EA7B71
C0EBA8C5
C0ECD7FE
C0EE090A
C0EF3BD8
C0F07058
C0F1A678
C0F2DE28
C0F41755
C0F551F0
C0F68DE6
C0F7CB29
C0F909A6
C0FA494E
C0FB8A11
C0FCCBDE
C0FE0EA6
C0FF525A
C1004B75
C100EE25
C1019134
C102349D
C102D857
C1037C5D
C10420A9
C104C534
C10569F7
C1060EEE
C106B413
C1075961
C107FED2
C108A462
C1094A0B
C109EFCA
C10A959A
C10B3B78
C10BE15E
C10C874B
C10D2D39
C10DD326
C10E7910
C10F1EF2
C10FC4CB
C1106A97
C1111055
C111B603
C1125B9D
C1130123
C113A693
C1144BEA
C114F129
C115964C
C1163B54
C116E03F
C117850B
C11829BA
C118CE48
C11972B6
C11A1704
C11ABB31
C11B5F3C
C11C0325
C11CA6EC
C11D4A90
C11DEE13
C11E9173
C11F34B0
C11FD7CC
C1207AC5
C1211D9C
C121C051
C12262E5
C1230558
C123A7AA
C12449DB
C124EBEC
C1258DDD
C1262FAF
C126D163
C12772F7
C128146E
C128B5C7
C1295703
C129F823
C12A9927
C12B3A10
C12BDADD
C12C7B91
C12D1C2A
C12DBCAB
C12E5D12
C12EFD62
C12F9D9A
C1303DBB
C130DDC5
C1317DBA
C1321D99
C132BD63
C1335D19
C133FCBB
C1349C4A
C1353BC5
C135DB2F
C1367A86
C13719CC
C137B902
C1385826
C138F73B
C1399640
C13A3536
C13AD41E
C13B72F7
C13C11C2
C13CB080
C13D4F31
C13DEDD5
C13E8C6D
C13F2AF9
C13FC97A
C14067EF
C1410659
C141A4B9
C0A5BFC3
C0A5ED69
C0A61BC8
C0A64AE7
C0A67ACA
C0A6AB76
C0A6DCF1
C0A70F40
C0A74269
C0A77671
C0A7AB5E
C0A7E135
C0A817FD
C0A84FBB
C0A88876
C0A8C233
C0A8FCF8
C0A938CC
C0A975B5
C0A9B3BA
C0A9F2E2
C0AA3332
C0AA74B2
C0AAB768
C0AAFB5C
C0AB4094
C0AB8718
C0ABCEEF
C0AC1821
C0AC62B4
C0ACAEB2
C0ACFC20
C0AD4B08
C0AD9B70
C0ADED62
C0AE40E5
C0AE9602
C0AEECC0
C0AF4529
C0AF9F45
C0AFFB1B
C0B058B7
C0B0B81F
C0B1195D
C0B17C79
C0B1E17E
C0B24874
C0B2B164
C0B31C57
C0B38958
C0B3F86E
C0B469A4
C0B4DD03
C0B55294
C0B5CA61
C0B64474
C0B6C0D5
C0B73F8F
C0B7C0AB
C0B84432
C0B8CA2D
C0B952A6
C0B9DDA6
C0BA6B37
C0BAFB61
C0BB8E2D
C0BC23A3
C0BCBBCE
C0BD56B4
C0BDF45F
C0BE94D6
C0BF3822
C0BFDE49
C0C08753
C0C13348
C0C1E22D
C0C2940A
C0C348E4
C0C400C1
C0C4BBA7
C0C57999
C0C63A9E
C0C6FEB8
C0C7C5EB
C0C8903A
C0C95DA7
C0CA2E36
C0CB01E6
C0CBD8B8
C0CCB2AE
C0CD8FC6
C0CE7000
C0CF5359
C0D039D0
C0D12362
C0D2100A
C0D2FFC5
C0D3F28E
C0D4E85F
C0D5E131
C0D6DCFE
C0D7DBBE
C0D8DD68
C0D9E1F5
C0DAE959
C0DBF38B
C0DD007F
C0DE102B
C0DF2283
C0E03779
C0E14F00
C0E2690C
C0E3858D
C0E4A476
C0E5C5B6
C0E6E940
C0E80F03
C0E936EF
C0EA60F3
C0EB8D00
C0ECBB05
C0EDEAF0
C0EF1CB0
C0F05035
C0F1856D
C0F2BC47
C0F3F4B2
C0F52E9C
C0F669F5
C0F7A6AB
C0F8E4AD
C0FA23EC
C0FB6456
C0FCA5DA
C0FDE86B
C0FF2BF6
C1003837
C100DAE1
C1017DF2
C1022163
C102C52D
C1036949
C1040DB0
C104B25D
C1055748
C105FC6B
C106A1C2
C1074746
C107ECF2
C10892C1
C10938AD
C109DEB3
C10A84CD
C10B2AF8
C10BD12F
C10C776E
C10D1DB3
C10DC3F8
C10E6A3B
C10F1079
C10FB6AF
C1105CDB
C11102F9
C111A907
C1124F03
C112F4EC
C1139ABE
C1144079
C114E61B
C1158BA2
C116310D
C116D65B
C1177B8B
C118209C
C118C58C
C1196A5C
C11A0F0B
C11AB397
C11B5801
C11BFC48
C11CA06C
C11D446C
C11DE849
C11E8C02
C11F2F98
C11FD30A
C1207659
C1211984
C121BC8C
C1225F72
C1230234
C123A4D4
C1244752
C124E9AF
C1258BEA
C1262E04
C126CFFE
C12771D8
C1281392
C128B52E
C12956AB
C129F80A
C12A994C
C12B3A71
C12BDB79
C12C7C66
C12D1D38
C12DBDEF
C12E5E8C
C12EFF0F
C12F9F7A
C1303FCC
C130E006
C1318029
C1322036
C132C02C
C133600C
C133FFD8
C1349F8F
C1353F32
C135DEC2
C1367E3E
C1371DA8
C137BD01
C1385C47
C138FB7D
C1399AA2
C13A39B7
C13AD8BD
C13B77B3
C13C169B
C13CB574
C13D543F
C13DF2FD
C13E91AE
C13F3052
C13FCEEA
C1406D75
C1410BF6
C141AA6B
C14248D5
C0A6C410
C0A6F191
C0A71FCC
C0A74EC6
C0A77E84
C0A7AF0D
C0A7E065
C0A81291
C0A84597
C0A8797D
C0A8AE48
C0A8E3FE
C0A91AA5
C0A95242
C0A98ADC
C0A9C479
C0A9FF1F
C0AA3AD4
C0AA779F
C0AAB585
C0AAF48F
C0AB34C1
C0AB7624
C0ABB8BE
C0ABFC96
C0AC41B3
C0AC881C
C0ACCFD9
C0AD18F1
C0AD636B
C0ADAF50
C0ADFCA6
C0AE4B77
C0AE9BC9
C0AEEDA5
C0AF4113
C0AF961B
C0AFECC6
C0B0451C
C0B09F26
C0B0FAEC
C0B15877
C0B1B7D0
C0B21900
C0B27C0F
C0B2E108
C0B347F3
C0B3B0D9
C0B41BC4
C0B488BD
C0B4F7CD
C0B568FF
C0B5DC5A
C0B651E9
C0B6C9B6
C0B743CA
C0B7C02E
C0B83EEC
C0B8C00D
C0B9439B
C0B9C9A0
C0BA5224
C0BADD31
C0BB6AD1
C0BBFB0B
C0BC8DEA
C0BD2376
C0BDBBB7
C0BE56B7
C0BEF47D
C0BF9512
C0C0387D
C0C0DEC7
C0C187F6
C0C23412
C0C2E322
C0C3952B
C0C44A35
C0C50244
C0C5BD5F
C0C67B89
C0C73CC8
C0C80120
C0C8C893
C0C99326
C0CA60DB
C0CB31B3
C0CC05B0
C0CCDCD3
C0CDB71C
C0CE948B
C0CF751F
C0D058D6
C0D13FAE
C0D229A3
C0D316B3
C0D406D9
C0D4FA10
C0D5F053
C0D6E99A
C0D7E5DF
C0D8E51B
C0D9E745
C0DAEC54
C0DBF43E
C0DCFEF9
C0DE0C7A
C0DF1CB6
C0E02FA0
C0E1452C
C0E25D4D
C0E377F4
C0E49514
C0E5B49F
C0E6D684
C0E7FAB5
C0E92122
C0EA49BA
C0EB746E
C0ECA12C
C0EDCFE4
C0EF0085
C0F032FD
C0F1673C
C0F29D2F
C0F3D4C6
C0F50DF0
C0F6489A
C0F784B4
C0F8C22D
C0FA00F3
C0FB40F6
C0FC8226
C0FDC471
C0FF07C8
C100260D
C100C8AD
C1016BBA
C1020F2F
C102B304
C1035732
C103FBB1
C104A07C
C105458B
C105EAD8
C106905E
C1073616
C107DBFB
C1088208
C1092836
C109CE82
C10A74E6
C10B1B5E
C10BC1E5
C10C6878
C10D0F13
C10DB5B1
C10E5C4F
C10F02EA
C10FA97F
C110500B
C110F68B
C1119CFC
C112435D
C112E9AA
C1138FE3
C1143604
C114DC0C
C11581FA
C11627CC
C116CD81
C1177318
C118188E
C118BDE5
C119631A
C11A082D
C11AAD1D
C11B51E9
C11BF692
C11C9B17
C11D3F78
C11DE3B3
C11E87CA
C11F2BBC
C11FCF89
C1207332
C12116B5
C121BA14
C1225D4F
C1230065
C123A358
C1244627
C124E8D2
C1258B5B
C1262DC2
C126D006
C1277229
C128142B
C128B60D
C12957CE
C129F970
C12A9AF4
C12B3C58
C12BDD9F
C12C7EC9
C12D1FD6
C12DC0C7
C12E619C
C12F0256
C12FA2F7
C130437D
C130E3EA
C131843F
C132247B
C132C4A0
C13364AE
C13404A6
C134A488
C1354455
C135E40E
C13683B2
C1372342
C137C2C0
C138622A
C1390183
C139A0CA
C13A4000
C13ADF26
C13B7E3B
C13C1D41
C13CBC37
C13D5B1F
C13DF9F8
C13E98C4
C13F3782
C13FD632
C14074D6
C141136E
C141B1FA
C142507A
C142EEEF
C0A7CA1E
C0A7F77C
C0A82593
C0A8546B
C0A88407
C0A8B46E
C0A8E5A4
C0A917AE
C0A94A94
C0A97E59
C0A9B304
C0A9E89A
C0AA1F21
C0AA569F
C0AA8F1A
C0AAC899
C0AB0320
C0AB3EB8
C0AB7B65
C0ABB92F
C0ABF81C
C0AC3833
C0AC797A
C0ACBBF9
C0ACFFB6
C0AD44B9
C0AD8B09
C0ADD2AD
C0AE1BAD
C0AE660F
C0AEB1DD
C0AEFF1D
C0AF4DD8
C0AF9E15
C0AFEFDC
C0B04337
C0B0982C
C0B0EEC5
C0B1470A
C0B1A103
C0B1FCBA
C0B25A36
C0B2B982
C0B31AA5
C0B37DA9
C0B3E297
C0B44979
C0B4B257
C0B51D3B
C0B58A2E
C0B5F93A
C0B66A68
C0B6DDC1
C0B75350
C0B7CB1E
C0B84534
C0B8C19C
C0B9405F
C0B9C188
C0BA451F
C0BACB2F
C0BB53BF
C0BBDEDB
C0BC6C8A
C0BCFCD7
C0BD8FCA
C0BE256C
C0BEBDC6
C0BF58E1
C0BFF6C4
C0C09778
C0C13B05
C0C1E173
C0C28AC9
C0C3370E
C0C3E649
C0C49881
C0C54DBB
C0C605FE
C0C6C14F
C0C77FB3
C0C8412E
C0C905C5
C0C9CD7B
C0CA9853
C0CB6650
C0CC3774
C0CD0BC0
C0CDE335
C0CEBDD4
C0CF9B9B
C0D07C8B
C0D160A1
C0D247DB
C0D33237
C0D41FB0
C0D51043
C0D603EA
C0D6FAA0
C0D7F45F
C0D8F11F
C0D9F0D8
C0DAF384
C0DBF917
C0DD0189
C0DE0CD0
C0DF1AE0
C0E02BAD
C0E13F2D
C0E25551
C0E36E0D
C0E48953
C0E5A715
C0E6C744
C0E7E9D0
C0E90EAB
C0EA35C5
C0EB5F0C
C0EC8A72
C0EDB7E4
C0EEE753
C0F018AD
C0F14BE0
C0F280DB
C0F3B78E
C0F4EFE5
C0F629D1
C0F7653F
C0F8A21E
C0F9E05D
C0FB1FEA
C0FC60B6
C0FDA2AE
C0FEE5C3
C10014F2
C100B781
C1015A86
C101FDFA
C102A1D4
C103460F
C103EAA2
C1048F87
C10534B7
C105DA2B
C1067FDD
C10725C7
C107CBE2
C108722B
C109189A
C109BF2A
C10A65D7
C10B0C9C
C10BB373
C10C5A5A
C10D014A
C10DA842
C10E4F3C
C10EF635
C10F9D2B
C1104419
C110EAFC
C11191D3
C112389A
C112DF4F
C11385F0
C1142C7A
C114D2EC
C1157944
C1161F80
C116C59F
C1176BA0
C1181180
C118B740
C1195CDE
C11A0259
C11AA7B1
C11B4CE5
C11BF1F4
C11C96DE
C11D3BA2
C11DE041
C11E84B9
C11F290C
C11FCD38
C120713F
C121151F
C121B8D9
C1225C6D
C122FFDB
C123A324
C1244648
C124E948
C1258C22
C1262ED9
C126D16D
C12773DD
C128162A
C128B856
C1295A5F
C129FC48
C12A9E10
C12B3FB9
C12BE141
C12C82AC
C12D23F7
C12DC526
C12E6637
C12F072B
C12FA804
C13048C2
C130E965
C13189EE
C1322A5E
C132CAB5
C1336AF3
C1340B1A
C134AB2A
C1354B24
C135EB07
C1368AD5
C1372A8E
C137CA33
C13869C5
C1390943
C139A8AE
C13A4808
C13AE74F
C13B8686
C13C25AC
C13CC4C1
C13D63C7
C13E02BE
C13EA1A6
C13F407F
C13FDF4A
C1407E08
C1411CB9
C141BB5D
C14259F4
C142F880
C1439700
C0A8D1E5
C0A8FF20
C0A92D16
C0A95BCC
C0A98B48
C0A9BB8E
C0A9ECA4
C0AA1E8F
C0AA5154
C0AA84FA
C0AAB986
C0AAEEFE
C0AB2567
C0AB5CC8
C0AB9525
C0ABCE87
C0AC08F2
C0AC446D
C0AC80FF
C0ACBEAD
C0ACFD7F
C0AD3D7C
C0AD7EA9
C0ADC10E
C0AE04B3
C0AE499D
C0AE8FD5
C0AED762
C0AF204A
C0AF6A97
C0AFB64F
C0B0037A
C0B05220
C0B0A24A
C0B0F3FF
C0B14747
C0B19C2B
C0B1F2B3
C0B24AE8
C0B2A4D2
C0B3007B
C0B35DEA
C0B3BD2A
C0B41E42
C0B4813C
C0B4E621
C0B54CFB
C0B5B5D2
C0B620B0
C0B68D9F
C0B6FCA7
C0B76DD4
C0B7E12D
C0B856BD
C0B8CE8D
C0B948A7
C0B9C514
C0BA43DF
C0BAC510
C0BB48B2
C0BBCECD
C0BC576C
C0BCE297
C0BD7059
C0BE00B9
C0BE93C2
C0BF297C
C0BFC1F0
C0C05D26
C0C0FB28
C0C19BFD
C0C23FAD
C0C2E640
C0C38FBE
C0C43C2D
C0C4EB96
C0C59DFD
C0C6536A
C0C70BE2
C0C7C76C
C0C8860A
C0C947C4
C0CA0C9B
C0CAD495
C0CB9FB4
C0CC6DFB
C0CD3F6C
C0CE1408
C0CEEBD1
C0CFC6C7
C0D0A4E8
C0D18636
C0D26AAD
C0D3524B
C0D43D0F
C0D52AF3
C0D61BF5
C0D7100E
C0D8073A
C0D90171
C0D9FEAD
C0DAFEE7
C0DC0216
C0DD0830
C0DE112C
C0DF1D00
C0E02BA1
C0E13D03
C0E2511A
C0E367D9
C0E48133
C0E59D1A
C0E6BB7F
C0E7DC55
C0E8FF8C
C0EA2513
C0EB4CDC
C0EC76D6
C0EDA2F0
C0EED11A
C0F00142
C0F13357
C0F26748
C0F39D04
C0F4D478
C0F60D93
C0F74844
C0F88479
C0F9C220
C0FB0129
C0FC4181
C0FD8318
C0FEC5DE
C10004E0
C100A758
C1014A4E
C101EDBB
C1029196
C10335D8
C103DA7B
C1047F75
C10524C2
C105CA59
C1067034
C107164C
C107BC9C
C108631E
C10909CB
C109B09F
C10A5794
C10AFEA4
C10BA5CB
C10C4D05
C10CF44C
C10D9B9D
C10E42F4
C10EEA4C
C10F91A3
C11038F4
C110E03E
C111877B
C1122EAB
C112D5CA
C1137CD5
C11423CB
C114CAAA
C115716F
C1161818
C116BEA4
C1176512
C1180B60
C118B18D
C1195798
C119FD7F
C11AA343
C11B48E2
C11BEE5B
C11C93AE
C11D38DB
C11DDDE0
C11E82BF
C11F2776
C11FCC06
C120706F
C12114B0
C121B8C9
C1225CBB
C1230086
C123A42A
C12447A7
C124EAFE
C1258E2F
C126313B
C126D421
C12776E2
C1281980
C128BBF9
C1295E4F
C12A0082
C12AA294
C12B4483
C12BE652
C12C8800
C12D298E
C12DCAFD
C12E6C4E
C12F0D80
C12FAE96
C1304F8E
C130F06A
C131912B
C13231D1
C132D25D
C13372CF
C1341328
C134B368
C1355391
C135F3A2
C136939D
C1373382
C137D351
C138730B
C13912B1
C139B244
C13A51C2
C13AF12F
C13B9088
C13C2FD0
C13CCF07
C13D6E2D
C13E0D43
C13EAC49
C13F4B40
C13FEA28
C1408901
C14127CD
C141C68A
C142653B
C14303DF
C143A276
C1444102
C0A9DB59
C0AA0874
C0AA364A
C0AA64E1
C0AA943D
C0AAC464
C0AAF55B
C0AB2728
C0AB59D0
C0AB8D58
C0ABC1C7
C0ABF721
C0AC2D6E
C0AC64B2
C0AC9CF4
C0ACD63A
C0AD108A
C0AD4BEA
C0AD8861
C0ADC5F6
C0AE04AF
C0AE4492
C0AE85A7
C0AEC7F4
C0AF0B81
C0AF5054
C0AF9675
C0AFDDEC
C0B026BF
C0B070F7
C0B0BC9B
C0B109B2
C0B15846
C0B1A85D
C0B1FA00
C0B24D38
C0B2A20C
C0B2F885
C0B350AB
C0B3AA88
C0B40624
C0B46388
C0B4C2BD
C0B523CB
C0B586BC
C0B5EB9A
C0B6526D
C0B6BB3F
C0B72619
C0B79304
C0B8020B
C0B87337
C0B8E691
C0B95C23
C0B9D3F7
C0BA4E16
C0BACA8B
C0BB495E
C0BBCA99
C0BC4E47
C0BCD470
C0BD5D1E
C0BDE85A
C0BE762F
C0BF06A4
C0BF99C4
C0C02F97
C0C0C827
C0C1637B
C0C2019C
C0C2A293
C0C34668
C0C3ED22
C0C496C9
C0C54365
C0C5F2FB
C0C6A594
C0C75B35
C0C813E4
C0C8CFA6
C0C98E82
C0CA507A
C0CB1594
C0CBDDD3
C0CCA93B
C0CD77CD
C0CE498D
C0CF1E7B
C0CFF699
C0D0D1E7
C0D1B065
C0D29211
C0D376EB
C0D45EF0
C0D54A1C
C0D6386E
C0D729E0
C0D81E6D
C0D91610
C0DA10C2
C0DB0E7D
C0DC0F38
C0DD12EC
C0DE198F
C0DF2317
C0E02F7B
C0E13EAF
C0E250A7
C0E36558
C0E47CB4
C0E596AE
C0E6B338
C0E7D244
C0E8F3C3
C0EA17A6
C0EB3DDD
C0EC6658
C0ED9106
C0EEBDD8
C0EFECBB
C0F11DA0
C0F25074
C0F38525
C0F4BBA4
C0F5F3DD
C0F72DBF
C0F86938
C0F9A637
C0FAE4AA
C0FC2480
C0FD65A7
C0FEA80D
C0FFEBA3
C100982B
C1013B0C
C101DE6B
C1028241
C1032686
C103CB32
C104703E
C10515A3
C105BB58
C1066158
C107079D
C107AE1E
C10854D6
C108FBC0
C109A2D5
C10A4A0F
C10AF16A
C10B98E0
C10C406C
C10CE809
C10D8FB4
C10E3767
C10EDF1F
C10F86D8
C1102E8E
C110D63E
C1117DE5
C112257F
C112CD09
C1137482
C1141BE6
C114C334
C1156A68
C1161182
C116B87F
C1175F5E
C118061D
C118ACBA
C1195336
C119F98D
C11A9FC0
C11B45CE
C11BEBB5
C11C9176
C11D370F
C11DDC80
C11E81C9
C11F26EA
C11FCBE2
C12070B1
C1211557
C121B9D4
C1225E29
C1230255
C123A658
C1244A33
C124EDE6
C1259172
C12634D6
C126D813
C1277B2A
C1281E1B
C128C0E7
C129638D
C12A0610
C12AA86E
C12B4AA9
C12BECC1
C12C8EB7
C12D308C
C12DD240
C12E73D3
C12F1547
C12FB69C
C13057D3
C130F8EC
C13199E7
C1323AC7
C132DB8B
C1337C33
C1341CC1
C134BD36
C1355D91
C135FDD3
C1369DFD
C1373E10
C137DE0C
C1387DF2
C1391DC3
C139BD7E
C13A5D25
C13AFCB8
C13B9C37
C13C3BA4
C13CDAFE
C13D7A47
C13E197E
C13EB8A4
C13F57BA
C13FF6C1
C14095B7
C141349F
C141D379
C1427244
C1431102
C143AFB2
C1444E56
C144ECED
C0AAE673
C0AB136F
C0AB4127
C0AB6F9F
C0AB9EDD
C0ABCEE7
C0ABFFC1
C0AC3170
C0AC63FB
C0AC9768
C0ACCBBA
C0AD00F9
C0AD372A
C0AD6E54
C0ADA67B
C0ADDFA7
C0AE19DD
C0AE5524
C0AE9183
C0AECEFF
C0AF0D9F
C0AF4D6B
C0AF8E69
C0AFD09F
C0B01416
C0B058D3
C0B09EE0
C0B0E642
C0B12F01
C0B17925
C0B1C4B6
C0B211BC
C0B2603D
C0B2B044
C0B301D7
C0B354FF
C0B3A9C4
C0B40030
C0B45849
C0B4B21A
C0B50DAB
C0B56B04
C0B5CA2F
C0B62B35
C0B68E1F
C0B6F2F6
C0B759C4
C0B7C292
C0B82D69
C0B89A53
C0B9095A
C0B97A86
C0B9EDE3
C0BA6379
C0BADB52
C0BB5578
C0BBD1F4
C0BC50D1
C0BCD218
C0BD55D2
C0BDDC0A
C0BE64C9
C0BEF018
C0BF7E01
C0C00E8D
C0C0A1C5
C0C137B3
C0C1D05F
C0C26BD2
C0C30A14
C0C3AB2F
C0C44F29
C0C4F60B
C0C59FDD
C0C64CA6
C0C6FC6D
C0C7AF38
C0C8650E
C0C91DF5
C0C9D9F3
C0CA990C
C0CB5B45
C0CC20A3
C0CCE929
C0CDB4DA
C0CE83BA
C0CF55C9
C0D02B0B
C0D10380
C0D1DF28
C0D2BE03
C0D3A010
C0D4854D
C0D56DBA
C0D65952
C0D74811
C0D839F5
C0D92EF8
C0DA2714
C0DB2243
C0DC207E
C0DD21BD
C0DE25F8
C0DF2D25
C0E0373C
C0E14431
C0E253FA
C0E3668A
C0E47BD7
C0E593D2
C0E6AE6E
C0E7CB9E
C0E8EB52
C0EA0D7D
C0EB320F
C0EC58F7
C0ED8227
C0EEAD8D
C0EFDB18
C0F10AB8
C0F23C5C
C0F36FF1
C0F4A566
C0F5DCAB
C0F715AC
C0F85058
C0F98C9D
C0FACA69
C0FC09AB
C0FD4A51
C0FE8C49
C0FFCF83
C10089F6
C1012CBA
C101D006
C10273D0
C1031811
C103BCC2
C10461D9
C1050751
C105AD21
C1065342
C106F9AD
C107A05C
C1084748
C108EE6B
C10995BF
C10A3D3D
C10AE4E0
C10B8CA3
C10C3481
C10CDC74
C10D8478
C10E2C87
C10ED49F
C10F7CBB
C11024D6
C110CCEE
C11174FF
C1121D05
C112C4FD
C1136CE5
C11414B9
C114BC79
C1156420
C1160BAD
C116B31D
C1175A70
C11801A3
C118A8B5
C1194FA5
C119F670
C11A9D17
C11B4397
C11BE9F1
C11C9023
C11D362D
C11DDC0E
C11E81C6
C11F2754
C11FCCB9
C12071F3
C1211703
C121BBE8
C12260A4
C1230535
C123A99C
C1244DDA
C124F1EE
C12595D8
C126399A
C126DD33
C12780A4
C12823ED
C128C70F
C1296A0B
C12A0CE0
C12AAF8F
C12B521A
C12BF480
C12C96C2
C12D38E1
C12DDADD
C12E7CB8
C12F1E71
C12FC009
C1306182
C13102DB
C131A415
C1324532
C132E631
C1338714
C13427DA
C134C885
C1356916
C136098C
C136A9E9
C1374A2D
C137EA59
C1388A6D
C1392A6B
C139CA52
C13A6A23
C13B09DF
C13BA987
C13C491B
C13CE89B
C13D8808
C13E2763
C13EC6AB
C13F65E3
C140050A
C140A420
C1414326
C141E21D
C1428105
C1431FDE
C143BEAA
C1445D67
C144FC18
C1459ABB
C0ABF328
C0AC2007
C0AC4DA1
C0AC7BFD
C0ACAB1F
C0ACDB0C
C0AD0BCA
C0AD3D5E
C0AD6FCE
C0ADA31F
C0ADD757
C0AE0C7C
C0AE4293
C0AE79A3
C0AEB1B2
C0AEEAC5
C0AF24E2
C0AF6012
C0AF9C58
C0AFD9BD
C0B01847
C0B057FC
C0B098E4
C0B0DB05
C0B11E67
C0B16310
C0B1A909
C0B1F058
C0B23904
C0B28316
C0B2CE96
C0B31B8A
C0B369FC
C0B3B9F3
C0B40B77
C0B45E91
C0B4B349
C0B509A8
C0B561B6
C0B5BB7C
C0B61703
C0B67453
C0B6D376
C0B73475
C0B79759
C0B7FC2B
C0B862F5
C0B8CBC0
C0B93696
C0B9A37F
C0BA1287
C0BA83B6
C0BAF716
C0BB6CB1
C0BBE490
C0BC5EBE
C0BCDB44
C0BD5A2C
C0BDDB7F
C0BE5F48
C0BEE590
C0BF6E61
C0BFF9C4
C0C087C2
C0C11866
C0C1ABB8
C0C241C2
C0C2DA8B
C0C3761F
C0C41483
C0C4B5C3
C0C559E4
C0C600F0
C0C6AAEE
C0C757E5
C0C807DD
C0C8BADC
C0C970E9
C0CA2A0A
C0CAE643
C0CBA59B
C0CC6817
C0CD2DB9
C0CDF687
C0CEC284
C0CF91B2
C0D06413
C0D139AA
C0D21276
C0D2EE79
C0D3CDB3
C0D4B022
C0D595C6
C0D67E9B
C0D76A9F
C0D859CF
C0D94C27
C0DA41A0
C0DB3A37
C0DC35E4
C0DD34A1
C0DE3665
C0DF3B29
C0E042E3
C0E14D89
C0E25B12
C0E36B72
C0E47E9D
C0E59486
C0E6AD22
C0E7C863
C0E8E63B
C0EA069A
C0EB2973
C0EC4EB6
C0ED7652
C0EEA038
C0EFCC58
C0F0FAA0
C0F22AFF
C0F35D64
C0F491BE
C0F5C7FA
C0F70007
C0F839D3
C0F9754B
C0FAB25F
C0FBF0FC
C0FD3110
C0FE7289
C0FFB556
C1007CB3
C1011F53
C101C284
C102663B
C1030A73
C103AF21
C104543F
C104F9C4
C1059FA9
C10645E6
C106EC75
C107934D
C1083A69
C108E1C2
C1098952
C10A3111
C10AD8FB
C10B8109
C10C2937
C10CD17E
C10D79DA
C10E2246
C10ECABD
C10F733C
C1101BBD
C110C43E
C1116CB9
C112152C
C112BD94
C11365ED
C1140E34
C114B667
C1155E83
C1160686
C116AE6D
C1175637
C117FDE2
C118A56C
C1194CD3
C119F416
C11A9B34
C11B422B
C11BE8FB
C11C8FA3
C11D3622
C11DDC78
C11E82A3
C11F28A3
C11FCE78
C1207422
C12119A0
C121BEF3
C122641A
C1230915
C123ADE5
C124528A
C124F703
C1259B51
C1263F75
C126E36E
C127873E
C1282AE4
C128CE61
C12971B5
C12A14E2
C12AB7E7
C12B5AC5
C12BFD7D
C12CA010
C12D427D
C12DE4C6
C12E86EC
C12F28EE
C12FCACE
C1306C8C
C1310E29
C131AFA6
C1325103
C132F241
C1339361
C1343464
C134D549
C1357612
C13616C0
C136B752
C13757CB
C137F829
C138986F
C139389C
C139D8B2
C13A78B1
C13B1899
C13BB86B
C13C5828
C13CF7D1
C13D9765
C13E36E6
C13ED653
C13F75AE
C14014F8
C140B42F
C1415356
C141F26D
C1429173
C143306A
C143CF52
C1446E2B
C1450CF7
C145ABB4
C1464A65
C0AD016F
C0AD2E32
C0AD5BB1
C0AD89F1
C0ADB8F7
C0ADE8CA
C0AE196D
C0AE4AE7
C0AE7D3D
C0AEB075
C0AEE494
C0AF19A0
C0AF4F9E
C0AF8696
C0AFBE8D
C0AFF788
C0B0318F
C0B06CA7
C0B0A8D8
C0B0E627
C0B1249B
C0B1643C
C0B1A50F
C0B1E71C
C0B22A6A
C0B26F01
C0B2B4E7
C0B2FC23
C0B344BF
C0B38EC0
C0B3DA2F
C0B42714
C0B47577
C0B4C560
C0B516D6
C0B569E4
C0B5BE90
C0B614E3
C0B66CE7
C0B6C6A3
C0B72221
C0B77F6A
C0B7DE86
C0B83F7F
C0B8A25E
C0B9072D
C0B96DF4
C0B9D6BD
C0BA4193
C0BAAE7D
C0BB1D87
C0BB8EB9
C0BC021E
C0BC77BF
C0BCEFA6
C0BD69DD
C0BDE66E
C0BE6562
C0BEE6C4
C0BF6A9C
C0BFF0F6
C0C079D9
C0C10551
C0C19367
C0C22424
C0C2B791
C0C34DB7
C0C3E6A0
C0C48254
C0C520DD
C0C5C242
C0C6668C
C0C70DC3
C0C7B7EE
C0C86515
C0C9153F
C0C9C873
C0CA7EB8
C0CB3813
C0CBF48A
C0CCB422
C0CD76E1
C0CE3CCA
C0CF05E1
C0CFD22A
C0D0A1A8
C0D1745C
C0D24A48
C0D3236E
C0D3FFCE
C0D4DF68
C0D5C23B
C0D6A845
C0D79185
C0D87DF7
C0D96D99
C0DA6065
C0DB5657
C0DC4F6A
C0DD4B97
C0DE4AD7
C0DF4D22
C0E05270
C0E15AB8
C0E265F1
C0E3740E
C0E48507
C0E598CE
C0E6AF57
C0E7C896
C0E8E47D
C0EA02FE
C0EB240B
C0EC4794
C0ED6D89
C0EE95DC
C0EFC07C
C0F0ED57
C0F21C5E
C0F34D7F
C0F480A8
C0F5B5C9
C0F6ECCE
C0F825A6
C0F9603F
C0FA9C88
C0FBDA6D
C0FD19DD
C0FE5AC7
C0FF9D17
C100705E
C10112D2
C101B5E0
C102597E
C102FDA4
C103A24A
C1044767
C104ECF4
C10592E8
C106393D
C106DFE9
C10786E7
C1082E2F
C108D5BA
C1097D82
C10A2580
C10ACDAD
C10B7605
C10C1E80
C10CC71A
C10D6FCD
C10E1894
C10EC16B
C10F6A4C
C1101333
C110BC1D
C1116504
C1120DE5
C112B6BD
C1135F89
C1140845
C114B0ED
C1155981
C11601FC
C116AA5D
C11752A1
C117FAC6
C118A2CB
C1194AAD
C119F26B
C11A9A04
C11B4177
C11BE8C1
C11C8FE3
C11D36DB
C11DDDA9
C11E844C
C11F2AC2
C11FD10D
C120772B
C1211D1D
C121C2E1
C1226878
C1230DE3
C123B320
C1245830
C124FD13
C125A1CA
C1264654
C126EAB3
C1278EE5
C12832ED
C128D6C9
C1297A7C
C12A1E04
C12AC164
C12B649A
C12C07A9
C12CAA90
C12D4D50
C12DEFEA
C12E925F
C12F34AE
C12FD6DA
C13078E2
C1311AC7
C131BC8A
C1325E2C
C132FFAD
C133A10E
C134424F
C134E372
C1358478
C1362560
C136C62B
C13766DB
C1380770
C138A7EA
C139484A
C139E892
C13A88C1
C13B28D8
C13BC8D7
C13C68C1
C13D0894
C13DA852
C13E47FB
C13EE78F
C13F8711
C140267F
C140C5DA
C1416524
C142045C
C142A383
C1434299
C143E1A0
C1448097
C1451F7F
C145BE58
C1465D24
C146FBE1
C0AE113E
C0AE3DE6
C0AE6B4A
C0AE9970
C0AEC85D
C0AEF816
C0AF28A0
C0AF5A01
C0AF8C3F
C0AFBF5E
C0AFF365
C0B0285A
C0B05E41
C0B09522
C0B0CD02
C0B105E7
C0B13FD8
C0B17ADB
C0B1B6F7
C0B1F431
C0B23292
C0B2721E
C0B2B2DE
C0B2F4D9
C0B33815
C0B37C99
C0B3C26E
C0B4099A
C0B45225
C0B49C17
C0B4E777
C0B5344E
C0B582A3
C0B5D27F
C0B623E9
C0B676EB
C0B6CB8C
C0B721D5
C0B779D0
C0B7D384
C0B82EFA
C0B88C3C
C0B8EB53
C0B94C48
C0B9AF23
C0BA13EF
C0BA7AB5
C0BAE37E
C0BB4E54
C0BBBB41
C0BC2A4E
C0BC9B85
C0BD0EF0
C0BD8498
C0BDFC88
C0BE76CA
C0BEF366
C0BF7268
C0BFF3D9
C0C077C2
C0C0FE2E
C0C18726
C0C212B4
C0C2A0E2
C0C331B9
C0C3C542
C0C45B86
C0C4F490
C0C59067
C0C62F14
C0C6D0A0
C0C77513
C0C81C76
C0C8C6CF
C0C97428
C0CA2485
C0CAD7F0
C0CB8E6D
C0CC4804
C0CD04B9
C0CDC493
C0CE8796
C0CF4DC7
C0D01728
C0D0E3BF
C0D1B38D
C0D28696
C0D35CD9
C0D4365A
C0D51318
C0D5F313
C0D6D64B
C0D7BCBD
C0D8A669
C0D9934A
C0DA835E
C0DB76A1
C0DC6D0D
C0DD669E
C0DE634C
C0DF6310
C0E065E4
C0E16BBE
C0E27496
C0E38061
C0E48F16
C0E5A0A8
C0E6B50D
C0E7CC38
C0E8E61C
C0EA02AB
C0EB21D8
C0EC4393
C0ED67CE
C0EE8E79
C0EFB784
C0F0E2DF
C0F21079
C0F34041
C0F47226
C0F5A616
C0F6DC00
C0F813D0
C0F94D77
C0FA88E1
C0FBC5FB
C0FD04B5
C0FE44FC
C0FF86BD
C10064F3
C1010734
C101AA16
C1024D93
C102F1A0
C1039636
C1043B4C
C104E0DA
C10586D8
C1062D3D
C106D403
C1077B21
C1082290
C108CA49
C1097245
C10A1A7D
C10AC2EC
C10B6B89
C10C1450
C10CBD3B
C10D6644
C10E0F65
C10EB899
C10F61DC
C1100B29
C110B47B
C1115DCF
C112071F
C112B069
C11359A8
C11402DA
C114ABFA
C1155507
C115FDFD
C116A6D9
C1174F9A
C117F83D
C118A0C0
C1194920
C119F15E
C11A9975
C11B4166
C11BE92F
C11C90CF
C11D3845
C11DDF8F
C11E86AE
C11F2DA0
C11FD464
C1207AFB
C1212164
C121C79F
C1226DAC
C123138A
C123B939
C1245EB9
C125040C
C125A930
C1264E26
C126F2EE
C1279789
C1283BF6
C128E037
C129844C
C12A2836
C12ACBF4
C12B6F87
C12C12F1
C12CB631
C12D5949
C12DFC38
C12E9F00
C12F41A1
C12FE41D
C1308673
C13128A4
C131CAB1
C1326C9B
C1330E63
C133B009
C134518E
C134F2F2
C1359437
C136355E
C136D666
C1377750
C138181E
C138B8D0
C1395967
C139F9E3
C13A9A45
C13B3A8E
C13BDABE
C13C7AD6
C13D1AD7
C13DBAC1
C13E5A95
C13EFA54
C13F99FD
C1403993
C140D914
C1417883
C14217DF
C142B728
C1435661
C143F588
C144949F
C14533A5
C145D29C
C1467184
C147105E
C147AF29
C0AF228B
C0AF4F1A
C0AF7C65
C0AFAA72
C0AFD946
C0B008E7
C0B03959
C0B06AA3
C0B09CC9
C0B0CFD2
C0B103C2
C0B138A0
C0B16E71
C0B1A53D
C0B1DD07
C0B215D8
C0B24FB4
C0B28AA3
C0B2C6AB
C0B303D2
C0B3421F
C0B3819A
C0B3C248
C0B40430
C0B4475B
C0B48BCF
C0B4D194
C0B518B0
C0B5612C
C0B5AB10
C0B5F662
C0B6432C
C0B69175
C0B6E145
C0B732A4
C0B7859B
C0B7DA33
C0B83074
C0B88866
C0B8E213
C0B93D83
C0B99AC0
C0B9F9D2
C0BA5AC3
C0BABD9C
C0BB2267
C0BB892D
C0BBF1F7
C0BC5CCF
C0BCC9BF
C0BD38D0
C0BDAA0D
C0BE1D7F
C0BE9330
C0BF0B2A
C0BF8577
C0C00221
C0C08131
C0C102B2
C0C186AD
C0C20D2D
C0C2963A
C0C321E0
C0C3B027
C0C44118
C0C4D4BF
C0C56B23
C0C6044D
C0C6A048
C0C73F1B
C0C7E0CF
C0C8856D
C0C92CFD
C0C9D786
C0CA8510
C0CB35A2
C0CBE944
C0CC9FFB
C0CD59CF
C0CE16C4
C0CED6E0
C0CF9A29
C0D060A2
C0D12A4F
C0D1F735
C0D2C755
C0D39AB2
C0D4714E
C0D54B2B
C0D62848
C0D708A5
C0D7EC43
C0D8D31F
C0D9BD37
C0DAAA89
C0DB9B11
C0DC8ECC
C0DD85B3
C0DE7FC2
C0DF7CF3
C0E07D3E
C0E1809B
C0E28703
C0E3906B
C0E49CCC
C0E5AC18
C0E6BE47
C0E7D34B
C0E8EB19
C0EA05A3
C0EB22DD
C0EC42B7
C0ED6523
C0EE8A11
C0EFB174
C0F0DB39
C0F20752
C0F335AC
C0F46638
C0F598E3
C0F6CD9C
C0F80451
C0F93CF0
C0FA7767
C0FBB3A3
C0FCF193
C0FE3124
C0FF7244
C1005A70
C100FC73
C1019F23
C1024275
C102E662
C1038AE1
C1042FE8
C104D570
C1057B70
C10621E1
C106C8B9
C1076FF1
C1081783
C108BF65
C1096791
C10A1000
C10AB8AB
C10B618B
C10C0A9B
C10CB3D4
C10D5D30
C10E06A9
C10EB03A
C10F59DE
C1100390
C110AD4B
C111570A
C11200CA
C112AA85
C1135439
C113FDE2
C114A77C
C1155103
C115FA76
C116A3D1
C1174D11
C117F634
C1189F38
C119481A
C119F0D9
C11A9973
C11B41E7
C11BEA32
C11C9254
C11D3A4B
C11DE216
C11E89B5
C11F3126
C11FD869
C1207F7E
C1212664
C121CD1A
C12273A0
C12319F6
C123C01C
C1246613
C1250BD9
C125B16F
C12656D5
C126FC0C
C127A114
C12845ED
C128EA97
C1298F14
C12A3363
C12AD785
C12B7B7A
C12C1F43
C12CC2E2
C12D6655
C12E099E
C12EACBE
C12F4FB6
C12FF285
C130952D
C13137AF
C131DA0B
C1327C42
C1331E54
C133C043
C134620F
C13503B9
C135A542
C13646AA
C136E7F2
C137891B
C1382A26
C138CB13
C1396BE3
C13A0C97
C13AAD2F
C13B4DAD
C13BEE11
C13C8E5B
C13D2E8C
C13DCEA5
C13E6EA7
C13F0E92
C13FAE67
C1404E26
C140EDD1
C1418D67
C1422CE9
C142CC58
C1436BB4
C1440AFE
C144AA36
C145495E
C145E874
C146877B
C1472672
C147C55A
C1486433
C0B0354D
C0B061C3
C0B08EF7
C0B0BCEC
C0B0EBA9
C0B11B33
C0B14B8F
C0B17CC2
C0B1AED2
C0B1E1C4
C0B2159F
C0B24A68
C0B28025
C0B2B6DC
C0B2EE92
C0B3274F
C0B36118
C0B39BF4
C0B3D7E9
C0B414FE
C0B4533A
C0B492A3
C0B4D340
C0B51518
C0B55833
C0B59C98
C0B5E24E
C0B6295C
C0B671CA
C0B6BBA0
C0B706E6
C0B753A4
C0B7A1E1
C0B7F1A7
C0B842FC
C0B895EA
C0B8EA7A
C0B940B2
C0B9989E
C0B9F245
C0BA4DB0
C0BAAAE9
C0BB09F8
C0BB6AE6
C0BBCDBE
C0BC3289
C0BC994F
C0BD021B
C0BD6CF6
C0BDD9EB
C0BE4902
C0BEBA46
C0BF2DC0
C0BFA37B
C0C01B80
C0C095D9
C0C11291
C0C191B1
C0C21343
C0C29751
C0C31DE5
C0C3A70A
C0C432C7
C0C4C128
C0C55237
C0C5E5FB
C0C67C7F
C0C715CC
C0C7B1EC
C0C850E5
C0C8F2C3
C0C9978C
C0CA3F4A
C0CAEA03
C0CB97C0
C0CC4888
C0CCFC62
C0CDB355
C0CE6D66
C0CF2A9C
C0CFEAFC
C0D0AE8B
C0D1754D
C0D23F47
C0D30C7C
C0D3DCEF
C0D4B0A3
C0D58799
C0D661D2
C0D73F4F
C0D82010
C0D90414
C0D9EB5B
C0DAD5E1
C0DBC3A5
C0DCB4A2
C0DDA8D5
C0DEA039
C0DF9AC8
C0E0987D
C0E1994F
C0E29D37
C0E3A42E
C0E4AE29
C0E5BB1F
C0E6CB06
C0E7DDD2
C0E8F377
C0EA0BE9
C0EB271C
C0EC4500
C0ED6589
C0EE88A8
C0EFAE4D
C0F0D668
C0F200EA
C0F32DC2
C0F45CDF
C0F58E2F
C0F6C1A3
C0F7F727
C0F92EAA
C0FA6819
C0FBA363
C0FCE075
C0FE1F3D
C0FF5FA7
C10050D1
C100F28E
C1019501
C1023821
C102DBE5
C1038044
C1042535
C104CAB0
C10570AB
C1061720
C106BE04
C1076551
C1080CFF
C108B504
C1095D5C
C10A05FD
C10AAEE0
C10B5800
C10C0155
C10CAAD9
C10D5485
C10DFE54
C10EA840
C10F5244
C10FFC59
C110A67C
C11150A7
C111FAD5
C112A503
C1134F2C
C113F94D
C114A361
C1154D65
C115F756
C116A131
C1174AF2
C117F498
C1189E20
C1194787
C119F0CB
C11A99EB
C11B42E4
C11BEBB5
C11C945D
C11D3CD9
C11DE52A
C11E8D4D
C11F3542
C11FDD09
C120849F
C1212C06
C121D33C
C1227A41
C1232114
C123C7B7
C1246E27
C1251466
C125BA74
C1266050
C12705FB
C127AB74
C12850BD
C128F5D6
C1299ABF
C12A3F79
C12AE403
C12B885F
C12C2C8D
C12CD08E
C12D7462
C12E180B
C12EBB87
C12F5EDA
C1300202
C130A501
C13147D7
C131EA86
C1328D0E
C1332F6F
C133D1AB
C13473C3
C13515B6
C135B786
C1365934
C136FAC0
C1379C2B
C1383D77
C138DEA2
C1397FB0
C13A209F
C13AC171
C13B6227
C13C02C2
C13CA341
C13D43A6
C13DE3F1
C13E8424
C13F243E
C13FC441
C140642D
C1410402
C141A3C2
C142436D
C142E304
C1438286
C14421F5
C144C152
C145609C
C145FFD5
C1469EFC
C1473E13
C147DD1A
C1487C11
C1491AF9
C0B14979
C0B175D9
C0B1A2F5
C0B1D0D5
C0B1FF7C
C0B22EEF
C0B25F36
C0B29054
C0B2C24F
C0B2F52D
C0B328F3
C0B35DA8
C0B39352
C0B3C9F5
C0B40199
C0B43A43
C0B473FA
C0B4AEC4
C0B4EAA8
C0B527AC
C0B565D7
C0B5A52F
C0B5E5BD
C0B62786
C0B66A92
C0B6AEE9
C0B6F491
C0B73B92
C0B783F3
C0B7CDBE
C0B818F8
C0B865AB
C0B8B3DE
C0B9039A
C0B954E6
C0B9A7CC
C0B9FC54
C0BA5287
C0BAAA6C
C0BB040E
C0BB5F76
C0BBBCAB
C0BC1BB8
C0BC7CA5
C0BCDF7D
C0BD4448
C0BDAB11
C0BE13E0
C0BE7EBF
C0BEEBB9
C0BF5AD7
C0BFCC23
C0C03FA6
C0C0B56B
C0C12D7D
C0C1A7E3
C0C224AA
C0C2A3DB
C0C3257F
C0C3A9A2
C0C4304C
C0C4B987
C0C5455E
C0C5D3DB
C0C66506
C0C6F8EA
C0C78F8F
C0C82900
C0C8C544
C0C96466
C0CA066E
C0CAAB64
C0CB5350
C0CBFE3B
C0CCAC2C
C0CD5D2A
C0CE113D
C0CEC86C
C0CF82BC
C0D04033
C0D100D8
C0D1C4AE
C0D28BBB
C0D35602
C0D42388
C0D4F44F
C0D5C85A
C0D69FAA
C0D77A40
C0D8581F
C0D93944
C0DA1DB1
C0DB0563
C0DBF058
C0DCDE8E
C0DDD002
C0DEC4AF
C0DFBC90
C0E0B7A1
C0E1B5DA
C0E2B734
C0E3BBA9
C0E4C330
C0E5CDBE
C0E6DB4C
C0E7EBCD
C0E8FF38
C0EA1580
C0EB2E98
C0EC4A74
C0ED6906
C0EE8A3F
C0EFAE12
C0F0D46E
C0F1FD44
C0F32884
C0F4561D
C0F585FE
C0F6B817
C0F7EC55
C0F922A6
C0FA5AF9
C0FB953B
C0FCD15A
C0FE0F44
C0FF4EE5
C1004816
C100E983
C1018BB0
C1022E94
C102D226
C103765D
C1041B2F
C104C094
C1056684
C1060CF4
C106B3DE
C1075B39
C10802FC
C108AB20
C109539D
C109FC6A
C10AA582
C10B4EDD
C10BF873
C10CA23E
C10D4C38
C10DF65A
C10EA09E
C10F4AFF
C10FF576
C110A000
C1114A95
C111F532
C1129FD2
C1134A71
C113F509
C1149F98
C1154A1A
C115F48B
C1169EE7
C117492C
C117F357
C1189D65
C1194753
C119F120
C11A9AC8
C11B444B
C11BEDA5
C11C96D6
C11D3FDC
C11DE8B6
C11E9162
C11F39DF
C11FE22D
C1208A4A
C1213237
C121D9F1
C122817A
C12328D0
C123CFF3
C12476E3
C1251DA0
C125C429
C1266A80
C12710A4
C127B695
C1285C54
C12901E0
C129A73A
C12A4C64
C12AF15C
C12B9624
C12C3ABB
C12CDF24
C12D835E
C12E276A
C12ECB48
C12F6EFA
C1301280
C130B5DA
C131590A
C131FC11
C1329EEE
C13341A3
C133E430
C1348697
C13528D8
C135CAF4
C1366CEC
C1370EC0
C137B071
C1385201
C138F36F
C13994BD
C13A35EC
C13AD6FC
C13B77ED
C13C18C2
C13CB979
C13D5A15
C13DFA96
C13E9AFC
C13F3B49
C13FDB7D
C1407B98
C1411B9C
C141BB88
C1425B5F
C142FB1F
C1439ACB
C1443A61
C144D9E4
C1457954
C14618B1
C146B7FB
C1475734
C147F65B
C1489572
C1493479
C149D370
C0B25F07
C0B28B50
C0B2B858
C0B2E622
C0B314B4
C0B34413
C0B37445
C0B3A54F
C0B3D736
C0B40A01
C0B43DB4
C0B47256
C0B4A7ED
C0B4DE7E
C0B51610
C0B54EA9
C0B5884F
C0B5C308
C0B5FEDC
C0B63BD0
C0B679EB
C0B6B935
C0B6F9B4
C0B73B6F
C0B77E6D
C0B7C2B7
C0B80852
C0B84F47
C0B8979D
C0B8E15C
C0B92C8C
C0B97935
C0B9C75F
C0BA1713
C0BA6858
C0BABB36
C0BB0FB8
C0BB65E5
C0BBBDC6
C0BC1764
C0BC72C8
C0BCCFFC
C0BD2F07
C0BD8FF5
C0BDF2CD
C0BE579A
C0BEBE65
C0BF2739
C0BF921D
C0BFFF1E
C0C06E43
C0C0DF98
C0C15326
C0C1C8F7
C0C24115
C0C2BB8A
C0C33861
C0C3B7A3
C0C4395B
C0C4BD92
C0C54453
C0C5CDA7
C0C65998
C0C6E831
C0C7797A
C0C80D7E
C0C8A446
C0C93DDA
C0C9DA46
C0CA7990
C0CB1BC3
C0CBC0E6
C0CC6902
C0CD141F
C0CDC245
C0CE737B
C0CF27C8
C0CFDF33
C0D099C2
C0D1577C
C0D21866
C0D2DC85
C0D3A3DD
C0D46E73
C0D53C4A
C0D60D66
C0D6E1C8
C0D7B973
C0D89469
C0D972A9
C0DA5434
C0DB3909
C0DC2127
C0DD0C8D
C0DDFB36
C0DEED21
C0DFE249
C0E0DAA9
C0E1D63B
C0E2D4FA
C0E3D6DF
C0E4DBE1
C0E5E3F8
C0E6EF1C
C0E7FD42
C0E90E5F
C0EA226A
C0EB3955
C0EC5315
C0ED6F9C
C0EE8EDC
C0EFB0C7
C0F0D54F
C0F1FC65
C0F325F7
C0F451F7
C0F58053
C0F6B0FA
C0F7E3DC
C0F918E6
C0FA5006
C0FB892B
C0FCC442
C0FE0139
C0FF3FFC
C100403D
C100E150
C101832D
C10225CC
C102C922
C1036D27
C10411D2
C104B719
C1055CF4
C106035A
C106AA41
C10751A2
C107F975
C108A1B0
C1094A4C
C109F341
C10A9C87
C10B4617
C10BEFEA
C10C99F9
C10D443C
C10DEEAE
C10E9947
C10F4403
C10FEEDA
C11099C8
C11144C7
C111EFD1
C1129AE3
C11345F6
C113F107
C1149C12
C1154712
C115F203
C1169CE3
C11747AD
C117F25E
C1189CF5
C119476D
C119F1C4
C11A9BF8
C11B4607
C11BEFEE
C11C99AC
C11D433F
C11DECA6
C11E95DF
C11F3EE8
C11FE7C2
C120906B
C12138E1
C121E125
C1228936
C1233113
C123D8BC
C1248030
C1252770
C125CE7C
C1267552
C1271BF4
C127C262
C128689B
C1290EA0
C129B471
C12A5A0F
C12AFF7A
C12BA4B3
C12C49BA
C12CEE90
C12D9334
C12E37A9
C12EDBEE
C12F8004
C13023ED
C130C7A8
C1316B36
C1320E98
C132B1D0
C13354DD
C133F7C1
C1349A7C
C1353D0F
C135DF7B
C13681C0
C13723E1
C137C5DD
C13867B4
C1390969
C139AAFC
C13A4C6D
C13AEDBE
C13B8EEF
C13C3001
C13CD0F5
C13D71CB
C13E1285
C13EB322
C13F53A4
C13FF40C
C140945A
C141348E
C141D4AB
C14274AF
C143149D
C143B474
C1445435
C144F3E0
C1459378
C14632FB
C146D26B
C14771C8
C1481112
C148B04B
C1494F73
C149EE8A
C14A8D91
C0B375EB
C0B3A220
C0B3CF13
C0B3FCC9
C0B42B47
C0B45A93
C0B48AB2
C0B4BBA9
C0B4ED7E
C0B52036
C0B553D7
C0B58868
C0B5BDED
C0B5F46D
C0B62BEE
C0B66477
C0B69E0D
C0B6D8B6
C0B7147B
C0B75160
C0B78F6D
C0B7CEA9
C0B80F1A
C0B850C8
C0B893BA
C0B8D7F7
C0B91D87
C0B96470
C0B9ACBC
C0B9F671
C0BA4198
C0BA8E38
C0BADC5A
C0BB2C06
C0BB7D44
C0BBD01D
C0BC249A
C0BC7AC2
C0BCD29F
C0BD2C3B
C0BD879D
C0BDE4CF
C0BE43DB
C0BEA4C9
C0BF07A3
C0BF6C73
C0BFD342
C0C03C1A
C0C0A705
C0C1140D
C0C1833B
C0C1F499
C0C26832
C0C2DE10
C0C3563C
C0C3D0C1
C0C44DA9
C0C4CCFE
C0C54ECA
C0C5D317
C0C659EF
C0C6E35C
C0C76F69
C0C7FE1E
C0C88F87
C0C923AB
C0C9BA96
C0CA5450
C0CAF0E2
C0CB9056
C0CC32B5
C0CCD806
C0CD8053
C0CE2BA3
C0CED9FE
C0CF8B6C
C0D03FF4
C0D0F79D
C0D1B26D
C0D2706A
C0D33199
C0D3F601
C0D4BDA5
C0D5888A
C0D656B4
C0D72825
C0D7FCE0
C0D8D4E7
C0D9B03C
C0DA8EDF
C0DB70D0
C0DC560F
C0DD3E9A
C0DE2A70
C0DF198E
C0E00BF1
C0E10194
C0E1FA73
C0E2F689
C0E3F5CF
C0E4F83E
C0E5FDCE
C0E70677
C0E81231
C0E920F0
C0EA32AB
C0EB4757
C0EC5EE7
C0ED794F
C0EE9682
C0EFB672
C0F0D911
C0F1FE4F
C0F3261F
C0F4506F
C0F57D30
C0F6AC51
C0F7DDC0
C0F9116C
C0FA4744
C0FB7F36
C0FCB92F
C0FDF51D
C0FF32ED
C1003946
C100D9F4
C1017B78
C1021DC7
C102C0D8
C10364A2
C104091B
C104AE3C
C10553F9
C105FA4B
C106A128
C1074888
C107F062
C10898AD
C1094162
C109EA77
C10A93E6
C10B3DA7
C10BE7B1
C10C91FE
C10D3C87
C10DE745
C10E9230
C10F3D43
C10FE878
C11093C8
C1113F2E
C111EAA4
C1129626
C11341AE
C113ED37
C11498BC
C115443B
C115EFAE
C1169B11
C1174662
C117F19C
C1189CBC
C11947C0
C119F2A4
C11A9D66
C11B4804
C11BF27B
C11C9CCA
C11D46EE
C11DF0E5
C11E9AAF
C11F4449
C11FEDB3
C12096EB
C1213FF0
C121E8C2
C1229160
C12339C9
C123E1FD
C12489FB
C12531C3
C125D955
C12680B0
C12727D6
C127CEC5
C128757E
C1291C01
C129C24F
C12A6867
C12B0E4A
C12BB3F9
C12C5975
C12CFEBC
C12DA3D1
C12E48B4
C12EED65
C12F91E5
C1303635
C130DA55
C1317E47
C132220A
C132C5A1
C133690B
C1340C49
C134AF5D
C1355247
C135F508
C13697A0
C1373A11
C137DC5B
C1387E80
C139207F
C139C25B
C13A6413
C13B05A9
C13BA71D
C13C4870
C13CE9A4
C13D8AB8
C13E2BAD
C13ECC86
C13F6D41
C1400DE0
C140AE63
C1414ECC
C141EF1B
C1428F51
C1432F6E
C143CF73
C1446F61
C1450F39
C145AEFA
C1464EA7
C146EE3E
C1478DC2
C1482D32
C148CC8F
C1496BDA
C14A0B13
C14AAA3B
C14B4952
C0B48E1E
C0B4BA3F
C0B4E71F
C0B514C2
C0B5432D
C0B57267
C0B5A273
C0B5D358
C0B6051B
C0B637C2
C0B66B53
C0B69FD2
C0B6D547
C0B70BB8
C0B74329
C0B77BA2
C0B7B529
C0B7EFC4
C0B82B7A
C0B86852
C0B8A651
C0B8E580
C0B925E5
C0B96787
C0B9AA6D
C0B9EE9F
C0BA3424
C0BA7B04
C0BAC346
C0BB0CF2
C0BB5811
C0BBA4A9
C0BBF2C4
C0BC426A
C0BC93A2
C0BCE676
C0BD3AEE
C0BD9113
C0BDE8EE
C0BE4287
C0BE9DE8
C0BEFB1A
C0BF5A26
C0BFBB16
C0C01DF3
C0C082C7
C0C0E99B
C0C15279
C0C1BD6B
C0C22A7B
C0C299B2
C0C30B1C
C0C37EC1
C0C3F4AC
C0C46CE7
C0C4E77C
C0C56476
C0C5E3DE
C0C665BF
C0C6EA23
C0C77113
C0C7FA9B
C0C886C3
C0C91597
C0C9A71F
C0CA3B65
C0CAD273
C0CB6C53
C0CC090E
C0CCA8AC
C0CD4B37
C0CDF0B7
C0CE9935
C0CF44B9
C0CFF34A
C0D0A4F1
C0D159B5
C0D2119C
C0D2CCAC
C0D38AED
C0D44C64
C0D51115
C0D5D906
C0D6A43B
C0D772B7
C0D8447E
C0D91993
C0D9F1F7
C0DACDAB
C0DBACB2
C0DC8F0A
C0DD74B3
C0DE5DAC
C0DF49F4
C0E03987
C0E12C62
C0E22282
C0E31BE1
C0E4187A
C0E51847
C0E61B42
C0E72161
C0E82A9D
C0E936ED
C0EA4647
C0EB58A1
C0EC6DEE
C0ED8624
C0EEA135
C0EFBF15
C0F0DFB6
C0F2030A
C0F32901
C0F4518C
C0F57C9B
C0F6AA1F
C0F7DA05
C0F90C3E
C0FA40B7
C0FB775F
C0FCB023
C0FDEAF1
C0FF27B8
C1003332
C100D370
C101748F
C1021684
C102B945
C1035CCA
C1040109
C104A5F9
C1054B8F
C105F1C4
C106988E
C1073FE5
C107E7BE
C1089012
C10938D8
C109E208
C10A8B99
C10B3584
C10BDFC0
C10C8A46
C10D350F
C10DE014
C10E8B4D
C10F36B4
C10FE243
C1108DF3
C11139BD
C111E59E
C112918E
C1133D88
C113E988
C1149589
C1154185
C115ED7A
C1169962
C1174539
C117F0FD
C1189CA9
C119483A
C119F3AE
C11A9F01
C11B4A30
C11BF53A
C11CA01C
C11D4AD4
C11DF560
C11E9FBE
C11F49EC
C11FF3EA
C1209DB6
C121474F
C121F0B3
C12299E3
C12342DC
C123EBA0
C124942C
C1253C82
C125E49F
C1268C85
C1273433
C127DBA9
C12882E8
C12929EE
C129D0BE
C12A7756
C12B1DB7
C12BC3E2
C12C69D6
C12D0F96
C12DB520
C12E5A76
C12EFF98
C12FA487
C1304944
C130EDCF
C1319229
C1323653
C132DA4E
C1337E1A
C13421B8
C134C529
C135686F
C1360B89
C136AE78
C137513E
C137F3DC
C1389651
C13938A0
C139DAC8
C13A7CCC
C13B1EAB
C13BC066
C13C61FF
C13D0375
C13DA4CB
C13E4601
C13EE717
C13F880F
C14028E8
C140C9A5
C1416A45
C1420ACA
C142AB34
C1434B84
C143EBBB
C1448BD9
C1452BDF
C145CBCD
C1466BA6
C1470B68
C147AB14
C1484AAC
C148EA30
C14989A1
C14A28FE
C14AC849
C14B6782
C14C06AA
C0B5A794
C0B5D3A3
C0B60071
C0B62E02
C0B65C5B
C0B68B83
C0B6BB7F
C0B6EC53
C0B71E05
C0B7509C
C0B7841D
C0B7B88D
C0B7EDF2
C0B82454
C0B85BB6
C0B89421
C0B8CD9A
C0B90828
C0B943D0
C0B9809B
C0B9BE8E
C0B9FDB1
C0BA3E0A
C0BA7FA1
C0BAC27D
C0BB06A4
C0BB4C20
C0BB92F7
C0BBDB30
C0BC24D5
C0BC6FEC
C0BCBC7D
C0BD0A92
C0BD5A32
C0BDAB65
C0BDFE35
C0BE52AA
C0BEA8CC
C0BF00A5
C0BF5A3D
C0BFB59E
C0C012D1
C0C071DF
C0C0D2D2
C0C135B2
C0C19A8B
C0C20164
C0C26A49
C0C2D543
C0C3425C
C0C3B19E
C0C42313
C0C496C5
C0C50CBE
C0C58509
C0C5FFB0
C0C67CBC
C0C6FC38
C0C77E2F
C0C802AA
C0C889B4
C0C91356
C0C99F9B
C0CA2E8D
C0CAC036
C0CB549E
C0CBEBD1
C0CC85D8
C0CD22BB
C0CDC284
C0CE653C
C0CF0AEC
C0CFB39C
C0D05F54
C0D10E1C
C0D1BFFD
C0D274FC
C0D32D22
C0D3E875
C0D4A6FA
C0D568B8
C0D62DB3
C0D6F5F2
C0D7C177
C0D89047
C0D96264
C0DA37D3
C0DB1094
C0DBECA9
C0DCCC13
C0DDAED3
C0DE94E7
C0DF7E4F
C0E06B08
C0E15B11
C0E24E65
C0E34502
C0E43EE2
C0E53C00
C0E63C55
C0E73FDB
C0E8468A
C0E9505A
C0EA5D42
C0EB6D37
C0EC802F
C0ED9620
C0EEAEFC
C0EFCAB8
C0F0E946
C0F20A99
C0F32EA2
C0F45552
C0F57E9A
C0F6AA6A
C0F7D8B1
C0F9095F
C0FA3C62
C0FB71A9
C0FCA922
C0FDE2BB
C0FF1E61
C1002E01
C100CDC5
C1016E74
C1021003
C102B26B
C10355A0
C103F99A
C1049E4E
C10543B5
C105E9C4
C1069071
C10737B5
C107DF86
C10887DA
C10930A9
C109D9EC
C10A8398
C10B2DA6
C10BD80E
C10C82C8
C10D2DCC
C10DD912
C10E8495
C10F304B
C10FDC30
C110883C
C1113468
C111E0B0
C1128D0C
C1133977
C113E5ED
C1149267
C1153EE2
C115EB57
C11697C4
C1174423
C117F071
C1189CAA
C11948CA
C119F4CE
C11AA0B4
C11B4C77
C11BF816
C11CA38F
C11D4EDD
C11DFA01
C11EA4F7
C11F4FBD
C11FFA53
C120A4B7
C1214EE7
C121F8E3
C122A2A9
C1234C38
C123F590
C1249EB0
C1254797
C125F046
C12698BB
C12740F7
C127E8FA
C12890C3
C1293852
C129DFA8
C12A86C6
C12B2DAA
C12BD456
C12C7ACA
C12D2106
C12DC70C
C12E6CDA
C12F1273
C12FB7D7
C1305D06
C1310201
C131A6C9
C1324B5F
C132EFC2
C13393F6
C13437F9
C134DBCD
C1357F72
C13622EB
C136C636
C1376956
C1380C4B
C138AF17
C13951B9
C139F433
C13A9686
C13B38B2
C13BDAB9
C13C7C9B
C13D1E59
C13DBFF5
C13E616E
C13F02C6
C13FA3FE
C1404516
C140E60F
C14186EB
C14227A9
C142C84B
C14368D1
C144093C
C144A98D
C14549C4
C145E9E3
C14689EA
C14729D9
C147C9B2
C1486974
C1490921
C149A8BA
C14A483E
C14AE7AE
C14B870C
C14C2657
C14CC590
C0B6C245
C0B6EE43
C0B71AFF
C0B7487F
C0B776C8
C0B7A5E0
C0B7D5CB
C0B8068F
C0B83832
C0B86ABA
C0B89E2B
C0B8D28D
C0B907E4
C0B93E37
C0B9758C
C0B9ADE9
C0B9E755
C0BA21D6
C0BA5D73
C0BA9A31
C0BAD819
C0BB1731
C0BB5780
C0BB990C
C0BBDBDE
C0BC1FFD
C0BC656F
C0BCAC3E
C0BCF470
C0BD3E0D
C0BD891E
C0BDD5A9
C0BE23B9
C0BE7354
C0BEC484
C0BF1750
C0BF6BC3
C0BFC1E3
C0C019BB
C0C07353
C0C0CEB5
C0C12BE9
C0C18AFA
C0C1EBF0
C0C24ED5
C0C2B3B3
C0C31A93
C0C3837F
C0C3EE82
C0C45BA5
C0C4CAF2
C0C53C74
C0C5B033
C0C6263C
C0C69E97
C0C7194F
C0C7966F
C0C81600
C0C8980D
C0C91CA0
C0C9A3C4
C0CA2D82
C0CAB9E4
C0CB48F5
C0CBDABF
C0CC6F4B
C0CD06A3
C0CDA0D1
C0CE3DDD
C0CEDDD2
C0CF80B8
C0D02698
C0D0CF7A
C0D17B67
C0D22A67
C0D2DC82
C0D391BE
C0D44A23
C0D505B8
C0D5C482
C0D68688
C0D74BCE
C0D8145A
C0D8E030
C0D9AF54
C0DA81C9
C0DB5792
C0DC30B0
C0DD0D27
C0DDECF5
C0DED01D
C0DFB69C
C0E0A073
C0E18D9F
C0E27E1E
C0E371EC
C0E46906
C0E56367
C0E6610A
C0E761E8
C0E865FB
C0E96D3B
C0EA779F
C0EB851E
C0EC95AF
C0EDA947
C0EEBFDB
C0EFD95F
C0F0F5C6
C0F21503
C0F33709
C0F45BC8
C0F58333
C0F6AD39
C0F7D9CA
C0F908D6
C0FA3A4C
C0FB6E1B
C0FCA432
C0FDDC7D
C0FF16EB
C10029B5
C100C8F3
C1016927
C1020A46
C102AC48
C1034F23
C103F2CD
C104973D
C1053C68
C105E247
C10688CF
C1072FF6
C107D7B5
C1088001
C10928D1
C109D21E
C10A7BDE
C10B2608
C10BD094
C10C7B7B
C10D26B4
C10DD237
C10E7DFD
C10F29FF
C10FD635
C1108298
C1112F23
C111DBCE
C1128894
C113356E
C113E257
C1148F4A
C1153C41
C115E937
C1169627
C117430E
C117EFE6
C1189CAC
C119495C
C119F5F3
C11AA26D
C11B4EC6
C11BFAFD
C11CA70E
C11D52F6
C11DFEB4
C11EAA45
C11F55A8
C12000D9
C120ABD9
C12156A5
C122013B
C122AB9C
C12355C5
C123FFB6
C124A96E
C12552ED
C125FC32
C126A53C
C1274E0B
C127F69F
C1289EF8
C1294716
C129EEF9
C12A96A1
C12B3E0E
C12BE541
C12C8C3A
C12D32F9
C12DD97F
C12E7FCC
C12F25E1
C12FCBBF
C1307166
C13116D6
C131BC12
C1326118
C13305EB
C133AA8A
C1344EF8
C134F334
C135973F
C1363B1A
C136DEC7
C1378246
C1382598
C138C8BE
C1396BB8
C13A0E88
C13AB12F
C13B53AD
C13BF604
C13C9834
C13D3A3E
C13DDC23
C13E7DE4
C13F1F83
C13FC0FE
C1406259
C1410392
C141A4AC
C14245A7
C142E684
C1438744
C14427E7
C144C86E
C14568DA
C146092C
C146A964
C1474984
C147E98B
C148897B
C1492954
C149C917
C14A68C4
C14B085D
C14BA7E2
C14C4752
C14CE6B0
C14D85FB
C0B7DE28
C0B80A15
C0B836C1
C0B86431
C0B8926A
C0B8C172
C0B8F14E
C0B92203
C0B95398
C0B98611
C0B9B974
C0B9EDC8
C0BA2312
C0BA5958
C0BA90A0
C0BAC8F1
C0BB0251
C0BB3CC6
C0BB7857
C0BBB50B
C0BBF2E8
C0BC31F6
C0BC723B
C0BCB3BE
C0BCF687
C0BD3A9D
C0BD8008
C0BDC6CF
C0BE0EFA
C0BE5891
C0BEA39C
C0BEF023
C0BF3E2E
C0BF8DC6
C0BFDEF2
C0C031BD
C0C0862D
C0C0DC4D
C0C13424
C0C18DBD
C0C1E921
C0C24657
C0C2A56B
C0C30665
C0C36950
C0C3CE34
C0C4351B
C0C49E10
C0C5091D
C0C5764A
C0C5E5A3
C0C65732
C0C6CB00
C0C74118
C0C7B984
C0C8344F
C0C8B183
C0C9312A
C0C9B34E
C0CA37FA
C0CABF38
C0CB4912
C0CBD593
C0CC64C4
C0CCF6AF
C0CD8B5F
C0CE22DC
C0CEBD32
C0CF5A68
C0CFFA89
C0D09D9D
C0D143AE
C0D1ECC3
C0D298E6
C0D3481E
C0D3FA73
C0D4AFEC
C0D56891
C0D62468
C0D6E378
C0D7A5C6
C0D86B58
C0D93432
C0DA0059
C0DACFD1
C0DBA29E
C0DC78C2
C0DD523E
C0DE2F16
C0DF0F4A
C0DFF2D9
C0E0D9C4
C0E1C40A
C0E2B1A9
C0E3A29F
C0E496E7
C0E58E7F
C0E68962
C0E7878A
C0E888F2
C0E98D92
C0EA9562
C0EBA05B
C0ECAE73
C0EDBFA0
C0EED3D9
C0EFEB11
C0F1053D
C0F22250
C0F3423D
C0F464F6
C0F58A6D
C0F6B292
C0F7DD56
C0F90AAA
C0FA3A7C
C0FB6CBC
C0FCA158
C0FDD83F
C0FF115E
C1002652
C100C4FE
C10164AB
C102054F
C102A6E0
C1034954
C103ECA3
C10490C3
C10535A9
C105DB4D
C10681A5
C10728A7
C107D049
C1087884
C109214C
C109CA9B
C10A7465
C10B1EA4
C10BC94D
C10C745A
C10D1FC0
C10DCB7A
C10E777E
C10F23C5
C10FD047
C1107CFE
C11129E3
C111D6EE
C112841A
C1133160
C113DEBA
C1148C23
C1153994
C115E709
C116947D
C11741EA
C117EF4D
C1189CA0
C11949E1
C119F70B
C11AA41A
C11B510B
C11BFDDB
C11CAA86
C11D570B
C11E0366
C11EAF96
C11F5B97
C1200768
C120B306
C1215E72
C12209A8
C122B4A7
C1235F6F
C12409FE
C124B453
C1255E6E
C126084E
C126B1F1
C1275B59
C1280484
C128AD73
C1295625
C129FE9A
C12AA6D2
C12B4ECE
C12BF68D
C12C9E10
C12D4558
C12DEC64
C12E9335
C12F39CD
C12FE02A
C130864E
C1312C3A
C131D1EE
C132776B
C1331CB2
C133C1C4
C13466A0
C1350B4A
C135AFC0
C1365404
C136F817
C1379BFA
C1383FAD
C138E333
C139868A
C13A29B5
C13ACCB5
C13B6F8A
C13C1235
C13CB4B7
C13D5712
C13DF945
C13E9B52
C13F3D3B
C13FDEFF
C140809F
C141221D
C141C37A
C14264B5
C14305D1
C143A6CD
C14447AC
C144E86D
C1458911
C1462999
C146CA06
C1476A59
C1480A92
C148AAB2
C1494ABA
C149EAAA
C14A8A84
C14B2A47
C14BC9F5
C14C698E
C14D0913
C14DA884
C14E47E2
C0B8FB32
C0B9270F
C0B953AC
C0B9810D
C0B9AF38
C0B9DE31
C0BA0DFF
C0BA3EA6
C0BA702D
C0BAA298
C0BAD5EF
C0BB0A35
C0BB3F73
C0BB75AC
C0BBACE9
C0BBE52E
C0BC1E83
C0BC58ED
C0BC9474
C0BCD11D
C0BD0EF1
C0BD4DF5
C0BD8E31
C0BDCFAC
C0BE126D
C0BE567C
C0BE9BE0
C0BEE2A1
C0BF2AC6
C0BF7457
C0BFBF5D
C0C00BE0
C0C059E7
C0C0A97C
C0C0FAA6
C0C14D6F
C0C1A1DF
C0C1F7FE
C0C24FD7
C0C2A971
C0C304D7
C0C36211
C0C3C128
C0C42228
C0C48518
C0C4EA03
C0C550F3
C0C5B9F1
C0C62507
C0C69240
C0C701A6
C0C77342
C0C7E71F
C0C85D48
C0C8D5C6
C0C950A4
C0C9CDED
C0CA4DAA
C0CACFE6
C0CB54AB
C0CBDC04
C0CC65FB
C0CCF29A
C0CD81EC
C0CE13F9
C0CEA8CD
C0CF4071
C0CFDAEF
C0D0784F
C0D1189D
C0D1BBE0
C0D26222
C0D30B6B
C0D3B7C3
C0D46733
C0D519C3
C0D5CF7A
C0D68860
C0D7447A
C0D803CF
C0D8C666
C0D98C43
C0DA556C
C0DB21E5
C0DBF1B2
C0DCC4D6
C0DD9B55
C0DE7530
C0DF5269
C0E03302
C0E116FA
C0E1FE52
C0E2E907
C0E3D719
C0E4C885
C0E5BD49
C0E6B55F
C0E7B0C4
C0E8AF72
C0E9B163
C0EAB690
C0EBBEF2
C0ECCA7F
C0EDD931
C0EEEAFB
C0EFFFD4
C0F117B1
C0F23285
C0F35045
C0F470E2
C0F5944F
C0F6BA7E
C0F7E35F
C0F90EE3
C0FA3CFA
C0FB6D93
C0FCA09D
C0FDD607
C0FF0DBF
C10023D9
C100C1E8
C1016102
C102011E
C102A233
C1034436
C103E71F
C1048AE3
C1052F79
C105D4D7
C1067AF3
C10721C5
C107C942
C1087161
C1091A18
C109C35F
C10A6D2C
C10B1776
C10BC234
C10C6D5E
C10D18EC
C10DC4D4
C10E710F
C10F1D96
C10FCA5F
C1107764
C111249E
C111D205
C1127F93
C1132D41
C113DB09
C11488E4
C11536CE
C115E4C0
C11692B5
C11740A9
C117EE95
C1189C76
C1194A47
C119F804
C11AA5A9
C11B5333
C11C009D
C11CADE6
C11D5B09
C11E0803
C11EB4D3
C11F6176
C1200DE9
C120BA2B
C121663A
C1221213
C122BDB5
C1236920
C1241451
C124BF48
C1256A03
C1261483
C126BEC6
C12768CB
C1281293
C128BC1C
C1296567
C12A0E74
C12AB742
C12B5FD2
C12C0823
C12CB037
C12D580C
C12DFFA5
C12EA700
C12F4E1F
C12FF502
C1309BA9
C1314216
C131E849
C1328E42
C1333403
C133D98C
C1347EDE
C13523FA
C135C8E1
C1366D93
C1371212
C137B65E
C1385A78
C138FE62
C139A21C
C13A45A7
C13AE905
C13B8C35
C13C2F39
C13CD213
C13D74C2
C13E1748
C13EB9A6
C13F5BDD
C13FFDED
C1409FD8
C141419F
C141E341
C14284C2
C1432620
C143C75E
C144687B
C1450979
C145AA59
C1464B1B
C146EBC0
C1478C49
C1482CB7
C148CD0B
C1496D45
C14A0D66
C14AAD6E
C14B4D5F
C14BED39
C14C8CFD
C14D2CAB
C14DCC44
C14E6BC9
C14F0B3A
C0BA195B
C0BA452A
C0BA71B8
C0BA9F0B
C0BACD27
C0BAFC13
C0BB2BD3
C0BB5C6E
C0BB8DE7
C0BBC046
C0BBF390
C0BC27CB
C0BC5CFD
C0BC932B
C0BCCA5C
C0BD0297
C0BD3BE1
C0BD7642
C0BDB1BF
C0BDEE5F
C0BE2C29
C0BE6B25
C0BEAB59
C0BEECCD
C0BF2F87
C0BF738F
C0BFB8EC
C0BFFFA7
C0C047C7
C0C09154
C0C0DC56
C0C128D6
C0C176DA
C0C1C66D
C0C21796
C0C26A5D
C0C2BECD
C0C314ED
C0C36CC7
C0C3C663
C0C421CC
C0C47F0A
C0C4DE27
C0C53F2C
C0C5A223
C0C60715
C0C66E0E
C0C6D715
C0C74237
C0C7AF7C
C0C81EEF
C0C89099
C0C90486
C0C97AC0
C0C9F351
C0CA6E43
C0CAEBA0
C0CB6B74
C0CBEDC9
C0CC72A8
C0CCFA1D
C0CD8431
C0CE10EF
C0CEA061
C0CF3292
C0CFC78A
C0D05F55
C0D0F9FB
C0D19787
C0D23801
C0D2DB74
C0D381E7
C0D42B64
C0D4D7F2
C0D5879C
C0D63A67
C0D6F05C
C0D7A981
C0D865DF
C0D9257A
C0D9E85A
C0DAAE83
C0DB77FB
C0DC44C5
C0DD14E7
C0DDE864
C0DEBF3E
C0DF9978
C0E07713
C0E15811
C0E23C72
C0E32435
C0E40F5B
C0E4FDE0
C0E5EFC4
C0E6E502
C0E7DD96
C0E8D97D
C0E9D8B1
C0EADB2C
C0EBE0E7
C0ECE9DA
C0EDF5FD
C0EF0548
C0F017AF
C0F12D29
C0F245AB
C0F36129
C0F47F95
C0F5A0E3
C0F6C505
C0F7EBEC
C0F91589
C0FA41CD
C0FB70A8
C0FCA208
C0FDD5DD
C0FF0C16
C1002250
C100BFB5
C1015E30
C101FDB9
C1029E45
C1033FCA
C103E241
C104859E
C10529D8
C105CEE5
C10674BB
C1071B51
C107C29E
C1086A97
C1091333
C109BC68
C10A662E
C10B107A
C10BBB45
C10C6685
C10D1231
C10DBE41
C10E6AAC
C10F176B
C10FC474
C11071C2
C1111F4B
C111CD08
C1127AF4
C1132906
C113D738
C1148583
C11533E2
C115E24F
C11690C4
C1173F3B
C117EDB0
C1189C1D
C1194A7E
C119F8CF
C11AA70A
C11B552D
C11C0333
C11CB119
C11D5EDC
C11E0C79
C11EB9EC
C11F6732
C120144B
C120C133
C1216DE7
C1221A67
C122C6B1
C12372C2
C1241E9A
C124CA37
C1257598
C12620BC
C126CBA2
C127764A
C12820B3
C128CADD
C12974C7
C12A1E70
C12AC7DA
C12B7104
C12C19ED
C12CC297
C12D6B00
C12E132A
C12EBB16
C12F62C2
C1300A30
C130B161
C1315855
C131FF0C
C132A587
C1334BC8
C133F1CE
C134979B
C1353D30
C135E28D
C13687B3
C1372CA3
C137D15E
C13875E4
C1391A38
C139BE5A
C13A624A
C13B060A
C13BA99B
C13C4CFE
C13CF033
C13D933C
C13E361A
C13ED8CD
C13F7B57
C1401DB8
C140BFF2
C1416205
C14203F3
C142A5BC
C1434761
C143E8E3
C1448A43
C1452B83
C145CCA1
C1466DA1
C1470E82
C147AF45
C1484FEC
C148F076
C14990E5
C14A3139
C14AD174
C14B7195
C14C119E
C14CB18F
C14D516A
C14DF12E
C14E90DC
C14F3076
C14FCFFB
C0BB389A
C0BB645B
C0BB90DB
C0BBBE21
C0BBEC30
C0BC1B0F
C0BC4AC3
C0BC7B51
C0BCACBF
C0BCDF12
C0BD1250
C0BD4680
C0BD7BA7
C0BDB1CA
C0BDE8F1
C0BE2122
C0BE5A63
C0BE94BA
C0BED02E
C0BF0CC6
C0BF4A88
C0BF897C
C0BFC9A9
C0C00B15
C0C04DC9
C0C091CB
C0C0D724
C0C11DDA
C0C165F5
C0C1AF7F
C0C1FA7D
C0C246FA
C0C294FC
C0C2E48D
C0C335B5
C0C3887D
C0C3DCED
C0C4330F
C0C48AEB
C0C4E48A
C0C53FF6
C0C59D39
C0C5FC5B
C0C65D66
C0C6C065
C0C72560
C0C78C61
C0C7F574
C0C860A1
C0C8CDF2
C0C93D73
C0C9AF2D
C0CA232A
C0CA9975
C0CB1219
C0CB8D1F
C0CC0A93
C0CC8A7E
C0CD0CEB
C0CD91E5
C0CE1976
C0CEA3A8
C0CF3086
C0CFC019
C0D0526D
C0D0E78A
C0D17F7C
C0D21A4C
C0D2B802
C0D358AA
C0D3FC4C
C0D4A2F1
C0D54CA2
C0D5F968
C0D6A94A
C0D75C51
C0D81284
C0D8CBEA
C0D9888B
C0DA486D
C0DB0B95
C0DBD20A
C0DC9BD1
C0DD68EE
C0DE3965
C0DF0D3A
C0DFE46F
C0E0BF08
C0E19D05
C0E27E69
C0E36332
C0E44B62
C0E536F8
C0E625F1
C0E7184B
C0E80E04
C0E90717
C0EA0380
C0EB033A
C0EC063F
C0ED0C87
C0EE160C
C0EF22C5
C0F032A9
C0F145AE
C0F25BCA
C0F374F1
C0F49117
C0F5B030
C0F6D230
C0F7F706
C0F91EA6
C0FA4900
C0FB7605
C0FCA5A4
C0FDD7CC
C0FF0C6D
C10021BB
C100BE69
C1015C3A
C101FB22
C1029B19
C1033C15
C103DE0D
C10480F7
C10524C8
C105C979
C1066EFE
C107154D
C107BC5E
C1086426
C1090C9C
C109B5B6
C10A5F6A
C10B09B0
C10BB47D
C10C5FCA
C10D0B8C
C10DB7BB
C10E644E
C10F113E
C10FBE81
C1106C10
C11119E2
C111C7F1
C1127634
C11324A5
C113D33D
C11481F4
C11530C5
C115DFA9
C1168E9B
C1173D94
C117EC8F
C1189B87
C1194A77
C119F95A
C11AA82C
C11B56E8
C11C058B
C11CB410
C11D6274
C11E10B3
C11EBECB
C11F6CB8
C1201A78
C120C809
C1217567
C1222291
C122CF85
C1237C41
C12428C3
C124D50A
C1258115
C1262CE2
C126D871
C12783C1
C1282ED0
C128D99F
C129842D
C12A2E79
C12AD884
C12B824D
C12C2BD4
C12CD519
C12D7E1D
C12E26DF
C12ECF5F
C12F779F
C1301F9F
C130C75F
C1316EDF
C1321621
C132BD25
C13363EB
C1340A75
C134B0C2
C13556D5
C135FCAE
C136A24D
C13747B4
C137ECE4
C13891DD
C13936A0
C139DB2F
C13A7F8A
C13B23B2
C13BC7A9
C13C6B6F
C13D0F05
C13DB26D
C13E55A7
C13EF8B4
C13F9B96
C1403E4D
C140E0DA
C141833F
C142257C
C142C792
C1436982
C1440B4D
C144ACF4
C1454E78
C145EFDB
C146911B
C147323C
C147D33D
C148741F
C14914E3
C149B58B
C14A5616
C14AF686
C14B96DB
C14C3716
C14CD738
C14D7741
C14E1733
C14EB70E
C14F56D2
C14FF681
C150961B
C0BC58E5
C0BC8499
C0BCB10D
C0BCDE46
C0BD0C49
C0BD3B1C
C0BD6AC4
C0BD9B46
C0BDCCA9
C0BDFEF1
C0BE3225
C0BE664A
C0BE9B67
C0BED181
C0BF089E
C0BF40C6
C0BF79FE
C0BFB44C
C0BFEFB8
C0C02C48
C0C06A04
C0C0A8F1
C0C0E917
C0C12A7D
C0C16D2B
C0C1B128
C0C1F67C
C0C23D2E
C0C28546
C0C2CECC
C0C319C8
C0C36642
C0C3B444
C0C403D4
C0C454FC
C0C4A7C4
C0C4FC35
C0C55259
C0C5AA38
C0C603DB
C0C65F4B
C0C6BC93
C0C71BBB
C0C77CCE
C0C7DFD4
C0C844D8
C0C8ABE3
C0C91501
C0C9803A
C0C9ED99
C0CA5D28
C0CACEF1
C0CB42FF
C0CBB95D
C0CC3214
C0CCAD2F
C0CD2AB9
C0CDAABC
C0CE2D42
C0CEB257
C0CF3A04
C0CFC454
C0D05152
C0D0E107
C0D1737F
C0D208C2
C0D2A0DB
C0D33BD4
C0D3D9B6
C0D47A8C
C0D51E5D
C0D5C535
C0D66F1A
C0D71C16
C0D7CC32
C0D87F74
C0D935E6
C0D9EF8D
C0DAAC72
C0DB6C9A
C0DC300C
C0DCF6CD
C0DDC0E3
C0DE8E51
C0DF5F1E
C0E0334B
C0E10ADC
C0E1E5D3
C0E2C433
C0E3A5FB
C0E48B2E
C0E573CB
C0E65FD0
C0E74F3C
C0E8420E
C0E93841
C0EA31D3
C0EB2EBF
C0EC2EFF
C0ED328D
C0EE3964
C0EF437A
C0F050C9
C0F16146
C0F274E8
C0F38BA5
C0F4A572
C0F5C242
C0F6E208
C0F804B9
C0F92A44
C0FA529E
C0FB7DB5
C0FCAB7A
C0FDDBDE
C0FF0ECF
C100221E
C100BE0A
C1015B23
C101F95E
C10298B4
C103391A
C103DA87
C1047CF1
C105204F
C105C496
C10669BD
C1070FBB
C107B684
C1085E10
C1090655
C109AF48
C10A58E1
C10B0315
C10BADDB
C10C592B
C10D04FA
C10DB13F
C10E5DF2
C10F0B0B
C10FB880
C1106649
C111145E
C111C2B7
C112714C
C1132016
C113CF0F
C1147E2D
C1152D6C
C115DCC4
C1168C2F
C1173BA7
C117EB26
C1189AA7
C1194A24
C119F999
C11AA900
C11B5855
C11C0794
C11CB6B8
C11D65BD
C11E14A1
C11EC35F
C11F71F4
C120205E
C120CE9A
C1217CA4
C1222A7B
C122D81C
C1238586
C12432B7
C124DFAC
C1258C65
C12638E0
C126E51C
C1279118
C1283CD3
C128E84C
C1299383
C12A3E78
C12AE929
C12B9396
C12C3DC1
C12CE7A7
C12D914A
C12E3AAA
C12EE3C7
C12F8CA0
C1303537
C130DD8C
C131859F
C1322D72
C132D503
C1337C56
C1342369
C134CA3D
C13570D5
C136172F
C136BD4E
C1376332
C13808DB
C138AE4C
C1395385
C139F886
C13A9D51
C13B41E8
C13BE64A
C13C8A78
C13D2E75
C13DD241
C13E75DC
C13F1949
C13FBC87
C1405F99
C141027E
C141A539
C14247CA
C142EA31
C1438C71
C1442E89
C144D07C
C1457249
C14613F3
C146B579
C14756DD
C147F81F
C1489941
C1493A43
C149DB26
C14A7BEC
C14B1C94
C14BBD20
C14C5D91
C14CFDE6
C14D9E22
C14E3E45
C14EDE4F
C14F7E41
C1501E1C
C150BDE1
C1515D90
C0BD7A35
C0BDA5DD
C0BDD245
C0BDFF72
C0BE2D69
C0BE5C31
C0BE8BCE
C0BEBC46
C0BEED9E
C0BF1FDC
C0BF5305
C0BF8721
C0BFBC34
C0BFF245
C0C0295A
C0C06179
C0C09AA9
C0C0D4F0
C0C11054
C0C14CDD
C0C18A92
C0C1C979
C0C20999
C0C24AFA
C0C28DA3
C0C2D19C
C0C316EB
C0C35D99
C0C3A5AE
C0C3EF32
C0C43A2C
C0C486A5
C0C4D4A6
C0C52436
C0C5755E
C0C5C828
C0C61C9B
C0C672C1
C0C6CAA3
C0C7244B
C0C77FC0
C0C7DD0E
C0C83C3D
C0C89D57
C0C90065
C0C96573
C0C9CC89
C0CA35B2
C0CAA0F7
C0CB0E64
C0CB7E02
C0CBEFDB
C0CC63FB
C0CCDA6B
C0CD5336
C0CDCE67
C0CE4C07
C0CECC22
C0CF4EC3
C0CFD3F3
C0D05BBD
C0D0E62C
C0D17349
C0D20321
C0D295BC
C0D32B25
C0D3C366
C0D45E88
C0D4FC97
C0D59D9A
C0D6419C
C0D6E8A5
C0D792BF
C0D83FF3
C0D8F047
C0D9A3C6
C0DA5A76
C0DB145E
C0DBD187
C0DC91F5
C0DD55B0
C0DE1CBE
C0DEE723
C0DFB4E4
C0E08605
C0E15A8A
C0E23277
C0E30DCD
C0E3EC8E
C0E4CEBD
C0E5B458
C0E69D61
C0E789D6
C0E879B6
C0E96CFE
C0EA63AD
C0EB5DBD
C0EC5B2B
C0ED5BF1
C0EE6009
C0EF676D
C0F07215
C0F17FF9
C0F29110
C0F3A550
C0F4BCAE
C0F5D720
C0F6F499
C0F8150D
C0F9386F
C0FA5EB0
C0FB87C2
C0FCB396
C0FDE21D
C0FF1345
C1002380
C100BE9D
C1015AF1
C101F873
C102971B
C10336DE
C103D7B3
C1047991
C1051C6E
C105C040
C10664FE
C1070A9D
C107B113
C1085857
C109005E
C109A920
C10A5292
C10AFCAA
C10BA75F
C10C52A7
C10CFE79
C10DAACB
C10E5795
C10F04CE
C10FB26C
C1106067
C1110EB7
C111BD54
C1126C35
C1131B52
C113CAA5
C1147A26
C11529CD
C115D994
C1168975
C1173968
C117E968
C118996F
C1194978
C119F97C
C11AA977
C11B5964
C11C093E
C11CB901
C11D68A9
C11E1831
C11EC796
C11F76D5
C12025EA
C120D4D3
C121838C
C1223212
C122E064
C1238E7F
C1243C61
C124EA08
C1259773
C12644A0
C126F18D
C1279E3A
C1284AA5
C128F6CE
C129A2B3
C12A4E55
C12AF9B2
C12BA4CA
C12C4F9D
C12CFA2B
C12DA473
C12E4E76
C12EF834
C12FA1AD
C1304AE2
C130F3D2
C1319C7E
C13244E7
C132ED0D
C13394F1
C1343C94
C134E3F5
C1358B17
C13631FA
C136D89E
C1377F04
C138252F
C138CB1D
C13970D1
C13A164B
C13ABB8C
C13B6096
C13C0569
C13CAA06
C13D4E6E
C13DF2A3
C13E96A6
C13F3A77
C13FDE18
C1408189
C14124CB
C141C7E1
C1426ACA
C1430D88
C143B01C
C1445286
C144F4C9
C14596E4
C14638D9
C146DAA8
C1477C54
C1481DDB
C148BF41
C1496085
C14A01A8
C14AA2AB
C14B4390
C14BE456
C14C84FF
C14D258C
C14DC5FD
C14E6654
C14F0690
C14FA6B3
C15046BE
C150E6B0
C151868C
C1522651
C0BE9C80
C0BEC81C
C0BEF479
C0BF219B
C0BF4F88
C0BF7E45
C0BFADD8
C0BFDE45
C0C00F94
C0C041C8
C0C074E9
C0C0A8FB
C0C0DE06
C0C1140E
C0C14B1B
C0C18332
C0C1BC5B
C0C1F69B
C0C231F8
C0C26E7B
C0C2AC2A
C0C2EB0B
C0C32B26
C0C36C83
C0C3AF27
C0C3F31C
C0C43868
C0C47F14
C0C4C726
C0C510A8
C0C55BA1
C0C5A819
C0C5F61A
C0C645AA
C0C696D4
C0C6E99F
C0C73E15
C0C7943E
C0C7EC24
C0C845D0
C0C8A14C
C0C8FE9F
C0C95DD6
C0C9BEF8
C0CA220F
C0CA8727
C0CAEE48
C0CB577D
C0CBC2D0
C0CC304A
C0CC9FF8
C0CD11E2
C0CD8613
C0CDFC96
C0CE7575
C0CEF0BC
C0CF6E73
C0CFEEA7
C0D07161
C0D0F6AD
C0D17E94
C0D20922
C0D29661
C0D3265A
C0D3B91A
C0D44EA9
C0D4E711
C0D5825E
C0D62098
C0D6C1CA
C0D765FC
C0D80D38
C0D8B786
C0D964F1
C0DA157F
C0DAC93A
C0DB8028
C0DC3A52
C0DCF7BE
C0DDB873
C0DE7C77
C0DF43D1
C0E00E85
C0E0DC98
C0E1AE0E
C0E282EC
C0E35B34
C0E436E8
C0E5160C
C0E5F89F
C0E6DEA3
C0E7C818
C0E8B4FD
C0E9A550
C0EA990F
C0EB9038
C0EC8AC6
C0ED88B6
C0EE8A02
C0EF8EA4
C0F09696
C0F1A1CF
C0F2B048
C0F3C1F8
C0F4D6D5
C0F5EED5
C0F709EC
C0F8280E
C0F94930
C0FA6D43
C0FB9439
C0FCBE04
C0FDEA96
C0FF19DE
C10025E6
C100C027
C1015BAA
C101F867
C1029653
C1033567
C103D598
C10476DD
C105192C
C105BC7C
C10660C3
C10705F7
C107AC0E
C10852FD
C108FABC
C109A340
C10A4C7F
C10AF670
C10BA108
C10C4C3E
C10CF809
C10DA45E
C10E5135
C10EFE85
C10FAC43
C1105A68
C11108EB
C111B7C3
C11266E8
C1131652
C113C5F9
C11475D6
C11525E1
C115D612
C1168663
C11736CE
C117E74B
C11897D5
C1194866
C119F8F7
C11AA984
C11B5A07
C11C0A7C
C11CBADD
C11D6B26
C11E1B53
C11ECB60
C11F7B49
C1202B0B
C120DAA2
C1218A0B
C1223943
C122E848
C1239717
C12445AD
C124F40A
C125A22A
C126500C
C126FDAF
C127AB11
C1285831
C129050E
C129B1A6
C12A5DFA
C12B0A08
C12BB5D0
C12C6151
C12D0C8C
C12DB77F
C12E622C
C12F0C91
C12FB6B0
C1306088
C1310A19
C131B365
C1325C6A
C133052B
C133ADA7
C13455DF
C134FDD4
C135A587
C1364CF7
C136F427
C1379B17
C13841C7
C138E83A
C1398E6E
C13A3467
C13ADA24
C13B7FA7
C13C24F1
C13CCA02
C13D6EDD
C13E1381
C13EB7F0
C13F5C2A
C1400032
C140A408
C14147AE
C141EB23
C1428E6A
C1433184
C143D470
C1447732
C14519C8
C145BC36
C1465E7A
C1470098
C147A28F
C1484461
C148E60E
C1498797
C14A28FE
C14ACA43
C14B6B68
C14C0C6C
C14CAD52
C14D4E19
C14DEEC3
C14E8F51
C14F2FC3
C14FD01A
C1507057
C151107A
C151B085
C1525078
C152F054
C0BFBFBE
C0BFEB4F
C0C017A2
C0C044B9
C0C0729C
C0C0A150
C0C0D0D9
C0C1013D
C0C13282
C0C164AE
C0C197C6
C0C1CBD0
C0C200D3
C0C236D4
C0C26DD9
C0C2A5E9
C0C2DF0B
C0C31944
C0C3549C
C0C39119
C0C3CEC2
C0C40D9F
C0C44DB5
C0C48F0E
C0C4D1AF
C0C515A0
C0C55AEA
C0C5A193
C0C5E9A4
C0C63324
C0C67E1C
C0C6CA95
C0C71896
C0C76827
C0C7B953
C0C80C20
C0C86099
C0C8B6C6
C0C90EB1
C0C96862
C0C9C3E3
C0CA213E
C0CA807C
C0CAE1A6
C0CB44C8
C0CBA9EA
C0CC1116
C0CC7A58
C0CCE5B8
C0CD5341
C0CDC2FE
C0CE34F9
C0CEA93D
C0CF1FD3
C0CF98C7
C0D01424
C0D091F3
C0D1123F
C0D19514
C0D21A7C
C0D2A281
C0D32D2D
C0D3BA8D
C0D44AA9
C0D4DD8D
C0D57342
C0D60BD3
C0D6A74A
C0D745B0
C0D7E70F
C0D88B72
C0D932E0
C0D9DD64
C0DA8B05
C0DB3BCD
C0DBEFC4
C0DCA6F1
C0DD615B
C0DE1F0B
C0DEE007
C0DFA454
C0E06BFA
C0E136FD
C0E20562
C0E2D72D
C0E3AC63
C0E48506
C0E56119
C0E6409E
C0E72396
C0E80A03
C0E8F3E4
C0E9E138
C0EAD1FE
C0EBC634
C0ECBDD7
C0EDB8E3
C0EEB754
C0EFB926
C0F0BE51
C0F1C6D0
C0F2D29A
C0F3E1A8
C0F4F3F1
C0F6096B
C0F7220C
C0F83DC8
C0F95C93
C0FA7E62
C0FBA326
C0FCCAD1
C0FDF556
C0FF22A4
C1002957
C100C2B0
C1015D56
C101F93F
C1029664
C10334BB
C103D43B
C10474DA
C105168E
C105B94F
C1065D13
C10701CE
C107A779
C1084E08
C108F571
C1099DAB
C10A46AC
C10AF069
C10B9AD9
C10C45F2
C10CF1AB
C10D9DF8
C10E4AD2
C10EF82E
C10FA604
C1105449
C11102F6
C111B201
C1126163
C1131112
C113C106
C1147138
C115219F
C115D235
C11682F2
C11733CE
C117E4C4
C11895CD
C11946E2
C119F7FE
C11AA91A
C11B5A31
C11C0B3E
C11CBC3C
C11D6D26
C11E1DF7
C11ECEAC
C11F7F3F
C1202FAE
C120DFF5
C121900F
C1223FFB
C122EFB5
C1239F3A
C1244E88
C124FD9D
C125AC76
C1265B11
C127096D
C127B788
C1286561
C12912F6
C129C046
C12A6D51
C12B1A15
C12BC692
C12C72C7
C12D1EB4
C12DCA58
C12E75B4
C12F20C6
C12FCB90
C1307612
C131204B
C131CA3B
C13273E4
C1331D45
C133C660
C1346F34
C13517C3
C135C00C
C1366811
C1370FD3
C137B752
C1385E8F
C139058B
C139AC48
C13A52C5
C13AF904
C13B9F07
C13C44CD
C13CEA59
C13D8FAA
C13E34C3
C13ED9A4
C13F7E4F
C14022C4
C140C704
C1416B11
C1420EEC
C142B296
C1435610
C143F95B
C1449C78
C1453F68
C145E22C
C14684C6
C1472736
C147C97D
C1486B9D
C1490D96
C149AF69
C14A5118
C14AF2A3
C14B940C
C14C3552
C14CD678
C14D777E
C14E1864
C14EB92C
C14F59D7
C14FFA66
C1509AD8
C1513B30
C151DB6D
C1527B91
C1531B9C
C153BB8F
C0C0E3E7
C0C10F6E
C0C13BB6
C0C168C5
C0C1969E
C0C1C548
C0C1F4C8
C0C22524
C0C25661
C0C28884
C0C2BB94
C0C2EF97
C0C32492
C0C35A8C
C0C3918B
C0C3C995
C0C402B0
C0C43CE4
C0C47836
C0C4B4AE
C0C4F253
C0C5312B
C0C5713D
C0C5B292
C0C5F530
C0C6391F
C0C67E66
C0C6C50E
C0C70D1D
C0C7569D
C0C7A195
C0C7EE0E
C0C83C10
C0C88BA3
C0C8DCD1
C0C92FA1
C0C9841E
C0C9DA4F
C0CA323F
C0CA8BF6
C0CAE77D
C0CB44DF
C0CBA425
C0CC0559
C0CC6884
C0CCCDB1
C0CD34EA
C0CD9E38
C0CE09A6
C0CE773F
C0CEE70C
C0CF5918
C0CFCD6E
C0D04418
C0D0BD21
C0D13894
C0D1B67B
C0D236E1
C0D2B9D0
C0D33F54
C0D3C777
C0D45243
C0D4DFC3
C0D57002
C0D6030A
C0D698E6
C0D7319F
C0D7CD40
C0D86BD3
C0D90D60
C0D9B1F3
C0DA5994
C0DB044D
C0DBB225
C0DC6327
C0DD1759
C0DDCEC4
C0DE8970
C0DF4763
C0E008A5
C0E0CD3C
C0E1952D
C0E2607F
C0E32F36
C0E40156
C0E4D6E3
C0E5AFE1
C0E68C52
C0E76C39
C0E84F96
C0E9366B
C0EA20B7
C0EB0E7A
C0EBFFB2
C0ECF45E
C0EDEC7B
C0EEE805
C0EFE6F8
C0F0E94E
C0F1EF02
C0F2F80E
C0F40469
C0F5140C
C0F626ED
C0F73D04
C0F85645
C0F972A6
C0FA921A
C0FBB495
C0FCDA0A
C0FE026A
C0FF2DA7
C1002DD9
C100C63E
C1015FFA
C101FB04
C1029754
C10334E1
C103D3A3
C104738E
C105149B
C105B6C0
C10659F2
C106FE29
C107A35A
C108497B
C108F083
C1099866
C10A411C
C10AEA9A
C10B94D6
C10C3FC6
C10CEB60
C10D979B
C10E446C
C10EF1CB
C10F9FAD
C1104E09
C110FCD6
C111AC0C
C1125BA1
C1130B8C
C113BBC6
C1146C45
C1151D03
C115CDF6
C1167F19
C1173062
C117E1CB
C118934E
C11944E4
C119F686
C11AA82E
C11B59D6
C11C0B7A
C11CBD12
C11D6E9B
C11E2010
C11ED16B
C11F82A9
C12033C4
C120E4BB
C1219588
C1224628
C122F699
C123A6D6
C12456DE
C12506AD
C125B642
C1266599
C12714B2
C127C38A
C1287220
C1292071
C129CE7E
C12A7C44
C12B29C3
C12BD6FA
C12C83E8
C12D308C
C12DDCE7
C12E88F7
C12F34BD
C12FE038
C1308B69
C131364F
C131E0EB
C1328B3D
C1333545
C133DF05
C134887B
C13531A9
C135DA90
C1368330
C1372B8A
C137D39F
C1387B6F
C13922FC
C139CA46
C13A714E
C13B1816
C13BBE9E
C13C64E7
C13D0AF3
C13DB0C2
C13E5656
C13EFBAF
C13FA0CF
C14045B7
C140EA67
C1418EE2
C1423328
C142D73A
C1437B1A
C1441EC8
C144C246
C1456594
C14608B5
C146ABA8
C1474E6F
C147F10C
C148937E
C14935C8
C149D7EA
C14A79E5
C14B1BBA
C14BBD6A
C14C5EF7
C14D0061
C14DA1A9
C14E42CF
C14EE3D6
C14F84BE
C1502587
C150C632
C15166C1
C1520734
C152A78D
C15347CA
C153E7EF
C15487FA
C0C208F2
C0C23470
C0C260AF
C0C28DB4
C0C2BB85
C0C2EA27
C0C3199E
C0C349F2
C0C37B27
C0C3AD43
C0C3E04C
C0C41447
C0C4493C
C0C47F2F
C0C4B628
C0C4EE2C
C0C52742
C0C56170
C0C59CBE
C0C5D931
C0C616D2
C0C655A6
C0C695B5
C0C6D707
C0C719A2
C0C75D8F
C0C7A2D5
C0C7E97B
C0C8318A
C0C87B0A
C0C8C603
C0C9127C
C0C96080
C0C9B015
C0CA0145
C0CA5419
C0CAA89A
C0CAFED0
C0CB56C5
C0CBB082
C0CC0C11
C0CC697A
C0CCC8C9
C0CD2A06
C0CD8D3C
C0CDF274
C0CE59B9
C0CEC314
C0CF2E91
C0CF9C39
C0D00C16
C0D07E34
C0D0F29D
C0D1695B
C0D1E27A
C0D25E03
C0D2DC02
C0D35C81
C0D3DF8C
C0D4652C
C0D4ED6C
C0D57858
C0D605FA
C0D6965B
C0D72988
C0D7BF8A
C0D8586C
C0D8F437
C0D992F6
C0DA34B2
C0DAD975
C0DB8149
C0DC2C36
C0DCDA46
C0DD8B80
C0DE3FEE
C0DEF798
C0DFB285
C0E070BB
C0E13243
C0E1F723
C0E2BF60
C0E38B00
C0E45A08
C0E52C7C
C0E60261
C0E6DBBA
C0E7B889
C0E898D0
C0E97C92
C0EA63CE
C0EB4E85
C0EC3CB7
C0ED2E62
C0EE2383
C0EF1C19
C0F01820
C0F11794
C0F21A6F
C0F320AB
C0F42A43
C0F5372E
C0F64765
C0F75ADF
C0F87192
C0F98B73
C0FAA878
C0FBC894
C0FCEBBB
C0FE11E0
C0FF3AF5
C1003375
C100CAD9
C101639E
C101FDBC
C102992B
C10335E1
C103D3D7
C1047302
C105135A
C105B4D5
C1065769
C106FB0E
C1079FB8
C108455E
C108EBF6
C1099376
C10A3BD4
C10AE506
C10B8F01
C10C39BC
C10CE52C
C10D9148
C10E3E06
C10EEB5B
C10F993F
C11047A8
C110F68C
C111A5E2
C11255A1
C11305C0
C113B636
C11466FB
C1151807
C115C951
C1167AD2
C1172C82
C117DE59
C1189051
C1194262
C119F486
C11AA6B6
C11B58EC
C11C0B22
C11CBD53
C11D6F79
C11E218E
C11ED38F
C11F8576
C120373E
C120E8E5
C1219A64
C1224BBA
C122FCE2
C123ADD9
C1245E9C
C1250F28
C125BF7B
C1266F91
C1271F6A
C127CF02
C1287E58
C1292D6A
C129DC37
C12A8ABE
C12B38FC
C12BE6F1
C12C949D
C12D41FE
C12DEF14
C12E9BDF
C12F485D
C12FF490
C130A076
C1314C0F
C131F75D
C132A25E
C1334D14
C133F77E
C134A19D
C1354B71
C135F4FC
C1369E3D
C1374736
C137EFE7
C1389851
C1394074
C139E853
C13A8FED
C13B3743
C13BDE57
C13C8529
C13D2BBC
C13DD20E
C13E7823
C13F1DFA
C13FC396
C14068F6
C1410E1D
C141B30B
C14257C2
C142FC42
C143A08D
C14444A4
C144E888
C1458C3A
C1462FBC
C146D30E
C1477632
C1481928
C148BBF2
C1495E91
C14A0106
C14AA352
C14B4576
C14BE772
C14C8949
C14D2AFB
C14DCC8A
C14E6DF5
C14F0F3E
C14FB066
C150516D
C150F256
C1519320
C15233CC
C152D45C
C15374CF
C1541528
C154B566
C155558B
C0C32ED8
C0C35A4D
C0C38683
C0C3B380
C0C3E149
C0C40FE3
C0C43F53
C0C46F9F
C0C4A0CD
C0C4D2E2
C0C505E4
C0C539D9
C0C56EC7
C0C5A4B5
C0C5DBA8
C0C613A7
C0C64CB8
C0C686E1
C0C6C22B
C0C6FE9A
C0C73C37
C0C77B08
C0C7BB15
C0C7FC64
C0C83EFD
C0C882E9
C0C8C82D
C0C90ED3
C0C956E2
C0C9A062
C0C9EB5B
C0CA37D6
C0CA85DC
C0CAD574
C0CB26A7
C0CB797F
C0CBCE04
C0CC243F
C0CC7C3A
C0CCD5FE
C0CD3194
C0CD8F06
C0CDEE5E
C0CE4FA5
C0CEB2E5
C0CF1829
C0CF7F7A
C0CFE8E3
C0D0546E
C0D0C226
C0D13214
C0D1A444
C0D218C0
C0D28F93
C0D308C7
C0D38467
C0D4027E
C0D48317
C0D5063C
C0D58BF9
C0D61457
C0D69F63
C0D72D26
C0D7BDAB
C0D850FC
C0D8E725
C0D9802E
C0DA1C24
C0DABB0F
C0DB5CF9
C0DC01ED
C0DCA9F3
C0DD5515
C0DE035B
C0DEB4CF
C0DF6979
C0E02161
C0E0DC8E
C0E19B08
C0E25CD6
C0E321FE
C0E3EA86
C0E4B674
C0E585CD
C0E65896
C0E72ED2
C0E80884
C0E8E5B1
C0E9C659
C0EAAA7E
C0EB9222
C0EC7D43
C0ED6BE3
C0EE5DFF
C0EF5396
C0F04CA5
C0F14928
C0F2491C
C0F34C7B
C0F4533F
C0F55D63
C0F66ADE
C0F77BA8
C0F88FB9
C0F9A707
C0FAC188
C0FBDF30
C0FCFFF4
C0FE23C7
C0FF4A9C
C1003A32
C100D089
C101684B
C1020170
C1029BF0
C10337C3
C103D4DF
C104733D
C10512D2
C105B396
C106557F
C106F883
C1079C99
C10841B7
C108E7D2
C1098EE1
C10A36DA
C10ADFB2
C10B8960
C10C33D9
C10CDF13
C10D8B04
C10E37A2
C10EE4E3
C10F92BD
C1104127
C110F017
C1119F83
C1124F62
C112FFAB
C113B055
C1146157
C11512A9
C115C442
C116761A
C1172829
C117DA68
C1188CCE
C1193F55
C119F1F5
C11AA4A8
C11B5768
C11C0A2D
C11CBCF3
C11D6FB3
C11E2267
C11ED50B
C11F879A
C1203A0E
C120EC63
C1219E95
C12250A0
C1230280
C123B432
C12465B2
C12516FC
C125C80F
C12678E7
C1272981
C127D9DD
C12889F6
C12939CD
C129E95E
C12A98A8
C12B47AA
C12BF663
C12CA4D1
C12D52F4
C12E00CB
C12EAE54
C12F5B91
C1300880
C130B521
C1316174
C1320D79
C132B930
C1336499
C1340FB4
C134BA82
C1356503
C1360F38
C136B921
C13762BF
C1380C13
C138B51D
C1395DDE
C13A0657
C13AAE89
C13B5674
C13BFE1B
C13CA57D
C13D4C9C
C13DF379
C13E9A15
C13F4070
C13FE68E
C1408C6D
C1413210
C141D777
C1427CA4
C1432199
C143C655
C1446ADA
C1450F2A
C145B346
C146572E
C146FAE4
C1479E69
C14841BF
C148E4E6
C14987DF
C14A2AAC
C14ACD4D
C14B6FC4
C14C1212
C14CB438
C14D5637
C14DF80F
C14E99C3
C14F3B52
C14FDCBF
C1507E09
C1511F32
C151C03A
C1526124
C15301EE
C153A29B
C154432C
C154E3A0
C15583F9
C1562438
C0C45591
C0C480FE
C0C4AD2C
C0C4DA21
C0C507E2
C0C53675
C0C565DE
C0C59623
C0C5C74A
C0C5F959
C0C62C55
C0C66044
C0C6952D
C0C6CB15
C0C70203
C0C739FD
C0C77309
C0C7AD2F
C0C7E874
C0C824E1
C0C8627A
C0C8A149
C0C8E153
C0C922A0
C0C96538
C0C9A922
C0C9EE66
C0CA350C
C0CA7D1B
C0CAC69C
C0CB1197
C0CB5E14
C0CBAC1C
C0CBFBB7
C0CC4CEE
C0CC9FCA
C0CCF454
C0CD4A94
C0CDA296
C0CDFC60
C0CE57FE
C0CEB579
C0CF14DA
C0CF762B
C0CFD977
C0D03EC6
C0D0A625
C0D10F9C
C0D17B36
C0D1E8FD
C0D258FD
C0D2CB3F
C0D33FCE
C0D3B6B5
C0D42FFF
C0D4ABB6
C0D529E5
C0D5AA98
C0D62DD8
C0D6B3B2
C0D73C2E
C0D7C75A
C0D8553E
C0D8E5E6
C0D9795C
C0DA0FAB
C0DAA8DD
C0DB44FD
C0DBE414
C0DC862C
C0DD2B50
C0DDD388
C0DE7EDF
C0DF2D5C
C0DFDF09
C0E093EE
C0E14C14
C0E20781
C0E2C63E
C0E38852
C0E44DC2
C0E51695
C0E5E2D1
C0E6B27B
C0E78597
C0E85C29
C0E93636
C0EA13BF
C0EAF4C7
C0EBD94F
C0ECC15A
C0EDACE5
C0EE9BF2
C0EF8E80
C0F0848B
C0F17E12
C0F27B11
C0F37B84
C0F47F66
C0F586B2
C0F69160
C0F79F6A
C0F8B0C7
C0F9C56F
C0FADD58
C0FBF878
C0FD16C3
C0FE382D
C0FF5CAB
C1004217
C100D755
C1016E08
C1020628
C1029FAC
C1033A8E
C103D6C5
C1047447
C105130C
C105B30B
C106543B
C106F692
C1079A06
C1083E8D
C108E41E
C1098AAF
C10A3235
C10ADAA7
C10B83FA
C10C2E23
C10CD91A
C10D84D3
C10E3145
C10EDE66
C10F8C2A
C1103A8A
C110E97A
C11198F1
C11248E6
C112F94F
C113AA22
C1145B58
C1150CE7
C115BEC6
C11670ED
C1172354
C117D5F2
C11888C0
C1193BB6
C119EECD
C11AA1FE
C11B5542
C11C0892
C11CBBE9
C11D6F3F
C11E228F
C11ED5D4
C11F8908
C1203C26
C120EF29
C121A20C
C12254CC
C1230764
C123B9D1
C1246C0E
C1251E18
C125CFEC
C1268187
C12732E6
C127E407
C12894E7
C1294584
C129F5DD
C12AA5EF
C12B55B9
C12C0539
C12CB46E
C12D6357
C12E11F3
C12EC042
C12F6E42
C1301BF3
C130C954
C1317666
C1322329
C132CF9B
C1337BBD
C1342790
C134D313
C1357E48
C136292D
C136D3C5
C1377E0F
C138280B
C138D1BC
C1397B21
C13A243B
C13ACD0C
C13B7593
C13C1DD3
C13CC5CB
C13D6D7D
C13E14EB
C13EBC14
C13F62FB
C14009A0
C140B005
C141562A
C141FC11
C142A1BB
C1434729
C143EC5C
C1449156
C1453618
C145DAA3
C1467EF7
C1472317
C147C703
C1486ABD
C1490E46
C149B19F
C14A54C8
C14AF7C4
C14B9A94
C14C3D38
C14CDFB1
C14D8201
C14E2429
C14EC629
C14F6803
C15009B8
C150AB49
C1514CB6
C151EE01
C1528F2B
C1533035
C153D11F
C15471EA
C1551298
C155B329
C156539E
C156F3F7
C0C57D15
C0C5A87A
C0C5D4A1
C0C6018F
C0C62F49
C0C65DD5
C0C68D37
C0C6BD76
C0C6EE97
C0C720A0
C0C75396
C0C78780
C0C7BC64
C0C7F247
C0C82930
C0C86126
C0C89A2F
C0C8D451
C0C90F93
C0C94BFC
C0C98993
C0C9C860
C0CA0868
C0CA49B4
C0CA8C4B
C0CAD034
C0CB1578
C0CB5C1E
C0CBA42E
C0CBEDB0
C0CC38AD
C0CC852C
C0CCD337
C0CD22D5
C0CD7410
C0CDC6F1
C0CE1B80
C0CE71C7
C0CEC9CE
C0CF23A1
C0CF7F47
C0CFDCCA
C0D03C35
C0D09D91
C0D100E7
C0D16643
C0D1CDAF
C0D23734
C0D2A2DD
C0D310B5
C0D380C6
C0D3F31A
C0D467BD
C0D4DEB8
C0D55818
C0D5D3E7
C0D6522F
C0D6D2FB
C0D75657
C0D7DC4D
C0D864E8
C0D8F032
C0D97E38
C0DA0F03
C0DAA29E
C0DB3913
C0DBD26E
C0DC6EB8
C0DD0DFB
C0DDB041
C0DE5595
C0DEFE00
C0DFA98A
C0E0583E
C0E10A24
C0E1BF44
C0E277A7
C0E33355
C0E3F254
C0E4B4AD
C0E57A65
C0E64383
C0E7100C
C0E7E006
C0E8B375
C0E98A5D
C0EA64C3
C0EB42A8
C0EC2410
C0ED08FB
C0EDF16B
C0EEDD60
C0EFCCDA
C0F0BFD7
C0F1B657
C0F2B055
C0F3ADCF
C0F4AEC1
C0F5B326
C0F6BAF7
C0F7C630
C0F8D4C8
C0F9E6B7
C0FAFBF5
C0FC1477
C0FD3035
C0FE4F22
C0FF7133
C1004B2D
C100DF46
C10174DD
C1020BEB
C102A468
C1033E4C
C103D990
C104762A
C1051412
C105B33E
C10653A7
C106F542
C1079806
C1083BEA
C108E0E3
C10986E7
C10A2DED
C10AD5EA
C10B7ED4
C10C28A2
C10CD348
C10D7EBC
C10E2AF5
C10ED7E8
C10F858B
C11033D3
C110E2B8
C111922F
C112422E
C112F2AC
C113A39F
C11454FE
C11506C0
C115B8DC
C1166B49
C1171DFF
C117D0F5
C1188423
C1193782
C119EB09
C11A9EB1
C11B5274
C11C064A
C11CBA2C
C11D6E14
C11E21FC
C11ED5DE
C11F89B5
C1203D7A
C120F129
C121A4BC
C1225830
C1230B7F
C123BEA6
C12471A0
C125246A
C125D701
C1268960
C1273B86
C127ED6E
C1289F17
C129507E
C12A01A1
C12AB27E
C12B6313
C12C135F
C12CC35F
C12D7313
C12E2279
C12ED191
C12F8059
C1302ED1
C130DCF9
C1318AD0
C1323855
C132E588
C133926A
C1343EFB
C134EB3A
C1359727
C13642C4
C136EE10
C137990C
C13843B9
C138EE17
C1399826
C13A41E9
C13AEB5E
C13B9488
C13C3D67
C13CE5FD
C13D8E49
C13E364E
C13EDE0C
C13F8584
C1402CB8
C140D3A8
C1417A56
C14220C3
C142C6F0
C1436CDE
C144128F
C144B803
C1455D3D
C146023C
C146A703
C1474B92
C147EFEB
C148940F
C14937FF
C149DBBD
C14A7F49
C14B22A5
C14BC5D1
C14C68D0
C14D0BA2
C14DAE48
C14E50C3
C14EF315
C14F953E
C1503740
C150D91C
C1517AD2
C1521C64
C152BDD3
C1535F1F
C154004A
C154A154
C155423F
C155E30B
C15683BA
C157244B
C157C4C0
C0C6A55D
C0C6D0BB
C0C6FCDB
C0C729C2
C0C75776
C0C785FB
C0C7B557
C0C7E591
C0C816AC
C0C848AF
C0C87BA1
C0C8AF86
C0C8E465
C0C91A44
C0C95129
C0C9891B
C0C9C220
C0C9FC3F
C0CA377F
C0CA73E5
C0CAB17A
C0CAF045
C0CB304C
C0CB7197
C0CBB42D
C0CBF816
C0CC3D5A
C0CC8401
C0CCCC12
C0CD1596
C0CD6095
C0CDAD17
C0CDFB24
C0CE4AC7
C0CE9C06
C0CEEEEC
C0CF4380
C0CF99CE
C0CFF1DC
C0D04BB6
C0D0A765
C0D104F1
C0D16466
C0D1C5CC
C0D2292F
C0D28E98
C0D2F610
C0D35FA4
C0D3CB5C
C0D43944
C0D4A967
C0D51BCD
C0D59084
C0D60795
C0D6810A
C0D6FCF0
C0D77B50
C0D7FC37
C0D87FAE
C0D905C1
C0D98E7A
C0DA19E4
C0DAA80B
C0DB38F9
C0DBCCB9
C0DC6354
C0DCFCD7
C0DD994B
C0DE38BA
C0DEDB2E
C0DF80B2
C0E0294E
C0E0D50D
C0E183F7
C0E23616
C0E2EB71
C0E3A411
C0E45FFE
C0E51F40
C0E5E1DD
C0E6A7DC
C0E77144
C0E83E1A
C0E90E63
C0E9E225
C0EAB963
C0EB9421
C0EC7262
C0ED5428
C0EE3975
C0EF224B
C0F00EA8
C0F0FE8E
C0F1F1FB
C0F2E8ED
C0F3E362
C0F4E157
C0F5E2C6
C0F6E7AD
C0F7F004
C0F8FBC6
C0FA0AEB
C0FB1D6B
C0FC333E
C0FD4C59
C0FE68B4
C0FF8842
C100557C
C100E865
C1017CD4
C10212C4
C102AA2D
C1034307
C103DD4A
C10478EE
C10515EB
C105B438
C10653CC
C106F49E
C10796A5
C10839D6
C108DE29
C1098393
C10A2A0A
C10AD185
C10B79F9
C10C235C
C10CCDA3
C10D78C6
C10E24B8
C10ED170
C10F7EE4
C1102D09
C110DBD6
C1118B40
C1123B3E
C112EBC5
C1139CCD
C1144E4A
C1150035
C115B284
C116652E
C1171829
C117CB6E
C1187EF5
C11932B4
C119E6A4
C11A9ABD
C11B4EF8
C11C034D
C11CB7B5
C11D6C2B
C11E20A6
C11ED521
C11F8997
C1203E00
C120F258
C121A699
C1225ABF
C1230EC4
C123C2A4
C124765C
C12529E6
C125DD3F
C1269063
C1274350
C127F601
C128A875
C1295AA8
C12A0C98
C12ABE43
C12B6FA6
C12C20C0
C12CD18F
C12D8212
C12E3246
C12EE22C
C12F91C2
C1304106
C130EFF9
C1319E99
C1324CE7
C132FAE2
C133A889
C13455DD
C13502DD
C135AF8A
C1365BE4
C13707EC
C137B3A1
C1385F04
C1390A15
C139B4D6
C13A5F47
C13B0969
C13BB33C
C13C5CC2
C13D05FB
C13DAEE9
C13E578B
C13EFFE4
C13FA7F5
C1404FBE
C140F740
C1419E7E
C1424577
C142EC2D
C14392A2
C14438D7
C144DECC
C1458483
C14629FD
C146CF3C
C1477441
C148190D
C148BDA1
C14961FE
C14A0626
C14AAA1A
C14B4DDB
C14BF16A
C14C94C9
C14D37F8
C14DDAF9
C14E7DCD
C14F2075
C14FC2F3
C1506546
C1510771
C151A975
C1524B52
C152ED0A
C1538E9D
C154300C
C154D15A
C1557285
C1561390
C156B47C
C1575549
C157F5F8
C1589689
C0C7CE62
C0C7F9B9
C0C825D3
C0C852B4
C0C88061
C0C8AEE1
C0C8DE38
C0C90E6B
C0C93F82
C0C97180
C0C9A46D
C0C9D84E
C0CA0D28
C0CA4304
C0CA79E5
C0CAB1D4
C0CAEAD6
C0CB24F2
C0CB602F
C0CB9C94
C0CBDA27
C0CC18F0
C0CC58F6
C0CC9A41
C0CCDCD7
C0CD20C0
C0CD6605
C0CDACAD
C0CDF4BF
C0CE3E45
C0CE8947
C0CED5CC
C0CF23DD
C0CF7383
C0CFC4C8
C0D017B3
C0D06C4D
C0D0C2A1
C0D11AB7
C0D17499
C0D1D050
C0D22DE6
C0D28D65
C0D2EED6
C0D35245
C0D3B7BA
C0D41F41
C0D488E3
C0D4F4AB
C0D562A3
C0D5D2D7
C0D64551
C0D6BA1B
C0D73140
C0D7AACC
C0D826C9
C0D8A542
C0D92643
C0D9A9D5
C0DA3004
C0DAB8DC
C0DB4466
C0DBD2AE
C0DC63BF
C0DCF7A3
C0DD8E65
C0DE2810
C0DEC4AD
C0DF6448
C0E006EA
C0E0AC9D
C0E1556B
C0E2015E
C0E2B07E
C0E362D4
C0E4186A
C0E4D147
C0E58D73
C0E64CF6
C0E70FD8
C0E7D61E
C0E89FCF
C0E96CF2
C0EA3D8A
C0EB119E
C0EBE931
C0ECC446
C0EDA2E2
C0EE8506
C0EF6AB5
C0F053EF
C0F140B4
C0F23105
C0F324E1
C0F41C45
C0F5172F
C0F6159D
C0F7178A
C0F81CF1
C0F925CC
C0FA3216
C0FB41C7
C0FC54D8
C0FD6B3F
C0FE84F2
C0FFA1E9
C100610C
C100F2B9
C10185F5
C1021ABB
C102B103
C10348C6
C103E1FD
C1047C9E
C10518A3
C105B603
C10654B5
C106F4AF
C10795EA
C108385B
C108DBFA
C10980BB
C10A2696
C10ACD80
C10B756F
C10C1E5A
C10CC835
C10D72F7
C10E1E95
C10ECB06
C10F783D
C1102632
C110D4DA
C111842B
C112341B
C112E4A0
C11395AF
C1144740
C114F949
C115ABC0
C1165E9C
C11711D3
C117C55E
C1187933
C1192D4A
C119E19B
C11A961D
C11B4AC9
C11BFF97
C11CB480
C11D697C
C11E1E86
C11ED396
C11F88A5
C1203DAF
C120F2AC
C121A798
C1225C6D
C1231126
C123C5BF
C1247A32
C1252E7B
C125E296
C1269680
C1274A34
C127FDB0
C128B0EF
C12963F0
C12A16AF
C12AC92A
C12B7B5E
C12C2D4A
C12CDEEB
C12D9040
C12E4147
C12EF1FF
C12FA266
C130527B
C131023E
C131B1AE
C13260C9
C1330F90
C133BE02
C1346C20
C13519E8
C135C75A
C1367478
C1372141
C137CDB5
C13879D5
C13925A1
C139D11A
C13A7C41
C13B2715
C13BD198
C13C7BCB
C13D25AF
C13DCF44
C13E788C
C13F2186
C13FCA36
C140729B
C1411AB6
C141C28A
C1426A16
C143115D
C143B85F
C1445F1D
C145059A
C145ABD5
C14651D1
C146F78F
C1479D0F
C1484253
C148E75D
C1498C2D
C14A30C5
C14AD527
C14B7953
C14C1D4A
C14CC10E
C14D64A0
C14E0802
C14EAB34
C14F4E37
C14FF10E
C15093B8
C1513637
C151D88C
C1527AB9
C1531CBE
C153BE9D
C1546055
C15501EA
C155A35A
C15644A8
C156E5D5
C15786E1
C15827CD
C158C89A
C159694A
C0C8F81C
C0C9236E
C0C94F81
C0C97C5D
C0C9AA05
C0C9D87F
C0CA07D0
C0CA37FF
C0CA6911
C0CA9B0B
C0CACDF3
C0CB01D0
C0CB36A7
C0CB6C7F
C0CBA35E
C0CBDB4A
C0CC1449
C0CC4E63
C0CC899E
C0CCC601
C0CD0393
C0CD425B
C0CD8261
C0CDC3AB
C0CE0641
C0CE4A2B
C0CE8F71
C0CED61A
C0CF1E2E
C0CF67B7
C0CFB2BB
C0CFFF43
C0D04D58
C0D09D03
C0D0EE4D
C0D1413D
C0D195DE
C0D1EC39
C0D24456
C0D29E40
C0D2FA00
C0D357A0
C0D3B729
C0D418A6
C0D47C21
C0D4E1A3
C0D54937
C0D5B2E8
C0D61EC0
C0D68CC9
C0D6FD0E
C0D76F9B
C0D7E479
C0D85BB3
C0D8D555
C0D9516A
C0D9CFFC
C0DA5116
C0DAD4C4
C0DB5B10
C0DBE405
C0DC6FAF
C0DCFE18
C0DD8F4C
C0DE2354
C0DEBA3C
C0DF540F
C0DFF0D6
C0E0909C
C0E1336B
C0E1D94E
C0E2824D
C0E32E73
C0E3DDC9
C0E49057
C0E54627
C0E5FF40
C0E6BBAB
C0E77B6F
C0E83E94
C0E90521
C0E9CF1B
C0EA9C89
C0EB6D70
C0EC41D5
C0ED19BC
C0EDF528
C0EED41E
C0EFB6A0
C0F09CAF
C0F1864C
C0F27378
C0F36434
C0F4587D
C0F55052
C0F64BB2
C0F74A98
C0F84D00
C0F952E7
C0FA5C46
C0FB6917
C0FC7953
C0FD8CF3
C0FEA3EC
C0FFBE37
C1006DE4
C100FE4B
C1019049
C10223DA
C102B8F5
C1034F95
C103E7B2
C1048144
C1051C44
C105B8A9
C106566A
C106F580
C10795E1
C1083784
C108DA60
C1097E6B
C10A239A
C10AC9E6
C10B7142
C10C19A6
C10CC307
C10D6D5A
C10E1896
C10EC4B0
C10F719E
C1101F55
C110CDCB
C1117CF5
C1122CCA
C112DD40
C1138E4C
C1143FE4
C114F1FF
C115A492
C1165796
C1170AFF
C117BEC6
C11872E0
C1192746
C119DBEE
C11A90D1
C11B45E6
C11BFB25
C11CB087
C11D6604
C11E1B96
C11ED134
C11F86D9
C1203C7E
C120F21D
C121A7B0
C1225D32
C123129C
C123C7EA
C1247D17
C125321E
C125E6FA
C1269BA8
C1275024
C128046A
C128B876
C1296C46
C12A1FD5
C12AD322
C12B862A
C12C38EA
C12CEB60
C12D9D8B
C12E4F67
C12F00F5
C12FB231
C130631C
C13113B3
C131C3F7
C13273E5
C133237E
C133D2C1
C13481AD
C1353042
C135DE80
C1368C68
C13739F8
C137E732
C1389415
C13940A2
C139ECDA
C13A98BD
C13B444B
C13BEF85
C13C9A6C
C13D4501
C13DEF45
C13E9938
C13F42DB
C13FEC31
C1409538
C1413DF4
C141E664
C1428E8B
C1433668
C143DDFE
C144854E
C1452C58
C145D31E
C14679A2
C1471FE4
C147C5E6
C1486BAA
C149112F
C149B679
C14A5B87
C14B005C
C14BA4F9
C14C495E
C14CED8D
C14D9188
C14E354F
C14ED8E4
C14F7C49
C1501F7D
C150C283
C151655B
C1520807
C152AA88
C1534CDF
C153EF0E
C1549114
C15532F4
C155D4AD
C1567643
C15717B4
C157B903
C1585A31
C158FB3D
C1599C2A
C15A3CF8
C0CA2286
C0CA4DD1
C0CA79E0
C0CAA6B6
C0CAD459
C0CB02CE
C0CB321B
C0CB6245
C0CB9353
C0CBC549
C0CBF82D
C0CC2C07
C0CC60DB
C0CC96AF
C0CCCD8B
C0CD0574
C0CD3E72
C0CD788A
C0CDB3C3
C0CDF025
C0CE2DB6
C0CE6C7E
C0CEAC83
C0CEEDCD
C0CF3064
C0CF744F
C0CFB996
C0D00041
C0D04858
C0D091E2
C0D0DCEA
C0D12976
C0D1778F
C0D1C73F
C0D2188D
C0D26B84
C0D2C02B
C0D3168D
C0D36EB2
C0D3C8A5
C0D4246E
C0D48217
C0D4E1AB
C0D54334
C0D5A6BA
C0D60C4A
C0D673EC
C0D6DDAC
C0D74993
C0D7B7AD
C0D82805
C0D89AA4
C0D90F96
C0D986E5
C0DA009D
C0DA7CC9
C0DAFB74
C0DB7CA8
C0DC0071
C0DC86DA
C0DD0FED
C0DD9BB7
C0DE2A41
C0DEBB97
C0DF4FC4
C0DFE6D2
C0E080CC
C0E11DBC
C0E1BDAD
C0E260AA
C0E306BB
C0E3AFEC
C0E45C44
C0E50BCF
C0E5BE95
C0E6749E
C0E72DF3
C0E7EA9C
C0E8AAA1
C0E96E09
C0EA34DB
C0EAFF1E
C0EBCCD7
C0EC9E0B
C0ED72C0
C0EE4AFB
C0EF26BE
C0F0060D
C0F0E8EB
C0F1CF59
C0F2B959
C0F3A6EC
C0F49810
C0F58CC6
C0F6850C
C0F780DF
C0F8803C
C0F98320
C0FA8985
C0FB9366
C0FCA0BD
C0FDB184
C0FEC5B1
C0FFDD3C
C1007C0E
C1010B24
C1019BD9
C1022E29
C102C20C
C103577D
C103EE74
C10486EA
C10520D7
C105BC34
C10658F8
C106F71C
C1079695
C108375C
C108D967
C1097CAC
C10A2123
C10AC6C1
C10B6D7C
C10C154A
C10CBE22
C10D67F9
C10E12C4
C10EBE7A
C10F6B0F
C110187A
C110C6B0
C11175A7
C1122554
C112D5AD
C11386A8
C114383B
C114EA5C
C1159D00
C116501F
C11703AF
C117B7A6
C1186BFC
C11920A6
C119D59D
C11A8AD7
C11B404C
C11BF5F5
C11CABC8
C11D61BF
C11E17D1
C11ECDF8
C11F842D
C1203A68
C120F0A4
C121A6D9
C1225D03
C123131B
C123C91B
C1247EFF
C12534C2
C125EA5F
C1269FD0
C1275513
C1280A23
C128BEFC
C129739A
C12A27FB
C12ADC1C
C12B8FF8
C12C438E
C12CF6DC
C12DA9DF
C12E5C94
C12F0EFB
C12FC110
C13072D4
C1312444
C131D560
C1328626
C1333695
C133E6AE
C134966E
C13545D6
C135F4E6
C136A39D
C13751FB
C1380000
C138ADAD
C1395B02
C13A07FF
C13AB4A4
C13B60F2
C13C0CEA
C13CB88C
C13D63D9
C13E0ED2
C13EB978
C13F63CC
C1400DCE
C140B780
C14160E2
C14209F6
C142B2BE
C1435B39
C1440369
C144AB51
C14552F0
C145FA47
C146A15A
C1474827
C147EEB2
C14894FB
C1493B03
C149E0CC
C14A8657
C14B2BA5
C14BD0B9
C14C7592
C14D1A32
C14DBE9B
C14E62CE
C14F06CC
C14FAA96
C1504E2E
C150F194
C15194CB
C15237D3
C152DAAE
C1537D5C
C1541FDE
C154C237
C1556466
C156066E
C156A84F
C1574A0A
C157EBA0
C1588D13
C1592E63
C159CF91
C15A709E
C15B118C
C0CB4D97
C0CB78DE
C0CBA4E7
C0CBD1B8
C0CBFF57
C0CC2DC7
C0CC5D10
C0CC8D37
C0CCBE40
C0CCF032
C0CD2314
C0CD56EA
C0CD8BBB
C0CDC18D
C0CDF866
C0CE304E
C0CE6949
C0CEA360
C0CEDE98
C0CF1AF9
C0CF5889
C0CF9750
C0CFD756
C0D018A0
C0D05B38
C0D09F24
C0D0E46D
C0D12B1A
C0D17333
C0D1BCC1
C0D207CC
C0D2545C
C0D2A27A
C0D2F22F
C0D34383
C0D3967F
C0D3EB2D
C0D44196
C0D499C4
C0D4F3BF
C0D54F91
C0D5AD45
C0D60CE4
C0D66E78
C0D6D20B
C0D737A7
C0D79F58
C0D80926
C0D8751E
C0D8E349
C0D953B2
C0D9C664
C0DA3B6A
C0DAB2CE
C0DB2C9D
C0DBA8E0
C0DC27A3
C0DCA8F1
C0DD2CD5
C0DDB35A
C0DE3C8C
C0DEC874
C0DF5720
C0DFE898
C0E07CE9
C0E1141C
C0E1AE3D
C0E24B57
C0E2EB73
C0E38E9C
C0E434DC
C0E4DE3D
C0E58AC9
C0E63A88
C0E6ED84
C0E7A3C7
C0E85D57
C0E91A3E
C0E9DA83
C0EA9E2D
C0EB6544
C0EC2FCE
C0ECFDD1
C0EDCF53
C0EEA458
C0EF7CE5
C0F058FD
C0F138A5
C0F21BDE
C0F302AB
C0F3ED0D
C0F4DB05
C0F5CC92
C0F6C1B3
C0F7BA68
C0F8B6AD
C0F9B681
C0FAB9DE
C0FBC0C0
C0FCCB23
C0FDD8FF
C0FEEA4E
C0FFFF07
C1008B92
C101194C
C101A8AE
C10239B2
C102CC51
C1036087
C103F64C
C1048D99
C1052668
C105C0B0
C1065C69
C106F98D
C1079811
C10837ED
C108D919
C1097B8B
C10A1F3A
C10AC41C
C10B6A27
C10C1152
C10CB992
C10D62DD
C10E0D29
C10EB86C
C10F649B
C11011AB
C110BF93
C1116E48
C1121DBF
C112CDEE
C1137ECB
C114304C
C114E266
C115950F
C116483E
C116FBE8
C117B005
C118648A
C119196E
C119CEA9
C11A8431
C11B39FD
C11BF006
C11CA642
C11D5CAA
C11E1336
C11EC9DF
C11F809C
C1203767
C120EE3A
C121A50D
C1225BDA
C123129B
C123C94B
C1247FE3
C125365E
C125ECB8
C126A2EB
C12758F4
C1280ECC
C128C471
C12979DF
C12A2F12
C12AE406
C12B98B8
C12C4D26
C12D014D
C12DB52A
C12E68BB
C12F1BFD
C12FCEF0
C1308190
C13133DD
C131E5D5
C1329777
C13348C1
C133F9B4
C134AA4E
C1355A8E
C1360A75
C136BA01
C1376933
C138180A
C138C687
C13974A9
C13A2271
C13ACFE0
C13B7CF5
C13C29B1
C13CD615
C13D8221
C13E2DD7
C13ED936
C13F8440
C1402EF6
C140D959
C1418369
C1422D29
C142D698
C1437FB8
C144288A
C144D110
C145794A
C146213B
C146C8E2
C1477042
C148175C
C148BE31
C14964C2
C14A0B11
C14AB11F
C14B56ED
C14BFC7E
C14CA1D1
C14D46E8
C14DEBC5
C14E906A
C14F34D6
C14FD90C
C1507D0D
C15120DA
C151C475
C15267DE
C1530B17
C153AE21
C15450FD
C154F3AD
C1559631
C156388B
C156DABC
C1577CC5
C1581EA7
C158C063
C15961FA
C15A036E
C15AA4BE
C15B45ED
C15BE6FB
C0CC794B
C0CCA48D
C0CCD092
C0CCFD5E
C0CD2AF8
C0CD5965
C0CD88AA
C0CDB8CC
C0CDE9D2
C0CE1BC2
C0CE4EA0
C0CE8273
C0CEB742
C0CEED12
C0CF23E9
C0CF5BCE
C0CF94C9
C0CFCEDE
C0D00A15
C0D04675
C0D08406
C0D0C2CD
C0D102D3
C0D1441E
C0D186B7
C0D1CAA5
C0D20FEF
C0D2569F
C0D29EBB
C0D2E84C
C0D3335A
C0D37FEF
C0D3CE11
C0D41DCB
C0D46F25
C0D4C228
C0D516DD
C0D56D4E
C0D5C583
C0D61F87
C0D67B63
C0D6D921
C0D738CB
C0D79A6A
C0D7FE0A
C0D863B4
C0D8CB72
C0D93550
C0D9A157
C0DA0F93
C0DA800E
C0DAF2D3
C0DB67ED
C0DBDF66
C0DC594B
C0DCD5A5
C0DD5481
C0DDD5E9
C0DE59E8
C0DEE089
C0DF69D9
C0DFF5E1
C0E084AC
C0E11647
C0E1AABB
C0E24214
C0E2DC5C
C0E3799F
C0E419E5
C0E4BD3B
C0E563A9
C0E60D3A
C0E6B9F8
C0E769EB
C0E81D1E
C0E8D398
C0E98D64
C0EA4A87
C0EB0B0C
C0EBCEF8
C0EC9653
C0ED6124
C0EE2F71
C0EF013E
C0EFD692
C0F0AF71
C0F18BDE
C0F26BDD
C0F34F71
C0F4369C
C0F5215E
C0F60FB9
C0F701AE
C0F7F73A
C0F8F05C
C0F9ED13
C0FAED5C
C0FBF131
C0FCF890
C0FE0372
C0FF11D2
C10011D4
C1009C77
C10128CC
C101B6D0
C102467D
C102D7CF
C1036ABE
C103FF45
C104955E
C1052D01
C105C627
C10660C9
C106FCDF
C1079A60
C1083945
C108D983
C1097B14
C10A1DEC
C10AC204
C10B6750
C10C0DC8
C10CB562
C10D5E13
C10E07D1
C10EB292
C10F5E4B
C1100AF3
C110B87E
C11166E3
C1121616
C112C60D
C11376BE
C114281F
C114DA25
C1158CC6
C1163FF7
C116F3B0
C117A7E6
C1185C8F
C11911A2
C119C716
C11A7CE1
C11B32FA
C11BE959
C11C9FF5
C11D56C6
C11E0DC3
C11EC4E5
C11F7C24
C1203378
C120EADB
C121A246
C12259B1
C1231117
C123C870
C1247FB9
C12536E9
C125EDFE
C126A4F0
C1275BBB
C128125B
C128C8CB
C1297F07
C12A350B
C12AEAD3
C12BA05C
C12C55A3
C12D0AA4
C12DBF5D
C12E73CB
C12F27EC
C12FDBBD
C1308F3D
C131426A
C131F542
C132A7C4
C13359EE
C1340BBF
C134BD37
C1356E55
C1361F17
C136CF7E
C1377F89
C1382F38
C138DE8A
C1398D81
C13A3C1B
C13AEA59
C13B983B
C13C45C2
C13CF2EF
C13D9FC1
C13E4C3A
C13EF85A
C13FA422
C1404F93
C140FAAD
C141A573
C1424FE4
C142FA02
C143A3CE
C1444D49
C144F675
C1459F52
C14647E2
C146F025
C147981F
C1483FCE
C148E736
C1498E57
C14A3533
C14ADBCA
C14B821F
C14C2833
C14CCE06
C14D739B
C14E18F3
C14EBE0E
C14F62F0
C1500797
C150AC07
C1515040
C151F444
C1529814
C1533BB1
C153DF1C
C1548257
C1552563
C155C842
C1566AF3
C1570D79
C157AFD4
C1585207
C158F411
C15995F4
C15A37B1
C15AD949
C15B7ABD
C15C1C0F
C15CBD3E
C0CDA59B
C0CDD0D8
C0CDFCD8
C0CE29A1
C0CE5737
C0CE85A0
C0CEB4E1
C0CEE501
C0CF1604
C0CF47F0
C0CF7ACC
C0CFAE9C
C0CFE369
C0D01937
C0D0500C
C0D087F0
C0D0C0E9
C0D0FAFE
C0D13634
C0D17294
C0D1B025
C0D1EEEC
C0D22EF3
C0D2703F
C0D2B2DA
C0D2F6C9
C0D33C16
C0D382C8
C0D3CAE7
C0D4147C
C0D45F8E
C0D4AC27
C0D4FA4F
C0D54A0E
C0D59B6E
C0D5EE77
C0D64333
C0D699AC
C0D6F1E9
C0D74BF6
C0D7A7DC
C0D805A4
C0D86559
C0D8C704
C0D92AB0
C0D99068
C0D9F834
C0DA6221
C0DACE39
C0DB3C85
C0DBAD12
C0DC1FEA
C0DC9518
C0DD0CA6
C0DD86A1
C0DE0313
C0DE8207
C0DF0388
C0DF87A2
C0E00E60
C0E097CD
C0E123F3
C0E1B2E0
C0E2449C
C0E2D934
C0E370B2
C0E40B21
C0E4A88B
C0E548FC
C0E5EC7D
C0E69319
C0E73CDA
C0E7E9C9
C0E899F0
C0E94D59
C0EA040B
C0EABE11
C0EB7B71
C0EC3C34
C0ED0061
C0EDC800
C0EE9317
C0EF61AC
C0F033C5
C0F10967
C0F1E296
C0F2BF57
C0F39FAD
C0F4839A
C0F56B21
C0F65643
C0F74502
C0F8375C
C0F92D51
C0FA26E1
C0FB2408
C0FC24C4
C0FD2911
C0FE30EA
C0FF3C4B
C1002596
C100AEC5
C10139AC
C101C648
C1025495
C102E48D
C103762B
C1040969
C1049E41
C10534AD
C105CCA5
C1066622
C107011E
C1079D8F
C1083B6D
C108DAB1
C1097B52
C10A1D46
C10AC084
C10B6504
C10C0ABA
C10CB19E
C10D59A6
C10E02C7
C10EACF7
C10F582D
C110045C
C110B17C
C1115F82
C1120E62
C112BE13
C1136E8A
C1141FBD
C114D1A1
C115842C
C1163754
C116EB0E
C1179F50
C1185411
C1190947
C119BEE8
C11A74EB
C11B2B47
C11BE1F2
C11C98E3
C11D5013
C11E0778
C11EBF0B
C11F76C4
C1202E99
C120E686
C1219E81
C1225684
C1230E88
C123C687
C1247E7A
C125365C
C125EE27
C126A5D5
C1275D60
C12814C5
C128CBFE
C1298307
C12A39DB
C12AF076
C12BA6D6
C12C5CF5
C12D12D1
C12DC867
C12E7DB4
C12F32B5
C12FE768
C1309BCA
C1314FDA
C1320395
C132B6FA
C1336A07
C1341CBC
C134CF16
C1358116
C13632B9
C136E400
C13794E9
C1384575
C138F5A3
C139A573
C13A54E5
C13B03F9
C13BB2AF
C13C6108
C13D0F03
C13DBCA2
C13E69E5
C13F16CC
C13FC359
C1406F8C
C1411B65
C141C6E7
C1427211
C1431CE5
C143C765
C1447190
C1451B68
C145C4EF
C1466E25
C147170D
C147BFA6
C14867F3
C1490FF4
C149B7AC
C14A5F1B
C14B0643
C14BAD25
C14C53C3
C14CFA1D
C14DA036
C14E460F
C14EEBA8
C14F9104
C1503624
C150DB09
C1517FB4
C1522427
C152C863
C1536C6A
C154103C
C154B3DB
C1555749
C155FA86
C1569D94
C1574074
C157E327
C15885AE
C159280B
C159CA3F
C15A6C4A
C15B0E2E
C15BAFEC
C15C5185
C15CF2FA
C15D944C
C0CED280
C0CEFDB9
C0CF29B6
C0CF567A
C0CF840D
C0CFB273
C0CFE1B1
C0D011CD
C0D042CD
C0D074B7
C0D0A790
C0D0DB5F
C0D11029
C0D145F6
C0D17CCA
C0D1B4AD
C0D1EDA5
C0D227B9
C0D262EF
C0D29F4F
C0D2DCE0
C0D31BA8
C0D35BB0
C0D39CFE
C0D3DF99
C0D4238B
C0D468DA
C0D4AF8F
C0D4F7B2
C0D5414A
C0D58C61
C0D5D8FE
C0D6272B
C0D676F0
C0D6C856
C0D71B66
C0D77029
C0D7C6A9
C0D81EF0
C0D87906
C0D8D4F5
C0D932C8
C0D99288
C0D9F43F
C0DA57F8
C0DABDBC
C0DB2597
C0DB8F93
C0DBFBBB
C0DC6A18
C0DCDAB7
C0DD4DA1
C0DDC2E3
C0DE3A87
C0DEB497
C0DF3120
C0DFB02C
C0E031C7
C0E0B5FC
C0E13CD6
C0E1C660
C0E252A5
C0E2E1B2
C0E37390
C0E4084B
C0E49FED
C0E53A82
C0E5D815
C0E678AF
C0E71C5C
C0E7C325
C0E86D15
C0E91A36
C0E9CA90
C0EA7E2E
C0EB3517
C0EBEF56
C0ECACF2
C0ED6DF3
C0EE3261
C0EEFA42
C0EFC59E
C0F0947B
C0F166DE
C0F23CCD
C0F3164D
C0F3F360
C0F4D40B
C0F5B851
C0F6A034
C0F78BB4
C0F87AD4
C0F96D93
C0FA63F1
C0FB5DEC
C0FC5B82
C0FD5CB0
C0FE6173
C0FF69C6
C1003AD2
C100C283
C1014BF4
C101D71F
C1026402
C102F297
C10382D9
C10414C3
C104A84F
C1053D77
C105D435
C1066C81
C1070655
C107A1A8
C1083E74
C108DCAF
C1097C52
C10A1D53
C10ABFAA
C10B634D
C10C0834
C10CAE54
C10D55A3
C10DFE19
C10EA7A9
C10F524B
C10FFDF4
C110AA9A
C1115831
C11206B0
C112B60C
C113663B
C1141731
C114C8E5
C1157B4C
C1162E5B
C116E209
C117964B
C1184B17
C1190063
C119B626
C11A6C55
C11B22E7
C11BD9D3
C11C9110
C11D4894
C11E0058
C11EB852
C11F707B
C12028CA
C120E137
C12199BC
C1225250
C1230AEC
C123C38A
C1247C23
C12534B1
C125ED2D
C126A592
C1275DDB
C1281601
C128CE00
C12985D4
C12A3D76
C12AF4E4
C12BAC19
C12C6310
C12D19C8
C12DD03B
C12E8668
C12F3C4A
C12FF1E0
C130A726
C1315C1B
C13210BC
C132C507
C13378FB
C1342C96
C134DFD7
C13592BC
C1364545
C136F770
C137A93D
C1385AAB
C1390BBA
C139BC6A
C13A6CB9
C13B1CA9
C13BCC39
C13C7B6A
C13D2A3B
C13DD8AD
C13E86C1
C13F3476
C13FE1CE
C1408ECA
C1413B6A
C141E7AF
C1429399
C1433F2B
C143EA64
C1449547
C1453FD3
C145EA0B
C14693EF
C1473D81
C147E6C2
C1488FB3
C1493855
C149E0AB
C14A88B4
C14B3074
C14BD7EA
C14C7F18
C14D2601
C14DCCA4
C14E7304
C14F1922
C14FBEFF
C150649D
C15109FD
C151AF20
C1525409
C152F8B7
C1539D2E
C154416D
C154E576
C155894B
C1562CEC
C156D05C
C157739B
C15816AB
C158B98C
C1595C41
C159FEC9
C15AA128
C15B435C
C15BE569
C15C874E
C15D290D
C15DCAA6
C15E6C1C
C0CFFFF5
C0D02B2A
C0D05723
C0D083E5
C0D0B174
C0D0DFD7
C0D10F12
C0D13F2C
C0D17029
C0D1A211
C0D1D4E8
C0D208B5
C0D23D7E
C0D27349
C0D2AA1C
C0D2E1FE
C0D31AF6
C0D35509
C0D39040
C0D3CCA0
C0D40A31
C0D448FA
C0D48903
C0D4CA52
C0D50CF0
C0D550E4
C0D59636
C0D5DCEE
C0D62514
C0D66EB0
C0D6B9CB
C0D7066D
C0D7549F
C0D7A46A
C0D7F5D6
C0D848ED
C0D89DB8
C0D8F440
C0D94C8F
C0D9A6AE
C0DA02A8
C0DA6085
C0DAC050
C0DB2213
C0DB85D9
C0DBEBAB
C0DC5394
C0DCBD9F
C0DD29D6
C0DD9845
C0DE08F5
C0DE7BF3
C0DEF148
C0DF6900
C0DFE327
C0E05FC7
C0E0DEEB
C0E1609F
C0E1E4EE
C0E26BE4
C0E2F58B
C0E381EF
C0E4111B
C0E4A31B
C0E537F8
C0E5CFBF
C0E66A7A
C0E70835
C0E7A8F8
C0E84CD0
C0E8F3C6
C0E99DE5
C0EA4B35
C0EAFBC2
C0EBAF94
C0EC66B5
C0ED212C
C0EDDF03
C0EEA041
C0EF64EE
C0F02D12
C0F0F8B2
C0F1C7D6
C0F29A83
C0F370BE
C0F44A8C
C0F527F1
C0F608F1
C0F6ED8E
C0F7D5CB
C0F8C1A9
C0F9B12A
C0FAA44C
C0FB9B11
C0FC9576
C0FD937A
C0FE9519
C0FF9A50
C100518E
C100D7BA
C1015FAB
C101E95D
C10274CC
C10301F4
C10390D0
C104215C
C104B391
C105476A
C105DCE2
C10673F1
C1070C90
C107A6B9
C1084264
C108DF89
C1097E21
C10A1E21
C10ABF82
C10B623B
C10C0643
C10CAB90
C10D5218
C10DF9D3
C10EA2B4
C10F4CB4
C10FF7C7
C110A3E2
C11150FD
C111FF0B
C112AE03
C1135DDA
C1140E86
C114BFFB
C115722F
C1162519
C116D8AC
C1178CE0
C11841AA
C118F6FF
C119ACD6
C11A6325
C11B19E1
C11BD103
C11C887F
C11D404E
C11DF865
C11EB0BD
C11F694D
C120220B
C120DAF1
C12193F7
C1224D13
C1230641
C123BF77
C12478AF
C12531E3
C125EB0C
C126A424
C1275D24
C1281608
C128CECA
C1298765
C12A3FD3
C12AF811
C12BB01A
C12C67E9
C12D1F7A
C12DD6CB
C12E8DD7
C12F449C
C12FFB15
C130B141
C131671D
C1321CA6
C132D1DA
C13386B8
C1343B3C
C134EF67
C135A336
C13656A8
C13709BC
C137BC72
C1386EC7
C13920BC
C139D250
C13A8383
C13B3455
C13BE4C5
C13C94D3
C13D4480
C13DF3CC
C13EA2B7
C13F5141
C13FFF6C
C140AD37
C1415AA4
C14207B3
C142B465
C14360BB
C1440CB6
C144B857
C145639F
C1460E8F
C146B928
C147636C
C1480D5B
C148B6F8
C1496043
C14A093D
C14AB1E8
C14B5A46
C14C0257
C14CAA1E
C14D519B
C14DF8CF
C14E9FBE
C14F4667
C14FECCC
C15092EE
C15138D0
C151DE72
C15283D6
C15328FD
C153CDE9
C154729B
C1551714
C155BB56
C1565F61
C1570338
C157A6DC
C1584A4E
C158ED8F
C15990A0
C15A3383
C15AD639
C15B78C3
C15C1B23
C15CBD58
C15D5F66
C15E014C
C15EA30C
C15F44A6
C0D12DF4
C0D15926
C0D1851C
C0D1B1DA
C0D1DF66
C0D20DC6
C0D23CFF
C0D26D16
C0D29E12
C0D2CFF8
C0D302CD
C0D33699
C0D36B60
C0D3A12A
C0D3D7FC
C0D40FDE
C0D448D5
C0D482E8
C0D4BE1F
C0D4FA80
C0D53812
C0D576DC
C0D5B6E6
C0D5F838
C0D63AD8
C0D67ECE
C0D6C423
C0D70ADE
C0D75308
C0D79CA8
C0D7E7C7
C0D8346F
C0D882A6
C0D8D277
C0D923E9
C0D97707
C0D9CBDA
C0DA226A
C0DA7AC2
C0DAD4EA
C0DB30ED
C0DB8ED5
C0DBEEAB
C0DC507B
C0DCB44D
C0DD1A2D
C0DD8224
C0DDEC3E
C0DE5885
C0DEC705
C0DF37C7
C0DFAAD7
C0E02040
C0E0980D
C0E11249
C0E18F00
C0E20E3C
C0E29009
C0E31473
C0E39B84
C0E42548
C0E4B1CA
C0E54116
C0E5D336
C0E66836
C0E70021
C0E79B02
C0E838E3
C0E8D9CF
C0E97DD2
C0EA24F4
C0EACF41
C0EB7CC1
C0EC2D80
C0ECE186
C0ED98DC
C0EE538C
C0EF119D
C0EFD317
C0F09803
C0F16068
C0F22C4C
C0F2FBB6
C0F3CEAB
C0F4A531
C0F57F4D
C0F65D03
C0F73E56
C0F82349
C0F90BDF
C0F9F81A
C0FAE7F9
C0FBDB7E
C0FCD2A9
C0FDCD77
C0FECBE6
C0FFCDF5
C10069D0
C100EE71
C10174DA
C101FD0A
C10286FD
C10312AF
C103A01B
C1042F3D
C104C011
C1055291
C105E6B7
C1067C7C
C10713DC
C107ACCE
C108474C
C108E34D
C10980CB
C10A1FBD
C10AC01B
C10B61DB
C10C04F5
C10CA960
C10D4F13
C10DF603
C10E9E27
C10F4774
C10FF1E2
C1109D65
C11149F3
C111F781
C112A606
C1135576
C11405C7
C114B6EF
C11568E2
C1161B97
C116CF02
C1178319
C11837D2
C118ED23
C119A301
C11A5963
C11B103D
C11BC788
C11C7F38
C11D3745
C11DEFA5
C11EA84F
C11F613B
C1201A60
C120D3B5
C1218D32
C12246D0
C1230085
C123BA4C
C124741D
C1252DF0
C125E7BF
C126A184
C1275B37
C12814D4
C128CE55
C12987B3
C12A40EB
C12AF9F6
C12BB2D0
C12C6B74
C12D23DF
C12DDC0C
C12E93F7
C12F4B9D
C13002FB
C130BA0D
C13170D1
C1322743
C132DD62
C133932C
C134489D
C134FDB5
C135B271
C13666D0
C1371AD1
C137CE73
C13881B4
C1393494
C139E712
C13A992D
C13B4AE6
C13BFC3B
C13CAD2D
C13D5DBC
C13E0DE8
C13EBDB0
C13F6D16
C1401C1A
C140CABC
C14178FD
C14226DD
C142D45E
C143817F
C1442E43
C144DAAA
C14586B4
C1463264
C146DDB9
C14788B6
C148335C
C148DDAB
C14987A5
C14A314C
C14ADAA0
C14B83A3
C14C2C57
C14CD4BD
C14D7CD5
C14E24A3
C14ECC26
C14F7361
C1501A55
C150C103
C151676D
C1520D94
C152B37A
C1535921
C153FE88
C154A3B3
C15548A2
C155ED57
C15691D2
C1573617
C157DA25
C1587DFE
C15921A4
C159C518
C15A685A
C15B0B6D
C15BAE52
C15C5109
C15CF395
C15D95F5
C15E382C
C15EDA3A
C15F7C21
C1601DE2
C0D25C78
C0D287A7
C0D2B399
C0D2E055
C0D30DDF
C0D33C3C
C0D36B73
C0D39B88
C0D3CC82
C0D3FE66
C0D4313A
C0D46504
C0D499CA
C0D4CF93
C0D50665
C0D53E46
C0D5773D
C0D5B151
C0D5EC88
C0D628EA
C0D6667D
C0D6A549
C0D6E554
C0D726A8
C0D7694A
C0D7AD43
C0D7F29B
C0D8395A
C0D88187
C0D8CB2C
C0D91650
C0D962FC
C0D9B139
C0DA0110
C0DA5289
C0DAA5AE
C0DAFA88
C0DB5120
C0DBA981
C0DC03B3
C0DC5FC0
C0DCBDB2
C0DD1D94
C0DD7F6F
C0DDE34E
C0DE493B
C0DEB141
C0DF1B6A
C0DF87C1
C0DFF651
C0E06725
C0E0DA48
C0E14FC4
C0E1C7A6
C0E241F7
C0E2BEC5
C0E33E19
C0E3BFFF
C0E44482
C0E4CBAF
C0E5558F
C0E5E22F
C0E6719A
C0E703DB
C0E798FD
C0E8310C
C0E8CC11
C0E96A19
C0EA0B2E
C0EAAF5A
C0EB56A8
C0EC0122
C0ECAED2
C0ED5FC2
C0EE13FB
C0EECB87
C0EF866E
C0F044B8
C0F1066E
C0F1CB98
C0F2943D
C0F36064
C0F43012
C0F5034F
C0F5DA20
C0F6B488
C0F7928D
C0F87433
C0F9597B
C0FA4269
C0FB2EFE
C0FC1F3C
C0FD1322
C0FE0AB1
C0FF05E6
C1000260
C100839F
C10106AD
C1018B88
C102122E
C1029A9C
C10324CF
C103B0C2
C1043E72
C104CDDA
C1055EF6
C105F1BF
C1068630
C1071C43
C107B3F2
C1084D36
C108E807
C109845F
C10A2234
C10AC180
C10B623A
C10C0458
C10CA7D3
C10D4CA0
C10DF2B7
C10E9A0E
C10F429B
C10FEC53
C110972E
C1114320
C111F01F
C1129E21
C1134D1B
C113FD03
C114ADCE
C1155F71
C11611E2
C116C516
C1177902
C1182D9C
C118E2DA
C11998B2
C11A4F18
C11B0604
C11BBD6A
C11C7541
C11D2D80
C11DE61D
C11E9F0F
C11F584C
C12011CC
C120CB86
C1218571
C1223F86
C122F9BB
C123B40A
C1246E6B
C12528D6
C125E345
C1269DB0
C1275811
C1281261
C128CC9B
C12986B9
C12A40B5
C12AFA8A
C12BB432
C12C6DA9
C12D26EB
C12DDFF2
C12E98BB
C12F5143
C1300984
C130C17D
C1317929
C1323086
C132E791
C1339E48
C13454A8
C1350AAF
C135C05B
C13675AB
C1372A9C
C137DF2E
C138935E
C139472E
C139FA9A
C13AADA3
C13B6048
C13C1288
C13CC464
C13D75DA
C13E26EC
C13ED798
C13F87E0
C14037C3
C140E742
C141965E
C1424516
C142F36C
C143A161
C1444EF4
C144FC27
C145A8FC
C1465572
C147018C
C147AD49
C14858AC
C14903B6
C149AE67
C14A58C1
C14B02C6
C14BAC76
C14C55D3
C14CFEDF
C14DA79B
C14E5008
C14EF828
C14F9FFC
C1504785
C150EEC6
C15195BF
C1523C72
C152E2E1
C153890D
C1542EF7
C154D4A1
C1557A0C
C1561F3A
C156C42C
C15768E4
C1580D62
C158B1A9
C15955BA
C159F995
C15A9D3D
C15B40B2
C15BE3F7
C15C870B
C15D29F1
C15DCCAA
C15E6F36
C15F1198
C15FB3D0
C16055DF
C160F7C7
C0D38B7B
C0D3B6A7
C0D3E297
C0D40F50
C0D43CD8
C0D46B33
C0D49A67
C0D4CA7B
C0D4FB73
C0D52D55
C0D56028
C0D593F1
C0D5C8B7
C0D5FE80
C0D63551
C0D66D32
C0D6A629
C0D6E03D
C0D71B75
C0D757D8
C0D7956C
C0D7D439
C0D81447
C0D8559C
C0D89841
C0D8DC3D
C0D92198
C0D9685B
C0D9B08C
C0D9FA35
C0DA455E
C0DA920F
C0DAE052
C0DB302F
C0DB81AF
C0DBD4DB
C0DC29BD
C0DC805E
C0DCD8C7
C0DD3302
C0DD8F19
C0DDED16
C0DE4D03
C0DEAEEA
C0DF12D6
C0DF78D0
C0DFE0E4
C0E04B1D
C0E0B784
C0E12624
C0E1970A
C0E20A3F
C0E27FCE
C0E2F7C4
C0E3722B
C0E3EF0F
C0E46E7B
C0E4F079
C0E57517
C0E5FC5E
C0E6865B
C0E71318
C0E7A2A2
C0E83503
C0E8CA47
C0E96278
C0E9FDA3
C0EA9BD1
C0EB3D0D
C0EBE163
C0EC88DC
C0ED3383
C0EDE162
C0EE9282
C0EF46EE
C0EFFEAE
C0F0B9CB
C0F1784E
C0F23A3F
C0F2FFA6
C0F3C88A
C0F494F2
C0F564E5
C0F63869
C0F70F82
C0F7EA36
C0F8C88A
C0F9AA80
C0FA901C
C0FB7961
C0FC6650
C0FD56EA
C0FE4B30
C0FF4322
C1001F5F
C1009F00
C1012075
C101A3BB
C10228D0
C102AFB2
C103385D
C103C2CF
C1044F03
C104DCF6
C1056CA3
C105FE05
C1069116
C10725D2
C107BC32
C1085430
C108EDC4
C10988E8
C10A2594
C10AC3C1
C10B6365
C10C047A
C10CA6F6
C10D4AD0
C10DEFFF
C10E9679
C10F3E36
C10FE72A
C110914D
C1113C94
C111E8F4
C1129664
C11344D8
C113F447
C114A4A5
C11555E9
C1160806
C116BAF4
C1176EA6
C1182313
C118D830
C1198DF2
C11A4450
C11AFB3E
C11BB2B3
C11C6AA4
C11D2309
C11DDBD6
C11E9503
C11F4E86
C1200856
C120C269
C1217CB8
C122373A
C122F1E6
C123ACB4
C124679C
C1252297
C125DD9D
C12698A7
C12753AE
C1280EAC
C128C99A
C1298472
C12A3F2D
C12AF9C7
C12BB43A
C12C6E81
C12D2896
C12DE276
C12E9C1B
C12F5582
C1300EA6
C130C785
C1318019
C1323861
C132F059
C133A7FF
C1345F4E
C1351647
C135CCE5
C1368327
C137390C
C137EE91
C138A3B5
C1395877
C13A0CD6
C13AC0D1
C13B7467
C13C2797
C13CDA61
C13D8CC5
C13E3EC2
C13EF059
C13FA188
C1405251
C14102B4
C141B2B1
C1426248
C143117A
C143C048
C1446EB2
C1451CBA
C145CA5F
C14677A4
C1472488
C147D10E
C1487D36
C1492901
C149D470
C14A7F86
C14B2A42
C14BD4A7
C14C7EB5
C14D286F
C14DD1D5
C14E7AE9
C14F23AC
C14FCC21
C1507447
C1511C21
C151C3B1
C1526AF7
C15311F6
C153B8AE
C1545F21
C1550551
C155AB3F
C15650ED
C156F65B
C1579B8C
C1584081
C158E53C
C15989BD
C15A2E06
C15AD218
C15B75F6
C15C19A0
C15CBD17
C15D605D
C15E0373
C15EA65A
C15F4914
C15FEBA2
C1608E04
C161303D
C161D24D
C0D4BAF8
C0D4E622
C0D51210
C0D53EC6
C0D56C4C
C0D59AA5
C0D5C9D8
C0D5F9EA
C0D62AE1
C0D65CC2
C0D68F94
C0D6C35C
C0D6F821
C0D72DE9
C0D764BB
C0D79C9C
C0D7D593
C0D80FA8
C0D84AE1
C0D88744
C0D8C4DA
C0D903A9
C0D943B9
C0D98511
C0D9C7B8
C0DA0BB7
C0DA5116
C0DA97DB
C0DAE011
C0DB29BF
C0DB74EC
C0DBC1A3
C0DC0FEC
C0DC5FCF
C0DCB156
C0DD0489
C0DD5973
C0DDB01B
C0DE088D
C0DE62D2
C0DEBEF3
C0DF1CFB
C0DF7CF3
C0DFDEE6
C0E042DF
C0E0A8E7
C0E11109
C0E17B50
C0E1E7C6
C0E25678
C0E2C76E
C0E33AB6
C0E3B059
C0E42863
C0E4A2DF
C0E51FD9
C0E59F5C
C0E62173
C0E6A62A
C0E72D8C
C0E7B7A4
C0E8447F
C0E8D427
C0E966A8
C0E9FC0D
C0EA9461
C0EB2FB0
C0EBCE03
C0EC6F67
C0ED13E5
C0EDBB89
C0EE665C
C0EF1469
C0EFC5B9
C0F07A57
C0F1324B
C0F1ED9E
C0F2AC58
C0F36E83
C0F43426
C0F4FD49
C0F5C9F2
C0F69A28
C0F76DF1
C0F84552
C0F92051
C0F9FEF1
C0FAE138
C0FBC727
C0FCB0C1
C0FD9E08
C0FE8EFE
C0FF83A2
C1003DFA
C100BBFA
C1013BD0
C101BD7A
C10240F8
C102C646
C1034D62
C103D64A
C10460F9
C104ED6E
C1057BA3
C1060B93
C1069D3B
C1073094
C107C59A
C1085C45
C108F490
C1098E74
C10A29EA
C10AC6EA
C10B656C
C10C0569
C10CA6D8
C10D49B0
C10DEDE8
C10E9377
C10F3A54
C10FE276
C1108BD1
C111365D
C111E20F
C1128EDC
C1133CBC
C113EBA2
C1149B84
C1154C58
C115FE13
C116B0AB
C1176414
C1181844
C118CD31
C11982CF
C11A3915
C11AEFF8
C11BA76D
C11C5F6B
C11D17E7
C11DD0D8
C11E8A33
C11F43EF
C11FFE03
C120B865
C121730D
C1222DF1
C122E908
C123A44C
C1245FB2
C1251B34
C125D6C9
C126926A
C1274E10
C12809B4
C128C54F
C12980DA
C12A3C50
C12AF7AA
C12BB2E3
C12C6DF5
C12D28DB
C12DE38F
C12E9E0E
C12F5852
C1301258
C130CC1A
C1318597
C1323EC9
C132F7AE
C133B042
C1346882
C135206D
C135D7FF
C1368F36
C1374610
C137FC8C
C138B2A6
C139685F
C13A1DB4
C13AD2A5
C13B8730
C13C3B55
C13CEF13
C13DA269
C13E5557
C13F07DD
C13FB9FA
C1406BAF
C1411CFB
C141CDE0
C1427E5C
C1432E71
C143DE20
C1448D68
C1453C4A
C145EAC8
C14698E2
C1474699
C147F3EE
C148A0E2
C1494D76
C149F9AB
C14AA583
C14B50FF
C14BFC1F
C14CA6E6
C14D5155
C14DFB6D
C14EA530
C14F4E9E
C14FF7BA
C150A085
C1514900
C151F12D
C152990D
C15340A2
C153E7EE
C1548EF1
C15535AE
C155DC26
C156825A
C157284B
C157CDFC
C158736E
C15918A2
C159BD9A
C15A6257
C15B06DB
C15BAB26
C15C4F3B
C15CF31A
C15D96C6
C15E3A3E
C15EDD86
C15F809D
C1602386
C160C641
C16168D0
C1620B34
C162AD6D
C0D5EAEB
C0D61613
C0D641FE
C0D66EB3
C0D69C36
C0D6CA8E
C0D6F9BF
C0D729D0
C0D75AC5
C0D78CA6
C0D7BF77
C0D7F33F
C0D82803
C0D85DCB
C0D8949D
C0D8CC7E
C0D90576
C0D93F8C
C0D97AC6
C0D9B72B
C0D9F4C2
C0DA3393
C0DA73A5
C0DAB4FF
C0DAF7A9
C0DB3BAB
C0DB810D
C0DBC7D7
C0DC1011
C0DC59C3
C0DCA4F6
C0DCF1B2
C0DD4001
C0DD8FEA
C0DDE178
C0DE34B2
C0DE89A4
C0DEE055
C0DF38D0
C0DF931E
C0DFEF49
C0E04D5B
C0E0AD5F
C0E10F5E
C0E17363
C0E1D978
C0E241A8
C0E2ABFE
C0E31884
C0E38746
C0E3F84E
C0E46BA7
C0E4E15D
C0E5597B
C0E5D40D
C0E6511C
C0E6D0B6
C0E752E5
C0E7D7B6
C0E85F32
C0E8E966
C0E9765E
C0EA0624
C0EA98C4
C0EB2E4A
C0EBC6C0
C0EC6232
C0ED00AB
C0EDA235
C0EE46DC
C0EEEEA9
C0EF99A8
C0F047E2
C0F0F962
C0F1AE30
C0F26657
C0F321DF
C0F3E0D1
C0F4A335
C0F56913
C0F63273
C0F6FF5B
C0F7CFD3
C0F8A3E1
C0F97B89
C0FA56D1
C0FB35BE
C0FC1852
C0FCFE93
C0FDE881
C0FED61F
C0FFC76F
C1005E38
C100DA91
C10158C3
C101D8CC
C1025AAB
C102DE5F
C10363E5
C103EB3B
C104745E
C104FF4B
C1058BFF
C1061A74
C106AAA8
C1073C94
C107D034
C1086583
C108FC79
C1099510
C10A2F43
C10ACB09
C10B685C
C10C0733
C10CA787
C10D494E
C10DEC82
C10E9117
C10F3706
C10FDE45
C11086CA
C111308B
C111DB7F
C112879B
C11334D5
C113E322
C1149279
C11542CE
C115F417
C116A649
C1175959
C1180D3D
C118C1EA
C1197756
C11A2D75
C11AE43E
C11B9BA5
C11C53A1
C11D0C27
C11DC52E
C11E7EAA
C11F3892
C11FF2DE
C120AD82
C1216876
C12223B1
C122DF29
C1239AD7
C12456B1
C12512B0
C125CECB
C1268AFB
C1274737
C1280379
C128BFBA
C1297BF2
C12A381C
C12AF430
C12BB02A
C12C6C02
C12D27B3
C12DE339
C12E9E8D
C12F59AC
C1301490
C130CF35
C1318997
C13243B2
C132FD83
C133B706
C1347038
C1352915
C135E19C
C13699C9
C137519B
C138090E
C138C022
C13976D4
C13A2D23
C13AE30D
C13B9892
C13C4DAF
C13D0265
C13DB6B2
C13E6A96
C13F1E10
C13FD121
C14083C7
C1413603
C141E7D5
C142993E
C1434A3C
C143FAD1
C144AAFE
C1455AC3
C1460A20
C146B916
C14767A6
C14815D2
C148C399
C14970FE
C14A1E00
C14ACAA2
C14B76E5
C14C22C9
C14CCE50
C14D797C
C14E244D
C14ECEC6
C14F78E7
C15022B2
C150CC28
C151754C
C1521E1E
C152C69F
C1536ED2
C15416B8
C154BE53
C15565A4
C1560CAC
C156B36D
C15759E8
C1580020
C158A616
C1594BCA
C159F13F
C15A9676
C15B3B70
C15BE030
C15C84B6
C15D2903
C15DCD1A
C15E70FB
C15F14A8
C15FB823
C1605B6C
C160FE84
C161A16E
C162442B
C162E6BA
C163891F
C0D71B4F
C0D74674
C0D7725D
C0D79F10
C0D7CC92
C0D7FAE9
C0D82A19
C0D85A28
C0D88B1D
C0D8BCFC
C0D8EFCD
C0D92394
C0D95859
C0D98E21
C0D9C4F2
C0D9FCD4
C0DA35CD
C0DA6FE4
C0DAAB1F
C0DAE785
C0DB251E
C0DB63F1
C0DBA405
C0DBE562
C0DC280F
C0DC6C15
C0DCB17A
C0DCF848
C0DD4086
C0DD8A3D
C0DDD575
C0DE2237
C0DE708B
C0DEC07B
C0DF120F
C0DF6552
C0DFBA4B
C0E01104
C0E06988
C0E0C3DF
C0E12015
C0E17E32
C0E1DE40
C0E2404B
C0E2A45D
C0E30A7F
C0E372BD
C0E3DD22
C0E449B8
C0E4B889
C0E529A2
C0E59D0E
C0E612D7
C0E68B09
C0E705AF
C0E782D4
C0E80284
C0E884CB
C0E909B4
C0E9914B
C0EA1B9A
C0EAA8AE
C0EB3892
C0EBCB51
C0EC60F7
C0ECF98F
C0ED9524
C0EE33C1
C0EED572
C0EF7A40
C0F02237
C0F0CD61
C0F17BC8
C0F22D75
C0F2E274
C0F39ACD
C0F45689
C0F515B1
C0F5D84D
C0F69E66
C0F76802
C0F83529
C0F905E2
C0F9DA33
C0FAB221
C0FB8DB1
C0FC6CE8
C0FD4FCB
C0FE365B
C0FF209C
C1000748
C100801C
C100FACA
C1017753
C101F5B5
C10275F1
C102F804
C1037BED
C10401AA
C1048939
C1051297
C1059DC1
C1062AB2
C106B968
C10749DE
C107DC0E
C1086FF4
C1090589
C1099CC9
C10A35AC
C10AD02D
C10B6C42
C10C09E7
C10CA912
C10D49BB
C10DEBDB
C10E8F68
C10F345A
C10FDAA7
C1108246
C1112B2D
C111D554
C11280AE
C1132D33
C113DAD8
C1148993
C1153959
C115EA20
C1169BDD
C1174E85
C118020D
C118B66B
C1196B94
C11A217E
C11AD81D
C11B8F68
C11C4753
C11CFFD5
C11DB8E2
C11E7272
C11F2C79
C11FE6EE
C120A1C8
C1215CFC
C1221882
C122D450
C123905C
C1244CA0
C1250911
C125C5A8
C126825C
C1273F26
C127FBFE
C128B8DC
C12975BA
C12A3290
C12AEF58
C12BAC0C
C12C68A4
C12D251C
C12DE16E
C12E9D94
C12F5989
C1301548
C130D0CD
C1318C12
C1324715
C13301D0
C133BC41
C1347663
C1353034
C135E9AF
C136A2D4
C1375B9E
C138140B
C138CC1A
C13983C8
C13A3B13
C13AF1F9
C13BA87A
C13C5E94
C13D1446
C13DC98E
C13E7E6D
C13F32E0
C13FE6E9
C1409A86
C1414DB8
C142007D
C142B2D7
C14364C5
C1441648
C144C760
C145780D
C1462850
C146D829
C147879B
C14836A4
C148E546
C1499382
C14A415A
C14AEECD
C14B9BDE
C14C488D
C14CF4DC
C14DA0CC
C14E4C5F
C14EF795
C14FA270
C1504CF2
C150F71C
C151A0EF
C1524A6D
C152F397
C1539C70
C15444F8
C154ED31
C155951C
C1563CBC
C156E412
C1578B1E
C15831E3
C158D863
C1597E9E
C15A2497
C15ACA4F
C15B6FC7
C15C1501
C15CB9FE
C15D5EBF
C15E0347
C15EA797
C15F4BB0
C15FEF93
C1609341
C16136BD
C161DA08
C1627D22
C163200D
C163C2CA
C164655B
C0D84C1E
C0D87742
C0D8A329
C0D8CFDB
C0D8FD5B
C0D92BB0
C0D95ADF
C0D98AEE
C0D9BBE2
C0D9EDC1
C0DA2091
C0DA5458
C0DA891C
C0DABEE5
C0DAF5B7
C0DB2D99
C0DB6693
C0DBA0AB
C0DBDBE7
C0DC184F
C0DC55EA
C0DC94BF
C0DCD4D6
C0DD1635
C0DD58E6
C0DD9CEF
C0DDE258
C0DE292A
C0DE716C
C0DEBB28
C0DF0665
C0DF532C
C0DFA187
C0DFF17D
C0E04318
C0E09662
C0E0EB63
C0E14224
C0E19AB1
C0E1F512
C0E25151
C0E2AF79
C0E30F93
C0E371A9
C0E3D5C7
C0E43BF7
C0E4A443
C0E50EB6
C0E57B5B
C0E5EA3D
C0E65B67
C0E6CEE4
C0E744C0
C0E7BD05
C0E837BF
C0E8B4FA
C0E934C1
C0E9B71F
C0EA3C21
C0EAC3D1
C0EB4E3B
C0EBDB6B
C0EC6B6C
C0ECFE4A
C0ED940F
C0EE2CC8
C0EEC880
C0EF6741
C0F00917
C0F0AE0D
C0F1562C
C0F20180
C0F2B013
C0F361EF
C0F4171D
C0F4CFA7
C0F58B96
C0F64AF3
C0F70DC7
C0F7D419
C0F89DF0
C0F96B55
C0FA3C4E
C0FB10E1
C0FBE913
C0FCC4EB
C0FDA46C
C0FE879A
C0FF6E79
C1002C86
C100A3AA
C1011CAA
C1019785
C102143C
C10292CE
C103133B
C1039581
C104199F
C1049F93
C105275A
C105B0F2
C1063C57
C106C986
C107587B
C107E931
C1087BA4
C1090FCF
C109A5AB
C10A3D33
C10AD661
C10B712E
C10C0D92
C10CAB87
C10D4B05
C10DEC03
C10E8E79
C10F325F
C10FD7AC
C1107E56
C1112655
C111CF9E
C1127A27
C11325E8
C113D2D5
C11480E4
C115300B
C115E040
C1169177
C11743A6
C117F6C3
C118AAC2
C1195F99
C11A153D
C11ACBA4
C11B82C3
C11C3A8E
C11CF2FC
C11DAC03
C11E6597
C11F1FAF
C11FDA41
C1209542
C12150AA
C1220C6D
C122C884
C12384E4
C1244185
C124FE5E
C125BB65
C1267894
C12735E2
C127F346
C128B0B9
C1296E33
C12A2BAE
C12AE922
C12BA689
C12C63DB
C12D2114
C12DDE2C
C12E9B1E
C12F57E5
C130147C
C130D0DC
C1318D02
C13248E9
C133048D
C133BFEA
C1347AFB
C13535BD
C135F02E
C136AA49
C137640C
C1381D74
C138D67F
C1398F2A
C13A4774
C13AFF59
C13BB6DA
C13C6DF3
C13D24A4
C13DDAEC
C13E90C9
C13F463A
C13FFB40
C140AFD9
C1416405
C14217C3
C142CB14
C1437DF8
C144306E
C144E277
C1459413
C1464543
C146F607
C147A660
C148564E
C14905D2
C149B4ED
C14A63A1
C14B11ED
C14BBFD4
C14C6D56
C14D1A74
C14DC730
C14E738B
C14F1F87
C14FCB24
C1507664
C1512148
C151CBD3
C1527605
C1531FE0
C153C965
C1547296
C1551B75
C155C403
C1566C42
C1571433
C157BBD8
C1586332
C1590A42
C159B10C
C15A578F
C15AFDCE
C15BA3CA
C15C4985
C15CEF00
C15D943C
C15E393B
C15EDE00
C15F828A
C16026DB
C160CAF6
C1616EDA
C162128B
C162B608
C1635954
C163FC6F
C1649F5B
C1654219
C0D97D55
C0D9A877
C0D9D45D
C0DA010D
C0DA2E8D
C0DA5CE0
C0DA8C0E
C0DABC1C
C0DAED10
C0DB1EEE
C0DB51BE
C0DB8585
C0DBBA4A
C0DBF013
C0DC26E5
C0DC5EC9
C0DC97C3
C0DCD1DC
C0DD0D1A
C0DD4984
C0DD8721
C0DDC5F8
C0DE0611
C0DE4774
C0DE8A27
C0DECE34
C0DF13A1
C0DF5A77
C0DFA2BE
C0DFEC7E
C0E037C1
C0E0848E
C0E0D2EE
C0E122EB
C0E1748D
C0E1C7DE
C0E21CE6
C0E273B1
C0E2CC46
C0E326B0
C0E382FA
C0E3E12C
C0E44151
C0E4A373
C0E5079D
C0E56DDA
C0E5D634
C0E640B5
C0E6AD69
C0E71C5B
C0E78D96
C0E80124
C0E87712
C0E8EF6B
C0E96A3A
C0E9E78A
C0EA6767
C0EAE9DC
C0EB6EF6
C0EBF6BF
C0EC8144
C0ED0E8F
C0ED9EAD
C0EE31A9
C0EEC78E
C0EF6067
C0EFFC41
C0F09B26
C0F13D20
C0F1E23C
C0F28A84
C0F33601
C0F3E4BF
C0F496C8
C0F54C25
C0F604DF
C0F6C101
C0F78093
C0F8439C
C0F90A26
C0F9D439
C0FAA1DA
C0FB7312
C0FC47E6
C0FD205B
C0FDFC79
C0FEDC42
C0FFBFBB
C1005374
C100C8E5
C1014033
C101B95D
C1023465
C102B149
C103300B
C103B0A8
C1043321
C104B773
C1053D9C
C105C59A
C1064F6B
C106DB0B
C1076876
C107F7A9
C108889F
C1091B54
C109AFC2
C10A45E4
C10ADDB4
C10B772B
C10C1243
C10CAEF5
C10D4D39
C10DED08
C10E8E5A
C10F3126
C10FD564
C1107B0B
C1112211
C111CA6E
C1127417
C1131F03
C113CB28
C114787C
C11526F4
C115D686
C1168728
C11738CF
C117EB6F
C1189F00
C1195375
C11A08C4
C11ABEE2
C11B75C5
C11C2D61
C11CE5AD
C11D9E9D
C11E5828
C11F1242
C11FCCE2
C12087FD
C121438A
C121FF7E
C122BBD0
C1237877
C1243569
C124F29E
C125B00B
C1266DA9
C1272B6F
C127E956
C128A754
C1296562
C12A2378
C12AE190
C12B9FA2
C12C5DA7
C12D1B9A
C12DD972
C12E972B
C12F54BF
C1301227
C130CF5F
C1318C61
C132492A
C13305B3
C133C1F9
C1347DF7
C13539AA
C135F50E
C136B020
C1376ADC
C138253F
C138DF46
C13998F0
C13A5239
C13B0B1F
C13BC3A1
C13C7BBC
C13D3370
C13DEABA
C13EA199
C13F580C
C1400E13
C140C3AC
C14178D8
C1422D94
C142E1E2
C14395C0
C1444930
C144FC30
C145AEC2
C14660E5
C1471299
C147C3E0
C14874BA
C1492527
C149D528
C14A84BF
C14B33EC
C14BE2B0
C14C910C
C14D3F01
C14DEC91
C14E99BC
C14F4684
C14FF2EB
C1509EF1
C1514A98
C151F5E2
C152A0CF
C1534B62
C153F59C
C1549F7F
C155490B
C155F243
C1569B28
C15743BC
C157EC00
C15893F6
C1593B9F
C159E2FD
C15A8A12
C15B30E0
C15BD767
C15C7DA9
C15D23A8
C15DC966
C15E6EE3
C15F1422
C15FB924
C1605DEA
C1610276
C161A6CA
C1624AE6
C162EECC
C163927E
C16435FC
C164D949
C1657C66
C1661F53
C0DAAEF0
C0DADA10
C0DB05F5
C0DB32A4
C0DB6022
C0DB8E75
C0DBBDA2
C0DBEDAF
C0DC1EA2
C0DC5081
C0DC8351
C0DCB718
C0DCEBDD
C0DD21A6
C0DD5879
C0DD905E
C0DDC95A
C0DE0374
C0DE3EB3
C0DE7B1F
C0DEB8BE
C0DEF798
C0DF37B4
C0DF7919
C0DFBBD0
C0DFFFE0
C0E04551
C0E08C2B
C0E0D476
C0E11E3C
C0E16983
C0E1B656
C0E204BD
C0E254C0
C0E2A669
C0E2F9C1
C0E34ED2
C0E3A5A4
C0E3FE42
C0E458B6
C0E4B509
C0E51345
C0E57375
C0E5D5A4
C0E639DA
C0E6A024
C0E7088B
C0E7731A
C0E7DFDE
C0E84EDF
C0E8C02A
C0E933CA
C0E9A9CB
C0EA2236
C0EA9D19
C0EB1A7E
C0EB9A70
C0EC1CFD
C0ECA22E
C0ED2A10
C0EDB4AF
C0EE4216
C0EED250
C0EF6569
C0EFFB6D
C0F09467
C0F13062
C0F1CF69
C0F27188
C0F316CA
C0F3BF38
C0F46ADF
C0F519C7
C0F5CBFC
C0F68187
C0F73A71
C0F7F6C4
C0F8B689
C0F979C8
C0FA408A
C0FB0AD5
C0FBD8B2
C0FCAA28
C0FD7F3B
C0FE57F4
C0FF3456
C1000A33
C1007C14
C100EFD1
C1016569
C101DCE0
C1025634
C102D167
C1034E79
C103CD69
C1044E36
C104D0E0
C1055565
C105DBC3
C10663F7
C106EE00
C10779D9
C1080780
C10896F0
C1092825
C109BB1B
C10A4FCB
C10AE632
C10B7E48
C10C1808
C10CB36A
C10D5068
C10DEEFB
C10E8F1A
C10F30BE
C10FD3DF
C1107873
C1111E72
C111C5D4
C1126E8D
C1131895
C113C3E3
C114706B
C1151E25
C115CD04
C1167D01
C1172E0E
C117E023
C1189334
C1194737
C119FC21
C11AB1E7
C11B687E
C11C1FDB
C11CD7F5
C11D90C0
C11E4A31
C11F043F
C11FBEDE
C1207A04
C12135A8
C121F1BF
C122AE40
C1236B20
C1242857
C124E5DA
C125A3A1
C12661A3
C1271FD7
C127DE34
C1289CB3
C1295B4B
C12A19F4
C12AD8A6
C12B975B
C12C560B
C12D14AF
C12DD341
C12E91B9
C12F5013
C1300E48
C130CC52
C1318A2D
C13247D2
C133053C
C133C268
C1347F51
C1353BF2
C135F848
C136B44E
C1377002
C1382B60
C138E664
C139A10C
C13A5B56
C13B153E
C13BCEC3
C13C87E2
C13D409A
C13DF8E9
C13EB0CE
C13F6846
C1401F52
C140D5F0
C1418C1E
C14241DD
C142F72D
C143AC0B
C144607A
C1451477
C145C804
C1467B1F
C1472DCB
C147E007
C14891D3
C1494330
C149F41E
C14AA49F
C14B54B3
C14C045C
C14CB399
C14D626D
C14E10D8
C14EBEDB
C14F6C78
C15019AF
C150C683
C15172F5
C1521F05
C152CAB6
C1537609
C15420FF
C154CB9A
C15575DC
C1561FC5
C156C958
C1577297
C1581B81
C158C41B
C1596C64
C15A145F
C15ABC0D
C15B636F
C15C0A88
C15CB159
C15D57E3
C15DFE29
C15EA42B
C15F49EB
C15FEF6B
C16094AD
C16139B1
C161DE79
C1628307
C163275C
C163CB7A
C1646F62
C1651315
C165B695
C16659E3
C166FD01
C0DBE0E9
C0DC0C08
C0DC37EC
C0DC649A
C0DC9217
C0DCC069
C0DCEF96
C0DD1FA3
C0DD5096
C0DD8274
C0DDB544
C0DDE90C
C0DE1DD1
C0DE539B
C0DE8A6F
C0DEC254
C0DEFB52
C0DF356D
C0DF70AF
C0DFAD1C
C0DFEABD
C0E0299A
C0E069B8
C0E0AB21
C0E0EDDB
C0E131EE
C0E17763
C0E1BE42
C0E20692
C0E2505C
C0E29BA9
C0E2E881
C0E336EE
C0E386F8
C0E3D8A8
C0E42C07
C0E4811F
C0E4D7FA
C0E530A1
C0E58B1E
C0E5E77B
C0E645C2
C0E6A5FD
C0E70836
C0E76C79
C0E7D2CF
C0E83B44
C0E8A5E1
C0E912B3
C0E981C5
C0E9F320
C0EA66D1
C0EADCE3
C0EB5562
C0EBD058
C0EC4DD1
C0ECCDD9
C0ED507C
C0EDD5C5
C0EE5DC0
C0EEE878
C0EF75F9
C0F0064F
C0F09986
C0F12FA8
C0F1C8C1
C0F264DD
C0F30407
C0F3A649
C0F44BB0
C0F4F445
C0F5A014
C0F64F26
C0F70186
C0F7B73E
C0F87057
C0F92CDB
C0F9ECD2
C0FAB046
C0FB773E
C0FC41C1
C0FD0FD9
C0FDE18B
C0FEB6DD
C0FF8FD7
C100363E
C100A669
C101186F
C1018C50
C1020210
C10279AE
C102F32C
C1036E89
C103EBC7
C1046AE5
C104EBE1
C1056EBC
C105F372
C1067A04
C107026E
C1078CAD
C10818BF
C108A6A1
C109364D
C109C7C0
C10A5AF5
C10AEFE8
C10B8691
C10C1EED
C10CB8F4
C10D549F
C10DF1E9
C10E90C8
C10F3137
C10FD32C
C11076A0
C1111B8A
C111C1E0
C112699B
C11312B0
C113BD16
C11468C4
C11515AE
C115C3CC
C1167312
C1172377
C117D4F0
C1188772
C1193AF2
C119EF66
C11AA4C3
C11B5AFF
C11C120D
C11CC9E5
C11D827A
C11E3BC3
C11EF5B4
C11FB044
C1206B67
C1212713
C121E33F
C1229FE0
C1235CEC
C1241A59
C124D81F
C1259633
C126548C
C1271322
C127D1EB
C12890DF
C1294FF5
C12A0F26
C12ACE6A
C12B8DB8
C12C4D09
C12D0C57
C12DCB9A
C12E8ACB
C12F49E4
C13008DF
C130C7B5
C1318662
C13244DF
C1330326
C133C135
C1347F04
C1353C90
C135F9D5
C136B6CE
C1377378
C1382FCE
C138EBCE
C139A775
C13A62BF
C13B1DAA
C13BD833
C13C9257
C13D4C16
C13E056C
C13EBE58
C13F76D9
C1402EEC
C140E692
C1419DC8
C142548E
C1430AE3
C143C0C7
C1447639
C1452B38
C145DFC5
C14693E0
C1474789
C147FABF
C148AD84
C1495FD7
C14A11B9
C14AC32C
C14B742E
C14C24C2
C14CD4E8
C14D84A2
C14E33EF
C14EE2D2
C14F914B
C1503F5B
C150ED05
C1519A48
C1524727
C152F3A3
C1539FBE
C1544B78
C154F6D4
C155A1D2
C1564C75
C156F6BE
C157A0AE
C1584A47
C158F38C
C1599C7C
C15A451B
C15AED69
C15B9568
C15C3D1A
C15CE481
C15D8B9E
C15E3272
C15ED900
C15F7F48
C160254D
C160CB10
C1617093
C16215D6
C162BADD
C1635FA7
C1640437
C164A88E
C1654CAD
C165F096
C166944B
C16737CC
C167DB1B
C0DD133E
C0DD3E5C
C0DD6A3F
C0DD96EC
C0DDC468
C0DDF2BA
C0DE21E6
C0DE51F3
C0DE82E5
C0DEB4C4
C0DEE794
C0DF1B5C
C0DF5022
C0DF85ED
C0DFBCC2
C0DFF4A8
C0E02DA7
C0E067C4
C0E0A307
C0E0DF77
C0E11D1B
C0E15BF9
C0E19C1B
C0E1DD86
C0E22044
C0E2645B
C0E2A9D4
C0E2F0B7
C0E3390B
C0E382DB
C0E3CE2D
C0E41B0B
C0E4697E
C0E4B98E
C0E50B45
C0E55EAB
C0E5B3CB
C0E60AAF
C0E6635E
C0E6BDE4
C0E71A4B
C0E7789C
C0E7D8E2
C0E83B27
C0E89F75
C0E905D8
C0E96E5A
C0E9D906
C0EA45E6
C0EAB507
C0EB2672
C0EB9A34
C0EC1058
C0EC88E9
C0ED03F2
C0ED8180
C0EE019D
C0EE8456
C0EF09B6
C0EF91C9
C0F01C9A
C0F0AA36
C0F13AA7
C0F1CDFA
C0F2643A
C0F2FD72
C0F399AE
C0F438FA
C0F4DB5F
C0F580EA
C0F629A6
C0F6D59C
C0F784D7
C0F83762
C0F8ED46
C0F9A68D
C0FA6340
C0FB2369
C0FBE710
C0FCAE3D
C0FD78F8
C0FE4749
C0FF1937
C0FFEEC7
C1006400
C100D274
C10142C1
C101B4EA
C10228F0
C1029ED6
C103169B
C1039041
C1040BC9
C1048932
C105087C
C10589A7
C1060CB1
C106919A
C107185E
C107A0FC
C1082B72
C108B7BB
C10945D6
C109D5BD
C10A676D
C10AFAE1
C10B9014
C10C2700
C10CBFA0
C10D59ED
C10DF5E0
C10E9374
C10F329F
C10FD35C
C11075A1
C1111967
C111BEA5
C1126552
C1130D65
C113B6D4
C1146197
C1150DA3
C115BAEE
C116696F
C117191B
C117C9E7
C1187BC9
C1192EB7
C119E2A5
C11A9789
C11B4D58
C11C0408
C11CBB8D
C11D73DD
C11E2CEE
C11EE6B3
C11FA123
C1205C33
C12117D9
C121D40B
C12290BD
C1234DE7
C1240B7D
C124C977
C12587CA
C126466E
C1270559
C127C481
C12883DF
C1294369
C12A0317
C12AC2E1
C12B82BE
C12C42A8
C12D0296
C12DC281
C12E8263
C12F4233
C13001ED
C130C189
C1318101
C132404F
C132FF6F
C133BE5A
C1347D0C
C1353B7F
C135F9B0
C136B798
C1377536
C1383283
C138EF7E
C139AC22
C13A686C
C13B2459
C13BDFE6
C13C9B10
C13D55D6
C13E1035
C13ECA2B
C13F83B5
C1403CD3
C140F584
C141ADC5
C1426595
C1431CF4
C143D3E1
C1448A5B
C1454061
C145F5F4
C146AB14
C1475FBF
C14813F6
C148C7B9
C1497B09
C14A2DE5
C14AE04F
C14B9247
C14C43CE
C14CF4E4
C14DA58A
C14E55C1
C14F058B
C14FB4E7
C15063D8
C151125F
C151C07C
C1526E32
C1531B81
C153C86B
C15474F1
C1552115
C155CCD8
C156783C
C1572342
C157CDEC
C158783C
C1592233
C159CBD2
C15A751C
C15B1E12
C15BC6B6
C15C6F09
C15D170C
C15DBEC3
C15E662D
C15F0D4D
C15FB425
C1605AB6
C1610101
C161A709
C1624CCF
C162F254
C1639799
C1643CA2
C164E16E
C16585FF
C1662A58
C166CE79
C1677263
C1681619
C168B99C
C0DE45EA
C0DE7107
C0DE9CE9
C0DEC995
C0DEF712
C0DF2563
C0DF548F
C0DF849B
C0DFB58E
C0DFE76C
C0E01A3D
C0E04E05
C0E082CC
C0E0B898
C0E0EF6E
C0E12756
C0E16056
C0E19A75
C0E1D5BA
C0E2122C
C0E24FD2
C0E28EB3
C0E2CED7
C0E31046
C0E35307
C0E39722
C0E3DC9F
C0E42386
C0E46BDF
C0E4B5B3
C0E5010B
C0E54DEF
C0E59C67
C0E5EC7E
C0E63E3C
C0E691AA
C0E6E6D2
C0E73DBD
C0E79675
C0E7F104
C0E84D75
C0E8ABD0
C0E90C20
C0E96E70
C0E9D2CB
C0EA393A
C0EAA1C9
C0EB0C83
C0EB7971
C0EBE8A1
C0EC5A1D
C0ECCDEF
C0ED4424
C0EDBCC7
C0EE37E4
C0EEB585
C0EF35B7
C0EFB886
C0F03DFD
C0F0C627
C0F15111
C0F1DEC7
C0F26F53
C0F302C2
C0F3991F
C0F43276
C0F4CED1
C0F56E3E
C0F610C6
C0F6B675
C0F75F55
C0F80B72
C0F8BAD5
C0F96D8A
C0FA2399
C0FADD0D
C0FB99F0
C0FC5A49
C0FD1E22
C0FDE584
C0FEB075
C0FF7EFF
C1002893
C1009379
C1010035
C1016ECA
C101DF38
C1025184
C102C5AE
C1033BB9
C103B3A5
C1042D73
C104A924
C10526B8
C105A62E
C1062786
C106AABF
C1072FD7
C107B6CE
C1083F9F
C108CA4A
C10956CB
C109E51D
C10A753F
C10B072B
C10B9ADC
C10C304E
C10CC77C
C10D605E
C10DFAF0
C10E972B
C10F3507
C10FD47D
C1107586
C111181A
C111BC31
C11261C2
C11308C4
C113B12E
C1145AF6
C1150614
C115B27E
C1166029
C1170F0B
C117BF1A
C118704D
C1192297
C119D5EF
C11A8A4A
C11B3F9D
C11BF5DD
C11CAD00
C11D64FA
C11E1DC2
C11ED74B
C11F918C
C1204C7A
C121080A
C121C432
C12280E7
C1233E1F
C123FBD0
C124B9F0
C1257875
C1263756
C126F689
C127B604
C12875BF
C12935B0
C129F5D0
C12AB615
C12B7677
C12C36EE
C12CF772
C12DB7FC
C12E7885
C12F3905
C12FF975
C130B9CE
C1317A0B
C1323A25
C132FA16
C133B9D9
C1347968
C13538BD
C135F7D5
C136B6AA
C1377537
C1383379
C138F16C
C139AF0B
C13A6C53
C13B2941
C13BE5D2
C13CA203
C13D5DD0
C13E1938
C13ED439
C13F8ECF
C14048FA
C14102B7
C141BC05
C14274E3
C1432D50
C143E549
C1449CD0
C14553E2
C1460A7F
C146C0A7
C147765A
C1482B97
C148E05F
C14994B1
C14A488E
C14AFBF7
C14BAEEA
C14C616A
C14D1376
C14DC510
C14E7639
C14F26F0
C14FD738
C1508711
C151367C
C151E57B
C152940F
C1534238
C153EFF9
C1549D53
C1554A47
C155F6D7
C156A304
C1574ED0
C157FA3C
C158A54A
C1594FFB
C159FA51
C15AA44E
C15B4DF4
C15BF743
C15CA03E
C15D48E7
C15DF13E
C15E9946
C15F4100
C15FE86E
C1608F92
C161366D
C161DD01
C162834F
C1632959
C163CF21
C16474A8
C16519F0
C165BEFA
C16663C8
C167085C
C167ACB6
C16850D8
C168F4C4
C169987B
C0DF78EA
C0DFA406
C0DFCFE8
C0DFFC93
C0E02A0F
C0E05860
C0E0878C
C0E0B798
C0E0E88B
C0E11A6A
C0E14D3B
C0E18104
C0E1B5CC
C0E1EB98
C0E22270
C0E25A59
C0E2935B
C0E2CD7B
C0E308C2
C0E34536
C0E382DF
C0E3C1C3
C0E401EA
C0E4435C
C0E48620
C0E4CA3F
C0E50FC0
C0E556AB
C0E59F09
C0E5E8E2
C0E6343F
C0E68129
C0E6CFA8
C0E71FC5
C0E77189
C0E7C4FE
C0E81A2E
C0E87121
C0E8C9E2
C0E9247A
C0E980F4
C0E9DF59
C0EA3FB4
C0EAA210
C0EB0676
C0EB6CF1
C0EBD58D
C0EC4054
C0ECAD51
C0ED1C90
C0ED8E1B
C0EE01FE
C0EE7844
C0EEF0F9
C0EF6C28
C0EFE9DD
C0F06A24
C0F0ED08
C0F17295
C0F1FAD7
C0F285D9
C0F313A8
C0F3A44E
C0F437D9
C0F4CE52
C0F567C7
C0F60442
C0F6A3CF
C0F74678
C0F7EC4A
C0F8954F
C0F94192
C0F9F11D
C0FAA3FA
C0FB5A34
C0FC13D5
C0FCD0E5
C0FD916E
C0FE5579
C0FF1D0D
C0FFE834
C1005B7A
C100C4AB
C1012FAF
C1019C89
C1020B3D
C1027BCD
C102EE3B
C1036289
C103D8B8
C10450C9
C104CABE
C1054698
C105C455
C10643F6
C106C57B
C10748E2
C107CE2A
C1085551
C108DE56
C1096934
C109F5EA
C10A8475
C10B14CF
C10BA6F6
C10C3AE4
C10CD094
C10D6801
C10E0126
C10E9BFC
C10F387C
C10FD69F
C1107660
C11117B4
C111BA96
C1125EFC
C11304DE
C113AC34
C11454F3
C114FF14
C115AA8C
C1165751
C117055A
C117B49D
C118650F
C11916A6
C119C957
C11A7D18
C11B31DE
C11BE79F
C11C9E4E
C11D55E3
C11E0E52
C11EC78F
C11F8191
C1203C4C
C120F7B6
C121B3C5
C122706D
C1232DA5
C123EB62
C124A999
C1256842
C1262751
C126E6BE
C127A67F
C128668A
C12926D6
C129E75A
C12AA80E
C12B68EA
C12C29E3
C12CEAF3
C12DAC12
C12E6D38
C12F2E5D
C12FEF7B
C130B08A
C1317184
C1323261
C132F31D
C133B3B1
C1347417
C1353449
C135F443
C136B3FF
C1377379
C13832AC
C138F193
C139B02B
C13A6E6F
C13B2C5D
C13BE9F0
C13CA726
C13D63FB
C13E206C
C13EDC78
C13F981B
C1405353
C1410E1F
C141C87D
C142826B
C1433BE7
C143F4F1
C144AD87
C14565A9
C1461D54
C146D48A
C1478B4A
C1484192
C148F763
C149ACBE
C14A61A1
C14B160D
C14BCA03
C14C7D82
C14D308C
C14DE321
C14E9541
C14F46ED
C14FF827
C150A8F0
C1515947
C152092F
C152B8A8
C15367B4
C1541654
C154C48A
C1557256
C1561FBA
C156CCB8
C1577951
C1582587
C158D15B
C1597CCE
C15A27E3
C15AD29B
C15B7CF8
C15C26FB
C15CD0A6
C15D79FB
C15E22FB
C15ECBA8
C15F7403
C1601C0F
C160C3CD
C1616B3F
C1621266
C162B944
C1635FDB
C164062C
C164AC38
C1655202
C165F78C
C1669CD6
C16741E2
C167E6B1
C1688B46
C1692FA2
C169D3C5
C16A77B3
C0E0AC3A
C0E0D756
C0E10337
C0E12FE2
C0E15D5D
C0E18BAE
C0E1BADA
C0E1EAE7
C0E21BDA
C0E24DB9
C0E2808A
C0E2B454
C0E2E91D
C0E31EEA
C0E355C3
C0E38DAE
C0E3C6B1
C0E400D4
C0E43C1D
C0E47893
C0E4B63E
C0E4F525
C0E5354F
C0E576C4
C0E5B98C
C0E5FDAE
C0E64333
C0E68A23
C0E6D286
C0E71C64
C0E767C6
C0E7B4B5
C0E8033A
C0E8535E
C0E8A529
C0E8F8A5
C0E94DDC
C0E9A4D8
C0E9FDA1
C0EA5842
C0EAB4C5
C0EB1334
C0EB739A
C0EBD600
C0EC3A72
C0ECA0FA
C0ED09A2
C0ED7476
C0EDE182
C0EE50CF
C0EEC269
C0EF365C
C0EFACB3
C0F0257A
C0F0A0BB
C0F11E83
C0F19EDE
C0F221D7
C0F2A77A
C0F32FD3
C0F3BAED
C0F448D4
C0F4D995
C0F56D3A
C0F603D0
C0F69D62
C0F739FC
C0F7D9A8
C0F87C73
C0F92267
C0F9CB90
C0FA77F8
C0FB27A9
C0FBDAAF
C0FC9113
C0FD4ADE
C0FE081B
C0FEC8D3
C0FF8D0F
C1002A6B
C1009018
C100F793
C10160E0
C101CC01
C10238FA
C102A7CD
C103187D
C1038B0C
C103FF7C
C10475CF
C104EE06
C1056822
C105E422
C1066209
C106E1D4
C1076385
C107E719
C1086C8F
C108F3E6
C1097D1C
C10A082E
C10A9519
C10B23DA
C10BB46C
C10C46CC
C10CDAF6
C10D70E3
C10E0890
C10EA1F5
C10F3D0D
C10FD9D2
C110783C
C1111844
C111B9E3
C1125D11
C11301C5
C113A7F8
C1144F9F
C114F8B3
C115A32A
C1164EFB
C116FC1B
C117AA81
C1185A23
C1190AF6
C119BCF0
C11A7007
C11B242F
C11BD95F
C11C8F8C
C11D46AA
C11DFEAF
C11EB790
C11F7142
C1202BBB
C120E6EF
C121A2D5
C1225F60
C1231C88
C123DA41
C1249881
C125573E
C126166E
C126D607
C12795FE
C128564C
C12916E6
C129D7C3
C12A98D9
C12B5A21
C12C1B92
C12CDD22
C12D9ECB
C12E6084
C12F2244
C12FE406
C130A5C1
C131676F
C1322909
C132EA87
C133ABE4
C1346D1B
C1352E24
C135EEFA
C136AF98
C1376FF9
C1383018
C138EFF0
C139AF7D
C13A6EBB
C13B2DA6
C13BEC39
C13CAA72
C13D684D
C13E25C7
C13EE2DE
C13F9F8E
C1405BD5
C14117B1
C141D31F
C1428E1F
C14348AE
C14402CA
C144BC73
C14575A7
C1462E65
C146E6AC
C1479E7C
C14855D4
C1490CB4
C149C31C
C14A790A
C14B2E80
C14BE37E
C14C9803
C14D4C10
C14DFFA6
C14EB2C5
C14F656E
C15017A1
C150C95F
C1517AAA
C1522B82
C152DBE9
C1538BDF
C1543B66
C154EA7E
C155992A
C156476B
C156F542
C157A2B0
C1584FB7
C158FC59
C159A897
C15A5473
C15AFFEE
C15BAB0A
C15C55C8
C15D002B
C15DAA34
C15E53E4
C15EFD3E
C15FA643
C1604EF4
C160F754
C1619F63
C1624725
C162EE9A
C16395C4
C1643CA5
C164E33E
C1658992
C1662FA1
C166D56D
C1677AF9
C1682044
C168C552
C1696A24
C16A0EBA
C16AB317
C16B573C
C0E1DFD8
C0E20AF3
C0E236D3
C0E2637E
C0E290F9
C0E2BF4A
C0E2EE76
C0E31E83
C0E34F76
C0E38156
C0E3B428
C0E3E7F3
C0E41CBC
C0E4528B
C0E48965
C0E4C151
C0E4FA56
C0E5347B
C0E56FC6
C0E5AC3E
C0E5E9EC
C0E628D6
C0E66903
C0E6AA7B
C0E6ED47
C0E7316D
C0E776F6
C0E7BDEA
C0E80651
C0E85034
C0E89B9C
C0E8E891
C0E9371B
C0E98745
C0E9D917
C0EA2C9B
C0EA81D9
C0EAD8DD
C0EB31AE
C0EB8C58
C0EBE8E5
C0EC475E
C0ECA7CD
C0ED0A3F
C0ED6EBC
C0EDD54F
C0EE3E04
C0EEA8E6
C0EF15FF
C0EF855A
C0EFF704
C0F06B06
C0F0E16E
C0F15A46
C0F1D599
C0F25375
C0F2D3E3
C0F356F1
C0F3DCA9
C0F46518
C0F4F04A
C0F57E49
C0F60F23
C0F6A2E3
C0F73995
C0F7D343
C0F86FFB
C0F90FC7
C0F9B2B2
C0FA58C8
C0FB0213
C0FBAEA0
C0FC5E77
C0FD11A4
C0FDC831
C0FE8227
C0FF3F90
C100003B
C1006270
C100C66C
C1012C33
C10193C9
C101FD31
C102686E
C102D585
C1034476
C103B546
C10427F6
C1049C88
C10512FE
C1058B59
C106059A
C10681C2
C106FFD0
C1077FC5
C10801A0
C1088561
C1090B05
C109928B
C10A1BF2
C10AA736
C10B3454
C10BC34A
C10C5414
C10CE6AC
C10D7B10
C10E113A
C10EA924
C10F42C9
C10FDE22
C1107B2A
C11119D9
C111BA29
C1125C11
C112FF89
C113A48B
C1144B0C
C114F305
C1159C6C
C1164738
C116F360
C117A0D9
C1184F9B
C118FF9A
C119B0CD
C11A6329
C11B16A4
C11BCB32
C11C80CB
C11D3762
C11DEEED
C11EA761
C11F60B3
C1201AD9
C120D5C7
C1219173
C1224DD2
C1230ADA
C123C87F
C12486B8
C125457B
C12604BC
C126C472
C1278492
C1284514
C12905EE
C129C715
C12A8882
C12B4A2A
C12C0C05
C12CCE0A
C12D9030
C12E5271
C12F14C2
C12FD71E
C130997B
C1315BD4
C1321E20
C132E058
C133A277
C1346476
C135264F
C135E7FB
C136A975
C1376AB7
C1382BBD
C138EC82
C139AD00
C13A6D33
C13B2D17
C13BECA8
C13CABE2
C13D6AC2
C13E2943
C13EE763
C13FA520
C1406275
C1411F61
C141DBE1
C14297F4
C1435396
C1440EC7
C144C985
C14583CE
C1463DA1
C146F6FE
C147AFE2
C148684E
C1492041
C149D7BA
C14A8EB9
C14B453E
C14BFB49
C14CB0D9
C14D65F0
C14E1A8D
C14ECEB1
C14F825C
C1503590
C150E84B
C1519A91
C1524C60
C152FDBB
C153AEA3
C1545F18
C1550F1C
C155BEAF
C1566DD4
C1571C8B
C157CAD7
C15878B8
C1592630
C159D340
C15A7FEA
C15B2C30
C15BD813
C15C8395
C15D2EB8
C15DD97D
C15E83E5
C15F2DF4
C15FD7A9
C1608107
C1612A11
C161D2C6
C1627B2A
C163233D
C163CB02
C164727A
C16519A8
C165C08B
C1666727
C1670D7D
C167B38E
C168595D
C168FEEA
C169A438
C16A4947
C16AEE1A
C16B92B2
C16C3710
C0E313BF
C0E33ED9
C0E36AB9
C0E39764
C0E3C4DF
C0E3F330
C0E4225C
C0E45269
C0E4835D
C0E4B53D
C0E4E810
C0E51BDC
C0E550A6
C0E58676
C0E5BD52
C0E5F540
C0E62E46
C0E6686D
C0E6A3BA
C0E6E035
C0E71DE5
C0E75CD2
C0E79D02
C0E7DE7E
C0E8214C
C0E86576
C0E8AB04
C0E8F1FC
C0E93A68
C0E98450
C0E9CFBD
C0EA1CB7
C0EA6B48
C0EABB78
C0EB0D51
C0EB60DB
C0EBB621
C0EC0D2D
C0EC6606
C0ECC0B9
C0ED1D4F
C0ED7BD1
C0EDDC4B
C0EE3EC7
C0EEA34F
C0EF09EF
C0EF72B0
C0EFDD9E
C0F04AC5
C0F0BA2F
C0F12BE7
C0F19FF9
C0F21671
C0F28F5A
C0F30ABF
C0F388AD
C0F4092E
C0F48C50
C0F5121E
C0F59AA3
C0F625EB
C0F6B403
C0F744F6
C0F7D8D0
C0F86F9C
C0F90967
C0F9A63C
C0FA4626
C0FAE931
C0FB8F68
C0FC38D6
C0FCE586
C0FD9582
C0FE48D6
C0FEFF8A
C0FFB9AA
C1003B9F
C1009C28
C100FE75
C1016289
C101C869
C1023019
C102999C
C10304F5
C1037228
C103E138
C1045227
C104C4F7
C10539AA
C105B042
C10628C1
C106A327
C1071F74
C1079DAA
C1081DC8
C1089FCD
C10923B8
C109A989
C10A313E
C10ABAD4
C10B4649
C10BD39A
C10C62C5
C10CF3C4
C10D8694
C10E1B31
C10EB196
C10F49BC
C10FE3A0
C1107F3A
C1111C83
C111BB77
C1125C0C
C112FE3B
C113A1FE
C114474B
C114EE1A
C1159662
C116401B
C116EB3A
C11797B8
C1184589
C118F4A5
C119A500
C11A5691
C11B094E
C11BBD2B
C11C721F
C11D281E
C11DDF1E
C11E9715
C11F4FF6
C12009B8
C120C450
C1217FB2
C1223BD4
C122F8AC
C123B62E
C1247450
C1253308
C125F24B
C126B20F
C127724A
C12832F2
C128F3FD
C129B561
C12A7715
C12B3910
C12BFB48
C12CBDB5
C12D804E
C12E430A
C12F05E1
C12FC8CB
C1308BC0
C1314EB9
C13211AE
C132D498
C133976F
C1345A2E
C1351CCE
C135DF49
C136A198
C13763B5
C138259C
C138E748
C139A8B2
C13A69D6
C13B2AAF
C13BEB3A
C13CAB72
C13D6B53
C13E2ADA
C13EEA02
C13FA8C9
C140672C
C1412528
C141E2BA
C1429FDF
C1435C97
C14418DD
C144D4B2
C1459012
C1464AFD
C1470571
C147BF6D
C14878F0
C14931FA
C149EA89
C14AA29D
C14B5A35
C14C1153
C14CC7F4
C14D7E1A
C14E33C4
C14EE8F3
C14F9DA7
C15051E0
C15105A0
C151B8E7
C1526BB5
C1531E0C
C153CFEC
C1548156
C155324C
C155E2CF
C15692E0
C1574280
C157F1B0
C158A073
C1594EC8
C159FCB3
C15AAA34
C15B574D
C15C03FF
C15CB04D
C15D5C37
C15E07C0
C15EB2E9
C15F5DB3
C1600822
C160B235
C1615BEF
C1620552
C162AE60
C1635719
C163FF81
C164A798
C1654F60
C165F6DB
C1669E0B
C16744F2
C167EB90
C16891E8
C16937FC
C169DDCC
C16A835B
C16B28AB
C16BCDBC
C16C7290
C16D1729
C0E447EC
C0E47306
C0E49EE6
C0E4CB91
C0E4F90C
C0E5275D
C0E55689
C0E58697
C0E5B78B
C0E5E96C
C0E61C40
C0E6500C
C0E684D8
C0E6BAA9
C0E6F186
C0E72976
C0E7627E
C0E79CA7
C0E7D7F6
C0E81474
C0E85226
C0E89116
C0E8D149
C0E912C8
C0E9559A
C0E999C8
C0E9DF59
C0EA2656
C0EA6EC7
C0EAB8B4
C0EB0426
C0EB5126
C0EB9FBC
C0EBEFF3
C0EC41D2
C0EC9564
C0ECEAB1
C0ED41C4
C0ED9AA6
C0EDF561
C0EE5200
C0EEB08C
C0EF1110
C0EF7396
C0EFD829
C0F03ED4
C0F0A7A2
C0F1129D
C0F17FD1
C0F1EF48
C0F2610F
C0F2D531
C0F34BB8
C0F3C4B2
C0F44028
C0F4BE28
C0F53EBD
C0F5C1F3
C0F647D5
C0F6D06F
C0F75BCE
C0F7E9FE
C0F87B09
C0F90EFC
C0F9A5E3
C0FA3FC9
C0FADCBB
C0FB7CC3
C0FC1FED
C0FCC644
C0FD6FD4
C0FE1CA7
C0FECCC7
C0FF8041
C1001B8E
C10078B2
C100D792
C1013831
C1019A94
C101FEC0
C10264B9
C102CC82
C103361F
C103A193
C1040EE3
C1047E10
C104EF1D
C105620C
C105D6E0
C1064D9A
C106C63B
C10740C5
C107BD38
C1083B94
C108BBD9
C1093E08
C109C21E
C10A481A
C10ACFFC
C10B59C1
C10BE566
C10C72E9
C10D0247
C10D937B
C10E2682
C10EBB57
C10F51F5
C10FEA57
C1108478
C1112051
C111BDDB
C1125D11
C112FDEB
C113A061
C114446C
C114EA03
C115911E
C11639B5
C116E3BE
C1178F30
C1183C02
C118EA29
C119999D
C11A4A54
C11AFC42
C11BAF5D
C11C639C
C11D18F3
C11DCF58
C11E86C0
C11F3F20
C11FF86D
C120B29E
C1216DA6
C122297A
C122E612
C123A360
C124615C
C1251FF9
C125DF2E
C1269EF1
C1275F36
C1281FF5
C128E122
C129A2B5
C12A64A3
C12B26E2
C12BE96A
C12CAC32
C12D6F2F
C12E325B
C12EF5AB
C12FB918
C1307C9A
C1314028
C13203BC
C132C74C
C1338AD3
C1344E49
C13511A8
C135D4E9
C1369805
C1375AF6
C1381DB8
C138E043
C139A293
C13A64A3
C13B266D
C13BE7ED
C13CA91F
C13D69FE
C13E2A87
C13EEAB5
C13FAA85
C14069F3
C14128FE
C141E7A0
C142A5D9
C14363A5
C1442102
C144DDEE
C1459A67
C146566C
C14711FA
C147CD10
C14887AD
C14941D0
C149FB79
C14AB4A6
C14B6D56
C14C258A
C14CDD41
C14D947B
C14E4B38
C14F0177
C14FB73A
C1506C80
C151214A
C151D598
C152896C
C1533CC5
C153EFA5
C154A20C
C15553FC
C1560575
C156B679
C1576709
C1581727
C158C6D2
C159760E
C15A24DB
C15AD33A
C15B812E
C15C2EB8
C15CDBD9
C15D8893
C15E34E8
C15EE0D9
C15F8C69
C1603797
C160E268
C1618CDB
C16236F4
C162E0B3
C1638A1A
C164332C
C164DBE9
C1658454
C1662C6E
C166D43A
C1677BB8
C16822EB
C168C9D4
C1697074
C16A16CF
C16ABCE4
C16B62B7
C16C0848
C16CAD99
C16D52AB
C16DF781
C0E57C5D
C0E5A777
C0E5D356
C0E60001
C0E62D7C
C0E65BCE
C0E68AFA
C0E6BB08
C0E6EBFD
C0E71DDF
C0E750B4
C0E78481
C0E7B94E
C0E7EF21
C0E825FF
C0E85DF0
C0E896FB
C0E8D125
C0E90C77
C0E948F7
C0E986AC
C0E9C59F
C0EA05D5
C0EA4757
C0EA8A2D
C0EACE5F
C0EB13F4
C0EB5AF5
C0EBA36A
C0EBED5C
C0EC38D4
C0EC85D9
C0ECD475
C0ED24B2
C0ED7698
C0EDCA30
C0EE1F85
C0EE769F
C0EECF8A
C0EF2A4D
C0EF86F5
C0EFE58A
C0F04618
C0F0A8A9
C0F10D47
C0F173FD
C0F1DCD6
C0F247DE
C0F2B51F
C0F324A4
C0F39679
C0F40AAA
C0F48141
C0F4FA4B
C0F575D2
C0F5F3E4
C0F6748B
C0F6F7D4
C0F77DCB
C0F8067B
C0F891EF
C0F92036
C0F9B159
C0FA4565
C0FADC66
C0FB7667
C0FC1375
C0FCB39A
C0FD56E2
C0FDFD59
C0FEA70A
C0FF53FF
C1000222
C1005BF1
C100B772
C10114AA
C101739E
C101D452
C10236CC
C1029B0F
C103011F
C1036901
C103D2B8
C1043E48
C104ABB3
C1051AFC
C1058C27
C105FF35
C1067429
C106EB03
C10763C7
C107DE74
C1085B0B
C108D98D
C10959F9
C109DC50
C10A608F
C10AE6B7
C10B6EC5
C10BF8B8
C10C848C
C10D1240
C10DA1D0
C10E3338
C10EC674
C10F5B80
C10FF257
C1108AF3
C1112550
C111C166
C1125F31
C112FEA8
C1139FC5
C1144280
C114E6D2
C1158CB2
C1163418
C116DCFB
C1178753
C1183316
C118E03B
C1198EB8
C11A3E83
C11AEF93
C11BA1DC
C11C5555
C11D09F3
C11DBFAC
C11E7675
C11F2E43
C11FE70C
C120A0C4
C1215B61
C12216D8
C122D31E
C1239028
C1244DEC
C1250C5F
C125CB77
C1268B28
C1274B69
C1280C2E
C128CD6F
C1298F21
C12A513A
C12B13B0
C12BD67A
C12C998E
C12D5CE3
C12E2071
C12EE42E
C12FA812
C1306C14
C131302C
C131F453
C132B880
C1337CAB
C13440CF
C13504E3
C135C8E0
C1368CC1
C137507F
C1381413
C138D777
C1399AA7
C13A5D9C
C13B2051
C13BE2C1
C13CA4E8
C13D66C1
C13E2848
C13EE978
C13FAA4E
C1406AC6
C1412ADD
C141EA8F
C142A9DA
C14368BA
C144272D
C144E531
C145A2C4
C1465FE2
C1471C8C
C147D8BE
C1489478
C1494FB7
C14A0A7C
C14AC4C5
C14B7E91
C14C37E0
C14CF0B1
C14DA904
C14E60D8
C14F182D
C14FCF04
C150855C
C1513B36
C151F092
C152A571
C15359D4
C1540DBA
C154C125
C1557416
C156268D
C156D88C
C1578A14
C1583B25
C158EBC2
C1599BEB
C15A4BA2
C15AFAE8
C15BA9BF
C15C5828
C15D0625
C15DB3B7
C15E60E0
C15F0DA2
C15FB9FE
C16065F5
C161118B
C161BCBF
C1626795
C163120E
C163BC2B
C16465EE
C1650F5A
C165B86F
C1666130
C167099F
C167B1BC
C168598B
C169010C
C169A841
C16A4F2D
C16AF5D0
C16B9C2C
C16C4244
C16CE818
C16D8DAB
C16E32FD
C16ED811
C0E6B10F
C0E6DC28
C0E70808
C0E734B3
C0E7622E
C0E79080
C0E7BFAD
C0E7EFBB
C0E820B1
C0E85294
C0E88569
C0E8B938
C0E8EE06
C0E923DA
C0E95ABA
C0E992AD
C0E9CBB9
C0EA05E6
C0EA413A
C0EA7DBC
C0EABB74
C0EAFA69
C0EB3AA3
C0EB7C28
C0EBBF02
C0EC0337
C0EC48D1
C0EC8FD6
C0ECD850
C0ED2247
C0ED6DC3
C0EDBACE
C0EE0970
C0EE59B3
C0EEAB9F
C0EEFF3E
C0EF549A
C0EFABBC
C0F004AE
C0F05F7A
C0F0BC2A
C0F11AC9
C0F17B61
C0F1DDFB
C0F242A4
C0F2A965
C0F3124A
C0F37D5E
C0F3EAAC
C0F45A3F
C0F4CC22
C0F54061
C0F5B707
C0F63021
C0F6ABBA
C0F729DD
C0F7AA97
C0F82DF2
C0F8B3FD
C0F93CC1
C0F9C84C
C0FA56A8
C0FAE7E3
C0FB7C07
C0FC1321
C0FCAD3D
C0FD4A66
C0FDEAA8
C0FE8E0E
C0FF34A4
C0FFDE75
C10045C6
C1009DF9
C100F7DA
C101536E
C101B0BA
C1020FC2
C102708B
C102D31B
C1033774
C1039D9C
C1040596
C1046F66
C104DB10
C1054896
C105B7FC
C1062943
C1069C6F
C1071182
C107887D
C1080162
C1087C31
C108F8EC
C1097793
C109F825
C10A7AA3
C10AFF0C
C10B855D
C10C0D97
C10C97B6
C10D23B9
C10DB19C
C10E415D
C10ED2F8
C10F6668
C10FFBAA
C11092B8
C1112B8E
C111C626
C1126279
C1130082
C113A039
C1144198
C114E497
C115892E
C1162F56
C116D706
C1178034
C1182ADA
C118D6EC
C1198463
C11A3333
C11AE354
C11B94BB
C11C475E
C11CFB33
C11DB030
C11E6649
C11F1D74
C11FD5A7
C1208ED7
C12148F8
C1220400
C122BFE4
C1237C9A
C1243A16
C124F84F
C125B738
C12676C8
C12736F3
C127F7B1
C128B8F5
C1297AB7
C12A3CEB
C12AFF89
C12BC286
C12C85D9
C12D4978
C12E0D5A
C12ED177
C12F95C4
C1305A3A
C1311ED0
C131E37E
C132A83C
C1336D02
C13431C8
C134F687
C135BB38
C1367FD4
C1374455
C13808B3
C138CCE9
C13990F0
C13A54C4
C13B185D
C13BDBB8
C13C9ECE
C13D619C
C13E241C
C13EE64B
C13FA823
C14069A1
C1412AC2
C141EB81
C142ABDC
C1436BCF
C1442B57
C144EA73
C145A91E
C1466758
C147251D
C147E26D
C1489F44
C1495BA3
C14A1787
C14AD2EE
C14B8DD9
C14C4846
C14D0235
C14DBBA4
C14E7494
C14F2D04
C14FE4F4
C1509C63
C1515353
C15209C3
C152BFB4
C1537525
C1542A19
C154DE8E
C1559286
C1564603
C156F903
C157AB8A
C1585D97
C1590F2D
C159C04B
C15A70F4
C15B2128
C15BD0EA
C15C803B
C15D2F1B
C15DDD8D
C15E8B93
C15F392D
C15FE65D
C1609326
C1613F89
C161EB87
C1629722
C163425C
C163ED37
C16497B4
C16541D6
C165EB9E
C166950D
C1673E27
C167E6EB
C1688F5D
C169377E
C169DF4F
C16A86D3
C16B2E0A
C16BD4F8
C16C7B9D
C16D21FC
C16DC815
C16E6DEB
C16F137F
C16FB8D3
C0E7E5FE
C0E81118
C0E83CF7
C0E869A2
C0E8971E
C0E8C570
C0E8F49E
C0E924AD
C0E955A3
C0E98787
C0E9BA5D
C0E9EE2D
C0EA22FD
C0EA58D2
C0EA8FB4
C0EAC7A8
C0EB00B7
C0EB3AE5
C0EB763C
C0EBB2C0
C0EBF07B
C0EC2F73
C0EC6FAF
C0ECB138
C0ECF416
C0ED384F
C0ED7DEC
C0EDC4F6
C0EE0D74
C0EE5770
C0EEA2F1
C0EEF001
C0EF3EA9
C0EF8EF2
C0EFE0E4
C0F0348A
C0F089ED
C0F0E117
C0F13A11
C0F194E5
C0F1F19E
C0F25046
C0F2B0E6
C0F3138B
C0F3783E
C0F3DF0B
C0F447FB
C0F4B31B
C0F52075
C0F59015
C0F60206
C0F67653
C0F6ED09
C0F76632
C0F7E1DB
C0F86010
C0F8E0DB
C0F9644A
C0F9EA67
C0FA7340
C0FAFEDF
C0FB8D52
C0FC1EA3
C0FCB2E0
C0FD4A13
C0FDE449
C0FE818C
C0FF21EA
C0FFC56E
C1003611
C1008B09
C100E1A4
C10139E9
C10193DC
C101EF82
C1024CE0
C102ABFC
C1030CDA
C1036F7F
C103D3EF
C1043A2E
C104A23F
C1050C28
C10577EB
C105E58C
C106550D
C106C671
C10739BA
C107AEEB
C1082606
C1089F0B
C10919FC
C10996DA
C10A15A5
C10A965D
C10B1901
C10B9D91
C10C240C
C10CAC70
C10D36BB
C10DC2EB
C10E50FD
C10EE0EE
C10F72BA
C110065E
C1109BD5
C1113319
C111CC27
C11266F8
C1130387
C113A1CD
C11441C3
C114E362
C11586A4
C1162B80
C116D1EE
C11779E5
C118235F
C118CE50
C1197AB1
C11A2877
C11AD79A
C11B880F
C11C39CC
C11CECC8
C11DA0F7
C11E5650
C11F0CC8
C11FC454
C1207CEA
C121367F
C121F108
C122AC7A
C12368CA
C12425EE
C124E3DA
C125A285
C12661E3
C12721E9
C127E28E
C128A3C7
C1296588
C12A27C9
C12AEA7F
C12BADA1
C12C7123
C12D34FE
C12DF927
C12EBD94
C12F823E
C130471B
C1310C22
C131D14B
C132968E
C1335BE2
C134213F
C134E69F
C135ABF9
C1367147
C1373680
C137FBA0
C138C09E
C1398575
C13A4A1F
C13B0E96
C13BD2D4
C13C96D4
C13D5A91
C13E1E05
C13EE12C
C13FA403
C1406683
C14128AA
C141EA73
C142ABDB
C1436CDF
C1442D7B
C144EDAD
C145AD71
C1466CC5
C1472BA6
C147EA13
C148A80A
C1496588
C14A228C
C14ADF15
C14B9B21
C14C56AF
C14D11BF
C14DCC4E
C14E865E
C14F3FEC
C14FF8FA
C150B186
C1516990
C1522119
C152D821
C1538EA8
C15444AE
C154FA34
C155AF3B
C15663C2
C15717CC
C157CB58
C1587E69
C15930FE
C159E319
C15A94BC
C15B45E6
C15BF69B
C15CA6DA
C15D56A7
C15E0601
C15EB4EA
C15F6365
C1601173
C160BF14
C1616C4C
C162191C
C162C585
C1637189
C1641D29
C164C869
C1657349
C1661DCB
C166C7F1
C16771BD
C1681B30
C168C44D
C1696D15
C16A158A
C16ABDAD
C16B6581
C16C0D08
C16CB442
C16D5B32
C16E01D9
C16EA839
C16F4E55
C16FF42C
C17099C2
C0E91B29
C0E94643
C0E97222
C0E99ECE
C0E9CC4A
C0E9FA9C
C0EA29CA
C0EA59DA
C0EA8AD1
C0EABCB6
C0EAEF8D
C0EB235E
C0EB582F
C0EB8E06
C0EBC4E9
C0EBFCE0
C0EC35F0
C0EC7021
C0ECAB79
C0ECE801
C0ED25BE
C0ED64B9
C0EDA4F8
C0EDE685
C0EE2965
C0EE6DA2
C0EEB343
C0EEFA51
C0EF42D4
C0EF8CD5
C0EFD85B
C0F02571
C0F0741E
C0F0C46D
C0F11665
C0F16A12
C0F1BF7C
C0F216AD
C0F26FAE
C0F2CA8B
C0F3274C
C0F385FD
C0F3E6A7
C0F44955
C0F4AE13
C0F514EA
C0F57DE6
C0F5E911
C0F65678
C0F6C625
C0F73823
C0F7AC7E
C0F82343
C0F89C7C
C0F91834
C0F99679
C0FA1756
C0FA9AD7
C0FB2108
C0FBA9F4
C0FC35A8
C0FCC430
C0FD5598
C0FDE9EC
C0FE8137
C0FF1B86
C0FFB8E4
C1002CAF
C1007E7F
C100D1E7
C10126EF
C1017D9A
C101D5EF
C1022FF3
C1028BAB
C102E91D
C103484C
C103A93E
C1040BF7
C104707D
C104D6D2
C1053EFB
C105A8FC
C10614D8
C1068292
C106F22E
C10763AD
C107D714
C1084C63
C108C39C
C1093CC1
C109B7D3
C10A34D3
C10AB3C1
C10B349D
C10BB767
C10C3C1E
C10CC2C1
C10D4B4F
C10DD5C5
C10E6221
C10EF061
C10F8081
C110127E
C110A654
C1113BFE
C111D378
C1126CBD
C11307C6
C113A48F
C1144311
C114E344
C1158523
C11628A6
C116CDC5
C1177478
C1181CB6
C118C678
C11971B4
C11A1E62
C11ACC77
C11B7BEA
C11C2CB2
C11CDEC4
C11D9216
C11E469F
C11EFC53
C11FB328
C1206B14
C121240B
C121DE03
C12298F2
C12354CC
C1241187
C124CF17
C1258D72
C1264C8E
C1270C5F
C127CCDA
C1288DF7
C1294FA9
C12A11E6
C12AD4A5
C12B97DB
C12C5B7F
C12D1F86
C12DE3E6
C12EA897
C12F6D8F
C13032C5
C130F830
C131BDC7
C1328382
C1334958
C1340F41
C134D536
C1359B2E
C1366122
C137270B
C137ECE2
C138B29F
C139783D
C13A3DB5
C13B0301
C13BC81B
C13C8CFD
C13D51A2
C13E1604
C13EDA1F
C13F9DED
C140616B
C1412494
C141E763
C142A9D6
C1436BE7
C1442D94
C144EEDA
C145AFB5
C1467022
C147301F
C147EFAA
C148AEBF
C1496D5E
C14A2B84
C14AE92F
C14BA65E
C14C630F
C14D1F42
C14DDAF5
C14E9627
C14F50D8
C1500B07
C150C4B3
C1517DDD
C1523684
C152EEA8
C153A64A
C1545D69
C1551405
C155CA20
C1567FBA
C15734D3
C157E96C
C1589D86
C1595122
C15A0442
C15AB6E5
C15B690D
C15C1ABC
C15CCBF3
C15D7CB2
C15E2CFC
C15EDCD2
C15F8C36
C1603B28
C160E9AB
C16197C1
C162456A
C162F2A9
C1639F7F
C1644BED
C164F7F7
C165A39D
C1664EE2
C166F9C7
C167A44D
C1684E77
C168F847
C169A1BE
C16A4ADE
C16AF3AA
C16B9C21
C16C4448
C16CEC1E
C16D93A7
C16E3AE4
C16EE1D6
C16F887F
C1702EE1
C170D4FE
C1717AD7
C0EA508D
C0EA7BA6
C0EAA786
C0EAD432
C0EB01AE
C0EB3001
C0EB5F30
C0EB8F40
C0EBC038
C0EBF21E
C0EC24F7
C0EC58C9
C0EC8D9B
C0ECC373
C0ECFA58
C0ED3251
C0ED6B63
C0EDA596
C0EDE0F1
C0EE1D7A
C0EE5B3A
C0EE9A38
C0EEDA7B
C0EF1C0A
C0EF5EEE
C0EFA32F
C0EFE8D4
C0F02FE6
C0F0786E
C0F0C273
C0F10DFE
C0F15B19
C0F1A9CC
C0F1FA20
C0F24C1F
C0F29FD2
C0F2F543
C0F34C7B
C0F3A584
C0F40069
C0F45D32
C0F4BBEC
C0F51C9F
C0F57F57
C0F5E41F
C0F64B00
C0F6B407
C0F71F3E
C0F78CB1
C0F7FC6A
C0F86E76
C0F8E2DF
C0F959B2
C0F9D2FA
C0FA4EC2
C0FACD18
C0FB4E05
C0FBD198
C0FC57DB
C0FCE0DB
C0FD6CA3
C0FDFB40
C0FE8CBE
C0FF2129
C0FFB88C
C100297A
C1007836
C100C87F
C1011A5D
C1016DD4
C101C2EB
C10219A6
C102720B
C102CC20
C10327EA
C103856D
C103E4AF
C10445B5
C104A883
C1050D1D
C1057388
C105DBC8
C10645E0
C106B1D4
C1071FA8
C1078F5E
C10800F8
C108747B
C108E9E7
C109613E
C109DA82
C10A55B5
C10AD2D6
C10B51E6
C10BD2E6
C10C55D5
C10CDAB2
C10D617C
C10DEA32
C10E74D2
C10F015A
C10F8FC6
C1102014
C110B241
C1114648
C111DC25
C11273D3
C1130D4D
C113A88E
C1144590
C114E44C
C11584BC
C11626DA
C116CA9C
C1176FFD
C11816F3
C118BF77
C1196980
C11A1506
C11AC1FE
C11B7060
C11C2023
C11CD13B
C11D83A1
C11E3749
C11EEC28
C11FA236
C1205967
C12111B0
C121CB08
C1228562
C12340B5
C123FCF6
C124BA19
C1257814
C12636DC
C126F667
C127B6AA
C1287799
C129392B
C129FB55
C12ABE0D
C12B8148
C12C44FD
C12D0921
C12DCDAB
C12E9290
C12F57C8
C1301D49
C130E30A
C131A901
C1326F27
C1333572
C133FBDA
C134C258
C13588E2
C1364F72
C13715FF
C137DC82
C138A2F5
C1396950
C13A2F8D
C13AF5A5
C13BBB92
C13C814F
C13D46D4
C13E0C1D
C13ED125
C13F95E6
C1405A5C
C1411E81
C141E252
C142A5CA
C14368E6
C1442BA1
C144EDF7
C145AFE7
C146716C
C1473283
C147F32A
C148B35E
C149731D
C14A3264
C14AF132
C14BAF85
C14C6D5B
C14D2AB3
C14DE78C
C14EA3E4
C14F5FBA
C1501B0E
C150D5DE
C151902B
C15249F5
C153033A
C153BBFB
C1547437
C1552BF0
C155E325
C15699D7
C1575005
C15805B2
C158BADC
C1596F86
C15A23B1
C15AD75C
C15B8A89
C15C3D3A
C15CEF6F
C15DA12A
C15E526C
C15F0336
C15FB38A
C160636A
C16112D6
C161C1D1
C162705C
C1631E79
C163CC29
C164796E
C165264A
C165D2BF
C1667ECE
C1672A7A
C167D5C3
C16880AC
C1692B37
C169D565
C16A7F39
C16B28B3
C16BD1D7
C16C7AA5
C16D2320
C16DCB49
C16E7322
C16F1AAD
C16FC1EC
C17068E0
C1710F8B
C171B5EF
C1725C0D
C0EB8627
C0EBB140
C0EBDD21
C0EC09CD
C0EC3749
C0EC659D
C0EC94CC
C0ECC4DD
C0ECF5D6
C0ED27BD
C0ED5A97
C0ED8E6A
C0EDC33E
C0EDF918
C0EE2FFE
C0EE67F8
C0EEA10D
C0EEDB42
C0EF169F
C0EF532B
C0EF90EE
C0EFCFEE
C0F01034
C0F051C7
C0F094AE
C0F0D8F3
C0F11E9C
C0F165B2
C0F1AE3E
C0F1F848
C0F243D8
C0F290F8
C0F2DFB1
C0F3300B
C0F38210
C0F3D5C9
C0F42B40
C0F4827F
C0F4DB90
C0F5367C
C0F5934E
C0F5F210
C0F652CC
C0F6B58E
C0F71A5F
C0F7814B
C0F7EA5D
C0F8559F
C0F8C31E
C0F932E3
C0F9A4FC
C0FA1973
C0FA9053
C0FB09AA
C0FB8582
C0FC03E7
C0FC84E6
C0FD088A
C0FD8EDF
C0FE17F2
C0FEA3CE
C0FF327F
C0FFC413
C1002C4A
C1007807
C100C547
C101140F
C1016466
C101B651
C10209D7
C1025EFC
C102B5C6
C1030E3B
C1036861
C103C43B
C10421D0
C1048125
C104E23E
C105451F
C105A9CE
C106104E
C10678A4
C106E2D3
C1074EDF
C107BCCC
C1082C9B
C1089E50
C10911EE
C1098777
C109FEEB
C10A784E
C10AF3A0
C10B70E1
C10BF013
C10C7136
C10CF449
C10D794B
C10E003C
C10E891A
C10F13E2
C10FA094
C1102F2C
C110BFA8
C1115203
C111E63A
C1127C48
C1131429
C113ADD8
C114494F
C114E689
C115857E
C116262A
C116C884
C1176C85
C1181226
C118B95E
C1196226
C11A0C75
C11AB843
C11B6585
C11C1433
C11CC443
C11D75AB
C11E2862
C11EDC5E
C11F9194
C12047F9
C120FF84
C121B82A
C12271DF
C1232C9A
C123E850
C124A4F5
C1256280
C12620E4
C126E018
C127A010
C12860C3
C1292224
C129E42A
C12AA6CB
C12B69FB
C12C2DB2
C12CF1E3
C12DB686
C12E7B91
C12F40FA
C13006B7
C130CCBF
C1319309
C132598C
C133203F
C133E71A
C134AE13
C1357523
C1363C42
C1370368
C137CA8D
C13891AA
C13958B8
C13A1FB0
C13AE68B
C13BAD42
C13C73D0
C13D3A2E
C13E0057
C13EC644
C13F8BF1
C1405158
C1411674
C141DB41
C1429FBA
C14363DB
C144279F
C144EB04
C145AE04
C146709E
C14732CD
C147F48E
C148B5E0
C14976BE
C14A3727
C14AF718
C14BB68F
C14C758B
C14D3409
C14DF209
C14EAF88
C14F6C86
C1502901
C150E4F9
C151A06D
C1525B5D
C15315C7
C153CFAC
C154890B
C15541E5
C155FA39
C156B208
C1576952
C1582018
C158D659
C1598C18
C15A4153
C15AF60D
C15BAA47
C15C5E00
C15D113B
C15DC3F9
C15E763A
C15F2800
C15FD94D
C1608A22
C1613A7F
C161EA68
C16299DD
C16348E0
C163F773
C164A596
C165534D
C1660099
C166AD7B
C16759F6
C168060A
C168B1BA
C1695D08
C16A07F6
C16AB285
C16B5CB7
C16C068E
C16CB00C
C16D5932
C16E0203
C16EAA81
C16F52AC
C16FFA88
C170A215
C1714956
C171F04C
C17296F9
C1733D5F
C0ECBBF4
C0ECE70F
C0ED12EF
C0ED3F9B
C0ED6D19
C0ED9B6D
C0EDCA9D
C0EDFAAF
C0EE2BA9
C0EE5D90
C0EE906B
C0EEC440
C0EEF915
C0EF2EF1
C0EF65D9
C0EF9DD5
C0EFD6EB
C0F01122
C0F04C82
C0F08911
C0F0C6D6
C0F105D9
C0F14622
C0F187B8
C0F1CAA3
C0F20EEB
C0F25498
C0F29BB2
C0F2E442
C0F32E51
C0F379E6
C0F3C70B
C0F415C9
C0F46629
C0F4B834
C0F50BF3
C0F56171
C0F5B8B7
C0F611CF
C0F66CC3
C0F6C99D
C0F72867
C0F7892C
C0F7EBF7
C0F850D2
C0F8B7C8
C0F920E4
C0F98C32
C0F9F9BC
C0FA698E
C0FADBB3
C0FB5037
C0FBC725
C0FC408A
C0FCBC71
C0FD3AE6
C0FDBBF5
C0FE3FAA
C0FEC611
C0FF4F36
C0FFDB26
C10034F6
C1007DCA
C100C815
C10113DD
C1016129
C101AFFE
C1020061
C102525A
C102A5ED
C102FB20
C10351FA
C103AA7E
C10404B3
C104609F
C104BE45
C1051DAC
C1057ED7
C105E1CC
C106468F
C106AD24
C1071590
C1077FD5
C107EBF8
C10859FD
C108C9E5
C1093BB4
C109AF6D
C10A2511
C10A9CA2
C10B1623
C10B9193
C10C0EF4
C10C8E47
C10D0F8C
C10D92C2
C10E17E8
C10E9EFF
C10F2803
C10FB2F4
C1103FCF
C110CE92
C1115F3A
C111F1C2
C1128628
C1131C67
C113B47A
C1144E5C
C114EA08
C1158778
C11626A6
C116C78B
C1176A21
C1180E5F
C118B43F
C1195BB9
C11A04C3
C11AAF57
C11B5B6A
C11C08F5
C11CB7ED
C11D6849
C11E1A00
C11ECD07
C11F8155
C12036DF
C120ED9B
C121A57E
C1225E7F
C1231891
C123D3AB
C1248FC1
C1254CCA
C1260ABA
C126C986
C1278923
C1284988
C1290AA8
C129CC7A
C12A8EF3
C12B5208
C12C15B0
C12CD9DF
C12D9E8C
C12E63AD
C12F2937
C12FEF22
C130B563
C1317BF1
C13242C3
C13309D0
C133D10F
C1349877
C1356000
C13627A2
C136EF54
C137B70F
C1387ECB
C1394681
C13A0E29
C13AD5BC
C13B9D34
C13C648A
C13D2BB8
C13DF2B7
C13EB982
C13F8012
C1404664
C1410C70
C141D233
C14297A7
C1435CC8
C1442191
C144E5FF
C145AA0D
C1466DB8
C14730FB
C147F3D5
C148B641
C149783D
C14A39C6
C14AFAD9
C14BBB75
C14C7B96
C14D3B3B
C14DFA63
C14EB90B
C14F7732
C15034D7
C150F1F9
C151AE97
C1526AAF
C1532642
C153E14F
C1549BD5
C15555D4
C1560F4C
C156C83E
C15780A8
C158388D
C158EFEB
C159A6C4
C15A5D18
C15B12E7
C15BC833
C15C7CFD
C15D3145
C15DE50C
C15E9854
C15F4B1E
C15FFD6B
C160AF3C
C1616093
C1621172
C162C1D9
C16371CA
C1642147
C164D052
C1657EEC
C1662D16
C166DAD4
C1678825
C168350D
C168E18D
C1698DA6
C16A395B
C16AE4AE
C16B8F9F
C16C3A32
C16CE468
C16D8E42
C16E37C3
C16EE0ED
C16F89C1
C1703241
C170DA6F
C171824D
C17229DC
C172D11F
C1737817
C1741EC5
C0EDF1F4
C0EE1D0F
C0EE48EF
C0EE759C
C0EEA31A
C0EED16F
C0EF009F
C0EF30B2
C0EF61AD
C0EF9396
C0EFC672
C0EFFA48
C0F02F1F
C0F064FC
C0F09BE6
C0F0D3E3
C0F10CFC
C0F14735
C0F18297
C0F1BF28
C0F1FCF0
C0F23BF6
C0F27C42
C0F2BDDB
C0F300CA
C0F34515
C0F38AC6
C0F3D1E4
C0F41A79
C0F4648C
C0F4B026
C0F4FD50
C0F54C13
C0F59C78
C0F5EE89
C0F6424F
C0F697D3
C0F6EF20
C0F7483F
C0F7A33A
C0F8001C
C0F85EEF
C0F8BFBD
C0F92290
C0F98775
C0F9EE75
C0FA579B
C0FAC2F4
C0FB3089
C0FBA067
C0FC1298
C0FC8729
C0FCFE25
C0FD7798
C0FDF38D
C0FE7212
C0FEF331
C0FF76F6
C0FFFD6F
C1004353
C1008954
C100D0C1
C101199F
C10163F5
C101AFC8
C101FD1F
C1024C00
C1029C70
C102EE75
C1034216
C1039757
C103EE3F
C10446D3
C104A118
C104FD13
C1055ACB
C105BA43
C1061B80
C1067E88
C106E35F
C1074A08
C107B289
C1081CE4
C108891E
C108F73A
C109673A
C109D923
C10A4CF5
C10AC2B4
C10B3A62
C10BB3FF
C10C2F8E
C10CAD0E
C10D2C81
C10DADE7
C10E313F
C10EB689
C10F3DC4
C10FC6EE
C1105206
C110DF0A
C1116DF7
C111FEC9
C112917E
C1132612
C113BC80
C11454C3
C114EED8
C1158AB8
C116285E
C116C7C2
C11768E0
C1180BB0
C118B02B
C1195648
C119FE01
C11AA74D
C11B5224
C11BFE7C
C11CAC4E
C11D5B8E
C11E0C35
C11EBE39
C11F718F
C120262D
C120DC0A
C121931B
C1224B55
C12304AE
C123BF1B
C1247A93
C1253709
C125F473
C126B2C6
C12771F8
C12831FE
C128F2CC
C129B459
C12A769A
C12B3984
C12BFD0C
C12CC129
C12D85D0
C12E4AF7
C12F1093
C12FD69B
C1309D06
C13163C9
C1322ADC
C132F234
C133B9CA
C1348193
C1354988
C13611A0
C136D9D2
C137A216
C1386A65
C13932B7
C139FB04
C13AC345
C13B8B73
C13C5387
C13D1B7A
C13DE347
C13EAAE6
C13F7253
C1403986
C141007B
C141C72D
C1428D95
C14353B0
C1441979
C144DEEA
C145A401
C14668B9
C1472D0D
C147F0FC
C148B480
C1497797
C14A3A3E
C14AFC72
C14BBE30
C14C7F76
C14D4042
C14E0092
C14EC064
C14F7FB5
C1503E85
C150FCD3
C151BA9C
C15277E0
C153349F
C153F0D6
C154AC87
C15567AF
C1562250
C156DC69
C15795F9
C1584F01
C1590782
C159BF7B
C15A76EC
C15B2DD7
C15BE43D
C15C9A1D
C15D4F78
C15E0451
C15EB8A7
C15F6C7B
C1601FD0
C160D2A5
C16184FD
C16236D9
C162E83A
C1639922
C1644992
C164F98B
C165A910
C1665822
C16706C3
C167B4F4
C16862B8
C169100F
C169BCFD
C16A6981
C16B15A0
C16BC159
C16C6CB0
C16D17A6
C16DC23C
C16E6C75
C16F1653
C16FBFD7
C1706903
C17111DA
C171BA5D
C172628D
C1730A6D
C173B1FE
C1745943
C175003C
C0EF2823
C0EF533E
C0EF7F1F
C0EFABCD
C0EFD94B
C0F007A0
C0F036D2
C0F066E6
C0F097E2
C0F0C9CB
C0F0FCA9
C0F13080
C0F16558
C0F19B37
C0F1D222
C0F20A22
C0F2433C
C0F27D78
C0F2B8DC
C0F2F570
C0F3333A
C0F37243
C0F3B292
C0F3F42E
C0F43720
C0F47B6F
C0F4C124
C0F50846
C0F550DF
C0F59AF6
C0F5E695
C0F633C4
C0F6828C
C0F6D2F7
C0F7250E
C0F778DA
C0F7CE64
C0F825B8
C0F87EDE
C0F8D9E0
C0F936CA
C0F995A5
C0F9F67B
C0FA5957
C0FABE45
C0FB254F
C0FB8E80
C0FBF9E2
C0FC6783
C0FCD76C
C0FD49A9
C0FDBE47
C0FE3550
C0FEAED1
C0FF2AD5
C0FFA968
C100154B
C1005736
C1009A7B
C100DF1F
C1012529
C1016C9F
C101B588
C101FFE8
C1024BC6
C1029928
C102E815
C1033891
C1038AA3
C103DE51
C10433A0
C1048A95
C104E338
C1053D8C
C1059998
C105F75F
C10656E8
C106B838
C1071B52
C107803C
C107E6F9
C1084F8E
C108B9FF
C109264F
C1099481
C10A049A
C10A769B
C10AEA87
C10B6060
C10BD829
C10C51E3
C10CCD8E
C10D4B2D
C10DCABF
C10E4C46
C10ECFBF
C10F552C
C10FDC8B
C11065DA
C110F118
C1117E43
C1120D59
C1129E55
C1133136
C113C5F6
C1145C92
C114F506
C1158F4B
C1162B5E
C116C938
C11768D3
C1180A28
C118AD31
C11951E6
C119F840
C11AA037
C11B49C3
C11BF4DB
C11CA177
C11D4F8E
C11DFF16
C11EB006
C11F6255
C12015F8
C120CAE5
C1218113
C1223877
C122F107
C123AAB7
C124657E
C1252151
C125DE24
C1269BEE
C1275AA4
C1281A3A
C128DAA6
C1299BDD
C12A5DD5
C12B2083
C12BE3DC
C12CA7D6
C12D6C66
C12E3183
C12EF721
C12FBD38
C13083BD
C1314AA6
C13211EA
C132D97F
C133A15D
C1346979
C13531CC
C135FA4B
C136C2F0
C1378BB1
C1385486
C1391D67
C139E64D
C13AAF31
C13B7809
C13C40D1
C13D0980
C13DD210
C13E9A7B
C13F62BA
C1402AC7
C140F29C
C141BA35
C142818B
C1434899
C1440F5A
C144D5CA
C1459BE3
C14661A3
C1472704
C147EC03
C148B09B
C14974CA
C14A388C
C14AFBDF
C14BBEBE
C14C8128
C14D4319
C14E0491
C14EC58B
C14F8608
C1504603
C151057D
C151C474
C15282E6
C15340D2
C153FE37
C154BB15
C155776A
C1563337
C156EE7B
C157A935
C1586366
C1591D0D
C159D62B
C15A8EC1
C15B46CD
C15BFE51
C15CB54E
C15D6BC4
C15E21B4
C15ED71F
C15F8C05
C1604068
C160F44A
C161A7AA
C1625A8B
C1630CEE
C163BED3
C164703E
C165212F
C165D1A7
C16681A8
C1673135
C167E04E
C1688EF5
C1693D2D
C169EAF6
C16A9853
C16B4546
C16BF1D0
C16C9DF2
C16D49B0
C16DF50B
C16EA004
C16F4A9E
C16FF4DB
C1709EBC
C1714843
C171F172
C1729A4B
C17342D0
C173EB03
C17492E5
C1753A78
C175E1BE
C0F05E80
C0F0899B
C0F0B57D
C0F0E22B
C0F10FAA
C0F13E00
C0F16D32
C0F19D47
C0F1CE44
C0F2002F
C0F2330D
C0F266E6
C0F29BC0
C0F2D1A0
C0F3088D
C0F3408F
C0F379AB
C0F3B3E8
C0F3EF4F
C0F42BE5
C0F469B2
C0F4A8BE
C0F4E910
C0F52AAF
C0F56DA4
C0F5B1F7
C0F5F7AF
C0F63ED6
C0F68772
C0F6D18E
C0F71D31
C0F76A65
C0F7B933
C0F809A3
C0F85BBF
C0F8AF91
C0F90522
C0F95C7C
C0F9B5A9
C0FA10B3
C0FA6DA4
C0FACC86
C0FB2D65
C0FB904A
C0FBF541
C0FC5C54
C0FCC58F
C0FD30FC
C0FD9EA7
C0FE0E9B
C0FE80E5
C0FEF58F
C0FF6CA5
C0FFE633
C1003122
C1007073
C100B112
C100F305
C1013652
C1017AFF
C101C112
C1020891
C1025183
C1029BED
C102E7D6
C1033543
C103843B
C103D4C3
C10426E1
C1047A9C
C104CFF8
C10526FC
C1057FAD
C105DA10
C106362B
C1069402
C106F39C
C10754FD
C107B829
C1081D25
C10883F6
C108EC9F
C1095725
C109C38A
C10A31D3
C10AA203
C10B141C
C10B8821
C10BFE14
C10C75F7
C10CEFCC
C10D6B94
C10DE951
C10E6902
C10EEAA7
C10F6E42
C10FF3D0
C1107B52
C11104C5
C1119029
C1121D7B
C112ACB8
C1133DDD
C113D0E8
C11465D4
C114FC9E
C1159540
C1162FB5
C116CBFA
C1176A06
C11809D6
C118AB61
C1194EA2
C119F390
C11A9A25
C11B4259
C11BEC24
C11C977C
C11D445B
C11DF2B5
C11EA283
C11F53BB
C1200653
C120BA42
C1216F7D
C12225FA
C122DDB0
C1239693
C1245099
C1250BB8
C125C7E4
C1268514
C127433C
C1280252
C128C24B
C129831B
C12A44BA
C12B071A
C12BCA33
C12C8DFA
C12D5264
C12E1766
C12EDCF7
C12FA30C
C130699B
C131309A
C131F801
C132BFC4
C13387DA
C134503B
C13518DC
C135E1B6
C136AABF
C13773EF
C1383D3E
C13906A2
C139D015
C13A998E
C13B6306
C13C2C76
C13CF5D5
C13DBF1E
C13E884A
C13F5152
C1401A2F
C140E2DC
C141AB53
C142738E
C1433B88
C144033A
C144CAA1
C14591B8
C1465879
C1471EE1
C147E4EB
C148AA94
C1496FD7
C14A34B1
C14AF91E
C14BBD1C
C14C80A7
C14D43BC
C14E065A
C14EC87D
C14F8A23
C1504B4A
C1510BF1
C151CC16
C1528BB6
C1534AD2
C1540967
C154C774
C15584F9
C15641F5
C156FE67
C157BA4F
C15875AD
C159307F
C159EAC8
C15AA485
C15B5DB8
C15C1661
C15CCE80
C15D8617
C15E3D24
C15EF3AA
C15FA9A9
C1605F22
C1611416
C161C886
C1627C74
C1632FE0
C163E2CB
C1649538
C1654728
C165F89B
C166A994
C1675A15
C1680A1E
C168B9B2
C16968D1
C16A177F
C16AC5BD
C16B738C
C16C20EE
C16CCDE6
C16D7A74
C16E269B
C16ED25D
C16F7DBC
C17028B9
C170D356
C1717D96
C172277A
C172D104
C1737A35
C1742311
C174CB98
C17573CD
C1761BB1
C176C346
C0F19509
C0F1C024
C0F1EC06
C0F218B5
C0F24634
C0F2748B
C0F2A3BF
C0F2D3D4
C0F304D2
C0F336BE
C0F3699E
C0F39D78
C0F3D253
C0F40835
C0F43F24
C0F47727
C0F4B045
C0F4EA85
C0F525EE
C0F56286
C0F5A056
C0F5DF65
C0F61FB9
C0F6615C
C0F6A454
C0F6E8AA
C0F72E66
C0F77590
C0F7BE31
C0F80851
C0F853F9
C0F8A132
C0F8F004
C0F9407A
C0F9929C
C0F9E673
C0FA3C0A
C0FA936B
C0FAEC9E
C0FB47AF
C0FBA4A8
C0FC0392
C0FC6479
C0FCC766
C0FD2C66
C0FD9382
C0FDFCC7
C0FE683E
C0FED5F4
C0FF45F3
C0FFB848
C100167F
C1005210
C1008EDE
C100CCED
C1010C45
C1014CEC
C1018EE6
C101D23B
C10216F1
C1025D0C
C102A495
C102ED90
C1033804
C10383F7
C103D16F
C1042072
C1047106
C104C330
C10516F7
C1056C60
C105C371
C1061C30
C10676A2
C106D2CC
C10730B3
C107905D
C107F1CF
C108550C
C108BA1B
C10920FE
C10989BB
C109F455
C10A60CF
C10ACF2E
C10B3F74
C10BB1A4
C10C25C1
C10C9BCE
C10D13CB
C10D8DBB
C10E099F
C10E8778
C10F0747
C10F890B
C1100CC6
C1109275
C1111A19
C111A3B0
C1122F38
C112BCAF
C1134C13
C113DD61
C1147095
C11505AC
C1159CA1
C1163571
C116D015
C1176C8A
C1180AC8
C118AACB
C1194C8B
C119F002
C11A9529
C11B3BF8
C11BE467
C11C8E6F
C11D3A07
C11DE726
C11E95C3
C11F45D5
C11FF753
C120AA34
C1215E6C
C12213F3
C122CABF
C12382C4
C1243BF9
C124F654
C125B1C8
C1266E4D
C1272BD7
C127EA5C
C128A9D0
C1296A2A
C12A2B5D
C12AED61
C12BB029
C12C73AC
C12D37DE
C12DFCB5
C12EC228
C12F882B
C1304EB5
C13115BB
C131DD33
C132A514
C1336D55
C13435EB
C134FECD
C135C7F2
C1369152
C1375AE3
C138249D
C138EE77
C139B86A
C13A826C
C13B4C77
C13C1683
C13CE088
C13DAA7E
C13E7460
C13F3E26
C14007CA
C140D145
C1419A91
C14263A8
C1432C85
C143F521
C144BD78
C1458584
C1464D41
C14714AA
C147DBBA
C148A26D
C14968BF
C14A2EAC
C14AF430
C14BB949
C14C7DF2
C14D4229
C14E05EA
C14EC934
C14F8C03
C1504E55
C1511029
C151D17B
C152924B
C1535297
C154125C
C154D19B
C1559052
C1564E7F
C1570C22
C157C93B
C15885C9
C15941CB
C159FD41
C15AB82B
C15B728A
C15C2C5C
C15CE5A4
C15D9E60
C15E5691
C15F0E38
C15FC556
C1607BEB
C16131F9
C161E780
C1629C81
C16350FD
C16404F6
C164B86D
C1656B63
C1661DD9
C166CFD2
C167814E
C1683250
C168E2D8
C16992E8
C16A4283
C16AF1A9
C16BA05D
C16C4EA0
C16CFC75
C16DA9DC
C16E56D8
C16F036B
C16FAF97
C1705B5D
C17106BF
C171B1BF
C1725C60
C17306A3
C173B089
C1745A16
C175034A
C175AC28
C17654B2
C176FCE8
C177A4CE
C0F2CBBB
C0F2F6D7
C0F322BA
C0F34F69
C0F37CE9
C0F3AB40
C0F3DA75
C0F40A8B
C0F43B8A
C0F46D77
C0F4A058
C0F4D434
C0F50910
C0F53EF3
C0F575E4
C0F5ADE9
C0F5E70A
C0F6214C
C0F65CB7
C0F69952
C0F6D724
C0F71635
C0F7568D
C0F79832
C0F7DB2E
C0F81F87
C0F86547
C0F8AC75
C0F8F51A
C0F93F3E
C0F98AEA
C0F9D828
C0FA26FF
C0FA777A
C0FAC9A1
C0FB1D7E
C0FB731B
C0FBCA82
C0FC23BC
C0FC7ED4
C0FCDBD4
C0FD3AC5
C0FD9BB4
C0FDFEAA
C0FE63B2
C0FECAD8
C0FF3425
C0FF9FA7
C10006B3
C1003EB8
C10077E9
C100B249
C100EDE1
C1012AB5
C10168CB
C101A82A
C101E8D7
C1022AD9
C1026E36
C102B2F4
C102F918
C10340AA
C10389AE
C103D42C
C1042029
C1046DAB
C104BCB9
C1050D57
C1055F8D
C105B361
C10608D6
C1065FF5
C106B8C1
C1071341
C1076F79
C107CD70
C1082D2A
C1088EAC
C108F1FB
C109571B
C109BE11
C10A26E0
C10A918E
C10AFE1D
C10B6C91
C10BDCED
C10C4F34
C10CC369
C10D398D
C10DB1A4
C10E2BAE
C10EA7AE
C10F25A3
C10FA58E
C1102771
C110AB4A
C111311A
C111B8DF
C1124298
C112CE44
C1135BE0
C113EB69
C1147CDE
C115103B
C115A57B
C1163C9C
C116D598
C117706A
C1180D0E
C118AB7D
C1194BB2
C119EDA6
C11A9152
C11B36B0
C11BDDB8
C11C8661
C11D30A5
C11DDC7A
C11E89D8
C11F38B6
C11FE90C
C1209ACE
C1214DF5
C1220277
C122B848
C1236F60
C12427B4
C124E139
C1259BE6
C12657AF
C127148B
C127D26D
C128914D
C129511E
C12A11D6
C12AD36B
C12B95D2
C12C5900
C12D1CEA
C12DE187
C12EA6CA
C12F6CAB
C130331F
C130FA1B
C131C196
C1328986
C13351E1
C1341A9D
C134E3B1
C135AD13
C13676BA
C137409E
C1380AB6
C138D4F8
C1399F5C
C13A69DB
C13B346C
C13BFF07
C13CC9A5
C13D943E
C13E5ECA
C13F2944
C13FF3A3
C140BDE2
C14187F9
C14251E3
C1431B99
C143E517
C144AE55
C145774F
C1464000
C1470862
C147D072
C1489829
C1495F85
C14A2680
C14AED17
C14BB346
C14C7909
C14D3E5E
C14E0341
C14EC7AF
C14F8BA5
C1504F20
C151121F
C151D49F
C152969D
C1535819
C1541910
C154D981
C155996B
C15658CB
C15717A2
C157D5EE
C15893AF
C15950E3
C15A0D8B
C15AC9A6
C15B8534
C15C4035
C15CFAA9
C15DB490
C15E6DEA
C15F26B8
C15FDEFB
C16096B3
C1614DE0
C1620484
C162BA9F
C1637033
C1642541
C164D9C9
C1658DCD
C166414E
C166F44E
C167A6CE
C16858CF
C1690A54
C169BB5D
C16A6BED
C16B1C04
C16BCBA5
C16C7AD2
C16D298C
C16DD7D4
C16E85AE
C16F331A
C16FE01B
C1708CB2
C17138E2
C171E4AB
C1729011
C1733B15
C173E5B9
C1748FFE
C17539E8
C175E377
C1768CAD
C177358E
C177DE19
C1788652
C0F40295
C0F42DB2
C0F45995
C0F48644
C0F4B3C5
C0F4E21E
C0F51153
C0F5416A
C0F5726A
C0F5A458
C0F5D73B
C0F60B18
C0F63FF6
C0F675DA
C0F6ACCD
C0F6E4D4
C0F71DF6
C0F7583A
C0F793A7
C0F7D045
C0F80E1A
C0F84D2D
C0F88D88
C0F8CF30
C0F9122F
C0F9568C
C0F99C4F
C0F9E381
C0FA2C2A
C0FA7652
C0FAC203
C0FB0F45
C0FB5E21
C0FBAEA1
C0FC00CD
C0FC54B0
C0FCAA53
C0FD01C0
C0FD5B01
C0FDB61F
C0FE1326
C0FE721F
C0FED315
C0FF3613
C0FF9B24
C1000129
C10035D5
C1006B9A
C100A27F
C100DA8A
C10113BF
C1014E26
C10189C3
C101C69D
C10204BA
C1024420
C10284D4
C102C6DE
C1030A42
C1034F07
C1039534
C103DCCE
C10425DC
C1047063
C104BC69
C10509F6
C105590E
C105A9B8
C105FBF9
C1064FD8
C106A55A
C106FC85
C107555F
C107AFEC
C1080C33
C1086A39
C108CA02
C1092B94
C1098EF3
C109F425
C10A5B2D
C10AC40F
C10B2ED0
C10B9B72
C10C09FB
C10C7A6D
C10CECCA
C10D6116
C10DD752
C10E4F81
C10EC9A5
C10F45BF
C10FC3CF
C11043D7
C110C5D7
C11149CF
C111CFBE
C11257A3
C112E17E
C1136D4C
C113FB0C
C1148ABB
C1151C56
C115AFDA
C1164543
C116DC8D
C11775B5
C11810B4
C118AD86
C1194C25
C119EC8A
C11A8EB1
C11B3291
C11BD825
C11C7F63
C11D2846
C11DD2C4
C11E7ED5
C11F2C71
C11FDB8F
C1208C26
C1213E2C
C121F198
C122A660
C1235C7B
C12413DD
C124CC7E
C1258652
C1264150
C126FD6C
C127BA9C
C12878D6
C129380E
C129F83B
C12AB951
C12B7B45
C12C3E0D
C12D019F
C12DC5EF
C12E8AF4
C12F50A2
C13016EF
C130DDD2
C131A540
C1326D2E
C1333593
C133FE65
C134C79B
C135912B
C1365B0C
C1372533
C137EF9A
C138BA36
C13984FF
C13A4FEC
C13B1AF6
C13BE613
C13CB13D
C13D7C6C
C13E4797
C13F12B8
C13FDDC8
C140A8BF
C1417397
C1423E4A
C14308D0
C143D325
C1449D42
C1456722
C14630BE
C146FA13
C147C31A
C1488BCF
C149542E
C14A1C31
C14AE3D5
C14BAB16
C14C71EF
C14D385E
C14DFE5E
C14EC3EC
C14F8906
C1504DA9
C15111D1
C151D57C
C15298A9
C1535B54
C1541D7D
C154DF20
C155A03D
C15660D2
C15720DD
C157E05E
C1589F54
C1595DBE
C15A1B9A
C15AD8E9
C15B95AA
C15C51DD
C15D0D82
C15DC898
C15E8321
C15F3D1B
C15FF688
C160AF68
C16167BB
C1621F82
C162D6BE
C1638D70
C1644399
C164F93A
C165AE53
C16662E6
C16716F5
C167CA80
C1687D8A
C1693013
C169E21D
C16A93A9
C16B44BA
C16BF550
C16CA56F
C16D5516
C16E0448
C16EB308
C16F6156
C1700F34
C170BCA5
C17169AA
C1721645
C172C279
C1736E46
C17419AF
C174C4B6
C1756F5D
C17619A5
C176C391
C1776D23
C178165C
C178BF3E
C17967CC
C0F53996
C0F564B3
C0F59096
C0F5BD46
C0F5EAC8
C0F61921
C0F64857
C0F67870
C0F6A971
C0F6DB60
C0F70E44
C0F74222
C0F77701
C0F7ACE8
C0F7E3DC
C0F81BE5
C0F85509
C0F88F4F
C0F8CABF
C0F9075E
C0F94536
C0F9844C
C0F9C4A9
C0FA0655
C0FA4957
C0FA8DB7
C0FAD37E
C0FB1AB3
C0FB6360
C0FBAD8C
C0FBF941
C0FC4687
C0FC9568
C0FCE5ED
C0FD381F
C0FD8C07
C0FDE1B0
C0FE3923
C0FE926A
C0FEED8F
C0FF4A9C
C0FFA99D
C100054D
C10036D0
C100695D
C1009CF8
C100D1A8
C1010772
C1013E5C
C101766C
C101AFA7
C101EA13
C10225B6
C1026296
C102A0B9
C102E026
C10320E1
C10362F2
C103A65D
C103EB2B
C1043160
C1047902
C104C218
C1050CA8
C10558B9
C105A64F
C105F571
C1064626
C1069872
C106EC5C
C10741EA
C1079922
C107F208
C1084CA3
C108A8F8
C109070C
C10966E5
C109C886
C10A2BF6
C10A9138
C10AF851
C10B6145
C10BCC19
C10C38CF
C10CA76C
C10D17F2
C10D8A65
C10DFEC7
C10E751B
C10EED62
C10F679F
C10FE3D3
C11061FE
C110E221
C111643E
C111E853
C1126E61
C112F666
C1138061
C1140C51
C1149A33
C1152A06
C115BBC6
C1164F71
C116E502
C1177C75
C11815C7
C118B0F2
C1194DF0
C119ECBE
C11A8D53
C11B2FAB
C11BD3BF
C11C7986
C11D20FB
C11DCA15
C11E74CC
C11F2118
C11FCEF1
C1207E4D
C1212F24
C121E16C
C122951B
C1234A29
C124008B
C124B837
C1257123
C1262B44
C126E691
C127A2FE
C1286082
C1291F10
C129DEA0
C12A9F26
C12B6098
C12C22EA
C12CE612
C12DAA06
C12E6EBA
C12F3425
C12FFA3C
C130C0F4
C1318844
C1325020
C1331880
C133E159
C134AAA1
C135744F
C1363E59
C13708B6
C137D35D
C1389E44
C1396963
C13A34B1
C13B0025
C13BCBB8
C13C9761
C13D6318
C13E2ED6
C13EFA92
C13FC646
C14091EB
C1415D78
C14228E9
C142F435
C143BF58
C1448A4A
C1455506
C1461F85
C146E9C4
C147B3BB
C1487D66
C14946C1
C14A0FC6
C14AD870
C14BA0BD
C14C68A6
C14D302A
C14DF743
C14EBDEE
C14F8428
C15049EE
C1510F3D
C151D412
C152986B
C1535C45
C1541F9D
C154E272
C155A4C2
C156668C
C15727CD
C157E884
C158A8B0
C1596851
C15A2764
C15AE5EA
C15BA3E1
C15C6149
C15D1E23
C15DDA6D
C15E9627
C15F5152
C1600BEE
C160C5FB
C1617F7A
C162386A
C162F0CD
C163A8A4
C1645FEE
C16516AE
C165CCE3
C1668290
C16737B4
C167EC52
C168A06B
C1695400
C16A0713
C16AB9A4
C16B6BB6
C16C1D4A
C16CCE62
C16D7F00
C16E2F24
C16EDED2
C16F8E0A
C1703CCF
C170EB22
C1719905
C172467A
C172F383
C173A022
C1744C59
C174F82A
C175A397
C1764EA1
C176F94A
C177A395
C1784D84
C178F718
C179A053
C17A4937
C0F670BB
C0F69BD8
C0F6C7BC
C0F6F46D
C0F721F0
C0F7504A
C0F77F80
C0F7AF9A
C0F7E09C
C0F8128C
C0F84571
C0F87951
C0F8AE32
C0F8E41A
C0F91B10
C0F9531B
C0F98C41
C0F9C689
C0FA01FA
C0FA3E9C
C0FA7C76
C0FABB8F
C0FAFBEF
C0FB3D9E
C0FB80A3
C0FBC506
C0FC0AD0
C0FC5209
C0FC9AB9
C0FCE4EA
C0FD30A3
C0FD7DEE
C0FDCCD4
C0FE1D5D
C0FE6F94
C0FEC382
C0FF1930
C0FF70A9
C0FFC9F6
C1001291
C100411B
C100709F
C100A121
C100D2A8
C1010539
C10138D8
C1016D8D
C101A35B
C101DA4A
C102125F
C1024B9F
C1028610
C102C1B9
C102FE9F
C1033CC8
C1037C3B
C103BCFD
C103FF15
C1044288
C104875D
C104CD99
C1051544
C1055E63
C105A8FC
C105F515
C10642B5
C10691E1
C106E2A0
C10734F7
C10788ED
C107DE87
C10835CA
C1088EBD
C108E965
C10945C8
C109A3EA
C10A03D1
C10A6582
C10AC901
C10B2E53
C10B957E
C10BFE83
C10C6969
C10CD632
C10D44E3
C10DB57D
C10E2805
C10E9C7D
C10F12E8
C10F8B46
C110059B
C11081E8
C111002D
C111806C
C11202A4
C11286D6
C1130D01
C1139525
C1141F40
C114AB51
C1153955
C115C94B
C1165B30
C116EF00
C11784B7
C1181C53
C118B5CE
C1195123
C119EE4E
C11A8D48
C11B2E0D
C11BD095
C11C74DA
C11D1AD4
C11DC27E
C11E6BCE
C11F16BD
C11FC343
C1207156
C12120F0
C121D205
C122848D
C123387F
C123EDD1
C124A478
C1255C6C
C12615A2
C126D00F
C1278BA9
C1284865
C129063A
C129C51D
C12A8502
C12B45E0
C12C07AB
C12CCA59
C12D8DE0
C12E5234
C12F174A
C12FDD1A
C130A398
C1316AB9
C1323274
C132FABE
C133C38D
C1348CD8
C1355694
C13620B9
C136EB3B
C137B613
C1388136
C1394C9C
C13A183D
C13AE40E
C13BB008
C13C7C22
C13D4855
C13E1497
C13EE0E3
C13FAD2F
C1407974
C14145AC
C14211CF
C142DDD6
C143A9BB
C1447578
C1454106
C1460C60
C146D77E
C147A25D
C1486CF6
C1493745
C14A0144
C14ACAEE
C14B9440
C14C5D34
C14D25C6
C14DEDF3
C14EB5B6
C14F7D0C
C15043F2
C1510A64
C151D060
C15295E2
C1535AE7
C1541F6E
C154E374
C155A6F7
C15669F4
C1572C6A
C157EE58
C158AFBC
C1597094
C15A30E0
C15AF09E
C15BAFCE
C15C6E6F
C15D2C80
C15DEA00
C15EA6F1
C15F6351
C1601F20
C160DA5F
C161950E
C1624F2D
C16308BD
C163C1BD
C1647A2F
C1653214
C165E96C
C166A038
C167567A
C1680C32
C168C162
C169760A
C16A2A2D
C16ADDCB
C16B90E6
C16C4380
C16CF59A
C16DA735
C16E5854
C16F08F8
C16FB922
C17068D6
C1711813
C171C6DD
C1727535
C173231C
C173D096
C1747DA3
C1752A46
C175D681
C1768255
C1772DC4
C177D8D1
C178837D
C1792DCB
C179D7BC
C17A8152
C17B2A8F
C0F7A803
C0F7D321
C0F7FF06
C0F82BB7
C0F8593A
C0F88795
C0F8B6CD
C0F8E6E7
C0F917EA
C0F949DC
C0F97CC2
C0F9B0A3
C0F9E585
C0FA1B6F
C0FA5267
C0FA8A73
C0FAC39B
C0FAFDE5
C0FB3959
C0FB75FD
C0FBB3DA
C0FBF2F5
C0FC3358
C0FC7509
C0FCB811
C0FCFC78
C0FD4245
C0FD8982
C0FDD236
C0FE1C6A
C0FE6827
C0FEB577
C0FF0461
C0FF54EF
C0FFA72B
C0FFFB1E
C1002869
C1005428
C10080D2
C100AE6B
C100DCF8
C1010C7F
C1013D05
C1016E90
C101A124
C101D4C8
C1020981
C1023F54
C1027647
C102AE61
C102E7A6
C103221D
C1035DCB
C1039AB7
C103D8E6
C104185F
C1045928
C1049B46
C104DEC0
C105239D
C10569E1
C105B194
C105FABB
C106455C
C106917F
C106DF28
C1072E5E
C1077F27
C107D189
C1082589
C1087B2E
C108D27D
C1092B7D
C1098632
C109E2A1
C10A40D1
C10AA0C6
C10B0286
C10B6614
C10BCB77
C10C32B1
C10C9BC8
C10D06C0
C10D739B
C10DE25F
C10E530D
C10EC5AA
C10F3A37
C10FB0B7
C110292D
C110A399
C1111FFE
C1119E5D
C1121EB5
C112A109
C1132557
C113AB9F
C11433E1
C114BE1B
C1154A4C
C115D871
C116688A
C116FA92
C1178E86
C1182463
C118BC26
C11955C9
C119F148
C11A8E9D
C11B2DC4
C11BCEB6
C11C716D
C11D15E2
C11DBC0F
C11E63EC
C11F0D71
C11FB897
C1206554
C12113A2
C121C377
C12274C9
C1232790
C123DBC3
C1249157
C1254843
C126007D
C126B9FA
C12774B1
C1283097
C128EDA2
C129ABC7
C12A6AFB
C12B2B35
C12BEC68
C12CAE8B
C12D7194
C12E3576
C12EFA29
C12FBFA0
C13085D3
C1314CB5
C132143E
C132DC62
C133A518
C1346E55
C1353810
C136023E
C136CCD7
C13797D0
C1386321
C1392EBF
C139FAA3
C13AC6C2
C13B9315
C13C5F93
C13D2C33
C13DF8ED
C13EC5BA
C13F9291
C1405F6B
C1412C40
C141F90A
C142C5C1
C143925E
C1445EDA
C1452B30
C145F759
C146C34F
C1478F0B
C1485A8A
C14925C4
C149F0B4
C14ABB57
C14B85A6
C14C4F9D
C14D1938
C14DE273
C14EAB49
C14F73B6
C1503BB7
C1510348
C151CA66
C152910E
C153573C
C1541CEF
C154E223
C155A6D7
C1566B07
C1572EB2
C157F1D6
C158B471
C1597682
C15A3807
C15AF8FF
C15BB968
C15C7943
C15D388E
C15DF749
C15EB573
C15F730B
C1603012
C160EC87
C161A86A
C16263BC
C1631E7D
C163D8AD
C164924D
C1654B5C
C16603DD
C166BBD0
C1677335
C1682A0E
C168E05B
C169961E
C16A4B58
C16B000A
C16BB436
C16C67DD
C16D1B01
C16DCDA2
C16E7FC4
C16F3166
C16FE28B
C1709335
C1714366
C171F31F
C172A261
C1735130
C173FF8C
C174AD78
C1755AF6
C1760807
C176B4AE
C17760EB
C1780CC3
C178B835
C1796345
C17A0DF4
C17AB844
C17B6237
C17C0BCF
C0F8DF6C
C0F90A8B
C0F93670
C0F96322
C0F990A6
C0F9BF02
C0F9EE3B
C0FA1E56
C0FA4F5A
C0FA814D
C0FAB435
C0FAE817
C0FB1CFB
C0FB52E6
C0FB89DF
C0FBC1ED
C0FBFB17
C0FC3563
C0FC70D9
C0FCAD80
C0FCEB5E
C0FD2A7C
C0FD6AE2
C0FDAC96
C0FDEFA1
C0FE340B
C0FE79DB
C0FEC11B
C0FF09D3
C0FF540B
C0FF9FCD
C0FFED20
C1001E07
C1004651
C1006F71
C100996D
C100C44A
C100F00C
C1011CB8
C1014A54
C10178E5
C101A86F
C101D8F9
C1020A87
C1023D20
C10270C7
C102A584
C102DB5C
C1031254
C1034A72
C10383BC
C103BE38
C103F9EC
C10436DD
C1047512
C104B491
C104F560
C1053785
C1057B06
C105BFEA
C1060636
C1064DF0
C106971F
C106E1C9
C1072DF4
C1077BA7
C107CAE6
C1081BB9
C1086E25
C108C230
C10917E0
C1096F3B
C109C846
C10A2307
C10A7F84
C10ADDC1
C10B3DC4
C10B9F92
C10C032F
C10C68A1
C10CCFEC
C10D3913
C10DA41C
C10E110A
C10E7FE0
C10EF0A1
C10F6352
C10FD7F3
C1104E89
C110C715
C1114198
C111BE15
C1123C8C
C112BCFE
C1133F6C
C113C3D5
C1144A3A
C114D299
C1155CF1
C115E941
C1167787
C11707C1
C11799EB
C1182E03
C118C405
C1195BEE
C119F5B8
C11A915F
C11B2EDF
C11BCE31
C11C6F4F
C11D1234
C11DB6D8
C11E5D36
C11F0545
C11FAEFE
C1205A58
C121074D
C121B5D3
C12265E2
C1231770
C123CA75
C1247EE7
C12534BC
C125EBEB
C126A469
C1275E2D
C128192C
C128D55D
C12992B4
C12A5127
C12B10AB
C12BD137
C12C92BF
C12D5538
C12E1899
C12EDCD6
C12FA1E5
C13067BB
C1312E4F
C131F595
C132BD82
C133860E
C1344F2E
C13518D7
C135E300
C136AD9F
C13778AA
C1384418
C1390FE0
C139DBF7
C13AA856
C13B74F3
C13C41C6
C13D0EC6
C13DDBEA
C13EA92A
C13F767F
C14043E1
C1411147
C141DEAB
C142AC05
C143794E
C144467F
C1451391
C145E07F
C146AD41
C14779D2
C148462B
C1491248
C149DE22
C14AA9B4
C14B74F9
C14C3FEC
C14D0A88
C14DD4CA
C14E9EAB
C14F6829
C1503140
C150F9EB
C151C227
C15289F0
C1535144
C1541820
C154DE7F
C155A461
C15669C2
C1572EA0
C157F2F9
C158B6CB
C1597A14
C15A3CD2
C15AFF04
C15BC0A9
C15C81C0
C15D4246
C15E023D
C15EC1A2
C15F8075
C1603EB7
C160FC65
C161B981
C162760B
C1633201
C163ED66
C164A838
C1656278
C1661C27
C166D546
C1678DD4
C16845D4
C168FD46
C169B42A
C16A6A83
C16B2050
C16BD594
C16C8A50
C16D3E85
C16DF235
C16EA560
C16F5809
C1700A31
C170BBDB
C1716D06
C1721DB6
C172CDEC
C1737DAA
C1742CF2
C174DBC5
C1758A26
C1763816
C176E598
C17792AC
C1783F56
C178EB97
C1799772
C17A42E7
C17AEDF9
C17B98AB
C17C42FD
C17CECF2
C0FA16F6
C0FA4215
C0FA6DFB
C0FA9AAE
C0FAC833
C0FAF68F
C0FB25C9
C0FB55E5
C0FB86EA
C0FBB8DE
C0FBEBC7
C0FC1FAB
C0FC5490
C0FC8A7D
C0FCC178
C0FCF987
C0FD32B3
C0FD6D01
C0FDA879
C0FDE522
C0FE2303
C0FE6224
C0FEA28C
C0FEE442
C0FF2750
C0FF6BBD
C0FFB191
C0FFF8D4
C10020C8
C10045E6
C1006BC8
C1009274
C100B9EE
C100E239
C1010B5C
C101355B
C101603A
C1018BFF
C101B8AE
C101E64D
C10214E1
C102446F
C10274FC
C102A68E
C102D92A
C1030CD5
C1034196
C1037772
C103AE6E
C103E691
C1041FE0
C1045A61
C104961A
C104D311
C105114C
C10550D1
C10591A6
C105D3D1
C1061759
C1065C43
C106A296
C106EA58
C107338F
C1077E42
C107CA75
C1081830
C1086779
C108B855
C1090ACB
C1095EE1
C109B49B
C10A0C01
C10A6518
C10ABFE5
C10B1C6E
C10B7AB9
C10BDAC9
C10C3CA5
C10CA051
C10D05D2
C10D6D2C
C10DD664
C10E417D
C10EAE7C
C10F1D64
C10F8E39
C11000FD
C11075B3
C110EC5D
C11164FE
C111DF98
C1125C2C
C112DABB
C1135B46
C113DDCE
C1146251
C114E8D1
C115714D
C115FBC2
C1168831
C1171696
C117A6F0
C118393C
C118CD77
C119639D
C119FBAB
C11A959B
C11B316A
C11BCF12
C11C6E8E
C11D0FD8
C11DB2E9
C11E57BC
C11EFE49
C11FA688
C1205074
C120FC03
C121A92D
C12257EA
C1230831
C123B9FA
C1246D3B
C12521EA
C125D7FF
C1268F6F
C1274830
C1280239
C128BD7F
C12979F9
C12A379A
C12AF65A
C12BB62D
C12C7709
C12D38E3
C12DFBB1
C12EBF69
C12F83FF
C1304969
C1310F9C
C131D68E
C1329E36
C1336687
C1342F78
C134F900
C135C313
C1368DA8
C13758B6
C1382432
C138F013
C139BC4F
C13A88DE
C13B55B7
C13C22D0
C13CF021
C13DBDA0
C13E8B47
C13F590C
C14026E7
C140F4D1
C141C2C2
C14290B3
C1435E9B
C1442C75
C144FA39
C145C7E0
C1469563
C14762BE
C1482FE8
C148FCDD
C149C997
C14A960F
C14B6241
C14C2E28
C14CF9BE
C14DC4FE
C14E8FE5
C14F5A6D
C1502493
C150EE52
C151B7A7
C152808D
C1534902
C1541102
C154D88A
C1559F96
C1566625
C1572C34
C157F1C0
C158B6C7
C1597B47
C15A3F3E
C15B02AA
C15BC58A
C15C87DD
C15D49A0
C15E0AD4
C15ECB76
C15F8B87
C1604B05
C16109F0
C161C848
C162860D
C163433D
C163FFDA
C164BBE3
C1657758
C166323B
C166EC8B
C167A649
C1685F76
C1691812
C169D01E
C16A879C
C16B3E8C
C16BF4EF
C16CAAC7
C16D6014
C16E14D9
C16EC917
C16F7CCE
C1703001
C170E2B1
C17194E0
C1724690
C172F7C2
C173A877
C17458B3
C1750876
C175B7C2
C176669A
C17714FF
C177C2F3
C1787078
C1791D91
C179CA3E
C17A7682
C17B225F
C17BCDD7
C17C78EC
C17D23A0
C17DCDF4
C0FB4E9E
C0FB79BE
C0FBA5A5
C0FBD258
C0FBFFDE
C0FC2E3B
C0FC5D75
C0FC8D93
C0FCBE99
C0FCF08E
C0FD2378
C0FD575D
C0FD8C44
C0FDC232
C0FDF92F
C0FE3140
C0FE6A6E
C0FEA4BE
C0FEE038
C0FF1CE3
C0FF5AC6
C0FF99E9
C0FFDA54
C1000E07
C1002F8F
C10051C7
C10074B2
C1009856
C100BCB5
C100E1D5
C10107BA
C1012E67
C10155E3
C1017E31
C101A756
C101D157
C101FC39
C1022800
C10254B2
C1028254
C102B0EB
C102E07C
C103110C
C10342A2
C1037541
C103A8F1
C103DDB6
C1041396
C1044A96
C10482BE
C104BC11
C104F697
C1053255
C1056F51
C105AD92
C105ED1D
C1062DF8
C1067029
C106B3B8
C106F8A9
C1073F03
C10786CC
C107D00B
C1081AC5
C1086701
C108B4C5
C1090416
C10954FC
C109A77B
C109FB9B
C10A5160
C10AA8D1
C10B01F3
C10B5CCC
C10BB961
C10C17B8
C10C77D5
C10CD9BF
C10D3D79
C10DA308
C10E0A72
C10E73B9
C10EDEE3
C10F4BF3
C10FBAED
C1102BD3
C1109EAA
C1111374
C1118A32
C11202E9
C1127D98
C112FA43
C11378E9
C113F98C
C1147C2C
C11500CA
C1158765
C1160FFC
C1169A8E
C117271A
C117B59E
C1184618
C118D885
C1196CE1
C11A032A
C11A9B5C
C11B3571
C11BD167
C11C6F36
C11D0EDB
C11DB04F
C11E538C
C11EF88C
C11F9F47
C12047B7
C120F1D3
C1219D95
C1224AF3
C122F9E6
C123AA65
C1245C67
C1250FE2
C125C4CE
C1267B21
C12732D0
C127EBD3
C128A620
C12961AB
C12A1E6B
C12ADC56
C12B9B60
C12C5B80
C12D1CAB
C12DDED6
C12EA1F7
C12F6604
C1302AF1
C130F0B4
C131B742
C1327E92
C1334698
C1340F4B
C134D8A1
C135A28E
C1366D09
C1373809
C1380383
C138CF6E
C1399BC0
C13A6870
C13B3575
C13C02C5
C13CD058
C13D9E25
C13E6C23
C13F3A4A
C1400891
C140D6F2
C141A563
C14273DC
C1434258
C14410CE
C144DF36
C145AD8B
C1467BC5
C14749DD
C14817CE
C148E591
C149B320
C14A8075
C14B4D8B
C14C1A5C
C14CE6E3
C14DB31B
C14E7EFF
C14F4A8A
C15015B8
C150E085
C151AAEC
C15274E9
C1533E79
C1540799
C154D044
C1559878
C1566032
C157276E
C157EE2A
C158B464
C1597A19
C15A3F47
C15B03ED
C15BC808
C15C8B96
C15D4E96
C15E1108
C15ED2E8
C15F9438
C16054F5
C161151F
C161D4B5
C16293B7
C1635225
C1640FFE
C164CD42
C16589F1
C166460C
C1670192
C167BC84
C16876E3
C16930B0
C169E9EA
C16AA293
C16B5AAB
C16C1234
C16CC92F
C16D7F9C
C16E357E
C16EEAD5
C16F9FA2
C17053E8
C17107A7
C171BAE1
C1726D99
C1731FCE
C173D184
C17482BB
C1753377
C175E3B7
C176937F
C17742D0
C177F1AC
C178A015
C1794E0D
C179FB96
C17AA8B1
C17B5561
C17C01A8
C17CAD88
C17D5903
C17E041A
C17EAED0
C0FC8664
C0FCB184
C0FCDD6B
C0FD0A20
C0FD37A6
C0FD6604
C0FD953F
C0FDC55E
C0FDF665
C0FE285B
C0FE5B47
C0FE8F2D
C0FEC415
C0FEFA05
C0FF3103
C0FF6916
C0FFA246
C0FFDC98
C1000C0A
C1002A60
C1004953
C10068E6
C100891C
C100A9FB
C100CB84
C100EDBE
C10110AB
C1013450
C10158B1
C1017DD2
C101A3B9
C101CA69
C101F1E6
C1021A36
C102435E
C1026D61
C1029845
C102C40F
C102F0C4
C1031E69
C1034D03
C1037C97
C103AD2B
C103DEC3
C1041166
C104451A
C10479E2
C104AFC6
C104E6CB
C1051EF7
C105584F
C10592DA
C105CE9D
C1060B9E
C10649E4
C1068974
C106CA55
C1070C8D
C1075022
C1079519
C107DB7A
C108234B
C1086C91
C108B753
C1090397
C1095163
C109A0BD
C109F1AC
C10A4435
C10A985E
C10AEE2D
C10B45A9
C10B9ED6
C10BF9BA
C10C565B
C10CB4BE
C10D14E8
C10D76DF
C10DDAA7
C10E4044
C10EA7BD
C10F1113
C10F7C4D
C10FE96E
C1105878
C110C971
C1113C5A
C111B136
C1122809
C112A0D3
C1131B98
C1139858
C1141715
C11497D0
C1151A89
C1159F40
C11625F4
C116AEA6
C1173954
C117C5FD
C118549F
C118E538
C11977C4
C11A0C42
C11AA2AD
C11B3B01
C11BD53B
C11C7156
C11D0F4C
C11DAF19
C11E50B6
C11EF41E
C11F9949
C1204031
C120E8D0
C121931C
C1223F0F
C122ECA0
C1239BC8
C1244C7D
C124FEB6
C125B26B
C1266791
C1271E21
C127D60F
C1288F52
C12949E0
C12A05AF
C12AC2B5
C12B80E6
C12C403A
C12D00A5
C12DC21D
C12E8498
C12F480A
C1300C69
C130D1AC
C13197C6
C1325EAE
C1332659
C133EEBD
C134B7D0
C1358187
C1364BD9
C13716BA
C137E223
C138AE07
C1397A5F
C13A4720
C13B1442
C13BE1BA
C13CAF80
C13D7D8B
C13E4BD2
C13F1A4D
C13FE8F2
C140B7BB
C141869E
C1425594
C1432495
C143F39A
C144C29B
C1459191
C1466075
C1472F40
C147FDEC
C148CC72
C1499ACB
C14A68F3
C14B36E3
C14C0495
C14CD203
C14D9F2A
C14E6C02
C14F3888
C15004B7
C150D08A
C1519BFC
C152670B
C15331B0
C153FBEA
C154C5B3
C1558F0A
C15657E9
C157204F
C157E838
C158AFA2
C159768A
C15A3CED
C15B02CA
C15BC81E
C15C8CE7
C15D5124
C15E14D3
C15ED7F3
C15F9A81
C1605C7E
C1611DE9
C161DEBF
C1629F01
C1635EAF
C1641DC6
C164DC49
C1659A35
C166578C
C167144D
C167D079
C1688C0F
C1694711
C16A017E
C16ABB58
C16B749F
C16C2D54
C16CE578
C16D9D0C
C16E5411
C16F0A89
C16FC074
C17075D3
C1712AA9
C171DEF6
C17292BD
C17345FE
C173F8BC
C174AAF8
C1755CB4
C1760DF1
C176BEB1
C1776EF6
C1781EC3
C178CE18
C1797CF8
C17A2B65
C17AD961
C17B86ED
C17C340B
C17CE0BF
C17D8D09
C17E38EB
C17EE468
C17F8F82
C0FDBE46
C0FDE966
C0FE154E
C0FE4203
C0FE6F8A
C0FE9DE9
C0FECD26
C0FEFD45
C0FF2E4D
C0FF6045
C0FF9331
C0FFC719
C0FFFC02
C10018FA
C100347A
C1005084
C1006D1D
C1008A47
C100A806
C100C65D
C100E551
C10104E5
C101251D
C10145FC
C1016787
C10189C2
C101ACB1
C101D057
C101F4BA
C10219DD
C1023FC6
C1026677
C1028DF7
C102B649
C102DF73
C1030979
C103345F
C103602C
C1038CE3
C103BA8B
C103E927
C10418BF
C1044956
C1047AF2
C104AD98
C104E14F
C105161B
C1054C03
C105830C
C105BB3C
C105F499
C1062F28
C1066AF0
C106A7F6
C106E642
C10725D7
C10766BE
C107A8FC
C107EC96
C1083195
C10877FC
C108BFD4
C1090921
C10953EA
C109A036
C109EE0A
C10A3D6D
C10A8E64
C10AE0F6
C10B3529
C10B8B02
C10BE288
C10C3BC0
C10C96AF
C10CF35B
C10D51CA
C10DB201
C10E1404
C10E77DA
C10EDD85
C10F450C
C10FAE72
C11019BB
C11086EB
C110F606
C1116710
C111DA0B
C1124EFA
C112C5DF
C1133EBE
C113B997
C114366D
C114B540
C1153611
C115B8E2
C1163DB1
C116C47F
C1174D4B
C117D815
C11864DA
C118F398
C119844F
C11A16FA
C11AAB98
C11B4224
C11BDA9B
C11C74F8
C11D1137
C11DAF53
C11E4F47
C11EF10C
C11F949D
C12039F3
C120E107
C12189D3
C122344E
C122E071
C1238E34
C1243D8F
C124EE78
C125A0E8
C12654D5
C1270A35
C127C0FF
C128792A
C12932AC
C129ED7A
C12AA98C
C12B66D5
C12C254D
C12CE4E8
C12DA59D
C12E6760
C12F2A28
C12FEDEA
C130B29B
C1317830
C1323EA0
C13305DF
C133CDE4
C13496A4
C1356015
C1362A2C
C136F4E0
C137C026
C1388BF5
C1395843
C13A2505
C13AF234
C13BBFC5
C13C8DAF
C13D5BE9
C13E2A6A
C13EF929
C13FC81E
C1409741
C1416688
C14235EC
C1430566
C143D4EC
C144A479
C1457403
C1464385
C14712F6
C147E251
C148B18F
C14980A8
C14A4F97
C14B1E56
C14BECDF
C14CBB2B
C14D8936
C14E56FB
C14F2473
C14FF19A
C150BE6B
C1518AE1
C15256F9
C15322AE
C153EDFB
C154B8DD
C1558350
C1564D50
C15716DB
C157DFED
C158A883
C159709A
C15A382F
C15AFF41
C15BC5CC
C15C8BCF
C15D5147
C15E1633
C15EDA90
C15F9E5F
C160619C
C1612447
C161E65F
C162A7E3
C16368D2
C164292B
C164E8EF
C165A81B
C16666B2
C16724B1
C167E21A
C1689EEC
C1695B28
C16A16CE
C16AD1DE
C16B8C59
C16C4640
C16CFF93
C16DB854
C16E7083
C16F2822
C16FDF31
C17095B2
C1714BA5
C172010D
C172B5EB
C1736A40
C1741E0E
C174D156
C175841A
C176365C
C176E81D
C177995F
C1784A24
C178FA6E
C179AA3F
C17A5999
C17B087D
C17BB6ED
C17C64EC
C17D127C
C17DBF9D
C17E6C54
C17F18A0
C17FC485
C1803802
C0FEF642
C0FF2163
C0FF4D4C
C0FF7A02
C0FFA78A
C0FFD5E9
C1000293
C1001AA4
C1003328
C1004C25
C100659B
C1007F90
C1009A05
C100B4FF
C100D07F
C100EC8B
C1010924
C101264F
C101440F
C1016267
C101815C
C101A0F1
C101C12A
C101E20B
C1020398
C10225D4
C10248C4
C1026C6C
C10290D0
C102B5F5
C102DBDF
C1030293
C1032A15
C1035269
C1037B95
C103A59D
C103D086
C103FC55
C104290F
C10456B9
C1048559
C104B4F3
C104E58D
C105172C
C10549D6
C1057D90
C105B260
C105E84C
C1061F59
C106578D
C10690EE
C106CB82
C107074E
C107445A
C10782AA
C107C245
C1080331
C1084575
C1088915
C108CE1A
C1091488
C1095C66
C109A5BA
C109F08B
C10A3CDE
C10A8ABA
C10ADA25
C10B2B25
C10B7DC0
C10BD1FC
C10C27DF
C10C7F6F
C10CD8B1
C10D33AB
C10D9062
C10DEEDD
C10E4F1F
C10EB12F
C10F1511
C10F7ACA
C10FE25F
C1104BD3
C110B72B
C111246B
C1119397
C11204B1
C11277BD
C112ECBE
C11363B6
C113DCA8
C1145796
C114D480
C1155368
C115D450
C1165737
C116DC1E
C1176305
C117EBEB
C11876CF
C11903AF
C119928A
C11A235D
C11AB627
C11B4AE4
C11BE190
C11C7A28
C11D14A7
C11DB10A
C11E4F4B
C11EEF64
C11F9150
C120350A
C120DA89
C12181C9
C1222AC0
C122D569
C12381BC
C1242FAF
C124DF3C
C1259059
C12642FD
C126F720
C127ACB9
C12863BD
C1291C23
C129D5E2
C12A90EF
C12B4D41
C12C0ACD
C12CC989
C12D896A
C12E4A67
C12F0C74
C12FCF87
C1309397
C1315897
C1321E7E
C132E542
C133ACD7
C1347534
C1353E4E
C136081B
C136D290
C1379DA4
C138694D
C1393580
C13A0235
C13ACF61
C13B9CFB
C13C6AF9
C13D3953
C13E07FF
C13ED6F4
C13FA62A
C1407598
C1414535
C14214FA
C142E4DD
C143B4D8
C14484E2
C14554F4
C1462506
C146F512
C147C50F
C14894F8
C14964C5
C14A3471
C14B03F4
C14BD348
C14CA268
C14D714E
C14E3FF4
C14F0E55
C14FDC6C
C150AA32
C15177A5
C15244BE
C153117A
C153DDD4
C154A9C7
C1557551
C156406D
C1570B17
C157D54D
C1589F0A
C159684C
C15A3110
C15AF953
C15BC113
C15C884C
C15D4EFD
C15E1524
C15EDABF
C15F9FCC
C1606449
C1612835
C161EB8F
C162AE56
C1637087
C1643224
C164F32A
C165B39A
C1667372
C16732B3
C167F15D
C168AF6E
C1696CE8
C16A29CB
C16AE616
C16BA1CA
C16C5CE8
C16D1771
C16DD164
C16E8AC4
C16F4390
C16FFBCA
C170B372
C1716A8B
C1722114
C172D710
C1738C81
C1744166
C174F5C2
C175A997
C1765CE5
C1770FAF
C177C1F6
C17873BD
C1792504
C179D5CE
C17A861D
C17B35F2
C17BE550
C17C9437
C17D42AB
C17DF0AE
C17E9E40
C17F4B65
C17FF81E
C1805236
C180A82A
C100172C
C1002CBD
C10042B2
C100590D
C1006FD1
C1008702
C1009EA1
C100B6B1
C100CF37
C100E834
C10101AB
C1011BA0
C1013616
C1015110
C1016C92
C101889E
C101A538
C101C264
C101E025
C101FE7E
C1021D74
C1023D0B
C1025D45
C1027E27
C1029FB4
C102C1F2
C102E4E3
C103088D
C1032CF3
C103521A
C1037806
C1039EBB
C103C63F
C103EE95
C10417C3
C10441CD
C1046CB8
C104988A
C104C546
C104F2F3
C1052195
C1055132
C10581CF
C105B372
C105E61F
C10619DD
C1064EB0
C10684A0
C106BBB1
C106F3E9
C1072D4E
C10767E6
C107A3B7
C107E0C7
C1081F1C
C1085EBD
C1089FAE
C108E1F7
C109259E
C1096AA8
C109B11D
C109F901
C10A425D
C10A8D34
C10AD98F
C10B2773
C10B76E6
C10BC7EE
C10C1A92
C10C6ED7
C10CC4C3
C10D1C5C
C10D75A8
C10DD0AC
C10E2D6F
C10E8BF5
C10EEC43
C10F4E5F
C10FB24E
C1101814
C1107FB6
C110E938
C111549F
C111C1EE
C1123129
C112A253
C1131570
C1138A83
C114018D
C1147A92
C114F593
C1157291
C115F18E
C116728C
C116F589
C1177A88
C1180186
C1188A85
C1191582
C119A27D
C11A3173
C11AC263
C11B554A
C11BEA25
C11C80F0
C11D19A9
C11DB44A
C11E50CF
C11EEF33
C11F8F72
C1203184
C120D565
C1217B0D
C1222276
C122CB99
C123766E
C12422EE
C124D111
C12580CE
C126321D
C126E4F5
C127994D
C1284F1D
C1290659
C129BEF9
C12A78F4
C12B343F
C12BF0CF
C12CAE9C
C12D6D9A
C12E2DC0
C12EEF03
C12FB158
C13074B6
C1313911
C131FE60
C132C497
C1338BAC
C1345396
C1351C48
C135E5BA
C136AFE1
C1377AB3
C1384626
C139122F
C139DEC6
C13AABDF
C13B7972
C13C4776
C13D15E0
C13DE4A7
C13EB3C3
C13F832B
C14052D5
C14122B9
C141F2D0
C142C30F
C1439370
C14463EA
C1453476
C146050C
C146D5A4
C147A638
C14876C0
C1494735
C14A1790
C14AE7CC
C14BB7E1
C14C87CA
C14D5780
C14E26FE
C14EF63D
C14FC539
C15093EC
C1516252
C1523064
C152FE1F
C153CB7E
C154987C
C1556515
C1563146
C156FD0A
C157C85D
C158933D
C1595DA5
C15A2793
C15AF103
C15BB9F3
C15C8260
C15D4A48
C15E11A8
C15ED87E
C15F9EC7
C1606484
C16129B0
C161EE4C
C162B254
C16375CA
C16438AA
C164FAF5
C165BCA9
C1667DC5
C1673E4A
C167FE37
C168BD8B
C1697C47
C16A3A6A
C16AF7F4
C16BB4E6
C16C7141
C16D2D03
C16DE82F
C16EA2C4
C16F5CC3
C170162E
C170CF05
C1718749
C1723EFB
C172F61C
C173ACAF
C17462B3
C175182B
C175CD17
C176817A
C1773555
C177E8AA
C1789B7A
C1794DC7
C179FF92
C17AB0DF
C17B61AD
C17C1200
C17CC1D9
C17D713B
C17E2026
C17ECE9D
C17F7CA3
C180151C
C1806BB0
C180C20E
C1811836
C100B344
C100C8D5
C100DECA
C100F525
C1010BEA
C101231B
C1013ABA
C10152CC
C1016B51
C101844F
C1019DC7
C101B7BD
C101D233
C101ED2E
C10208B0
C10224BD
C1024158
C1025E85
C1027C47
C1029AA1
C102B998
C102D930
C102F96B
C1031A4E
C1033BDD
C1035E1C
C103810F
C103A4BA
C103C922
C103EE4A
C1041438
C1043AEF
C1046274
C1048ACD
C104B3FC
C104DE09
C10508F6
C10534CA
C1056189
C1058F39
C105BDDE
C105ED7D
C1061E1D
C1064FC3
C1068273
C106B634
C106EB0B
C10720FE
C1075813
C107904F
C107C9B8
C1080454
C108402A
C1087D3F
C108BB99
C108FB3E
C1093C35
C1097E83
C109C230
C10A0740
C10A4DBA
C10A95A5
C10ADF07
C10B29E6
C10B7648
C10BC433
C10C13AE
C10C64BE
C10CB76A
C10D0BB8
C10D61AD
C10DB94F
C10E12A5
C10E6DB4
C10ECA81
C10F2911
C10F896B
C10FEB93
C1104F8E
C110B561
C1111D10
C11186A0
C111F215
C1125F72
C112CEBD
C1133FF7
C113B324
C1142848
C1149F64
C115187A
C115938E
C11610A0
C1168FB2
C11710C4
C11793D7
C11818EC
C118A002
C1192918
C119B42F
C11A4143
C11AD054
C11B6160
C11BF463
C11C895C
C11D2046
C11DB91E
C11E53DF
C11EF086
C11F8F0D
C1202F6F
C120D1A7
C12175AD
C1221B7D
C122C30F
C1236C5B
C124175C
C124C409
C125725A
C1262246
C126D3C6
C12786D1
C1283B5D
C128F161
C129A8D5
C12A61AE
C12B1BE2
C12BD769
C12C9437
C12D5243
C12E1182
C12ED1EB
C12F9372
C130560E
C13119B4
C131DE5A
C132A3F5
C1336A7A
C13431E0
C134FA1B
C135C322
C1368CEA
C137576A
C1382296
C138EE65
C139BACD
C13A87C5
C13B5541
C13C233A
C13CF1A4
C13DC078
C13E8FAC
C13F5F36
C1402F0E
C140FF2A
C141CF84
C142A011
C14370CA
C14441A6
C145129E
C145E3AA
C146B4C1
C14785DE
C14856F8
C1492808
C149F907
C14AC9EF
C14B9AB9
C14C6B5F
C14D3BDA
C14E0C25
C14EDC38
C14FAC10
C1507BA6
C1514AF5
C15219F7
C152E8A9
C153B704
C1548504
C15552A6
C1561FE4
C156ECBA
C157B925
C1588520
C15950A9
C15A1BBC
C15AE655
C15BB071
C15C7A0E
C15D4328
C15E0BBE
C15ED3CC
C15F9B51
C160624A
C16128B5
C161EE91
C162B3DC
C1637894
C1643CB9
C1650048
C165C342
C16685A4
C167476F
C16808A1
C168C93A
C169893A
C16A48A1
C16B076E
C16BC5A2
C16C833C
C16D403D
C16DFCA5
C16EB875
C16F73AE
C1702E4F
C170E85A
C171A1CF
C1725AB0
C17312FE
C173CAB9
C17481E4
C175387E
C175EE8A
C176A40A
C17758FD
C1780D67
C178C148
C17974A2
C17A2778
C17AD9CA
C17B8B9A
C17C3CEB
C17CEDBE
C17D9E15
C17E4DF2
C17EFD57
C17FAC46
C1802D60
C1808465
C180DB31
C18131C6
C1818825
C1014F67
C10164F8
C1017AEE
C101914A
C101A80F
C101BF40
C101D6E0
C101EEF1
C1020778
C1022076
C10239EE
C10253E5
C1026E5C
C1028958
C102A4DA
C102C0E8
C102DD84
C102FAB2
C1031874
C10336D0
C10355C8
C1037560
C103959D
C103B681
C103D812
C103FA52
C1041D46
C10440F3
C104655C
C1048A86
C104B075
C104D72E
C104FEB5
C105270F
C1055041
C1057A50
C105A53F
C105D115
C105FDD7
C1062B89
C1065A30
C10689D3
C106BA76
C106EC1E
C1071ED1
C1075296
C1078770
C107BD67
C107F47F
C1082CBF
C108662C
C108A0CD
C108DCA6
C10919C0
C109581E
C10997C8
C109D8C4
C10A1B18
C10A5ECA
C10AA3E0
C10AEA60
C10B3252
C10B7BBA
C10BC69F
C10C1308
C10C60FA
C10CB07D
C10D0195
C10D5449
C10DA89F
C10DFE9D
C10E5649
C10EAFA8
C10F0AC0
C10F6797
C10FC633
C1102697
C11088CB
C110ECD1
C11152B1
C111BA6C
C112240A
C1128F8C
C112FCF8
C1136C51
C113DD9B
C11450D8
C114C60C
C1153D39
C115B662
C1163188
C116AEAD
C1172DD2
C117AEF9
C1183221
C118B74C
C1193E78
C119C7A6
C11A52D4
C11AE002
C11B6F2D
C11C0053
C11C9373
C11D2888
C11DBF8F
C11E5886
C11EF367
C11F902F
C1202ED8
C120CF5C
C12171B8
C12215E4
C122BBDA
C1236393
C1240D09
C124B834
C125650C
C1261389
C126C3A4
C1277554
C128288F
C128DD4E
C1299386
C12A4B30
C12B0440
C12BBEAD
C12C7A6E
C12D3778
C12DF5C2
C12EB541
C12F75EB
C13037B5
C130FA96
C131BE83
C1328371
C1334956
C1341028
C134D7DC
C135A068
C13669C2
C13733DE
C137FEB4
C138CA39
C1399663
C13A6328
C13B307E
C13BFE5C
C13CCCB8
C13D9B88
C13E6AC3
C13F3A61
C1400A57
C140DA9D
C141AB2B
C1427BF7
C1434CF9
C1441E29
C144EF7F
C145C0F3
C146927C
C1476414
C14835B3
C1490751
C149D8E8
C14AAA70
C14B7BE2
C14C4D39
C14D1E6E
C14DEF7A
C14EC057
C14F90FF
C150616D
C151319C
C1520184
C152D123
C153A071
C1546F6C
C1553E0D
C1560C50
C156DA32
C157A7AD
C15874BE
C1594161
C15A0D92
C15AD94E
C15BA491
C15C6F59
C15D39A2
C15E0369
C15ECCAC
C15F9569
C1605D9C
C1612544
C161EC5E
C162B2EA
C16378E4
C1643E4D
C1650321
C165C760
C1668B08
C1674E19
C1681093
C168D273
C16993BA
C16A5467
C16B1479
C16BD3F2
C16C92D0
C16D5113
C16E0EBD
C16ECBCC
C16F8842
C170441F
C170FF63
C171BA10
C1727426
C1732DA6
C173E691
C1749EE8
C17556AC
C1760DDF
C176C481
C1777A95
C178301B
C178E515
C1799985
C17A4D6C
C17B00CC
C17BB3A7
C17C65FE
C17D17D3
C17DC929
C17E7A00
C17F2A5B
C17FDA3C
C18044D2
C1809C4B
C180F38A
C1814A8F
C181A15D
C181F7F3
C101EB95
C1020127
C102171D
C1022D79
C102443F
C1025B70
C1027311
C1028B23
C102A3AA
C102BCA8
C102D621
C102F018
C1030A90
C103258C
C1034110
C1035D1E
C10379BB
C10396EA
C103B4AD
C103D30A
C103F203
C104119C
C10431DA
C10452BF
C1047451
C1049692
C104B988
C104DD36
C10501A1
C10526CC
C1054CBD
C1057377
C1059B01
C105C35D
C105EC90
C10616A1
C1064193
C1066D6B
C1069A2F
C106C7E3
C106F68D
C1072632
C10756D8
C1078883
C107BB3A
C107EF01
C10823DF
C10859D9
C10890F5
C108C938
C10902A9
C1093D4E
C109792C
C109B649
C109F4AD
C10A345C
C10A755C
C10AB7B5
C10AFB6C
C10B4088
C10B870E
C10BCF05
C10C1874
C10C6360
C10CAFCF
C10CFDC9
C10D4D52
C10D9E72
C10DF12E
C10E458C
C10E9B93
C10EF347
C10F4CB0
C10FA7D2
C11004B3
C1106358
C110C3C8
C1112606
C1118A18
C111F003
C11257CC
C112C176
C1132D06
C1139A80
C11409E7
C1147B40
C114EE8C
C11563D0
C115DB0E
C1165447
C116CF7F
C1174CB7
C117CBEF
C1184D29
C118D066
C11955A6
C119DCE9
C11A662D
C11AF173
C11B7EB9
C11C0DFE
C11C9F3E
C11D3278
C11DC7A9
C11E5ECD
C11EF7E2
C11F92E2
C1202FC9
C120CE93
C1216F3A
C12211B8
C122B608
C1235C24
C1240404
C124ADA1
C12558F5
C12605F7
C126B4A1
C12764E8
C12816C6
C128CA32
C1297F22
C12A358D
C12AED6A
C12BA6B0
C12C6155
C12D1D4F
C12DDA94
C12E991A
C12F58D7
C13019C0
C130DBCC
C1319EF0
C1326322
C1332857
C133EE85
C134B5A2
C1357DA3
C136467D
C1371027
C137DA97
C138A5C1
C139719D
C13A3E20
C13B0B40
C13BD8F3
C13CA730
C13D75ED
C13E4521
C13F14C2
C13FE4C8
C140B528
C14185DB
C14256D7
C1432814
C143F989
C144CB2E
C1459CFC
C1466EE9
C14740EE
C1481304
C148E523
C149B744
C14A895F
C14B5B6E
C14C2D6A
C14CFF4C
C14DD10D
C14EA2A8
C14F7416
C1504552
C1511655
C151E71A
C152B79B
C15387D4
C15457BE
C1552756
C155F697
C156C57B
C15793FE
C158621D
C1592FD3
C159FD1D
C15AC9F5
C15B965A
C15C6247
C15D2DB9
C15DF8AE
C15EC322
C15F8D12
C160567C
C1611F5E
C161E7B4
C162AF7E
C16376B9
C1643D63
C165037B
C165C8FF
C1668DEE
C1675246
C1681607
C168D92F
C1699BBE
C16A5DB3
C16B1F0E
C16BDFCD
C16C9FF2
C16D5F7B
C16E1E69
C16EDCBC
C16F9A74
C1705791
C1711414
C171CFFD
C1728B4D
C1734605
C1740026
C174B9B0
C17572A4
C1762B04
C176E2D1
C1779A0B
C17850B5
C17906D0
C179BC5D
C17A715E
C17B25D4
C17BD9C0
C17C8D26
C17D4006
C17DF261
C17EA43B
C17F5595
C1800338
C1805B67
C180B359
C1810B0F
C181628A
C181B9CA
C18210D1
C18267A0
C10287CF
C1029D61
C102B357
C102C9B3
C102E079
C102F7AB
C1030F4C
C103275F
C1033FE6
C10358E5
C103725F
C1038C56
C103A6CF
C103C1CC
C103DD50
C103F95F
C10415FD
C104332C
C10450F1
C1046F4E
C1048E48
C104ADE3
C104CE21
C104EF08
C105109B
C10532DD
C10555D4
C1057984
C1059DF0
C105C31D
C105E90F
C1060FCB
C1063756
C1065FB4
C10688EA
C106B2FC
C106DDF0
C10709CB
C1073691
C1076447
C10792F4
C107C29C
C107F344
C10824F2
C10857AB
C1088B76
C108C057
C108F654
C1092D73
C10965BA
C1099F2F
C109D9D8
C10A15BA
C10A52DC
C10A9143
C10AD0F7
C10B11FC
C10B545A
C10B9816
C10BDD37
C10C23C3
C10C6BC0
C10CB535
C10D0027
C10D4C9D
C10D9A9D
C10DEA2E
C10E3B55
C10E8E19
C10EE27F
C10F388E
C10F904B
C10FE9BC
C11044E8
C110A1D2
C1110082
C11160FC
C111C345
C1122762
C1128D59
C112F52D
C1135EE4
C113CA81
C1143808
C114A77D
C11518E4
C1158C40
C1160193
C11678E1
C116F22B
C1176D74
C117EABE
C1186A09
C118EB56
C1196EA7
C119F3FC
C11A7B54
C11B04AE
C11B900B
C11C1D69
C11CACC5
C11D3E1F
C11DD174
C11E66C0
C11EFE00
C11F9731
C120324F
C120CF55
C1216E3F
C1220F07
C122B1A8
C123561B
C123FC5B
C124A460
C1254E24
C125F9A0
C126A6CC
C12755A0
C1280613
C128B81E
C1296BB8
C12A20D8
C12AD775
C12B8F85
C12C48FF
C12D03DA
C12DC00B
C12E7D89
C12F3C4A
C12FFC44
C130BD6B
C1317FB7
C132431D
C1330793
C133CD0D
C1349382
C1355AE8
C1362333
C136EC5B
C137B654
C1388114
C1394C92
C13A18C2
C13AE59C
C13BB315
C13C8124
C13D4FBE
C13E1EDB
C13EEE70
C13FBE75
C1408EE0
C1415FA9
C14230C6
C143022F
C143D3DA
C144A5C1
C14577DA
C1464A1C
C1471C81
C147EF01
C148C193
C1499430
C14A66D2
C14B3970
C14C0C03
C14CDE86
C14DB0F1
C14E833E
C14F5566
C1502763
C150F930
C151CAC6
C1529C20
C1536D39
C1543E0A
C1550E8F
C155DEC3
C156AEA2
C1577E25
C1584D4A
C1591C0B
C159EA65
C15AB854
C15B85D3
C15C52DF
C15D1F75
C15DEB92
C15EB731
C15F8251
C1604CED
C1611705
C161E094
C162A99A
C1637213
C16439FD
C1650157
C165C81F
C1668E53
C16753F1
C16818F9
C168DD6A
C169A142
C16A6480
C16B2724
C16BE92D
C16CAA9A
C16D6B6C
C16E2BA2
C16EEB3B
C16FAA38
C170689A
C1712660
C171E38A
C172A019
C1735C0E
C174176A
C174D22C
C1758C57
C17645EA
C176FEE8
C177B750
C1786F25
C1792667
C179DD19
C17A933A
C17B48CE
C17BFDD4
C17CB250
C17D6642
C17E19AD
C17ECC91
C17F7EF2
C1801868
C1807117
C180C986
C18121B7
C18179AB
C181D163
C18228DF
C1828020
C182D729
C1032412
C10339A5
C1034F9B
C10365F8
C1037CBE
C10393F1
C103AB92
C103C3A5
C103DC2D
C103F52C
C1040EA7
C104289F
C1044318
C1045E15
C104799A
C10495AA
C104B249
C104CF79
C104ED3E
C1050B9D
C1052A98
C1054A33
C1056A73
C1058B5B
C105ACEE
C105CF32
C105F22B
C10615DB
C1063A49
C1065F77
C106856B
C106AC29
C106D3B5
C106FC15
C107254D
C1074F61
C1077A57
C107A634
C107D2FC
C10800B5
C1082F64
C1085F0E
C1088FB9
C108C16A
C108F426
C10927F3
C1095CD7
C10992D8
C109C9FA
C10A0245
C10A3BBD
C10A766A
C10AB250
C10AEF76
C10B2DE2
C10B6D9A
C10BAEA4
C10BF106
C10C34C8
C10C79EE
C10CC07F
C10D0882
C10D51FC
C10D9CF5
C10DE971
C10E3778
C10E8710
C10ED83E
C10F2B09
C10F7F77
C10FD58E
C1102D53
C11086CD
C110E201
C1113EF6
C1119DAF
C111FE33
C1126086
C112C4AE
C1132AB0
C1139290
C113FC53
C11467FD
C114D591
C1154514
C115B689
C11629F3
C1169F56
C11716B3
C117900D
C1180B67
C11888C2
C119081F
C119897F
C11A0CE3
C11A924C
C11B19B8
C11BA329
C11C2E9C
C11CBC10
C11D4B85
C11DDCF7
C11E7065
C11F05CB
C11F9D27
C1203674
C120D1AF
C1216ED4
C1220DDD
C122AEC5
C1235186
C123F61C
C1249C7F
C12544A9
C125EE93
C1269A35
C1274789
C127F686
C128A724
C129595C
C12A0D23
C12AC271
C12B793E
C12C3180
C12CEB2E
C12DA63D
C12E62A4
C12F205A
C12FDF54
C1309F89
C13160ED
C1322378
C132E71D
C133ABD5
C1347193
C135384D
C135FFFA
C136C88F
C1379202
C1385C48
C1392758
C139F326
C13ABFAA
C13B8CD9
C13C5AA9
C13D2911
C13DF807
C13EC781
C13F9776
C14067DD
C14138AC
C14209DB
C142DB60
C143AD34
C1447F4C
C14551A2
C146242C
C146F6E2
C147C9BD
C1489CB4
C1496FC1
C14A42DA
C14B15FA
C14BE919
C14CBC30
C14D8F38
C14E622A
C14F3500
C15007B3
C150DA3E
C151AC9B
C1527EC2
C15350B0
C154225D
C154F3C6
C155C4E4
C15695B3
C157662E
C1583650
C1590614
C159D577
C15AA473
C15B7306
C15C412B
C15D0EDE
C15DDC1C
C15EA8E1
C15F752A
C16040F5
C1610C3E
C161D702
C162A13F
C1636AF3
C164341A
C164FCB4
C165C4BD
C1668C35
C1675319
C1681968
C168DF20
C169A441
C16A68C9
C16B2CB7
C16BF00A
C16CB2C2
C16D74DE
C16E365D
C16EF740
C16FB786
C170772F
C171363B
C171F4AB
C172B27E
C1736FB5
C1742C50
C174E850
C175A3B7
C1765E83
C17718B8
C177D254
C1788B5A
C17943CB
C179FBA7
C17AB2F1
C17B69A9
C17C1FD1
C17CD56B
C17D8A78
C17E3EF9
C17EF2F0
C17FA660
C1802CA4
C18085D7
C180DEC8
C1813779
C1818FEA
C181E81D
C1824012
C18297CB
C182EF49
C183468C
C103C060
C103D5F3
C103EBE9
C1040246
C104190D
C1043040
C10447E2
C1045FF5
C104787D
C104917D
C104AAF8
C104C4F1
C104DF6B
C104FA69
C10515EF
C10531FF
C1054E9E
C1056BCF
C1058996
C105A7F5
C105C6F1
C105E68D
C10606CE
C10627B7
C106494C
C1066B91
C1068E8A
C106B23C
C106D6AB
C106FBDB
C10721D1
C1074890
C107701E
C107987F
C107C1B9
C107EBCF
C10816C7
C10842A6
C1086F70
C1089D2B
C108CBDC
C108FB89
C1092C36
C1095DEA
C10990A9
C109C479
C109F960
C10A2F64
C10A668A
C10A9ED8
C10AD854
C10B1304
C10B4EEE
C10B8C18
C10BCA88
C10C0A44
C10C4B53
C10C8DBA
C10CD180
C10D16AB
C10D5D42
C10DA54A
C10DEECA
C10E39C9
C10E864B
C10ED459
C10F23F7
C10F752C
C10FC7FE
C1101C74
C1107292
C110CA60
C11123E2
C1117F1F
C111DC1C
C1123ADF
C1129B6D
C112FDCA
C11361FD
C113C80A
C1142FF5
C11499C4
C1150579
C115731A
C115E2AA
C116542D
C116C7A5
C1173D17
C117B483
C1182DED
C118A957
C11926C3
C119A631
C11A27A4
C11AAB1B
C11B3097
C11BB817
C11C419D
C11CCD25
C11D5AB0
C11DEA3C
C11E7BC6
C11F0F4C
C11FA4CC
C1203C42
C120D5AB
C1217102
C1220E44
C122AD6B
C1234E72
C123F154
C124960B
C1253C90
C125E4DE
C1268EEC
C1273AB5
C127E830
C1289755
C129481D
C129FA7F
C12AAE72
C12B63EE
C12C1AEA
C12CD35C
C12D8D3B
C12E487E
C12F051A
C12FC306
C1308238
C13142A6
C1320446
C132C70D
C1338AF2
C1344FE9
C13515E9
C135DCE8
C136A4DA
C1376DB7
C1383773
C1390205
C139CD61
C13A997F
C13B6654
C13C33D6
C13D01FC
C13DD0BB
C13EA00A
C13F6FE0
C1404033
C14110FA
C141E22B
C142B3BE
C14385AA
C14457E6
C1452A6A
C145FD2C
C146D025
C147A34D
C148769C
C1494A09
C14A1D8E
C14AF122
C14BC4BF
C14C985C
C14D6BF4
C14E3F7F
C14F12F6
C14FE654
C150B991
C1518CA8
C1525F92
C1533249
C15404C8
C154D709
C155A907
C1567ABD
C1574C25
C1581D3B
C158EDF9
C159BE5C
C15A8E5F
C15B5DFD
C15C2D32
C15CFBFC
C15DCA54
C15E9839
C15F65A7
C1603299
C160FF0E
C161CB02
C1629673
C163615D
C1642BBE
C164F594
C165BEDC
C1668795
C1674FBC
C1681750
C168DE50
C169A4B8
C16A6A89
C16B2FC1
C16BF45F
C16CB863
C16D7BCA
C16E3E95
C16F00C3
C16FC254
C1708348
C171439D
C1720355
C172C270
C17380EC
C1743ECC
C174FC0F
C175B8B6
C17674C1
C1773032
C177EB08
C178A546
C1795EEB
C17A17F9
C17AD072
C17B8856
C17C3FA7
C17CF665
C17DAC94
C17E6233
C17F1745
C17FCBCC
C1803FE4
C180999E
C180F315
C1814C4A
C181A53D
C181FDEF
C1825662
C182AE97
C183068E
C1835E48
C183B5C7
C1045CB7
C104724A
C1048841
C1049E9E
C104B565
C104CC99
C104E43B
C104FC4F
C10514D7
C1052DD8
C1054753
C105614D
C1057BC7
C10596C6
C105B24C
C105CE5E
C105EAFD
C106082F
C10625F6
C1064456
C1066353
C10682F0
C106A332
C106C41C
C106E5B2
C10707F9
C1072AF3
C1074EA7
C1077317
C1079848
C107BE3F
C107E500
C1080C90
C10834F3
C1085E2E
C1088846
C108B340
C108DF20
C1090BED
C10939AA
C109685E
C109980D
C109C8BC
C109FA72
C10A2D34
C10A6107
C10A95F1
C10ACBF8
C10B0321
C10B3B72
C10B74F1
C10BAFA5
C10BEB93
C10C28C0
C10C6735
C10CA6F5
C10CE808
C10D2A74
C10D6E3F
C10DB36F
C10DFA0B
C10E4218
C10E8B9E
C10ED6A2
C10F232B
C10F713E
C10FC0E3
C110121F
C11064F8
C110B975
C1110F9B
C1116770
C111C0FB
C1121C40
C1127946
C112D812
C11338A9
C1139B11
C113FF4E
C1146565
C114CD5C
C1153735
C115A2F7
C11610A4
C1168041
C116F1D1
C1176557
C117DAD6
C1185251
C118CBCB
C1194745
C119C4C1
C11A4440
C11AC5C4
C11B494D
C11BCEDC
C11C5670
C11CE00A
C11D6BA7
C11DF948
C11E88EA
C11F1A8B
C11FAE2A
C12043C3
C120DB52
C12174D6
C1221048
C122ADA6
C1234CEB
C123EE10
C1249111
C12535E9
C125DC8F
C12684FF
C1272F32
C127DB1F
C12888C0
C129380C
C129E8FC
C12A9B88
C12B4FA6
C12C054F
C12CBC78
C12D7519
C12E2F29
C12EEA9E
C12FA76D
C130658E
C13124F7
C131E59D
C132A776
C1336A79
C1342E9A
C134F3D0
C135BA11
C1368152
C1374989
C13812AB
C138DCAF
C139A78A
C13A7332
C13B3F9E
C13C0CC2
C13CDA96
C13DA90F
C13E7824
C13F47CA
C14017FA
C140E8A9
C141B9CD
C1428B5F
C1435D54
C1442FA4
C1450247
C145D533
C146A861
C1477BC8
C1484F5F
C149231F
C149F701
C14ACAFB
C14B9F08
C14C731F
C14D473A
C14E1B50
C14EEF5D
C14FC358
C150973B
C1516AFF
C1523EA0
C1531216
C153E55B
C154B86A
C1558B3D
C1565DCF
C157301A
C158021A
C158D3C9
C159A523
C15A7623
C15B46C4
C15C1702
C15CE6D9
C15DB645
C15E8543
C15F53CD
C16021E2
C160EF7D
C161BC9C
C162893A
C1635556
C16420EC
C164EBFB
C165B67E
C1668075
C16749DD
C16812B4
C168DAF8
C169A2A7
C16A69C0
C16B3042
C16BF62A
C16CBB79
C16D802C
C16E4444
C16F07BF
C16FCA9C
C1708CDC
C1714E7D
C1720F81
C172CFE5
C1738FAB
C1744ED3
C1750D5D
C175CB49
C1768897
C1774549
C178015F
C178BCD9
C17977B9
C17A31FF
C17AEBAD
C17BA4C3
C17C5D43
C17D152E
C17DCC86
C17E834B
C17F397F
C17FEF25
C180521E
C180AC64
C1810664
C1816021
C181B99A
C18212D0
C1826BC5
C182C479
C1831CEE
C1837524
C183CD1D
C18424D9
C104F917
C1050EAA
C10524A1
C1053AFF
C10551C7
C10568FA
C105809D
C10598B1
C105B13A
C105CA3B
C105E3B7
C105FDB1
C106182C
C106332C
C1064EB3
C1066AC5
C1068765
C106A498
C106C260
C106E0C1
C106FFBE
C1071F5D
C1073F9F
C107608A
C1078221
C107A469
C107C765
C107EB19
C1080F8B
C10834BD
C1085AB6
C1088178
C108A909
C108D16E
C108FAAB
C10924C5
C1094FC0
C1097BA3
C109A871
C109D631
C10A04E7
C10A3498
C10A654A
C10A9703
C10AC9C7
C10AFD9D
C10B3289
C10B6893
C10B9FBF
C10BD814
C10C1196
C10C4C4D
C10C883F
C10CC570
C10D03E8
C10D43AD
C10D84C4
C10DC734
C10E0B04
C10E5039
C10E96DA
C10EDEEC
C10F2877
C10F7381
C10FC010
C1100E29
C1105DD4
C110AF17
C11101F7
C111567A
C111ACA8
C1120485
C1125E17
C112B965
C1131673
C1137548
C113D5E8
C1143859
C1149CA0
C11502C2
C1156AC3
C115D4A8
C1164075
C116AE2E
C1171DD7
C1178F74
C1180307
C1187894
C118F01E
C11969A6
C119E52F
C11A62BB
C11AE24B
C11B63E0
C11BE77B
C11C6D1C
C11CF4C3
C11D7E70
C11E0A22
C11E97D8
C11F278F
C11FB947
C1204CFD
C120E2AE
C1217A57
C12213F4
C122AF81
C1234CFB
C123EC5C
C1248D9F
C12530BE
C125D5B5
C1267C7C
C127250E
C127CF63
C1287B74
C1292939
C129D8AC
C12A89C4
C12B3C78
C12BF0C0
C12CA693
C12D5DE9
C12E16B8
C12ED0F7
C12F8C9C
C130499E
C13107F3
C131C790
C132886D
C1334A7F
C1340DBB
C134D218
C135978B
C1365E0B
C137258C
C137EE05
C138B76C
C13981B6
C13A4CD9
C13B18CB
C13BE582
C13CB2F4
C13D8118
C13E4FE2
C13F1F4B
C13FEF47
C140BFCF
C14190D7
C1426258
C1433448
C144069D
C144D950
C145AC57
C1467FAB
C1475341
C1482713
C148FB18
C149CF48
C14AA39B
C14B780A
C14C4C8D
C14D211D
C14DF5B2
C14ECA46
C14F9ED2
C150734E
C15147B5
C1521BFF
C152F027
C153C427
C15497F8
C1556B96
C1563EF9
C157121D
C157E4FC
C158B792
C15989D9
C15A5BCC
C15B2D67
C15BFEA6
C15CCF83
C15D9FFA
C15E7008
C15F3FA9
C1600ED8
C160DD93
C161ABD5
C162799C
C16346E4
C16413AB
C164DFED
C165ABA8
C16676D9
C167417E
C1680B94
C168D51A
C1699E0E
C16A666D
C16B2E37
C16BF569
C16CBC02
C16D8201
C16E4765
C16F0C2D
C16FD058
C17093E6
C17156D5
C1721925
C172DAD7
C1739BE9
C1745C5C
C1751C30
C175DB65
C17699FB
C17757F2
C178154C
C178D208
C1798E28
C17A49AB
C17B0494
C17BBEE3
C17C7899
C17D31B7
C17DEA3E
C17EA230
C17F598D
C180082C
C1806349
C180BE1F
C18118AD
C18172F5
C181CCF8
C18226B7
C1828031
C182D96A
C1833261
C1838B17
C183E38D
C1843BC5
C18493BF
C105957F
C105AB13
C105C10B
C105D769
C105EE31
C1060565
C1061D08
C106351C
C1064DA6
C10666A8
C1068024
C1069A1E
C106B49A
C106CF9A
C106EB22
C1070734
C10723D6
C1074109
C1075ED1
C1077D33
C1079C32
C107BBD1
C107DC15
C107FD01
C1081E99
C10840E2
C10863DF
C1088794
C108AC07
C108D13B
C108F735
C1091DF9
C109458B
C1096DF2
C1099730
C109C14C
C109EC49
C10A182D
C10A44FE
C10A72BF
C10AA177
C10AD12B
C10B01DF
C10B339A
C10B6661
C10B9A39
C10BCF29
C10C0535
C10C3C65
C10C74BC
C10CAE42
C10CE8FD
C10D24F1
C10D6227
C10DA0A2
C10DE06B
C10E2186
C10E63FB
C10EA7CF
C10EED08
C10F33AE
C10F7BC6
C10FC556
C1101065
C1105CF9
C110AB19
C110FACA
C1114C12
C1119EF9
C111F384
C11249B8
C112A19D
C112FB37
C113568C
C113B3A3
C1141280
C1147329
C114D5A4
C11539F4
C115A020
C116082B
C116721B
C116DDF3
C1174BB8
C117BB6D
C1182D16
C118A0B6
C1191650
C1198DE8
C11A077E
C11A8317
C11B00B2
C11B8052
C11C01F7
C11C85A3
C11D0B56
C11D9310
C11E1CD0
C11EA895
C11F365F
C11FC62C
C12057FA
C120EBC7
C121818F
C1221950
C122B306
C1234EAD
C123EC42
C1248BBE
C1252D1E
C125D05B
C1267570
C1271C57
C127C509
C1286F80
C1291BB4
C129C99D
C12A7935
C12B2A73
C12BDD4E
C12C91BF
C12D47BD
C12DFF3E
C12EB839
C12F72A6
C1302E7B
C130EBAD
C131AA34
C1326A05
C1332B17
C133ED60
C134B0D4
C135756B
C1363B1A
C13701D7
C137C998
C1389252
C1395BFB
C13A2689
C13AF1F3
C13BBE2D
C13C8B2E
C13D58EC
C13E275D
C13EF678
C13FC632
C1409682
C1416760
C14238C0
C1430A9B
C143DCE7
C144AF9B
C14582AE
C1465618
C14729D0
C147FDCE
C148D209
C149A679
C14A7B17
C14B4FDA
C14C24BB
C14CF9B2
C14DCEB9
C14EA3C7
C14F78D6
C1504DDE
C15122DA
C151F7C3
C152CC91
C153A13F
C15475C7
C1554A22
C1561E4C
C156F23D
C157C5F2
C1589964
C1596C8E
C15A3F6B
C15B11F6
C15BE42B
C15CB604
C15D877F
C15E5895
C15F2944
C15FF986
C160C959
C16198B9
C16267A2
C1633610
C1640401
C164D171
C1659E5E
C1666AC5
C16736A2
C16801F5
C168CCBA
C16996EF
C16A6092
C16B29A1
C16BF21A
C16CB9FD
C16D8147
C16E47F7
C16F0E0C
C16FD384
C1709860
C1715C9D
C172203D
C172E33D
C173A59D
C174675E
C175287F
C175E8FF
C176A8E0
C1776821
C17826C3
C178E4C6
C179A22A
C17A5EF1
C17B1B1A
C17BD6A7
C17C9198
C17D4BEF
C17E05AC
C17EBED1
C17F775F
C18017AC
C180735E
C180CEC6
C18129E6
C18184BE
C181DF4F
C1823999
C182939E
C182ED5F
C18346DC
C183A016
C183F90E
C18451C6
C184AA3E
C1850277
C10631F0
C1064784
C1065D7C
C10673DB
C1068AA3
C106A1D7
C106B97B
C106D190
C106EA1A
C107031C
C1071C99
C1073694
C1075110
C1076C11
C1078799
C107A3AC
C107C04E
C107DD82
C107FB4C
C10819AE
C10838AE
C108584E
C1087892
C108997F
C108BB18
C108DD62
C1090060
C1092417
C109488B
C1096DC0
C10993BB
C109BA81
C109E215
C10A0A7D
C10A33BD
C10A5DDA
C10A88D9
C10AB4BF
C10AE192
C10B0F55
C10B3E0F
C10B6DC5
C10B9E7C
C10BD039
C10C0302
C10C36DD
C10C6BCF
C10CA1DF
C10CD911
C10D116B
C10D4AF4
C10D85B2
C10DC1AA
C10DFEE3
C10E3D62
C10E7D2F
C10EBE4E
C10F00C7
C10F449F
C10F89DD
C10FD087
C11018A4
C1106239
C110AD4E
C110F9E7
C111480C
C11197C3
C111E912
C1123BFF
C1129090
C112E6CC
C1133EB7
C1139859
C113F3B6
C11450D5
C114AFBA
C115106C
C11572F0
C115D749
C1163D7F
C116A594
C1170F8E
C1177B71
C117E941
C1185902
C118CAB7
C1193E63
C119B40B
C11A2BB0
C11AA554
C11B20FB
C11B9EA5
C11C1E54
C11CA00A
C11D23C7
C11DA98B
C11E3156
C11EBB29
C11F4701
C11FD4DF
C12064C1
C120F6A4
C1218A86
C1222065
C122B83E
C123520C
C123EDCD
C1248B7B
C1252B12
C125CC8E
C1266FE8
C127151B
C127BC20
C12864F2
C1290F89
C129BBDF
C12A69EB
C12B19A7
C12BCB0A
C12C7E0C
C12D32A4
C12DE8CB
C12EA076
C12F599D
C1301436
C130D039
C1318D9B
C1324C53
C1330C57
C133CD9C
C134901A
C13553C6
C1361895
C136DE7F
C137A577
C1386D75
C139366E
C13A0059
C13ACB2A
C13B96D7
C13C6358
C13D30A1
C13DFEA9
C13ECD67
C13F9CCF
C1406CDA
C1413D7C
C1420EAD
C142E064
C143B297
C144853D
C145584E
C1462BBF
C146FF8A
C147D3A5
C148A807
C1497CAA
C14A5183
C14B268D
C14BFBBE
C14CD10F
C14DA679
C14E7BF3
C14F5178
C1502700
C150FC84
C151D1FD
C152A765
C1537CB6
C15451E8
C15526F6
C155FBD9
C156D08D
C157A50B
C158794E
C1594D50
C15A210D
C15AF47E
C15BC7A0
C15C9A6D
C15D6CE1
C15E3EF7
C15F10AB
C15FE1F8
C160B2DC
C1618351
C1625354
C16322E2
C163F1F7
C164C08F
C1658EA8
C1665C3F
C1672951
C167F5DB
C168C1DA
C1698D4C
C16A582F
C16B2281
C16BEC40
C16CB56A
C16D7DFD
C16E45F7
C16F0D58
C16FD41E
C1709A47
C1715FD4
C17224C2
C172E912
C173ACC2
C1746FD2
C1753242
C175F411
C176B540
C17775CE
C17835BB
C178F508
C179B3B5
C17A71C3
C17B2F31
C17BEC01
C17CA833
C17D63C9
C17E1EC2
C17ED921
C17F92E6
C1802609
C1808253
C180DE53
C1813A07
C1819573
C181F095
C1824B70
C182A603
C183004F
C1835A56
C183B419
C1840D98
C18466D4
C184BFCE
C1851887
C1857100
C106CE69
C106E3FE
C106F9F6
C1071055
C107271D
C1073E52
C10755F5
C1076E0B
C1078696
C1079F98
C107B916
C107D311
C107ED8E
C108088F
C1082418
C108402C
C1085CCF
C1087A03
C10897CD
C108B631
C108D531
C108F4D2
C1091517
C1093605
C10957A0
C10979EA
C1099CEA
C109C0A2
C109E517
C10A0A4D
C10A304A
C10A5710
C10A7EA6
C10AA70F
C10AD051
C10AFA70
C10B2571
C10B5159
C10B7E2D
C10BABF2
C10BDAAE
C10C0A66
C10C3B1F
C10C6CDE
C10C9FAA
C10CD388
C10D087C
C10D3E8E
C10D75C3
C10DAE20
C10DE7AD
C10E226D
C10E5E69
C10E9BA5
C10EDA28
C10F19F8
C10F5B1C
C10F9D98
C10FE175
C11026B7
C1106D66
C110B587
C110FF21
C1114A3B
C11196DA
C111E504
C11234C1
C1128616
C112D909
C1132DA1
C11383E3
C113DBD5
C114357E
C11490E3
C114EE09
C1154CF7
C115ADB1
C116103D
C11674A0
C116DADE
C11742FE
C117AD02
C11818EF
C11886CA
C118F696
C1196857
C119DC0F
C11A51C3
C11AC975
C11B4327
C11BBEDC
C11C3C95
C11CBC53
C11D3E18
C11DC1E5
C11E47BA
C11ECF97
C11F597B
C11FE566
C1207357
C121034D
C1219544
C122293C
C122BF31
C1235720
C123F107
C1248CDF
C1252AA7
C125CA59
C1266BEF
C1270F65
C127B4B5
C1285BD8
C12904C9
C129AF80
C12A5BF6
C12B0A24
C12BBA03
C12C6B8A
C12D1EB1
C12DD370
C12E89BE
C12F4192
C12FFAE3
C130B5A8
C13171D8
C1322F68
C132EE50
C133AE84
C1346FFD
C13532AE
C135F690
C136BB96
C13781B8
C13848EB
C1391125
C139DA5C
C13AA486
C13B6F98
C13C3B88
C13D084E
C13DD5DE
C13EA42E
C13F7336
C14042EB
C1411343
C141E436
C142B5B9
C14387C4
C1445A4D
C1452D4C
C14600B6
C146D485
C147A8AE
C1487D2A
C14951EF
C14A26F7
C14AFC38
C14BD1AB
C14CA748
C14D7D07
C14E52E1
C14F28CE
C14FFEC8
C150D4C7
C151AAC4
C15280B8
C153569E
C1542C6E
C1550222
C155D7B4
C156AD1E
C157825B
C1585763
C1592C33
C15A00C4
C15AD511
C15BA915
C15C7CCB
C15D502F
C15E233B
C15EF5EB
C15FC83B
C1609A26
C1616BA9
C1623CBF
C1630D64
C163DD96
C164AD50
C1657C8F
C1664B50
C1671990
C167E74C
C168B481
C169812C
C16A4D4B
C16B18DC
C16BE3DD
C16CAE4B
C16D7824
C16E4167
C16F0A12
C16FD224
C170999A
C1716075
C17226B2
C172EC52
C173B152
C17475B3
C1753973
C175FC93
C176BF11
C17780EF
C178422B
C17902C5
C179C2BF
C17A8217
C17B40CF
C17BFEE7
C17CBC5F
C17D7938
C17E3573
C17EF111
C17FAC12
C180333C
C1809022
C180ECBB
C1814909
C181A50B
C18200C3
C1825C31
C182B756
C1831232
C1836CC8
C183C717
C1842120
C1847AE4
C184D465
C1852DA2
C185869E
C185DF59
C1076AEA
C107807E
C1079677
C107ACD6
C107C39F
C107DAD4
C107F278
C1080A8E
C1082319
C1083C1C
C108559A
C1086F96
C1088A13
C108A515
C108C09E
C108DCB3
C108F956
C109168C
C1093457
C10952BB
C10971BC
C109915E
C109B1A4
C109D293
C109F42E
C10A167A
C10A397A
C10A5D33
C10A81A9
C10AA6E1
C10ACCDF
C10AF3A7
C10B1B3E
C10B43A9
C10B6CEC
C10B970C
C10BC20F
C10BEDF8
C10C1ACE
C10C4896
C10C7754
C10CA70D
C10CD7C8
C10D098A
C10D3C58
C10D7038
C10DA52F
C10DDB44
C10E127B
C10E4ADC
C10E846B
C10EBF2F
C10EFB2D
C10F386D
C10F76F3
C10FB6C7
C10FF7EE
C1103A6F
C1107E4F
C110C396
C1110A49
C111526F
C1119C0E
C111E72C
C11233D0
C1128200
C112D1C2
C113231D
C1137616
C113CAB4
C11420FD
C11478F6
C114D2A6
C1152E12
C1158B40
C115EA35
C1164AF7
C116AD8C
C11711F7
C117783F
C117E067
C1184A75
C118B66D
C1192452
C1199429
C11A05F5
C11A79BA
C11AEF7A
C11B6738
C11BE0F7
C11C5CB9
C11CDA80
C11D5A4D
C11DDC22
C11E5FFE
C11EE5E3
C11F6DD1
C11FF7C6
C12083C4
C12111C7
C121A1D0
C12233DC
C122C7E8
C1235DF3
C123F5F8
C1248FF5
C1252BE6
C125C9C6
C1266991
C1270B41
C127AED2
C128543E
C128FB7E
C129A48D
C12A4F63
C12AFBF9
C12BAA48
C12C5A49
C12D0BF3
C12DBF3F
C12E7423
C12F2A97
C12FE293
C1309C0E
C13156FD
C1321358
C132D115
C133902B
C1345090
C1351239
C135D51E
C1369933
C1375E6F
C13824C8
C138EC34
C139B4A9
C13A7E1C
C13B4883
C13C13D4
C13CE006
C13DAD0F
C13E7AE3
C13F497B
C14018CB
C140E8CA
C141B96F
C1428AB0
C1435C84
C1442EE1
C14501BF
C145D513
C146A8D7
C1477D00
C1485186
C1492660
C149FB87
C14AD0F1
C14BA698
C14C7C72
C14D5279
C14E28A4
C14EFEEC
C14FD54A
C150ABB6
C151822A
C152589E
C1532F0C
C154056D
C154DBBB
C155B1EF
C1568804
C1575DF2
C15833B5
C1590946
C159DEA0
C15AB3BE
C15B889A
C15C5D2F
C15D3178
C15E0570
C15ED913
C15FAC5C
C1607F46
C16151CD
C16223ED
C162F5A3
C163C6EA
C16497BE
C165681C
C1663800
C1670768
C167D650
C168A4B5
C1697294
C16A3FEB
C16B0CB6
C16BD8F5
C16CA4A3
C16D6FBF
C16E3A48
C16F043B
C16FCD96
C1709658
C1715E80
C172260C
C172ECFA
C173B34B
C17478FC
C1753E0E
C176027F
C176C64F
C177897D
C1784C0A
C1790DF5
C179CF3E
C17A8FE4
C17B4FE9
C17C0F4D
C17CCE0F
C17D8C30
C17E49B2
C17F0694
C17FC2D7
C1803F3E
C1809CC3
C180F9F9
C18156E3
C181B37F
C1820FD0
C1826BD5
C182C78F
C1832300
C1837E27
C183D906
C184339E
C1848DEE
C184E7F9
C18541C0
C1859B42
C185F481
C1864D7E
C1080772
C1081D06
C10832FF
C108495F
C1086028
C108775D
C1088F02
C108A718
C108BFA4
C108D8A7
C108F225
C1090C22
C10926A0
C10941A2
C1095D2C
C1097941
C10995E5
C109B31B
C109D0E7
C109EF4C
C10A0E4E
C10A2DF0
C10A4E37
C10A6F27
C10A90C3
C10AB310
C10AD611
C10AF9CC
C10B1E43
C10B437C
C10B697B
C10B9044
C10BB7DC
C10BE049
C10C098D
C10C33AF
C10C5EB3
C10C8A9F
C10CB776
C10CE540
C10D13FF
C10D43BB
C10D7478
C10DA63C
C10DD90C
C10E0CEF
C10E41E8
C10E77FF
C10EAF39
C10EE79D
C10F212F
C10F5BF5
C10F97F7
C10FD53A
C11013C4
C110539B
C11094C6
C110D74A
C1111B2E
C1116079
C111A731
C111EF5B
C11238FE
C1128422
C112D0CB
C1131F00
C1136EC7
C113C028
C1141327
C11467CA
C114BE19
C1151619
C1156FCF
C115CB42
C1162878
C1168775
C116E83F
C1174ADB
C117AF4F
C11815A0
C1187DD2
C118E7E9
C11953EA
C119C1DA
C11A31BB
C11AA392
C11B1762
C11B8D2E
C11C04F9
C11C7EC5
C11CFA94
C11D7868
C11DF843
C11E7A26
C11EFE12
C11F8407
C1200C04
C120960B
C121221A
C121B030
C122404B
C122D26A
C123668B
C123FCAA
C12494C5
C1252ED8
C125CAE0
C12668D8
C12708BB
C127AA85
C1284E30
C128F3B7
C1299B14
C12A443F
C12AEF33
C12B9BE8
C12C4A58
C12CFA79
C12DAC46
C12E5FB4
C12F14BD
C12FCB57
C130837A
C1313D1C
C131F834
C132B4BA
C13372A3
C13431E6
C134F279
C135B452
C1367768
C1373BB0
C1380121
C138C7AF
C1398F53
C13A5800
C13B21AE
C13BEC51
C13CB7E1
C13D8452
C13E519C
C13F1FB4
C13FEE90
C140BE27
C1418E6F
C1425F5F
C14330EC
C144030E
C144D5BC
C145A8EC
C1467C95
C14750AF
C1482531
C148FA12
C149CF49
C14AA4CF
C14B7A9A
C14C50A4
C14D26E4
C14DFD52
C14ED3E7
C14FAA9C
C1508168
C1515845
C1522F2B
C1530615
C153DCFA
C154B3D5
C1558A9E
C1566150
C15737E5
C1580E55
C158E49D
C159BAB4
C15A9097
C15B6640
C15C3BA9
C15D10CD
C15DE5A7
C15EBA32
C15F8E6A
C160624A
C16135CC
C16208EE
C162DBAB
C163ADFE
C1647FE4
C165515A
C166225A
C166F2E3
C167C2F1
C168927F
C169618C
C16A3015
C16AFE16
C16BCB8D
C16C9878
C16D64D3
C16E309E
C16EFBD5
C16FC678
C1709083
C17159F5
C17222CE
C172EB0A
C173B2AA
C17479AC
C175400F
C17605D2
C176CAF4
C1778F75
C1785354
C1791690
C179D92A
C17A9B22
C17B5C77
C17C1D29
C17CDD39
C17D9CA7
C17E5B73
C17F199E
C17FD728
C1804A09
C180A82F
C1810606
C181638E
C181C0C8
C1821DB4
C1827A54
C182D6A7
C18332AF
C1838E6C
C183E9DF
C1844509
C1849FEA
C184FA83
C18554D6
C185AEE3
C18608AB
C186622F
C186BB70
C108A400
C108B996
C108CF8F
C108E5EF
C108FCB8
C10913EE
C1092B92
C10943A9
C1095C35
C1097539
C1098EB8
C109A8B5
C109C333
C109DE36
C109F9C1
C10A15D6
C10A327B
C10A4FB2
C10A6D7E
C10A8BE4
C10AAAE6
C10ACA8A
C10AEAD2
C10B0BC2
C10B2D5F
C10B4FAD
C10B72AF
C10B966B
C10BBAE3
C10BE01D
C10C061D
C10C2CE8
C10C5481
C10C7CEF
C10CA635
C10CD058
C10CFB5E
C10D274B
C10D5425
C10D81EF
C10DB0B1
C10DE06F
C10E112E
C10E42F4
C10E75C6
C10EA9AB
C10EDEA7
C10F14C0
C10F4BFD
C10F8463
C10FBDF7
C10FF8C1
C11034C6
C110720C
C110B099
C110F074
C11131A2
C111742A
C111B812
C111FD61
C112441C
C1128C4B
C112D5F3
C113211B
C1136DC9
C113BC03
C1140BCF
C1145D35
C114B03A
C11504E3
C1155B38
C115B33E
C1160CFB
C1166875
C116C5B1
C11724B6
C1178587
C117E82C
C1184CA8
C118B301
C1191B3C
C119855C
C119F167
C11A5F60
C11ACF4C
C11B412E
C11BB509
C11C2AE0
C11CA2B7
C11D1C8F
C11D986B
C11E164C
C11E9635
C11F1826
C11F9C21
C1202225
C120AA32
C1213449
C121C069
C1224E90
C122DEBE
C12370F0
C1240524
C1249B57
C1253387
C125CDB0
C12669CE
C12707DC
C127A7D8
C12849BA
C128ED7F
C1299321
C12A3A98
C12AE3E0
C12B8EF1
C12C3BC4
C12CEA53
C12D9A95
C12E4C82
C12F0013
C12FB53F
C1306BFD
C1312446
C131DE0F
C132994F
C13355FE
C1341411
C134D380
C1359440
C1365648
C137198E
C137DE08
C138A3AB
C1396A6E
C13A3248
C13AFB2C
C13BC513
C13C8FF1
C13D5BBD
C13E286D
C13EF5F6
C13FC450
C140936F
C141634B
C14233DA
C1430513
C143D6EB
C144A95A
C1457C56
C1464FD7
C14723D3
C147F841
C148CD1A
C149A253
C14A77E5
C14B4DC8
C14C23F3
C14CFA5E
C14DD102
C14EA7D6
C14F7ED2
C15055F1
C1512D29
C1520475
C152DBCC
C153B328
C1548A83
C15561D5
C1563918
C1571046
C157E758
C158BE4A
C1599513
C15A6BB0
C15B421A
C15C184B
C15CEE3F
C15DC3F0
C15E995A
C15F6E76
C1604341
C16117B5
C161EBCF
C162BF8A
C16392E1
C16465D1
C1653855
C1660A6A
C166DC0C
C167AD38
C1687DE9
C1694E1E
C16A1DD2
C16AED03
C16BBBAD
C16C89CF
C16D5765
C16E246D
C16EF0E5
C16FBCCB
C170881C
C17152D7
C1721CFA
C172E682
C173AF70
C17477C1
C1753F74
C1760688
C176CCFD
C17792D0
C1785802
C1791C92
C179E07F
C17AA3C9
C17B6671
C17C2874
C17CE9D5
C17DAA92
C17E6AAD
C17F2A25
C17FE8FA
C1805397
C180B261
C18110DA
C1816F03
C181CCDE
C1822A69
C18287A6
C182E496
C1834138
C1839D8E
C183F999
C1845558
C184B0CE
C1850BFA
C18566DD
C185C178
C1861BCD
C18675DC
C186CFA5
C187292B
C1094096
C109562B
C1096C25
C1098285
C109994F
C109B085
C109C82A
C109E041
C109F8CD
C10A11D2
C10A2B51
C10A454E
C10A5FCD
C10A7AD0
C10A965C
C10AB272
C10ACF17
C10AEC4F
C10B0A1B
C10B2882
C10B4785
C10B6729
C10B8772
C10BA864
C10BCA02
C10BEC50
C10C0F54
C10C3310
C10C5789
C10C7CC5
C10CA2C6
C10CC992
C10CF12D
C10D199B
C10D42E3
C10D6D08
C10D980F
C10DC3FE
C10DF0D9
C10E1EA5
C10E4D69
C10E7D28
C10EADE9
C10EDFB1
C10F1286
C10F466C
C10F7B6B
C10FB187
C10FE8C6
C110212E
C1105AC5
C1109592
C110D19A
C1110EE3
C1114D73
C1118D51
C111CE82
C112110E
C11254FA
C1129A4C
C112E10C
C113293F
C11372EB
C113BE17
C1140ACA
C1145909
C114A8DB
C114FA45
C1154D4F
C115A1FF
C115F85A
C1165066
C116AA29
C11705A9
C11762ED
C117C1F8
C11822D1
C118857D
C118EA01
C1195063
C119B8A6
C11A22CF
C11A8EE3
C11AFCE6
C11B6CDC
C11BDEC8
C11C52AD
C11CC890
C11D4072
C11DBA56
C11E363E
C11EB42D
C11F3423
C11FB622
C1203A2A
C120C03D
C121485A
C121D281
C1225EB1
C122ECE9
C1237D28
C1240F6C
C124A3B3
C12539FA
C125D23E
C1266C7C
C12708AF
C127A6D5
C12846E7
C128E8E2
C1298CC0
C12A327A
C12ADA0D
C12B8370
C12C2E9D
C12CDB8D
C12D8A3A
C12E3A9B
C12EECA9
C12FA05B
C13055A9
C1310C8B
C131C4F8
C1327EE7
C1333A4E
C133F725
C134B562
C13574FB
C13635E7
C136F81D
C137BB91
C138803B
C1394610
C13A0D06
C13AD514
C13B9E2F
C13C684D
C13D3364
C13DFF6B
C13ECC57
C13F9A1F
C14068B8
C1413819
C1420839
C142D90D
C143AA8D
C1447CAE
C1454F68
C14622B1
C146F680
C147CACD
C1489F8E
C14974BB
C14A4A4B
C14B2037
C14BF674
C14CCCFC
C14DA3C7
C14E7ACC
C14F5203
C1502966
C15100EC
C151D88F
C152B047
C153880D
C1545FDA
C15537A8
C1560F6F
C156E72A
C157BED2
C1589660
C1596DD0
C15A451A
C15B1C39
C15BF328
C15CC9E0
C15DA05D
C15E7699
C15F4C90
C160223C
C160F798
C161CCA0
C162A14F
C16375A1
C1644991
C1651D1B
C165F03C
C166C2EF
C1679531
C16866FE
C1693853
C16A092C
C16AD986
C16BA95E
C16C78B1
C16D477C
C16E15BD
C16EE371
C16FB096
C1707D29
C1714928
C1721492
C172DF64
C173A99D
C174733C
C1753C3E
C17604A2
C176CC68
C177938E
C1785A12
C1791FF6
C179E537
C17AA9D5
C17B6DD0
C17C3128
C17CF3DB
C17DB5EB
C17E7757
C17F381F
C17FF843
C1805BE2
C180BB52
C1811A70
C181793D
C181D7BA
C18235E8
C18293C5
C182F154
C1834E94
C183AB87
C184082C
C1846485
C184C092
C1851C54
C18577CB
C185D2F9
C1862DDF
C186887C
C186E2D2
C1873CE3
C18796AE
C109DD32
C109F2C7
C10A08C1
C10A1F22
C10A35EC
C10A4D22
C10A64C8
C10A7CDF
C10A956C
C10AAE70
C10AC7F0
C10AE1EE
C10AFC6D
C10B1771
C10B32FD
C10B4F14
C10B6BBA
C10B88F2
C10BA6BF
C10BC526
C10BE42A
C10C03CF
C10C2419
C10C450B
C10C66AA
C10C88FA
C10CABFE
C10CCFBB
C10CF436
C10D1972
C10D3F74
C10D6641
C10D8DDD
C10DB64E
C10DDF96
C10E09BD
C10E34C5
C10E60B5
C10E8D92
C10EBB60
C10EEA25
C10F19E7
C10F4AAA
C10F7C74
C10FAF4A
C10FE333
C1101834
C1104E52
C1108593
C110BDFE
C110F798
C1113267
C1116E72
C111ABBE
C111EA51
C1122A32
C1126B67
C112ADF6
C112F1E6
C113373C
C1137DFF
C113C636
C1140FE7
C1145B17
C114A7CE
C114F612
C11545E9
C1159758
C115EA68
C1163F1D
C116957D
C116ED8F
C1174759
C117A2DF
C1180029
C1185F3B
C118C01C
C11922CF
C119875B
C119EDC4
C11A5610
C11AC042
C11B2C5F
C11B9A6B
C11C0A6A
C11C7C60
C11CF050
C11D663D
C11DDE2A
C11E581A
C11ED40E
C11F5209
C11FD20C
C1205418
C120D82F
C1215E50
C121E67B
C12270B2
C122FCF2
C1238B3A
C1241B8B
C124ADE0
C1254239
C125D893
C12670EB
C1270B3D
C127A786
C12845C1
C128E5EA
C12987FB
C12A2BF1
C12AD1C5
C12B7971
C12C22EE
C12CCE37
C12D7B44
C12E2A0E
C12EDA8D
C12F8CBA
C130408C
C130F5FC
C131AD00
C1326591
C1331FA4
C133DB31
C134982F
C1355694
C1361657
C136D76E
C13799CF
C1385D71
C139224A
C139E84F
C13AAF77
C13B77B8
C13C4107
C13D0B5B
C13DD6AB
C13EA2EB
C13F7012
C1403E16
C1410CEE
C141DC8F
C142ACF0
C1437E08
C1444FCD
C1452235
C145F538
C146C8CC
C1479CE9
C1487184
C1494696
C14A1C16
C14AF1FC
C14BC83E
C14C9ED5
C14D75B8
C14E4CE0
C14F2444
C14FFBDD
C150D3A4
C151AB90
C152839B
C1535BBD
C15433F0
C1550C2B
C155E46A
C156BCA5
C15794D5
C1586CF5
C15944FD
C15A1CE9
C15AF4B1
C15BCC51
C15CA3C2
C15D7B00
C15E5204
C15F28CA
C15FFF4C
C160D585
C161AB70
C162810A
C163564C
C1642B33
C164FFBB
C165D3DE
C166A79A
C1677AEA
C1684DCA
C1692038
C169F22E
C16AC3AA
C16B94A8
C16C6526
C16D3520
C16E0494
C16ED37F
C16FA1DE
C1706FAE
C1713CEE
C172099B
C172D5B4
C173A135
C1746C1E
C175366C
C176001F
C176C935
C17791AC
C1785983
C17920BA
C179E74F
C17AAD41
C17B7291
C17C373D
C17CFB45
C17DBEA9
C17E8168
C17F4383
C180027D
C18062E6
C180C2FD
C18122C2
C1818236
C181E158
C182402A
C1829EAB
C182FCDB
C1835ABC
C183B84E
C1841592
C1847287
C184CF2F
C1852B8A
C185879A
C185E35E
C1863ED7
C1869A07
C186F4EF
C1874F8E
C187A9E6
C18803F8
C10A79D4
C10A8F6A
C10AA564
C10ABBC4
C10AD28F
C10AE9C5
C10B016B
C10B1983
C10B3210
C10B4B15
C10B6496
C10B7E94
C10B9914
C10BB418
C10BCFA4
C10BEBBC
C10C0862
C10C259B
C10C4369
C10C61D1
C10C80D5
C10CA07B
C10CC0C6
C10CE1B9
C10D0358
C10D25A9
C10D48AE
C10D6C6C
C10D90E8
C10DB625
C10DDC28
C10E02F7
C10E2A94
C10E5305
C10E7C4F
C10EA677
C10ED181
C10EFD73
C10F2A51
C10F5821
C10F86E8
C10FB6AB
C10FE76F
C110193B
C1104C14
C1107FFF
C110B501
C110EB22
C1112266
C1115AD3
C111946F
C111CF41
C1120B4F
C112489D
C1128733
C112C718
C1130850
C1134AE2
C1138ED5
C113D42F
C1141AF6
C1146331
C114ACE5
C114F81A
C11544D5
C115931E
C115E2F9
C116346E
C1168782
C116DC3D
C11732A2
C1178ABA
C117E48A
C1184017
C1189D67
C118FC80
C1195D67
C119C022
C11A24B5
C11A8B26
C11AF379
C11B5DB4
C11BC9D9
C11C37EF
C11CA7F7
C11D19F7
C11D8DF1
C11E03E8
C11E7BE0
C11EF5DB
C11F71DB
C11FEFE2
C1206FF1
C120F20A
C121762E
C121FC5D
C1228497
C1230EDC
C1239B2B
C1242984
C124B9E5
C1254C4C
C125E0B7
C1267723
C1270F8D
C127A9F3
C1284650
C128E4A0
C12984DF
C12A2707
C12ACB14
C12B7100
C12C18C5
C12CC25C
C12D6DC0
C12E1AE8
C12EC9CF
C12F7A6B
C1302CB6
C130E0A8
C1319638
C1324D5E
C1330611
C133C048
C1347BFA
C135391D
C135F7AA
C136B795
C13778D5
C1383B62
C138FF30
C139C436
C13A8A6A
C13B51C2
C13C1A34
C13CE3B7
C13DAE40
C13E79C6
C13F463E
C140139E
C140E1DD
C141B0F2
C14280D1
C1435173
C14422CD
C144F4D5
C145C783
C1469ACD
C1476EAB
C1484312
C14917FB
C149ED5C
C14AC32D
C14B9965
C14C6FFC
C14D46EA
C14E1E27
C14EF5AA
C14FCD6B
C150A564
C1517D8C
C15255DD
C1532E4E
C15406D8
C154DF75
C155B81E
C15690CB
C1576977
C158421B
C1591AB0
C159F330
C15ACB96
C15BA3DB
C15C7BF9
C15D53EB
C15E2BAC
C15F0335
C15FDA82
C160B18D
C1618852
C1625ECB
C16334F4
C1640AC8
C164E043
C165B560
C1668A1B
C1675E70
C168325B
C16905D8
C169D8E4
C16AAB7A
C16B7D98
C16C4F39
C16D205C
C16DF0FC
C16EC118
C16F90AB
C1705FB4
C1712E2F
C171FC1B
C172C975
C173963B
C174626B
C1752E03
C175F902
C176C365
C1778D2B
C1785653
C1791EDC
C179E6C5
C17AAE0B
C17B74B0
C17C3AB1
C17D000F
C17DC4C8
C17E88DD
C17F4C4C
C180078C
C180689E
C180C95F
C18129CD
C18189E8
C181E9B2
C182492A
C182A850
C1830725
C18365AA
C183C3DE
C18421C2
C1847F57
C184DC9D
C1853995
C1859640
C185F29E
C1864EAF
C186AA75
C18705F1
C1876123
C187BC0C
C18816AD
C1887107
C10B167C
C10B2C12
C10B420C
C10B586D
C10B6F38
C10B866F
C10B9E15
C10BB62D
C10BCEBB
C10BE7C0
C10C0141
C10C1B3F
C10C35C0
C10C50C5
C10C6C51
C10C8869
C10CA510
C10CC249
C10CE018
C10CFE81
C10D1D86
C10D3D2D
C10D5D78
C10D7E6C
C10DA00C
C10DC25D
C10DE563
C10E0923
C10E2D9F
C10E52DD
C10E78E2
C10E9FB1
C10EC750
C10EEFC2
C10F190E
C10F4337
C10F6E42
C10F9A35
C10FC715
C10FF4E6
C11023AF
C1105373
C110843A
C110B608
C110E8E2
C1111CCF
C11151D4
C11187F6
C111BF3C
C111F7AC
C112314B
C1126C1F
C112A82F
C112E581
C113241A
C1136401
C113A53C
C113E7D2
C1142BC8
C1147125
C114B7F0
C115002F
C11549E7
C1159520
C115E1E0
C116302C
C116800C
C116D186
C117249F
C117795E
C117CFCA
C11827E7
C11881BC
C118DD4F
C1193AA6
C11999C5
C119FAB3
C11A5D74
C11AC20F
C11B2888
C11B90E3
C11BFB25
C11C6753
C11CD571
C11D4583
C11DB78C
C11E2B8F
C11EA191
C11F1993
C11F9399
C1200FA4
C1208DB6
C1210DD2
C1218FF7
C1221428
C1229A64
C12322AC
C123AD00
C124395E
C124C7C7
C1255837
C125EAAF
C1267F2B
C12715A9
C127AE26
C128489F
C128E50F
C1298374
C12A23C8
C12AC606
C12B6A2A
C12C102D
C12CB80A
C12D61BA
C12E0D37
C12EBA7B
C12F697C
C1301A36
C130CC9E
C13180AF
C132365E
C132EDA4
C133A678
C13460D2
C1351CA8
C135D9F0
C13698A3
C13758B5
C1381A1E
C138DCD4
C139A0CD
C13A65FF
C13B2C61
C13BF3E8
C13CBC8B
C13D863F
C13E50FC
C13F1CB6
C13FE964
C140B6FD
C1418576
C14254C5
C14324E2
C143F5C2
C144C75B
C14599A6
C1466C98
C1474028
C148144C
C148E8FD
C149BE31
C14A93DF
C14B6A00
C14C4089
C14D1773
C14DEEB6
C14EC64A
C14F9E26
C1507644
C1514E9A
C1522722
C152FFD4
C153D8A9
C154B199
C1558A9F
C15663B2
C1573CCD
C15815E8
C158EEFD
C159C805
C15AA0FB
C15B79D9
C15C5298
C15D2B33
C15E03A4
C15EDBE5
C15FB3F1
C1608BC3
C1616356
C1623AA4
C16311A9
C163E860
C164BEC3
C16594D0
C1666A81
C1673FD1
C16814BE
C168E942
C169BD5B
C16A9103
C16B6438
C16C36F6
C16D093A
C16DDB00
C16EAC45
C16F7D06
C1704D41
C1711CF3
C171EC18
C172BAAF
C17388B5
C1745628
C1752306
C175EF4D
C176BAFB
C177860E
C1785085
C1791A5E
C179E398
C17AAC32
C17B742B
C17C3B81
C17D0234
C17DC843
C17E8DAE
C17F5274
C1800B4A
C1806D08
C180CE73
C1812F8B
C1819050
C181F0C3
C18250E3
C182B0B1
C183102D
C1836F57
C183CE2F
C1842CB7
C1848AEF
C184E8D6
C185466E
C185A3B7
C18600B1
C1865D5E
C186B9BE
C18715D2
C187719A
C187CD18
C188284C
C1888336
C188DDD9
C10BB329
C10BC8BF
C10BDEBA
C10BF51B
C10C0BE6
C10C231E
C10C3AC4
C10C52DD
C10C6B6B
C10C8470
C10C9DF1
C10CB7F1
C10CD271
C10CED77
C10D0904
C10D251D
C10D41C4
C10D5EFE
C10D7CCD
C10D9B36
C10DBA3C
C10DD9E3
C10DFA2F
C10E1B24
C10E3CC5
C10E5F17
C10E821E
C10EA5DE
C10ECA5C
C10EEF9B
C10F15A1
C10F3C71
C10F6411
C10F8C84
C10FB5D1
C10FDFFB
C1100B08
C11036FC
C11063DD
C11091B0
C110C07A
C110F041
C1112109
C11152D9
C11185B5
C111B9A4
C111EEAA
C11224CF
C1125C17
C1129489
C112CE2B
C1130901
C1134514
C1138268
C113C104
C11400EE
C114422C
C11484C5
C114C8BE
C1150E1F
C11554ED
C1159D2F
C115E6EC
C1163229
C1167EEC
C116CD3D
C1171D22
C1176EA0
C117C1BE
C1181682
C1186CF3
C118C515
C1191EF0
C1197A89
C119D7E5
C11A370B
C11A97FF
C11AFAC8
C11B5F69
C11BC5E9
C11C2E4C
C11C9896
C11D04CC
C11D72F2
C11DE30C
C11E551E
C11EC92C
C11F3F37
C11FB743
C1203153
C120AD69
C1212B87
C121ABAE
C1222DE0
C122B21D
C1233867
C123C0BC
C1244B1E
C124D78A
C1256602
C125F682
C126890A
C1271D96
C127B425
C1284CB4
C128E740
C12983C3
C12A223C
C12AC2A4
C12B64F8
C12C0931
C12CAF4B
C12D573F
C12E0108
C12EAC9E
C12F59FB
C1300918
C130B9ED
C1316C72
C13220A0
C132D66E
C1338DD4
C13446C8
C1350143
C135BD3C
C1367AA8
C137397F
C137F9B8
C138BB48
C1397E26
C13A4249
C13B07A6
C13BCE35
C13C95E9
C13D5EBB
C13E28A1
C13EF38F
C13FBF7D
C1408C60
C1415A2F
C14228DF
C142F869
C143C8C0
C14499DD
C1456BB6
C1463E41
C1471175
C147E548
C148B9B3
C1498EAB
C14A6429
C14B3A22
C14C1090
C14CE768
C14DBEA4
C14E963A
C14F6E23
C1504657
C1511ECD
C151F77F
C152D065
C153A977
C15482AE
C1555C03
C156356E
C1570EEA
C157E86F
C158C1F7
C1599B7B
C15A74F6
C15B4E5F
C15C27B3
C15D00EA
C15DD9FF
C15EB2ED
C15F8BAD
C160643A
C1613C8F
C16214A7
C162EC7D
C163C40B
C1649B4E
C165723F
C16648DC
C1671F1E
C167F503
C168CA85
C1699FA1
C16A7453
C16B4897
C16C1C69
C16CEFC6
C16DC2AA
C16E9512
C16F66FA
C1703861
C1710942
C171D99B
C172A969
C17378AB
C174475C
C175157B
C175E306
C176AFFB
C1777C58
C178481A
C1791341
C179DDCB
C17AA7B6
C17B7102
C17C39AC
C17D01B4
C17DC919
C17E8FDA
C17F55F7
C1800DB7
C1807020
C180D236
C18133FA
C181956A
C181F687
C1825751
C182B7C8
C18317EC
C18377BE
C183D73D
C184366B
C1849547
C184F3D2
C185520D
C185AFF7
C1860D92
C1866ADD
C186C7DA
C187248A
C18780EC
C187DD02
C18838CC
C188944C
C188EF81
C1894A6D
C10C4FDC
C10C6572
C10C7B6D
C10C91CF
C10CA89A
C10CBFD2
C10CD779
C10CEF92
C10D0820
C10D2126
C10D3AA7
C10D54A7
C10D6F28
C10D8A2E
C10DA5BC
C10DC1D5
C10DDE7D
C10DFBB7
C10E1987
C10E37F1
C10E56F8
C10E769F
C10E96EC
C10EB7E1
C10ED983
C10EFBD6
C10F1EDE
C10F429F
C10F671D
C10F8C5E
C10FB264
C10FD935
C11000D6
C110294B
C1105299
C1107CC4
C110A7D2
C110D3C8
C11100AB
C1112E7F
C1115D4B
C1118D13
C111BDDD
C111EFAE
C112228C
C112567C
C1128B85
C112C1AC
C112F8F6
C113316A
C1136B0E
C113A5E7
C113E1FC
C1141F53
C1145DF1
C1149DDE
C114DF1F
C11521BB
C11565B8
C115AB1C
C115F1ED
C1163A33
C11683F3
C116CF34
C1171BFB
C1176A50
C117BA39
C1180BBC
C1185EDF
C118B3A8
C1190A1D
C1196245
C119BC25
C11A17C3
C11A7526
C11AD451
C11B354C
C11B981B
C11BFCC3
C11C634A
C11CCBB4
C11D3606
C11DA244
C11E1072
C11E8095
C11EF2B0
C11F66C6
C11FDCDB
C12054F1
C120CF0B
C1214B2C
C121C954
C1224987
C122CBC4
C123500E
C123D663
C1245EC6
C124E935
C12575B0
C1260436
C12694C5
C127275C
C127BBF9
C1285299
C128EB39
C12985D6
C12A226D
C12AC0F8
C12B6174
C12C03DC
C12CA82B
C12D4E5B
C12DF666
C12EA046
C12F4BF5
C12FF96B
C130A8A2
C1315991
C1320C32
C132C07D
C1337668
C1342DED
C134E701
C135A19D
C1365DB7
C1371B46
C137DA41
C1389A9E
C1395C55
C13A1F5A
C13AE3A6
C13BA92D
C13C6FE6
C13D37C8
C13E00C7
C13ECADC
C13F95FA
C140621A
C1412F31
C141FD35
C142CC1C
C1439BDD
C1446C6F
C1453DC7
C1460FDD
C146E2A6
C147B61B
C1488A31
C1495EDF
C14A341D
C14B09E3
C14BE026
C14CB6DF
C14D8E05
C14E6590
C14F3D77
C15015B4
C150EE3D
C151C70B
C152A016
C1537957
C15452C7
C1552C5E
C1560615
C156DFE5
C157B9C7
C15893B5
C1596DA8
C15A4799
C15B2182
C15BFB5E
C15CD525
C15DAED2
C15E8860
C15F61C8
C1603B05
C1611411
C161ECE7
C162C582
C1639DDD
C16475F3
C1654DC0
C166253D
C166FC67
C167D33A
C168A9B0
C1697FC7
C16A5579
C16B2AC2
C16BFFA0
C16CD40D
C16DA807
C16E7B8A
C16F4E93
C170211D
C170F327
C171C4AE
C17295AD
C1736623
C174360D
C1750569
C175D434
C176A26B
C177700D
C1783D18
C1790989
C179D560
C17AA09A
C17B6B36
C17C3532
C17CFE8E
C17DC748
C17E8F5F
C17F56D2
C1800ED0
C18071E5
C180D4A7
C1813716
C1819932
C181FAFA
C1825C6F
C182BD91
C1831E5F
C1837EDB
C183DF03
C1843ED9
C1849E5C
C184FD8D
C1855C6D
C185BAFB
C1861938
C1867725
C186D4C2
C1873210
C1878F10
C187EBC1
C1884826
C188A43E
C189000A
C1895B8B
C189B6C2
C10CEC94
C10D022B
C10D1826
C10D2E88
C10D4553
C10D5C8B
C10D7432
C10D8C4C
C10DA4DA
C10DBDE1
C10DD762
C10DF163
C10E0BE4
C10E26EA
C10E4279
C10E5E92
C10E7B3B
C10E9875
C10EB646
C10ED4B0
C10EF3B8
C10F1360
C10F33AD
C10F54A3
C10F7646
C10F989A
C10FBBA3
C10FDF64
C11003E4
C1102925
C1104F2C
C11075FF
C1109DA0
C110C616
C110EF65
C1111992
C11144A1
C1117098
C1119D7C
C111CB52
C111FA1F
C11229E9
C1125AB4
C1128C87
C112BF67
C112F359
C1132864
C1135E8D
C11395D9
C113CE4F
C11407F5
C11442D1
C1147EE8
C114BC41
C114FAE2
C1153AD2
C1157C16
C115BEB5
C11602B4
C116481B
C1168EF0
C116D739
C11720FD
C1176C41
C117B90D
C1180766
C1185753
C118A8DA
C118FC01
C11950CF
C119A749
C119FF76
C11A595B
C11AB4FF
C11B1267
C11B7198
C11BD299
C11C356E
C11C9A1D
C11D00AB
C11D691C
C11DD375
C11E3FBA
C11EADF1
C11F1E1C
C11F903F
C120045E
C1207A7C
C120F29B
C1216CBF
C121E8EA
C122671D
C122E75B
C12369A4
C123EDF9
C124745B
C124FCCA
C1258746
C12613CF
C126A262
C1273300
C127C5A7
C1285A53
C128F103
C12989B4
C12A2463
C12AC10B
C12B5FA9
C12C0038
C12CA2B4
C12D4718
C12DED5D
C12E957E
C12F3F75
C12FEB3B
C13098CA
C131481A
C131F923
C132ABDF
C1336046
C134164E
C134CDF0
C1358723
C13641DE
C136FE19
C137BBCA
C1387AE8
C1393B69
C139FD45
C13AC070
C13B84E3
C13C4A93
C13D1176
C13DD983
C13EA2AF
C13F6CF1
C140383F
C1410490
C141D1D9
C142A010
C1436F2D
C1443F25
C1450FEE
C145E180
C146B3D1
C14786D8
C1485A8B
C1492EE2
C14A03D3
C14AD955
C14BAF60
C14C85EB
C14D5CED
C14E345F
C14F0C38
C14FE46F
C150BCFC
C15195D9
C1526EFD
C1534860
C15421FA
C154FBC6
C155D5BB
C156AFD2
C1578A04
C158644A
C1593E9F
C15A18FA
C15AF357
C15BCDAD
C15CA7F8
C15D8231
C15E5C52
C15F3656
C1601036
C160E9ED
C161C376
C1629CCC
C16375E8
C1644EC7
C1652763
C165FFB6
C166D7BE
C167AF74
C16886D5
C1695DDB
C16A3484
C16B0ACA
C16BE0A9
C16CB61F
C16D8B26
C16E5FBB
C16F33DB
C1700783
C170DAAE
C171AD5B
C1727F85
C1735129
C1742246
C174F2D8
C175C2DD
C1769251
C1776134
C1782F83
C178FD3B
C179CA5B
C17A96E0
C17B62CA
C17C2E16
C17CF8C3
C17DC2D0
C17E8C3C
C17F5505
C1800E95
C1807255
C180D5C3
C18138DE
C1819BA6
C181FE1A
C182603B
C182C209
C1832382
C18384A9
C183E57B
C18445FB
C184A627
C1850601
C1856587
C185C4BC
C186239F
C1868230
C186E070
C1873E5F
C1879BFF
C187F950
C1885651
C188B305
C1890F6B
C1896B85
C189C753
C18A22D6
C10D8951
C10D9EE8
C10DB4E3
C10DCB45
C10DE211
C10DF949
C10E10F1
C10E290B
C10E4199
C10E5AA0
C10E7422
C10E8E23
C10EA8A5
C10EC3AB
C10EDF3A
C10EFB54
C10F17FD
C10F3539
C10F530A
C10F7175
C10F907D
C10FB026
C10FD074
C10FF16A
C110130E
C1103562
C110586C
C1107C2E
C110A0AE
C110C5F1
C110EBF9
C11112CC
C1113A6F
C11162E6
C1118C36
C111B664
C111E175
C1120D6D
C1123A52
C1126829
C11296F8
C112C6C3
C112F790
C1132964
C1135C46
C113903A
C113C547
C113FB71
C11432C0
C1146B38
C114A4E0
C114DFBE
C1151BD7
C1155933
C11597D7
C115D7C9
C116190F
C1165BB1
C1169FB4
C116E51E
C1172BF6
C1177442
C117BE09
C1180951
C1185620
C118A47D
C118F46E
C11945F9
C1199925
C119EDF7
C11A4476
C11A9CA8
C11AF692
C11B523B
C11BAFA8
C11C0EE0
C11C6FE6
C11CD2C2
C11D3777
C11D9E0B
C11E0683
C11E70E3
C11EDD30
C11F4B6E
C11FBBA1
C1202DCC
C120A1F4
C121181A
C1219043
C1220A71
C12286A5
C12304E3
C123852B
C124077F
C1248BDF
C125124D
C1259AC9
C1262551
C126B1E7
C1274088
C127D134
C12863E9
C128F8A5
C1298F65
C12A2826
C12AC2E5
C12B5F9F
C12BFE4F
C12C9EF1
C12D4180
C12DE5F8
C12E8C51
C12F3488
C12FDE95
C1308A72
C1313818
C131E781
C13298A4
C1334B7A
C133FFFB
C134B61F
C1356DDE
C136272F
C136E209
C1379E63
C1385C35
C1391B74
C139DC19
C13A9E18
C13B6169
C13C2602
C13CEBDA
C13DB2E5
C13E7B1C
C13F4474
C1400EE2
C140DA5F
C141A6DE
C1427458
C14342C2
C1441212
C144E23F
C145B33F
C146850A
C1475795
C1482AD7
C148FEC7
C149D35D
C14AA88E
C14B7E53
C14C54A2
C14D2B73
C14E02BE
C14EDA79
C14FB29D
C1508B22
C15163FF
C1523D2D
C15316A4
C153F05D
C154CA50
C155A475
C1567EC5
C157593A
C15833CD
C1590E76
C159E92E
C15AC3F1
C15B9EB6
C15C7978
C15D5430
C15E2ED8
C15F096B
C15FE3E3
C160BE39
C1619869
C162726D
C1634C3F
C16425DB
C164FF3B
C165D85A
C166B133
C16789C3
C1686203
C16939F0
C16A1184
C16AE8BD
C16BBF95
C16C9609
C16D6C14
C16E41B4
C16F16E3
C16FEB9F
C170BFE4
C17193AE
C17266FB
C17339C7
C1740C10
C174DDD2
C175AF0B
C1767FB7
C1774FD5
C1781F62
C178EE5C
C179BCC1
C17A8A8E
C17B57C2
C17C245B
C17CF057
C17DBBB5
C17E8673
C17F508F
C1800D05
C1807171
C180D58A
C1813951
C1819CC5
C181FFE6
C18262B3
C182C52D
C1832753
C1838925
C183EAA3
C1844BCE
C184ACA5
C1850D28
C1856D58
C185CD35
C1862CBF
C1868BF7
C186EADD
C1874971
C187A7B3
C18805A6
C1886348
C188C09B
C1891D9F
C1897A54
C189D6BD
C18A32D8
C18A8EA8
C10E2612
C10E3BAA
C10E51A5
C10E6808
C10E7ED4
C10E960C
C10EADB4
C10EC5CE
C10EDE5D
C10EF764
C10F10E7
C10F2AE8
C10F456A
C10F6071
C10F7C00
C10F981B
C10FB4C5
C10FD200
C10FEFD2
C1100E3D
C1102D46
C1104CF0
C1106D3E
C1108E36
C110AFDA
C110D22F
C110F539
C11118FD
C1113D7E
C11162C1
C11188CA
C111AF9E
C111D742
C111FFBA
C112290B
C112533A
C1127E4C
C112AA46
C112D72C
C1130505
C11333D4
C11363A1
C113946F
C113C646
C113F929
C1142D1F
C114622D
C1149859
C114CFAA
C1150824
C11541CE
C1157CAE
C115B8CA
C115F628
C11634CE
C11674C2
C116B60C
C116F8B0
C1173CB5
C1178223
C117C8FE
C118114D
C1185B18
C118A663
C118F336
C1194197
C119918B
C119E31A
C11A364A
C11A8B21
C11AE1A4
C11B39DB
C11B93CA
C11BEF78
C11C4CEB
C11CAC27
C11D0D34
C11D7015
C11DD4D0
C11E3B6B
C11EA3E9
C11F0E50
C11F7AA4
C11FE8E9
C1205924
C120CB57
C1213F87
C121B5B6
C1222DE8
C122A81F
C123245D
C123A2A4
C12422F7
C124A555
C12529C1
C125B03A
C12638C1
C126C356
C1274FF9
C127DEA7
C1286F61
C1290224
C12996EE
C12A2DBD
C12AC68E
C12B615E
C12BFE28
C12C9CEA
C12D3D9E
C12DE040
C12E84CB
C12F2B39
C12FD384
C1307DA6
C131299A
C131D757
C13286D7
C1333812
C133EB02
C1349F9D
C13555DC
C1360DB7
C136C725
C137821C
C1383E96
C138FC87
C139BBE8
C13A7CAE
C13B3ED0
C13C0245
C13CC703
C13D8D01
C13E5435
C13F1C94
C13FE616
C140B0B0
C1417C59
C1424906
C14316AF
C143E54A
C144B4CC
C145852D
C1465663
C1472864
C147FB28
C148CEA4
C149A2D0
C14A77A3
C14B4D13
C14C2319
C14CF9AA
C14DD0C0
C14EA850
C14F8053
C15058C1
C1513192
C1520ABD
C152E43B
C153BE04
C1549810
C1557258
C1564CD5
C157277F
C1580250
C158DD41
C159B84A
C15A9365
C15B6E8C
C15C49B8
C15D24E3
C15E0006
C15EDB1C
C15FB61F
C1609108
C1616BD3
C1624679
C16320F5
C163FB42
C164D55B
C165AF3A
C16688DB
C1676238
C1683B4D
C1691415
C169EC8C
C16AC4AD
C16B9C74
C16C73DC
C16D4AE3
C16E2182
C16EF7B8
C16FCD7F
C170A2D5
C17177B6
C1724C1E
C173200A
C173F377
C174C662
C17598C8
C1766AA6
C1773BF9
C1780CBF
C178DCF6
C179AC9A
C17A7BAA
C17B4A24
C17C1806
C17CE54D
C17DB1F8
C17E7E06
C17F4974
C1800A21
C1806F37
C180D3FB
C181386E
C1819C8E
C182005B
C18263D5
C182C6FB
C18329CE
C1838C4D
C183EE78
C184504F
C184B1D1
C1851300
C18573DB
C185D462
C1863496
C1869476
C186F403
C187533E
C187B227
C18810BD
C1886F03
C188CCF7
C1892A9C
C18987F1
C189E4F7
C18A41AE
C18A9E19
C18AFA36
C10EC2D9
C10ED870
C10EEE6C
C10F04CE
C10F1B9B
C10F32D4
C10F4A7C
C10F6296
C10F7B26
C10F942D
C10FADB0
C10FC7B1
C10FE234
C10FFD3C
C11018CB
C11034E6
C1105190
C1106ECC
C1108C9F
C110AB0B
C110CA14
C110E9BE
C1110A0D
C1112B05
C1114CAA
C1116F00
C111920B
C111B5CF
C111DA51
C111FF95
C112259F
C1124C74
C1127419
C1129C92
C112C5E4
C112F014
C1131B27
C1134722
C113740A
C113A1E4
C113D0B5
C1140083
C1143153
C114632A
C114960F
C114CA06
C114FF16
C1153545
C1156C97
C115A513
C115DEBF
C11619A1
C11655BF
C116931F
C116D1C8
C11711BF
C117530B
C11795B2
C117D9BA
C1181F2A
C1186608
C118AE5B
C118F828
C1194377
C119904D
C119DEB2
C11A2EAA
C11A803D
C11AD371
C11B284C
C11B7ED4
C11BD70F
C11C3103
C11C8CB6
C11CEA2D
C11D496F
C11DAA81
C11E0D68
C11E7229
C11ED8CA
C11F414F
C11FABBC
C1201817
C1208664
C120F6A6
C12168E1
C121DD18
C1225350
C122CB8A
C12345CA
C123C211
C1244062
C124C0BF
C1254327
C125C79E
C1264E22
C126D6B5
C1276156
C127EE04
C1287CC0
C1290D87
C129A057
C12A3530
C12ACC0E
C12B64EE
C12BFFCD
C12C9CA8
C12D3B7A
C12DDC40
C12E7EF4
C12F2392
C12FCA13
C1307272
C1311CA9
C131C8B2
C1327685
C133261C
C133D770
C1348A78
C1353F2C
C135F586
C136AD7C
C1376705
C138221A
C138DEB1
C1399CC1
C13A5C42
C13B1D29
C13BDF6D
C13CA305
C13D67E8
C13E2E0B
C13EF565
C13FBDEC
C1408796
C141525A
C1421E2F
C142EB09
C143B8E0
C14487AA
C145575E
C14627F1
C146F95B
C147CB91
C1489E8C
C1497240
C14A46A6
C14B1BB5
C14BF163
C14CC7A7
C14D9E7A
C14E75D2
C14F4DA6
C15025F0
C150FEA6
C151D7C0
C152B137
C1538B03
C154651B
C1553F79
C1561A15
C156F4E8
C157CFEB
C158AB15
C1598662
C15A61C9
C15B3D45
C15C18CE
C15CF45F
C15DCFF0
C15EAB7D
C15F86FE
C160626E
C1613DC7
C1621904
C162F41E
C163CF11
C164A9D7
C165846B
C1665EC7
C16738E7
C16812C6
C168EC5E
C169C5AC
C16A9EAB
C16B7757
C16C4FAA
C16D27A1
C16DFF37
C16ED669
C16FAD33
C1708391
C171597F
C1722EFA
C17303FD
C173D887
C174AC94
C175801F
C1765328
C17725AA
C177F7A3
C178C910
C17999EE
C17A6A3C
C17B39F7
C17C091D
C17CD7AB
C17DA5A0
C17E72F9
C17F3FB6
C18005EA
C1806BA9
C180D118
C1813635
C1819B01
C181FF7A
C18263A0
C182C773
C1832AF3
C1838E1F
C183F0F6
C184537A
C184B5AA
C1851785
C185790C
C185DA3F
C1863B1D
C1869BA8
C186FBDF
C1875BC2
C187BB53
C1881A90
C188797C
C188D815
C189365D
C1899454
C189F1FB
C18A4F52
C18AAC5A
C18B0913
C18B657F
C10F5FA3
C10F753B
C10F8B37
C10FA19A
C10FB866
C10FCF9F
C10FE748
C10FFF62
C11017F2
C11030FA
C1104A7D
C110647F
C1107F02
C1109A0A
C110B59A
C110D1B5
C110EE60
C1110B9D
C111296F
C11147DC
C11166E6
C1118690
C111A6E0
C111C7D9
C111E97F
C1120BD5
C1122EE1
C11252A6
C1127728
C1129C6D
C112C278
C112E94E
C11310F4
C113396E
C11362C1
C1138CF2
C113B806
C113E402
C11410EB
C1143EC6
C1146D99
C1149D68
C114CE39
C1150012
C11532F9
C11566F2
C1159C03
C115D233
C1160987
C1164205
C1167BB3
C116B697
C116F2B7
C117301A
C1176EC5
C117AEBE
C117F00C
C11832B6
C11876C1
C118BC34
C1190315
C1194B6A
C119953B
C119E08D
C11A2D67
C11A7BCE
C11ACBCA
C11B1D61
C11B7099
C11BC578
C11C1C04
C11C7443
C11CCE3C
C11D29F4
C11D8770
C11DE6B7
C11E47CF
C11EAABB
C11F0F82
C11F7628
C11FDEB3
C1204928
C120B589
C12123DD
C1219426
C1220668
C1227AA8
C122F0E7
C123692A
C123E372
C1245FC2
C124DE1D
C1255E82
C125E0F5
C1266576
C126EC05
C12774A3
C127FF4F
C1288C0A
C1291AD2
C129ABA5
C12A3E83
C12AD369
C12B6A55
C12C0344
C12C9E33
C12D3B1E
C12DDA00
C12E7AD7
C12F1D9D
C12FC24C
C13068E0
C1311153
C131BB9E
C13267BC
C13315A5
C133C552
C13476BC
C13529DC
C135DEA9
C136951C
C1374D2C
C13806D1
C138C202
C1397EB6
C13A3CE4
C13AFC84
C13BBD8A
C13C7FF0
C13D43AA
C13E08AF
C13ECEF7
C13F9676
C1405F23
C14128F6
C141F3E3
C142BFE1
C1438CE7
C1445AEB
C14529E4
C145F9C7
C146CA8B
C1479C27
C1486E91
C14941C1
C14A15AD
C14AEA4B
C14BBF94
C14C957E
C14D6C00
C14E4311
C14F1AAA
C14FF2C2
C150CB50
C151A44C
C1527DAF
C1535770
C1543187
C1550BED
C155E69B
C156C189
C1579CB0
C1587808
C159538B
C15A2F31
C15B0AF5
C15BE6CF
C15CC2B9
C15D9EAC
C15E7AA2
C15F5696
C1603280
C1610E5B
C161EA22
C162C5CF
C163A15B
C1647CC2
C16557FF
C166330B
C1670DE2
C167E880
C168C2DE
C1699CF8
C16A76CA
C16B504F
C16C2982
C16D0260
C16DDAE3
C16EB308
C16F8ACB
C1706227
C1713919
C1720F9E
C172E5B1
C173BB4F
C1749074
C175651F
C176394A
C1770CF3
C177E018
C178B2B5
C17984C7
C17A564D
C17B2743
C17BF7A8
C17CC778
C17D96B2
C17E6553
C17F335B
C1800063
C18066CA
C180CCE1
C18132A8
C181981E
C181FD42
C1826214
C182C693
C1832AC0
C1838E98
C183F21E
C184554F
C184B82B
C1851AB4
C1857CE8
C185DEC7
C1864052
C186A189
C187026B
C18762F9
C187C333
C188231A
C18882AD
C188E1EE
C18940DB
C1899F77
C189FDC2
C18A5BBB
C18AB964
C18B16BD
C18B73C7
C18BD082
C10FFC72
C110120A
C1102806
C1103E69
C1105536
C1106C6F
C1108418
C1109C33
C110B4C3
C110CDCB
C110E74F
C1110151
C1111BD4
C11136DC
C111526D
C1116E89
C1118B34
C111A871
C111C644
C111E4B1
C11203BB
C1122367
C11243B7
C11264B1
C1128657
C112A8AE
C112CBBA
C112EF80
C1131403
C1133949
C1135F55
C113862C
C113ADD2
C113D64D
C113FFA1
C11429D4
C11454E9
C11480E6
C114ADD0
C114DBAC
C1150A80
C1153A50
C1156B23
C1159CFE
C115CFE5
C11603E0
C11638F3
C1166F25
C116A67A
C116DEFA
C11718AA
C1175390
C1178FB2
C117CD17
C1180BC4
C1184BC0
C1188D10
C118CFBC
C11913CA
C119593F
C119A023
C119E87C
C11A324F
C11A7DA4
C11ACA81
C11B18ED
C11B68EC
C11BBA87
C11C0DC2
C11C62A5
C11CB935
C11D1179
C11D6B76
C11DC732
C11E24B4
C11E8400
C11EE51C
C11F480E
C11FACDA
C1201386
C1207C17
C120E692
C12152FA
C121C154
C12231A4
C122A3EE
C1231834
C1238E7C
C12406C6
C1248117
C124FD70
C1257BD3
C125FC42
C1267EBF
C1270349
C12789E3
C128128B
C1289D43
C1292A09
C129B8DD
C12A49BD
C12ADCA8
C12B719B
C12C0895
C12CA192
C12D3C90
C12DD98A
C12E787C
C12F1963
C12FBC3A
C13060FB
C13107A1
C131B027
C1325A86
C13306B7
C133B4B5
C1346478
C13515F9
C135C92F
C1367E15
C13734A0
C137ECCA
C138A689
C13961D5
C13A1EA5
C13ADCF0
C13B9CAE
C13C5DD4
C13D2059
C13DE434
C13EA95C
C13F6FC6
C1403769
C141003C
C141CA35
C142954A
C1436172
C1442EA2
C144FCD2
C145CBF7
C1469C08
C1476CFC
C1483EC9
C1491166
C149E4CA
C14AB8EB
C14B8DC1
C14C6342
C14D3966
C14E1024
C14EE773
C14FBF4B
C15097A3
C1517074
C15249B5
C153235E
C153FD67
C154D7C9
C155B27B
C1568D77
C15768B5
C158442D
C1591FD9
C159FBB2
C15AD7B1
C15BB3CE
C15C9005
C15D6C4D
C15E48A0
C15F24F9
C1600152
C160DDA3
C161B9E8
C162961A
C1637234
C1644E31
C1652A0A
C16605BB
C166E13E
C167BC8E
C16897A6
C1697282
C16A4D1C
C16B2770
C16C0178
C16CDB32
C16DB497
C16E8DA5
C16F6657
C1703EA8
C1711695
C171EE1A
C172C533
C1739BDC
C1747213
C17547D3
C1761D19
C176F1E2
C177C62B
C17899F0
C1796D30
C17A3FE7
C17B1212
C17BE3AF
C17CB4BC
C17D8536
C17E551A
C17F2468
C17FF31C
C180609B
C180C759
C1812DC8
C18193E7
C181F9B5
C1825F32
C182C45D
C1832935
C1838DBA
C183F1EC
C18455CB
C184B955
C1851C8B
C1857F6C
C185E1F9
C1864432
C186A615
C18707A4
C18768DE
C187C9C4
C1882A55
C1888A92
C188EA7C
C1894A12
C189A955
C18A0846
C18A66E4
C18AC530
C18B232C
C18B80D7
C18BDE32
C18C3B3D
C1109944
C110AEDD
C110C4D9
C110DB3C
C110F209
C1110943
C11120EC
C1113907
C1115198
C1116AA0
C1118424
C1119E26
C111B8AA
C111D3B3
C111EF44
C1120B60
C112280B
C1124549
C112631D
C112818A
C112A095
C112C041
C112E092
C113018C
C1132333
C113458B
C1136898
C1138C5E
C113B0E2
C113D628
C113FC35
C114230D
C1144AB4
C1147330
C1149C85
C114C6B8
C114F1CF
C1151DCD
C1154AB8
C1157895
C115A76A
C115D73C
C1160810
C11639EC
C1166CD5
C116A0D1
C116D5E6
C1170C19
C1174371
C1177BF2
C117B5A4
C117F08C
C1182CB0
C1186A17
C118A8C6
C118E8C4
C1192A17
C1196CC5
C119B0D5
C119F64D
C11A3D34
C11A858F
C11ACF66
C11B1ABE
C11B679E
C11BB60C
C11C060F
C11C57AD
C11CAAED
C11CFFD3
C11D5667
C11DAEAF
C11E08B0
C11E6471
C11EC1F7
C11F2148
C11F8269
C11FE560
C1204A32
C120B0E4
C121197B
C12183FB
C121F069
C1225ECA
C122CF20
C1234171
C123B5BF
C1242C0E
C124A460
C1251EB9
C1259B1A
C1261986
C12699FE
C1271C84
C127A118
C12827BC
C128B06F
C1293B31
C129C803
C12A56E2
C12AE7CE
C12B7AC5
C12C0FC6
C12CA6CD
C12D3FD8
C12DDAE3
C12E77EC
C12F16EE
C12FB7E5
C1305ACC
C130FF9F
C131A656
C1324EEE
C132F960
C133A5A5
C13453B7
C135038F
C135B525
C1366872
C1371D6F
C137D412
C1388C54
C139462D
C13A0193
C13ABE7F
C13B7CE6
C13C3CC1
C13CFE04
C13DC0A9
C13E84A4
C13F49ED
C1401079
C140D840
C141A137
C1426B55
C1433691
C14402E0
C144D03A
C1459E94
C1466DE4
C1473E23
C1480F45
C148E142
C149B410
C14A87A6
C14B5BFB
C14C3107
C14D06BF
C14DDD1C
C14EB414
C14F8B9F
C15063B5
C1513C4C
C152155E
C152EEE2
C153C8CF
C154A31F
C1557DC9
C15658C5
C157340D
C1580F99
C158EB62
C159C760
C15AA38D
C15B7FE1
C15C5C57
C15D38E8
C15E158C
C15EF23E
C15FCEF8
C160ABB3
C1618869
C1626515
C16341B1
C1641E37
C164FAA1
C165D6EA
C166B30D
C1678F05
C1686ACC
C169465D
C16A21B4
C16AFCCB
C16BD79E
C16CB229
C16D8C66
C16E6652
C16F3FE8
C1701924
C170F202
C171CA7E
C172A293
C1737A3F
C174517D
C175284A
C175FEA3
C176D483
C177A9E8
C1787ECF
C1795334
C17A2715
C17AFA6F
C17BCD3E
C17C9F81
C17D7135
C17E4257
C17F12E5
C17FE2DE
C180591F
C180C082
C1812797
C1818E5D
C181F4D4
C1825AFA
C182C0D0
C1832653
C1838B84
C183F063
C18454EE
C184B926
C1851D09
C1858098
C185E3D3
C18646B9
C186A94A
C1870B87
C1876D6E
C187CF00
C188303E
C1889127
C188F1BC
C18951FC
C189B1E8
C18A1181
C18A70C7
C18ACFBA
C18B2E5A
C18B8CA9
C18BEAA6
C18C4853
C18CA5B0
C111361B
C1114BB3
C11161B0
C1117813
C1118EE1
C111A61B
C111BDC4
C111D5DF
C111EE70
C1120779
C11220FD
C1123B00
C1125584
C112708D
C1128C1E
C112A83B
C112C4E7
C112E225
C112FFF9
C1131E67
C1133D72
C1135D1F
C1137D70
C1139E6B
C113C012
C113E26B
C1140578
C114293F
C1144DC4
C114730B
C1149919
C114BFF1
C114E79A
C1151016
C115396C
C11563A1
C1158EB8
C115BAB7
C115E7A3
C1161582
C1164458
C116742B
C116A500
C116D6DD
C11709C8
C1173DC5
C11772DC
C117A910
C117E06A
C11818ED
C11852A0
C1188D8A
C118C9B0
C1190719
C11945CA
C11985CA
C119C71F
C11A09D0
C11A4DE2
C11A935D
C11ADA46
C11B22A4
C11B6C7D
C11BB7D8
C11C04BC
C11C532D
C11CA334
C11CF4D5
C11D4818
C11D9D02
C11DF39A
C11E4BE6
C11EA5EB
C11F01B0
C11F5F3B
C11FBE90
C1201FB6
C12082B2
C120E789
C1214E40
C121B6DD
C1222163
C1228DD7
C122FC3E
C1236C9B
C123DEF3
C1245348
C124C99E
C12541F8
C125BC58
C12638C1
C126B736
C12737B7
C127BA45
C1283EE3
C128C590
C1294E4D
C129D91A
C12A65F6
C12AF4E1
C12B85D8
C12C18DC
C12CADE8
C12D44FD
C12DDE15
C12E792E
C12F1646
C12FB557
C130565D
C130F954
C1319E37
C1324500
C132EDA9
C133982D
C1344485
C134F2AB
C135A297
C1365442
C13707A5
C137BCB7
C1387372
C1392BCC
C139E5BE
C13AA13E
C13B5E44
C13C1CC6
C13CDCBD
C13D9E1E
C13E60E0
C13F24FB
C13FEA63
C140B111
C14178FA
C1424214
C1430C57
C143D7B8
C144A42E
C14571B0
C1464033
C1470FAE
C147E018
C148B167
C1498392
C14A5690
C14B2A57
C14BFEDF
C14CD41F
C14DAA0D
C14E80A1
C14F57D1
C1502F97
C15107E9
C151E0BE
C152BA0F
C15393D4
C1546E05
C1554899
C1562389
C156FECE
C157DA60
C158B638
C159924F
C15A6E9D
C15B4B1C
C15C27C5
C15D0491
C15DE17A
C15EBE78
C15F9B87
C160789F
C16155BB
C16232D4
C1630FE5
C163ECE8
C164C9D7
C165A6AD
C1668364
C1675FF7
C1683C61
C169189D
C169F4A5
C16AD074
C16BAC07
C16C8758
C16D6262
C16E3D22
C16F1792
C16FF1AE
C170CB72
C171A4DB
C1727DE3
C1735687
C1742EC4
C1750695
C175DDF6
C176B4E6
C1778B5F
C178615E
C17936E1
C17A0BE4
C17AE065
C17BB460
C17C87D2
C17D5ABA
C17E2D13
C17EFEDD
C17FD013
C180505B
C180B860
C1812019
C1818785
C181EEA2
C1825570
C182BBEE
C183221C
C18387F8
C183ED82
C18452B9
C184B79D
C1851C2E
C185806B
C185E453
C18647E7
C186AB27
C1870E11
C18770A6
C187D2E6
C18834D1
C1889667
C188F7A8
C1895895
C189B92C
C18A196F
C18A795F
C18AD8FA
C18B3842
C18B9737
C18BF5DA
C18C542B
C18CB22A
C18D0FD9
C111D2F5
C111E88E
C111FE8A
C11214EE
C1122BBC
C11242F6
C1125A9F
C11272BB
C1128B4C
C112A455
C112BDDA
C112D7DD
C112F261
C1130D6B
C11328FC
C1134519
C11361C5
C1137F04
C1139CD9
C113BB47
C113DA53
C113FA00
C1141A52
C1143B4D
C1145CF5
C1147F4E
C114A25C
C114C624
C114EAAA
C1150FF1
C1153600
C1155CD9
C1158482
C115AD00
C115D657
C116008C
C1162BA4
C11657A4
C1168491
C116B271
C116E148
C117111D
C11741F3
C11773D2
C117A6BD
C117DABC
C1180FD4
C118460A
C1187D65
C118B5EA
C118EF9F
C1192A8B
C11966B3
C119A41D
C119E2D0
C11A22D2
C11A642A
C11AA6DD
C11AEAF1
C11B306E
C11B775A
C11BBFBB
C11C0997
C11C54F5
C11CA1DB
C11CF04F
C11D4059
C11D91FE
C11DE544
C11E3A32
C11E90CD
C11EE91D
C11F4326
C11F9EF0
C11FFC7E
C1205BD8
C120BD03
C1212004
C12184E0
C121EB9C
C122543E
C122BECA
C1232B44
C12399B1
C1240A14
C1247C72
C124F0CE
C125672B
C125DF8C
C12659F4
C126D665
C12754E2
C127D56B
C1285802
C128DCA9
C1296360
C129EC27
C12A76FD
C12B03E4
C12B92D9
C12C23DC
C12CB6EB
C12D4C04
C12DE325
C12E7C4A
C12F1771
C12FB496
C13053B5
C130F4CB
C13197D1
C1323CC4
C132E39D
C1338C58
C13436EE
C134E358
C1359190
C1364190
C136F350
C137A6C7
C1385BF0
C13912C1
C139CB32
C13A853C
C13B40D5
C13BFDF4
C13CBC91
C13D7CA3
C13E3E20
C13F0100
C13FC538
C1408AC0
C141518E
C1421998
C142E2D5
C143AD3B
C14478C1
C145455C
C1461304
C146E1AF
C147B154
C14881E8
C1495363
C14A25BB
C14AF8E8
C14BCCDF
C14CA198
C14D770A
C14E4D2C
C14F23F6
C14FFB5E
C150D35C
C151ABE8
C15284FA
C1535E89
C154388D
C15512FF
C155EDD6
C156C90B
C157A497
C1588071
C1595C94
C15A38F7
C15B1593
C15BF262
C15CCF5D
C15DAC7D
C15E89BC
C15F6713
C160447C
C16121F1
C161FF6B
C162DCE5
C163BA59
C16497C1
C1657517
C1665257
C1672F7A
C1680C7B
C168E955
C169C603
C16AA27F
C16B7EC6
C16C5AD2
C16D369E
C16E1226
C16EED65
C16FC857
C170A2F8
C1717D43
C1725733
C17330C6
C17409F7
C174E2C3
C175BB24
C1769319
C1776A9D
C17841AD
C1791845
C179EE63
C17AC402
C17B9921
C17C6DBB
C17D41CF
C17E1559
C17EE857
C17FBAC7
C1804652
C180AEF8
C1811752
C1817F61
C181E722
C1824E96
C182B5BB
C1831C91
C1838316
C183E94A
C1844F2C
C184B4BD
C18519FA
C1857EE4
C185E37A
C18647BC
C186ABA9
C1870F41
C1877285
C187D574
C188380D
C1889A51
C188FC3F
C1895DD9
C189BF1D
C18A200C
C18A80A7
C18AE0EC
C18B40DE
C18BA07C
C18BFFC6
C18C5EBE
C18CBD63
C18D1BB5
C18D79B7
C1126FD3
C112856B
C1129B68
C112B1CC
C112C89A
C112DFD5
C112F77E
C1130F9A
C113282C
C1134135
C1135ABA
C11374BD
C1138F42
C113AA4C
C113C5DE
C113E1FB
C113FEA8
C1141BE7
C11439BC
C114582B
C1147737
C11496E4
C114B737
C114D833
C114F9DB
C1151C35
C1153F44
C115630C
C1158792
C115ACDB
C115D2EA
C115F9C4
C116216E
C11649EC
C1167344
C1169D7A
C116C893
C116F494
C1172182
C1174F63
C1177E3C
C117AE11
C117DEE9
C11810C8
C11843B6
C11877B6
C118ACCF
C118E307
C1191A63
C11952E9
C1198CA0
C119C78D
C11A03B7
C11A4123
C11A7FD9
C11ABFDD
C11B0136
C11B43EB
C11B8802
C11BCD82
C11C1470
C11C5CD3
C11CA6B2
C11CF212
C11D3EFB
C11D8D73
C11DDD7F
C11E2F27
C11E8271
C11ED762
C11F2E01
C11F8655
C11FE062
C1203C2F
C12099C2
C120F920
C1215A50
C121BD55
C1222236
C12288F7
C122F19E
C1235C30
C123C8AF
C1243722
C124A78B
C12519F0
C1258E52
C12604B6
C1267D1E
C126F78D
C1277406
C127F28A
C128731C
C128F5BC
C1297A6B
C12A012B
C12A89FB
C12B14DC
C12BA1CC
C12C30CC
C12CC1DA
C12D54F4
C12DEA19
C12E8145
C12F1A77
C12FB5AB
C13052DE
C130F20B
C131932F
C1323644
C132DB46
C1338230
C1342AFB
C134D5A2
C135821E
C1363069
C136E07B
C137924E
C13845DB
C138FB18
C139B1FF
C13A6A87
C13B24A7
C13BE058
C13C9D91
C13D5C48
C13E1C74
C13EDE0D
C13FA109
C140655E
C1412B04
C141F1F1
C142BA1B
C1438379
C1444E02
C14519AB
C145E66B
C146B439
C147830A
C14852D7
C1492394
C149F53A
C14AC7BE
C14B9B17
C14C6F3D
C14D4426
C14E19CA
C14EF01F
C14FC71C
C1509EBA
C15176F0
C1524FB5
C1532901
C15402CC
C154DD0E
C155B7BF
C15692D8
C1576E50
C1584A20
C1592642
C15A02AD
C15ADF5A
C15BBC43
C15C9960
C15D76AB
C15E541D
C15F31B0
C1600F5E
C160ED1F
C161CAEE
C162A8C5
C163869E
C1646473
C165423E
C1661FF9
C166FDA0
C167DB2D
C168B899
C16995E2
C16A7300
C16B4FEF
C16C2CAA
C16D092D
C16DE573
C16EC176
C16F9D33
C17078A5
C17153C7
C1722E96
C173090E
C173E329
C174BCE5
C175963D
C1766F2E
C17747B3
C1781FCA
C178F76F
C179CE9E
C17AA554
C17B7B8E
C17C5149
C17D2682
C17DFB35
C17ECF61
C17FA302
C1803B0B
C180A44D
C1810D46
C18175F5
C181DE58
C1824670
C182AE39
C18315B5
C1837CE2
C183E3BE
C1844A4A
C184B085
C185166D
C1857C03
C185E146
C1864635
C186AAD1
C1870F17
C1877309
C187D6A6
C18839EE
C1889CE0
C188FF7D
C18961C5
C189C3B7
C18A2553
C18A869B
C18AE78D
C18B482A
C18BA873
C18C0867
C18C6807
C18CC754
C18D264D
C18D84F4
C18DE348
C1130CB4
C113224D
C113384A
C1134EAE
C113657C
C1137CB7
C1139461
C113AC7D
C113C50E
C113DE18
C113F79D
C11411A1
C1142C26
C1144730
C11462C2
C1147EE0
C1149B8D
C114B8CD
C114D6A2
C114F511
C115141E
C11533CC
C115541F
C115751B
C11596C4
C115B91F
C115DC2E
C115FFF7
C116247E
C11649C7
C1166FD7
C11696B2
C116BE5C
C116E6DC
C1171034
C1173A6B
C1176585
C1179187
C117BE76
C117EC58
C1181B32
C1184B08
C1187BE1
C118ADC2
C118E0B0
C11914B2
C11949CC
C1198006
C119B763
C119EFEB
C11A29A4
C11A6493
C11AA0BE
C11ADE2C
C11B1CE3
C11B5CE9
C11B9E45
C11BE0FC
C11C2515
C11C6A97
C11CB187
C11CF9ED
C11D43CE
C11D8F31
C11DDC1D
C11E2A97
C11E7AA7
C11ECC52
C11F1F9F
C11F7493
C11FCB36
C120238D
C1207D9E
C120D96F
C1213706
C1219668
C121F79C
C1225AA6
C122BF8B
C1232652
C1238EFE
C123F994
C1246619
C124D492
C1254501
C125B76B
C1262BD4
C126A23E
C1271AAD
C1279524
C12811A4
C1289030
C12910C9
C1299371
C12A1829
C12A9EF1
C12B27CB
C12BB2B5
C12C3FAF
C12CCEB9
C12D5FD2
C12DF2F7
C12E8827
C12F1F5F
C12FB89D
C13053DD
C130F11D
C1319058
C1323189
C132D4AD
C13379BE
C13420B7
C134C992
C135744A
C13620D7
C136CF34
C1377F59
C138313F
C138E4DF
C1399A31
C13A512D
C13B09CA
C13BC401
C13C7FCA
C13D3D1A
C13DFBEA
C13EBC30
C13F7DE3
C14040FB
C141056D
C141CB30
C142923B
C1435A84
C1442403
C144EEAC
C145BA78
C146875B
C147554D
C1482445
C148F438
C149C51E
C14A96ED
C14B699B
C14C3D21
C14D1174
C14DE68B
C14EBC5F
C14F92E5
C1506A15
C15141E8
C1521A53
C152F350
C153CCD5
C154A6DA
C1558159
C1565C48
C15737A0
C1581359
C158EF6D
C159CBD3
C15AA884
C15B857A
C15C62AD
C15D4017
C15E1DB1
C15EFB73
C15FD959
C160B75A
C1619572
C1627399
C16351CB
C1643000
C1650E34
C165EC60
C166CA7E
C167A88A
C168867E
C1696455
C16A4209
C16B1F95
C16BFCF5
C16CDA23
C16DB71A
C16E93D7
C16F7054
C1704C8C
C171287C
C172041E
C172DF6F
C173BA6B
C174950D
C1756F51
C1764934
C17722B2
C177FBC6
C178D46E
C179ACA6
C17A846A
C17B5BB7
C17C328A
C17D08E0
C17DDEB5
C17EB407
C17F88D2
C1802E8A
C1809866
C18101FA
C1816B46
C181D449
C1823D01
C182A56D
C1830D8C
C183755E
C183DCE1
C1844415
C184AAF8
C185118B
C18577CC
C185DDBA
C1864356
C186A89E
C1870D92
C1877232
C187D67D
C1883A74
C1889E15
C1890161
C1896457
C189C6F8
C18A2942
C18A8B38
C18AECD7
C18B4E22
C18BAF16
C18C0FB6
C18C7001
C18CCFF8
C18D2F9A
C18D8EE9
C18DEDE5
C18E4C8D
C113A998
C113BF31
C113D52E
C113EB93
C1140261
C114199C
C1143146
C1144962
C11461F4
C1147AFE
C1149484
C114AE88
C114C90D
C114E417
C114FFAA
C1151BC8
C1153876
C11555B5
C115738B
C11591FB
C115B108
C115D0B7
C115F10A
C1161207
C11633B1
C116560B
C116791B
C1169CE5
C116C16D
C116E6B6
C1170CC7
C11733A2
C1175B4E
C11783CE
C117AD27
C117D75F
C118027A
C1182E7D
C1185B6D
C1188950
C118B82A
C118E802
C11918DC
C1194ABE
C1197DAD
C119B1B0
C119E6CC
C11A1D07
C11A5466
C11A8CEF
C11AC6A9
C11B019A
C11B3DC7
C11B7B37
C11BB9EF
C11BF9F7
C11C3B55
C11C7E0E
C11CC229
C11D07AD
C11D4EA0
C11D9708
C11DE0EB
C11E2C51
C11E7940
C11EC7BD
C11F17CF
C11F697D
C11FBCCD
C12011C5
C120686B
C120C0C5
C1211ADA
C12176AF
C121D44A
C12233B0
C12294E8
C122F7F6
C1235CE0
C123C3AB
C1242C5C
C12496F8
C1250382
C1257200
C125E275
C12654E5
C126C954
C1273FC5
C127B83A
C12832B7
C128AF3F
C1292DD2
C129AE73
C12A3123
C12AB5E3
C12B3CB4
C12BC596
C12C5089
C12CDD8D
C12D6CA1
C12DFDC3
C12E90F3
C12F262E
C12FBD71
C13056BB
C130F208
C1318F54
C1322E9B
C132CFDA
C133730C
C134182C
C134BF34
C135681F
C13612E6
C136BF84
C1376DF2
C1381E29
C138D021
C13983D4
C13A393A
C13AF04A
C13BA8FD
C13C634A
C13D1F29
C13DDC91
C13E9B78
C13F5BD8
C1401DA5
C140E0D7
C141A564
C1426B44
C143326C
C143FAD4
C144C471
C1458F3B
C1465B28
C147282E
C147F644
C148C560
C1499579
C14A6685
C14B387C
C14C0B54
C14CDF04
C14DB383
C14E88C8
C14F5ECA
C1503580
C1510CE2
C151E4E7
C152BD87
C15396B9
C1547076
C1554AB4
C156256D
C1570099
C157DC2F
C158B828
C159947D
C15A7126
C15B4E1C
C15C2B59
C15D08D5
C15DE689
C15EC46F
C15FA280
C16080B6
C1615F0A
C1623D76
C1631BF4
C163FA7E
C164D90E
C165B79E
C1669629
C16774A8
C1685318
C1693171
C16A0FAF
C16AEDCD
C16BCBC5
C16CA993
C16D8731
C16E649B
C16F41CD
C1701EC0
C170FB72
C171D7DD
C172B3FE
C1738FCF
C1746B4D
C1754673
C176213E
C176FBAA
C177D5B2
C178AF54
C179888B
C17A6154
C17B39AB
C17C118D
C17CE8F7
C17DBFE5
C17E9655
C17F6C44
C18020D7
C1808B48
C180F574
C1815F5A
C181C8F8
C182324E
C1829B5A
C183041A
C1836C8F
C183D4B6
C1843C8F
C184A41A
C1850B54
C185723E
C185D8D7
C1863F1E
C186A512
C1870AB3
C1877000
C187D4F9
C188399E
C1889DEE
C18901E8
C189658E
C189C8DD
C18A2BD7
C18A8E7B
C18AF0C9
C18B52C2
C18BB464
C18C15B1
C18C76A9
C18CD74B
C18D3799
C18D9791
C18DF736
C18E5687
C18EB584
C114467F
C1145C18
C1147216
C114887B
C1149F49
C114B684
C114CE2E
C114E64B
C114FEDD
C11517E8
C115316D
C1154B71
C11565F7
C1158102
C1159C95
C115B8B3
C115D561
C115F2A1
C1161078
C1162EE8
C1164DF5
C1166DA4
C1168DF8
C116AEF5
C116D0A0
C116F2FB
C117160C
C11739D6
C1175E5E
C11783A8
C117A9B9
C117D096
C117F842
C11820C3
C1184A1D
C1187455
C1189F71
C118CB75
C118F866
C119264A
C1195525
C11984FE
C119B5D9
C119E7BC
C11A1AAD
C11A4EB1
C11A83CE
C11ABA0A
C11AF16A
C11B29F5
C11B63B1
C11B9EA3
C11BDAD1
C11C1843
C11C56FD
C11C9707
C11CD866
C11D1B22
C11D5F3F
C11DA4C5
C11DEBBA
C11E3424
C11E7E0A
C11EC972
C11F1663
C11F64E3
C11FB4F8
C12006A9
C12059FC
C120AEF7
C12105A0
C1215DFE
C121B816
C12213EF
C122718D
C122D0F8
C1233233
C1239546
C123FA34
C1246104
C124C9BA
C125345A
C125A0EA
C1260F6D
C1267FE7
C126F25D
C12766D2
C127DD49
C12855C5
C128D048
C1294CD6
C129CB70
C12A4C19
C12ACED0
C12B5398
C12BDA71
C12C635C
C12CEE58
C12D7B65
C12E0A82
C12E9BAF
C12F2EE9
C12FC42E
C1305B7D
C130F4D2
C131902A
C1322D82
C132CCD7
C1336E23
C1341162
C134B690
C1355DA6
C13606A0
C136B177
C1375E25
C1380CA4
C138BCEC
C1396EF6
C13A22BC
C13AD834
C13B8F58
C13C4820
C13D0282
C13DBE77
C13E7BF5
C13F3AF4
C13FFB6B
C140BD51
C141809D
C1424545
C1430B40
C143D285
C1449B0A
C14564C6
C1462FAF
C146FBBC
C147C8E4
C148971C
C149665B
C14A3699
C14B07CB
C14BD9E9
C14CACE9
C14D80C3
C14E556C
C14F2ADD
C150010C
C150D7F1
C151AF83
C15287BA
C153608D
C15439F3
C15513E6
C155EE5C
C156C94E
C157A4B4
C1588086
C1595CBD
C15A3952
C15B163D
C15BF376
C15CD0F8
C15DAEBB
C15E8CB8
C15F6AE8
C1604946
C16127CA
C162066E
C162E52D
C163C3FF
C164A2E0
C16581C8
C16660B3
C1673F9A
C1681E79
C168FD49
C169DC06
C16ABAA9
C16B992F
C16C7791
C16D55CA
C16E33D7
C16F11B2
C16FEF56
C170CCBF
C171A9E8
C17286CC
C1736368
C1743FB7
C1751BB5
C175F75E
C176D2AE
C177ADA0
C1788831
C179625E
C17A3C22
C17B1579
C17BEE62
C17CC6D7
C17D9ED6
C17E765C
C17F4D65
C18011F7
C1807CFA
C180E7BA
C1815237
C181BC6D
C182265D
C1829005
C182F964
C1836278
C183CB41
C18433BE
C1849BEC
C18503CD
C1856B5E
C185D29F
C1863990
C186A02F
C187067B
C1876C75
C187D21B
C188376D
C1889C6B
C1890114
C1896568
C189C967
C18A2D10
C18A9063
C18AF360
C18B5607
C18BB859
C18C1A54
C18C7BF9
C18CDD49
C18D3E43
C18D9EE8
C18DFF38
C18E5F33
C18EBEDA
C18F1E2C
C114E369
C114F903
C1150F01
C1152565
C1153C34
C115536F
C1156B1A
C1158337
C1159BC9
C115B4D4
C115CE5A
C115E85E
C11602E4
C1161DEF
C1163983
C11655A1
C116724F
C1168F90
C116AD67
C116CBD7
C116EAE5
C1170A95
C1172AE9
C1174BE7
C1176D91
C1178FED
C117B2FE
C117D6C9
C117FB52
C118209D
C11846AF
C1186D8B
C1189538
C118BDBA
C118E715
C119114E
C1193C6B
C119686F
C1199561
C119C346
C119F222
C11A21FC
C11A52D8
C11A84BC
C11AB7AE
C11AEBB4
C11B20D2
C11B570F
C11B8E71
C11BC6FD
C11C00BA
C11C3BAE
C11C77DE
C11CB551
C11CF40D
C11D3419
C11D757A
C11DB837
C11DFC56
C11E41DE
C11E88D5
C11ED142
C11F1B2A
C11F6695
C11FB388
C120020B
C1205222
C120A3D6
C120F72C
C1214C2A
C121A2D6
C121FB37
C1225553
C122B12F
C1230ED1
C1236E3F
C123CF7F
C1243295
C1249788
C124FE5C
C1256716
C125D1BB
C1263E50
C126ACD8
C1271D58
C1278FD3
C128044D
C1287ACA
C128F34C
C1296DD6
C129EA6B
C12A690C
C12AE9BB
C12B6C7A
C12BF14A
C12C782B
C12D011E
C12D8C23
C12E1938
C12EA85F
C12F3995
C12FCCD8
C1306228
C130F981
C13192E1
C1322E45
C132CBA9
C1336B0A
C1340C62
C134AFAF
C13554EA
C135FC0F
C136A517
C1374FFD
C137FCBB
C138AB49
C1395BA2
C13A0DBE
C13AC195
C13B7720
C13C2E58
C13CE733
C13DA1A9
C13E5DB3
C13F1B47
C13FDA5D
C1409AEC
C1415CEA
C142204F
C142E511
C143AB27
C1447287
C1453B29
C1460502
C146D009
C1479C36
C148697D
C14937D7
C14A0739
C14AD79A
C14BA8F1
C14C7B35
C14D4E5C
C14E225E
C14EF731
C14FCCCC
C150A327
C1517A3A
C15251FA
C1532A61
C1540365
C154DCFF
C155B726
C15691D2
C1576CFC
C158489B
C15924A8
C15A011B
C15ADDEE
C15BBB18
C15C9894
C15D7659
C15E5460
C15F32A4
C160111D
C160EFC6
C161CE96
C162AD89
C1638C98
C1646BBD
C1654AF2
C1662A31
C1670974
C167E8B7
C168C7F2
C169A721
C16A863F
C16B6546
C16C4430
C16D22FA
C16E019E
C16EE017
C16FBE60
C1709C74
C1717A50
C17257EE
C173354A
C174125F
C174EF2A
C175CBA6
C176A7CF
C17783A1
C1785F17
C1793A2F
C17A14E5
C17AEF34
C17BC919
C17CA290
C17D7B97
C17E5429
C17F2C44
C18001F2
C1806D83
C180D8D4
C18143E2
C181AEAE
C1821934
C1828375
C182ED6F
C1835720
C183C087
C18429A4
C1849275
C184FAF9
C185632F
C185CB17
C18632AF
C18699F6
C18700EC
C1876791
C187CDE3
C18833E1
C188998D
C188FEE3
C18963E6
C189C893
C18A2CEB
C18A90EE
C18AF49A
C18B57F1
C18BBAF2
C18C1D9C
C18C7FF0
C18CE1EF
C18D4397
C18DA4E9
C18E05E6
C18E668D
C18EC6DF
C18F26DC
C18F8685
C1158056
C11595F0
C115ABEE
C115C253
C115D922
C115F05D
C1160808
C1162025
C11638B8
C11651C3
C1166B49
C116854E
C1169FD4
C116BADF
C116D673
C116F292
C1170F40
C1172C81
C1174A58
C11768C9
C11787D8
C117A788
C117C7DD
C117E8DB
C1180A86
C1182CE2
C1184FF4
C11873BF
C1189848
C118BD94
C118E3A6
C1190A84
C1193231
C1195AB4
C119840F
C119AE49
C119D967
C11A056C
C11A325F
C11A6045
C11A8F22
C11ABEFC
C11AEFDA
C11B21BF
C11B54B2
C11B88B8
C11BBDD8
C11BF416
C11C2B79
C11C6407
C11C9DC5
C11CD8BA
C11D14EC
C11D5261
C11D911E
C11DD12C
C11E128F
C11E554D
C11E996F
C11EDEF9
C11F25F2
C11F6E60
C11FB84B
C12003B8
C12050AE
C1209F33
C120EF4D
C1214103
C121945C
C121E95D
C122400C
C1229870
C122F28F
C1234E6F
C123AC14
C1240B86
C1246CCA
C124CFE4
C12534DB
C1259BB3
C1260472
C1266F1B
C126DBB5
C1274A42
C127BAC6
C1282D47
C128A1C7
C129184A
C12990D2
C12A0B62
C12A87FD
C12B06A5
C12B875B
C12C0A21
C12C8EF8
C12D15E1
C12D9EDB
C12E29E8
C12EB707
C12F4636
C12FD775
C1306AC2
C131001C
C131977F
C13230EA
C132CC59
C13369C8
C1340934
C134AA99
C1354DF3
C135F33B
C1369A6D
C1374383
C137EE78
C1389B45
C13949E3
C139FA4C
C13AAC79
C13B6061
C13C15FE
C13CCD48
C13D8636
C13E40C1
C13EFCDF
C13FBA88
C14079B4
C1413A5A
C141FC6F
C142BFEC
C14384C7
C1444AF7
C1451272
C145DB2F
C146A525
C147704A
C1483C95
C14909FC
C149D876
C14AA7F9
C14B787D
C14C49F7
C14D1C60
C14DEFAD
C14EC3D6
C14F98D1
C1506E96
C151451C
C1521C5A
C152F448
C153CCDE
C154A612
C1557FDD
C1565A37
C1573518
C1581078
C158EC4E
C159C894
C15AA543
C15B8252
C15C5FBA
C15D3D75
C15E1B7C
C15EF9C7
C15FD850
C160B710
C1619601
C162751D
C163545C
C16433BA
C165132F
C165F2B6
C166D24A
C167B1E4
C168917F
C1697115
C16A50A1
C16B301E
C16C0F86
C16CEED4
C16DCE03
C16EAD0F
C16F8BF1
C1706AA6
C1714929
C1722776
C1730586
C173E357
C174C0E4
C1759E29
C1767B20
C17757C7
C1783419
C1791013
C179EBAF
C17AC6EB
C17BA1C3
C17C7C33
C17D5638
C17E2FCE
C17F08F1
C17FE19F
C1805CEA
C180C8C7
C1813464
C1819FC0
C1820ADA
C18275B0
C182E041
C1834A8B
C183B48E
C1841E48
C18487B8
C184F0DC
C18559B5
C185C240
C1862A7D
C186926C
C186FA0A
C1876157
C187C853
C1882EFD
C1889554
C188FB58
C1896108
C189C663
C18A2B6A
C18A901C
C18AF477
C18B587E
C18BBC2E
C18C1F88
C18C828C
C18CE539
C18D4790
C18DA991
C18E0B3C
C18E6C91
C18ECD90
C18F2E39
C18F8E8D
C18FEE8C
C1161D46
C11632E0
C11648DE
C1165F43
C1167612
C1168D4E
C116A4F9
C116BD16
C116D5A9
C116EEB4
C117083B
C1172240
C1173CC6
C11757D2
C1177366
C1178F85
C117AC34
C117C975
C117E74D
C11805BE
C11824CD
C118447D
C11864D2
C11885D1
C118A77D
C118C9D9
C118ECEC
C11910B8
C1193541
C1195A8D
C11980A0
C119A77F
C119CF2D
C119F7B0
C11A210C
C11A4B47
C11A7665
C11AA26B
C11ACF5F
C11AFD45
C11B2C24
C11B5BFF
C11B8CDD
C11BBEC4
C11BF1B8
C11C25BF
C11C5AE0
C11C911F
C11CC884
C11D0113
C11D3AD2
C11D75C9
C11DB1FC
C11DEF72
C11E2E31
C11E6E40
C11EAFA5
C11EF265
C11F3688
C11F7C14
C11FC30F
C1200B80
C120556D
C120A0DC
C120EDD4
C1213C5C
C1218C79
C121DE31
C122318D
C1228690
C122DD43
C12335AA
C1238FCC
C123EBAE
C1244957
C124A8CD
C1250A14
C1256D32
C125D22D
C1263909
C126A1CC
C1270C7A
C1277918
C127E7AA
C1285834
C128CAB9
C1293F3F
C129B5C7
C12A2E55
C12AA8EB
C12B258C
C12BA43A
C12C24F7
C12CA7C4
C12D2CA2
C12DB392
C12E3C95
C12EC7AA
C12F54D0
C12FE408
C1307550
C13108A6
C1319E09
C1323577
C132CEEC
C1336A65
C13407E0
C134A757
C13548C8
C135EC2E
C1369183
C13738C2
C137E1E6
C1388CE9
C13939C4
C139E871
C13A98EA
C13B4B27
C13BFF20
C13CB4CE
C13D6C2A
C13E252B
C13EDFC9
C13F9BFB
C14059B9
C14118FA
C141D9B5
C1429BE1
C1435F76
C1442469
C144EAB2
C145B247
C1467B1F
C1474530
C1481072
C148DCDA
C149AA60
C14A78F9
C14B489D
C14C1942
C14CEADF
C14DBD6B
C14E90DD
C14F652C
C1503A4E
C151103B
C151E6EB
C152BE54
C153966E
C1546F31
C1554894
C1562290
C156FD1B
C157D82F
C158B3C3
C1598FD0
C15A6C4E
C15B4935
C15C267F
C15D0424
C15DE21D
C15EC064
C15F9EF0
C1607DBD
C1615CC2
C1623BFA
C1631B5E
C163FAE8
C164DA93
C165BA57
C1669A2F
C1677A15
C1685A04
C16939F5
C16A19E4
C16AF9CB
C16BD9A5
C16CB96C
C16D991B
C16E78AE
C16F581F
C1703769
C1711688
C171F577
C172D432
C173B2B3
C17490F7
C1756EF9
C1764CB5
C1772A26
C1780749
C178E419
C179C093
C17A9CB2
C17B7873
C17C53D2
C17D2ECB
C17E095A
C17EE37D
C17FBD30
C1804B38
C180B79C
C18123C3
C1818FAC
C181FB55
C18266BC
C182D1E1
C1833CC1
C183A75B
C18411AF
C1847BBA
C184E57D
C1854EF5
C185B821
C1862101
C1868993
C186F1D7
C18759CB
C187C170
C18828C3
C1888FC4
C188F674
C1895CD0
C189C2D8
C18A288D
C18A8DEC
C18AF2F7
C18B57AD
C18BBC0C
C18C2016
C18C83C9
C18CE727
C18D4A2E
C18DACDE
C18E0F38
C18E713B
C18ED2E9
C18F3440
C18F9541
C18FF5EC
C1905642
C116BA39
C116CFD3
C116E5D1
C116FC36
C1171305
C1172A41
C11741ED
C1175A0A
C117729D
C1178BA8
C117A52F
C117BF34
C117D9BB
C117F4C7
C118105B
C1182C7B
C118492A
C118666C
C1188444
C118A2B5
C118C1C4
C118E175
C11901CB
C11922CA
C1194476
C11966D3
C11989E6
C119ADB2
C119D23D
C119F789
C11A1D9D
C11A447C
C11A6C2A
C11A94AE
C11ABE0B
C11AE846
C11B1365
C11B3F6C
C11B6C61
C11B9A48
C11BC927
C11BF904
C11C29E3
C11C5BCA
C11C8EBF
C11CC2C8
C11CF7EA
C11D2E2A
C11D6590
C11D9E20
C11DD7E1
C11E12D9
C11E4F0D
C11E8C85
C11ECB46
C11F0B56
C11F4CBC
C11F8F7F
C11FD3A4
C1201931
C120602E
C120A8A1
C120F290
C1213E01
C1218AFB
C121D985
C12229A5
C1227B60
C122CEBE
C12323C4
C1237A79
C123D2E3
C1242D08
C12488EE
C124E69B
C1254613
C125A75E
C1260A80
C1266F7F
C126D65F
C1273F26
C127A9D8
C128167A
C1288511
C128F59F
C129682A
C129DCB4
C12A5342
C12ACBD5
C12B4671
C12BC318
C12C41CD
C12CC290
C12D4563
C12DCA49
C12E5140
C12EDA4A
C12F6566
C12FF295
C13081D5
C1311326
C131A685
C1323BF1
C132D368
C1336CE7
C134086B
C134A5F0
C1354573
C135E6EF
C1368A60
C1372FC1
C137D70D
C138803F
C1392B4F
C139D838
C13A86F5
C13B377C
C13BE9C9
C13C9DD2
C13D5391
C13E0AFE
C13EC411
C13F7EC1
C1403B07
C140F8D9
C141B82E
C14278FF
C1433B41
C143FEEC
C144C3F7
C1458A58
C1465206
C1471AF8
C147E525
C148B082
C1497D07
C14A4AA9
C14B1961
C14BE925
C14CB9EA
C14D8BA9
C14E5E58
C14F31ED
C1500660
C150DBA9
C151B1BD
C1528895
C1536028
C154386D
C155115C
C155EAED
C156C517
C1579FD3
C1587B18
C15956DF
C15A3320
C15B0FD4
C15BECF4
C15CCA77
C15DA857
C15E868C
C15F6511
C16043DE
C16122EB
C1620234
C162E1B2
C163C15D
C164A130
C1658125
C1666136
C167415C
C1682193
C16901D5
C169E21B
C16AC261
C16BA2A0
C16C82D5
C16D62F9
C16E4307
C16F22FB
C17002CF
C170E280
C171C207
C172A160
C1738087
C1745F77
C1753E2B
C1761CA0
C176FAD1
C177D8BA
C178B656
C17993A2
C17A709A
C17B4D3A
C17C297D
C17D0560
C17DE0E0
C17EBBF9
C17F96A8
C1803874
C180A55B
C1811208
C1817E79
C181EAAD
C18256A1
C182C255
C1832DC7
C18398F5
C18403DF
C1846E83
C184D8DF
C18542F3
C185ACBE
C186163D
C1867F71
C186E858
C18750F1
C187B93B
C1882136
C18888E0
C188F038
C189573F
C189BDF3
C18A2454
C18A8A61
C18AF01A
C18B557E
C18BBA8D
C18C1F46
C18C83A9
C18CE7B6
C18D4B6D
C18DAECD
C18E11D7
C18E748A
C18ED6E7
C18F38ED
C18F9A9C
C18FFBF6
C1905CF9
C190BDA6
C117572E
C1176CC8
C11782C6
C117992C
C117AFFB
C117C737
C117DEE2
C117F700
C1180F94
C118289F
C1184226
C1185C2B
C11876B3
C11891BF
C118AD53
C118C973
C118E623
C1190365
C119213D
C1193FAF
C1195EBE
C1197E6F
C1199EC6
C119BFC5
C119E171
C11A03CF
C11A26E2
C11A4AAF
C11A6F3A
C11A9487
C11ABA9B
C11AE17B
C11B092A
C11B31AE
C11B5B0C
C11B8548
C11BB068
C11BDC70
C11C0965
C11C374D
C11C662D
C11C960A
C11CC6EA
C11CF8D3
C11D2BC9
C11D5FD2
C11D94F5
C11DCB37
C11E029D
C11E3B2F
C11E74F1
C11EAFEA
C11EEC20
C11F2999
C11F685B
C11FA86D
C11FE9D5
C1202C99
C12070C0
C120B64F
C120FD4E
C12145C3
C1218FB3
C121DB27
C1222823
C12276AF
C122C6D1
C123188F
C1236BEF
C123C0F8
C12417B0
C124701D
C124CA45
C125262E
C12583DD
C125E359
C12644A7
C126A7CD
C1270CCF
C12773B3
C127DC7E
C1284735
C128B3DB
C1292276
C1299309
C12A0599
C12A7A28
C12AF0BB
C12B6953
C12BE3F5
C12C60A2
C12CDF5C
C12D6026
C12DE300
C12E67EB
C12EEEEA
C12F77FB
C130031F
C1309055
C1311F9D
C131B0F6
C132445E
C132D9D3
C1337153
C1340ADC
C134A669
C13543F9
C135E386
C136850E
C137288A
C137CDF8
C1387550
C1391E8E
C139C9AB
C13A76A3
C13B256D
C13BD603
C13C885F
C13D3C78
C13DF247
C13EA9C5
C13F62E9
C1401DAC
C140DA04
C14197E9
C1425752
C1431837
C143DA8F
C1449E50
C1456372
C14629EA
C146F1B1
C147BABC
C1488502
C149507A
C14A1D1B
C14AEADA
C14BB9B0
C14C8991
C14D5A77
C14E2C56
C14EFF26
C14FD2DE
C150A775
C1517CE2
C152531D
C1532A1C
C15401D7
C154DA45
C155B35F
C1568D1C
C1576774
C158425F
C1591DD4
C159F9CD
C15AD642
C15BB32A
C15C9080
C15D6E3A
C15E4C54
C15F2AC4
C1600985
C160E890
C161C7DE
C162A769
C1638729
C164671A
C1654734
C1662772
C16707CE
C167E841
C168C8C7
C169A959
C16A89F2
C16B6A8C
C16C4B23
C16D2BB0
C16E0C2F
C16EEC9A
C16FCCED
C170AD23
C1718D37
C1726D23
C1734CE5
C1742C76
C1750BD2
C175EAF5
C176C9DB
C177A87F
C17886DD
C17964F1
C17A42B6
C17B202A
C17BFD48
C17CDA0C
C17DB672
C17E9276
C17F6E16
C18024A7
C180920C
C180FF3A
C1816C2F
C181D8E9
C1824566
C182B1A5
C1831DA5
C1838963
C183F4DF
C1846018
C184CB0B
C18535B7
C185A01C
C1860A38
C186740B
C186DD91
C18746CC
C187AFBA
C1881859
C18880A9
C188E8AA
C1895059
C189B7B8
C18A1EC3
C18A857C
C18AEBE2
C18B51F3
C18BB7B0
C18C1D18
C18C822A
C18CE6E7
C18D4B4E
C18DAF5E
C18E1318
C18E767B
C18ED988
C18F3C3E
C18F9E9D
C19000A5
C1906257
C190C3B2
C19124B8
C117F425
C11809BF
C1181FBE
C1183623
C1184CF3
C118642F
C1187BDB
C11893F9
C118AC8C
C118C598
C118DF1F
C118F925
C11913AC
C1192EB9
C1194A4E
C119666E
C119831E
C119A060
C119BE38
C119DCAB
C119FBBB
C11A1B6C
C11A3BC2
C11A5CC2
C11A7E6F
C11AA0CD
C11AC3E1
C11AE7AE
C11B0C3A
C11B3187
C11B579C
C11B7E7C
C11BA62C
C11BCEB1
C11BF80F
C11C224C
C11C4D6C
C11C7975
C11CA66B
C11CD454
C11D0334
C11D3313
C11D63F3
C11D95DD
C11DC8D4
C11DFCDE
C11E3202
C11E6845
C11E9FAD
C11ED83F
C11F1203
C11F4CFD
C11F8934
C11FC6AF
C1200572
C1204586
C12086EF
C120C9B5
C1210DDD
C121536E
C1219A6F
C121E2E5
C1222CD8
C122784E
C122C54C
C12313DA
C12363FE
C123B5BE
C1240921
C1245E2D
C124B4E7
C1250D57
C1256782
C125C36D
C1262120
C126809F
C126E1F1
C1274519
C127AA1F
C1281107
C12879D6
C128E490
C129513B
C129BFDA
C12A3072
C12AA306
C12B179A
C12B8E32
C12C06CF
C12C8176
C12CFE29
C12D7CE9
C12DFDB8
C12E8099
C12F058B
C12F8C90
C13015A8
C130A0D3
C1312E11
C131BD61
C1324EC2
C132E232
C13377B0
C1340F39
C134A8CA
C1354462
C135E1FB
C1368193
C1372325
C137C6AD
C1386C25
C1391389
C139BCD4
C13A67FE
C13B1503
C13BC3DA
C13C747F
C13D26E9
C13DDB11
C13E90F1
C13F487F
C14001B4
C140BC87
C14178F1
C14236E9
C142F666
C143B75F
C14479CB
C1453DA2
C14602DA
C146C969
C1479147
C1485A6A
C14924CA
C149F05C
C14ABD17
C14B8AF2
C14C59E4
C14D29E4
C14DFAE8
C14ECCE6
C14F9FD7
C15073B1
C151486A
C1521DFB
C152F45A
C153CB80
C154A362
C1557BF9
C156553D
C1572F24
C15809A8
C158E4C1
C159C065
C15A9C8E
C15B7934
C15C5650
C15D33DA
C15E11CB
C15EF01C
C15FCEC6
C160ADC2
C1618D0A
C1626C96
C1634C61
C1642C63
C1650C97
C165ECF7
C166CD7C
C167AE20
C1688EDF
C1696FB1
C16A5092
C16B317C
C16C1269
C16CF354
C16DD438
C16EB510
C16F95D6
C1707687
C171571C
C1723790
C17317E1
C173F808
C174D800
C175B7C7
C1769756
C17776AB
C17855C0
C1793491
C17A131A
C17AF157
C17BCF45
C17CACDE
C17D8A20
C17E6707
C17F438E
C1800FDA
C1807DB9
C180EB63
C18158D7
C181C612
C1823313
C1829FD9
C1830C62
C18378AD
C183E4B7
C1845080
C184BC05
C1852747
C1859243
C185FCF8
C1866765
C186D189
C1873B62
C187A4F0
C1880E32
C1887726
C188DFCB
C1894822
C189B028
C18A17DD
C18A7F40
C18AE650
C18B4D0E
C18BB378
C18C198D
C18C7F4E
C18CE4BA
C18D49D0
C18DAE90
C18E12FA
C18E770E
C18EDACA
C18F3E30
C18FA140
C19003F8
C1906659
C190C864
C1912A18
C1918B76
C118911E
C118A6B9
C118BCB8
C118D31D
C118E9ED
C119012A
C11918D5
C11930F4
C1194987
C1196293
C1197C1B
C1199620
C119B0A8
C119CBB5
C119E74A
C11A036B
C11A201B
C11A3D5D
C11A5B36
C11A79A9
C11A98B9
C11AB86A
C11AD8C1
C11AF9C2
C11B1B6F
C11B3DCE
C11B60E2
C11B84AF
C11BA93B
C11BCE8A
C11BF49F
C11C1B7F
C11C4330
C11C6BB5
C11C9514
C11CBF52
C11CEA72
C11D167C
C11D4373
C11D715C
C11DA03E
C11DD01D
C11E00FE
C11E32E8
C11E65E0
C11E99EC
C11ECF11
C11F0555
C11F3CBE
C11F7551
C11FAF16
C11FEA11
C120264A
C12063C6
C120A28B
C120E2A0
C121240A
C12166D1
C121AAFB
C121F08E
C1223791
C1228009
C122C9FD
C1231575
C1236275
C123B106
C124012C
C12452EE
C124A653
C124FB61
C125521E
C125AA91
C12604BE
C12660AD
C126BE62
C1271DE5
C1277F39
C127E265
C128476F
C128AE5A
C129172D
C12981EB
C129EE99
C12A5D3D
C12ACDD9
C12B4071
C12BB50A
C12C2BA6
C12CA449
C12D1EF5
C12D9BAD
C12E1A73
C12E9B48
C12F1E2E
C12FA327
C1302A32
C130B351
C1313E83
C131CBC8
C1325B20
C132EC88
C1338001
C1341587
C134AD18
C13546B3
C135E254
C1367FF7
C1371F98
C137C135
C13864C7
C1390A4B
C139B1BB
C13A5B11
C13B0647
C13BB359
C13C623E
C13D12F0
C13DC568
C13E799F
C13F2F8E
C13FE72C
C140A071
C1415B55
C14217D1
C142D5DB
C143956A
C1445677
C14518F7
C145DCE2
C146A22F
C14768D5
C14830C9
C148FA04
C149C47C
C14A9027
C14B5CFD
C14C2AF3
C14CFA01
C14DCA1D
C14E9B3E
C14F6D5B
C150406C
C1511466
C151E941
C152BEF5
C1539578
C1546CC2
C15544CA
C1561D88
C156F6F4
C157D106
C158ABB5
C15986F9
C15A62CB
C15B3F24
C15C1BFA
C15CF948
C15DD705
C15EB52B
C15F93B2
C1607294
C16151C9
C162314C
C1631115
C163F11D
C164D160
C165B1D6
C1669279
C1677343
C168542F
C1693537
C16A1654
C16AF782
C16BD8BA
C16CB9F8
C16D9B36
C16E7C6F
C16F5D9D
C1703EBD
C1711FC8
C17200BA
C172E18F
C173C240
C174A2CB
C1758329
C1766358
C1774351
C1782312
C1790296
C179E1D8
C17AC0D4
C17B9F87
C17C7DEC
C17D5BFF
C17E39BD
C17F1722
C17FF42A
C1806869
C180D68A
C1814478
C181B230
C1821FB2
C1828CFA
C182FA07
C18366D9
C183D36D
C1843FC2
C184ABD7
C18517A9
C1858338
C185EE83
C1865987
C186C445
C1872EB9
C18798E5
C18802C5
C1886C5A
C188D5A2
C1893E9C
C189A747
C18A0FA3
C18A77AF
C18ADF69
C18B46D1
C18BADE6
C18C14A8
C18C7B16
C18CE130
C18D46F4
C18DAC63
C18E117D
C18E7640
C18EDAAD
C18F3EC4
C18FA284
C19005EC
C19068FE
C190CBB9
C1912E1D
C1919029
C191F1E0
C1192E1A
C11943B5
C11959B4
C119701A
C11986EA
C1199E26
C119B5D2
C119CDF1
C119E684
C119FF91
C11A1918
C11A331E
C11A4DA6
C11A68B3
C11A8448
C11AA069
C11ABD1A
C11ADA5C
C11AF836
C11B16A9
C11B35B9
C11B556B
C11B75C2
C11B96C3
C11BB871
C11BDAD0
C11BFDE4
C11C21B3
C11C463F
C11C6B8E
C11C91A3
C11CB884
C11CE035
C11D08BB
C11D321B
C11D5C59
C11D877A
C11DB384
C11DE07C
C11E0E66
C11E3D49
C11E6D28
C11E9E0B
C11ECFF6
C11F02EF
C11F36FB
C11F6C21
C11FA266
C11FD9D0
C1201265
C1204C2A
C1208727
C120C361
C12100DE
C1213FA4
C1217FBA
C121C127
C12203EF
C122481B
C1228DAF
C122D4B3
C1231D2D
C1236724
C123B29D
C123FF9F
C1244E32
C1249E5A
C124F01E
C1254386
C1259896
C125EF56
C12647CA
C126A1FB
C126FDEC
C1275BA4
C127BB2A
C1281C81
C1287FB1
C128E4BD
C1294BAC
C129B482
C12A1F44
C12A8BF7
C12AFA9E
C12B6B3E
C12BDDDB
C12C5278
C12CC919
C12D41C1
C12DBC72
C12E392F
C12EB7FA
C12F38D5
C12FBBC1
C13040BF
C130C7D1
C13150F6
C131DC2F
C132697B
C132F8DA
C1338A4A
C1341DCA
C134B358
C1354AF2
C135E496
C136803F
C1371DEC
C137BD97
C1385F3D
C13902DA
C139A869
C13A4FE3
C13AF945
C13BA488
C13C51A5
C13D0097
C13DB157
C13E63DD
C13F1822
C13FCE1F
C14085CC
C1413F21
C141FA16
C142B6A2
C14374BE
C144345F
C144F57E
C145B812
C1467C11
C1474173
C148082E
C148D039
C149998A
C14A641A
C14B2FDD
C14BFCCC
C14CCADC
C14D9A05
C14E6A3D
C14F3B7B
C1500DB6
C150E0E5
C151B4FE
C15289FA
C1535FCF
C1543675
C1550DE3
C155E610
C156BEF5
C1579888
C15872C2
C1594D9B
C15A290A
C15B0509
C15BE18E
C15CBE94
C15D9C12
C15E7A01
C15F585A
C1603716
C161162E
C161F59B
C162D557
C163B55B
C16495A1
C1657621
C16656D7
C16737BC
C16818CA
C168F9FC
C169DB4A
C16ABCB1
C16B9E29
C16C7FAF
C16D613B
C16E42CA
C16F2456
C17005DA
C170E750
C171C8B4
C172AA01
C1738B33
C1746C44
C1754D30
C1762DF2
C1770E86
C177EEE8
C178CF13
C179AF03
C17A8EB4
C17B6E21
C17C4D47
C17D2C21
C17E0AAC
C17EE8E4
C17FC6C5
C1805226
C180C0BA
C1812F1D
C1819D4D
C1820B49
C182790F
C182E69C
C18353F1
C183C10A
C1842DE7
C1849A86
C18506E5
C1857303
C185DEDF
C1864A77
C186B5CA
C18720D7
C1878B9C
C187F619
C188604B
C188CA32
C18933CE
C1899D1C
C18A061C
C18A6ECD
C18AD72E
C18B3F3E
C18BA6FD
C18C0E6A
C18C7584
C18CDC4A
C18D42BC
C18DA8D9
C18E0EA2
C18E7414
C18ED931
C18F3DF8
C18FA268
C1900681
C1906A43
C190CDAF
C19130C3
C1919380
C191F5E6
C19257F5
C119CB18
C119E0B3
C119F6B2
C11A0D18
C11A23E8
C11A3B25
C11A52D1
C11A6AF0
C11A8384
C11A9C90
C11AB618
C11AD01E
C11AEAA6
C11B05B3
C11B2149
C11B3D6A
C11B5A1B
C11B775E
C11B9537
C11BB3AA
C11BD2BB
C11BF26E
C11C12C5
C11C33C6
C11C5574
C11C77D4
C11C9AE9
C11CBEB8
C11CE344
C11D0893
C11D2EAA
C11D558B
C11D7D3D
C11DA5C3
C11DCF24
C11DF962
C11E2484
C11E508F
C11E7D87
C11EAB72
C11EDA55
C11F0A36
C11F3B19
C11F6D05
C11F9FFF
C11FD40C
C1200933
C1203F79
C12076E3
C120AF79
C120E940
C121243E
C1216079
C1219DF7
C121DCBF
C1221CD6
C1225E44
C122A10E
C122E53B
C1232AD1
C12371D6
C123BA52
C124044A
C1244FC5
C1249CCA
C124EB5E
C1253B88
C1258D4F
C125E0B9
C12635CB
C1268C8D
C126E504
C1273F37
C1279B2B
C127F8E6
C128586E
C128B9C9
C1291CFB
C129820B
C129E8FD
C12A51D7
C12ABC9C
C12B2953
C12B97FE
C12C08A2
C12C7B43
C12CEFE5
C12D668A
C12DDF36
C12E59EC
C12ED6AE
C12F557F
C12FD65F
C1305951
C130DE55
C131656D
C131EE98
C13279D7
C133072A
C1339690
C1342807
C134BB8F
C1355125
C135E8C7
C1368273
C1371E25
C137BBDA
C1385B8F
C138FD3F
C139A0E6
C13A467F
C13AEE04
C13B9771
C13C42BF
C13CEFE9
C13D9EE7
C13E4FB3
C13F0246
C13FB69A
C1406CA5
C1412461
C141DDC5
C14298CA
C1435566
C1441392
C144D346
C1459477
C146571D
C1471B30
C147E0A5
C148A775
C1496F95
C14A38FD
C14B03A3
C14BCF7F
C14C9C86
C14D6AAF
C14E39F2
C14F0A45
C14FDB9E
C150ADF6
C1518143
C152557B
C1532A97
C154008C
C154D754
C155AEE4
C1568736
C157603F
C15839F8
C159145A
C159EF5B
C15ACAF4
C15BA71D
C15C83CF
C15D6103
C15E3EB0
C15F1CCF
C15FFB5A
C160DA49
C161B996
C162993A
C163792E
C164596B
C16539EC
C1661AA9
C166FB9D
C167DCC3
C168BE12
C1699F87
C16A811B
C16B62C9
C16C448B
C16D265B
C16E0835
C16EEA13
C16FCBEF
C170ADC6
C1718F91
C172714C
C17352F2
C174347F
C17515ED
C175F738
C176D85C
C177B954
C1789A1C
C1797AAF
C17A5B09
C17B3B26
C17C1B02
C17CFA99
C17DD9E7
C17EB8E7
C17F9797
C1803AF9
C180A9FA
C18118CD
C1818771
C181F5E2
C1826421
C182D22A
C1833FFD
C183AD97
C1841AF7
C184881C
C184F503
C18561AC
C185CE15
C1863A3D
C186A622
C18711C2
C1877D1E
C187E832
C18852FF
C188BD82
C18927BB
C18991A9
C189FB4B
C18A649F
C18ACDA4
C18B365B
C18B9EC1
C18C06D6
C18C6E9A
C18CD60B
C18D3D29
C18DA3F3
C18E0A69
C18E708A
C18ED656
C18F3BCC
C18FA0EC
C19005B6
C1906A29
C190CE45
C191320A
C1919577
C191F88E
C1925B4D
C192BDB5
C11A6818
C11A7DB3
C11A93B2
C11AAA18
C11AC0E9
C11AD825
C11AEFD2
C11B07F1
C11B2085
C11B3991
C11B5319
C11B6D20
C11B87A8
C11BA2B6
C11BBE4C
C11BDA6D
C11BF71E
C11C1461
C11C323B
C11C50AE
C11C6FC0
C11C8F72
C11CAFCA
C11CD0CC
C11CF27A
C11D14DA
C11D37EF
C11D5BBE
C11D804C
C11DA59B
C11DCBB2
C11DF294
C11E1A46
C11E42CD
C11E6C2E
C11E966D
C11EC190
C11EED9B
C11F1A94
C11F487F
C11F7763
C11FA745
C11FD829
C1200A15
C1203D10
C120711E
C120A646
C120DC8C
C12113F8
C1214C8F
C1218657
C121C156
C121FD92
C1223B11
C12279DA
C122B9F3
C122FB62
C1233E2E
C123825C
C123C7F3
C1240EFB
C1245778
C124A172
C124ECEF
C12539F5
C125888B
C125D8B7
C1262A80
C1267DEC
C126D300
C12729C5
C127823E
C127DC73
C128386A
C1289628
C128F5B3
C1295710
C129BA46
C12A1F58
C12A864E
C12AEF2B
C12B59F4
C12BC6AD
C12C355C
C12CA604
C12D18AA
C12D8D4F
C12E03F9
C12E7CAA
C12EF765
C12F742B
C12FF301
C13073E6
C130F6DD
C1317BE7
C1320305
C1328C36
C133177C
C133A4D5
C1343442
C134C5C0
C135594F
C135EEEC
C1368696
C137204A
C137BC04
C13859C3
C138F980
C1399B3A
C13A3EEA
C13AE48D
C13B8C1D
C13C3594
C13CE0EE
C13D8E23
C13E3D2D
C13EEE06
C13FA0A6
C1405506
C1410B1F
C141C2E9
C1427C5D
C1433770
C143F41D
C144B259
C145721D
C1463360
C146F619
C147BA3E
C1487FC7
C14946AB
C14A0EE0
C14AD85D
C14BA319
C14C6F0B
C14D3C2A
C14E0A6C
C14ED9C8
C14FAA35
C1507BAA
C1514E1D
C1522187
C152F5DD
C153CB17
C154A12C
C1557815
C1564FC7
C157283B
C1580168
C158DB46
C159B5CE
C15A90F6
C15B6CB8
C15C490B
C15D25E8
C15E0348
C15EE123
C15FBF71
C1609E2D
C1617D4E
C1625CCE
C1633CA6
C1641CD0
C164FD46
C165DE00
C166BEF8
C167A029
C168818D
C169631D
C16A44D4
C16B26AC
C16C089F
C16CEAA8
C16DCCC1
C16EAEE6
C16F9111
C170733C
C1715564
C1723782
C1731992
C173FB8F
C174DD75
C175BF3E
C176A0E7
C177826A
C17863C4
C17944EF
C17A25E8
C17B06AA
C17BE732
C17CC77A
C17DA780
C17E873F
C17F66B3
C18022EC
C1809255
C1810193
C18170A5
C181DF87
C1824E39
C182BCB9
C1832B05
C183991B
C18406FA
C18474A0
C184E20B
C1854F3B
C185BC2D
C18628DF
C1869552
C1870183
C1876D70
C187D919
C188447C
C188AF98
C1891A6C
C18984F6
C189EF36
C18A592A
C18AC2D1
C18B2C2B
C18B9536
C18BFDF1
C18C665D
C18CCE77
C18D363F
C18D9DB4
C18E04D6
C18E6BA4
C18ED21E
C18F3842
C18F9E11
C190038B
C19068AE
C190CD7A
C19131F0
C191960E
C191F9D6
C1925D46
C192C05F
C1932320
C11B051A
C11B1AB5
C11B30B4
C11B471B
C11B5DEB
C11B7528
C11B8CD5
C11BA4F4
C11BBD88
C11BD695
C11BF01D
C11C0A24
C11C24AC
C11C3FBA
C11C5B50
C11C7772
C11C9423
C11CB166
C11CCF40
C11CEDB4
C11D0CC6
C11D2C79
C11D4CD1
C11D6DD3
C11D8F81
C11DB1E2
C11DD4F7
C11DF8C7
C11E1D54
C11E42A5
C11E68BC
C11E8F9E
C11EB751
C11EDFD8
C11F093A
C11F3379
C11F5E9D
C11F8AA9
C11FB7A2
C11FE58E
C1201473
C1204455
C120753A
C120A727
C120DA22
C1210E31
C121435A
C12179A2
C121B10E
C121E9A6
C122236F
C1225E6F
C1229AAC
C122D82D
C12316F7
C1235711
C1239881
C123DB4E
C1241F7E
C1246517
C124AC1F
C124F49E
C1253E9A
C1258A18
C125D720
C12625B8
C12675E6
C126C7B1
C1271B1F
C1277036
C127C6FC
C1281F78
C12879AF
C128D5A8
C1293369
C12992F6
C129F457
C12A578F
C12ABCA5
C12B239D
C12B8C7D
C12BF74A
C12C6407
C12CD2BA
C12D4365
C12DB60E
C12E2AB8
C12EA166
C12F1A1B
C12F94DA
C13011A6
C1309080
C131116B
C1319467
C1321976
C132A09A
C13329D1
C133B51D
C134427C
C134D1EF
C1356374
C135F70A
C1368CAF
C1372460
C137BE1C
C13859DE
C138F7A5
C139976B
C13A392E
C13ADCE8
C13B8294
C13C2A2E
C13CD3B0
C13D7F14
C13E2C54
C13EDB6A
C13F8C4F
C1403EFC
C140F369
C141A98F
C1426167
C1431AE8
C143D60B
C14492C7
C1455113
C14610E7
C146D23B
C1479505
C148593C
C1491ED8
C149E5CF
C14AAE18
C14B77AB
C14C427C
C14D0E85
C14DDBBA
C14EAA14
C14F7988
C1504A0F
C1511B9E
C151EE2C
C152C1B1
C1539624
C1546B7C
C15541B0
C15618B8
C156F08B
C157C920
C158A271
C1597C73
C15A571F
C15B326E
C15C0E57
C15CEAD3
C15DC7DA
C15EA564
C15F836C
C16061E8
C16140D2
C1622024
C162FFD6
C163DFE2
C164C041
C165A0EC
C16681DE
C1676311
C168447D
C169261D
C16A07EC
C16AE9E3
C16BCBFC
C16CAE33
C16D9082
C16E72E3
C16F5551
C17037C7
C1711A3F
C171FCB5
C172DF24
C173C188
C174A3DA
C1758616
C1766839
C1774A3D
C1782C1D
C1790DD6
C179EF63
C17AD0C0
C17BB1E8
C17C92D8
C17D738B
C17E53FD
C17F342B
C1800A08
C18079D4
C180E978
C18158F2
C181C840
C1823761
C182A652
C1831512
C18383A0
C183F1F8
C184601B
C184CE06
C1853BB7
C185A92D
C1861667
C1868363
C186F01F
C1875C9A
C187C8D4
C18834C9
C188A07A
C1890BE5
C1897708
C189E1E2
C18A4C73
C18AB6B9
C18B20B3
C18B8A60
C18BF3BF
C18C5CD0
C18CC590
C18D2E00
C18D961E
C18DFDEB
C18E6564
C18ECC8A
C18F335C
C18F99D9
C1900001
C19065D3
C190CB50
C1913076
C1919545
C191F9BD
C1925DDE
C192C1A8
C193251A
C1938835
C11BA21E
C11BB7B9
C11BCDB8
C11BE41F
C11BFAEF
C11C122C
C11C29D9
C11C41F8
C11C5A8D
C11C739A
C11C8D22
C11CA729
C11CC1B2
C11CDCC0
C11CF856
C11D1478
C11D3129
C11D4E6D
C11D6C47
C11D8ABC
C11DA9CD
C11DC981
C11DE9D9
C11E0ADB
C11E2C8A
C11E4EEB
C11E7201
C11E95D1
C11EBA5F
C11EDFB0
C11F05C7
C11F2CAA
C11F545D
C11F7CE5
C11FA647
C11FD087
C11FFBAB
C12027B8
C12054B2
C120829F
C120B184
C120E167
C121124C
C121443A
C1217736
C121AB46
C121E070
C12216B8
C1224E26
C12286BF
C122C088
C122FB89
C12337C8
C1237549
C123B415
C123F430
C12435A1
C124786F
C124BCA0
C125023B
C1254945
C12591C5
C125DBC2
C1262742
C126744C
C126C2E6
C1271316
C12764E2
C127B852
C1280D6B
C1286434
C128BCB2
C12916EB
C12972E7
C129D0AA
C12A303A
C12A919D
C12AF4D8
C12B59F1
C12BC0EC
C12C29CF
C12C949F
C12D0160
C12D7016
C12DE0C5
C12E5372
C12EC81F
C12F3ED1
C12FB78B
C130324E
C130AF1E
C1312DFD
C131AEED
C13231EE
C132B703
C1333E2B
C133C768
C13452BA
C134E01F
C1356F99
C1360124
C13694C1
C1372A6D
C137C225
C1385BE8
C138F7B3
C1399582
C13A3550
C13AD71C
C13B7ADE
C13C2094
C13CC838
C13D71C4
C13E1D33
C13ECA7E
C13F799F
C1402A8F
C140DD47
C14191C1
C14247F4
C142FFD9
C143B969
C144749A
C1453164
C145EFC0
C146AFA4
C1477108
C14833E3
C148F82C
C149BDDA
C14A84E4
C14B4D40
C14C16E6
C14CE1CD
C14DADEB
C14E7B37
C14F49A7
C1501933
C150E9D2
C151BB7A
C1528E23
C15361C3
C1543652
C1550BC7
C155E219
C156B93F
C1579132
C15869E8
C159435A
C15A1D7F
C15AF84F
C15BD3C3
C15CAFD2
C15D8C75
C15E69A5
C15F4759
C160258C
C1610434
C161E34D
C162C2CD
C163A2B0
C16482EE
C1656380
C1664461
C1672589
C16806F3
C168E899
C169CA75
C16AAC80
C16B8EB5
C16C710F
C16D5388
C16E361A
C16F18C1
C16FFB76
C170DE35
C171C0F9
C172A3BC
C173867A
C174692E
C1754BD4
C1762E65
C17710DF
C177F33C
C178D578
C179B78E
C17A997A
C17B7B39
C17C5CC5
C17D3E1B
C17E1F36
C17F0012
C17FE0AD
C1806080
C180D085
C1814063
C181B018
C1821FA2
C1828F00
C182FE2F
C1836D2E
C183DBFC
C1844A96
C184B8FB
C1852729
C185951F
C18602DB
C186705C
C186DDA0
C1874AA5
C187B76A
C18823EE
C1889030
C188FC2D
C18967E6
C189D357
C18A3E81
C18AA963
C18B13FA
C18B7E46
C18BE845
C18C51F8
C18CBB5C
C18D2471
C18D8D37
C18DF5AB
C18E5DCE
C18EC59E
C18F2D1B
C18F9445
C18FFB1A
C190619B
C190C7C6
C1912D9C
C191931B
C191F843
C1925D15
C192C190
C19325B4
C1938980
C193ECF4
C11C3F23
C11C54BE
C11C6ABE
C11C8125
C11C97F5
C11CAF33
C11CC6E0
C11CDEFF
C11CF793
C11D10A1
C11D2A29
C11D4430
C11D5EB9
C11D79C7
C11D955E
C11DB180
C11DCE32
C11DEB76
C11E0950
C11E27C5
C11E46D7
C11E668A
C11E86E3
C11EA7E6
C11EC995
C11EEBF6
C11F0F0C
C11F32DD
C11F576B
C11F7CBC
C11FA2D4
C11FC9B7
C11FF16B
C12019F4
C1204356
C1206D97
C12098BB
C120C4C8
C120F1C3
C1211FB0
C1214E96
C1217E7A
C121AF60
C121E14F
C122144C
C122485C
C1227D86
C122B3D0
C122EB3E
C12323D8
C1235DA3
C12398A5
C123D4E4
C1241267
C1245133
C1249150
C124D2C2
C1251591
C12559C4
C1259F5F
C125E66B
C1262EED
C12678EB
C126C46D
C1271178
C1276014
C127B045
C1280214
C1285586
C128AAA1
C129016B
C12959EB
C129B427
C12A1025
C12A6DEA
C12ACD7D
C12B2EE2
C12B9220
C12BF73C
C12C5E3A
C12CC720
C12D31F3
C12D9EB7
C12E0D70
C12E7E23
C12EF0D4
C12F6585
C12FDC3B
C13054F8
C130CFC0
C1314C95
C131CB78
C1324C6C
C132CF72
C133548C
C133DBBA
C13464FC
C134F053
C1357DBF
C1360D3E
C1369ED0
C1373273
C137C826
C1385FE6
C138F9B0
C1399582
C13A3358
C13AD32F
C13B7503
C13C18CF
C13CBE8E
C13D663B
C13E0FD0
C13EBB49
C13F689E
C14017CA
C140C8C6
C1417B8A
C1423010
C142E64F
C1439E41
C14457DE
C145131D
C145CFF5
C1468E60
C1474E53
C1480FC7
C148D2B3
C149970D
C14A5CCC
C14B23E8
C14BEC57
C14CB611
C14D810C
C14E4D3E
C14F1AA0
C14FE926
C150B8CA
C1518980
C1525B41
C1532E03
C15401BD
C154D667
C155ABF8
C1568266
C15759AB
C15831BC
C1590A92
C159E425
C15ABE6B
C15B995F
C15C74F6
C15D512B
C15E2DF4
C15F0B4B
C15FE928
C160C784
C161A658
C162859D
C163654B
C164455D
C16525CB
C1660690
C166E7A4
C167C901
C168AAA2
C1698C7F
C16A6E94
C16B50DB
C16C334D
C16D15E6
C16DF89F
C16EDB73
C16FBE5D
C170A158
C171845F
C172676C
C1734A7A
C1742D86
C1751089
C175F37F
C176D663
C177B932
C1789BE6
C1797E7B
C17A60ED
C17B4337
C17C2555
C17D0742
C17DE8FC
C17ECA7D
C17FABC2
C1804663
C180B6C4
C1812700
C1819716
C1820705
C18276CA
C182E663
C18355D0
C183C50D
C184341A
C184A2F5
C185119B
C185800C
C185EE46
C1865C46
C186CA0D
C1873797
C187A4E4
C18811F3
C1887EC1
C188EB4D
C1895797
C189C39C
C18A2F5B
C18A9AD4
C18B0604
C18B70EC
C18BDB89
C18C45DB
C18CAFE0
C18D1997
C18D8301
C18DEC1B
C18E54E4
C18EBD5D
C18F2584
C18F8D58
C18FF4D9
C1905C07
C190C2DF
C1912963
C1918F91
C191F56A
C1925AEC
C192C017
C19324EB
C1938969
C193ED8E
C194515D
C11CDC2B
C11CF1C6
C11D07C5
C11D1E2C
C11D34FD
C11D4C3B
C11D63E8
C11D7C07
C11D949C
C11DADA9
C11DC732
C11DE139
C11DFBC2
C11E16D1
C11E3267
C11E4E8A
C11E6B3B
C11E8880
C11EA65B
C11EC4CF
C11EE3E2
C11F0396
C11F23EF
C11F44F1
C11F66A1
C11F8903
C11FAC19
C11FCFEA
C11FF479
C12019CA
C1203FE2
C12066C6
C1208E7A
C120B703
C120E066
C1210AA8
C12135CC
C12161DA
C1218ED5
C121BCC3
C121EBAA
C1221B8E
C1224C75
C1227E64
C122B162
C122E573
C1231A9E
C12350E8
C1238858
C123C0F2
C123FABE
C12435C1
C1247201
C124AF85
C124EE52
C1252E70
C1256FE4
C125B2B4
C125F6E8
C1263C85
C1268392
C126CC15
C1271615
C1276198
C127AEA5
C127FD42
C1284D76
C1289F46
C128F2B9
C12947D6
C1299EA3
C129F725
C12A5163
C12AAD63
C12B0B2B
C12B6AC0
C12BCC28
C12C2F68
C12C9486
C12CFB87
C12D6471
C12DCF46
C12E3C0D
C12EAACA
C12F1B80
C12F8E34
C13002E9
C13079A3
C130F264
C1316D30
C131EA08
C13268F0
C132E9E9
C1336CF4
C133F212
C1347945
C135028D
C1358DEA
C1361B5B
C136AAE0
C1373C78
C137D021
C13865DB
C138FDA1
C1399773
C13A334C
C13AD12A
C13B7109
C13C12E4
C13CB6B9
C13D5C80
C13E0436
C13EADD6
C13F5958
C14006B7
C140B5EE
C14166F4
C14219C3
C142CE55
C14384A0
C1443C9F
C144F648
C145B194
C1466E7B
C1472CF4
C147ECF6
C148AE79
C1497175
C14A35DF
C14AFBAF
C14BC2DD
C14C8B5F
C14D552B
C14E2039
C14EEC80
C14FB9F6
C1508892
C151584C
C1522919
C152FAF2
C153CDCC
C154A1A0
C1557664
C1564C10
C157229A
C157F9FB
C158D22B
C159AB1F
C15A84D2
C15B5F39
C15C3A4E
C15D1609
C15DF261
C15ECF50
C15FACCD
C1608AD1
C1616956
C1624854
C16327C4
C164079F
C164E7DE
C165C87C
C166A971
C1678AB7
C1686C47
C1694E1D
C16A3031
C16B127E
C16BF4FF
C16CD7AC
C16DBA81
C16E9D79
C16F808E
C17063BA
C17146F9
C1722A45
C1730D99
C173F0F1
C174D447
C175B798
C1769ADD
C1777E13
C1786134
C179443D
C17A272A
C17B09F4
C17BEC9A
C17CCF15
C17DB162
C17E937E
C17F7563
C1802B87
C1809C3D
C1810CD3
C1817D45
C181ED93
C1825DBA
C182CDB9
C1833D8D
C183AD36
C1841CB0
C1848BFB
C184FB15
C18569FC
C185D8AF
C186472B
C186B56F
C187237A
C187914B
C187FEDF
C1886C35
C188D94C
C1894622
C189B2B7
C18A1F08
C18A8B14
C18AF6DA
C18B6259
C18BCD90
C18C387E
C18CA321
C18D0D78
C18D7782
C18DE13F
C18E4AAD
C18EB3CB
C18F1C9A
C18F8516
C18FED41
C1905519
C190BC9E
C19123CF
C1918AAB
C191F131
C1925763
C192BD3E
C19322C2
C19387F0
C193ECC7
C1945147
C194B56E
