ROSSFAST_D3R_TABLE_V1 O13 241 58081
C032D066
C033B603
C0349CB7
C0358489
C0366D7E
C037579D
C03842EB
C0392F70
C03A1D35
C03B0C40
C03BFC9A
C03CEE4C
C03DE15F
C03ED5DC
C03FCBCD
C040C33C
C041BC32
C042B6BB
C043B2E0
C044B0AC
C045B02A
C046B165
C047B467
C048B93C
C049BFEF
C04AC88B
C04BD31B
C04CDFAB
C04DEE44
C04EFEF4
C05011C4
C05126C1
C0523DF4
C053576A
C054732C
C0559146
C056B1C3
C057D4AD
C058FA0E
C05A21F2
C05B4C62
C05C7969
C05DA910
C05EDB62
C0601067
C061482A
C06282B4
C063C00D
C065003F
C0664352
C067894E
C068D23C
C06A1E23
C06B6D0B
C06CBEFC
C06E13FD
C06F6C13
C070C746
C072259D
C073871B
C074EBC8
C07653A9
C077BEC2
C0792D17
C07A9EAE
C07C1389
C07D8BAC
C07F071A
C08042EB
C08103F1
C081C6A0
C0828AF9
C08350FC
C08418AA
C084E202
C085AD05
C08679B3
C087480A
C088180B
C088E9B4
C089BD04
C08A91FB
C08B6896
C08C40D5
C08D1AB4
C08DF633
C08ED34F
C08FB205
C0909254
C0917437
C09257AD
C0933CB3
C0942344
C0950B5F
C095F4FE
C096E01F
C097CCBF
C098BAD8
C099AA67
C09A9B67
C09B8DD6
C09C81AD
C09D76EA
C09E6D87
C09F657F
C0A05ECF
C0A15971
C0A25561
C0A35299
C0A45115
C0A550D1
C0A651C6
C0A753F1
C0A8574C
C0A95BD2
C0AA617F
C0AB684D
C0AC7037
C0AD7938
C0AE834C
C0AF8E6D
C0B09A97
C0B1A7C5
C0B2B5F1
C0B3C517
C0B4D533
C0B5E63F
C0B6F837
C0B80B16
C0B91ED8
C0BA3378
C0BB48F2
C0BC5F40
C0BD7660
C0BE8E4C
C0BFA700
C0C0C079
C0C1DAB1
C0C2F5A5
C0C41151
C0C52DB1
C0C64AC2
C0C7687E
C0C886E4
C0C9A5EE
C0CAC599
C0CBE5E3
C0CD06C6
C0CE2841
C0CF4A4F
C0D06CED
C0D19019
C0D2B3CF
C0D3D80B
C0D4FCCB
C0D6220D
C0D747CC
C0D86E06
C0D994B9
C0DABBE2
C0DBE37D
C0DD0B89
C0DE3402
C0DF5CE7
C0E08635
C0E1AFE9
C0E2DA02
C0E4047C
C0E52F56
C0E65A8D
C0E78620
C0E8B20C
C0E9DE4E
C0EB0AE6
C0EC37D2
C0ED650E
C0EE929A
C0EFC073
C0F0EE98
C0F21D07
C0F34BBE
C0F47ABC
C0F5A9FF
C0F6D985
C0F8094E
C0F93956
C0FA699D
C0FB9A22
C0FCCAE2
C0FDFBDD
C0FF2D11
C1002F3F
C100C810
C10160FC
C101FA02
C1029321
C1032C59
C103C5A9
C1045F11
C104F890
C1059226
C1062BD2
C106C593
C1075F69
C107F954
C1089353
C1092D65
C109C78B
C10A61C3
C10AFC0D
C10B966A
C10C30D7
C10CCB56
C10D65E5
C10E0084
C10E9B34
C10F35F2
C10FD0C0
C1106B9C
C1110687
C111A180
C1123C86
C112D79A
C11372BB
C1140DE9
C114A923
C1154469
C115DFBB
C1167B19
C1171682
C117B1F6
C1184D75
C118E8FE
C1198491
C11A202F
C11ABBD6
C11B5787
C11BF342
C11C8F05
C11D2AD1
C11DC6A6
C0330D5B
C033F2EE
C034D997
C035C15B
C036AA41
C037944E
C0387F8A
C0396BFB
C03A59AA
C03B489E
C03C38DF
C03D2A77
C03E1D6F
C03F11CF
C04007A2
C040FEF2
C041F7C8
C042F22F
C043EE31
C044EBDA
C045EB33
C046EC48
C047EF24
C048F3D2
C049FA5D
C04B02D1
C04C0D37
C04D199D
C04E280C
C04F3890
C0504B35
C0516005
C052770C
C0539055
C054ABEA
C055C9D6
C056EA25
C0580CE1
C0593214
C05A59C9
C05B840B
C05CB0E3
C05DE05B
C05F127E
C0604754
C0617EE8
C062B942
C063F66C
C065366F
C0667953
C067BF20
C06907DF
C06A5398
C06BA252
C06CF414
C06E48E6
C06FA0CF
C070FBD4
C07259FD
C073BB4E
C0751FCE
C0768782
C077F26E
C0796097
C07AD202
C07C46B1
C07DBEA9
C07F39EC
C0805C3F
C0811D30
C081DFCA
C082A40E
C08369FC
C0843196
C084FADA
C085C5C9
C0869262
C08760A6
C0883093
C0890229
C089D567
C08AAA4B
C08B80D4
C08C5900
C08D32CD
C08E0E3A
C08EEB44
C08FC9E9
C090AA26
C0918BF9
C0926F5E
C0935453
C0943AD4
C09522DE
C0960C6E
C096F77F
C097E40F
C098D219
C099C199
C09AB28A
C09BA4EA
C09C98B3
C09D8DE2
C09E8470
C09F7C5B
C0A0759D
C0A17032
C0A26C14
C0A36940
C0A467AF
C0A5675E
C0A66847
C0A76A66
C0A86DB5
C0A9722F
C0AA77D0
C0AB7E92
C0AC8671
C0AD8F67
C0AE9970
C0AFA486
C0B0B0A6
C0B1BDC9
C0B2CBEB
C0B3DB07
C0B4EB19
C0B5FC1B
C0B70E0A
C0B820DF
C0B93498
C0BA492F
C0BB5E9F
C0BC74E5
C0BD8BFC
C0BEA3DF
C0BFBC8B
C0C0D5FB
C0C1F02C
C0C30B18
C0C426BC
C0C54315
C0C6601D
C0C77DD2
C0C89C30
C0C9BB33
C0CADAD8
C0CBFB1A
C0CD1BF7
C0CE3D6B
C0CF5F72
C0D0820B
C0D1A530
C0D2C8DF
C0D3ED15
C0D511D0
C0D6370B
C0D75CC5
C0D882F9
C0D9A9A6
C0DAD0C9
C0DBF85F
C0DD2066
C0DE48DA
C0DF71BA
C0E09B03
C0E1C4B2
C0E2EEC6
C0E4193B
C0E54411
C0E66F43
C0E79AD2
C0E8C6B9
C0E9F2F8
C0EB1F8B
C0EC4C72
C0ED79AB
C0EEA732
C0EFD508
C0F10329
C0F23194
C0F36048
C0F48F42
C0F5BE82
C0F6EE05
C0F81DC9
C0F94DCE
C0FA7E12
C0FBAE94
C0FCDF51
C0FE1049
C0FF417A
C1003971
C100D241
C1016B2C
C1020430
C1029D4E
C1033685
C103CFD4
C104693B
C10502B9
C1059C4D
C10635F7
C106CFB8
C107698D
C1080376
C1089D74
C1093785
C109D1AA
C10A6BE1
C10B062A
C10BA086
C10C3AF2
C10CD570
C10D6FFE
C10E0A9D
C10EA54B
C10F4009
C10FDAD6
C11075B1
C111109B
C111AB93
C1124699
C112E1AC
C1137CCC
C11417F9
C114B332
C1154E78
C115E9C9
C1168526
C117208F
C117BC02
C1185780
C118F309
C1198E9C
C11A2A39
C11AC5E0
C11B6190
C11BFD4A
C11C990D
C11D34D8
C11DD0AD
C0334C69
C03431F1
C035188C
C0360042
C036E917
C037D312
C038BE3A
C039AA96
C03A982D
C03B8708
C03C772F
C03D68AC
C03E5B86
C03F4FC8
C040457B
C0413CA9
C042355D
C0432FA0
C0442B7E
C0452901
C0462834
C0472922
C0482BD6
C049305B
C04A36BC
C04B3F04
C04C4940
C04D5579
C04E63BC
C04F7413
C050868A
C0519B2C
C052B205
C053CB1E
C054E684
C0560441
C0572460
C05846EC
C0596BEF
C05A9373
C05BBD84
C05CEA2B
C05E1973
C05F4B64
C060800A
C061B76C
C062F196
C0642E8F
C0656E60
C066B113
C067F6B0
C0693F3E
C06A8AC6
C06BD950
C06D2AE2
C06E7F84
C06FD73D
C0713213
C072900C
C073F12E
C075557F
C076BD05
C07827C2
C07995BE
C07B06FB
C07C7B7D
C07DF348
C07F6E5E
C0807662
C081373D
C081F9C1
C082BDF0
C08383C9
C0844B4D
C085147C
C085DF56
C086ABDB
C0877A0B
C08849E4
C0891B66
C089EE90
C08AC360
C08B99D6
C08C71EF
C08D4BAA
C08E2704
C08F03FC
C08FE28F
C090C2BA
C091A47B
C09287CF
C0936CB2
C0945322
C0953B1C
C096249B
C0970F9C
C097FC1C
C098EA16
C099D986
C09ACA69
C09BBCB9
C09CB073
C09DA593
C09E9C13
C09F93EF
C0A08D23
C0A187AA
C0A2837F
C0A3809D
C0A47EFF
C0A57EA1
C0A67F7D
C0A7818F
C0A884D1
C0A98940
C0AA8ED4
C0AB958B
C0AC9D5E
C0ADA648
C0AEB046
C0AFBB51
C0B0C766
C0B1D47E
C0B2E295
C0B3F1A7
C0B501AE
C0B612A7
C0B7248B
C0B83757
C0B94B06
C0BA5F93
C0BB74FB
C0BC8B37
C0BDA245
C0BEBA20
C0BFD2C3
C0C0EC2A
C0C20652
C0C32136
C0C43CD3
C0C55923
C0C67624
C0C793D1
C0C8B228
C0C9D123
C0CAF0C0
C0CC10FB
C0CD31D1
C0CE533E
C0CF753F
C0D097D0
C0D1BAEF
C0D2DE98
C0D402C8
C0D5277C
C0D64CB1
C0D77265
C0D89893
C0D9BF3B
C0DAE658
C0DC0DE9
C0DD35EA
C0DE5E59
C0DF8733
C0E0B077
C0E1DA21
C0E30430
C0E42EA0
C0E55971
C0E6849F
C0E7B028
C0E8DC0B
C0EA0845
C0EB34D5
C0EC61B7
C0ED8EEC
C0EEBC6F
C0EFEA41
C0F1185E
C0F246C5
C0F37575
C0F4A46C
C0F5D3A8
C0F70327
C0F832E8
C0F962EA
C0FA932A
C0FBC3A8
C0FCF462
C0FE2557
C0FF5685
C10043F5
C100DCC4
C10175AD
C1020EB0
C102A7CC
C1034102
C103DA4F
C10473B5
C1050D31
C105A6C5
C106406E
C106DA2D
C1077401
C1080DE9
C108A7E6
C10941F6
C109DC19
C10A764F
C10B1098
C10BAAF2
C10C455E
C10CDFDA
C10D7A68
C10E1505
C10EAFB3
C10F4A6F
C10FE53B
C1108016
C1111AFF
C111B5F6
C11250FB
C112EC0D
C113872D
C1142259
C114BD92
C11558D6
C115F427
C1168F83
C1172AEB
C117C65E
C11861DB
C118FD63
C11998F6
C11A3492
C11AD038
C11B6BE8
C11C07A1
C11CA364
C11D3F2F
C11DDB03
C0338DA0
C034731B
C03559A8
C036414D
C0372A11
C03813F8
C038FF0A
C039EB4F
C03AD8CD
C03BC78E
C03CB799
C03DA8F7
C03E9BB3
C03F8FD4
C0408566
C0417C71
C0427500
C0436F1F
C0446AD6
C0456832
C046673C
C0476800
C0486A8A
C0496EE3
C04A7518
C04B7D34
C04C8742
C04D934D
C04EA161
C04FB18A
C050C3D1
C051D843
C052EEEB
C05407D3
C0552308
C0564093
C0576080
C05882D9
C059A7AA
C05ACEFC
C05BF8DA
C05D254F
C05E5463
C05F8622
C060BA94
C061F1C4
C0632BBA
C0646880
C065A81F
C066EA9F
C0683009
C0697865
C06AC3BB
C06C1212
C06D6372
C06EB7E2
C0700F69
C0716A0E
C072C7D6
C07428C7
C0758CE8
C076F43D
C0785ECB
C079CC96
C07B3DA4
C07CB1F7
C07E2993
C07FA47C
C080915A
C081521E
C082148C
C082D8A4
C0839E67
C08465D5
C0852EEE
C085F9B3
C086C623
C087943D
C0886402
C089356F
C08A0885
C08ADD41
C08BB3A3
C08C8BA8
C08D654F
C08E4097
C08F1D7B
C08FFBFB
C090DC14
C091BDC3
C092A105
C09385D6
C0946C35
C095541D
C0963D8B
C097287C
C09814EB
C09902D4
C099F234
C09AE307
C09BD548
C09CC8F2
C09DBE03
C09EB474
C09FAC42
C0A0A567
C0A19FDF
C0A29BA6
C0A398B6
C0A4970A
C0A5969F
C0A6976E
C0A79972
C0A89CA8
C0A9A109
C0AAA691
C0ABAD3B
C0ACB502
C0ADBDE1
C0AEC7D3
C0AFD2D3
C0B0DEDC
C0B1EBE9
C0B2F9F5
C0B408FC
C0B518F9
C0B629E7
C0B73BC1
C0B84E83
C0B96228
C0BA76AB
C0BB8C09
C0BCA23C
C0BDB940
C0BED112
C0BFE9AC
C0C1030B
C0C21D2A
C0C33805
C0C45399
C0C56FE1
C0C68CDA
C0C7AA80
C0C8C8CE
C0C9E7C2
C0CB0757
C0CC278B
C0CD485A
C0CE69BF
C0CF8BB9
C0D0AE43
C0D1D15B
C0D2F4FE
C0D41927
C0D53DD5
C0D66304
C0D788B1
C0D8AED9
C0D9D57B
C0DAFC92
C0DC241D
C0DD4C18
C0DE7482
C0DF9D57
C0E0C695
C0E1F03A
C0E31A44
C0E444AF
C0E56F7B
C0E69AA4
C0E7C628
C0E8F207
C0EA1E3C
C0EB4AC7
C0EC77A5
C0EDA4D5
C0EED255
C0F00022
C0F12E3B
C0F25C9E
C0F38B4A
C0F4BA3D
C0F5E975
C0F718F0
C0F848AE
C0F978AC
C0FAA8E9
C0FBD964
C0FD0A1A
C0FE3B0C
C0FF6C37
C1004ECD
C100E799
C1018081
C1021983
C102B29E
C1034BD2
C103E51E
C1047E82
C10517FD
C105B18F
C1064B37
C106E4F5
C1077EC7
C10818AF
C108B2AA
C1094CB9
C109E6DB
C10A8110
C10B1B58
C10BB5B1
C10C501B
C10CEA97
C10D8523
C10E1FC0
C10EBA6C
C10F5528
C10FEFF3
C1108ACD
C11125B5
C111C0AC
C1125BB0
C112F6C1
C11391E0
C1142D0B
C114C843
C1156387
C115FED7
C1169A33
C117359A
C117D10C
C1186C88
C1190810
C119A3A2
C11A3F3D
C11ADAE3
C11B7692
C11C124B
C11CAE0C
C11D49D7
C11DE5AA
C033D10F
C034B67C
C0359CFA
C036848E
C0376D3D
C038570F
C039420A
C03A2E36
C03B1B9A
C03C0A3E
C03CFA2B
C03DEB6A
C03EDE05
C03FD204
C040C772
C041BE58
C042B6C1
C043B0B8
C044AC47
C045A979
C046A858
C047A8F1
C048AB4E
C049AF7A
C04AB581
C04BBD6E
C04CC74D
C04DD328
C04EE10B
C04FF102
C0510317
C0521757
C0532DCC
C0544681
C0556182
C0567EDA
C0579E93
C058C0B8
C059E554
C05B0C71
C05C361B
C05D625A
C05E913A
C05FC2C3
C060F701
C0622DFB
C06367BD
C064A44E
C065E3B8
C0672603
C0686B38
C069B35F
C06AFE81
C06C4CA4
C06D9DD0
C06EF20C
C0704960
C071A3D1
C0730166
C0746225
C075C613
C0772D36
C0789792
C07A052D
C07B7609
C07CEA2C
C07E6198
C07FDC50
C080AD2C
C0816DD9
C082302F
C082F430
C083B9DC
C0848134
C0854A37
C08614E5
C086E13F
C087AF44
C0887EF2
C089504B
C08A234B
C08AF7F3
C08BCE40
C08CA631
C08D7FC4
C08E5AF7
C08F37C8
C0901635
C090F63A
C091D7D6
C092BB05
C0939FC5
C0948611
C0956DE7
C0965744
C0974223
C0982E80
C0991C59
C09A0BA8
C09AFC6B
C09BEE9B
C09CE236
C09DD736
C09ECD98
C09FC556
C0A0BE6C
C0A1B8D6
C0A2B48E
C0A3B18F
C0A4AFD6
C0A5AF5C
C0A6B01D
C0A7B214
C0A8B53D
C0A9B991
C0AABF0C
C0ABC5A9
C0ACCD64
C0ADD636
C0AEE01C
C0AFEB10
C0B0F70D
C0B2040E
C0B3120F
C0B4210B
C0B530FD
C0B641E0
C0B753AF
C0B86667
C0B97A01
C0BA8E7B
C0BBA3CE
C0BCB9F8
C0BDD0F2
C0BEE8BA
C0C0014B
C0C11AA1
C0C234B7
C0C34F89
C0C46B15
C0C58754
C0C6A445
C0C7C1E2
C0C8E028
C0C9FF14
C0CB1EA2
C0CC3ECE
C0CD5F95
C0CE80F3
C0CFA2E5
C0D0C569
C0D1E879
C0D30C15
C0D43037
C0D554DE
C0D67A07
C0D79FAD
C0D8C5D0
C0D9EC6B
C0DB137C
C0DC3B01
C0DD62F6
C0DE8B5A
C0DFB429
C0E0DD62
C0E20702
C0E33106
C0E45B6C
C0E58633
C0E6B157
C0E7DCD6
C0E908B0
C0EA34E0
C0EB6167
C0EC8E40
C0EDBB6C
C0EEE8E7
C0F016B0
C0F144C4
C0F27324
C0F3A1CC
C0F4D0BA
C0F5FFEE
C0F72F66
C0F85F20
C0F98F1A
C0FABF54
C0FBEFCB
C0FD207E
C0FE516C
C0FF8293
C10059F9
C100F2C5
C1018BAA
C10224AB
C102BDC4
C10356F7
C103F041
C10489A4
C105231E
C105BCAE
C1065655
C106F011
C10789E3
C10823C9
C108BDC3
C10957D1
C109F1F2
C10A8C26
C10B266C
C10BC0C4
C10C5B2E
C10CF5A8
C10D9033
C10E2ACF
C10EC57A
C10F6035
C10FFAFF
C11095D8
C11130C0
C111CBB5
C11266B8
C11301C9
C1139CE7
C1143811
C114D348
C1156E8C
C11609DB
C116A536
C117409C
C117DC0D
C1187789
C1191310
C119AEA1
C11A4A3C
C11AE5E1
C11B8190
C11C1D48
C11CB909
C11D54D3
C11DF0A6
C03416C8
C034FC25
C035E292
C036CA13
C037B2AD
C0389C68
C039874A
C03A735B
C03B60A3
C03C4F29
C03D3EF6
C03E3014
C03F228B
C0401666
C0410BAE
C042026D
C042FAAE
C043F47C
C044EFE0
C045ECE6
C046EB99
C047EC04
C048EE32
C049F22E
C04AF805
C04BFFC1
C04D096D
C04E1516
C04F22C6
C0503289
C051446B
C0525876
C0536EB6
C0548736
C055A201
C056BF23
C057DEA5
C0590094
C05A24FA
C05B4BE0
C05C7553
C05DA15B
C05ED003
C0600156
C061355C
C0626C1F
C063A5AA
C064E204
C0662137
C067634B
C068A84A
C069F03A
C06B3B25
C06C8912
C06DDA09
C06F2E0F
C070852D
C071DF6A
C0733CCA
C0749D54
C076010E
C07767FD
C078D225
C07A3F8D
C07BB036
C07D2426
C07E9B60
C0800AF4
C080C9DF
C0818A73
C0824CB2
C083109B
C083D62F
C0849D6F
C085665A
C08630F2
C086FD35
C087CB23
C0889ABC
C0896BFE
C08A3EE8
C08B137A
C08BE9B2
C08CC18E
C08D9B0C
C08E762B
C08F52E8
C0903140
C0911132
C091F2BA
C092D5D6
C093BA82
C094A0BC
C0958880
C09671CA
C0975C97
C09848E3
C09936AA
C09A25E8
C09B1699
C09C08B9
C09CFC43
C09DF133
C09EE784
C09FDF33
C0A0D839
C0A1D294
C0A2CE3C
C0A3CB2F
C0A4C967
C0A5C8DE
C0A6C991
C0A7CB7A
C0A8CE95
C0A9D2DB
C0AAD849
C0ABDED9
C0ACE687
C0ADEF4C
C0AEF925
C0B0040D
C0B10FFE
C0B21CF3
C0B32AE9
C0B439D9
C0B549BF
C0B65A97
C0B76C5B
C0B87F08
C0B99298
C0BAA707
C0BBBC50
C0BCD26F
C0BDE960
C0BF011E
C0C019A5
C0C132F1
C0C24CFE
C0C367C8
C0C4834A
C0C59F81
C0C6BC68
C0C7D9FD
C0C8F83B
C0CA171E
C0CB36A4
C0CC56C8
C0CD7787
C0CE98DE
C0CFBAC9
C0D0DD44
C0D2004E
C0D323E2
C0D447FE
C0D56C9E
C0D691BF
C0D7B75F
C0D8DD7B
C0DA0410
C0DB2B1B
C0DC5299
C0DD7A89
C0DEA2E6
C0DFCBB0
C0E0F4E3
C0E21E7D
C0E3487B
C0E472DC
C0E59D9D
C0E6C8BC
C0E7F437
C0E9200B
C0EA4C37
C0EB78B8
C0ECA58D
C0EDD2B4
C0EF002A
C0F02DEF
C0F15BFF
C0F28A5A
C0F3B8FE
C0F4E7E8
C0F61718
C0F7468C
C0F87642
C0F9A638
C0FAD66E
C0FC06E1
C0FD3791
C0FE687C
C0FF99A0
C100657E
C100FE47
C101972C
C102302A
C102C942
C1036273
C103FBBC
C104951D
C1052E96
C105C825
C10661CA
C106FB85
C1079555
C1082F3A
C108C933
C1096340
C109FD5F
C10A9792
C10B31D7
C10BCC2E
C10C6697
C10D0110
C10D9B9A
C10E3635
C10ED0DF
C10F6B99
C1100662
C110A13A
C1113C20
C111D715
C1127217
C1130D27
C113A844
C114436E
C114DEA4
C11579E6
C1161535
C116B08F
C1174BF4
C117E765
C11882E0
C1191E66
C119B9F7
C11A5591
C11AF136
C11B8CE3
C11C289B
C11CC45B
C11D6025
C11DFBF7
C0345EDA
C0354427
C0362A81
C03711ED
C037FA71
C038E413
C039CEDA
C03ABACF
C03BA7F8
C03C965E
C03D8609
C03E7704
C03F6956
C0405D0B
C041522B
C04248C1
C04340D7
C0443A78
C04535B0
C0463288
C047310B
C0483146
C0493343
C04A370E
C04B3CB2
C04C443B
C04D4DB3
C04E5927
C04F66A2
C050762F
C05187DA
C0529BAE
C053B1B7
C054C9FF
C055E493
C057017C
C05820C6
C059427C
C05A66A8
C05B8D56
C05CB68F
C05DE25E
C05F10CD
C06041E6
C06175B3
C062AC3D
C063E58E
C06521AF
C06660A9
C067A285
C068E74A
C06A2F03
C06B79B5
C06CC76A
C06E1828
C06F6BF7
C070C2DE
C0721CE3
C0737A0C
C074DA60
C0763DE4
C077A49D
C0790E90
C07A7BC2
C07BEC37
C07D5FF3
C07ED6F9
C08028A6
C080E778
C081A7F3
C0826A19
C0832DE9
C083F364
C084BA8C
C0858360
C0864DDF
C0871A0B
C087E7E1
C088B763
C089888E
C08A5B62
C08B2FDE
C08C05FF
C08CDDC6
C08DB72E
C08E9238
C08F6EDF
C0904D23
C0912D01
C0920E75
C092F17C
C093D615
C094BC3B
C095A3EC
C0968D23
C09777DD
C0986417
C09951CC
C09A40F8
C09B3197
C09C23A6
C09D171F
C09E0BFE
C09F023F
C09FF9DD
C0A0F2D3
C0A1ED1D
C0A2E8B6
C0A3E59A
C0A4E3C2
C0A5E32B
C0A6E3CF
C0A7E5AA
C0A8E8B6
C0A9ECEE
C0AAF24E
C0ABF8D1
C0AD0071
C0AE0929
C0AF12F5
C0B01DD0
C0B129B4
C0B2369D
C0B34486
C0B4536B
C0B56345
C0B67411
C0B785CA
C0B8986B
C0B9ABF0
C0BAC054
C0BBD593
C0BCEBA8
C0BE028E
C0BF1A42
C0C032BF
C0C14C02
C0C26605
C0C380C5
C0C49C3E
C0C5B86B
C0C6D54A
C0C7F2D6
C0C9110B
C0CA2FE6
C0CB4F63
C0CC6F7F
C0CD9036
C0CEB184
C0CFD367
C0D0F5DC
C0D218DE
C0D33C6A
C0D4607F
C0D58517
C0D6AA32
C0D7CFCB
C0D8F5E0
C0DA1C6E
C0DB4373
C0DC6AEB
C0DD92D4
C0DEBB2B
C0DFE3EF
C0E10D1C
C0E236B0
C0E360A9
C0E48B04
C0E5B5C0
C0E6E0D9
C0E80C4E
C0E9381D
C0EA6444
C0EB90C0
C0ECBD90
C0EDEAB2
C0EF1824
C0F045E4
C0F173F0
C0F2A246
C0F3D0E5
C0F4FFCC
C0F62EF7
C0F75E67
C0F88E19
C0F9BE0B
C0FAEE3D
C0FC1EAD
C0FD4F59
C0FE8040
C0FFB160
C100715C
C1010A24
C101A307
C1023C03
C102D51A
C1036E49
C1040791
C104A0F1
C1053A67
C105D3F5
C1066D99
C1070753
C107A121
C1083B05
C108D4FC
C1096F08
C10A0926
C10AA358
C10B3D9B
C10BD7F1
C10C7258
C10D0CD1
C10DA75A
C10E41F3
C10EDC9D
C10F7756
C110121E
C110ACF5
C11147DA
C111E2CE
C1127DCF
C11318DE
C113B3FA
C1144F23
C114EA58
C115859A
C11620E7
C116BC41
C11757A5
C117F315
C1188E90
C1192A15
C119C5A5
C11A613F
C11AFCE2
C11B988F
C11C3446
C11CD006
C11D6BCF
C11E07A0
C034A958
C0358E93
C03674D8
C0375C2D
C0384499
C0392E20
C03A18CB
C03B04A1
C03BF1A9
C03CDFED
C03DCF75
C03EC04A
C03FB275
C040A601
C0419AF7
C0429161
C043894B
C04482BE
C0457DC6
C0467A6E
C04778C0
C04878C8
C0497A92
C04A7E29
C04B8398
C04C8AEA
C04D942C
C04E9F69
C04FACAC
C050BC01
C051CD73
C052E10E
C053F6DD
C0550EEB
C0562944
C05745F3
C0586502
C059867D
C05AAA6E
C05BD0E0
C05CF9DE
C05E2572
C05F53A5
C0608483
C061B814
C062EE62
C0642778
C065635E
C066A21C
C067E3BD
C0692848
C06A6FC5
C06BBA3D
C06D07B8
C06E583C
C06FABD1
C071027F
C0725C4A
C073B93B
C0751956
C0767CA2
C077E323
C0794CDF
C07AB9DA
C07C2A19
C07D9D9E
C07F146F
C0804747
C08105FE
C081C65F
C082886A
C0834C21
C0841183
C084D891
C085A14C
C0866BB3
C08737C6
C0880585
C088D4EE
C089A602
C08A78BF
C08B4D23
C08C232E
C08CFADD
C08DD430
C08EAF23
C08F8BB5
C09069E4
C09149AC
C0922B0B
C0930DFE
C093F282
C094D894
C095C031
C096A955
C09793FC
C0988022
C0996DC4
C09A5CDE
C09B4D6B
C09C3F67
C09D32CF
C09E279C
C09F1DCC
C0A01559
C0A10E3F
C0A20879
C0A30401
C0A400D5
C0A4FEED
C0A5FE47
C0A6FEDC
C0A800A7
C0A903A4
C0AA07CE
C0AB0D20
C0AC1394
C0AD1B26
C0AE23D1
C0AF2D90
C0B0385D
C0B14435
C0B25111
C0B35EED
C0B46DC5
C0B57D94
C0B68E54
C0B7A001
C0B8B297
C0B9C610
C0BADA69
C0BBEF9C
C0BD05A6
C0BE1C82
C0BF342C
C0C04C9E
C0C165D7
C0C27FD0
C0C39A86
C0C4B5F5
C0C5D219
C0C6EEEE
C0C80C71
C0C92A9D
C0CA496F
C0CB68E4
C0CC88F7
C0CDA9A6
C0CECAEC
C0CFECC7
C0D10F33
C0D2322D
C0D355B2
C0D479BF
C0D59E51
C0D6C364
C0D7E8F6
C0D90F04
C0DA358B
C0DB5C89
C0DC83FA
C0DDABDD
C0DED42E
C0DFFCEB
C0E12612
C0E24FA0
C0E37993
C0E4A3E8
C0E5CE9E
C0E6F9B2
C0E82522
C0E950EB
C0EA7D0D
C0EBA984
C0ECD64F
C0EE036C
C0EF30D8
C0F05E93
C0F18C9B
C0F2BAED
C0F3E987
C0F51869
C0F64790
C0F776FC
C0F8A6A9
C0F9D698
C0FB06C6
C0FC3731
C0FD67D9
C0FE98BC
C0FFC9D9
C1007D97
C101165D
C101AF3E
C1024839
C102E14E
C1037A7B
C10413C2
C104AD20
C1054695
C105E021
C10679C3
C107137C
C107AD49
C108472B
C108E121
C1097B2B
C10A1548
C10AAF79
C10B49BB
C10BE410
C10C7E76
C10D18ED
C10DB375
C10E4E0D
C10EE8B5
C10F836D
C1101E34
C110B90A
C11153EF
C111EEE1
C11289E2
C11324EF
C113C00B
C1145B32
C114F667
C11591A8
C1162CF5
C116C84D
C11763B1
C117FF20
C1189A9A
C119361E
C119D1AD
C11A6D46
C11B08E9
C11BA496
C11C404C
C11CDC0B
C11D77D3
C11E13A4
C034F652
C035DB79
C036C1A8
C037A8E5
C0389136
C0397AA1
C03A652D
C03B50E2
C03C3DC8
C03D2BE8
C03E1B4A
C03F0BF7
C03FFDF8
C040F159
C041E622
C042DC5F
C043D419
C044CD5C
C045C832
C046C4A7
C047C2C5
C048C299
C049C42D
C04AC78D
C04BCCC4
C04CD3DE
C04DDCE7
C04EE7EA
C04FF4F3
C051040D
C0521544
C05328A4
C0543E37
C0555608
C0567025
C0578C96
C058AB68
C059CCA6
C05AF059
C05C168E
C05D3F4D
C05E6AA3
C05F9899
C060C938
C061FC8B
C063329C
C0646B74
C065A71C
C066E59D
C0682700
C0696B4E
C06AB28F
C06BFCCA
C06D4A08
C06E9A50
C06FEDAA
C071441C
C0729DAC
C073FA62
C0755A43
C076BD54
C078239C
C0798D1F
C07AF9E1
C07C69E7
C07DDD35
C07F53CD
C08066DA
C0812576
C081E5BC
C082A7AD
C0836B49
C0843091
C084F785
C085C026
C0868A73
C087566D
C0882413
C088F364
C089C45F
C08A9703
C08B6B50
C08C4143
C08D18DB
C08DF217
C08ECCF3
C08FA96F
C0908787
C0916739
C0924883
C0932B61
C0940FD0
C094F5CD
C095DD55
C096C665
C097B0F7
C0989D0A
C0998A99
C09A799F
C09B6A1A
C09C5C04
C09D4F59
C09E4414
C09F3A32
C0A031AE
C0A12A82
C0A224AB
C0A32023
C0A41CE6
C0A51AEE
C0A61A37
C0A71ABC
C0A81C78
C0A91F66
C0AA2381
C0AB28C4
C0AC2F2A
C0AD36AE
C0AE3F4A
C0AF48FB
C0B053BB
C0B15F85
C0B26C54
C0B37A23
C0B488EE
C0B598B0
C0B6A964
C0B7BB05
C0B8CD8E
C0B9E0FC
C0BAF549
C0BC0A71
C0BD2070
C0BE3741
C0BF4EDF
C0C06747
C0C18075
C0C29A64
C0C3B510
C0C4D075
C0C5EC8F
C0C7095B
C0C826D4
C0C944F7
C0CA63C0
C0CB832C
C0CCA336
C0CDC3DC
C0CEE51A
C0D006EC
C0D12950
C0D24C42
C0D36FBF
C0D493C4
C0D5B84E
C0D6DD5A
C0D802E4
C0D928EB
C0DA4F6B
C0DB7662
C0DC9DCC
C0DDC5A8
C0DEEDF3
C0E016AA
C0E13FCA
C0E26952
C0E3933F
C0E4BD8E
C0E5E83E
C0E7134C
C0E83EB6
C0E96A7A
C0EA9696
C0EBC308
C0ECEFCD
C0EE1CE5
C0EF4A4D
C0F07803
C0F1A605
C0F2D452
C0F402E8
C0F531C5
C0F660E8
C0F7904F
C0F8BFF8
C0F9EFE3
C0FB200C
C0FC5074
C0FD8118
C0FEB1F7
C0FFE310
C1008A30
C10122F5
C101BBD4
C10254CD
C102EDE0
C103870C
C1042050
C104B9AD
C1055321
C105ECAB
C106864C
C1072003
C107B9CE
C10853AF
C108EDA4
C10987AD
C10A21C8
C10ABBF7
C10B5639
C10BF08C
C10C8AF1
C10D2567
C10DBFED
C10E5A85
C10EF52C
C10F8FE2
C1102AA8
C110C57D
C1116061
C111FB52
C1129651
C113315E
C113CC78
C11467A0
C11502D3
C1159E13
C116395F
C116D4B7
C117701A
C1180B88
C118A701
C1194285
C119DE13
C11A79AB
C11B154D
C11BB0F9
C11C4CAE
C11CE86D
C11D8434
C11E2005
C03545DB
C0362AEC
C0371103
C037F825
C038E05A
C039C9A6
C03AB411
C03B9FA4
C03C8C65
C03D7A5E
C03E6997
C03F5A1A
C0404BF0
C0413F23
C04233BE
C04329CA
C0442153
C0451A62
C0461504
C0471144
C0480F2C
C0490EC8
C04A1023
C04B134A
C04C1847
C04D1F26
C04E27F4
C04F32BB
C0503F87
C0514E64
C0525F5D
C053727E
C05487D2
C0559F65
C056B942
C057D574
C058F406
C05A1504
C05B3877
C05C5E6B
C05D86EB
C05EB200
C05FDFB5
C0611015
C0624328
C06378F8
C064B190
C065ECF8
C0672B3A
C0686C5D
C069B06C
C06AF76D
C06C416A
C06D8E69
C06EDE73
C070318E
C07187C3
C072E116
C0743D8F
C0759D33
C0770008
C0786614
C079CF5B
C07B3BE3
C07CABAE
C07E1EC2
C07F9521
C0808768
C08145E8
C0820612
C082C7E6
C0838B67
C0845093
C085176D
C085DFF3
C086AA26
C0877606
C0884392
C08912C9
C089E3AB
C08AB636
C08B8A6A
C08C6045
C08D37C5
C08E10E9
C08EEBAE
C08FC812
C090A613
C09185AF
C09266E2
C09349AA
C0942E03
C09513EB
C095FB5E
C096E458
C097CED7
C098BAD5
C099A850
C09A9742
C09B87A9
C09C7980
C09D6CC2
C09E616B
C09F5776
C0A04EE0
C0A147A2
C0A241BA
C0A33D20
C0A439D2
C0A537CA
C0A63702
C0A73777
C0A83923
C0A93C01
C0AA400D
C0AB4540
C0AC4B97
C0AD530C
C0AE5B9A
C0AF653C
C0B06FEE
C0B17BAA
C0B2886B
C0B3962D
C0B4A4EB
C0B5B49F
C0B6C546
C0B7D6DB
C0B8E958
C0B9FCB9
C0BB10FA
C0BC2617
C0BD3C0A
C0BE52CF
C0BF6A63
C0C082C0
C0C19BE2
C0C2B5C7
C0C3D068
C0C4EBC3
C0C607D3
C0C72495
C0C84204
C0C9601D
C0CA7EDD
C0CB9E3F
C0CCBE40
C0CDDEDD
C0CF0012
C0D021DC
C0D14437
C0D26721
C0D38A96
C0D4AE93
C0D5D315
C0D6F819
C0D81D9C
C0D9439B
C0DA6A14
C0DB9103
C0DCB867
C0DDE03B
C0DF087F
C0E0312F
C0E15A49
C0E283CA
C0E3ADB1
C0E4D7FA
C0E602A3
C0E72DAC
C0E85910
C0E984CE
C0EAB0E4
C0EBDD50
C0ED0A11
C0EE3723
C0EF6485
C0F09236
C0F1C033
C0F2EE7C
C0F41D0D
C0F54BE5
C0F67B03
C0F7AA66
C0F8DA0A
C0FA09F0
C0FB3A16
C0FC6A79
C0FD9B19
C0FECBF4
C0FFFD09
C100972B
C1012FED
C101C8CA
C10261C2
C102FAD3
C10393FD
C1042D40
C104C69B
C105600D
C105F996
C1069335
C1072CEA
C107C6B4
C1086094
C108FA87
C109948E
C10A2EA9
C10AC8D6
C10B6316
C10BFD68
C10C97CC
C10D3240
C10DCCC6
C10E675C
C10F0202
C10F9CB7
C110377C
C110D250
C1116D32
C1120823
C112A321
C1133E2D
C113D946
C114746C
C1150F9F
C115AADE
C1164629
C116E17F
C1177CE2
C118184F
C118B3C7
C1194F4A
C119EAD8
C11A866F
C11B2210
C11BBDBC
C11C5970
C11CF52E
C11D90F5
C11E2CC4
C0359803
C0367CFC
C03762F9
C0384A00
C0393215
C03A1B41
C03B0589
C03BF0F6
C03CDD91
C03DCB61
C03EBA6F
C03FAAC5
C0409C6D
C0418F70
C04283D9
C04379B2
C0447107
C04569E1
C046644C
C0476053
C0485E02
C0495D64
C04A5E85
C04B616F
C04C6630
C04D6CD2
C04E7561
C04F7FE9
C0508C76
C0519B13
C052ABCB
C053BEAB
C054D3BE
C055EB10
C05704AB
C058209B
C0593EEB
C05A5FA6
C05B82D6
C05CA888
C05DD0C5
C05EFB97
C060290A
C0615926
C0628BF7
C063C185
C064F9DA
C0663500
C06772FF
C068B3E1
C069F7AE
C06B3E6E
C06C8829
C06DD4E8
C06F24B1
C070778C
C071CD80
C0732694
C07482CE
C075E233
C07744CB
C078AA99
C07A13A2
C07B7FED
C07CEF7C
C07E6254
C07FD878
C080A8F5
C0816758
C0822765
C082E91D
C083AC81
C0847192
C085384F
C08600BA
C086CAD2
C0879696
C0886407
C0893324
C08A03EC
C08AD65E
C08BAA78
C08C803A
C08D57A1
C08E30AC
C08F0B59
C08FE7A5
C090C58E
C091A512
C092862E
C09368DF
C0944D22
C09532F4
C0961A51
C0970336
C097ED9F
C098D988
C099C6EE
C09AB5CD
C09BA61F
C09C97E2
C09D8B10
C09E7FA6
C09F759F
C0A06CF5
C0A165A5
C0A25FAA
C0A35AFF
C0A4579F
C0A55586
C0A654AD
C0A75511
C0A856AD
C0A9597A
C0AA5D76
C0AB6299
C0AC68E0
C0AD7046
C0AE78C5
C0AF8258
C0B08CFB
C0B198A9
C0B2A55C
C0B3B310
C0B4C1C0
C0B5D167
C0B6E201
C0B7F388
C0B905F9
C0BA194E
C0BB2D82
C0BC4292
C0BD5879
C0BE6F33
C0BF86BB
C0C09F0C
C0C1B824
C0C2D1FD
C0C3EC94
C0C507E4
C0C623E9
C0C740A1
C0C85E06
C0C97C15
C0CA9ACB
C0CBBA24
C0CCDA1B
C0CDFAAF
C0CF1BDB
C0D03D9C
C0D15FEE
C0D282CF
C0D3A63C
C0D4CA30
C0D5EEAA
C0D713A6
C0D83921
C0D95F18
C0DA8589
C0DBAC71
C0DCD3CD
C0DDFB9B
C0DF23D8
C0E04C81
C0E17594
C0E29F0E
C0E3C8EE
C0E4F331
C0E61DD4
C0E748D6
C0E87434
C0E99FEC
C0EACBFD
C0EBF863
C0ED251E
C0EE522A
C0EF7F87
C0F0AD33
C0F1DB2B
C0F3096E
C0F437FA
C0F566CE
C0F695E7
C0F7C545
C0F8F4E5
C0FA24C6
C0FB54E7
C0FC8546
C0FDB5E1
C0FEE6B8
C1000BE4
C100A489
C1013D49
C101D625
C1026F1A
C1030829
C103A152
C1043A93
C104D3EC
C1056D5C
C10606E4
C106A081
C1073A35
C107D3FD
C1086DDB
C10907CD
C109A1D2
C10A3BEC
C10AD618
C10B7056
C10C0AA7
C10CA509
C10D3F7C
C10DDA01
C10E7495
C10F0F3A
C10FA9EE
C11044B2
C110DF85
C1117A66
C1121555
C112B052
C1134B5D
C113E675
C114819A
C1151CCC
C115B80A
C1165354
C116EEAA
C1178A0B
C1182578
C118C0EF
C1195C71
C119F7FE
C11A9395
C11B2F35
C11BCAE0
C11C6693
C11D0250
C11D9E17
C11E39E5
C035ECDD
C036D1BD
C037B79E
C0389E85
C039867A
C03A6F82
C03B59A6
C03C44EC
C03D315C
C03E1F01
C03F0DE2
C03FFE09
C040EF80
C041E250
C042D685
C043CC29
C044C346
C045BBE8
C046B619
C047B1E6
C048AF59
C049AE7E
C04AAF61
C04BB20D
C04CB68E
C04DBCF0
C04EC53E
C04FCF84
C050DBCF
C051EA29
C052FA9F
C0540D3B
C055220A
C0563918
C057526E
C0586E19
C0598C24
C05AAC9A
C05BCF86
C05CF4F2
C05E1CE9
C05F4777
C06074A4
C061A47B
C062D706
C0640C4F
C0654460
C0667F41
C067BCFC
C068FD99
C06A4122
C06B879E
C06CD116
C06E1D91
C06F6D18
C070BFB1
C0721563
C0736E35
C074CA2D
C0762952
C0778BA9
C078F137
C07A5A01
C07BC60C
C07D355D
C07EA7F7
C0800EEF
C080CB8A
C08189CE
C08249BD
C0830B57
C083CE9E
C0849392
C0855A32
C0862281
C086EC7C
C087B825
C088857A
C089547C
C08A2529
C08AF780
C08BCB80
C08CA127
C08D7875
C08E5166
C08F2BFA
C090082D
C090E5FE
C091C56A
C092A66E
C0938908
C0946D33
C09552EE
C0963A35
C0972303
C0980D56
C098F92A
C099E67A
C09AD544
C09BC581
C09CB730
C09DAA4A
C09E9ECC
C09F94B1
C0A08BF4
C0A18491
C0A27E83
C0A379C5
C0A47653
C0A57428
C0A6733E
C0A77390
C0A8751A
C0A977D7
C0AA7BC2
C0AB80D5
C0AC870C
C0AD8E62
C0AE96D2
C0AFA056
C0B0AAE9
C0B1B688
C0B2C32D
C0B3D0D2
C0B4DF74
C0B5EF0D
C0B6FF99
C0B81113
C0B92376
C0BA36BE
C0BB4AE6
C0BC5FE9
C0BD75C4
C0BE8C71
C0BFA3ED
C0C0BC33
C0C1D53F
C0C2EF0C
C0C40998
C0C524DD
C0C640D8
C0C75D84
C0C87ADF
C0C998E4
C0CAB790
C0CBD6DE
C0CCF6CC
C0CE1756
C0CF3879
C0D05A31
C0D17C7A
C0D29F52
C0D3C2B6
C0D4E6A2
C0D60B13
C0D73006
C0D85579
C0D97B69
C0DAA1D2
C0DBC8B2
C0DCF006
C0DE17CD
C0DF4002
C0E068A4
C0E191B0
C0E2BB23
C0E3E4FC
C0E50F38
C0E639D5
C0E764D0
C0E89028
C0E9BBDA
C0EAE7E5
C0EC1445
C0ED40FA
C0EE6E01
C0EF9B58
C0F0C8FE
C0F1F6F1
C0F3252E
C0F453B5
C0F58284
C0F6B198
C0F7E0F1
C0F9108C
C0FA4069
C0FB7085
C0FCA0DF
C0FDD176
C0FF0249
C10019AB
C100B24D
C1014B0B
C101E3E5
C1027CD8
C10315E6
C103AF0C
C104484B
C104E1A2
C1057B11
C1061497
C106AE33
C10747E4
C107E1AB
C1087B87
C1091578
C109AF7C
C10A4993
C10AE3BE
C10B7DFB
C10C184A
C10CB2AB
C10D4D1D
C10DE7A0
C10E8234
C10F1CD7
C10FB78A
C110524D
C110ED1E
C11187FE
C11222EC
C112BDE8
C11358F2
C113F409
C1148F2D
C1152A5E
C115C59B
C11660E4
C116FC39
C1179799
C1183305
C118CE7B
C11969FD
C11A0588
C11AA11E
C11B3CBE
C11BD868
C11C741B
C11D0FD7
C11DAB9C
C11E476A
C036447B
C037293F
C0380F02
C038F5C9
C039DD9A
C03AC67D
C03BB079
C03C9B95
C03D87D9
C03E7550
C03F6401
C04053F6
C0414539
C04237D4
C0432BD2
C044213E
C0451821
C0461088
C0470A7D
C048060C
C0490341
C04A0226
C04B02C8
C04C0533
C04D0971
C04E0F90
C04F179A
C050219D
C0512DA2
C0523BB7
C0534BE7
C0545E3D
C05572C5
C056898B
C057A29B
C058BDFE
C059DBC2
C05AFBF0
C05C1E94
C05D43B8
C05E6B67
C05F95AD
C060C292
C061F221
C0632465
C0645966
C065912F
C066CBC9
C068093D
C0694994
C06A8CD6
C06BD30C
C06D1C3E
C06E6874
C06FB7B5
C0710A09
C0725F77
C073B805
C07513BA
C076729B
C077D4B0
C07939FB
C07AA284
C07C0E4E
C07D7D5E
C07EEFB8
C08032AF
C080EF2B
C081AD50
C0826D20
C0832E9C
C083F1C4
C084B69A
C0857D1D
C086454D
C0870F2C
C087DAB8
C088A7F1
C08976D6
C08A4767
C08B19A2
C08BED87
C08CC314
C08D9A47
C08E731E
C08F4D98
C09029B2
C0910769
C091E6BC
C092C7A8
C093AA29
C0948E3C
C09573E0
C0965B0F
C09743C6
C0982E02
C09919C0
C09A06FA
C09AF5AD
C09BE5D6
C09CD76F
C09DCA74
C09EBEE1
C09FB4B2
C0A0ABE1
C0A1A46B
C0A29E49
C0A39979
C0A495F4
C0A593B6
C0A692B9
C0A792FA
C0A89472
C0A9971E
C0AA9AF7
C0AB9FFA
C0ACA620
C0ADAD66
C0AEB5C5
C0AFBF39
C0B0C9BD
C0B1D54D
C0B2E1E2
C0B3EF79
C0B4FE0C
C0B60D97
C0B71E15
C0B82F81
C0B941D6
C0BA5510
C0BB692B
C0BC7E21
C0BD93EF
C0BEAA90
C0BFC1FF
C0C0DA39
C0C1F339
C0C30CFB
C0C4277A
C0C542B4
C0C65EA4
C0C77B45
C0C89895
C0C9B690
C0CAD531
C0CBF475
C0CD1459
C0CE34D9
C0CF55F2
C0D077A0
C0D199E0
C0D2BCAF
C0D3E009
C0D503EC
C0D62854
C0D74D3F
C0D872AA
C0D99891
C0DABEF2
C0DBE5CA
C0DD0D17
C0DE34D5
C0DF5D03
C0E0859D
C0E1AEA2
C0E2D80E
C0E401E0
C0E52C15
C0E656AB
C0E781A0
C0E8ACF1
C0E9D89D
C0EB04A1
C0EC30FB
C0ED5DAA
C0EE8AAB
C0EFB7FC
C0F0E59D
C0F2138A
C0F341C2
C0F47043
C0F59F0C
C0F6CE1C
C0F7FD6F
C0F92D06
C0FA5CDD
C0FB8CF5
C0FCBD4A
C0FDEDDD
C0FF1EAB
C10027DA
C100C07A
C1015936
C101F20D
C1028AFF
C103240A
C103BD2F
C104566C
C104EFC1
C105892E
C10622B2
C106BC4C
C10755FC
C107EFC1
C108899C
C109238A
C109BD8D
C10A57A3
C10AF1CC
C10B8C08
C10C2655
C10CC0B5
C10D5B25
C10DF5A7
C10E9039
C10F2ADB
C10FC58D
C110604E
C110FB1E
C11195FD
C11230EA
C112CBE5
C11366EE
C1140204
C1149D27
C1153856
C115D392
C1166EDA
C1170A2E
C117A58E
C11840F8
C118DC6E
C11977EE
C11A1379
C11AAF0E
C11B4AAD
C11BE656
C11C8208
C11D1DC4
C11DB988
C11E5556
C0369EEF
C0378396
C0386938
C0394FDC
C03A3788
C03B2043
C03C0A14
C03CF503
C03DE119
C03ECE5F
C03FBCDD
C040AC9D
C0419DAA
C042900D
C04383D2
C0447902
C0456FA9
C04667D1
C0476187
C0485CD6
C04959C9
C04A586B
C04B58CA
C04C5AF0
C04D5EEA
C04E64C2
C04F6C86
C0507641
C05181FF
C0528FCB
C0539FB2
C054B1BF
C055C5FE
C056DC7A
C057F540
C0591059
C05A2DD2
C05B4DB6
C05C700F
C05D94E9
C05EBC4D
C05FE648
C06112E3
C0624228
C0637421
C064A8D8
C065E057
C0671AA7
C06857D2
C06997DF
C06ADAD8
C06C20C6
C06D69AF
C06EB59D
C0700497
C07156A4
C072ABCB
C0740413
C0755F82
C076BE1E
C0781FED
C07984F5
C07AED39
C07C58C0
C07DC78D
C07F39A5
C0805785
C08113E0
C081D1E5
C0829195
C08352F1
C08415FA
C084DAB0
C085A115
C0866927
C08732E7
C087FE56
C088CB71
C0899A39
C08A6AAD
C08B3CCC
C08C1095
C08CE606
C08DBD1D
C08E95DA
C08F7038
C0904C38
C09129D5
C092090F
C092E9E1
C093CC49
C094B043
C09595CE
C0967CE5
C0976585
C0984FA9
C0993B50
C09A2873
C09B1710
C09C0722
C09CF8A5
C09DEB95
C09EDFED
C09FD5A9
C0A0CCC4
C0A1C539
C0A2BF03
C0A3BA1F
C0A4B687
C0A5B435
C0A6B326
C0A7B354
C0A8B4BA
C0A9B754
C0AABB1C
C0ABC00D
C0ACC622
C0ADCD56
C0AED5A5
C0AFDF09
C0B0E97D
C0B1F4FD
C0B30182
C0B40F0A
C0B51D8E
C0B62D0A
C0B73D79
C0B84ED6
C0B9611E
C0BA744A
C0BB8857
C0BC9D40
C0BDB300
C0BEC994
C0BFE0F6
C0C0F923
C0C21217
C0C32BCD
C0C44640
C0C5616E
C0C67D52
C0C799E9
C0C8B72D
C0C9D51D
C0CAF3B3
C0CC12ED
C0CD32C6
C0CE533C
C0CF744A
C0D095EF
C0D1B825
C0D2DAEA
C0D3FE3B
C0D52215
C0D64674
C0D76B56
C0D890B8
C0D9B696
C0DADCEF
C0DC03BF
C0DD2B03
C0DE52BA
C0DF7AE0
C0E0A372
C0E1CC6F
C0E2F5D4
C0E41F9F
C0E549CD
C0E6745C
C0E79F4A
C0E8CA94
C0E9F639
C0EB2237
C0EC4E8B
C0ED7B33
C0EEA82E
C0EFD57A
C0F10314
C0F230FB
C0F35F2E
C0F48DA9
C0F5BC6D
C0F6EB77
C0F81AC5
C0F94A57
C0FA7A29
C0FBAA3C
C0FCDA8C
C0FE0B1A
C0FF3BE4
C1003674
C100CF12
C10167CC
C10200A1
C1029990
C1033299
C103CBBC
C10464F7
C104FE4B
C10597B5
C1063137
C106CAD0
C107647E
C107FE41
C108981A
C1093207
C109CC08
C10A661D
C10B0044
C10B9A7E
C10C34CA
C10CCF28
C10D6997
C10E0418
C10E9EA8
C10F3949
C10FD3FA
C1106EB9
C1110988
C111A466
C1123F52
C112DA4C
C1137553
C1141068
C114AB8A
C11546B8
C115E1F3
C1167D3A
C117188D
C117B3EB
C1184F55
C118EACA
C1198649
C11A21D3
C11ABD67
C11B5905
C11BF4AD
C11C905F
C11D2C19
C11DC7DD
C11E63AA
C036FC4D
C037E0D3
C038C652
C039ACD1
C03A9455
C03B7CE5
C03C6689
C03D5149
C03E3D2E
C03F2A3F
C0401888
C0410811
C041F8E4
C042EB0D
C043DE94
C044D386
C045C9ED
C046C1D5
C047BB48
C048B654
C049B302
C04AB15F
C04BB177
C04CB356
C04DB707
C04EBC97
C04FC411
C050CD82
C051D8F4
C052E676
C053F611
C05507D2
C0561BC4
C05731F4
C0584A6C
C0596539
C05A8264
C05BA1FB
C05CC406
C05DE893
C05F0FAA
C0603957
C06165A5
C062949D
C063C649
C064FAB3
C06631E6
C0676BEA
C068A8C8
C069E889
C06B2B37
C06C70D9
C06DB978
C06F051C
C07053CC
C071A58F
C072FA6D
C074526C
C075AD93
C0770BE7
C0786D6F
C079D230
C07B3A2E
C07CA570
C07E13F8
C07F85CB
C0807D76
C08139AF
C081F793
C082B722
C083785E
C0843B46
C084FFDC
C085C621
C0868E14
C08757B5
C0882305
C088F002
C089BEAC
C08A8F02
C08B6104
C08C34B0
C08D0A04
C08DE0FF
C08EB99F
C08F93E2
C0906FC6
C0914D49
C0922C68
C0930D1F
C093EF6D
C094D34F
C095B8C0
C0969FBE
C0978845
C0987252
C0995DE0
C09A4AEC
C09B3972
C09C296D
C09D1ADA
C09E0DB3
C09F01F5
C09FF79B
C0A0EEA1
C0A1E701
C0A2E0B7
C0A3DBBE
C0A4D812
C0A5D5AD
C0A6D48A
C0A7D4A5
C0A8D5F8
C0A9D87F
C0AADC35
C0ABE114
C0ACE717
C0ADEE3A
C0AEF678
C0AFFFCB
C0B10A2E
C0B2159D
C0B32213
C0B42F8A
C0B53DFF
C0B64D6B
C0B75DCB
C0B86F1A
C0B98153
C0BA9471
C0BBA86F
C0BCBD4A
C0BDD2FD
C0BEE983
C0C000D9
C0C118F9
C0C231DF
C0C34B88
C0C465F0
C0C58111
C0C69CE9
C0C7B974
C0C8D6AD
C0C9F491
C0CB131C
C0CC324B
C0CD521A
C0CE7285
C0CF9389
C0D0B523
C0D1D74F
C0D2FA0A
C0D41D52
C0D54122
C0D66578
C0D78A50
C0D8AFA9
C0D9D57F
C0DAFBCF
C0DC2296
C0DD49D2
C0DE7180
C0DF999E
C0E0C229
C0E1EB1E
C0E3147B
C0E43E3E
C0E56865
C0E692ED
C0E7BDD3
C0E8E917
C0EA14B5
C0EB40AC
C0EC6CF9
C0ED999B
C0EEC68F
C0EFF3D5
C0F12169
C0F24F4A
C0F37D77
C0F4ABED
C0F5DAAB
C0F709AF
C0F838F8
C0F96884
C0FA9851
C0FBC85F
C0FCF8AB
C0FE2933
C0FF59F8
C100457B
C100DE17
C10176CF
C1020FA2
C102A88F
C1034196
C103DAB7
C10473F0
C1050D41
C105A6AA
C106402A
C106D9C0
C107736D
C1080D2F
C108A705
C10940F1
C109DAF0
C10A7503
C10B0F29
C10BA961
C10C43AC
C10CDE08
C10D7876
C10E12F5
C10EAD84
C10F4823
C10FE2D2
C1107D91
C111185E
C111B33B
C1124E25
C112E91E
C1138424
C1141F38
C114BA58
C1155586
C115F0C0
C1168C06
C1172757
C117C2B5
C1185E1D
C118F991
C1199510
C11A3098
C11ACC2C
C11B67C9
C11C0370
C11C9F20
C11D3ADA
C11DD69D
C11E7269
C0375CA7
C038410A
C0392664
C03A0CBA
C03AF413
C03BDC76
C03CC5EA
C03DB078
C03E9C28
C03F8903
C0407713
C0416662
C04256F9
C04348E3
C0443C2B
C04530DB
C0462700
C0471EA3
C04817D1
C0491296
C04A0EFD
C04B0D11
C04C0CDF
C04D0E74
C04E11D9
C04F171D
C0501E4B
C051276E
C0523293
C0533FC6
C0544F13
C0556085
C0567428
C0578A08
C058A230
C059BCAC
C05AD988
C05BF8CE
C05D1A8A
C05E3EC6
C05F658D
C0608EEA
C061BAE7
C062E98F
C0641AEC
C0654F07
C06685EA
C067BF9F
C068FC2E
C06A3BA1
C06B7E01
C06CC355
C06E0BA7
C06F56FD
C070A561
C071F6D8
C0734B6A
C074A31E
C075FDFA
C0775C05
C078BD43
C07A21BB
C07B8971
C07CF46A
C07E62AB
C07FD438
C080A489
C08160A0
C0821E61
C082DDCE
C0839EE8
C08461AF
C0852624
C085EC48
C086B41B
C0877D9C
C08848CC
C08915A9
C089E435
C08AB46C
C08B8650
C08C59DD
C08D2F14
C08E05F2
C08EDE75
C08FB89C
C0909464
C09171CB
C09250CE
C093316A
C094139E
C094F765
C095DCBC
C096C3A0
C097AC0E
C0989602
C0998177
C09A6E6B
C09B5CD9
C09C4CBC
C09D3E12
C09E30D4
C09F2500
C0A01A8F
C0A1117F
C0A209C9
C0A3036A
C0A3FE5C
C0A4FA9B
C0A5F822
C0A6F6EB
C0A7F6F2
C0A8F832
C0A9FAA6
C0AAFE48
C0AC0315
C0AD0906
C0AE1017
C0AF1843
C0B02184
C0B12BD7
C0B23735
C0B3439A
C0B45101
C0B55F65
C0B66EC2
C0B77F12
C0B89052
C0B9A27B
C0BAB58A
C0BBC97A
C0BCDE47
C0BDF3EB
C0BF0A64
C0C021AB
C0C139BE
C0C25297
C0C36C33
C0C4868E
C0C5A1A3
C0C6BD6F
C0C7D9ED
C0C8F71A
C0CA14F2
C0CB3372
C0CC5295
C0CD7259
C0CE92B9
C0CFB3B2
C0D0D542
C0D1F764
C0D31A15
C0D43D52
C0D56118
C0D68564
C0D7AA34
C0D8CF83
C0D9F54F
C0DB1B96
C0DC4255
C0DD6988
C0DE912E
C0DFB943
C0E0E1C5
C0E20AB3
C0E33408
C0E45DC3
C0E587E2
C0E6B262
C0E7DD42
C0E9087E
C0EA3415
C0EB6005
C0EC8C4B
C0EDB8E7
C0EEE5D5
C0F01313
C0F140A1
C0F26E7C
C0F39CA3
C0F4CB13
C0F5F9CB
C0F728CA
C0F8580D
C0F98793
C0FAB75B
C0FBE763
C0FD17AA
C0FE482E
C0FF78ED
C10054F4
C100ED8D
C1018642
C1021F13
C102B7FE
C1035103
C103EA21
C1048358
C1051CA7
C105B60E
C1064F8C
C106E921
C10782CB
C1081C8B
C108B660
C109504A
C109EA47
C10A8458
C10B1E7C
C10BB8B3
C10C52FC
C10CED57
C10D87C3
C10E2240
C10EBCCE
C10F576C
C10FF21A
C1108CD7
C11127A3
C111C27E
C1125D67
C112F85F
C1139364
C1142E76
C114C996
C11564C2
C115FFFA
C1169B3F
C1173690
C117D1EC
C1186D54
C11908C7
C119A444
C11A3FCC
C11ADB5E
C11B76FB
C11C12A1
C11CAE50
C11D4A09
C11DE5CB
C11E8196
C037C010
C038A44E
C039897F
C03A6FAA
C03B56D6
C03C3F08
C03D284A
C03E12A2
C03EFE1B
C03FEABD
C040D891
C041C7A2
C042B7F9
C043A9A2
C0449CA7
C0459113
C04686F1
C0477E4E
C0487733
C04971AE
C04A6DCA
C04B6B92
C04C6B14
C04D6C5A
C04E6F72
C04F7466
C0507B44
C0518417
C0528EEB
C0539BCC
C054AAC7
C055BBE7
C056CF37
C057E4C5
C058FC9A
C05A16C4
C05B334C
C05C523F
C05D73A7
C05E9790
C05FBE04
C060E70E
C06212B9
C063410E
C0647218
C065A5E1
C066DC72
C06815D5
C0695213
C06A9135
C06BD344
C06D1848
C06E604A
C06FAB51
C070F965
C0724A8D
C0739ED2
C074F638
C07650C7
C077AE85
C0790F77
C07A73A4
C07BDB0F
C07D45BE
C07EB3B6
C080127C
C080CCC6
C08188B9
C0824657
C08305A0
C083C697
C084893C
C0854D8F
C0861391
C086DB42
C087A4A2
C0886FB1
C0893C6F
C08A0ADA
C08ADAF2
C08BACB6
C08C8025
C08D553D
C08E2BFD
C08F0462
C08FDE6B
C090BA16
C0919760
C0927647
C09356C8
C09438E0
C0951C8B
C09601C8
C096E892
C097D0E5
C098BABF
C099A61B
C09A92F6
C09B814B
C09C7116
C09D6254
C09E54FE
C09F4913
C0A03E8B
C0A13564
C0A22D98
C0A32723
C0A42200
C0A51E29
C0A61B9B
C0A71A4F
C0A81A42
C0A91B6E
C0AA1DCE
C0AB215D
C0AC2616
C0AD2BF4
C0AE32F3
C0AF3B0C
C0B0443C
C0B14E7C
C0B259C9
C0B3661D
C0B47373
C0B581C7
C0B69113
C0B7A153
C0B8B283
C0B9C49D
C0BAD79C
C0BBEB7D
C0BD003B
C0BE15D1
C0BF2C3B
C0C04374
C0C15B79
C0C27445
C0C38DD3
C0C4A821
C0C5C329
C0C6DEE8
C0C7FB5A
C0C9187A
C0CA3646
C0CB54BA
C0CC73D2
C0CD938A
C0CEB3DE
C0CFD4CD
C0D0F651
C0D21868
C0D33B0F
C0D45E42
C0D581FE
C0D6A640
C0D7CB05
C0D8F04B
C0DA160E
C0DB3C4B
C0DC6301
C0DD8A2B
C0DEB1C8
C0DFD9D4
C0E1024E
C0E22B33
C0E35480
C0E47E34
C0E5A84B
C0E6D2C3
C0E7FD9B
C0E928D0
C0EA545F
C0EB8048
C0ECAC87
C0EDD91C
C0EF0603
C0F0333B
C0F160C2
C0F28E97
C0F3BCB7
C0F4EB21
C0F619D3
C0F748CC
C0F87809
C0F9A78A
C0FAD74C
C0FC074F
C0FD3790
C0FE680F
C0FF98C9
C10064DF
C100FD76
C1019629
C1022EF7
C102C7DF
C10360E2
C103F9FE
C1049333
C1052C80
C105C5E5
C1065F61
C106F8F3
C107929C
C1082C5A
C108C62D
C1096015
C109FA10
C10A941F
C10B2E42
C10BC877
C10C62BE
C10CFD18
C10D9782
C10E31FE
C10ECC8A
C10F6726
C11001D3
C1109C8E
C1113759
C111D233
C1126D1B
C1130811
C113A314
C1143E26
C114D944
C115746F
C1160FA6
C116AAEA
C117463A
C117E195
C1187CFB
C119186D
C119B3E9
C11A4F70
C11AEB01
C11B869D
C11C2242
C11CBDF1
C11D59A9
C11DF56A
C11E9134
C038269B
C0390AB1
C039EFB7
C03AD5B4
C03BBCAF
C03CA4AE
C03D8DBA
C03E77DA
C03F6318
C0404F7D
C0413D13
C0422BE2
C0431BF7
C0440D5B
C045001A
C045F43E
C046E9D3
C047E0E5
C048D97E
C049D3AC
C04ACF7A
C04BCCF3
C04CCC24
C04DCD1A
C04ECFDF
C04FD482
C050DB0C
C051E38B
C052EE0B
C053FA98
C055093E
C0561A08
C0572D04
C058423B
C05959BB
C05A738E
C05B8FC0
C05CAE5D
C05DCF6F
C05EF302
C0601920
C06141D4
C0626D29
C0639B28
C064CBDD
C065FF51
C067358D
C0686E9B
C069AA85
C06AE953
C06C2B0F
C06D6FC0
C06EB76F
C0700224
C0714FE6
C072A0BE
C073F4B1
C0754BC7
C076A607
C0780376
C079641A
C07AC7F8
C07C2F17
C07D9979
C07F0725
C0803C0E
C080F633
C081B200
C0826F7A
C0832E9F
C083EF72
C084B1F3
C0857623
C0863C02
C0870391
C087CCCF
C08897BC
C0896458
C08A32A2
C08B029A
C08BD43E
C08CA78D
C08D7C85
C08E5326
C08F2B6D
C0900558
C090E0E5
C091BE11
C0929CDB
C0937D3F
C0945F3A
C09542CA
C09627EA
C0970E99
C097F6D1
C098E091
C099CBD3
C09AB893
C09BA6CF
C09C9681
C09D87A6
C09E7A38
C09F6E34
C0A06395
C0A15A57
C0A25274
C0A34BE8
C0A446AE
C0A542C2
C0A6401D
C0A73EBD
C0A83E9A
C0A93FB1
C0AA41FD
C0AB4578
C0AC4A1D
C0AD4FE8
C0AE56D3
C0AF5EDA
C0B067F7
C0B17225
C0B27D60
C0B389A2
C0B496E7
C0B5A529
C0B6B465
C0B7C494
C0B8D5B3
C0B9E7BD
C0BAFAAD
C0BC0E7E
C0BD232D
C0BE38B4
C0BF4F0F
C0C0663A
C0C17E30
C0C296EE
C0C3B06E
C0C4CAAE
C0C5E5A9
C0C7015A
C0C81DBF
C0C93AD3
C0CA5893
C0CB76FA
C0CC9606
C0CDB5B2
C0CED5FB
C0CFF6DE
C0D11857
C0D23A62
C0D35CFE
C0D48026
C0D5A3D8
C0D6C810
C0D7ECCB
C0D91206
C0DA37C0
C0DB5DF3
C0DC849F
C0DDABC0
C0DED354
C0DFFB58
C0E123C9
C0E24CA5
C0E375EA
C0E49F95
C0E5C9A3
C0E6F414
C0E81EE4
C0E94A11
C0EA7599
C0EBA17A
C0ECCDB2
C0EDFA3F
C0EF271F
C0F05451
C0F181D1
C0F2AF9F
C0F3DDB9
C0F50C1D
C0F63AC9
C0F769BB
C0F898F2
C0F9C86D
C0FAF82A
C0FC2827
C0FD5862
C0FE88DB
C0FFB990
C1007540
C1010DD4
C101A685
C1023F50
C102D837
C1037137
C1040A51
C104A383
C1053CCE
C105D631
C1066FAA
C107093B
C107A2E1
C1083C9D
C108D66E
C1097054
C10A0A4E
C10AA45B
C10B3E7C
C10BD8AF
C10C72F5
C10D0D4C
C10DA7B5
C10E422F
C10EDCBA
C10F7755
C1101200
C110ACBA
C1114783
C111E25B
C1127D42
C1131836
C113B339
C1144E49
C114E966
C115848F
C1161FC6
C116BB08
C1175657
C117F1B1
C1188D16
C1192886
C119C402
C11A5F88
C11AFB18
C11B96B2
C11C3256
C11CCE04
C11D69BB
C11E057C
C11EA145
C038905B
C0397446
C03A591E
C03B3EEA
C03C25B1
C03D0D7A
C03DF64D
C03EE032
C03FCB32
C040B757
C041A4AA
C0429335
C0438304
C0447420
C0456695
C0465A6E
C0474FB7
C048467A
C0493EC4
C04A38A2
C04B341D
C04C3144
C04D3022
C04E30C3
C04F3334
C0503780
C0513DB4
C05245DC
C0535005
C0545C3A
C0556A88
C0567AFA
C0578D9C
C058A27A
C059B9A1
C05AD31B
C05BEEF4
C05D0D37
C05E2DF0
C05F512A
C06076EF
C0619F4A
C062CA46
C063F7ED
C0652849
C0665B65
C067914A
C068CA01
C06A0593
C06B440B
C06C8570
C06DC9CC
C06F1125
C0705B86
C071A8F4
C072F977
C0744D18
C075A3DB
C076FDC9
C0785AE6
C079BB39
C07B1EC7
C07C8596
C07DEFAA
C07F5D07
C08066D9
C08120D6
C081DC7E
C08299D1
C08358D2
C084197F
C084DBDC
C0859FE8
C08665A3
C0872D0E
C087F629
C088C0F3
C0898D6D
C08A5B95
C08B2B6B
C08BFCEE
C08CD01C
C08DA4F4
C08E7B74
C08F539B
C0902D67
C09108D5
C091E5E3
C092C48F
C093A4D5
C09486B3
C0956A26
C0964F2A
C09735BC
C0981DD9
C099077D
C099F2A4
C09ADF4A
C09BCD6B
C09CBD04
C09DAE0F
C09EA088
C09F946B
C0A089B4
C0A1805D
C0A27863
C0A371BF
C0A46C6E
C0A5686B
C0A665B0
C0A7643A
C0A86402
C0A96503
C0AA673A
C0AB6AA0
C0AC6F31
C0AD74E8
C0AE7BBF
C0AF83B2
C0B08CBC
C0B196D7
C0B2A200
C0B3AE2F
C0B4BB62
C0B5C993
C0B6D8BD
C0B7E8DB
C0B8F9EA
C0BA0BE3
C0BB1EC2
C0BC3284
C0BD4722
C0BE5C9A
C0BF72E5
C0C08A01
C0C1A1E9
C0C2BA98
C0C3D40A
C0C4EE3C
C0C60928
C0C724CD
C0C84124
C0C95E2B
C0CA7BDD
C0CB9A38
C0CCB937
C0CDD8D7
C0CEF914
C0D019EB
C0D13B58
C0D25D58
C0D37FE9
C0D4A306
C0D5C6AC
C0D6EADA
C0D80F8A
C0D934BC
C0DA5A6B
C0DB8094
C0DCA736
C0DDCE4E
C0DEF5D8
C0E01DD3
C0E1463B
C0E26F0E
C0E3984A
C0E4C1EC
C0E5EBF3
C0E7165B
C0E84122
C0E96C47
C0EA97C8
C0EBC3A1
C0ECEFD2
C0EE1C57
C0EF4930
C0F0765A
C0F1A3D4
C0F2D19B
C0F3FFAE
C0F52E0B
C0F65CB1
C0F78B9D
C0F8BACE
C0F9EA43
C0FB19F9
C0FC49F0
C0FD7A26
C0FEAA9A
C0FFDB49
C100861A
C1011EAB
C101B759
C1025022
C102E906
C1038204
C1041B1B
C104B44B
C1054D94
C105E6F4
C106806C
C10719FA
C107B39E
C1084D58
C108E727
C109810B
C10A1B03
C10AB50E
C10B4F2D
C10BE95F
C10C83A3
C10D1DF8
C10DB860
C10E52D8
C10EED61
C10F87FA
C11022A3
C110BD5C
C1115824
C111F2FA
C1128DDF
C11328D3
C113C3D4
C1145EE2
C114F9FE
C1159526
C116305B
C116CB9D
C11766EA
C1180243
C1189DA7
C1193916
C119D490
C11A7015
C11B0BA4
C11BA73E
C11C42E1
C11CDE8E
C11D7A44
C11E1603
C11EB1CB
C038FD63
C039E120
C03AC5C7
C03BAB60
C03C91F0
C03D797F
C03E6215
C03F4BBB
C040367A
C041225B
C0420F69
C042FDAD
C043ED31
C044DE02
C045D02A
C046C3B4
C047B8AD
C048AF1E
C049A716
C04AA09F
C04B9BC6
C04C9897
C04D971E
C04E9767
C04F997F
C0509D72
C051A34C
C052AB1A
C053B4E8
C054C0C2
C055CEB4
C056DECA
C057F110
C0590593
C05A1C5D
C05B357A
C05C50F7
C05D6EDE
C05E8F3A
C05FB218
C060D781
C061FF80
C0632A20
C064576C
C065876D
C066BA2D
C067EFB7
C0692814
C06A634D
C06BA16B
C06CE278
C06E267A
C06F6D7C
C070B785
C072049C
C07354C9
C074A814
C075FE82
C077581B
C078B4E4
C07A14E4
C07B781F
C07CDE9C
C07E485E
C07FB56A
C08092E2
C0814CB8
C0820839
C082C565
C083843F
C08444C6
C08506FD
C085CAE3
C086907A
C08757C0
C08820B7
C088EB5D
C089B7B3
C08A85B9
C08B556C
C08C26CC
C08CF9D9
C08DCE8F
C08EA4EF
C08F7CF5
C09056A1
C09131EF
C0920EDE
C092ED6A
C093CD92
C094AF52
C09592A6
C096778D
C0975E03
C0984603
C0992F8A
C09A1A96
C09B0720
C09BF526
C09CE4A4
C09DD595
C09EC7F4
C09FBBBE
C0A0B0ED
C0A1A77E
C0A29F6B
C0A398AF
C0A49346
C0A58F2C
C0A68C5A
C0A78ACD
C0A88A7E
C0A98B6A
C0AA8D8B
C0AB90DC
C0AC9558
C0AD9AFA
C0AEA1BD
C0AFA99C
C0B0B291
C0B1BC99
C0B2C7AE
C0B3D3CB
C0B4E0EB
C0B5EF0A
C0B6FE22
C0B80E2F
C0B91F2B
C0BA3113
C0BB43E2
C0BC5793
C0BD6C21
C0BE8188
C0BF97C4
C0C0AED1
C0C1C6A9
C0C2DF49
C0C3F8AC
C0C512D0
C0C62DAE
C0C74944
C0C8658E
C0C98287
C0CAA02C
C0CBBE7A
C0CCDD6C
C0CDFCFF
C0CF1D2F
C0D03DFA
C0D15F5B
C0D28150
C0D3A3D4
C0D4C6E6
C0D5EA81
C0D70EA3
C0D83349
C0D95870
C0DA7E14
C0DBA434
C0DCCACC
C0DDF1D9
C0DF195A
C0E0414B
C0E169A9
C0E29273
C0E3BBA6
C0E4E540
C0E60F3D
C0E7399D
C0E8645C
C0E98F79
C0EABAF1
C0EBE6C3
C0ED12EC
C0EE3F6A
C0EF6C3B
C0F0995E
C0F1C6D0
C0F2F490
C0F4229C
C0F550F2
C0F67F91
C0F7AE77
C0F8DDA1
C0FA0D10
C0FB3CC0
C0FC6CB1
C0FD9CE1
C0FECD4F
C0FFFDF8
C100976F
C1012FFD
C101C8A9
C102616F
C102FA50
C103934B
C1042C60
C104C58E
C1055ED4
C105F832
C10691A8
C1072B34
C107C4D6
C1085E8E
C108F85B
C109923C
C10A2C32
C10AC63C
C10B6058
C10BFA88
C10C94CA
C10D2F1E
C10DC983
C10E63FA
C10EFE81
C10F9919
C11033C0
C110CE77
C111693E
C1120413
C1129EF6
C11339E8
C113D4E8
C1146FF5
C1150B0F
C115A636
C116416A
C116DCAA
C11777F6
C118134D
C118AEB0
C1194A1F
C119E598
C11A811B
C11B1CA9
C11BB842
C11C53E4
C11CEF8F
C11D8B45
C11E2703
C11EC2CA
C0396DC8
C03A5153
C03B35C6
C03C1B27
C03D017D
C03DE8CF
C03ED125
C03FBA89
C040A503
C041909D
C0427D61
C0436B5A
C0445A91
C0454B13
C0463CEA
C0473022
C04824C7
C0491AE3
C04A1284
C04B0BB6
C04C0684
C04D02FB
C04E0127
C04F0115
C05002D1
C0510668
C0520BE5
C0531355
C0541CC5
C0552840
C05635D3
C057458A
C0585771
C0596B94
C05A81FE
C05B9ABC
C05CB5D9
C05DD360
C05EF35D
C06015DB
C0613AE5
C0626285
C0638CC6
C064B9B3
C065E956
C0671BB9
C06850E5
C06988E5
C06AC3C1
C06C0183
C06D4234
C06E85DB
C06FCC82
C0711630
C07262EE
C073B2C2
C07505B3
C0765BCA
C077B50B
C079117E
C07A7127
C07BD40E
C07D3A36
C07EA3A4
C080082E
C080C032
C08179E0
C0823538
C082F23C
C083B0EE
C084714E
C085335E
C085F71E
C086BC8E
C08783AE
C0884C80
C0891701
C089E333
C08AB114
C08B80A4
C08C51E1
C08D24CA
C08DF95E
C08ECF9C
C08FA781
C090810B
C0915C39
C0923907
C0931773
C093F77C
C094D91C
C095BC52
C096A11B
C0978772
C0986F55
C09958C0
C09A43AE
C09B301C
C09C1E07
C09D0D69
C09DFE3E
C09EF083
C09FE432
C0A0D948
C0A1CFBF
C0A2C792
C0A3C0BE
C0A4BB3D
C0A5B70A
C0A6B421
C0A7B27C
C0A8B216
C0A9B2EB
C0AAB4F6
C0ABB831
C0ACBC97
C0ADC224
C0AEC8D2
C0AFD09C
C0B0D97D
C0B1E371
C0B2EE72
C0B3FA7C
C0B50789
C0B61595
C0B7249A
C0B83494
C0B9457F
C0BA5756
C0BB6A13
C0BC7DB2
C0BD9230
C0BEA787
C0BFBDB2
C0C0D4AE
C0C1EC77
C0C30507
C0C41E5C
C0C53870
C0C6533F
C0C76EC7
C0C88B02
C0C9A7ED
C0CAC585
C0CBE3C5
C0CD02A9
C0CE222F
C0CF4253
C0D06311
C0D18466
C0D2A64E
C0D3C8C7
C0D4EBCD
C0D60F5C
C0D73373
C0D8580E
C0D97D29
C0DAA2C3
C0DBC8D8
C0DCEF65
C0DE1669
C0DF3DDF
C0E065C6
C0E18E1B
C0E2B6DB
C0E3E005
C0E50995
C0E6338A
C0E75DE1
C0E88897
C0E9B3AB
C0EADF1B
C0EC0AE5
C0ED3705
C0EE637B
C0EF9045
C0F0BD60
C0F1EACB
C0F31884
C0F44689
C0F574D8
C0F6A370
C0F7D24E
C0F90172
C0FA30DA
C0FB6084
C0FC906F
C0FDC099
C0FEF100
C10010D2
C100A941
C10141CE
C101DA76
C102733A
C1030C18
C103A511
C1043E23
C104D74E
C1057092
C10609EE
C106A361
C1073CEA
C107D68A
C1087040
C1090A0B
C109A3EA
C10A3DDE
C10AD7E5
C10B7200
C10C0C2E
C10CA66E
C10D40C0
C10DDB24
C10E7598
C10F101E
C10FAAB4
C110455A
C110E00F
C1117AD4
C11215A7
C112B089
C1134B79
C113E678
C1148183
C1151C9C
C115B7C2
C11652F4
C116EE33
C117897D
C11824D4
C118C036
C1195BA2
C119F71A
C11A929D
C11B2E2A
C11BC9C1
C11C6562
C11D010D
C11D9CC1
C11E387E
C11ED444
C039E19B
C03AC4F2
C03BA92D
C03C8E53
C03D746B
C03E5B7C
C03F438F
C0402CAD
C04116DF
C042022E
C042EEA5
C043DC4F
C044CB36
C045BB65
C046ACE7
C0479FC9
C0489416
C04989DA
C04A8121
C04B79F7
C04C7469
C04D7082
C04E6E51
C04F6DE0
C0506F3C
C0517272
C052778E
C0537E9D
C05487AB
C05592C4
C0569FF5
C057AF49
C058C0CD
C059D48D
C05AEA95
C05C02F0
C05D1DAA
C05E3ACE
C05F5A69
C0607C84
C061A12B
C062C869
C063F248
C0651ED4
C0664E15
C0678017
C068B4E3
C069EC82
C06B26FF
C06C6462
C06DA4B3
C06EE7FC
C0702E46
C0717797
C072C3F8
C0741370
C0756606
C076BBC2
C07814A9
C07970C3
C07AD014
C07C32A2
C07D9873
C07F018A
C08036F7
C080EED0
C081A853
C0826382
C083205D
C083DEE6
C0849F1E
C0856105
C086249D
C086E9E6
C087B0E0
C088798B
C08943E6
C08A0FF2
C08ADDAE
C08BAD19
C08C7E32
C08D50F8
C08E2568
C08EFB83
C08FD345
C090ACAD
C09187B9
C0926466
C09342B2
C0942299
C095041A
C095E730
C096CBDA
C097B212
C09899D7
C0998323
C09A6DF4
C09B5A46
C09C4813
C09D3759
C09E2813
C09F1A3C
C0A00DD0
C0A102CB
C0A1F927
C0A2F0E1
C0A3E9F3
C0A4E459
C0A5E00D
C0A6DD0B
C0A7DB4E
C0A8DAD1
C0A9DB8E
C0AADD82
C0ABE0A6
C0ACE4F6
C0ADEA6C
C0AEF105
C0AFF8B9
C0B10186
C0B20B65
C0B31652
C0B42247
C0B52F41
C0B63D39
C0B74C2B
C0B85C13
C0B96CEB
C0BA7EAF
C0BB915A
C0BCA4E8
C0BDB954
C0BECE9A
C0BFE4B5
C0C0FBA1
C0C21359
C0C32BD9
C0C4451E
C0C55F22
C0C679E3
C0C7955B
C0C8B188
C0C9CE65
C0CAEBEE
C0CC0A20
C0CD28F7
C0CE486F
C0CF6885
C0D08936
C0D1AA7E
C0D2CC5A
C0D3EEC6
C0D511C0
C0D63543
C0D7594E
C0D87DDD
C0D9A2EE
C0DAC87C
C0DBEE86
C0DD1509
C0DE3C02
C0DF636E
C0E08B4A
C0E1B395
C0E2DC4C
C0E4056C
C0E52EF2
C0E658DE
C0E7832B
C0E8ADD9
C0E9D8E4
C0EB044C
C0EC300C
C0ED5C25
C0EE8893
C0EFB554
C0F0E268
C0F20FCB
C0F33D7C
C0F46B79
C0F599C1
C0F6C852
C0F7F72A
C0F92647
C0FA55A8
C0FB854B
C0FCB52F
C0FDE553
C0FF15B4
C1002329
C100BB95
C101541F
C101ECC4
C1028585
C1031E61
C103B757
C1045066
C104E98F
C10582D0
C1061C29
C106B59A
C1074F21
C107E8BF
C1088272
C1091C3A
C109B618
C10A5009
C10AEA0F
C10B8427
C10C1E53
C10CB891
C10D52E1
C10DED43
C10E87B6
C10F223A
C10FBCCE
C1105772
C110F225
C1118CE8
C11227BA
C112C29B
C1135D89
C113F886
C1149390
C1152EA8
C115C9CC
C11664FD
C117003A
C1179B83
C11836D8
C118D239
C1196DA5
C11A091B
C11AA49D
C11B4028
C11BDBBE
C11C775E
C11D1308
C11DAEBB
C11E4A77
C11EE63C
C03A58F0
C03B3C0F
C03C200F
C03D04F7
C03DEACD
C03ED19B
C03FB967
C040A23B
C0418C20
C0427721
C0436347
C044509E
C0453F30
C0462F08
C0472032
C04812BA
C04906AC
C049FC13
C04AF2FC
C04BEB73
C04CE585
C04DE13E
C04EDEAA
C04FDDD6
C050DECF
C051E1A1
C052E659
C053ED03
C054F5AC
C056005F
C0570D2A
C0581C18
C0592D36
C05A4090
C05B5631
C05C6E26
C05D8879
C05EA538
C05FC46C
C060E621
C0620A63
C063313B
C0645AB6
C06586DC
C066B5B9
C067E757
C0691BBF
C06A52FB
C06B8D15
C06CCA16
C06E0A06
C06F4CEE
C07092D6
C071DBC8
C07327C9
C07476E2
C075C91B
C0771E79
C0787704
C079D2C1
C07B31B7
C07C93EB
C07DF961
C07F6220
C0806716
C0811EC3
C081D81B
C082931E
C0834FCF
C0840E2E
C084CE3C
C0858FFA
C0865369
C087188A
C087DF5C
C088A7DF
C0897213
C08A3DF9
C08B0B8E
C08BDAD4
C08CABC7
C08D7E68
C08E52B4
C08F28AA
C0900049
C090D98E
C091B477
C0929102
C0936F2B
C0944EF2
C0953051
C0961347
C096F7D0
C097DDE9
C098C58F
C099AEBC
C09A996F
C09B85A2
C09C7352
C09D627B
C09E5318
C09F4524
C0A0389D
C0A12D7C
C0A223BD
C0A31B5C
C0A41454
C0A50E9F
C0A60A3A
C0A7071F
C0A80549
C0A904B3
C0AA0559
C0AB0735
C0AC0A41
C0AD0E7A
C0AE13DA
C0AF1A5C
C0B021FB
C0B12AB2
C0B2347C
C0B33F53
C0B44B34
C0B55819
C0B665FD
C0B774DC
C0B884B0
C0B99575
C0BAA726
C0BBB9BF
C0BCCD3B
C0BDE195
C0BEF6C9
C0C00CD3
C0C123AD
C0C23B55
C0C353C5
C0C46CF9
C0C586ED
C0C6A19E
C0C7BD07
C0C8D925
C0C9F5F2
C0CB136D
C0CC3190
C0CD5059
C0CE6FC3
C0CF8FCC
C0D0B06F
C0D1D1AA
C0D2F379
C0D415D8
C0D538C5
C0D65C3D
C0D7803B
C0D8A4BE
C0D9C9C3
C0DAEF46
C0DC1545
C0DD3BBC
C0DE62AA
C0DF8A0B
C0E0B1DD
C0E1DA1E
C0E302CA
C0E42BE0
C0E5555D
C0E67F3F
C0E7A983
C0E8D427
C0E9FF2A
C0EB2A88
C0EC5640
C0ED8250
C0EEAEB5
C0EFDB6F
C0F1087A
C0F235D5
C0F3637E
C0F49174
C0F5BFB4
C0F6EE3D
C0F81D0E
C0F94C24
C0FA7B7E
C0FBAB1B
C0FCDAF8
C0FE0B15
C0FF3B70
C1003604
C100CE6D
C10166F3
C101FF96
C1029854
C103312D
C103CA20
C104632D
C104FC53
C1059591
C1062EE8
C106C856
C10761DA
C107FB76
C1089526
C1092EED
C109C8C8
C10A62B7
C10AFCBA
C10B96D1
C10C30FA
C10CCB36
C10D6585
C10DFFE4
C10E9A55
C10F34D7
C10FCF69
C1106A0C
C11104BE
C1119F7F
C1123A4F
C112D52E
C113701B
C1140B16
C114A61E
C1154134
C115DC57
C1167787
C11712C2
C117AE0A
C118495E
C118E4BD
C1198028
C11A1B9D
C11AB71D
C11B52A8
C11BEE3C
C11C89DB
C11D2584
C11DC135
C11E5CF1
C11EF8B5
C03AD3DB
C03BB6BF
C03C9A80
C03D7F26
C03E64B7
C03F4B3C
C04032BD
C0411B43
C04204D9
C042EF87
C043DB59
C044C858
C045B692
C046A60F
C04796DD
C0488907
C0497C9A
C04A71A0
C04B6827
C04C603C
C04D59E9
C04E553D
C04F5244
C050510A
C051519C
C0525406
C0535856
C0545E97
C05566D7
C0567121
C0577D82
C0588C07
C0599CBB
C05AAFAB
C05BC4E3
C05CDC6D
C05DF657
C05F12AC
C0603177
C06152C3
C062769B
C0639D0B
C064C61D
C065F1DC
C0672052
C0685188
C069858A
C06ABC60
C06BF614
C06D32AF
C06E723A
C06FB4BE
C070FA43
C07242D2
C0738E71
C074DD29
C0762F00
C07783FE
C078DC2A
C07A3788
C07B9620
C07CF7F6
C07E5D11
C07FC574
C0809892
C0815013
C082093E
C082C415
C083809A
C0843ECD
C084FEB0
C085C044
C0868389
C0874880
C0880F29
C088D783
C089A190
C08A6D4D
C08B3ABC
C08C09DA
C08CDAA7
C08DAD21
C08E8148
C08F5719
C0902E93
C09107B4
C091E279
C092BEE1
C0939CE8
C0947C8C
C0955DC9
C096409E
C0972506
C0980AFE
C098F283
C099DB91
C09AC625
C09BB239
C09C9FCB
C09D8ED5
C09E7F54
C09F7144
C0A0649F
C0A15962
C0A24F88
C0A3470B
C0A43FE8
C0A53A19
C0A63599
C0A73264
C0A83074
C0A92FC5
C0AA3052
C0AB3215
C0AC350A
C0AD392B
C0AE3E74
C0AF44DE
C0B04C67
C0B15507
C0B25EBB
C0B3697D
C0B47549
C0B58219
C0B68FE8
C0B79EB2
C0B8AE73
C0B9BF24
C0BAD0C2
C0BBE348
C0BCF6B1
C0BE0AF8
C0BF201A
C0C03612
C0C14CDB
C0C26471
C0C37CD0
C0C495F3
C0C5AFD7
C0C6CA78
C0C7E5D1
C0C901DF
C0CA1E9D
C0CB3C08
C0CC5A1D
C0CD78D7
C0CE9833
C0CFB82D
C0D0D8C3
C0D1F9F0
C0D31BB1
C0D43E03
C0D560E3
C0D6844E
C0D7A840
C0D8CCB7
C0D9F1AF
C0DB1726
C0DC3D19
C0DD6385
C0DE8A68
C0DFB1BE
C0E0D985
C0E201BB
C0E32A5D
C0E45369
C0E57CDB
C0E6A6B3
C0E7D0EE
C0E8FB88
C0EA2681
C0EB51D6
C0EC7D85
C0EDA98C
C0EED5E9
C0F0029A
C0F12F9C
C0F25CEF
C0F38A91
C0F4B87E
C0F5E6B7
C0F71539
C0F84402
C0F97310
C0FAA263
C0FBD1F9
C0FD01CF
C0FE31E5
C0FF623A
C1004965
C100E1CB
C1017A4E
C10212EE
C102ABA9
C103447F
C103DD6F
C1047679
C1050F9C
C105A8D8
C106422C
C106DB97
C107751A
C1080EB2
C108A861
C1094224
C109DBFD
C10A75EA
C10B0FEB
C10BA9FF
C10C4427
C10CDE61
C10D78AD
C10E130B
C10EAD79
C10F47F9
C10FE28A
C1107D2A
C11117DA
C111B29A
C1124D68
C112E845
C1138331
C1141E2A
C114B931
C1155445
C115EF67
C1168A95
C11725CF
C117C115
C1185C68
C118F7C5
C119932E
C11A2EA3
C11ACA21
C11B65AB
C11C013E
C11C9CDC
C11D3883
C11DD434
C11E6FEE
C11F0BB1
C03B526F
C03C3513
C03D1892
C03DFCF1
C03EE23A
C03FC872
C040AFA5
C04197D9
C042811B
C0436B72
C04456EB
C0454390
C046316D
C047208C
C04810F9
C04902C2
C049F5F1
C04AEA93
C04BE0B4
C04CD861
C04DD1A7
C04ECC92
C04FC930
C050C78B
C051C7B2
C052C9B1
C053CD95
C054D36A
C055DB3D
C056E51A
C057F10F
C058FF26
C05A0F6D
C05B21EF
C05C36B9
C05D4DD7
C05E6754
C05F833B
C060A199
C061C279
C062E5E5
C0640BE9
C0653490
C0665FE3
C0678DEE
C068BEBA
C069F252
C06B28BE
C06C6209
C06D9E3C
C06EDD60
C0701F7D
C071649C
C072ACC4
C073F7FE
C0754652
C07697C5
C077EC61
C0794429
C07A9F27
C07BFD5E
C07D5ED4
C07EC38F
C08015CA
C080CB73
C08182C6
C0823BC3
C082F66D
C083B2C4
C08470CB
C0853082
C085F1EB
C086B504
C08779D0
C088404F
C0890880
C089D262
C08A9DF7
C08B6B3D
C08C3A33
C08D0AD8
C08DDD2C
C08EB12C
C08F86D7
C0905E2B
C0913727
C09211C8
C092EE0B
C093CBEE
C094AB6E
C0958C89
C0966F3B
C0975381
C0983958
C09920BC
C09A09A9
C09AF41C
C09BE011
C09CCD83
C09DBC6F
C09EACD0
C09F9EA1
C0A091DF
C0A18685
C0A27C8D
C0A373F4
C0A46CB5
C0A566CA
C0A66230
C0A75EE0
C0A85CD6
C0A95C0D
C0AA5C80
C0AB5E2A
C0AC6106
C0AD650F
C0AE6A3F
C0AF7092
C0B07803
C0B1808D
C0B28A2A
C0B394D6
C0B4A08B
C0B5AD46
C0B6BB00
C0B7C9B5
C0B8D961
C0B9E9FE
C0BAFB88
C0BC0DFA
C0BD2150
C0BE3584
C0BF4A93
C0C06079
C0C1772F
C0C28EB4
C0C3A701
C0C4C013
C0C5D9E6
C0C6F476
C0C80FBF
C0C92BBC
C0CA486B
C0CB65C7
C0CC83CC
C0CDA277
C0CEC1C4
C0CFE1B0
C0D10237
C0D22355
C0D34509
C0D4674D
C0D58A20
C0D6AD7D
C0D7D163
C0D8F5CD
C0DA1AB9
C0DB4023
C0DC660A
C0DD8C6A
C0DEB341
C0DFDA8C
C0E10248
C0E22A73
C0E3530A
C0E47C0B
C0E5A573
C0E6CF41
C0E7F971
C0E92402
C0EA4EF1
C0EB7A3D
C0ECA5E2
C0EDD1E0
C0EEFE34
C0F02ADB
C0F157D6
C0F28520
C0F3B2B9
C0F4E09E
C0F60ECF
C0F73D49
C0F86C0A
C0F99B11
C0FACA5D
C0FBF9EB
C0FD29BA
C0FE59C9
C0FF8A17
C1005D50
C100F5B3
C1018E33
C10226CF
C102BF87
C103585A
C103F147
C1048A4E
C105236F
C105BCA8
C10655F9
C106EF62
C10788E1
C1082277
C108BC23
C10955E4
C109EFBB
C10A89A5
C10B23A4
C10BBDB6
C10C57DB
C10CF213
C10D8C5D
C10E26B8
C10EC125
C10F5BA3
C10FF631
C11090D0
C1112B7E
C111C63C
C1126108
C112FBE4
C11396CD
C11431C5
C114CCCA
C11567DD
C11602FD
C1169E29
C1173962
C117D4A7
C1186FF8
C1190B54
C119A6BC
C11A422F
C11ADDAC
C11B7934
C11C14C6
C11CB063
C11D4C09
C11DE7B8
C11E8371
C11F1F33
C03BD4BE
C03CB720
C03D9A58
C03E7E6D
C03F6368
C0404951
C0413030
C042180F
C04300F8
C043EAF5
C044D611
C045C257
C046AFD3
C0479E8F
C0488E98
C0497FFB
C04A72C2
C04B66FB
C04C5CB3
C04D53F5
C04E4CD0
C04F474E
C050437D
C051416B
C0524123
C05342B3
C0544627
C0554B8C
C05652EE
C0575C5B
C05867DF
C0597585
C05A855B
C05B976C
C05CABC6
C05DC272
C05EDB7F
C05FF6F6
C06114E3
C0623553
C0635850
C0647DE4
C065A61C
C066D101
C067FE9D
C0692EFC
C06A6227
C06B9827
C06CD106
C06E0CCE
C06F4B86
C0708D39
C071D1EE
C07319AE
C0746480
C075B26C
C077037A
C07857AF
C079AF13
C07B09AB
C07C677F
C07DC893
C07F2CEC
C0804A48
C080FFC1
C081B6E4
C0826FB2
C0832A2D
C083E656
C084A42F
C08563B9
C08624F4
C086E7E2
C087AC82
C08872D5
C0893ADA
C08A0493
C08ACFFD
C08B9D19
C08C6BE6
C08D3C63
C08E0E8E
C08EE267
C08FB7EB
C0908F18
C09167EE
C0924268
C0931E86
C093FC44
C094DBA0
C095BC97
C0969F26
C0978349
C09868FE
C099503F
C09A390B
C09B235D
C09C0F31
C09CFC83
C09DEB4F
C09EDB90
C09FCD43
C0A0C063
C0A1B4EA
C0A2AAD5
C0A3A21F
C0A49AC3
C0A594BC
C0A69005
C0A78C9A
C0A88A75
C0A98991
C0AA89EA
C0AB8B7A
C0AC8E3C
C0AD922C
C0AE9744
C0AF9D7E
C0B0A4D7
C0B1AD49
C0B2B6CF
C0B3C164
C0B4CD03
C0B5D9A7
C0B6E74B
C0B7F5EB
C0B90581
C0BA160A
C0BB277F
C0BC39DD
C0BD4D1E
C0BE613F
C0BF763B
C0C08C0D
C0C1A2B2
C0C2BA23
C0C3D25F
C0C4EB5F
C0C60521
C0C71F9F
C0C83AD7
C0C956C4
C0CA7362
C0CB90AE
C0CCAEA3
C0CDCD3E
C0CEEC7C
C0D00C59
C0D12CD1
C0D24DE1
C0D36F86
C0D491BD
C0D5B481
C0D6D7D1
C0D7FBA9
C0D92006
C0DA44E5
C0DB6A43
C0DC901E
C0DDB671
C0DEDD3C
C0E0047B
C0E12C2C
C0E2544B
C0E37CD7
C0E4A5CD
C0E5CF2A
C0E6F8ED
C0E82313
C0E94D9A
C0EA787F
C0EBA3C1
C0ECCF5D
C0EDFB51
C0EF279B
C0F0543A
C0F1812B
C0F2AE6D
C0F3DBFD
C0F509DA
C0F63802
C0F76674
C0F8952D
C0F9C42D
C0FAF370
C0FC22F7
C0FD52BF
C0FE82C7
C0FFB30D
C10071C8
C1010A28
C101A2A4
C1023B3D
C102D3F2
C1036CC1
C10405AC
C1049EB0
C10537CD
C105D103
C1066A51
C10703B7
C1079D34
C10836C7
C108D071
C1096A30
C10A0403
C10A9DEB
C10B37E8
C10BD1F7
C10C6C1A
C10D0650
C10DA097
C10E3AF1
C10ED55C
C10F6FD7
C1100A64
C110A500
C1113FAC
C111DA68
C1127533
C113100C
C113AAF4
C11445EA
C114E0EE
C1157BFF
C116171D
C116B248
C1174D7F
C117E8C2
C1188412
C1191F6D
C119BAD3
C11A5644
C11AF1C0
C11B8D47
C11C28D8
C11CC473
C11D6017
C11DFBC6
C11E977E
C11F333E
C03C5ADD
C03D3CF7
C03E1FE4
C03F03AC
C03FE856
C040CDEA
C041B472
C0429BF7
C0438483
C0446E21
C04558DC
C04644BF
C04731D5
C048202A
C0490FCB
C04A00C3
C04AF31F
C04BE6EC
C04CDC35
C04DD309
C04ECB73
C04FC580
C050C13E
C051BEBA
C052BDFF
C053BF1C
C054C21C
C055C70D
C056CDFB
C057D6F4
C058E202
C059EF34
C05AFE96
C05C1033
C05D2417
C05E3A50
C05F52E7
C0606DEB
C0618B65
C062AB61
C063CDEB
C064F30D
C0661AD2
C0674545
C0687270
C069A25E
C06AD518
C06C0AA9
C06D4319
C06E7E72
C06FBCBD
C070FE03
C072424B
C073899F
C074D406
C0762188
C077722C
C078C5F8
C07A1CF4
C07B7726
C07CD493
C07E3541
C07F9936
C080803B
C0813583
C081EC75
C082A512
C0835F5D
C0841B57
C084D901
C085985C
C0865969
C0871C29
C087E09C
C088A6C2
C0896E9B
C08A3828
C08B0367
C08BD058
C08C9EFB
C08D6F4E
C08E4150
C08F1500
C08FEA5B
C090C161
C0919A0F
C0927463
C093505A
C0942DF3
C0950D29
C095EDFB
C096D066
C097B465
C09899F6
C0998115
C09A69BE
C09B53EE
C09C3FA0
C09D2CD1
C09E1B7C
C09F0B9D
C09FFD30
C0A0F030
C0A1E499
C0A2DA66
C0A3D192
C0A4CA18
C0A5C3F4
C0A6BF20
C0A7BB99
C0A8B958
C0A9B859
C0AAB896
C0ABBA0C
C0ACBCB4
C0ADC089
C0AEC588
C0AFCBA9
C0B0D2E9
C0B1DB43
C0B2E4B1
C0B3EF2E
C0B4FAB6
C0B60743
C0B714D1
C0B8235A
C0B932DB
C0BA434D
C0BB54AD
C0BC66F6
C0BD7A24
C0BE8E30
C0BFA318
C0C0B8D7
C0C1CF68
C0C2E6C7
C0C3FEEF
C0C517DD
C0C6318D
C0C74BFA
C0C86720
C0C982FC
C0CA9F89
C0CBBCC4
C0CCDAA9
C0CDF934
C0CF1862
C0D0382F
C0D15898
C0D27999
C0D39B30
C0D4BD57
C0D5E00E
C0D70350
C0D8271A
C0D94B69
C0DA703B
C0DB958C
C0DCBB59
C0DDE1A1
C0DF085F
C0E02F92
C0E15736
C0E27F4A
C0E3A7CA
C0E4D0B5
C0E5FA07
C0E723BF
C0E84DDA
C0E97857
C0EAA331
C0EBCE69
C0ECF9FB
C0EE25E5
C0EF5226
C0F07EBB
C0F1ABA3
C0F2D8DC
C0F40663
C0F53438
C0F66257
C0F790C0
C0F8BF71
C0F9EE69
C0FB1DA5
C0FC4D23
C0FD7CE4
C0FEACE4
C0FFDD23
C10086D0
C1011F2B
C101B7A4
C102503A
C102E8EB
C10381B8
C1041A9F
C104B3A0
C1054CBA
C105E5ED
C1067F39
C107189B
C107B215
C1084BA6
C108E54D
C1097F09
C10A18DA
C10AB2BF
C10B4CB9
C10BE6C6
C10C80E7
C10D1B1A
C10DB55F
C10E4FB7
C10EEA1F
C10F8499
C1101F23
C110B9BD
C1115468
C111EF21
C11289EA
C11324C2
C113BFA8
C1145A9C
C114F59E
C11590AD
C1162BC9
C116C6F3
C1176228
C117FD6A
C11898B8
C1193411
C119CF76
C11A6AE6
C11B0660
C11BA1E6
C11C3D75
C11CD90F
C11D74B2
C11E105F
C11EAC16
C11F47D6
C03CE4DD
C03DC6AC
C03EA94B
C03F8CC0
C0407114
C041564F
C0423C7B
C04323A2
C0440BCE
C044F508
C045DF5E
C046CAD9
C047B785
C048A56F
C04994A3
C04A852C
C04B7719
C04C6A74
C04D5F4B
C04E55AC
C04F4DA2
C050473A
C0514283
C0523F88
C0533E56
C0543EFC
C0554184
C05645FE
C0574C74
C05854F4
C0595F8A
C05A6C44
C05B7B2D
C05C8C51
C05D9FBE
C05EB57E
C05FCD9E
C060E82A
C062052D
C06324B2
C06446C5
C0656B71
C06692C1
C067BCBF
C068E975
C06A18EF
C06B4B36
C06C8053
C06DB851
C06EF339
C0703113
C07171E8
C072B5C1
C073FCA6
C075469F
C07693B4
C077E3EB
C079374C
C07A8DDD
C07BE7A4
C07D44A9
C07EA4EF
C080043E
C080B7AB
C0816CC0
C0822380
C082DBEB
C0839605
C08451CE
C0850F47
C085CE72
C0868F50
C08751E1
C0881625
C088DC1D
C089A3C9
C08A6D29
C08B383C
C08C0501
C08CD378
C08DA3A0
C08E7578
C08F48FE
C0901E30
C090F50D
C091CD92
C092A7BE
C093838E
C0946100
C0954010
C09620BC
C0970301
C097E6DB
C098CC48
C099B343
C09A9BC8
C09B85D5
C09C7165
C09D5E74
C09E4CFD
C09F3CFE
C0A02E70
C0A12150
C0A21599
C0A30B46
C0A40253
C0A4FABB
C0A5F479
C0A6EF88
C0A7EBE3
C0A8E985
C0A9E86A
C0AAE88C
C0ABE9E6
C0ACEC73
C0ADF02E
C0AEF512
C0AFFB1A
C0B10240
C0B20A81
C0B313D6
C0B41E3B
C0B529AA
C0B63620
C0B74397
C0B85209
C0B96173
C0BA71D0
C0BB831A
C0BC954D
C0BDA865
C0BEBC5D
C0BFD131
C0C0E6DB
C0C1FD58
C0C314A4
C0C42CB9
C0C54594
C0C65F31
C0C7798C
C0C894A0
C0C9B06A
C0CACCE6
C0CBEA0F
C0CD07E4
C0CE265E
C0CF457C
C0D06539
C0D18592
C0D2A684
C0D3C80B
C0D4EA24
C0D60CCC
C0D72FFF
C0D853BB
C0D977FC
C0DA9CC0
C0DBC204
C0DCE7C4
C0DE0DFE
C0DF34B0
C0E05BD6
C0E1836E
C0E2AB76
C0E3D3EA
C0E4FCC9
C0E62610
C0E74FBD
C0E879CD
C0E9A43E
C0EACF0E
C0EBFA3B
C0ED25C3
C0EE51A3
C0EF7DDA
C0F0AA66
C0F1D744
C0F30473
C0F431F1
C0F55FBD
C0F68DD3
C0F7BC34
C0F8EADC
C0FA19CB
C0FB48FF
C0FC7876
C0FDA82E
C0FED827
C100042F
C1009C69
C10134C2
C101CD37
C10265C9
C102FE77
C1039740
C1043024
C104C922
C1056239
C105FB69
C10694B1
C1072E11
C107C788
C1086116
C108FABA
C1099473
C10A2E41
C10AC824
C10B621B
C10BFC26
C10C9644
C10D3075
C10DCAB8
C10E650D
C10EFF73
C10F99EA
C1103472
C110CF0B
C11169B3
C112046B
C1129F32
C1133A07
C113D4EB
C1146FDD
C1150ADD
C115A5EB
C1164106
C116DC2D
C1177761
C11812A1
C118ADED
C1194945
C119E4A8
C11A8017
C11B1B90
C11BB714
C11C52A2
C11CEE3A
C11D89DC
C11E2588
C11EC13D
C11F5CFB
C03D72D2
C03E5451
C03F369C
C04019BB
C040FDB5
C041E293
C042C85F
C043AF23
C04496E9
C0457FBC
C04669A7
C04754B6
C04840F4
C0492E6E
C04A1D31
C04B0D48
C04BFEC0
C04CF1A6
C04DE606
C04EDBEF
C04FD36D
C050CC8C
C051C75B
C052C3E6
C053C23A
C054C264
C055C471
C056C86E
C057CE68
C058D66C
C059E087
C05AECC4
C05BFB31
C05D0BD9
C05E1ECA
C05F340F
C0604BB3
C06165C4
C062824C
C063A157
C064C2F0
C065E722
C0670DF9
C068377E
C06963BD
C06A92BF
C06BC48F
C06CF936
C06E30BF
C06F6B31
C070A897
C071E8F9
C0732C60
C07472D3
C075BC5B
C07708FF
C07858C7
C079ABB9
C07B01DC
C07C5B37
C07DB7CF
C07F17AA
C0803D67
C080F09F
C081A580
C0825C0C
C0831444
C083CE2B
C08489C2
C085470A
C0860604
C086C6B1
C0878911
C0884D26
C08912EF
C089DA6C
C08AA39E
C08B6E83
C08C3B1B
C08D0966
C08DD962
C08EAB0E
C08F7E68
C0905370
C0912A23
C092027F
C092DC82
C093B829
C0949573
C095745C
C09654E1
C09736FF
C0981AB4
C098FFFA
C099E6D0
C09ACF32
C09BB91B
C09CA487
C09D9173
C09E7FDA
C09F6FB8
C0A06109
C0A153C8
C0A247F0
C0A33D7D
C0A4346A
C0A52CB3
C0A62652
C0A72143
C0A81D80
C0A91B05
C0AA19CC
C0AB19D2
C0AC1B0F
C0AD1D80
C0AE2120
C0AF25E9
C0B02BD6
C0B132E3
C0B23B09
C0B34445
C0B44E91
C0B559E8
C0B66645
C0B773A4
C0B881FF
C0B99152
C0BAA197
C0BBB2CB
C0BCC4E9
C0BDD7EB
C0BEEBCD
C0C0008C
C0C11621
C0C22C8A
C0C343C1
C0C45BC3
C0C5748A
C0C68E14
C0C7A85C
C0C8C35E
C0C9DF15
C0CAFB7F
C0CC1897
C0CD365A
C0CE54C4
C0CF73D0
C0D0937D
C0D1B3C6
C0D2D4A8
C0D3F61F
C0D51829
C0D63AC1
C0D75DE6
C0D88193
C0D9A5C6
C0DACA7C
C0DBEFB1
C0DD1564
C0DE3B91
C0DF6235
C0E0894E
C0E1B0D9
C0E2D8D4
C0E4013D
C0E52A0F
C0E6534B
C0E77CEC
C0E8A6F0
C0E9D156
C0EAFC1B
C0EC273D
C0ED52BA
C0EE7E90
C0EFAABD
C0F0D73F
C0F20413
C0F33138
C0F45EAD
C0F58C6F
C0F6BA7D
C0F7E8D4
C0F91774
C0FA465A
C0FB7586
C0FCA4F4
C0FDD4A4
C0FF0495
C1001A62
C100B299
C1014AED
C101E35F
C1027BED
C1031498
C103AD5D
C104463E
C104DF38
C105784C
C1061179
C106AABE
C107441B
C107DD8F
C108771A
C10910BA
C109AA71
C10A443D
C10ADE1D
C10B7811
C10C121A
C10CAC35
C10D4663
C10DE0A4
C10E7AF6
C10F155A
C10FAFCF
C1104A55
C110E4EB
C1117F91
C1121A47
C112B50C
C1134FDF
C113EAC1
C11485B2
C11520B0
C115BBBB
C11656D4
C116F1FA
C1178D2C
C118286A
C118C3B5
C1195F0B
C119FA6D
C11A95D9
C11B3151
C11BCCD3
C11C6860
C11D03F7
C11D9F98
C11E3B42
C11ED6F6
C11F72B3
C03E04CE
C03EE5F9
C03FC7EC
C040AAAF
C0418E4A
C04272C7
C043582E
C0443E8A
C04525E6
C0460E4D
C046F7C9
C047E267
C048CE33
C049BB39
C04AA986
C04B9925
C04C8A24
C04D7C91
C04E7077
C04F65E4
C0505CE5
C0515587
C0524FD8
C0534BE4
C05449B9
C0554963
C0564AF1
C0574E6E
C05853E9
C0595B6D
C05A6507
C05B70C4
C05C7EB1
C05D8EDA
C05EA14B
C05FB610
C060CD36
C061E6C7
C06302D1
C064215E
C065427A
C066662F
C0678C89
C068B593
C069E156
C06B0FDD
C06C4133
C06D7561
C06EAC71
C06FE66B
C071235A
C0726345
C073A636
C074EC34
C0763548
C0778179
C078D0CE
C07A234F
C07B7901
C07CD1EC
C07E2E16
C07F8D83
C080781D
C0812B1F
C081DFCA
C0829621
C0834E25
C08407D8
C084C33B
C0858050
C0863F17
C086FF92
C087C1C1
C08885A5
C0894B3E
C08A128B
C08ADB8D
C08BA643
C08C72AD
C08D40CA
C08E1099
C08EE218
C08FB547
C0908A23
C09160AA
C09238DC
C09312B5
C093EE33
C094CB53
C095AA13
C0968A71
C0976C67
C0984FF5
C0993515
C09A1BC5
C09B0401
C09BEDC5
C09CD90D
C09DC5D5
C09EB419
C09FA3D4
C0A09502
C0A1879F
C0A27BA5
C0A37112
C0A467DE
C0A56007
C0A65986
C0A75458
C0A85076
C0A94DDD
C0AA4C86
C0AB4C6E
C0AC4D8F
C0AD4FE3
C0AE5367
C0AF5814
C0B05DE6
C0B164D7
C0B26CE3
C0B37605
C0B48037
C0B58B75
C0B697B9
C0B7A4FF
C0B8B342
C0B9C27D
C0BAD2AB
C0BBE3C8
C0BCF5CE
C0BE08BA
C0BF1C87
C0C0312F
C0C146AF
C0C25D03
C0C37425
C0C48C13
C0C5A4C6
C0C6BE3C
C0C7D871
C0C8F35F
C0CA0F04
C0CB2B5B
C0CC4861
C0CD6612
C0CE846A
C0CFA366
C0D0C301
C0D1E33A
C0D3040B
C0D42572
C0D5476C
C0D669F5
C0D78D0A
C0D8B0A8
C0D9D4CC
C0DAF973
C0DC1E9A
C0DD443F
C0DE6A5E
C0DF90F4
C0E0B800
C0E1DF7E
C0E3076D
C0E42FC8
C0E5588E
C0E681BD
C0E7AB52
C0E8D54B
C0E9FFA5
C0EB2A5F
C0EC5576
C0ED80E8
C0EEACB3
C0EFD8D5
C0F1054D
C0F23217
C0F35F32
C0F48C9D
C0F5BA56
C0F6E85A
C0F816A8
C0F9453F
C0FA741C
C0FBA33F
C0FCD2A5
C0FE024D
C0FF3235
C100312E
C100C961
C10161B1
C101FA1F
C10292AA
C1032B50
C103C412
C1045CEF
C104F5E6
C1058EF7
C1062820
C106C162
C1075ABC
C107F42D
C1088DB5
C1092752
C109C106
C10A5ACF
C10AF4AC
C10B8E9E
C10C28A4
C10CC2BC
C10D5CE8
C10DF726
C10E9176
C10F2BD7
C10FC64A
C11060CE
C110FB61
C1119605
C11230B9
C112CB7B
C113664D
C114012D
C1149C1B
C1153717
C115D221
C1166D38
C117085C
C117A38C
C1183EC9
C118DA12
C1197566
C11A10C6
C11AAC31
C11B47A7
C11BE328
C11C7EB3
C11D1A49
C11DB5E8
C11E5191
C11EED43
C11F88FF
C03E9AE2
C03F7BB5
C0405D4B
C0413FAE
C04222E6
C04306FC
C043EBFA
C044D1EA
C045B8D7
C046A0CC
C04789D6
C04873FE
C0495F53
C04A4BE0
C04B39B2
C04C28D6
C04D1958
C04E0B46
C04EFEAD
C04FF39A
C050EA1A
C051E23A
C052DC09
C053D792
C054D4E4
C055D40B
C056D515
C057D80F
C058DD05
C059E405
C05AED1B
C05BF854
C05D05BD
C05E1563
C05F2750
C0603B92
C0615235
C0626B45
C06386CC
C064A4D8
C065C572
C066E8A7
C0680E81
C069370B
C06A6250
C06B9059
C06CC132
C06DF4E3
C06F2B76
C07064F6
C071A16A
C072E0DB
C0742353
C07568D9
C076B176
C077FD30
C0794C10
C07A9E1C
C07BF35B
C07D4BD3
C07EA78B
C0800344
C080B467
C0816732
C0821BA6
C082D1C7
C0838995
C0844312
C084FE41
C085BB21
C08679B5
C08739FC
C087FBF9
C088BFAA
C0898511
C08A4C2D
C08B14FF
C08BDF85
C08CABBF
C08D79AD
C08E494E
C08F1A9F
C08FEDA0
C090C24F
C09198AB
C09270B0
C0934A5E
C09425B1
C09502A8
C095E13E
C096C173
C097A341
C09886A6
C0996B9F
C09A5228
C09B3A3E
C09C23DC
C09D0EFE
C09DFBA1
C09EE9C0
C09FD958
C0A0CA62
C0A1BCDC
C0A2B0C1
C0A3A60B
C0A49CB6
C0A594BD
C0A68E1C
C0A788CE
C0A884CD
C0A98214
C0AA809F
C0AB8068
C0AC816B
C0AD83A2
C0AE8709
C0AF8B99
C0B0914F
C0B19825
C0B2A016
C0B3A91C
C0B4B334
C0B5BE57
C0B6CA82
C0B7D7AF
C0B8E5D9
C0B9F4FB
C0BB0511
C0BC1616
C0BD2805
C0BE3ADA
C0BF4E90
C0C06322
C0C1788C
C0C28ECA
C0C3A5D7
C0C4BDB0
C0C5D64F
C0C6EFB0
C0C809D1
C0C924AC
C0CA403D
C0CB5C81
C0CC7974
C0CD9713
C0CEB559
C0CFD442
C0D0F3CD
C0D213F3
C0D334B4
C0D4560A
C0D577F3
C0D69A6C
C0D7BD71
C0D8E100
C0DA0515
C0DB29AD
C0DC4EC5
C0DD745B
C0DE9A6C
C0DFC0F5
C0E0E7F3
C0E20F63
C0E33744
C0E45F92
C0E5884C
C0E6B16E
C0E7DAF7
C0E904E3
C0EA2F32
C0EB59E0
C0EC84EB
C0EDB052
C0EEDC12
C0F00829
C0F13496
C0F26156
C0F38E67
C0F4BBC7
C0F5E976
C0F71770
C0F845B5
C0F97442
C0FAA317
C0FBD230
C0FD018D
C0FE312C
C0FF610C
C1004896
C100E0C4
C1017911
C102117B
C102AA01
C10342A4
C103DB63
C104743C
C1050D2F
C105A63C
C1063F62
C106D8A1
C10771F7
C1080B65
C108A4EA
C1093E84
C109D835
C10A71FB
C10B0BD5
C10BA5C4
C10C3FC7
C10CD9DD
C10D7406
C10E0E41
C10EA88F
C10F42EE
C10FDD5E
C11077DF
C1111271
C111AD12
C11247C3
C112E284
C1137D53
C1141831
C114B31D
C1154E17
C115E91F
C1168434
C1171F56
C117BA84
C11855BF
C118F106
C1198C59
C11A27B7
C11AC321
C11B5E95
C11BFA15
C11C959E
C11D3132
C11DCCD0
C11E6877
C11F0428
C11F9FE3
C03F3522
C0401597
C040F6CC
C041D8CA
C042BB9A
C0439F44
C04483D4
C0456953
C0464FCC
C047374C
C0481FDD
C049098C
C049F464
C04AE074
C04BCDC7
C04CBC6A
C04DAC6A
C04E9DD6
C04F90B9
C0508521
C0517B1C
C05272B6
C0536BFE
C0546701
C05563CB
C056626B
C05762ED
C058655E
C05969CD
C05A7045
C05B78D3
C05C8384
C05D9066
C05E9F83
C05FB0EA
C060C4A5
C061DAC2
C062F34B
C0640E4D
C0652BD3
C0664BE9
C0676E9A
C06893F1
C069BBF8
C06AE6BA
C06C1442
C06D449A
C06E77CB
C06FADDF
C070E6E0
C07222D6
C07361CB
C074A3C7
C075E8D2
C07730F4
C0787C35
C079CA9C
C07B1C31
C07C70F9
C07DC8FC
C07F243E
C0804164
C080F24E
C081A4DF
C082591C
C0830F04
C083C69B
C0847FE2
C0853ADA
C085F785
C086B5E3
C08775F6
C08837BF
C088FB3C
C089C070
C08A875A
C08B4FFA
C08C1A4F
C08CE659
C08DB416
C08E8387
C08F54A9
C090277C
C090FBFD
C091D22B
C092AA04
C0938385
C0945EAD
C0953B78
C09619E4
C096F9EE
C097DB93
C098BECF
C099A3A0
C09A8A01
C09B71EF
C09C5B66
C09D4662
C09E32DF
C09F20D9
C0A0104B
C0A10132
C0A1F387
C0A2E748
C0A3DC70
C0A4D2F9
C0A5CADE
C0A6C41B
C0A7BEAC
C0A8BA8A
C0A9B7B2
C0AAB61D
C0ABB5C7
C0ACB6AC
C0ADB8C4
C0AEBC0D
C0AFC080
C0B0C619
C0B1CCD2
C0B2D4A7
C0B3DD92
C0B4E78F
C0B5F297
C0B6FEA8
C0B80BBA
C0B919CB
C0BA28D4
C0BB38D1
C0BC49BD
C0BD5B94
C0BE6E51
C0BF81F0
C0C0966B
C0C1ABBF
C0C2C1E6
C0C3D8DD
C0C4F0A0
C0C6092A
C0C72277
C0C83C82
C0C95749
C0CA72C6
C0CB8EF7
C0CCABD7
C0CDC962
C0CEE796
C0D0066D
C0D125E5
C0D245FA
C0D366A9
C0D487EE
C0D5A9C7
C0D6CC2F
C0D7EF24
C0D912A2
C0DA36A7
C0DB5B30
C0DC8039
C0DDA5C0
C0DECBC2
C0DFF23C
C0E1192C
C0E2408E
C0E36861
C0E490A2
C0E5B94F
C0E6E264
C0E80BE0
C0E935C0
C0EA6002
C0EB8AA4
C0ECB5A3
C0EDE0FE
C0EF0CB3
C0F038BF
C0F16520
C0F291D5
C0F3BEDC
C0F4EC32
C0F619D6
C0F747C7
C0F87602
C0F9A485
C0FAD350
C0FC0260
C0FD31B4
C0FE614A
C0FF9121
C100609C
C100F8C6
C101910E
C1022974
C102C1F7
C1035A96
C103F351
C1048C26
C1052516
C105BE1F
C1065742
C106F07D
C10789D0
C108233A
C108BCBC
C1095653
C109F001
C10A89C4
C10B239B
C10BBD87
C10C5787
C10CF19A
C10D8BC0
C10E25F9
C10EC044
C10F5AA0
C10FF50E
C1108F8C
C1112A1B
C111C4BB
C1125F69
C112FA28
C11394F5
C1142FD0
C114CABB
C11565B3
C11600B8
C1169BCB
C11736EB
C117D218
C1186D51
C1190896
C119A3E7
C11A3F43
C11ADAAB
C11B761E
C11C119C
C11CAD24
C11D48B6
C11DE452
C11E7FF8
C11F1BA8
C11FB761
C03FD39F
C040B3B1
C0419480
C0427614
C0435876
C0443BB1
C0451FCD
C04604D6
C046EAD7
C047D1DB
C048B9EF
C049A31F
C04A8D77
C04B7904
C04C65D4
C04D53F2
C04E436C
C04F3450
C05026AB
C0511A8A
C0520FFB
C053070B
C053FFC8
C054FA3F
C055F67E
C056F492
C057F488
C058F66E
C059FA50
C05B003B
C05C083E
C05D1264
C05E1EB9
C05F2D4C
C0603E27
C0615158
C06266EA
C0637EEA
C0649963
C065B660
C066D5EE
C067F817
C0691CE7
C06A4468
C06B6EA5
C06C9BA8
C06DCB7B
C06EFE29
C07033BA
C0716C39
C072A7AE
C073E623
C075279F
C0766C2C
C077B3D1
C078FE95
C07A4C81
C07B9D9B
C07CF1EA
C07E4974
C07FA43F
C0808129
C08131D8
C081E42F
C0829832
C0834DE1
C0840540
C084BE4E
C085790F
C0863582
C086F3AA
C087B388
C088751A
C0893864
C089FD63
C08AC419
C08B8C86
C08C56A8
C08D2280
C08DF00C
C08EBF4C
C08F903E
C09062E1
C0913733
C0920D33
C092E4DE
C093BE32
C094992C
C09575CB
C096540B
C09733EA
C0981564
C098F876
C099DD1D
C09AC355
C09BAB1B
C09C946A
C09D7F3F
C09E6B95
C09F5968
C0A048B5
C0A13976
C0A22BA7
C0A31F44
C0A41447
C0A50AAD
C0A60270
C0A6FB8B
C0A7F5F9
C0A8F1B6
C0A9EEBD
C0AAED08
C0ABEC92
C0ACED57
C0ADEF51
C0AEF27B
C0AFF6D0
C0B0FC4B
C0B202E7
C0B30A9F
C0B4136D
C0B51D4E
C0B6283B
C0B73430
C0B84128
C0B94F1E
C0BA5E0D
C0BB6DF1
C0BC7EC4
C0BD9082
C0BEA327
C0BFB6AD
C0C0CB11
C0C1E04D
C0C2F65E
C0C40D3E
C0C524EB
C0C63D5F
C0C75696
C0C8708C
C0C98B3E
C0CAA6A7
C0CBC2C4
C0CCDF90
C0CDFD07
C0CF1B27
C0D039EC
C0D15951
C0D27954
C0D399F1
C0D4BB24
C0D5DCEB
C0D6FF42
C0D82226
C0D94594
C0DA6989
C0DB8E02
C0DCB2FB
C0DDD873
C0DEFE65
C0E024D1
C0E14BB2
C0E27306
C0E39ACB
C0E4C2FE
C0E5EB9C
C0E714A4
C0E83E13
C0E967E6
C0EA921B
C0EBBCB1
C0ECE7A4
C0EE12F3
C0EF3E9C
C0F06A9C
C0F196F2
C0F2C39C
C0F3F098
C0F51DE3
C0F64B7D
C0F77963
C0F8A794
C0F9D60D
C0FB04CE
C0FC33D5
C0FD631F
C0FE92AC
C0FFC27A
C1007944
C101116A
C101A9AE
C1024210
C102DA8E
C1037329
C1040BE0
C104A4B1
C1053D9D
C105D6A3
C1066FC2
C10708F9
C107A249
C1083BB0
C108D52E
C1096EC2
C10A086C
C10AA22C
C10B3C01
C10BD5E9
C10C6FE6
C10D09F7
C10DA41A
C10E3E50
C10ED898
C10F72F2
C1100D5D
C110A7D9
C1114265
C111DD02
C11277AE
C113126A
C113AD35
C114480E
C114E2F6
C1157DEC
C11618F0
C116B401
C1174F1E
C117EA49
C1188580
C11920C4
C119BC13
C11A576D
C11AF2D3
C11B8E44
C11C29C0
C11CC547
C11D60D7
C11DFC72
C11E9816
C11F33C4
C11FCF7C
C0407669
C0415614
C0423678
C043179D
C043F98D
C044DC51
C045BFF5
C046A483
C0478A07
C048708B
C049581E
C04A40CA
C04B2A9C
C04C15A2
C04D01E9
C04DEF7D
C04EDE6C
C04FCEC4
C050C092
C051B3E4
C052A8C6
C0539F48
C0549776
C055915D
C0568D0C
C0578A90
C05889F6
C0598B4B
C05A8E9D
C05B93F9
C05C9B6B
C05DA501
C05EB0C8
C05FBECB
C060CF18
C061E1BA
C062F6BF
C0640E31
C065281D
C066448E
C0676390
C068852E
C069A973
C06AD06A
C06BFA1E
C06D2698
C06E55E4
C06F880B
C070BD17
C071F511
C0733002
C0746DF3
C075AEED
C076F2F8
C0783A1C
C0798461
C07AD1CE
C07C226B
C07D763D
C07ECD4B
C08013CE
C080C29A
C081730D
C0822529
C082D8F1
C0838E65
C0844589
C084FE5F
C085B8E6
C0867521
C0873312
C087F2B8
C088B414
C0897727
C08A3BF1
C08B0272
C08BCAAA
C08C9499
C08D603E
C08E2D97
C08EFCA5
C08FCD66
C0909FD8
C09173F9
C09249C9
C0932145
C093FA6A
C094D537
C095B1A8
C0968FBC
C0976F6E
C09850BD
C09933A4
C09A1820
C09AFE2E
C09BE5CA
C09CCEF0
C09DB99C
C09EA5CB
C09F9377
C0A0829D
C0A17337
C0A26543
C0A358BA
C0A44D99
C0A543DA
C0A63B79
C0A73471
C0A82EBD
C0A92A57
C0AA273C
C0AB2566
C0AC24CF
C0AD2574
C0AE274E
C0AF2A58
C0B02E8F
C0B133EB
C0B23A69
C0B34203
C0B44AB5
C0B55478
C0B65F49
C0B76B22
C0B877FF
C0B985DA
C0BA94AE
C0BBA477
C0BCB531
C0BDC6D5
C0BED961
C0BFECCE
C0C1011A
C0C2163E
C0C32C37
C0C44300
C0C55A96
C0C672F3
C0C78C14
C0C8A5F5
C0C9C091
C0CADBE5
C0CBF7ED
C0CD14A5
C0CE3208
C0CF5014
C0D06EC5
C0D18E18
C0D2AE08
C0D3CE92
C0D4EFB3
C0D61168
C0D733AE
C0D85680
C0D979DD
C0DA9DC1
C0DBC229
C0DCE712
C0DE0C7A
C0DF325D
C0E058B9
C0E17F8B
C0E2A6D1
C0E3CE87
C0E4F6AB
C0E61F3C
C0E74836
C0E87197
C0E99B5D
C0EAC585
C0EBF00E
C0ED1AF4
C0EE4637
C0EF71D3
C0F09DC8
C0F1CA12
C0F2F6B0
C0F423A1
C0F550E1
C0F67E70
C0F7AC4B
C0F8DA71
C0FA08E1
C0FB3797
C0FC6694
C0FD95D5
C0FEC558
C0FFF51D
C1009291
C1012AB2
C101C2F2
C1025B4F
C102F3CA
C1038C60
C1042513
C104BDE0
C10556C9
C105EFCA
C10688E6
C1072219
C107BB65
C10854C9
C108EE43
C10987D4
C10A217B
C10ABB37
C10B5509
C10BEEEE
C10C88E8
C10D22F5
C10DBD16
C10E5749
C10EF18E
C10F8BE5
C110264D
C110C0C7
C1115B51
C111F5EB
C1129095
C1132B4E
C113C617
C11460EE
C114FBD3
C11596C7
C11631C8
C116CCD7
C11767F3
C118031B
C1189E51
C1193992
C119D4DF
C11A7038
C11B0B9C
C11BA70B
C11C4285
C11CDE0A
C11D7999
C11E1532
C11EB0D5
C11F4C81
C11FE837
C0411D93
C041FCD0
C042DCC3
C043BD74
C0449EED
C0458137
C046645D
C047486B
C0482D6C
C049136C
C049FA77
C04AE29A
C04BCBE2
C04CB65C
C04DA216
C04E8F1B
C04F7D7B
C0506D42
C0515E7F
C052513E
C053458E
C0543B7C
C0553316
C0562C6A
C0572785
C0582474
C0592346
C05A2407
C05B26C5
C05C2B8C
C05D326B
C05E3B6D
C05F46A0
C0605410
C06163CB
C06275DB
C0638A4D
C064A12E
C065BA8A
C066D66B
C067F4DE
C06915ED
C06A39A4
C06B600E
C06C8935
C06DB524
C06EE3E5
C0701582
C0714A04
C0728175
C073BBDF
C074F94A
C07639BE
C0777D45
C078C3E5
C07A0DA7
C07B5A93
C07CAAAE
C07DFE01
C07F5491
C0805732
C08105C0
C081B5F5
C08267D4
C0831B5F
C083D098
C0848780
C085401B
C085FA68
C086B669
C0877420
C088338E
C088F4B2
C089B78E
C08A7C21
C08B426C
C08C0A6F
C08CD428
C08D9F98
C08E6CBE
C08F3B99
C0900C27
C090DE66
C091B257
C09287F6
C0935F41
C0943837
C09512D4
C095EF17
C096CCFD
C097AC82
C0988DA3
C099705E
C09A54AF
C09B3A91
C09C2203
C09D0AFF
C09DF582
C09EE187
C09FCF0B
C0A0BE09
C0A1AE7C
C0A2A061
C0A393B2
C0A4886B
C0A57E87
C0A67602
C0A76ED5
C0A868FD
C0A96475
C0AA6137
C0AB5F3F
C0AC5E86
C0AD5F0A
C0AE60C3
C0AF63AD
C0B067C4
C0B16D01
C0B27360
C0B37ADC
C0B4836F
C0B58D15
C0B697C9
C0B7A385
C0B8B045
C0B9BE04
C0BACCBD
C0BBDC6C
C0BCED0A
C0BDFE95
C0BF1107
C0C0245B
C0C1388D
C0C24D99
C0C36379
C0C47A2B
C0C591A9
C0C6A9EF
C0C7C2F9
C0C8DCC4
C0C9F74A
C0CB1288
C0CC2E7A
C0CD4B1D
C0CE686C
C0CF8663
C0D0A500
C0D1C43F
C0D2E41B
C0D40493
C0D525A1
C0D64744
C0D76977
C0D88C38
C0D9AF83
C0DAD356
C0DBF7AD
C0DD1C86
C0DE41DD
C0DF67B0
C0E08DFC
C0E1B4BE
C0E2DBF4
C0E4039C
C0E52BB1
C0E65433
C0E77D1F
C0E8A672
C0E9D02A
C0EAFA45
C0EC24C0
C0ED4F9A
C0EE7AD0
C0EFA660
C0F0D248
C0F1FE86
C0F32B18
C0F457FD
C0F58532
C0F6B2B5
C0F7E086
C0F90EA1
C0FA3D06
C0FB6BB2
C0FC9AA4
C0FDC9DB
C0FEF955
C1001488
C100AC85
C10144A2
C101DCDD
C1027536
C1030DAC
C103A63F
C1043EED
C104D7B6
C105709A
C1060998
C106A2B0
C1073BE0
C107D528
C1086E88
C10907FE
C109A18C
C10A3B2F
C10AD4E8
C10B6EB6
C10C0899
C10CA28F
C10D3C9A
C10DD6B7
C10E70E7
C10F0B29
C10FA57D
C1103FE3
C110DA5A
C11174E1
C1120F78
C112AA20
C11344D7
C113DF9D
C1147A71
C1151555
C115B046
C1164B45
C116E652
C117816B
C1181C92
C118B7C5
C1195304
C119EE4F
C11A89A6
C11B2508
C11BC076
C11C5BEE
C11CF771
C11D92FE
C11E2E96
C11ECA37
C11F65E2
C1200196
C041C92B
C042A7F7
C0438774
C04467AC
C04548A7
C0462A71
C0470D15
C047F09D
C048D517
C049BA8C
C04AA10C
C04B88A1
C04C715A
C04D5B43
C04E466A
C04F32DC
C05020A7
C0510FD9
C0520080
C052F2A8
C053E661
C054DBB7
C055D2BA
C056CB75
C057C5F7
C058C24E
C059C087
C05AC0B0
C05BC2D5
C05CC705
C05DCD4B
C05ED5B6
C05FE051
C060ED2B
C061FC4E
C0630DC9
C06421A6
C06537F2
C06650B9
C0676C07
C06889E6
C069AA63
C06ACD89
C06BF362
C06D1BF9
C06E4759
C06F758C
C070A69B
C071DA91
C0731176
C0744B55
C0758836
C076C822
C0780B20
C079513A
C07A9A77
C07BE6DD
C07D3675
C07E8945
C07FDF53
C0809C53
C0814AA1
C081FA97
C082AC38
C0835F84
C0841480
C084CB2C
C085838A
C0863D9B
C086F962
C087B6DE
C0887612
C08936FD
C089F9A0
C08ABDFB
C08B840E
C08C4BDA
C08D155D
C08DE098
C08EAD88
C08F7C2E
C0904C88
C0911E95
C091F253
C092C7BF
C0939ED9
C094779E
C095520B
C0962E1E
C0970BD5
C097EB2B
C098CC1F
C099AEAC
C09A92D0
C09B7887
C09C5FCD
C09D489E
C09E32F6
C09F1ED2
C0A00C2C
C0A0FB01
C0A1EB4C
C0A2DD09
C0A3D033
C0A4C4C6
C0A5BABB
C0A6B210
C0A7AABF
C0A8A4C2
C0A9A016
C0AA9CB4
C0AB9A99
C0AC99BE
C0AD9A1F
C0AE9BB7
C0AF9E80
C0B0A276
C0B1A793
C0B2ADD2
C0B3B52F
C0B4BDA3
C0B5C72B
C0B6D1C1
C0B7DD60
C0B8EA03
C0B9F7A5
C0BB0642
C0BC15D4
C0BD2658
C0BE37C7
C0BF4A1F
C0C05D59
C0C17171
C0C28663
C0C39C2B
C0C4B2C4
C0C5CA2A
C0C6E258
C0C7FB4B
C0C914FE
C0CA2F6E
C0CB4A96
C0CC6672
C0CD82FF
C0CEA038
C0CFBE1B
C0D0DCA3
C0D1FBCE
C0D31B96
C0D43BFA
C0D55CF5
C0D67E84
C0D7A0A5
C0D8C353
C0D9E68D
C0DB0A4E
C0DC2E93
C0DD535B
C0DE78A1
C0DF9E63
C0E0C49F
C0E1EB51
C0E31278
C0E43A0F
C0E56216
C0E68A89
C0E7B366
C0E8DCAB
C0EA0655
C0EB3061
C0EC5ACF
C0ED859B
C0EEB0C4
C0EFDC47
C0F10822
C0F23454
C0F360DA
C0F48DB2
C0F5BADC
C0F6E854
C0F81618
C0F94429
C0FA7282
C0FBA124
C0FCD00C
C0FDFF38
C0FF2EA8
C1002F2C
C100C725
C1015F3D
C101F773
C1028FC8
C1032839
C103C0C7
C1045971
C104F236
C1058B16
C1062410
C106BD23
C107564F
C107EF94
C10888F0
C1092263
C109BBED
C10A558D
C10AEF42
C10B890D
C10C22EC
C10CBCDF
C10D56E6
C10DF100
C10E8B2D
C10F256D
C10FBFBE
C1105A21
C110F494
C1118F19
C11229AE
C112C452
C1135F07
C113F9CA
C114949C
C1152F7D
C115CA6C
C1166569
C1170073
C1179B8A
C11836AF
C118D1E0
C1196D1D
C11A0866
C11AA3BB
C11B3F1B
C11BDA87
C11C75FD
C11D117E
C11DAD0A
C11E489F
C11EE43F
C11F7FE8
C1201B9B
C0427943
C0435797
C0443699
C0451652
C045F6CB
C046D810
C047BA2C
C0489D29
C0498116
C04A65FC
C04B4BEA
C04C32ED
C04D1B11
C04E0464
C04EEEF4
C04FDACE
C050C800
C051B698
C052A6A4
C0539831
C0548B4E
C0558008
C056766E
C0576E8D
C0586872
C059642C
C05A61C9
C05B6154
C05C62DD
C05D6670
C05E6C1B
C05F73EA
C0607DEA
C0618A29
C06298B2
C063A993
C064BCD7
C065D28A
C066EAB9
C0680570
C06922B9
C06A42A0
C06B6531
C06C8A76
C06DB279
C06EDD46
C0700AE7
C0713B66
C0726ECC
C073A522
C074DE73
C0761AC7
C0775A27
C0789C9A
C079E22A
C07B2ADE
C07C76BC
C07DC5CE
C07F1818
C08036D1
C080E338
C0819146
C08240FB
C082F25B
C083A569
C0845A25
C0851093
C085C8B3
C0868288
C0873E12
C087FB52
C088BA4A
C0897AFB
C08A3D64
C08B0186
C08BC760
C08C8EF4
C08D583F
C08E2343
C08EEFFD
C08FBE6D
C0908E92
C091606A
C09233F4
C093092E
C093E015
C094B8A8
C09592E3
C0966EC6
C0974C4C
C0982B73
C0990C37
C099EE96
C09AD28C
C09BB816
C09C9F2F
C09D87D4
C09E7201
C09F5DB1
C0A04AE1
C0A1398C
C0A229AE
C0A31B42
C0A40E44
C0A502AF
C0A5F87E
C0A6EFAC
C0A7E835
C0A8E213
C0A9DD41
C0AAD9BB
C0ABD77C
C0ACD67D
C0ADD6BB
C0AED831
C0AFDAD8
C0B0DEAC
C0B1E3A8
C0B2E9C7
C0B3F103
C0B4F958
C0B602C1
C0B70D38
C0B818B8
C0B9253E
C0BA32C3
C0BB4143
C0BC50B9
C0BD6120
C0BE7274
C0BF84B0
C0C097CF
C0C1ABCD
C0C2C0A5
C0C3D653
C0C4ECD3
C0C60420
C0C71C36
C0C83510
C0C94EAC
C0CA6904
C0CB8415
C0CC9FDA
C0CDBC51
C0CED975
C0CFF742
C0D115B5
C0D234CA
C0D3547E
C0D474CD
C0D595B5
C0D6B731
C0D7D93E
C0D8FBDA
C0DA1F00
C0DB42AF
C0DC66E2
C0DD8B98
C0DEB0CD
C0DFD67E
C0E0FCA9
C0E2234B
C0E34A61
C0E471E9
C0E599E0
C0E6C243
C0E7EB11
C0E91447
C0EA3DE2
C0EB67E1
C0EC9240
C0EDBCFF
C0EEE81A
C0F0138F
C0F13F5D
C0F26B82
C0F397FC
C0F4C4C8
C0F5F1E5
C0F71F51
C0F84D0A
C0F97B0F
C0FAA95D
C0FBD7F4
C0FD06D1
C0FE35F2
C0FF6557
C1004A7F
C100E273
C1017A86
C10212B7
C102AB07
C1034374
C103DBFD
C10474A3
C1050D63
C105A63F
C1063F35
C106D844
C107716C
C1080AAC
C108A404
C1093D73
C109D6F9
C10A7096
C10B0A48
C10BA40F
C10C3DEA
C10CD7DA
C10D71DE
C10E0BF5
C10EA61F
C10F405B
C10FDAA9
C1107509
C1110F7A
C111A9FB
C112448D
C112DF2F
C11379E1
C11414A2
C114AF71
C1154A50
C115E53C
C1168037
C1171B3E
C117B654
C1185176
C118ECA4
C11987DF
C11A2326
C11ABE79
C11B59D8
C11BF541
C11C90B6
C11D2C35
C11DC7BE
C11E6352
C11EFEF0
C11F9A97
C1203648
C0432DE9
C0440BC1
C044EA42
C045C976
C046A968
C0478A22
C0486BB0
C0494E1E
C04A3178
C04B15CA
C04BFB22
C04CE18C
C04DC917
C04EB1CF
C04F9BC3
C0508700
C0517394
C052618D
C05350F9
C05441E7
C0553463
C056287D
C0571E42
C05815BF
C0590F04
C05A0A1D
C05B0718
C05C0603
C05D06EC
C05E09DE
C05F0EE9
C0601618
C0611F7A
C0622B1A
C0633905
C0644948
C0655BEF
C0667106
C067889A
C068A2B5
C069BF64
C06ADEB2
C06C00AA
C06D2557
C06E4CC4
C06F76FB
C070A407
C071D3F1
C07306C4
C0743C88
C0757548
C076B10C
C077EFDC
C07931C1
C07A76C4
C07BBEEB
C07D0A3F
C07E58C7
C07FAA88
C0807FC5
C0812BE9
C081D9B4
C0828928
C0833A46
C083ED13
C084A18F
C08557BD
C0860F9E
C086C934
C0878480
C0884184
C0890040
C089C0B4
C08A82E1
C08B46C9
C08C0C69
C08CD3C3
C08D9CD6
C08E67A1
C08F3424
C090025D
C090D24C
C091A3EE
C0927743
C0934C48
C09422FB
C094FB5B
C095D564
C096B114
C0978E69
C0986D5F
C0994DF4
C09A3023
C09B13EA
C09BF945
C09CE030
C09DC8A8
C09EB2A8
C09F9E2D
C0A08B31
C0A179B2
C0A269A9
C0A35B14
C0A44DED
C0A5422F
C0A637D5
C0A72EDC
C0A8273E
C0A920F5
C0AA1BFE
C0AB1852
C0AC15EE
C0AD14CB
C0AE14E5
C0AF1637
C0B018BC
C0B11C6D
C0B22148
C0B32745
C0B42E60
C0B53695
C0B63FDD
C0B74A35
C0B85596
C0B961FD
C0BA6F64
C0BB7DC6
C0BC8D1F
C0BD9D69
C0BEAEA1
C0BFC0C0
C0C0D3C4
C0C1E7A7
C0C2FC64
C0C411F8
C0C5285E
C0C63F91
C0C7578E
C0C87050
C0C989D3
C0CAA413
C0CBBF0C
C0CCDABA
C0CDF71A
C0CF1427
C0D031DE
C0D1503B
C0D26F3B
C0D38EDA
C0D4AF14
C0D5CFE7
C0D6F14F
C0D81349
C0D935D1
C0DA58E4
C0DB7C80
C0DCA0A1
C0DDC544
C0DEEA67
C0E01007
C0E13621
C0E25CB1
C0E383B7
C0E4AB2E
C0E5D315
C0E6FB69
C0E82427
C0E94D4D
C0EA76D9
C0EBA0C9
C0ECCB1A
C0EDF5CA
C0EF20D7
C0F04C3F
C0F17800
C0F2A417
C0F3D084
C0F4FD43
C0F62A53
C0F757B3
C0F88560
C0F9B359
C0FAE19C
C0FC1027
C0FD3EF9
C0FE6E0F
C0FF9D6A
C1006683
C100FE71
C101967F
C1022EAC
C102C6F6
C1035F5E
C103F7E3
C1049084
C1052940
C105C217
C1065B09
C106F414
C1078D37
C1082674
C108BFC8
C1095933
C109F2B5
C10A8C4E
C10B25FC
C10BBFBF
C10C5998
C10CF384
C10D8D84
C10E2798
C10EC1BE
C10F5BF7
C10FF642
C110909F
C1112B0D
C111C58C
C112601B
C112FABA
C1139569
C1143027
C114CAF4
C11565D0
C11600B9
C1169BB1
C11736B7
C117D1CA
C1186CE9
C1190816
C119A34E
C11A3E93
C11AD9E4
C11B7540
C11C10A8
C11CAC1A
C11D4797
C11DE31F
C11E7EB1
C11F1A4D
C11FB5F3
C12051A2
C043E72E
C044C482
C045A27D
C0468127
C047608C
C04840B6
C04921B1
C04A038A
C04AE64C
C04BCA04
C04CAEC1
C04D948E
C04E7B7A
C04F6393
C0504CE5
C0513780
C0522371
C05310C7
C053FF8F
C054EFD8
C055E1B0
C056D524
C057CA43
C058C11C
C059B9BB
C05AB42F
C05BB085
C05CAECB
C05DAF0E
C05EB15D
C05FB5C3
C060BC4F
C061C50E
C062D00B
C063DD54
C064ECF6
C065FEFC
C0671374
C0682A68
C06943E5
C06A5FF6
C06B7EA7
C06CA003
C06DC415
C06EEAE7
C0701485
C07140F8
C072704B
C073A287
C074D7B6
C0760FE1
C0774B12
C0788950
C079CAA4
C07B0F16
C07C56AF
C07DA174
C07EEF6F
C0802052
C080CA8E
C081766E
C08223F4
C082D324
C0838400
C084368A
C084EAC5
C085A0B2
C0865852
C08711A9
C087CCB6
C088897B
C08947F8
C08A082F
C08ACA20
C08B8DCB
C08C5330
C08D1A50
C08DE328
C08EADBA
C08F7A04
C0904805
C09117BC
C091E928
C092BC46
C0939115
C0946794
C0953FBF
C0961994
C096F511
C097D233
C098B0F8
C099915B
C09A735A
C09B56F1
C09C3C1C
C09D22D9
C09E0B22
C09EF4F5
C09FE04C
C0A0CD24
C0A1BB79
C0A2AB45
C0A39C85
C0A48F33
C0A5834B
C0A678C9
C0A76FA7
C0A867E1
C0A96171
C0AA5C53
C0AB5881
C0AC55F7
C0AD54AF
C0AE54A4
C0AF55D2
C0B05832
C0B15BC1
C0B26078
C0B36653
C0B46D4D
C0B57560
C0B67E88
C0B788BF
C0B89401
C0B9A048
C0BAAD90
C0BBBBD3
C0BCCB0E
C0BDDB3B
C0BEEC55
C0BFFE58
C0C1113F
C0C22506
C0C339A8
C0C44F21
C0C5656C
C0C67C85
C0C79467
C0C8AD10
C0C9C67A
C0CAE0A1
C0CBFB82
C0CD1718
C0CE3360
C0CF5056
C0D06DF7
C0D18C3D
C0D2AB27
C0D3CAB0
C0D4EAD5
C0D60B93
C0D72CE6
C0D84ECB
C0D9713F
C0DA943F
C0DBB7C7
C0DCDBD5
C0DE0066
C0DF2576
C0E04B04
C0E1710C
C0E2978B
C0E3BE7F
C0E4E5E6
C0E60DBC
C0E735FF
C0E85EAD
C0E987C4
C0EAB141
C0EBDB21
C0ED0563
C0EE3004
C0EF5B03
C0F0865D
C0F1B20F
C0F2DE19
C0F40A78
C0F5372A
C0F6642E
C0F79181
C0F8BF21
C0F9ED0E
C0FB1B45
C0FC49C4
C0FD788A
C0FEA796
C0FFD6E5
C100833B
C1011B24
C101B32D
C1024B54
C102E39A
C1037BFD
C104147D
C104AD19
C10545D0
C105DEA3
C1067790
C1071096
C107A9B6
C10842EE
C108DC3E
C10975A5
C10A0F23
C10AA8B8
C10B4262
C10BDC22
C10C75F6
C10D0FDF
C10DA9DC
C10E43EC
C10EDE0F
C10F7845
C110128D
C110ACE6
C1114751
C111E1CC
C1127C59
C11316F5
C113B1A1
C1144C5C
C114E726
C11581FF
C1161CE7
C116B7DC
C11752DF
C117EDEF
C118890D
C1192437
C119BF6D
C11A5AB0
C11AF5FE
C11B9158
C11C2CBE
C11CC82E
C11D63A9
C11DFF2F
C11E9ABF
C11F3659
C11FD1FD
C1206DAA
C044A51E
C04581EB
C0465F59
C0473D74
C0481C45
C048FBDA
C049DC3D
C04ABD7A
C04B9F9F
C04C82B9
C04D66D5
C04E4C00
C04F3248
C05019BC
C0510268
C051EC5C
C052D7A6
C053C453
C054B273
C055A212
C0569341
C057860B
C0587A81
C05970AF
C05A68A5
C05B626F
C05C5E1C
C05D5BB9
C05E5B53
C05F5CF9
C06060B8
C061669D
C0626EB4
C063790B
C06485AF
C06594AB
C066A60D
C067B9E1
C068D032
C069E90D
C06B047D
C06C228D
C06D434A
C06E66BD
C06F8CF2
C070B5F3
C071E1CA
C0731082
C0744225
C07576BB
C076AE4E
C077E8E8
C0792690
C07A6750
C07BAB2F
C07CF235
C07E3C6A
C07F89D5
C0806D3E
C0811733
C081C2CC
C082700D
C0831EF8
C083CF90
C08481D6
C08535CE
C085EB78
C086A2D7
C0875BEC
C08816B8
C088D33D
C089917C
C08A5174
C08B1327
C08BD695
C08C9BBD
C08D62A0
C08E2B3E
C08EF595
C08FC1A4
C0908F6C
C0915EEA
C092301E
C0930304
C093D79D
C094ADE5
C09585DA
C0965F7B
C0973AC4
C09817B2
C098F644
C099D674
C09AB841
C09B9BA7
C09C80A2
C09D672F
C09E4F49
C09F38EC
C0A02416
C0A110C0
C0A1FEE8
C0A2EE88
C0A3DF9C
C0A4D21F
C0A5C60D
C0A6BB60
C0A7B215
C0A8AA26
C0A9A38D
C0AA9E47
C0AB9A4E
C0AC979D
C0AD962F
C0AE95FF
C0AF9707
C0B09943
C0B19CAD
C0B2A141
C0B3A6F9
C0B4ADD0
C0B5B5C1
C0B6BEC7
C0B7C8DD
C0B8D3FE
C0B9E025
C0BAED4D
C0BBFB71
C0BD0A8D
C0BE1A9B
C0BF2B97
C0C03D7D
C0C15047
C0C263F1
C0C37877
C0C48DD3
C0C5A403
C0C6BB01
C0C7D2C9
C0C8EB58
C0CA04A8
C0CB1EB6
C0CC397D
C0CD54FB
C0CE712B
C0CF8E09
C0D0AB92
C0D1C9C1
C0D2E894
C0D40807
C0D52816
C0D648BE
C0D769FC
C0D88BCC
C0D9AE2B
C0DAD117
C0DBF48B
C0DD1886
C0DE3D03
C0DF6201
C0E0877B
C0E1AD71
C0E2D3DE
C0E3FAC1
C0E52216
C0E649DB
C0E7720D
C0E89AAB
C0E9C3B1
C0EAED1E
C0EC16EE
C0ED4121
C0EE6BB3
C0EF96A3
C0F0C1EE
C0F1ED93
C0F3198E
C0F445DF
C0F57284
C0F69F7A
C0F7CCC0
C0F8FA54
C0FA2834
C0FB565E
C0FC84D1
C0FDB38B
C0FEE28B
C10008E7
C100A0AA
C101388E
C101D091
C10268B3
C10300F4
C1039952
C10431CD
C104CA64
C1056316
C105FBE4
C10694CC
C1072DCE
C107C6E9
C108601D
C108F969
C10992CC
C10A2C46
C10AC5D6
C10B5F7D
C10BF939
C10C9309
C10D2CEE
C10DC6E8
C10E60F4
C10EFB14
C10F9546
C1102F8B
C110C9E1
C1116448
C111FEC1
C112994A
C11333E3
C113CE8C
C1146944
C115040C
C1159EE2
C11639C7
C116D4B9
C1176FBA
C1180AC8
C118A5E2
C119410A
C119DC3E
C11A777E
C11B12CB
C11BAE22
C11C4986
C11CE4F4
C11D806D
C11E1BF1
C11EB77F
C11F5317
C11FEEB9
C1208A64
C04567C9
C0464407
C04720E4
C047FE69
C048DCA2
C049BB9B
C04A9B60
C04B7BFE
C04C5D80
C04D3FF6
C04E236B
C04F07EF
C04FED8E
C050D458
C051BC5A
C052A5A2
C053903F
C0547C40
C05569B1
C05658A3
C0574924
C0583B40
C0592F08
C05A2488
C05B1BCF
C05C14EC
C05D0FEB
C05E0CDB
C05F0BC9
C0600CC2
C0610FD5
C062150E
C0631C7B
C0642628
C0653222
C0664076
C067512F
C068645C
C0697A07
C06A923C
C06BAD07
C06CCA73
C06DEA8D
C06F0D5E
C07032F2
C0715B53
C072868B
C073B4A5
C074E5AA
C07619A4
C077509D
C0788A9D
C079C7AC
C07B07D5
C07C4B1D
C07D918E
C07EDB2F
C0801403
C080BC0E
C08165BB
C082110C
C082BE06
C0836CAB
C0841CFD
C084CEFE
C08582B1
C0863817
C086EF33
C087A805
C0886290
C0891ED4
C089DCD1
C08A9C8A
C08B5DFD
C08C212C
C08CE617
C08DACBD
C08E751D
C08F3F38
C0900B0D
C090D89A
C091A7DE
C09278D8
C0934B86
C0941FE6
C094F5F7
C095CDB5
C096A720
C0978233
C0985EED
C0993D4A
C09A1D47
C09AFEE1
C09BE214
C09CC6DE
C09DAD39
C09E9523
C09F7E97
C0A06991
C0A1560D
C0A24406
C0A33379
C0A42460
C0A516B7
C0A60A79
C0A6FFA2
C0A7F62C
C0A8EE13
C0A9E751
C0AAE1E2
C0ABDDC1
C0ACDAE8
C0ADD953
C0AED8FC
C0AFD9DE
C0B0DBF4
C0B1DF39
C0B2E3A9
C0B3E93C
C0B4EFF0
C0B5F7BE
C0B700A1
C0B80A95
C0B91594
C0BA219A
C0BB2EA2
C0BC3CA6
C0BD4BA2
C0BE5B91
C0BF6C6E
C0C07E35
C0C190E2
C0C2A46E
C0C3B8D7
C0C4CE17
C0C5E42B
C0C6FB0D
C0C812BA
C0C92B2D
C0CA4463
C0CB5E57
C0CC7905
C0CD9469
C0CEB080
C0CFCD46
C0D0EAB6
C0D208CE
C0D3278A
C0D446E5
C0D566DE
C0D68770
C0D7A897
C0D8CA52
C0D9EC9C
C0DB0F73
C0DC32D2
C0DD56B9
C0DE7B22
C0DFA00C
C0E0C574
C0E1EB56
C0E311B1
C0E43881
C0E55FC4
C0E68778
C0E7AF99
C0E8D825
C0EA011B
C0EB2A77
C0EC5438
C0ED7E5B
C0EEA8DD
C0EFD3BE
C0F0FEFA
C0F22A8F
C0F3567D
C0F482BF
C0F5AF56
C0F6DC3E
C0F80977
C0F936FD
C0FA64D0
C0FB92EE
C0FCC154
C0FDF002
C0FF1EF6
C1002717
C100BED4
C10156B2
C101EEAF
C10286CC
C1031F07
C103B760
C1044FD6
C104E868
C1058116
C10619DE
C106B2C2
C1074BBF
C107E4D5
C1087E05
C109174C
C109B0AB
C10A4A20
C10AE3AD
C10B7D4F
C10C1707
C10CB0D4
C10D4AB5
C10DE4AB
C10E7EB3
C10F18D0
C10FB2FE
C1104D3F
C110E792
C11181F6
C1121C6C
C112B6F1
C1135188
C113EC2D
C11486E3
C11521A8
C115BC7B
C116575D
C116F24D
C1178D4A
C1182855
C118C36E
C1195E93
C119F9C4
C11A9502
C11B304C
C11BCBA2
C11C6703
C11D026F
C11D9DE6
C11E3967
C11ED4F3
C11F7089
C1200C29
C120A7D3
C0462F3B
C0470AE5
C047E72A
C048C414
C049A1AF
C04A8007
C04B5F29
C04C3F20
C04D1FFB
C04E01C7
C04EE491
C04FC868
C050AD5A
C0519374
C0527AC6
C053635E
C0544D4A
C0553899
C0562558
C0571398
C0580366
C058F4D0
C059E7E5
C05ADCB3
C05BD348
C05CCBB2
C05DC600
C05EC23E
C05FC07B
C060C0C5
C061C328
C062C7B1
C063CE6F
C064D76E
C065E2BB
C066F062
C0680071
C06912F2
C06A27F3
C06B3F7F
C06C59A2
C06D7667
C06E95DA
C06FB805
C070DCF5
C07204B2
C0732F48
C0745CC1
C0758D26
C076C081
C077F6DB
C079303E
C07A6CB2
C07BAC3F
C07CEEEE
C07E34C7
C07F7DD0
C0806509
C0810CC9
C081B62C
C0826135
C0830DE6
C083BC43
C0846C4E
C0851E08
C085D175
C0868697
C0873D6E
C087F5FC
C088B043
C0896C44
C08A2A00
C08AE977
C08BAAAA
C08C6D99
C08D3244
C08DF8AB
C08EC0CE
C08F8AAC
C0905644
C0912395
C091F29D
C092C35D
C09395D1
C09469F8
C0953FD0
C0961757
C096F08A
C097CB66
C098A7EA
C0998612
C09A65DA
C09B4740
C09C2A40
C09D0ED7
C09DF500
C09EDCB8
C09FC5FB
C0A0B0C5
C0A19D11
C0A28ADC
C0A37A20
C0A46AD9
C0A55D03
C0A65098
C0A74595
C0A83BF3
C0A933AF
C0AA2CC3
C0AB272A
C0AC22E0
C0AD1FDE
C0AE1E21
C0AF1DA2
C0B01E5D
C0B1204D
C0B2236C
C0B327B6
C0B42D25
C0B533B4
C0B63B5E
C0B7441E
C0B84DEF
C0B958CC
C0BA64B0
C0BB7195
C0BC7F79
C0BD8E54
C0BE9E23
C0BFAEE1
C0C0C089
C0C1D316
C0C2E685
C0C3FAD0
C0C50FF3
C0C625E9
C0C73CAF
C0C85440
C0C96C98
C0CA85B2
C0CB9F8B
C0CCBA1F
C0CDD569
C0CEF166
C0D00E13
C0D12B6B
C0D2496A
C0D3680E
C0D48752
C0D5A733
C0D6C7AE
C0D7E8BF
C0D90A63
C0DA2C98
C0DB4F59
C0DC72A3
C0DD9675
C0DEBACA
C0DFDFA0
C0E104F4
C0E22AC3
C0E3510A
C0E477C8
C0E59EF8
C0E6C699
C0E7EEA9
C0E91724
C0EA4008
C0EB6953
C0EC9303
C0EDBD16
C0EEE788
C0F01259
C0F13D85
C0F2690C
C0F394EA
C0F4C11E
C0F5EDA7
C0F71A81
C0F847AB
C0F97524
C0FAA2EA
C0FBD0FA
C0FCFF54
C0FE2DF5
C0FF5CDC
C1004604
C100DDBB
C1017593
C1020D8B
C102A5A2
C1033DD7
C103D62B
C1046E9B
C1050728
C1059FD1
C1063894
C106D173
C1076A6B
C108037D
C1089CA7
C10935EA
C109CF45
C10A68B6
C10B023E
C10B9BDC
C10C3590
C10CCF59
C10D6936
C10E0328
C10E9D2D
C10F3745
C10FD170
C1106BAE
C11105FD
C111A05E
C1123AD0
C112D552
C1136FE5
C1140A88
C114A53A
C1153FFC
C115DACC
C11675AB
C1171098
C117AB93
C118469C
C118E1B1
C1197CD4
C11A1803
C11AB33E
C11B4E86
C11BE9D9
C11C8538
C11D20A1
C11DBC16
C11E5795
C11EF31F
C11F8EB3
C1202A51
C120C5F9
C046FB82
C047D692
C048B239
C0498E82
C04A6B79
C04B492B
C04C27A3
C04D06EF
C04DE71D
C04EC839
C04FAA53
C0508D78
C05171B7
C052571E
C0533DBB
C054259D
C0550ED3
C055F96B
C056E574
C057D2FD
C058C214
C059B2C7
C05AA525
C05B993C
C05C8F1B
C05D86CF
C05E8067
C05F7BF0
C0607978
C061790D
C0627ABD
C0637E93
C064849F
C0658CEC
C0669788
C067A47F
C068B3DE
C069C5B1
C06ADA04
C06BF0E3
C06D0A5B
C06E2675
C06F453E
C07066C1
C0718B08
C072B21F
C073DC0F
C07508E3
C07638A5
C0776B5D
C078A116
C079D9D9
C07B15AE
C07C549E
C07D96B0
C07EDBED
C080122E
C080B803
C0815F77
C082088F
C082B34D
C0835FB5
C0840DC8
C084BD8A
C0856EFD
C0862223
C086D6FD
C0878D8E
C08845D7
C088FFDA
C089BB97
C08A790F
C08B3844
C08BF935
C08CBBE2
C08D804D
C08E4674
C08F0E57
C08FD7F7
C090A350
C0917064
C0923F30
C0930FB4
C093E1ED
C094B5D9
C0958B78
C09662C5
C0973BC0
C0981665
C098F2B1
C099D0A2
C09AB035
C09B9166
C09C7431
C09D5894
C09E3E8A
C09F260F
C0A00F20
C0A0F9B9
C0A1E5D4
C0A2D36E
C0A3C283
C0A4B30D
C0A5A509
C0A69870
C0A78D40
C0A88372
C0A97B02
C0AA73EA
C0AB6E27
C0AC69B2
C0AD6687
C0AE64A0
C0AF63F9
C0B0648C
C0B16655
C0B2694D
C0B36D70
C0B472B9
C0B57923
C0B680A8
C0B78944
C0B892F1
C0B99DAA
C0BAA96B
C0BBB62F
C0BCC3F0
C0BDD2AA
C0BEE258
C0BFF2F6
C0C1047E
C0C216EC
C0C32A3B
C0C43E68
C0C5536C
C0C66945
C0C77FEE
C0C89762
C0C9AF9D
C0CAC89C
C0CBE259
C0CCFCD2
C0CE1801
C0CF33E4
C0D05077
C0D16DB5
C0D28B9B
C0D3AA26
C0D4C952
C0D5E91B
C0D7097F
C0D82A79
C0D94C06
C0DA6E24
C0DB90CF
C0DCB404
C0DDD7C0
C0DEFC00
C0E020C1
C0E14601
C0E26BBC
C0E391F0
C0E4B89A
C0E5DFB7
C0E70746
C0E82F43
C0E957AC
C0EA807F
C0EBA9B8
C0ECD357
C0EDFD59
C0EF27BB
C0F0527B
C0F17D98
C0F2A90E
C0F3D4DD
C0F50102
C0F62D7C
C0F75A47
C0F88763
C0F9B4CE
C0FAE286
C0FC1089
C0FD3ED5
C0FE6D6A
C0FF9C44
C10065B2
C100FD63
C1019534
C1022D26
C102C537
C1035D67
C103F5B5
C1048E20
C10526A7
C105BF4B
C1065809
C106F0E3
C10789D6
C10822E3
C108BC09
C1095547
C109EE9C
C10A8809
C10B218D
C10BBB27
C10C54D6
C10CEE9B
C10D8874
C10E2262
C10EBC63
C10F5678
C10FF09F
C1108AD9
C1112524
C111BF82
C11259F0
C112F46F
C1138EFF
C114299E
C114C44E
C1155F0C
C115F9DA
C11694B6
C1172FA0
C117CA98
C118659D
C11900B0
C1199BD0
C11A36FD
C11AD235
C11B6D7A
C11C08CB
C11CA427
C11D3F8F
C11DDB01
C11E767E
C11F1206
C11FAD98
C1204933
C120E4D9
C047CCA9
C048A718
C049821C
C04A5DBE
C04B3A0C
C04C1711
C04CF4DA
C04DD376
C04EB2F1
C04F9359
C05074BD
C051572B
C0523AB2
C0531F5F
C0540543
C054EC6B
C055D4E6
C056BEC3
C057AA11
C05896DE
C059853A
C05A7532
C05B66D5
C05C5A31
C05D4F55
C05E464F
C05F3F2D
C06039FD
C06136CC
C06235A9
C06336A1
C06439C1
C0653F16
C06646AE
C0675096
C0685CD9
C0696B85
C06A7CA6
C06B9048
C06CA677
C06DBF3F
C06EDAAB
C06FF8C7
C071199E
C0723D3A
C07363A7
C0748CEE
C075B91A
C076E835
C0781A48
C0794F5D
C07A877C
C07BC2AF
C07D00FE
C07E4271
C07F8710
C0806771
C0810CF7
C081B41F
C0825CEA
C083075C
C083B378
C0846141
C08510B9
C085C1E2
C08674BF
C0872951
C087DF9B
C088979E
C089515A
C08A0CD2
C08ACA05
C08B88F6
C08C49A4
C08D0C0F
C08DD037
C08E961D
C08F5DC0
C090271F
C090F23A
C091BF0F
C0928D9E
C0935DE4
C0942FE1
C0950392
C095D8F5
C096B008
C09788C9
C0986335
C0993F49
C09A1D02
C09AFC5E
C09BDD58
C09CBFEE
C09DA41C
C09E89DD
C09F712F
C0A05A0D
C0A14473
C0A2305D
C0A31DC6
C0A40CAA
C0A4FD04
C0A5EED0
C0A6E209
C0A7D6AA
C0A8CCAF
C0A9C411
C0AABCCE
C0ABB6DE
C0ACB23E
C0ADAEE8
C0AEACD8
C0AFAC07
C0B0AC71
C0B1AE11
C0B2B0E2
C0B3B4DE
C0B4BA00
C0B5C043
C0B6C7A3
C0B7D019
C0B8D9A1
C0B9E437
C0BAEFD4
C0BBFC74
C0BD0A13
C0BE18AB
C0BF2837
C0C038B3
C0C14A1B
C0C25C68
C0C36F98
C0C483A5
C0C5988B
C0C6AE45
C0C7C4D0
C0C8DC26
C0C9F444
C0CB0D26
C0CC26C7
C0CD4124
C0CE5C38
C0CF7800
C0D09478
C0D1B19C
C0D2CF69
C0D3EDDA
C0D50CED
C0D62C9E
C0D74CE9
C0D86DCB
C0D98F41
C0DAB148
C0DBD3DC
C0DCF6FB
C0DE1AA1
C0DF3ECB
C0E06377
C0E188A2
C0E2AE48
C0E3D468
C0E4FAFE
C0E62208
C0E74983
C0E8716E
C0E999C4
C0EAC284
C0EBEBAC
C0ED1539
C0EE3F2A
C0EF697A
C0F0942A
C0F1BF36
C0F2EA9D
C0F4165C
C0F54271
C0F66EDB
C0F79B98
C0F8C8A5
C0F9F602
C0FB23AB
C0FC51A0
C0FD7FDF
C0FEAE66
C0FFDD33
C1008623
C1011DCD
C101B599
C1024D85
C102E590
C1037DBA
C1041602
C104AE67
C10546E9
C105DF87
C1067840
C1071114
C107AA02
C108430A
C108DC2B
C1097564
C10A0EB5
C10AA81D
C10B419D
C10BDB32
C10C74DD
C10D0E9D
C10DA872
C10E425C
C10EDC59
C10F766A
C110108D
C110AAC3
C111450B
C111DF65
C11279D0
C113144B
C113AED8
C1144974
C114E420
C1157EDB
C11619A5
C116B47E
C1174F65
C117EA5A
C118855D
C119206D
C119BB8A
C11A56B4
C11AF1EA
C11B8D2D
C11C287B
C11CC3D5
C11D5F3A
C11DFAAA
C11E9624
C11F31AA
C11FCD39
C12068D3
C1210476
C048A2BB
C0497C85
C04A56DE
C04B31D4
C04C0D72
C04CE9C5
C04DC6DA
C04EA4BF
C04F8382
C0506331
C05143DA
C052258C
C0530855
C053EC45
C054D16A
C055B7D3
C0569F8F
C05788AD
C058733B
C0595F48
C05A4CE4
C05B3C1C
C05C2D00
C05D1F9D
C05E1402
C05F0A3E
C060025E
C060FC71
C061F884
C062F6A4
C063F6E1
C064F946
C065FDE2
C06704C1
C0680DF0
C069197C
C06A2771
C06B37DD
C06C4ACA
C06D6046
C06E785B
C06F9316
C070B081
C071D0A9
C072F397
C0741956
C07541F1
C0766D72
C0779BE3
C078CD4E
C07A01BB
C07B3934
C07C73C2
C07DB16D
C07EF23D
C0801B1D
C080BEB7
C08163EE
C0820AC6
C082B343
C0835D68
C0840937
C084B6B4
C08565E0
C08616BF
C086C952
C0877D9B
C088339C
C088EB56
C089A4CB
C08A5FFC
C08B1CEA
C08BDB95
C08C9BFE
C08D5E25
C08E220B
C08EE7AE
C08FAF0F
C090782E
C0914308
C0920F9D
C092DDED
C093ADF5
C0947FB4
C0955328
C096284F
C096FF26
C097D7AC
C098B1DE
C0998DB9
C09A6B39
C09B4A5C
C09C2B1F
C09D0D7E
C09DF176
C09ED702
C09FBE1F
C0A0A6C8
C0A190FB
C0A27CB1
C0A369E8
C0A4589B
C0A548C4
C0A63A5F
C0A72D69
C0A821DB
C0A917B0
C0AA0EE5
C0AB0774
C0AC0158
C0ACFC8C
C0ADF90A
C0AEF6CE
C0AFF5D3
C0B0F614
C0B1F78A
C0B2FA32
C0B3FE05
C0B50300
C0B6091C
C0B71055
C0B818A5
C0B92208
C0BA2C78
C0BB37F1
C0BC446D
C0BD51E8
C0BE605D
C0BF6FC7
C0C08021
C0C19166
C0C2A393
C0C3B6A2
C0C4CA8F
C0C5DF55
C0C6F4F0
C0C80B5C
C0C92294
C0CA3A94
C0CB5358
C0CC6CDC
C0CD871C
C0CEA215
C0CFBDC1
C0D0DA1D
C0D1F727
C0D314D9
C0D43330
C0D55229
C0D671C0
C0D791F3
C0D8B2BC
C0D9D41A
C0DAF609
C0DC1886
C0DD3B8E
C0DE5F1D
C0DF8332
C0E0A7C8
C0E1CCDD
C0E2F26E
C0E41879
C0E53EFB
C0E665F1
C0E78D58
C0E8B52F
C0E9DD72
C0EB0620
C0EC2F35
C0ED58B0
C0EE828E
C0EFACCE
C0F0D76C
C0F20267
C0F32DBD
C0F4596C
C0F58572
C0F6B1CC
C0F7DE79
C0F90B77
C0FA38C5
C0FB665F
C0FC9446
C0FDC277
C0FEF0F0
C1000FD8
C100A75A
C1013EFE
C101D6C3
C1026EA9
C10306AE
C1039ED2
C1043714
C104CF73
C10567EF
C1060088
C106993B
C107320A
C107CAF3
C10863F6
C108FD11
C1099645
C10A2F92
C10AC8F5
C10B6270
C10BFC00
C10C95A7
C10D2F63
C10DC934
C10E6319
C10EFD12
C10F971E
C110313E
C110CB70
C11165B4
C112000A
C1129A71
C11334E9
C113CF72
C1146A0B
C11504B3
C1159F6B
C1163A32
C116D508
C1176FEC
C1180ADE
C118A5DE
C11940EB
C119DC05
C11A772C
C11B1260
C11BAD9F
C11C48EB
C11CE442
C11D7FA5
C11E1B12
C11EB68B
C11F520E
C11FED9B
C1208932
C12124D4
C0497DC3
C04A56E1
C04B308B
C04C0ACE
C04CE5B7
C04DC152
C04E9DAE
C04F7AD7
C05058DC
C05137CC
C05217B5
C052F8A6
C053DAAD
C054BDDA
C055A23C
C05687E1
C0576ED9
C0585732
C05940FC
C05A2C45
C05B191D
C05C0791
C05CF7B1
C05DE98B
C05EDD2E
C05FD2A7
C060CA06
C061C357
C062BEAA
C063BC0B
C064BB88
C065BD2F
C066C10E
C067C730
C068CFA3
C069DA75
C06AE7B0
C06BF763
C06D0998
C06E1E5D
C06F35BC
C0704FC2
C0716C7A
C0728BEF
C073AE2B
C074D33A
C075FB26
C07725F9
C07853BD
C079847C
C07AB83E
C07BEF0E
C07D28F4
C07E65F8
C07FA623
C08074BE
C0811806
C081BCEC
C0826374
C0830BA2
C083B578
C08460F9
C0850E28
C085BD07
C0866D9A
C0871FE1
C087D3E0
C0888996
C0894107
C089FA34
C08AB51D
C08B71C3
C08C3028
C08CF04B
C08DB22D
C08E75CE
C08F3B2E
C090024C
C090CB27
C09195C0
C0926215
C0933024
C093FFEC
C094D16C
C095A4A2
C096798C
C0975027
C0982870
C0990267
C099DE07
C09ABB4D
C09B9A37
C09C7AC1
C09D5CE8
C09E40A8
C09F25FE
C0A00CE5
C0A0F559
C0A1DF57
C0A2CADA
C0A3B7DD
C0A4A65C
C0A59654
C0A687BE
C0A77A96
C0A86ED8
C0A9647E
C0AA5B84
C0AB53E4
C0AC4D9A
C0AD48A1
C0AE44F3
C0AF428B
C0B04164
C0B14179
C0B242C6
C0B34543
C0B448EE
C0B54DC0
C0B653B4
C0B75AC5
C0B862EE
C0B96C2A
C0BA7674
C0BB81C8
C0BC8E1F
C0BD9B76
C0BEA9C6
C0BFB90D
C0C0C944
C0C1DA67
C0C2EC72
C0C3FF5F
C0C5132B
C0C627D0
C0C73D4B
C0C85397
C0C96AB0
C0CA8292
C0CB9B38
C0CCB49E
C0CDCEC1
C0CEE99C
C0D0052C
C0D1216D
C0D23E5A
C0D35BF1
C0D47A2D
C0D5990C
C0D6B88A
C0D7D8A2
C0D8F953
C0DA1A98
C0DB3C6F
C0DC5ED4
C0DD81C4
C0DEA53C
C0DFC939
C0E0EDB9
C0E212B8
C0E33833
C0E45E29
C0E58495
C0E6AB77
C0E7D2CA
C0E8FA8C
C0EA22BC
C0EB4B56
C0EC7459
C0ED9DC1
C0EEC78D
C0EFF1BA
C0F11C47
C0F24731
C0F37276
C0F49E14
C0F5CA09
C0F6F653
C0F822F0
C0F94FDF
C0FA7D1D
C0FBAAA8
C0FCD880
C0FE06A2
C0FF350D
C10031DF
C100C95B
C10160F8
C101F8B7
C1029096
C1032894
C103C0B2
C10458EE
C104F147
C10589BD
C1062250
C106BAFE
C10753C7
C107ECAB
C10885A8
C1091EBE
C109B7EE
C10A5135
C10AEA93
C10B8409
C10C1D95
C10CB737
C10D50EE
C10DEABA
C10E849B
C10F1E90
C10FB898
C11052B4
C110ECE2
C1118722
C1122174
C112BBD7
C113564C
C113F0D1
C1148B66
C115260B
C115C0C0
C1165B83
C116F656
C1179137
C1182C26
C118C722
C119622C
C119FD44
C11A9868
C11B3399
C11BCED5
C11C6A1E
C11D0573
C11DA0D3
C11E3C3E
C11ED7B4
C11F7334
C1200EBF
C120AA54
C12145F3
C04A5DCC
C04B3637
C04C0F2C
C04CE8B7
C04DC2E4
C04E9DC2
C04F795E
C05055C6
C0513309
C0521134
C052F058
C053D083
C054B1C3
C0559429
C05677C2
C0575C9F
C05842CE
C0592A5F
C05A1360
C05AFDE1
C05BE9F0
C05CD79D
C05DC6F5
C05EB808
C05FAAE4
C0609F97
C0619630
C0628EBC
C063894A
C06485E8
C06584A3
C0668588
C06788A5
C0688E08
C06995BC
C06A9FCF
C06BAC4D
C06CBB43
C06DCCBE
C06EE0C8
C06FF76F
C07110BC
C0722CBD
C0734B7C
C0746D04
C075915F
C076B898
C077E2BA
C0790FCE
C07A3FDE
C07B72F4
C07CA917
C07DE252
C07F1EAC
C0802F17
C080D070
C0817365
C08217F9
C082BE30
C083660C
C0840F92
C084BAC4
C08567A4
C0861635
C086C67A
C0877875
C0882C27
C088E192
C08998B8
C08A519B
C08B0C3B
C08BC898
C08C86B5
C08D4691
C08E082D
C08ECB88
C08F90A2
C090577C
C0912014
C091EA6A
C092B67C
C093844A
C09453D2
C0952512
C095F808
C096CCB3
C097A310
C0987B1C
C09954D6
C09A303A
C09B0D46
C09BEBF5
C09CCC45
C09DAE33
C09E91BB
C09F76D9
C0A05D88
C0A145C6
C0A22F8E
C0A31ADC
C0A407AB
C0A4F5F6
C0A5E5BA
C0A6D6F2
C0A7C998
C0A8BDA9
C0A9B31E
C0AAA9F4
C0ABA225
C0AC9BAC
C0AD9684
C0AE92A8
C0AF9013
C0B08EC0
C0B18EAA
C0B28FCB
C0B3921E
C0B4959E
C0B59A46
C0B6A011
C0B7A6F9
C0B8AEFB
C0B9B80F
C0BAC233
C0BBCD60
C0BCD991
C0BDE6C2
C0BEF4EE
C0C00410
C0C11423
C0C22523
C0C3370B
C0C449D6
C0C55D80
C0C67204
C0C7875E
C0C89D8A
C0C9B483
C0CACC45
C0CBE4CC
C0CCFE14
C0CE1818
C0CF32D6
C0D04E49
C0D16A6C
C0D2873D
C0D3A4B8
C0D4C2D9
C0D5E19D
C0D70100
C0D820FE
C0D94195
C0DA62C0
C0DB847E
C0DCA6CA
C0DDC9A2
C0DEED02
C0E010E8
C0E13551
C0E25A39
C0E37F9E
C0E4A57E
C0E5CBD5
C0E6F2A1
C0E819DF
C0E9418D
C0EA69A8
C0EB922F
C0ECBB1E
C0EDE473
C0EF0E2C
C0F03847
C0F162C1
C0F28D99
C0F3B8CC
C0F4E459
C0F6103D
C0F73C76
C0F86903
C0F995E1
C0FAC310
C0FBF08C
C0FD1E54
C0FE4C68
C0FF7AC4
C10054B3
C100EC28
C10183BE
C1021B76
C102B34E
C1034B46
C103E35E
C1047B93
C10513E6
C105AC56
C10644E3
C106DD8B
C107764F
C1080F2D
C108A824
C1094135
C109DA5F
C10A73A1
C10B0CFB
C10BA66B
C10C3FF2
C10CD98F
C10D7342
C10E0D0A
C10EA6E6
C10F40D6
C10FDADA
C11074F1
C1110F1B
C111A957
C11243A5
C112DE05
C1137876
C11412F7
C114AD88
C115482A
C115E2DB
C1167D9B
C117186A
C117B348
C1184E34
C118E92D
C1198434
C11A1F48
C11ABA6A
C11B5597
C11BF0D1
C11C8C18
C11D2769
C11DC2C7
C11E5E2F
C11EF9A2
C11F9521
C12030A9
C120CC3C
C12167D8
C04B42DE
C04C1A91
C04CF2CB
C04DCB97
C04EA504
C04F7F1F
C05059F6
C0513597
C0521211
C052EF74
C053CDCD
C054AD2D
C0558DA1
C0566F3A
C0575207
C0583617
C0591B79
C05A023D
C05AEA71
C05BD425
C05CBF68
C05DAC48
C05E9AD5
C05F8B1C
C0607D2E
C0617117
C06266E6
C0635EAA
C0645871
C0655447
C066523C
C067525C
C06854B4
C0695953
C06A6045
C06B6996
C06C7554
C06D838B
C06E9446
C06FA793
C070BD7D
C071D610
C072F157
C0740F5C
C075302C
C07653D1
C0777A55
C078A3C3
C079D024
C07AFF82
C07C31E7
C07D675C
C07E9FE8
C07FDB96
C0808D37
C0812E3B
C081D0DB
C082751B
C0831AFF
C083C289
C0846BBD
C085169E
C085C32E
C0867170
C0872166
C087D312
C0888677
C0893B95
C089F270
C08AAB07
C08B655C
C08C2170
C08CDF43
C08D9ED7
C08E602A
C08F233F
C08FE813
C090AEA7
C09176FA
C092410C
C0930CDB
C093DA66
C094A9AB
C0957AAA
C0964D60
C09721CB
C097F7E9
C098CFB7
C099A933
C09A845A
C09B6129
C09C3F9D
C09D1FB2
C09E0166
C09EE4B4
C09FC998
C0A0B010
C0A19816
C0A281A7
C0A36CBF
C0A45958
C0A5476F
C0A636FE
C0A72802
C0A81A76
C0A90E54
C0AA0397
C0AAFA3C
C0ABF23C
C0ACEB94
C0ADE63D
C0AEE232
C0AFDF6F
C0B0DDEE
C0B1DDAB
C0B2DE9F
C0B3E0C7
C0B4E41C
C0B5E899
C0B6EE3A
C0B7F4F9
C0B8FCD1
C0BA05BE
C0BB0FB9
C0BC1ABF
C0BD26C9
C0BE33D4
C0BF41DA
C0C050D7
C0C160C6
C0C271A1
C0C38366
C0C4960D
C0C5A995
C0C6BDF7
C0C7D32F
C0C8E939
C0CA0012
C0CB17B3
C0CC301A
C0CD4943
C0CE6329
C0CF7DC8
C0D0991C
C0D1B522
C0D2D1D6
C0D3EF35
C0D50D39
C0D62BE1
C0D74B28
C0D86B0C
C0D98B88
C0DAAC9A
C0DBCE3D
C0DCF070
C0DE132F
C0DF3677
C0E05A45
C0E17E96
C0E2A366
C0E3C8B5
C0E4EE7E
C0E614BE
C0E73B74
C0E8629D
C0E98A36
C0EAB23D
C0EBDAAE
C0ED0389
C0EE2CCB
C0EF5670
C0F08078
C0F1AAE0
C0F2D5A5
C0F400C6
C0F52C41
C0F65813
C0F7843C
C0F8B0B8
C0F9DD86
C0FB0AA4
C0FC3810
C0FD65C9
C0FE93CC
C0FFC219
C1007857
C1010FC4
C101A753
C1023F04
C102D6D5
C1036EC7
C10406D7
C1049F06
C1053753
C105CFBD
C1066843
C10700E6
C10799A3
C108327B
C108CB6D
C1096479
C109FD9D
C10A96DA
C10B302E
C10BC999
C10C631B
C10CFCB4
C10D9661
C10E3024
C10EC9FC
C10F63E8
C10FFDE7
C11097FA
C1113220
C111CC58
C11266A1
C11300FD
C1139B6A
C11435E7
C114D075
C1156B13
C11605C0
C116A07D
C1173B48
C117D622
C118710B
C1190C01
C119A705
C11A4216
C11ADD34
C11B785F
C11C1396
C11CAED9
C11D4A28
C11DE583
C11E80E9
C11F1C59
C11FB7D5
C120535B
C120EEEB
C1218A85
C04C2D03
C04D03F7
C04DDB6F
C04EB377
C04F8C1E
C0506570
C0513F7C
C0521A52
C052F5FF
C053D293
C054B01D
C0558EAC
C0566E50
C0574F18
C0583114
C0591452
C059F8E3
C05ADED5
C05BC639
C05CAF1C
C05D998E
C05E859E
C05F735B
C06062D4
C0615416
C0624732
C0633C34
C064332C
C0652C27
C0662733
C067245E
C06823B5
C0692546
C06A291D
C06B2F49
C06C37D6
C06D42CF
C06E5043
C06F603E
C07072CA
C07187F4
C0729FC9
C073BA52
C074D79C
C075F7B1
C0771A9C
C0784068
C079691F
C07A94CA
C07BC373
C07CF525
C07E29E7
C07F61C3
C0804E61
C080ED75
C0818E23
C082306E
C082D459
C08379E8
C084211F
C084CA00
C085748E
C08620CC
C086CEBD
C0877E63
C0882FC0
C088E2D6
C08997A6
C08A4E33
C08B067E
C08BC087
C08C7C50
C08D39D9
C08DF922
C08EBA2D
C08F7CF9
C0904186
C09107D3
C091CFE0
C09299AC
C0936537
C094327E
C0950180
C095D23C
C096A4B0
C09778DA
C0984EB8
C0992646
C099FF83
C09ADA6C
C09BB6FE
C09C9535
C09D750E
C09E5686
C09F3999
C0A01E44
C0A10482
C0A1EC50
C0A2D5A9
C0A3C089
C0A4ACEB
C0A59ACC
C0A68A26
C0A77AF6
C0A86D35
C0A960DF
C0AA55F0
C0AB4C63
C0AC4432
C0AD3D58
C0AE37D1
C0AF3396
C0B030A4
C0B12EF5
C0B22E84
C0B32F4B
C0B43145
C0B5346E
C0B638C0
C0B73E36
C0B844CA
C0B94C79
C0BA553C
C0BB5F0E
C0BC69EC
C0BD75CF
C0BE82B2
C0BF9092
C0C09F69
C0C1AF31
C0C2BFE8
C0C3D187
C0C4E40B
C0C5F76F
C0C70BAE
C0C820C4
C0C936AC
C0CA4D62
C0CB64E3
C0CC7D2A
C0CD9632
C0CEAFF8
C0CFCA78
C0D0E5AD
C0D20195
C0D31E2B
C0D43B6C
C0D55954
C0D677DF
C0D7970A
C0D8B6D2
C0D9D733
C0DAF82A
C0DC19B3
C0DD3BCC
C0DE5E71
C0DF81A0
C0E0A555
C0E1C98D
C0E2EE46
C0E4137D
C0E5392E
C0E65F58
C0E785F8
C0E8AD0A
C0E9D48D
C0EAFC7F
C0EC24DB
C0ED4DA1
C0EE76CF
C0EFA060
C0F0CA54
C0F1F4A9
C0F31F5B
C0F44A6A
C0F575D2
C0F6A193
C0F7CDA9
C0F8FA14
C0FA26D1
C0FB53DE
C0FC813A
C0FDAEE2
C0FEDCD6
C100058A
C1009CCC
C1013432
C101CBBA
C1026363
C102FB2E
C1039318
C1042B22
C104C34A
C1055B90
C105F3F4
C1068C74
C1072510
C107BDC7
C1085699
C108EF86
C109888B
C10A21AA
C10ABAE1
C10B5430
C10BED96
C10C8713
C10D20A6
C10DBA4F
C10E540D
C10EEDE0
C10F87C7
C11021C2
C110BBD0
C11155F1
C111F025
C1128A6A
C11324C2
C113BF2A
C11459A4
C114F42E
C1158EC8
C1162971
C116C42A
C1175EF2
C117F9C9
C11894AE
C1192FA1
C119CAA1
C11A65AF
C11B00CA
C11B9BF2
C11C3726
C11CD266
C11D6DB2
C11E090A
C11EA46D
C11F3FDB
C11FDB54
C12076D8
C1211265
C121ADFD
C04D1C40
C04DF270
C04EC921
C04FA060
C050783A
C05150BE
C05229FB
C05303FF
C053DEDA
C054BA9A
C0559750
C056750B
C05753D9
C05833CC
C05914F2
C059F75A
C05ADB15
C05BC032
C05CA6C0
C05D8ECE
C05E786B
C05F63A8
C0605091
C0613F37
C0622FA8
C06321F2
C0641624
C0650C4B
C0660477
C066FEB5
C067FB13
C068F99E
C069FA63
C06AFD71
C06C02D3
C06D0A98
C06E14CB
C06F2179
C07030AE
C0714277
C07256DF
C0736DF2
C07487BB
C075A446
C076C39D
C077E5CC
C0790ADC
C07A32D9
C07B5DCB
C07C8BBE
C07DBCB9
C07EF0C6
C08013F7
C080B11E
C0814FD9
C081F02F
C0829223
C08335B8
C083DAF1
C08481D3
C0852A5F
C085D49A
C0868086
C0872E24
C087DD79
C0888E85
C089414A
C089F5CC
C08AAC0A
C08B6406
C08C1DC2
C08CD93F
C08D967C
C08E557B
C08F163B
C08FD8BE
C0909D02
C0916307
C0922ACD
C092F452
C093BF97
C0948C98
C0955B56
C0962BCF
C096FE00
C097D1E8
C098A784
C0997ED1
C09A57CE
C09B3278
C09C0ECA
C09CECC3
C09DCC60
C09EAD9B
C09F9073
C0A074E2
C0A15AE6
C0A2427A
C0A32B99
C0A41641
C0A5026C
C0A5F015
C0A6DF39
C0A7CFD2
C0A8C1DC
C0A9B552
C0AAAA30
C0ABA06F
C0AC980B
C0AD90FF
C0AE8B47
C0AF86DC
C0B083B9
C0B181DB
C0B2813A
C0B381D3
C0B483A0
C0B5869B
C0B68AC1
C0B7900A
C0B89674
C0B99DF7
C0BAA690
C0BBB039
C0BCBAED
C0BDC6A7
C0BED363
C0BFE11B
C0C0EFCA
C0C1FF6D
C0C30FFD
C0C42177
C0C533D6
C0C64715
C0C75B30
C0C87022
C0C985E8
C0CA9C7C
C0CBB3DA
C0CCCBFF
C0CDE4E7
C0CEFE8C
C0D018EC
C0D13402
C0D24FCB
C0D36C42
C0D48965
C0D5A72F
C0D6C59D
C0D7E4AB
C0D90456
C0DA249B
C0DB4576
C0DC66E5
C0DD88E3
C0DEAB6E
C0DFCE83
C0E0F21E
C0E2163D
C0E33ADD
C0E45FFC
C0E58595
C0E6ABA8
C0E7D230
C0E8F92C
C0EA2099
C0EB4874
C0EC70BB
C0ED996C
C0EEC284
C0EFEC01
C0F115E1
C0F24022
C0F36AC1
C0F495BC
C0F5C112
C0F6ECC0
C0F818C4
C0F9451D
C0FA71C8
C0FB9EC4
C0FCCC0F
C0FDF9A7
C0FF278B
C1002ADC
C100C217
C1015975
C101F0F5
C1028897
C103205A
C103B83D
C1045040
C104E861
C10580A1
C10618FE
C106B177
C1074A0D
C107E2BE
C1087B8A
C1091470
C109AD70
C10A4689
C10ADFBA
C10B7903
C10C1264
C10CABDC
C10D4569
C10DDF0D
C10E78C6
C10F1294
C10FAC76
C110466C
C110E076
C1117A93
C11214C2
C112AF03
C1134956
C113E3BB
C1147E30
C11518B6
C115B34C
C1164DF2
C116E8A7
C117836B
C1181E3E
C118B920
C119540F
C119EF0C
C11A8A17
C11B252E
C11BC053
C11C5B84
C11CF6C1
C11D920A
C11E2D5F
C11EC8BF
C11F642B
C11FFFA1
C1209B21
C12136AC
C121D242
C04E109F
C04EE605
C04FBBE8
C0509257
C0516960
C0524110
C0531978
C053F2A6
C054CCA9
C055A791
C056836E
C057604F
C0583E44
C0591D5C
C059FDA8
C05ADF37
C05BC218
C05CA65B
C05D8C0F
C05E7344
C05F5C0A
C060466E
C0613280
C0622050
C0630FEA
C0640160
C064F4BD
C065EA12
C066E16B
C067DAD8
C068D665
C069D421
C06AD418
C06BD658
C06CDAEE
C06DE1E7
C06EEB50
C06FF735
C07105A3
C07216A5
C0732A47
C0744096
C075599C
C0767565
C07793FC
C078B56B
C079D9BE
C07B00FD
C07C2B34
C07D586C
C07E88AE
C07FBC04
C080793B
C0811607
C081B469
C0825466
C082F601
C083993E
C0843E20
C084E4AC
C0858CE3
C08636C8
C086E260
C0878FAB
C0883EAC
C088EF66
C089A1DB
C08A560B
C08B0BFA
C08BC3A7
C08C7D14
C08D3843
C08DF533
C08EB3E6
C08F745B
C0903692
C090FA8C
C091C048
C09287C5
C0935103
C0941C01
C094E8BC
C095B735
C0968768
C0975955
C0982CF9
C0990252
C099D95E
C09AB21A
C09B8C83
C09C6896
C09D4650
C09E25AD
C09F06AB
C09FE945
C0A0CD79
C0A1B341
C0A29A9A
C0A3837F
C0A46DED
C0A559DF
C0A64750
C0A7363C
C0A8269F
C0A91873
C0AA0BB3
C0AB005B
C0ABF666
C0ACEDCF
C0ADE690
C0AEE0A5
C0AFDC08
C0B0D8B5
C0B1D6A5
C0B2D5D5
C0B3D63E
C0B4D7DC
C0B5DAAA
C0B6DEA1
C0B7E3BE
C0B8E9FB
C0B9F153
C0BAF9C0
C0BC033E
C0BD0DC8
C0BE1959
C0BF25EB
C0C0337B
C0C14202
C0C2517D
C0C361E7
C0C4733A
C0C58573
C0C6988D
C0C7AC83
C0C8C151
C0C9D6F3
C0CAED64
C0CC049F
C0CD1CA2
C0CE3568
C0CF4EEC
C0D0692B
C0D18420
C0D29FC9
C0D3BC21
C0D4D925
C0D5F6D0
C0D71520
C0D83411
C0D9539F
C0DA73C7
C0DB9486
C0DCB5D8
C0DDD7BB
C0DEFA2B
C0E01D25
C0E140A6
C0E264AC
C0E38933
C0E4AE38
C0E5D3B9
C0E6F9B3
C0E82024
C0E94709
C0EA6E5E
C0EB9623
C0ECBE54
C0EDE6EF
C0EF0FF2
C0F0395A
C0F16325
C0F28D51
C0F3B7DC
C0F4E2C3
C0F60E06
C0F739A1
C0F86592
C0F991D9
C0FABE72
C0FBEB5C
C0FD1896
C0FE461C
C0FF73EF
C1005106
C100E839
C1017F8F
C1021707
C102AEA2
C103465D
C103DE39
C1047634
C1050E4F
C105A687
C1063EDD
C106D750
C1076FDF
C108088A
C108A14F
C1093A2F
C109D329
C10A6C3C
C10B0567
C10B9EAB
C10C3806
C10CD178
C10D6B00
C10E049F
C10E9E53
C10F381B
C10FD1F9
C1106BEA
C11105EF
C111A007
C1123A31
C112D46E
C1136EBD
C114091D
C114A38E
C1153E10
C115D8A1
C1167343
C1170DF5
C117A8B5
C1184384
C118DE62
C119794E
C11A1448
C11AAF4F
C11B4A63
C11BE585
C11C80B2
C11D1BEC
C11DB732
C11E5284
C11EEDE1
C11F894A
C12024BD
C120C03B
C1215BC3
C121F756
C04F0A24
C04FDEBA
C050B3CA
C0518964
C0525F96
C053366D
C0540DFB
C054E64D
C055BF74
C056997F
C057747E
C0585081
C0592D98
C05A0BD2
C05AEB3F
C05BCBEF
C05CADF2
C05D9158
C05E762F
C05F5C87
C0604470
C0612DF9
C0621931
C0630626
C063F4E8
C064E584
C065D80B
C066CC89
C067C30D
C068BBA4
C069B65E
C06AB347
C06BB26C
C06CB3DC
C06DB7A3
C06EBDCE
C06FC66A
C070D183
C071DF25
C072EF5E
C0740238
C07517BF
C0763000
C0774B04
C07868D7
C0798985
C07AAD16
C07BD396
C07CFD0F
C07E298A
C07F5910
C08045D6
C080E0B3
C0817D22
C0821B29
C082BACC
C0835C0D
C083FEF1
C084A37B
C08549AF
C085F18F
C0869B1E
C0874660
C087F357
C088A204
C089526B
C08A048C
C08AB86B
C08B6E08
C08C2565
C08CDE83
C08D9963
C08E5605
C08F146A
C08FD492
C090967E
C0915A2C
C0921F9E
C092E6D1
C093AFC6
C0947A7B
C09546EF
C0961521
C096E50E
C097B6B6
C0988A15
C0995F2A
C09A35F3
C09B0E6C
C09BE893
C09CC465
C09DA1DF
C09E80FD
C09F61BC
C0A04418
C0A1280E
C0A20D99
C0A2F4B6
C0A3DD60
C0A4C794
C0A5B34B
C0A6A083
C0A78F37
C0A87F61
C0A970FE
C0AA6408
C0AB587A
C0AC4E4F
C0AD4583
C0AE3E10
C0AF37F1
C0B03322
C0B12F9C
C0B22D5B
C0B32C5A
C0B42C93
C0B52E01
C0B6309F
C0B73468
C0B83957
C0B93F67
C0BA4691
C0BB4ED2
C0BC5825
C0BD6284
C0BE6DEA
C0BF7A52
C0C087B8
C0C19617
C0C2A569
C0C3B5AB
C0C4C6D7
C0C5D8EA
C0C6EBDD
C0C7FFAE
C0C91456
C0CA29D3
C0CB4020
C0CC5738
C0CD6F18
C0CE87BA
C0CFA11C
C0D0BB39
C0D1D60E
C0D2F196
C0D40DCE
C0D52AB1
C0D6483E
C0D7666F
C0D88541
C0D9A4B1
C0DAC4BC
C0DBE55D
C0DD0693
C0DE285A
C0DF4AAE
C0E06D8D
C0E190F3
C0E2B4DE
C0E3D94B
C0E4FE37
C0E6239F
C0E74980
C0E86FD9
C0E996A5
C0EABDE3
C0EBE591
C0ED0DAB
C0EE362F
C0EF5F1C
C0F0886E
C0F1B224
C0F2DC3B
C0F406B1
C0F53185
C0F65CB3
C0F7883A
C0F8B419
C0F9E04C
C0FB0CD3
C0FC39AB
C0FD66D2
C0FE9448
C0FFC209
C100780A
C1010F35
C101A683
C1023DF3
C102D586
C1036D39
C104050E
C1049D02
C1053514
C105CD46
C1066595
C106FE01
C1079689
C1082F2D
C108C7EC
C10960C6
C109F9B9
C10A92C6
C10B2BEB
C10BC529
C10C5E7E
C10CF7EB
C10D916E
C10E2B06
C10EC4B5
C10F5E78
C10FF851
C110923D
C1112C3D
C111C650
C1126076
C112FAAE
C11394F8
C1142F53
C114C9C0
C115643E
C115FECB
C1169969
C1173416
C117CED3
C118699E
C1190478
C1199F61
C11A3A57
C11AD55A
C11B706B
C11C0B89
C11CA6B4
C11D41EA
C11DDD2D
C11E787C
C11F13D6
C11FAF3B
C1204AAC
C120E627
C12181AD
C1221D3C
C05008D6
C050DC95
C051B0CD
C052858D
C0535AE2
C05430DB
C055078A
C055DEFC
C056B741
C057906B
C0586A87
C05945A8
C05A21DB
C05AFF33
C05BDDBD
C05CBD8B
C05D9EAC
C05E8130
C05F6526
C0604A9E
C06131A8
C0621A51
C06304AB
C063F0C2
C064DEA8
C065CE69
C066C014
C067B3B8
C068A963
C069A123
C06A9B06
C06B9719
C06C956A
C06D9607
C06E98FB
C06F9E55
C070A621
C071B06B
C072BD40
C073CCAC
C074DEBB
C075F379
C0770AF0
C078252D
C079423A
C07A6223
C07B84F0
C07CAAAE
C07DD366
C07EFF21
C08016F5
C080AFE4
C0814A63
C081E676
C0828420
C0832367
C083C44D
C08466D7
C0850B08
C085B0E2
C086586A
C08701A2
C087AC8D
C088592D
C0890786
C089B798
C08A6966
C08B1CF1
C08BD23C
C08C8947
C08D4214
C08DFCA4
C08EB8F6
C08F770D
C09036E7
C090F885
C091BBE8
C092810D
C09347F6
C09410A0
C094DB0C
C095A737
C0967521
C09744C7
C0981628
C098E942
C099BE12
C09A9496
C09B6CCC
C09C46B0
C09D2240
C09DFF78
C09EDE56
C09FBED5
C0A0A0F2
C0A184A9
C0A269F6
C0A350D6
C0A43943
C0A5233B
C0A60EB8
C0A6FBB5
C0A7EA2F
C0A8DA20
C0A9CB84
C0AABE56
C0ABB291
C0ACA830
C0AD9F2E
C0AE9786
C0AF9133
C0B08C2F
C0B18876
C0B28603
C0B384CF
C0B484D7
C0B58614
C0B68882
C0B78C1C
C0B890DC
C0B996BC
C0BA9DB9
C0BBA5CD
C0BCAEF3
C0BDB926
C0BEC460
C0BFD09E
C0C0DDD9
C0C1EC0E
C0C2FB37
C0C40B50
C0C51C54
C0C62E3F
C0C7410B
C0C854B5
C0C96938
C0CA7E8F
C0CB94B6
C0CCABAA
C0CDC365
C0CEDBE5
C0CFF523
C0D10F1E
C0D229D1
C0D34537
C0D4614E
C0D57E11
C0D69B7D
C0D7B98E
C0D8D841
C0D9F793
C0DB177F
C0DC3803
C0DD591C
C0DE7AC5
C0DF9CFD
C0E0BFC0
C0E1E30B
C0E306DA
C0E42B2C
C0E54FFE
C0E6754C
C0E79B14
C0E8C153
C0E9E807
C0EB0F2D
C0EC36C2
C0ED5EC5
C0EE8732
C0EFB008
C0F0D944
C0F202E4
C0F32CE6
C0F45747
C0F58205
C0F6AD1F
C0F7D892
C0F9045D
C0FA307D
C0FB5CF0
C0FC89B6
C0FDB6CB
C0FEE42E
C10008EF
C1009FEC
C101370E
C101CE53
C10265BB
C102FD46
C10394F2
C1042CBE
C104C4AA
C1055CB6
C105F4E0
C1068D27
C107258C
C107BE0E
C10856AB
C108EF63
C1098836
C10A2123
C10ABA2A
C10B5349
C10BEC80
C10C85D0
C10D1F36
C10DB8B3
C10E5247
C10EEBEF
C10F85AE
C1101F80
C110B967
C1115362
C111ED70
C1128791
C11321C5
C113BC0A
C1145661
C114F0C9
C1158B42
C11625CC
C116C065
C1175B0F
C117F5C7
C118908E
C1192B65
C119C649
C11A613B
C11AFC3B
C11B9749
C11C3263
C11CCD8A
C11D68BE
C11E03FD
C11E9F49
C11F3AA0
C11FD602
C120716F
C1210CE8
C121A86A
C12243F7
C0510CB8
C051DF9C
C052B2F6
C05386D5
C0545B49
C055305F
C0560629
C056DCB6
C057B416
C0588C59
C059658F
C05A3FC8
C05B1B15
C05BF786
C05CD52A
C05DB411
C05E944D
C05F75EB
C06058FD
C0613D91
C06223B7
C0630B7E
C063F4F6
C064E02D
C065CD32
C066BC14
C067ACE1
C0689FA9
C0699478
C06A8B5D
C06B8466
C06C7FA1
C06D7D1A
C06E7CE0
C06F7EFF
C0708385
C0718A7E
C07293F7
C0739FFC
C074AE99
C075BFDA
C076D3CB
C077EA77
C07903EA
C07A202E
C07B3F4F
C07C6157
C07D8650
C07EAE44
C07FD93D
C08083A2
C0811C32
C081B652
C0825206
C082EF53
C0838E3D
C0842EC7
C084D0F5
C08574CB
C0861A4B
C086C17A
C0876A59
C08814EC
C088C135
C0896F37
C08A1EF3
C08AD06C
C08B83A3
C08C389A
C08CEF53
C08DA7CE
C08E620C
C08F1E0E
C08FDBD4
C0909B5F
C0915CAF
C0921FC4
C092E49D
C093AB39
C0947398
C0953DB9
C096099A
C096D73B
C097A699
C09877B2
C0994A85
C09A1F0F
C09AF54E
C09BCD3F
C09CA6DF
C09D822B
C09E5F21
C09F3DBD
C0A01DFA
C0A0FFD7
C0A1E34E
C0A2C85D
C0A3AEFE
C0A4972E
C0A580E9
C0A66C29
C0A758EB
C0A8472A
C0A936E1
C0AA280C
C0AB1AA5
C0AC0EA7
C0AD040F
C0ADFAD6
C0AEF2F8
C0AFEC6F
C0B0E736
C0B1E349
C0B2E0A2
C0B3DF3B
C0B4DF10
C0B5E01C
C0B6E259
C0B7E5C1
C0B8EA51
C0B9F003
C0BAF6D1
C0BBFEB6
C0BD07AE
C0BE11B4
C0BF1CC2
C0C028D3
C0C135E3
C0C243ED
C0C352EC
C0C462DC
C0C573B6
C0C68578
C0C7981D
C0C8AB9F
C0C9BFFA
C0CAD52B
C0CBEB2D
C0CD01FB
C0CE1991
C0CF31EC
C0D04B07
C0D164DE
C0D27F6E
C0D39AB2
C0D4B6A7
C0D5D348
C0D6F094
C0D80E84
C0D92D17
C0DA4C49
C0DB6C17
C0DC8C7C
C0DDAD77
C0DECF03
C0DFF11D
C0E113C3
C0E236F2
C0E35AA6
C0E47EDC
C0E5A393
C0E6C8C6
C0E7EE74
C0E91499
C0EA3B34
C0EB6241
C0EC89BE
C0EDB1A8
C0EED9FE
C0F002BC
C0F12BE2
C0F2556B
C0F37F56
C0F4A9A1
C0F5D44A
C0F6FF4F
C0F82AAE
C0F95664
C0FA8270
C0FBAED0
C0FCDB82
C0FE0884
C0FF35D5
C10031B9
C100C8AD
C1015FC6
C101F703
C1028E63
C10325E5
C103BD88
C104554D
C104ED31
C1058535
C1061D57
C106B597
C1074DF5
C107E66F
C1087F05
C10917B7
C109B083
C10A4969
C10AE269
C10B7B82
C10C14B3
C10CADFC
C10D475D
C10DE0D4
C10E7A61
C10F1405
C10FADBD
C110478B
C110E16C
C1117B62
C112156B
C112AF87
C11349B5
C113E3F6
C1147E48
C11518AC
C115B320
C1164DA5
C116E83A
C11782DF
C1181D94
C118B857
C1195329
C119EE0A
C11A88F8
C11B23F4
C11BBEFE
C11C5A15
C11CF538
C11D9068
C11E2BA5
C11EC6ED
C11F6241
C11FFDA0
C120990A
C121347F
C121CFFF
C1226B89
C05215D0
C052E7D2
C053BA49
C0548D43
C05560CF
C05634FE
C05709DE
C057DF81
C058B5F7
C0598D4F
C05A659A
C05B3EE8
C05C194A
C05CF4D0
C05DD18A
C05EAF88
C05F8ED9
C0606F8F
C06151B8
C0623565
C0631AA4
C0640186
C064EA18
C065D46B
C066C08D
C067AE8D
C0689E7A
C0699061
C06A8452
C06B7A59
C06C7286
C06D6CE5
C06E6984
C06F6871
C07069B8
C0716D67
C072738B
C0737C2F
C0748761
C075952C
C076A59D
C077B8BF
C078CE9D
C079E743
C07B02BC
C07C2113
C07D4252
C07E6684
C07F8DB2
C0805BF3
C080F296
C0818AC4
C0822484
C082BFD8
C0835CC7
C083FB52
C0849B7F
C0853D50
C085E0CA
C08685EF
C0872CC3
C087D548
C0887F82
C0892B73
C089D91C
C08A8882
C08B39A4
C08BEC86
C08CA129
C08D578D
C08E0FB5
C08EC9A0
C08F8550
C09042C6
C0910201
C091C301
C09285C7
C0934A52
C09410A1
C094D8B3
C095A288
C0966E1F
C0973B75
C0980A89
C098DB5A
C099ADE4
C09A8227
C09B581F
C09C2FCA
C09D0925
C09DE42D
C09EC0DF
C09F9F38
C0A07F34
C0A160CE
C0A24405
C0A328D3
C0A40F35
C0A4F727
C0A5E0A3
C0A6CBA6
C0A7B82B
C0A8A62E
C0A995AA
C0AA869A
C0AB78F9
C0AC6CC3
C0AD61F1
C0AE5881
C0AF506B
C0B049AB
C0B1443D
C0B2401A
C0B33D3E
C0B43BA3
C0B53B45
C0B63C1D
C0B73E28
C0B8415F
C0B945BE
C0BA4B3F
C0BB51DD
C0BC5993
C0BD625C
C0BE6C34
C0BF7714
C0C082F9
C0C18FDD
C0C29DBB
C0C3AC8E
C0C4BC53
C0C5CD04
C0C6DE9C
C0C7F117
C0C90471
C0CA18A5
C0CB2DAE
C0CC4389
C0CD5A31
C0CE71A1
C0CF89D7
C0D0A2CD
C0D1BC80
C0D2D6EC
C0D3F20C
C0D50DDE
C0D62A5E
C0D74787
C0D86557
C0D983C9
C0DAA2DB
C0DBC288
C0DCE2CE
C0DE03AA
C0DF2517
C0E04714
C0E1699C
C0E28CAE
C0E3B045
C0E4D45F
C0E5F8FA
C0E71E12
C0E843A5
C0E969B0
C0EA9031
C0EBB724
C0ECDE88
C0EE065A
C0EF2E97
C0F0573D
C0F1804B
C0F2A9BD
C0F3D392
C0F4FDC6
C0F62859
C0F75349
C0F87E92
C0F9AA33
C0FAD62B
C0FC0276
C0FD2F14
C0FE5C03
C0FF8941
C1005B66
C100F251
C1018960
C1022094
C102B7EB
C1034F65
C103E700
C1047EBC
C1051698
C105AE94
C10646AE
C106DEE7
C107773D
C1080FB0
C108A83F
C10940E9
C109D9AE
C10A728E
C10B0B87
C10BA499
C10C3DC4
C10CD707
C10D7061
C10E09D2
C10EA35A
C10F3CF7
C10FD6AA
C1107072
C1110A4E
C111A43E
C1123E42
C112D858
C1137282
C1140CBD
C114A70B
C115416A
C115DBD9
C116765A
C11710EB
C117AB8B
C118463B
C118E0FA
C1197BC8
C11A16A5
C11AB18F
C11B4C88
C11BE78E
C11C82A1
C11D1DC0
C11DB8ED
C11E5426
C11EEF6A
C11F8ABB
C1202617
C120C17E
C1215CF0
C121F86D
C12293F4
C053241F
C053F53B
C054C6C8
C05598D8
C0566B78
C0573EBA
C05812AD
C058E762
C059BCE8
C05A9352
C05B6AAD
C05C430D
C05D1C80
C05DF717
C05ED2E3
C05FAFF3
C0608E58
C0616E21
C0624F5F
C0633221
C0641676
C064FC6E
C065E419
C066CD85
C067B8C1
C068A5DC
C06994E5
C06A85E9
C06B78F8
C06C6E1F
C06D656C
C06E5EED
C06F5AB0
C07058C1
C071592E
C0725C04
C073614F
C074691D
C0757379
C0768070
C077900D
C078A25D
C079B76B
C07ACF43
C07BE9EE
C07D0778
C07E27EC
C07F4B54
C08038DD
C080CD94
C08163D3
C081FBA0
C08294FE
C0832FF2
C083CC80
C0846AAC
C0850A7A
C085ABED
C0864F0A
C086F3D2
C0879A4A
C0884275
C088EC54
C08997EB
C08A453C
C08AF44A
C08BA515
C08C57A0
C08D0BEC
C08DC1FC
C08E79CF
C08F3367
C08FEEC4
C090ABE7
C0916AD1
C0922B80
C092EDF6
C093B232
C0947832
C0953FF7
C096097F
C096D4CA
C097A1D4
C098709E
C0994124
C09A1366
C09AE760
C09BBD10
C09C9474
C09D6D89
C09E484C
C09F24B9
C0A002CD
C0A0E286
C0A1C3DE
C0A2A6D2
C0A38B5F
C0A47181
C0A55932
C0A64270
C0A72D34
C0A8197C
C0A90742
C0A9F681
C0AAE735
C0ABD959
C0ACCCE8
C0ADC1DD
C0AEB833
C0AFAFE5
C0B0A8EE
C0B1A348
C0B29EEF
C0B39BDD
C0B49A0D
C0B5997A
C0B69A1F
C0B79BF6
C0B89EFA
C0B9A327
C0BAA876
C0BBAEE4
C0BCB66A
C0BDBF03
C0BEC8AC
C0BFD35D
C0C0DF14
C0C1EBCA
C0C2F97C
C0C40823
C0C517BC
C0C62842
C0C739B0
C0C84C01
C0C95F31
C0CA733C
C0CB881D
C0CC9DD0
C0CDB450
C0CECB9A
C0CFE3AA
C0D0FC7A
C0D21608
C0D3304F
C0D44B4C
C0D566FA
C0D68356
C0D7A05D
C0D8BE0A
C0D9DC5B
C0DAFB4B
C0DC1AD8
C0DD3AFE
C0DE5BBA
C0DF7D08
C0E09EE6
C0E1C150
C0E2E444
C0E407BE
C0E52BBB
C0E6503A
C0E77536
C0E89AAD
C0E9C09D
C0EAE703
C0EC0DDC
C0ED3526
C0EE5CDE
C0EF8502
C0F0AD90
C0F1D685
C0F2FFE0
C0F4299D
C0F553BB
C0F67E37
C0F7A910
C0F8D443
C0F9FFCF
C0FB2BB2
C0FC57E9
C0FD8472
C0FEB14D
C0FFDE77
C10085F7
C1011CD8
C101B3DF
C1024B0A
C102E258
C10379C8
C104115B
C104A90E
C10540E2
C105D8D6
C10670E8
C1070919
C107A167
C10839D2
C108D25A
C1096AFD
C10A03BB
C10A9C93
C10B3585
C10BCE91
C10C67B5
C10D00F1
C10D9A45
C10E33B0
C10ECD31
C10F66C9
C1100076
C1109A38
C111340E
C111CDF9
C11267F7
C1130208
C1139C2D
C1143663
C114D0AC
C1156B05
C1160570
C1169FEC
C1173A78
C117D514
C1186FC0
C1190A7B
C119A544
C11A401D
C11ADB03
C11B75F8
C11C10F9
C11CAC09
C11D4725
C11DE24E
C11E7D83
C11F18C4
C11FB411
C1204F6A
C120EACD
C121863C
C12221B6
C122BD3A
C05437A8
C05507D8
C055D878
C056A998
C0577B48
C0584D98
C0592099
C059F45B
C05AC8EE
C05B9E64
C05C74CD
C05D4C3A
C05E24BA
C05EFE5F
C05FD939
C060B558
C06192CD
C06271A6
C06351F5
C06433C9
C0651732
C065FC3E
C066E2FE
C067CB80
C068B5D3
C069A207
C06A9029
C06B8048
C06C7272
C06D66B6
C06E5D21
C06F55C1
C07050A4
C0714DD7
C0724D67
C0734F61
C07453D2
C0755AC6
C076644B
C077706B
C0787F33
C07990AF
C07AA4EA
C07BBBF0
C07CD5CB
C07DF287
C07F122E
C0801A65
C080AD32
C0814184
C081D760
C0826EC9
C08307C4
C083A257
C0843E83
C084DC4F
C0857BBD
C0861CD2
C086BF90
C08763FB
C0880A16
C088B1E4
C0895B68
C08A06A4
C08AB39B
C08B624F
C08C12C2
C08CC4F5
C08D78EB
C08E2EA4
C08EE621
C08F9F64
C0905A6E
C091173E
C091D5D4
C0929632
C0935857
C0941C42
C094E1F3
C095A969
C09672A4
C0973DA0
C0980A5E
C098D8DC
C099A918
C09A7B0F
C09B4EBF
C09C2427
C09CFB43
C09DD410
C09EAE8C
C09F8AB3
C0A06882
C0A147F6
C0A2290A
C0A30BBC
C0A3F007
C0A4D5E6
C0A5BD57
C0A6A654
C0A790D9
C0A87CE2
C0A96A69
C0AA596B
C0AB49E3
C0AC3BCA
C0AD2F1E
C0AE23D8
C0AF19F4
C0B0116D
C0B10A3C
C0B2045F
C0B2FFCE
C0B3FC85
C0B4FA7F
C0B5F9B6
C0B6FA26
C0B7FBC8
C0B8FE99
C0BA0292
C0BB07AF
C0BC0DEB
C0BD153F
C0BE1DA8
C0BF2720
C0C031A3
C0C13D2A
C0C249B2
C0C35736
C0C465B0
C0C5751C
C0C68576
C0C796B8
C0C8A8DE
C0C9BBE4
C0CACFC5
C0CBE47D
C0CCFA07
C0CE105F
C0CF2782
C0D03F6A
C0D15814
C0D2717B
C0D38B9D
C0D4A675
C0D5C1FF
C0D6DE37
C0D7FB1A
C0D918A5
C0DA36D3
C0DB55A1
C0DC750D
C0DD9511
C0DEB5AD
C0DFD6DB
C0E0F899
C0E21AE4
C0E33DB9
C0E46115
C0E584F5
C0E6A956
C0E7CE35
C0E8F390
C0EA1964
C0EB3FAF
C0EC666D
C0ED8D9C
C0EEB53A
C0EFDD45
C0F105BA
C0F22E96
C0F357D8
C0F4817D
C0F5AB83
C0F6D5E8
C0F800AA
C0F92BC7
C0FA573D
C0FB830A
C0FCAF2B
C0FDDBA0
C0FF0866
C1001ABE
C100B16F
C1014847
C101DF44
C1027665
C1030DAA
C103A512
C1043C9B
C104D446
C1056C11
C10603FC
C1069C07
C107342F
C107CC75
C10864D9
C108FD58
C10995F4
C10A2EAB
C10AC77C
C10B6067
C10BF96B
C10C9289
C10D2BBE
C10DC50C
C10E5E70
C10EF7EB
C10F917C
C1102B23
C110C4DF
C1115EB0
C111F895
C112928D
C1132C99
C113C6B8
C11460E9
C114FB2C
C1159581
C1162FE7
C116CA5E
C11764E5
C117FF7D
C1189A24
C11934DA
C119CF9F
C11A6A73
C11B0556
C11BA046
C11C3B44
C11CD64F
C11D7168
C11E0C8D
C11EA7BE
C11F42FC
C11FDE45
C120799A
C12114FB
C121B066
C1224BDC
C122E75D
C055506E
C0561FAC
C056EF59
C057BF85
C0589040
C059619A
C05A33A4
C05B066F
C05BDA0B
C05CAE8A
C05D83FC
C05E5A72
C05F31FC
C0600AAC
C060E491
C061BFBC
C0629C3C
C0637A23
C0645981
C0653A64
C0661CDC
C06700FA
C067E6CC
C068CE61
C069B7C9
C06AA312
C06B904B
C06C7F82
C06D70C5
C06E6423
C06F59AA
C0705167
C0714B68
C07247BA
C073466B
C0744787
C0754B1B
C0765134
C07759DE
C0786525
C0797316
C07A83BB
C07B9722
C07CAD54
C07DC65D
C07EE247
C080008F
C0809176
C08123DD
C081B7C9
C0824D40
C082E444
C0837CDC
C084170B
C084B2D6
C0855040
C085EF4D
C0869001
C0873260
C087D66C
C0887C2A
C089239A
C089CCC2
C08A77A2
C08B243E
C08BD298
C08C82B1
C08D348B
C08DE829
C08E9D8A
C08F54B1
C0900D9E
C090C852
C09184CE
C0924311
C093031C
C093C4EF
C0948889
C0954DE9
C096150F
C096DDFA
C097A8A8
C0987519
C0994349
C09A1339
C09AE4E4
C09BB84A
C09C8D68
C09D643A
C09E3CBF
C09F16F3
C09FF2D3
C0A0D05C
C0A1AF8A
C0A2905A
C0A372C7
C0A456CE
C0A53C6B
C0A6239A
C0A70C55
C0A7F69A
C0A8E263
C0A9CFAB
C0AABE6E
C0ABAEA8
C0ACA052
C0AD9369
C0AE87E8
C0AF7DC8
C0B07506
C0B16D9C
C0B26785
C0B362BB
C0B45F3B
C0B55CFD
C0B65BFE
C0B75C37
C0B85DA4
C0B96040
C0BA6405
C0BB68EF
C0BC6EF7
C0BD7619
C0BE7E50
C0BF8797
C0C091E9
C0C19D41
C0C2A999
C0C3B6EE
C0C4C53A
C0C5D479
C0C6E4A5
C0C7F5BB
C0C907B5
C0CA1A90
C0CB2E46
C0CC42D4
C0CD5834
C0CE6E63
C0CF855D
C0D09D1D
C0D1B59F
C0D2CEE0
C0D3E8DB
C0D5038D
C0D61EF1
C0D73B05
C0D857C4
C0D9752A
C0DA9335
C0DBB1E1
C0DCD12A
C0DDF10D
C0DF1187
C0E03294
C0E15432
C0E2765D
C0E39913
C0E4BC50
C0E5E011
C0E70454
C0E82916
C0E94E54
C0EA740C
C0EB9A3A
C0ECC0DC
C0EDE7F0
C0EF0F74
C0F03764
C0F15FBF
C0F28881
C0F3B1AA
C0F4DB36
C0F60524
C0F72F72
C0F85A1C
C0F98522
C0FAB081
C0FBDC37
C0FD0843
C0FE34A2
C0FF6153
C100472A
C100DDD1
C101749F
C1020B92
C102A2AA
C10339E5
C103D143
C10468C3
C1050065
C1059828
C106300A
C106C80C
C107602C
C107F86A
C10890C5
C109293D
C109C1D1
C10A5A80
C10AF34A
C10B8C2D
C10C252B
C10CBE41
C10D5770
C10DF0B6
C10E8A14
C10F2389
C10FBD13
C11056B4
C110F06A
C1118A34
C1122413
C112BE06
C113580D
C113F226
C1148C52
C115268F
C115C0DF
C1165B40
C116F5B2
C1179034
C1182AC7
C118C569
C119601B
C119FADC
C11A95AB
C11B3089
C11BCB75
C11C666F
C11D0176
C11D9C8B
C11E37AC
C11ED2D9
C11F6E13
C1200959
C120A4AB
C1214008
C121DB70
C12276E3
C1231260
C0566E70
C0573CB8
C0580B6D
C058DAA0
C059AA61
C05A7AC1
C05B4BD0
C05C1DA0
C05CF042
C05DC3C6
C05E983E
C05F6DB9
C060444A
C0611C00
C061F4ED
C062CF21
C063AAAB
C064879C
C0656605
C06645F4
C067277A
C0680AA6
C068EF88
C069D62E
C06ABEA7
C06BA903
C06C9550
C06D839D
C06E73F7
C06F666D
C0705B0D
C07151E5
C0724B02
C0734671
C0744440
C075447B
C0764730
C0774C6C
C0785439
C0795EA5
C07A6BBC
C07B7B89
C07C8E18
C07DA375
C07EBBA9
C07FD6C1
C0807A63
C0810AE2
C0819CE1
C0823067
C082C577
C0835C16
C083F449
C0848E14
C085297C
C085C683
C086652E
C0870581
C087A77F
C0884B2C
C088F08A
C089979D
C08A4066
C08AEAEA
C08B972A
C08C4528
C08CF4E6
C08DA667
C08E59AB
C08F0EB4
C08FC583
C0907E19
C0913877
C091F49D
C092B28C
C0937243
C09433C2
C094F709
C095BC18
C09682ED
C0974B88
C09815E6
C098E208
C099AFEB
C09A7F8D
C09B50EC
C09C2406
C09CF8D8
C09DCF61
C09EA79C
C09F8187
C0A05D1F
C0A13A60
C0A21948
C0A2F9D1
C0A3DBF9
C0A4BFBC
C0A5A515
C0A68C00
C0A77479
C0A85E7C
C0A94A04
C0AA370C
C0AB258F
C0AC158A
C0AD06F6
C0ADF9CF
C0AEEE11
C0AFE3B5
C0B0DAB7
C0B1D312
C0B2CCC0
C0B3C7BD
C0B4C403
C0B5C18D
C0B6C056
C0B7C059
C0B8C18F
C0B9C3F5
C0BAC785
C0BBCC3A
C0BCD20E
C0BDD8FD
C0BEE101
C0BFEA16
C0C0F436
C0C1FF5D
C0C30B85
C0C418AA
C0C526C7
C0C635D7
C0C745D5
C0C856BD
C0C9688B
C0CA7B39
C0CB8EC3
C0CCA326
C0CDB85B
C0CECE60
C0CFE531
C0D0FCC8
C0D21522
C0D32E3A
C0D4480E
C0D56299
C0D67DD7
C0D799C5
C0D8B65F
C0D9D3A0
C0DAF187
C0DC100F
C0DD2F35
C0DE4EF5
C0DF6F4D
C0E09039
C0E1B1B6
C0E2D3C0
C0E3F656
C0E51973
C0E63D15
C0E76139
C0E885DD
C0E9AAFD
C0EAD097
C0EBF6A8
C0ED1D2E
C0EE4426
C0EF6B8E
C0F09363
C0F1BBA3
C0F2E44C
C0F40D5B
C0F536CE
C0F660A3
C0F78AD8
C0F8B56A
C0F9E058
C0FB0BA0
C0FC373F
C0FD6334
C0FE8F7D
C0FFBC18
C1007482
C1010B1F
C101A1E2
C10238CB
C102CFD9
C103670A
C103FE5F
C10495D6
C1052D6E
C105C528
C1065D01
C106F4FA
C1078D11
C1082547
C108BD9A
C109560A
C109EE96
C10A873D
C10B1FFF
C10BB8DB
C10C51D1
C10CEAE0
C10D8408
C10E1D47
C10EB69E
C10F500C
C10FE990
C110832A
C1111CDA
C111B69E
C1125077
C112EA64
C1138465
C1141E78
C114B89E
C11552D7
C115ED21
C116877D
C11721E9
C117BC67
C11856F4
C118F192
C1198C3F
C11A26FB
C11AC1C6
C11B5C9F
C11BF787
C11C927D
C11D2D80
C11DC890
C11E63AD
C11EFED7
C11F9A0D
C120354F
C120D09D
C1216BF6
C122075B
C122A2CA
C1233E44
C05791AE
C0585EFB
C0592CB4
C059FAEA
C05AC9AD
C05B990F
C05C691F
C05D39F1
C05E0B94
C05EDE19
C05FB193
C0608611
C0615BA5
C0623260
C0630A51
C063E38A
C064BE1B
C0659A14
C0667785
C067567E
C068370F
C0691947
C069FD35
C06AE2EA
C06BCA73
C06CB3E0
C06D9F3F
C06E8C9E
C06F7C0D
C0706D99
C0716150
C0725740
C0734F76
C0744A01
C07546EC
C0764645
C0774819
C0784C74
C0795363
C07A5CF2
C07B692D
C07C7820
C07D89D6
C07E9E5A
C07FB5B8
C08067FD
C080F696
C08186AC
C0821843
C082AB60
C0834009
C083D642
C0846E0F
C0850776
C085A278
C0863F1C
C086DD65
C0877D55
C0881EF2
C088C23E
C089673C
C08A0DEF
C08AB65A
C08B6080
C08C0C62
C08CBA04
C08D6967
C08E1A8C
C08ECD76
C08F8225
C090389C
C090F0DA
C091AAE1
C09266B0
C0932449
C093E3AB
C094A4D6
C09567C9
C0962C85
C096F308
C097BB51
C0988560
C0995131
C09A1EC5
C09AEE19
C09BBF2A
C09C91F7
C09D667E
C09E3CBA
C09F14AB
C09FEE4C
C0A0C99B
C0A1A694
C0A28533
C0A36576
C0A44757
C0A52AD4
C0A60FE8
C0A6F68F
C0A7DEC5
C0A8C885
C0A9B3CA
C0AAA091
C0AB8ED3
C0AC7E8E
C0AD6FBB
C0AE6255
C0AF5658
C0B04BBF
C0B14285
C0B23AA3
C0B33416
C0B42ED8
C0B52AE4
C0B62835
C0B726C5
C0B8268F
C0B9278E
C0BA29BD
C0BB2D17
C0BC3196
C0BD3735
C0BE3DEF
C0BF45C0
C0C04EA1
C0C1588F
C0C26383
C0C36F7A
C0C47C6E
C0C58A5A
C0C6993B
C0C7A90A
C0C8B9C4
C0C9CB63
C0CADDE4
C0CBF142
C0CD0578
C0CE1A82
C0CF305C
C0D04702
C0D15E6F
C0D2769F
C0D38F8F
C0D4A93B
C0D5C39E
C0D6DEB5
C0D7FA7C
C0D916EF
C0DA340C
C0DB51CD
C0DC7031
C0DD8F32
C0DEAECF
C0DFCF04
C0E0EFCD
C0E21128
C0E33311
C0E45586
C0E57882
C0E69C05
C0E7C009
C0E8E48E
C0EA098F
C0EB2F0B
C0EC54FF
C0ED7B68
C0EEA243
C0EFC98F
C0F0F148
C0F2196D
C0F341FA
C0F46AEF
C0F59448
C0F6BE03
C0F7E81E
C0F91298
C0FA3D6E
C0FB689D
C0FC9425
C0FDC003
C0FEEC36
C1000C5D
C100A2C8
C101395A
C101D013
C10266F1
C102FDF4
C103951C
C1042C67
C104C3D4
C1055B63
C105F313
C1068AE3
C10722D3
C107BAE2
C108530F
C108EB59
C10983C1
C10A1C44
C10AB4E3
C10B4D9E
C10BE672
C10C7F60
C10D1868
C10DB188
C10E4AC1
C10EE410
C10F7D77
C11016F5
C110B088
C1114A31
C111E3F0
C1127DC2
C11317A9
C113B1A3
C1144BB1
C114E5D1
C1158004
C1161A49
C116B49F
C1174F07
C117E97F
C1188407
C1191EA0
C119B948
C11A53FF
C11AEEC6
C11B899A
C11C247E
C11CBF6F
C11D5A6D
C11DF57A
C11E9093
C11F2BB8
C11FC6EA
C1206229
C120FD73
C12198C8
C1223429
C122CF95
C1236B0C
C058BA28
C0598676
C05A532E
C05B2063
C05BEE24
C05CBC83
C05D8B91
C05E5B60
C05F2C01
C05FFD85
C060CFFE
C061A37C
C0627810
C0634DCB
C06424BF
C064FCFA
C065D68F
C066B18D
C0678E04
C0686C05
C0694B9E
C06A2CDF
C06B0FD9
C06BF499
C06CDB2F
C06DC3AB
C06EAE1A
C06F9A8A
C070890C
C07179AB
C0726C77
C073617E
C07458CB
C075526F
C0764E74
C0774CE9
C0784DD9
C0795153
C07A5762
C07B6011
C07C6B6F
C07D7985
C07E8A60
C07F9E0B
C0805A48
C080E6FE
C081752C
C08204D7
C0829605
C08328B9
C083BCFA
C08452CC
C084EA33
C0858333
C0861DD0
C086BA0F
C08757F4
C087F781
C08898BB
C0893BA5
C089E042
C08A8695
C08B2EA1
C08BD867
C08C83EC
C08D3130
C08DE036
C08E9100
C08F438E
C08FF7E3
C090AE00
C09165E5
C0921F93
C092DB0B
C093984D
C0945759
C095182E
C095DACD
C0969F35
C0976565
C0982D5C
C098F719
C099C299
C09A8FDD
C09B5EE1
C09C2FA4
C09D0223
C09DD65C
C09EAC4C
C09F83F1
C0A05D47
C0A1384C
C0A214FB
C0A2F352
C0A3D34C
C0A4B4E6
C0A5981C
C0A67CEA
C0A7634C
C0A84B3D
C0A934B9
C0AA1FBB
C0AB0C3F
C0ABFA40
C0ACE9B9
C0ADDAA5
C0AECD00
C0AFC0C4
C0B0B5EC
C0B1AC73
C0B2A455
C0B39D8C
C0B49812
C0B593E2
C0B690F8
C0B78F4E
C0B88EDF
C0B98FA6
C0BA919D
C0BB94BF
C0BC9907
C0BD9E70
C0BEA4F5
C0BFAC90
C0C0B53D
C0C1BEF7
C0C2C9B9
C0C3D57D
C0C4E23F
C0C5EFFA
C0C6FEAA
C0C80E49
C0C91ED3
C0CA3044
C0CB4296
C0CC55C6
C0CD69CF
C0CE7EAD
C0CF945B
C0D0AAD5
C0D1C217
C0D2DA1D
C0D3F2E3
C0D50C66
C0D626A0
C0D7418F
C0D85D2E
C0D9797B
C0DA9671
C0DBB40C
C0DCD24A
C0DDF127
C0DF10A0
C0E030B0
C0E15156
C0E2728E
C0E39455
C0E4B6A7
C0E5D983
C0E6FCE4
C0E820C9
C0E9452D
C0EA6A0F
C0EB8F6C
C0ECB542
C0EDDB8D
C0EF024A
C0F02979
C0F15116
C0F2791E
C0F3A190
C0F4CA6A
C0F5F3A8
C0F71D49
C0F8474A
C0F971AA
C0FA9C67
C0FBC77E
C0FCF2EE
C0FE1EB4
C0FF4ACF
C1003B9E
C100D1FE
C1016885
C101FF33
C1029606
C1032CFF
C103C41C
C1045B5D
C104F2C0
C1058A45
C10621EC
C106B9B3
C1075199
C107E99F
C10881C3
C1091A05
C109B263
C10A4ADF
C10AE375
C10B7C27
C10C14F4
C10CADDB
C10D46DA
C10DDFF3
C10E7924
C10F126D
C10FABCD
C1104543
C110DED0
C1117872
C112122A
C112ABF6
C11345D6
C113DFCB
C11479D2
C11513ED
C115AE1A
C1164859
C116E2A9
C1177D0B
C118177E
C118B201
C1194C95
C119E738
C11A81EA
C11B1CAC
C11BB77C
C11C525B
C11CED47
C11D8841
C11E2349
C11EBE5E
C11F597F
C11FF4AD
C1208FE8
C1212B2E
C121C680
C12261DD
C122FD45
C12398B8
C059E7DD
C05AB327
C05B7EDB
C05C4B09
C05D17C5
C05DE51E
C05EB326
C05F81F0
C060518B
C061220A
C061F37F
C062C5F9
C063998B
C0646E44
C0654437
C0661B73
C066F409
C067CE0A
C068A985
C069868A
C06A6529
C06B4572
C06C2774
C06D0B3F
C06DF0E0
C06ED868
C06FC1E5
C070AD65
C0719AF6
C0728AA8
C0737C87
C07470A1
C0756705
C0765FBF
C0775ADD
C078586C
C0795877
C07A5B0D
C07B603A
C07C6809
C07D7286
C07E7FBE
C07F8FBC
C0805146
C080DC1C
C0816865
C081F627
C0828567
C083162A
C083A876
C0843C4E
C084D1B7
C08568B6
C086014F
C0869B86
C0873760
C087D4DF
C0887409
C08914E0
C089B767
C08A5BA2
C08B0193
C08BA93E
C08C52A5
C08CFDCA
C08DAAB0
C08E5959
C08F09C5
C08FBBF7
C0906FF1
C09125B3
C091DD3E
C0929693
C09351B2
C0940E9C
C094CD51
C0958DD0
C096501A
C097142D
C097DA08
C098A1AC
C0996B16
C09A3645
C09B0337
C09BD1EB
C09CA25E
C09D748E
C09E4879
C09F1E1B
C09FF573
C0A0CE7D
C0A1A936
C0A2859B
C0A363A7
C0A44358
C0A524AA
C0A60798
C0A6EC1F
C0A7D23A
C0A8B9E6
C0A9A31C
C0AA8DDA
C0AB7A1A
C0AC67D8
C0AD570F
C0AE47BA
C0AF39D4
C0B02D57
C0B12240
C0B21889
C0B3102C
C0B40925
C0B5036E
C0B5FF02
C0B6FBDD
C0B7F9F8
C0B8F94E
C0B9F9DB
C0BAFB98
C0BBFE82
C0BD0292
C0BE07C4
C0BF0E12
C0C01578
C0C11DF0
C0C22775
C0C33202
C0C43D93
C0C54A22
C0C657AB
C0C76629
C0C87597
C0C985F0
C0CA9731
C0CBA954
C0CCBC55
C0CDD030
C0CEE4E0
C0CFFA61
C0D110AF
C0D227C5
C0D33FA0
C0D4583B
C0D57193
C0D68BA4
C0D7A66A
C0D8C1E1
C0D9DE05
C0DAFAD3
C0DC1848
C0DD3660
C0DE5517
C0DF746A
C0E09456
C0E1B4D8
C0E2D5EC
C0E3F78F
C0E519BF
C0E63C79
C0E75FB8
C0E8837B
C0E9A7BF
C0EACC81
C0EBF1BF
C0ED1775
C0EE3DA1
C0EF6441
C0F08B52
C0F1B2D1
C0F2DABD
C0F40312
C0F52BD0
C0F654F2
C0F77E78
C0F8A85F
C0F9D2A5
C0FAFD48
C0FC2846
C0FD539D
C0FE7F4B
C0FFAB4E
C1006BD2
C1010226
C10198A1
C1022F44
C102C60D
C1035CFB
C103F40D
C1048B43
C105229C
C105BA18
C10651B4
C106E971
C107814E
C108194B
C108B165
C109499E
C109E1F4
C10A7A67
C10B12F5
C10BAB9F
C10C4463
C10CDD41
C10D7639
C10E0F4A
C10EA874
C10F41B5
C10FDB0E
C110747D
C1110E03
C111A79E
C112414F
C112DB14
C11374EE
C1140EDC
C114A8DE
C11542F2
C115DD19
C1167752
C117119D
C117ABF9
C1184667
C118E0E4
C1197B73
C11A1610
C11AB0BE
C11B4B7A
C11BE646
C11C8120
C11D1C07
C11DB6FD
C11E5200
C11EED11
C11F882E
C1202358
C120BE8E
C12159D0
C121F51E
C1229077
C1232BDC
C123C74B
C05B1ACB
C05BE50C
C05CAFB7
C05D7ADD
C05E468E
C05F12DE
C05FDFDD
C060AD9E
C0617C31
C0624BA9
C0631C16
C063ED8A
C064C017
C06593CC
C06668BC
C0673EF6
C068168B
C068EF8C
C069CA08
C06AA610
C06B83B4
C06C6302
C06D440B
C06E26DD
C06F0B88
C06FF21A
C070DAA3
C071C530
C072B1D1
C073A092
C0749182
C07584B0
C0767A27
C07771F7
C0786C2C
C07968D2
C07A67F7
C07B69A8
C07C6DF0
C07D74DD
C07E7E79
C07F8AD1
C0804CF8
C080D5F1
C0816059
C081EC35
C082798B
C083085F
C08398B7
C0842A98
C084BE06
C0855306
C085E99C
C08681CE
C0871B9E
C087B711
C088542B
C088F2F0
C0899362
C08A3586
C08AD95E
C08B7EED
C08C2636
C08CCF3D
C08D7A02
C08E2688
C08ED4D2
C08F84E1
C09036B6
C090EA53
C0919FB9
C09256E9
C0930FE4
C093CAAA
C094873B
C0954597
C09605BF
C096C7B2
C0978B6F
C09850F6
C0991845
C099E15B
C09AAC37
C09B78D7
C09C4739
C09D175C
C09DE93C
C09EBCD7
C09F922B
C0A06935
C0A141F2
C0A21C5F
C0A2F878
C0A3D639
C0A4B5A0
C0A596A8
C0A6794D
C0A75D8C
C0A84360
C0A92AC4
C0AA13B5
C0AAFE2D
C0ABEA29
C0ACD7A2
C0ADC696
C0AEB6FE
C0AFA8D5
C0B09C18
C0B190C0
C0B286C8
C0B37E2C
C0B476E6
C0B570F1
C0B66C48
C0B768E6
C0B866C5
C0B965E0
C0BA6632
C0BB67B5
C0BC6A65
C0BD6E3C
C0BE7336
C0BF794C
C0C0807B
C0C188BC
C0C2920B
C0C39C64
C0C4A7C0
C0C5B41B
C0C6C170
C0C7CFBB
C0C8DEF7
C0C9EF1F
C0CB002F
C0CC1222
C0CD24F3
C0CE389F
C0CF4D20
C0D06273
C0D17893
C0D28F7C
C0D3A72B
C0D4BF9B
C0D5D8C8
C0D6F2AE
C0D80D49
C0D92897
C0DA4492
C0DB6138
C0DC7E85
C0DD9C76
C0DEBB06
C0DFDA33
C0E0F9F9
C0E21A56
C0E33B45
C0E45CC5
C0E57ED1
C0E6A168
C0E7C485
C0E8E826
C0EA0C48
C0EB30E9
C0EC5606
C0ED7B9C
C0EEA1A9
C0EFC82A
C0F0EF1C
C0F2167D
C0F33E4B
C0F46684
C0F58F25
C0F6B82B
C0F7E195
C0F90B61
C0FA358C
C0FB6015
C0FC8AF9
C0FDB636
C0FEE1CB
C10006DB
C1009CFA
C1013341
C101C9B1
C1026048
C102F706
C1038DE9
C10424F0
C104BC1C
C105536A
C105EADB
C106826D
C1071A21
C107B1F4
C10849E7
C108E1F8
C1097A27
C10A1274
C10AAADE
C10B4363
C10BDC05
C10C74C0
C10D0D97
C10DA687
C10E3F90
C10ED8B1
C10F71EB
C1100B3C
C110A4A4
C1113E22
C111D7B7
C1127160
C1130B1F
C113A4F2
C1143EDA
C114D8D5
C11572E3
C1160D04
C116A737
C117417C
C117DBD2
C118763A
C11910B2
C119AB3B
C11A45D3
C11AE07C
C11B7B33
C11C15F9
C11CB0CE
C11D4BB1
C11DE6A2
C11E81A1
C11F1CAD
C11FB7C6
C12052EB
C120EE1D
C121895B
C12224A5
C122BFFA
C1235B5B
C123F6C6
C05C52EE
C05D1C23
C05DE5C2
C05EAFDA
C05F7A7F
C06045C2
C06111B5
C061DE6A
C062ABF2
C0637A5F
C06449C3
C0651A2E
C065EBB3
C066BE62
C067924C
C0686782
C0693E15
C06A1614
C06AEF90
C06BCA99
C06CA73E
C06D8590
C06E659E
C06F4776
C0702B29
C07110C4
C071F857
C072E1F0
C073CD9D
C074BB6D
C075AB6D
C0769DAC
C0779236
C0788919
C0798263
C07A7E20
C07B7C5D
C07C7D27
C07D808A
C07E8692
C07F8F4C
C0804D61
C080D481
C0815D0B
C081E704
C0827272
C082FF5A
C0838DC2
C0841DAE
C084AF23
C0854226
C085D6BC
C0866CEA
C08704B2
C0879E1B
C0883927
C088D5DA
C0897439
C08A1446
C08AB605
C08B5979
C08BFEA6
C08CA58D
C08D4E31
C08DF896
C08EA4BC
C08F52A6
C0900256
C090B3CD
C091670D
C0921C16
C092D2EA
C0938B8A
C09445F5
C095022D
C095C030
C0968000
C097419B
C0980501
C098CA32
C099912C
C09A59ED
C09B2475
C09BF0C2
C09CBED2
C09D8EA2
C09E6031
C09F337C
C0A00881
C0A0DF3C
C0A1B7AA
C0A291C9
C0A36D96
C0A44B0B
C0A52A26
C0A60AE4
C0A6ED3F
C0A7D135
C0A8B6C0
C0A99DDC
C0AA8686
C0AB70B8
C0AC5C6D
C0AD49A2
C0AE3851
C0AF2875
C0B01A09
C0B10D09
C0B2016F
C0B2F737
C0B3EE5A
C0B4E6D5
C0B5E0A1
C0B6DBB9
C0B7D819
C0B8D5BA
C0B9D499
C0BAD4AE
C0BBD5F7
C0BCD86C
C0BDDC09
C0BEE0C9
C0BFE6A7
C0C0ED9D
C0C1F5A7
C0C2FEC0
C0C408E1
C0C51408
C0C6202E
C0C72D4F
C0C83B66
C0C94A6F
C0CA5A65
C0CB6B42
C0CC7D03
C0CD8FA4
C0CEA31F
C0CFB771
C0D0CC95
C0D1E286
C0D2F942
C0D410C3
C0D52906
C0D64207
C0D75BC1
C0D87632
C0D99155
C0DAAD27
C0DBC9A3
C0DCE6C7
C0DE0490
C0DF22F8
C0E041FE
C0E1619E
C0E281D5
C0E3A29F
C0E4C3F9
C0E5E5E1
C0E70853
C0E82B4D
C0E94ECC
C0EA72CC
C0EB974B
C0ECBC47
C0EDE1BC
C0EF07A8
C0F02E09
C0F154DC
C0F27C1F
C0F3A3CE
C0F4CBE9
C0F5F46C
C0F71D56
C0F846A4
C0F97054
C0FA9A63
C0FBC4D1
C0FCEF9A
C0FE1ABD
C0FF4638
C1003904
C100CF17
C1016553
C101FBB7
C1029242
C10328F4
C103BFCB
C10456C7
C104EDE8
C105852C
C1061C92
C106B41A
C1074BC3
C107E38C
C1087B75
C109137C
C109ABA2
C10A43E6
C10ADC46
C10B74C3
C10C0D5B
C10CA60E
C10D3EDC
C10DD7C3
C10E70C4
C10F09DE
C10FA30F
C1103C59
C110D5B9
C1116F30
C11208BD
C112A260
C1133C18
C113D5E4
C1146FC5
C11509B9
C115A3C1
C1163DDB
C116D808
C1177247
C1180C98
C118A6F9
C119416C
C119DBEF
C11A7682
C11B1125
C11BABD7
C11C4698
C11CE168
C11D7C46
C11E1732
C11EB22C
C11F4D33
C11FE848
C1208369
C1211E96
C121B9D0
C1225516
C122F067
C1238BC4
C124272B
C05D9043
C05E5869
C05F20F7
C05FEA00
C060B395
C0617DC8
C06248AC
C0631452
C063E0CC
C064AE2C
C0657C84
C0664BE5
C0671C60
C067EE06
C068C0E9
C0699519
C06A6AA7
C06B41A2
C06C1A1C
C06CF424
C06DCFCA
C06EAD1E
C06F8C2F
C0706D0C
C0714FC4
C0723467
C0731B03
C07403A6
C074EE5F
C075DB3C
C076CA4A
C077BB98
C078AF33
C079A529
C07A9D86
C07B9858
C07C95AC
C07D958E
C07E980A
C07F9D2D
C0805281
C080D7CB
C0815E7A
C081E693
C082701D
C082FB1C
C0838796
C0841591
C084A510
C0853619
C085C8B1
C0865CDD
C086F2A0
C08789FF
C08822FF
C088BDA3
C08959EF
C089F7E7
C08A978E
C08B38E8
C08BDBF8
C08C80C0
C08D2744
C08DCF86
C08E7989
C08F254E
C08FD2D8
C0908228
C0913340
C091E622
C0929ACE
C0935145
C0940988
C094C398
C0957F75
C0963D1F
C096FC95
C097BDD8
C09880E6
C09945C0
C09A0C63
C09AD4CF
C09B9F02
C09C6AFB
C09D38B7
C09E0835
C09ED972
C09FAC6B
C0A0811F
C0A1578A
C0A22FAA
C0A3097A
C0A3E4F9
C0A4C221
C0A5A0F0
C0A68162
C0A76372
C0A8471D
C0A92C5F
C0AA1332
C0AAFB93
C0ABE57E
C0ACD0EC
C0ADBDDB
C0AEAC44
C0AF9C23
C0B08D74
C0B18030
C0B27453
C0B369D8
C0B460BA
C0B558F4
C0B6527F
C0B74D58
C0B84979
C0B946DC
C0BA457D
C0BB4556
C0BC4662
C0BD489B
C0BE4BFD
C0BF5083
C0C05627
C0C15CE4
C0C264B5
C0C36D95
C0C47780
C0C5826F
C0C68E60
C0C79B4B
C0C8A92D
C0C9B802
C0CAC7C4
C0CBD86E
C0CCE9FD
C0CDFC6B
C0CF0FB5
C0D023D6
C0D138CA
C0D24E8C
C0D36519
C0D47C6C
C0D59481
C0D6AD55
C0D7C6E3
C0D8E127
C0D9FC1F
C0DB17C6
C0DC3418
C0DD5113
C0DE6EB1
C0DF8CF2
C0E0ABCF
C0E1CB48
C0E2EB57
C0E40BFB
C0E52D30
C0E64EF2
C0E77140
C0E89416
C0E9B770
C0EADB4D
C0EBFFAA
C0ED2483
C0EE49D7
C0EF6FA2
C0F095E2
C0F1BC95
C0F2E3B8
C0F40B49
C0F53345
C0F65BAA
C0F78476
C0F8ADA7
C0F9D73A
C0FB012D
C0FC2B7F
C0FD562D
C0FE8135
C0FFAC95
C1006C26
C101022C
C101985B
C1022EB3
C102C532
C1035BD8
C103F2A3
C1048994
C10520A9
C105B7E2
C1064F3D
C106E6BA
C1077E59
C1081618
C108ADF6
C10945F4
C109DE10
C10A764A
C10B0EA1
C10BA714
C10C3FA3
C10CD84E
C10D7113
C10E09F2
C10EA2EA
C10F3BFB
C10FD525
C1106E66
C11107BF
C111A12E
C1123AB4
C112D44F
C1136E00
C11407C5
C114A19F
C1153B8C
C115D58D
C1166FA1
C11709C8
C117A400
C1183E4B
C118D8A7
C1197313
C11A0D91
C11AA81E
C11B42BB
C11BDD68
C11C7824
C11D12EE
C11DADC7
C11E48AF
C11EE3A4
C11F7EA6
C12019B6
C120B4D2
C1214FFB
C121EB31
C1228672
C12321BF
C123BD17
C124587B
C05ED2C6
C05F99D9
C0606154
C0612949
C061F1CB
C062BAEC
C06384BE
C0644F53
C0651ABE
C065E70F
C066B459
C06782AC
C068521C
C06922B8
C069F491
C06AC7B9
C06B9C40
C06C7237
C06D49AD
C06E22B2
C06EFD57
C06FD9AB
C070B7BE
C071979E
C072795C
C0735D04
C07442A8
C0752A54
C0761417
C076FFFF
C077EE1A
C078DE77
C079D122
C07AC629
C07BBD99
C07CB77E
C07DB3E7
C07EB2DF
C07FB473
C0805C58
C080DFD0
C08164A7
C081EAE5
C082728E
C082FBA7
C0838637
C0841243
C0849FCF
C0852EE1
C085BF7D
C08651A9
C086E569
C0877AC1
C08811B7
C088AA4D
C0894488
C089E06C
C08A7DFD
C08B1D3D
C08BBE31
C08C60DC
C08D053F
C08DAB5F
C08E533E
C08EFCDE
C08FA842
C090556A
C091045A
C091B512
C0926795
C0931BE2
C093D1FC
C09489E3
C0954396
C095FF18
C096BC66
C0977B83
C0983C6C
C098FF22
C099C3A3
C09A89EF
C09B5205
C09C1BE2
C09CE785
C09DB4ED
C09E8417
C09F5501
C0A027A8
C0A0FC0B
C0A1D225
C0A2A9F4
C0A38375
C0A45EA5
C0A53B7F
C0A61A00
C0A6FA25
C0A7DBEA
C0A8BF49
C0A9A440
C0AA8ACA
C0AB72E1
C0AC5C83
C0AD47AA
C0AE3451
C0AF2274
C0B0120D
C0B10318
C0B1F590
C0B2E96F
C0B3DEB1
C0B4D550
C0B5CD47
C0B6C692
C0B7C12A
C0B8BD0A
C0B9BA2E
C0BAB890
C0BBB82B
C0BCB8F9
C0BDBAF6
C0BEBE1C
C0BFC266
C0C0C7CF
C0C1CE52
C0C2D5E9
C0C3DE90
C0C4E842
C0C5F2FA
C0C6FEB3
C0C80B68
C0C91914
C0CA27B3
C0CB3740
C0CC47B7
C0CD5912
C0CE6B4E
C0CF7E65
C0D09254
C0D1A717
C0D2BCA9
C0D3D305
C0D4EA29
C0D60210
C0D71AB5
C0D83415
C0D94E2D
C0DA68F8
C0DB8473
C0DCA09A
C0DDBD6A
C0DEDADF
C0DFF8F5
C0E117AA
C0E236FA
C0E356E2
C0E4775E
C0E5986C
C0E6BA09
C0E7DC31
C0E8FEE1
C0EA2217
C0EB45D0
C0EC6A09
C0ED8EC0
C0EEB3F1
C0EFD99A
C0F0FFB9
C0F2264B
C0F34D4D
C0F474BE
C0F59C9B
C0F6C4E1
C0F7ED8E
C0F916A1
C0FA4017
C0FB69ED
C0FC9422
C0FDBEB4
C0FEE9A1
C1000A73
C100A041
C101363A
C101CC5C
C10262A7
C102F91A
C1038FB3
C1042673
C104BD58
C1055461
C105EB8F
C10682DF
C1071A51
C107B1E4
C1084999
C108E16D
C1097960
C10A1172
C10AA9A2
C10B41F0
C10BDA59
C10C72DF
C10D0B80
C10DA43C
C10E3D12
C10ED602
C10F6F0B
C110082C
C110A165
C1113AB6
C111D41E
C1126D9B
C113072F
C113A0D8
C1143A96
C114D469
C1156E50
C116084A
C116A257
C1173C77
C117D6A9
C11870ED
C1190B43
C119A5A9
C11A4021
C11ADAA8
C11B7540
C11C0FE7
C11CAA9D
C11D4563
C11DE037
C11E7B19
C11F1608
C11FB106
C1204C11
C120E729
C121824D
C1221D7E
C122B8BB
C1235403
C123EF58
C1248AB7
C0601A72
C060E06F
C061A6D3
C0626DB3
C0633520
C063FD2C
C064C5EA
C0658F6C
C06659C4
C0672504
C067F13D
C068BE82
C0698CE4
C06A5C74
C06B2D43
C06BFF61
C06CD2E0
C06DA7D0
C06E7E41
C06F5643
C0702FE6
C0710B39
C071E84C
C072C72E
C073A7EF
C0748A9D
C0756F46
C07655FA
C0773EC6
C07829B9
C07916E0
C07A064A
C07AF803
C07BEC1A
C07CE29B
C07DDB94
C07ED711
C07FD51E
C0806AE4
C080EC8E
C0816F93
C081F3F8
C08279C4
C08300FB
C08389A4
C08413C4
C0849F60
C0852C7E
C085BB21
C0864B50
C086DD10
C0877064
C0880551
C0889BDB
C0893407
C089CDD9
C08A6954
C08B067D
C08BA556
C08C45E3
C08CE828
C08D8C26
C08E31E1
C08ED95C
C08F8299
C0902D9A
C090DA60
C09188EF
C0923947
C092EB69
C0939F58
C0945513
C0950C9C
C095C5F2
C0968117
C0973E0A
C097FCCC
C098BD5B
C0997FB7
C09A43DF
C09B09D3
C09BD191
C09C9B18
C09D6665
C09E3377
C09F024D
C09FD2E2
C0A0A537
C0A17946
C0A24F0F
C0A3268D
C0A3FFBD
C0A4DA9D
C0A5B728
C0A6955B
C0A77532
C0A856A9
C0A939BD
C0AA1E68
C0AB04A6
C0ABEC74
C0ACD5CC
C0ADC0A9
C0AEAD08
C0AF9AE3
C0B08A35
C0B17AFA
C0B26D2C
C0B360C6
C0B455C4
C0B54C1F
C0B643D3
C0B73CDB
C0B83731
C0B932D1
C0BA2FB4
C0BB2DD6
C0BC2D32
C0BD2DC2
C0BE2F80
C0BF3269
C0C03676
C0C13BA3
C0C241EA
C0C34947
C0C451B4
C0C55B2D
C0C665AB
C0C7712C
C0C87DA9
C0C98B1F
C0CA9987
C0CBA8DE
C0CCB91F
C0CDCA46
C0CEDC4E
C0CFEF32
C0D102EE
C0D2177F
C0D32CDF
C0D4430B
C0D559FE
C0D671B5
C0D78A2B
C0D8A35D
C0D9BD46
C0DAD7E4
C0DBF332
C0DD0F2D
C0DE2BD1
C0DF491B
C0E06707
C0E18592
C0E2A4B8
C0E3C477
C0E4E4CC
C0E605B2
C0E72727
C0E84928
C0E96BB3
C0EA8EC3
C0EBB258
C0ECD66C
C0EDFAFF
C0EF200D
C0F04593
C0F16B90
C0F29200
C0F3B8E1
C0F4E031
C0F607ED
C0F73014
C0F858A2
C0F98196
C0FAAAEE
C0FBD4A6
C0FCFEBE
C0FE2933
C0FF5404
C1003F97
C100D557
C1016B42
C1020157
C1029795
C1032DFB
C103C488
C1045B3B
C104F214
C1058912
C1062033
C106B778
C1074EDE
C107E667
C1087E10
C10915DA
C109ADC3
C10A45CA
C10ADDF0
C10B7633
C10C0E94
C10CA710
C10D3FA8
C10DD85A
C10E7127
C10F0A0E
C10FA30E
C1103C27
C110D558
C1116EA0
C11207FF
C112A175
C1133B01
C113D4A3
C1146E5A
C1150825
C115A204
C1163BF7
C116D5FE
C1177017
C1180A42
C118A480
C1193ECF
C119D930
C11A73A1
C11B0E22
C11BA8B4
C11C4355
C11CDE06
C11D78C6
C11E1394
C11EAE71
C11F495C
C11FE454
C1207F5A
C1211A6D
C121B58D
C12250B9
C122EBF1
C1238735
C1242285
C124BDE1
C0616742
C0622C26
C062F172
C063B739
C0647D8D
C0654482
C0660C2A
C066D497
C0679DDB
C0686808
C0693330
C069FF64
C06ACCB7
C06B9B39
C06C6AFC
C06D3C10
C06E0E85
C06EE26D
C06FB7D8
C0708ED5
C0716774
C07241C5
C0731DD8
C073FBBC
C074DB7F
C075BD30
C076A0DF
C0778699
C0786E6D
C079586A
C07A449C
C07B3312
C07C23D9
C07D16FF
C07E0C90
C07F049B
C07FFF2B
C0807E26
C080FE06
C0817F3C
C08201CD
C08285BF
C0830B18
C08391DD
C0841A15
C084A3C4
C0852EF1
C085BB9F
C08649D4
C086D995
C0876AE7
C087FDCE
C088924F
C089286E
C089C030
C08A5998
C08AF4AA
C08B9169
C08C2FDB
C08CD000
C08D71DE
C08E1577
C08EBACC
C08F61E3
C0900ABB
C090B559
C09161BD
C0920FE9
C092BFE0
C09371A2
C0942530
C094DA8C
C09591B6
C0964AAF
C0970576
C097C20D
C0988073
C09940A7
C09A02A8
C09AC677
C09B8C12
C09C5377
C09D1CA6
C09DE79D
C09EB459
C09F82D8
C0A05319
C0A12519
C0A1F8D5
C0A2CE4B
C0A3A577
C0A47E56
C0A558E4
C0A63520
C0A71303
C0A7F28B
C0A8D3B5
C0A9B67A
C0AA9AD9
C0AB80CB
C0AC684D
C0AD515A
C0AE3BEE
C0AF2803
C0B01596
C0B104A0
C0B1F51D
C0B2E708
C0B3DA5C
C0B4CF14
C0B5C52B
C0B6BC9B
C0B7B55F
C0B8AF73
C0B9AAD0
C0BAA771
C0BBA553
C0BCA46E
C0BDA4BE
C0BEA63D
C0BFA8E8
C0C0ACB7
C0C1B1A7
C0C2B7B2
C0C3BED2
C0C4C704
C0C5D042
C0C6DA87
C0C7E5CE
C0C8F212
C0C9FF50
C0CB0D81
C0CC1CA1
C0CD2CAC
C0CE3D9D
C0CF4F6F
C0D0621F
C0D175A8
C0D28A05
C0D39F32
C0D4B52C
C0D5CBEE
C0D6E374
C0D7FBBA
C0D914BC
C0DA2E76
C0DB48E6
C0DC6406
C0DD7FD4
C0DE9C4B
C0DFB969
C0E0D729
C0E1F589
C0E31486
C0E4341B
C0E55446
C0E67503
C0E79651
C0E8B82A
C0E9DA8E
C0EAFD78
C0EC20E6
C0ED44D6
C0EE6943
C0EF8E2D
C0F0B390
C0F1D969
C0F2FFB7
C0F42676
C0F54DA5
C0F67540
C0F79D46
C0F8C5B4
C0F9EE89
C0FB17C1
C0FC415B
C0FD6B55
C0FE95AD
C0FFC060
C10075B6
C1010B69
C101A146
C102374E
C102CD7E
C10363D7
C103FA57
C10490FE
C10527CA
C105BEBB
C10655D1
C106ED09
C1078465
C1081BE2
C108B380
C1094B3E
C109E31C
C10A7B19
C10B1335
C10BAB6E
C10C43C4
C10CDC36
C10D74C4
C10E0D6D
C10EA631
C10F3F0F
C10FD806
C1107116
C1110A3E
C111A37E
C1123CD5
C112D643
C1136FC7
C1140961
C114A30F
C1153CD3
C115D6AB
C1167097
C1170A96
C117A4A8
C1183ECD
C118D904
C119734D
C11A0DA7
C11AA812
C11B428D
C11BDD19
C11C77B4
C11D125F
C11DAD19
C11E47E2
C11EE2B9
C11F7D9F
C1201892
C120B393
C1214EA1
C121E9BB
C12284E3
C1232016
C123BB56
C12456A2
C124F1F9
C062B930
C0637CF8
C0644128
C06505D5
C065CB0F
C06690EB
C067577B
C0681ED1
C068E6FF
C069B017
C06A7A2C
C06B454F
C06C1192
C06CDF05
C06DADBA
C06E7DC2
C06F4F2D
C070220C
C070F670
C071CC67
C072A402
C0737D50
C0745861
C0753545
C0761409
C076F4BE
C077D771
C078BC31
C079A30D
C07A8C12
C07B774E
C07C64D0
C07D54A4
C07E46D8
C07F3B79
C080194A
C080961B
C0811436
C08193A0
C0821461
C082967D
C08319FC
C0839EE2
C0842535
C084ACFB
C0853639
C085C0F5
C0864D34
C086DAFA
C0876A4C
C087FB30
C0888DAA
C08921BF
C089B772
C08A4EC9
C08AE7C6
C08B826E
C08C1EC4
C08CBCCD
C08D5C8B
C08DFE01
C08EA133
C08F4623
C08FECD3
C0909547
C0913F81
C091EB81
C092994B
C09348DF
C093FA40
C094AD6E
C095626A
C0961934
C096D1CF
C0978C38
C0984872
C099067B
C099C653
C09A87F9
C09B4B6D
C09C10AE
C09CD7BA
C09DA091
C09E6B2F
C09F3794
C0A005BD
C0A0D5A8
C0A1A753
C0A27ABB
C0A34FDC
C0A426B5
C0A4FF42
C0A5D97F
C0A6B569
C0A792FC
C0A87234
C0A9530E
C0AA3586
C0AB1996
C0ABFF3C
C0ACE671
C0ADCF33
C0AEB97B
C0AFA546
C0B0928E
C0B1814F
C0B27184
C0B36327
C0B45634
C0B54AA6
C0B64076
C0B737A1
C0B83021
C0B929F0
C0BA250A
C0BB2169
C0BC1F08
C0BD1DE2
C0BE1DF1
C0BF1F31
C0C0219B
C0C1252C
C0C229DD
C0C32FAA
C0C4368E
C0C53E83
C0C64785
C0C7518F
C0C85C9C
C0C968A6
C0CA75AA
C0CB83A3
C0CC928B
C0CDA25E
C0CEB318
C0CFC4B5
C0D0D72F
C0D1EA83
C0D2FEAC
C0D413A5
C0D5296C
C0D63FFB
C0D7574F
C0D86F64
C0D98836
C0DAA1C0
C0DBBC00
C0DCD6F1
C0DDF291
C0DF0EDA
C0E02BCB
C0E1495F
C0E26793
C0E38664
C0E4A5CF
C0E5C5CF
C0E6E664
C0E80788
C0E92939
C0EA4B75
C0EB6E38
C0EC917F
C0EDB548
C0EED991
C0EFFE55
C0F12393
C0F24949
C0F36F73
C0F4960F
C0F5BD1B
C0F6E495
C0F80C7A
C0F934C7
C0FA5D7B
C0FB8694
C0FCB00F
C0FDD9EA
C0FF0423
C100175C
C100ACD4
C1014278
C101D847
C1026E40
C1030463
C1039AAF
C1043121
C104C7BB
C1055E7B
C105F55F
C1068C68
C1072395
C107BAE4
C1085256
C108E9E8
C109819B
C10A196E
C10AB161
C10B4971
C10BE1A0
C10C79EB
C10D1254
C10DAAD8
C10E4377
C10EDC31
C10F7506
C1100DF3
C110A6FA
C111401A
C111D951
C112729F
C1130C05
C113A580
C1143F12
C114D8B9
C1157275
C1160C46
C116A62A
C1174022
C117DA2D
C118744B
C1190E7B
C119A8BD
C11A4310
C11ADD74
C11B77EA
C11C126F
C11CAD04
C11D47A9
C11DE25E
C11E7D21
C11F17F2
C11FB2D2
C1204DC0
C120E8BC
C12183C4
C1221EDA
C122B9FD
C123552B
C123F066
C1248BAD
C1252700
C0641035
C064D2DF
C06595F2
C0665981
C0671DA0
C067E261
C068A7D7
C0696E15
C06A352C
C06AFD2E
C06BC62F
C06C903F
C06D5B70
C06E27D4
C06EF57A
C06FC476
C07094D6
C07166AB
C0723A06
C0730EF6
C073E58C
C074BDD7
C07597E6
C07673C9
C077518E
C0783145
C07912FC
C079F6C1
C07ADCA4
C07BC4B1
C07CAEF6
C07D9B83
C07E8A63
C07F7BA4
C08037AA
C080B2C0
C0812F1A
C081ACBE
C0822BB2
C082ABFE
C0832DA6
C083B0B0
C0843523
C084BB03
C0854257
C085CB24
C086556F
C086E13D
C0876E94
C087FD77
C0888DED
C0891FFA
C089B3A1
C08A48E8
C08ADFD2
C08B7865
C08C12A2
C08CAE8F
C08D4C2E
C08DEB83
C08E8C92
C08F2F5C
C08FD3E5
C0907A30
C091223F
C091CC13
C09277B0
C0932517
C093D448
C0948547
C0953813
C095ECAE
C096A319
C0975B54
C098155F
C098D13A
C0998EE6
C09A4E61
C09B0FAB
C09BD2C4
C09C97AA
C09D5E5C
C09E26D9
C09EF11F
C09FBD2C
C0A08AFE
C0A15A92
C0A22BE7
C0A2FEF9
C0A3D3C6
C0A4AA4B
C0A58284
C0A65C6E
C0A73806
C0A81548
C0A8F430
C0A9D4BA
C0AAB6E2
C0AB9AA3
C0AC7FFB
C0AD66E3
C0AE4F57
C0AF3954
C0B024D3
C0B111D0
C0B20047
C0B2F032
C0B3E18D
C0B4D451
C0B5C87B
C0B6BE05
C0B7B4E9
C0B8AD23
C0B9A6AD
C0BAA183
C0BB9D9E
C0BC9AFA
C0BD9991
C0BE995E
C0BF9A5D
C0C09C87
C0C19FD7
C0C2A449
C0C3A9D7
C0C4B07D
C0C5B835
C0C6C0FA
C0C7CAC8
C0C8D599
C0C9E168
C0CAEE32
C0CBFBF0
C0CD0A9F
C0CE1A3A
C0CF2ABD
C0D03C22
C0D14E65
C0D26183
C0D37576
C0D48A3B
C0D59FCE
C0D6B62A
C0D7CD4B
C0D8E52D
C0D9FDCD
C0DB1726
C0DC3136
C0DD4BF7
C0DE6767
C0DF8382
C0E0A045
C0E1BDAB
C0E2DBB2
C0E3FA57
C0E51996
C0E6396C
C0E759D5
C0E87ACF
C0E99C57
C0EABE6A
C0EBE105
C0ED0425
C0EE27C7
C0EF4BE8
C0F07087
C0F195A0
C0F2BB30
C0F3E136
C0F507AF
C0F62E98
C0F755EE
C0F87DB1
C0F9A5DD
C0FACE70
C0FBF768
C0FD20C2
C0FE4A7E
C0FF7498
C1004F87
C100E4F0
C1017A85
C1021046
C102A631
C1033C46
C103D283
C10468E9
C104FF75
C1059627
C1062CFF
C106C3FB
C1075B1B
C107F25E
C10889C4
C109214B
C109B8F2
C10A50BA
C10AE8A1
C10B80A6
C10C18CA
C10CB10B
C10D4969
C10DE1E3
C10E7A78
C10F1329
C10FABF3
C11044D7
C110DDD5
C11176EB
C1121019
C112A95F
C11342BC
C113DC2F
C11475B9
C1150F58
C115A90C
C11642D4
C116DCB1
C11776A1
C11810A5
C118AABC
C11944E5
C119DF1F
C11A796C
C11B13CA
C11BAE38
C11C48B8
C11CE347
C11D7DE6
C11E1894
C11EB351
C11F4E1D
C11FE8F7
C12083E0
C1211ED6
C121B9D9
C12254EA
C122F007
C1238B31
C1242667
C124C1A9
C1255CF7
C0656C4A
C0662DD4
C066EFC8
C067B239
C068753A
C06938DF
C069FD3A
C06AC25D
C06B885C
C06C4F48
C06D1733
C06DE030
C06EAA4E
C06F75A1
C0704239
C0711026
C071DF7A
C072B045
C0738297
C0745681
C0752C11
C0760358
C076DC64
C077B746
C078940B
C07972C4
C07A537E
C07B3648
C07C1B31
C07D0245
C07DEB94
C07ED72A
C07FC516
C0805AB2
C080D411
C0814EAF
C081CA91
C08247BE
C082C63D
C0834613
C083C746
C08449DC
C084CDDB
C0855348
C085DA2A
C0866285
C086EC5E
C08777BC
C08804A3
C0889317
C089231E
C089B4BD
C08A47F7
C08ADCD1
C08B734F
C08C0B75
C08CA548
C08D40CA
C08DDE00
C08E7CEC
C08F1D92
C08FBFF5
C0906417
C09109FB
C091B1A4
C0925B13
C093064B
C093B34E
C094621C
C09512B8
C095C522
C096795C
C0972F66
C097E740
C098A0EC
C0995C68
C09A19B6
C09AD8D4
C09B99C1
C09C5C7E
C09D2108
C09DE760
C09EAF82
C09F796F
C0A04523
C0A1129C
C0A1E1D9
C0A2B2D7
C0A38593
C0A45A0A
C0A5303A
C0A6081F
C0A6E1B5
C0A7BCFA
C0A899EA
C0A97880
C0AA58B9
C0AB3A90
C0AC1E02
C0AD030A
C0ADE9A4
C0AED1CB
C0AFBB7A
C0B0A6AD
C0B1935E
C0B2818A
C0B3712A
C0B4623B
C0B554B6
C0B64897
C0B73DD9
C0B83476
C0B92C69
C0BA25AD
C0BB203D
C0BC1C13
C0BD192A
C0BE177E
C0BF1708
C0C017C4
C0C119AC
C0C21CBC
C0C320ED
C0C4263C
C0C52CA2
C0C6341B
C0C73CA2
C0C84632
C0C950C7
C0CA5C5A
C0CB68E8
C0CC766C
C0CD84E1
C0CE9442
C0CFA48B
C0D0B5B8
C0D1C7C4
C0D2DAAA
C0D3EE67
C0D502F7
C0D61854
C0D72E7B
C0D84568
C0D95D17
C0DA7584
C0DB8EAB
C0DCA889
C0DDC319
C0DEDE59
C0DFFA44
C0E116D8
C0E23410
C0E351E9
C0E47061
C0E58F73
C0E6AF1C
C0E7CF5A
C0E8F029
C0EA1187
C0EB3370
C0EC55E2
C0ED78D9
C0EE9C53
C0EFC04D
C0F0E4C5
C0F209B7
C0F32F22
C0F45503
C0F57B56
C0F6A21B
C0F7C94E
C0F8F0EE
C0FA18F7
C0FB4168
C0FC6A3F
C0FD9379
C0FEBD14
C0FFE70E
C10088B3
C1011E0C
C101B392
C1024944
C102DF20
C1037527
C1040B56
C104A1AD
C105382C
C105CED1
C106659B
C106FC8A
C107939E
C1082AD4
C108C22D
C10959A8
C109F143
C10A88FF
C10B20DB
C10BB8D5
C10C50EE
C10CE924
C10D8177
C10E19E6
C10EB271
C10F4B18
C10FE3D8
C1107CB3
C11115A7
C111AEB4
C11247D9
C112E115
C1137A69
C11413D4
C114AD55
C11546EB
C115E097
C1167A58
C117142D
C117AE15
C1184811
C118E221
C1197C42
C11A1676
C11AB0BC
C11B4B13
C11BE57B
C11C7FF3
C11D1A7C
C11DB514
C11E4FBC
C11EEA74
C11F853A
C120200E
C120BAF1
C12155E1
C121F0DF
C1228BEA
C1232702
C123C227
C1245D58
C124F895
C12593DE
C066CD68
C0678DD0
C0684EA2
C0690FF4
C069D1D6
C06A945E
C06B579C
C06C1BA5
C06CE08B
C06DA65F
C06E6D34
C06F351C
C06FFE28
C070C869
C07193F1
C07260D1
C0732F18
C073FED8
C074D021
C075A303
C076778D
C0774DCF
C07825D9
C078FFB9
C079DB7F
C07AB939
C07B98F6
C07C7AC4
C07D5EB2
C07E44CE
C07F2D25
C0800BE3
C080825E
C080FA0C
C08172F2
C081ED17
C0826882
C082E538
C0836340
C083E2A0
C084635E
C084E57F
C085690A
C085EE04
C0867473
C086FC5C
C08785C4
C08810B1
C0889D27
C0892B2C
C089BAC4
C08A4BF4
C08ADEC0
C08B732D
C08C093F
C08CA0F9
C08D3A60
C08DD578
C08E7243
C08F10C6
C08FB103
C09052FD
C090F6B8
C0919C35
C0924377
C092EC81
C0939753
C09443F1
C094F25C
C095A294
C096549C
C0970874
C097BE1C
C0987596
C0992EE1
C099E9FF
C09AA6ED
C09B65AD
C09C263D
C09CE89C
C09DACCB
C09E72C6
C09F3A8E
C0A00420
C0A0CF7A
C0A19C9B
C0A26B7F
C0A33C25
C0A40E8A
C0A4E2AB
C0A5B885
C0A69014
C0A76956
C0A84447
C0A920E4
C0A9FF27
C0AADF0E
C0ABC094
C0ACA3B5
C0AD886D
C0AE6EB8
C0AF568F
C0B03FF0
C0B12AD6
C0B2173A
C0B30519
C0B3F46E
C0B4E534
C0B5D765
C0B6CAFC
C0B7BFF4
C0B8B649
C0B9ADF4
C0BAA6F1
C0BBA13A
C0BC9CCA
C0BD999C
C0BE97AB
C0BF96F1
C0C09769
C0C1990F
C0C29BDC
C0C39FCC
C0C4A4D9
C0C5AAFF
C0C6B239
C0C7BA81
C0C8C3D2
C0C9CE29
C0CAD97F
C0CBE5D0
C0CCF318
C0CE0151
C0CF1078
C0D02087
C0D1317A
C0D2434D
C0D355FC
C0D46981
C0D57DD9
C0D69300
C0D7A8F1
C0D8BFA9
C0D9D724
C0DAEF5D
C0DC0851
C0DD21FC
C0DE3C5B
C0DF5769
C0E07323
C0E18F87
C0E2AC8F
C0E3CA3A
C0E4E882
C0E60767
C0E726E3
C0E846F5
C0E96798
C0EA88CA
C0EBAA89
C0ECCCD0
C0EDEF9E
C0EF12EF
C0F036C0
C0F15B10
C0F27FDC
C0F3A520
C0F4CADA
C0F5F109
C0F717A8
C0F83EB7
C0F96633
C0FA8E19
C0FBB667
C0FCDF1B
C0FE0833
C0FF31AD
C1002DC3
C100C2DF
C1015829
C101ED9F
C1028341
C103190F
C103AF06
C1044527
C104DB70
C10571E1
C1060878
C1069F35
C1073616
C107CD1D
C1086446
C108FB92
C1099301
C10A2A90
C10AC240
C10B5A0F
C10BF1FE
C10C8A0B
C10D2236
C10DBA7E
C10E52E3
C10EEB64
C10F83FF
C1101CB6
C110B586
C1114E71
C111E774
C112808F
C11319C3
C113B30E
C1144C6F
C114E5E7
C1157F75
C1161919
C116B2D1
C1174C9E
C117E67F
C1188073
C1191A7A
C119B495
C11A4EC1
C11AE900
C11B834F
C11C1DB0
C11CB822
C11D52A4
C11DED36
C11E87D8
C11F2289
C11FBD49
C1205817
C120F2F4
C1218DDF
C12228D7
C122C3DD
C1235EF0
C123FA0F
C124953B
C1253073
C125CBB7
C0683386
C068F2CA
C069B27B
C06A72AB
C06B336E
C06BF4D6
C06CB6F8
C06D79E6
C06E3DB1
C06F026D
C06FC82C
C0708EFE
C07156F7
C0722027
C072EA9F
C073B670
C07483AB
C0755260
C076229F
C076F479
C077C7FD
C0789D3A
C0797441
C07A4D1F
C07B27E5
C07C04A0
C07CE360
C07DC433
C07EA727
C07F8C49
C08039D4
C080AEAA
C08124AB
C0819BDE
C082144B
C0828DF8
C08308EB
C0838529
C08402BB
C08481A5
C08501ED
C085839A
C08606B1
C0868B37
C0871133
C08798AA
C08821A0
C088AC1C
C0893822
C089C5B7
C08A54DF
C08AE5A0
C08B77FE
C08C0BFE
C08CA1A2
C08D38F0
C08DD1EC
C08E6C98
C08F08F9
C08FA712
C09046E5
C090E877
C0918BC9
C09230DF
C092D7BA
C093805D
C0942ACA
C094D703
C0958509
C09634DE
C096E682
C09799F7
C0984F3E
C0990656
C099BF41
C09A79FE
C09B368D
C09BF4ED
C09CB51F
C09D7721
C09E3AF3
C09F0092
C09FC7FE
C0A09135
C0A15C34
C0A228FB
C0A2F786
C0A3C7D4
C0A499E0
C0A56DAA
C0A6432D
C0A71A67
C0A7F353
C0A8CDEF
C0A9AA37
C0AA8827
C0AB67BB
C0AC48EF
C0AD2BBF
C0AE1026
C0AEF61F
C0AFDDA7
C0B0C6B9
C0B1B150
C0B29D66
C0B38AF8
C0B47A00
C0B56A7A
C0B65C5F
C0B74FAB
C0B8445A
C0B93A64
C0BA31C7
C0BB2A7B
C0BC247D
C0BD1FC6
C0BE1C51
C0BF1A1A
C0C0191B
C0C1194F
C0C21AB0
C0C31D3A
C0C420E7
C0C525B2
C0C62B97
C0C7328F
C0C83A97
C0C943A9
C0CA4DC0
C0CB58D8
C0CC64EC
C0CD71F6
C0CE7FF3
C0CF8EDE
C0D09EB2
C0D1AF6B
C0D2C104
C0D3D379
C0D4E6C5
C0D5FAE5
C0D70FD5
C0D8258F
C0D93C11
C0DA5356
C0DB6B5A
C0DC841A
C0DD9D91
C0DEB7BD
C0DFD298
C0E0EE21
C0E20A53
C0E3272B
C0E444A5
C0E562BF
C0E68174
C0E7A0C3
C0E8C0A7
C0E9E11D
C0EB0223
C0EC23B6
C0ED45D2
C0EE6875
C0EF8B9C
C0F0AF44
C0F1D36B
C0F2F80F
C0F41D2B
C0F542BF
C0F668C6
C0F78F40
C0F8B62A
C0F9DD81
C0FB0542
C0FC2D6D
C0FD55FE
C0FE7EF4
C0FFA84C
C1006902
C100FE0D
C1019346
C10228AD
C102BE40
C10353FE
C103E9E6
C1047FF8
C1051632
C105AC94
C106431D
C106D9CC
C10770A0
C1080799
C1089EB5
C10935F4
C109CD55
C10A64D8
C10AFC7C
C10B943F
C10C2C22
C10CC424
C10D5C43
C10DF480
C10E8CD9
C10F254F
C10FBDE0
C110568C
C110EF53
C1118833
C112212C
C112BA3E
C1135368
C113ECA9
C1148602
C1151F71
C115B8F6
C1165291
C116EC40
C1178605
C1181FDD
C118B9CA
C11953C9
C119EDDC
C11A8801
C11B2238
C11BBC81
C11C56DA
C11CF145
C11D8BC1
C11E264C
C11EC0E7
C11F5B92
C11FF64B
C1209114
C1212BEA
C121C6CF
C12261C2
C122FCC2
C12397CF
C12432E9
C124CE10
C1256943
C1260482
C0699E9C
C06A5CBB
C06B1B49
C06BDA56
C06C99F9
C06D5A42
C06E1B46
C06EDD18
C06F9FC9
C070636C
C0712814
C071EDD1
C072B4B6
C0737CD4
C074463C
C07510FF
C075DD2D
C076AAD7
C0777A0D
C0784ADF
C0791D5D
C079F195
C07AC799
C07B9F75
C07C793B
C07D54F8
C07E32BA
C07F1291
C07FF48A
C0806C5A
C080DF8E
C08153E8
C081C96E
C0824028
C082B81C
C0833150
C083ABCB
C0842792
C084A4AD
C0852321
C085A2F4
C086242C
C086A6CE
C0872AE1
C087B06A
C088376E
C088BFF3
C08949FD
C089D592
C08A62B7
C08AF170
C08B81C2
C08C13B1
C08CA743
C08D3C7A
C08DD35C
C08E6BEB
C08F062C
C08FA222
C0903FD0
C090DF3A
C0918062
C092234C
C092C7FA
C0936E6D
C09416AA
C094C0B1
C0956C84
C0961A25
C096C995
C0977AD6
C0982DE8
C098E2CC
C0999982
C09A520B
C09B0C67
C09BC896
C09C8697
C09D466A
C09E080E
C09ECB81
C09F90C4
C0A057D3
C0A120AE
C0A1EB52
C0A2B7BE
C0A385F0
C0A455E4
C0A52798
C0A5FB09
C0A6D035
C0A7A717
C0A87FAE
C0A959F4
C0AA35E7
C0AB1382
C0ABF2C2
C0ACD3A3
C0ADB620
C0AE9A35
C0AF7FDD
C0B06714
C0B14FD6
C0B23A1D
C0B325E5
C0B41328
C0B501E2
C0B5F20F
C0B6E3A7
C0B7D6A8
C0B8CB0B
C0B9C0CB
C0BAB7E3
C0BBB04E
C0BCAA07
C0BDA508
C0BEA14C
C0BF9ECE
C0C09D88
C0C19D76
C0C29E92
C0C3A0D7
C0C4A441
C0C5A8C9
C0C6AE6A
C0C7B521
C0C8BCE7
C0C9C5B9
C0CACF90
C0CBDA68
C0CCE63D
C0CDF309
C0CF00C9
C0D00F76
C0D11F0E
C0D22F8B
C0D340E9
C0D45323
C0D56636
C0D67A1D
C0D78ED3
C0D8A456
C0D9BAA0
C0DAD1AE
C0DBE97D
C0DD0207
C0DE1B4A
C0DF3541
C0E04FE9
C0E16B3F
C0E2873F
C0E3A3E5
C0E4C12E
C0E5DF17
C0E6FD9D
C0E81CBC
C0E93C71
C0EA5CBA
C0EB7D92
C0EC9EF8
C0EDC0E8
C0EEE360
C0F0065C
C0F129DA
C0F24DD8
C0F37252
C0F49746
C0F5BCB1
C0F6E292
C0F808E5
C0F92FA8
C0FA56D9
C0FB7E76
C0FCA67C
C0FDCEE9
C0FEF7BB
C1001078
C100A543
C1013A3D
C101CF66
C10264BC
C102FA3F
C1038FED
C10425C6
C104BBC8
C10551F3
C105E846
C1067EC1
C1071561
C107AC28
C1084312
C108DA21
C1097153
C10A08A7
C10AA01D
C10B37B4
C10BCF6B
C10C6741
C10CFF37
C10D974B
C10E2F7C
C10EC7CA
C10F6035
C10FF8BB
C110915C
C1112A18
C111C2ED
C1125BDC
C112F4E4
C1138E04
C114273C
C114C08B
C11559F1
C115F36D
C1168CFF
C11726A6
C117C062
C1185A32
C118F416
C1198E0E
C11A2819
C11AC236
C11B5C65
C11BF6A6
C11C90F9
C11D2B5D
C11DC5D1
C11E6056
C11EFAEA
C11F958E
C1203041
C120CB03
C12165D4
C12200B3
C1229B9F
C123369A
C123D1A1
C1246CB6
C12507D7
C125A304
C1263E3E
C06B0EA0
C06BCB9A
C06C8903
C06D46EE
C06E056F
C06EC499
C06F847F
C0704534
C07106CB
C071C956
C0728CE6
C073518E
C0741760
C074DE6C
C075A6C4
C0767078
C0773B9A
C0780839
C078D666
C079A630
C07A77A7
C07B4ADB
C07C1FDC
C07CF6B7
C07DCF7C
C07EAA3B
C07F8700
C08032EE
C080A36D
C0811506
C08187BE
C081FB9D
C08270A9
C082E6E9
C0835E63
C083D71F
C0845121
C084CC72
C0854916
C085C713
C0864671
C086C734
C0874962
C087CD01
C0885217
C088D8A8
C08960BA
C089EA53
C08A7577
C08B022C
C08B9075
C08C2058
C08CB1D9
C08D44FC
C08DD9C6
C08E703B
C08F085E
C08FA233
C0903DBD
C090DB01
C0917A01
C0921AC0
C092BD40
C0936185
C0940792
C094AF67
C0955907
C0960474
C096B1B0
C09760BB
C0981197
C098C445
C09978C6
C09A2F1A
C09AE741
C09BA13C
C09C5D0A
C09D1AAB
C09DDA1E
C09E9B63
C09F5E78
C0A0235D
C0A0EA0F
C0A1B28D
C0A27CD6
C0A348E6
C0A416BD
C0A4E657
C0A5B7B1
C0A68ACA
C0A75F9D
C0A83628
C0A90E67
C0A9E856
C0AAC3F3
C0ABA139
C0AC8025
C0AD60B1
C0AE42DA
C0AF269C
C0B00BF2
C0B0F2D8
C0B1DB48
C0B2C53F
C0B3B0B6
C0B49DAA
C0B58C16
C0B67BF4
C0B76D3F
C0B85FF3
C0B95409
C0BA497E
C0BB404B
C0BC386B
C0BD31DA
C0BE2C91
C0BF288D
C0C025C7
C0C1243A
C0C223E1
C0C324B7
C0C426B6
C0C529DA
C0C62E1E
C0C7337C
C0C839EF
C0C94173
C0CA4A03
C0CB5398
C0CC5E30
C0CD69C5
C0CE7652
C0CF83D2
C0D09242
C0D1A19C
C0D2B1DC
C0D3C2FE
C0D4D4FC
C0D5E7D4
C0D6FB81
C0D80FFE
C0D92547
C0DA3B59
C0DB522F
C0DC69C6
C0DD821A
C0DE9B27
C0DFB4E9
C0E0CF5C
C0E1EA7E
C0E3064B
C0E422BE
C0E53FD5
C0E65D8D
C0E77BE2
C0E89AD1
C0E9BA56
C0EADA70
C0EBFB1A
C0ED1C52
C0EE3E15
C0EF6060
C0F08330
C0F1A683
C0F2CA56
C0F3EEA6
C0F51370
C0F638B3
C0F75E6B
C0F88496
C0F9AB32
C0FAD23D
C0FBF9B4
C0FD2194
C0FE49DD
C0FF728B
C1004DCE
C100E287
C1017770
C1020C88
C102A1CD
C103373F
C103CCDD
C10462A6
C104F899
C1058EB4
C10624F9
C106BB64
C10751F6
C107E8AE
C1087F8A
C109168B
C109ADAF
C10A44F6
C10ADC5E
C10B73E8
C10C0B92
C10CA35D
C10D3B46
C10DD34D
C10E6B73
C10F03B5
C10F9C14
C110348F
C110CD25
C11165D6
C111FEA1
C1129786
C1133083
C113C999
C11462C7
C114FC0D
C1159569
C1162EDC
C116C865
C1176203
C117FBB6
C118957D
C1192F59
C119C948
C11A634B
C11AFD60
C11B9788
C11C31C1
C11CCC0C
C11D6669
C11E00D6
C11E9B53
C11F35E1
C11FD07E
C1206B2B
C12105E6
C121A0B0
C1223B89
C122D66F
C1237164
C1240C65
C124A774
C1254290
C125DDB8
C12678EC
C06C8389
C06D3F5D
C06DFBA2
C06EB86A
C06F75C9
C07033D3
C070F29B
C071B234
C07272B0
C0733422
C073F69B
C074BA2F
C0757EED
C07644E7
C0770C30
C077D4D6
C0789EEB
C0796A7F
C07A37A3
C07B0666
C07BD6D8
C07CA908
C07D7D05
C07E52DF
C07F2AA5
C0800233
C0807017
C080DF07
C0814F09
C081C025
C0823262
C082A5C6
C0831A57
C083901E
C084071F
C0847F62
C084F8ED
C08573C6
C085EFF3
C0866D7B
C086EC63
C0876CB1
C087EE6B
C0887196
C088F638
C0897C57
C08A03F7
C08A8D1F
C08B17D2
C08BA416
C08C31EF
C08CC163
C08D5275
C08DE52A
C08E7986
C08F0F8D
C08FA744
C09040AD
C090DBCC
C09178A4
C092173A
C092B78F
C09359A6
C093FD83
C094A327
C0954A94
C095F3CE
C0969ED4
C0974BAA
C097FA50
C098AAC7
C0995D11
C09A112E
C09AC71F
C09B7EE4
C09C387D
C09CF3E9
C09DB12A
C09E703D
C09F3122
C09FF3D8
C0A0B85E
C0A17EB2
C0A246D3
C0A310BF
C0A3DC74
C0A4A9EF
C0A5792D
C0A64A2E
C0A71CEC
C0A7F166
C0A8C798
C0A99F80
C0AA7918
C0AB545E
C0AC314E
C0AD0FE3
C0ADF01B
C0AED1EF
C0AFB55D
C0B09A60
C0B180F3
C0B26911
C0B352B6
C0B43DDD
C0B52A81
C0B6189C
C0B7082B
C0B7F928
C0B8EB8D
C0B9DF56
C0BAD47E
C0BBCAFF
C0BCC2D4
C0BDBBF7
C0BEB665
C0BFB216
C0C0AF07
C0C1AD31
C0C2AC90
C0C3AD1F
C0C4AED8
C0C5B1B6
C0C6B5B4
C0C7BACD
C0C8C0FC
C0C9C83C
C0CAD088
C0CBD9DC
C0CCE432
C0CDEF85
C0CEFBD1
C0D00912
C0D11742
C0D2265E
C0D33660
C0D44744
C0D55906
C0D66BA2
C0D77F13
C0D89355
C0D9A864
C0DABE3C
C0DBD4DA
C0DCEC38
C0DE0454
C0DF1D2A
C0E036B6
C0E150F4
C0E26BE0
C0E38778
C0E4A3B8
C0E5C09C
C0E6DE21
C0E7FC44
C0E91B01
C0EA3A56
C0EB5A40
C0EC7ABB
C0ED9BC4
C0EEBD59
C0EFDF76
C0F1021A
C0F22540
C0F348E7
C0F46D0C
C0F591AC
C0F6B6C5
C0F7DC53
C0F90256
C0FA28CA
C0FB4FAD
C0FC76FD
C0FD9EB7
C0FEC6DA
C0FFEF63
C1008C28
C10120CF
C101B5A6
C1024AAC
C102DFE1
C1037542
C1040ACF
C104A087
C105366A
C105CC76
C10662AA
C106F907
C1078F89
C1082632
C108BD00
C10953F3
C109EB09
C10A8242
C10B199D
C10BB119
C10C48B6
C10CE074
C10D7850
C10E104B
C10EA864
C10F409B
C10FD8EE
C110715D
C11109E8
C111A28E
C1123B4E
C112D428
C1136D1B
C1140627
C1149F4B
C1153886
C115D1D9
C1166B42
C11704C1
C1179E56
C1183800
C118D1BF
C1196B92
C11A0579
C11A9F73
C11B3980
C11BD39F
C11C6DD1
C11D0815
C11DA269
C11E3CCF
C11ED745
C11F71CC
C1200C62
C120A708
C12141BC
C121DC80
C1227752
C1231233
C123AD21
C124481C
C124E325
C1257E3B
C126195D
C126B48C
C06DFD4D
C06EB7FB
C06F731A
C0702EBF
C070EAFD
C071A7E7
C0726591
C073240E
C073E370
C074A3C9
C075652C
C07627AB
C076EB56
C077B03F
C0787678
C0793E11
C07A071A
C07AD1A5
C07B9DC0
C07C6B7C
C07D3AE8
C07E0C14
C07EDF10
C07FB3EA
C0804558
C080B1B9
C0811F1F
C0818D92
C081FD18
C0826DB8
C082DF79
C0835262
C083C679
C0843BC6
C084B24E
C0852A19
C085A32C
C0861D8E
C0869945
C0871656
C08794C9
C08814A2
C08895E7
C089189F
C0899CCE
C08A227A
C08AA9A8
C08B325E
C08BBCA0
C08C4873
C08CD5DD
C08D64E1
C08DF584
C08E87CB
C08F1BB9
C08FB153
C090489D
C090E199
C0917C4D
C09218BA
C092B6E5
C09356D0
C093F87E
C0949BF1
C095412D
C095E832
C0969104
C0973BA4
C097E813
C0989653
C0994666
C099F84B
C09AAC04
C09B6191
C09C18F3
C09CD22A
C09D8D34
C09E4A13
C09F08C6
C09FC94B
C0A08BA1
C0A14FC8
C0A215BE
C0A2DD81
C0A3A70F
C0A47267
C0A53F86
C0A60E69
C0A6DF0E
C0A7B172
C0A88592
C0A95B6B
C0AA32F9
C0AB0C39
C0ABE727
C0ACC3C0
C0ADA1FF
C0AE81E1
C0AF6360
C0B04679
C0B12B27
C0B21167
C0B2F932
C0B3E284
C0B4CD59
C0B5B9AB
C0B6A776
C0B796B5
C0B88762
C0B97978
C0BA6CF3
C0BB61CD
C0BC5800
C0BD4F89
C0BE4860
C0BF4282
C0C03DE9
C0C13A8F
C0C23870
C0C33786
C0C437CC
C0C5393D
C0C63BD3
C0C73F8B
C0C8445E
C0C94A47
C0CA5143
C0CB594B
C0CC625B
C0CD6C6D
C0CE777F
C0CF8389
C0D09089
C0D19E79
C0D2AD54
C0D3BD17
C0D4CDBD
C0D5DF41
C0D6F19F
C0D804D3
C0D918D9
C0DA2DAD
C0DB434B
C0DC59AE
C0DD70D4
C0DE88B7
C0DFA154
C0E0BAA8
C0E1D4AF
C0E2EF66
C0E40AC8
C0E526D3
C0E64383
C0E760D4
C0E87EC4
C0E99D4F
C0EABC72
C0EBDC2B
C0ECFC75
C0EE1D4F
C0EF3EB4
C0F060A3
C0F18318
C0F2A612
C0F3C98C
C0F4ED85
C0F611F9
C0F736E7
C0F85C4C
C0F98225
C0FAA870
C0FBCF2A
C0FCF652
C0FE1DE5
C0FF45E1
C1003722
C100CB86
C101601A
C101F4E0
C10289D4
C1031EF6
C103B446
C10449C2
C104DF6A
C105753C
C1060B38
C106A15C
C10737A9
C107CE1C
C10864B6
C108FB75
C1099259
C10A2960
C10AC08B
C10B57D8
C10BEF47
C10C86D7
C10D1E87
C10DB656
C10E4E44
C10EE651
C10F7E7B
C11016C2
C110AF26
C11147A5
C111E03F
C11278F4
C11311C3
C113AAAB
C11443AC
C114DCC6
C11575F7
C1160F40
C116A89F
C1174215
C117DBA0
C1187541
C1190EF6
C119A8C1
C11A429F
C11ADC90
C11B7695
C11C10AC
C11CAAD6
C11D4511
C11DDF5E
C11E79BC
C11F142B
C11FAEAA
C1204939
C120E3D8
C1217E86
C1221943
C122B40F
C1234EE8
C123E9D0
C12484C6
C1251FC8
C125BAD8
C12655F5
C126F11E
C06F7BE2
C070356A
C070EF64
C071A9E5
C0726502
C07320CD
C073DD59
C0749ABA
C0755902
C0761844
C076D891
C07799FB
C0785C94
C079206D
C079E597
C07AAC23
C07B7421
C07C3DA2
C07D08B5
C07DD56B
C07EA3D3
C07F73FC
C08022FB
C0808CE8
C080F7CC
C08163AE
C081D097
C0823E8C
C082AD95
C0831DB9
C0838EFF
C084016E
C084750B
C084E9DF
C0855FEE
C085D741
C0864FDC
C086C9C7
C0874508
C087C1A3
C0883FA0
C088BF05
C0893FD6
C089C21A
C08A45D6
C08ACB0F
C08B51CC
C08BDA10
C08C63E1
C08CEF44
C08D7C3D
C08E0AD2
C08E9B06
C08F2CDE
C08FC05F
C090558B
C090EC68
C09184F8
C0921F40
C092BB42
C0935902
C093F882
C09499C6
C0953CD1
C095E1A3
C0968841
C09730AB
C097DAE3
C09886EC
C09934C6
C099E473
C09A95F3
C09B4947
C09BFE71
C09CB56F
C09D6E43
C09E28EB
C09EE568
C09FA3B9
C0A063DD
C0A125D4
C0A1E99B
C0A2AF32
C0A37696
C0A43FC6
C0A50AC1
C0A5D782
C0A6A609
C0A77652
C0A8485B
C0A91C20
C0A9F19F
C0AAC8D4
C0ABA1BB
C0AC7C50
C0AD5891
C0AE3679
C0AF1603
C0AFF72D
C0B0D9F0
C0B1BE49
C0B2A434
C0B38BAB
C0B474AA
C0B55F2C
C0B64B2C
C0B738A5
C0B82792
C0B917EF
C0BA09B5
C0BAFCE0
C0BBF16B
C0BCE750
C0BDDE8B
C0BED715
C0BFD0EA
C0C0CC05
C0C1C860
C0C2C5F6
C0C3C4C1
C0C4C4BE
C0C5C5E6
C0C6C834
C0C7CBA4
C0C8D030
C0C9D5D3
C0CADC88
C0CBE44B
C0CCED16
C0CDF6E5
C0CF01B2
C0D00D7A
C0D11A37
C0D227E5
C0D33680
C0D44602
C0D55668
C0D667AD
C0D779CD
C0D88CC4
C0D9A08D
C0DAB524
C0DBCA86
C0DCE0AE
C0DDF798
C0DF0F42
C0E027A6
C0E140C1
C0E25A90
C0E37510
C0E4903B
C0E5AC10
C0E6C88A
C0E7E5A7
C0E90363
C0EA21BA
C0EB40AB
C0EC6031
C0ED804A
C0EEA0F2
C0EFC228
C0F0E3E7
C0F2062D
C0F328F8
C0F44C45
C0F57010
C0F69458
C0F7B91A
C0F8DE54
C0FA0402
C0FB2A23
C0FC50B5
C0FD77B4
C0FE9F1F
C0FFC6F3
C1007797
C1010BE8
C101A06A
C102351C
C102C9FE
C1035F0F
C103F44D
C10489B7
C1051F4E
C105B50F
C1064AFA
C106E10E
C107774A
C1080DAE
C108A438
C1093AE8
C109D1BD
C10A68B5
C10AFFD2
C10B9710
C10C2E71
C10CC5F3
C10D5D95
C10DF558
C10E8D39
C10F2539
C10FBD56
C1105591
C110EDE8
C111865B
C1121EEA
C112B793
C1135057
C113E934
C114822A
C1151B39
C115B460
C1164D9E
C116E6F3
C117805F
C11819E1
C118B378
C1194D24
C119E6E5
C11A80BA
C11B1AA3
C11BB49F
C11C4EAE
C11CE8CF
C11D8303
C11E1D48
C11EB79E
C11F5205
C11FEC7C
C1208704
C121219C
C121BC43
C12256F9
C122F1BD
C1238C91
C1242772
C124C261
C1255D5E
C125F867
C126937E
C1272EA1
C070FF3D
C071B79E
C0727074
C07329D2
C073E3CE
C0749E7A
C07559E9
C076162F
C076D35E
C0779188
C07850C0
C0791117
C079D29E
C07A9567
C07B5984
C07C1F04
C07CE5F7
C07DAE70
C07E787C
C07F442C
C08008C8
C080705C
C080D8D8
C0814246
C081ACAB
C082180F
C082847A
C082F1F3
C0836080
C083D028
C08440F3
C084B2E8
C085260C
C0859A66
C0860FFD
C08686D8
C086FEFC
C0877870
C087F33A
C0886F60
C088ECE8
C0896BD8
C089EC36
C08A6E06
C08AF14F
C08B7616
C08BFC60
C08C8433
C08D0D93
C08D9885
C08E250F
C08EB334
C08F42F9
C08FD463
C0906775
C090FC34
C09192A4
C0922AC8
C092C4A3
C093603A
C093FD8F
C0949CA5
C0953D7F
C095E020
C0968489
C0972ABE
C097D2C0
C0987C92
C0992833
C099D5A7
C09A84EE
C09B3608
C09BE8F8
C09C9DBD
C09D5457
C09E0CC7
C09EC70D
C09F8328
C0A04117
C0A100DA
C0A1C26F
C0A285D6
C0A34B0D
C0A41213
C0A4DAE4
C0A5A580
C0A671E5
C0A7400E
C0A80FFB
C0A8E1A8
C0A9B512
C0AA8A35
C0AB6110
C0AC399D
C0AD13D9
C0ADEFC1
C0AECD51
C0AFAC83
C0B08D55
C0B16FC2
C0B253C5
C0B3395A
C0B4207C
C0B50927
C0B5F355
C0B6DF02
C0B7CC28
C0B8BAC3
C0B9AACE
C0BA9C44
C0BB8F1E
C0BC8359
C0BD78EF
C0BE6FDB
C0BF6817
C0C0619E
C0C15C6C
C0C2587A
C0C355C4
C0C45445
C0C553F6
C0C654D4
C0C756D9
C0C859FF
C0C95E43
C0CA639E
C0CB6A0C
C0CC7189
C0CD7A0E
C0CE8397
C0CF8E20
C0D099A4
C0D1A61E
C0D2B389
C0D3C1E1
C0D4D122
C0D5E147
C0D6F24C
C0D8042C
C0D916E4
C0DA2A6F
C0DB3EC8
C0DC53ED
C0DD69D9
C0DE8088
C0DF97F6
C0E0B020
C0E1C901
C0E2E297
C0E3FCDE
C0E517D1
C0E6336F
C0E74FB3
C0E86C99
C0E98A20
C0EAA843
C0EBC700
C0ECE653
C0EE0639
C0EF26AF
C0F047B3
C0F16942
C0F28B58
C0F3ADF4
C0F4D112
C0F5F4AF
C0F718CA
C0F83D5F
C0F9626C
C0FA87EF
C0FBADE5
C0FCD44C
C0FDFB21
C0FF2263
C1002507
C100B911
C1014D4E
C101E1BD
C102765C
C1030B2B
C103A029
C1043555
C104CAAE
C1056033
C105F5E3
C1068BBD
C10721C0
C107B7EC
C1084E3F
C108E4B9
C1097B59
C10A121F
C10AA908
C10B4015
C10BD746
C10C6E98
C10D060C
C10D9DA0
C10E3555
C10ECD28
C10F651B
C10FFD2C
C110955A
C1112DA4
C111C60B
C1125E8E
C112F72B
C1138FE3
C11428B5
C114C1A0
C1155AA4
C115F3C0
C1168CF3
C117263E
C117BFA0
C1185918
C118F2A5
C1198C48
C11A25FF
C11ABFCB
C11B59AB
C11BF39E
C11C8DA4
C11D27BD
C11DC1E8
C11E5C25
C11EF673
C11F90D2
C1202B42
C120C5C2
C1216052
C121FAF2
C12295A1
C123305F
C123CB2B
C1246606
C12500EE
C1259BE4
C12636E8
C126D1F8
C1276D15
C0728753
C0733E8D
C073F63F
C074AE7B
C0756757
C07620E4
C076DB37
C0779663
C078527A
C0790F8E
C079CDB1
C07A8CF5
C07B4D6C
C07C0F27
C07CD237
C07D96AB
C07E5C96
C07F2407
C07FED0D
C0805BDD
C080C20D
C0812920
C081911D
C081FA0B
C08263F2
C082CED9
C0833AC7
C083A7C3
C08415D4
C0848502
C084F552
C08566CD
C085D977
C0864D59
C086C278
C08738DB
C087B089
C0882986
C088A3DB
C0891F8B
C0899C9E
C08A1B1A
C08A9B03
C08B1C60
C08B9F37
C08C238B
C08CA964
C08D30C5
C08DB9B4
C08E4436
C08ED050
C08F5E05
C08FED5C
C0907E57
C09110FC
C091A54D
C0923B50
C092D307
C0936C77
C09407A2
C094A48B
C0954337
C095E3A7
C09685DE
C09729DE
C097CFAB
C0987744
C09920AE
C099CBE8
C09A78F5
C09B27D6
C09BD88B
C09C8B15
C09D3F75
C09DF5AB
C09EADB8
C09F679A
C0A02352
C0A0E0DF
C0A1A040
C0A26174
C0A3247A
C0A3E951
C0A4AFF7
C0A57869
C0A642A6
C0A70EAC
C0A7DC78
C0A8AC08
C0A97D58
C0AA5066
C0AB252E
C0ABFBAD
C0ACD3DF
C0ADADC2
C0AE8950
C0AF6686
C0B04561
C0B125DB
C0B207F0
C0B2EB9C
C0B3D0DB
C0B4B7A7
C0B59FFC
C0B689D5
C0B7752E
C0B86201
C0B95049
C0BA4001
C0BB3124
C0BC23AD
C0BD1797
C0BE0CDD
C0BF0378
C0BFFB65
C0C0F49E
C0C1EF1D
C0C2EADE
C0C3E7DB
C0C4E60F
C0C5E575
C0C6E607
C0C7E7C1
C0C8EA9E
C0C9EE98
C0CAF3AA
C0CBF9D0
C0CD0105
C0CE0943
C0CF1286
C0D01CC9
C0D12807
C0D2343D
C0D34164
C0D44F79
C0D55E77
C0D66E5A
C0D77F1D
C0D890BD
C0D9A334
C0DAB67F
C0DBCA9A
C0DCDF81
C0DDF52F
C0DF0BA1
C0E022D3
C0E13AC1
C0E25368
C0E36CC3
C0E486D0
C0E5A18B
C0E6BCF0
C0E7D8FC
C0E8F5AC
C0EA12FC
C0EB30EA
C0EC4F71
C0ED6E90
C0EE8E42
C0EFAE86
C0F0CF57
C0F1F0B4
C0F3129A
C0F43505
C0F557F3
C0F67B61
C0F79F4D
C0F8C3B4
C0F9E894
C0FB0DEA
C0FC33B4
C0FD59F0
C0FE809B
C0FFA7B2
C100679A
C100FB90
C1018FB8
C1022413
C102B89F
C1034D5B
C103E246
C1047760
C1050CA6
C105A219
C10637B7
C106CD7F
C1076371
C107F98C
C1088FCF
C1092639
C109BCC9
C10A537E
C10AEA58
C10B8156
C10C1877
C10CAFBB
C10D4720
C10DDEA6
C10E764D
C10F0E13
C10FA5F8
C1103DFB
C110D61C
C1116E5A
C11206B4
C1129F2A
C11337BC
C113D068
C114692E
C115020D
C1159B06
C1163417
C116CD40
C1176680
C117FFD7
C1189944
C11932C8
C119CC61
C11A660E
C11AFFD1
C11B99A7
C11C3391
C11CCD8E
C11D679E
C11E01C1
C11E9BF5
C11F363B
C11FD092
C1206AFA
C1210573
C1219FFB
C1223A93
C122D53B
C1236FF2
C1240AB7
C124A58B
C125406D
C125DB5C
C1267659
C1271163
C127AC7A
C0741418
C074CA2D
C07580BB
C07637D6
C076EF92
C077A802
C078613A
C0791B4D
C079D64C
C07A924B
C07B4F5B
C07C0D8E
C07CCCF6
C07D8DA3
C07E4FA7
C07F1312
C07FD7F5
C0804F2F
C080B330
C0811805
C0817DB5
C081E448
C0824BC5
C082B435
C0831D9E
C0838807
C083F378
C0845FF9
C084CD8F
C0853C42
C085AC19
C0861D19
C0868F4B
C08702B5
C087775C
C087ED48
C088647F
C088DD07
C08956E5
C089D221
C08A4EC0
C08ACCC7
C08B4C3D
C08BCD27
C08C4F8B
C08CD36D
C08D58D4
C08DDFC4
C08E6843
C08EF255
C08F7DFE
C0900B45
C0909A2C
C0912AB9
C091BCF0
C09250D4
C092E66A
C0937DB4
C09416B8
C094B177
C0954DF6
C095EC37
C0968C3C
C0972E0A
C097D1A1
C0987704
C0991E36
C099C737
C09A720A
C09B1EB0
C09BCD2A
C09C7D79
C09D2F9D
C09DE398
C09E996A
C09F5112
C0A00A91
C0A0C5E5
C0A18310
C0A2420E
C0A302E1
C0A3C586
C0A489FC
C0A55041
C0A61854
C0A6E232
C0A7ADD9
C0A87B47
C0A94A78
C0AA1B6B
C0AAEE1C
C0ABC288
C0AC98AB
C0AD7082
C0AE4A09
C0AF253D
C0B0021A
C0B0E09B
C0B1C0BC
C0B2A279
C0B385CE
C0B46AB5
C0B5512A
C0B63929
C0B722AD
C0B80DB0
C0B8FA2E
C0B9E822
C0BAD786
C0BBC856
C0BCBA8D
C0BDAE25
C0BEA319
C0BF9964
C0C09100
C0C189E9
C0C28419
C0C37F8B
C0C47C3A
C0C57A21
C0C6793A
C0C77980
C0C87AEE
C0C97D7F
C0CA812F
C0CB85F7
C0CC8BD3
C0CD92BF
C0CE9AB5
C0CFA3B0
C0D0ADAC
C0D1B8A4
C0D2C494
C0D3D176
C0D4DF47
C0D5EE01
C0D6FDA1
C0D80E21
C0D91F7F
C0DA31B5
C0DB44BF
C0DC589A
C0DD6D41
C0DE82B0
C0DF98E4
C0E0AFD9
C0E1C78A
C0E2DFF5
C0E3F915
C0E512E7
C0E62D67
C0E74893
C0E86466
C0E980DE
C0EA9DF7
C0EBBBAE
C0ECD9FF
C0EDF8E8
C0EF1866
C0F03875
C0F15913
C0F27A3D
C0F39BF0
C0F4BE2A
C0F5E0E7
C0F70425
C0F827E2
C0F94C1A
C0FA70CC
C0FB95F4
C0FCBB91
C0FDE1A1
C0FF0820
C1001786
C100AB32
C1013F13
C101D327
C102676D
C102FBE5
C103908D
C1042565
C104BA6B
C1054F9F
C105E4FF
C1067A8B
C1071042
C107A622
C1083C2C
C108D25D
C10968B6
C109FF36
C10A95DB
C10B2CA5
C10BC393
C10C5AA5
C10CF1D9
C10D8930
C10E20A7
C10EB83F
C10F4FF7
C10FE7CE
C1107FC4
C11117D8
C111B008
C1124856
C112E0BF
C1137944
C11411E4
C114AA9E
C1154372
C115DC5F
C1167564
C1170E82
C117A7B7
C1184104
C118DA67
C11973E0
C11A0D6E
C11AA712
C11B40CB
C11BDA98
C11C7478
C11D0E6C
C11DA873
C11E428D
C11EDCB9
C11F76F6
C1201145
C120ABA5
C1214615
C121E096
C1227B26
C12315C6
C123B076
C1244B34
C124E601
C12580DB
C1261BC4
C126B6BB
C12751BE
C127ECCF
C075A580
C0765A71
C0770FDC
C077C5D7
C0787C75
C07933C9
C079EBE7
C07AA4E1
C07B5ECB
C07C19B6
C07CD5B4
C07D92D8
C07E5131
C07F10D3
C07FD1CC
C0804A17
C080AC05
C0810EB8
C0817237
C081D68A
C0823BBA
C082A1CE
C08308CD
C08370BE
C083D9AA
C0844397
C084AE8C
C0851A91
C08587AD
C085F5E6
C0866543
C086D5CB
C0874785
C087BA77
C0882EA7
C088A41C
C0891ADD
C08992EF
C08A0C58
C08A871F
C08B034A
C08B80DE
C08BFFE0
C08C8058
C08D0249
C08D85BA
C08E0AAF
C08E912E
C08F193D
C08FA2DE
C0902E19
C090BAF0
C0914969
C091D987
C0926B50
C092FEC7
C09393F0
C0942ACE
C094C365
C0955DB9
C095F9CD
C09697A3
C097373E
C097D8A1
C0987BCF
C09920C9
C099C792
C09A702C
C09B1A97
C09BC6D6
C09C74E9
C09D24D1
C09DD690
C09E8A26
C09F3F92
C09FF6D6
C0A0AFF0
C0A16AE2
C0A227A9
C0A2E645
C0A3A6B5
C0A468F8
C0A52D0D
C0A5F2F1
C0A6BAA4
C0A78422
C0A84F6A
C0A91C78
C0A9EB4C
C0AABBE0
C0AB8E34
C0AC6242
C0AD3809
C0AE0F84
C0AEE8B0
C0AFC389
C0B0A00B
C0B17E32
C0B25DF9
C0B33F5D
C0B42259
C0B506E8
C0B5ED05
C0B6D4AD
C0B7BDDA
C0B8A887
C0B994B0
C0BA824E
C0BB715E
C0BC61DA
C0BD53BD
C0BE4702
C0BF3BA4
C0C0319D
C0C128E8
C0C22180
C0C31B60
C0C41682
C0C512E1
C0C61079
C0C70F44
C0C80F3D
C0C9105E
C0CA12A3
C0CB1606
C0CC1A84
C0CD2016
C0CE26B7
C0CF2E64
C0D03716
C0D140CA
C0D24B7A
C0D35723
C0D463BF
C0D5714A
C0D67FBF
C0D78F1A
C0D89F57
C0D9B071
C0DAC265
C0DBD52D
C0DCE8C7
C0DDFD2D
C0DF125D
C0E02851
C0E13F07
C0E2567A
C0E36EA8
C0E4878B
C0E5A121
C0E6BB67
C0E7D658
C0E8F1F1
C0EA0E2F
C0EB2B10
C0EC488E
C0ED66A8
C0EE855B
C0EFA4A3
C0F0C47D
C0F1E4E6
C0F305DC
C0F4275C
C0F54963
C0F66BEE
C0F78EFB
C0F8B287
C0F9D68F
C0FAFB12
C0FC200C
C0FD457B
C0FE6B5D
C0FF91AF
C1005C38
C100EFCE
C1018399
C1021798
C102ABCA
C103402D
C103D4C1
C1046985
C104FE78
C1059398
C10628E6
C106BE5F
C1075403
C107E9D2
C1087FC9
C10915EA
C109AC31
C10A42A0
C10AD934
C10B6FEE
C10C06CC
C10C9DCE
C10D34F3
C10DCC3A
C10E63A3
C10EFB2C
C10F92D5
C1102A9E
C110C286
C1115A8C
C111F2AF
C1128AEF
C113234C
C113BBC4
C1145457
C114ED05
C11585CC
C1161EAD
C116B7A7
C11750BA
C117E9E4
C1188325
C1191C7D
C119B5EC
C11A4F70
C11AE90A
C11B82B8
C11C1C7B
C11CB652
C11D503D
C11DEA3B
C11E844B
C11F1E6E
C11FB8A3
C12052E9
C120ED40
C12187A9
C1222221
C122BCAA
C1235742
C123F1EA
C1248CA1
C1252766
C125C23A
C1265D1C
C126F80B
C1279308
C1282E12
C0773B80
C077EF4D
C078A398
C0795873
C07A0DF4
C07AC42D
C07B7B33
C07C3317
C07CEBEC
C07DA5C5
C07E60B3
C07F1CC8
C07FDA15
C0804C56
C080AC4E
C0810CFC
C0816E67
C081D098
C0823396
C0829769
C082FC1A
C08361AF
C083C82F
C0842FA4
C0849813
C0850184
C0856BFE
C085D789
C086442A
C086B1EA
C08720CE
C08790DE
C0880220
C088749A
C088E854
C0895D53
C089D39E
C08A4B3B
C08AC430
C08B3E83
C08BBA3A
C08C375A
C08CB5EA
C08D35EF
C08DB76E
C08E3A6E
C08EBEF2
C08F4501
C08FCC9F
C09055D1
C090E09C
C0916D04
C091FB0E
C0928ABF
C0931C1A
C093AF24
C09443E0
C094DA51
C095727D
C0960C65
C096A80D
C0974578
C097E4A9
C09885A3
C0992867
C099CCF8
C09A7359
C09B1B8A
C09BC58D
C09C7165
C09D1F11
C09DCE93
C09E7FEC
C09F331B
C09FE823
C0A09F02
C0A157B8
C0A21245
C0A2CEA8
C0A38CE2
C0A44CEF
C0A50ED0
C0A5D283
C0A69806
C0A75F58
C0A82875
C0A8F35D
C0A9C00C
C0AA8E81
C0AB5EB7
C0AC30AC
C0AD045D
C0ADD9C6
C0AEB0E5
C0AF89B4
C0B06431
C0B14058
C0B21E24
C0B2FD91
C0B3DE9B
C0B4C13D
C0B5A573
C0B68B38
C0B77288
C0B85B5D
C0B945B3
C0BA3185
C0BB1ECE
C0BC0D88
C0BCFDAF
C0BDEF3E
C0BEE22E
C0BFD67C
C0C0CC22
C0C1C31B
C0C2BB61
C0C3B4EF
C0C4AFC1
C0C5ABD0
C0C6A918
C0C7A794
C0C8A73E
C0C9A811
C0CAAA08
C0CBAD1F
C0CCB150
C0CDB696
C0CEBCEC
C0CFC44E
C0D0CCB7
C0D1D621
C0D2E089
C0D3EBE9
C0D4F83E
C0D60582
C0D713B0
C0D822C6
C0D932BE
C0DA4394
C0DB5543
C0DC67C9
C0DD7B20
C0DE8F45
C0DFA433
C0E0B9E7
C0E1D05D
C0E2E791
C0E3FF80
C0E51826
C0E6317F
C0E74B88
C0E8663D
C0E9819B
C0EA9D9F
C0EBBA45
C0ECD78B
C0EDF56D
C0EF13E7
C0F032F8
C0F1529C
C0F272CF
C0F39391
C0F4B4DC
C0F5D6AF
C0F6F907
C0F81BE2
C0F93F3C
C0FA6313
C0FB8765
C0FCAC30
C0FDD170
C0FEF723
C1000EA4
C100A1EE
C101356E
C101C923
C1025D0C
C102F129
C1038577
C10419F7
C104AEA6
C1054385
C105D892
C1066DCC
C1070332
C10798C3
C1082E7F
C108C465
C1095A73
C109F0A9
C10A8706
C10B1D8A
C10BB433
C10C4B01
C10CE1F2
C10D7907
C10E103F
C10EA798
C10F3F12
C10FD6AD
C1106E67
C1110640
C1119E38
C112364D
C112CE80
C11366CF
C113FF3A
C11497C0
C1153061
C115C91D
C11661F1
C116FADF
C11793E6
C1182D05
C118C63B
C1195F88
C119F8EB
C11A9265
C11B2BF4
C11BC598
C11C5F51
C11CF91E
C11D92FF
C11E2CF4
C11EC6FB
C11F6115
C11FFB40
C120957E
C1212FCD
C121CA2D
C122649D
C122FF1D
C12399AE
C124344E
C124CEFD
C12569BB
C1260487
C1269F62
C1273A4B
C127D541
C1287044
C078D60B
C07988B6
C07A3BE0
C07AEF9F
C07BA404
C07C5924
C07D0F13
C07DC5E2
C07E7DA4
C07F366C
C07FF04B
C08055AA
C080B3CB
C0811292
C0817207
C081D232
C082331B
C08294CB
C082F749
C0835A9D
C083BECF
C08423E6
C08489E9
C084F0E1
C08558D5
C085C1CB
C0862BCA
C08696DB
C0870303
C087704A
C087DEB6
C0884E4E
C088BF19
C089311D
C089A460
C08A18EA
C08A8EC0
C08B05E8
C08B7E69
C08BF848
C08C738C
C08CF039
C08D6E57
C08DEDEA
C08E6EF8
C08EF186
C08F759A
C08FFB38
C0908266
C0910B29
C0919585
C092217E
C092AF1B
C0933E5D
C093CF4B
C09461E7
C094F637
C0958C3C
C09623FC
C096BD78
C09758B6
C097F5B6
C098947D
C099350C
C099D767
C09A7B8F
C09B2187
C09BC950
C09C72EB
C09D1E5B
C09DCBA0
C09E7ABB
C09F2BAE
C09FDE78
C0A0931A
C0A14993
C0A201E5
C0A2BC0E
C0A3780D
C0A435E3
C0A4F58E
C0A5B70C
C0A67A5D
C0A73F7E
C0A8066E
C0A8CF2B
C0A999B2
C0AA6601
C0AB3416
C0AC03ED
C0ACD583
C0ADA8D6
C0AE7DE1
C0AF54A2
C0B02D15
C0B10735
C0B1E300
C0B2C070
C0B39F82
C0B48031
C0B56279
C0B64655
C0B72BC1
C0B812B8
C0B8FB35
C0B9E533
C0BAD0AD
C0BBBD9F
C0BCAC03
C0BD9BD4
C0BE8D0D
C0BF7FA8
C0C073A2
C0C168F4
C0C25F99
C0C3578C
C0C450C8
C0C54B47
C0C64705
C0C743FC
C0C84228
C0C94182
C0CA4206
C0CB43AF
C0CC4677
C0CD4A5B
C0CE4F54
C0CF555E
C0D05C74
C0D16491
C0D26DB1
C0D377CF
C0D482E6
C0D58EF2
C0D69BEE
C0D7A9D5
C0D8B8A4
C0D9C855
C0DAD8E6
C0DBEA50
C0DCFC91
C0DE0FA5
C0DF2386
C0E03832
C0E14DA5
C0E263DA
C0E37ACE
C0E4927D
C0E5AAE4
C0E6C3FE
C0E7DDC9
C0E8F842
C0EA1363
C0EB2F2C
C0EC4B97
C0ED68A2
C0EE864B
C0EFA48C
C0F0C365
C0F1E2D1
C0F302CE
C0F42359
C0F5446F
C0F6660D
C0F78831
C0F8AAD8
C0F9CE00
C0FAF1A5
C0FC15C5
C0FD3A5F
C0FE5F6F
C0FF84F3
C1005574
C100E8A7
C1017C10
C1020FAF
C102A383
C1033789
C103CBC2
C104602D
C104F4C8
C1058992
C1061E8A
C106B3B0
C1074903
C107DE81
C108742A
C10909FD
C1099FF9
C10A361D
C10ACC69
C10B62DB
C10BF973
C10C902F
C10D2711
C10DBE15
C10E553C
C10EEC86
C10F83F0
C1101B7C
C110B327
C1114AF2
C111E2DB
C1127AE2
C1131307
C113AB48
C11443A6
C114DC1F
C11574B3
C1160D61
C116A62A
C1173F0C
C117D806
C1187119
C1190A43
C119A385
C11A3CDD
C11AD64C
C11B6FD0
C11C096A
C11CA319
C11D3CDC
C11DD6B3
C11E709D
C11F0A9B
C11FA4AB
C1203ECE
C120D902
C1217348
C1220DA0
C122A807
C1234280
C123DD08
C12477A0
C1251247
C125ACFE
C12647C3
C126E296
C1277D77
C1281866
C128B363
C07A7513
C07B269E
C07BD8AB
C07C8B4D
C07D3E99
C07DF2A2
C07EA77B
C07F5D37
C08009F4
C08065D1
C080C23A
C0811F39
C0817CD6
C081DB19
C0823A0B
C08299B4
C082FA1D
C0835B4C
C083BD4B
C0842021
C08483D5
C084E86F
C0854DF6
C085B472
C0861BEA
C0868466
C086EDEC
C0875883
C087C433
C0883102
C0889EF6
C0890E17
C0897E6C
C089EFFA
C08A62C8
C08AD6DD
C08B4C3E
C08BC2F2
C08C3AFF
C08CB46B
C08D2F3C
C08DAB78
C08E2923
C08EA845
C08F28E2
C08FAAFF
C0902EA3
C090B3D1
C0913A90
C091C2E4
C0924CD1
C092D85C
C093658A
C093F460
C09484E0
C0951710
C095AAF2
C096408C
C096D7E0
C09770F1
C0980BC3
C098A859
C09946B6
C099E6DB
C09A88CC
C09B2C8C
C09BD21A
C09C797B
C09D22AE
C09DCDB6
C09E7A94
C09F2949
C09FD9D5
C0A08C39
C0A14075
C0A1F689
C0A2AE76
C0A3683A
C0A423D5
C0A4E147
C0A5A08F
C0A661AA
C0A72498
C0A7E957
C0A8AFE6
C0A97841
C0AA4267
C0AB0E56
C0ABDC0A
C0ACAB81
C0AD7CB8
C0AE4FAC
C0AF2459
C0AFFABC
C0B0D2D1
C0B1AC94
C0B28801
C0B36515
C0B443CB
C0B5241F
C0B6060B
C0B6E98D
C0B7CE9F
C0B8B53C
C0B99D5F
C0BA8705
C0BB7227
C0BC5EC0
C0BD4CCD
C0BE3C47
C0BF2D29
C0C01F6F
C0C11313
C0C20810
C0C2FE60
C0C3F5FF
C0C4EEE8
C0C5E914
C0C6E480
C0C7E125
C0C8DEFF
C0C9DE08
C0CADE3C
C0CBDF95
C0CCE20E
C0CDE5A3
C0CEEA4E
C0CFF00B
C0D0F6D4
C0D1FEA5
C0D30779
C0D4114C
C0D51C18
C0D627DA
C0D7348C
C0D8422B
C0D950B2
C0DA601C
C0DB7065
C0DC818A
C0DD9386
C0DEA654
C0DFB9F2
C0E0CE5A
C0E1E389
C0E2F97C
C0E4102F
C0E5279D
C0E63FC3
C0E7589E
C0E8722B
C0E98C65
C0EAA749
C0EBC2D4
C0ECDF04
C0EDFBD4
C0EF1941
C0F03749
C0F155E8
C0F2751B
C0F394E0
C0F4B534
C0F5D613
C0F6F77B
C0F8196A
C0F93BDD
C0FA5ED0
C0FB8242
C0FCA630
C0FDCA98
C0FEEF77
C1000A65
C1009D48
C1013063
C101C3B5
C102573D
C102EAFA
C1037EEB
C104130E
C104A763
C1053BE8
C105D09D
C1066581
C106FA93
C1078FD1
C108253C
C108BAD2
C1095092
C109E67B
C10A7C8C
C10B12C6
C10BA926
C10C3FAC
C10CD658
C10D6D28
C10E041C
C10E9B32
C10F326C
C10FC9C6
C1106142
C110F8DE
C111909A
C1122874
C112C06D
C1135883
C113F0B6
C1148906
C1152172
C115B9F8
C116529A
C116EB55
C117842B
C1181D19
C118B61F
C1194F3E
C119E874
C11A81C1
C11B1B24
C11BB49E
C11C4E2D
C11CE7D1
C11D8189
C11E1B56
C11EB536
C11F4F2A
C11FE931
C120834A
C1211D75
C121B7B2
C1225201
C122EC60
C12386CF
C124214F
C124BBDF
C125567E
C125F12D
C1268BEA
C12726B6
C127C190
C1285C78
C128F76D
C07C188E
C07CC8FA
C07D79EA
C07E2B72
C07EDDA6
C07F909A
C0802230
C0807C85
C080D757
C08132AD
C0818E91
C081EB0B
C0824824
C082A5E5
C0830456
C083637E
C083C367
C0842417
C0848597
C084E7EF
C0854B26
C085AF44
C0861450
C0867A52
C086E150
C0874952
C087B25F
C0881C7E
C08887B5
C088F40D
C089618B
C089D036
C08A4015
C08AB12E
C08B2387
C08B9727
C08C0C15
C08C8256
C08CF9F0
C08D72E9
C08DED48
C08E6912
C08EE64C
C08F64FD
C08FE529
C09066D7
C090EA0A
C0916EC9
C091F519
C0927CFE
C093067D
C093919A
C0941E5B
C094ACC2
C0953CD6
C095CE99
C0966210
C096F73D
C0978E25
C09826CC
C098C133
C0995D5E
C099FB51
C09A9B0D
C09B3C94
C09BDFEA
C09C8510
C09D2C08
C09DD4D4
C09E7F74
C09F2BEB
C09FDA38
C0A08A5E
C0A13C5B
C0A1F032
C0A2A5E0
C0A35D68
C0A416C7
C0A4D1FE
C0A58F0C
C0A64DF0
C0A70EA8
C0A7D133
C0A89590
C0A95BBC
C0AA23B5
C0AAED7A
C0ABB908
C0AC865B
C0AD5572
C0AE2649
C0AEF8DD
C0AFCD2B
C0B0A32F
C0B17AE6
C0B2544B
C0B32F5B
C0B40C12
C0B4EA6B
C0B5CA62
C0B6ABF3
C0B78F19
C0B873D0
C0B95A12
C0BA41DC
C0BB2B27
C0BC15F0
C0BD0231
C0BDEFE5
C0BEDF07
C0BFCF92
C0C0C181
C0C1B4CE
C0C2A975
C0C39F70
C0C496BA
C0C58F4E
C0C68926
C0C7843E
C0C88090
C0C97E18
C0CA7CCF
C0CB7CB1
C0CC7DB9
C0CD7FE2
C0CE8327
C0CF8783
C0D08CF1
C0D1936C
C0D29AF0
C0D3A377
C0D4ACFD
C0D5B77E
C0D6C2F5
C0D7CF5D
C0D8DCB1
C0D9EAEF
C0DAFA10
C0DC0A12
C0DD1AEF
C0DE2CA4
C0DF3F2C
C0E05284
C0E166A8
C0E27B93
C0E39143
C0E4A7B2
C0E5BEDE
C0E6D6C3
C0E7EF5E
C0E908AA
C0EA22A4
C0EB3D4A
C0EC5897
C0ED7489
C0EE911D
C0EFAE4E
C0F0CC1A
C0F1EA7F
C0F30979
C0F42904
C0F5491F
C0F669C7
C0F78AF8
C0F8ACB1
C0F9CEEE
C0FAF1AC
C0FC14EA
C0FD38A4
C0FE5CD9
C0FF8186
C1005354
C100E61E
C1017921
C1020C5C
C1029FCC
C1033372
C103C74C
C1045B58
C104EF97
C1058407
C10618A7
C106AD75
C1074272
C107D79C
C1086CF3
C1090275
C1099821
C10A2DF7
C10AC3F6
C10B5A1C
C10BF06A
C10C86DE
C10D1D78
C10DB437
C10E4B1A
C10EE220
C10F7948
C1101093
C110A7FE
C1113F8B
C111D737
C1126F02
C11306EC
C1139EF3
C1143718
C114CF5A
C11567B8
C1160031
C11698C5
C1173173
C117CA3B
C118631D
C118FC17
C1199529
C11A2E53
C11AC795
C11B60EC
C11BFA5B
C11C93DE
C11D2D77
C11DC725
C11E60E8
C11EFABE
C11F94A8
C1202EA4
C120C8B4
C12162D6
C121FD09
C122974E
C12331A5
C123CC0C
C1246683
C125010A
C1259BA1
C1263648
C126D0FD
C1276BC1
C1280693
C128A174
C1293C62
C07DC06C
C07E6FBC
C07F1F92
C07FD002
C0804090
C0809980
C080F2DB
C0814CA9
C081A6F4
C08201C4
C0825D24
C082B91B
C08315B2
C08372F1
C083D0E1
C0842F8A
C0848EF3
C084EF26
C0855029
C085B204
C08614BF
C0867862
C086DCF3
C087427B
C087A900
C0881089
C088791E
C088E2C5
C0894D86
C089B967
C08A266F
C08A94A5
C08B040F
C08B74B3
C08BE699
C08C59C6
C08CCE40
C08D440E
C08DBB36
C08E33BE
C08EADAB
C08F2903
C08FA5CD
C090240D
C090A3CA
C0912507
C091A7CC
C0922C1C
C092B1FD
C0933974
C093C284
C0944D34
C094D988
C0956783
C095F72A
C0968880
C0971B8B
C097B04D
C09846CA
C098DF05
C0997902
C09A14C3
C09AB24B
C09B519E
C09BF2BC
C09C95A9
C09D3A66
C09DE0F6
C09E8959
C09F3392
C09FDFA1
C0A08D88
C0A13D46
C0A1EEDE
C0A2A24E
C0A35797
C0A40EB9
C0A4C7B3
C0A58286
C0A63F2F
C0A6FDAF
C0A7BE03
C0A8802B
C0A94425
C0AA09EE
C0AAD185
C0AB9AE8
C0AC6614
C0AD3307
C0AE01BD
C0AED233
C0AFA467
C0B07856
C0B14DFA
C0B22552
C0B2FE59
C0B3D90A
C0B4B563
C0B5935F
C0B672F9
C0B7542D
C0B836F7
C0B91B52
C0BA0139
C0BAE8A8
C0BBD198
C0BCBC07
C0BDA7EE
C0BE9549
C0BF8412
C0C07445
C0C165DB
C0C258D1
C0C34D21
C0C442C6
C0C539BA
C0C631F8
C0C72B7B
C0C8263F
C0C9223D
C0CA1F70
C0CB1DD5
C0CC1D64
C0CD1E1B
C0CE1FF2
C0CF22E6
C0D026F1
C0D12C10
C0D2323B
C0D33970
C0D441A9
C0D54AE2
C0D65516
C0D76040
C0D86C5C
C0D97966
C0DA8759
C0DB9631
C0DCA5E9
C0DDB67D
C0DEC7EA
C0DFDA2B
C0E0ED3D
C0E2011A
C0E315C0
C0E42B2B
C0E54157
C0E6583F
C0E76FE2
C0E8883A
C0E9A145
C0EABAFF
C0EBD565
C0ECF073
C0EE0C26
C0EF287C
C0F04570
C0F16300
C0F28129
C0F39FE7
C0F4BF39
C0F5DF1A
C0F6FF89
C0F82082
C0F94203
C0FA6409
C0FB8691
C0FCA99A
C0FDCD1F
C0FEF120
C1000ACD
C1009D44
C1012FF6
C101C2E0
C1025602
C102E95B
C1037CE9
C10410AB
C104A4A1
C10538C9
C105CD23
C10661AD
C106F666
C1078B4E
C1082063
C108B5A4
C1094B12
C109E0AA
C10A766C
C10B0C58
C10BA26B
C10C38A7
C10CCF08
C10D6590
C10DFC3D
C10E930E
C10F2A03
C10FC11A
C1105854
C110EFB0
C111872C
C1121EC8
C112B683
C1134E5E
C113E657
C1147E6D
C11516A0
C115AEEF
C116475A
C116DFE1
C1177882
C118113D
C118AA11
C11942FE
C119DC04
C11A7522
C11B0E57
C11BA7A3
C11C4106
C11CDA7E
C11D740C
C11E0DAF
C11EA766
C11F4132
C11FDB11
C1207504
C1210F0A
C121A922
C122434C
C122DD88
C12377D5
C1241232
C124ACA1
C1254720
C125E1AE
C1267C4C
C12716F9
C127B1B5
C1284C80
C128E759
C129823F
C07F6CA1
C0800D6B
C08064CA
C080BC77
C081147D
C0816CE5
C081C5B8
C0821EFF
C08278C5
C082D312
C0832DEE
C0838962
C083E578
C0844237
C0849FA7
C084FDD1
C0855CBD
C085BC73
C0861CF9
C0867E59
C086E099
C08743C2
C087A7DA
C0880CE8
C08872F5
C088DA07
C0894225
C089AB55
C08A15A0
C08A810C
C08AED9F
C08B5B60
C08BCA56
C08C3A87
C08CABF9
C08D1EB3
C08D92BB
C08E0817
C08E7ECD
C08EF6E4
C08F7060
C08FEB48
C09067A2
C090E572
C09164BF
C091E58E
C09267E4
C092EBC6
C0937138
C093F841
C09480E5
C0950B27
C095970E
C096249C
C096B3D7
C09744C2
C097D761
C0986BB8
C09901CA
C099999A
C09A332C
C09ACE83
C09B6BA2
C09C0A8B
C09CAB40
C09D4DC4
C09DF219
C09E9840
C09F403B
C09FEA0C
C0A095B4
C0A14334
C0A1F28B
C0A2A3BC
C0A356C6
C0A40BAA
C0A4C266
C0A57AFB
C0A63569
C0A6F1AE
C0A7AFC9
C0A86FB9
C0A9317E
C0A9F514
C0AABA7A
C0AB81AF
C0AC4AB0
C0AD157A
C0ADE20A
C0AEB05F
C0AF8075
C0B05248
C0B125D6
C0B1FB1B
C0B2D213
C0B3AABA
C0B4850D
C0B56108
C0B63EA5
C0B71DE2
C0B7FEB9
C0B8E125
C0B9C524
C0BAAAAE
C0BB91C1
C0BC7A56
C0BD646A
C0BE4FF7
C0BF3CF7
C0C02B66
C0C11B40
C0C20C7E
C0C2FF1B
C0C3F313
C0C4E860
C0C5DEFD
C0C6D6E4
C0C7D011
C0C8CA7F
C0C9C628
C0CAC307
C0CBC117
C0CCC053
C0CDC0B6
C0CEC23B
C0CFC4DD
C0D0C897
C0D1CD64
C0D2D33F
C0D3DA24
C0D4E20E
C0D5EAF8
C0D6F4DE
C0D7FFBB
C0D90B8A
C0DA1847
C0DB25EF
C0DC347B
C0DD43E9
C0DE5434
C0DF6557
C0E07750
C0E18A19
C0E29DB0
C0E3B20F
C0E4C734
C0E5DD1A
C0E6F3BE
C0E80B1D
C0E92332
C0EA3BFA
C0EB5573
C0EC6F97
C0ED8A65
C0EEA5D9
C0EFC1EF
C0F0DEA5
C0F1FBF7
C0F319E3
C0F43865
C0F5577B
C0F67722
C0F79757
C0F8B816
C0F9D95E
C0FAFB2C
C0FC1D7E
C0FD404F
C0FE639F
C0FF876B
C10055D8
C100E836
C1017ACE
C1020D9F
C102A0A8
C10333E8
C103C75E
C1045B09
C104EEE7
C10582F8
C106173B
C106ABAE
C1074051
C107D523
C1086A23
C108FF50
C10994A8
C10A2A2C
C10ABFDA
C10B55B2
C10BEBB2
C10C81DA
C10D1829
C10DAE9E
C10E4538
C10EDBF7
C10F72DB
C11009E1
C110A10A
C1113854
C111CFC0
C112674C
C112FEF7
C11396C2
C1142EAB
C114C6B2
C1155ED7
C115F717
C1168F74
C11727EC
C117C07F
C118592D
C118F1F4
C1198AD4
C11A23CD
C11ABCDE
C11B5607
C11BEF47
C11C889E
C11D220A
C11DBB8D
C11E5524
C11EEED1
C11F8892
C1202267
C120BC4F
C121564A
C121F058
C1228A78
C12324AA
C123BEEE
C1245943
C124F3A8
C1258E1E
C12628A4
C126C339
C1275DDE
C127F892
C1289355
C1292E25
C129C904
C0808E90
C080E51E
C0813BF2
C0819316
C081EA93
C0824273
C0829AC0
C082F383
C0834CC5
C083A68E
C08400E8
C0845BDC
C084B771
C08513B1
C08570A3
C085CE50
C0862CBF
C0868BF8
C086EC04
C0874CE9
C087AEB0
C088115F
C08874FF
C088D995
C0893F2B
C089A5C6
C08A0D6E
C08A7629
C08ADFFF
C08B4AF6
C08BB715
C08C2462
C08C92E4
C08D02A3
C08D73A2
C08DE5EB
C08E5981
C08ECE6C
C08F44B1
C08FBC57
C0903564
C090AFDC
C0912BC6
C091A928
C0922806
C092A866
C0932A4E
C093ADC2
C09432C7
C094B962
C0954199
C095CB6F
C09656E9
C096E40C
C09772DA
C098035A
C098958E
C0992979
C099BF21
C09A5687
C09AEFAF
C09B8A9C
C09C2751
C09CC5D0
C09D661D
C09E0838
C09EAC24
C09F51E3
C09FF977
C0A0A2E0
C0A14E21
C0A1FB39
C0A2AA2A
C0A35AF4
C0A40D98
C0A4C215
C0A5786C
C0A6309C
C0A6EAA4
C0A7A684
C0A8643B
C0A923C7
C0A9E528
C0AAA85A
C0AB6D5E
C0AC342F
C0ACFCCD
C0ADC735
C0AE9363
C0AF6156
C0B0310B
C0B1027D
C0B1D5AA
C0B2AA8E
C0B38126
C0B4596E
C0B53361
C0B60EFC
C0B6EC3B
C0B7CB19
C0B8AB92
C0B98DA1
C0BA7142
C0BB5670
C0BC3D26
C0BD255F
C0BE0F16
C0BEFA47
C0BFE6ED
C0C0D502
C0C1C481
C0C2B565
C0C3A7A9
C0C49B48
C0C5903C
C0C68681
C0C77E11
C0C876E7
C0C970FE
C0CA6C50
C0CB68DA
C0CC6694
C0CD657C
C0CE658A
C0CF66BC
C0D0690A
C0D16C71
C0D270EC
C0D37676
C0D47D0A
C0D584A4
C0D68D3E
C0D796D4
C0D8A162
C0D9ACE3
C0DAB953
C0DBC6AD
C0DCD4ED
C0DDE410
C0DEF40F
C0E004E9
C0E11697
C0E22918
C0E33C66
C0E4507D
C0E5655B
C0E67AFB
C0E79159
C0E8A872
C0E9C043
C0EAD8C8
C0EBF1FD
C0ED0BDF
C0EE266B
C0EF419E
C0F05D74
C0F179EA
C0F296FE
C0F3B4AB
C0F4D2F0
C0F5F1C9
C0F71134
C0F8312D
C0F951B3
C0FA72C1
C0FB9456
C0FCB66E
C0FDD909
C0FEFC21
C1000FDB
C100A1E3
C1013426
C101C6A4
C102595C
C102EC4C
C1037F73
C10412D0
C104A662
C1053A29
C105CE22
C106624E
C106F6AA
C1078B36
C1081FF2
C108B4DC
C10949F3
C109DF36
C10A74A5
C10B0A3F
C10BA002
C10C35EE
C10CCC02
C10D623E
C10DF8A0
C10E8F28
C10F25D5
C10FBCA6
C110539A
C110EAB1
C11181EB
C1121945
C112B0C0
C113485C
C113E017
C11477F0
C1150FE7
C115A7FC
C116402E
C116D87C
C11770E6
C118096B
C118A20B
C1193AC4
C119D397
C11A6C83
C11B0587
C11B9EA3
C11C37D6
C11CD121
C11D6A81
C11E03F8
C11E9D84
C11F3725
C11FD0DB
C1206AA5
C1210483
C1219E73
C1223877
C122D28D
C1236CB6
C12406EF
C124A13B
C1253B97
C125D604
C1267080
C1270B0D
C127A5A9
C1284055
C128DB0F
C12975D8
C12A10AF
C08168ED
C081BEF0
C082153B
C0826BD6
C082C2CC
C0831A26
C08371EE
C083CA2D
C08422EC
C0847C34
C084D60D
C0853081
C0858B98
C085E759
C08643CE
C086A0FF
C086FEF2
C0875DB1
C087BD43
C0881DAF
C0887EFD
C088E134
C089445C
C089A87C
C08A0D9B
C08A73C1
C08ADAF3
C08B433A
C08BAC9C
C08C171F
C08C82CB
C08CEFA6
C08D5DB6
C08DCD02
C08E3D91
C08EAF68
C08F228D
C08F9708
C0900CDD
C0908414
C090FCB1
C09176BA
C091F236
C0926F29
C092ED99
C0936D8B
C093EF05
C094720C
C094F6A4
C0957CD3
C096049D
C0968E07
C0971915
C097A5CC
C0983430
C098C444
C099560D
C099E98E
C09A7ECB
C09B15C7
C09BAE85
C09C4909
C09CE555
C09D836B
C09E234E
C09EC501
C09F6885
C0A00DDC
C0A0B508
C0A15E09
C0A208E3
C0A2B594
C0A3641E
C0A41482
C0A4C6BF
C0A57AD6
C0A630C8
C0A6E892
C0A7A235
C0A85DB0
C0A91B02
C0A9DA2A
C0AA9B26
C0AB5DF5
C0AC2295
C0ACE903
C0ADB13E
C0AE7B42
C0AF470F
C0B0149F
C0B0E3F2
C0B1B502
C0B287CE
C0B35C51
C0B43288
C0B50A70
C0B5E403
C0B6BF3E
C0B79C1E
C0B87A9D
C0B95AB7
C0BA3C67
C0BB1FAA
C0BC047A
C0BCEAD3
C0BDD2AF
C0BEBC0A
C0BFA6DE
C0C09328
C0C180E1
C0C27005
C0C3608E
C0C45278
C0C545BD
C0C63A57
C0C73043
C0C8277A
C0C91FF8
C0CA19B7
C0CB14B3
C0CC10E5
C0CD0E4A
C0CE0CDB
C0CF0C95
C0D00D71
C0D10F6B
C0D2127F
C0D316A6
C0D41BDD
C0D5221F
C0D62967
C0D731B0
C0D83AF6
C0D94534
C0DA5065
C0DB5C86
C0DC6993
C0DD7785
C0DE865A
C0DF960E
C0E0A69B
C0E1B7FF
C0E2CA35
C0E3DD39
C0E4F108
C0E6059D
C0E71AF5
C0E8310C
C0E947DF
C0EA5F6A
C0EB77AA
C0EC909B
C0EDAA39
C0EEC483
C0EFDF73
C0F0FB08
C0F2173D
C0F33411
C0F4517F
C0F56F85
C0F68E21
C0F7AD4E
C0F8CD0B
C0F9ED54
C0FB0E28
C0FC2F82
C0FD5161
C0FE73C2
C0FF96A3
C1005D01
C100EEED
C1018115
C1021379
C102A616
C10338EC
C103CBF9
C1045F3D
C104F2B7
C1058665
C1061A46
C106AE59
C107429E
C107D714
C1086BB9
C109008C
C109958D
C10A2ABB
C10AC014
C10B5599
C10BEB47
C10C811F
C10D171F
C10DAD47
C10E4395
C10EDA0A
C10F70A4
C1100762
C1109E44
C111354A
C111CC71
C11263BB
C112FB25
C11392B0
C1142A5A
C114C223
C1155A0B
C115F210
C1168A33
C1172272
C117BACD
C1185343
C118EBD4
C119847F
C11A1D45
C11AB623
C11B4F1A
C11BE829
C11C814F
C11D1A8D
C11DB3E2
C11E4D4C
C11EE6CD
C11F8062
C1201A0D
C120B3CB
C1214D9E
C121E784
C122817D
C1231B89
C123B5A7
C1244FD7
C124EA18
C125846B
C1261ECE
C126B942
C12753C6
C127EE59
C12888FC
C12923AE
C129BE6E
C12A593D
C0824560
C0829ADA
C082F09D
C08346B1
C0839D21
C083F3F7
C0844B3B
C084A2F7
C084FB35
C08553FC
C085AD56
C086074C
C08661E5
C086BD2A
C0871923
C08775D8
C087D352
C0883197
C08890B0
C088F0A3
C089517A
C089B33B
C08A15EC
C08A7997
C08ADE41
C08B43F2
C08BAAB1
C08C1284
C08C7B72
C08CE583
C08D50BD
C08DBD26
C08E2AC5
C08E99A0
C08F09BE
C08F7B25
C08FEDDB
C09061E6
C090D74C
C0914E14
C091C642
C0923FDD
C092BAEB
C0933770
C093B573
C09434F8
C094B605
C095389F
C095BCCB
C096428E
C096C9ED
C09752EB
C097DD8E
C09869DA
C098F7D2
C099877C
C09A18DA
C09AABF1
C09B40C4
C09BD757
C09C6FAC
C09D09C6
C09DA5A8
C09E4356
C09EE2D1
C09F841B
C0A02737
C0A0CC26
C0A172EA
C0A21B84
C0A2C5F6
C0A37241
C0A42064
C0A4D061
C0A58238
C0A635EA
C0A6EB75
C0A7A2DA
C0A85C17
C0A9172D
C0A9D41B
C0AA92DE
C0AB5376
C0AC15E0
C0ACDA1C
C0ADA027
C0AE67FE
C0AF31A0
C0AFFD09
C0B0CA37
C0B19927
C0B269D6
C0B33C3F
C0B41061
C0B4E637
C0B5BDBD
C0B696F0
C0B771CB
C0B84E4A
C0B92C69
C0BA0C24
C0BAED75
C0BBD059
C0BCB4CB
C0BD9AC5
C0BE8243
C0BF6B41
C0C055B8
C0C141A5
C0C22F02
C0C31DC9
C0C40DF7
C0C4FF85
C0C5F26F
C0C6E6B0
C0C7DC41
C0C8D31F
C0C9CB43
C0CAC4AA
C0CBBF4D
C0CCBB27
C0CDB834
C0CEB66F
C0CFB5D2
C0D0B658
C0D1B7FD
C0D2BABB
C0D3BE8F
C0D4C372
C0D5C960
C0D6D055
C0D7D84C
C0D8E140
C0D9EB2D
C0DAF60E
C0DC01DF
C0DD0E9C
C0DE1C40
C0DF2AC7
C0E03A2D
C0E14A6D
C0E25B85
C0E36D6F
C0E48028
C0E593AD
C0E6A7F8
C0E7BD07
C0E8D2D6
C0E9E962
C0EB00A6
C0EC189F
C0ED314A
C0EE4AA4
C0EF64A9
C0F07F56
C0F19AA8
C0F2B69B
C0F3D32E
C0F4F05B
C0F60E22
C0F72C7E
C0F84B6D
C0F96AEC
C0FA8AF8
C0FBAB90
C0FCCCAF
C0FDEE53
C0FF107A
C1001991
C100AB23
C1013CF4
C101CF01
C1026149
C102F3CB
C1038687
C104197A
C104ACA4
C1054004
C105D399
C1066762
C106FB5D
C1078F8A
C10823E8
C108B875
C1094D32
C109E21C
C10A7734
C10B0C77
C10BA1E6
C10C377F
C10CCD42
C10D632E
C10DF941
C10E8F7C
C10F25DD
C10FBC63
C110530F
C110E9DE
C11180D1
C11217E7
C112AF1E
C1134677
C113DDF1
C114758A
C1150D43
C115A51A
C1163D0F
C116D522
C1176D52
C118059E
C1189E05
C1193688
C119CF25
C11A67DC
C11B00AC
C11B9995
C11C3297
C11CCBB1
C11D64E2
C11DFE29
C11E9788
C11F30FC
C11FCA85
C1206424
C120FDD7
C121979F
C122317A
C122CB68
C1236569
C123FF7D
C12499A3
C12533DA
C125CE23
C126687D
C12702E7
C1279D62
C12837EC
C128D286
C1296D2F
C12A07E7
C12AA2AE
C08323E3
C08378D6
C083CE11
C08423A0
C084798B
C084CFDE
C08526A0
C0857DDB
C085D599
C0862DE1
C08686BD
C086E035
C0873A52
C087951C
C087F09B
C0884CD6
C088A9D6
C08907A3
C0896645
C089C5C2
C08A2622
C08A876D
C08AE9AA
C08B4CE0
C08BB116
C08C1654
C08C7C9F
C08CE400
C08D4C7D
C08DB61C
C08E20E5
C08E8CDD
C08EFA0C
C08F6877
C08FD825
C090491D
C090BB64
C0912F00
C091A3F8
C0921A52
C0929213
C0930B40
C09385E1
C09401F9
C0947F8F
C094FEA8
C0957F49
C0960178
C0968538
C0970A8F
C0979182
C0981A16
C098A44E
C099302F
C099BDBD
C09A4CFD
C09ADDF2
C09B709F
C09C0508
C09C9B31
C09D331D
C09DCCCF
C09E6848
C09F058D
C09FA4A0
C0A04582
C0A0E836
C0A18CBE
C0A2331A
C0A2DB4D
C0A38558
C0A4313B
C0A4DEF8
C0A58E8F
C0A64000
C0A6F34B
C0A7A870
C0A85F6F
C0A91848
C0A9D2F8
C0AA8F80
C0AB4DDF
C0AC0E12
C0ACD018
C0AD93F0
C0AE5997
C0AF210A
C0AFEA48
C0B0B54E
C0B1821A
C0B250A7
C0B320F3
C0B3F2FA
C0B4C6BA
C0B59C2E
C0B67353
C0B74C24
C0B8269E
C0B902BD
C0B9E07C
C0BABFD6
C0BBA0C8
C0BC834C
C0BD675E
C0BE4CFA
C0BF3419
C0C01CB8
C0C106D2
C0C1F261
C0C2DF60
C0C3CDCB
C0C4BD9C
C0C5AECE
C0C6A15C
C0C79541
C0C88A78
C0C980FB
C0CA78C5
C0CB71D2
C0CC6C1B
C0CD679D
C0CE6452
C0CF6234
C0D0613F
C0D1616F
C0D262BD
C0D36525
C0D468A3
C0D56D31
C0D672CB
C0D7796C
C0D8810F
C0D989B0
C0DA934B
C0DB9DDA
C0DCA95A
C0DDB5C6
C0DEC31A
C0DFD152
C0E0E069
C0E1F05B
C0E30125
C0E412C3
C0E52530
C0E63868
C0E74C69
C0E8612E
C0E976B3
C0EA8CF6
C0EBA3F2
C0ECBBA3
C0EDD408
C0EEED1C
C0F006DB
C0F12144
C0F23C51
C0F35802
C0F47451
C0F5913D
C0F6AEC3
C0F7CCDE
C0F8EB8E
C0FA0ACE
C0FB2A9C
C0FC4AF6
C0FD6BD8
C0FE8D41
C0FFAF2D
C10068CD
C100FA43
C1018BF6
C1021DE7
C102B014
C103427A
C103D51B
C10467F4
C104FB04
C1058E4A
C10621C5
C106B574
C1074957
C107DD6B
C10871B1
C1090627
C1099ACC
C10A2F9F
C10AC49F
C10B59CD
C10BEF25
C10C84A9
C10D1A56
C10DB02D
C10E462B
C10EDC52
C10F729F
C1100912
C1109FAA
C1113666
C111CD46
C1126449
C112FB6F
C11392B6
C1142A1D
C114C1A6
C115594D
C115F114
C11688F9
C11720FC
C117B91B
C1185158
C118E9B0
C1198223
C11A1AB2
C11AB35A
C11B4C1C
C11BE4F8
C11C7DEC
C11D16F8
C11DB01C
C11E4957
C11EE2A8
C11F7C10
C120158D
C120AF20
C12148C7
C121E283
C1227C53
C1231636
C123B02C
C1244A36
C124E451
C1257E7E
C12618BD
C126B30D
C1274D6D
C127E7DE
C1288260
C1291CF0
C129B791
C12A5240
C12AECFE
C084046F
C08458DA
C084AD91
C085029B
C0855804
C085ADD4
C0860416
C0865AD2
C086B211
C08709DB
C087623B
C087BB38
C08814DA
C0886F29
C088CA2F
C08925F2
C089827B
C089DFD1
C08A3DFC
C08A9D03
C08AFCEF
C08B5DC5
C08BBF8E
C08C2251
C08C8615
C08CEAE0
C08D50BA
C08DB7AA
C08E1FB5
C08E88E4
C08EF33D
C08F5EC5
C08FCB85
C0903981
C090A8C1
C091194A
C0918B23
C091FE52
C09272DD
C092E8C9
C093601D
C093D8DE
C0945312
C094CEBF
C0954BE9
C095CA96
C0964ACC
C096CC8F
C0974FE5
C097D4D1
C0985B5A
C098E383
C0996D51
C099F8C8
C09A85EC
C09B14C2
C09BA54E
C09C3792
C09CCB92
C09D6152
C09DF8D5
C09E921E
C09F2D30
C09FCA0D
C0A068B7
C0A10932
C0A1AB7E
C0A24F9E
C0A2F593
C0A39D5F
C0A44703
C0A4F27F
C0A59FD6
C0A64F06
C0A70011
C0A7B2F6
C0A867B5
C0A91E4E
C0A9D6C1
C0AA910D
C0AB4D30
C0AC0B29
C0ACCAF8
C0AD8C99
C0AE500C
C0AF154F
C0AFDC5F
C0B0A539
C0B16FDC
C0B23C43
C0B30A6D
C0B3DA57
C0B4ABFB
C0B57F59
C0B6546B
C0B72B2D
C0B8039D
C0B8DDB5
C0B9B973
C0BA96D0
C0BB75CA
C0BC565B
C0BD387F
C0BE1C31
C0BF016D
C0BFE82D
C0C0D06D
C0C1BA28
C0C2A559
C0C391FA
C0C48007
C0C56F7B
C0C66050
C0C75281
C0C84609
C0C93AE4
C0CA310B
C0CB287A
C0CC212C
C0CD1B1B
C0CE1643
C0CF129E
C0D01027
C0D10EDA
C0D20EB1
C0D30FA7
C0D411B9
C0D514DF
C0D61917
C0D71E5B
C0D824A7
C0D92BF6
C0DA3443
C0DB3D8A
C0DC47C6
C0DD52F4
C0DE5F0E
C0DF6C11
C0E079F8
C0E188BF
C0E29862
C0E3A8DD
C0E4BA2D
C0E5CC4C
C0E6DF38
C0E7F2ED
C0E90766
C0EA1CA1
C0EB3299
C0EC494B
C0ED60B4
C0EE78D1
C0EF919D
C0F0AB16
C0F1C538
C0F2E001
C0F3FB6D
C0F51778
C0F63421
C0F75164
C0F86F3E
C0F98DAD
C0FAACAD
C0FBCC3C
C0FCEC57
C0FE0CFB
C0FF2E27
C10027EB
C100B904
C1014A5C
C101DBF3
C1026DC7
C102FFD7
C1039222
C10424A7
C104B764
C1054A59
C105DD85
C10670E6
C107047C
C1079845
C1082C40
C108C06D
C10954CA
C109E957
C10A7E13
C10B12FC
C10BA813
C10C3D55
C10CD2C2
C10D685A
C10DFE1B
C10E9404
C10F2A15
C10FC04E
C11056AC
C110ED31
C11183DA
C1121AA6
C112B197
C11348A9
C113DFDE
C1147734
C1150EAA
C115A641
C1163DF6
C116D5CA
C1176DBD
C11805CC
C1189DF8
C1193641
C119CEA5
C11A6724
C11AFFBE
C11B9872
C11C313F
C11CCA25
C11D6323
C11DFC3A
C11E9567
C11F2EAC
C11FC807
C1206177
C120FAFE
C1219499
C1222E49
C122C80D
C12361E5
C123FBD0
C12495CE
C1252FDF
C125CA02
C1266436
C126FE7C
C12798D3
C128333A
C128CDB2
C1296839
C12A02D0
C12A9D77
C12B382C
C084E6FB
C0853AE2
C0858F14
C085E39C
C0863884
C0868DD4
C086E396
C08739D4
C0879096
C087E7E5
C0883FC9
C088984B
C088F174
C0894B4B
C089A5D9
C08A0125
C08A5D38
C08ABA18
C08B17CE
C08B7662
C08BD5D9
C08C363D
C08C9794
C08CF9E4
C08D5D36
C08DC191
C08E26FA
C08E8D7A
C08EF516
C08F5DD5
C08FC7BF
C09032D9
C0909F2A
C0910CB9
C0917B8B
C091EBA7
C0925D13
C092CFD5
C09343F4
C093B974
C094305C
C094A8B1
C095227A
C0959DBB
C0961A7A
C09698BD
C0971888
C09799E1
C0981CCC
C098A14E
C099276D
C099AF2C
C09A3891
C09AC39F
C09B505A
C09BDEC7
C09C6EE9
C09D00C5
C09D945D
C09E29B4
C09EC0CF
C09F59B0
C09FF45A
C0A090CF
C0A12F12
C0A1CF25
C0A27109
C0A314C2
C0A3BA50
C0A461B5
C0A50AF3
C0A5B609
C0A662F8
C0A711C2
C0A7C267
C0A874E6
C0A9293F
C0A9DF73
C0AA9780
C0AB5166
C0AC0D24
C0ACCAB9
C0AD8A22
C0AE4B5F
C0AF0E6E
C0AFD34C
C0B099F7
C0B1626E
C0B22CAC
C0B2F8B0
C0B3C677
C0B495FD
C0B5673E
C0B63A39
C0B70EE8
C0B7E548
C0B8BD55
C0B9970C
C0BA7267
C0BB4F63
C0BC2DFB
C0BD0E2B
C0BDEFEF
C0BED340
C0BFB81B
C0C09E7C
C0C1865C
C0C26FB7
C0C35A88
C0C446CB
C0C53479
C0C6238E
C0C71405
C0C805D9
C0C8F904
C0C9ED82
C0CAE34C
C0CBDA5F
C0CCD2B5
C0CDCC49
C0CEC716
C0CFC316
C0D0C045
C0D1BE9E
C0D2BE1C
C0D3BEBA
C0D4C072
C0D5C341
C0D6C722
C0D7CC0F
C0D8D204
C0D9D8FD
C0DAE0F5
C0DBE9E7
C0DCF3D0
C0DDFEAA
C0DF0A71
C0E01721
C0E124B6
C0E2332C
C0E3427F
C0E452AA
C0E563AA
C0E6757B
C0E78818
C0E89B7F
C0E9AFAC
C0EAC49A
C0EBDA47
C0ECF0AF
C0EE07CE
C0EF1FA1
C0F03825
C0F15156
C0F26B31
C0F385B3
C0F4A0D9
C0F5BCA0
C0F6D904
C0F7F604
C0F9139B
C0FA31C7
C0FB5086
C0FC6FD4
C0FD8FB0
C0FEB015
C0FFD102
C100793A
C1010A34
C1019B6E
C1022CE7
C102BE9E
C1035091
C103E2C0
C1047528
C10507CA
C1059AA4
C1062DB4
C106C0FB
C1075476
C107E825
C1087C07
C109101A
C109A45F
C10A38D3
C10ACD77
C10B6249
C10BF747
C10C8C72
C10D21C9
C10DB74A
C10E4CF5
C10EE2C9
C10F78C5
C1100EE8
C110A532
C1113BA2
C111D237
C11268F0
C112FFCD
C11396CD
C1142DEF
C114C532
C1155C96
C115F41B
C1168BBF
C1172382
C117BB63
C1185362
C118EB7E
C11983B7
C11A1C0B
C11AB47B
C11B4D05
C11BE5AA
C11C7E69
C11D1740
C11DB031
C11E4939
C11EE259
C11F7B90
C12014DE
C120AE42
C12147BC
C121E14B
C1227AEF
C12314A7
C123AE73
C1244853
C124E246
C1257C4B
C1261663
C126B08D
C1274AC8
C127E515
C1287F72
C12919E0
C129B45E
C12A4EEC
C12AE989
C12B8435
C085CB82
C0861EE5
C0867295
C086C69C
C0871B04
C0876FD6
C087C51A
C0881ADC
C0887122
C088C7F6
C0891F61
C089776A
C089D01B
C08A297B
C08A8393
C08ADE69
C08B3A07
C08B9674
C08BF3B6
C08C51D7
C08CB0DC
C08D10CE
C08D71B3
C08DD393
C08E3675
C08E9A60
C08EFF5A
C08F656A
C08FCC98
C09034EA
C0909E65
C0910912
C09174F6
C091E218
C092507D
C092C02D
C093312E
C093A384
C0941737
C0948C4C
C09502C9
C0957AB4
C095F412
C0966EE9
C096EB3E
C0976916
C097E878
C0986967
C098EBE8
C0997002
C099F5B7
C09A7D0E
C09B0609
C09B90AE
C09C1D01
C09CAB06
C09D3AC0
C09DCC33
C09E5F63
C09EF453
C09F8B06
C0A0237F
C0A0BDC1
C0A159CF
C0A1F7AA
C0A29756
C0A338D4
C0A3DC26
C0A4814D
C0A5284C
C0A5D122
C0A67BD2
C0A7285B
C0A7D6BF
C0A886FD
C0A93917
C0A9ED0A
C0AAA2D8
C0AB5A80
C0AC1401
C0ACCF59
C0AD8C89
C0AE4B8D
C0AF0C65
C0AFCF0F
C0B09389
C0B159D0
C0B221E2
C0B2EBBC
C0B3B75C
C0B484BF
C0B553E1
C0B624BF
C0B6F756
C0B7CBA2
C0B8A19F
C0B9794A
C0BA529E
C0BB2D97
C0BC0A31
C0BCE867
C0BDC835
C0BEA997
C0BF8C87
C0C07101
C0C15700
C0C23E80
C0C3277B
C0C411EC
C0C4FDCF
C0C5EB1E
C0C6D9D4
C0C7C9EC
C0C8BB61
C0C9AE2E
C0CAA24D
C0CB97BB
C0CC8E70
C0CD8669
C0CE7FA1
C0CF7A11
C0D075B6
C0D1728A
C0D27088
C0D36FAC
C0D46FEF
C0D5714F
C0D673C5
C0D7774D
C0D87BE2
C0D98180
C0DA8822
C0DB8FC3
C0DC985F
C0DDA1F2
C0DEAC77
C0DFB7EA
C0E0C447
C0E1D189
C0E2DFAC
C0E3EEAD
C0E4FE87
C0E60F36
C0E720B7
C0E83305
C0E9461E
C0EA59FC
C0EB6E9D
C0EC83FE
C0ED9A19
C0EEB0ED
C0EFC875
C0F0E0AF
C0F1F997
C0F3132A
C0F42D64
C0F54843
C0F663C3
C0F77FE2
C0F89C9D
C0F9B9F0
C0FAD7D9
C0FBF655
C0FD1562
C0FE34FC
C0FF5521
C1003AE7
C100CB81
C1015C5C
C101ED77
C1027ED2
C103106B
C103A241
C1043452
C104C69E
C1055923
C105EBE1
C1067ED6
C1071201
C107A561
C10838F6
C108CCBD
C10960B7
C109F4E2
C10A893E
C10B1DC9
C10BB282
C10C4769
C10CDC7C
C10D71BC
C10E0726
C10E9CBA
C10F3278
C10FC85E
C1105E6C
C110F4A1
C1118AFC
C112217C
C112B821
C1134EEA
C113E5D6
C1147CE5
C1151416
C115AB68
C11642DA
C116DA6C
C117721D
C11809ED
C118A1DB
C11939E7
C119D20F
C11A6A53
C11B02B3
C11B9B2E
C11C33C4
C11CCC73
C11D653C
C11DFE1E
C11E9718
C11F302A
C11FC953
C1206294
C120FBEB
C1219558
C1222EDA
C122C871
C123621D
C123FBDE
C12495B2
C1252F99
C125C993
C12663A0
C126FDBF
C12797F0
C1283232
C128CC85
C12966E9
C12A015D
C12A9BE1
C12B3675
C12BD118
C086B1FB
C08704DD
C087580C
C087AB94
C087FF7D
C08853D2
C088A89B
C088FDE1
C08953AD
C089AA08
C08A00FB
C08A588E
C08AB0C8
C08B09B3
C08B6355
C08BBDB8
C08C18E2
C08C74DC
C08CD1AC
C08D2F5B
C08D8DF0
C08DED71
C08E4DE7
C08EAF57
C08F11CA
C08F7547
C08FD9D3
C0903F75
C090A636
C0910E1A
C091772A
C091E16A
C0924CE2
C092B998
C0932792
C09396D7
C094076C
C0947958
C094ECA1
C095614C
C095D75F
C0964EE0
C096C7D4
C0974242
C097BE2D
C0983B9D
C098BA95
C0993B1B
C099BD34
C09A40E5
C09AC632
C09B4D21
C09BD5B4
C09C5FF1
C09CEBDC
C09D7979
C09E08CB
C09E99D7
C09F2C9F
C09FC128
C0A05774
C0A0EF86
C0A18961
C0A22507
C0A2C27C
C0A361C1
C0A402D8
C0A4A5C4
C0A54A85
C0A5F11D
C0A6998D
C0A743D6
C0A7EFFA
C0A89DF7
C0A94DD0
C0A9FF83
C0AAB311
C0AB687A
C0AC1FBC
C0ACD8D7
C0AD93CA
C0AE5094
C0AF0F34
C0AFCFA7
C0B091EC
C0B15601
C0B21BE3
C0B2E391
C0B3AD07
C0B47842
C0B54541
C0B613FF
C0B6E479
C0B7B6AD
C0B88A95
C0B9602F
C0BA3776
C0BB1067
C0BBEAFD
C0BCC734
C0BDA508
C0BE8473
C0BF6573
C0C04801
C0C12C19
C0C211B7
C0C2F8D6
C0C3E16F
C0C4CB80
C0C5B702
C0C6A3F0
C0C79246
C0C881FF
C0C97314
C0CA6582
C0CB5943
C0CC4E52
C0CD44A9
C0CE3C45
C0CF351F
C0D02F32
C0D12A7A
C0D226F2
C0D32494
C0D4235C
C0D52345
C0D6244A
C0D72666
C0D82994
C0D92DD0
C0DA3315
C0DB395F
C0DC40A9
C0DD48EE
C0DE522A
C0DF5C59
C0E06777
C0E1737E
C0E2806C
C0E38E3C
C0E49CE9
C0E5AC71
C0E6BCCE
C0E7CDFE
C0E8DFFC
C0E9F2C4
C0EB0653
C0EC1AA6
C0ED2FB8
C0EE4586
C0EF5C0D
C0F0734A
C0F18B38
C0F2A3D6
C0F3BD1F
C0F4D710
C0F5F1A7
C0F70CDF
C0F828B8
C0F9452C
C0FA623A
C0FB7FDE
C0FC9E17
C0FDBCE0
C0FEDC38
C0FFFC1B
C1008E44
C1011EBD
C101AF79
C1024075
C102D1B1
C103632B
C103F4E3
C10486D6
C1051905
C105AB6D
C1063E0E
C106D0E7
C10763F6
C107F73B
C1088AB5
C1091E62
C109B241
C10A4653
C10ADA94
C10B6F06
C10C03A6
C10C9875
C10D2D70
C10DC298
C10E57EB
C10EED68
C10F830F
C11018DF
C110AED7
C11144F6
C111DB3C
C11271A7
C1130837
C1139EEC
C11435C5
C114CCC0
C11563DD
C115FB1C
C116927B
C11729FB
C117C19B
C1185959
C118F135
C1198930
C11A2147
C11AB97B
C11B51CA
C11BEA35
C11C82BB
C11D1B5B
C11DB415
C11E4CE8
C11EE5D4
C11F7ED8
C12017F3
C120B126
C1214A6F
C121E3CF
C1227D44
C12316CF
C123B06E
C1244A22
C124E3EA
C1257DC6
C12617B4
C126B1B6
C1274BCA
C127E5F0
C1288027
C1291A70
C129B4C9
C12A4F33
C12AE9AD
C12B8437
C12C1ED1
C0879A5F
C087ECC1
C0883F71
C088927C
C088E5E8
C08939C2
C0898E10
C089E2DD
C08A3831
C08A8E15
C08AE491
C08B3BAE
C08B9374
C08BEBEA
C08C4519
C08C9F0A
C08CF9C2
C08D554A
C08DB1AA
C08E0EE9
C08E6D0E
C08ECC20
C08F2C28
C08F8D2A
C08FEF30
C090523E
C090B65E
C0911B94
C09181E9
C091E961
C0925205
C092BBDB
C09326E8
C0939333
C09400C4
C0946F9E
C094DFCA
C095514C
C095C42B
C096386D
C096AE17
C097252F
C0979DBB
C09817C0
C0989343
C099104A
C0998EDB
C09A0EF9
C09A90AA
C09B13F3
C09B98D9
C09C1F5F
C09CA78B
C09D3161
C09DBCE5
C09E4A1B
C09ED906
C09F69AB
C09FFC0C
C0A0902E
C0A12613
C0A1BDBE
C0A25733
C0A2F273
C0A38F81
C0A42E60
C0A4CF11
C0A57196
C0A615F1
C0A6BC23
C0A7642D
C0A80E10
C0A8B9CE
C0A96766
C0AA16D9
C0AAC826
C0AB7B4F
C0AC3052
C0ACE72F
C0AD9FE4
C0AE5A72
C0AF16D7
C0AFD511
C0B0951F
C0B156FF
C0B21AAF
C0B2E02D
C0B3A775
C0B47087
C0B53B5E
C0B607F8
C0B6D652
C0B7A668
C0B87837
C0B94BBC
C0BA20F2
C0BAF7D5
C0BBD063
C0BCAA95
C0BD8669
C0BE63D9
C0BF42E2
C0C0237F
C0C105AB
C0C1E961
C0C2CE9C
C0C3B558
C0C49D90
C0C5873F
C0C67260
C0C75EED
C0C84CE3
C0C93C3A
C0CA2CF0
C0CB1EFE
C0CC125F
C0CD070E
C0CDFD07
C0CEF443
C0CFECBF
C0D0E674
C0D1E15E
C0D2DD79
C0D3DABE
C0D4D92A
C0D5D8B6
C0D6D95F
C0D7DB20
C0D8DDF4
C0D9E1D6
C0DAE6C1
C0DBECB1
C0DCF3A2
C0DDFB8F
C0DF0474
C0E00E4C
C0E11912
C0E224C4
C0E3315C
C0E43ED7
C0E54D30
C0E65C64
C0E76C6E
C0E87D4B
C0E98EF7
C0EAA16E
C0EBB4AD
C0ECC8AF
C0EDDD72
C0EEF2F2
C0F0092B
C0F1201B
C0F237BD
C0F3500E
C0F4690C
C0F582B3
C0F69D00
C0F7B7F0
C0F8D380
C0F9EFAD
C0FB0C75
C0FC29D3
C0FD47C6
C0FE664B
C0FF855F
C1005280
C100E295
C10172EE
C1020389
C1029466
C1032582
C103B6DD
C1044876
C104DA4B
C1056C5C
C105FEA7
C106912A
C10723E6
C107B6D9
C1084A02
C108DD60
C10970F2
C10A04B7
C10A98AD
C10B2CD5
C10BC12D
C10C55B4
C10CEA69
C10D7F4C
C10E145B
C10EA996
C10F3EFC
C10FD48C
C1106A45
C1110026
C111962F
C1122C5F
C112C2B5
C1135931
C113EFD1
C1148695
C1151D7C
C115B485
C1164BB1
C116E2FD
C1177A6A
C11811F7
C118A9A3
C119416E
C119D957
C11A715D
C11B0980
C11BA1BF
C11C3A1A
C11CD28F
C11D6B20
C11E03CA
C11E9C8E
C11F356B
C11FCE60
C120676D
C1210091
C12199CD
C122331F
C122CC87
C1236605
C123FF97
C124993F
C12532FA
C125CCCA
C12666AC
C12700A2
C1279AAB
C12834C5
C128CEF2
C1296930
C12A037F
C12A9DDE
C12B384E
C12BD2CE
C12C6D5E
C08884A7
C088D68A
C08928BE
C0897B4C
C089CE3E
C08A219E
C08A7574
C08AC9C9
C08B1EA6
C08B7414
C08BCA1C
C08C20C4
C08C7817
C08CD01B
C08D28D9
C08D8258
C08DDCA0
C08E37B8
C08E93A9
C08EF079
C08F4E30
C08FACD5
C0900C6F
C0906D05
C090CE9E
C0913141
C09194F5
C091F9C0
C0925FAA
C092C6B8
C0932EF2
C093985D
C0940301
C0946EE3
C094DC0A
C0954A7C
C095BA3F
C0962B59
C0969DCF
C09711A9
C09786EB
C097FD9B
C09875BF
C098EF5D
C0996A79
C099E719
C09A6542
C09AE4F9
C09B6643
C09BE926
C09C6DA4
C09CF3C4
C09D7B8A
C09E04F9
C09E9016
C09F1CE5
C09FAB6A
C0A03BA9
C0A0CDA4
C0A1615F
C0A1F6DE
C0A28E24
C0A32732
C0A3C20C
C0A45EB5
C0A4FD2D
C0A59D78
C0A63F98
C0A6E38D
C0A78959
C0A830FD
C0A8DA7B
C0A985D3
C0AA3305
C0AAE213
C0AB92FB
C0AC45BE
C0ACFA5B
C0ADB0D3
C0AE6923
C0AF234C
C0AFDF4B
C0B09D20
C0B15CC9
C0B21E44
C0B2E18F
C0B3A6A8
C0B46D8C
C0B53638
C0B600AB
C0B6CCE0
C0B79AD5
C0B86A87
C0B93BF2
C0BA0F12
C0BAE3E4
C0BBBA63
C0BC928C
C0BD6C5B
C0BE47CB
C0BF24D8
C0C0037D
C0C0E3B6
C0C1C57F
C0C2A8D2
C0C38DAA
C0C47404
C0C55BD9
C0C64526
C0C72FE5
C0C81C10
C0C909A4
C0C9F89A
C0CAE8EE
C0CBDA9B
C0CCCD9C
C0CDC1EB
C0CEB783
C0CFAE60
C0D0A67C
C0D19FD3
C0D29A5E
C0D3961A
C0D49302
C0D59110
C0D6903F
C0D7908C
C0D891F0
C0D99468
C0DA97EE
C0DB9C7F
C0DCA215
C0DDA8AB
C0DEB03F
C0DFB8CA
C0E0C24A
C0E1CCB9
C0E2D813
C0E3E455
C0E4F179
C0E5FF7D
C0E70E5B
C0E81E11
C0E92E9A
C0EA3FF3
C0EB5218
C0EC6505
C0ED78B6
C0EE8D28
C0EFA258
C0F0B843
C0F1CEE3
C0F2E638
C0F3FE3C
C0F516EE
C0F63049
C0F74A4B
C0F864F1
C0F98038
C0FA9C1C
C0FBB89C
C0FCD5B3
C0FDF360
C0FF119F
C1001837
C100A7E5
C10137D9
C101C810
C102588B
C102E947
C1037A43
C1040B7F
C1049CF8
C1052EAE
C105C0A0
C10652CD
C106E533
C10777D2
C1080AA8
C1089DB4
C10930F5
C109C46B
C10A5815
C10AEBF0
C10B7FFD
C10C143B
C10CA8A8
C10D3D44
C10DD20D
C10E6704
C10EFC26
C10F9174
C11026EC
C110BC8E
C1115259
C111E84B
C1127E65
C11314A5
C113AB0B
C1144195
C114D844
C1156F17
C116060C
C1169D24
C117345D
C117CBB7
C1186331
C118FACA
C1199283
C11A2A5A
C11AC24E
C11B5A60
C11BF28E
C11C8AD8
C11D233D
C11DBBBD
C11E5458
C11EED0C
C11F85DA
C1201EC0
C120B7BE
C12150D4
C121EA02
C1228346
C1231CA0
C123B610
C1244F96
C124E930
C12582DF
C1261CA2
C126B679
C1275063
C127EA60
C128846F
C1291E90
C129B8C3
C12A5307
C12AED5C
C12B87C2
C12C2237
C12CBCBD
C08970CB
C089C232
C08A13EA
C08A65FE
C08AB877
C08B0B5F
C08B5EBE
C08BB29D
C08C0705
C08C5BFF
C08CB194
C08D07CA
C08D5EAB
C08DB63E
C08E0E8B
C08E679B
C08EC174
C08F1C1E
C08F77A1
C08FD404
C090314F
C0908F87
C090EEB6
C0914EE0
C091B00F
C0921247
C0927591
C092D9F3
C0933F73
C093A618
C0940DE9
C09476EC
C094E127
C0954CA1
C095B960
C096276A
C09696C5
C0970778
C0977987
C097ECFA
C09861D5
C098D81E
C0994FDC
C099C913
C09A43C8
C09AC002
C09B3DC5
C09BBD16
C09C3DFA
C09CC076
C09D448F
C09DCA49
C09E51A8
C09EDAB2
C09F6569
C09FF1D3
C0A07FF2
C0A10FCB
C0A1A160
C0A234B6
C0A2C9D0
C0A360B0
C0A3F958
C0A493CD
C0A53010
C0A5CE23
C0A66E09
C0A70FC3
C0A7B352
C0A858B9
C0A8FFF8
C0A9A911
C0AA5403
C0AB00D0
C0ABAF78
C0AC5FFB
C0AD1259
C0ADC691
C0AE7CA3
C0AF348E
C0AFEE52
C0B0A9EC
C0B1675C
C0B226A0
C0B2E7B5
C0B3AA9B
C0B46F4F
C0B535CE
C0B5FE15
C0B6C823
C0B793F3
C0B86184
C0B930D1
C0BA01D6
C0BAD492
C0BBA8FF
C0BC7F1A
C0BD56DF
C0BE3049
C0BF0B55
C0BFE7FD
C0C0C63F
C0C1A614
C0C28779
C0C36A68
C0C44EDD
C0C534D3
C0C61C46
C0C7052F
C0C7EF8B
C0C8DB54
C0C9C885
C0CAB719
C0CBA70B
C0CC9857
C0CD8AF6
C0CE7EE4
C0CF741B
C0D06A97
C0D16253
C0D25B4A
C0D35576
C0D450D2
C0D54D5B
C0D64B0A
C0D749DB
C0D849CA
C0D94AD1
C0DA4CEC
C0DB5016
C0DC544A
C0DD5984
C0DE5FC0
C0DF66F9
C0E06F2A
C0E17850
C0E28266
C0E38D68
C0E49951
C0E5A61E
C0E6B3CB
C0E7C253
C0E8D1B4
C0E9E1E8
C0EAF2EC
C0EC04BD
C0ED1757
C0EE2AB6
C0EF3ED6
C0F053B5
C0F1694F
C0F27FA0
C0F396A5
C0F4AE5B
C0F5C6BF
C0F6DFCE
C0F7F984
C0F913DE
C0FA2EDA
C0FB4A74
C0FC66AB
C0FD837A
C0FEA0DF
C0FFBED7
C1006EB0
C100FE3C
C1018E0D
C1021E23
C102AE7B
C1033F16
C103CFF2
C104610D
C104F267
C10583FD
C10615D0
C106A7DE
C1073A26
C107CCA6
C1085F5F
C108F24E
C1098573
C10A18CC
C10AAC59
C10B4019
C10BD40B
C10C682E
C10CFC81
C10D9102
C10E25B2
C10EBA8F
C10F4F99
C10FE4CE
C1107A2E
C1110FB8
C111A56B
C1123B46
C112D149
C1136773
C113FDC2
C1149438
C1152AD1
C115C18F
C1165870
C116EF73
C1178698
C1181DDE
C118B545
C1194CCB
C119E471
C11A7C36
C11B1418
C11BAC18
C11C4434
C11CDC6D
C11D74C2
C11E0D32
C11EA5BC
C11F3E60
C11FD71E
C1206FF5
C12108E4
C121A1EC
C1223B0B
C122D440
C1236D8D
C12406EF
C124A067
C12539F5
C125D397
C1266D4D
C1270717
C127A0F5
C1283AE5
C128D4E9
C1296EFE
C12A0926
C12AA35F
C12B3DA9
C12BD804
C12C7270
C12D0CEB
C08A5EC4
C08AAFB0
C08B00EE
C08B528A
C08BA48C
C08BF6FD
C08C49E7
C08C9D52
C08CF147
C08D45CF
C08D9AF2
C08DF0B7
C08E4728
C08E9E4C
C08EF62B
C08F4ECC
C08FA838
C0900276
C0905D8D
C090B984
C0911663
C0917431
C091D2F5
C09232B6
C092937B
C092F54A
C093582B
C093BC24
C094213C
C094877A
C094EEE3
C095577E
C095C152
C0962C66
C09698BE
C0970661
C0977556
C097E5A2
C098574C
C098CA58
C0993ECE
C099B4B1
C09A2C09
C09AA4DB
C09B1F2B
C09B9AFF
C09C185C
C09C9748
C09D17C7
C09D99DE
C09E1D92
C09EA2E7
C09F29E1
C09FB286
C0A03CD8
C0A0C8DD
C0A15697
C0A1E60B
C0A2773C
C0A30A2D
C0A39EE1
C0A4355C
C0A4CDA0
C0A567B0
C0A6038E
C0A6A13C
C0A740BD
C0A7E211
C0A8853C
C0A92A3E
C0A9D118
C0AA79CB
C0AB2459
C0ABD0C1
C0AC7F04
C0AD2F21
C0ADE11A
C0AE94ED
C0AF4A9A
C0B00220
C0B0BB7E
C0B176B4
C0B233BE
C0B2F29D
C0B3B34D
C0B475CE
C0B53A1C
C0B60036
C0B6C819
C0B791C1
C0B85D2C
C0B92A58
C0B9F93F
C0BAC9E0
C0BB9C37
C0BC703F
C0BD45F5
C0BE1D55
C0BEF65A
C0BFD101
C0C0AD45
C0C18B22
C0C26A93
C0C34B93
C0C42E1E
C0C5122F
C0C5F7C2
C0C6DED0
C0C7C756
C0C8B14E
C0C99CB4
C0CA8982
C0CB77B3
C0CC6742
C0CD582B
C0CE4A68
C0CF3DF3
C0D032C9
C0D128E4
C0D2203E
C0D318D4
C0D4129F
C0D50D9C
C0D609C4
C0D70714
C0D80586
C0D90516
C0DA05BE
C0DB077B
C0DC0A47
C0DD0E1E
C0DE12FC
C0DF18DB
C0E01FB8
C0E1278E
C0E23059
C0E33A15
C0E444BD
C0E5504D
C0E65CC1
C0E76A16
C0E87847
C0E98750
C0EA972E
C0EBA7DD
C0ECB959
C0EDCB9E
C0EEDEA9
C0EFF277
C0F10703
C0F21C4B
C0F3324B
C0F44900
C0F56067
C0F6787C
C0F7913C
C0F8AAA5
C0F9C4B2
C0FADF62
C0FBFAB2
C0FD169D
C0FE3323
C0FF503F
C10036F7
C100C618
C1015581
C101E52F
C1027522
C1030559
C10395D2
C104268C
C104B786
C10548BF
C105DA36
C1066BE9
C106FDD7
C1079000
C1082262
C108B4FC
C10947CE
C109DAD5
C10A6E12
C10B0182
C10B9526
C10C28FC
C10CBD03
C10D513B
C10DE5A2
C10E7A38
C10F0EFB
C10FA3EB
C1103907
C110CE4E
C11163C0
C111F95B
C1128F1F
C113250A
C113BB1D
C1145156
C114E7B5
C1157E39
C11614E1
C116ABAD
C117429B
C117D9AC
C11870DE
C1190831
C1199FA4
C11A3737
C11ACEE8
C11B66B8
C11BFEA6
C11C96B1
C11D2ED8
C11DC71C
C11E5F7A
C11EF7F4
C11F9088
C1202936
C120C1FD
C1215ADD
C121F3D5
C1228CE5
C123260C
C123BF4A
C124589F
C124F209
C1258B89
C126251E
C126BEC7
C1275884
C127F255
C1288C3A
C1292631
C129C03B
C12A5A57
C12AF485
C12B8EC4
C12C2914
C12CC374
C12D5DE5
C08B4E8A
C08B9EFD
C08BEFC4
C08C40E9
C08C9275
C08CE472
C08D36E8
C08D89E1
C08DDD65
C08E317C
C08E862E
C08EDB85
C08F3187
C08F883E
C08FDFB0
C09037E5
C09090E5
C090EAB7
C0914564
C091A0F1
C091FD66
C0925ACB
C092B926
C093187F
C09378DB
C093DA43
C0943CBD
C094A04F
C0950500
C0956AD7
C095D1D9
C0963A0F
C096A37D
C0970E2A
C0977A1D
C097E75B
C09855EB
C098C5D2
C0993717
C099A9BE
C09A1DCF
C09A934E
C09B0A41
C09B82AE
C09BFC9A
C09C7809
C09CF503
C09D738A
C09DF3A5
C09E7557
C09EF8A7
C09F7D98
C0A0042E
C0A08C6E
C0A1165D
C0A1A1FD
C0A22F53
C0A2BE62
C0A34F2F
C0A3E1BC
C0A4760C
C0A50C22
C0A5A402
C0A63DAD
C0A6D927
C0A77671
C0A8158D
C0A8B67D
C0A95944
C0A9FDE1
C0AAA456
C0AB4CA5
C0ABF6CE
C0ACA2D1
C0AD50AF
C0AE0068
C0AEB1FC
C0AF656A
C0B01AB2
C0B0D1D3
C0B18ACC
C0B2459C
C0B30242
C0B3C0BB
C0B48107
C0B54322
C0B6070B
C0B6CCC0
C0B7943D
C0B85D80
C0B92886
C0B9F54C
C0BAC3CE
C0BB940A
C0BC65FB
C0BD399E
C0BE0EEF
C0BEE5E9
C0BFBE8A
C0C098CC
C0C174AB
C0C25222
C0C3312E
C0C411CA
C0C4F3F0
C0C5D79C
C0C6BCCA
C0C7A374
C0C88B95
C0C97529
C0CA602B
C0CB4C95
C0CC3A62
C0CD298E
C0CE1A13
C0CF0BED
C0CFFF16
C0D0F389
C0D1E941
C0D2E039
C0D3D86D
C0D4D1D7
C0D5CC72
C0D6C839
C0D7C528
C0D8C33A
C0D9C26A
C0DAC2B3
C0DBC410
C0DCC67E
C0DDC9F7
C0DECE76
C0DFD3F8
C0E0DA78
C0E1E1F2
C0E2EA61
C0E3F3C1
C0E4FE0E
C0E60944
C0E7155F
C0E8225A
C0E93032
C0EA3EE3
C0EB4E6A
C0EC5EC2
C0ED6FE7
C0EE81D7
C0EF948D
C0F0A806
C0F1BC3F
C0F2D134
C0F3E6E1
C0F4FD45
C0F6145A
C0F72C1F
C0F84490
C0F95DAA
C0FA7769
C0FB91CC
C0FCACCF
C0FDC86F
C0FEE4A9
C10000BD
C1008F71
C1011E6D
C101ADB2
C1023D3C
C102CD0C
C1035D20
C103ED77
C1047E0F
C1050EE8
C105A000
C1063155
C106C2E8
C10754B7
C107E6C0
C1087903
C1090B7E
C1099E31
C10A311B
C10AC43A
C10B578D
C10BEB14
C10C7ECE
C10D12B9
C10DA6D5
C10E3B21
C10ECF9C
C10F6445
C10FF91B
C1108E1D
C111234B
C111B8A4
C1124E26
C112E3D2
C11379A6
C1140FA1
C114A5C3
C1153C0B
C115D279
C116690B
C116FFC1
C117969A
C1182D96
C118C4B3
C1195BF2
C119F351
C11A8AD1
C11B226F
C11BBA2C
C11C5207
C11CEA00
C11D8215
C11E1A47
C11EB295
C11F4AFD
C11FE381
C1207C1E
C12114D5
C121ADA5
C122468E
C122DF8F
C12378A7
C12411D6
C124AB1C
C1254478
C125DDEA
C1267771
C127110D
C127AABE
C1284482
C128DE5A
C1297845
C12A1242
C12AAC53
C12B4675
C12BE0A8
C12C7AED
C12D1543
C12DAFA9
C08C4015
C08C9011
C08CE062
C08D3112
C08D822B
C08DD3B6
C08E25BA
C08E7842
C08ECB56
C08F1EFE
C08F7343
C08FC82C
C0901DC2
C090740C
C090CB12
C09122DD
C0917B73
C091D4DC
C0922F1F
C0928A43
C092E651
C093434E
C093A141
C0940033
C0946029
C094C12A
C095233E
C095866A
C095EAB6
C0965028
C096B6C5
C0971E96
C09787A0
C097F1E9
C0985D77
C098CA51
C099387D
C099A800
C09A18E0
C09A8B24
C09AFED1
C09B73ED
C09BEA7D
C09C6286
C09CDC0E
C09D571B
C09DD3B0
C09E51D5
C09ED18C
C09F52DB
C09FD5C7
C0A05A55
C0A0E088
C0A16865
C0A1F1F0
C0A27D2C
C0A30A1F
C0A398CB
C0A42934
C0A4BB5D
C0A54F4A
C0A5E4FD
C0A67C79
C0A715C0
C0A7B0D6
C0A84DBC
C0A8EC74
C0A98D01
C0AA2F63
C0AAD39C
C0AB79AD
C0AC2197
C0ACCB5C
C0AD76FA
C0AE2474
C0AED3C8
C0AF84F8
C0B03801
C0B0ECE4
C0B1A3A1
C0B25C35
C0B316A0
C0B3D2E1
C0B490F5
C0B550DB
C0B61291
C0B6D615
C0B79B64
C0B8627C
C0B92B5A
C0B9F5FA
C0BAC25B
C0BB9078
C0BC604E
C0BD31DA
C0BE0517
C0BEDA02
C0BFB097
C0C088D2
C0C162AE
C0C23E27
C0C31B3A
C0C3F9E0
C0C4DA16
C0C5BBD7
C0C69F1E
C0C783E6
C0C86A2B
C0C951E8
C0CA3B17
C0CB25B3
C0CC11B9
C0CCFF22
C0CDEDE9
C0CEDE0A
C0CFCF80
C0D0C245
C0D1B655
C0D2ABA9
C0D3A23F
C0D49A0F
C0D59317
C0D68D50
C0D788B5
C0D88542
C0D982F3
C0DA81C2
C0DB81AA
C0DC82A7
C0DD84B5
C0DE87CE
C0DF8BEF
C0E09113
C0E19735
C0E29E51
C0E3A662
C0E4AF66
C0E5B957
C0E6C431
C0E7CFF1
C0E8DC91
C0E9EA10
C0EAF867
C0EC0795
C0ED1795
C0EE2863
C0EF39FB
C0F04C5B
C0F15F7F
C0F27363
C0F38803
C0F49D5D
C0F5B36E
C0F6CA31
C0F7E1A4
C0F8F9C4
C0FA128E
C0FB2BFE
C0FC4612
C0FD60C7
C0FE7C1A
C0FF9808
C1005A47
C100E8D5
C10177AD
C10206CC
C1029633
C10325DF
C103B5D0
C1044603
C104D679
C1056730
C105F826
C106895A
C1071ACC
C107AC7A
C1083E63
C108D086
C10962E2
C109F576
C10A8841
C10B1B41
C10BAE77
C10C41E1
C10CD57E
C10D694C
C10DFD4C
C10E917C
C10F25DC
C10FBA6A
C1104F25
C110E40D
C1117921
C1120E61
C112A3CA
C113395D
C113CF18
C11464FC
C114FB07
C1159138
C116278E
C116BE0A
C11754AA
C117EB6D
C1188254
C119195C
C119B086
C11A47D1
C11ADF3D
C11B76C7
C11C0E71
C11CA639
C11D3E1F
C11DD622
C11E6E42
C11F067E
C11F9ED5
C1203748
C120CFD4
C121687B
C122013B
C1229A13
C1233305
C123CC0E
C124652E
C124FE65
C12597B3
C1263116
C126CA90
C127641E
C127FDC1
C1289778
C1293143
C129CB21
C12A6512
C12AFF16
C12B992C
C12C3354
C12CCD8D
C12D67D8
C12E0233
C08D335E
C08D82E5
C08DD2C2
C08E2300
C08E73A7
C08EC4C0
C08F1655
C08F686E
C08FBB14
C0900E4F
C0906227
C090B6A4
C0910BCF
C09161AF
C091B84C
C0920FAD
C09267DB
C092C0DC
C0931AB7
C0937575
C093D11B
C0942DB2
C0948B40
C094E9CC
C095495D
C095A9F9
C0960BA8
C0966E70
C096D258
C0973765
C0979DA0
C098050D
C0986DB3
C098D799
C09942C4
C099AF3B
C09A1D04
C09A8C24
C09AFCA2
C09B6E84
C09BE1CE
C09C5687
C09CCCB5
C09D445C
C09DBD82
C09E382C
C09EB45F
C09F3221
C09FB176
C0A03263
C0A0B4ED
C0A13918
C0A1BEE8
C0A24662
C0A2CF8B
C0A35A65
C0A3E6F5
C0A4753E
C0A50545
C0A5970B
C0A62A94
C0A6BFE4
C0A756FD
C0A7EFE2
C0A88A94
C0A92717
C0A9C56C
C0AA6594
C0AB0793
C0ABAB68
C0AC5116
C0ACF89C
C0ADA1FD
C0AE4D37
C0AEFA4D
C0AFA93D
C0B05A08
C0B10CAD
C0B1C12B
C0B27783
C0B32FB3
C0B3E9B9
C0B4A594
C0B56344
C0B622C5
C0B6E416
C0B7A734
C0B86C1E
C0B932D1
C0B9FB49
C0BAC584
C0BB917F
C0BC5F36
C0BD2EA6
C0BDFFCC
C0BED2A3
C0BFA729
C0C07D58
C0C1552D
C0C22EA3
C0C309B6
C0C3E663
C0C4C4A3
C0C5A473
C0C685CE
C0C768AF
C0C84D12
C0C932F1
C0CA1A48
C0CB0312
C0CBED49
C0CCD8E9
C0CDC5ED
C0CEB44F
C0CFA40B
C0D0951C
C0D1877C
C0D27B27
C0D37018
C0D4664A
C0D55DB7
C0D6565A
C0D75030
C0D84B33
C0D9475D
C0DA44AB
C0DB4318
C0DC429F
C0DD433B
C0DE44E8
C0DF47A1
C0E04B61
C0E15025
C0E255E8
C0E35CA5
C0E46459
C0E56CFE
C0E67692
C0E7810F
C0E88C72
C0E998B8
C0EAA5DB
C0EBB3D8
C0ECC2AB
C0EDD252
C0EEE2C7
C0EFF407
C0F10610
C0F218DC
C0F32C6A
C0F440B5
C0F555BA
C0F66B76
C0F781E6
C0F89906
C0F9B0D4
C0FAC94D
C0FBE26C
C0FCFC31
C0FE1696
C0FF319B
C100269E
C100B4BA
C1014322
C101D1D4
C10260CF
C102F010
C1037F98
C1040F65
C1049F75
C1052FC7
C105C05B
C106512E
C106E241
C1077391
C108051D
C10896E6
C10928E8
C109BB24
C10A4D99
C10AE045
C10B7327
C10C063E
C10C998A
C10D2D09
C10DC0BA
C10E549E
C10EE8B1
C10F7CF5
C1101167
C110A608
C1113AD5
C111CFCF
C11264F4
C112FA44
C1138FBE
C1142560
C114BB2B
C115511E
C115E737
C1167D77
C11713DC
C117AA65
C1184112
C118D7E3
C1196ED6
C11A05EB
C11A9D21
C11B3478
C11BCBEE
C11C6384
C11CFB39
C11D930C
C11E2AFC
C11EC30A
C11F5B33
C11FF379
C1208BDA
C1212455
C121BCEB
C122559A
C122EE63
C1238744
C124203D
C124B94E
C1255276
C125EBB5
C126850A
C1271E75
C127B7F5
C128518A
C128EB34
C12984F2
C12A1EC3
C12AB8A7
C12B529F
C12BECA9
C12C86C5
C12D20F2
C12DBB31
C12E5581
C08E285D
C08E7771
C08EC6DC
C08F16A9
C08F66E0
C08FB78A
C09008B1
C0905A5D
C090AC97
C090FF66
C09152D4
C091A6E7
C091FBA9
C0925120
C092A755
C092FE4F
C0935615
C093AEB0
C0940825
C094627D
C094BDBF
C09519F1
C095771A
C095D542
C096346F
C09694A8
C096F5F4
C0975859
C097BBDE
C0982089
C0988661
C098ED6C
C09955B0
C099BF34
C09A29FD
C09A9613
C09B037A
C09B7239
C09BE256
C09C53D6
C09CC6BF
C09D3B16
C09DB0E2
C09E2828
C09EA0ED
C09F1B35
C09F9707
C0A01468
C0A0935C
C0A113E7
C0A1960F
C0A219D9
C0A29F48
C0A32661
C0A3AF27
C0A439A0
C0A4C5CE
C0A553B5
C0A5E359
C0A674BD
C0A707E5
C0A79CD2
C0A83389
C0A8CC0B
C0A9665B
C0AA027B
C0AAA06D
C0AB4032
C0ABE1CE
C0AC8540
C0AD2A8A
C0ADD1AD
C0AE7AAA
C0AF2581
C0AFD233
C0B080BF
C0B13125
C0B1E366
C0B29781
C0B34D74
C0B4053F
C0B4BEE0
C0B57A57
C0B637A2
C0B6F6BE
C0B7B7AA
C0B87A63
C0B93EE7
C0BA0534
C0BACD47
C0BB971C
C0BC62B1
C0BD3003
C0BDFF0D
C0BECFCD
C0BFA23E
C0C0765D
C0C14C26
C0C22395
C0C2FCA5
C0C3D752
C0C4B398
C0C59172
C0C670DB
C0C751D0
C0C8344B
C0C91847
C0C9FDC0
C0CAE4B1
C0CBCD14
C0CCB6E5
C0CDA21F
C0CE8EBD
C0CF7CB9
C0D06C10
C0D15CBB
C0D24EB6
C0D341FC
C0D43688
C0D52C54
C0D6235D
C0D71B9C
C0D8150E
C0D90FAC
C0DA0B73
C0DB085E
C0DC0668
C0DD058C
C0DE05C6
C0DF0711
C0E00968
C0E10CC7
C0E2112A
C0E3168D
C0E41CEA
C0E5243E
C0E62C85
C0E735BA
C0E83FD9
C0E94ADF
C0EA56C7
C0EB638E
C0EC712F
C0ED7FA8
C0EE8EF3
C0EF9F0E
C0F0AFF5
C0F1C1A5
C0F2D419
C0F3E74F
C0F4FB43
C0F60FF2
C0F72559
C0F83B74
C0F95240
C0FA69BB
C0FB81E1
C0FC9AAE
C0FDB421
C0FECE37
C0FFE8EC
C100821F
C1011014
C1019E55
C1022CE1
C102BBB6
C1034AD2
C103DA35
C10469DC
C104F9C8
C10589F7
C1061A67
C106AB17
C1073C07
C107CD35
C1085EA0
C108F046
C1098228
C10A1444
C10AA698
C10B3924
C10BCBE6
C10C5EDF
C10CF20C
C10D856D
C10E1901
C10EACC7
C10F40BE
C10FD4E5
C110693B
C110FDC0
C1119272
C1122751
C112BC5B
C1135191
C113E6F1
C1147C7A
C115122D
C115A807
C1163E08
C116D42F
C1176A7D
C11800EF
C1189786
C1192E40
C119C51D
C11A5C1C
C11AF33D
C11B8A7F
C11C21E1
C11CB963
C11D5104
C11DE8C3
C11E80A0
C11F189B
C11FB0B2
C12048E5
C120E134
C121799E
C1221223
C122AAC1
C1234379
C123DC4A
C1247533
C1250E34
C125A74D
C126407C
C126D9C3
C127731F
C1280C91
C128A618
C1293FB3
C129D964
C12A7328
C12B0CFF
C12BA6EA
C12C40E7
C12CDAF7
C12D7518
C12E0F4B
C12EA990
C08F1F0C
C08F6DAE
C08FBCA9
C0900C06
C0905BCF
C090AC0D
C090FCC8
C0914E08
C0919FD7
C091F23D
C0924541
C09298ED
C092ED47
C0934257
C0939825
C093EEB9
C094461B
C0949E50
C094F761
C0955155
C095AC33
C0960802
C09664C9
C096C28E
C0972159
C0978130
C097E21A
C098441D
C098A741
C0990B8B
C0997102
C099D7AC
C09A3F8F
C09AA8B2
C09B131C
C09B7ED0
C09BEBD7
C09C5A36
C09CC9F2
C09D3B12
C09DAD9B
C09E2193
C09E96FE
C09F0DE4
C09F8648
C0A00031
C0A07BA3
C0A0F8A3
C0A17736
C0A1F761
C0A27929
C0A2FC92
C0A381A0
C0A40858
C0A490BE
C0A51AD5
C0A5A6A2
C0A63429
C0A6C36C
C0A7546E
C0A7E734
C0A87BC0
C0A91215
C0A9AA35
C0AA4423
C0AADFE1
C0AB7D70
C0AC1CD4
C0ACBE0D
C0AD611C
C0AE0603
C0AEACC4
C0AF555D
C0AFFFD1
C0B0AC1F
C0B15A48
C0B20A4B
C0B2BC28
C0B36FDE
C0B4256D
C0B4DCD4
C0B59611
C0B65123
C0B70E08
C0B7CCBF
C0B88D46
C0B94F9A
C0BA13B9
C0BAD9A1
C0BBA14E
C0BC6ABD
C0BD35EC
C0BE02D8
C0BED17C
C0BFA1D6
C0C073E1
C0C14799
C0C21CFC
C0C2F404
C0C3CCAD
C0C4A6F4
C0C582D3
C0C66046
C0C73F49
C0C81FD7
C0C901EB
C0C9E580
C0CACA92
C0CBB11C
C0CC9918
C0CD8283
C0CE6D56
C0CF598D
C0D04723
C0D13613
C0D22658
C0D317ED
C0D40ACD
C0D4FEF3
C0D5F45A
C0D6EAFC
C0D7E2D7
C0D8DBE3
C0D9D61D
C0DAD180
C0DBCE06
C0DCCBAC
C0DDCA6C
C0DECA43
C0DFCB2A
C0E0CD1F
C0E1D01C
C0E2D41D
C0E3D91E
C0E4DF1B
C0E5E60E
C0E6EDF5
C0E7F6CA
C0E9008A
C0EA0B31
C0EB16BB
C0EC2324
C0ED3069
C0EE3E85
C0EF4D74
C0F05D34
C0F16DC0
C0F27F16
C0F39131
C0F4A40E
C0F5B7AA
C0F6CC01
C0F7E111
C0F8F6D6
C0FA0D4D
C0FB2473
C0FC3C45
C0FD54BF
C0FE6DE0
C0FF87A3
C1005104
C100DE84
C1016C52
C101FA6C
C10288D1
C103177F
C103A675
C10435B2
C104C534
C10554FB
C105E505
C1067551
C10705DE
C10796AA
C10827B5
C108B8FE
C1094A83
C109DC43
C10A6E3D
C10B0070
C10B92DC
C10C257F
C10CB857
C10D4B65
C10DDEA8
C10E721D
C10F05C5
C10F999F
C1102DA9
C110C1E2
C111564B
C111EAE1
C1127FA4
C1131494
C113A9AF
C1143EF5
C114D464
C11569FD
C115FFBE
C11695A6
C1172BB6
C117C1EB
C1185846
C118EEC5
C1198568
C11A1C2F
C11AB318
C11B4A24
C11BE150
C11C789D
C11D100A
C11DA797
C11E3F42
C11ED70C
C11F6EF3
C12006F7
C1209F18
C1213754
C121CFAC
C122681F
C12300AC
C1239953
C1243213
C124CAEC
C12563DD
C125FCE6
C1269606
C1272F3D
C127C88A
C12861ED
C128FB66
C12994F4
C12A2E96
C12AC84C
C12B6216
C12BFBF4
C12C95E4
C12D2FE7
C12DC9FC
C12E6423
C12EFE5C
C0901761
C0906594
C090B421
C0910311
C091526E
C091A240
C091F290
C0924367
C09294CE
C092E6CB
C0933969
C0938CAD
C093E0A1
C094354D
C0948AB6
C094E0E6
C09537E4
C0958FB6
C095E864
C09641F6
C0969C72
C096F7DF
C0975444
C097B1A8
C0981012
C0986F89
C098D013
C09931B6
C0999479
C099F864
C09A5D7B
C09AC3C5
C09B2B49
C09B940D
C09BFE17
C09C696D
C09CD615
C09D4414
C09DB372
C09E2432
C09E965C
C09F09F5
C09F7F02
C09FF588
C0A06D8D
C0A0E717
C0A16229
C0A1DECA
C0A25CFE
C0A2DCCA
C0A35E32
C0A3E13B
C0A465EA
C0A4EC42
C0A57448
C0A5FDFF
C0A6896C
C0A71692
C0A7A574
C0A83617
C0A8C87C
C0A95CA7
C0A9F29B
C0AA8A59
C0AB23E6
C0ABBF42
C0AC5C70
C0ACFB72
C0AD9C49
C0AE3EF6
C0AEE37B
C0AF89D9
C0B03210
C0B0DC20
C0B1880C
C0B235D1
C0B2E570
C0B396EA
C0B44A3C
C0B4FF67
C0B5B66A
C0B66F43
C0B729F0
C0B7E671
C0B8A4C4
C0B964E5
C0BA26D4
C0BAEA8E
C0BBB010
C0BC7757
C0BD4061
C0BE0B2A
C0BED7B0
C0BFA5EE
C0C075E1
C0C14785
C0C21AD7
C0C2EFD3
C0C3C674
C0C49EB6
C0C57896
C0C6540E
C0C7311A
C0C80FB6
C0C8EFDC
C0C9D189
C0CAB4B7
C0CB9961
C0CC7F84
C0CD6719
C0CE501C
C0CF3A88
C0D02658
C0D11387
C0D2020F
C0D2F1ED
C0D3E31B
C0D4D594
C0D5C953
C0D6BE54
C0D7B490
C0D8AC04
C0D9A4AB
C0DA9E7F
C0DB997C
C0DC959D
C0DD92DE
C0DE913A
C0DF90AC
C0E09130
C0E192C1
C0E2955B
C0E398F9
C0E49D97
C0E5A331
C0E6A9C3
C0E7B148
C0E8B9BD
C0E9C31D
C0EACD64
C0EBD88F
C0ECE499
C0EDF17F
C0EEFF3D
C0F00DD0
C0F11D33
C0F22D63
C0F33E5D
C0F4501D
C0F562A1
C0F675E3
C0F789E2
C0F89E9A
C0F9B407
C0FACA27
C0FBE0F7
C0FCF874
C0FE109A
C0FF2967
C100216C
C100AE74
C1013BCC
C101C972
C1025764
C102E5A1
C1037428
C10402F7
C104920D
C105216A
C105B10B
C10640F0
C106D117
C1076180
C107F228
C1088310
C1091435
C109A597
C10A3735
C10AC90D
C10B5B1F
C10BED6A
C10C7FEC
C10D12A5
C10DA593
C10E38B6
C10ECC0D
C10F5F96
C10FF351
C110873E
C1111B5A
C111AFA6
C112441F
C112D8C7
C1136D9B
C114029B
C11497C6
C1152D1B
C115C299
C1165841
C116EE10
C1178406
C1181A23
C118B066
C11946CE
C119DD5A
C11A7409
C11B0ADC
C11BA1D1
C11C38E8
C11CD01F
C11D6777
C11DFEEF
C11E9686
C11F2E3C
C11FC60F
C1205E00
C120F60E
C1218E38
C122267D
C122BEDE
C1235759
C123EFEE
C124889D
C1252165
C125BA46
C126533F
C126EC4F
C1278576
C1281EB4
C128B808
C1295172
C129EAF1
C12A8485
C12B1E2E
C12BB7EA
C12C51BA
C12CEB9E
C12D8594
C12E1F9C
C12EB9B7
C12F53E3
C0911155
C0915F1B
C091AD3B
C091FBC0
C0924AB3
C0929A1C
C092EA04
C0933A73
C0938B73
C093DD0A
C0942F42
C0948222
C094D5B2
C09529F9
C0957F00
C095D4CD
C0962B69
C09682D9
C096DB26
C0973457
C0978E73
C097E97F
C0984585
C098A28A
C0990094
C0995FAC
C099BFD7
C09A211B
C09A8380
C09AE70C
C09B4BC5
C09BB1B1
C09C18D7
C09C813D
C09CEAE9
C09D55E1
C09DC22B
C09E2FCD
C09E9ECC
C09F0F2F
C09F80FB
C09FF436
C0A068E5
C0A0DF0D
C0A156B4
C0A1CFE0
C0A24A94
C0A2C6D7
C0A344AC
C0A3C419
C0A44523
C0A4C7CE
C0A54C1D
C0A5D217
C0A659BD
C0A6E316
C0A76E23
C0A7FAEA
C0A8896D
C0A919AF
C0A9ABB4
C0AA3F7F
C0AAD513
C0AB6C71
C0AC059D
C0ACA098
C0AD3D65
C0ADDC06
C0AE7C7B
C0AF1EC7
C0AFC2EA
C0B068E5
C0B110BA
C0B1BA69
C0B265F1
C0B31354
C0B3C290
C0B473A6
C0B52695
C0B5DB5D
C0B691FB
C0B74A70
C0B804BA
C0B8C0D6
C0B97EC4
C0BA3E80
C0BB000A
C0BBC35F
C0BC887B
C0BD4F5D
C0BE1801
C0BEE264
C0BFAE83
C0C07C5B
C0C14BE7
C0C21D25
C0C2F010
C0C3C4A5
C0C49ADF
C0C572BA
C0C64C32
C0C72743
C0C803E7
C0C8E21B
C0C9C1DA
C0CAA31F
C0CB85E5
C0CC6A28
C0CD4FE2
C0CE370F
C0CF1FAA
C0D009AE
C0D0F516
C0D1E1DE
C0D2CFFF
C0D3BF75
C0D4B03B
C0D5A24C
C0D695A4
C0D78A3D
C0D88013
C0D9771F
C0DA6F5F
C0DB68CD
C0DC6363
C0DD5F1F
C0DE5BFA
C0DF59F0
C0E058FC
C0E1591B
C0E25A47
C0E35C7D
C0E45FB7
C0E563F2
C0E66928
C0E76F57
C0E8767A
C0E97E8D
C0EA878B
C0EB9171
C0EC9C3C
C0EDA7E6
C0EEB46D
C0EFC1CC
C0F0D000
C0F1DF05
C0F2EED8
C0F3FF76
C0F510DA
C0F62302
C0F735EA
C0F8498E
C0F95DED
C0FA7302
C0FB88CA
C0FC9F43
C0FDB668
C0FECE39
C0FFE6B0
C1007FE6
C1010CC5
C10199F4
C1022770
C102B53A
C103434E
C103D1AD
C1046055
C104EF45
C1057E7A
C1060DF6
C1069DB5
C1072DB6
C107BDFA
C1084E7E
C108DF41
C1097043
C10A0181
C10A92FC
C10B24B2
C10BB6A2
C10C48CB
C10CDB2C
C10D6DC4
C10E0092
C10E9395
C10F26CC
C10FBA37
C1104DD3
C110E1A1
C11175A0
C11209CE
C1129E2B
C11332B6
C113C76D
C1145C52
C114F161
C115869B
C1161BFF
C116B18D
C1174742
C117DD1F
C1187323
C119094D
C1199F9D
C11A3611
C11ACCA9
C11B6365
C11BFA43
C11C9143
C11D2865
C11DBFA8
C11E570A
C11EEE8C
C11F862D
C1201DED
C120B5CA
C1214DC4
C121E5DA
C1227E0D
C123165B
C123AEC5
C1244748
C124DFE6
C125789C
C126116C
C126AA54
C1274354
C127DC6B
C1287599
C1290EDE
C129A839
C12A41A9
C12ADB2F
C12B74C9
C12C0E77
C12CA83A
C12D4210
C12DDBF8
C12E75F4
C12F1002
C12FAA22
C0920CE2
C0925A3C
C092A7F2
C092F60E
C0934498
C0939399
C093E31A
C0943324
C09483BE
C094D4F1
C09526C6
C0957942
C095CC70
C0962055
C09674FB
C096CA67
C09720A2
C09777B3
C097CFA0
C0982872
C098822E
C098DCDC
C0993884
C099952A
C099F2D7
C09A5191
C09AB15E
C09B1245
C09B744D
C09BD77C
C09C3BD8
C09CA168
C09D0831
C09D703A
C09DD989
C09E4425
C09EB012
C09F1D57
C09F8BFA
C09FFC01
C0A06D70
C0A0E04E
C0A154A0
C0A1CA6C
C0A241B6
C0A2BA84
C0A334DC
C0A3B0C1
C0A42E39
C0A4AD49
C0A52DF5
C0A5B042
C0A63434
C0A6B9CF
C0A74118
C0A7CA12
C0A854C1
C0A8E129
C0A96F4D
C0A9FF30
C0AA90D6
C0AB2442
C0ABB976
C0AC5074
C0ACE940
C0AD83DC
C0AE2048
C0AEBE88
C0AF5E9D
C0B00087
C0B0A449
C0B149E3
C0B1F156
C0B29AA3
C0B345C9
C0B3F2C9
C0B4A1A3
C0B55256
C0B604E2
C0B6B946
C0B76F81
C0B82792
C0B8E178
C0B99D30
C0BA5AB9
C0BB1A11
C0BBDB36
C0BC9E25
C0BD62DC
C0BE2958
C0BEF196
C0BFBB93
C0C0874C
C0C154BD
C0C223E3
C0C2F4BA
C0C3C73F
C0C49B6C
C0C5713F
C0C648B2
C0C721C3
C0C7FC6C
C0C8D8A8
C0C9B674
C0CA95CB
C0CB76A7
C0CC5905
C0CD3CE0
C0CE2231
C0CF08F6
C0CFF129
C0D0DAC4
C0D1C5C4
C0D2B222
C0D39FDB
C0D48EE9
C0D57F46
C0D670F0
C0D763DF
C0D85810
C0D94D7D
C0DA4422
C0DB3BFA
C0DC3500
C0DD2F30
C0DE2A84
C0DF26F8
C0E02488
C0E1232E
C0E222E7
C0E323AD
C0E4257D
C0E52852
C0E62C28
C0E730FB
C0E836C6
C0E93D85
C0EA4535
C0EB4DD0
C0EC5754
C0ED61BD
C0EE6D06
C0EF792C
C0F0862B
C0F193FF
C0F2A2A6
C0F3B21B
C0F4C25A
C0F5D361
C0F6E52C
C0F7F7B8
C0F90B02
C0FA1F05
C0FB33C0
C0FC492F
C0FD5F4F
C0FE761D
C0FF8D96
C10052DC
C100DF3F
C1016BF4
C101F8F8
C102864B
C10313EB
C103A1D7
C104300D
C104BE8D
C1054D55
C105DC63
C1066BB8
C106FB50
C1078B2C
C1081B4A
C108ABA8
C1093C47
C109CD24
C10A5E3F
C10AEF96
C10B8129
C10C12F7
C10CA4FD
C10D373C
C10DC9B3
C10E5C60
C10EEF42
C10F8259
C11015A4
C110A922
C1113CD1
C111D0B1
C11264C1
C112F900
C1138D6E
C1142209
C114B6D1
C1154BC4
C115E0E3
C116762C
C1170B9E
C117A13A
C11836FD
C118CCE7
C11962F8
C119F92F
C11A8F8B
C11B260B
C11BBCAF
C11C5377
C11CEA60
C11D816B
C11E1898
C11EAFE5
C11F4751
C11FDEDE
C1207688
C1210E51
C121A637
C1223E3A
C122D65A
C1236E95
C12406EC
C1249F5D
C12537E8
C125D08E
C126694C
C1270223
C1279B12
C1283419
C128CD38
C129666C
C129FFB8
C12A9919
C12B328F
C12BCC1B
C12C65BB
C12CFF6F
C12D9937
C12E3313
C12ECD01
C12F6702
C1300115
C09309FE
C09356EF
C093A43D
C093F1F1
C0944015
C0948EB0
C094DDCD
C0952D72
C0957DA9
C095CE7A
C0961FEC
C0967207
C096C4D4
C0971859
C0976C9F
C097C1AC
C0981788
C0986E3B
C098C5CA
C0991E3E
C099779D
C099D1EE
C09A2D38
C09A8982
C09AE6D3
C09B4531
C09BA4A2
C09C052D
C09C66D9
C09CC9AD
C09D2DAD
C09D92E1
C09DF94F
C09E60FD
C09EC9F1
C09F3431
C09F9FC3
C0A00CAD
C0A07AF4
C0A0EA9F
C0A15BB3
C0A1CE36
C0A2422C
C0A2B79C
C0A32E8B
C0A3A6FD
C0A420F8
C0A49C82
C0A5199E
C0A59851
C0A618A1
C0A69A91
C0A71E26
C0A7A364
C0A82A50
C0A8B2EC
C0A93D3E
C0A9C948
C0AA570E
C0AAE693
C0AB77DB
C0AC0AE8
C0AC9FBD
C0AD365D
C0ADCEC9
C0AE6905
C0AF0512
C0AFA2F2
C0B042A6
C0B0E430
C0B18792
C0B22CCB
C0B2D3DD
C0B37CC8
C0B4278C
C0B4D42A
C0B582A2
C0B632F3
C0B6E51C
C0B7991D
C0B84EF5
C0B906A2
C0B9C024
C0BA7B78
C0BB389D
C0BBF790
C0BCB850
C0BD7ADA
C0BE3F2C
C0BF0542
C0BFCD1B
C0C096B2
C0C16204
C0C22F0F
C0C2FDCE
C0C3CE3E
C0C4A05B
C0C57421
C0C6498D
C0C72098
C0C7F941
C0C8D382
C0C9AF56
C0CA8CBA
C0CB6BA8
C0CC4C1C
C0CD2E11
C0CE1182
C0CEF66B
C0CFDCC7
C0D0C491
C0D1ADC3
C0D29859
C0D3844F
C0D4719E
C0D56043
C0D65038
C0D74178
C0D833FE
C0D927C6
C0DA1CCB
C0DB1307
C0DC0A77
C0DD0314
C0DDFCDC
C0DEF7C8
C0DFF3D4
C0E0F0FC
C0E1EF3B
C0E2EE8D
C0E3EEEC
C0E4F056
C0E5F2C5
C0E6F635
C0E7FAA2
C0E90008
C0EA0663
C0EB0DAE
C0EC15E6
C0ED1F07
C0EE290D
C0EF33F4
C0F03FB8
C0F14C55
C0F259C9
C0F3680F
C0F47724
C0F58705
C0F697AD
C0F7A91B
C0F8BB49
C0F9CE36
C0FAE1DE
C0FBF63E
C0FD0B52
C0FE2118
C0FF378D
C1002757
C100B33C
C1013F73
C101CBFD
C10258D6
C102E5FF
C1037375
C1040137
C1048F45
C1051D9C
C105AC3B
C1063B22
C106CA4E
C10759C0
C107E975
C108796C
C10909A5
C1099A1E
C10A2AD7
C10ABBCD
C10B4D00
C10BDE6F
C10C7019
C10D01FD
C10D941A
C10E266E
C10EB8FA
C10F4BBB
C10FDEB1
C11071DC
C1110539
C11198C9
C1122C8A
C112C07C
C113549D
C113E8ED
C1147D6B
C1151215
C115A6ED
C1163BEF
C116D11C
C1176674
C117FBF4
C118919D
C119276D
C119BD65
C11A5382
C11AE9C5
C11B802D
C11C16B9
C11CAD69
C11D443B
C11DDB2F
C11E7245
C11F097C
C11FA0D3
C1203849
C120CFDF
C1216793
C121FF65
C1229754
C1232F60
C123C788
C1245FCB
C124F82A
C12590A3
C1262937
C126C1E3
C1275AA9
C127F387
C1288C7D
C129258B
C129BEB0
C12A57EB
C12AF13D
C12B8AA4
C12C2421
C12CBDB2
C12D5758
C12DF112
C12E8AE0
C12F24C0
C12FBEB4
C13058BA
C09408A4
C094552D
C094A214
C094EF63
C0953D22
C0958B59
C095DA13
C0962956
C096792C
C096C99C
C0971AAD
C0976C69
C097BED7
C09811FE
C09865E5
C098BA95
C0991014
C0996669
C099BD9C
C09A15B4
C09A6EB7
C09AC8AD
C09B239C
C09B7F8B
C09BDC81
C09C3A83
C09C999A
C09CF9CB
C09D5B1D
C09DBD96
C09E213C
C09E8616
C09EEC2A
C09F537E
C09FBC18
C0A025FE
C0A09136
C0A0FDC6
C0A16BB3
C0A1DB04
C0A24BBE
C0A2BDE6
C0A33182
C0A3A697
C0A41D2B
C0A49543
C0A50EE3
C0A58A11
C0A606D2
C0A6852A
C0A7051F
C0A786B3
C0A809EC
C0A88ECF
C0A9155E
C0A99D9E
C0AA2793
C0AAB340
C0AB40A9
C0ABCFD1
C0AC60BB
C0ACF36A
C0AD87E1
C0AE1E23
C0AEB631
C0AF500E
C0AFEBBC
C0B0893C
C0B12891
C0B1C9BB
C0B26CBC
C0B31195
C0B3B846
C0B460D0
C0B50B34
C0B5B770
C0B66586
C0B71575
C0B7C73C
C0B87ADA
C0B9304F
C0B9E799
C0BAA0B7
C0BB5BA7
C0BC1868
C0BCD6F7
C0BD9752
C0BE5977
C0BF1D64
C0BFE315
C0C0AA87
C0C173B8
C0C23EA5
C0C30B49
C0C3D9A1
C0C4A9AA
C0C57B60
C0C64EBF
C0C723C2
C0C7FA66
C0C8D2A6
C0C9AC7F
C0CA87EA
C0CB64E5
C0CC436B
C0CD2376
C0CE0502
C0CEE80A
C0CFCC89
C0D0B27C
C0D199DC
C0D282A4
C0D36CD1
C0D4585D
C0D54542
C0D6337D
C0D72308
C0D813DF
C0D905FB
C0D9F95A
C0DAEDF5
C0DBE3C8
C0DCDACE
C0DDD303
C0DECC61
C0DFC6E4
C0E0C288
C0E1BF47
C0E2BD1E
C0E3BC08
C0E4BC00
C0E5BD02
C0E6BF0A
C0E7C213
C0E8C61A
C0E9CB1A
C0EAD10F
C0EBD7F5
C0ECDFC8
C0EDE884
C0EEF226
C0EFFCA9
C0F1080A
C0F21445
C0F32157
C0F42F3C
C0F53DF0
C0F64D70
C0F75DB9
C0F86EC7
C0F98097
C0FA9326
C0FBA671
C0FCBA74
C0FDCF2D
C0FEE498
C0FFFAB2
C10088BD
C1011475
C101A080
C1022CDE
C102B98C
C103468A
C103D3D5
C104616E
C104EF51
C1057D7F
C1060BF5
C1069AB3
C10729B7
C107B901
C108488F
C108D85F
C1096872
C109F8C5
C10A8957
C10B1A28
C10BAB37
C10C3C82
C10CCE08
C10D5FC8
C10DF1C2
C10E83F4
C10F165D
C10FA8FC
C1103BD1
C110CEDB
C1116218
C111F588
C1128929
C1131CFB
C113B0FE
C114452F
C114D98F
C1156E1D
C11602D7
C11697BD
C1172CCE
C117C209
C118576E
C118ECFC
C11982B2
C11A188F
C11AAE93
C11B44BD
C11BDB0C
C11C717F
C11D0816
C11D9ED1
C11E35AE
C11ECCAD
C11F63CD
C11FFB0E
C120926E
C12129EE
C121C18D
C122594A
C122F125
C123891D
C1242131
C124B961
C12551AD
C125EA13
C1268294
C1271B2E
C127B3E2
C1284CAF
C128E594
C1297E91
C12A17A6
C12AB0D1
C12B4A12
C12BE36A
C12C7CD7
C12D165A
C12DAFF1
C12E499C
C12EE35C
C12F7D2E
C1301714
C130B10D
C09508CA
C09554EE
C095A171
C095EE5C
C0963BB8
C096898D
C096D7E6
C09726C9
C097763E
C097C64F
C0981703
C0986861
C098BA71
C0990D3B
C09960C6
C099B51A
C09A0A3D
C09A6037
C09AB710
C09B0ECD
C09B6776
C09BC111
C09C1BA7
C09C773C
C09CD3D8
C09D3182
C09D903F
C09DF017
C09E5110
C09EB330
C09F167E
C09F7AFF
C09FE0BA
C0A047B6
C0A0AFF7
C0A11984
C0A18463
C0A1F09A
C0A25E2F
C0A2CD27
C0A33D87
C0A3AF56
C0A42299
C0A49755
C0A50D90
C0A5854E
C0A5FE94
C0A67969
C0A6F5CF
C0A773CD
C0A7F367
C0A874A1
C0A8F77F
C0A97C06
C0AA023A
C0AA8A1F
C0AB13B8
C0AB9F09
C0AC2C16
C0ACBAE1
C0AD4B6F
C0ADDDC1
C0AE71DB
C0AF07BF
C0AF9F6F
C0B038EE
C0B0D43D
C0B1715F
C0B21055
C0B2B120
C0B353C2
C0B3F83B
C0B49E8C
C0B546B5
C0B5F0B8
C0B69C94
C0B74A48
C0B7F9D5
C0B8AB3A
C0B95E76
C0BA1388
C0BACA6F
C0BB832A
C0BC3DB7
C0BCFA14
C0BDB83F
C0BE7835
C0BF39F6
C0BFFD7D
C0C0C2C9
C0C189D5
C0C252A1
C0C31D27
C0C3E964
C0C4B756
C0C586F7
C0C65846
C0C72B3D
C0C7FFD8
C0C8D614
C0C9ADEC
C0CA875C
C0CB625F
C0CC3EF1
C0CD1D0D
C0CDFCAF
C0CEDDD1
C0CFC070
C0D0A485
C0D18A0E
C0D27104
C0D35962
C0D44325
C0D52E46
C0D61AC1
C0D70892
C0D7F7B2
C0D8E81E
C0D9D9D1
C0DACCC5
C0DBC0F6
C0DCB65E
C0DDACFA
C0DEA4C5
C0DF9DB9
C0E097D3
C0E1930D
C0E28F63
C0E38CD1
C0E48B51
C0E58AE1
C0E68B7B
C0E78D1A
C0E88FBC
C0E9935B
C0EA97F4
C0EB9D82
C0ECA402
C0EDAB6F
C0EEB3C6
C0EFBD02
C0F0C721
C0F1D21E
C0F2DDF5
C0F3EAA4
C0F4F826
C0F60678
C0F71597
C0F8257F
C0F9362C
C0FA479D
C0FB59CD
C0FC6CB9
C0FD805E
C0FE94BA
C0FFA9C8
C1005FC3
C100EAF9
C1017685
C1020263
C1028E95
C1031B17
C103A7E9
C1043509
C104C276
C105502F
C105DE33
C1066C80
C106FB14
C10789F0
C1081911
C108A877
C1093820
C109C80B
C10A5837
C10AE8A4
C10B794F
C10C0A38
C10C9B5E
C10D2CBF
C10DBE5B
C10E5031
C10EE240
C10F7486
C1100703
C11099B7
C1112C9E
C111BFBA
C112530A
C112E68B
C1137A3D
C1140E20
C114A233
C1153674
C115CAE4
C1165F80
C116F449
C117893D
C1181E5D
C118B3A6
C1194918
C119DEB3
C11A7475
C11B0A5F
C11BA06F
C11C36A4
C11CCCFE
C11D637D
C11DFA1F
C11E90E4
C11F27CC
C11FBED5
C12055FF
C120ED49
C12184B3
C1221C3C
C122B3E4
C1234BAA
C123E38D
C1247B8D
C12513A9
C125ABE1
C1264435
C126DCA3
C127752B
C1280DCC
C128A687
C1293F5B
C129D847
C12A714A
C12B0A65
C12BA396
C12C3CDE
C12CD63C
C12D6FAF
C12E0937
C12EA2D3
C12F3C84
C12FD649
C1307020
C1310A0B
C0960A6B
C096562B
C096A24B
C096EED4
C0973BCF
C0978945
C097D73E
C09825C2
C09874DA
C098C48D
C09914E4
C09965E6
C099B79A
C09A0A09
C09A5D3A
C09AB133
C09B05FC
C09B5B9D
C09BB21C
C09C0980
C09C61D0
C09CBB14
C09D1550
C09D708E
C09DCCD2
C09E2A24
C09E888A
C09EE80A
C09F48AC
C09FAA74
C0A00D6A
C0A07194
C0A0D6F8
C0A13D9C
C0A1A586
C0A20EBC
C0A27944
C0A2E523
C0A35260
C0A3C100
C0A43109
C0A4A280
C0A5156B
C0A589CF
C0A5FFB1
C0A67716
C0A6F004
C0A76A80
C0A7E68D
C0A86432
C0A8E372
C0A96452
C0A9E6D7
C0AA6B04
C0AAF0DD
C0AB7868
C0AC01A6
C0AC8C9C
C0AD194D
C0ADA7BD
C0AE37EF
C0AEC9E5
C0AF5DA2
C0AFF329
C0B08A7D
C0B1239E
C0B1BE90
C0B25B54
C0B2F9EC
C0B39A58
C0B43C9B
C0B4E0B5
C0B586A6
C0B62E70
C0B6D812
C0B7838D
C0B830E1
C0B8E00D
C0B99110
C0BA43EA
C0BAF89A
C0BBAF1F
C0BC6776
C0BD21A0
C0BDDD99
C0BE9B60
C0BF5AF3
C0C01C4E
C0C0DF71
C0C1A457
C0C26AFE
C0C33363
C0C3FD83
C0C4C95A
C0C596E5
C0C6661F
C0C73706
C0C80996
C0C8DDC9
C0C9B39D
C0CA8B0C
C0CB6413
C0CC3EAD
C0CD1AD6
C0CDF888
C0CED7C0
C0CFB879
C0D09AAD
C0D17E59
C0D26377
C0D34A02
C0D431F6
C0D51B4E
C0D60604
C0D6F215
C0D7DF7A
C0D8CE30
C0D9BE31
C0DAAF78
C0DBA201
C0DC95C7
C0DD8AC5
C0DE80F6
C0DF7856
C0E070DF
C0E16A8E
C0E2655E
C0E3614A
C0E45E4D
C0E55C64
C0E65B8A
C0E75BBB
C0E85CF1
C0E95F2A
C0EA6261
C0EB6691
C0EC6BB8
C0ED71D0
C0EE78D6
C0EF80C6
C0F0899C
C0F19355
C0F29DED
C0F3A95F
C0F4B5AA
C0F5C2C8
C0F6D0B7
C0F7DF73
C0F8EEF8
C0F9FF45
C0FB1054
C0FC2224
C0FD34B0
C0FE47F7
C0FF5BF4
C1003852
C100C303
C1014E0B
C101D968
C102651A
C102F11E
C1037D73
C1040A19
C104970D
C105244F
C105B1DD
C1063FB6
C106CDD8
C1075C43
C107EAF5
C10879ED
C109092A
C10998AB
C10A286E
C10AB873
C10B48B9
C10BD93D
C10C6A00
C10CFB00
C10D8C3D
C10E1DB4
C10EAF66
C10F4150
C10FD373
C11065CE
C110F85E
C1118B24
C1121E1E
C112B14C
C11344AC
C113D83F
C1146C02
C114FFF5
C1159417
C1162868
C116BCE6
C1175191
C117E668
C1187B6A
C1191097
C119A5ED
C11A3B6C
C11AD114
C11B66E2
C11BFCD8
C11C92F3
C11D2934
C11DBF99
C11E5623
C11EECCF
C11F839F
C1201A90
C120B1A3
C12148D6
C121E02A
C122779D
C1230F2F
C123A6DF
C1243EAE
C124D699
C1256EA1
C12606C5
C1269F05
C1273760
C127CFD5
C1286864
C129010D
C12999CE
C12A32A9
C12ACB9B
C12B64A5
C12BFDC5
C12C96FD
C12D304A
C12DC9AE
C12E6326
C12EFCB4
C12F9656
C130300B
C130C9D5
C13163B2
C0970D7D
C09758DB
C097A49A
C097F0C4
C0983D60
C0988A77
C098D813
C099263A
C09974F6
C099C44E
C09A144A
C09A64F1
C09AB64C
C09B0861
C09B5B38
C09BAED9
C09C034A
C09C5893
C09CAEBA
C09D05C7
C09D5DC0
C09DB6AC
C09E1092
C09E6B79
C09EC767
C09F2462
C09F8272
C09FE19C
C0A041E7
C0A0A35A
C0A105FA
C0A169CE
C0A1CEDC
C0A2352A
C0A29CBE
C0A3059D
C0A36FCF
C0A3DB58
C0A4483F
C0A4B688
C0A5263A
C0A5975B
C0A609EF
C0A67DFC
C0A6F386
C0A76A95
C0A7E32B
C0A85D4F
C0A8D905
C0A95651
C0A9D539
C0AA55C0
C0AAD7EC
C0AB5BC0
C0ABE140
C0AC6871
C0ACF155
C0AD7BF1
C0AE0848
C0AE965D
C0AF2634
C0AFB7CF
C0B04B30
C0B0E05B
C0B17752
C0B21017
C0B2AAAC
C0B34713
C0B3E54D
C0B4855C
C0B52740
C0B5CAFB
C0B6708E
C0B717F8
C0B7C13B
C0B86C56
C0B91949
C0B9C814
C0BA78B6
C0BB2B2F
C0BBDF7D
C0BC959F
C0BD4D95
C0BE075B
C0BEC2F1
C0BF8054
C0C03F83
C0C1007A
C0C1C338
C0C287B9
C0C34DFB
C0C415FA
C0C4DFB3
C0C5AB24
C0C67848
C0C7471B
C0C8179B
C0C8E9C2
C0C9BD8E
C0CA92F9
C0CB69FF
C0CC429D
C0CD1CCE
C0CDF88D
C0CED5D6
C0CFB4A4
C0D094F2
C0D176BC
C0D259FD
C0D33EB0
C0D424D1
C0D50C5A
C0D5F546
C0D6DF91
C0D7CB36
C0D8B830
C0D9A67A
C0DA9610
C0DB86EB
C0DC7908
C0DD6C63
C0DE60F5
C0DF56BA
C0E04DAE
C0E145CD
C0E23F10
C0E33975
C0E434F5
C0E5318E
C0E62F3A
C0E72DF6
C0E82DBC
C0E92E88
C0EA3057
C0EB3324
C0EC36EC
C0ED3BA9
C0EE4159
C0EF47F7
C0F04F7F
C0F157EE
C0F26140
C0F36B71
C0F4767E
C0F58263
C0F68F1C
C0F79CA6
C0F8AAFE
C0F9BA21
C0FACA0A
C0FBDAB8
C0FCEC26
C0FDFE51
C0FF1137
C100126A
C1009C93
C1012715
C101B1EE
C1023D1D
C102C8A0
C1035477
C103E09F
C1046D17
C104F9DF
C10586F5
C1061457
C106A204
C1072FFC
C107BE3C
C1084CC4
C108DB92
C1096AA6
C109F9FE
C10A8999
C10B1976
C10BA994
C10C39F1
C10CCA8D
C10D5B67
C10DEC7D
C10E7DD0
C10F0F5C
C10FA122
C1103321
C110C558
C11157C5
C111EA68
C1127D40
C113104C
C113A38B
C11436FC
C114CA9F
C1155E72
C115F275
C11686A6
C1171B06
C117AF92
C118444B
C118D930
C1196E40
C11A0379
C11A98DC
C11B2E68
C11BC41B
C11C59F5
C11CEFF6
C11D861D
C11E1C69
C11EB2D9
C11F496D
C11FE023
C12076FD
C1210DF8
C121A514
C1223C50
C122D3AD
C1236B29
C12402C3
C1249A7C
C1253252
C125CA46
C1266255
C126FA81
C12792C8
C1282B2A
C128C3A6
C1295C3C
C129F4EC
C12A8DB4
C12B2694
C12BBF8D
C12C589D
C12CF1C3
C12D8B01
C12E2454
C12EBDBC
C12F573A
C12FF0CD
C1308A74
C131242F
C131BDFD
C09811FA
C0985CF9
C098A859
C098F424
C0994063
C0998D1E
C099DA5E
C09A282A
C09A768C
C09AC58A
C09B152C
C09B657B
C09BB67D
C09C083B
C09C5ABB
C09CAE04
C09D021F
C09D5711
C09DACE2
C09E0399
C09E5B3C
C09EB3D3
C09F0D64
C09F67F5
C09FC38E
C0A02035
C0A07DF0
C0A0DCC5
C0A13CBC
C0A19DDA
C0A20025
C0A263A5
C0A2C85E
C0A32E57
C0A39596
C0A3FE21
C0A467FE
C0A4D332
C0A53FC3
C0A5ADB8
C0A61D14
C0A68DDF
C0A7001E
C0A773D5
C0A7E909
C0A85FC1
C0A8D801
C0A951CE
C0A9CD2D
C0AA4A23
C0AAC8B3
C0AB48E3
C0ABCAB7
C0AC4E33
C0ACD35B
C0AD5A33
C0ADE2BE
C0AE6D01
C0AEF8FE
C0AF86BA
C0B01636
C0B0A776
C0B13A7D
C0B1CF4D
C0B265E9
C0B2FE52
C0B3988B
C0B43495
C0B4D272
C0B57223
C0B613AA
C0B6B707
C0B75C3C
C0B80347
C0B8AC2B
C0B956E6
C0BA037A
C0BAB1E4
C0BB6226
C0BC143E
C0BCC82A
C0BD7DEB
C0BE357E
C0BEEEE2
C0BFAA14
C0C06714
C0C125DF
C0C1E672
C0C2A8CB
C0C36CE7
C0C432C4
C0C4FA5D
C0C5C3B1
C0C68EBB
C0C75B78
C0C829E4
C0C8F9FC
C0C9CBBC
C0CA9F1F
C0CB7421
C0CC4ABF
C0CD22F4
C0CDFCBB
C0CED811
C0CFB4EF
C0D09353
C0D17337
C0D25496
C0D3376C
C0D41BB4
C0D50169
C0D5E887
C0D6D107
C0D7BAE7
C0D8A620
C0D992AD
C0DA808B
C0DB6FB4
C0DC6024
C0DD51D5
C0DE44C2
C0DF38E8
C0E02E41
C0E124C9
C0E21C7B
C0E31553
C0E40F4B
C0E50A60
C0E6068D
C0E703CD
C0E8021D
C0E90178
C0EA01D9
C0EB033E
C0EC05A0
C0ED08FE
C0EE0D51
C0EF1297
C0F018CC
C0F11FEC
C0F227F2
C0F330DC
C0F43AA6
C0F5454B
C0F650C9
C0F75D1C
C0F86A41
C0F97834
C0FA86F2
C0FB9678
C0FCA6C2
C0FDB7CD
C0FEC996
C0FFDC1B
C10077AC
C10101A4
C1018BF6
C10216A0
C102A1A0
C1032CF4
C103B89C
C1044497
C104D0E2
C1055D7C
C105EA65
C106779B
C107051C
C10792E8
C10820FD
C108AF5A
C1093DFE
C109CCE8
C10A5C16
C10AEB88
C10B7B3C
C10C0B32
C10C9B67
C10D2BDC
C10DBC8F
C10E4D7F
C10EDEAB
C10F7012
C11001B3
C110938D
C111259F
C111B7E9
C1124A69
C112DD1E
C1137007
C1140324
C1149674
C11529F5
C115BDA7
C116518A
C116E59C
C11779DC
C1180E4A
C118A2E4
C11937AB
C119CC9D
C11A61B9
C11AF6FF
C11B8C6E
C11C2206
C11CB7C5
C11D4DAB
C11DE3B7
C11E79E8
C11F103E
C11FA6B9
C1203D57
C120D417
C1216AFA
C12201FE
C1229923
C1233069
C123C7CE
C1245F52
C124F6F5
C1258EB6
C1262694
C126BE8F
C12756A6
C127EED9
C1288727
C1291F90
C129B813
C12A50B0
C12AE966
C12B8234
C12C1B1B
C12CB419
C12D4D2F
C12DE65B
C12E7F9E
C12F18F6
C12FB265
C1304BE8
C130E57F
C1317F2B
C13218EB
C09917DB
C099627B
C099AD7F
C099F8EE
C09A44D1
C09A9132
C09ADE18
C09B2B8B
C09B7993
C09BC839
C09C1784
C09C677C
C09CB828
C09D098F
C09D5BB9
C09DAEAD
C09E0272
C09E5710
C09EAC8C
C09F02EF
C09F5A3E
C09FB281
C0A00BBE
C0A065FC
C0A0C141
C0A11D94
C0A17AFC
C0A1D97E
C0A23922
C0A299EC
C0A2FBE5
C0A35F11
C0A3C376
C0A4291C
C0A49008
C0A4F83F
C0A561C8
C0A5CCA9
C0A638E6
C0A6A687
C0A7158F
C0A78606
C0A7F7F0
C0A86B52
C0A8E032
C0A95695
C0A9CE7F
C0AA47F7
C0AAC300
C0AB3FA0
C0ABBDDA
C0AC3DB3
C0ACBF30
C0AD4255
C0ADC725
C0AE4DA6
C0AED5D9
C0AF5FC4
C0AFEB68
C0B078CB
C0B107EE
C0B198D5
C0B22B81
C0B2BFF7
C0B35638
C0B3EE46
C0B48824
C0B523D2
C0B5C153
C0B660A8
C0B701D2
C0B7A4D2
C0B849A8
C0B8F056
C0B998DB
C0BA4337
C0BAEF6B
C0BB9D76
C0BC4D57
C0BCFF0F
C0BDB29A
C0BE67F9
C0BF1F2A
C0BFD82C
C0C092FC
C0C14F99
C0C20E00
C0C2CE2F
C0C39024
C0C453DB
C0C51952
C0C5E086
C0C6A974
C0C77418
C0C8406E
C0C90E73
C0C9DE23
C0CAAF7B
C0CB8276
C0CC5710
C0CD2D45
C0CE0510
C0CEDE6E
C0CFB959
C0D095CE
C0D173C7
C0D25340
C0D33435
C0D4169F
C0D4FA7C
C0D5DFC5
C0D6C676
C0D7AE8B
C0D897FE
C0D982CA
C0DA6EEC
C0DB5C5D
C0DC4B19
C0DD3B1B
C0DE2C5F
C0DF1EE0
C0E01299
C0E10785
C0E1FDA0
C0E2F4E5
C0E3ED4F
C0E4E6DB
C0E5E183
C0E6DD43
C0E7DA17
C0E8D7FB
C0E9D6E9
C0EAD6DF
C0EBD7D8
C0ECD9CF
C0EDDCC1
C0EEE0AA
C0EFE585
C0F0EB50
C0F1F205
C0F2F9A3
C0F40223
C0F50B84
C0F615C2
C0F720D8
C0F82CC4
C0F93982
C0FA470E
C0FB5567
C0FC6487
C0FD746C
C0FE8513
C0FF9679
C100544E
C100DDBB
C1016783
C101F1A4
C1027C1E
C10306EE
C1039213
C1041D8C
C104A958
C1053575
C105C1E1
C1064E9D
C106DBA5
C10768FA
C107F699
C1088483
C10912B4
C109A12D
C10A2FED
C10ABEF1
C10B4E39
C10BDDC4
C10C6D90
C10CFD9D
C10D8DEA
C10E1E75
C10EAF3E
C10F4043
C10FD184
C11062FF
C110F4B4
C11186A2
C11218C7
C112AB22
C1133DB4
C113D07A
C1146374
C114F6A2
C1158A02
C1161D93
C116B154
C1174546
C117D966
C1186DB4
C119022F
C11996D7
C11A2BAB
C11AC0AA
C11B55D3
C11BEB25
C11C80A0
C11D1643
C11DAC0D
C11E41FE
C11ED815
C11F6E50
C12004B1
C1209B35
C12131DD
C121C8A7
C1225F93
C122F6A0
C1238DCE
C124251C
C124BC89
C1255416
C125EBC1
C1268389
C1271B6F
C127B371
C1284B90
C128E3C9
C1297C1E
C12A148E
C12AAD17
C12B45BA
C12BDE77
C12C774B
C12D1038
C12DA93C
C12E4257
C12EDB89
C12F74D1
C1300E2F
C130A7A2
C131412A
C131DAC7
C1327477
C09A1F18
C09A695C
C09AB404
C09AFF19
C09B4AA3
C09B96AB
C09BE338
C09C3054
C09C7E06
C09CCC55
C09D1B4A
C09D6AED
C09DBB43
C09E0C56
C09E5E2C
C09EB0CC
C09F043E
C09F5888
C09FADB2
C0A003C1
C0A05ABE
C0A0B2AE
C0A10B99
C0A16585
C0A1C078
C0A21C79
C0A2798F
C0A2D7BF
C0A33711
C0A3978A
C0A3F930
C0A45C0A
C0A4C01E
C0A52572
C0A58C0B
C0A5F3F0
C0A65D27
C0A6C7B5
C0A733A0
C0A7A0ED
C0A80FA3
C0A87FC7
C0A8F15D
C0A9646C
C0A9D8F8
C0AA4F07
C0AAC69E
C0AB3FC1
C0ABBA75
C0AC36C0
C0ACB4A5
C0AD3429
C0ADB550
C0AE381F
C0AEBC99
C0AF42C2
C0AFCA9F
C0B05432
C0B0DF7F
C0B16C89
C0B1FB54
C0B28BE2
C0B31E36
C0B3B252
C0B44839
C0B4DFED
C0B57970
C0B614C3
C0B6B1E9
C0B750E2
C0B7F1AF
C0B89452
C0B938CC
C0B9DF1C
C0BA8743
C0BB3141
C0BBDD16
C0BC8AC2
C0BD3A44
C0BDEB9A
C0BE9EC6
C0BF53C4
C0C00A93
C0C0C333
C0C17DA1
C0C239DB
C0C2F7DF
C0C3B7AA
C0C4793B
C0C53C8E
C0C601A0
C0C6C86E
C0C790F6
C0C85B33
C0C92723
C0C9F4C1
C0CAC40A
C0CB94FA
C0CC678C
C0CD3BBE
C0CE1189
C0CEE8EC
C0CFC1E0
C0D09C61
C0D1786B
C0D255F9
C0D33507
C0D41590
C0D4F78F
C0D5DB00
C0D6BFDD
C0D7A622
C0D88DCA
C0D976D0
C0DA6130
C0DB4CE4
C0DC39E8
C0DD2837
C0DE17CC
C0DF08A2
C0DFFAB5
C0E0EE00
C0E1E27F
C0E2D82C
C0E3CF03
C0E4C700
C0E5C01E
C0E6BA59
C0E7B5AB
C0E8B212
C0E9AF88
C0EAAE0A
C0EBAD93
C0ECAE1F
C0EDAFAA
C0EEB230
C0EFB5AD
C0F0BA1D
C0F1BF7C
C0F2C5C7
C0F3CCF9
C0F4D510
C0F5DE07
C0F6E7DB
C0F7F289
C0F8FE0C
C0FA0A62
C0FB1787
C0FC2579
C0FD3433
C0FE43B2
C0FF53F4
C100327B
C100BB5A
C1014495
C101CE2C
C102581C
C102E265
C1036D05
C103F7FA
C1048343
C1050EE0
C1059ACE
C106270C
C106B399
C1074074
C107CD9B
C1085B0E
C108E8CB
C10976D0
C10A051E
C10A93B1
C10B228B
C10BB1A8
C10C4109
C10CD0AC
C10D6090
C10DF0B4
C10E8117
C10F11B8
C10FA296
C11033B0
C110C505
C1115694
C111E85C
C1127A5C
C1130C93
C1139F00
C11431A3
C114C47A
C1155784
C115EAC2
C1167E31
C11711D1
C117A5A1
C11839A1
C118CDCF
C119622B
C119F6B3
C11A8B68
C11B2049
C11BB554
C11C4A88
C11CDFE6
C11D756D
C11E0B1B
C11EA0F0
C11F36EB
C11FCD0C
C1206352
C120F9BC
C121904A
C12226FB
C122BDCE
C12354C3
C123EBD9
C124830F
C1251A66
C125B1DB
C1264970
C126E122
C12778F2
C12810DF
C128A8E8
C129410E
C129D94E
C12A71AA
C12B0A20
C12BA2B0
C12C3B59
C12CD41B
C12D6CF5
C12E05E8
C12E9EF1
C12F3812
C12FD149
C1306A96
C13103F9
C1319D71
C13236FE
C132D0A0
C09B27A9
C09B7194
C09BBBE2
C09C069F
C09C51D1
C09C9D82
C09CE9B9
C09D367F
C09D83DB
C09DD1D6
C09E2077
C09E6FC5
C09EBFC9
C09F1089
C09F620C
C09FB45A
C0A0077A
C0A05B72
C0A0B04A
C0A10609
C0A15CB4
C0A1B454
C0A20CEE
C0A26689
C0A2C12B
C0A31CDC
C0A379A1
C0A3D781
C0A43682
C0A496AA
C0A4F800
C0A55A89
C0A5BE4D
C0A62350
C0A68998
C0A6F12C
C0A75A12
C0A7C44F
C0A82FE8
C0A89CE4
C0A90B48
C0A97B1A
C0A9EC5E
C0AA5F1B
C0AAD355
C0AB4911
C0ABC054
C0AC3924
C0ACB385
C0AD2F7C
C0ADAD0C
C0AE2C3C
C0AEAD0E
C0AF2F88
C0AFB3AD
C0B03981
C0B0C107
C0B14A44
C0B1D53A
C0B261ED
C0B2F061
C0B38097
C0B41292
C0B4A656
C0B53BE4
C0B5D33E
C0B66C67
C0B70760
C0B7A42B
C0B842C9
C0B8E33B
C0B98582
C0BA299F
C0BACF92
C0BB775C
C0BC20FC
C0BCCC73
C0BD79C0
C0BE28E3
C0BED9DA
C0BF8CA5
C0C04143
C0C0F7B1
C0C1AFEF
C0C269FB
C0C325D3
C0C3E374
C0C4A2DC
C0C56409
C0C626F7
C0C6EBA5
C0C7B20E
C0C87A30
C0C94407
C0CA0F90
C0CADCC7
C0CBABA8
C0CC7C30
C0CD4E5B
C0CE2223
C0CEF786
C0CFCE7F
C0D0A709
C0D18120
C0D25CC0
C0D339E3
C0D41886
C0D4F8A3
C0D5DA36
C0D6BD3B
C0D7A1AB
C0D88784
C0D96EBF
C0DA5758
C0DB414A
C0DC2C91
C0DD1927
C0DE0708
C0DEF62F
C0DFE697
C0E0D83C
C0E1CB19
C0E2BF29
C0E3B467
C0E4AAD0
C0E5A25F
C0E69B0E
C0E794DB
C0E88FBF
C0E98BB8
C0EA88C0
C0EB86D4
C0EC85EF
C0ED860E
C0EE872B
C0EF8944
C0F08C54
C0F19058
C0F2954B
C0F39B2A
C0F4A1F1
C0F5A99C
C0F6B228
C0F7BB92
C0F8C5D6
C0F9D0EF
C0FADCDC
C0FBE999
C0FCF722
C0FE0575
C0FF148D
C1001235
C1009A82
C101232E
C101AC38
C102359C
C102BF5B
C1034973
C103D3E1
C1045EA6
C104E9BF
C105752C
C10600EA
C1068CF9
C1071958
C107A604
C10832FD
C108C042
C1094DD2
C109DBAB
C10A69CC
C10AF834
C10B86E2
C10C15D4
C10CA50A
C10D3483
C10DC43D
C10E5438
C10EE472
C10F74EB
C11005A1
C1109693
C11127C1
C111B929
C1124ACB
C112DCA5
C1136EB7
C11400FF
C114937D
C1152631
C115B918
C1164C32
C116DF7F
C11772FD
C11806AB
C1189A8A
C1192E97
C119C2D3
C11A573C
C11AEBD1
C11B8093
C11C157F
C11CAA96
C11D3FD6
C11DD540
C11E6AD1
C11F008A
C11F9669
C1202C6F
C120C29A
C12158EA
C121EF5D
C12285F4
C1231CAE
C123B38A
C1244A87
C124E1A6
C12578E4
C1261042
C126A7C0
C1273F5C
C127D715
C1286EED
C12906E1
C1299EF1
C12A371D
C12ACF64
C12B67C6
C12C0042
C12C98D8
C12D3187
C12DCA4F
C12E632F
C12EFC27
C12F9536
C1302E5C
C130C798
C13160EA
C131FA52
C13293CF
C1332D61
C09C3188
C09C7B1A
C09CC512
C09D0F77
C09D5A54
C09DA5AF
C09DF192
C09E3E03
C09E8B0C
C09ED8B4
C09F2703
C09F75FF
C09FC5B1
C0A0161F
C0A06752
C0A0B94F
C0A10C1E
C0A15FC7
C0A1B44F
C0A209BD
C0A26019
C0A2B769
C0A30FB4
C0A36900
C0A3C353
C0A41EB4
C0A47B2A
C0A4D8BB
C0A5376D
C0A59746
C0A5F84D
C0A65A87
C0A6BDFB
C0A722AF
C0A788A8
C0A7EFEC
C0A85882
C0A8C26F
C0A92DB8
C0A99A64
C0AA0877
C0AA77F8
C0AAE8EC
C0AB5B57
C0ABCF3F
C0AC44AA
C0ACBB9C
C0AD3419
C0ADAE28
C0AE29CB
C0AEA709
C0AF25E5
C0AFA664
C0B0288A
C0B0AC5A
C0B131D9
C0B1B90B
C0B241F2
C0B2CC93
C0B358F0
C0B3E70C
C0B476EB
C0B5088F
C0B59BFB
C0B63131
C0B6C833
C0B76103
C0B7FBA2
C0B89813
C0B93657
C0B9D66E
C0BA785A
C0BB1C1B
C0BBC1B2
C0BC691F
C0BD1262
C0BDBD7B
C0BE6A6A
C0BF192E
C0BFC9C6
C0C07C32
C0C1306F
C0C1E67D
C0C29E5A
C0C35804
C0C4137A
C0C4D0B8
C0C58FBD
C0C65086
C0C71311
C0C7D75A
C0C89D5E
C0C9651A
C0CA2E8C
C0CAF9AE
C0CBC67E
C0CC94F8
C0CD6518
C0CE36DA
C0CF0A3A
C0CFDF34
C0D0B5C3
C0D18DE3
C0D26790
C0D342C5
C0D41F7D
C0D4FDB5
C0D5DD66
C0D6BE8D
C0D7A125
C0D88529
C0D96A95
C0DA5162
C0DB398E
C0DC2312
C0DD0DEB
C0DDFA13
C0DEE785
C0DFD63E
C0E0C637
C0E1B76D
C0E2A9DB
C0E39D7C
C0E4924C
C0E58846
C0E67F65
C0E777A6
C0E87103
C0E96B79
C0EA6702
C0EB639C
C0EC6141
C0ED5FEE
C0EE5F9E
C0EF604D
C0F061F8
C0F1649A
C0F26830
C0F36CB6
C0F47228
C0F57883
C0F67FC2
C0F787E2
C0F890E1
C0F99AB9
C0FAA568
C0FBB0EB
C0FCBD3E
C0FDCA5E
C0FED848
C0FFE6F9
C1007B36
C1010351
C1018BCA
C10214A0
C1029DD2
C103275F
C103B144
C1043B81
C104C615
C10550FD
C105DC39
C10667C7
C106F3A6
C1077FD5
C1080C53
C108991D
C1092634
C109B396
C10A4141
C10ACF35
C10B5D71
C10BEBF2
C10C7AB9
C10D09C4
C10D9912
C10E28A2
C10EB873
C10F4883
C10FD8D3
C1106960
C110FA2A
C1118B30
C1121C71
C112ADEC
C1133FA0
C113D18C
C11463AF
C114F608
C1158897
C1161B5A
C116AE50
C117417A
C117D4D5
C1186862
C118FC1E
C119900B
C11A2425
C11AB86E
C11B4CE4
C11BE185
C11C7653
C11D0B4B
C11DA06D
C11E35B9
C11ECB2D
C11F60C9
C11FF68C
C1208C76
C1212285
C121B8BA
C1224F12
C122E58F
C1237C2F
C12412F2
C124A9D6
C12540DC
C125D802
C1266F48
C12706AE
C1279E33
C12835D6
C128CD97
C1296575
C129FD70
C12A9587
C12B2DB9
C12BC607
C12C5E6F
C12CF6F1
C12D8F8D
C12E2842
C12EC10F
C12F59F5
C12FF2F2
C1308C06
C1312531
C131BE72
C13257C9
C132F136
C1338AB7
C09D3CAE
C09D85E9
C09DCF8B
C09E199C
C09E6424
C09EAF2C
C09EFABC
C09F46DB
C09F9392
C09FE0E9
C0A02EE6
C0A07D92
C0A0CCF4
C0A11D13
C0A16DF6
C0A1BFA4
C0A21224
C0A2657E
C0A2B9B7
C0A30ED8
C0A364E6
C0A3BBE8
C0A413E4
C0A46CE2
C0A4C6E8
C0A521FC
C0A57E24
C0A5DB67
C0A639CB
C0A69956
C0A6FA0F
C0A75BFC
C0A7BF21
C0A82387
C0A88932
C0A8F028
C0A9586F
C0A9C20D
C0AA2D08
C0AA9964
C0AB0729
C0AB765A
C0ABE6FE
C0AC5919
C0ACCCB1
C0AD41CB
C0ADB86C
C0AE3099
C0AEAA56
C0AF25A8
C0AFA294
C0B0211D
C0B0A14A
C0B1231C
C0B1A699
C0B22BC5
C0B2B2A2
C0B33B35
C0B3C580
C0B45188
C0B4DF4F
C0B56ED8
C0B60026
C0B6933B
C0B72819
C0B7BEC3
C0B8573B
C0B8F181
C0B98D99
C0BA2B83
C0BACB40
C0BB6CD1
C0BC1037
C0BCB573
C0BD5C84
C0BE056A
C0BEB027
C0BF5CB8
C0C00B1E
C0C0BB57
C0C16D63
C0C22141
C0C2D6EF
C0C38E6B
C0C447B5
C0C502C8
C0C5BFA4
C0C67E47
C0C73EAD
C0C800D3
C0C8C4B8
C0C98A57
C0CA51AF
C0CB1ABA
C0CBE576
C0CCB1E0
C0CD7FF2
C0CE4FAB
C0CF2105
C0CFF3FC
C0D0C88D
C0D19EB2
C0D27668
C0D34FAB
C0D42A75
C0D506C2
C0D5E48D
C0D6C3D3
C0D7A48E
C0D886B9
C0D96A50
C0DA4F4E
C0DB35AE
C0DC1D6C
C0DD0682
C0DDF0EC
C0DEDCA5
C0DFC9A9
C0E0B7F2
C0E1A77D
C0E29844
C0E38A42
C0E47D74
C0E571D4
C0E6675E
C0E75E0D
C0E855DE
C0E94ECC
C0EA48D1
C0EB43EB
C0EC4015
C0ED3D4B
C0EE3B88
C0EF3AC9
C0F03B0A
C0F13C46
C0F23E79
C0F341A1
C0F445B9
C0F54ABD
C0F650AA
C0F7577C
C0F85F2F
C0F967C1
C0FA712D
C0FB7B71
C0FC8689
C0FD9271
C0FE9F27
C0FFACA7
C1005D77
C100E4FD
C1016CE3
C101F528
C1027DCB
C10306CA
C1039023
C10419D6
C104A3E1
C1052E43
C105B8FA
C1064404
C106CF62
C1075B11
C107E70F
C108735D
C108FFF9
C1098CE1
C10A1A14
C10AA791
C10B3558
C10BC366
C10C51BB
C10CE055
C10D6F34
C10DFE56
C10E8DBB
C10F1D61
C10FAD48
C1103D6D
C110CDD1
C1115E73
C111EF50
C1128069
C11311BD
C113A34A
C114350F
C114C70C
C1155940
C115EBA9
C1167E47
C117111A
C117A420
C1183758
C118CAC1
C1195E5C
C119F226
C11A861F
C11B1A47
C11BAE9C
C11C431E
C11CD7CB
C11D6CA5
C11E01A8
C11E96D5
C11F2C2C
C11FC1AA
C1205750
C120ED1D
C1218311
C122192A
C122AF67
C12345C9
C123DC4F
C12472F7
C12509C2
C125A0AF
C12637BC
C126CEEB
C1276639
C127FDA6
C1289532
C1292CDC
C129C4A4
C12A5C89
C12AF48A
C12B8CA7
C12C24E0
C12CBD33
C12D55A2
C12DEE29
C12E86CB
C12F1F85
C12FB858
C1305142
C130EA45
C131835E
C1321C8E
C132B5D4
C1334F2F
C133E8A0
C09E4913
C09E91FA
C09EDB48
C09F2505
C09F6F3B
C09FB9F1
C0A0052F
C0A050FE
C0A09D65
C0A0EA6C
C0A1381A
C0A18677
C0A1D58B
C0A2255B
C0A275F0
C0A2C751
C0A31984
C0A36C90
C0A3C07D
C0A41551
C0A46B12
C0A4C1C7
C0A51978
C0A57229
C0A5CBE2
C0A626AA
C0A68286
C0A6DF7C
C0A73D94
C0A79CD3
C0A7FD3F
C0A85EDF
C0A8C1B8
C0A925D1
C0A98B2F
C0A9F1D8
C0AA59D2
C0AAC322
C0AB2DCF
C0AB99DE
C0AC0754
C0AC7637
C0ACE68C
C0AD5859
C0ADCBA2
C0AE406D
C0AEB6BE
C0AF2E9A
C0AFA807
C0B02309
C0B09FA4
C0B11DDC
C0B19DB7
C0B21F38
C0B2A262
C0B3273B
C0B3ADC5
C0B43604
C0B4BFFC
C0B54BB0
C0B5D922
C0B66856
C0B6F94E
C0B78C0C
C0B82094
C0B8B6E7
C0B94F07
C0B9E8F6
C0BA84B6
C0BB2247
C0BBC1AA
C0BC62E2
C0BD05ED
C0BDAACE
C0BE5183
C0BEFA0E
C0BFA46E
C0C050A2
C0C0FEAA
C0C1AE86
C0C26033
C0C313B2
C0C3C900
C0C4801D
C0C53905
C0C5F3B7
C0C6B032
C0C76E72
C0C82E75
C0C8F038
C0C9B3B8
C0CA78F3
C0CB3FE5
C0CC088B
C0CCD2E1
C0CD9EE4
C0CE6C90
C0CF3BE1
C0D00CD2
C0D0DF61
C0D1B388
C0D28944
C0D36090
C0D43968
C0D513C7
C0D5EFA9
C0D6CD09
C0D7ABE3
C0D88C31
C0D96DEF
C0DA5119
C0DB35A9
C0DC1B9B
C0DD02EB
C0DDEB92
C0DED58E
C0DFC0D8
C0E0AD6D
C0E19B46
C0E28A61
C0E37AB8
C0E46C47
C0E55F08
C0E652F8
C0E74812
C0E83E51
C0E935B1
C0EA2E2E
C0EB27C4
C0EC226D
C0ED1E27
C0EE1AEC
C0EF18B9
C0F0178A
C0F1175B
C0F21827
C0F319EB
C0F41CA4
C0F5204C
C0F624E2
C0F72A60
C0F830C4
C0F93809
C0FA402E
C0FB492D
C0FC5304
C0FD5DAF
C0FE692B
C0FF7576
C1004145
C100C834
C1014F85
C101D736
C1025F47
C102E7B6
C1037081
C103F9A7
C1048327
C1050CFF
C105972E
C10621B3
C106AC8C
C10737B8
C107C335
C1084F03
C108DB21
C109678D
C109F445
C10A8149
C10B0E98
C10B9C30
C10C2A10
C10CB837
C10D46A5
C10DD557
C10E644D
C10EF386
C10F8301
C11012BD
C110A2B8
C11132F2
C111C36A
C112541F
C112E50F
C113763A
C11407A0
C114993E
C1152B14
C115BD21
C1164F65
C116E1DE
C117748C
C118076D
C1189A81
C1192DC8
C119C13F
C11A54E7
C11AE8BE
C11B7CC4
C11C10F8
C11CA559
C11D39E6
C11DCEA0
C11E6384
C11EF892
C11F8DCA
C120232B
C120B8B4
C1214E64
C121E43A
C1227A37
C1231059
C123A6A0
C1243D0A
C124D398
C1256A49
C126011C
C1269810
C1272F26
C127C65B
C1285DB1
C128F525
C1298CB8
C12A2469
C12ABC37
C12B5423
C12BEC2A
C12C844E
C12D1C8C
C12DB4E6
C12E4D5A
C12EE5E7
C12F7E8E
C130174D
C130B025
C1314915
C131E21C
C1327B3A
C133146F
C133ADB9
C134471A
C09F56B0
C09F9F44
C09FE840
C0A031AC
C0A07B91
C0A0C5F7
C0A110E6
C0A15C66
C0A1A87E
C0A1F537
C0A24298
C0A290A8
C0A2DF6E
C0A32EF2
C0A37F3B
C0A3D04F
C0A42236
C0A474F7
C0A4C898
C0A51D21
C0A57297
C0A5C901
C0A62066
C0A678CD
C0A6D23B
C0A72CB8
C0A78849
C0A7E4F4
C0A842C1
C0A8A1B5
C0A901D6
C0A9632A
C0A9C5B8
C0AA2985
C0AA8E97
C0AAF4F4
C0AB5CA2
C0ABC5A7
C0AC3007
C0AC9BCA
C0AD08F3
C0AD7789
C0ADE790
C0AE590F
C0AECC0A
C0AF4087
C0AFB68A
C0B02E17
C0B0A735
C0B121E7
C0B19E32
C0B21C1B
C0B29BA5
C0B31CD4
C0B39FAE
C0B42435
C0B4AA6D
C0B53259
C0B5BBFE
C0B6475E
C0B6D47D
C0B7635C
C0B7F3FF
C0B88669
C0B91A9B
C0B9B098
C0BA4862
C0BAE1F9
C0BB7D61
C0BC1A9A
C0BCB9A5
C0BD5A83
C0BDFD35
C0BEA1BB
C0BF4816
C0BFF046
C0C09A4A
C0C14621
C0C1F3CD
C0C2A34B
C0C3549A
C0C407BA
C0C4BCAA
C0C57366
C0C62BEE
C0C6E640
C0C7A258
C0C86036
C0C91FD7
C0C9E137
C0CAA454
C0CB692B
C0CC2FB8
C0CCF7F8
C0CDC1E8
C0CE8D85
C0CF5AC9
C0D029B3
C0D0FA3C
C0D1CC62
C0D2A021
C0D37573
C0D44C55
C0D524C3
C0D5FEB7
C0D6DA2D
C0D7B721
C0D8958E
C0D97570
C0DA56C1
C0DB397D
C0DC1DA0
C0DD0324
C0DDEA05
C0DED23E
C0DFBBCA
C0E0A6A5
C0E192C9
C0E28033
C0E36EDE
C0E45EC5
C0E54FE3
C0E64233
C0E735B2
C0E82A5B
C0E9202A
C0EA1719
C0EB0F25
C0EC0849
C0ED0282
C0EDFDCA
C0EEFA1F
C0EFF77B
C0F0F5DB
C0F1F53B
C0F2F596
C0F3F6EA
C0F4F932
C0F5FC6B
C0F70090
C0F8059F
C0F90B94
C0FA126B
C0FB1A21
C0FC22B2
C0FD2C1B
C0FE3659
C0FF4168
C10026A3
C100ACF8
C10133B0
C101BACB
C1024248
C102CA24
C103525E
C103DAF4
C10463E6
C104ED33
C10576D7
C10600D3
C1068B25
C10715CC
C107A0C6
C1082C12
C108B7AF
C109439B
C109CFD6
C10A5C5E
C10AE933
C10B7652
C10C03BB
C10C916D
C10D1F66
C10DADA6
C10E3C2B
C10ECAF4
C10F5A01
C10FE950
C11078E0
C11108B0
C11198C0
C112290E
C112B998
C1134A60
C113DB62
C1146C9F
C114FE15
C1158FC4
C11621AB
C116B3C8
C117461B
C117D8A3
C1186B60
C118FE4F
C1199172
C11A24C5
C11AB84A
C11B4BFE
C11BDFE2
C11C73F4
C11D0834
C11D9CA1
C11E313A
C11EC5FE
C11F5AED
C11FF006
C1208548
C1211AB3
C121B045
C12245FF
C122DBDF
C12371E5
C124080F
C1249E5F
C12534D2
C125CB68
C1266221
C126F8FB
C1278FF7
C1282714
C128BE51
C12955AD
C129ED28
C12A84C2
C12B1C7A
C12BB44E
C12C4C40
C12CE44D
C12D7C77
C12E14BB
C12EAD1A
C12F4594
C12FDE27
C13076D3
C1310F97
C131A874
C1324169
C132DA75
C1337397
C1340CD0
C134A61F
C0A0657F
C0A0ADC2
C0A0F66D
C0A13F8A
C0A18920
C0A1D337
C0A21DD8
C0A2690B
C0A2B4D7
C0A30143
C0A34E57
C0A39C1C
C0A3EA97
C0A439CF
C0A489CD
C0A4DA97
C0A52C34
C0A57EAB
C0A5D202
C0A62641
C0A67B6D
C0A6D18D
C0A728A9
C0A780C6
C0A7D9EB
C0A8341E
C0A88F65
C0A8EBC7
C0A9494A
C0A9A7F4
C0AA07CB
C0AA68D6
C0AACB19
C0AB2E9C
C0AB9364
C0ABF977
C0AC60DA
C0ACC993
C0AD33A8
C0AD9F1F
C0AE0BFD
C0AE7A47
C0AEEA02
C0AF5B35
C0AFCDE3
C0B04212
C0B0B7C8
C0B12F08
C0B1A7D7
C0B2223B
C0B29E37
C0B31BD1
C0B39B0B
C0B41BEB
C0B49E74
C0B522AA
C0B5A891
C0B6302C
C0B6B97F
C0B7448D
C0B7D158
C0B85FE4
C0B8F034
C0B98249
C0BA1626
C0BAABCE
C0BB4342
C0BBDC83
C0BC7794
C0BD1476
C0BDB329
C0BE53AF
C0BEF608
C0BF9A34
C0C04035
C0C0E80A
C0C191B3
C0C23D2F
C0C2EA7E
C0C3999F
C0C44A91
C0C4FD53
C0C5B1E3
C0C66840
C0C72069
C0C7DA5A
C0C89612
C0C9538E
C0CA12CC
C0CAD3CA
C0CB9683
C0CC5AF6
C0CD211F
C0CDE8FA
C0CEB284
C0CF7DBB
C0D04A98
C0D1191A
C0D1E93C
C0D2BAFA
C0D38E4F
C0D46338
C0D539B0
C0D611B3
C0D6EB3C
C0D7C647
C0D8A2CF
C0D980D0
C0DA6044
C0DB4128
C0DC2377
C0DD072B
C0DDEC41
C0DED2B3
C0DFBA7D
C0E0A399
C0E18E05
C0E279B9
C0E366B3
C0E454ED
C0E54463
C0E63510
C0E726EF
C0E819FD
C0E90E35
C0EA0391
C0EAFA0F
C0EBF1A9
C0ECEA5C
C0EDE423
C0EEDEF9
C0EFDADC
C0F0D7C6
C0F1D5B5
C0F2D4A3
C0F3D48D
C0F4D570
C0F5D747
C0F6DA0F
C0F7DDC4
C0F8E262
C0F9E7E7
C0FAEE4E
C0FBF594
C0FCFDB6
C0FE06B1
C0FF1080
C1000D91
C1009349
C1011967
C1019FE9
C10226CE
C102AE15
C10335BB
C103BDC0
C1044622
C104CEDF
C10557F7
C105E168
C1066B30
C106F54E
C1077FC2
C1080A89
C10895A3
C109210E
C109ACC9
C10A38D3
C10AC52A
C10B51CE
C10BDEBE
C10C6BF7
C10CF97A
C10D8744
C10E1556
C10EA3AD
C10F3249
C10FC128
C110504B
C110DFAF
C1116F53
C111FF37
C1128F5A
C1131FBB
C113B058
C1144131
C114D245
C1156393
C115F51A
C11686D9
C11718CF
C117AAFC
C1183D5E
C118CFF5
C11962BF
C119F5BD
C11A88EC
C11B1C4D
C11BAFDE
C11C439F
C11CD78F
C11D6BAD
C11DFFF9
C11E9471
C11F2914
C11FBDE3
C12052DD
C120E800
C1217D4C
C12212C0
C122A85C
C1233E1F
C123D407
C1246A16
C1250049
C12596A1
C1262D1C
C126C3BA
C1275A7A
C127F15C
C1288860
C1291F84
C129B6C7
C12A4E2A
C12AE5AC
C12B7D4C
C12C150A
C12CACE5
C12D44DD
C12DDCF0
C12E751F
C12F0D69
C12FA5CE
C1303E4C
C130D6E4
C1316F95
C132085F
C132A141
C1333A3A
C133D34B
C1346C72
C13505AF
C0A17578
C0A1BD6B
C0A205C8
C0A24E97
C0A297E0
C0A2E1AB
C0A32BFF
C0A376E6
C0A3C267
C0A40E88
C0A45B52
C0A4A8CC
C0A4F6FD
C0A545ED
C0A595A1
C0A5E622
C0A63776
C0A689A4
C0A6DCB3
C0A730A9
C0A7858D
C0A7DB65
C0A83238
C0A88A0D
C0A8E2EA
C0A93CD4
C0A997D4
C0A9F3ED
C0AA5128
C0AAAF8A
C0AB0F18
C0AB6FDA
C0ABD1D5
C0AC350F
C0AC998D
C0ACFF56
C0AD6670
C0ADCEE0
C0AE38AB
C0AEA3D8
C0AF106B
C0AF7E6A
C0AFEDDA
C0B05EC2
C0B0D124
C0B14508
C0B1BA71
C0B23164
C0B2A9E7
C0B323FD
C0B39FAC
C0B41CF7
C0B49BE3
C0B51C74
C0B59EAE
C0B62294
C0B6A82B
C0B72F76
C0B7B877
C0B84333
C0B8CFAD
C0B95DE7
C0B9EDE3
C0BA7FA5
C0BB132E
C0BBA882
C0BC3FA0
C0BCD88C
C0BD7347
C0BE0FD2
C0BEAE2E
C0BF4E5C
C0BFF05D
C0C09431
C0C139D8
C0C1E153
C0C28AA1
C0C335C2
C0C3E2B6
C0C4917A
C0C54210
C0C5F474
C0C6A8A6
C0C75EA5
C0C8166E
C0C8CFFF
C0C98B56
C0CA4871
C0CB074E
C0CBC7E9
C0CC8A3F
C0CD4E4E
C0CE1413
C0CEDB89
C0CFA4AE
C0D06F7E
C0D13BF6
C0D20A10
C0D2D9CA
C0D3AB20
C0D47E0C
C0D5528C
C0D6289A
C0D70032
C0D7D950
C0D8B3F0
C0D9900C
C0DA6DA0
C0DB4CA8
C0DC2D1E
C0DD0EFF
C0DDF245
C0DED6EC
C0DFBCEF
C0E0A449
C0E18CF6
C0E276F1
C0E36236
C0E44EBF
C0E53C88
C0E62B8D
C0E71BC8
C0E80D36
C0E8FFD2
C0E9F397
C0EAE882
C0EBDE8D
C0ECD5B5
C0EDCDF6
C0EEC74A
C0EFC1AE
C0F0BD1E
C0F1B997
C0F2B713
C0F3B58F
C0F4B507
C0F5B577
C0F6B6DC
C0F7B933
C0F8BC76
C0F9C0A3
C0FAC5B7
C0FBCBAD
C0FCD283
C0FDDA35
C0FEE2BF
C0FFEC1F
C1007B29
C10100AA
C1018691
C1020CDC
C102938B
C1031A9B
C103A20B
C10429DA
C104B206
C1053A8F
C105C371
C1064CAE
C106D641
C107602C
C107EA6C
C1087500
C108FFE7
C1098B1F
C10A16A8
C10AA280
C10B2EA6
C10BBB19
C10C47D8
C10CD4E1
C10D6234
C10DEFCF
C10E7DB1
C10F0BDA
C10F9A48
C11028FA
C110B7EF
C1114726
C111D69E
C1126657
C112F64E
C1138684
C11416F7
C114A7A6
C1153890
C115C9B5
C1165B13
C116ECAA
C1177E79
C118107E
C118A2B9
C119352A
C119C7CE
C11A5AA6
C11AEDB1
C11B80EE
C11C145B
C11CA7F9
C11D3BC6
C11DCFC1
C11E63EA
C11EF841
C11F8CC4
C1202172
C120B64B
C1214B4F
C121E07B
C12275D1
C1230B4E
C123A0F3
C12436BF
C124CCB0
C12562C7
C125F903
C1268F62
C12725E5
C127BC8B
C1285353
C128EA3C
C1298146
C12A1871
C12AAFBB
C12B4725
C12BDEAD
C12C7654
C12D0E17
C12DA5F8
C12E3DF6
C12ED60F
C12F6E43
C1300693
C1309EFC
C1313780
C131D01D
C13268D3
C13301A1
C1339A88
C1343386
C134CC9A
C13565C6
C0A28694
C0A2CE3B
C0A3164B
C0A35ECD
C0A3A7CA
C0A3F14A
C0A43B54
C0A485F1
C0A4D128
C0A51D00
C0A56981
C0A5B6B2
C0A6049B
C0A65343
C0A6A2B0
C0A6F2E9
C0A743F5
C0A795DC
C0A7E8A4
C0A83C53
C0A890F0
C0A8E681
C0A93D0D
C0A9949B
C0A9ED31
C0AA46D5
C0AAA18D
C0AAFD60
C0AB5A54
C0ABB86E
C0AC17B5
C0AC7830
C0ACD9E3
C0AD3CD5
C0ADA10C
C0AE068D
C0AE6D5E
C0AED585
C0AF3F08
C0AFA9EB
C0B01635
C0B083EB
C0B0F311
C0B163AE
C0B1D5C7
C0B2495F
C0B2BE7D
C0B33525
C0B3AD5C
C0B42726
C0B4A288
C0B51F86
C0B59E25
C0B61E68
C0B6A053
C0B723EB
C0B7A933
C0B8302E
C0B8B8DF
C0B9434B
C0B9CF73
C0BA5D5C
C0BAED06
C0BB7E75
C0BC11AC
C0BCA6AB
C0BD3D76
C0BDD60D
C0BE7073
C0BF0CA8
C0BFAAAE
C0C04A85
C0C0EC2E
C0C18FAA
C0C234F9
C0C2DC1A
C0C3850F
C0C42FD5
C0C4DC6D
C0C58AD6
C0C63B0F
C0C6ED17
C0C7A0EC
C0C8568C
C0C90DF6
C0C9C727
C0CA821F
C0CB3ED9
C0CBFD54
C0CCBD8D
C0CD7F81
C0CE432D
C0CF088D
C0CFCF9F
C0D0985F
C0D162CA
C0D22EDA
C0D2FC8E
C0D3CBE1
C0D49CCE
C0D56F52
C0D64368
C0D7190C
C0D7F03A
C0D8C8ED
C0D9A321
C0DA7ED1
C0DB5BF9
C0DC3A93
C0DD1A9C
C0DDFC0F
C0DEDEE7
C0DFC31F
C0E0A8B3
C0E18F9D
C0E277DA
C0E36165
C0E44C39
C0E53851
C0E625A8
C0E7143B
C0E80405
C0E8F501
C0E9E72B
C0EADA7E
C0EBCEF6
C0ECC48E
C0EDBB43
C0EEB311
C0EFABF2
C0F0A5E3
C0F1A0E0
C0F29CE5
C0F399EE
C0F497F7
C0F596FC
C0F696FA
C0F797ED
C0F899D0
C0F99CA1
C0FAA05C
C0FBA4FE
C0FCAA83
C0FDB0E7
C0FEB828
C0FFC042
C1006499
C100E97A
C1016EC3
C101F472
C1027A86
C10300FE
C10387D7
C1040F11
C10496A9
C1051EA0
C105A6F2
C1062F9F
C106B8A6
C1074205
C107CBBB
C10855C7
C108E027
C1096ADA
C109F5E0
C10A8136
C10B0CDB
C10B98CF
C10C2510
C10CB19E
C10D3E76
C10DCB98
C10E5904
C10EE6B6
C10F74B0
C11002EF
C1109173
C111203A
C111AF44
C1123E8F
C112CE1B
C1135DE6
C113EDF0
C1147E38
C1150EBC
C1159F7C
C1163077
C116C1AC
C117531A
C117E4C1
C118769E
C11908B2
C1199AFC
C11A2D7A
C11AC02C
C11B5311
C11BE629
C11C7972
C11D0CEB
C11DA095
C11E346D
C11EC874
C11F5CA8
C11FF10A
C1208597
C1211A4F
C121AF32
C122443F
C122D976
C1236ED4
C124045B
C1249A08
C1252FDC
C125C5D6
C1265BF5
C126F238
C127889F
C1281F2A
C128B5D7
C1294CA6
C129E396
C12A7AA7
C12B11D8
C12BA929
C12C4099
C12CD828
C12D6FD4
C12E079E
C12E9F84
C12F3787
C12FCFA6
C13067DF
C1310034
C13198A3
C132312B
C132C9CD
C1336288
C133FB5B
C1349446
C1352D48
C135C661
C0A398CE
C0A3E029
C0A427EE
C0A47026
C0A4B8D8
C0A5020F
C0A54BD0
C0A59624
C0A5E113
C0A62CA3
C0A678DD
C0A6C5C7
C0A71369
C0A761CA
C0A7B0F1
C0A800E4
C0A851AB
C0A8A34B
C0A8F5CD
C0A94937
C0A99D8E
C0A9F2DA
C0AA4921
C0AAA069
C0AAF8BA
C0AB5218
C0ABAC8A
C0AC0818
C0AC64C5
C0ACC29A
C0AD219B
C0AD81D0
C0ADE33C
C0AE45E8
C0AEA9D8
C0AF0F12
C0AF759D
C0AFDD7C
C0B046B7
C0B0B153
C0B11D55
C0B18AC2
C0B1F9A0
C0B269F4
C0B2DBC3
C0B34F12
C0B3C3E5
C0B43A43
C0B4B22F
C0B52BAE
C0B5A6C4
C0B62377
C0B6A1C9
C0B721BF
C0B7A35D
C0B826A7
C0B8ABA1
C0B9324D
C0B9BAB0
C0BA44CC
C0BAD0A4
C0BB5E3C
C0BBED95
C0BC7EB3
C0BD1197
C0BDA644
C0BE3CBB
C0BED4FF
C0BF6F10
C0C00AF0
C0C0A8A0
C0C14821
C0C1E974
C0C28C98
C0C3318F
C0C3D858
C0C480F3
C0C52B60
C0C5D79E
C0C685AC
C0C73589
C0C7E734
C0C89AAC
C0C94FEE
C0CA06FA
C0CABFCD
C0CB7A64
C0CC36BE
C0CCF4D8
C0CDB4B0
C0CE7641
C0CF398A
C0CFFE87
C0D0C535
C0D18D90
C0D25795
C0D32340
C0D3F08D
C0D4BF78
C0D58FFD
C0D66218
C0D735C5
C0D80AFF
C0D8E1C3
C0D9BA0B
C0DA93D4
C0DB6F18
C0DC4BD3
C0DD2A00
C0DE099C
C0DEEAA1
C0DFCD0A
C0E0B0D3
C0E195F7
C0E27C72
C0E3643F
C0E44D59
C0E537BB
C0E62362
C0E71048
C0E7FE69
C0E8EDC1
C0E9DE4A
C0EAD001
C0EBC2E1
C0ECB6E6
C0EDAC0B
C0EEA24D
C0EF99A7
C0F09214
C0F18B92
C0F2861B
C0F381AC
C0F47E42
C0F57BD7
C0F67A68
C0F779F3
C0F87A72
C0F97BE2
C0FA7E40
C0FB8188
C0FC85B7
C0FD8AC9
C0FE90BB
C0FF978A
C1004F99
C100D3D8
C1015881
C101DD92
C1026309
C102E8E5
C1036F25
C103F5C7
C1047CC9
C105042B
C1058BEA
C1061406
C1069C7E
C107254F
C107AE78
C10837F9
C108C1D0
C1094BFC
C109D67B
C10A614C
C10AEC6F
C10B77E1
C10C03A3
C10C8FB2
C10D1C0D
C10DA8B4
C10E35A5
C10EC2E0
C10F5062
C10FDE2C
C1106C3C
C110FA90
C1118929
C1121805
C112A722
C1133681
C113C620
C11455FE
C114E619
C1157673
C1160708
C11697D8
C11728E4
C117BA28
C1184BA5
C118DD5A
C1196F46
C11A0168
C11A93C0
C11B264B
C11BB90A
C11C4BFC
C11CDF20
C11D7275
C11E05FA
C11E99AF
C11F2D93
C11FC1A4
C12055E3
C120EA4F
C1217EE6
C12213A8
C122A895
C1233DAB
C123D2EA
C1246852
C124FDE1
C1259397
C1262973
C126BF75
C127559B
C127EBE6
C1288255
C12918E6
C129AF9A
C12A4670
C12ADD67
C12B747F
C12C0BB7
C12CA30E
C12D3A84
C12DD218
C12E69CA
C12F019A
C12F9986
C130318E
C130C9B2
C13161F1
C131FA4A
C13292BE
C1332B4B
C133C3F2
C1345CB1
C134F588
C1358E77
C136277E
C0A4AC1F
C0A4F32F
C0A53AAA
C0A58299
C0A5CB04
C0A613F2
C0A65D6C
C0A6A779
C0A6F221
C0A73D6B
C0A7895F
C0A7D604
C0A82361
C0A8717C
C0A8C05E
C0A9100D
C0A9608F
C0A9B1EB
C0AA0429
C0AA574E
C0AAAB61
C0AB0069
C0AB566C
C0ABAD70
C0AC057C
C0AC5E96
C0ACB8C4
C0AD140D
C0AD7076
C0ADCE06
C0AE2CC3
C0AE8CB2
C0AEEDDA
C0AF5041
C0AFB3EB
C0B018E0
C0B07F24
C0B0E6BE
C0B14FB2
C0B1BA07
C0B225C2
C0B292E8
C0B3017E
C0B3718A
C0B3E311
C0B45617
C0B4CAA2
C0B540B7
C0B5B859
C0B6318E
C0B6AC5A
C0B728C1
C0B7A6C8
C0B82672
C0B8A7C4
C0B92AC2
C0B9AF6E
C0BA35CD
C0BABDE1
C0BB47AF
C0BBD338
C0BC6080
C0BCEF89
C0BD8056
C0BE12E9
C0BEA744
C0BF3D69
C0BFD559
C0C06F17
C0C10AA3
C0C1A7FE
C0C2472A
C0C2E827
C0C38AF5
C0C42F94
C0C4D605
C0C57E48
C0C6285C
C0C6D43F
C0C781F3
C0C83175
C0C8E2C4
C0C995E0
C0CA4AC5
C0CB0173
C0CBB9E7
C0CC7420
C0CD301A
C0CDEDD4
C0CEAD4A
C0CF6E79
C0D03160
C0D0F5FA
C0D1BC44
C0D2843A
C0D34DDA
C0D4191F
C0D4E605
C0D5B489
C0D684A6
C0D75659
C0D8299D
C0D8FE6E
C0D9D4C7
C0DAACA4
C0DB8601
C0DC60D9
C0DD3D28
C0DE1AE9
C0DEFA16
C0DFDAAD
C0E0BCA8
C0E1A002
C0E284B6
C0E36AC1
C0E4521D
C0E53AC7
C0E624B8
C0E70FED
C0E7FC61
C0E8EA10
C0E9D8F5
C0EAC90B
C0EBBA4F
C0ECACBC
C0EDA04D
C0EE94FF
C0EF8ACC
C0F081B2
C0F179AB
C0F272B5
C0F36CCA
C0F467E6
C0F56407
C0F66128
C0F75F45
C0F85E5B
C0F95E66
C0FA5F62
C0FB614C
C0FC6420
C0FD67DC
C0FE6C7A
C0FF71F9
C1003C2B
C100BFC5
C10143CB
C101C83B
C1024D13
C102D252
C10357F6
C103DDFD
C1046467
C104EB32
C105725C
C105F9E4
C10681CA
C1070A0A
C10792A5
C1081B98
C108A4E4
C1092E85
C109B87C
C10A42C6
C10ACD63
C10B5852
C10BE391
C10C6F1F
C10CFAFB
C10D8724
C10E1399
C10EA058
C10F2D61
C10FBAB3
C110484C
C110D62C
C1116451
C111F2BA
C1128167
C1131057
C1139F87
C1142EF9
C114BEAA
C1154E99
C115DEC6
C1166F30
C116FFD6
C11790B6
C11821D1
C118B324
C11944B0
C119D674
C11A686D
C11AFA9D
C11B8D01
C11C1F9A
C11CB265
C11D4563
C11DD893
C11E6BF4
C11EFF84
C11F9344
C1202732
C120BB4E
C1214F97
C121E40D
C12278AE
C1230D79
C123A26F
C124378E
C124CCD6
C1256246
C125F7DE
C1268D9C
C1272380
C127B989
C1284FB7
C128E609
C1297C7F
C12A1318
C12AA9D3
C12B40AF
C12BD7AC
C12C6ECA
C12D0608
C12D9D65
C12E34E1
C12ECC7B
C12F6433
C12FFC08
C13093F9
C1312C06
C131C42F
C1325C73
C132F4D1
C1338D4A
C13425DC
C134BE87
C135574A
C135F026
C1368919
C0A5C07F
C0A60747
C0A64E7A
C0A69622
C0A6DE45
C0A726ED
C0A77021
C0A7B9E9
C0A8044C
C0A84F51
C0A89B01
C0A8E762
C0A9347A
C0A98253
C0A9D0F1
C0AA205C
C0AA709B
C0AAC1B4
C0AB13AF
C0AB6691
C0ABBA62
C0AC0F27
C0AC64E7
C0ACBBA8
C0AD1371
C0AD6C48
C0ADC634
C0AE2139
C0AE7D60
C0AEDAAC
C0AF3925
C0AF98D1
C0AFF9B5
C0B05BD7
C0B0BF3E
C0B123EE
C0B189ED
C0B1F142
C0B259F2
C0B2C401
C0B32F76
C0B39C56
C0B40AA6
C0B47A6B
C0B4EBAB
C0B55E6A
C0B5D2AD
C0B64879
C0B6BFD2
C0B738BE
C0B7B341
C0B82F5E
C0B8AD1B
C0B92C7B
C0B9AD81
C0BA3033
C0BAB493
C0BB3AA5
C0BBC26D
C0BC4BEC
C0BCD727
C0BD6421
C0BDF2DB
C0BE8358
C0BF159A
C0BFA9A4
C0C03F78
C0C0D716
C0C17081
C0C20BBA
C0C2A8C1
C0C34798
C0C3E840
C0C48AB8
C0C52F01
C0C5D51B
C0C67D05
C0C726C1
C0C7D24B
C0C87FA5
C0C92ECD
C0C9DFC1
C0CA9280
C0CB4709
C0CBFD5A
C0CCB570
C0CD6F4A
C0CE2AE5
C0CEE83F
C0CFA754
C0D06822
C0D12AA7
C0D1EEDE
C0D2B4C4
C0D37C56
C0D44591
C0D51071
C0D5DCF1
C0D6AB0E
C0D77AC4
C0D84C0E
C0D91EE9
C0D9F350
C0DAC940
C0DBA0B2
C0DC79A4
C0DD5410
C0DE2FF2
C0DF0D45
C0DFEC06
C0E0CC2E
C0E1ADBA
C0E290A5
C0E374EA
C0E45A84
C0E54170
C0E629A8
C0E71328
C0E7FDEB
C0E8E9ED
C0E9D729
C0EAC59B
C0EBB53F
C0ECA60F
C0ED9808
C0EE8B25
C0EF7F62
C0F074BC
C0F16B2D
C0F262B1
C0F35B46
C0F454E6
C0F54F8E
C0F64B39
C0F747E5
C0F8458D
C0F9442E
C0FA43C4
C0FB444B
C0FC45C1
C0FD4820
C0FE4B67
C0FF4F92
C1002A4E
C100AD42
C10130A3
C101B470
C10238A6
C102BD45
C103424A
C103C7B5
C1044D84
C104D3B6
C1055A48
C105E13A
C106688B
C106F039
C1077842
C10800A6
C1088963
C1091278
C1099BE3
C10A25A4
C10AAFB9
C10B3A21
C10BC4DB
C10C4FE6
C10CDB40
C10D66E9
C10DF2DF
C10E7F21
C10F0BAE
C10F9885
C11025A5
C110B30D
C11140BC
C111CEB1
C1125CEB
C112EB68
C1137A29
C114092B
C114986F
C11527F2
C115B7B4
C11647B5
C116D7F2
C117686C
C117F922
C1188A11
C1191B3B
C119AC9D
C11A3E37
C11AD008
C11B620F
C11BF44C
C11C86BD
C11D1962
C11DAC39
C11E3F43
C11ED27E
C11F65EA
C11FF985
C1208D50
C1212148
C121B56E
C12249C1
C122DE40
C12372EA
C12407BF
C1249CBE
C12531E6
C125C736
C1265CAE
C126F24D
C1278813
C1281DFF
C128B410
C1294A45
C129E09E
C12A771B
C12B0DBA
C12BA47B
C12C3B5E
C12CD262
C12D6986
C12E00CA
C12E982D
C12F2FAE
C12FC74E
C1305F0B
C130F6E5
C1318EDB
C13226ED
C132BF1B
C1335764
C133EFC7
C1348843
C13520DA
C135B989
C1365251
C136EB30
C0A6D5E9
C0A71C69
C0A76356
C0A7AAB8
C0A7F297
C0A83AFA
C0A883EA
C0A8CD6D
C0A9178D
C0A9624F
C0A9ADBC
C0A9F9DA
C0AA46B0
C0AA9446
C0AAE2A2
C0AB31CB
C0AB81C9
C0ABD2A0
C0AC2459
C0AC76FA
C0ACCA89
C0AD1F0C
C0AD748B
C0ADCB0B
C0AE2293
C0AE7B28
C0AED4D2
C0AF2F96
C0AF8B7A
C0AFE884
C0B046BB
C0B0A624
C0B106C6
C0B168A5
C0B1CBC9
C0B23036
C0B295F2
C0B2FD03
C0B3656E
C0B3CF39
C0B43A6A
C0B4A704
C0B5150F
C0B5848F
C0B5F588
C0B66801
C0B6DBFD
C0B75182
C0B7C894
C0B84138
C0B8BB72
C0B93747
C0B9B4BA
C0BA33D0
C0BAB48D
C0BB36F4
C0BBBB09
C0BC40CF
C0BCC84B
C0BD517E
C0BDDC6B
C0BE6917
C0BEF782
C0BF87B0
C0C019A3
C0C0AD5D
C0C142E0
C0C1DA2D
C0C27346
C0C30E2C
C0C3AAE1
C0C44964
C0C4E9B7
C0C58BDA
C0C62FCD
C0C6D591
C0C77D25
C0C82688
C0C8D1BA
C0C97EBB
C0CA2D89
C0CADE22
C0CB9087
C0CC44B3
C0CCFAA7
C0CDB260
C0CE6BDC
C0CF2718
C0CFE412
C0D0A2C8
C0D16335
C0D22558
C0D2E92C
C0D3AEB0
C0D475DE
C0D53EB4
C0D6092E
C0D6D549
C0D7A2FF
C0D8724E
C0D94330
C0DA15A3
C0DAE9A1
C0DBBF26
C0DC962E
C0DD6EB4
C0DE48B4
C0DF242A
C0E00110
C0E0DF63
C0E1BF1D
C0E2A03A
C0E382B6
C0E4668B
C0E54BB5
C0E63230
C0E719F7
C0E80305
C0E8ED57
C0E9D8E6
C0EAC5AF
C0EBB3AE
C0ECA2DE
C0ED933A
C0EE84BF
C0EF7768
C0F06B30
C0F16015
C0F25611
C0F34D20
C0F4453F
C0F53E6A
C0F6389C
C0F733D2
C0F83008
C0F92D3B
C0FA2B66
C0FB2A86
C0FC2A98
C0FD2B98
C0FE2D82
C0FF3054
C1001A05
C1009C50
C1011F09
C101A230
C10225C3
C102A9BF
C1032E24
C103B2F0
C1043822
C104BDB7
C10543B0
C105CA0A
C10650C3
C106D7DC
C1075F51
C107E723
C1086F4F
C108F7D5
C10980B3
C10A09E8
C10A9373
C10B1D52
C10BA785
C10C3209
C10CBCDF
C10D4805
C10DD379
C10E5F3B
C10EEB4A
C10F77A4
C1100449
C1109137
C1111E6D
C111ABEB
C11239AF
C112C7B8
C1135606
C113E497
C114736A
C115027F
C11591D4
C1162168
C116B13C
C117414D
C117D19A
C1186224
C118F2E8
C11983E7
C11A151E
C11AA68E
C11B3836
C11BCA14
C11C5C28
C11CEE72
C11D80EF
C11E13A0
C11EA683
C11F3998
C11FCCDE
C1206054
C120F3FA
C12187CF
C1221BD1
C122B001
C123445D
C123D8E5
C1246D99
C1250276
C125977D
C1262CAD
C126C206
C1275786
C127ED2D
C12882FA
C12918ED
C129AF05
C12A4541
C12ADBA1
C12B7225
C12C08CA
C12C9F92
C12D367B
C12DCD85
C12E64AE
C12EFBF8
C12F9360
C1302AE7
C130C28C
C1315A4E
C131F22D
C1328A28
C1332240
C133BA72
C13452BF
C134EB27
C13583A8
C1361C42
C136B4F6
C1374DC1
C0A7EC55
C0A83291
C0A87939
C0A8C057
C0A907F2
C0A95012
C0A998BE
C0A9E200
C0AA2BDD
C0AA765D
C0AAC189
C0AB0D65
C0AB59FB
C0ABA750
C0ABF56B
C0AC4454
C0AC9411
C0ACE4A8
C0AD3621
C0AD8882
C0ADDBD0
C0AE3014
C0AE8552
C0AEDB92
C0AF32D9
C0AF8B2E
C0AFE497
C0B03F1B
C0B09ABE
C0B0F788
C0B1557E
C0B1B4A6
C0B21506
C0B276A4
C0B2D985
C0B33DB0
C0B3A32A
C0B409F8
C0B47221
C0B4DBA8
C0B54695
C0B5B2EC
C0B620B3
C0B68FEE
C0B700A3
C0B772D6
C0B7E68D
C0B85BCC
C0B8D297
C0B94AF4
C0B9C4E7
C0BA4074
C0BABD9F
C0BB3C6D
C0BBBCE0
C0BC3EFD
C0BCC2C8
C0BD4844
C0BDCF74
C0BE585B
C0BEE2FC
C0BF6F5B
C0BFFD79
C0C08D59
C0C11EFE
C0C1B268
C0C2479B
C0C2DE98
C0C37760
C0C411F5
C0C4AE57
C0C54C87
C0C5EC86
C0C68E55
C0C731F3
C0C7D761
C0C87E9F
C0C927AB
C0C9D286
C0CA7F2E
C0CB2DA2
C0CBDDE2
C0CC8FEC
C0CD43BD
C0CDF955
C0CEB0B1
C0CF69CF
C0D024AD
C0D0E148
C0D19F9E
C0D25FAB
C0D3216C
C0D3E4DF
C0D4A9FF
C0D570CB
C0D6393D
C0D70352
C0D7CF06
C0D89C57
C0D96B3E
C0DA3BB9
C0DB0DC3
C0DBE158
C0DCB673
C0DD8D11
C0DE652C
C0DF3EC0
C0E019CA
C0E0F643
C0E1D428
C0E2B374
C0E39422
C0E4762F
C0E55994
C0E63E4E
C0E72458
C0E80BAE
C0E8F44A
C0E9DE29
C0EAC946
C0EBB59C
C0ECA327
C0ED91E3
C0EE81CB
C0EF72DB
C0F0650F
C0F15863
C0F24CD2
C0F34259
C0F438F2
C0F5309C
C0F62950
C0F7230C
C0F81DCC
C0F9198C
C0FA1648
C0FB13FD
C0FC12A7
C0FD1242
C0FE12CC
C0FF1440
C1000B4E
C1008CEE
C1010EFE
C101917D
C1021469
C10297C1
C1031B83
C1039FAE
C1042440
C104A938
C1052E94
C105B453
C1063A73
C106C0F4
C10747D4
C107CF11
C10856AA
C108DE9F
C10966ED
C109EF93
C10A7891
C10B01E5
C10B8B8E
C10C158A
C10C9FD9
C10D2A7A
C10DB56A
C10E40AA
C10ECC38
C10F5812
C10FE439
C11070AA
C110FD66
C1118A6A
C11217B6
C112A548
C1133320
C113C13D
C1144F9E
C114DE42
C1156D27
C115FC4D
C1168BB3
C1171B59
C117AB3C
C1183B5D
C118CBBA
C1195C52
C119ED25
C11A7E32
C11B0F78
C11BA0F5
C11C32AA
C11CC495
C11D56B5
C11DE90B
C11E7B94
C11F0E50
C11FA13E
C120345E
C120C7AF
C1215B30
C121EEDF
C12282BE
C12316CA
C123AB03
C1243F68
C124D3F9
C12568B5
C125FD9B
C12692AA
C12727E2
C127BD43
C12852CA
C128E879
C1297E4D
C12A1447
C12AAA66
C12B40A9
C12BD710
C12C6D99
C12D0445
C12D9B13
C12E3202
C12EC911
C12F6040
C12FF78F
C1308EFD
C1312689
C131BE33
C13255FA
C132EDDE
C13385DE
C1341DFA
C134B631
C1354E82
C135E6EE
C1367F73
C1371812
C137B0C9
C0A903BF
C0A949B7
C0A9901C
C0A9D6F7
C0AA1E4F
C0AA662E
C0AAAE99
C0AAF799
C0AB4136
C0AB8B76
C0ABD661
C0AC21FE
C0AC6E54
C0ACBB69
C0AD0946
C0AD57EF
C0ADA76D
C0ADF7C6
C0AE48FF
C0AE9B21
C0AEEE31
C0AF4235
C0AF9735
C0AFED36
C0B0443E
C0B09C54
C0B0F57E
C0B14FC2
C0B1AB26
C0B207B0
C0B26566
C0B2C44E
C0B3246E
C0B385CB
C0B3E86C
C0B44C56
C0B4B18F
C0B5181B
C0B58002
C0B5E948
C0B653F3
C0B6C007
C0B72D8A
C0B79C82
C0B80CF3
C0B87EE2
C0B8F254
C0B9674E
C0B9DDD5
C0BA55EC
C0BACF98
C0BB4ADE
C0BBC7C2
C0BC4648
C0BCC673
C0BD4848
C0BDCBCA
C0BE50FC
C0BED7E1
C0BF607E
C0BFEAD4
C0C076E6
C0C104B8
C0C1944B
C0C225A2
C0C2B8BE
C0C34DA2
C0C3E44F
C0C47CC7
C0C5170B
C0C5B31B
C0C650FA
C0C6F0A6
C0C79221
C0C8356B
C0C8DA84
C0C9816C
C0CA2A22
C0CAD4A6
C0CB80F6
C0CC2F12
C0CCDEF9
C0CD90A8
C0CE441F
C0CEF95C
C0CFB05C
C0D0691D
C0D1239D
C0D1DFDA
C0D29DD0
C0D35D7D
C0D41EDD
C0D4E1EE
C0D5A6AD
C0D66D15
C0D73523
C0D7FED4
C0D8CA23
C0D9970D
C0DA658E
C0DB35A2
C0DC0743
C0DCDA6F
C0DDAF21
C0DE8554
C0DF5D05
C0E0362E
C0E110CB
C0E1ECD7
C0E2CA4F
C0E3A92C
C0E4896C
C0E56B09
C0E64DFF
C0E73248
C0E817E1
C0E8FEC5
C0E9E6F0
C0EAD05C
C0EBBB06
C0ECA6E9
C0ED9400
C0EE8248
C0EF71BC
C0F06257
C0F15416
C0F246F5
C0F33AEE
C0F42FFF
C0F52622
C0F61D55
C0F71593
C0F80ED9
C0F90922
C0FA046B
C0FB00B0
C0FBFDEE
C0FCFC21
C0FDFB46
C0FEFB58
C0FFFC56
C1007F1D
C1010082
C1018257
C102049B
C102874C
C1030A69
C1038DF0
C10411E1
C1049638
C1051AF5
C105A017
C106259C
C106AB83
C10731CB
C107B871
C1083F75
C108C6D6
C1094E92
C109D6A7
C10A5F16
C10AE7DC
C10B70F9
C10BFA6A
C10C8430
C10D0E49
C10D98B3
C10E236E
C10EAE78
C10F39D1
C10FC577
C110516A
C110DDA7
C1116A2F
C111F700
C112841A
C113117A
C1139F21
C1142D0C
C114BB3C
C11549AF
C115D865
C116675C
C116F693
C117860A
C11815BF
C118A5B2
C11935E2
C119C64E
C11A56F5
C11AE7D6
C11B78F0
C11C0A43
C11C9BCD
C11D2D8F
C11DBF86
C11E51B2
C11EE413
C11F76A8
C120096F
C1209C68
C1212F92
C121C2ED
C1225678
C122EA32
C1237E19
C124122F
C124A671
C1253ADF
C125CF78
C126643C
C126F92A
C1278E41
C1282381
C128B8E9
C1294E78
C129E42D
C12A7A09
C12B100A
C12BA62F
C12C3C79
C12CD2E5
C12D6975
C12E0027
C12E96FB
C12F2DEF
C12FC504
C1305C39
C130F38D
C1318B00
C1322291
C132BA40
C133520C
C133E9F4
C13481F9
C1351A19
C135B254
C1364AAA
C136E31A
C1377BA3
C1381446
C0AA1C20
C0AA61D5
C0AAA7F9
C0AAEE92
C0AB35AA
C0AB7D48
C0ABC574
C0AC0E34
C0AC5792
C0ACA193
C0ACEC3F
C0AD379E
C0AD83B5
C0ADD08D
C0AE1E2B
C0AE6C97
C0AEBBD7
C0AF0BF2
C0AF5CEE
C0AFAED2
C0B001A4
C0B0556B
C0B0AA2D
C0B0FFF0
C0B156BA
C0B1AE92
C0B2077E
C0B26184
C0B2BCAA
C0B318F6
C0B3766D
C0B3D516
C0B434F7
C0B49615
C0B4F877
C0B55C21
C0B5C119
C0B62766
C0B68F0C
C0B6F811
C0B7627A
C0B7CE4D
C0B83B8F
C0B8AA44
C0B91A72
C0B98C1E
C0B9FF4D
C0BA7403
C0BAEA45
C0BB6217
C0BBDB7F
C0BC567F
C0BCD31D
C0BD515C
C0BDD140
C0BE52CD
C0BED606
C0BF5AF0
C0BFE18C
C0C069DF
C0C0F3EA
C0C17FB2
C0C20D38
C0C29C7F
C0C32D89
C0C3C058
C0C454EE
C0C4EB4C
C0C58375
C0C61D68
C0C6B928
C0C756B5
C0C7F610
C0C89738
C0C93A2F
C0C9DEF4
C0CA8586
C0CB2DE7
C0CBD814
C0CC840D
C0CD31D2
C0CDE160
C0CE92B6
C0CF45D3
C0CFFAB4
C0D0B159
C0D169BE
C0D223E1
C0D2DFBF
C0D39D57
C0D45CA4
C0D51DA4
C0D5E055
C0D6A4B1
C0D76AB7
C0D83262
C0D8FBAE
C0D9C699
C0DA931D
C0DB6137
C0DC30E4
C0DD021E
C0DDD4E1
C0DEA92A
C0DF7EF3
C0E05638
C0E12EF6
C0E20927
C0E2E4C6
C0E3C1D0
C0E4A040
C0E58011
C0E6613F
C0E743C4
C0E8279E
C0E90CC6
C0E9F338
C0EADAF1
C0EBC3EA
C0ECAE21
C0ED9991
C0EE8634
C0EF7408
C0F06307
C0F1532D
C0F24477
C0F336DF
C0F42A62
C0F51EFD
C0F614AA
C0F70B66
C0F8032D
C0F8FBFB
C0F9F5CD
C0FAF09F
C0FBEC6D
C0FCE933
C0FDE6EF
C0FEE59C
C0FFE537
C10072DE
C100F395
C10174BE
C101F658
C1027860
C102FAD6
C1037DB8
C1040104
C10484B9
C10508D5
C1058D58
C106123F
C106978A
C1071D37
C107A344
C10829B1
C108B07B
C10937A2
C109BF25
C10A4702
C10ACF39
C10B57C6
C10BE0AB
C10C69E5
C10CF374
C10D7D55
C10E0789
C10E920E
C10F1CE2
C10FA805
C1103376
C110BF34
C1114B3D
C111D791
C112642F
C112F115
C1137E43
C1140BB7
C1149971
C115276F
C115B5B1
C1164436
C116D2FD
C1176204
C117F14C
C11880D3
C1191098
C119A09A
C11A30D8
C11AC152
C11B5207
C11BE2F5
C11C741D
C11D057D
C11D9714
C11E28E1
C11EBAE4
C11F4D1C
C11FDF88
C1207227
C12104F9
C12197FD
C1222B31
C122BE96
C123522A
C123E5ED
C12479DE
C1250DFC
C125A247
C12636BD
C126CB5F
C127602B
C127F521
C1288A40
C1291F87
C129B4F6
C12A4A8C
C12AE048
C12B762A
C12C0C31
C12CA25D
C12D38AD
C12DCF20
C12E65B5
C12EFC6D
C12F9346
C1302A40
C130C15B
C1315895
C131EFEE
C1328766
C1331EFC
C133B6AF
C1344E80
C134E66D
C1357E76
C136169A
C136AEDA
C1374733
C137DFA7
C1387835
C0AB3571
C0AB7AE5
C0ABC0C9
C0AC0723
C0AC4DFB
C0AC955A
C0ACDD48
C0AD25CA
C0AD6EEA
C0ADB8AD
C0AE031C
C0AE4E3E
C0AE9A18
C0AEE6B3
C0AF3415
C0AF8244
C0AFD147
C0B02126
C0B071E6
C0B0C38D
C0B11623
C0B169AE
C0B1BE33
C0B213BA
C0B26A48
C0B2C1E3
C0B31A92
C0B3745B
C0B3CF44
C0B42B52
C0B4888C
C0B4E6F8
C0B5469B
C0B5A77B
C0B6099E
C0B66D0A
C0B6D1C3
C0B737D1
C0B79F37
C0B807FD
C0B87226
C0B8DDB8
C0B94AB9
C0B9B92D
C0BA2919
C0BA9A83
C0BB0D70
C0BB81E3
C0BBF7E2
C0BC6F70
C0BCE893
C0BD634F
C0BDDFA8
C0BE5DA1
C0BEDD3F
C0BF5E85
C0BFE178
C0C06619
C0C0EC6D
C0C17477
C0C1FE39
C0C289B7
C0C316F2
C0C3A5EE
C0C436AC
C0C4C92E
C0C55D77
C0C5F388
C0C68B62
C0C72506
C0C7C076
C0C85DB3
C0C8FCBC
C0C99D92
C0CA4036
C0CAE4A8
C0CB8AE7
C0CC32F2
C0CCDCCA
C0CD886D
C0CE35DA
C0CEE510
C0CF960E
C0D048D1
C0D0FD59
C0D1B3A2
C0D26BAB
C0D32571
C0D3E0F3
C0D49E2C
C0D55D1A
C0D61DBB
C0D6E00B
C0D7A406
C0D869A9
C0D930F1
C0D9F9DA
C0DAC460
C0DB907F
C0DC5E34
C0DD2D79
C0DDFE4B
C0DED0A6
C0DFA486
C0E079E5
C0E150C0
C0E22913
C0E302D7
C0E3DE0B
C0E4BAA7
C0E598A9
C0E6780B
C0E758CA
C0E83AE0
C0E91E48
C0EA02FF
C0EAE900
C0EBD047
C0ECB8CE
C0EDA291
C0EE8D8D
C0EF79BD
C0F0671C
C0F155A6
C0F24557
C0F3362B
C0F4281D
C0F51B2A
C0F60F4E
C0F70484
C0F7FAC9
C0F8F219
C0F9EA6F
C0FAE3C9
C0FBDE23
C0FCD979
C0FDD5C8
C0FED30B
C0FFD140
C1006831
C100E838
C10168B3
C101E9A0
C1026AFD
C102ECCA
C1036F04
C103F1AA
C10474BB
C104F834
C1057C16
C106005D
C1068509
C1070A19
C1078F8B
C108155E
C1089B90
C1092221
C109A90E
C10A3058
C10AB7FC
C10B3FF9
C10BC84E
C10C50FA
C10CD9FC
C10D6353
C10DECFD
C10E76F9
C10F0147
C10F8BE5
C11016D2
C110A20E
C1112D96
C111B96A
C112458A
C112D1F3
C1135EA5
C113EB9F
C11478E1
C1150668
C1159434
C1162245
C116B099
C1173F2F
C117CE06
C1185D1E
C118EC75
C1197C0B
C11A0BDF
C11A9BEF
C11B2C3C
C11BBCC4
C11C4D86
C11CDE81
C11D6FB6
C11E0121
C11E92C4
C11F249E
C11FB6AC
C12048EF
C120DB66
C1216E10
C12200EC
C12293F9
C1232737
C123BAA6
C1244E43
C124E20F
C1257609
C1260A2F
C1269E82
C1273301
C127C7AA
C1285C7E
C128F17B
C12986A1
C12A1BF0
C12AB166
C12B4702
C12BDCC5
C12C72AE
C12D08BC
C12D9EED
C12E3543
C12ECBBC
C12F6257
C12FF914
C1308FF3
C13126F2
C131BE12
C1325551
C132ECAF
C133842B
C1341BC6
C134B37E
C1354B53
C135E344
C1367B52
C137137A
C137ABBE
C138441B
C138DC93
C0AC4FAD
C0AC94E2
C0ACDA87
C0AD20A2
C0AD673D
C0ADAE5F
C0ADF60F
C0AE3E55
C0AE8738
C0AED0BF
C0AF1AF2
C0AF65D8
C0AFB177
C0AFFDD6
C0B04AFC
C0B098F0
C0B0E7B9
C0B1375C
C0B187E1
C0B1D94D
C0B22BA8
C0B27EF8
C0B2D342
C0B3288D
C0B37EE0
C0B3D640
C0B42EB4
C0B48841
C0B4E2ED
C0B53EC0
C0B59BBD
C0B5F9ED
C0B65953
C0B6B9F6
C0B71BDC
C0B77F0A
C0B7E386
C0B84955
C0B8B07D
C0B91904
C0B982EE
C0B9EE41
C0BA5B02
C0BAC936
C0BB38E2
C0BBAA0B
C0BC1CB6
C0BC90E7
C0BD06A4
C0BD7DF0
C0BDF6D0
C0BE7148
C0BEED5C
C0BF6B11
C0BFEA6A
C0C06B6B
C0C0EE16
C0C17271
C0C1F87E
C0C28040
C0C309B9
C0C394EE
C0C421E0
C0C4B091
C0C54104
C0C5D33B
C0C66737
C0C6FCFB
C0C79487
C0C82DDE
C0C8C8FF
C0C965EB
C0CA04A4
C0CAA52A
C0CB477C
C0CBEB9B
C0CC9186
C0CD393E
C0CDE2C0
C0CE8E0E
C0CF3B24
C0CFEA03
C0D09AA9
C0D14D14
C0D20141
C0D2B730
C0D36EDE
C0D42849
C0D4E36D
C0D5A049
C0D65ED9
C0D71F1A
C0D7E10A
C0D8A4A4
C0D969E6
C0DA30CC
C0DAF951
C0DBC373
C0DC8F2D
C0DD5C7C
C0DE2B5B
C0DEFBC6
C0DFCDB9
C0E0A130
C0E17626
C0E24C96
C0E3247E
C0E3FDD7
C0E4D89D
C0E5B4CD
C0E69261
C0E77155
C0E851A4
C0E9334A
C0EA1642
C0EAFA88
C0EBE018
C0ECC6EC
C0EDAF00
C0EE9851
C0EF82D9
C0F06E94
C0F15B7E
C0F24993
C0F338CF
C0F4292D
C0F51AA9
C0F60D3F
C0F700EC
C0F7F5AB
C0F8EB78
C0F9E250
C0FADA2F
C0FBD311
C0FCCCF2
C0FDC7D0
C0FEC3A6
C0FFC070
C1005F16
C100DE6B
C1015E36
C101DE74
C1025F25
C102E046
C10361D6
C103E3D4
C104663E
C104E913
C1056C51
C105EFF6
C1067402
C106F873
C1077D48
C108027E
C1088816
C1090E0E
C1099464
C10A1B17
C10AA226
C10B2991
C10BB154
C10C3970
C10CC1E3
C10D4AAD
C10DD3CB
C10E5D3D
C10EE702
C10F7118
C10FFB7F
C1108636
C111113B
C1119C8D
C112282C
C112B416
C113404A
C113CCC8
C114598F
C114E69C
C11573F0
C116018A
C1168F68
C1171D8A
C117ABEF
C1183A95
C118C97D
C11958A4
C119E80B
C11A77AF
C11B0791
C11B97B0
C11C280A
C11CB89F
C11D496E
C11DDA76
C11E6BB6
C11EFD2E
C11F8EDD
C12020C1
C120B2DA
C1214528
C121D7A9
C1226A5D
C122FD43
C123905A
C12423A2
C124B719
C1254ABF
C125DE94
C1267296
C12706C5
C1279B20
C1282FA6
C128C457
C1295932
C129EE37
C12A8364
C12B18B9
C12BAE36
C12C43D9
C12CD9A2
C12D6F91
C12E05A5
C12E9BDC
C12F3238
C12FC8B6
C1305F57
C130F619
C1318CFD
C1322401
C132BB26
C133526A
C133E9CD
C134814E
C13518ED
C135B0A9
C1364883
C136E078
C1377889
C13810B6
C138A8FD
C139415F
C0AD6ACD
C0ADAFC5
C0ADF52C
C0AE3B0B
C0AE816A
C0AEC84F
C0AF0FC4
C0AF57CE
C0AFA076
C0AFE9C3
C0B033BB
C0B07E66
C0B0C9CB
C0B115F0
C0B162DC
C0B1B096
C0B1FF25
C0B24E8E
C0B29ED9
C0B2F00C
C0B3422D
C0B39542
C0B3E952
C0B43E64
C0B4947C
C0B4EBA2
C0B543DB
C0B59D2E
C0B5F7A0
C0B65337
C0B6AFFA
C0B70DEE
C0B76D18
C0B7CD80
C0B82F29
C0B8921B
C0B8F65A
C0B95BED
C0B9C2D8
C0BA2B21
C0BA94CD
C0BAFFE1
C0BB6C64
C0BBDA58
C0BC49C5
C0BCBAAE
C0BD2D19
C0BDA10A
C0BE1685
C0BE8D8F
C0BF062D
C0BF8063
C0BFFC34
C0C079A5
C0C0F8BA
C0C17975
C0C1FBDC
C0C27FF1
C0C305B7
C0C38D32
C0C41664
C0C4A151
C0C52DF9
C0C5BC61
C0C64C8A
C0C6DE77
C0C77228
C0C8079F
C0C89EDF
C0C937E8
C0C9D2BB
C0CA6F58
C0CB0DC2
C0CBADF7
C0CC4FF8
C0CCF3C5
C0CD995E
C0CE40C2
C0CEE9F1
C0CF94E9
C0D041AA
C0D0F033
C0D1A081
C0D25294
C0D30668
C0D3BBFE
C0D47351
C0D52C60
C0D5E729
C0D6A3A7
C0D761D9
C0D821BC
C0D8E34C
C0D9A686
C0DA6B67
C0DB31EA
C0DBFA0D
C0DCC3CB
C0DD8F21
C0DE5C0A
C0DF2A83
C0DFFA88
C0E0CC13
C0E19F21
C0E273AE
C0E349B4
C0E42131
C0E4FA1F
C0E5D479
C0E6B03C
C0E78D62
C0E86BE7
C0E94BC8
C0EA2CFE
C0EB0F86
C0EBF35B
C0ECD879
C0EDBEDB
C0EEA67C
C0EF8F59
C0F0796E
C0F164B5
C0F2512A
C0F33ECA
C0F42D8F
C0F51D77
C0F60E7D
C0F7009C
C0F7F3D2
C0F8E819
C0F9DD6F
C0FAD3CE
C0FBCB35
C0FCC39E
C0FDBD07
C0FEB76B
C0FFB2C8
C100578D
C100D62E
C1015547
C101D4D5
C10254D6
C102D54A
C103562F
C103D783
C1045944
C104DB72
C1055E0A
C105E10B
C1066475
C106E845
C1076C7A
C107F113
C108760E
C108FB6A
C1098127
C10A0742
C10A8DBB
C10B148F
C10B9BBF
C10C2349
C10CAB2B
C10D3364
C10DBBF5
C10E44DA
C10ECE13
C10F57A0
C10FE17E
C1106BAE
C110F62D
C11180FB
C1120C17
C112977F
C1132334
C113AF33
C1143B7C
C114C80E
C11554E7
C115E208
C1166F6E
C116FD1A
C1178B09
C118193C
C118A7B1
C1193667
C119C55E
C11A5494
C11AE409
C11B73BC
C11C03AC
C11C93D8
C11D243F
C11DB4E0
C11E45BC
C11ED6D0
C11F681C
C11FF99F
C1208B59
C1211D48
C121AF6C
C12241C4
C122D44F
C123670D
C123F9FC
C1248D1C
C125206D
C125B3ED
C126479C
C126DB78
C1276F83
C12803B9
C128981C
C1292CAA
C129C162
C12A5645
C12AEB50
C12B8084
C12C15E0
C12CAB63
C12D410C
C12DD6DC
C12E6CD0
C12F02EA
C12F9927
C1302F88
C130C60C
C1315CB2
C131F37A
C1328A62
C133216C
C133B895
C1344FDD
C134E745
C1357ECA
C136166E
C136AE2E
C137460C
C137DE05
C138761A
C1390E4B
C139A696
C0AE86CD
C0AECB89
C0AF10B4
C0AF5658
C0AF9C7B
C0AFE326
C0B02A60
C0B07230
C0B0BA9E
C0B103B1
C0B14D70
C0B197E2
C0B1E30E
C0B22EFA
C0B27BAE
C0B2C92F
C0B31785
C0B366B6
C0B3B6C8
C0B407C2
C0B459AA
C0B4AC87
C0B5005E
C0B55537
C0B5AB16
C0B60203
C0B65A03
C0B6B31C
C0B70D54
C0B768B2
C0B7C53B
C0B822F4
C0B881E5
C0B8E211
C0B94380
C0B9A636
C0BA0A3A
C0BA6F91
C0BAD640
C0BB3E4C
C0BBA7BB
C0BC1293
C0BC7ED7
C0BCEC8E
C0BD5BBC
C0BDCC67
C0BE3E92
C0BEB243
C0BF277E
C0BF9E48
C0C016A4
C0C09098
C0C10C27
C0C18956
C0C20827
C0C288A0
C0C30AC2
C0C38E92
C0C41413
C0C49B48
C0C52433
C0C5AED8
C0C63B39
C0C6C959
C0C75939
C0C7EADB
C0C87E42
C0C9136E
C0C9AA62
C0CA431E
C0CADDA3
C0CB79F3
C0CC180E
C0CCB7F3
C0CD59A4
C0CDFD20
C0CEA267
C0CF4979
C0CFF254
C0D09CF9
C0D14965
C0D1F797
C0D2A78F
C0D3594A
C0D40CC7
C0D4C203
C0D578FD
C0D631B1
C0D6EC1E
C0D7A840
C0D86615
C0D9259A
C0D9E6CB
C0DAA9A5
C0DB6E25
C0DC3447
C0DCFC07
C0DDC562
C0DE9054
C0DF5CD9
C0E02AEC
C0E0FA8A
C0E1CBAE
C0E29E54
C0E37277
C0E44814
C0E51F26
C0E5F7A9
C0E6D197
C0E7ACED
C0E889A6
C0E967BD
C0EA472E
C0EB27F5
C0EC0A0D
C0ECED71
C0EDD21D
C0EEB80D
C0EF9F3C
C0F087A6
C0F17146
C0F25C19
C0F34819
C0F43543
C0F52393
C0F61305
C0F70394
C0F7F53C
C0F8E7FA
C0F9DBC9
C0FAD0A7
C0FBC68E
C0FCBD7C
C0FDB56C
C0FEAE5C
C0FFA847
C1005195
C100CF81
C1014DE6
C101CCC1
C1024C12
C102CBD7
C1034C0E
C103CCB6
C1044DCD
C104CF51
C1055142
C105D39D
C1065662
C106D98F
C1075D23
C107E11B
C1086578
C108EA38
C1096F58
C109F4D9
C10A7AB9
C10B00F6
C10B8790
C10C0E85
C10C95D4
C10D1D7C
C10DA57B
C10E2DD2
C10EB67E
C10F3F7E
C10FC8D2
C1105278
C110DC6F
C11166B6
C111F14D
C1127C32
C1130764
C11392E2
C1141EAB
C114AABE
C115371B
C115C3C0
C11650AC
C116DDDE
C1176B56
C117F913
C1188713
C1191555
C119A3DA
C11A329F
C11AC1A5
C11B50EA
C11BE06D
C11C702D
C11D002A
C11D9063
C11E20D7
C11EB185
C11F426C
C11FD38C
C12064E3
C120F671
C1218836
C1221A2F
C122AC5D
C1233EBF
C123D154
C124641B
C124F713
C1258A3D
C1261D96
C126B11E
C12744D5
C127D8BA
C1286CCC
C129010A
C1299574
C12A2A09
C12ABEC9
C12B53B2
C12BE8C4
C12C7DFF
C12D1361
C12DA8EA
C12E3E99
C12ED46F
C12F6A69
C1300088
C13096CB
C1312D31
C131C3BA
C1325A65
C132F132
C133881F
C1341F2D
C134B65B
C1354DA8
C135E514
C1367C9E
C1371445
C137AC0A
C13843EB
C138DBE9
C1397402
C13A0C36
C0AFA3A7
C0AFE827
C0B02D18
C0B07281
C0B0B86B
C0B0FEDD
C0B145DE
C0B18D75
C0B1D5AB
C0B21E86
C0B2680D
C0B2B247
C0B2FD3A
C0B348EF
C0B3956B
C0B3E2B5
C0B430D3
C0B47FCD
C0B4CFA7
C0B5206A
C0B5721B
C0B5C4C0
C0B61860
C0B66D01
C0B6C2A8
C0B7195D
C0B77125
C0B7CA06
C0B82406
C0B87F2A
C0B8DB7A
C0B938FB
C0B997B2
C0B9F7A5
C0BA58DA
C0BABB56
C0BB1F1F
C0BB843B
C0BBEAAF
C0BC5280
C0BCBBB3
C0BD264E
C0BD9256
C0BDFFD0
C0BE6EC1
C0BEDF2E
C0BF511B
C0BFC48D
C0C03989
C0C0B013
C0C12830
C0C1A1E3
C0C21D31
C0C29A1E
C0C318AD
C0C398E2
C0C41AC1
C0C49E4E
C0C5238A
C0C5AA7A
C0C63320
C0C6BD7E
C0C74998
C0C7D770
C0C86708
C0C8F861
C0C98B7E
C0CA2060
C0CAB709
C0CB4F7A
C0CBE9B3
C0CC85B5
C0CD2382
C0CDC319
C0CE647A
C0CF07A6
C0CFAC9C
C0D0535C
C0D0FBE5
C0D1A636
C0D2524E
C0D3002B
C0D3AFCD
C0D46132
C0D51457
C0D5C93B
C0D67FDB
C0D73835
C0D7F247
C0D8AE0E
C0D96B86
C0DA2AAD
C0DAEB80
C0DBADFB
C0DC721A
C0DD37DB
C0DDFF3A
C0DEC832
C0DF92C0
C0E05EE1
C0E12C8E
C0E1FBC6
C0E2CC83
C0E39EC1
C0E4727D
C0E547B0
C0E61E58
C0E6F66F
C0E7CFF2
C0E8AADB
C0E98727
C0EA64D0
C0EB43D3
C0EC242A
C0ED05D2
C0EDE8C5
C0EECD00
C0EFB27D
C0F0993A
C0F18130
C0F26A5D
C0F354BB
C0F44046
C0F52CFB
C0F61AD5
C0F709D0
C0F7F9E8
C0F8EB19
C0F9DD5F
C0FAD0B7
C0FBC51B
C0FCBA8A
C0FDB0FF
C0FEA876
C0FFA0EC
C1004D2F
C100CA63
C1014812
C101C63A
C10244D8
C102C3EC
C1034373
C103C36D
C10443D8
C104C4B1
C10545F9
C105C7AC
C10649CB
C106CC53
C1074F43
C107D29A
C1085656
C108DA76
C1095EF9
C109E3DD
C10A6922
C10AEEC6
C10B74C7
C10BFB26
C10C81DF
C10D08F4
C10D9061
C10E1826
C10EA042
C10F28B4
C10FB17B
C1103A95
C110C402
C1114DC1
C111D7D0
C112622E
C112ECDB
C11377D6
C114031D
C1148EB0
C1151A8D
C115A6B4
C1163323
C116BFDA
C1174CD8
C117DA1C
C11867A5
C118F572
C1198382
C11A11D4
C11AA068
C11B2F3C
C11BBE50
C11C4DA2
C11CDD33
C11D6D01
C11DFD0A
C11E8D50
C11F1DD0
C11FAE89
C1203F7C
C120D0A7
C1216209
C121F3A2
C1228570
C1231774
C123A9AB
C1243C17
C124CEB5
C1256185
C125F486
C12687B8
C1271B19
C127AEAA
C1284269
C128D655
C1296A6F
C129FEB4
C12A9326
C12B27C2
C12BBC88
C12C5178
C12CE690
C12D7BD1
C12E1139
C12EA6C8
C12F3C7E
C12FD259
C1306859
C130FE7D
C13194C5
C1322B30
C132C1BE
C133586E
C133EF40
C1348632
C1351D44
C135B476
C1364BC8
C136E338
C1377AC6
C1381271
C138AA3A
C139421F
C139DA20
C13A723C
C0B0C154
C0B1059B
C0B14A53
C0B18F83
C0B1D535
C0B21B6E
C0B26237
C0B2A998
C0B2F196
C0B33A3A
C0B3838A
C0B3CD8D
C0B4184B
C0B463C9
C0B4B00E
C0B4FD22
C0B54B0A
C0B599CD
C0B5E972
C0B639FE
C0B68B78
C0B6DDE7
C0B73151
C0B785BB
C0B7DB2C
C0B831A9
C0B8893A
C0B8E1E4
C0B93BAD
C0B9969A
C0B9F2B2
C0BA4FFB
C0BAAE79
C0BB0E34
C0BB6F30
C0BBD173
C0BC3503
C0BC99E5
C0BD001F
C0BD67B5
C0BDD0AE
C0BE3B0E
C0BEA6DA
C0BF1418
C0BF82CD
C0BFF2FD
C0C064AD
C0C0D7E1
C0C14C9F
C0C1C2EA
C0C23AC8
C0C2B43C
C0C32F4A
C0C3ABF6
C0C42A44
C0C4AA37
C0C52BD4
C0C5AF1D
C0C63416
C0C6BAC2
C0C74323
C0C7CD3C
C0C85910
C0C8E6A1
C0C975F2
C0CA0703
C0CA99D7
C0CB2E70
C0CBC4CF
C0CC5CF4
C0CCF6E2
C0CD9298
C0CE3018
C0CECF61
C0CF7074
C0D01350
C0D0B7F6
C0D15E65
C0D2069C
C0D2B09A
C0D35C5F
C0D409E8
C0D4B935
C0D56A43
C0D61D12
C0D6D19E
C0D787E5
C0D83FE6
C0D8F99E
C0D9B509
C0DA7225
C0DB30EF
C0DBF164
C0DCB381
C0DD7741
C0DE3CA1
C0DF039F
C0DFCC35
C0E09660
C0E1621C
C0E22F65
C0E2FE37
C0E3CE8E
C0E4A064
C0E573B7
C0E64882
C0E71EC0
C0E7F66D
C0E8CF84
C0E9AA01
C0EA85E0
C0EB631B
C0EC41AF
C0ED2197
C0EE02CF
C0EEE551
C0EFC91B
C0F0AE26
C0F19470
C0F27BF3
C0F364AC
C0F44E95
C0F539AC
C0F625EB
C0F7134F
C0F801D3
C0F8F174
C0F9E22E
C0FAD3FC
C0FBC6DB
C0FCBAC7
C0FDAFBD
C0FEA5B8
C0FF9CB6
C1004A59
C100C6D5
C10143CC
C101C13E
C1023F28
C102BD89
C1033C5F
C103BBA9
C1043B66
C104BB93
C1053C2F
C105BD39
C1063EAF
C106C090
C10742DB
C107C58E
C10848A7
C108CC26
C1095009
C109D450
C10A58F7
C10ADE00
C10B6367
C10BE92D
C10C6F4F
C10CF5CD
C10D7CA6
C10E03D8
C10E8B62
C10F1343
C10F9B7B
C1102407
C110ACE8
C111361B
C111BFA1
C1124977
C112D39D
C1135E12
C113E8D4
C11473E4
C114FF40
C1158AE6
C11616D6
C116A310
C1172F92
C117BC5B
C118496A
C118D6BE
C1196457
C119F234
C11A8053
C11B0EB5
C11B9D57
C11C2C39
C11CBB5B
C11D4ABA
C11DDA58
C11E6A32
C11EFA48
C11F8A9A
C1201B25
C120ABEA
C1213CE8
C121CE1D
C1225F8A
C122F12D
C1238305
C1241512
C124A754
C12539C8
C125CC6F
C1265F48
C126F251
C127858B
C12818F5
C128AC8D
C1294054
C129D448
C12A6868
C12AFCB5
C12B912D
C12C25D0
C12CBA9C
C12D4F92
C12DE4B1
C12E79F8
C12F0F66
C12FA4FB
C1303AB6
C130D096
C131669C
C131FCC5
C1329312
C1332983
C133C015
C13456CA
C134EDA0
C1358496
C1361BAD
C136B2E4
C1374A39
C137E1AD
C138793F
C13910EE
C139A8BB
C13A40A3
C13AD8A8
C0B1DFD0
C0B223DE
C0B2685E
C0B2AD58
C0B2F2D2
C0B338D5
C0B37F67
C0B3C692
C0B40E5A
C0B456C8
C0B49FE2
C0B4E9B0
C0B53438
C0B57F81
C0B5CB92
C0B61870
C0B66623
C0B6B4B1
C0B70421
C0B75478
C0B7A5BD
C0B7F7F7
C0B84B2B
C0B89F5F
C0B8F49B
C0B94AE3
C0B9A23E
C0B9FAB1
C0BA5444
C0BAAEFB
C0BB0ADC
C0BB67EE
C0BBC635
C0BC25B8
C0BC867D
C0BCE888
C0BD4BDF
C0BDB089
C0BE1689
C0BE7DE7
C0BEE6A6
C0BF50CC
C0BFBC5E
C0C02961
C0C097DA
C0C107CE
C0C17942
C0C1EC39
C0C260BA
C0C2D6C8
C0C34E67
C0C3C79C
C0C4426B
C0C4BED8
C0C53CE5
C0C5BC98
C0C63DF4
C0C6C0FB
C0C745B1
C0C7CC1A
C0C85437
C0C8DE0C
C0C9699B
C0C9F6E6
C0CA85F0
C0CB16BA
C0CBA947
C0CC3D97
C0CCD3AC
C0CD6B88
C0CE052B
C0CEA096
C0CF3DC9
C0CFDCC5
C0D07D8A
C0D12018
C0D1C46E
C0D26A8D
C0D31273
C0D3BC1F
C0D46791
C0D514C7
C0D5C3BF
C0D67479
C0D726F1
C0D7DB26
C0D89116
C0D948BE
C0DA021C
C0DABD2D
C0DB79ED
C0DC385B
C0DCF873
C0DDBA31
C0DE7D92
C0DF4293
C0E0092F
C0E0D164
C0E19B2C
C0E26685
C0E3336A
C0E401D6
C0E4D1C7
C0E5A337
C0E67622
C0E74A84
C0E82058
C0E8F79B
C0E9D047
C0EAAA58
C0EB85CA
C0EC6298
C0ED40BD
C0EE2036
C0EF00FE
C0EFE310
C0F0C668
C0F1AB02
C0F290D9
C0F377E9
C0F4602E
C0F549A3
C0F63445
C0F7200E
C0F80CFC
C0F8FB0A
C0F9EA33
C0FADA75
C0FBCBCC
C0FCBE32
C0FDB1A6
C0FEA622
C0FF9BA4
C1004914
C100C4D5
C1014113
C101BDCD
C1023B01
C102B8AE
C10336D2
C103B56A
C1043477
C104B3F5
C10533E4
C105B443
C106350F
C106B647
C10737EB
C107B9F8
C1083C6D
C108BF49
C109428B
C109C631
C10A4A3A
C10ACEA5
C10B5370
C10BD89B
C10C5E24
C10CE40A
C10D6A4C
C10DF0E8
C10E77DF
C10EFF2D
C10F86D4
C1100ED0
C1109722
C1111FC8
C111A8C2
C112320D
C112BBAA
C1134597
C113CFD3
C1145A5D
C114E535
C1157059
C115FBC8
C1168781
C1171384
C1179FD0
C1182C63
C118B93D
C119465D
C119D3C1
C11A616A
C11AEF56
C11B7D84
C11C0BF3
C11C9AA4
C11D2993
C11DB8C2
C11E482F
C11ED7D9
C11F67BF
C11FF7E1
C120883E
C12118D5
C121A9A5
C1223AAD
C122CBED
C1235D63
C123EF10
C12480F2
C1251308
C125A553
C12637D0
C126CA7F
C1275D60
C127F072
C12883B4
C1291725
C129AAC5
C12A3E93
C12AD28E
C12B66B5
C12BFB09
C12C8F88
C12D2431
C12DB904
C12E4E00
C12EE324
C12F7871
C1300DE5
C130A37F
C131393F
C131CF25
C1326530
C132FB5E
C13391B0
C1342825
C134BEBD
C1355576
C135EC50
C136834B
C1371A66
C137B1A0
C13848FA
C138E072
C1397807
C13A0FBA
C13AA78A
C13B3F77
C0B2FF15
C0B342EC
C0B38736
C0B3CBF9
C0B4113E
C0B4570B
C0B49D68
C0B4E45E
C0B52BF1
C0B5742B
C0B5BD11
C0B606AA
C0B650FE
C0B69C13
C0B6E7EF
C0B7349A
C0B78219
C0B7D073
C0B81FAF
C0B86FD2
C0B8C0E3
C0B912E9
C0B965E8
C0B9B9E9
C0BA0EF0
C0BA6503
C0BABC29
C0BB1468
C0BB6DC5
C0BBC847
C0BC23F2
C0BC80CE
C0BCDEE0
C0BD3E2C
C0BD9EBA
C0BE008E
C0BE63AE
C0BEC820
C0BF2DE9
C0BF950E
C0BFFD94
C0C06781
C0C0D2D9
C0C13FA3
C0C1ADE2
C0C21D9B
C0C28ED3
C0C30190
C0C375D4
C0C3EBA5
C0C46307
C0C4DBFF
C0C5568F
C0C5D2BD
C0C6508C
C0C6CFFF
C0C7511A
C0C7D3E0
C0C85855
C0C8DE7B
C0C96655
C0C9EFE6
C0CA7B31
C0CB0838
C0CB96FC
C0CC2780
C0CCB9C6
C0CD4DCE
C0CDE39B
C0CE7B2E
C0CF1487
C0CFAFA7
C0D04C8F
C0D0EB3F
C0D18BB7
C0D22DF7
C0D2D1FF
C0D377CE
C0D41F64
C0D4C8BF
C0D573DF
C0D620C2
C0D6CF67
C0D77FCC
C0D831EE
C0D8E5CD
C0D99B66
C0DA52B6
C0DB0BBB
C0DBC672
C0DC82D8
C0DD40EA
C0DE00A5
C0DEC206
C0DF8508
C0E049AA
C0E10FE6
C0E1D7B9
C0E2A120
C0E36C15
C0E43896
C0E5069E
C0E5D629
C0E6A733
C0E779B6
C0E84DB0
C0E9231B
C0E9F9F4
C0EAD235
C0EBABDA
C0EC86E0
C0ED6340
C0EE40F8
C0EF2002
C0F0005A
C0F0E1FC
C0F1C4E3
C0F2A90B
C0F38E70
C0F4750D
C0F55CDE
C0F645DF
C0F7300B
C0F81B5F
C0F907D7
C0F9F56E
C0FAE420
C0FBD3EB
C0FCC4C9
C0FDB6B7
C0FEA9B1
C0FF9DB4
C100495E
C100C463
C1013FE6
C101BBE8
C1023864
C102B55B
C10332CA
C103B0AF
C1042F0A
C104ADD9
C1052D19
C105ACCA
C1062CEB
C106AD79
C1072E73
C107AFD9
C10831A8
C108B3DF
C109367D
C109B981
C10A3CEA
C10AC0B5
C10B44E3
C10BC971
C10C4E5E
C10CD3AA
C10D5954
C10DDF59
C10E65B9
C10EEC73
C10F7386
C10FFAF1
C11082B2
C1110AC9
C1119334
C1121BF3
C112A504
C1132E67
C113B81A
C114421D
C114CC6E
C115570D
C115E1F9
C1166D30
C116F8B2
C117847E
C1181093
C1189CF0
C1192994
C119B67E
C11A43AE
C11AD122
C11B5EDA
C11BECD4
C11C7B10
C11D098E
C11D984B
C11E2748
C11EB684
C11F45FD
C11FD5B3
C12065A5
C120F5D2
C121863A
C12216DB
C122A7B6
C12338C8
C123CA12
C1245B92
C124ED48
C1257F33
C1261153
C126A3A6
C127362B
C127C8E3
C1285BCC
C128EEE6
C129822F
C12A15A8
C12AA94F
C12B3D24
C12BD125
C12C6554
C12CF9AE
C12D8E33
C12E22E2
C12EB7BB
C12F4CBD
C12FE1E7
C1307739
C1310CB3
C131A252
C1323818
C132CE03
C1336412
C133FA45
C134909C
C1352716
C135BDB1
C136546F
C136EB4D
C137824C
C138196B
C138B0AA
C1394807
C139DF83
C13A771C
C13B0ED3
C13BA6A6
C0B41F1D
C0B462C0
C0B4A6D4
C0B4EB62
C0B53072
C0B5760B
C0B5BC35
C0B602F6
C0B64A57
C0B6925D
C0B6DB0F
C0B72476
C0B76E97
C0B7B979
C0B80522
C0B8519A
C0B89EE6
C0B8ED0E
C0B93C16
C0B98C07
C0B9DCE5
C0BA2EB7
C0BA8184
C0BAD551
C0BB2A24
C0BB8004
C0BBD6F7
C0BC2F02
C0BC882B
C0BCE278
C0BD3DEF
C0BD9A96
C0BDF872
C0BE578A
C0BEB7E2
C0BF1980
C0BF7C6A
C0BFE0A5
C0C04637
C0C0AD24
C0C11573
C0C17F28
C0C1EA48
C0C256D8
C0C2C4DE
C0C3345D
C0C3A55C
C0C417DD
C0C48BE7
C0C5017C
C0C578A2
C0C5F15D
C0C66BB0
C0C6E7A0
C0C76530
C0C7E465
C0C86540
C0C8E7C6
C0C96BFA
C0C9F1DF
C0CA7978
C0CB02C6
C0CB8DCE
C0CC1A90
C0CCA910
C0CD394F
C0CDCB4E
C0CE5F10
C0CEF496
C0CF8BE0
C0D024F0
C0D0BFC7
C0D15C64
C0D1FAC9
C0D29AF5
C0D33CE8
C0D3E0A2
C0D48622
C0D52D69
C0D5D674
C0D68142
C0D72DD3
C0D7DC25
C0D88C36
C0D93E04
C0D9F18E
C0DAA6D0
C0DB5DC9
C0DC1675
C0DCD0D3
C0DD8CDF
C0DE4A96
C0DF09F5
C0DFCAF9
C0E08D9E
C0E151E0
C0E217BD
C0E2DF30
C0E3A835
C0E472C8
C0E53EE5
C0E60C89
C0E6DBAF
C0E7AC52
C0E87E6F
C0E95201
C0EA2703
C0EAFD72
C0EBD549
C0ECAE83
C0ED891C
C0EE6510
C0EF425A
C0F020F5
C0F100DE
C0F1E210
C0F2C486
C0F3A83D
C0F48D2F
C0F57359
C0F65AB6
C0F74343
C0F82CFA
C0F917D9
C0FA03DA
C0FAF0FB
C0FBDF36
C0FCCE88
C0FDBEEE
C0FEB063
C0FFA2E5
C1004B37
C100C57E
C1014046
C101BB8C
C102374F
C102B38E
C1033047
C103AD78
C1042B20
C104A93D
C10527CD
C105A6CF
C1062642
C106A624
C1072674
C107A730
C1082858
C108A9E8
C1092BE1
C109AE42
C10A3107
C10AB432
C10B37BF
C10BBBAF
C10C4000
C10CC4B0
C10D49BF
C10DCF2B
C10E54F3
C10EDB16
C10F6194
C10FE86B
C1106F99
C110F71E
C1117EF9
C1120729
C1128FAD
C1131884
C113A1AC
C1142B25
C114B4EE
C1153F06
C115C96C
C116541E
C116DF1D
C1176A67
C117F5FC
C11881D9
C1190DFF
C1199A6D
C11A2721
C11AB41B
C11B415A
C11BCEDD
C11C5CA3
C11CEAAC
C11D78F6
C11E0780
C11E964B
C11F2554
C11FB49C
C1204421
C120D3E2
C12163E0
C121F418
C122848A
C1231536
C123A61B
C1243737
C124C88A
C1255A14
C125EBD3
C1267DC7
C1270FEF
C127A24A
C12834D8
C128C797
C1295A88
C129EDA9
C12A80FA
C12B147A
C12BA828
C12C3C03
C12CD00C
C12D6440
C12DF8A1
C12E8D2C
C12F21E1
C12FB6C0
C1304BC7
C130E0F7
C131764F
C1320BCD
C132A172
C133373C
C133CD2C
C1346340
C134F978
C1358FD3
C1362651
C136BCF1
C13753B3
C137EA95
C1388198
C13918BB
C139AFFD
C13A475E
C13ADEDD
C13B767A
C13C0E34
C0B53FE5
C0B58353
C0B5C733
C0B60B8E
C0B6506B
C0B695D1
C0B6DBC8
C0B72256
C0B76984
C0B7B158
C0B7F9D9
C0B8430E
C0B88CFD
C0B8D7AD
C0B92324
C0B96F6A
C0B9BC85
C0BA0A7B
C0BA5952
C0BAA910
C0BAF9BD
C0BB4B5D
C0BB9DF8
C0BBF192
C0BC4634
C0BC9BE1
C0BCF2A1
C0BD4A79
C0BDA36F
C0BDFD89
C0BE58CC
C0BEB53F
C0BF12E8
C0BF71CB
C0BFD1EE
C0C03358
C0C0960C
C0C0FA12
C0C15F6E
C0C1C625
C0C22E3D
C0C297BB
C0C302A3
C0C36EFC
C0C3DCC9
C0C44C10
C0C4BCD5
C0C52F1D
C0C5A2EC
C0C61847
C0C68F32
C0C707B1
C0C781C8
C0C7FD7B
C0C87ACE
C0C8F9C4
C0C97A61
C0C9FCA8
C0CA809C
C0CB0641
C0CB8D98
C0CC16A5
C0CCA16A
C0CD2DEA
C0CDBC26
C0CE4C20
C0CEDDDB
C0CF7157
C0D00696
C0D09D99
C0D13660
C0D1D0EE
C0D26D42
C0D30B5C
C0D3AB3C
C0D44CE3
C0D4F051
C0D59583
C0D63C7B
C0D6E537
C0D78FB5
C0D83BF5
C0D8E9F4
C0D999B2
C0DA4B2D
C0DAFE61
C0DBB34E
C0DC69F0
C0DD2245
C0DDDC4A
C0DE97FC
C0DF5559
C0E0145D
C0E0D504
C0E1974C
C0E25B31
C0E320AE
C0E3E7C1
C0E4B065
C0E57A96
C0E64651
C0E71391
C0E7E252
C0E8B290
C0E98446
C0EA5770
C0EB2C0B
C0EC0210
C0ECD97D
C0EDB24C
C0EE8C7A
C0EF6801
C0F044DD
C0F1230A
C0F20284
C0F2E346
C0F3C54C
C0F4A891
C0F58D11
C0F672C8
C0F759B2
C0F841CA
C0F92B0D
C0FA1576
C0FB0101
C0FBEDAB
C0FCDB6F
C0FDCA4A
C0FEBA37
C0FFAB34
C1004E9E
C100C826
C1014230
C101BCBA
C10237C3
C102B349
C1032F4A
C103ABC5
C10428B8
C104A621
C1052400
C105A252
C1062116
C106A04A
C1071FEE
C1079FFF
C108207D
C108A165
C10922B8
C109A472
C10A2694
C10AA91B
C10B2C07
C10BAF57
C10C3308
C10CB71B
C10D3B8D
C10DC05E
C10E458D
C10ECB18
C10F50FE
C10FD73F
C1105DD8
C110E4CA
C1116C13
C111F3B2
C1127BA6
C11303EE
C1138C8A
C1141577
C1149EB5
C1152844
C115B222
C1163C4E
C116C6C8
C117518D
C117DC9F
C11867FB
C118F3A1
C1197F8F
C11A0BC6
C11A9844
C11B2507
C11BB210
C11C3F5E
C11CCCEF
C11D5AC3
C11DE8D9
C11E7731
C11F05C8
C11F949F
C12023B4
C120B308
C1214298
C121D265
C122626D
C122F2B0
C123832C
C12413E2
C124A4D0
C12535F6
C125C752
C12658E5
C126EAAD
C1277CA9
C1280ED9
C128A13D
C12933D2
C129C699
C12A5991
C12AECBA
C12B8012
C12C1398
C12CA74D
C12D3B2F
C12DCF3E
C12E6379
C12EF7DF
C12F8C70
C130212B
C130B60F
C1314B1C
C131E051
C13275AE
C1330B31
C133A0DB
C13436AA
C134CC9E
C13562B7
C135F8F3
C1368F53
C13725D5
C137BC79
C138533F
C138EA26
C139812C
C13A1853
C13AAF99
C13B46FD
C13BDE80
C13C7620
C0B66166
C0B6A4A1
C0B6E84F
C0B72C77
C0B77122
C0B7B656
C0B7FC1B
C0B84279
C0B88975
C0B8D118
C0B91968
C0B9626C
C0B9AC2A
C0B9F6AA
C0BA41F1
C0BA8E06
C0BADAF0
C0BB28B5
C0BB775B
C0BBC6E9
C0BC1765
C0BC68D4
C0BCBB3E
C0BD0EA8
C0BD6317
C0BDB893
C0BE0F22
C0BE66C8
C0BEBF8C
C0BF1973
C0BF7485
C0BFD0C5
C0C02E3A
C0C08CEA
C0C0ECDA
C0C14E0F
C0C1B090
C0C21461
C0C27988
C0C2E00A
C0C347EC
C0C3B133
C0C41BE6
C0C48807
C0C4F59D
C0C564AC
C0C5D539
C0C64748
C0C6BADE
C0C72FFF
C0C7A6B0
C0C81EF4
C0C898D0
C0C91447
C0C9915D
C0CA1017
C0CA9076
C0CB127F
C0CB9634
C0CC1B99
C0CCA2B1
C0CD2B7D
C0CDB601
C0CE423E
C0CED037
C0CF5FEE
C0CFF164
C0D0849B
C0D11995
C0D1B051
C0D248D2
C0D2E317
C0D37F22
C0D41CF3
C0D4BC89
C0D55DE5
C0D60106
C0D6A5EB
C0D74C95
C0D7F502
C0D89F31
C0D94B20
C0D9F8CE
C0DAA83A
C0DB5961
C0DC0C42
C0DCC0D9
C0DD7725
C0DE2F23
C0DEE8D1
C0DFA42B
C0E0612E
C0E11FD7
C0E1E023
C0E2A20E
C0E36595
C0E42AB4
C0E4F167
C0E5B9AB
C0E6837B
C0E74ED3
C0E81BB0
C0E8EA0D
C0E9B9E6
C0EA8B36
C0EB5DF9
C0EC322C
C0ED07C9
C0EDDECC
C0EEB730
C0EF90F2
C0F06C0D
C0F1487D
C0F2263C
C0F30547
C0F3E599
C0F4C72F
C0F5AA03
C0F68E11
C0F77355
C0F859CC
C0F94170
C0FA2A3E
C0FB1432
C0FBFF47
C0FCEB7A
C0FDD8C7
C0FEC72A
C0FFB69F
C1005391
C100CC59
C10145A3
C101BF70
C10239BD
C102B489
C1032FD1
C103AB94
C10427D1
C104A486
C10521B1
C1059F51
C1061D64
C1069BEA
C1071AE0
C1079A45
C1081A17
C1089A56
C1091B00
C1099C13
C10A1D8F
C10A9F72
C10B21BB
C10BA468
C10C2779
C10CAAEC
C10D2EC0
C10DB2F5
C10E3787
C10EBC78
C10F41C5
C10FC76E
C1104D71
C110D3CE
C1115A82
C111E18F
C11268F1
C112F0A9
C11378B5
C1140115
C11489C6
C11512CA
C1159C1E
C11625C1
C116AFB3
C11739F2
C117C47F
C1184F57
C118DA7A
C11965E8
C119F19E
C11A7D9D
C11B09E4
C11B9671
C11C2344
C11CB05B
C11D3DB7
C11DCB56
C11E5938
C11EE75B
C11F75BE
C1200462
C1209345
C1212266
C121B1C5
C1224160
C122D138
C123614A
C123F197
C124821D
C12512DD
C125A3D4
C1263503
C126C668
C1275803
C127E9D3
C1287BD8
C1290E10
C129A07B
C12A3318
C12AC5E7
C12B58E6
C12BEC15
C12C7F74
C12D1301
C12DA6BC
C12E3AA4
C12ECEB9
C12F62FA
C12FF766
C1308BFD
C13120BD
C131B5A7
C1324AB9
C132DFF3
C1337555
C1340ADD
C134A08C
C135365F
C135CC58
C1366275
C136F8B6
C1378F19
C13825A0
C138BC48
C1395311
C139E9FB
C13A8106
C13B1830
C13BAF79
C13C46E1
C13CDE67
C0B7839D
C0B7C6A6
C0B80A22
C0B84E19
C0B89293
C0B8D796
C0B91D2B
C0B96358
C0B9AA25
C0B9F198
C0BA39B8
C0BA828C
C0BACC1A
C0BB166A
C0BB6182
C0BBAD68
C0BBFA22
C0BC47B8
C0BC962E
C0BCE58C
C0BD35D8
C0BD8718
C0BDD952
C0BE2C8B
C0BE80CB
C0BED616
C0BF2C74
C0BF83E9
C0BFDC7C
C0C03633
C0C09112
C0C0ED21
C0C14A64
C0C1A8E2
C0C2089F
C0C269A1
C0C2CBEF
C0C32F8C
C0C3947F
C0C3FACC
C0C4627A
C0C4CB8D
C0C53609
C0C5A1F5
C0C60F54
C0C67E2D
C0C6EE82
C0C76059
C0C7D3B7
C0C8489F
C0C8BF17
C0C93721
C0C9B0C3
C0CA2BFF
C0CAA8DA
C0CB2757
C0CBA77A
C0CC2945
C0CCACBD
C0CD31E3
C0CDB8BC
C0CE4148
C0CECB8B
C0CF5787
C0CFE53F
C0D074B3
C0D105E6
C0D198D9
C0D22D8D
C0D2C404
C0D35C3E
C0D3F63D
C0D491FF
C0D52F87
C0D5CED4
C0D66FE5
C0D712BB
C0D7B754
C0D85DB1
C0D905D0
C0D9AFB0
C0DA5B50
C0DB08AE
C0DBB7C8
C0DC689D
C0DD1B2A
C0DDCF6D
C0DE8564
C0DF3D0C
C0DFF662
C0E0B164
C0E16E0E
C0E22C5D
C0E2EC4E
C0E3ADDD
C0E47107
C0E535C9
C0E5FC1D
C0E6C401
C0E78D70
C0E85867
C0E924E1
C0E9F2DA
C0EAC24E
C0EB9339
C0EC6596
C0ED3961
C0EE0E96
C0EEE530
C0EFBD2A
C0F09681
C0F17130
C0F24D33
C0F32A85
C0F40921
C0F4E905
C0F5CA2A
C0F6AC8D
C0F79029
C0F874FC
C0F95AFF
C0FA422F
C0FB2A89
C0FC1407
C0FCFEA6
C0FDEA63
C0FED738
C0FFC524
C1005A10
C100D216
C1014AA0
C101C3AE
C1023D3E
C102B74D
C10331DB
C103ACE5
C104286B
C104A46A
C10520E0
C1059DCD
C1061B2E
C1069903
C107174A
C1079601
C1081527
C10894BA
C10914BA
C1099525
C10A15F9
C10A9736
C10B18DA
C10B9AE4
C10C1D53
C10CA025
C10D2359
C10DA6EE
C10E2AE4
C10EAF38
C10F33EB
C10FB8FA
C1103E64
C110C42A
C1114A49
C111D0C0
C112578F
C112DEB4
C1136630
C113EDFF
C1147623
C114FE98
C1158760
C1161079
C11699E1
C1172398
C117AD9D
C11837F0
C118C28E
C1194D78
C119D8AD
C11A642B
C11AEFF2
C11B7C00
C11C0856
C11C94F2
C11D21D3
C11DAEF9
C11E3C62
C11ECA0F
C11F57FD
C11FE62C
C120749C
C121034C
C121923A
C1222166
C122B0D0
C1234076
C123D058
C1246074
C124F0CB
C125815B
C1261223
C126A324
C127345B
C127C5C9
C128576C
C128E944
C1297B51
C12A0D90
C12AA003
C12B32A7
C12BC57D
C12C5883
C12CEBB9
C12D7F1E
C12E12B1
C12EA673
C12F3A61
C12FCE7C
C13062C2
C130F734
C1318BD0
C1322095
C132B584
C1334A9B
C133DFDB
C1347541
C1350ACE
C135A081
C1363659
C136CC56
C1376277
C137F8BC
C1388F24
C13925AE
C139BC5A
C13A5327
C13AEA15
C13B8123
C13C1851
C13CAF9D
C13D4708
C0B8A683
C0B8E95B
C0B92CA7
C0B9706E
C0B9B4B8
C0B9F98C
C0BA3EF2
C0BA84F0
C0BACB8D
C0BB12D1
C0BB5AC3
C0BBA368
C0BBECC8
C0BC36EA
C0BC81D3
C0BCCD8A
C0BD1A16
C0BD677D
C0BDB5C5
C0BE04F5
C0BE5512
C0BEA623
C0BEF82D
C0BF4B38
C0BF9F48
C0BFF464
C0C04A92
C0C0A1D8
C0C0FA3A
C0C153C1
C0C1AE70
C0C20A4E
C0C26760
C0C2C5AC
C0C32538
C0C38608
C0C3E823
C0C44B8E
C0C4B04E
C0C51668
C0C57DE2
C0C5E6C0
C0C65108
C0C6BCBF
C0C729E9
C0C7988B
C0C808AB
C0C87A4B
C0C8ED72
C0C96222
C0C9D861
C0CA5033
C0CAC99B
C0CB449D
C0CBC13D
C0CC3F7F
C0CCBF66
C0CD40F6
C0CDC430
C0CE4919
C0CECFB3
C0CF5800
C0CFE204
C0D06DC0
C0D0FB36
C0D18A69
C0D21B59
C0D2AE09
C0D34279
C0D3D8AB
C0D470A0
C0D50A58
C0D5A5D4
C0D64314
C0D6E217
C0D782DF
C0D8256B
C0D8C9B9
C0D96FC9
C0DA179B
C0DAC12D
C0DB6C7E
C0DC198C
C0DCC856
C0DD78D9
C0DE2B13
C0DEDF03
C0DF94A5
C0E04BF8
C0E104F8
C0E1BFA2
C0E27BF4
C0E339EA
C0E3F981
C0E4BAB5
C0E57D83
C0E641E7
C0E707DD
C0E7CF62
C0E89871
C0E96307
C0EA2F1F
C0EAFCB5
C0EBCBC5
C0EC9C4B
C0ED6E42
C0EE41A6
C0EF1673
C0EFECA4
C0F0C435
C0F19D21
C0F27765
C0F352FB
C0F42FE0
C0F50E0E
C0F5ED82
C0F6CE38
C0F7B02A
C0F89356
C0F977B6
C0FA5D46
C0FB4403
C0FC2BE8
C0FD14F1
C0FDFF1A
C0FEEA60
C0FFD6BF
C1006219
C100D95C
C1015124
C101C972
C1024243
C102BB96
C1033568
C103AFB8
C1042A85
C104A5CC
C105218C
C1059DC4
C1061A73
C1069796
C107152B
C1079333
C10811AB
C1089092
C1090FE6
C1098FA7
C10A0FD3
C10A9068
C10B1165
C10B92CA
C10C1495
C10C96C4
C10D1957
C10D9C4C
C10E1FA3
C10EA359
C10F276F
C10FABE3
C11030B3
C110B5DF
C1113B67
C111C147
C1124781
C112CE12
C11354FA
C113DC38
C11463CB
C114EBB2
C11573EB
C115FC77
C1168554
C1170E80
C11797FC
C11821C7
C118ABDF
C1193643
C119C0F3
C11A4BEE
C11AD733
C11B62C1
C11BEE98
C11C7AB6
C11D071A
C11D93C4
C11E20B3
C11EADE6
C11F3B5D
C11FC916
C1205710
C120E54C
C12173C8
C1220282
C122917C
C12320B3
C123B027
C1243FD7
C124CFC2
C1255FE9
C125F048
C12680E2
C12711B3
C127A2BC
C12833FC
C128C572
C129571D
C129E8FD
C12A7B11
C12B0D58
C12B9FD1
C12C327D
C12CC559
C12D5866
C12DEBA2
C12E7F0D
C12F12A7
C12FA66E
C1303A62
C130CE82
C13162CE
C131F745
C1328BE7
C13320B1
C133B5A5
C1344AC1
C134E005
C1357570
C1360B01
C136A0B9
C1373695
C137CC96
C13862BC
C138F904
C1398F70
C13A25FE
C13ABCAD
C13B537E
C13BEA6F
C13C8181
C13D18B2
C13DB002
C0B9CA15
C0BA0CBE
C0BA4FDA
C0BA9372
C0BAD78E
C0BB1C33
C0BB616A
C0BBA73A
C0BBEDAA
C0BC34C1
C0BC7C84
C0BCC4FC
C0BD0E2F
C0BD5823
C0BDA2DE
C0BDEE68
C0BE3AC7
C0BE8800
C0BED61B
C0BF251D
C0BF750C
C0BFC5EF
C0C017CC
C0C06AA8
C0C0BE8A
C0C11378
C0C16977
C0C1C08E
C0C218C2
C0C27218
C0C2CC98
C0C32846
C0C38528
C0C3E344
C0C4429F
C0C4A33F
C0C50528
C0C56861
C0C5CCEF
C0C632D7
C0C69A1E
C0C702C9
C0C76CDE
C0C7D860
C0C84556
C0C8B3C3
C0C923AD
C0C99518
C0CA0808
C0CA7C82
C0CAF289
C0CB6A23
C0CBE352
C0CC5E1C
C0CCDA82
C0CD588A
C0CDD836
C0CE598A
C0CEDC89
C0CF6135
C0CFE791
C0D06FA1
C0D0F966
C0D184E2
C0D21218
C0D2A10A
C0D331B9
C0D3C426
C0D45853
C0D4EE42
C0D585F2
C0D61F64
C0D6BA9A
C0D75792
C0D7F64E
C0D896CD
C0D9390F
C0D9DD13
C0DA82D8
C0DB2A5E
C0DBD3A3
C0DC7EA5
C0DD2B64
C0DDD9DE
C0DE8A10
C0DF3BF9
C0DFEF96
C0E0A4E5
C0E15BE3
C0E2148D
C0E2CEE1
C0E38ADB
C0E44878
C0E507B5
C0E5C88F
C0E68B01
C0E74F09
C0E814A2
C0E8DBC8
C0E9A478
C0EA6EAD
C0EB3A63
C0EC0797
C0ECD644
C0EDA665
C0EE77F7
C0EF4AF5
C0F01F5A
C0F0F523
C0F1CC4B
C0F2A4CD
C0F37EA6
C0F459D0
C0F53648
C0F61408
C0F6F30E
C0F7D354
C0F8B4D6
C0F99790
C0FA7B7E
C0FB609C
C0FC46E5
C0FD2E56
C0FE16EB
C0FF009F
C0FFEB6E
C1006BAB
C100E229
C101592F
C101D0BC
C10248CD
C102C161
C1033A76
C103B40B
C1042E1D
C104A8AC
C10523B5
C1059F37
C1061B31
C10697A0
C1071484
C10791DB
C1080FA4
C1088DDD
C1090C85
C1098B9A
C10A0B1B
C10A8B07
C10B0B5D
C10B8C1B
C10C0D40
C10C8ECB
C10D10BB
C10D930E
C10E15C4
C10E98DC
C10F1C53
C10FA02A
C110245E
C110A8F0
C1112DDD
C111B326
C11238C8
C112BEC4
C1134517
C113CBC1
C11452C2
C114DA17
C11561C1
C115E9BD
C116720C
C116FAAD
C117839D
C1180CDE
C118966D
C119204A
C119AA73
C11A34E9
C11ABFAA
C11B4AB6
C11BD60A
C11C61A8
C11CED8D
C11D79BA
C11E062C
C11E92E4
C11F1FE1
C11FAD21
C1203AA4
C120C869
C1215670
C121E4B7
C122733D
C1230203
C1239107
C1242049
C124AFC7
C1253F80
C125CF75
C1265FA5
C126F00E
C12780AF
C1281189
C128A29B
C12933E2
C129C560
C12A5713
C12AE8FA
C12B7B16
C12C0D64
C12C9FE4
C12D3296
C12DC579
C12E588C
C12EEBCE
C12F7F40
C13012DF
C130A6AC
C1313AA6
C131CECB
C132631D
C132F799
C1338C3F
C134210F
C134B607
C1354B28
C135E070
C13675E0
C1370B75
C137A131
C1383711
C138CD17
C1396340
C139F98C
C13A8FFB
C13B268D
C13BBD40
C13C5414
C13CEB09
C13D821D
C13E1952
C0BAEE4D
C0BB30C8
C0BB73B6
C0BBB721
C0BBFB0E
C0BC3F87
C0BC8491
C0BCCA34
C0BD1077
C0BD5760
C0BD9EF7
C0BDE743
C0BE3049
C0BE7A10
C0BEC4A0
C0BF0FFD
C0BF5C2F
C0BFA93C
C0BFF72A
C0C045FF
C0C095C2
C0C0E678
C0C13828
C0C18AD7
C0C1DE8C
C0C2334C
C0C2891E
C0C2E006
C0C3380C
C0C39135
C0C3EB86
C0C44705
C0C4A3B8
C0C501A4
C0C560D0
C0C5C13F
C0C622F8
C0C68601
C0C6EA5E
C0C75014
C0C7B729
C0C81FA2
C0C88984
C0C8F4D3
C0C96195
C0C9CFCF
C0CA3F84
C0CAB0BA
C0CB2374
C0CB97B8
C0CC0D89
C0CC84EC
C0CCFDE4
C0CD7875
C0CDF4A3
C0CE7271
C0CEF1E4
C0CF72FD
C0CFF5C0
C0D07A31
C0D10051
C0D18823
C0D211AA
C0D29CE8
C0D329DF
C0D3B891
C0D448FF
C0D4DB2B
C0D56F16
C0D604C1
C0D69C2E
C0D7355B
C0D7D04C
C0D86CFE
C0D90B73
C0D9ABAA
C0DA4DA3
C0DAF15D
C0DB96D8
C0DC3E12
C0DCE70B
C0DD91C0
C0DE3E31
C0DEEC5B
C0DF9C3E
C0E04DD5
C0E10120
C0E1B61C
C0E26CC6
C0E3251C
C0E3DF19
C0E49ABD
C0E55802
C0E616E7
C0E6D766
C0E7997E
C0E85D29
C0E92265
C0E9E92E
C0EAB17F
C0EB7B54
C0EC46AA
C0ED137B
C0EDE1C5
C0EEB183
C0EF82B0
C0F05548
C0F12947
C0F1FEA8
C0F2D567
C0F3AD7F
C0F486ED
C0F561AC
C0F63DB7
C0F71B0B
C0F7F9A2
C0F8D979
C0F9BA8C
C0FA9CD5
C0FB8052
C0FC64FD
C0FD4AD3
C0FE31D0
C0FF19F0
C1000197
C10076C4
C100EC7C
C10162BF
C101D989
C10250D9
C102C8AD
C1034104
C103B9DC
C1043334
C104AD08
C1052759
C105A224
C1061D68
C1069923
C1071554
C10791F9
C1080F11
C1088C9A
C1090A94
C10988FC
C10A07D2
C10A8713
C10B06C0
C10B86D6
C10C0754
C10C883A
C10D0985
C10D8B35
C10E0D49
C10E8FBF
C10F1297
C10F95CF
C1101966
C1109D5C
C11121AE
C111A65C
C1122B66
C112B0CA
C1133687
C113BC9B
C1144308
C114C9CA
C11550E1
C115D84D
C116600D
C116E81F
C1177082
C117F937
C118823B
C1190B8E
C119952F
C11A1F1E
C11AA959
C11B33DF
C11BBEB1
C11C49CC
C11CD530
C11D60DC
C11DECD0
C11E790A
C11F058A
C11F9250
C1201F59
C120ACA5
C1213A35
C121C806
C1225617
C122E46A
C12372FB
C12401CC
C12490DA
C1252025
C125AFAD
C1263F70
C126CF6E
C1275FA6
C127F018
C12880C2
C12911A4
C129A2BD
C12A340D
C12AC592
C12B574C
C12BE93B
C12C7B5D
C12D0DB2
C12DA039
C12E32F1
C12EC5DA
C12F58F3
C12FEC3C
C1307FB3
C1311358
C131A72A
C1323B29
C132CF54
C13363AB
C133F82B
C1348CD6
C13521AB
C135B6A8
C1364BCD
C136E11A
C137768D
C1380C27
C138A1E7
C13937CB
C139CDD4
C13A6401
C13AFA51
C13B90C4
C13C2759
C13CBE0F
C13D54E7
C13DEBDF
C13E82F7
C0BC1328
C0BC5575
C0BC9837
C0BCDB74
C0BD1F35
C0BD6381
C0BDA860
C0BDEDD7
C0BE33EE
C0BE7AAC
C0BEC217
C0BF0A37
C0BF5312
C0BF9CAE
C0BFE712
C0C03244
C0C07E4A
C0C0CB2C
C0C118EE
C0C16798
C0C1B72E
C0C207B9
C0C2593C
C0C2ABC0
C0C2FF48
C0C353DC
C0C3A981
C0C4003D
C0C45815
C0C4B110
C0C50B34
C0C56685
C0C5C30A
C0C620C8
C0C67FC4
C0C6E005
C0C7418F
C0C7A467
C0C80894
C0C86E1A
C0C8D4FE
C0C93D45
C0C9A6F6
C0CA1213
C0CA7EA2
C0CAECA9
C0CB5C2A
C0CBCD2C
C0CC3FB2
C0CCB3C1
C0CD295C
C0CDA089
C0CE194A
C0CE93A4
C0CF0F9A
C0CF8D30
C0D00C6A
C0D08D49
C0D10FD2
C0D19408
C0D219EC
C0D2A182
C0D32ACC
C0D3B5CD
C0D44285
C0D4D0F8
C0D56126
C0D5F312
C0D686BB
C0D71C25
C0D7B34E
C0D84C38
C0D8E6E4
C0D98351
C0DA2180
C0DAC170
C0DB6321
C0DC0692
C0DCABC3
C0DD52B3
C0DDFB60
C0DEA5C9
C0DF51EC
C0DFFFC8
C0E0AF5B
C0E160A3
C0E2139D
C0E2C846
C0E37E9D
C0E4369E
C0E4F047
C0E5AB94
C0E66883
C0E7270F
C0E7E736
C0E8A8F3
C0E96C43
C0EA3123
C0EAF78E
C0EBBF81
C0EC88F7
C0ED53ED
C0EE205D
C0EEEE45
C0EFBD9F
C0F08E68
C0F1609B
C0F23433
C0F3092D
C0F3DF84
C0F4B733
C0F59037
C0F66A8B
C0F7462A
C0F82311
C0F9013B
C0F9E0A3
C0FAC146
C0FBA31F
C0FC862A
C0FD6A63
C0FE4FC6
C0FF3650
C1000EFD
C1008362
C100F854
C1016DD1
C101E3D8
C1025A66
C102D17A
C1034912
C103C12C
C10439C7
C104B2E1
C1052C78
C105A68A
C1062117
C1069C1D
C1071799
C107938B
C1080FF1
C1088CCA
C1090A14
C10987CE
C10A05F7
C10A848D
C10B038F
C10B82FC
C10C02D2
C10C8310
C10D03B6
C10D84C1
C10E0632
C10E8805
C10F0A3C
C10F8CD4
C1100FCC
C1109323
C11116D9
C1119AEC
C1121F5B
C112A425
C113294A
C113AEC8
C114349E
C114BACB
C115414F
C115C829
C1164F57
C116D6D8
C1175EAD
C117E6D3
C1186F4B
C118F812
C1198129
C11A0A8E
C11A9441
C11B1E41
C11BA88C
C11C3323
C11CBE04
C11D492E
C11DD4A1
C11E605B
C11EEC5D
C11F78A5
C1200532
C1209204
C1211F19
C121AC72
C1223A0D
C122C7E9
C1235606
C123E463
C12472FF
C12501D9
C12590F1
C1262046
C126AFD7
C1273FA3
C127CFAA
C1285FEB
C128F064
C1298117
C12A1201
C12AA321
C12B3479
C12BC605
C12C57C6
C12CE9BC
C12D7BE4
C12E0E40
C12EA0CD
C12F338C
C12FC67B
C130599A
C130ECE8
C1318064
C132140F
C132A7E6
C1333BEB
C133D01B
C1346476
C134F8FB
C1358DAB
C1362284
C136B786
C1374CAF
C137E200
C1387778
C1390D15
C139A2D9
C13A38C1
C13ACECE
C13B64FE
C13BFB52
C13C91C8
C13D2860
C13DBF1A
C13E55F5
C13EECF0
C0BD38A0
C0BD7AC1
C0BDBD57
C0BE0069
C0BE43FF
C0BE8820
C0BECCD3
C0BF121F
C0BF580B
C0BF9E9E
C0BFE5DF
C0C02DD5
C0C07685
C0C0BFF7
C0C10A30
C0C15538
C0C1A114
C0C1EDCB
C0C23B62
C0C289E1
C0C2D94D
C0C329AC
C0C37B05
C0C3CD5D
C0C420BA
C0C47522
C0C4CA9B
C0C5212B
C0C578D8
C0C5D1A6
C0C62B9D
C0C686C1
C0C6E319
C0C740A9
C0C79F78
C0C7FF8A
C0C860E5
C0C8C38F
C0C9278D
C0C98CE3
C0C9F397
C0CA5BAE
C0CAC52D
C0CB301A
C0CB9C77
C0CC0A4B
C0CC799A
C0CCEA69
C0CD5CBB
C0CDD096
C0CE45FD
C0CEBCF4
C0CF3580
C0CFAFA3
C0D02B63
C0D0A8C1
C0D127C2
C0D1A869
C0D22AB9
C0D2AEB4
C0D3345E
C0D3BBB9
C0D444C7
C0D4CF8B
C0D55C06
C0D5EA3A
C0D67A2A
C0D70BD5
C0D79F3F
C0D83466
C0D8CB4E
C0D963F5
C0D9FE5D
C0DA9A86
C0DB386F
C0DBD819
C0DC7983
C0DD1CAC
C0DDC194
C0DE683A
C0DF109C
C0DFBABA
C0E06691
C0E1141F
C0E1C364
C0E2745C
C0E32706
C0E3DB5E
C0E49162
C0E54910
C0E60265
C0E6BD5D
C0E779F5
C0E83829
C0E8F7F8
C0E9B95C
C0EA7C52
C0EB40D6
C0EC06E5
C0ECCE7A
C0ED9791
C0EE6227
C0EF2E37
C0EFFBBD
C0F0CAB5
C0F19B1A
C0F26CE8
C0F3401B
C0F414AE
C0F4EA9D
C0F5C1E4
C0F69A7E
C0F77468
C0F84F9C
C0F92C16
C0FA09D2
C0FAE8CC
C0FBC900
C0FCAA69
C0FD8D03
C0FE70CB
C0FF55BB
C1001DE9
C1009184
C10105AE
C1017A65
C101EFA7
C1026572
C102DBC5
C103529C
C103C9F8
C10441D5
C104BA33
C105330F
C105AC68
C106263D
C106A08C
C1071B53
C1079691
C1081244
C1088E6B
C1090B05
C109880F
C10A058A
C10A8373
C10B01C9
C10B808B
C10BFFB8
C10C7F4E
C10CFF4D
C10D7FB2
C10E007E
C10E81AE
C10F0341
C10F8538
C110078F
C1108A47
C1110D5F
C11190D5
C11214A8
C11298D7
C1131D62
C113A247
C1142785
C114AD1C
C115330B
C115B950
C1163FEB
C116C6DB
C1174E1E
C117D5B5
C1185D9E
C118E5D8
C1196E62
C119F73C
C11A8065
C11B09DC
C11B939F
C11C1DAF
C11CA80B
C11D32B1
C11DBDA0
C11E48D9
C11ED45A
C11F6022
C11FEC31
C1207886
C1210520
C12191FE
C1221F1F
C122AC83
C1233A29
C123C810
C1245638
C124E49F
C1257345
C1260229
C126914A
C12720A8
C127B042
C1284017
C128D026
C129606F
C129F0F1
C12A81AB
C12B129D
C12BA3C5
C12C3523
C12CC6B7
C12D587F
C12DEA7B
C12E7CAA
C12F0F0B
C12FA19F
C1303463
C130C758
C1315A7D
C131EDD0
C1328152
C1331502
C133A8DF
C1343CE8
C134D11C
C135657C
C135FA07
C1368EBB
C1372398
C137B89E
C1384DCB
C138E320
C139789C
C13A0E3D
C13AA404
C13B39F0
C13BD001
C13C6634
C13CFC8B
C13D9305
C13E29A0
C13EC05D
C13F573B
C0BE5EB2
C0BEA0A8
C0BEE313
C0BF25FA
C0BF6966
C0BFAD5C
C0BFF1E5
C0C03708
C0C07CCA
C0C0C334
C0C10A4B
C0C15217
C0C19A9E
C0C1E3E6
C0C22DF6
C0C278D4
C0C2C487
C0C31114
C0C35E82
C0C3ACD7
C0C3FC19
C0C44C4E
C0C49D7D
C0C4EFAA
C0C542DD
C0C5971B
C0C5EC69
C0C642CE
C0C69A4F
C0C6F2F2
C0C74CBD
C0C7A7B5
C0C803E0
C0C86144
C0C8BFE6
C0C91FCB
C0C980F8
C0C9E374
C0CA4743
C0CAAC6B
C0CB12F0
C0CB7AD7
C0CBE427
C0CC4EE2
C0CCBB0F
C0CD28B2
C0CD97CF
C0CE086C
C0CE7A8B
C0CEEE33
C0CF6366
C0CFDA29
C0D0527F
C0D0CC6E
C0D147F7
C0D1C51F
C0D243E9
C0D2C458
C0D3466F
C0D3CA31
C0D44FA1
C0D4D6C2
C0D55F95
C0D5EA1C
C0D6765B
C0D70452
C0D79403
C0D82570
C0D8B89A
C0D94D82
C0D9E428
C0DA7C8D
C0DB16B2
C0DBB297
C0DC503C
C0DCEFA0
C0DD90C4
C0DE33A6
C0DED846
C0DF7EA3
C0E026BC
C0E0D08E
C0E17C1A
C0E2295C
C0E2D853
C0E388FC
C0E43B56
C0E4EF5E
C0E5A511
C0E65C6C
C0E7156D
C0E7D010
C0E88C52
C0E94A31
C0EA09A7
C0EACAB2
C0EB8D4F
C0EC5178
C0ED172B
C0EDDE63
C0EEA71D
C0EF7154
C0F03D04
C0F10A29
C0F1D8BF
C0F2A8C1
C0F37A2B
C0F44CF9
C0F52126
C0F5F6AE
C0F6CD8D
C0F7A5BE
C0F87F3D
C0F95A06
C0FA3614
C0FB1364
C0FBF1F0
C0FCD1B5
C0FDB2AE
C0FE94D8
C0FF782F
C1002E57
C100A128
C101148A
C101887A
C101FCF6
C10271FD
C102E78C
C1035DA3
C103D43E
C1044B5D
C104C2FE
C1053B1E
C105B3BD
C1062CD9
C106A670
C1072080
C1079B09
C1081608
C108917C
C1090D64
C10989BF
C10A068A
C10A83C5
C10B016F
C10B7F85
C10BFE07
C10C7CF4
C10CFC4A
C10D7C08
C10DFC2D
C10E7CB8
C10EFDA8
C10F7EFB
C11000B1
C11082C8
C1110540
C1118817
C1120B4D
C1128EE0
C11312CF
C113971A
C1141BBF
C114A0BE
C1152616
C115ABC5
C11631CB
C116B827
C1173ED8
C117C5DD
C1184D35
C118D4E0
C1195CDC
C119E529
C11A6DC6
C11AF6B2
C11B7FEC
C11C0973
C11C9347
C11D1D67
C11DA7D2
C11E3286
C11EBD85
C11F48CB
C11FD45A
C120602F
C120EC4B
C12178AC
C1220552
C122923C
C1231F68
C123ACD8
C1243A88
C124C87A
C12556AB
C125E51C
C12673CC
C12702B9
C12791E4
C128214B
C128B0ED
C12940CA
C129D0E2
C12A6133
C12AF1BC
C12B827D
C12C1376
C12CA4A5
C12D360B
C12DC7A5
C12E5973
C12EEB76
C12F7DAB
C1301012
C130A2AC
C1313576
C131C870
C1325B9A
C132EEF3
C133827A
C134162F
C134AA10
C1353E1E
C135D258
C13666BC
C136FB4B
C1379003
C13824E4
C138B9EE
C1394F20
C139E478
C13A79F8
C13B0F9D
C13BA568
C13C3B57
C13CD16B
C13D67A2
C13DFDFC
C13E9479
C13F2B17
C13FC1D7
C0BF855A
C0BFC725
C0C00966
C0C04C24
C0C08F66
C0C0D334
C0C11794
C0C15C8D
C0C1A227
C0C1E868
C0C22F57
C0C276FA
C0C2BF58
C0C30878
C0C3525F
C0C39D14
C0C3E89E
C0C43503
C0C48248
C0C4D074
C0C51F8E
C0C56F9A
C0C5C09F
C0C612A3
C0C665AC
C0C6B9C0
C0C70EE4
C0C7651F
C0C7BC76
C0C814EE
C0C86E8E
C0C8C95B
C0C9255B
C0C98293
C0C9E109
C0CA40C1
C0CAA1C2
C0CB0411
C0CB67B2
C0CBCCAC
C0CC3303
C0CC9ABC
C0CD03DC
C0CD6E68
C0CDDA65
C0CE47D8
C0CEB6C4
C0CF272F
C0CF991D
C0D00C92
C0D08192
C0D0F822
C0D17044
C0D1E9FE
C0D26552
C0D2E244
C0D360D8
C0D3E110
C0D462F0
C0D4E67A
C0D56BB1
C0D5F298
C0D67B30
C0D7057D
C0D79180
C0D81F3B
C0D8AEAF
C0D93FDE
C0D9D2C9
C0DA6771
C0DAFDD6
C0DB95FB
C0DC2FDE
C0DCCB80
C0DD68E1
C0DE0801
C0DEA8DF
C0DF4B7B
C0DFEFD4
C0E095E9
C0E13DB9
C0E1E741
C0E29282
C0E33F78
C0E3EE22
C0E49E7D
C0E55089
C0E60441
C0E6B9A3
C0E770AC
C0E8295A
C0E8E3AA
C0E99F97
C0EA5D20
C0EB1C3F
C0EBDCF3
C0EC9F36
C0ED6305
C0EE285D
C0EEEF39
C0EFB796
C0F0816E
C0F14CBF
C0F21984
C0F2E7B8
C0F3B758
C0F4885E
C0F55AC8
C0F62E8F
C0F703B1
C0F7DA29
C0F8B1F1
C0F98B07
C0FA6565
C0FB4108
C0FC1DEB
C0FCFC0A
C0FDDB61
C0FEBBEB
C0FF9DA5
C1004045
C100B24C
C10124E4
C101980C
C1020BC1
C1028003
C102F4CF
C1036A23
C103DFFE
C104565E
C104CD40
C10544A4
C105BC88
C10634E9
C106ADC7
C1072720
C107A0F3
C1081B3D
C10895FD
C1091133
C1098CDC
C10A08F7
C10A8583
C10B027E
C10B7FE7
C10BFDBE
C10C7C00
C10CFAAC
C10D79C2
C10DF940
C10E7925
C10EF96F
C10F7A1E
C10FFB31
C1107CA6
C110FE7D
C11180B5
C112034B
C1128640
C1130993
C1138D42
C114114D
C11495B2
C1151A71
C1159F88
C11624F8
C116AABE
C11730DB
C117B74D
C1183E13
C118C52D
C1194C99
C119D457
C11A5C66
C11AE4C5
C11B6D73
C11BF670
C11C7FBB
C11D0952
C11D9336
C11E1D65
C11EA7DE
C11F32A1
C11FBDAD
C1204902
C120D49D
C121607F
C121ECA7
C1227914
C12305C6
C12392BB
C1241FF2
C124AD6C
C1253B27
C125C923
C126575E
C126E5D9
C1277491
C1280388
C12892BB
C129222A
C129B1D5
C12A41BA
C12AD1D9
C12B6232
C12BF2C2
C12C838B
C12D148B
C12DA5C1
C12E372D
C12EC8CD
C12F5AA2
C12FECAA
C1307EE6
C1311153
C131A3F2
C13236C1
C132C9C1
C1335CF0
C133F04E
C13483DA
C1351794
C135AB7A
C1363F8C
C136D3CA
C1376833
C137FCC6
C1389182
C1392668
C139BB75
C13A50AB
C13AE607
C13B7B8A
C13C1133
C13CA701
C13D3CF4
C13DD30B
C13E6945
C13EFFA2
C13F9622
C1402CC3
C0C0AC92
C0C0EE35
C0C1304D
C0C172E2
C0C1B5FC
C0C1F9A1
C0C23DD9
C0C282AA
C0C2C81C
C0C30E36
C0C354FD
C0C39C78
C0C3E4AF
C0C42DA7
C0C47767
C0C4C1F4
C0C50D57
C0C55993
C0C5A6B1
C0C5F4B5
C0C643A6
C0C6938A
C0C6E467
C0C73643
C0C78923
C0C7DD0E
C0C83209
C0C8881B
C0C8DF48
C0C93797
C0C9910D
C0C9EBAF
C0CA4785
C0CAA492
C0CB02DC
C0CB6269
C0CBC33E
C0CC2561
C0CC88D6
C0CCEDA2
C0CD53CC
C0CDBB57
C0CE2449
C0CE8EA7
C0CEFA75
C0CF67B8
C0CFD674
C0D046AE
C0D0B86B
C0D12BAF
C0D1A07D
C0D216DA
C0D28ECA
C0D3084F
C0D3836F
C0D4002D
C0D47E8B
C0D4FE8D
C0D58036
C0D60388
C0D68888
C0D70F36
C0D79795
C0D821A8
C0D8AD6F
C0D93AEF
C0D9CA26
C0DA5B18
C0DAEDC5
C0DB822F
C0DC1855
C0DCB039
C0DD49DB
C0DDE53B
C0DE825A
C0DF2136
C0DFC1D0
C0E06426
C0E10839
C0E1AE07
C0E2558E
C0E2FECD
C0E3A9C4
C0E4566F
C0E504CD
C0E5B4DB
C0E66699
C0E71A02
C0E7CF14
C0E885CC
C0E93E28
C0E9F825
C0EAB3BE
C0EB70F2
C0EC2FBB
C0ECF017
C0EDB202
C0EE7578
C0EF3A76
C0F000F6
C0F0C8F6
C0F19272
C0F25D64
C0F329C9
C0F3F79C
C0F4C6DA
C0F5977E
C0F66984
C0F73CE7
C0F811A2
C0F8E7B3
C0F9BF14
C0FA97C0
C0FB71B5
C0FC4CED
C0FD2964
C0FE0716
C0FEE5FF
C0FFC61B
C10053B3
C100C4ED
C10136BB
C101A919
C1021C08
C1028F84
C103038B
C103781C
C103ED35
C10462D5
C104D8F8
C1054F9E
C105C6C6
C1063E6C
C106B691
C1072F31
C107A84C
C10821E1
C1089BEC
C109166E
C1099165
C10A0CCF
C10A88AA
C10B04F7
C10B81B2
C10BFEDC
C10C7C72
C10CFA74
C10D78E0
C10DF7B6
C10E76F3
C10EF697
C10F76A1
C10FF710
C11077E2
C110F916
C1117AAC
C111FCA3
C1127EF9
C11301AD
C11384BF
C114082E
C1148BF8
C115101D
C115949B
C1161973
C1169EA2
C1172429
C117AA06
C1183038
C118B6BF
C1193D99
C119C4C7
C11A4C46
C11AD417
C11B5C38
C11BE4A8
C11C6D68
C11CF675
C11D7FD0
C11E0977
C11E9369
C11F1DA7
C11FA82E
C12032FF
C120BE18
C121497A
C121D522
C1226110
C122ED44
C12379BC
C1240679
C1249379
C12520BB
C125AE3F
C1263C04
C126CA09
C127584E
C127E6D1
C1287593
C1290492
C12993CD
C12A2345
C12AB2F7
C12B42E4
C12BD30B
C12C636B
C12CF403
C12D84D2
C12E15D8
C12EA715
C12F3887
C12FCA2E
C1305C09
C130EE17
C1318058
C13212CB
C132A56F
C1333844
C133CB49
C1345E7D
C134F1E0
C1358570
C136192E
C136AD19
C1374130
C137D572
C13869DF
C138FE76
C1399336
C13A281F
C13ABD31
C13B526A
C13BE7CA
C13C7D50
C13D12FD
C13DA8CE
C13E3EC4
C13ED4DE
C13F6B1B
C140017C
C14097FE
C0C1D458
C0C215D2
C0C257C3
C0C29A30
C0C2DD23
C0C320A1
C0C364B1
C0C3A95C
C0C3EEA7
C0C43499
C0C47B3A
C0C4C28E
C0C50A9E
C0C55370
C0C59D09
C0C5E770
C0C632AB
C0C67EC1
C0C6CBB7
C0C71995
C0C7685F
C0C7B81B
C0C808D1
C0C85A85
C0C8AD3D
C0C90100
C0C955D3
C0C9ABBC
C0CA02C1
C0CA5AE7
C0CAB433
C0CB0EAD
C0CB6A58
C0CBC73B
C0CC255B
C0CC84BE
C0CCE568
C0CD475F
C0CDAAA8
C0CE0F49
C0CE7546
C0CEDCA4
C0CF4569
C0CFAF99
C0D01B38
C0D0884D
C0D0F6DA
C0D166E5
C0D1D872
C0D24B84
C0D2C021
C0D3364D
C0D3AE0A
C0D4275D
C0D4A24A
C0D51ED3
C0D59CFD
C0D61CC9
C0D69E3C
C0D72159
C0D7A621
C0D82C97
C0D8B4BD
C0D93E97
C0D9CA25
C0DA5769
C0DAE666
C0DB771B
C0DC098B
C0DC9DB7
C0DD339F
C0DDCB43
C0DE64A5
C0DEFFC4
C0DF9CA1
C0E03B3A
C0E0DB90
C0E17DA2
C0E2216F
C0E2C6F6
C0E36E36
C0E4172E
C0E4C1DB
C0E56E3C
C0E61C4E
C0E6CC11
C0E77D81
C0E8309C
C0E8E55F
C0E99BC7
C0EA53D2
C0EB0D7C
C0EBC8C2
C0EC85A1
C0ED4415
C0EE041B
C0EEC5AF
C0EF88CC
C0F04D70
C0F11396
C0F1DB3A
C0F2A459
C0F36EED
C0F43AF3
C0F50867
C0F5D744
C0F6A785
C0F77928
C0F84C26
C0F9207D
C0F9F627
C0FACD21
C0FBA565
C0FC7EF0
C0FD59BE
C0FE35CA
C0FF1310
C0FFF18B
C100689C
C100D90A
C1014A0C
C101BBA1
C1022DC7
C102A07C
C10313BE
C103878C
C103FBE2
C10470C0
C104E624
C1055C0C
C105D276
C1064961
C106C0CB
C10738B2
C107B115
C10829F2
C108A348
C1091D16
C1099759
C10A1211
C10A8D3B
C10B08D8
C10B84E5
C10C0161
C10C7E4A
C10CFBA1
C10D7962
C10DF78E
C10E7623
C10EF520
C10F7483
C10FF44C
C110747A
C110F50B
C11175FF
C111F754
C1127909
C112FB1E
C1137D92
C1140063
C1148391
C115071A
C1158AFE
C1160F3C
C11693D3
C11718C3
C1179E09
C11823A6
C118A998
C1192FE0
C119B67B
C11A3D69
C11AC4A9
C11B4C3B
C11BD41D
C11C5C50
C11CE4D1
C11D6DA1
C11DF6BE
C11E8028
C11F09DE
C11F93DF
C1201E2A
C120A8BF
C121339D
C121BEC3
C1224A31
C122D5E5
C12361DF
C123EE1E
C1247AA2
C1250769
C1259473
C12621BF
C126AF4D
C1273D1C
C127CB2A
C1285978
C128E804
C12976CE
C12A05D6
C12A9519
C12B2498
C12BB453
C12C4447
C12CD475
C12D64DB
C12DF57A
C12E8650
C12F175D
C12FA8A0
C1303A18
C130CBC5
C1315DA5
C131EFB9
C1328200
C1331478
C133A721
C13439FB
C134CD05
C135603E
C135F3A5
C136873B
C1371AFD
C137AEEC
C1384307
C138D74D
C1396BBE
C13A0059
C13A951D
C13B2A0A
C13BBF1F
C13C545C
C13CE9BF
C13D7F49
C13E14F8
C13EAACD
C13F40C6
C13FD6E3
C1406D23
C1410387
C0C2FCA7
C0C33DFA
C0C37FC4
C0C3C20B
C0C404D6
C0C4482E
C0C48C19
C0C4D09D
C0C515C2
C0C55B8F
C0C5A209
C0C5E938
C0C63122
C0C679CE
C0C6C341
C0C70D82
C0C75897
C0C7A487
C0C7F158
C0C83F0F
C0C88DB2
C0C8DD48
C0C92DD7
C0C97F64
C0C9D1F6
C0CA2592
C0CA7A3E
C0CACFFF
C0CB26DC
C0CB7EDA
C0CBD7FE
C0CC324F
C0CC8DD1
C0CCEA8B
C0CD4882
C0CDA7BA
C0CE083A
C0CE6A07
C0CECD25
C0CF319B
C0CF976C
C0CFFE9E
C0D06737
C0D0D13A
C0D13CAC
C0D1A992
C0D217F1
C0D287CD
C0D2F92B
C0D36C0E
C0D3E07B
C0D45675
C0D4CE01
C0D54722
C0D5C1DC
C0D63E33
C0D6BC28
C0D73BC1
C0D7BCFF
C0D83FE5
C0D8C477
C0D94AB6
C0D9D2A5
C0DA5C46
C0DAE79B
C0DB74A6
C0DC0367
C0DC93E2
C0DD2616
C0DDBA04
C0DE4FAE
C0DEE714
C0DF8037
C0E01B16
C0E0B7B1
C0E15609
C0E1F61C
C0E297EA
C0E33B73
C0E3E0B4
C0E487AE
C0E5305D
C0E5DAC2
C0E686DA
C0E734A2
C0E7E419
C0E8953D
C0E9480A
C0E9FC7F
C0EAB298
C0EB6A53
C0EC23AB
C0ECDE9F
C0ED9B2A
C0EE594A
C0EF18FA
C0EFDA37
C0F09CFD
C0F16148
C0F22714
C0F2EE5D
C0F3B71F
C0F48156
C0F54CFE
C0F61A13
C0F6E88F
C0F7B86F
C0F889AF
C0F95C4A
C0FA303C
C0FB0581
C0FBDC13
C0FCB3F0
C0FD8D13
C0FE6776
C0FF4318
C1000FF9
C1007F00
C100EEA0
C1015ED6
C101CFA1
C10240FE
C102B2EB
C1032567
C103986F
C1040C03
C104801F
C104F4C2
C10569EB
C105DF97
C10655C5
C106CC73
C10743A1
C107BB4B
C1083370
C108AC10
C1092528
C1099EB7
C10A18BC
C10A9335
C10B0E20
C10B897E
C10C054B
C10C8187
C10CFE31
C10D7B47
C10DF8C8
C10E76B4
C10EF508
C10F73C4
C10FF2E7
C110726F
C110F25B
C11172AC
C111F35E
C1127472
C112F5E6
C11377BA
C113F9ED
C1147C7D
C114FF69
C11582B2
C1160655
C1168A52
C1170EA9
C1179357
C118185D
C1189DBA
C119236C
C119A973
C11A2FCF
C11AB67D
C11B3D7E
C11BC4D1
C11C4C74
C11CD468
C11D5CAB
C11DE53C
C11E6E1C
C11EF748
C11F80C1
C1200A85
C1209494
C1211EED
C121A98F
C1223479
C122BFAC
C1234B25
C123D6E5
C12462EA
C124EF34
C1257BC2
C1260894
C12695A8
C12722FE
C127B095
C1283E6D
C128CC84
C1295ADB
C129E970
C12A7842
C12B0751
C12B969C
C12C2623
C12CB5E4
C12D45E0
C12DD615
C12E6682
C12EF727
C12F8804
C1301917
C130AA60
C1313BDE
C131CD90
C1325F76
C132F18F
C13383DB
C1341658
C134A907
C1353BE6
C135CEF4
C1366232
C136F59E
C1378937
C1381CFE
C138B0F1
C1394510
C139D95A
C13A6DCF
C13B026D
C13B9735
C13C2C26
C13CC13E
C13D567E
C13DEBE5
C13E8172
C13F1725
C13FACFC
C14042F8
C140D918
C1416F5B
C0C4257B
C0C466A8
C0C4A84C
C0C4EA6D
C0C52D13
C0C57046
C0C5B40B
C0C5F86A
C0C63D6A
C0C68312
C0C6C967
C0C71071
C0C75836
C0C7A0BD
C0C7EA0B
C0C83427
C0C87F17
C0C8CAE2
C0C9178D
C0C9651F
C0C9B39D
C0CA030E
C0CA5377
C0CAA4DE
C0CAF74A
C0CB4ABF
C0CB9F44
C0CBF4DF
C0CC4B95
C0CCA36B
C0CCFC68
C0CD5691
C0CDB1EC
C0CE0E7D
C0CE6C4B
C0CECB5B
C0CF2BB1
C0CF8D54
C0CFF049
C0D05494
C0D0BA3A
C0D12141
C0D189AE
C0D1F385
C0D25ECB
C0D2CB84
C0D339B6
C0D3A964
C0D41A93
C0D48D47
C0D50184
C0D5774F
C0D5EEAA
C0D6679A
C0D6E223
C0D75E47
C0D7DC09
C0D85B6E
C0D8DC78
C0D95F2A
C0D9E386
C0DA698F
C0DAF147
C0DB7AB1
C0DC05CD
C0DC929F
C0DD2127
C0DDB167
C0DE435F
C0DED712
C0DF6C7F
C0E003A8
C0E09C8C
C0E1372B
C0E1D386
C0E2719D
C0E3116E
C0E3B2F9
C0E4563E
C0E4FB3B
C0E5A1EF
C0E64A58
C0E6F475
C0E7A044
C0E84DC3
C0E8FCF0
C0E9ADC8
C0EA6049
C0EB1470
C0EBCA3A
C0EC81A5
C0ED3AAD
C0EDF54F
C0EEB188
C0EF6F54
C0F02EAF
C0F0EF96
C0F1B205
C0F275F7
C0F33B6A
C0F40259
C0F4CAC0
C0F5949B
C0F65FE5
C0F72C9B
C0F7FAB8
C0F8CA37
C0F99B15
C0FA6D4E
C0FB40DC
C0FC15BB
C0FCEBE8
C0FDC35E
C0FE9C18
C0FF7613
C10028A5
C10096DC
C10105AE
C1017517
C101E516
C10255A9
C102C6CE
C1033883
C103AAC6
C1041D95
C10490EE
C10504D0
C1057939
C105EE26
C1066397
C106D989
C1074FFC
C107C6EC
C1083E59
C108B642
C1092EA4
C109A77E
C10A20CF
C10A9A95
C10B14CF
C10B8F7C
C10C0A9A
C10C8627
C10D0224
C10D7E8E
C10DFB64
C10E78A5
C10EF650
C10F7463
C10FF2DE
C11071C0
C110F107
C11170B3
C111F0C2
C1127133
C112F206
C1137339
C113F4CB
C11476BD
C114F90B
C1157BB7
C115FEBE
C1168220
C11705DC
C11789F1
C1180E5F
C1189324
C1191840
C1199DB2
C11A2379
C11AA994
C11B3003
C11BB6C4
C11C3DD7
C11CC53B
C11D4CF0
C11DD4F4
C11E5D47
C11EE5E8
C11F6ED6
C11FF811
C1208198
C1210B6A
C1219586
C1221FEC
C122AA9B
C1233591
C123C0D0
C1244C55
C124D81F
C125642F
C125F084
C1267D1C
C12709F8
C1279715
C1282475
C128B215
C1293FF6
C129CE16
C12A5C74
C12AEB11
C12B79EB
C12C0902
C12C9855
C12D27E2
C12DB7AB
C12E47AD
C12ED7E9
C12F685C
C12FF908
C13089EB
C1311B04
C131AC52
C1323DD6
C132CF8E
C1336179
C133F398
C13485E8
C135186A
C135AB1E
C1363E01
C136D114
C1376456
C137F7C6
C1388B64
C1391F2F
C139B326
C13A4749
C13ADB97
C13B700F
C13C04B2
C13C997D
C13D2E71
C13DC38D
C13E58D0
C13EEE3A
C13F83CA
C140197F
C140AF5A
C1414559
C141DB7B
C0C54ED1
C0C58FD9
C0C5D158
C0C61354
C0C655D6
C0C698E3
C0C6DC84
C0C720BF
C0C7659B
C0C7AB1E
C0C7F150
C0C83836
C0C87FD7
C0C8C839
C0C91163
C0C95B5B
C0C9A627
C0C9F1CE
C0CA3E54
C0CA8BC1
C0CADA1B
C0CB2967
C0CB79AB
C0CBCAED
C0CC1D33
C0CC7083
C0CCC4E3
C0CD1A57
C0CD70E7
C0CDC897
C0CE216E
C0CE7B70
C0CED6A3
C0CF330D
C0CF90B3
C0CFEF9B
C0D04FC9
C0D0B143
C0D1140E
C0D1782F
C0D1DDAC
C0D24489
C0D2ACCA
C0D31676
C0D38190
C0D3EE1D
C0D45C22
C0D4CBA4
C0D53CA5
C0D5AF2B
C0D6233A
C0D698D5
C0D71001
C0D788C0
C0D80318
C0D87F0A
C0D8FC9B
C0D97BCD
C0D9FCA4
C0DA7F22
C0DB0349
C0DB891D
C0DC109F
C0DC99D2
C0DD24B7
C0DDB151
C0DE3FA0
C0DECFA6
C0DF6164
C0DFF4DC
C0E08A0D
C0E120F8
C0E1B99F
C0E25400
C0E2F01B
C0E38DF2
C0E42D82
C0E4CECB
C0E571CD
C0E61686
C0E6BCF5
C0E76518
C0E80EEF
C0E8BA76
C0E967AC
C0EA168F
C0EAC71D
C0EB7952
C0EC2D2D
C0ECE2A9
C0ED99C5
C0EE527E
C0EF0CCF
C0EFC8B5
C0F0862E
C0F14535
C0F205C7
C0F2C7E0
C0F38B7B
C0F45096
C0F5172B
C0F5DF38
C0F6A8B7
C0F773A4
C0F83FFC
C0F90DBA
C0F9DCDA
C0FAAD56
C0FB7F2C
C0FC5257
C0FD26D2
C0FDFC9A
C0FED3A9
C0FFABFC
C10042C7
C100B02E
C1011E30
C1018CCB
C101FBFE
C1026BC7
C102DC22
C1034D10
C103BE8C
C1043096
C104A32C
C105164C
C10589F4
C105FE22
C10672D5
C106E80A
C1075DC1
C107D3F7
C1084AAB
C108C1DC
C1093987
C109B1AC
C10A2A48
C10AA35B
C10B1CE3
C10B96DE
C10C114C
C10C8C2A
C10D0779
C10D8335
C10DFF5F
C10E7BF5
C10EF8F6
C10F7660
C10FF433
C110726D
C110F10E
C1117014
C111EF7E
C1126F4C
C112EF7C
C113700D
C113F0FF
C1147250
C114F400
C115760D
C115F877
C1167B3D
C116FE5D
C11781D8
C11805AC
C11889D9
C1190E5D
C1199338
C11A1869
C11A9DEF
C11B23CA
C11BA9F8
C11C3079
C11CB74C
C11D3E71
C11DC5E6
C11E4DAB
C11ED5BF
C11F5E21
C11FE6D1
C1206FCE
C120F917
C12182AC
C1220C8B
C12296B4
C1232126
C123ABE1
C12436E3
C124C22D
C1254DBC
C125D992
C12665AC
C126F20B
C1277EAD
C1280B92
C12898B9
C1292621
C129B3CA
C12A41B3
C12ACFDB
C12B5E42
C12BECE7
C12C7BC8
C12D0AE6
C12D9A40
C12E29D5
C12EB9A4
C12F49AD
C12FD9EF
C1306A69
C130FB1A
C1318C03
C1321D22
C132AE76
C1333FFF
C133D1BC
C13463AC
C134F5D0
C1358825
C1361AAC
C136AD64
C137404C
C137D364
C13866AA
C138FA1E
C1398DC0
C13A218F
C13AB58A
C13B49B0
C13BDE02
C13C727E
C13D0723
C13D9BF2
C13E30E9
C13EC608
C13F5B4F
C13FF0BC
C140864F
C1411C07
C141B1E4
C14247E6
C0C678A6
C0C6B989
C0C6FAE4
C0C73CBC
C0C77F1A
C0C7C204
C0C80581
C0C84999
C0C88E51
C0C8D3B1
C0C919BF
C0C96082
C0C9A800
C0C9F03F
C0CA3946
C0CA831A
C0CACDC3
C0CB1946
C0CB65A9
C0CBB2F2
C0CC0128
C0CC5050
C0CCA070
C0CCF18E
C0CD43AF
C0CD96DB
C0CDEB15
C0CE4065
C0CE96CF
C0CEEE5A
C0CF470A
C0CFA0E6
C0CFFBF3
C0D05836
C0D0B5B5
C0D11475
C0D1747C
C0D1D5CE
C0D23871
C0D29C69
C0D301BD
C0D36870
C0D3D088
C0D43A09
C0D4A4F8
C0D5115A
C0D57F33
C0D5EE88
C0D65F5D
C0D6D1B6
C0D74596
C0D7BB03
C0D83200
C0D8AA90
C0D924B8
C0D9A07A
C0DA1DD9
C0DA9CDA
C0DB1D7E
C0DB9FC9
C0DC23BC
C0DCA95C
C0DD30A9
C0DDB9A6
C0DE4454
C0DED0B6
C0DF5ECD
C0DFEE9B
C0E0801F
C0E1135D
C0E1A853
C0E23F02
C0E2D76B
C0E3718F
C0E40D6C
C0E4AB03
C0E54A53
C0E5EB5B
C0E68E1A
C0E73290
C0E7D8BB
C0E8809A
C0E92A2A
C0E9D56B
C0EA8259
C0EB30F4
C0EBE137
C0EC9322
C0ED46B0
C0EDFBE0
C0EEB2AE
C0EF6B18
C0F02519
C0F0E0AE
C0F19DD5
C0F25C89
C0F31CC6
C0F3DE89
C0F4A1CE
C0F56691
C0F62CCE
C0F6F481
C0F7BDA5
C0F88837
C0F95431
C0FA2191
C0FAF051
C0FBC06E
C0FC91E2
C0FD64AA
C0FE38C2
C0FF0E25
C0FFE4CE
C1005E5D
C100CAF2
C1013824
C101A5F1
C1021458
C1028354
C102F2E6
C103630B
C103D3C1
C1044505
C104B6D7
C1052934
C1059C1B
C1060F89
C106837D
C106F7F5
C1076CEF
C107E26A
C1085865
C108CEDD
C10945D0
C109BD3F
C10A3526
C10AAD85
C10B2659
C10B9FA3
C10C1960
C10C938E
C10D0E2E
C10D893D
C10E04BA
C10E80A4
C10EFCF9
C10F79BA
C10FF6E3
C1107476
C110F26F
C11170CF
C111EF94
C1126EBD
C112EE49
C1136E38
C113EE87
C1146F37
C114F047
C11571B5
C115F380
C11675A9
C116F82D
C1177B0C
C117FE45
C11881D8
C11905C3
C1198A06
C11A0E9F
C11A938F
C11B18D5
C11B9E6E
C11C245C
C11CAA9D
C11D3130
C11DB814
C11E3F49
C11EC6CF
C11F4EA4
C11FD6C7
C1205F38
C120E7F6
C1217101
C121FA58
C12283F9
C1230DE5
C123981A
C1242298
C124AD5E
C125386C
C125C3C1
C1264F5B
C126DB3B
C127675F
C127F3C8
C1288073
C1290D61
C1299A91
C12A2802
C12AB5B3
C12B43A4
C12BD1D4
C12C6043
C12CEEEF
C12D7DD8
C12E0CFD
C12E9C5D
C12F2BF9
C12FBBCE
C1304BDE
C130DC25
C1316CA5
C131FD5D
C1328E4B
C1331F6F
C133B0C9
C1344257
C134D419
C135660E
C135F837
C1368A91
C1371D1C
C137AFD9
C13842C5
C138D5E0
C139692B
C139FCA3
C13A9049
C13B241B
C13BB81A
C13C4C44
C13CE099
C13D7519
C13E09C1
C13E9E93
C13F338E
C13FC8B0
C1405DF9
C140F369
C14188FF
C1421EBA
C142B49A
C0C7A2F4
C0C7E3B5
C0C824EC
C0C866A1
C0C8A8DC
C0C8EBA3
C0C92EFE
C0C972F3
C0C9B789
C0C9FCC6
C0CA42B2
C0CA8952
C0CAD0AD
C0CB18CA
C0CB61AE
C0CBAB60
C0CBF5E6
C0CC4147
C0CC8D87
C0CCDAAD
C0CD28C0
C0CD77C5
C0CDC7C1
C0CE18BC
C0CE6ABA
C0CEBDC1
C0CF11D8
C0CF6703
C0CFBD49
C0D014AE
C0D06D3A
C0D0C6F1
C0D121D8
C0D17DF5
C0D1DB4E
C0D239E7
C0D299C7
C0D2FAF2
C0D35D6D
C0D3C13D
C0D42668
C0D48CF3
C0D4F4E1
C0D55E39
C0D5C8FE
C0D63536
C0D6A2E4
C0D7120D
C0D782B6
C0D7F4E2
C0D86896
C0D8DDD6
C0D954A4
C0D9CD06
C0DA46FE
C0DAC290
C0DB3FBF
C0DBBE8F
C0DC3F01
C0DCC11A
C0DD44DB
C0DDCA46
C0DE515F
C0DEDA27
C0DF64A0
C0DFF0CB
C0E07EAB
C0E10E41
C0E19F8D
C0E23290
C0E2C74C
C0E35DC0
C0E3F5EE
C0E48FD4
C0E52B74
C0E5C8CC
C0E667DC
C0E708A4
C0E7AB23
C0E84F56
C0E8F53E
C0E99CD9
C0EA4624
C0EAF11F
C0EB9DC6
C0EC4C19
C0ECFC13
C0EDADB4
C0EE60F7
C0EF15DB
C0EFCC5C
C0F08477
C0F13E29
C0F1F96E
C0F2B644
C0F374A5
C0F4348F
C0F4F5FD
C0F5B8ED
C0F67D59
C0F7433E
C0F80A97
C0F8D361
C0F99D98
C0FA6936
C0FB3638
C0FC049A
C0FCD457
C0FDA56B
C0FE77D1
C0FF4B86
C1001042
C1007B64
C100E727
C1015389
C101C087
C1022E1F
C1029C50
C1030B17
C1037A73
C103EA61
C1045ADF
C104CBEC
C1053D86
C105AFAB
C1062258
C106958C
C1070946
C1077D84
C107F244
C1086783
C108DD42
C109537E
C109CA35
C10A4167
C10AB911
C10B3132
C10BA9C9
C10C22D4
C10C9C52
C10D1642
C10D90A2
C10E0B72
C10E86AF
C10F0259
C10F7E6F
C10FFAEF
C11077D8
C110F52A
C11172E2
C111F101
C1126F85
C112EE6C
C1136DB7
C113ED64
C1146D72
C114EDE1
C1156EAE
C115EFDA
C1167164
C116F34B
C117758D
C117F82A
C1187B22
C118FE73
C119821C
C11A061D
C11A8A76
C11B0F24
C11B9428
C11C1981
C11C9F2E
C11D252D
C11DAB80
C11E3224
C11EB919
C11F405E
C11FC7F3
C1204FD7
C120D809
C1216089
C121E955
C122726D
C122FBD0
C123857E
C1240F76
C12499B7
C1252441
C125AF12
C1263A2B
C126C58A
C127512E
C127DD18
C1286946
C128F5B8
C129826C
C12A0F63
C12A9C9B
C12B2A14
C12BB7CE
C12C45C7
C12CD3FE
C12D6274
C12DF127
C12E8017
C12F0F43
C12F9EAA
C1302E4C
C130BE28
C1314E3D
C131DE8B
C1326F10
C132FFCD
C13390C1
C13421EA
C134B349
C13544DC
C135D6A3
C136689D
C136FACA
C1378D29
C1381FB9
C138B279
C1394569
C139D889
C13A6BD7
C13AFF53
C13B92FD
C13C26D3
C13CBAD5
C13D4F03
C13DE35B
C13E77DE
C13F0C8A
C13FA15F
C140365C
C140CB81
C14160CE
C141F640
C1428BD9
C1432197
C0C8CDBA
C0C90E58
C0C94F6D
C0C99100
C0C9D318
C0CA15BE
C0CA58F7
C0CA9CCA
C0CAE13E
C0CB265A
C0CB6C24
C0CBB2A2
C0CBF9DC
C0CC41D7
C0CC8A9A
C0CCD42A
C0CD1E8E
C0CD69CC
C0CDB5EB
C0CE02EF
C0CE50DF
C0CE9FC2
C0CEEF9C
C0CF4073
C0CF924E
C0CFE533
C0D03926
C0D08E2E
C0D0E450
C0D13B91
C0D193F9
C0D1ED8B
C0D2484D
C0D2A445
C0D30178
C0D35FEC
C0D3BFA6
C0D420AA
C0D482FE
C0D4E6A8
C0D54BAB
C0D5B20D
C0D619D4
C0D68302
C0D6ED9E
C0D759AC
C0D7C730
C0D8362F
C0D8A6AC
C0D918AD
C0D98C35
C0DA0147
C0DA77E9
C0DAF01D
C0DB69E7
C0DBE54A
C0DC6249
C0DCE0E8
C0DD612A
C0DDE311
C0DE66A0
C0DEEBD9
C0DF72BE
C0DFFB52
C0E08596
C0E1118C
C0E19F35
C0E22E93
C0E2BFA7
C0E35272
C0E3E6F4
C0E47D2F
C0E51521
C0E5AECB
C0E64A2E
C0E6E749
C0E7861A
C0E826A3
C0E8C8E1
C0E96CD3
C0EA1279
C0EAB9D0
C0EB62D7
C0EC0D8D
C0ECB9EE
C0ED67F9
C0EE17AC
C0EEC903
C0EF7BFD
C0F03095
C0F0E6CA
C0F19E98
C0F257FB
C0F312F1
C0F3CF76
C0F48D85
C0F54D1D
C0F60E37
C0F6D0D2
C0F794E8
C0F85A76
C0F92177
C0F9E9E8
C0FAB3C4
C0FB7F07
C0FC4BAC
C0FD19B0
C0FDE90E
C0FEB9C2
C0FF8BC7
C1002F8D
C10099DA
C10104CA
C101705A
C101DC89
C1024953
C102B6B7
C10324B3
C1039345
C104026B
C1047222
C104E26A
C105533F
C105C4A1
C106368D
C106A902
C1071BFD
C1078F7D
C1080381
C1087806
C108ED0A
C109628E
C109D88D
C10A4F09
C10AC5FD
C10B3D6A
C10BB54E
C10C2DA7
C10CA674
C10D1FB4
C10D9965
C10E1387
C10E8E17
C10F0915
C10F847F
C1100054
C1107C94
C110F93D
C111764D
C111F3C5
C11271A3
C112EFE5
C1136E8C
C113ED95
C1146D00
C114ECCD
C1156CF9
C115ED85
C1166E6F
C116EFB7
C117715B
C117F35C
C11875B7
C118F86D
C1197B7C
C119FEE3
C11A82A3
C11B06B9
C11B8B26
C11C0FE9
C11C9500
C11D1A6B
C11DA02A
C11E263C
C11EAC9F
C11F3354
C11FBA59
C12041AE
C120C952
C1215144
C121D984
C1226211
C122EAEA
C123740F
C123FD7F
C1248739
C125113D
C1259B89
C126261E
C126B0FA
C1273C1D
C127C786
C1285334
C128DF27
C1296B5F
C129F7D9
C12A8496
C12B1195
C12B9ED6
C12C2C57
C12CBA18
C12D4818
C12DD657
C12E64D4
C12EF38E
C12F8285
C13011B7
C130A125
C13130CD
C131C0AE
C13250C9
C132E11D
C13371A8
C134026A
C1349363
C1352491
C135B5F5
C136478D
C136D959
C1376B57
C137FD89
C1388FEC
C1392280
C139B544
C13A4839
C13ADB5C
C13B6EAE
C13C022E
C13C95DB
C13D29B5
C13DBDBA
C13E51EB
C13EE647
C13F7ACC
C1400F7C
C140A454
C1413954
C141CE7C
C14263CB
C142F940
C1438EDB
C0C9F8F4
C0CA3970
C0CA7A63
C0CABBD5
C0CAFDCC
C0CB4050
C0CB8368
C0CBC71A
C0CC0B6D
C0CC5068
C0CC9612
C0CCDC6F
C0CD2388
C0CD6B62
C0CDB404
C0CDFD73
C0CE47B6
C0CE92D3
C0CEDED0
C0CF2BB3
C0CF7982
C0CFC843
C0D017FB
C0D068B1
C0D0BA6A
C0D10D2C
C0D160FC
C0D1B5E1
C0D20BE0
C0D262FF
C0D2BB42
C0D314B1
C0D36F4F
C0D3CB23
C0D42831
C0D48680
C0D4E614
C0D546F3
C0D5A921
C0D60CA4
C0D67180
C0D6D7BC
C0D73F5A
C0D7A861
C0D812D4
C0D87EB9
C0D8EC14
C0D95AE9
C0D9CB3C
C0DA3D12
C0DAB06E
C0DB2555
C0DB9BCA
C0DC13D0
C0DC8D6D
C0DD08A2
C0DD8572
C0DE03E2
C0DE83F4
C0DF05AA
C0DF8908
C0E00E0E
C0E094C1
C0E11D21
C0E1A731
C0E232F3
C0E2C067
C0E34F8E
C0E3E06B
C0E472FE
C0E50748
C0E59D49
C0E63501
C0E6CE70
C0E76997
C0E80674
C0E8A508
C0E94552
C0E9E751
C0EA8B03
C0EB3067
C0EBD77C
C0EC8040
C0ED2AB1
C0EDD6CD
C0EE8492
C0EF33FD
C0EFE50C
C0F097BC
C0F14C0A
C0F201F4
C0F2B975
C0F3728B
C0F42D32
C0F4E967
C0F5A726
C0F6666B
C0F72733
C0F7E97A
C0F8AD3B
C0F97272
C0FA391C
C0FB0134
C0FBCAB6
C0FC959E
C0FD61E8
C0FE2F8F
C0FEFE8F
C0FFCEE3
C1005044
C100B9BD
C10123D9
C1018E97
C101F9F5
C10265F0
C102D287
C1033FB7
C103AD7E
C1041BDB
C1048ACB
C104FA4D
C1056A5E
C105DAFC
C1064C27
C106BDDB
C1073017
C107A2D9
C108161F
C10889E9
C108FE33
C10972FD
C109E845
C10A5E0A
C10AD449
C10B4B01
C10BC231
C10C39D7
C10CB1F3
C10D2A82
C10DA384
C10E1CF6
C10E96D9
C10F112A
C10F8BE8
C1100712
C11082A8
C110FEA7
C1117B10
C111F7E0
C1127516
C112F2B3
C11370B4
C113EF19
C1146DE1
C114ED0B
C1156C95
C115EC80
C1166CCA
C116ED72
C1176E77
C117EFDA
C1187198
C118F3B1
C1197624
C119F8F1
C11A7C17
C11AFF94
C11B8369
C11C0794
C11C8C15
C11D10EA
C11D9614
C11E1B92
C11EA162
C11F2784
C11FADF8
C12034BD
C120BBD1
C1214335
C121CAE7
C12252E7
C122DB35
C12363CF
C123ECB5
C12475E7
C124FF62
C1258928
C1261337
C1269D8E
C127282D
C127B314
C1283E41
C128C9B3
C129556B
C129E167
C12A6DA7
C12AFA2A
C12B86F0
C12C13F7
C12CA13F
C12D2EC8
C12DBC91
C12E4A98
C12ED8DE
C12F6762
C12FF622
C130851F
C1311458
C131A3CB
C1323379
C132C361
C1335381
C133E3DA
C134746B
C1350532
C1359630
C1362763
C136B8CB
C1374A68
C137DC38
C1386E3B
C1390071
C13992D8
C13A2570
C13AB838
C13B4B30
C13BDE58
C13C71AD
C13D0531
C13D98E1
C13E2CBE
C13EC0C7
C13F54FB
C13FE95A
C1407DE2
C1411295
C141A76F
C1423C72
C142D19D
C14366EF
C143FC67
C0CB249E
C0CB64F9
C0CBA5CB
C0CBE71C
C0CC28F3
C0CC6B57
C0CCAE4F
C0CCF1E1
C0CD3614
C0CD7AEF
C0CDC078
C0CE06B5
C0CE4DAE
C0CE9568
C0CEDDEA
C0CF2739
C0CF715C
C0CFBC58
C0D00835
C0D054F7
C0D0A2A5
C0D0F145
C0D140DC
C0D19171
C0D1E308
C0D235A8
C0D28957
C0D2DE1A
C0D333F7
C0D38AF3
C0D3E314
C0D43C5F
C0D496DA
C0D4F28A
C0D54F75
C0D5AD9F
C0D60D0F
C0D66DC8
C0D6CFD1
C0D7332E
C0D797E5
C0D7FDFA
C0D86571
C0D8CE51
C0D9389C
C0D9A459
C0DA118B
C0DA8037
C0DAF060
C0DB620C
C0DBD53E
C0DC49F9
C0DCC043
C0DD381D
C0DDB18D
C0DE2C94
C0DEA937
C0DF2778
C0DFA75B
C0E028E1
C0E0AC0E
C0E130E4
C0E1B765
C0E23F92
C0E2C96F
C0E354FC
C0E3E23C
C0E4712E
C0E501D5
C0E59431
C0E62842
C0E6BE0A
C0E75589
C0E7EEBE
C0E889AA
C0E9264B
C0E9C4A2
C0EA64AE
C0EB066E
C0EBA9E0
C0EC4F04
C0ECF5D8
C0ED9E59
C0EE4887
C0EEF45E
C0EFA1DE
C0F05103
C0F101CA
C0F1B432
C0F26836
C0F31DD5
C0F3D50B
C0F48DD4
C0F5482E
C0F60414
C0F6C183
C0F78077
C0F840ED
C0F902E0
C0F9C64C
C0FA8B2E
C0FB5182
C0FC1942
C0FCE26C
C0FDACFA
C0FE78E8
C0FF4633
C1000A6B
C1007266
C100DB08
C1014450
C101AE3C
C10218C8
C10283F4
C102EFBD
C1035C21
C103C91D
C10436B0
C104A4D9
C1051393
C10582DF
C105F2BA
C1066322
C106D414
C1074591
C107B794
C1082A1E
C1089D2B
C10910BB
C10984CB
C109F95B
C10A6E68
C10AE3F0
C10B59F4
C10BD070
C10C4763
C10CBECC
C10D36AB
C10DAEFC
C10E27BF
C10EA0F4
C10F1A97
C10F94A9
C1100F28
C1108A13
C1110568
C1118127
C111FD4F
C11279DF
C112F6D5
C1137430
C113F1F0
C1147013
C114EE9A
C1156D82
C115ECCA
C1166C73
C116EC7B
C1176CE1
C117EDA4
C1186EC4
C118F040
C1197217
C119F448
C11A76D3
C11AF9B6
C11B7CF1
C11C0084
C11C846D
C11D08AB
C11D8D3F
C11E1227
C11E9763
C11F1CF2
C11FA2D3
C1202905
C120AF89
C121365D
C121BD80
C12244F2
C122CCB2
C12354C0
C123DD1A
C12465C1
C124EEB3
C12577F1
C1260178
C1268B49
C1271562
C1279FC4
C1282A6D
C128B55E
C1294094
C129CC10
C12A57D1
C12AE3D6
C12B701E
C12BFCA9
C12C8977
C12D1686
C12DA3D6
C12E3166
C12EBF36
C12F4D44
C12FDB91
C1306A1B
C130F8E2
C13187E5
C1321723
C132A69D
C1333650
C133C63D
C1345663
C134E6C1
C1357757
C1360823
C1369926
C1372A5E
C137BBCA
C1384D6B
C138DF40
C1397147
C13A0381
C13A95EC
C13B2888
C13BBB54
C13C4E50
C13CE17A
C13D74D4
C13E085A
C13E9C0E
C13F2FEE
C13FC3FA
C1405831
C140EC93
C141811F
C14215D4
C142AAB1
C1433FB7
C143D4E4
C1446A38
C0CC50B5
C0CC90F0
C0CCD1A2
C0CD12D4
C0CD548B
C0CD96CF
C0CDD9A7
C0CE1D1A
C0CE612E
C0CEA5E9
C0CEEB53
C0CF3171
C0CF784B
C0CFBFE5
C0D00847
C0D05177
C0D09B7A
C0D0E657
C0D13214
C0D17EB6
C0D1CC45
C0D21AC4
C0D26A3B
C0D2BAAF
C0D30C26
C0D35EA5
C0D3B233
C0D406D5
C0D45C90
C0D4B36A
C0D50B69
C0D56492
C0D5BEEA
C0D61A77
C0D6773F
C0D6D546
C0D73491
C0D79527
C0D7F70B
C0D85A43
C0D8BED4
C0D924C3
C0D98C15
C0D9F4CE
C0DA5EF3
C0DACA88
C0DB3792
C0DBA615
C0DC1616
C0DC8798
C0DCFAA0
C0DD6F32
C0DDE550
C0DE5CFF
C0DED643
C0DF511E
C0DFCD93
C0E04BA7
C0E0CB5B
C0E14CB2
C0E1CFAF
C0E25454
C0E2DAA4
C0E362A0
C0E3EC4B
C0E477A5
C0E504B0
C0E5936E
C0E623DF
C0E6B605
C0E749E0
C0E7DF70
C0E876B6
C0E90FB1
C0E9AA63
C0EA46C9
C0EAE4E4
C0EB84B3
C0EC2635
C0ECC969
C0ED6E4C
C0EE14DF
C0EEBD1F
C0EF670A
C0F0129E
C0F0BFD9
C0F16EB8
C0F21F39
C0F2D159
C0F38515
C0F43A6A
C0F4F155
C0F5A9D3
C0F663DF
C0F71F77
C0F7DC97
C0F89B3B
C0F95B60
C0FA1D00
C0FAE019
C0FBA4A7
C0FC6AA4
C0FD320E
C0FDFADF
C0FEC514
C0FF90A8
C1002ECC
C10095EF
C100FDBB
C101662E
C101CF46
C1023901
C102A35D
C1030E57
C10379ED
C103E61E
C10452E8
C104C047
C1052E3B
C1059CC1
C1060BD7
C1067B7C
C106EBAD
C1075C69
C107CDAE
C1083F79
C108B1CA
C109249F
C10997F5
C10A0BCC
C10A8021
C10AF4F3
C10B6A40
C10BE008
C10C5648
C10CCCFF
C10D442B
C10DBBCC
C10E33E0
C10EAC66
C10F255B
C10F9EC0
C1101893
C11092D3
C1110D7E
C1118894
C1120413
C1127FFA
C112FC49
C11378FE
C113F618
C1147397
C114F179
C1156FBE
C115EE64
C1166D6B
C116ECD2
C1176C97
C117ECBB
C1186D3C
C118EE1A
C1196F53
C119F0E8
C11A72D7
C11AF51F
C11B77C0
C11BFAB8
C11C7E08
C11D01AF
C11D85AC
C11E09FD
C11E8EA3
C11F139D
C11F98EA
C1201E8A
C120A47B
C1212ABD
C121B14F
C1223832
C122BF63
C12346E3
C123CEB0
C12456CB
C124DF32
C12567E5
C125F0E3
C1267A2B
C12703BE
C1278D99
C12817BD
C128A229
C1292CDC
C129B7D6
C12A4315
C12ACE9A
C12B5A64
C12BE671
C12C72C2
C12CFF55
C12D8C2A
C12E1941
C12EA698
C12F342F
C12FC205
C130501A
C130DE6D
C1316CFE
C131FBCB
C1328AD4
C1331A18
C133A997
C1343950
C134C942
C135596D
C135E9D0
C1367A6B
C1370B3C
C1379C43
C1382D7F
C138BEF1
C1395096
C139E26E
C13A747A
C13B06B7
C13B9926
C13C2BC6
C13CBE96
C13D5195
C13DE4C3
C13E781F
C13F0BA9
C13F9F60
C1403344
C140C753
C1415B8D
C141EFF1
C1428480
C1431937
C143AE17
C1444320
C144D84F
C0CD7D36
C0CDBD52
C0CDFDE5
C0CE3EF8
C0CE8090
C0CEC2B5
C0CF056F
C0CF48C3
C0CF8CB8
C0CFD155
C0D016A0
C0D05CA0
C0D0A35A
C0D0EAD6
C0D1331A
C0D17C2A
C0D1C60F
C0D210CD
C0D25C6B
C0D2A8EE
C0D2F65D
C0D344BD
C0D39414
C0D3E468
C0D435BF
C0D4881F
C0D4DB8C
C0D5300D
C0D585A7
C0D5DC60
C0D6343E
C0D68D45
C0D6E77C
C0D742E7
C0D79F8C
C0D7FD70
C0D85C98
C0D8BD0A
C0D91ECB
C0D981DF
C0D9E64B
C0DA4C15
C0DAB342
C0DB1BD5
C0DB85D3
C0DBF142
C0DC5E25
C0DCCC80
C0DD3C59
C0DDADB3
C0DE2092
C0DE94F9
C0DF0AEE
C0DF8272
C0DFFB8A
C0E0763A
C0E0F283
C0E17069
C0E1EFF0
C0E27119
C0E2F3E7
C0E3785D
C0E3FE7C
C0E48647
C0E50FC0
C0E59AE8
C0E627C0
C0E6B64A
C0E74687
C0E7D877
C0E86C1B
C0E90175
C0E99883
C0EA3146
C0EACBBE
C0EB67EA
C0EC05CA
C0ECA55C
C0ED46A1
C0EDE997
C0EE8E3C
C0EF348F
C0EFDC8E
C0F08637
C0F13189
C0F1DE80
C0F28D1A
C0F33D56
C0F3EF2F
C0F4A2A3
C0F557AF
C0F60E50
C0F6C683
C0F78043
C0F83B8E
C0F8F860
C0F9B6B5
C0FA7688
C0FB37D8
C0FBFA9E
C0FCBED7
C0FD8480
C0FE4B94
C0FF140E
C0FFDDEA
C1005493
C100BADD
C10121D2
C1018970
C101F1B4
C1025A9C
C102C427
C1032E52
C103991B
C1040480
C104707E
C104DD14
C1054A40
C105B800
C1062652
C1069533
C10704A2
C107749D
C107E522
C1085630
C108C7C4
C10939DC
C109AC78
C10A1F96
C10A9332
C10B074D
C10B7BE5
C10BF0F8
C10C6684
C10CDC88
C10D5303
C10DC9F3
C10E4156
C10EB92D
C10F3174
C10FAA2C
C1102353
C1109CE7
C11116E7
C1119153
C1120C29
C1128768
C113030F
C1137F1D
C113FB92
C114786B
C114F5A9
C1157349
C115F14C
C1166FB1
C116EE76
C1176D9A
C117ED1E
C1186CFF
C118ED3E
C1196DD9
C119EED0
C11A7022
C11AF1CE
C11B73D4
C11BF632
C11C78E8
C11CFBF6
C11D7F5A
C11E0314
C11E8723
C11F0B87
C11F903F
C120154A
C1209AA7
C1212057
C121A657
C1222CA8
C122B34A
C1233A3A
C123C179
C1244906
C124D0E0
C1255907
C125E17A
C1266A39
C126F342
C1277C95
C1280632
C1289018
C1291A46
C129A4BC
C12A2F78
C12ABA7B
C12B45C3
C12BD151
C12C5D22
C12CE938
C12D7590
C12E022B
C12E8F07
C12F1C25
C12FA983
C1303721
C130C4FE
C1315319
C131E173
C1327009
C132FEDC
C1338DEB
C1341D34
C134ACB9
C1353C77
C135CC6E
C1365C9E
C136ED06
C1377DA5
C1380E7B
C1389F86
C13930C7
C139C23D
C13A53E6
C13AE5C2
C13B77D2
C13C0A13
C13C9C85
C13D2F28
C13DC1FC
C13E54FE
C13EE830
C13F7B90
C1400F1D
C140A2D7
C14136BD
C141CACF
C1425F0C
C142F373
C1438804
C1441CBE
C144B1A1
C14546AC
C0CEAA1F
C0CEEA1C
C0CF2A91
C0CF6B85
C0CFACFF
C0CFEF06
C0D031A2
C0D074D8
C0D0B8AF
C0D0FD2E
C0D1425B
C0D1883D
C0D1CEDA
C0D21638
C0D25E5D
C0D2A750
C0D2F116
C0D33BB6
C0D38736
C0D3D39A
C0D420EB
C0D46F2C
C0D4BE64
C0D50E9A
C0D55FD1
C0D5B211
C0D6055F
C0D659C0
C0D6AF3A
C0D705D3
C0D75D90
C0D7B676
C0D8108B
C0D86BD5
C0D8C858
C0D9261A
C0D98520
C0D9E56F
C0DA470D
C0DAA9FD
C0DB0E46
C0DB73EC
C0DBDAF3
C0DC4361
C0DCAD3A
C0DD1883
C0DD8540
C0DDF375
C0DE6326
C0DED458
C0DF470E
C0DFBB4D
C0E03118
C0E0A873
C0E12160
C0E19BE4
C0E21802
C0E295BC
C0E31516
C0E39611
C0E418B1
C0E49CF8
C0E522E9
C0E5AA84
C0E633CB
C0E6BEC1
C0E74B67
C0E7D9BE
C0E869C7
C0E8FB83
C0E98EF2
C0EA2415
C0EABAED
C0EB5378
C0EBEDB7
C0EC89A9
C0ED274F
C0EDC6A7
C0EE67AF
C0EF0A68
C0EFAECF
C0F054E3
C0F0FCA2
C0F1A60A
C0F2511A
C0F2FDCE
C0F3AC25
C0F45C1B
C0F50DAE
C0F5C0DC
C0F675A0
C0F72BF8
C0F7E3E0
C0F89D55
C0F95854
C0FA14D8
C0FAD2DF
C0FB9263
C0FC5361
C0FD15D6
C0FDD9BC
C0FE9F11
C0FF65CF
C10016FA
C1007BBC
C100E12D
C101474B
C101AE12
C1021582
C1027D97
C102E651
C1034FAC
C103B9A6
C104243E
C1048F72
C104FB3E
C10567A2
C105D49B
C1064227
C106B044
C1071EF1
C1078E2A
C107FDF0
C1086E3F
C108DF15
C1095072
C109C253
C10A34B6
C10AA79B
C10B1AFE
C10B8EDF
C10C033D
C10C7815
C10CED66
C10D632E
C10DD96D
C10E5020
C10EC747
C10F3EE1
C10FB6EB
C1102F64
C110A84D
C11121A2
C1119B63
C1121590
C1129026
C1130B25
C113868C
C114025A
C1147E8E
C114FB26
C1157823
C115F582
C1167343
C116F166
C1176FE9
C117EECC
C1186E0D
C118EDAC
C1196DA9
C119EE01
C11A6EB6
C11AEFC5
C11B712E
C11BF2F1
C11C750D
C11CF780
C11D7A4B
C11DFD6D
C11E80E4
C11F04B1
C11F88D2
C1200D47
C1209210
C121172B
C1219C99
C1222257
C122A867
C1232EC6
C123B575
C1243C73
C124C3BF
C1254B59
C125D33F
C1265B72
C126E3F1
C1276CBB
C127F5CF
C1287F2D
C12908D4
C12992C3
C12A1CFB
C12AA77A
C12B323F
C12BBD4B
C12C489B
C12CD431
C12D600B
C12DEC28
C12E7888
C12F052A
C12F920E
C1301F32
C130AC97
C1313A3B
C131C81E
C1325640
C132E49F
C133733B
C1340214
C1349128
C1352077
C135B001
C1363FC4
C136CFC0
C1375FF5
C137F061
C1388105
C13911DF
C139A2EE
C13A3433
C13AC5AD
C13B575A
C13BE93A
C13C7B4D
C13D0D92
C13DA008
C13E32AF
C13EC585
C13F588B
C13FEBC0
C1407F22
C14112B3
C141A66F
C1423A59
C142CE6D
C14362AD
C143F717
C1448BAA
C1452067
C145B54C
C0CFD76B
C0D0174B
C0D057A2
C0D09878
C0D0D9D5
C0D11BBF
C0D15E3D
C0D1A156
C0D1E510
C0D22972
C0D26E82
C0D2B447
C0D2FAC6
C0D34207
C0D38A0F
C0D3D2E5
C0D41C8E
C0D46710
C0D4B272
C0D4FEB9
C0D54BEB
C0D59A0E
C0D5E928
C0D6393F
C0D68A58
C0D6DC79
C0D72FA8
C0D783EA
C0D7D945
C0D82FBE
C0D8875B
C0D8E021
C0D93A16
C0D9953E
C0D9F1A0
C0DA4F41
C0DAAE25
C0DB0E52
C0DB6FCD
C0DBD29B
C0DC36C1
C0DC9C43
C0DD0327
C0DD6B70
C0DDD525
C0DE4048
C0DEACDF
C0DF1AEE
C0DF8A79
C0DFFB84
C0E06E12
C0E0E229
C0E157CC
C0E1CEFD
C0E247C1
C0E2C21B
C0E33E0D
C0E3BB9C
C0E43ACA
C0E4BB98
C0E53E0B
C0E5C224
C0E647E6
C0E6CF51
C0E75869
C0E7E32E
C0E86FA3
C0E8FDC7
C0E98D9D
C0EA1F25
C0EAB260
C0EB474E
C0EBDDEF
C0EC7643
C0ED104A
C0EDAC04
C0EE4970
C0EEE88D
C0EF895B
C0F02BD7
C0F0D001
C0F175D7
C0F21D57
C0F2C67F
C0F3714E
C0F41DC0
C0F4CBD4
C0F57B86
C0F62CD4
C0F6DFBB
C0F79438
C0F84A48
C0F901E7
C0F9BB12
C0FA75C5
C0FB31FD
C0FBEFB6
C0FCAEEB
C0FD6F9A
C0FE31BD
C0FEF552
C0FFBA53
C100405F
C100A446
C10108DD
C1016E22
C101D413
C1023AAE
C102A1F0
C10309D7
C1037262
C103DB8D
C1044558
C104AFC0
C1051AC2
C105865D
C105F28E
C1065F54
C106CCAD
C1073A97
C107A90F
C1081814
C10887A3
C108F7BC
C109685C
C109D982
C10A4B2B
C10ABD57
C10B3003
C10BA32D
C10C16D5
C10C8AF8
C10CFF96
C10D74AC
C10DEA39
C10E603C
C10ED6B3
C10F4D9E
C10FC4FA
C1103CC7
C110B503
C1112DAD
C111A6C4
C1122046
C1129A34
C113148A
C1138F4A
C1140A71
C11485FE
C11501F1
C1157E49
C115FB04
C1167822
C116F5A2
C1177383
C117F1C4
C1187065
C118EF64
C1196EC1
C119EE7B
C11A6E91
C11AEF02
C11B6FCF
C11BF0F6
C11C7276
C11CF44E
C11D767F
C11DF907
C11E7BE6
C11EFF1A
C11F82A4
C1200683
C1208AB6
C1210F3C
C1219415
C1221940
C1229EBC
C123248A
C123AAA7
C1243115
C124B7D1
C1253EDC
C125C634
C1264DDA
C126D5CD
C1275E0B
C127E695
C1286F69
C128F887
C12981EF
C12A0BA0
C12A9599
C12B1FDA
C12BAA62
C12C3530
C12CC044
C12D4B9D
C12DD73A
C12E631C
C12EEF40
C12F7BA7
C1300850
C130953B
C1312266
C131AFD1
C1323D7C
C132CB65
C133598C
C133E7F1
C1347693
C1350571
C135948A
C13623DE
C136B36D
C1374335
C137D336
C138636F
C138F3E0
C1398488
C13A1566
C13AA67A
C13B37C3
C13BC940
C13C5AF1
C13CECD5
C13D7EEB
C13E1134
C13EA3AD
C13F3657
C13FC931
C1405C3A
C140EF71
C14182D7
C142166A
C142AA2A
C1433E15
C143D22D
C144666F
C144FADB
C1458F71
C1462431
C0D10519
C0D144DB
C0D18516
C0D1C5CF
C0D20710
C0D248DD
C0D28B3E
C0D2CE3B
C0D311D8
C0D3561E
C0D39B11
C0D3E0B9
C0D4271D
C0D46E41
C0D4B62C
C0D4FEE5
C0D54871
C0D592D6
C0D5DE1B
C0D62A45
C0D6775A
C0D6C560
C0D7145D
C0D76456
C0D7B551
C0D80754
C0D85A64
C0D8AE88
C0D903C4
C0D95A1E
C0D9B19B
C0DA0A42
C0DA6417
C0DABF20
C0DB1B61
C0DB78E1
C0DBD7A5
C0DC37B0
C0DC990A
C0DCFBB6
C0DD5FB9
C0DDC518
C0DE2BD8
C0DE93FF
C0DEFD8F
C0DF688E
C0DFD500
C0E042E9
C0E0B24E
C0E12333
C0E1959B
C0E2098A
C0E27F04
C0E2F60D
C0E36EA8
C0E3E8D9
C0E464A1
C0E4E205
C0E56107
C0E5E1AA
C0E663F0
C0E6E7DC
C0E76D70
C0E7F4AD
C0E87D95
C0E9082B
C0E9946E
C0EA2262
C0EAB205
C0EB435A
C0EBD661
C0EC6B1B
C0ED0186
C0ED99A4
C0EE3375
C0EECEF7
C0EF6C2A
C0F00B0D
C0F0ABA0
C0F14DE1
C0F1F1CF
C0F29767
C0F33EA9
C0F3E792
C0F49221
C0F53E52
C0F5EC23
C0F69B92
C0F74C9C
C0F7FF3E
C0F8B375
C0F9693E
C0FA2094
C0FAD976
C0FB93DE
C0FC4FCA
C0FD0D36
C0FDCC1E
C0FE8C7D
C0FF4E51
C10008CA
C1006B22
C100CE2D
C10131EA
C1019656
C101FB70
C1026134
C102C7A2
C1032EB7
C1039671
C103FECD
C10467CA
C104D165
C1053B9C
C105A66E
C10611D8
C1067DD8
C106EA6B
C1075791
C107C547
C108338B
C108A25C
C10911B6
C109819A
C109F204
C10A62F3
C10AD465
C10B4659
C10BB8CC
C10C2BBE
C10C9F2D
C10D1316
C10D877A
C10DFC55
C10E71A7
C10EE76F
C10F5DAA
C10FD458
C1104B78
C110C307
C1113B06
C111B372
C1122C4A
C112A58E
C1131F3D
C1139954
C11413D4
C1148EBB
C1150A08
C11585BA
C11601D1
C1167E4C
C116FB28
C1177867
C117F606
C1187405
C118F264
C1197121
C119F03B
C11A6FB3
C11AEF86
C11B6FB5
C11BF03F
C11C7123
C11CF260
C11D73F6
C11DF5E3
C11E7828
C11EFAC4
C11F7DB6
C12000FD
C1208498
C1210888
C1218CCC
C1221162
C122964A
C1231B85
C123A110
C12426EB
C124AD17
C1253391
C125BA5B
C1264172
C126C8D7
C1275088
C127D886
C12860CF
C128E963
C1297242
C129FB6B
C12A84DC
C12B0E96
C12B9899
C12C22E2
C12CAD72
C12D3849
C12DC365
C12E4EC5
C12EDA6B
C12F6653
C12FF27F
C1307EED
C1310B9D
C131988E
C13225BF
C132B330
C13340E1
C133CED0
C1345CFD
C134EB68
C1357A0F
C13608F2
C1369810
C1372769
C137B6FC
C13846C9
C138D6CF
C139670C
C139F781
C13A882D
C13B190F
C13BAA27
C13C3B74
C13CCCF5
C13D5EA9
C13DF091
C13E82AB
C13F14F6
C13FA773
C1403A20
C140CCFD
C1416009
C141F343
C14286AC
C1431A42
C143AE04
C14441F2
C144D60C
C1456A51
C145FEC0
C1469358
C0D23326
C0D272CB
C0D2B2E9
C0D2F387
C0D334AB
C0D3765D
C0D3B8A2
C0D3FB83
C0D43F04
C0D4832E
C0D4C806
C0D50D92
C0D553D9
C0D59AE2
C0D5E2B1
C0D62B4E
C0D674BE
C0D6BF07
C0D70A30
C0D7563D
C0D7A335
C0D7F11F
C0D83FFE
C0D88FDA
C0D8E0B8
C0D9329E
C0D98591
C0D9D996
C0DA2EB4
C0DA84F0
C0DADC4F
C0DB34D7
C0DB8E8D
C0DBE976
C0DC4598
C0DCA2F8
C0DD019B
C0DD6186
C0DDC2BE
C0DE2548
C0DE892A
C0DEEE67
C0DF5505
C0DFBD08
C0E02675
C0E09150
C0E0FD9E
C0E16B63
C0E1DAA2
C0E24B61
C0E2BDA3
C0E3316C
C0E3A6BF
C0E41DA0
C0E49613
C0E5101B
C0E58BBA
C0E608F4
C0E687CB
C0E70843
C0E78A5D
C0E80E1D
C0E89383
C0E91A92
C0E9A34C
C0EA2DB2
C0EAB9C6
C0EB4789
C0EBD6FB
C0EC681E
C0ECFAF2
C0ED8F78
C0EE25AF
C0EEBD98
C0EF5732
C0EFF27D
C0F08F78
C0F12E23
C0F1CE7C
C0F27082
C0F31434
C0F3B990
C0F46095
C0F50940
C0F5B38F
C0F65F80
C0F70D10
C0F7BC3D
C0F86D03
C0F91F61
C0F9D352
C0FA88D4
C0FB3FE3
C0FBF87C
C0FCB29B
C0FD6E3C
C0FE2B5C
C0FEE9F7
C0FFAA09
C10035C6
C1009740
C100F96F
C1015C50
C101BFE3
C1022425
C1028914
C102EEAD
C10354EF
C103BBD7
C1042363
C1048B92
C104F460
C1055DCC
C105C7D4
C1063275
C1069DAE
C107097C
C10775DE
C107E2D1
C1085054
C108BE65
C1092D01
C1099C27
C10A0BD5
C10A7C09
C10AECC2
C10B5DFD
C10BCFBA
C10C41F5
C10CB4AF
C10D27E5
C10D9B95
C10E0FBE
C10E845F
C10EF977
C10F6F03
C10FE503
C1105B75
C110D258
C11149AA
C111C16B
C112399A
C112B234
C1132B3A
C113A4A9
C1141E82
C11498C2
C1151369
C1158E76
C11609E8
C11685BE
C11701F8
C1177E93
C117FB90
C11878EE
C118F6AC
C11974C8
C119F343
C11A721B
C11AF150
C11B70E1
C11BF0CD
C11C7114
C11CF1B5
C11D72AF
C11DF402
C11E75AC
C11EF7AE
C11F7A07
C11FFCB5
C1207FB9
C1210312
C12186BF
C1220ABF
C1228F13
C12313B8
C12398B0
C1241DF9
C124A392
C125297B
C125AFB4
C126363B
C126BD11
C1274434
C127CBA4
C1285361
C128DB69
C12963BD
C129EC5C
C12A7544
C12AFE76
C12B87F1
C12C11B5
C12C9BC0
C12D2612
C12DB0AA
C12E3B88
C12EC6AC
C12F5214
C12FDDC1
C13069B0
C130F5E3
C1318257
C1320F0E
C1329C05
C133293D
C133B6B4
C134446A
C134D25F
C1356091
C135EF01
C1367DAD
C1370C95
C1379BB8
C1382B16
C138BAAE
C1394A7F
C139DA89
C13A6ACA
C13AFB44
C13B8BF4
C13C1CDA
C13CADF5
C13D3F45
C13DD0CA
C13E6282
C13EF46D
C13F868A
C14018D9
C140AB58
C1413E08
C141D0E8
C14263F7
C142F735
C1438AA0
C1441E38
C144B1FD
C14545EE
C145DA0A
C1466E51
C14702C3
C0D3618E
C0D3A118
C0D3E11A
C0D4219D
C0D462A5
C0D4A43B
C0D4E666
C0D5292B
C0D56C92
C0D5B0A0
C0D5F55D
C0D63ACE
C0D680FA
C0D6C7E7
C0D70F9B
C0D7581D
C0D7A171
C0D7EB9F
C0D836AC
C0D8829D
C0D8CF7A
C0D91D47
C0D96C0A
C0D9BBCA
C0DA0C8B
C0DA5E54
C0DAB12A
C0DB0512
C0DB5A13
C0DBB031
C0DC0772
C0DC5FDB
C0DCB973
C0DD143D
C0DD7040
C0DDCD81
C0DE2C04
C0DE8BCF
C0DEECE7
C0DF4F51
C0DFB311
C0E0182D
C0E07EA9
C0E0E68A
C0E14FD4
C0E1BA8C
C0E226B6
C0E29457
C0E30372
C0E3740C
C0E3E629
C0E459CC
C0E4CEF8
C0E545B3
C0E5BDFE
C0E637DD
C0E6B354
C0E73065
C0E7AF12
C0E82F60
C0E8B14F
C0E934E2
C0E9BA1C
C0EA40FF
C0EAC98B
C0EB53C3
C0EBDFA7
C0EC6D3A
C0ECFC7C
C0ED8D6D
C0EE200F
C0EEB462
C0EF4A65
C0EFE219
C0F07B7E
C0F11693
C0F1B357
C0F251CA
C0F2F1EA
C0F393B7
C0F4372E
C0F4DC4F
C0F58317
C0F62B84
C0F6D595
C0F78146
C0F82E96
C0F8DD81
C0F98E05
C0FA4020
C0FAF3CC
C0FBA909
C0FC5FD1
C0FD1822
C0FDD1F8
C0FE8D50
C0FF4A25
C100043A
C100641C
C100C4B7
C1012608
C101880F
C101EAC8
C1024E31
C102B249
C103170D
C1037C7B
C103E291
C104494D
C104B0AC
C10518AD
C105814D
C105EA8B
C1065463
C106BED5
C10729DD
C107957B
C10801AB
C1086E6C
C108DBBC
C109499A
C109B802
C10A26F4
C10A966D
C10B066C
C10B76EE
C10BE7F3
C10C5978
C10CCB7D
C10D3DFE
C10DB0FB
C10E2472
C10E9862
C10F0CCA
C10F81A6
C10FF6F8
C1106CBC
C110E2F2
C1115999
C111D0AF
C1124833
C112C024
C1133880
C113B148
C1142A79
C114A412
C1151E13
C115987A
C1161348
C1168E79
C1170A0F
C1178608
C1180262
C1187F1E
C118FC3A
C11979B6
C119F790
C11A75C9
C11AF45F
C11B7351
C11BF29F
C11C7249
C11CF24D
C11D72AB
C11DF362
C11E7471
C11EF5D9
C11F7798
C11FF9AD
C1207C18
C120FED9
C12181EE
C1220558
C1228916
C1230D26
C1239189
C124163D
C1249B43
C125209A
C125A641
C1262C37
C126B27C
C1273910
C127BFF1
C1284720
C128CE9B
C1295663
C129DE76
C12A66D4
C12AEF7C
C12B786E
C12C01A9
C12C8B2D
C12D14F9
C12D9F0C
C12E2967
C12EB407
C12F3EED
C12FCA18
C1305587
C130E13B
C1316D31
C131F96A
C13285E5
C13312A2
C1339F9F
C1342CDC
C134BA59
C1354815
C135D60F
C1366447
C136F2BB
C137816D
C1381059
C1389F81
C1392EE3
C139BE80
C13A4E55
C13ADE63
C13B6EA9
C13BFF26
C13C8FDA
C13D20C3
C13DB1E2
C13E4336
C13ED4BE
C13F6679
C13FF868
C1408A88
C1411CDA
C141AF5C
C142420F
C142D4F2
C1436804
C143FB44
C1448EB2
C145224C
C145B614
C1464A07
C146DE26
C147726F
C0D4904F
C0D4CFBE
C0D50FA6
C0D5500D
C0D590FB
C0D5D277
C0D61487
C0D65731
C0D69A7D
C0D6DE71
C0D72313
C0D7686A
C0D7AE7C
C0D7F54E
C0D83CE8
C0D8854E
C0D8CE88
C0D9189B
C0D9638C
C0D9AF63
C0D9FC24
C0DA49D6
C0DA987E
C0DAE821
C0DB38C7
C0DB8A73
C0DBDD2D
C0DC30F9
C0DC85DC
C0DCDBDD
C0DD3301
C0DD8B4D
C0DDE4C7
C0DE3F73
C0DE9B58
C0DEF87A
C0DF56DE
C0DFB689
C0E01782
C0E079CB
C0E0DD6B
C0E14266
C0E1A8C1
C0E21080
C0E279A9
C0E2E43E
C0E35046
C0E3BDC3
C0E42CBB
C0E49D30
C0E50F28
C0E582A6
C0E5F7AD
C0E66E41
C0E6E665
C0E7601D
C0E7DB6C
C0E85854
C0E8D6D9
C0E956FC
C0E9D8C1
C0EA5C2A
C0EAE138
C0EB67EE
C0EBF04D
C0EC7A58
C0ED060E
C0ED9372
C0EE2283
C0EEB344
C0EF45B5
C0EFD9D5
C0F06FA6
C0F10726
C0F1A056
C0F23B36
C0F2D7C4
C0F375FF
C0F415E8
C0F4B77B
C0F55AB9
C0F5FF9F
C0F6A62B
C0F74E5C
C0F7F82F
C0F8A3A2
C0F950B2
C0F9FF5C
C0FAAF9F
C0FB6177
C0FC14E0
C0FCC9D7
C0FD805A
C0FE3864
C0FEF1F2
C0FFAD01
C10034C6
C10093C7
C100F383
C10153F8
C101B522
C1021700
C1027991
C102DCD1
C10340C0
C103A55A
C1040A9D
C1047088
C104D717
C1053E4A
C105A61E
C1060E90
C10677A0
C106E149
C1074B8B
C107B664
C10821D1
C1088DD0
C108FA60
C109677E
C109D528
C10A435D
C10AB21B
C10B215F
C10B9129
C10C0176
C10C7245
C10CE394
C10D5561
C10DC7AA
C10E3A6F
C10EADAE
C10F2164
C10F9592
C1100A35
C1107F4B
C110F4D5
C1116ACF
C111E13A
C1125813
C112CF5A
C113470E
C113BF2D
C11437B6
C114B0A9
C1152A04
C115A3C5
C1161DED
C116987B
C117136D
C1178EC2
C1180A7A
C1188693
C119030E
C1197FE8
C119FD22
C11A7ABB
C11AF8B1
C11B7705
C11BF5B5
C11C74C1
C11CF428
C11D73E9
C11DF404
C11E7478
C11EF544
C11F7668
C11FF7E4
C12079B6
C120FBDE
C1217E5B
C122012D
C1228454
C12307CE
C1238B9B
C1240FBA
C124942C
C12518EF
C1259E03
C1262367
C126A91A
C1272F1D
C127B56F
C1283C0E
C128C2FB
C1294A35
C129D1BB
C12A598D
C12AE1AA
C12B6A11
C12BF2C3
C12C7BBE
C12D0502
C12D8E8F
C12E1863
C12EA27E
C12F2CE0
C12FB788
C1304275
C130CDA7
C131591E
C131E4D8
C13270D5
C132FD14
C1338995
C1341658
C134A35B
C135309E
C135BE20
C1364BE1
C136D9E0
C137681D
C137F697
C138854C
C139143E
C139A36A
C13A32D1
C13AC271
C13B524A
C13BE25C
C13C72A6
C13D0327
C13D93DE
C13E24CB
C13EB5EE
C13F4745
C13FD8D0
C1406A8F
C140FC80
C1418EA3
C14220F8
C142B37E
C1434634
C143D919
C1446C2D
C144FF70
C14592E0
C146267E
C146BA47
C1474E3D
C147E25E
C0D5BF67
C0D5FEBB
C0D63E89
C0D67ED6
C0D6BFAA
C0D7010C
C0D74302
C0D78592
C0D7C8C5
C0D80C9F
C0D85127
C0D89664
C0D8DC5C
C0D92314
C0D96A94
C0D9B2E0
C0D9FBFF
C0DA45F8
C0DA90CF
C0DADC8B
C0DB2932
C0DB76C9
C0DBC555
C0DC14DE
C0DC6568
C0DCB6F9
C0DD0997
C0DD5D47
C0DDB20E
C0DE07F3
C0DE5EFA
C0DEB729
C0DF1085
C0DF6B14
C0DFC6DB
C0E023DF
C0E08225
C0E0E1B2
C0E1428B
C0E1A4B5
C0E20835
C0E26D10
C0E2D34A
C0E33AE9
C0E3A3F0
C0E40E64
C0E47A49
C0E4E7A4
C0E55678
C0E5C6CA
C0E6389E
C0E6ABF7
C0E720D9
C0E79748
C0E80F46
C0E888D7
C0E903FF
C0E980BF
C0E9FF1B
C0EA7F16
C0EB00B1
C0EB83F0
C0EC08D3
C0EC8F5E
C0ED1791
C0EDA16E
C0EE2CF7
C0EEBA2C
C0EF490F
C0EFD9A0
C0F06BE0
C0F0FFCF
C0F1956D
C0F22CBB
C0F2C5B7
C0F36062
C0F3FCBB
C0F49AC0
C0F53A71
C0F5DBCD
C0F67ED1
C0F7237D
C0F7C9CE
C0F871C3
C0F91B5A
C0F9C68F
C0FA7360
C0FB21CB
C0FBD1CD
C0FC8363
C0FD3689
C0FDEB3D
C0FEA17A
C0FF593F
C1000943
C10066A6
C100C4C7
C10123A3
C1018339
C101E387
C102448B
C102A642
C10308AB
C1036BC2
C103CF87
C10433F8
C1049911
C104FED0
C1056535
C105CC3C
C10633E3
C1069C28
C1070509
C1076E85
C107D898
C1084341
C108AE7D
C1091A4C
C10986AA
C109F396
C10A610E
C10ACF10
C10B3D9A
C10BACAB
C10C1C40
C10C8C58
C10CFCF1
C10D6E09
C10DDF9F
C10E51B2
C10EC43F
C10F3745
C10FAAC3
C1101EB7
C1109320
C11107FC
C1117D4B
C111F30A
C1126939
C112DFD6
C11356E1
C113CE58
C1144639
C114BE85
C1153739
C115B055
C11629D8
C116A3C1
C1171E0F
C11798C0
C11813D5
C1188F4D
C1190B25
C119875F
C11A03F8
C11A80F1
C11AFE47
C11B7BFC
C11BFA0D
C11C787B
C11CF744
C11D7668
C11DF5E6
C11E75BE
C11EF5EF
C11F7678
C11FF759
C1207891
C120FA20
C1217C04
C121FE3E
C12280CD
C12303B0
C12386E6
C1240A70
C1248E4D
C125127B
C12596FB
C1261BCB
C126A0EC
C127265D
C127AC1D
C128322C
C128B889
C1293F34
C129C62C
C12A4D70
C12AD501
C12B5CDC
C12BE503
C12C6D74
C12CF62F
C12D7F33
C12E087F
C12E9214
C12F1BF0
C12FA613
C130307D
C130BB2C
C1314620
C131D159
C1325CD6
C132E896
C133749A
C13400DF
C1348D66
C1351A2E
C135A737
C136347F
C136C207
C1374FCD
C137DDD1
C1386C12
C138FA91
C139894B
C13A1841
C13AA771
C13B36DC
C13BC680
C13C565E
C13CE673
C13D76C1
C13E0745
C13E9800
C13F28F1
C13FBA17
C1404B71
C140DCFF
C1416EC1
C14200B5
C14292DB
C1432533
C143B7BB
C1444A74
C144DD5C
C1457073
C14603B8
C146972A
C1472ACA
C147BE96
C148528E
C0D6EED2
C0D72E0E
C0D76DC1
C0D7ADF5
C0D7EEB0
C0D82FF8
C0D871D5
C0D8B44C
C0D8F765
C0D93B26
C0D97F95
C0D9C4B9
C0DA0A97
C0DA5136
C0DA989C
C0DAE0CF
C0DB29D5
C0DB73B4
C0DBBE71
C0DC0A13
C0DC56A0
C0DCA41C
C0DCF28F
C0DD41FD
C0DD926C
C0DDE3E2
C0DE3665
C0DE89F9
C0DEDEA5
C0DF346E
C0DF8B59
C0DFE36C
C0E03CAC
C0E0971E
C0E0F2C7
C0E14FAE
C0E1ADD6
C0E20D45
C0E26DFF
C0E2D00B
C0E3336C
C0E39827
C0E3FE42
C0E465C0
C0E4CEA6
C0E538F9
C0E5A4BD
C0E611F6
C0E680A8
C0E6F0D7
C0E76287
C0E7D5BD
C0E84A7A
C0E8C0C4
C0E9389D
C0E9B208
C0EA2D09
C0EAA9A2
C0EB27D7
C0EBA7A9
C0EC291C
C0ECAC31
C0ED30EA
C0EDB74A
C0EE3F51
C0EEC902
C0EF545E
C0EFE166
C0F0701B
C0F1007D
C0F1928D
C0F2264B
C0F2BBB8
C0F352D4
C0F3EB9D
C0F48614
C0F52238
C0F5C008
C0F65F83
C0F700A7
C0F7A373
C0F847E6
C0F8EDFD
C0F995B7
C0FA3F12
C0FAEA0A
C0FB969D
C0FC44CA
C0FCF48C
C0FDA5E0
C0FE58C5
C0FF0D35
C0FFC32F
C1003D57
C10099D8
C100F717
C1015514
C101B3CB
C102133C
C1027364
C102D442
C10335D2
C1039813
C103FB02
C1045E9F
C104C2E6
C10527D5
C1058D6A
C105F3A3
C1065A7F
C106C1F9
C1072A12
C10792C6
C107FC13
C10865F8
C108D072
C1093B7F
C109A71D
C10A134A
C10A8005
C10AED4B
C10B5B1A
C10BC971
C10C384E
C10CA7AF
C10D1792
C10D87F6
C10DF8D8
C10E6A38
C10EDC13
C10F4E69
C10FC137
C110347C
C110A837
C1111C67
C1119109
C112061D
C1127BA2
C112F195
C11367F7
C113DEC5
C11455FF
C114CDA3
C11545B1
C115BE28
C1163705
C116B04A
C11729F3
C117A402
C1181E74
C1189949
C1191480
C1199018
C11A0C10
C11A8868
C11B051F
C11B8234
C11BFFA7
C11C7D76
C11CFBA1
C11D7A28
C11DF909
C11E7845
C11EF7D9
C11F77C7
C11FF80D
C12078AB
C120F99F
C1217AEA
C121FC8B
C1227E82
C12300CD
C123836C
C124065F
C12489A6
C1250D3E
C1259129
C1261566
C12699F3
C1271ED1
C127A3FF
C128297C
C128AF48
C1293563
C129BBCB
C12A4281
C12AC983
C12B50D1
C12BD86C
C12C6051
C12CE881
C12D70FB
C12DF9BE
C12E82CA
C12F0C1F
C12F95BC
C1301F9F
C130A9CA
C131343B
C131BEF1
C13249EC
C132D52B
C13360AF
C133EC75
C134787F
C13504CA
C1359157
C1361E24
C136AB32
C1373880
C137C60C
C13853D7
C138E1E0
C1397026
C139FEA9
C13A8D67
C13B1C61
C13BAB96
C13C3B05
C13CCAAD
C13D5A8E
C13DEAA7
C13E7AF8
C13F0B80
C13F9C3E
C1402D32
C140BE5B
C1414FB9
C141E14A
C142730F
C1430506
C143972F
C1442989
C144BC14
C1454ECF
C145E1BA
C14674D3
C147081A
C1479B8F
C1482F31
C148C300
C0D81E90
C0D85DB2
C0D89D4D
C0D8DD68
C0D91E0A
C0D95F39
C0D9A0FD
C0D9E35C
C0DA265C
C0DA6A04
C0DAAE5B
C0DAF366
C0DB392B
C0DB7FB2
C0DBC6FF
C0DC0F19
C0DC5806
C0DCA1CB
C0DCEC6F
C0DD37F8
C0DD846B
C0DDD1CE
C0DE2027
C0DE6F7B
C0DEBFD0
C0DF112C
C0DF6394
C0DFB70E
C0E00B9F
C0E0614C
C0E0B81C
C0E11013
C0E16937
C0E1C38D
C0E21F1A
C0E27BE3
C0E2D9EE
C0E33940
C0E399DD
C0E3FBCA
C0E45F0D
C0E4C3A9
C0E529A4
C0E59103
C0E5F9C9
C0E663FB
C0E6CF9E
C0E73CB6
C0E7AB46
C0E81B53
C0E88CE1
C0E8FFF3
C0E9748D
C0E9EAB2
C0EA6267
C0EADBAD
C0EB5688
C0EBD2FB
C0EC5109
C0ECD0B3
C0ED51FE
C0EDD4EA
C0EE597A
C0EEDFAF
C0EF678C
C0EFF112
C0F07C42
C0F1091D
C0F197A4
C0F227D7
C0F2B9B9
C0F34D47
C0F3E284
C0F4796E
C0F51205
C0F5AC49
C0F64839
C0F6E5D4
C0F78519
C0F82607
C0F8C89C
C0F96CD7
C0FA12B5
C0FABA35
C0FB6354
C0FC0E10
C0FCBA66
C0FD6855
C0FE17D8
C0FEC8EC
C0FF7B90
C10017DF
C10072BA
C100CE58
C1012AB6
C10187D2
C101E5AB
C102443E
C102A38A
C103038D
C1036444
C103C5AE
C10427C8
C1048A90
C104EE04
C1055222
C105B6E7
C1061C53
C1068262
C106E912
C1075061
C107B84D
C10820D4
C10889F4
C108F3AA
C1095DF5
C109C8D3
C10A3441
C10AA03E
C10B0CC8
C10B79DD
C10BE77A
C10C559E
C10CC448
C10D3374
C10DA323
C10E1352
C10E83FF
C10EF528
C10F66CD
C10FD8EC
C1104B82
C110BE8F
C1113212
C111A608
C1121A71
C1128F4A
C1130494
C1137A4D
C113F073
C1146705
C114DE02
C115556A
C115CD3B
C1164573
C116BE13
C1173719
C117B084
C1182A53
C118A485
C1191F1A
C1199A11
C11A1569
C11A9120
C11B0D37
C11B89AD
C11C0680
C11C83B1
C11D013E
C11D7F27
C11DFD6B
C11E7C0A
C11EFB03
C11F7A54
C11FF9FF
C1207A02
C120FA5C
C1217B0D
C121FC15
C1227D72
C122FF25
C123812C
C1240388
C1248637
C125093A
C1258C8F
C1261037
C126942F
C1271879
C1279D14
C12821FF
C128A739
C1292CC2
C129B299
C12A38BF
C12ABF32
C12B45F2
C12BCCFE
C12C5457
C12CDBFA
C12D63E9
C12DEC21
C12E74A4
C12EFD70
C12F8684
C1300FE1
C1309985
C1312370
C131ADA1
C1323819
C132C2D6
C1334DD7
C133D91D
C13464A7
C134F073
C1357C82
C13608D3
C1369565
C1372238
C137AF4B
C1383C9E
C138CA2F
C13957FF
C139E60C
C13A7456
C13B02DD
C13B91A0
C13C209E
C13CAFD7
C13D3F49
C13DCEF5
C13E5EDA
C13EEEF7
C13F7F4B
C1400FD6
C140A098
C141318F
C141C2BB
C142541C
C142E5B0
C1437777
C1440971
C1449B9D
C1452DFA
C145C087
C1465345
C146E631
C147794D
C1480C97
C148A00E
C14933B2
C0D94E9C
C0D98DA6
C0D9CD29
C0DA0D2B
C0DA4DB5
C0DA8ECC
C0DAD078
C0DB12BF
C0DB55A7
C0DB9937
C0DBDD76
C0DC2269
C0DC6816
C0DCAE84
C0DCF5B9
C0DD3DBB
C0DD868F
C0DDD03C
C0DE1AC8
C0DE6638
C0DEB292
C0DEFFDC
C0DF4E1B
C0DF9D56
C0DFED91
C0E03ED3
C0E09122
C0E0E481
C0E138F8
C0E18E8B
C0E1E540
C0E23D1C
C0E29624
C0E2F05E
C0E34BD0
C0E3A87D
C0E4066B
C0E465A0
C0E4C620
C0E527EF
C0E58B14
C0E5EF92
C0E6556F
C0E6BCAF
C0E72555
C0E78F68
C0E7FAEB
C0E867E2
C0E8D651
C0E9463C
C0E9B7A8
C0EA2A97
C0EA9F0E
C0EB1510
C0EB8CA1
C0EC05C2
C0EC8078
C0ECFCC6
C0ED7AAD
C0EDFA31
C0EE7B54
C0EEFE18
C0EF827F
C0F0088B
C0F0903E
C0F11999
C0F1A49E
C0F2314C
C0F2BFA7
C0F34FAD
C0F3E160
C0F474C0
C0F509CC
C0F5A086
C0F638EB
C0F6D2FD
C0F76EBA
C0F80C21
C0F8AB32
C0F94BEA
C0F9EE49
C0FA924C
C0FB37F2
C0FBDF38
C0FC881D
C0FD329E
C0FDDEB8
C0FE8C69
C0FF3BAE
C0FFEC84
C1004F73
C100A96A
C1010424
C1015FA0
C101BBDC
C10218D5
C102768B
C102D4FA
C1033422
C1039400
C103F491
C10455D5
C104B7C8
C1051A69
C1057DB5
C105E1AB
C1064647
C106AB89
C107116E
C10777F3
C107DF17
C10846D7
C108AF32
C1091824
C10981AD
C109EBCA
C10A5679
C10AC1B8
C10B2D85
C10B99DE
C10C06C1
C10C742D
C10CE21F
C10D5095
C10DBF8F
C10E2F0A
C10E9F04
C10F0F7C
C10F8070
C10FF1DE
C11063C6
C110D625
C11148FA
C111BC44
C1123002
C112A431
C11318D1
C1138DE1
C114035E
C1147949
C114EFA0
C1156661
C115DD8C
C1165520
C116CD1B
C117457D
C117BE44
C1183771
C118B101
C1192AF4
C119A549
C11A2000
C11A9B17
C11B168E
C11B9265
C11C0E99
C11C8B2B
C11D081A
C11D8565
C11E030C
C11E810D
C11EFF6A
C11F7E1F
C11FFD2E
C1207C96
C120FC55
C1217C6C
C121FCDA
C1227D9E
C122FEB8
C1238027
C12401EA
C1248402
C125066E
C125892D
C1260C3E
C1268FA2
C1271357
C127975D
C1281BB4
C128A05B
C1292552
C129AA98
C12A302D
C12AB60F
C12B3C3F
C12BC2BD
C12C4987
C12CD09D
C12D57FF
C12DDFAB
C12E67A2
C12EEFE4
C12F786E
C1300142
C1308A5E
C13113C2
C1319D6E
C1322760
C132B198
C1333C16
C133C6DA
C13451E2
C134DD2D
C13568BD
C135F48F
C13680A3
C1370CFA
C1379991
C1382669
C138B381
C13940D8
C139CE6E
C13A5C42
C13AEA54
C13B78A3
C13C072E
C13C95F4
C13D24F6
C13DB433
C13E43A9
C13ED358
C13F6341
C13FF361
C14083B8
C1411447
C141A50C
C1423606
C142C735
C1435898
C143EA2F
C1447BF9
C1450DF6
C145A024
C1463283
C146C513
C14757D3
C147EAC2
C1487DE0
C149112C
C149A4A5
C0DA7EF6
C0DABDE8
C0DAFD52
C0DB3D3E
C0DB7DB0
C0DBBEAF
C0DC0044
C0DC4273
C0DC8544
C0DCC8BD
C0DD0CE3
C0DD51BF
C0DD9754
C0DDDDAB
C0DE24C8
C0DE6CB2
C0DEB56F
C0DEFF04
C0DF4977
C0DF94CF
C0DFE111
C0E02E42
C0E07C69
C0E0CB8B
C0E11BAE
C0E16CD6
C0E1BF0B
C0E21251
C0E266AE
C0E2BC27
C0E312C1
C0E36A83
C0E3C371
C0E41D90
C0E478E6
C0E4D577
C0E5334A
C0E59262
C0E5F2C5
C0E65478
C0E6B780
C0E71BE1
C0E7819F
C0E7E8C0
C0E85148
C0E8BB3C
C0E9269F
C0E99376
C0EA01C5
C0EA718F
C0EAE2D9
C0EB55A7
C0EBC9FC
C0EC3FDB
C0ECB748
C0ED3045
C0EDAAD7
C0EE26FF
C0EEA4C1
C0EF241F
C0EFA51B
C0F027B8
C0F0ABF7
C0F131DB
C0F1B964
C0F24295
C0F2CD6F
C0F359F3
C0F3E821
C0F477FA
C0F50980
C0F59CB1
C0F6318F
C0F6C818
C0F7604E
C0F7FA2E
C0F895B9
C0F932ED
C0F9D1C9
C0FA724D
C0FB1475
C0FBB842
C0FC5DB0
C0FD04BE
C0FDAD6A
C0FE57B0
C0FF038F
C0FFB104
C1003006
C1008851
C100E163
C1013B3A
C10195D3
C101F12E
C1024D48
C102AA1F
C10307B1
C10365FE
C103C501
C10424BB
C1048527
C104E645
C1054812
C105AA8C
C1060DB1
C106717F
C106D5F3
C1073B0C
C107A0C7
C1080722
C1086E1B
C108D5AF
C1093DDE
C109A6A4
C10A1000
C10A79EF
C10AE46F
C10B4F7F
C10BBB1D
C10C2746
C10C93F8
C10D0132
C10D6EF2
C10DDD37
C10E4BFD
C10EBB44
C10F2B0A
C10F9B4D
C1100C0C
C1107D45
C110EEF6
C111611E
C111D3BC
C11246CE
C112BA53
C1132E4A
C113A2B0
C1141786
C1148CC9
C1150279
C1157894
C115EF19
C1166608
C116DD5F
C117551D
C117CD42
C11845CB
C118BEB9
C119380B
C119B1BF
C11A2BD5
C11AA64B
C11B2123
C11B9C59
C11C17EE
C11C93E2
C11D1032
C11D8CE0
C11E09E9
C11E874E
C11F050D
C11F8327
C120019A
C1208066
C120FF8A
C1217F07
C121FEDA
C1227F04
C122FF85
C123805B
C1240186
C1248306
C12504DA
C1258702
C126097D
C1268C4A
C1270F6A
C12792DC
C128169E
C1289AB1
C1291F15
C129A3C8
C12A28CA
C12AAE1C
C12B33BB
C12BB9A8
C12C3FE3
C12CC66A
C12D4D3E
C12DD45D
C12E5BC8
C12EE37D
C12F6B7D
C12FF3C6
C1307C59
C1310534
C1318E58
C13217C3
C132A175
C1332B6E
C133B5AD
C1344032
C134CAFB
C1355609
C135E15B
C1366CF0
C136F8C7
C13784E1
C138113D
C1389DD9
C1392AB6
C139B7D2
C13A452E
C13AD2C8
C13B60A1
C13BEEB7
C13C7D09
C13D0B98
C13D9A63
C13E2969
C13EB8A9
C13F4822
C13FD7D5
C14067C1
C140F7E4
C141883F
C14218D1
C142A998
C1433A95
C143CBC7
C1445D2D
C144EEC7
C1458094
C1461293
C146A4C3
C1473725
C147C9B7
C1485C79
C148EF6B
C149828B
C14A15D9
C0DBAF9A
C0DBEE74
C0DC2DC8
C0DC6D9C
C0DCADF7
C0DCEEE0
C0DD305D
C0DD7276
C0DDB530
C0DDF892
C0DE3CA1
C0DE8166
C0DEC6E5
C0DF0D24
C0DF542A
C0DF9BFD
C0DFE4A2
C0E02E20
C0E0787C
C0E0C3BC
C0E10FE6
C0E15CFF
C0E1AB0E
C0E1FA18
C0E24A22
C0E29B32
C0E2ED4E
C0E3407B
C0E394BE
C0E3EA1E
C0E4409F
C0E49846
C0E4F11A
C0E54B1F
C0E5A65A
C0E602D0
C0E66088
C0E6BF84
C0E71FCB
C0E78162
C0E7E44D
C0E84891
C0E8AE32
C0E91535
C0E97D9F
C0E9E774
C0EA52B8
C0EABF70
C0EB2D9F
C0EB9D49
C0EC0E72
C0EC811F
C0ECF552
C0ED6B0F
C0EDE259
C0EE5B33
C0EED5A1
C0EF51A5
C0EFCF42
C0F04E7A
C0F0CF51
C0F151C7
C0F1D5DF
C0F25B9A
C0F2E2FB
C0F36C03
C0F3F6B3
C0F4830C
C0F5110F
C0F5A0BC
C0F63215
C0F6C519
C0F759C8
C0F7F023
C0F88828
C0F921D8
C0F9BD31
C0FA5A33
C0FAF8DC
C0FB992C
C0FC3B1F
C0FCDEB6
C0FD83EE
C0FE2AC4
C0FED337
C0FF7D44
C1001474
C1006B11
C100C276
C1011AA3
C1017396
C101CD4D
C10227C6
C1028300
C102DEF8
C1033BAD
C103991E
C103F747
C1045627
C104B5BC
C1051604
C10576FD
C105D8A4
C1063AF8
C1069DF6
C107019C
C10765E8
C107CAD8
C108306A
C108969B
C108FD6A
C10964D4
C109CCD7
C10A3571
C10A9EA0
C10B0861
C10B72B4
C10BDD95
C10C4904
C10CB4FD
C10D217F
C10D8E88
C10DFC17
C10E6A29
C10ED8BD
C10F47D1
C10FB763
C1102772
C11097FC
C11108FF
C1117A7B
C111EC6C
C1125ED3
C112D1AE
C11344FB
C113B8B9
C1142CE6
C114A182
C115168B
C1158C00
C11601E0
C116782A
C116EEDD
C11765F8
C117DD79
C1185560
C118CDAC
C119465C
C119BF6F
C11A38E4
C11AB2BB
C11B2CF2
C11BA789
C11C227F
C11C9DD4
C11D1987
C11D9596
C11E1202
C11E8ECA
C11F0BEC
C11F896A
C1200741
C1208571
C12103FA
C12182DC
C1220215
C12281A5
C123018C
C12381C9
C124025B
C1248343
C125047F
C125860F
C12607F3
C1268A2A
C1270CB3
C1278F8F
C12812BC
C128963B
C1291A0B
C1299E2A
C12A229A
C12AA758
C12B2C66
C12BB1C2
C12C376C
C12CBD64
C12D43A8
C12DCA39
C12E5115
C12ED83E
C12F5FB1
C12FE76F
C1306F77
C130F7C8
C1318062
C1320945
C1329270
C1331BE2
C133A59B
C1342F9A
C134B9DF
C135446A
C135CF39
C1365A4D
C136E5A4
C137713F
C137FD1B
C138893A
C139159B
C139A23C
C13A2F1D
C13ABC3E
C13B499E
C13BD73D
C13C651A
C13CF334
C13D818A
C13E101D
C13E9EEB
C13F2DF4
C13FBD38
C1404CB5
C140DC6B
C1416C5A
C141FC81
C1428CDE
C1431D73
C143AE3D
C1443F3D
C144D072
C14561DA
C145F377
C1468546
C1471747
C147A97A
C1483BDE
C148CE73
C1496137
C149F42B
C14A874D
C0DCE087
C0DD1F4A
C0DD5E88
C0DD9E45
C0DDDE8A
C0DE1F5C
C0DE60C3
C0DEA2C5
C0DEE569
C0DF28B4
C0DF6CAE
C0DFB15B
C0DFF6C4
C0E03CED
C0E083DC
C0E0CB98
C0E11427
C0E15D8D
C0E1A7D2
C0E1F2FB
C0E23F0E
C0E28C10
C0E2DA07
C0E328F9
C0E378EC
C0E3C9E4
C0E41BE8
C0E46EFC
C0E4C327
C0E5186E
C0E56ED5
C0E5C663
C0E61F1D
C0E67908
C0E6D429
C0E73085
C0E78E22
C0E7ED03
C0E84D2F
C0E8AEAA
C0E91179
C0E975A0
C0E9DB24
C0EA420B
C0EAAA57
C0EB140E
C0EB7F34
C0EBEBCC
C0EC59DC
C0ECC967
C0ED3A70
C0EDACFC
C0EE210E
C0EE96A9
C0EF0DD2
C0EF8689
C0F000D4
C0F07CB5
C0F0FA2D
C0F17941
C0F1F9F2
C0F27C42
C0F30033
C0F385C7
C0F40D01
C0F495E0
C0F52067
C0F5AC96
C0F63A6E
C0F6C9F0
C0F75B1D
C0F7EDF4
C0F88276
C0F918A2
C0F9B078
C0FA49F8
C0FAE521
C0FB81F1
C0FC2068
C0FCC084
C0FD6244
C0FE05A6
C0FEAAA7
C0FF5147
C0FFF982
C10051AB
C100A761
C100FDE0
C1015528
C101AD36
C102060A
C1025FA1
C102B9FB
C1031514
C10370EC
C103CD80
C1042ACE
C10488D5
C104E792
C1054703
C105A727
C10607FB
C106697D
C106CBAB
C1072E83
C1079202
C107F626
C1085AEE
C108C057
C109265F
C1098D04
C109F443
C10A5C1B
C10AC489
C10B2D8C
C10B9721
C10C0146
C10C6BF9
C10CD739
C10D4303
C10DAF55
C10E1C2E
C10E898C
C10EF76C
C10F65CE
C10FD4AF
C110440E
C110B3E9
C111243E
C111950D
C1120652
C112780E
C112EA3E
C1135CE2
C113CFF7
C114437D
C114B771
C1152BD4
C115A0A3
C11615DE
C1168B84
C1170193
C117780A
C117EEE8
C118662D
C118DDD7
C11955E5
C119CE57
C11A472C
C11AC063
C11B39FB
C11BB3F2
C11C2E4A
C11CA900
C11D2415
C11D9F86
C11E1B55
C11E977F
C11F1405
C11F90E6
C1200E21
C1208BB6
C12109A4
C12187EB
C1220689
C122857F
C12304CC
C123846F
C1240469
C12484B7
C125055B
C1258654
C12607A0
C1268940
C1270B33
C1278D78
C1281010
C12892F9
C1291634
C12999BF
C12A1D9B
C12AA1C6
C12B2641
C12BAB0B
C12C3024
C12CB58A
C12D3B3E
C12DC13F
C12E478D
C12ECE27
C12F550D
C12FDC3E
C13063B9
C130EB7F
C131738F
C131FBE7
C1328489
C1330D73
C13396A4
C134201D
C134A9DC
C13533E2
C135BE2D
C13648BE
C136D393
C1375EAC
C137EA09
C13875A8
C139018A
C1398DAE
C13A1A13
C13AA6B9
C13B339E
C13BC0C4
C13C4E28
C13CDBCB
C13D69AB
C13DF7C9
C13E8624
C13F14BA
C13FA38C
C1403298
C140C1DF
C1415160
C141E119
C142710B
C1430134
C1439195
C144222C
C144B2F9
C14543FC
C145D533
C146669E
C146F83D
C1478A0F
C1481C12
C148AE48
C14940AE
C149D345
C14A660B
C14AF901
C0DE11BA
C0DE5067
C0DE8F8E
C0DECF36
C0DF0F65
C0DF5021
C0DF9172
C0DFD35F
C0E015EC
C0E05922
C0E09D06
C0E0E19E
C0E126F0
C0E16D03
C0E1B3DC
C0E1FB82
C0E243FA
C0E28D4B
C0E2D779
C0E3228C
C0E36E88
C0E3BB73
C0E40953
C0E4582E
C0E4A809
C0E4F8EA
C0E54AD5
C0E59DD2
C0E5F1E5
C0E64713
C0E69D62
C0E6F4D8
C0E74D78
C0E7A74A
C0E80251
C0E85E93
C0E8BC16
C0E91ADD
C0E97AEE
C0E9DC4D
C0EA3F01
C0EAA30C
C0EB0874
C0EB6F3E
C0EBD76D
C0EC4107
C0ECAC0F
C0ED188A
C0ED867B
C0EDF5E6
C0EE66D0
C0EED93C
C0EF4D2E
C0EFC2A8
C0F039AF
C0F0B245
C0F12C6D
C0F1A82B
C0F22580
C0F2A46F
C0F324FB
C0F3A726
C0F42AF1
C0F4B05F
C0F53771
C0F5C029
C0F64A87
C0F6D68D
C0F7643C
C0F7F393
C0F88495
C0F91740
C0F9AB95
C0FA4193
C0FAD93B
C0FB728C
C0FC0D85
C0FCAA24
C0FD486A
C0FDE853
C0FE89E0
C0FF2D0D
C0FFD1DA
C1003C22
C1009024
C100E4F2
C1013A8B
C10190EE
C101E818
C1024009
C10298BE
C102F237
C1034C70
C103A76A
C1040321
C1045F94
C104BCC1
C1051AA6
C1057940
C105D88E
C106388F
C106993E
C106FA9B
C1075CA4
C107BF55
C10822AE
C10886AB
C108EB4C
C109508C
C109B66B
C10A1CE6
C10A83FC
C10AEBA9
C10B53EC
C10BBCC3
C10C262B
C10C9023
C10CFAA9
C10D65BA
C10DD155
C10E3D78
C10EAA21
C10F174F
C10F84FE
C10FF32E
C11061DD
C110D109
C11140B0
C111B0D2
C112216B
C112927C
C1130402
C11375FC
C113E869
C1145B47
C114CE94
C1154251
C115B67B
C1162B11
C116A012
C117157D
C1178B51
C118018D
C118782F
C118EF38
C11966A5
C119DE76
C11A56AB
C11ACF42
C11B483A
C11BC193
C11C3B4C
C11CB564
C11D2FDA
C11DAAAF
C11E25E0
C11EA16E
C11F1D57
C11F999C
C120163B
C1209334
C1211087
C1218E32
C1220C36
C1228A92
C1230944
C123884E
C12407AE
C1248764
C125076F
C12587CF
C1260884
C126898C
C1270AE8
C1278C96
C1280E98
C12890EB
C1291391
C1299687
C12A19CE
C12A9D66
C12B214D
C12BA584
C12C2A0B
C12CAEDF
C12D3402
C12DB972
C12E3F30
C12EC53B
C12F4B92
C12FD234
C1305922
C130E05B
C13167DF
C131EFAC
C13277C3
C1330023
C13388CC
C13411BD
C1349AF5
C1352474
C135AE3A
C1363845
C136C296
C1374D2C
C137D807
C1386325
C138EE87
C1397A2B
C13A0612
C13A923B
C13B1EA4
C13BAB4E
C13C3838
C13CC562
C13D52CA
C13DE071
C13E6E55
C13EFC77
C13F8AD5
C140196F
C140A844
C1413754
C141C69E
C1425621
C142E5DE
C14375D2
C14405FF
C1449662
C14526FC
C145B7CC
C14648D1
C146DA0B
C1476B78
C147FD19
C1488EED
C14920F3
C149B32B
C14A4593
C14AD82C
C14B6AF4
C0DF4331
C0DF81C9
C0DFC0DB
C0E0006D
C0E04086
C0E0812D
C0E0C269
C0E10440
C0E146B9
C0E189D9
C0E1CDA7
C0E2122A
C0E25767
C0E29D64
C0E2E428
C0E32BB8
C0E3741B
C0E3BD55
C0E4076E
C0E4526A
C0E49E50
C0E4EB25
C0E538EF
C0E587B3
C0E5D777
C0E62841
C0E67A15
C0E6CCFB
C0E720F6
C0E7760C
C0E7CC43
C0E823A0
C0E87C29
C0E8D5E1
C0E930CF
C0E98CF8
C0E9EA61
C0EA490E
C0EAA905
C0EB0A4A
C0EB6CE2
C0EBD0D2
C0EC361F
C0EC9CCD
C0ED04E0
C0ED6E5D
C0EDD948
C0EE45A4
C0EEB378
C0EF22C5
C0EF9390
C0F005DD
C0F079AE
C0F0EF08
C0F165EE
C0F1DE63
C0F25869
C0F2D404
C0F35137
C0F3D003
C0F4506B
C0F4D271
C0F55617
C0F5DB5F
C0F6624B
C0F6EADB
C0F77512
C0F800EF
C0F88E74
C0F91DA2
C0F9AE79
C0FA40F9
C0FAD522
C0FB6AF4
C0FC026E
C0FC9B91
C0FD365A
C0FDD2CA
C0FE70DE
C0FF1096
C0FFB1F0
C1002A75
C1007CC1
C100CFDC
C10123C3
C1017875
C101CDF2
C1022438
C1027B46
C102D319
C1032BB0
C103850A
C103DF25
C10439FF
C1049597
C104F1E9
C1054EF5
C105ACB8
C1060B30
C1066A5C
C106CA39
C1072AC4
C1078BFD
C107EDE1
C108506D
C108B39F
C1091776
C1097BEF
C109E108
C10A46BE
C10AAD11
C10B13FC
C10B7B7F
C10BE397
C10C4C43
C10CB57F
C10D1F4B
C10D89A3
C10DF487
C10E5FF4
C10ECBE8
C10F3861
C10FA55E
C11012DD
C11080DC
C110EF59
C1115E52
C111CDC7
C1123DB5
C112AE1A
C1131EF6
C1139047
C114020B
C1147442
C114E6E9
C11559FF
C115CD83
C1164175
C116B5D2
C1172A99
C1179FCA
C1181564
C1188B65
C11901CC
C1197898
C119EFC9
C11A675E
C11ADF55
C11B57AE
C11BD069
C11C4983
C11CC2FD
C11D3CD6
C11DB70D
C11E31A1
C11EAC92
C11F27DF
C11FA388
C1201F8B
C1209BE9
C12118A0
C12195B1
C122131A
C12290DB
C1230EF4
C1238D64
C1240C2B
C1248B47
C1250ABA
C1258A81
C1260A9E
C1268B0E
C1270BD2
C1278CEA
C1280E55
C1289012
C1291221
C1299482
C12A1735
C12A9A38
C12B1D8B
C12BA12E
C12C2521
C12CA963
C12D2DF4
C12DB2D3
C12E3800
C12EBD7A
C12F4341
C12FC954
C1304FB4
C130D65F
C1315D55
C131E496
C1326C21
C132F3F6
C1337C14
C134047B
C1348D2B
C1351622
C1359F60
C13628E5
C136B2B1
C1373CC2
C137C719
C13851B4
C138DC94
C13967B7
C139F31E
C13A7EC7
C13B0AB3
C13B96E0
C13C234E
C13CAFFC
C13D3CEA
C13DCA18
C13E5784
C13EE52E
C13F7316
C140013B
C1408F9D
C1411E3A
C141AD12
C1423C25
C142CB73
C1435AF9
C143EAB8
C1447AB0
C1450ADF
C1459B45
C1462BE2
C146BCB4
C1474DBC
C147DEF8
C1487068
C149020B
C14993E1
C14A25E9
C14AB823
C14B4A8D
C14BDD28
C0E074EB
C0E0B36E
C0E0F26A
C0E131E8
C0E171EC
C0E1B27E
C0E1F3A6
C0E23568
C0E277CB
C0E2BAD7
C0E2FE90
C0E342FE
C0E38826
C0E3CE0E
C0E414BD
C0E45C38
C0E4A486
C0E4EDAB
C0E537AE
C0E58295
C0E5CE65
C0E61B24
C0E668D8
C0E6B786
C0E70734
C0E757E7
C0E7A9A5
C0E7FC73
C0E85057
C0E8A557
C0E8FB76
C0E952BB
C0E9AB2C
C0EA04CC
C0EA5FA2
C0EABBB2
C0EB1901
C0EB7795
C0EBD772
C0EC389D
C0EC9B1B
C0ECFEF0
C0ED6422
C0EDCAB4
C0EE32AC
C0EE9C0C
C0EF06DB
C0EF731B
C0EFE0D0
C0F05000
C0F0C0AD
C0F132DA
C0F1A68D
C0F21BC7
C0F2928D
C0F30AE1
C0F384C6
C0F40040
C0F47D50
C0F4FBF9
C0F57C3E
C0F5FE20
C0F681A1
C0F706C4
C0F78D8A
C0F815F4
C0F8A003
C0F92BB9
C0F9B916
C0FA481B
C0FAD8C8
C0FB6B1D
C0FBFF1B
C0FC94C1
C0FD2C0E
C0FDC503
C0FE5F9E
C0FEFBDF
C0FF99C3
C1001CA5
C1006D39
C100BE9D
C10110CF
C10163CF
C101B79C
C1020C33
C1026195
C102B7BF
C1030EB0
C1036666
C103BEE0
C104181C
C1047218
C104CCD3
C105284B
C105847D
C105E168
C1063F0A
C1069D61
C106FC6A
C1075C24
C107BC8D
C1081DA1
C1087F60
C108E1C8
C10944D4
C109A885
C10A0CD7
C10A71C9
C10AD757
C10B3D81
C10BA443
C10C0B9D
C10C738B
C10CDC0B
C10D451C
C10DAEBB
C10E18E7
C10E839E
C10EEEDD
C10F5AA2
C10FC6ED
C11033BA
C110A108
C1110ED6
C1117D22
C111EBE9
C1125B2B
C112CAE6
C1133B18
C113ABC0
C1141CDC
C1148E6A
C115006B
C11572DB
C115E5BB
C1165907
C116CCC1
C11740E5
C117B574
C1182A6B
C1189FCA
C1191591
C1198BBD
C11A024E
C11A7943
C11AF09B
C11B6855
C11BE071
C11C58EE
C11CD1CA
C11D4B05
C11DC49F
C11E3E97
C11EB8EB
C11F339C
C11FAEA9
C1202A11
C120A5D3
C12121EF
C1219E65
C1221B34
C122985B
C12315DA
C12393B0
C12411DD
C1249061
C1250F3A
C1258E69
C1260DED
C1268DC6
C1270DF2
C1278E73
C1280F46
C128906D
C12911E6
C12993B1
C12A15CE
C12A983C
C12B1AFA
C12B9E09
C12C2168
C12CA517
C12D2915
C12DAD61
C12E31FC
C12EB6E5
C12F3C1B
C12FC19F
C130476E
C130CD8B
C13153F3
C131DAA6
C13261A4
C132E8EC
C133707F
C133F85B
C1348080
C13508ED
C13591A3
C1361AA1
C136A3E5
C1372D70
C137B741
C1384158
C138CBB4
C1395655
C139E13A
C13A6C62
C13AF7CD
C13B837B
C13C0F6B
C13C9B9C
C13D280E
C13DB4C1
C13E41B3
C13ECEE4
C13F5C54
C13FEA02
C14077EE
C1410616
C141947B
C142231B
C142B1F7
C143410D
C143D05D
C1445FE6
C144EFA8
C1457FA3
C1460FD4
C146A03D
C14730DC
C147C1B1
C14852BB
C148E3F9
C149756B
C14A0711
C14A98E9
C14B2AF3
C14BBD2F
C14C4F9B
C0E1A6E5
C0E1E553
C0E2243C
C0E263A4
C0E2A394
C0E2E413
C0E32525
C0E366D3
C0E3A922
C0E3EC1A
C0E42FBF
C0E47418
C0E4B92C
C0E4FF00
C0E5459A
C0E58D00
C0E5D539
C0E61E4A
C0E66838
C0E6B30A
C0E6FEC4
C0E74B6E
C0E7990D
C0E7E7A5
C0E8373D
C0E887DA
C0E8D982
C0E92C3A
C0E98007
C0E9D4F0
C0EA2AF8
C0EA8226
C0EADA7F
C0EB3408
C0EB8EC5
C0EBEABD
C0EC47F4
C0ECA66F
C0ED0633
C0ED6744
C0EDC9A9
C0EE2D64
C0EE927B
C0EEF8F2
C0EF60CE
C0EFCA13
C0F034C6
C0F0A0E9
C0F10E82
C0F17D94
C0F1EE24
C0F26033
C0F2D3C7
C0F348E3
C0F3BF89
C0F437BD
C0F4B182
C0F52CDA
C0F5A9C8
C0F6284F
C0F6A871
C0F72A30
C0F7AD8E
C0F8328C
C0F8B92D
C0F94171
C0F9CB5A
C0FA56E9
C0FAE41E
C0FB72FA
C0FC037E
C0FC95AA
C0FD297D
C0FDBEF7
C0FE5619
C0FEEEE1
C0FF894E
C10012B0
C100618B
C100B136
C10101B2
C10152FD
C101A516
C101F7FC
C1024BAE
C102A02B
C102F571
C1034B80
C103A254
C103F9EE
C104524B
C104AB69
C1050548
C1055FE4
C105BB3C
C106174F
C106741A
C106D19B
C1072FD1
C1078EB8
C107EE50
C1084E95
C108AF87
C1091122
C1097364
C109D64C
C10A39D7
C10A9E02
C10B02CD
C10B6834
C10BCE36
C10C34D0
C10C9C00
C10D03C4
C10D6C1A
C10DD500
C10E3E73
C10EA873
C10F12FD
C10F7E0E
C10FE9A6
C11055C2
C110C260
C1112F7E
C1119D1C
C1120B37
C11279CD
C112E8DC
C1135864
C113C863
C11438D7
C114A9BF
C1151B18
C1158CE3
C115FF1E
C11671C6
C116E4DC
C117585D
C117CC4A
C118409F
C118B55E
C1192A83
C119A00F
C11A1601
C11A8C56
C11B0310
C11B7A2C
C11BF1AA
C11C6988
C11CE1C7
C11D5A66
C11DD363
C11E4CBE
C11EC677
C11F408C
C11FBAFD
C12035C9
C120B0F1
C1212C72
C121A84D
C1222482
C122A10F
C1231DF4
C1239B31
C12418C4
C12496AF
C12514EF
C1259386
C1261271
C12691B2
C1271147
C127912F
C128116C
C12891FC
C12912DE
C1299413
C12A159A
C12A9772
C12B199B
C12B9C16
C12C1EE0
C12CA1FB
C12D2565
C12DA91F
C12E2D27
C12EB17E
C12F3622
C12FBB15
C1304054
C130C5E0
C1314BB9
C131D1DD
C132584D
C132DF08
C133660D
C133ED5D
C13474F7
C134FCDA
C1358505
C1360D79
C1369635
C1371F38
C137A883
C1383213
C138BBEA
C1394606
C139D067
C13A5B0D
C13AE5F7
C13B7124
C13BFC93
C13C8846
C13D143A
C13DA06F
C13E2CE5
C13EB99C
C13F4691
C13FD3C6
C140613A
C140EEEB
C1417CDA
C1420B06
C142996E
C1432811
C143B6F0
C1444609
C144D55C
C14564E8
C145F4AD
C14684AA
C14714DE
C147A549
C14835EB
C148C6C2
C14957CE
C149E90E
C14A7A83
C14B0C2A
C14B9E04
C14C3011
C14CC24E
C0E2D91D
C0E31778
C0E3564C
C0E395A1
C0E3D57D
C0E415E8
C0E456E6
C0E49881
C0E4DABC
C0E51D9F
C0E56131
C0E5A576
C0E5EA76
C0E63036
C0E676BC
C0E6BE0E
C0E70633
C0E74F2F
C0E79909
C0E7E3C6
C0E82F6C
C0E87C01
C0E8C98A
C0E9180E
C0E96790
C0E9B818
C0EA09AA
C0EA5C4C
C0EAB004
C0EB04D6
C0EB5AC8
C0EBB1DF
C0EC0A21
C0EC6392
C0ECBE38
C0ED1A18
C0ED7737
C0EDD59A
C0EE3545
C0EE963E
C0EEF889
C0EF5C2A
C0EFC127
C0F02784
C0F08F46
C0F0F870
C0F16307
C0F1CF0E
C0F23C8B
C0F2AB81
C0F31BF3
C0F38DE5
C0F4015B
C0F47658
C0F4ECDF
C0F564F4
C0F5DE98
C0F659D0
C0F6D69E
C0F75503
C0F7D503
C0F8569F
C0F8D9DA
C0F95EB4
C0F9E530
C0FA6D4F
C0FAF713
C0FB827B
C0FC0F89
C0FC9E3E
C0FD2E99
C0FDC09C
C0FE5445
C0FEE995
C0FF808B
C1000C93
C10059B4
C100A7A6
C100F669
C10145FD
C1019661
C101E793
C1023993
C1028C60
C102DFF8
C103345B
C1038986
C103DF79
C1043632
C1048DB0
C104E5F0
C1053EF1
C10598B2
C105F330
C1064E6A
C106AA5D
C1070708
C1076469
C107C27E
C1082144
C10880BA
C108E0DD
C10941AB
C109A323
C10A0541
C10A6804
C10ACB6A
C10B2F70
C10B9414
C10BF954
C10C5F2E
C10CC5A0
C10D2CA7
C10D9442
C10DFC6E
C10E6529
C10ECE72
C10F3846
C10FA2A3
C1100D87
C11078F2
C110E4DF
C111514F
C111BE3E
C1122BAC
C1129996
C11307FB
C11376D9
C113E62F
C11455FA
C114C63B
C11536EF
C115A814
C11619AA
C1168BAE
C116FE21
C1177100
C117E44A
C11857FE
C118CC1C
C11940A1
C119B58D
C11A2AE0
C11AA097
C11B16B2
C11B8D30
C11C0410
C11C7B51
C11CF2F3
C11D6AF5
C11DE356
C11E5C15
C11ED532
C11F4EAC
C11FC882
C12042B3
C120BD40
C1213827
C121B368
C1222F02
C122AAF5
C1232741
C123A3E4
C12420DF
C1249E30
C1251BD8
C12599D6
C1261829
C12696D1
C12715CE
C1279520
C12814C5
C12894BD
C1291509
C12995A7
C12A1698
C12A97DA
C12B196E
C12B9B53
C12C1D89
C12CA00F
C12D22E6
C12DA60B
C12E2980
C12EAD44
C12F3157
C12FB5B7
C1303A65
C130BF60
C13144A8
C131CA3D
C132501E
C132D64A
C1335CC2
C133E384
C1346A91
C134F1E8
C1357988
C1360171
C13689A3
C137121D
C1379ADF
C13823E8
C138AD38
C13936CE
C139C0AA
C13A4ACC
C13AD532
C13B5FDC
C13BEACA
C13C75FC
C13D0170
C13D8D26
C13E191E
C13EA558
C13F31D2
C13FBE8C
C1404B85
C140D8BE
C1416635
C141F3EA
C14281DC
C143100A
C1439E75
C1442D1C
C144BBFD
C1454B19
C145DA6F
C14669FD
C146F9C5
C14789C4
C14819FB
C148AA68
C1493B0C
C149CBE5
C14A5CF4
C14AEE36
C14B7FAD
C14C1156
C14CA332
C14D3541
C0E40B93
C0E449DA
C0E4889A
C0E4C7DC
C0E507A5
C0E547FC
C0E588E7
C0E5CA6E
C0E60C96
C0E64F66
C0E692E4
C0E6D716
C0E71C03
C0E761AF
C0E7A822
C0E7EF60
C0E83771
C0E88059
C0E8CA1F
C0E914C8
C0E9605A
C0E9ACDB
C0E9FA4F
C0EA48BE
C0EA982C
C0EAE89F
C0EB3A1C
C0EB8CA8
C0EBE04A
C0EC3506
C0EC8AE2
C0ECE1E4
C0ED3A0F
C0ED9369
C0EDEDF9
C0EE49C1
C0EEA6C9
C0EF0513
C0EF64A6
C0EFC587
C0F027B9
C0F08B41
C0F0F025
C0F15668
C0F1BE10
C0F2271F
C0F2919B
C0F2FD88
C0F36AE9
C0F3D9C2
C0F44A18
C0F4BBED
C0F52F45
C0F5A424
C0F61A8D
C0F69283
C0F70C08
C0F78720
C0F803CD
C0F88212
C0F901F0
C0F9836B
C0FA0682
C0FA8B3A
C0FB1192
C0FB998D
C0FC232B
C0FCAE6E
C0FD3B56
C0FDC9E3
C0FE5A17
C0FEEBF1
C0FF7F71
C1000A4C
C10055B1
C100A1EA
C100EEF4
C1013CCF
C1018B7C
C101DAF8
C1022B44
C1027C5E
C102CE46
C10320FA
C1037479
C103C8C2
C1041DD3
C10473AB
C104CA49
C10521AA
C10579CE
C105D2B3
C1062C56
C10686B7
C106E1D2
C1073DA7
C1079A33
C107F774
C1085568
C108B40D
C1091362
C1097363
C109D40E
C10A3563
C10A975D
C10AF9FC
C10B5D3D
C10BC11D
C10C259C
C10C8AB5
C10CF068
C10D56B2
C10DBD91
C10E2503
C10E8D05
C10EF597
C10F5EB5
C10FC85D
C110328F
C1109D47
C1110884
C1117444
C111E085
C1124D46
C112BA84
C113283E
C1139672
C114051F
C1147443
C114E3DD
C11553EA
C115C46A
C116355C
C116A6BD
C117188C
C1178AC9
C117FD72
C1187085
C118E402
C11957E7
C119CC34
C11A40E8
C11AB600
C11B2B7D
C11BA15E
C11C17A1
C11C8E46
C11D054B
C11D7CB1
C11DF476
C11E6C9A
C11EE51B
C11F5DFA
C11FD735
C12050CC
C120CABE
C121450B
C121BFB3
C1223AB3
C122B60D
C12331BF
C123ADC9
C1242A2B
C124A6E3
C12523F3
C125A158
C1261F13
C1269D23
C1271B89
C1279A42
C1281950
C12898B2
C1291866
C129986E
C12A18C8
C12A9975
C12B1A73
C12B9BC2
C12C1D63
C12C9F54
C12D2196
C12DA428
C12E2709
C12EAA39
C12F2DB9
C12FB187
C13035A2
C130BA0C
C1313EC3
C131C3C7
C1324918
C132CEB5
C133549D
C133DAD1
C1346150
C134E81A
C1356F2D
C135F68B
C1367E32
C1370621
C1378E59
C13816D9
C1389FA1
C13928AF
C139B205
C13A3BA0
C13AC581
C13B4FA7
C13BDA12
C13C64C1
C13CEFB3
C13D7AE9
C13E0661
C13E921C
C13F1E18
C13FAA55
C14036D3
C140C390
C141508D
C141DDC9
C1426B44
C142F8FB
C14386F1
C1441522
C144A390
C145323A
C145C11E
C146503C
C146DF94
C1476F26
C147FEF0
C1488EF1
C1491F2A
C149AF9A
C14A4040
C14AD11C
C14B622C
C14BF371
C14C84E9
C14D1695
C14DA873
C0E53E43
C0E57C77
C0E5BB24
C0E5FA53
C0E63A09
C0E67A4D
C0E6BB26
C0E6FC9A
C0E73EAF
C0E7816C
C0E7C4D7
C0E808F6
C0E84DD0
C0E89369
C0E8D9C8
C0E920F4
C0E968F1
C0E9B1C6
C0E9FB78
C0EA460E
C0EA918C
C0EADDF9
C0EB2B5A
C0EB79B4
C0EBC90E
C0EC196C
C0EC6AD4
C0ECBD4C
C0ED10D9
C0ED6580
C0EDBB46
C0EE1231
C0EE6A47
C0EEC38B
C0EF1E04
C0EF79B6
C0EFD6A6
C0F034D9
C0F09455
C0F0F51D
C0F15737
C0F1BAA7
C0F21F72
C0F2859C
C0F2ED2A
C0F3561F
C0F3C081
C0F42C53
C0F49998
C0F50856
C0F57890
C0F5EA49
C0F65D84
C0F6D246
C0F74891
C0F7C069
C0F839CF
C0F8B4C8
C0F93155
C0F9AF7A
C0FA2F37
C0FAB090
C0FB3386
C0FBB81B
C0FC3E50
C0FCC627
C0FD4FA1
C0FDDABE
C0FE6781
C0FEF5E8
C0FF85F4
C1000BD3
C100557F
C1009FFE
C100EB4E
C1013771
C1018466
C101D22B
C10220C1
C1027027
C102C05C
C103115E
C103632D
C103B5C9
C104092F
C1045D5E
C104B255
C1050813
C1055E96
C105B5DC
C1060DE4
C10666AC
C106C033
C1071A76
C1077574
C107D12A
C1082D97
C1088AB9
C108E88D
C1094712
C109A645
C10A0625
C10A66AE
C10AC7E0
C10B29B7
C10B8C32
C10BEF4F
C10C530B
C10CB763
C10D1C57
C10D81E3
C10DE806
C10E4EBD
C10EB606
C10F1DE0
C10F8647
C10FEF3B
C11058B9
C110C2BF
C1112D4B
C111985C
C11203EF
C1127002
C112DC94
C11349A3
C113B72E
C1142532
C11493AE
C11502A1
C1157209
C115E1E4
C1165231
C116C2EE
C117341B
C117A5B6
C11817BD
C1188A30
C118FD0D
C1197053
C119E401
C11A5816
C11ACC91
C11B4170
C11BB6B4
C11C2C5A
C11CA263
C11D18CC
C11D8F97
C11E06C0
C11E7E49
C11EF630
C11F6E74
C11FE715
C1206012
C120D96A
C121531D
C121CD2B
C1224792
C122C253
C1233D6C
C123B8DD
C12434A6
C124B0C7
C1252D3E
C125AA0B
C126272E
C126A4A6
C1272274
C127A096
C1281F0D
C1289DD7
C1291CF5
C1299C66
C12A1C2A
C12A9C40
C12B1CA8
C12B9D62
C12C1E6D
C12C9FCA
C12D2176
C12DA373
C12E25C0
C12EA85D
C12F2B49
C12FAE84
C130320D
C130B5E4
C1313A09
C131BE7C
C132433C
C132C848
C1334DA1
C133D345
C1345936
C134DF71
C13565F7
C135ECC7
C13673E2
C136FB46
C13782F3
C1380AE8
C1389326
C1391BAC
C139A479
C13A2D8D
C13AB6E7
C13B4087
C13BCA6D
C13C5498
C13CDF07
C13D69BA
C13DF4B1
C13E7FEB
C13F0B67
C13F9726
C1402326
C140AF66
C1413BE8
C141C8A9
C14255A9
C142E2E8
C1437066
C143FE21
C1448C19
C1451A4D
C145A8BE
C146376A
C146C651
C1475572
C147E4CD
C1487460
C149042D
C1499431
C14A246C
C14AB4DE
C14B4586
C14BD663
C14C6776
C14CF8BC
C14D8A37
C14E1BE4
C0E6712C
C0E6AF4D
C0E6EDE9
C0E72D05
C0E76CA8
C0E7ACDA
C0E7EDA0
C0E82F02
C0E87105
C0E8B3B0
C0E8F708
C0E93B15
C0E97FDB
C0E9C562
C0EA0BAF
C0EA52C8
C0EA9AB2
C0EAE374
C0EB2D13
C0EB7796
C0EBC301
C0EC0F5A
C0EC5CA7
C0ECAAEE
C0ECFA33
C0ED4A7D
C0ED9BD1
C0EDEE35
C0EE41AD
C0EE963F
C0EEEBF1
C0EF42C7
C0EF9AC6
C0EFF3F5
C0F04E58
C0F0A9F3
C0F106CD
C0F164EA
C0F1C44E
C0F224FF
C0F28701
C0F2EA59
C0F34F0B
C0F3B51D
C0F41C91
C0F4856E
C0F4EFB5
C0F55B6D
C0F5C898
C0F6373B
C0F6A759
C0F718F6
C0F78C16
C0F800BB
C0F876E9
C0F8EEA3
C0F967EB
C0F9E2C5
C0FA5F33
C0FADD38
C0FB5CD5
C0FBDE0D
C0FC60E2
C0FCE555
C0FD6B67
C0FDF31B
C0FE7C71
C0FF076B
C0FF9408
C1001125
C1005918
C100A1DD
C100EB75
C10135E0
C101811C
C101CD2A
C1021A09
C10267B9
C102B639
C1030588
C10355A5
C103A690
C103F848
C1044ACB
C1049E18
C104F22E
C105470C
C1059CB0
C105F318
C1064A44
C106A230
C106FADD
C1075447
C107AE6D
C108094D
C10864E6
C108C134
C1091E37
C1097BEC
C109DA51
C10A3963
C10A9922
C10AF98A
C10B5A99
C10BBC4E
C10C1EA6
C10C819E
C10CE536
C10D4969
C10DAE37
C10E139D
C10E7999
C10EE029
C10F474A
C10FAEFB
C110173A
C1108004
C110E958
C1115333
C111BD93
C1122878
C11293DE
C112FFC4
C1136C28
C113D909
C1144665
C114B439
C1152285
C1159147
C116007D
C1167026
C116E041
C11750CB
C117C1C4
C118332B
C118A4FD
C119173B
C11989E2
C119FCF1
C11A7068
C11AE445
C11B5888
C11BCD2F
C11C4239
C11CB7A6
C11D2D74
C11DA3A3
C11E1A32
C11E9120
C11F086D
C11F8017
C11FF81E
C1207081
C120E940
C121625B
C121DBCF
C122559E
C122CFC6
C1234A46
C123C51F
C1244050
C124BBD8
C12537B7
C125B3ED
C1263078
C126AD59
C1272A8F
C127A81A
C12825FA
C128A42D
C12922B4
C129A18F
C12A20BC
C12AA03C
C12B200E
C12BA032
C12C20A8
C12CA16F
C12D2286
C12DA3EF
C12E25A7
C12EA7AF
C12F2A07
C12FACAF
C1302FA5
C130B2E9
C131367C
C131BA5C
C1323E8B
C132C306
C13347CE
C133CCE2
C1345243
C134D7EF
C1355DE6
C135E428
C1366AB5
C136F18C
C13778AD
C1380017
C13887CA
C1390FC5
C1399809
C13A2094
C13AA966
C13B327F
C13BBBDE
C13C4583
C13CCF6E
C13D599D
C13DE411
C13E6EC8
C13EF9C3
C13F8501
C1401081
C1409C43
C1412847
C141B48B
C142410F
C142CDD4
C1435AD7
C143E81A
C144759A
C1450358
C1459153
C1461F8A
C146ADFE
C1473CAC
C147CB96
C1485AB9
C148EA16
C14979AC
C14A097B
C14A9981
C14B29BF
C14BBA33
C14C4ADD
C14CDBBC
C14D6CD0
C14DFE19
C14E8F95
C0E7A44D
C0E7E25C
C0E820E5
C0E85FEF
C0E89F81
C0E8DFA1
C0E92055
C0E961A5
C0E9A396
C0E9E62E
C0EA2975
C0EA6D6F
C0EAB224
C0EAF799
C0EB3DD3
C0EB84DA
C0EBCCB2
C0EC1561
C0EC5EEE
C0ECA95D
C0ECF4B5
C0ED40FC
C0ED8E36
C0EDDC69
C0EE2B9B
C0EE7BD2
C0EECD12
C0EF1F61
C0EF72C5
C0EFC743
C0F01CE0
C0F073A1
C0F0CB8C
C0F124A5
C0F17EF2
C0F1DA78
C0F2373C
C0F29542
C0F2F490
C0F3552A
C0F3B715
C0F41A55
C0F47EF0
C0F4E4E9
C0F54C45
C0F5B508
C0F61F37
C0F68AD5
C0F6F7E6
C0F7666E
C0F7D672
C0F847F4
C0F8BAF7
C0F92F80
C0F9A591
C0FA1D2E
C0FA9659
C0FB1115
C0FB8D65
C0FC0B4A
C0FC8AC8
C0FD0BE0
C0FD8E94
C0FE12E5
C0FE98D6
C0FF2067
C0FFA99A
C1001A38
C1006074
C100A783
C100EF63
C1013815
C101819A
C101CBF0
C1021718
C1026311
C102AFDC
C102FD76
C1034BE0
C1039B19
C103EB20
C1043BF4
C1048D94
C104E000
C1053335
C1058732
C105DBF7
C1063181
C10687CF
C106DEE0
C10736B2
C1078F43
C107E891
C108429A
C1089D5E
C108F8D9
C1095509
C109B1ED
C10A0F83
C10A6DC9
C10ACCBB
C10B2C59
C10B8CA0
C10BED8E
C10C4F20
C10CB155
C10D142A
C10D779D
C10DDBAC
C10E4055
C10EA595
C10F0B6B
C10F71D4
C10FD8CE
C1104057
C110A86D
C111110E
C1117A38
C111E3E8
C1124E1E
C112B8D7
C1132411
C1138FCA
C113FC01
C11468B4
C114D5E1
C1154386
C115B1A2
C1162034
C1168F39
C116FEB0
C1176E99
C117DEF0
C1184FB6
C118C0E9
C1193287
C119A48F
C11A1701
C11A89DA
C11AFD1B
C11B70C1
C11BE4CB
C11C593A
C11CCE0C
C11D433F
C11DB8D4
C11E2EC8
C11EA51C
C11F1BCF
C11F92E0
C1200A4E
C1208218
C120FA3F
C12172C0
C121EB9D
C12264D3
C122DE62
C123584B
C123D28C
C1244D25
C124C816
C125435D
C125BEFB
C1263AEF
C126B739
C12733D8
C127B0CC
C1282E15
C128ABB2
C12929A2
C129A7E6
C12A267D
C12AA567
C12B24A3
C12BA431
C12C2411
C12CA443
C12D24C5
C12DA599
C12E26BC
C12EA830
C12F29F4
C12FAC07
C1302E6A
C130B11B
C131341B
C131B769
C1323B05
C132BEEE
C1334325
C133C7A8
C1344C78
C134D194
C13556FC
C135DCAF
C13662AE
C136E8F7
C1376F8A
C137F668
C1387D8E
C13904FE
C1398CB7
C13A14B8
C13A9D01
C13B2591
C13BAE68
C13C3786
C13CC0EA
C13D4A94
C13DD482
C13E5EB6
C13EE92E
C13F73E9
C13FFEE8
C1408A2A
C14115AE
C141A173
C1422D7A
C142B9C2
C143464A
C143D311
C1446018
C144ED5D
C1457AE0
C14608A1
C146969F
C14724D9
C147B34F
C1484200
C148D0EC
C1496012
C149EF71
C14A7F09
C14B0EDA
C14B9EE2
C14C2F22
C14CBF98
C14D5044
C14DE125
C14E723B
C14F0386
C0E8D7A3
C0E915A1
C0E95419
C0E99311
C0E9D291
C0EA129F
C0EA5342
C0EA9480
C0EAD660
C0EB18E7
C0EB5C1C
C0EBA005
C0EBE4A8
C0EC2A0B
C0EC7033
C0ECB728
C0ECFEEE
C0ED478B
C0ED9106
C0EDDB63
C0EE26A9
C0EE72DC
C0EEC004
C0EF0E24
C0EF5D44
C0EFAD67
C0EFFE94
C0F050D0
C0F0A420
C0F0F88A
C0F14E12
C0F1A4BF
C0F1FC95
C0F2559A
C0F2AFD2
C0F30B43
C0F367F1
C0F3C5E1
C0F42519
C0F4859C
C0F4E770
C0F54A9A
C0F5AF1D
C0F614FE
C0F67C42
C0F6E4ED
C0F74F03
C0F7BA88
C0F82780
C0F895EE
C0F905D7
C0F9773E
C0F9EA27
C0FA5E94
C0FAD489
C0FB4C09
C0FBC517
C0FC3FB6
C0FCBBE7
C0FD39AE
C0FDB90D
C0FE3A05
C0FEBC99
C0FF40CA
C0FFC69A
C1002705
C1006B8D
C100B0E6
C100F711
C1013E0D
C10185DB
C101CE7A
C10217EB
C102622E
C102AD42
C102F927
C10345DD
C1039362
C103E1B7
C10430DA
C10480CB
C104D188
C1052312
C1057565
C105C883
C1061C68
C1067113
C106C684
C1071CB9
C10773B0
C107CB67
C10823DD
C1087D0F
C108D6FD
C10931A4
C1098D02
C109E915
C10A45DB
C10AA352
C10B0178
C10B604B
C10BBFC9
C10C1FEF
C10C80BC
C10CE22C
C10D443F
C10DA6F1
C10E0A41
C10E6E2C
C10ED2B0
C10F37CB
C10F9D7B
C11003BD
C1106A90
C110D1F2
C11139DF
C111A258
C1120B58
C11274DF
C112DEEA
C1134978
C113B486
C1142013
C1148C1D
C114F8A2
C11565A1
C115D317
C1164104
C116AF66
C1171E3B
C1178D81
C117FD38
C1186D5D
C118DDF0
C1194EF0
C119C05A
C11A322E
C11AA46A
C11B170E
C11B8A18
C11BFD87
C11C715B
C11CE592
C11D5A2B
C11DCF25
C11E4480
C11EBA3B
C11F3055
C11FA6CD
C1201DA2
C12094D4
C1210C63
C121844C
C121FC90
C122752F
C122EE27
C1236778
C123E122
C1245B24
C124D57D
C125502E
C125CB35
C1264692
C126C245
C1273E4E
C127BAAB
C128375D
C128B464
C12931BE
C129AF6C
C12A2D6D
C12AABC0
C12B2A67
C12BA95F
C12C28AA
C12CA846
C12D2833
C12DA871
C12E2900
C12EA9DF
C12F2B0F
C12FAC8E
C1302E5C
C130B07A
C13132E6
C131B5A1
C13238AB
C132BC02
C1333FA6
C133C398
C13447D7
C134CC62
C135513A
C135D65D
C1365BCC
C136E187
C137678C
C137EDDB
C1387475
C138FB58
C1398285
C13A09FA
C13A91B9
C13B19BF
C13BA20D
C13C2AA2
C13CB37E
C13D3CA1
C13DC609
C13E4FB7
C13ED9AA
C13F63E2
C13FEE5E
C140791D
C1410420
C1418F65
C1421AEC
C142A6B5
C14332C0
C143BF0A
C1444B95
C144D860
C145656A
C145F2B2
C1468038
C1470DFB
C1479BFC
C1482A38
C148B8B1
C1494764
C149D652
C14A657A
C14AF4DC
C14B8476
C14C1449
C14CA454
C14D3495
C14DC50D
C14E55BB
C14EE69E
C14F77B6
C0EA0B2E
C0EA491B
C0EA8781
C0EAC668
C0EB05D7
C0EB45D4
C0EB8666
C0EBC793
C0EC0962
C0EC4BD8
C0EC8EFC
C0ECD2D3
C0ED1765
C0ED5CB7
C0EDA2CE
C0EDE9B1
C0EE3165
C0EE79F1
C0EEC35A
C0EF0DA5
C0EF58D9
C0EFA4FB
C0EFF210
C0F0401E
C0F08F2A
C0F0DF3B
C0F13055
C0F1827E
C0F1D5BB
C0F22A11
C0F27F86
C0F2D61F
C0F32DE1
C0F386D1
C0F3E0F5
C0F43C50
C0F498E9
C0F4F6C4
C0F555E6
C0F5B654
C0F61812
C0F67B25
C0F6DF91
C0F7455B
C0F7AC88
C0F8151A
C0F87F18
C0F8EA84
C0F95763
C0F9C5B8
C0FA3587
C0FAA6D4
C0FB19A2
C0FB8DF4
C0FC03CE
C0FC7B32
C0FCF424
C0FD6EA5
C0FDEAB9
C0FE6863
C0FEE7A3
C0FF687C
C0FFEAF0
C1003781
C1007A58
C100BDFF
C1010277
C10147BF
C1018DD8
C101D4C2
C1021C7D
C102650A
C102AE69
C102F899
C1034399
C1038F6A
C103DC0B
C104297C
C10477BC
C104C6CA
C10516A5
C105674C
C105B8BE
C1060AFB
C1065E01
C106B1CE
C1070661
C1075BBA
C107B1D5
C10808B2
C108604F
C108B8AA
C10911C2
C1096B94
C109C61E
C10A2160
C10A7D55
C10AD9FE
C10B3757
C10B955F
C10BF412
C10C5370
C10CB376
C10D1422
C10D7571
C10DD762
C10E39F1
C10E9D1E
C10F00E5
C10F6545
C10FCA3C
C1102FC6
C11095E3
C110FC8F
C11163CA
C111CB90
C11233E0
C1129CB7
C1130615
C1136FF6
C113DA59
C114453C
C114B09D
C1151C7B
C11588D3
C115F5A4
C11662EC
C116D0AA
C1173EDD
C117AD81
C1181C97
C1188C1D
C118FC11
C1196C71
C119DD3E
C11A4E74
C11AC014
C11B321C
C11BA48A
C11C175F
C11C8A98
C11CFE34
C11D7234
C11DE695
C11E5B57
C11ED079
C11F45FB
C11FBBDB
C1203218
C120A8B2
C1211FA9
C12196FB
C1220EA8
C12286B0
C122FF11
C12377CC
C123F0DF
C1246A4A
C124E40D
C1255E27
C125D898
C126535F
C126CE7B
C12749EE
C127C5B5
C12841D1
C128BE41
C1293B06
C129B81D
C12A3589
C12AB347
C12B3157
C12BAFBA
C12C2E70
C12CAD76
C12D2CCE
C12DAC78
C12E2C72
C12EACBC
C12F2D57
C12FAE42
C1302F7C
C130B106
C13132DF
C131B506
C132377C
C132BA41
C1333D53
C133C0B3
C1344460
C134C85A
C1354CA0
C135D133
C1365612
C136DB3D
C13760B3
C137E673
C1386C7F
C138F2D5
C1397974
C13A005D
C13A8790
C13B0F0B
C13B96CE
C13C1EDA
C13CA72C
C13D2FC6
C13DB8A7
C13E41CE
C13ECB3B
C13F54ED
C13FDEE4
C1406920
C140F3A0
C1417E63
C1420969
C14294B2
C143203C
C143AC09
C1443816
C144C464
C14550F2
C145DDC0
C1466ACC
C146F817
C14785A0
C1481366
C148A169
C1492FA8
C149BE22
C14A4CD8
C14ADBC9
C14B6AF3
C14BFA57
C14C89F3
C14D19C8
C14DA9D4
C14E3A18
C14ECA91
C14F5B41
C14FEC26
C0EB3EEC
C0EB7CC7
C0EBBB1D
C0EBF9F4
C0EC3952
C0EC793E
C0ECB9C0
C0ECFADC
C0ED3C9A
C0ED7EFF
C0EDC212
C0EE05D9
C0EE4A5A
C0EE8F9A
C0EED5A1
C0EF1C73
C0EF6416
C0EFAC91
C0EFF5E8
C0F04022
C0F08B44
C0F0D754
C0F12457
C0F17253
C0F1C14E
C0F2114C
C0F26254
C0F2B46A
C0F30794
C0F35BD7
C0F3B139
C0F407BE
C0F45F6D
C0F4B849
C0F51258
C0F56DA0
C0F5CA24
C0F627EA
C0F686F7
C0F6E74F
C0F748F7
C0F7ABF4
C0F8104A
C0F875FD
C0F8DD12
C0F9458E
C0F9AF74
C0FA1AC8
C0FA878E
C0FAF5CA
C0FB6580
C0FBD6B3
C0FC4967
C0FCBD9F
C0FD335E
C0FDAAA6
C0FE237C
C0FE9DE1
C0FF19D9
C0FF9764
C1000B43
C1004BA1
C1008CCB
C100CEC4
C101118C
C1015522
C1019989
C101DEC0
C10224C8
C1026BA1
C102B34B
C102FBC5
C1034511
C1038F2E
C103DA1B
C10425D9
C1047266
C104BFC3
C1050DEE
C1055CE6
C105ACAC
C105FD3D
C1064E9A
C106A0C0
C106F3AE
C1074764
C1079BDF
C107F11F
C1084722
C1089DE5
C108F569
C1094DA9
C109A6A6
C10A005D
C10A5ACC
C10AB5F1
C10B11CA
C10B6E56
C10BCB91
C10C297A
C10C880F
C10CE74E
C10D4734
C10DA7BF
C10E08EE
C10E6ABD
C10ECD2A
C10F3035
C10F93D9
C10FF815
C1105CE7
C110C24D
C1112844
C1118ECB
C111F5DE
C1125D7D
C112C5A5
C1132E55
C1139789
C1140141
C1146B7A
C114D632
C1154168
C115AD19
C1161945
C11685E9
C116F304
C1176093
C117CE97
C1183D0C
C118ABF2
C1191B47
C1198B09
C119FB38
C11A6BD2
C11ADCD5
C11B4E42
C11BC015
C11C324F
C11CA4EE
C11D17F1
C11D8B58
C11DFF20
C11E734A
C11EE7D4
C11F5CBE
C11FD206
C12047AC
C120BDAF
C121340F
C121AACB
C12221E1
C1229953
C123111E
C1238942
C12401BF
C1247A94
C124F3C1
C1256D45
C125E720
C1266152
C126DBD9
C12756B6
C127D1E7
C1284D6E
C128C949
C1294577
C129C1FA
C12A3ED0
C12ABBF8
C12B3974
C12BB742
C12C3561
C12CB3D3
C12D3296
C12DB1AA
C12E3110
C12EB0C6
C12F30CC
C12FB122
C13031C9
C130B2BE
C1313403
C131B597
C132377A
C132B9AB
C1333C2B
C133BEF8
C1344213
C134C57B
C1354930
C135CD32
C1365180
C136D61A
C1375B00
C137E031
C13865AE
C138EB75
C1397187
C139F7E2
C13A7E88
C13B0577
C13B8CAE
C13C142E
C13C9BF7
C13D2407
C13DAC5F
C13E34FD
C13EBDE3
C13F470E
C13FD07F
C1405A35
C140E430
C1416E6F
C141F8F3
C14283B9
C1430EC3
C1439A0F
C144259D
C144B16D
C1453D7D
C145C9CE
C146565F
C146E32F
C147703E
C147FD8C
C1488B17
C14918E0
C149A6E5
C14A3527
C14AC3A4
C14B525C
C14BE14E
C14C707B
C14CFFE0
C14D8F7F
C14E1F55
C14EAF64
C14F3FA9
C14FD024
C15060D6
C0EC72DB
C0ECB0A6
C0ECEEEB
C0ED2DB2
C0ED6D00
C0EDACDC
C0EDED4D
C0EE2E59
C0EE7006
C0EEB25B
C0EEF55E
C0EF3914
C0EF7D85
C0EFC2B5
C0F008AB
C0F04F6C
C0F096FF
C0F0DF68
C0F128AF
C0F172D8
C0F1BDE9
C0F209E7
C0F256D9
C0F2A4C4
C0F2F3AC
C0F34399
C0F3948E
C0F3E692
C0F439AA
C0F48DDA
C0F4E329
C0F5399C
C0F59137
C0F5EA00
C0F643FB
C0F69F2F
C0F6FB9F
C0F75950
C0F7B848
C0F8188B
C0F87A1E
C0F8DD05
C0F94145
C0F9A6E2
C0FA0DE1
C0FA7646
C0FAE014
C0FB4B51
C0FBB7FF
C0FC2623
C0FC95C0
C0FD06DA
C0FD7974
C0FDED92
C0FE6336
C0FEDA64
C0FF531F
C0FFCD68
C10024A2
C1006359
C100A2DB
C100E32A
C1012446
C101662F
C101A8E6
C101EC6D
C10230C4
C10275EA
C102BBE1
C10302A9
C1034A41
C10392AA
C103DBE4
C10425EE
C10470C8
C104BC73
C10508EC
C1055635
C105A44C
C105F330
C10642E0
C106935C
C106E4A2
C10736B2
C107898A
C107DD28
C108318C
C10886B4
C108DC9E
C1093349
C1098AB3
C109E2DA
C10A3BBC
C10A9558
C10AEFAC
C10B4AB5
C10BA672
C10C02E1
C10C5FFF
C10CBDCA
C10D1C41
C10D7B61
C10DDB28
C10E3B93
C10E9CA1
C10EFE4F
C10F609B
C10FC383
C1102705
C1108B1E
C110EFCC
C111550D
C111BAE0
C1122141
C112882E
C112EFA7
C11357A7
C113C02F
C114293B
C11492C9
C114FCD8
C1156766
C115D271
C1163DF8
C116A9F7
C117166F
C117835C
C117F0BE
C1185E93
C118CCD9
C1193B8F
C119AAB4
C11A1A46
C11A8A43
C11AFAAB
C11B6B7C
C11BDCB5
C11C4E55
C11CC05B
C11D32C5
C11DA593
C11E18C3
C11E8C55
C11F0048
C11F749A
C11FE94C
C1205E5B
C120D3C9
C1214992
C121BFB8
C1223639
C122AD14
C123244A
C1239BD9
C12413C0
C1248C00
C1250498
C1257D87
C125F6CD
C1267069
C126EA5C
C12764A3
C127DF40
C1285A32
C128D577
C1295111
C129CCFF
C12A4940
C12AC5D3
C12B42BA
C12BBFF3
C12C3D7E
C12CBB5B
C12D3989
C12DB809
C12E36DA
C12EB5FB
C12F356D
C12FB52F
C1303541
C130B5A3
C1313654
C131B754
C13238A3
C132BA41
C1333C2E
C133BE68
C13440F0
C134C3C6
C13546E9
C135CA59
C1364E16
C136D21F
C1375675
C137DB16
C1386003
C138E53B
C1396ABD
C139F08B
C13A76A2
C13AFD04
C13B83AF
C13C0AA3
C13C91DF
C13D1965
C13DA132
C13E2947
C13EB1A3
C13F3A46
C13FC330
C1404C5F
C140D5D4
C1415F8E
C141E98D
C14273D0
C142FE57
C1438921
C144142E
C1449F7D
C1452B0E
C145B6E1
C14642F4
C146CF48
C1475BDC
C147E8AF
C14875C0
C1490310
C149909E
C14A1E69
C14AAC71
C14B3AB4
C14BC933
C14C57EE
C14CE6E2
C14D7611
C14E0578
C14E9519
C14F24F1
C14FB501
C1504548
C150D5C5
C0EDA6F9
C0EDE4B5
C0EE22EA
C0EE61A0
C0EEA0DE
C0EEE0AB
C0EF210C
C0EF6208
C0EFA3A6
C0EFE5EB
C0F028DD
C0F06C84
C0F0B0E4
C0F0F604
C0F13BEA
C0F1829B
C0F1CA1D
C0F21277
C0F25BAC
C0F2A5C5
C0F2F0C5
C0F33CB3
C0F38993
C0F3D76D
C0F42644
C0F4761F
C0F4C703
C0F518F5
C0F56BFA
C0F5C019
C0F61556
C0F66BB5
C0F6C33E
C0F71BF3
C0F775DC
C0F7D0FB
C0F82D58
C0F88AF5
C0F8E9D9
C0F94A07
C0F9AB85
C0FA0E57
C0FA7282
C0FAD809
C0FB3EF2
C0FBA740
C0FC10F8
C0FC7C1D
C0FCE8B4
C0FD56C0
C0FDC645
C0FE3746
C0FEA9C7
C0FF1DCC
C0FF9356
C1000535
C1004185
C1007E9C
C100BC7B
C100FB25
C1013A99
C1017AD9
C101BBE5
C101FDBF
C1024068
C10283DF
C102C825
C1030D3B
C1035322
C10399D8
C103E15F
C10429B7
C10472DF
C104BCD7
C105079F
C1055336
C1059F9D
C105ECD2
C1063AD4
C10689A4
C106D93F
C10729A6
C1077AD7
C107CCD1
C1081F92
C108731A
C108C767
C1091C77
C1097249
C109C8DB
C10A202C
C10A783A
C10AD102
C10B2A84
C10B84BD
C10BDFAB
C10C3B4C
C10C979E
C10CF49F
C10D524D
C10DB0A6
C10E0FA8
C10E6F50
C10ECF9B
C10F3089
C10F9217
C10FF442
C1105708
C110BA68
C1111E5E
C11182E9
C111E806
C1124DB4
C112B3F0
C1131AB8
C113820A
C113E9E4
C1145244
C114BB28
C115248E
C1158E74
C115F8D9
C11663B9
C116CF15
C1173AE9
C117A734
C11813F5
C1188129
C118EED0
C1195CE8
C119CB6F
C11A3A64
C11AA9C5
C11B1992
C11B89C8
C11BFA67
C11C6B6E
C11CDCDB
C11D4EAC
C11DC0E2
C11E337B
C11EA676
C11F19D2
C11F8D8E
C12001A9
C1207623
C120EAFB
C121602F
C121D5BF
C1224BAB
C122C1F2
C1233893
C123AF8D
C12426E0
C1249E8C
C125168F
C1258EEA
C126079B
C12680A3
C126FA01
C12773B4
C127EDBD
C128681A
C128E2CB
C1295DD1
C129D92A
C12A54D7
C12AD0D6
C12B4D28
C12BC9CD
C12C46C3
C12CC40C
C12D41A6
C12DBF91
C12E3DCE
C12EBC5B
C12F3B39
C12FBA67
C13039E5
C130B9B2
C13139D0
C131BA3C
C1323AF8
C132BC03
C1333D5C
C133BF03
C13440F8
C134C33C
C13545CC
C135C8AA
C1364BD5
C136CF4D
C1375311
C137D722
C1385B7E
C138E026
C1396519
C139EA57
C13A6FE0
C13AF5B3
C13B7BD1
C13C0238
C13C88E8
C13D0FE1
C13D9723
C13E1EAD
C13EA67F
C13F2E98
C13FB6F9
C1403FA0
C140C88D
C14151C1
C141DB3A
C14264F7
C142EEFA
C1437940
C14403CB
C1448E98
C14519A8
C145A4FA
C146308F
C146BC64
C147487A
C147D4D1
C1486167
C148EE3D
C1497B51
C14A08A3
C14A9633
C14B2401
C14BB20A
C14C4050
C14CCED2
C14D5D8E
C14DEC84
C14E7BB5
C14F0B1E
C14F9AC0
C1502A9B
C150BAAC
C1514AF5
C0EEDB46
C0EF18F2
C0EF5718
C0EF95BF
C0EFD4ED
C0F014AA
C0F054FC
C0F095E8
C0F0D776
C0F119AC
C0F15C8F
C0F1A026
C0F1E477
C0F22987
C0F26F5D
C0F2B5FE
C0F2FD71
C0F345BA
C0F38EDF
C0F3D8E7
C0F423D7
C0F46FB4
C0F4BC85
C0F50A4D
C0F55914
C0F5A8DD
C0F5F9B0
C0F64B91
C0F69E85
C0F6F291
C0F747BC
C0F79E09
C0F7F57F
C0F84E22
C0F8A7F8
C0F90305
C0F95F4D
C0F9BCD7
C0FA1BA7
C0FA7BC2
C0FADD2B
C0FB3FE8
C0FBA3FE
C0FC0970
C0FC7043
C0FCD87B
C0FD421D
C0FDAD2B
C0FE19AB
C0FE87A0
C0FEF70D
C0FF67F6
C0FFDA5F
C1002725
C10061DD
C1009D5A
C100D99D
C10116A7
C1015479
C1019314
C101D27A
C10212AC
C10253AA
C1029575
C102D80E
C1031B76
C1035FAD
C103A4B3
C103EA89
C104312F
C10478A5
C104C0EB
C1050A02
C10553E8
C1059E9E
C105EA22
C1063676
C1068398
C106D187
C1072042
C1076FCA
C107C01C
C1081137
C108631B
C108B5C7
C1090938
C1095D6E
C109B267
C10A0821
C10A5E9B
C10AB5D4
C10B0DC8
C10B6677
C10BBFDF
C10C19FD
C10C74D0
C10CD056
C10D2C8D
C10D8971
C10DE703
C10E453E
C10EA422
C10F03AB
C10F63D8
C10FC4A6
C1102614
C110881E
C110EAC3
C1114E01
C111B1D5
C112163D
C1127B37
C112E0C1
C11346D8
C113AD7B
C11414A8
C1147C5B
C114E494
C1154D51
C115B68F
C116204C
C1168A87
C116F53E
C117606F
C117CC18
C1183838
C118A4CC
C11911D4
C1197F4E
C119ED37
C11A5B90
C11ACA55
C11B3987
C11BA923
C11C1929
C11C8996
C11CFA6A
C11D6BA4
C11DDD43
C11E4F45
C11EC1A9
C11F346F
C11FA796
C1201B1C
C1208F00
C1210343
C12177E2
C121ECDF
C1226236
C122D7E9
C1234DF5
C123C45C
C1243B1B
C124B233
C12529A3
C125A16A
C1261988
C12691FC
C1270AC7
C12783E6
C127FD5B
C1287725
C128F143
C1296BB4
C129E67A
C12A6193
C12ADCFE
C12B58BD
C12BD4CD
C12C5130
C12CCDE5
C12D4AEB
C12DC842
C12E45EB
C12EC3E4
C12F422E
C12FC0C8
C1303FB2
C130BEEC
C1313E76
C131BE4F
C1323E77
C132BEEE
C1333FB4
C133C0C8
C134422B
C134C3DB
C13545D9
C135C825
C1364ABE
C136CDA4
C13750D6
C137D456
C1385821
C138DC38
C139609B
C139E54A
C13A6A43
C13AEF87
C13B7516
C13BFAEF
C13C8111
C13D077D
C13D8E33
C13E1531
C13E9C77
C13F2406
C13FABDD
C14033FA
C140BC5F
C141450A
C141CDFC
C1425733
C142E0AF
C1436A71
C143F477
C1447EC0
C145094E
C145941E
C1461F32
C146AA87
C147361E
C147C1F6
C1484E0F
C148DA68
C1496701
C149F3D9
C14A80F0
C14B0E44
C14B9BD7
C14C29A6
C14CB7B2
C14D45FA
C14DD47D
C14E633B
C14EF234
C14F8166
C15010D1
C150A075
C1513051
C151C065
C0F00FC0
C0F04D5D
C0F08B74
C0F0CA0B
C0F1092B
C0F148D9
C0F1891B
C0F1C9F9
C0F20B77
C0F24D9E
C0F29072
C0F2D3FA
C0F3183B
C0F35D3C
C0F3A302
C0F3E994
C0F430F7
C0F47930
C0F4C246
C0F50C3E
C0F5571E
C0F5A2EB
C0F5EFAB
C0F63D63
C0F68C19
C0F6DBD2
C0F72C94
C0F77E64
C0F7D146
C0F82542
C0F87A5B
C0F8D096
C0F927FA
C0F9808B
C0F9DA4E
C0FA3548
C0FA917E
C0FAEEF5
C0FB4DB1
C0FBADB8
C0FC0F0D
C0FC71B6
C0FCD5B7
C0FD3B15
C0FDA1D3
C0FE09F5
C0FE7381
C0FEDE79
C0FF4AE2
C0FFB8C0
C100140B
C1004C74
C100859C
C100BF85
C100FA31
C10135A2
C10171D7
C101AED4
C101EC99
C1022B27
C1026A7F
C102AAA2
C102EB92
C1032D4F
C1036FD9
C103B332
C103F759
C1043C50
C1048216
C104C8AB
C1051011
C1055846
C105A14B
C105EB20
C10635C4
C1068136
C106CD77
C1071A86
C1076862
C107B70A
C108067D
C10856BB
C108A7C2
C108F990
C1094C26
C1099F82
C109F3A1
C10A4883
C10A9E26
C10AF489
C10B4BA9
C10BA385
C10BFC1B
C10C5569
C10CAF6D
C10D0A26
C10D6590
C10DC1AB
C10E1E74
C10E7BE9
C10EDA07
C10F38CD
C10F9838
C10FF847
C11058F6
C110BA44
C1111C2E
C1117EB3
C111E1CF
C1124581
C112A9C7
C1130E9E
C1137404
C113D9F8
C1144076
C114A77D
C1150F0B
C115771E
C115DFB3
C11648CA
C116B25F
C1171C71
C11786FF
C117F206
C1185D84
C118C979
C11935E2
C119A2BD
C11A100A
C11A7DC6
C11AEBF0
C11B5A87
C11BC98A
C11C38F6
C11CA8CB
C11D1907
C11D89AA
C11DFAB2
C11E6C1D
C11EDDEC
C11F501C
C11FC2AE
C120359F
C120A8EF
C1211C9E
C12190A9
C1220512
C12279D6
C122EEF5
C123646F
C123DA42
C124506F
C124C6F4
C1253DD1
C125B505
C1262C90
C126A472
C1271CA9
C1279536
C1280E18
C128874F
C12900DA
C1297AB9
C129F4EB
C12A6F71
C12AEA4A
C12B6575
C12BE0F3
C12C5CC2
C12CD8E3
C12D5556
C12DD21A
C12E4F2F
C12ECC95
C12F4A4B
C12FC852
C13046A9
C130C54F
C1314445
C131C38B
C1324320
C132C304
C1334336
C133C3B7
C1344487
C134C5A4
C1354710
C135C8C9
C1364AD0
C136CD23
C1374FC4
C137D2B2
C13855EC
C138D972
C1395D44
C139E162
C13A65CB
C13AEA80
C13B6F7F
C13BF4C9
C13C7A5D
C13D003C
C13D8663
C13E0CD5
C13E938F
C13F1A92
C13FA1DD
C1402970
C140B14B
C141396C
C141C1D5
C1424A84
C142D379
C1435CB4
C143E634
C1446FF9
C144FA02
C145844F
C1460EE0
C14699B3
C14724CA
C147B022
C1483BBB
C148C796
C14953B2
C149E00E
C14A6CA9
C14AF983
C14B869C
C14C13F3
C14CA188
C14D2F59
C14DBD67
C14E4BB1
C14EDA36
C14F68F6
C14FF7F0
C1508724
C1511692
C151A637
C1523615
C0F14466
C0F181F4
C0F1BFFC
C0F1FE85
C0F23D95
C0F27D34
C0F2BD68
C0F2FE37
C0F33FA7
C0F381BF
C0F3C484
C0F407FD
C0F44C2F
C0F49121
C0F4D6D9
C0F51D5B
C0F564AF
C0F5ACD9
C0F5F5DF
C0F63FC8
C0F68A98
C0F6D655
C0F72305
C0F770AE
C0F7BF53
C0F80EFC
C0F85FAD
C0F8B16C
C0F9043E
C0F95829
C0F9AD30
C0FA035B
C0FA5AAD
C0FAB32C
C0FB0CDD
C0FB67C5
C0FBC3E8
C0FC214C
C0FC7FF6
C0FCDFE9
C0FD412B
C0FDA3C0
C0FE07AD
C0FE6CF6
C0FED39F
C0FF3BAC
C0FFA523
C1000803
C1003E2C
C1007510
C100ACAF
C100E50D
C1011E29
C1015806
C10192A6
C101CE0A
C1020A33
C1024723
C10284DB
C102C35B
C10302A6
C10342BC
C103839D
C103C54C
C10407C7
C1044B11
C1048F29
C104D410
C10519C7
C105604D
C105A7A2
C105EFC7
C10638BB
C106827E
C106CD10
C1071871
C10764A0
C107B19C
C107FF65
C1084DF9
C1089D59
C108ED82
C1093E75
C109902F
C109E2B0
C10A35F5
C10A89FF
C10ADECA
C10B3456
C10B8AA1
C10BE1AA
C10C396D
C10C91EB
C10CEB20
C10D450A
C10D9FA9
C10DFAF9
C10E56F9
C10EB3A6
C10F10FF
C10F6F01
C10FCDAA
C1102CF7
C1108CE8
C110ED78
C1114EA7
C111B071
C11212D6
C11275D1
C112D962
C1133D86
C113A23B
C114077E
C1146D4E
C114D3A8
C1153A8A
C115A1F3
C11609E0
C116724F
C116DB3E
C11744AC
C117AE96
C11818FA
C11883D8
C118EF2C
C1195AF6
C119C734
C11A33E3
C11AA104
C11B0E93
C11B7C90
C11BEAF8
C11C59CC
C11CC909
C11D38AE
C11DA8BA
C11E192B
C11E8A01
C11EFB3A
C11F6CD6
C11FDED3
C1205130
C120C3ED
C1213708
C121AA81
C1221E56
C1229288
C1230715
C1237BFC
C123F13D
C12466D7
C124DCCA
C1255315
C125C9B8
C12640B1
C126B801
C1272FA6
C127A7A2
C1281FF2
C1289896
C129118F
C1298ADC
C12A047C
C12A7E70
C12AF8B6
C12B734F
C12BEE3A
C12C6977
C12CE506
C12D60E6
C12DDD17
C12E5999
C12ED66C
C12F538F
C12FD103
C1304EC6
C130CCDA
C1314B3D
C131C9EF
C13248F1
C132C842
C13347E1
C133C7CF
C134480C
C134C897
C1354970
C135CA96
C1364C0A
C136CDCC
C1374FDA
C137D236
C13854DE
C138D7D3
C1395B14
C139DEA1
C13A627A
C13AE69E
C13B6B0E
C13BEFC8
C13C74CD
C13CFA1D
C13D7FB6
C13E059A
C13E8BC6
C13F123C
C13F98FB
C1402003
C140A752
C1412EE9
C141B6C8
C1423EEE
C142C75B
C143500E
C143D906
C1446245
C144EBC8
C1457590
C145FF9C
C14689ED
C1471480
C1479F57
C1482A6F
C148B5CA
C1494167
C149CD44
C14A5962
C14AE5C0
C14B725E
C14BFF3A
C14C8C56
C14D19AF
C14DA745
C14E3519
C14EC329
C14F5175
C14FDFFC
C1506EBD
C150FDB9
C1518CEF
C1521C5E
C152AC05
C0F27936
C0F2B6B6
C0F2F4AF
C0F3332A
C0F3722C
C0F3B1BD
C0F3F1E2
C0F432A2
C0F47404
C0F4B60D
C0F4F8C4
C0F53C2E
C0F58052
C0F5C536
C0F60ADE
C0F65152
C0F69897
C0F6E0B2
C0F729A9
C0F77383
C0F7BE44
C0F809F2
C0F85692
C0F8A42B
C0F8F2C1
C0F94259
C0F992FB
C0F9E4A9
C0FA376B
C0FA8B44
C0FAE03B
C0FB3655
C0FB8D96
C0FBE604
C0FC3FA3
C0FC9A79
C0FCF68A
C0FD53DC
C0FDB272
C0FE1253
C0FE7382
C0FED604
C0FF39DD
C0FF9F11
C10002D3
C10036D0
C1006B80
C100A0E7
C100D706
C1010DDE
C1014573
C1017DC5
C101B6D5
C101F0A7
C1022B3B
C1026693
C102A2AF
C102DF93
C1031D3D
C1035BB1
C1039AEE
C103DAF7
C1041BCA
C1045D6B
C1049FD8
C104E313
C105271D
C1056BF5
C105B19C
C105F812
C1063F57
C106876C
C106D04F
C1071A02
C1076483
C107AFD2
C107FBEE
C10848D8
C108968E
C108E510
C109345C
C1098472
C109D551
C10A26F6
C10A7962
C10ACC92
C10B2086
C10B753B
C10BCAB1
C10C20E5
C10C77D6
C10CCF82
C10D27E7
C10D8103
C10DDAD4
C10E3559
C10E908F
C10EEC74
C10F4907
C10FA644
C1100429
C11062B6
C110C1E6
C11121B9
C111822B
C111E33B
C11244E7
C112A72B
C1130A06
C1136D76
C113D179
C114360B
C1149B2C
C11500D9
C115670F
C115CDCD
C1163511
C1169CD9
C1170522
C1176DEA
C117D731
C11840F3
C118AB2F
C11915E4
C119810F
C119ECAF
C11A58C2
C11AC546
C11B323A
C11B9F9D
C11C0D6D
C11C7BA8
C11CEA4D
C11D595B
C11DC8D1
C11E38AC
C11EA8ED
C11F1992
C11F8A99
C11FFC03
C1206DCC
C120DFF6
C121527F
C121C565
C12238A9
C122AC48
C1232043
C1239499
C1240949
C1247E52
C124F3B4
C125696E
C125DF7F
C12655E8
C126CCA6
C12743BB
C127BB25
C12832E4
C128AAF8
C1292360
C1299C1B
C12A152A
C12A8E8C
C12B0841
C12B8248
C12BFCA1
C12C774C
C12CF249
C12D6D97
C12DE936
C12E6526
C12EE167
C12F5DF8
C12FDAD9
C130580A
C130D58B
C131535B
C131D17B
C1324FEA
C132CEA8
C1334DB4
C133CD10
C1344CB9
C134CCB2
C1354CF8
C135CD8C
C1364E6D
C136CF9C
C1375119
C137D2E2
C13854F9
C138D75C
C1395A0C
C139DD07
C13A604F
C13AE3E3
C13B67C2
C13BEBEC
C13C7061
C13CF521
C13D7A2C
C13DFF81
C13E851F
C13F0B08
C13F9139
C14017B4
C1409E77
C1412583
C141ACD7
C1423472
C142BC55
C143447F
C143CCEF
C14455A5
C144DEA2
C14567E3
C145F16A
C1467B35
C1470544
C1478F98
C1481A2E
C148A507
C1493023
C149BB80
C14A471F
C14AD2FF
C14B5F1F
C14BEB80
C14C7820
C14D04FE
C14D921C
C14E1F77
C14EAD0F
C14F3AE5
C14FC8F7
C1505744
C150E5CD
C1517491
C152038E
C15292C6
C1532236
C0F3AE30
C0F3EBA1
C0F4298C
C0F467F9
C0F4A6ED
C0F4E670
C0F52687
C0F56739
C0F5A88D
C0F5EA88
C0F62D31
C0F6708D
C0F6B4A3
C0F6F978
C0F73F12
C0F78577
C0F7CCAD
C0F814BA
C0F85DA3
C0F8A76E
C0F8F220
C0F93DBE
C0F98A50
C0F9D7D9
C0FA2660
C0FA75E9
C0FAC67A
C0FB1819
C0FB6ACA
C0FBBE94
C0FC137A
C0FC6983
C0FCC0B3
C0FD1910
C0FD729E
C0FDCD62
C0FE2962
C0FE86A2
C0FEE526
C0FF44F4
C0FFA610
C1000440
C1003622
C10068B3
C1009BF4
C100CFE6
C101048C
C10139E9
C1016FFD
C101A6CB
C101DE54
C102169B
C1024FA0
C1028967
C102C3EF
C102FF3A
C1033B4B
C1037822
C103B5C0
C103F427
C1043357
C1047352
C104B419
C104F5AB
C105380B
C1057B38
C105BF32
C10603FC
C1064993
C1068FFA
C106D730
C1071F34
C1076807
C107B1A9
C107FC19
C1084757
C1089362
C108E03A
C1092DDE
C1097C4D
C109CB86
C10A1B89
C10A6C53
C10ABDE5
C10B103C
C10B6357
C10BB736
C10C0BD5
C10C6135
C10CB752
C10D0E2C
C10D65C1
C10DBE0E
C10E1712
C10E70CA
C10ECB36
C10F2652
C10F821D
C10FDE94
C1103BB6
C1109980
C110F7F0
C1115704
C111B6BA
C112170E
C1127800
C112D98D
C1133BB2
C1139E6D
C11401BD
C114659E
C114CA0F
C1152F0E
C1159498
C115FAAB
C1166146
C116C865
C1173008
C117982B
C11800CE
C11869EE
C118D389
C1193D9D
C119A829
C11A132B
C11A7EA2
C11AEA8A
C11B56E4
C11BC3AD
C11C30E3
C11C9E87
C11D0C94
C11D7B0C
C11DE9EC
C11E5932
C11EC8DE
C11F38EF
C11FA963
C1201A39
C1208B70
C120FD08
C1216EFE
C121E153
C1225405
C122C714
C1233A7E
C123AE44
C1242263
C12496DC
C1250BAE
C12580D7
C125F659
C1266C31
C126E260
C12758E4
C127CFBE
C12846ED
C128BE70
C1293648
C129AE73
C12A26F2
C12A9FC3
C12B18E7
C12B925D
C12C0C26
C12C8640
C12D00AC
C12D7B68
C12DF676
C12E71D4
C12EED83
C12F6982
C12FE5D2
C1306271
C130DF60
C1315C9E
C131DA2B
C1325808
C132D633
C13354AE
C133D377
C134528E
C134D1F4
C13551A7
C135D1A9
C13651F8
C136D295
C137537F
C137D4B7
C138563B
C138D80D
C1395A2A
C139DC95
C13A5F4B
C13AE24E
C13B659C
C13BE936
C13C6D1B
C13CF14B
C13D75C6
C13DFA8B
C13E7F9B
C13F04F5
C13F8A99
C1401086
C14096BC
C1411D3B
C141A403
C1422B13
C142B26A
C1433A0A
C143C1F0
C1444A1D
C144D291
C1455B4B
C145E44B
C1466D8F
C146F719
C14780E7
C1480AFA
C1489550
C1491FE9
C149AAC5
C14A35E3
C14AC143
C14B4CE4
C14BD8C7
C14C64E9
C14CF14C
C14D7DEE
C14E0ACF
C14E97EE
C14F254B
C14FB2E6
C15040BD
C150CED0
C1515D20
C151EBAA
C1527A70
C153096F
C15398A8
C0F4E351
C0F520B4
C0F55E92
C0F59CF1
C0F5DBD7
C0F61B4C
C0F65B56
C0F69BFB
C0F6DD41
C0F71F2E
C0F761C9
C0F7A517
C0F7E91F
C0F82DE6
C0F87372
C0F8B9CA
C0F900F2
C0F948F0
C0F991CB
C0F9DB87
C0FA262A
C0FA71BA
C0FABE3D
C0FB0BB7
C0FB5A2F
C0FBA9A9
C0FBFA2B
C0FC4BBA
C0FC9E5C
C0FCF215
C0FD46EC
C0FD9CE4
C0FDF404
C0FE4C50
C0FEA5CD
C0FF0080
C0FF5C6F
C0FFB99D
C1000C08
C1003BE6
C1006C6B
C1009D99
C100CF72
C10101F9
C1013530
C1016919
C1019DB5
C101D307
C1020911
C1023FD4
C1027753
C102AF8F
C102E889
C1032244
C1035CC1
C1039801
C103D405
C10410D0
C1044E62
C1048CBC
C104CBE0
C1050BCE
C1054C87
C1058E0C
C105D05E
C106137D
C1065769
C1069C24
C106E1AD
C1072804
C1076F2B
C107B71F
C107FFE3
C1084974
C10893D4
C108DF01
C1092AFA
C10977C1
C109C553
C10A13AF
C10A62D6
C10AB2C5
C10B037C
C10B54FA
C10BA73D
C10BFA44
C10C4E0D
C10CA298
C10CF7E1
C10D4DE9
C10DA4AC
C10DFC29
C10E545F
C10EAD4B
C10F06EB
C10F613E
C10FBC40
C11017F2
C110744F
C110D156
C1112F05
C1118D59
C111EC51
C1124BE9
C112AC21
C1130CF5
C1136E63
C113D069
C1143305
C1149635
C114F9F6
C1155E46
C115C323
C116288B
C1168E7B
C116F4F2
C1175BEE
C117C36C
C1182B6B
C11893E8
C118FCE1
C1196656
C119D043
C11A3AA7
C11AA581
C11B10CE
C11B7C8D
C11BE8BC
C11C555A
C11CC265
C11D2FDC
C11D9DBD
C11E0C07
C11E7AB9
C11EE9D1
C11F594E
C11FC92F
C1203973
C120AA18
C1211B1E
C1218C84
C121FE48
C122706A
C122E2E8
C12355C2
C123C8F8
C1243C88
C124B071
C12524B3
C125994E
C1260E40
C1268389
C126F929
C1276F1E
C127E569
C1285C09
C128D2FD
C1294A45
C129C1E1
C12A39D0
C12AB212
C12B2AA6
C12BA38D
C12C1CC5
C12C964F
C12D102A
C12D8A57
C12E04D4
C12E7FA2
C12EFAC0
C12F762E
C12FF1EC
C1306DFA
C130EA57
C1316704
C131E3FF
C132614A
C132DEE4
C1335CCC
C133DB03
C1345989
C134D85C
C135577E
C135D6ED
C13656AA
C136D6B5
C137570D
C137D7B2
C13858A5
C138D9E4
C1395B70
C139DD49
C13A5F6E
C13AE1DF
C13B649C
C13BE7A5
C13C6AFA
C13CEE99
C13D7284
C13DF6BA
C13E7B3A
C13F0005
C13F851A
C1400A79
C1409021
C1411613
C1419C4D
C14222D1
C142A99D
C14330B0
C143B80C
C1443FAF
C144C799
C1454FCA
C145D841
C14660FE
C146EA01
C1477349
C147FCD6
C14886A7
C14910BC
C1499B15
C14A25B0
C14AB08F
C14B3BAF
C14BC712
C14C52B5
C14CDE9A
C14D6ABF
C14DF724
C14E83C8
C14F10AA
C14F9DCC
C1502B2B
C150B8C7
C15146A0
C151D4B5
C1526307
C152F193
C153805A
C1540F5A
C0F61899
C0F655EF
C0F693BF
C0F6D211
C0F710EA
C0F75052
C0F7904E
C0F7D0E5
C0F8121E
C0F853FE
C0F8968B
C0F8D9CC
C0F91DC6
C0F96280
C0F9A7FE
C0F9EE48
C0FA3562
C0FA7D53
C0FAC61F
C0FB0FCD
C0FB5A62
C0FBA5E4
C0FBF258
C0FC3FC4
C0FC8E2D
C0FCDD98
C0FD2E0B
C0FD7F8B
C0FDD21D
C0FE25C7
C0FE7A8E
C0FED077
C0FF2786
C0FF7FC2
C0FFD92F
C10019E9
C10047D7
C1007666
C100A596
C100D56C
C10105E8
C101370D
C10168DD
C1019B5A
C101CE88
C1020266
C10236F9
C1026C41
C102A241
C102D8FA
C103106E
C103489F
C103818F
C103BB3F
C103F5B0
C10430E5
C1046CDE
C104A99D
C104E722
C1052570
C1056488
C105A469
C105E515
C106268D
C10668D1
C106ABE2
C106EFC1
C107346D
C10779E7
C107C030
C1080747
C1084F2D
C10897E0
C108E162
C1092BB1
C10976CD
C109C2B6
C10A0F6B
C10A5CEB
C10AAB36
C10AFA4A
C10B4A27
C10B9ACB
C10BEC35
C10C3E64
C10C9157
C10CE50C
C10D3981
C10D8EB5
C10DE4A7
C10E3B54
C10E92BA
C10EEAD9
C10F43AD
C10F9D35
C10FF770
C110525A
C110ADF1
C1110A35
C1116721
C111C4B5
C11222EE
C11281CA
C112E146
C1134161
C113A217
C1140368
C1146550
C114C7CD
C1152ADD
C1158E7E
C115F2AD
C1165769
C116BCAF
C117227E
C11788D2
C117EFAA
C1185705
C118BEDF
C1192737
C119900B
C119F959
C11A631F
C11ACD5C
C11B380D
C11BA332
C11C0EC8
C11C7ACD
C11CE741
C11D5421
C11DC16C
C11E2F21
C11E9D3F
C11F0BC3
C11F7AAD
C11FE9FC
C12059AE
C120C9C2
C1213A37
C121AB0C
C1221C40
C1228DD2
C122FFC1
C123720C
C123E4B3
C12457B4
C124CB0F
C1253EC2
C125B2CF
C1262733
C1269BEE
C12710FF
C1278666
C127FC23
C1287235
C128E89B
C1295F54
C129D662
C12A4DC2
C12AC575
C12B3D7B
C12BB5D3
C12C2E7C
C12CA777
C12D20C3
C12D9A60
C12E144D
C12E8E8B
C12F0919
C12F83F7
C12FFF25
C1307AA2
C130F66E
C131728A
C131EEF5
C1326BAF
C132E8B7
C133660E
C133E3B4
C13461A8
C134DFE9
C1355E79
C135DD57
C1365C82
C136DBFB
C1375BC1
C137DBD5
C1385C35
C138DCE3
C1395DDD
C139DF24
C13A60B8
C13AE297
C13B64C3
C13BE73B
C13C69FE
C13CED0D
C13D7068
C13DF40D
C13E77FE
C13EFC39
C13F80BE
C140058E
C1408AA8
C141100B
C14195B8
C1421BAE
C142A1ED
C1432875
C143AF44
C144365C
C144BDBB
C1454562
C145CD4F
C1465584
C146DDFE
C14766BE
C147EFC4
C148790F
C149029F
C1498C72
C14A168A
C14AA0E6
C14B2B84
C14BB665
C14C4188
C14CCCEC
C14D5892
C14DE479
C14E70A0
C14EFD07
C14F89AD
C1501692
C150A3B5
C1513115
C151BEB4
C1524C8E
C152DAA5
C15368F8
C153F786
C154864E
C0F74E07
C0F78B50
C0F7C913
C0F80757
C0F84623
C0F8857E
C0F8C56D
C0F905F8
C0F94723
C0F988F6
C0F9CB76
C0FA0EAA
C0FA5297
C0FA9743
C0FADCB4
C0FB22F1
C0FB69FD
C0FBB1E0
C0FBFA9F
C0FC443F
C0FC8EC7
C0FCDA3A
C0FD26A0
C0FD73FE
C0FDC258
C0FE11B5
C0FE6219
C0FEB38A
C0FF060E
C0FF59A9
C0FFAE60
C100021D
C1002D9D
C10059B2
C1008661
C100B3AA
C100E190
C1011016
C1013F3E
C1016F0B
C1019F7E
C101D09A
C1020261
C10234D6
C10267FA
C1029BCF
C102D058
C1030596
C1033B8C
C103723B
C103A9A5
C103E1CC
C1041AB1
C1045456
C1048EBC
C104C9E5
C10505D3
C1054286
C1058000
C105BE42
C105FD4D
C1063D22
C1067DC1
C106BF2C
C1070163
C1074467
C1078838
C107CCD6
C1081242
C108587C
C1089F85
C108E75B
C1092FFF
C1097971
C109C3B0
C10A0EBC
C10A5A94
C10AA738
C10AF4A7
C10B42E0
C10B91E2
C10BE1AD
C10C323E
C10C8395
C10CD5B1
C10D2890
C10D7C30
C10DD091
C10E25B0
C10E7B8C
C10ED223
C10F2973
C10F817B
C10FDA38
C11033A9
C1108DCB
C110E89C
C111441B
C111A045
C111FD18
C1125A91
C112B8AF
C1131770
C11376D0
C113D6CE
C1143768
C114989B
C114FA65
C1155CC3
C115BFB4
C1162336
C1168745
C116EBE0
C1175105
C117B6B2
C1181CE4
C1188399
C118EAD0
C1195286
C119BABA
C11A2368
C11A8C91
C11AF631
C11B6047
C11BCAD1
C11C35CD
C11CA13A
C11D0D16
C11D7960
C11DE616
C11E5336
C11EC0C0
C11F2EB1
C11F9D08
C1200BC5
C1207AE6
C120EA69
C1215A4E
C121CA93
C1223B38
C122AC3B
C1231D9B
C1238F58
C1240170
C12473E4
C124E6B1
C12559D7
C125CD56
C126412D
C126B55A
C12729DF
C1279EB9
C12813E9
C128896D
C128FF46
C1297572
C129EBF2
C12A62C5
C12AD9EB
C12B5163
C12BC92D
C12C4148
C12CB9B5
C12D3272
C12DAB80
C12E24DF
C12E9E8E
C12F188D
C12F92DB
C1300D7A
C1308867
C13103A4
C1317F30
C131FB0A
C1327734
C132F3AC
C1337072
C133ED86
C1346AE9
C134E89A
C1356698
C135E4E5
C136637E
C136E266
C137619A
C137E11C
C13860EB
C138E107
C1396170
C139E225
C13A6327
C13AE476
C13B6610
C13BE7F7
C13C6A29
C13CECA7
C13D6F71
C13DF286
C13E75E6
C13EF991
C13F7D86
C14001C7
C1408651
C1410B26
C1419044
C14215AC
C1429B5D
C1432158
C143A79A
C1442E26
C144B4F9
C1453C15
C145C378
C1464B22
C146D313
C1475B4A
C147E3C7
C1486C8B
C148F593
C1497EE1
C14A0874
C14A924A
C14B1C64
C14BA6C2
C14C3163
C14CBC46
C14D476B
C14DD2D2
C14E5E7A
C14EEA63
C14F768C
C15002F5
C1508F9D
C1511C83
C151A9A8
C152370B
C152C4AB
C1535287
C153E0A0
C1546EF4
C154FD83
C0F88399
C0F8C0D5
C0F8FE8C
C0F93CC3
C0F97B83
C0F9BAD1
C0F9FAB3
C0FA3B31
C0FA7C50
C0FABE16
C0FB0089
C0FB43B0
C0FB8790
C0FBCC2F
C0FC1194
C0FC57C3
C0FC9EC2
C0FCE698
C0FD2F49
C0FD78DC
C0FDC356
C0FE0EBC
C0FE5B14
C0FEA864
C0FEF6B0
C0FF45FE
C0FF9654
C0FFE7B7
C1001D16
C10046DC
C1007130
C1009C15
C100C78D
C100F39B
C1012042
C1014D83
C1017B61
C101A9DF
C101D8FF
C10208C3
C102392E
C1026A41
C1029BFF
C102CE6B
C1030186
C1033552
C10369D1
C1039F06
C103D4F2
C1040B97
C10442F7
C1047B13
C104B3EE
C104ED88
C10527E4
C1056302
C1059EE5
C105DB8D
C10618FB
C1065731
C1069630
C106D5F8
C107168B
C10757EA
C1079A14
C107DD0A
C10820CD
C108655E
C108AABC
C108F0E8
C10937E2
C1097FA9
C109C83E
C10A11A1
C10A5BD0
C10AA6CC
C10AF294
C10B3F27
C10B8C85
C10BDAAD
C10C299D
C10C7955
C10CC9D4
C10D1B19
C10D6D21
C10DBFED
C10E1379
C10E67C6
C10EBCD0
C10F1297
C10F6918
C10FC053
C1101844
C11070EB
C110CA44
C111244E
C1117F08
C111DA6E
C112367F
C1129338
C112F097
C1134E9B
C113AD40
C1140C85
C1146C67
C114CCE5
C1152DFB
C1158FA7
C115F1E8
C11654BA
C116B81C
C1171C0C
C1178087
C117E58C
C1184B17
C118B127
C11917BA
C1197ECE
C119E660
C11A4E70
C11AB6FA
C11B1FFD
C11B8977
C11BF367
C11C5DCA
C11CC89F
C11D33E3
C11D9F97
C11E0BB7
C11E7843
C11EE539
C11F5297
C11FC05D
C1202E88
C1209D18
C1210C0B
C1217B60
C121EB16
C1225B2C
C122CBA1
C1233C73
C123ADA3
C1241F2E
C1249114
C1250355
C12575EE
C125E8E1
C1265C2B
C126CFCD
C12743C5
C127B813
C1282CB6
C128A1AF
C12916FB
C1298C9C
C12A028F
C12A78D6
C12AEF6F
C12B665A
C12BDD97
C12C5525
C12CCD05
C12D4535
C12DBDB6
C12E3687
C12EAFA8
C12F2919
C12FA2D9
C1301CE8
C1309747
C13111F5
C1318CF2
C132083D
C13283D6
C132FFBF
C1337BF5
C133F879
C134754C
C134F26C
C1356FDA
C135ED95
C1366B9E
C136E9F4
C1376898
C137E788
C13866C6
C138E651
C1396628
C139E64C
C13A66BD
C13AE779
C13B6883
C13BE9D8
C13C6B79
C13CED66
C13D6F9F
C13DF223
C13E74F2
C13EF80D
C13F7B73
C13FFF23
C140831E
C1410763
C1418BF2
C14210CC
C14295EE
C1431B5B
C143A110
C144270E
C144AD55
C14533E4
C145BABB
C14641DA
C146C940
C14750EE
C147D8E2
C148611C
C148E99D
C1497263
C149FB6F
C14A84BF
C14B0E54
C14B982D
C14C224A
C14CACAA
C14D374D
C14DC233
C14E4D5A
C14ED8C3
C14F646D
C14FF058
C1507C83
C15108EE
C1519597
C1522280
C152AFA6
C1533D0B
C153CAAC
C154588A
C154E6A4
C15574FA
C0F9B94F
C0F9F67E
C0FA3428
C0FA7254
C0FAB107
C0FAF048
C0FB301E
C0FB7090
C0FBB1A2
C0FBF35C
C0FC35C2
C0FC78DD
C0FCBCB0
C0FD0143
C0FD469A
C0FD8CBD
C0FDD3AF
C0FE1B78
C0FE641C
C0FEADA2
C0FEF80F
C0FF4367
C0FF8FB2
C0FFDCF4
C1001599
C1003D3A
C100655E
C1008E08
C100B73B
C100E0FA
C1010B47
C1013624
C1016195
C1018D9B
C101BA3A
C101E773
C102154A
C10243C0
C10272D7
C102A293
C102D2F5
C1030400
C10335B6
C1036819
C1039B2A
C103CEEE
C1040364
C104388F
C1046E72
C104A50D
C104DC63
C1051475
C1054D46
C10586D6
C105C127
C105FC3B
C1063812
C10674AF
C106B212
C106F03C
C1072F2F
C1076EEC
C107AF73
C107F0C4
C10832E2
C10875CB
C108B981
C108FE04
C1094355
C1098973
C109D05E
C10A1817
C10A609D
C10AA9F1
C10AF410
C10B3EFD
C10B8AB5
C10BD737
C10C2485
C10C729B
C10CC17A
C10D1121
C10D618E
C10DB2C0
C10E04B5
C10E576E
C10EAAE7
C10EFF1F
C10F5415
C10FA9C7
C1100034
C1105758
C110AF34
C11107C4
C1116106
C111BAF9
C112159B
C11270E9
C112CCE1
C1132981
C11386C7
C113E4B1
C114433C
C114A265
C115022C
C115628D
C115C387
C1162516
C1168739
C116E9ED
C1174D31
C117B102
C118155D
C1187A41
C118DFAC
C119459B
C119AC0C
C11A12FD
C11A7A6C
C11AE258
C11B4ABE
C11BB39C
C11C1CF1
C11C86BB
C11CF0F7
C11D5BA5
C11DC6C3
C11E324E
C11E9E45
C11F0AA8
C11F7774
C11FE4A7
C1205242
C120C041
C1212EA4
C1219D6A
C1220C92
C1227C1A
C122EC01
C1235C46
C123CCE9
C1243DE8
C124AF42
C12520F6
C1259304
C126056B
C126782A
C126EB41
C1275EAE
C127D271
C1284689
C128BAF6
C1292FB8
C129A4CD
C12A1A35
C12A8FF1
C12B05FE
C12B7C5E
C12BF30F
C12C6A12
C12CE165
C12D5909
C12DD0FD
C12E4941
C12EC1D5
C12F3AB9
C12FB3EC
C1302D6E
C130A73F
C131215F
C1319BCD
C132168A
C1329195
C1330CEE
C1338895
C134048A
C13480CD
C134FD5D
C1357A3B
C135F766
C13674DF
C136F2A5
C13770B8
C137EF18
C1386DC4
C138ECBE
C1396C04
C139EB97
C13A6B77
C13AEBA2
C13B6C1A
C13BECDE
C13C6DEF
C13CEF4A
C13D70F2
C13DF2E5
C13E7524
C13EF7AE
C13F7A83
C13FFDA3
C140810E
C14104C4
C14188C3
C1420D0D
C14291A1
C143167F
C1439BA6
C1442116
C144A6D0
C1452CD2
C145B31C
C14639AF
C146C08A
C14747AC
C147CF15
C14856C6
C148DEBD
C14966FB
C149EF7E
C14A7847
C14B0155
C14B8AA8
C14C1440
C14C9E1B
C14D283A
C14DB29D
C14E3D42
C14EC82A
C14F5353
C14FDEBE
C1506A6B
C150F657
C1518284
C1520EF0
C1529B9C
C1532886
C153B5AE
C1544314
C154D0B7
C1555E96
C155ECB2
C0FAEF27
C0FB2C4A
C0FB69E8
C0FBA807
C0FBE6AE
C0FC25E4
C0FC65AE
C0FCA613
C0FCE719
C0FD28C7
C0FD6B21
C0FDAE2F
C0FDF1F7
C0FE367D
C0FE7BC8
C0FEC1DE
C0FF08C4
C0FF5080
C0FF9918
C0FFE290
C1001678
C1003C1E
C100623D
C10088D7
C100AFF0
C100D789
C100FFA6
C101284A
C1015176
C1017B2D
C101A573
C101D049
C101FBB3
C10227B2
C1025449
C102817B
C102AF49
C102DDB7
C1030CC7
C1033C7B
C1036CD5
C1039DD7
C103CF84
C10401DF
C10434E8
C10468A2
C1049D0F
C104D231
C105080A
C1053E9C
C10575E9
C105ADF1
C105E6B8
C106203E
C1065A84
C106958D
C106D15A
C1070DEC
C1074B44
C1078963
C107C84B
C10807FB
C1084876
C10889BB
C108CBCC
C1090EA9
C1095252
C10996C8
C109DC0B
C10A221C
C10A68F9
C10AB0A4
C10AF91B
C10B4260
C10B8C70
C10BD74D
C10C22F5
C10C6F68
C10CBCA5
C10D0AAB
C10D5979
C10DA90E
C10DF969
C10E4A89
C10E9C6C
C10EEF11
C10F4277
C10F969C
C10FEB7E
C110411C
C1109773
C110EE83
C1114649
C1119EC3
C111F7EF
C11251CB
C112AC55
C113078B
C113636B
C113BFF3
C1141D20
C1147AEF
C114D960
C115386F
C115981B
C115F860
C116593E
C116BAB0
C1171CB6
C1177F4D
C117E273
C1184625
C118AA61
C1190F25
C119746F
C119DA3D
C11A408D
C11AA75C
C11B0EA9
C11B7672
C11BDEB4
C11C476E
C11CB09E
C11D1A42
C11D8459
C11DEEE0
C11E59D6
C11EC53A
C11F3109
C11F9D43
C12009E5
C12076EF
C120E45E
C1215232
C121C06A
C1222F03
C1229DFE
C1230D58
C1237D11
C123ED28
C1245D9B
C124CE69
C1253F93
C125B116
C12622F3
C1269527
C12707B3
C1277A96
C127EDCF
C128615D
C128D540
C1294978
C129BE03
C12A32E1
C12AA812
C12B1D96
C12B936B
C12C0991
C12C8009
C12CF6D1
C12D6DEA
C12DE553
C12E5D0C
C12ED514
C12F4D6C
C12FC612
C1303F08
C130B84C
C13131DF
C131ABC0
C13225EF
C132A06C
C1331B37
C1339650
C13411B6
C1348D6A
C135096C
C13585BA
C1360256
C1367F3F
C136FC75
C13779F8
C137F7C8
C13875E4
C138F44E
C1397303
C139F206
C13A7154
C13AF0EF
C13B70D6
C13BF109
C13C7188
C13CF253
C13D736A
C13DF4CD
C13E767B
C13EF874
C13F7AB8
C13FFD48
C1408023
C1410348
C14186B8
C1420A72
C1428E76
C14312C5
C143975D
C1441C3F
C144A16A
C14526DE
C145AC9C
C14632A1
C146B8F0
C1473F86
C147C664
C1484D89
C148D4F6
C1495CAA
C149E4A4
C14A6CE4
C14AF56A
C14B7E36
C14C0747
C14C909C
C14D1A36
C14DA414
C14E2E35
C14EB89A
C14F4341
C14FCE2B
C1505957
C150E4C4
C1517072
C151FC60
C152888F
C15314FD
C153A1AA
C1542E96
C154BBBF
C1554927
C155D6CB
C15664AC
C0FC2520
C0FC6238
C0FC9FCA
C0FCDDDD
C0FD1C79
C0FD5BA2
C0FD9B61
C0FDDBBA
C0FE1CB4
C0FE5E56
C0FEA0A5
C0FEE3A7
C0FF2762
C0FF6BDC
C0FFB11B
C0FFF725
C1001EFF
C10042D7
C100671D
C1008BD3
C100B0FC
C100D69C
C100FCB4
C1012348
C1014A5A
C10171ED
C1019A03
C101C2A0
C101EBC5
C1021576
C1023FB5
C1026A84
C10295E6
C102C1DE
C102EE6E
C1031B98
C103495F
C10377C5
C103A6CD
C103D679
C10406CB
C10437C5
C104696A
C1049BBC
C104CEBD
C105026E
C10536D3
C1056BEC
C105A1BC
C105D844
C1060F87
C1064786
C1068043
C106B9BF
C106F3FB
C1072EFA
C1076ABD
C107A744
C107E491
C10822A5
C1086181
C108A126
C108E195
C10922CE
C10964D3
C109A7A3
C109EB40
C10A2FA9
C10A74DF
C10ABAE2
C10B01B1
C10B494E
C10B91B7
C10BDAED
C10C24EF
C10C6FBC
C10CBB55
C10D07B8
C10D54E5
C10DA2DA
C10DF198
C10E411C
C10E9165
C10EE273
C10F3445
C10F86D7
C10FDA2A
C1102E3C
C110830A
C110D894
C1112ED7
C11185D2
C111DD82
C11235E7
C1128EFD
C112E8C2
C1134336
C1139E54
C113FA1C
C114568C
C114B3A0
C1151156
C1156FAD
C115CEA2
C1162E33
C1168E5D
C116EF1F
C1175076
C117B25F
C11814D8
C11877E0
C118DB74
C1193F91
C119A436
C11A0961
C11A6F0E
C11AD53D
C11B3BEB
C11BA316
C11C0ABC
C11C72DB
C11CDB71
C11D447D
C11DADFC
C11E17ED
C11E824F
C11EED1E
C11F585A
C11FC402
C1203013
C1209C8C
C121096C
C12176B2
C121E45B
C1225267
C122C0D5
C1232FA3
C1239ED0
C1240E5B
C1247E43
C124EE87
C1255F27
C125D020
C1264173
C126B31E
C1272521
C127977A
C1280A2A
C1287D2F
C128F089
C1296438
C129D83A
C12A4C8F
C12AC137
C12B3631
C12BAB7D
C12C211A
C12C9708
C12D0D47
C12D83D6
C12DFAB4
C12E71E3
C12EE960
C12F612D
C12FD948
C13051B3
C130CA6B
C1314372
C131BCC7
C1323669
C132B05A
C1332A98
C133A523
C1341FFC
C1349B22
C1351695
C1359256
C1360E63
C1368ABD
C1370764
C1378458
C1380198
C1387F25
C138FCFE
C1397B24
C139F996
C13A7854
C13AF75E
C13B76B5
C13BF658
C13C7646
C13CF680
C13D7706
C13DF7D8
C13E78F5
C13EFA5E
C13F7C12
C13FFE11
C140805B
C14102F0
C14185D0
C14208FA
C1428C6F
C143102D
C1439436
C1441889
C1449D26
C145220C
C145A73B
C1462CB3
C146B274
C147387D
C147BECF
C1484568
C148CC49
C1495372
C149DAE2
C14A6298
C14AEA95
C14B72D8
C14BFB61
C14C842F
C14D0D42
C14D969A
C14E2036
C14EAA17
C14F343A
C14FBEA1
C150494B
C150D436
C1515F64
C151EAD3
C1527682
C1530273
C1538EA3
C1541B13
C154A7C1
C15534AF
C155C1DA
C1564F43
C156DCE9
C0FD5B3A
C0FD9846
C0FDD5CD
C0FE13D5
C0FE5265
C0FE9183
C0FED135
C0FF1183
C0FF5272
C0FF9408
C0FFD64B
C1000CA1
C1002E79
C10050B0
C1007349
C1009648
C100B9AF
C100DD81
C10101C1
C1012671
C1014B94
C101712D
C101973F
C101BDCD
C101E4D8
C1020C65
C1023475
C1025D0B
C1028629
C102AFD3
C102DA0B
C10304D3
C103302F
C1035C1F
C10388A8
C103B5CB
C103E38A
C10411E9
C10440E9
C104708E
C104A0D8
C104D1CA
C1050367
C10535B0
C10568A9
C1059C52
C105D0AD
C10605BE
C1063B85
C1067204
C106A93E
C106E134
C10719E7
C1075359
C1078D8C
C107C880
C1080438
C10840B5
C1087DF7
C108BC00
C108FAD2
C1093A6B
C1097ACF
C109BBFC
C109FDF5
C10A40B9
C10A8449
C10AC8A6
C10B0DCF
C10B53C4
C10B9A86
C10BE215
C10C2A71
C10C7398
C10CBD8B
C10D084A
C10D53D4
C10DA027
C10DED44
C10E3B29
C10E89D6
C10ED949
C10F2982
C10F7A7F
C10FCC3E
C1101EBE
C11071FF
C110C5FD
C1111AB9
C111702F
C111C65E
C1121D44
C11274E0
C112CD2F
C113262F
C1137FDF
C113DA3B
C1143543
C11490F4
C114ED4B
C1154A46
C115A7E4
C1160622
C11664FD
C116C474
C1172483
C117852A
C117E665
C1184832
C118AA8E
C1190D79
C11970EF
C119D4EE
C11A3974
C11A9E7F
C11B040D
C11B6A1B
C11BD0A8
C11C37B1
C11C9F35
C11D0732
C11D6FA5
C11DD88D
C11E41E7
C11EABB4
C11F15EF
C11F8099
C11FEBAE
C120572E
C120C318
C1212F69
C1219C20
C122093B
C12276BA
C122E49C
C12352DE
C123C180
C1243080
C1249FDE
C1250F99
C1257FAF
C125F01F
C12660E9
C126D20B
C1274386
C127B557
C128277F
C12899FC
C1290CCE
C1297FF5
C129F36F
C12A673C
C12ADB5C
C12B4FCE
C12BC492
C12C39A7
C12CAF0C
C12D24C2
C12D9AC8
C12E111E
C12E87C3
C12EFEB7
C12F75FA
C12FED8B
C130656B
C130DD99
C1315615
C131CEDF
C13247F6
C132C15B
C1333B0D
C133B50C
C1342F58
C134A9F2
C13524D8
C135A00B
C1361B8A
C1369756
C137136F
C1378FD4
C1380C86
C1388983
C13906CD
C1398464
C13A0246
C13A8075
C13AFEEF
C13B7DB6
C13BFCC8
C13C7C26
C13CFBD0
C13D7BC6
C13DFC07
C13E7C94
C13EFD6C
C13F7E8F
C13FFFFD
C14081B7
C14103BC
C141860B
C14208A5
C1428B8A
C1430EB9
C1439232
C14415F6
C1449A03
C1451E5A
C145A2FA
C14627E4
C146AD17
C1473293
C147B857
C1483E64
C148C4B9
C1494B56
C149D23A
C14A5965
C14AE0D8
C14B6891
C14BF091
C14C78D7
C14D0162
C14D8A32
C14E1348
C14E9CA2
C14F2641
C14FB023
C1503A49
C150C4B2
C1514F5D
C151DA4B
C152657A
C152F0EB
C1537C9C
C154088E
C15494C0
C1552131
C155ADE2
C1563AD0
C156C7FD
C1575567
C0FE9174
C0FECE74
C0FF0BF0
C0FF49EC
C0FF8871
C0FFC784
C1000396
C10023B7
C1004429
C10064EE
C100860A
C100A780
C100C952
C100EB83
C1010E17
C1013110
C1015471
C101783D
C1019C77
C101C121
C101E63E
C1020BD1
C10231DD
C1025864
C1027F6A
C102A6F0
C102CEF9
C102F789
C10320A1
C1034A44
C1037476
C1039F37
C103CA8B
C103F675
C10422F7
C1045012
C1047DCB
C104AC22
C104DB1B
C1050AB8
C1053AFA
C1056BE5
C1059D7A
C105CFBB
C10602AB
C106364C
C1066A9F
C1069FA7
C106D565
C1070BDC
C107430C
C1077AF9
C107B3A2
C107ED0B
C1082734
C108621F
C1089DCD
C108DA3F
C1091777
C1095576
C109943C
C109D3CB
C10A1423
C10A5545
C10A9732
C10AD9EA
C10B1D6E
C10B61BE
C10BA6DA
C10BECC3
C10C3378
C10C7AF9
C10CC346
C10D0C60
C10D5645
C10DA0F5
C10DEC70
C10E38B4
C10E85C1
C10ED397
C10F2234
C10F7196
C10FC1BE
C11012AA
C1106457
C110B6C6
C11109F4
C1115DE0
C111B289
C11207EB
C1125E07
C112B4D9
C1130C60
C113649A
C113BD85
C114171F
C1147165
C114CC56
C11527F0
C1158430
C115E113
C1163E99
C1169CBE
C116FB7F
C1175ADC
C117BAD1
C1181B5D
C1187C7D
C118DE2E
C119406E
C119A33C
C11A0695
C11A6A76
C11ACEDE
C11B33CA
C11B9938
C11BFF26
C11C6592
C11CCC7B
C11D33DD
C11D9BB7
C11E0408
C11E6CCC
C11ED603
C11F3FAB
C11FA9C1
C1201445
C1207F35
C120EA8E
C1215650
C121C279
C1222F07
C1229BFA
C123094F
C1237707
C123E51E
C1245394
C124C269
C125319A
C125A127
C126110F
C1268151
C126F1EC
C12762DE
C127D429
C12845C9
C128B7BF
C1292A0B
C1299CAA
C12A0F9E
C12A82E4
C12AF67D
C12B6A68
C12BDEA5
C12C5333
C12CC811
C12D3D3F
C12DB2BE
C12E288C
C12E9EA9
C12F1514
C12F8BCF
C13002D8
C1307A2E
C130F1D3
C13169C5
C131E205
C1325A92
C132D36C
C1334C94
C133C608
C1343FC8
C134B9D6
C1353430
C135AED6
C13629C9
C136A508
C1372093
C1379C6B
C138188F
C13894FE
C13911BA
C1398EC2
C13A0C15
C13A89B5
C13B07A0
C13B85D7
C13C0459
C13C8328
C13D0242
C13D81A7
C13E0158
C13E8155
C13F019C
C13F822F
C140030D
C1408437
C14105AB
C141876A
C1420974
C1428BC8
C1430E67
C1439151
C1441485
C1449802
C1451BCA
C1459FDB
C1462436
C146A8DB
C1472DC8
C147B2FF
C148387E
C148BE46
C1494456
C149CAAE
C14A514E
C14AD835
C14B5F63
C14BE6D9
C14C6E95
C14CF697
C14D7EDF
C14E076D
C14E9040
C14F1958
C14FA2B4
C1502C55
C150B639
C1514061
C151CACB
C1525579
C152E068
C1536B99
C153F70C
C15482BF
C1550EB2
C1559AE6
C1562759
C156B40A
C15740FB
C157CE29
C0FFC7CC
C1000261
C1002119
C1004012
C1005F4F
C1007ED3
C1009EA1
C100BEBD
C100DF29
C100FFE9
C10120FF
C101426F
C101643C
C1018667
C101A8F6
C101CBE9
C101EF44
C102130B
C102373E
C1025BE3
C10280FA
C102A687
C102CC8D
C102F30E
C1031A0E
C103418E
C1036991
C103921A
C103BB2C
C103E4C9
C1040EF4
C10439AE
C10464FC
C10490DF
C104BD5A
C104EA6E
C1051820
C1054670
C1057561
C105A4F7
C105D531
C1060614
C10637A2
C10669DB
C1069CC3
C106D05C
C10704A7
C10739A6
C1076F5C
C107A5CA
C107DCF2
C10814D5
C1084D76
C10886D5
C108C0F4
C108FBD5
C1093779
C10973E2
C109B10F
C109EF03
C10A2DBF
C10A6D43
C10AAD90
C10AEEA7
C10B3088
C10B7335
C10BB6AD
C10BFAF0
C10C4000
C10C85DC
C10CCC84
C10D13F8
C10D5C38
C10DA544
C10DEF1B
C10E39BD
C10E8529
C10ED15E
C10F1E5C
C10F6C22
C10FBAAF
C1100A02
C1105A19
C110AAF4
C110FC90
C1114EEE
C111A20A
C111F5E4
C1124A79
C1129FC9
C112F5D1
C1134C8F
C113A402
C113FC28
C11454FE
C114AE82
C11508B3
C115638E
C115BF11
C1161B39
C1167805
C116D573
C117337F
C1179228
C117F16B
C1185147
C118B1B8
C11912BD
C1197452
C119D677
C11A3928
C11A9C64
C11B0028
C11B6472
C11BC93F
C11C2E8F
C11C945D
C11CFAAA
C11D6171
C11DC8B2
C11E306B
C11E9899
C11F013B
C11F6A4F
C11FD3D2
C1203DC4
C120A823
C12112ED
C1217E20
C121E9BB
C12255BC
C122C223
C1232EED
C1239C19
C12409A6
C1247793
C124E5DF
C1255488
C125C38D
C12632ED
C126A2A8
C12712BC
C1278328
C127F3EC
C1286506
C128D676
C129483C
C129BA56
C12A2CC3
C12A9F84
C12B1297
C12B85FD
C12BF9B3
C12C6DBB
C12CE213
C12D56BC
C12DCBB4
C12E40FB
C12EB691
C12F2C76
C12FA2A9
C130192A
C1308FF9
C1310716
C1317E7F
C131F636
C1326E3A
C132E68B
C1335F29
C133D813
C1345149
C134CACC
C135449B
C135BEB6
C136391D
C136B3D0
C1372ECF
C137AA1A
C13825B1
C138A193
C1391DC1
C1399A3B
C13A1700
C13A9412
C13B116E
C13B8F16
C13C0D0A
C13C8B49
C13D09D4
C13D88A9
C13E07CB
C13E8737
C13F06EF
C13F86F2
C1400740
C14087D9
C14108BD
C14189EC
C1420B66
C1428D2A
C1430F39
C1439192
C1441436
C1449724
C1451A5C
C1459DDE
C14621AA
C146A5BF
C1472A1E
C147AEC6
C14833B7
C148B8F1
C1493E74
C149C43F
C14A4A52
C14AD0AD
C14B5750
C14BDE3A
C14C656B
C14CECE3
C14D74A2
C14DFCA6
C14E84F1
C14F0D81
C14F9656
C1501F70
C150A8CF
C1513271
C151BC58
C1524681
C152D0EE
C1535B9D
C153E68E
C15471C1
C154FD35
C15588EA
C15614DF
C156A114
C1572D88
C157BA3B
C158472D
C1007F21
C1009D96
C100BC49
C100DB3C
C100FA74
C10119F3
C10139BC
C10159D2
C1017A39
C1019AF3
C101BC04
C101DD6F
C101FF36
C102215C
C10243E5
C10266D3
C1028A29
C102ADE9
C102D217
C102F6B6
C1031BC8
C103414F
C103674F
C1038DCB
C103B4C4
C103DC3E
C104043B
C1042CBE
C10455CA
C1047F60
C104A984
C104D439
C104FF80
C1052B5C
C10557D0
C10584DE
C105B288
C105E0D2
C1060FBC
C1063F4A
C1066F7D
C106A059
C106D1DF
C1070410
C10736F1
C1076A81
C1079EC4
C107D3BB
C1080969
C1083FCE
C10876ED
C108AEC8
C108E75F
C10920B5
C1095ACC
C10995A3
C109D13E
C10A0D9C
C10A4AC0
C10A88AA
C10AC75B
C10B06D4
C10B4716
C10B8822
C10BC9F8
C10C0C99
C10C5005
C10C943D
C10CD941
C10D1F10
C10D65AB
C10DAD13
C10DF545
C10E3E44
C10E880D
C10ED2A1
C10F1DFE
C10F6A25
C10FB714
C11004CB
C1105348
C110A28B
C110F292
C111435C
C11194E8
C111E734
C1123A3F
C1128E07
C112E28A
C11337C7
C1138DBC
C113E467
C1143BC6
C11493D7
C114EC99
C1154608
C115A023
C115FAE8
C1165655
C116B267
C1170F1C
C1176C72
C117CA66
C11828F6
C1188821
C118E7E2
C119483A
C119A924
C11A0A9F
C11A6CA8
C11ACF3D
C11B325D
C11B9604
C11BFA30
C11C5EE0
C11CC410
C11D29C0
C11D8FED
C11DF694
C11E5DB5
C11EC54C
C11F2D58
C11F95D8
C11FFEC9
C1206829
C120D1F7
C1213C31
C121A6D6
C12211E3
C1227D58
C122E932
C1235571
C123C213
C1242F17
C1249C7B
C1250A3E
C125785F
C125E6DD
C12655B6
C126C4EB
C1273478
C127A45F
C128149D
C1288532
C128F61E
C129675E
C129D8F3
C12A4ADC
C12ABD18
C12B2FA7
C12BA287
C12C15B9
C12C893C
C12CFD10
C12D7133
C12DE5A6
C12E5A67
C12ECF78
C12F44D7
C12FBA84
C130307F
C130A6C7
C1311D5D
C1319440
C1320B6F
C13282EC
C132FAB4
C13372C9
C133EB2A
C13463D8
C134DCD1
C1355616
C135CFA7
C1364983
C136C3AC
C1373E1F
C137B8DF
C13833E9
C138AF3F
C1392AE1
C139A6CE
C13A2306
C13A9F8A
C13B1C58
C13B9973
C13C16D8
C13C9488
C13D1284
C13D90CB
C13E0F5D
C13E8E3A
C13F0D62
C13F8CD6
C1400C94
C1408C9D
C1410CF1
C1418D90
C1420E7A
C1428FAE
C143112D
C14392F6
C144150A
C1449768
C1451A11
C1459D03
C146203F
C146A3C5
C1472795
C147ABAE
C1483011
C148B4BC
C14939B1
C149BEEE
C14A4474
C14ACA42
C14B5058
C14BD6B6
C14C5D5C
C14CE449
C14D6B7C
C14DF2F7
C14E7AB8
C14F02BF
C14F8B0C
C150139E
C1509C76
C1512592
C151AEF2
C1523897
C152C27F
C1534CAB
C153D719
C15461CA
C154ECBD
C15577F1
C1560367
C1568F1D
C1571B14
C157A74A
C15833C0
C158C074
C1011A6A
C10138DA
C1015788
C1017676
C10195A8
C101B522
C101D4E5
C101F4F7
C1021558
C102360D
C1025719
C102787F
C1029A40
C102BC61
C102DEE5
C10301CD
C103251D
C10348D9
C1036D01
C103919A
C103B6A6
C103DC28
C1040222
C1042898
C1044F8C
C1047700
C1049EF7
C104C774
C104F079
C1051A0A
C1054428
C1056ED6
C1059A17
C105C5EC
C105F25A
C1061F61
C1064D05
C1067B47
C106AA2A
C106D9B1
C10709DD
C1073AB2
C1076C30
C1079E5A
C107D133
C10804BC
C10838F7
C1086DE6
C108A38B
C108D9E8
C10910FF
C10948D0
C109815F
C109BAAC
C109F4B9
C10A2F88
C10A6B19
C10AA76D
C10AE487
C10B2267
C10B610E
C10BA07D
C10BE0B4
C10C21B5
C10C6381
C10CA616
C10CE977
C10D2DA3
C10D729B
C10DB85E
C10DFEED
C10E4647
C10E8E6D
C10ED75E
C10F211A
C10F6BA0
C10FB6EF
C1100308
C1104FE8
C1109D90
C110EBFE
C1113B32
C1118B29
C111DBE3
C1122D5E
C1127F99
C112D292
C1132649
C1137ABA
C113CFE5
C11425C7
C1147C5F
C114D3AA
C1152BA8
C1158455
C115DDB0
C11637B6
C1169265
C116EDBC
C11749B8
C117A656
C1180394
C1186171
C118BFE9
C1191EFB
C1197EA4
C119DEE1
C11A3FB2
C11AA112
C11B0300
C11B657A
C11BC87D
C11C2C08
C11C9017
C11CF4A9
C11D59BC
C11DBF4D
C11E255B
C11E8BE3
C11EF2E3
C11F5A59
C11FC244
C1202AA2
C1209370
C120FCAE
C1216658
C121D06E
C1223AEE
C122A5D6
C1231125
C1237CDA
C123E8F2
C124556C
C124C248
C1252F83
C1259D1D
C1260B14
C1267967
C126E815
C127571E
C127C680
C1283639
C128A64A
C12916B1
C129876E
C129F87F
C12A69E4
C12ADB9D
C12B4DA8
C12BC005
C12C32B3
C12CA5B3
C12D1902
C12D8CA2
C12E0090
C12E74CE
C12EE95A
C12F5E35
C12FD35D
C13048D3
C130BE96
C13134A6
C131AB03
C13221AD
C13298A2
C1330FE4
C1338772
C133FF4C
C1347771
C134EFE2
C135689E
C135E1A6
C1365AF9
C136D498
C1374E81
C137C8B6
C1384336
C138BE01
C1393917
C139B478
C13A3024
C13AAC1B
C13B285D
C13BA4E9
C13C21C1
C13C9EE4
C13D1C52
C13D9A0A
C13E180E
C13E965C
C13F14F5
C13F93D9
C1401308
C1409282
C1411247
C1419256
C14212B0
C1429354
C1431443
C143957D
C1441700
C14498CF
C1451AE7
C1459D4A
C1461FF7
C146A2ED
C147262D
C147A9B8
C1482D8B
C148B1A8
C149360E
C149BABD
C14A3FB5
C14AC4F5
C14B4A7E
C14BD04F
C14C5668
C14CDCC9
C14D6371
C14DEA61
C14E7197
C14EF914
C14F80D7
C15008E1
C1509130
C15119C4
C151A29E
C1522BBC
C152B51E
C1533EC5
C153C8AF
C15452DC
C154DD4C
C15567FF
C155F2F3
C1567E29
C15709A0
C1579558
C1582150
C158AD88
C15939FF
C101B5C1
C101D42C
C101F2D5
C10211BE
C10230EB
C102505F
C102701E
C102902A
C102B087
C102D137
C102F23D
C103139E
C103355A
C1035776
C10379F4
C1039CD7
C103C022
C103E3D8
C10407FB
C1042C8F
C1045195
C1047712
C1049D07
C104C377
C104EA64
C10511D3
C10539C4
C105623B
C1058B3B
C105B4C5
C105DEDD
C1060985
C10634BF
C106608F
C1068CF6
C106B9F6
C106E793
C10715CF
C10744AC
C107742C
C107A451
C107D51E
C1080695
C10838B8
C1086B89
C1089F0A
C108D33D
C1090825
C1093DC2
C1097417
C109AB25
C109E2EE
C10A1B75
C10A54B9
C10A8EBD
C10AC982
C10B050A
C10B4155
C10B7E65
C10BBC3B
C10BFAD8
C10C3A3D
C10C7A6A
C10CBB61
C10CFD21
C10D3FAC
C10D8301
C10DC722
C10E0C0D
C10E51C5
C10E9847
C10EDF95
C10F27AF
C10F7093
C10FBA41
C11004BA
C1104FFB
C1109C06
C110E8D8
C1113671
C11184D0
C111D3F4
C11223DC
C1127486
C112C5F1
C113181B
C1136B04
C113BEA9
C1141308
C1146821
C114BDF1
C1151476
C1156BAF
C115C399
C1161C32
C1167578
C116CF6A
C1172A04
C1178545
C117E12B
C1183DB3
C1189ADA
C118F89F
C1195700
C119B5FA
C11A158A
C11A75AE
C11AD665
C11B37AB
C11B997F
C11BFBDE
C11C5EC6
C11CC234
C11D2627
C11D8A9C
C11DEF91
C11E5504
C11EBAF3
C11F215C
C11F883C
C11FEF92
C120575D
C120BF99
C1212845
C1219160
C121FAE8
C12264DA
C122CF36
C12339FA
C123A523
C12410B1
C1247CA3
C124E8F6
C12555AA
C125C2BD
C126302E
C1269DFC
C1270C26
C1277AA9
C127E987
C12858BD
C128C84A
C129382E
C129A867
C12A18F6
C12A89D8
C12AFB0E
C12B6C97
C12BDE72
C12C509E
C12CC31B
C12D35E8
C12DA904
C12E1C70
C12E902B
C12F0435
C12F788C
C12FED31
C1306223
C130D762
C1314CEE
C131C2C6
C13238EA
C132AF5B
C1332617
C1339D1F
C1341473
C1348C11
C13503FB
C1357C30
C135F4B0
C1366D7B
C136E691
C1375FF2
C137D99D
C1385393
C138CDD4
C1394860
C139C336
C13A3E57
C13AB9C2
C13B3578
C13BB179
C13C2DC4
C13CAA5A
C13D273A
C13DA465
C13E21DB
C13E9F9B
C13F1DA6
C13F9BFC
C1401A9C
C1409987
C14118BC
C141983C
C1421806
C142981B
C143187B
C1439924
C1441A19
C1449B57
C1451CE0
C1459EB3
C14620D0
C146A337
C14725E7
C147A8E2
C1482C26
C148AFB4
C149338B
C149B7AC
C14A3C15
C14AC0C7
C14B45C2
C14BCB06
C14C5092
C14CD666
C14D5C82
C14DE2E5
C14E6990
C14EF082
C14F77BA
C14FFF3A
C15086FF
C1510F0B
C151975C
C1521FF2
C152A8CE
C15331EE
C153BB52
C15444FB
C154CEE7
C1555915
C155E387
C1566E3B
C156F931
C1578469
C1580FE1
C1589B9B
C1592794
C159B3CD
C1025126
C1026F8C
C1028E2F
C102AD14
C102CC3C
C102EBAB
C1030B65
C1032B6C
C1034BC4
C1036C6F
C1038D70
C103AECC
C103D083
C103F29A
C1041513
C10437F1
C1045B37
C1047EE7
C104A305
C104C793
C104EC95
C105120C
C10537FB
C1055E65
C105854E
C105ACB6
C105D4A2
C105FD13
C106260D
C1064F92
C10679A4
C106A446
C106CF7A
C106FB43
C10727A4
C107549E
C1078235
C107B06A
C107DF40
C1080EB9
C1083ED7
C1086F9D
C108A10D
C108D329
C10905F3
C109396C
C1096D98
C109A278
C109D80D
C10A0E5A
C10A4560
C10A7D21
C10AB59F
C10AEEDB
C10B28D6
C10B6392
C10B9F11
C10BDB53
C10C185A
C10C5626
C10C94B9
C10CD414
C10D1437
C10D5523
C10D96D9
C10DD958
C10E1CA3
C10E60B8
C10EA598
C10EEB44
C10F31BB
C10F78FD
C10FC109
C11009E1
C1105382
C1109DED
C110E922
C111351E
C11181E2
C111CF6D
C1121DBD
C1126CD2
C112BCAB
C1130D45
C1135EA0
C113B0BA
C1140392
C1145726
C114AB75
C115007C
C1155639
C115ACAC
C11603D2
C1165BA9
C116B42E
C1170D61
C117673E
C117C1C4
C1181CF0
C11878C0
C118D531
C1193243
C1198FF1
C119EE3A
C11A4D1C
C11AAC94
C11B0CA0
C11B6D3D
C11BCE6A
C11C3023
C11C9268
C11CF534
C11D5887
C11DBC5E
C11E20B6
C11E858E
C11EEAE3
C11F50B4
C11FB6FE
C1201DC0
C12084F6
C120ECA0
C12154BB
C121BD47
C122263F
C1228FA4
C122F974
C12363AC
C123CE4B
C1243950
C124A4B9
C1251085
C1257CB2
C125E93E
C126562A
C126C372
C1273117
C1279F17
C1280D71
C1287C24
C128EB2F
C1295A90
C129CA48
C12A3A54
C12AAAB5
C12B1B6A
C12B8C71
C12BFDCA
C12C6F75
C12CE170
C12D53BC
C12DC657
C12E3942
C12EAC7B
C12F2003
C12F93D8
C13007FB
C1307C6A
C130F127
C1316630
C131DB85
C1325126
C132C712
C1333D4A
C133B3CE
C1342A9C
C134A1B6
C135191A
C13590C9
C13608C3
C1368107
C136F995
C137726E
C137EB92
C13864FF
C138DEB7
C13958B9
C139D306
C13A4D9C
C13AC87D
C13B43A8
C13BBF1E
C13C3ADD
C13CB6E7
C13D333B
C13DAFDA
C13E2CC2
C13EA9F5
C13F2773
C13FA53A
C140234D
C140A1A9
C1412050
C1419F41
C1421E7C
C1429E02
C1431DD2
C1439DED
C1441E52
C1449F01
C1451FFA
C145A13D
C14622CA
C146A4A2
C14726C3
C147A92E
C1482BE3
C148AEE1
C1493229
C149B5BB
C14A3995
C14ABDB9
C14B4226
C14BC6DB
C14C4BD9
C14CD120
C14D56AF
C14DDC85
C14E62A4
C14EE90A
C14F6FB7
C14FF6AB
C1507DE6
C1510568
C1518D2F
C152153D
C1529D90
C1532629
C153AF06
C1543828
C154C18E
C1554B38
C155D526
C1565F56
C156E9CA
C157747F
C157FF77
C1588AB0
C159162A
C159A1E4
C15A2DDF
C102EC97
C1030AF9
C1032998
C1034877
C103679A
C1038705
C103A6BA
C103C6BC
C103E70F
C10407B5
C10428B2
C1044A08
C1046BBB
C1048DCC
C104B040
C104D319
C104F65A
C1051A06
C1053E1F
C10562A8
C10587A4
C105AD15
C105D2FF
C105F964
C1062047
C10647AA
C1066F90
C10697FC
C106C0F0
C106EA6F
C107147B
C1073F17
C1076A46
C1079609
C107C263
C107EF57
C1081CE8
C1084B16
C10879E6
C108A958
C108D970
C1090A2F
C1093B98
C1096DAD
C109A06F
C109D3E2
C10A0806
C10A3CDE
C10A726C
C10AA8B1
C10ADFAF
C10B1768
C10B4FDD
C10B8911
C10BC304
C10BFDB7
C10C392D
C10C7566
C10CB263
C10CF026
C10D2EB0
C10D6E01
C10DAE1A
C10DEEFC
C10E30A7
C10E731C
C10EB65C
C10EFA66
C10F3F3B
C10F84DB
C10FCB46
C110127C
C1105A7D
C110A348
C110ECDC
C111373A
C1118261
C111CE50
C1121B07
C1126883
C112B6C5
C11305CC
C1135595
C113A620
C113F76B
C1144975
C1149C3D
C114EFC0
C11543FE
C11598F3
C115EEA0
C1164500
C1169C14
C116F3D8
C1174C4A
C117A569
C117FF32
C11859A3
C118B4BB
C1191075
C1196CD1
C119C9CC
C11A2764
C11A8597
C11AE461
C11B43C1
C11BA3B5
C11C0439
C11C654D
C11CC6ED
C11D2917
C11D8BC9
C11DEF00
C11E52BB
C11EB6F8
C11F1BB3
C11F80EB
C11FE69E
C1204CCA
C120B36C
C1211A84
C121820E
C121EA09
C1225273
C122BB4A
C123248D
C1238E3A
C123F84F
C12462CB
C124CDAB
C12538F0
C125A496
C126109D
C1267D03
C126E9C7
C12756E8
C127C465
C128323C
C128A06C
C1290EF5
C1297DD5
C129ED0B
C12A5C97
C12ACC77
C12B3CAB
C12BAD31
C12C1E0A
C12C8F35
C12D00B0
C12D727C
C12DE497
C12E5701
C12EC9BA
C12F3CC1
C12FB016
C13023B7
C13097A6
C1310BE1
C1318068
C131F53C
C1326A5A
C132DFC4
C133557A
C133CB7A
C13441C5
C134B85A
C1352F3A
C135A665
C1361DD9
C1369598
C1370DA0
C13785F3
C137FE8F
C1387776
C138F0A6
C1396A20
C139E3E4
C13A5DF2
C13AD849
C13B52EB
C13BCDD6
C13C490B
C13CC48A
C13D4053
C13DBC65
C13E38C2
C13EB569
C13F3259
C13FAF94
C1402D19
C140AAE8
C1412901
C141A764
C1422611
C142A508
C143244A
C143A3D5
C14423AB
C144A3CB
C1452434
C145A4E8
C14625E6
C146A72E
C14728C0
C147AA9B
C1482CC1
C148AF30
C14931E9
C149B4EB
C14A3836
C14ABBCB
C14B3FA9
C14BC3D0
C14C4840
C14CCCF8
C14D51F9
C14DD743
C14E5CD4
C14EE2AD
C14F68CE
C14FEF37
C15075E6
C150FCDD
C151841A
C1520B9E
C1529368
C1531B77
C153A3CC
C1542C67
C154B546
C1553E6A
C155C7D2
C156517D
C156DB6C
C157659F
C157F013
C1587ACA
C15905C3
C15990FE
C15A1C79
C15AA835
C1038816
C103A673
C103C50D
C103E3E7
C1040306
C104226C
C104421C
C104621A
C1048268
C104A309
C104C401
C104E552
C1050700
C105290D
C1054B7C
C1056E50
C105918C
C105B533
C105D947
C105FDCB
C10622C2
C106482E
C1066E13
C1069473
C106BB50
C106E2AE
C1070A8F
C10732F5
C1075BE4
C107855D
C107AF63
C107D9F9
C1080522
C10830DF
C1085D34
C1088A22
C108B7AC
C108E5D4
C109149D
C1094409
C109741A
C109A4D3
C109D635
C10A0843
C10A3AFF
C10A6E6A
C10AA287
C10AD758
C10B0CDE
C10B431B
C10B7A11
C10BB1C3
C10BEA30
C10C235B
C10C5D46
C10C97F1
C10CD35E
C10D0F8E
C10D4C82
C10D8A3C
C10DC8BC
C10E0803
C10E4813
C10E88EA
C10ECA8C
C10F0CF6
C10F502B
C10F942B
C10FD8F5
C1101E8A
C11064E9
C110AC13
C110F408
C1113CC7
C111864F
C111D0A0
C1121BBA
C112679C
C112B445
C11301B4
C1134FE7
C1139EDF
C113EE9A
C1143F16
C1149052
C114E24C
C1153504
C1158877
C115DCA3
C1163188
C1168723
C116DD72
C1173473
C1178C25
C117E484
C1183D90
C1189745
C118F1A3
C1194CA5
C119A84B
C11A0492
C11A6177
C11ABEF9
C11B1D15
C11B7BC8
C11BDB11
C11C3AED
C11C9B59
C11CFC54
C11D5DDA
C11DBFEA
C11E2282
C11E859F
C11EE93F
C11F4D5F
C11FB1FE
C120171A
C1207CB0
C120E2BE
C1214942
C121B03A
C12217A5
C1227F80
C122E7CA
C1235081
C123B9A2
C124232D
C1248D1F
C124F777
C1256234
C125CD54
C12638D5
C126A4B7
C12710F7
C1277D95
C127EA8E
C12857E3
C128C592
C1293399
C129A1F8
C12A10AE
C12A7FBA
C12AEF1A
C12B5ECE
C12BCED6
C12C3F2F
C12CAFDB
C12D20D7
C12D9224
C12E03C0
C12E75AB
C12EE7E4
C12F5A6C
C12FCD41
C1304063
C130B3D2
C131278D
C1319B94
C1320FE7
C1328485
C132F96E
C1336EA2
C133E420
C13459E9
C134CFFC
C1354659
C135BD00
C13633F1
C136AB2B
C13722AF
C1379A7D
C1381294
C1388AF4
C139039E
C1397C91
C139F5CE
C13A6F54
C13AE924
C13B633C
C13BDD9F
C13C584A
C13CD33F
C13D4E7E
C13DCA06
C13E45D8
C13EC1F3
C13F3E58
C13FBB06
C14037FF
C140B541
C14132CD
C141B0A2
C1422EC2
C142AD2B
C1432BDE
C143AADC
C1442A23
C144A9B4
C145298F
C145A9B3
C1462A22
C146AADB
C1472BDD
C147AD2A
C1482EC0
C148B09F
C14932C9
C149B53C
C14A37F8
C14ABAFE
C14B3E4D
C14BC1E5
C14C45C6
C14CC9F0
C14D4E63
C14DD31E
C14E5822
C14EDD6E
C14F6302
C14FE8DE
C1506F01
C150F56C
C1517C1E
C1520316
C1528A56
C15311DC
C15399A7
C15421B9
C154AA10
C15532AC
C155BB8D
C15644B3
C156CE1C
C15757C9
C157E1BA
C1586BEE
C158F664
C159811C
C15A0C17
C15A9752
C15B22CF
C10423A1
C10441F9
C104608F
C1047F65
C1049E7F
C104BDE0
C104DD8C
C104FD84
C1051DCE
C1053E6B
C1055F5E
C10580AB
C105A254
C105C45C
C105E6C6
C1060996
C1062CCD
C106506E
C106747D
C10698FC
C106BDEE
C106E356
C1070936
C1072F90
C1075669
C1077DC1
C107A59D
C107CDFE
C107F6E7
C108205A
C1084A5B
C10874EC
C108A00F
C108CBC6
C108F815
C10924FD
C1095281
C10980A3
C109AF66
C109DECC
C10A0ED6
C10A3F88
C10A70E4
C10AA2EB
C10AD5A0
C10B0904
C10B3D1A
C10B71E3
C10BA762
C10BDD98
C10C1487
C10C4C30
C10C8496
C10CBDB9
C10CF79B
C10D323E
C10D6DA2
C10DA9CA
C10DE6B5
C10E2466
C10E62DD
C10EA21B
C10EE220
C10F22EF
C10F6486
C10FA6E6
C10FEA11
C1102E06
C11072C5
C110B84F
C110FEA3
C11145C2
C1118DAB
C111D65D
C1121FD9
C1126A1E
C112B52B
C1130100
C1134D9C
C1139AFD
C113E923
C114380C
C11487B9
C114D826
C1152953
C1157B3E
C115CDE6
C1162149
C1167565
C116CA39
C1171FC3
C1177600
C117CCF0
C118248F
C1187CDC
C118D5D5
C1192F77
C11989C0
C119E4AF
C11A4040
C11A9C72
C11AF943
C11B56AF
C11BB4B4
C11C1351
C11C7283
C11CD247
C11D329B
C11D937D
C11DF4EB
C11E56E2
C11EB960
C11F1C62
C11F7FE7
C11FE3ED
C1204870
C120AD6F
C12112E8
C12178D9
C121DF3F
C1224619
C122AD65
C1231521
C1237D4B
C123E5E1
C1244EE1
C124B84A
C125221B
C1258C50
C125F6EA
C12661E6
C126CD43
C12738FF
C127A51A
C1281191
C1287E65
C128EB92
C1295919
C129C6F8
C12A352E
C12AA3BA
C12B129C
C12B81D1
C12BF15A
C12C6136
C12CD163
C12D41E1
C12DB2AF
C12E23CE
C12E953B
C12F06F6
C12F7900
C12FEB57
C1305DFB
C130D0EB
C1314427
C131B7B0
C1322B83
C1329FA2
C133140B
C13388BF
C133FDBD
C1347305
C134E897
C1355E72
C135D497
C1364B06
C136C1BD
C13738BE
C137B008
C138279B
C1389F77
C139179C
C139900A
C13A08C1
C13A81C0
C13AFB09
C13B749A
C13BEE75
C13C6898
C13CE305
C13D5DBA
C13DD8B9
C13E5401
C13ECF92
C13F4B6C
C13FC78F
C14043FC
C140C0B2
C1413DB2
C141BAFB
C142388D
C142B66A
C143348F
C143B2FF
C14431B8
C144B0BB
C1453007
C145AF9E
C1462F7E
C146AFA7
C147301B
C147B0D8
C14831DF
C148B32F
C14934C9
C149B6AD
C14A38DA
C14ABB51
C14B3E10
C14BC11A
C14C446C
C14CC807
C14D4BEB
C14DD018
C14E548E
C14ED94C
C14F5E53
C14FE3A1
C1506938
C150EF16
C151753C
C151FBA9
C152825D
C1530958
C1539099
C1541821
C1549FEF
C1552802
C155B05B
C15638F9
C156C1DB
C1574B02
C157D46D
C1585E1C
C158E80E
C1597243
C159FCBB
C15A8775
C15B1270
C15B9DAD
C104BF38
C104DD8C
C104FC1D
C1051AEE
C1053A04
C1055961
C1057908
C10598FC
C105B941
C105D9D9
C105FAC8
C1061C10
C1063DB5
C1065FB8
C106821E
C106A4E9
C106C81B
C106EBB8
C1070FC2
C107343C
C1075929
C1077E8C
C107A467
C107CABD
C107F190
C10818E3
C10840BA
C1086915
C10891F9
C108BB67
C108E563
C1090FEE
C1093B0B
C10966BD
C1099306
C109BFE8
C109ED66
C10A1B82
C10A4A3F
C10A799F
C10AA9A3
C10ADA4F
C10B0BA4
C10B3DA4
C10B7052
C10BA3B0
C10BD7BF
C10C0C81
C10C41F9
C10C7827
C10CAF0F
C10CE6B1
C10D1F0E
C10D582A
C10D9204
C10DCC9E
C10E07FA
C10E4419
C10E80FC
C10EBEA4
C10EFD12
C10F3C47
C10F7C43
C10FBD08
C10FFE95
C11040EC
C110840C
C110C7F7
C1110CAB
C111522A
C1119873
C111DF87
C1122764
C112700B
C112B97B
C11303B4
C1134EB4
C1139A7C
C113E70B
C114345F
C1148277
C114D153
C11520F1
C115714F
C115C26D
C116144A
C11666E2
C116BA35
C1170E42
C1176305
C117B87E
C1180EAA
C1186588
C118BD16
C1191551
C1196E37
C119C7C6
C11A21FC
C11A7CD7
C11AD855
C11B3472
C11B912D
C11BEE84
C11C4C74
C11CAAFA
C11D0A15
C11D69C2
C11DC9FF
C11E2AC9
C11E8C1F
C11EEDFD
C11F5061
C11FB34A
C12016B4
C1207A9F
C120DF07
C12143EA
C121A947
C1220F1B
C1227564
C122DC20
C123434E
C123AAEA
C12412F5
C1247B6B
C124E44B
C1254D93
C125B741
C1262155
C1268BCC
C126F6A4
C12761DD
C127CD75
C128396B
C128A5BD
C129126A
C1297F71
C129ECD0
C12A5A87
C12AC895
C12B36F8
C12BA5B0
C12C14BB
C12C8419
C12CF3C9
C12D63CA
C12DD41C
C12E44BD
C12EB5AE
C12F26EC
C12F9879
C1300A53
C1307C7A
C130EEED
C13161AC
C131D4B7
C132480C
C132BBAD
C1332F98
C133A3CD
C134184C
C1348D15
C1350227
C1357782
C135ED27
C1366314
C136D94B
C1374FCA
C137C692
C1383DA2
C138B4FB
C1392C9C
C139A486
C13A1CB8
C13A9533
C13B0DF6
C13B8702
C13C0056
C13C79F2
C13CF3D7
C13D6E05
C13DE87B
C13E633A
C13EDE42
C13F5992
C13FD52C
C140510E
C140CD39
C14149AE
C141C66B
C1424372
C142C0C2
C1433E5B
C143BC3D
C1443A69
C144B8DE
C145379D
C145B6A5
C14635F7
C146B592
C1473577
C147B5A6
C148361D
C148B6DF
C14937EA
C149B93F
C14A3ADD
C14ABCC4
C14B3EF5
C14BC16F
C14C4432
C14CC73E
C14D4A94
C14DCE32
C14E5219
C14ED649
C14F5AC2
C14FDF82
C150648B
C150E9DC
C1516F75
C151F556
C1527B7E
C15301ED
C15388A3
C1540FA0
C15496E4
C1551E6D
C155A63D
C1562E52
C156B6AC
C1573F4C
C157C830
C1585159
C158DAC5
C1596476
C159EE69
C15A78A0
C15B0319
C15B8DD4
C15C18D1
C1055ADB
C105792A
C10597B7
C105B684
C105D595
C105F4ED
C1061490
C1063480
C10654C1
C1067555
C106963F
C106B783
C106D923
C106FB22
C1071D83
C1074049
C1076377
C107870F
C107AB15
C107CF8A
C107F472
C10819D0
C1083FA6
C10865F7
C1088CC5
C108B414
C108DBE5
C109043C
C1092D1A
C1095683
C109807A
C109AAFF
C109D617
C10A01C3
C10A2E07
C10A5AE3
C10A885C
C10AB672
C10AE529
C10B1482
C10B4481
C10B7526
C10BA675
C10BD86F
C10C0B16
C10C3E6D
C10C7275
C10CA731
C10CDCA1
C10D12C9
C10D49A9
C10D8143
C10DB999
C10DF2AD
C10E2C7F
C10E6712
C10EA265
C10EDE7C
C10F1B57
C10F58F6
C10F975B
C10FD687
C110167A
C1105735
C11098B9
C110DB06
C1111E1C
C11161FC
C111A6A7
C111EC1B
C1123259
C1127962
C112C134
C11309CF
C1135333
C1139D60
C113E855
C1143410
C1148092
C114CDD8
C1151BE4
C1156AB2
C115BA42
C1160A92
C1165BA2
C116AD6F
C116FFF8
C117533C
C117A739
C117FBEC
C1185154
C118A770
C118FE3D
C11955B9
C119ADE2
C11A06B6
C11A6033
C11ABA56
C11B151D
C11B7087
C11BCC90
C11C2937
C11C8678
C11CE453
C11D42C4
C11DA1C8
C11E015F
C11E6184
C11EC237
C11F2374
C11F853A
C11FE785
C1204A54
C120ADA5
C1211175
C12175C2
C121DA8A
C1223FCB
C122A582
C1230BAF
C123724D
C123D95D
C12440DB
C124A8C7
C125111D
C12579DD
C125E304
C1264C92
C126B684
C12720D8
C1278B8E
C127F6A4
C1286218
C128CDE9
C1293A16
C129A69D
C12A137E
C12A80B7
C12AEE46
C12B5C2C
C12BCA67
C12C38F5
C12CA7D7
C12D170B
C12D8690
C12DF666
C12E668B
C12ED700
C12F47C3
C12FB8D4
C1302A32
C1309BDD
C1310DD4
C1318017
C131F2A6
C132657F
C132D8A3
C1334C11
C133BFC8
C13433CA
C134A815
C1351CA9
C1359185
C13606AB
C1367C19
C136F1D0
C13767CE
C137DE16
C13854A5
C138CB7C
C139429B
C139BA02
C13A31B2
C13AA9A9
C13B21E8
C13B9A6F
C13C133E
C13C8C55
C13D05B4
C13D7F5B
C13DF94A
C13E7381
C13EEE01
C13F68C9
C13FE3DA
C1405F33
C140DAD4
C14156BE
C141D2F1
C1424F6D
C142CC31
C143493E
C143C695
C1444434
C144C21D
C145404E
C145BEC9
C1463D8D
C146BC9B
C1473BF1
C147BB92
C1483B7B
C148BBAE
C1493C2A
C149BCF0
C14A3DFF
C14ABF57
C14B40F9
C14BC2E4
C14C4518
C14CC796
C14D4A5C
C14DCD6C
C14E50C4
C14ED466
C14F5850
C14FDC82
C15060FD
C150E5C0
C1516ACC
C151F01F
C15275BA
C152FB9D
C15381C7
C1540839
C1548EF1
C15515F0
C1559D35
C15624C0
C156AC92
C15734A8
C157BD05
C15845A6
C158CE8C
C15957B6
C159E124
C15A6AD5
C15AF4CA
C15B7F02
C15C097C
C15C9439
C105F689
C10614D4
C106335C
C1065225
C1067132
C1069086
C106B025
C106D010
C106F04C
C10710DC
C10731C2
C1075301
C107749D
C1079698
C107B8F5
C107DBB6
C107FEE0
C1082273
C1084674
C1086AE5
C1088FC9
C108B522
C108DAF3
C109013F
C1092809
C1094F53
C109771F
C1099F70
C109C84A
C109F1AE
C10A1B9F
C10A461F
C10A7132
C10A9CD9
C10AC917
C10AF5EE
C10B2360
C10B5171
C10B8022
C10BAF75
C10BDF6E
C10C100D
C10C4156
C10C7349
C10CA5EA
C10CD93B
C10D0D3C
C10D41F1
C10D775B
C10DAD7B
C10DE454
C10E1BE7
C10E5436
C10E8D42
C10EC70C
C10F0197
C10F3CE3
C10F78F2
C10FB5C4
C10FF35A
C11031B7
C11070DA
C110B0C4
C110F176
C11132F0
C1117534
C111B840
C111FC17
C11240B7
C1128621
C112CC55
C1131352
C1135B19
C113A3A9
C113ED02
C1143723
C114820B
C114CDBA
C1151A30
C115676A
C115B568
C1160428
C11653AB
C116A3ED
C116F4EF
C11746AD
C1179928
C117EC5C
C1184049
C11894ED
C118EA45
C1194051
C119970D
C119EE77
C11A468F
C11A9F51
C11AF8BB
C11B52CC
C11BAD80
C11C08D7
C11C64CC
C11CC15E
C11D1E8B
C11D7C51
C11DDAAC
C11E399B
C11E991B
C11EF92A
C11F59C5
C11FBAEB
C1201C98
C1207ECB
C120E182
C12144B9
C121A86F
C1220CA1
C122714E
C122D674
C1233C0F
C123A21F
C12408A1
C1246F93
C124D6F3
C1253EC0
C125A6F8
C1260F98
C126789F
C126E20C
C1274BDD
C127B60F
C12820A3
C1288B96
C128F6E7
C1296294
C129CE9C
C12A3AFE
C12AA7B9
C12B14CC
C12B8235
C12BEFF3
C12C5E05
C12CCC6B
C12D3B24
C12DAA2E
C12E1989
C12E8934
C12EF92E
C12F6976
C12FDA0D
C1304AF0
C130BC21
C1312D9D
C1319F65
C1321179
C13283D7
C132F67F
C1336972
C133DCAE
C1345033
C134C401
C1353818
C135AC78
C1362120
C1369610
C1370B48
C13780C8
C137F690
C1386CA0
C138E2F7
C1395995
C139D07C
C13A47A9
C13ABF1E
C13B36DA
C13BAEDE
C13C272A
C13C9FBC
C13D1897
C13D91B9
C13E0B22
C13E84D3
C13EFECC
C13F790D
C13FF396
C1406E67
C140E980
C14164E1
C141E08A
C1425C7C
C142D8B6
C1435538
C143D203
C1444F17
C144CC74
C1454A19
C145C807
C146463F
C146C4BF
C1474388
C147C29A
C14841F6
C148C19B
C1494189
C149C1C0
C14A4240
C14AC30A
C14B441D
C14BC579
C14C471E
C14CC90D
C14D4B44
C14DCDC5
C14E508F
C14ED3A1
C14F56FD
C14FDAA1
C1505E8D
C150E2C2
C1516740
C151EC06
C1527114
C152F669
C1537C07
C15401EB
C1548818
C1550E8B
C1559545
C1561C46
C156A38D
C1572B1A
C157B2ED
C1583B05
C158C363
C1594C06
C159D4ED
C15A5E19
C15AE788
C15B713B
C15BFB31
C15C856A
C15D0FE6
C1069242
C106B089
C106CF0D
C106EDD2
C1070CDB
C1072C2A
C1074BC5
C1076BAC
C1078BE4
C107AC70
C107CD51
C107EE8C
C1081024
C108321A
C1085473
C1087730
C1089A55
C108BDE4
C108E1E1
C109064D
C1092B2D
C1095081
C109764E
C1099C95
C109C35A
C109EA9F
C10A1266
C10A3AB3
C10A6388
C10A8CE7
C10AB6D3
C10AE14E
C10B0C5B
C10B37FD
C10B6435
C10B9107
C10BBE74
C10BEC7F
C10C1B2A
C10C4A78
C10C7A6B
C10CAB04
C10CDC46
C10D0E34
C10D40CF
C10D7419
C10DA814
C10DDCC2
C10E1225
C10E483E
C10E7F10
C10EB69C
C10EEEE4
C10F27E8
C10F61AB
C10F9C2E
C10FD773
C1101379
C1105043
C1108DD2
C110CC26
C1110B40
C1114B21
C1118BCA
C111CD3B
C1120F75
C1125279
C1129645
C112DADB
C113203B
C1136665
C113AD57
C113F514
C1143D99
C11486E6
C114D0FB
C1151BD8
C115677B
C115B3E4
C1160112
C1164F03
C1169DB6
C116ED2B
C1173D60
C1178E54
C117E004
C1183270
C1188596
C118D974
C1192E08
C1198350
C119D94B
C11A2FF7
C11A8751
C11ADF57
C11B3807
C11B9160
C11BEB5E
C11C4600
C11CA143
C11CFD25
C11D59A3
C11DB6BC
C11E146D
C11E72B3
C11ED18D
C11F30F7
C11F90EF
C11FF174
C1205282
C120B418
C1211633
C12178D0
C121DBEF
C1223F8B
C122A3A4
C1230836
C1236D40
C123D2C0
C12438B4
C1249F1A
C12505EF
C1256D32
C125D4E0
C1263CF9
C126A57A
C1270E62
C12777AF
C127E15F
C1284B70
C128B5E2
C12920B3
C1298BE0
C129F76A
C12A634E
C12ACF8C
C12B3C22
C12BA90F
C12C1651
C12C83E8
C12CF1D4
C12D6012
C12DCEA1
C12E3D82
C12EACB3
C12F1C34
C12F8C03
C12FFC20
C1306C8A
C130DD41
C1314E44
C131BF93
C132312C
C132A311
C133153F
C13387B7
C133FA79
C1346D83
C134E0D6
C1355472
C135C856
C1363C82
C136B0F6
C13725B1
C1379AB4
C1380FFE
C138858F
C138FB68
C1397187
C139E7EE
C13A5E9B
C13AD58F
C13B4CCB
C13BC44D
C13C3C16
C13CB426
C13D2C7D
C13DA51B
C13E1E01
C13E972D
C13F10A1
C13F8A5C
C140045E
C1407EA8
C140F939
C1417413
C141EF33
C1426A9C
C142E64D
C1436246
C143DE87
C1445B10
C144D7E2
C14554FC
C145D25E
C1465009
C146CDFD
C1474C39
C147CABF
C148498D
C148C8A4
C1494804
C149C7AD
C14A47A0
C14AC7DB
C14B485F
C14BC92D
C14C4A44
C14CCBA3
C14D4D4C
C14DCF3E
C14E5179
C14ED3FC
C14F56C9
C14FD9DE
C1505D3C
C150E0E3
C15164D3
C151E90A
C1526D8A
C152F252
C1537762
C153FCBA
C154825A
C1550841
C1558E6F
C15614E4
C1569BA0
C15722A2
C157A9EB
C158317A
C158B94F
C1594169
C159C9C8
C15A526C
C15ADB55
C15B6482
C15BEDF2
C15C77A7
C15D019E
C15D8BD8
C1072E06
C1074C48
C1076AC8
C1078989
C107A88E
C107C7DA
C107E770
C1080754
C1082787
C108480F
C10868EC
C1088A23
C108ABB7
C108CDA9
C108EFFD
C10912B6
C10935D7
C1095962
C1097D5A
C109A1C2
C109C69D
C109EBED
C10A11B5
C10A37F8
C10A5EB8
C10A85F9
C10AADBB
C10AD603
C10AFED3
C10B282D
C10B5214
C10B7C8A
C10BA793
C10BD32F
C10BFF62
C10C2C2F
C10C5996
C10C879C
C10CB642
C10CE58A
C10D1577
C10D460A
C10D7747
C10DA92E
C10DDBC3
C10E0F06
C10E42FB
C10E77A3
C10EACFF
C10EE312
C10F19DD
C10F5162
C10F89A3
C10FC2A0
C10FFC5C
C11036D7
C1107214
C110AE12
C110EAD4
C111285B
C11166A7
C111A5B8
C111E591
C1122631
C1126799
C112A9CA
C112ECC4
C1133087
C1137514
C113BA69
C1140089
C1144771
C1148F23
C114D79D
C11520DF
C1156AE9
C115B5BA
C1160152
C1164DAF
C1169AD0
C116E8B4
C117375B
C11786C3
C117D6EA
C11827D0
C1187973
C118CBD0
C1191EE7
C11972B6
C119C73B
C11A1C74
C11A725F
C11AC8FB
C11B2044
C11B7839
C11BD0D9
C11C2A1F
C11C840C
C11CDE9B
C11D39CC
C11D959A
C11DF205
C11E4F0A
C11EACA7
C11F0AD8
C11F699C
C11FC8F1
C12028D4
C1208942
C120EA39
C1214BB8
C121ADBB
C1221040
C1227346
C122D6C9
C1233AC8
C1239F41
C1240430
C1246995
C124CF6E
C12535B7
C1259C6F
C1260395
C1266B27
C126D321
C1273B84
C127A44C
C1280D79
C1287709
C128E0FA
C1294B4A
C129B5F9
C12A2104
C12A8C6B
C12AF82C
C12B6446
C12BD0B7
C12C3D7E
C12CAA9B
C12D180C
C12D85D0
C12DF3E7
C12E624E
C12ED107
C12F400E
C12FAF65
C1301F0A
C1308EFC
C130FF3A
C1316FC5
C131E09B
C13251BD
C132C328
C13334DE
C133A6DD
C1341926
C1348BB7
C134FE91
C13571B2
C135E51C
C13658CD
C136CCC6
C1374106
C137B58D
C1382A5B
C1389F70
C13914CB
C1398A6D
C13A0055
C13A7684
C13AECF9
C13B63B5
C13BDAB7
C13C51FF
C13CC98E
C13D4163
C13DB97F
C13E31E2
C13EAA8B
C13F237A
C13F9CB1
C140162E
C1408FF3
C14109FE
C1418451
C141FEEA
C14279CC
C142F4F4
C1437064
C143EC1C
C144681C
C144E464
C14560F3
C145DDCB
C1465AEB
C146D853
C1475604
C147D3FD
C148523F
C148D0C9
C1494F9C
C149CEB8
C14A4E1C
C14ACDCA
C14B4DC0
C14BCDFF
C14C4E87
C14CCF58
C14D5073
C14DD1D6
C14E5382
C14ED577
C14F57B5
C14FDA3B
C1505D0B
C150E023
C1516384
C151E72D
C1526B1F
C152EF59
C15373DB
C153F8A6
C1547DB8
C1550312
C15588B3
C1560E9C
C15694CC
C1571B43
C157A201
C1582905
C158B050
C15937E0
C159BFB6
C15A47D2
C15AD032
C15B58D8
C15BE1C2
C15C6AF0
C15CF462
C15D7E18
C15E0810
C107C9D4
C107E813
C108068F
C108254C
C108444C
C1086394
C1088326
C108A306
C108C336
C108E3B9
C1090493
C10925C6
C1094755
C1096943
C1098B93
C109AE48
C109D165
C109F4EC
C10A18E0
C10A3D43
C10A621A
C10A8766
C10AAD29
C10AD368
C10AFA23
C10B215F
C10B491D
C10B7161
C10B9A2C
C10BC381
C10BED63
C10C17D5
C10C42D8
C10C6E6F
C10C9A9D
C10CC764
C10CF4C7
C10D22C7
C10D5168
C10D80AA
C10DB091
C10DE11F
C10E1256
C10E4437
C10E76C6
C10EAA04
C10EDDF2
C10F1293
C10F47E9
C10F7DF6
C10FB4BA
C10FEC38
C1102472
C1105D68
C110971D
C110D191
C1110CC6
C11148BD
C1118577
C111C2F6
C1120139
C1124043
C1128013
C112C0AA
C113020A
C1134432
C1138722
C113CADC
C1140F5F
C11454AB
C1149AC0
C114E19F
C1152946
C11571B5
C115BAED
C11604EC
C1164FB2
C1169B3E
C116E78E
C11734A4
C117827C
C117D116
C1182071
C118708B
C118C164
C11912F8
C1196548
C119B851
C11A0C11
C11A6087
C11AB5B1
C11B0B8C
C11B6218
C11BB951
C11C1136
C11C69C4
C11CC2FA
C11D1CD4
C11D7752
C11DD270
C11E2E2C
C11E8A84
C11EE775
C11F44FD
C11FA31B
C12001CA
C120610A
C120C0D7
C121212F
C1218210
C121E377
C1224563
C122A7D1
C1230ABE
C1236E29
C123D20E
C124366D
C1249B43
C125008D
C125664A
C125CC78
C1263315
C1269A1E
C1270192
C127696F
C127D1B3
C1283A5D
C128A36B
C1290CDB
C12976AC
C129E0DB
C12A4B69
C12AB652
C12B2197
C12B8D34
C12BF92A
C12C6577
C12CD21A
C12D3F12
C12DAC5D
C12E19FB
C12E87EA
C12EF62A
C12F64BA
C12FD399
C13042C7
C130B241
C1312209
C131921D
C132027C
C1327326
C132E41A
C1335559
C133C6E0
C13438B1
C134AACA
C1351D2C
C1358FD5
C13602C6
C13675FE
C136E97D
C1375D44
C137D150
C13845A3
C138BA3D
C1392F1D
C139A442
C13A19AE
C13A8F60
C13B0558
C13B7B95
C13BF219
C13C68E2
C13CDFF1
C13D5746
C13DCEE1
C13E46C2
C13EBEE9
C13F3757
C13FB00A
C1402904
C140A244
C1411BCB
C1419598
C1420FAC
C1428A07
C14304A9
C1437F92
C143FAC2
C1447639
C144F1F8
C1456DFE
C145EA4C
C14666E2
C146E3BF
C14760E5
C147DE53
C1485C09
C148DA07
C149584D
C149D6DC
C14A55B4
C14AD4D4
C14B543D
C14BD3EE
C14C53E9
C14CD42C
C14D54B8
C14DD58C
C14E56AA
C14ED810
C14F59BF
C14FDBB7
C1505DF8
C150E082
C1516354
C151E66F
C15269D2
C152ED7E
C1537172
C153F5AF
C1547A33
C154FF00
C1558414
C1560970
C1568F13
C15714FE
C1579B30
C15821A9
C158A868
C1592F6E
C159B6BA
C15A3E4C
C15AC623
C15B4E40
C15BD6A2
C15C5F49
C15CE835
C15D7164
C15DFAD7
C15E848E
C10865AC
C10883E7
C108A25F
C108C118
C108E015
C108FF59
C1091EE8
C1093EC3
C1095EEF
C1097F6F
C109A044
C109C173
C109E2FE
C10A04E9
C10A2735
C10A49E6
C10A6CFE
C10A9081
C10AB471
C10AD8D0
C10AFDA3
C10B22EA
C10B48AA
C10B6EE4
C10B959B
C10BBCD2
C10BE48C
C10C0CCB
C10C3591
C10C5EE2
C10C88BF
C10CB32C
C10CDE2A
C10D09BD
C10D35E6
C10D62A8
C10D9005
C10DBE00
C10DEC9B
C10E1BD9
C10E4BBA
C10E7C43
C10EAD74
C10EDF4F
C10F11D8
C10F4510
C10F78F8
C10FAD93
C10FE2E3
C11018E9
C1104FA7
C110871E
C110BF51
C110F840
C11131EE
C1116C5B
C111A789
C111E378
C112202B
C1125DA1
C1129BDD
C112DADE
C1131AA6
C1135B36
C1139C8C
C113DEAC
C1142193
C1146544
C114A9BD
C114EF00
C115350B
C1157BE0
C115C37D
C1160BE2
C116550F
C1169F03
C116E9BD
C117353E
C1178183
C117CE8D
C1181C59
C1186AE7
C118BA35
C1190A42
C1195B0D
C119AC95
C119FED7
C11A51D2
C11AA584
C11AF9EB
C11B4F06
C11BA4D2
C11BFB4E
C11C5277
C11CAA4B
C11D02C9
C11D5BEE
C11DB5B7
C11E1023
C11E6B2F
C11EC6D8
C11F231D
C11F7FFC
C11FDD70
C1203B7A
C1209A15
C120F93F
C12158F7
C121B93A
C1221A05
C1227B56
C122DD2B
C1233F81
C123A256
C12405A9
C1246976
C124CDBB
C1253277
C12597A7
C125FD4A
C126635C
C126C9DD
C12730CA
C1279822
C127FFE2
C1286809
C128D094
C1293983
C129A2D4
C12A0C85
C12A7694
C12AE101
C12B4BC9
C12BB6EB
C12C2267
C12C8E3A
C12CFA63
C12D66E2
C12DD3B5
C12E40DA
C12EAE52
C12F1C1B
C12F8A35
C12FF89D
C1306754
C130D658
C13145AA
C131B547
C1322530
C1329564
C13305E3
C13376AB
C133E7BC
C1345917
C134CAB9
C1353CA4
C135AED6
C1362150
C1369410
C1370718
C1377A65
C137EDF9
C13861D3
C138D5F3
C1394A59
C139BF04
C13A33F5
C13AA92B
C13B1EA7
C13B9468
C13C0A6E
C13C80BA
C13CF74B
C13D6E21
C13DE53D
C13E5C9E
C13ED445
C13F4C31
C13FC463
C1403CDB
C140B599
C1412E9C
C141A7E5
C1422175
C1429B4B
C1431567
C1438FCA
C1440A74
C1448564
C145009B
C1457C19
C145F7DF
C14673EB
C146F03F
C1476CDB
C147E9BE
C14866E9
C148E45C
C1496217
C149E01A
C14A5E66
C14ADCF9
C14B5BD5
C14BDAF9
C14C5A66
C14CDA1C
C14D5A1A
C14DDA60
C14E5AF0
C14EDBC8
C14F5CE9
C14FDE52
C1506004
C150E1FF
C1516443
C151E6CF
C15269A4
C152ECC2
C1537027
C153F3D6
C15477CC
C154FC0B
C1558091
C1560560
C1568A76
C1570FD4
C1579579
C1581B66
C158A199
C1592814
C159AED5
C15A35DC
C15ABD2A
C15B44BD
C15BCC96
C15C54B5
C15CDD18
C15D65C0
C15DEEAD
C15E77DD
C15F0152
C109018E
C1091FC5
C1093E3A
C1095CEF
C1097BE8
C1099B28
C109BAB3
C109DA8B
C109FAB3
C10A1B2F
C10A3C00
C10A5D2C
C10A7EB3
C10AA099
C10AC2E2
C10AE58E
C10B08A3
C10B2C22
C10B500E
C10B7469
C10B9937
C10BBE7B
C10BE436
C10C0A6C
C10C311F
C10C5852
C10C8007
C10CA841
C10CD103
C10CFA50
C10D2428
C10D4E90
C10D798A
C10DA518
C10DD13C
C10DFDF9
C10E2B51
C10E5947
C10E87DD
C10EB715
C10EE6F1
C10F1774
C10F48A0
C10F7A76
C10FACF9
C10FE02B
C110140D
C11048A2
C1107DEC
C110B3EB
C110EAA3
C1112214
C1115A40
C1119328
C111CCCF
C1120735
C112425C
C1127E44
C112BAEF
C112F85E
C1133692
C113758B
C113B54B
C113F5D2
C1143721
C1147937
C114BC16
C114FFBD
C115442E
C1158967
C115CF69
C1161633
C1165DC6
C116A621
C116EF44
C117392D
C11783DD
C117CF53
C1181B8D
C118688A
C118B64B
C11904CC
C119540E
C119A40F
C119F4CD
C11A4647
C11A987C
C11AEB69
C11B3F0D
C11B9366
C11BE872
C11C3E2F
C11C949C
C11CEBB5
C11D437A
C11D9BE7
C11DF4FB
C11E4EB3
C11EA90E
C11F0408
C11F5FA0
C11FBBD2
C120189E
C12075FF
C120D3F5
C121327C
C1219192
C121F135
C1225162
C122B218
C1231352
C1237511
C123D750
C1243A0E
C1249D48
C12500FD
C125652A
C125C9CD
C1262EE3
C126946B
C126FA63
C12760C9
C127C79A
C1282ED6
C1289679
C128FE82
C12966F1
C129CFC1
C12A38F3
C12AA285
C12B0C75
C12B76C1
C12BE168
C12C4C69
C12CB7C2
C12D2373
C12D8F79
C12DFBD4
C12E6882
C12ED584
C12F42D6
C12FB079
C1301E6C
C1308CAD
C130FB3D
C1316A19
C131D941
C13248B6
C132B875
C133287E
C13398D1
C134096E
C1347A53
C134EB80
C1355CF6
C135CEB2
C13640B6
C136B300
C1372591
C1379868
C1380B84
C1387EE7
C138F28F
C139667C
C139DAAE
C13A4F26
C13AC3E2
C13B38E3
C13BAE29
C13C23B4
C13C9984
C13D0F99
C13D85F2
C13DFC90
C13E7373
C13EEA9B
C13F6208
C13FD9BA
C14051B1
C140C9ED
C141426F
C141BB36
C1423442
C142AD95
C143272D
C143A10B
C1441B2F
C144959A
C145104B
C1458B42
C1460680
C1468205
C146FDD1
C14779E3
C147F63D
C14872DF
C148EFC7
C1496CF8
C149EA70
C14A682F
C14AE637
C14B6487
C14BE31F
C14C61FF
C14CE127
C14D6098
C14DE051
C14E6053
C14EE09D
C14F6130
C14FE20B
C150632F
C150E49C
C1516651
C151E84E
C1526A95
C152ED24
C1536FFB
C153F31B
C1547683
C154FA33
C1557E2C
C156026D
C15686F5
C1570BC6
C15790DE
C158163E
C1589BE5
C15921D3
C159A808
C15A2E84
C15AB547
C15B3C50
C15BC39F
C15C4B34
C15CD30E
C15D5B2E
C15DE393
C15E6C3C
C15EF52A
C15F7E5C
C1099D79
C109BBAD
C109DA1E
C109F8CF
C10A17C5
C10A3701
C10A5688
C10A765C
C10A9681
C10AB6F9
C10AD7C7
C10AF8EE
C10B1A72
C10B3C55
C10B5E99
C10B8142
C10BA453
C10BC7CE
C10BEBB5
C10C100D
C10C34D7
C10C5A17
C10C7FCE
C10CA5FF
C10CCCAE
C10CF3DD
C10D1B8E
C10D43C4
C10D6C82
C10D95C9
C10DBF9E
C10DEA01
C10E14F6
C10E407F
C10E6C9E
C10E9957
C10EC6AA
C10EF49B
C10F232C
C10F525F
C10F8236
C10FB2B3
C10FE3D9
C11015AA
C1104827
C1107B53
C110AF30
C110E3BF
C1111903
C1114EFC
C11185AE
C111BD18
C111F53E
C1122E20
C11267C0
C112A21F
C112DD3E
C113191F
C11355C3
C113932B
C113D157
C1141049
C1145001
C114907F
C114D1C6
C11513D4
C11556AA
C1159A49
C115DEB0
C11623E0
C11669D9
C116B09A
C116F823
C1174074
C117898C
C117D36B
C1181E10
C118697B
C118B5AA
C119029C
C1195051
C1199EC7
C119EDFC
C11A3DF1
C11A8EA2
C11AE010
C11B3237
C11B8516
C11BD8AD
C11C2CF7
C11C81F5
C11CD7A4
C11D2E01
C11D850B
C11DDCC0
C11E351E
C11E8E21
C11EE7C9
C11F4212
C11F9CFB
C11FF881
C12054A1
C120B15A
C1210EA9
C1216C8B
C121CAFF
C1222A01
C122898F
C122E9A8
C1234A48
C123AB6D
C1240D15
C1246F3E
C124D1E5
C1253508
C12598A4
C125FCB9
C1266143
C126C640
C1272BAE
C127918C
C127F7D7
C1285E8D
C128C5AD
C1292D34
C1299520
C129FD71
C12A6624
C12ACF38
C12B38AB
C12BA27B
C12C0CA7
C12C772E
C12CE20E
C12D4D46
C12DB8D4
C12E24B8
C12E90F0
C12EFD7B
C12F6A58
C12FD786
C1304503
C130B2D0
C13120EB
C1318F53
C131FE08
C1326D08
C132DC53
C1334BE9
C133BBC8
C1342BF1
C1349C62
C1350D1C
C1357E1D
C135EF65
C13660F4
C136D2C9
C13744E5
C137B747
C13829ED
C1389CDA
C139100B
C1398381
C139F73C
C13A6B3C
C13ADF80
C13B5409
C13BC8D5
C13C3DE7
C13CB33C
C13D28D5
C13D9EB3
C13E14D5
C13E8B3C
C13F01E6
C13F78D5
C13FF009
C1406781
C140DF3E
C141573F
C141CF85
C1424811
C142C0E1
C14339F6
C143B351
C1442CF2
C144A6D8
C1452104
C1459B76
C146162E
C146912C
C1470C70
C14787FB
C14803CD
C1487FE6
C148FC45
C14978EC
C149F5DA
C14A730F
C14AF08C
C14B6E51
C14BEC5D
C14C6AB1
C14CE94D
C14D6831
C14DE75D
C14E66D2
C14EE68F
C14F6694
C14FE6E1
C1506777
C150E856
C151697C
C151EAEC
C1526CA4
C152EEA4
C15370ED
C153F37F
C1547658
C154F97B
C1557CE5
C1560098
C1568492
C15708D5
C1578D60
C1581232
C158974C
C1591CAE
C159A256
C15A2846
C15AAE7D
C15B34FB
C15BBBBF
C15C42C9
C15CCA19
C15D51B0
C15DD98B
C15E61AC
C15EEA12
C15F72BD
C15FFBAC
C10A396E
C10A579E
C10A760B
C10A94B9
C10AB3AB
C10AD2E4
C10AF268
C10B1238
C10B3259
C10B52CD
C10B7398
C10B94BC
C10BB63B
C10BD81A
C10BFA5B
C10C1D00
C10C400D
C10C6384
C10C8768
C10CABBC
C10CD082
C10CF5BE
C10D1B71
C10D419E
C10D6849
C10D8F74
C10DB721
C10DDF53
C10E080C
C10E314F
C10E5B1F
C10E857E
C10EB06E
C10EDBF3
C10F080E
C10F34C1
C10F6210
C10F8FFC
C10FBE88
C10FEDB5
C1101D87
C1104E00
C1107F20
C110B0EC
C110E364
C111168A
C1114A61
C1117EEB
C111B428
C111EA1C
C11220C7
C112582B
C112904A
C112C926
C11302BF
C1133D18
C1137830
C113B40A
C113F0A7
C1142E07
C1146C2C
C114AB16
C114EAC6
C1152B3D
C1156C7B
C115AE81
C115F14F
C11634E5
C1167944
C116BE6B
C117045A
C1174B12
C1179291
C117DAD9
C11823E7
C1186DBC
C118B857
C11903B6
C1194FDA
C1199CC1
C119EA6B
C11A38D5
C11A87FF
C11AD7E7
C11B288C
C11B79ED
C11BCC07
C11C1EDA
C11C7262
C11CC69F
C11D1B8F
C11D712F
C11DC77E
C11E1E79
C11E761E
C11ECE6C
C11F2760
C11F80F7
C11FDB30
C1203607
C120917C
C120ED8A
C1214A31
C121A76D
C122053D
C122639D
C122C28B
C1232205
C1238209
C123E294
C12443A4
C124A537
C1250749
C12569D9
C125CCE5
C126306B
C1269467
C126F8D9
C1275DBD
C127C312
C12828D6
C1288F06
C128F5A2
C1295CA6
C129C411
C12A2BE2
C12A9416
C12AFCAC
C12B65A2
C12BCEF6
C12C38A7
C12CA2B4
C12D0D1B
C12D77DB
C12DE2F2
C12E4E5F
C12EBA20
C12F2636
C12F929D
C12FFF56
C1306C60
C130D9B9
C1314760
C131B555
C1322396
C1329224
C13300FC
C1337020
C133DF8C
C1344F42
C134BF41
C1352F88
C135A016
C13610EB
C1368207
C136F369
C1376511
C137D6FE
C1384931
C138BBA9
C1392E65
C139A166
C13A14AB
C13A8834
C13AFC02
C13B7013
C13BE468
C13C5901
C13CCDDE
C13D42FE
C13DB862
C13E2E0A
C13EA3F5
C13F1A24
C13F9097
C140074E
C1407E48
C140F587
C1416D0A
C141E4D1
C1425CDC
C142D52C
C1434DC0
C143C69A
C1443FB8
C144B91B
C14532C3
C145ACB1
C14626E4
C146A15D
C1471C1C
C1479720
C148126B
C1488DFC
C14909D4
C14985F2
C14A0257
C14A7F03
C14AFBF6
C14B7930
C14BF6B1
C14C747A
C14CF28B
C14D70E3
C14DEF83
C14E6E6B
C14EED9B
C14F6D13
C14FECD3
C1506CDC
C150ED2D
C1516DC6
C151EEA7
C1526FD1
C152F143
C15372FE
C153F501
C154774C
C154F9E0
C1557CBC
C155FFE0
C156834D
C1570702
C1578AFE
C1580F43
C15893CF
C15918A4
C1599DBF
C15A2323
C15AA8CD
C15B2EBF
C15BB4F7
C15C3B76
C15CC23B
C15D4947
C15DD099
C15E5830
C15EE00D
C15F6830
C15FF097
C1607942
C10AD56C
C10AF398
C10B1202
C10B30AC
C10B4F9B
C10B6ED0
C10B8E50
C10BAE1D
C10BCE3B
C10BEEAB
C10C0F72
C10C3093
C10C520F
C10C73EA
C10C9627
C10CB8C9
C10CDBD2
C10CFF45
C10D2326
C10D4776
C10D6C38
C10D9170
C10DB71F
C10DDD49
C10E03EF
C10E2B16
C10E52BF
C10E7AEC
C10EA3A1
C10ECCE1
C10EF6AC
C10F2107
C10F4BF3
C10F7773
C10FA389
C10FD038
C10FFD82
C1102B69
C11059F0
C1108919
C110B8E6
C110E959
C1111A75
C1114C3B
C1117EAD
C111B1CE
C111E5A0
C1121A24
C1124F5B
C1128549
C112BBEE
C112F34C
C1132B65
C113643B
C1139DCE
C113D81F
C1141331
C1144F04
C1148B9A
C114C8F3
C1150711
C11545F3
C115859C
C115C60B
C1160741
C116493F
C1168C05
C116CF92
C11713E8
C1175907
C1179EED
C117E59B
C1182D12
C118754F
C118BE54
C119081F
C11952AF
C1199E05
C119EA1E
C11A36FA
C11A8498
C11AD2F7
C11B2215
C11B71F2
C11BC28B
C11C13DF
C11C65ED
C11CB8B2
C11D0C2D
C11D605D
C11DB53E
C11E0AD0
C11E6111
C11EB7FD
C11F0F94
C11F67D2
C11FC0B6
C1201A3D
C1207465
C120CF2C
C1212A8F
C121868D
C121E321
C122404B
C1229E08
C122FC55
C1235B30
C123BA97
C1241A87
C1247AFD
C124DBF8
C1253D75
C1259F72
C12601EC
C12664E1
C126C84F
C1272C34
C127908E
C127F559
C1285A96
C128C040
C1292657
C1298CD8
C129F3C1
C12A5B11
C12AC2C6
C12B2ADE
C12B9357
C12BFC2F
C12C6566
C12CCEF9
C12D38E7
C12DA32E
C12E0DCE
C12E78C4
C12EE410
C12F4FB0
C12FBBA4
C13027E9
C130947F
C1310164
C1316E99
C131DC1B
C13249EB
C132B806
C133266D
C133951E
C134041A
C134735E
C134E2EB
C13552C0
C135C2DD
C1363340
C136A3EA
C13714DA
C1378610
C137F78B
C138694B
C138DB4F
C1394D98
C139C025
C13A32F6
C13AA60B
C13B1963
C13B8CFF
C13C00DE
C13C7500
C13CE966
C13D5E0E
C13DD2FA
C13E4829
C13EBD9B
C13F3350
C13FA948
C1401F84
C1409603
C1410CC5
C14183CB
C141FB14
C14272A1
C142EA72
C1436287
C143DAE0
C144537D
C144CC5F
C1454585
C145BEF0
C14638A0
C146B295
C1472CD0
C147A74F
C1482214
C1489D1F
C1491870
C1499407
C14A0FE4
C14A8C08
C14B0872
C14B8523
C14C021B
C14C7F59
C14CFCDF
C14D7AAD
C14DF8C1
C14E771D
C14EF5C1
C14F74AD
C14FF3E0
C150735C
C150F31F
C151732B
C151F37F
C152741B
C152F4FF
C153762C
C153F7A0
C154795E
C154FB63
C1557DB1
C1560047
C1568325
C157064C
C15789BA
C1580D71
C1589170
C15915B6
C1599A45
C15A1F1B
C15AA438
C15B299D
C15BAF49
C15C353C
C15CBB76
C15D41F6
C15DC8BD
C15E4FCA
C15ED71D
C15F5EB6
C15FE694
C1606EB7
C160F720
C10B7172
C10B8F9B
C10BAE01
C10BCCA9
C10BEB94
C10C0AC6
C10C2A42
C10C4A0C
C10C6A26
C10C8A93
C10CAB56
C10CCC73
C10CEDEC
C10D0FC4
C10D31FD
C10D549B
C10D77A1
C10D9B11
C10DBEED
C10DE33A
C10E07F8
C10E2D2C
C10E52D7
C10E78FD
C10E9FA0
C10EC6C3
C10EEE68
C10F1691
C10F3F42
C10F687D
C10F9245
C10FBC9B
C10FE783
C11012FE
C1103F10
C1106BBA
C1109900
C110C6E2
C110F565
C1112489
C1115451
C11184BF
C111B5D6
C111E796
C1121A04
C1124D20
C11280EC
C112B56A
C112EA9C
C1132084
C1135723
C1138E7C
C113C68E
C113FF5D
C11438EA
C1147335
C114AE41
C114EA0D
C115269C
C11563EE
C115A205
C115E0E0
C1162081
C11660E9
C116A217
C116E40D
C11726CB
C1176A50
C117AE9D
C117F3B3
C1183991
C1188036
C118C7A3
C1190FD7
C11958D2
C119A293
C119ED1A
C11A3865
C11A8474
C11AD145
C11B1ED9
C11B6D2C
C11BBC3F
C11C0C10
C11C5C9D
C11CADE5
C11CFFE6
C11D529F
C11DA60D
C11DFA2F
C11E4F03
C11EA488
C11EFABA
C11F5198
C11FA91F
C120014E
C1205A23
C120B39A
C1210DB2
C1216869
C121C3BB
C1221FA7
C1227C2B
C122D943
C12336ED
C1239528
C123F3F0
C1245343
C124B31F
C1251382
C1257468
C125D5D0
C12637B7
C1269A1B
C126FCFA
C1276052
C127C420
C1282861
C1288D15
C128F239
C12957CA
C129BDC8
C12A242F
C12A8AFE
C12AF233
C12B59CC
C12BC1C8
C12C2A25
C12C92E0
C12CFBFA
C12D656F
C12DCF3E
C12E3967
C12EA3E7
C12F0EBD
C12F79E9
C12FE568
C1305139
C130BD5C
C13129D0
C1319692
C13203A3
C1327101
C132DEAB
C1334CA1
C133BAE2
C134296D
C1349841
C135075E
C13576C2
C135E66E
C1365661
C136C69B
C137371A
C137A7DF
C13818E9
C1388A37
C138FBCA
C1396DA1
C139DFBB
C13A521A
C13AC4BB
C13B37A0
C13BAAC8
C13C1E32
C13C91E0
C13D05D0
C13D7A02
C13DEE77
C13E632F
C13ED829
C13F4D66
C13FC2E6
C14038A8
C140AEAD
C14124F4
C1419B7F
C142124C
C142895C
C14300B0
C1437847
C143F022
C1446840
C144E0A1
C1455947
C145D231
C1464B5F
C146C4D2
C1473E89
C147B885
C14832C6
C148AD4C
C1492817
C149A328
C14A1E7F
C14A9A1B
C14B15FE
C14B9227
C14C0E96
C14C8B4B
C14D0848
C14D858B
C14E0315
C14E80E7
C14EFEFF
C14F7D5F
C14FFC07
C1507AF6
C150FA2D
C15179AC
C151F972
C1527981
C152F9D8
C1537A77
C153FB5E
C1547C8D
C154FE04
C1557FC4
C15601CC
C156841C
C15706B4
C1578994
C1580CBD
C158902E
C15913E6
C15997E7
C15A1C2F
C15AA0BF
C15B2597
C15BAAB6
C15C301C
C15CB5CA
C15D3BBE
C15DC1F9
C15E487B
C15ECF43
C15F5652
C15FDDA6
C1606540
C160ED1F
C1617544
C10C0D81
C10C2BA7
C10C4A0A
C10C68AD
C10C8795
C10CA6C4
C10CC63D
C10CE603
C10D061A
C10D2684
C10D4744
C10D685D
C10D89D3
C10DABA7
C10DCDDD
C10DF078
C10E137A
C10E36E6
C10E5ABF
C10E7F07
C10EA3C3
C10EC8F3
C10EEE9A
C10F14BC
C10F3B5C
C10F627A
C10F8A1B
C10FB241
C10FDAEE
C1100425
C1102DE8
C110583A
C110831E
C110AE95
C110DAA3
C1110749
C111348A
C1116268
C11190E5
C111C005
C111EFC8
C1122031
C1125143
C11282FF
C112B567
C112E87D
C1131C44
C11350BD
C11385EA
C113BBCC
C113F266
C11429B8
C11461C5
C1149A8E
C114D414
C1150E59
C115495E
C1158524
C115C1AC
C115FEF8
C1163D07
C1167BDB
C116BB75
C116FBD5
C1173CFC
C1177EEA
C117C1A0
C118051D
C1184963
C1188E70
C118D445
C1191AE2
C1196246
C119AA71
C119F362
C11A3D1A
C11A8796
C11AD2D7
C11B1EDC
C11B6BA3
C11BB92C
C11C0774
C11C567C
C11CA641
C11CF6C3
C11D47FF
C11D99F4
C11DECA0
C11E4001
C11E9417
C11EE8DD
C11F3E54
C11F9478
C11FEB48
C12042C1
C1209AE1
C120F3A7
C1214D0F
C121A717
C12201BD
C1225CFF
C122B8DA
C123154D
C1237253
C123CFEC
C1242E14
C1248CC9
C124EC0A
C1254BD2
C125AC21
C1260CF3
C1266E46
C126D018
C1273267
C1279530
C127F871
C1285C28
C128C053
C12924EF
C12989FB
C129EF74
C12A5558
C12ABBA6
C12B225B
C12B8975
C12BF0F4
C12C58D4
C12CC115
C12D29B4
C12D92B1
C12DFC08
C12E65BA
C12ECFC4
C12F3A25
C12FA4DC
C1300FE8
C1307B46
C130E6F7
C13152F8
C131BF49
C1322BE9
C13298D6
C1330610
C1337396
C133E167
C1344F82
C134BDE7
C1352C94
C1359B8A
C1360AC7
C1367A4B
C136EA15
C1375A24
C137CA7A
C1383B13
C138ABF2
C1391D14
C1398E7B
C13A0025
C13A7212
C13AE442
C13B56B4
C13BC96A
C13C3C61
C13CAF9B
C13D2318
C13D96D6
C13E0AD6
C13E7F19
C13EF39D
C13F6863
C13FDD6B
C14052B6
C140C842
C1413E11
C141B421
C1422A74
C142A10A
C14317E2
C1438EFD
C144065A
C1447DFB
C144F5DE
C1456E05
C145E66F
C1465F1D
C146D80F
C1475145
C147CABE
C148447D
C148BE7F
C14938C7
C149B353
C14A2E24
C14AA93B
C14B2497
C14BA039
C14C1C21
C14C984E
C14D14C2
C14D917D
C14E0E7D
C14E8BC5
C14F0953
C14F8728
C1500545
C15083A8
C1510254
C1518146
C1520080
C1528002
C152FFCC
C1537FDD
C1540037
C15480D9
C15501C2
C15582F4
C156046E
C1568630
C157083A
C1578A8C
C1580D27
C1589009
C1591334
C15996A6
C15A1A61
C15A9E63
C15B22AD
C15BA73F
C15C2C18
C15CB138
C15D36A0
C15DBC4F
C15E4245
C15EC882
C15F4F05
C15FD5CE
C1605CDE
C160E433
C1616BCE
C161F3AF
C10CA998
C10CC7BA
C10CE61A
C10D04BB
C10D239F
C10D42CB
C10D6240
C10D8203
C10DA217
C10DC27D
C10DE33A
C10E0450
C10E25C2
C10E4793
C10E69C6
C10E8C5D
C10EAF5C
C10ED2C4
C10EF69A
C10F1ADF
C10F3F97
C10F64C3
C10F8A67
C10FB086
C10FD721
C10FFE3C
C11025D9
C1104DFB
C11076A4
C1109FD7
C110C997
C110F3E5
C1111EC4
C1114A37
C1117640
C111A2E2
C111D01F
C111FDF8
C1122C71
C1125B8C
C1128B4B
C112BBAF
C112ECBC
C1131E73
C11350D6
C11383E8
C113B7A9
C113EC1D
C1142144
C1145721
C1148DB5
C114C502
C114FD09
C11535CC
C1156F4C
C115A98B
C115E48A
C1162049
C1165CCB
C1169A10
C116D818
C11716E5
C1175678
C11796D1
C117D7F1
C11819D7
C1185C85
C1189FFA
C118E438
C119293C
C1196F09
C119B59D
C119FCF8
C11A451A
C11A8E03
C11AD7B1
C11B2224
C11B6D5B
C11BB956
C11C0613
C11C5391
C11CA1CF
C11CF0CB
C11D4085
C11D90FB
C11DE22C
C11E3415
C11E86B4
C11EDA0A
C11F2E12
C11F82CC
C11FD835
C1202E4C
C120850D
C120DC78
C121348A
C1218D40
C121E699
C1224092
C1229B29
C122F65A
C1235225
C123AE86
C1240B7C
C1246903
C124C719
C12525BC
C12584EA
C125E49F
C12644DA
C126A598
C12706D7
C1276895
C127CACF
C1282D82
C12890AE
C128F44E
C1295862
C129BCE7
C12A21DB
C12A873C
C12AED07
C12B533C
C12BB9D7
C12C20D8
C12C883C
C12CF002
C12D5827
C12DC0AA
C12E298A
C12E92C5
C12EFC59
C12F6645
C12FD088
C1303B20
C130A60C
C131114A
C1317CDA
C131E8BA
C13254EA
C132C167
C1332E32
C1339B49
C13408AB
C1347657
C134E44D
C135528D
C135C114
C1362FE3
C1369EF8
C1370E54
C1377DF6
C137EDDC
C1385E08
C138CE78
C1393F2B
C139B023
C13A215D
C13A92DA
C13B049A
C13B769D
C13BE8E1
C13C5B67
C13CCE30
C13D413A
C13DB485
C13E2812
C13E9BE1
C13F0FF1
C13F8442
C13FF8D5
C1406DA9
C140E2BF
C1415816
C141CDAF
C1424389
C142B9A6
C1433004
C143A6A4
C1441D86
C14494AB
C1450C12
C14583BB
C145FBA8
C14673D7
C146EC49
C14764FF
C147DDF8
C1485735
C148D0B6
C1494A7B
C149C484
C14A3ED2
C14AB964
C14B343B
C14BAF57
C14C2AB9
C14CA660
C14D224C
C14D9E7F
C14E1AF7
C14E97B6
C14F14BB
C14F9206
C1500F98
C1508D71
C1510B91
C15189F9
C15208A7
C152879D
C15306DA
C153865F
C154062C
C1548640
C155069C
C1558741
C156082D
C1568961
C1570ADD
C1578CA1
C1580EAE
C1589102
C159139E
C1599683
C15A19AF
C15A9D24
C15B20E0
C15BA4E4
C15C2930
C15CADC3
C15D329E
C15DB7C0
C15E3D29
C15EC2D9
C15F48D0
C15FCF0E
C1605593
C160DC5D
C161636E
C161EAC5
C1627261
C10D45B7
C10D63D6
C10D8233
C10DA0D0
C10DBFB1
C10DDEDA
C10DFE4C
C10E1E0C
C10E3E1C
C10E5E80
C10E7F39
C10EA04C
C10EC1BB
C10EE389
C10F05B8
C10F284C
C10F4B47
C10F6EAD
C10F927F
C10FB6C0
C10FDB75
C110009D
C110263E
C1104C59
C11072F1
C1109A08
C110C1A1
C110E9C0
C1111265
C1113B94
C111654F
C1118F9A
C111BA75
C111E5E4
C11211E9
C1123E87
C1126BBF
C1129994
C112C809
C112F71F
C11326D9
C1135739
C1138841
C113B9F3
C113EC52
C1141F5E
C114531A
C1148789
C114BCAB
C114F282
C1152911
C1156058
C115985A
C115D117
C1160A91
C11644CA
C1167FC2
C116BB7C
C116F7F7
C1173535
C1177337
C117B1FE
C117F189
C11831DB
C11872F3
C118B4D2
C118F779
C1193AE6
C1197F1C
C119C419
C11A09DD
C11A5068
C11A97BB
C11ADFD4
C11B28B4
C11B7258
C11BBCC2
C11C07F0
C11C53E1
C11CA093
C11CEE07
C11D3C3B
C11D8B2D
C11DDADC
C11E2B46
C11E7C6B
C11ECE48
C11F20DC
C11F7425
C11FC821
C1201CCE
C120722A
C120C833
C1211EE8
C1217645
C121CE48
C12226F0
C122803A
C122DA23
C12334AA
C1238FCC
C123EB87
C12447D8
C124A4BC
C1250232
C1256037
C125BEC8
C1261DE3
C1267D86
C126DDAD
C1273E58
C1279F83
C128012D
C1286352
C128C5F0
C1292906
C1298C90
C129F08E
C12A54FC
C12AB9D9
C12B1F22
C12B84D5
C12BEAF1
C12C5174
C12CB85B
C12D1FA5
C12D8750
C12DEF5A
C12E57C2
C12EC086
C12F29A4
C12F931B
C12FFCEA
C130670F
C130D188
C1313C55
C131A774
C13212E3
C1327EA3
C132EAB1
C133570D
C133C3B5
C13430A9
C1349DE8
C1350B71
C1357942
C135E75D
C13655BE
C136C467
C1373356
C137A28A
C1381204
C13881C2
C138F1C5
C139620B
C139D294
C13A4361
C13AB470
C13B25C1
C13B9754
C13C092A
C13C7B40
C13CED98
C13D6032
C13DD30C
C13E4628
C13EB984
C13F2D22
C13FA100
C140151F
C140897F
C140FE1F
C1417301
C141E824
C1425D87
C142D32C
C1434912
C143BF39
C14435A2
C144AC4C
C1452338
C1459A66
C14611D6
C1468989
C147017E
C14779B5
C147F22F
C1486AEC
C148E3ED
C1495D30
C149D6B8
C14A5083
C14ACA92
C14B44E6
C14BBF7E
C14C3A5B
C14CB57C
C14D30E3
C14DAC8E
C14E2880
C14EA4B7
C14F2134
C14F9DF6
C1501AFF
C150984F
C15115E5
C15193C2
C15211E5
C1529050
C1530F01
C1538DFA
C1540D3B
C1548CC2
C1550C92
C1558CA9
C1560D08
C1568DAE
C1570E9D
C1578FD3
C1581152
C1589318
C1591527
C159977D
C15A1A1B
C15A9D02
C15B2030
C15BA3A6
C15C2764
C15CAB6A
C15D2FB7
C15DB44C
C15E3928
C15EBE4B
C15F43B6
C15FC968
C1604F60
C160D59F
C1615C25
C161E2F1
C1626A02
C162F15A
C10DE1DD
C10DFFFA
C10E1E53
C10E3CED
C10E5BCC
C10E7AF1
C10E9A61
C10EBA1D
C10EDA2A
C10EFA8B
C10F1B41
C10F3C51
C10F5DBC
C10F7F87
C10FA1B3
C10FC444
C10FE73C
C1100A9E
C1102E6D
C11052AB
C110775C
C1109C81
C110C21E
C110E836
C1110ECA
C11135DE
C1115D73
C111858E
C111AE30
C111D75B
C1120112
C1122B59
C1125630
C112819B
C112AD9C
C112DA36
C113076A
C113353B
C11363AB
C11392BD
C113C273
C113F2CE
C11423D1
C114557F
C11487D8
C114BAE0
C114EE98
C1152301
C115581E
C1158DF0
C115C479
C115FBBB
C11633B7
C1166C6E
C116A5E3
C116E016
C1171B08
C11756BC
C1179331
C117D068
C1180E64
C1184D23
C1188CA8
C118CCF3
C1190E04
C1194FDC
C119927B
C119D5E1
C11A1A0F
C11A5F04
C11AA4C0
C11AEB43
C11B328D
C11B7A9E
C11BC375
C11C0D10
C11C5771
C11CA295
C11CEE7C
C11D3B25
C11D888F
C11DD6B8
C11E259F
C11E7544
C11EC5A4
C11F16BD
C11F688F
C11FBB17
C1200E54
C1206243
C120B6E4
C1210C33
C121622F
C121B8D6
C1221025
C122681B
C122C0B4
C12319F0
C12373CA
C123CE42
C1242955
C12484FF
C124E140
C1253E14
C1259B78
C125F96C
C12657EB
C126B6F4
C1271685
C127769A
C127D731
C1283849
C12899DE
C128FBEF
C1295E79
C129C179
C12A24EE
C12A88D6
C12AED2D
C12B51F3
C12BB725
C12C1CC1
C12C82C4
C12CE92E
C12D4FFC
C12DB72D
C12E1EBE
C12E86AD
C12EEEFA
C12F57A3
C12FC0A5
C1302A00
C13093B1
C130FDB8
C1316814
C131D2C2
C1323DC2
C132A912
C13314B1
C133809F
C133ECD9
C1345960
C134C632
C135334E
C135A0B3
C1360E61
C1367C56
C136EA93
C1375916
C137C7DE
C13836EC
C138A63F
C13915D5
C13985AF
C139F5CC
C13A662C
C13AD6CE
C13B47B2
C13BB8D8
C13C2A3F
C13C9BE8
C13D0DD2
C13D7FFC
C13DF267
C13E6513
C13ED7FF
C13F4B2B
C13FBE98
C1403245
C140A632
C1411A5F
C1418ECD
C142037B
C142786A
C142ED99
C1436308
C143D8B8
C1444EA9
C144C4DB
C1453B4E
C145B202
C14628F8
C146A02F
C14717A8
C1478F62
C148075F
C1487F9E
C148F820
C14970E4
C149E9EC
C14A6336
C14ADCC4
C14B5695
C14BD0AA
C14C4B04
C14CC5A1
C14D4083
C14DBBAA
C14E3715
C14EB2C6
C14F2EBB
C14FAAF7
C1502778
C150A43F
C151214C
C1519E9F
C1521C38
C1529A18
C153183F
C15396AD
C1541562
C154945E
C15513A1
C155932C
C15612FE
C1569317
C1571379
C1579422
C1581513
C158964B
C15917CC
C1599994
C15A1BA5
C15A9DFD
C15B209D
C15BA385
C15C26B5
C15CAA2D
C15D2DED
C15DB1F4
C15E3643
C15EBAD9
C15F3FB7
C15FC4DB
C1604A47
C160CFFA
C16155F4
C161DC34
C16262BB
C162E988
C163709B
C10E7E0C
C10E9C25
C10EBA7B
C10ED913
C10EF7EE
C10F1710
C10F367D
C10F5636
C10F7640
C10F969E
C10FB751
C10FD85E
C10FF9C6
C1101B8D
C1103DB6
C1106044
C1108339
C110A698
C110CA63
C110EE9E
C111134C
C111386E
C1115E08
C111841C
C111AAAD
C111D1BD
C111F94F
C1122166
C1124A04
C112732C
C1129CDF
C112C722
C112F1F5
C1131D5D
C113495A
C11375EF
C113A31F
C113D0EC
C113FF58
C1142E66
C1145E17
C1148E6E
C114BF6D
C114F116
C115236B
C115566D
C1158A20
C115BE84
C115F39C
C1162969
C1165FED
C116972A
C116CF20
C11707D2
C1174141
C1177B6E
C117B65B
C117F208
C1182E77
C1186BA8
C118A99D
C118E857
C11927D5
C1196819
C119A923
C119EAF4
C11A2D8C
C11A70EA
C11AB510
C11AF9FD
C11B3FB2
C11B862D
C11BCD6F
C11C1577
C11C5E45
C11CA7D8
C11CF22F
C11D3D4A
C11D8928
C11DD5C7
C11E2327
C11E7146
C11EC023
C11F0FBD
C11F6012
C11FB121
C12002E7
C1205564
C120A895
C120FC79
C121510D
C121A64F
C121FC3F
C12252D8
C122AA1A
C1230202
C1235A8E
C123B3BB
C1240D87
C12467EF
C124C2F2
C1251E8E
C1257ABE
C125D782
C12634D6
C12692B8
C126F127
C127501E
C127AF9C
C1280F9F
C1287024
C128D128
C12932AA
C12994A7
C129F71C
C12A5A08
C12ABD68
C12B2139
C12B857B
C12BEA2A
C12C4F45
C12CB4CA
C12D1AB6
C12D8107
C12DE7BC
C12E4ED4
C12EB64B
C12F1E20
C12F8653
C12FEEE0
C13057C7
C130C106
C1312A9B
C1319485
C131FEC3
C1326953
C132D434
C1333F65
C133AAE5
C13416B2
C13482CC
C134EF31
C1355BE1
C135C8DB
C136361D
C136A3A8
C1371179
C1377F91
C137EDEF
C1385C92
C138CB7A
C1393AA5
C139AA14
C13A19C6
C13A89BB
C13AF9F1
C13B6A6A
C13BDB24
C13C4C1F
C13CBD5B
C13D2ED7
C13DA094
C13E1291
C13E84CF
C13EF74C
C13F6A09
C13FDD06
C1405042
C140C3BF
C141377B
C141AB76
C1421FB2
C142942D
C14308E8
C1437DE2
C143F31D
C1446898
C144DE53
C145544F
C145CA8B
C1464108
C146B7C5
C1472EC4
C147A603
C1481D85
C1489547
C1490D4C
C1498592
C149FE1B
C14A76E7
C14AEFF4
C14B6945
C14BE2D9
C14C5CB1
C14CD6CB
C14D512A
C14DCBCD
C14E46B4
C14EC1DF
C14F3D4F
C14FB904
C15034FF
C150B13E
C1512DC3
C151AA8E
C152279F
C152A4F5
C1532292
C153A076
C1541EA0
C1549D11
C1551BC9
C1559AC7
C1561A0D
C156999B
C157196F
C157998B
C15819EF
C1589A9A
C1591B8E
C1599CC8
C15A1E4B
C15AA015
C15B2228
C15BA482
C15C2724
C15CAA0E
C15D2D3F
C15DB0B9
C15E347A
C15EB883
C15F3CD3
C15FC16A
C1604649
C160CB70
C16150DD
C161D691
C1625C8C
C162E2CD
C1636955
C163F023
C10F1A41
C10F3857
C10F56AB
C10F753F
C10F9418
C10FB337
C10FD2A0
C10FF257
C110125E
C11032B9
C1105369
C1107472
C11095D8
C110B79C
C110D9C2
C110FC4D
C1111F3E
C111429A
C1116663
C1118A9B
C111AF45
C111D464
C111F9FA
C112200B
C1124698
C1126DA5
C1129534
C112BD47
C112E5E2
C1130F06
C11338B6
C11362F5
C1138DC5
C113B928
C113E521
C11411B3
C1143EDF
C1146CA7
C1149B0F
C114CA19
C114F9C6
C1152A19
C1155B13
C1158CB7
C115BF08
C115F206
C11625B4
C1165A13
C1168F26
C116C4EE
C116FB6D
C11732A5
C1176A96
C117A342
C117DCAC
C11816D3
C11851BA
C1188D61
C118C9CA
C11906F6
C11944E4
C1198397
C119C30F
C11A034C
C11A4450
C11A8619
C11AC8AA
C11B0C01
C11B5020
C11B9506
C11BDAB2
C11C2125
C11C685F
C11CB05F
C11CF925
C11D42AF
C11D8CFE
C11DD80F
C11E23E4
C11E707A
C11EBDD0
C11F0BE5
C11F5AB8
C11FAA48
C11FFA92
C1204B96
C1209D51
C120EFC3
C12142E8
C12196C0
C121EB48
C122407F
C1229661
C122ECEE
C1234423
C1239BFD
C123F47B
C1244D9A
C124A757
C12501B2
C1255CA6
C125B831
C1261452
C1267106
C126CE4A
C1272C1C
C1278A79
C127E95F
C12848CC
C128A8BC
C129092F
C1296A20
C129CB8F
C12A2D78
C12A8FD9
C12AF2B0
C12B55FC
C12BB9B8
C12C1DE4
C12C827D
C12CE782
C12D4CEF
C12DB2C4
C12E18FD
C12E7F9A
C12EE699
C12F4DF7
C12FB5B3
C1301DCB
C130863E
C130EF09
C131582C
C131C1A5
C1322B73
C1329594
C1330006
C1336AC9
C133D5DC
C134413C
C134ACEA
C13518E4
C1358528
C135F1B7
C1365E8F
C136CBAF
C1373916
C137A6C4
C13814B8
C13882F2
C138F170
C1396031
C139CF37
C13A3E7F
C13AAE09
C13B1DD6
C13B8DE4
C13BFE33
C13C6EC4
C13CDF94
C13D50A5
C13DC1F6
C13E3387
C13EA558
C13F1768
C13F89B7
C13FFC46
C1406F14
C140E221
C141556D
C141C8F8
C1423CC3
C142B0CC
C1432515
C143999D
C1440E64
C144836B
C144F8B1
C1456E37
C145E3FC
C1465A02
C146D048
C14746CE
C147BD95
C148349C
C148ABE4
C149236D
C1499B38
C14A1344
C14A8B91
C14B0421
C14B7CF3
C14BF607
C14C6F5E
C14CE8F8
C14D62D5
C14DDCF5
C14E5759
C14ED201
C14F4CED
C14FC81D
C1504391
C150BF4B
C1513B49
C151B78D
C1523415
C152B0E4
C1532DF8
C153AB52
C15428F3
C154A6D9
C1552507
C155A37A
C1562235
C156A137
C157207F
C157A00F
C1581FE6
C158A005
C159206B
C159A118
C15A220D
C15AA34A
C15B24CF
C15BA69B
C15C28AF
C15CAB0B
C15D2DAF
C15DB09B
C15E33CE
C15EB749
C15F3B0B
C15FBF15
C1604367
C160C800
C1614CE0
C161D208
C1625776
C162DD2B
C1636327
C163E96A
C1646FF3
C10FB67E
C10FD491
C10FF2E2
C1101173
C1103049
C1104F65
C1106ECC
C1108E80
C110AE84
C110CEDB
C110EF89
C111108F
C11131F2
C11153B3
C11175D6
C111985E
C111BB4C
C111DEA5
C112026A
C112269F
C1124B46
C1127062
C11295F5
C112BC03
C112E28D
C1130996
C1133122
C1135932
C11381C9
C113AAE9
C113D496
C113FED1
C114299D
C11454FD
C11480F2
C114AD80
C114DAA8
C115086D
C11536D1
C11565D6
C115957F
C115C5CE
C115F6C4
C1162864
C1165AB0
C1168DA9
C116C153
C116F5AD
C1172ABB
C117607F
C11796F8
C117CE2B
C1180617
C1183EBE
C1187822
C118B244
C118ED25
C11928C7
C119652A
C119A24F
C119E038
C11A1EE4
C11A5E56
C11A9E8D
C11ADF89
C11B214C
C11B63D6
C11BA726
C11BEB3D
C11C301C
C11C75C1
C11CBC2C
C11D035E
C11D4B56
C11D9413
C11DDD95
C11E27DB
C11E72E4
C11EBEAF
C11F0B3C
C11F5889
C11FA694
C11FF55D
C12044E3
C1209523
C120E61C
C12137CD
C1218A33
C121DD4D
C1223119
C1228596
C122DAC0
C1233096
C1238716
C123DE3E
C124360B
C1248E7C
C124E78D
C125413D
C1259B88
C125F66E
C12651EB
C126ADFC
C1270AA0
C12767D4
C127C596
C12823E2
C12882B7
C128E212
C12941F1
C129A251
C12A0330
C12A648C
C12AC662
C12B28B0
C12B8B73
C12BEEAA
C12C5251
C12CB668
C12D1AEB
C12D7FDA
C12DE531
C12E4AEE
C12EB111
C12F1796
C12F7E7C
C12FE5C1
C1304D64
C130B562
C1311DBB
C131866C
C131EF74
C13258D1
C132C283
C1332C87
C13396DC
C1340182
C1346C76
C134D7B8
C1354346
C135AF20
C1361B45
C13687B3
C136F469
C1376167
C137CEAC
C1383C37
C138AA08
C139181D
C1398676
C139F513
C13A63F3
C13AD314
C13B4278
C13BB21D
C13C2203
C13C922A
C13D0291
C13D7338
C13DE41F
C13E5545
C13EC6AA
C13F384F
C13FAA32
C1401C55
C1408EB5
C1410155
C1417433
C141E74F
C1425AAB
C142CE44
C143421C
C143B633
C1442A89
C1449F1D
C14513F0
C1458902
C145FE53
C14673E3
C146E9B3
C1475FC3
C147D612
C1484CA1
C148C370
C1493A80
C149B1D0
C14A2961
C14AA132
C14B1946
C14B919A
C14C0A30
C14C8309
C14CFC23
C14D7580
C14DEF1F
C14E6902
C14EE327
C14F5D90
C14FD83D
C150532D
C150CE62
C15149DB
C151C598
C152419B
C152BDE2
C1533A6F
C153B741
C1543458
C154B1B6
C1552F59
C155AD43
C1562B73
C156A9EA
C15728A7
C157A7AB
C15826F6
C158A689
C1592662
C159A683
C15A26EB
C15AA79B
C15B2892
C15BA9D1
C15C2B57
C15CAD26
C15D2F3C
C15DB199
C15E343F
C15EB72C
C15F3A60
C15FBDDD
C16041A1
C160C5AC
C16149FF
C161CE99
C162537B
C162D8A4
C1635E13
C163E3CA
C16469C7
C164F00A
C11052C1
C11070D1
C1108F1F
C110ADAE
C110CC81
C110EB9B
C1110AFE
C1112AAF
C1114AB1
C1116B05
C1118BB0
C111ACB4
C111CE13
C111EFD2
C11211F2
C1123477
C1125762
C1127AB8
C1129E7A
C112C2AC
C112E750
C1130C69
C11331F9
C1135803
C1137E8A
C113A590
C113CD18
C113F525
C1141DB9
C11446D6
C114707F
C1149AB7
C114C57F
C114F0DB
C1151CCD
C1154957
C115767B
C115A43C
C115D29C
C116019E
C1163142
C116618D
C116927F
C116C41A
C116F662
C1172957
C1175CFC
C1179152
C117C65B
C117FC1A
C118328F
C11869BC
C118A1A3
C118DA45
C11913A4
C1194DC0
C119889C
C119C438
C11A0095
C11A3DB5
C11A7B97
C11ABA3E
C11AF9A9
C11B39D9
C11B7AD0
C11BBC8C
C11BFF0F
C11C4258
C11C8668
C11CCB3F
C11D10DD
C11D5741
C11D9E6B
C11DE65B
C11E2F10
C11E7889
C11EC2C7
C11F0DC7
C11F598A
C11FA60D
C11FF351
C1204153
C1209012
C120DF8E
C1212FC4
C12180B3
C121D259
C12224B4
C12277C3
C122CB84
C1231FF5
C1237513
C123CADE
C1242151
C124786D
C124D02D
C1252890
C1258194
C125DB35
C1263573
C126904A
C126EBB8
C12747BB
C127A44F
C1280174
C1285F25
C128BD61
C1291C26
C1297B70
C129DB3D
C12A3B8C
C12A9C59
C12AFDA2
C12B5F65
C12BC19F
C12C244F
C12C8771
C12CEB04
C12D4F06
C12DB374
C12E184D
C12E7D8E
C12EE335
C12F4940
C12FAFAE
C130167C
C1307DA9
C130E533
C1314D18
C131B557
C1321DEE
C13286DB
C132F01D
C13359B3
C133C39B
C1342DD4
C134985C
C1350332
C1356E56
C135D9C6
C1364581
C136B185
C1371DD3
C1378A69
C137F746
C1386469
C138D1D2
C1393F7F
C139AD71
C13A1BA6
C13A8A1E
C13AF8D8
C13B67D4
C13BD712
C13C4690
C13CB64F
C13D264D
C13D968C
C13E070A
C13E77C6
C13EE8C2
C13F59FD
C13FCB76
C1403D2D
C140AF23
C1412156
C14193C8
C1420677
C1427965
C142EC90
C1435FFA
C143D3A1
C1444787
C144BBAA
C145300C
C145A4AC
C146198A
C1468EA7
C1470403
C147799D
C147EF77
C1486590
C148DBE8
C1495280
C149C957
C14A406F
C14AB7C6
C14B2F5F
C14BA738
C14C1F52
C14C97AD
C14D1049
C14D8928
C14E0248
C14E7BAA
C14EF54F
C14F6F37
C14FE961
C15063CF
C150DE80
C1515975
C151D4AE
C152502B
C152CBED
C15347F3
C153C43E
C15440CE
C154BDA3
C1553ABE
C155B81F
C15635C6
C156B3B2
C15731E5
C157B05F
C1582F1F
C158AE25
C1592D73
C159AD08
C15A2CE3
C15AAD06
C15B2D70
C15BAE22
C15C2F1B
C15CB05C
C15D31E4
C15DB3B4
C15E35CC
C15EB82B
C15F3AD2
C15FBDC1
C16040F7
C160C475
C161483A
C161CC47
C162509B
C162D537
C1635A19
C163DF43
C16464B4
C164EA6B
C1657069
C110EF0B
C1110D19
C1112B64
C11149F0
C11168C0
C11187D7
C111A738
C111C6E6
C111E6E5
C1120737
C11227DF
C11248E0
C1126A3D
C1128BF8
C112AE15
C112D097
C112F380
C11316D3
C1133A92
C1135EC1
C1138362
C113A877
C113CE05
C113F40C
C1141A8F
C1144193
C1146917
C1149121
C114B9B1
C114E2CB
C1150C71
C11536A5
C115616A
C1158CC3
C115B8B1
C115E537
C1161258
C1164015
C1166E71
C1169D6E
C116CD0F
C116FD56
C1172E43
C1175FDB
C117921E
C117C50F
C117F8AF
C1182D01
C1186206
C11897C0
C118CE30
C1190558
C1193D3A
C11975D7
C119AF31
C119E948
C11A241E
C11A5FB5
C11A9C0C
C11AD926
C11B1703
C11B55A4
C11B9509
C11BD533
C11C1623
C11C57D8
C11C9A55
C11CDD97
C11D21A0
C11D6670
C11DAC06
C11DF263
C11E3986
C11E816E
C11ECA1B
C11F138C
C11F5DC1
C11FA8B9
C11FF473
C12040EE
C1208E28
C120DC21
C1212AD7
C1217A49
C121CA75
C1221B59
C1226CF5
C122BF46
C123124A
C1236600
C123BA65
C1240F78
C1246537
C124BB9E
C12512AD
C1256A61
C125C2B7
C1261BAD
C1267542
C126CF71
C1272A3A
C127859A
C127E18E
C1283E13
C1289B28
C128F8CA
C12956F6
C129B5AA
C12A14E3
C12A74A0
C12AD4DD
C12B3598
C12B96CF
C12BF87F
C12C5AA7
C12CBD43
C12D2052
C12D83D1
C12DE7BE
C12E4C18
C12EB0DB
C12F1606
C12F7B97
C12FE18B
C13047E2
C130AE99
C13115AE
C1317D1F
C131E4EC
C1324D11
C132B58E
C1331E61
C1338789
C133F103
C1345ACF
C134C4EC
C1352F58
C1359A11
C1360517
C1367069
C136DC05
C13747EA
C137B418
C138208D
C1388D49
C138FA4B
C1396792
C139D51D
C13A42EC
C13AB0FD
C13B1F51
C13B8DE7
C13BFCBE
C13C6BD6
C13CDB2D
C13D4AC5
C13DBA9C
C13E2AB3
C13E9B08
C13F0B9C
C13F7C6E
C13FED7E
C1405ECC
C140D057
C1414221
C141B428
C142266C
C14298EE
C1430BAD
C1437EA9
C143F1E3
C144655A
C144D90F
C1454D01
C145C131
C146359E
C146AA4A
C1471F33
C147945A
C14809C0
C1487F64
C148F547
C1496B69
C149E1CA
C14A586A
C14ACF49
C14B4668
C14BBDC8
C14C3567
C14CAD47
C14D2567
C14D9DC9
C14E166B
C14E8F4F
C14F0875
C14F81DD
C14FFB87
C1507574
C150EFA3
C1516A15
C151E4CB
C1525FC4
C152DB01
C1535682
C153D248
C1544E51
C154CAA0
C1554734
C155C40C
C156412A
C156BE8E
C1573C38
C157BA27
C158385D
C158B6D9
C159359B
C159B4A4
C15A33F4
C15AB38B
C15B3369
C15BB38E
C15C33FA
C15CB4AE
C15D35A9
C15DB6EC
C15E3876
C15EBA47
C15F3C61
C15FBEC1
C160416A
C160C45A
C1614792
C161CB11
C1624ED7
C162D2E5
C163573B
C163DBD7
C16460BB
C164E5E6
C1656B58
C165F110
C1118B5B
C111A967
C111C7AF
C111E639
C1120506
C112241A
C1124379
C1126324
C1128320
C112A36F
C112C415
C112E513
C113066D
C1132826
C1134A40
C1136CBF
C1138FA5
C113B2F5
C113D6B2
C113FADE
C1141F7C
C114448E
C1146A18
C114901C
C114B69D
C114DD9D
C115051F
C1152D25
C11555B2
C1157EC9
C115A86B
C115D29C
C115FD5E
C11628B3
C116549D
C1168120
C116AE3D
C116DBF7
C1170A4F
C1173949
C11768E6
C1179928
C117CA12
C117FBA5
C1182DE4
C11860D1
C118946D
C118C8BA
C118FDBB
C1193370
C11969DB
C119A0FF
C119D8DC
C11A1174
C11A4AC9
C11A84DB
C11ABFAC
C11AFB3D
C11B378F
C11B74A3
C11BB27A
C11BF115
C11C3074
C11C7098
C11CB182
C11CF331
C11D35A7
C11D78E3
C11DBCE5
C11E01AE
C11E473D
C11E8D92
C11ED4AE
C11F1C8E
C11F6533
C11FAE9D
C11FF8CA
C12043BA
C1208F6B
C120DBDD
C121290E
C12176FE
C121C5AB
C1221513
C1226535
C122B610
C12307A2
C12359E8
C123ACE2
C124008D
C12454E7
C124A9EE
C124FFA1
C12555FD
C125AD00
C12604A7
C1265CF0
C126B5DA
C1270F61
C1276983
C127C43E
C1281F90
C1287B75
C128D7EC
C12934F1
C1299284
C129F0A0
C12A4F44
C12AAE6D
C12B0E19
C12B6E44
C12BCEEE
C12C3013
C12C91B1
C12CF3C6
C12D5650
C12DB94B
C12E1CB6
C12E8090
C12EE4D4
C12F4983
C12FAE98
C1301413
C13079F2
C130E032
C13146D1
C131ADCF
C1321528
C1327CDC
C132E4E9
C1334D4D
C133B606
C1341F13
C1348873
C134F224
C1355C25
C135C674
C1363111
C1369BFA
C137072E
C13772AB
C137DE72
C1384A81
C138B6D6
C1392372
C1399053
C139FD78
C13A6AE2
C13AD88E
C13B467C
C13BB4AD
C13C231E
C13C91D0
C13D00C3
C13D6FF5
C13DDF66
C13E4F16
C13EBF05
C13F2F32
C13F9F9D
C1401046
C140812C
C140F250
C14163B1
C141D54F
C1424729
C142B941
C1432B95
C1439E27
C14410F5
C14483FF
C144F747
C1456ACB
C145DE8D
C146528B
C146C6C7
C1473B3F
C147AFF6
C14824E9
C1489A1B
C1490F8A
C1498538
C149FB24
C14A714E
C14AE7B7
C14B5E5F
C14BD546
C14C4C6C
C14CC3D3
C14D3B79
C14DB35F
C14E2B86
C14EA3ED
C14F1C96
C14F9580
C1500EAB
C1508818
C15101C7
C1517BB8
C151F5EC
C1527063
C152EB1D
C153661A
C153E15B
C1545CE0
C154D8A9
C15554B6
C155D108
C1564D9F
C156CA7B
C157479C
C157C503
C15842AF
C158C0A1
C1593ED9
C159BD58
C15A3C1D
C15ABB28
C15B3A7A
C15BBA13
C15C39F3
C15CBA1A
C15D3A89
C15DBB3E
C15E3C3B
C15EBD7F
C15F3F0B
C15FC0DE
C16042F9
C160C55B
C1614805
C161CAF7
C1624E30
C162D1B0
C1635578
C163D987
C1645DDE
C164E27C
C1656761
C165EC8D
C16671FF
C11227B2
C11245BB
C1126401
C1128288
C112A152
C112C064
C112DFC0
C112FF69
C1131F62
C1133FAF
C1136051
C113814D
C113A2A4
C113C45B
C113E672
C11408EF
C1142BD2
C1144F1F
C11472D9
C1149702
C114BB9D
C114E0AD
C1150634
C1152C35
C11552B3
C11579B0
C115A12E
C115C932
C115F1BC
C1161ACF
C116446E
C1166E9C
C116995A
C116C4AC
C116F093
C1171D12
C1174A2B
C11777E1
C117A636
C117D52C
C11804C5
C1183504
C11865EA
C1189779
C118C9B4
C118FC9D
C1193034
C119647D
C1199979
C119CF2A
C11A0591
C11A3CB0
C11A7488
C11AAD1C
C11AE66B
C11B2078
C11B5B44
C11B96D0
C11BD31D
C11C102B
C11C4DFD
C11C8C92
C11CCBEB
C11D0C09
C11D4CED
C11D8E96
C11DD105
C11E143B
C11E5836
C11E9CF8
C11EE281
C11F28CF
C11F6FE3
C11FB7BC
C1200059
C12049BB
C12093E0
C120DEC8
C1212A71
C12176DA
C121C403
C12211EA
C122608E
C122AFEC
C1230005
C12350D6
C123A25E
C123F49A
C1244789
C1249B2A
C124EF79
C1254475
C1259A1D
C125F06D
C1264763
C1269EFE
C126F73C
C1275018
C127A992
C12803A7
C1285E55
C128B998
C1291570
C12971D8
C129CECF
C12A2C52
C12A8A5F
C12AE8F3
C12B480C
C12BA7A7
C12C07C2
C12C685B
C12CC96E
C12D2AFA
C12D8CFD
C12DEF74
C12E525C
C12EB5B4
C12F197A
C12F7DAA
C12FE244
C1304744
C130ACAA
C1311273
C131789D
C131DF26
C132460C
C132AD4E
C13314EA
C1337CDE
C133E529
C1344DC9
C134B6BC
C1352002
C1358998
C135F37D
C1365DB1
C136C832
C13732FE
C1379E14
C1380974
C138751D
C138E10D
C1394D43
C139B9BF
C13A267F
C13A9384
C13B00CC
C13B6E56
C13BDC22
C13C4A2F
C13CB87D
C13D270B
C13D95D9
C13E04E6
C13E7431
C13EE3BB
C13F5383
C13FC388
C14033CB
C140A44B
C1411508
C1418602
C141F738
C14268AB
C142DA5A
C1434C46
C143BE6E
C14430D1
C144A371
C145164E
C1458966
C145FCBB
C146704C
C146E41A
C1475824
C147CC6B
C14840EE
C148B5AF
C1492AAD
C1499FE8
C14A1561
C14A8B17
C14B010B
C14B773E
C14BEDAF
C14C645E
C14CDB4D
C14D527A
C14DC9E7
C14E4194
C14EB981
C14F31AE
C14FAA1B
C15022C9
C1509BB8
C15114E8
C1518E5A
C152080E
C1528204
C152FC3C
C15376B8
C153F176
C1546C77
C154E7BC
C1556344
C155DF10
C1565B21
C156D776
C1575410
C157D0EF
C1584E13
C158CB7D
C159492C
C159C720
C15A455B
C15AC3DC
C15B42A3
C15BC1B1
C15C4105
C15CC0A0
C15D4082
C15DC0AB
C15E411B
C15EC1D3
C15F42D1
C15FC417
C16045A4
C160C779
C1614995
C161CBF9
C1624EA4
C162D197
C16354D1
C163D853
C1645C1C
C164E02D
C1656484
C165E923
C1666E09
C166F336
C112C40F
C112E215
C1130059
C1131EDD
C1133DA5
C1135CB4
C1137C0E
C1139BB4
C113BBAB
C113DBF5
C113FC95
C1141D8E
C1143EE3
C1146096
C11482AB
C114A525
C114C806
C114EB50
C1150F07
C115332D
C11557C6
C1157CD3
C115A257
C115C855
C115EED0
C11615CA
C1163D46
C1166546
C1168DCD
C116B6DD
C116E079
C1170AA4
C117355F
C11760AD
C1178C91
C117B90D
C117E623
C11813D5
C1184226
C1187119
C118A0AE
C118D0E9
C11901CB
C1193356
C119658D
C1199872
C119CC05
C11A004A
C11A3542
C11A6AEE
C11AA151
C11AD86B
C11B103F
C11B48CD
C11B8218
C11BBC20
C11BF6E7
C11C326E
C11C6EB5
C11CABBE
C11CE98A
C11D281A
C11D676D
C11DA786
C11DE863
C11E2A06
C11E6C6F
C11EAF9E
C11EF394
C11F384F
C11F7DD1
C11FC418
C1200B24
C12052F6
C1209B8D
C120E4E7
C1212F04
C12179E4
C121C584
C12211E6
C1225F06
C122ACE4
C122FB7F
C1234AD4
C1239AE4
C123EBAB
C1243D29
C1248F5B
C124E240
C12535D6
C1258A1B
C125DF0C
C12634A9
C1268AED
C126E1D8
C1273967
C1279198
C127EA69
C12843D6
C1289DDE
C128F87E
C12953B4
C129AF7D
C12A0BD7
C12A68C0
C12AC634
C12B2432
C12B82B7
C12BE1C0
C12C414B
C12CA155
C12D01DD
C12D62DF
C12DC45A
C12E264B
C12E88AF
C12EEB85
C12F4ECA
C12FB27C
C1301699
C1307B1E
C130E00A
C131455B
C131AB0E
C1321122
C1327795
C132DE64
C133458F
C133AD14
C13414F0
C1347D22
C134E5A9
C1354E83
C135B7AF
C136212B
C1368AF5
C136F50E
C1375F72
C137CA22
C138351C
C138A05F
C1390BEA
C13977BB
C139E3D3
C13A502F
C13ABCD0
C13B29B4
C13B96DB
C13C0444
C13C71EE
C13CDFD8
C13D4E03
C13DBC6E
C13E2B17
C13E99FF
C13F0925
C13F7889
C13FE82B
C1405809
C140C825
C141387D
C141A911
C14219E1
C1428AEE
C142FC36
C1436DBA
C143DF7A
C1445176
C144C3AD
C145361F
C145A8CE
C1461BB8
C1468EDD
C147023F
C14775DC
C147E9B5
C1485DCB
C148D21C
C14946AA
C149BB75
C14A307D
C14AA5C1
C14B1B43
C14B9102
C14C06FE
C14C7D39
C14CF3B1
C14D6A68
C14DE15E
C14E5892
C14ED005
C14F47B8
C14FBFAB
C15037DE
C150B050
C1512904
C151A1F8
C1521B2D
C15294A4
C1530E5D
C1538857
C1540294
C1547D13
C154F7D5
C15572DA
C155EE22
C15669AE
C156E57E
C1576192
C157DDEA
C1585A87
C158D769
C159548F
C159D1FB
C15A4FAD
C15ACDA4
C15B4BE1
C15BCA65
C15C492E
C15CC83E
C15D4794
C15DC731
C15E4715
C15EC740
C15F47B2
C15FC86B
C160496B
C160CAB3
C1614C41
C161CE18
C1625035
C162D29A
C1635547
C163D83B
C1645B77
C164DEFA
C16562C4
C165E6D5
C1666B2E
C166EFCE
C16774B5
C1136072
C1137E76
C1139CB7
C113BB38
C113D9FE
C113F90B
C1141862
C1143806
C11457FA
C1147842
C11498DF
C114B9D5
C114DB28
C114FCD9
C1151EEB
C1154162
C1156440
C1158788
C115AB3C
C115CF60
C115F3F6
C1161900
C1163E81
C116647D
C1168AF5
C116B1EC
C116D965
C1170162
C11729E6
C11752F3
C1177C8C
C117A6B3
C117D16B
C117FCB6
C1182897
C118550F
C1188222
C118AFD1
C118DE1F
C1190D0D
C1193C9F
C1196CD6
C1199DB5
C119CF3C
C11A016F
C11A3450
C11A67E0
C11A9C20
C11AD114
C11B06BC
C11B3D1A
C11B7430
C11BABFF
C11BE489
C11C1DCF
C11C57D2
C11C9294
C11CCE16
C11D0A58
C11D475C
C11D8523
C11DC3AD
C11E02FB
C11E430D
C11E83E5
C11EC582
C11F07E5
C11F4B0E
C11F8EFD
C11FD3B2
C120192D
C1205F6D
C120A673
C120EE3D
C12136CC
C121801F
C121CA35
C122150C
C12260A5
C122ACFE
C122FA16
C12347EC
C123967E
C123E5CB
C12435D1
C124868F
C124D803
C1252A2C
C1257D07
C125D093
C12624CD
C12679B4
C126CF45
C127257E
C1277C5E
C127D3E1
C1282C06
C12884CA
C128DE2B
C1293826
C12992B9
C129EDE2
C12A499E
C12AA5EA
C12B02C4
C12B602A
C12BBE19
C12C1C8E
C12C7B88
C12CDB03
C12D3AFD
C12D9B75
C12DFC66
C12E5DD0
C12EBFAF
C12F2201
C12F84C5
C12FE7F7
C1304B96
C130AF9F
C1311411
C13178E9
C131DE25
C13243C3
C132A9C1
C133101E
C13376D8
C133DDEC
C1344559
C134AD1D
C1351538
C1357DA6
C135E667
C1364F79
C136B8DB
C137228C
C1378C89
C137F6D3
C1386167
C138CC44
C139376A
C139A2D8
C13A0E8B
C13A7A85
C13AE6C2
C13B5344
C13BC008
C13C2D0E
C13C9A56
C13D07DF
C13D75A8
C13DE3B0
C13E51F7
C13EC07D
C13F2F41
C13F9E42
C1400D81
C1407CFC
C140ECB4
C1415CA9
C141CCD9
C1423D45
C142ADED
C1431ED0
C1438FEF
C1440148
C14472DD
C144E4AD
C14556B8
C145C8FE
C1463B7E
C146AE3A
C1472132
C1479464
C14807D2
C1487B7B
C148EF5F
C149637F
C149D7DB
C14A4C74
C14AC148
C14B3659
C14BABA6
C14C2130
C14C96F7
C14D0CFC
C14D833E
C14DF9BE
C14E707B
C14EE778
C14F5EB3
C14FD62C
C1504DE5
C150C5DE
C1513E16
C151B68E
C1522F47
C152A840
C153217A
C1539AF5
C15414B2
C1548EB0
C15508F1
C1558374
C155FE3A
C1567942
C156F48E
C157701E
C157EBF1
C1586808
C158E463
C1596103
C159DDE7
C15A5B11
C15AD87F
C15B5633
C15BD42D
C15C526C
C15CD0F2
C15D4FBD
C15DCECF
C15E4E27
C15ECDC6
C15F4DAC
C15FCDD9
C1604E4C
C160CF07
C1615009
C161D152
C16252E2
C162D4BA
C16356D9
C163D93F
C1645BED
C164DEE2
C165621F
C165E5A3
C166696E
C166ED81
C16771DB
C167F67C
C113FCDB
C1141ADC
C114391A
C114579A
C114765D
C1149568
C114B4BC
C114D45E
C114F44F
C1151494
C115352F
C1155623
C1157773
C1159922
C115BB32
C115DDA6
C1160082
C11623C7
C1164779
C1166B9A
C116902D
C116B534
C116DAB3
C11700AC
C1172721
C1174E15
C117758B
C1179D85
C117C606
C117EF11
C11818A7
C11842CB
C1186D80
C11898C8
C118C4A5
C118F11A
C1191E29
C1194BD5
C1197A20
C119A90B
C119D899
C11A08CC
C11A39A7
C11A6B2B
C11A9D5B
C11AD037
C11B03C3
C11B37FF
C11B6CEF
C11BA293
C11BD8ED
C11C0FFE
C11C47C9
C11C804E
C11CB990
C11CF38E
C11D2E4B
C11D69C8
C11DA605
C11DE304
C11E20C6
C11E5F4A
C11E9E93
C11EDEA0
C11F1F72
C11F6109
C11FA366
C11FE689
C1202A72
C1206F20
C120B494
C120FACE
C12141CD
C1218991
C121D219
C1221B64
C1226572
C122B042
C122FBD3
C1234824
C1239534
C123E301
C124318B
C12480CF
C124D0CC
C1252181
C12572EC
C125C50B
C12617DC
C1266B5E
C126BF8E
C127146A
C12769F1
C127C01F
C12816F4
C1286E6C
C128C685
C1291F3D
C1297892
C129D280
C12A2D07
C12A8822
C12AE3D0
C12B400F
C12B9CDB
C12BFA33
C12C5813
C12CB67A
C12D1564
C12D74D0
C12DD4BA
C12E3521
C12E9602
C12EF75B
C12F5929
C12FBB6A
C1301E1B
C130813B
C130E4C7
C13148BD
C131AD1C
C13211E0
C1327707
C132DC91
C133427A
C133A8C2
C1340F65
C1347663
C134DDB9
C1354567
C135AD69
C13615C0
C1367E68
C136E761
C13750AA
C137BA40
C1382423
C1388E52
C138F8CB
C139638C
C139CE96
C13A39E7
C13AA57D
C13B1158
C13B7D78
C13BE9DA
C13C567F
C13CC366
C13D308D
C13D9DF5
C13E0B9C
C13E7982
C13EE7A7
C13F560A
C13FC4AA
C1403387
C140A2A1
C14111F7
C1418189
C141F157
C1426160
C142D1A5
C1434224
C143B2DF
C14423D4
C1449504
C145066E
C1457813
C145E9F2
C1465C0C
C146CE60
C14740EE
C147B3B7
C14826BB
C14899FA
C1490D73
C1498127
C149F517
C14A6941
C14ADDA7
C14B5249
C14BC726
C14C3C40
C14CB196
C14D2728
C14D9CF7
C14E1303
C14E894D
C14EFFD3
C14F7698
C14FED9B
C15064DC
C150DC5C
C151541A
C151CC18
C1524456
C152BCD3
C1533590
C153AE8E
C15427CD
C154A14D
C1551B0E
C1559510
C1560F55
C15689DC
C15704A5
C1577FB1
C157FB00
C1587693
C158F269
C1596E83
C159EAE1
C15A6784
C15AE46B
C15B6197
C15BDF08
C15C5CBE
C15CDABA
C15D58FC
C15DD783
C15E5651
C15ED565
C15F54BF
C15FD460
C1605447
C160D475
C16154EA
C161D5A7
C16256AA
C162D7F4
C1635986
C163DB5F
C1645D80
C164DFE7
C1656296
C165E58D
C16668CB
C166EC50
C167701C
C167F430
C168788B
C1149949
C114B748
C114D584
C114F401
C11512C2
C11531CA
C115511C
C11570BB
C11590AB
C115B0ED
C115D186
C115F278
C11613C5
C1163571
C116577F
C11679F1
C1169CCA
C116C00C
C116E3BC
C11707DA
C1172C6A
C117516F
C11776EB
C1179CE2
C117C354
C117EA46
C11811B9
C11839B0
C118622E
C1188B36
C118B4C9
C118DEEA
C119099C
C11934E1
C11960BB
C1198D2D
C119BA39
C119E7E1
C11A1628
C11A4510
C11A749B
C11AA4CB
C11AD5A2
C11B0723
C11B394E
C11B6C27
C11B9FAF
C11BD3E7
C11C08D3
C11C3E73
C11C74C8
C11CABD6
C11CE39C
C11D1C1D
C11D555A
C11D8F54
C11DCA0C
C11E0584
C11E41BD
C11E7EB7
C11EBC73
C11EFAF2
C11F3A36
C11F7A3D
C11FBB09
C11FFC9B
C1203EF2
C120820F
C120C5F1
C1210A9A
C1215008
C121963B
C121DD33
C12224F0
C1226D71
C122B6B5
C12300BC
C1234B85
C123970E
C123E357
C124305F
C1247E24
C124CCA5
C1251BE1
C1256BD5
C125BC81
C1260DE3
C1265FF9
C126B2C0
C1270638
C1275A5E
C127AF30
C12804AC
C1285AD0
C128B19A
C1290906
C1296114
C129B9C0
C12A1309
C12A6CEB
C12AC765
C12B2274
C12B7E15
C12BDA46
C12C3705
C12C944E
C12CF220
C12D5078
C12DAF54
C12E0EB0
C12E6E8B
C12ECEE2
C12F2FB3
C12F90FB
C12FF2B8
C13054E8
C130B788
C1311A96
C1317E0F
C131E1F3
C132463E
C132AAEE
C1331002
C1337577
C133DB4C
C134417E
C134A80C
C1350EF4
C1357634
C135DDCB
C13645B6
C136ADF5
C1371685
C1377F66
C137E895
C1385212
C138BBDC
C13925F0
C139904D
C139FAF4
C13A65E2
C13AD116
C13B3C8F
C13BA84D
C13C144F
C13C8093
C13CED19
C13D59E0
C13DC6E8
C13E342F
C13EA1B5
C13F0F7A
C13F7D7C
C13FEBBC
C1405A39
C140C8F3
C14137E9
C141A71A
C1421687
C142862F
C142F611
C143662F
C143D687
C1444719
C144B7E5
C14528EC
C1459A2C
C1460BA6
C1467D5A
C146EF48
C1476170
C147D3D2
C148466E
C148B944
C1492C53
C1499F9E
C14A1322
C14A86E1
C14AFADB
C14B6F10
C14BE37F
C14C582A
C14CCD10
C14D4233
C14DB791
C14E2D2B
C14EA301
C14F1915
C14F8F65
C15005F3
C1507CBE
C150F3C7
C1516B0E
C151E293
C1525A57
C152D25B
C1534A9D
C153C31F
C1543BE2
C154B4E4
C1552E27
C155A7AB
C1562170
C1569B76
C15715BF
C1579049
C1580B16
C1588625
C1590178
C1597D0D
C159F8E6
C15A7503
C15AF164
C15B6E09
C15BEAF3
C15C6821
C15CE595
C15D634D
C15DE14B
C15E5F8F
C15EDE19
C15F5CE8
C15FDBFE
C1605B5A
C160DAFC
C1615AE6
C161DB15
C1625B8C
C162DC4A
C1635D4F
C163DE9B
C164602E
C164E208
C165642A
C165E693
C1666943
C166EC3A
C1676F79
C167F300
C16876CD
C168FAE2
C11535BC
C11553B9
C11571F3
C115906E
C115AF2D
C115CE32
C115ED82
C1160D1F
C1162D0C
C1164D4C
C1166DE3
C1168ED2
C116B01D
C116D1C7
C116F3D2
C1171641
C1173918
C1175C58
C1178005
C117A421
C117C8AF
C117EDB1
C118132B
C118391E
C1185F8E
C118867D
C118ADED
C118D5E2
C118FE5D
C1192762
C11950F2
C1197B10
C119A5BF
C119D101
C119FCD8
C11A2947
C11A5650
C11A83F5
C11AB239
C11AE11E
C11B10A5
C11B40D2
C11B71A5
C11BA322
C11BD54A
C11C081F
C11C3BA3
C11C6FD8
C11CA4C0
C11CDA5B
C11D10AD
C11D47B6
C11D7F78
C11DB7F5
C11DF12E
C11E2B23
C11E65D7
C11EA14A
C11EDD7E
C11F1A73
C11F582A
C11F96A4
C11FD5E2
C12015E4
C12056AB
C1209837
C120DA89
C1211DA0
C121617C
C121A61E
C121EB86
C12231B3
C12278A5
C122C05B
C12308D5
C1235212
C1239C12
C123E6D3
C1243255
C1247E97
C124CB97
C1251954
C12567CD
C125B700
C12606EC
C126578F
C126A8E8
C126FAF4
C1274DB3
C127A121
C127F53D
C1284A05
C1289F77
C128F590
C1294C4F
C129A3B1
C129FBB3
C12A5454
C12AAD91
C12B0767
C12B61D5
C12BBCD7
C12C186B
C12C748F
C12CD140
C12D2E7C
C12D8C40
C12DEA8A
C12E4957
C12EA8A4
C12F0870
C12F68B7
C12FC978
C1302AB0
C1308C5C
C130EE7B
C131510A
C131B406
C132176E
C1327B3F
C132DF77
C1334414
C133A915
C1340E76
C1347436
C134DA54
C13540CD
C135A79F
C1360EC9
C1367649
C136DE1E
C1374645
C137AEBE
C1381787
C138809D
C138EA01
C13953B1
C139BDAB
C13A27EF
C13A927A
C13AFD4C
C13B6865
C13BD3C2
C13C3F63
C13CAB47
C13D176D
C13D83D5
C13DF07D
C13E5D65
C13ECA8D
C13F37F2
C13FA596
C1401377
C1408195
C140EFEF
C1415E86
C141CD58
C1423C65
C142ABAD
C1431B2F
C1438AEC
C143FAE3
C1446B14
C144DB7E
C1454C22
C145BD00
C1462E17
C1469F67
C14710F1
C14782B4
C147F4B0
C14866E5
C148D954
C1494BFD
C149BEDF
C14A31FA
C14AA54F
C14B18DF
C14B8CA8
C14C00AC
C14C74EA
C14CE963
C14D5E17
C14DD305
C14E4830
C14EBD96
C14F3337
C14FA915
C1501F30
C1509587
C1510C1B
C15182EC
C151F9FB
C1527148
C152E8D3
C153609C
C153D8A4
C15450EC
C154C973
C1554239
C155BB40
C1563487
C156AE0F
C15727D8
C157A1E2
C1581C2E
C15896BC
C159118C
C1598C9F
C15A07F4
C15A838D
C15AFF69
C15B7B88
C15BF7EC
C15C7493
C15CF17F
C15D6EB0
C15DEC26
C15E69E1
C15EE7E1
C15F6627
C15FE4B2
C1606384
C160E29B
C16161F9
C161E19D
C1626188
C162E1B9
C1636231
C163E2F1
C16463F7
C164E544
C16566D8
C165E8B4
C1666AD7
C166ED41
C1676FF2
C167F2EB
C168762B
C168F9B2
C1697D80
C115D235
C115F030
C1160E67
C1162CE0
C1164B9D
C1166AA0
C11689EE
C116A988
C116C973
C116E9B1
C1170A45
C1172B32
C1174C7B
C1176E22
C117902B
C117B298
C117D56D
C117F8AA
C1181C55
C118406E
C11864FA
C11889FA
C118AF71
C118D561
C118FBCF
C11922BB
C1194A29
C119721B
C1199A93
C119C395
C119ED23
C11A173E
C11A41EA
C11A6D29
C11A98FD
C11AC569
C11AF26F
C11B2011
C11B4E52
C11B7D33
C11BACB7
C11BDCE0
C11C0DB0
C11C3F2A
C11C714E
C11CA420
C11CD7A0
C11D0BD1
C11D40B5
C11D764D
C11DAC9A
C11DE3A0
C11E1B5E
C11E53D6
C11E8D0A
C11EC6FB
C11F01AB
C11F3D19
C11F7948
C11FB638
C11FF3EB
C1203260
C1207199
C120B196
C120F257
C12133DE
C121762A
C121B93B
C121FD12
C12241AE
C1228710
C122CD36
C1231422
C1235BD1
C123A445
C123ED7B
C1243774
C124822E
C124CDA9
C12519E3
C12566DB
C125B490
C1260301
C126522C
C126A210
C126F2AA
C12743FA
C12795FE
C127E8B3
C1283C18
C128902A
C128E4E8
C1293A50
C129905F
C129E713
C12A3E6A
C12A9662
C12AEEF7
C12B4829
C12BA1F3
C12BFC55
C12C574A
C12CB2D2
C12D0EE9
C12D6B8D
C12DC8BC
C12E2672
C12E84AE
C12EE36C
C12F42AB
C12FA268
C13002A0
C1306351
C130C479
C1312615
C1318823
C131EAA1
C1324D8C
C132B0E2
C13314A1
C13378C7
C133DD51
C134423E
C134A78C
C1350D39
C1357342
C135D9A6
C1364063
C136A778
C1370EE2
C13776A0
C137DEB0
C1384712
C138AFC3
C13918C2
C139820D
C139EBA3
C13A5584
C13ABFAD
C13B2A1E
C13B94D6
C13BFFD3
C13C6B14
C13CD699
C13D4260
C13DAE69
C13E1AB2
C13E873C
C13EF405
C13F610D
C13FCE53
C1403BD6
C140A996
C1411793
C14185CB
C141F43F
C14262ED
C142D1D7
C14340FA
C143B058
C1441FEF
C1448FC0
C144FFCB
C145700E
C145E08B
C1465140
C146C22E
C1473355
C147A4B5
C148164D
C148881E
C148FA28
C1496C6A
C149DEE6
C14A519A
C14AC488
C14B37AE
C14BAB0F
C14C1EA8
C14C927B
C14D0689
C14D7AD0
C14DEF52
C14E640E
C14ED905
C14F4E37
C14FC3A4
C150394D
C150AF32
C1512553
C1519BB1
C152124B
C1528922
C1530037
C1537789
C153EF19
C15466E8
C154DEF5
C1555741
C155CFCD
C1564898
C156C1A3
C1573AEE
C157B47A
C1582E46
C158A854
C15922A3
C1599D34
C15A1808
C15A931D
C15B0E76
C15B8A11
C15C05F0
C15C8212
C15CFE78
C15D7B22
C15DF810
C15E7543
C15EF2BB
C15F7078
C15FEE7A
C1606CC2
C160EB4F
C1616A23
C161E93C
C162689B
C162E841
C163682D
C163E860
C16468DA
C164E99A
C1656AA2
C165EBF0
C1666D86
C166EF63
C1677187
C167F3F2
C16876A4
C168F99E
C1697CDF
C16A0067
C1166EB3
C1168CAB
C116AAE1
C116C958
C116E812
C1170713
C117265F
C11745F7
C11765E0
C117861C
C117A6AE
C117C798
C117E8DF
C1180A84
C1182C8B
C1184EF5
C11871C7
C1189503
C118B8AB
C118DCC2
C119014B
C1192648
C1194BBD
C11971AB
C1199816
C119BF00
C119E66B
C11A0E5A
C11A36D0
C11A5FCF
C11A895A
C11AB373
C11ADE1C
C11B0958
C11B3529
C11B6192
C11B8E95
C11BBC34
C11BEA72
C11C1950
C11C48D1
C11C78F6
C11CA9C3
C11CDB39
C11D0D5A
C11D4028
C11D73A5
C11DA7D2
C11DDCB2
C11E1246
C11E4890
C11E7F91
C11EB74B
C11EEFC0
C11F28F0
C11F62DC
C11F9D87
C11FD8F2
C120151C
C1205207
C1208FB5
C120CE25
C1210D59
C1214D51
C1218E0E
C121CF8F
C12211D5
C12254E1
C12298B2
C122DD48
C12322A4
C12368C4
C123AFA9
C123F753
C1243FBF
C12488EF
C124D2E1
C1251D94
C1256908
C125B53B
C126022B
C1264FD9
C1269E42
C126ED65
C1273D40
C1278DD3
C127DF1A
C1283115
C12883C1
C128D71C
C1292B25
C1297FDA
C129D538
C12A2B3D
C12A81E6
C12AD933
C12B3120
C12B89AA
C12BE2D0
C12C3C8F
C12C96E5
C12CF1CF
C12D4D4A
C12DA955
C12E05EC
C12E630D
C12EC0B6
C12F1EE4
C12F7D94
C12FDCC4
C1303C72
C1309C9C
C130FD3E
C1315E56
C131BFE2
C13221E0
C132844D
C132E727
C1334A6C
C133AE19
C134122D
C13476A5
C134DB7F
C13540BA
C135A652
C1360C48
C1367297
C136D940
C137403F
C137A794
C1380F3C
C1387736
C138DF80
C139481A
C139B101
C13A1A34
C13A83B2
C13AED7A
C13B5789
C13BC1E0
C13C2C7D
C13C975F
C13D0285
C13D6DEE
C13DD999
C13E4584
C13EB1B1
C13F1E1D
C13F8AC7
C13FF7B0
C14064D7
C140D23A
C1413FD9
C141ADB5
C1421BCB
C1428A1D
C142F8A9
C143676F
C143D66F
C14445A8
C144B51B
C14524C6
C14594AB
C14604C7
C146751D
C146E5AA
C1475670
C147C76E
C14838A5
C148AA13
C1491BB9
C1498D98
C149FFAF
C14A71FE
C14AE486
C14B5746
C14BCA3E
C14C3D70
C14CB0DA
C14D247E
C14D985B
C14E0C71
C14E80C1
C14EF54B
C14F6A10
C14FDF0F
C1505448
C150C9BD
C1513F6D
C151B558
C1522B80
C152A1E3
C1531883
C1538F60
C154067A
C1547DD2
C154F567
C1556D3B
C155E54D
C1565D9D
C156D62D
C1574EFC
C157C80B
C158415A
C158BAEA
C15934BA
C159AECB
C15A291E
C15AA3B2
C15B1E88
C15B99A1
C15C14FC
C15C909A
C15D0C7B
C15D88A0
C15E0508
C15E81B5
C15EFEA6
C15F7BDB
C15FF955
C1607714
C160F518
C1617361
C161F1F0
C16270C5
C162EFE0
C1636F41
C163EEE8
C1646ED6
C164EF0B
C1656F86
C165F047
C1667150
C166F2A0
C1677437
C167F615
C168783A
C168FAA6
C1697D59
C16A0054
C16A8396
