ROSSFAST_D3R_TABLE_V1 O16 241 58081
C0154039
C0158229
C015C532
C016095A
C0164EA6
C016951D
C016DCC5
C01725A5
C0176FC2
C017BB24
C01807D1
C01855CF
C018A527
C018F5DE
C01947FC
C0199B89
C019F08C
C01A470C
C01A9F11
C01AF8A3
C01B53CB
C01BB090
C01C0EFA
C01C6F13
C01CD0E3
C01D3472
C01D99CA
C01E00F4
C01E69F9
C01ED4E3
C01F41BB
C01FB08B
C020215E
C020943E
C0210934
C021804D
C021F991
C022750D
C022F2CD
C02372DA
C023F541
C0247A0E
C025014C
C0258B09
C0261750
C026A62F
C02737B2
C027CBE6
C02862D9
C028FC98
C0299932
C02A38B4
C02ADB2C
C02B80AA
C02C293B
C02CD4EF
C02D83D5
C02E35FD
C02EEB75
C02FA44E
C0306097
C0312062
C031E3BE
C032AABB
C033756B
C03443DF
C0351627
C035EC55
C036C67A
C037A4A8
C03886F0
C0396D63
C03A5814
C03B4714
C03C3A75
C03D3249
C03E2EA0
C03F2F8E
C0403524
C0413F72
C0424E8B
C043627F
C0447B60
C045993E
C046BC29
C047E432
C0491167
C04A43D9
C04B7B96
C04CB8AC
C04DFB29
C04F431A
C050908B
C051E388
C0533C1B
C0549A4F
C055FE2D
C05767BC
C058D705
C05A4C0D
C05BC6DA
C05D476F
C05ECDCF
C06059FC
C061EBF7
C06383BD
C065214E
C066C4A5
C0686DBD
C06A1C91
C06BD118
C06D8B4A
C06F4B1C
C0711082
C072DB70
C074ABD5
C07681A4
C0785CCA
C07A3D36
C07C22D4
C07E0D8E
C07FFD51
C080F902
C081F5C8
C082F4ED
C083F667
C084FA26
C086001F
C0870842
C0881283
C0891ED2
C08A2D22
C08B3D64
C08C4F89
C08D6382
C08E7941
C08F90B8
C090A9D7
C091C48F
C092E0D3
C093FE95
C0951DC5
C0963E56
C097603A
C0988364
C099A7C6
C09ACD54
C09BF400
C09D1BC0
C09E4485
C09F6E46
C0A098F5
C0A1C489
C0A2F0F7
C0A41E34
C0A54C36
C0A67AF4
C0A7AA64
C0A8DA7E
C0AA0B38
C0AB3C8B
C0AC6E6E
C0ADA0DB
C0AED3C9
C0B00732
C0B13B0E
C0B26F59
C0B3A40B
C0B4D91F
C0B60E8F
C0B74455
C0B87A6E
C0B9B0D4
C0BAE783
C0BC1E76
C0BD55A9
C0BE8D19
C0BFC4C1
C0C0FC9E
C0C234AD
C0C36CEC
C0C4A556
C0C5DDE8
C0C716A2
C0C84F7F
C0C9887E
C0CAC19C
C0CBFAD8
C0CD342F
C0CE6D9F
C0CFA727
C0D0E0C5
C0D21A77
C0D3543D
C0D48E14
C0D5C7FC
C0D701F3
C0D83BF8
C0D97609
C0DAB027
C0DBEA51
C0DD2484
C0DE5EC1
C0DF9906
C0E0D353
C0E20DA8
C0E34803
C0E48264
C0E5BCCB
C0E6F737
C0E831A7
C0E96C1C
C0EAA694
C0EBE110
C0ED1B8E
C0EE560F
C0EF9093
C0F0CB18
C0F205A0
C0F34029
C0F47AB3
C0F5B53E
C0F6EFCA
C0F82A58
C0F964E5
C0FA9F74
C0FBDA02
C0FD1491
C0FE4F20
C0FF89AE
C100621F
C100FF66
C1019CAD
C10239F4
C102D73B
C1037481
C10411C8
C104AF0E
C1054C53
C105E999
C10686DE
C01566FA
C015A8AC
C015EB78
C0162F63
C0167472
C016BAAD
C0170218
C0174ABC
C017949D
C017DFC2
C0182C33
C01879F6
C018C912
C019198E
C0196B72
C019BEC4
C01A138B
C01A69D1
C01AC19C
C01B1AF4
C01B75E2
C01BD26D
C01C309F
C01C907E
C01CF215
C01D556C
C01DBA8B
C01E217D
C01E8A4A
C01EF4FD
C01F619E
C01FD037
C02040D3
C020B37D
C021283D
C0219F20
C022182F
C0229376
C0231100
C02390D9
C024130C
C02497A6
C0251EB1
C025A83B
C0263450
C026C2FC
C027544E
C027E851
C0287F13
C02918A2
C029B50C
C02A545E
C02AF6A8
C02B9BF7
C02C445A
C02CEFE0
C02D9E99
C02E5094
C02F05E0
C02FBE8E
C0307AAC
C0313A4C
C031FD7E
C032C452
C0338EDA
C0345D25
C0352F46
C036054D
C036DF4B
C037BD53
C0389F75
C03985C4
C03A7051
C03B5F2E
C03C526C
C03D4A1D
C03E4653
C03F4721
C0404C96
C04156C5
C04265BF
C0437995
C0449258
C045B019
C046D2E8
C047FAD6
C04927F1
C04A5A49
C04B91EC
C04CCEEA
C04E114F
C04F5928
C050A683
C051F96A
C05351E8
C054B008
C05613D2
C0577D4F
C058EC86
C05A617C
C05BDC38
C05D5CBD
C05EE30E
C0606F2D
C0620119
C06398D3
C0653657
C066D9A2
C06882AF
C06A3178
C06BE5F6
C06DA01E
C06F5FE7
C0712545
C072F02B
C074C08A
C0769652
C0787173
C07A51D9
C07C3772
C07E2229
C08008F4
C081034B
C0820010
C082FF35
C08400AD
C085046C
C0860A64
C0871287
C0881CC8
C0892917
C08A3767
C08B47A9
C08C59CF
C08D6DC9
C08E8389
C08F9B00
C090B420
C091CEDA
C092EB1F
C09408E2
C0952813
C09648A6
C0976A8B
C0988DB7
C099B21B
C09AD7AB
C09BFE59
C09D261A
C09E4EE2
C09F78A4
C0A0A356
C0A1CEEC
C0A2FB5B
C0A4289A
C0A5569E
C0A6855E
C0A7B4D1
C0A8E4EC
C0AA15A9
C0AB46FE
C0AC78E3
C0ADAB52
C0AEDE42
C0B011AC
C0B1458B
C0B279D8
C0B3AE8C
C0B4E3A1
C0B61913
C0B74EDC
C0B884F6
C0B9BB5E
C0BAF20F
C0BC2903
C0BD6038
C0BE97A9
C0BFCF53
C0C10732
C0C23F43
C0C37783
C0C4AFEE
C0C5E883
C0C7213E
C0C85A1C
C0C9931D
C0CACC3C
C0CC0579
C0CD3ED1
C0CE7843
C0CFB1CC
C0D0EB6B
C0D2251F
C0D35EE5
C0D498BE
C0D5D2A7
C0D70C9E
C0D846A4
C0D980B7
C0DABAD6
C0DBF500
C0DD2F35
C0DE6972
C0DFA3B9
C0E0DE07
C0E2185C
C0E352B8
C0E48D1A
C0E5C782
C0E701EE
C0E83C5F
C0E976D5
C0EAB14D
C0EBEBCA
C0ED2649
C0EE60CA
C0EF9B4E
C0F0D5D5
C0F2105C
C0F34AE6
C0F48571
C0F5BFFD
C0F6FA89
C0F83517
C0F96FA5
C0FAAA34
C0FBE4C3
C0FD1F52
C0FE59E1
C0FF9470
C1006780
C10104C7
C101A20E
C1023F56
C102DC9C
C10379E3
C104172A
C104B470
C10551B6
C105EEFB
C1068C40
C0158EE8
C015D05C
C01612E9
C0165695
C0169B66
C016E162
C0172890
C01770F5
C017BA99
C0180581
C01851B5
C0189F3A
C018EE19
C0193E59
C0198FFF
C019E315
C01A37A1
C01A8DAA
C01AE539
C01B3E56
C01B9909
C01BF559
C01C534F
C01CB2F4
C01D1451
C01D776D
C01DDC53
C01E430C
C01EABA0
C01F1619
C01F8281
C01FF0E3
C0206147
C020D3B8
C0214841
C021BEED
C02237C5
C022B2D6
C023302A
C023AFCE
C02431CB
C024B630
C0253D07
C025C65C
C026523D
C026E0B7
C02771D5
C02805A5
C0289C36
C0293593
C029D1CC
C02A70ED
C02B1307
C02BB826
C02C605A
C02D0BB2
C02DBA3C
C02E6C0A
C02F2128
C02FD9A9
C030959C
C0315510
C0321817
C032DEC1
C033A91E
C0347740
C0354938
C0361F17
C036F8EE
C037D6CF
C038B8CB
C0399EF4
C03A895C
C03B7814
C03C6B2F
C03D62BD
C03E5ED1
C03F5F7C
C04064D0
C0416EDF
C0427DB9
C0439171
C044AA16
C045C7B9
C046EA6C
C048123D
C0493F3C
C04A7179
C04BA903
C04CE5E7
C04E2834
C04F6FF6
C050BD39
C052100A
C0536873
C054C67E
C0562A34
C057939E
C05902C2
C05A77A7
C05BF251
C05D72C6
C05EF907
C0608517
C06216F5
C063AEA1
C0654C18
C066EF57
C0689859
C06A4717
C06BFB8A
C06DB5A9
C06F756A
C0713AC0
C073059E
C074D5F6
C076ABB8
C07886D2
C07A6733
C07C4CC8
C07E377A
C080139A
C0810DF1
C0820AB4
C08309D7
C0840B4F
C0850F0D
C0861505
C0871D27
C0882768
C08933B7
C08A4208
C08B524A
C08C6470
C08D786B
C08E8E2C
C08FA5A4
C090BEC5
C091D980
C092F5C7
C094138B
C09532BE
C0965352
C0977539
C0989867
C099BCCC
C09AE25E
C09C090E
C09D30D1
C09E599B
C09F835F
C0A0AE13
C0A1D9AB
C0A3061D
C0A4335E
C0A56164
C0A69026
C0A7BF9B
C0A8EFB9
C0AA2077
C0AB51CE
C0AC83B6
C0ADB626
C0AEE919
C0B01C85
C0B15066
C0B284B5
C0B3B96B
C0B4EE82
C0B623F6
C0B759C1
C0B88FDD
C0B9C647
C0BAFCF9
C0BC33F0
C0BD6B26
C0BEA299
C0BFDA45
C0C11226
C0C24A38
C0C3827A
C0C4BAE7
C0C5F37D
C0C72C39
C0C86519
C0C99E1B
C0CAD73C
C0CC107A
C0CD49D4
C0CE8346
C0CFBCD1
C0D0F671
C0D23026
C0D369EE
C0D4A3C8
C0D5DDB2
C0D717AB
C0D851B2
C0D98BC6
C0DAC5E6
C0DC0011
C0DD3A46
C0DE7484
C0DFAECC
C0E0E91B
C0E22371
C0E35DCE
C0E49831
C0E5D299
C0E70D06
C0E84778
C0E981EE
C0EABC67
C0EBF6E4
C0ED3164
C0EE6BE6
C0EFA66B
C0F0E0F2
C0F21B7A
C0F35604
C0F49090
C0F5CB1C
C0F705A9
C0F84037
C0F97AC6
C0FAB555
C0FBEFE4
C0FD2A74
C0FE6504
C0FF9F93
C1006D11
C1010A59
C101A7A0
C10244E8
C102E22F
C1037F76
C1041CBC
C104BA03
C1055749
C105F48E
C10691D4
C015B80B
C015F93E
C0163B8B
C0167EF7
C016C388
C0170945
C0175033
C0179859
C017E1BD
C0182C67
C018785B
C018C5A2
C0191443
C0196444
C019B5AD
C01A0884
C01A5CD2
C01AB29E
C01B09F1
C01B62D0
C01BBD46
C01C195A
C01C7714
C01CD67D
C01D379D
C01D9A7F
C01DFF29
C01E65A7
C01ECE00
C01F383F
C01FA46D
C0201295
C02082BF
C020F4F8
C0216948
C021DFBB
C022585B
C022D334
C0235051
C023CFBD
C0245185
C024D5B3
C0255C54
C025E574
C0267120
C026FF64
C027904E
C02823EB
C028BA48
C0295372
C029EF79
C02A8E68
C02B3050
C02BD53F
C02C7D42
C02D286A
C02DD6C5
C02E8863
C02F3D54
C02FF5A7
C030B16C
C03170B3
C032338E
C032FA0C
C033C43F
C0349236
C0356405
C03639BA
C0371369
C037F122
C038D2F7
C039B8F9
C03AA33B
C03B91CE
C03C84C4
C03D7C2E
C03E781F
C03F78A7
C0407DDA
C04187C7
C0429681
C043AA19
C044C29F
C045E024
C04702B8
C0482A6D
C0495750
C04A8972
C04BC0E1
C04CFDAC
C04E3FDF
C04F8789
C050D4B5
C052276F
C0537FC1
C054DDB7
C0564158
C057AAAE
C05919BF
C05A8E92
C05C092B
C05D898F
C05F0FC0
C0609BC1
C0622D90
C063C52E
C0656298
C06705CB
C068AEC1
C06A5D74
C06C11DD
C06DCBF2
C06F8BA9
C07150F7
C0731BCD
C074EC1E
C076C1D9
C0789CEE
C07A7D4A
C07C62D9
C07E4D87
C0801E9F
C08118F4
C08215B6
C08314D8
C084164F
C0851A0C
C0862003
C0872826
C0883266
C0893EB6
C08A4D07
C08B5D49
C08C6F70
C08D836C
C08E992E
C08FB0A7
C090C9C9
C091E486
C09300CE
C0941E93
C0953DC8
C0965E5D
C0978047
C098A376
C099C7DE
C09AED71
C09C1423
C09D3BE9
C09E64B4
C09F8E7B
C0A0B931
C0A1E4CB
C0A3113F
C0A43E82
C0A56C8B
C0A69B4F
C0A7CAC6
C0A8FAE6
C0AA2BA6
C0AB5D00
C0AC8EEA
C0ADC15C
C0AEF451
C0B027C0
C0B15BA3
C0B28FF3
C0B3C4AB
C0B4F9C5
C0B62F3B
C0B76508
C0B89B26
C0B9D192
C0BB0846
C0BC3F3E
C0BD7677
C0BEADEC
C0BFE599
C0C11D7C
C0C25590
C0C38DD3
C0C4C642
C0C5FED9
C0C73797
C0C87079
C0C9A97C
C0CAE29F
C0CC1BDE
C0CD5539
C0CE8EAD
C0CFC839
C0D101DB
C0D23B91
C0D3755A
C0D4AF35
C0D5E920
C0D7231A
C0D85D22
C0D99737
C0DAD158
C0DC0B85
C0DD45BB
C0DE7FFA
C0DFBA42
C0E0F492
C0E22EE9
C0E36947
C0E4A3AB
C0E5DE14
C0E71882
C0E852F5
C0E98D6B
C0EAC7E5
C0EC0263
C0ED3CE3
C0EE7766
C0EFB1EC
C0F0EC73
C0F226FC
C0F36187
C0F49C13
C0F5D6A0
C0F7112D
C0F84BBC
C0F9864B
C0FAC0DB
C0FBFB6A
C0FD35FA
C0FE708B
C0FFAB1B
C10072D5
C101101D
C101AD65
C1024AAC
C102E7F3
C103853B
C1042281
C104BFC8
C1055D0E
C105FA54
C1069799
C015E26A
C016235C
C0166567
C016A892
C016ECE1
C017325D
C017790A
C017C0EF
C0180A12
C018547B
C018A02F
C018ED36
C0193B97
C0198B58
C019DC81
C01A2F19
C01A8328
C01AD8B5
C01B2FC9
C01B886A
C01BE2A1
C01C3E77
C01C9BF3
C01CFB1F
C01D5C02
C01DBEA6
C01E2314
C01E8955
C01EF172
C01F5B76
C01FC768
C0203554
C020A544
C0211742
C0218B58
C0220191
C02279F8
C022F498
C023717C
C023F0B0
C024723F
C024F635
C0257C9F
C0260588
C02690FE
C0271F0C
C027AFC1
C0284328
C028D951
C0297247
C02A0E19
C02AACD6
C02B4E8B
C02BF347
C02C9B19
C02D4610
C02DF43A
C02EA5A8
C02F5A69
C030128D
C030CE24
C0318D3D
C0324FEB
C033163C
C033E042
C034AE0F
C0357FB2
C036553D
C0372EC2
C0380C52
C038EDFF
C039D3DA
C03ABDF5
C03BAC61
C03C9F31
C03D9677
C03E9243
C03F92A8
C04097B8
C041A183
C042B01C
C043C393
C044DBF9
C045F95F
C0471BD6
C048436C
C0497033
C04AA239
C04BD98D
C04D163D
C04E5856
C04F9FE7
C050ECFB
C0523F9D
C05397D9
C054F5B9
C0565945
C057C287
C0593185
C05AA644
C05C20CC
C05DA11E
C05F273F
C060B330
C06244F1
C063DC80
C06579DD
C0671D03
C068C5ED
C06A7495
C06C28F3
C06DE2FE
C06FA2AD
C07167F1
C07332C0
C0750309
C076D8BE
C078B3CD
C07A9423
C07C79AE
C07E6458
C0802A05
C0812458
C0822119
C083203A
C08421B0
C085256D
C0862B64
C0873386
C0883DC6
C0894A16
C08A5867
C08B68AB
C08C7AD2
C08D8ECE
C08EA491
C08FBC0C
C090D52F
C091EFED
C0930C37
C09429FE
C0954934
C09669CB
C0978BB6
C098AEE8
C099D351
C09AF8E7
C09C1F9B
C09D4763
C09E7030
C09F99F9
C0A0C4B1
C0A1F04E
C0A31CC4
C0A44A0A
C0A57815
C0A6A6DB
C0A7D654
C0A90677
C0AA373A
C0AB6895
C0AC9A82
C0ADCCF7
C0AEFFED
C0B0335F
C0B16744
C0B29B97
C0B3D051
C0B5056D
C0B63AE5
C0B770B4
C0B8A6D4
C0B9DD42
C0BB13F8
C0BC4AF2
C0BD822D
C0BEB9A4
C0BFF153
C0C12937
C0C2614D
C0C39992
C0C4D202
C0C60A9C
C0C7435B
C0C87C3F
C0C9B544
C0CAEE68
C0CC27A9
C0CD6105
C0CE9A7B
C0CFD408
C0D10DAB
C0D24762
C0D3812D
C0D4BB09
C0D5F4F5
C0D72EF1
C0D868FA
C0D9A310
C0DADD32
C0DC175F
C0DD5197
C0DE8BD7
C0DFC620
C0E10071
C0E23AC9
C0E37528
C0E4AF8C
C0E5E9F6
C0E72465
C0E85ED9
C0E99950
C0EAD3CB
C0EC0E49
C0ED48CA
C0EE834E
C0EFBDD4
C0F0F85C
C0F232E6
C0F36D71
C0F4A7FD
C0F5E28B
C0F71D19
C0F857A8
C0F99238
C0FACCC8
C0FC0758
C0FD41E9
C0FE7C79
C0FFB70A
C10078CD
C1011615
C101B35D
C10250A5
C102EDEC
C1038B33
C104287A
C104C5C1
C1056307
C106004D
C1069D93
C0160E0E
C0164EBC
C0169084
C016D36B
C0171778
C0175CB1
C017A31B
C017EABD
C018339F
C0187DC5
C018C938
C01915FD
C019641C
C019B39C
C01A0484
C01A56DB
C01AAAA9
C01AFFF6
C01B56C9
C01BAF2A
C01C0922
C01C64B8
C01CC1F5
C01D20E2
C01D8186
C01DE3EC
C01E481C
C01EAE1F
C01F15FE
C01F7FC4
C01FEB7A
C0205929
C020C8DD
C0213A9F
C021AE79
C0222477
C0229CA3
C0231708
C02393B2
C02412AC
C0249401
C02517BF
C0259DF0
C02626A1
C026B1DF
C0273FB6
C027D033
C0286365
C028F957
C0299218
C02A2DB5
C02ACC3D
C02B6DBE
C02C1247
C02CB9E5
C02D64AA
C02E12A2
C02EC3DF
C02F786F
C0303063
C030EBCA
C031AAB4
C0326D33
C0333357
C033FD30
C034CACF
C0359C47
C03671A7
C0374B01
C0382867
C03909EA
C039EF9C
C03AD98F
C03BC7D5
C03CBA7E
C03DB19E
C03EAD45
C03FAD86
C040B272
C041BC1A
C042CA91
C043DDE6
C044F62C
C0461372
C04735C9
C0485D42
C04989EB
C04ABBD4
C04BF30C
C04D2FA0
C04E71A0
C04FB917
C0510612
C052589C
C053B0C1
C0550E8A
C0567201
C057DB2E
C0594A18
C05ABEC4
C05C3939
C05DB97A
C05F3F8B
C060CB6B
C0625D1C
C063F49E
C06591ED
C0673505
C068DDE3
C06A8C80
C06C40D3
C06DFAD5
C06FBA79
C0717FB5
C0734A7C
C0751ABE
C076F06C
C078CB75
C07AABC6
C07C914B
C07E7BF1
C08035D0
C0813022
C0822CE1
C0832C01
C0842D76
C0853132
C0863728
C0873F4B
C088498B
C08955DB
C08A642C
C08B7470
C08C8699
C08D9A96
C08EB05A
C08FC7D6
C090E0FA
C091FBBA
C0931805
C09435CE
C0955506
C096759F
C097978C
C098BABF
C099DF2B
C09B04C3
C09C2B7A
C09D5343
C09E7C13
C09FA5DE
C0A0D099
C0A1FC38
C0A328B0
C0A455F8
C0A58406
C0A6B2CF
C0A7E24A
C0A9126F
C0AA4335
C0AB7493
C0ACA681
C0ADD8F9
C0AF0BF2
C0B03F65
C0B1734D
C0B2A7A2
C0B3DC5F
C0B5117D
C0B646F7
C0B77CC8
C0B8B2EB
C0B9E95B
C0BB2013
C0BC570F
C0BD8E4C
C0BEC5C4
C0BFFD76
C0C1355C
C0C26D74
C0C3A5BA
C0C4DE2D
C0C616C8
C0C74F89
C0C8886E
C0C9C175
C0CAFA9A
C0CC33DD
C0CD6D3B
C0CEA6B2
C0CFE041
C0D119E5
C0D2539E
C0D38D6A
C0D4C747
C0D60135
C0D73B31
C0D8753C
C0D9AF53
C0DAE976
C0DC23A5
C0DD5DDD
C0DE981E
C0DFD269
C0E10CBA
C0E24713
C0E38173
C0E4BBD8
C0E5F643
C0E730B3
C0E86B27
C0E9A59F
C0EAE01B
C0EC1A9A
C0ED551C
C0EE8FA0
C0EFCA27
C0F104B0
C0F23F3A
C0F379C6
C0F4B453
C0F5EEE1
C0F72970
C0F86400
C0F99E90
C0FAD920
C0FC13B1
C0FD4E42
C0FE88D3
C0FFC364
C1007EFA
C1011C43
C101B98B
C10256D3
C102F41A
C1039162
C1042EA9
C104CBEF
C1056936
C106067C
C106A3C2
C0163AFE
C0167B67
C016BCEA
C016FF8C
C0174355
C0178849
C017CE6F
C01815CD
C0185E6B
C018A84D
C018F37C
C0193FFE
C0198DDA
C019DD17
C01A2DBC
C01A7FD1
C01AD35D
C01B2868
C01B7EF9
C01BD719
C01C30CF
C01C8C24
C01CE921
C01D47CD
C01DA831
C01E0A57
C01E6E47
C01ED40B
C01F3BAB
C01FA532
C02010AA
C0207E1B
C020ED91
C0215F15
C021D2B2
C0224873
C022C063
C0233A8C
C023B6FA
C02435B9
C024B6D3
C0253A56
C025C04D
C02648C5
C026D3C9
C0276168
C027F1AD
C02884A7
C0291A61
C029B2EB
C02A4E52
C02AECA5
C02B8DF0
C02C3244
C02CD9AF
C02D843F
C02E3205
C02EE30E
C02F976D
C0304F2F
C0310A65
C031C91F
C0328B6E
C0335163
C0341B0E
C034E880
C035B9CA
C0368EFD
C037682C
C0384567
C03926C0
C03A0C48
C03AF612
C03BE42F
C03CD6B1
C03DCDAA
C03EC92B
C03FC947
C040CE0E
C041D793
C042E5E6
C043F919
C045113D
C0462E63
C047509A
C04877F3
C049A47E
C04AD64A
C04C0D65
C04D49DE
C04E8BC2
C04FD31F
C0512000
C0527272
C053CA7F
C0552832
C0568B93
C057F4AA
C059637F
C05AD818
C05C527B
C05DD2AA
C05F58A8
C060E479
C062761A
C0640D8D
C065AACE
C0674DD9
C068F6AB
C06AA53B
C06C5984
C06E137B
C06FD316
C0719849
C0736308
C0753342
C07708EA
C078E3EC
C07AC437
C07CA9B8
C07E9459
C0804203
C0813C52
C0823910
C083382F
C08439A4
C0853D5F
C0864355
C0874B77
C08855B8
C0896208
C08A705A
C08B809F
C08C92C8
C08DA6C6
C08EBC8B
C08FD408
C090ED2E
C09207EF
C093243C
C0944206
C0956140
C09681DC
C097A3CB
C098C700
C099EB6E
C09B1108
C09C37C1
C09D5F8D
C09E8860
C09FB22D
C0A0DCEA
C0A2088C
C0A33507
C0A46251
C0A59061
C0A6BF2D
C0A7EEAB
C0A91ED2
C0AA4F9A
C0AB80FB
C0ACB2EC
C0ADE566
C0AF1862
C0B04BD8
C0B17FC2
C0B2B419
C0B3E8D8
C0B51DF9
C0B65375
C0B78948
C0B8BF6D
C0B9F5DF
C0BB2C9A
C0BC6399
C0BD9AD7
C0BED252
C0C00A05
C0C141ED
C0C27A07
C0C3B250
C0C4EAC4
C0C62361
C0C75C24
C0C8950B
C0C9CE13
C0CB073A
C0CC407E
C0CD79DE
C0CEB356
C0CFECE7
C0D1268D
C0D26047
C0D39A14
C0D4D3F3
C0D60DE2
C0D747E0
C0D881EB
C0D9BC04
C0DAF628
C0DC3058
C0DD6A91
C0DEA4D4
C0DFDF1F
C0E11972
C0E253CC
C0E38E2C
C0E4C893
C0E602FF
C0E73D6F
C0E877E4
C0E9B25D
C0EAECDA
C0EC275A
C0ED61DC
C0EE9C61
C0EFD6E9
C0F11172
C0F24BFD
C0F3868A
C0F4C117
C0F5FBA6
C0F73635
C0F870C6
C0F9AB56
C0FAE5E7
C0FC2079
C0FD5B0A
C0FE959C
C0FFD02D
C100855F
C10122A8
C101BFF0
C1025D38
C102FA80
C10397C7
C104350F
C104D256
C1056F9C
C1060CE3
C106AA29
C0166942
C016A964
C016EAA0
C0172CFD
C017707F
C017B52D
C017FB0D
C0184226
C0188A7E
C018D41B
C0191F05
C0196B42
C019B8D9
C01A07D2
C01A5833
C01AAA04
C01AFD4C
C01B5213
C01BA861
C01C003E
C01C59B2
C01CB4C4
C01D117E
C01D6FE8
C01DD00B
C01E31EF
C01E959E
C01EFB21
C01F6281
C01FCBC7
C02036FF
C020A430
C0211367
C02184AC
C021F80B
C0226D8D
C022E53F
C0235F2B
C023DB5C
C02459DE
C024DABC
C0255E03
C025E3BF
C0266BFB
C026F6C6
C027842A
C0281435
C028A6F6
C0293C78
C029D4CA
C02A6FF9
C02B0E14
C02BAF29
C02C5347
C02CFA7C
C02DA4D7
C02E5268
C02F033E
C02FB769
C0306EF8
C03129FC
C031E885
C032AAA4
C0337068
C03439E3
C0350726
C035D842
C036AD48
C037864A
C0386359
C0394486
C03A29E4
C03B1383
C03C0177
C03CF3D1
C03DEAA2
C03EE5FC
C03FE5F1
C040EA93
C041F3F3
C0430222
C0441532
C0452D34
C0464A38
C0476C4F
C0489388
C049BFF4
C04AF1A1
C04C289F
C04D64FB
C04EA6C4
C04FEE06
C0513ACD
C0528D26
C053E51B
C05542B6
C056A600
C0580F02
C0597DC2
C05AF247
C05C6C96
C05DECB3
C05F72A0
C060FE5F
C0628FF1
C0642754
C065C487
C0676785
C069104A
C06ABECE
C06C730C
C06E2CF8
C06FEC8A
C071B1B4
C0737C6A
C0754C9D
C077223D
C078FD3A
C07ADD7F
C07CC2FB
C07EAD98
C0804EA0
C08148EE
C08245AB
C08344C9
C084463C
C08549F7
C0864FED
C087580F
C0886250
C0896EA0
C08A7CF3
C08B8D38
C08C9F62
C08DB362
C08EC928
C08FE0A6
C090F9CE
C0921490
C09330DF
C0944EAB
C0956DE7
C0968E85
C097B076
C098D3AE
C099F81E
C09B1DBA
C09C4476
C09D6C44
C09E9519
C09FBEEA
C0A0E9A9
C0A2154D
C0A341CB
C0A46F18
C0A59D2B
C0A6CBF9
C0A7FB7A
C0A92BA4
C0AA5C6F
C0AB8DD2
C0ACBFC5
C0ADF242
C0AF2540
C0B058B9
C0B18CA5
C0B2C0FF
C0B3F5C1
C0B52AE4
C0B66063
C0B79638
C0B8CC60
C0BA02D4
C0BB3991
C0BC7092
C0BDA7D2
C0BEDF4F
C0C01705
C0C14EEF
C0C2870B
C0C3BF55
C0C4F7CB
C0C6306A
C0C7692F
C0C8A218
C0C9DB22
C0CB144B
C0CC4D91
C0CD86F2
C0CEC06C
C0CFF9FE
C0D133A5
C0D26D61
C0D3A730
C0D4E110
C0D61B00
C0D754FF
C0D88F0C
C0D9C926
C0DB034C
C0DC3D7D
C0DD77B7
C0DEB1FB
C0DFEC47
C0E1269B
C0E260F6
C0E39B58
C0E4D5BF
C0E6102C
C0E74A9D
C0E88513
C0E9BF8D
C0EAFA0B
C0EC348B
C0ED6F0F
C0EEA995
C0EFE41D
C0F11EA7
C0F25932
C0F393BF
C0F4CE4E
C0F608DD
C0F7436D
C0F87DFE
C0F9B88F
C0FAF321
C0FC2DB3
C0FD6845
C0FEA2D7
C0FFDD69
C1008BFD
C1012946
C101C68E
C10263D7
C103011F
C1039E66
C1043BAE
C104D8F5
C105763C
C1061382
C106B0C9
C01698E1
C016D8BB
C01719AF
C0175BC3
C0179EFE
C017E364
C01828FD
C0186FCF
C018B7E0
C0190136
C0194BDA
C01997D0
C019E522
C01A33D4
C01A83EF
C01AD57B
C01B287E
C01B7D00
C01BD309
C01C2AA1
C01C83D0
C01CDE9F
C01D3B15
C01D993B
C01DF91B
C01E5ABC
C01EBE28
C01F2368
C01F8A86
C01FF38B
C0205E81
C020CB72
C0213A67
C021AB6C
C0221E8B
C02293CE
C0230B40
C02384ED
C02400DF
C0247F23
C024FFC4
C02582CE
C026084C
C026904C
C0271ADA
C027A803
C02837D4
C028CA59
C0295FA2
C029F7BA
C02A92B0
C02B3093
C02BD170
C02C7556
C02D1C54
C02DC679
C02E73D4
C02F2475
C02FD86B
C0308FC7
C0314A98
C03208EE
C032CADA
C033906D
C03459B8
C03526CB
C035F7B7
C036CC8E
C037A562
C0388243
C0396344
C03A4876
C03B31EB
C03C1FB4
C03D11E4
C03E088C
C03F03BF
C040038D
C0410808
C0421142
C0431F4D
C0443239
C0454A18
C04666F9
C04788EE
C048B007
C049DC53
C04B0DE1
C04C44C1
C04D8100
C04EC2AC
C05009D3
C051567F
C052A8BE
C054009A
C0555E1D
C056C150
C0582A3C
C05998E7
C05B0D57
C05C8792
C05E079C
C05F8D77
C0611926
C062AAA7
C06441FB
C065DF1F
C067820F
C0692AC7
C06AD93F
C06C8D71
C06E4753
C07006DB
C071CBFC
C07396AA
C07566D5
C0773C6E
C0791764
C07AF7A4
C07CDD1B
C07EC7B4
C0805BAC
C08155F9
C08252B4
C08351D1
C0845344
C08556FE
C0865CF4
C0876516
C0886F56
C0897BA7
C08A89FA
C08B9A41
C08CAC6C
C08DC06C
C08ED634
C08FEDB4
C09106DD
C09221A2
C0933DF2
C0945BC0
C0957AFE
C0969B9E
C097BD92
C098E0CC
C09A053E
C09B2ADD
C09C519B
C09D796C
C09EA244
C09FCC17
C0A0F6D9
C0A22280
C0A34F01
C0A47C51
C0A5AA66
C0A6D937
C0A808BA
C0A938E7
C0AA69B5
C0AB9B1B
C0ACCD11
C0ADFF90
C0AF3291
C0B0660D
C0B199FC
C0B2CE58
C0B4031C
C0B53842
C0B66DC3
C0B7A39B
C0B8D9C5
C0BA103C
C0BB46FB
C0BC7DFE
C0BDB541
C0BEECC1
C0C02478
C0C15C64
C0C29483
C0C3CCCF
C0C50547
C0C63DE8
C0C776AF
C0C8AF99
C0C9E8A5
C0CB21D0
C0CC5B18
C0CD947B
C0CECDF6
C0D0078A
C0D14133
C0D27AF0
C0D3B4C0
C0D4EEA2
C0D62894
C0D76294
C0D89CA3
C0D9D6BE
C0DB10E5
C0DC4B17
C0DD8553
C0DEBF98
C0DFF9E5
C0E1343A
C0E26E96
C0E3A8F9
C0E4E361
C0E61DCF
C0E75841
C0E892B8
C0E9CD33
C0EB07B1
C0EC4233
C0ED7CB7
C0EEB73E
C0EFF1C6
C0F12C51
C0F266DE
C0F3A16B
C0F4DBFA
C0F6168A
C0F7511B
C0F88BAD
C0F9C63F
C0FB00D1
C0FC3B63
C0FD75F6
C0FEB088
C0FFEB1A
C10092D6
C101301F
C101CD68
C1026AB0
C10307F9
C103A541
C1044288
C104DFD0
C1057D17
C1061A5D
C106B7A4
C016C9E4
C0170974
C0174A1F
C0178BE9
C017CEDA
C01812F8
C0185848
C0189ED0
C018E699
C0192FA7
C0197A02
C019C5B1
C01A12BA
C01A6125
C01AB0F9
C01B023E
C01B54FA
C01BA935
C01BFEF8
C01C564A
C01CAF33
C01D09BC
C01D65ED
C01DC3CE
C01E2369
C01E84C5
C01EE7ED
C01F4CEA
C01FB3C4
C0201C86
C0208739
C020F3E7
C021629A
C021D35D
C022463A
C022BB3C
C023326D
C023ABDA
C024278C
C024A590
C02525F2
C025A8BD
C0262DFD
C026B5BF
C0274010
C027CCFC
C0285C90
C028EEDA
C02983E6
C02A1BC3
C02AB67F
C02B5428
C02BF4CC
C02C9879
C02D3F3F
C02DE92C
C02E9651
C02F46BB
C02FFA7C
C030B1A2
C0316C3E
C0322A60
C032EC19
C033B17A
C0347A92
C0354774
C0361830
C036ECD7
C037C57C
C038A22F
C0398302
C03A6807
C03B5150
C03C3EEE
C03D30F3
C03E2771
C03F227A
C0402220
C0412674
C0422F88
C0433D6D
C0445034
C04567EF
C04684AD
C047A680
C048CD77
C049F9A2
C04B2B11
C04C61D2
C04D9DF3
C04EDF82
C050268C
C051731E
C052C542
C0541D05
C0557A6F
C056DD8B
C058465F
C059B4F4
C05B2950
C05CA377
C05E236D
C05FA936
C06134D3
C062C644
C0645D88
C065FA9D
C0679D7F
C0694629
C06AF496
C06CA8BC
C06E6293
C0702211
C071E729
C073B1CE
C07581F1
C0775784
C0793273
C07B12AE
C07CF81F
C07EE2B3
C080692A
C0816375
C082602F
C0835F4B
C08460BD
C0856477
C0866A6C
C087728E
C0887CCF
C0898921
C08A9775
C08BA7BC
C08CB9E8
C08DCDEA
C08EE3B3
C08FFB35
C0911460
C0922F26
C0934B78
C0946949
C0958889
C096A92B
C097CB21
C098EE5D
C09A12D3
C09B3874
C09C5F35
C09D8709
C09EAFE3
C09FD9B9
C0A1047E
C0A23028
C0A35CAB
C0A489FE
C0A5B816
C0A6E6EA
C0A81671
C0A946A0
C0AA7771
C0ABA8D9
C0ACDAD3
C0AE0D55
C0AF4059
C0B073D7
C0B1A7C9
C0B2DC28
C0B410EF
C0B54617
C0B67B9B
C0B7B176
C0B8E7A2
C0BA1E1B
C0BB54DD
C0BC8BE2
C0BDC328
C0BEFAA9
C0C03263
C0C16A52
C0C2A272
C0C3DAC1
C0C5133B
C0C64BDE
C0C784A7
C0C8BD93
C0C9F6A1
C0CB2FCE
C0CC6917
C0CDA27C
C0CEDBF9
C0D0158F
C0D14F39
C0D288F8
C0D3C2CA
C0D4FCAD
C0D636A0
C0D770A2
C0D8AAB2
C0D9E4CF
C0DB1EF7
C0DC592A
C0DD9367
C0DECDAD
C0E007FC
C0E14252
C0E27CAF
C0E3B713
C0E4F17D
C0E62BEB
C0E7665F
C0E8A0D7
C0E9DB52
C0EB15D2
C0EC5054
C0ED8AD9
C0EEC561
C0EFFFEA
C0F13A76
C0F27503
C0F3AF91
C0F4EA21
C0F624B2
C0F75F43
C0F899D5
C0F9D468
C0FB0EFB
C0FC498E
C0FD8421
C0FEBEB4
C0FFF947
C10099ED
C1013736
C101D47F
C10271C7
C1030F10
C103AC58
C10449A0
C104E6E8
C105842F
C1062176
C106BEBC
C016FC52
C0173B97
C0177BF6
C017BD76
C018001C
C01843EF
C01888F4
C018CF33
C01916B1
C0195F76
C019A987
C019F4EC
C01A41AC
C01A8FCE
C01ADF59
C01B3055
C01B82C8
C01BD6BC
C01C2C36
C01C8341
C01CDBE3
C01D3624
C01D920E
C01DEFA9
C01E4EFD
C01EB014
C01F12F6
C01F77AD
C01FDE42
C02046BF
C020B12D
C0211D97
C0218C07
C021FC86
C0226F20
C022E3DF
C0235ACE
C023D3F9
C0244F6A
C024CD2D
C0254D4E
C025CFD8
C02654D9
C026DC5C
C027666E
C027F31B
C0288272
C029147E
C029A94E
C02A40EE
C02ADB6F
C02B78DC
C02C1945
C02CBCB8
C02D6344
C02E0CF9
C02EB9E5
C02F6A17
C0301DA1
C030D491
C0318EF7
C0324CE4
C0330E68
C033D395
C0349C7A
C0356929
C03639B4
C0370E2A
C037E69E
C038C322
C039A3C6
C03A889D
C03B71B9
C03C5F2A
C03D5104
C03E4758
C03F4237
C04041B3
C04145DF
C0424ECB
C0435C8A
C0446F2B
C04586C1
C046A35B
C047C50B
C048EBDF
C04A17E9
C04B4938
C04C7FD9
C04DBBDB
C04EFD4D
C050443A
C05190B0
C052E2B9
C0543A62
C05597B3
C056FAB6
C0586373
C059D1F2
C05B4638
C05CC04A
C05E402D
C05FC5E3
C061516E
C062E2CE
C0647A02
C0661708
C067B9DC
C0696279
C06B10D8
C06CC4F3
C06E7EBF
C0703E32
C0720341
C073CDDD
C0759DF9
C0777384
C0794E6D
C07B2EA2
C07D140F
C07EFE9E
C080771E
C0817167
C0826E20
C0836D3B
C0846EAC
C0857266
C086785B
C087807D
C0888ABF
C0899711
C08AA565
C08BB5AE
C08CC7DB
C08DDBDE
C08EF1A9
C090092C
C0912259
C0923D21
C0935975
C0947748
C095968B
C096B72F
C097D928
C098FC67
C09A20DF
C09B4683
C09C6D47
C09D951D
C09EBDFB
C09FE7D3
C0A1129B
C0A23E48
C0A36ACE
C0A49824
C0A5C640
C0A6F517
C0A824A0
C0A954D3
C0AA85A6
C0ABB712
C0ACE90E
C0AE1B93
C0AF4E9A
C0B0821B
C0B1B610
C0B2EA72
C0B41F3C
C0B55466
C0B689ED
C0B7BFCB
C0B8F5FA
C0BA2C76
C0BB633A
C0BC9A42
C0BDD18A
C0BF090E
C0C040CA
C0C178BB
C0C2B0DD
C0C3E92E
C0C521AB
C0C65A50
C0C7931B
C0C8CC09
C0CA0519
C0CB3E48
C0CC7793
C0CDB0FA
C0CEEA79
C0D02410
C0D15DBC
C0D2977D
C0D3D150
C0D50B35
C0D6452A
C0D77F2D
C0D8B93F
C0D9F35D
C0DB2D86
C0DC67BB
C0DDA1F9
C0DEDC41
C0E01691
C0E150E8
C0E28B46
C0E3C5AB
C0E50016
C0E63A86
C0E774FA
C0E8AF73
C0E9E9F0
C0EB2470
C0EC5EF3
C0ED9979
C0EED401
C0F00E8C
C0F14918
C0F283A6
C0F3BE35
C0F4F8C6
C0F63357
C0F76DE9
C0F8A87C
C0F9E30F
C0FB1DA3
C0FC5836
C0FD92CA
C0FECD5D
C10003F8
C100A142
C1013E8B
C101DBD5
C102791E
C1031666
C103B3AF
C10450F7
C104EE3F
C1058B86
C10628CD
C106C614
C0173035
C0176F2D
C017AF3F
C017F072
C01832CC
C0187652
C018BB0C
C01900FE
C0194831
C01990AA
C019DA70
C01A258A
C01A71FF
C01ABFD6
C01B0F17
C01B5FC8
C01BB1F2
C01C059B
C01C5ACD
C01CB18E
C01D09E7
C01D63E0
C01DBF81
C01E1CD3
C01E7BE0
C01EDCAF
C01F3F4A
C01FA3BA
C0200A08
C020723F
C020DC67
C021488B
C021B6B5
C02226F0
C0229945
C0230DC0
C023846C
C023FD53
C0247881
C024F601
C02575E0
C025F829
C0267CE8
C027042B
C0278DFC
C0281A6A
C028A981
C0293B4E
C029CFE0
C02A6743
C02B0186
C02B9EB6
C02C3EE3
C02CE21B
C02D886C
C02E31E6
C02EDE99
C02F8E92
C03041E3
C030F89B
C031B2CA
C0327081
C03331D0
C033F6C7
C034BF78
C0358BF3
C0365C4B
C037308F
C03808D2
C038E525
C039C599
C03AAA41
C03B932E
C03C8072
C03D721F
C03E6847
C03F62FB
C040624E
C0416650
C0426F14
C0437CAB
C0448F25
C045A695
C046C30A
C047E496
C0490B48
C04A3730
C04B685D
C04C9EDE
C04DDAC1
C04F1C14
C05062E3
C051AF3D
C053012B
C05458B8
C055B5F0
C05718DA
C0588180
C059EFE7
C05B6417
C05CDE15
C05E5DE4
C05FE387
C0616EFF
C063004E
C0649772
C0663468
C067D72D
C0697FBC
C06B2E0F
C06CE21D
C06E9BDE
C0705B47
C072204C
C073EAE0
C075BAF4
C0779078
C0796B5A
C07B4B89
C07D30F1
C07F1B7C
C080858B
C0817FD3
C0827C8A
C0837BA5
C0847D15
C08580CF
C08686C4
C0878EE6
C0889928
C089A57B
C08AB3D0
C08BC419
C08CD648
C08DEA4D
C08F0019
C090179E
C09130CD
C0924B97
C09367EE
C09485C3
C095A508
C096C5AF
C097E7AA
C0990AEC
C09A2F67
C09B550E
C09C7BD4
C09DA3AE
C09ECC8E
C09FF66A
C0A12135
C0A24CE5
C0A3796F
C0A4A6C8
C0A5D4E6
C0A703C0
C0A8334D
C0A96383
C0AA9459
C0ABC5C8
C0ACF7C8
C0AE2A50
C0AF5D5A
C0B090DE
C0B1C4D5
C0B2F93B
C0B42E07
C0B56335
C0B698BF
C0B7CE9F
C0B904D1
C0BA3B4F
C0BB7216
C0BCA921
C0BDE06B
C0BF17F2
C0C04FB0
C0C187A4
C0C2BFC9
C0C3F81C
C0C5309B
C0C66942
C0C7A20F
C0C8DB00
C0CA1411
C0CB4D42
C0CC8690
C0CDBFF8
C0CEF979
C0D03312
C0D16CC0
C0D2A683
C0D3E058
C0D51A3E
C0D65434
C0D78E3A
C0D8C84C
C0DA026C
C0DB3C97
C0DC76CD
C0DDB10D
C0DEEB55
C0E025A7
C0E15FFF
C0E29A5F
C0E3D4C5
C0E50F31
C0E649A1
C0E78417
C0E8BE91
C0E9F90F
C0EB3390
C0EC6E14
C0EDA89B
C0EEE324
C0F01DB0
C0F1583D
C0F292CB
C0F3CD5C
C0F507ED
C0F6427F
C0F77D12
C0F8B7A5
C0F9F239
C0FB2CCD
C0FC6761
C0FDA1F5
C0FEDC8A
C1000B8F
C100A8D9
C1014622
C101E36C
C10280B5
C1031DFE
C103BB47
C104588F
C104F5D7
C105931F
C1063066
C106CDAD
C0176593
C017A43D
C017E401
C01824E6
C01866F1
C018AA2A
C018EE96
C019343B
C0197B20
C019C34C
C01A0CC5
C01A5793
C01AA3BC
C01AF147
C01B403B
C01B90A1
C01BE27F
C01C35DD
C01C8AC3
C01CE139
C01D3948
C01D92F6
C01DEE4E
C01E4B57
C01EAA19
C01F0A9F
C01F6CF1
C01FD119
C020371F
C0209F0E
C02108EF
C02174CC
C021E2AF
C02252A3
C022C4B2
C02338E7
C023AF4D
C02427F0
C024A2D9
C0252016
C0259FB1
C02621B7
C026A633
C0272D33
C027B6C3
C02842EF
C028D1C5
C0296353
C029F7A4
C02A8EC8
C02B28CC
C02BC5BF
C02C65AF
C02D08A9
C02DAEBE
C02E57FD
C02F0474
C02FB433
C030674A
C0311DC9
C031D7C0
C032953F
C0335657
C0341B18
C034E393
C035AFDA
C0367FFD
C037540E
C0382C1E
C039083F
C039E882
C03ACCFA
C03BB5B8
C03CA2CD
C03D944D
C03E8A47
C03F84D0
C04083F7
C04187CF
C0429069
C0439DD8
C044B02B
C045C774
C046E3C3
C048052A
C0492BB8
C04A577D
C04B8888
C04CBEE8
C04DFAAB
C04F3BDE
C0508290
C051CECC
C053209E
C0547810
C055D52D
C05737FE
C058A08B
C05A0EDC
C05B82F5
C05CFCDD
C05E7C98
C0600227
C0618D8D
C0631ECA
C064B5DD
C06652C4
C067F57A
C0699DFB
C06B4C41
C06D0043
C06EB9F9
C0707957
C0723E52
C07408DD
C075D8E9
C077AE66
C0798942
C07B696B
C07D4ECE
C07F3955
C0809475
C0818EBC
C0828B72
C0838A8C
C0848BFC
C0858FB5
C08695AA
C0879DCC
C088A80F
C089B462
C08AC2B9
C08BD303
C08CE533
C08DF939
C08F0F07
C090268E
C0913FBF
C0925A8B
C09376E5
C09494BC
C095B404
C096D4AE
C097F6AC
C09919F0
C09A3E6E
C09B6418
C09C8AE2
C09DB2BF
C09EDBA2
C0A00581
C0A13050
C0A25C03
C0A38890
C0A4B5EC
C0A5E40E
C0A712EB
C0A8427B
C0A972B4
C0AAA38E
C0ABD500
C0AD0703
C0AE398E
C0AF6C9B
C0B0A023
C0B1D41D
C0B30886
C0B43D55
C0B57286
C0B6A813
C0B7DDF6
C0B9142B
C0BA4AAC
C0BB8176
C0BCB883
C0BDEFD0
C0BF2759
C0C05F1B
C0C19711
C0C2CF38
C0C4078E
C0C5400F
C0C678B8
C0C7B188
C0C8EA7A
C0CA238E
C0CB5CC1
C0CC9611
C0CDCF7B
C0CF08FF
C0D04299
C0D17C49
C0D2B60E
C0D3EFE4
C0D529CC
C0D663C4
C0D79DCB
C0D8D7E0
C0DA1201
C0DB4C2D
C0DC8665
C0DDC0A6
C0DEFAF0
C0E03542
C0E16F9C
C0E2A9FD
C0E3E464
C0E51ED1
C0E65943
C0E793BA
C0E8CE35
C0EA08B4
C0EB4336
C0EC7DBB
C0EDB843
C0EEF2CD
C0F02D5A
C0F167E8
C0F2A277
C0F3DD08
C0F5179A
C0F6522D
C0F78CC1
C0F8C755
C0FA01E9
C0FB3C7E
C0FC7713
C0FDB1A8
C0FEEC3C
C1001368
C100B0B3
C1014DFD
C101EB46
C1028890
C10325D9
C103C322
C104606A
C104FDB3
C1059AFB
C1063842
C106D589
C0179C76
C017DAD0
C0181A44
C0185AD9
C0189C95
C018DF7E
C019239B
C01968F1
C019AF88
C019F765
C01A4090
C01A8B0F
C01AD6EA
C01B2427
C01B72CE
C01BC2E6
C01C1477
C01C6789
C01CBC22
C01D124C
C01D6A0E
C01DC371
C01E1E7D
C01E7B3B
C01ED9B2
C01F39EE
C01F9BF5
C01FFFD3
C020658F
C020CD34
C02136CC
C021A260
C0220FFB
C0227FA7
C022F16F
C023655D
C023DB7C
C02453D8
C024CE7B
C0254B72
C025CAC8
C0264C89
C026D0C2
C027577E
C027E0CA
C0286CB4
C028FB48
C0298C93
C02A20A4
C02AB787
C02B514C
C02BEDFF
C02C8DAF
C02D306C
C02DD643
C02E7F45
C02F2B7F
C02FDB03
C0308DDF
C0314423
C031FDE0
C032BB26
C0337C05
C034408F
C03508D3
C035D4E4
C036A4D2
C03778AE
C038508B
C0392C79
C03A0C8A
C03AF0D0
C03BD95D
C03CC643
C03DB794
C03EAD61
C03FA7BC
C040A6B7
C041AA64
C042B2D4
C043C018
C044D243
C045E964
C047058D
C04826CF
C0494D38
C04A78D9
C04BA9C1
C04CDFFF
C04E1BA1
C04F5CB5
C050A348
C051EF66
C053411B
C0549871
C055F574
C057582B
C058C09F
C05A2ED7
C05BA2DA
C05D1CAC
C05E9C52
C06021CD
C061AD20
C0633E4B
C064D54D
C0667224
C06814CB
C069BD3E
C06B6B76
C06D1F6C
C06ED916
C070986A
C0725D5B
C07427DD
C075F7E1
C077CD56
C079A82C
C07B8850
C07D6DAD
C07F5830
C080A3E1
C0819E26
C0829ADB
C08399F4
C0849B63
C0859F1C
C086A511
C087AD34
C088B777
C089C3CC
C08AD223
C08BE26F
C08CF4A0
C08E08A8
C08F1E78
C0903601
C0914F34
C0926A03
C093865F
C094A439
C095C383
C096E430
C0980631
C0992978
C09A4DF9
C09B73A7
C09C9A74
C09DC254
C09EEB3B
C0A0151D
C0A13FEF
C0A26BA5
C0A39836
C0A4C595
C0A5F3BB
C0A7229C
C0A8522F
C0A9826C
C0AAB349
C0ABE4BF
C0AD16C5
C0AE4953
C0AF7C64
C0B0AFEE
C0B1E3EC
C0B31858
C0B44D2A
C0B5825E
C0B6B7EE
C0B7EDD4
C0B9240C
C0BA5A90
C0BB915D
C0BCC86D
C0BDFFBD
C0BF3749
C0C06F0D
C0C1A706
C0C2DF30
C0C41788
C0C5500B
C0C688B7
C0C7C189
C0C8FA7E
C0CA3394
C0CB6CC9
C0CCA61B
C0CDDF88
C0CF190D
C0D052AA
C0D18C5C
C0D2C622
C0D3FFFB
C0D539E4
C0D673DE
C0D7ADE7
C0D8E7FD
C0DA221F
C0DB5C4E
C0DC9686
C0DDD0C9
C0DF0B15
C0E04568
C0E17FC4
C0E2BA26
C0E3F48E
C0E52EFD
C0E66970
C0E7A3E8
C0E8DE64
C0EA18E4
C0EB5367
C0EC8DED
C0EDC876
C0EF0301
C0F03D8E
C0F1781D
C0F2B2AE
C0F3ED3F
C0F527D2
C0F66266
C0F79CFA
C0F8D78F
C0FA1224
C0FB4CBA
C0FC874F
C0FDC1E5
C0FEFC7A
C1001B88
C100B8D2
C101561C
C101F366
C10290B0
C1032DFA
C103CB43
C104688C
C10505D4
C105A31C
C1064064
C106DDAB
C017D4E7
C01812EE
C0185211
C0189255
C018D3C0
C0191658
C0195A24
C0199F2A
C019E570
C01A2CFD
C01A75D8
C01AC008
C01B0B93
C01B5881
C01BA6D9
C01BF6A2
C01C47E4
C01C9AA7
C01CEEF3
C01D44CF
C01D9C43
C01DF559
C01E5017
C01EAC88
C01F0AB3
C01F6AA2
C01FCC5E
C0202FF0
C0209561
C020FCBB
C0216608
C021D152
C0223EA3
C022AE05
C0231F84
C0239329
C0240900
C0248114
C024FB70
C0257820
C025F72F
C02678AA
C026FC9D
C0278314
C0280C1B
C02897C1
C0292611
C029B719
C02A4AE7
C02AE189
C02B7B0B
C02C177E
C02CB6EE
C02D596B
C02DFF03
C02EA7C6
C02F53C3
C0300309
C030B5A9
C0316BB1
C0322533
C032E23F
C033A2E5
C0346735
C0352F42
C035FB1B
C036CAD2
C0379E79
C0387620
C03951DA
C03A31B8
C03B15CC
C03BFE27
C03CEADC
C03DDBFD
C03ED19B
C03FCBC8
C040CA96
C041CE16
C042D65B
C043E375
C044F576
C0460C6F
C0472871
C048498B
C0496FCF
C04A9B4B
C04BCC10
C04D022B
C04E3DAC
C04F7E9F
C050C513
C0521112
C05362AA
C054B9E4
C05616CA
C0577967
C058E1C2
C05A4FE2
C05BC3CD
C05D3D89
C05EBD19
C0604280
C061CDC0
C0635ED9
C064F5C9
C066928F
C0683527
C069DD8C
C06B8BB7
C06D3FA0
C06EF93E
C070B887
C0727D6F
C07447E8
C07617E3
C077ED51
C079C821
C07BA83E
C07D8D97
C07F7815
C080B3D2
C081AE16
C082AACA
C083A9E2
C084AB51
C085AF0A
C086B4FF
C087BD22
C088C766
C089D3BB
C08AE214
C08BF261
C08D0494
C08E189E
C08F2E70
C09045FB
C0915F30
C0927A01
C0939660
C094B43D
C095D38A
C096F43A
C098163E
C0993988
C09A5E0D
C09B83BD
C09CAA8E
C09DD271
C09EFB5C
C0A02541
C0A15017
C0A27BD1
C0A3A865
C0A4D5C8
C0A603F1
C0A732D6
C0A8626D
C0A992AD
C0AAC38E
C0ABF507
C0AD2711
C0AE59A3
C0AF8CB7
C0B0C045
C0B1F446
C0B328B5
C0B45D8B
C0B592C2
C0B6C855
C0B7FE3F
C0B93479
C0BA6B01
C0BBA1D0
C0BCD8E4
C0BE1037
C0BF47C5
C0C07F8C
C0C1B787
C0C2EFB4
C0C4280F
C0C56095
C0C69943
C0C7D218
C0C90B0F
C0CA4428
C0CB7D5F
C0CCB6B3
C0CDF022
C0CF29A9
C0D06348
C0D19CFC
C0D2D6C4
C0D4109F
C0D54A8A
C0D68486
C0D7BE90
C0D8F8A8
C0DA32CC
C0DB6CFC
C0DCA737
C0DDE17B
C0DF1BC8
C0E0561D
C0E1907A
C0E2CADD
C0E40547
C0E53FB7
C0E67A2B
C0E7B4A4
C0E8EF22
C0EA29A3
C0EB6427
C0EC9EAE
C0EDD938
C0EF13C4
C0F04E52
C0F188E2
C0F2C374
C0F3FE06
C0F5389A
C0F6732E
C0F7ADC4
C0F8E859
C0FA22EF
C0FB5D85
C0FC981C
C0FDD2B2
C0FF0D48
C10023EF
C100C13A
C1015E84
C101FBCE
C1029918
C1033662
C103D3AC
C10470F5
C1050E3D
C105AB86
C10648CE
C106E615
C0180EEC
C0184CA1
C0188B71
C018CB62
C0190C7A
C0194EC0
C019923A
C019D6ED
C01A1CE2
C01A641D
C01AACA7
C01AF685
C01B41BF
C01B8E5C
C01BDC63
C01C2BDC
C01C7CCE
C01CCF41
C01D233D
C01D78C9
C01DCFEF
C01E28B5
C01E8325
C01EDF47
C01F3D25
C01F9CC6
C01FFE34
C0206179
C020C69D
C0212DAA
C02196AB
C02201AA
C0226EAF
C022DDC6
C0234EFA
C023C255
C02437E2
C024AFAC
C02529BF
C025A627
C02624EE
C026A621
C02729CD
C027AFFD
C02838BE
C028C41E
C0295229
C029E2ED
C02A7677
C02B0CD5
C02BA614
C02C4244
C02CE173
C02D83AF
C02E2906
C02ED18A
C02F7D47
C0302C4F
C030DEB1
C031947C
C0324DC2
C0330A92
C033CAFD
C0348F13
C03556E6
C0362287
C036F206
C037C576
C0389CE7
C039786B
C03A5815
C03B3BF5
C03C241E
C03D10A1
C03E0191
C03EF6FE
C03FF0FC
C040EF9C
C041F2EF
C042FB07
C04407F6
C04519CD
C046309D
C0474C76
C0486D69
C0499386
C04ABEDD
C04BEF7D
C04D2575
C04E60D4
C04FA1A6
C050E7F9
C05233D9
C0538552
C054DC6F
C056393A
C0579BBC
C05903FD
C05A7204
C05BE5D7
C05D5F7C
C05EDEF7
C0606449
C061EF75
C063807B
C065175A
C066B410
C0685698
C069FEEE
C06BAD0B
C06D60E7
C06F1A7A
C070D9B8
C0729E96
C0746906
C07638F9
C0780E5F
C079E928
C07BC940
C07DAE94
C07F990E
C080C44D
C081BE8F
C082BB42
C083BA59
C084BBC8
C085BF81
C086C576
C087CD9A
C088D7DE
C089E435
C08AF28F
C08C02DD
C08D1512
C08E291E
C08F3EF2
C090567F
C0916FB7
C0928A8B
C093A6EC
C094C4CC
C095E41D
C09704CF
C09826D7
C0994A25
C09A6EAC
C09B9461
C09CBB34
C09DE31C
C09F0C0A
C0A035F3
C0A160CC
C0A28C8A
C0A3B922
C0A4E689
C0A614B6
C0A7439E
C0A87339
C0A9A37D
C0AAD461
C0AC05DE
C0AD37EC
C0AE6A82
C0AF9D99
C0B0D12A
C0B20530
C0B339A2
C0B46E7B
C0B5A3B6
C0B6D94C
C0B80F39
C0B94577
C0BA7C02
C0BBB2D4
C0BCE9EB
C0BE2141
C0BF58D2
C0C0909C
C0C1C89A
C0C300CA
C0C43927
C0C571B0
C0C6AA61
C0C7E338
C0C91C32
C0CA554D
C0CB8E87
C0CCC7DD
C0CE014E
C0CF3AD8
C0D07479
C0D1AE2F
C0D2E7F9
C0D421D6
C0D55BC3
C0D695C1
C0D7CFCD
C0D909E6
C0DA440C
C0DB7E3E
C0DCB87A
C0DDF2C0
C0DF2D0E
C0E06765
C0E1A1C3
C0E2DC28
C0E41693
C0E55104
C0E68B7A
C0E7C5F4
C0E90073
C0EA3AF5
C0EB757B
C0ECB003
C0EDEA8E
C0EF251B
C0F05FAA
C0F19A3B
C0F2D4CD
C0F40F61
C0F549F6
C0F6848B
C0F7BF21
C0F8F9B7
C0FA344E
C0FB6EE5
C0FCA97C
C0FDE413
C0FF1EAA
C1002CA0
C100C9EB
C1016736
C1020481
C102A1CB
C1033F15
C103DC5F
C10479A8
C10516F1
C105B439
C1065182
C106EEC9
C0184A90
C01887F0
C018C66B
C0190608
C01946CD
C01988BF
C019CBE4
C01A1045
C01A55E5
C01A9CCE
C01AE504
C01B2E90
C01B7977
C01BC5C2
C01C1377
C01C629E
C01CB33E
C01D0560
C01D590A
C01DAE45
C01E051A
C01E5D90
C01EB7B0
C01F1382
C01F7110
C01FD061
C0203181
C0209476
C020F94C
C021600C
C021C8BF
C0223370
C022A028
C0230EF3
C0237FDB
C023F2EA
C024682B
C024DFAA
C0255973
C025D590
C026540D
C026D4F8
C027585A
C027DE42
C02866BC
C028F1D5
C0297F99
C02A1017
C02AA35B
C02B3974
C02BD26F
C02C6E5C
C02D0D47
C02DAF40
C02E5456
C02EFC98
C02FA815
C03056DD
C0310900
C031BE8D
C0327795
C0333428
C033F456
C034B831
C0357FC9
C0364B30
C0371A76
C037EDAE
C038C4E8
C039A036
C03A7FA9
C03B6355
C03C4B4A
C03D379A
C03E2857
C03F1D94
C0401762
C04115D2
C04218F7
C04320E2
C0442DA4
C0453F50
C04655F5
C04771A5
C0489270
C049B866
C04AE396
C04C1411
C04D49E5
C04E8521
C04FC5D1
C0510C03
C05257C3
C053A91E
C055001D
C0565CCB
C057BF31
C0592758
C05A9546
C05C0901
C05D828F
C05F01F3
C0608730
C0621248
C063A33B
C0653A08
C066D6AD
C0687925
C06A216C
C06BCF7B
C06D834B
C06F3CD1
C070FC04
C072C0D8
C0748B3F
C0765B2A
C0783089
C07A0B4B
C07BEB5D
C07DD0AC
C07FBB22
C080D555
C081CF96
C082CC48
C083CB5F
C084CCCD
C085D086
C086D67C
C087DEA0
C088E8E5
C089F53D
C08B0398
C08C13E9
C08D261F
C08E3A2D
C08F5003
C0906793
C09180CE
C0929BA5
C093B809
C094D5EC
C095F53F
C09715F5
C0983800
C0995B52
C09A7FDD
C09BA595
C09CCC6C
C09DF457
C09F1D49
C0A04737
C0A17214
C0A29DD6
C0A3CA71
C0A4F7DC
C0A6260D
C0A754F9
C0A88498
C0A9B4E0
C0AAE5C8
C0AC1749
C0AD495A
C0AE7BF4
C0AFAF0F
C0B0E2A4
C0B216AD
C0B34B23
C0B48000
C0B5B53F
C0B6EAD8
C0B820C9
C0B9570A
C0BA8D98
C0BBC46E
C0BCFB87
C0BE32E1
C0BF6A75
C0C0A242
C0C1DA43
C0C31276
C0C44AD6
C0C58362
C0C6BC15
C0C7F4EF
C0C92DEC
C0CA6709
C0CBA045
C0CCD99E
C0CE1311
C0CF4C9D
C0D08640
C0D1BFF9
C0D2F9C5
C0D433A4
C0D56D93
C0D6A793
C0D7E1A1
C0D91BBC
C0DA55E4
C0DB9017
C0DCCA55
C0DE049D
C0DF3EED
C0E07945
C0E1B3A5
C0E2EE0B
C0E42878
C0E562EA
C0E69D61
C0E7D7DD
C0E9125D
C0EA4CE0
C0EB8767
C0ECC1F0
C0EDFC7C
C0EF370B
C0F0719B
C0F1AC2D
C0F2E6C0
C0F42155
C0F55BEA
C0F69680
C0F7D117
C0F90BAF
C0FA4646
C0FB80DE
C0FCBB76
C0FDF60D
C0FF30A5
C100359E
C100D2E9
C1017034
C1020D7F
C102AACA
C1034814
C103E55E
C10482A8
C1051FF1
C105BD3A
C1065A82
C106F7CA
C01887DB
C018C4E5
C019030A
C0194251
C01982C0
C019C45D
C01A072D
C01A4B38
C01A9084
C01AD718
C01B1EFA
C01B6831
C01BB2C4
C01BFEBB
C01C4C1C
C01C9AF0
C01CEB3D
C01D3D0B
C01D9063
C01DE54C
C01E3BCE
C01E93F2
C01EEDC0
C01F4941
C01FA67D
C020057E
C020664D
C020C8F2
C0212D78
C02193E8
C021FC4C
C02266AE
C022D318
C0234194
C023B22E
C02424F0
C02499E4
C0251117
C0258A93
C0260665
C0268497
C0270536
C027884F
C0280DED
C028961E
C02920EE
C029AE6A
C02A3EA0
C02AD19D
C02B6770
C02C0025
C02C9BCC
C02D3A73
C02DDC28
C02E80FB
C02F28FA
C02FD435
C03082BC
C031349E
C031E9EB
C032A2B4
C0335F09
C0341EFA
C034E298
C035A9F4
C0367520
C037442C
C038172A
C038EE2B
C039C941
C03AA87E
C03B8BF4
C03C73B3
C03D5FD0
C03E505A
C03F4564
C0403F00
C0413D41
C0424036
C04347F3
C0445488
C0456607
C0467C81
C0479807
C048B8A8
C049DE76
C04B0980
C04C39D5
C04D6F84
C04EAA9B
C04FEB29
C0513139
C0527CD9
C053CE14
C05524F5
C0568186
C057E3D0
C0594BDC
C05AB9B0
C05C2D52
C05DA6C8
C05F2616
C060AB3E
C0623642
C063C721
C0655DDC
C066FA6F
C0689CD7
C06A450F
C06BF310
C06DA6D3
C06F604D
C0711F75
C072E43F
C074AE9C
C0767E7F
C07853D7
C07A2E92
C07C0E9F
C07DF3E9
C07FDE5B
C080E6F0
C081E12F
C082DDE0
C083DCF7
C084DE65
C085E21E
C086E814
C087F039
C088FA80
C08A06D8
C08B1535
C08C2587
C08D37C0
C08E4BD0
C08F61A9
C090793B
C0919279
C092AD52
C093C9BA
C094E7A0
C09606F7
C09727B0
C09849BF
C0996D14
C09A91A3
C09BB75F
C09CDE3A
C09E0629
C09F2F1F
C0A05911
C0A183F2
C0A2AFB8
C0A3DC58
C0A509C7
C0A637FC
C0A766EC
C0A8968F
C0A9C6DB
C0AAF7C7
C0AC294C
C0AD5B61
C0AE8DFF
C0AFC11E
C0B0F4B7
C0B228C4
C0B35D3E
C0B4921F
C0B5C760
C0B6FCFE
C0B832F2
C0B96937
C0BA9FC8
C0BBD6A1
C0BD0DBE
C0BE451B
C0BF7CB3
C0C0B483
C0C1EC87
C0C324BC
C0C45D20
C0C595AE
C0C6CE65
C0C80741
C0C94041
C0CA7961
C0CBB29F
C0CCEBFB
C0CE2570
C0CF5EFF
C0D098A4
C0D1D25F
C0D30C2E
C0D4460E
C0D58000
C0D6BA02
C0D7F412
C0D92E2F
C0DA6859
C0DBA28E
C0DCDCCD
C0DE1717
C0DF5168
C0E08BC2
C0E1C624
C0E3008C
C0E43AFA
C0E5756D
C0E6AFE6
C0E7EA63
C0E924E4
C0EA5F69
C0EB99F1
C0ECD47B
C0EE0F09
C0EF4998
C0F08429
C0F1BEBC
C0F2F951
C0F433E6
C0F56E7D
C0F6A914
C0F7E3AB
C0F91E44
C0FA58DC
C0FB9375
C0FCCE0D
C0FE08A6
C0FF433E
C1003EEB
C100DC37
C1017982
C10216CD
C102B418
C1035163
C103EEAD
C1048BF7
C1052940
C105C689
C10663D2
C107011A
C018C6D5
C0190387
C0194156
C0198045
C019C05D
C01A01A3
C01A441D
C01A87D1
C01ACCC7
C01B1304
C01B5A90
C01BA371
C01BEDAF
C01C3950
C01C865C
C01CD4DB
C01D24D3
C01D764D
C01DC951
C01E1DE5
C01E7414
C01ECBE4
C01F255F
C01F808D
C01FDD76
C0203C25
C0209CA1
C020FEF5
C0216329
C021C948
C022315B
C0229B6C
C0230786
C02375B3
C023E5FE
C0245870
C024CD17
C02543FB
C025BD2A
C02638AE
C026B694
C02736E7
C027B9B4
C0283F07
C028C6ED
C0295172
C029DEA5
C02A6E92
C02B0147
C02B96D1
C02C2F40
C02CCAA0
C02D6900
C02E0A70
C02EAEFE
C02F56B9
C03001B1
C030AFF5
C0316195
C03216A2
C032CF2A
C0338B3F
C0344AF1
C0350E51
C035D570
C036A05F
C0376F30
C03841F3
C03918BA
C039F397
C03AD29C
C03BB5DB
C03C9D64
C03D894B
C03E79A1
C03F6E78
C04067E2
C04165F1
C04268B6
C0437043
C0447CAA
C0458DFC
C046A44A
C047BFA4
C048E01C
C04A05C1
C04B30A3
C04C60D1
C04D965A
C04ED14D
C05011B7
C05157A5
C052A324
C053F43F
C0554B01
C056A774
C05809A2
C0597192
C05ADF4B
C05C52D4
C05DCC32
C05F4B69
C060D07B
C0625B6A
C063EC36
C06582DE
C0671F60
C068C1B8
C06A69E0
C06C17D3
C06DCB88
C06F84F7
C0714413
C07308D3
C074D327
C076A301
C0787851
C07A5306
C07C330D
C07E1853
C0800160
C080F921
C081F360
C082F010
C083EF26
C084F094
C085F44D
C086FA44
C088026A
C0890CB1
C08A190B
C08B276A
C08C37BE
C08D49F9
C08E5E0B
C08F73E7
C0908B7C
C091A4BC
C092BF99
C093DC04
C094F9ED
C0961948
C0973A05
C0985C17
C0997F70
C09AA404
C09BC9C3
C09CF0A3
C09E1896
C09F4190
C0A06B86
C0A1966B
C0A2C235
C0A3EEDA
C0A51C4D
C0A64A86
C0A7797B
C0A8A922
C0A9D972
C0AB0A63
C0AC3BEC
C0AD6E05
C0AEA0A7
C0AFD3CA
C0B10768
C0B23B78
C0B36FF6
C0B4A4DB
C0B5DA21
C0B70FC2
C0B845BA
C0B97C02
C0BAB297
C0BBE974
C0BD2095
C0BE57F4
C0BF8F90
C0C0C763
C0C1FF6A
C0C337A3
C0C47009
C0C5A89B
C0C6E155
C0C81A34
C0C95336
C0CA8C59
C0CBC59A
C0CCFEF8
C0CE3871
C0CF7201
C0D0ABA9
C0D1E566
C0D31F37
C0D4591A
C0D5930E
C0D6CD12
C0D80724
C0D94143
C0DA7B6F
C0DBB5A6
C0DCEFE7
C0DE2A32
C0DF6486
C0E09EE2
C0E1D945
C0E313AE
C0E44E1E
C0E58893
C0E6C30D
C0E7FD8B
C0E9380E
C0EA7294
C0EBAD1D
C0ECE7A9
C0EE2237
C0EF5CC8
C0F0975A
C0F1D1EF
C0F30C84
C0F4471A
C0F581B2
C0F6BC4A
C0F7F6E3
C0F9317C
C0FA6C15
C0FBA6AE
C0FCE148
C0FE1BE1
C0FF567A
C1004889
C100E5D5
C1018321
C102206D
C102BDB8
C1035B03
C103F84D
C1049598
C10532E1
C105D02B
C1066D74
C1070ABC
C0190788
C01943E1
C0198157
C019BFEE
C019FFAD
C01A409A
C01A82BC
C01AC619
C01B0AB6
C01B509C
C01B97D1
C01BE05B
C01C2A41
C01C758C
C01CC241
C01D1069
C01D600B
C01DB12F
C01E03DC
C01E581C
C01EADF5
C01F0570
C01F5E96
C01FB96F
C0201604
C020745F
C020D488
C0213688
C0219A69
C0220035
C02267F6
C022D1B6
C0233D7E
C023AB59
C0241B53
C0248D75
C02501CB
C0257860
C025F140
C0266C75
C026EA0D
C0276A12
C027EC92
C0287198
C028F932
C029836C
C02A1053
C02A9FF6
C02B3260
C02BC7A2
C02C5FC7
C02CFADF
C02D98F8
C02E3A21
C02EDE69
C02F85DF
C0303092
C030DE92
C0318FEF
C03244B8
C032FCFF
C033B8D3
C0347845
C0353B65
C0360246
C036CCF7
C0379B8B
C0386E12
C039449E
C03A1F41
C03AFE0D
C03BE113
C03CC865
C03DB415
C03EA436
C03F98D9
C040920F
C0418FEB
C042927F
C04399DC
C044A614
C045B738
C046CD58
C047E887
C04908D3
C04A2E4E
C04B5907
C04C890E
C04DBE71
C04EF93F
C0503984
C0517F4F
C052CAAC
C0541BA7
C0557249
C056CE9E
C05830AE
C0599882
C05B0621
C05C7990
C05DF2D6
C05F71F5
C060F6F1
C06281CB
C0641283
C065A918
C0674588
C068E7CF
C06A8FE8
C06C3DCD
C06DF175
C06FAAD7
C07169E8
C0732E9D
C074F8E8
C076C8BA
C0789E03
C07A78B2
C07C58B3
C07E3DF3
C080142F
C0810BEE
C082062B
C08302DB
C08401F0
C085035E
C0860718
C0870D0F
C0881536
C0891F7F
C08A2BDB
C08B3A3B
C08C4A92
C08D5CCF
C08E70E4
C08F86C2
C0909E5A
C091B79E
C092D27E
C093EEEC
C0950CD9
C0962C37
C0974CF8
C0986F0E
C099926C
C09AB703
C09BDCC7
C09D03AB
C09E2BA2
C09F54A1
C0A07E9B
C0A1A985
C0A2D554
C0A401FC
C0A52F74
C0A65DB2
C0A78CAB
C0A8BC57
C0A9ECAB
C0AB1DA1
C0AC4F2E
C0AD814C
C0AEB3F2
C0AFE719
C0B11ABB
C0B24ED0
C0B38352
C0B4B83B
C0B5ED84
C0B7232A
C0B85925
C0B98F72
C0BAC60A
C0BBFCEB
C0BD340F
C0BE6B72
C0BFA311
C0C0DAE8
C0C212F3
C0C34B2F
C0C48398
C0C5BC2D
C0C6F4EA
C0C82DCC
C0C966D1
C0CA9FF7
C0CBD93B
C0CD129C
C0CE4C17
C0CF85AA
C0D0BF55
C0D1F914
C0D332E7
C0D46CCD
C0D5A6C3
C0D6E0C9
C0D81ADD
C0D954FE
C0DA8F2C
C0DBC965
C0DD03A8
C0DE3DF5
C0DF784B
C0E0B2A8
C0E1ED0D
C0E32778
C0E461E9
C0E59C60
C0E6D6DB
C0E8115B
C0E94BDF
C0EA8667
C0EBC0F1
C0ECFB7E
C0EE360E
C0EF70A0
C0F0AB34
C0F1E5C9
C0F3205F
C0F45AF7
C0F5958F
C0F6D029
C0F80AC2
C0F9455C
C0FA7FF6
C0FBBA91
C0FCF52B
C0FE2FC5
C0FF6A5F
C100527C
C100EFC8
C1018D15
C1022A61
C102C7AC
C10364F7
C1040242
C1049F8D
C1053CD7
C105DA20
C106776A
C10714B2
C01949FC
C01985FB
C019C317
C01A0154
C01A40B9
C01A814D
C01AC315
C01B0618
C01B4A5C
C01B8FE9
C01BD6C4
C01C1EF6
C01C6884
C01CB376
C01CFFD3
C01D4DA3
C01D9CED
C01DEDB9
C01E4010
C01E93F8
C01EE97A
C01F409F
C01F996E
C01FF3F1
C0205031
C020AE36
C0210E09
C0216FB5
C021D342
C02238BA
C022A026
C0230992
C0237507
C023E290
C0245237
C024C408
C025380C
C025AE50
C02626DF
C026A1C4
C0271F0C
C0279EC2
C02820F3
C028A5AB
C0292CF7
C029B6E3
C02A437E
C02AD2D5
C02B64F4
C02BF9EA
C02C91C6
C02D2C94
C02DCA64
C02E6B45
C02F0F45
C02FB674
C03060E1
C0310E9C
C031BFB4
C0327439
C0332C3D
C033E7CE
C034A6FE
C03569DE
C036307F
C036FAF1
C037C947
C0389B91
C03971E1
C03A4C48
C03B2AD9
C03C0DA6
C03CF4C0
C03DE038
C03ED022
C03FC48F
C040BD91
C041BB3A
C042BD9C
C043C4C7
C044D0CF
C045E1C3
C046F7B6
C04812B7
C04932D8
C04A5828
C04B82B8
C04CB296
C04DE7D2
C04F2279
C050629A
C051A842
C052F37C
C0544455
C0559AD8
C056F70D
C0585900
C059C0B7
C05B2E3B
C05CA190
C05E1ABD
C05F99C4
C0611EA9
C062A96E
C0643A12
C065D094
C0676CF2
C0690F28
C06AB731
C06C6507
C06E18A1
C06FD1F7
C07190FD
C07355A8
C0751FE9
C076EFB3
C078C4F4
C07A9F9D
C07C7F99
C07E64D4
C080279E
C0811F5B
C0821998
C0831647
C084155C
C08516CA
C0861A84
C087207C
C08828A4
C08932EE
C08A3F4C
C08B4DAE
C08C5E07
C08D7046
C08E845E
C08F9A3F
C090B1DB
C091CB21
C092E605
C0940277
C0952068
C0963FCA
C097608F
C09882A9
C099A60B
C09ACAA7
C09BF06F
C09D1757
C09E3F53
C09F6857
C0A09255
C0A1BD44
C0A2E917
C0A415C5
C0A54342
C0A67184
C0A7A082
C0A8D032
C0AA008B
C0AB3185
C0AC6317
C0AD953A
C0AEC7E4
C0AFFB10
C0B12EB6
C0B262CF
C0B39756
C0B4CC43
C0B60191
C0B7373A
C0B86D3A
C0B9A38A
C0BADA27
C0BC110B
C0BD4833
C0BE7F9A
C0BFB73D
C0C0EF17
C0C22725
C0C35F65
C0C497D2
C0C5D069
C0C70929
C0C8420F
C0C97B17
C0CAB440
C0CBED87
C0CD26EA
C0CE6068
C0CF99FE
C0D0D3AB
C0D20D6D
C0D34743
C0D4812B
C0D5BB23
C0D6F52C
C0D82F42
C0D96966
C0DAA396
C0DBDDD1
C0DD1816
C0DE5265
C0DF8CBC
C0E0C71B
C0E20182
C0E33BEF
C0E47662
C0E5B0DA
C0E6EB57
C0E825D8
C0E9605E
C0EA9AE7
C0EBD573
C0ED1001
C0EE4A92
C0EF8525
C0F0BFBA
C0F1FA51
C0F334E8
C0F46F81
C0F5AA1A
C0F6E4B5
C0F81F4F
C0F959EA
C0FA9485
C0FBCF21
C0FD09BC
C0FE4457
C0FF7EF1
C1005CC6
C100FA13
C101975F
C10234AB
C102D1F7
C1036F43
C1040C8E
C104A9D9
C1054723
C105E46D
C10681B7
C1071F00
C0198E3B
C019C9DF
C01A069E
C01A4480
C01A838A
C01AC3C2
C01B0530
C01B47D8
C01B8BC2
C01BD0F4
C01C1775
C01C5F4C
C01CA880
C01CF318
C01D3F1C
C01D8C92
C01DDB83
C01E2BF6
C01E7DF4
C01ED183
C01F26AD
C01F7D7A
C01FD5F2
C020301D
C0208C05
C020E9B3
C0214930
C021AA85
C0220DBC
C02272DE
C022D9F5
C023430C
C023AE2D
C0241B61
C0248AB4
C024FC31
C0256FE3
C025E5D4
C0265E10
C026D8A4
C027559A
C027D500
C02856E0
C028DB48
C0296245
C029EBE3
C02A7830
C02B0739
C02B990B
C02C2DB5
C02CC545
C02D5FC8
C02DFD4E
C02E9DE5
C02F419C
C02FE883
C03092A8
C031401C
C031F0EE
C032A52E
C0335CED
C034183A
C034D728
C03599C6
C0366025
C0372A57
C037F86D
C038CA79
C039A08B
C03A7AB6
C03B590C
C03C3B9D
C03D227D
C03E0DBD
C03EFD70
C03FF1A6
C040EA72
C041E7E7
C042EA15
C043F10E
C044FCE4
C0460DA8
C047236C
C0483E3F
C0495E34
C04A8358
C04BADBE
C04CDD73
C04E1286
C04F4D07
C0508D02
C051D285
C0531D9D
C0546E54
C055C4B5
C05720CC
C05882A0
C059EA3A
C05B57A2
C05CCADC
C05E43F0
C05FC2DF
C06147AD
C062D25C
C06462EB
C065F95A
C06795A6
C06937CB
C06ADFC5
C06C8D8C
C06E4118
C06FFA61
C071B95C
C0737DFC
C0754834
C07717F6
C078ED30
C07AC7D2
C07CA7C8
C07E8CFF
C0803BB1
C081336E
C0822DA9
C0832A57
C084296C
C0852ADB
C0862E95
C087348E
C0883CB8
C0894704
C08A5363
C08B61C8
C08C7222
C08D8465
C08E987F
C08FAE64
C090C602
C091DF4D
C092FA34
C09416AA
C095349F
C0965405
C09774CF
C09896ED
C099BA53
C09ADEF4
C09C04C1
C09D2BAE
C09E53AF
C09F7CB7
C0A0A6BA
C0A1D1AE
C0A2FD86
C0A42A38
C0A557BA
C0A68601
C0A7B504
C0A8E4B9
C0AA1517
C0AB4616
C0AC77AD
C0ADA9D4
C0AEDC83
C0B00FB4
C0B1435E
C0B2777C
C0B3AC07
C0B4E0F9
C0B6164B
C0B74BF9
C0B881FC
C0B9B851
C0BAEEF2
C0BC25DA
C0BD5D06
C0BE9471
C0BFCC17
C0C103F5
C0C23C07
C0C3744A
C0C4ACBB
C0C5E556
C0C71E19
C0C85702
C0C9900D
C0CAC939
C0CC0283
C0CD3BEA
C0CE756A
C0CFAF03
C0D0E8B3
C0D22278
C0D35C50
C0D4963A
C0D5D036
C0D70A40
C0D84459
C0D97E7F
C0DAB8B1
C0DBF2EE
C0DD2D35
C0DE6786
C0DFA1E0
C0E0DC41
C0E216A9
C0E35118
C0E48B8C
C0E5C606
C0E70085
C0E83B08
C0E9758F
C0EAB019
C0EBEAA7
C0ED2537
C0EE5FC9
C0EF9A5E
C0F0D4F4
C0F20F8B
C0F34A24
C0F484BE
C0F5BF59
C0F6F9F4
C0F83490
C0F96F2C
C0FAA9C8
C0FBE464
C0FD1F00
C0FE599C
C0FF9437
C1006769
C10104B6
C101A203
C1023F50
C102DC9C
C10379E8
C1041734
C104B47F
C10551CA
C105EF14
C1068C5E
C10729A7
C019D44E
C01A0F94
C01A4BF7
C01A897C
C01AC829
C01B0805
C01B4916
C01B8B62
C01BCEF0
C01C13C6
C01C59EB
C01CA167
C01CEA3F
C01D347C
C01D8025
C01DCD40
C01E1BD7
C01E6BEF
C01EBD93
C01F10C8
C01F6598
C01FBC0B
C020142A
C0206DFC
C020C98C
C02126E1
C0218606
C021E703
C02249E2
C022AEAD
C023156D
C0237E2D
C023E8F8
C02455D6
C024C4D4
C02535FC
C025A959
C0261EF6
C02696DF
C027111F
C0278DC2
C0280CD5
C0288E64
C029127B
C0299927
C02A2275
C02AAE72
C02B3D2C
C02BCEB0
C02C630C
C02CFA4E
C02D9485
C02E31BF
C02ED20B
C02F7578
C0301C14
C030C5F1
C031731C
C03223A7
C032D7A0
C0338F19
C0344A22
C03508CB
C035CB26
C0369143
C0375B33
C0382908
C038FAD4
C039D0A7
C03AAA95
C03B88AD
C03C6B03
C03D51A8
C03E3CAE
C03F2C28
C0402026
C04118BC
C04215FB
C04317F4
C0441EBA
C0452A5E
C0463AF1
C0475085
C0486B29
C0498AF0
C04AAFE8
C04BDA22
C04D09AD
C04E3E98
C04F78F1
C050B8C6
C051FE24
C0534918
C05499AC
C055EFEC
C0574BE3
C058AD98
C05A1515
C05B8260
C05CF580
C05E6E79
C05FED50
C0617207
C062FC9F
C0648D1A
C0662375
C067BFAF
C06961C3
C06B09AC
C06CB764
C06E6AE3
C070241F
C071E30E
C073A7A4
C07571D3
C077418C
C07916BF
C07AF15B
C07CD14C
C07EB67F
C080506F
C081482A
C0824265
C0833F13
C0843E28
C0853F97
C0864352
C087494C
C0885177
C0895BC4
C08A6826
C08B768D
C08C86EA
C08D992F
C08EAD4D
C08FC334
C090DAD7
C091F425
C0930F10
C0942B8A
C0954983
C09668EE
C09789BC
C098ABDF
C099CF4A
C09AF3EF
C09C19C1
C09D40B3
C09E68B9
C09F91C6
C0A0BBCF
C0A1E6C7
C0A312A5
C0A43F5C
C0A56CE3
C0A69B2F
C0A7CA37
C0A8F9F1
C0AA2A55
C0AB5B59
C0AC8CF5
C0ADBF20
C0AEF1D5
C0B0250A
C0B158BA
C0B28CDC
C0B3C16C
C0B4F662
C0B62BB9
C0B7616B
C0B89773
C0B9CDCC
C0BB0471
C0BC3B5E
C0BD728E
C0BEA9FD
C0BFE1A7
C0C11989
C0C2519E
C0C389E5
C0C4C259
C0C5FAF8
C0C733BF
C0C86CAB
C0C9A5B9
C0CADEE9
C0CC1836
C0CD519F
C0CE8B23
C0CFC4BF
C0D0FE72
C0D23839
C0D37214
C0D4AC01
C0D5E5FF
C0D7200C
C0D85A27
C0D9944F
C0DACE84
C0DC08C3
C0DD430C
C0DE7D5F
C0DFB7BB
C0E0F21E
C0E22C88
C0E366F9
C0E4A16F
C0E5DBEB
C0E7166B
C0E850F0
C0E98B79
C0EAC604
C0EC0093
C0ED3B25
C0EE75B9
C0EFB04E
C0F0EAE6
C0F2257F
C0F36019
C0F49AB4
C0F5D550
C0F70FEC
C0F84A89
C0F98526
C0FABFC3
C0FBFA60
C0FD34FD
C0FE6F9A
C0FFAA36
C1007269
C1010FB7
C101AD04
C1024A51
C102E79E
C10384EA
C1042236
C104BF82
C1055CCD
C105FA17
C1069761
C10734AB
C01A1C3D
C01A5725
C01A932A
C01AD051
C01B0EA0
C01B4E1E
C01B8ED2
C01BD0C0
C01C13F0
C01C5869
C01C9E31
C01CE550
C01D2DCC
C01D77AC
C01DC2F8
C01E0FB7
C01E5DF1
C01EADAE
C01EFEF6
C01F51D0
C01FA644
C01FFC5C
C0205420
C020AD98
C02108CD
C02165C9
C021C494
C0222537
C02287BD
C022EC2F
C0235298
C023BB00
C0242572
C02491FA
C02500A0
C0257172
C025E478
C02659C0
C026D153
C0274B3F
C027C78E
C028464D
C028C788
C0294B4D
C029D1A6
C02A5AA3
C02AE64F
C02B74B8
C02C05EC
C02C99F9
C02D30EC
C02DCAD5
C02E67C2
C02F07C1
C02FAAE2
C0305134
C030FAC5
C031A7A7
C03257E9
C0330B9A
C033C2CC
C0347D8E
C0353BF2
C035FE08
C036C3E1
C0378D8E
C0385B21
C0392CAC
C03A023F
C03ADBED
C03BB9C8
C03C9BE1
C03D824A
C03E6D15
C03F5C54
C040501A
C0414878
C0424580
C0434744
C0444DD5
C0455946
C04669A7
C0477F0A
C048997F
C049B917
C04ADDE2
C04C07F0
C04D3750
C04E6C11
C04FA642
C050E5F0
C0522B28
C05375F7
C054C668
C0561C87
C057785D
C058D9F3
C05A4151
C05BAE80
C05D2184
C05E9A63
C0601921
C0619DC0
C0632842
C064B8A8
C0664EEF
C067EB16
C0698D18
C06B34F2
C06CE29B
C06E960C
C0704F3B
C0720E1F
C073D2AA
C0759CD0
C0776C81
C07941AC
C07B1C42
C07CFC2E
C07EE15D
C08065DC
C0815D96
C08257D0
C083547E
C0845393
C0855502
C08658BE
C0875EBA
C08866E6
C0897136
C08A7D99
C08B8C03
C08C9C63
C08DAEAB
C08EC2CC
C08FD8B7
C090F05D
C09209AF
C093249F
C094411D
C0955F1B
C0967E8A
C0979F5D
C098C185
C099E4F5
C09B099F
C09C2F76
C09D566D
C09E7E78
C09FA78A
C0A0D198
C0A1FC96
C0A32879
C0A45536
C0A582C2
C0A6B114
C0A7E021
C0A90FE1
C0AA4049
C0AB7152
C0ACA2F4
C0ADD525
C0AF07DE
C0B03B19
C0B16ECD
C0B2A2F5
C0B3D789
C0B50C84
C0B641DF
C0B77796
C0B8ADA3
C0B9E401
C0BB1AAA
C0BC519B
C0BD88CF
C0BEC043
C0BFF7F1
C0C12FD7
C0C267F0
C0C3A03B
C0C4D8B3
C0C61155
C0C74A20
C0C8830F
C0C9BC21
C0CAF554
C0CC2EA4
C0CD6811
C0CEA198
C0CFDB37
C0D114EC
C0D24EB7
C0D38895
C0D4C284
C0D5FC85
C0D73694
C0D870B2
C0D9AADD
C0DAE513
C0DC1F55
C0DD59A1
C0DE93F6
C0DFCE54
C0E108B9
C0E24325
C0E37D98
C0E4B810
C0E5F28D
C0E72D10
C0E86796
C0E9A220
C0EADCAE
C0EC173E
C0ED51D1
C0EE8C66
C0EFC6FE
C0F10197
C0F23C31
C0F376CC
C0F4B169
C0F5EC06
C0F726A3
C0F86141
C0F99BDF
C0FAD67E
C0FC111C
C0FD4BBA
C0FE8657
C0FFC0F5
C1007DC9
C1011B17
C101B865
C10255B2
C102F2FF
C103904C
C1042D98
C104CAE4
C105682F
C106057A
C106A2C4
C107400E
C01A6613
C01AA09B
C01ADC41
C01B1908
C01B56F8
C01B9617
C01BD66C
C01C17FB
C01C5ACD
C01C9EE7
C01CE451
C01D2B11
C01D732E
C01DBCB0
C01E079F
C01E5400
C01EA1DD
C01EF13D
C01F4227
C01F94A4
C01FE8BC
C0203E78
C02095DF
C020EEFB
C02149D4
C021A674
C02204E4
C022652D
C022C758
C0232B70
C023917E
C023F98D
C02463A6
C024CFD5
C0253E23
C025AE9C
C026214B
C026963C
C0270D78
C027870E
C0280307
C0288171
C0290257
C02985C7
C02A0BCD
C02A9476
C02B1FD0
C02BADE7
C02C3ECA
C02CD286
C02D6929
C02E02C3
C02E9F61
C02F3F12
C02FE1E5
C03087EA
C0313130
C031DDC7
C0328DBE
C0334126
C033F80F
C034B28A
C03570A6
C0363276
C036F80A
C037C173
C0388EC3
C039600C
C03A355E
C03B0ECB
C03BEC66
C03CCE41
C03DB46D
C03E9EFC
C03F8E00
C040818C
C04179B1
C0427681
C043780E
C0447E6A
C04589A7
C04699D5
C047AF06
C048C94A
C049E8B3
C04B0D50
C04C3731
C04D6665
C04E9AFC
C04FD504
C051148A
C052599C
C053A446
C054F493
C0564A8F
C057A644
C05907BA
C05A6EFA
C05BDC0B
C05D4EF3
C05EC7B8
C060465C
C061CAE4
C063554F
C064E59F
C0667BD2
C06817E6
C069B9D7
C06B61A0
C06D0F3A
C06EC29D
C0707BC0
C0723A98
C073FF19
C075C935
C07798DE
C0796E03
C07B4892
C07D2879
C07F0DA3
C0807BFE
C08173B7
C0826DF0
C0836A9E
C08469B3
C0856B23
C0866EE0
C08774DD
C0887D0B
C089875D
C08A93C3
C08BA22F
C08CB292
C08DC4DE
C08ED902
C08FEEF1
C091069B
C0921FF1
C0933AE5
C0945768
C095756A
C09694DE
C097B5B6
C098D7E3
C099FB58
C09B2008
C09C45E4
C09D6CE1
C09E94F1
C09FBE09
C0A0E81D
C0A21321
C0A33F09
C0A46BCB
C0A5995D
C0A6C7B5
C0A7F6C8
C0A9268D
C0AA56FB
C0AB8809
C0ACB9B0
C0ADEBE6
C0AF1EA5
C0B051E5
C0B1859F
C0B2B9CB
C0B3EE65
C0B52365
C0B658C5
C0B78E81
C0B8C493
C0B9FAF5
C0BB31A3
C0BC6899
C0BD9FD1
C0BED749
C0C00EFB
C0C146E5
C0C27F03
C0C3B752
C0C4EFCE
C0C62874
C0C76142
C0C89A35
C0C9D34B
C0CB0C81
C0CC45D5
C0CD7F45
C0CEB8CF
C0CFF271
C0D12C2A
C0D265F7
C0D39FD8
C0D4D9CA
C0D613CE
C0D74DE0
C0D88800
C0D9C22E
C0DAFC67
C0DC36AB
C0DD70F9
C0DEAB50
C0DFE5B0
C0E12017
C0E25A86
C0E394FA
C0E4CF75
C0E609F4
C0E74478
C0E87F00
C0E9B98C
C0EAF41B
C0EC2EAD
C0ED6942
C0EEA3D9
C0EFDE72
C0F1190C
C0F253A7
C0F38E44
C0F4C8E2
C0F60380
C0F73E1F
C0F878BE
C0F9B35D
C0FAEDFD
C0FC289C
C0FD633B
C0FE9DDA
C0FFD878
C100898B
C10126D9
C101C428
C1026175
C102FEC3
C1039C10
C104395D
C104D6A9
C10573F5
C1061140
C106AE8A
C1074BD5
C01AB1D8
C01AEC00
C01B2744
C01B63AB
C01BA13B
C01BDFFA
C01C1FEE
C01C611D
C01CA38F
C01CE749
C01D2C53
C01D72B3
C01DBA71
C01E0394
C01E4E23
C01E9A26
C01EE7A4
C01F36A4
C01F8730
C01FD94F
C0202D09
C0208267
C020D970
C021322F
C0218CAB
C021E8EE
C0224701
C022A6EE
C02308BD
C0236C7A
C023D22C
C02439E0
C024A39E
C0250F73
C0257D67
C025ED87
C0265FDD
C026D474
C0274B59
C027C496
C0284038
C028BE4B
C0293EDC
C029C1F6
C02A47A6
C02ACFFB
C02B5B00
C02BE8C4
C02C7954
C02D0CBE
C02DA310
C02E3C58
C02ED8A6
C02F7807
C0301A8C
C030C043
C031693C
C0321586
C032C531
C033784E
C0342EED
C034E91F
C035A6F3
C036687C
C0372DC9
C037F6ED
C038C3F8
C03994FD
C03A6A0C
C03B4338
C03C2093
C03D022E
C03DE81B
C03ED26D
C03FC135
C040B486
C041AC71
C042A908
C043AA5E
C044B084
C045BB8B
C046CB85
C047E083
C048FA96
C04A19CE
C04B3E3C
C04C67EF
C04D96F8
C04ECB64
C0500541
C051449F
C052898A
C053D40E
C0552437
C0567A0F
C057D5A2
C05936F8
C05A9E19
C05C0B0C
C05D7DD8
C05EF682
C060750D
C061F97C
C06383D0
C065140B
C066AA2A
C068462A
C069E80A
C06B8FC2
C06D3D4D
C06EF0A2
C070A9B8
C0726885
C0742CFB
C075F70E
C077C6AF
C0799BCC
C07B7655
C07D5638
C07F3B5E
C08092DA
C0818A92
C08284CB
C0838178
C084808E
C08581FF
C08685BD
C0878BBC
C08893EC
C0899E3F
C08AAAA8
C08BB917
C08CC97E
C08DDBCD
C08EEFF5
C09005E8
C0911D96
C09236F1
C09351E9
C0946E71
C0958C78
C096ABF1
C097CCCE
C098EF01
C09A127B
C09B3730
C09C5D12
C09D8415
C09EAC2B
C09FD549
C0A0FF62
C0A22A6C
C0A3565A
C0A48322
C0A5B0BA
C0A6DF17
C0A80E30
C0A93DFB
C0AA6E6F
C0AB9F83
C0ACD12F
C0AE036C
C0AF3630
C0B06975
C0B19D34
C0B2D166
C0B40605
C0B53B0A
C0B67070
C0B7A631
C0B8DC47
C0BA12AE
C0BB4962
C0BC805C
C0BDB799
C0BEEF15
C0C026CC
C0C15EBB
C0C296DD
C0C3CF2F
C0C507AF
C0C6405A
C0C7792C
C0C8B223
C0C9EB3C
C0CB2476
C0CC5DCD
C0CD9741
C0CED0CE
C0D00A74
C0D14430
C0D27E00
C0D3B7E4
C0D4F1D9
C0D62BDF
C0D765F5
C0D8A018
C0D9DA48
C0DB1483
C0DC4ECA
C0DD891B
C0DEC374
C0DFFDD6
C0E13840
C0E272B0
C0E3AD27
C0E4E7A3
C0E62225
C0E75CAB
C0E89735
C0E9D1C3
C0EB0C53
C0EC46E7
C0ED817D
C0EEBC16
C0EFF6B0
C0F1314C
C0F26BE9
C0F3A687
C0F4E126
C0F61BC6
C0F75666
C0F89106
C0F9CBA7
C0FB0647
C0FC40E7
C0FD7B88
C0FEB627
C0FFF0C6
C10095B3
C1013302
C101D050
C1026D9F
C1030AED
C103A83A
C1044587
C104E2D4
C1058020
C1061D6B
C106BAB6
C1075801
C01AFF96
C01B395C
C01B743F
C01BB044
C01BED72
C01C2BCF
C01C6B62
C01CAC30
C01CEE40
C01D3199
C01D7642
C01DBC41
C01E039F
C01E4C61
C01E968F
C01EE232
C01F2F4F
C01F7DF0
C01FCE1C
C0201FDB
C0207335
C020C834
C0211EDE
C021773E
C021D15C
C0222D41
C0228AF6
C022EA84
C0234BF6
C023AF55
C02414AB
C0247C02
C024E565
C02550DD
C025BE76
C0262E3B
C026A036
C0271474
C0278AFE
C02803E3
C0287F2C
C028FCE7
C0297D1F
C029FFE2
C02A853C
C02B0D3A
C02B97EA
C02C2559
C02CB594
C02D48AB
C02DDEAA
C02E77A0
C02F139C
C02FB2AC
C03054E1
C030FA48
C031A2F2
C0324EEE
C032FE4D
C033B11E
C0346771
C0352158
C035DEE3
C036A023
C0376528
C0382E05
C038FACB
C039CB8B
C03AA056
C03B7940
C03C5658
C03D37B3
C03E1D60
C03F0774
C03FF5FE
C040E913
C041E0C3
C042DD20
C043DE3E
C044E42C
C045EEFD
C046FEC2
C048138C
C0492D6C
C04A4C74
C04B70B2
C04C9A37
C04DC912
C04EFD52
C0503705
C051763A
C052BAFC
C054055A
C055555E
C056AB13
C0580683
C05967B8
C05ACEBA
C05C3B8F
C05DAE3E
C05F26CC
C060A53D
C0622994
C063B3D1
C06543F5
C066DA00
C06875ED
C06A17BB
C06BBF62
C06D6CDE
C06F2025
C070D92E
C07297EF
C0745C5B
C0762665
C077F5FE
C079CB14
C07BA598
C07D8575
C07F6A99
C080AA76
C081A22D
C0829C66
C0839913
C0849829
C085999B
C0869D5B
C087A35B
C088AB8D
C089B5E4
C08AC24F
C08BD0C1
C08CE12B
C08DF37E
C08F07AA
C0901DA1
C0913554
C0924EB3
C09369B1
C094863D
C095A44A
C096C3C9
C097E4AB
C09906E3
C09A2A63
C09B4F1E
C09C7506
C09D9C0F
C09EC42B
C09FED4F
C0A1176E
C0A2427E
C0A36E72
C0A49B41
C0A5C8DF
C0A6F742
C0A82661
C0A95632
C0AA86AC
C0ABB7C6
C0ACE978
C0AE1BBA
C0AF4E84
C0B081CF
C0B1B594
C0B2E9CC
C0B41E70
C0B5537B
C0B688E6
C0B7BEAC
C0B8F4C8
C0BA2B34
C0BB61EC
C0BC98EB
C0BDD02D
C0BF07AE
C0C03F6A
C0C1775D
C0C2AF83
C0C3E7DA
C0C5205F
C0C6590D
C0C791E3
C0C8CADE
C0CA03FC
C0CB3D39
C0CC7694
C0CDB00B
C0CEE99C
C0D02345
C0D15D04
C0D296D8
C0D3D0BF
C0D50AB8
C0D644C1
C0D77ED9
C0D8B8FF
C0D9F331
C0DB2D70
C0DC67B9
C0DDA20C
C0DEDC68
C0E016CD
C0E15139
C0E28BAB
C0E3C624
C0E500A3
C0E63B26
C0E775AE
C0E8B03A
C0E9EACA
C0EB255C
C0EC5FF2
C0ED9A8A
C0EED524
C0F00FC0
C0F14A5D
C0F284FC
C0F3BF9B
C0F4FA3C
C0F634DD
C0F76F7E
C0F8AA20
C0F9E4C1
C0FB1F63
C0FC5A05
C0FD94A6
C0FECF47
C10004F3
C100A243
C1013F93
C101DCE2
C1027A31
C103177F
C103B4CD
C104521A
C104EF67
C1058CB4
C1062A00
C106C74B
C1076496
C01B4F57
C01B88BA
C01BC33A
C01BFEDC
C01C3BA8
C01C79A2
C01CB8D2
C01CF93D
C01D3AEB
C01D7DE1
C01DC228
C01E07C5
C01E4EC0
C01E9721
C01EE0ED
C01F2C2E
C01F78EA
C01FC729
C02016F4
C0206852
C020BB4C
C0210FE9
C0216633
C021BE33
C02217F1
C0227376
C022D0CC
C0232FFB
C023910E
C023F40F
C0245906
C024BFFF
C0252904
C025941F
C026015C
C02670C4
C026E263
C0275645
C027CC74
C02844FE
C028BFED
C0293D4E
C029BD2D
C02A3F97
C02AC499
C02B4C40
C02BD699
C02C63B1
C02CF397
C02D8658
C02E1C02
C02EB4A4
C02F504D
C02FEF0C
C03090EE
C0313605
C031DE5F
C0328A0C
C033391C
C033EB9F
C034A1A6
C0355B41
C0361881
C036D976
C0379E33
C03866C8
C0393346
C03A03C0
C03AD847
C03BB0EC
C03C8DC2
C03D6EDA
C03E5447
C03F3E1B
C0402C67
C0411F3E
C04216B2
C04312D5
C04413B8
C045196E
C0462407
C0473396
C048482C
C04961D9
C04A80AE
C04BA4BC
C04CCE11
C04DFCBE
C04F30D2
C0506A5A
C051A964
C052EDFF
C0543835
C0558813
C056DDA4
C05838F2
C0599A05
C05B00E7
C05C6D9E
C05DE030
C05F58A2
C060D6F9
C0625B36
C063E55C
C065756A
C0670B60
C068A73A
C06A48F5
C06BF08C
C06D9DF8
C06F5132
C0710A2E
C072C8E4
C0748D45
C0765746
C07826D7
C079FBE7
C07BD665
C07DB63E
C07F9B5D
C080C2D7
C081BA8E
C082B4C6
C083B174
C084B08B
C085B1FE
C086B5BF
C087BBC1
C088C3F6
C089CE4F
C08ADABD
C08BE933
C08CF9A0
C08E0BF7
C08F2028
C0903623
C0914DDB
C092673F
C0938242
C0949ED3
C095BCE5
C096DC6A
C097FD52
C0991F90
C09A4317
C09B67D7
C09C8DC6
C09DB4D4
C09EDCF7
C0A00621
C0A13047
C0A25B5D
C0A38758
C0A4B42D
C0A5E1D1
C0A7103B
C0A83F60
C0A96F37
C0AA9FB7
C0ABD0D8
C0AD0290
C0AE34D8
C0AF67A9
C0B09AFA
C0B1CEC4
C0B30302
C0B437AC
C0B56CBC
C0B6A22D
C0B7D7F9
C0B90E1A
C0BA448B
C0BB7B49
C0BCB24D
C0BDE994
C0BF211A
C0C058DA
C0C190D2
C0C2C8FD
C0C40159
C0C539E2
C0C67294
C0C7AB6F
C0C8E46E
C0CA1D8F
C0CB56D1
C0CC9030
C0CDC9AB
C0CF033F
C0D03CEC
C0D176AE
C0D2B085
C0D3EA70
C0D5246B
C0D65E78
C0D79893
C0D8D2BB
C0DA0CF1
C0DB4732
C0DC817E
C0DDBBD4
C0DEF633
C0E0309A
C0E16B08
C0E2A57D
C0E3DFF8
C0E51A79
C0E654FE
C0E78F88
C0E8CA16
C0EA04A8
C0EB3F3D
C0EC79D4
C0EDB46E
C0EEEF09
C0F029A7
C0F16446
C0F29EE6
C0F3D987
C0F51429
C0F64ECB
C0F7896E
C0F8C411
C0F9FEB4
C0FB3957
C0FC73FA
C0FDAE9C
C0FEE93E
C10011F0
C100AF40
C1014C90
C101E9E0
C102872F
C103247E
C103C1CC
C1045F1A
C104FC67
C10599B4
C1063701
C106D44C
C1077198
C01BA124
C01BDA23
C01C143F
C01C4F7D
C01C8BE5
C01CC97B
C01D0847
C01D484F
C01D8999
C01DCC2C
C01E100F
C01E5549
C01E9BE0
C01EE3DD
C01F2D47
C01F7825
C01FC47E
C020125B
C02061C3
C020B2BE
C0210556
C0215992
C021AF7A
C0220718
C0226075
C022BB99
C023188D
C023775C
C023D80F
C0243AB0
C0249F48
C02505E1
C0256E87
C025D944
C0264622
C026B52C
C027266E
C02799F2
C0280FC5
C02887F3
C0290286
C0297F8C
C029FF10
C02A8120
C02B05C9
C02B8D16
C02C1716
C02CA3D7
C02D3365
C02DC5D0
C02E5B24
C02EF371
C02F8EC6
C0302D30
C030CEC0
C0317384
C0321B8D
C032C6E9
C03375A9
C03427DD
C034DD96
C03596E4
C03653D7
C0371482
C037D8F4
C038A13F
C0396D75
C03A3DA8
C03B11E8
C03BEA48
C03CC6DA
C03DA7AF
C03E8CDA
C03F766D
C0406479
C0415712
C0424E49
C0434A30
C0444AD8
C0455054
C0465AB6
C0476A0E
C0487E6E
C04997E7
C04AB689
C04BDA65
C04D038B
C04E3209
C04F65EF
C0509F4B
C051DE2B
C053229C
C0546CAB
C055BC63
C05711CF
C0586CF9
C059CDEB
C05B34AC
C05CA144
C05E13B8
C05F8C0F
C0610A4B
C0628E6F
C064187D
C065A875
C0673E56
C068DA1C
C06A7BC5
C06C234C
C06DD0A8
C06F83D3
C0713CC3
C072FB6D
C074BFC5
C07689BD
C0785945
C07A2E4F
C07C08C7
C07DE89C
C07FCDB9
C080DC04
C081D3BA
C082CDF2
C083CAA0
C084C9B8
C085CB2C
C086CEEF
C087D4F4
C088DD2B
C089E787
C08AF3F9
C08C0272
C08D12E3
C08E253E
C08F3974
C0904F74
C0916730
C092809A
C0939BA2
C094B839
C095D651
C096F5DC
C09816CA
C099390E
C09A5C9B
C09B8162
C09CA757
C09DCE6C
C09EF695
C0A01FC6
C0A149F3
C0A2750F
C0A3A111
C0A4CDEC
C0A5FB97
C0A72A08
C0A85934
C0A98911
C0AAB998
C0ABEABF
C0AD1C7E
C0AE4ECD
C0AF81A3
C0B0B4FB
C0B1E8CB
C0B31D0F
C0B451BF
C0B586D5
C0B6BC4C
C0B7F21D
C0B92844
C0BA5EBB
C0BB957E
C0BCCC88
C0BE03D4
C0BF3B5F
C0C07325
C0C1AB21
C0C2E351
C0C41BB2
C0C5543F
C0C68CF6
C0C7C5D5
C0C8FED8
C0CA37FE
C0CB7143
C0CCAAA7
C0CDE425
C0CF1DBE
C0D0576E
C0D19134
C0D2CB0F
C0D404FD
C0D53EFC
C0D6790B
C0D7B329
C0D8ED55
C0DA278E
C0DB61D2
C0DC9C21
C0DDD679
C0DF10DA
C0E04B44
C0E185B5
C0E2C02C
C0E3FAAA
C0E5352D
C0E66FB5
C0E7AA41
C0E8E4D1
C0EA1F64
C0EB59FB
C0EC9494
C0EDCF30
C0EF09CD
C0F0446D
C0F17F0D
C0F2B9AF
C0F3F452
C0F52EF5
C0F66999
C0F7A43D
C0F8DEE2
C0FA1986
C0FB542A
C0FC8ECE
C0FDC972
C0FF0415
C1001F5C
C100BCAD
C10159FD
C101F74D
C102949D
C10331EC
C103CF3B
C1046C89
C10509D7
C105A725
C1064471
C106E1BD
C1077F09
C01BF507
C01C2DA1
C01C6758
C01CA231
C01CDE33
C01D1B65
C01D59CC
C01D996F
C01DDA54
C01E1C82
C01E6001
C01EA4D6
C01EEB09
C01F32A2
C01F7BA7
C01FC621
C0201216
C0205F8F
C020AE93
C020FF2B
C021515F
C021A538
C021FABD
C02251F8
C022AAF2
C02305B3
C0236246
C023C0B3
C0242104
C0248343
C024E77A
C0254DB3
C025B5F9
C0262055
C0268CD3
C026FB7E
C0276C61
C027DF87
C02854FC
C028CCCC
C0294702
C029C3AB
C02A42D4
C02AC488
C02B48D5
C02BCFC8
C02C596F
C02CE5D6
C02D750C
C02E071E
C02E9C1B
C02F3412
C02FCF10
C0306D25
C0310E61
C031B2D1
C0325A87
C0330591
C033B400
C03465E4
C0351B4D
C035D44C
C03690F2
C0375150
C0381577
C038DD77
C039A964
C03A794D
C03B4D46
C03C2560
C03D01AC
C03DE23D
C03EC725
C03FB076
C0409E42
C041909B
C0428793
C043833D
C04483AA
C04588EC
C0469314
C047A234
C048B65E
C049CFA2
C04AEE10
C04C11BA
C04D3AAE
C04E68FD
C04F9CB5
C050D5E4
C0521499
C05358E1
C054A2C7
C055F258
C057479F
C058A2A5
C05A0375
C05B6A15
C05CD68D
C05E48E4
C05FC11E
C0613F3F
C062C34A
C0644D40
C065DD21
C06772ED
C0690EA0
C06AB037
C06C57AC
C06E04F9
C06FB816
C07170F9
C0732F98
C074F3E5
C076BDD4
C0788D56
C07A6259
C07C3CCC
C07E1C9D
C08000DB
C080F602
C081EDB7
C082E7F0
C083E49F
C084E3B8
C085E52D
C086E8F3
C087EEF9
C088F733
C08A0192
C08B0E08
C08C1C85
C08D2CFB
C08E3F5A
C08F5394
C0906999
C091815B
C0929ACA
C093B5D8
C094D275
C095F093
C0971024
C0983119
C0995364
C09A76F7
C09B9BC5
C09CC1C0
C09DE8DC
C09F110C
C0A03A44
C0A16478
C0A28F9C
C0A3BBA4
C0A4E887
C0A61639
C0A744B0
C0A873E3
C0A9A3C7
C0AAD455
C0AC0583
C0AD3749
C0AE699E
C0AF9C7B
C0B0CFD9
C0B203B0
C0B337FA
C0B46CB1
C0B5A1CD
C0B6D74A
C0B80D21
C0B9434E
C0BA79CA
C0BBB093
C0BCE7A2
C0BE1EF4
C0BF5684
C0C08E4F
C0C1C651
C0C2FE86
C0C436EB
C0C56F7D
C0C6A839
C0C7E11D
C0C91A24
C0CA534E
C0CB8C98
C0CCC600
C0CDFF82
C0CF391F
C0D072D3
C0D1AC9D
C0D2E67B
C0D4206C
C0D55A6F
C0D69482
C0D7CEA3
C0D908D2
C0DA430E
C0DB7D55
C0DCB7A7
C0DDF202
C0DF2C66
C0E066D2
C0E1A146
C0E2DBC0
C0E41640
C0E550C5
C0E68B4F
C0E7C5DE
C0E90070
C0EA3B06
C0EB759E
C0ECB03A
C0EDEAD7
C0EF2577
C0F06018
C0F19ABA
C0F2D55D
C0F41002
C0F54AA7
C0F6854C
C0F7BFF2
C0F8FA98
C0FA353D
C0FB6FE3
C0FCAA88
C0FDE52D
C0FF1FD1
C1002D3A
C100CA8C
C10167DD
C102052E
C102A27E
C1033FCE
C103DD1D
C1047A6C
C10517BA
C105B508
C1065255
C106EFA2
C1078CEE
C01C4B0A
C01C833E
C01CBC8E
C01CF702
C01D329E
C01D6F6A
C01DAD6B
C01DECA8
C01E2D27
C01E6EEF
C01EB208
C01EF678
C01F3C45
C01F8378
C01FCC18
C020162C
C02061BC
C020AED0
C020FD6F
C0214DA2
C0219F72
C021F2E6
C0224807
C0229EDE
C022F773
C02351D1
C023AE00
C0240C0A
C0246BF8
C024CDD5
C02531A9
C0259780
C025FF64
C026695F
C026D57C
C02743C6
C027B449
C028270F
C0289C24
C0291395
C0298D6D
C02A09B8
C02A8883
C02B09DA
C02B8DCB
C02C1462
C02C9DAD
C02D29BA
C02DB895
C02E4A4E
C02EDEF3
C02F7691
C0301138
C030AEF7
C0314FDC
C031F3F8
C0329B59
C0334610
C033F42C
C034A5BE
C0355AD7
C0361386
C036CFDD
C0378FED
C03853C6
C0391B7B
C039E71D
C03AB6BC
C03B8A6C
C03C623E
C03D3E44
C03E1E90
C03F0333
C03FEC41
C040D9CB
C041CBE4
C042C29D
C043BE09
C044BE39
C045C33F
C046CD2D
C047DC15
C048F007
C04A0915
C04B274F
C04C4AC5
C04D7388
C04EA1A6
C04FD52F
C0510E31
C0524CBA
C05390D7
C054DA95
C05629FF
C0577F20
C058DA02
C05A3AAE
C05BA12D
C05D0D86
C05E7FBE
C05FF7DB
C06175E1
C062F9D2
C06483B0
C066137B
C067A931
C06944D0
C06AE655
C06C8DB9
C06E3AF7
C06FEE06
C071A6DD
C0736570
C07529B3
C076F39A
C078C313
C07A9810
C07C727F
C07E524C
C0801BB2
C08110D8
C082088D
C08302C5
C083FF75
C084FE8F
C0860007
C08703CE
C08809D8
C0891215
C08A1C77
C08B28F1
C08C3772
C08D47EC
C08E5A50
C08F6E90
C090849A
C0919C62
C092B5D7
C093D0EA
C094ED8E
C0960BB2
C0972B4A
C0984C45
C0996E97
C09A9231
C09BB706
C09CDD09
C09E042C
C09F2C63
C0A055A2
C0A17FDD
C0A2AB08
C0A3D718
C0A50402
C0A631BB
C0A7603A
C0A88F74
C0A9BF60
C0AAEFF5
C0AC212A
C0AD52F6
C0AE8552
C0AFB837
C0B0EB9B
C0B21F79
C0B353CA
C0B48887
C0B5BDAA
C0B6F32D
C0B8290A
C0B95F3D
C0BA95C0
C0BBCC8E
C0BD03A3
C0BE3AFB
C0BF7291
C0C0AA61
C0C1E268
C0C31AA2
C0C4530D
C0C58BA4
C0C6C465
C0C7FD4D
C0C93659
C0CA6F88
C0CBA8D6
C0CCE242
C0CE1BC9
C0CF5569
C0D08F21
C0D1C8EF
C0D302D1
C0D43CC6
C0D576CC
C0D6B0E3
C0D7EB08
C0D9253A
C0DA5F79
C0DB99C3
C0DCD418
C0DE0E76
C0DF48DD
C0E0834C
C0E1BDC2
C0E2F83F
C0E432C2
C0E56D49
C0E6A7D6
C0E7E267
C0E91CFB
C0EA5793
C0EB922E
C0ECCCCB
C0EE076B
C0EF420C
C0F07CAF
C0F1B753
C0F2F1F8
C0F42C9E
C0F56745
C0F6A1EC
C0F7DC93
C0F9173A
C0FA51E2
C0FB8C89
C0FCC72F
C0FE01D5
C0FF3C7B
C1003B90
C100D8E2
C1017634
C1021385
C102B0D6
C1034E26
C103EB76
C10488C5
C1052614
C105C362
C10660B0
C106FDFD
C1079B49
C01CA336
C01CDB03
C01D13ED
C01D4DF9
C01D892F
C01DC593
C01E032D
C01E4203
C01E821C
C01EC37D
C01F062F
C01F4A38
C01F8F9F
C01FD66B
C0201EA4
C0206852
C020B37B
C0210029
C0214E62
C0219E2F
C021EF99
C02242A7
C0229762
C022EDD4
C0234604
C0239FFD
C023FBC7
C024596D
C024B8F6
C0251A6F
C0257DE0
C025E353
C0264AD3
C026B46C
C0272026
C0278E0F
C027FE2F
C0287094
C028E549
C0295C59
C029D5D1
C02A51BD
C02AD028
C02B5121
C02BD4B4
C02C5AEE
C02CE3DD
C02D6F8D
C02DFE0D
C02E8F6B
C02F23B6
C02FBAFA
C0305549
C030F2B0
C031933E
C0323703
C032DE0F
C0338871
C0343639
C034E778
C0359C3F
C036549D
C03710A3
C037D064
C03893EF
C0395B57
C03A26AC
C03AF601
C03BC967
C03CA0F0
C03D7CAE
C03E5CB3
C03F4111
C04029DB
C0411722
C04208F9
C042FF72
C043FA9E
C044FA90
C045FF5A
C047090E
C04817BB
C0492B75
C04A444C
C04B6251
C04C8593
C04DAE23
C04EDC11
C0500F6A
C051483E
C052869B
C053CA8D
C0551421
C0566363
C057B85D
C059131A
C05A73A4
C05BDA01
C05D4639
C05EB853
C0603053
C061AE3D
C0633215
C064BBDA
C0664B8E
C067E12F
C0697CBA
C06B1E2D
C06CC580
C06E72AF
C07025AF
C071DE79
C0739D01
C075613B
C0772B19
C078FA8C
C07ACF83
C07CA9ED
C07E89B6
C0803766
C0812C8B
C0822440
C0831E79
C0841B2A
C0851A46
C0861BC0
C0871F8A
C0882596
C0892DD6
C08A383D
C08B44BA
C08C5340
C08D63BF
C08E7628
C08F8A6D
C090A07D
C091B84A
C092D1C6
C093ECE0
C095098A
C09627B5
C0974753
C0986856
C0998AAF
C09AAE50
C09BD32C
C09CF936
C09E2061
C09F48A0
C0A071E7
C0A19C29
C0A2C75C
C0A3F374
C0A52065
C0A64E26
C0A77CAC
C0A8ABEE
C0A9DBE1
C0AB0C7E
C0AC3DBA
C0AD6F8E
C0AEA1F1
C0AFD4DD
C0B10848
C0B23C2D
C0B37085
C0B4A549
C0B5DA72
C0B70FFC
C0B845E0
C0B97C19
C0BAB2A2
C0BBE977
C0BD2092
C0BE57EF
C0BF8F8B
C0C0C761
C0C1FF6E
C0C337AD
C0C4701D
C0C5A8B9
C0C6E17F
C0C81A6C
C0C9537E
C0CA8CB1
C0CBC604
C0CCFF74
C0CE3900
C0CF72A4
C0D0AC60
C0D1E633
C0D32019
C0D45A11
C0D5941B
C0D6CE35
C0D8085E
C0D94294
C0DA7CD6
C0DBB723
C0DCF17B
C0DE2BDD
C0DF6647
C0E0A0B9
C0E1DB32
C0E315B1
C0E45036
C0E58AC1
C0E6C550
C0E7FFE3
C0E93A7A
C0EA7514
C0EBAFB1
C0ECEA50
C0EE24F2
C0EF5F95
C0F09A3A
C0F1D4E0
C0F30F87
C0F44A2F
C0F584D7
C0F6BF80
C0F7FA29
C0F934D2
C0FA6F7A
C0FBAA23
C0FCE4CB
C0FE1F72
C0FF5A19
C1004A60
C100E7B2
C1018505
C1022256
C102BFA8
C1035CF9
C103FA49
C1049799
C10534E8
C105D237
C1066F85
C1070CD2
C107AA1F
C01CFD97
C01D34FC
C01D6D7E
C01DA722
C01DE1F0
C01E1DEC
C01E5B1E
C01E998C
C01ED93D
C01F1A37
C01F5C81
C01FA022
C01FE521
C0202B85
C0207357
C020BC9D
C021075F
C02153A5
C021A176
C021F0DC
C02241DF
C0229486
C022E8DA
C0233EE5
C02396B0
C023F042
C0244BA6
C024A8E6
C025080A
C025691D
C025CC29
C0263137
C0269853
C0270187
C0276CDE
C027DA63
C0284A21
C028BC23
C0293076
C029A724
C02A203B
C02A9BC5
C02B19D1
C02B9A6A
C02C1D9E
C02CA379
C02D2C09
C02DB75C
C02E457F
C02ED681
C02F6A70
C030015A
C0309B4E
C031385C
C031D891
C0327BFF
C03322B3
C033CCBF
C0347A33
C0352B1D
C035DF90
C036979C
C0375351
C03812C1
C038D5FD
C0399D16
C03A681E
C03B3726
C03C0A41
C03CE180
C03DBCF5
C03E9CB2
C03F80CA
C040694F
C0415652
C04247E6
C0433E1D
C044390A
C04538BD
C0463D4A
C04746C1
C0485534
C04968B5
C04A8154
C04B9F22
C04CC230
C04DEA8D
C04F1848
C0504B72
C0518417
C052C246
C054060D
C0554F77
C0569E90
C057F364
C0594DFC
C05AAE61
C05C149C
C05D80B4
C05EF2AF
C0606A92
C061E861
C0636C1E
C064F5CB
C0668567
C0681AF3
C069B66B
C06B57CA
C06CFF0D
C06EAC2C
C0705F1F
C07217DD
C073D65A
C0759A8A
C077645F
C07933CB
C07B08BD
C07CE322
C07EC2E8
C08053FE
C0814923
C08240D8
C0833B12
C08437C4
C08536E2
C086385E
C0873C2B
C088423A
C0894A7E
C08A54E8
C08B616A
C08C6FF5
C08D8079
C08E92E8
C08FA732
C090BD48
C091D51C
C092EE9E
C09409BE
C095266F
C09644A2
C0976447
C0988551
C099A7B2
C09ACB5B
C09BF03F
C09D1651
C09E3D84
C09F65CA
C0A08F19
C0A1B964
C0A2E49E
C0A410BE
C0A53DB7
C0A66B80
C0A79A0E
C0A8C958
C0A9F953
C0AB29F7
C0AC5B3B
C0AD8D17
C0AEBF82
C0AFF275
C0B125E8
C0B259D4
C0B38E33
C0B4C2FE
C0B5F82E
C0B72DBF
C0B863A9
C0B999E9
C0BAD079
C0BC0754
C0BD3E75
C0BE75D9
C0BFAD7B
C0C0E557
C0C21D69
C0C355AE
C0C48E24
C0C5C6C5
C0C6FF91
C0C83883
C0C97199
C0CAAAD2
C0CBE429
C0CD1D9E
C0CE572E
C0CF90D7
C0D0CA98
C0D2046E
C0D33E58
C0D47855
C0D5B263
C0D6EC81
C0D826AD
C0D960E6
C0DA9B2C
C0DBD57D
C0DD0FD8
C0DE4A3D
C0DF84AA
C0E0BF1F
C0E1F99B
C0E3341D
C0E46EA5
C0E5A932
C0E6E3C4
C0E81E5A
C0E958F3
C0EA938F
C0EBCE2F
C0ED08D0
C0EE4374
C0EF7E19
C0F0B8C0
C0F1F368
C0F32E11
C0F468BB
C0F5A365
C0F6DE0F
C0F818BA
C0F95364
C0FA8E0F
C0FBC8B8
C0FD0362
C0FE3E0B
C0FF78B3
C10059AD
C100F701
C1019454
C10231A6
C102CEF8
C1036C49
C104099A
C104A6EA
C105443A
C105E189
C1067ED8
C1071C26
C107B973
C01D5A35
C01D9131
C01DC94A
C01E0286
C01E3CEB
C01E787F
C01EB548
C01EF34D
C01F3295
C01F7326
C01FB507
C01FF83F
C0203CD6
C02082D1
C020CA3A
C0211317
C0215D71
C021A94E
C021F6B7
C02245B5
C022964F
C022E88E
C0233C7B
C023921E
C023E980
C02442AB
C0249DA8
C024FA81
C025593E
C025B9EA
C0261C90
C0268138
C026E7EF
C02750BD
C027BBAF
C02828CF
C0289829
C02909C7
C0297DB6
C029F401
C02A6CB5
C02AE7DE
C02B6588
C02BE5C0
C02C6893
C02CEE0E
C02D763F
C02E0133
C02E8EF8
C02F1F9C
C02FB32E
C03049BC
C030E355
C0318007
C0321FE3
C032C2F7
C0336954
C0341308
C034C025
C03570BA
C03624D8
C036DC90
C03797F3
C0385711
C03919FC
C039E0C5
C03AAB7E
C03B7A39
C03C4D08
C03D23FB
C03DFF26
C03EDE9B
C03FC26B
C040AAA9
C0419767
C04288B8
C0437EAC
C0447958
C04578CC
C0467D1A
C0478654
C048948C
C049A7D3
C04AC039
C04BDDD0
C04D00A8
C04E28D1
C04F565A
C0508953
C051C1C9
C052FFCA
C0544364
C0558CA4
C056DB94
C0583041
C0598AB3
C05AEAF4
C05C510D
C05DBD04
C05F2EE0
C060A6A5
C0622458
C063A7FA
C065318E
C066C114
C068568A
C069F1EE
C06B933B
C06D3A6D
C06EE77D
C0709A62
C0725313
C0741185
C075D5AC
C0779F7A
C0796EDF
C07B43CB
C07D1E2C
C07EFDF0
C0807181
C08166A6
C0825E5C
C0835897
C084554A
C085546A
C08655E8
C08759B8
C0885FCB
C0896813
C08A7282
C08B7F08
C08C8D98
C08D9E22
C08EB096
C08FC4E6
C090DB03
C091F2DE
C0930C66
C094278E
C0954446
C0966280
C097822D
C098A33F
C099C5A7
C09AE958
C09C0E45
C09D345F
C09E5B9A
C09F83E9
C0A0AD40
C0A1D793
C0A302D6
C0A42EFE
C0A55C00
C0A689D1
C0A7B867
C0A8E7B9
C0AA17BD
C0AB4869
C0AC79B5
C0ADAB98
C0AEDE0B
C0B01106
C0B14481
C0B27875
C0B3ACDB
C0B4E1AD
C0B616E5
C0B74C7D
C0B8826E
C0B9B8B5
C0BAEF4C
C0BC262D
C0BD5D55
C0BE94BF
C0BFCC67
C0C10449
C0C23C62
C0C374AD
C0C4AD28
C0C5E5CF
C0C71EA0
C0C85798
C0C990B4
C0CAC9F1
C0CC034E
C0CD3CC7
C0CE765C
C0CFB00A
C0D0E9CF
C0D223AA
C0D35D98
C0D49799
C0D5D1AB
C0D70BCD
C0D845FD
C0D9803A
C0DABA84
C0DBF4D8
C0DD2F37
C0DE699F
C0DFA40F
C0E0DE87
C0E21906
C0E3538B
C0E48E16
C0E5C8A6
C0E7033A
C0E83DD3
C0E9786E
C0EAB30D
C0EBEDAF
C0ED2853
C0EE62F9
C0EF9DA1
C0F0D84A
C0F212F4
C0F34D9F
C0F4884A
C0F5C2F6
C0F6FDA2
C0F8384E
C0F972FB
C0FAADA6
C0FBE852
C0FD22FD
C0FE5DA7
C0FF9851
C100697D
C10106D1
C101A424
C1024177
C102DECA
C1037C1C
C104196D
C104B6BE
C105540E
C105F15E
C1068EAD
C1072BFB
C107C949
C01DB91B
C01DEFAE
C01E275E
C01E6030
C01E9A2B
C01ED556
C01F11B5
C01F4F51
C01F8E2F
C01FCE56
C0200FCD
C020529C
C02096C8
C020DC5A
C0212359
C0216BCD
C021B5BD
C0220130
C0224E30
C0229CC4
C022ECF5
C0233ECB
C023924E
C023E788
C0243E82
C0249745
C024F1D9
C0254E49
C025AC9E
C0260CE3
C0266F21
C026D362
C02739B2
C027A21A
C0280CA5
C028795F
C028E853
C029598C
C029CD16
C02A42FD
C02ABB4D
C02B3612
C02BB359
C02C332E
C02CB59F
C02D3AB9
C02DC289
C02E4D1D
C02EDA83
C02F6AC8
C02FFDFC
C030942C
C0312D68
C031C9BF
C032693F
C0330BF9
C033B1FC
C0345B58
C035081C
C035B85B
C0366C23
C0372386
C037DE94
C0389D5F
C0395FF8
C03A2671
C03AF0DA
C03BBF46
C03C91C7
C03D686E
C03E434E
C03F2279
C0400600
C040EDF7
C041DA6F
C042CB7A
C043C12C
C044BB95
C045BAC8
C046BED7
C047C7D4
C048D5CF
C049E8DB
C04B0108
C04C1E67
C04D4109
C04E68FD
C04F9653
C050C91A
C0520160
C0533F33
C05482A0
C055CBB5
C0571A7C
C0586F00
C059C94C
C05B2969
C05C8F5F
C05DFB35
C05F6CF1
C060E499
C062622F
C063E5B7
C0656F33
C066FEA1
C0689402
C06A2F51
C06BD08C
C06D77AE
C06F24AE
C070D786
C072902B
C0744E92
C07612B0
C077DC75
C079ABD4
C07B80BB
C07D5B19
C07F3ADB
C0808FF6
C081851B
C0827CD1
C083770D
C08473C3
C08572E5
C0867466
C0877839
C0887E50
C089869C
C08A9110
C08B9D9B
C08CAC30
C08DBCC0
C08ECF3A
C08FE391
C090F9B5
C0921196
C0932B26
C0944655
C0956315
C0968157
C097A10C
C098C226
C099E496
C09B0850
C09C2D45
C09D5367
C09E7AAB
C09FA303
C0A0CC63
C0A1F6BE
C0A3220A
C0A44E3B
C0A57B45
C0A6A91F
C0A7D7BE
C0A90719
C0AA3725
C0AB67DA
C0AC992E
C0ADCB1A
C0AEFD95
C0B03098
C0B1641B
C0B29817
C0B3CC85
C0B5015E
C0B6369E
C0B76C3D
C0B8A236
C0B9D884
C0BB0F22
C0BC460A
C0BD7D39
C0BEB4AA
C0BFEC58
C0C12441
C0C25C60
C0C394B1
C0C4CD32
C0C605DF
C0C73EB6
C0C877B3
C0C9B0D4
C0CAEA17
C0CC2379
C0CD5CF8
C0CE9691
C0CFD044
C0D10A0E
C0D243ED
C0D37DE0
C0D4B7E6
C0D5F1FC
C0D72C21
C0D86655
C0D9A097
C0DADAE4
C0DC153C
C0DD4F9E
C0DE8A09
C0DFC47D
C0E0FEF8
C0E2397B
C0E37403
C0E4AE91
C0E5E923
C0E723BB
C0E85E56
C0E998F4
C0EAD396
C0EC0E3A
C0ED48E0
C0EE8389
C0EFBE32
C0F0F8DE
C0F2338A
C0F36E37
C0F4A8E4
C0F5E392
C0F71E40
C0F858EE
C0F9939C
C0FACE4A
C0FC08F7
C0FD43A3
C0FE7E4F
C0FFB8FA
C10079D2
C1011727
C101B47B
C10251CF
C102EF22
C1038C75
C10429C7
C104C718
C1056469
C10601B9
C1069F08
C1073C57
C107D9A6
C01E1A53
C01E507C
C01E87C2
C01EC02A
C01EF9BB
C01F347B
C01F7070
C01FADA1
C01FEC15
C0202BD1
C0206CDE
C020AF42
C020F304
C021382B
C0217EBF
C021C6C8
C022104D
C0225B56
C022A7EC
C022F615
C02345DC
C0239747
C023EA61
C0243F31
C02495C0
C024EE19
C0254844
C025A44B
C0260237
C0266212
C026C3E7
C02727C0
C0278DA7
C027F5A7
C0285FCB
C028CC1E
C0293AAB
C029AB7E
C02A1EA2
C02A9423
C02B0C0D
C02B866E
C02C0350
C02C82C2
C02D04D0
C02D8987
C02E10F5
C02E9B27
C02F282C
C02FB811
C0304AE5
C030E0B7
C0317995
C032158E
C032B4B2
C0335710
C033FCB8
C034A5BA
C0355226
C036020C
C036B57D
C0376C89
C0382742
C038E5B9
C039A7FF
C03A6E25
C03B383E
C03C065A
C03CD88C
C03DAEE6
C03E8979
C03F6859
C0404B96
C0413345
C0421F75
C043103B
C04405A8
C044FFCE
C045FEC0
C047028E
C0480B4C
C049190A
C04A2BDB
C04B43CE
C04C60F4
C04D835F
C04EAB1D
C04FD83F
C0510AD4
C05242E9
C053808E
C054C3CE
C0560CB7
C0575B54
C058AFB0
C05A09D5
C05B69CD
C05CCFA0
C05E3B54
C05FACF1
C061247A
C062A1F5
C0642562
C065AEC5
C0673E1C
C068D367
C06A6EA3
C06C0FCB
C06DB6DC
C06F63CD
C0711697
C072CF30
C0748D8E
C07651A2
C0781B60
C079EAB9
C07BBF9C
C07D99F7
C07F79B6
C080AF63
C081A488
C0829C40
C083967D
C0849335
C085925A
C08693DE
C08797B5
C0889DD0
C089A621
C08AB099
C08BBD2A
C08CCBC5
C08DDC5B
C08EEEDC
C0900339
C0911964
C092314D
C0934AE4
C094661B
C09582E3
C096A12D
C097C0EB
C098E20D
C09A0487
C09B2849
C09C4D47
C09D7373
C09E9ABF
C09FC320
C0A0EC89
C0A216EE
C0A34243
C0A46E7D
C0A59B90
C0A6C973
C0A7F81B
C0A9277F
C0AA5794
C0AB8851
C0ACB9AF
C0ADEBA3
C0AF1E27
C0B05132
C0B184BD
C0B2B8C1
C0B3ED38
C0B5221A
C0B65761
C0B78D08
C0B8C309
C0B9F95E
C0BB3003
C0BC66F3
C0BD9E29
C0BED5A0
C0C00D56
C0C14545
C0C27D6A
C0C3B5C2
C0C4EE49
C0C626FD
C0C75FD9
C0C898DC
C0C9D203
C0CB0B4C
C0CC44B3
C0CD7E37
C0CEB7D6
C0CFF18E
C0D12B5C
C0D26540
C0D39F38
C0D4D942
C0D6135C
C0D74D86
C0D887BE
C0D9C204
C0DAFC55
C0DC36B1
C0DD7117
C0DEAB86
C0DFE5FD
C0E1207C
C0E25B01
C0E3958C
C0E4D01D
C0E60AB3
C0E7454D
C0E87FEB
C0E9BA8C
C0EAF531
C0EC2FD7
C0ED6A80
C0EEA52B
C0EFDFD7
C0F11A85
C0F25533
C0F38FE2
C0F4CA92
C0F60542
C0F73FF1
C0F87AA1
C0F9B551
C0FAF000
C0FC2AAF
C0FD655D
C0FEA00B
C0FFDAB8
C1008AB2
C1012807
C101C55C
C10262B0
C1030004
C1039D57
C1043AAA
C104D7FC
C105754D
C106129E
C106AFEE
C1074D3D
C107EA8C
C01E7DE8
C01EB3A7
C01EEA82
C01F227F
C01F5BA5
C01F95FA
C01FD184
C0200E4A
C0204C52
C0208BA3
C020CC45
C0210E3D
C0215193
C021964F
C021DC78
C0222415
C0226D2E
C022B7CC
C02303F6
C02351B4
C023A10F
C023F20F
C02444BD
C0249922
C024EF47
C0254735
C025A0F5
C025FC91
C0265A13
C026B984
C0271AEF
C0277E5F
C027E3DC
C0284B73
C028B52E
C0292119
C0298F3E
C029FFA8
C02A7265
C02AE77F
C02B5F03
C02BD8FE
C02C557B
C02CD487
C02D5631
C02DDA84
C02E618E
C02EEB5E
C02F7801
C0300784
C03099F8
C0312F69
C031C7E8
C0326382
C0330249
C033A44A
C0344995
C034F23C
C0359E4D
C0364DDA
C03700F2
C037B7A7
C038720A
C039302B
C039F21D
C03AB7F0
C03B81B6
C03C4F81
C03D2163
C03DF76E
C03ED1B4
C03FB048
C040933B
C0417A9F
C0426688
C0435707
C0444C2E
C0454611
C04644C0
C047484D
C04850CB
C0495E4C
C04A70DF
C04B8897
C04CA584
C04DC7B7
C04EEF40
C0501C2D
C0514E8F
C0528673
C053C3E8
C05506FA
C0564FB7
C0579E29
C058F25D
C05A4C5C
C05BAC2E
C05D11DE
C05E7D70
C05FEEED
C0616658
C062E3B6
C0646709
C065F052
C0677F92
C06914C8
C06AAFEF
C06C5106
C06DF806
C06FA4E9
C07157A5
C0731033
C074CE86
C0769292
C0785C49
C07A2B9C
C07C007A
C07DDAD2
C07FBA90
C080CFD0
C081C4F6
C082BCAF
C083B6EE
C084B3A8
C085B2D0
C086B458
C087B832
C088BE52
C089C6A8
C08AD125
C08BDDBC
C08CEC5D
C08DFCFA
C08F0F82
C09023E6
C0913A19
C0925209
C0936BA9
C09486E8
C095A3B9
C096C20B
C097E1D2
C09902FD
C09A2580
C09B494B
C09C6E52
C09D9487
C09EBBDE
C09FE448
C0A10DBB
C0A23829
C0A36387
C0A48FCB
C0A5BCE8
C0A6EAD5
C0A81986
C0A948F3
C0AA7911
C0ABA9D8
C0ACDB3E
C0AE0D3C
C0AF3FC9
C0B072DD
C0B1A671
C0B2DA7D
C0B40EFC
C0B543E6
C0B67936
C0B7AEE5
C0B8E4EE
C0BA1B4B
C0BB51F8
C0BC88EF
C0BDC02C
C0BEF7AB
C0C02F68
C0C1675E
C0C29F8A
C0C3D7E8
C0C51076
C0C64930
C0C78213
C0C8BB1C
C0C9F449
C0CB2D97
C0CC6704
C0CDA08D
C0CEDA31
C0D013EE
C0D14DC2
C0D287AB
C0D3C1A8
C0D4FBB6
C0D635D5
C0D77004
C0D8AA40
C0D9E48A
C0DB1EDF
C0DC593F
C0DD93A9
C0DECE1B
C0E00896
C0E14318
C0E27DA1
C0E3B830
C0E4F2C4
C0E62D5D
C0E767FA
C0E8A29B
C0E9DD3F
C0EB17E6
C0EC5290
C0ED8D3B
C0EEC7E8
C0F00297
C0F13D47
C0F277F7
C0F3B2A9
C0F4ED5B
C0F6280C
C0F762BE
C0F89D70
C0F9D822
C0FB12D3
C0FC4D84
C0FD8833
C0FEC2E3
C0FFFD91
C1009C1F
C1013975
C101D6CB
C1027420
C1031174
C103AEC8
C1044C1C
C104E96E
C10586C0
C1062411
C106C162
C1075EB2
C107FC01
C01EE3E4
C01F1938
C01F4FA8
C01F873A
C01FBFF4
C01FF9DD
C02034FC
C0207155
C020AEF2
C020EDD7
C0212E0C
C0216F98
C021B282
C021F6D1
C0223C8D
C02283BE
C022CC6B
C023169C
C023625A
C023AFAB
C023FE9A
C0244F2E
C024A170
C024F569
C0254B21
C025A2A3
C025FBF8
C0265728
C026B43F
C0271345
C0277445
C027D749
C0283C5D
C028A389
C0290CDA
C029785B
C029E617
C02A5619
C02AC86D
C02B3D1F
C02BB43B
C02C2DCE
C02CA9E4
C02D288B
C02DA9CE
C02E2DBC
C02EB462
C02F3DCE
C02FCA0D
C030592E
C030EB3F
C031804F
C032186D
C032B3A8
C033520F
C033F3B2
C03498A1
C03540EA
C035ECA0
C0369BD2
C0374E91
C03804ED
C038BEF8
C0397CC3
C03A3E5E
C03B03DD
C03BCD50
C03C9AC9
C03D6C5A
C03E4216
C03F1C0D
C03FFA53
C040DCFA
C041C415
C042AFB4
C0439FEB
C04494CC
C0458E69
C0468CD5
C0479021
C048985E
C049A5A0
C04AB7F6
C04BCF72
C04CEC25
C04E0E20
C04F3571
C050622A
C0519458
C052CC0A
C054094F
C0554C33
C05694C3
C057E30B
C0593715
C05A90ED
C05BF09A
C05D5626
C05EC197
C06032F3
C061AA40
C0632781
C064AAB9
C06633EA
C067C312
C0695832
C06AF346
C06C944B
C06E3B3A
C06FE80E
C0719ABE
C0735340
C0751189
C076D58C
C0789F3D
C07A6E8B
C07C4366
C07E1DBB
C07FFD78
C080F144
C081E66B
C082DE25
C083D867
C084D524
C085D44E
C086D5DA
C087D9B9
C088DFDE
C089E839
C08AF2BC
C08BFF59
C08D0E01
C08E1EA4
C08F3134
C09045A0
C0915BDA
C09273D3
C0938D7B
C094A8C3
C095C59D
C096E3F8
C09803C8
C09924FD
C09A4789
C09B6B5E
C09C906F
C09DB6AE
C09EDE0E
C0A00683
C0A12FFF
C0A25A77
C0A385E0
C0A4B22D
C0A5DF54
C0A70D4B
C0A83C06
C0A96B7D
C0AA9BA5
C0ABCC75
C0ACFDE5
C0AE2FEC
C0AF6282
C0B095A0
C0B1C93D
C0B2FD52
C0B431DA
C0B566CD
C0B69C25
C0B7D1DD
C0B907EE
C0BA3E53
C0BB7508
C0BCAC07
C0BDE34C
C0BF1AD2
C0C05296
C0C18A94
C0C2C2C7
C0C3FB2C
C0C533C1
C0C66C81
C0C7A56A
C0C8DE7A
C0CA17AD
C0CB5101
C0CC8A74
C0CDC403
C0CEFDAD
C0D0376F
C0D17148
C0D2AB36
C0D3E538
C0D51F4B
C0D6596F
C0D793A2
C0D8CDE3
C0DA0831
C0DB428B
C0DC7CEF
C0DDB75C
C0DEF1D3
C0E02C52
C0E166D8
C0E2A164
C0E3DBF6
C0E5168E
C0E6512A
C0E78BCA
C0E8C66E
C0EA0115
C0EB3BBF
C0EC766B
C0EDB11A
C0EEEBC9
C0F0267B
C0F1612D
C0F29BE0
C0F3D694
C0F51147
C0F64BFC
C0F786B0
C0F8C164
C0F9FC17
C0FB36CA
C0FC717C
C0FDAC2E
C0FEE6DF
C10010C7
C100AE1F
C1014B76
C101E8CC
C1028622
C1032377
C103C0CC
C1045E20
C104FB73
C10598C5
C1063617
C106D368
C10770B9
C1080E09
C01F4C53
C01F813B
C01FB73E
C01FEE64
C02026B3
C0206030
C0209AE2
C020D6CF
C02113FE
C0215277
C021923F
C021D35E
C02215DB
C02259BD
C0229F0C
C022E5D0
C0232E0F
C02377D3
C023C323
C0241008
C0245E89
C024AEB0
C0250084
C0255410
C025A95C
C0260071
C0265958
C026B41C
C02710C6
C0276F60
C027CFF4
C028328D
C0289734
C028FDF6
C02966DC
C029D1F2
C02A3F43
C02AAEDB
C02B20C5
C02B950E
C02C0BC1
C02C84EC
C02D009A
C02D7ED9
C02DFFB6
C02E833D
C02F097D
C02F9283
C0301E5E
C030AD1B
C0313EC9
C031D377
C0326B33
C033060D
C033A413
C0344557
C034E9E7
C03591D3
C0363D2C
C036EC02
C0379E65
C0385468
C0390E1A
C039CB8D
C03A8CD2
C03B51FB
C03C1B19
C03CE83F
C03DB97E
C03E8EE9
C03F6891
C0404689
C04128E3
C0420FB2
C042FB07
C043EAF5
C044DF8F
C045D8E7
C046D70E
C047DA17
C048E213
C049EF15
C04B012D
C04C186D
C04D34E5
C04E56A6
C04F7DC0
C050AA43
C051DC3D
C05313BD
C05450D1
C0559386
C056DBEA
C0582A06
C0597DE7
C05AD797
C05C371F
C05D9C86
C05F07D5
C0607911
C061F040
C0636D64
C064F081
C0667999
C06808AA
C0699DB4
C06B38B5
C06CD9A7
C06E8087
C0702D4C
C071DFEF
C0739866
C07556A5
C0771AA1
C078E44B
C07AB395
C07C886C
C07E62C0
C080213E
C08113C7
C08208EF
C08300AB
C083FAEF
C084F7AF
C085F6DD
C086F86D
C087FC51
C089027B
C08A0ADB
C08B1565
C08C2209
C08D30B8
C08E4162
C08F53F9
C090686E
C0917EB0
C09296B2
C093B063
C094CBB4
C095E897
C09706FC
C09826D6
C0994815
C09A6AAB
C09B8E8A
C09CB3A5
C09DD9EF
C09F0159
C0A029D8
C0A1535F
C0A27DE2
C0A3A955
C0A4D5AC
C0A602DE
C0A730DF
C0A85FA4
C0A98F25
C0AABF57
C0ABF032
C0AD21AC
C0AE53BD
C0AF865C
C0B0B983
C0B1ED2A
C0B32149
C0B455DA
C0B58AD6
C0B6C037
C0B7F5F7
C0B92C11
C0BA627F
C0BB993C
C0BCD043
C0BE0790
C0BF3F1E
C0C076EA
C0C1AEEF
C0C2E729
C0C41F96
C0C55832
C0C690F9
C0C7C9E9
C0C902FF
C0CA3C38
C0CB7593
C0CCAF0C
C0CDE8A1
C0CF2251
C0D05C19
C0D195F7
C0D2CFEB
C0D409F1
C0D5440A
C0D67E33
C0D7B86B
C0D8F2B0
C0DA2D03
C0DB6761
C0DCA1C9
C0DDDC3B
C0DF16B6
C0E05138
C0E18BC2
C0E2C652
C0E400E8
C0E53B83
C0E67622
C0E7B0C6
C0E8EB6D
C0EA2617
C0EB60C4
C0EC9B73
C0EDD624
C0EF10D7
C0F04B8B
C0F1863F
C0F2C0F5
C0F3FBAB
C0F53661
C0F67118
C0F7ABCE
C0F8E684
C0FA2139
C0FB5BEE
C0FC96A3
C0FDD156
C0FF0C09
C100235D
C100C0B6
C1015E0D
C101FB64
C10298BB
C1033611
C103D366
C10470BB
C1050E0F
C105AB62
C10648B4
C106E606
C1078357
C10820A7
C01FB73E
C01FEBB9
C0202151
C020580B
C0208FEC
C020C8FC
C0210341
C0213EC1
C0217B84
C021B98E
C021F8E9
C022399A
C0227BA9
C022BF1E
C02303FF
C0234A55
C0239226
C023DB7C
C024265E
C02472D4
C024C0E8
C02510A0
C0256207
C025B524
C0260A02
C02660A9
C026B923
C027137A
C0276FB6
C027CDE3
C0282E0A
C0289035
C028F470
C0295AC5
C029C33F
C02A2DE9
C02A9ACF
C02B09FB
C02B7B7B
C02BEF59
C02C65A3
C02CDE64
C02D59A9
C02DD77F
C02E57F3
C02EDB13
C02F60EC
C02FE98C
C0307501
C0310359
C03194A2
C03228EC
C032C045
C0335ABD
C033F862
C0349945
C0353D75
C035E502
C0368FFD
C0373E76
C037F07E
C038A625
C0395F7D
C03A1C97
C03ADD84
C03BA257
C03C6B20
C03D37F1
C03E08DD
C03EDDF6
C03FB74E
C04094F6
C0417702
C0425D84
C043488F
C0443833
C0452C85
C0462596
C0472378
C048263D
C0492DF7
C04A3AB8
C04B4C92
C04C6394
C04D7FD1
C04EA159
C04FC83B
C050F487
C052264C
C0535D9A
C0549A7D
C055DD03
C0572538
C058732A
C059C6E1
C05B2069
C05C7FCA
C05DE50E
C05F503A
C060C156
C0623866
C063B56E
C0653870
C066C16E
C0685069
C069E55E
C06B804B
C06D212B
C06EC7FB
C07074B2
C0722748
C073DFB4
C0759DEB
C07761DF
C0792B83
C07AFAC8
C07CCF9D
C07EA9EF
C08044D6
C0813760
C0822C89
C0832447
C0841E8E
C0851B51
C0861A84
C0871C19
C0882001
C0892631
C08A2E98
C08B3928
C08C45D3
C08D5489
C08E653B
C08F77DB
C0908C58
C091A2A3
C092BAAE
C093D468
C094EFC3
C0960CB0
C0972B20
C0984B03
C0996C4D
C09A8EED
C09BB2D7
C09CD7FD
C09DFE51
C09F25C7
C0A04E50
C0A177E2
C0A2A270
C0A3CDEE
C0A4FA50
C0A6278D
C0A75598
C0A88469
C0A9B3F4
C0AAE431
C0AC1516
C0AD469A
C0AE78B5
C0AFAB5F
C0B0DE90
C0B21241
C0B34669
C0B47B04
C0B5B009
C0B6E574
C0B81B3D
C0B95160
C0BA87D7
C0BBBE9C
C0BCF5AC
C0BE2D01
C0BF6498
C0C09C6C
C0C1D478
C0C30CBB
C0C4452F
C0C57DD2
C0C6B6A0
C0C7EF97
C0C928B4
C0CA61F4
C0CB9B55
C0CCD4D4
C0CE0E70
C0CF4825
C0D081F3
C0D1BBD8
C0D2F5D1
C0D42FDD
C0D569FB
C0D6A429
C0D7DE66
C0D918B0
C0DA5307
C0DB8D6A
C0DCC7D6
C0DE024D
C0DF3CCC
C0E07752
C0E1B1E0
C0E2EC74
C0E4270E
C0E561AC
C0E69C4F
C0E7D6F6
C0E911A1
C0EA4C4E
C0EB86FE
C0ECC1B0
C0EDFC64
C0EF371A
C0F071D0
C0F1AC88
C0F2E740
C0F421F8
C0F55CB1
C0F6976A
C0F7D222
C0F90CDA
C0FA4792
C0FB8249
C0FCBCFF
C0FDF7B5
C0FF3269
C100368E
C100D3E7
C1017140
C1020E98
C102ABEF
C1034946
C103E69C
C10483F1
C1052146
C105BE9A
C1065BED
C106F93F
C1079691
C10833E2
C02024B0
C02058BF
C0208DEA
C020C437
C020FBAC
C021344F
C0216E26
C021A939
C021E58D
C022232A
C0226216
C022A259
C022E3FA
C0232700
C0236B72
C023B159
C023F8BC
C02441A3
C0248C16
C024D81E
C02525C2
C025750B
C025C603
C02618B2
C0266D21
C026C359
C0271B65
C027754C
C027D11A
C0282ED9
C0288E92
C028F04F
C029541D
C029BA04
C02A2211
C02A8C4E
C02AF8C7
C02B6787
C02BD89B
C02C4C0E
C02CC1EC
C02D3A42
C02DB51D
C02E328A
C02EB295
C02F354C
C02FBABD
C03042F5
C030CE03
C0315BF5
C031ECD8
C03280BD
C03317B2
C033B1C6
C0344F09
C034EF8A
C0359359
C0363A86
C036E522
C037933D
C03844E7
C038FA33
C039B330
C03A6FF0
C03B3084
C03BF4FE
C03CBD71
C03D89ED
C03E5A85
C03F2F4B
C0400851
C040E5A9
C041C766
C042AD9B
C0439859
C04487B3
C0457BBC
C0467485
C0477221
C04874A2
C0497C19
C04A8899
C04B9A33
C04CB0F8
C04DCCF9
C04EEE46
C05014EF
C0514104
C0527295
C053A9AF
C054E660
C05628B7
C05770BF
C058BE84
C05A1211
C05B6B71
C05CCAAC
C05E2FCB
C05F9AD5
C0610BD0
C06282C2
C063FFAD
C0658294
C0670B7A
C0689A5D
C06A2F3D
C06BCA16
C06D6AE6
C06F11A5
C070BE4E
C07270D9
C074293A
C075E768
C077AB55
C07974F4
C07B4435
C07D1908
C07EF35A
C080698C
C0815C16
C0825142
C0834902
C084434D
C0854014
C0863F4B
C08740E4
C08844D3
C0894B08
C08A5375
C08B5E0D
C08C6ABF
C08D797D
C08E8A38
C08F9CE0
C090B166
C091C7BB
C092DFCF
C093F994
C09514F9
C09631F0
C097506A
C0987059
C09991AD
C09AB458
C09BD84E
C09CFD7F
C09E23DE
C09F4B5F
C0A073F4
C0A19D91
C0A2C82A
C0A3F3B4
C0A52022
C0A64D69
C0A77B80
C0A8AA5C
C0A9D9F2
C0AB0A3A
C0AC3B2A
C0AD6CB9
C0AE9EDF
C0AFD193
C0B104CF
C0B2388A
C0B36CBD
C0B4A161
C0B5D670
C0B70BE4
C0B841B7
C0B977E4
C0BAAE64
C0BBE532
C0BD1C4B
C0BE53A9
C0BF8B48
C0C0C324
C0C1FB39
C0C33383
C0C46BFF
C0C5A4AA
C0C6DD7F
C0C8167E
C0C94FA2
C0CA88E9
C0CBC251
C0CCFBD6
C0CE3578
C0CF6F34
C0D0A908
C0D1E2F3
C0D31CF2
C0D45703
C0D59127
C0D6CB5A
C0D8059C
C0D93FEC
C0DA7A48
C0DBB4AF
C0DCEF20
C0DE299B
C0DF641F
C0E09EA9
C0E1D93B
C0E313D3
C0E44E71
C0E58913
C0E6C3BA
C0E7FE64
C0E93912
C0EA73C3
C0EBAE76
C0ECE92C
C0EE23E2
C0EF5E9B
C0F09954
C0F1D40E
C0F30EC9
C0F44984
C0F58440
C0F6BEFB
C0F7F9B6
C0F93470
C0FA6F2A
C0FBA9E3
C0FCE49B
C0FE1F53
C0FF5A09
C1004A5F
C100E7B9
C1018513
C102226C
C102BFC4
C1035D1B
C103FA72
C10497C8
C105351D
C105D272
C1066FC5
C1070D18
C107AA6B
C10847BC
C02094B5
C020C858
C020FD16
C02132F5
C02169FC
C021A232
C021DB9B
C0221640
C0225226
C0228F54
C022CDD2
C0230DA6
C0234ED8
C023916F
C023D572
C0241AE9
C02461DD
C024AA54
C024F458
C0253FEF
C0258D24
C025DBFE
C0262C86
C0267EC5
C026D2C4
C027288D
C0278029
C027D9A1
C0283500
C028924F
C028F199
C02952E8
C029B647
C02A1BC0
C02A835E
C02AED2D
C02B5939
C02BC78C
C02C3832
C02CAB39
C02D20AB
C02D9895
C02E1305
C02E9006
C02F0FA7
C02F91F5
C03016FC
C0309ECC
C0312971
C031B6FC
C0324779
C032DAF8
C0337187
C0340B37
C034A816
C0354834
C035EBA1
C036926D
C0373CA9
C037EA64
C0389BB0
C039509E
C03A093F
C03AC5A4
C03B85DE
C03C4A00
C03D121B
C03DDE40
C03EAE83
C03F82F5
C0405BA9
C04138B0
C0421A1E
C0430004
C043EA75
C044D984
C045CD42
C046C5C3
C047C318
C048C554
C049CC88
C04AD8C6
C04BEA1F
C04D00A6
C04E1C6A
C04F3D7B
C05063EC
C0518FC9
C052C124
C053F80B
C055348A
C05676B1
C057BE8A
C0590C23
C05A5F86
C05BB8BE
C05D17D3
C05E7CCD
C05FE7B5
C061588F
C062CF62
C0644C30
C065CEFD
C06757CA
C068E696
C06A7B61
C06C1627
C06DB6E5
C06F5D96
C0710A31
C072BCB0
C0747507
C076332D
C077F714
C079C0AE
C07B8FEC
C07D64BD
C07F3F0E
C0808F67
C08181F3
C0827721
C0836EE4
C0846932
C08565FD
C0866539
C08766D8
C0886ACC
C0897108
C08A797D
C08B841C
C08C90D6
C08D9F9D
C08EB060
C08FC311
C090D7A1
C091EE00
C093061E
C0941FED
C0953B5D
C096585F
C09776E4
C09896DE
C099B83E
C09ADAF5
C09BFEF6
C09D2433
C09E4A9E
C09F722B
C0A09ACC
C0A1C475
C0A2EF1A
C0A41AAF
C0A54729
C0A6747D
C0A7A29F
C0A8D186
C0AA0129
C0AB317C
C0AC6277
C0AD9411
C0AEC643
C0AFF902
C0B12C48
C0B2600E
C0B3944B
C0B4C8FA
C0B5FE14
C0B73392
C0B8696F
C0B99FA5
C0BAD62F
C0BC0D07
C0BD4429
C0BE7B90
C0BFB338
C0C0EB1C
C0C2233A
C0C35B8C
C0C49410
C0C5CCC3
C0C705A0
C0C83EA6
C0C977D2
C0CAB120
C0CBEA8F
C0CD241B
C0CE5DC4
C0CF9787
C0D0D161
C0D20B52
C0D34557
C0D47F6E
C0D5B997
C0D6F3D0
C0D82E18
C0D9686D
C0DAA2CE
C0DBDD3A
C0DD17B0
C0DE5230
C0DF8CB8
C0E0C747
C0E201DD
C0E33C79
C0E4771B
C0E5B1C1
C0E6EC6C
C0E8271A
C0E961CB
C0EA9C7F
C0EBD736
C0ED11EF
C0EE4CA9
C0EF8764
C0F0C220
C0F1FCDE
C0F3379B
C0F47259
C0F5AD17
C0F6E7D4
C0F82292
C0F95D4E
C0FA980B
C0FBD2C6
C0FD0D81
C0FE483A
C0FF82F2
C1005ED5
C100FC30
C101998A
C10236E4
C102D43D
C1037195
C1040EED
C104AC43
C1054999
C105E6EF
C1068443
C1072197
C107BEEA
C1085C3C
C0210758
C0213A8D
C0216EDE
C021A450
C021DAEA
C02212B1
C0224BAC
C02285E2
C022C159
C022FE19
C0233C27
C0237B8C
C023BC4F
C023FE76
C0244209
C0248711
C024CD94
C025159C
C0255F2F
C025AA56
C025F71A
C0264584
C026959C
C026E76A
C0273AF9
C0279052
C027E77D
C0284085
C0289B74
C028F853
C029572D
C029B80C
C02A1AFB
C02A8005
C02AE734
C02B5094
C02BBC31
C02C2A16
C02C9A4F
C02D0CE7
C02D81EC
C02DF96A
C02E736D
C02EF003
C02F6F38
C02FF11B
C03075B8
C030FD1E
C031875A
C032147C
C032A491
C03337A9
C033CDD2
C034671C
C0350396
C035A350
C036465A
C036ECC4
C037969E
C03843FA
C038F4E7
C039A976
C03A61BA
C03B1DC2
C03BDDA2
C03CA16A
C03D692C
C03E34FA
C03F04E7
C03FD904
C040B164
C0418E19
C0426F36
C04354CD
C0443EF0
C0452DB3
C0462127
C047195E
C048166C
C0491862
C04A1F51
C04B2B4D
C04C3C65
C04D52AD
C04E6E33
C04F8F09
C050B540
C051E0E6
C053120A
C05448BD
C055850A
C056C700
C0580EAB
C0595C18
C05AAF51
C05C085F
C05D674E
C05ECC24
C06036E9
C061A7A3
C0631E57
C0649B08
C0661DBA
C067A66E
C0693524
C06AC9DA
C06C648D
C06E053A
C06FABDC
C071586A
C0730ADD
C074C32B
C0768149
C078452A
C07A0EC0
C07BDDFB
C07DB2CB
C07F8D1E
C080B670
C081A8FE
C0829E2E
C08395F5
C0849047
C0858D16
C0868C58
C0878DFC
C08891F7
C089983A
C08AA0B6
C08BAB5D
C08CB820
C08DC6F0
C08ED7BD
C08FEA78
C090FF11
C092157B
C0932DA4
C094477E
C09562F9
C0968006
C0979E97
C098BE9D
C099E008
C09B02CC
C09C26D9
C09D4C22
C09E729A
C09F9A33
C0A0C2E0
C0A1EC96
C0A31747
C0A442E9
C0A56F6F
C0A69CCF
C0A7CAFE
C0A8F9F2
C0AA29A0
C0AB59FF
C0AC8B06
C0ADBCAD
C0AEEEE9
C0B021B4
C0B15506
C0B288D7
C0B3BD1F
C0B4F1D9
C0B626FD
C0B75C86
C0B8926D
C0B9C8AD
C0BAFF41
C0BC3623
C0BD6D4E
C0BEA4BF
C0BFDC70
C0C1145E
C0C24C84
C0C384DF
C0C4BD6C
C0C5F627
C0C72F0C
C0C8681A
C0C9A14D
C0CADAA3
C0CC1419
C0CD4DAD
C0CE875D
C0CFC126
C0D0FB07
C0D234FE
C0D36F09
C0D4A927
C0D5E356
C0D71D95
C0D857E2
C0D9923C
C0DACCA2
C0DC0714
C0DD418F
C0DE7C14
C0DFB6A0
C0E0F134
C0E22BCF
C0E3666F
C0E4A115
C0E5DBBF
C0E7166E
C0E85120
C0E98BD5
C0EAC68D
C0EC0147
C0ED3C03
C0EE76C0
C0EFB17F
C0F0EC3E
C0F226FE
C0F361BF
C0F49C80
C0F5D740
C0F71200
C0F84CC0
C0F9877F
C0FAC23E
C0FBFCFC
C0FD37B8
C0FE7274
C0FFAD2F
C10073F4
C1011150
C101AEAB
C1024C06
C102E960
C10386B9
C1042411
C104C169
C1055EBF
C105FC15
C106996B
C10736BF
C107D412
C1087165
C0217CA3
C021AF6C
C021E34F
C0221854
C0224E7F
C02285D8
C022BE65
C022F82C
C0233334
C0236F84
C023AD23
C023EC18
C0242C6B
C0246E22
C024B145
C024F5DC
C0253BEF
C0258385
C025CCA8
C026175E
C02663B2
C026B1AA
C0270151
C02752AE
C027A5CC
C027FAB3
C028516D
C028AA05
C0290482
C02960F0
C029BF5A
C02A1FC8
C02A8247
C02AE6E0
C02B4DA0
C02BB690
C02C21BE
C02C8F33
C02CFEFD
C02D7127
C02DE5BE
C02E5CCD
C02ED663
C02F528C
C02FD155
C03052CC
C030D6FE
C0315DF9
C031E7CB
C0327483
C0330430
C03396DF
C0342CA1
C034C584
C0356198
C03600EE
C036A393
C037499A
C037F312
C038A00C
C0395098
C03A04C9
C03ABCAE
C03B785A
C03C37DD
C03CFB4A
C03DC2B3
C03E8E29
C03F5DBE
C0403186
C0410991
C041E5F4
C042C6BF
C043AC06
C04495DA
C0458450
C0467778
C0476F66
C0486C2B
C0496DDA
C04A7485
C04B803D
C04C9114
C04DA71C
C04EC264
C04FE2FF
C05108FB
C0523468
C0536557
C0549BD4
C055D7EF
C05719B4
C0586131
C059AE71
C05B017F
C05C5A65
C05DB92D
C05F1DDE
C0608880
C061F91A
C0636FAF
C064EC44
C0666EDC
C067F777
C0698616
C06B1AB8
C06CB559
C06E55F5
C06FFC88
C071A909
C0735B72
C07513B7
C076D1CE
C07895A9
C07A5F3B
C07C2E75
C07E0345
C07FDD98
C080DEAF
C081D13F
C082C672
C083BE3D
C084B893
C085B568
C086B4AF
C087B65A
C088BA5C
C089C0A6
C08AC92B
C08BD3DA
C08CE0A6
C08DEF7F
C08F0056
C090131B
C09127C0
C0923E34
C0935668
C094704E
C0958BD5
C096A8EE
C097C78B
C098E79D
C09A0916
C09B2BE6
C09C5000
C09D7556
C09E9BDA
C09FC380
C0A0EC3B
C0A215FE
C0A340BC
C0A46C6B
C0A598FE
C0A6C66B
C0A7F4A7
C0A923A7
C0AA5362
C0AB83CD
C0ACB4E1
C0ADE693
C0AF18DC
C0B04BB3
C0B17F11
C0B2B2ED
C0B3E741
C0B51C06
C0B65136
C0B786CA
C0B8BCBC
C0B9F306
C0BB29A4
C0BC6090
C0BD97C6
C0BECF40
C0C006FB
C0C13EF2
C0C27721
C0C3AF86
C0C4E81B
C0C620DE
C0C759CD
C0C892E3
C0C9CC1E
C0CB057B
C0CC3EF9
C0CD7894
C0CEB24B
C0CFEC1C
C0D12604
C0D26001
C0D39A13
C0D4D437
C0D60E6C
C0D748B1
C0D88304
C0D9BD64
C0DAF7D0
C0DC3247
C0DD6CC7
C0DEA751
C0DFE1E2
C0E11C7B
C0E2571A
C0E391BF
C0E4CC6A
C0E60718
C0E741CB
C0E87C81
C0E9B73A
C0EAF1F5
C0EC2CB3
C0ED6773
C0EEA233
C0EFDCF5
C0F117B8
C0F2527B
C0F38D3F
C0F4C802
C0F602C5
C0F73D88
C0F8784B
C0F9B30D
C0FAEDCE
C0FC288E
C0FD634D
C0FE9E0B
C0FFD8C7
C10089C1
C101271E
C101C47B
C10261D6
C102FF31
C1039C8B
C10439E4
C104D73D
C1057494
C10611EB
C106AF41
C1074C96
C107E9EA
C108873E
C021F4A3
C02226FE
C0225A74
C0228F0B
C022C4C8
C022FBB2
C02333D0
C0236D28
C023A7C1
C023E3A2
C02420D1
C0245F56
C0249F38
C024E07F
C0252331
C0256757
C025ACF9
C025F41E
C0263CCF
C0268714
C026D2F6
C027207D
C0276FB2
C027C09D
C0281349
C02867BF
C028BE07
C029162D
C0297039
C029CC35
C02A2A2D
C02A8A2A
C02AEC38
C02B5060
C02BB6AF
C02C1F2F
C02C89EB
C02CF6F1
C02D664B
C02DD805
C02E4C2D
C02EC2CE
C02F3BF6
C02FB7B1
C030360C
C030B716
C0313ADB
C031C16B
C0324AD2
C032D720
C0336662
C033F8A9
C0348E02
C035267E
C035C22B
C036611A
C037035B
C037A8FD
C0385212
C038FEA9
C039AED4
C03A62A4
C03B1A2A
C03BD578
C03C949F
C03D57B0
C03E1EBE
C03EE9DB
C03FB918
C0408C89
C0416440
C042404E
C04320C7
C04405BD
C044EF42
C045DD6A
C046D046
C047C7E9
C048C465
C049C5CD
C04ACC32
C04BD7A6
C04CE83C
C04DFE03
C04F190D
C050396B
C0515F2C
C0528A61
C053BB18
C054F161
C0562D49
C0576EDD
C058B62B
C05A033E
C05B5621
C05CAEDE
C05E0D7F
C05F720C
C060DC8C
C0624D04
C063C37B
C0653FF4
C066C271
C0684AF4
C069D97D
C06B6E0A
C06D0899
C06EA926
C0704FAA
C071FC20
C073AE7E
C07566BA
C07724CA
C078E8A1
C07AB230
C07C8169
C07E5639
C0801848
C081082C
C081FABF
C082EFF5
C083E7C4
C084E21F
C085DEFA
C086DE47
C087DFF9
C088E403
C089EA55
C08AF2E2
C08BFD9B
C08D0A70
C08E1953
C08F2A35
C0903D05
C09151B5
C0926834
C0938075
C0949A66
C095B5FA
C096D320
C097F1CA
C09911E9
C09A336F
C09B564C
C09C7A73
C09D9FD7
C09EC669
C09FEE1D
C0A116E5
C0A240B5
C0A36B81
C0A4973D
C0A5C3DE
C0A6F159
C0A81FA2
C0A94EAF
C0AA7E77
C0ABAEF0
C0ACE011
C0AE11D0
C0AF4425
C0B07709
C0B1AA73
C0B2DE5B
C0B412BB
C0B5478C
C0B67CC7
C0B7B266
C0B8E864
C0BA1EB9
C0BB5562
C0BC8C59
C0BDC399
C0BEFB1D
C0C032E2
C0C16AE3
C0C2A31C
C0C3DB8A
C0C51428
C0C64CF4
C0C785EB
C0C8BF0A
C0C9F84D
C0CB31B3
C0CC6B39
C0CDA4DC
C0CEDE9A
C0D01872
C0D15261
C0D28C66
C0D3C67E
C0D500A9
C0D63AE5
C0D77530
C0D8AF89
C0D9E9EF
C0DB2460
C0DC5EDD
C0DD9963
C0DED3F2
C0E00E88
C0E14926
C0E283CA
C0E3BE74
C0E4F922
C0E633D5
C0E76E8C
C0E8A947
C0E9E404
C0EB1EC3
C0EC5985
C0ED9448
C0EECF0C
C0F009D1
C0F14497
C0F27F5E
C0F3BA24
C0F4F4EB
C0F62FB1
C0F76A77
C0F8A53C
C0F9E001
C0FB1AC4
C0FC5587
C0FD9048
C0FECB08
C10002E4
C100A042
C1013DA0
C101DAFE
C102785A
C10315B6
C103B311
C104506B
C104EDC4
C1058B1D
C1062874
C106C5CB
C1076321
C1080076
C1089DCA
C0226F63
C022A151
C022D459
C0230881
C0233DD0
C023744C
C023ABFB
C023E4E4
C0241F0D
C0245A7E
C024973D
C024D552
C02514C3
C0255599
C02597DA
C025DB8F
C02620BF
C0266773
C026AFB2
C026F985
C02744F5
C0279209
C027E0CC
C0283145
C028837F
C028D782
C0292D58
C029850B
C029DEA4
C02A3A2F
C02A97B4
C02AF73F
C02B58DB
C02BBC91
C02C226E
C02C8A7D
C02CF4C8
C02D615D
C02DD046
C02E4190
C02EB548
C02F2B7A
C02FA432
C0301F7E
C0309D6B
C0311E07
C031A160
C0322782
C032B07D
C0333C60
C033CB37
C0345D14
C034F204
C0358A17
C036255C
C036C3E4
C03765BF
C0380AFC
C038B3AC
C0395FE0
C03A0FA9
C03AC318
C03B7A3E
C03C352D
C03CF3F5
C03DB6AA
C03E7D5D
C03F481F
C0401704
C040EA1E
C041C17E
C0429D38
C0437D5D
C0446202
C0454B37
C0463910
C0472B9F
C04822F7
C0491F29
C04A2049
C04B2668
C04C3198
C04D41EB
C04E5771
C04F723C
C050925D
C051B7E3
C052E2DF
C054135F
C0554973
C0568527
C057C68B
C0590DA9
C05A5A8F
C05BAD47
C05D05DC
C05E6456
C05FC8BE
C061331B
C062A373
C06419CC
C0659629
C067188C
C068A0F7
C06A2F6A
C06BC3E3
C06D5E60
C06EFEDD
C070A554
C07251BD
C0740412
C075BC46
C0777A51
C0793E23
C07B07B1
C07CD6E8
C07EABBA
C080430A
C08132F0
C0822586
C0831AC1
C0841295
C0850CF5
C08609D6
C087092A
C0880AE3
C0890EF5
C08A1550
C08B1DE6
C08C28A8
C08D3588
C08E4476
C08F5562
C090683E
C0917CFA
C0929385
C093ABD2
C094C5D1
C095E171
C096FEA5
C0981D5C
C0993D89
C09A5F1C
C09B8208
C09CA63D
C09DCBAF
C09EF24F
C0A01A11
C0A142E8
C0A26CC6
C0A397A0
C0A4C36B
C0A5F01A
C0A71DA2
C0A84BF9
C0A97B14
C0AAAAEA
C0ABDB71
C0AD0C9F
C0AE3E6B
C0AF70CE
C0B0A3BE
C0B1D735
C0B30B2A
C0B43F97
C0B57474
C0B6A9BB
C0B7DF66
C0B9156F
C0BA4BD0
C0BB8284
C0BCB986
C0BDF0D1
C0BF2860
C0C0602F
C0C1983A
C0C2D07D
C0C408F5
C0C5419D
C0C67A72
C0C7B373
C0C8EC9A
C0CA25E6
C0CB5F54
C0CC98E2
C0CDD28D
C0CF0C54
C0D04633
C0D1802A
C0D2BA36
C0D3F455
C0D52E87
C0D668C9
C0D7A31B
C0D8DD7A
C0DA17E6
C0DB525E
C0DC8CE0
C0DDC76C
C0DF0200
C0E03C9C
C0E1773F
C0E2B1E8
C0E3EC96
C0E5274A
C0E66202
C0E79CBD
C0E8D77B
C0EA123D
C0EB4D00
C0EC87C6
C0EDC28C
C0EEFD55
C0F0381D
C0F172E7
C0F2ADB1
C0F3E87B
C0F52344
C0F65E0D
C0F798D6
C0F8D39E
C0FA0E66
C0FB492C
C0FC83F1
C0FDBEB5
C0FEF978
C1001A1C
C100B77C
C10154DB
C101F23A
C1028F97
C1032CF4
C103CA50
C10467AB
C1050505
C105A25E
C1063FB7
C106DD0E
C1077A65
C10817BA
C108B50F
C022ECEE
C0231E6F
C0235109
C02384C4
C023B9A4
C023EFB1
C02426F1
C0245F6B
C0249924
C024D425
C0251074
C0254E18
C0258D18
C025CD7D
C0260F4C
C0265290
C026974E
C026DD90
C027255D
C0276EBD
C027B9BA
C028065C
C02854AC
C028A4B2
C028F679
C0294A09
C0299F6C
C029F6AC
C02A4FD3
C02AAAEA
C02B07FD
C02B6715
C02BC83E
C02C2B82
C02C90EC
C02CF889
C02D6262
C02DCE85
C02E3CFD
C02EADD6
C02F211D
C02F96DE
C0300F26
C0308A03
C0310781
C03187AE
C0320A98
C032904D
C03318DC
C033A451
C03432BD
C034C42F
C03558B4
C035F05E
C0368B3B
C037295B
C037CACE
C0386FA5
C03917F1
C039C3C1
C03A7326
C03B2633
C03BDCF8
C03C9787
C03D55F1
C03E1848
C03EDE9E
C03FA906
C0407791
C0414A52
C042215C
C042FCC0
C043DC92
C044C0E4
C045A9C8
C0469752
C0478994
C048809F
C0497C88
C04A7D5F
C04B8337
C04C8E22
C04D9E32
C04EB377
C04FCE03
C050EDE6
C0521331
C0533DF3
C0546E3C
C055A41A
C056DF9B
C05820CD
C05967BD
C05AB475
C05C0702
C05D5F6E
C05EBDC1
C0602205
C0618C3F
C062FC78
C06472B2
C065EEF3
C067713C
C068F98F
C06A87ED
C06C1C53
C06DB6BE
C06F572C
C070FD95
C072A9F4
C0745C3F
C076146D
C077D272
C0799641
C07B5FCD
C07D2F05
C07F03D9
C0806F1B
C0815F05
C082519E
C08346DD
C0843EB6
C085391D
C0863604
C087355F
C0883721
C0893B3B
C08A419F
C08B4A3F
C08C550C
C08D61F7
C08E70F0
C08F81E8
C09094D0
C091A998
C092C031
C093D88B
C094F296
C0960E45
C0972B86
C0984A4C
C0996A87
C09A8C29
C09BAF23
C09CD367
C09DF8E7
C09F1F97
C0A04767
C0A1704D
C0A29A3A
C0A3C523
C0A4F0FC
C0A61DBA
C0A74B51
C0A879B6
C0A9A8E0
C0AAD8C4
C0AC0959
C0AD3A95
C0AE6C70
C0AF9EE0
C0B0D1DE
C0B20562
C0B33965
C0B46DDE
C0B5A2C8
C0B6D81C
C0B80DD4
C0B943E9
C0BA7A56
C0BBB115
C0BCE823
C0BE1F79
C0BF5713
C0C08EED
C0C1C703
C0C2FF50
C0C437D2
C0C57084
C0C6A963
C0C7E26D
C0C91B9D
C0CA54F2
C0CB8E69
C0CCC800
C0CE01B4
C0CF3B82
C0D07569
C0D1AF68
C0D2E97B
C0D423A2
C0D55DDB
C0D69824
C0D7D27C
C0D90CE2
C0DA4755
C0DB81D3
C0DCBC5B
C0DDF6ED
C0DF3187
C0E06C28
C0E1A6D0
C0E2E17F
C0E41C32
C0E556EB
C0E691A7
C0E7CC67
C0E9072A
C0EA41F0
C0EB7CB7
C0ECB781
C0EDF24C
C0EF2D18
C0F067E4
C0F1A2B1
C0F2DD7E
C0F4184C
C0F55319
C0F68DE5
C0F7C8B1
C0F9037C
C0FA3E46
C0FB790F
C0FCB3D7
C0FDEE9D
C0FF2963
C1003213
C100CF74
C1016CD4
C1020A34
C102A793
C10344F0
C103E24D
C1047FA9
C1051D04
C105BA5E
C10657B8
C106F510
C1079267
C1082FBE
C108CD13
C0236D50
C0239E64
C023D091
C02403DD
C0243850
C0246DEE
C024A4BF
C024DCC9
C0251612
C02550A3
C0258C81
C025C9B4
C0260844
C0264837
C0268995
C026CC66
C02710B2
C0275682
C0279DDC
C027E6CA
C0283154
C0287D83
C028CB5F
C0291AF2
C0296C46
C029BF62
C02A1452
C02A6B1E
C02AC3D1
C02B1E75
C02B7B14
C02BD9B9
C02C3A6E
C02C9D3F
C02D0237
C02D6960
C02DD2C7
C02E3E77
C02EAC7D
C02F1CE4
C02F8FBA
C030050A
C0307CE1
C030F74D
C031745B
C031F419
C0327694
C032FBDB
C03383FB
C0340F04
C0349D03
C0352E09
C035C223
C0365962
C036F3D6
C037918D
C0383299
C038D709
C0397EEE
C03A2A59
C03AD95B
C03B8C04
C03C4267
C03CFC95
C03DBAA0
C03E7C99
C03F4292
C0400C9E
C040DACF
C041AD37
C04283E9
C0435EF7
C0443E74
C0452273
C0460B06
C046F840
C047EA33
C048E0F2
C049DC90
C04ADD1E
C04BE2AF
C04CED55
C04DFD21
C04F1224
C0502C70
C0514C16
C0527125
C0539BAD
C054CBBE
C0560167
C0573CB4
C0587DB5
C059C475
C05B1101
C05C6363
C05DBBA5
C05F19D2
C0607DF1
C061E809
C0635821
C064CE3E
C0664A63
C067CC93
C06954CF
C06AE317
C06C776A
C06E11C5
C06FB224
C0715881
C07304D5
C074B718
C0766F3F
C0782D40
C079F10D
C07BBA98
C07D89D1
C07F5EA8
C0809C85
C0818C72
C0827F10
C0837454
C0846C33
C08566A0
C086638E
C08762F1
C08864BC
C08968DF
C08A6F4D
C08B77F8
C08C82CF
C08D8FC5
C08E9ECA
C08FAFCF
C090C2C3
C091D799
C092EE3F
C09406A7
C09520C1
C0963C7E
C09759CE
C09878A2
C09998EC
C09ABA9D
C09BDDA7
C09D01FA
C09E278A
C09F4E49
C0A07629
C0A19F1E
C0A2C91B
C0A3F414
C0A51FFC
C0A64CC9
C0A77A6F
C0A8A8E4
C0A9D81D
C0AB0810
C0AC38B4
C0AD69FE
C0AE9BE7
C0AFCE66
C0B10172
C0B23504
C0B36915
C0B49D9C
C0B5D293
C0B707F4
C0B83DB8
C0B973DA
C0BAAA54
C0BBE120
C0BD1839
C0BE4F9B
C0BF8741
C0C0BF26
C0C1F746
C0C32F9F
C0C4682B
C0C5A0E7
C0C6D9D1
C0C812E4
C0C94C1E
C0CA857D
C0CBBEFD
C0CCF89C
C0CE3259
C0CF6C30
C0D0A61F
C0D1E026
C0D31A41
C0D45470
C0D58EB0
C0D6C900
C0D80360
C0D93DCD
C0DA7846
C0DBB2CA
C0DCED59
C0DE27F0
C0DF6290
C0E09D37
C0E1D7E5
C0E31299
C0E44D52
C0E5880F
C0E6C2D1
C0E7FD95
C0E9385D
C0EA7327
C0EBADF3
C0ECE8C1
C0EE2390
C0EF5E60
C0F09930
C0F1D401
C0F30ED2
C0F449A3
C0F58473
C0F6BF43
C0F7FA12
C0F934E0
C0FA6FAD
C0FBAA79
C0FCE544
C0FE200D
C0FF5AD5
C1004ACD
C100E830
C1018591
C10222F2
C102C051
C1035DB0
C103FB0E
C104986B
C10535C7
C105D322
C106707C
C1070DD6
C107AB2E
C1084885
C108E5DC
C023F095
C024213C
C02452FC
C02485DB
C024B9DF
C024EF0E
C0252570
C0255D0A
C02595E4
C025D004
C0260B72
C0264834
C0268652
C026C5D4
C02706C0
C0274920
C0278CF9
C027D256
C028193D
C02861B8
C028ABCF
C028F78A
C02944F3
C0299413
C029E4F2
C02A379B
C02A8C16
C02AE26E
C02B3AAD
C02B94DD
C02BF108
C02C4F39
C02CAF7A
C02D11D8
C02D765B
C02DDD11
C02E4605
C02EB142
C02F1ED5
C02F8ECA
C030012D
C030760B
C030ED71
C031676C
C031E409
C0326357
C032E562
C0336A3A
C033F1EB
C0347C86
C0350A18
C0359AB1
C0362E5F
C036C533
C0375F3C
C037FC8A
C0389D2D
C0394135
C039E8B3
C03A93B8
C03B4255
C03BF49B
C03CAA9C
C03D6468
C03E2213
C03EE3AC
C03FA948
C04072F7
C04140CD
C04212DC
C042E935
C043C3ED
C044A315
C04586C0
C0466F00
C0475BEA
C0484D8E
C0494400
C04A3F53
C04B3F97
C04C44E1
C04D4F40
C04E5EC8
C04F738A
C0508D96
C051ACFD
C052D1D0
C053FC1F
C0552BF8
C056616A
C0579C84
C058DD53
C05A23E4
C05B7042
C05CC279
C05E1A93
C05F7899
C060DC94
C062468A
C063B683
C0652C82
C066A88B
C0682AA2
C069B2C7
C06B40FB
C06CD53C
C06E6F86
C0700FD7
C071B628
C0736272
C07514AD
C076CCCF
C0788ACC
C07A4E97
C07C1823
C07DE75F
C07FBC3A
C080CB51
C081BB42
C082ADE4
C083A32E
C0849B13
C0859587
C086927D
C08791E9
C08893BD
C08997EA
C08A9E63
C08BA718
C08CB1FB
C08DBEFD
C08ECE0F
C08FDF21
C090F223
C0920706
C0931DBB
C0943631
C095505A
C0966C26
C0978985
C098A869
C099C8C3
C09AEA84
C09C0D9D
C09D3201
C09E57A1
C09F7E70
C0A0A661
C0A1CF66
C0A2F973
C0A4247C
C0A55074
C0A67D52
C0A7AB08
C0A8D98C
C0AA08D5
C0AB38D8
C0AC698B
C0AD9AE5
C0AECCDD
C0AFFF6B
C0B13286
C0B26626
C0B39A45
C0B4CEDA
C0B603DF
C0B7394E
C0B86F1F
C0B9A54E
C0BADBD5
C0BC12AE
C0BD49D3
C0BE8141
C0BFB8F3
C0C0F0E4
C0C22910
C0C36174
C0C49A0B
C0C5D2D2
C0C70BC6
C0C844E3
C0C97E28
C0CAB790
C0CBF11A
C0CD2AC3
C0CE6488
C0CF9E68
C0D0D860
C0D2126F
C0D34C92
C0D486C9
C0D5C111
C0D6FB69
C0D835CF
C0D97043
C0DAAAC3
C0DBE54F
C0DD1FE4
C0DE5A82
C0DF9528
C0E0CFD5
C0E20A89
C0E34542
C0E48000
C0E5BAC3
C0E6F58A
C0E83053
C0E96B20
C0EAA5EF
C0EBE0BF
C0ED1B92
C0EE5665
C0EF9139
C0F0CC0D
C0F206E2
C0F341B7
C0F47C8B
C0F5B75F
C0F6F232
C0F82D04
C0F967D6
C0FAA2A6
C0FBDD75
C0FD1842
C0FE530E
C0FF8DD9
C1006451
C10101B4
C1019F17
C1023C79
C102D9DA
C103773A
C1041499
C104B1F7
C1054F54
C105ECB0
C1068A0B
C1072765
C107C4BE
C1086216
C108FF6D
C02476CA
C024A704
C024D857
C0250AC8
C0253E5E
C025731F
C025A911
C025E03C
C02618A6
C0265256
C0268D53
C026C9A5
C0270752
C0274661
C02786DC
C027C8C9
C0280C30
C028511A
C028978E
C028DF95
C0292938
C0297480
C029C175
C02A1020
C02A608C
C02AB2C0
C02B06C7
C02B5CAB
C02BB475
C02C0E30
C02C69E7
C02CC7A3
C02D2770
C02D8959
C02DED69
C02E53AB
C02EBC2A
C02F26F4
C02F9413
C0300395
C0307585
C030E9F0
C03160E4
C031DA6D
C0325699
C032D576
C0335711
C033DB78
C03462BB
C034ECE6
C0357A0A
C0360A36
C0369D78
C03733E0
C037CD7D
C0386A61
C0390A9A
C039AE3A
C03A5551
C03AFFEF
C03BAE27
C03C6008
C03D15A5
C03DCF0F
C03E8C59
C03F4D93
C04012D0
C040DC22
C041A99C
C0427B50
C0435151
C0442BB1
C0450A83
C045EDD9
C046D5C8
C047C260
C048B3B5
C049A9DA
C04AA4E0
C04BA4DB
C04CA9DC
C04DB3F5
C04EC339
C04FD7B8
C050F184
C05210AD
C0533544
C0545F58
C0558EF9
C056C435
C057FF1C
C0593FB9
C05A861A
C05BD24C
C05D2458
C05E7C49
C05FDA29
C0613DFF
C062A7D4
C06417AD
C0658D8E
C067097D
C0688B7B
C06A138A
C06BA1AA
C06D35D8
C06ED014
C0707057
C072169D
C073C2DE
C0757512
C0772D2F
C078EB29
C07AAEF4
C07C7881
C07E47C0
C0800E50
C080FB88
C081EB7D
C082DE25
C083D374
C084CB60
C085C5DC
C086C2DB
C087C250
C088C42D
C089C865
C08ACEE9
C08BD7AA
C08CE29A
C08DEFA9
C08EFEC8
C0900FE7
C09122F8
C09237EA
C0934EAD
C0946733
C095816C
C0969D47
C097BAB7
C098D9AB
C099FA16
C09B1BE7
C09C3F11
C09D6386
C09E8937
C09FB017
C0A0D818
C0A2012E
C0A32B4C
C0A45666
C0A58270
C0A6AF5E
C0A7DD24
C0A90BBA
C0AA3B13
C0AB6B26
C0AC9BE9
C0ADCD53
C0AEFF5B
C0B031F8
C0B16522
C0B298D2
C0B3CCFF
C0B501A3
C0B636B7
C0B76C34
C0B8A213
C0B9D850
C0BB0EE4
C0BC45CA
C0BD7CFD
C0BEB478
C0BFEC36
C0C12433
C0C25C6B
C0C394DA
C0C4CD7D
C0C6064F
C0C73F4E
C0C87876
C0C9B1C5
C0CAEB37
C0CC24CB
C0CD5E7D
C0CE984C
C0CFD235
C0D10C36
C0D2464E
C0D3807A
C0D4BAB9
C0D5F509
C0D72F69
C0D869D7
C0D9A452
C0DADEDA
C0DC196C
C0DD5407
C0DE8EAC
C0DFC958
C0E1040C
C0E23EC6
C0E37985
C0E4B449
C0E5EF11
C0E729DD
C0E864AC
C0E99F7E
C0EADA51
C0EC1527
C0ED4FFE
C0EE8AD5
C0EFC5AE
C0F10086
C0F23B5F
C0F37638
C0F4B110
C0F5EBE7
C0F726BE
C0F86194
C0F99C68
C0FAD73C
C0FC120E
C0FD4CDE
C0FE87AD
C0FFC27B
C1007EA3
C1011C08
C101B96C
C10256CF
C102F431
C1039192
C1042EF2
C104CC51
C10569AF
C106070C
C106A468
C10741C3
C107DF1D
C1087C76
C10919CE
C024FFFA
C0252FC8
C02560AD
C02592B1
C025C5D9
C025FA2C
C0262FB0
C026666B
C0269E66
C026D7A5
C0271232
C0274E12
C0278B4E
C027C9EC
C02809F4
C0284B6F
C0288E63
C028D2DA
C02918DB
C029606F
C029A99E
C029F472
C02A40F3
C02A8F2A
C02ADF20
C02B30E0
C02B8472
C02BD9E1
C02C3137
C02C8A7D
C02CE5BF
C02D4306
C02DA25E
C02E03D2
C02E676D
C02ECD3A
C02F3546
C02F9F9B
C0300C46
C0307B54
C030ECD1
C03160C9
C031D74A
C0325060
C032CC1A
C0334A85
C033CBAF
C0344FA6
C034D679
C0356035
C035ECEA
C0367CA7
C0370F7C
C037A577
C0383EA9
C038DB21
C0397AF1
C03A1E27
C03AC4D5
C03B6F0D
C03C1CDE
C03CCE5A
C03D8393
C03E3C9B
C03EF982
C03FBA5C
C0407F3A
C041482E
C042154C
C042E6A5
C043BC4C
C0449654
C04574D0
C04657D1
C0473F6C
C0482BB3
C0491CB8
C04A128F
C04B0D49
C04C0CF9
C04D11B2
C04E1B85
C04F2A84
C0503EC0
C051584B
C0527736
C0539B90
C054C56A
C055F4D3
C05729DA
C058648C
C059A4F8
C05AEB2A
C05C372E
C05D8910
C05EE0D8
C0603E92
C061A245
C0630BF8
C0647BB1
C065F176
C0676D4B
C068EF31
C06A772A
C06C0536
C06D9953
C06F337F
C070D3B6
C07279F2
C074262B
C075D859
C0779072
C0794E6A
C07B1235
C07CDBC5
C07EAB08
C0803FF7
C0812D33
C0821D2D
C0830FDB
C0840531
C084FD25
C085F7A9
C086F4B1
C087F430
C088F618
C089FA5B
C08B00EB
C08C09B9
C08D14B5
C08E21D2
C08F30FF
C090422D
C091554D
C0926A4E
C0938121
C09499B7
C095B400
C096CFEC
C097ED6D
C0990C73
C09A2CEE
C09B4ED1
C09C720D
C09D9693
C09EBC56
C09FE347
C0A10B5A
C0A23482
C0A35EB2
C0A489DD
C0A5B5F9
C0A6E2F8
C0A810D0
C0A93F77
C0AA6EE1
C0AB9F05
C0ACCFD8
C0AE0153
C0AF336B
C0B06619
C0B19953
C0B2CD13
C0B4014F
C0B53603
C0B66B25
C0B7A0B1
C0B8D69F
C0BA0CEA
C0BB438C
C0BC7A80
C0BDB1C0
C0BEE948
C0C02114
C0C1591E
C0C29162
C0C3C9DD
C0C5028C
C0C63B6A
C0C77474
C0C8ADA7
C0C9E701
C0CB207E
C0CC5A1C
C0CD93D8
C0CECDB1
C0D007A4
C0D141AE
C0D27BCF
C0D3B603
C0D4F04B
C0D62AA3
C0D7650B
C0D89F81
C0D9DA04
C0DB1493
C0DC4F2D
C0DD89CF
C0DEC47B
C0DFFF2E
C0E139E8
C0E274A8
C0E3AF6D
C0E4EA37
C0E62505
C0E75FD7
C0E89AAB
C0E9D582
C0EB105B
C0EC4B35
C0ED8611
C0EEC0ED
C0EFFBCA
C0F136A7
C0F27184
C0F3AC60
C0F4E73C
C0F62218
C0F75CF2
C0F897CC
C0F9D2A4
C0FB0D7A
C0FC4850
C0FD8323
C0FEBDF5
C0FFF8C6
C10099CA
C1013730
C101D495
C10271FA
C1030F5D
C103ACBF
C1044A21
C104E781
C10584E0
C106223E
C106BF9B
C1075CF7
C107FA52
C10897AC
C1093505
C0258C32
C025BB94
C025EC0D
C0261DA3
C026505E
C0268442
C026B957
C026EFA4
C027272F
C0275FFF
C0279A1B
C027D58A
C0281254
C0285081
C0289017
C028D11F
C02913A1
C02957A5
C0299D32
C029E453
C02A2D0E
C02A776D
C02AC37A
C02B113C
C02B60BE
C02BB209
C02C0526
C02C5A20
C02CB100
C02D09D1
C02D649E
C02DC170
C02E2053
C02E8151
C02EE477
C02F49CF
C02FB166
C0301B46
C030877D
C030F616
C031671F
C031DAA3
C03250B1
C032C955
C033449C
C033C295
C034434D
C034C6D3
C0354D34
C035D681
C03662C7
C036F215
C037847B
C0381A09
C038B2CF
C0394EDB
C039EE40
C03A910C
C03B3752
C03BE121
C03C8E8B
C03D3FA2
C03DF476
C03EAD1A
C03F699F
C0402A18
C040EE96
C041B72C
C04283ED
C04354EA
C0442A38
C04503E7
C045E20C
C046C4B8
C047ABFF
C04897F4
C04988A9
C04A7E31
C04B789F
C04C7805
C04D7C74
C04E8600
C04F94BA
C050A8B4
C051C1FE
C052E0AA
C05404C8
C0552E67
C0565D98
C0579269
C058CCE7
C05A0D22
C05B5325
C05C9EFC
C05DF0B3
C05F4853
C060A5E7
C0620976
C0637308
C064E2A3
C066584C
C067D406
C06955D5
C06ADDB9
C06C6BB2
C06DFFBF
C06F99DD
C0713A08
C072E039
C0748C6B
C0763E94
C077F6AA
C079B4A2
C07B786E
C07D4201
C07F114A
C080731C
C081605C
C082505C
C0834310
C084386E
C085306A
C0862AF7
C0872809
C0882793
C0892986
C08A2DD5
C08B3472
C08C3D4D
C08D4857
C08E5582
C08F64BE
C09075FC
C091892B
C0929E3D
C093B521
C094CDC8
C095E822
C0970420
C09821B2
C09940C9
C09A6157
C09B834C
C09CA69A
C09DCB33
C09EF108
C0A0180C
C0A14032
C0A2696C
C0A393AE
C0A4BEEC
C0A5EB1A
C0A7182B
C0A84616
C0A974CE
C0AAA44A
C0ABD480
C0AD0565
C0AE36F1
C0AF691A
C0B09BD9
C0B1CF24
C0B302F3
C0B43741
C0B56C04
C0B6A136
C0B7D6D1
C0B90CCF
C0BA4329
C0BB79D9
C0BCB0DB
C0BDE82A
C0BF1FC0
C0C05798
C0C18FAF
C0C2C801
C0C40089
C0C53943
C0C6722E
C0C7AB44
C0C8E482
C0CA1DE7
C0CB576F
C0CC9118
C0CDCADF
C0CF04C2
C0D03EBE
C0D178D3
C0D2B2FD
C0D3ED3B
C0D5278B
C0D661EC
C0D79C5C
C0D8D6DB
C0DA1166
C0DB4BFC
C0DC869D
C0DDC148
C0DEFBFA
C0E036B4
C0E17175
C0E2AC3B
C0E3E707
C0E521D7
C0E65CAB
C0E79782
C0E8D25C
C0EA0D39
C0EB4817
C0EC82F6
C0EDBDD7
C0EEF8B8
C0F03399
C0F16E7B
C0F2A95C
C0F3E43D
C0F51F1D
C0F659FC
C0F794DB
C0F8CFB8
C0FA0A94
C0FB456E
C0FC8046
C0FDBB1D
C0FEF5F2
C1001863
C100B5CB
C1015333
C101F09A
C1028DFF
C1032B64
C103C8C8
C104662A
C105038B
C105A0EC
C1063E4B
C106DBA9
C1077906
C1081662
C108B3BD
C1095117
C0261B7F
C0264A75
C0267A82
C026ABAB
C026DDF8
C027116F
C0274616
C0277BF3
C027B30F
C027EB6F
C028251B
C0286019
C0289C72
C028DA2D
C0291952
C02959E7
C0299BF6
C029DF87
C02A24A1
C02A6B4E
C02AB395
C02AFD81
C02B4919
C02B9666
C02BE573
C02C3649
C02C88F1
C02CDD75
C02D33E0
C02D8C3C
C02DE692
C02E42EF
C02EA15C
C02F01E5
C02F6495
C02FC978
C0303099
C0309A05
C03105C6
C03173EB
C031E47F
C032578F
C032CD29
C0334559
C033C02D
C0343DB4
C034BDF9
C035410D
C035C6FE
C0364FDA
C036DBAF
C0376A8E
C037FC86
C03891A6
C03929FE
C039C59F
C03A6498
C03B06FA
C03BACD6
C03C563D
C03D0340
C03DB3F0
C03E685F
C03F209E
C03FDCC1
C0409CD8
C04160F6
C042292D
C042F590
C043C632
C0449B24
C045747B
C0465248
C047349F
C0481B92
C0490734
C049F799
C04AECD2
C04BE6F3
C04CE60D
C04DEA34
C04EF379
C05001EE
C05115A5
C0522EAE
C0534D1B
C05470FC
C0559A61
C056C95A
C057FDF4
C059383F
C05A7848
C05BBE1C
C05D09C7
C05E5B53
C05FB2CC
C061103B
C06273A7
C063DD18
C0654C95
C066C222
C0683DC2
C069BF7A
C06B4749
C06CD530
C06E692E
C070033E
C071A35E
C0734987
C074F5B3
C076A7D8
C0785FEC
C07A1DE4
C07BE1B3
C07DAB4A
C07F7A9A
C080A7C8
C081950E
C0828514
C08377CF
C0846D36
C085653A
C0865FD1
C0875CEE
C0885C83
C0895E82
C08A62DE
C08B6988
C08C7271
C08D7D8B
C08E8AC5
C08F9A11
C090AB5E
C091BE9E
C092D3C1
C093EAB6
C095036F
C0961DDB
C09739EB
C0985790
C09976BA
C09A975B
C09BB963
C09CDCC4
C09E0170
C09F2759
C0A04E70
C0A176AA
C0A29FF7
C0A3CA4D
C0A4F59E
C0A621DE
C0A74F03
C0A87D00
C0A9ABCC
C0AADB5A
C0AC0BA2
C0AD3C9A
C0AE6E38
C0AFA073
C0B0D343
C0B2069F
C0B33A80
C0B46EDE
C0B5A3B2
C0B6D8F5
C0B80EA0
C0B944AD
C0BA7B16
C0BBB1D6
C0BCE8E7
C0BE2044
C0BF57E8
C0C08FCF
C0C1C7F4
C0C30053
C0C438E8
C0C571B0
C0C6AAA6
C0C7E3C8
C0C91D13
C0CA5684
C0CB9018
C0CCC9CB
C0CE039D
C0CF3D8B
C0D07791
C0D1B1B0
C0D2EBE3
C0D4262B
C0D56085
C0D69AEF
C0D7D568
C0D90FEF
C0DA4A82
C0DB8521
C0DCBFCA
C0DDFA7C
C0DF3536
C0E06FF7
C0E1AABF
C0E2E58C
C0E4205E
C0E55B35
C0E6960F
C0E7D0EC
C0E90BCC
C0EA46AE
C0EB8191
C0ECBC76
C0EDF75C
C0EF3242
C0F06D28
C0F1A80E
C0F2E2F4
C0F41DDA
C0F558BE
C0F693A1
C0F7CE84
C0F90965
C0FA4444
C0FB7F22
C0FCB9FE
C0FDF4D8
C0FF2FB1
C1003544
C100D2AE
C1017017
C1020D7F
C102AAE6
C103484C
C103E5B1
C1048314
C1052077
C105BDD8
C1065B39
C106F898
C10795F6
C1083353
C108D0AF
C1096E0A
C026ADED
C026DC78
C0270C19
C0273CD6
C0276EB6
C027A1BF
C027D5F8
C0280B67
C0284213
C0287A04
C028B33F
C028EDCE
C02929B6
C02966FF
C029A5B2
C029E5D5
C02A2772
C02A6A8F
C02AAF36
C02AF56F
C02B3D42
C02B86B9
C02BD1DD
C02C1EB6
C02C6D4E
C02CBDAE
C02D0FE1
C02D63F0
C02DB9E5
C02E11CB
C02E6BAB
C02EC792
C02F2589
C02F859C
C02FE7D7
C0304C44
C030B2EF
C0311BE5
C0318732
C031F4E1
C0326500
C032D79C
C0334CC1
C033C47D
C0343EDE
C034BBF1
C0353BC4
C035BE66
C03643E5
C036CC4F
C03757B4
C037E624
C03877AC
C0390C5E
C039A448
C03A3F7C
C03ADE09
C03B8000
C03C2572
C03CCE70
C03D7B0B
C03E2B54
C03EDF5D
C03F9738
C04052F7
C04112AC
C041D669
C0429E41
C0436A46
C0443A8B
C0450F23
C045E820
C046C596
C047A796
C0488E35
C0497985
C04A6998
C04B5E83
C04C5856
C04D5726
C04E5B03
C04F6401
C0507230
C05185A4
C0529E6C
C053BC9B
C054E03F
C056096A
C057382A
C0586C8F
C059A6A6
C05AE67E
C05C2C23
C05D77A2
C05EC904
C0602055
C0617D9F
C062E0E8
C0644A39
C065B998
C0672F0A
C068AA92
C06A2C34
C06BB3EF
C06D41C5
C06ED5B3
C0706FB7
C0720FCD
C073B5EF
C0756215
C0771437
C078CC4A
C07A8A44
C07C4E17
C07E17B4
C07FE70B
C080DE06
C081CB52
C082BB5F
C083AE22
C084A391
C0859BA0
C0869641
C0879369
C088930A
C0899517
C08A9980
C08BA039
C08CA931
C08DB459
C08EC1A4
C08FD100
C090E25F
C091F5B0
C0930AE5
C09421ED
C0953AB8
C0965537
C097715B
C0988F13
C099AE51
C09ACF05
C09BF121
C09D1497
C09E3957
C09F5F53
C0A0867F
C0A1AECD
C0A2D82E
C0A40298
C0A52DFD
C0A65A52
C0A7878A
C0A8B59B
C0A9E47A
C0AB141C
C0AC4477
C0AD7582
C0AEA733
C0AFD980
C0B10C62
C0B23FD1
C0B373C4
C0B4A833
C0B5DD18
C0B7126C
C0B84828
C0B97E46
C0BAB4BF
C0BBEB8F
C0BD22AF
C0BE5A1C
C0BF91CF
C0C0C9C4
C0C201F7
C0C33A64
C0C47307
C0C5ABDC
C0C6E4E0
C0C81E0F
C0C95766
C0CA90E3
C0CBCA82
C0CD0442
C0CE3E1F
C0CF7817
C0D0B229
C0D1EC52
C0D32690
C0D460E1
C0D59B44
C0D6D5B8
C0D8103A
C0D94ACA
C0DA8566
C0DBC00D
C0DCFABE
C0DE3578
C0DF703A
C0E0AB03
C0E1E5D1
C0E320A6
C0E45B7F
C0E5965C
C0E6D13D
C0E80C20
C0E94706
C0EA81EE
C0EBBCD7
C0ECF7C1
C0EE32AC
C0EF6D98
C0F0A883
C0F1E36E
C0F31E59
C0F45943
C0F5942B
C0F6CF13
C0F809FA
C0F944DE
C0FA7FC2
C0FBBAA3
C0FCF583
C0FE3061
C0FF6B3D
C100530B
C100F077
C1018DE2
C1022B4B
C102C8B4
C103661B
C1040381
C104A0E6
C1053E4A
C105DBAD
C106790E
C107166E
C107B3CE
C108512C
C108EE88
C1098BE4
C0274389
C02771A9
C027A0DF
C027D130
C02802A3
C028353F
C028690B
C0289E0C
C028D449
C0290BCA
C0294496
C0297EB4
C029BA2C
C029F704
C02A3545
C02A74F6
C02AB620
C02AF8CB
C02B3CFE
C02B82C4
C02BCA23
C02C1326
C02C5DD5
C02CAA39
C02CF85C
C02D4847
C02D9A04
C02DED9D
C02E431D
C02E9A8D
C02EF3F7
C02F4F68
C02FACE9
C0300C86
C0306E4B
C030D242
C0313877
C031A0F7
C0320BCE
C0327908
C032E8B2
C0335AD8
C033CF89
C03446D1
C034C0BE
C0353D5D
C035BCBD
C0363EEC
C036C3F9
C0374BF2
C037D6E6
C03864E5
C038F5FE
C0398A41
C03A21BD
C03ABC83
C03B5AA4
C03BFC30
C03CA137
C03D49CB
C03DF5FE
C03EA5DF
C03F5982
C04010F9
C040CC54
C0418BA6
C0424F02
C043167A
C043E221
C044B209
C0458646
C0465EE9
C0473C06
C0481DB1
C04903FB
C049EEF7
C04ADEBA
C04BD355
C04CCCDB
C04DCB5F
C04ECEF3
C04FD7A9
C050E594
C051F8C4
C053114C
C0542F3B
C05552A3
C0567B93
C057AA1C
C058DE4B
C05A182F
C05B57D6
C05C9D4D
C05DE89F
C05F39D8
C0609102
C061EE27
C063514E
C064BA80
C06629C2
C0679F19
C0691A89
C06A9C15
C06C23BE
C06DB183
C06F4563
C070DF5C
C0727F69
C0742583
C075D1A5
C07783C5
C0793BD9
C07AF9D6
C07CBDAD
C07E8752
C0802B59
C08115E0
C0820332
C082F347
C083E613
C084DB8B
C085D3A4
C086CE51
C087CB86
C088CB34
C089CD4E
C08AD1C6
C08BD88D
C08CE195
C08DECCE
C08EFA2A
C0900998
C0911B08
C0922E6C
C09343B4
C0945ACF
C09573AE
C0968E41
C097AA78
C098C845
C099E798
C09B0861
C09C2A92
C09D4E1C
C09E72F1
C09F9903
C0A0C044
C0A1E8A6
C0A3121D
C0A43C9C
C0A56816
C0A69480
C0A7C1CD
C0A8EFF2
C0AA1EE5
C0AB4E9C
C0AC7F0B
C0ADB029
C0AEE1ED
C0B0144F
C0B14744
C0B27AC5
C0B3AECB
C0B4E34C
C0B61843
C0B74DA9
C0B88376
C0B9B9A5
C0BAF02F
C0BC270F
C0BD5E40
C0BE95BC
C0BFCD7F
C0C10583
C0C23DC5
C0C37641
C0C4AEF2
C0C5E7D5
C0C720E6
C0C85A22
C0C99387
C0CACD10
C0CC06BC
C0CD4088
C0CE7A71
C0CFB474
C0D0EE91
C0D228C5
C0D3630D
C0D49D69
C0D5D7D7
C0D71254
C0D84CE0
C0D98779
C0DAC21E
C0DBFCCE
C0DD3787
C0DE7249
C0DFAD13
C0E0E7E3
C0E222BA
C0E35D96
C0E49876
C0E5D35A
C0E70E41
C0E8492B
C0E98418
C0EABF05
C0EBF9F5
C0ED34E5
C0EE6FD5
C0EFAAC6
C0F0E5B6
C0F220A7
C0F35B96
C0F49685
C0F5D172
C0F70C5E
C0F84749
C0F98232
C0FABD19
C0FBF7FF
C0FD32E2
C0FE6DC4
C0FFA8A3
C10071C0
C1010F2E
C101AC9A
C1024A05
C102E76F
C10384D8
C104223F
C104BFA6
C1055D0B
C105FA6F
C10697D1
C1073533
C107D293
C1086FF2
C1090D50
C109AAAD
C027DC60
C0280A16
C02838E1
C02868C7
C02899CE
C028CBFE
C028FF5C
C02933EF
C02969BE
C029A0D1
C029D92D
C02A12DB
C02A4DE2
C02A8A49
C02AC819
C02B0758
C02B4810
C02B8A48
C02BCE09
C02C135B
C02C5A46
C02CA2D5
C02CED0F
C02D38FF
C02D86AC
C02DD622
C02E276A
C02E7A8D
C02ECF97
C02F2691
C02F7F86
C02FDA80
C030378B
C03096B2
C030F800
C0315B80
C031C140
C032294A
C03293AB
C033006F
C0336FA3
C033E155
C0345590
C034CC64
C03545DC
C035C207
C03640F4
C036C2B0
C037474A
C037CED1
C0385954
C038E6E2
C039778B
C03A0B5F
C03AA26D
C03B3CC5
C03BDA79
C03C7B99
C03D2035
C03DC860
C03E7429
C03F23A3
C03FD6E0
C0408DF0
C04148E7
C04207D7
C042CAD1
C04391E9
C0445D32
C0452CBD
C046009D
C046D8E7
C047B5AC
C04896FF
C0497CF4
C04A679E
C04B570F
C04C4B5B
C04D4493
C04E42CC
C04F4616
C0504E85
C0515C2A
C0526F18
C053875E
C054A50F
C055C83A
C056F0F1
C0581F41
C059533B
C05A8CEC
C05BCC63
C05D11AB
C05E5CD2
C05FADE2
C06104E5
C06261E6
C063C4EC
C0652DFF
C0669D24
C0681262
C0698DBB
C06B0F32
C06C96C8
C06E247E
C06FB851
C0715240
C072F244
C074985A
C0764478
C077F698
C079AEAE
C07B6CAE
C07D308C
C07EFA39
C08064D2
C0814F5F
C0823CB9
C0832CD6
C0841FAC
C085152F
C0860D53
C087080C
C088054E
C089050A
C08A0733
C08B0BBA
C08C1292
C08D1BAA
C08E26F5
C08F3462
C09043E2
C0915566
C09268DD
C0937E39
C0949568
C095AE5B
C096C903
C097E550
C0990332
C09A229A
C09B4379
C09C65C0
C09D8960
C09EAE4B
C09FD473
C0A0FBCA
C0A22443
C0A34DD0
C0A47864
C0A5A3F4
C0A6D073
C0A7FDD6
C0A92C11
C0AA5B19
C0AB8AE5
C0ACBB69
C0ADEC9C
C0AF1E74
C0B050EA
C0B183F3
C0B2B788
C0B3EBA0
C0B52035
C0B6553F
C0B78AB7
C0B8C096
C0B9F6D7
C0BB2D73
C0BC6464
C0BD9BA5
C0BED332
C0C00B05
C0C14319
C0C27B6B
C0C3B3F5
C0C4ECB5
C0C625A7
C0C75EC6
C0C89810
C0C9D182
C0CB0B19
C0CC44D1
C0CD7EAA
C0CEB89F
C0CFF2AE
C0D12CD7
C0D26716
C0D3A169
C0D4DBD0
C0D61648
C0D750CF
C0D88B65
C0D9C608
C0DB00B6
C0DC3B6F
C0DD7631
C0DEB0FC
C0DFEBCE
C0E126A6
C0E26185
C0E39C68
C0E4D750
C0E6123B
C0E74D29
C0E8881A
C0E9C30D
C0EAFE01
C0EC38F6
C0ED73EC
C0EEAEE3
C0EFE9D9
C0F124CF
C0F25FC4
C0F39AB9
C0F4D5AD
C0F6109F
C0F74B90
C0F8867F
C0F9C16C
C0FAFC58
C0FC3741
C0FD7229
C0FEAD0E
C0FFE7F1
C1009169
C1012ED8
C101CC46
C10269B3
C103071E
C103A488
C10441F1
C104DF59
C1057CC0
C1061A25
C106B789
C10754EC
C107F24D
C1088FAD
C1092D0C
C109CA6A
C0287880
C028A5CC
C028D42D
C02903A8
C0293444
C0296608
C02998F9
C029CD1F
C02A0280
C02A3924
C02A7112
C02AAA50
C02AE4E7
C02B20DE
C02B5E3C
C02B9D0A
C02BDD50
C02C1F15
C02C6263
C02CA742
C02CEDBA
C02D35D4
C02D7F9A
C02DCB15
C02E184E
C02E674F
C02EB821
C02F0ACF
C02F5F62
C02FB5E6
C0300E65
C03068E9
C030C57E
C031242E
C0318506
C031E810
C0324D59
C032B4ED
C0331ED8
C0338B26
C033F9E5
C0346B21
C034DEE7
C0355545
C035CE49
C0364A00
C036C879
C03749C2
C037CDE9
C03854FE
C038DF0F
C0396C2D
C039FC65
C03A8FC9
C03B2668
C03BC053
C03C5D9A
C03CFE4D
C03DA27E
C03E4A3E
C03EF59E
C03FA4B0
C0405786
C0410E31
C041C8C3
C0428750
C04349E9
C04410A0
C044DB89
C045AAB7
C0467E3C
C047562B
C0483297
C0491394
C049F934
C04AE38A
C04BD2AA
C04CC6A6
C04DBF91
C04EBD7E
C04FC07F
C050C8A7
C051D607
C052E8B1
C05400B7
C0551E29
C0564118
C0576994
C05897AE
C059CB72
C05B04F1
C05C4437
C05D8952
C05ED44E
C0602535
C0617C13
C062D8F0
C0643BD5
C065A4C9
C06713D3
C06888F8
C06A043A
C06B859E
C06D0D23
C06E9ACA
C0702E92
C071C877
C0736875
C0750E86
C076BAA3
C0786CC3
C07A24DC
C07BE2E2
C07DA6C7
C07F707E
C0809FFB
C0818A8F
C08277F1
C0836818
C0845AF8
C0855086
C08648B7
C087437D
C08840CD
C0894097
C08A42D0
C08B4768
C08C4E50
C08D577A
C08E62D7
C08F7057
C0907FEB
C0919183
C092A50F
C093BA7F
C094D1C3
C095EACC
C097058A
C09821ED
C0993FE5
C09A5F64
C09B805A
C09CA2B7
C09DC66E
C09EEB71
C0A011B0
C0A1391E
C0A261AD
C0A38B51
C0A4B5FD
C0A5E1A3
C0A70E39
C0A83BB2
C0A96A04
C0AA9922
C0ABC903
C0ACF99D
C0AE2AE6
C0AF5CD3
C0B08F5E
C0B1C27C
C0B2F625
C0B42A52
C0B55EFA
C0B69418
C0B7C9A3
C0B8FF95
C0BA35E8
C0BB6C96
C0BCA399
C0BDDAEC
C0BF128A
C0C04A6D
C0C18292
C0C2BAF4
C0C3F38E
C0C52C5D
C0C6655E
C0C79E8C
C0C8D7E5
C0CA1165
C0CB4B09
C0CC84CF
C0CDBEB4
C0CEF8B6
C0D032D2
C0D16D07
C0D2A751
C0D3E1B0
C0D51C22
C0D656A5
C0D79137
C0D8CBD7
C0DA0684
C0DB413C
C0DC7BFE
C0DDB6C9
C0DEF19D
C0E02C78
C0E16759
C0E2A23F
C0E3DD2A
C0E5181A
C0E6530D
C0E78E02
C0E8C8FA
C0EA03F3
C0EB3EEE
C0EC79EA
C0EDB4E6
C0EEEFE3
C0F02ADF
C0F165DA
C0F2A0D5
C0F3DBCF
C0F516C8
C0F651BF
C0F78CB4
C0F8C7A8
C0FA029A
C0FB3D8A
C0FC7878
C0FDB363
C0FEEE4D
C100149A
C100B20C
C1014F7D
C101ECED
C1028A5B
C10327C8
C103C534
C104629E
C1050008
C1059D6F
C1063AD6
C106D83B
C107759F
C1081302
C108B063
C1094DC4
C109EB23
C02917F5
C02944D9
C02972D0
C029A1E1
C029D212
C02A036A
C02A35EF
C02A69A9
C02A9E9D
C02AD4D3
C02B0C52
C02B4521
C02B7F48
C02BBACF
C02BF7BD
C02C361A
C02C75EE
C02CB741
C02CFA1C
C02D3E88
C02D848C
C02DCC33
C02E1585
C02E608B
C02EAD4F
C02EFBDB
C02F4C38
C02F9E70
C02FF28E
C030489C
C030A0A4
C030FAB2
C03156D1
C031B50B
C032156C
C0327800
C032DCD3
C03343F0
C033AD65
C034193D
C0348786
C034F84C
C0356B9D
C035E186
C0365A15
C036D558
C037535D
C037D432
C03857E7
C038DE89
C0396828
C039F4D4
C03A849C
C03B1790
C03BADC0
C03C473D
C03CE416
C03D845D
C03E2823
C03ECF78
C03F7A6F
C0402919
C040DB87
C04191CC
C0424BFA
C0430A23
C043CC59
C04492B0
C0455D3A
C0462C0A
C046FF33
C047D6C8
C048B2DC
C0499381
C04A78CC
C04B62CF
C04C519D
C04D454A
C04E3DE8
C04F3B89
C0503E41
C0514621
C052533C
C05365A3
C0547D68
C0559A9C
C056BD4F
C057E592
C0591374
C05A4704
C05B8051
C05CBF67
C05E0455
C05F4F26
C0609FE5
C061F69E
C0635358
C064B61D
C0661EF4
C0678DE3
C06902F0
C06A7E1D
C06BFF6E
C06D86E3
C06F147D
C070A83A
C0724216
C073E20F
C075881D
C0773439
C078E65B
C07A9E79
C07C5C85
C07E2075
C07FEA37
C080DCDF
C081C77B
C082B4E6
C083A517
C0849802
C0858D9C
C08685DA
C08780AF
C0887E0D
C0897DE7
C08A8030
C08B84DA
C08C8BD4
C08D9511
C08EA081
C08FAE15
C090BDBE
C091CF6A
C092E30C
C093F891
C0950FEC
C096290C
C09743E0
C098605B
C0997E6A
C09A9E01
C09BBF0E
C09CE184
C09E0553
C09F2A6D
C0A050C4
C0A1784A
C0A2A0F2
C0A3CAAE
C0A4F571
C0A6212F
C0A74DDD
C0A87B6D
C0A9A9D6
C0AAD90C
C0AC0904
C0AD39B4
C0AE6B13
C0AF9D17
C0B0CFB7
C0B202EB
C0B336A9
C0B46AEB
C0B59FA8
C0B6D4DA
C0B80A79
C0B9407F
C0BA76E5
C0BBADA6
C0BCE4BB
C0BE1C21
C0BF53D0
C0C08BC5
C0C1C3FB
C0C2FC6D
C0C43518
C0C56DF8
C0C6A708
C0C7E045
C0C919AD
C0CA533B
C0CB8CEE
C0CCC6C2
C0CE00B5
C0CF3AC4
C0D074ED
C0D1AF2E
C0D2E985
C0D423F0
C0D55E6D
C0D698FB
C0D7D398
C0D90E43
C0DA48FA
C0DB83BC
C0DCBE88
C0DDF95D
C0DF343A
C0E06F1E
C0E1AA07
C0E2E4F6
C0E41FEA
C0E55AE1
C0E695DC
C0E7D0D9
C0E90BD8
C0EA46D8
C0EB81DA
C0ECBCDC
C0EDF7DF
C0EF32E2
C0F06DE4
C0F1A8E5
C0F2E3E6
C0F41EE5
C0F559E3
C0F694E0
C0F7CFDA
C0F90AD3
C0FA45CA
C0FB80BE
C0FCBBB0
C0FDF6A0
C0FF318D
C100363C
C100D3B0
C1017123
C1020E94
C102AC04
C1034973
C103E6E1
C104844D
C10521B7
C105BF21
C1065C89
C106F9EF
C1079755
C10834B9
C108D21B
C1096F7D
C10A0CDD
C029BACE
C029E749
C02A14D8
C02A437F
C02A7347
C02AA434
C02AD64D
C02B099B
C02B3E22
C02B73EB
C02BAAFC
C02BE35C
C02C1D14
C02C582B
C02C94A9
C02CD295
C02D11F8
C02D52D9
C02D9542
C02DD93B
C02E1ECD
C02E6600
C02EAEDE
C02EF970
C02F45C0
C02F93D6
C02FE3BE
C0303581
C0308929
C030DEC1
C0313654
C0318FEC
C031EB94
C0324958
C032A942
C0330B60
C0336FBC
C033D664
C0343F62
C034AAC4
C0351897
C03588E8
C035FBC3
C0367137
C036E951
C037641F
C037E1B0
C0386212
C038E553
C0396B83
C039F4B0
C03A80EA
C03B1042
C03BA2C6
C03C3886
C03CD194
C03D6E00
C03E0DDA
C03EB134
C03F581F
C04002AC
C040B0ED
C04162F4
C04218D3
C042D29C
C0439061
C0445236
C045182C
C045E257
C046B0C9
C0478396
C0485AD0
C049368B
C04A16D9
C04AFBCF
C04BE57F
C04CD3FC
C04DC759
C04EBFA9
C04FBCFF
C050BF6D
C051C706
C052D3DC
C053E601
C054FD86
C0561A7C
C0573CF3
C05864FD
C05992A8
C05AC604
C05BFF1F
C05D3E06
C05E82C7
C05FCD6E
C0611E07
C062749A
C063D133
C06533D9
C0669C93
C0680B69
C069805E
C06AFB77
C06C7CB6
C06E041C
C06F91AA
C071255D
C072BF33
C0745F27
C0760533
C077B151
C0796376
C07B1B9A
C07CD9AF
C07E9DA9
C08033BC
C0811B87
C082062C
C082F3A2
C083E3DD
C084D6D5
C085CC7C
C086C4C8
C087BFAC
C088BD1A
C089BD05
C08ABF60
C08BC41B
C08CCB29
C08DD47A
C08EDFFE
C08FEDA7
C090FD65
C0920F28
C09322E0
C094387D
C0954FEF
C0966926
C0978413
C098A0A5
C099BECD
C09ADE7C
C09BFFA3
C09D2231
C09E4619
C09F6B4D
C0A091BD
C0A1B95C
C0A2E21D
C0A40BF2
C0A536CE
C0A662A5
C0A78F6B
C0A8BD14
C0A9EB95
C0AB1AE3
C0AC4AF3
C0AD7BBB
C0AEAD31
C0AFDF4C
C0B11203
C0B2454D
C0B37921
C0B4AD79
C0B5E24C
C0B71792
C0B84D46
C0B98360
C0BAB9DB
C0BBF0AF
C0BD27D8
C0BE5F50
C0BF9712
C0C0CF1A
C0C20761
C0C33FE5
C0C478A1
C0C5B191
C0C6EAB1
C0C823FF
C0C95D76
C0CA9714
C0CBD0D5
C0CD0AB7
C0CE44B8
C0CF7ED5
C0D0B90B
C0D1F359
C0D32DBD
C0D46834
C0D5A2BE
C0D6DD57
C0D81800
C0D952B6
C0DA8D78
C0DBC844
C0DD031B
C0DE3DFA
C0DF78E0
C0E0B3CD
C0E1EEC0
C0E329B8
C0E464B4
C0E59FB3
C0E6DAB6
C0E815BB
C0E950C2
C0EA8BCA
C0EBC6D2
C0ED01DC
C0EE3CE5
C0EF77EE
C0F0B2F7
C0F1EDFE
C0F32905
C0F4640A
C0F59F0D
C0F6DA0F
C0F8150F
C0F9500C
C0FA8B08
C0FBC601
C0FD00F8
C0FE3BEC
C0FF76DD
C10058E6
C100F65C
C10193D1
C1023144
C102CEB6
C1036C27
C1040996
C104A704
C1054470
C105E1DB
C1067F44
C1071CAC
C107BA13
C1085778
C108F4DC
C109923F
C10A2FA0
C02A6118
C02A8D2C
C02ABA52
C02AE891
C02B17EF
C02B4872
C02B7A21
C02BAD03
C02BE11E
C02C167A
C02C4D1D
C02C8510
C02CBE5A
C02CF901
C02D350F
C02D728B
C02DB17D
C02DF1ED
C02E33E5
C02E776B
C02EBC8A
C02F034A
C02F4BB5
C02F95D3
C02FE1AE
C0302F50
C0307EC3
C030D011
C0312344
C0317866
C031CF83
C03228A4
C03283D7
C032E124
C0334099
C033A240
C0340626
C0346C57
C034D4DF
C0353FCB
C035AD28
C0361D03
C0368F69
C0370468
C0377C0D
C037F667
C0387383
C038F371
C039763F
C039FBFC
C03A84B7
C03B1080
C03B9F66
C03C317A
C03CC6CB
C03D5F6B
C03DFB69
C03E9AD6
C03F3DC4
C03FE444
C0408E67
C0413C40
C041EDDF
C042A358
C0435CBC
C0441A1D
C044DB90
C045A125
C0466AF1
C0473905
C0480B76
C048E255
C049BDB8
C04A9DAF
C04B8250
C04C6BAC
C04D59D8
C04E4CE5
C04F44E8
C05041F3
C0514418
C0524B6B
C05357FC
C05469DE
C0558123
C0569DDB
C057C018
C058E7E9
C05A155E
C05B4886
C05C816F
C05DC028
C05F04BE
C0604F3C
C0619FAD
C062F61D
C0645294
C065B51C
C0671DBB
C0688C78
C06A0157
C06B7C5C
C06CFD8B
C06E84E4
C0701266
C071A611
C0733FE1
C074DFD3
C07685DF
C07831FF
C079E429
C07B9C54
C07D5A74
C07F1E7B
C080742D
C0815C00
C08246AF
C083342F
C0842477
C085177C
C0860D32
C087058C
C0880080
C088FDFF
C089FDFC
C08B006A
C08C0538
C08D0C5A
C08E15C0
C08F215A
C0902F19
C0913EEE
C09250C8
C0936497
C0947A4C
C09591D7
C096AB27
C097C62D
C098E2D8
C09A011A
C09B20E3
C09C4223
C09D64CC
C09E88CE
C09FAE1C
C0A0D4A6
C0A1FC60
C0A3253A
C0A44F29
C0A57A20
C0A6A611
C0A7D2F0
C0A900B3
C0AA2F4D
C0AB5EB4
C0AC8EDD
C0ADBFBD
C0AEF14C
C0B0237F
C0B1564D
C0B289AE
C0B3BD9A
C0B4F208
C0B626F1
C0B75C4E
C0B89217
C0B9C847
C0BAFED6
C0BC35BF
C0BD6CFC
C0BEA488
C0BFDC5D
C0C11477
C0C24CD2
C0C38568
C0C4BE35
C0C5F737
C0C73068
C0C869C6
C0C9A34D
C0CADCFB
C0CC16CB
C0CD50BD
C0CE8ACC
C0CFC4F7
C0D0FF3C
C0D23997
C0D37408
C0D4AE8D
C0D5E922
C0D723C8
C0D85E7D
C0D9993E
C0DAD40B
C0DC0EE3
C0DD49C4
C0DE84AD
C0DFBF9D
C0E0FA94
C0E23590
C0E37091
C0E4AB96
C0E5E69E
C0E721A9
C0E85CB6
C0E997C5
C0EAD2D5
C0EC0DE5
C0ED48F5
C0EE8406
C0EFBF15
C0F0FA24
C0F23532
C0F3703F
C0F4AB4A
C0F5E653
C0F7215B
C0F85C60
C0F99763
C0FAD263
C0FC0D61
C0FD485D
C0FE8355
C0FFBE4B
C1007C9F
C1011A17
C101B78E
C1025503
C102F277
C1038FEA
C1042D5A
C104CACA
C1056838
C10605A4
C106A30F
C1074079
C107DDE1
C1087B47
C10918AD
C109B611
C10A5373
C02B0AE0
C02B368E
C02B634D
C02B9124
C02BC019
C02BF033
C02C2178
C02C53EF
C02C879F
C02CBC8F
C02CF2C6
C02D2A4B
C02D6327
C02D9D60
C02DD8FE
C02E160B
C02E548C
C02E948C
C02ED612
C02F1926
C02F5DD3
C02FA420
C02FEC18
C03035C2
C030812A
C030CE58
C0311D56
C0316E2F
C031C0EC
C0321599
C0326C41
C032C4ED
C0331FA9
C0337C80
C033DB7F
C0343CB0
C034A020
C03505DB
C0356DED
C035D863
C036454A
C036B4AF
C03726A0
C0379B29
C0381259
C0388C3E
C03908E7
C0398861
C03A0ABB
C03A9006
C03B184F
C03BA3A6
C03C321B
C03CC3BF
C03D58A1
C03DF0D1
C03E8C62
C03F2B62
C03FCDE4
C04073F9
C0411DB3
C041CB22
C0427C5A
C043316C
C043EA6B
C044A76A
C045687A
C0462DAE
C046F71A
C047C4D1
C04896E6
C0496D6B
C04A4874
C04B2815
C04C0C61
C04CF56A
C04DE344
C04ED603
C04FCDB9
C050CA79
C051CC55
C052D361
C053DFAE
C054F14E
C0560853
C05724CF
C05846D0
C0596E69
C05A9BA8
C05BCE9D
C05D0757
C05E45E2
C05F8A4C
C060D4A1
C06224ED
C0637B3A
C064D792
C06639FC
C067A280
C0691125
C06A85F0
C06C00E3
C06D8202
C06F094F
C07096C8
C0722A6C
C073C438
C0756428
C0770A35
C078B659
C07A688B
C07C20BF
C07DDEEA
C07FA2FF
C080B678
C0819E55
C082890E
C083769B
C08466F0
C0855A02
C0864FC7
C0874832
C0884337
C08940C8
C08A40D8
C08B4359
C08C483D
C08D4F74
C08E58EF
C08F64A0
C0907277
C0918263
C0929455
C093A83D
C094BE0C
C095D5B0
C096EF1A
C0980A3A
C0992701
C09A455E
C09B6541
C09C869D
C09DA961
C09ECD7E
C09FF2E7
C0A1198D
C0A24162
C0A36A58
C0A49462
C0A5BF73
C0A6EB7F
C0A8187A
C0A94657
C0AA750B
C0ABA48C
C0ACD4CF
C0AE05C9
C0AF3771
C0B069BD
C0B19CA4
C0B2D01D
C0B40421
C0B538A7
C0B66DA7
C0B7A31B
C0B8D8FA
C0BA0F40
C0BB45E5
C0BC7CE3
C0BDB435
C0BEEBD5
C0C023BF
C0C15BED
C0C2945A
C0C3CD03
C0C505E3
C0C63EF6
C0C77839
C0C8B1A8
C0C9EB40
C0CB24FE
C0CC5EDF
C0CD98E0
C0CED2FF
C0D00D39
C0D1478C
C0D281F5
C0D3BC74
C0D4F706
C0D631A9
C0D76C5B
C0D8A71C
C0D9E1E9
C0DB1CC2
C0DC57A5
C0DD9291
C0DECD85
C0E0087F
C0E14380
C0E27E86
C0E3B991
C0E4F49F
C0E62FB0
C0E76AC4
C0E8A5D9
C0E9E0F0
C0EB1C08
C0EC5720
C0ED9238
C0EECD4F
C0F00866
C0F1437C
C0F27E90
C0F3B9A3
C0F4F4B4
C0F62FC4
C0F76AD1
C0F8A5DC
C0F9E0E4
C0FB1BEA
C0FC56ED
C0FD91ED
C0FECCEB
C10003F3
C100A16E
C1013EE9
C101DC62
C10279D9
C103174F
C103B4C3
C1045235
C104EFA7
C1058D16
C1062A84
C106C7F1
C107655C
C10802C6
C108A02E
C1093D94
C109DAFA
C10A785D
C02BB836
C02BE37E
C02C0FD7
C02C3D47
C02C6BD4
C02C9B86
C02CCC61
C02CFE6E
C02D31B3
C02D6638
C02D9C03
C02DD31C
C02E0B8A
C02E4555
C02E8085
C02EBD22
C02EFB34
C02F3AC3
C02F7BD9
C02FBE7C
C03002B7
C0304892
C0309017
C030D94E
C0312442
C03170FC
C031BF86
C0320FEB
C0326234
C032B66B
C0330C9D
C03364D4
C033BF1A
C0341B7C
C0347A05
C034DAC0
C0353DBA
C035A2FF
C0360A9B
C036749B
C036E10D
C0374FFC
C037C177
C038358C
C038AC47
C03925B8
C039A1EC
C03A20F2
C03AA2DA
C03B27B1
C03BAF88
C03C3A6E
C03CC872
C03D59A6
C03DEE18
C03E85DA
C03F20FD
C03FBF90
C04061A6
C0410750
C041B0A0
C0425DA7
C0430E78
C043C324
C0447BBE
C0453858
C045F906
C046BDDA
C04786E7
C0485440
C04925F9
C049FC24
C04AD6D5
C04BB61F
C04C9A15
C04D82CC
C04E7055
C04F62C5
C0505A2E
C05156A3
C0525837
C0535EFD
C0546B06
C0557C65
C056932B
C057AF6A
C058D131
C059F892
C05B259D
C05C585F
C05D90E9
C05ECF47
C0601387
C0615DB5
C062ADDC
C0640407
C065603F
C066C28D
C0682AF8
C0699987
C06B0E3D
C06C8920
C06E0A31
C06F9173
C0711EE3
C072B282
C0744C4C
C075EC3C
C077924C
C0793E76
C07AF0B0
C07CA8EF
C07E6729
C08015A7
C080FAA8
C081E290
C082CD55
C083BAEF
C084AB52
C0859E74
C0869449
C0878CC5
C08887DC
C0898580
C08A85A5
C08B883B
C08C8D34
C08D9481
C08E9E14
C08FA9DD
C090B7CC
C091C7D1
C092D9DD
C093EDDF
C09503C8
C0961B87
C097350D
C0985048
C0996D2B
C09A8BA3
C09BABA3
C09CCD1B
C09DEFFC
C09F1436
C0A039BB
C0A1607E
C0A2886F
C0A3B181
C0A4DBA8
C0A606D5
C0A732FD
C0A86014
C0A98E0D
C0AABCDD
C0ABEC79
C0AD1CD6
C0AE4DEB
C0AF7FAD
C0B0B213
C0B1E514
C0B318A7
C0B44CC3
C0B58161
C0B6B67A
C0B7EC05
C0B921FC
C0BA5859
C0BB8F14
C0BCC629
C0BDFD91
C0BF3546
C0C06D44
C0C1A587
C0C2DE08
C0C416C4
C0C54FB8
C0C688DE
C0C7C233
C0C8FBB4
C0CA355E
C0CB6F2D
C0CCA91E
C0CDE32F
C0CF1D5E
C0D057A7
C0D19209
C0D2CC81
C0D4070E
C0D541AE
C0D67C5E
C0D7B71E
C0D8F1EB
C0DA2CC5
C0DB67AA
C0DCA299
C0DDDD90
C0DF188F
C0E05395
C0E18EA0
C0E2C9B1
C0E404C5
C0E53FDD
C0E67AF7
C0E7B614
C0E8F132
C0EA2C51
C0EB6771
C0ECA291
C0EDDDB1
C0EF18D0
C0F053EE
C0F18F0B
C0F2CA26
C0F40540
C0F54057
C0F67B6D
C0F7B680
C0F8F191
C0FA2C9F
C0FB67AA
C0FCA2B2
C0FDDDB8
C0FF18BA
C10029DD
C100C75B
C10164D7
C1020252
C1029FCC
C1033D44
C103DABA
C104782E
C10515A1
C105B313
C1065082
C106EDF1
C1078B5D
C10828C8
C108C632
C109639A
C10A0101
C10A9E66
C02C6927
C02C940A
C02CBFFE
C02CED08
C02D1B2E
C02D4A78
C02D7AEB
C02DAC8F
C02DDF6A
C02E1384
C02E48E4
C02E7F91
C02EB792
C02EF0F0
C02F2BB3
C02F67E1
C02FA584
C02FE4A4
C0302549
C030677B
C030AB45
C030F0AF
C03137C1
C0318086
C031CB07
C032174D
C0326564
C032B554
C0330729
C0335AEC
C033B0A9
C034086A
C034623C
C034BE28
C0351C3B
C0357C80
C035DF05
C03643D4
C036AAFB
C0371485
C0378081
C037EEFB
C0386001
C038D3A1
C03949E8
C039C2E4
C03A3EA4
C03ABD37
C03B3EAB
C03BC310
C03C4A75
C03CD4E9
C03D627D
C03DF340
C03E8743
C03F1E97
C03FB94B
C0405772
C040F91D
C0419E5C
C0424742
C042F3E0
C043A449
C044588F
C04510C4
C045CCFC
C0468D47
C04751BB
C0481A69
C048E764
C049B8C1
C04A8E92
C04B68EB
C04C47DF
C04D2B81
C04E13E5
C04F011D
C04FF33F
C050EA5B
C051E686
C052E7D3
C053EE52
C054FA18
C0560B36
C05721BE
C0583DC0
C0595F4F
C05A8679
C05BB34F
C05CE5E0
C05E1E3B
C05F5C6D
C060A083
C061EA8B
C0633A8E
C0649098
C065ECB3
C0674EE5
C068B738
C06A25B1
C06B9A56
C06D1529
C06E962E
C0701D65
C071AACF
C0733E6A
C074D833
C0767825
C0781E3B
C079CA6C
C07B7CB0
C07D34FC
C07EF345
C0805BBE
C08140CA
C08228BD
C0831390
C0840137
C084F1A9
C085E4DB
C086DAC2
C087D351
C088CE7B
C089CC34
C08ACC6D
C08BCF19
C08CD42A
C08DDB8F
C08EE53A
C08FF11C
C090FF24
C0920F44
C093216B
C0943589
C0954B8D
C0966369
C0977D0B
C0989863
C099B562
C09AD3F9
C09BF416
C09D15AB
C09E38AA
C09F5D02
C0A082A5
C0A1A985
C0A2D194
C0A3FAC4
C0A52508
C0A65053
C0A77C98
C0A8A9CC
C0A9D7E2
C0AB06CE
C0AC3686
C0AD6700
C0AE9830
C0AFCA0E
C0B0FC8F
C0B22FAA
C0B36358
C0B4978E
C0B5CC46
C0B70178
C0B8371C
C0B96D2B
C0BAA3A0
C0BBDA73
C0BD119E
C0BE491C
C0BF80E8
C0C0B8FC
C0C1F153
C0C329EA
C0C462BA
C0C59BC2
C0C6D4FB
C0C80E63
C0C947F7
C0CA81B3
C0CBBB93
C0CCF596
C0CE2FB8
C0CF69F7
C0D0A451
C0D1DEC2
C0D3194A
C0D453E6
C0D58E94
C0D6C952
C0D8041F
C0D93EFA
C0DA79E1
C0DBB4D2
C0DCEFCD
C0DE2AD1
C0DF65DB
C0E0A0EC
C0E1DC02
C0E3171D
C0E4523C
C0E58D5E
C0E6C882
C0E803A8
C0E93ECF
C0EA79F7
C0EBB520
C0ECF048
C0EE2B70
C0EF6697
C0F0A1BC
C0F1DCE1
C0F31803
C0F45324
C0F58E42
C0F6C95E
C0F80477
C0F93F8E
C0FA7AA1
C0FBB5B2
C0FCF0C0
C0FE2BCB
C0FF66D3
C10050EB
C100EE6C
C1018BEB
C1022968
C102C6E4
C103645E
C10401D6
C1049F4C
C1053CC1
C105DA34
C10677A6
C1071516
C107B284
C1084FF1
C108ED5C
C1098AC6
C10A282E
C10AC594
C02D1DC1
C02D4841
C02D73D0
C02DA075
C02DCE35
C02DFD18
C02E2D24
C02E5E5F
C02E90D2
C02EC482
C02EF977
C02F2FB9
C02F674F
C02FA040
C02FDA96
C0301656
C030538B
C030923C
C030D271
C0311434
C031578D
C0319C85
C031E326
C0322B79
C0327588
C032C15B
C0330EFF
C0335E7B
C033AFDC
C034032B
C0345873
C034AFC0
C035091C
C0356494
C035C232
C0362202
C0368411
C036E86B
C0374F1C
C037B831
C03823B8
C03891BD
C039024E
C0397579
C039EB4C
C03A63D4
C03ADF20
C03B5D40
C03BDE41
C03C6234
C03CE927
C03D732A
C03E004D
C03E90A0
C03F2434
C03FBB19
C0405560
C040F31B
C0419459
C042392E
C042E1AA
C0438DE0
C0443DE2
C044F1C2
C045A993
C0466567
C0472551
C047E964
C048B1B3
C0497E52
C04A4F53
C04B24CA
C04BFECB
C04CDD68
C04DC0B6
C04EA8C8
C04F95B1
C0508784
C0517E55
C0527A36
C0537B3B
C0548176
C0558CF9
C0569DD6
C057B420
C058CFE7
C059F13D
C05B1831
C05C44D4
C05D7734
C05EAF61
C05FED68
C0613156
C0627B38
C063CB19
C0652103
C0667D01
C067DF1A
C0694756
C06AB5BB
C06C2A4E
C06DA514
C06F260D
C070AD3D
C0723AA2
C073CE3B
C0756804
C07707FA
C078AE16
C07A5A51
C07C0CA1
C07DC4FC
C07F8357
C080A3D1
C08188E9
C08270E9
C0835BC9
C0844980
C0853A02
C0862D46
C087233F
C0881BE1
C0891720
C08A14EF
C08B153F
C08C1802
C08D1D2A
C08E24A9
C08F2E6E
C0903A6A
C091488E
C09258C9
C0936B0C
C0947F46
C0959568
C096AD61
C097C721
C098E297
C099FFB5
C09B1E6A
C09C3EA6
C09D605B
C09E8378
C09FA7EF
C0A0CDB1
C0A1F4B0
C0A31CDE
C0A4462D
C0A57090
C0A69BFA
C0A7C85E
C0A8F5AF
C0AA23E3
C0AB52ED
C0AC82C3
C0ADB35A
C0AEE4A7
C0B016A1
C0B1493E
C0B27C76
C0B3B03E
C0B4E490
C0B61962
C0B74EAE
C0B8846C
C0B9BA95
C0BAF122
C0BC280D
C0BD5F51
C0BE96E6
C0BFCEC9
C0C106F4
C0C23F61
C0C3780D
C0C4B0F3
C0C5EA0F
C0C7235D
C0C85CD9
C0C99680
C0CAD04E
C0CC0A41
C0CD4456
C0CE7E8A
C0CFB8DA
C0D0F344
C0D22DC6
C0D3685D
C0D4A308
C0D5DDC5
C0D71892
C0D8536E
C0D98E57
C0DAC94B
C0DC0449
C0DD3F51
C0DE7A61
C0DFB577
C0E0F094
C0E22BB5
C0E366DB
C0E4A205
C0E5DD31
C0E7185F
C0E8538F
C0E98EC0
C0EAC9F1
C0EC0522
C0ED4053
C0EE7B83
C0EFB6B2
C0F0F1E0
C0F22D0C
C0F36835
C0F4A35D
C0F5DE82
C0F719A5
C0F854C5
C0F98FE2
C0FACAFC
C0FC0612
C0FD4126
C0FE7C36
C0FFB743
C1007926
C10116A9
C101B42B
C10251AA
C102EF28
C1038CA4
C1042A1E
C104C797
C105650E
C1060283
C1069FF6
C1073D68
C107DAD8
C1087846
C10915B3
C109B31E
C10A5088
C10AEDF0
C02DD613
C02E0031
C02E2B5D
C02E579D
C02E84F8
C02EB375
C02EE31B
C02F13EF
C02F45F9
C02F7941
C02FADCC
C02FE3A4
C0301ACF
C0305355
C0308D3D
C030C891
C0310558
C031439B
C0318361
C031C4B5
C032079E
C0324C26
C0329256
C032DA38
C03323D4
C0336F36
C033BC66
C0340B70
C0345C5D
C034AF39
C035040D
C0355AE6
C035B3CE
C0360ED0
C0366BF9
C036CB55
C0372CEF
C03790D4
C037F710
C0385FB1
C038CAC3
C0393853
C039A870
C03A1B26
C03A9084
C03B0899
C03B8372
C03C011E
C03C81AD
C03D052D
C03D8BAF
C03E1541
C03EA1F4
C03F31D7
C03FC4FC
C0405B73
C040F54D
C041929B
C042336F
C042D7D9
C0437FEC
C0442BBA
C044DB55
C0458ECF
C046463B
C04701AC
C047C135
C04884E8
C0494CD9
C04A191B
C04AE9C1
C04BBEDF
C04C9888
C04D76D0
C04E59CA
C04F418A
C0502E23
C0511FA9
C052162E
C05311C6
C0541284
C055187B
C05623BC
C057345A
C0584A67
C05965F3
C05A8711
C05BADD0
C05CDA40
C05E0C71
C05F4470
C060824D
C061C614
C0630FD2
C0645F91
C065B55D
C067113F
C0687340
C069DB66
C06B49B9
C06CBE3D
C06E38F6
C06FB9E6
C0714110
C072CE71
C074620A
C075FBD6
C0779BD1
C07941F6
C07AEE3C
C07CA09A
C07E5907
C0800BBB
C080EDEC
C081D310
C082BB1E
C083A60D
C08493D4
C0858468
C08677BE
C0876DCB
C0886683
C08961D8
C08A5FBD
C08B6025
C08C6301
C08D6843
C08E6FDB
C08F79BB
C09085D3
C0919413
C092A46C
C093B6CC
C094CB25
C095E165
C096F97D
C098135C
C0992EF2
C09A4C2F
C09B6B04
C09C8B61
C09DAD35
C09ED073
C09FF50B
C0A11AED
C0A2420D
C0A36A5B
C0A493CB
C0A5BE4E
C0A6E9D7
C0A8165B
C0A943CC
C0AA721F
C0ABA148
C0ACD13D
C0AE01F2
C0AF335D
C0B06575
C0B1982F
C0B2CB83
C0B3FF69
C0B533D6
C0B668C4
C0B79E2B
C0B8D404
C0BA0A47
C0BB40EE
C0BC77F3
C0BDAF4F
C0BEE6FD
C0C01EF8
C0C1573A
C0C28FBE
C0C3C881
C0C5017D
C0C63AAE
C0C77411
C0C8ADA1
C0C9E75C
C0CB213F
C0CC5B45
C0CD956C
C0CECFB2
C0D00A14
C0D1448F
C0D27F22
C0D3B9CA
C0D4F485
C0D62F52
C0D76A2E
C0D8A518
C0D9E00F
C0DB1B12
C0DC561E
C0DD9133
C0DECC4F
C0E00772
C0E1429B
C0E27DC8
C0E3B8F9
C0E4F42E
C0E62F65
C0E76A9E
C0E8A5D8
C0E9E112
C0EB1C4D
C0EC5788
C0ED92C1
C0EECDFA
C0F00932
C0F14467
C0F27F9B
C0F3BACD
C0F4F5FC
C0F63128
C0F76C52
C0F8A778
C0F9E29C
C0FB1DBC
C0FC58D9
C0FD93F2
C0FECF08
C100050D
C100A295
C101401A
C101DD9E
C1027B20
C10318A0
C103B61F
C104539B
C104F116
C1058E8F
C1062C06
C106C97B
C10766EF
C1080460
C108A1D1
C1093F3F
C109DCAC
C10A7A17
C10B1780
C02E922C
C02EBBE8
C02EE6B2
C02F128F
C02F3F86
C02F6D9F
C02F9CDE
C02FCD4C
C02FFEEF
C03031CF
C03065F2
C0309B60
C030D221
C0310A3C
C03143B9
C0317EA1
C031BAFB
C031F8D0
C0323829
C032790E
C032BB88
C032FFA0
C0334560
C0338CD1
C033D5FD
C03420ED
C0346DAB
C034BC42
C0350CBD
C0355F25
C035B386
C03609EB
C036625F
C036BCEE
C03719A3
C037788A
C037D9B0
C0383D20
C038A2E8
C0390B14
C03975B2
C039E2CE
C03A5276
C03AC4B9
C03B39A3
C03BB144
C03C2BAA
C03CA8E4
C03D2901
C03DAC0F
C03E321F
C03EBB41
C03F4783
C03FD6F8
C04069AE
C040FFB7
C0419924
C0423606
C042D66F
C0437A6F
C0442219
C044CD80
C0457CB4
C0462FC9
C046E6D1
C047A1E0
C0486107
C049245A
C049EBED
C04AB7D3
C04B881E
C04C5CE3
C04D3635
C04E1428
C04EF6CF
C04FDE3E
C050CA88
C051BBC1
C052B1FC
C053AD4B
C054ADC3
C055B376
C056BE76
C057CED5
C058E4A6
C059FFF9
C05B20DF
C05C476A
C05D73A9
C05EA5AB
C05FDD7F
C0611B32
C0625ED3
C063A86E
C064F80D
C0664DBC
C067A984
C0690B6D
C06A7380
C06BE1C2
C06D5638
C06ED0E6
C07051CF
C071D8F4
C0736654
C074F9EE
C07693BF
C07833C2
C079D9F1
C07B8644
C07D38B3
C07EF133
C08057DC
C0813A19
C0821F4B
C0830768
C083F268
C084E040
C085D0E7
C086C451
C087BA74
C088B341
C089AEAD
C08AACAB
C08BAD2C
C08CB022
C08DB57F
C08EBD33
C08FC72F
C090D365
C091E1C3
C092F239
C09404B9
C0951931
C0962F91
C09747C9
C09861C9
C0997D80
C09A9ADF
C09BB9D5
C09CDA53
C09DFC4A
C09F1FA9
C0A04462
C0A16A67
C0A291A8
C0A3BA18
C0A4E3A9
C0A60E4E
C0A739F9
C0A8669D
C0A9942F
C0AAC2A3
C0ABF1EC
C0AD2201
C0AE52D5
C0AF8460
C0B0B697
C0B1E96F
C0B31CE2
C0B450E4
C0B5856F
C0B6BA7A
C0B7EFFD
C0B925F2
C0BA5C50
C0BB9312
C0BCCA31
C0BE01A7
C0BF396F
C0C07183
C0C1A9DD
C0C2E279
C0C41B53
C0C55466
C0C68DAD
C0C7C726
C0C900CC
C0CA3A9C
C0CB7493
C0CCAEAD
C0CDE8E8
C0CF2340
C0D05DB5
C0D19842
C0D2D2E6
C0D40D9F
C0D5486B
C0D68348
C0D7BE34
C0D8F92E
C0DA3434
C0DB6F44
C0DCAA5F
C0DDE581
C0DF20AB
C0E05BDB
C0E19710
C0E2D24A
C0E40D87
C0E548C7
C0E68409
C0E7BF4D
C0E8FA91
C0EA35D6
C0EB711B
C0ECAC5F
C0EDE7A2
C0EF22E4
C0F05E24
C0F19962
C0F2D49E
C0F40FD8
C0F54B0F
C0F68642
C0F7C173
C0F8FCA1
C0FA37CB
C0FB72F2
C0FCAE15
C0FDE935
C0FF2451
C1002FB4
C100CD3F
C1016AC7
C102084D
C102A5D2
C1034354
C103E0D5
C1047E54
C1051BD1
C105B94C
C10656C5
C106F43C
C10791B2
C1082F25
C108CC97
C1096A08
C10A0776
C10AA4E3
C10B424E
C02F521A
C02F7B76
C02FA5DE
C02FD15A
C02FFDEE
C0302BA3
C0305A7E
C0308A86
C030BBC3
C030EE3C
C03121F7
C03156FD
C0318D55
C031C506
C031FE19
C0323895
C0327484
C032B1ED
C032F0D8
C033314F
C033735B
C033B704
C033FC55
C0344356
C0348C11
C034D690
C03522DD
C0357103
C035C10B
C0361301
C03666F0
C036BCE2
C03714E2
C0376EFE
C037CB3F
C03829B2
C0388A64
C038ED60
C03952B4
C039BA6D
C03A2496
C03A913F
C03B0073
C03B7242
C03BE6BA
C03C5DE8
C03CD7DB
C03D54A3
C03DD44E
C03E56EB
C03EDC8A
C03F653B
C03FF10F
C0408014
C041125C
C041A7F8
C04240F9
C042DD6F
C0437D6D
C0442103
C044C845
C0457344
C0462212
C046D4C3
C0478B67
C0484614
C04904DA
C049C7CF
C04A8F04
C04B5A8E
C04C2A7F
C04CFEEC
C04DD7E8
C04EB586
C04F97DA
C0507EF9
C0516AF4
C0525BE1
C05351D2
C0544CDA
C0554D0C
C056527C
C0575D3B
C0586D5D
C05982F2
C05A9E0D
C05BBEBD
C05CE515
C05E1123
C05F42F8
C0607AA1
C061B82D
C062FBA9
C0644522
C06594A2
C066EA36
C06845E5
C069A7B9
C06B0FB9
C06C7DEC
C06DF256
C06F6CFB
C070EDDE
C0727500
C0740261
C07595FE
C0772FD5
C078CFE2
C07A761E
C07C2281
C07DD503
C07F8D98
C080A61A
C0818866
C0826DA6
C08355D4
C08440E5
C0852ED0
C0861F8B
C087130B
C0880944
C0890229
C089FDAE
C08AFBC5
C08BFC60
C08CFF72
C08E04EB
C08F0CBC
C09016D7
C091232B
C09231A8
C093423F
C09454DF
C0956978
C0967FF9
C0979853
C098B275
C099CE4F
C09AEBD0
C09C0AE9
C09D2B8B
C09E4DA4
C09F7127
C0A09604
C0A1BC2B
C0A2E390
C0A40C23
C0A535D7
C0A6609E
C0A78C6C
C0A8B933
C0A9E6E7
C0AB157C
C0AC44E8
C0AD751D
C0AEA613
C0AFD7BE
C0B10A15
C0B23D0D
C0B3709F
C0B4A4C0
C0B5D96A
C0B70E92
C0B84433
C0B97A44
C0BAB0BF
C0BBE79D
C0BD1ED8
C0BE5669
C0BF8E4B
C0C0C678
C0C1FEEC
C0C337A1
C0C47093
C0C5A9BD
C0C6E31C
C0C81CAC
C0C95668
C0CA904E
C0CBCA59
C0CD0488
C0CE3ED7
C0CF7944
C0D0B3CB
C0D1EE6B
C0D32922
C0D463EC
C0D59EC9
C0D6D9B7
C0D814B3
C0D94FBD
C0DA8AD3
C0DBC5F2
C0DD011B
C0DE3C4C
C0DF7784
C0E0B2C1
C0E1EE04
C0E3294A
C0E46494
C0E59FE0
C0E6DB2D
C0E8167C
C0E951CC
C0EA8D1B
C0EBC86A
C0ED03B8
C0EE3F05
C0EF7A50
C0F0B59A
C0F1F0E1
C0F32C25
C0F46767
C0F5A2A6
C0F6DDE1
C0F8191A
C0F9544E
C0FA8F80
C0FBCAAD
C0FD05D7
C0FE40FD
C0FF7C1F
C1005B9F
C100F92C
C10196B7
C1023440
C102D1C7
C1036F4C
C1040CCF
C104AA51
C10547D0
C105E54D
C10682C8
C1072042
C107BDB9
C1085B2F
C108F8A2
C1099614
C10A3385
C10AD0F3
C10B6E60
C03015ED
C0303EEA
C03068F2
C030940C
C030C03F
C030ED91
C0311C09
C0314BAD
C0317C85
C031AE97
C031E1EC
C032168B
C0324C7A
C03283C3
C032BC6C
C032F67E
C0333201
C0336EFE
C033AD7E
C033ED88
C0342F26
C0347262
C034B744
C034FDD5
C0354621
C0359030
C035DC0D
C03629C1
C0367958
C036CADD
C0371E59
C03773D9
C037CB67
C0382510
C03880DE
C038DEDE
C0393F1D
C039A1A6
C03A0687
C03A6DCB
C03AD782
C03B43B7
C03BB279
C03C23D5
C03C97DA
C03D0E95
C03D8817
C03E046C
C03E83A6
C03F05D2
C03F8B01
C0401343
C0409EA7
C0412D3E
C041BF19
C0425448
C042ECDC
C04388E7
C044287B
C044CBA9
C0457282
C0461D1A
C046CB83
C0477DCF
C0483411
C048EE5C
C049ACC2
C04A6F58
C04B3631
C04C015F
C04CD0F7
C04DA50C
C04E7DB2
C04F5AFC
C0503CFF
C05123CE
C0520F7C
C053001D
C053F5C4
C054F086
C055F074
C056F5A2
C0580022
C0591006
C05A2561
C05B4044
C05C60C0
C05D86E6
C05EB2C5
C05FE46D
C0611BED
C0625953
C0639CAB
C064E604
C0663567
C0678AE0
C068E678
C06A4839
C06BB028
C06D1E4D
C06E92AD
C0700D4B
C0718E2A
C073154B
C074A2AE
C0763652
C077D032
C079704A
C07B1695
C07CC30A
C07E75A1
C0801727
C080F683
C081D8DD
C082BE2E
C083A66D
C0849191
C0857F91
C0867061
C08763F8
C0885A48
C0895346
C08A4EE5
C08B4D17
C08C4DCF
C08D50FD
C08E5694
C08F5E85
C09068BF
C0917533
C09283D1
C0939489
C094A74B
C095BC06
C096D2AB
C097EB28
C099056E
C09A216B
C09B3F11
C09C5E4F
C09D7F15
C09EA153
C09FC4FA
C0A0E9FC
C0A21048
C0A337D2
C0A4608A
C0A58A62
C0A6B54D
C0A7E13F
C0A90E2A
C0AA3C02
C0AB6ABA
C0AC9A48
C0ADCAA1
C0AEFBB9
C0B02D85
C0B15FFE
C0B29317
C0B3C6C9
C0B4FB0B
C0B62FD4
C0B7651B
C0B89ADB
C0B9D10A
C0BB07A3
C0BC3E9D
C0BD75F4
C0BEADA1
C0BFE59F
C0C11DE7
C0C25675
C0C38F44
C0C4C84F
C0C60193
C0C73B0A
C0C874B1
C0C9AE84
C0CAE880
C0CC22A2
C0CD5CE6
C0CE974A
C0CFD1CB
C0D10C66
C0D2471A
C0D381E3
C0D4BCC0
C0D5F7AF
C0D732AF
C0D86DBC
C0D9A8D6
C0DAE3FC
C0DC1F2B
C0DD5A63
C0DE95A3
C0DFD0E9
C0E10C35
C0E24785
C0E382D8
C0E4BE2E
C0E5F987
C0E734E1
C0E8703B
C0E9AB96
C0EAE6F1
C0EC224A
C0ED5DA3
C0EE98FA
C0EFD44F
C0F10FA1
C0F24AF2
C0F3863F
C0F4C189
C0F5FCD0
C0F73814
C0F87354
C0F9AE91
C0FAE9C9
C0FC24FE
C0FD602F
C0FE9B5B
C0FFD684
C10088D4
C1012664
C101C3F2
C102617E
C102FF08
C1039C90
C1043A15
C104D799
C105751B
C106129A
C106B018
C1074D93
C107EB0D
C1088884
C10925FA
C109C36E
C10A60E0
C10AFE50
C10B9BBE
C030DDB3
C0310652
C0312FFB
C0315AB6
C0318688
C031B378
C031E18E
C03210CF
C0324143
C03272F1
C032A5E0
C032DA18
C0330FA0
C0334681
C0337EC2
C033B86A
C033F384
C0343016
C0346E2A
C034ADC9
C034EEFA
C03531C9
C035763D
C035BC60
C036043D
C0364DDD
C036994A
C036E68F
C03735B5
C03786C9
C037D9D4
C0382EE2
C03885FF
C038DF35
C0393A91
C039981F
C039F7EB
C03A5A02
C03ABE70
C03B2542
C03B8E86
C03BFA48
C03C6897
C03CD981
C03D4D14
C03DC35E
C03E3C6E
C03EB853
C03F371B
C03FB8D8
C0403D97
C040C569
C041505F
C041DE88
C0426FF6
C04304B8
C0439CE1
C0443882
C044D7AC
C0457A72
C04620E4
C046CB16
C0477919
C0482B02
C048E0E1
C0499ACB
C04A58D2
C04B1B0A
C04BE187
C04CAC5A
C04D7B9A
C04E4F58
C04F27A9
C05004A0
C050E652
C051CCD1
C052B833
C053A889
C0549DE8
C0559864
C056980F
C0579CFB
C058A73D
C059B6E6
C05ACC08
C05BE6B4
C05D06FD
C05E2CF1
C05F58A3
C0608A20
C061C178
C062FEB9
C06441F0
C0658B29
C066DA71
C0682FD1
C0698B55
C06AED03
C06C54E3
C06DC2FD
C06F3754
C070B1ED
C07232CA
C073B9ED
C0754755
C076DB00
C07874EB
C07A1511
C07BBB6D
C07D67F7
C07F1AA5
C08069B7
C0814921
C0822B8B
C08310EE
C083F940
C084E478
C085D28E
C086C375
C087B724
C088AD8D
C089A6A6
C08AA260
C08BA0AF
C08CA184
C08DA4D1
C08EAA88
C08FB298
C090BCF3
C091C989
C092D84A
C093E925
C094FC0A
C09610EA
C09727B3
C0984055
C0995AC0
C09A76E3
C09B94AF
C09CB413
C09DD4FF
C09EF763
C0A01B31
C0A14059
C0A266CC
C0A38E7C
C0A4B759
C0A5E158
C0A70C69
C0A83880
C0A96590
C0AA938D
C0ABC26B
C0ACF21D
C0AE2299
C0AF53D5
C0B085C5
C0B1B860
C0B2EB9C
C0B41F6F
C0B553D2
C0B688BC
C0B7BE24
C0B8F403
C0BA2A52
C0BB6109
C0BC9822
C0BDCF97
C0BF0761
C0C03F7B
C0C177DF
C0C2B088
C0C3E972
C0C52297
C0C65BF4
C0C79584
C0C8CF44
C0CA092F
C0CB4343
C0CC7D7B
C0CDB7D6
C0CEF250
C0D02CE6
C0D16796
C0D2A25E
C0D3DD3B
C0D5182B
C0D6532D
C0D78E3E
C0D8C95D
C0DA0488
C0DB3FBF
C0DC7AFF
C0DDB647
C0DEF196
C0E02CEB
C0E16845
C0E2A3A3
C0E3DF04
C0E51A68
C0E655CD
C0E79133
C0E8CC9A
C0EA0801
C0EB4367
C0EC7ECB
C0EDBA2F
C0EEF590
C0F030EF
C0F16C4C
C0F2A7A5
C0F3E2FC
C0F51E4F
C0F6599F
C0F794EB
C0F8D033
C0FA0B78
C0FB46B8
C0FC81F4
C0FDBD2C
C0FEF85F
C10019C7
C100B75D
C10154F0
C101F281
C1029010
C1032D9C
C103CB27
C10468AF
C1050635
C105A3B9
C106413B
C106DEBB
C1077C39
C10819B4
C108B72E
C10954A6
C109F21C
C10A8F90
C10B2D01
C10BCA72
C031A97C
C031D1BE
C031FB09
C0322565
C03250D8
C0327D68
C032AB1C
C032D9FB
C0330A0D
C0333B57
C0336DE2
C033A1B4
C033D6D7
C0340D51
C034452A
C0347E6B
C034B91B
C034F544
C03532EE
C0357221
C035B2E7
C035F549
C0363951
C0367F07
C036C676
C0370FA8
C0375AA6
C037A77B
C037F632
C03846D6
C0389971
C038EE0E
C03944BA
C0399D7F
C039F86A
C03A5586
C03AB4E0
C03B1685
C03B7A81
C03BE0E1
C03C49B3
C03CB504
C03D22E1
C03D935A
C03E067B
C03E7C54
C03EF4F3
C03F7068
C03FEEC0
C040700D
C040F45D
C0417BC1
C0420649
C0429405
C0432506
C043B95D
C044511B
C044EC52
C0458B14
C0462D71
C046D37D
C0477D49
C0482AE8
C048DC6E
C04991EC
C04A4B75
C04B091E
C04BCAF9
C04C911A
C04D5B94
C04E2A7B
C04EFDE3
C04FD5E0
C050B285
C05193E6
C0527A18
C053652E
C054553B
C0554A53
C0564489
C05743F2
C058489F
C05952A3
C05A6211
C05B76FB
C05C9173
C05DB189
C05ED74E
C06002D3
C0613427
C0626B58
C063A876
C064EB8C
C06634A9
C06783D6
C068D920
C06A3490
C06B962E
C06CFE01
C06E6C11
C06FE062
C0715AF8
C072DBD6
C07462FC
C075F06A
C077841F
C0791E18
C07ABE4F
C07C64BF
C07E1160
C07FC428
C080BE86
C0819E01
C082807D
C08365F2
C0844E59
C08539A7
C08627D3
C08718D3
C0880C9B
C0890320
C089FC55
C08AF82C
C08BF699
C08CF78D
C08DFAFB
C08F00D2
C0900905
C0911382
C092203B
C0932F20
C0944020
C095532B
C0966830
C0977F1F
C09897E8
C099B27A
C09ACEC5
C09BECB8
C09D0C43
C09E2D57
C09F4FE4
C0A073D9
C0A19929
C0A2BFC4
C0A3E79B
C0A510A1
C0A63AC7
C0A76600
C0A8923E
C0A9BF75
C0AAED98
C0AC1C9C
C0AD4C74
C0AE7D16
C0AFAE76
C0B0E08B
C0B2134A
C0B346A9
C0B47AA0
C0B5AF26
C0B6E432
C0B819BB
C0B94FBC
C0BA862B
C0BBBD02
C0BCF43A
C0BE2BCD
C0BF63B6
C0C09BED
C0C1D46E
C0C30D34
C0C4463A
C0C57F7B
C0C6B8F2
C0C7F29C
C0C92C75
C0CA6679
C0CBA0A5
C0CCDAF6
C0CE1567
C0CF4FF8
C0D08AA4
C0D1C569
C0D30046
C0D43B38
C0D5763C
C0D6B151
C0D7EC75
C0D927A7
C0DA62E4
C0DB9E2B
C0DCD97C
C0DE14D5
C0DF5034
C0E08B98
C0E1C701
C0E3026E
C0E43DDD
C0E5794F
C0E6B4C2
C0E7F035
C0E92BA8
C0EA671B
C0EBA28D
C0ECDDFE
C0EE196C
C0EF54D8
C0F09042
C0F1CBA9
C0F3070C
C0F4426C
C0F57DC9
C0F6B922
C0F7F476
C0F92FC7
C0FA6B13
C0FBA65C
C0FCE19F
C0FE1CDE
C0FF5819
C10049A8
C100E740
C10184D7
C102226B
C102BFFD
C1035D8D
C103FB1A
C10498A5
C105362E
C105D3B4
C1067139
C1070EBB
C107AC3B
C10849B9
C108E735
C10984AE
C10A2226
C10ABF9C
C10B5D10
C10BFA82
C0327957
C032A13D
C032CA2C
C032F42B
C0331F3F
C0334B70
C03378C4
C033A743
C033D6F2
C03407DA
C0343A01
C0346D70
C034A22E
C034D842
C0350FB5
C035488E
C03582D7
C035BE97
C035FBD8
C0363AA1
C0367AFD
C036BCF4
C0370090
C03745DA
C0378CDC
C037D5A0
C0382031
C0386C98
C038BAE0
C0390B15
C0395D40
C039B16E
C03A07A9
C03A5FFE
C03ABA78
C03B1724
C03B760D
C03BD741
C03C3ACC
C03CA0BB
C03D091C
C03D73FC
C03DE168
C03E5170
C03EC421
C03F3989
C03FB1B8
C0402CBD
C040AAA6
C0412B84
C041AF66
C042365C
C042C077
C0434DC7
C043DE5C
C0447248
C045099D
C045A46B
C04642C4
C046E4BA
C0478A60
C04833C8
C048E103
C0499227
C04A4744
C04B006E
C04BBDB9
C04C7F37
C04D44FE
C04E0F1F
C04EDDAF
C04FB0C2
C050886B
C05164BF
C05245D2
C0532BB6
C0541681
C0550646
C055FB18
C056F50B
C057F432
C058F8A0
C05A0269
C05B119E
C05C2651
C05D4095
C05E607A
C05F8611
C060B16B
C061E297
C06319A4
C064569F
C0659997
C066E298
C06831AE
C06986E3
C06AE241
C06C43D1
C06DAB99
C06F19A2
C0708DEE
C0720883
C0738963
C075108F
C0769E07
C07831C9
C079CBD1
C07B6C1C
C07D12A2
C07EBF5C
C0803921
C08115A3
C081F52F
C082D7BE
C083BD48
C084A5C4
C085912A
C0867F6F
C0877088
C088646C
C0895B0D
C08A545F
C08B5055
C08C4EE2
C08D4FF7
C08E5386
C08F5980
C09061D6
C0916C78
C0927957
C0938861
C0949987
C095ACB9
C096C1E6
C097D8FD
C098F1EE
C09A0CA9
C09B291D
C09C4739
C09D66EE
C09E882B
C09FAAE1
C0A0CF01
C0A1F47A
C0A31B3F
C0A44340
C0A56C6F
C0A696BE
C0A7C21F
C0A8EE86
C0AA1BE5
C0AB4A31
C0AC795C
C0ADA95C
C0AEDA24
C0B00BAB
C0B13DE6
C0B270CB
C0B3A44F
C0B4D86B
C0B60D14
C0B74244
C0B877F0
C0B9AE13
C0BAE4A4
C0BC1B9C
C0BD52F5
C0BE8AA8
C0BFC2B0
C0C0FB06
C0C233A5
C0C36C89
C0C4A5AB
C0C5DF08
C0C7189B
C0C85261
C0C98C54
C0CAC672
C0CC00B7
C0CD3B20
C0CE75AA
C0CFB052
C0D0EB15
C0D225F1
C0D360E3
C0D49BEA
C0D5D703
C0D7122C
C0D84D64
C0D988A8
C0DAC3F8
C0DBFF52
C0DD3AB4
C0DE761E
C0DFB18D
C0E0ED02
C0E2287B
C0E363F7
C0E49F75
C0E5DAF5
C0E71675
C0E851F6
C0E98D77
C0EAC8F6
C0EC0475
C0ED3FF1
C0EE7B6B
C0EFB6E3
C0F0F257
C0F22DC8
C0F36936
C0F4A4A0
C0F5E007
C0F71B69
C0F856C6
C0F99220
C0FACD75
C0FC08C5
C0FD4411
C0FE7F58
C0FFBA9A
C1007AEC
C1011888
C101B622
C10253B9
C102F14E
C1038EE1
C1042C71
C104C9FF
C105678A
C1060514
C106A29B
C107401F
C107DDA2
C1087B22
C10918A0
C109B61C
C10A5396
C10AF10E
C10B8E84
C10C2BF7
C0334D53
C03374DF
C0339D73
C033C715
C033F1CD
C0341DA0
C0344A95
C03478B4
C034A803
C034D889
C0350A4F
C0353D5B
C03571B5
C035A764
C035DE72
C03616E5
C03650C7
C0368C20
C036C8F9
C0370759
C037474C
C03788D9
C037CC0A
C03810E9
C038577F
C0389FD7
C038E9FB
C03935F5
C03983CF
C039D396
C03A2553
C03A7912
C03ACEDE
C03B26C3
C03B80CE
C03BDD0A
C03C3B83
C03C9C47
C03CFF61
C03D64E0
C03DCCD1
C03E3741
C03EA43D
C03F13D5
C03F8616
C03FFB0F
C04072CF
C040ED65
C0416AE0
C041EB50
C0426EC5
C042F54E
C0437EFC
C0440BE0
C0449C0B
C0452F8D
C045C678
C04660DE
C046FED0
C047A060
C04845A1
C048EEA4
C0499B7E
C04A4C40
C04B00FD
C04BB9C9
C04C76B7
C04D37DA
C04DFD47
C04EC710
C04F954A
C0506809
C0513F60
C0521B64
C052FC28
C053E1C1
C054CC42
C055BBBF
C056B04D
C057A9FD
C058A8E4
C059AD15
C05AB6A3
C05BC5A0
C05CDA1F
C05DF430
C05F13E6
C0603951
C0616481
C0629587
C063CC70
C065094C
C0664C27
C067950F
C068E40E
C06A3930
C06B947F
C06CF602
C06E5DC2
C06FCBC5
C0714010
C072BAA6
C0743B8B
C075C2BF
C0775043
C078E414
C07A7E2E
C07C1E8F
C07DC52E
C07F7205
C0809285
C0816F18
C0824EB7
C083315B
C08416FA
C084FF8E
C085EB0D
C086D96C
C087CAA1
C088BEA1
C089B560
C08AAED2
C08BAAE9
C08CA997
C08DAACF
C08EAE81
C08FB4A0
C090BD1B
C091C7E3
C092D4E8
C093E41A
C094F569
C09608C3
C0971E19
C098355A
C0994E76
C09A695B
C09B85F9
C09CA440
C09DC420
C09EE589
C0A0086B
C0A12CB6
C0A2525A
C0A3794A
C0A4A176
C0A5CAD0
C0A6F54A
C0A820D6
C0A94D68
C0AA7AF1
C0ABA966
C0ACD8BB
C0AE08E3
C0AF39D4
C0B06B83
C0B19DE5
C0B2D0F1
C0B4049C
C0B538DE
C0B66DAD
C0B7A301
C0B8D8D2
C0BA0F18
C0BB45CC
C0BC7CE7
C0BDB461
C0BEEC36
C0C0245E
C0C15CD4
C0C29593
C0C3CE95
C0C507D5
C0C64150
C0C77B00
C0C8B4E1
C0C9EEF0
C0CB2929
C0CC6388
C0CD9E0B
C0CED8AE
C0D0136E
C0D14E49
C0D2893C
C0D3C445
C0D4FF62
C0D63A90
C0D775CE
C0D8B11A
C0D9EC72
C0DB27D6
C0DC6342
C0DD9EB6
C0DEDA32
C0E015B3
C0E15138
C0E28CC1
C0E3C84D
C0E503DA
C0E63F69
C0E77AF8
C0E8B687
C0E9F215
C0EB2DA2
C0EC692D
C0EDA4B6
C0EEE03C
C0F01BC0
C0F1573F
C0F292BC
C0F3CE34
C0F509A9
C0F64519
C0F78084
C0F8BBEC
C0F9F74E
C0FB32AC
C0FC6E05
C0FDA959
C0FEE4A7
C1000FF9
C100AD9B
C1014B3B
C101E8D8
C1028673
C103240B
C103C1A1
C1045F35
C104FCC5
C1059A54
C10637E0
C106D569
C10772F1
C1081076
C108ADF8
C1094B79
C109E8F7
C10A8673
C10B23ED
C10BC165
C10C5EDB
C034257F
C0344CB2
C03474EC
C0349E34
C034C890
C034F406
C035209E
C0354E5F
C0357D4F
C035AD75
C035DEDA
C0361184
C036457B
C0367AC8
C036B171
C036E980
C03722FD
C0375DEF
C0379A61
C037D85A
C03817E4
C0385908
C0389BD0
C038E044
C0392670
C0396E5D
C039B815
C03A03A3
C03A5111
C03AA06A
C03AF1BA
C03B450B
C03B9A69
C03BF1E0
C03C4B7C
C03CA749
C03D0553
C03D65A8
C03DC854
C03E2D63
C03E94E5
C03EFEE5
C03F6B73
C03FDA9B
C0404C6E
C040C0F8
C041384A
C041B272
C0422F80
C042AF82
C043328A
C043B8A8
C04441EB
C044CE64
C0455E25
C045F13E
C04687C1
C04721BF
C047BF4B
C0486076
C0490552
C049ADF3
C04A5A6B
C04B0ACC
C04BBF2A
C04C7799
C04D342B
C04DF4F4
C04EBA08
C04F837B
C0505160
C05123CC
C051FAD2
C052D687
C053B6FE
C0549C4C
C0558685
C05675BC
C0576A06
C0586375
C059621E
C05A6613
C05B6F68
C05C7E2E
C05D9279
C05EAC5A
C05FCBE2
C060F122
C0621C2B
C0634D0C
C06483D4
C065C092
C0670352
C0684C22
C0699B0D
C06AF01E
C06C4B5F
C06DACD9
C06F1492
C0708292
C071F6DD
C0737178
C074F264
C07679A3
C0780735
C0799B17
C07B3547
C07CD5C0
C07E7C7B
C08014B9
C080EE4C
C081CAF3
C082AAA6
C0838D5F
C0847317
C0855BC4
C086475C
C08735D8
C088272A
C0891B49
C08A1228
C08B0BBA
C08C07F3
C08D06C5
C08E0821
C08F0BF9
C090123D
C0911AE0
C09225D0
C09332FE
C0944259
C09553D1
C0966757
C0977CD8
C0989444
C099AD8C
C09AC89D
C09BE568
C09D03DC
C09E23E9
C09F457F
C0A0688E
C0A18D06
C0A2B2D8
C0A3D9F5
C0A5024E
C0A62BD5
C0A7567B
C0A88234
C0A9AEF1
C0AADCA6
C0AC0B46
C0AD3AC6
C0AE6B19
C0AF9C34
C0B0CE0D
C0B20098
C0B333CC
C0B4679F
C0B59C08
C0B6D0FE
C0B80679
C0B93C6F
C0BA72DA
C0BBA9B3
C0BCE0F1
C0BE188F
C0BF5086
C0C088D0
C0C1C168
C0C2FA47
C0C43369
C0C56CC8
C0C6A661
C0C7E02F
C0C91A2E
C0CA5459
C0CB8EAE
C0CCC928
C0CE03C6
C0CF3E82
C0D0795C
C0D1B44F
C0D2EF5B
C0D42A7B
C0D565AF
C0D6A0F3
C0D7DC47
C0D917A8
C0DA5315
C0DB8E8C
C0DCCA0C
C0DE0594
C0DF4121
C0E07CB4
C0E1B84B
C0E2F3E5
C0E42F81
C0E56B1F
C0E6A6BD
C0E7E25B
C0E91DF9
C0EA5995
C0EB952F
C0ECD0C8
C0EE0C5E
C0EF47F0
C0F08380
C0F1BF0B
C0F2FA93
C0F43617
C0F57196
C0F6AD10
C0F7E886
C0F923F7
C0FA5F63
C0FB9ACA
C0FCD62B
C0FE1188
C0FF4CDF
C1004418
C100E1BF
C1017F62
C1021D03
C102BAA2
C103583D
C103F5D6
C104936D
C1053101
C105CE92
C1066C21
C10709AE
C107A737
C10844BF
C108E244
C1097FC7
C10A1D48
C10ABAC6
C10B5842
C10BF5BC
C10C9334
C03501EC
C03528C7
C03550A9
C0357997
C035A399
C035CEB4
C035FAF0
C0362853
C03656E5
C03686AD
C036B7B2
C036E9FC
C0371D92
C037527C
C03788C3
C037C06F
C037F987
C0383414
C0387020
C038ADB3
C038ECD6
C0392D92
C0396FF1
C039B3FD
C039F9C0
C03A4142
C03A8A90
C03AD5B2
C03B22B5
C03B71A2
C03BC286
C03C156A
C03C6A5B
C03CC165
C03D1A94
C03D75F3
C03DD38F
C03E3376
C03E95B3
C03EFA55
C03F6168
C03FCAFA
C040371A
C040A5D5
C0411739
C0418B56
C042023B
C0427BF6
C042F897
C043782E
C043FACA
C044807C
C0450955
C0459565
C04624BD
C046B76E
C0474D89
C047E721
C0488448
C049250E
C049C988
C04A71C7
C04B1DDE
C04BCDE0
C04C81E0
C04D39F3
C04DF62A
C04EB69A
C04F7B56
C0504473
C0511205
C051E41F
C052BAD5
C053963C
C0547668
C0555B6D
C056455F
C0573451
C0582859
C0592188
C05A1FF4
C05B23AF
C05C2CCC
C05D3B5D
C05E4F76
C05F6928
C0608884
C061AD9B
C062D87E
C064093D
C0653FE5
C0667C87
C067BF2E
C06907E9
C06A56C2
C06BABC5
C06D06FA
C06E686C
C06FD021
C0713E20
C072B26E
C0742D0F
C075AE06
C0773552
C078C2F5
C07A56EC
C07BF134
C07D91C8
C07F38A2
C08072DD
C0814C83
C082293F
C0830908
C083EBD9
C084D1A9
C085BA71
C086A626
C08794BF
C0888630
C0897A6F
C08A7170
C08B6B25
C08C6782
C08D6678
C08E67FB
C08F6BFA
C0907267
C0917B32
C092864C
C09393A4
C094A32B
C095B4CF
C096C881
C097DE2F
C098F5C9
C09A0F3F
C09B2A7E
C09C4778
C09D661B
C09E8656
C09FA81B
C0A0CB59
C0A1F000
C0A31601
C0A43D4D
C0A565D5
C0A68F8A
C0A7BA5F
C0A8E646
C0AA1331
C0AB4113
C0AC6FE1
C0AD9F8D
C0AED00C
C0B00153
C0B13357
C0B2660D
C0B3996B
C0B4CD68
C0B601FA
C0B73718
C0B86CBA
C0B9A2D8
C0BAD96A
C0BC1068
C0BD47CC
C0BE7F8E
C0BFB7A9
C0C0F016
C0C228D0
C0C361D1
C0C49B14
C0C5D494
C0C70E4C
C0C84839
C0C98256
C0CABC9F
C0CBF711
C0CD31A8
C0CE6C60
C0CFA738
C0D0E22C
C0D21D39
C0D3585D
C0D49396
C0D5CEE2
C0D70A3D
C0D845A8
C0D9811F
C0DABCA1
C0DBF82D
C0DD33C1
C0DE6F5C
C0DFAAFD
C0E0E6A2
C0E2224B
C0E35DF7
C0E499A4
C0E5D552
C0E71100
C0E84CAE
C0E9885B
C0EAC406
C0EBFFAF
C0ED3B55
C0EE76F8
C0EFB298
C0F0EE34
C0F229CC
C0F3655F
C0F4A0EE
C0F5DC79
C0F717FE
C0F8537E
C0F98EF9
C0FACA6F
C0FC05DF
C0FD414A
C0FE7CAF
C0FFB80F
C10079B5
C101175F
C101B507
C10252AB
C102F04D
C1038DEC
C1042B89
C104C923
C10566BA
C106044E
C106A1E0
C1073F6F
C107DCFC
C1087A86
C109180E
C109B594
C10A5317
C10AF097
C10B8E16
C10C2B92
C10CC90C
C035E2A8
C036092D
C03630B8
C036594E
C03682F6
C036ADB8
C036D999
C03706A1
C03734D6
C0376441
C03794E7
C037C6D2
C037FA08
C0382E92
C0386477
C0389BC1
C038D476
C0390EA0
C0394A47
C0398775
C039C632
C03A0688
C03A4880
C03A8C24
C03AD17E
C03B1898
C03B617C
C03BAC35
C03BF8CD
C03C4750
C03C97C8
C03CEA41
C03D3EC6
C03D9564
C03DEE26
C03E4918
C03EA648
C03F05C2
C03F6792
C03FCBC7
C040326D
C0409B92
C0410744
C0417592
C041E68A
C0425A3B
C042D0B3
C0434A03
C043C638
C0444564
C044C796
C0454CDE
C045D54E
C04660F5
C046EFE5
C047822F
C04817E4
C048B117
C0494DD9
C049EE3D
C04A9254
C04B3A33
C04BE5EA
C04C958E
C04D4932
C04E00E9
C04EBCC7
C04F7CDF
C0504145
C0510A0E
C051D74D
C052A916
C0537F7E
C0545A99
C0553A7A
C0561F37
C05708E3
C057F793
C058EB5A
C059E44B
C05AE27B
C05BE5FD
C05CEEE4
C05DFD43
C05F112C
C0602AB0
C06149E2
C0626ED2
C0639991
C064CA2F
C06600BA
C0673D42
C0687FD3
C069C87A
C06B1743
C06C6C39
C06DC766
C06F28D3
C0709086
C071FE87
C07372DB
C074ED85
C0766E87
C077F5E4
C079839B
C07B17A9
C07CB20C
C07E52BF
C07FF9BB
C080D37C
C081AD37
C0828A08
C08369E9
C0844CD4
C08532BF
C0861BA3
C0870776
C087F62E
C088E7C0
C089DC21
C08AD345
C08BCD1F
C08CC9A1
C08DC8BF
C08ECA69
C08FCE92
C090D529
C091DE1F
C092E964
C093F6E9
C095069D
C0961870
C0972C50
C098422D
C09959F7
C09A739C
C09B8F0C
C09CAC36
C09DCB09
C09EEB76
C0A00D6C
C0A130DA
C0A255B3
C0A37BE4
C0A4A361
C0A5CC1A
C0A6F5FF
C0A82104
C0A94D1B
C0AA7A36
C0ABA847
C0ACD744
C0AE071E
C0AF37CB
C0B06940
C0B19B71
C0B2CE53
C0B401DD
C0B53605
C0B66AC2
C0B7A00A
C0B8D5D5
C0BA0C1C
C0BB42D5
C0BC79FB
C0BDB185
C0BEE96E
C0C021AE
C0C15A3F
C0C2931D
C0C3CC41
C0C505A6
C0C63F48
C0C77921
C0C8B32E
C0C9ED6B
C0CB27D2
C0CC6262
C0CD9D16
C0CED7EC
C0D012DF
C0D14DEF
C0D28916
C0D3C455
C0D4FFA7
C0D63B0B
C0D7767F
C0D8B200
C0D9ED8E
C0DB2927
C0DC64C8
C0DDA071
C0DEDC21
C0E017D5
C0E1538E
C0E28F4A
C0E3CB07
C0E506C6
C0E64285
C0E77E44
C0E8BA02
C0E9F5BF
C0EB3179
C0EC6D31
C0EDA8E5
C0EEE496
C0F02044
C0F15BED
C0F29791
C0F3D331
C0F50ECC
C0F64A62
C0F785F3
C0F8C17E
C0F9FD03
C0FB3883
C0FC73FD
C0FDAF72
C0FEEAE0
C1001324
C100B0D6
C1014E84
C101EC30
C10289D9
C103277E
C103C521
C10462C1
C105005F
C1059DF9
C1063B91
C106D926
C10776B8
C1081447
C108B1D5
C1094F5F
C109ECE7
C10A8A6C
C10B27F0
C10BC570
C10C62EF
C10D006B
C036C7C4
C036EDF4
C0371529
C0373D68
C03766B9
C0379122
C037BCAA
C037E957
C0381732
C0384640
C038768A
C038A817
C038DAEF
C0390F19
C039449E
C0397B86
C039B3DA
C039EDA1
C03A28E5
C03A65AF
C03AA408
C03AE3F9
C03B258B
C03B68C9
C03BADBC
C03BF46E
C03C3CEA
C03C873A
C03CD369
C03D2183
C03D7191
C03DC39F
C03E17BA
C03E6DED
C03EC644
C03F20CB
C03F7D8F
C03FDC9D
C0403E02
C040A1CA
C0410804
C04170BE
C041DC04
C04249E7
C042BA73
C0432DB8
C043A3C6
C0441CAA
C0449876
C0451738
C0459900
C0461DE0
C046A5E7
C0473127
C047BFB0
C0485194
C048E6E5
C0497FB4
C04A1C13
C04ABC15
C04B5FCB
C04C074A
C04CB2A3
C04D61EB
C04E1533
C04ECC90
C04F8816
C05047D7
C0510BE9
C051D45E
C052A14C
C05372C6
C05448E1
C05523B1
C056034A
C056E7C0
C057D128
C058BF96
C059B31E
C05AABD3
C05BA9C9
C05CAD14
C05DB5C7
C05EC3F5
C05FD7AF
C060F108
C0621012
C06334DD
C0645F7A
C0658FF9
C066C669
C06802D9
C0694555
C06A8DEB
C06BDCA7
C06D3193
C06E8CBA
C06FEE24
C07155D8
C072C3DD
C0743839
C075B2EF
C0773401
C078BB71
C07A493F
C07BDD67
C07D77E8
C07F18BD
C0805FEF
C08136A2
C0821073
C082ED5C
C083CD56
C084B05C
C0859664
C0867F66
C0876B58
C0885A32
C0894BE6
C08A406C
C08B37B5
C08C31B5
C08D2E60
C08E2DA6
C08F2F7A
C09033CE
C0913A91
C09243B4
C0934F27
C0945CDB
C0956CBE
C0967EC0
C09792D1
C098A8DF
C099C0DB
C09ADAB1
C09BF654
C09D13B0
C09E32B6
C09F5356
C0A0757F
C0A19920
C0A2BE2C
C0A3E490
C0A50C40
C0A6352B
C0A75F43
C0A88A7A
C0A9B6C3
C0AAE40F
C0AC1252
C0AD417F
C0AE7189
C0AFA266
C0B0D40A
C0B20669
C0B3397A
C0B46D31
C0B5A186
C0B6D66F
C0B80BE3
C0B941D9
C0BA784A
C0BBAF2D
C0BCE67B
C0BE1E2E
C0BF563D
C0C08EA4
C0C1C75C
C0C3005E
C0C439A7
C0C57330
C0C6ACF4
C0C7E6F0
C0C9211E
C0CA5B7B
C0CB9603
C0CCD0B2
C0CE0B85
C0CF4678
C0D08188
C0D1BCB4
C0D2F7F7
C0D43351
C0D56EBD
C0D6AA3B
C0D7E5C7
C0D92161
C0DA5D07
C0DB98B6
C0DCD46E
C0DE102D
C0DF4BF2
C0E087BB
C0E1C388
C0E2FF57
C0E43B27
C0E576F8
C0E6B2CA
C0E7EE9A
C0E92A69
C0EA6635
C0EBA200
C0ECDDC7
C0EE198A
C0EF554A
C0F09105
C0F1CCBC
C0F3086D
C0F4441A
C0F57FC1
C0F6BB63
C0F7F6FF
C0F93296
C0FA6E26
C0FBA9B1
C0FCE535
C0FE20B3
C0FF5C2B
C1004BCF
C100E985
C1018737
C10224E7
C102C294
C103603E
C103FDE4
C1049B88
C1053929
C105D6C7
C1067462
C10711FA
C107AF8F
C1084D22
C108EAB2
C109883F
C10A25CA
C10AC352
C10B60D8
C10BFE5B
C10C9BDC
C10D395A
C037B14F
C037D72B
C037FE0C
C03825F6
C0384EF1
C0387902
C038A432
C038D087
C038FE07
C0392CBB
C0395CA9
C0398DDA
C039C054
C039F421
C03A2947
C03A5FD0
C03A97C3
C03AD129
C03B0C0C
C03B4873
C03B8669
C03BC5F5
C03C0723
C03C49FC
C03C8E89
C03CD4D5
C03D1CEB
C03D66D3
C03DB29B
C03E004C
C03E4FF1
C03EA197
C03EF549
C03F4B12
C03FA2FF
C03FFD1C
C0405975
C040B819
C0411913
C0417C71
C041E240
C0424A8F
C042B56B
C04322E3
C0439305
C04405E0
C0447B84
C044F3FF
C0456F61
C045EDBB
C0466F1B
C046F394
C0477B34
C048060E
C0489431
C04925B1
C049BA9E
C04A530A
C04AEF07
C04B8EA8
C04C3200
C04CD920
C04D841D
C04E3308
C04EE5F7
C04F9CFB
C050582A
C0511796
C051DB54
C052A378
C0537016
C0544143
C0551712
C055F199
C056D0EB
C057B51C
C0589E42
C0598C70
C05A7FBA
C05B7835
C05C75F3
C05D7909
C05E8189
C05F8F87
C060A315
C061BC45
C062DB28
C063FFD1
C0652A4E
C0665AB1
C0679108
C068CD62
C06A0FCC
C06B5854
C06CA704
C06DFBE9
C06F570C
C070B876
C072202E
C0738E3A
C07502A1
C0767D66
C077FE8A
C0798611
C07B13F8
C07CA83E
C07E42E1
C07FE3DA
C080C592
C0819C5B
C0827643
C0835346
C084335B
C085167E
C085FCA4
C086E5C6
C087D1DA
C088C0D7
C089B2B0
C08AA75B
C08B9ECC
C08C98F5
C08D95C9
C08E953A
C08F973B
C0909BBB
C091A2AC
C092ABFF
C093B7A2
C094C586
C095D59B
C096E7CF
C097FC12
C0991254
C09A2A83
C09B448E
C09C6064
C09D7DF5
C09E9D30
C09FBE05
C0A0E063
C0A20439
C0A32979
C0A45013
C0A577F7
C0A6A117
C0A7CB64
C0A8F6CF
C0AA234B
C0AB50CB
C0AC7F41
C0ADAEA0
C0AEDEDD
C0B00FEC
C0B141C0
C0B27450
C0B3A790
C0B4DB77
C0B60FFB
C0B74511
C0B87AB2
C0B9B0D5
C0BAE772
C0BC1E80
C0BD55F9
C0BE8DD5
C0BFC60D
C0C0FE9C
C0C2377B
C0C370A4
C0C4AA12
C0C5E3C0
C0C71DA9
C0C857C8
C0C99219
C0CACC98
C0CC0741
C0CD4210
C0CE7D03
C0CFB815
C0D0F343
C0D22E8C
C0D369ED
C0D4A562
C0D5E0E9
C0D71C81
C0D85828
C0D993DB
C0DACF99
C0DC0B61
C0DD4730
C0DE8305
C0DFBEE0
C0E0FABE
C0E236A0
C0E37283
C0E4AE67
C0E5EA4C
C0E7262F
C0E86212
C0E99DF2
C0EAD9D0
C0EC15AA
C0ED5181
C0EE8D54
C0EFC923
C0F104ED
C0F240B1
C0F37C71
C0F4B82B
C0F5F3DF
C0F72F8D
C0F86B35
C0F9A6D8
C0FAE273
C0FC1E09
C0FD5998
C0FE9520
C0FFD0A2
C100860F
C10123CA
C101C181
C1025F35
C102FCE6
C1039A94
C104383E
C104D5E6
C105738B
C106112C
C106AECA
C1074C66
C107E9FF
C1088794
C1092527
C109C2B7
C10A6045
C10AFDD0
C10B9B58
C10C38DE
C10CD661
C10D73E2
C0389F58
C038C4E2
C038EB70
C0391306
C0393BAC
C0396568
C0399041
C039BC3E
C039E966
C03A17C1
C03A4755
C03A782B
C03AAA4A
C03ADDBA
C03B1283
C03B48AD
C03B8042
C03BB948
C03BF3CA
C03C2FD0
C03C6D64
C03CAC8F
C03CED59
C03D2FCE
C03D73F7
C03DB9DE
C03E018E
C03E4B11
C03E9672
C03EE3BC
C03F32FB
C03F8439
C03FD782
C0402CE3
C0408467
C040DE1C
C0413A0C
C0419846
C041F8D7
C0425BCC
C042C132
C0432917
C043938A
C0440099
C0447052
C044E2C4
C0455800
C045D013
C0464B0D
C046C8FF
C04749F9
C047CE0B
C0485546
C048DFBB
C0496D7B
C049FE97
C04A9322
C04B2B2C
C04BC6C9
C04C660B
C04D0904
C04DAFC8
C04E5A69
C04F08FB
C04FBB90
C050723E
C0512D17
C051EC30
C052AF9C
C0537770
C05443C0
C05514A1
C055EA26
C056C465
C057A371
C0588760
C0597045
C05A5E35
C05B5143
C05C4985
C05D470D
C05E49F0
C05F5240
C0606010
C0617374
C0628C7C
C063AB3C
C064CFC3
C065FA23
C0672A6C
C06860AC
C0699CF3
C06ADF4E
C06C27C9
C06D7672
C06ECB52
C0702674
C07187E0
C072EF9E
C0745DB5
C075D22A
C0774D00
C078CE3B
C07A55DA
C07BE3DE
C07D7846
C07F130C
C0805A17
C0812DD2
C08204B3
C082DEB5
C083BBD2
C0849C05
C0857F46
C086658D
C0874ED1
C0883B09
C0892A2A
C08A1C2A
C08B10FD
C08C0897
C08D02EA
C08DFFEB
C08EFF89
C09001B8
C0910667
C0920D89
C093170C
C09422E1
C09530F9
C0964141
C09753A9
C0986821
C0997E98
C09A96FD
C09BB13E
C09CCD4B
C09DEB13
C09F0A85
C0A02B91
C0A14E25
C0A27233
C0A397AB
C0A4BE7C
C0A5E697
C0A70FED
C0A83A70
C0A96612
C0AA92C4
C0ABC079
C0ACEF23
C0AE1EB7
C0AF4F28
C0B0806A
C0B1B272
C0B2E534
C0B418A6
C0B54CBE
C0B68172
C0B7B6B8
C0B8EC88
C0BA22D9
C0BB59A3
C0BC90DE
C0BDC883
C0BF008A
C0C038ED
C0C171A5
C0C2AAAD
C0C3E3FE
C0C51D94
C0C65768
C0C79176
C0C8CBBA
C0CA062F
C0CB40D1
C0CC7B9D
C0CDB68E
C0CEF1A1
C0D02CD3
C0D16821
C0D2A388
C0D3DF06
C0D51A98
C0D6563C
C0D791F0
C0D8CDB2
C0DA097F
C0DB4556
C0DC8137
C0DDBD1E
C0DEF90B
C0E034FC
C0E170F1
C0E2ACE8
C0E3E8E0
C0E524D9
C0E660D1
C0E79CC8
C0E8D8BD
C0EA14AF
C0EB509E
C0EC8C8A
C0EDC872
C0EF0455
C0F04033
C0F17C0C
C0F2B7DF
C0F3F3AD
C0F52F75
C0F66B36
C0F7A6F1
C0F8E2A6
C0FA1E54
C0FB59FC
C0FC959D
C0FDD137
C0FF0CCA
C100242B
C100C1EE
C1015FAD
C101FD69
C1029B22
C10338D7
C103D68A
C1047438
C10511E4
C105AF8C
C1064D31
C106EAD3
C1078872
C108260E
C108C3A7
C109613D
C109FED1
C10A9C61
C10B39EF
C10BD77A
C10C7502
C10D1288
C10DB00B
C03991EF
C039B729
C039DD65
C03A04A9
C03A2CFB
C03A5663
C03A80E7
C03AAC8E
C03AD95F
C03B0762
C03B369E
C03B671A
C03B98DF
C03BCBF4
C03C0061
C03C362E
C03C6D65
C03CA60E
C03CE031
C03D1BD7
C03D590B
C03D97D4
C03DD83D
C03E1A50
C03E5E16
C03EA39A
C03EEAE5
C03F3404
C03F7F00
C03FCBE5
C0401ABD
C0406B95
C040BE78
C0411372
C0416A8F
C041C3DC
C0421F65
C0427D37
C042DD60
C0433FEC
C043A4EA
C0440C68
C0447673
C044E31A
C045526B
C045C477
C046394B
C046B0F7
C0472B8B
C047A918
C04829AC
C048AD59
C0493430
C049BE42
C04A4B9F
C04ADC59
C04B7083
C04C082D
C04CA36C
C04D4250
C04DE4EC
C04E8B55
C04F359C
C04FE3D5
C0509614
C0514C6C
C05206F1
C052C5B8
C05388D4
C0545059
C0551C5D
C055ECF3
C056C230
C0579C29
C0587AF2
C0595E9F
C05A4745
C05B34F9
C05C27CE
C05D1FD9
C05E1D2D
C05F1FDE
C0602800
C06135A5
C06248E1
C06361C4
C0648062
C065A4CB
C066CF10
C067FF41
C069356D
C06A71A3
C06BB3F1
C06CFC63
C06E4B06
C06F9FE4
C070FB07
C0725C79
C073C441
C0753265
C076A6EB
C07821D6
C079A329
C07B2AE5
C07CB90A
C07E4D95
C07FE884
C080C4E9
C08198BB
C0826FB6
C08349D3
C084270E
C0850760
C085EAC1
C086D12A
C087BA93
C088A6F0
C0899638
C08A8861
C08B7D5E
C08C7523
C08D6FA4
C08E6CD2
C08F6C9F
C0906EFE
C09173DF
C0927B33
C09384EA
C09490F4
C0959F40
C096AFBE
C097C25D
C098D70C
C099EDBA
C09B0657
C09C20D1
C09D3D16
C09E5B17
C09F7AC2
C0A09C07
C0A1BED6
C0A2E31D
C0A408CE
C0A52FD8
C0A6582C
C0A781BB
C0A8AC77
C0A9D851
C0AB053B
C0AC3327
C0AD6209
C0AE91D3
C0AFC27A
C0B0F3F2
C0B2262E
C0B35925
C0B48CCA
C0B5C115
C0B6F5FB
C0B82B73
C0B96174
C0BA97F5
C0BBCEEE
C0BD0657
C0BE3E2A
C0BF765E
C0C0AEED
C0C1E7D0
C0C32102
C0C45A7D
C0C5943B
C0C6CE37
C0C8086C
C0C942D6
C0CA7D71
C0CBB837
C0CCF326
C0CE2E3A
C0CF696F
C0D0A4C3
C0D1E031
C0D31BB8
C0D45755
C0D59305
C0D6CEC7
C0D80A97
C0D94674
C0DA825D
C0DBBE4F
C0DCFA49
C0DE3649
C0DF724E
C0E0AE57
C0E1EA63
C0E32671
C0E4627F
C0E59E8C
C0E6DA99
C0E816A4
C0E952AC
C0EA8EB1
C0EBCAB3
C0ED06B0
C0EE42A9
C0EF7E9D
C0F0BA8B
C0F1F674
C0F33256
C0F46E33
C0F5AA09
C0F6E5D8
C0F821A1
C0F95D63
C0FA991D
C0FBD4D1
C0FD107E
C0FE4C23
C0FF87C2
C10061AC
C100FF74
C1019D39
C1023AFA
C102D8B7
C1037671
C1041427
C104B1DA
C1054F8A
C105ED36
C1068ADF
C1072885
C107C628
C10863C7
C1090163
C1099EFD
C10A3C93
C10ADA27
C10B77B7
C10C1545
C10CB2D0
C10D5059
C10DEDDE
C03A8923
C03AAE0E
C03AD3FA
C03AFAED
C03B22EE
C03B4C03
C03B7633
C03BA186
C03BCE02
C03BFBAE
C03C2A93
C03C5AB7
C03C8C23
C03CBEDE
C03CF2F1
C03D2863
C03D5F3E
C03D978A
C03DD14F
C03E0C98
C03E496C
C03E87D6
C03EC7DF
C03F0991
C03F4CF5
C03F9217
C03FD901
C04021BC
C0406C54
C040B8D5
C0410749
C04157BC
C041AA3A
C041FECE
C0425586
C042AE6D
C043098F
C04366FB
C043C6BE
C04428E4
C0448D7B
C044F492
C0455E37
C045CA78
C0463963
C046AB08
C0471F77
C04796BE
C04810ED
C0488E15
C0490E46
C0499190
C04A1804
C04AA1B3
C04B2EAF
C04BBF0A
C04C52D4
C04CEA20
C04D8501
C04E2389
C04EC5CA
C04F6BD9
C05015C8
C050C3AA
C0517593
C0522B98
C052E5CB
C053A441
C054670E
C0552E47
C055FA00
C056CA4E
C0579F45
C05878F9
C0595780
C05A3AEE
C05B2358
C05C10D1
C05D036F
C05DFB45
C05EF867
C05FFAE9
C06102DF
C062105B
C0632370
C0643C31
C0655AB0
C0667EFD
C067A929
C068D945
C06A0F5F
C06B4B87
C06C8DCB
C06DD636
C06F24D6
C07079B5
C071D4DE
C0733658
C0749E2C
C0760C61
C07780FB
C078FBFE
C07A7D6D
C07C0549
C07D9392
C07F2845
C08061B0
C081326E
C082065A
C082DD70
C083B7AB
C0849505
C0857578
C08658FC
C0873F89
C0882917
C089159C
C08A050E
C08AF761
C08BEC8B
C08CE47D
C08DDF2D
C08EDC8B
C08FDC8A
C090DF1C
C091E431
C092EBB9
C093F5A6
C09501E6
C0961069
C097211F
C09833F7
C09948E0
C09A5FC8
C09B789F
C09C9353
C09DAFD4
C09ECE10
C09FEDF7
C0A10F78
C0A23282
C0A35705
C0A47CF1
C0A5A436
C0A6CCC6
C0A7F690
C0A92187
C0AA4D9B
C0AB7ABF
C0ACA8E5
C0ADD800
C0AF0803
C0B038E2
C0B16A91
C0B29D04
C0B3D031
C0B5040C
C0B6388C
C0B76DA6
C0B8A351
C0B9D984
C0BB1037
C0BC4761
C0BD7EFB
C0BEB6FD
C0BFEF5F
C0C1281C
C0C2612C
C0C39A8A
C0C4D430
C0C60E18
C0C7483D
C0C8829B
C0C9BD2D
C0CAF7EE
C0CC32DA
C0CD6DEE
C0CEA926
C0CFE47F
C0D11FF5
C0D25B85
C0D3972D
C0D4D2EA
C0D60EB9
C0D74A99
C0D88687
C0D9C281
C0DAFE86
C0DC3A93
C0DD76A8
C0DEB2C2
C0DFEEE1
C0E12B02
C0E26726
C0E3A34B
C0E4DF6F
C0E61B93
C0E757B5
C0E893D4
C0E9CFF1
C0EB0C0A
C0EC481E
C0ED842E
C0EEC038
C0EFFC3D
C0F1383C
C0F27435
C0F3B028
C0F4EC14
C0F627F8
C0F763D6
C0F89FAD
C0F9DB7C
C0FB1744
C0FC5304
C0FD8EBD
C0FECA6F
C100030C
C100A0DD
C1013EAB
C101DC74
C1027A3A
C10317FD
C103B5BB
C1045376
C104F12E
C1058EE2
C1062C92
C106CA3F
C10767E9
C108058F
C108A332
C10940D2
C109DE6F
C10A7C08
C10B199F
C10BB733
C10C54C3
C10CF251
C10D8FDC
C10E2D65
C03B8504
C03BA9A2
C03BCF3F
C03BF5E3
C03C1D93
C03C4657
C03C7035
C03C9B35
C03CC75D
C03CF4B5
C03D2344
C03D5312
C03D8426
C03DB689
C03DEA43
C03E1F5C
C03E55DC
C03E8DCD
C03EC736
C03F0222
C03F3E99
C03F7CA5
C03FBC4F
C03FFDA1
C04040A6
C0408567
C040CBF0
C041144A
C0415E80
C041AA9E
C041F8AF
C04248BF
C0429AD9
C042EF0A
C043455D
C0439DDF
C043F89E
C04455A5
C044B502
C04516C3
C0457AF6
C045E1A8
C0464AE7
C046B6C3
C047254A
C047968B
C0480A96
C0488179
C048FB45
C049780A
C049F7D8
C04A7AC1
C04B00D4
C04B8A23
C04C16BF
C04CA6BB
C04D3A27
C04DD116
C04E6B9C
C04F09C9
C04FABB1
C0505168
C050FB00
C051A88D
C0525A22
C0530FD5
C053C9B7
C05487DF
C0554A60
C056114E
C056DCBE
C057ACC5
C0588178
C0595AEA
C05A3931
C05B1C62
C05C0490
C05CF1D2
C05DE43A
C05EDBDD
C05FD8CF
C060DB25
C061E2F1
C062F046
C0640338
C0651BD9
C0663A3A
C0675E6E
C0688884
C069B88D
C06AEE99
C06C2AB6
C06D6CF2
C06EB55A
C07003FA
C07158DD
C072B40D
C0741593
C0757D77
C076EBBF
C0786070
C079DB8F
C07B5D1E
C07CE51D
C07E738D
C0800436
C080D1DB
C081A2B3
C08276BA
C0834DEE
C0842848
C08505C3
C085E659
C086CA02
C087B0B6
C0889A6C
C089871B
C08A76B8
C08B6938
C08C5E8F
C08D56B2
C08E5193
C08F4F23
C0904F56
C091521D
C0925768
C0935F27
C094694C
C09575C5
C0968482
C0979573
C098A886
C099BDAA
C09AD4CF
C09BEDE2
C09D08D4
C09E2592
C09F440C
C0A06430
C0A185EF
C0A2A937
C0A3CDF8
C0A4F422
C0A61BA6
C0A74473
C0A86E7A
C0A999AE
C0AAC5FF
C0ABF35F
C0AD21C1
C0AE5117
C0AF8155
C0B0B26E
C0B1E457
C0B31703
C0B44A68
C0B57E7A
C0B6B331
C0B7E881
C0B91E62
C0BA54C9
C0BB8BB0
C0BCC30D
C0BDFAD9
C0BF330B
C0C06B9E
C0C1A48A
C0C2DDC9
C0C41754
C0C55127
C0C68B3B
C0C7C58B
C0C90013
C0CA3ACD
C0CB75B7
C0CCB0CB
C0CDEC05
C0CF2762
C0D062E0
C0D19E79
C0D2DA2C
C0D415F6
C0D551D4
C0D68DC4
C0D7C9C4
C0D905D1
C0DA41E9
C0DB7E0B
C0DCBA34
C0DDF665
C0DF329A
C0E06ED3
C0E1AB0E
C0E2E74A
C0E42387
C0E55FC3
C0E69BFD
C0E7D836
C0E9146B
C0EA509C
C0EB8CC9
C0ECC8F1
C0EE0514
C0EF4131
C0F07D48
C0F1B958
C0F2F562
C0F43165
C0F56D61
C0F6A955
C0F7E542
C0F92127
C0FA5D04
C0FB98D9
C0FCD4A7
C0FE106D
C0FF4C2A
C10043F0
C100E1C7
C1017F9A
C1021D69
C102BB34
C10358FC
C103F6BF
C104947F
C105323B
C105CFF3
C1066DA8
C1070B59
C107A907
C10846B1
C108E458
C10981FB
C10A1F9B
C10ABD38
C10B5AD2
C10BF869
C10C95FD
C10D338E
C10DD11C
C10E6EA7
C03C85A2
C03CA9F3
C03CCF44
C03CF599
C03D1CFB
C03D456F
C03D6EFD
C03D99AB
C03DC580
C03DF285
C03E20C0
C03E5039
C03E80F7
C03EB304
C03EE666
C03F1B27
C03F514E
C03F88E5
C03FC1F5
C03FFC85
C04038A0
C0407650
C040B59D
C040F692
C0413938
C0417D9A
C041C3C3
C0420BBD
C0425593
C042A150
C042EF00
C0433EAE
C0439066
C043E434
C0443A25
C0449244
C044EC9F
C0454943
C045A83D
C046099B
C0466D6A
C046D3B9
C0473C95
C047A80E
C0481632
C0488710
C048FAB8
C0497139
C049EAA4
C04A6707
C04AE675
C04B68FD
C04BEEB1
C04C77A1
C04D03E0
C04D937E
C04E268E
C04EBD23
C04F574E
C04FF522
C05096B3
C0513C13
C051E556
C0529290
C05343D4
C053F936
C054B2CA
C05570A5
C05632DB
C056F980
C057C4AA
C058946C
C05968DC
C05A420E
C05B2018
C05C030D
C05CEB03
C05DD80E
C05ECA43
C05FC1B6
C060BE7B
C061C0A6
C062C84A
C063D57C
C064E84D
C06600D0
C0671F17
C0684333
C0696D37
C06A9D30
C06BD330
C06D0F44
C06E517C
C06F99E3
C070E886
C0723D70
C07398AB
C074FA40
C0766237
C077D096
C0794562
C07AC0A0
C07C4252
C07DCA78
C07F5914
C0807711
C08144CF
C08215C3
C082E9E8
C083C13B
C0849BB6
C0857954
C0865A0F
C0873DDF
C08824BC
C0890E9C
C089FB77
C08AEB42
C08BDDF1
C08CD379
C08DCBCE
C08EC6E2
C08FC4A8
C090C511
C091C80F
C092CD92
C093D58B
C094DFEA
C095EC9E
C096FB98
C0980CC5
C0992016
C09A3579
C09B4CDC
C09C662F
C09D8160
C09E9E5E
C09FBD18
C0A0DD7D
C0A1FF7C
C0A32304
C0A44806
C0A56E70
C0A69634
C0A7BF41
C0A8E988
C0AA14FB
C0AB418B
C0AC6F29
C0AD9DC9
C0AECD5D
C0AFFDD8
C0B12F2E
C0B26152
C0B39439
C0B4C7D9
C0B5FC25
C0B73114
C0B8669C
C0B99CB4
C0BAD352
C0BC0A6F
C0BD4200
C0BE7A00
C0BFB265
C0C0EB2A
C0C22447
C0C35DB6
C0C49771
C0C5D172
C0C70BB3
C0C84630
C0C980E3
C0CABBC8
C0CBF6DB
C0CD3218
C0CE6D7A
C0CFA8FF
C0D0E4A2
C0D22060
C0D35C38
C0D49825
C0D5D426
C0D71037
C0D84C57
C0D98884
C0DAC4BB
C0DC00FC
C0DD3D43
C0DE7990
C0DFB5E1
C0E0F235
C0E22E8B
C0E36AE1
C0E4A737
C0E5E38B
C0E71FDD
C0E85C2C
C0E99877
C0EAD4BE
C0EC1100
C0ED4D3D
C0EE8973
C0EFC5A4
C0F101CD
C0F23DF0
C0F37A0B
C0F4B61F
C0F5F22B
C0F72E2F
C0F86A2C
C0F9A620
C0FAE20B
C0FC1DEF
C0FD59CA
C0FE959D
C0FFD168
C1008695
C1012472
C101C24B
C102601F
C102FDF0
C1039BBD
C1043985
C104D74A
C105750B
C10612C8
C106B081
C1074E36
C107EBE8
C1088996
C1092741
C109C4E8
C10A628C
C10B002D
C10B9DCA
C10C3B64
C10CD8FB
C10D768F
C10E1420
C10EB1AE
C03D8B0A
C03DAF11
C03DD416
C03DFA1F
C03E2134
C03E495A
C03E7298
C03E9CF7
C03EC87B
C03EF52E
C03F2317
C03F523C
C03F82A7
C03FB45E
C03FE76B
C0401BD5
C04051A5
C04088E4
C040C19A
C040FBD1
C0413792
C04174E7
C041B3D8
C041F471
C04236BB
C0427AC0
C042C08B
C0430826
C043519D
C0439CFB
C043EA4C
C0443999
C0448AF1
C044DE5E
C04533EE
C0458BAC
C045E5A6
C04641E8
C046A080
C047017C
C04764EA
C047CAD6
C0483351
C0489E68
C0490C2B
C0497CA8
C049EFEF
C04A6610
C04ADF1A
C04B5B1F
C04BDA2D
C04C5C57
C04CE1AD
C04D6A40
C04DF623
C04E8566
C04F181C
C04FAE57
C050482A
C050E5A7
C05186E2
C0522BEE
C052D4DE
C05381C6
C05432BA
C054E7CE
C055A115
C0565EA5
C0572092
C057E6F1
C058B1D6
C0598155
C05A5585
C05B2E7A
C05C0C47
C05CEF04
C05DD6C3
C05EC39B
C05FB59F
C060ACE4
C061A97E
C062AB81
C063B300
C064C010
C065D2C2
C066EB2A
C068095A
C0692D63
C06A5755
C06B8742
C06CBD39
C06DF948
C06F3B7E
C07083E7
C071D290
C0732784
C07482CE
C075E475
C0774C82
C078BAFC
C07A2FE7
C07BAB47
C07D2D20
C07EB572
C080221E
C080ECBE
C081BA98
C0828BA9
C0835FEE
C0843762
C0851201
C085EFC5
C086D0A7
C087B4A0
C0889BA7
C08985B4
C08A72BE
C08B62B8
C08C5599
C08D4B55
C08E43DE
C08F3F28
C0903D25
C0913DC7
C09240FE
C09346BC
C0944EF1
C095598D
C096667F
C09775B8
C0988724
C0999AB5
C09AB059
C09BC7FD
C09CE192
C09DFD05
C09F1A45
C0A03942
C0A159EA
C0A27C2C
C0A39FF7
C0A4C53C
C0A5EBE9
C0A713EF
C0A83D3E
C0A967C8
C0AA937C
C0ABC04D
C0ACEE2D
C0AE1D0D
C0AF4CE1
C0B07D9B
C0B1AF30
C0B2E192
C0B414B6
C0B54892
C0B67D1A
C0B7B244
C0B8E807
C0BA1E58
C0BB552F
C0BC8C82
C0BDC44B
C0BEFC80
C0C0351A
C0C16E13
C0C2A763
C0C3E104
C0C51AEF
C0C65520
C0C78F91
C0C8CA3C
C0CA051C
C0CB402E
C0CC7B6C
C0CDB6D3
C0CEF25E
C0D02E0B
C0D169D5
C0D2A5BB
C0D3E1B8
C0D51DCA
C0D659EE
C0D79622
C0D8D264
C0DA0EB2
C0DB4B0A
C0DC8769
C0DDC3CF
C0DF003A
C0E03CA8
C0E17918
C0E2B589
C0E3F1FA
C0E52E6A
C0E66AD8
C0E7A742
C0E8E3A9
C0EA200B
C0EB5C69
C0EC98C1
C0EDD512
C0EF115D
C0F04DA2
C0F189DF
C0F2C614
C0F40242
C0F53E67
C0F67A84
C0F7B699
C0F8F2A5
C0FA2EA9
C0FB6AA4
C0FCA696
C0FDE27F
C0FF1E60
C1002D1C
C100CB03
C10168E7
C10206C5
C102A4A0
C1034276
C103E048
C1047E16
C1051BE0
C105B9A6
C1065767
C106F525
C10792DF
C1083095
C108CE48
C1096BF6
C10A09A2
C10AA749
C10B44ED
C10BE28E
C10C802C
C10D1DC6
C10DBB5D
C10E58F1
C10EF682
C03E954D
C03EB90B
C03EDDC6
C03F0384
C03F2A4D
C03F5227
C03F7B18
C03FA527
C03FD05D
C03FFCC0
C0402A57
C040592B
C0408943
C040BAA7
C040ED60
C0412175
C04156EF
C0418DD7
C041C637
C0420016
C0423B7E
C0427879
C042B711
C042F74F
C043393E
C0437CE7
C043C256
C0440995
C04452AF
C0449DAF
C044EAA1
C0453991
C0458A89
C045DD98
C04632C8
C0468A26
C046E3C0
C0473FA3
C0479DDB
C047FE77
C0486184
C048C711
C0492F2C
C04999E3
C04A0746
C04A7764
C04AEA4C
C04B600E
C04BD8BA
C04C5461
C04CD312
C04D54DF
C04DD9D9
C04E6211
C04EED99
C04F7C83
C0500EE1
C050A4C4
C0513E41
C051DB69
C0527C50
C053210A
C053C9A9
C0547641
C05526E7
C055DBAE
C05694AC
C05751F3
C0581399
C058D9B3
C059A455
C05A7395
C05B4786
C05C203F
C05CFDD4
C05DE059
C05EC7E5
C05FB48B
C060A661
C0619D7A
C06299EB
C0639BC9
C064A326
C065B017
C066C2AE
C067DAFD
C068F918
C06A1D10
C06B46F5
C06C76D8
C06DACC8
C06EE8D5
C0702B0D
C071737C
C072C22E
C0741730
C075728B
C076D449
C0783C70
C079AB07
C07B2015
C07C9B9C
C07E1D9F
C07FA61F
C0809A8E
C081654A
C0823342
C0830472
C083D8D9
C084B071
C0858B35
C0866921
C0874A2C
C0882E50
C0891585
C089FFC1
C08AECFB
C08BDD28
C08CD03D
C08DC62D
C08EBEEE
C08FBA70
C090B8A7
C091B984
C092BCF8
C093C2F3
C094CB67
C095D642
C096E375
C097F2EE
C099049D
C09A1871
C09B2E57
C09C4640
C09D6019
C09E7BD1
C09F9956
C0A0B898
C0A1D985
C0A2FC0D
C0A4201E
C0A545A7
C0A66C9A
C0A794E5
C0A8BE79
C0A9E947
C0AB1540
C0AC4255
C0AD7078
C0AE9F9B
C0AFCFB1
C0B100AD
C0B23282
C0B36525
C0B49889
C0B5CCA3
C0B70169
C0B836D1
C0B96CCF
C0BAA35C
C0BBDA6D
C0BD11FA
C0BE49FB
C0BF8268
C0C0BB39
C0C1F468
C0C32DEC
C0C467C1
C0C5A1E0
C0C6DC42
C0C816E4
C0C951BE
C0CA8CCE
C0CBC80D
C0CD0378
C0CE3F0A
C0CF7AC1
C0D0B697
C0D1F28B
C0D32E98
C0D46ABC
C0D5A6F4
C0D6E33D
C0D81F96
C0D95BFB
C0DA986B
C0DBD4E4
C0DD1165
C0DE4DEA
C0DF8A74
C0E0C700
C0E2038D
C0E3401B
C0E47CA7
C0E5B932
C0E6F5BA
C0E8323E
C0E96EBD
C0EAAB38
C0EBE7AC
C0ED241B
C0EE6082
C0EF9CE3
C0F0D93C
C0F2158D
C0F351D6
C0F48E16
C0F5CA4E
C0F7067D
C0F842A3
C0F97EC0
C0FABAD4
C0FBF6DE
C0FD32E0
C0FE6ED8
C0FFAAC6
C1007356
C1011144
C101AF2E
C1024D13
C102EAF3
C10388D0
C10426A7
C104C47B
C105624A
C1060015
C1069DDB
C1073B9E
C107D95D
C1087717
C10914CE
C109B281
C10A5030
C10AEDDC
C10B8B84
C10C2928
C10CC6C9
C10D6467
C10E0201
C10E9F99
C10F3D2D
C03FA479
C03FC7EF
C03FEC62
C04011D7
C0403856
C0405FE4
C0408889
C040B24C
C040DD34
C0410948
C0413691
C0416514
C04194DB
C041C5EE
C041F853
C0422C15
C042613C
C04297CF
C042CFD9
C0430962
C0434473
C0438117
C043BF56
C043FF3C
C04440D1
C0448420
C044C934
C0451018
C04558D7
C045A37B
C045F011
C0463EA4
C0468F3F
C046E1F0
C04736C3
C0478DC4
C047E6FF
C0484284
C048A05E
C049009B
C049634A
C049C879
C04A3035
C04A9A8F
C04B0794
C04B7754
C04BE9DF
C04C5F44
C04CD794
C04D52DE
C04DD134
C04E52A7
C04ED747
C04F5F26
C04FEA55
C05078E8
C0510AEF
C051A07D
C05239A5
C052D67A
C053770F
C0541B78
C054C3C8
C0557013
C056206D
C056D4EA
C0578D9F
C0584AA0
C0590C02
C059D1D9
C05A9C3B
C05B6B3C
C05C3EF2
C05D1771
C05DF4CF
C05ED721
C05FBE7B
C060AAF2
C0619C9C
C062938C
C0638FD7
C0649192
C06598D0
C066A5A4
C067B822
C068D05D
C069EE66
C06B124F
C06C3C29
C06D6C06
C06EA1F3
C06FDE01
C071203E
C07268B6
C073B775
C0750C88
C07667F9
C077C9CF
C0793214
C07AA0CD
C07C1601
C07D91B2
C07F13E4
C0804E4B
C08115E6
C081E0BF
C082AED6
C0838029
C08454B3
C0852C71
C086075D
C086E573
C087C6AA
C088AAFC
C0899260
C08A7CCD
C08B6A3A
C08C5A9C
C08D4DE7
C08E4410
C08F3D0A
C09038C7
C091373A
C0923855
C0933C07
C0944243
C0954AF8
C0965615
C097638B
C0987348
C099853C
C09A9955
C09BAF82
C09CC7B1
C09DE1D1
C09EFDD0
C0A01B9D
C0A13B27
C0A25C5C
C0A37F2C
C0A4A385
C0A5C957
C0A6F091
C0A81924
C0A94300
C0AA6E15
C0AB9A54
C0ACC7B0
C0ADF618
C0AF2581
C0B055DB
C0B1871B
C0B2B934
C0B3EC19
C0B51FBF
C0B6541A
C0B78921
C0B8BEC7
C0B9F505
C0BB2BCF
C0BC631C
C0BD9AE5
C0BED321
C0C00BC8
C0C144D2
C0C27E38
C0C3B7F3
C0C4F1FE
C0C62C51
C0C766E7
C0C8A1BB
C0C9DCC7
C0CB1807
C0CC5376
C0CD8F0F
C0CECACF
C0D006B2
C0D142B4
C0D27ED2
C0D3BB08
C0D4F754
C0D633B4
C0D77024
C0D8ACA2
C0D9E92C
C0DB25BF
C0DC625B
C0DD9EFD
C0DEDBA4
C0E0184D
C0E154F9
C0E291A5
C0E3CE50
C0E50AF9
C0E6479F
C0E78442
C0E8C0E0
C0E9FD7A
C0EB3A0D
C0EC769A
C0EDB320
C0EEEF9E
C0F02C15
C0F16883
C0F2A4E9
C0F3E146
C0F51D9A
C0F659E5
C0F79626
C0F8D25E
C0FA0E8C
C0FB4AB1
C0FC86CB
C0FDC2DD
C0FEFEE4
C1001D71
C100BB6B
C1015960
C101F750
C102953C
C1033323
C103D105
C1046EE2
C1050CBB
C105AA90
C1064860
C106E62C
C10783F4
C10821B7
C108BF76
C1095D32
C109FAE9
C10A989C
C10B364C
C10BD3F8
C10C71A0
C10D0F45
C10DACE6
C10E4A84
C10EE81F
C10F85B6
C040B89C
C040DBCC
C040FFF8
C0412526
C0414B5C
C04172A1
C0419AFC
C041C473
C041EF0F
C0421AD7
C04247D1
C0427606
C042A57E
C042D640
C0430855
C0433BC5
C0437099
C043A6DA
C043DE90
C04417C4
C0445280
C0448ECE
C044CCB7
C0450C45
C0454D83
C045907A
C045D535
C0461BC0
C0466425
C046AE6F
C046FAAA
C04748E2
C0479922
C047EB77
C0483FEE
C0489693
C048EF72
C0494A9A
C049A818
C04A07F9
C04A6A4B
C04ACF1D
C04B367E
C04BA07B
C04C0D24
C04C7C89
C04CEEB8
C04D63C2
C04DDBB8
C04E56A8
C04ED4A5
C04F55BE
C04FDA06
C050618E
C050EC67
C0517AA4
C0520C56
C052A191
C0533A67
C053D6EB
C0547730
C0551B4B
C055C34E
C0566F4D
C0571F5E
C057D393
C0588C01
C05948BE
C05A09DE
C05ACF75
C05B9999
C05C685E
C05D3BDB
C05E1423
C05EF14C
C05FD36C
C060BA97
C061A6E2
C0629863
C0638F2D
C0648B55
C0658CF0
C0669411
C067A0CC
C068B334
C069CB5C
C06AE956
C06C0D34
C06D3707
C06E66E0
C06F9CCE
C070D8E0
C0721B25
C07363A9
C074B27A
C07607A1
C077632A
C078C51E
C07A2D84
C07B9C63
C07D11C1
C07E8DA0
C0800802
C080CC77
C081942F
C0825F28
C0832D62
C083FED8
C084D388
C085AB6E
C0868685
C08764C6
C088462C
C0892AAE
C08A1244
C08AFCE5
C08BEA87
C08CDB20
C08DCEA5
C08EC508
C08FBE3E
C090BA39
C091B8EB
C092BA46
C093BE3A
C094C4B8
C095CDB1
C096D913
C097E6CF
C098F6D3
C09A090E
C09B1D6F
C09C33E5
C09D4C5D
C09E66C7
C09F8310
C0A0A128
C0A1C0FC
C0A2E27C
C0A40596
C0A52A3A
C0A65057
C0A777DC
C0A8A0B9
C0A9CADF
C0AAF63E
C0AC22C7
C0AD506B
C0AE7F1C
C0AFAECC
C0B0DF6E
C0B210F4
C0B34353
C0B4767D
C0B5AA67
C0B6DF06
C0B8144F
C0B94A37
C0BA80B5
C0BBB7BF
C0BCEF4C
C0BE2753
C0BF5FCB
C0C098AE
C0C1D1F2
C0C30B92
C0C44586
C0C57FC9
C0C6BA52
C0C7F51E
C0C93026
C0CA6B66
C0CBA6D8
C0CCE278
C0CE1E41
C0CF5A30
C0D09641
C0D1D270
C0D30EBA
C0D44B1B
C0D58791
C0D6C41A
C0D800B1
C0D93D56
C0DA7A06
C0DBB6BF
C0DCF37E
C0DE3043
C0DF6D0C
C0E0A9D7
C0E1E6A3
C0E3236E
C0E46038
C0E59CFF
C0E6D9C2
C0E81681
C0E9533B
C0EA8FEE
C0EBCC9B
C0ED0941
C0EE45DF
C0EF8276
C0F0BF03
C0F1FB88
C0F33803
C0F47475
C0F5B0DD
C0F6ED3C
C0F82990
C0F965DB
C0FAA21B
C0FBDE51
C0FD1A7D
C0FE569E
C0FF92B5
C1006761
C1010562
C101A35F
C1024156
C102DF48
C1037D36
C1041B1E
C104B902
C10556E1
C105F4BB
C1069291
C1073062
C107CE2F
C1086BF7
C10909BB
C109A77B
C10A4537
C10AE2EF
C10B80A3
C10C1E53
C10CBBFF
C10D59A8
C10DF74D
C10E94EE
C10F328C
C10FD027
C041D1C5
C041F4B1
C0421897
C0423D7F
C042636E
C0428A6B
C042B27D
C042DBAB
C04305FD
C0433179
C0435E28
C0438C10
C043BB3A
C043EBAE
C0441D74
C0445094
C0448517
C044BB06
C044F26A
C0452B4B
C04565B4
C045A1AE
C045DF42
C0461E7B
C0465F62
C046A203
C046E667
C0472C9A
C04774A7
C047BE99
C0480A7B
C048585A
C048A841
C048FA3C
C0494E59
C049A4A3
C049FD29
C04A57F6
C04AB519
C04B149F
C04B7697
C04BDB0F
C04C4215
C04CABB7
C04D1807
C04D8711
C04DF8E7
C04E6D99
C04EE535
C04F5FCE
C04FDD73
C0505E36
C050E228
C051695A
C051F3DF
C05281C8
C0531328
C053A811
C0544097
C054DCCC
C0557CC4
C0562092
C056C84B
C0577401
C05823CA
C058D7B9
C0598FE4
C05A4C5F
C05B0D3E
C05BD298
C05C9C80
C05D6B0C
C05E3E52
C05F1666
C05FF35E
C060D54E
C061BC4D
C062A86E
C06399C8
C064906F
C0658C77
C0668DF4
C06794FC
C068A1A0
C069B3F5
C06ACC0E
C06BE9FD
C06D0DD3
C06E37A2
C06F677A
C0709D6C
C071D986
C0731BD7
C074646B
C075B34F
C077088F
C0786435
C079C64A
C07B2ED5
C07C9DDE
C07E1369
C07F8F7B
C080890B
C0814D9E
C0821575
C082E091
C083AEEE
C084808B
C0855564
C0862D74
C08708B7
C087E727
C088C8BD
C089AD71
C08A953C
C08B8014
C08C6DEE
C08D5EC1
C08E5281
C08F4921
C0904296
C0913ED1
C0923DC5
C0933F63
C094439B
C0954A5F
C096539E
C0975F48
C0986D4D
C0997D9A
C09A901F
C09BA4CB
C09CBB8C
C09DD451
C09EEF07
C0A00B9E
C0A12A02
C0A24A24
C0A36BF2
C0A48F5A
C0A5B44B
C0A6DAB5
C0A80288
C0A92BB2
C0AA5625
C0AB81D0
C0ACAEA5
C0ADDC95
C0AF0B91
C0B03B8B
C0B16C77
C0B29E46
C0B3D0ED
C0B5045F
C0B63890
C0B76D75
C0B8A302
C0B9D92F
C0BB0FF0
C0BC473C
C0BD7F0A
C0BEB751
C0BFF008
C0C12929
C0C262AA
C0C39C86
C0C4D6B5
C0C61131
C0C74BF3
C0C886F6
C0C9C235
C0CAFDA9
C0CC3950
C0CD7522
C0CEB11E
C0CFED3E
C0D1297E
C0D265DC
C0D3A253
C0D4DEE1
C0D61B82
C0D75835
C0D894F6
C0D9D1C3
C0DB0E9A
C0DC4B79
C0DD885E
C0DEC547
C0E00233
C0E13F21
C0E27C0E
C0E3B8FA
C0E4F5E3
C0E632C9
C0E76FAA
C0E8AC86
C0E9E95C
C0EB262C
C0EC62F3
C0ED9FB3
C0EEDC6B
C0F01919
C0F155BF
C0F2925A
C0F3CEEC
C0F50B74
C0F647F1
C0F78464
C0F8C0CC
C0F9FD2A
C0FB397D
C0FC75C5
C0FDB202
C0FEEE34
C100152E
C100B33C
C1015145
C101EF49
C1028D48
C1032B41
C103C935
C1046724
C105050E
C105A2F3
C10640D4
C106DEAF
C1077C86
C1081A58
C108B826
C10955EF
C109F3B4
C10A9174
C10B2F30
C10BCCE9
C10C6A9D
C10D084D
C10DA5FA
C10E43A3
C10EE148
C10F7EE9
C1101C87
C042F001
C04312AA
C043364D
C0435AF0
C043809A
C043A751
C043CF1C
C043F802
C044220B
C0444D3E
C04479A2
C044A73F
C044D61D
C0450644
C04537BC
C0456A8E
C0459EC2
C045D462
C0460B75
C0464405
C0467E1C
C046B9C4
C046F705
C04735EA
C047767D
C047B8C9
C047FCD9
C04842B6
C0488A6D
C048D408
C0491F93
C0496D1B
C049BCAA
C04A0E4E
C04A6212
C04AB804
C04B1031
C04B6AA6
C04BC770
C04C269E
C04C883D
C04CEC5C
C04D5309
C04DBC54
C04E284B
C04E96FE
C04F087D
C04F7CD7
C04FF41D
C0506E5F
C050EBAF
C0516C1D
C051EFBB
C052769A
C05300CD
C0538E65
C0541F74
C054B40F
C0554C46
C055E82F
C05687DB
C0572B5F
C057D2CF
C0587E3F
C0592DC3
C059E16F
C05A9958
C05B5593
C05C1635
C05CDB53
C05DA503
C05E7358
C05F4669
C0601E4C
C060FB14
C061DCD8
C062C3AD
C063AFA8
C064A0DE
C0659764
C066934F
C06794B2
C0689BA3
C069A834
C06ABA7A
C06BD286
C06CF06C
C06E143E
C06F3E0C
C0706DE8
C071A3E1
C072E006
C0742266
C0756B0E
C076BA0A
C0780F66
C0796B2D
C07ACD66
C07C361B
C07DA551
C07F1B0F
C0804BAC
C0810D17
C081D1C9
C08299C3
C0836502
C0843386
C085054C
C085DA4F
C086B28C
C0878DFF
C0886C9F
C0894E69
C08A3352
C08B1B54
C08C0664
C08CF479
C08DE589
C08ED987
C08FD067
C090CA1D
C091C69C
C092C5D4
C093C7B7
C094CC37
C095D343
C096DCCC
C097E8C0
C098F710
C09A07AA
C09B1A7C
C09C2F76
C09D4686
C09E5F99
C09F7A9F
C0A09785
C0A1B63A
C0A2D6AC
C0A3F8CA
C0A51C83
C0A641C5
C0A7687F
C0A890A2
C0A9BA1C
C0AAE4DE
C0AC10D9
C0AD3DFC
C0AE6C3A
C0AF9B84
C0B0CBCC
C0B1FD04
C0B32F1F
C0B46210
C0B595CC
C0B6CA46
C0B7FF74
C0B93549
C0BA6BBC
C0BBA2C2
C0BCDA53
C0BE1264
C0BF4AED
C0C083E6
C0C1BD47
C0C2F708
C0C43121
C0C56B8D
C0C6A644
C0C7E141
C0C91C7E
C0CA57F5
C0CB93A1
C0CCCF7D
C0CE0B85
C0CF47B4
C0D08406
C0D1C078
C0D2FD06
C0D439AC
C0D57668
C0D6B336
C0D7F015
C0D92D01
C0DA69F7
C0DBA6F7
C0DCE3FE
C0DE2109
C0DF5E18
C0E09B29
C0E1D83A
C0E3154A
C0E45258
C0E58F62
C0E6CC68
C0E80968
C0E94663
C0EA8356
C0EBC042
C0ECFD25
C0EE3A00
C0EF76D2
C0F0B39A
C0F1F058
C0F32D0B
C0F469B4
C0F5A653
C0F6E2E6
C0F81F6E
C0F95BEB
C0FA985C
C0FBD4C2
C0FD111D
C0FE4D6C
C0FF89B0
C10062F4
C101010B
C1019F1C
C1023D28
C102DB2E
C103792E
C1041729
C104B51F
C1055310
C105F0FB
C1068EE2
C1072CC3
C107CAA0
C1086877
C109064A
C109A419
C10A41E3
C10ADFA8
C10B7D69
C10C1B26
C10CB8DE
C10D5693
C10DF444
C10E91F0
C10F2F99
C10FCD3F
C1106AE0
C044135E
C04435C7
C0445928
C0447D88
C044A2ED
C044C960
C044F0E5
C0451986
C0454347
C0456E32
C0459A4D
C045C7A1
C045F635
C0462611
C046573D
C04689C2
C046BDA9
C046F2FB
C04729BF
C0476200
C0479BC8
C047D71E
C048140E
C04852A2
C04892E3
C048D4DC
C0491898
C0495E21
C049A584
C049EECA
C04A3A01
C04A8732
C04AD66C
C04B27BA
C04B7B28
C04BD0C4
C04C289A
C04C82B8
C04CDF2C
C04D3E03
C04D9F4B
C04E0313
C04E696A
C04ED25F
C04F3E00
C04FAC5D
C0501D86
C050918B
C051087D
C051826C
C051FF68
C0527F84
C05302D0
C053895E
C0541340
C054A089
C055314B
C055C598
C0565D84
C056F922
C0579885
C0583BC2
C058E2EC
C0598E17
C05A3D58
C05AF0C3
C05BA86D
C05C646C
C05D24D3
C05DE9B8
C05EB331
C05F8152
C0605432
C0612BE5
C0620881
C062EA1C
C063D0CA
C064BCA1
C065ADB7
C066A41F
C0679FEF
C068A13B
C069A818
C06AB499
C06BC6D2
C06CDED6
C06DFCB7
C06F2087
C0704A58
C0717A3B
C072B03E
C073EC73
C0752EE6
C07677A5
C077C6BD
C0791C3A
C07A7824
C07BDA87
C07D4369
C07EB2D1
C0801463
C080D2A5
C081942F
C0825904
C0832122
C083EC88
C084BB34
C0858D25
C0866255
C0873AC2
C0881666
C088F53A
C089D739
C08ABC5A
C08BA495
C08C8FE1
C08D7E34
C08E6F83
C08F63C2
C0905AE5
C09154DF
C09251A3
C0935123
C094534F
C0955818
C0965F70
C0976945
C0987587
C0998425
C09A950E
C09BA830
C09CBD7B
C09DD4DC
C09EEE41
C0A0099A
C0A126D3
C0A245DB
C0A366A0
C0A48911
C0A5AD1D
C0A6D2B3
C0A7F9C0
C0A92236
C0AA4C03
C0AB7718
C0ACA365
C0ADD0DA
C0AEFF69
C0B02F03
C0B15F9B
C0B29122
C0B3C38B
C0B4F6CA
C0B62AD3
C0B75F99
C0B89511
C0B9CB30
C0BB01EC
C0BC393A
C0BD7112
C0BEA969
C0BFE237
C0C11B73
C0C25517
C0C38F19
C0C4C973
C0C6041D
C0C73F13
C0C87A4C
C0C9B5C4
C0CAF175
C0CC2D5A
C0CD696E
C0CEA5AD
C0CFE211
C0D11E98
C0D25B3D
C0D397FD
C0D4D4D4
C0D611C0
C0D74EBD
C0D88BC8
C0D9C8E1
C0DB0603
C0DC432D
C0DD805C
C0DEBD90
C0DFFAC6
C0E137FD
C0E27533
C0E3B267
C0E4EF97
C0E62CC4
C0E769EB
C0E8A70B
C0E9E425
C0EB2137
C0EC5E40
C0ED9B41
C0EED837
C0F01524
C0F15206
C0F28EDE
C0F3CBAA
C0F5086B
C0F64521
C0F781CB
C0F8BE69
C0F9FAFB
C0FB3781
C0FC73FB
C0FDB06A
C0FEECCC
C1001491
C100B2B6
C10150D5
C101EEEF
C1028D02
C1032B10
C103C918
C104671A
C1050517
C105A30F
C1064101
C106DEEE
C1077CD5
C1081AB8
C108B895
C109566E
C109F442
C10A9211
C10B2FDB
C10BCDA1
C10C6B63
C10D0920
C10DA6D9
C10E448E
C10EE23E
C10F7FEB
C1101D95
C110BB3A
C0453BEA
C0455E13
C0458133
C045A552
C045CA76
C045F0A5
C04617E7
C0464042
C04669BF
C0469463
C046C037
C046ED43
C0471B8E
C0474B21
C0477C03
C047AE3E
C047E1D9
C04816DF
C0484D56
C048854A
C048BEC3
C048F9CB
C049366B
C04974AF
C049B49F
C049F648
C04A39B2
C04A7EEA
C04AC5FA
C04B0EED
C04B59D0
C04BA6AF
C04BF595
C04C468E
C04C99A8
C04CEEF0
C04D4671
C04DA03B
C04DFC5A
C04E5ADC
C04EBBD0
C04F1F43
C04F8546
C04FEDE6
C0505933
C050C73D
C0513813
C051ABC5
C0522265
C0529C02
C05318AD
C0539878
C0541B75
C054A1B4
C0552B49
C055B844
C05648BA
C056DCBD
C0577460
C0580FB5
C058AED2
C05951CA
C059F8B0
C05AA399
C05B529A
C05C05C7
C05CBD34
C05D78F8
C05E3927
C05EFDD6
C05FC71B
C060950B
C06167BC
C0623F43
C0631BB6
C063FD29
C064E3B4
C065CF6A
C066C062
C067B6AF
C068B268
C069B3A1
C06ABA6D
C06BC6E1
C06CD911
C06DF10F
C06F0EEF
C07032C1
C0715C99
C0728C85
C073C298
C074FEDE
C0764169
C0778A43
C078D97B
C07A2F1B
C07B8B2F
C07CEDBF
C07E56D2
C07FC671
C0809E50
C0815CB2
C0821E5E
C082E357
C083AB9C
C084772B
C0854602
C0861820
C086ED80
C087C61F
C088A1F7
C0898101
C08A6338
C08B4894
C08C310B
C08D1C96
C08E0B28
C08EFCB9
C08FF13C
C090E8A5
C091E2E6
C092DFF3
C093DFBC
C094E234
C095E74B
C096EEF0
C097F915
C09905A7
C09A1496
C09B25D2
C09C3947
C09D4EE6
C09E669B
C09F8056
C0A09C03
C0A1B992
C0A2D8F0
C0A3FA0C
C0A51CD4
C0A64136
C0A76722
C0A88E86
C0A9B751
C0AAE174
C0AC0CDE
C0AD3980
C0AE674A
C0AF962D
C0B0C61A
C0B1F704
C0B328DD
C0B45B98
C0B58F27
C0B6C37F
C0B7F894
C0B92E59
C0BA64C5
C0BB9BCD
C0BCD366
C0BE0B86
C0BF4426
C0C07D3B
C0C1B6BE
C0C2F0A6
C0C42AEB
C0C56588
C0C6A074
C0C7DBA9
C0C91721
C0CA52D7
C0CB8EC4
C0CCCAE4
C0CE0732
C0CF43A9
C0D08045
C0D1BD02
C0D2F9DC
C0D436D0
C0D573DA
C0D6B0F7
C0D7EE24
C0D92B5F
C0DA68A5
C0DBA5F4
C0DCE349
C0DE20A4
C0DF5E01
C0E09B5F
C0E1D8BD
C0E3161A
C0E45373
C0E590C8
C0E6CE17
C0E80B61
C0E948A3
C0EA85DD
C0EBC30E
C0ED0037
C0EE3D55
C0EF7A68
C0F0B771
C0F1F46F
C0F33161
C0F46E47
C0F5AB21
C0F6E7EF
C0F824B0
C0F96165
C0FA9E0D
C0FBDAA9
C0FD1738
C0FE53BA
C0FF9030
C100664C
C101047B
C101A2A3
C10240C5
C102DEE1
C1037CF6
C1041B06
C104B910
C1055715
C105F513
C106930C
C10730FF
C107CEED
C1086CD6
C1090ABA
C109A898
C10A4671
C10AE446
C10B8216
C10C1FE1
C10CBDA7
C10D5B69
C10DF926
C10E96E0
C10F3495
C10FD246
C1106FF3
C1110D9C
C04669B1
C0468B9B
C046AE7D
C046D25C
C046F73F
C0471D2D
C047442D
C0476C45
C047957E
C047BFDE
C047EB6D
C0481833
C0484637
C0487582
C048A61C
C048D80E
C0490B5F
C049401A
C0497647
C049ADEF
C049E71B
C04A21D6
C04A5E29
C04A9C1F
C04ADBC1
C04B1D1A
C04B6035
C04BA51C
C04BEBDC
C04C347F
C04C7F11
C04CCB9D
C04D1A32
C04D6AD9
C04DBDA1
C04E1296
C04E69C5
C04EC33C
C04F1F08
C04F7D37
C04FDDD9
C05040FA
C050A6AA
C0510EF8
C05179F3
C051E7AC
C0525831
C052CB93
C05341E2
C053BB2F
C054378C
C054B709
C05539B8
C055BFAB
C05648F4
C056D5A5
C05765D2
C057F98C
C05890E8
C0592BF8
C059CAD0
C05A6D85
C05B142A
C05BBED4
C05C6D97
C05D2088
C05DD7BC
C05E9348
C05F5341
C06017BD
C060E0D1
C061AE93
C0628117
C0635875
C06434C1
C0651611
C065FC7A
C066E813
C067D8F0
C068CF26
C069CACB
C06ACBF3
C06BD2B2
C06CDF1D
C06DF147
C06F0943
C0702724
C0714AFD
C07274DE
C073A4D9
C074DAFD
C076175B
C0775A00
C078A2FA
C079F255
C07B481E
C07CA45E
C07E071F
C07F7069
C0807021
C0812B58
C081E9DC
C082ABAD
C08370CD
C084393A
C08504F4
C085D3FA
C086A647
C0877BDA
C08854AD
C08930BB
C08A0FFF
C08AF271
C08BD809
C08CC0C0
C08DAC8B
C08E9B61
C08F8D36
C0908200
C09179B1
C092743D
C0937195
C09471AC
C0957472
C09679D9
C09781CF
C0988C46
C099992C
C09AA870
C09BBA00
C09CCDCC
C09DE3C1
C09EFBCE
C0A015E1
C0A131E7
C0A24FCF
C0A36F86
C0A490FB
C0A5B41D
C0A6D8D8
C0A7FF1E
C0A926DB
C0AA5000
C0AB7A7B
C0ACA63E
C0ADD337
C0AF0158
C0B03092
C0B160D6
C0B29216
C0B3C443
C0B4F752
C0B62B34
C0B75FDF
C0B89544
C0B9CB5A
C0BB0215
C0BC396B
C0BD7151
C0BEA9BE
C0BFE2A8
C0C11C07
C0C255D2
C0C39001
C0C4CA8D
C0C6056E
C0C7409D
C0C87C15
C0C9B7CE
C0CAF3C4
C0CC2FF0
C0CD6C4D
C0CEA8D7
C0CFE588
C0D1225E
C0D25F53
C0D39C64
C0D4D98D
C0D616CB
C0D7541B
C0D8917A
C0D9CEE6
C0DB0C5C
C0DC49D9
C0DD875C
C0DEC4E2
C0E0026B
C0E13FF3
C0E27D7A
C0E3BAFE
C0E4F87E
C0E635F8
C0E7736C
C0E8B0D9
C0E9EE3E
C0EB2B9A
C0EC68EC
C0EDA634
C0EEE371
C0F020A3
C0F15DC9
C0F29AE2
C0F3D7F0
C0F514F1
C0F651E5
C0F78ECC
C0F8CBA5
C0FA0872
C0FB4531
C0FC81E3
C0FDBE87
C0FEFB1F
C1001BD4
C100BA13
C101584A
C101F67C
C10294A6
C10332CB
C103D0E9
C1046F01
C1050D13
C105AB1F
C1064925
C106E725
C107851F
C1082314
C108C103
C1095EEC
C109FCD1
C10A9AB0
C10B388A
C10BD65F
C10C7430
C10D11FB
C10DAFC2
C10E4D84
C10EEB42
C10F88FC
C11026B1
C110C462
C1116210
C0479CBF
C047BE6D
C047E111
C04804B2
C0482956
C0484F05
C04875C4
C0489D9B
C048C692
C048F0AF
C0491BFA
C049487B
C049763B
C049A540
C049D593
C04A073E
C04A3A48
C04A6EBA
C04AA49D
C04ADBFB
C04B14DD
C04B4F4D
C04B8B55
C04BC8FE
C04C0853
C04C495F
C04C8C2C
C04CD0C5
C04D1736
C04D5F8B
C04DA9CD
C04DF60B
C04E444F
C04E94A6
C04EE71E
C04F3BC3
C04F92A1
C04FEBC7
C0504743
C050A522
C0510573
C0516844
C051CDA4
C05235A2
C052A04E
C0530DB7
C0537DED
C053F100
C0546702
C054E002
C0555C12
C055DB43
C0565DA7
C056E350
C0576C50
C057F8B9
C058889F
C0591C13
C059B32A
C05A4DF7
C05AEC8E
C05B8F03
C05C3569
C05CDFD6
C05D8E5E
C05E4116
C05EF813
C05FB36A
C0607331
C061377C
C0620062
C062CDF8
C063A053
C064778A
C06553B3
C06634E2
C0671B2E
C06806AC
C068F771
C069ED93
C06AE927
C06BEA42
C06CF0F7
C06DFD5C
C06F0F84
C0702782
C0714568
C072694A
C0739339
C074C346
C075F981
C07735F9
C07878BC
C079C1DA
C07B115D
C07C6752
C07DC3C4
C07F26BB
C080481F
C081002C
C081BB85
C0827A2D
C0833C25
C084016D
C084CA06
C08595EE
C0866524
C08737A4
C0880D6B
C088E675
C089C2BD
C08AA23C
C08B84EC
C08C6AC4
C08D53BC
C08E3FCC
C08F2EE7
C0902105
C0911618
C0920E14
C09308ED
C0940694
C09506FB
C0960A13
C0970FCC
C0981817
C09922E3
C09A301F
C09B3FBB
C09C51A4
C09D65C9
C09E7C19
C09F9480
C0A0AEEE
C0A1CB50
C0A2E994
C0A409A8
C0A52B79
C0A64EF7
C0A77410
C0A89AB1
C0A9C2CB
C0AAEC4C
C0AC1724
C0AD4341
C0AE7096
C0AF9F12
C0B0CEA5
C0B1FF42
C0B330DA
C0B46360
C0B596C5
C0B6CAFE
C0B7FFFD
C0B935B7
C0BA6C20
C0BBA32D
C0BCDAD3
C0BE1309
C0BF4BC4
C0C084FC
C0C1BEA7
C0C2F8BD
C0C43336
C0C56E0A
C0C6A932
C0C7E4A8
C0C92064
C0CA5C61
C0CB9898
C0CCD504
C0CE11A1
C0CF4E69
C0D08B57
C0D1C868
C0D30597
C0D442E1
C0D58042
C0D6BDB6
C0D7FB3B
C0D938CE
C0DA766C
C0DBB413
C0DCF1C1
C0DE2F72
C0DF6D27
C0E0AADB
C0E1E88F
C0E32640
C0E463ED
C0E5A195
C0E6DF37
C0E81CD1
C0E95A63
C0EA97EB
C0EBD56A
C0ED12DE
C0EE5047
C0EF8DA4
C0F0CAF5
C0F20839
C0F34570
C0F4829A
C0F5BFB6
C0F6FCC5
C0F839C6
C0F976B9
C0FAB39E
C0FBF075
C0FD2D3E
C0FE69F9
C0FFA6A6
C10071A2
C1010FEB
C101AE2C
C1024C67
C102EA9B
C10388C9
C10426F0
C104C510
C105632A
C106013E
C1069F4B
C1073D52
C107DB54
C108794F
C1091745
C109B535
C10A5320
C10AF105
C10B8EE5
C10C2CC0
C10CCA96
C10D6866
C10E0632
C10EA3FA
C10F41BC
C10FDF7B
C1107D34
C1111AEA
C111B89B
C048D520
C048F693
C04918FB
C0493C60
C04960C7
C0498637
C049ACB7
C049D44F
C049FD05
C04A26E1
C04A51EB
C04A7E29
C04AABA5
C04ADA66
C04B0A75
C04B3BDA
C04B6E9E
C04BA2C9
C04BD865
C04C0F7B
C04C4815
C04C823B
C04CBDF9
C04CFB58
C04D3A62
C04D7B23
C04DBDA4
C04E01F2
C04E4816
C04E901D
C04EDA13
C04F2603
C04F73F9
C04FC403
C050162C
C0506A82
C050C113
C05119EB
C0517518
C051D2A9
C05232AB
C052952E
C052FA40
C05361F0
C053CC4F
C054396B
C054A954
C0551C1C
C05591D2
C0560A87
C056864D
C0570535
C0578750
C0580CB1
C058956A
C059218E
C059B12F
C05A4460
C05ADB35
C05B75C2
C05C1419
C05CB650
C05D5C7B
C05E06AE
C05EB4FE
C05F677F
C0601E48
C060D96D
C0619903
C0625D21
C06325DB
C063F348
C064C57E
C0659C92
C0667899
C06759AB
C0683FDC
C0692B43
C06A1BF4
C06B1205
C06C0D8C
C06D0E9C
C06E154C
C06F21AE
C07033D7
C0714BDA
C07269CA
C0738DBA
C074B7BA
C075E7DC
C0771E31
C0785AC8
C0799DAF
C07AE6F3
C07C36A3
C07D8CC9
C07EE970
C0802651
C080DB32
C0819360
C0824EDE
C0830DAC
C083CFCE
C0849542
C0855E08
C0862A21
C086F989
C087CC3F
C088A23D
C0897B81
C08A5805
C08B37C2
C08C1AB2
C08D00CD
C08DEA0A
C08ED660
C08FC5C5
C090B82D
C091AD8C
C092A5D7
C093A100
C0949EF8
C0959FB3
C096A31F
C097A92F
C098B1D1
C099BCF6
C09ACA8C
C09BDA83
C09CECC7
C09E0149
C09F17F6
C0A030BC
C0A14B88
C0A26849
C0A386EC
C0A4A75F
C0A5C991
C0A6ED6E
C0A812E7
C0A939E8
C0AA6261
C0AB8C42
C0ACB778
C0ADE3F5
C0AF11A7
C0B04081
C0B17071
C0B2A16B
C0B3D35E
C0B5063E
C0B639FE
C0B76E8F
C0B8A3E6
C0B9D9F7
C0BB10B6
C0BC4818
C0BD8012
C0BEB89A
C0BFF1A7
C0C12B2E
C0C26528
C0C39F8C
C0C4DA51
C0C61570
C0C750E2
C0C88CA0
C0C9C8A3
C0CB04E5
C0CC4161
C0CD7E10
C0CEBAEE
C0CFF7F6
C0D13523
C0D27272
C0D3AFDD
C0D4ED61
C0D62AFC
C0D768A8
C0D8A664
C0D9E42D
C0DB21FF
C0DC5FD9
C0DD9DB8
C0DEDB9A
C0E0197E
C0E15761
C0E29541
C0E3D31E
C0E510F6
C0E64EC7
C0E78C91
C0E8CA53
C0EA080B
C0EB45B8
C0EC835B
C0EDC0F2
C0EEFE7D
C0F03BFB
C0F1796D
C0F2B6D0
C0F3F426
C0F5316D
C0F66EA6
C0F7ABD1
C0F8E8ED
C0FA25FA
C0FB62F8
C0FC9FE8
C0FDDCC9
C0FF199B
C1002B2F
C100C989
C10167DC
C1020628
C102A46D
C10342AB
C103E0E1
C1047F11
C1051D3A
C105BB5D
C1065978
C106F78E
C107959D
C10833A6
C108D1A8
C1096FA5
C10A0D9C
C10AAB8D
C10B4979
C10BE75F
C10C853F
C10D231B
C10DC0F1
C10E5EC2
C10EFC8E
C10F9A56
C1103819
C110D5D7
C1117391
C1121147
C04A12DF
C04A3418
C04A5647
C04A7971
C04A9D9C
C04AC2D0
C04AE913
C04B106C
C04B38E4
C04B6280
C04B8D4A
C04BB947
C04BE682
C04C1501
C04C44CC
C04C75EE
C04CA86D
C04CDC53
C04D11AA
C04D487A
C04D80CD
C04DBAAC
C04DF622
C04E3338
C04E71FA
C04EB271
C04EF4A9
C04F38AC
C04F7E86
C04FC642
C0500FED
C0505B91
C050A93C
C050F8FA
C0514AD7
C0519EE1
C051F525
C0524DB1
C052A892
C05305D6
C053658D
C053C7C4
C0542C8A
C05493EF
C054FE02
C0556AD4
C055DA73
C0564CF1
C056C25D
C0573ACA
C057B648
C05834E9
C058B6BE
C0593BDA
C059C44F
C05A5030
C05ADF8F
C05B727F
C05C0915
C05CA363
C05D417F
C05DE37B
C05E896C
C05F3368
C05FE182
C06093D0
C0614A67
C062055C
C062C4C6
C06388B9
C064514B
C0651E93
C065F0A5
C066C799
C067A383
C068847A
C0696A94
C06A55E6
C06B4687
C06C3C8B
C06D3807
C06E3911
C06F3FBE
C0704C21
C0715E4F
C072765B
C0739459
C074B859
C075E26F
C07712AB
C078491E
C07985D8
C07AC8E6
C07C1256
C07D6236
C07EB892
C0800AB9
C080BC71
C0817175
C08229C7
C082E56B
C083A463
C08466B0
C0852C52
C085F549
C086C195
C0879132
C088641F
C0893A58
C08A13D9
C08AF09B
C08BD09A
C08CB3CD
C08D9A2D
C08E83B2
C08F7052
C0906002
C09152B8
C0924867
C0934103
C0943C7F
C0953ACD
C0963BDD
C0973FA2
C098460B
C0994F08
C09A5A88
C09B687C
C09C78D0
C09D8B74
C09EA055
C09FB763
C0A0D08A
C0A1EBB8
C0A308DB
C0A427E0
C0A548B7
C0A66B4B
C0A78F8C
C0A8B568
C0A9DCCC
C0AB05A8
C0AC2FEB
C0AD5B84
C0AE8862
C0AFB676
C0B0E5B0
C0B21601
C0B3475A
C0B479AC
C0B5ACEA
C0B6E106
C0B815F3
C0B94BA5
C0BA8210
C0BBB928
C0BCF0E1
C0BE2932
C0BF620F
C0C09B70
C0C1D54B
C0C30F96
C0C44A4A
C0C5855E
C0C6C0CA
C0C7FC88
C0C93891
C0CA74DD
C0CBB168
C0CCEE2A
C0CE2B1F
C0CF6840
C0D0A58B
C0D1E2F9
C0D32087
C0D45E30
C0D59BF2
C0D6D9C7
C0D817AE
C0D955A3
C0DA93A3
C0DBD1AC
C0DD0FBA
C0DE4DCD
C0DF8BE1
C0E0C9F6
C0E20808
C0E34617
C0E48421
C0E5C225
C0E70022
C0E83E15
C0E97BFF
C0EAB9DF
C0EBF7B3
C0ED357C
C0EE7337
C0EFB0E5
C0F0EE86
C0F22C18
C0F3699C
C0F4A711
C0F5E478
C0F721CE
C0F85F16
C0F99C4E
C0FAD976
C0FC168F
C0FD5398
C0FE9091
C0FFCD7B
C100852B
C1012390
C101C1EE
C1026045
C102FE94
C1039CDB
C1043B1C
C104D955
C1057787
C10615B2
C106B3D6
C10751F4
C107F00B
C1088E1B
C1092C26
C109CA29
C10A6827
C10B061F
C10BA411
C10C41FD
C10CDFE4
C10D7DC5
C10E1BA1
C10EB978
C10F574A
C10FF516
C11092DE
C11130A2
C111CE60
C1126C1B
C04B5606
C04B7708
C04B98FE
C04BBBEE
C04BDFE0
C04C04D9
C04C2AE0
C04C51FE
C04C7A38
C04CA397
C04CCE22
C04CF9E0
C04D26DB
C04D5519
C04D84A4
C04DB583
C04DE7C0
C04E1B64
C04E5076
C04E8702
C04EBF10
C04EF8AA
C04F33DA
C04F70AA
C04FAF25
C04FEF55
C0503145
C0507500
C050BA91
C0510205
C0514B66
C05196C1
C051E422
C0523396
C052852A
C052D8EA
C0532EE4
C0538725
C053E1BC
C0543EB7
C0549E23
C0550010
C055648D
C055CBA9
C0563574
C056A1FD
C0571154
C057838B
C057F8B1
C05870D7
C058EC10
C0596A6C
C059EBFE
C05A70D7
C05AF90A
C05B84AA
C05C13CA
C05CA67C
C05D3CD5
C05DD6E9
C05E74CA
C05F168E
C05FBC49
C0606610
C06113F8
C061C615
C0627C7D
C0633746
C063F686
C064BA51
C06582BE
C0664FE3
C06721D6
C067F8AC
C068D47C
C069B55C
C06A9B62
C06B86A4
C06C7737
C06D6D31
C06E68A7
C06F69AE
C070705C
C0717CC4
C0728EFB
C073A714
C074C522
C075E937
C0771367
C07843C1
C0797A56
C07AB736
C07BFA70
C07D4411
C07E9426
C07FEABB
C080A3ED
C08155C7
C0820AEE
C082C367
C0837F35
C0843E58
C08500D3
C085C6A6
C0868FD0
C0875C51
C0882C27
C088FF4F
C089D5C4
C08AAF84
C08B8C88
C08C6CCA
C08D5044
C08E36ED
C08F20BC
C0900DA9
C090FDA8
C091F0AE
C092E6B0
C093DFA1
C094DB73
C095DA19
C096DB83
C097DFA3
C098E668
C099EFC3
C09AFBA3
C09C09F6
C09D1AAC
C09E2DB2
C09F42F7
C0A05A68
C0A173F4
C0A28F87
C0A3AD10
C0A4CC7B
C0A5EDB8
C0A710B3
C0A8355A
C0A95B9C
C0AA8367
C0ABACAA
C0ACD752
C0AE0351
C0AF3094
C0B05F0D
C0B18EAB
C0B2BF5F
C0B3F11A
C0B523CE
C0B6576D
C0B78BE9
C0B8C135
C0B9F745
C0BB2E0D
C0BC6580
C0BD9D95
C0BED63F
C0C00F74
C0C1492C
C0C2835C
C0C3BDFC
C0C4F902
C0C63468
C0C77025
C0C8AC31
C0C9E887
C0CB2520
C0CC61F4
C0CD9F00
C0CEDC3C
C0D019A4
C0D15733
C0D294E4
C0D3D2B4
C0D5109E
C0D64E9E
C0D78CB1
C0D8CAD4
C0DA0904
C0DB473D
C0DC857E
C0DDC3C3
C0DF020B
C0E04053
C0E17E9B
C0E2BCDE
C0E3FB1E
C0E53957
C0E67788
C0E7B5B1
C0E8F3D0
C0EA31E4
C0EB6FED
C0ECADE9
C0EDEBD8
C0EF29B9
C0F0678C
C0F1A550
C0F2E305
C0F420AB
C0F55E41
C0F69BC6
C0F7D93C
C0F916A1
C0FA53F6
C0FB913B
C0FCCE6E
C0FE0B92
C0FF48A5
C10042D4
C100E14D
C1017FBF
C1021E28
C102BC89
C1035AE3
C103F935
C104977F
C10535C2
C105D3FD
C1067232
C107105F
C107AE85
C1084CA4
C108EABC
C10988CE
C10A26DA
C10AC4DF
C10B62DD
C10C00D6
C10C9EC9
C10D3CB6
C10DDA9D
C10E787F
C10F165C
C10FB433
C1105205
C110EFD2
C1118D9A
C1122B5E
C112C91C
C04C9EA0
C04CBF6C
C04CE12B
C04D03E3
C04D279C
C04D4C5C
C04D722A
C04D990D
C04DC10C
C04DEA2F
C04E147D
C04E3FFE
C04E6CBB
C04E9ABA
C04ECA05
C04EFAA5
C04F2CA1
C04F6003
C04F94D4
C04FCB1D
C05002E8
C0503C3F
C050772B
C050B3B7
C050F1EC
C05131D7
C0517381
C051B6F6
C051FC41
C052436E
C0528C88
C052D79C
C05324B6
C05373E2
C053C52E
C05418A6
C0546E58
C054C652
C05520A1
C0557D54
C055DC79
C0563E1F
C056A255
C057092A
C05772AE
C057DEF1
C0584E03
C058BFF4
C05934D6
C059ACB9
C05A27AF
C05AA5C9
C05B271A
C05BABB3
C05C33A7
C05CBF09
C05D4DEC
C05DE063
C05E7682
C05F105D
C05FAE07
C0604F96
C060F51D
C0619EB2
C0624C6A
C062FE5A
C063B496
C0646F36
C0652E4E
C065F1F5
C066BA40
C0678745
C068591B
C0692FD8
C06A0B91
C06AEC5E
C06BD253
C06CBD87
C06DAE10
C06EA404
C06F9F77
C070A07F
C071A732
C072B3A2
C073C5E6
C074DE0F
C075FC32
C0772061
C0784AAE
C0797B2A
C07AB1E6
C07BEEF1
C07D325B
C07E7C30
C07FCC7F
C08091A9
C081405A
C081F258
C082A7A6
C0836048
C0841C41
C084DB93
C0859E3E
C0866444
C0872DA5
C087FA5E
C088CA6E
C0899DD3
C08A7489
C08B4E8A
C08C2BD3
C08D0C5C
C08DF01F
C08ED714
C08FC131
C090AE6D
C0919EBE
C0929218
C0938870
C09481B8
C0957DE4
C0967CE5
C0977EAC
C098832A
C0998A4F
C09A940C
C09BA04E
C09CAF05
C09DC01F
C09ED38B
C09FE937
C0A1010F
C0A21B03
C0A336FF
C0A454F0
C0A574C6
C0A6966C
C0A7B9D1
C0A8DEE2
C0AA058E
C0AB2DC3
C0AC576F
C0AD8281
C0AEAEE8
C0AFDC94
C0B10B74
C0B23B7A
C0B36C94
C0B49EB5
C0B5D1CE
C0B705D1
C0B83AB1
C0B9705F
C0BAA6D0
C0BBDDF8
C0BD15CA
C0BE4E3C
C0BF8742
C0C0C0D3
C0C1FAE5
C0C3356D
C0C47064
C0C5ABC0
C0C6E77A
C0C8238A
C0C95FE8
C0CA9C8E
C0CBD974
C0CD1696
C0CE53ED
C0CF9173
C0D0CF24
C0D20CFA
C0D34AF1
C0D48904
C0D5C731
C0D70572
C0D843C5
C0D98226
C0DAC093
C0DBFF07
C0DD3D82
C0DE7C00
C0DFBA7F
C0E0F8FD
C0E23778
C0E375F0
C0E4B461
C0E5F2CA
C0E7312B
C0E86F82
C0E9ADCE
C0EAEC0D
C0EC2A40
C0ED6866
C0EEA67D
C0EFE485
C0F1227E
C0F26067
C0F39E40
C0F4DC08
C0F619C0
C0F75767
C0F894FC
C0F9D280
C0FB0FF3
C0FC4D55
C0FD8AA5
C0FEC7E4
C1000289
C100A117
C1013F9D
C101DE1A
C1027C8F
C1031AFC
C103B961
C10457BD
C104F612
C105945F
C10632A4
C106D0E2
C1076F18
C1080D47
C108AB6E
C109498F
C109E7A9
C10A85BC
C10B23C8
C10BC1CE
C10C5FCE
C10CFDC8
C10D9BBB
C10E39A9
C10ED791
C10F7573
C1101350
C110B128
C1114EFA
C111ECC7
C1128A90
C1132854
C04DECB5
C04E0D4C
C04E2ED6
C04E5159
C04E74DB
C04E9963
C04EBEF9
C04EE5A3
C04F0D68
C04F3651
C04F6064
C04F8BA9
C04FB82A
C04FE5EC
C05014FA
C050455B
C0507719
C050AA3B
C050DECC
C05114D5
C0514C5F
C0518574
C051C01E
C051FC67
C0523A5A
C0527A02
C052BB68
C052FE99
C05343A0
C0538A88
C053D35D
C0541E2C
C0546B00
C054B9E7
C0550AED
C0555E20
C055B38C
C0560B41
C056654A
C056C1B7
C0572097
C05781F8
C057E5E9
C0584C7A
C058B5BA
C05921B9
C0599088
C05A0237
C05A76D7
C05AEE79
C05B692F
C05BE70A
C05C681C
C05CEC77
C05D742F
C05DFF56
C05E8DFE
C05F203D
C05FB625
C0604FCA
C060ED40
C0618E9C
C06233F3
C062DD59
C0638AE4
C0643CA9
C064F2BD
C065AD36
C0666C2B
C0672FB0
C067F7DC
C068C4C5
C0699682
C06A6D28
C06B48CE
C06C298A
C06D0F72
C06DFA9C
C06EEB1F
C06FE10F
C070DC84
C071DD90
C072E44B
C073F0C8
C075031C
C0761B5A
C0773996
C0785DE3
C0798851
C07AB8F4
C07BEFDA
C07D2D15
C07E70B3
C07FBAC1
C08085A7
C0813132
C081E007
C082922B
C08347A3
C0840071
C084BC98
C0857C1A
C0863EF9
C0870535
C087CECD
C0889BC2
C0896C0F
C08A3FB4
C08B16AC
C08BF0F3
C08CCE83
C08DAF56
C08E9365
C08F7AA8
C0906516
C09152A5
C092434B
C09336FC
C0942DAD
C0952751
C09623D9
C0972338
C0982560
C0992A40
C09A31C8
C09B3BE9
C09C4891
C09D57AF
C09E6932
C09F7D07
C0A0931D
C0A1AB60
C0A2C5BF
C0A3E227
C0A50085
C0A620C7
C0A742DB
C0A866AD
C0A98C2B
C0AAB345
C0ABDBE7
C0AD0600
C0AE317F
C0AF5E52
C0B08C6A
C0B1BBB6
C0B2EC26
C0B41DAA
C0B55035
C0B683B6
C0B7B820
C0B8ED66
C0BA237A
C0BB5A4F
C0BC91DA
C0BDCA0E
C0BF02E1
C0C03C47
C0C17636
C0C2B0A4
C0C3EB88
C0C526D8
C0C6628D
C0C79E9E
C0C8DB03
C0CA17B6
C0CB54AE
C0CC91E6
C0CDCF57
C0CF0CFC
C0D04ACF
C0D188CA
C0D2C6EA
C0D40529
C0D54383
C0D681F4
C0D7C079
C0D8FF0E
C0DA3DAF
C0DB7C5A
C0DCBB0C
C0DDF9C3
C0DF387B
C0E07733
C0E1B5E9
C0E2F49B
C0E43347
C0E571EC
C0E6B087
C0E7EF19
C0E92DA0
C0EA6C1A
C0EBAA87
C0ECE8E6
C0EE2736
C0EF6577
C0F0A3A7
C0F1E1C7
C0F31FD7
C0F45DD5
C0F59BC1
C0F6D99C
C0F81764
C0F9551B
C0FA92BF
C0FBD051
C0FD0DD1
C0FE4B3E
C0FF8899
C10062F1
C101018D
C101A020
C1023EAA
C102DD2B
C1037BA3
C1041A14
C104B87B
C10556DB
C105F532
C1069381
C10731C8
C107D008
C1086E40
C1090C70
C109AA9A
C10A48BC
C10AE6D7
C10B84EB
C10C22F9
C10CC100
C10D5F00
C10DFCFB
C10E9AEF
C10F38DD
C10FD6C6
C11074A8
C1111286
C111B05E
C1124E30
C112EBFE
C11389C7
C04F404E
C04F60B2
C04F8208
C04FA457
C04FC7A4
C04FEBF6
C0501155
C05037C8
C0505F55
C0508805
C050B1DF
C050DCEB
C0510931
C05136B8
C051658A
C05195AF
C051C72F
C051FA15
C0522E67
C0526432
C0529B7D
C052D452
C0530EBC
C0534AC5
C0538877
C053C7DD
C0540902
C0544BF1
C05490B5
C054D75B
C0551FED
C0556A79
C055B70A
C05605AE
C0565671
C056A960
C056FE89
C05755FA
C057AFC0
C0580BEA
C0586A87
C058CBA5
C0592F54
C05995A3
C059FEA1
C05A6A60
C05AD8EE
C05B4A5D
C05BBEBE
C05C3621
C05CB099
C05D2E37
C05DAF0D
C05E332E
C05EBAAB
C05F459A
C05FD40B
C0606614
C060FBC7
C0619539
C062327E
C062D3AB
C06378D4
C064220E
C064CF6F
C065810C
C06636FB
C066F151
C067B024
C068738B
C0693B9C
C06A086C
C06ADA13
C06BB0A5
C06C8C3B
C06D6CEA
C06E52C9
C06F3DED
C0702E6D
C071245E
C0721FD7
C07320EC
C07427B3
C0753441
C07646A9
C0775F00
C0787D59
C079A1C7
C07ACC5B
C07BFD28
C07D343E
C07E71AD
C07FB583
C0807FE8
C081284F
C081D3FE
C08282FA
C0833547
C083EAEA
C084A3E6
C085603D
C0861FF3
C086E308
C087A97C
C0887350
C0894082
C08A1110
C08AE4F8
C08BBC35
C08C96C4
C08D749F
C08E55BE
C08F3A1D
C09021B1
C0910C73
C091FA58
C092EB56
C093DF62
C094D66F
C095D070
C096CD59
C097CD1A
C098CFA5
C099D4EA
C09ADCD9
C09BE762
C09CF474
C09E03FC
C09F15EB
C0A02A2C
C0A140AF
C0A25961
C0A3742F
C0A49107
C0A5AFD5
C0A6D088
C0A7F30C
C0A9174F
C0AA3D3F
C0AB64C9
C0AC8DDC
C0ADB865
C0AEE454
C0B01198
C0B1401F
C0B26FD9
C0B3A0B7
C0B4D2A9
C0B605A0
C0B7398D
C0B86E62
C0B9A412
C0BADA8F
C0BC11CC
C0BD49BD
C0BE8256
C0BFBB8C
C0C0F555
C0C22FA5
C0C36A73
C0C4A5B5
C0C5E163
C0C71D73
C0C859DE
C0C9969C
C0CAD3A5
C0CC10F3
C0CD4E7E
C0CE8C42
C0CFCA37
C0D10859
C0D246A2
C0D3850D
C0D4C397
C0D6023A
C0D740F2
C0D87FBC
C0D9BE95
C0DAFD79
C0DC3C65
C0DD7B57
C0DEBA4B
C0DFF940
C0E13833
C0E27723
C0E3B60D
C0E4F4EF
C0E633C9
C0E77299
C0E8B15E
C0E9F015
C0EB2EC0
C0EC6D5B
C0EDABE8
C0EEEA64
C0F028D0
C0F1672A
C0F2A573
C0F3E3AA
C0F521CE
C0F65FE0
C0F79DDF
C0F8DBCB
C0FA19A3
C0FB5769
C0FC951B
C0FDD2BA
C0FF1046
C10026DF
C100C592
C101643C
C10202DC
C102A173
C1034001
C103DE85
C1047D01
C1051B74
C105B9DF
C1065841
C106F69B
C10794EC
C1083335
C108D177
C1096FB0
C10A0DE3
C10AAC0D
C10B4A31
C10BE84D
C10C8662
C10D2471
C10DC279
C10E607A
C10EFE75
C10F9C6A
C1103A59
C110D842
C1117625
C1121403
C112B1DB
C1134FAE
C113ED7C
C0509973
C050B9A6
C050DAC9
C050FCE5
C0511FFE
C051441C
C0516946
C0518F84
C051B6DB
C051DF54
C05208F6
C05233CA
C0525FD7
C0528D25
C052BBBD
C052EBA7
C0531CED
C0534F96
C05383AD
C053B93B
C053F048
C05428E0
C054630C
C0549ED6
C054DC49
C0551B70
C0555C56
C0559F05
C055E389
C05629EE
C0567240
C056BC8B
C05708DB
C057573E
C057A7BF
C057FA6D
C0584F55
C058A685
C059000A
C0595BF4
C059BA50
C05A1B2E
C05A7E9D
C05AE4AC
C05B4D6B
C05BB8EB
C05C273B
C05C986D
C05D0C91
C05D83B8
C05DFDF5
C05E7B59
C05EFBF6
C05F7FDE
C0600725
C06091DD
C061201A
C061B1F0
C0624771
C062E0B3
C0637DCA
C0641ECA
C064C3C8
C0656CDA
C0661A14
C066CB8C
C0678159
C0683B8F
C068FA45
C069BD90
C06A8589
C06B5243
C06C23D7
C06CFA5A
C06DD5E3
C06EB689
C06F9C62
C0708783
C0717804
C0726DFA
C073697B
C0746A9C
C0757174
C0767E15
C0779096
C078A90A
C079C784
C07AEC17
C07C16D6
C07D47D2
C07E7F1B
C07FBCC2
C080806B
C08125B2
C081CE3E
C0827A13
C0832937
C083DBB0
C0849181
C0854AAD
C0860738
C086C724
C0878A71
C0885121
C0891B32
C089E8A5
C08AB976
C08B8DA4
C08C652A
C08D4003
C08E1E2B
C08EFF9B
C08FE44B
C090CC34
C091B74D
C092A58B
C09396E5
C0948B4E
C09582BB
C0967D1E
C0977A6A
C0987A90
C0997D82
C09A8330
C09B8B89
C09C967D
C09DA3FC
C09EB3F3
C09FC650
C0A0DB02
C0A1F1F6
C0A30B1A
C0A4265B
C0A543A5
C0A662E7
C0A7840E
C0A8A707
C0A9CBBE
C0AAF222
C0AC1A21
C0AD43A8
C0AE6EA6
C0AF9B09
C0B0C8C0
C0B1F7BA
C0B327E7
C0B45936
C0B58B99
C0B6BF00
C0B7F35C
C0B928A0
C0BA5EBC
C0BB95A5
C0BCCD4D
C0BE05A7
C0BF3EA9
C0C07846
C0C1B275
C0C2ED29
C0C4285A
C0C563FE
C0C6A00B
C0C7DC7A
C0C91942
C0CA565B
C0CB93BE
C0CCD164
C0CE0F46
C0CF4D5E
C0D08BA7
C0D1CA1B
C0D308B4
C0D4476E
C0D58644
C0D6C532
C0D80434
C0D94346
C0DA8265
C0DBC18E
C0DD00BD
C0DE3FF0
C0DF7F25
C0E0BE58
C0E1FD89
C0E33CB4
C0E47BD8
C0E5BAF3
C0E6FA04
C0E8390A
C0E97803
C0EAB6ED
C0EBF5C9
C0ED3495
C0EE7351
C0EFB1FB
C0F0F093
C0F22F19
C0F36D8C
C0F4ABEC
C0F5EA38
C0F72870
C0F86695
C0F9A4A5
C0FAE2A1
C0FC2089
C0FD5E5C
C0FE9C1C
C0FFD9C7
C1008BAF
C1012A71
C101C929
C10267D7
C103067B
C103A516
C10443A7
C104E230
C10580AF
C1061F25
C106BD92
C1075BF6
C107FA52
C10898A6
C10936F1
C109D534
C10A736F
C10B11A3
C10BAFCF
C10C4DF3
C10CEC11
C10D8A27
C10E2836
C10EC63F
C10F6441
C110023D
C110A032
C1113E22
C111DC0B
C11279EF
C11317CD
C113B5A5
C1145379
C051F829
C052182C
C0523920
C0525B0A
C0527DF1
C052A1DD
C052C6D4
C052ECDD
C0531400
C0533C43
C05365B0
C053904D
C053BC23
C053E93A
C054179A
C054474B
C0547857
C054AAC7
C054DEA4
C05513F6
C0554AC9
C0558325
C055BD15
C055F8A3
C05635D9
C05674C3
C056B56A
C056F7DC
C0573C22
C0578249
C057CA5C
C0581468
C058607A
C058AE9E
C058FEE0
C0595150
C059A5F9
C059FCEA
C05A5630
C05AB1DB
C05B0FFA
C05B709A
C05BD3CB
C05C399D
C05CA220
C05D0D63
C05D7B78
C05DEC6F
C05E6058
C05ED746
C05F514B
C05FCE77
C0604EDD
C060D290
C06159A3
C061E428
C0627233
C06303D9
C063992B
C0643240
C064CF2B
C0657002
C06614D8
C066BDC4
C0676ADB
C0681C31
C068D1DE
C0698BF8
C06A4A93
C06B0DC7
C06BD5AA
C06CA253
C06D73D7
C06E4A4E
C06F25CE
C070066E
C070EC44
C071D767
C072C7EC
C073BDEA
C074B978
C075BAA9
C076C195
C077CE4F
C078E0EC
C079F981
C07B1820
C07C3CDD
C07D67CA
C07E98F9
C07FD07B
C0808730
C081295A
C081CEC5
C0827777
C0832374
C083D2C4
C084856B
C0853B6C
C085F4CC
C086B18D
C08771B1
C0883539
C088FC27
C089C679
C08A942F
C08B6547
C08C39BD
C08D118E
C08DECB5
C08ECB2E
C08FACF0
C09091F6
C0917A37
C09265A9
C0935444
C09445FC
C0953AC7
C0963296
C0972D5E
C0982B11
C0992BA0
C09A2EFC
C09B3516
C09C3DDD
C09D4941
C09E572F
C09F6798
C0A07A68
C0A18F8E
C0A2A6F7
C0A3C090
C0A4DC47
C0A5FA09
C0A719C2
C0A83B60
C0A95ED1
C0AA8401
C0ABAADD
C0ACD354
C0ADFD53
C0AF28C9
C0B055A3
C0B183D1
C0B2B342
C0B3E3E4
C0B515A9
C0B64880
C0B77C5B
C0B8B12A
C0B9E6DF
C0BB1D6C
C0BC54C4
C0BD8CDA
C0BEC5A2
C0BFFF0F
C0C13917
C0C273AE
C0C3AECA
C0C4EA61
C0C62669
C0C762DA
C0C89FAA
C0C9DCD2
C0CB1A49
C0CC5809
C0CD960A
C0CED445
C0D012B5
C0D15154
C0D2901C
C0D3CF08
C0D50E13
C0D64D38
C0D78C74
C0D8CBC2
C0DA0B1F
C0DB4A86
C0DC89F6
C0DDC96B
C0DF08E2
C0E04859
C0E187CD
C0E2C73C
C0E406A5
C0E54605
C0E6855B
C0E7C4A5
C0E903E2
C0EA4311
C0EB8231
C0ECC140
C0EE003E
C0EF3F2B
C0F07E04
C0F1BCCB
C0F2FB7D
C0F43A1C
C0F578A6
C0F6B71B
C0F7F57B
C0F933C7
C0FA71FD
C0FBB01D
C0FCEE29
C0FE2C1F
C0FF6A00
C10053E6
C100F2C1
C1019192
C1023059
C102CF15
C1036DC8
C1040C70
C104AB0F
C10549A3
C105E82F
C10686B1
C1072529
C107C399
C1086200
C109005E
C1099EB3
C10A3D00
C10ADB45
C10B7982
C10C17B7
C10CB5E4
C10D540A
C10DF228
C10E903F
C10F2E50
C10FCC59
C1106A5C
C1110858
C111A64E
C112443E
C112E228
C113800C
C1141DEA
C114BBC3
C0535C78
C0537C4D
C0539D11
C053BECB
C053E182
C054053D
C0542A02
C0544FD9
C05476C9
C0549ED9
C054C812
C054F27B
C0551E1B
C0554AFC
C0557925
C055A8A0
C055D975
C0560BAD
C0563F51
C056746B
C056AB04
C056E327
C0571CDC
C0575830
C057952B
C057D3DA
C0581446
C058567B
C0589A86
C058E070
C0592847
C0597217
C059BDEC
C05A0BD3
C05A5BD9
C05AAE0C
C05B0279
C05B592D
C05BB238
C05C0DA7
C05C6B89
C05CCBEE
C05D2EE4
C05D947B
C05DFCC4
C05E67CE
C05ED5A9
C05F4668
C05FBA1A
C06030D1
C060AAA0
C0612797
C061A7CA
C0622B4A
C062B22B
C0633C80
C063CA5D
C0645BD4
C064F0FB
C06589E6
C06626A9
C066C758
C0676C0A
C06814D3
C068C1C9
C0697302
C06A2893
C06AE292
C06BA117
C06C6436
C06D2C08
C06DF8A1
C06ECA1A
C06FA088
C0707C03
C0715CA0
C0724277
C0732D9F
C0741E2D
C0751437
C0760FD4
C077111A
C078181E
C07924F4
C07A37B2
C07B506C
C07C6F35
C07D9420
C07EBF40
C07FF0A7
C0809432
C0813345
C081D594
C0827B24
C08323FE
C083D027
C0847FA4
C085327B
C085E8B0
C086A245
C0875F3F
C0881F9E
C088E365
C089AA93
C08A7529
C08B4325
C08C1486
C08CE947
C08DC167
C08E9CDF
C08F7BAB
C0905DC3
C0914322
C0922BBD
C093178D
C0940688
C094F8A2
C095EDD0
C096E606
C097E136
C098DF53
C099E04F
C09AE419
C09BEAA2
C09CF3DA
C09DFFB0
C09F0E13
C0A01EF1
C0A13238
C0A247D5
C0A35FB6
C0A479C9
C0A595FA
C0A6B436
C0A7D46A
C0A8F684
C0AA1A70
C0AB401C
C0AC6774
C0AD9067
C0AEBAE2
C0AFE6D3
C0B11428
C0B242D1
C0B372BC
C0B4A3D8
C0B5D616
C0B70965
C0B83DB7
C0B972FC
C0BAA926
C0BBE027
C0BD17F2
C0BE507A
C0BF89B2
C0C0C38E
C0C1FE04
C0C33907
C0C4748E
C0C5B08E
C0C6ECFF
C0C829D5
C0C9670A
C0CAA495
C0CBE26D
C0CD208D
C0CE5EEC
C0CF9D83
C0D0DC4E
C0D21B46
C0D35A65
C0D499A6
C0D5D904
C0D7187C
C0D85808
C0D997A4
C0DAD74E
C0DC1701
C0DD56BA
C0DE9677
C0DFD634
C0E115EF
C0E255A6
C0E39557
C0E4D4FF
C0E6149D
C0E75430
C0E893B5
C0E9D32C
C0EB1293
C0EC51E9
C0ED912D
C0EED05F
C0F00F7E
C0F14E88
C0F28D7E
C0F3CC5F
C0F50B2B
C0F649E1
C0F78881
C0F8C70B
C0FA057E
C0FB43DB
C0FC8222
C0FDC052
C0FEFE6C
C1001E38
C100BD2E
C1015C1A
C101FAFB
C10299D1
C103389C
C103D75D
C1047614
C10514C0
C105B362
C10651FA
C106F088
C1078F0D
C1082D88
C108CBFA
C1096A63
C10A08C3
C10AA71A
C10B4569
C10BE3AF
C10C81EE
C10D2024
C10DBE52
C10E5C79
C10EFA98
C10F98B0
C11036C1
C110D4CB
C11172CF
C11210CB
C112AEC2
C1134CB2
C113EA9C
C1148881
C115265F
C054C663
C054E60B
C05506A2
C055282E
C0554AB6
C0556E42
C05592D7
C055B87D
C055DF3C
C056071B
C0563021
C0565A57
C05685C4
C056B271
C056E066
C0570FAB
C057404A
C057724C
C057A5BA
C057DA9D
C05810FF
C05848EA
C0588267
C058BD82
C058FA45
C05938BA
C05978ED
C059BAE9
C059FEB9
C05A446A
C05A8C07
C05AD59C
C05B2137
C05B6EE4
C05BBEAF
C05C10A8
C05C64DA
C05CBB54
C05D1425
C05D6F5B
C05DCD03
C05E2D2F
C05E8FED
C05EF54C
C05F5D5D
C05FC830
C06035D5
C060A65E
C06119DB
C061905E
C06209FA
C06286BF
C06306C0
C0638A10
C06410C3
C0649AEB
C065289B
C065B9E8
C0664EE7
C066E7AA
C0678447
C06824D3
C068C963
C069720D
C06A1EE5
C06AD002
C06B857B
C06C3F64
C06CFDD5
C06DC0E3
C06E88A6
C06F5535
C07026A5
C070FD0E
C071D886
C072B925
C0739F02
C0748A31
C0757ACB
C07670E6
C0776C97
C0786DF5
C0797515
C07A820B
C07B94EE
C07CADD1
C07DCCC8
C07EF1E6
C0800E9F
C080A770
C0814370
C081E2A6
C082851A
C0832AD3
C083D3D7
C084802E
C0852FDB
C085E2E5
C086994F
C087531E
C0881052
C088D0F0
C08994F7
C08A5C69
C08B2745
C08BF58A
C08CC737
C08D9C47
C08E74B7
C08F5083
C0902FA6
C0911217
C091F7D1
C092E0CB
C093CCFC
C094BC59
C095AED9
C096A46F
C0979D0E
C09898AA
C0999735
C09A98A0
C09B9CDB
C09CA3D8
C09DAD84
C09EB9D1
C09FC8AB
C0A0DA02
C0A1EDC3
C0A303DB
C0A41C39
C0A536C8
C0A65377
C0A77231
C0A892E4
C0A9B57D
C0AAD9E9
C0AC0014
C0AD27EC
C0AE515F
C0AF7C59
C0B0A8CA
C0B1D69E
C0B305C5
C0B4362E
C0B567C7
C0B69A81
C0B7CE4C
C0B90319
C0BA38D7
C0BB6F7A
C0BCA6F3
C0BDDF35
C0BF1832
C0C051DE
C0C18C2D
C0C2C713
C0C40286
C0C53E7B
C0C67AE8
C0C7B7C3
C0C8F504
C0CA32A0
C0CB7091
C0CCAECE
C0CDED50
C0CF2C10
C0D06B07
C0D1AA2F
C0D2E982
C0D428FB
C0D56895
C0D6A84A
C0D7E816
C0D927F4
C0DA67E2
C0DBA7DB
C0DCE7DC
C0DE27E1
C0DF67E7
C0E0A7ED
C0E1E7EF
C0E327EB
C0E467DF
C0E5A7C9
C0E6E7A8
C0E82779
C0E9673B
C0EAA6ED
C0EBE68E
C0ED261D
C0EE6598
C0EFA500
C0F0E452
C0F22390
C0F362B7
C0F4A1C8
C0F5E0C2
C0F71FA6
C0F85E72
C0F99D26
C0FADBC3
C0FC1A49
C0FD58B7
C0FE970D
C0FFD54C
C10089BA
C10128C2
C101C7BF
C10266B0
C1030596
C103A471
C1044340
C104E205
C10580C0
C1061F6F
C106BE15
C1075CB0
C107FB41
C10899C8
C1093846
C109D6BA
C10A7525
C10B1387
C10BB1DF
C10C5030
C10CEE77
C10D8CB7
C10E2AEE
C10EC91E
C10F6745
C1100566
C110A37E
C1114190
C111DF9B
C1127D9F
C1131B9C
C113B993
C1145784
C114F56E
C1159353
C05635F0
C056556C
C05675D7
C0569736
C056B991
C056DCEF
C0570156
C05726CD
C0574D5C
C057750B
C0579DE1
C057C7E5
C057F321
C0581F9B
C0584D5D
C0587C70
C058ACDB
C058DEA9
C05911E2
C0594690
C0597CBD
C059B471
C059EDB9
C05A289D
C05A6529
C05AA367
C05AE363
C05B2527
C05B68C0
C05BAE39
C05BF59E
C05C3EFB
C05C8A5E
C05CD7D2
C05D2766
C05D7926
C05DCD21
C05E2364
C05E7BFD
C05ED6FB
C05F346D
C05F9462
C05FF6E9
C0605C13
C060C3EF
C0612E8D
C0619BFF
C0620C54
C0627F9F
C062F5F1
C0636F5C
C063EBF2
C0646BC5
C064EEE8
C065756F
C065FF6C
C0668CF3
C0671E19
C067B2F1
C0684B90
C068E80B
C0698876
C06A2CE8
C06AD575
C06B8233
C06C3338
C06CE89B
C06DA271
C06E60D2
C06F23D2
C06FEB8B
C070B811
C071897D
C0725FE4
C0733B5E
C0741C02
C07501E7
C075ED23
C076DDCD
C077D3FC
C078CFC5
C079D13E
C07AD87E
C07BE59A
C07CF8A5
C07E11B6
C07F30DF
C0802B1A
C080C0E4
C08159D5
C081F5F8
C0829553
C08337EF
C083DDD3
C0848705
C085338B
C085E36C
C08696AB
C0874D4E
C0880757
C088C4C9
C08985A8
C08A49F3
C08B11AB
C08BDCD0
C08CAB61
C08D7D5C
C08E52BE
C08F2B83
C09007A6
C090E722
C091C9F0
C092B009
C0939964
C09485F8
C09575BC
C09668A4
C0975EA5
C09857B1
C09953BC
C09A52B8
C09B5496
C09C5947
C09D60BA
C09E6ADF
C09F77A5
C0A086FB
C0A198CE
C0A2AD0D
C0A3C3A4
C0A4DC81
C0A5F792
C0A714C2
C0A833FE
C0A95534
C0AA7850
C0AB9D3F
C0ACC3EE
C0ADEC49
C0AF163F
C0B041BD
C0B16EB0
C0B29D07
C0B3CCB1
C0B4FD9B
C0B62FB5
C0B762F0
C0B8973A
C0B9CC85
C0BB02C1
C0BC39E1
C0BD71D5
C0BEAA90
C0BFE406
C0C11E29
C0C258EF
C0C3944A
C0C4D030
C0C60C97
C0C74973
C0C886BD
C0C9C46A
C0CB0271
C0CC40CC
C0CD7F70
C0CEBE58
C0CFFD7C
C0D13CD5
C0D27C5E
C0D3BC10
C0D4FBE5
C0D63BDA
C0D77BE8
C0D8BC0B
C0D9FC40
C0DB3C81
C0DC7CCC
C0DDBD1D
C0DEFD70
C0E03DC3
C0E17E14
C0E2BE5F
C0E3FEA2
C0E53EDC
C0E67F0A
C0E7BF2B
C0E8FF3D
C0EA3F3E
C0EB7F2E
C0ECBF0B
C0EDFED4
C0EF3E88
C0F07E27
C0F1BDAF
C0F2FD21
C0F43C7B
C0F57BBE
C0F6BAE9
C0F7F9FB
C0F938F4
C0FA77D5
C0FBB69D
C0FCF54D
C0FE33E3
C0FF7261
C1005863
C100F78A
C10196A4
C10235B2
C102D4B4
C10373AB
C1041296
C104B175
C1055049
C105EF12
C1068DCF
C1072C82
C107CB2B
C10869C9
C109085D
C109A6E6
C10A4566
C10AE3DC
C10B8249
C10C20AC
C10CBF07
C10D5D59
C10DFBA2
C10E99E2
C10F381B
C10FD64B
C1107474
C1111295
C111B0AE
C1124EC1
C112ECCC
C1138AD0
C11428CE
C114C6C5
C11564B6
C11602A1
C057AB20
C057CA72
C057EAB2
C0580BE7
C0582E16
C0585148
C0587582
C0589ACC
C058C12D
C058E8AD
C0591154
C0593B29
C0596634
C059927F
C059C010
C059EEF1
C05A1F2B
C05A50C6
C05A83CC
C05AB847
C05AEE40
C05B25C1
C05B5ED5
C05B9984
C05BD5DC
C05C13E5
C05C53AB
C05C953A
C05CD89D
C05D1DE0
C05D650F
C05DAE37
C05DF964
C05E46A2
C05E9600
C05EE78B
C05F3B50
C05F915D
C05FE9C1
C060448A
C060A1C8
C0610189
C06163DC
C061C8D3
C062307C
C0629AE9
C0630829
C063784E
C063EB69
C064618D
C064DACA
C0655733
C065D6DA
C06659D3
C066E031
C0676A06
C067F768
C0688869
C0691D1E
C069B59C
C06A51F7
C06AF245
C06B969B
C06C3F0F
C06CEBB6
C06D9CA7
C06E51F7
C06F0BBD
C06FCA11
C0708D07
C07154B8
C072213A
C072F2A4
C073C90E
C074A48D
C075853A
C0766B2B
C0775677
C0784735
C0793D7C
C07A3961
C07B3AFA
C07C425F
C07D4FA3
C07E62DC
C07F7C1E
C0804DBF
C080E087
C0817671
C0820F85
C082ABCD
C0834B50
C083EE16
C0849427
C0853D89
C085EA42
C0869A58
C0874DCF
C08804AC
C088BEF3
C0897CA6
C08A3DC8
C08B0259
C08BCA5B
C08C95CC
C08D64AC
C08E36F9
C08F0CAF
C08FE5CB
C090C248
C091A221
C092854E
C0936BC9
C0945589
C0954285
C09632B2
C0972606
C0981C75
C09915F2
C09A1270
C09B11E0
C09C1435
C09D195E
C09E214B
C09F2BEC
C0A03930
C0A14905
C0A25B58
C0A37018
C0A48732
C0A5A093
C0A6BC28
C0A7D9DD
C0A8F9A0
C0AA1B5C
C0AB3EFF
C0AC6475
C0AD8BAB
C0AEB48E
C0AFDF0B
C0B10B10
C0B2388A
C0B36768
C0B49797
C0B5C907
C0B6FBA6
C0B82F65
C0B96432
C0BA99FF
C0BBD0BD
C0BD085C
C0BE40CF
C0BF7A08
C0C0B3FB
C0C1EE99
C0C329D8
C0C465AB
C0C5A208
C0C6DEE4
C0C81C34
C0C959EF
C0CA980C
C0CBD682
C0CD1549
C0CE5458
C0CF93A9
C0D0D334
C0D212F3
C0D352DF
C0D492F2
C0D5D328
C0D7137A
C0D853E4
C0D99462
C0DAD4EE
C0DC1586
C0DD5626
C0DE96C9
C0DFD76D
C0E11810
C0E258AE
C0E39944
C0E4D9D1
C0E61A53
C0E75AC7
C0E89B2D
C0E9DB81
C0EB1BC4
C0EC5BF3
C0ED9C0E
C0EEDC13
C0F01C02
C0F15BDA
C0F29B9B
C0F3DB42
C0F51AD2
C0F65A48
C0F799A4
C0F8D8E7
C0FA180F
C0FB571E
C0FC9613
C0FDD4EE
C0FF13AE
C100292A
C100C871
C10167AB
C10206D7
C102A5F8
C103450C
C103E413
C104830F
C10521FE
C105C0E1
C1065FB9
C106FE86
C1079D47
C1083BFD
C108DAA8
C1097949
C10A17DF
C10AB66B
C10B54ED
C10BF365
C10C91D4
C10D3039
C10DCE95
C10E6CE8
C10F0B32
C10FA974
C11047AD
C110E5DF
C1118408
C112222A
C112C044
C1135E57
C113FC63
C1149A68
C1153866
C115D65D
C116744F
C05925F5
C059451F
C0596536
C0598641
C059A847
C059CB4D
C059EF5C
C05A147B
C05A3AB0
C05A6203
C05A8A7C
C05AB424
C05ADF01
C05B0B1C
C05B387E
C05B6730
C05B973A
C05BC8A5
C05BFB7A
C05C2FC4
C05C658B
C05C9CDA
C05CD5BB
C05D1039
C05D4C5D
C05D8A33
C05DC9C7
C05E0B22
C05E4E52
C05E9361
C05EDA5D
C05F2351
C05F6E4A
C05FBB55
C0600A7F
C0605BD6
C060AF68
C0610542
C0615D73
C061B80A
C0621516
C06274A5
C062D6C8
C0633B8D
C063A307
C0640D44
C0647A55
C064EA4D
C0655D3B
C065D332
C0664C44
C066C883
C0674802
C067CAD4
C068510B
C068DABC
C06967FA
C069F8D9
C06A8D6F
C06B25CE
C06BC20D
C06C6241
C06D067F
C06DAEDC
C06E5B70
C06F0C4F
C06FC190
C0707B4A
C0713994
C071FC83
C072C430
C07390B2
C074621E
C075388D
C0761416
C076F4CF
C077DAD0
C078C630
C079B706
C07AAD68
C07BA96D
C07CAB2A
C07DB2B7
C07EC028
C07FD392
C0807685
C0810653
C081993B
C0822F47
C082C880
C08364EF
C084049D
C084A790
C0854DD0
C085F764
C086A452
C08754A0
C0880852
C088BF6D
C08979F4
C08A37EA
C08AF952
C08BBE2D
C08C867A
C08D523A
C08E216C
C08EF40D
C08FCA1B
C090A392
C091806C
C09260A4
C0934434
C0942B14
C095153C
C09602A2
C096F33C
C097E700
C098DDE0
C099D7D1
C09AD4C5
C09BD4AE
C09CD77D
C09DDD22
C09EE58D
C09FF0AE
C0A0FE73
C0A20ECA
C0A321A2
C0A436E7
C0A54E87
C0A66870
C0A7848D
C0A8A2CB
C0A9C317
C0AAE55E
C0AC098C
C0AD2F8D
C0AE574E
C0AF80BC
C0B0ABC5
C0B1D854
C0B30659
C0B435C1
C0B5667B
C0B69874
C0B7CB9C
C0B8FFE2
C0BA3536
C0BB6B8A
C0BCA2CC
C0BDDAEF
C0BF13E5
C0C04DA0
C0C18812
C0C2C330
C0C3FEEC
C0C53B3B
C0C67812
C0C7B566
C0C8F32D
C0CA315D
C0CB6FEE
C0CCAED5
C0CDEE0C
C0CF2D89
C0D06D46
C0D1AD3C
C0D2ED63
C0D42DB5
C0D56E2E
C0D6AEC6
C0D7EF79
C0D93042
C0DA711D
C0DBB204
C0DCF2F6
C0DE33EC
C0DF74E5
C0E0B5DD
C0E1F6D1
C0E337BF
C0E478A3
C0E5B97C
C0E6FA49
C0E83B05
C0E97BB1
C0EABC4B
C0EBFCD1
C0ED3D42
C0EE7D9D
C0EFBDE0
C0F0FE0C
C0F23E1F
C0F37E19
C0F4BDF9
C0F5FDBF
C0F73D6A
C0F87CFA
C0F9BC6F
C0FAFBC8
C0FC3B07
C0FD7A29
C0FEB931
C0FFF81D
C1009B77
C1013AD2
C101DA1F
C1027960
C1031893
C103B7B9
C10456D2
C104F5DF
C10594DF
C10633D2
C106D2BA
C1077195
C1081065
C108AF2A
C1094DE3
C109EC91
C10A8B34
C10B29CC
C10BC85A
C10C66DE
C10D0558
C10DA3C8
C10E422F
C10EE08C
C10F7EE0
C1101D2C
C110BB6F
C11159A9
C111F7DB
C1129605
C1133428
C113D243
C1147056
C1150E62
C115AC68
C1164A66
C116E85E
C05AA670
C05AC573
C05AE563
C05B0646
C05B2823
C05B4B01
C05B6EE6
C05B93DA
C05BB9E5
C05BE10D
C05C095B
C05C32D6
C05C5D87
C05C8975
C05CB6AA
C05CE52E
C05D1509
C05D4645
C05D78EC
C05DAD06
C05DE29E
C05E19BD
C05E526E
C05E8CBB
C05EC8AF
C05F0654
C05F45B6
C05F86E1
C05FC9DF
C0600EBD
C0605587
C0609E49
C060E911
C06135EA
C06184E3
C061D609
C062296A
C0627F14
C062D715
C063317B
C0638E57
C063EDB7
C0644FAB
C064B443
C0651B8F
C065859F
C065F285
C0666251
C066D515
C0674AE3
C067C3CD
C0683FE5
C068BF3D
C06941EA
C069C7FE
C06A518D
C06ADEAB
C06B6F6C
C06C03E4
C06C9C28
C06D384E
C06DD86A
C06E7C93
C06F24DE
C06FD160
C0708231
C0713767
C071F118
C072AF5B
C0737248
C07439F4
C0750678
C075D7EA
C076AE62
C07789F8
C0786AC1
C07950D6
C07A3C4E
C07B2D3F
C07C23C1
C07D1FEA
C07E21D0
C07F2989
C0801B95
C080A565
C081323F
C081C22C
C0825536
C082EB66
C08384C7
C0842160
C084C13A
C085645C
C0860ACE
C086B497
C08761BD
C0881245
C088C634
C0897D8F
C08A3859
C08AF696
C08BB847
C08C7D6D
C08D4609
C08E121B
C08EE1A2
C08FB49A
C0908B03
C09164D6
C0924211
C09322AC
C09406A2
C094EDEB
C095D87E
C096C651
C097B75C
C098AB92
C099A2E7
C09A9D50
C09B9ABD
C09C9B22
C09D9E6F
C09EA493
C09FAD80
C0A0B924
C0A1C76E
C0A2D84C
C0A3EBAB
C0A5017A
C0A619A4
C0A73418
C0A850C1
C0A96F8C
C0AA9066
C0ABB33B
C0ACD7F7
C0ADFE87
C0AF26D7
C0B050D5
C0B17C6C
C0B2A98B
C0B3D81F
C0B50815
C0B6395C
C0B76BE3
C0B89F97
C0B9D469
C0BB0A49
C0BC4126
C0BD78F1
C0BEB19C
C0BFEB18
C0C12558
C0C2604E
C0C39BEE
C0C4D82B
C0C614F9
C0C7524E
C0C8901E
C0C9CE60
C0CB0D09
C0CC4C11
C0CD8B6D
C0CECB17
C0D00B06
C0D14B32
C0D28B95
C0D3CC28
C0D50CE5
C0D64DC5
C0D78EC3
C0D8CFDA
C0DA1105
C0DB523F
C0DC9385
C0DDD4D2
C0DF1623
C0E05774
C0E198C2
C0E2DA0A
C0E41B4A
C0E55C7F
C0E69DA7
C0E7DEC0
C0E91FC8
C0EA60BD
C0EBA19E
C0ECE269
C0EE231E
C0EF63BB
C0F0A43F
C0F1E4A9
C0F324FA
C0F4652F
C0F5A549
C0F6E547
C0F82529
C0F964EE
C0FAA497
C0FBE423
C0FD2392
C0FE62E5
C0FFA21B
C100709A
C1011018
C101AF88
C1024EEB
C102EE3F
C1038D85
C1042CBE
C104CBEA
C1056B08
C1060A19
C106A91E
C1074815
C107E701
C10885E0
C10924B3
C109C37A
C10A6236
C10B00E6
C10B9F8C
C10C3E26
C10CDCB6
C10D7B3C
C10E19B8
C10EB829
C10F5691
C10FF4F0
C1109346
C1113192
C111CFD6
C1126E11
C1130C44
C113AA6F
C1144892
C114E6AD
C11584C1
C11622CE
C116C0D4
C1175ED3
C05C2C91
C05C4B6F
C05C6B39
C05C8BF5
C05CADAB
C05CD061
C05CF41F
C05D18EA
C05D3ECC
C05D65CB
C05D8DEF
C05DB73F
C05DE1C5
C05E0D88
C05E3A91
C05E68E9
C05E9898
C05EC9A8
C05EFC21
C05F300E
C05F6578
C05F9C69
C05FD4EC
C0600F0A
C0604ACF
C0608846
C060C779
C0610874
C0614B43
C0618FF2
C061D68C
C0621F1F
C06269B8
C062B662
C063052C
C0635623
C063A955
C063FED1
C06456A4
C064B0DD
C0650D8B
C0656CBF
C065CE87
C06632F3
C0669A14
C06703FA
C06770B6
C067E05A
C06852F6
C068C89D
C0694162
C069BD55
C06A3C8B
C06ABF16
C06B4509
C06BCE79
C06C5B7A
C06CEC1F
C06D807D
C06E18A9
C06EB4B9
C06F54C1
C06FF8D8
C070A112
C0714D88
C071FE4E
C072B37B
C0736D26
C0742B67
C074EE53
C075B603
C076828D
C0775408
C0782A8D
C0790633
C079E710
C07ACD3D
C07BB8D0
C07CA9E1
C07DA087
C07E9CD7
C07F9EE9
C0805369
C080DA55
C0816442
C081F13B
C0828149
C0831478
C083AACF
C0844459
C084E11E
C0858127
C086247B
C086CB21
C0877521
C0882281
C088D346
C0898775
C08A3F13
C08AFA23
C08BB8A8
C08C7AA5
C08D401A
C08E0908
C08ED56E
C08FA54C
C09078A0
C0914F65
C092299A
C0930737
C093E839
C094CC98
C095B44C
C0969F4D
C0978D92
C0987F10
C09973BC
C09A6B8A
C09B666D
C09C6458
C09D653C
C09E690A
C09F6FB2
C0A07924
C0A1854F
C0A29421
C0A3A589
C0A4B974
C0A5CFCF
C0A6E888
C0A8038B
C0A920C4
C0AA4020
C0AB618B
C0AC84F2
C0ADAA41
C0AED164
C0AFFA47
C0B124D8
C0B25102
C0B37EB4
C0B4ADDB
C0B5DE63
C0B7103C
C0B84354
C0B97799
C0BAACFA
C0BBE368
C0BD1AD3
C0BE532C
C0BF8C62
C0C0C669
C0C20132
C0C33CAF
C0C478D5
C0C5B597
C0C6F2E8
C0C830BF
C0C96F0F
C0CAADCE
C0CBECF4
C0CD2C76
C0CE6C4B
C0CFAC6B
C0D0ECCF
C0D22D6E
C0D36E42
C0D4AF44
C0D5F06D
C0D731B8
C0D87320
C0D9B49D
C0DAF62D
C0DC37CB
C0DD7971
C0DEBB1D
C0DFFCCB
C0E13E77
C0E2801E
C0E3C1BD
C0E50352
C0E644DA
C0E78653
C0E8C7BB
C0EA0910
C0EB4A51
C0EC8B7C
C0EDCC8F
C0EF0D8A
C0F04E6B
C0F18F32
C0F2CFDD
C0F4106C
C0F550DF
C0F69135
C0F7D16D
C0F91188
C0FA5184
C0FB9163
C0FCD123
C0FE10C5
C0FF5049
C10047D7
C100E77B
C1018710
C1022696
C102C60E
C1036577
C10404D1
C104A41E
C105435C
C105E28D
C10681B0
C10720C5
C107BFCE
C1085EC9
C108FDB8
C1099C9A
C10A3B71
C10ADA3B
C10B78F9
C10C17AC
C10CB654
C10D54F0
C10DF382
C10E920A
C10F3087
C10FCEFA
C1106D63
C1110BC3
C111AA19
C1124867
C112E6AC
C11384E8
C114231B
C114C147
C1155F6B
C115FD86
C1169B9B
C11739A8
C117D7AE
C05DB857
C05DD710
C05DF6B6
C05E174D
C05E38DD
C05E5B6D
C05E7F04
C05EA3A9
C05EC963
C05EF03A
C05F1836
C05F415E
C05F6BBB
C05F9754
C05FC433
C05FF261
C06021E5
C06052CA
C0608518
C060B8D9
C060EE17
C06124DC
C0615D33
C0619725
C061D2BD
C0621006
C0624F0C
C0628FDB
C062D27C
C06316FE
C0635D6B
C063A5D1
C063F03D
C0643CBA
C0648B58
C064DC22
C0652F28
C0658477
C065DC1E
C066362C
C06692B0
C066F1B9
C0675357
C067B79B
C0681E93
C0688851
C068F4E7
C0696465
C069D6DC
C06A4C60
C06AC501
C06B40D3
C06BBFE8
C06C4254
C06CC82A
C06D517E
C06DDE64
C06E6EF0
C06F0337
C06F9B4E
C070374B
C070D742
C0717B4A
C0722378
C072CFE3
C07380A2
C07435CA
C074EF73
C075ADB4
C07670A4
C077385A
C07804ED
C078D676
C079AD0C
C07A88C5
C07B69BA
C07C5002
C07D3BB5
C07E2CE9
C07F23B6
C0801019
C080913A
C081154A
C0819C52
C082265E
C082B378
C08343AB
C083D6FF
C0846D80
C0850736
C085A42A
C0864463
C086E7EB
C0878EC8
C0883902
C088E69E
C08997A3
C08A4C14
C08B03F7
C08BBF50
C08C7E20
C08D406B
C08E0632
C08ECF74
C08F9C32
C0906C6B
C091401C
C0921742
C092F1D9
C093CFDE
C094B148
C0959613
C0967E36
C09769A9
C0985862
C0994A57
C09A3F7D
C09B37C7
C09C3328
C09D3194
C09E32FA
C09F374D
C0A03E7C
C0A14877
C0A2552D
C0A3648B
C0A47681
C0A58AFB
C0A6A1E7
C0A7BB32
C0A8D6C7
C0A9F495
C0AB1485
C0AC3686
C0AD5A83
C0AE8068
C0AFA822
C0B0D19C
C0B1FCC4
C0B32986
C0B457CF
C0B5878C
C0B6B8AB
C0B7EB19
C0B91EC6
C0BA539F
C0BB8995
C0BCC096
C0BDF892
C0BF317B
C0C06B41
C0C1A5D6
C0C2E12C
C0C41D35
C0C559E5
C0C6972F
C0C7D507
C0C91363
C0CA5236
C0CB9178
C0CCD11D
C0CE111D
C0CF516E
C0D09209
C0D1D2E5
C0D313FB
C0D45543
C0D596B7
C0D6D850
C0D81A0A
C0D95BDD
C0DA9DC5
C0DBDFBD
C0DD21C0
C0DE63CB
C0DFA5D8
C0E0E7E6
C0E229EF
C0E36BF2
C0E4ADEB
C0E5EFD8
C0E731B5
C0E87382
C0E9B53C
C0EAF6E1
C0EC3870
C0ED79E6
C0EEBB44
C0EFFC87
C0F13DAE
C0F27EBA
C0F3BFA8
C0F50079
C0F6412B
C0F781BF
C0F8C233
C0FA0288
C0FB42BE
C0FC82D4
C0FDC2CA
C0FF02A0
C100212C
C100C0F7
C10160B3
C102005F
C1029FFC
C1033F8A
C103DF08
C1047E78
C1051DD8
C105BD2A
C1065C6E
C106FBA3
C1079ACB
C10839E4
C108D8F1
C10977F0
C10A16E2
C10AB5C7
C10B54A0
C10BF36D
C10C922E
C10D30E3
C10DCF8D
C10E6E2B
C10F0CBF
C10FAB48
C11049C7
C110E83B
C11186A6
C1122507
C112C35E
C11361AD
C113FFF2
C1149E2F
C1153C63
C115DA8F
C11678B3
C11716D0
C117B4E5
C11852F2
C05F49BE
C05F6855
C05F87D7
C05FA84B
C05FC9B7
C05FEC23
C0600F94
C0603414
C06059A8
C0608059
C060A82E
C060D12F
C060FB64
C06126D6
C061538D
C0618192
C061B0ED
C061E1A9
C06213CD
C0624765
C0627C79
C062B314
C062EB40
C0632507
C0636074
C0639D93
C063DC6E
C0641D11
C0645F88
C064A3DF
C064EA21
C065325C
C0657C9C
C065C8EF
C0661762
C0666802
C066BADE
C0671004
C0676782
C067C167
C0681DC2
C0687CA4
C068DE1A
C0694237
C069A90A
C06A12A3
C06A7F14
C06AEE6F
C06B60C4
C06BD626
C06C4EA7
C06CCA5A
C06D4952
C06DCBA2
C06E515D
C06EDA98
C06F6766
C06FF7DD
C0708C10
C0712415
C071C001
C0725FEB
C07303E7
C073AC0C
C0745870
C075092A
C075BE50
C07677FA
C077363F
C077F935
C078C0F6
C0798D96
C07A5F30
C07B35D9
C07C11AA
C07CF2BB
C07DD922
C07EC4F8
C07FB654
C08056A6
C080D4FC
C0815637
C081DA63
C082618A
C082EBB7
C08378F5
C084094E
C0849CCB
C0853377
C085CD5B
C0866A7F
C0870AED
C087AEAB
C08855C1
C0890037
C089AE12
C08A5F58
C08B140F
C08BCC3A
C08C87DE
C08D46FC
C08E0998
C08ECFB3
C08F994C
C0906665
C09136FB
C0920B0C
C092E296
C093BD94
C0949C02
C0957DD9
C0966313
C0974BA8
C0983790
C09926C1
C09A1930
C09B0ED2
C09C079B
C09D037F
C09E026E
C09F045B
C0A00937
C0A110F0
C0A21B77
C0A328BB
C0A438AA
C0A54B31
C0A6603F
C0A777BF
C0A8919F
C0A9ADCC
C0AACC31
C0ABECBA
C0AD0F54
C0AE33EB
C0AF5A6B
C0B082BF
C0B1ACD5
C0B2D898
C0B405F5
C0B534D8
C0B66530
C0B796E9
C0B8C9F1
C0B9FE37
C0BB33A9
C0BC6A36
C0BDA1CE
C0BEDA60
C0C013DE
C0C14E37
C0C2895E
C0C3C545
C0C501DE
C0C63F1B
C0C77CF2
C0C8BB55
C0C9FA39
C0CB3994
C0CC795B
C0CDB983
C0CEFA05
C0D03AD6
C0D17BEF
C0D2BD46
C0D3FED6
C0D54096
C0D6827F
C0D7C48D
C0D906B7
C0DA48FA
C0DB8B4F
C0DCCDB2
C0DE101F
C0DF5290
C0E09503
C0E1D773
C0E319DD
C0E45C3E
C0E59E94
C0E6E0DB
C0E82311
C0E96534
C0EAA742
C0EBE93A
C0ED2B19
C0EE6CDE
C0EFAE88
C0F0F016
C0F23186
C0F372D8
C0F4B40C
C0F5F520
C0F73614
C0F876E7
C0F9B79A
C0FAF82C
C0FC389C
C0FD78EB
C0FEB919
C0FFF926
C1009C89
C1013C6E
C101DC43
C1027C07
C1031BBB
C103BB60
C1045AF4
C104FA79
C10599EF
C1063955
C106D8AC
C10777F5
C108172F
C108B65A
C1095578
C109F488
C10A938A
C10B3280
C10BD168
C10C7044
C10D0F13
C10DADD6
C10E4C8D
C10EEB39
C10F89D9
C110286F
C110C6F9
C1116579
C11203EF
C112A25A
C11340BC
C113DF15
C1147D64
C1151BAA
C115B9E8
C116581D
C116F649
C117946E
C118328B
C118D0A0
C060E0C2
C060FF38
C0611E99
C0613EEA
C0616034
C061827C
C061A5CB
C061CA26
C061EF96
C0621622
C0623DD2
C06266AE
C06290BD
C062BC09
C062E89A
C0631678
C06345AC
C0637640
C063A83D
C063DBAD
C0641099
C064470B
C0647F0E
C064B8AD
C064F3F2
C06530E8
C0656F9A
C065B014
C065F262
C066368F
C0667CA9
C066C4BB
C0670ED2
C0675AFD
C067A947
C067F9C0
C0684C74
C068A172
C068F8C9
C0695288
C069AEBD
C06A0D79
C06A6ECB
C06AD2C4
C06B3973
C06BA2EA
C06C0F3A
C06C7E73
C06CF0A9
C06D65EC
C06DDE50
C06E59E7
C06ED8C4
C06F5AFB
C06FE09E
C07069C2
C070F67C
C07186DF
C0721B02
C072B2F8
C0734ED7
C073EEB5
C07492A9
C0753AC8
C075E728
C07697E1
C0774D09
C07806B7
C078C503
C0798804
C07A4FD1
C07B1C83
C07BEE31
C07CC4F2
C07DA0DE
C07E820E
C07F6898
C0802A4A
C080A30E
C0811EA1
C0819D11
C0821E69
C082A2B3
C08329FB
C083B44B
C08441AF
C084D230
C08565D8
C085FCB2
C08696C6
C087341D
C087D4C0
C08878B7
C0892009
C089CABD
C08A78DA
C08B2A65
C08BDF63
C08C97D8
C08D53CA
C08E1339
C08ED629
C08F9C9A
C090668E
C0913404
C09204FA
C092D96E
C093B15F
C0948CC6
C0956BA0
C0964DE7
C0973393
C0981C9E
C09908FE
C099F8A9
C09AEB96
C09BE1B9
C09CDB05
C09DD76D
C09ED6E4
C09FD95B
C0A0DEC2
C0A1E70A
C0A2F222
C0A3FFF7
C0A5107A
C0A62397
C0A7393B
C0A85153
C0A96BCD
C0AA8894
C0ABA795
C0ACC8BB
C0ADEBF3
C0AF1127
C0B03845
C0B16139
C0B28BED
C0B3B84F
C0B4E64B
C0B615CE
C0B746C4
C0B8791C
C0B9ACC2
C0BAE1A5
C0BC17B3
C0BD4EDC
C0BE870F
C0BFC03B
C0C0FA51
C0C23542
C0C370FF
C0C4AD7A
C0C5EAA6
C0C72876
C0C866DC
C0C9A5CE
C0CAE53F
C0CC2525
C0CD6574
C0CEA625
C0CFE72B
C0D12880
C0D26A1A
C0D3ABF1
C0D4EDFE
C0D63039
C0D7729C
C0D8B520
C0D9F7C0
C0DB3A75
C0DC7D3B
C0DDC00C
C0DF02E5
C0E045C0
C0E1889B
C0E2CB71
C0E40E3F
C0E55101
C0E693B6
C0E7D65A
C0E918EC
C0EA5B68
C0EB9DCD
C0ECE019
C0EE224B
C0EF6461
C0F0A65A
C0F1E835
C0F329F1
C0F46B8C
C0F5AD07
C0F6EE61
C0F82F98
C0F970AE
C0FAB1A1
C0FBF271
C0FD331E
C0FE73A9
C0FFB410
C1007A2A
C1011A3B
C101BA3B
C1025A29
C102FA07
C10399D4
C104398F
C104D93B
C10578D6
C1061861
C106B7DC
C1075748
C107F6A4
C10895F1
C109352F
C109D45F
C10A7381
C10B1294
C10BB19A
C10C5092
C10CEF7D
C10D8E5B
C10E2D2D
C10ECBF2
C10F6AAB
C1100958
C110A7FA
C1114691
C111E51D
C112839E
C1132215
C113C082
C1145EE5
C114FD3E
C1159B8E
C11639D5
C116D813
C1177649
C1181476
C118B29B
C11950B8
C0627D60
C0629BB5
C062BAF5
C062DB26
C062FC4F
C0631E76
C06341A2
C06365DC
C0638B29
C063B192
C063D91E
C06401D6
C0642BC1
C06456E8
C0648354
C064B10D
C064E01C
C065108A
C0654261
C06575AB
C065AA71
C065E0BD
C0661899
C0665211
C0668D2F
C066C9FE
C0670889
C06748DC
C0678B03
C067CF0A
C06814FC
C0685CE8
C068A6D9
C068F2DD
C0694102
C0699154
C069E3E3
C06A38BC
C06A8FEE
C06AE989
C06B459B
C06BA434
C06C0564
C06C693A
C06CCFC9
C06D3920
C06DA550
C06E146C
C06E8685
C06EFBAC
C06F73F6
C06FEF73
C0706E38
C070F058
C07175E6
C071FEF7
C0728B9F
C0731BF2
C073B006
C07447F0
C074E3C6
C075839C
C076278A
C076CFA6
C0777C06
C0782CC0
C078E1ED
C0799BA3
C07A59FA
C07B1D08
C07BE4E7
C07CB1AD
C07D8372
C07E5A4E
C07F3659
C0800BD6
C0807F2E
C080F542
C0816E1D
C081E9CA
C0826856
C082E9CB
C0836E36
C083F5A1
C0848016
C0850DA2
C0859E4D
C0863223
C086C92C
C0876372
C08800FF
C088A1DA
C089460C
C089ED9C
C08A9891
C08B46F2
C08BF8C3
C08CAE0C
C08D66CF
C08E2310
C08EE2D3
C08FA619
C0906CE4
C0913735
C092050A
C092D664
C093AB3E
C0948398
C0955F6C
C0963EB6
C097216F
C0980791
C098F114
C099DDEF
C09ACE18
C09BC186
C09CB82C
C09DB1FE
C09EAEEF
C09FAEF2
C0A0B1F6
C0A1B7ED
C0A2C0C6
C0A3CC71
C0A4DADD
C0A5EBF7
C0A6FFAC
C0A815EB
C0A92EA0
C0AA49B7
C0AB671D
C0AC86BD
C0ADA883
C0AECC5C
C0AFF233
C0B119F3
C0B24389
C0B36EE1
C0B49BE6
C0B5CA85
C0B6FAAB
C0B82C44
C0B95F3E
C0BA9386
C0BBC90A
C0BCFFB9
C0BE3782
C0BF7053
C0C0AA1D
C0C1E4D0
C0C3205C
C0C45CB4
C0C599C8
C0C6D78B
C0C815F0
C0C954EB
C0CA946F
C0CBD470
C0CD14E5
C0CE55C2
C0CF96FD
C0D0D88D
C0D21A69
C0D35C88
C0D49EE2
C0D5E170
C0D72429
C0D86709
C0D9AA08
C0DAED1F
C0DC304B
C0DD7384
C0DEB6C8
C0DFFA10
C0E13D59
C0E2809E
C0E3C3DD
C0E50711
C0E64A38
C0E78D4F
C0E8D054
C0EA1343
C0EB561B
C0EC98DA
C0EDDB7E
C0EF1E05
C0F0606F
C0F1A2B9
C0F2E4E3
C0F426ED
C0F568D4
C0F6AA98
C0F7EC3A
C0F92DB7
C0FA6F11
C0FBB046
C0FCF157
C0FE3243
C0FF730B
C10059D7
C100FA16
C1019A43
C1023A5E
C102DA67
C1037A5E
C1041A44
C104BA18
C10559DC
C105F98E
C106992F
C10738C0
C107D840
C10877B1
C1091712
C109B663
C10A55A6
C10AF4D9
C10B93FE
C10C3315
C10CD21D
C10D7118
C10E1006
C10EAEE7
C10F4DBA
C10FEC82
C1108B3D
C11129EC
C111C88F
C1126727
C11305B5
C113A437
C11442AF
C114E11D
C1157F81
C1161DDB
C116BC2C
C1175A73
C117F8B2
C11896E8
C1193516
C119D33B
C0641F8F
C0643DC6
C0645CE7
C0647CF9
C0649E02
C064C009
C064E315
C065072D
C0652C59
C06552A0
C0657A0B
C065A2A0
C065CC69
C065F76D
C06623B6
C066514B
C0668037
C066B081
C066E234
C0671559
C06749FB
C0678022
C067B7DA
C067F12D
C0682C26
C06868D0
C068A736
C068E764
C0692966
C0696D48
C069B316
C069FADC
C06A44A9
C06A9089
C06ADE8A
C06B2EB9
C06B8124
C06BD5DB
C06C2CEB
C06C8663
C06CE254
C06D40CC
C06DA1DC
C06E0594
C06E6C04
C06ED53E
C06F4152
C06FB052
C0702250
C070975F
C0710F90
C0718AF6
C07209A6
C0728BB2
C073112E
C0739A2E
C07426C7
C074B70D
C0754B16
C075E2F7
C0767EC6
C0771E98
C077C283
C0786A9F
C0791701
C079C7C1
C07A7CF6
C07B36B7
C07BF51B
C07CB83B
C07D802E
C07E4D0B
C07F1EEB
C07FF5E6
C080690A
C080D9C6
C0814D34
C081C35F
C0823C53
C082B81C
C08336C5
C083B85B
C0843CE8
C084C477
C0854F15
C085DCCA
C0866DA2
C08701A7
C08798E2
C088335D
C088D121
C0897237
C08A16A6
C08ABE76
C08B69AF
C08C1855
C08CCA71
C08D8005
C08E3918
C08EF5AC
C08FB5C5
C0907964
C091408C
C0920B3C
C092D974
C093AB33
C0948077
C095593D
C0963581
C097153D
C097F86B
C098DF06
C099C904
C09AB65E
C09BA709
C09C9AFB
C09D9228
C09E8C83
C09F8A00
C0A08A91
C0A18E26
C0A294B0
C0A39E1F
C0A4AA61
C0A5B966
C0A6CB1B
C0A7DF6E
C0A8F64B
C0AA0F9F
C0AB2B58
C0AC4960
C0AD69A3
C0AE8C0E
C0AFB08C
C0B0D709
C0B1FF70
C0B329AC
C0B455AB
C0B58357
C0B6B29D
C0B7E36A
C0B915AA
C0BA494B
C0BB7E39
C0BCB462
C0BDEBB6
C0BF2423
C0C05D97
C0C19803
C0C2D356
C0C40F82
C0C54C77
C0C68A28
C0C7C887
C0C90786
C0CA4718
C0CB8733
C0CCC7C9
C0CE08D0
C0CF4A3E
C0D08C08
C0D1CE25
C0D3108B
C0D45333
C0D59614
C0D6D926
C0D81C62
C0D95FC2
C0DAA33F
C0DBE6D2
C0DD2A77
C0DE6E28
C0DFB1E0
C0E0F59B
C0E23954
C0E37D08
C0E4C0B3
C0E60451
C0E747DF
C0E88B5C
C0E9CEC3
C0EB1213
C0EC554A
C0ED9865
C0EEDB63
C0F01E43
C0F16103
C0F2A3A1
C0F3E61D
C0F52877
C0F66AAC
C0F7ACBC
C0F8EEA8
C0FA306D
C0FB720D
C0FCB387
C0FDF4DB
C0FF3608
C1003B87
C100DBF7
C1017C54
C1021C9F
C102BCD6
C1035CFA
C103FD0C
C1049D0C
C1053CFA
C105DCD5
C1067C9F
C1071C57
C107BBFF
C1085B95
C108FB1B
C1099A90
C10A39F5
C10AD94B
C10B7891
C10C17C8
C10CB6F0
C10D560A
C10DF515
C10E9413
C10F3303
C10FD1E6
C11070BC
C1110F85
C111AE41
C1124CF2
C112EB97
C1138A31
C11428BF
C114C743
C11565BC
C116042A
C116A28F
C11740EA
C117DF3B
C1187D83
C1191BC3
C119B9F9
C11A5827
C065C749
C065E563
C0660466
C066245A
C0664545
C066672D
C0668A1A
C066AE13
C066D31F
C066F946
C0672090
C0674905
C06772AD
C0679D90
C067C9B7
C067F72B
C06825F4
C068561C
C06887AD
C068BAB0
C068EF2E
C0692533
C0695CC8
C06995F8
C069D0CD
C06A0D54
C06A4B97
C06A8BA3
C06ACD81
C06B1140
C06B56EC
C06B9E90
C06BE83B
C06C33F8
C06C81D7
C06CD1E5
C06D242F
C06D78C5
C06DCFB5
C06E290F
C06E84E0
C06EE33B
C06F442D
C06FA7C8
C0700E1C
C070773B
C070E335
C071521C
C071C402
C07238FA
C072B116
C0732C69
C073AB06
C0742D00
C074B26D
C0753B5F
C075C7EC
C0765828
C076EC29
C0778404
C0781FCE
C078BF9E
C079638B
C07A0BA9
C07AB811
C07B68DA
C07C1E1A
C07CD7E9
C07D965E
C07E5992
C07F219D
C07FEE95
C080604A
C080CBD9
C0813A03
C081AAD4
C0821E58
C082949C
C0830DAC
C0838992
C084085B
C0848A13
C0850EC4
C085967A
C0862141
C086AF22
C0874029
C087D45F
C0886BCE
C0890680
C089A47E
C08A45D0
C08AEA7F
C08B9292
C08C3E10
C08CED00
C08D9F67
C08E554A
C08F0EAF
C08FCB98
C0908C0A
C0915005
C092178B
C092E29E
C093B13C
C0948364
C0955914
C0963249
C0970EFE
C097EF30
C098D2D7
C099B9ED
C09AA46A
C09B9245
C09C8375
C09D77EE
C09E6FA5
C09F6A8D
C0A0689A
C0A169BC
C0A26DE6
C0A37506
C0A47F0E
C0A58BEB
C0A69B8D
C0A7ADE1
C0A8C2D4
C0A9DA53
C0AAF44B
C0AC10A8
C0AD2F57
C0AE5041
C0AF7355
C0B0987C
C0B1BFA2
C0B2E8B3
C0B4139B
C0B54044
C0B66E9C
C0B79E8E
C0B8D005
C0BA02F0
C0BB373B
C0BC6CD3
C0BDA3A7
C0BEDBA3
C0C014B7
C0C14ED3
C0C289E4
C0C3C5DD
C0C502AC
C0C64044
C0C77E95
C0C8BD93
C0C9FD30
C0CB3D5F
C0CC7E13
C0CDBF42
C0CF00E0
C0D042E2
C0D1853F
C0D2C7ED
C0D40AE2
C0D54E16
C0D69182
C0D7D51C
C0D918DE
C0DA5CC2
C0DBA0C0
C0DCE4D3
C0DE28F4
C0DF6D20
C0E0B151
C0E1F582
C0E339AF
C0E47DD4
C0E5C1ED
C0E705F8
C0E849F2
C0E98DD6
C0EAD1A3
C0EC1557
C0ED58EF
C0EE9C6A
C0EFDFC5
C0F12300
C0F26618
C0F3A90E
C0F4EBDE
C0F62E8A
C0F77110
C0F8B36F
C0F9F5A7
C0FB37B7
C0FC799F
C0FDBB60
C0FEFCF8
C1001F34
C100BFD8
C1016068
C10200E4
C102A14C
C10341A0
C103E1E1
C104820F
C1052229
C105C231
C1066226
C1070208
C107A1D8
C1084197
C108E144
C10980DF
C10A206A
C10ABFE4
C10B5F4D
C10BFEA7
C10C9DF0
C10D3D2B
C10DDC56
C10E7B72
C10F1A81
C10FB981
C1105873
C110F758
C111962F
C11234FA
C112D3B9
C113726B
C1141111
C114AFAC
C1154E3C
C115ECC0
C1168B3A
C11729AA
C117C80F
C118666B
C11904BD
C119A305
C11A4145
C11ADF7C
C0677485
C0679283
C067B16A
C067D141
C067F20F
C06813DA
C06836A9
C0685A84
C0687F72
C068A57A
C068CCA6
C068F4FB
C0691E84
C0694947
C069754E
C069A2A2
C069D14B
C06A0153
C06A32C3
C06A65A4
C06A9A02
C06ACFE6
C06B0759
C06B4068
C06B7B1D
C06BB783
C06BF5A5
C06C358F
C06C774D
C06CBAEB
C06D0075
C06D47F9
C06D9184
C06DDD22
C06E2AE1
C06E7ACF
C06ECCFB
C06F2173
C06F7845
C06FD181
C0702D36
C0708B74
C070EC4C
C0714FCC
C071B607
C0721F0D
C0728AF0
C072F9C1
C0736B92
C073E075
C074587E
C074D3BF
C075524C
C075D439
C0765998
C076E280
C0776F03
C077FF38
C0789334
C0792B0B
C079C6D5
C07A66A6
C07B0A96
C07BB2BB
C07C5F2C
C07D0FFF
C07DC54E
C07E7F2E
C07F3DB8
C0800082
C0806495
C080CB20
C0813430
C0819FD2
C0820E10
C0827EF8
C082F296
C08368F5
C083E221
C0845E27
C084DD11
C0855EED
C085E3C5
C0866BA4
C086F696
C08784A5
C08815DC
C088AA46
C08941EB
C089DCD6
C08A7B10
C08B1CA1
C08BC192
C08C69E9
C08D15AF
C08DC4EA
C08E779F
C08F2DD4
C08FE78E
C090A4CF
C091659B
C09229F5
C092F1DD
C093BD54
C0948C5A
C0955EEE
C096350C
C0970EB3
C097EBDE
C098CC88
C099B0AB
C09A9840
C09B833E
C09C719E
C09D6355
C09E5859
C09F509D
C0A04C16
C0A14AB5
C0A24C6D
C0A3512E
C0A458E8
C0A5638C
C0A67108
C0A7814A
C0A89440
C0A9A9D7
C0AAC1FC
C0ABDC9C
C0ACF9A2
C0AE18FA
C0AF3A90
C0B05E4F
C0B18424
C0B2ABF8
C0B3D5B7
C0B5014D
C0B62EA6
C0B75DAD
C0B88E4E
C0B9C075
C0BAF40F
C0BC2908
C0BD5F4E
C0BE96CF
C0BFCF79
C0C10939
C0C243FF
C0C37FBB
C0C4BC5C
C0C5F9D3
C0C73811
C0C87708
C0C9B6A9
C0CAF6E7
C0CC37B6
C0CD7909
C0CEBAD4
C0CFFD0D
C0D13FA8
C0D2829C
C0D3C5DE
C0D50966
C0D64D2A
C0D79124
C0D8D54A
C0DA1996
C0DB5E01
C0DCA284
C0DDE71A
C0DF2BBC
C0E07066
C0E1B512
C0E2F9BD
C0E43E61
C0E582FB
C0E6C787
C0E80C02
C0E95069
C0EA94B8
C0EBD8EF
C0ED1D09
C0EE6106
C0EFA4E3
C0F0E89E
C0F22C36
C0F36FAA
C0F4B2F9
C0F5F621
C0F73922
C0F87BFA
C0F9BEAA
C0FB0131
C0FC438E
C0FD85C1
C0FEC7CB
C10004D5
C100A5B0
C1014675
C101E726
C10287C2
C1032849
C103C8BB
C104691A
C1050964
C105A99A
C10649BC
C106E9CB
C10789C7
C10829B0
C108C986
C109694A
C10A08FC
C10AA89D
C10B482C
C10BE7AA
C10C8717
C10D2675
C10DC5C2
C10E64FF
C10F042D
C10FA34D
C110425D
C110E15F
C1118054
C1121F3B
C112BE14
C1135CE1
C113FBA0
C1149A54
C11538FC
C115D798
C1167628
C11714AE
C117B329
C1185199
C118EFFF
C1198E5B
C11A2CAE
C11ACAF7
C11B6937
C0692738
C069451C
C06963E8
C06983A4
C069A456
C069C605
C069E8B8
C06A0C76
C06A3147
C06A5733
C06A7E41
C06AA679
C06ACFE3
C06AFA89
C06B2671
C06B53A6
C06B8231
C06BB21A
C06BE36B
C06C162D
C06C4A6C
C06C8030
C06CB785
C06CF074
C06D2B09
C06D6750
C06DA552
C06DE51D
C06E26BC
C06E6A3C
C06EAFA7
C06EF70D
C06F4079
C06F8BF9
C06FD99B
C070296D
C0707B7C
C070CFD7
C071268E
C0717FAF
C071DB4A
C072396F
C0729A2D
C072FD96
C07363BA
C073CCAA
C0743877
C074A734
C07518F2
C0758DC4
C07605BD
C07680F0
C076FF6F
C0778150
C07806A5
C0788F84
C0791C02
C079AC32
C07A402B
C07AD802
C07B73CD
C07C13A3
C07CB799
C07D5FC7
C07E0C44
C07EBD26
C07F7286
C080163D
C080758E
C080D742
C0813B63
C081A200
C0820B23
C08276D9
C082E52E
C083562E
C083C9E6
C0844062
C084B9AD
C08535D3
C085B4E2
C08636E3
C086BBE3
C08743ED
C087CF0C
C0885D4B
C088EEB5
C0898354
C08A1B32
C08AB658
C08B54D0
C08BF6A2
C08C9BD7
C08D4476
C08DF086
C08EA00E
C08F5314
C090099C
C090C3AD
C0918148
C0924272
C093072D
C093CF79
C0949B58
C0956AC9
C0963DCA
C097145A
C097EE76
C098CC19
C099AD3E
C09A91DF
C09B79F5
C09C6579
C09D5460
C09E46A2
C09F3C34
C0A03508
C0A13114
C0A23049
C0A33299
C0A437F6
C0A5404E
C0A64B91
C0A759AF
C0A86A95
C0A97E31
C0AA9470
C0ABAD3F
C0ACC889
C0ADE63C
C0AF0642
C0B02887
C0B14CF6
C0B2737B
C0B39C00
C0B4C672
C0B5F2BB
C0B720C7
C0B85081
C0B981D5
C0BAB4AF
C0BBE8FC
C0BD1EA9
C0BE55A1
C0BF8DD4
C0C0C72E
C0C2019E
C0C33D14
C0C4797E
C0C5B6CC
C0C6F4EF
C0C833D7
C0C97377
C0CAB3BF
C0CBF4A4
C0CD3617
C0CE780C
C0CFBA78
C0D0FD4F
C0D24087
C0D38415
C0D4C7EF
C0D60C0E
C0D75067
C0D894F2
C0D9D9A8
C0DB1E81
C0DC6377
C0DDA884
C0DEEDA0
C0E032C6
C0E177F2
C0E2BD1D
C0E40244
C0E54763
C0E68C75
C0E7D177
C0E91665
C0EA5B3D
C0EB9FFB
C0ECE49E
C0EE2922
C0EF6D86
C0F0B1C8
C0F1F5E6
C0F339DF
C0F47DB1
C0F5C15C
C0F704DE
C0F84836
C0F98B64
C0FACE68
C0FC1140
C0FD53EC
C0FE966D
C0FFD8C1
C1008D75
C1012E73
C101CF5B
C102702E
C10310EB
C103B192
C1045224
C104F2A0
C1059307
C106335A
C106D398
C10773C2
C10813D8
C108B3DB
C10953CA
C109F3A6
C10A936F
C10B3326
C10BD2CB
C10C725F
C10D11E1
C10DB152
C10E50B3
C10EF003
C10F8F43
C1102E74
C110CD96
C1116CA9
C1120BAD
C112AAA4
C113498C
C113E868
C1148736
C11525F7
C115C4AC
C1166355
C11701F2
C117A083
C1183F0A
C118DD85
C1197BF6
C11A1A5D
C11AB8BA
C11B570D
C11BF557
C06ADF59
C06AFD23
C06B1BD6
C06B3B77
C06B5C0F
C06B7DA3
C06BA03B
C06BC3DF
C06BE894
C06C0E64
C06C3556
C06C5D72
C06C86C0
C06CB149
C06CDD15
C06D0A2D
C06D389A
C06D6866
C06D9999
C06DCC3F
C06E0060
C06E3606
C06E6D3D
C06EA60F
C06EE087
C06F1CB0
C06F5A95
C06F9A43
C06FDBC5
C0701F27
C0706476
C070ABC0
C070F510
C0714074
C0718DFA
C071DDB1
C0722FA5
C07283E7
C072DA84
C073338D
C0738F10
C073ED1D
C0744DC5
C074B118
C0751727
C0758003
C075EBBE
C0765A6A
C076CC18
C07740DB
C077B8C6
C07833EC
C078B261
C0793438
C079B987
C07A4260
C07ACED9
C07B5F08
C07BF301
C07C8ADB
C07D26AA
C07DC687
C07E6A87
C07F12C1
C07FBF4D
C0803820
C08092DB
C080EFE1
C0814F3F
C081B101
C0821534
C0827BE2
C082E51A
C08350E6
C083BF53
C084306E
C084A442
C0851ADC
C0859448
C0861091
C0868FC5
C08711EE
C0879718
C0881F4F
C088AA9D
C089390E
C089CAAD
C08A5F83
C08AF79B
C08B92FF
C08C31B7
C08CD3CC
C08D7947
C08E222F
C08ECE8B
C08F7E63
C09031BC
C090E89A
C091A304
C09260FC
C0932286
C093E7A4
C094B057
C0957CA0
C0964C7E
C0971FF1
C097F6F5
C098D188
C099AFA6
C09A9149
C09B766B
C09C5F06
C09D4B11
C09E3A83
C09F2D53
C0A02375
C0A11CDD
C0A21980
C0A3194E
C0A41C3A
C0A52234
C0A62B2D
C0A73714
C0A845D7
C0A95765
C0AA6BAA
C0AB8294
C0AC9C10
C0ADB809
C0AED66C
C0AFF723
C0B11A1B
C0B23F3E
C0B36678
C0B48FB3
C0B5BADB
C0B6E7DA
C0B8169D
C0B9470E
C0BA791A
C0BBACAC
C0BCE1B0
C0BE1813
C0BF4FC2
C0C088AA
C0C1C2B9
C0C2FDDE
C0C43A07
C0C57723
C0C6B522
C0C7F3F5
C0C9338C
C0CA73D9
C0CBB4CD
C0CCF65B
C0CE3876
C0CF7B12
C0D0BE22
C0D2019C
C0D34574
C0D489A1
C0D5CE18
C0D712D1
C0D857C2
C0D99CE3
C0DAE22D
C0DC2797
C0DD6D1C
C0DEB2B5
C0DFF85B
C0E13E09
C0E283BA
C0E3C968
C0E50F10
C0E654AD
C0E79A3A
C0E8DFB5
C0EA251A
C0EB6A66
C0ECAF96
C0EDF4A8
C0EF3999
C0F07E67
C0F1C311
C0F30795
C0F44BF2
C0F59025
C0F6D42E
C0F8180D
C0F95BC0
C0FA9F46
C0FBE29F
C0FD25CB
C0FE68C9
C0FFAB99
C100771E
C1011858
C101B97B
C1025A87
C102FB7C
C1039C5B
C1043D23
C104DDD5
C1057E71
C1061EF7
C106BF67
C1075FC2
C1080008
C108A039
C1094056
C109E05E
C10A8053
C10B2034
C10BC003
C10C5FBF
C10CFF68
C10D9EFF
C10E3E85
C10EDDFA
C10F7D5E
C1101CB1
C110BBF4
C1115B28
C111FA4C
C1129961
C1133868
C113D760
C114764A
C1151527
C115B3F6
C11652B9
C116F16F
C1179019
C1182EB7
C118CD4A
C1196BD1
C11A0A4D
C11AA8BF
C11B4726
C11BE584
C11C83D8
C06C9CD9
C06CBA8B
C06CD925
C06CF8AF
C06D192D
C06D3AA8
C06D5D27
C06D80B0
C06DA54C
C06DCB01
C06DF1D9
C06E19DA
C06E430D
C06E6D7B
C06E992C
C06EC628
C06EF47A
C06F242A
C06F5542
C06F87CC
C06FBBD1
C06FF15C
C0702877
C070612D
C0709B89
C070D796
C0711560
C07154F2
C0719659
C071D9A0
C0721ED5
C0726603
C072AF39
C072FA84
C07347F1
C073978E
C073E96B
C0743D94
C074941B
C074ED0C
C075487A
C075A672
C0760706
C0766A45
C076D042
C077390D
C077A4B7
C0781354
C07884F4
C078F9AA
C079718A
C079ECA7
C07A6B13
C07AECE4
C07B722E
C07BFB04
C07C877C
C07D17AC
C07DABA8
C07E4387
C07EDF5E
C07F7F45
C08011A9
C08065CD
C080BC1C
C08114A0
C0816F66
C081CC7A
C0822BE7
C0828DB9
C082F1FE
C08358C1
C083C20E
C0842DF2
C0849C79
C0850DB0
C08581A2
C085F85C
C08671EA
C086EE58
C0876DB3
C087F005
C088755B
C088FDC1
C0898940
C08A17E5
C08AA9BB
C08B3ECA
C08BD71F
C08C72C1
C08D11BB
C08DB416
C08E59D9
C08F030C
C08FAFB8
C0905FE1
C091138F
C091CAC6
C092858B
C09343E3
C09405CF
C094CB52
C095946F
C0966124
C0973172
C0980558
C098DCD3
C099B7E0
C09A967B
C09B789F
C09C5E46
C09D4768
C09E33FD
C09F23FD
C0A0175E
C0A10E13
C0A20812
C0A3054E
C0A405B9
C0A50944
C0A60FE0
C0A7197D
C0A8260A
C0A93576
C0AA47AE
C0AB5CA1
C0AC743A
C0AD8E66
C0AEAB12
C0AFCA28
C0B0EB95
C0B20F43
C0B3351E
C0B45D10
C0B58704
C0B6B2E6
C0B7E0A0
C0B9101E
C0BA414B
C0BB7411
C0BCA85E
C0BDDE1D
C0BF153B
C0C04DA5
C0C18747
C0C2C20F
C0C3FDEC
C0C53ACD
C0C6789F
C0C7B754
C0C8F6DB
C0CA3724
C0CB7822
C0CCB9C6
C0CDFC02
C0CF3ECA
C0D08210
C0D1C5C9
C0D309E9
C0D44E66
C0D59335
C0D6D84D
C0D81DA4
C0D96331
C0DAA8EC
C0DBEECD
C0DD34CD
C0DE7AE4
C0DFC10D
C0E10741
C0E24D7B
C0E393B5
C0E4D9E9
C0E62015
C0E76633
C0E8AC3F
C0E9F237
C0EB3816
C0EC7DD9
C0EDC37E
C0EF0902
C0F04E64
C0F193A0
C0F2D8B5
C0F41DA2
C0F56264
C0F6A6FC
C0F7EB67
C0F92FA5
C0FA73B5
C0FBB796
C0FCFB47
C0FE3ECA
C0FF821C
C100629F
C1010418
C101A579
C10246C3
C102E7F4
C103890D
C1042A0F
C104CAF9
C1056BCC
C1060C88
C106AD2D
C1074DBC
C107EE34
C1088E97
C1092EE4
C109CF1C
C10A6F3F
C10B0F4D
C10BAF48
C10C4F2E
C10CEF02
C10D8EC2
C10E2E6F
C10ECE0B
C10F6D94
C1100D0C
C110AC73
C1114BC9
C111EB0F
C1128A45
C113296B
C113C882
C114678B
C1150685
C115A571
C116444F
C116E320
C11781E4
C118209B
C118BF46
C1195DE5
C119FC78
C11A9B00
C11B397D
C11BD7F0
C11C7658
C11D14B6
C06E5FAC
C06E7D48
C06E9BCB
C06EBB3C
C06EDBA3
C06EFD06
C06F1F6C
C06F42DD
C06F6760
C06F8CFD
C06FB3BB
C06FDBA3
C07004BD
C0702F11
C0705AA8
C070878B
C070B5C3
C070E559
C0711656
C07148C6
C0717CB1
C071B221
C071E922
C07221BE
C0725C00
C07297F4
C072D5A4
C073151C
C073566A
C0739998
C073DEB3
C07425CA
C0746EE7
C074BA1A
C0750770
C07556F7
C075A8BD
C075FCD1
C0765342
C076AC1F
C0770778
C077655E
C077C5E0
C078290E
C0788EFB
C078F7B7
C0796353
C079D1E3
C07A4377
C07AB824
C07B2FFB
C07BAB10
C07C2977
C07CAB44
C07D308B
C07DB961
C07E45DB
C07ED60E
C07F6A10
C08000FB
C0804EEC
C0809EE6
C080F0F4
C0814521
C0819B7A
C081F40A
C0824EDD
C082AC00
C0830B7D
C0836D62
C083D1BB
C0843893
C084A1F8
C0850DF5
C0857C98
C085EDEC
C08661FE
C086D8D9
C087528C
C087CF20
C0884EA3
C088D121
C08956A5
C089DF3A
C08A6AED
C08AF9C8
C08B8BD5
C08C2120
C08CB9B3
C08D5597
C08DF4D5
C08E9777
C08F3D84
C08FE705
C0909401
C091447F
C091F884
C092B015
C0936B39
C09429F1
C094EC42
C095B22E
C0967BB6
C09748DA
C098199B
C098EDF6
C099C5EB
C09AA174
C09B8090
C09C6337
C09D4964
C09E3310
C09F2033
C0A010C4
C0A104B8
C0A1FC04
C0A2F69D
C0A3F475
C0A4F57F
C0A5F9AC
C0A700ED
C0A80B32
C0A91869
C0AA2881
C0AB3B67
C0AC510A
C0AD6956
C0AE8436
C0AFA197
C0B0C165
C0B1E38B
C0B307F3
C0B42E89
C0B55737
C0B681E9
C0B7AE89
C0B8DD01
C0BA0D3E
C0BB3F29
C0BC72AF
C0BDA7BB
C0BEDE3A
C0C01616
C0C14F3E
C0C2899E
C0C3C524
C0C501BE
C0C63F5A
C0C77DE7
C0C8BD55
C0C9FD94
C0CB3E94
C0CC8047
C0CDC29F
C0CF058D
C0D04905
C0D18CFA
C0D2D15F
C0D4162B
C0D55B50
C0D6A0C6
C0D7E682
C0D92C7B
C0DA72A8
C0DBB901
C0DCFF7D
C0DE4616
C0DF8CC4
C0E0D381
C0E21A47
C0E36110
C0E4A7D6
C0E5EE95
C0E73548
C0E87BEB
C0E9C27A
C0EB08F1
C0EC4F4D
C0ED958B
C0EEDBA9
C0F021A3
C0F16777
C0F2AD24
C0F3F2A8
C0F53800
C0F67D2C
C0F7C22B
C0F906FB
C0FA4B9B
C0FB900A
C0FCD449
C0FE1856
C0FF5C32
C1004FED
C100F1A9
C101934B
C10234D5
C102D645
C103779C
C10418DA
C104BA00
C1055B0E
C105FC03
C1069CE0
C1073DA6
C107DE54
C1087EEB
C1091F6B
C109BFD5
C10A6029
C10B0068
C10BA091
C10C40A5
C10CE0A4
C10D8090
C10E2067
C10EC02C
C10F5FDD
C10FFF7C
C1109F09
C1113E84
C111DDED
C1127D46
C1131C8F
C113BBC7
C1145AEF
C114FA08
C1159913
C116380E
C116D6FC
C11775DB
C11814AD
C118B372
C119522B
C119F0D7
C11A8F77
C11B2E0B
C11BCC94
C11C6B11
C11D0984
C11DA7ED
C07027C4
C0704549
C07063B6
C0708311
C070A361
C070C4AE
C070E6FD
C0710A57
C0712EC3
C0715448
C0717AEE
C071A2BE
C071CBC0
C071F5FC
C072217B
C0724E45
C0727C64
C072ABE2
C072DCC7
C0730F1E
C07342F0
C0737848
C073AF31
C073E7B5
C07421DE
C0745DB9
C0749B51
C074DAB2
C0751BE8
C0755EFF
C075A403
C075EB03
C076340A
C0767F27
C076CC68
C0771BDA
C0776D8B
C077C18C
C07817EA
C07870B5
C078CBFD
C07929D1
C0798A43
C079ED63
C07A5342
C07ABBF1
C07B2782
C07B9607
C07C0792
C07C7C37
C07CF408
C07D6F18
C07DED7C
C07E6F47
C07EF48F
C07F7D67
C08004F2
C0804D0F
C0809714
C080E30D
C0813104
C0818105
C081D31C
C0822754
C0827DB8
C082D656
C0833138
C0838E6A
C083EDFA
C0844FF2
C084B460
C0851B50
C08584CD
C085F0E6
C0865FA5
C086D118
C087454B
C087BC4B
C0883622
C088B2DF
C089328D
C089B537
C08A3AEB
C08AC3B2
C08B4F9A
C08BDEAC
C08C70F4
C08D067C
C08D9F4F
C08E3B76
C08EDAFA
C08F7DE5
C090243F
C090CE0F
C0917B5E
C0922C31
C092E090
C093987E
C0945402
C095131E
C095D5D6
C0969C2C
C0976621
C09833B7
C09904ED
C099D9C0
C09AB231
C09B8E3A
C09C6DD7
C09D5105
C09E37BC
C09F21F5
C0A00FA7
C0A100CB
C0A1F556
C0A2ED3B
C0A3E871
C0A4E6E9
C0A5E895
C0A6ED68
C0A7F550
C0A9003F
C0AA0E23
C0AB1EEA
C0AC3283
C0AD48D9
C0AE61DB
C0AF7D73
C0B09B8D
C0B1BC16
C0B2DEF8
C0B4041E
C0B52B73
C0B654E1
C0B78054
C0B8ADB5
C0B9DCF0
C0BB0DEF
C0BC409E
C0BD74E7
C0BEAAB6
C0BFE1F8
C0C11A97
C0C25481
C0C38FA3
C0C4CBEA
C0C60945
C0C747A0
C0C886EC
C0C9C717
C0CB0813
C0CC49CE
C0CD8C3B
C0CECF4A
C0D012EF
C0D1571B
C0D29BC2
C0D3E0D9
C0D52653
C0D66C26
C0D7B246
C0D8F8AB
C0DA3F4A
C0DB861B
C0DCCD15
C0DE1431
C0DF5B66
C0E0A2AF
C0E1EA04
C0E3315F
C0E478BA
C0E5C011
C0E7075E
C0E84E9C
C0E995C8
C0EADCDD
C0EC23D7
C0ED6AB4
C0EEB171
C0EFF80A
C0F13E7D
C0F284C8
C0F3CAE9
C0F510DE
C0F656A5
C0F79C3E
C0F8E1A6
C0FA26DE
C0FB6BE3
C0FCB0B5
C0FDF554
C0FF39BF
C1003EFB
C100E0FD
C10182E4
C10224B1
C102C663
C10367FC
C104097A
C104AADF
C1054C2A
C105ED5C
C1068E74
C1072F74
C107D05B
C108712A
C10911E0
C109B27F
C10A5307
C10AF378
C10B93D3
C10C3417
C10CD446
C10D745F
C10E1463
C10EB453
C10F542F
C10FF3F7
C11093AD
C111334F
C111D2DF
C112725D
C11311C9
C113B124
C114506F
C114EFA9
C1158ED4
C1162DEF
C116CCFB
C1176BF8
C1180AE7
C118A9C8
C119489B
C119E761
C11A861A
C11B24C7
C11BC368
C11C61FD
C11D0086
C11D9F05
C11E3D78
C071F50F
C072127F
C07230D8
C072501E
C0727059
C0729190
C072B3C9
C072D70D
C072FB63
C07320D2
C0734762
C0736F1B
C0739806
C073C22B
C073ED93
C0741A47
C074484F
C07477B6
C074A884
C074DAC4
C0750E7F
C07543C0
C0757A92
C075B2FF
C075ED12
C07628D6
C0766658
C076A5A3
C076E6C3
C07729C4
C0776EB4
C077B59E
C077FE91
C078499A
C07896C7
C078E626
C07937C5
C0798BB4
C079E201
C07A3ABC
C07A95F4
C07AF3BA
C07B541F
C07BB732
C07C1D05
C07C85A9
C07CF131
C07D5FAD
C07DD132
C07E45D1
C07EBD9E
C07F38AC
C07FB70F
C0801C6E
C0805F13
C080A381
C080E9C3
C08131E4
C0817BEF
C081C7EE
C08215ED
C08265F7
C082B818
C0830C5C
C08362CE
C083BB7A
C084166C
C08473B0
C084D352
C0853560
C08599E5
C08600ED
C0866A85
C086D6BA
C0874598
C087B72C
C0882B82
C088A2A6
C0891CA5
C089998B
C08A1965
C08A9C3E
C08B2223
C08BAB1E
C08C373C
C08CC688
C08D590C
C08DEED3
C08E87E7
C08F2453
C08FC420
C0906756
C0910DFE
C091B820
C09265C3
C09316EF
C093CBA8
C09483F6
C0953FDB
C095FF5D
C096C27E
C0978941
C09853A6
C09921B0
C099F35C
C09AC8AB
C09BA199
C09C7E24
C09D5E47
C09E41FD
C09F2940
C0A01408
C0A1024E
C0A1F407
C0A2E92B
C0A3E1AD
C0A4DD82
C0A5DC9C
C0A6DEEE
C0A7E469
C0A8ECFC
C0A9F899
C0AB072D
C0AC18A7
C0AD2CF4
C0AE4401
C0AF5DBC
C0B07A0F
C0B198E6
C0B2BA2D
C0B3DDCF
C0B503B6
C0B62BCE
C0B75600
C0B88237
C0B9B05D
C0BAE05E
C0BC1224
C0BD4599
C0BE7AAA
C0BFB140
C0C0E949
C0C222AF
C0C35D60
C0C49948
C0C5D654
C0C71473
C0C85392
C0C993A1
C0CAD48E
C0CC1649
C0CD58C4
C0CE9BEE
C0CFDFB9
C0D12418
C0D268FD
C0D3AE5C
C0D4F427
C0D63A54
C0D780D7
C0D8C7A7
C0DA0EB8
C0DB5601
C0DC9D7A
C0DDE51A
C0DF2CD9
C0E074AF
C0E1BC96
C0E30487
C0E44C7B
C0E5946E
C0E6DC58
C0E82437
C0E96C04
C0EAB3BC
C0EBFB5A
C0ED42DC
C0EE8A3D
C0EFD17B
C0F11893
C0F25F83
C0F3A648
C0F4ECE0
C0F6334A
C0F77983
C0F8BF8B
C0FA0561
C0FB4B03
C0FC9070
C0FDD5A8
C0FF1AAA
C1002FBB
C100D206
C1017435
C1021649
C102B842
C1035A1F
C103FBE2
C1049D89
C1053F15
C105E086
C10681DE
C107231A
C107C43D
C1086547
C1090637
C109A70E
C10A47CD
C10AE874
C10B8903
C10C297A
C10CC9DB
C10D6A25
C10E0A59
C10EAA77
C10F4A80
C10FEA74
C1108A54
C1112A20
C111C9D9
C112697E
C1130911
C113A892
C1144801
C114E75E
C11586AB
C11625E8
C116C514
C1176431
C118033E
C118A23D
C119412D
C119E00F
C11A7EE3
C11B1DAB
C11BBC65
C11C5B12
C11CF9B4
C11D9849
C11E36D4
C11ED552
C073C77D
C073E4DA
C074031F
C0742251
C0744278
C074639A
C07485BF
C074A8EF
C074CD2F
C074F289
C0751904
C07540A9
C075697E
C075938E
C075BEE1
C075EB7F
C0761971
C07648C2
C076797B
C076ABA5
C076DF4B
C0771477
C0774B33
C077838B
C077BD89
C077F939
C07836A6
C07875DC
C078B6E8
C078F9D6
C0793EB2
C079858A
C079CE6A
C07A1961
C07A667C
C07AB5CA
C07B0759
C07B5B38
C07BB176
C07C0A23
C07C654D
C07CC307
C07D2360
C07D8668
C07DEC31
C07E54CD
C07EC04E
C07F2EC5
C07FA045
C0800A70
C0804656
C08083DD
C080C30F
C08103F7
C081469E
C0818B10
C081D157
C082197E
C082638F
C082AF96
C082FD9E
C0834DB3
C0839FDF
C083F430
C0844AB0
C084A36C
C084FE6F
C0855BC6
C085BB7E
C0861DA2
C086823F
C086E961
C0875315
C087BF68
C0882E66
C088A01C
C0891496
C0898BE1
C08A0609
C08A831A
C08B0322
C08B862B
C08C0C43
C08C9574
C08D21CA
C08DB150
C08E4412
C08EDA1A
C08F7372
C0901024
C090B03A
C09153BD
C091FAB6
C092A52B
C0935325
C09404AB
C094B9C2
C0957270
C0962EB9
C096EEA3
C097B22F
C0987961
C0994439
C09A12B8
C09AE4DE
C09BBAA9
C09C9418
C09D7127
C09E51D1
C09F3612
C0A01DE4
C0A1093E
C0A1F819
C0A2EA6B
C0A3E02A
C0A4D94C
C0A5D5C3
C0A6D582
C0A7D87C
C0A8DEA2
C0A9E7E4
C0AAF431
C0AC0378
C0AD15A7
C0AE2AAC
C0AF4274
C0B05CEB
C0B179FC
C0B29993
C0B3BB9C
C0B4E002
C0B606AE
C0B72F8B
C0B85A84
C0B98784
C0BAB673
C0BBE73E
C0BD19CE
C0BE4E0E
C0BF83E9
C0C0BB4A
C0C1F41E
C0C32E4F
C0C469CA
C0C5A67C
C0C6E452
C0C82339
C0C96320
C0CAA3F5
C0CBE5A8
C0CD2828
C0CE6B66
C0CFAF51
C0D0F3DD
C0D238FB
C0D37E9C
C0D4C4B6
C0D60B3A
C0D7521E
C0D89956
C0D9E0D9
C0DB289A
C0DC7092
C0DDB8B7
C0DF0101
C0E04967
C0E191E2
C0E2DA6B
C0E422FB
C0E56B8D
C0E6B41A
C0E7FC9C
C0E94510
C0EA8D70
C0EBD5B7
C0ED1DE3
C0EE65EF
C0EFADD9
C0F0F59C
C0F23D37
C0F384A6
C0F4CBE8
C0F612FB
C0F759DD
C0F8A08B
C0F9E706
C0FB2D4C
C0FC735B
C0FDB934
C0FEFED4
C100221E
C100C4B6
C1016732
C1020991
C102ABD3
C1034DF9
C103F002
C10491EF
C10533C0
C105D575
C106770E
C107188C
C107B9EE
C1085B36
C108FC63
C1099D75
C10A3E6E
C10ADF4E
C10B8014
C10C20C2
C10CC157
C10D61D5
C10E023B
C10EA28B
C10F42C4
C10FE2E7
C11082F4
C11122ED
C111C2D0
C11262A0
C113025B
C113A204
C114419A
C114E11D
C115808E
C1161FEE
C116BF3D
C1175E7B
C117FDA9
C1189CC8
C1193BD7
C119DAD7
C11A79C8
C11B18AB
C11BB781
C11C5649
C11CF504
C11D93B2
C11E3255
C11ED0EB
C11F6F76
C0759EFD
C075BC47
C075DA79
C075F998
C07619AC
C0763ABC
C0765CCE
C0767FE9
C076A417
C076C95D
C076EFC4
C0771754
C0774016
C0776A12
C0779550
C077C1DA
C077EFB9
C0781EF6
C0784F9A
C07881B0
C078B542
C078EA5A
C0792103
C0795947
C0799332
C079CECE
C07A0C28
C07A4B4C
C07A8C45
C07ACF21
C07B13EB
C07B5AB2
C07BA381
C07BEE68
C07C3B74
C07C8AB2
C07CDC33
C07D3004
C07D8635
C07DDED5
C07E39F4
C07E97A3
C07EF7F2
C07F5AF2
C07FC0B4
C08014A5
C0804A62
C080819C
C080BA5B
C080F4A8
C081308E
C0816E16
C081AD4A
C081EE35
C08230E0
C0827557
C082BBA3
C08303D0
C0834DEA
C08399FA
C083E80C
C084382C
C0848A66
C084DEC4
C0853554
C0858E21
C085E937
C08646A3
C086A671
C08708AC
C0876D63
C087D4A1
C0883E72
C088AAE5
C0891A04
C0898BDD
C08A007D
C08A77F0
C08AF242
C08B6F81
C08BEFB8
C08C72F3
C08CF93E
C08D82A6
C08E0F36
C08E9EF9
C08F31FA
C08FC845
C09061E2
C090FEDD
C0919F3F
C0924310
C092EA5A
C0939525
C0944377
C094F559
C095AACF
C09663E0
C0972090
C097E0E3
C098A4DD
C0996C7F
C09A37CB
C09B06C2
C09BD964
C09CAFAF
C09D89A0
C09E6735
C09F4869
C0A02D38
C0A1159A
C0A20188
C0A2F0FB
C0A3E3E8
C0A4DA46
C0A5D409
C0A6D125
C0A7D18C
C0A8D532
C0A9DC05
C0AAE5F7
C0ABF2F8
C0AD02F5
C0AE15DD
C0AF2B9D
C0B04422
C0B15F58
C0B27D2B
C0B39D86
C0B4C054
C0B5E580
C0B70CF4
C0B8369B
C0B9625F
C0BA902A
C0BBBFE6
C0BCF17E
C0BE24DC
C0BF59EA
C0C09094
C0C1C8C5
C0C30267
C0C43D66
C0C579B0
C0C6B730
C0C7F5D3
C0C93587
C0CA763A
C0CBB7DA
C0CCFA56
C0CE3D9F
C0CF81A3
C0D0C655
C0D20BA5
C0D35185
C0D497E8
C0D5DEC0
C0D72602
C0D86DA1
C0D9B592
C0DAFDCB
C0DC4642
C0DD8EEC
C0DED7C1
C0E020B8
C0E169CA
C0E2B2EE
C0E3FC1D
C0E54551
C0E68E83
C0E7D7AE
C0E920CD
C0EA69D9
C0EBB2D0
C0ECFBAB
C0EE4468
C0EF8D02
C0F0D577
C0F21DC3
C0F365E4
C0F4ADD7
C0F5F599
C0F73D2A
C0F88487
C0F9CBAF
C0FB129F
C0FC5958
C0FD9FD8
C0FEE61F
C1001616
C100B8FE
C1015BCA
C101FE77
C102A107
C1034379
C103E5CD
C1048804
C1052A1D
C105CC19
C1066DF8
C1070FBA
C107B15F
C10852E8
C108F455
C10995A7
C10A36DD
C10AD7F9
C10B78FA
C10C19E1
C10CBAAF
C10D5B63
C10DFBFF
C10E9C83
C10F3CEF
C10FDD43
C1107D81
C1111DA8
C111BDBA
C1125DB6
C112FD9D
C1139D70
C1143D2F
C114DCDA
C1157C73
C1161BF8
C116BB6C
C1175ACE
C117FA1F
C118995F
C119388E
C119D7AE
C11A76BF
C11B15C0
C11BB4B2
C11C5397
C11CF26D
C11D9136
C11E2FF2
C11ECEA1
C11F6D44
C1200BDB
C0777B7A
C07798B3
C077B6D4
C077D5E1
C077F5E3
C07816E1
C07838E1
C0785BEA
C0788005
C078A539
C078CB8D
C078F30B
C0791BBA
C07945A3
C07970CF
C0799D46
C079CB12
C079FA3C
C07A2ACE
C07A5CD1
C07A9050
C07AC556
C07AFBEC
C07B341E
C07B6DF7
C07BA982
C07BE6CB
C07C25DE
C07C66C6
C07CA991
C07CEE4C
C07D3503
C07D7DC3
C07DC89B
C07E1599
C07E64CA
C07EB63E
C07F0A03
C07F6029
C07FB8BE
C08009EA
C08038BD
C08068E1
C0809A5E
C080CD3C
C0810185
C0813741
C0816E79
C081A738
C081E186
C0821D6D
C0825AF7
C0829A2E
C082DB1D
C0831DCD
C0836249
C083A89D
C083F0D2
C0843AF4
C084870E
C084D52C
C0852559
C08577A1
C085CC0F
C08622B0
C0867B8F
C086D6BA
C087343B
C0879420
C087F675
C0885B46
C088C2A0
C0892C91
C0899924
C08A0866
C08A7A65
C08AEF2C
C08B66C8
C08BE146
C08C5EB3
C08CDF1A
C08D6289
C08DE90A
C08E72AB
C08EFF76
C08F8F77
C09022B9
C090B947
C091532C
C091F071
C0929120
C0933542
C093DCDF
C0948801
C09536AE
C095E8ED
C0969EC4
C0975839
C0981551
C098D610
C0999A79
C09A628E
C09B2E50
C09BFDC2
C09CD0E1
C09DA7AD
C09E8223
C09F6040
C0A04201
C0A1275F
C0A21054
C0A2FCD9
C0A3ECE6
C0A4E071
C0A5D76F
C0A6D1D7
C0A7CF9A
C0A8D0AC
C0A9D4FF
C0AADC83
C0ABE729
C0ACF4DF
C0AE0596
C0AF1939
C0B02FB7
C0B148FD
C0B264F5
C0B3838C
C0B4A4AE
C0B5C844
C0B6EE3A
C0B8167A
C0B940EE
C0BA6D80
C0BB9C1A
C0BCCCA6
C0BDFF0F
C0BF333F
C0C0691F
C0C1A09B
C0C2D99E
C0C41413
C0C54FE5
C0C68D00
C0C7CB52
C0C90AC6
C0CA4B4B
C0CB8CCD
C0CCCF3C
C0CE1287
C0CF569C
C0D09B6C
C0D1E0E7
C0D326FF
C0D46DA6
C0D5B4CE
C0D6FC69
C0D8446C
C0D98CCB
C0DAD579
C0DC1E6D
C0DD679C
C0DEB0FD
C0DFFA86
C0E1442F
C0E28DF0
C0E3D7C1
C0E5219A
C0E66B76
C0E7B54D
C0E8FF1B
C0EA48D9
C0EB9282
C0ECDC12
C0EE2585
C0EF6ED7
C0F0B803
C0F20107
C0F349DF
C0F4928A
C0F5DB04
C0F7234A
C0F86B5D
C0F9B338
C0FAFADC
C0FC4246
C0FD8975
C0FED069
C1000B91
C100AECE
C10151ED
C101F4ED
C10297CE
C1033A90
C103DD33
C1047FB7
C105221C
C105C463
C106668B
C1070895
C107AA81
C1084C50
C108EE01
C1098F95
C10A310C
C10AD267
C10B73A7
C10C14CA
C10CB5D3
C10D56C2
C10DF796
C10E9851
C10F38F3
C10FD97C
C11079ED
C1111A47
C111BA89
C1125AB4
C112FACA
C1139ACA
C1143AB4
C114DA8A
C1157A4C
C11619FA
C116B995
C117591D
C117F893
C11897F6
C1193749
C119D68B
C11A75BC
C11B14DD
C11BB3EF
C11C52F1
C11CF1E5
C11D90CA
C11E2FA2
C11ECE6B
C11F6D28
C1200BD8
C120AA7B
C0795CE2
C0797A0B
C079981B
C079B718
C079D709
C079F7F5
C07A19E4
C07A3CDC
C07A60E6
C07A8609
C07AAC4C
C07AD3B8
C07AFC56
C07B262D
C07B5147
C07B7DAD
C07BAB67
C07BDA80
C07C0B01
C07C3CF3
C07C7061
C07CA556
C07CDBDB
C07D13FD
C07D4DC5
C07D8940
C07DC679
C07E057C
C07E4656
C07E8912
C07ECDBE
C07F1467
C07F5D1A
C07FA7E6
C07FF4D7
C08021FE
C0804AB3
C0807490
C0809F9E
C080CBE5
C080F96C
C081283C
C081585D
C08189D7
C081BCB3
C081F0FB
C08226B6
C0825DEF
C08296AF
C082D0FE
C0830CE8
C0834A75
C08389B0
C083CAA4
C0840D5A
C08451DD
C0849839
C084E077
C0852AA3
C08576C9
C085C4F3
C086152E
C0866785
C086BC04
C08712B7
C0876BAA
C087C6EA
C0882482
C088847F
C088E6EE
C0894BDC
C089B355
C08A1D65
C08A8A1A
C08AF981
C08B6BA5
C08BE095
C08C585C
C08CD307
C08D50A4
C08DD13D
C08E54E0
C08EDB99
C08F6574
C08FF27C
C09082BC
C0911641
C091AD15
C0924742
C092E4D2
C09385D0
C0942A44
C094D237
C0957DB1
C0962CBA
C096DF58
C0979592
C0984F6E
C0990CF0
C099CE1C
C09A92F6
C09B5B7F
C09C27BA
C09CF7A7
C09DCB46
C09EA295
C09F7D92
C0A05C3A
C0A13E88
C0A22478
C0A30E03
C0A3FB21
C0A4EBCA
C0A5DFF5
C0A6D797
C0A7D2A4
C0A8D112
C0A9D2D1
C0AAD7D4
C0ABE00B
C0ACEB67
C0ADF9D7
C0AF0B49
C0B01FAB
C0B136E9
C0B250F2
C0B36DB0
C0B48D0F
C0B5AEFA
C0B6D35C
C0B7FA1F
C0B9232E
C0BA4E72
C0BB7BD5
C0BCAB42
C0BDDCA2
C0BF0FDF
C0C044E3
C0C17B99
C0C2B3EB
C0C3EDC4
C0C5290F
C0C665B8
C0C7A3A9
C0C8E2D0
C0CA231A
C0CB6473
C0CCA6C9
C0CDEA0B
C0CF2E27
C0D0730D
C0D1B8AC
C0D2FEF5
C0D445DA
C0D58D4C
C0D6D53C
C0D81D9F
C0D96667
C0DAAF89
C0DBF8F9
C0DD42AC
C0DE8C98
C0DFD6B3
C0E120F5
C0E26B54
C0E3B5C7
C0E50049
C0E64AD1
C0E79558
C0E8DFD8
C0EA2A4C
C0EB74AD
C0ECBEF7
C0EE0926
C0EF5334
C0F09D1E
C0F1E6E0
C0F33077
C0F479DF
C0F5C317
C0F70C1B
C0F854E9
C0F99D80
C0FAE5DE
C0FC2E01
C0FD75E7
C0FEBD91
C100027E
C100A614
C101498B
C101ECE1
C1029017
C103332D
C103D623
C10478F8
C1051BAE
C105BE43
C10660B9
C107030F
C107A545
C108475C
C108E955
C1098B2F
C10A2CEB
C10ACE89
C10B700B
C10C116F
C10CB2B7
C10D53E2
C10DF4F3
C10E95E8
C10F36C3
C10FD784
C110782B
C11118BA
C111B930
C112598E
C112F9D4
C1139A04
C1143A1D
C114DA20
C1157A0E
C11619E7
C116B9AB
C117595C
C117F8F9
C1189883
C11937FB
C119D761
C11A76B5
C11B15F8
C11BB52B
C11C544D
C11CF360
C11D9264
C11E3158
C11ED03F
C11F6F17
C1200DE1
C120AC9F
C1214B4F
C07B431F
C07B6039
C07B7E39
C07B9D27
C07BBD08
C07BDDE5
C07BFFC3
C07C22AC
C07C46A5
C07C6BB8
C07C91EB
C07CB947
C07CE1D4
C07D0B9B
C07D36A5
C07D62FB
C07D90A5
C07DBFAD
C07DF01E
C07E2201
C07E555F
C07E8A44
C07EC0BA
C07EF8CD
C07F3286
C07F6DF2
C07FAB1D
C07FEA12
C080156F
C08036C7
C0805916
C0807C65
C080A0B8
C080C618
C080EC8C
C081141A
C0813CC9
C08166A3
C08191AD
C081BDF0
C081EB74
C0821A42
C0824A60
C0827BD9
C082AEB5
C082E2FC
C08318B8
C0834FF2
C08388B3
C083C306
C083FEF3
C0843C84
C0847BC5
C084BCBE
C084FF7B
C0854406
C0858A6B
C085D2B3
C0861CEB
C086691D
C086B755
C087079F
C0875A07
C087AE97
C088055E
C0885E66
C088B9BB
C089176C
C0897783
C089DA0E
C08A3F19
C08AA6B1
C08B10E3
C08B7DBB
C08BED47
C08C5F93
C08CD4AC
C08D4CA0
C08DC77A
C08E4547
C08EC614
C08F49ED
C08FD0DE
C0905AF4
C090E83A
C09178BC
C0920C85
C092A3A0
C0933E17
C093DBF4
C0947D42
C095220A
C095CA53
C0967628
C097258E
C097D88D
C0988F2C
C099496F
C09A075D
C09AC8F8
C09B8E44
C09C5744
C09D23F9
C09DF464
C09EC884
C09FA058
C0A07BDE
C0A15B13
C0A23DF1
C0A32475
C0A40E97
C0A4FC50
C0A5ED98
C0A6E264
C0A7DAAC
C0A8D663
C0A9D57C
C0AAD7EA
C0ABDDA0
C0ACE68D
C0ADF2A2
C0AF01CD
C0B013FD
C0B12920
C0B24123
C0B35BF1
C0B47978
C0B599A1
C0B6BC59
C0B7E189
C0B9091D
C0BA32FD
C0BB5F15
C0BC8D4D
C0BDBD8F
C0BEEFC6
C0C023DB
C0C159B8
C0C29147
C0C3CA73
C0C50526
C0C6414A
C0C77ECD
C0C8BD98
C0C9FD98
C0CB3EBB
C0CC80EC
C0CDC41A
C0CF0832
C0D04D24
C0D192DE
C0D2D951
C0D4206C
C0D56821
C0D6B062
C0D7F91F
C0D9424E
C0DA8BDF
C0DBD5C8
C0DD1FFE
C0DE6A74
C0DFB521
C0E0FFFB
C0E24AF9
C0E39611
C0E4E13C
C0E62C73
C0E777AD
C0E8C2E3
C0EA0E11
C0EB592E
C0ECA437
C0EDEF26
C0EF39F7
C0F084A4
C0F1CF2A
C0F31985
C0F463B3
C0F5ADAF
C0F6F777
C0F8410A
C0F98A63
C0FAD383
C0FC1C66
C0FD650B
C0FEAD72
C0FFF599
C1009EBF
C1014291
C101E642
C10289D1
C1032D40
C103D08C
C10473B7
C10516C1
C105B9A9
C1065C6F
C106FF15
C107A19A
C10843FE
C108E642
C1098866
C10A2A6B
C10ACC50
C10B6E16
C10C0FBF
C10CB149
C10D52B6
C10DF405
C10E9539
C10F3650
C10FD74C
C110782D
C11118F4
C111B9A0
C1125A34
C112FAAE
C1139B11
C1143B5B
C114DB8E
C1157BAB
C1161BB1
C116BBA2
C1175B7E
C117FB45
C1189AF8
C1193A97
C119DA23
C11A799D
C11B1905
C11BB85A
C11C579F
C11CF6D3
C11D95F7
C11E350B
C11ED40F
C11F7305
C12011EC
C120B0C5
C1214F91
C121EE4E
C07D2E1C
C07D4B27
C07D6919
C07D87F8
C07DA7CB
C07DC899
C07DEA68
C07E0D42
C07E312C
C07E5630
C07E7C54
C07EA3A1
C07ECC1F
C07EF5D7
C07F20D2
C07F4D18
C07F7AB4
C07FA9AE
C07FDA0F
C08005F2
C0801F9A
C0803A05
C0805539
C080713C
C0808E12
C080ABC1
C080CA50
C080E9C4
C0810A24
C0812B76
C0814DC0
C0817109
C0819558
C081BAB3
C081E122
C08208AB
C0823157
C0825B2D
C0828634
C082B275
C082DFF7
C0830EC3
C0833EE1
C0837059
C083A335
C083D77D
C0840D3A
C0844476
C0847D3A
C084B790
C084F381
C0853118
C085705F
C085B15F
C085F424
C08638B9
C0867F27
C086C77B
C08711BF
C0875DFE
C087AC46
C087FCA0
C0884F19
C088A3BC
C088FA97
C08953B5
C089AF22
C08A0CEC
C08A6D1E
C08ACFC6
C08B34EF
C08B9CA8
C08C06FC
C08C73F9
C08CE3AB
C08D5620
C08DCB65
C08E4385
C08EBE8F
C08F3C8E
C08FBD90
C09041A1
C090C8CC
C091531F
C091E0A4
C0927169
C0930577
C0939CDA
C094379C
C094D5C8
C0957768
C0961C84
C096C526
C0977156
C098211B
C098D47D
C0998B82
C09A462F
C09B0489
C09BC695
C09C8C56
C09D55CE
C09E22FF
C09EF3E9
C09FC88C
C0A0A0E7
C0A17CF8
C0A25CBB
C0A3402B
C0A42744
C0A51200
C0A60056
C0A6F23E
C0A7E7AF
C0A8E09E
C0A9DD00
C0AADCC8
C0ABDFE8
C0ACE653
C0ADEFF8
C0AEFCC7
C0B00CB1
C0B11FA2
C0B23589
C0B34E51
C0B469E9
C0B5883A
C0B6A931
C0B7CCB8
C0B8F2BA
C0BA1B21
C0BB45D6
C0BC72C4
C0BDA1D4
C0BED2F0
C0C00601
C0C13AF1
C0C271A9
C0C3AA15
C0C4E41E
C0C61FAE
C0C75CB0
C0C89B10
C0C9DAB8
C0CB1B96
C0CC5D95
C0CDA0A2
C0CEE4AC
C0D0299E
C0D16F6A
C0D2B5FC
C0D3FD46
C0D54537
C0D68DC1
C0D7D6D4
C0D92063
C0DA6A61
C0DBB4C0
C0DCFF74
C0DE4A73
C0DF95B1
C0E0E123
C0E22CC0
C0E3787E
C0E4C454
C0E6103B
C0E75C2A
C0E8A81A
C0E9F404
C0EB3FE2
C0EC8BAF
C0EDD763
C0EF22FA
C0F06E70
C0F1B9C1
C0F304E7
C0F44FDF
C0F59AA7
C0F6E53B
C0F82F98
C0F979BC
C0FAC3A4
C0FC0D50
C0FD56BC
C0FE9FE8
C0FFE8D1
C10098BC
C1013CEE
C101E0FD
C10284EA
C10328B5
C103CC5C
C1046FE1
C1051342
C105B681
C106599E
C106FC97
C1079F6F
C1084224
C108E4B7
C1098729
C10A297A
C10ACBAA
C10B6DBA
C10C0FAA
C10CB17A
C10D532B
C10DF4BE
C10E9633
C10F378B
C10FD8C5
C11079E3
C1111AE5
C111BBCC
C1125C98
C112FD4A
C1139DE2
C1143E61
C114DEC7
C1157F15
C1161F4C
C116BF6C
C1175F75
C117FF69
C1189F47
C1193F11
C119DEC6
C11A7E67
C11B1DF5
C11BBD71
C11C5CDA
C11CFC31
C11D9B78
C11E3AAD
C11ED9D2
C11F78E7
C12017EC
C120B6E3
C12155CB
C121F4A4
C1229370
C07F1DC3
C07F3AC0
C07F58A4
C07F7776
C07F973B
C07FB7FB
C07FD9BD
C07FFC88
C0801032
C08022AD
C08035B8
C0804958
C0805D90
C0807265
C08087DB
C0809DF8
C080B4BF
C080CC35
C080E45F
C080FD42
C08116E4
C0813149
C0814C76
C0816872
C0818542
C081A2EC
C081C175
C081E0E4
C082013E
C082228B
C08244D0
C0826815
C0828C5F
C082B1B6
C082D821
C082FFA8
C0832851
C0835224
C0837D29
C083A968
C083D6E9
C08405B4
C08435D2
C084674B
C0849A27
C084CE71
C0850431
C0853B6F
C0857437
C085AE91
C085EA88
C0862825
C0866773
C086A87B
C086EB49
C0872FE7
C0877661
C087BEC1
C0880912
C0885560
C088A3B7
C088F423
C08946AE
C0899B66
C089F256
C08A4B8B
C08AA711
C08B04F5
C08B6543
C08BC808
C08C2D52
C08C952C
C08CFFA4
C08D6CC6
C08DDCA1
C08E4F40
C08EC4B0
C08F3CFF
C08FB83A
C090366D
C090B7A4
C0913BED
C091C354
C0924DE5
C092DBAB
C0936CB3
C0940108
C09498B4
C09533C3
C095D23F
C0967432
C09719A5
C097C2A0
C0986F2D
C0991F53
C099D318
C09A8A84
C09B459D
C09C0466
C09CC6E4
C09D8D1B
C09E570C
C09F24BA
C09FF626
C0A0CB4E
C0A1A431
C0A280CE
C0A36121
C0A44526
C0A52CD6
C0A6182D
C0A70722
C0A7F9AD
C0A8EFC4
C0A9E95D
C0AAE66B
C0ABE6E4
C0ACEAB8
C0ADF1DA
C0AEFC39
C0B009C6
C0B11A70
C0B22E25
C0B344D1
C0B45E63
C0B57AC5
C0B699E4
C0B7BBAB
C0B8E005
C0BA06DB
C0BB3017
C0BC5BA5
C0BD896C
C0BEB957
C0BFEB4F
C0C11F3D
C0C2550B
C0C38CA3
C0C4C5EF
C0C600D8
C0C73D49
C0C87B2C
C0C9BA6D
C0CAFAF6
C0CC3CB5
C0CD7F94
C0CEC381
C0D00869
C0D14E3B
C0D294E3
C0D3DC52
C0D52477
C0D66D42
C0D7B6A4
C0D9008E
C0DA4AF2
C0DB95C3
C0DCE0F4
C0DE2C78
C0DF7844
C0E0C44D
C0E21088
C0E35CEC
C0E4A96E
C0E5F607
C0E742AD
C0E88F59
C0E9DC03
C0EB28A5
C0EC7538
C0EDC1B7
C0EF0E1A
C0F05A5F
C0F1A67E
C0F2F275
C0F43E3F
C0F589D9
C0F6D53F
C0F8206E
C0F96B63
C0FAB61C
C0FC0097
C0FD4AD2
C0FE94CB
C0FFDE81
C10093F9
C101388E
C101DD00
C102814F
C103257A
C103C980
C1046D63
C1051121
C105B4BB
C1065831
C106FB83
C1079EB1
C10841BB
C108E4A2
C1098766
C10A2A07
C10ACC86
C10B6EE3
C10C111F
C10CB339
C10D5533
C10DF70D
C10E98C7
C10F3A62
C10FDBDF
C1107D3D
C1111E7E
C111BFA3
C11260AB
C1130197
C113A268
C114431E
C114E3BB
C115843E
C11624A8
C116C4FA
C1176534
C1180557
C118A563
C119455A
C119E53A
C11A8506
C11B24BD
C11BC461
C11C63F1
C11D036E
C11DA2D8
C11E4231
C11EE179
C11F80AF
C1201FD5
C120BEEB
C1215DF1
C121FCE9
C1229BD1
C1233AAC
C08088FD
C0809776
C080A662
C080B5C4
C080C5A0
C080D5FA
C080E6D4
C080F834
C0810A1B
C0811C90
C0812F94
C081432D
C081575F
C0816C2E
C081819E
C08197B4
C081AE75
C081C5E4
C081DE09
C081F6E6
C0821081
C0822AE1
C0824609
C08261FF
C0827ECA
C0829C6E
C082BAF2
C082DA5C
C082FAB2
C0831BFA
C0833E3B
C083617C
C08385C2
C083AB16
C083D17F
C083F902
C08421A9
C0844B7B
C084767F
C084A2BD
C084D03D
C084FF08
C0852F26
C08560A0
C085937F
C085C7CB
C085FD8E
C08634D1
C0866D9D
C086A7FD
C086E3F9
C087219E
C08760F3
C087A204
C087E4DC
C0882986
C088700B
C088B878
C08902D8
C0894F36
C0899D9D
C089EE1B
C08A40BA
C08A9587
C08AEC8D
C08B45DA
C08BA17A
C08BFF79
C08C5FE5
C08CC2C9
C08D2833
C08D9030
C08DFACC
C08E6815
C08ED819
C08F4AE3
C08FC081
C09038FF
C090B46C
C09132D4
C091B442
C09238C5
C092C068
C0934B38
C093D940
C0946A8D
C094FF29
C0959721
C096327E
C096D14B
C0977392
C098195C
C098C2B2
C0996F9E
C09A2025
C09AD450
C09B8C25
C09C47A9
C09D06E2
C09DC9D4
C09E9082
C09F5AEF
C0A0291C
C0A0FB0A
C0A1D0B8
C0A2AA26
C0A38751
C0A46835
C0A54CCF
C0A63519
C0A7210D
C0A810A2
C0A903D2
C0A9FA91
C0AAF4D5
C0ABF293
C0ACF3BE
C0ADF848
C0AF0023
C0B00B3F
C0B1198B
C0B22AF8
C0B33F72
C0B456E7
C0B57144
C0B68E74
C0B7AE63
C0B8D0FD
C0B9F62B
C0BB1DD8
C0BC47EE
C0BD7455
C0BEA2F9
C0BFD3C2
C0C10699
C0C23B68
C0C37217
C0C4AA92
C0C5E4C0
C0C7208D
C0C85DE2
C0C99CA9
C0CADCCE
C0CC1E3C
C0CD60DF
C0CEA4A2
C0CFE973
C0D12F3E
C0D275F1
C0D3BD7B
C0D505CA
C0D64ECE
C0D79877
C0D8E2B5
C0DA2D7A
C0DB78B7
C0DCC45F
C0DE1065
C0DF5CBD
C0E0A95B
C0E1F633
C0E3433C
C0E4906A
C0E5DDB5
C0E72B13
C0E8787D
C0E9C5EA
C0EB1353
C0EC60B1
C0EDADFD
C0EEFB31
C0F04848
C0F1953D
C0F2E20A
C0F42EAC
C0F57B1E
C0F6C75C
C0F81364
C0F95F32
C0FAAAC4
C0FBF616
C0FD4127
C0FE8BF5
C0FFD67E
C1009060
C101355E
C101DA37
C1027EEC
C103237B
C103C7E5
C1046C2A
C1051049
C105B442
C1065816
C106FBC4
C1079F4D
C10842B1
C108E5F0
C109890A
C10A2C00
C10ACED2
C10B7180
C10C140C
C10CB674
C10D58BA
C10DFADF
C10E9CE2
C10F3EC5
C10FE088
C110822A
C11123AE
C111C514
C112665B
C1130785
C113A893
C1144984
C114EA5A
C1158B15
C1162BB6
C116CC3D
C1176CAB
C1180D00
C118AD3D
C1194D63
C119ED72
C11A8D6B
C11B2D4E
C11BCD1C
C11C6CD5
C11D0C7A
C11DAC0C
C11E4B8A
C11EEAF7
C11F8A51
C1202999
C120C8D1
C12167F8
C122070F
C122A616
C123450E
C123E3F7
C0818557
C08193CA
C081A2B0
C081B20C
C081C1E2
C081D236
C081E30A
C081F464
C0820645
C08218B4
C0822BB2
C0823F45
C0825371
C082683A
C0827DA4
C08293B5
C082AA70
C082C1DA
C082D9F9
C082F2D0
C0830C67
C08326C1
C08341E4
C0835DD5
C0837A9B
C083983B
C083B6BA
C083D620
C083F672
C08417B6
C08439F4
C0845D31
C0848175
C084A6C7
C084CD2D
C084F4AF
C0851D54
C0854724
C0857228
C0859E66
C085CBE6
C085FAB3
C0862AD2
C0865C4E
C0868F2F
C086C37F
C086F946
C087308D
C087695F
C087A3C5
C087DFC9
C0881D75
C0885CD3
C0889DEE
C088E0D1
C0892586
C0896C18
C089B493
C089FF02
C08A4B71
C08A99EA
C08AEA7B
C08B3D2E
C08B9211
C08BE92F
C08C4295
C08C9E4F
C08CFC6B
C08D5CF4
C08DBFF8
C08E2584
C08E8DA5
C08EF867
C08F65D8
C08FD605
C09048FB
C090BEC8
C0913777
C091B317
C09231B4
C092B35B
C0933818
C093BFF9
C0944B09
C094D954
C0956AE7
C095FFCC
C0969810
C09733BC
C097D2DB
C0987577
C0991B9A
C099C54D
C09A7297
C09B2382
C09BD813
C09C9052
C09D4C44
C09E0BEE
C09ECF55
C09F967C
C0A06165
C0A13012
C0A20284
C0A2D8BA
C0A3B2B3
C0A4906E
C0A571E5
C0A65716
C0A73FFB
C0A82C8D
C0A91CC5
C0AA109B
C0AB0803
C0AC02F5
C0AD0164
C0AE0343
C0AF0885
C0B0111B
C0B11CF5
C0B22C04
C0B33E35
C0B45377
C0B56BB7
C0B686E1
C0B7A4E1
C0B8C5A3
C0B9E912
C0BB0F17
C0BC379E
C0BD628F
C0BE8FD4
C0BFBF56
C0C0F100
C0C224B9
C0C35A6B
C0C491FF
C0C5CB5F
C0C70673
C0C84327
C0C98163
C0CAC112
C0CC021F
C0CD4475
C0CE87FF
C0CFCCAA
C0D11262
C0D25913
C0D3A0AC
C0D4E91B
C0D6324E
C0D77C35
C0D8C6BF
C0DA11DD
C0DB5D80
C0DCA99B
C0DDF61E
C0DF42FE
C0E0902D
C0E1DDA0
C0E32B4C
C0E47926
C0E5C723
C0E7153B
C0E86363
C0E9B194
C0EAFFC6
C0EC4DF2
C0ED9C0F
C0EEEA18
C0F03806
C0F185D5
C0F2D37E
C0F420FD
C0F56E4D
C0F6BB6B
C0F80853
C0F95500
C0FAA171
C0FBEDA2
C0FD3992
C0FE853D
C0FFD0A1
C1008DDF
C1013349
C101D88D
C1027DAC
C10322A5
C103C777
C1046C22
C10510A6
C105B504
C106593A
C106FD49
C107A131
C10844F3
C108E88E
C1098C03
C10A2F52
C10AD27B
C10B757F
C10C185E
C10CBB19
C10D5DB0
C10E0023
C10EA274
C10F44A2
C10FE6AE
C1108899
C1112A64
C111CC0E
C1126D99
C1130F05
C113B052
C1145182
C114F295
C115938B
C1163466
C116D525
C11775C9
C1181654
C118B6C5
C119571E
C119F75E
C11A9786
C11B3798
C11BD793
C11C7778
C11D1748
C11DB703
C11E56AA
C11EF63D
C11F95BD
C120352B
C120D486
C12173D0
C1221309
C122B231
C1235148
C123F050
C1248F49
C08283E1
C082924F
C082A12F
C082B086
C082C057
C082D0A5
C082E174
C082F2C8
C08304A4
C083170D
C0832A06
C0833D94
C08351BA
C083667E
C0837BE3
C08391EE
C083A8A3
C083C009
C083D822
C083F0F5
C0840A87
C08424DC
C0843FFB
C0845BE8
C08478A9
C0849645
C084B4C1
C084D423
C084F472
C08515B3
C08537EE
C0855B29
C0857F6B
C085A4BA
C085CB1F
C085F2A0
C0861B44
C0864514
C0867018
C0869C56
C086C9D8
C086F8A6
C08728C8
C0875A47
C0878D2B
C087C17F
C087F74A
C0882E97
C088676F
C088A1DC
C088DDE8
C0891B9D
C0895B05
C0899C2A
C089DF19
C08A23DA
C08A6A7B
C08AB305
C08AFD84
C08B4A03
C08B9890
C08BE934
C08C3BFD
C08C90F7
C08CE82D
C08D41AD
C08D9D83
C08DFBBC
C08E5C64
C08EBF89
C08F2538
C08F8D7D
C08FF866
C09065FF
C090D657
C091497A
C091BF76
C0923857
C092B42B
C09332FF
C093B4DF
C09439D8
C094C1F7
C0954D48
C095DBD8
C0966DB1
C09702E1
C0979B71
C098376D
C098D6E0
C09979D3
C09A204F
C09ACA5F
C09B780A
C09C2959
C09CDE52
C09D96FC
C09E535D
C09F1379
C09FD756
C0A09EF7
C0A16A5E
C0A2398C
C0A30C83
C0A3E343
C0A4BDC9
C0A59C14
C0A67E20
C0A763EA
C0A84D6B
C0A93A9D
C0AA2B79
C0AB1FF6
C0AC180A
C0AD13AA
C0AE12CC
C0AF1561
C0B01B5C
C0B124AF
C0B2314A
C0B3411C
C0B45414
C0B56A20
C0B6832C
C0B79F26
C0B8BDF8
C0B9DF8F
C0BB03D5
C0BC2AB4
C0BD5417
C0BE7FE6
C0BFAE0B
C0C0DE6F
C0C210FC
C0C3459A
C0C47C32
C0C5B4AD
C0C6EEF5
C0C82AF3
C0C96890
C0CAA7B7
C0CBE851
C0CD2A49
C0CE6D8A
C0CFB1FF
C0D0F795
C0D23E37
C0D385D2
C0D4CE55
C0D617AC
C0D761C6
C0D8AC94
C0D9F803
C0DB4405
C0DC908B
C0DDDD86
C0DF2AE9
C0E078A6
C0E1C6B1
C0E314FD
C0E46381
C0E5B22F
C0E70100
C0E84FE8
C0E99EDE
C0EAEDDB
C0EC3CD6
C0ED8BC8
C0EEDAA9
C0F02973
C0F17820
C0F2C6AA
C0F4150B
C0F56340
C0F6B143
C0F7FF10
C0F94CA4
C0FA99FC
C0FBE713
C0FD33E8
C0FE8078
C0FFCCC1
C1008C60
C101323A
C101D7EE
C1027D7C
C10322E2
C103C820
C1046D36
C1051224
C105B6EA
C1065B87
C106FFFC
C107A448
C108486C
C108EC68
C109903C
C10A33E8
C10AD76D
C10B7ACB
C10C1E02
C10CC114
C10D6400
C10E06C6
C10EA968
C10F4BE6
C10FEE40
C1109077
C111328C
C111D47F
C1127651
C1131802
C113B994
C1145B06
C114FC59
C1159D8E
C1163EA6
C116DFA1
C1178080
C1182143
C118C1EB
C1196279
C11A02EE
C11AA349
C11B438C
C11BE3B7
C11C83CB
C11D23C8
C11DC3B0
C11E6381
C11F033E
C11FA2E7
C120427C
C120E1FD
C121816C
C12220C8
C122C013
C1235F4D
C123FE75
C1249D8E
C1253C97
C0838490
C08392F8
C083A1D4
C083B126
C083C0F1
C083D13A
C083E204
C083F353
C084052B
C084178E
C0842A82
C0843E0B
C084522D
C08466EB
C0847C4C
C0849252
C084A903
C084C064
C084D879
C084F148
C0850AD5
C0852526
C0854041
C0855C2A
C08578E8
C0859681
C085B4FA
C085D459
C085F4A5
C08615E4
C086381C
C0865B55
C0867F95
C086A4E4
C086CB47
C086F2C8
C0871B6C
C087453D
C0877041
C0879C81
C087CA05
C087F8D5
C08828FA
C0885A7C
C0888D65
C088C1BD
C088F78E
C0892EE1
C08967C0
C089A235
C089DE49
C08A1C08
C08A5B7A
C08A9CAC
C08ADFA6
C08B2476
C08B6B24
C08BB3BE
C08BFE4E
C08C4AE0
C08C9980
C08CEA39
C08D3D18
C08D9229
C08DE979
C08E4314
C08E9F06
C08EFD5D
C08F5E25
C08FC16C
C090273E
C0908FA9
C090FAB9
C091687D
C091D900
C0924C51
C092C27D
C0933B91
C093B79A
C09436A5
C094B8BF
C0953DF5
C095C653
C09651E7
C096E0BB
C09772DD
C0980857
C098A135
C0993D83
C099DD49
C09A8094
C09B276B
C09BD1D9
C09C7FE6
C09D3199
C09DE6FB
C09EA011
C09F5CE2
C0A01D72
C0A0E1C6
C0A1A9E2
C0A275C7
C0A34579
C0A418F6
C0A4F040
C0A5CB54
C0A6AA31
C0A78CD3
C0A87336
C0A95D55
C0AA4B29
C0AB3CAA
C0AC31D0
C0AD2A90
C0AE26E1
C0AF26B7
C0B02A04
C0B130BB
C0B23ACC
C0B34829
C0B458C0
C0B56C81
C0B68358
C0B79D33
C0B8B9FE
C0B9D9A5
C0BAFC13
C0BC2133
C0BD48EE
C0BE732E
C0BF9FDE
C0C0CEE5
C0C2002E
C0C333A0
C0C46925
C0C5A0A6
C0C6DA0C
C0C8153F
C0C95229
C0CA90B3
C0CBD0C7
C0CD124F
C0CE5535
C0CF9964
C0D0DEC8
C0D2254C
C0D36CDC
C0D4B564
C0D5FED4
C0D74917
C0D8941C
C0D9DFD4
C0DB2C2C
C0DC7916
C0DDC682
C0DF1462
C0E062A8
C0E1B146
C0E30030
C0E44F5A
C0E59EB9
C0E6EE41
C0E83DE8
C0E98DA4
C0EADD6D
C0EC2D3A
C0ED7D02
C0EECCBE
C0F01C67
C0F16BF6
C0F2BB65
C0F40AAE
C0F559CC
C0F6A8BA
C0F7F774
C0F945F5
C0FA943A
C0FBE23F
C0FD3001
C0FE7D7D
C0FFCAB2
C1008BCE
C101321D
C101D844
C1027E45
C103241D
C103C9CC
C1046F51
C10514AE
C105B9E0
C1065EE9
C10703C8
C107A87C
C1084D07
C108F169
C10995A0
C10A39AE
C10ADD94
C10B8150
C10C24E5
C10CC851
C10D6B96
C10E0EB4
C10EB1AC
C10F547E
C10FF72A
C11099B2
C1113C15
C111DE55
C1128072
C113226D
C113C446
C11465FE
C1150795
C115A90D
C1164A65
C116EBA0
C1178CBC
C1182DBB
C118CE9E
C1196F65
C11A1011
C11AB0A2
C11B511A
C11BF178
C11C91BE
C11D31EB
C11DD201
C11E7201
C11F11EA
C11FB1BD
C120517C
C120F126
C12190BC
C122303F
C122CFAF
C1236F0C
C1240E58
C124AD93
C1254CBC
C125EBD6
C0848757
C08495BB
C084A491
C084B3DE
C084C3A6
C084D3EA
C084E4AF
C084F5F9
C08507CC
C0851A2B
C0852D1B
C085409F
C08554BC
C0856977
C0857ED3
C08594D5
C085AB82
C085C2DF
C085DAF0
C085F3BB
C0860D44
C0862792
C08642A9
C0865E90
C0867B4B
C08698E0
C086B756
C086D6B3
C086F6FD
C087183A
C0873A71
C0875DA9
C08781E8
C087A736
C087CD9A
C087F51A
C0881DBF
C0884791
C0887297
C0889ED8
C088CC5F
C088FB32
C0892B5A
C0895CE1
C0898FCE
C089C42C
C089FA04
C08A315E
C08A6A45
C08AA4C2
C08AE0E0
C08B1EA8
C08B5E26
C08B9F63
C08BE26B
C08C2749
C08C6E07
C08CB6B1
C08D0153
C08D4DF8
C08D9CAC
C08DED7B
C08E4071
C08E959B
C08EED05
C08F46BB
C08FA2CB
C0900140
C0906229
C090C592
C0912B89
C091941A
C091FF53
C0926D40
C092DDF1
C0935170
C093C7CD
C0944115
C094BD53
C0953C97
C095BEEC
C096445F
C096CCFE
C09758D4
C097E7EF
C0987A59
C099101F
C099A94C
C09A45EB
C09AE607
C09B89AA
C09C30DD
C09CDBAA
C09D8A19
C09E3C33
C09EF1FE
C09FAB81
C0A068C3
C0A129C7
C0A1EE94
C0A2B72B
C0A38391
C0A453C5
C0A527CA
C0A5FF9F
C0A6DB43
C0A7BAB3
C0A89DEC
C0A984EA
C0AA6FA8
C0AB5E1E
C0AC5045
C0AD4616
C0AE3F84
C0AF3C87
C0B03D12
C0B14118
C0B2488C
C0B3535E
C0B4617E
C0B572DC
C0B68767
C0B79F0C
C0B8B9B7
C0B9D756
C0BAF7D3
C0BC1B1A
C0BD4115
C0BE69AE
C0BF94CF
C0C0C261
C0C1F24D
C0C3247C
C0C458D7
C0C58F46
C0C6C7B2
C0C80204
C0C93E25
C0CA7BFE
C0CBBB78
C0CCFC7C
C0CE3EF5
C0CF82CC
C0D0C7ED
C0D20E42
C0D355B7
C0D49E38
C0D5E7B2
C0D73211
C0D87D44
C0D9C938
C0DB15DD
C0DC6322
C0DDB0F7
C0DEFF4D
C0E04E15
C0E19D42
C0E2ECC5
C0E43C93
C0E58C9E
C0E6DCDC
C0E82D41
C0E97DC3
C0EACE58
C0EC1EF7
C0ED6F97
C0EEC030
C0F010BB
C0F1612F
C0F2B187
C0F401BD
C0F551C9
C0F6A1A8
C0F7F153
C0F940C8
C0FA9000
C0FBDEFA
C0FD2DB0
C0FE7C21
C0FFCA49
C1008C13
C10132DA
C101D97A
C1027FF2
C1032640
C103CC64
C104725E
C105182D
C105BDD1
C106634A
C1070898
C107ADBA
C10852B0
C108F77B
C1099C1B
C10A4090
C10AE4DB
C10B88FB
C10C2CF0
C10CD0BD
C10D7460
C10E17DA
C10EBB2C
C10F5E56
C1100159
C110A435
C11146EC
C111E97C
C1128BE9
C1132E31
C113D055
C1147257
C1151437
C115B5F5
C1165792
C116F90F
C1179A6D
C1183BAC
C118DCCD
C1197DD0
C11A1EB7
C11ABF81
C11B6030
C11C00C5
C11CA13F
C11D41A0
C11DE1E8
C11E8218
C11F2230
C11FC232
C120621D
C12101F2
C121A1B2
C122415D
C122E0F5
C1238079
C1241FEA
C124BF48
C1255E95
C125FDD0
C1269CFB
C0858C29
C0859A88
C085A95B
C085B8A3
C085C866
C085D8A6
C085E968
C085FAAE
C0860C7C
C0861ED7
C08631C3
C0864543
C086595C
C0866E12
C086836B
C0869969
C086B012
C086C76B
C086DF79
C086F841
C08711C7
C0872C12
C0874726
C087630A
C0877FC3
C0879D56
C087BBCA
C087DB25
C087FB6E
C0881CAA
C0883EE0
C0886217
C0888656
C088ABA3
C088D207
C088F989
C089222F
C0894C02
C089770A
C089A34F
C089D0D8
C089FFAF
C08A2FDC
C08A6167
C08A945A
C08AC8BE
C08AFE9D
C08B35FE
C08B6EEE
C08BA974
C08BE59C
C08C2370
C08C62F9
C08CA444
C08CE75A
C08D2C46
C08D7314
C08DBBD0
C08E0684
C08E533D
C08EA206
C08EF2EB
C08F45F9
C08F9B3C
C08FF2C0
C0904C93
C090A8C1
C0910756
C0916861
C091CBED
C0923209
C0929AC1
C0930622
C093743B
C093E519
C09458C8
C094CF57
C09548D3
C095C548
C09644C4
C096C755
C0974D07
C097D5E6
C0986201
C098F162
C0998415
C09A1A28
C09AB3A5
C09B5096
C09BF108
C09C9504
C09D3C94
C09DE7C1
C09E9693
C09F4914
C09FFF49
C0A0B93A
C0A176ED
C0A23867
C0A2FDAD
C0A3C6C1
C0A493A7
C0A56461
C0A638EE
C0A7114F
C0A7ED83
C0A8CD87
C0A9B158
C0AA98F2
C0AB844F
C0AC7369
C0AD6639
C0AE5CB4
C0AF56D2
C0B05488
C0B155CA
C0B25A8B
C0B362BC
C0B46E4F
C0B57D35
C0B68F5C
C0B7A4B2
C0B8BD26
C0B9D8A3
C0BAF717
C0BC186C
C0BD3C8E
C0BE6366
C0BF8CDF
C0C0B8E3
C0C1E759
C0C3182C
C0C44B44
C0C58089
C0C6B7E4
C0C7F13F
C0C92C80
C0CA6991
C0CBA85B
C0CCE8C8
C0CE2ABF
C0CF6E2B
C0D0B2F7
C0D1F90C
C0D34056
C0D488BF
C0D5D235
C0D71CA2
C0D867F5
C0D9B41B
C0DB0101
C0DC4E97
C0DD9CCC
C0DEEB90
C0E03AD3
C0E18A88
C0E2DA9F
C0E42B0B
C0E57BC0
C0E6CCB0
C0E81DD1
C0E96F17
C0EAC078
C0EC11E9
C0ED6362
C0EEB4DA
C0F00648
C0F157A5
C0F2A8EA
C0F3FA0F
C0F54B0E
C0F69BE2
C0F7EC85
C0F93CF2
C0FA8D25
C0FBDD1A
C0FD2CCB
C0FE7C37
C0FFCB5A
C1008D19
C101345D
C101DB79
C102826C
C1032935
C103CFD3
C1047645
C1051C8C
C105C2A6
C1066894
C1070E55
C107B3E9
C1085950
C108FE8A
C109A397
C10A4878
C10AED2C
C10B91B4
C10C3610
C10CDA41
C10D7E46
C10E2221
C10EC5D2
C10F6959
C1100CB7
C110AFED
C11152FA
C111F5E1
C11298A1
C1133B3A
C113DDAF
C1147FFF
C115222A
C115C433
C1166619
C11707DD
C117A97F
C1184B02
C118EC64
C1198DA8
C11A2ECD
C11ACFD4
C11B70BE
C11C118C
C11CB23F
C11D52D6
C11DF353
C11E93B6
C11F3401
C11FD433
C120744D
C1211450
C121B43D
C1225414
C122F3D5
C1239382
C124331B
C124D2A0
C1257212
C1261171
C126B0BF
C1274FFB
C08692F8
C086A154
C086B022
C086BF67
C086CF26
C086DF63
C086F020
C0870162
C087132D
C0872584
C087386C
C0874BE9
C0875FFE
C08774B1
C0878A06
C087A001
C087B6A7
C087CDFD
C087E608
C087FECD
C0881851
C0883299
C0884DAB
C088698D
C0888643
C088A3D5
C088C248
C088E1A1
C08901E9
C0892324
C089455A
C0896891
C0898CD0
C089B21E
C089D883
C08A0006
C08A28AE
C08A5284
C08A7D8E
C08AA9D6
C08AD763
C08B063E
C08B3670
C08B6801
C08B9AFA
C08BCF65
C08C054B
C08C3CB5
C08C75AD
C08CB03E
C08CEC71
C08D2A50
C08D69E6
C08DAB3E
C08DEE63
C08E335F
C08E7A3E
C08EC30B
C08F0DD3
C08F5AA0
C08FA97E
C08FFA7B
C0904DA1
C090A2FE
C090FA9E
C091548E
C091B0DA
C0920F90
C09270BC
C092D46D
C0933AAE
C093A38E
C0940F19
C0947D5E
C094EE6A
C0956249
C095D90B
C09652BB
C096CF68
C0974F1E
C097D1EB
C09857DC
C098E0FD
C0996D5C
C099FD04
C09A9002
C09B2662
C09BC02F
C09C5D74
C09CFE3C
C09DA292
C09E4A7F
C09EF60C
C09FA543
C0A0582B
C0A10ECB
C0A1C92B
C0A28751
C0A34941
C0A40F00
C0A4D892
C0A5A5F9
C0A67738
C0A74C4E
C0A8253D
C0A90201
C0A9E29A
C0AAC705
C0ABAF3B
C0AC9B39
C0AD8AF8
C0AE7E70
C0AF7598
C0B07066
C0B16ED0
C0B270CA
C0B37646
C0B47F37
C0B58B8D
C0B69B39
C0B7AE2A
C0B8C44D
C0B9DD91
C0BAF9E3
C0BC192D
C0BD3B5C
C0BE605A
C0BF8811
C0C0B26C
C0C1DF54
C0C30EB1
C0C4406C
C0C5746F
C0C6AAA1
C0C7E2EB
C0C91D35
C0CA5968
C0CB976C
C0CCD72A
C0CE188B
C0CF5B78
C0D09FDB
C0D1E59E
C0D32CAA
C0D474EB
C0D5BE4C
C0D708B9
C0D8541E
C0D9A067
C0DAED83
C0DC3B5E
C0DD89E9
C0DED911
C0E028C8
C0E178FC
C0E2C9A0
C0E41AA6
C0E56BFE
C0E6BD9E
C0E80F77
C0E9617F
C0EAB3A9
C0EC05ED
C0ED583F
C0EEAA96
C0EFFCE9
C0F14F31
C0F2A164
C0F3F37C
C0F54572
C0F69740
C0F7E8DF
C0F93A4B
C0FA8B7D
C0FBDC73
C0FD2D27
C0FE7D95
C0FFCDBB
C1008ECA
C101368F
C101DE2C
C102859E
C1032CE6
C103D402
C1047AF2
C10521B4
C105C849
C1066EB1
C10714EA
C107BAF5
C10860D1
C109067F
C109ABFE
C10A514F
C10AF672
C10B9B67
C10C402E
C10CE4C8
C10D8935
C10E2D75
C10ED189
C10F7572
C1101930
C110BCC4
C111602D
C112036E
C112A686
C1134975
C113EC3E
C1148EE0
C115315D
C115D3B4
C11675E6
C11717F5
C117B9E1
C1185BAB
C118FD53
C1199EDA
C11A4041
C11AE188
C11B82B1
C11C23BC
C11CC4AA
C11D657B
C11E0630
C11EA6CB
C11F474A
C11FE7B0
C12087FC
C1212831
C121C84D
C1226852
C1230840
C123A818
C12447DB
C124E789
C1258723
C12626A9
C126C61C
C127657D
C12804CB
C0879BB9
C087AA11
C087B8DC
C087C81D
C087D7D9
C087E811
C087F8CB
C0880A0A
C0881BD2
C0882E26
C088410A
C0885484
C0886896
C0887D46
C0889298
C088A890
C088BF33
C088D687
C088EE8F
C0890752
C08920D3
C0893B19
C089562A
C0897209
C0898EBF
C089AC4F
C089CAC1
C089EA1A
C08A0A61
C08A2B9C
C08A4DD2
C08A7109
C08A9549
C08ABA98
C08AE0FF
C08B0884
C08B312E
C08B5B07
C08B8614
C08BB260
C08BDFF2
C08C0ED2
C08C3F09
C08C70A0
C08CA3A0
C08CD812
C08D0E00
C08D4573
C08D7E76
C08DB911
C08DF54F
C08E333A
C08E72DE
C08EB444
C08EF778
C08F3C84
C08F8374
C08FCC54
C0901730
C0906412
C090B307
C091041B
C091575A
C091ACD2
C092048E
C0925E9B
C092BB07
C09319DE
C0937B2D
C093DF02
C094456A
C094AE72
C0951A28
C0958899
C095F9D3
C0966DE4
C096E4D8
C0975EBE
C097DBA3
C0985B93
C098DE9D
C09964CD
C099EE31
C09A7AD5
C09B0AC5
C09B9E0E
C09C34BB
C09CCED9
C09D6C72
C09E0D92
C09EB242
C09F5A8D
C0A0067B
C0A0B617
C0A16966
C0A22073
C0A2DB42
C0A399DA
C0A45C41
C0A5227B
C0A5EC8B
C0A6BA75
C0A78C39
C0A861D9
C0A93B55
C0AA18AC
C0AAF9DB
C0ABDEDE
C0ACC7B3
C0ADB452
C0AEA4B7
C0AF98D8
C0B090AD
C0B18C2D
C0B28B4C
C0B38DFE
C0B49437
C0B59DE8
C0B6AB03
C0B7BB76
C0B8CF32
C0B9E624
C0BB0039
C0BC1D60
C0BD3D82
C0BE608C
C0BF8668
C0C0AF00
C0C1DA3E
C0C3080C
C0C43851
C0C56AF7
C0C69FE7
C0C7D707
C0C91042
C0CA4B7E
C0CB88A5
C0CCC79E
C0CE0853
C0CF4AAB
C0D08E90
C0D1D3EC
C0D31AA8
C0D462AF
C0D5ABEA
C0D6F646
C0D841AD
C0D98E0B
C0DADB4F
C0DC2963
C0DD7838
C0DEC7BA
C0E017D9
C0E16885
C0E2B9AF
C0E40B46
C0E55D3D
C0E6AF86
C0E80213
C0E954D9
C0EAA7CB
C0EBFADF
C0ED4E09
C0EEA13F
C0EFF478
C0F147AB
C0F29ACF
C0F3EDDD
C0F540CC
C0F69397
C0F7E637
C0F938A6
C0FA8ADE
C0FBDCDA
C0FD2E96
C0FE800E
C0FFD13D
C1009110
C101395A
C101E17A
C1028971
C103313C
C103D8DA
C104804B
C105278F
C105CEA3
C1067589
C1071C3F
C107C2C6
C108691C
C1090F43
C109B539
C10A5AFF
C10B0096
C10BA5FC
C10C4B33
C10CF03C
C10D9515
C10E39C0
C10EDE3D
C10F828C
C11026AE
C110CAA5
C1116E6F
C112120E
C112B583
C11358CD
C113FBEF
C1149EE8
C11541B9
C115E463
C11686E7
C1172945
C117CB7E
C1186D93
C1190F84
C119B153
C11A5300
C11AF48C
C11B95F7
C11C3743
C11CD86F
C11D797E
C11E1A6F
C11EBB43
C11F5BFB
C11FFC98
C1209D1A
C1213D82
C121DDD0
C1227E06
C1231E24
C123BE2B
C1245E1A
C124FDF4
C1259DB8
C1263D68
C126DD02
C1277C8A
C1281BFD
C128BB5F
C088A65D
C088B4B2
C088C379
C088D2B8
C088E270
C088F2A6
C089035C
C0891498
C089265C
C08938AE
C0894B8F
C0895F06
C0897316
C08987C3
C0899D12
C089B308
C089C9A9
C089E0FA
C089F901
C08A11C1
C08A2B41
C08A4586
C08A6094
C08A7C73
C08A9927
C08AB6B7
C08AD528
C08AF481
C08B14C8
C08B3603
C08B583A
C08B7B72
C08B9FB3
C08BC504
C08BEB6D
C08C12F4
C08C3BA2
C08C657D
C08C908F
C08CBCDF
C08CEA75
C08D195B
C08D4998
C08D7B36
C08DAE3E
C08DE2B8
C08E18AF
C08E502B
C08E8937
C08EC3DE
C08F0028
C08F3E20
C08F7DD1
C08FBF46
C090028A
C09047A7
C0908EAA
C090D79D
C091228C
C0916F84
C091BE90
C0920FBC
C0926316
C092B8A8
C0931081
C0936AAD
C093C738
C0942630
C09487A3
C094EB9D
C095522C
C095BB5D
C096273E
C09695DD
C0970746
C0977B88
C097F2B0
C0986CCC
C098E9E9
C0996A14
C099ED5C
C09A73CC
C09AFD73
C09B8A5C
C09C1A94
C09CAE29
C09D4524
C09DDF94
C09E7D81
C09F1EF9
C09FC404
C0A06CAD
C0A118FD
C0A1C8FD
C0A27CB6
C0A3342E
C0A3EF6D
C0A4AE79
C0A57157
C0A6380C
C0A7029B
C0A7D107
C0A8A352
C0A9797C
C0AA5387
C0AB3170
C0AC1335
C0ACF8D3
C0ADE245
C0AECF87
C0AFC092
C0B0B55D
C0B1ADE0
C0B2AA12
C0B3A9E7
C0B4AD53
C0B5B449
C0B6BEBC
C0B7CC9B
C0B8DDD7
C0B9F25E
C0BB0A20
C0BC2509
C0BD4305
C0BE6401
C0BF87E7
C0C0AEA2
C0C1D81D
C0C30440
C0C432F5
C0C56424
C0C697B7
C0C7CD94
C0C905A6
C0CA3FD3
C0CB7C03
C0CCBA20
C0CDFA10
C0CF3BBD
C0D07F0F
C0D1C3EF
C0D30A47
C0D451FF
C0D59B02
C0D6E53A
C0D83093
C0D97CF7
C0DACA53
C0DC1892
C0DD67A4
C0DEB774
C0E007F1
C0E1590A
C0E2AAAF
C0E3FCD1
C0E54F5E
C0E6A24B
C0E7F587
C0E94907
C0EA9CBD
C0EBF09D
C0ED449D
C0EE98B1
C0EFECCF
C0F140EE
C0F29504
C0F3E909
C0F53CF5
C0F690C1
C0F7E465
C0F937DB
C0FA8B1D
C0FBDE25
C0FD30EF
C0FE8376
C0FFD5B4
C10093D4
C1013CA6
C101E54F
C1028DCD
C103361F
C103DE45
C104863C
C1052E04
C105D59D
C1067D06
C107243E
C107CB45
C108721A
C10918BE
C109BF31
C10A6571
C10B0B80
C10BB15E
C10C570A
C10CFC86
C10DA1D0
C10E46EA
C10EEBD5
C10F9090
C110351C
C110D97A
C1117DAA
C11221AC
C112C582
C113692D
C1140CAB
C114B000
C115532A
C115F62C
C1169905
C1173BB7
C117DE41
C11880A6
C11922E5
C119C500
C11A66F7
C11B08CA
C11BAA7C
C11C4C0C
C11CED7C
C11D8ECB
C11E2FFB
C11ED10D
C11F7201
C12012D8
C120B392
C1215432
C121F4B6
C1229520
C1233571
C123D5A8
C12475C8
C12515D0
C125B5C1
C126559C
C126F562
C1279512
C12834AE
C128D436
C12973AB
C089B2D7
C089C129
C089CFEE
C089DF29
C089EEDF
C089FF12
C08A0FC6
C08A20FF
C08A32C0
C08A450F
C08A57EE
C08A6B62
C08A7F70
C08A941B
C08AA968
C08ABF5B
C08AD5FB
C08AED4A
C08B054F
C08B1E0E
C08B378C
C08B51D0
C08B6CDE
C08B88BB
C08BA56F
C08BC2FE
C08BE170
C08C00C9
C08C2110
C08C424C
C08C6484
C08C87BD
C08CAC01
C08CD154
C08CF7BF
C08D1F49
C08D47FA
C08D71DA
C08D9CF0
C08DC945
C08DF6E0
C08E25CC
C08E5610
C08E87B5
C08EBAC4
C08EEF47
C08F2547
C08F5CCE
C08F95E5
C08FD097
C0900CED
C0904AF3
C0908AB3
C090CC37
C0910F8B
C09154BA
C0919BCF
C091E4D6
C0922FDA
C0927CE8
C092CC0B
C0931D50
C09370C4
C093C672
C0941E68
C09478B2
C094D55E
C0953479
C095960F
C095FA2F
C09660E6
C096CA40
C097364D
C097A519
C09816B2
C0988B25
C0990282
C0997CD4
C099FA2A
C09A7A91
C09AFE16
C09B84C7
C09C0EB1
C09C9BE0
C09D2C62
C09DC042
C09E578C
C09EF24D
C09F9090
C0A0325F
C0A0D7C6
C0A180CD
C0A22D7F
C0A2DDE5
C0A39207
C0A449EC
C0A5059B
C0A5C51B
C0A68870
C0A74FA0
C0A81AAF
C0A8E99E
C0A9BC70
C0AA9325
C0AB6DBE
C0AC4C3A
C0AD2E96
C0AE14CE
C0AEFEE0
C0AFECC4
C0B0DE75
C0B1D3EB
C0B2CD1E
C0B3CA02
C0B4CA8D
C0B5CEB4
C0B6D668
C0B7E19D
C0B8F041
C0BA0247
C0BB179B
C0BC302D
C0BD4BEA
C0BE6ABD
C0BF8C93
C0C0B157
C0C1D8F3
C0C30351
C0C4305B
C0C55FF8
C0C69213
C0C7C694
C0C8FD61
C0CA3665
C0CB7186
C0CCAEAD
C0CDEDC1
C0CF2EAB
C0D07152
C0D1B5A0
C0D2FB7D
C0D442D2
C0D58B89
C0D6D58B
C0D820C3
C0D96D1B
C0DABA7F
C0DC08DA
C0DD581A
C0DEA82A
C0DFF8F9
C0E14A74
C0E29C8B
C0E3EF2C
C0E54249
C0E695D0
C0E7E9B5
C0E93DE9
C0EA925E
C0EBE708
C0ED3BDA
C0EE90CA
C0EFE5CC
C0F13AD6
C0F28FDE
C0F3E4DB
C0F539C5
C0F68E93
C0F7E33E
C0F937BF
C0FA8C0F
C0FBE028
C0FD3405
C0FE87A1
C0FFDAF6
C1009700
C101405E
C101E992
C102929C
C1033B7A
C103E42A
C1048CAC
C10534FE
C105DD20
C1068510
C1072CCE
C107D45B
C1087BB4
C10922DA
C109C9CE
C10A708E
C10B171B
C10BBD74
C10C639B
C10D098F
C10DAF50
C10E54DF
C10EFA3C
C10F9F67
C1104462
C110E92C
C1118DC7
C1123232
C112D66F
C1137A7D
C1141E5F
C114C213
C115659C
C11608FA
C116AC2D
C1174F36
C117F217
C11894D0
C1193761
C119D9CC
C11A7C11
C11B1E31
C11BC02D
C11C6205
C11D03BB
C11DA550
C11E46C3
C11EE816
C11F8949
C1202A5E
C120CB55
C1216C2F
C1220CEC
C122AD8D
C1234E13
C123EE80
C1248ED2
C1252F0B
C125CF2D
C1266F36
C1270F29
C127AF05
C1284ECB
C128EE7D
C1298E19
C12A2DA2
C08AC11B
C08ACF6A
C08ADE2C
C08AED65
C08AFD18
C08B0D48
C08B1DFA
C08B2F30
C08B40F0
C08B533C
C08B6619
C08B798B
C08B8D97
C08BA240
C08BB78B
C08BCD7D
C08BE41B
C08BFB69
C08C136C
C08C2C2A
C08C45A8
C08C5FEA
C08C7AF8
C08C96D5
C08CB389
C08CD118
C08CEF8A
C08D0EE3
C08D2F2C
C08D5069
C08D72A2
C08D95DE
C08DBA23
C08DDF79
C08E05E7
C08E2D75
C08E562A
C08E800D
C08EAB28
C08ED783
C08F0524
C08F3416
C08F6461
C08F960E
C08FC926
C08FFDB2
C09033BC
C0906B4D
C090A46F
C090DF2D
C0911B91
C09159A4
C0919973
C091DB07
C0921E6C
C09263AD
C092AAD5
C092F3F0
C0933F09
C0938C2E
C093DB69
C0942CC8
C0948056
C094D620
C0952E34
C095889E
C095E56B
C09644A8
C096A662
C0970AA8
C0977187
C097DB0B
C0984744
C098B63E
C0992807
C0999CAD
C09A143E
C09A8EC7
C09B0C56
C09B8CF9
C09C10BC
C09C97AE
C09D21DC
C09DAF51
C09E401C
C09ED448
C09F6BE2
C0A006F5
C0A0A58D
C0A147B4
C0A1ED77
C0A296DD
C0A343F2
C0A3F4BD
C0A4A948
C0A5619A
C0A61DBA
C0A6DDAE
C0A7A17B
C0A86927
C0A934B4
C0AA0427
C0AAD780
C0ABAEC1
C0AC89E9
C0AD68F8
C0AE4BEA
C0AF32BE
C0B01D6F
C0B10BF6
C0B1FE4F
C0B2F470
C0B3EE51
C0B4EBE8
C0B5ED2B
C0B6F20C
C0B7FA80
C0B90677
C0BA15E2
C0BB28B1
C0BC3ED3
C0BD5837
C0BE74C8
C0BF9473
C0C0B725
C0C1DCC7
C0C30545
C0C43087
C0C55E78
C0C68F00
C0C7C208
C0C8F777
C0CA2F37
C0CB692E
C0CCA545
C0CDE363
C0CF2371
C0D06556
C0D1A8FA
C0D2EE46
C0D43521
C0D57D76
C0D6C72E
C0D81231
C0D95E6B
C0DAABC6
C0DBFA2C
C0DD498A
C0DE99CC
C0DFEADE
C0E13CAE
C0E28F2B
C0E3E242
C0E535E2
C0E689FD
C0E7DE82
C0E93363
C0EA8891
C0EBDDFF
C0ED33A0
C0EE8968
C0EFDF4B
C0F1353F
C0F28B38
C0F3E12E
C0F53716
C0F68CE8
C0F7E29C
C0F9382A
C0FA8D8C
C0FBE2BA
C0FD37AE
C0FE8C63
C0FFE0D4
C1009A7E
C101446B
C101EE2F
C10297C8
C1034135
C103EA74
C1049384
C1053C64
C105E513
C1068D8F
C10735D9
C107DDEF
C10885D2
C1092D80
C109D4F9
C10A7C3D
C10B234D
C10BCA28
C10C70CE
C10D173F
C10DBD7C
C10E6385
C10F095A
C10FAEFB
C110546A
C110F9A6
C1119EB0
C1124389
C112E831
C1138CA9
C11430F2
C114D50C
C11578F7
C1161CB6
C116C048
C11763AF
C11806EA
C118A9FB
C1194CE3
C119EFA2
C11A923A
C11B34AB
C11BD6F5
C11C791A
C11D1B1B
C11DBCF8
C11E5EB2
C11F004A
C11FA1C1
C1204317
C120E44E
C1218566
C122265F
C122C73B
C12367FB
C124089E
C124A927
C1254995
C125E9E9
C1268A24
C1272A47
C127CA51
C1286A45
C1290A23
C129A9EA
C12A499C
C12AE93A
C08BD11A
C08BDF67
C08BEE27
C08BFD5D
C08C0D0E
C08C1D3C
C08C2DEC
C08C3F20
C08C50DD
C08C6328
C08C7603
C08C8973
C08C9D7D
C08CB225
C08CC76E
C08CDD5F
C08CF3FC
C08D0B48
C08D234B
C08D3C08
C08D5585
C08D6FC8
C08D8AD5
C08DA6B2
C08DC366
C08DE0F6
C08DFF68
C08E1EC3
C08E3F0D
C08E604C
C08E8287
C08EA5C5
C08ECA0D
C08EEF66
C08F15D7
C08F3D69
C08F6622
C08F900B
C08FBB2B
C08FE78B
C0901533
C090442C
C090747F
C090A633
C090D954
C0910DEA
C09143FD
C0917B9A
C091B4C8
C091EF92
C0922C04
C0926A26
C092AA03
C092EBA8
C0932F1E
C0937471
C093BBAD
C09404DC
C094500C
C0949D48
C094EC9B
C0953E14
C09591BD
C095E7A4
C0963FD6
C0969A5F
C096F74D
C09756AD
C097B88D
C0981CF9
C0988400
C098EDAF
C0995A13
C099C93C
C09A3B35
C09AB00E
C09B27D4
C09BA294
C09C205D
C09CA13C
C09D253E
C09DAC71
C09E36E2
C09EC49F
C09F55B3
C09FEA2B
C0A08214
C0A11D7A
C0A1BC67
C0A25EE8
C0A30506
C0A3AECB
C0A45C42
C0A50D74
C0A5C268
C0A67B27
C0A737B8
C0A7F820
C0A8BC65
C0A9848D
C0AA509A
C0AB2090
C0ABF471
C0ACCC3D
C0ADA7F4
C0AE8796
C0AF6B20
C0B05290
C0B13DDF
C0B22D0A
C0B3200A
C0B416D7
C0B51167
C0B60FB2
C0B711AC
C0B81749
C0B9207B
C0BA2D35
C0BB3D67
C0BC5101
C0BD67F2
C0BE8227
C0BF9F8D
C0C0C012
C0C1E39F
C0C30A21
C0C43381
C0C55FA9
C0C68E83
C0C7BFF6
C0C8F3EC
C0CA2A4C
C0CB62FE
C0CC9DEA
C0CDDAF8
C0CF1A10
C0D05B19
C0D19DFA
C0D2E29D
C0D428E8
C0D570C5
C0D6BA1C
C0D804D6
C0D950DD
C0DA9E1B
C0DBEC7A
C0DD3BE6
C0DE8C48
C0DFDD8F
C0E12FA6
C0E2827B
C0E3D5FB
C0E52A15
C0E67EB8
C0E7D3D4
C0E9295A
C0EA7F39
C0EBD565
C0ED2BD0
C0EE826B
C0EFD92C
C0F13007
C0F286EF
C0F3DDDC
C0F534C2
C0F68B98
C0F7E257
C0F938F4
C0FA8F6A
C0FBE5B0
C0FD3BC0
C0FE9193
C0FFE725
C1009E37
C10148B6
C101F30D
C1029D39
C1034739
C103F10B
C1049AAE
C1054420
C105ED60
C106966D
C1073F47
C107E7EC
C108905B
C1093896
C109E09A
C10A8868
C10B3000
C10BD761
C10C7E8B
C10D2580
C10DCC3E
C10E72C5
C10F1917
C10FBF34
C110651C
C1110ACF
C111B04E
C112559A
C112FAB3
C1139F99
C114444F
C114E8D3
C1158D27
C116314B
C116D541
C1177909
C1181CA4
C118C013
C1196356
C11A066E
C11AA95D
C11B4C23
C11BEEC0
C11C9136
C11D3386
C11DD5B0
C11E77B5
C11F1997
C11FBB55
C1205CF0
C120FE6B
C1219FC4
C12240FE
C122E218
C1238314
C12423F3
C124C4B4
C125655A
C12605E4
C126A654
C12746AA
C127E6E6
C128870A
C1292716
C129C70B
C12A66EA
C12B06B2
C12BA665
C08CE2C7
C08CF112
C08CFFD0
C08D0F05
C08D1EB3
C08D2EE0
C08D3F8D
C08D50C0
C08D627C
C08D74C4
C08D879E
C08D9B0D
C08DAF15
C08DC3BC
C08DD904
C08DEEF4
C08E0590
C08E1CDC
C08E34DE
C08E4D9B
C08E6718
C08E815A
C08E9C67
C08EB845
C08ED4FA
C08EF28B
C08F10FE
C08F305A
C08F50A6
C08F71E7
C08F9424
C08FB765
C08FDBB0
C090010C
C0902782
C0904F18
C09077D6
C090A1C3
C090CCE9
C090F950
C09126FF
C09155FF
C0918659
C091B817
C091EB41
C0921FE0
C09255FF
C0928DA6
C092C6E1
C09301B8
C0933E37
C0937C68
C093BC56
C093FE0B
C0944193
C09486F9
C094CE48
C095178D
C09562D3
C095B026
C095FF92
C0965125
C096A4EA
C096FAEE
C097533E
C097ADE7
C0980AF7
C0986A7A
C098CC7F
C0993112
C0999842
C09A021B
C09A6EAC
C09ADE03
C09B502E
C09BC539
C09C3D34
C09CB82C
C09D362F
C09DB74A
C09E3B8B
C09EC300
C09F4DB5
C09FDBB8
C0A06D16
C0A101DB
C0A19A14
C0A235CC
C0A2D50F
C0A377E8
C0A41E62
C0A4C887
C0A57661
C0A627F8
C0A6DD56
C0A79682
C0A85383
C0A91460
C0A9D91E
C0AAA1C1
C0AB6E4E
C0AC3EC8
C0AD1330
C0ADEB87
C0AEC7CE
C0AFA803
C0B08C25
C0B17430
C0B2601F
C0B34FED
C0B44395
C0B53B0D
C0B6364D
C0B7354B
C0B837FD
C0B93E55
C0BA4847
C0BB55C5
C0BC66BE
C0BD7B23
C0BE92E2
C0BFADE9
C0C0CC26
C0C1ED84
C0C311EE
C0C43950
C0C56393
C0C690A2
C0C7C064
C0C8F2C4
C0CA27A8
C0CB5EFA
C0CC98A0
C0CDD483
C0CF128A
C0D0529C
C0D194A1
C0D2D881
C0D41E23
C0D56570
C0D6AE4F
C0D7F8AA
C0D94469
C0DA9176
C0DBDFBA
C0DD2F20
C0DE7F93
C0DFD0FD
C0E1234B
C0E27669
C0E3CA45
C0E51ECB
C0E673EC
C0E7C994
C0E91FB4
C0EA763D
C0EBCD1F
C0ED244C
C0EE7BB6
C0EFD34F
C0F12B0D
C0F282E1
C0F3DAC3
C0F532A5
C0F68A80
C0F7E249
C0F939F7
C0FA9182
C0FBE8E3
C0FD4011
C0FE9707
C0FFEDBD
C100A217
C1014D2B
C101F817
C102A2D9
C1034D6F
C103F7D8
C104A211
C1054C19
C105F5EF
C1069F91
C10748FF
C107F237
C1089B3A
C1094405
C109EC99
C10A94F6
C10B3D1B
C10BE507
C10C8CBC
C10D3438
C10DDB7C
C10E8289
C10F295D
C10FCFFA
C1107661
C1111C90
C111C28A
C112684E
C1130DDD
C113B337
C114585E
C114FD52
C115A213
C11646A3
C116EB02
C1178F30
C1183330
C118D701
C1197AA4
C11A1E1A
C11AC165
C11B6484
C11C0779
C11CAA45
C11D4CE8
C11DEF63
C11E91B8
C11F33E7
C11FD5F0
C12077D5
C1211997
C121BB36
C1225CB4
C122FE10
C1239F4D
C124406A
C124E168
C1258249
C126230D
C126C3B4
C1276440
C12804B1
C128A509
C1294547
C129E56C
C12A8579
C12B256F
C12BC54F
C12C6518
C08DF616
C08E045F
C08E131B
C08E224E
C08E31FB
C08E4226
C08E52D2
C08E6403
C08E75BD
C08E8805
C08E9ADD
C08EAE4B
C08EC252
C08ED6F8
C08EEC40
C08F022F
C08F18CA
C08F3016
C08F4817
C08F60D4
C08F7A51
C08F9494
C08FAFA2
C08FCB81
C08FE836
C09005C8
C090243D
C090439B
C09063E9
C090852C
C090A76C
C090CAB0
C090EEFE
C091145F
C0913AD9
C0916273
C0918B36
C091B52A
C091E056
C0920CC2
C0923A79
C0926981
C09299E3
C092CBAA
C092FEDD
C0933387
C09369B1
C093A164
C093DAAB
C0941590
C094521E
C094905E
C094D05B
C0951221
C09555BB
C0959B35
C095E298
C0962BF2
C096774F
C096C4BA
C0971440
C09765EC
C097B9CD
C0980FEF
C098685E
C098C327
C0992059
C0998000
C099E22A
C09A46E4
C09AAE3D
C09B1841
C09B84FF
C09BF485
C09C66E0
C09CDC1F
C09D5450
C09DCF7F
C09E4DBC
C09ECF14
C09F5394
C09FDB4A
C0A06644
C0A0F48E
C0A18635
C0A21B47
C0A2B3CF
C0A34FDA
C0A3EF72
C0A492A4
C0A5397A
C0A5E3FF
C0A6923B
C0A74439
C0A7FA00
C0A8B39A
C0A9710B
C0AA325C
C0AAF792
C0ABC0B2
C0AC8DBE
C0AD5EBB
C0AE33AB
C0AF0C8E
C0AFE964
C0B0CA2D
C0B1AEE5
C0B2978B
C0B3841A
C0B4748C
C0B568DB
C0B660FF
C0B75CEF
C0B85CA1
C0B9600A
C0BA671E
C0BB71D0
C0BC8011
C0BD91D1
C0BEA701
C0BFBF8F
C0C0DB69
C0C1FA7C
C0C31CB4
C0C441FB
C0C56A3E
C0C69565
C0C7C35A
C0C8F407
C0CA2753
C0CB5D28
C0CC956C
C0CDD007
C0CF0CE1
C0D04BE2
C0D18CF0
C0D2CFF3
C0D414D2
C0D55B76
C0D6A3C5
C0D7EDA9
C0D9390A
C0DA85CF
C0DBD3E4
C0DD2330
C0DE739F
C0DFC51B
C0E1178E
C0E26AE6
C0E3BF0E
C0E513F3
C0E66983
C0E7BFAC
C0E9165C
C0EA6D84
C0EBC513
C0ED1CFA
C0EE752B
C0EFCD97
C0F12632
C0F27EEF
C0F3D7C1
C0F5309F
C0F6897B
C0F7E24E
C0F93B0D
C0FA93AE
C0FBEC2A
C0FD447A
C0FE9C94
C0FFF473
C100A608
C10151B3
C101FD37
C102A892
C10353C2
C103FEC4
C104A997
C1055439
C105FEA9
C106A8E4
C10752EB
C107FCBB
C108A654
C1094FB6
C109F8DF
C10AA1CF
C10B4A86
C10BF303
C10C9B47
C10D4350
C10DEB20
C10E92B6
C10F3A13
C10FE136
C1108820
C1112ED2
C111D54B
C1127B8C
C1132197
C113C76B
C1146D09
C1151271
C115B7A5
C1165CA5
C1170172
C117A60D
C1184A76
C118EEAE
C11992B7
C11A3690
C11ADA3B
C11B7DB9
C11C210B
C11CC430
C11D672C
C11E09FD
C11EACA5
C11F4F26
C11FF17F
C12093B2
C12135BF
C121D7A8
C122796E
C1231B10
C123BC91
C1245DF0
C124FF2F
C125A04E
C126414F
C126E232
C12782F8
C12823A1
C128C42F
C12964A1
C12A04FA
C12AA539
C12B4560
C12BE56E
C12C8565
C12D2546
C08F0AF9
C08F1940
C08F27FB
C08F372C
C08F46D8
C08F5701
C08F67AC
C08F78DC
C08F8A95
C08F9CDC
C08FAFB3
C08FC320
C08FD727
C08FEBCB
C0900113
C0901701
C0902D9C
C09044E8
C0905CEA
C09075A7
C0908F24
C090A968
C090C477
C090E056
C090FD0D
C0911AA1
C0913918
C0915878
C09178C8
C0919A0E
C091BC51
C091DF99
C09203EB
C092294F
C0924FCE
C092776D
C092A036
C092CA2F
C092F562
C09321D6
C0934F93
C0937EA3
C093AF0F
C093E0DF
C094141C
C09448D1
C0947F06
C094B6C5
C094F019
C0952B0C
C09567A8
C095A5F8
C095E606
C09627DD
C0966B8A
C096B116
C096F88F
C09741FF
C0978D72
C097DAF5
C0982A94
C0987C5C
C098D059
C0992698
C0997F26
C099DA10
C09A3764
C09A972F
C09AF97F
C09B5E60
C09BC5E2
C09C3011
C09C9CFD
C09D0CB1
C09D7F3E
C09DF4B0
C09E6D16
C09EE87D
C09F66F4
C09FE888
C0A06D48
C0A0F540
C0A1807E
C0A20F0F
C0A2A100
C0A3365E
C0A3CF36
C0A46B93
C0A50B82
C0A5AF0C
C0A6563E
C0A70122
C0A7AFC1
C0A86225
C0A91856
C0A9D25C
C0AA903F
C0AB5204
C0AC17B2
C0ACE14D
C0ADAED9
C0AE8059
C0AF55D0
C0B02F3E
C0B10CA4
C0B1EDFF
C0B2D34F
C0B3BC91
C0B4A9BF
C0B59AD4
C0B68FCA
C0B78899
C0B88539
C0B9859F
C0BA89C0
C0BB918F
C0BC9D01
C0BDAC05
C0BEBE8D
C0BFD488
C0C0EDE6
C0C20A93
C0C32A7C
C0C44D8D
C0C573B2
C0C69CD6
C0C7C8E1
C0C8F7BE
C0CA2955
C0CB5D8F
C0CC9454
C0CDCD8B
C0CF091C
C0D046EF
C0D186EA
C0D2C8F5
C0D40CF7
C0D552D7
C0D69A7D
C0D7E3D1
C0D92EBB
C0DA7B22
C0DBC8F0
C0DD180E
C0DE6864
C0DFB9DE
C0E10C65
C0E25FE5
C0E3B448
C0E5097C
C0E65F6D
C0E7B609
C0E90D3D
C0EA64F8
C0EBBD29
C0ED15C1
C0EE6EB1
C0EFC7E8
C0F1215A
C0F27AFA
C0F3D4B9
C0F52E8D
C0F68869
C0F7E243
C0F93C11
C0FA95C9
C0FBEF62
C0FD48D3
C0FEA214
C0FFFB1E
C100A9F5
C1015639
C1020257
C102AE4E
C1035A1A
C10405B9
C104B12A
C1055C69
C1060776
C106B24F
C1075CF2
C108075F
C108B194
C1095B90
C10A0552
C10AAEDB
C10B5829
C10C013C
C10CAA14
C10D52B0
C10DFB11
C10EA336
C10F4B20
C10FF2CF
C1109A42
C111417B
C111E87A
C1128F3E
C11335CA
C113DC1D
C1148237
C115281A
C115CDC6
C116733C
C117187D
C117BD88
C1186260
C1190705
C119AB78
C11A4FBA
C11AF3CB
C11B97AC
C11C3B5F
C11CDEE3
C11D823B
C11E2567
C11EC868
C11F6B3F
C1200DEC
C120B071
C12152CF
C121F506
C1229717
C1233904
C123DACC
C1247C72
C1251DF5
C125BF57
C1266099
C12701BB
C127A2BD
C12843A2
C128E46A
C1298515
C12A25A4
C12AC618
C12B6672
C12C06B3
C12CA6DA
C12D46EA
C12DE6E2
C0902163
C0902FA9
C0903E62
C0904D93
C0905D3D
C0906D65
C0907E0F
C0908F3E
C090A0F6
C090B33C
C090C613
C090D97F
C090ED85
C0910229
C0911771
C0912D5F
C09143FA
C0915B46
C0917348
C0918C06
C091A584
C091BFC8
C091DAD8
C091F6BA
C0921372
C0923108
C0924F81
C0926EE3
C0928F36
C092B07F
C092D2C6
C092F611
C0931A67
C0933FD1
C0936654
C0938DF9
C093B6C7
C093E0C7
C0940C00
C094387B
C0946641
C0949559
C094C5CE
C094F7A7
C0952AEF
C0955FAF
C09595EF
C095CDBC
C096071D
C096421E
C0967EC9
C096BD28
C096FD47
C0973F30
C09782EF
C097C890
C098101D
C09859A3
C098A52E
C098F2C9
C0994282
C0999465
C099E87E
C09A3EDB
C09A9788
C09AF293
C09B500A
C09BAFF9
C09C126E
C09C7777
C09CDF22
C09D497D
C09DB695
C09E2679
C09E9937
C09F0EDD
C09F8778
C0A00317
C0A081C8
C0A10399
C0A18898
C0A210D1
C0A29C54
C0A32B2C
C0A3BD67
C0A45312
C0A4EC39
C0A588E9
C0A6292D
C0A6CD10
C0A7749E
C0A81FE1
C0A8CEE2
C0A981AC
C0AA3846
C0AAF2B9
C0ABB10C
C0AC7345
C0AD396B
C0AE0381
C0AED18D
C0AFA390
C0B0798E
C0B15387
C0B2317B
C0B3136A
C0B3F951
C0B4E32D
C0B5D0FA
C0B6C2B2
C0B7B850
C0B8B1CA
C0B9AF19
C0BAB032
C0BBB50B
C0BCBD96
C0BDC9C7
C0BED98E
C0BFECDE
C0C103A5
C0C21DD1
C0C33B51
C0C45C10
C0C57FFC
C0C6A6FF
C0C7D103
C0C8FDF3
C0CA2DB8
C0CB603A
C0CC9562
C0CDCD18
C0CF0743
C0D043CA
C0D18296
C0D2C38C
C0D40695
C0D54B97
C0D69279
C0D7DB23
C0D9257D
C0DA716D
C0DBBEDD
C0DD0DB5
C0DE5DDD
C0DFAF40
C0E101C6
C0E2555A
C0E3A9E7
C0E4FF59
C0E6559B
C0E7AC9A
C0E90443
C0EA5C85
C0EBB54D
C0ED0E8B
C0EE682F
C0EFC229
C0F11C6B
C0F276E5
C0F3D18C
C0F52C51
C0F68729
C0F7E208
C0F93CE3
C0FA97AF
C0FBF264
C0FD4CF7
C0FEA760
C10000CC
C100ADCA
C1015AA9
C1020764
C102B3F8
C1036063
C1040CA2
C104B8B3
C1056493
C1061041
C106BBBA
C10766FE
C108120B
C108BCE0
C109677B
C10A11DC
C10ABC02
C10B65EC
C10C0F9A
C10CB90B
C10D623F
C10E0B36
C10EB3F0
C10F5C6D
C11004AC
C110ACAF
C1115474
C111FBFE
C112A34C
C1134A5E
C113F135
C11497D1
C1153E34
C115E45E
C1168A4F
C1173009
C117D58B
C1187AD8
C1191FEF
C119C4D1
C11A6980
C11B0DFC
C11BB246
C11C565F
C11CFA48
C11D9E02
C11E418D
C11EE4EB
C11F881D
C1202B23
C120CDFF
C12170B1
C122133B
C122B59D
C12357D7
C123F9EC
C1249BDC
C1253DA8
C125DF50
C12680D6
C127223B
C127C37F
C12864A3
C12905A7
C129A68E
C12A4757
C12AE804
C12B8895
C12C290A
C12CC966
C12D69A7
C12E09D0
C12EA9E0
C0913947
C091478C
C0915644
C0916574
C091751D
C0918544
C09195ED
C091A71C
C091B8D3
C091CB18
C091DDEF
C091F15B
C0920560
C0921A05
C0922F4C
C092453B
C0925BD6
C0927323
C0928B25
C092A3E4
C092BD63
C092D7A9
C092F2BA
C0930E9D
C0932B57
C09348EF
C093676B
C09386D0
C093A726
C093C872
C093EABD
C0940E0C
C0943267
C09457D5
C0947E5D
C094A608
C094CEDC
C094F8E3
C0952423
C09550A6
C0957E73
C095AD95
C095DE13
C0960FF6
C0964349
C0967813
C096AE60
C096E639
C0971FA8
C0975AB7
C0979771
C097D5E1
C0981611
C098580C
C0989BDE
C098E193
C0992935
C09972D1
C099BE73
C09A0C27
C09A5BFA
C09AADF8
C09B022E
C09B58A9
C09BB176
C09C0CA2
C09C6A3B
C09CCA4E
C09D2CE9
C09D921A
C09DF9EE
C09E6474
C09ED1BA
C09F41CD
C09FB4BC
C0A02A95
C0A0A367
C0A11F3E
C0A19E29
C0A22037
C0A2A574
C0A32DEF
C0A3B9B6
C0A448D5
C0A4DB5A
C0A57151
C0A60AC8
C0A6A7CA
C0A74863
C0A7EC9F
C0A89488
C0A9402A
C0A9EF8E
C0AAA2BD
C0AB59C0
C0AC14A0
C0ACD363
C0AD9610
C0AE5CAD
C0AF273E
C0AFF5C9
C0B0C84F
C0B19ED3
C0B27957
C0B357D9
C0B43A5B
C0B520D8
C0B60B4F
C0B6F9BA
C0B7EC16
C0B8E25A
C0B9DC7F
C0BADA7D
C0BBDC49
C0BCE1D8
C0BDEB1F
C0BEF80F
C0C0089A
C0C11CB0
C0C23442
C0C34F3D
C0C46D90
C0C58F26
C0C6B3EC
C0C7DBCC
C0C906B2
C0CA3486
C0CB6533
C0CC98A0
C0CDCEB7
C0CF075D
C0D0427C
C0D17FFB
C0D2BFC0
C0D401B3
C0D545BA
C0D68BBD
C0D7D3A2
C0D91D51
C0DA68B1
C0DBB5AA
C0DD0423
C0DE5406
C0DFA53B
C0E0F7AA
C0E24B3F
C0E39FE2
C0E4F57E
C0E64C00
C0E7A352
C0E8FB61
C0EA541B
C0EBAD6C
C0ED0744
C0EE6191
C0EFBC43
C0F1174B
C0F27299
C0F3CE1F
C0F529CF
C0F6859D
C0F7E17C
C0F93D61
C0FA9940
C0FBF50E
C0FD50C3
C0FEAC53
C10003DC
C100B174
C1015EEF
C1020C47
C102B97B
C1036687
C1041368
C104C01C
C1056CA0
C10618F2
C106C510
C10770F9
C1081CAA
C108C822
C1097361
C10A1E65
C10AC92C
C10B73B7
C10C1E05
C10CC814
C10D71E5
C10E1B78
C10EC4CC
C10F6DE0
C11016B6
C110BF4D
C11167A6
C1120FC0
C112B79C
C1135F3A
C114069B
C114ADC0
C11554A8
C115FB55
C116A1C7
C11747FF
C117EDFE
C11893C5
C1193953
C119DEAB
C11A83CC
C11B28B9
C11BCD71
C11C71F5
C11D1647
C11DBA68
C11E5E58
C11F0219
C11FA5AB
C120490F
C120EC46
C1218F51
C1223232
C122D4E8
C1237776
C12419DC
C124BC1A
C1255E33
C1260026
C126A1F4
C127439F
C127E528
C128868F
C12927D5
C129C8FB
C12A6A01
C12B0AEA
C12BABB5
C12C4C63
C12CECF5
C12D8D6C
C12E2DC8
C12ECE0B
C12F6E35
C0925299
C09260DD
C0926F95
C0927EC3
C0928E6C
C0929E92
C092AF3B
C092C068
C092D220
C092E464
C092F73A
C0930AA6
C0931EAC
C0933351
C0934898
C0935E87
C0937523
C0938C70
C093A474
C093BD34
C093D6B4
C093F0FB
C0940C0F
C09427F3
C09444B0
C094624A
C09480C9
C094A031
C094C08A
C094E1DA
C0950429
C095277C
C0954BDC
C095714F
C09597DD
C095BF8D
C095E868
C0961275
C0963DBD
C0966A48
C096981E
C096C748
C096F7D0
C09729BD
C0975D1B
C09791F1
C097C84A
C0980030
C09839AD
C09874CB
C098B194
C098F014
C0993055
C0997263
C099B648
C099FC11
C09A43C9
C09A8D7B
C09AD935
C09B2702
C09B76EF
C09BC908
C09C1D5B
C09C73F4
C09CCCE0
C09D282D
C09D85E9
C09DE621
C09E48E2
C09EAE3A
C09F1638
C09F80EA
C09FEE5D
C0A05E9F
C0A0D1C0
C0A147CC
C0A1C0D3
C0A23CE2
C0A2BC07
C0A33E51
C0A3C3CE
C0A44C8A
C0A4D895
C0A567FB
C0A5FAC9
C0A6910D
C0A72AD2
C0A7C827
C0A86915
C0A90DA9
C0A9B5EE
C0AA61EE
C0AB11B4
C0ABC548
C0AC7CB4
C0AD3800
C0ADF732
C0AEBA52
C0AF8166
C0B04C73
C0B11B7B
C0B1EE84
C0B2C58E
C0B3A09C
C0B47FAD
C0B562C0
C0B649D3
C0B734E4
C0B823EE
C0B916EB
C0BA0DD5
C0BB08A5
C0BC0752
C0BD09D0
C0BE1016
C0BF1A17
C0C027C6
C0C13914
C0C24DF1
C0C3664E
C0C48217
C0C5A13C
C0C6C3A8
C0C7E948
C0C91206
C0CA3DCD
C0CB6C86
C0CC9E1B
C0CDD273
C0CF0978
C0D04310
C0D17F24
C0D2BD9A
C0D3FE59
C0D54148
C0D6864E
C0D7CD52
C0D9163B
C0DA60EF
C0DBAD57
C0DCFB59
C0DE4ADD
C0DF9BCC
C0E0EE0E
C0E2418D
C0E39631
C0E4EBE4
C0E64292
C0E79A25
C0E8F289
C0EA4BAB
C0EBA576
C0ECFFDA
C0EE5AC3
C0EFB622
C0F111E4
C0F26DFC
C0F3CA59
C0F526ED
C0F683AB
C0F7E084
C0F93D6E
C0FA9A5B
C0FBF740
C0FD5414
C0FEB0CC
C10006AF
C100B4E1
C10162F7
C10210EF
C102BEC3
C1036C72
C10419F7
C104C750
C105747B
C1062174
C106CE3A
C1077ACA
C1082723
C108D344
C1097F2A
C10A2AD4
C10AD642
C10B8173
C10C2C65
C10CD717
C10D818B
C10E2BBE
C10ED5B1
C10F7F63
C11028D4
C110D205
C1117AF6
C11223A6
C112CC16
C1137446
C1141C37
C114C3E9
C1156B5D
C1161293
C116B98C
C1176049
C11806CA
C118AD0F
C119531B
C119F8ED
C11A9E87
C11B43E9
C11BE915
C11C8E0B
C11D32CC
C11DD758
C11E7BB2
C11F1FDA
C11FC3D1
C1206798
C1210B30
C121AE99
C12251D6
C122F4E6
C12397CB
C1243A86
C124DD18
C1257F81
C12621C3
C126C3DE
C12765D4
C12807A6
C128A954
C1294ADE
C129EC48
C12A8D90
C12B2EB7
C12BCFC0
C12C70AA
C12D1176
C12DB226
C12E52B9
C12EF331
C12F938F
C13033D3
C0936D4C
C0937B8F
C0938A46
C0939974
C093A91C
C093B942
C093C9EA
C093DB18
C093ECCF
C093FF13
C09411E9
C0942555
C094395B
C0944E00
C0946348
C0947938
C0948FD5
C094A723
C094BF28
C094D7E9
C094F16B
C0950BB4
C09526C9
C09542B0
C0955F6F
C0957D0C
C0959B8D
C095BAF9
C095DB56
C095FCAA
C0961EFC
C0964254
C09666B9
C0968C31
C096B2C5
C096DA7C
C097035D
C0972D72
C09758C1
C0978554
C097B333
C097E266
C09812F8
C09844F0
C0987858
C098AD3B
C098E3A0
C0991B93
C099551E
C099904B
C099CD24
C09A0BB4
C09A4C07
C09A8E27
C09AD220
C09B17FD
C09B5FCA
C09BA993
C09BF565
C09C434B
C09C9352
C09CE587
C09D39F6
C09D90AD
C09DE9BA
C09E4528
C09EA306
C09F0362
C09F6649
C09FCBCA
C0A033F1
C0A09ECE
C0A10C6E
C0A17CE0
C0A1F032
C0A26671
C0A2DFAE
C0A35BF4
C0A3DB54
C0A45DDA
C0A4E396
C0A56C94
C0A5F8E2
C0A6888E
C0A71BA6
C0A7B236
C0A84C4A
C0A8E9F0
C0A98B33
C0AA301F
C0AAD8BF
C0AB851D
C0AC3544
C0ACE93D
C0ADA111
C0AE5CC9
C0AF1C6A
C0AFDFFE
C0B0A788
C0B1730E
C0B24295
C0B3161F
C0B3EDAF
C0B4C946
C0B5A8E4
C0B68C89
C0B77432
C0B85FDC
C0B94F83
C0BA4322
C0BB3AB2
C0BC362B
C0BD3585
C0BE38B6
C0BF3FB2
C0C04A6D
C0C158DA
C0C26AEA
C0C3808E
C0C499B4
C0C5B64C
C0C6D643
C0C7F985
C0C91FFE
C0CA499A
C0CB7641
C0CCA5DF
C0CDD85B
C0CF0D9F
C0D04592
C0D1801C
C0D2BD24
C0D3FC91
C0D53E4A
C0D68236
C0D7C83C
C0D91042
C0DA5A2F
C0DBA5E9
C0DCF359
C0DE4265
C0DF92F5
C0E0E4F1
C0E23842
C0E38CD0
C0E4E285
C0E6394B
C0E7910B
C0E8E9B1
C0EA4329
C0EB9D5F
C0ECF83E
C0EE53B6
C0EFAFB3
C0F10C25
C0F268FB
C0F3C625
C0F52393
C0F68138
C0F7DF05
C0F93CED
C0FA9AE3
C0FBF8DC
C0FD56CC
C0FEB4A8
C1000933
C100B7FE
C10166B1
C1021548
C102C3BE
C1037210
C104203B
C104CE3C
C1057C0F
C10629B1
C106D722
C107845D
C1083161
C108DE2D
C1098ABF
C10A3714
C10AE32D
C10B8F07
C10C3AA2
C10CE5FD
C10D9117
C10E3BF0
C10EE687
C10F90DC
C1103AEF
C110E4BF
C1118E4D
C1123799
C112E0A3
C113896B
C11431F1
C114DA37
C115823C
C1162A00
C116D186
C11778CD
C1181FD5
C118C6A0
C1196D2F
C11A1382
C11AB99A
C11B5F77
C11C051C
C11CAA88
C11D4FBD
C11DF4BC
C11E9985
C11F3E1A
C11FE27B
C12086AA
C1212AA7
C121CE74
C1227211
C1231580
C123B8C1
C1245BD6
C124FEC0
C125A17F
C1264414
C126E681
C12788C6
C1282AE4
C128CCDD
C1296EB1
C12A1061
C12AB1EF
C12B535A
C12BF4A4
C12C95CD
C12D36D8
C12DD7C3
C12E7891
C12F1942
C12FB9D6
C1305A50
C130FAAE
C0948954
C0949796
C094A64D
C094B57A
C094C522
C094D548
C094E5EF
C094F71D
C09508D4
C0951B19
C0952DEF
C095415B
C0955562
C0956A07
C0957F50
C0959541
C095ABDE
C095C32E
C095DB34
C095F3F7
C0960D7A
C09627C5
C09642DD
C0965EC6
C0967B88
C0969928
C096B7AC
C096D71B
C096F77C
C09718D4
C0973B2B
C0975E88
C09782F2
C097A870
C097CF0A
C097F6C7
C0981FAF
C09849CB
C0987522
C098A1BD
C098CFA5
C098FEE2
C0992F7E
C0996180
C09994F4
C099C9E2
C09A0055
C09A3855
C09A71EE
C09AAD2A
C09AEA13
C09B28B4
C09B6919
C09BAB4B
C09BEF58
C09C3549
C09C7D2C
C09CC70C
C09D12F5
C09D60F4
C09DB116
C09E0366
C09E57F3
C09EAEC8
C09F07F4
C09F6384
C09FC185
C0A02205
C0A08512
C0A0EABA
C0A1530B
C0A1BE13
C0A22BE1
C0A29C82
C0A31004
C0A38677
C0A3FFE9
C0A47C67
C0A4FC01
C0A57EC3
C0A604BD
C0A68DFC
C0A71A8E
C0A7AA81
C0A83DE1
C0A8D4BC
C0A96F1F
C0AA0D17
C0AAAEAE
C0AB53F1
C0ABFCEC
C0ACA9A8
C0AD5A30
C0AE0E8D
C0AEC6C9
C0AF82EB
C0B042FC
C0B10701
C0B1CF01
C0B29B01
C0B36B05
C0B43F10
C0B51725
C0B5F344
C0B6D36F
C0B7B7A4
C0B89FE2
C0B98C25
C0BA7C69
C0BB70A8
C0BC68DD
C0BD6500
C0BE6507
C0BF68E9
C0C0709A
C0C17C0F
C0C28B39
C0C39E0B
C0C4B474
C0C5CE64
C0C6EBC9
C0C80C92
C0C930A9
C0CA57FB
C0CB8273
C0CCAFFB
C0CDE07D
C0CF13E1
C0D04A0F
C0D182F0
C0D2BE6B
C0D3FC68
C0D53CCD
C0D67F80
C0D7C469
C0D90B6F
C0DA5477
C0DB9F68
C0DCEC29
C0DE3AA2
C0DF8AB8
C0E0DC55
C0E22F5F
C0E383C0
C0E4D95F
C0E63026
C0E787FE
C0E8E0D3
C0EA3A8E
C0EB951B
C0ECF066
C0EE4C5B
C0EFA8E8
C0F105FB
C0F26383
C0F3C16E
C0F51FAC
C0F67E2F
C0F7DCE7
C0F93BC6
C0FA9ABF
C0FBF9C5
C0FD58CC
C0FEB7C8
C1000B58
C100BABB
C1016A0A
C1021940
C102C858
C103774F
C1042621
C104D4CA
C1058347
C1063196
C106DFB3
C1078D9C
C1083B4F
C108E8C9
C109960A
C10A430E
C10AEFD5
C10B9C5D
C10C48A6
C10CF4AD
C10DA073
C10E4BF6
C10EF737
C10FA234
C1104CED
C110F762
C111A193
C1124B80
C112F529
C1139E8F
C11447B0
C114F08F
C115992B
C1164184
C116E99C
C1179173
C1183909
C118E05F
C1198777
C11A2E50
C11AD4EC
C11B7B4B
C11C216E
C11CC757
C11D6D06
C11E127C
C11EB7B9
C11F5CC1
C1200192
C120A62E
C1214A96
C121EECB
C12292CE
C12336A1
C123DA44
C1247DB7
C12520FD
C125C417
C1266704
C12709C7
C127AC5F
C1284ED0
C128F118
C1299339
C12A3535
C12AD70B
C12B78BD
C12C1A4D
C12CBBBA
C12D5D06
C12DFE31
C12E9F3D
C12F402A
C12FE0F9
C13081AB
C1312241
C131C2BB
C095A6A4
C095B4E6
C095C39C
C095D2C9
C095E271
C095F297
C096033F
C096146C
C0962623
C0963868
C0964B3F
C0965EAC
C09672B3
C0968759
C0969CA3
C096B295
C096C934
C096E084
C096F88C
C0971151
C0972AD6
C0974523
C097603D
C0977C29
C09798EE
C097B691
C097D519
C097F48C
C09814F0
C098364D
C09858A9
C0987C0B
C098A07A
C098C5FE
C098EC9D
C0991461
C0993D51
C0996774
C09992D3
C099BF77
C099ED68
C09A1CAF
C09A4D54
C09A7F62
C09AB2E1
C09AE7DC
C09B1E5B
C09B5669
C09B9011
C09BCB5C
C09C0855
C09C4707
C09C877D
C09CC9C2
C09D0DE2
C09D53E9
C09D9BE1
C09DE5D8
C09E31D9
C09E7FF1
C09ED02D
C09F2299
C09F7743
C09FCE36
C0A02782
C0A08333
C0A0E157
C0A141FB
C0A1A52E
C0A20AFE
C0A27378
C0A2DEAC
C0A34CA6
C0A3BD76
C0A4312A
C0A4A7D0
C0A52177
C0A59E2C
C0A61DFF
C0A6A0FE
C0A72736
C0A7B0B5
C0A83D8B
C0A8CDC3
C0A9616C
C0A9F893
C0AA9344
C0AB318C
C0ABD377
C0AC7911
C0AD2266
C0ADCF7F
C0AE8067
C0AF3528
C0AFEDCB
C0B0AA58
C0B16AD6
C0B22F4D
C0B2F7C2
C0B3C43A
C0B494BB
C0B56946
C0B641DF
C0B71E87
C0B7FF3E
C0B8E402
C0B9CCD4
C0BAB9AE
C0BBAA8E
C0BC9F6E
C0BD9847
C0BE9511
C0BF95C5
C0C09A57
C0C1A2BD
C0C2AEEA
C0C3BED1
C0C4D264
C0C5E991
C0C7044A
C0C8227D
C0C94415
C0CA6901
C0CB912C
C0CCBC80
C0CDEAE8
C0CF1C4D
C0D05098
C0D187B1
C0D2C180
C0D3FDEC
C0D53CDD
C0D67E39
C0D7C1E6
C0D907CD
C0DA4FD2
C0DB99DC
C0DCE5D2
C0DE339A
C0DF831C
C0E0D43E
C0E226E7
C0E37B01
C0E4D071
C0E62722
C0E77EFC
C0E8D7E9
C0EA31D2
C0EB8CA3
C0ECE847
C0EE44A9
C0EFA1B6
C0F0FF5A
C0F25D85
C0F3BC24
C0F51B26
C0F67A7B
C0F7DA14
C0F939E1
C0FA99D5
C0FBF9E2
C0FD59FA
C0FEBA12
C1000D0F
C100BD09
C1016CF3
C1021CC7
C102CC82
C1037C1D
C1042B96
C104DAE9
C1058A12
C106390E
C106E7DA
C1079673
C10844D6
C108F302
C109A0F5
C10A4EAB
C10AFC24
C10BA95F
C10C5659
C10D0311
C10DAF87
C10E5BBA
C10F07A8
C10FB352
C1105EB7
C11109D6
C111B4B0
C1125F44
C1130992
C113B39A
C1145D5D
C11506DA
C115B013
C1165907
C11701B7
C117AA24
C118524D
C118FA35
C119A1DB
C11A4940
C11AF066
C11B974C
C11C3DF4
C11CE45F
C11D8A8D
C11E3080
C11ED639
C11F7BB8
C12020FE
C120C60D
C1216AE6
C1220F89
C122B3F7
C1235833
C123FC3C
C124A014
C12543BB
C125E734
C1268A7E
C1272D9B
C127D08D
C1287353
C12915EF
C129B862
C12A5AAD
C12AFCD1
C12B9ECF
C12C40A8
C12CE25D
C12D83EE
C12E255D
C12EC6AB
C12F67D8
C13008E5
C130A9D3
C1314AA4
C131EB57
C1328BEE
C096C531
C096D373
C096E229
C096F156
C09700FE
C0971123
C09721CB
C09732F9
C09744B1
C09756F6
C09769CD
C0977D3B
C0979143
C097A5EA
C097BB35
C097D128
C097E7C8
C097FF1B
C0981724
C0982FEB
C0984973
C09863C2
C0987EDE
C0989ACD
C098B795
C098D53C
C098F3C7
C099133E
C09933A6
C0995508
C0997768
C0999ACF
C099BF44
C099E4CE
C09A0B74
C09A333F
C09A5C36
C09A8661
C09AB1C8
C09ADE75
C09B0C6F
C09B3BC0
C09B6C70
C09B9E89
C09BD213
C09C071A
C09C3DA7
C09C75C2
C09CAF78
C09CEAD3
C09D27DC
C09D669F
C09DA727
C09DE97F
C09E2DB3
C09E73CE
C09EBBDC
C09F05EA
C09F5203
C09FA034
C09FF08B
C0A04312
C0A097D9
C0A0EEEB
C0A14856
C0A1A428
C0A2026F
C0A26337
C0A2C690
C0A32C88
C0A3952B
C0A4008A
C0A46EB1
C0A4DFB0
C0A55394
C0A5CA6D
C0A64448
C0A6C135
C0A74141
C0A7C47B
C0A84AF1
C0A8D4B2
C0A961CA
C0A9F247
C0AA8638
C0AB1DAA
C0ABB8A8
C0AC5741
C0ACF980
C0AD9F70
C0AE491E
C0AEF694
C0AFA7DC
C0B05D00
C0B11609
C0B1D2FF
C0B293EB
C0B358D2
C0B421BB
C0B4EEAC
C0B5BFA8
C0B694B3
C0B76DCF
C0B84AFE
C0B92C3F
C0BA1193
C0BAFAF7
C0BBE869
C0BCD9E3
C0BDCF62
C0BEC8DE
C0BFC650
C0C0C7AE
C0C1CCF0
C0C2D60A
C0C3E2EE
C0C4F391
C0C607E3
C0C71FD5
C0C83B56
C0C95A54
C0CA7CBD
C0CBA27C
C0CCCB7F
C0CDF7AE
C0CF26F5
C0D0593D
C0D18E6E
C0D2C671
C0D4012D
C0D53E8A
C0D67E6F
C0D7C0C2
C0D90569
C0DA4C4C
C0DB9551
C0DCE05D
C0DE2D58
C0DF7C28
C0E0CCB3
C0E21EE0
C0E37297
C0E4C7C0
C0E61E41
C0E77605
C0E8CEF3
C0EA28F4
C0EB83F4
C0ECDFDC
C0EE3C97
C0EF9A12
C0F0F837
C0F256F5
C0F3B639
C0F515F1
C0F6760D
C0F7D67B
C0F9372B
C0FA9810
C0FBF91B
C0FD5A3D
C0FEBB6A
C1000E4B
C100BEDA
C1016F5D
C1021FCE
C102D029
C1038069
C1043089
C104E086
C105905B
C1064006
C106EF82
C1079ECD
C1084DE4
C108FCC4
C109AB6B
C10A59D7
C10B0806
C10BB5F5
C10C63A5
C10D1112
C10DBE3D
C10E6B23
C10F17C5
C10FC420
C1107036
C1111C04
C111C78B
C11272CB
C1131DC4
C113C875
C11472DE
C1151D00
C115C6DB
C1167070
C11719BE
C117C2C7
C1186B8A
C1191408
C119BC43
C11A643B
C11B0BF0
C11BB363
C11C5A96
C11D0189
C11DA83D
C11E4EB3
C11EF4EC
C11F9AE8
C12040AA
C120E631
C1218B80
C1223096
C122D576
C1237A20
C1241E94
C124C2D6
C12566E4
C1260AC1
C126AE6D
C12751EA
C127F539
C128985A
C1293B4F
C129DE18
C12A80B8
C12B232E
C12BC57C
C12C67A2
C12D09A2
C12DAB7D
C12E4D34
C12EEEC7
C12F9038
C1303187
C130D2B6
C13173C4
C13214B4
C132B585
C133563A
C097E4EF
C097F331
C09801E7
C0981114
C09820BC
C09830E2
C098418A
C09852B8
C0986471
C09876B7
C098898F
C0989CFD
C098B106
C098C5AE
C098DAFA
C098F0EF
C0990791
C0991EE5
C09936F1
C0994FB9
C0996943
C0998395
C0999EB4
C099BAA6
C099D771
C099F51B
C09A13AB
C09A3325
C09A5393
C09A74F8
C09A975E
C09ABACB
C09ADF45
C09B04D5
C09B2B82
C09B5354
C09B7C52
C09BA685
C09BD1F5
C09BFEAA
C09C2CAE
C09C5C08
C09C8CC3
C09CBEE7
C09CF27E
C09D2791
C09D5E2A
C09D9654
C09DD019
C09E0B82
C09E489C
C09E8770
C09EC80A
C09F0A75
C09F4EBC
C09F94EC
C09FDD10
C0A02735
C0A07366
C0A0C1B1
C0A11221
C0A164C5
C0A1B9A8
C0A210D8
C0A26A63
C0A2C656
C0A324C0
C0A385AC
C0A3E92B
C0A44F4A
C0A4B816
C0A5239F
C0A591F3
C0A60321
C0A67736
C0A6EE41
C0A76851
C0A7E575
C0A865BA
C0A8E92F
C0A96FE3
C0A9F9E3
C0AA873D
C0AB1800
C0ABAC38
C0AC43F4
C0ACDF40
C0AD7E28
C0AE20B9
C0AEC700
C0AF7106
C0B01ED8
C0B0D07F
C0B18605
C0B23F73
C0B2FCD3
C0B3BE2B
C0B48382
C0B54CDF
C0B61A46
C0B6EBBD
C0B7C146
C0B89AE5
C0B97899
C0BA5A65
C0BB4047
C0BC2A3D
C0BD1844
C0BE0A58
C0BF0075
C0BFFA93
C0C0F8AB
C0C1FAB4
C0C300A4
C0C40A6F
C0C5180B
C0C62968
C0C73E79
C0C8572E
C0C97375
C0CA933E
C0CBB676
C0CCDD08
C0CE06E1
C0CF33EB
C0D06411
C0D1973A
C0D2CD51
C0D4063D
C0D541E6
C0D68033
C0D7C10B
C0D90454
C0DA49F6
C0DB91D5
C0DCDBD9
C0DE27E7
C0DF75E7
C0E0C5BE
C0E21752
C0E36A8B
C0E4BF50
C0E61588
C0E76D1B
C0E8C5F2
C0EA1FF4
C0EB7B0C
C0ECD722
C0EE3422
C0EF91F7
C0F0F08A
C0F24FCA
C0F3AFA3
C0F51002
C0F670D4
C0F7D20A
C0F93393
C0FA955E
C0FBF75C
C0FD5980
C0FEBBBA
C1000EFF
C100C020
C1017139
C1022246
C102D340
C1038423
C10434EA
C104E591
C1059613
C106466D
C106F69A
C107A698
C1085664
C10905FA
C109B558
C10A647C
C10B1363
C10BC20C
C10C7074
C10D1E9B
C10DCC7E
C10E7A1C
C10F2775
C10FD487
C1108151
C1112DD4
C111DA0E
C11285FF
C11331A8
C113DD07
C114881C
C11532E9
C115DD6C
C11687A7
C1173199
C117DB44
C11884A6
C1192DC2
C119D698
C11A7F28
C11B2772
C11BCF79
C11C773D
C11D1EBE
C11DC5FD
C11E6CFC
C11F13BB
C11FBA3B
C120607E
C1210683
C121AC4E
C12251DD
C122F733
C1239C51
C1244137
C124E5E7
C1258A62
C1262EA9
C126D2BC
C127769E
C1281A4F
C128BDD0
C1296122
C12A0447
C12AA73F
C12B4A0C
C12BECAE
C12C8F27
C12D3177
C12DD3A0
C12E75A3
C12F1780
C12FB939
C1305ACE
C130FC40
C1319D91
C1323EC0
C132DFD0
C13380C1
C1342194
C09905D3
C0991415
C09922CB
C09931F9
C09941A1
C09951C7
C0996270
C099739F
C0998557
C099979E
C099AA77
C099BDE6
C099D1F1
C099E69A
C099FBE8
C09A11DE
C09A2881
C09A3FD8
C09A57E5
C09A70B0
C09A8A3D
C09AA491
C09ABFB3
C09ADBA9
C09AF877
C09B1625
C09B34B8
C09B5437
C09B74A9
C09B9614
C09BB87E
C09BDBF1
C09C0071
C09C2607
C09C4CBB
C09C7494
C09C9D99
C09CC7D4
C09CF34D
C09D200B
C09D4E18
C09D7D7D
C09DAE42
C09DE072
C09E1414
C09E4934
C09E7FDB
C09EB813
C09EF1E6
C09F2D5F
C09F6A88
C09FA96E
C09FEA1A
C0A02C97
C0A070F3
C0A0B738
C0A0FF72
C0A149AD
C0A195F6
C0A1E45A
C0A234E5
C0A287A4
C0A2DCA4
C0A333F2
C0A38D9D
C0A3E9B1
C0A4483D
C0A4A94D
C0A50CF2
C0A57337
C0A5DC2D
C0A647E1
C0A6B661
C0A727BC
C0A79C02
C0A8133F
C0A88D84
C0A90ADD
C0A98B5B
C0AA0F0B
C0AA95FC
C0AB203B
C0ABADD8
C0AC3EDF
C0ACD35E
C0AD6B64
C0AE06FC
C0AEA633
C0AF4917
C0AFEFB2
C0B09A10
C0B1483D
C0B1FA42
C0B2B02A
C0B369FD
C0B427C4
C0B4E988
C0B5AF4E
C0B6791D
C0B746FB
C0B818EB
C0B8EEF2
C0B9C911
C0BAA74B
C0BB89A0
C0BC700E
C0BD5A95
C0BE4931
C0BF3BDE
C0C03297
C0C12D56
C0C22C13
C0C32EC4
C0C43562
C0C53FDF
C0C64E2F
C0C76046
C0C87615
C0C98F8B
C0CAAC98
C0CBCD2B
C0CCF130
C0CE1894
C0CF4343
C0D07127
C0D1A229
C0D2D634
C0D40D2F
C0D54704
C0D68399
C0D7C2D5
C0D9049F
C0DA48DE
C0DB8F79
C0DCD854
C0DE2357
C0DF7067
C0E0BF6B
C0E21049
C0E362E7
C0E4B72B
C0E60CFE
C0E76446
C0E8BCEB
C0EA16D5
C0EB71EC
C0ECCE1A
C0EE2B49
C0EF8961
C0F0E84F
C0F247FE
C0F3A859
C0F5094D
C0F66AC8
C0F7CCB7
C0F92F09
C0FA91AE
C0FBF495
C0FD57AF
C0FEBAED
C1000F21
C100C0D0
C101727D
C1022422
C102D5B9
C103873E
C10438AA
C104E9FA
C1059B28
C1064C31
C106FD10
C107ADC2
C1085E44
C1090E92
C109BEA9
C10A6E87
C10B1E2A
C10BCD8E
C10C7CB3
C10D2B95
C10DDA34
C10E888E
C10F36A2
C10FE46F
C11091F4
C1113F2F
C111EC21
C11298C9
C1134526
C113F139
C1149D00
C115487C
C115F3AE
C1169E95
C1174931
C117F383
C1189D8B
C119474A
C119F0C0
C11A99EF
C11B42D5
C11BEB75
C11C93D0
C11D3BE5
C11DE3B6
C11E8B43
C11F328F
C11FD999
C1208062
C12126ED
C121CD38
C1227347
C1231919
C123BEB1
C124640E
C1250932
C125AE1F
C12652D5
C126F755
C1279BA1
C1283FB9
C128E3A0
C1298755
C12A2ADA
C12ACE30
C12B7158
C12C1454
C12CB723
C12D59C8
C12DFC44
C12E9E97
C12F40C2
C12FE2C6
C13084A5
C1312660
C131C7F6
C132696A
C1330ABC
C133ABED
C1344CFF
C134EDF1
C09A27D2
C09A3614
C09A44CA
C09A53F8
C09A63A1
C09A73C8
C09A8471
C09A95A0
C09AA75A
C09AB9A1
C09ACC7B
C09ADFEC
C09AF3F8
C09B08A2
C09B1DF1
C09B33E9
C09B4A8F
C09B61E7
C09B79F7
C09B92C4
C09BAC54
C09BC6AB
C09BE1D0
C09BFDC9
C09C1A9B
C09C384C
C09C56E4
C09C7667
C09C96DD
C09CB84D
C09CDABE
C09CFE35
C09D22BC
C09D4859
C09D6F13
C09D96F3
C09DC001
C09DEA44
C09E15C5
C09E428C
C09E70A3
C09EA012
C09ED0E2
C09F031D
C09F36CB
C09F6BF8
C09FA2AC
C09FDAF2
C0A014D3
C0A0505C
C0A08D96
C0A0CC8C
C0A10D4A
C0A14FDB
C0A1944A
C0A1DAA4
C0A222F4
C0A26D46
C0A2B9A7
C0A30824
C0A358C9
C0A3ABA3
C0A400C0
C0A4582D
C0A4B1F7
C0A50E2C
C0A56CD9
C0A5CE0E
C0A631D7
C0A69844
C0A70162
C0A76D40
C0A7DBED
C0A84D76
C0A8C1EB
C0A9395B
C0A9B3D3
C0AA3163
C0AAB218
C0AB3603
C0ABBD30
C0AC47AE
C0ACD58C
C0AD66D7
C0ADFB9D
C0AE93EB
C0AF2FCF
C0AFCF55
C0B0728A
C0B11979
C0B1C42F
C0B272B6
C0B32518
C0B3DB61
C0B49598
C0B553C6
C0B615F4
C0B6DC28
C0B7A669
C0B874BB
C0B94724
C0BA1DA7
C0BAF847
C0BBD704
C0BCB9E1
C0BDA0DB
C0BE8BF1
C0BF7B20
C0C06E65
C0C165B9
C0C26118
C0C36078
C0C463D2
C0C56B1A
C0C67647
C0C7854C
C0C8981B
C0C9AEA6
C0CAC8DC
C0CBE6AE
C0CD0809
C0CE2CDB
C0CF5510
C0D08093
C0D1AF4F
C0D2E12E
C0D41618
C0D54DF8
C0D688B3
C0D7C633
C0D9065D
C0DA491A
C0DB8E4E
C0DCD5E0
C0DE1FB7
C0DF6BB8
C0E0B9CA
C0E209D2
C0E35BB6
C0E4AF5D
C0E604AD
C0E75B8E
C0E8B3E6
C0EA0D9C
C0EB689A
C0ECC4C7
C0EE220C
C0EF8052
C0F0DF84
C0F23F8D
C0F3A057
C0F501CE
C0F663DF
C0F7C677
C0F92984
C0FA8CF4
C0FBF0B6
C0FD54BB
C0FEB8F2
C1000EA7
C100C0DF
C101731B
C1022556
C102D787
C10389AB
C1043BBB
C104EDB2
C1059F8C
C1065143
C10702D4
C107B43B
C1086573
C109167A
C109C74C
C10A77E6
C10B2845
C10BD868
C10C884B
C10D37ED
C10DE74B
C10E9665
C10F4538
C10FF3C4
C110A207
C1115000
C111FDAE
C112AB11
C1135828
C11404F3
C114B172
C1155DA3
C1160988
C116B521
C117606D
C1180B6C
C118B620
C1196088
C11A0AA5
C11AB478
C11B5E01
C11C0740
C11CB038
C11D58E7
C11E0150
C11EA973
C11F5150
C11FF8EA
C120A041
C1214756
C121EE29
C12294BD
C1233B11
C123E128
C1248702
C1252CA1
C125D205
C1267730
C1271C22
C127C0DE
C1286563
C12909B4
C129ADD1
C12A51BC
C12AF575
C12B98FD
C12C3C57
C12CDF83
C12D8281
C12E2554
C12EC7FB
C12F6A79
C1300CCE
C130AEFB
C1315102
C131F2E3
C132949F
C1333637
C133D7AC
C1347900
C1351A32
C135BB44
C09B4AE1
C09B5923
C09B67DA
C09B7708
C09B86B1
C09B96D8
C09BA782
C09BB8B3
C09BCA6D
C09BDCB6
C09BEF91
C09C0303
C09C1710
C09C2BBC
C09C410D
C09C5707
C09C6DAE
C09C8509
C09C9D1B
C09CB5EB
C09CCF7D
C09CE9D7
C09D0500
C09D20FC
C09D3DD1
C09D5B87
C09D7A22
C09D99AA
C09DBA26
C09DDB9B
C09DFE10
C09E218E
C09E461B
C09E6BBE
C09E927F
C09EBA67
C09EE37C
C09F0DC7
C09F3951
C09F6622
C09F9442
C09FC3BC
C09FF497
C0A026DD
C0A05A97
C0A08FD0
C0A0C692
C0A0FEE6
C0A138D6
C0A1746E
C0A1B1B9
C0A1F0C0
C0A23190
C0A27434
C0A2B8B7
C0A2FF25
C0A3478B
C0A391F4
C0A3DE6D
C0A42D03
C0A47DC2
C0A4D0B7
C0A525F1
C0A57D7B
C0A5D764
C0A633BA
C0A6928A
C0A6F3E2
C0A757D0
C0A7BE64
C0A827AA
C0A893B2
C0A9028A
C0A97441
C0A9E8E6
C0AA6087
C0AADB32
C0AB58F8
C0ABD9E5
C0AC5E09
C0ACE572
C0AD702F
C0ADFE4E
C0AE8FDC
C0AF24E8
C0AFBD7E
C0B059AD
C0B0F981
C0B19D06
C0B24449
C0B2EF55
C0B39E35
C0B450F4
C0B5079C
C0B5C236
C0B680CA
C0B74362
C0B80A03
C0B8D4B4
C0B9A37A
C0BA765B
C0BB4D59
C0BC2877
C0BD07B7
C0BDEB1A
C0BED29E
C0BFBE42
C0C0AE04
C0C1A1DF
C0C299CD
C0C395CA
C0C495CC
C0C599CC
C0C6A1BF
C0C7AD9B
C0C8BD52
C0C9D0D8
C0CAE81D
C0CC0313
C0CD21A8
C0CE43CA
C0CF6967
C0D0926B
C0D1BEC1
C0D2EE54
C0D4210E
C0D556D7
C0D68F99
C0D7CB3B
C0D909A4
C0DA4ABC
C0DB8E69
C0DCD491
C0DE1D1B
C0DF67ED
C0E0B4EC
C0E203FE
C0E35509
C0E4A7F3
C0E5FCA3
C0E752FF
C0E8AAED
C0EA0454
C0EB5F1D
C0ECBB2E
C0EE1870
C0EF76CC
C0F0D62B
C0F23678
C0F3979B
C0F4F981
C0F65C16
C0F7BF45
C0F922FB
C0FA8726
C0FBEBB5
C0FD5097
C0FEB5BB
C1000D88
C100C045
C101730C
C10225D8
C102D8A0
C1038B60
C1043E10
C104F0AD
C105A330
C1065595
C10707D7
C107B9F1
C1086BE1
C1091DA0
C109CF2E
C10A8085
C10B31A3
C10BE286
C10C932A
C10D438E
C10DF3AF
C10EA38B
C10F5321
C110026F
C110B174
C111602F
C1120E9E
C112BCC1
C1136A97
C1141820
C114C55A
C1157247
C1161EE5
C116CB35
C1177736
C11822E9
C118CE4E
C1197965
C11A242F
C11ACEAC
C11B78DD
C11C22C2
C11CCC5D
C11D75AD
C11E1EB4
C11EC772
C11F6FE8
C1201818
C120C002
C12167A7
C1220F09
C122B627
C1235D04
C12403A1
C124A9FE
C125501C
C125F5FE
C1269BA3
C127410E
C127E63F
C1288B37
C1292FF8
C129D482
C12A78D7
C12B1CF9
C12BC0E7
C12C64A4
C12D0831
C12DAB8D
C12E4EBC
C12EF1BD
C12F9492
C130373D
C130D9BD
C1317C14
C1321E43
C132C04C
C133622E
C13403EC
C134A585
C13546FC
C135E851
C1368984
C09C6EF4
C09C7D37
C09C8BEE
C09C9B1D
C09CAAC7
C09CBAEF
C09CCB9A
C09CDCCB
C09CEE87
C09D00D0
C09D13AD
C09D2720
C09D3B2F
C09D4FDD
C09D652F
C09D7B2B
C09D91D5
C09DA931
C09DC146
C09DDA19
C09DF3AE
C09E0E0B
C09E2937
C09E4537
C09E6210
C09E7FCA
C09E9E6A
C09EBDF6
C09EDE76
C09EFFF0
C09F226C
C09F45EF
C09F6A82
C09F902C
C09FB6F5
C09FDEE3
C0A00801
C0A03254
C0A05DE7
C0A08AC1
C0A0B8EB
C0A0E86F
C0A11955
C0A14BA6
C0A17F6D
C0A1B4B3
C0A1EB82
C0A223E3
C0A25DE3
C0A2998B
C0A2D6E5
C0A315FE
C0A356E0
C0A39996
C0A3DE2D
C0A424B0
C0A46D2B
C0A4B7AB
C0A5043C
C0A552EA
C0A5A3C4
C0A5F6D4
C0A64C2A
C0A6A3D2
C0A6FDDA
C0A75A50
C0A7B942
C0A81ABD
C0A87ED1
C0A8E58A
C0A94EF9
C0A9BB2A
C0AA2A2E
C0AA9C12
C0AB10E6
C0AB88B8
C0AC0396
C0AC8190
C0AD02B5
C0AD8712
C0AE0EB7
C0AE99B1
C0AF2810
C0AFB9E1
C0B04F32
C0B0E810
C0B18489
C0B224AA
C0B2C87F
C0B37014
C0B41B75
C0B4CAAE
C0B57DC9
C0B634CF
C0B6EFCB
C0B7AEC4
C0B871C4
C0B938D0
C0BA03F1
C0BAD32A
C0BBA681
C0BC7DF9
C0BD5995
C0BE3956
C0BF1D3E
C0C0054B
C0C0F17C
C0C1E1CE
C0C2D63D
C0C3CEC5
C0C4CB5E
C0C5CC01
C0C6D0A6
C0C7D942
C0C8E5CA
C0C9F633
C0CB0A6E
C0CC226D
C0CD3E20
C0CE5D76
C0CF805E
C0D0A6C5
C0D1D096
C0D2FDBE
C0D42E27
C0D561BA
C0D69861
C0D7D204
C0D90E8A
C0DA4DDC
C0DB8FE0
C0DCD47D
C0DE1B98
C0DF6519
C0E0B0E4
C0E1FEDF
C0E34EF1
C0E4A0FF
C0E5F4EF
C0E74AA7
C0E8A20D
C0E9FB08
C0EB557F
C0ECB159
C0EE0E7E
C0EF6CD6
C0F0CC49
C0F22CC1
C0F38E28
C0F4F067
C0F6536A
C0F7B71C
C0F91B69
C0FA803F
C0FBE58A
C0FD4B39
C0FEB13B
C1000BBF
C100BEFB
C1017247
C102259F
C102D8F9
C1038C51
C1043F9F
C104F2DF
C105A609
C1065919
C1070C0B
C107BED8
C108717D
C10923F6
C109D63F
C10A8855
C10B3A33
C10BEBD7
C10C9D3E
C10D4E66
C10DFF4C
C10EAFEE
C10F6049
C110105D
C110C028
C1116FA8
C1121EDC
C112CDC4
C1137C5D
C1142AA8
C114D8A4
C1158650
C11633AD
C116E0B9
C1178D75
C11839E1
C118E5FD
C11991C9
C11A3D46
C11AE874
C11B9353
C11C3DE4
C11CE827
C11D921E
C11E3BC9
C11EE529
C11F8E3F
C120370B
C120DF8E
C12187CA
C1222FC0
C122D770
C1237EDB
C1242604
C124CCEA
C125738E
C12619F3
C126C019
C1276602
C1280BAE
C128B11E
C1295655
C129FB53
C12AA018
C12B44A7
C12BE901
C12C8D27
C12D3119
C12DD4D9
C12E7869
C12F1BC9
C12FBEFA
C13061FE
C13104D6
C131A783
C1324A05
C132EC5E
C1338E8F
C1343099
C134D27D
C135743D
C13615D8
C136B750
C13758A5
C09D9403
C09DA247
C09DB0FE
C09DC02E
C09DCFD8
C09DE001
C09DF0AD
C09E01DF
C09E139C
C09E25E7
C09E38C5
C09E4C3A
C09E604A
C09E74FA
C09E8A4E
C09EA04C
C09EB6F8
C09ECE57
C09EE66F
C09EFF44
C09F18DC
C09F333D
C09F4E6C
C09F6A6F
C09F874C
C09FA50A
C09FC3AE
C09FE340
C0A003C5
C0A02544
C0A047C5
C0A06B4F
C0A08FE8
C0A0B599
C0A0DC68
C0A1045F
C0A12D84
C0A157E0
C0A1837B
C0A1B05F
C0A1DE93
C0A20E21
C0A23F12
C0A2716F
C0A2A542
C0A2DA94
C0A31170
C0A349E0
C0A383EE
C0A3BFA6
C0A3FD10
C0A43C3A
C0A47D2E
C0A4BFF7
C0A504A2
C0A54B39
C0A593CA
C0A5DE60
C0A62B09
C0A679D0
C0A6CAC3
C0A71DEF
C0A77361
C0A7CB27
C0A8254D
C0A881E3
C0A8E0F7
C0A94295
C0A9A6CD
C0AA0DAC
C0AA7742
C0AAE39D
C0AB52CC
C0ABC4DD
C0AC39DF
C0ACB1E1
C0AD2CF2
C0ADAB21
C0AE2C7C
C0AEB112
C0AF38F2
C0AFC429
C0B052C7
C0B0E4DA
C0B17A6F
C0B21394
C0B2B056
C0B350C3
C0B3F4E7
C0B49CCE
C0B54884
C0B5F814
C0B6AB89
C0B762ED
C0B81E49
C0B8DDA7
C0B9A10E
C0BA6885
C0BB3413
C0BC03BE
C0BCD789
C0BDAF7A
C0BE8B92
C0BF6BD3
C0C0503F
C0C138D3
C0C22590
C0C31671
C0C40B74
C0C50492
C0C601C6
C0C70309
C0C80851
C0C91194
C0CA1EC8
C0CB2FE0
C0CC44CF
C0CD5D85
C0CE79F4
C0CF9A0A
C0D0BDB6
C0D1E4E5
C0D30F82
C0D43D7A
C0D56EB7
C0D6A322
C0D7DAA5
C0D91528
C0DA5292
C0DB92CB
C0DCD5BA
C0DE1B45
C0DF6352
C0E0ADC8
C0E1FA8C
C0E34983
C0E49A94
C0E5EDA3
C0E74298
C0E89957
C0E9F1C8
C0EB4BCF
C0ECA755
C0EE0441
C0EF6279
C0F0C1E6
C0F22270
C0F38401
C0F4E682
C0F649DD
C0F7ADFD
C0F912CD
C0FA783A
C0FBDE2F
C0FD449B
C0FEAB6B
C1000947
C100BCFA
C10170C6
C10224A3
C102D88B
C1038C76
C104405E
C104F43C
C105A80B
C1065BC4
C1070F62
C107C2E1
C108763C
C109296D
C109DC71
C10A8F45
C10B41E3
C10BF44A
C10CA675
C10D5863
C10E0A0F
C10EBB79
C10F6C9D
C1101D7A
C110CE0E
C1117E57
C1122E54
C112DE04
C1138D65
C1143C77
C114EB38
C11599A9
C11647C9
C116F597
C117A313
C118503E
C118FD16
C119A99D
C11A55D3
C11B01B7
C11BAD4A
C11C588D
C11D0380
C11DAE24
C11E587A
C11F0282
C11FAC3C
C12055AB
C120FECF
C121A7A8
C1225038
C122F87F
C123A080
C124483A
C124EFAF
C12596E0
C1263DCF
C126E47C
C1278AE8
C1283115
C128D704
C1297CB6
C12A222D
C12AC769
C12B6C6B
C12C1136
C12CB5C9
C12D5A27
C12DFE50
C12EA246
C12F460A
C12FE99D
C1308D00
C1313034
C131D33A
C1327615
C13318C3
C133BB48
C1345DA3
C134FFD6
C135A1E1
C13643C7
C136E587
C1378724
C138289D
C09EBA03
C09EC847
C09ED6FF
C09EE62F
C09EF5DB
C09F0605
C09F16B2
C09F27E5
C09F39A3
C09F4BEF
C09F5ECF
C09F7245
C09F8657
C09F9B09
C09FB05F
C09FC65F
C09FDD0E
C09FF46F
C0A00C89
C0A02561
C0A03EFD
C0A05961
C0A07493
C0A0909A
C0A0AD7C
C0A0CB3E
C0A0E9E7
C0A1097D
C0A12A07
C0A14B8C
C0A16E13
C0A191A2
C0A1B642
C0A1DBF9
C0A202D0
C0A22ACE
C0A253FB
C0A27E60
C0A2AA04
C0A2D6F1
C0A3052F
C0A334C7
C0A365C3
C0A3982B
C0A3CC0A
C0A4016A
C0A43853
C0A470D1
C0A4AAEE
C0A4E6B5
C0A52430
C0A5636B
C0A5A470
C0A5E74C
C0A62C0A
C0A672B6
C0A6BB5C
C0A70609
C0A752C9
C0A7A1A9
C0A7F2B6
C0A845FC
C0A89B8A
C0A8F36D
C0A94DB2
C0A9AA68
C0AA099D
C0AA6B5E
C0AACFB9
C0AB36BF
C0ABA07C
C0AC0D00
C0AC7C59
C0ACEE96
C0AD63C7
C0ADDBF9
C0AE573C
C0AED59E
C0AF572F
C0AFDBFD
C0B06417
C0B0EF8B
C0B17E68
C0B210BB
C0B2A694
C0B33FFF
C0B3DD0A
C0B47DC2
C0B52234
C0B5CA6B
C0B67675
C0B7265B
C0B7DA2A
C0B891EA
C0B94DA6
C0BA0D66
C0BAD133
C0BB9914
C0BC650E
C0BD3529
C0BE0968
C0BEE1D0
C0BFBE63
C0C09F23
C0C18410
C0C26D2B
C0C35A71
C0C44BE0
C0C54174
C0C63B28
C0C738F6
C0C83AD6
C0C940BF
C0CA4AA9
C0CB5886
C0CC6A4C
C0CD7FEC
C0CE9959
C0CFB682
C0D0D756
C0D1FBC5
C0D323BA
C0D44F22
C0D57DE8
C0D6AFF7
C0D7E539
C0D91D96
C0DA58F7
C0DB9743
C0DCD862
C0DE1C3A
C0DF62B2
C0E0ABB0
C0E1F719
C0E344D4
C0E494C6
C0E5E6D5
C0E73AE5
C0E890DD
C0E9E8A3
C0EB421D
C0EC9D31
C0EDF9C5
C0EF57C1
C0F0B70C
C0F2178E
C0F37930
C0F4DBD9
C0F63F75
C0F7A3EB
C0F90929
C0FA6F17
C0FBD5A4
C0FD3CBA
C0FEA447
C100061C
C100BA3F
C1016E83
C10222E0
C102D74F
C1038BC8
C1044045
C104F4BD
C105A92C
C1065D8B
C10711D4
C107C602
C1087A0F
C1092DF7
C109E1B6
C10A9547
C10B48A6
C10BFBCF
C10CAEC0
C10D6174
C10E13E9
C10EC61C
C10F780B
C11029B3
C110DB13
C1118C28
C1123CF1
C112ED6D
C1139D99
C1144D76
C114FD02
C115AC3C
C1165B24
C11709B9
C117B7FB
C11865E9
C1191384
C119C0CB
C11A6DBF
C11B1A5F
C11BC6AD
C11C72A8
C11D1E51
C11DC9A8
C11E74AE
C11F1F64
C11FC9CA
C12073E2
C1211DAC
C121C728
C1227059
C123193F
C123C1DA
C1246A2D
C1251238
C125B9FC
C126617A
C12708B4
C127AFAA
C128565F
C128FCD2
C129A306
C12A48FB
C12AEEB3
C12B942F
C12C3970
C12CDE77
C12D8346
C12E27DE
C12ECC40
C12F706D
C1301466
C130B82D
C1315BC3
C131FF28
C132A25F
C1334568
C133E844
C1348AF5
C1352D7B
C135CFD8
C136720D
C137141A
C137B601
C13857C3
C138F960
C09FE0EA
C09FEF2F
C09FFDE8
C0A00D19
C0A01CC5
C0A02CF0
C0A03D9E
C0A04ED3
C0A06092
C0A072E0
C0A085C1
C0A09939
C0A0AD4D
C0A0C200
C0A0D759
C0A0ED5B
C0A1040C
C0A11B70
C0A1338D
C0A14C68
C0A16607
C0A1806E
C0A19BA4
C0A1B7AF
C0A1D495
C0A1F25B
C0A21109
C0A230A4
C0A25133
C0A272BD
C0A2954A
C0A2B8DF
C0A2DD86
C0A30344
C0A32A22
C0A35227
C0A37B5C
C0A3A5C9
C0A3D177
C0A3FE6D
C0A42CB5
C0A45C58
C0A48D5E
C0A4BFD2
C0A4F3BD
C0A52929
C0A56020
C0A598AC
C0A5D2D8
C0A60EAE
C0A64C39
C0A68B85
C0A6CC9C
C0A70F8A
C0A7545C
C0A79B1C
C0A7E3D8
C0A82E9B
C0A87B72
C0A8CA6A
C0A91B90
C0A96EF1
C0A9C49B
C0AA1C9B
C0AA76FF
C0AAD3D4
C0AB3329
C0AB950C
C0ABF98C
C0AC60B7
C0ACCA9B
C0AD3747
C0ADA6CA
C0AE1933
C0AE8E91
C0AF06F3
C0AF8267
C0B000FD
C0B082C3
C0B107C8
C0B1901B
C0B21BCB
C0B2AAE6
C0B33D7A
C0B3D395
C0B46D45
C0B50A98
C0B5AB9A
C0B65059
C0B6F8E0
C0B7A53C
C0B85578
C0B9099F
C0B9C1BA
C0BA7DD5
C0BB3DF7
C0BC0228
C0BCCA71
C0BD96D7
C0BE6760
C0BF3C12
C0C014EF
C0C0F1FB
C0C1D338
C0C2B8A6
C0C3A245
C0C49014
C0C5820F
C0C67833
C0C7727B
C0C870E0
C0C9735C
C0CA79E5
C0CB8472
C0CC92F8
C0CDA569
C0CEBBBA
C0CFD5DB
C0D0F3BC
C0D2154D
C0D33A7C
C0D46335
C0D58F66
C0D6BEF9
C0D7F1D9
C0D927EF
C0DA6125
C0DB9D62
C0DCDC8F
C0DE1E91
C0DF6351
C0E0AAB5
C0E1F4A2
C0E340FE
C0E48FAF
C0E5E09A
C0E733A5
C0E888B5
C0E9DFB0
C0EB387B
C0EC92FD
C0EDEF1C
C0EF4CBE
C0F0ABCA
C0F20C28
C0F36DBE
C0F4D076
C0F63438
C0F798EE
C0F8FE81
C0FA64DB
C0FBCBE9
C0FD3395
C0FE9BCB
C100023D
C100B6C7
C1016B7C
C1022051
C102D541
C1038A42
C1043F4D
C104F45B
C105A965
C1065E65
C1071355
C107C82F
C1087CED
C109318A
C109E601
C10A9A4E
C10B4E6D
C10C0259
C10CB60E
C10D6989
C10E1CC8
C10ECFC6
C10F8281
C11034F7
C110E724
C1119908
C1124AA1
C112FBEB
C113ACE7
C1145D93
C1150DED
C115BDF5
C1166DA9
C1171D0A
C117CC16
C1187ACD
C119292F
C119D73C
C11A84F4
C11B3256
C11BDF64
C11C8C1D
C11D3881
C11DE491
C11E904F
C11F3BB9
C11FE6D1
C1209198
C1213C0F
C121E635
C122900D
C1233997
C123E2D4
C1248BC6
C125346D
C125DCCA
C12684DE
C1272CAB
C127D432
C1287B74
C1292272
C129C92E
C12A6FA8
C12B15E2
C12BBBDD
C12C619B
C12D071C
C12DAC61
C12E516D
C12EF640
C12F9ADC
C1303F41
C130E372
C131876E
C1322B38
C132CED1
C1337239
C1341572
C134B87D
C1355B5C
C135FE0E
C136A096
C13742F5
C137E52B
C138873A
C1392922
C139CAE5
C0A108AF
C0A116F5
C0A125AF
C0A134E0
C0A1448E
C0A154BA
C0A16569
C0A1769F
C0A18860
C0A19AAF
C0A1AD92
C0A1C10B
C0A1D521
C0A1E9D7
C0A1FF32
C0A21536
C0A22BEA
C0A24351
C0A25B70
C0A2744E
C0A28DF0
C0A2A85B
C0A2C395
C0A2DFA4
C0A2FC8D
C0A31A58
C0A3390A
C0A358AA
C0A3793F
C0A39ACF
C0A3BD61
C0A3E0FD
C0A405A9
C0A42B6F
C0A45254
C0A47A61
C0A4A39E
C0A4CE14
C0A4F9CA
C0A526C9
C0A5551B
C0A584C8
C0A5B5DA
C0A5E859
C0A61C50
C0A651C9
C0A688CD
C0A6C167
C0A6FBA1
C0A73787
C0A77522
C0A7B47E
C0A7F5A7
C0A838A8
C0A87D8D
C0A8C462
C0A90D32
C0A9580B
C0A9A4FA
C0A9F40A
C0AA4549
C0AA98C5
C0AAEE8A
C0AB46A6
C0ABA128
C0ABFE1C
C0AC5D92
C0ACBF97
C0AD243A
C0AD8B8A
C0ADF594
C0AE6268
C0AED215
C0AF44AA
C0AFBA35
C0B032C5
C0B0AE6A
C0B12D32
C0B1AF2D
C0B23469
C0B2BCF5
C0B348E0
C0B3D837
C0B46B0B
C0B50168
C0B59B5C
C0B638F6
C0B6DA41
C0B77F4C
C0B82822
C0B8D4CF
C0B9855F
C0BA39DD
C0BAF253
C0BBAECA
C0BC6F4C
C0BD33E1
C0BDFC90
C0BEC961
C0BF9A57
C0C06F7A
C0C148CB
C0C2264F
C0C30808
C0C3EDF5
C0C4D816
C0C5C66B
C0C6B8F1
C0C7AFA3
C0C8AA7D
C0C9A979
C0CAAC8E
C0CBB3B6
C0CCBEE4
C0CDCE10
C0CEE12C
C0CFF82B
C0D112FE
C0D23195
C0D353E1
C0D479CE
C0D5A34A
C0D6D042
C0D800A0
C0D9344E
C0DA6B38
C0DBA544
C0DCE25C
C0DE2267
C0DF654C
C0E0AAF2
C0E1F340
C0E33E1A
C0E48B67
C0E5DB0C
C0E72CEF
C0E880F5
C0E9D704
C0EB2F00
C0EC88D0
C0EDE459
C0EF4182
C0F0A030
C0F2004C
C0F361BB
C0F4C465
C0F62833
C0F78D0E
C0F8F2DD
C0FA598C
C0FBC103
C0FD292F
C0FE91FB
C0FFFB53
C100B292
C10167AE
C1021CF4
C102D25C
C10387DD
C1043D71
C104F30E
C105A8AF
C1065E4B
C10713DE
C107C95F
C1087ECA
C109341A
C109E947
C10A9E4F
C10B532C
C10C07D9
C10CBC53
C10D7095
C10E249D
C10ED867
C10F8BEF
C1103F34
C110F232
C111A4E7
C1125751
C113096D
C113BB3B
C1146CB9
C1151DE5
C115CEBE
C1167F44
C1172F74
C117DF4F
C1188ED4
C1193E03
C119ECDB
C11A9B5C
C11B4986
C11BF759
C11CA4D5
C11D51FB
C11DFECB
C11EAB45
C11F576A
C120033A
C120AEB7
C12159E0
C12204B7
C122AF3D
C1235972
C1240357
C124ACEE
C1255637
C125FF34
C126A7E5
C127504C
C127F86A
C128A040
C12947CF
C129EF18
C12A961E
C12B3CE0
C12BE360
C12C89A0
C12D2FA1
C12DD564
C12E7AE9
C12F2034
C12FC544
C1306A1B
C1310EBA
C131B323
C1325757
C132FB56
C1339F23
C13442BE
C134E629
C1358964
C1362C72
C136CF52
C1377207
C1381490
C138B6F0
C1395928
C139FB38
C13A9D22
C0A23149
C0A23F8F
C0A24E4A
C0A25D7D
C0A26D2B
C0A27D59
C0A28E09
C0A29F41
C0A2B103
C0A2C354
C0A2D638
C0A2E9B4
C0A2FDCB
C0A31283
C0A327E0
C0A33DE7
C0A3549D
C0A36C07
C0A3842A
C0A39D0B
C0A3B6B0
C0A3D11E
C0A3EC5C
C0A4086E
C0A4255C
C0A4432B
C0A461E2
C0A48187
C0A4A221
C0A4C3B6
C0A4E64F
C0A509F1
C0A52EA4
C0A55470
C0A57B5C
C0A5A371
C0A5CCB6
C0A5F734
C0A622F4
C0A64FFD
C0A67E58
C0A6AE10
C0A6DF2C
C0A711B7
C0A745BA
C0A77B3F
C0A7B251
C0A7EAF8
C0A82541
C0A86136
C0A89EE1
C0A8DE4E
C0A91F88
C0A9629C
C0A9A793
C0A9EE7C
C0AA3762
C0AA8251
C0AACF56
C0AB1E7E
C0AB6FD6
C0ABC36C
C0AC194C
C0AC7185
C0ACCC24
C0AD2937
C0AD88CD
C0ADEAF4
C0AE4FBA
C0AEB72E
C0AF215E
C0AF8E5A
C0AFFE30
C0B070EF
C0B0E6A6
C0B15F65
C0B1DB3A
C0B25A34
C0B2DC63
C0B361D5
C0B3EA99
C0B476BD
C0B50652
C0B59964
C0B63002
C0B6CA39
C0B76819
C0B809AC
C0B8AF02
C0B95825
C0BA0523
C0BAB606
C0BB6ADA
C0BC23A9
C0BCE07C
C0BDA15D
C0BE6654
C0BF2F68
C0BFFCA1
C0C0CE04
C0C1A395
C0C27D5A
C0C35B54
C0C43D86
C0C523F0
C0C60E93
C0C6FD6D
C0C7F07B
C0C8E7B9
C0C9E324
C0CAE2B3
C0CBE661
C0CCEE25
C0CDF9F4
C0CF09C3
C0D01D87
C0D13532
C0D250B6
C0D37002
C0D49306
C0D5B9B0
C0D6E3ED
C0D811A9
C0D942D0
C0DA774B
C0DBAF05
C0DCE9E6
C0DE27D7
C0DF68BF
C0E0AC85
C0E1F30F
C0E33C44
C0E4880A
C0E5D647
C0E726DF
C0E879B8
C0E9CEB7
C0EB25C3
C0EC7EBF
C0EDD992
C0EF3621
C0F09453
C0F1F40D
C0F35537
C0F4B7B7
C0F61B74
C0F78058
C0F8E649
C0FA4D32
C0FBB4FC
C0FD1D91
C0FE86DC
C0FFF0C7
C100ADA0
C101631A
C10218C7
C102CE9F
C103849A
C1043AAE
C104F0D4
C105A704
C1065D38
C1071367
C107C98C
C1087FA1
C109359E
C109EB7F
C10AA13F
C10B56D7
C10C0C44
C10CC181
C10D768A
C10E2B5B
C10EDFF1
C10F9447
C110485B
C110FC2B
C111AFB2
C11262F0
C11315E1
C113C884
C1147AD7
C1152CD8
C115DE86
C1168FE0
C11740E5
C117F193
C118A1EA
C11951EA
C11A0192
C11AB0E1
C11B5FD8
C11C0E76
C11CBCBC
C11D6AA9
C11E183E
C11EC57B
C11F7261
C1201EEF
C120CB28
C121770A
C1222298
C122CDD2
C12378B8
C124234C
C124CD8F
C1257781
C1262123
C126CA78
C127737F
C1281C3A
C128C4AB
C1296CD1
C12A14AF
C12ABC46
C12B6397
C12C0AA3
C12CB16C
C12D57F2
C12DFE38
C12EA43E
C12F4A05
C12FEF8F
C13094DE
C13139F2
C131DECD
C1328370
C13327DC
C133CC13
C1347015
C13513E5
C135B782
C1365AEF
C136FE2D
C137A13C
C138441E
C138E6D5
C1398960
C13A2BC2
C13ACDFB
C13B700C
C0A35AAF
C0A368F6
C0A377B2
C0A386E6
C0A39695
C0A3A6C4
C0A3B776
C0A3C8AE
C0A3DA72
C0A3ECC5
C0A3FFAB
C0A41328
C0A42742
C0A43BFC
C0A4515C
C0A46765
C0A47E1D
C0A4958A
C0A4ADB0
C0A4C694
C0A4E03C
C0A4FAAE
C0A515F0
C0A53207
C0A54EF9
C0A56CCC
C0A58B88
C0A5AB32
C0A5CBD1
C0A5ED6C
C0A6100A
C0A633B2
C0A6586C
C0A67E3F
C0A6A533
C0A6CD4F
C0A6F69C
C0A72123
C0A74CEB
C0A779FD
C0A7A863
C0A7D824
C0A8094C
C0A83BE2
C0A86FF1
C0A8A583
C0A8DCA1
C0A91557
C0A94FAE
C0A98BB2
C0A9C96D
C0AA08EA
C0AA4A36
C0AA8D5B
C0AAD266
C0AB1962
C0AB625D
C0ABAD61
C0ABFA7D
C0AC49BD
C0AC9B2E
C0ACEEDD
C0AD44D8
C0AD9D2D
C0ADF7E9
C0AE551B
C0AEB4D1
C0AF1719
C0AF7C01
C0AFE399
C0B04DEF
C0B0BB11
C0B12B10
C0B19DF9
C0B213DC
C0B28CC9
C0B308CD
C0B387F8
C0B40A5A
C0B49001
C0B518FD
C0B5A55B
C0B6352A
C0B6C87A
C0B75F58
C0B7F9D2
C0B897F6
C0B939D1
C0B9DF71
C0BA88E1
C0BB362D
C0BBE762
C0BC9C8B
C0BD55B1
C0BE12DF
C0BED41E
C0BF9975
C0C062EE
C0C1308D
C0C2025A
C0C2D859
C0C3B28F
C0C490FE
C0C573A8
C0C65A8E
C0C745B0
C0C8350D
C0C928A2
C0CA206B
C0CB1C64
C0CC1C86
C0CD20CA
C0CE2927
C0CF3594
C0D04606
C0D15A70
C0D272C5
C0D38EF7
C0D4AEF6
C0D5D2B0
C0D6FA14
C0D82510
C0D9538F
C0DA857C
C0DBBAC3
C0DCF34B
C0DE2EFF
C0DF6DC7
C0E0AF89
C0E1F42E
C0E33B9A
C0E485B6
C0E5D266
C0E7218F
C0E87319
C0E9C6E6
C0EB1CDE
C0EC74E4
C0EDCEDF
C0EF2AB4
C0F08848
C0F1E781
C0F34846
C0F4AA7C
C0F60E0C
C0F772DC
C0F8D8D4
C0FA3FDC
C0FBA7DE
C0FD10C3
C0FE7A74
C0FFE4DD
C100A7F4
C1015DC1
C10213CC
C102CA0B
C1038076
C1043703
C104EDAA
C105A463
C1065B26
C10711ED
C107C8B0
C1087F69
C1093610
C109ECA1
C10AA314
C10B5966
C10C0F91
C10CC58F
C10D7B5D
C10E30F6
C10EE657
C10F9B7B
C110505F
C1110500
C111B95C
C1126D6E
C1132136
C113D4B0
C11487DA
C1153AB3
C115ED3A
C1169F6C
C1175148
C11802CE
C118B3FC
C11964D1
C11A154D
C11AC570
C11B7538
C11C24A7
C11CD3BB
C11D8275
C11E30D5
C11EDEDB
C11F8C87
C12039DA
C120E6D4
C1219377
C1223FC1
C122EBB5
C1239753
C124429D
C124ED91
C1259833
C1264282
C126EC80
C127962F
C1283F8E
C128E89F
C1299163
C12A39DD
C12AE20B
C12B89F1
C12C3190
C12CD8E7
C12D7FFA
C12E26C8
C12ECD55
C12F739F
C13019AA
C130BF76
C1316505
C1320A58
C132AF70
C133544E
C133F8F4
C1349D64
C135419D
C135E5A2
C1368974
C1372D14
C137D083
C13873C3
C13916D4
C139B9B8
C13A5C70
C13AFEFD
C13BA160
C13C439A
C0A484D8
C0A49320
C0A4A1DD
C0A4B112
C0A4C0C3
C0A4D0F3
C0A4E1A6
C0A4F2E0
C0A504A5
C0A516FA
C0A529E2
C0A53D61
C0A5517D
C0A56639
C0A57B9B
C0A591A7
C0A5A862
C0A5BFD2
C0A5D7FA
C0A5F0E2
C0A60A8E
C0A62503
C0A64049
C0A65C63
C0A6795A
C0A69732
C0A6B5F2
C0A6D5A1
C0A6F645
C0A717E6
C0A73A8A
C0A75E38
C0A782F9
C0A7A8D3
C0A7CFCE
C0A7F7F2
C0A82147
C0A84BD6
C0A877A7
C0A8A4C2
C0A8D332
C0A902FE
C0A93430
C0A966D1
C0A99AEC
C0A9D08A
C0AA07B6
C0AA4079
C0AA7ADF
C0AAB6F1
C0AAF4BC
C0AB344A
C0AB75A7
C0ABB8DE
C0ABFDFC
C0AC450C
C0AC8E1A
C0ACD934
C0AD2667
C0AD75BE
C0ADC747
C0AE1B10
C0AE7125
C0AEC996
C0AF246F
C0AF81BF
C0AFE194
C0B043FD
C0B0A907
C0B110C2
C0B17B3D
C0B1E886
C0B258AC
C0B2CBBF
C0B341CE
C0B3BAE7
C0B4371A
C0B4B676
C0B5390A
C0B5BEE6
C0B64817
C0B6D4AE
C0B764B8
C0B7F845
C0B88F62
C0B92A1D
C0B9C885
C0BA6AA6
C0BB108E
C0BBBA4A
C0BC67E4
C0BD196A
C0BDCEE6
C0BE8863
C0BF45EA
C0C00784
C0C0CD3B
C0C19716
C0C2651B
C0C33751
C0C40DBC
C0C4E861
C0C5C743
C0C6AA64
C0C791C4
C0C87D63
C0C96D41
C0CA615B
C0CB59AD
C0CC5632
C0CD56E4
C0CE5BBD
C0CF64B2
C0D071BB
C0D182CD
C0D297DC
C0D3B0D9
C0D4CDB7
C0D5EE65
C0D712D4
C0D83AF1
C0D966A9
C0DA95E8
C0DBC89A
C0DCFEA9
C0DE37FF
C0DF7483
C0E0B41F
C0E1F6BA
C0E33C3B
C0E48488
C0E5CF88
C0E71D20
C0E86D35
C0E9BFAD
C0EB146E
C0EC6B5B
C0EDC45B
C0EF1F53
C0F07C28
C0F1DABF
C0F33AFE
C0F49CCC
C0F6000F
C0F764AD
C0F8CA8E
C0FA3199
C0FB99B8
C0FD02D1
C0FE6CD0
C0FFD79D
C100A192
C10157A7
C1020E05
C102C4A1
C1037B72
C104326E
C104E98E
C105A0C8
C1065815
C1070F6C
C107C6C7
C1087E1E
C109356A
C109ECA5
C10AA3C9
C10B5AD0
C10C11B5
C10CC872
C10D7F03
C10E3563
C10EEB8D
C10FA17E
C1105732
C1110CA6
C111C1D5
C11276BD
C1132B5C
C113DFAF
C11493B3
C1154767
C115FAC8
C116ADD5
C117608C
C11812EC
C118C4F5
C11976A4
C11A27F9
C11AD8F3
C11B8992
C11C39D6
C11CE9BE
C11D994A
C11E487A
C11EF74E
C11FA5C7
C12053E4
C12101A7
C121AF0F
C1225C1D
C12308D1
C123B52E
C1246132
C1250CE0
C125B837
C126633A
C1270DE9
C127B844
C128624E
C1290C06
C129B570
C12A5E8A
C12B0758
C12BAFD9
C12C5810
C12CFFFD
C12DA7A3
C12E4F01
C12EF619
C12F9CEE
C130437F
C130E9CF
C1318FDE
C13235AF
C132DB42
C1338098
C13425B4
C134CA96
C1356F3F
C13613B1
C136B7ED
C1375BF5
C137FFC9
C138A36C
C13946DD
C139EA1E
C13A8D31
C13B3017
C13BD2D0
C13C755E
C13D17C3
C0A5AFBC
C0A5BE06
C0A5CCC4
C0A5DBFA
C0A5EBAC
C0A5FBDD
C0A60C92
C0A61DCD
C0A62F94
C0A641EB
C0A654D4
C0A66856
C0A67C74
C0A69132
C0A6A697
C0A6BCA5
C0A6D363
C0A6EAD5
C0A70301
C0A71BEC
C0A7359B
C0A75014
C0A76B5D
C0A7877C
C0A7A477
C0A7C253
C0A7E118
C0A800CC
C0A82176
C0A8431C
C0A865C6
C0A8897B
C0A8AE42
C0A8D423
C0A8FB25
C0A92350
C0A94CAE
C0A97745
C0A9A31F
C0A9D044
C0A9FEBD
C0AA2E93
C0AA5FD0
C0AA927D
C0AAC6A3
C0AAFC4E
C0AB3386
C0AB6C57
C0ABA6CB
C0ABE2EC
C0AC20C6
C0AC6064
C0ACA1D2
C0ACE51B
C0AD2A4B
C0AD716F
C0ADBA92
C0AE05C1
C0AE5309
C0AEA277
C0AEF418
C0AF47FA
C0AF9E2A
C0AFF6B6
C0B051AC
C0B0AF19
C0B10F0D
C0B17196
C0B1D6C2
C0B23EA0
C0B2A93F
C0B316AE
C0B386FC
C0B3FA38
C0B47071
C0B4E9B6
C0B56617
C0B5E5A3
C0B66869
C0B6EE78
C0B777DF
C0B804AE
C0B894F2
C0B928BA
C0B9C015
C0BA5B11
C0BAF9BB
C0BB9C22
C0BC4251
C0BCEC57
C0BD9A3E
C0BE4C13
C0BF01E2
C0BFBBB3
C0C07992
C0C13B88
C0C2019C
C0C2CBD8
C0C39A41
C0C46CDE
C0C543B4
C0C61EC7
C0C6FE1A
C0C7E1AF
C0C8C987
C0C9B5A2
C0CAA600
C0CB9A9C
C0CC9375
C0CD9085
C0CE91C5
C0CF9730
C0D0A0BB
C0D1AE5F
C0D2C00E
C0D3D5BF
C0D4EF62
C0D60CEA
C0D72E46
C0D85367
C0D97C3A
C0DAA8AC
C0DBD8AA
C0DD0C1E
C0DE42F4
C0DF7D13
C0E0BA67
C0E1FAD5
C0E33E46
C0E484A2
C0E5CDCD
C0E719AE
C0E8682C
C0E9B92B
C0EB0C90
C0EC6241
C0EDBA23
C0EF141B
C0F0700E
C0F1CDE1
C0F32D7A
C0F48EBE
C0F5F193
C0F755E0
C0F8BB8B
C0FA227C
C0FB8A9A
C0FCF3CD
C0FE5DFE
C0FFC916
C1009A7F
C10150D1
C1020776
C102BE64
C1037591
C1042CF3
C104E482
C1059C35
C1065402
C1070BE2
C107C3CD
C1087BBC
C10933A7
C109EB87
C10AA357
C10B5B0F
C10C12AA
C10CCA23
C10D8174
C10E3898
C10EEF8A
C10FA646
C1105CC9
C111130E
C111C911
C1127ED0
C1133447
C113E973
C1149E53
C11552E2
C1160720
C116BB0B
C1176EA0
C11821DE
C118D4C4
C1198750
C11A3982
C11AEB58
C11B9CD3
C11C4DF0
C11CFEB1
C11DAF14
C11E5F1A
C11F0EC2
C11FBE0C
C1206CFA
C1211B8A
C121C9BD
C1227795
C1232510
C123D231
C1247EF7
C1252B64
C125D778
C1268335
C1272E9A
C127D9AA
C1288464
C1292ECB
C129D8E0
C12A82A3
C12B2C16
C12BD539
C12C7E0F
C12D2699
C12DCED7
C12E76CB
C12F1E77
C12FC5DB
C1306CF9
C13113D3
C131BA6A
C13260BE
C13306D2
C133ACA7
C134523E
C134F798
C1359CB7
C136419C
C136E648
C1378ABD
C1382EFC
C138D306
C13976DC
C13A1A80
C13ABDF3
C13B6137
C13C044B
C13CA733
C13D49ED
C13DEC7D
C0A6DB54
C0A6E99E
C0A6F85D
C0A70795
C0A71748
C0A7277B
C0A73831
C0A7496E
C0A75B37
C0A76D8F
C0A7807B
C0A793FE
C0A7A81E
C0A7BCDF
C0A7D246
C0A7E857
C0A7FF18
C0A8168D
C0A82EBC
C0A847AA
C0A8615C
C0A87BD9
C0A89726
C0A8B349
C0A8D048
C0A8EE29
C0A90CF3
C0A92CAC
C0A94D5B
C0A96F07
C0A991B7
C0A9B572
C0A9DA3F
C0AA0027
C0AA2730
C0AA4F63
C0AA78C9
C0AAA368
C0AACF4B
C0AAFC79
C0AB2AFB
C0AB5ADC
C0AB8C23
C0ABBEDB
C0ABF30E
C0AC28C4
C0AC6009
C0AC98E8
C0ACD369
C0AD0F99
C0AD4D83
C0AD8D31
C0ADCEB0
C0AE120A
C0AE574D
C0AE9E83
C0AEE7BA
C0AF32FE
C0AF805C
C0AFCFE1
C0B0219A
C0B07595
C0B0CBDE
C0B12485
C0B17F97
C0B1DD22
C0B23D34
C0B29FDD
C0B3052A
C0B36D2A
C0B3D7ED
C0B44581
C0B4B5F6
C0B5295A
C0B59FBD
C0B6192E
C0B695BC
C0B71577
C0B7986E
C0B81EB0
C0B8A84C
C0B93551
C0B9C5CE
C0BA59D1
C0BAF169
C0BB8CA4
C0BC2B90
C0BCCE3B
C0BD74B1
C0BE1EFF
C0BECD32
C0BF7F56
C0C03575
C0C0EF9A
C0C1ADCF
C0C2701E
C0C3368F
C0C4012A
C0C4CFF6
C0C5A2F8
C0C67A37
C0C755B6
C0C83578
C0C91980
C0CA01CF
C0CAEE64
C0CBDF3F
C0CCD45C
C0CDCDBA
C0CECB52
C0CFCD1F
C0D0D319
C0D1DD39
C0D2EB74
C0D3FDBF
C0D5140F
C0D62E56
C0D74C86
C0D86E8E
C0D9945F
C0DABDE5
C0DBEB10
C0DD1BC9
C0DE4FFE
C0DF8797
C0E0C27F
C0E2009E
C0E341DD
C0E48622
C0E5CD55
C0E7175D
C0E8641E
C0E9B37F
C0EB0565
C0EC59B6
C0EDB056
C0EF092A
C0F06418
C0F1C104
C0F31FD3
C0F4806C
C0F5E2B3
C0F7468E
C0F8ABE4
C0FA129B
C0FB7A9A
C0FCE3C9
C0FE4E10
C0FFB957
C10092C4
C1014945
C1020025
C102B759
C1036ED7
C1042695
C104DE89
C10596AA
C1064EEF
C107074F
C107BFC3
C1087842
C10930C5
C109E945
C10AA1BA
C10B5A1E
C10C126B
C10CCA9B
C10D82A8
C10E3A8C
C10EF244
C10FA9CA
C1106119
C111182E
C111CF05
C1128599
C1133BE9
C113F1EF
C114A7AA
C1155D17
C1161234
C116C6FE
C1177B73
C1182F91
C118E358
C11996C5
C11A49D7
C11AFC8D
C11BAEE6
C11C60E2
C11D1280
C11DC3BF
C11E749F
C11F2520
C11FD542
C1208505
C1213468
C121E36D
C1229214
C123405D
C123EE48
C1249BD6
C1254909
C125F5E0
C126A25C
C1274E7F
C127FA49
C128A5BC
C12950D8
C129FB9E
C12AA610
C12B502F
C12BF9FB
C12CA377
C12D4CA3
C12DF581
C12E9E12
C12F4657
C12FEE52
C1309604
C1313D6E
C131E492
C1328B71
C133320C
C133D865
C1347E7D
C1352456
C135C9F0
C1366F4E
C1371470
C137B958
C1385E07
C139027E
C139A6C0
C13A4ACC
C13AEEA5
C13B924B
C13C35C0
C13CD905
C13D7C1B
C13E1F03
C13EC1C0
C0A80797
C0A815E3
C0A824A3
C0A833DB
C0A84390
C0A853C4
C0A8647C
C0A875BB
C0A88785
C0A899DF
C0A8ACCD
C0A8C052
C0A8D475
C0A8E938
C0A8FEA1
C0A914B5
C0A92B78
C0A942F0
C0A95B22
C0A97414
C0A98DCA
C0A9A84A
C0A9C39B
C0A9DFC2
C0A9FCC5
C0AA1AAB
C0AA397A
C0AA5938
C0AA79EC
C0AA9B9E
C0AABE53
C0AAE214
C0AB06E8
C0AB2CD7
C0AB53E7
C0AB7C22
C0ABA58F
C0ABD037
C0ABFC22
C0AC295A
C0AC57E6
C0AC87D0
C0ACB922
C0ACEBE5
C0AD2023
C0AD55E6
C0AD8D38
C0ADC623
C0AE00B3
C0AE3CF1
C0AE7AEA
C0AEBAA8
C0AEFC37
C0AF3FA3
C0AF84F7
C0AFCC41
C0B0158C
C0B060E4
C0B0AE58
C0B0FDF3
C0B14FC4
C0B1A3D6
C0B1FA3A
C0B252FB
C0B2AE28
C0B30BD0
C0B36C00
C0B3CEC8
C0B43436
C0B49C58
C0B5073E
C0B574F7
C0B5E592
C0B6591E
C0B6CFAA
C0B74946
C0B7C601
C0B845EA
C0B8C911
C0B94F85
C0B9D955
C0BA6690
C0BAF744
C0BB8B81
C0BC2356
C0BCBECF
C0BD5DFC
C0BE00E9
C0BEA7A4
C0BF523A
C0C000B8
C0C0B328
C0C16996
C0C2240E
C0C2E298
C0C3A53F
C0C46C0B
C0C53703
C0C60630
C0C6D996
C0C7B13C
C0C88D25
C0C96D55
C0CA51CE
C0CB3A92
C0CC279F
C0CD18F5
C0CE0E92
C0CF0872
C0D00690
C0D108E7
C0D20F70
C0D31A21
C0D428F2
C0D53BD7
C0D652C4
C0D76DAC
C0D88C81
C0D9AF33
C0DAD5B1
C0DBFFE9
C0DD2DC9
C0DE5F3C
C0DF942E
C0E0CC89
C0E20837
C0E34720
C0E4892C
C0E5CE44
C0E7164C
C0E8612D
C0E9AECC
C0EAFF0F
C0EC51DA
C0EDA713
C0EEFEA0
C0F05864
C0F1B445
C0F31229
C0F471F3
C0F5D389
C0F736D1
C0F89BB1
C0FA020E
C0FB69CF
C0FCD2DB
C0FE3D1A
C0FFA873
C1008A67
C101410B
C101F819
C102AF87
C103674A
C1041F57
C104D7A6
C105902B
C10648DE
C10701B5
C107BAA9
C10873B1
C1092CC4
C109E5DB
C10A9EEF
C10B57F9
C10C10F2
C10CC9D4
C10D8299
C10E3B3B
C10EF3B4
C10FAC01
C110641B
C1111BFE
C111D3A6
C1128B0F
C1134236
C113F916
C114AFAE
C11565F9
C1161BF5
C116D19F
C11786F6
C1183BF7
C118F0A1
C119A4F1
C11A58E6
C11B0C7F
C11BBFBC
C11C729A
C11D2519
C11DD738
C11E88F7
C11F3A56
C11FEB54
C1209BF2
C1214C2E
C121FC0A
C122AB86
C1235AA1
C124095D
C124B7BA
C12565B8
C1261358
C126C09B
C1276D82
C1281A0E
C128C63E
C1297216
C12A1D95
C12AC8BC
C12B738E
C12C1E0A
C12CC832
C12D7208
C12E1B8D
C12EC4C1
C12F6DA6
C130163E
C130BE8A
C131668B
C1320E43
C132B5B3
C1335CDC
C13403BF
C134AA5F
C13550BC
C135F6D8
C1369CB5
C1374252
C137E7B3
C1388CD8
C13931C3
C139D675
C13A7AEF
C13B1F32
C13BC341
C13C671B
C13D0AC3
C13DAE3A
C13E5180
C13EF498
C13F9782
C0A9347E
C0A942CB
C0A9518D
C0A960C6
C0A9707C
C0A980B2
C0A9916B
C0A9A2AC
C0A9B478
C0A9C6D4
C0A9D9C3
C0A9ED4B
C0AA0170
C0AA1635
C0AA2BA1
C0AA41B7
C0AA587E
C0AA6FF9
C0AA882E
C0AAA123
C0AABADC
C0AAD560
C0AAF0B5
C0AB0CE0
C0AB29E8
C0AB47D2
C0AB66A5
C0AB8668
C0ABA722
C0ABC8D9
C0ABEB95
C0AC0F5C
C0AC3436
C0AC5A2B
C0AC8143
C0ACA985
C0ACD2FA
C0ACFDAA
C0AD299E
C0AD56DF
C0AD8574
C0ADB569
C0ADE6C5
C0AE1993
C0AE4DDC
C0AE83AB
C0AEBB09
C0AEF402
C0AF2E9F
C0AF6AEC
C0AFA8F4
C0AFE8C1
C0B02A61
C0B06DDE
C0B0B344
C0B0FAA0
C0B143FE
C0B18F6B
C0B1DCF4
C0B22CA5
C0B27E8D
C0B2D2B8
C0B32934
C0B3820F
C0B3DD58
C0B43B1C
C0B49B6A
C0B4FE51
C0B563DE
C0B5CC22
C0B6372B
C0B6A508
C0B715C8
C0B7897B
C0B80030
C0B879F6
C0B8F6DD
C0B976F3
C0B9FA4A
C0BA80EF
C0BB0AF1
C0BB9861
C0BC294D
C0BCBDC3
C0BD55D2
C0BDF189
C0BE90F5
C0BF3424
C0BFDB23
C0C08600
C0C134C6
C0C1E782
C0C29E3E
C0C35906
C0C417E4
C0C4DAE2
C0C5A207
C0C66D5B
C0C73CE7
C0C810B0
C0C8E8BB
C0C9C50D
C0CAA5A9
C0CB8A91
C0CC73C7
C0CD614A
C0CE531A
C0CF4934
C0D04394
C0D14237
C0D24516
C0D34C2A
C0D4576B
C0D566CF
C0D67A4B
C0D791D4
C0D8AD5B
C0D9CCD3
C0DAF02C
C0DC1755
C0DD423C
C0DE70CF
C0DFA2F9
C0E0D8A7
C0E211C1
C0E34E32
C0E48DE2
C0E5D0BA
C0E716A0
C0E85F7C
C0E9AB34
C0EAF9AE
C0EC4AD0
C0ED9E7E
C0EEF49E
C0F04D15
C0F1A7C7
C0F3049A
C0F46372
C0F5C435
C0F726C7
C0F88B0E
C0F9F0F0
C0FB5852
C0FCC11C
C0FE2B34
C0FF9681
C1008175
C101382D
C101EF5B
C102A6F6
C1035EF1
C1041742
C104CFDE
C10588BD
C10641D3
C106FB18
C107B482
C1086E08
C10927A4
C109E14B
C10A9AF7
C10B54A0
C10C0E3F
C10CC7CD
C10D8144
C10E3A9E
C10EF3D6
C10FACE4
C11065C6
C1111E74
C111D6EC
C1128F28
C1134725
C113FEDE
C114B651
C1156D7A
C1162456
C116DAE2
C117911C
C1184701
C118FC90
C119B1C5
C11A66A1
C11B1B20
C11BCF42
C11C8305
C11D3669
C11DE96D
C11E9C10
C11F4E51
C1200030
C120B1AD
C12162C8
C1221380
C122C3D6
C12373CA
C124235C
C124D28D
C125815D
C1262FCD
C126DDDD
C1278B8E
C12838E1
C128E5D7
C1299270
C12A3EAF
C12AEA92
C12B961D
C12C4150
C12CEC2C
C12D96B2
C12E40E3
C12EEAC2
C12F944E
C1303D8A
C130E677
C1318F15
C1323768
C132DF6F
C133872C
C1342EA1
C134D5CE
C1357CB7
C136235B
C136C9BC
C1376FDC
C13815BB
C138BB5D
C13960C0
C13A05E8
C13AAAD6
C13B4F8A
C13BF406
C13C984C
C13D3C5C
C13DE039
C13E83E2
C13F275B
C13FCAA3
C1406DBC
C0AA6203
C0AA7051
C0AA7F13
C0AA8E4F
C0AA9E06
C0AAAE3D
C0AABEF8
C0AAD03A
C0AAE208
C0AAF466
C0AB0757
C0AB1AE1
C0AB2F08
C0AB43D0
C0AB593E
C0AB6F57
C0AB8620
C0AB9D9E
C0ABB5D7
C0ABCECF
C0ABE88C
C0AC0314
C0AC1E6C
C0AC3A9B
C0AC57A7
C0AC7596
C0AC946E
C0ACB436
C0ACD4F5
C0ACF6B2
C0AD1973
C0AD3D40
C0AD6221
C0AD881D
C0ADAF3C
C0ADD786
C0AE0102
C0AE2BBB
C0AE57B7
C0AE8500
C0AEB39F
C0AEE39E
C0AF1504
C0AF47DD
C0AF7C31
C0AFB20C
C0AFE977
C0B0227C
C0B05D27
C0B09982
C0B0D798
C0B11776
C0B15925
C0B19CB3
C0B1E22B
C0B22999
C0B2730B
C0B2BE8C
C0B30C29
C0B35BF0
C0B3ADEE
C0B40231
C0B458C6
C0B4B1BB
C0B50D1E
C0B56AFE
C0B5CB69
C0B62E6E
C0B6941B
C0B6FC80
C0B767AB
C0B7D5AB
C0B84690
C0B8BA69
C0B93146
C0B9AB36
C0BA2848
C0BAA88B
C0BB2C10
C0BBB2E5
C0BC3D1A
C0BCCABE
C0BD5BDF
C0BDF08D
C0BE88D6
C0BF24C9
C0BFC473
C0C067E3
C0C10F25
C0C1BA47
C0C26955
C0C31C5B
C0C3D364
C0C48E7C
C0C54DAC
C0C610FE
C0C6D87B
C0C7A42A
C0C87414
C0C9483D
C0CA20AC
C0CAFD65
C0CBDE6B
C0CCC3C0
C0CDAD66
C0CE9B5E
C0CF8DA5
C0D0843A
C0D17F19
C0D27E3E
C0D381A3
C0D48940
C0D5950E
C0D6A504
C0D7B915
C0D8D136
C0D9ED5A
C0DB0D73
C0DC3170
C0DD5942
C0DE84D6
C0DFB419
C0E0E6F8
C0E21D5E
C0E35735
C0E49466
C0E5D4DB
C0E7187C
C0E85F2F
C0E9A8DC
C0EAF568
C0EC44BB
C0ED96B9
C0EEEB47
C0F0424B
C0F19BAA
C0F2F748
C0F4550A
C0F5B4D5
C0F7168E
C0F87A1A
C0F9DF5E
C0FB4640
C0FCAEA7
C0FE1877
C0FF8398
C10077F9
C1012EB5
C101E5F6
C1029DAF
C10355D4
C1040E5C
C104C73B
C1058066
C10639D4
C106F37B
C107AD51
C108674D
C1092167
C109DB95
C10A95D1
C10B5011
C10C0A4F
C10CC483
C10D7EA7
C10E38B4
C10EF2A3
C10FAC70
C1106615
C1111F8B
C111D8CF
C11291DC
C1134AAD
C114033E
C114BB8C
C1157392
C1162B4D
C116E2BB
C11799D8
C11850A3
C1190717
C119BD34
C11A72F7
C11B285F
C11BDD69
C11C9215
C11D4662
C11DFA4D
C11EADD7
C11F60FF
C12013C4
C120C625
C1217823
C12229BC
C122DAF2
C1238BC4
C1243C32
C124EC3D
C1259BE4
C1264B29
C126FA0C
C127A88E
C12856AF
C1290470
C129B1D2
C12A5ED6
C12B0B7D
C12BB7C8
C12C63B8
C12D0F4D
C12DBA8B
C12E6570
C12F0FFF
C12FBA3A
C1306420
C1310DB4
C131B6F8
C1325FEB
C1330890
C133B0E8
C13458F5
C13500B7
C135A831
C1364F63
C136F650
C1379CF8
C138435D
C138E980
C1398F63
C13A3507
C13ADA6E
C13B7F99
C13C2489
C13CC93F
C13D6DBD
C13E1205
C13EB617
C13F59F6
C13FFDA1
C140A11B
C1414464
C0AB901D
C0AB9E6C
C0ABAD30
C0ABBC6D
C0ABCC26
C0ABDC5E
C0ABED1B
C0ABFE5F
C0AC102F
C0AC228E
C0AC3582
C0AC490E
C0AC5D37
C0AC7201
C0AC8772
C0AC9D8E
C0ACB45A
C0ACCBDB
C0ACE416
C0ACFD11
C0AD16D2
C0AD315E
C0AD4CBA
C0AD68ED
C0AD85FD
C0ADA3F1
C0ADC2CD
C0ADE29B
C0AE035F
C0AE2521
C0AE47E8
C0AE6BBB
C0AE90A2
C0AEB6A5
C0AEDDCB
C0AF061C
C0AF2FA0
C0AF5A61
C0AF8665
C0AFB3B8
C0AFE260
C0B01268
C0B043D9
C0B076BC
C0B0AB1C
C0B0E102
C0B11879
C0B1518B
C0B18C43
C0B1C8AC
C0B206D1
C0B246BD
C0B2887D
C0B2CC1B
C0B311A4
C0B35925
C0B3A2A9
C0B3EE3E
C0B43BF0
C0B48BCC
C0B4DDE1
C0B5323B
C0B588E8
C0B5E1F6
C0B63D74
C0B69B70
C0B6FBF7
C0B75F19
C0B7C4E6
C0B82D6A
C0B898B7
C0B906DA
C0B977E3
C0B9EBE2
C0BA62E6
C0BADCFE
C0BB5A3B
C0BBDAAA
C0BC5E5C
C0BCE561
C0BD6FC7
C0BDFD9E
C0BE8EF4
C0BF23D9
C0BFBC5B
C0C05889
C0C0F871
C0C19C20
C0C243A4
C0C2EF09
C0C39E5E
C0C451AC
C0C50901
C0C5C467
C0C683E8
C0C7478D
C0C80F60
C0C8DB68
C0C9ABAD
C0CA8036
C0CB5906
C0CC3624
C0CD1792
C0CDFD53
C0CEE768
C0CFD5D2
C0D0C88E
C0D1BF9C
C0D2BAF8
C0D3BA9D
C0D4BE85
C0D5C6AA
C0D6D303
C0D7E387
C0D8F82B
C0DA10E2
C0DB2DA1
C0DC4E57
C0DD72F7
C0DE9B6F
C0DFC7AC
C0E0F79E
C0E22B2F
C0E3624B
C0E49CDC
C0E5DACB
C0E71C03
C0E86069
C0E9A7E7
C0EAF262
C0EC3FC0
C0ED8FE9
C0EEE2C1
C0F0382D
C0F19013
C0F2EA57
C0F446DE
C0F5A58D
C0F70648
C0F868F5
C0F9CD79
C0FB33B8
C0FC9B98
C0FE0500
C0FF6FD5
C1006DFF
C10124B1
C101DBF4
C10293BD
C1034BFF
C10404B0
C104BDC3
C105772F
C10630E9
C106EAE6
C107A51D
C1085F84
C1091A12
C109D4BE
C10A8F80
C10B4A4F
C10C0523
C10CBFF6
C10D7ABF
C10E3579
C10EF01B
C10FAAA1
C1106504
C1111F3E
C111D94B
C1129325
C1134CC7
C114062E
C114BF54
C1157836
C11630D0
C116E91F
C117A11F
C11858CF
C119102A
C119C730
C11A7DDC
C11B342E
C11BEA23
C11C9FBA
C11D54F2
C11E09C9
C11EBE3D
C11F724F
C12025FD
C120D947
C1218C2C
C1223EAB
C122F0C6
C123A27B
C12453CA
C12504B4
C125B539
C1266559
C1271515
C127C46E
C1287363
C12921F6
C129D027
C12A7DF7
C12B2B67
C12BD879
C12C852C
C12D3183
C12DDD7E
C12E891E
C12F3465
C12FDF54
C13089EC
C131342F
C131DE1D
C13287B8
C1333102
C133D9FC
C13482A7
C1352B05
C135D317
C1367ADE
C137225D
C137C993
C1387084
C1391730
C139BD98
C13A63BF
C13B09A5
C13BAF4C
C13C54B6
C13CF9E3
C13D9ED5
C13E438E
C13EE80E
C13F8C58
C140306C
C140D44C
C14177F8
C1421B74
C0ACBEC8
C0ACCD18
C0ACDBDD
C0ACEB1B
C0ACFAD5
C0AD0B0F
C0AD1BCE
C0AD2D13
C0AD3EE5
C0AD5146
C0AD643C
C0AD77CA
C0AD8BF5
C0ADA0C2
C0ADB636
C0ADCC54
C0ADE323
C0ADFAA7
C0AE12E5
C0AE2BE4
C0AE45A8
C0AE6037
C0AE7B97
C0AE97CF
C0AEB4E3
C0AED2DB
C0AEF1BC
C0AF118E
C0AF3258
C0AF541F
C0AF76EC
C0AF9AC5
C0AFBFB3
C0AFE5BC
C0B00CE9
C0B03541
C0B05ECD
C0B08996
C0B0B5A3
C0B0E2FE
C0B111AF
C0B141C1
C0B1733C
C0B1A629
C0B1DA94
C0B21086
C0B24809
C0B28127
C0B2BBED
C0B2F863
C0B33697
C0B37692
C0B3B861
C0B3FC10
C0B441AA
C0B4893C
C0B4D2D3
C0B51E7B
C0B56C41
C0B5BC33
C0B60E5E
C0B662CE
C0B6B993
C0B712BB
C0B76E52
C0B7CC68
C0B82D0C
C0B8904C
C0B8F636
C0B95EDA
C0B9CA48
C0BA388D
C0BAA9BA
C0BB1DDE
C0BB9508
C0BC0F49
C0BC8CAE
C0BD0D49
C0BD9128
C0BE185B
C0BEA2F1
C0BF30FA
C0BFC285
C0C0579F
C0C0F059
C0C18CC1
C0C22CE5
C0C2D0D2
C0C37896
C0C4243F
C0C4D3D8
C0C5876F
C0C63F0D
C0C6FAC0
C0C7BA8F
C0C87E87
C0C946AE
C0CA130E
C0CAE3AD
C0CBB893
C0CC91C4
C0CD6F44
C0CE5119
C0CF3743
C0D021C5
C0D1109E
C0D203CE
C0D2FB53
C0D3F729
C0D4F74C
C0D5FBB5
C0D7045F
C0D81141
C0D92252
C0DA3785
C0DB50D1
C0DC6E27
C0DD8F7A
C0DEB4B9
C0DFDDD4
C0E10AB9
C0E23B56
C0E36F96
C0E4A766
C0E5E2AE
C0E72159
C0E86350
C0E9A87A
C0EAF0BF
C0EC3C05
C0ED8A34
C0EEDB30
C0F02EDF
C0F18526
C0F2DDEB
C0F43912
C0F59680
C0F6F619
C0F857C3
C0F9BB61
C0FB20DA
C0FC8812
C0FDF0EE
C0FF5B55
C1006396
C1011A2E
C101D164
C102892D
C103417D
C103FA48
C104B382
C1056D21
C1062719
C106E160
C1079BEC
C10856B2
C10911AA
C109CCC9
C10A8808
C10B435C
C10BFEBF
C10CBA28
C10D758F
C10E30EE
C10EEC3D
C10FA775
C1106291
C1111D8A
C111D85B
C11292FE
C1134D6E
C11407A6
C114C1A3
C1157B5E
C11634D5
C116EE04
C117A6E8
C1185F7C
C11917BF
C119CFAD
C11A8743
C11B3E81
C11BF562
C11CABE6
C11D620B
C11E17D0
C11ECD32
C11F8231
C12036CC
C120EB02
C1219ED3
C122523D
C1230540
C123B7DD
C1246A12
C1251BE1
C125CD49
C1267E4A
C1272EE4
C127DF19
C1288EE9
C1293E53
C129ED59
C12A9BFC
C12B4A3D
C12BF81B
C12CA599
C12D52B7
C12DFF77
C12EABD9
C12F57DE
C1300389
C130AED9
C13159D1
C1320471
C132AEBC
C13358B1
C1340253
C134ABA4
C13554A4
C135FD54
C136A5B8
C1374DCE
C137F59A
C1389D1D
C1394458
C139EB4C
C13A91FC
C13B3868
C13BDE92
C13C847B
C13D2A24
C13DCF90
C13E74C0
C13F19B4
C13FBE6F
C14062F1
C141073D
C141AB53
C1424F34
C142F2E2
C0ADEDFB
C0ADFC4C
C0AE0B13
C0AE1A52
C0AE2A0E
C0AE3A4A
C0AE4B09
C0AE5C51
C0AE6E24
C0AE8088
C0AE9380
C0AEA710
C0AEBB3D
C0AED00D
C0AEE582
C0AEFBA4
C0AF1275
C0AF29FC
C0AF423E
C0AF5B40
C0AF7507
C0AF8F9A
C0AFAAFE
C0AFC739
C0AFE452
C0B0024E
C0B02135
C0B0410C
C0B061DA
C0B083A7
C0B0A679
C0B0CA59
C0B0EF4C
C0B1155C
C0B13C90
C0B164EF
C0B18E83
C0B1B953
C0B1E568
C0B212CC
C0B24187
C0B271A2
C0B2A326
C0B2D61F
C0B30A94
C0B34091
C0B37820
C0B3B14B
C0B3EC1D
C0B428A1
C0B466E3
C0B4A6ED
C0B4E8CB
C0B52C8A
C0B57235
C0B5B9D9
C0B60382
C0B64F3D
C0B69D17
C0B6ED1D
C0B73F5D
C0B793E5
C0B7EAC1
C0B84401
C0B89FB2
C0B8FDE2
C0B95EA2
C0B9C1FE
C0BA2806
C0BA90CA
C0BAFC57
C0BB6ABE
C0BBDC0E
C0BC5056
C0BCC7A6
C0BD420E
C0BDBF9C
C0BE4061
C0BEC46C
C0BF4BCD
C0BFD692
C0C064CC
C0C0F68A
C0C18BD9
C0C224CA
C0C2C16B
C0C361C9
C0C405F3
C0C4ADF7
C0C559E1
C0C609BE
C0C6BD9B
C0C77582
C0C8317F
C0C8F19D
C0C9B5E4
C0CA7E5E
C0CB4B14
C0CC1C0C
C0CCF14D
C0CDCADC
C0CEA8BE
C0CF8AF7
C0D07189
C0D15C76
C0D24BBD
C0D33F5E
C0D43758
C0D533A6
C0D63444
C0D7392D
C0D8425A
C0D94FC2
C0DA615C
C0DB771E
C0DC90FB
C0DDAEE6
C0DED0D2
C0DFF6AE
C0E1206A
C0E24DF4
C0E37F3A
C0E4B427
C0E5ECA7
C0E728A4
C0E86808
C0E9AABC
C0EAF0A6
C0EC39B0
C0ED85BF
C0EED4BA
C0F02687
C0F17B0B
C0F2D22B
C0F42BCC
C0F587D3
C0F6E625
C0F846A6
C0F9A93B
C0FB0DC9
C0FC7434
C0FDDC62
C0FF4638
C10058CE
C1010F3A
C101C653
C1027E0D
C103365B
C103EF31
C104A883
C1056247
C1061C70
C106D6F4
C10791C8
C1084CE1
C1090837
C109C3BE
C10A7F6F
C10B3B3F
C10BF726
C10CB31C
C10D6F19
C10E2B15
C10EE708
C10FA2ED
C1105EBB
C1111A6D
C111D5FD
C1129164
C1134C9D
C11407A4
C114C273
C1157D06
C1163757
C116F164
C117AB29
C11864A1
C1191DCA
C119D6A1
C11A8F22
C11B474B
C11BFF1A
C11CB68D
C11D6DA1
C11E2455
C11EDAA7
C11F9097
C1204622
C120FB47
C121B007
C122645F
C1231850
C123CBD9
C1247EF9
C12531B1
C125E401
C12695E8
C1274767
C127F87D
C128A92D
C1295975
C12A0957
C12AB8D2
C12B67E9
C12C169B
C12CC4EA
C12D72D6
C12E2061
C12ECD8B
C12F7A56
C13026C3
C130D2D2
C1317E86
C13229DF
C132D4DF
C1337F88
C13429D9
C134D3D6
C1357D7F
C13626D5
C136CFDB
C1377891
C13820F9
C138C915
C13970E5
C13A186C
C13ABFAB
C13B66A3
C13C0D55
C13CB3C4
C13D59F1
C13DFFDD
C13EA589
C13F4AF8
C13FF029
C1409520
C14139DD
C141DE61
C14282AE
C14326C5
C143CAA8
C0AF1DB2
C0AF2C04
C0AF3ACC
C0AF4A0D
C0AF59CA
C0AF6A07
C0AF7AC9
C0AF8C12
C0AF9DE7
C0AFB04D
C0AFC346
C0AFD6D9
C0AFEB09
C0AFFFDA
C0B01553
C0B02B76
C0B0424B
C0B059D5
C0B07219
C0B08B1F
C0B0A4EA
C0B0BF80
C0B0DAE8
C0B0F727
C0B11444
C0B13245
C0B15130
C0B1710B
C0B191DF
C0B1B3B1
C0B1D689
C0B1FA6F
C0B21F68
C0B2457F
C0B26CB9
C0B29520
C0B2BEBB
C0B2E993
C0B315B0
C0B3431C
C0B371E0
C0B3A204
C0B3D393
C0B40695
C0B43B15
C0B4711E
C0B4A8B8
C0B4E1EF
C0B51CCE
C0B55960
C0B597AF
C0B5D7C8
C0B619B5
C0B65D84
C0B6A33F
C0B6EAF4
C0B734AF
C0B7807D
C0B7CE6A
C0B81E85
C0B870DA
C0B8C578
C0B91C6B
C0B975C2
C0B9D18C
C0BA2FD7
C0BA90B1
C0BAF42A
C0BB5A4F
C0BBC331
C0BC2EDE
C0BC9D66
C0BD0ED8
C0BD8344
C0BDFAB9
C0BE7547
C0BEF2FE
C0BF73EC
C0BFF822
C0C07FAF
C0C10AA3
C0C1990D
C0C22AFD
C0C2C080
C0C359A7
C0C3F67F
C0C49717
C0C53B7D
C0C5E3BF
C0C68FE9
C0C74009
C0C7F42A
C0C8AC58
C0C9689F
C0CA2909
C0CAED9F
C0CBB66B
C0CC8374
C0CD54C3
C0CE2A5D
C0CF0449
C0CFE28B
C0D0C526
C0D1AC1E
C0D29773
C0D38727
C0D47B37
C0D573A3
C0D67067
C0D7717F
C0D876E5
C0D98092
C0DA8E7E
C0DBA0A0
C0DCB6ED
C0DDD159
C0DEEFD7
C0E01259
C0E138D0
C0E2632A
C0E39156
C0E4C342
C0E5F8D9
C0E73207
C0E86EB7
C0E9AED1
C0EAF23E
C0EC38E7
C0ED82B2
C0EECF88
C0F01F4D
C0F171E7
C0F2C73D
C0F41F33
C0F579AE
C0F6D692
C0F835C6
C0F9972C
C0FAFAAA
C0FC6024
C0FDC77F
C0FF30A1
C1004DB7
C10103E7
C101BAD2
C102726B
C1032AA7
C103E379
C1049CD4
C10556AE
C10610F9
C106CBAC
C10786BA
C108421A
C108FDC1
C109B9A5
C10A75BC
C10B31FC
C10BEE5E
C10CAAD7
C10D6760
C10E23F0
C10EE081
C10F9D09
C1105983
C11115E7
C111D22F
C1128E55
C1134A53
C1140623
C114C1C1
C1157D27
C1163850
C116F338
C117ADDC
C1186836
C1192244
C119DC02
C11A956E
C11B4E83
C11C0740
C11CBFA2
C11D77A6
C11E2F4C
C11EE690
C11F9D71
C12053EF
C1210A07
C121BFB9
C1227503
C12329E4
C123DE5E
C124926D
C1254613
C125F94F
C126AC21
C1275E89
C1281088
C128C21D
C1297348
C12A240B
C12AD465
C12B8458
C12C33E5
C12CE30B
C12D91CB
C12E4028
C12EEE21
C12F9BB8
C13048EE
C130F5C3
C131A23A
C1324E53
C132FA10
C133A572
C134507A
C134FB29
C135A582
C1364F85
C136F934
C137A290
C1384B9B
C138F456
C1399CC3
C13A44E3
C13AECB8
C13B9443
C13C3B85
C13CE280
C13D8936
C13E2FA8
C13ED5D8
C13F7BC6
C1402175
C140C6E6
C1416C1A
C1421112
C142B5D1
C1435A57
C143FEA5
C144A2BE
C0B04DE5
C0B05C39
C0B06B02
C0B07A45
C0B08A03
C0B09A42
C0B0AB05
C0B0BC50
C0B0CE27
C0B0E08F
C0B0F38A
C0B1071F
C0B11B51
C0B13025
C0B145A0
C0B15BC7
C0B1729E
C0B18A2A
C0B1A272
C0B1BB7B
C0B1D549
C0B1EFE3
C0B20B4F
C0B22792
C0B244B3
C0B262B8
C0B281A8
C0B2A188
C0B2C261
C0B2E439
C0B30716
C0B32B01
C0B35001
C0B3761E
C0B39D5F
C0B3C5CC
C0B3EF6F
C0B41A4E
C0B44674
C0B473E9
C0B4A2B5
C0B4D2E2
C0B5047B
C0B53787
C0B56C12
C0B5A225
C0B5D9CB
C0B6130E
C0B64DF9
C0B68A98
C0B6C8F5
C0B7091C
C0B74B18
C0B78EF6
C0B7D4C2
C0B81C88
C0B86654
C0B8B235
C0B90035
C0B95064
C0B9A2CE
C0B9F781
C0BA4E8B
C0BAA7FA
C0BB03DC
C0BB6240
C0BBC335
C0BC26C9
C0BC8D0B
C0BCF60B
C0BD61D7
C0BDD07F
C0BE4213
C0BEB6A2
C0BF2E3B
C0BFA8EF
C0C026CC
C0C0A7E3
C0C12C44
C0C1B3FD
C0C23F1E
C0C2CDB7
C0C35FD8
C0C3F58E
C0C48EE9
C0C52BF8
C0C5CCC9
C0C67169
C0C719E8
C0C7C651
C0C876B1
C0C92B16
C0C9E38A
C0CAA019
C0CB60CD
C0CC25B1
C0CCEECC
C0CDBC28
C0CE8DCC
C0CF63BE
C0D03E05
C0D11CA4
C0D1FFA0
C0D2E6FC
C0D3D2B8
C0D4C2D5
C0D5B753
C0D6B02F
C0D7AD67
C0D8AEF6
C0D9B4D6
C0DABF01
C0DBCD6F
C0DCE016
C0DDF6EC
C0DF11E4
C0E030F3
C0E15409
C0E27B17
C0E3A60D
C0E4D4D9
C0E60768
C0E73DA7
C0E87780
C0E9B4DF
C0EAF5AC
C0EC39D0
C0ED8134
C0EECBBF
C0F01957
C0F169E3
C0F2BD49
C0F4136E
C0F56C37
C0F6C788
C0F82548
C0F9855A
C0FAE7A2
C0FC4C06
C0FDB26B
C0FF1AB4
C1004263
C100F844
C101AEF0
C1026658
C1031E72
C103D72F
C1049083
C1054A63
C10604C2
C106BF94
C1077AD0
C1083668
C108F253
C109AE86
C10A6AF8
C10B279D
C10BE46D
C10CA160
C10D5E6B
C10E1B86
C10ED8AA
C10F95CE
C11052EB
C1110FFA
C111CCF4
C11289D2
C113468E
C1140323
C114BF8A
C1157BBF
C11637BB
C116F37C
C117AEFB
C1186A35
C1192527
C119DFCB
C11A9A1F
C11B5420
C11C0DCA
C11CC71B
C11D8010
C11E38A8
C11EF0DF
C11FA8B5
C1206027
C1211734
C121CDDA
C1228419
C12339EF
C123EF5C
C124A45F
C12558F7
C1260D24
C126C0E5
C127743C
C1282726
C128D9A6
C1298BBA
C12A3D64
C12AEEA3
C12B9F78
C12C4FE4
C12CFFE8
C12DAF83
C12E5EB8
C12F0D87
C12FBBF0
C13069F5
C1311798
C131C4D8
C13271B8
C1331E38
C133CA5A
C1347620
C1352189
C135CC99
C1367750
C13721AF
C137CBB8
C138756D
C1391ECE
C139C7DF
C13A709F
C13B1910
C13BC134
C13C690D
C13D109B
C13DB7E1
C13E5EE0
C13F0599
C13FAC0E
C1405240
C140F831
C1419DE2
C1424354
C142E88A
C1438D85
C1443245
C144D6CC
C1457B1D
C0B17E91
C0B18CE6
C0B19BB1
C0B1AAF4
C0B1BAB4
C0B1CAF5
C0B1DBB9
C0B1ED06
C0B1FEDF
C0B21148
C0B22446
C0B237DD
C0B24C11
C0B260E8
C0B27665
C0B28C8E
C0B2A368
C0B2BAF8
C0B2D343
C0B2EC4F
C0B30620
C0B320BE
C0B33C2D
C0B35875
C0B3759A
C0B393A3
C0B3B297
C0B3D27D
C0B3F35A
C0B41537
C0B4381A
C0B45C0B
C0B48111
C0B4A734
C0B4CE7B
C0B4F6F0
C0B52099
C0B54B81
C0B577AE
C0B5A52B
C0B5D400
C0B60437
C0B635D8
C0B668EE
C0B69D84
C0B6D3A1
C0B70B53
C0B744A2
C0B77F99
C0B7BC45
C0B7FAAF
C0B83AE4
C0B87CEF
C0B8C0DC
C0B906B8
C0B94E8E
C0B9986C
C0B9E45E
C0BA3272
C0BA82B4
C0BAD532
C0BB29FA
C0BB811A
C0BBDAA1
C0BC369B
C0BC9518
C0BCF627
C0BD59D6
C0BDC034
C0BE2951
C0BE953C
C0BF0404
C0BF75B8
C0BFEA69
C0C06226
C0C0DCFE
C0C15B02
C0C1DC41
C0C260CB
C0C2E8AF
C0C373FD
C0C402C4
C0C49514
C0C52AFC
C0C5C48B
C0C661D0
C0C702D8
C0C7A7B2
C0C8506B
C0C8FD12
C0C9ADB3
C0CA6259
C0CB1B12
C0CBD7E7
C0CC98E5
C0CD5E13
C0CE277D
C0CEF52A
C0CFC721
C0D09D6A
C0D17809
C0D25704
C0D33A5F
C0D4221C
C0D50E3D
C0D5FEC2
C0D6F3AB
C0D7ECF5
C0D8EA9F
C0D9ECA2
C0DAF2FB
C0DBFDA2
C0DD0C8F
C0DE1FB9
C0DF3715
C0E05297
C0E17234
C0E295DB
C0E3BD7F
C0E4E90E
C0E61876
C0E74BA6
C0E88289
C0E9BD0B
C0EAFB16
C0EC3C93
C0ED816C
C0EEC989
C0F014D0
C0F16328
C0F2B478
C0F408A6
C0F55F97
C0F6B930
C0F81556
C0F973ED
C0FAD4DB
C0FC3803
C0FD9D4A
C0FF0496
C10036E5
C100EC65
C101A2C0
C10259E6
C10311CB
C103CA63
C104839F
C1053D75
C105F7D8
C106B2BC
C1076E14
C10829D7
C108E5F8
C109A26E
C10A5F2D
C10B1C2B
C10BD95E
C10C96BD
C10D5440
C10E11DC
C10ECF89
C10F8D3F
C1104AF7
C11108A8
C111C64C
C11283DB
C113414F
C113FEA2
C114BBCE
C11578CC
C1163597
C116F22C
C117AE83
C1186A9A
C119266C
C119E1F4
C11A9D2F
C11B5819
C11C12B0
C11CCCF0
C11D86D6
C11E4060
C11EF98C
C11FB256
C1206ABE
C12122C2
C121DA5F
C1229195
C1234862
C123FEC6
C124B4BF
C1256A4D
C1261F6E
C126D424
C127886D
C1283C48
C128EFB8
C129A2BA
C12A554F
C12B0779
C12BB936
C12C6A88
C12D1B6E
C12DCBEB
C12E7BFE
C12F2BA8
C12FDAEB
C13089C6
C131383C
C131E64D
C13293FA
C1334145
C133EE2F
C1349AB8
C13546E3
C135F2B0
C1369E21
C1374938
C137F3F5
C1389E5A
C139486A
C139F224
C13A9B8B
C13B44A0
C13BED64
C13C95DA
C13D3E02
C13DE5DE
C13E8D70
C13F34B9
C13FDBBB
C1408277
C14128EE
C141CF23
C1427516
C1431AC9
C143C03E
C1446576
C1450A72
C145AF34
C14653BD
C0B2AFAF
C0B2BE05
C0B2CCD1
C0B2DC16
C0B2EBD8
C0B2FC1A
C0B30CE0
C0B31E2E
C0B33009
C0B34274
C0B35574
C0B3690D
C0B37D44
C0B3921D
C0B3A79D
C0B3BDC8
C0B3D4A5
C0B3EC38
C0B40486
C0B41D95
C0B4376A
C0B4520B
C0B46D7E
C0B489C9
C0B4A6F2
C0B4C500
C0B4E3F8
C0B503E3
C0B524C5
C0B546A7
C0B5698F
C0B58D86
C0B5B292
C0B5D8BB
C0B60009
C0B62884
C0B65235
C0B67D24
C0B6A959
C0B6D6DE
C0B705BC
C0B735FB
C0B767A6
C0B79AC6
C0B7CF65
C0B8058E
C0B83D4A
C0B876A5
C0B8B1A8
C0B8EE60
C0B92CD8
C0B96D1A
C0B9AF34
C0B9F330
C0BA391B
C0BA8102
C0BACAF1
C0BB16F4
C0BB651A
C0BBB570
C0BC0802
C0BC5CDF
C0BCB415
C0BD0DB1
C0BD69C3
C0BDC859
C0BE2981
C0BE8D4A
C0BEF3C4
C0BF5CFE
C0BFC906
C0C037ED
C0C0A9C2
C0C11E94
C0C19674
C0C21171
C0C28F9A
C0C31100
C0C395B2
C0C41DC0
C0C4A93A
C0C5382E
C0C5CAAD
C0C660C6
C0C6FA87
C0C79800
C0C8393E
C0C8DE51
C0C98745
C0CA3428
C0CAE506
C0CB99EE
C0CC52E9
C0CD1004
C0CDD149
C0CE96C2
C0CF6078
C0D02E73
C0D100BC
C0D1D759
C0D2B250
C0D391A5
C0D4755D
C0D55D7A
C0D649FD
C0D73AE8
C0D8303A
C0D929F0
C0DA2809
C0DB2A7F
C0DC314E
C0DD3C6E
C0DE4BD8
C0DF5F82
C0E07762
C0E1936C
C0E2B394
C0E3D7CA
C0E50000
C0E62C25
C0E75C28
C0E88FF6
C0E9C77A
C0EB02A2
C0EC4156
C0ED8381
C0EEC90C
C0F011DD
C0F15DDE
C0F2ACF3
C0F3FF05
C0F553F8
C0F6ABB2
C0F80618
C0F9630F
C0FAC27B
C0FC2442
C0FD8847
C0FEEE6F
C1002B4F
C100E05D
C1019654
C1024D26
C10304C5
C103BD26
C104763A
C1052FF6
C105EA4C
C106A531
C1076098
C1081C75
C108D8BF
C1099568
C10A5266
C10B0FB0
C10BCD3A
C10C8AFA
C10D48E8
C10E06F9
C10EC526
C10F8364
C11041AD
C110FFF8
C111BE3D
C1127C75
C1133A99
C113F8A3
C114B68C
C115744E
C11631E3
C116EF46
C117AC72
C1186961
C119260F
C119E278
C11A9E98
C11B5A6A
C11C15EC
C11CD119
C11D8BEF
C11E466B
C11F008B
C11FBA4B
C12073A9
C1212CA5
C121E53B
C1229D6A
C1235530
C1240C8D
C124C37F
C1257A06
C1263020
C126E5CD
C1279B0C
C1284FDE
C1290441
C129B836
C12A6BBC
C12B1ED5
C12BD17F
C12C83BC
C12D358C
C12DE6F0
C12E97E7
C12F4873
C12FF895
C130A84E
C131579D
C1320685
C132B506
C1336322
C13410DA
C134BE2E
C1356B21
C13617B3
C136C3E6
C1376FBA
C1381B33
C138C650
C1397114
C13A1B7F
C13AC594
C13B6F53
C13C18BF
C13CC1D8
C13D6AA1
C13E131B
C13EBB47
C13F6326
C1400ABC
C140B208
C141590C
C141FFCB
C142A645
C1434C7C
C143F271
C1449827
C1453D9D
C145E2D7
C14687D4
C1472C98
C0B3E13A
C0B3EF91
C0B3FE5E
C0B40DA5
C0B41D68
C0B42DAC
C0B43E74
C0B44FC4
C0B461A0
C0B4740E
C0B48710
C0B49AAB
C0B4AEE3
C0B4C3BF
C0B4D941
C0B4EF6F
C0B5064F
C0B51DE4
C0B53635
C0B54F47
C0B56920
C0B583C5
C0B59F3B
C0B5BB8A
C0B5D8B7
C0B5F6C9
C0B615C6
C0B635B5
C0B6569C
C0B67883
C0B69B71
C0B6BF6D
C0B6E47F
C0B70AAE
C0B73203
C0B75A85
C0B7843C
C0B7AF32
C0B7DB70
C0B808FC
C0B837E2
C0B8682A
C0B899DE
C0B8CD08
C0B901B1
C0B937E4
C0B96FAB
C0B9A911
C0B9E421
C0BA20E5
C0BA5F6A
C0BA9FBA
C0BAE1E1
C0BB25EC
C0BB6BE7
C0BBB3DD
C0BBFDDD
C0BC49F2
C0BC982A
C0BCE892
C0BD3B38
C0BD9029
C0BDE774
C0BE4127
C0BE9D50
C0BEFBFD
C0BF5D3E
C0BFC122
C0C027B7
C0C0910C
C0C0FD32
C0C16C37
C0C1DE2B
C0C2531E
C0C2CB20
C0C34640
C0C3C48E
C0C4461A
C0C4CAF4
C0C5532B
C0C5DECF
C0C66DF0
C0C7009D
C0C796E6
C0C830D8
C0C8CE84
C0C96FF8
C0CA1541
C0CABE6E
C0CB6B8C
C0CC1CA8
C0CCD1CE
C0CD8B0B
C0CE4869
C0CF09F4
C0CFCFB6
C0D099B7
C0D16800
C0D23A99
C0D31188
C0D3ECD4
C0D4CC82
C0D5B094
C0D6990F
C0D785F3
C0D87742
C0D96CFA
C0DA671B
C0DB65A0
C0DC6887
C0DD6FC9
C0DE7B61
C0DF8B45
C0E09F6D
C0E1B7CE
C0E2D45D
C0E3F50D
C0E519D0
C0E64296
C0E76F4E
C0E89FE8
C0E9D451
C0EB0C75
C0EC483F
C0ED879A
C0EECA70
C0F010A9
C0F15A2D
C0F2A6E4
C0F3F6B4
C0F54984
C0F69F39
C0F7F7B9
C0F952E9
C0FAB0AE
C0FC10ED
C0FD7389
C0FED868
C1001FB7
C100D43F
C10189C0
C102402B
C102F773
C103AF8B
C1046865
C10521F5
C105DC2E
C1069703
C1075269
C1080E52
C108CAB4
C1098782
C10A44B2
C10B0239
C10BC00C
C10C7E21
C10D3C6E
C10DFAE9
C10EB989
C10F7844
C1103714
C110F5EE
C111B4CB
C11273A4
C1133270
C113F129
C114AFC8
C1156E47
C1162CA0
C116EACC
C117A8C6
C1186689
C1192410
C119E156
C11A9E56
C11B5B0E
C11C1778
C11CD391
C11D8F55
C11E4AC2
C11F05D5
C11FC08A
C1207AE0
C12134D3
C121EE63
C122A78C
C123604E
C12418A6
C124D094
C1258816
C1263F2B
C126F5D3
C127AC0C
C12861D7
C1291732
C129CC1E
C12A809A
C12B34A7
C12BE844
C12C9B71
C12D4E30
C12E0080
C12EB261
C12F63D5
C13014DD
C130C578
C13175A8
C132256D
C132D4C9
C13383BD
C1343249
C134E06F
C1358E31
C1363B8E
C136E889
C1379524
C138415E
C138ED3A
C13998B9
C13A43DD
C13AEEA6
C13B9917
C13C4331
C13CECF5
C13D9666
C13E3F83
C13EE850
C13F90CE
C14038FD
C140E0E0
C1418879
C1422FC8
C142D6CF
C1437D90
C144240C
C144CA45
C145703D
C14615F4
C146BB6D
C14760A8
C14805A7
C0B5132D
C0B52186
C0B53054
C0B53F9C
C0B54F61
C0B55FA6
C0B5706F
C0B581C1
C0B593A0
C0B5A60F
C0B5B913
C0B5CCB0
C0B5E0EB
C0B5F5C9
C0B60B4D
C0B6217E
C0B63860
C0B64FF9
C0B6684D
C0B68162
C0B69B3E
C0B6B5E6
C0B6D160
C0B6EDB3
C0B70AE4
C0B728FA
C0B747FC
C0B767EF
C0B788DB
C0B7AAC7
C0B7CDBA
C0B7F1BC
C0B816D3
C0B83D08
C0B86463
C0B88CEC
C0B8B6AB
C0B8E1A8
C0B90DEC
C0B93B81
C0B96A6F
C0B99AC0
C0B9CC7D
C0B9FFB0
C0BA3463
C0BA6AA0
C0BAA272
C0BADBE3
C0BB16FE
C0BB53CF
C0BB9260
C0BBD2BD
C0BC14F2
C0BC590C
C0BC9F15
C0BCE71B
C0BD312B
C0BD7D51
C0BDCB9A
C0BE1C15
C0BE6ECE
C0BEC3D3
C0BF1B33
C0BF74FC
C0BFD13B
C0C03000
C0C09159
C0C0F556
C0C15C05
C0C1C577
C0C231B9
C0C2A0DC
C0C312EF
C0C38802
C0C40025
C0C47B68
C0C4F9DA
C0C57B8B
C0C6008B
C0C688EB
C0C714B9
C0C7A405
C0C836DF
C0C8CD56
C0C96779
C0CA0557
C0CAA6FE
C0CB4C7D
C0CBF5E2
C0CCA339
C0CD5491
C0CE09F5
C0CEC372
C0CF8113
C0D042E3
C0D108EB
C0D1D335
C0D2A1CA
C0D374B1
C0D44BF2
C0D52791
C0D60795
C0D6EC00
C0D7D4D7
C0D8C21A
C0D9B3CA
C0DAA9E7
C0DBA470
C0DCA360
C0DDA6B5
C0DEAE69
C0DFBA74
C0E0CAD1
C0E1DF74
C0E2F854
C0E41566
C0E5369B
C0E65BE7
C0E7853B
C0E8B284
C0E9E3B3
C0EB18B4
C0EC5174
C0ED8DDE
C0EECDDD
C0F0115A
C0F1583F
C0F2A272
C0F3EFDC
C0F54064
C0F693EF
C0F7EA63
C0F943A7
C0FA9F9E
C0FBFE2E
C0FD5F3C
C0FEC2AB
C1001430
C100C820
C1017D18
C102330A
C102E9E8
C103A1A5
C1045A33
C1051386
C105CD90
C1068845
C1074398
C107FF7D
C108BBE7
C10978CC
C10A361E
C10AF3D4
C10BB1E2
C10C703D
C10D2EDC
C10DEDB4
C10EACBC
C10F6BE9
C1102B34
C110EA93
C111A9FF
C112696E
C11328D9
C113E839
C114A786
C11566BB
C11625CF
C116E4BE
C117A380
C1186212
C119206C
C119DE8A
C11A9C68
C11B5A01
C11C1750
C11CD452
C11D9103
C11E4D5F
C11F0964
C11FC50D
C1208059
C1213B45
C121F5CE
C122AFF2
C12369B0
C1242305
C124DBF0
C1259470
C1264C83
C1270428
C127BB5F
C1287226
C129287D
C129DE64
C12A93DA
C12B48DF
C12BFD73
C12CB196
C12D6548
C12E1889
C12ECB5B
C12F7DBC
C1302FAF
C130E133
C1319249
C13242F2
C132F32F
C133A301
C1345269
C1350168
C135AFFF
C1365E2F
C1370BF9
C137B95F
C1386663
C1391305
C139BF46
C13A6B29
C13B16AE
C13BC1D8
C13C6CA7
C13D171D
C13DC13C
C13E6B05
C13F147A
C13FBD9C
C140666C
C1410EED
C141B720
C1425F06
C14306A2
C143ADF3
C14454FD
C144FBC1
C145A23F
C146487B
C146EE74
C147942D
C14839A7
C148DEE4
C0B64583
C0B653DD
C0B662AD
C0B671F7
C0B681BD
C0B69203
C0B6A2CF
C0B6B422
C0B6C603
C0B6D874
C0B6EB79
C0B6FF19
C0B71356
C0B72836
C0B73DBD
C0B753F1
C0B76AD5
C0B78271
C0B79AC8
C0B7B3E0
C0B7CDBF
C0B7E86A
C0B803E8
C0B8203F
C0B83D74
C0B85B8E
C0B87A94
C0B89A8C
C0B8BB7C
C0B8DD6D
C0B90066
C0B9246D
C0B9498A
C0B96FC5
C0B99726
C0B9BFB5
C0B9E97A
C0BA147F
C0BA40CB
C0BA6E67
C0BA9D5D
C0BACDB7
C0BAFF7C
C0BB32B9
C0BB6775
C0BB9DBC
C0BBD599
C0BC0F15
C0BC4A3B
C0BC8718
C0BCC5B5
C0BD061F
C0BD4862
C0BD8C89
C0BDD2A2
C0BE1AB7
C0BE64D7
C0BEB10D
C0BEFF68
C0BF4FF5
C0BFA2C0
C0BFF7D9
C0C04F4D
C0C0A92B
C0C10580
C0C1645C
C0C1C5CE
C0C229E3
C0C290AC
C0C2FA38
C0C36696
C0C3D5D6
C0C44808
C0C4BD3A
C0C5357E
C0C5B0E2
C0C62F77
C0C6B14D
C0C73673
C0C7BEFA
C0C84AF1
C0C8DA67
C0C96D6D
C0CA0412
C0CA9E64
C0CB3C73
C0CBDE4D
C0CC8401
C0CD2D9C
C0CDDB2C
C0CE8CBE
C0CF425F
C0CFFC1A
C0D0B9FC
C0D17C0F
C0D2425C
C0D30CEE
C0D3DBCD
C0D4AF01
C0D58691
C0D66282
C0D742DA
C0D8279C
C0D910CD
C0D9FE6C
C0DAF07C
C0DBE6FC
C0DCE1EA
C0DDE143
C0DEE504
C0DFED27
C0E0F9A5
C0E20A76
C0E31F93
C0E438EF
C0E55681
C0E6783A
C0E79E0D
C0E8C7EA
C0E9F5C2
C0EB2782
C0EC5D19
C0ED9672
C0EED379
C0F01419
C0F1583B
C0F29FC8
C0F3EAA8
C0F538C3
C0F689FE
C0F7DE42
C0F93573
C0FA8F76
C0FBEC31
C0FD4B89
C0FEAD63
C10008D1
C100BC15
C1017071
C10225D7
C102DC38
C1039388
C1044BB8
C10504BC
C105BE86
C1067909
C1073438
C107F008
C108AC6A
C1096955
C10A26BA
C10AE490
C10BA2CA
C10C615E
C10D2041
C10DDF69
C10E9ECB
C10F5E5E
C1101E18
C110DDF1
C1119DDF
C1125DDB
C1131DDB
C113DDD8
C1149DCB
C1155DAD
C1161D75
C116DD1F
C1179CA4
C1185BFD
C1191B25
C119DA16
C11A98CC
C11B5742
C11C1573
C11CD35A
C11D90F4
C11E4E3D
C11F0B31
C11FC7CE
C120840F
C1213FF2
C121FB74
C122B694
C123714E
C1242BA1
C124E58A
C1259F09
C126581C
C12710C1
C127C8F7
C12880BE
C1293814
C129EEF9
C12AA56D
C12B5B6E
C12C10FD
C12CC61A
C12D7AC5
C12E2EFD
C12EE2C3
C12F9618
C13048FB
C130FB6D
C131AD70
C1325F03
C1331027
C133C0DD
C1347127
C1352105
C135D078
C1367F81
C1372E22
C137DC5B
C1388A2E
C139379D
C139E4A8
C13A9151
C13B3D99
C13BE983
C13C950E
C13D403D
C13DEB12
C13E958D
C13F3FB1
C13FE97E
C14092F7
C1413C1C
C141E4F1
C1428D75
C14335AB
C143DD94
C1448532
C1452C87
C145D393
C1467A59
C14720D9
C147C716
C1486D12
C14912CC
C149B848
C0B77839
C0B78694
C0B79565
C0B7A4B0
C0B7B478
C0B7C4C0
C0B7D58D
C0B7E6E2
C0B7F8C4
C0B80B37
C0B81E3F
C0B831E0
C0B84620
C0B85B02
C0B8708C
C0B886C2
C0B89DA9
C0B8B547
C0B8CDA1
C0B8E6BC
C0B9009E
C0B91B4D
C0B936CF
C0B95329
C0B97062
C0B98E80
C0B9AD8A
C0B9CD86
C0B9EE7C
C0BA1072
C0BA336F
C0BA577B
C0BA7C9E
C0BAA2DF
C0BACA46
C0BAF2DB
C0BB1CA7
C0BB47B3
C0BB7406
C0BBA1AA
C0BBD0A8
C0BC010A
C0BC32D8
C0BC661D
C0BC9AE3
C0BCD134
C0BD091B
C0BD42A2
C0BD7DD3
C0BDBABB
C0BDF965
C0BE39DC
C0BE7C2C
C0BEC061
C0BF0687
C0BF4EAC
C0BF98DB
C0BFE522
C0C0338E
C0C0842C
C0C0D70A
C0C12C36
C0C183BE
C0C1DDB0
C0C23A1B
C0C2990E
C0C2FA96
C0C35EC4
C0C3C5A7
C0C42F4D
C0C49BC6
C0C50B22
C0C57D71
C0C5F2C2
C0C66B26
C0C6E6AB
C0C76563
C0C7E75C
C0C86CA7
C0C8F555
C0C98173
C0CA1113
C0CAA444
C0CB3B15
C0CBD595
C0CC73D4
C0CD15E0
C0CDBBC7
C0CE6597
C0CF135F
C0CFC52A
C0D07B06
C0D134FF
C0D1F320
C0D2B574
C0D37C05
C0D446DD
C0D51605
C0D5E983
C0D6C160
C0D79DA2
C0D87E4C
C0D96364
C0DA4CEC
C0DB3AE7
C0DC2D54
C0DD2434
C0DE1F86
C0DF1F45
C0E02370
C0E12BFF
C0E238ED
C0E34A32
C0E45FC5
C0E5799B
C0E697AA
C0E7B9E3
C0E8E03B
C0EA0AA0
C0EB3903
C0EC6B52
C0EDA17C
C0EEDB6B
C0F0190D
C0F15A4B
C0F29F0E
C0F3E741
C0F532CA
C0F68192
C0F7D37F
C0F92878
C0FA8062
C0FBDB22
C0FD389E
C0FE98BB
C0FFFB5D
C100B035
C10163E1
C10218A8
C102CE79
C1038549
C1043D08
C104F5AA
C105AF22
C1066961
C107245C
C107E005
C1089C4F
C109592E
C10A1697
C10AD47C
C10B92D4
C10C5191
C10D10AA
C10DD013
C10E8FC3
C10F4FAE
C1100FCC
C110D012
C1119078
C11250F4
C113117F
C113D210
C114929E
C1155324
C1161398
C116D3F5
C1179434
C118544E
C119143D
C119D3FB
C11A9384
C11B52D2
C11C11DF
C11CD0A8
C11D8F27
C11E4D5A
C11F0B3B
C11FC8C7
C12085FC
C12142D5
C121FF50
C122BB69
C1237720
C1243270
C124ED59
C125A7D8
C12661EB
C1271B92
C127D4CA
C1288D92
C12945EA
C129FDD1
C12AB545
C12B6C46
C12C22D5
C12CD8F0
C12D8E97
C12E43CA
C12EF88A
C12FACD6
C13060B0
C1311416
C131C70A
C132798D
C1332B9E
C133DD3F
C1348E71
C1353F34
C135EF8A
C1369F73
C1374EF0
C137FE03
C138ACAD
C1395AF0
C13A08CB
C13AB642
C13B6354
C13C1004
C13CBC53
C13D6842
C13E13D3
C13EBF08
C13F69E1
C1401461
C140BE89
C141685B
C14211D7
C142BB01
C14363D8
C1440C60
C144B499
C1455C85
C1460425
C146AB7C
C147528B
C147F952
C1489FD5
C1494614
C149EC11
C14A91CD
C0B8AB49
C0B8B9A5
C0B8C878
C0B8D7C4
C0B8E78D
C0B8F7D7
C0B908A5
C0B919FC
C0B92BE0
C0B93E55
C0B9515F
C0B96502
C0B97944
C0B98E28
C0B9A3B4
C0B9B9ED
C0B9D0D7
C0B9E878
C0BA00D4
C0BA19F3
C0BA33D8
C0BA4E8A
C0BA6A0F
C0BA866D
C0BAA3AA
C0BAC1CC
C0BAE0DA
C0BB00DB
C0BB21D5
C0BB43CF
C0BB66D2
C0BB8AE3
C0BBB00B
C0BBD652
C0BBFDBF
C0BC265B
C0BC502D
C0BC7B3F
C0BCA79A
C0BCD545
C0BD044B
C0BD34B5
C0BD668C
C0BD99DA
C0BDCEA9
C0BE0504
C0BE3CF4
C0BE7685
C0BEB1C2
C0BEEEB6
C0BF2D6B
C0BF6DEE
C0BFB04B
C0BFF48E
C0C03AC2
C0C082F5
C0C0CD34
C0C1198B
C0C16807
C0C1B8B6
C0C20BA6
C0C260E5
C0C2B881
C0C31287
C0C36F07
C0C3CE0F
C0C42FAF
C0C493F5
C0C4FAF0
C0C564AF
C0C5D143
C0C640BB
C0C6B327
C0C72896
C0C7A119
C0C81CBE
C0C89B97
C0C91DB4
C0C9A323
C0CA2BF6
C0CAB83C
C0CB4804
C0CBDB5F
C0CC725B
C0CD0D09
C0CDAB76
C0CE4DB2
C0CEF3CC
C0CF9DD0
C0D04BCD
C0D0FDD0
C0D1B3E6
C0D26E1B
C0D32C79
C0D3EF0E
C0D4B5E1
C0D580FE
C0D6506C
C0D72434
C0D7FC5D
C0D8D8EC
C0D9B9E7
C0DA9F53
C0DB8931
C0DC7784
C0DD6A4D
C0DE618C
C0DF5D3E
C0E05D62
C0E161F4
C0E26AEE
C0E37849
C0E489FF
C0E5A006
C0E6BA54
C0E7D8DD
C0E8FB95
C0EA226D
C0EB4D58
C0EC7C43
C0EDAF1F
C0EEE5D8
C0F0205C
C0F15E94
C0F2A06D
C0F3E5CF
C0F52EA5
C0F67AD4
C0F7CA47
C0F91CE2
C0FA728C
C0FBCB2C
C0FD26A7
C0FE84E1
C0FFE5BF
C100A493
C101577E
C1020B92
C102C0C1
C10376FD
C1042E39
C104E667
C1059F79
C1065963
C1071417
C107CF87
C1088BA7
C109486B
C10A05C6
C10AC3AB
C10B8210
C10C40E7
C10D0027
C10DBFC3
C10E7FB2
C10F3FE8
C110005B
C110C102
C11181D3
C11242C5
C11303CE
C113C4E8
C1148608
C1154727
C116083E
C116C945
C1178A36
C1184B09
C1190BB8
C119CC3C
C11A8C91
C11B4CB1
C11C0C96
C11CCC3B
C11D8B9B
C11E4AB3
C11F097E
C11FC7F8
C120861D
C12143E9
C122015B
C122BE6E
C1237B1F
C124376D
C124F355
C125AED4
C12669E9
C1272492
C127DECD
C1289899
C12951F5
C12A0ADF
C12AC356
C12B7B5B
C12C32EC
C12CEA08
C12DA0B0
C12E56E3
C12F0CA1
C12FC1E9
C13076BE
C1312B1D
C131DF08
C1329280
C1334584
C133F816
C134AA35
C1355BE4
C1360D22
C136BDF2
C1376E52
C1381E46
C138CDCD
C1397CEA
C13A2B9D
C13AD9E7
C13B87CB
C13C3549
C13CE262
C13D8F18
C13E3B6D
C13EE762
C13F92F9
C1403E33
C140E911
C1419395
C1423DC1
C142E797
C1439117
C1443A44
C144E31F
C1458BA9
C14633E5
C146DBD4
C1478377
C1482AD0
C148D1E0
C14978AA
C14A1F2F
C14AC56F
C14B6B6E
C0B9DEAF
C0B9ED0D
C0B9FBE1
C0BA0B2E
C0BA1AF9
C0BA2B44
C0BA3C14
C0BA4D6D
C0BA5F53
C0BA71C9
C0BA84D5
C0BA987A
C0BAACBE
C0BAC1A5
C0BAD733
C0BAED6E
C0BB045B
C0BB1BFE
C0BB345E
C0BB4D7F
C0BB6768
C0BB821D
C0BB9DA6
C0BBBA07
C0BBD747
C0BBF56E
C0BC1480
C0BC3485
C0BC5583
C0BC7782
C0BC9A8A
C0BCBEA0
C0BCE3CE
C0BD0A1A
C0BD318D
C0BD5A2F
C0BD8408
C0BDAF21
C0BDDB82
C0BE0935
C0BE3842
C0BE68B4
C0BE9A93
C0BECDEA
C0BF02C2
C0BF3926
C0BF7120
C0BFAABC
C0BFE603
C0C02302
C0C061C3
C0C0A253
C0C0E4BC
C0C1290C
C0C16F4E
C0C1B78F
C0C201DD
C0C24E43
C0C29CD0
C0C2ED90
C0C34091
C0C395E2
C0C3ED91
C0C447AB
C0C4A440
C0C5035E
C0C56513
C0C5C970
C0C63083
C0C69A5C
C0C7070A
C0C7769D
C0C7E925
C0C85EB1
C0C8D752
C0C95317
C0C9D211
C0CA5450
C0CAD9E2
C0CB62DA
C0CBEF45
C0CC7F35
C0CD12B9
C0CDA9E0
C0CE44B9
C0CEE355
C0CF85C0
C0D02C0A
C0D0D642
C0D18474
C0D236AD
C0D2ECFB
C0D3A76A
C0D46606
C0D528D8
C0D5EFED
C0D6BB4C
C0D78B00
C0D85F10
C0D93782
C0DA145E
C0DAF5A8
C0DBDB64
C0DCC597
C0DDB441
C0DEA763
C0DF9EFE
C0E09B10
C0E19B96
C0E2A08D
C0E3A9EF
C0E4B7B6
C0E5C9DA
C0E6E052
C0E7FB15
C0E91A16
C0EA3D49
C0EB64A1
C0EC900E
C0EDBF7F
C0EEF2E5
C0F02A2B
C0F1653F
C0F2A40C
C0F3E67D
C0F52C7B
C0F675F0
C0F7C2C3
C0F912DC
C0FA6622
C0FBBC7C
C0FD15CF
C0FE7200
C0FFD0F4
C1009949
C1014B5E
C101FEAC
C102B324
C10368BA
C1041F60
C104D706
C1058FA1
C1064923
C107037D
C107BEA3
C1087A88
C109371F
C109F45A
C10AB22F
C10B7090
C10C2F72
C10CEEC8
C10DAE88
C10E6EA7
C10F2F19
C10FEFD4
C110B0CF
C11171FE
C1123358
C112F4D5
C113B66B
C1147812
C11539C1
C115FB70
C116BD18
C1177EB1
C1184034
C119019B
C119C2DE
C11A83F8
C11B44E3
C11C0599
C11CC615
C11D8651
C11E464A
C11F05FA
C11FC55D
C120846F
C121432D
C1220192
C122BF9C
C1237D47
C1243A91
C124F777
C125B3F6
C126700D
C1272BB8
C127E6F7
C128A1C8
C1295C29
C12A1619
C12ACF96
C12B88A0
C12C4136
C12CF957
C12DB103
C12E6839
C12F1EF9
C12FD542
C1308B16
C1314073
C131F55A
C132A9CC
C1335DC8
C1341150
C134C463
C1357703
C1362931
C136DAEC
C1378C36
C1383D11
C138ED7C
C1399D7A
C13A4D0B
C13AFC30
C13BAAEC
C13C593E
C13D0729
C13DB4AE
C13E61CD
C13F0E8A
C13FBAE5
C14066DF
C141127B
C141BDB9
C142689C
C1431325
C143BD55
C144672E
C14510B2
C145B9E2
C14662BF
C1470B4D
C147B38B
C1485B7C
C1490322
C149AA7D
C14A5190
C14AF85B
C14B9EE2
C14C4524
C0BB1268
C0BB20C7
C0BB2F9C
C0BB3EEB
C0BB4EB7
C0BB5F04
C0BB6FD5
C0BB8130
C0BB9317
C0BBA590
C0BBB89D
C0BBCC45
C0BBE08B
C0BBF574
C0BC0B04
C0BC2142
C0BC3831
C0BC4FD7
C0BC6839
C0BC815E
C0BC9B49
C0BCB602
C0BCD18E
C0BCEDF3
C0BD0B37
C0BD2961
C0BD4877
C0BD6880
C0BD8983
C0BDAB87
C0BDCE93
C0BDF2AE
C0BE17E1
C0BE3E33
C0BE65AC
C0BE8E53
C0BEB833
C0BEE352
C0BF0FBA
C0BF3D74
C0BF6C89
C0BF9D02
C0BFCEEA
C0C00249
C0C0372A
C0C06D97
C0C0A59B
C0C0DF41
C0C11A93
C0C1579C
C0C19669
C0C1D704
C0C2197A
C0C25DD7
C0C2A426
C0C2EC76
C0C336D2
C0C38347
C0C3D1E4
C0C422B4
C0C475C7
C0C4CB2A
C0C522EB
C0C57D19
C0C5D9C1
C0C638F4
C0C69ABF
C0C6FF33
C0C7665D
C0C7D04F
C0C83D16
C0C8ACC4
C0C91F67
C0C99510
C0CA0DCE
C0CA89B3
C0CB08CC
C0CB8B2C
C0CC10E1
C0CC99FC
C0CD268D
C0CDB6A4
C0CE4A4F
C0CEE1A0
C0CF7CA4
C0D01B6C
C0D0BE06
C0D16480
C0D20EE9
C0D2BD4E
C0D36FBD
C0D42642
C0D4E0EA
C0D59FC1
C0D662D0
C0D72A24
C0D7F5C5
C0D8C5BC
C0D99A12
C0DA72CC
C0DB4FF3
C0DC318A
C0DD1796
C0DE021A
C0DEF119
C0DFE493
C0E0DC89
C0E1D8F8
C0E2D9DE
C0E3DF37
C0E4E8FF
C0E5F72E
C0E709BF
C0E820A6
C0E93BDB
C0EA5B52
C0EB7EFE
C0ECA6D2
C0EDD2BF
C0EF02B3
C0F0369F
C0F16E70
C0F2AA11
C0F3E970
C0F52C76
C0F6730D
C0F7BD1E
C0F90A92
C0FA5B4F
C0FBAF3E
C0FD0643
C0FE6045
C0FFBD2A
C1008E6B
C1013F97
C101F20C
C102A5BB
C1035A97
C1041093
C104C79F
C1057FB0
C10638B6
C106F2A4
C107AD6E
C1086905
C109255D
C109E268
C10AA01A
C10B5E67
C10C1D42
C10CDCA0
C10D9C74
C10E5CB3
C10F1D53
C10FDE47
C1109F87
C1116107
C11222BD
C112E4A0
C113A6A7
C11468C8
C1152AFB
C115ED38
C116AF76
C11771AE
C11833D8
C118F5ED
C119B7E7
C11A79BE
C11B3B6D
C11BFCED
C11CBE39
C11D7F4B
C11E401F
C11F00AF
C11FC0F7
C12080F2
C121409D
C121FFF3
C122BEF1
C1237D94
C1243BD8
C124F9BB
C125B739
C1267450
C12730FE
C127ED41
C128A917
C129647E
C12A1F75
C12AD9F9
C12B940B
C12C4DA8
C12D06D1
C12DBF83
C12E77C0
C12F2F85
C12FE6D3
C1309DAA
C1315409
C13209F1
C132BF61
C133745B
C13428DE
C134DCEA
C1359081
C13643A3
C136F651
C137A88B
C1385A52
C1390BA8
C139BC8D
C13A6D03
C13B1D0A
C13BCCA4
C13C7BD2
C13D2A95
C13DD8EF
C13E86E1
C13F346C
C13FE192
C1408E55
C1413AB5
C141E6B4
C1429255
C1433D98
C143E87F
C144930B
C1453D3F
C145E71C
C14690A3
C14739D6
C147E2B7
C1488B47
C1493387
C149DB7B
C14A8322
C14B2A80
C14BD194
C14C7862
C14D1EEA
C0BC466F
C0BC54D0
C0BC63A6
C0BC72F6
C0BC82C4
C0BC9312
C0BCA3E5
C0BCB541
C0BCC72A
C0BCD9A5
C0BCECB4
C0BD005E
C0BD14A6
C0BD2991
C0BD3F24
C0BD5564
C0BD6C55
C0BD83FE
C0BD9C63
C0BDB58A
C0BDCF79
C0BDEA35
C0BE05C4
C0BE222C
C0BE3F74
C0BE5DA1
C0BE7CBC
C0BE9CC9
C0BEBDD0
C0BEDFD9
C0BF02E9
C0BF270A
C0BF4C42
C0BF7299
C0BF9A17
C0BFC2C5
C0BFECAA
C0C017D0
C0C0443F
C0C07200
C0C0A11C
C0C0D19D
C0C1038C
C0C136F4
C0C16BDE
C0C1A254
C0C1DA61
C0C21411
C0C24F6D
C0C28C81
C0C2CB59
C0C30C00
C0C34E82
C0C392EB
C0C3D948
C0C421A5
C0C46C0F
C0C4B893
C0C5073F
C0C55820
C0C5AB43
C0C600B8
C0C6588B
C0C6B2CB
C0C70F88
C0C76ECF
C0C7D0AF
C0C83539
C0C89C7A
C0C90684
C0C97364
C0C9E32B
C0CA55E9
C0CACBAE
C0CB448A
C0CBC08C
C0CC3FC5
C0CCC245
C0CD481C
C0CDD15A
C0CE5E0F
C0CEEE4B
C0CF821D
C0D01996
C0D0B4C5
C0D153B8
C0D1F67F
C0D29D28
C0D347C1
C0D3F659
C0D4A8FB
C0D55FB7
C0D61A96
C0D6D9A6
C0D79CF2
C0D86483
C0D93064
C0DA009D
C0DAD537
C0DBAE38
C0DC8BA7
C0DD6D8A
C0DE53E4
C0DF3EB8
C0E02E0A
C0E121DA
C0E21A27
C0E316F1
C0E41835
C0E51DEF
C0E6281A
C0E736B0
C0E849AA
C0E960FE
C0EA7CA3
C0EB9C8D
C0ECC0B0
C0EDE8FD
C0EF1567
C0F045DC
C0F17A4C
C0F2B2A4
C0F3EED0
C0F52EBD
C0F67255
C0F7B982
C0F9042D
C0FA523E
C0FBA39D
C0FCF830
C0FE4FDE
C0FFAA8C
C1008411
C1013441
C101E5C9
C102989C
C1034CAB
C10401E9
C104B849
C1056FBB
C1062833
C106E1A3
C1079BFD
C1085734
C109133A
C109D003
C10A8D82
C10B4BA9
C10C0A6C
C10CC9C0
C10D8998
C10E49E8
C10F0AA6
C10FCBC4
C1108D3A
C1114EFC
C1121100
C112D33C
C11395A7
C1145836
C1151AE2
C115DDA0
C116A06A
C1176336
C11825FD
C118E8B7
C119AB5E
C11A6DE9
C11B3054
C11BF296
C11CB4AB
C11D768D
C11E3836
C11EF9A0
C11FBAC8
C1207BA7
C1213C3B
C121FC7E
C122BC6D
C1237C04
C1243B40
C124FA1D
C125B898
C12676AF
C127345F
C127F1A5
C128AE80
C1296AED
C12A26EB
C12AE278
C12B9D92
C12C5839
C12D126B
C12DCC27
C12E856C
C12F3E39
C12FF68F
C130AE6D
C13165D2
C1321CBF
C132D332
C133892E
C1343EB0
C134F3BB
C135A84E
C1365C6A
C1371010
C137C33F
C13875FA
C1392840
C139DA13
C13A8B74
C13B3C63
C13BECE2
C13C9CF2
C13D4C95
C13DFBCA
C13EAA95
C13F58F6
C14006EF
C140B480
C14161AC
C1420E74
C142BAD9
C14366DE
C1441283
C144BDCA
C14568B5
C1461345
C146BD7C
C147675C
C14810E6
C148BA1C
C1496300
C14A0B92
C14AB3D6
C14B5BCB
C14C0375
C14CAAD4
C14D51EB
C14DF8BA
C0BD7AC2
C0BD8923
C0BD97FB
C0BDA74D
C0BDB71B
C0BDC76B
C0BDD840
C0BDE99E
C0BDFB88
C0BE0E04
C0BE2116
C0BE34C1
C0BE490B
C0BE5DF9
C0BE738E
C0BE89D0
C0BEA0C4
C0BEB86F
C0BED0D7
C0BEEA01
C0BF03F3
C0BF1EB2
C0BF3A44
C0BF56B0
C0BF73FB
C0BF922C
C0BFB14A
C0BFD15C
C0BFF267
C0C01474
C0C03789
C0C05BAF
C0C080EC
C0C0A748
C0C0CECC
C0C0F77F
C0C1216B
C0C14C97
C0C1790C
C0C1A6D4
C0C1D5F7
C0C20680
C0C23877
C0C26BE7
C0C2A0D9
C0C2D758
C0C30F6F
C0C34928
C0C3848E
C0C3C1AC
C0C4008F
C0C44141
C0C483CF
C0C4C845
C0C50EAE
C0C55719
C0C5A191
C0C5EE23
C0C63CDE
C0C68DCF
C0C6E103
C0C73688
C0C78E6D
C0C7E8C0
C0C8458F
C0C8A4EA
C0C906E0
C0C96B7F
C0C9D2D7
C0CA3CF7
C0CAA9F0
C0CB19D0
C0CB8CA9
C0CC0288
C0CC7B80
C0CCF7A0
C0CD76F7
C0CDF997
C0CE7F8E
C0CF08EF
C0CF95C7
C0D02628
C0D0BA20
C0D151C1
C0D1ED18
C0D28C36
C0D32F29
C0D3D5FF
C0D480C8
C0D52F90
C0D5E266
C0D69955
C0D7546B
C0D813B4
C0D8D739
C0D99F07
C0DA6B26
C0DB3BA0
C0DC107C
C0DCE9C2
C0DDC778
C0DEA9A4
C0DF904A
C0E07B6D
C0E16B10
C0E25F33
C0E357D7
C0E454F9
C0E55699
C0E65CB1
C0E7673E
C0E87639
C0E9899A
C0EAA158
C0EBBD6A
C0ECDDC5
C0EE025B
C0EF2B20
C0F05804
C0F188F7
C0F2BDE8
C0F3F6C4
C0F53379
C0F673F1
C0F7B819
C0F8FFD9
C0FA4B1A
C0FB99C5
C0FCEBC1
C0FE40F6
C0FF994A
C1007A51
C1012972
C101D9FB
C1028BDD
C1033F0C
C103F37A
C104A918
C1055FDA
C10617B0
C106D08E
C1078A66
C108452A
C10900CD
C109BD41
C10A7A7A
C10B386A
C10BF704
C10CB63D
C10D7608
C10E3659
C10EF724
C10FB85D
C11079FA
C1113BF0
C111FE33
C112C0BA
C113837B
C114466B
C1150982
C115CCB6
C1168FFF
C1175354
C11816AD
C118DA03
C1199D4C
C11A6083
C11B23A0
C11BE69D
C11CA973
C11D6C1C
C11E2E93
C11EF0D1
C11FB2D2
C1207490
C1213607
C121F733
C122B80E
C1237896
C12438C6
C124F89A
C125B810
C1267725
C12735D5
C127F41D
C128B1FC
C1296F70
C12A2C75
C12AE90A
C12BA52E
C12C60DF
C12D1C1C
C12DD6E2
C12E9133
C12F4B0B
C130046C
C130BD53
C13175C2
C1322DB6
C132E531
C1339C32
C13452BA
C13508C7
C135BE5B
C1367376
C1372819
C137DC43
C1388FF7
C1394333
C139F5FA
C13AA84C
C13B5A29
C13C0B94
C13CBC8D
C13D6D15
C13E1D2E
C13ECCD8
C13F7C16
C1402AE8
C140D94F
C141874E
C14234E5
C142E217
C1438EE4
C1443B4E
C144E757
C1459301
C1463E4C
C146E93B
C14793CE
C1483E09
C148E7EC
C1499179
C14A3AB2
C14AE398
C14B8C2D
C14C3472
C14CDC6A
C14D8415
C14E2B76
C14ED28E
C0BEAF5C
C0BEBDBF
C0BECC98
C0BEDBEA
C0BEEBBB
C0BEFC0C
C0BF0CE2
C0BF1E41
C0BF302E
C0BF42AC
C0BF55BF
C0BF696C
C0BF7DB8
C0BF92A8
C0BFA83F
C0BFBE83
C0BFD57A
C0BFED28
C0C00592
C0C01EBF
C0C038B4
C0C05376
C0C06F0B
C0C08B7A
C0C0A8C9
C0C0C6FE
C0C0E620
C0C10635
C0C12745
C0C14956
C0C16C70
C0C1909A
C0C1B5DC
C0C1DC3D
C0C203C7
C0C22C80
C0C25671
C0C281A3
C0C2AE1F
C0C2DBED
C0C30B18
C0C33BA7
C0C36DA6
C0C3A11E
C0C3D618
C0C40CA0
C0C444C0
C0C47E82
C0C4B9F2
C0C4F71B
C0C53608
C0C576C5
C0C5B95F
C0C5FDE0
C0C64456
C0C68CCE
C0C6D753
C0C723F4
C0C772BE
C0C7C3BE
C0C81701
C0C86C97
C0C8C48D
C0C91EF2
C0C97BD5
C0C9DB43
C0CA3D4D
C0CAA201
C0CB096F
C0CB73A6
C0CBE0B6
C0CC50AF
C0CCC3A1
C0CD399B
C0CDB2AF
C0CE2EEB
C0CEAE60
C0CF311E
C0CFB736
C0D040B7
C0D0CDB2
C0D15E37
C0D1F254
C0D28A1B
C0D3259B
C0D3C4E2
C0D467FF
C0D50F02
C0D5B9F9
C0D668F1
C0D71BF8
C0D7D31B
C0D88E66
C0D94DE5
C0DA11A4
C0DAD9AC
C0DBA608
C0DC76C1
C0DD4BDE
C0DE2567
C0DF0363
C0DFE5D7
C0E0CCC7
C0E1B836
C0E2A828
C0E39C9D
C0E49594
C0E5930E
C0E69507
C0E79B7C
C0E8A667
C0E9B5C4
C0EAC98A
C0EBE1B0
C0ECFE2D
C0EE1EF6
C0EF43FE
C0F06D37
C0F19A92
C0F2CC00
C0F4016F
C0F53ACE
C0F67808
C0F7B909
C0F8FDBD
C0FA460C
C0FB91E1
C0FCE124
C0FE33BB
C0FF898E
C1007142
C1011F41
C101CEB7
C1027F97
C10331D2
C103E55C
C1049A26
C1055023
C1060745
C106BF7E
C10778C1
C10832FF
C108EE2B
C109AA38
C10A6718
C10B24BF
C10BE31F
C10CA22B
C10D61D8
C10E2218
C10EE2E0
C10FA424
C11065D8
C11127F2
C111EA66
C112AD29
C1137032
C1143375
C114F6EB
C115BA88
C1167E44
C1174216
C11805F5
C118C9DA
C1198DBC
C11A5194
C11B155B
C11BD908
C11C9C97
C11D5FFF
C11E233C
C11EE647
C11FA91B
C1206BB1
C1212E06
C121F014
C122B1D8
C123734B
C124346B
C124F534
C125B5A1
C12675B0
C127355E
C127F4A7
C128B389
C1297201
C12A300D
C12AEDAA
C12BAAD8
C12C6793
C12D23DB
C12DDFAE
C12E9B0B
C12F55F1
C130105E
C130CA52
C13183CC
C1323CCC
C132F552
C133AD5C
C13464EC
C1351C01
C135D29A
C13688B9
C1373E5E
C137F388
C138A839
C1395C72
C13A1032
C13AC37B
C13B764D
C13C28AA
C13CDA92
C13D8C06
C13E3D08
C13EED99
C13F9DBA
C1404D6C
C140FCB0
C141AB89
C14259F7
C14307FB
C143B598
C14462CF
C1450FA1
C145BC10
C146681D
C14713CB
C147BF1A
C1486A0C
C14914A3
C149BEE1
C14A68C7
C14B1257
C14BBB92
C14C647A
C14D0D11
C14DB559
C14E5D53
C14F0500
C14FAC63
C0BFE43A
C0BFF29E
C0C00178
C0C010CC
C0C0209E
C0C030F1
C0C041C8
C0C05329
C0C06517
C0C07797
C0C08AAC
C0C09E5B
C0C0B2A9
C0C0C79B
C0C0DD34
C0C0F37B
C0C10A74
C0C12224
C0C13A91
C0C153C1
C0C16DB8
C0C1887D
C0C1A416
C0C1C088
C0C1DDDA
C0C1FC13
C0C21B38
C0C23B51
C0C25C65
C0C27E7B
C0C2A199
C0C2C5C8
C0C2EB0E
C0C31175
C0C33904
C0C361C2
C0C38BB9
C0C3B6F1
C0C3E373
C0C41148
C0C4407A
C0C47110
C0C4A317
C0C4D696
C0C50B98
C0C54229
C0C57A51
C0C5B41D
C0C5EF96
C0C62CC9
C0C66BC1
C0C6AC89
C0C6EF2D
C0C733BA
C0C77A3D
C0C7C2C1
C0C80D54
C0C85A03
C0C8A8DB
C0C8F9E9
C0C94D3D
C0C9A2E3
C0C9FAEA
C0CA5560
C0CAB254
C0CB11D6
C0CB73F3
C0CBD8BC
C0CC403F
C0CCAA8D
C0CD17B4
C0CD87C5
C0CDFACF
C0CE70E4
C0CEEA12
C0CF666A
C0CFE5FC
C0D068D8
C0D0EF0F
C0D178B1
C0D205CD
C0D29675
C0D32AB7
C0D3C2A3
C0D45E49
C0D4FDB9
C0D5A100
C0D6482F
C0D6F352
C0D7A279
C0D855B0
C0D90D05
C0D9C884
C0DA8838
C0DB4C2E
C0DC1470
C0DCE107
C0DDB1FD
C0DE875A
C0DF6125
C0E03F64
C0E1221E
C0E20956
C0E2F511
C0E3E54F
C0E4DA13
C0E5D35D
C0E6D12C
C0E7D37C
C0E8DA4B
C0E9E594
C0EAF550
C0EC0978
C0ED2204
C0EE3EEA
C0EF601E
C0F08595
C0F1AF3F
C0F2DD10
C0F40EF6
C0F544E1
C0F67EBF
C0F7BC7B
C0F8FE02
C0FA433F
C0FB8C1C
C0FCD881
C0FE2858
C0FF7B87
C10068FB
C10115C5
C101C416
C10273DF
C1032514
C103D7A7
C1048B89
C10540AF
C105F709
C106AE89
C1076723
C10820C8
C108DB6B
C10996FE
C10A5374
C10B10BE
C10BCED1
C10C8DA0
C10D4D1C
C10E0D3B
C10ECDEF
C10F8F2C
C11050E8
C1111316
C111D5AA
C112989B
C1135BDD
C1141F65
C114E32B
C115A723
C1166B46
C1172F88
C117F3E2
C118B84B
C1197CBA
C11A4129
C11B058E
C11BC9E2
C11C8E20
C11D523F
C11E1639
C11EDA09
C11F9DA7
C120610F
C121243B
C121E726
C122A9CB
C1236C26
C1242E31
C124EFE9
C125B14A
C1267250
C12732F9
C127F33F
C128B322
C129729D
C12A31AE
C12AF053
C12BAE8A
C12C6C50
C12D29A3
C12DE683
C12EA2ED
C12F5EE1
C1301A5C
C130D55F
C1318FE8
C13249F6
C1330389
C133BCA0
C134753B
C1352D5B
C135E4FE
C1369C25
C13752D0
C13808FF
C138BEB3
C13973ED
C13A28AC
C13ADCF1
C13B90BE
C13C4412
C13CF6EF
C13DA956
C13E5B48
C13F0CC6
C13FBDD0
C1406E69
C1411E91
C141CE4B
C1427D96
C1432C75
C143DAE9
C14488F3
C1453695
C145E3D1
C14690A8
C1473D1B
C147E92C
C14894DD
C1494030
C149EB26
C14A95C0
C14B4001
C14BE9E9
C14C937C
C14D3CB9
C14DE5A4
C14E8E3D
C14F3687
C14FDE83
C1508632
C0C11959
C0C127BF
C0C1369A
C0C145EF
C0C155C2
C0C16616
C0C176F0
C0C18852
C0C19A42
C0C1ACC3
C0C1BFDA
C0C1D38B
C0C1E7DB
C0C1FCCE
C0C2126A
C0C228B3
C0C23FAE
C0C25761
C0C26FD1
C0C28903
C0C2A2FD
C0C2BDC5
C0C2D960
C0C2F5D6
C0C3132B
C0C33167
C0C35091
C0C370AE
C0C391C5
C0C3B3DF
C0C3D702
C0C3FB35
C0C42081
C0C446EC
C0C46E80
C0C49744
C0C4C140
C0C4EC7E
C0C51907
C0C546E2
C0C5761A
C0C5A6B8
C0C5D8C5
C0C60C4C
C0C64156
C0C677EF
C0C6B020
C0C6E9F4
C0C72577
C0C762B4
C0C7A1B5
C0C7E288
C0C82538
C0C869D0
C0C8B05F
C0C8F8EF
C0C9438F
C0C9904B
C0C9DF31
C0CA304E
C0CA83B1
C0CAD967
C0CB317E
C0CB8C06
C0CBE90C
C0CC48A0
C0CCAAD0
C0CD0FAD
C0CD7745
C0CDE1A8
C0CE4EE6
C0CEBF0E
C0CF3231
C0CFA85E
C0D021A6
C0D09E1A
C0D11DC8
C0D1A0C2
C0D22717
C0D2B0D8
C0D33E16
C0D3CEDF
C0D46344
C0D4FB55
C0D59721
C0D636B8
C0D6DA28
C0D78181
C0D82CD0
C0D8DC24
C0D98F8A
C0DA4710
C0DB02C1
C0DBC2AA
C0DC86D6
C0DD4F4F
C0DE1C21
C0DEED52
C0DFC2ED
C0E09CF8
C0E17B79
C0E25E77
C0E345F6
C0E431F9
C0E52283
C0E61795
C0E7112F
C0E80F50
C0E911F6
C0EA191D
C0EB24C0
C0EC34DA
C0ED4963
C0EE6252
C0EF7F9E
C0F0A13B
C0F1C71E
C0F2F138
C0F41F7B
C0F551D7
C0F6883B
C0F7C294
C0F900D0
C0FA42DA
C0FB889E
C0FCD204
C0FE1EF7
C0FF6F5F
C1006191
C1010D15
C101BA2D
C10268CE
C10318E9
C103CA71
C1047D59
C1053194
C105E712
C1069DC7
C10755A5
C1080E9E
C108C8A5
C10983AA
C10A3FA2
C10AFC7F
C10BBA32
C10C78B0
C10D37EB
C10DF7D6
C10EB865
C10F798B
C1103B3D
C110FD6E
C111C013
C1128321
C113468D
C1140A4C
C114CE54
C1159299
C1165714
C1171BBA
C117E081
C118A562
C1196A53
C11A2F4C
C11AF445
C11BB936
C11C7E18
C11D42E4
C11E0793
C11ECC1F
C11F9080
C12054B1
C12118AD
C121DC6E
C1229FEE
C1236329
C124261A
C124E8BD
C125AB0D
C1266D06
C1272EA5
C127EFE6
C128B0C6
C1297142
C12A3156
C12AF101
C12BB03F
C12C6F0F
C12D2D6E
C12DEB5B
C12EA8D3
C12F65D5
C1302260
C130DE72
C1319A0A
C1325529
C1330FCB
C133C9F2
C134839C
C1353CC9
C135F57A
C136ADAD
C1376562
C1381C9B
C138D357
C1398996
C13A3F59
C13AF4A0
C13BA96C
C13C5DBE
C13D1196
C13DC4F5
C13E77DD
C13F2A4D
C13FDC48
C1408DCF
C1413EE2
C141EF82
C1429FB2
C1434F72
C143FEC3
C144ADA8
C1455C22
C1460A31
C146B7D9
C1476519
C14811F4
C148BE6B
C1496A81
C14A1636
C14AC18C
C14B6C84
C14C1722
C14CC165
C14D6B50
C14E14E5
C14EBE25
C14F6712
C1500FAD
C150B7F9
C1515FF6
C0C24EB7
C0C25D1D
C0C26BFA
C0C27B50
C0C28B24
C0C29B7A
C0C2AC55
C0C2BDB9
C0C2CFAA
C0C2E22D
C0C2F545
C0C308F8
C0C31D4A
C0C33240
C0C347DD
C0C35E29
C0C37526
C0C38CDB
C0C3A54E
C0C3BE82
C0C3D87F
C0C3F34A
C0C40EE8
C0C42B61
C0C448BA
C0C466F9
C0C48626
C0C4A647
C0C4C762
C0C4E980
C0C50CA7
C0C530DF
C0C5562F
C0C57C9F
C0C5A438
C0C5CD01
C0C5F704
C0C62247
C0C64ED5
C0C67CB7
C0C6ABF6
C0C6DC9A
C0C70EAF
C0C7423D
C0C7774F
C0C7ADEF
C0C7E629
C0C82006
C0C85B92
C0C898D8
C0C8D7E3
C0C918C0
C0C95B7B
C0C9A01F
C0C9E6B8
C0CA2F55
C0CA7A02
C0CAC6CB
C0CB15BE
C0CB66EA
C0CBBA5B
C0CC1020
C0CC6848
C0CCC2E0
C0CD1FF8
C0CD7F9D
C0CDE1E1
C0CE46D1
C0CEAE7D
C0CF18F5
C0CF8649
C0CFF688
C0D069C2
C0D0E008
C0D1596A
C0D1D5F7
C0D255C1
C0D2D8D8
C0D35F4B
C0D3E92B
C0D47688
C0D50772
C0D59BFA
C0D6342E
C0D6D020
C0D76FDD
C0D81375
C0D8BAF6
C0D96670
C0DA15F1
C0DAC985
C0DB813A
C0DC3D1C
C0DCFD38
C0DDC198
C0DE8A48
C0DF5752
C0E028BE
C0E0FE94
C0E1D8DE
C0E2B7A0
C0E39AE0
C0E482A4
C0E56EEE
C0E65FC2
C0E7551F
C0E84F07
C0E94D79
C0EA5072
C0EB57EF
C0EC63EB
C0ED7460
C0EE8946
C0EFA296
C0F0C046
C0F1E24A
C0F30896
C0F4331D
C0F561D0
C0F6949F
C0F7CB79
C0F9064C
C0FA4505
C0FB8790
C0FCCDD7
C0FE17C4
C0FF6542
C1005B1C
C1010546
C101B114
C1025E79
C1030D68
C103BDD3
C1046FAE
C10522EA
C105D77A
C1068D50
C107445F
C107FC98
C108B5EF
C1097054
C10A2BBB
C10AE816
C10BA558
C10C6373
C10D2259
C10DE1FF
C10EA257
C10F6354
C11024EB
C110E710
C111A9B5
C1126CD1
C1133057
C113F43C
C114B876
C1157CFB
C11641C0
C11706BB
C117CBE3
C118912E
C1195694
C11A1C0B
C11AE18D
C11BA70F
C11C6C8C
C11D31FA
C11DF754
C11EBC92
C11F81AD
C120469F
C1210B63
C121CFF2
C1229446
C123585B
C1241C2C
C124DFB3
C125A2ED
C12665D4
C1272866
C127EA9D
C128AC77
C1296DF0
C12A2F05
C12AEFB3
C12BAFF7
C12C6FCF
C12D2F38
C12DEE30
C12EACB6
C12F6AC6
C1302861
C130E584
C131A22D
C1325E5D
C1331A11
C133D549
C1349005
C1354A43
C1360403
C136BD45
C1377609
C1382E4F
C138E616
C1399D5F
C13A542B
C13B0A78
C13BC049
C13C759E
C13D2A76
C13DDED4
C13E92B7
C13F4621
C13FF912
C140AB8C
C1415D90
C1420F1E
C142C039
C14370E1
C1442117
C144D0DD
C1458035
C1462F20
C146DD9F
C1478BB3
C148395F
C148E6A4
C1499383
C14A3FFE
C14AEC17
C14B97D0
C14C4329
C14CEE25
C14D98C5
C14E430B
C14EECF9
C14F9690
C1503FD2
C150E8C1
C151915E
C15239AB
C0C3844F
C0C392B7
C0C3A194
C0C3B0EC
C0C3C0C2
C0C3D119
C0C3E1F5
C0C3F35A
C0C4054D
C0C417D1
C0C42AEC
C0C43EA1
C0C452F4
C0C467EC
C0C47D8C
C0C493D9
C0C4AAD9
C0C4C290
C0C4DB05
C0C4F43C
C0C50E3C
C0C52909
C0C544AB
C0C56126
C0C57E83
C0C59CC5
C0C5BBF6
C0C5DC1A
C0C5FD39
C0C61F5B
C0C64286
C0C666C2
C0C68C17
C0C6B28C
C0C6DA2A
C0C702F8
C0C72D00
C0C75849
C0C784DD
C0C7B2C5
C0C7E20A
C0C812B5
C0C844D0
C0C87866
C0C8AD7F
C0C8E428
C0C91C69
C0C9564F
C0C991E4
C0C9CF33
C0CA0E48
C0CA4F2F
C0CA91F4
C0CAD6A2
C0CB1D48
C0CB65F0
C0CBB0A9
C0CBFD7F
C0CC4C80
C0CC9DB9
C0CCF139
C0CD470D
C0CD9F44
C0CDF9EC
C0CE5715
C0CEB6CC
C0CF1922
C0CF7E25
C0CFE5E5
C0D05071
C0D0BDDA
C0D12E30
C0D1A181
C0D217DF
C0D29159
C0D30E01
C0D38DE5
C0D41117
C0D497A7
C0D521A5
C0D5AF22
C0D6402C
C0D6D4D5
C0D76D2D
C0D80942
C0D8A924
C0D94CE3
C0D9F48D
C0DAA030
C0DB4FDB
C0DC039C
C0DCBB7F
C0DD7791
C0DE37DF
C0DEFC73
C0DFC558
C0E09298
C0E1643D
C0E23A4E
C0E314D4
C0E3F3D5
C0E4D757
C0E5BF5D
C0E6ABED
C0E79D08
C0E892AF
C0E98CE4
C0EA8BA4
C0EB8EEF
C0EC96BF
C0EDA311
C0EEB3DF
C0EFC922
C0F0E2D1
C0F200E2
C0F3234A
C0F449FD
C0F574EF
C0F6A40F
C0F7D74E
C0F90E9C
C0FA49E6
C0FB8918
C0FCCC20
C0FE12E8
C0FF5D5A
C10055AF
C100FE6F
C101A8E1
C10254F9
C10302A9
C103B1E4
C104629E
C10514C9
C105C857
C1067D3B
C1073367
C107EACE
C108A361
C1095D13
C10A17D7
C10AD39D
C10B905A
C10C4DFF
C10D0C7F
C10DCBCD
C10E8BDC
C10F4C9F
C1100E09
C110D00F
C11192A4
C11255BC
C113194C
C113DD49
C114A1A6
C115665A
C1162B5A
C116F09D
C117B617
C1187BBF
C119418D
C11A0776
C11ACD74
C11B937C
C11C5987
C11D1F8D
C11DE587
C11EAB6D
C11F7138
C12036E2
C120FC65
C121C1B9
C12286DA
C1234BC2
C124106B
C124D4D1
C12598EE
C1265CBE
C127203C
C127E365
C128A635
C12968A7
C12A2AB9
C12AEC67
C12BADAF
C12C6E8C
C12D2EFE
C12DEF00
C12EAE92
C12F6DB1
C1302C5B
C130EA8E
C131A849
C132658B
C1332252
C133DE9D
C1349A6C
C13555BD
C1361090
C136CAE4
C13784B9
C1383E0F
C138F6E6
C139AF3D
C13A6715
C13B1E6E
C13BD548
C13C8BA4
C13D4182
C13DF6E3
C13EABC7
C13F6030
C140141D
C140C791
C1417A8C
C1422D0E
C142DF1A
C14390B1
C14441D2
C144F281
C145A2BE
C146528B
C14701E8
C147B0D8
C1485F5C
C1490D75
C149BB26
C14A686E
C14B1552
C14BC1D1
C14C6DED
C14D19A8
C14DC505
C14E7003
C14F1AA6
C14FC4EF
C1506EDF
C1511878
C151C1BC
C1526AAD
C153134C
C0C4BA20
C0C4C888
C0C4D768
C0C4E6C1
C0C4F697
C0C506EF
C0C517CD
C0C52934
C0C53B28
C0C54DAE
C0C560CA
C0C57481
C0C588D7
C0C59DD0
C0C5B372
C0C5C9C1
C0C5E0C3
C0C5F87D
C0C610F4
C0C62A2E
C0C64430
C0C65F00
C0C67AA5
C0C69723
C0C6B483
C0C6D2C9
C0C6F1FC
C0C71224
C0C73347
C0C7556D
C0C7789C
C0C79CDC
C0C7C236
C0C7E8AF
C0C81052
C0C83925
C0C86332
C0C88E81
C0C8BB1B
C0C8E908
C0C91853
C0C94905
C0C97B27
C0C9AEC4
C0C9E3E5
C0CA1A95
C0CA52DE
C0CA8CCC
C0CAC869
C0CB05C2
C0CB44E0
C0CB85D1
C0CBC8A0
C0CC0D59
C0CC5409
C0CC9CBD
C0CCE782
C0CD3465
C0CD8372
C0CDD4B9
C0CE2847
C0CE7E2A
C0CED670
C0CF3128
C0CF8E61
C0CFEE2A
C0D05091
C0D0B5A7
C0D11D7A
C0D1881A
C0D1F598
C0D26603
C0D2D96A
C0D34FE0
C0D3C972
C0D44633
C0D4C631
C0D5497F
C0D5D02B
C0D65A46
C0D6E7E0
C0D7790A
C0D80DD4
C0D8A64D
C0D94285
C0D9E28C
C0DA8670
C0DB2E41
C0DBDA0D
C0DC89E2
C0DD3DCE
C0DDF5DF
C0DEB21F
C0DF729D
C0E03763
C0E1007B
C0E1CDF1
C0E29FCD
C0E37618
C0E450D9
C0E53018
C0E613D8
C0E6FC20
C0E7E8F4
C0E8DA54
C0E9D044
C0EACAC3
C0EBC9D0
C0ECCD69
C0EDD58C
C0EEE232
C0EFF357
C0F108F3
C0F222FE
C0F3416E
C0F46438
C0F58B51
C0F6B6AA
C0F7E634
C0F919E2
C0FA51A0
C0FB8D5E
C0FCCD08
C0FE108A
C0FF57D0
C1005161
C100F8A6
C101A1AA
C1024C62
C102F8C1
C103A6BA
C1045641
C1050747
C105B9C1
C1066DA0
C10722D6
C107D957
C1089114
C10949FF
C10A040C
C10ABF2B
C10B7B4F
C10C386C
C10CF672
C10DB556
C10E750A
C10F3580
C10FF6AC
C110B882
C1117AF5
C1123DF9
C1130183
C113C585
C11489F6
C1154ECA
C11613F7
C116D971
C1179F2F
C1186526
C1192B4E
C119F19D
C11AB809
C11B7E8A
C11C4518
C11D0BAA
C11DD238
C11E98BC
C11F5F2D
C1202585
C120EBBD
C121B1CF
C12277B4
C1233D66
C12402E0
C124C81D
C1258D16
C12651C8
C127162E
C127DA43
C1289E03
C129616A
C12A2475
C12AE720
C12BA967
C12C6B47
C12D2CBE
C12DEDC9
C12EAE66
C12F6E91
C1302E4A
C130ED8D
C131AC5A
C1326AAE
C1332888
C133E5E7
C134A2CA
C1355F2F
C1361B17
C136D67F
C1379168
C1384BD1
C13905BA
C139BF23
C13A780C
C13B3074
C13BE85B
C13C9FC3
C13D56AC
C13E0D15
C13EC2FF
C13F786C
C1402D5B
C140E1CF
C14195C6
C1424943
C142FC47
C143AED2
C14460E5
C1451283
C145C3AC
C1467461
C14724A4
C147D476
C14883D9
C14932CE
C149E157
C14A8F74
C14B3D29
C14BEA76
C14C975D
C14D43DF
C14DEFFF
C14E9BBD
C14F471C
C14FF21E
C1509CC3
C151470E
C151F100
C1529A9C
C15343E2
C153ECD4
C0C5F026
C0C5FE90
C0C60D70
C0C61CCB
C0C62CA3
C0C63CFC
C0C64DDB
C0C65F43
C0C67139
C0C683C1
C0C696DF
C0C6AA97
C0C6BEEE
C0C6D3E9
C0C6E98D
C0C6FFDF
C0C716E3
C0C72E9F
C0C74718
C0C76055
C0C77A59
C0C7952C
C0C7B0D4
C0C7CD55
C0C7EAB7
C0C80901
C0C82838
C0C84863
C0C8698A
C0C88BB3
C0C8AEE6
C0C8D32B
C0C8F888
C0C91F07
C0C946AE
C0C96F86
C0C99998
C0C9C4EC
C0C9F18B
C0CA1F7F
C0CA4ED0
C0CA7F88
C0CAB1B1
C0CAE554
C0CB1A7C
C0CB5134
C0CB8985
C0CBC37B
C0CBFF21
C0CC3C82
C0CC7BAA
C0CCBCA4
C0CCFF7D
C0CD4440
C0CD8AFB
C0CDD3BA
C0CE1E8B
C0CE6B79
C0CEBA94
C0CF0BE8
C0CF5F83
C0CFB574
C0D00DC9
C0D06891
C0D0C5DA
C0D125B3
C0D1882C
C0D1ED53
C0D25539
C0D2BFED
C0D32D7F
C0D39DFE
C0D4117C
C0D48808
C0D501B2
C0D57E8B
C0D5FEA3
C0D6820B
C0D708D2
C0D79309
C0D820C1
C0D8B20A
C0D946F3
C0D9DF8D
C0DA7BE8
C0DB1C12
C0DBC01B
C0DC6812
C0DD1405
C0DDC403
C0DE7819
C0DF3055
C0DFECC4
C0E0AD70
C0E17267
C0E23BB2
C0E3095C
C0E3DB6E
C0E4B1F0
C0E58CEB
C0E66C65
C0E75063
C0E838EB
C0E92600
C0EA17A5
C0EB0DDB
C0EC08A2
C0ED07FA
C0EE0BE1
C0EF1453
C0F0214B
C0F132C5
C0F248B8
C0F3631D
C0F481EA
C0F5A514
C0F6CC8F
C0F7F84D
C0F92840
C0FA5C58
C0FB9485
C0FCD0B4
C0FE10D3
C0FF54CD
C1004E47
C100F3FF
C1019B85
C10244CC
C102EFC8
C1039C6D
C1044AAD
C104FA7D
C105ABCF
C1065E96
C10712C4
C107C84C
C1087F1F
C1093730
C109F072
C10AAAD7
C10B6650
C10C22D1
C10CE04B
C10D9EB2
C10E5DF8
C10F1E0F
C10FDEEB
C110A07F
C11162BF
C112259D
C112E90F
C113AD07
C114717B
C115365F
C115FBA8
C116C14B
C117873D
C1184D76
C11913E9
C119DA8E
C11AA15C
C11B6849
C11C2F4D
C11CF65F
C11DBD77
C11E848D
C11F4B99
C1201294
C120D978
C121A03D
C12266DC
C1232D50
C123F393
C124B99E
C1257F6D
C12644FA
C1270A41
C127CF3B
C12893E6
C129583D
C12A1C3C
C12ADFDE
C12BA321
C12C6601
C12D287A
C12DEA8B
C12EAC2F
C12F6D65
C1302E2B
C130EE7D
C131AE5A
C1326DC0
C1332CAD
C133EB21
C134A918
C1356693
C1362390
C136E00F
C1379C0E
C138578C
C139128B
C139CD08
C13A8704
C13B407E
C13BF977
C13CB1EF
C13D69E6
C13E215C
C13ED852
C13F8EC7
C14044BE
C140FA36
C141AF30
C14263AD
C14317AE
C143CB34
C1447E3F
C14530D2
C145E2ED
C1469492
C14745C1
C147F67C
C148A6C5
C149569D
C14A0605
C14AB4FF
C14B638C
C14C11AE
C14CBF66
C14D6CB7
C14E19A1
C14EC627
C14F724A
C1501E0B
C150C96D
C1517471
C1521F19
C152C966
C153735A
C1541CF7
C154C63F
C0C72660
C0C734CB
C0C743AC
C0C75308
C0C762E1
C0C7733C
C0C7841C
C0C79586
C0C7A77D
C0C7BA06
C0C7CD26
C0C7E0E0
C0C7F539
C0C80A36
C0C81FDC
C0C8362F
C0C84D35
C0C864F4
C0C87D6F
C0C896AE
C0C8B0B5
C0C8CB8B
C0C8E735
C0C903B9
C0C9211F
C0C93F6B
C0C95EA5
C0C97ED4
C0C99FFE
C0C9C22C
C0C9E563
C0CA09AB
C0CA2F0D
C0CA558F
C0CA7D3B
C0CAA618
C0CAD02F
C0CAFB89
C0CB282D
C0CB5626
C0CB857D
C0CBB63B
C0CBE86B
C0CC1C15
C0CC5144
C0CC8802
C0CCC05B
C0CCFA59
C0CD3607
C0CD7371
C0CDB2A1
C0CDF3A5
C0CE3687
C0CE7B55
C0CEC21B
C0CF0AE5
C0CF55C0
C0CFA2BB
C0CFF1E2
C0D04342
C0D096EB
C0D0ECEA
C0D1454D
C0D1A024
C0D1FD7C
C0D25D66
C0D2BFEF
C0D32528
C0D38D20
C0D3F7E7
C0D4658D
C0D4D621
C0D549B4
C0D5C055
C0D63A17
C0D6B707
C0D73738
C0D7BAB9
C0D8419B
C0D8CBEE
C0D959C3
C0D9EB29
C0DA8031
C0DB18EB
C0DBB567
C0DC55B3
C0DCF9E0
C0DDA1FC
C0DE4E16
C0DEFE3C
C0DFB27B
C0E06AE2
C0E1277C
C0E1E856
C0E2AD7C
C0E376F8
C0E444D5
C0E5171B
C0E5EDD4
C0E6C907
C0E7A8BB
C0E88CF6
C0E975BB
C0EA6311
C0EB54F7
C0EC4B72
C0ED4680
C0EE4621
C0EF4A53
C0F05312
C0F1605B
C0F27227
C0F38870
C0F4A32D
C0F5C254
C0F6E5DB
C0F80DB6
C0F939D7
C0FA6A30
C0FB9EB1
C0FCD749
C0FE13E7
C0FF5478
C1004C73
C100F090
C1019686
C1023E4B
C102E7D3
C1039312
C1043FFB
C104EE82
C1059E9A
C1065036
C1070348
C107B7C3
C1086D9A
C10924BE
C109DD23
C10A96B9
C10B5174
C10C0D46
C10CCA22
C10D87F8
C10E46BD
C10F0663
C10FC6DC
C110881D
C1114A17
C1120CBE
C112D006
C11393E3
C1145849
C1151D2D
C115E282
C116A83E
C1176E56
C11834BF
C118FB70
C119C25E
C11A897F
C11B50CB
C11C1837
C11CDFBC
C11DA751
C11E6EED
C11F3689
C11FFE1D
C120C5A1
C1218D0E
C122545F
C1231B8B
C123E28D
C124A95F
C1256FFB
C126365B
C126FC7B
C127C255
C12887E4
C1294D24
C12A1211
C12AD6A6
C12B9AE0
C12C5EBB
C12D2233
C12DE545
C12EA7EF
C12F6A2D
C1302BFD
C130ED5C
C131AE48
C1326EBF
C1332EBF
C133EE46
C134AD52
C1356BE3
C13629F7
C136E78C
C137A4A2
C1386138
C1391D4D
C139D8E1
C13A93F3
C13B4E83
C13C0891
C13CC21D
C13D7B26
C13E33AD
C13EEBB1
C13FA335
C1405A37
C14110B9
C141C6BA
C1427C3D
C1433141
C143E5C7
C14499D1
C1454D5F
C1460073
C146B30D
C147652F
C14816DA
C148C810
C14978D1
C14A291F
C14AD8FC
C14B8869
C14C3767
C14CE5F9
C14D941F
C14E41DB
C14EEF2F
C14F9C1D
C15048A6
C150F4CB
C151A08F
C1524BF4
C152F6FA
C153A1A4
C1544BF3
C154F5E9
C1559F89
C0C85CCB
C0C86B37
C0C87A19
C0C88976
C0C89950
C0C8A9AC
C0C8BA8E
C0C8CBF9
C0C8DDF2
C0C8F07D
C0C9039D
C0C91759
C0C92BB4
C0C940B3
C0C9565A
C0C96CB0
C0C983B8
C0C99B79
C0C9B3F7
C0C9CD38
C0C9E741
C0CA021A
C0CA1DC6
C0CA3A4E
C0CA57B6
C0CA7605
C0CA9543
C0CAB575
C0CAD6A3
C0CAF8D3
C0CB1C0E
C0CB405A
C0CB65C0
C0CB8C47
C0CBB3F7
C0CBDCD9
C0CC06F5
C0CC3253
C0CC5EFD
C0CC8CFC
C0CCBC59
C0CCED1D
C0CD1F52
C0CD5303
C0CD8839
C0CDBEFE
C0CDF75F
C0CE3164
C0CE6D1A
C0CEAA8C
C0CEE9C6
C0CF2AD2
C0CF6DBE
C0CFB295
C0CFF965
C0D0423A
C0D08D21
C0D0DA27
C0D12959
C0D17AC6
C0D1CE7C
C0D22489
C0D27CFA
C0D2D7DF
C0D33547
C0D39540
C0D3F7DA
C0D45D24
C0D4C52D
C0D53007
C0D59DBF
C0D60E67
C0D6820F
C0D6F8C6
C0D7729D
C0D7EFA5
C0D86FEE
C0D8F388
C0D97A84
C0DA04F2
C0DA92E2
C0DB2466
C0DBB98C
C0DC5265
C0DCEF01
C0DD8F6F
C0DE33BE
C0DEDBFE
C0DF883D
C0E0388A
C0E0ECF1
C0E1A581
C0E26247
C0E3234E
C0E3E8A1
C0E4B24D
C0E5805B
C0E652D5
C0E729C3
C0E8052C
C0E8E519
C0E9C98E
C0EAB290
C0EBA024
C0EC924B
C0ED8908
C0EE845B
C0EF8443
C0F088BE
C0F191C9
C0F29F60
C0F3B17D
C0F4C819
C0F5E32B
C0F702AB
C0F8268D
C0F94EC5
C0FA7B46
C0FBAC02
C0FCE0EA
C0FE19EB
C0FF56F5
C1004BFB
C100EE6B
C10192C2
C10238F5
C102E0F8
C1038ABF
C104363F
C104E36B
C1059237
C1064296
C106F47A
C107A7D6
C1085C9D
C10912C1
C109CA35
C10A82EA
C10B3CD4
C10BF7E4
C10CB40D
C10D7141
C10E2F72
C10EEE94
C10FAE98
C1106F72
C1113114
C111F372
C112B680
C1137A30
C1143E77
C1150349
C115C89A
C1168E5F
C117548C
C1181B17
C118E1F6
C119A91E
C11A7084
C11B3820
C11BFFE8
C11CC7D2
C11D8FD7
C11E57ED
C11F200C
C11FE82C
C120B046
C1217851
C1224048
C1230822
C123CFDA
C1249769
C1255ECA
C12625F5
C126ECE6
C127B397
C1287A04
C1294026
C12A05FB
C12ACB7D
C12B90A8
C12C5579
C12D19EB
C12DDDFB
C12EA1A6
C12F64E9
C13027C0
C130EA29
C131AC22
C1326DA8
C1332EB9
C133EF53
C134AF73
C1356F1A
C1362E44
C136ECF1
C137AB1F
C13868CD
C13925FB
C139E2A8
C13A9ED2
C13B5A7A
C13C159F
C13CD041
C13D8A60
C13E43FB
C13EFD13
C13FB5A8
C1406DBB
C141254B
C141DC59
C14292E6
C14348F2
C143FE7F
C144B38C
C145681C
C1461C2E
C146CFC4
C14782DF
C1483580
C148E7A9
C149995A
C14A4A96
C14AFB5C
C14BABB0
C14C5B91
C14D0B03
C14DBA05
C14E689B
C14F16C5
C14FC484
C15071DC
C1511ECD
C151CB58
C1527781
C1532347
C153CEAE
C15479B7
C1552463
C155CEB4
C15678AC
C0C99364
C0C9A1D1
C0C9B0B5
C0C9C012
C0C9CFEE
C0C9E04B
C0C9F12E
C0CA029B
C0CA1495
C0CA2721
C0CA3A44
C0CA4E01
C0CA625D
C0CA775E
C0CA8D07
C0CAA35F
C0CABA69
C0CAD22C
C0CAEAAC
C0CB03EF
C0CB1DFB
C0CB38D6
C0CB5485
C0CB710F
C0CB8E7A
C0CBACCD
C0CBCC0D
C0CBEC43
C0CC0D74
C0CC2FA8
C0CC52E7
C0CC7737
C0CC9CA1
C0CCC32C
C0CCEAE0
C0CD13C7
C0CD3DE7
C0CD694B
C0CD95FA
C0CDC3FE
C0CDF360
C0CE242A
C0CE5665
C0CE8A1C
C0CEBF59
C0CEF626
C0CF2E8D
C0CF689A
C0CFA458
C0CFE1D2
C0D02114
C0D06229
C0D0A51E
C0D0E9FF
C0D130D9
C0D179B8
C0D1C4A9
C0D211BA
C0D260F9
C0D2B272
C0D30634
C0D35C4E
C0D3B4CD
C0D40FC0
C0D46D36
C0D4CD3F
C0D52FE9
C0D59543
C0D5FD5E
C0D66849
C0D6D615
C0D746D0
C0D7BA8C
C0D83158
C0D8AB45
C0D92863
C0D9A8C3
C0DA2C75
C0DAB38A
C0DB3E13
C0DBCC1E
C0DC5DBE
C0DCF301
C0DD8BF8
C0DE28B4
C0DEC942
C0DF6DB3
C0E01616
C0E0C27A
C0E172EC
C0E2277A
C0E2E033
C0E39D22
C0E45E54
C0E523D5
C0E5EDAF
C0E6BBED
C0E78E99
C0E865BA
C0E94159
C0EA217C
C0EB062A
C0EBEF67
C0ECDD37
C0EDCF9E
C0EEC69B
C0EFC231
C0F0C25F
C0F1C721
C0F2D076
C0F3DE59
C0F4F0C5
C0F607B1
C0F72317
C0F842ED
C0F96727
C0FA8FBB
C0FBBC9A
C0FCEDB7
C0FE2302
C0FF5C6A
C1004CEF
C100EDA5
C101904E
C10234DE
C102DB4C
C103838B
C1042D91
C104D950
C10586BE
C10635CD
C106E670
C107989B
C1084C3F
C1090150
C109B7C1
C10A6F82
C10B2887
C10BE2C2
C10C9E26
C10D5AA4
C10E182F
C10ED6B9
C10F9635
C1105696
C11117CE
C111D9D1
C1129C92
C1136004
C114241A
C114E8C9
C115AE05
C11673C2
C11739F5
C1180092
C118C78F
C1198EE1
C11A567E
C11B1E5B
C11BE670
C11CAEB3
C11D7719
C11E3F9C
C11F0832
C11FD0D2
C1209975
C1216213
C1222AA5
C122F323
C123BB87
C12483C9
C1254BE4
C12613D1
C126DB8B
C127A30B
C1286A4D
C129314B
C129F801
C12ABE69
C12B8480
C12C4A41
C12D0FA7
C12DD4B0
C12E9958
C12F5D9B
C1302176
C130E4E7
C131A7E9
C1326A7C
C1332C9B
C133EE46
C134AF7A
C1357035
C1363075
C136F039
C137AF7F
C1386E46
C1392C8E
C139EA54
C13AA798
C13B645A
C13C2098
C13CDC53
C13D978A
C13E523D
C13F0C6C
C13FC616
C1407F3D
C14137DF
C141EFFF
C142A79B
C1435EB4
C144154C
C144CB62
C14580F8
C146360F
C146EAA7
C1479EC1
C148525E
C1490580
C149B828
C14A6A57
C14B1C0E
C14BCD4F
C14C7E1B
C14D2E73
C14DDE5A
C14E8DCF
C14F3CD6
C14FEB6F
C150999D
C1514760
C151F4BA
C152A1AE
C1534E3D
C153FA68
C154A631
C155519A
C155FCA4
C156A752
C15751A5
C0CACA2A
C0CAD898
C0CAE77C
C0CAF6DB
C0CB06B8
C0CB1717
C0CB27FB
C0CB3969
C0CB4B64
C0CB5DF2
C0CB7116
C0CB84D5
C0CB9933
C0CBAE35
C0CBC3E0
C0CBDA3A
C0CBF146
C0CC090B
C0CC218D
C0CC3AD3
C0CC54E1
C0CC6FBE
C0CC8B70
C0CCA7FD
C0CCC56A
C0CCE3C0
C0CD0303
C0CD233C
C0CD4470
C0CD66A8
C0CD89EA
C0CDAE3E
C0CDD3AC
C0CDFA3B
C0CE21F4
C0CE4ADF
C0CE7504
C0CEA06C
C0CECD20
C0CEFB29
C0CF2A91
C0CF5B61
C0CF8DA2
C0CFC15F
C0CFF6A2
C0D02D76
C0D065E4
C0D09FF8
C0D0DBBE
C0D11940
C0D1588A
C0D199A8
C0D1DCA6
C0D22190
C0D26873
C0D2B15C
C0D2FC58
C0D34974
C0D398BE
C0D3EA43
C0D43E11
C0D49438
C0D4ECC4
C0D547C5
C0D5A54A
C0D60561
C0D6681A
C0D6CD85
C0D735B1
C0D7A0AD
C0D80E8B
C0D87F59
C0D8F328
C0D96A08
C0D9E40A
C0DA613F
C0DAE1B5
C0DB657F
C0DBECAD
C0DC774E
C0DD0574
C0DD972F
C0DE2C8F
C0DEC5A4
C0DF627D
C0E0032C
C0E0A7BE
C0E15043
C0E1FCC9
C0E2AD60
C0E36214
C0E41AF4
C0E4D80C
C0E59968
C0E65F15
C0E7291C
C0E7F789
C0E8CA65
C0E9A1B8
C0EA7D8B
C0EB5DE4
C0EC42C9
C0ED2C3F
C0EE1A4B
C0EF0CEE
C0F0042B
C0F10002
C0F20073
C0F3057B
C0F40F18
C0F51D45
C0F62FFD
C0F74739
C0F862F0
C0F98319
C0FAA7AA
C0FBD097
C0FCFDD2
C0FE2F4E
C0FF64FA
C1004F63
C100EE50
C1018F3B
C102321A
C102D6E3
C1037D8A
C1042604
C104D046
C1057C44
C10629F2
C106D943
C1078A29
C1083C99
C108F084
C109A5DE
C10A5C98
C10B14A6
C10BCDF9
C10C8884
C10D4439
C10E010A
C10EBEEA
C10F7DCC
C1103DA1
C110FE5D
C111BFF2
C1128254
C1134575
C114094A
C114CDC5
C11592DA
C116587E
C1171EA5
C117E544
C118AC4F
C11973BC
C11A3B80
C11B0390
C11BCBE3
C11C946F
C11D5D2A
C11E260C
C11EEF0B
C11FB81F
C120813F
C1214A64
C1221385
C122DC9B
C123A5A0
C1246E8B
C1253757
C125FFFC
C126C875
C12790BC
C12858CB
C129209C
C129E82B
C12AAF72
C12B766E
C12C3D18
C12D036D
C12DC96A
C12E8F09
C12F5448
C1301922
C130DD96
C131A19F
C132653A
C1332866
C133EB1F
C134AD64
C1356F32
C1363087
C136F161
C137B1BF
C138719F
C1393100
C139EFE0
C13AAE3F
C13B6C1C
C13C2976
C13CE64C
C13DA29D
C13E5E6A
C13F19B2
C13FD475
C1408EB3
C141486C
C14201A0
C142BA4F
C143727A
C1442A22
C144E146
C14597E8
C1464E08
C14703A7
C147B8C6
C1486D66
C1492187
C149D52C
C14A8855
C14B3B03
C14BED38
C14C9EF4
C14D503A
C14E010B
C14EB168
C14F6153
C15010CD
C150BFD7
C1516E74
C1521CA5
C152CA6B
C15377C9
C15424BF
C154D150
C1557D7E
C1562949
C156D4B4
C1577FC1
C1582A71
C0CC011A
C0CC0F89
C0CC1E6E
C0CC2DCE
C0CC3DAC
C0CC4E0C
C0CC5EF1
C0CC7061
C0CC825D
C0CC94ED
C0CCA812
C0CCBBD2
C0CCD032
C0CCE536
C0CCFAE3
C0CD113E
C0CD284D
C0CD4013
C0CD5898
C0CD71DF
C0CD8BF0
C0CDA6D0
C0CDC284
C0CDDF13
C0CDFC84
C0CE1ADC
C0CE3A23
C0CE5A5E
C0CE7B96
C0CE9DD1
C0CEC116
C0CEE56E
C0CF0AE0
C0CF3173
C0CF5930
C0CF821F
C0CFAC49
C0CFD7B5
C0D0046F
C0D0327D
C0D061EA
C0D092BF
C0D0C506
C0D0F8C9
C0D12E13
C0D164ED
C0D19D62
C0D1D77D
C0D2134A
C0D250D4
C0D29025
C0D2D14C
C0D31452
C0D35946
C0D3A032
C0D3E925
C0D4342B
C0D48152
C0D4D0A7
C0D52237
C0D57612
C0D5CC44
C0D624DD
C0D67FEC
C0D6DD7E
C0D73DA4
C0D7A06D
C0D805E7
C0D86E23
C0D8D931
C0D9471F
C0D9B800
C0DA2BE2
C0DAA2D6
C0DB1CED
C0DB9A36
C0DC1AC3
C0DC9EA4
C0DD25E9
C0DDB0A3
C0DE3EE3
C0DED0B8
C0DF6634
C0DFFF65
C0E09C5C
C0E13D29
C0E1E1DB
C0E28A82
C0E3372B
C0E3E7E5
C0E49CBE
C0E555C4
C0E61303
C0E6D489
C0E79A5F
C0E86493
C0E9332D
C0EA0638
C0EADDBC
C0EBB9C1
C0EC9A4E
C0ED7F69
C0EE6917
C0EF575C
C0F04A3B
C0F141B6
C0F23DCD
C0F33E7F
C0F443CB
C0F54DAE
C0F65C23
C0F76F25
C0F886AE
C0F9A2B4
C0FAC32F
C0FBE814
C0FD1158
C0FE3EEC
C0FF70C4
C1005367
C100F07E
C1018F9E
C10230BC
C102D3D1
C10378D0
C1041FAF
C104C863
C10572E1
C1061F1C
C106CD08
C1077C98
C1082DC1
C108E074
C10994A4
C10A4A45
C10B0148
C10BB9A0
C10C7340
C10D2E19
C10DEA1D
C10EA741
C10F6574
C11024AB
C110E4D8
C111A5ED
C11267DD
C1132A9C
C113EE1C
C114B251
C115772F
C1163CA9
C11702B4
C117C943
C118904C
C11957C4
C11A1F9F
C11AE7D2
C11BB055
C11C791B
C11D421D
C11E0B4F
C11ED4AA
C11F9E24
C12067B4
C1213153
C121FAF7
C122C49A
C1238E34
C12457BD
C125212E
C125EA82
C126B3B0
C1277CB4
C1284587
C1290E23
C129D683
C12A9EA2
C12B667A
C12C2E07
C12CF544
C12DBC2D
C12E82BE
C12F48F3
C1300EC8
C130D43A
C1319945
C1325DE6
C133221B
C133E5DF
C134A932
C1356C11
C1362E78
C136F067
C137B1DC
C13872D4
C139334E
C139F349
C13AB2C3
C13B71BB
C13C3031
C13CEE23
C13DAB91
C13E687A
C13F24DD
C13FE0BB
C1409C14
C14156E6
C1421132
C142CAF8
C1438439
C1443CF5
C144F52B
C145ACDE
C146640C
C1471AB7
C147D0E0
C1488688
C1493BAF
C149F056
C14AA47F
C14B582A
C14C0B59
C14CBE0E
C14D7048
C14E220A
C14ED355
C14F842A
C150348C
C150E47A
C15193F8
C1524306
C152F1A6
C1539FDA
C1544DA4
C154FB04
C155A7FD
C1565491
C15700C0
C157AC8E
C15857FB
C159030A
C0CD3832
C0CD46A2
C0CD5589
C0CD64EA
C0CD74C9
C0CD852A
C0CD9610
C0CDA781
C0CDB97F
C0CDCC0F
C0CDDF36
C0CDF2F8
C0CE075A
C0CE1C5F
C0CE320E
C0CE486B
C0CE5F7B
C0CE7744
C0CE8FCA
C0CEA914
C0CEC327
C0CEDE09
C0CEF9C0
C0CF1651
C0CF33C5
C0CF5220
C0CF7169
C0CF91A8
C0CFB2E2
C0CFD521
C0CFF86A
C0D01CC5
C0D0423A
C0D068D1
C0D09092
C0D0B986
C0D0E3B4
C0D10F25
C0D13BE3
C0D169F6
C0D19968
C0D1CA43
C0D1FC90
C0D23059
C0D265A8
C0D29C88
C0D2D504
C0D30F26
C0D34AFA
C0D3888B
C0D3C7E5
C0D40914
C0D44C23
C0D4911F
C0D4D815
C0D52111
C0D56C21
C0D5B952
C0D608B1
C0D65A4D
C0D6AE33
C0D70471
C0D75D17
C0D7B833
C0D815D3
C0D87607
C0D8D8DE
C0D93E67
C0D9A6B3
C0DA11D1
C0DA7FD1
C0DAF0C3
C0DB64B8
C0DBDBBF
C0DC55E9
C0DCD348
C0DD53EA
C0DDD7E1
C0DE5F3D
C0DEEA10
C0DF7868
C0E00A57
C0E09FEE
C0E1393B
C0E1D64F
C0E2773A
C0E31C0B
C0E3C4D1
C0E4719C
C0E52279
C0E5D776
C0E690A1
C0E74E07
C0E80FB4
C0E8D5B4
C0E9A012
C0EA6ED8
C0EB4211
C0EC19C4
C0ECF5FA
C0EDD6BA
C0EEBC0A
C0EFA5EE
C0F0946B
C0F18784
C0F27F3A
C0F37B8F
C0F47C81
C0F5820F
C0F68C36
C0F79AF2
C0F8AE3C
C0F9C610
C0FAE263
C0FC032E
C0FD2865
C0FE51FD
C0FF7FE9
C100590D
C100F441
C1019187
C10230D8
C102D229
C1037571
C1041AA5
C104C1BB
C1056AA7
C106155F
C106C1D5
C1076FFE
C1081FCE
C108D137
C109842C
C10A38A0
C10AEE86
C10BA5D0
C10C5E71
C10D185B
C10DD380
C10E8FD4
C10F4D47
C1100BCC
C110CB57
C1118BD9
C1124D46
C1130F8F
C113D2A9
C1149686
C1155B1B
C1162059
C116E636
C117ACA6
C118739C
C1193B0E
C11A02EF
C11ACB37
C11B93D9
C11C5CCB
C11D2603
C11DEF79
C11EB921
C11F82F3
C1204CE6
C12116F1
C121E10D
C122AB30
C1237553
C1243F6E
C125097A
C125D371
C1269D4A
C1276701
C128308E
C128F9EB
C129C313
C12A8C01
C12B54AE
C12C1D16
C12CE534
C12DAD03
C12E747F
C12F3BA4
C130026E
C130C8D9
C1318EE1
C1325483
C13319BC
C133DE89
C134A2E6
C13566D2
C1362A4A
C136ED4C
C137AFD5
C13871E3
C1393376
C139F48A
C13AB51F
C13B7533
C13C34C5
C13CF3D4
C13DB25F
C13E7065
C13F2DE6
C13FEAE1
C140A756
C1416344
C1421EAC
C142D98C
C14393E6
C1444DBA
C1450707
C145BFCD
C146780F
C1472FCB
C147E703
C1489DB8
C14953E9
C14A0999
C14ABEC7
C14B7376
C14C27A5
C14CDB57
C14D8E8C
C14E4146
C14EF386
C14FA54D
C150569C
C1510776
C151B7DB
C15267CE
C153174F
C153C661
C1547504
C155233B
C155D107
C1567E6A
C1572B66
C157D7FC
C158842E
C1592FFD
C159DB6C
C0CE6F71
C0CE7DE2
C0CE8CCA
C0CE9C2C
C0CEAC0C
C0CEBC6E
C0CECD56
C0CEDEC7
C0CEF0C7
C0CF0359
C0CF1681
C0CF2A44
C0CF3EA7
C0CF53AE
C0CF695F
C0CF7FBE
C0CF96D0
C0CFAE9A
C0CFC723
C0CFE06F
C0CFFA84
C0D01568
C0D03121
C0D04DB5
C0D06B2B
C0D08989
C0D0A8D5
C0D0C916
C0D0EA54
C0D10C96
C0D12FE2
C0D15441
C0D179BA
C0D1A054
C0D1C819
C0D1F111
C0D21B43
C0D246B9
C0D2737B
C0D2A194
C0D2D10B
C0D301EB
C0D3343D
C0D3680C
C0D39D61
C0D3D447
C0D40CCA
C0D446F3
C0D482CD
C0D4C066
C0D4FFC7
C0D540FD
C0D58414
C0D5C919
C0D61018
C0D6591D
C0D6A437
C0D6F172
C0D740DC
C0D79282
C0D7E673
C0D83CBE
C0D89570
C0D8F098
C0D94E45
C0D9AE87
C0DA116C
C0DA7704
C0DADF60
C0DB4A8E
C0DBB89E
C0DC29A2
C0DC9DA8
C0DD14C2
C0DD8F00
C0DE0C72
C0DE8D29
C0DF1136
C0DF98A9
C0E02392
C0E0B203
C0E1440B
C0E1D9BB
C0E27324
C0E31054
C0E3B15C
C0E4564B
C0E4FF31
C0E5AC1C
C0E65D1A
C0E7123A
C0E7CB89
C0E88914
C0E94AE8
C0EA1110
C0EADB98
C0EBAA89
C0EC7DEE
C0ED55D0
C0EE3236
C0EF1327
C0EFF8A9
C0F0E2C2
C0F1D176
C0F2C4C7
C0F3BCB8
C0F4B948
C0F5BA79
C0F6C047
C0F7CAB0
C0F8D9B0
C0F9ED41
C0FB055D
C0FC21FC
C0FD4314
C0FE689B
C0FF9286
C1006063
C100F9A8
C1019508
C102327D
C102D1FD
C1037380
C10416FA
C104BC62
C10563AE
C1060CD1
C106B7C1
C1076472
C10812D6
C108C2E3
C109748A
C10A27C0
C10ADC76
C10B92A0
C10C4A30
C10D0318
C10DBD4B
C10E78BB
C10F355B
C10FF31D
C110B1F2
C11171CF
C11232A5
C112F467
C113B708
C1147A7C
C1153EB5
C11603A6
C116C944
C1178F82
C1185654
C1191DAF
C119E588
C11AADD2
C11B7684
C11C3F92
C11D08F3
C11DD29C
C11E9C83
C11F669F
C12030E7
C120FB52
C121C5D6
C122906D
C1235B0C
C12425AE
C124F049
C125BAD7
C1268551
C1274FB0
C12819ED
C128E402
C129ADE8
C12A779B
C12B4115
C12C0A4F
C12CD346
C12D9BF4
C12E6454
C12F2C63
C12FF41B
C130BB78
C1318278
C1324916
C1330F4E
C133D51E
C1349A83
C1355F79
C13623FE
C136E80F
C137ABAA
C1386ECD
C1393176
C139F3A2
C13AB551
C13B7680
C13C372E
C13CF75A
C13DB703
C13E7627
C13F34C7
C13FF2E0
C140B073
C1416D80
C1422A05
C142E602
C143A178
C1445C66
C14516CD
C145D0AD
C1468A05
C14742D7
C147FB22
C148B2E9
C1496A2A
C14A20E7
C14AD720
C14B8CD8
C14C420D
C14CF6C3
C14DAAF8
C14E5EB0
C14F11EB
C14FC4AA
C15076EF
C15128BA
C151DA0E
C1528AEC
C1533B56
C153EB4C
C1549AD1
C15549E5
C155F88C
C156A6C6
C1575494
C15801FA
C158AEF8
C1595B90
C15A07C4
C15AB395
C0CFA6D5
C0CFB546
C0CFC42F
C0CFD392
C0CFE373
C0CFF3D6
C0D004BF
C0D01632
C0D02833
C0D03AC6
C0D04DF0
C0D061B5
C0D07619
C0D08B22
C0D0A0D4
C0D0B734
C0D0CE48
C0D0E615
C0D0FE9F
C0D117ED
C0D13204
C0D14CEB
C0D168A6
C0D1853D
C0D1A2B5
C0D1C115
C0D1E064
C0D200A9
C0D221E9
C0D2442E
C0D2677E
C0D28BE0
C0D2B15C
C0D2D7FB
C0D2FFC3
C0D328BF
C0D352F5
C0D37E6F
C0D3AB36
C0D3D953
C0D408CF
C0D439B4
C0D46C0C
C0D49FE0
C0D4D53B
C0D50C28
C0D544B0
C0D57EE0
C0D5BAC1
C0D5F861
C0D637C9
C0D67907
C0D6BC26
C0D70133
C0D7483B
C0D79149
C0D7DC6C
C0D829B1
C0D87925
C0D8CAD6
C0D91ED2
C0D97528
C0D9CDE5
C0DA291A
C0DA86D4
C0DAE723
C0DB4A16
C0DBAFBD
C0DC1827
C0DC8364
C0DCF185
C0DD6299
C0DDD6B1
C0DE4DDD
C0DEC82D
C0DF45B3
C0DFC67E
C0E04AA0
C0E0D229
C0E15D29
C0E1EBB1
C0E27DD2
C0E3139C
C0E3AD1E
C0E44A6A
C0E4EB8E
C0E5909A
C0E6399E
C0E6E6A9
C0E797C8
C0E84D0A
C0E9067C
C0E9C42B
C0EA8625
C0EB4C74
C0EC1724
C0ECE63F
C0EDB9CF
C0EE91DD
C0EF6E71
C0F04F92
C0F13547
C0F21F93
C0F30E7C
C0F40204
C0F4FA2D
C0F5F6F8
C0F6F865
C0F7FE71
C0F9091B
C0FA185E
C0FB2C34
C0FC4497
C0FD617F
C0FE82E2
C0FFA8B7
C1006979
C10100C3
C1019A31
C10235BE
C102D360
C103730F
C10414C1
C104B86D
C1055E08
C1060587
C106AEE0
C1075A07
C10806F0
C108B58F
C10965D8
C10A17BD
C10ACB31
C10B8028
C10C3694
C10CEE68
C10DA796
C10E6210
C10F1DC9
C10FDAB4
C11098C2
C11157E7
C1121813
C112D93C
C1139B52
C1145E49
C1152214
C115E6A6
C116ABF3
C11771EE
C118388C
C118FFBF
C119C77E
C11A8FBB
C11B586C
C11C2187
C11CEB00
C11DB4CD
C11E7EE4
C11F493C
C12013CA
C120DE86
C121A966
C1227463
C1233F72
C1240A8D
C124D5AB
C125A0C5
C1266BD4
C12736CF
C12801B2
C128CC74
C129970F
C12A617E
C12B2BBA
C12BF5BF
C12CBF86
C12D890A
C12E5246
C12F1B37
C12FE3D6
C130AC20
C1317411
C1323BA5
C13302D7
C133C9A6
C134900C
C1355608
C1361B96
C136E0B4
C137A55E
C1386992
C1392D4F
C139F091
C13AB358
C13B75A0
C13C376A
C13CF8B2
C13DB979
C13E79BB
C13F397A
C13FF8B3
C140B765
C1417591
C1423335
C142F052
C143ACE6
C14468F2
C1452476
C145DF71
C14699E4
C14753CF
C1480D32
C148C60F
C1497E64
C14A3633
C14AED7D
C14BA442
C14C5A83
C14D1042
C14DC57E
C14E7A3A
C14F2E76
C14FE233
C1509573
C1514837
C151FA81
C152AC51
C1535DA9
C1540E8B
C154BEF8
C1556EF2
C1561E7A
C156CD91
C1577C3B
C1582A77
C158D848
C15985B0
C15A32B0
C15ADF4B
C15B8B80
C0D0DE5B
C0D0ECCE
C0D0FBB7
C0D10B1B
C0D11AFE
C0D12B62
C0D13C4C
C0D14DC0
C0D15FC2
C0D17256
C0D18581
C0D19948
C0D1ADAE
C0D1C2B8
C0D1D86C
C0D1EECE
C0D205E3
C0D21DB1
C0D2363E
C0D24F8E
C0D269A7
C0D28490
C0D2A04D
C0D2BCE6
C0D2DA61
C0D2F8C4
C0D31815
C0D3385D
C0D359A0
C0D37BE8
C0D39F3B
C0D3C3A0
C0D3E920
C0D40FC2
C0D4378E
C0D4608E
C0D48AC8
C0D4B647
C0D4E312
C0D51133
C0D540B4
C0D5719E
C0D5A3FB
C0D5D7D4
C0D60D35
C0D64427
C0D67CB6
C0D6B6EC
C0D6F2D4
C0D7307A
C0D76FEA
C0D7B12F
C0D7F456
C0D8396B
C0D8807B
C0D8C992
C0D914BE
C0D9620C
C0D9B18A
C0DA0345
C0DA574C
C0DAADAD
C0DB0676
C0DB61B7
C0DBBF7D
C0DC1FD9
C0DC82DA
C0DCE88E
C0DD5107
C0DDBC53
C0DE2A84
C0DE9BA8
C0DF0FD1
C0DF870E
C0E00171
C0E07F0A
C0E0FFE9
C0E1841F
C0E20BBD
C0E296D3
C0E32572
C0E3B7AB
C0E44D8D
C0E4E729
C0E5848F
C0E625CF
C0E6CAF7
C0E77419
C0E82142
C0E8D281
C0E987E3
C0EA4177
C0EAFF4A
C0EBC168
C0EC87DD
C0ED52B4
C0EE21F8
C0EEF5B3
C0EFCDEC
C0F0AAAD
C0F18BFD
C0F271E1
C0F35C5F
C0F44B7B
C0F53F39
C0F63799
C0F7349D
C0F83645
C0F93C8E
C0FA4777
C0FB56FA
C0FC6B13
C0FD83BB
C0FEA0EA
C0FFC297
C100745C
C10109A0
C101A112
C1023AAA
C102D662
C1037430
C104140C
C104B5ED
C10559C8
C105FF95
C106A747
C10750D5
C107FC32
C108A952
C109582A
C10A08AC
C10ABACD
C10B6E7F
C10C23B5
C10CDA62
C10D9278
C10E4BEA
C10F06AA
C10FC2AB
C1107FDF
C1113E38
C111FDA9
C112BE25
C1137F9D
C1144206
C1150551
C115C972
C1168E5C
C1175403
C1181A5A
C118E154
C119A8E7
C11A7107
C11B39A7
C11C02BE
C11CCC3F
C11D9621
C11E6059
C11F2ADD
C11FF5A3
C120C0A2
C1218BD0
C1225725
C1232297
C123EE1E
C124B9B2
C125854C
C12650E3
C1271C70
C127E7EC
C128B350
C1297E95
C12A49B6
C12B14AC
C12BDF70
C12CA9FE
C12D7450
C12E3E60
C12F082A
C12FD1A9
C1309AD9
C13163B4
C1322C37
C132F45E
C133BC25
C1348388
C1354A85
C1361117
C136D73D
C1379CF2
C1386234
C1392702
C139EB58
C13AAF34
C13B7295
C13C3578
C13CF7DB
C13DB9BE
C13E7B1F
C13F3BFC
C13FFC54
C140BC27
C1417B73
C1423A38
C142F875
C143B62A
C1447356
C1452FF9
C145EC12
C146A7A3
C14762AA
C1481D29
C148D71F
C149908D
C14A4972
C14B01D1
C14BB9A9
C14C70FB
C14D27C7
C14DDE10
C14E93D5
C14F4918
C14FFDDA
C150B21B
C15165DE
C1521923
C152CBEC
C1537E3A
C154300E
C154E16A
C1559250
C15642C1
C156F2BD
C157A248
C1585163
C159000F
C159AE4E
C15A5C22
C15B098C
C15BB68E
C15C632A
C0D21603
C0D22476
C0D23361
C0D242C6
C0D252A9
C0D2630E
C0D273FA
C0D2856F
C0D29772
C0D2AA08
C0D2BD34
C0D2D0FC
C0D2E563
C0D2FA6F
C0D31024
C0D32688
C0D33D9F
C0D3556F
C0D36DFD
C0D3874F
C0D3A16A
C0D3BC55
C0D3D815
C0D3F4B0
C0D4122D
C0D43093
C0D44FE7
C0D47031
C0D49177
C0D4B3C2
C0D4D718
C0D4FB80
C0D52103
C0D547A9
C0D56F79
C0D5987C
C0D5C2BA
C0D5EE3D
C0D61B0D
C0D64933
C0D678B8
C0D6A9A7
C0D6DC09
C0D70FE7
C0D7454D
C0D77C45
C0D7B4DA
C0D7EF16
C0D82B05
C0D868B1
C0D8A828
C0D8E975
C0D92CA3
C0D971C0
C0D9B8D8
C0DA01F8
C0DA4D2C
C0DA9A84
C0DAEA0B
C0DB3BD0
C0DB8FE1
C0DBE64D
C0DC3F21
C0DC9A6D
C0DCF840
C0DD58A8
C0DDBBB6
C0DE2178
C0DE89FF
C0DEF55A
C0DF6399
C0DFD4CD
C0E04907
C0E0C055
C0E13ACA
C0E1B875
C0E23967
C0E2BDB1
C0E34563
C0E3D08F
C0E45F44
C0E4F194
C0E5878E
C0E62142
C0E6BEC2
C0E7601C
C0E80561
C0E8AE9F
C0E95BE6
C0EA0D43
C0EAC2C6
C0EB7C7B
C0EC3A70
C0ECFCB2
C0EDC34C
C0EE8E49
C0EF5DB4
C0F03197
C0F109FB
C0F1E6E8
C0F2C865
C0F3AE78
C0F49926
C0F58875
C0F67C66
C0F774FC
C0F87237
C0F97418
C0FA7A9C
C0FB85C2
C0FC9584
C0FDA9DE
C0FEC2C9
C0FFE03D
C1008119
C101144E
C101A9B9
C1024152
C102DB12
C10376F3
C10414EC
C104B4F5
C1055703
C105FB0D
C106A10A
C10748EE
C107F2AE
C1089E40
C1094B96
C109FAA5
C10AAB61
C10B5DBC
C10C11AA
C10CC71D
C10D7E0A
C10E3661
C10EF015
C10FAB19
C1106760
C11124DC
C111E37E
C112A33B
C1136403
C11425CA
C114E883
C115AC21
C1167096
C11735D6
C117FBD5
C118C286
C11989DC
C11A51CD
C11B1A4C
C11BE34E
C11CACC7
C11D76AE
C11E40F7
C11F0B98
C11FD687
C120A1BA
C1216D27
C12238C5
C123048C
C123D073
C1249C70
C125687C
C126348F
C12700A1
C127CCAB
C12898A6
C129648B
C12A3052
C12AFBF6
C12BC771
C12C92BC
C12D5DD2
C12E28AE
C12EF349
C12FBDA0
C13087AC
C131516B
C1321AD6
C132E3EA
C133ACA3
C13474FE
C1353CF5
C1360487
C136CBAF
C137926B
C13858B8
C1391E92
C139E3F8
C13AA8E7
C13B6D5D
C13C3157
C13CF4D4
C13DB7D2
C13E7A4F
C13F3C4A
C13FFDC2
C140BEB5
C1417F21
C1423F08
C142FE66
C143BD3C
C1447B8A
C145394E
C145F688
C146B339
C1476F60
C1482AFD
C148E610
C149A099
C14A5A9A
C14B1411
C14BCD00
C14C8567
C14D3D47
C14DF4A1
C14EAB75
C14F61C4
C1501790
C150CCD9
C15181A0
C15235E7
C152E9AF
C1539CF9
C1544FC6
C1550219
C155B3F1
C1566551
C157163A
C157C6AE
C15876AE
C159263B
C159D559
C15A8407
C15B3249
C15BE01F
C15C8D8B
C15D3A8F
C0D34DCA
C0D35C3F
C0D36B2A
C0D37A90
C0D38A74
C0D39ADB
C0D3ABC7
C0D3BD3D
C0D3CF42
C0D3E1D9
C0D3F506
C0D408CF
C0D41D38
C0D43245
C0D447FC
C0D45E61
C0D4757A
C0D48D4C
C0D4A5DC
C0D4BF30
C0D4D94D
C0D4F43A
C0D50FFC
C0D52C99
C0D54A19
C0D56880
C0D587D7
C0D5A824
C0D5C96D
C0D5EBBA
C0D60F13
C0D6337F
C0D65905
C0D67FAE
C0D6A782
C0D6D088
C0D6FACB
C0D72651
C0D75325
C0D7814F
C0D7B0D9
C0D7E1CD
C0D81433
C0D84817
C0D87D82
C0D8B480
C0D8ED1A
C0D9275C
C0D96351
C0D9A104
C0D9E082
C0DA21D5
C0DA650B
C0DAAA30
C0DAF14F
C0DB3A77
C0DB85B5
C0DBD315
C0DC22A5
C0DC7474
C0DCC88F
C0DD1F05
C0DD77E5
C0DDD33C
C0DE311A
C0DE918F
C0DEF4A9
C0DF5A78
C0DFC30D
C0E02E76
C0E09CC4
C0E10E08
C0E18251
C0E1F9B0
C0E27436
C0E2F1F3
C0E372F7
C0E3F754
C0E47F1B
C0E50A5B
C0E59926
C0E62B8C
C0E6C19D
C0E75B6A
C0E7F902
C0E89A77
C0E93FD6
C0E9E930
C0EA9693
C0EB480F
C0EBFDB0
C0ECB786
C0ED759C
C0EE3800
C0EEFEBE
C0EFC9E0
C0F09972
C0F16D7C
C0F24609
C0F32321
C0F404C9
C0F4EB0A
C0F5D5E8
C0F6C567
C0F7B98A
C0F8B254
C0F9AFC5
C0FAB1DD
C0FBB89B
C0FCC3FC
C0FDD3FC
C0FEE895
C10000E1
C1008FBC
C10120DA
C101B433
C10249C2
C102E181
C1037B69
C1041773
C104B596
C10555C9
C105F803
C1069C3B
C1074267
C107EA7B
C108946D
C1094032
C109EDBD
C10A9D02
C10B4DF5
C10C0089
C10CB4B2
C10D6A61
C10E218B
C10EDA22
C10F9417
C1104F5E
C1110BE9
C111C9AB
C1128895
C113489B
C11409AF
C114CBC3
C1158ECB
C11652B9
C1171781
C117DD15
C118A36A
C1196A73
C11A3223
C11AFA6F
C11BC34C
C11C8CAE
C11D5689
C11E20D3
C11EEB81
C11FB689
C12081E1
C1214D7F
C1221959
C122E566
C123B19E
C1247DF6
C1254A68
C12616EA
C126E375
C127B001
C1287C86
C12948FE
C12A1562
C12AE1AA
C12BADD0
C12C79CE
C12D459F
C12E113C
C12EDC9F
C12FA7C5
C13072A6
C1313D3F
C132078B
C132D185
C1339B2A
C1346474
C1352D61
C135F5EC
C136BE12
C13785CF
C1384D21
C1391404
C139DA76
C13AA074
C13B65FC
C13C2B0B
C13CEF9F
C13DB3B5
C13E774D
C13F3A65
C13FFCFA
C140BF0C
C1418099
C14241A0
C1430221
C143C219
C1448189
C1454070
C145FECC
C146BC9F
C14779E8
C14836A5
C148F2D8
C149AE81
C14A699F
C14B2433
C14BDE3D
C14C97BE
C14D50B5
C14E0925
C14EC10D
C14F786E
C1502F48
C150E59E
C1519B70
C15250BF
C153058C
C153B9D8
C1546DA5
C15520F3
C155D3C4
C156861B
C15737F7
C157E95A
C1589A46
C1594ABD
C159FAC0
C15AAA51
C15B5971
C15C0822
C15CB665
C15D643D
C15E11AC
C0D485B0
C0D49425
C0D4A312
C0D4B279
C0D4C25E
C0D4D2C5
C0D4E3B2
C0D4F52A
C0D5072F
C0D519C8
C0D52CF6
C0D540C1
C0D5552B
C0D56A3A
C0D57FF2
C0D59659
C0D5AD73
C0D5C547
C0D5DDD8
C0D5F72E
C0D6114D
C0D62C3C
C0D64800
C0D664A0
C0D68221
C0D6A08B
C0D6BFE4
C0D6E034
C0D70180
C0D723D0
C0D7472B
C0D76B9A
C0D79124
C0D7B7D0
C0D7DFA7
C0D808B1
C0D832F7
C0D85E81
C0D88B59
C0D8B988
C0D8E916
C0D91A0E
C0D94C79
C0D98062
C0D9B5D3
C0D9ECD6
C0DA2575
C0DA5FBD
C0DA9BB8
C0DAD972
C0DB18F6
C0DB5A50
C0DB9D8D
C0DBE2B9
C0DC29E0
C0DC7310
C0DCBE56
C0DD0BBF
C0DD5B58
C0DDAD30
C0DE0155
C0DE57D5
C0DEB0BF
C0DF0C21
C0DF6A0B
C0DFCA8B
C0E02DB2
C0E0938E
C0E0FC30
C0E167A7
C0E1D603
C0E24756
C0E2BBAE
C0E3331E
C0E3ADB4
C0E42B82
C0E4AC99
C0E53109
C0E5B8E2
C0E64437
C0E6D316
C0E76592
C0E7FBBA
C0E8959E
C0E9334F
C0E9D4DC
C0EA7A56
C0EB23CA
C0EBD14A
C0EC82E2
C0ED38A2
C0EDF297
C0EEB0CD
C0EF7353
C0F03A33
C0F10579
C0F1D530
C0F2A961
C0F38216
C0F45F57
C0F5412A
C0F62797
C0F712A2
C0F80251
C0F8F6A5
C0F9EFA1
C0FAED47
C0FBEF95
C0FCF68B
C0FE0225
C0FF1260
C100139C
C100A051
C1012F4E
C101C08D
C1025409
C102E9BC
C10381A1
C1041BAF
C104B7E0
C105562B
C105F688
C10698EE
C1073D53
C107E3AC
C1088BEF
C1093612
C109E208
C10A8FC6
C10B3F40
C10BF069
C10CA335
C10D5797
C10E0D81
C10EC4E7
C10F7DBB
C11037F0
C110F379
C111B046
C1126E4C
C1132D7D
C113EDCA
C114AF28
C1157188
C11634DD
C116F91A
C117BE32
C1188419
C1194AC3
C11A1221
C11ADA2A
C11BA2D0
C11C6C09
C11D35C8
C11E0003
C11ECAAF
C11F95C0
C120612E
C1212CED
C121F8F4
C122C539
C12391B3
C1245E59
C1252B23
C125F807
C126C4FD
C12791FE
C1285F02
C1292C01
C129F8F5
C12AC5D5
C12B929C
C12C5F43
C12D2BC3
C12DF818
C12EC43A
C12F9024
C1305BD2
C131273D
C131F261
C132BD3A
C13387C2
C13451F5
C1351BD0
C135E54E
C136AE6B
C1377724
C1383F76
C139075D
C139CED7
C13A95DF
C13B5C75
C13C2295
C13CE83C
C13DAD69
C13E7219
C13F364B
C13FF9FD
C140BD2D
C1417FD9
C1424201
C14303A2
C143C4BD
C1448550
C1454559
C14604DA
C146C3D0
C147823B
C148401C
C148FD71
C149BA3B
C14A767A
C14B322E
C14BED56
C14CA7F4
C14D6207
C14E1B91
C14ED491
C14F8D08
C15044F7
C150FC5F
C151B340
C152699C
C1531F74
C153D4C8
C154899A
C1553DEB
C155F1BC
C156A50F
C15757E4
C1580A3E
C158BC1E
C1596D85
C15A1E74
C15ACEEE
C15B7EF4
C15C2E87
C15CDDA9
C15D8C5C
C15E3AA2
C15EE87C
C0D5BDB3
C0D5CC29
C0D5DB16
C0D5EA7E
C0D5FA64
C0D60ACC
C0D61BBB
C0D62D33
C0D63F3A
C0D651D3
C0D66503
C0D678CF
C0D68D3A
C0D6A24A
C0D6B804
C0D6CE6C
C0D6E588
C0D6FD5D
C0D715F1
C0D72F48
C0D74969
C0D7645A
C0D78020
C0D79CC2
C0D7BA46
C0D7D8B2
C0D7F80E
C0D8185F
C0D839AE
C0D85C01
C0D87F5F
C0D8A3D1
C0D8C95D
C0D8F00D
C0D917E7
C0D940F5
C0D96B3E
C0D996CD
C0D9C3A8
C0D9F1DB
C0DA216E
C0DA526A
C0DA84DA
C0DAB8C8
C0DAEE3D
C0DB2545
C0DB5DEA
C0DB9838
C0DBD439
C0DC11F8
C0DC5183
C0DC92E4
C0DCD627
C0DD1B5A
C0DD6289
C0DDABC1
C0DDF70F
C0DE4480
C0DE9422
C0DEE603
C0DF3A32
C0DF90BC
C0DFE9B0
C0E0451C
C0E0A311
C0E1039D
C0E166CF
C0E1CCB8
C0E23566
C0E2A0EB
C0E30F55
C0E380B6
C0E3F51E
C0E46C9D
C0E4E743
C0E56522
C0E5E64A
C0E66ACC
C0E6F2B9
C0E77E21
C0E80D15
C0E89FA5
C0E935E3
C0E9CFDE
C0EA6DA6
C0EB0F4C
C0EBB4DE
C0EC5E6E
C0ED0C08
C0EDBDBD
C0EE739A
C0EF2DAD
C0EFEC03
C0F0AEA9
C0F175AA
C0F24113
C0F310EE
C0F3E545
C0F4BE21
C0F59B89
C0F67D86
C0F7641E
C0F84F56
C0F93F32
C0FA33B6
C0FB2CE3
C0FC2ABC
C0FD2D3E
C0FE346A
C0FF403D
C1002859
C100B2E2
C1013FB7
C101CED3
C1026033
C102F3D1
C10389A8
C10421B0
C104BBE4
C105583B
C105F6AE
C1069734
C10739C3
C107DE53
C10884D9
C1092D4A
C109D79C
C10A83C3
C10B31B3
C10BE160
C10C92BE
C10D45C0
C10DFA59
C10EB07D
C10F681E
C110212E
C110DBA1
C1119769
C1125478
C11312C1
C113D236
C11492CA
C115546F
C1161719
C116DAB9
C1179F44
C11864AB
C1192AE3
C119F1DF
C11AB992
C11B81F1
C11C4AF0
C11D1482
C11DDE9E
C11EA936
C11F7442
C1203FB5
C1210B86
C121D7AB
C122A419
C12370C7
C1243DAD
C1250AC0
C125D7F8
C126A54D
C12772B6
C128402B
C1290DA5
C129DB1C
C12AA889
C12B75E5
C12C432A
C12D104F
C12DDD51
C12EAA27
C12F76CD
C130433D
C1310F71
C131DB65
C132A713
C1337277
C1343D8B
C135084C
C135D2B6
C1369CC4
C1376673
C1382FBF
C138F8A4
C139C11F
C13A892E
C13B50CD
C13C17F9
C13CDEB0
C13DA4F0
C13E6AB6
C13F2FFF
C13FF4CB
C140B916
C1417CE0
C1424027
C14302E9
C143C525
C14486DA
C1454807
C14608AB
C146C8C6
C1478856
C148475A
C14905D4
C149C3C2
C14A8123
C14B3DF9
C14BFA43
C14CB601
C14D7134
C14E2BDB
C14EE5F7
C14F9F88
C1505890
C151110F
C151C905
C1528073
C153375B
C153EDBC
C154A39A
C15558F3
C1560DCA
C156C21F
C15775F5
C158294B
C158DC25
C1598E82
C15A4065
C15AF1CF
C15BA2C1
C15C533E
C15D0346
C15DB2DC
C15E6200
C15F10B6
C15FBEFE
C0D6F5D1
C0D70448
C0D71336
C0D7229F
C0D73286
C0D742EF
C0D753DE
C0D76558
C0D77760
C0D789FA
C0D79D2B
C0D7B0F8
C0D7C565
C0D7DA76
C0D7F031
C0D8069B
C0D81DB9
C0D8358F
C0D84E25
C0D8677E
C0D881A1
C0D89C93
C0D8B85B
C0D8D4FF
C0D8F285
C0D910F4
C0D93051
C0D950A5
C0D971F7
C0D9944C
C0D9B7AD
C0D9DC22
C0DA01B1
C0DA2864
C0DA5041
C0DA7952
C0DAA3A0
C0DACF31
C0DAFC11
C0DB2A47
C0DB59DE
C0DB8ADF
C0DBBD53
C0DBF146
C0DC26C0
C0DC5DCD
C0DC9678
C0DCD0CA
C0DD0CD1
C0DD4A97
C0DD8A27
C0DDCB8F
C0DE0ED9
C0DE5413
C0DE9B49
C0DEE488
C0DF2FDE
C0DF7D57
C0DFCD02
C0E01EEC
C0E07323
C0E0C9B7
C0E122B5
C0E17E2C
C0E1DC2B
C0E23CC2
C0E2A000
C0E305F5
C0E36EB0
C0E3DA41
C0E448B9
C0E4BA28
C0E52E9E
C0E5A62C
C0E620E2
C0E69ED2
C0E7200B
C0E7A49E
C0E82C9D
C0E8B818
C0E94720
C0E9D9C4
C0EA7017
C0EB0A28
C0EBA807
C0EC49C4
C0ECEF70
C0ED9918
C0EE46CD
C0EEF89D
C0EFAE96
C0F068C7
C0F1273B
C0F1EA01
C0F2B123
C0F37CAE
C0F44CAC
C0F52127
C0F5FA28
C0F6D7B8
C0F7B9DD
C0F8A09F
C0F98C01
C0FA7C0A
C0FB70BC
C0FC6A19
C0FD6823
C0FE6AD9
C0FF723A
C1003F21
C100C778
C101521E
C101DF11
C1026E4C
C102FFCC
C103938B
C1042984
C104C1AF
C1055C07
C105F884
C106971D
C10737CB
C107DA83
C1087F3D
C10925EE
C109CE8C
C10A790C
C10B2562
C10BD382
C10C8362
C10D34F3
C10DE82A
C10E9CFA
C10F5355
C1100B30
C110C47B
C1117F2A
C1123B30
C112F87F
C113B709
C11476C1
C1153799
C115F985
C116BC77
C1178061
C1184537
C1190AEC
C119D173
C11A98C0
C11B60C6
C11C2979
C11CF2CE
C11DBCB9
C11E872F
C11F5223
C1201D8D
C120E960
C121B593
C122821B
C1234EEE
C1241C04
C124E953
C125B6D1
C1268476
C127523A
C1282014
C128EDFC
C129BBEB
C12A89D8
C12B57BD
C12C2593
C12CF353
C12DC0F6
C12E8E76
C12F5BCD
C13028F5
C130F5E9
C131C2A3
C1328F1E
C1335B54
C1342742
C134F2E1
C135BE2F
C1368927
C13753C4
C1381E03
C138E7E0
C139B158
C13A7A67
C13B430A
C13C0B3E
C13CD301
C13D9A4F
C13E6126
C13F2784
C13FED66
C140B2CB
C14177B0
C1423C14
C142FFF5
C143C351
C1448628
C1454878
C1460A3F
C146CB7E
C1478C32
C1484C5C
C1490BFB
C149CB0D
C14A8994
C14B478E
C14C04FC
C14CC1DD
C14D7E31
C14E39F9
C14EF535
C14FAFE5
C1506A09
C15123A2
C151DCB2
C1529537
C1534D34
C15404A8
C154BB96
C15571FD
C15627DF
C156DD3D
C1579219
C1584673
C158FA4C
C159ADA7
C15A6084
C15B12E4
C15BC4CA
C15C7637
C15D272C
C15DD7AC
C15E87B6
C15F374E
C15FE675
C160952D
C0D82E0A
C0D83C81
C0D84B70
C0D85ADA
C0D86AC2
C0D87B2C
C0D88C1C
C0D89D97
C0D8AF9F
C0D8C23B
C0D8D56D
C0D8E93B
C0D8FDA9
C0D912BC
C0D92879
C0D93EE4
C0D95603
C0D96DDB
C0D98672
C0D99FCD
C0D9B9F1
C0D9D4E6
C0D9F0B0
C0DA0D55
C0DA2ADD
C0DA494E
C0DA68AE
C0DA8905
C0DAAA58
C0DACCB0
C0DAF014
C0DB148C
C0DB3A1E
C0DB60D3
C0DB88B4
C0DBB1C9
C0DBDC19
C0DC07AE
C0DC3492
C0DC62CC
C0DC9267
C0DCC36C
C0DCF5E4
C0DD29DB
C0DD5F5A
C0DD966C
C0DDCF1C
C0DE0974
C0DE4580
C0DE834C
C0DEC2E2
C0DF0450
C0DF47A1
C0DF8CE1
C0DFD41E
C0E01D65
C0E068C2
C0E0B643
C0E105F6
C0E157E9
C0E1AC29
C0E202C6
C0E25BCD
C0E2B74E
C0E31558
C0E375FA
C0E3D943
C0E43F43
C0E4A80B
C0E513A9
C0E5822E
C0E5F3AA
C0E6682E
C0E6DFCB
C0E75A90
C0E7D890
C0E859D9
C0E8DE7E
C0E9668E
C0E9F21B
C0EA8136
C0EB13EF
C0EBAA56
C0EC447C
C0ECE271
C0ED8446
C0EE2A09
C0EED3CA
C0EF8199
C0F03383
C0F0E998
C0F1A3E5
C0F26277
C0F3255B
C0F3EC9D
C0F4B849
C0F58869
C0F65D07
C0F7362D
C0F813E2
C0F8F62E
C0F9DD18
C0FAC8A5
C0FBB8D9
C0FCADB8
C0FDA743
C0FEA57D
C0FFA864
C10057FC
C100DE1B
C101668D
C101F14F
C1027E5F
C1030DB9
C1039F58
C1043337
C104C950
C105619E
C105FC19
C10698BA
C1073779
C107D84D
C1087B2D
C1092010
C109C6EC
C10A6FB5
C10B1A62
C10BC6E6
C10C7536
C10D2545
C10DD709
C10E8A74
C10F3F78
C10FF60A
C110AE1D
C11167A2
C112228C
C112DECE
C1139C5B
C1145B25
C1151B1E
C115DC3A
C1169E6A
C11761A2
C11825D5
C118EAF4
C119B0F5
C11A77C9
C11B3F65
C11C07BC
C11CD0C3
C11D9A6D
C11E64AE
C11F2F7C
C11FFACB
C120C690
C12192C1
C1225F54
C1232C3E
C123F975
C124C6F1
C12594A7
C126628E
C127309F
C127FED0
C128CD19
C1299B72
C12A69D3
C12B3835
C12C0690
C12CD4DE
C12DA318
C12E7137
C12F3F34
C1300D0A
C130DAB3
C131A829
C1327567
C1334267
C1340F25
C134DB9B
C135A7C5
C136739E
C1373F22
C1380A4D
C138D51B
C1399F89
C13A6992
C13B3333
C13BFC6A
C13CC533
C13D8D8A
C13E556F
C13F1CDD
C13FE3D2
C140AA4D
C141704A
C14235C9
C142FAC6
C143BF41
C1448338
C14546A9
C1460993
C146CBF6
C1478DCF
C1484F1E
C1490FE2
C149D01A
C14A8FC7
C14B4EE7
C14C0D7A
C14CCB80
C14D88F9
C14E45E4
C14F0243
C14FBE14
C1507958
C1513410
C151EE3D
C152A7DE
C15360F4
C1541980
C154D183
C15588FD
C1563FF0
C156F65D
C157AC44
C15861A6
C1591686
C159CAE4
C15A7EC1
C15B321F
C15BE500
C15C9764
C15D494D
C15DFABC
C15EABB4
C15F5C36
C1600C43
C160BBDD
C1616B06
C0D9665B
C0D974D4
C0D983C3
C0D9932D
C0D9A316
C0D9B381
C0D9C473
C0D9D5EE
C0D9E7F8
C0D9FA95
C0DA0DC8
C0DA2197
C0DA3607
C0DA4B1B
C0DA60D8
C0DA7745
C0DA8E66
C0DAA63F
C0DABED8
C0DAD834
C0DAF25A
C0DB0D50
C0DB291C
C0DB45C4
C0DB634E
C0DB81C1
C0DBA123
C0DBC17C
C0DBE2D2
C0DC052D
C0DC2893
C0DC4D0D
C0DC72A2
C0DC995B
C0DCC13E
C0DCEA56
C0DD14AA
C0DD4043
C0DD6D29
C0DD9B67
C0DDCB06
C0DDFC0F
C0DE2E8C
C0DE6287
C0DE980B
C0DECF22
C0DF07D6
C0DF4233
C0DF7E45
C0DFBC16
C0DFFBB2
C0E03D26
C0E0807D
C0E0C5C4
C0E10D08
C0E15656
C0E1A1BA
C0E1EF43
C0E23EFE
C0E290F9
C0E2E542
C0E33BE8
C0E394F9
C0E3F083
C0E44E97
C0E4AF43
C0E51297
C0E578A3
C0E5E176
C0E64D20
C0E6BBB2
C0E72D3C
C0E7A1CE
C0E81978
C0E8944C
C0E9125B
C0E993B4
C0EA1869
C0EAA08B
C0EB2C2A
C0EBBB57
C0EC4E23
C0ECE49F
C0ED7ED9
C0EE1CE4
C0EEBECF
C0EF64A9
C0F00E82
C0F0BC69
C0F16E6D
C0F2249D
C0F2DF05
C0F39DB4
C0F460B6
C0F52817
C0F5F3E2
C0F6C423
C0F798E4
C0F8722D
C0F95007
C0FA3279
C0FB198A
C0FC0540
C0FCF59E
C0FDEAA8
C0FEE461
C0FFE2C9
C10072F0
C100F6D3
C1017D0C
C1020598
C1029076
C1031DA2
C103AD19
C1043ED6
C104D2D4
C105690E
C106017D
C1069C1A
C10738DF
C107D7C2
C10878BC
C1091BC3
C109C0CD
C10A67D2
C10B10C6
C10BBB9D
C10C684E
C10D16CC
C10DC70C
C10E7900
C10F2C9D
C10FE1D6
C110989D
C11150E5
C1120AA2
C112C5C6
C1138244
C114400D
C114FF15
C115BF4E
C11680AB
C117431F
C118069C
C118CB15
C119907D
C11A56C7
C11B1DE7
C11BE5D1
C11CAE77
C11D77CF
C11E41CB
C11F0C61
C11FD786
C120A32D
C1216F4D
C1223BDA
C12308CB
C123D615
C124A3AE
C125718D
C1263FA9
C1270DF8
C127DC72
C128AB0E
C12979C4
C12A488C
C12B175E
C12BE633
C12CB503
C12D83C8
C12E5279
C12F2112
C12FEF8B
C130BDDF
C1318C07
C13259FE
C13327BE
C133F542
C134C285
C1358F82
C1365C35
C1372898
C137F4A7
C138C05F
C1398BBB
C13A56B8
C13B2151
C13BEB84
C13CB54E
C13D7EAA
C13E4796
C13F1010
C13FD814
C1409FA0
C14166B3
C1422D48
C142F360
C143B8F6
C1447E0B
C145429C
C14606A7
C146CA2C
C1478D29
C1484F9D
C1491186
C149D2E5
C14A93B8
C14B53FF
C14C13B9
C14CD2E5
C14D9184
C14E4F95
C14F0D18
C14FCA0E
C1508675
C1514250
C151FD9C
C152B85C
C1537290
C1542C38
C154E555
C1559DE7
C15655F0
C1570D70
C157C468
C1587AD9
C15930C5
C159E62C
C15A9B10
C15B4F72
C15C0353
C15CB6B4
C15D6998
C15E1BFF
C15ECDEA
C15F7F5D
C1603057
C160E0DB
C16190EA
C1624087
C0DA9EC4
C0DAAD3E
C0DABC2E
C0DACB99
C0DADB83
C0DAEBEF
C0DAFCE1
C0DB0E5D
C0DB2068
C0DB3306
C0DB463B
C0DB5A0B
C0DB6E7B
C0DB8391
C0DB9950
C0DBAFBE
C0DBC6E0
C0DBDEBB
C0DBF755
C0DC10B3
C0DC2ADB
C0DC45D2
C0DC61A0
C0DC7E4A
C0DC9BD6
C0DCBA4B
C0DCD9AF
C0DCFA0A
C0DD1B62
C0DD3DBF
C0DD6128
C0DD85A5
C0DDAB3D
C0DDD1F8
C0DDF9DF
C0DE22FA
C0DE4D50
C0DE78ED
C0DEA5D7
C0DED419
C0DF03BB
C0DF34C8
C0DF6749
C0DF9B48
C0DFD0D1
C0E007EC
C0E040A5
C0E07B08
C0E0B71E
C0E0F4F5
C0E13497
C0E17610
C0E1B96E
C0E1FEBB
C0E24606
C0E28F5A
C0E2DAC6
C0E32856
C0E37819
C0E3CA1C
C0E41E6D
C0E4751B
C0E4CE35
C0E529C9
C0E587E7
C0E5E89D
C0E64BFC
C0E6B212
C0E71AF1
C0E786A7
C0E7F545
C0E866DB
C0E8DB7B
C0E95333
C0E9CE16
C0EA4C33
C0EACD9C
C0EB5261
C0EBDA93
C0EC6644
C0ECF583
C0ED8861
C0EE1EF0
C0EEB93F
C0EF575E
C0EFF95E
C0F09F4F
C0F1493F
C0F1F73F
C0F2A95C
C0F35FA5
C0F41A28
C0F4D8F3
C0F59C11
C0F66390
C0F72F7B
C0F7FFDC
C0F8D4BD
C0F9AE29
C0FA8C26
C0FB6EBE
C0FC55F5
C0FD41D2
C0FE3259
C0FF278D
C10010B9
C1009003
C10111A6
C10195A1
C1021BF3
C102A499
C1032F92
C103BCDA
C1044C6D
C104DE47
C1057264
C10608BD
C106A14C
C1073C0A
C107D8F1
C10877F8
C1091916
C109BC43
C10A6174
C10B08A1
C10BB1BE
C10C5CC0
C10D099C
C10DB847
C10E68B5
C10F1AD9
C10FCEA7
C1108412
C1113B0C
C111F38A
C112AD7E
C11368DA
C1142591
C114E396
C115A2DA
C1166352
C11724EF
C117E7A4
C118AB64
C1197022
C11A35D0
C11AFC63
C11BC3CD
C11C8C02
C11D54F7
C11E1E9D
C11EE8EB
C11FB3D4
C1207F4D
C1214B4B
C12217C4
C122E4AB
C123B1F8
C1247FA0
C1254D9A
C1261BDB
C126EA5A
C127B90F
C12887F1
C12956F6
C12A2618
C12AF54D
C12BC48E
C12C93D4
C12D6317
C12E3250
C12F0178
C12FD089
C1309F7C
C1316E4C
C1323CF1
C1330B67
C133D9A8
C134A7AF
C1357576
C13642F8
C1371032
C137DD1D
C138A9B7
C13975FA
C13A41E3
C13B0D6E
C13BD897
C13CA35A
C13D6DB5
C13E37A4
C13F0124
C13FCA32
C14092CB
C1415AEE
C1422297
C142E9C5
C143B074
C14476A4
C1453C52
C146017D
C146C622
C1478A41
C1484DD9
C14910E7
C149D36B
C14A9565
C14B56D2
C14C17B3
C14CD807
C14D97CE
C14E5706
C14F15B0
C14FD3CC
C1509159
C1514E58
C1520AC8
C152C6AB
C1538200
C1543CC7
C154F702
C155B0B0
C15669D3
C157226B
C157DA7A
C15891FF
C15948FC
C159FF72
C15AB562
C15B6ACD
C15C1FB5
C15CD41A
C15D87FF
C15E3B63
C15EEE4A
C15FA0B4
C16052A2
C1610417
C161B514
C162659A
C16315AB
C0DBD745
C0DBE5BE
C0DBF4B0
C0DC041C
C0DC1406
C0DC2473
C0DC3566
C0DC46E3
C0DC58EF
C0DC6B8E
C0DC7EC4
C0DC9295
C0DCA707
C0DCBC1D
C0DCD1DD
C0DCE84D
C0DCFF70
C0DD174D
C0DD2FE8
C0DD4947
C0DD6371
C0DD7E6B
C0DD9A3A
C0DDB6E5
C0DDD473
C0DDF2EA
C0DE1251
C0DE32AE
C0DE5409
C0DE7668
C0DE99D3
C0DEBE52
C0DEE3ED
C0DF0AAB
C0DF3295
C0DF5BB2
C0DF860C
C0DFB1AC
C0DFDE99
C0E00CDF
C0E03C85
C0E06D95
C0E0A01A
C0E0D41E
C0E109AA
C0E140CA
C0E17988
C0E1B3EF
C0E1F00B
C0E22DE7
C0E26D8E
C0E2AF0D
C0E2F271
C0E337C4
C0E37F15
C0E3C870
C0E413E3
C0E4617B
C0E4B145
C0E5034F
C0E557A9
C0E5AE60
C0E60782
C0E66320
C0E6C147
C0E72207
C0E78570
C0E7EB91
C0E8547A
C0E8C03C
C0E92EE6
C0E9A089
C0EA1535
C0EA8CFA
C0EB07EB
C0EB8617
C0EC078E
C0EC8C63
C0ED14A6
C0EDA067
C0EE2FB7
C0EEC2A8
C0EF5949
C0EFF3AB
C0F091DF
C0F133F4
C0F1D9FA
C0F28401
C0F33218
C0F3E44D
C0F49AB0
C0F5554D
C0F61432
C0F6D76D
C0F79F09
C0F86B11
C0F93B91
C0FA1093
C0FAEA20
C0FBC840
C0FCAAFB
C0FD9257
C0FE7E5A
C0FF6F09
C1003233
C100AF3A
C1012E9B
C101B055
C1023467
C102BAD1
C1034390
C103CEA3
C1045C05
C104EBB4
C1057DAB
C10611E5
C106A85C
C107410B
C107DBEA
C10878F2
C109181B
C109B95D
C10A5CAE
C10B0205
C10BA959
C10C529D
C10CFDC9
C10DAAD0
C10E59A7
C10F0A42
C10FBC94
C1107091
C111262D
C111DD5A
C112960C
C1135035
C1140BC7
C114C8B7
C11586F5
C1164675
C1170729
C117C905
C1188BFA
C1194FFB
C11A14FC
C11ADAF0
C11BA1C9
C11C697C
C11D31FB
C11DFB3B
C11EC530
C11F8FCD
C1205B07
C12126D3
C121F326
C122BFF5
C1238D36
C1245ADD
C12528E1
C125F739
C126C5DA
C12794BC
C12863D4
C129331C
C12A0289
C12AD214
C12BA1B4
C12C7163
C12D4118
C12E10CC
C12EE077
C12FB014
C1307F9C
C1314F07
C1321E51
C132ED72
C133BC66
C1348B26
C13559AD
C13627F7
C136F5FE
C137C3BD
C138912F
C1395E52
C13A2B1F
C13AF793
C13BC3AB
C13C8F61
C13D5AB4
C13E259F
C13EF020
C13FBA33
C14083D4
C1414D03
C14215BB
C142DDFA
C143A5BF
C1446D06
C14533CE
C145FA15
C146BFD9
C1478518
C14849D2
C1490E03
C149D1AC
C14A94CB
C14B575F
C14C1968
C14CDAE3
C14D9BD1
C14E5C32
C14F1C04
C14FDB48
C15099FC
C1515822
C15215B9
C152D2C0
C1538F39
C1544B24
C1550680
C155C14F
C1567B90
C1573545
C157EE6E
C158A70C
C1595F1F
C15A16A9
C15ACDAB
C15B8425
C15C3A1A
C15CEF89
C15DA474
C15E58DD
C15F0CC4
C15FC02C
C1607315
C1612582
C161D773
C16288EA
C16339E9
C163EA71
C0DD0FDA
C0DD1E55
C0DD2D47
C0DD3CB4
C0DD4C9F
C0DD5D0C
C0DD6E00
C0DD7F7F
C0DD918C
C0DDA42B
C0DDB762
C0DDCB34
C0DDDFA7
C0DDF4BF
C0DE0A80
C0DE20F1
C0DE3816
C0DE4FF4
C0DE6890
C0DE81F1
C0DE9C1D
C0DEB718
C0DED2E9
C0DEEF96
C0DF0D26
C0DF2B9F
C0DF4B07
C0DF6B66
C0DF8CC3
C0DFAF25
C0DFD293
C0DFF714
C0E01CB1
C0E04372
C0E06B5E
C0E0947F
C0E0BEDC
C0E0EA7F
C0E11770
C0E145B8
C0E17562
C0E1A676
C0E1D8FF
C0E20D07
C0E24297
C0E279BB
C0E2B27E
C0E2ECEA
C0E3290A
C0E366EB
C0E3A698
C0E3E81D
C0E42B86
C0E470DF
C0E4B837
C0E50198
C0E54D11
C0E59AB0
C0E5EA81
C0E63C94
C0E690F5
C0E6E7B4
C0E740DF
C0E79C85
C0E7FAB5
C0E85B7F
C0E8BEF2
C0E9251D
C0E98E11
C0E9F9DE
C0EA6894
C0EADA42
C0EB4EFB
C0EBC6CE
C0EC41CC
C0ECC005
C0ED418C
C0EDC66F
C0EE4EC2
C0EEDA93
C0EF69F4
C0EFFCF6
C0F093AA
C0F12E1F
C0F1CC66
C0F26E8F
C0F314AB
C0F3BEC7
C0F46CF5
C0F51F41
C0F5D5BC
C0F69073
C0F74F72
C0F812C8
C0F8DA80
C0F9A6A5
C0FA7744
C0FB4C65
C0FC2612
C0FD0453
C0FDE731
C0FECEB1
C0FFBAD9
C10055D7
C100D09A
C1014DB6
C101CD2B
C1024EFB
C102D324
C10359A6
C103E27D
C1046DA9
C104FB25
C1058AEF
C1061D02
C106B158
C10747ED
C107E0BA
C1087BB8
C10918E1
C109B82B
C10A5990
C10AFD05
C10BA281
C10C49FA
C10CF366
C10D9EB9
C10E4BEA
C10EFAEB
C10FABB1
C1105E31
C111125D
C111C828
C1127F86
C113386B
C113F2C7
C114AE8F
C1156BB5
C1162A2C
C116E9E6
C117AAD5
C1186CEE
C1193021
C119F463
C11AB9A6
C11B7FDD
C11C46FB
C11D0EF4
C11DD7BC
C11EA146
C11F6B86
C1203671
C12101FB
C121CE19
C1229ABF
C12367E3
C124357A
C125037A
C125D1D8
C126A08C
C1276F8C
C1283ECD
C1290E48
C129DDF3
C12AADC6
C12B7DB9
C12C4DC3
C12D1DDD
C12DEDFF
C12EBE23
C12F8E3F
C1305E4F
C1312E4B
C131FE2E
C132CDEF
C1339D8B
C1346CFA
C1353C38
C1360B3F
C136DA09
C137A892
C13876D6
C13944CE
C13A1277
C13ADFCD
C13BACCC
C13C796F
C13D45B2
C13E1193
C13EDD0E
C13FA81F
C14072C3
C1413CF7
C14206B9
C142D006
C14398DB
C1446136
C1452914
C145F074
C146B753
C1477DB0
C1484389
C14908DC
C149CDA8
C14A91EB
C14B55A5
C14C18D4
C14CDB77
C14D9D8D
C14E5F16
C14F2011
C14FE07D
C150A05B
C1515FA9
C1521E67
C152DC97
C1539A36
C1545746
C15513C7
C155CFB9
C1568B1D
C15745F2
C158003A
C158B9F4
C1597323
C15A2BC6
C15AE3DE
C15B9B6D
C15C5273
C15D08F2
C15DBEEA
C15E745D
C15F294C
C15FDDB8
C16091A2
C161450D
C161F7F9
C162AA68
C1635C5B
C1640DD5
C164BED6
C0DE4885
C0DE5700
C0DE65F3
C0DE7560
C0DE854C
C0DE95BB
C0DEA6B0
C0DEB82F
C0DECA3D
C0DEDCDD
C0DEF015
C0DF03E8
C0DF185C
C0DF2D75
C0DF4338
C0DF59AA
C0DF70CF
C0DF88AF
C0DFA14D
C0DFBAAF
C0DFD4DC
C0DFEFD9
C0E00BAC
C0E0285B
C0E045EC
C0E06467
C0E083D1
C0E0A433
C0E0C592
C0E0E7F5
C0E10B65
C0E12FE9
C0E15589
C0E17C4C
C0E1A43B
C0E1CD5F
C0E1F7BF
C0E22364
C0E25059
C0E27EA4
C0E2AE52
C0E2DF69
C0E311F6
C0E34602
C0E37B96
C0E3B2BF
C0E3EB86
C0E425F6
C0E4621B
C0E4A001
C0E4DFB3
C0E5213D
C0E564AC
C0E5AA0B
C0E5F168
C0E63AD0
C0E68650
C0E6D3F5
C0E723CE
C0E775E7
C0E7CA50
C0E82117
C0E87A4A
C0E8D5F9
C0E93432
C0E99505
C0E9F882
C0EA5EB7
C0EAC7B5
C0EB338D
C0EBA24E
C0EC1408
C0EC88CD
C0ED00AC
C0ED7BB7
C0EDF9FE
C0EE7B93
C0EF0085
C0EF88E6
C0F014C7
C0F0A439
C0F1374C
C0F1CE11
C0F26898
C0F306F2
C0F3A92F
C0F44F5F
C0F4F991
C0F5A7D4
C0F65A38
C0F710CA
C0F7CB99
C0F88AB2
C0F94E22
C0FA15F5
C0FAE237
C0FBB2F2
C0FC8831
C0FD61FE
C0FE4060
C0FF235F
C1000581
C1007BA7
C100F424
C1016EFA
C101EC2A
C1026BB4
C102ED9A
C10371D9
C103F871
C1048160
C1050CA4
C1059A3A
C1062A1E
C106BC4B
C10750BD
C107E76F
C1088059
C1091B76
C109B8BE
C10A582A
C10AF9AF
C10B9D47
C10C42E6
C10CEA84
C10D9416
C10E3F91
C10EECE9
C10F9C14
C1104D05
C110FFB1
C111B40A
C1126A04
C1132192
C113DAA7
C1149536
C1155132
C1160E8E
C116CD3B
C1178D2D
C1184E57
C11910AA
C119D41B
C11A989B
C11B5E1E
C11C2497
C11CEBF8
C11DB437
C11E7D45
C11F4718
C12011A2
C120DCD9
C121A8B1
C122751E
C1234215
C1240F8C
C124DD78
C125ABCF
C1267A87
C1274995
C12818F1
C128E891
C129B86C
C12A8879
C12B58B0
C12C2909
C12CF97B
C12DC9FE
C12E9A8C
C12F6B1C
C1303BA9
C1310C2A
C131DC99
C132ACF0
C1337D28
C1344D3C
C1351D25
C135ECDF
C136BC63
C1378BAD
C1385AB7
C139297D
C139F7FA
C13AC629
C13B9406
C13C618D
C13D2EBA
C13DFB89
C13EC7F7
C13F93FF
C1405FA0
C1412AD5
C141F59B
C142BFEF
C14389D0
C144533A
C1451C2A
C145E49F
C146AC96
C147740D
C1483B02
C1490174
C149C760
C14A8CC6
C14B51A3
C14C15F7
C14CD9C1
C14D9CFF
C14E5FB0
C14F21D3
C14FE369
C150A470
C15164E7
C15224CF
C152E428
C153A2F0
C1546128
C1551ED0
C155DBE8
C1569871
C157546A
C1580FD4
C158CAAF
C15984FD
C15A3EBD
C15AF7F1
C15BB099
C15C68B6
C15D204A
C15DD754
C15E8DD6
C15F43D2
C15FF948
C160AE3A
C16162AA
C1621697
C162CA04
C1637CF3
C1642F64
C164E15A
C16592D5
C0DF8143
C0DF8FBF
C0DF9EB2
C0DFAE20
C0DFBE0D
C0DFCE7D
C0DFDF72
C0DFF0F2
C0E00301
C0E015A2
C0E028DB
C0E03CB0
C0E05125
C0E0663E
C0E07C02
C0E09275
C0E0A99D
C0E0C17D
C0E0DA1D
C0E0F381
C0E10DAF
C0E128AD
C0E14481
C0E16132
C0E17EC6
C0E19D42
C0E1BCAE
C0E1DD12
C0E1FE73
C0E220D8
C0E2444B
C0E268D1
C0E28E73
C0E2B539
C0E2DD2B
C0E30651
C0E330B4
C0E35C5C
C0E38953
C0E3B7A3
C0E3E753
C0E4186E
C0E44AFF
C0E47F0E
C0E4B4A7
C0E4EBD3
C0E5249E
C0E55F13
C0E59B3D
C0E5D927
C0E618DE
C0E65A6E
C0E69DE2
C0E6E347
C0E72AAA
C0E77418
C0E7BF9E
C0E80D4A
C0E85D29
C0E8AF4A
C0E903BA
C0E95A88
C0E9B3C4
C0EA0F7B
C0EA6DBC
C0EACE98
C0EB321E
C0EB985D
C0EC0166
C0EC6D47
C0ECDC13
C0ED4DD9
C0EDC2A9
C0EE3A95
C0EEB5AC
C0EF3401
C0EFB5A3
C0F03AA3
C0F0C313
C0F14F03
C0F1DE85
C0F271A8
C0F3087E
C0F3A317
C0F44184
C0F4E3D4
C0F58A17
C0F6345E
C0F6E2B6
C0F79530
C0F84BD9
C0F906C0
C0F9C5F1
C0FA897A
C0FB5168
C0FC1DC5
C0FCEE9D
C0FDC3F9
C0FE9DE4
C0FF7C66
C1002FC3
C100A3A5
C10119DD
C101926C
C1020D55
C1028A98
C1030A36
C1038C30
C1041085
C1049733
C1052039
C105AB95
C1063943
C106C940
C1075B87
C107F015
C10886E2
C1091FE9
C109BB24
C10A588B
C10AF815
C10B99BC
C10C3D75
C10CE337
C10D8AF9
C10E34AF
C10EE050
C10F8DD0
C1103D23
C110EE3D
C111A113
C1125598
C1130BC0
C113C37C
C1147CC1
C1153782
C115F3B1
C116B140
C1177023
C118304C
C118F1AE
C119B43B
C11A77E7
C11B3CA4
C11C0266
C11CC91F
C11D90C2
C11E5944
C11F2298
C11FECB1
C120B784
C1218306
C1224F29
C1231BE4
C123E92B
C124B6F3
C1258533
C12653DF
C12722ED
C127F254
C128C20B
C1299207
C12A6240
C12B32AE
C12C0347
C12CD404
C12DA4DB
C12E75C7
C12F46BE
C13017BA
C130E8B4
C131B9A4
C1328A84
C1335B4E
C1342BFB
C134FC86
C135CCE8
C1369D1C
C1376D1C
C1383CE3
C1390C6D
C139DBB3
C13AAAB3
C13B7966
C13C47C9
C13D15D7
C13DE38D
C13EB0E6
C13F7DE0
C1404A75
C14116A4
C141E268
C142ADBF
C14378A5
C1444318
C1450D16
C145D69B
C1469FA5
C1476832
C1483041
C148F7CE
C149BED8
C14A855D
C14B4B5C
C14C10D4
C14CD5C2
C14D9A26
C14E5DFE
C14F214A
C14FE409
C150A639
C15167DA
C15228ED
C152E96F
C153A961
C15468C3
C1552794
C155E5D4
C156A385
C15760A4
C1581D34
C158D934
C15994A4
C15A4F86
C15B09D9
C15BC39F
C15C7CD7
C15D3584
C15DEDA6
C15EA53D
C15F5C4B
C16012D2
C160C8D1
C1617E4A
C1623340
C162E7B2
C1639BA2
C1644F12
C1650203
C165B476
C166666E
C0E0BA14
C0E0C891
C0E0D785
C0E0E6F3
C0E0F6E1
C0E10751
C0E11848
C0E129C8
C0E13BD8
C0E14E7A
C0E161B4
C0E1758A
C0E189FF
C0E19F1A
C0E1B4E0
C0E1CB54
C0E1E27C
C0E1FA5E
C0E212FF
C0E22C64
C0E24694
C0E26194
C0E27D69
C0E29A1C
C0E2B7B1
C0E2D62F
C0E2F59D
C0E31602
C0E33765
C0E359CD
C0E37D42
C0E3A1CA
C0E3C76F
C0E3EE37
C0E4162B
C0E43F54
C0E469BA
C0E49565
C0E4C25F
C0E4F0B2
C0E52065
C0E55184
C0E58418
C0E5B82B
C0E5EDC7
C0E624F8
C0E65DC7
C0E69840
C0E6D46E
C0E7125E
C0E75219
C0E793AE
C0E7D727
C0E81C91
C0E863FA
C0E8AD6E
C0E8F8FA
C0E946AC
C0E99692
C0E9E8BA
C0EA3D31
C0EA9407
C0EAED4A
C0EB4909
C0EBA753
C0EC0838
C0EC6BC6
C0ECD20F
C0ED3B21
C0EDA70D
C0EE15E3
C0EE87B4
C0EEFC90
C0EF7487
C0EFEFAB
C0F06E0C
C0F0EFBB
C0F174C9
C0F1FD47
C0F28947
C0F318D7
C0F3AC0B
C0F442F1
C0F4DD9B
C0F57C1A
C0F61E7C
C0F6C4D3
C0F76F2D
C0F81D9A
C0F8D029
C0F986E8
C0FA41E6
C0FB012F
C0FBC4D1
C0FC8CD8
C0FD5950
C0FE2A43
C0FEFFBC
C0FFD9C5
C1005C32
C100CDD2
C10141C5
C101B80D
C10230AE
C102ABA9
C10328FF
C103A8B1
C1042ABE
C104AF28
C10535EC
C105BF08
C1064A7B
C106D840
C1076856
C107FAB7
C1088F5E
C1092647
C109BF6A
C10A5AC1
C10AF846
C10B97EF
C10C39B5
C10CDD8F
C10D8373
C10E2B57
C10ED532
C10F80F7
C1102E9D
C110DE17
C1118F5A
C112425A
C112F70A
C113AD5D
C1146547
C1151EBB
C115D9AB
C116960B
C11753CD
C11812E4
C118D343
C11994DC
C11A57A2
C11B1B87
C11BE080
C11CA67F
C11D6D76
C11E355A
C11EFE1E
C11FC7B5
C1209213
C1215D2D
C12228F7
C122F565
C123C26C
C1249001
C1255E19
C1262CAA
C126FBA9
C127CB0C
C1289ACA
C1296ADA
C12A3B31
C12B0BC7
C12BDC92
C12CAD8C
C12D7EAB
C12E4FE6
C12F2138
C12FF297
C130C3FD
C1319562
C13266C0
C133380F
C134094A
C134DA6B
C135AB6A
C1367C43
C1374CEF
C1381D69
C138EDAD
C139BDB4
C13A8D7A
C13B5CFA
C13C2C30
C13CFB17
C13DC9AB
C13E97E8
C13F65CB
C140334E
C141006F
C141CD2B
C142997D
C1436563
C14430DA
C144FBDF
C145C66F
C1469088
C1475A27
C148234A
C148EBEF
C149B413
C14A7BB5
C14B42D3
C14C096B
C14CCF7C
C14D9504
C14E5A02
C14F1E75
C14FE25C
C150A5B5
C1516880
C1522ABC
C152EC69
C153AD86
C1546E12
C1552E0E
C155ED79
C156AC52
C1576A9B
C1582853
C158E57A
C159A210
C15A5E16
C15B198C
C15BD474
C15C8ECC
C15D4897
C15E01D5
C15EBA86
C15F72AC
C1602A47
C160E159
C16197E3
C1624DE5
C1630362
C163B85A
C1646CCF
C16520C1
C165D434
C1668727
C167399D
C0E1F2F7
C0E20174
C0E21069
C0E21FD8
C0E22FC7
C0E24037
C0E2512F
C0E262B0
C0E274C1
C0E28764
C0E29A9F
C0E2AE75
C0E2C2EC
C0E2D808
C0E2EDCE
C0E30444
C0E31B6D
C0E33350
C0E34BF2
C0E36559
C0E37F8A
C0E39A8B
C0E3B663
C0E3D317
C0E3F0AD
C0E40F2D
C0E42E9D
C0E44F04
C0E47069
C0E492D3
C0E4B64A
C0E4DAD4
C0E5007B
C0E52746
C0E54F3D
C0E57868
C0E5A2D0
C0E5CE7E
C0E5FB7B
C0E629D1
C0E65988
C0E68AAA
C0E6BD41
C0E6F157
C0E726F7
C0E75E2C
C0E796FF
C0E7D17C
C0E80DAF
C0E84BA3
C0E88B63
C0E8CCFC
C0E9107A
C0E955EA
C0E99D58
C0E9E6D2
C0EA3264
C0EA801C
C0EAD009
C0EB2237
C0EB76B5
C0EBCD92
C0EC26DD
C0EC82A4
C0ECE0F6
C0ED41E3
C0EDA57A
C0EE0BCC
C0EE74E7
C0EEE0DD
C0EF4FBE
C0EFC199
C0F0367F
C0F0AE82
C0F129B2
C0F1A81F
C0F229DB
C0F2AEF7
C0F33783
C0F3C390
C0F45330
C0F4E673
C0F57D69
C0F61824
C0F6B6B3
C0F75928
C0F7FF91
C0F8A9FE
C0F9587F
C0FA0B23
C0FAC1F8
C0FB7D0C
C0FC3C6C
C0FD0026
C0FDC846
C0FE94D7
C0FF65E5
C1001DBD
C1008ACF
C100FA2E
C1016BDD
C101DFE0
C1025638
C102CEEA
C10349F7
C103C75F
C1044724
C104C945
C1054DC2
C105D49B
C1065DCD
C106E956
C1077733
C1080760
C10899DA
C1092E9A
C109C59D
C10A5EDB
C10AFA4F
C10B97F0
C10C37B7
C10CD99C
C10D7D96
C10E239A
C10ECBA1
C10F759E
C1102187
C110CF52
C1117EF2
C112305C
C112E384
C113985E
C1144EDC
C11506F2
C115C093
C1167BB2
C1173842
C117F636
C118B57F
C1197612
C11A37E1
C11AFADE
C11BBEFC
C11C842F
C11D4A69
C11E119D
C11ED9C0
C11FA2C4
C1206C9D
C121373F
C122029E
C122CEAF
C1239B66
C12468B7
C1253698
C12604FE
C126D3DE
C127A32F
C12872E6
C12942F9
C12A135F
C12AE40F
C12BB500
C12C8628
C12D5780
C12E28FF
C12EFA9D
C12FCC52
C1309E18
C1316FE5
C13241B4
C133137E
C133E53B
C134B6E5
C1358877
C13659E9
C1372B36
C137FC59
C138CD4C
C1399E0A
C13A6E8D
C13B3ED1
C13C0ED1
C13CDE88
C13DADF1
C13E7D0A
C13F4BCD
C1401A36
C140E842
C141B5EE
C1428335
C1435014
C1441C89
C144E88F
C145B425
C1467F47
C14749F2
C1481425
C148DDDD
C149A717
C14A6FD2
C14B380B
C14BFFC1
C14CC6F2
C14D8D9B
C14E53BD
C14F1955
C14FDE62
C150A2E3
C15166D7
C1522A3D
C152ED14
C153AF5C
C1547114
C155323A
C155F2D0
C156B2D5
C1577248
C158312A
C158EF7A
C159AD39
C15A6A67
C15B2703
C15BE310
C15C9E8C
C15D5978
C15E13D6
C15ECDA5
C15F86E7
C1603F9D
C160F7C7
C161AF66
C162667B
C1631D08
C163D30E
C164888D
C1653D88
C165F200
C166A5F5
C1675969
C1680C5F
C0E32BEB
C0E33A69
C0E3495E
C0E358CE
C0E368BD
C0E3792F
C0E38A27
C0E39BA9
C0E3ADBB
C0E3C05F
C0E3D39A
C0E3E772
C0E3FBE9
C0E41107
C0E426CE
C0E43D44
C0E4546F
C0E46C53
C0E484F7
C0E49E5F
C0E4B891
C0E4D394
C0E4EF6C
C0E50C22
C0E529BA
C0E5483C
C0E567AE
C0E58816
C0E5A97D
C0E5CBE9
C0E5EF62
C0E613EE
C0E63997
C0E66064
C0E6885D
C0E6B18B
C0E6DBF6
C0E707A7
C0E734A7
C0E762FF
C0E792B9
C0E7C3DE
C0E7F679
C0E82A93
C0E86036
C0E8976E
C0E8D045
C0E90AC7
C0E946FE
C0E984F6
C0E9C4BB
C0EA0658
C0EA49DC
C0EA8F50
C0EAD6C4
C0EB2043
C0EB6BDB
C0EBB999
C0EC098C
C0EC5BC0
C0ECB045
C0ED072A
C0ED607B
C0EDBC4A
C0EE1AA4
C0EE7B99
C0EEDF39
C0EF4593
C0EFAEB8
C0F01AB7
C0F089A1
C0F0FB87
C0F17078
C0F1E886
C0F263C1
C0F2E23A
C0F36403
C0F3E92B
C0F471C4
C0F4FDE0
C0F58D8E
C0F620DF
C0F6B7E5
C0F752B0
C0F7F151
C0F893D6
C0F93A51
C0F9E4D1
C0FA9366
C0FB461D
C0FBFD07
C0FCB830
C0FD77A7
C0FE3B78
C0FF03B0
C0FFD05A
C10050C1
C100BB99
C10128B9
C1019826
C10209E4
C1027DF6
C102F45F
C1036D21
C103E83E
C10465B8
C104E58F
C10567C3
C105EC54
C1067341
C106FC88
C1078827
C108161A
C108A65E
C10938F0
C109CDC9
C10A64E5
C10AFE3E
C10B99CD
C10C378A
C10CD76E
C10D7971
C10E1D89
C10EC3AE
C10F6BD4
C11015F4
C110C200
C1116FEE
C1121FB4
C112D144
C1138493
C1143995
C114F03D
C115A87E
C116624B
C1171D98
C117DA57
C118987A
C11957F5
C11A18BB
C11ADABD
C11B9DF0
C11C6245
C11D27B1
C11DEE25
C11EB595
C11F7DF5
C1204738
C1211151
C121DC35
C122A7D8
C123742E
C124412C
C1250EC5
C125DCF1
C126ABA3
C1277AD1
C1284A72
C1291A7A
C129EAE1
C12ABB9C
C12B8CA3
C12C5DEC
C12D2F70
C12E0124
C12ED301
C12FA500
C1307718
C1314941
C1321B75
C132EDAC
C133BFDF
C1349207
C135641F
C1363620
C1370804
C137D9C5
C138AB5C
C1397CC6
C13A4DFC
C13B1EFA
C13BEFBA
C13CC037
C13D906D
C13E6058
C13F2FF3
C13FFF3B
C140CE2A
C1419CBE
C1426AF2
C14338C3
C144062E
C144D32F
C1459FC4
C1466BE9
C147379C
C14802D9
C148CD9F
C14997EB
C14A61BA
C14B2B0A
C14BF3DA
C14CBC27
C14D83EF
C14E4B32
C14F11EC
C14FD81E
C1509DC5
C15162E0
C152276F
C152EB70
C153AEE2
C15471C4
C1553416
C155F5D8
C156B709
C15777A8
C15837B5
C158F730
C159B61A
C15A7471
C15B3237
C15BEF6B
C15CAC0D
C15D681F
C15E23A1
C15EDE92
C15F98F5
C16052C9
C1610C0F
C161C4C8
C1627CF6
C1633498
C163EBB1
C164A241
C165584A
C1660DCC
C166C2CA
C1677743
C1682B3B
C168DEB2
C0E464EF
C0E4736E
C0E48264
C0E491D5
C0E4A1C4
C0E4B236
C0E4C32F
C0E4D4B2
C0E4E6C5
C0E4F96A
C0E50CA6
C0E5207E
C0E534F7
C0E54A15
C0E55FDD
C0E57655
C0E58D81
C0E5A566
C0E5BE0B
C0E5D774
C0E5F1A8
C0E60CAC
C0E62886
C0E6453D
C0E662D7
C0E6815A
C0E6A0CD
C0E6C138
C0E6E2A0
C0E7050E
C0E72889
C0E74D18
C0E772C3
C0E79992
C0E7C18D
C0E7EABD
C0E8152B
C0E840DE
C0E86DE1
C0E89C3C
C0E8CBF9
C0E8FD21
C0E92FBF
C0E963DC
C0E99983
C0E9D0BF
C0EA099A
C0EA441F
C0EA805A
C0EABE56
C0EAFE20
C0EB3FC2
C0EB834A
C0EBC8C4
C0EC103C
C0EC59C1
C0ECA55E
C0ECF322
C0ED431B
C0ED9556
C0EDE9E1
C0EE40CC
C0EE9A25
C0EEF5FA
C0EF545C
C0EFB559
C0F01901
C0F07F64
C0F0E892
C0F1549A
C0F1C38E
C0F2357D
C0F2AA79
C0F32291
C0F39DD8
C0F41C5D
C0F49E31
C0F52366
C0F5AC0C
C0F63835
C0F6C7F1
C0F75B51
C0F7F266
C0F88D40
C0F92BF1
C0F9CE87
C0FA7514
C0FB1FA6
C0FBCE4D
C0FC8118
C0FD3816
C0FDF354
C0FEB2E0
C0FF76C8
C1001F8B
C10085ED
C100EE8D
C1015972
C101C69F
C102361A
C102A7E6
C1031C07
C1039280
C1040B52
C1048680
C105040B
C10583F3
C106063A
C1068ADE
C10711DE
C1079B3A
C10826ED
C108B4F6
C1094551
C109D7F9
C10A6CEB
C10B0420
C10B9D92
C10C393B
C10CD713
C10D7714
C10E1933
C10EBD69
C10F63AD
C1100BF4
C110B633
C1116262
C1121073
C112C05D
C1137212
C1142588
C114DAB1
C1159181
C11649EC
C11703E4
C117BF5D
C1187C49
C1193A9B
C119FA46
C11ABB3D
C11B7D73
C11C40DA
C11D0565
C11DCB07
C11E91B4
C11F595E
C12021FA
C120EB7A
C121B5D2
C12280F7
C1234CDB
C1241975
C124E6B8
C125B499
C126830D
C127520A
C1282184
C128F173
C129C1CB
C12A9283
C12B6392
C12C34EE
C12D068E
C12DD86A
C12EAA79
C12F7CB4
C1304F11
C1312189
C131F414
C132C6AC
C1339949
C1346BE4
C1353E77
C13610FA
C136E369
C137B5BC
C13887EE
C13959F9
C13A2BD8
C13AFD84
C13BCEFA
C13CA035
C13D712E
C13E41E2
C13F124D
C13FE269
C140B233
C14181A7
C14250C0
C1431F7C
C143EDD6
C144BBCB
C1458958
C146567A
C147232D
C147EF6F
C148BB3D
C1498695
C14A5173
C14B1BD6
C14BE5BC
C14CAF21
C14D7804
C14E4064
C14F083F
C14FCF92
C150965D
C1515C9D
C1522252
C152E77B
C153AC16
C1547023
C15533A1
C155F68E
C156B8EA
C1577AB6
C1583BEF
C158FC97
C159BCAC
C15A7C2F
C15B3B20
C15BF97E
C15CB74A
C15D7484
C15E312C
C15EED44
C15FA8CA
C16063C1
C1611E27
C161D800
C162914A
C1634A07
C1640238
C164B9DE
C16570FA
C166278D
C166DD99
C167931E
C168481D
C168FC99
C169B093
C0E59E03
C0E5AC82
C0E5BB79
C0E5CAEA
C0E5DADB
C0E5EB4E
C0E5FC47
C0E60DCB
C0E61FDE
C0E63284
C0E645C1
C0E6599A
C0E66E14
C0E68333
C0E698FC
C0E6AF75
C0E6C6A1
C0E6DE88
C0E6F72E
C0E71098
C0E72ACD
C0E745D3
C0E761AE
C0E77E67
C0E79C02
C0E7BA87
C0E7D9FC
C0E7FA68
C0E81BD2
C0E83E42
C0E861BE
C0E8864F
C0E8ABFC
C0E8D2CE
C0E8FACB
C0E923FE
C0E94E6E
C0E97A24
C0E9A729
C0E9D587
C0EA0547
C0EA3672
C0EA6913
C0EA9D33
C0EAD2DE
C0EB0A1D
C0EB42FB
C0EB7D84
C0EBB9C3
C0EBF7C3
C0EC3791
C0EC7938
C0ECBCC4
C0ED0243
C0ED49C1
C0ED934A
C0EDDEED
C0EE2CB7
C0EE7CB5
C0EECEF6
C0EF2388
C0EF7A79
C0EFD3D9
C0F02FB5
C0F08E1E
C0F0EF23
C0F152D3
C0F1B93E
C0F22274
C0F28E86
C0F2FD83
C0F36F7C
C0F3E481
C0F45CA4
C0F4D7F5
C0F55685
C0F5D865
C0F65DA6
C0F6E659
C0F7728F
C0F80258
C0F895C6
C0F92CEA
C0F9C7D3
C0FA6693
C0FB093A
C0FBAFD7
C0FC5A7B
C0FD0934
C0FDBC12
C0FE7323
C0FF2E76
C0FFEE17
C100590A
C100BD3D
C10123AA
C1018C56
C101F747
C1026482
C102D40B
C10345E5
C103BA14
C104309B
C104A97D
C10524BB
C105A256
C1062250
C106A4A9
C107295F
C107B073
C10839E1
C108C5A9
C10953C7
C109E438
C10A76F7
C10B0BFF
C10BA34C
C10C3CD7
C10CD89A
C10D768D
C10E16A8
C10EB8E4
C10F5D37
C1100399
C110ABFE
C111565E
C11202AD
C112B0E1
C11360ED
C11412C7
C114C661
C1157BB1
C11632A8
C116EB3C
C117A55E
C1186101
C1191E1A
C119DC9A
C11A9C74
C11B5D9B
C11C2002
C11CE39C
C11DA85B
C11E6E33
C11F3517
C11FFCFA
C120C5D0
C1218F8B
C1225A21
C1232584
C123F1A9
C124BE85
C1258C0C
C1265A32
C12728ED
C127F833
C128C7F8
C1299832
C12A68D9
C12B39E0
C12C0B41
C12CDCF0
C12DAEE6
C12E8119
C12F5381
C1302616
C130F8D0
C131CBA7
C1329E93
C133718D
C134448E
C135178F
C135EA8A
C136BD77
C1379051
C1386312
C13935B3
C13A0830
C13ADA82
C13BACA4
C13C7E90
C13D5043
C13E21B7
C13EF2E7
C13FC3CF
C140946B
C14164B6
C14234AD
C143044A
C143D38C
C144A26E
C14570EC
C1463F03
C1470CB1
C147D9F1
C148A6C1
C149731F
C14A3F07
C14B0A78
C14BD56D
C14C9FE7
C14D69E1
C14E335A
C14EFC50
C14FC4C2
C1508CAD
C1515410
C1521AEA
C152E139
C153A6FC
C1546C31
C15530D9
C155F4F1
C156B879
C1577B70
C1583DD6
C158FFAB
C159C0ED
C15A819D
C15B41BA
C15C0144
C15CC03B
C15D7EA0
C15E3C72
C15EF9B2
C15FB660
C160727C
C1612E07
C161E902
C162A36D
C1635D4A
C1641698
C164CF58
C165878D
C1663F36
C166F655
C167ACEB
C16862F9
C1691880
C169CD82
C16A8200
C0E6D726
C0E6E5A6
C0E6F49D
C0E7040F
C0E71400
C0E72473
C0E7356E
C0E746F2
C0E75906
C0E76BAC
C0E77EEB
C0E792C5
C0E7A73F
C0E7BC5F
C0E7D229
C0E7E8A3
C0E7FFD1
C0E817B8
C0E8305F
C0E849CB
C0E86401
C0E87F08
C0E89AE5
C0E8B79F
C0E8D53B
C0E8F3C2
C0E91338
C0E933A6
C0E95512
C0E97784
C0E99B02
C0E9BF95
C0E9E544
C0EA0C17
C0EA3417
C0EA5D4C
C0EA87BE
C0EAB377
C0EAE07F
C0EB0EDF
C0EB3EA1
C0EB6FD0
C0EBA273
C0EBD697
C0EC0C45
C0EC4387
C0EC7C69
C0ECB6F6
C0ECF339
C0ED313D
C0ED710F
C0EDB2BA
C0EDF64B
C0EE3BCE
C0EE8350
C0EECCDF
C0EF1887
C0EF6656
C0EFB65A
C0F008A1
C0F05D39
C0F0B430
C0F10D97
C0F1697A
C0F1C7EA
C0F228F6
C0F28CAE
C0F2F321
C0F35C60
C0F3C87A
C0F4377F
C0F4A982
C0F51E91
C0F596BE
C0F61219
C0F690B4
C0F7129F
C0F797EC
C0F820AB
C0F8ACED
C0F93CC4
C0F9D03F
C0FA6771
C0FB0269
C0FBA138
C0FC43EF
C0FCEA9C
C0FD9551
C0FE441C
C0FEF70C
C0FFAE30
C10034CB
C10094A6
C100F6AF
C1015AED
C101C165
C1022A1D
C102951A
C1030262
C10371F7
C103E3DF
C104581C
C104CEB2
C10547A2
C105C2F0
C106409B
C106C0A6
C1074310
C107C7D8
C1084EFE
C108D87F
C109645B
C109F28D
C10A8313
C10B15E8
C10BAB07
C10C426B
C10CDC0E
C10D77E9
C10E15F6
C10EB62C
C10F5883
C10FFCF3
C110A371
C1114BF5
C111F674
C112A2E3
C1135137
C1140165
C114B362
C1156721
C1161C95
C116D3B3
C1178C6E
C11846B9
C1190286
C119BFCA
C11A7E76
C11B3E7E
C11BFFD4
C11CC26B
C11D8636
C11E4B29
C11F1135
C11FD84F
C120A069
C1216977
C122336D
C122FE3E
C123C9DF
C1249643
C125635F
C1263128
C126FF92
C127CE93
C1289E1F
C1296E2D
C12A3EB2
C12B0FA5
C12BE0FB
C12CB2AB
C12D84AC
C12E56F5
C12F297E
C12FFC3D
C130CF2B
C131A23F
C1327573
C13348BD
C1341C18
C134EF7B
C135C2E1
C1369641
C1376997
C1383CDB
C1391008
C139E317
C13AB602
C13B88C6
C13C5B5B
C13D2DBC
C13DFFE6
C13ED1D2
C13FA37D
C14074E1
C14145FB
C14216C6
C142E73D
C143B75E
C1448724
C145568B
C1462591
C146F431
C147C269
C1489035
C1495D93
C14A2A7F
C14AF6F6
C14BC2F7
C14C8E7F
C14D598B
C14E2419
C14EEE27
C14FB7B3
C15080BC
C151493E
C1521139
C152D8AC
C1539F94
C15465F0
C1552BC0
C155F101
C156B5B4
C15779D7
C1583D69
C159006A
C159C2DA
C15A84B6
C15B4601
C15C06B8
C15CC6DC
C15D866D
C15E456B
C15F03D6
C15FC1AE
C1607EF3
C1613BA6
C161F7C7
C162B357
C1636E56
C16428C5
C164E2A5
C1659BF7
C16654BB
C1670CF3
C167C49F
C1687BC1
C1693259
C169E869
C16A9DF3
C16B52F8
C0E81057
C0E81ED7
C0E82DCF
C0E83D42
C0E84D33
C0E85DA7
C0E86EA2
C0E88028
C0E8923C
C0E8A4E3
C0E8B822
C0E8CBFD
C0E8E078
C0E8F599
C0E90B64
C0E921DF
C0E9390E
C0E950F7
C0E9699F
C0E9830B
C0E99D43
C0E9B84B
C0E9D429
C0E9F0E4
C0EA0E82
C0EA2D0A
C0EA4C82
C0EA6CF2
C0EA8E5F
C0EAB0D3
C0EAD453
C0EAF8E7
C0EB1E98
C0EB456E
C0EB6D70
C0EB96A7
C0EBC11B
C0EBECD6
C0EC19E1
C0EC4844
C0EC7809
C0ECA93A
C0ECDBE0
C0ED1007
C0ED45B8
C0ED7CFD
C0EDB5E3
C0EDF073
C0EE2CBA
C0EE6AC2
C0EEAA97
C0EEEC47
C0EF2FDC
C0EF7564
C0EFBCEB
C0F0067E
C0F0522B
C0F0A000
C0F0F009
C0F14255
C0F196F3
C0F1EDF1
C0F2475E
C0F2A348
C0F301BF
C0F362D2
C0F3C691
C0F42D0C
C0F49652
C0F50275
C0F57183
C0F5E38F
C0F658A7
C0F6D0DE
C0F74C43
C0F7CAE9
C0F84CDF
C0F8D237
C0F95B01
C0F9E750
C0FA7733
C0FB0ABC
C0FBA1FB
C0FC3D01
C0FCDBDF
C0FD7EA5
C0FE2562
C0FED027
C0FF7F03
C1001902
C100749E
C100D25A
C101323F
C1019452
C101F89A
C1025F1D
C102C7E1
C10332EA
C103A03D
C1040FE0
C10481D4
C104F61F
C1056CC3
C105E5C2
C106611F
C106DEDA
C1075EF4
C107E16F
C1086648
C108ED80
C1097714
C10A0303
C10A9149
C10B21E3
C10BB4CD
C10C4A02
C10CE17C
C10D7B37
C10E172A
C10EB550
C10F559F
C10FF811
C1109C9C
C1114337
C111EBD8
C1129675
C1134303
C113F177
C114A1C6
C11553E5
C11607C7
C116BD60
C11774A3
C1182D84
C118E7F6
C119A3EC
C11A615A
C11B2031
C11BE065
C11CA1E9
C11D64AF
C11E28AA
C11EEDCE
C11FB40E
C1207B5C
C12143AC
C1220CF1
C122D720
C123A22B
C1246E08
C1253AA9
C1260804
C126D60E
C127A4BA
C12873FE
C12943D0
C12A1425
C12AE4F3
C12BB630
C12C87D3
C12D59D1
C12E2C22
C12EFEBD
C12FD199
C130A4AD
C13177F2
C1324B60
C1331EEE
C133F295
C134C64F
C1359A12
C1366DDA
C137419F
C138155B
C138E907
C139BC9D
C13A9018
C13B6372
C13C36A4
C13D09AB
C13DDC80
C13EAF1F
C13F8182
C14053A5
C1412584
C141F71A
C142C862
C1439959
C14469FB
C1453A44
C1460A30
C146D9BB
C147A8E3
C14877A4
C14945FA
C14A13E3
C14AE15D
C14BAE63
C14C7AF3
C14D470C
C14E12AA
C14EDDCB
C14FA86D
C150728E
C1513C2C
C1520545
C152CDD7
C15395E2
C1545D62
C1552458
C155EAC1
C156B09D
C15775EA
C1583AA7
C158FED4
C159C270
C15A857B
C15B47F2
C15C09D8
C15CCB29
C15D8BE8
C15E4C13
C15F0BAB
C15FCAAF
C160891F
C16146FC
C1620447
C162C0FF
C1637D24
C16438B8
C164F3BC
C165AE2F
C1666812
C1672167
C167DA2E
C1689269
C1694A18
C16A013C
C16AB7D7
C16B6DEA
C16C2376
C0E94995
C0E95816
C0E9670E
C0E97682
C0E98674
C0E996E9
C0E9A7E4
C0E9B96A
C0E9CB7F
C0E9DE27
C0E9F167
C0EA0543
C0EA19BF
C0EA2EE1
C0EA44AD
C0EA5B28
C0EA7258
C0EA8A42
C0EAA2EB
C0EABC59
C0EAD691
C0EAF19A
C0EB0D7A
C0EB2A37
C0EB47D6
C0EB665F
C0EB85D9
C0EBA64A
C0EBC7B9
C0EBEA2E
C0EC0DB0
C0EC3246
C0EC57F9
C0EC7ED1
C0ECA6D5
C0ECD00E
C0ECFA85
C0ED2642
C0ED534F
C0ED81B4
C0EDB17C
C0EDE2AF
C0EE1559
C0EE4982
C0EE7F36
C0EEB67F
C0EEEF68
C0EF29FC
C0EF6646
C0EFA451
C0EFE42B
C0F025DE
C0F06978
C0F0AF04
C0F0F68F
C0F14027
C0F18BD9
C0F1D9B3
C0F229C2
C0F27C14
C0F2D0B7
C0F327BB
C0F3812E
C0F3DD1E
C0F43B9C
C0F49CB6
C0F5007C
C0F566FF
C0F5D04D
C0F63C77
C0F6AB8E
C0F71DA2
C0F792C4
C0F80B04
C0F88673
C0F90523
C0F98723
C0FA0C86
C0FA955C
C0FB21B6
C0FBB1A6
C0FC453B
C0FCDC88
C0FD779C
C0FE1688
C0FEB95C
C0FF6029
C100057F
C1005CF5
C100B67E
C1011222
C1016FE8
C101CFD6
C10231F3
C1029646
C102FCD4
C10365A2
C103D0B7
C1043E16
C104ADC4
C1051FC6
C105941E
C1060ACF
C10683DC
C106FF47
C1077D12
C107FD3C
C1087FC6
C10904B0
C1098BF9
C10A15A0
C10AA1A1
C10B2FFA
C10BC0A8
C10C53A6
C10CE8F0
C10D8081
C10E1A52
C10EB65D
C10F549A
C10FF503
C110978E
C1113C34
C111E2EA
C1128BA7
C1133661
C113E30E
C11491A1
C1154210
C115F450
C116A854
C1175E10
C1181577
C118CE7E
C1198916
C11A4534
C11B02CA
C11BC1CB
C11C822A
C11D43DA
C11E06CE
C11ECAF9
C11F904D
C12056BE
C1211E3F
C121E6C4
C122B03F
C1237AA5
C12445E9
C1251200
C125DEDD
C126AC76
C1277ABE
C12849AB
C1291931
C129E947
C12AB9E1
C12B8AF7
C12C5C7C
C12D2E69
C12E00B4
C12ED353
C12FA63E
C130796B
C1314CD4
C132206E
C132F433
C133C81A
C1349C1C
C1357032
C1364455
C137187D
C137ECA4
C138C0C4
C13994D7
C13A68D5
C13B3CBA
C13C107F
C13CE420
C13DB796
C13E8ADC
C13F5DEE
C14030C6
C1410360
C141D5B8
C142A7C8
C143798D
C1444B02
C1451C23
C145ECED
C146BD5C
C1478D6C
C1485D19
C1492C62
C149FB41
C14AC9B5
C14B97BA
C14C654D
C14D326C
C14DFF14
C14ECB43
C14F96F6
C150622B
C1512CDF
C151F712
C152C0C1
C15389EA
C154528C
C1551AA4
C155E233
C156A935
C1576FAA
C1583591
C158FAE9
C159BFB1
C15A83E8
C15B478D
C15C0AA0
C15CCD20
C15D8F0D
C15E5066
C15F112C
C15FD15D
C16090FB
C1615004
C1620E7A
C162CC5D
C16389AC
C1644668
C1650292
C165BE2B
C1667932
C16733A8
C167ED8F
C168A6E7
C1695FB2
C16A17EF
C16ACFA1
C16B86C8
C16C3D65
C16CF37A
C0EA82E1
C0EA9162
C0EAA05B
C0EAAFCF
C0EABFC1
C0EAD037
C0EAE133
C0EAF2BA
C0EB04CF
C0EB1778
C0EB2AB9
C0EB3E95
C0EB5312
C0EB6835
C0EB7E02
C0EB947E
C0EBABAF
C0EBC39A
C0EBDC44
C0EBF5B3
C0EC0FEC
C0EC2AF7
C0EC46D8
C0EC6395
C0EC8136
C0EC9FC1
C0ECBF3C
C0ECDFAE
C0ED011F
C0ED2396
C0ED4719
C0ED6BB1
C0ED9166
C0EDB83F
C0EDE045
C0EE0981
C0EE33FA
C0EE5FB9
C0EE8CC8
C0EEBB30
C0EEEAFA
C0EF1C30
C0EF4EDD
C0EF8309
C0EFB8C0
C0EFF00C
C0F028F8
C0F0638F
C0F09FDC
C0F0DDEC
C0F11DC9
C0F15F80
C0F1A31D
C0F1E8AE
C0F2303E
C0F279DA
C0F2C591
C0F3136F
C0F36383
C0F3B5DB
C0F40A84
C0F4618D
C0F4BB06
C0F516FD
C0F57581
C0F5D6A1
C0F63A6F
C0F6A0F8
C0F70A4E
C0F77680
C0F7E59F
C0F857BC
C0F8CCE6
C0F9452F
C0F9C0A8
C0FA3F61
C0FAC16C
C0FB46DA
C0FBCFBB
C0FC5C20
C0FCEC1B
C0FD7FBD
C0FE1716
C0FEB238
C0FF5131
C0FFF414
C1004D78
C100A2EA
C100FA68
C10153FA
C101AFA6
C1020D75
C1026D6C
C102CF93
C10333EF
C1039A87
C1040360
C1046E80
C104DBEB
C1054BA5
C105BDB2
C1063217
C106A8D6
C10721F1
C1079D6A
C1081B43
C1089B7C
C1091E16
C109A311
C10A2A6A
C10AB422
C10B4035
C10BCEA1
C10C5F62
C10CF274
C10D87D3
C10E1F79
C10EB95F
C10F5581
C10FF3D6
C1109457
C11136FB
C111DBBA
C112828B
C1132B64
C113D63A
C1148304
C11531B5
C115E244
C11694A4
C11748C9
C117FEA7
C118B631
C1196F5C
C11A2A1A
C11AE65E
C11BA41C
C11C6346
C11D23CF
C11DE5AA
C11EA8CA
C11F6D22
C12032A6
C120F947
C121C0FA
C12289B1
C1235361
C1241DFD
C124E978
C125B5C8
C12682E0
C12750B4
C1281F39
C128EE65
C129BE2C
C12A8E84
C12B5F63
C12C30BD
C12D028A
C12DD4C0
C12EA755
C12F7A41
C1304D7A
C13120F7
C131F4B1
C132C89F
C1339CB9
C13470F8
C1354553
C13619C4
C136EE43
C137C2CA
C1389752
C1396BD4
C13A404B
C13B14B0
C13BE8FD
C13CBD2C
C13D9138
C13E651C
C13F38D2
C1400C55
C140DFA1
C141B2B0
C142857E
C1435807
C1442A46
C144FC37
C145CDD7
C1469F20
C1477010
C14840A3
C14910D5
C149E0A4
C14AB00B
C14B7F07
C14C4D96
C14D1BB5
C14DE962
C14EB698
C14F8356
C1504F9A
C1511B61
C151E6A9
C152B170
C1537BB3
C1544572
C1550EAB
C155D75B
C1569F81
C157671C
C1582E2A
C158F4AB
C159BA9D
C15A7FFF
C15B44D1
C15C0911
C15CCCBE
C15D8FDA
C15E5261
C15F1455
C15FD5B6
C1609682
C16156B9
C162165D
C162D56C
C16393E7
C16451CE
C1650F22
C165CBE3
C1668811
C16743AD
C167FEB7
C168B931
C169731C
C16A2C77
C16AE544
C16B9D84
C16C5538
C16D0C61
C16DC301
C0EBBC38
C0EBCABA
C0EBD9B3
C0EBE928
C0EBF91B
C0EC0991
C0EC1A8E
C0EC2C15
C0EC3E2C
C0EC50D5
C0EC6416
C0EC77F4
C0EC8C71
C0ECA195
C0ECB763
C0ECCDE0
C0ECE512
C0ECFCFD
C0ED15A9
C0ED2F19
C0ED4953
C0ED645F
C0ED8041
C0ED9D00
C0EDBAA2
C0EDD92E
C0EDF8AA
C0EE191E
C0EE3A90
C0EE5D08
C0EE808E
C0EEA528
C0EECADE
C0EEF1B9
C0EF19C1
C0EF42FE
C0EF6D79
C0EF993B
C0EFC64C
C0EFF4B7
C0F02483
C0F055BC
C0F0886B
C0F0BC9A
C0F0F254
C0F129A3
C0F16292
C0F19D2C
C0F1D97D
C0F2178F
C0F25770
C0F2992B
C0F2DCCD
C0F32261
C0F369F5
C0F3B396
C0F3FF52
C0F44D35
C0F49D4D
C0F4EFAA
C0F54458
C0F59B67
C0F5F4E6
C0F650E3
C0F6AF6D
C0F71094
C0F77468
C0F7DAF9
C0F84456
C0F8B090
C0F91FB7
C0F991DB
C0FA070E
C0FA7F60
C0FAFAE2
C0FB79A5
C0FBFBB9
C0FC8131
C0FD0A1C
C0FD968D
C0FE2694
C0FEBA42
C0FF51A7
C0FFECD5
C10045EE
C1009766
C100EADB
C1014055
C10197DA
C101F174
C1024D29
C102AB00
C1030B00
C1036D31
C103D197
C1043838
C104A11C
C1050C46
C10579BC
C105E981
C1065B9B
C106D00C
C10746D7
C107BFFF
C1083B86
C108B96D
C10939B5
C109BC5F
C10A4169
C10AC8D3
C10B529B
C10BDEC0
C10C6D3D
C10CFE11
C10D9137
C10E26A9
C10EBE63
C10F5860
C10FF497
C1109303
C111339B
C111D658
C1127B30
C113221A
C113CB0E
C1147600
C11522E6
C115D1B5
C1168261
C11734E0
C117E925
C1189F24
C11956D1
C11A101F
C11ACB01
C11B876B
C11C454F
C11D04A0
C11DC552
C11E8758
C11F4AA3
C1200F28
C120D4D9
C1219BA9
C122638C
C1232C75
C123F658
C124C129
C1258CDA
C1265961
C12726B1
C127F4C0
C128C381
C12992EB
C12A62F1
C12B3389
C12C04AA
C12CD649
C12DA85B
C12E7AD8
C12F4DB6
C13020ED
C130F472
C131C83E
C1329C47
C1337087
C13444F5
C1351989
C135EE3B
C136C305
C13797DF
C1386CC3
C13941AA
C13A168D
C13AEB66
C13BC02F
C13C94E2
C13D6979
C13E3DEF
C13F123F
C13FE663
C140BA56
C1418E13
C1426195
C14334D9
C14407D8
C144DA90
C145ACFC
C1467F17
C14750DF
C148224E
C148F363
C149C418
C14A946A
C14B6457
C14C33DC
C14D02F4
C14DD19D
C14E9FD5
C14F6D99
C1503AE5
C15107B9
C151D411
C1529FEA
C1536B44
C154361C
C1550070
C155CA3E
C1569385
C1575C42
C1582475
C158EC1C
C159B336
C15A79C2
C15B3FBE
C15C052A
C15CCA05
C15D8E4D
C15E5203
C15F1526
C15FD7B5
C16099B0
C1615B17
C1621BE9
C162DC27
C1639BCF
C1645AE4
C1651964
C165D750
C16694A8
C167516C
C1680D9E
C168C93E
C169844C
C16A3EC9
C16AF8B7
C16BB215
C16C6AE4
C16D2327
C16DDADE
C16E9209
C0ECF59C
C0ED041E
C0ED1318
C0ED228D
C0ED3281
C0ED42F7
C0ED53F5
C0ED657D
C0ED7794
C0ED8A3E
C0ED9D80
C0EDB15E
C0EDC5DC
C0EDDB00
C0EDF0CF
C0EE074D
C0EE1E80
C0EE366D
C0EE4F19
C0EE688A
C0EE82C6
C0EE9DD2
C0EEB9B5
C0EED675
C0EEF419
C0EF12A6
C0EF3224
C0EF5299
C0EF740D
C0EF9686
C0EFBA0D
C0EFDEA9
C0F00461
C0F02B3E
C0F05348
C0F07C87
C0F0A704
C0F0D2C7
C0F0FFDB
C0F12E47
C0F15E16
C0F18F52
C0F1C203
C0F1F635
C0F22BF1
C0F26343
C0F29C35
C0F2D6D2
C0F31326
C0F3513D
C0F39121
C0F3D2E0
C0F41685
C0F45C1D
C0F4A3B5
C0F4ED5B
C0F5391A
C0F58702
C0F5D720
C0F62981
C0F67E35
C0F6D549
C0F72ECD
C0F78AD0
C0F7E960
C0F84A8E
C0F8AE68
C0F914FF
C0F97E64
C0F9EAA5
C0FA59D3
C0FACC00
C0FB413B
C0FBB995
C0FC3520
C0FCB3EC
C0FD360A
C0FDBB8C
C0FE4482
C0FED0FD
C0FF610F
C0FFF4C8
C100461D
C10093BA
C100E344
C10134C3
C101883F
C101DDBF
C102354D
C1028EEE
C102EAAB
C103488A
C103A893
C1040ACC
C1046F3B
C104D5E7
C1053ED4
C105AA09
C1061789
C106875A
C106F97F
C1076DFC
C107E4D4
C1085E09
C108D99D
C1095792
C109D7E8
C10A5AA0
C10ADFB9
C10B6733
C10BF10C
C10C7D41
C10D0BD0
C10D9CB6
C10E2FEE
C10EC574
C10F5D42
C10FF753
C110939F
C1113221
C111D2D0
C11275A4
C1131A95
C113C198
C1146AA6
C11515B2
C115C2B4
C116719F
C1172269
C117D506
C118896B
C1193F8A
C119F758
C11AB0C8
C11B6BCD
C11C285B
C11CE665
C11DA5DD
C11E66B6
C11F28E4
C11FEC5A
C120B10A
C12176E7
C1223DE5
C12305F8
C123CF11
C1249926
C1256429
C126300F
C126FCCC
C127CA54
C128989B
C1296797
C12A373C
C12B0780
C12BD857
C12CA9B9
C12D7B99
C12E4DF0
C12F20B3
C12FF3D8
C130C757
C1319B27
C1326F3F
C1334397
C1341827
C134ECE6
C135C1CE
C13696D6
C1376BF7
C138412A
C1391669
C139EBAD
C13AC0EE
C13B9628
C13C6B53
C13D406B
C13E1568
C13EEA47
C13FBF00
C1409390
C14167F1
C1423C1D
C1431011
C143E3C8
C144B73D
C1458A6C
C1465D50
C1472FE6
C148022A
C148D417
C149A5AB
C14A76E1
C14B47B7
C14C1829
C14CE833
C14DB7D3
C14E8705
C14F55C7
C1502417
C150F1F1
C151BF53
C1528C3A
C15358A5
C1542490
C154EFFB
C155BAE3
C1568546
C1574F22
C1581877
C158E141
C159A980
C15A7133
C15B3858
C15BFEEE
C15CC4F4
C15D8A69
C15E4F4C
C15F139D
C15FD75B
C1609A85
C1615D1B
C1621F1D
C162E089
C163A161
C16461A4
C1652152
C165E06C
C1669EF0
C1675CE0
C1681A3D
C168D705
C169933B
C16A4EDE
C16B09EF
C16BC46F
C16C7E5F
C16D37C0
C16DF093
C16EA8D8
C16F6090
C0EE2F0A
C0EE3D8D
C0EE4C87
C0EE5BFD
C0EE6BF1
C0EE7C68
C0EE8D66
C0EE9EEF
C0EEB107
C0EEC3B2
C0EED6F4
C0EEEAD3
C0EEFF52
C0EF1477
C0EF2A46
C0EF40C5
C0EF57F9
C0EF6FE7
C0EF8894
C0EFA206
C0EFBC42
C0EFD750
C0EFF334
C0F00FF5
C0F02D9A
C0F04C29
C0F06BA8
C0F08C1E
C0F0AD94
C0F0D00F
C0F0F397
C0F11834
C0F13DEE
C0F164CD
C0F18CD8
C0F1B619
C0F1E098
C0F20C5E
C0F23973
C0F267E2
C0F297B3
C0F2C8F1
C0F2FBA5
C0F32FD9
C0F36598
C0F39CED
C0F3D5E2
C0F41082
C0F44CD9
C0F48AF3
C0F4CADB
C0F50C9D
C0F55046
C0F595E2
C0F5DD7E
C0F62727
C0F672EB
C0F6C0D7
C0F710FA
C0F76360
C0F7B818
C0F80F32
C0F868BB
C0F8C4C4
C0F9235A
C0F9848E
C0F9E86E
C0FA4F0C
C0FAB877
C0FB24BF
C0FB93F5
C0FC0629
C0FC7B6C
C0FCF3CF
C0FD6F62
C0FDEE37
C0FE705E
C0FEF5EA
C0FF7EE9
C10005B8
C1004DC6
C10097A8
C100E367
C101310A
C101809A
C101D21F
C10225A2
C1027B29
C102D2BE
C1032C67
C103882B
C103E613
C1044624
C104A866
C1050CDE
C1057393
C105DC8A
C10647C9
C106B553
C107252F
C107975F
C1080BE8
C10882CB
C108FC0C
C10977AD
C109F5AF
C10A7613
C10AF8DA
C10B7E02
C10C058B
C10C8F73
C10D1BB9
C10DAA59
C10E3B50
C10ECE9A
C10F6433
C10FFC14
C1109639
C111329A
C111D131
C11271F6
C11314E1
C113B9E9
C1146105
C1150A2C
C115B552
C116626E
C1171175
C117C25C
C1187516
C1192999
C119DFD7
C11A97C6
C11B5157
C11C0C7F
C11CC930
C11D875D
C11E46FB
C11F07FB
C11FCA51
C1208DEF
C12152C9
C12218D2
C122DFFD
C123A83D
C1247185
C1253BCA
C12606FF
C126D319
C127A00A
C1286DC8
C1293C47
C12A0B7B
C12ADB5B
C12BABDB
C12C7CF0
C12D4E90
C12E20B1
C12EF34A
C12FC651
C13099BC
C1316D82
C132419B
C13315FE
C133EAA2
C134BF80
C1359490
C13669C9
C1373F24
C138149B
C138EA26
C139BFBE
C13A955C
C13B6AFB
C13C4093
C13D161F
C13DEB99
C13EC0FB
C13F9640
C1406B61
C141405B
C1421528
C142E9C2
C143BE26
C144924E
C1456636
C14639DA
C1470D35
C147E044
C148B302
C149856C
C14A577E
C14B2934
C14BFA8B
C14CCB7F
C14D9C0E
C14E6C34
C14F3BEE
C1500B39
C150DA13
C151A879
C1527668
C15343DE
C15410D8
C154DD55
C155A951
C15674CC
C1573FC3
C1580A35
C158D41F
C1599D80
C15A6656
C15B2EA1
C15BF65F
C15CBD8E
C15D842E
C15E4A3D
C15F0FBB
C15FD4A6
C16098FF
C1615CC4
C1621FF5
C162E292
C163A499
C164660C
C16526E9
C165E732
C166A6E4
C1676602
C168248B
C168E280
C1699FE0
C16A5CAC
C16B18E5
C16BD48B
C16C8FA0
C16D4A23
C16E0416
C16EBD79
C16F764E
C1702E95
C0EF6884
C0EF7707
C0EF8602
C0EF9578
C0EFA56D
C0EFB5E4
C0EFC6E3
C0EFD86C
C0EFEA84
C0EFFD30
C0F01073
C0F02452
C0F038D2
C0F04DF8
C0F063C8
C0F07A48
C0F0917C
C0F0A96B
C0F0C219
C0F0DB8C
C0F0F5CA
C0F110D8
C0F12CBD
C0F14980
C0F16726
C0F185B5
C0F1A536
C0F1C5AE
C0F1E724
C0F209A1
C0F22D2A
C0F251C9
C0F27785
C0F29E65
C0F2C672
C0F2EFB5
C0F31A36
C0F345FE
C0F37315
C0F3A186
C0F3D15A
C0F4029A
C0F43550
C0F46987
C0F49F48
C0F4D6A0
C0F50F97
C0F54A3B
C0F58695
C0F5C4B1
C0F6049C
C0F64662
C0F68A0E
C0F6CFAE
C0F7174E
C0F760FB
C0F7ACC4
C0F7FAB4
C0F84ADB
C0F89D46
C0F8F203
C0F94922
C0F9A2B0
C0F9FEBE
C0FA5D5A
C0FABE93
C0FB227A
C0FB891F
C0FBF290
C0FC5EDF
C0FCCE1C
C0FD4057
C0FDB5A2
C0FE2E0D
C0FEA9A8
C0FF2886
C0FFAAB6
C1001825
C1005CAA
C100A2F2
C100EB05
C10134ED
C10180B1
C101CE5A
C1021DF0
C1026F7C
C102C305
C1031893
C103702F
C103C9DF
C10425AB
C104839A
C104E3B4
C10545FE
C105AA7F
C106113C
C1067A3D
C106E585
C107531A
C107C300
C108353B
C108A9CE
C10920BD
C1099A0B
C10A15B8
C10A93C7
C10B1438
C10B970C
C10C1C43
C10CA3DA
C10D2DD2
C10DBA28
C10E48D8
C10ED9E0
C10F6D3C
C11002E6
C1109ADB
C1113513
C111D188
C1127034
C113110E
C113B40F
C114592E
C1150062
C115A9A0
C11654E0
C1170216
C117B138
C118623A
C1191511
C119C9B1
C11A800E
C11B381B
C11BF1CD
C11CAD16
C11D69E9
C11E283A
C11EE7FC
C11FA921
C1206B9E
C1212F64
C121F467
C122BA9A
C12381F0
C1244A5C
C12513D3
C125DE47
C126A9AC
C12775F7
C128431C
C129110E
C129DFC3
C12AAF2F
C12B7F48
C12C5002
C12D2153
C12DF331
C12EC591
C12F986B
C1306BB3
C1313F62
C132136E
C132E7CF
C133BC7B
C134916A
C1356694
C1363BF2
C137117B
C137E728
C138BCF3
C13992D3
C13A68C2
C13B3EBA
C13C14B3
C13CEAA8
C13DC093
C13E966E
C13F6C32
C14041DB
C1411763
C141ECC5
C142C1FC
C1439702
C1446BD4
C145406B
C14614C5
C146E8DC
C147BCAD
C1489033
C149636A
C14A364E
C14B08DC
C14BDB10
C14CACE6
C14D7E5C
C14E4F6E
C14F2018
C14FF058
C150C02B
C1518F8E
C1525E7E
C1532CF9
C153FAFC
C154C885
C1559592
C156621F
C1572E2C
C157F9B6
C158C4BC
C1598F3B
C15A5932
C15B229F
C15BEB81
C15CB3D7
C15D7B9F
C15E42D8
C15F0980
C15FCF98
C160951E
C1615A12
C1621E72
C162E23E
C163A575
C1646818
C1652A26
C165EB9E
C166AC80
C1676CCE
C1682C85
C168EBA7
C169AA34
C16A682D
C16B2590
C16BE260
C16C9E9C
C16D5A46
C16E155D
C16ECFE3
C16F89D8
C170433E
C170FC15
C0F0A207
C0F0B08B
C0F0BF86
C0F0CEFD
C0F0DEF2
C0F0EF6A
C0F10069
C0F111F3
C0F1240C
C0F136B8
C0F149FC
C0F15DDC
C0F1725D
C0F18783
C0F19D54
C0F1B3D4
C0F1CB0A
C0F1E2F9
C0F1FBA8
C0F2151C
C0F22F5A
C0F24A6A
C0F26650
C0F28314
C0F2A0BB
C0F2BF4C
C0F2DECD
C0F2FF46
C0F320BE
C0F3433C
C0F366C7
C0F38B68
C0F3B125
C0F3D807
C0F40016
C0F4295A
C0F453DD
C0F47FA6
C0F4ACC0
C0F4DB33
C0F50B09
C0F53C4B
C0F56F03
C0F5A33D
C0F5D901
C0F6105B
C0F64955
C0F683FB
C0F6C058
C0F6FE78
C0F73E66
C0F7802F
C0F7C3DF
C0F80982
C0F85126
C0F89AD7
C0F8E6A3
C0F93498
C0F984C3
C0F9D732
C0FA2BF4
C0FA8318
C0FADCAC
C0FB38BE
C0FB9760
C0FBF89F
C0FC5C8C
C0FCC336
C0FD2CAE
C0FD9904
C0FE0847
C0FE7A8A
C0FEEFDC
C0FF684E
C0FFE3F2
C100316C
C1007288
C100B557
C100F9E0
C101402D
C1018846
C101D232
C1021DFC
C1026BAA
C102BB46
C1030CD8
C1036067
C103B5FC
C1040D9F
C1046756
C104C329
C1052120
C1058141
C105E393
C106481D
C106AEE3
C10717ED
C107833E
C107F0DD
C10860CD
C108D312
C10947B1
C109BEAB
C10A3804
C10AB3BD
C10B31D8
C10BB257
C10C3538
C10CBA7C
C10D4222
C10DCC29
C10E588D
C10EE74E
C10F7866
C1100BD3
C110A18F
C1113995
C111D3E0
C1127069
C1130F29
C113B018
C114532E
C114F863
C1159FAE
C1164904
C116F45C
C117A1AB
C11850E7
C1190204
C119B4F6
C11A69B3
C11B202D
C11BD859
C11C922A
C11D4D93
C11E0A88
C11EC8FB
C11F88E0
C1204A2A
C1210CCC
C121D0B9
C12295E3
C1235C3F
C12423BF
C124EC57
C125B5FA
C126809C
C1274C31
C12818AC
C128E603
C129B428
C12A8312
C12B52B4
C12C2304
C12CF3F7
C12DC582
C12E979C
C12F6A3A
C1303D53
C13110DC
C131E4CE
C132B91E
C1338DC3
C13462B7
C13537EF
C1360D64
C136E30E
C137B8E6
C1388EE3
C13964FF
C13A3B33
C13B1178
C13BE7C6
C13CBE19
C13D9469
C13E6AB1
C13F40EA
C1401710
C140ED1B
C141C308
C14298D0
C1436E6F
C14443DF
C145191C
C145EE22
C146C2EB
C1479774
C1486BB8
C1493FB3
C14A1361
C14AE6BE
C14BB9C7
C14C8C77
C14D5ECB
C14E30C1
C14F0254
C14FD381
C150A446
C151749F
C1524489
C1531403
C153E308
C154B197
C1557FAD
C1564D48
C1571A65
C157E703
C158B31F
C1597EB7
C15A49CB
C15B1457
C15BDE5A
C15CA7D3
C15D70C0
C15E3920
C15F00F1
C15FC834
C1608EE5
C1615505
C1621A93
C162DF8E
C163A3F5
C16467C7
C1652B05
C165EDAE
C166AFC1
C167713E
C1683226
C168F278
C169B234
C16A715A
C16B2FEB
C16BEDE7
C16CAB4E
C16D6821
C16E2460
C16EE00C
C16F9B26
C17055AF
C1710FA7
C171C90F
C0F1DB95
C0F1EA19
C0F1F914
C0F2088B
C0F21881
C0F228FA
C0F239F9
C0F24B84
C0F25D9D
C0F2704A
C0F2838E
C0F2976F
C0F2ABF0
C0F2C117
C0F2D6E9
C0F2ED6A
C0F304A0
C0F31C91
C0F33540
C0F34EB5
C0F368F5
C0F38405
C0F39FED
C0F3BCB1
C0F3DA59
C0F3F8EB
C0F4186E
C0F438E8
C0F45A62
C0F47CE1
C0F4A06D
C0F4C50F
C0F4EACE
C0F511B1
C0F539C2
C0F56308
C0F58D8C
C0F5B958
C0F5E673
C0F614E8
C0F644C0
C0F67604
C0F6A8BF
C0F6DCFB
C0F712C1
C0F74A1E
C0F7831B
C0F7BDC3
C0F7FA23
C0F83846
C0F87837
C0F8BA03
C0F8FDB6
C0F9435D
C0F98B04
C0F9D4B9
C0FA2089
C0FA6E82
C0FABEB1
C0FB1125
C0FB65EC
C0FBBD14
C0FC16AD
C0FC72C4
C0FCD16B
C0FD32B0
C0FD96A2
C0FDFD52
C0FE66D1
C0FED32D
C0FF4277
C0FFB4C1
C100150D
C100514A
C1008F1F
C100CE96
C1010FB7
C101528A
C1019718
C101DD69
C1022587
C1026F78
C102BB47
C10308FB
C103589D
C103AA34
C103FDCA
C1045365
C104AB0E
C10504CB
C10560A6
C105BEA4
C1061ECD
C1068127
C106E5B8
C1074C87
C107B59A
C10820F4
C1088E9C
C108FE96
C10970E5
C109E58E
C10A5C93
C10AD5F7
C10B51BC
C10BCFE4
C10C506E
C10CD35D
C10D58AE
C10DE062
C10E6A77
C10EF6EB
C10F85BA
C11016E3
C110AA60
C111402D
C111D845
C11272A2
C1130F3D
C113AE10
C1144F14
C114F23F
C1159789
C1163EEA
C116E857
C11793C6
C118412E
C118F083
C119A1BA
C11A54C7
C11B09A0
C11BC036
C11C7880
C11D326F
C11DEDF7
C11EAB0C
C11F69A1
C12029A8
C120EB16
C121ADDC
C12271EE
C123373F
C123FDC3
C124C56C
C1258E2E
C12657FD
C12722CB
C127EE8E
C128BB38
C12988BF
C12A5717
C12B2633
C12BF60A
C12CC690
C12D97BB
C12E697F
C12F3BD3
C1300EAD
C130E203
C131B5CC
C13289FE
C1335E91
C134337A
C13508B3
C135DE33
C136B3F1
C13789E6
C138600A
C1393656
C13A0CC2
C13AE347
C13BB9E0
C13C9084
C13D672E
C13E3DD8
C13F147A
C13FEB11
C140C195
C1419801
C1426E50
C143447C
C1441A81
C144F05A
C145C602
C1469B73
C14770AA
C14845A3
C1491A58
C149EEC7
C14AC2EA
C14B96BE
C14C6A3F
C14D3D6A
C14E103B
C14EE2AE
C14FB4C1
C1508670
C15157B7
C1522895
C152F905
C153C906
C1549895
C15567AE
C1563650
C1570478
C157D224
C1589F52
C1596BFF
C15A3829
C15B03CF
C15BCEEF
C15C9987
C15D6396
C15E2D1A
C15EF611
C15FBE7B
C1608656
C1614DA1
C162145B
C162DA83
C163A018
C164651A
C1652987
C165ED60
C166B0A4
C1677352
C168356A
C168F6ED
C169B7D9
C16A782F
C16B37EF
C16BF719
C16CB5AE
C16D73AD
C16E3118
C16EEDEE
C16FAA30
C17065DF
C17120FC
C171DB86
C1729580
C0F3152B
C0F323B0
C0F332AC
C0F34223
C0F35219
C0F36293
C0F37393
C0F3851E
C0F39738
C0F3A9E5
C0F3BD2A
C0F3D10B
C0F3E58D
C0F3FAB5
C0F41087
C0F42709
C0F43E40
C0F45631
C0F46EE2
C0F48857
C0F4A298
C0F4BDA9
C0F4D992
C0F4F657
C0F51400
C0F53293
C0F55217
C0F57293
C0F5940D
C0F5B68E
C0F5DA1C
C0F5FEBF
C0F6247F
C0F64B64
C0F67376
C0F69CBE
C0F6C744
C0F6F311
C0F7202F
C0F74EA5
C0F77E7F
C0F7AFC6
C0F7E283
C0F816C0
C0F84C89
C0F883E8
C0F8BCE8
C0F8F793
C0F933F6
C0F9721B
C0F9B20F
C0F9F3DF
C0FA3795
C0FA7D3F
C0FAC4EA
C0FB0EA2
C0FB5A76
C0FBA873
C0FBF8A6
C0FC4B1E
C0FC9FE9
C0FCF716
C0FD50B3
C0FDACD0
C0FE0B7C
C0FE6CC6
C0FED0BE
C0FF3774
C0FFA0F8
C10006AD
C1003E55
C100777D
C100B22E
C100EE6E
C1012C47
C1016BC2
C101ACE7
C101EFBE
C1023450
C1027AA6
C102C2C8
C1030CBF
C1035893
C103A64C
C103F5F3
C1044790
C1049B2B
C104F0CD
C105487C
C105A240
C105FE21
C1065C27
C106BC57
C1071EB8
C1078352
C107EA29
C1085343
C108BEA7
C1092C58
C1099C5B
C10A0EB4
C10A8367
C10AFA77
C10B73E6
C10BEFB6
C10C6DE9
C10CEE80
C10D717B
C10DF6D9
C10E7E9A
C10F08BD
C10F953F
C110241E
C110B555
C11148E2
C111DEC0
C11276E9
C1131157
C113AE05
C1144CEB
C114EE02
C1159141
C11636A0
C116DE16
C1178799
C1183320
C118E09F
C119900D
C11A415D
C11AF484
C11BA977
C11C602A
C11D1890
C11DD29C
C11E8E43
C11F4B78
C1200A2D
C120CA55
C1218BE5
C1224ECF
C1231305
C123D87C
C1249F26
C12566F7
C1262FE2
C126F9DB
C127C4D5
C12890C4
C1295D9D
C12A2B53
C12AF9DB
C12BC929
C12C9933
C12D69EE
C12E3B4E
C12F0D4A
C12FDFD7
C130B2EC
C131867E
C1325A84
C1332EF6
C13403C9
C134D8F5
C135AE72
C1368437
C1375A3D
C138307B
C13906E9
C139DD82
C13AB43C
C13B8B12
C13C61FC
C13D38F4
C13E0FF4
C13EE6F4
C13FBDF0
C14094E2
C1416BC3
C142428E
C143193D
C143EFCC
C144C636
C1459C75
C1467285
C1474860
C1481E03
C148F36A
C149C88F
C14A9D6F
C14B7205
C14C464F
C14D1A47
C14DEDEB
C14EC136
C14F9426
C15066B6
C15138E5
C1520AAE
C152DC0E
C153AD04
C1547D8B
C1554DA1
C1561D43
C156EC70
C157BB24
C158895D
C1595719
C15A2455
C15AF111
C15BBD49
C15C88FC
C15D5428
C15E1ECC
C15EE8E6
C15FB274
C1607B75
C16143E8
C1620BCC
C162D31F
C16399E1
C1646010
C16525AD
C165EAB5
C166AF29
C1677307
C1683650
C168F904
C169BB21
C16A7CA8
C16B3D99
C16BFDF3
C16CBDB7
C16D7CE5
C16E3B7D
C16EF980
C16FB6ED
C17073C6
C171300B
C171EBBD
C172A6DC
C1736169
C0F44ECB
C0F45D4F
C0F46C4C
C0F47BC4
C0F48BBB
C0F49C34
C0F4AD35
C0F4BEC0
C0F4D0DB
C0F4E389
C0F4F6CE
C0F50AB0
C0F51F33
C0F5345B
C0F54A2E
C0F560B1
C0F577E8
C0F58FDA
C0F5A88B
C0F5C202
C0F5DC43
C0F5F756
C0F6133F
C0F63006
C0F64DB0
C0F66C44
C0F68BC9
C0F6AC46
C0F6CDC1
C0F6F043
C0F713D2
C0F73877
C0F75E38
C0F7851F
C0F7AD32
C0F7D67C
C0F80104
C0F82CD3
C0F859F2
C0F8886A
C0F8B846
C0F8E98E
C0F91C4D
C0F9508D
C0F98659
C0F9BDBA
C0F9F6BC
C0FA316A
C0FA6DCF
C0FAABF7
C0FAEBEE
C0FB2DC1
C0FB717A
C0FBB727
C0FBFED5
C0FC4892
C0FC9469
C0FCE269
C0FD32A0
C0FD851C
C0FDD9EC
C0FE311D
C0FE8ABF
C0FEE6E0
C0FF4591
C0FFA6E0
C100056F
C10038CC
C1006D91
C100A3C5
C100DB71
C101149C
C1014F50
C1018B94
C101C971
C10208EF
C1024A18
C1028CF3
C102D18A
C10317E4
C103600A
C103AA06
C103F5DE
C104439D
C1049349
C104E4EC
C105388D
C1058E34
C105E5E9
C1063FB4
C1069B9C
C106F9A8
C10759DF
C107BC48
C10820E9
C10887C8
C108F0EB
C1095C56
C109CA10
C10A3A1D
C10AAC7F
C10B213C
C10B9856
C10C11CF
C10C8DAA
C10D0BE9
C10D8C8B
C10E0F92
C10E94FD
C10F1CCB
C10FA6FB
C110338B
C110C278
C11153BF
C111E75B
C1127D49
C1131582
C113B002
C1144CC1
C114EBB9
C1158CE3
C1163035
C116D5A9
C1177D33
C11826CC
C118D269
C1197FFF
C11A2F84
C11AE0ED
C11B942E
C11C493B
C11D0008
C11DB88A
C11E72B3
C11F2E77
C11FEBCA
C120AA9F
C1216AE8
C1222C99
C122EFA5
C123B3FF
C124799A
C125406A
C1260861
C126D174
C1279B96
C12866BA
C12932D5
C129FFDA
C12ACDBE
C12B9C75
C12C6BF4
C12D3C30
C12E0D1E
C12EDEB3
C12FB0E5
C13083AA
C13156F7
C1322AC4
C132FF06
C133D3B5
C134A8C7
C1357E34
C13653F4
C13729FD
C1380048
C138D6CD
C139AD85
C13A8468
C13B5B6F
C13C3293
C13D09CE
C13DE118
C13EB86B
C13F8FC1
C1406715
C1413E5F
C142159B
C142ECC3
C143C3D1
C1449AC1
C145718D
C1464831
C1471EA7
C147F4EB
C148CAF8
C149A0CA
C14A765D
C14B4BAD
C14C20B5
C14CF572
C14DC9DF
C14E9DFA
C14F71BE
C1504529
C1511836
C151EAE2
C152BD2B
C1538F0D
C1546085
C1553190
C156022D
C156D257
C157A20C
C158714B
C1594010
C15A0E59
C15ADC24
C15BA970
C15C7639
C15D427E
C15E0E3D
C15ED975
C15FA424
C1606E48
C16137E0
C16200EA
C162C966
C1639152
C16458AD
C1651F76
C165E5AD
C166AB4F
C167705E
C16834D8
C168F8BC
C169BC0A
C16A7EC3
C16B40E5
C16C0270
C16CC365
C16D83C3
C16E438B
C16F02BC
C16FC158
C1707F5D
C1713CCE
C171F9A9
C172B5F1
C17371A5
C1742CC6
C0F58872
C0F596F8
C0F5A5F5
C0F5B56D
C0F5C564
C0F5D5DE
C0F5E6DF
C0F5F86B
C0F60A86
C0F61D35
C0F6307B
C0F6445D
C0F658E1
C0F66E0A
C0F683DD
C0F69A61
C0F6B199
C0F6C98B
C0F6E23E
C0F6FBB5
C0F715F7
C0F7310A
C0F74CF5
C0F769BC
C0F78767
C0F7A5FC
C0F7C582
C0F7E600
C0F8077D
C0F82A00
C0F84D91
C0F87236
C0F897F9
C0F8BEE1
C0F8E6F6
C0F91041
C0F93ACB
C0F9669B
C0F993BC
C0F9C237
C0F9F214
C0FA235E
C0FA561F
C0FA8A62
C0FAC02F
C0FAF792
C0FB3097
C0FB6B47
C0FBA7AF
C0FBE5DA
C0FC25D4
C0FC67A9
C0FCAB65
C0FCF116
C0FD38C7
C0FD8287
C0FDCE61
C0FE1C65
C0FE6CA0
C0FEBF20
C0FF13F4
C0FF6B29
C0FFC4CF
C100107B
C1003FD5
C1007080
C100A281
C100D5E1
C1010AA9
C10140E0
C101788E
C101B1BD
C101EC74
C10228BB
C102669B
C102A61E
C102E74A
C1032A29
C1036EC4
C103B522
C103FD4D
C104474D
C104932A
C104E0EE
C105309F
C1058247
C105D5ED
C1062B9A
C1068355
C106DD26
C1073914
C1079727
C107F765
C10859D5
C108BE7D
C1092564
C1098E8F
C109FA03
C10A67C5
C10AD7DA
C10B4A46
C10BBF0C
C10C3630
C10CAFB4
C10D2B99
C10DA9E2
C10E2A90
C10EADA3
C10F331A
C10FBAF5
C1104532
C110D1CF
C11160CA
C111F21F
C11285CA
C1131BC7
C113B411
C1144EA1
C114EB71
C1158A7B
C1162BB7
C116CF1C
C11774A3
C1181C42
C118C5F0
C11971A2
C11A1F4E
C11ACEEA
C11B806B
C11C33C4
C11CE8EA
C11D9FD2
C11E586E
C11F12B3
C11FCE94
C1208C05
C1214AF7
C1220B60
C122CD31
C123905F
C12454DB
C1251A9A
C125E18E
C126A9AB
C12772E5
C1283D2E
C129087C
C129D4C0
C12AA1F1
C12B7002
C12C3EE7
C12D0E95
C12DDF01
C12EB021
C12F81EA
C1305450
C131274B
C131FAD0
C132CED6
C133A353
C134783E
C1354D8E
C136233A
C136F93A
C137CF85
C138A615
C1397CE0
C13A53DF
C13B2B0B
C13C025D
C13CD9CE
C13DB156
C13E88F0
C13F6095
C140383F
C1410FE8
C141E78A
C142BF1F
C14396A2
C1446E0E
C145455D
C1461C89
C146F38F
C147CA6A
C148A114
C149778A
C14A4DC6
C14B23C5
C14BF983
C14CCEFA
C14DA429
C14E790A
C14F4D9A
C15021D5
C150F5B8
C151C940
C1529C68
C1536F2F
C1544191
C155138A
C155E519
C156B63A
C15786EA
C1585727
C15926EF
C159F63F
C15AC514
C15B936C
C15C6146
C15D2E9F
C15DFB75
C15EC7C6
C15F9391
C1605ED4
C161298D
C161F3BB
C162BD5D
C1638670
C1644EF4
C16516E8
C165DE4A
C166A51A
C1676B57
C1683100
C168F615
C169BA94
C16A7E7D
C16B41D1
C16C048E
C16CC6B4
C16D8844
C16E493D
C16F099E
C16FC96A
C170889E
C171473D
C1720546
C172C2B9
C1737F97
C1743BE1
C174F797
C0F6C222
C0F6D0A8
C0F6DFA5
C0F6EF1E
C0F6FF16
C0F70F90
C0F72092
C0F7321E
C0F7443A
C0F756E9
C0F76A2F
C0F77E12
C0F79296
C0F7A7C0
C0F7BD94
C0F7D418
C0F7EB51
C0F80345
C0F81BF7
C0F8356F
C0F84FB3
C0F86AC7
C0F886B2
C0F8A37A
C0F8C126
C0F8DFBC
C0F8FF44
C0F91FC3
C0F94140
C0F963C5
C0F98756
C0F9ABFD
C0F9D1C1
C0F9F8AB
C0FA20C1
C0FA4A0E
C0FA7499
C0FAA06B
C0FACD8D
C0FAFC0A
C0FB2BE9
C0FB5D35
C0FB8FF8
C0FBC43C
C0FBFA0C
C0FC3171
C0FC6A78
C0FCA52B
C0FCE195
C0FD1FC3
C0FD5FBF
C0FDA197
C0FDE556
C0FE2B0A
C0FE72BE
C0FEBC81
C0FF085F
C0FF5667
C0FFA6A5
C0FFF929
C1002700
C100529D
C1007F72
C100AD88
C100DCE5
C1010D91
C1013F95
C10172F8
C101A7C2
C101DDFC
C10215AD
C1024EDF
C1028999
C102C5E3
C10303C7
C103434D
C103847D
C103C760
C1040BFE
C1045261
C1049A90
C104E494
C1053076
C1057E3E
C105CDF5
C1061FA2
C106734D
C106C900
C10720C1
C1077A97
C107D68C
C10834A5
C10894E9
C108F760
C1095C10
C109C2FE
C10A2C30
C10A97AC
C10B0577
C10B7594
C10BE809
C10C5CD8
C10CD405
C10D4D93
C10DC983
C10E47D7
C10EC88F
C10F4BAD
C10FD130
C1105917
C110E361
C111700B
C111FF13
C1129076
C1132430
C113BA3C
C1145295
C114ED35
C1158A16
C1162931
C116CA7E
C1176DF6
C1181390
C118BB42
C1196504
C11A10CB
C11ABE8D
C11B6E3F
C11C1FD6
C11CD347
C11D8886
C11E3F87
C11EF83E
C11FB29E
C1206E9A
C1212C27
C121EB38
C122ABBF
C1236DB0
C12430FD
C124F59B
C125BB7C
C1268294
C1274AD6
C1281435
C128DEA5
C129AA1A
C12A7688
C12B43E3
C12C121F
C12CE131
C12DB10D
C12E81A9
C12F52F9
C13024F3
C130F78D
C131CABD
C1329E78
C13372B5
C134476B
C1351C91
C135F21D
C136C806
C1379E46
C13874D2
C1394BA4
C13A22B3
C13AF9F8
C13BD16B
C13CA906
C13D80C2
C13E5897
C13F307F
C1400875
C140E071
C141B86D
C1429065
C1436851
C144402E
C14517F4
C145EFA0
C146C72B
C1479E92
C14875CF
C1494CDE
C14A23BA
C14AFA5F
C14BD0C8
C14CA6F1
C14D7CD7
C14E5275
C14F27C8
C14FFCCB
C150D17B
C151A5D6
C15279D6
C1534D79
C15420BD
C154F39C
C155C616
C1569826
C15769CA
C1583AFE
C1590BC2
C159DC11
C15AABEA
C15B7B49
C15C4A2E
C15D1895
C15DE67C
C15EB3E2
C15F80C5
C1604D22
C16118F8
C161E445
C162AF08
C163793F
C16442E9
C1650C05
C165D491
C1669C8C
C16763F5
C1682ACC
C168F10F
C169B6BE
C16A7BD8
C16B405D
C16C044B
C16CC7A3
C16D8A65
C16E4C8F
C16F0E23
C16FCF1F
C1708F85
C1714F53
C1720E8B
C172CD2C
C1738B38
C17448AE
C175058E
C175C1DB
C0F7FBDA
C0F80A60
C0F8195E
C0F828D7
C0F838CF
C0F8494A
C0F85A4C
C0F86BD9
C0F87DF5
C0F890A4
C0F8A3EB
C0F8B7CF
C0F8CC54
C0F8E17E
C0F8F753
C0F90DD8
C0F92511
C0F93D05
C0F955B9
C0F96F31
C0F98975
C0F9A48A
C0F9C076
C0F9DD40
C0F9FAEC
C0FA1984
C0FA390C
C0FA598C
C0FA7B0B
C0FA9D90
C0FAC123
C0FAE5CB
C0FB0B91
C0FB327B
C0FB5A93
C0FB83E1
C0FBAE6D
C0FBDA41
C0FC0765
C0FC35E3
C0FC65C4
C0FC9712
C0FCC9D7
C0FCFE1D
C0FD33EF
C0FD6B57
C0FDA460
C0FDDF15
C0FE1B81
C0FE59B1
C0FE99B1
C0FEDB8B
C0FF1F4D
C0FF6504
C0FFACBB
C0FFF681
C1002131
C1004837
C1007058
C100999B
C100C409
C100EFA8
C1011C7F
C1014A97
C10179F6
C101AAA5
C101DCAB
C1021010
C10244DD
C1027B1A
C102B2CE
C102EC02
C10326BF
C103630D
C103A0F4
C103E07D
C10421B1
C1046497
C104A93A
C104EFA0
C10537D3
C10581DC
C105CDC2
C1061B8F
C1066B4A
C106BCFC
C10710AD
C1076664
C107BE2B
C1081807
C1087402
C108D221
C109326C
C10994E9
C109F9A0
C10A6095
C10AC9CF
C10B3552
C10BA325
C10C134B
C10C85C8
C10CFAA0
C10D71D6
C10DEB6D
C10E6767
C10EE5C5
C10F6688
C10FE9B1
C1106F3F
C110F732
C1118188
C1120E3F
C1129D54
C1132EC5
C113C28C
C11458A7
C114F10F
C1158BBE
C11628AF
C116C7DB
C1176939
C1180CC3
C118B26F
C1195A34
C11A0409
C11AAFE5
C11B5DBC
C11C0D83
C11CBF31
C11D72B9
C11E280F
C11EDF29
C11F97F9
C1205273
C1210E8B
C121CC33
C1228B60
C1234C05
C1240E14
C124D182
C1259640
C1265C42
C127237C
C127EBE2
C128B565
C1297FFB
C12A4B97
C12B182D
C12BE5B1
C12CB417
C12D8354
C12E535D
C12F2427
C12FF5A6
C130C7D1
C1319A9D
C1326E00
C13341F0
C1341663
C134EB51
C135C0AF
C1369676
C1376C9C
C1384319
C13919E4
C139F0F7
C13AC848
C13B9FD1
C13C778B
C13D4F6D
C13E2772
C13EFF92
C13FD7C7
C140B00A
C1418856
C14260A5
C14338F0
C1441132
C144E966
C145C186
C146998C
C1477175
C148493B
C14920D8
C149F84A
C14ACF8A
C14BA695
C14C7D67
C14D53FA
C14E2A4C
C14F0058
C14FD61A
C150AB8F
C15180B3
C1525583
C15329FA
C153FE17
C154D1D4
C155A530
C1567828
C1574AB8
C1581CDD
C158EE95
C159BFDD
C15A90B2
C15B6112
C15C30FB
C15D006A
C15DCF5D
C15E9DD2
C15F6BC6
C1603939
C1610627
C161D28F
C1629E6F
C16369C6
C1643492
C164FED2
C165C885
C16691A8
C1675A3C
C168223E
C168E9AE
C169B08B
C16A76D4
C16B3C89
C16C01A8
C16CC631
C16D8A25
C16E4D81
C16F1047
C16FD275
C170940D
C171550C
C1721575
C172D547
C1739482
C1745326
C1751134
C175CEAC
C1768B8F
C0F93599
C0F94420
C0F9531E
C0F96297
C0F97290
C0F9830B
C0F9940D
C0F9A59B
C0F9B7B7
C0F9CA67
C0F9DDAF
C0F9F193
C0FA0618
C0FA1B43
C0FA3118
C0FA479E
C0FA5ED8
C0FA76CD
C0FA8F81
C0FAA8FB
C0FAC33F
C0FADE55
C0FAFA42
C0FB170C
C0FB34BA
C0FB5352
C0FB72DB
C0FB935C
C0FBB4DC
C0FBD762
C0FBFAF6
C0FC1FA0
C0FC4566
C0FC6C52
C0FC946C
C0FCBDBB
C0FCE849
C0FD141E
C0FD4144
C0FD6FC3
C0FD9FA6
C0FDD0F6
C0FE03BD
C0FE3804
C0FE6DD8
C0FEA542
C0FEDE4D
C0FF1904
C0FF5573
C0FF93A6
C0FFD3A7
C1000AC2
C1002CA5
C1004F81
C100735E
C1009843
C100BE35
C100E53C
C1010D5F
C10136A5
C1016114
C1018CB5
C101B98E
C101E7A8
C1021709
C10247BA
C10279C2
C102AD2A
C102E1FA
C1031839
C1034FF0
C1038927
C103C3E7
C1040038
C1043E22
C1047DAE
C104BEE5
C10501CF
C1054675
C1058CE0
C105D517
C1061F24
C1066B0E
C106B8DF
C107089F
C1075A56
C107AE0B
C10803C8
C1085B94
C108B576
C1091176
C1096F9B
C109CFEC
C10A3270
C10A972D
C10AFE29
C10B676A
C10BD2F5
C10C40D0
C10CB0FD
C10D2383
C10D9864
C10E0FA3
C10E8943
C10F0546
C10F83AE
C110047C
C11087AF
C1110D48
C1119546
C1121FA8
C112AC6B
C1133B8D
C113CD0B
C11460E0
C114F708
C1158F7F
C1162A3D
C116C73E
C1176679
C11807E8
C118AB83
C1195141
C119F918
C11AA301
C11B4EEF
C11BFCDB
C11CACB7
C11D5E7A
C11E1219
C11EC786
C11F7EB7
C12037A0
C120F233
C121AE65
C1226C29
C1232B72
C123EC33
C124AE60
C12571EC
C12636C9
C126FCEC
C127C448
C1288CD0
C1295677
C12A2131
C12AECF3
C12BB9AF
C12C875B
C12D55EA
C12E2552
C12EF586
C12FC67D
C130982A
C1316A84
C1323D81
C1331116
C133E539
C134B9E1
C1358F05
C136649B
C1373A9A
C13810FB
C138E7B4
C139BEBD
C13A960F
C13B6DA1
C13C456D
C13D1D6A
C13DF592
C13ECDDE
C13FA647
C1407EC7
C1415757
C1422FF2
C1430891
C143E12E
C144B9C4
C145924D
C1466AC4
C1474324
C1481B68
C148F38A
C149CB87
C14AA359
C14B7AFC
C14C526C
C14D29A4
C14E009F
C14ED75B
C14FADD3
C1508404
C15159E8
C1522F7E
C15304C1
C153D9AE
C154AE41
C1558278
C156564E
C15729C2
C157FCD0
C158CF75
C159A1AE
C15A7379
C15B44D3
C15C15BA
C15CE62A
C15DB623
C15E85A0
C15F54A1
C1602323
C160F123
C161BEA1
C1628B9A
C163580D
C16423F7
C164EF57
C165BA2C
C1668475
C1674E2F
C168175A
C168DFF4
C169A7FD
C16A6F73
C16B3656
C16BFCA5
C16CC25F
C16D8783
C16E4C11
C16F1009
C16FD36A
C1709633
C1715866
C1721A00
C172DB04
C1739B70
C1745B44
C1751A82
C175D929
C1769739
C17754B4
C0FA6F5F
C0FA7DE6
C0FA8CE4
C0FA9C5E
C0FAAC57
C0FABCD3
C0FACDD6
C0FADF64
C0FAF181
C0FB0431
C0FB1779
C0FB2B5E
C0FB3FE3
C0FB550F
C0FB6AE5
C0FB816B
C0FB98A6
C0FBB09B
C0FBC950
C0FBE2CA
C0FBFD10
C0FC1826
C0FC3414
C0FC50DF
C0FC6E8D
C0FC8D26
C0FCACB0
C0FCCD32
C0FCEEB4
C0FD113B
C0FD34D0
C0FD597B
C0FD7F42
C0FDA630
C0FDCE4A
C0FDF79B
C0FE222A
C0FE4E01
C0FE7B28
C0FEA9A9
C0FED98D
C0FF0ADF
C0FF3DA8
C0FF71F1
C0FFA7C7
C0FFDF33
C1000C20
C100297D
C10047B5
C10066D0
C10086D2
C100A7C1
C100C9A5
C100EC83
C1011062
C1013548
C1015B3C
C1018244
C101AA69
C101D3B0
C101FE21
C10229C4
C102569F
C10284BA
C102B41E
C102E4D1
C10316DC
C1034A46
C1037F18
C103B55A
C103ED13
C104264D
C1046110
C1049D63
C104DB51
C1051AE0
C1055C1A
C1059F08
C105E3B2
C1062A1F
C106725B
C106BC6B
C107085A
C107562F
C107A5F4
C107F7AF
C1084B69
C108A12B
C108F8FC
C10952E3
C109AEE9
C10A0D14
C10A6D6B
C10ACFF5
C10B34B9
C10B9BBB
C10C0503
C10C7095
C10CDE77
C10D4EAD
C10DC13A
C10E3623
C10EAD6B
C10F2714
C10FA321
C1102192
C110A269
C11125A7
C111AB4B
C1123354
C112BDC1
C1134A90
C113D9BE
C1146B48
C114FF2B
C1159561
C1162DE5
C116C8B2
C11765C1
C118050D
C118A68C
C1194A37
C119F006
C11A97EF
C11B41EA
C11BEDEC
C11C9BEA
C11D4BDB
C11DFDB3
C11EB167
C11F66EB
C1201E33
C120D733
C12191DF
C1224E2B
C1230C09
C123CB6C
C1248C4A
C1254E93
C126123D
C126D739
C1279D7B
C12864F7
C1292DA0
C129F76A
C12AC248
C12B8E2E
C12C5B10
C12D28E3
C12DF79A
C12EC72A
C12F9789
C13068AB
C1313A85
C1320D0E
C132E03A
C133B3FF
C1348854
C1355D30
C1363288
C1370854
C137DE8B
C138B525
C1398C18
C13A635E
C13B3AED
C13C12BF
C13CEACB
C13DC30B
C13E9B77
C13F7409
C1404CBA
C1412583
C141FE5E
C142D745
C143B032
C144891F
C1456207
C1463AE4
C14713B1
C147EC68
C148C505
C1499D83
C14A75DD
C14B4E0E
C14C2611
C14CFDE4
C14DD580
C14EACE2
C14F8406
C1505AE9
C1513185
C15207D8
C152DDDD
C153B391
C15488F2
C1555DFA
C15632A8
C15706F8
C157DAE6
C158AE70
C1598193
C15A544D
C15B2699
C15BF876
C15CC9E1
C15D9AD8
C15E6B58
C15F3B5F
C1600AEA
C160D9F7
C161A886
C1627692
C163441B
C164111E
C164DD9A
C165A98E
C16674F7
C1673FD5
C1680A25
C168D3E7
C1699D19
C16A65BA
C16B2DC9
C16BF545
C16CBC2E
C16D8282
C16E4840
C16F0D69
C16FD1FC
C17095F8
C171595D
C1721C2A
C172DE60
C1739FFE
C1746104
C1752173
C175E14B
C176A08B
C1775F34
C1781D47
C0FBA92C
C0FBB7B3
C0FBC6B2
C0FBD62C
C0FBE625
C0FBF6A2
C0FC07A5
C0FC1933
C0FC2B50
C0FC3E01
C0FC514A
C0FC652F
C0FC79B5
C0FC8EE1
C0FCA4B8
C0FCBB3E
C0FCD27A
C0FCEA70
C0FD0325
C0FD1CA0
C0FD36E7
C0FD51FE
C0FD6DEC
C0FD8AB8
C0FDA867
C0FDC701
C0FDE68C
C0FE070F
C0FE2891
C0FE4B1A
C0FE6EB0
C0FE935C
C0FEB925
C0FEE013
C0FF082F
C0FF3181
C0FF5C11
C0FF87E9
C0FFB512
C0FFE395
C10009BD
C1002267
C1003BCC
C10055F2
C10070DD
C1008C94
C100A91C
C100C67A
C100E4B3
C10103CF
C10123D2
C10144C3
C10166A8
C1018987
C101AD67
C101D24F
C101F844
C1021F4E
C1024774
C10270BD
C1029B30
C102C6D4
C102F3B2
C10321CF
C1035134
C10381EA
C103B3F7
C103E763
C1041C37
C104527B
C1048A38
C104C374
C104FE39
C1053A90
C1057880
C105B813
C105F950
C1063C41
C10680EE
C106C760
C1070F9E
C10759B3
C107A5A6
C107F37F
C1084348
C1089507
C108E8C7
C1093E8D
C1099663
C109F050
C10A4C5A
C10AAA8B
C10B0AE8
C10B6D78
C10BD242
C10C394B
C10CA299
C10D0E33
C10D7C1B
C10DEC58
C10E5EEE
C10ED3DF
C10F4B2F
C10FC4E0
C11040F6
C110BF71
C1114051
C111C399
C1124947
C112D15B
C1135BD3
C113E8AD
C11477E7
C115097E
C1159D6D
C11633B0
C116CC42
C117671D
C118043B
C118A395
C1194524
C119E8DF
C11A8EBE
C11B36B9
C11BE0C5
C11C8CD9
C11D3AEB
C11DEAF0
C11E9CDC
C11F50A5
C120063E
C120BD9D
C12176B4
C1223178
C122EDDC
C123ABD3
C1246B51
C1252C49
C125EEAF
C126B275
C127778F
C1283DF0
C129058B
C129CE55
C12A9840
C12B6340
C12C2F4A
C12CFC51
C12DCA49
C12E9927
C12F68DF
C1303967
C1310AB3
C131DCB9
C132AF6E
C13382C8
C13456BD
C1352B43
C1360050
C136D5DC
C137ABDD
C138824A
C139591B
C13A3048
C13B07C8
C13BDF93
C13CB7A3
C13D8FEE
C13E686F
C13F411E
C14019F3
C140F2EA
C141CBFA
C142A51F
C1437E50
C144578A
C14530C6
C14609FE
C146E32D
C147BC4D
C148955A
C1496E4F
C14A4726
C14B1FDB
C14BF869
C14CD0CB
C14DA8FE
C14E80FD
C14F58C4
C150304F
C1510799
C151DEA0
C152B55E
C1538BD2
C15461F6
C15537C8
C1560D44
C156E267
C157B72E
C1588B95
C1595F9A
C15A3339
C15B0671
C15BD93D
C15CAB9B
C15D7D8A
C15E4F05
C15F200B
C15FF099
C160C0AE
C1619046
C1625F60
C1632DFA
C163FC11
C164C9A5
C16596B2
C1666338
C1672F34
C167FAA6
C168C58B
C1698FE2
C16A59AB
C16B22E4
C16BEB8B
C16CB3A0
C16D7B22
C16E4210
C16F0869
C16FCE2D
C170935A
C17157F1
C1721BF1
C172DF59
C173A22A
C1746463
C1752604
C175E70E
C176A77F
C177675A
C178269C
C178E548
C0FCE300
C0FCF187
C0FD0086
C0FD1000
C0FD1FFA
C0FD3077
C0FD417A
C0FD5309
C0FD6527
C0FD77D8
C0FD8B21
C0FD9F07
C0FDB38D
C0FDC8BA
C0FDDE91
C0FDF518
C0FE0C54
C0FE244B
C0FE3D01
C0FE567D
C0FE70C4
C0FE8BDC
C0FEA7CB
C0FEC497
C0FEE248
C0FF00E2
C0FF206E
C0FF40F2
C0FF6275
C0FF84FE
C0FFA896
C0FFCD42
C0FFF30C
C1000CFE
C100210C
C10035B6
C1004AFF
C10060EC
C1007781
C1008EC3
C100A6B7
C100BF61
C100D8C7
C100F2EE
C1010DDA
C1012992
C101461A
C1016379
C10181B4
C101A0D1
C101C0D5
C101E1C7
C10203AD
C102268E
C1024A6F
C1026F58
C102954F
C102BC5A
C102E482
C1030DCC
C1033841
C10363E7
C10390C6
C103BEE5
C103EE4D
C1041F04
C1045113
C1048482
C104B958
C104EF9F
C105275D
C105609C
C1059B64
C105D7BE
C10615B1
C1065546
C1069687
C106D97B
C1071E2B
C10764A0
C107ACE2
C107F6FA
C10842F1
C10890CF
C108E09B
C109325F
C1098623
C109DBEE
C10A33C9
C10A8DBA
C10AE9CB
C10B4800
C10BA863
C10C0AF9
C10C6FC8
C10CD6D8
C10D402D
C10DABCD
C10E19BD
C10E8A01
C10EFC9D
C10F7196
C10FE8EE
C11062A8
C110DEC6
C1115D4A
C111DE34
C1126185
C112E73D
C1136F5B
C113F9DE
C11486C4
C1151609
C115A7AB
C1163BA7
C116D1F6
C1176A95
C118057E
C118A2AA
C1194213
C119E3B0
C11A877B
C11B2D6B
C11BD576
C11C7F94
C11D2BBA
C11DD9DE
C11E89F5
C11F3BF5
C11FEFD2
C120A581
C1215CF5
C1221622
C122D0FD
C1238D79
C1244B89
C1250B20
C125CC33
C1268EB3
C1275295
C12817CC
C128DE4A
C129A605
C12A6EEE
C12B38F9
C12C041B
C12CD047
C12D9D71
C12E6B8E
C12F3A92
C1300A71
C130DB21
C131AC96
C1327EC6
C13351A7
C134252E
C134F950
C135CE05
C136A344
C1377901
C1384F36
C13925D8
C139FCDF
C13AD443
C13BABFC
C13C8402
C13D5C4E
C13E34D7
C13F0D97
C13FE687
C140BF9F
C14198D9
C1427230
C1434B9B
C1442516
C144FE9B
C145D823
C146B1AA
C1478B29
C148649C
C1493DFC
C14A1746
C14AF075
C14BC983
C14CA26C
C14D7B2C
C14E53BE
C14F2C1D
C1500447
C150DC36
C151B3E7
C1528B56
C153627F
C154395E
C1550FF0
C155E632
C156BC20
C15791B6
C15866F2
C1593BD1
C15A104E
C15AE468
C15BB81C
C15C8B66
C15D5E45
C15E30B4
C15F02B3
C15FD43E
C160A552
C16175EE
C1624610
C16315B4
C163E4DA
C164B37F
C16581A1
C1664F3E
C1671C55
C167E8E3
C168B4E8
C1698061
C16A4B4E
C16B15AD
C16BDF7C
C16CA8BB
C16D7168
C16E3983
C16F010A
C16FC7FD
C1708E5B
C1715423
C1721955
C172DDEF
C173A1F3
C174655F
C1752833
C175EA70
C176AC14
C1776D20
C1782D94
C178ED71
C179ACB6
C0FE1CD9
C0FE2B61
C0FE3A60
C0FE49DB
C0FE59D5
C0FE6A52
C0FE7B56
C0FE8CE5
C0FE9F03
C0FEB1B5
C0FEC4FE
C0FED8E4
C0FEED6C
C0FF0299
C0FF1870
C0FF2EF8
C0FF4635
C0FF5E2C
C0FF76E3
C0FF905F
C0FFAAA6
C0FFC5BF
C0FFE1AF
C0FFFE7C
C1000E17
C1001D64
C1002D2B
C1003D6D
C1004E2F
C1005F74
C1007140
C1008397
C100967D
C100A9F5
C100BE04
C100D2AE
C100E7F8
C100FDE5
C101147B
C1012BBE
C10143B2
C1015C5E
C10175C4
C1018FEC
C101AAD9
C101C692
C101E31B
C102007B
C1021EB7
C1023DD4
C1025DDA
C1027ECD
C102A0B5
C102C396
C102E779
C1030C63
C103325B
C1035968
C1038191
C103AADD
C103D554
C10400FB
C1042DDC
C1045BFD
C1048B66
C104BC20
C104EE31
C10521A1
C105567A
C1058CC3
C105C484
C105FDC5
C1063890
C10674EC
C106B2E2
C106F27A
C10733BE
C10776B5
C107BB68
C10801E0
C1084A26
C1089442
C108E03C
C1092E1E
C1097DEE
C109CFB7
C10A237F
C10A794E
C10AD12D
C10B2B24
C10B8739
C10BE574
C10C45DC
C10CA877
C10D0D4D
C10D7462
C10DDDBE
C10E4964
C10EB75B
C10F27A6
C10F9A4A
C1100F4A
C11086AA
C111006C
C1117C92
C111FB1E
C1127C12
C112FF6C
C113852E
C1140D56
C11497E3
C11524D3
C115B423
C11645D1
C116D9D8
C1177034
C11808E0
C118A3D6
C119410F
C119E086
C11A8232
C11B260C
C11BCC0B
C11C7427
C11D1E55
C11DCA8C
C11E78C2
C11F28EC
C11FDAFF
C1208EF0
C12144B2
C121FC3B
C122B57F
C1237070
C1242D03
C124EB2A
C125AADB
C1266C06
C1272EA1
C127F29E
C128B7F1
C1297E8C
C12A4664
C12B0F6B
C12BD996
C12CA4D9
C12D7126
C12E3E73
C12F0CB3
C12FDBDC
C130ABE1
C1317CB7
C1324E55
C13320AE
C133F3B9
C134C76B
C1359BBB
C136709E
C137460B
C1381BF9
C138F260
C139C935
C13AA071
C13B780C
C13C4FFD
C13D283C
C13E00C2
C13ED987
C13FB285
C1408BB4
C141650D
C1423E8A
C1431824
C143F1D6
C144CB98
C145A566
C1467F39
C147590C
C14832DA
C1490C9D
C149E64F
C14ABFED
C14B9971
C14C72D7
C14D4C19
C14E2534
C14EFE23
C14FD6E2
C150AF6C
C15187BE
C1525FD3
C15337A8
C1540F3A
C154E683
C155BD82
C1569431
C1576A8F
C1584097
C1591646
C159EB9A
C15AC08F
C15B9522
C15C6950
C15D3D17
C15E1074
C15EE363
C15FB5E3
C16087F1
C161598A
C1622AAC
C162FB56
C163CB83
C1649B34
C1656A64
C1663914
C167073F
C167D4E6
C168A205
C1696E9C
C16A3AA9
C16B062A
C16BD11E
C16C9B83
C16D6559
C16E2E9D
C16EF750
C16FBF71
C17086FD
C1714DF4
C1721457
C172DA23
C1739F59
C17463F7
C17527FE
C175EB6E
C176AE45
C1777084
C178322B
C178F33A
C179B3B1
C17A7390
C0FF56B8
C0FF6540
C0FF7440
C0FF83BB
C0FF93B5
C0FFA433
C0FFB537
C0FFC6C7
C0FFD8E5
C0FFEB97
C0FFFEE1
C1000964
C10013A8
C1001E3E
C100292B
C100346F
C100400D
C1004C09
C1005865
C1006523
C1007247
C1007FD4
C1008DCC
C1009C33
C100AB0C
C100BA5A
C100CA21
C100DA64
C100EB26
C100FC6C
C1010E39
C1012090
C1013376
C10146EF
C1015AFF
C1016FA9
C10184F4
C1019AE2
C101B178
C101C8BB
C101E0B1
C101F95C
C10212C4
C1022CEC
C10247DB
C1026394
C102801E
C1029D7F
C102BBBC
C102DADB
C102FAE1
C1031BD5
C1033DBE
C10360A1
C1038485
C103A970
C103CF6A
C103F678
C1041EA3
C10447F0
C1047268
C1049E11
C104CAF4
C104F916
C1052882
C105593D
C1058B50
C105BEC3
C105F39D
C10629E8
C10661AB
C1069AEF
C106D5BC
C107121B
C1075013
C1078FAF
C107D0F5
C10813EF
C10858A5
C1089F21
C108E76A
C1093189
C1097D87
C109CB6C
C10A1B41
C10A6D0D
C10AC0D9
C10B16AD
C10B6E91
C10BC88C
C10C24A6
C10C82E6
C10CE353
C10D45F4
C10DAACF
C10E11EB
C10E7B4C
C10EE6F9
C10F54F6
C10FC547
C11037F2
C110ACFA
C1112461
C1119E2B
C1121A5A
C11298EE
C11319EA
C1139D4D
C1142318
C114AB4A
C11535E1
C115C2DB
C1165237
C116E3EF
C1177802
C1180E6A
C118A722
C1194224
C119DF6B
C11A7EEF
C11B20AA
C11BC492
C11C6AA0
C11D12CB
C11DBD0A
C11E6952
C11F1799
C11FC7D4
C12079FA
C1212DFE
C121E3D4
C1229B71
C12354CA
C1240FD1
C124CC7A
C1258AB9
C1264A80
C1270BC5
C127CE79
C1289290
C12957FE
C12A1EB5
C12AE6AA
C12BAFCF
C12C7A19
C12D457B
C12E11E9
C12EDF57
C12FADBA
C1307D06
C1314D2F
C1321E2C
C132EFF0
C133C271
C13495A5
C1356981
C1363DFC
C137130C
C137E8A8
C138BEC6
C139955D
C13A6C64
C13B43D4
C13C1BA3
C13CF3CA
C13DCC41
C13EA500
C13F7E00
C140573A
C14130A6
C1420A3F
C142E3FC
C143BDD9
C14497CF
C14571D7
C1464BED
C1472609
C1480027
C148DA41
C149B452
C14A8E55
C14B6845
C14C421D
C14D1BD8
C14DF572
C14ECEE6
C14FA830
C150814C
C1515A35
C15232E8
C1530B60
C153E39A
C154BB91
C1559343
C1566AAC
C15741C7
C1581893
C158EF0B
C159C52C
C15A9AF3
C15B705D
C15C4568
C15D1A0F
C15DEE50
C15EC229
C15F9597
C1606896
C1613B26
C1620D42
C162DEE9
C163B018
C16480CE
C1655108
C16620C3
C166EFFE
C167BEB7
C1688CEC
C1695A9C
C16A27C3
C16AF462
C16BC076
C16C8BFE
C16D56F9
C16E2165
C16EEB40
C16FB48B
C1707D43
C1714568
C1720CF9
C172D3F5
C1739A5C
C174602C
C1752565
C175EA08
C176AE12
C1777185
C178345F
C178F6A1
C179B84B
C17A795C
C17B39D5
C100484F
C1004F93
C1005713
C1005ED0
C10066CE
C1006F0D
C100778F
C1008057
C1008966
C10092C0
C1009C65
C100A658
C100B09C
C100BB33
C100C620
C100D164
C100DD03
C100E8FF
C100F55B
C101021A
C1010F3E
C1011CCB
C1012AC4
C101392B
C1014804
C1015753
C101671A
C101775D
C1018820
C1019966
C101AB33
C101BD8B
C101D072
C101E3EB
C101F7FB
C1020CA7
C10221F2
C10237E0
C1024E77
C10265BB
C1027DB1
C102965E
C102AFC6
C102C9EF
C102E4DE
C1030099
C1031D24
C1033A85
C10358C3
C10377E3
C10397EA
C103B8E0
C103DAC9
C103FDAD
C1042192
C104467F
C1046C7A
C104938A
C104BBB5
C104E504
C1050F7E
C1053B29
C105680D
C1059631
C105C59E
C105F65B
C1062870
C1065BE5
C10690C1
C106C70E
C106FED4
C107381A
C10772E9
C107AF4A
C107ED46
C1082CE3
C1086E2D
C108B12A
C108F5E3
C1093C62
C10984AE
C109CED1
C10A1AD2
C10A68BB
C10AB893
C10B0A63
C10B5E33
C10BB40B
C10C0BF4
C10C65F3
C10CC212
C10D2057
C10D80C9
C10DE36F
C10E484F
C10EAF70
C10F18D8
C10F848A
C10FF28E
C11062E6
C110D598
C1114AA6
C111C215
C1123BE6
C112B81C
C11336B9
C113B7BD
C1143B29
C114C0FD
C1154938
C115D3D9
C11660DD
C116F043
C1178206
C1181624
C118AC97
C119455B
C119E06A
C11A7DBD
C11B1D4F
C11BBF17
C11C630E
C11D092A
C11DB164
C11E5BB2
C11F080A
C11FB662
C12066AF
C12118E6
C121CCFC
C12282E6
C1233A97
C123F404
C124AF20
C1256BDE
C1262A34
C126EA13
C127AB6F
C1286E3C
C129326C
C129F7F4
C12ABEC6
C12B86D7
C12C5019
C12D1A80
C12DE601
C12EB28F
C12F801D
C1304EA2
C1311E10
C131EE5D
C132BF7E
C1339168
C1346410
C135376C
C1360B72
C136E017
C137B553
C1388B1B
C1396167
C13A382D
C13B0F65
C13BE707
C13CBF09
C13D9765
C13E7012
C13F4909
C1402242
C140FBB7
C141D55F
C142AF35
C1438933
C1446350
C1453D88
C14617D5
C146F230
C147CC94
C148A6FB
C1498160
C14A5BBE
C14B360F
C14C1050
C14CEA79
C14DC488
C14E9E78
C14F7844
C15051E7
C1512B5E
C15204A4
C152DDB6
C153B68E
C1548F2B
C1556787
C1563F9F
C1571770
C157EEF6
C158C62E
C1599D14
C15A73A5
C15B49DE
C15C1FBB
C15CF53B
C15DCA59
C15E9F13
C15F7367
C1604751
C1611ACF
C161EDDE
C162C07C
C16392A6
C164645A
C1653596
C1660657
C166D69B
C167A661
C16875A6
C1694469
C16A12A7
C16AE05E
C16BAD8E
C16C7A34
C16D4650
C16E11DE
C16EDCDF
C16FA751
C1707132
C1713A82
C172033F
C172CB69
C17392FF
C17459FF
C175206A
C175E63E
C176AB7B
C1777020
C178342E
C178F7A3
C179BA81
C17A7CC5
C17B3E71
C17BFF85
C100E544
C100EC88
C100F408
C100FBC6
C10103C4
C1010C03
C1011485
C1011D4D
C101265D
C1012FB6
C101395C
C101434F
C1014D94
C101582B
C1016317
C1016E5C
C10179FB
C10185F8
C1019254
C1019F13
C101AC38
C101B9C5
C101C7BE
C101D626
C101E4FF
C101F44E
C1020416
C1021459
C102251C
C1023663
C1024830
C1025A89
C1026D70
C10280EA
C10294FB
C102A9A6
C102BEF2
C102D4E1
C102EB79
C10302BD
C1031AB4
C1033361
C1034CCA
C10366F4
C10381E4
C1039D9F
C103BA2B
C103D78E
C103F5CC
C10414ED
C10434F5
C10455EC
C10477D6
C1049ABC
C104BEA2
C104E390
C105098C
C105309D
C10558CA
C105821A
C105AC95
C105D841
C1060527
C106334D
C10662BC
C106937A
C106C591
C106F908
C1072DE7
C1076436
C1079BFD
C107D546
C1081017
C1084C7B
C1088A78
C108CA19
C1090B65
C1094E64
C1099321
C109D9A2
C10A21F2
C10A6C18
C10AB81C
C10B0608
C10B55E4
C10BA7B8
C10BFB8C
C10C5169
C10CA955
C10D0359
C10D5F7C
C10DBDC6
C10E1E3D
C10E80E8
C10EE5CE
C10F4CF4
C10FB661
C1102219
C1109023
C1110081
C1117339
C111E84F
C1125FC4
C112D99D
C11355DB
C113D47F
C114558B
C114D900
C1155EDC
C115E720
C11671CA
C116FED8
C1178E48
C1182016
C118B43E
C1194ABD
C119E38C
C11A7EA7
C11B1C07
C11BBBA5
C11C5D7A
C11D017E
C11DA7A9
C11E4FF2
C11EFA4F
C11FA6B7
C120551F
C121057C
C121B7C5
C1226BED
C12321E9
C123D9AD
C124932D
C1254E5D
C1260B31
C126C99C
C1278992
C1284B05
C1290DEA
C129D233
C12A97D4
C12B5EC1
C12C26EC
C12CF04A
C12DBACE
C12E866D
C12F5319
C13020C7
C130EF6C
C131BEFC
C1328F6C
C13360B0
C13432BF
C135058D
C135D910
C136AD3D
C137820C
C1385772
C1392D65
C13A03DE
C13ADAD2
C13BB23A
C13C8A0C
C13D6241
C13E3AD0
C13F13B2
C13FECDF
C140C650
C1419FFD
C14279E1
C14353F3
C1442E2E
C145088B
C145E304
C146BD93
C1479832
C14872DC
C1494D8A
C14A2839
C14B02E1
C14BDD80
C14CB80E
C14D9288
C14E6CE9
C14F472D
C150214E
C150FB49
C151D519
C152AEBA
C1538829
C1546161
C1553A5E
C156131D
C156EB9A
C157C3D1
C1589BBF
C1597361
C15A4AB3
C15B21B2
C15BF85B
C15CCEAA
C15DA49D
C15E7A31
C15F4F62
C160242F
C160F893
C161CC8E
C162A01B
C1637338
C16445E4
C165181B
C165E9DC
C166BB23
C1678BEF
C1685C3E
C1692C0E
C169FB5D
C16ACA28
C16B986E
C16C662E
C16D3365
C16E0012
C16ECC34
C16F97C9
C17062D0
C1712D48
C171F72E
C172C083
C1738945
C1745174
C175190D
C175E012
C176A680
C1776C58
C1783198
C178F641
C179BA51
C17A7DCA
C17B40AA
C17C02F1
C17CC49F
C101823B
C1018980
C1019100
C10198BE
C101A0BC
C101A8FB
C101B17E
C101BA46
C101C356
C101CCAF
C101D655
C101E049
C101EA8D
C101F525
C1020012
C1020B56
C10216F6
C10222F2
C1022F4F
C1023C0E
C1024933
C10256C1
C10264BA
C1027322
C10281FC
C102914C
C102A113
C102B157
C102C21B
C102D362
C102E530
C102F789
C1030A70
C1031DEB
C10331FC
C10346A8
C1035BF4
C10371E4
C103887C
C1039FC2
C103B7B9
C103D067
C103E9D0
C10403FB
C1041EEC
C1043AA8
C1045734
C1047498
C10492D7
C104B1F9
C104D202
C104F2FA
C10514E5
C10537CC
C1055BB3
C10580A2
C105A69F
C105CDB1
C105F5E0
C1061F32
C10649AE
C106755C
C106A243
C106D06A
C106FFDB
C107309B
C10762B4
C107962C
C107CB0D
C108015E
C1083927
C1087272
C108AD46
C108E9AC
C10927AC
C109674E
C109A89D
C109EB9F
C10A305E
C10A76E3
C10ABF35
C10B095E
C10B5566
C10BA356
C10BF335
C10C450D
C10C98E5
C10CEEC5
C10D46B5
C10DA0BD
C10DFCE5
C10E5B33
C10EBBAF
C10F1E5F
C10F8349
C10FEA75
C11053E7
C110BFA5
C1112DB5
C1119E19
C11210D8
C11285F4
C112FD70
C1137750
C113F395
C1147241
C114F355
C11576D1
C115FCB6
C1168503
C1170FB6
C1179CCD
C1182C47
C118BE1F
C1195251
C119E8DA
C11A81B5
C11B1CDB
C11BBA47
C11C59F2
C11CFBD4
C11D9FE5
C11E461E
C11EEE74
C11F98E0
C1204557
C120F3CE
C121A43C
C1225695
C1230ACF
C123C0DC
C12478B3
C1253246
C125ED8A
C126AA73
C12768F2
C12828FE
C128EA87
C129AD83
C12A71E4
C12B379E
C12BFEA4
C12CC6EA
C12D9063
C12E5B03
C12F26BF
C12FF388
C130C155
C131901A
C1325FCB
C133305C
C13401C3
C134D3F5
C135A6E7
C1367A90
C1374EE4
C13823DB
C138F96A
C139CF88
C13AA62C
C13B7D4D
C13C54E3
C13D2CE5
C13E054A
C13EDE0B
C13FB721
C1409082
C1416A29
C142440F
C1431E2B
C143F878
C144D2EF
C145AD8A
C1468842
C1476312
C1483DF4
C14918E2
C149F3D6
C14ACECC
C14BA9BE
C14C84A7
C14D5F82
C14E3A4B
C14F14FC
C14FEF91
C150CA06
C151A457
C1527E7F
C1535879
C1543243
C1550BD8
C155E534
C156BE54
C1579733
C1586FCF
C1594824
C15A202E
C15AF7EA
C15BCF55
C15CA66C
C15D7D2B
C15E5390
C15F2997
C15FFF3E
C160D482
C161A95F
C1627DD4
C16351DE
C164257A
C164F8A5
C165CB5E
C1669DA1
C1676F6D
C16840C0
C1691197
C169E1F0
C16AB1C9
C16B8120
C16C4FF4
C16D1E42
C16DEC09
C16EB947
C16F85FB
C1705224
C1711DBF
C171E8CB
C172B348
C1737D34
C174468D
C1750F54
C175D786
C1769F24
C177662C
C1782C9E
C178F279
C179B7BD
C17A7C69
C17B407C
C17C03F7
C17CC6D9
C17D8923
C1021F36
C102267A
C1022DFB
C10235B9
C1023DB6
C10245F6
C1024E79
C1025741
C1026051
C10269AB
C1027351
C1027D45
C1028789
C1029221
C1029D0E
C102A853
C102B3F3
C102BFF0
C102CC4D
C102D90C
C102E631
C102F3BF
C10301B9
C1031021
C1031EFC
C1032E4B
C1033E13
C1034E58
C1035F1C
C1037063
C1038232
C103948B
C103A773
C103BAEE
C103CEFF
C103E3AC
C103F8F9
C1040EE9
C1042582
C1043CC8
C10454C0
C1046D6E
C10486D9
C104A104
C104BBF5
C104D7B2
C104F440
C10511A4
C1052FE4
C1054F06
C1056F11
C1059009
C105B1F6
C105D4DD
C105F8C6
C1061DB6
C10643B4
C1066AC8
C10692F7
C106BC4A
C106E6C8
C1071277
C1073F60
C1076D89
C1079CFB
C107CDBD
C107FFD7
C1083351
C1086834
C1089E87
C108D652
C1090F9F
C1094A75
C10986DD
C109C4DF
C10A0484
C10A45D5
C10A88DA
C10ACD9C
C10B1423
C10B5C79
C10BA6A5
C10BF2B0
C10C40A3
C10C9085
C10CE260
C10D363C
C10D8C20
C10DE414
C10E3E20
C10E9A4C
C10EF89F
C10F591F
C10FBBD4
C11020C3
C11087F4
C110F16B
C1115D2F
C111CB44
C1123BAF
C112AE73
C1132395
C1139B18
C11414FF
C114914B
C1150FFE
C115911A
C116149E
C1169A8B
C11722E0
C117AD9C
C1183ABC
C118CA3F
C1195C21
C119F05D
C11A86F1
C11B1FD6
C11BBB07
C11C587F
C11CF835
C11D9A24
C11E3E42
C11EE488
C11F8CEC
C1203766
C120E3EB
C1219272
C12242EF
C122F559
C123A9A3
C1245FC2
C12517AA
C125D150
C1268CA7
C12749A3
C1280837
C128C858
C12989F7
C12A4D09
C12B1182
C12BD754
C12C9E72
C12D66D2
C12E3065
C12EFB20
C12FC6F7
C13093DE
C13161C9
C13230AC
C133007C
C133D12E
C134A2B6
C135750B
C1364821
C1371BEE
C137F068
C138C586
C1399B3D
C13A7184
C13B4853
C13C1FA0
C13CF762
C13DCF92
C13EA826
C13F8118
C1405A60
C14133F5
C1420DD1
C142E7EC
C143C240
C1449CC7
C1457778
C146524F
C1472D45
C1480854
C148E377
C149BEA7
C14A99E0
C14B751C
C14C5055
C14D2B87
C14E06AE
C14EE1C3
C14FBCC2
C15097A8
C151726F
C1524D14
C1532791
C15401E3
C154DC06
C155B5F6
C1568FAF
C157692E
C158426E
C1591B6D
C159F426
C15ACC97
C15BA4BB
C15C7C91
C15D5414
C15E2B41
C15F0215
C15FD88E
C160AEA8
C1618461
C16259B6
C1632EA4
C1640328
C164D741
C165AAEA
C1667E23
C16750E8
C1682337
C168F50E
C169C66B
C16A974C
C16B67AE
C16C3790
C16D06F0
C16DD5CC
C16EA421
C16F71F0
C1703F35
C1710BEF
C171D81D
C172A3BE
C1736ED0
C1743951
C1750342
C175CCA0
C176956B
C1775DA2
C1782543
C178EC4F
C179B2C4
C17A78A2
C17B3DE9
C17C0297
C17CC6AE
C17D8A2B
C17E4D10
C102BC32
C102C377
C102CAF7
C102D2B6
C102DAB3
C102E2F3
C102EB76
C102F43F
C102FD4F
C10306A9
C103104F
C1031A43
C1032488
C1032F20
C1033A0D
C1034552
C10350F2
C1035CEF
C103694C
C103760C
C1038332
C10390C0
C1039EBA
C103AD22
C103BBFD
C103CB4D
C103DB16
C103EB5A
C103FC1F
C1040D66
C1041F35
C104318F
C1044477
C10457F3
C1046C05
C10480B2
C10495FF
C104ABF0
C104C289
C104D9D0
C104F1C8
C1050A78
C10523E3
C1053E0F
C1055901
C10574BE
C105914C
C105AEB1
C105CCF3
C105EC16
C1060C21
C1062D1A
C1064F08
C10671F0
C10695DA
C106BACB
C106E0CA
C10707DF
C1073010
C1075964
C10783E3
C107AF94
C107DC7E
C1080AA8
C1083A1C
C1086ADF
C1089CFB
C108D077
C109055B
C1093BB0
C109737E
C109ACCC
C109E7A5
C10A240F
C10A6213
C10AA1BB
C10AE30E
C10B2616
C10B6ADA
C10BB164
C10BF9BC
C10C43EB
C10C8FF9
C10CDDEF
C10D2DD5
C10D7FB3
C10DD392
C10E297A
C10E8172
C10EDB82
C10F37B2
C10F9609
C10FF68E
C1105947
C110BE3B
C1112571
C1118EED
C111FAB6
C11268D1
C112D941
C1134C0B
C113C134
C11438BD
C114B2AA
C1152EFD
C115ADB7
C1162EDA
C116B266
C117385B
C117C0B8
C1184B7C
C118D8A5
C1196831
C119FA1C
C11A8E62
C11B2500
C11BBDEF
C11C592C
C11CF6AE
C11D9670
C11E386A
C11EDC95
C11F82E8
C1202B59
C120D5E1
C1218274
C122310A
C122E196
C123940F
C1244869
C124FE99
C125B693
C126704B
C1272BB4
C127E8C3
C128A76B
C12967A0
C12A2955
C12AEC7C
C12BB10B
C12C76F4
C12D3E2B
C12E06A3
C12ED050
C12F9B25
C1306717
C131341A
C1320222
C132D122
C133A111
C13471E3
C135438C
C1361602
C136E93B
C137BD2B
C13891CA
C139670E
C13A3CEB
C13B135B
C13BEA52
C13CC1CA
C13D99B8
C13E7214
C13F4AD7
C14023F8
C140FD70
C141D738
C142B147
C1438B97
C1446622
C14540DF
C1461BCA
C146F6DC
C147D20E
C148AD5B
C14988BD
C14A642E
C14B3FA9
C14C1B29
C14CF6A9
C14DD222
C14EAD92
C14F88F2
C150643E
C1513F72
C1521A8A
C152F580
C153D051
C154AAF9
C1558574
C1565FBD
C15739D1
C15813AD
C158ED4C
C159C6AC
C15A9FC8
C15B789D
C15C5128
C15D2966
C15E0153
C15ED8EC
C15FB02F
C1608717
C1615DA3
C16233D0
C163099A
C163DEFF
C164B3FC
C165888F
C1665CB5
C167306C
C16803B1
C168D681
C169A8DC
C16A7ABE
C16B4C24
C16C1D0F
C16CED7A
C16DBD64
C16E8CCC
C16F5BAF
C1702A0C
C170F7E1
C171C52C
C17291EC
C1735E20
C17429C6
C174F4DD
C175BF64
C1768959
C17752BB
C1781B8A
C178E3C5
C179AB6A
C17A7279
C17B38F1
C17BFED2
C17CC41C
C17D88CD
C17E4CE6
C17F1066
