geometry,bottom_mode,profile,window,stop_code,solver_status,solver_route,steps,completed,iterations,transfer_cm,bottom_cm,storage_change_cm,ledger_residual_cm,max_step_soil_residual_cm,first_transfer_cm,cpu_seconds,history,external_calls,flux_calls,head_calls,evaluations,within_solve_switches,accepted_regime_switches,h_min,h_max,theta_min,theta_max,water_l1_diff_cm,head_inf_diff_cm
3,7,1,1,0,1,legacy-reference-bound,1,1,5, -6.1577033610379062E-01, -1.3814059861117832E-02,  6.0195627624264603E-01, -2.6758109616942249E-14,  1.1275702593849246E-16, -6.1577033610379062E-01,  1.0599999999999997E-04,1,6,0,6,6,0,0, -1.2299999992435363E+02,  6.2182069883811519E-01,  3.0672347322635352E-01,  4.2299999999999999E-01, -1.0000000000000000E+00, -1.0000000000000000E+00
3,7,1,1,0,1,legacy-reference-bound,2,2,10, -9.6559134526440682E-01, -1.3814059840961321E-02,  9.5177728542342876E-01, -1.6733142649272281E-14,  1.5872719805187785E-16, -4.9025790906954170E-01,  1.2500000000000011E-04,1,12,0,12,12,0,0, -1.2299999999973332E+02,  2.6929802906344180E-01,  3.0672347317452830E-01,  4.2299999999999999E-01,  3.5104297604833995E-01,  5.4628689357404063E+01
3,7,1,1,0,1,legacy-reference-bound,4,4,70, -1.4292182482824916E+00, -1.3814059840923827E-02,  1.4154041884416415E+00,  7.3781258880245559E-14,  5.2357423951931992E-14, -4.0821115934742452E-01,  7.3699999999999981E-04,1,74,0,74,74,0,0, -1.2299999999999963E+02, -1.5918718588627367E-01,  3.0672347317434512E-01,  4.2298394169696196E-01,  4.6420909371344754E-01,  6.2857690580824780E+01
3,7,1,1,0,1,legacy-reference-bound,8,8,120, -1.8423908587268290E+00, -1.3814059840923806E-02,  1.8285767988858908E+00, -1.4391265956703592E-14,  1.5603837666411380E-14, -3.5511776396822670E-01,  1.2740000000000000E-03,1,128,0,128,128,0,0, -1.2300000000000001E+02, -2.8851001708706719E-01,  3.0672347317434490E-01,  4.2296185777961948E-01,  4.1463756924259076E-01,  5.4646391228920436E+01
3,7,1,1,0,1,legacy-reference-bound,16,16,232, -2.0774658891843809E+00, -1.3814059840923810E-02,  2.0636518293433852E+00, -7.1897349185334747E-14,  1.2792718273590964E-14, -3.1841444655005247E-01,  2.4250000000000001E-03,1,248,0,248,248,0,0, -1.2300000000000001E+02, -2.8041417304358146E-01,  3.0672347317434490E-01,  4.2296340477545835E-01,  2.3507590327386585E-01,  3.1947384776722814E+01
3,7,1,1,0,1,legacy-reference-bound,32,32,454, -2.2017247219435543E+00, -1.3814059840923815E-02,  2.1879106621025528E+00, -7.7665304742957630E-14,  1.2314368275090359E-14, -2.8426962503224157E-01,  5.0389999999999992E-03,1,486,0,486,486,0,0, -1.2300000000000001E+02, -2.6820922924627016E-01,  3.0672347317434490E-01,  4.2296569873930878E-01,  1.2425918964458688E-01,  1.6003840411468047E+01
3,7,1,1,0,1,legacy-reference-bound,64,64,856, -2.2670721918562289E+00, -1.3814059840923794E-02,  2.2532581320152261E+00, -7.9018389054219540E-14,  1.1524852253086415E-14, -2.3934760739419964E-01,  9.3469999999999977E-03,1,920,0,920,920,0,0, -1.2300000000000000E+02, -2.6011502647748458E-01,  3.0672347317434490E-01,  4.2296719424579909E-01,  6.5347614263880083E-02,  8.1179624373250476E+00
3,7,1,1,0,1,legacy-reference-bound,128,128,1600, -2.3012741500403817E+00, -1.3814059840923780E-02,  2.2874600901993674E+00, -9.0578586298128982E-14,  1.0074298166518059E-14, -1.8300877201453405E-01,  1.7923000000000001E-02,1,1728,0,1728,1728,0,0, -1.2300000000000000E+02, -2.5534760885285246E-01,  3.0672347317434490E-01,  4.2296806528075981E-01,  3.4202002742280413E-02,  3.8699802427367871E+00
3,7,1,1,0,1,legacy-reference-bound,256,256,2962, -2.3189967454637541E+00, -1.3814059840923773E-02,  2.3051826856227535E+00, -7.6818759686680949E-14,  3.5369385371908368E-15, -1.2670500569860735E-01,  3.1659000000000000E-02,1,3218,0,3218,3218,0,0, -1.2300000000000000E+02, -2.5269824572501787E-01,  3.0672347317434490E-01,  4.2296854615795254E-01,  1.7722614672716908E-02,  2.0447024710858699E+00
3,7,1,1,0,1,legacy-reference-bound,512,512,5394, -2.3280809730958940E+00, -1.3814059840923962E-02,  2.3142669132548761E+00, -9.3949154011951919E-14,  4.5015261049968780E-15, -8.0182754747878476E-02,  5.9825000000000003E-02,1,5906,0,5906,5906,0,0, -1.2300000000000000E+02, -2.5128173216072386E-01,  3.0672347317434490E-01,  4.2296880232762513E-01,  9.0842362623230755E-03,  1.0605629599031801E+00
3,7,1,1,0,1,legacy-reference-bound,1024,1024,9684, -2.3326957515014435E+00, -1.3814059840923701E-02,  2.3188816916604864E+00, -3.3370875507365838E-14,  2.5049813568919777E-15, -4.6969069427893882E-02,  1.1047799999999999E-01,1,10708,0,10708,10708,0,0, -1.2300000000000014E+02, -2.5054395538148622E-01,  3.0672347317434479E-01,  4.2296893549151982E-01,  4.6147823761941154E-03,  5.4093919740566321E-01
3,7,1,1,0,1,legacy-reference-bound,2048,2048,17082, -2.3350248042276127E+00, -1.3814059840924282E-02,  2.3212107443866259E+00, -6.2543720202867803E-14,  1.8696185550247379E-15, -2.5898454019469282E-02,  1.9213400000000000E-01,1,19130,0,19130,19130,0,0, -1.2300000000000000E+02, -2.5016631250501015E-01,  3.0672347317434490E-01,  4.2296900358469613E-01,  2.3290546050191985E-03,  2.7341293448363047E-01
3,7,1,1,0,1,legacy-reference-bound,4096,4096,29795, -2.3361953503998678E+00, -1.3814059840924689E-02,  2.3223812905589512E+00,  8.0300349702966400E-15,  2.1750823527271618E-15, -1.3695567560400945E-02,  3.4028300000000000E-01,1,33891,0,33891,33891,0,0, -1.2300000000000000E+02, -2.4997506347023596E-01,  3.0672347317434490E-01,  4.2296903805119390E-01,  1.1705470815298602E-03,  1.3749446869996973E-01
3,7,1,1,0,1,legacy-reference-bound,1,1,5, -6.3577033610379063E-01, -1.3814059861117832E-02,  6.2195627624264560E-01, -2.7202198826792312E-14,  1.1275702593849246E-16, -6.3577033610379063E-01,  6.8999999999985739E-05,2,6,0,6,6,0,0, -1.2299999992435363E+02,  6.2182069883811519E-01,  3.0672347322635352E-01,  4.2299999999999999E-01, -1.0000000000000000E+00, -1.0000000000000000E+00
3,7,1,1,0,1,legacy-reference-bound,2,2,10, -9.8559134526440684E-01, -1.3814059840961321E-02,  9.7177728542342834E-01, -1.7177231859122344E-14,  1.5872719805187785E-16, -5.1025790906954172E-01,  1.2000000000000899E-04,2,12,0,12,12,0,0, -1.2299999999973332E+02,  2.6929802906344180E-01,  3.0672347317452830E-01,  4.2299999999999999E-01,  3.5104297604833995E-01,  5.4628689357404063E+01
3,7,1,1,0,1,legacy-reference-bound,4,4,70, -1.4492182482824916E+00, -1.3814059840923827E-02,  1.4354041884416411E+00,  7.3337169670395497E-14,  5.2357423951931992E-14, -4.2821115934742454E-01,  7.0999999999998842E-04,2,74,0,74,74,0,0, -1.2299999999999963E+02, -1.5918718588627367E-01,  3.0672347317434512E-01,  4.2298394169696196E-01,  4.6420909371344754E-01,  6.2857690580824780E+01
3,7,1,1,0,1,legacy-reference-bound,8,8,120, -1.8623908587268290E+00, -1.3814059840923806E-02,  1.8485767988858903E+00, -1.4835355166553654E-14,  1.5603837666411380E-14, -3.7511776396822671E-01,  1.2699999999999934E-03,2,128,0,128,128,0,0, -1.2300000000000001E+02, -2.8851001708706719E-01,  3.0672347317434490E-01,  4.2296185777961948E-01,  4.1463756924259076E-01,  5.4646391228920436E+01
3,7,1,1,0,1,legacy-reference-bound,16,16,232, -2.0974658891843809E+00, -1.3814059840923810E-02,  2.0836518293433848E+00, -7.2341438395184809E-14,  1.2792718273590964E-14, -3.3841444655005248E-01,  2.6740000000000652E-03,2,248,0,248,248,0,0, -1.2300000000000001E+02, -2.8041417304358146E-01,  3.0672347317434490E-01,  4.2296340477545835E-01,  2.3507590327386585E-01,  3.1947384776722814E+01
3,7,1,1,0,1,legacy-reference-bound,32,32,454, -2.2217247219435543E+00, -1.3814059840923815E-02,  2.2079106621025524E+00, -7.8109393952807693E-14,  1.2314368275090359E-14, -3.0426962503224159E-01,  4.8599999999999755E-03,2,486,0,486,486,0,0, -1.2300000000000001E+02, -2.6820922924627016E-01,  3.0672347317434490E-01,  4.2296569873930878E-01,  1.2425918964458688E-01,  1.6003840411468047E+01
3,7,1,1,0,1,legacy-reference-bound,64,64,856, -2.2870721918562285E+00, -1.3814059840923794E-02,  2.2732581320152256E+00, -7.9018389054219540E-14,  1.1524852253086415E-14, -2.5934760739419965E-01,  9.3360000000000110E-03,2,920,0,920,920,0,0, -1.2300000000000000E+02, -2.6011502647748458E-01,  3.0672347317434490E-01,  4.2296719424579909E-01,  6.5347614263880083E-02,  8.1179624373250476E+00
3,7,1,1,0,1,legacy-reference-bound,128,128,1600, -2.3212741500403813E+00, -1.3814059840923780E-02,  2.3074600901993669E+00, -9.0578586298128982E-14,  1.0074298166518059E-14, -2.0300877201453404E-01,  1.7081000000000013E-02,2,1728,0,1728,1728,0,0, -1.2300000000000000E+02, -2.5534760885285246E-01,  3.0672347317434490E-01,  4.2296806528075981E-01,  3.4202002742280413E-02,  3.8699802427367871E+00
3,7,1,1,0,1,legacy-reference-bound,256,256,2962, -2.3389967454637541E+00, -1.3814059840923773E-02,  2.3251826856227531E+00, -7.7262848896531011E-14,  3.5369385371908368E-15, -1.4670500569860734E-01,  3.2644000000000006E-02,2,3218,0,3218,3218,0,0, -1.2300000000000000E+02, -2.5269824572501787E-01,  3.0672347317434490E-01,  4.2296854615795254E-01,  1.7722614672716908E-02,  2.0447024710858699E+00
3,7,1,1,0,1,legacy-reference-bound,512,512,5394, -2.3480809730958945E+00, -1.3814059840923962E-02,  2.3342669132548757E+00, -9.4837332431652044E-14,  4.5015261049968780E-15, -1.0018275474787848E-01,  5.9189999999999965E-02,2,5906,0,5906,5906,0,0, -1.2300000000000000E+02, -2.5128173216072386E-01,  3.0672347317434490E-01,  4.2296880232762513E-01,  9.0842362623230755E-03,  1.0605629599031801E+00
3,7,1,1,0,1,legacy-reference-bound,1024,1024,9684, -2.3526957515014439E+00, -1.3814059840923701E-02,  2.3388816916604860E+00, -3.4259053927065963E-14,  2.5049813568919777E-15, -6.6969069427893879E-02,  1.1797900000000006E-01,2,10708,0,10708,10708,0,0, -1.2300000000000014E+02, -2.5054395538148622E-01,  3.0672347317434479E-01,  4.2296893549151982E-01,  4.6147823761941154E-03,  5.4093919740566321E-01
3,7,1,1,0,1,legacy-reference-bound,2048,2048,17082, -2.3550248042276141E+00, -1.3814059840924282E-02,  2.3412107443866255E+00, -6.4320077042268053E-14,  1.8696185550247379E-15, -4.5898454019469279E-02,  2.2117800000000010E-01,2,19130,0,19130,19130,0,0, -1.2300000000000000E+02, -2.5016631250501015E-01,  3.0672347317434490E-01,  4.2296900358469613E-01,  2.3290546050191985E-03,  2.7341293448363047E-01
3,7,1,1,0,1,legacy-reference-bound,4096,4096,29795, -2.3561953503998674E+00, -1.3814059840924689E-02,  2.3423812905589507E+00,  8.0300349702966400E-15,  2.1750823527271618E-15, -3.3695567560400944E-02,  3.8295800000000013E-01,2,33891,0,33891,33891,0,0, -1.2300000000000000E+02, -2.4997506347023596E-01,  3.0672347317434490E-01,  4.2296903805119390E-01,  1.1705470815298602E-03,  1.3749446869996973E-01
3,7,1,1,0,1,legacy-reference-bound,1,1,5, -6.3577033610379063E-01, -1.3814059861117832E-02,  6.2195627624264560E-01, -2.7202198826792312E-14,  1.1275702593849246E-16, -6.3577033610379063E-01,  8.3000000000055252E-05,3,6,0,6,6,0,0, -1.2299999992435363E+02,  6.2182069883811519E-01,  3.0672347322635352E-01,  4.2299999999999999E-01, -1.0000000000000000E+00, -1.0000000000000000E+00
3,7,1,1,0,1,legacy-reference-bound,2,2,10, -9.8559134526440684E-01, -1.3814059840961321E-02,  9.7177728542342834E-01, -1.7177231859122344E-14,  1.5872719805187785E-16, -5.1025790906954172E-01,  1.2100000000003774E-04,3,12,0,12,12,0,0, -1.2299999999973332E+02,  2.6929802906344180E-01,  3.0672347317452830E-01,  4.2299999999999999E-01,  3.5104297604833995E-01,  5.4628689357404063E+01
3,7,1,1,0,1,legacy-reference-bound,4,4,70, -1.4492182482824916E+00, -1.3814059840923827E-02,  1.4354041884416411E+00,  7.3337169670395497E-14,  5.2357423951931992E-14, -4.2821115934742454E-01,  7.2000000000027597E-04,3,74,0,74,74,0,0, -1.2299999999999963E+02, -1.5918718588627367E-01,  3.0672347317434512E-01,  4.2298394169696196E-01,  4.6420909371344754E-01,  6.2857690580824780E+01
3,7,1,1,0,1,legacy-reference-bound,8,8,120, -1.8623908587268290E+00, -1.3814059840923806E-02,  1.8485767988858903E+00, -1.4835355166553654E-14,  1.5603837666411380E-14, -3.7511776396822671E-01,  1.2650000000000716E-03,3,128,0,128,128,0,0, -1.2300000000000001E+02, -2.8851001708706719E-01,  3.0672347317434490E-01,  4.2296185777961948E-01,  4.1463756924259076E-01,  5.4646391228920436E+01
3,7,1,1,0,1,legacy-reference-bound,16,16,232, -2.0974658891843809E+00, -1.3814059840923810E-02,  2.0836518293433848E+00, -7.2341438395184809E-14,  1.2792718273590964E-14, -3.3841444655005248E-01,  2.4399999999999977E-03,3,248,0,248,248,0,0, -1.2300000000000001E+02, -2.8041417304358146E-01,  3.0672347317434490E-01,  4.2296340477545835E-01,  2.3507590327386585E-01,  3.1947384776722814E+01
3,7,1,1,0,1,legacy-reference-bound,32,32,454, -2.2217247219435543E+00, -1.3814059840923815E-02,  2.2079106621025524E+00, -7.8109393952807693E-14,  1.2314368275090359E-14, -3.0426962503224159E-01,  5.0760000000000804E-03,3,486,0,486,486,0,0, -1.2300000000000001E+02, -2.6820922924627016E-01,  3.0672347317434490E-01,  4.2296569873930878E-01,  1.2425918964458688E-01,  1.6003840411468047E+01
3,7,1,1,0,1,legacy-reference-bound,64,64,856, -2.2870721918562285E+00, -1.3814059840923794E-02,  2.2732581320152256E+00, -7.9018389054219540E-14,  1.1524852253086415E-14, -2.5934760739419965E-01,  9.1079999999998940E-03,3,920,0,920,920,0,0, -1.2300000000000000E+02, -2.6011502647748458E-01,  3.0672347317434490E-01,  4.2296719424579909E-01,  6.5347614263880083E-02,  8.1179624373250476E+00
3,7,1,1,0,1,legacy-reference-bound,128,128,1600, -2.3212741500403813E+00, -1.3814059840923780E-02,  2.3074600901993669E+00, -9.0578586298128982E-14,  1.0074298166518059E-14, -2.0300877201453404E-01,  1.7266000000000004E-02,3,1728,0,1728,1728,0,0, -1.2300000000000000E+02, -2.5534760885285246E-01,  3.0672347317434490E-01,  4.2296806528075981E-01,  3.4202002742280413E-02,  3.8699802427367871E+00
3,7,1,1,0,1,legacy-reference-bound,256,256,2954, -2.3338084271880835E+00, -1.3814059840923773E-02,  2.3199943673470536E+00, -1.0612864753678508E-13,  3.5589478412922926E-15,  0.0000000000000000E+00,  3.1990000000000185E-02,3,3206,4,3206,3210,0,1, -1.2300000000000000E+02, -2.5487129512282936E-01,  3.0672347317434490E-01,  4.2296815190286796E-01,  1.2534704261573937E-02,  1.5085775157208730E+00
3,7,1,1,0,1,legacy-reference-bound,512,512,5378, -2.3428951709252113E+00, -1.3814059840923962E-02,  2.3290811110841894E+00, -9.7945956900602482E-14,  4.4911177641410172E-15,  0.0000000000000000E+00,  5.8464999999999989E-02,3,5882,8,5882,5890,0,1, -1.2300000000000000E+02, -2.5344345459102979E-01,  3.0672347317434490E-01,  4.2296841112805139E-01,  9.0867522197241035E-03,  1.0565802625213365E+00
3,7,1,1,0,1,legacy-reference-bound,1024,1024,9649, -2.3475112983139721E+00, -1.3814059840923701E-02,  2.3336972384730181E+00, -3.0262251038415400E-14,  2.3707571279382722E-15,  0.0000000000000000E+00,  1.0921000000000003E-01,3,10657,16,10657,10673,0,1, -1.2300000000000000E+02, -2.5269980992602892E-01,  3.0672347317434490E-01,  4.2296854587471278E-01,  4.6161313017434313E-03,  5.3926420848546286E-01
3,7,1,1,0,1,legacy-reference-bound,2048,2048,17039, -2.3498410525706599E+00, -1.3814059840924282E-02,  2.3360269927296677E+00, -6.7872790721068554E-14,  1.9751114264075775E-15,  0.0000000000000000E+00,  1.9369700000000023E-01,3,19055,32,19055,19087,0,1, -1.2300000000000000E+02, -2.5231917285575406E-01,  3.0672347317434490E-01,  4.2296861477558378E-01,  2.3297561117738286E-03,  2.7265656698628504E-01
3,7,1,1,0,1,legacy-reference-bound,4096,4096,29708, -2.3510119570487098E+00, -1.3814059840924689E-02,  2.3371978972078189E+00,  3.3787209141600272E-14,  2.1397712432220245E-15,  0.0000000000000000E+00,  3.5475099999999982E-01,3,33740,64,33740,33804,0,1, -1.2300000000000009E+02, -2.5212641004988928E-01,  3.0672347317434490E-01,  4.2296864965045644E-01,  1.1709053769165534E-03,  1.3713683656601461E-01
3,7,2,1,1,2,legacy-reference-retry,1,0,80,  0.0000000000000000E+00,  0.0000000000000000E+00,  0.0000000000000000E+00,  0.0000000000000000E+00,  0.0000000000000000E+00,  0.0000000000000000E+00,  8.9799999999984337E-04,1,106,0,106,106,0,0, -1.0000000000000000E+01, -1.0000000000000000E+01,  4.1659014796486560E-01,  4.1659014796486560E-01, -1.0000000000000000E+00, -1.0000000000000000E+00
3,7,2,1,1,2,legacy-reference-retry,2,0,80,  0.0000000000000000E+00,  0.0000000000000000E+00,  0.0000000000000000E+00,  0.0000000000000000E+00,  0.0000000000000000E+00,  0.0000000000000000E+00,  7.8600000000017545E-04,1,81,0,81,81,0,0, -1.0000000000000000E+01, -1.0000000000000000E+01,  4.1659014796486560E-01,  4.1659014796486560E-01, -1.0000000000000000E+00, -1.0000000000000000E+00
3,7,2,1,0,1,legacy-reference-bound,4,4,161, -8.5596554955312354E-01, -4.3427569327306581E-01,  4.2168985627995426E-01, -1.0347278589506459E-13,  5.7259752495042449E-14, -2.0900731254615074E-01,  1.5309999999999491E-03,1,165,0,165,165,0,0, -9.6396981302662716E+00,  5.9562466608745108E+00,  4.1691264187855792E-01,  4.2299999999999999E-01, -1.0000000000000000E+00, -1.0000000000000000E+00
3,7,2,1,0,1,legacy-reference-bound,8,8,193, -9.9566490949198894E-01, -4.3794564740562031E-01,  5.5771926208636557E-01, -3.0531133177191805E-15,  2.6686985954427200E-14, -1.2693830670392153E-01,  1.6429999999996170E-03,1,201,0,201,201,0,0, -8.6178592342082627E+00,  6.1567668795152946E+00,  4.1780314819460629E-01,  4.2299999999999999E-01,  1.3602940580640363E-01,  1.2042592061092048E+01
3,7,2,1,1,2,legacy-reference-retry,16,15,347, -1.0343268610178160E+00, -4.1687660951411565E-01,  6.1745025150369059E-01, -9.7699626167013776E-15,  1.2365108936762681E-14, -7.9826740481881348E-02,  2.7209999999997514E-03,1,391,0,391,391,0,0, -6.0978464881764882E+00,  3.3551610666078435E+00,  4.1982352177616999E-01,  4.2299999999999999E-01, -1.0000000000000000E+00, -1.0000000000000000E+00
3,7,2,1,1,2,legacy-reference-retry,32,28,462, -1.0257792894388231E+00, -3.9279606555458368E-01,  6.3298322388423856E-01, -8.8817841970012523E-16,  7.6189055064901368E-15, -5.1965877701510510E-02,  3.8559999999998595E-03,1,574,0,574,574,0,0, -3.8496083201880245E+00,  1.7749863128132022E+00,  4.2135976160901911E-01,  4.2299999999999999E-01, -1.0000000000000000E+00, -1.0000000000000000E+00
3,7,2,1,1,2,legacy-reference-retry,64,54,681, -1.0174400818993730E+00, -3.8012153683188449E-01,  6.3731854506750096E-01,  1.2490009027033011E-14,  5.3039170277990877E-15, -3.4877431262563513E-02,  8.8570000000003368E-03,1,1836,0,1836,1836,0,0, -2.5232833208177685E+00,  9.3344479312951645E-01,  4.2210927925425301E-01,  4.2299999999999999E-01, -1.0000000000000000E+00, -1.0000000000000000E+00
3,7,2,1,1,2,legacy-reference-retry,128,107,1119, -1.0192900723465672E+00, -3.7913653203260889E-01,  6.4015354031396754E-01,  9.2148511043887993E-15,  2.6732088764802597E-15, -2.3757049598610601E-02,  1.3269999999999893E-02,1,2469,0,2469,2469,0,0, -1.1223368688664639E+00,  6.7936475531888807E-01,  4.2272505311771513E-01,  4.2299999999999999E-01, -1.0000000000000000E+00, -1.0000000000000000E+00
3,7,2,1,1,2,legacy-reference-retry,256,212,1804, -1.0145029811474200E+00, -3.7453180097092514E-01,  6.3997118017649512E-01,  2.7755575615628914E-16,  4.5974508922075330E-15, -1.5895272550944594E-02,  1.8237000000000059E-02,1,2174,0,2174,2174,0,0, -1.1733870664878399E+00,  2.8117873304465285E-01,  4.2270669885712719E-01,  4.2299999999999999E-01, -1.0000000000000000E+00, -1.0000000000000000E+00
3,7,2,1,1,2,legacy-reference-retry,512,424,3139, -1.0163658207995450E+00, -3.7565010317660269E-01,  6.4071571762293900E-01, -3.2751579226442118E-15,  1.9743321560961036E-15, -1.0030670360221662E-02,  3.0042000000000346E-02,1,3703,0,3703,3703,0,0, -5.5981255018525000E-01,  1.6576264290645915E-01,  4.2289997015860703E-01,  4.2299999999999999E-01, -1.0000000000000000E+00, -1.0000000000000000E+00
3,7,2,1,1,2,legacy-reference-retry,1024,847,5532, -1.0163731676132062E+00, -3.7549280924717221E-01,  6.4088035836602586E-01, -8.1046280797636427E-15,  2.3025201537074658E-15, -5.8632828767569770E-03,  5.3975000000000328E-02,1,6530,0,6530,6530,0,0, -3.0795321965327649E-01,  2.1442829264419763E-01,  4.2295806194103103E-01,  4.2299999999999999E-01, -1.0000000000000000E+00, -1.0000000000000000E+00
3,7,2,1,1,2,legacy-reference-retry,2048,1693,10007, -1.0163618030688204E+00, -3.7541643289114668E-01,  6.4094537017768261E-01,  8.8817841970012523E-15,  2.4394277830380728E-15, -3.2140512064502101E-03,  9.9935000000000329E-02,1,11835,0,11835,11835,0,0, -1.5833464747840006E-01,  1.5869530136787810E-01,  4.2298406666569432E-01,  4.2299999999999999E-01, -1.0000000000000000E+00, -1.0000000000000000E+00
3,7,2,1,1,2,legacy-reference-retry,4096,3384,18353, -1.0161078131711085E+00, -3.7515329866779301E-01,  6.4095451450328511E-01, -3.0420110874729289E-14,  2.5777177701385989E-15, -1.6895615699657467E-03,  1.8732799999999994E-01,1,21739,0,21739,21739,0,0, -1.3235049353868195E-01,  4.8289793193863971E-02,  4.2298772439593468E-01,  4.2299999999999999E-01, -1.0000000000000000E+00, -1.0000000000000000E+00
3,7,2,1,1,2,legacy-reference-retry,1,0,80,  0.0000000000000000E+00,  0.0000000000000000E+00,  0.0000000000000000E+00,  0.0000000000000000E+00,  0.0000000000000000E+00,  0.0000000000000000E+00,  9.7600000000008791E-04,2,106,0,106,106,0,0, -1.0000000000000000E+01, -1.0000000000000000E+01,  4.1659014796486560E-01,  4.1659014796486560E-01, -1.0000000000000000E+00, -1.0000000000000000E+00
3,7,2,1,1,2,legacy-reference-retry,2,0,80,  0.0000000000000000E+00,  0.0000000000000000E+00,  0.0000000000000000E+00,  0.0000000000000000E+00,  0.0000000000000000E+00,  0.0000000000000000E+00,  8.4900000000009967E-04,2,81,0,81,81,0,0, -1.0000000000000000E+01, -1.0000000000000000E+01,  4.1659014796486560E-01,  4.1659014796486560E-01, -1.0000000000000000E+00, -1.0000000000000000E+00
3,7,2,1,0,1,legacy-reference-bound,4,4,161, -8.7596554955312356E-01, -4.3427569327306581E-01,  4.4168985627995738E-01, -1.0036416142611415E-13,  5.7259752495042449E-14, -2.2900731254615073E-01,  1.4779999999996463E-03,2,165,0,165,165,0,0, -9.6396981302662716E+00,  5.9562466608745108E+00,  4.1691264187855792E-01,  4.2299999999999999E-01, -1.0000000000000000E+00, -1.0000000000000000E+00
3,7,2,1,0,1,legacy-reference-bound,8,8,193, -1.0156649094919890E+00, -4.3794564740562031E-01,  5.7771926208636870E-01,  5.5511151231257827E-17,  2.6686985954427200E-14, -1.4693830670392152E-01,  1.6189999999998150E-03,2,201,0,201,201,0,0, -8.6178592342082627E+00,  6.1567668795152946E+00,  4.1780314819460629E-01,  4.2299999999999999E-01,  1.3602940580640363E-01,  1.2042592061092048E+01
3,7,2,1,1,2,legacy-reference-retry,16,15,347, -1.0543268610178160E+00, -4.1687660951411565E-01,  6.3745025150369372E-01, -6.6613381477509392E-15,  1.2365108936762681E-14, -9.9826740481881351E-02,  2.7960000000000207E-03,2,391,0,391,391,0,0, -6.0978464881764882E+00,  3.3551610666078435E+00,  4.1982352177616999E-01,  4.2299999999999999E-01, -1.0000000000000000E+00, -1.0000000000000000E+00
3,7,2,1,1,2,legacy-reference-retry,32,28,462, -1.0457792894388231E+00, -3.9279606555458368E-01,  6.5298322388424168E-01,  2.2204460492503131E-15,  7.6189055064901368E-15, -7.1965877701510514E-02,  3.8800000000001056E-03,2,574,0,574,574,0,0, -3.8496083201880245E+00,  1.7749863128132022E+00,  4.2135976160901911E-01,  4.2299999999999999E-01, -1.0000000000000000E+00, -1.0000000000000000E+00
3,7,2,1,1,2,legacy-reference-retry,64,54,681, -1.0374400818993730E+00, -3.8012153683188449E-01,  6.5731854506750409E-01,  1.5598633495983449E-14,  5.3039170277990877E-15, -5.4877431262563517E-02,  8.8780000000001635E-03,2,1836,0,1836,1836,0,0, -2.5232833208177685E+00,  9.3344479312951645E-01,  4.2210927925425301E-01,  4.2299999999999999E-01, -1.0000000000000000E+00, -1.0000000000000000E+00
3,7,2,1,1,2,legacy-reference-retry,128,107,1119, -1.0392900723465675E+00, -3.7913653203260889E-01,  6.6015354031397067E-01,  1.2101430968414206E-14,  2.6732088764802597E-15, -4.3757049598610598E-02,  1.3809000000000182E-02,2,2469,0,2469,2469,0,0, -1.1223368688664639E+00,  6.7936475531888807E-01,  4.2272505311771513E-01,  4.2299999999999999E-01, -1.0000000000000000E+00, -1.0000000000000000E+00
3,7,2,1,1,2,legacy-reference-retry,256,212,1804, -1.0345029811474198E+00, -3.7453180097092514E-01,  6.5997118017649825E-01,  3.6082248300317588E-15,  4.5974508922075330E-15, -3.5895272550944594E-02,  1.7631999999999870E-02,2,2174,0,2174,2174,0,0, -1.1733870664878399E+00,  2.8117873304465285E-01,  4.2270669885712719E-01,  4.2299999999999999E-01, -1.0000000000000000E+00, -1.0000000000000000E+00
3,7,2,1,1,2,legacy-reference-retry,512,424,3139, -1.0363658207995448E+00, -3.7565010317660269E-01,  6.6071571762294212E-01,  5.5511151231257827E-17,  1.9743321560961036E-15, -3.0030670360221660E-02,  3.1620999999999899E-02,2,3703,0,3703,3703,0,0, -5.5981255018525000E-01,  1.6576264290645915E-01,  4.2289997015860703E-01,  4.2299999999999999E-01, -1.0000000000000000E+00, -1.0000000000000000E+00
3,7,2,1,1,2,legacy-reference-retry,1024,847,5532, -1.0363731676132062E+00, -3.7549280924717221E-01,  6.6088035836602899E-01, -4.9960036108132044E-15,  2.3025201537074658E-15, -2.5863282876756977E-02,  5.8320999999999845E-02,2,6530,0,6530,6530,0,0, -3.0795321965327649E-01,  2.1442829264419763E-01,  4.2295806194103103E-01,  4.2299999999999999E-01, -1.0000000000000000E+00, -1.0000000000000000E+00
3,7,2,1,1,2,legacy-reference-retry,2048,1693,10007, -1.0363618030688206E+00, -3.7541643289114668E-01,  6.6094537017768573E-01,  1.1768364061026659E-14,  2.4394277830380728E-15, -2.3214051206450211E-02,  1.0351200000000027E-01,2,11835,0,11835,11835,0,0, -1.5833464747840006E-01,  1.5869530136787810E-01,  4.2298406666569432E-01,  4.2299999999999999E-01, -1.0000000000000000E+00, -1.0000000000000000E+00
3,7,2,1,1,2,legacy-reference-retry,4096,3384,18353, -1.0361078131711090E+00, -3.7515329866779301E-01,  6.6095451450328824E-01, -2.7755575615628914E-14,  2.5777177701385989E-15, -2.1689561569965748E-02,  1.9457099999999983E-01,2,21739,0,21739,21739,0,0, -1.3235049353868195E-01,  4.8289793193863971E-02,  4.2298772439593468E-01,  4.2299999999999999E-01, -1.0000000000000000E+00, -1.0000000000000000E+00
3,7,2,1,1,2,legacy-reference-retry,1,0,80,  0.0000000000000000E+00,  0.0000000000000000E+00,  0.0000000000000000E+00,  0.0000000000000000E+00,  0.0000000000000000E+00,  0.0000000000000000E+00,  9.6200000000035146E-04,3,106,0,106,106,0,0, -1.0000000000000000E+01, -1.0000000000000000E+01,  4.1659014796486560E-01,  4.1659014796486560E-01, -1.0000000000000000E+00, -1.0000000000000000E+00
3,7,2,1,1,2,legacy-reference-retry,2,0,80,  0.0000000000000000E+00,  0.0000000000000000E+00,  0.0000000000000000E+00,  0.0000000000000000E+00,  0.0000000000000000E+00,  0.0000000000000000E+00,  7.7900000000008518E-04,3,81,0,81,81,0,0, -1.0000000000000000E+01, -1.0000000000000000E+01,  4.1659014796486560E-01,  4.1659014796486560E-01, -1.0000000000000000E+00, -1.0000000000000000E+00
3,7,2,1,0,1,legacy-reference-bound,4,4,161, -8.7596554955312356E-01, -4.3427569327306581E-01,  4.4168985627995738E-01, -1.0036416142611415E-13,  5.7259752495042449E-14, -2.2900731254615073E-01,  1.7149999999999110E-03,3,165,0,165,165,0,0, -9.6396981302662716E+00,  5.9562466608745108E+00,  4.1691264187855792E-01,  4.2299999999999999E-01, -1.0000000000000000E+00, -1.0000000000000000E+00
3,7,2,1,0,1,legacy-reference-bound,8,8,193, -1.0156649094919890E+00, -4.3794564740562031E-01,  5.7771926208636870E-01,  5.5511151231257827E-17,  2.6686985954427200E-14, -1.4693830670392152E-01,  1.6370000000001106E-03,3,201,0,201,201,0,0, -8.6178592342082627E+00,  6.1567668795152946E+00,  4.1780314819460629E-01,  4.2299999999999999E-01,  1.3602940580640363E-01,  1.2042592061092048E+01
3,7,2,1,1,2,legacy-reference-retry,16,15,347, -1.0543268610178160E+00, -4.1687660951411565E-01,  6.3745025150369372E-01, -6.6613381477509392E-15,  1.2365108936762681E-14, -9.9826740481881351E-02,  2.8310000000000279E-03,3,391,0,391,391,0,0, -6.0978464881764882E+00,  3.3551610666078435E+00,  4.1982352177616999E-01,  4.2299999999999999E-01, -1.0000000000000000E+00, -1.0000000000000000E+00
3,7,2,1,1,2,legacy-reference-retry,32,28,462, -1.0457792894388231E+00, -3.9279606555458368E-01,  6.5298322388424168E-01,  2.2204460492503131E-15,  7.6189055064901368E-15, -7.1965877701510514E-02,  3.8469999999999338E-03,3,574,0,574,574,0,0, -3.8496083201880245E+00,  1.7749863128132022E+00,  4.2135976160901911E-01,  4.2299999999999999E-01, -1.0000000000000000E+00, -1.0000000000000000E+00
3,7,2,1,1,2,legacy-reference-retry,64,54,681, -1.0374400818993730E+00, -3.8012153683188449E-01,  6.5731854506750409E-01,  1.5598633495983449E-14,  5.3039170277990877E-15, -5.4877431262563517E-02,  9.2900000000000205E-03,3,1836,0,1836,1836,0,0, -2.5232833208177685E+00,  9.3344479312951645E-01,  4.2210927925425301E-01,  4.2299999999999999E-01, -1.0000000000000000E+00, -1.0000000000000000E+00
3,7,2,1,1,2,legacy-reference-retry,128,107,1119, -1.0392900723465675E+00, -3.7913653203260889E-01,  6.6015354031397067E-01,  1.2101430968414206E-14,  2.6732088764802597E-15, -4.3757049598610598E-02,  1.4388000000000289E-02,3,2469,0,2469,2469,0,0, -1.1223368688664639E+00,  6.7936475531888807E-01,  4.2272505311771513E-01,  4.2299999999999999E-01, -1.0000000000000000E+00, -1.0000000000000000E+00
3,7,2,1,1,2,legacy-reference-retry,256,213,1799, -1.0358186230870845E+00, -3.7599069590030010E-01,  6.5982792718681083E-01,  2.6423307986078726E-14,  2.6435017369541569E-15,  0.0000000000000000E+00,  1.7564999999999831E-02,3,2084,5,2084,2089,0,1, -1.2568117076072283E+00,  2.2808684586488578E-01,  4.2267592687391187E-01,  4.2299999999999999E-01, -1.0000000000000000E+00, -1.0000000000000000E+00
3,7,2,1,1,2,legacy-reference-retry,512,426,3124, -1.0378057685742448E+00, -3.7715747857465964E-01,  6.6064828999959246E-01,  7.3274719625260332E-15,  4.4328690024242334E-15,  0.0000000000000000E+00,  3.4216999999999942E-02,3,4513,10,4513,4523,0,1, -6.2725621519450647E-01,  2.8293828344899674E-01,  4.2288197662639693E-01,  4.2299999999999999E-01, -1.0000000000000000E+00, -1.0000000000000000E+00
3,7,2,1,1,2,legacy-reference-retry,1024,851,5521, -1.0377914302888112E+00, -3.7696818523562753E-01,  6.6082324505318013E-01, -3.4972025275692431E-15,  2.4189092569237847E-15,  0.0000000000000000E+00,  5.9639999999999915E-02,3,6373,20,6373,6393,0,1, -4.0524341460890584E-01,  1.4533191914489757E-01,  4.2293747672080317E-01,  4.2299999999999999E-01, -1.0000000000000000E+00, -1.0000000000000000E+00
3,7,2,1,1,2,legacy-reference-retry,2048,1702,10091, -1.0383638102050985E+00, -3.7740451879408526E-01,  6.6095929141099674E-01, -1.6486811915683575E-14,  2.3864916119664681E-15,  0.0000000000000000E+00,  1.0387099999999982E-01,3,11841,40,11841,11881,0,1, -1.1782043665746599E-01,  8.1646154405730628E-02,  4.2298963515901833E-01,  4.2299999999999999E-01, -1.0000000000000000E+00, -1.0000000000000000E+00
3,7,2,1,1,2,legacy-reference-retry,4096,3402,18442, -1.0381289421762969E+00, -3.7715840928219269E-01,  6.6097053289409047E-01, -1.3766765505351941E-14,  2.8430898043815822E-15,  0.0000000000000000E+00,  1.9975200000000015E-01,3,21802,73,21802,21875,0,1, -7.9692365817674027E-02,  7.5789198101131883E-02,  4.2299413175225620E-01,  4.2299999999999999E-01, -1.0000000000000000E+00, -1.0000000000000000E+00
3,7,3,1,0,1,legacy-reference-bound,1,1,1, -1.1875000000000000E+00, -1.1875000000000000E+00,  0.0000000000000000E+00,  0.0000000000000000E+00,  0.0000000000000000E+00, -1.1875000000000000E+00,  2.1999999999966491E-05,1,2,0,2,2,0,0,  2.0000000000000000E-02,  2.0000000000000000E-02,  4.2299999999999999E-01,  4.2299999999999999E-01, -1.0000000000000000E+00, -1.0000000000000000E+00
3,7,3,1,0,1,legacy-reference-bound,2,2,2, -1.1875000000000000E+00, -1.1875000000000000E+00,  0.0000000000000000E+00,  0.0000000000000000E+00,  0.0000000000000000E+00, -5.9375000000000000E-01,  2.7000000000221291E-05,1,4,0,4,4,0,0,  2.0000000000000000E-02,  2.0000000000000000E-02,  4.2299999999999999E-01,  4.2299999999999999E-01,  0.0000000000000000E+00,  0.0000000000000000E+00
3,7,3,1,0,1,legacy-reference-bound,4,4,4, -1.1875000000000000E+00, -1.1875000000000000E+00,  0.0000000000000000E+00,  0.0000000000000000E+00,  0.0000000000000000E+00, -2.9687500000000000E-01,  6.7999999999734939E-05,1,8,0,8,8,0,0,  2.0000000000000000E-02,  2.0000000000000000E-02,  4.2299999999999999E-01,  4.2299999999999999E-01,  0.0000000000000000E+00,  0.0000000000000000E+00
3,7,3,1,0,1,legacy-reference-bound,8,8,8, -1.1875000000000000E+00, -1.1875000000000000E+00,  0.0000000000000000E+00,  0.0000000000000000E+00,  0.0000000000000000E+00, -1.4843750000000000E-01,  9.6999999999791697E-05,1,16,0,16,16,0,0,  2.0000000000000000E-02,  2.0000000000000000E-02,  4.2299999999999999E-01,  4.2299999999999999E-01,  0.0000000000000000E+00,  0.0000000000000000E+00
3,7,3,1,0,1,legacy-reference-bound,16,16,16, -1.1875000000000000E+00, -1.1875000000000000E+00,  0.0000000000000000E+00,  0.0000000000000000E+00,  0.0000000000000000E+00, -7.4218750000000000E-02,  1.9000000000035655E-04,1,32,0,32,32,0,0,  2.0000000000000000E-02,  2.0000000000000000E-02,  4.2299999999999999E-01,  4.2299999999999999E-01,  0.0000000000000000E+00,  0.0000000000000000E+00
3,7,3,1,0,1,legacy-reference-bound,32,32,32, -1.1875000000000000E+00, -1.1875000000000000E+00,  0.0000000000000000E+00,  0.0000000000000000E+00,  0.0000000000000000E+00, -3.7109375000000000E-02,  3.7700000000029377E-04,1,64,0,64,64,0,0,  2.0000000000000000E-02,  2.0000000000000000E-02,  4.2299999999999999E-01,  4.2299999999999999E-01,  0.0000000000000000E+00,  0.0000000000000000E+00
3,7,3,1,0,1,legacy-reference-bound,64,64,64, -1.1875000000000000E+00, -1.1875000000000000E+00,  0.0000000000000000E+00,  0.0000000000000000E+00,  0.0000000000000000E+00, -1.8554687500000000E-02,  7.6900000000001967E-04,1,128,0,128,128,0,0,  2.0000000000000000E-02,  2.0000000000000000E-02,  4.2299999999999999E-01,  4.2299999999999999E-01,  0.0000000000000000E+00,  0.0000000000000000E+00
3,7,3,1,0,1,legacy-reference-bound,128,128,128, -1.1875000000000000E+00, -1.1875000000000000E+00,  0.0000000000000000E+00,  0.0000000000000000E+00,  0.0000000000000000E+00, -9.2773437500000000E-03,  1.6169999999999796E-03,1,256,0,256,256,0,0,  2.0000000000000000E-02,  2.0000000000000000E-02,  4.2299999999999999E-01,  4.2299999999999999E-01,  0.0000000000000000E+00,  0.0000000000000000E+00
3,7,3,1,0,1,legacy-reference-bound,256,256,256, -1.1875000000000000E+00, -1.1875000000000000E+00,  0.0000000000000000E+00,  0.0000000000000000E+00,  0.0000000000000000E+00, -4.6386718750000000E-03,  3.1829999999999359E-03,1,512,0,512,512,0,0,  2.0000000000000000E-02,  2.0000000000000000E-02,  4.2299999999999999E-01,  4.2299999999999999E-01,  0.0000000000000000E+00,  0.0000000000000000E+00
3,7,3,1,0,1,legacy-reference-bound,512,512,512, -1.1875000000000000E+00, -1.1875000000000000E+00,  0.0000000000000000E+00,  0.0000000000000000E+00,  0.0000000000000000E+00, -2.3193359375000000E-03,  6.9470000000002585E-03,1,1024,0,1024,1024,0,0,  2.0000000000000000E-02,  2.0000000000000000E-02,  4.2299999999999999E-01,  4.2299999999999999E-01,  0.0000000000000000E+00,  0.0000000000000000E+00
3,7,3,1,0,1,legacy-reference-bound,1024,1024,1024, -1.1875000000000000E+00, -1.1875000000000000E+00,  0.0000000000000000E+00,  0.0000000000000000E+00,  0.0000000000000000E+00, -1.1596679687500000E-03,  1.2478000000000211E-02,1,2048,0,2048,2048,0,0,  2.0000000000000000E-02,  2.0000000000000000E-02,  4.2299999999999999E-01,  4.2299999999999999E-01,  0.0000000000000000E+00,  0.0000000000000000E+00
3,7,3,1,0,1,legacy-reference-bound,2048,2048,2048, -1.1875000000000000E+00, -1.1875000000000000E+00,  0.0000000000000000E+00,  0.0000000000000000E+00,  0.0000000000000000E+00, -5.7983398437500000E-04,  2.6314999999999866E-02,1,4096,0,4096,4096,0,0,  2.0000000000000000E-02,  2.0000000000000000E-02,  4.2299999999999999E-01,  4.2299999999999999E-01,  0.0000000000000000E+00,  0.0000000000000000E+00
3,7,3,1,0,1,legacy-reference-bound,4096,4096,4096, -1.1875000000000000E+00, -1.1875000000000000E+00,  0.0000000000000000E+00,  0.0000000000000000E+00,  0.0000000000000000E+00, -2.8991699218750000E-04,  5.2140000000000075E-02,1,8192,0,8192,8192,0,0,  2.0000000000000000E-02,  2.0000000000000000E-02,  4.2299999999999999E-01,  4.2299999999999999E-01,  0.0000000000000000E+00,  0.0000000000000000E+00
3,7,3,1,0,1,legacy-reference-bound,1,1,1, -1.2075000000000000E+00, -1.1875000000000000E+00,  2.0000000000003126E-02,  3.1086244689504383E-15,  0.0000000000000000E+00, -1.2075000000000000E+00,  2.0999999999826713E-05,2,2,0,2,2,0,0,  2.0000000000000000E-02,  2.0000000000000000E-02,  4.2299999999999999E-01,  4.2299999999999999E-01, -1.0000000000000000E+00, -1.0000000000000000E+00
3,7,3,1,0,1,legacy-reference-bound,2,2,2, -1.2075000000000000E+00, -1.1875000000000000E+00,  2.0000000000003126E-02,  3.1086244689504383E-15,  0.0000000000000000E+00, -6.1375000000000002E-01,  2.6000000000081513E-05,2,4,0,4,4,0,0,  2.0000000000000000E-02,  2.0000000000000000E-02,  4.2299999999999999E-01,  4.2299999999999999E-01,  0.0000000000000000E+00,  0.0000000000000000E+00
3,7,3,1,0,1,legacy-reference-bound,4,4,4, -1.2075000000000000E+00, -1.1875000000000000E+00,  2.0000000000003126E-02,  3.1086244689504383E-15,  0.0000000000000000E+00, -3.1687500000000002E-01,  9.8999999999627164E-05,2,8,0,8,8,0,0,  2.0000000000000000E-02,  2.0000000000000000E-02,  4.2299999999999999E-01,  4.2299999999999999E-01,  0.0000000000000000E+00,  0.0000000000000000E+00
3,7,3,1,0,1,legacy-reference-bound,8,8,8, -1.2075000000000000E+00, -1.1875000000000000E+00,  2.0000000000003126E-02,  3.1086244689504383E-15,  0.0000000000000000E+00, -1.6843749999999999E-01,  9.6999999999791697E-05,2,16,0,16,16,0,0,  2.0000000000000000E-02,  2.0000000000000000E-02,  4.2299999999999999E-01,  4.2299999999999999E-01,  0.0000000000000000E+00,  0.0000000000000000E+00
3,7,3,1,0,1,legacy-reference-bound,16,16,16, -1.2075000000000000E+00, -1.1875000000000000E+00,  2.0000000000003126E-02,  3.1086244689504383E-15,  0.0000000000000000E+00, -9.4218750000000004E-02,  1.9800000000014251E-04,2,32,0,32,32,0,0,  2.0000000000000000E-02,  2.0000000000000000E-02,  4.2299999999999999E-01,  4.2299999999999999E-01,  0.0000000000000000E+00,  0.0000000000000000E+00
3,7,3,1,0,1,legacy-reference-bound,32,32,32, -1.2075000000000000E+00, -1.1875000000000000E+00,  2.0000000000003126E-02,  3.1086244689504383E-15,  0.0000000000000000E+00, -5.7109375000000004E-02,  4.1099999999971715E-04,2,64,0,64,64,0,0,  2.0000000000000000E-02,  2.0000000000000000E-02,  4.2299999999999999E-01,  4.2299999999999999E-01,  0.0000000000000000E+00,  0.0000000000000000E+00
3,7,3,1,0,1,legacy-reference-bound,64,64,64, -1.2075000000000000E+00, -1.1875000000000000E+00,  2.0000000000003126E-02,  3.1086244689504383E-15,  0.0000000000000000E+00, -3.8554687500000004E-02,  8.3500000000036323E-04,2,128,0,128,128,0,0,  2.0000000000000000E-02,  2.0000000000000000E-02,  4.2299999999999999E-01,  4.2299999999999999E-01,  0.0000000000000000E+00,  0.0000000000000000E+00
3,7,3,1,0,1,legacy-reference-bound,128,128,128, -1.2075000000000000E+00, -1.1875000000000000E+00,  2.0000000000003126E-02,  3.1086244689504383E-15,  0.0000000000000000E+00, -2.9277343750000000E-02,  1.5320000000000888E-03,2,256,0,256,256,0,0,  2.0000000000000000E-02,  2.0000000000000000E-02,  4.2299999999999999E-01,  4.2299999999999999E-01,  0.0000000000000000E+00,  0.0000000000000000E+00
3,7,3,1,0,1,legacy-reference-bound,256,256,256, -1.2075000000000000E+00, -1.1875000000000000E+00,  2.0000000000003126E-02,  3.1086244689504383E-15,  0.0000000000000000E+00, -2.4638671875000000E-02,  3.1870000000004950E-03,2,512,0,512,512,0,0,  2.0000000000000000E-02,  2.0000000000000000E-02,  4.2299999999999999E-01,  4.2299999999999999E-01,  0.0000000000000000E+00,  0.0000000000000000E+00
3,7,3,1,0,1,legacy-reference-bound,512,512,512, -1.2075000000000000E+00, -1.1875000000000000E+00,  2.0000000000003126E-02,  3.1086244689504383E-15,  0.0000000000000000E+00, -2.2319335937500000E-02,  6.2579999999998748E-03,2,1024,0,1024,1024,0,0,  2.0000000000000000E-02,  2.0000000000000000E-02,  4.2299999999999999E-01,  4.2299999999999999E-01,  0.0000000000000000E+00,  0.0000000000000000E+00
3,7,3,1,0,1,legacy-reference-bound,1024,1024,1024, -1.2075000000000000E+00, -1.1875000000000000E+00,  2.0000000000003126E-02,  3.1086244689504383E-15,  0.0000000000000000E+00, -2.1159667968750000E-02,  1.2236000000000136E-02,2,2048,0,2048,2048,0,0,  2.0000000000000000E-02,  2.0000000000000000E-02,  4.2299999999999999E-01,  4.2299999999999999E-01,  0.0000000000000000E+00,  0.0000000000000000E+00
3,7,3,1,0,1,legacy-reference-bound,2048,2048,2048, -1.2075000000000000E+00, -1.1875000000000000E+00,  2.0000000000003126E-02,  3.1086244689504383E-15,  0.0000000000000000E+00, -2.0579833984375000E-02,  2.4783000000000222E-02,2,4096,0,4096,4096,0,0,  2.0000000000000000E-02,  2.0000000000000000E-02,  4.2299999999999999E-01,  4.2299999999999999E-01,  0.0000000000000000E+00,  0.0000000000000000E+00
3,7,3,1,0,1,legacy-reference-bound,4096,4096,4096, -1.2075000000000000E+00, -1.1875000000000000E+00,  2.0000000000003126E-02,  3.1086244689504383E-15,  0.0000000000000000E+00, -2.0289916992187500E-02,  5.1764999999999617E-02,2,8192,0,8192,8192,0,0,  2.0000000000000000E-02,  2.0000000000000000E-02,  4.2299999999999999E-01,  4.2299999999999999E-01,  0.0000000000000000E+00,  0.0000000000000000E+00
3,7,3,1,0,1,legacy-reference-bound,1,1,1, -1.2075000000000000E+00, -1.1875000000000000E+00,  2.0000000000003126E-02,  3.1086244689504383E-15,  0.0000000000000000E+00, -1.2075000000000000E+00,  4.7999999999603915E-05,3,2,0,2,2,0,0,  2.0000000000000000E-02,  2.0000000000000000E-02,  4.2299999999999999E-01,  4.2299999999999999E-01, -1.0000000000000000E+00, -1.0000000000000000E+00
3,7,3,1,0,1,legacy-reference-bound,2,2,2, -1.2075000000000000E+00, -1.1875000000000000E+00,  2.0000000000003126E-02,  3.1086244689504383E-15,  0.0000000000000000E+00, -6.1375000000000002E-01,  3.0999999999892225E-05,3,4,0,4,4,0,0,  2.0000000000000000E-02,  2.0000000000000000E-02,  4.2299999999999999E-01,  4.2299999999999999E-01,  0.0000000000000000E+00,  0.0000000000000000E+00
3,7,3,1,0,1,legacy-reference-bound,4,4,4, -1.2075000000000000E+00, -1.1875000000000000E+00,  2.0000000000003126E-02,  3.1086244689504383E-15,  0.0000000000000000E+00, -3.1687500000000002E-01,  4.9999999999883471E-05,3,8,0,8,8,0,0,  2.0000000000000000E-02,  2.0000000000000000E-02,  4.2299999999999999E-01,  4.2299999999999999E-01,  0.0000000000000000E+00,  0.0000000000000000E+00
3,7,3,1,0,1,legacy-reference-bound,8,8,8, -1.2075000000000000E+00, -1.1875000000000000E+00,  2.0000000000003126E-02,  3.1086244689504383E-15,  0.0000000000000000E+00, -1.6843749999999999E-01,  9.6999999999791697E-05,3,16,0,16,16,0,0,  2.0000000000000000E-02,  2.0000000000000000E-02,  4.2299999999999999E-01,  4.2299999999999999E-01,  0.0000000000000000E+00,  0.0000000000000000E+00
3,7,3,1,0,1,legacy-reference-bound,16,16,16, -1.2075000000000000E+00, -1.1875000000000000E+00,  2.0000000000003126E-02,  3.1086244689504383E-15,  0.0000000000000000E+00, -9.4218750000000004E-02,  1.9199999999974793E-04,3,32,0,32,32,0,0,  2.0000000000000000E-02,  2.0000000000000000E-02,  4.2299999999999999E-01,  4.2299999999999999E-01,  0.0000000000000000E+00,  0.0000000000000000E+00
3,7,3,1,0,1,legacy-reference-bound,32,32,32, -1.2075000000000000E+00, -1.1875000000000000E+00,  2.0000000000003126E-02,  3.1086244689504383E-15,  0.0000000000000000E+00, -5.7109375000000004E-02,  4.2499999999989768E-04,3,64,0,64,64,0,0,  2.0000000000000000E-02,  2.0000000000000000E-02,  4.2299999999999999E-01,  4.2299999999999999E-01,  0.0000000000000000E+00,  0.0000000000000000E+00
3,7,3,1,0,1,legacy-reference-bound,64,64,64, -1.2075000000000000E+00, -1.1875000000000000E+00,  2.0000000000003126E-02,  3.1086244689504383E-15,  0.0000000000000000E+00, -3.8554687500000004E-02,  8.8100000000013168E-04,3,128,0,128,128,0,0,  2.0000000000000000E-02,  2.0000000000000000E-02,  4.2299999999999999E-01,  4.2299999999999999E-01,  0.0000000000000000E+00,  0.0000000000000000E+00
3,7,3,1,0,1,legacy-reference-bound,128,128,128, -1.2075000000000000E+00, -1.1875000000000000E+00,  2.0000000000003126E-02,  3.1086244689504383E-15,  0.0000000000000000E+00, -2.9277343750000000E-02,  1.6489999999995675E-03,3,256,0,256,256,0,0,  2.0000000000000000E-02,  2.0000000000000000E-02,  4.2299999999999999E-01,  4.2299999999999999E-01,  0.0000000000000000E+00,  0.0000000000000000E+00
3,7,3,1,1,2,legacy-reference-retry,256,2,103, -2.5919542239355411E-02, -9.2773437500000000E-03,  1.6642198489378757E-02,  2.3345908539695870E-14,  6.8955258170078082E-17,  0.0000000000000000E+00,  3.2999999999998586E-03,3,534,24,535,559,2,1, -1.0612244884673001E+00, -2.8236755014104486E-03,  4.2274653430220022E-01,  4.2299991913233337E-01, -1.0000000000000000E+00, -1.0000000000000000E+00
3,7,3,1,1,2,legacy-reference-retry,512,4,127, -2.6087740846004143E-02, -9.2773437500000000E-03,  1.6810397096030272E-02,  2.6128404995162668E-14,  1.2765396378844329E-15,  0.0000000000000000E+00,  3.7780000000000591E-03,3,640,30,641,671,2,1, -9.1476135054498398E-01, -5.7843617966186513E-03,  4.2279573813828841E-01,  4.2299983434079408E-01, -1.0000000000000000E+00, -1.0000000000000000E+00
3,7,3,1,1,2,legacy-reference-retry,1024,7,147, -2.2504806388130801E-02, -8.1176757812500000E-03,  1.4387130606891674E-02,  1.0873246747422627E-14,  1.4288700431186463E-15,  0.0000000000000000E+00,  4.5180000000000220E-03,3,737,44,738,782,2,1, -9.4497194306744403E-01, -1.1186075216000884E-02,  4.2278586093445647E-01,  4.2299966287876234E-01, -1.0000000000000000E+00, -1.0000000000000000E+00
3,7,3,1,1,2,legacy-reference-retry,2048,11,160, -1.6787188619026498E-02, -6.3781738281250000E-03,  1.0409014790916160E-02,  1.4661882818955974E-14,  9.4217168788990335E-16,  0.0000000000000000E+00,  4.3349999999997557E-03,3,670,72,671,743,2,1, -1.2551705263569088E+00, -4.5934640583971528E-03,  4.2267654135566868E-01,  4.2299986844709320E-01, -1.0000000000000000E+00, -1.0000000000000000E+00
3,7,3,1,1,2,legacy-reference-retry,4096,18,203, -1.2481243820646786E-02, -5.2185058593750000E-03,  7.2627379612768550E-03,  5.0688619968042303E-15,  1.3044985014074029E-15,  0.0000000000000000E+00,  5.1339999999999719E-03,3,624,137,625,762,2,1, -1.7649822973456113E+00, -8.2713837661782235E-03,  4.2246944553301657E-01,  4.2299976311459847E-01, -1.0000000000000000E+00, -1.0000000000000000E+00
3,2,1,1,0,1,legacy-reference-bound,1,1,5, -6.1577033610379062E-01, -1.3814059840923806E-02,  6.0195627626283610E-01, -3.0711544418693393E-14,  1.3877787807814457E-17, -6.1577033610379062E-01,  6.8999999999874717E-05,1,6,0,6,6,0,0, -1.2299999991937848E+02,  6.2182069883811519E-01,  3.0672347322977411E-01,  4.2299999999999999E-01, -1.0000000000000000E+00, -1.0000000000000000E+00
3,2,1,1,0,1,legacy-reference-bound,2,2,10, -9.6559134526440682E-01, -1.3814059840923806E-02,  9.5177728542345719E-01, -2.5826563110342704E-14,  9.2287288921966137E-16, -4.9025790906954170E-01,  1.1800000000006250E-04,1,12,0,12,12,0,0, -1.2299999999972172E+02,  2.6929802906344180E-01,  3.0672347317453619E-01,  4.2299999999999999E-01,  3.5104297606849716E-01,  5.4628689357404063E+01
3,2,1,1,0,1,legacy-reference-bound,4,4,70, -1.4292182482824916E+00, -1.3814059840923806E-02,  1.4154041884416415E+00,  7.3760442198533838E-14,  5.2357423951931992E-14, -4.0821115934742452E-01,  7.1600000000016095E-04,1,74,0,74,74,0,0, -1.2299999999999962E+02, -1.5918718588627367E-01,  3.0672347317434512E-01,  4.2298394169696196E-01,  4.6420909371348446E-01,  6.2857690580824780E+01
3,2,1,1,0,1,legacy-reference-bound,8,8,120, -1.8423908587268290E+00, -1.3814059840923806E-02,  1.8285767988858908E+00, -1.4391265956703592E-14,  1.5603837666411380E-14, -3.5511776396822670E-01,  1.2350000000003192E-03,1,128,0,128,128,0,0, -1.2300000000000001E+02, -2.8851001708706719E-01,  3.0672347317434490E-01,  4.2296185777961948E-01,  4.1463756924259076E-01,  5.4646391228920436E+01
3,2,1,1,0,1,legacy-reference-bound,16,16,232, -2.0774658891843809E+00, -1.3814059840923810E-02,  2.0636518293433852E+00, -7.1897349185334747E-14,  1.2792718273590964E-14, -3.1841444655005247E-01,  2.4700000000001943E-03,1,248,0,248,248,0,0, -1.2300000000000001E+02, -2.8041417304358146E-01,  3.0672347317434490E-01,  4.2296340477545835E-01,  2.3507590327386585E-01,  3.1947384776722814E+01
3,2,1,1,0,1,legacy-reference-bound,32,32,454, -2.2017247219435543E+00, -1.3814059840923815E-02,  2.1879106621025528E+00, -7.7665304742957630E-14,  1.2314368275090359E-14, -2.8426962503224157E-01,  4.7310000000004848E-03,1,486,0,486,486,0,0, -1.2300000000000001E+02, -2.6820922924627016E-01,  3.0672347317434490E-01,  4.2296569873930878E-01,  1.2425918964458688E-01,  1.6003840411468047E+01
3,2,1,1,0,1,legacy-reference-bound,64,64,856, -2.2670721918562289E+00, -1.3814059840923794E-02,  2.2532581320152261E+00, -7.9018389054219540E-14,  1.1524852253086415E-14, -2.3934760739419964E-01,  9.1480000000001560E-03,1,920,0,920,920,0,0, -1.2300000000000000E+02, -2.6011502647748458E-01,  3.0672347317434490E-01,  4.2296719424579909E-01,  6.5347614263880083E-02,  8.1179624373250476E+00
3,2,1,1,0,1,legacy-reference-bound,128,128,1600, -2.3012741500403817E+00, -1.3814059840923780E-02,  2.2874600901993674E+00, -9.0578586298128982E-14,  1.0074298166518059E-14, -1.8300877201453405E-01,  1.7737000000000336E-02,1,1728,0,1728,1728,0,0, -1.2300000000000000E+02, -2.5534760885285246E-01,  3.0672347317434490E-01,  4.2296806528075981E-01,  3.4202002742280413E-02,  3.8699802427367871E+00
3,2,1,1,0,1,legacy-reference-bound,256,256,2962, -2.3189967454637541E+00, -1.3814059840923773E-02,  2.3051826856227535E+00, -7.6818759686680949E-14,  3.5369385371908368E-15, -1.2670500569860735E-01,  3.3128000000000490E-02,1,3218,0,3218,3218,0,0, -1.2300000000000000E+02, -2.5269824572501787E-01,  3.0672347317434490E-01,  4.2296854615795254E-01,  1.7722614672716908E-02,  2.0447024710858699E+00
3,2,1,1,0,1,legacy-reference-bound,512,512,5394, -2.3280809730958940E+00, -1.3814059840923962E-02,  2.3142669132548761E+00, -9.3949154011951919E-14,  4.5015261049968780E-15, -8.0182754747878476E-02,  5.9919999999999973E-02,1,5906,0,5906,5906,0,0, -1.2300000000000000E+02, -2.5128173216072386E-01,  3.0672347317434490E-01,  4.2296880232762513E-01,  9.0842362623230755E-03,  1.0605629599031801E+00
3,2,1,1,0,1,legacy-reference-bound,1024,1024,9684, -2.3326957515014435E+00, -1.3814059840923701E-02,  2.3188816916604864E+00, -3.3370875507365838E-14,  2.5049813568919777E-15, -4.6969069427893882E-02,  1.0660400000000081E-01,1,10708,0,10708,10708,0,0, -1.2300000000000014E+02, -2.5054395538148622E-01,  3.0672347317434479E-01,  4.2296893549151982E-01,  4.6147823761941154E-03,  5.4093919740566321E-01
3,2,1,1,0,1,legacy-reference-bound,2048,2048,17082, -2.3350248042276127E+00, -1.3814059840924282E-02,  2.3212107443866259E+00, -6.2543720202867803E-14,  1.8696185550247379E-15, -2.5898454019469282E-02,  1.9630100000000006E-01,1,19130,0,19130,19130,0,0, -1.2300000000000000E+02, -2.5016631250501015E-01,  3.0672347317434490E-01,  4.2296900358469613E-01,  2.3290546050191985E-03,  2.7341293448363047E-01
3,2,1,1,0,1,legacy-reference-bound,4096,4096,29795, -2.3361953503998678E+00, -1.3814059840924689E-02,  2.3223812905589512E+00,  8.0300349702966400E-15,  2.1750823527271618E-15, -1.3695567560400945E-02,  3.3508600000000044E-01,1,33891,0,33891,33891,0,0, -1.2300000000000000E+02, -2.4997506347023596E-01,  3.0672347317434490E-01,  4.2296903805119390E-01,  1.1705470815298602E-03,  1.3749446869996973E-01
3,2,1,1,0,1,legacy-reference-bound,1,1,5, -6.3577033610379063E-01, -1.3814059840923806E-02,  6.2195627626283567E-01, -3.1155633628543455E-14,  1.3877787807814457E-17, -6.3577033610379063E-01,  8.4000000000195030E-05,2,6,0,6,6,0,0, -1.2299999991937848E+02,  6.2182069883811519E-01,  3.0672347322977411E-01,  4.2299999999999999E-01, -1.0000000000000000E+00, -1.0000000000000000E+00
3,2,1,1,0,1,legacy-reference-bound,2,2,10, -9.8559134526440684E-01, -1.3814059840923806E-02,  9.7177728542345676E-01, -2.6270652320192767E-14,  9.2287288921966137E-16, -5.1025790906954172E-01,  1.1799999999961841E-04,2,12,0,12,12,0,0, -1.2299999999972172E+02,  2.6929802906344180E-01,  3.0672347317453619E-01,  4.2299999999999999E-01,  3.5104297606849716E-01,  5.4628689357404063E+01
3,2,1,1,0,1,legacy-reference-bound,4,4,70, -1.4492182482824916E+00, -1.3814059840923806E-02,  1.4354041884416411E+00,  7.3316352988683775E-14,  5.2357423951931992E-14, -4.2821115934742454E-01,  7.1799999999999642E-04,2,74,0,74,74,0,0, -1.2299999999999962E+02, -1.5918718588627367E-01,  3.0672347317434512E-01,  4.2298394169696196E-01,  4.6420909371348446E-01,  6.2857690580824780E+01
3,2,1,1,0,1,legacy-reference-bound,8,8,120, -1.8623908587268290E+00, -1.3814059840923806E-02,  1.8485767988858903E+00, -1.4835355166553654E-14,  1.5603837666411380E-14, -3.7511776396822671E-01,  1.2249999999998096E-03,2,128,0,128,128,0,0, -1.2300000000000001E+02, -2.8851001708706719E-01,  3.0672347317434490E-01,  4.2296185777961948E-01,  4.1463756924259076E-01,  5.4646391228920436E+01
3,2,1,1,0,1,legacy-reference-bound,16,16,232, -2.0974658891843809E+00, -1.3814059840923810E-02,  2.0836518293433848E+00, -7.2341438395184809E-14,  1.2792718273590964E-14, -3.3841444655005248E-01,  2.4020000000000152E-03,2,248,0,248,248,0,0, -1.2300000000000001E+02, -2.8041417304358146E-01,  3.0672347317434490E-01,  4.2296340477545835E-01,  2.3507590327386585E-01,  3.1947384776722814E+01
3,2,1,1,0,1,legacy-reference-bound,32,32,454, -2.2217247219435543E+00, -1.3814059840923815E-02,  2.2079106621025524E+00, -7.8109393952807693E-14,  1.2314368275090359E-14, -3.0426962503224159E-01,  4.6509999999999607E-03,2,486,0,486,486,0,0, -1.2300000000000001E+02, -2.6820922924627016E-01,  3.0672347317434490E-01,  4.2296569873930878E-01,  1.2425918964458688E-01,  1.6003840411468047E+01
3,2,1,1,0,1,legacy-reference-bound,64,64,856, -2.2870721918562285E+00, -1.3814059840923794E-02,  2.2732581320152256E+00, -7.9018389054219540E-14,  1.1524852253086415E-14, -2.5934760739419965E-01,  9.1029999999996392E-03,2,920,0,920,920,0,0, -1.2300000000000000E+02, -2.6011502647748458E-01,  3.0672347317434490E-01,  4.2296719424579909E-01,  6.5347614263880083E-02,  8.1179624373250476E+00
3,2,1,1,0,1,legacy-reference-bound,128,128,1600, -2.3212741500403813E+00, -1.3814059840923780E-02,  2.3074600901993669E+00, -9.0578586298128982E-14,  1.0074298166518059E-14, -2.0300877201453404E-01,  1.7062000000000133E-02,2,1728,0,1728,1728,0,0, -1.2300000000000000E+02, -2.5534760885285246E-01,  3.0672347317434490E-01,  4.2296806528075981E-01,  3.4202002742280413E-02,  3.8699802427367871E+00
3,2,1,1,0,1,legacy-reference-bound,256,256,2962, -2.3389967454637541E+00, -1.3814059840923773E-02,  2.3251826856227531E+00, -7.7262848896531011E-14,  3.5369385371908368E-15, -1.4670500569860734E-01,  3.1234000000000428E-02,2,3218,0,3218,3218,0,0, -1.2300000000000000E+02, -2.5269824572501787E-01,  3.0672347317434490E-01,  4.2296854615795254E-01,  1.7722614672716908E-02,  2.0447024710858699E+00
3,2,1,1,0,1,legacy-reference-bound,512,512,5394, -2.3480809730958945E+00, -1.3814059840923962E-02,  2.3342669132548757E+00, -9.4837332431652044E-14,  4.5015261049968780E-15, -1.0018275474787848E-01,  5.8056000000000552E-02,2,5906,0,5906,5906,0,0, -1.2300000000000000E+02, -2.5128173216072386E-01,  3.0672347317434490E-01,  4.2296880232762513E-01,  9.0842362623230755E-03,  1.0605629599031801E+00
3,2,1,1,0,1,legacy-reference-bound,1024,1024,9684, -2.3526957515014439E+00, -1.3814059840923701E-02,  2.3388816916604860E+00, -3.4259053927065963E-14,  2.5049813568919777E-15, -6.6969069427893879E-02,  1.0462899999999919E-01,2,10708,0,10708,10708,0,0, -1.2300000000000014E+02, -2.5054395538148622E-01,  3.0672347317434479E-01,  4.2296893549151982E-01,  4.6147823761941154E-03,  5.4093919740566321E-01
3,2,1,1,0,1,legacy-reference-bound,2048,2048,17082, -2.3550248042276141E+00, -1.3814059840924282E-02,  2.3412107443866255E+00, -6.4320077042268053E-14,  1.8696185550247379E-15, -4.5898454019469279E-02,  1.8884699999999999E-01,2,19130,0,19130,19130,0,0, -1.2300000000000000E+02, -2.5016631250501015E-01,  3.0672347317434490E-01,  4.2296900358469613E-01,  2.3290546050191985E-03,  2.7341293448363047E-01
3,2,1,1,0,1,legacy-reference-bound,4096,4096,29795, -2.3561953503998674E+00, -1.3814059840924689E-02,  2.3423812905589507E+00,  8.0300349702966400E-15,  2.1750823527271618E-15, -3.3695567560400944E-02,  3.3367599999999964E-01,2,33891,0,33891,33891,0,0, -1.2300000000000000E+02, -2.4997506347023596E-01,  3.0672347317434490E-01,  4.2296903805119390E-01,  1.1705470815298602E-03,  1.3749446869996973E-01
3,2,1,1,0,1,legacy-reference-bound,1,1,5, -6.3577033610379063E-01, -1.3814059840923806E-02,  6.2195627626283567E-01, -3.1155633628543455E-14,  1.3877787807814457E-17, -6.3577033610379063E-01,  6.8000000000623118E-05,3,6,0,6,6,0,0, -1.2299999991937848E+02,  6.2182069883811519E-01,  3.0672347322977411E-01,  4.2299999999999999E-01, -1.0000000000000000E+00, -1.0000000000000000E+00
3,2,1,1,0,1,legacy-reference-bound,2,2,10, -9.8559134526440684E-01, -1.3814059840923806E-02,  9.7177728542345676E-01, -2.6270652320192767E-14,  9.2287288921966137E-16, -5.1025790906954172E-01,  1.1800000000050659E-04,3,12,0,12,12,0,0, -1.2299999999972172E+02,  2.6929802906344180E-01,  3.0672347317453619E-01,  4.2299999999999999E-01,  3.5104297606849716E-01,  5.4628689357404063E+01
3,2,1,1,0,1,legacy-reference-bound,4,4,70, -1.4492182482824916E+00, -1.3814059840923806E-02,  1.4354041884416411E+00,  7.3316352988683775E-14,  5.2357423951931992E-14, -4.2821115934742454E-01,  7.2600000000022646E-04,3,74,0,74,74,0,0, -1.2299999999999962E+02, -1.5918718588627367E-01,  3.0672347317434512E-01,  4.2298394169696196E-01,  4.6420909371348446E-01,  6.2857690580824780E+01
3,2,1,1,0,1,legacy-reference-bound,8,8,120, -1.8623908587268290E+00, -1.3814059840923806E-02,  1.8485767988858903E+00, -1.4835355166553654E-14,  1.5603837666411380E-14, -3.7511776396822671E-01,  1.2270000000000891E-03,3,128,0,128,128,0,0, -1.2300000000000001E+02, -2.8851001708706719E-01,  3.0672347317434490E-01,  4.2296185777961948E-01,  4.1463756924259076E-01,  5.4646391228920436E+01
3,2,1,1,0,1,legacy-reference-bound,16,16,232, -2.0974658891843809E+00, -1.3814059840923810E-02,  2.0836518293433848E+00, -7.2341438395184809E-14,  1.2792718273590964E-14, -3.3841444655005248E-01,  2.5069999999995929E-03,3,248,0,248,248,0,0, -1.2300000000000001E+02, -2.8041417304358146E-01,  3.0672347317434490E-01,  4.2296340477545835E-01,  2.3507590327386585E-01,  3.1947384776722814E+01
3,2,1,1,0,1,legacy-reference-bound,32,32,454, -2.2217247219435543E+00, -1.3814059840923815E-02,  2.2079106621025524E+00, -7.8109393952807693E-14,  1.2314368275090359E-14, -3.0426962503224159E-01,  4.7159999999992763E-03,3,486,0,486,486,0,0, -1.2300000000000001E+02, -2.6820922924627016E-01,  3.0672347317434490E-01,  4.2296569873930878E-01,  1.2425918964458688E-01,  1.6003840411468047E+01
3,2,1,1,0,1,legacy-reference-bound,64,64,856, -2.2870721918562285E+00, -1.3814059840923794E-02,  2.2732581320152256E+00, -7.9018389054219540E-14,  1.1524852253086415E-14, -2.5934760739419965E-01,  8.8509999999999422E-03,3,920,0,920,920,0,0, -1.2300000000000000E+02, -2.6011502647748458E-01,  3.0672347317434490E-01,  4.2296719424579909E-01,  6.5347614263880083E-02,  8.1179624373250476E+00
3,2,1,1,0,1,legacy-reference-bound,128,128,1600, -2.3212741500403813E+00, -1.3814059840923780E-02,  2.3074600901993669E+00, -9.0578586298128982E-14,  1.0074298166518059E-14, -2.0300877201453404E-01,  1.7093000000000025E-02,3,1728,0,1728,1728,0,0, -1.2300000000000000E+02, -2.5534760885285246E-01,  3.0672347317434490E-01,  4.2296806528075981E-01,  3.4202002742280413E-02,  3.8699802427367871E+00
3,2,1,1,0,1,legacy-reference-bound,256,256,2954, -2.3338084271880835E+00, -1.3814059840923773E-02,  2.3199943673470536E+00, -1.0612864753678508E-13,  3.5589478412922926E-15,  0.0000000000000000E+00,  3.1557000000000279E-02,3,3206,4,3206,3210,0,1, -1.2300000000000000E+02, -2.5487129512282936E-01,  3.0672347317434490E-01,  4.2296815190286796E-01,  1.2534704261573937E-02,  1.5085775157208730E+00
3,2,1,1,0,1,legacy-reference-bound,512,512,5378, -2.3428951709252113E+00, -1.3814059840923962E-02,  2.3290811110841894E+00, -9.7945956900602482E-14,  4.4911177641410172E-15,  0.0000000000000000E+00,  5.9737000000000151E-02,3,5882,8,5882,5890,0,1, -1.2300000000000000E+02, -2.5344345459102979E-01,  3.0672347317434490E-01,  4.2296841112805139E-01,  9.0867522197241035E-03,  1.0565802625213365E+00
3,2,1,1,0,1,legacy-reference-bound,1024,1024,9649, -2.3475112983139721E+00, -1.3814059840923701E-02,  2.3336972384730181E+00, -3.0262251038415400E-14,  2.3707571279382722E-15,  0.0000000000000000E+00,  1.0587000000000035E-01,3,10657,16,10657,10673,0,1, -1.2300000000000000E+02, -2.5269980992602892E-01,  3.0672347317434490E-01,  4.2296854587471278E-01,  4.6161313017434313E-03,  5.3926420848546286E-01
3,2,1,1,0,1,legacy-reference-bound,2048,2048,17039, -2.3498410525706599E+00, -1.3814059840924282E-02,  2.3360269927296677E+00, -6.7872790721068554E-14,  1.9751114264075775E-15,  0.0000000000000000E+00,  1.8912100000000009E-01,3,19055,32,19055,19087,0,1, -1.2300000000000000E+02, -2.5231917285575406E-01,  3.0672347317434490E-01,  4.2296861477558378E-01,  2.3297561117738286E-03,  2.7265656698628504E-01
3,2,1,1,0,1,legacy-reference-bound,4096,4096,29708, -2.3510119570487098E+00, -1.3814059840924689E-02,  2.3371978972078189E+00,  3.3787209141600272E-14,  2.1397712432220245E-15,  0.0000000000000000E+00,  3.4766700000000039E-01,3,33740,64,33740,33804,0,1, -1.2300000000000009E+02, -2.5212641004988928E-01,  3.0672347317434490E-01,  4.2296864965045644E-01,  1.1709053769165534E-03,  1.3713683656601461E-01
3,2,2,1,0,1,legacy-reference-bound,1,1,5, -6.2868250165676909E-01, -4.3135658157335610E-01,  1.9732592008342920E-01,  1.6209256159527285E-14,  4.4408920985006262E-16, -6.2868250165676909E-01,  6.7999999999734939E-05,1,6,0,6,6,0,0, -9.7468925147468894E+00,  6.0822894562445362E-01,  4.1681714101236722E-01,  4.2299999999999999E-01, -1.0000000000000000E+00, -1.0000000000000000E+00
3,2,2,1,0,1,legacy-reference-bound,2,2,11, -7.2595223239495232E-01, -4.3135658157335610E-01,  2.9459565082162698E-01,  3.0753177782116836E-14,  7.7715611723760958E-16, -3.5669829030274819E-01,  1.2499999999970868E-04,1,13,0,13,13,0,0, -9.6569205673538345E+00,  1.4661378364134681E+00,  4.1689732391120649E-01,  4.2299999999999999E-01,  9.7269730738184235E-02,  4.5592513221830204E+00
3,2,2,1,0,1,legacy-reference-bound,4,4,22, -8.5594029300108965E-01, -4.3135658157335610E-01,  4.2458371142776485E-01,  3.1308289294429414E-14,  1.5265566588595902E-15, -2.0900730944119597E-01,  2.3199999999956589E-04,1,26,0,26,26,0,0, -9.3827680482147553E+00,  5.9587779507717835E+00,  4.1713997625140553E-01,  4.2299999999999999E-01,  1.2998806060613474E-01,  9.5474300948648345E+00
3,2,2,1,0,1,legacy-reference-bound,8,8,48, -9.9548746903988006E-01, -4.3135658157335616E-01,  5.6413088746655404E-01,  3.0142555118573000E-14,  2.1926904736346842E-15, -1.2693830670288497E-01,  4.8500000000029075E-04,1,56,0,56,56,0,0, -7.8351570181110990E+00,  6.2263248691423492E+00,  4.1845922958843429E-01,  4.2299999999999999E-01,  1.3954717603879549E-01,  1.2105005411990531E+01
3,2,2,1,0,1,legacy-reference-bound,16,16,109, -1.0723417850867949E+00, -4.3135658157335599E-01,  6.4098520351344490E-01,  5.9952043329758453E-15,  1.2975731600306517E-15, -7.9826740481881264E-02,  1.1320000000001329E-03,1,125,0,125,125,0,0,  6.1465848783012156E-01,  4.4466554580518910E+01,  4.2299999999999999E-01,  4.2299999999999999E-01,  7.6854316046911925E-02,  5.2301711598630007E+01
3,2,2,1,0,1,legacy-reference-bound,32,32,197, -1.0723417850868031E+00, -4.3135658157335588E-01,  6.4098520351344490E-01, -2.3314683517128287E-15,  4.2084391527197340E-15, -5.1965877701510503E-02,  1.8690000000001206E-03,1,229,0,229,229,0,0,  8.1594044044909886E-01,  6.2899294795478809E+01,  4.2299999999999999E-01,  4.2299999999999999E-01,  0.0000000000000000E+00,  1.8432740214959900E+01
3,2,2,1,0,1,legacy-reference-bound,64,64,382, -1.0723417850867987E+00, -4.3135658157335655E-01,  6.4098520351344490E-01,  2.7755575615628914E-15,  1.8925833122906965E-15, -3.4877431262563513E-02,  3.6800000000001276E-03,1,446,0,446,446,0,0,  8.1594044044909886E-01,  6.2899294795478809E+01,  4.2299999999999999E-01,  4.2299999999999999E-01,  0.0000000000000000E+00,  0.0000000000000000E+00
3,2,2,1,0,1,legacy-reference-bound,128,128,704, -1.0723417850867962E+00, -4.3135658157335555E-01,  6.4098520351344490E-01,  4.2188474935755949E-15,  2.7209137720696219E-15, -2.3757049598610601E-02,  8.2399999999998030E-03,1,953,0,953,953,0,0,  8.1594044044909886E-01,  6.2899294795478809E+01,  4.2299999999999999E-01,  4.2299999999999999E-01,  0.0000000000000000E+00,  1.7763568394002505E-15
3,2,2,1,0,1,legacy-reference-bound,256,256,1382, -1.0723417850868056E+00, -4.3135658157335477E-01,  6.4098520351344490E-01, -5.8841820305133297E-15,  4.8750066483638221E-15, -1.5895272550944594E-02,  1.4337999999999518E-02,1,1772,0,1772,1772,0,0,  8.1594044044909886E-01,  6.2899294795478809E+01,  4.2299999999999999E-01,  4.2299999999999999E-01,  0.0000000000000000E+00,  1.7763568394002505E-15
3,2,2,1,0,1,legacy-reference-bound,512,512,2682, -1.0723417850868109E+00, -4.3135658157336038E-01,  6.4098520351344490E-01, -5.6066262743570405E-15,  2.1677538236675176E-15, -1.0030670360221662E-02,  2.7290999999999954E-02,1,3300,0,3300,3300,0,0,  8.1594044044909886E-01,  6.2899294795478809E+01,  4.2299999999999999E-01,  4.2299999999999999E-01,  0.0000000000000000E+00,  1.7763568394002505E-15
3,2,2,1,0,1,legacy-reference-bound,1024,1024,4931, -1.0723417850868324E+00, -4.3135658157336426E-01,  6.4098520351344490E-01, -2.3259172365897030E-14,  2.7212390327213676E-15, -5.8632828767569770E-03,  5.1910000000000345E-02,1,6073,0,6073,6073,0,0,  8.1594044044909886E-01,  6.2899294795478809E+01,  4.2299999999999999E-01,  4.2299999999999999E-01,  0.0000000000000000E+00,  1.7763568394002505E-15
3,2,2,1,0,1,legacy-reference-bound,2048,2048,9167, -1.0723417850868422E+00, -4.3135658157336620E-01,  6.4098520351344490E-01, -3.1086244689504383E-14,  2.6152582703609095E-15, -3.2140512064502101E-03,  9.4195000000000029E-02,1,11321,0,11321,11321,0,0,  8.1594044044909886E-01,  6.2899294795478809E+01,  4.2299999999999999E-01,  4.2299999999999999E-01,  0.0000000000000000E+00,  1.7763568394002505E-15
3,2,2,1,0,1,legacy-reference-bound,4096,4096,17546, -1.0723417850869428E+00, -4.3135658157331941E-01,  6.4098520351344490E-01, -1.7846835120849391E-13,  2.5777177701385989E-15, -1.6895615699657467E-03,  1.8224900000000055E-01,1,21642,0,21642,21642,0,0,  8.1594044044909886E-01,  6.2899294795478809E+01,  4.2299999999999999E-01,  4.2299999999999999E-01,  0.0000000000000000E+00,  0.0000000000000000E+00
3,2,2,1,0,1,legacy-reference-bound,1,1,5, -6.4868250165676911E-01, -4.3135658157335610E-01,  2.1732592008343232E-01,  1.9317880628477724E-14,  4.4408920985006262E-16, -6.4868250165676911E-01,  8.9000000000005741E-05,2,6,0,6,6,0,0, -9.7468925147468894E+00,  6.0822894562445362E-01,  4.1681714101236722E-01,  4.2299999999999999E-01, -1.0000000000000000E+00, -1.0000000000000000E+00
3,2,2,1,0,1,legacy-reference-bound,2,2,11, -7.4595223239495234E-01, -4.3135658157335610E-01,  3.1459565082163010E-01,  3.3861802251067274E-14,  7.7715611723760958E-16, -3.7669829030274821E-01,  1.2800000000012801E-04,2,13,0,13,13,0,0, -9.6569205673538345E+00,  1.4661378364134681E+00,  4.1689732391120649E-01,  4.2299999999999999E-01,  9.7269730738184235E-02,  4.5592513221830204E+00
3,2,2,1,0,1,legacy-reference-bound,4,4,22, -8.7594029300108966E-01, -4.3135658157335610E-01,  4.4458371142776798E-01,  3.4416913763379853E-14,  1.5265566588595902E-15, -2.2900730944119596E-01,  2.3399999999984544E-04,2,26,0,26,26,0,0, -9.3827680482147553E+00,  5.9587779507717835E+00,  4.1713997625140553E-01,  4.2299999999999999E-01,  1.2998806060613474E-01,  9.5474300948648345E+00
3,2,2,1,0,1,legacy-reference-bound,8,8,48, -1.0154874690398799E+00, -4.3135658157335616E-01,  5.8413088746655717E-01,  3.3473224192448470E-14,  2.1926904736346842E-15, -1.4693830670288496E-01,  4.9100000000024124E-04,2,56,0,56,56,0,0, -7.8351570181110990E+00,  6.2263248691423492E+00,  4.1845922958843429E-01,  4.2299999999999999E-01,  1.3954717603879549E-01,  1.2105005411990531E+01
3,2,2,1,0,1,legacy-reference-bound,16,16,109, -1.0923417850867949E+00, -4.3135658157335599E-01,  6.6098520351344803E-01,  9.1038288019262836E-15,  1.2975731600306517E-15, -9.9826740481881268E-02,  1.0219999999998564E-03,2,125,0,125,125,0,0,  6.1465848783012156E-01,  4.4466554580518910E+01,  4.2299999999999999E-01,  4.2299999999999999E-01,  7.6854316046911925E-02,  5.2301711598630007E+01
3,2,2,1,0,1,legacy-reference-bound,32,32,197, -1.0923417850868031E+00, -4.3135658157335588E-01,  6.6098520351344803E-01,  7.7715611723760958E-16,  4.2084391527197340E-15, -7.1965877701510500E-02,  1.8459999999995702E-03,2,229,0,229,229,0,0,  8.1594044044909886E-01,  6.2899294795478809E+01,  4.2299999999999999E-01,  4.2299999999999999E-01,  0.0000000000000000E+00,  1.8432740214959900E+01
3,2,2,1,0,1,legacy-reference-bound,64,64,382, -1.0923417850867987E+00, -4.3135658157335655E-01,  6.6098520351344803E-01,  5.8841820305133297E-15,  1.8925833122906965E-15, -5.4877431262563517E-02,  3.8540000000004682E-03,2,446,0,446,446,0,0,  8.1594044044909886E-01,  6.2899294795478809E+01,  4.2299999999999999E-01,  4.2299999999999999E-01,  0.0000000000000000E+00,  0.0000000000000000E+00
3,2,2,1,0,1,legacy-reference-bound,128,128,704, -1.0923417850867965E+00, -4.3135658157335555E-01,  6.6098520351344803E-01,  7.1054273576010019E-15,  2.7209137720696219E-15, -4.3757049598610598E-02,  8.0969999999993547E-03,2,953,0,953,953,0,0,  8.1594044044909886E-01,  6.2899294795478809E+01,  4.2299999999999999E-01,  4.2299999999999999E-01,  0.0000000000000000E+00,  1.7763568394002505E-15
3,2,2,1,0,1,legacy-reference-bound,256,256,1382, -1.0923417850868054E+00, -4.3135658157335477E-01,  6.6098520351344803E-01, -2.5535129566378600E-15,  4.8750066483638221E-15, -3.5895272550944594E-02,  1.4592000000000382E-02,2,1772,0,1772,1772,0,0,  8.1594044044909886E-01,  6.2899294795478809E+01,  4.2299999999999999E-01,  4.2299999999999999E-01,  0.0000000000000000E+00,  1.7763568394002505E-15
3,2,2,1,0,1,legacy-reference-bound,512,512,2682, -1.0923417850868107E+00, -4.3135658157336038E-01,  6.6098520351344803E-01, -2.2759572004815709E-15,  2.1677538236675176E-15, -3.0030670360221660E-02,  2.7199000000000417E-02,2,3300,0,3300,3300,0,0,  8.1594044044909886E-01,  6.2899294795478809E+01,  4.2299999999999999E-01,  4.2299999999999999E-01,  0.0000000000000000E+00,  1.7763568394002505E-15
3,2,2,1,0,1,legacy-reference-bound,1024,1024,4931, -1.0923417850868293E+00, -4.3135658157336426E-01,  6.6098520351344803E-01, -1.7041923427996153E-14,  2.7212390327213676E-15, -2.5863282876756977E-02,  5.7522000000000517E-02,2,6073,0,6073,6073,0,0,  8.1594044044909886E-01,  6.2899294795478809E+01,  4.2299999999999999E-01,  4.2299999999999999E-01,  0.0000000000000000E+00,  1.7763568394002505E-15
3,2,2,1,0,1,legacy-reference-bound,2048,2048,9167, -1.0923417850868413E+00, -4.3135658157336620E-01,  6.6098520351344803E-01, -2.7089441800853820E-14,  2.6152582703609095E-15, -2.3214051206450211E-02,  9.4934000000000296E-02,2,11321,0,11321,11321,0,0,  8.1594044044909886E-01,  6.2899294795478809E+01,  4.2299999999999999E-01,  4.2299999999999999E-01,  0.0000000000000000E+00,  1.7763568394002505E-15
3,2,2,1,0,1,legacy-reference-bound,4096,4096,17546, -1.0923417850869566E+00, -4.3135658157331941E-01,  6.6098520351344803E-01, -1.8912649224489542E-13,  2.5777177701385989E-15, -2.1689561569965748E-02,  1.9370900000000013E-01,2,21642,0,21642,21642,0,0,  8.1594044044909886E-01,  6.2899294795478809E+01,  4.2299999999999999E-01,  4.2299999999999999E-01,  0.0000000000000000E+00,  0.0000000000000000E+00
3,2,2,1,0,1,legacy-reference-bound,1,1,5, -6.4868250165676911E-01, -4.3135658157335610E-01,  2.1732592008343232E-01,  1.9317880628477724E-14,  4.4408920985006262E-16, -6.4868250165676911E-01,  8.6999999999726185E-05,3,6,0,6,6,0,0, -9.7468925147468894E+00,  6.0822894562445362E-01,  4.1681714101236722E-01,  4.2299999999999999E-01, -1.0000000000000000E+00, -1.0000000000000000E+00
3,2,2,1,0,1,legacy-reference-bound,2,2,11, -7.4595223239495234E-01, -4.3135658157335610E-01,  3.1459565082163010E-01,  3.3861802251067274E-14,  7.7715611723760958E-16, -3.7669829030274821E-01,  1.2499999999970868E-04,3,13,0,13,13,0,0, -9.6569205673538345E+00,  1.4661378364134681E+00,  4.1689732391120649E-01,  4.2299999999999999E-01,  9.7269730738184235E-02,  4.5592513221830204E+00
3,2,2,1,0,1,legacy-reference-bound,4,4,22, -8.7594029300108966E-01, -4.3135658157335610E-01,  4.4458371142776798E-01,  3.4416913763379853E-14,  1.5265566588595902E-15, -2.2900730944119596E-01,  2.3499999999998522E-04,3,26,0,26,26,0,0, -9.3827680482147553E+00,  5.9587779507717835E+00,  4.1713997625140553E-01,  4.2299999999999999E-01,  1.2998806060613474E-01,  9.5474300948648345E+00
3,2,2,1,0,1,legacy-reference-bound,8,8,48, -1.0154874690398799E+00, -4.3135658157335616E-01,  5.8413088746655717E-01,  3.3473224192448470E-14,  2.1926904736346842E-15, -1.4693830670288496E-01,  4.8099999999973164E-04,3,56,0,56,56,0,0, -7.8351570181110990E+00,  6.2263248691423492E+00,  4.1845922958843429E-01,  4.2299999999999999E-01,  1.3954717603879549E-01,  1.2105005411990531E+01
3,2,2,1,0,1,legacy-reference-bound,16,16,109, -1.0923417850867949E+00, -4.3135658157335599E-01,  6.6098520351344803E-01,  9.1038288019262836E-15,  1.2975731600306517E-15, -9.9826740481881268E-02,  1.0209999999997166E-03,3,125,0,125,125,0,0,  6.1465848783012156E-01,  4.4466554580518910E+01,  4.2299999999999999E-01,  4.2299999999999999E-01,  7.6854316046911925E-02,  5.2301711598630007E+01
3,2,2,1,0,1,legacy-reference-bound,32,32,197, -1.0923417850868031E+00, -4.3135658157335588E-01,  6.6098520351344803E-01,  7.7715611723760958E-16,  4.2084391527197340E-15, -7.1965877701510500E-02,  1.8470000000005982E-03,3,229,0,229,229,0,0,  8.1594044044909886E-01,  6.2899294795478809E+01,  4.2299999999999999E-01,  4.2299999999999999E-01,  0.0000000000000000E+00,  1.8432740214959900E+01
3,2,2,1,0,1,legacy-reference-bound,64,64,382, -1.0923417850867987E+00, -4.3135658157335655E-01,  6.6098520351344803E-01,  5.8841820305133297E-15,  1.8925833122906965E-15, -5.4877431262563517E-02,  3.9430000000004739E-03,3,446,0,446,446,0,0,  8.1594044044909886E-01,  6.2899294795478809E+01,  4.2299999999999999E-01,  4.2299999999999999E-01,  0.0000000000000000E+00,  0.0000000000000000E+00
3,2,2,1,0,1,legacy-reference-bound,128,128,704, -1.0923417850867965E+00, -4.3135658157335555E-01,  6.6098520351344803E-01,  7.1054273576010019E-15,  2.7209137720696219E-15, -4.3757049598610598E-02,  7.4399999999998911E-03,3,953,0,953,953,0,0,  8.1594044044909886E-01,  6.2899294795478809E+01,  4.2299999999999999E-01,  4.2299999999999999E-01,  0.0000000000000000E+00,  1.7763568394002505E-15
3,2,2,1,0,1,legacy-reference-bound,256,256,1390, -1.0923417850868073E+00, -4.3135658157335477E-01,  6.6098520351344803E-01, -4.5519144009631418E-15,  2.0517441912115686E-15,  0.0000000000000000E+00,  1.4363999999999599E-02,3,1699,5,1699,1704,0,1,  8.1594044044909886E-01,  6.2899294795478809E+01,  4.2299999999999999E-01,  4.2299999999999999E-01,  0.0000000000000000E+00,  0.0000000000000000E+00
3,2,2,1,0,1,legacy-reference-bound,512,512,2671, -1.0923417850868162E+00, -4.3135658157336038E-01,  6.6098520351344803E-01, -7.8270723236073536E-15,  4.4328690024242334E-15,  0.0000000000000000E+00,  2.7858000000000160E-02,3,3301,10,3301,3311,0,1,  8.1594044044909886E-01,  6.2899294795478809E+01,  4.2299999999999999E-01,  4.2299999999999999E-01,  0.0000000000000000E+00,  1.7763568394002505E-15
3,2,2,1,0,1,legacy-reference-bound,1024,1024,4949, -1.0923417850868198E+00, -4.3135658157336426E-01,  6.6098520351344803E-01, -7.4940054162198066E-15,  1.9683690441474333E-15,  0.0000000000000000E+00,  4.9930000000000696E-02,3,5953,20,5953,5973,0,1,  8.1594044044909886E-01,  6.2899294795478809E+01,  4.2299999999999999E-01,  4.2299999999999999E-01,  0.0000000000000000E+00,  1.7763568394002505E-15
3,2,2,1,0,1,legacy-reference-bound,2048,2048,9227, -1.0923417850867969E+00, -4.3135658157336620E-01,  6.6098520351344803E-01,  1.7319479184152442E-14,  2.3864916119664681E-15,  0.0000000000000000E+00,  1.2706099999999942E-01,3,11235,40,11235,11275,0,1,  8.1594044044909886E-01,  6.2899294795478809E+01,  4.2299999999999999E-01,  4.2299999999999999E-01,  0.0000000000000000E+00,  1.7763568394002505E-15
3,2,2,1,0,1,legacy-reference-bound,4096,4096,17584, -1.0923417850869359E+00, -4.3135658157331941E-01,  6.6098520351344803E-01, -1.6847634398686751E-13,  3.1305524578889576E-15,  0.0000000000000000E+00,  2.1232000000000006E-01,3,21608,73,21608,21681,0,1,  8.1594044044909886E-01,  6.2899294795478809E+01,  4.2299999999999999E-01,  4.2299999999999999E-01,  0.0000000000000000E+00,  0.0000000000000000E+00
3,2,3,1,0,1,legacy-reference-bound,1,1,1, -1.1875000000000000E+00, -1.1875000000000000E+00,  0.0000000000000000E+00,  0.0000000000000000E+00,  0.0000000000000000E+00, -1.1875000000000000E+00,  2.3000000000550358E-05,1,2,0,2,2,0,0,  2.0000000000000000E-02,  2.0000000000000000E-02,  4.2299999999999999E-01,  4.2299999999999999E-01, -1.0000000000000000E+00, -1.0000000000000000E+00
3,2,3,1,0,1,legacy-reference-bound,2,2,2, -1.1875000000000000E+00, -1.1875000000000000E+00,  0.0000000000000000E+00,  0.0000000000000000E+00,  0.0000000000000000E+00, -5.9375000000000000E-01,  2.7000000000221291E-05,1,4,0,4,4,0,0,  2.0000000000000000E-02,  2.0000000000000000E-02,  4.2299999999999999E-01,  4.2299999999999999E-01,  0.0000000000000000E+00,  0.0000000000000000E+00
3,2,3,1,0,1,legacy-reference-bound,4,4,4, -1.1875000000000000E+00, -1.1875000000000000E+00,  0.0000000000000000E+00,  0.0000000000000000E+00,  0.0000000000000000E+00, -2.9687500000000000E-01,  4.9999999999883471E-05,1,8,0,8,8,0,0,  2.0000000000000000E-02,  2.0000000000000000E-02,  4.2299999999999999E-01,  4.2299999999999999E-01,  0.0000000000000000E+00,  0.0000000000000000E+00
3,2,3,1,0,1,legacy-reference-bound,8,8,8, -1.1875000000000000E+00, -1.1875000000000000E+00,  0.0000000000000000E+00,  0.0000000000000000E+00,  0.0000000000000000E+00, -1.4843750000000000E-01,  9.7000000000235787E-05,1,16,0,16,16,0,0,  2.0000000000000000E-02,  2.0000000000000000E-02,  4.2299999999999999E-01,  4.2299999999999999E-01,  0.0000000000000000E+00,  0.0000000000000000E+00
3,2,3,1,0,1,legacy-reference-bound,16,16,16, -1.1875000000000000E+00, -1.1875000000000000E+00,  0.0000000000000000E+00,  0.0000000000000000E+00,  0.0000000000000000E+00, -7.4218750000000000E-02,  1.8800000000052108E-04,1,32,0,32,32,0,0,  2.0000000000000000E-02,  2.0000000000000000E-02,  4.2299999999999999E-01,  4.2299999999999999E-01,  0.0000000000000000E+00,  0.0000000000000000E+00
3,2,3,1,0,1,legacy-reference-bound,32,32,32, -1.1875000000000000E+00, -1.1875000000000000E+00,  0.0000000000000000E+00,  0.0000000000000000E+00,  0.0000000000000000E+00, -3.7109375000000000E-02,  3.9200000000061408E-04,1,64,0,64,64,0,0,  2.0000000000000000E-02,  2.0000000000000000E-02,  4.2299999999999999E-01,  4.2299999999999999E-01,  0.0000000000000000E+00,  0.0000000000000000E+00
3,2,3,1,0,1,legacy-reference-bound,64,64,64, -1.1875000000000000E+00, -1.1875000000000000E+00,  0.0000000000000000E+00,  0.0000000000000000E+00,  0.0000000000000000E+00, -1.8554687500000000E-02,  7.8000000000066905E-04,1,128,0,128,128,0,0,  2.0000000000000000E-02,  2.0000000000000000E-02,  4.2299999999999999E-01,  4.2299999999999999E-01,  0.0000000000000000E+00,  0.0000000000000000E+00
3,2,3,1,0,1,legacy-reference-bound,128,128,128, -1.1875000000000000E+00, -1.1875000000000000E+00,  0.0000000000000000E+00,  0.0000000000000000E+00,  0.0000000000000000E+00, -9.2773437500000000E-03,  1.5290000000005577E-03,1,256,0,256,256,0,0,  2.0000000000000000E-02,  2.0000000000000000E-02,  4.2299999999999999E-01,  4.2299999999999999E-01,  0.0000000000000000E+00,  0.0000000000000000E+00
3,2,3,1,0,1,legacy-reference-bound,256,256,256, -1.1875000000000000E+00, -1.1875000000000000E+00,  0.0000000000000000E+00,  0.0000000000000000E+00,  0.0000000000000000E+00, -4.6386718750000000E-03,  3.0650000000003175E-03,1,512,0,512,512,0,0,  2.0000000000000000E-02,  2.0000000000000000E-02,  4.2299999999999999E-01,  4.2299999999999999E-01,  0.0000000000000000E+00,  0.0000000000000000E+00
3,2,3,1,0,1,legacy-reference-bound,512,512,512, -1.1875000000000000E+00, -1.1875000000000000E+00,  0.0000000000000000E+00,  0.0000000000000000E+00,  0.0000000000000000E+00, -2.3193359375000000E-03,  6.3599999999999213E-03,1,1024,0,1024,1024,0,0,  2.0000000000000000E-02,  2.0000000000000000E-02,  4.2299999999999999E-01,  4.2299999999999999E-01,  0.0000000000000000E+00,  0.0000000000000000E+00
3,2,3,1,0,1,legacy-reference-bound,1024,1024,1024, -1.1875000000000000E+00, -1.1875000000000000E+00,  0.0000000000000000E+00,  0.0000000000000000E+00,  0.0000000000000000E+00, -1.1596679687500000E-03,  1.3162000000000340E-02,1,2048,0,2048,2048,0,0,  2.0000000000000000E-02,  2.0000000000000000E-02,  4.2299999999999999E-01,  4.2299999999999999E-01,  0.0000000000000000E+00,  0.0000000000000000E+00
3,2,3,1,0,1,legacy-reference-bound,2048,2048,2048, -1.1875000000000000E+00, -1.1875000000000000E+00,  0.0000000000000000E+00,  0.0000000000000000E+00,  0.0000000000000000E+00, -5.7983398437500000E-04,  2.5065000000000559E-02,1,4096,0,4096,4096,0,0,  2.0000000000000000E-02,  2.0000000000000000E-02,  4.2299999999999999E-01,  4.2299999999999999E-01,  0.0000000000000000E+00,  0.0000000000000000E+00
3,2,3,1,0,1,legacy-reference-bound,4096,4096,4096, -1.1875000000000000E+00, -1.1875000000000000E+00,  0.0000000000000000E+00,  0.0000000000000000E+00,  0.0000000000000000E+00, -2.8991699218750000E-04,  5.0616999999999912E-02,1,8192,0,8192,8192,0,0,  2.0000000000000000E-02,  2.0000000000000000E-02,  4.2299999999999999E-01,  4.2299999999999999E-01,  0.0000000000000000E+00,  0.0000000000000000E+00
3,2,3,1,0,1,legacy-reference-bound,1,1,1, -1.2075000000000000E+00, -1.1875000000000000E+00,  2.0000000000003126E-02,  3.1086244689504383E-15,  0.0000000000000000E+00, -1.2075000000000000E+00,  2.1000000000270802E-05,2,2,0,2,2,0,0,  2.0000000000000000E-02,  2.0000000000000000E-02,  4.2299999999999999E-01,  4.2299999999999999E-01, -1.0000000000000000E+00, -1.0000000000000000E+00
3,2,3,1,0,1,legacy-reference-bound,2,2,2, -1.2075000000000000E+00, -1.1875000000000000E+00,  2.0000000000003126E-02,  3.1086244689504383E-15,  0.0000000000000000E+00, -6.1375000000000002E-01,  2.6999999999333113E-05,2,4,0,4,4,0,0,  2.0000000000000000E-02,  2.0000000000000000E-02,  4.2299999999999999E-01,  4.2299999999999999E-01,  0.0000000000000000E+00,  0.0000000000000000E+00
3,2,3,1,0,1,legacy-reference-bound,4,4,4, -1.2075000000000000E+00, -1.1875000000000000E+00,  2.0000000000003126E-02,  3.1086244689504383E-15,  0.0000000000000000E+00, -3.1687500000000002E-01,  4.9999999999883471E-05,2,8,0,8,8,0,0,  2.0000000000000000E-02,  2.0000000000000000E-02,  4.2299999999999999E-01,  4.2299999999999999E-01,  0.0000000000000000E+00,  0.0000000000000000E+00
3,2,3,1,0,1,legacy-reference-bound,8,8,8, -1.2075000000000000E+00, -1.1875000000000000E+00,  2.0000000000003126E-02,  3.1086244689504383E-15,  0.0000000000000000E+00, -1.6843749999999999E-01,  9.6000000000096009E-05,2,16,0,16,16,0,0,  2.0000000000000000E-02,  2.0000000000000000E-02,  4.2299999999999999E-01,  4.2299999999999999E-01,  0.0000000000000000E+00,  0.0000000000000000E+00
3,2,3,1,0,1,legacy-reference-bound,16,16,16, -1.2075000000000000E+00, -1.1875000000000000E+00,  2.0000000000003126E-02,  3.1086244689504383E-15,  0.0000000000000000E+00, -9.4218750000000004E-02,  1.8899999999977268E-04,2,32,0,32,32,0,0,  2.0000000000000000E-02,  2.0000000000000000E-02,  4.2299999999999999E-01,  4.2299999999999999E-01,  0.0000000000000000E+00,  0.0000000000000000E+00
3,2,3,1,0,1,legacy-reference-bound,32,32,32, -1.2075000000000000E+00, -1.1875000000000000E+00,  2.0000000000003126E-02,  3.1086244689504383E-15,  0.0000000000000000E+00, -5.7109375000000004E-02,  3.7899999999968514E-04,2,64,0,64,64,0,0,  2.0000000000000000E-02,  2.0000000000000000E-02,  4.2299999999999999E-01,  4.2299999999999999E-01,  0.0000000000000000E+00,  0.0000000000000000E+00
3,2,3,1,0,1,legacy-reference-bound,64,64,64, -1.2075000000000000E+00, -1.1875000000000000E+00,  2.0000000000003126E-02,  3.1086244689504383E-15,  0.0000000000000000E+00, -3.8554687500000004E-02,  7.6699999999974011E-04,2,128,0,128,128,0,0,  2.0000000000000000E-02,  2.0000000000000000E-02,  4.2299999999999999E-01,  4.2299999999999999E-01,  0.0000000000000000E+00,  0.0000000000000000E+00
3,2,3,1,0,1,legacy-reference-bound,128,128,128, -1.2075000000000000E+00, -1.1875000000000000E+00,  2.0000000000003126E-02,  3.1086244689504383E-15,  0.0000000000000000E+00, -2.9277343750000000E-02,  1.5179999999999083E-03,2,256,0,256,256,0,0,  2.0000000000000000E-02,  2.0000000000000000E-02,  4.2299999999999999E-01,  4.2299999999999999E-01,  0.0000000000000000E+00,  0.0000000000000000E+00
3,2,3,1,0,1,legacy-reference-bound,256,256,256, -1.2075000000000000E+00, -1.1875000000000000E+00,  2.0000000000003126E-02,  3.1086244689504383E-15,  0.0000000000000000E+00, -2.4638671875000000E-02,  3.0589999999994788E-03,2,512,0,512,512,0,0,  2.0000000000000000E-02,  2.0000000000000000E-02,  4.2299999999999999E-01,  4.2299999999999999E-01,  0.0000000000000000E+00,  0.0000000000000000E+00
3,2,3,1,0,1,legacy-reference-bound,512,512,512, -1.2075000000000000E+00, -1.1875000000000000E+00,  2.0000000000003126E-02,  3.1086244689504383E-15,  0.0000000000000000E+00, -2.2319335937500000E-02,  6.3209999999997990E-03,2,1024,0,1024,1024,0,0,  2.0000000000000000E-02,  2.0000000000000000E-02,  4.2299999999999999E-01,  4.2299999999999999E-01,  0.0000000000000000E+00,  0.0000000000000000E+00
3,2,3,1,0,1,legacy-reference-bound,1024,1024,1024, -1.2075000000000000E+00, -1.1875000000000000E+00,  2.0000000000003126E-02,  3.1086244689504383E-15,  0.0000000000000000E+00, -2.1159667968750000E-02,  1.2445000000000483E-02,2,2048,0,2048,2048,0,0,  2.0000000000000000E-02,  2.0000000000000000E-02,  4.2299999999999999E-01,  4.2299999999999999E-01,  0.0000000000000000E+00,  0.0000000000000000E+00
3,2,3,1,0,1,legacy-reference-bound,2048,2048,2048, -1.2075000000000000E+00, -1.1875000000000000E+00,  2.0000000000003126E-02,  3.1086244689504383E-15,  0.0000000000000000E+00, -2.0579833984375000E-02,  2.4575000000000458E-02,2,4096,0,4096,4096,0,0,  2.0000000000000000E-02,  2.0000000000000000E-02,  4.2299999999999999E-01,  4.2299999999999999E-01,  0.0000000000000000E+00,  0.0000000000000000E+00
3,2,3,1,0,1,legacy-reference-bound,4096,4096,4096, -1.2075000000000000E+00, -1.1875000000000000E+00,  2.0000000000003126E-02,  3.1086244689504383E-15,  0.0000000000000000E+00, -2.0289916992187500E-02,  5.0887999999999600E-02,2,8192,0,8192,8192,0,0,  2.0000000000000000E-02,  2.0000000000000000E-02,  4.2299999999999999E-01,  4.2299999999999999E-01,  0.0000000000000000E+00,  0.0000000000000000E+00
3,2,3,1,0,1,legacy-reference-bound,1,1,1, -1.2075000000000000E+00, -1.1875000000000000E+00,  2.0000000000003126E-02,  3.1086244689504383E-15,  0.0000000000000000E+00, -1.2075000000000000E+00,  2.1999999999522402E-05,3,2,0,2,2,0,0,  2.0000000000000000E-02,  2.0000000000000000E-02,  4.2299999999999999E-01,  4.2299999999999999E-01, -1.0000000000000000E+00, -1.0000000000000000E+00
3,2,3,1,0,1,legacy-reference-bound,2,2,2, -1.2075000000000000E+00, -1.1875000000000000E+00,  2.0000000000003126E-02,  3.1086244689504383E-15,  0.0000000000000000E+00, -6.1375000000000002E-01,  2.9999999999752447E-05,3,4,0,4,4,0,0,  2.0000000000000000E-02,  2.0000000000000000E-02,  4.2299999999999999E-01,  4.2299999999999999E-01,  0.0000000000000000E+00,  0.0000000000000000E+00
3,2,3,1,0,1,legacy-reference-bound,4,4,4, -1.2075000000000000E+00, -1.1875000000000000E+00,  2.0000000000003126E-02,  3.1086244689504383E-15,  0.0000000000000000E+00, -3.1687500000000002E-01,  4.9999999999883471E-05,3,8,0,8,8,0,0,  2.0000000000000000E-02,  2.0000000000000000E-02,  4.2299999999999999E-01,  4.2299999999999999E-01,  0.0000000000000000E+00,  0.0000000000000000E+00
3,2,3,1,0,1,legacy-reference-bound,8,8,8, -1.2075000000000000E+00, -1.1875000000000000E+00,  2.0000000000003126E-02,  3.1086244689504383E-15,  0.0000000000000000E+00, -1.6843749999999999E-01,  9.4999999999956231E-05,3,16,0,16,16,0,0,  2.0000000000000000E-02,  2.0000000000000000E-02,  4.2299999999999999E-01,  4.2299999999999999E-01,  0.0000000000000000E+00,  0.0000000000000000E+00
3,2,3,1,0,1,legacy-reference-bound,16,16,16, -1.2075000000000000E+00, -1.1875000000000000E+00,  2.0000000000003126E-02,  3.1086244689504383E-15,  0.0000000000000000E+00, -9.4218750000000004E-02,  2.0899999999990371E-04,3,32,0,32,32,0,0,  2.0000000000000000E-02,  2.0000000000000000E-02,  4.2299999999999999E-01,  4.2299999999999999E-01,  0.0000000000000000E+00,  0.0000000000000000E+00
3,2,3,1,0,1,legacy-reference-bound,32,32,32, -1.2075000000000000E+00, -1.1875000000000000E+00,  2.0000000000003126E-02,  3.1086244689504383E-15,  0.0000000000000000E+00, -5.7109375000000004E-02,  3.8099999999996470E-04,3,64,0,64,64,0,0,  2.0000000000000000E-02,  2.0000000000000000E-02,  4.2299999999999999E-01,  4.2299999999999999E-01,  0.0000000000000000E+00,  0.0000000000000000E+00
3,2,3,1,0,1,legacy-reference-bound,64,64,64, -1.2075000000000000E+00, -1.1875000000000000E+00,  2.0000000000003126E-02,  3.1086244689504383E-15,  0.0000000000000000E+00, -3.8554687500000004E-02,  7.7799999999950131E-04,3,128,0,128,128,0,0,  2.0000000000000000E-02,  2.0000000000000000E-02,  4.2299999999999999E-01,  4.2299999999999999E-01,  0.0000000000000000E+00,  0.0000000000000000E+00
3,2,3,1,0,1,legacy-reference-bound,128,128,128, -1.2075000000000000E+00, -1.1875000000000000E+00,  2.0000000000003126E-02,  3.1086244689504383E-15,  0.0000000000000000E+00, -2.9277343750000000E-02,  1.6319999999998558E-03,3,256,0,256,256,0,0,  2.0000000000000000E-02,  2.0000000000000000E-02,  4.2299999999999999E-01,  4.2299999999999999E-01,  0.0000000000000000E+00,  0.0000000000000000E+00
3,2,3,1,0,1,legacy-reference-bound,256,256,1376, -1.2002746048012007E+00, -1.1875000000000000E+00,  1.2774604801215617E-02,  1.4876988529977098E-14,  1.8492152253912764E-15,  0.0000000000000000E+00,  1.0966999999999949E-02,3,1622,22,1623,1645,2,1, -4.0744880133556149E+00,  4.1822427895896151E-02,  4.2121986036938919E-01,  4.2299999999999999E-01,  7.2253951987961973E-03,  4.0944880133556145E+00
3,2,3,1,0,1,legacy-reference-bound,512,512,1638, -1.2034844837166607E+00, -1.1875000000000000E+00,  1.5984483716664499E-02,  3.7747582837255322E-15,  1.4560835176480325E-15,  0.0000000000000000E+00,  1.3670999999999545E-02,3,2133,29,2134,2163,2,1, -2.8656296446167540E+00,  1.9919559590293453E-02,  4.2192918387780509E-01,  4.2299999999999999E-01,  3.2098789154459684E-03,  1.2088583687388610E+00
3,2,3,1,0,1,legacy-reference-bound,1024,1024,3249, -1.2039348361476760E+00, -1.1875000000000000E+00,  1.6434836147695364E-02,  1.9317880628477724E-14,  1.8531183532122242E-15,  0.0000000000000000E+00,  2.8300000000000658E-02,3,4366,44,4367,4411,2,1, -2.6685313260911179E+00,  2.8180696617755234E-02,  4.2203410173657208E-01,  4.2299999999999999E-01,  4.5035243103869194E-04,  1.9709831852563608E-01
3,2,3,1,0,1,legacy-reference-bound,2048,2048,6435, -1.2041491985471922E+00, -1.1875000000000000E+00,  1.6649198547206367E-02,  1.4210854715202004E-14,  1.7205746376258713E-15,  0.0000000000000000E+00,  5.5590000000000472E-02,3,8425,72,8426,8498,2,1, -2.5712942842587760E+00,  3.3477715866140415E-02,  4.2208463516476313E-01,  4.2299999999999999E-01,  2.1436239950739511E-04,  9.7237041832341831E-02
3,2,3,1,0,1,legacy-reference-bound,4096,4096,12848, -1.2042519771023161E+00, -1.1875000000000000E+00,  1.6751977102344995E-02,  2.8865798640254070E-14,  2.1326527783332994E-15,  0.0000000000000000E+00,  1.0871799999999965E-01,3,16826,133,16827,16960,2,1, -2.5238014775627473E+00,  3.5654210101371507E-02,  4.2210901437903670E-01,  4.2299999999999999E-01,  1.0277855512691447E-04,  4.7492806696028733E-02
3,5,1,1,0,1,legacy-reference-bound,1,1,5, -6.1577033610379062E-01, -1.3814060080268864E-02,  6.0195627602352175E-01,  0.0000000000000000E+00,  5.6378512969246231E-16, -6.1577033610379062E-01,  7.0000000000014495E-05,1,6,0,6,6,0,0, -1.2299999997834382E+02,  6.2182069883811519E-01,  3.0672347318923410E-01,  4.2299999999999999E-01, -1.0000000000000000E+00, -1.0000000000000000E+00
3,5,1,1,0,1,legacy-reference-bound,2,2,10, -9.6559134526440682E-01, -1.3814059841525173E-02,  9.5177728542288165E-01,  0.0000000000000000E+00,  9.9139446652074525E-16, -4.9025790906954170E-01,  1.1900000000064637E-04,1,12,0,12,12,0,0, -1.2299999999990044E+02,  2.6929802906344180E-01,  3.0672347317441340E-01,  4.2299999999999999E-01,  3.5104297582974842E-01,  5.4628689357404056E+01
3,5,1,1,0,1,legacy-reference-bound,4,4,70, -1.4292182482824916E+00, -1.3814059840853488E-02,  1.4154041884416415E+00,  3.4416913763379853E-15,  5.1247200927306835E-14, -4.0821115934742452E-01,  7.2000000000027597E-04,1,74,0,74,74,0,0, -1.2299999999999989E+02, -1.5918718588627367E-01,  3.0672347317434501E-01,  4.2298394169696196E-01,  4.6420909371290603E-01,  6.2857690580824780E+01
3,5,1,1,0,1,legacy-reference-bound,8,8,120, -1.8423908587268290E+00, -1.3814059840941695E-02,  1.8285767988858908E+00,  3.4972025275692431E-15,  1.5603837666411380E-14, -3.5511776396822670E-01,  1.2290000000003687E-03,1,128,0,128,128,0,0, -1.2300000000000001E+02, -2.8851001708706719E-01,  3.0672347317434490E-01,  4.2296185777961948E-01,  4.1463756924258854E-01,  5.4646391228920436E+01
3,5,1,1,0,1,legacy-reference-bound,16,16,232, -2.0774658891843809E+00, -1.3814059840999426E-02,  2.0636518293433852E+00,  3.7192471324942744E-15,  1.2792718273590964E-14, -3.1841444655005247E-01,  2.7900000000000702E-03,1,248,0,248,248,0,0, -1.2300000000000001E+02, -2.8041417304358146E-01,  3.0672347317434490E-01,  4.2296340477545835E-01,  2.3507590327386585E-01,  3.1947384776722814E+01
3,5,1,1,0,1,legacy-reference-bound,32,32,454, -2.2017247219435543E+00, -1.3814059841005012E-02,  2.1879106621025528E+00,  3.5318969970887792E-15,  1.2314368275090359E-14, -2.8426962503224157E-01,  4.8560000000001935E-03,1,486,0,486,486,0,0, -1.2300000000000001E+02, -2.6820922924627016E-01,  3.0672347317434490E-01,  4.2296569873930878E-01,  1.2425918964458688E-01,  1.6003840411468047E+01
3,5,1,1,0,1,legacy-reference-bound,64,64,856, -2.2670721918562289E+00, -1.3814059841006355E-02,  2.2532581320152261E+00,  3.5423053379446401E-15,  1.1524852253086415E-14, -2.3934760739419964E-01,  9.0899999999995984E-03,1,920,0,920,920,0,0, -1.2300000000000000E+02, -2.6011502647748458E-01,  3.0672347317434490E-01,  4.2296719424579909E-01,  6.5347614263880083E-02,  8.1179624373250476E+00
3,5,1,1,0,1,legacy-reference-bound,128,128,1600, -2.3012741500403817E+00, -1.3814059841018373E-02,  2.2874600901993674E+00,  4.0141501234103316E-15,  1.0074298166518059E-14, -1.8300877201453405E-01,  1.8094000000000499E-02,1,1728,0,1728,1728,0,0, -1.2300000000000000E+02, -2.5534760885285246E-01,  3.0672347317434490E-01,  4.2296806528075981E-01,  3.4202002742280413E-02,  3.8699802427367871E+00
3,5,1,1,0,1,legacy-reference-bound,256,256,2962, -2.3189967454637541E+00, -1.3814059841004728E-02,  2.3051826856227535E+00,  4.1355807667287081E-15,  3.5369385371908368E-15, -1.2670500569860735E-01,  3.2615999999999978E-02,1,3218,0,3218,3218,0,0, -1.2300000000000000E+02, -2.5269824572501787E-01,  3.0672347317434490E-01,  4.2296854615795254E-01,  1.7722614672716908E-02,  2.0447024710858699E+00
3,5,1,1,0,1,legacy-reference-bound,512,512,5394, -2.3280809730958940E+00, -1.3814059841023178E-02,  2.3142669132548761E+00,  5.2666204730655863E-15,  4.5015261049968780E-15, -8.0182754747878476E-02,  5.9280999999999473E-02,1,5906,0,5906,5906,0,0, -1.2300000000000000E+02, -2.5128173216072386E-01,  3.0672347317434490E-01,  4.2296880232762513E-01,  9.0842362623230755E-03,  1.0605629599031801E+00
3,5,1,1,0,1,legacy-reference-bound,1024,1024,9684, -2.3326957515014435E+00, -1.3814059840960470E-02,  2.3188816916604864E+00,  3.3983232894385651E-15,  2.5049813568919777E-15, -4.6969069427893882E-02,  1.0888199999999948E-01,1,10708,0,10708,10708,0,0, -1.2300000000000014E+02, -2.5054395538148622E-01,  3.0672347317434479E-01,  4.2296893549151982E-01,  4.6147823761941154E-03,  5.4093919740566321E-01
3,5,1,1,0,1,legacy-reference-bound,2048,2048,17082, -2.3350248042276127E+00, -1.3814059840990534E-02,  2.3212107443866259E+00,  3.7088387916384136E-15,  1.8696185550247379E-15, -2.5898454019469282E-02,  1.9555000000000078E-01,1,19130,0,19130,19130,0,0, -1.2300000000000000E+02, -2.5016631250501015E-01,  3.0672347317434490E-01,  4.2296900358469613E-01,  2.3290546050191985E-03,  2.7341293448363047E-01
3,5,1,1,0,1,legacy-reference-bound,4096,4096,29795, -2.3361953503998678E+00, -1.3814059840927498E-02,  2.3223812905589512E+00,  1.0838552277903091E-14,  2.1750823527271618E-15, -1.3695567560400945E-02,  3.4669700000000070E-01,1,33891,0,33891,33891,0,0, -1.2300000000000000E+02, -2.4997506347023596E-01,  3.0672347317434490E-01,  4.2296903805119390E-01,  1.1705470815298602E-03,  1.3749446869996973E-01
3,5,1,1,0,1,legacy-reference-bound,1,1,5, -6.3577033610379063E-01, -1.3814060080268864E-02,  6.2195627602352133E-01, -4.4408920985006262E-16,  5.6378512969246231E-16, -6.3577033610379063E-01,  6.6999999999595161E-05,2,6,0,6,6,0,0, -1.2299999997834382E+02,  6.2182069883811519E-01,  3.0672347318923410E-01,  4.2299999999999999E-01, -1.0000000000000000E+00, -1.0000000000000000E+00
3,5,1,1,0,1,legacy-reference-bound,2,2,10, -9.8559134526440684E-01, -1.3814059841525173E-02,  9.7177728542288122E-01, -4.4408920985006262E-16,  9.9139446652074525E-16, -5.1025790906954172E-01,  1.3199999999891077E-04,2,12,0,12,12,0,0, -1.2299999999990044E+02,  2.6929802906344180E-01,  3.0672347317441340E-01,  4.2299999999999999E-01,  3.5104297582974842E-01,  5.4628689357404056E+01
3,5,1,1,0,1,legacy-reference-bound,4,4,70, -1.4492182482824916E+00, -1.3814059840853488E-02,  1.4354041884416411E+00,  2.9976021664879227E-15,  5.1247200927306835E-14, -4.2821115934742454E-01,  7.0600000000098362E-04,2,74,0,74,74,0,0, -1.2299999999999989E+02, -1.5918718588627367E-01,  3.0672347317434501E-01,  4.2298394169696196E-01,  4.6420909371290603E-01,  6.2857690580824780E+01
3,5,1,1,0,1,legacy-reference-bound,8,8,120, -1.8623908587268290E+00, -1.3814059840941695E-02,  1.8485767988858903E+00,  3.0531133177191805E-15,  1.5603837666411380E-14, -3.7511776396822671E-01,  1.2679999999996028E-03,2,128,0,128,128,0,0, -1.2300000000000001E+02, -2.8851001708706719E-01,  3.0672347317434490E-01,  4.2296185777961948E-01,  4.1463756924258854E-01,  5.4646391228920436E+01
3,5,1,1,0,1,legacy-reference-bound,16,16,232, -2.0974658891843809E+00, -1.3814059840999426E-02,  2.0836518293433848E+00,  3.2751579226442118E-15,  1.2792718273590964E-14, -3.3841444655005248E-01,  2.3879999999998347E-03,2,248,0,248,248,0,0, -1.2300000000000001E+02, -2.8041417304358146E-01,  3.0672347317434490E-01,  4.2296340477545835E-01,  2.3507590327386585E-01,  3.1947384776722814E+01
3,5,1,1,0,1,legacy-reference-bound,32,32,454, -2.2217247219435543E+00, -1.3814059841005012E-02,  2.2079106621025524E+00,  3.0878077872387166E-15,  1.2314368275090359E-14, -3.0426962503224159E-01,  4.7329999999998762E-03,2,486,0,486,486,0,0, -1.2300000000000001E+02, -2.6820922924627016E-01,  3.0672347317434490E-01,  4.2296569873930878E-01,  1.2425918964458688E-01,  1.6003840411468047E+01
3,5,1,1,0,1,legacy-reference-bound,64,64,856, -2.2870721918562285E+00, -1.3814059841006355E-02,  2.2732581320152256E+00,  3.5423053379446401E-15,  1.1524852253086415E-14, -2.5934760739419965E-01,  8.9680000000011972E-03,2,920,0,920,920,0,0, -1.2300000000000000E+02, -2.6011502647748458E-01,  3.0672347317434490E-01,  4.2296719424579909E-01,  6.5347614263880083E-02,  8.1179624373250476E+00
3,5,1,1,0,1,legacy-reference-bound,128,128,1600, -2.3212741500403813E+00, -1.3814059841018373E-02,  2.3074600901993669E+00,  4.0141501234103316E-15,  1.0074298166518059E-14, -2.0300877201453404E-01,  1.6792999999999836E-02,2,1728,0,1728,1728,0,0, -1.2300000000000000E+02, -2.5534760885285246E-01,  3.0672347317434490E-01,  4.2296806528075981E-01,  3.4202002742280413E-02,  3.8699802427367871E+00
3,5,1,1,0,1,legacy-reference-bound,256,256,2962, -2.3389967454637541E+00, -1.3814059841004728E-02,  2.3251826856227531E+00,  3.6914915568786455E-15,  3.5369385371908368E-15, -1.4670500569860734E-01,  3.1722999999999502E-02,2,3218,0,3218,3218,0,0, -1.2300000000000000E+02, -2.5269824572501787E-01,  3.0672347317434490E-01,  4.2296854615795254E-01,  1.7722614672716908E-02,  2.0447024710858699E+00
3,5,1,1,0,1,legacy-reference-bound,512,512,5394, -2.3480809730958945E+00, -1.3814059841023178E-02,  2.3342669132548757E+00,  4.3784420533654611E-15,  4.5015261049968780E-15, -1.0018275474787848E-01,  5.9409999999999741E-02,2,5906,0,5906,5906,0,0, -1.2300000000000000E+02, -2.5128173216072386E-01,  3.0672347317434490E-01,  4.2296880232762513E-01,  9.0842362623230755E-03,  1.0605629599031801E+00
3,5,1,1,0,1,legacy-reference-bound,1024,1024,9684, -2.3526957515014439E+00, -1.3814059840960470E-02,  2.3388816916604860E+00,  2.5101448697384399E-15,  2.5049813568919777E-15, -6.6969069427893879E-02,  1.1113899999999965E-01,2,10708,0,10708,10708,0,0, -1.2300000000000014E+02, -2.5054395538148622E-01,  3.0672347317434479E-01,  4.2296893549151982E-01,  4.6147823761941154E-03,  5.4093919740566321E-01
3,5,1,1,0,1,legacy-reference-bound,2048,2048,17082, -2.3550248042276141E+00, -1.3814059840990534E-02,  2.3412107443866255E+00,  1.9324819522381631E-15,  1.8696185550247379E-15, -4.5898454019469279E-02,  1.9714999999999883E-01,2,19130,0,19130,19130,0,0, -1.2300000000000000E+02, -2.5016631250501015E-01,  3.0672347317434490E-01,  4.2296900358469613E-01,  2.3290546050191985E-03,  2.7341293448363047E-01
3,5,1,1,0,1,legacy-reference-bound,4096,4096,29795, -2.3561953503998674E+00, -1.3814059840927498E-02,  2.3423812905589507E+00,  1.0838552277903091E-14,  2.1750823527271618E-15, -3.3695567560400944E-02,  3.5708200000000012E-01,2,33891,0,33891,33891,0,0, -1.2300000000000000E+02, -2.4997506347023596E-01,  3.0672347317434490E-01,  4.2296903805119390E-01,  1.1705470815298602E-03,  1.3749446869996973E-01
3,5,1,1,0,1,legacy-reference-bound,1,1,5, -6.3577033610379063E-01, -1.3814060080268864E-02,  6.2195627602352133E-01, -4.4408920985006262E-16,  5.6378512969246231E-16, -6.3577033610379063E-01,  6.8000000000623118E-05,3,6,0,6,6,0,0, -1.2299999997834382E+02,  6.2182069883811519E-01,  3.0672347318923410E-01,  4.2299999999999999E-01, -1.0000000000000000E+00, -1.0000000000000000E+00
3,5,1,1,0,1,legacy-reference-bound,2,2,10, -9.8559134526440684E-01, -1.3814059841525173E-02,  9.7177728542288122E-01, -4.4408920985006262E-16,  9.9139446652074525E-16, -5.1025790906954172E-01,  1.1899999999975819E-04,3,12,0,12,12,0,0, -1.2299999999990044E+02,  2.6929802906344180E-01,  3.0672347317441340E-01,  4.2299999999999999E-01,  3.5104297582974842E-01,  5.4628689357404056E+01
3,5,1,1,0,1,legacy-reference-bound,4,4,70, -1.4492182482824916E+00, -1.3814059840853488E-02,  1.4354041884416411E+00,  2.9976021664879227E-15,  5.1247200927306835E-14, -4.2821115934742454E-01,  7.1600000000060504E-04,3,74,0,74,74,0,0, -1.2299999999999989E+02, -1.5918718588627367E-01,  3.0672347317434501E-01,  4.2298394169696196E-01,  4.6420909371290603E-01,  6.2857690580824780E+01
3,5,1,1,0,1,legacy-reference-bound,8,8,120, -1.8623908587268290E+00, -1.3814059840941695E-02,  1.8485767988858903E+00,  3.0531133177191805E-15,  1.5603837666411380E-14, -3.7511776396822671E-01,  1.2460000000000804E-03,3,128,0,128,128,0,0, -1.2300000000000001E+02, -2.8851001708706719E-01,  3.0672347317434490E-01,  4.2296185777961948E-01,  4.1463756924258854E-01,  5.4646391228920436E+01
3,5,1,1,0,1,legacy-reference-bound,16,16,232, -2.0974658891843809E+00, -1.3814059840999426E-02,  2.0836518293433848E+00,  3.2751579226442118E-15,  1.2792718273590964E-14, -3.3841444655005248E-01,  2.3979999999994561E-03,3,248,0,248,248,0,0, -1.2300000000000001E+02, -2.8041417304358146E-01,  3.0672347317434490E-01,  4.2296340477545835E-01,  2.3507590327386585E-01,  3.1947384776722814E+01
3,5,1,1,0,1,legacy-reference-bound,32,32,454, -2.2217247219435543E+00, -1.3814059841005012E-02,  2.2079106621025524E+00,  3.0878077872387166E-15,  1.2314368275090359E-14, -3.0426962503224159E-01,  4.7179999999986677E-03,3,486,0,486,486,0,0, -1.2300000000000001E+02, -2.6820922924627016E-01,  3.0672347317434490E-01,  4.2296569873930878E-01,  1.2425918964458688E-01,  1.6003840411468047E+01
3,5,1,1,0,1,legacy-reference-bound,64,64,856, -2.2870721918562285E+00, -1.3814059841006355E-02,  2.2732581320152256E+00,  3.5423053379446401E-15,  1.1524852253086415E-14, -2.5934760739419965E-01,  9.2340000000010747E-03,3,920,0,920,920,0,0, -1.2300000000000000E+02, -2.6011502647748458E-01,  3.0672347317434490E-01,  4.2296719424579909E-01,  6.5347614263880083E-02,  8.1179624373250476E+00
3,5,1,1,0,1,legacy-reference-bound,128,128,1600, -2.3212741500403813E+00, -1.3814059841018373E-02,  2.3074600901993669E+00,  4.0141501234103316E-15,  1.0074298166518059E-14, -2.0300877201453404E-01,  1.7329999999999401E-02,3,1728,0,1728,1728,0,0, -1.2300000000000000E+02, -2.5534760885285246E-01,  3.0672347317434490E-01,  4.2296806528075981E-01,  3.4202002742280413E-02,  3.8699802427367871E+00
3,5,1,1,0,1,legacy-reference-bound,256,256,2954, -2.3338084271880835E+00, -1.3814059841032695E-02,  2.3199943673470536E+00,  2.7929047963226594E-15,  3.5589478412922926E-15,  0.0000000000000000E+00,  3.1945000000000334E-02,3,3206,4,3206,3210,0,1, -1.2300000000000000E+02, -2.5487129512282936E-01,  3.0672347317434490E-01,  4.2296815190286796E-01,  1.2534704261573937E-02,  1.5085775157208730E+00
3,5,1,1,0,1,legacy-reference-bound,512,512,5378, -2.3428951709252113E+00, -1.3814059841028129E-02,  2.3290811110841894E+00,  6.2207183848528302E-15,  4.4911177641410172E-15,  0.0000000000000000E+00,  5.8965000000000600E-02,3,5882,8,5882,5890,0,1, -1.2300000000000000E+02, -2.5344345459102979E-01,  3.0672347317434490E-01,  4.2296841112805139E-01,  9.0867522197241035E-03,  1.0565802625213365E+00
3,5,1,1,0,1,legacy-reference-bound,1024,1024,9649, -2.3475112983139721E+00, -1.3814059840959458E-02,  2.3336972384730181E+00,  5.4956039718945249E-15,  2.3707571279382722E-15,  0.0000000000000000E+00,  1.1022199999999849E-01,3,10657,16,10657,10673,0,1, -1.2300000000000000E+02, -2.5269980992602892E-01,  3.0672347317434490E-01,  4.2296854587471278E-01,  4.6161313017434313E-03,  5.3926420848546286E-01
3,5,1,1,0,1,legacy-reference-bound,2048,2048,17039, -2.3498410525706599E+00, -1.3814059841002401E-02,  2.3360269927296677E+00,  1.0247011572595000E-14,  1.9751114264075775E-15,  0.0000000000000000E+00,  1.9530099999999884E-01,3,19055,32,19055,19087,0,1, -1.2300000000000000E+02, -2.5231917285575406E-01,  3.0672347317434490E-01,  4.2296861477558378E-01,  2.3297561117738286E-03,  2.7265656698628504E-01
3,5,1,1,0,1,legacy-reference-bound,4096,4096,29708, -2.3510119570487098E+00, -1.3814059840896568E-02,  2.3371978972078189E+00,  5.6656068725402520E-15,  2.1397712432220245E-15,  0.0000000000000000E+00,  3.3905099999999955E-01,3,33740,64,33740,33804,0,1, -1.2300000000000009E+02, -2.5212641004988928E-01,  3.0672347317434490E-01,  4.2296864965045644E-01,  1.1709053769165534E-03,  1.3713683656601461E-01
3,5,2,1,0,1,legacy-reference-bound,1,1,5, -6.2881089680833868E-01, -4.3631665367375605E-01,  1.9249424313458263E-01,  0.0000000000000000E+00,  5.5511151231257827E-17, -6.2881089680833868E-01,  6.7999999998846761E-05,1,6,0,6,6,0,0, -9.9856265317596336E+00,  6.0809379283332765E-01,  4.1660309408454532E-01,  4.2299999999999999E-01, -1.0000000000000000E+00, -1.0000000000000000E+00
3,5,2,1,0,1,legacy-reference-bound,2,2,11, -7.2599723165143515E-01, -4.3616922541618114E-01,  2.8982800623525407E-01,  5.5511151231257827E-17,  3.3306690738754696E-16, -3.5670043557905617E-01,  1.2500000000059686E-04,1,13,0,13,13,0,0, -9.9754620354227335E+00,  1.4655652619814625E+00,  4.1661224518918394E-01,  4.2299999999999999E-01,  9.7333763100648507E-02,  4.5620313541469315E+00
3,5,2,1,0,1,legacy-reference-bound,4,4,22, -8.5599538176712797E-01, -4.3775312388387061E-01,  4.1824225788325720E-01, -1.6653345369377348E-16,  5.6898930012039273E-16, -2.0900731711188764E-01,  2.3399999999895726E-04,1,26,0,26,26,0,0, -9.9441272058177947E+00,  5.9532555693040115E+00,  4.1664043500268810E-01,  4.2299999999999999E-01,  1.2841425164802009E-01,  9.5462553159999857E+00
3,5,2,1,0,1,legacy-reference-bound,8,8,48, -9.9591081087787692E-01, -4.4764868372705613E-01,  5.4826212715082079E-01,  0.0000000000000000E+00,  1.1796119636642288E-15, -1.2693830670606410E-01,  5.5300000000002569E-04,1,56,0,56,56,0,0, -9.7498771145350975E+00,  6.0610998389008213E+00,  4.1681447655183934E-01,  4.2299999999999999E-01,  1.3001986926755069E-01,  1.1953320183557782E+01
3,5,2,1,0,1,legacy-reference-bound,16,16,109, -1.1082414160365932E+00, -4.9407509155008211E-01,  6.1416632448651143E-01,  3.3306690738754696E-16,  1.2385925618474403E-15, -7.9826740481881348E-02,  1.0809999999992215E-03,1,125,0,125,125,0,0, -8.6806437340523033E+00,  1.3399340853537076E+00,  4.1774950914361564E-01,  4.2299999999999999E-01,  6.5904197335709402E-02,  7.7074187573612782E+00
3,5,2,1,0,1,legacy-reference-bound,32,32,215, -1.1736028469582676E+00, -5.5554055786055978E-01,  6.1806228909770766E-01, -1.1102230246251565E-16,  5.3776427755281020E-15, -5.1965877701510503E-02,  2.0030000000001991E-03,1,247,0,247,247,0,0, -8.2029292472961988E+00,  8.3566407360132489E-02,  4.1815391135736135E-01,  4.2299999999999999E-01,  4.4717611141066593E-03,  1.2563676779935751E+00
3,5,2,1,0,1,legacy-reference-bound,64,64,415, -1.2034683180129215E+00, -5.8505489337552563E-01,  6.1841342463739579E-01, -1.1102230246251565E-16,  1.7008963681952594E-15, -3.4877431262563513E-02,  3.9539999999984587E-03,1,479,0,479,479,0,0, -8.1643251410434488E+00,  1.9728654816331962E-02,  4.1818621021392655E-01,  4.2299999999999999E-01,  4.2715462776121704E-04,  8.2980365768988040E-02
3,5,2,1,0,1,legacy-reference-bound,128,128,770, -1.2142762321730840E+00, -5.9586283119126926E-01,  6.1841340098181519E-01,  4.4408920985006262E-16,  2.6827498555981322E-15, -2.3757049598610601E-02,  8.0360000000005982E-03,1,1019,0,1019,1019,0,0, -8.1641583755102509E+00,  1.9727912745918719E-02,  4.1818634961559487E-01,  4.2299999999999999E-01,  1.1671923896838798E-06,  2.3880056600056321E-04
3,5,2,1,0,1,legacy-reference-bound,256,256,1548, -1.2185763784240258E+00, -6.0016260738446947E-01,  6.1841377103955608E-01, -2.2204460492503131E-16,  7.0737686541644251E-15, -1.5895272550944594E-02,  1.5817999999999444E-02,1,1938,0,1938,1938,0,0, -8.1640728326769363E+00,  1.9727372130585518E-02,  4.1818642112163862E-01,  4.2299999999999999E-01,  5.4437338498081189E-07,  1.2265324362825680E-04
3,5,2,1,0,1,legacy-reference-bound,512,512,2996, -1.2205056888945047E+00, -6.0209157223564247E-01,  6.1841411665886170E-01, -5.5511151231257827E-16,  2.5950378998440549E-15, -1.0030670360221662E-02,  3.0958000000000041E-02,1,3614,0,3614,3614,0,0, -8.1640218148772963E+00,  1.9727129225003401E-02,  4.1818646376775226E-01,  4.2299999999999999E-01,  3.6973050510091809E-07,  8.6708092689846694E-05
3,5,2,1,0,1,legacy-reference-bound,1024,1024,5495, -1.2216600054353950E+00, -6.0324564317444418E-01,  6.1841436226094970E-01, -1.1102230246251565E-15,  3.1172980863303223E-15, -5.8632828767569770E-03,  5.4633000000000820E-02,1,6637,0,6637,6637,0,0, -8.1639914921465220E+00,  1.9727036166674556E-02,  4.1818648911467393E-01,  4.2299999999999999E-01,  2.4864616504638448E-07,  5.5393307592410679E-05
3,5,2,1,0,1,legacy-reference-bound,2048,2048,10328, -1.2222359133455820E+00, -6.0382140021369579E-01,  6.1841451313188855E-01,  2.3314683517128287E-15,  2.5397435890472941E-15, -3.2140512064502101E-03,  1.0655500000000018E-01,1,12481,0,12481,12481,0,0, -8.1639743242141076E+00,  1.9727002474567445E-02,  4.1818650346541819E-01,  4.2299999999999999E-01,  1.5117800872266329E-07,  3.2436037717964439E-05
3,5,2,1,0,1,legacy-reference-bound,4096,4096,19900, -1.2225652244772627E+00, -6.0415060386640573E-01,  6.1841462061085650E-01, -4.4408920985006262E-16,  2.5777177701385989E-15, -1.6895615699657467E-03,  2.2408300000000025E-01,1,24002,0,24002,24002,0,0, -8.1639630749347578E+00,  1.9726997822755204E-02,  4.1818651286873010E-01,  4.2299999999999999E-01,  1.0747897405405382E-07,  2.1990423356044175E-05
3,5,2,1,0,1,legacy-reference-bound,1,1,5, -6.4881089680833870E-01, -4.3631665367375605E-01,  2.1249424313458576E-01,  3.1086244689504383E-15,  5.5511151231257827E-17, -6.4881089680833870E-01,  6.7999999998846761E-05,2,6,0,6,6,0,0, -9.9856265317596336E+00,  6.0809379283332765E-01,  4.1660309408454532E-01,  4.2299999999999999E-01, -1.0000000000000000E+00, -1.0000000000000000E+00
3,5,2,1,0,1,legacy-reference-bound,2,2,11, -7.4599723165143517E-01, -4.3616922541618114E-01,  3.0982800623525719E-01,  3.1641356201816961E-15,  3.3306690738754696E-16, -3.7670043557905619E-01,  1.4000000000002899E-04,2,13,0,13,13,0,0, -9.9754620354227335E+00,  1.4655652619814625E+00,  4.1661224518918394E-01,  4.2299999999999999E-01,  9.7333763100648507E-02,  4.5620313541469315E+00
3,5,2,1,0,1,legacy-reference-bound,4,4,22, -8.7599538176712777E-01, -4.3775312388387061E-01,  4.3824225788326032E-01,  3.1641356201816961E-15,  5.6898930012039273E-16, -2.2900731711188763E-01,  2.3700000000026478E-04,2,26,0,26,26,0,0, -9.9441272058177947E+00,  5.9532555693040115E+00,  4.1664043500268810E-01,  4.2299999999999999E-01,  1.2841425164802009E-01,  9.5462553159999857E+00
3,5,2,1,0,1,legacy-reference-bound,8,8,48, -1.0159108108778769E+00, -4.4764868372705613E-01,  5.6826212715082391E-01,  3.1086244689504383E-15,  1.1796119636642288E-15, -1.4693830670606409E-01,  4.6899999999894249E-04,2,56,0,56,56,0,0, -9.7498771145350975E+00,  6.0610998389008213E+00,  4.1681447655183934E-01,  4.2299999999999999E-01,  1.3001986926755069E-01,  1.1953320183557782E+01
3,5,2,1,0,1,legacy-reference-bound,16,16,109, -1.1282414160365932E+00, -4.9407509155008211E-01,  6.3416632448651455E-01,  3.4416913763379853E-15,  1.2385925618474403E-15, -9.9826740481881351E-02,  1.0499999999993292E-03,2,125,0,125,125,0,0, -8.6806437340523033E+00,  1.3399340853537076E+00,  4.1774950914361564E-01,  4.2299999999999999E-01,  6.5904197335709402E-02,  7.7074187573612782E+00
3,5,2,1,0,1,legacy-reference-bound,32,32,215, -1.1936028469582676E+00, -5.5554055786055978E-01,  6.3806228909771079E-01,  2.9976021664879227E-15,  5.3776427755281020E-15, -7.1965877701510500E-02,  1.9969999999993604E-03,2,247,0,247,247,0,0, -8.2029292472961988E+00,  8.3566407360132489E-02,  4.1815391135736135E-01,  4.2299999999999999E-01,  4.4717611141066593E-03,  1.2563676779935751E+00
3,5,2,1,0,1,legacy-reference-bound,64,64,415, -1.2234683180129216E+00, -5.8505489337552563E-01,  6.3841342463739892E-01,  2.9976021664879227E-15,  1.7008963681952594E-15, -5.4877431262563517E-02,  4.1010000000003544E-03,2,479,0,479,479,0,0, -8.1643251410434488E+00,  1.9728654816331962E-02,  4.1818621021392655E-01,  4.2299999999999999E-01,  4.2715462776121704E-04,  8.2980365768988040E-02
3,5,2,1,0,1,legacy-reference-bound,128,128,770, -1.2342762321730840E+00, -5.9586283119126926E-01,  6.3841340098181831E-01,  3.5527136788005009E-15,  2.6827498555981322E-15, -4.3757049598610598E-02,  8.1690000000005369E-03,2,1019,0,1019,1019,0,0, -8.1641583755102509E+00,  1.9727912745918719E-02,  4.1818634961559487E-01,  4.2299999999999999E-01,  1.1671923896838798E-06,  2.3880056600056321E-04
3,5,2,1,0,1,legacy-reference-bound,256,256,1548, -1.2385763784240256E+00, -6.0016260738446947E-01,  6.3841377103955921E-01,  3.1086244689504383E-15,  7.0737686541644251E-15, -3.5895272550944594E-02,  1.5347000000000222E-02,2,1938,0,1938,1938,0,0, -8.1640728326769363E+00,  1.9727372130585518E-02,  4.1818642112163862E-01,  4.2299999999999999E-01,  5.4437338498081189E-07,  1.2265324362825680E-04
3,5,2,1,0,1,legacy-reference-bound,512,512,2996, -1.2405056888945047E+00, -6.0209157223564247E-01,  6.3841411665886483E-01,  2.5535129566378600E-15,  2.5950378998440549E-15, -3.0030670360221660E-02,  3.0191000000000301E-02,2,3614,0,3614,3614,0,0, -8.1640218148772963E+00,  1.9727129225003401E-02,  4.1818646376775226E-01,  4.2299999999999999E-01,  3.6973050510091809E-07,  8.6708092689846694E-05
3,5,2,1,0,1,legacy-reference-bound,1024,1024,5495, -1.2416600054353948E+00, -6.0324564317444418E-01,  6.3841436226095283E-01,  2.2204460492503131E-15,  3.1172980863303223E-15, -2.5863282876756977E-02,  5.5616000000000554E-02,2,6637,0,6637,6637,0,0, -8.1639914921465220E+00,  1.9727036166674556E-02,  4.1818648911467393E-01,  4.2299999999999999E-01,  2.4864616504638448E-07,  5.5393307592410679E-05
3,5,2,1,0,1,legacy-reference-bound,2048,2048,10328, -1.2422359133455811E+00, -6.0382140021369579E-01,  6.3841451313189168E-01,  6.3282712403633923E-15,  2.5397435890472941E-15, -2.3214051206450211E-02,  1.0351200000000027E-01,2,12481,0,12481,12481,0,0, -8.1639743242141076E+00,  1.9727002474567445E-02,  4.1818650346541819E-01,  4.2299999999999999E-01,  1.5117800872266329E-07,  3.2436037717964439E-05
3,5,2,1,0,1,legacy-reference-bound,4096,4096,19900, -1.2425652244772631E+00, -6.0415060386640573E-01,  6.3841462061085963E-01,  2.2204460492503131E-15,  2.5777177701385989E-15, -2.1689561569965748E-02,  2.1532200000000046E-01,2,24002,0,24002,24002,0,0, -8.1639630749347578E+00,  1.9726997822755204E-02,  4.1818651286873010E-01,  4.2299999999999999E-01,  1.0747897405405382E-07,  2.1990423356044175E-05
3,5,2,1,0,1,legacy-reference-bound,1,1,5, -6.4881089680833870E-01, -4.3631665367375605E-01,  2.1249424313458576E-01,  3.1086244689504383E-15,  5.5511151231257827E-17, -6.4881089680833870E-01,  6.8999999999874717E-05,3,6,0,6,6,0,0, -9.9856265317596336E+00,  6.0809379283332765E-01,  4.1660309408454532E-01,  4.2299999999999999E-01, -1.0000000000000000E+00, -1.0000000000000000E+00
3,5,2,1,0,1,legacy-reference-bound,2,2,11, -7.4599723165143517E-01, -4.3616922541618114E-01,  3.0982800623525719E-01,  3.1641356201816961E-15,  3.3306690738754696E-16, -3.7670043557905619E-01,  1.2500000000059686E-04,3,13,0,13,13,0,0, -9.9754620354227335E+00,  1.4655652619814625E+00,  4.1661224518918394E-01,  4.2299999999999999E-01,  9.7333763100648507E-02,  4.5620313541469315E+00
3,5,2,1,0,1,legacy-reference-bound,4,4,22, -8.7599538176712777E-01, -4.3775312388387061E-01,  4.3824225788326032E-01,  3.1641356201816961E-15,  5.6898930012039273E-16, -2.2900731711188763E-01,  2.3599999999923682E-04,3,26,0,26,26,0,0, -9.9441272058177947E+00,  5.9532555693040115E+00,  4.1664043500268810E-01,  4.2299999999999999E-01,  1.2841425164802009E-01,  9.5462553159999857E+00
3,5,2,1,0,1,legacy-reference-bound,8,8,48, -1.0159108108778769E+00, -4.4764868372705613E-01,  5.6826212715082391E-01,  3.1086244689504383E-15,  1.1796119636642288E-15, -1.4693830670606409E-01,  4.8499999999940258E-04,3,56,0,56,56,0,0, -9.7498771145350975E+00,  6.0610998389008213E+00,  4.1681447655183934E-01,  4.2299999999999999E-01,  1.3001986926755069E-01,  1.1953320183557782E+01
3,5,2,1,0,1,legacy-reference-bound,16,16,109, -1.1282414160365932E+00, -4.9407509155008211E-01,  6.3416632448651455E-01,  3.4416913763379853E-15,  1.2385925618474403E-15, -9.9826740481881351E-02,  1.0490000000000776E-03,3,125,0,125,125,0,0, -8.6806437340523033E+00,  1.3399340853537076E+00,  4.1774950914361564E-01,  4.2299999999999999E-01,  6.5904197335709402E-02,  7.7074187573612782E+00
3,5,2,1,0,1,legacy-reference-bound,32,32,215, -1.1936028469582676E+00, -5.5554055786055978E-01,  6.3806228909771079E-01,  2.9976021664879227E-15,  5.3776427755281020E-15, -7.1965877701510500E-02,  1.9920000000013260E-03,3,247,0,247,247,0,0, -8.2029292472961988E+00,  8.3566407360132489E-02,  4.1815391135736135E-01,  4.2299999999999999E-01,  4.4717611141066593E-03,  1.2563676779935751E+00
3,5,2,1,0,1,legacy-reference-bound,64,64,415, -1.2234683180129216E+00, -5.8505489337552563E-01,  6.3841342463739892E-01,  2.9976021664879227E-15,  1.7008963681952594E-15, -5.4877431262563517E-02,  3.9049999999996032E-03,3,479,0,479,479,0,0, -8.1643251410434488E+00,  1.9728654816331962E-02,  4.1818621021392655E-01,  4.2299999999999999E-01,  4.2715462776121704E-04,  8.2980365768988040E-02
3,5,2,1,0,1,legacy-reference-bound,128,128,770, -1.2342762321730840E+00, -5.9586283119126926E-01,  6.3841340098181831E-01,  3.5527136788005009E-15,  2.6827498555981322E-15, -4.3757049598610598E-02,  8.2249999999994827E-03,3,1019,0,1019,1019,0,0, -8.1641583755102509E+00,  1.9727912745918719E-02,  4.1818634961559487E-01,  4.2299999999999999E-01,  1.1671923896838798E-06,  2.3880056600056321E-04
3,5,2,1,0,1,legacy-reference-bound,256,256,1547, -1.2352901316471017E+00, -5.9687739485327207E-01,  6.3841273679383193E-01,  2.3314683517128287E-15,  2.1272046624165597E-15,  0.0000000000000000E+00,  1.5133999999999759E-02,3,1855,5,1855,1860,0,1, -8.1641692417853253E+00,  1.9727139404417369E-02,  4.1818634053235482E-01,  4.2299999999999999E-01,  6.6418797989298284E-07,  1.7073629407771129E-04
3,5,2,1,0,1,legacy-reference-bound,512,512,2979, -1.2373085274921110E+00, -5.9889540803730379E-01,  6.3841311945481038E-01,  3.2196467714129540E-15,  4.4340616248139675E-15,  0.0000000000000000E+00,  2.9874999999998764E-02,3,3609,10,3609,3619,0,1, -8.1641113071013276E+00,  1.9726845613766562E-02,  4.1818638896054761E-01,  4.2299999999999999E-01,  4.1503499637052244E-07,  9.7598577569080192E-05
3,5,2,1,0,1,legacy-reference-bound,1024,1024,5511, -1.2384440776787533E+00, -6.0003067071551830E-01,  6.3841340696323812E-01,  3.1086244689504383E-15,  2.4237881666999694E-15,  0.0000000000000000E+00,  7.2359000000000506E-02,3,6515,20,6515,6535,0,1, -8.1640756923754765E+00,  1.9726734293023126E-02,  4.1818641873119478E-01,  4.2299999999999999E-01,  2.9122062761288703E-07,  6.4980184286689280E-05
3,5,2,1,0,1,legacy-reference-bound,2048,2048,10349, -1.2390199512754303E+00, -6.0060636850866356E-01,  6.3841358276677340E-01,  6.6613381477509392E-15,  2.3870066079983987E-15,  0.0000000000000000E+00,  1.2572100000000042E-01,3,12357,40,12357,12397,0,1, -8.1640556091069172E+00,  1.9726693360136428E-02,  4.1818643551894519E-01,  4.2299999999999999E-01,  1.7626367615486416E-07,  3.7886977320766846E-05
3,5,2,1,0,1,legacy-reference-bound,4096,4096,19857, -1.2393675828239350E+00, -6.0095386473086798E-01,  6.3841371809306935E-01,  2.3314683517128287E-15,  2.8164319834655949E-15,  0.0000000000000000E+00,  2.0266600000000068E-01,3,23886,73,23886,23959,0,1, -8.1640415852786941E+00,  1.9726690529214521E-02,  4.1818644724155596E-01,  4.2299999999999999E-01,  1.3532629239421112E-07,  2.7525234539638177E-05
3,5,3,1,0,1,legacy-reference-bound,1,1,1, -1.1875000000000000E+00, -1.1875000000000000E+00,  0.0000000000000000E+00,  0.0000000000000000E+00,  0.0000000000000000E+00, -1.1875000000000000E+00,  2.2999999998774001E-05,1,2,0,2,2,0,0,  2.0000000000000000E-02,  2.0000000000000000E-02,  4.2299999999999999E-01,  4.2299999999999999E-01, -1.0000000000000000E+00, -1.0000000000000000E+00
3,5,3,1,0,1,legacy-reference-bound,2,2,2, -1.1875000000000000E+00, -1.1875000000000000E+00,  0.0000000000000000E+00,  0.0000000000000000E+00,  0.0000000000000000E+00, -5.9375000000000000E-01,  2.8000000000361069E-05,1,4,0,4,4,0,0,  2.0000000000000000E-02,  2.0000000000000000E-02,  4.2299999999999999E-01,  4.2299999999999999E-01,  0.0000000000000000E+00,  0.0000000000000000E+00
3,5,3,1,0,1,legacy-reference-bound,4,4,4, -1.1875000000000000E+00, -1.1875000000000000E+00,  0.0000000000000000E+00,  0.0000000000000000E+00,  0.0000000000000000E+00, -2.9687500000000000E-01,  4.9999999999883471E-05,1,8,0,8,8,0,0,  2.0000000000000000E-02,  2.0000000000000000E-02,  4.2299999999999999E-01,  4.2299999999999999E-01,  0.0000000000000000E+00,  0.0000000000000000E+00
3,5,3,1,0,1,legacy-reference-bound,8,8,8, -1.1875000000000000E+00, -1.1875000000000000E+00,  0.0000000000000000E+00,  0.0000000000000000E+00,  0.0000000000000000E+00, -1.4843750000000000E-01,  9.7000000000235787E-05,1,16,0,16,16,0,0,  2.0000000000000000E-02,  2.0000000000000000E-02,  4.2299999999999999E-01,  4.2299999999999999E-01,  0.0000000000000000E+00,  0.0000000000000000E+00
3,5,3,1,0,1,legacy-reference-bound,16,16,16, -1.1875000000000000E+00, -1.1875000000000000E+00,  0.0000000000000000E+00,  0.0000000000000000E+00,  0.0000000000000000E+00, -7.4218750000000000E-02,  2.0699999999962415E-04,1,32,0,32,32,0,0,  2.0000000000000000E-02,  2.0000000000000000E-02,  4.2299999999999999E-01,  4.2299999999999999E-01,  0.0000000000000000E+00,  0.0000000000000000E+00
3,5,3,1,0,1,legacy-reference-bound,32,32,32, -1.1875000000000000E+00, -1.1875000000000000E+00,  0.0000000000000000E+00,  0.0000000000000000E+00,  0.0000000000000000E+00, -3.7109375000000000E-02,  3.8099999999907652E-04,1,64,0,64,64,0,0,  2.0000000000000000E-02,  2.0000000000000000E-02,  4.2299999999999999E-01,  4.2299999999999999E-01,  0.0000000000000000E+00,  0.0000000000000000E+00
3,5,3,1,0,1,legacy-reference-bound,64,64,64, -1.1875000000000000E+00, -1.1875000000000000E+00,  0.0000000000000000E+00,  0.0000000000000000E+00,  0.0000000000000000E+00, -1.8554687500000000E-02,  7.8800000000001091E-04,1,128,0,128,128,0,0,  2.0000000000000000E-02,  2.0000000000000000E-02,  4.2299999999999999E-01,  4.2299999999999999E-01,  0.0000000000000000E+00,  0.0000000000000000E+00
3,5,3,1,0,1,legacy-reference-bound,128,128,128, -1.1875000000000000E+00, -1.1875000000000000E+00,  0.0000000000000000E+00,  0.0000000000000000E+00,  0.0000000000000000E+00, -9.2773437500000000E-03,  1.6700000000007265E-03,1,256,0,256,256,0,0,  2.0000000000000000E-02,  2.0000000000000000E-02,  4.2299999999999999E-01,  4.2299999999999999E-01,  0.0000000000000000E+00,  0.0000000000000000E+00
3,5,3,1,0,1,legacy-reference-bound,256,256,256, -1.1875000000000000E+00, -1.1875000000000000E+00,  0.0000000000000000E+00,  0.0000000000000000E+00,  0.0000000000000000E+00, -4.6386718750000000E-03,  3.1589999999983576E-03,1,512,0,512,512,0,0,  2.0000000000000000E-02,  2.0000000000000000E-02,  4.2299999999999999E-01,  4.2299999999999999E-01,  0.0000000000000000E+00,  0.0000000000000000E+00
3,5,3,1,0,1,legacy-reference-bound,512,512,512, -1.1875000000000000E+00, -1.1875000000000000E+00,  0.0000000000000000E+00,  0.0000000000000000E+00,  0.0000000000000000E+00, -2.3193359375000000E-03,  6.1900000000001398E-03,1,1024,0,1024,1024,0,0,  2.0000000000000000E-02,  2.0000000000000000E-02,  4.2299999999999999E-01,  4.2299999999999999E-01,  0.0000000000000000E+00,  0.0000000000000000E+00
3,5,3,1,0,1,legacy-reference-bound,1024,1024,1024, -1.1875000000000000E+00, -1.1875000000000000E+00,  0.0000000000000000E+00,  0.0000000000000000E+00,  0.0000000000000000E+00, -1.1596679687500000E-03,  1.2686999999999671E-02,1,2048,0,2048,2048,0,0,  2.0000000000000000E-02,  2.0000000000000000E-02,  4.2299999999999999E-01,  4.2299999999999999E-01,  0.0000000000000000E+00,  0.0000000000000000E+00
3,5,3,1,0,1,legacy-reference-bound,2048,2048,2048, -1.1875000000000000E+00, -1.1875000000000000E+00,  0.0000000000000000E+00,  0.0000000000000000E+00,  0.0000000000000000E+00, -5.7983398437500000E-04,  2.5717000000000212E-02,1,4096,0,4096,4096,0,0,  2.0000000000000000E-02,  2.0000000000000000E-02,  4.2299999999999999E-01,  4.2299999999999999E-01,  0.0000000000000000E+00,  0.0000000000000000E+00
3,5,3,1,0,1,legacy-reference-bound,4096,4096,4096, -1.1875000000000000E+00, -1.1875000000000000E+00,  0.0000000000000000E+00,  0.0000000000000000E+00,  0.0000000000000000E+00, -2.8991699218750000E-04,  5.0549000000000177E-02,1,8192,0,8192,8192,0,0,  2.0000000000000000E-02,  2.0000000000000000E-02,  4.2299999999999999E-01,  4.2299999999999999E-01,  0.0000000000000000E+00,  0.0000000000000000E+00
3,5,3,1,0,1,legacy-reference-bound,1,1,1, -1.2075000000000000E+00, -1.1875000000000000E+00,  2.0000000000003126E-02,  3.1086244689504383E-15,  0.0000000000000000E+00, -1.2075000000000000E+00,  2.1000000000270802E-05,2,2,0,2,2,0,0,  2.0000000000000000E-02,  2.0000000000000000E-02,  4.2299999999999999E-01,  4.2299999999999999E-01, -1.0000000000000000E+00, -1.0000000000000000E+00
3,5,3,1,0,1,legacy-reference-bound,2,2,2, -1.2075000000000000E+00, -1.1875000000000000E+00,  2.0000000000003126E-02,  3.1086244689504383E-15,  0.0000000000000000E+00, -6.1375000000000002E-01,  2.8000000000361069E-05,2,4,0,4,4,0,0,  2.0000000000000000E-02,  2.0000000000000000E-02,  4.2299999999999999E-01,  4.2299999999999999E-01,  0.0000000000000000E+00,  0.0000000000000000E+00
3,5,3,1,0,1,legacy-reference-bound,4,4,4, -1.2075000000000000E+00, -1.1875000000000000E+00,  2.0000000000003126E-02,  3.1086244689504383E-15,  0.0000000000000000E+00, -3.1687500000000002E-01,  5.1000000000911427E-05,2,8,0,8,8,0,0,  2.0000000000000000E-02,  2.0000000000000000E-02,  4.2299999999999999E-01,  4.2299999999999999E-01,  0.0000000000000000E+00,  0.0000000000000000E+00
3,5,3,1,0,1,legacy-reference-bound,8,8,8, -1.2075000000000000E+00, -1.1875000000000000E+00,  2.0000000000003126E-02,  3.1086244689504383E-15,  0.0000000000000000E+00, -1.6843749999999999E-01,  1.1499999999919908E-04,2,16,0,16,16,0,0,  2.0000000000000000E-02,  2.0000000000000000E-02,  4.2299999999999999E-01,  4.2299999999999999E-01,  0.0000000000000000E+00,  0.0000000000000000E+00
3,5,3,1,0,1,legacy-reference-bound,16,16,16, -1.2075000000000000E+00, -1.1875000000000000E+00,  2.0000000000003126E-02,  3.1086244689504383E-15,  0.0000000000000000E+00, -9.4218750000000004E-02,  1.9399999999869522E-04,2,32,0,32,32,0,0,  2.0000000000000000E-02,  2.0000000000000000E-02,  4.2299999999999999E-01,  4.2299999999999999E-01,  0.0000000000000000E+00,  0.0000000000000000E+00
3,5,3,1,0,1,legacy-reference-bound,32,32,32, -1.2075000000000000E+00, -1.1875000000000000E+00,  2.0000000000003126E-02,  3.1086244689504383E-15,  0.0000000000000000E+00, -5.7109375000000004E-02,  4.0699999999915804E-04,2,64,0,64,64,0,0,  2.0000000000000000E-02,  2.0000000000000000E-02,  4.2299999999999999E-01,  4.2299999999999999E-01,  0.0000000000000000E+00,  0.0000000000000000E+00
3,5,3,1,0,1,legacy-reference-bound,64,64,64, -1.2075000000000000E+00, -1.1875000000000000E+00,  2.0000000000003126E-02,  3.1086244689504383E-15,  0.0000000000000000E+00, -3.8554687500000004E-02,  1.0379999999994283E-03,2,128,0,128,128,0,0,  2.0000000000000000E-02,  2.0000000000000000E-02,  4.2299999999999999E-01,  4.2299999999999999E-01,  0.0000000000000000E+00,  0.0000000000000000E+00
3,5,3,1,0,1,legacy-reference-bound,128,128,128, -1.2075000000000000E+00, -1.1875000000000000E+00,  2.0000000000003126E-02,  3.1086244689504383E-15,  0.0000000000000000E+00, -2.9277343750000000E-02,  1.5459999999993812E-03,2,256,0,256,256,0,0,  2.0000000000000000E-02,  2.0000000000000000E-02,  4.2299999999999999E-01,  4.2299999999999999E-01,  0.0000000000000000E+00,  0.0000000000000000E+00
3,5,3,1,0,1,legacy-reference-bound,256,256,256, -1.2075000000000000E+00, -1.1875000000000000E+00,  2.0000000000003126E-02,  3.1086244689504383E-15,  0.0000000000000000E+00, -2.4638671875000000E-02,  6.1170000000014824E-03,2,512,0,512,512,0,0,  2.0000000000000000E-02,  2.0000000000000000E-02,  4.2299999999999999E-01,  4.2299999999999999E-01,  0.0000000000000000E+00,  0.0000000000000000E+00
3,5,3,1,0,1,legacy-reference-bound,512,512,512, -1.2075000000000000E+00, -1.1875000000000000E+00,  2.0000000000003126E-02,  3.1086244689504383E-15,  0.0000000000000000E+00, -2.2319335937500000E-02,  1.1040000000001271E-02,2,1024,0,1024,1024,0,0,  2.0000000000000000E-02,  2.0000000000000000E-02,  4.2299999999999999E-01,  4.2299999999999999E-01,  0.0000000000000000E+00,  0.0000000000000000E+00
3,5,3,1,0,1,legacy-reference-bound,1024,1024,1024, -1.2075000000000000E+00, -1.1875000000000000E+00,  2.0000000000003126E-02,  3.1086244689504383E-15,  0.0000000000000000E+00, -2.1159667968750000E-02,  1.4565000000001049E-02,2,2048,0,2048,2048,0,0,  2.0000000000000000E-02,  2.0000000000000000E-02,  4.2299999999999999E-01,  4.2299999999999999E-01,  0.0000000000000000E+00,  0.0000000000000000E+00
3,5,3,1,0,1,legacy-reference-bound,2048,2048,2048, -1.2075000000000000E+00, -1.1875000000000000E+00,  2.0000000000003126E-02,  3.1086244689504383E-15,  0.0000000000000000E+00, -2.0579833984375000E-02,  2.5069000000000230E-02,2,4096,0,4096,4096,0,0,  2.0000000000000000E-02,  2.0000000000000000E-02,  4.2299999999999999E-01,  4.2299999999999999E-01,  0.0000000000000000E+00,  0.0000000000000000E+00
3,5,3,1,0,1,legacy-reference-bound,4096,4096,4096, -1.2075000000000000E+00, -1.1875000000000000E+00,  2.0000000000003126E-02,  3.1086244689504383E-15,  0.0000000000000000E+00, -2.0289916992187500E-02,  5.4182999999998316E-02,2,8192,0,8192,8192,0,0,  2.0000000000000000E-02,  2.0000000000000000E-02,  4.2299999999999999E-01,  4.2299999999999999E-01,  0.0000000000000000E+00,  0.0000000000000000E+00
3,5,3,1,0,1,legacy-reference-bound,1,1,1, -1.2075000000000000E+00, -1.1875000000000000E+00,  2.0000000000003126E-02,  3.1086244689504383E-15,  0.0000000000000000E+00, -1.2075000000000000E+00,  2.4000000001578314E-05,3,2,0,2,2,0,0,  2.0000000000000000E-02,  2.0000000000000000E-02,  4.2299999999999999E-01,  4.2299999999999999E-01, -1.0000000000000000E+00, -1.0000000000000000E+00
3,5,3,1,0,1,legacy-reference-bound,2,2,2, -1.2075000000000000E+00, -1.1875000000000000E+00,  2.0000000000003126E-02,  3.1086244689504383E-15,  0.0000000000000000E+00, -6.1375000000000002E-01,  2.6999999999333113E-05,3,4,0,4,4,0,0,  2.0000000000000000E-02,  2.0000000000000000E-02,  4.2299999999999999E-01,  4.2299999999999999E-01,  0.0000000000000000E+00,  0.0000000000000000E+00
3,5,3,1,0,1,legacy-reference-bound,4,4,4, -1.2075000000000000E+00, -1.1875000000000000E+00,  2.0000000000003126E-02,  3.1086244689504383E-15,  0.0000000000000000E+00, -3.1687500000000002E-01,  5.0999999999135071E-05,3,8,0,8,8,0,0,  2.0000000000000000E-02,  2.0000000000000000E-02,  4.2299999999999999E-01,  4.2299999999999999E-01,  0.0000000000000000E+00,  0.0000000000000000E+00
3,5,3,1,0,1,legacy-reference-bound,8,8,8, -1.2075000000000000E+00, -1.1875000000000000E+00,  2.0000000000003126E-02,  3.1086244689504383E-15,  0.0000000000000000E+00, -1.6843749999999999E-01,  9.7000000000235787E-05,3,16,0,16,16,0,0,  2.0000000000000000E-02,  2.0000000000000000E-02,  4.2299999999999999E-01,  4.2299999999999999E-01,  0.0000000000000000E+00,  0.0000000000000000E+00
3,5,3,1,0,1,legacy-reference-bound,16,16,16, -1.2075000000000000E+00, -1.1875000000000000E+00,  2.0000000000003126E-02,  3.1086244689504383E-15,  0.0000000000000000E+00, -9.4218750000000004E-02,  1.9200000000019202E-04,3,32,0,32,32,0,0,  2.0000000000000000E-02,  2.0000000000000000E-02,  4.2299999999999999E-01,  4.2299999999999999E-01,  0.0000000000000000E+00,  0.0000000000000000E+00
3,5,3,1,0,1,legacy-reference-bound,32,32,32, -1.2075000000000000E+00, -1.1875000000000000E+00,  2.0000000000003126E-02,  3.1086244689504383E-15,  0.0000000000000000E+00, -5.7109375000000004E-02,  3.8200000000010448E-04,3,64,0,64,64,0,0,  2.0000000000000000E-02,  2.0000000000000000E-02,  4.2299999999999999E-01,  4.2299999999999999E-01,  0.0000000000000000E+00,  0.0000000000000000E+00
3,5,3,1,0,1,legacy-reference-bound,64,64,64, -1.2075000000000000E+00, -1.1875000000000000E+00,  2.0000000000003126E-02,  3.1086244689504383E-15,  0.0000000000000000E+00, -3.8554687500000004E-02,  7.8000000000066905E-04,3,128,0,128,128,0,0,  2.0000000000000000E-02,  2.0000000000000000E-02,  4.2299999999999999E-01,  4.2299999999999999E-01,  0.0000000000000000E+00,  0.0000000000000000E+00
3,5,3,1,0,1,legacy-reference-bound,128,128,128, -1.2075000000000000E+00, -1.1875000000000000E+00,  2.0000000000003126E-02,  3.1086244689504383E-15,  0.0000000000000000E+00, -2.9277343750000000E-02,  1.5840000000011401E-03,3,256,0,256,256,0,0,  2.0000000000000000E-02,  2.0000000000000000E-02,  4.2299999999999999E-01,  4.2299999999999999E-01,  0.0000000000000000E+00,  0.0000000000000000E+00
3,5,3,1,0,1,legacy-reference-bound,256,256,344, -1.2021645499555533E+00, -1.1821645499555533E+00,  2.0000000000003126E-02,  3.1086244689504383E-15,  1.6132928326584306E-15,  0.0000000000000000E+00,  4.2039999999996525E-03,3,589,15,589,604,0,1,  1.9999999999999629E-02,  2.0000000000000653E-02,  4.2299999999999999E-01,  4.2299999999999999E-01,  0.0000000000000000E+00,  6.5225602696727947E-16
3,5,3,1,0,1,legacy-reference-bound,512,512,650, -1.2033797985339163E+00, -1.1833797985339163E+00,  2.0000000000003126E-02,  3.1086244689504383E-15,  1.6865848995184507E-15,  0.0000000000000000E+00,  7.8200000000006042E-03,3,1142,25,1142,1167,0,1,  1.9999999999999522E-02,  2.0000000000000538E-02,  4.2299999999999999E-01,  4.2299999999999999E-01,  0.0000000000000000E+00,  7.2511441295830537E-16
3,5,3,1,0,1,legacy-reference-bound,1024,1024,1266, -1.2040528420392935E+00, -1.1840528420392935E+00,  2.0000000000003126E-02,  3.1086244689504383E-15,  1.6121002102686965E-15,  0.0000000000000000E+00,  2.0856999999999459E-02,3,2361,43,2361,2404,0,1,  1.9999999999998918E-02,  2.0000000000000288E-02,  4.2299999999999999E-01,  4.2299999999999999E-01,  0.0000000000000000E+00,  1.0859368959614812E-15
3,5,3,1,0,1,legacy-reference-bound,2048,2048,2445, -1.2043449228260563E+00, -1.1843449228260563E+00,  2.0000000000003126E-02,  3.1086244689504383E-15,  2.0219828415768415E-15,  0.0000000000000000E+00,  4.8498000000000374E-02,3,4430,69,4430,4499,0,1,  1.9999999999999733E-02,  2.0000000000000569E-02,  4.2299999999999999E-01,  4.2299999999999999E-01,  0.0000000000000000E+00,  1.0755285551056204E-15
3,5,3,1,0,1,legacy-reference-bound,4096,4096,4789, -1.2044781153711788E+00, -1.1844781153711788E+00,  2.0000000000003126E-02,  3.1086244689504383E-15,  1.6618921950400933E-15,  0.0000000000000000E+00,  6.6711999999998994E-02,3,8763,128,8763,8891,0,1,  1.9999999999999334E-02,  2.0000000000000278E-02,  4.2299999999999999E-01,  4.2299999999999999E-01,  0.0000000000000000E+00,  9.6450625264310474E-16
